Floorplan,Device,Training Data,Training Epsilon,Attack,Inference Epsilon,Mean Error,Median Error,Min Error,Max Error
engr1,BLU,ORIGINAL,0.0,ORIGINAL,0.1,2.5,2.0,0,8
engr1,HTC,ORIGINAL,0.0,ORIGINAL,0.1,3.1458333333333335,2.0,0,12
engr1,LG,ORIGINAL,0.0,ORIGINAL,0.1,2.5208333333333335,2.0,0,8
engr1,MOTO,ORIGINAL,0.0,ORIGINAL,0.1,2.5833333333333335,2.0,0,22
engr1,OP3,ORIGINAL,0.0,ORIGINAL,0.1,0.0,0.0,0,0
engr1,S7,ORIGINAL,0.0,ORIGINAL,0.1,2.2083333333333335,1.0,0,28
engr1,BLU,SAE,0.0,ORIGINAL,0.1,2.5,2.0,0,8
engr1,HTC,SAE,0.0,ORIGINAL,0.1,3.1458333333333335,2.0,0,12
engr1,LG,SAE,0.0,ORIGINAL,0.1,2.5208333333333335,2.0,0,8
engr1,MOTO,SAE,0.0,ORIGINAL,0.1,2.5833333333333335,2.0,0,22
engr1,OP3,SAE,0.0,ORIGINAL,0.1,0.0,0.0,0,0
engr1,S7,SAE,0.0,ORIGINAL,0.1,2.2083333333333335,1.0,0,28
engr1,BLU,STACKED_SAE,0.0,ORIGINAL,0.1,2.5,2.0,0,8
engr1,HTC,STACKED_SAE,0.0,ORIGINAL,0.1,3.1458333333333335,2.0,0,12
engr1,LG,STACKED_SAE,0.0,ORIGINAL,0.1,2.5208333333333335,2.0,0,8
engr1,MOTO,STACKED_SAE,0.0,ORIGINAL,0.1,2.5833333333333335,2.0,0,22
engr1,OP3,STACKED_SAE,0.0,ORIGINAL,0.1,0.0,0.0,0,0
engr1,S7,STACKED_SAE,0.0,ORIGINAL,0.1,2.2083333333333335,1.0,0,28
engr1,BLU,GAN,0.0,ORIGINAL,0.1,2.5,2.0,0,8
engr1,HTC,GAN,0.0,ORIGINAL,0.1,3.1458333333333335,2.0,0,12
engr1,LG,GAN,0.0,ORIGINAL,0.1,2.5208333333333335,2.0,0,8
engr1,MOTO,GAN,0.0,ORIGINAL,0.1,2.5833333333333335,2.0,0,22
engr1,OP3,GAN,0.0,ORIGINAL,0.1,0.0,0.0,0,0
engr1,S7,GAN,0.0,ORIGINAL,0.1,2.2083333333333335,1.0,0,28
engr1,BLU,FGSM,0.1,FGSM,0.1,2.6458333333333335,3.0,0,10
engr1,BLU,FGSM,0.1,FGSM,0.2,9.708333333333334,8.0,0,46
engr1,BLU,FGSM,0.1,FGSM,0.3,18.520833333333332,18.5,0,47
engr1,BLU,FGSM,0.1,FGSM,0.4,19.645833333333332,21.0,0,47
engr1,BLU,FGSM,0.1,FGSM,0.5,19.354166666666668,21.0,0,40
engr1,BLU,FGSM,0.1,FGSM,0.6,19.354166666666668,21.0,0,40
engr1,BLU,FGSM,0.1,FGSM,0.7,19.354166666666668,21.0,0,40
engr1,BLU,FGSM,0.1,FGSM,0.8,19.354166666666668,21.0,0,40
engr1,BLU,FGSM,0.1,FGSM,0.9,19.354166666666668,21.0,0,40
engr1,BLU,FGSM,0.1,FGSM,1.0,19.354166666666668,21.0,0,40
engr1,HTC,FGSM,0.1,FGSM,0.1,4.541666666666667,4.0,0,14
engr1,HTC,FGSM,0.1,FGSM,0.2,11.25,8.0,0,41
engr1,HTC,FGSM,0.1,FGSM,0.3,14.583333333333334,13.5,1,37
engr1,HTC,FGSM,0.1,FGSM,0.4,15.604166666666666,15.5,1,40
engr1,HTC,FGSM,0.1,FGSM,0.5,15.520833333333334,15.5,1,40
engr1,HTC,FGSM,0.1,FGSM,0.6,15.395833333333334,15.5,1,40
engr1,HTC,FGSM,0.1,FGSM,0.7,15.395833333333334,15.5,1,40
engr1,HTC,FGSM,0.1,FGSM,0.8,15.395833333333334,15.5,1,40
engr1,HTC,FGSM,0.1,FGSM,0.9,15.395833333333334,15.5,1,40
engr1,HTC,FGSM,0.1,FGSM,1.0,15.395833333333334,15.5,1,40
engr1,LG,FGSM,0.1,FGSM,0.1,4.375,3.0,0,17
engr1,LG,FGSM,0.1,FGSM,0.2,8.1875,6.0,0,32
engr1,LG,FGSM,0.1,FGSM,0.3,15.541666666666666,13.0,0,38
engr1,LG,FGSM,0.1,FGSM,0.4,15.916666666666666,13.5,0,38
engr1,LG,FGSM,0.1,FGSM,0.5,15.791666666666666,13.5,0,34
engr1,LG,FGSM,0.1,FGSM,0.6,15.791666666666666,13.5,0,34
engr1,LG,FGSM,0.1,FGSM,0.7,15.791666666666666,13.5,0,34
engr1,LG,FGSM,0.1,FGSM,0.8,15.791666666666666,13.5,0,34
engr1,LG,FGSM,0.1,FGSM,0.9,15.791666666666666,13.5,0,34
engr1,LG,FGSM,0.1,FGSM,1.0,15.791666666666666,13.5,0,34
engr1,MOTO,FGSM,0.1,FGSM,0.1,3.625,2.0,0,28
engr1,MOTO,FGSM,0.1,FGSM,0.2,11.916666666666666,6.5,0,44
engr1,MOTO,FGSM,0.1,FGSM,0.3,14.833333333333334,10.5,1,47
engr1,MOTO,FGSM,0.1,FGSM,0.4,15.416666666666666,11.0,1,47
engr1,MOTO,FGSM,0.1,FGSM,0.5,15.020833333333334,11.0,1,40
engr1,MOTO,FGSM,0.1,FGSM,0.6,14.979166666666666,11.0,1,40
engr1,MOTO,FGSM,0.1,FGSM,0.7,14.979166666666666,11.0,1,40
engr1,MOTO,FGSM,0.1,FGSM,0.8,14.979166666666666,11.0,1,40
engr1,MOTO,FGSM,0.1,FGSM,0.9,14.979166666666666,11.0,1,40
engr1,MOTO,FGSM,0.1,FGSM,1.0,14.979166666666666,11.0,1,40
engr1,OP3,FGSM,0.1,FGSM,0.1,1.125,0.0,0,9
engr1,OP3,FGSM,0.1,FGSM,0.2,12.604166666666666,9.0,0,45
engr1,OP3,FGSM,0.1,FGSM,0.3,14.666666666666666,11.5,0,43
engr1,OP3,FGSM,0.1,FGSM,0.4,15.041666666666666,11.5,0,43
engr1,OP3,FGSM,0.1,FGSM,0.5,14.770833333333334,11.5,0,39
engr1,OP3,FGSM,0.1,FGSM,0.6,14.770833333333334,11.5,0,39
engr1,OP3,FGSM,0.1,FGSM,0.7,14.770833333333334,11.5,0,39
engr1,OP3,FGSM,0.1,FGSM,0.8,14.770833333333334,11.5,0,39
engr1,OP3,FGSM,0.1,FGSM,0.9,14.770833333333334,11.5,0,39
engr1,OP3,FGSM,0.1,FGSM,1.0,14.770833333333334,11.5,0,39
engr1,S7,FGSM,0.1,FGSM,0.1,2.375,2.0,0,10
engr1,S7,FGSM,0.1,FGSM,0.2,18.145833333333332,13.5,0,46
engr1,S7,FGSM,0.1,FGSM,0.3,19.833333333333332,21.0,0,44
engr1,S7,FGSM,0.1,FGSM,0.4,20.020833333333332,20.5,0,44
engr1,S7,FGSM,0.1,FGSM,0.5,19.75,21.0,0,44
engr1,S7,FGSM,0.1,FGSM,0.6,19.875,21.0,0,39
engr1,S7,FGSM,0.1,FGSM,0.7,19.875,21.0,0,39
engr1,S7,FGSM,0.1,FGSM,0.8,19.875,21.0,0,39
engr1,S7,FGSM,0.1,FGSM,0.9,19.875,21.0,0,39
engr1,S7,FGSM,0.1,FGSM,1.0,19.875,21.0,0,39
engr1,BLU,FGSM,0.2,FGSM,0.1,3.8333333333333335,3.5,0,11
engr1,BLU,FGSM,0.2,FGSM,0.2,5.729166666666667,4.0,0,19
engr1,BLU,FGSM,0.2,FGSM,0.3,14.104166666666666,11.0,0,42
engr1,BLU,FGSM,0.2,FGSM,0.4,15.416666666666666,12.5,1,42
engr1,BLU,FGSM,0.2,FGSM,0.5,14.916666666666666,13.0,1,34
engr1,BLU,FGSM,0.2,FGSM,0.6,14.916666666666666,13.0,1,34
engr1,BLU,FGSM,0.2,FGSM,0.7,14.916666666666666,13.0,1,34
engr1,BLU,FGSM,0.2,FGSM,0.8,14.916666666666666,13.0,1,34
engr1,BLU,FGSM,0.2,FGSM,0.9,14.916666666666666,13.0,1,34
engr1,BLU,FGSM,0.2,FGSM,1.0,14.916666666666666,13.0,1,34
engr1,HTC,FGSM,0.2,FGSM,0.1,4.895833333333333,4.5,0,15
engr1,HTC,FGSM,0.2,FGSM,0.2,4.75,3.5,0,17
engr1,HTC,FGSM,0.2,FGSM,0.3,9.0,6.0,0,31
engr1,HTC,FGSM,0.2,FGSM,0.4,12.041666666666666,9.5,0,37
engr1,HTC,FGSM,0.2,FGSM,0.5,13.895833333333334,10.0,0,47
engr1,HTC,FGSM,0.2,FGSM,0.6,14.0625,10.0,0,47
engr1,HTC,FGSM,0.2,FGSM,0.7,14.0625,10.0,0,47
engr1,HTC,FGSM,0.2,FGSM,0.8,14.0625,10.0,0,47
engr1,HTC,FGSM,0.2,FGSM,0.9,14.0625,10.0,0,47
engr1,HTC,FGSM,0.2,FGSM,1.0,14.0625,10.0,0,47
engr1,LG,FGSM,0.2,FGSM,0.1,4.875,3.5,0,32
engr1,LG,FGSM,0.2,FGSM,0.2,4.958333333333333,3.0,0,32
engr1,LG,FGSM,0.2,FGSM,0.3,7.5,3.5,0,38
engr1,LG,FGSM,0.2,FGSM,0.4,11.729166666666666,7.5,0,44
engr1,LG,FGSM,0.2,FGSM,0.5,15.916666666666666,13.0,0,46
engr1,LG,FGSM,0.2,FGSM,0.6,15.833333333333334,13.0,0,46
engr1,LG,FGSM,0.2,FGSM,0.7,15.833333333333334,13.0,0,46
engr1,LG,FGSM,0.2,FGSM,0.8,15.833333333333334,13.0,0,46
engr1,LG,FGSM,0.2,FGSM,0.9,15.833333333333334,13.0,0,46
engr1,LG,FGSM,0.2,FGSM,1.0,15.833333333333334,13.0,0,46
engr1,MOTO,FGSM,0.2,FGSM,0.1,3.7708333333333335,3.0,0,23
engr1,MOTO,FGSM,0.2,FGSM,0.2,4.125,2.0,0,29
engr1,MOTO,FGSM,0.2,FGSM,0.3,11.729166666666666,8.0,1,47
engr1,MOTO,FGSM,0.2,FGSM,0.4,14.083333333333334,11.0,1,47
engr1,MOTO,FGSM,0.2,FGSM,0.5,16.3125,12.5,1,47
engr1,MOTO,FGSM,0.2,FGSM,0.6,15.708333333333334,12.5,1,47
engr1,MOTO,FGSM,0.2,FGSM,0.7,14.854166666666666,12.0,1,38
engr1,MOTO,FGSM,0.2,FGSM,0.8,14.854166666666666,12.0,1,38
engr1,MOTO,FGSM,0.2,FGSM,0.9,14.854166666666666,12.0,1,38
engr1,MOTO,FGSM,0.2,FGSM,1.0,14.854166666666666,12.0,1,38
engr1,OP3,FGSM,0.2,FGSM,0.1,3.3958333333333335,2.5,0,18
engr1,OP3,FGSM,0.2,FGSM,0.2,3.625,2.0,0,16
engr1,OP3,FGSM,0.2,FGSM,0.3,11.895833333333334,9.0,0,43
engr1,OP3,FGSM,0.2,FGSM,0.4,16.166666666666668,10.5,0,43
engr1,OP3,FGSM,0.2,FGSM,0.5,17.208333333333332,12.0,0,47
engr1,OP3,FGSM,0.2,FGSM,0.6,17.208333333333332,12.0,0,47
engr1,OP3,FGSM,0.2,FGSM,0.7,17.208333333333332,12.0,0,47
engr1,OP3,FGSM,0.2,FGSM,0.8,17.208333333333332,12.0,0,47
engr1,OP3,FGSM,0.2,FGSM,0.9,17.208333333333332,12.0,0,47
engr1,OP3,FGSM,0.2,FGSM,1.0,17.208333333333332,12.0,0,47
engr1,S7,FGSM,0.2,FGSM,0.1,3.8125,4.0,0,10
engr1,S7,FGSM,0.2,FGSM,0.2,3.0208333333333335,2.0,0,11
engr1,S7,FGSM,0.2,FGSM,0.3,12.604166666666666,7.5,0,44
engr1,S7,FGSM,0.2,FGSM,0.4,17.6875,13.5,0,45
engr1,S7,FGSM,0.2,FGSM,0.5,19.833333333333332,19.5,0,47
engr1,S7,FGSM,0.2,FGSM,0.6,18.958333333333332,19.5,0,47
engr1,S7,FGSM,0.2,FGSM,0.7,18.645833333333332,19.5,0,47
engr1,S7,FGSM,0.2,FGSM,0.8,18.645833333333332,19.5,0,47
engr1,S7,FGSM,0.2,FGSM,0.9,18.645833333333332,19.5,0,47
engr1,S7,FGSM,0.2,FGSM,1.0,18.645833333333332,19.5,0,47
engr1,BLU,FGSM,0.3,FGSM,0.1,4.645833333333333,4.0,0,13
engr1,BLU,FGSM,0.3,FGSM,0.2,8.583333333333334,6.5,0,31
engr1,BLU,FGSM,0.3,FGSM,0.3,10.708333333333334,6.0,0,34
engr1,BLU,FGSM,0.3,FGSM,0.4,14.125,11.0,0,35
engr1,BLU,FGSM,0.3,FGSM,0.5,14.583333333333334,12.0,0,34
engr1,BLU,FGSM,0.3,FGSM,0.6,14.6875,12.0,0,34
engr1,BLU,FGSM,0.3,FGSM,0.7,14.604166666666666,12.0,0,34
engr1,BLU,FGSM,0.3,FGSM,0.8,14.583333333333334,12.0,0,34
engr1,BLU,FGSM,0.3,FGSM,0.9,14.583333333333334,12.0,0,34
engr1,BLU,FGSM,0.3,FGSM,1.0,14.583333333333334,12.0,0,34
engr1,HTC,FGSM,0.3,FGSM,0.1,5.541666666666667,4.0,0,20
engr1,HTC,FGSM,0.3,FGSM,0.2,4.666666666666667,3.5,0,20
engr1,HTC,FGSM,0.3,FGSM,0.3,5.1875,3.5,0,20
engr1,HTC,FGSM,0.3,FGSM,0.4,10.0,6.0,0,39
engr1,HTC,FGSM,0.3,FGSM,0.5,15.416666666666666,8.0,0,44
engr1,HTC,FGSM,0.3,FGSM,0.6,16.583333333333332,9.5,0,44
engr1,HTC,FGSM,0.3,FGSM,0.7,16.583333333333332,9.5,0,44
engr1,HTC,FGSM,0.3,FGSM,0.8,16.583333333333332,9.5,0,44
engr1,HTC,FGSM,0.3,FGSM,0.9,16.583333333333332,9.5,0,44
engr1,HTC,FGSM,0.3,FGSM,1.0,16.583333333333332,9.5,0,44
engr1,LG,FGSM,0.3,FGSM,0.1,3.7708333333333335,3.0,0,13
engr1,LG,FGSM,0.3,FGSM,0.2,5.479166666666667,4.0,0,35
engr1,LG,FGSM,0.3,FGSM,0.3,4.8125,3.0,0,32
engr1,LG,FGSM,0.3,FGSM,0.4,6.583333333333333,3.5,0,39
engr1,LG,FGSM,0.3,FGSM,0.5,16.75,11.0,0,44
engr1,LG,FGSM,0.3,FGSM,0.6,18.958333333333332,18.5,0,44
engr1,LG,FGSM,0.3,FGSM,0.7,19.1875,20.5,0,44
engr1,LG,FGSM,0.3,FGSM,0.8,19.020833333333332,18.5,0,44
engr1,LG,FGSM,0.3,FGSM,0.9,19.020833333333332,18.5,0,44
engr1,LG,FGSM,0.3,FGSM,1.0,19.020833333333332,18.5,0,44
engr1,MOTO,FGSM,0.3,FGSM,0.1,5.416666666666667,3.0,0,24
engr1,MOTO,FGSM,0.3,FGSM,0.2,5.895833333333333,4.5,0,20
engr1,MOTO,FGSM,0.3,FGSM,0.3,5.25,3.0,0,47
engr1,MOTO,FGSM,0.3,FGSM,0.4,9.8125,5.0,0,47
engr1,MOTO,FGSM,0.3,FGSM,0.5,12.8125,8.0,0,47
engr1,MOTO,FGSM,0.3,FGSM,0.6,14.375,9.0,0,47
engr1,MOTO,FGSM,0.3,FGSM,0.7,14.333333333333334,10.5,0,47
engr1,MOTO,FGSM,0.3,FGSM,0.8,14.1875,10.0,0,47
engr1,MOTO,FGSM,0.3,FGSM,0.9,14.1875,10.0,0,47
engr1,MOTO,FGSM,0.3,FGSM,1.0,14.1875,10.0,0,47
engr1,OP3,FGSM,0.3,FGSM,0.1,5.3125,4.0,0,19
engr1,OP3,FGSM,0.3,FGSM,0.2,6.8125,5.5,0,26
engr1,OP3,FGSM,0.3,FGSM,0.3,4.104166666666667,2.0,0,16
engr1,OP3,FGSM,0.3,FGSM,0.4,12.083333333333334,9.0,0,46
engr1,OP3,FGSM,0.3,FGSM,0.5,18.125,12.5,0,46
engr1,OP3,FGSM,0.3,FGSM,0.6,18.1875,12.5,0,46
engr1,OP3,FGSM,0.3,FGSM,0.7,18.1875,12.5,0,46
engr1,OP3,FGSM,0.3,FGSM,0.8,18.25,12.5,0,46
engr1,OP3,FGSM,0.3,FGSM,0.9,18.25,12.5,0,46
engr1,OP3,FGSM,0.3,FGSM,1.0,18.25,12.5,0,46
engr1,S7,FGSM,0.3,FGSM,0.1,5.791666666666667,5.0,0,18
engr1,S7,FGSM,0.3,FGSM,0.2,5.375,4.0,0,20
engr1,S7,FGSM,0.3,FGSM,0.3,4.895833333333333,2.5,0,46
engr1,S7,FGSM,0.3,FGSM,0.4,11.875,6.5,0,46
engr1,S7,FGSM,0.3,FGSM,0.5,19.333333333333332,19.0,0,46
engr1,S7,FGSM,0.3,FGSM,0.6,20.333333333333332,21.5,0,46
engr1,S7,FGSM,0.3,FGSM,0.7,19.666666666666668,19.5,0,46
engr1,S7,FGSM,0.3,FGSM,0.8,19.8125,19.5,0,46
engr1,S7,FGSM,0.3,FGSM,0.9,19.8125,19.5,0,46
engr1,S7,FGSM,0.3,FGSM,1.0,19.8125,19.5,0,46
engr1,BLU,FGSM,0.4,FGSM,0.1,3.6041666666666665,3.0,0,12
engr1,BLU,FGSM,0.4,FGSM,0.2,12.625,9.0,0,38
engr1,BLU,FGSM,0.4,FGSM,0.3,14.5625,10.5,0,39
engr1,BLU,FGSM,0.4,FGSM,0.4,12.916666666666666,10.5,0,38
engr1,BLU,FGSM,0.4,FGSM,0.5,13.729166666666666,10.5,0,35
engr1,BLU,FGSM,0.4,FGSM,0.6,14.75,12.0,0,35
engr1,BLU,FGSM,0.4,FGSM,0.7,14.75,12.0,0,35
engr1,BLU,FGSM,0.4,FGSM,0.8,14.75,12.0,0,35
engr1,BLU,FGSM,0.4,FGSM,0.9,14.75,12.0,0,35
engr1,BLU,FGSM,0.4,FGSM,1.0,14.75,12.0,0,35
engr1,HTC,FGSM,0.4,FGSM,0.1,6.041666666666667,4.0,0,21
engr1,HTC,FGSM,0.4,FGSM,0.2,9.354166666666666,8.0,1,34
engr1,HTC,FGSM,0.4,FGSM,0.3,7.083333333333333,4.0,0,33
engr1,HTC,FGSM,0.4,FGSM,0.4,5.0625,3.0,0,30
engr1,HTC,FGSM,0.4,FGSM,0.5,12.208333333333334,6.5,0,42
engr1,HTC,FGSM,0.4,FGSM,0.6,17.791666666666668,12.0,0,46
engr1,HTC,FGSM,0.4,FGSM,0.7,18.75,13.5,0,46
engr1,HTC,FGSM,0.4,FGSM,0.8,18.75,13.5,0,46
engr1,HTC,FGSM,0.4,FGSM,0.9,18.75,13.5,0,46
engr1,HTC,FGSM,0.4,FGSM,1.0,18.75,13.5,0,46
engr1,LG,FGSM,0.4,FGSM,0.1,5.291666666666667,4.5,0,21
engr1,LG,FGSM,0.4,FGSM,0.2,7.3125,5.0,1,35
engr1,LG,FGSM,0.4,FGSM,0.3,6.6875,5.0,0,36
engr1,LG,FGSM,0.4,FGSM,0.4,5.291666666666667,3.0,0,30
engr1,LG,FGSM,0.4,FGSM,0.5,5.875,3.0,0,35
engr1,LG,FGSM,0.4,FGSM,0.6,16.041666666666668,11.5,0,42
engr1,LG,FGSM,0.4,FGSM,0.7,18.416666666666668,16.0,0,42
engr1,LG,FGSM,0.4,FGSM,0.8,19.291666666666668,23.0,0,42
engr1,LG,FGSM,0.4,FGSM,0.9,19.291666666666668,23.0,0,42
engr1,LG,FGSM,0.4,FGSM,1.0,19.291666666666668,23.0,0,42
engr1,MOTO,FGSM,0.4,FGSM,0.1,4.3125,3.0,0,18
engr1,MOTO,FGSM,0.4,FGSM,0.2,10.541666666666666,6.5,0,46
engr1,MOTO,FGSM,0.4,FGSM,0.3,7.8125,4.5,0,32
engr1,MOTO,FGSM,0.4,FGSM,0.4,6.1875,3.0,0,47
engr1,MOTO,FGSM,0.4,FGSM,0.5,9.645833333333334,6.0,0,47
engr1,MOTO,FGSM,0.4,FGSM,0.6,13.208333333333334,7.5,0,47
engr1,MOTO,FGSM,0.4,FGSM,0.7,12.895833333333334,7.5,0,47
engr1,MOTO,FGSM,0.4,FGSM,0.8,14.166666666666666,8.0,0,47
engr1,MOTO,FGSM,0.4,FGSM,0.9,14.958333333333334,8.0,0,47
engr1,MOTO,FGSM,0.4,FGSM,1.0,14.958333333333334,8.0,0,47
engr1,OP3,FGSM,0.4,FGSM,0.1,4.958333333333333,4.0,0,18
engr1,OP3,FGSM,0.4,FGSM,0.2,10.479166666666666,9.0,0,46
engr1,OP3,FGSM,0.4,FGSM,0.3,6.770833333333333,5.5,0,32
engr1,OP3,FGSM,0.4,FGSM,0.4,4.854166666666667,3.0,0,32
engr1,OP3,FGSM,0.4,FGSM,0.5,10.375,6.5,0,46
engr1,OP3,FGSM,0.4,FGSM,0.6,14.541666666666666,10.0,0,46
engr1,OP3,FGSM,0.4,FGSM,0.7,15.354166666666666,10.5,0,46
engr1,OP3,FGSM,0.4,FGSM,0.8,15.916666666666666,10.5,0,46
engr1,OP3,FGSM,0.4,FGSM,0.9,15.875,10.5,0,46
engr1,OP3,FGSM,0.4,FGSM,1.0,15.875,10.5,0,46
engr1,S7,FGSM,0.4,FGSM,0.1,4.395833333333333,3.0,0,20
engr1,S7,FGSM,0.4,FGSM,0.2,10.8125,8.0,0,45
engr1,S7,FGSM,0.4,FGSM,0.3,4.708333333333333,3.0,0,23
engr1,S7,FGSM,0.4,FGSM,0.4,5.75,2.5,0,46
engr1,S7,FGSM,0.4,FGSM,0.5,12.166666666666666,5.5,0,46
engr1,S7,FGSM,0.4,FGSM,0.6,19.479166666666668,14.5,0,46
engr1,S7,FGSM,0.4,FGSM,0.7,20.166666666666668,21.5,0,46
engr1,S7,FGSM,0.4,FGSM,0.8,20.333333333333332,21.5,0,46
engr1,S7,FGSM,0.4,FGSM,0.9,20.333333333333332,21.5,0,46
engr1,S7,FGSM,0.4,FGSM,1.0,20.333333333333332,21.5,0,46
engr1,BLU,FGSM,0.5,FGSM,0.1,3.8958333333333335,3.0,0,12
engr1,BLU,FGSM,0.5,FGSM,0.2,9.020833333333334,6.5,0,35
engr1,BLU,FGSM,0.5,FGSM,0.3,16.416666666666668,12.5,0,42
engr1,BLU,FGSM,0.5,FGSM,0.4,15.729166666666666,14.5,0,38
engr1,BLU,FGSM,0.5,FGSM,0.5,8.791666666666666,4.0,0,31
engr1,BLU,FGSM,0.5,FGSM,0.6,14.729166666666666,10.5,0,39
engr1,BLU,FGSM,0.5,FGSM,0.7,15.166666666666666,12.0,0,39
engr1,BLU,FGSM,0.5,FGSM,0.8,14.958333333333334,12.0,0,39
engr1,BLU,FGSM,0.5,FGSM,0.9,14.645833333333334,12.0,0,35
engr1,BLU,FGSM,0.5,FGSM,1.0,14.604166666666666,12.0,0,35
engr1,HTC,FGSM,0.5,FGSM,0.1,6.9375,4.0,0,27
engr1,HTC,FGSM,0.5,FGSM,0.2,11.5,10.0,0,46
engr1,HTC,FGSM,0.5,FGSM,0.3,14.166666666666666,11.0,0,46
engr1,HTC,FGSM,0.5,FGSM,0.4,8.020833333333334,3.5,0,40
engr1,HTC,FGSM,0.5,FGSM,0.5,6.583333333333333,3.5,0,40
engr1,HTC,FGSM,0.5,FGSM,0.6,11.6875,6.0,0,42
engr1,HTC,FGSM,0.5,FGSM,0.7,16.645833333333332,10.0,0,46
engr1,HTC,FGSM,0.5,FGSM,0.8,16.770833333333332,10.0,0,46
engr1,HTC,FGSM,0.5,FGSM,0.9,16.770833333333332,10.0,0,46
engr1,HTC,FGSM,0.5,FGSM,1.0,16.770833333333332,10.0,0,46
engr1,LG,FGSM,0.5,FGSM,0.1,4.708333333333333,4.0,0,21
engr1,LG,FGSM,0.5,FGSM,0.2,9.9375,8.5,0,42
engr1,LG,FGSM,0.5,FGSM,0.3,11.729166666666666,8.0,0,42
engr1,LG,FGSM,0.5,FGSM,0.4,8.0625,4.0,0,42
engr1,LG,FGSM,0.5,FGSM,0.5,6.479166666666667,3.5,0,37
engr1,LG,FGSM,0.5,FGSM,0.6,10.083333333333334,5.5,0,37
engr1,LG,FGSM,0.5,FGSM,0.7,15.625,10.0,1,42
engr1,LG,FGSM,0.5,FGSM,0.8,18.125,14.0,1,42
engr1,LG,FGSM,0.5,FGSM,0.9,18.708333333333332,15.0,1,42
engr1,LG,FGSM,0.5,FGSM,1.0,18.708333333333332,15.0,1,42
engr1,MOTO,FGSM,0.5,FGSM,0.1,3.875,3.0,0,25
engr1,MOTO,FGSM,0.5,FGSM,0.2,12.604166666666666,7.0,0,47
engr1,MOTO,FGSM,0.5,FGSM,0.3,14.375,9.5,0,47
engr1,MOTO,FGSM,0.5,FGSM,0.4,9.979166666666666,4.0,0,47
engr1,MOTO,FGSM,0.5,FGSM,0.5,4.5625,3.0,0,30
engr1,MOTO,FGSM,0.5,FGSM,0.6,10.354166666666666,5.5,0,47
engr1,MOTO,FGSM,0.5,FGSM,0.7,10.458333333333334,6.0,0,47
engr1,MOTO,FGSM,0.5,FGSM,0.8,12.604166666666666,6.5,0,47
engr1,MOTO,FGSM,0.5,FGSM,0.9,14.770833333333334,8.5,0,47
engr1,MOTO,FGSM,0.5,FGSM,1.0,14.145833333333334,7.5,0,47
engr1,OP3,FGSM,0.5,FGSM,0.1,5.041666666666667,4.0,0,22
engr1,OP3,FGSM,0.5,FGSM,0.2,11.854166666666666,8.0,0,46
engr1,OP3,FGSM,0.5,FGSM,0.3,13.479166666666666,9.0,0,46
engr1,OP3,FGSM,0.5,FGSM,0.4,8.583333333333334,6.0,0,46
engr1,OP3,FGSM,0.5,FGSM,0.5,4.833333333333333,3.0,0,32
engr1,OP3,FGSM,0.5,FGSM,0.6,9.6875,9.0,0,38
engr1,OP3,FGSM,0.5,FGSM,0.7,15.395833333333334,11.0,0,46
engr1,OP3,FGSM,0.5,FGSM,0.8,17.770833333333332,13.5,0,46
engr1,OP3,FGSM,0.5,FGSM,0.9,18.375,15.0,0,46
engr1,OP3,FGSM,0.5,FGSM,1.0,18.375,15.0,0,46
engr1,S7,FGSM,0.5,FGSM,0.1,5.354166666666667,4.0,0,20
engr1,S7,FGSM,0.5,FGSM,0.2,13.541666666666666,9.0,0,46
engr1,S7,FGSM,0.5,FGSM,0.3,17.541666666666668,13.5,0,46
engr1,S7,FGSM,0.5,FGSM,0.4,12.291666666666666,6.0,0,46
engr1,S7,FGSM,0.5,FGSM,0.5,6.645833333333333,2.0,0,46
engr1,S7,FGSM,0.5,FGSM,0.6,11.729166666666666,6.5,0,46
engr1,S7,FGSM,0.5,FGSM,0.7,17.041666666666668,10.5,0,46
engr1,S7,FGSM,0.5,FGSM,0.8,19.666666666666668,19.0,0,46
engr1,S7,FGSM,0.5,FGSM,0.9,20.875,21.5,0,46
engr1,S7,FGSM,0.5,FGSM,1.0,20.875,21.5,0,46
engr1,BLU,FGSM,0.6,FGSM,0.1,3.8125,3.0,0,12
engr1,BLU,FGSM,0.6,FGSM,0.2,10.104166666666666,7.5,0,39
engr1,BLU,FGSM,0.6,FGSM,0.3,18.291666666666668,17.5,0,42
engr1,BLU,FGSM,0.6,FGSM,0.4,18.458333333333332,17.5,0,42
engr1,BLU,FGSM,0.6,FGSM,0.5,14.666666666666666,11.5,0,41
engr1,BLU,FGSM,0.6,FGSM,0.6,11.479166666666666,7.0,0,34
engr1,BLU,FGSM,0.6,FGSM,0.7,12.666666666666666,8.0,0,35
engr1,BLU,FGSM,0.6,FGSM,0.8,15.104166666666666,12.0,0,39
engr1,BLU,FGSM,0.6,FGSM,0.9,15.020833333333334,12.0,0,39
engr1,BLU,FGSM,0.6,FGSM,1.0,14.625,12.0,0,35
engr1,HTC,FGSM,0.6,FGSM,0.1,6.708333333333333,4.0,0,21
engr1,HTC,FGSM,0.6,FGSM,0.2,12.458333333333334,10.5,0,46
engr1,HTC,FGSM,0.6,FGSM,0.3,13.729166666666666,11.0,0,46
engr1,HTC,FGSM,0.6,FGSM,0.4,15.916666666666666,11.0,0,46
engr1,HTC,FGSM,0.6,FGSM,0.5,12.395833333333334,6.5,0,46
engr1,HTC,FGSM,0.6,FGSM,0.6,8.8125,5.0,0,42
engr1,HTC,FGSM,0.6,FGSM,0.7,11.375,6.5,0,42
engr1,HTC,FGSM,0.6,FGSM,0.8,16.8125,10.5,0,46
engr1,HTC,FGSM,0.6,FGSM,0.9,18.0625,13.5,0,46
engr1,HTC,FGSM,0.6,FGSM,1.0,18.0625,13.5,0,46
engr1,LG,FGSM,0.6,FGSM,0.1,5.0625,4.5,0,21
engr1,LG,FGSM,0.6,FGSM,0.2,10.145833333333334,9.0,0,42
engr1,LG,FGSM,0.6,FGSM,0.3,13.8125,11.5,0,42
engr1,LG,FGSM,0.6,FGSM,0.4,15.729166666666666,11.0,1,42
engr1,LG,FGSM,0.6,FGSM,0.5,8.583333333333334,5.0,0,42
engr1,LG,FGSM,0.6,FGSM,0.6,6.0625,4.0,0,37
engr1,LG,FGSM,0.6,FGSM,0.7,8.604166666666666,4.5,0,37
engr1,LG,FGSM,0.6,FGSM,0.8,16.479166666666668,12.5,0,42
engr1,LG,FGSM,0.6,FGSM,0.9,19.291666666666668,20.0,1,42
engr1,LG,FGSM,0.6,FGSM,1.0,19.875,23.0,1,42
engr1,MOTO,FGSM,0.6,FGSM,0.1,3.7291666666666665,3.0,0,17
engr1,MOTO,FGSM,0.6,FGSM,0.2,11.770833333333334,6.5,0,47
engr1,MOTO,FGSM,0.6,FGSM,0.3,14.875,12.5,0,46
engr1,MOTO,FGSM,0.6,FGSM,0.4,16.083333333333332,13.0,0,46
engr1,MOTO,FGSM,0.6,FGSM,0.5,7.708333333333333,3.0,0,32
engr1,MOTO,FGSM,0.6,FGSM,0.6,4.604166666666667,3.0,0,30
engr1,MOTO,FGSM,0.6,FGSM,0.7,8.8125,4.5,0,47
engr1,MOTO,FGSM,0.6,FGSM,0.8,11.479166666666666,6.0,0,47
engr1,MOTO,FGSM,0.6,FGSM,0.9,12.708333333333334,7.5,0,47
engr1,MOTO,FGSM,0.6,FGSM,1.0,14.833333333333334,7.5,0,47
engr1,OP3,FGSM,0.6,FGSM,0.1,4.6875,4.0,0,18
engr1,OP3,FGSM,0.6,FGSM,0.2,13.375,9.5,1,46
engr1,OP3,FGSM,0.6,FGSM,0.3,15.458333333333334,9.5,0,41
engr1,OP3,FGSM,0.6,FGSM,0.4,13.6875,9.5,0,38
engr1,OP3,FGSM,0.6,FGSM,0.5,8.875,5.0,0,38
engr1,OP3,FGSM,0.6,FGSM,0.6,5.916666666666667,2.0,0,33
engr1,OP3,FGSM,0.6,FGSM,0.7,9.645833333333334,9.0,0,38
engr1,OP3,FGSM,0.6,FGSM,0.8,16.479166666666668,11.5,0,46
engr1,OP3,FGSM,0.6,FGSM,0.9,17.895833333333332,15.5,0,46
engr1,OP3,FGSM,0.6,FGSM,1.0,18.854166666666668,18.5,0,46
engr1,S7,FGSM,0.6,FGSM,0.1,5.625,4.0,0,20
engr1,S7,FGSM,0.6,FGSM,0.2,14.375,12.5,0,46
engr1,S7,FGSM,0.6,FGSM,0.3,21.458333333333332,21.5,0,46
engr1,S7,FGSM,0.6,FGSM,0.4,19.458333333333332,17.0,0,46
engr1,S7,FGSM,0.6,FGSM,0.5,10.875,5.0,0,46
engr1,S7,FGSM,0.6,FGSM,0.6,6.958333333333333,2.0,0,46
engr1,S7,FGSM,0.6,FGSM,0.7,11.416666666666666,6.0,0,46
engr1,S7,FGSM,0.6,FGSM,0.8,20.645833333333332,21.5,0,46
engr1,S7,FGSM,0.6,FGSM,0.9,21.229166666666668,23.5,0,46
engr1,S7,FGSM,0.6,FGSM,1.0,21.229166666666668,23.5,0,46
engr1,BLU,FGSM,0.7,FGSM,0.1,3.8125,3.0,0,12
engr1,BLU,FGSM,0.7,FGSM,0.2,10.104166666666666,7.5,0,39
engr1,BLU,FGSM,0.7,FGSM,0.3,18.291666666666668,17.5,0,42
engr1,BLU,FGSM,0.7,FGSM,0.4,18.458333333333332,17.5,0,42
engr1,BLU,FGSM,0.7,FGSM,0.5,17.458333333333332,17.5,0,35
engr1,BLU,FGSM,0.7,FGSM,0.6,14.354166666666666,10.5,0,41
engr1,BLU,FGSM,0.7,FGSM,0.7,11.479166666666666,7.0,0,34
engr1,BLU,FGSM,0.7,FGSM,0.8,12.895833333333334,8.0,0,36
engr1,BLU,FGSM,0.7,FGSM,0.9,15.104166666666666,12.0,0,39
engr1,BLU,FGSM,0.7,FGSM,1.0,15.020833333333334,12.0,0,39
engr1,HTC,FGSM,0.7,FGSM,0.1,6.708333333333333,4.0,0,21
engr1,HTC,FGSM,0.7,FGSM,0.2,12.458333333333334,10.5,0,46
engr1,HTC,FGSM,0.7,FGSM,0.3,13.666666666666666,11.0,0,46
engr1,HTC,FGSM,0.7,FGSM,0.4,16.229166666666668,11.0,0,46
engr1,HTC,FGSM,0.7,FGSM,0.5,15.958333333333334,11.0,0,46
engr1,HTC,FGSM,0.7,FGSM,0.6,11.125,6.0,0,42
engr1,HTC,FGSM,0.7,FGSM,0.7,8.8125,5.0,0,42
engr1,HTC,FGSM,0.7,FGSM,0.8,11.333333333333334,6.0,0,42
engr1,HTC,FGSM,0.7,FGSM,0.9,16.8125,10.5,0,46
engr1,HTC,FGSM,0.7,FGSM,1.0,18.0625,13.5,0,46
engr1,LG,FGSM,0.7,FGSM,0.1,5.0625,4.5,0,21
engr1,LG,FGSM,0.7,FGSM,0.2,10.145833333333334,9.0,0,42
engr1,LG,FGSM,0.7,FGSM,0.3,13.645833333333334,11.5,0,42
engr1,LG,FGSM,0.7,FGSM,0.4,17.083333333333332,13.5,1,42
engr1,LG,FGSM,0.7,FGSM,0.5,15.041666666666666,11.0,1,42
engr1,LG,FGSM,0.7,FGSM,0.6,9.041666666666666,4.5,0,42
engr1,LG,FGSM,0.7,FGSM,0.7,6.0625,4.0,0,37
engr1,LG,FGSM,0.7,FGSM,0.8,9.4375,5.0,0,37
engr1,LG,FGSM,0.7,FGSM,0.9,16.479166666666668,12.5,0,42
engr1,LG,FGSM,0.7,FGSM,1.0,19.291666666666668,20.0,1,42
engr1,MOTO,FGSM,0.7,FGSM,0.1,3.7291666666666665,3.0,0,17
engr1,MOTO,FGSM,0.7,FGSM,0.2,11.770833333333334,6.5,0,47
engr1,MOTO,FGSM,0.7,FGSM,0.3,14.875,12.5,0,46
engr1,MOTO,FGSM,0.7,FGSM,0.4,17.041666666666668,14.5,0,46
engr1,MOTO,FGSM,0.7,FGSM,0.5,15.041666666666666,10.5,0,46
engr1,MOTO,FGSM,0.7,FGSM,0.6,8.458333333333334,3.5,0,32
engr1,MOTO,FGSM,0.7,FGSM,0.7,4.604166666666667,3.0,0,30
engr1,MOTO,FGSM,0.7,FGSM,0.8,8.6875,4.0,0,47
engr1,MOTO,FGSM,0.7,FGSM,0.9,11.479166666666666,6.0,0,47
engr1,MOTO,FGSM,0.7,FGSM,1.0,12.708333333333334,7.5,0,47
engr1,OP3,FGSM,0.7,FGSM,0.1,4.6875,4.0,0,18
engr1,OP3,FGSM,0.7,FGSM,0.2,13.375,9.5,1,46
engr1,OP3,FGSM,0.7,FGSM,0.3,14.9375,9.5,0,41
engr1,OP3,FGSM,0.7,FGSM,0.4,15.270833333333334,9.0,0,43
engr1,OP3,FGSM,0.7,FGSM,0.5,15.0625,10.0,0,46
engr1,OP3,FGSM,0.7,FGSM,0.6,9.5625,5.5,0,38
engr1,OP3,FGSM,0.7,FGSM,0.7,5.916666666666667,2.0,0,33
engr1,OP3,FGSM,0.7,FGSM,0.8,9.791666666666666,9.0,0,38
engr1,OP3,FGSM,0.7,FGSM,0.9,16.479166666666668,11.5,0,46
engr1,OP3,FGSM,0.7,FGSM,1.0,17.895833333333332,15.5,0,46
engr1,S7,FGSM,0.7,FGSM,0.1,5.625,4.0,0,20
engr1,S7,FGSM,0.7,FGSM,0.2,14.375,12.5,0,46
engr1,S7,FGSM,0.7,FGSM,0.3,20.333333333333332,18.5,0,46
engr1,S7,FGSM,0.7,FGSM,0.4,21.375,24.5,0,46
engr1,S7,FGSM,0.7,FGSM,0.5,18.895833333333332,15.0,0,46
engr1,S7,FGSM,0.7,FGSM,0.6,10.125,4.0,0,46
engr1,S7,FGSM,0.7,FGSM,0.7,6.958333333333333,2.0,0,46
engr1,S7,FGSM,0.7,FGSM,0.8,11.395833333333334,6.0,0,46
engr1,S7,FGSM,0.7,FGSM,0.9,20.645833333333332,21.5,0,46
engr1,S7,FGSM,0.7,FGSM,1.0,21.229166666666668,23.5,0,46
engr1,BLU,FGSM,0.8,FGSM,0.1,3.8125,3.0,0,12
engr1,BLU,FGSM,0.8,FGSM,0.2,10.104166666666666,7.5,0,39
engr1,BLU,FGSM,0.8,FGSM,0.3,18.291666666666668,17.5,0,42
engr1,BLU,FGSM,0.8,FGSM,0.4,18.458333333333332,17.5,0,42
engr1,BLU,FGSM,0.8,FGSM,0.5,17.458333333333332,17.5,0,35
engr1,BLU,FGSM,0.8,FGSM,0.6,17.458333333333332,17.5,0,35
engr1,BLU,FGSM,0.8,FGSM,0.7,14.729166666666666,11.5,0,41
engr1,BLU,FGSM,0.8,FGSM,0.8,11.479166666666666,7.0,0,34
engr1,BLU,FGSM,0.8,FGSM,0.9,12.75,8.0,0,36
engr1,BLU,FGSM,0.8,FGSM,1.0,15.104166666666666,12.0,0,39
engr1,HTC,FGSM,0.8,FGSM,0.1,6.708333333333333,4.0,0,21
engr1,HTC,FGSM,0.8,FGSM,0.2,12.458333333333334,10.5,0,46
engr1,HTC,FGSM,0.8,FGSM,0.3,13.666666666666666,11.0,0,46
engr1,HTC,FGSM,0.8,FGSM,0.4,16.166666666666668,11.0,0,46
engr1,HTC,FGSM,0.8,FGSM,0.5,16.395833333333332,11.0,0,46
engr1,HTC,FGSM,0.8,FGSM,0.6,15.958333333333334,11.0,0,46
engr1,HTC,FGSM,0.8,FGSM,0.7,12.395833333333334,6.5,0,46
engr1,HTC,FGSM,0.8,FGSM,0.8,8.8125,5.0,0,42
engr1,HTC,FGSM,0.8,FGSM,0.9,11.333333333333334,6.0,0,42
engr1,HTC,FGSM,0.8,FGSM,1.0,16.8125,10.5,0,46
engr1,LG,FGSM,0.8,FGSM,0.1,5.0625,4.5,0,21
engr1,LG,FGSM,0.8,FGSM,0.2,10.145833333333334,9.0,0,42
engr1,LG,FGSM,0.8,FGSM,0.3,13.645833333333334,11.5,0,42
engr1,LG,FGSM,0.8,FGSM,0.4,16.145833333333332,12.5,0,42
engr1,LG,FGSM,0.8,FGSM,0.5,17.25,15.0,0,42
engr1,LG,FGSM,0.8,FGSM,0.6,15.041666666666666,11.0,1,42
engr1,LG,FGSM,0.8,FGSM,0.7,9.208333333333334,5.0,0,42
engr1,LG,FGSM,0.8,FGSM,0.8,6.0625,4.0,0,37
engr1,LG,FGSM,0.8,FGSM,0.9,8.4375,4.0,0,37
engr1,LG,FGSM,0.8,FGSM,1.0,16.479166666666668,12.5,0,42
engr1,MOTO,FGSM,0.8,FGSM,0.1,3.7291666666666665,3.0,0,17
engr1,MOTO,FGSM,0.8,FGSM,0.2,11.770833333333334,6.5,0,47
engr1,MOTO,FGSM,0.8,FGSM,0.3,14.875,12.5,0,46
engr1,MOTO,FGSM,0.8,FGSM,0.4,17.041666666666668,14.5,0,46
engr1,MOTO,FGSM,0.8,FGSM,0.5,16.5625,13.5,0,46
engr1,MOTO,FGSM,0.8,FGSM,0.6,15.041666666666666,10.5,0,46
engr1,MOTO,FGSM,0.8,FGSM,0.7,8.520833333333334,4.0,0,32
engr1,MOTO,FGSM,0.8,FGSM,0.8,4.604166666666667,3.0,0,30
engr1,MOTO,FGSM,0.8,FGSM,0.9,9.291666666666666,4.0,0,47
engr1,MOTO,FGSM,0.8,FGSM,1.0,11.479166666666666,6.0,0,47
engr1,OP3,FGSM,0.8,FGSM,0.1,4.6875,4.0,0,18
engr1,OP3,FGSM,0.8,FGSM,0.2,13.375,9.5,1,46
engr1,OP3,FGSM,0.8,FGSM,0.3,14.9375,9.5,0,41
engr1,OP3,FGSM,0.8,FGSM,0.4,15.3125,9.0,0,43
engr1,OP3,FGSM,0.8,FGSM,0.5,15.729166666666666,9.0,0,46
engr1,OP3,FGSM,0.8,FGSM,0.6,15.0625,10.0,0,46
engr1,OP3,FGSM,0.8,FGSM,0.7,8.916666666666666,5.0,0,38
engr1,OP3,FGSM,0.8,FGSM,0.8,5.916666666666667,2.0,0,33
engr1,OP3,FGSM,0.8,FGSM,0.9,10.041666666666666,9.0,0,38
engr1,OP3,FGSM,0.8,FGSM,1.0,16.479166666666668,11.5,0,46
engr1,S7,FGSM,0.8,FGSM,0.1,5.625,4.0,0,20
engr1,S7,FGSM,0.8,FGSM,0.2,14.375,12.5,0,46
engr1,S7,FGSM,0.8,FGSM,0.3,20.333333333333332,18.5,0,46
engr1,S7,FGSM,0.8,FGSM,0.4,21.729166666666668,24.5,0,46
engr1,S7,FGSM,0.8,FGSM,0.5,21.479166666666668,24.5,0,46
engr1,S7,FGSM,0.8,FGSM,0.6,18.895833333333332,15.0,0,46
engr1,S7,FGSM,0.8,FGSM,0.7,10.8125,4.5,0,46
engr1,S7,FGSM,0.8,FGSM,0.8,6.958333333333333,2.0,0,46
engr1,S7,FGSM,0.8,FGSM,0.9,11.75,7.0,0,46
engr1,S7,FGSM,0.8,FGSM,1.0,20.645833333333332,21.5,0,46
engr1,BLU,FGSM,0.9,FGSM,0.1,3.8125,3.0,0,12
engr1,BLU,FGSM,0.9,FGSM,0.2,10.104166666666666,7.5,0,39
engr1,BLU,FGSM,0.9,FGSM,0.3,18.291666666666668,17.5,0,42
engr1,BLU,FGSM,0.9,FGSM,0.4,18.458333333333332,17.5,0,42
engr1,BLU,FGSM,0.9,FGSM,0.5,17.458333333333332,17.5,0,35
engr1,BLU,FGSM,0.9,FGSM,0.6,17.458333333333332,17.5,0,35
engr1,BLU,FGSM,0.9,FGSM,0.7,17.458333333333332,17.5,0,35
engr1,BLU,FGSM,0.9,FGSM,0.8,14.354166666666666,10.5,0,41
engr1,BLU,FGSM,0.9,FGSM,0.9,11.479166666666666,7.0,0,34
engr1,BLU,FGSM,0.9,FGSM,1.0,13.25,8.5,0,36
engr1,HTC,FGSM,0.9,FGSM,0.1,6.708333333333333,4.0,0,21
engr1,HTC,FGSM,0.9,FGSM,0.2,12.458333333333334,10.5,0,46
engr1,HTC,FGSM,0.9,FGSM,0.3,13.666666666666666,11.0,0,46
engr1,HTC,FGSM,0.9,FGSM,0.4,16.166666666666668,11.0,0,46
engr1,HTC,FGSM,0.9,FGSM,0.5,16.333333333333332,11.0,0,46
engr1,HTC,FGSM,0.9,FGSM,0.6,16.395833333333332,11.0,0,46
engr1,HTC,FGSM,0.9,FGSM,0.7,15.958333333333334,11.0,0,46
engr1,HTC,FGSM,0.9,FGSM,0.8,11.375,6.0,0,42
engr1,HTC,FGSM,0.9,FGSM,0.9,8.8125,5.0,0,42
engr1,HTC,FGSM,0.9,FGSM,1.0,9.479166666666666,6.0,0,41
engr1,LG,FGSM,0.9,FGSM,0.1,5.0625,4.5,0,21
engr1,LG,FGSM,0.9,FGSM,0.2,10.145833333333334,9.0,0,42
engr1,LG,FGSM,0.9,FGSM,0.3,13.645833333333334,11.5,0,42
engr1,LG,FGSM,0.9,FGSM,0.4,16.145833333333332,12.5,0,42
engr1,LG,FGSM,0.9,FGSM,0.5,17.083333333333332,15.0,0,42
engr1,LG,FGSM,0.9,FGSM,0.6,17.25,15.0,0,42
engr1,LG,FGSM,0.9,FGSM,0.7,15.041666666666666,11.0,1,42
engr1,LG,FGSM,0.9,FGSM,0.8,9.041666666666666,4.5,0,42
engr1,LG,FGSM,0.9,FGSM,0.9,6.0625,4.0,0,37
engr1,LG,FGSM,0.9,FGSM,1.0,8.895833333333334,5.0,0,37
engr1,MOTO,FGSM,0.9,FGSM,0.1,3.7291666666666665,3.0,0,17
engr1,MOTO,FGSM,0.9,FGSM,0.2,11.770833333333334,6.5,0,47
engr1,MOTO,FGSM,0.9,FGSM,0.3,14.875,12.5,0,46
engr1,MOTO,FGSM,0.9,FGSM,0.4,16.916666666666668,14.5,0,46
engr1,MOTO,FGSM,0.9,FGSM,0.5,17.395833333333332,14.5,0,46
engr1,MOTO,FGSM,0.9,FGSM,0.6,16.5625,13.5,0,46
engr1,MOTO,FGSM,0.9,FGSM,0.7,15.041666666666666,10.5,0,46
engr1,MOTO,FGSM,0.9,FGSM,0.8,8.458333333333334,3.5,0,32
engr1,MOTO,FGSM,0.9,FGSM,0.9,4.604166666666667,3.0,0,30
engr1,MOTO,FGSM,0.9,FGSM,1.0,8.6875,4.0,0,47
engr1,OP3,FGSM,0.9,FGSM,0.1,4.6875,4.0,0,18
engr1,OP3,FGSM,0.9,FGSM,0.2,13.375,9.5,1,46
engr1,OP3,FGSM,0.9,FGSM,0.3,14.9375,9.5,0,41
engr1,OP3,FGSM,0.9,FGSM,0.4,15.3125,9.0,0,43
engr1,OP3,FGSM,0.9,FGSM,0.5,15.770833333333334,9.0,0,46
engr1,OP3,FGSM,0.9,FGSM,0.6,15.729166666666666,9.0,0,46
engr1,OP3,FGSM,0.9,FGSM,0.7,15.0625,10.0,0,46
engr1,OP3,FGSM,0.9,FGSM,0.8,9.5,5.0,0,38
engr1,OP3,FGSM,0.9,FGSM,0.9,5.916666666666667,2.0,0,33
engr1,OP3,FGSM,0.9,FGSM,1.0,9.75,9.0,0,38
engr1,S7,FGSM,0.9,FGSM,0.1,5.625,4.0,0,20
engr1,S7,FGSM,0.9,FGSM,0.2,14.375,12.5,0,46
engr1,S7,FGSM,0.9,FGSM,0.3,20.333333333333332,18.5,0,46
engr1,S7,FGSM,0.9,FGSM,0.4,21.729166666666668,24.5,0,46
engr1,S7,FGSM,0.9,FGSM,0.5,21.479166666666668,24.5,0,46
engr1,S7,FGSM,0.9,FGSM,0.6,21.125,24.5,0,46
engr1,S7,FGSM,0.9,FGSM,0.7,18.895833333333332,15.0,0,46
engr1,S7,FGSM,0.9,FGSM,0.8,10.375,4.5,0,46
engr1,S7,FGSM,0.9,FGSM,0.9,6.958333333333333,2.0,0,46
engr1,S7,FGSM,0.9,FGSM,1.0,11.395833333333334,6.0,0,46
engr1,BLU,FGSM,1.0,FGSM,0.1,3.8125,3.0,0,12
engr1,BLU,FGSM,1.0,FGSM,0.2,10.104166666666666,7.5,0,39
engr1,BLU,FGSM,1.0,FGSM,0.3,18.291666666666668,17.5,0,42
engr1,BLU,FGSM,1.0,FGSM,0.4,18.458333333333332,17.5,0,42
engr1,BLU,FGSM,1.0,FGSM,0.5,17.458333333333332,17.5,0,35
engr1,BLU,FGSM,1.0,FGSM,0.6,17.458333333333332,17.5,0,35
engr1,BLU,FGSM,1.0,FGSM,0.7,17.458333333333332,17.5,0,35
engr1,BLU,FGSM,1.0,FGSM,0.8,17.458333333333332,17.5,0,35
engr1,BLU,FGSM,1.0,FGSM,0.9,14.666666666666666,11.5,0,41
engr1,BLU,FGSM,1.0,FGSM,1.0,11.479166666666666,7.0,0,34
engr1,HTC,FGSM,1.0,FGSM,0.1,6.708333333333333,4.0,0,21
engr1,HTC,FGSM,1.0,FGSM,0.2,12.458333333333334,10.5,0,46
engr1,HTC,FGSM,1.0,FGSM,0.3,13.666666666666666,11.0,0,46
engr1,HTC,FGSM,1.0,FGSM,0.4,16.166666666666668,11.0,0,46
engr1,HTC,FGSM,1.0,FGSM,0.5,16.333333333333332,11.0,0,46
engr1,HTC,FGSM,1.0,FGSM,0.6,16.333333333333332,11.0,0,46
engr1,HTC,FGSM,1.0,FGSM,0.7,16.395833333333332,11.0,0,46
engr1,HTC,FGSM,1.0,FGSM,0.8,15.958333333333334,11.0,0,46
engr1,HTC,FGSM,1.0,FGSM,0.9,11.479166666666666,6.0,0,42
engr1,HTC,FGSM,1.0,FGSM,1.0,8.8125,5.0,0,42
engr1,LG,FGSM,1.0,FGSM,0.1,5.0625,4.5,0,21
engr1,LG,FGSM,1.0,FGSM,0.2,10.145833333333334,9.0,0,42
engr1,LG,FGSM,1.0,FGSM,0.3,13.645833333333334,11.5,0,42
engr1,LG,FGSM,1.0,FGSM,0.4,16.145833333333332,12.5,0,42
engr1,LG,FGSM,1.0,FGSM,0.5,17.083333333333332,15.0,0,42
engr1,LG,FGSM,1.0,FGSM,0.6,17.083333333333332,15.0,0,42
engr1,LG,FGSM,1.0,FGSM,0.7,17.25,15.0,0,42
engr1,LG,FGSM,1.0,FGSM,0.8,15.041666666666666,11.0,1,42
engr1,LG,FGSM,1.0,FGSM,0.9,9.208333333333334,5.0,0,42
engr1,LG,FGSM,1.0,FGSM,1.0,6.0625,4.0,0,37
engr1,MOTO,FGSM,1.0,FGSM,0.1,3.7291666666666665,3.0,0,17
engr1,MOTO,FGSM,1.0,FGSM,0.2,11.770833333333334,6.5,0,47
engr1,MOTO,FGSM,1.0,FGSM,0.3,14.875,12.5,0,46
engr1,MOTO,FGSM,1.0,FGSM,0.4,16.916666666666668,14.5,0,46
engr1,MOTO,FGSM,1.0,FGSM,0.5,17.395833333333332,14.5,0,46
engr1,MOTO,FGSM,1.0,FGSM,0.6,17.395833333333332,14.5,0,46
engr1,MOTO,FGSM,1.0,FGSM,0.7,16.5625,13.5,0,46
engr1,MOTO,FGSM,1.0,FGSM,0.8,15.041666666666666,10.5,0,46
engr1,MOTO,FGSM,1.0,FGSM,0.9,8.041666666666666,3.5,0,32
engr1,MOTO,FGSM,1.0,FGSM,1.0,4.604166666666667,3.0,0,30
engr1,OP3,FGSM,1.0,FGSM,0.1,4.6875,4.0,0,18
engr1,OP3,FGSM,1.0,FGSM,0.2,13.375,9.5,1,46
engr1,OP3,FGSM,1.0,FGSM,0.3,14.9375,9.5,0,41
engr1,OP3,FGSM,1.0,FGSM,0.4,15.3125,9.0,0,43
engr1,OP3,FGSM,1.0,FGSM,0.5,15.770833333333334,9.0,0,46
engr1,OP3,FGSM,1.0,FGSM,0.6,15.770833333333334,9.0,0,46
engr1,OP3,FGSM,1.0,FGSM,0.7,15.729166666666666,9.0,0,46
engr1,OP3,FGSM,1.0,FGSM,0.8,15.0625,10.0,0,46
engr1,OP3,FGSM,1.0,FGSM,0.9,8.833333333333334,5.0,0,38
engr1,OP3,FGSM,1.0,FGSM,1.0,5.916666666666667,2.0,0,33
engr1,S7,FGSM,1.0,FGSM,0.1,5.625,4.0,0,20
engr1,S7,FGSM,1.0,FGSM,0.2,14.375,12.5,0,46
engr1,S7,FGSM,1.0,FGSM,0.3,20.333333333333332,18.5,0,46
engr1,S7,FGSM,1.0,FGSM,0.4,21.729166666666668,24.5,0,46
engr1,S7,FGSM,1.0,FGSM,0.5,21.479166666666668,24.5,0,46
engr1,S7,FGSM,1.0,FGSM,0.6,21.479166666666668,24.5,0,46
engr1,S7,FGSM,1.0,FGSM,0.7,21.479166666666668,24.5,0,46
engr1,S7,FGSM,1.0,FGSM,0.8,18.895833333333332,15.0,0,46
engr1,S7,FGSM,1.0,FGSM,0.9,10.416666666666666,5.0,0,46
engr1,S7,FGSM,1.0,FGSM,1.0,6.958333333333333,2.0,0,46
engr1,BLU,PGD,0.1,FGSM,0.1,4.666666666666667,2.0,0,26
engr1,BLU,PGD,0.1,FGSM,0.2,14.020833333333334,10.0,1,47
engr1,BLU,PGD,0.1,FGSM,0.3,14.5,12.5,0,36
engr1,BLU,PGD,0.1,FGSM,0.4,15.041666666666666,12.5,0,42
engr1,BLU,PGD,0.1,FGSM,0.5,15.270833333333334,12.5,0,42
engr1,BLU,PGD,0.1,FGSM,0.6,15.270833333333334,12.5,0,42
engr1,BLU,PGD,0.1,FGSM,0.7,15.270833333333334,12.5,0,42
engr1,BLU,PGD,0.1,FGSM,0.8,15.270833333333334,12.5,0,42
engr1,BLU,PGD,0.1,FGSM,0.9,15.270833333333334,12.5,0,42
engr1,BLU,PGD,0.1,FGSM,1.0,15.270833333333334,12.5,0,42
engr1,HTC,PGD,0.1,FGSM,0.1,7.479166666666667,6.0,0,21
engr1,HTC,PGD,0.1,FGSM,0.2,15.6875,13.0,1,47
engr1,HTC,PGD,0.1,FGSM,0.3,17.375,16.0,0,41
engr1,HTC,PGD,0.1,FGSM,0.4,18.604166666666668,19.0,1,37
engr1,HTC,PGD,0.1,FGSM,0.5,18.604166666666668,19.0,1,37
engr1,HTC,PGD,0.1,FGSM,0.6,18.604166666666668,19.0,1,37
engr1,HTC,PGD,0.1,FGSM,0.7,18.604166666666668,19.0,1,37
engr1,HTC,PGD,0.1,FGSM,0.8,18.604166666666668,19.0,1,37
engr1,HTC,PGD,0.1,FGSM,0.9,18.604166666666668,19.0,1,37
engr1,HTC,PGD,0.1,FGSM,1.0,18.604166666666668,19.0,1,37
engr1,LG,PGD,0.1,FGSM,0.1,6.0625,4.5,0,22
engr1,LG,PGD,0.1,FGSM,0.2,12.5,11.0,0,42
engr1,LG,PGD,0.1,FGSM,0.3,16.208333333333332,13.0,1,45
engr1,LG,PGD,0.1,FGSM,0.4,16.729166666666668,14.0,1,45
engr1,LG,PGD,0.1,FGSM,0.5,16.229166666666668,14.0,1,45
engr1,LG,PGD,0.1,FGSM,0.6,16.229166666666668,14.0,1,45
engr1,LG,PGD,0.1,FGSM,0.7,16.229166666666668,14.0,1,45
engr1,LG,PGD,0.1,FGSM,0.8,16.229166666666668,14.0,1,45
engr1,LG,PGD,0.1,FGSM,0.9,16.229166666666668,14.0,1,45
engr1,LG,PGD,0.1,FGSM,1.0,16.229166666666668,14.0,1,45
engr1,MOTO,PGD,0.1,FGSM,0.1,6.666666666666667,5.0,0,26
engr1,MOTO,PGD,0.1,FGSM,0.2,13.979166666666666,13.0,0,42
engr1,MOTO,PGD,0.1,FGSM,0.3,16.4375,15.0,0,42
engr1,MOTO,PGD,0.1,FGSM,0.4,17.854166666666668,16.0,0,42
engr1,MOTO,PGD,0.1,FGSM,0.5,17.3125,16.0,0,41
engr1,MOTO,PGD,0.1,FGSM,0.6,17.3125,16.0,0,41
engr1,MOTO,PGD,0.1,FGSM,0.7,17.3125,16.0,0,41
engr1,MOTO,PGD,0.1,FGSM,0.8,17.3125,16.0,0,41
engr1,MOTO,PGD,0.1,FGSM,0.9,17.3125,16.0,0,41
engr1,MOTO,PGD,0.1,FGSM,1.0,17.3125,16.0,0,41
engr1,OP3,PGD,0.1,FGSM,0.1,5.5,5.0,0,23
engr1,OP3,PGD,0.1,FGSM,0.2,13.5,10.0,0,47
engr1,OP3,PGD,0.1,FGSM,0.3,16.020833333333332,14.0,0,45
engr1,OP3,PGD,0.1,FGSM,0.4,17.041666666666668,15.0,0,43
engr1,OP3,PGD,0.1,FGSM,0.5,16.166666666666668,14.5,0,41
engr1,OP3,PGD,0.1,FGSM,0.6,16.166666666666668,14.5,0,41
engr1,OP3,PGD,0.1,FGSM,0.7,16.166666666666668,14.5,0,41
engr1,OP3,PGD,0.1,FGSM,0.8,16.166666666666668,14.5,0,41
engr1,OP3,PGD,0.1,FGSM,0.9,16.166666666666668,14.5,0,41
engr1,OP3,PGD,0.1,FGSM,1.0,16.166666666666668,14.5,0,41
engr1,S7,PGD,0.1,FGSM,0.1,5.75,4.0,0,24
engr1,S7,PGD,0.1,FGSM,0.2,12.145833333333334,10.5,1,34
engr1,S7,PGD,0.1,FGSM,0.3,13.75,12.0,1,42
engr1,S7,PGD,0.1,FGSM,0.4,14.791666666666666,14.5,1,41
engr1,S7,PGD,0.1,FGSM,0.5,14.854166666666666,14.5,1,41
engr1,S7,PGD,0.1,FGSM,0.6,14.854166666666666,14.5,1,41
engr1,S7,PGD,0.1,FGSM,0.7,14.854166666666666,14.5,1,41
engr1,S7,PGD,0.1,FGSM,0.8,14.854166666666666,14.5,1,41
engr1,S7,PGD,0.1,FGSM,0.9,14.854166666666666,14.5,1,41
engr1,S7,PGD,0.1,FGSM,1.0,14.854166666666666,14.5,1,41
engr1,BLU,PGD,0.2,FGSM,0.1,6.083333333333333,3.0,0,27
engr1,BLU,PGD,0.2,FGSM,0.2,13.416666666666666,9.5,0,45
engr1,BLU,PGD,0.2,FGSM,0.3,14.083333333333334,10.5,0,45
engr1,BLU,PGD,0.2,FGSM,0.4,13.708333333333334,10.0,0,39
engr1,BLU,PGD,0.2,FGSM,0.5,13.604166666666666,10.0,0,40
engr1,BLU,PGD,0.2,FGSM,0.6,13.604166666666666,10.0,0,40
engr1,BLU,PGD,0.2,FGSM,0.7,13.604166666666666,10.0,0,40
engr1,BLU,PGD,0.2,FGSM,0.8,13.604166666666666,10.0,0,40
engr1,BLU,PGD,0.2,FGSM,0.9,13.604166666666666,10.0,0,40
engr1,BLU,PGD,0.2,FGSM,1.0,13.604166666666666,10.0,0,40
engr1,HTC,PGD,0.2,FGSM,0.1,8.291666666666666,6.0,0,24
engr1,HTC,PGD,0.2,FGSM,0.2,16.1875,14.0,3,43
engr1,HTC,PGD,0.2,FGSM,0.3,17.104166666666668,14.5,5,42
engr1,HTC,PGD,0.2,FGSM,0.4,17.9375,17.0,5,37
engr1,HTC,PGD,0.2,FGSM,0.5,17.9375,17.0,5,37
engr1,HTC,PGD,0.2,FGSM,0.6,17.9375,17.0,5,37
engr1,HTC,PGD,0.2,FGSM,0.7,17.9375,17.0,5,37
engr1,HTC,PGD,0.2,FGSM,0.8,17.9375,17.0,5,37
engr1,HTC,PGD,0.2,FGSM,0.9,17.9375,17.0,5,37
engr1,HTC,PGD,0.2,FGSM,1.0,17.9375,17.0,5,37
engr1,LG,PGD,0.2,FGSM,0.1,6.520833333333333,5.5,0,22
engr1,LG,PGD,0.2,FGSM,0.2,12.208333333333334,10.0,0,43
engr1,LG,PGD,0.2,FGSM,0.3,17.354166666666668,14.0,1,43
engr1,LG,PGD,0.2,FGSM,0.4,17.229166666666668,14.5,1,38
engr1,LG,PGD,0.2,FGSM,0.5,17.25,14.5,1,38
engr1,LG,PGD,0.2,FGSM,0.6,17.25,14.5,1,38
engr1,LG,PGD,0.2,FGSM,0.7,17.25,14.5,1,38
engr1,LG,PGD,0.2,FGSM,0.8,17.25,14.5,1,38
engr1,LG,PGD,0.2,FGSM,0.9,17.25,14.5,1,38
engr1,LG,PGD,0.2,FGSM,1.0,17.25,14.5,1,38
engr1,MOTO,PGD,0.2,FGSM,0.1,7.541666666666667,5.0,0,26
engr1,MOTO,PGD,0.2,FGSM,0.2,11.770833333333334,11.0,0,37
engr1,MOTO,PGD,0.2,FGSM,0.3,14.5625,14.0,0,38
engr1,MOTO,PGD,0.2,FGSM,0.4,16.0625,15.5,0,39
engr1,MOTO,PGD,0.2,FGSM,0.5,15.541666666666666,15.0,0,39
engr1,MOTO,PGD,0.2,FGSM,0.6,15.520833333333334,15.0,0,39
engr1,MOTO,PGD,0.2,FGSM,0.7,15.520833333333334,15.0,0,39
engr1,MOTO,PGD,0.2,FGSM,0.8,15.520833333333334,15.0,0,39
engr1,MOTO,PGD,0.2,FGSM,0.9,15.520833333333334,15.0,0,39
engr1,MOTO,PGD,0.2,FGSM,1.0,15.520833333333334,15.0,0,39
engr1,OP3,PGD,0.2,FGSM,0.1,5.916666666666667,5.0,0,23
engr1,OP3,PGD,0.2,FGSM,0.2,11.708333333333334,10.0,0,47
engr1,OP3,PGD,0.2,FGSM,0.3,15.708333333333334,12.5,0,46
engr1,OP3,PGD,0.2,FGSM,0.4,15.75,12.5,0,42
engr1,OP3,PGD,0.2,FGSM,0.5,15.5625,12.5,0,42
engr1,OP3,PGD,0.2,FGSM,0.6,15.5625,12.5,0,42
engr1,OP3,PGD,0.2,FGSM,0.7,15.5625,12.5,0,42
engr1,OP3,PGD,0.2,FGSM,0.8,15.5625,12.5,0,42
engr1,OP3,PGD,0.2,FGSM,0.9,15.5625,12.5,0,42
engr1,OP3,PGD,0.2,FGSM,1.0,15.5625,12.5,0,42
engr1,S7,PGD,0.2,FGSM,0.1,6.020833333333333,4.5,0,24
engr1,S7,PGD,0.2,FGSM,0.2,13.854166666666666,12.5,2,46
engr1,S7,PGD,0.2,FGSM,0.3,13.833333333333334,11.5,1,46
engr1,S7,PGD,0.2,FGSM,0.4,13.270833333333334,12.0,1,40
engr1,S7,PGD,0.2,FGSM,0.5,13.416666666666666,12.0,1,41
engr1,S7,PGD,0.2,FGSM,0.6,13.458333333333334,12.0,1,41
engr1,S7,PGD,0.2,FGSM,0.7,13.458333333333334,12.0,1,41
engr1,S7,PGD,0.2,FGSM,0.8,13.458333333333334,12.0,1,41
engr1,S7,PGD,0.2,FGSM,0.9,13.458333333333334,12.0,1,41
engr1,S7,PGD,0.2,FGSM,1.0,13.458333333333334,12.0,1,41
engr1,BLU,PGD,0.3,FGSM,0.1,4.666666666666667,3.0,0,26
engr1,BLU,PGD,0.3,FGSM,0.2,12.1875,7.0,0,45
engr1,BLU,PGD,0.3,FGSM,0.3,14.333333333333334,12.5,0,45
engr1,BLU,PGD,0.3,FGSM,0.4,14.770833333333334,12.5,0,42
engr1,BLU,PGD,0.3,FGSM,0.5,14.9375,12.5,0,42
engr1,BLU,PGD,0.3,FGSM,0.6,14.9375,12.5,0,42
engr1,BLU,PGD,0.3,FGSM,0.7,14.9375,12.5,0,42
engr1,BLU,PGD,0.3,FGSM,0.8,14.9375,12.5,0,42
engr1,BLU,PGD,0.3,FGSM,0.9,14.9375,12.5,0,42
engr1,BLU,PGD,0.3,FGSM,1.0,14.9375,12.5,0,42
engr1,HTC,PGD,0.3,FGSM,0.1,7.541666666666667,6.0,0,21
engr1,HTC,PGD,0.3,FGSM,0.2,16.375,14.0,3,43
engr1,HTC,PGD,0.3,FGSM,0.3,19.354166666666668,19.0,1,43
engr1,HTC,PGD,0.3,FGSM,0.4,19.729166666666668,19.0,4,46
engr1,HTC,PGD,0.3,FGSM,0.5,19.8125,19.0,4,46
engr1,HTC,PGD,0.3,FGSM,0.6,19.8125,19.0,4,46
engr1,HTC,PGD,0.3,FGSM,0.7,19.8125,19.0,4,46
engr1,HTC,PGD,0.3,FGSM,0.8,19.8125,19.0,4,46
engr1,HTC,PGD,0.3,FGSM,0.9,19.8125,19.0,4,46
engr1,HTC,PGD,0.3,FGSM,1.0,19.8125,19.0,4,46
engr1,LG,PGD,0.3,FGSM,0.1,6.3125,4.5,0,22
engr1,LG,PGD,0.3,FGSM,0.2,10.666666666666666,9.0,1,32
engr1,LG,PGD,0.3,FGSM,0.3,17.916666666666668,15.0,1,43
engr1,LG,PGD,0.3,FGSM,0.4,18.916666666666668,18.5,1,42
engr1,LG,PGD,0.3,FGSM,0.5,19.1875,18.5,1,42
engr1,LG,PGD,0.3,FGSM,0.6,19.1875,18.5,1,42
engr1,LG,PGD,0.3,FGSM,0.7,19.1875,18.5,1,42
engr1,LG,PGD,0.3,FGSM,0.8,19.1875,18.5,1,42
engr1,LG,PGD,0.3,FGSM,0.9,19.1875,18.5,1,42
engr1,LG,PGD,0.3,FGSM,1.0,19.1875,18.5,1,42
engr1,MOTO,PGD,0.3,FGSM,0.1,7.6875,5.0,0,26
engr1,MOTO,PGD,0.3,FGSM,0.2,12.479166666666666,9.5,0,42
engr1,MOTO,PGD,0.3,FGSM,0.3,16.458333333333332,14.5,0,42
engr1,MOTO,PGD,0.3,FGSM,0.4,16.5,15.0,0,39
engr1,MOTO,PGD,0.3,FGSM,0.5,16.229166666666668,15.0,0,35
engr1,MOTO,PGD,0.3,FGSM,0.6,16.229166666666668,15.0,0,35
engr1,MOTO,PGD,0.3,FGSM,0.7,16.229166666666668,15.0,0,35
engr1,MOTO,PGD,0.3,FGSM,0.8,16.229166666666668,15.0,0,35
engr1,MOTO,PGD,0.3,FGSM,0.9,16.229166666666668,15.0,0,35
engr1,MOTO,PGD,0.3,FGSM,1.0,16.229166666666668,15.0,0,35
engr1,OP3,PGD,0.3,FGSM,0.1,5.6875,4.5,0,23
engr1,OP3,PGD,0.3,FGSM,0.2,11.0,9.0,0,47
engr1,OP3,PGD,0.3,FGSM,0.3,16.25,14.0,0,46
engr1,OP3,PGD,0.3,FGSM,0.4,16.1875,14.0,0,46
engr1,OP3,PGD,0.3,FGSM,0.5,16.1875,14.0,0,46
engr1,OP3,PGD,0.3,FGSM,0.6,16.1875,14.0,0,46
engr1,OP3,PGD,0.3,FGSM,0.7,16.1875,14.0,0,46
engr1,OP3,PGD,0.3,FGSM,0.8,16.1875,14.0,0,46
engr1,OP3,PGD,0.3,FGSM,0.9,16.1875,14.0,0,46
engr1,OP3,PGD,0.3,FGSM,1.0,16.1875,14.0,0,46
engr1,S7,PGD,0.3,FGSM,0.1,6.5625,4.5,0,26
engr1,S7,PGD,0.3,FGSM,0.2,13.104166666666666,12.0,1,46
engr1,S7,PGD,0.3,FGSM,0.3,16.0625,14.5,1,46
engr1,S7,PGD,0.3,FGSM,0.4,15.333333333333334,14.0,1,41
engr1,S7,PGD,0.3,FGSM,0.5,15.333333333333334,14.0,1,41
engr1,S7,PGD,0.3,FGSM,0.6,15.479166666666666,14.0,1,41
engr1,S7,PGD,0.3,FGSM,0.7,15.479166666666666,14.0,1,41
engr1,S7,PGD,0.3,FGSM,0.8,15.479166666666666,14.0,1,41
engr1,S7,PGD,0.3,FGSM,0.9,15.479166666666666,14.0,1,41
engr1,S7,PGD,0.3,FGSM,1.0,15.479166666666666,14.0,1,41
engr1,BLU,PGD,0.4,FGSM,0.1,4.729166666666667,3.0,0,26
engr1,BLU,PGD,0.4,FGSM,0.2,12.6875,9.0,0,40
engr1,BLU,PGD,0.4,FGSM,0.3,13.916666666666666,10.0,0,45
engr1,BLU,PGD,0.4,FGSM,0.4,15.375,11.5,0,40
engr1,BLU,PGD,0.4,FGSM,0.5,13.5625,10.0,0,40
engr1,BLU,PGD,0.4,FGSM,0.6,13.5625,10.0,0,40
engr1,BLU,PGD,0.4,FGSM,0.7,13.5625,10.0,0,40
engr1,BLU,PGD,0.4,FGSM,0.8,13.5625,10.0,0,40
engr1,BLU,PGD,0.4,FGSM,0.9,13.5625,10.0,0,40
engr1,BLU,PGD,0.4,FGSM,1.0,13.5625,10.0,0,40
engr1,HTC,PGD,0.4,FGSM,0.1,7.666666666666667,6.0,0,21
engr1,HTC,PGD,0.4,FGSM,0.2,15.770833333333334,13.5,2,47
engr1,HTC,PGD,0.4,FGSM,0.3,17.395833333333332,14.0,2,42
engr1,HTC,PGD,0.4,FGSM,0.4,17.5,16.0,2,37
engr1,HTC,PGD,0.4,FGSM,0.5,17.145833333333332,15.5,2,37
engr1,HTC,PGD,0.4,FGSM,0.6,17.145833333333332,15.5,2,37
engr1,HTC,PGD,0.4,FGSM,0.7,17.145833333333332,15.5,2,37
engr1,HTC,PGD,0.4,FGSM,0.8,17.145833333333332,15.5,2,37
engr1,HTC,PGD,0.4,FGSM,0.9,17.145833333333332,15.5,2,37
engr1,HTC,PGD,0.4,FGSM,1.0,17.145833333333332,15.5,2,37
engr1,LG,PGD,0.4,FGSM,0.1,7.020833333333333,5.0,0,21
engr1,LG,PGD,0.4,FGSM,0.2,11.791666666666666,10.5,1,41
engr1,LG,PGD,0.4,FGSM,0.3,17.604166666666668,15.0,0,43
engr1,LG,PGD,0.4,FGSM,0.4,17.520833333333332,15.0,0,38
engr1,LG,PGD,0.4,FGSM,0.5,17.625,15.0,0,39
engr1,LG,PGD,0.4,FGSM,0.6,17.625,15.0,0,39
engr1,LG,PGD,0.4,FGSM,0.7,17.625,15.0,0,39
engr1,LG,PGD,0.4,FGSM,0.8,17.625,15.0,0,39
engr1,LG,PGD,0.4,FGSM,0.9,17.625,15.0,0,39
engr1,LG,PGD,0.4,FGSM,1.0,17.625,15.0,0,39
engr1,MOTO,PGD,0.4,FGSM,0.1,7.770833333333333,5.5,0,26
engr1,MOTO,PGD,0.4,FGSM,0.2,12.3125,11.0,0,32
engr1,MOTO,PGD,0.4,FGSM,0.3,15.0625,13.5,0,41
engr1,MOTO,PGD,0.4,FGSM,0.4,16.833333333333332,15.5,0,39
engr1,MOTO,PGD,0.4,FGSM,0.5,15.270833333333334,15.0,0,39
engr1,MOTO,PGD,0.4,FGSM,0.6,15.270833333333334,15.0,0,39
engr1,MOTO,PGD,0.4,FGSM,0.7,15.270833333333334,15.0,0,39
engr1,MOTO,PGD,0.4,FGSM,0.8,15.270833333333334,15.0,0,39
engr1,MOTO,PGD,0.4,FGSM,0.9,15.270833333333334,15.0,0,39
engr1,MOTO,PGD,0.4,FGSM,1.0,15.270833333333334,15.0,0,39
engr1,OP3,PGD,0.4,FGSM,0.1,6.0,4.5,0,47
engr1,OP3,PGD,0.4,FGSM,0.2,11.1875,9.0,0,47
engr1,OP3,PGD,0.4,FGSM,0.3,15.6875,12.5,0,46
engr1,OP3,PGD,0.4,FGSM,0.4,16.4375,14.0,0,42
engr1,OP3,PGD,0.4,FGSM,0.5,15.645833333333334,13.5,0,42
engr1,OP3,PGD,0.4,FGSM,0.6,15.645833333333334,13.5,0,42
engr1,OP3,PGD,0.4,FGSM,0.7,15.645833333333334,13.5,0,42
engr1,OP3,PGD,0.4,FGSM,0.8,15.645833333333334,13.5,0,42
engr1,OP3,PGD,0.4,FGSM,0.9,15.645833333333334,13.5,0,42
engr1,OP3,PGD,0.4,FGSM,1.0,15.645833333333334,13.5,0,42
engr1,S7,PGD,0.4,FGSM,0.1,6.479166666666667,3.5,0,26
engr1,S7,PGD,0.4,FGSM,0.2,13.0,12.0,0,42
engr1,S7,PGD,0.4,FGSM,0.3,15.0,13.0,0,46
engr1,S7,PGD,0.4,FGSM,0.4,13.916666666666666,12.5,0,41
engr1,S7,PGD,0.4,FGSM,0.5,14.0625,12.5,0,41
engr1,S7,PGD,0.4,FGSM,0.6,14.0625,12.5,0,41
engr1,S7,PGD,0.4,FGSM,0.7,14.0625,12.5,0,41
engr1,S7,PGD,0.4,FGSM,0.8,14.0625,12.5,0,41
engr1,S7,PGD,0.4,FGSM,0.9,14.0625,12.5,0,41
engr1,S7,PGD,0.4,FGSM,1.0,14.0625,12.5,0,41
engr1,BLU,PGD,0.5,FGSM,0.1,4.729166666666667,3.0,0,26
engr1,BLU,PGD,0.5,FGSM,0.2,12.6875,9.0,0,40
engr1,BLU,PGD,0.5,FGSM,0.3,13.916666666666666,10.0,0,45
engr1,BLU,PGD,0.5,FGSM,0.4,15.375,11.5,0,40
engr1,BLU,PGD,0.5,FGSM,0.5,13.5625,10.0,0,40
engr1,BLU,PGD,0.5,FGSM,0.6,13.5625,10.0,0,40
engr1,BLU,PGD,0.5,FGSM,0.7,13.5625,10.0,0,40
engr1,BLU,PGD,0.5,FGSM,0.8,13.5625,10.0,0,40
engr1,BLU,PGD,0.5,FGSM,0.9,13.5625,10.0,0,40
engr1,BLU,PGD,0.5,FGSM,1.0,13.5625,10.0,0,40
engr1,HTC,PGD,0.5,FGSM,0.1,7.666666666666667,6.0,0,21
engr1,HTC,PGD,0.5,FGSM,0.2,15.770833333333334,13.5,2,47
engr1,HTC,PGD,0.5,FGSM,0.3,17.395833333333332,14.0,2,42
engr1,HTC,PGD,0.5,FGSM,0.4,17.5,16.0,2,37
engr1,HTC,PGD,0.5,FGSM,0.5,17.145833333333332,15.5,2,37
engr1,HTC,PGD,0.5,FGSM,0.6,17.145833333333332,15.5,2,37
engr1,HTC,PGD,0.5,FGSM,0.7,17.145833333333332,15.5,2,37
engr1,HTC,PGD,0.5,FGSM,0.8,17.145833333333332,15.5,2,37
engr1,HTC,PGD,0.5,FGSM,0.9,17.145833333333332,15.5,2,37
engr1,HTC,PGD,0.5,FGSM,1.0,17.145833333333332,15.5,2,37
engr1,LG,PGD,0.5,FGSM,0.1,7.020833333333333,5.0,0,21
engr1,LG,PGD,0.5,FGSM,0.2,11.791666666666666,10.5,1,41
engr1,LG,PGD,0.5,FGSM,0.3,17.604166666666668,15.0,0,43
engr1,LG,PGD,0.5,FGSM,0.4,17.520833333333332,15.0,0,38
engr1,LG,PGD,0.5,FGSM,0.5,17.625,15.0,0,39
engr1,LG,PGD,0.5,FGSM,0.6,17.625,15.0,0,39
engr1,LG,PGD,0.5,FGSM,0.7,17.625,15.0,0,39
engr1,LG,PGD,0.5,FGSM,0.8,17.625,15.0,0,39
engr1,LG,PGD,0.5,FGSM,0.9,17.625,15.0,0,39
engr1,LG,PGD,0.5,FGSM,1.0,17.625,15.0,0,39
engr1,MOTO,PGD,0.5,FGSM,0.1,7.770833333333333,5.5,0,26
engr1,MOTO,PGD,0.5,FGSM,0.2,12.3125,11.0,0,32
engr1,MOTO,PGD,0.5,FGSM,0.3,15.0625,13.5,0,41
engr1,MOTO,PGD,0.5,FGSM,0.4,16.833333333333332,15.5,0,39
engr1,MOTO,PGD,0.5,FGSM,0.5,15.270833333333334,15.0,0,39
engr1,MOTO,PGD,0.5,FGSM,0.6,15.270833333333334,15.0,0,39
engr1,MOTO,PGD,0.5,FGSM,0.7,15.270833333333334,15.0,0,39
engr1,MOTO,PGD,0.5,FGSM,0.8,15.270833333333334,15.0,0,39
engr1,MOTO,PGD,0.5,FGSM,0.9,15.270833333333334,15.0,0,39
engr1,MOTO,PGD,0.5,FGSM,1.0,15.270833333333334,15.0,0,39
engr1,OP3,PGD,0.5,FGSM,0.1,6.0,4.5,0,47
engr1,OP3,PGD,0.5,FGSM,0.2,11.1875,9.0,0,47
engr1,OP3,PGD,0.5,FGSM,0.3,15.6875,12.5,0,46
engr1,OP3,PGD,0.5,FGSM,0.4,16.4375,14.0,0,42
engr1,OP3,PGD,0.5,FGSM,0.5,15.645833333333334,13.5,0,42
engr1,OP3,PGD,0.5,FGSM,0.6,15.645833333333334,13.5,0,42
engr1,OP3,PGD,0.5,FGSM,0.7,15.645833333333334,13.5,0,42
engr1,OP3,PGD,0.5,FGSM,0.8,15.645833333333334,13.5,0,42
engr1,OP3,PGD,0.5,FGSM,0.9,15.645833333333334,13.5,0,42
engr1,OP3,PGD,0.5,FGSM,1.0,15.645833333333334,13.5,0,42
engr1,S7,PGD,0.5,FGSM,0.1,6.479166666666667,3.5,0,26
engr1,S7,PGD,0.5,FGSM,0.2,13.0,12.0,0,42
engr1,S7,PGD,0.5,FGSM,0.3,15.0,13.0,0,46
engr1,S7,PGD,0.5,FGSM,0.4,13.916666666666666,12.5,0,41
engr1,S7,PGD,0.5,FGSM,0.5,14.0625,12.5,0,41
engr1,S7,PGD,0.5,FGSM,0.6,14.0625,12.5,0,41
engr1,S7,PGD,0.5,FGSM,0.7,14.0625,12.5,0,41
engr1,S7,PGD,0.5,FGSM,0.8,14.0625,12.5,0,41
engr1,S7,PGD,0.5,FGSM,0.9,14.0625,12.5,0,41
engr1,S7,PGD,0.5,FGSM,1.0,14.0625,12.5,0,41
engr1,BLU,PGD,0.6,FGSM,0.1,4.729166666666667,3.0,0,26
engr1,BLU,PGD,0.6,FGSM,0.2,12.6875,9.0,0,40
engr1,BLU,PGD,0.6,FGSM,0.3,13.916666666666666,10.0,0,45
engr1,BLU,PGD,0.6,FGSM,0.4,15.375,11.5,0,40
engr1,BLU,PGD,0.6,FGSM,0.5,13.5625,10.0,0,40
engr1,BLU,PGD,0.6,FGSM,0.6,13.5625,10.0,0,40
engr1,BLU,PGD,0.6,FGSM,0.7,13.5625,10.0,0,40
engr1,BLU,PGD,0.6,FGSM,0.8,13.5625,10.0,0,40
engr1,BLU,PGD,0.6,FGSM,0.9,13.5625,10.0,0,40
engr1,BLU,PGD,0.6,FGSM,1.0,13.5625,10.0,0,40
engr1,HTC,PGD,0.6,FGSM,0.1,7.666666666666667,6.0,0,21
engr1,HTC,PGD,0.6,FGSM,0.2,15.770833333333334,13.5,2,47
engr1,HTC,PGD,0.6,FGSM,0.3,17.395833333333332,14.0,2,42
engr1,HTC,PGD,0.6,FGSM,0.4,17.5,16.0,2,37
engr1,HTC,PGD,0.6,FGSM,0.5,17.145833333333332,15.5,2,37
engr1,HTC,PGD,0.6,FGSM,0.6,17.145833333333332,15.5,2,37
engr1,HTC,PGD,0.6,FGSM,0.7,17.145833333333332,15.5,2,37
engr1,HTC,PGD,0.6,FGSM,0.8,17.145833333333332,15.5,2,37
engr1,HTC,PGD,0.6,FGSM,0.9,17.145833333333332,15.5,2,37
engr1,HTC,PGD,0.6,FGSM,1.0,17.145833333333332,15.5,2,37
engr1,LG,PGD,0.6,FGSM,0.1,7.020833333333333,5.0,0,21
engr1,LG,PGD,0.6,FGSM,0.2,11.791666666666666,10.5,1,41
engr1,LG,PGD,0.6,FGSM,0.3,17.604166666666668,15.0,0,43
engr1,LG,PGD,0.6,FGSM,0.4,17.520833333333332,15.0,0,38
engr1,LG,PGD,0.6,FGSM,0.5,17.625,15.0,0,39
engr1,LG,PGD,0.6,FGSM,0.6,17.625,15.0,0,39
engr1,LG,PGD,0.6,FGSM,0.7,17.625,15.0,0,39
engr1,LG,PGD,0.6,FGSM,0.8,17.625,15.0,0,39
engr1,LG,PGD,0.6,FGSM,0.9,17.625,15.0,0,39
engr1,LG,PGD,0.6,FGSM,1.0,17.625,15.0,0,39
engr1,MOTO,PGD,0.6,FGSM,0.1,7.770833333333333,5.5,0,26
engr1,MOTO,PGD,0.6,FGSM,0.2,12.3125,11.0,0,32
engr1,MOTO,PGD,0.6,FGSM,0.3,15.0625,13.5,0,41
engr1,MOTO,PGD,0.6,FGSM,0.4,16.833333333333332,15.5,0,39
engr1,MOTO,PGD,0.6,FGSM,0.5,15.270833333333334,15.0,0,39
engr1,MOTO,PGD,0.6,FGSM,0.6,15.270833333333334,15.0,0,39
engr1,MOTO,PGD,0.6,FGSM,0.7,15.270833333333334,15.0,0,39
engr1,MOTO,PGD,0.6,FGSM,0.8,15.270833333333334,15.0,0,39
engr1,MOTO,PGD,0.6,FGSM,0.9,15.270833333333334,15.0,0,39
engr1,MOTO,PGD,0.6,FGSM,1.0,15.270833333333334,15.0,0,39
engr1,OP3,PGD,0.6,FGSM,0.1,6.0,4.5,0,47
engr1,OP3,PGD,0.6,FGSM,0.2,11.1875,9.0,0,47
engr1,OP3,PGD,0.6,FGSM,0.3,15.6875,12.5,0,46
engr1,OP3,PGD,0.6,FGSM,0.4,16.4375,14.0,0,42
engr1,OP3,PGD,0.6,FGSM,0.5,15.645833333333334,13.5,0,42
engr1,OP3,PGD,0.6,FGSM,0.6,15.645833333333334,13.5,0,42
engr1,OP3,PGD,0.6,FGSM,0.7,15.645833333333334,13.5,0,42
engr1,OP3,PGD,0.6,FGSM,0.8,15.645833333333334,13.5,0,42
engr1,OP3,PGD,0.6,FGSM,0.9,15.645833333333334,13.5,0,42
engr1,OP3,PGD,0.6,FGSM,1.0,15.645833333333334,13.5,0,42
engr1,S7,PGD,0.6,FGSM,0.1,6.479166666666667,3.5,0,26
engr1,S7,PGD,0.6,FGSM,0.2,13.0,12.0,0,42
engr1,S7,PGD,0.6,FGSM,0.3,15.0,13.0,0,46
engr1,S7,PGD,0.6,FGSM,0.4,13.916666666666666,12.5,0,41
engr1,S7,PGD,0.6,FGSM,0.5,14.0625,12.5,0,41
engr1,S7,PGD,0.6,FGSM,0.6,14.0625,12.5,0,41
engr1,S7,PGD,0.6,FGSM,0.7,14.0625,12.5,0,41
engr1,S7,PGD,0.6,FGSM,0.8,14.0625,12.5,0,41
engr1,S7,PGD,0.6,FGSM,0.9,14.0625,12.5,0,41
engr1,S7,PGD,0.6,FGSM,1.0,14.0625,12.5,0,41
engr1,BLU,PGD,0.7,FGSM,0.1,4.729166666666667,3.0,0,26
engr1,BLU,PGD,0.7,FGSM,0.2,12.6875,9.0,0,40
engr1,BLU,PGD,0.7,FGSM,0.3,13.916666666666666,10.0,0,45
engr1,BLU,PGD,0.7,FGSM,0.4,15.375,11.5,0,40
engr1,BLU,PGD,0.7,FGSM,0.5,13.5625,10.0,0,40
engr1,BLU,PGD,0.7,FGSM,0.6,13.5625,10.0,0,40
engr1,BLU,PGD,0.7,FGSM,0.7,13.5625,10.0,0,40
engr1,BLU,PGD,0.7,FGSM,0.8,13.5625,10.0,0,40
engr1,BLU,PGD,0.7,FGSM,0.9,13.5625,10.0,0,40
engr1,BLU,PGD,0.7,FGSM,1.0,13.5625,10.0,0,40
engr1,HTC,PGD,0.7,FGSM,0.1,7.666666666666667,6.0,0,21
engr1,HTC,PGD,0.7,FGSM,0.2,15.770833333333334,13.5,2,47
engr1,HTC,PGD,0.7,FGSM,0.3,17.395833333333332,14.0,2,42
engr1,HTC,PGD,0.7,FGSM,0.4,17.5,16.0,2,37
engr1,HTC,PGD,0.7,FGSM,0.5,17.145833333333332,15.5,2,37
engr1,HTC,PGD,0.7,FGSM,0.6,17.145833333333332,15.5,2,37
engr1,HTC,PGD,0.7,FGSM,0.7,17.145833333333332,15.5,2,37
engr1,HTC,PGD,0.7,FGSM,0.8,17.145833333333332,15.5,2,37
engr1,HTC,PGD,0.7,FGSM,0.9,17.145833333333332,15.5,2,37
engr1,HTC,PGD,0.7,FGSM,1.0,17.145833333333332,15.5,2,37
engr1,LG,PGD,0.7,FGSM,0.1,7.020833333333333,5.0,0,21
engr1,LG,PGD,0.7,FGSM,0.2,11.791666666666666,10.5,1,41
engr1,LG,PGD,0.7,FGSM,0.3,17.604166666666668,15.0,0,43
engr1,LG,PGD,0.7,FGSM,0.4,17.520833333333332,15.0,0,38
engr1,LG,PGD,0.7,FGSM,0.5,17.625,15.0,0,39
engr1,LG,PGD,0.7,FGSM,0.6,17.625,15.0,0,39
engr1,LG,PGD,0.7,FGSM,0.7,17.625,15.0,0,39
engr1,LG,PGD,0.7,FGSM,0.8,17.625,15.0,0,39
engr1,LG,PGD,0.7,FGSM,0.9,17.625,15.0,0,39
engr1,LG,PGD,0.7,FGSM,1.0,17.625,15.0,0,39
engr1,MOTO,PGD,0.7,FGSM,0.1,7.770833333333333,5.5,0,26
engr1,MOTO,PGD,0.7,FGSM,0.2,12.3125,11.0,0,32
engr1,MOTO,PGD,0.7,FGSM,0.3,15.0625,13.5,0,41
engr1,MOTO,PGD,0.7,FGSM,0.4,16.833333333333332,15.5,0,39
engr1,MOTO,PGD,0.7,FGSM,0.5,15.270833333333334,15.0,0,39
engr1,MOTO,PGD,0.7,FGSM,0.6,15.270833333333334,15.0,0,39
engr1,MOTO,PGD,0.7,FGSM,0.7,15.270833333333334,15.0,0,39
engr1,MOTO,PGD,0.7,FGSM,0.8,15.270833333333334,15.0,0,39
engr1,MOTO,PGD,0.7,FGSM,0.9,15.270833333333334,15.0,0,39
engr1,MOTO,PGD,0.7,FGSM,1.0,15.270833333333334,15.0,0,39
engr1,OP3,PGD,0.7,FGSM,0.1,6.0,4.5,0,47
engr1,OP3,PGD,0.7,FGSM,0.2,11.1875,9.0,0,47
engr1,OP3,PGD,0.7,FGSM,0.3,15.6875,12.5,0,46
engr1,OP3,PGD,0.7,FGSM,0.4,16.4375,14.0,0,42
engr1,OP3,PGD,0.7,FGSM,0.5,15.645833333333334,13.5,0,42
engr1,OP3,PGD,0.7,FGSM,0.6,15.645833333333334,13.5,0,42
engr1,OP3,PGD,0.7,FGSM,0.7,15.645833333333334,13.5,0,42
engr1,OP3,PGD,0.7,FGSM,0.8,15.645833333333334,13.5,0,42
engr1,OP3,PGD,0.7,FGSM,0.9,15.645833333333334,13.5,0,42
engr1,OP3,PGD,0.7,FGSM,1.0,15.645833333333334,13.5,0,42
engr1,S7,PGD,0.7,FGSM,0.1,6.479166666666667,3.5,0,26
engr1,S7,PGD,0.7,FGSM,0.2,13.0,12.0,0,42
engr1,S7,PGD,0.7,FGSM,0.3,15.0,13.0,0,46
engr1,S7,PGD,0.7,FGSM,0.4,13.916666666666666,12.5,0,41
engr1,S7,PGD,0.7,FGSM,0.5,14.0625,12.5,0,41
engr1,S7,PGD,0.7,FGSM,0.6,14.0625,12.5,0,41
engr1,S7,PGD,0.7,FGSM,0.7,14.0625,12.5,0,41
engr1,S7,PGD,0.7,FGSM,0.8,14.0625,12.5,0,41
engr1,S7,PGD,0.7,FGSM,0.9,14.0625,12.5,0,41
engr1,S7,PGD,0.7,FGSM,1.0,14.0625,12.5,0,41
engr1,BLU,PGD,0.8,FGSM,0.1,4.729166666666667,3.0,0,26
engr1,BLU,PGD,0.8,FGSM,0.2,12.6875,9.0,0,40
engr1,BLU,PGD,0.8,FGSM,0.3,13.916666666666666,10.0,0,45
engr1,BLU,PGD,0.8,FGSM,0.4,15.375,11.5,0,40
engr1,BLU,PGD,0.8,FGSM,0.5,13.5625,10.0,0,40
engr1,BLU,PGD,0.8,FGSM,0.6,13.5625,10.0,0,40
engr1,BLU,PGD,0.8,FGSM,0.7,13.5625,10.0,0,40
engr1,BLU,PGD,0.8,FGSM,0.8,13.5625,10.0,0,40
engr1,BLU,PGD,0.8,FGSM,0.9,13.5625,10.0,0,40
engr1,BLU,PGD,0.8,FGSM,1.0,13.5625,10.0,0,40
engr1,HTC,PGD,0.8,FGSM,0.1,7.666666666666667,6.0,0,21
engr1,HTC,PGD,0.8,FGSM,0.2,15.770833333333334,13.5,2,47
engr1,HTC,PGD,0.8,FGSM,0.3,17.395833333333332,14.0,2,42
engr1,HTC,PGD,0.8,FGSM,0.4,17.5,16.0,2,37
engr1,HTC,PGD,0.8,FGSM,0.5,17.145833333333332,15.5,2,37
engr1,HTC,PGD,0.8,FGSM,0.6,17.145833333333332,15.5,2,37
engr1,HTC,PGD,0.8,FGSM,0.7,17.145833333333332,15.5,2,37
engr1,HTC,PGD,0.8,FGSM,0.8,17.145833333333332,15.5,2,37
engr1,HTC,PGD,0.8,FGSM,0.9,17.145833333333332,15.5,2,37
engr1,HTC,PGD,0.8,FGSM,1.0,17.145833333333332,15.5,2,37
engr1,LG,PGD,0.8,FGSM,0.1,7.020833333333333,5.0,0,21
engr1,LG,PGD,0.8,FGSM,0.2,11.791666666666666,10.5,1,41
engr1,LG,PGD,0.8,FGSM,0.3,17.604166666666668,15.0,0,43
engr1,LG,PGD,0.8,FGSM,0.4,17.520833333333332,15.0,0,38
engr1,LG,PGD,0.8,FGSM,0.5,17.625,15.0,0,39
engr1,LG,PGD,0.8,FGSM,0.6,17.625,15.0,0,39
engr1,LG,PGD,0.8,FGSM,0.7,17.625,15.0,0,39
engr1,LG,PGD,0.8,FGSM,0.8,17.625,15.0,0,39
engr1,LG,PGD,0.8,FGSM,0.9,17.625,15.0,0,39
engr1,LG,PGD,0.8,FGSM,1.0,17.625,15.0,0,39
engr1,MOTO,PGD,0.8,FGSM,0.1,7.770833333333333,5.5,0,26
engr1,MOTO,PGD,0.8,FGSM,0.2,12.3125,11.0,0,32
engr1,MOTO,PGD,0.8,FGSM,0.3,15.0625,13.5,0,41
engr1,MOTO,PGD,0.8,FGSM,0.4,16.833333333333332,15.5,0,39
engr1,MOTO,PGD,0.8,FGSM,0.5,15.270833333333334,15.0,0,39
engr1,MOTO,PGD,0.8,FGSM,0.6,15.270833333333334,15.0,0,39
engr1,MOTO,PGD,0.8,FGSM,0.7,15.270833333333334,15.0,0,39
engr1,MOTO,PGD,0.8,FGSM,0.8,15.270833333333334,15.0,0,39
engr1,MOTO,PGD,0.8,FGSM,0.9,15.270833333333334,15.0,0,39
engr1,MOTO,PGD,0.8,FGSM,1.0,15.270833333333334,15.0,0,39
engr1,OP3,PGD,0.8,FGSM,0.1,6.0,4.5,0,47
engr1,OP3,PGD,0.8,FGSM,0.2,11.1875,9.0,0,47
engr1,OP3,PGD,0.8,FGSM,0.3,15.6875,12.5,0,46
engr1,OP3,PGD,0.8,FGSM,0.4,16.4375,14.0,0,42
engr1,OP3,PGD,0.8,FGSM,0.5,15.645833333333334,13.5,0,42
engr1,OP3,PGD,0.8,FGSM,0.6,15.645833333333334,13.5,0,42
engr1,OP3,PGD,0.8,FGSM,0.7,15.645833333333334,13.5,0,42
engr1,OP3,PGD,0.8,FGSM,0.8,15.645833333333334,13.5,0,42
engr1,OP3,PGD,0.8,FGSM,0.9,15.645833333333334,13.5,0,42
engr1,OP3,PGD,0.8,FGSM,1.0,15.645833333333334,13.5,0,42
engr1,S7,PGD,0.8,FGSM,0.1,6.479166666666667,3.5,0,26
engr1,S7,PGD,0.8,FGSM,0.2,13.0,12.0,0,42
engr1,S7,PGD,0.8,FGSM,0.3,15.0,13.0,0,46
engr1,S7,PGD,0.8,FGSM,0.4,13.916666666666666,12.5,0,41
engr1,S7,PGD,0.8,FGSM,0.5,14.0625,12.5,0,41
engr1,S7,PGD,0.8,FGSM,0.6,14.0625,12.5,0,41
engr1,S7,PGD,0.8,FGSM,0.7,14.0625,12.5,0,41
engr1,S7,PGD,0.8,FGSM,0.8,14.0625,12.5,0,41
engr1,S7,PGD,0.8,FGSM,0.9,14.0625,12.5,0,41
engr1,S7,PGD,0.8,FGSM,1.0,14.0625,12.5,0,41
engr1,BLU,PGD,0.9,FGSM,0.1,4.729166666666667,3.0,0,26
engr1,BLU,PGD,0.9,FGSM,0.2,12.6875,9.0,0,40
engr1,BLU,PGD,0.9,FGSM,0.3,13.916666666666666,10.0,0,45
engr1,BLU,PGD,0.9,FGSM,0.4,15.375,11.5,0,40
engr1,BLU,PGD,0.9,FGSM,0.5,13.5625,10.0,0,40
engr1,BLU,PGD,0.9,FGSM,0.6,13.5625,10.0,0,40
engr1,BLU,PGD,0.9,FGSM,0.7,13.5625,10.0,0,40
engr1,BLU,PGD,0.9,FGSM,0.8,13.5625,10.0,0,40
engr1,BLU,PGD,0.9,FGSM,0.9,13.5625,10.0,0,40
engr1,BLU,PGD,0.9,FGSM,1.0,13.5625,10.0,0,40
engr1,HTC,PGD,0.9,FGSM,0.1,7.666666666666667,6.0,0,21
engr1,HTC,PGD,0.9,FGSM,0.2,15.770833333333334,13.5,2,47
engr1,HTC,PGD,0.9,FGSM,0.3,17.395833333333332,14.0,2,42
engr1,HTC,PGD,0.9,FGSM,0.4,17.5,16.0,2,37
engr1,HTC,PGD,0.9,FGSM,0.5,17.145833333333332,15.5,2,37
engr1,HTC,PGD,0.9,FGSM,0.6,17.145833333333332,15.5,2,37
engr1,HTC,PGD,0.9,FGSM,0.7,17.145833333333332,15.5,2,37
engr1,HTC,PGD,0.9,FGSM,0.8,17.145833333333332,15.5,2,37
engr1,HTC,PGD,0.9,FGSM,0.9,17.145833333333332,15.5,2,37
engr1,HTC,PGD,0.9,FGSM,1.0,17.145833333333332,15.5,2,37
engr1,LG,PGD,0.9,FGSM,0.1,7.020833333333333,5.0,0,21
engr1,LG,PGD,0.9,FGSM,0.2,11.791666666666666,10.5,1,41
engr1,LG,PGD,0.9,FGSM,0.3,17.604166666666668,15.0,0,43
engr1,LG,PGD,0.9,FGSM,0.4,17.520833333333332,15.0,0,38
engr1,LG,PGD,0.9,FGSM,0.5,17.625,15.0,0,39
engr1,LG,PGD,0.9,FGSM,0.6,17.625,15.0,0,39
engr1,LG,PGD,0.9,FGSM,0.7,17.625,15.0,0,39
engr1,LG,PGD,0.9,FGSM,0.8,17.625,15.0,0,39
engr1,LG,PGD,0.9,FGSM,0.9,17.625,15.0,0,39
engr1,LG,PGD,0.9,FGSM,1.0,17.625,15.0,0,39
engr1,MOTO,PGD,0.9,FGSM,0.1,7.770833333333333,5.5,0,26
engr1,MOTO,PGD,0.9,FGSM,0.2,12.3125,11.0,0,32
engr1,MOTO,PGD,0.9,FGSM,0.3,15.0625,13.5,0,41
engr1,MOTO,PGD,0.9,FGSM,0.4,16.833333333333332,15.5,0,39
engr1,MOTO,PGD,0.9,FGSM,0.5,15.270833333333334,15.0,0,39
engr1,MOTO,PGD,0.9,FGSM,0.6,15.270833333333334,15.0,0,39
engr1,MOTO,PGD,0.9,FGSM,0.7,15.270833333333334,15.0,0,39
engr1,MOTO,PGD,0.9,FGSM,0.8,15.270833333333334,15.0,0,39
engr1,MOTO,PGD,0.9,FGSM,0.9,15.270833333333334,15.0,0,39
engr1,MOTO,PGD,0.9,FGSM,1.0,15.270833333333334,15.0,0,39
engr1,OP3,PGD,0.9,FGSM,0.1,6.0,4.5,0,47
engr1,OP3,PGD,0.9,FGSM,0.2,11.1875,9.0,0,47
engr1,OP3,PGD,0.9,FGSM,0.3,15.6875,12.5,0,46
engr1,OP3,PGD,0.9,FGSM,0.4,16.4375,14.0,0,42
engr1,OP3,PGD,0.9,FGSM,0.5,15.645833333333334,13.5,0,42
engr1,OP3,PGD,0.9,FGSM,0.6,15.645833333333334,13.5,0,42
engr1,OP3,PGD,0.9,FGSM,0.7,15.645833333333334,13.5,0,42
engr1,OP3,PGD,0.9,FGSM,0.8,15.645833333333334,13.5,0,42
engr1,OP3,PGD,0.9,FGSM,0.9,15.645833333333334,13.5,0,42
engr1,OP3,PGD,0.9,FGSM,1.0,15.645833333333334,13.5,0,42
engr1,S7,PGD,0.9,FGSM,0.1,6.479166666666667,3.5,0,26
engr1,S7,PGD,0.9,FGSM,0.2,13.0,12.0,0,42
engr1,S7,PGD,0.9,FGSM,0.3,15.0,13.0,0,46
engr1,S7,PGD,0.9,FGSM,0.4,13.916666666666666,12.5,0,41
engr1,S7,PGD,0.9,FGSM,0.5,14.0625,12.5,0,41
engr1,S7,PGD,0.9,FGSM,0.6,14.0625,12.5,0,41
engr1,S7,PGD,0.9,FGSM,0.7,14.0625,12.5,0,41
engr1,S7,PGD,0.9,FGSM,0.8,14.0625,12.5,0,41
engr1,S7,PGD,0.9,FGSM,0.9,14.0625,12.5,0,41
engr1,S7,PGD,0.9,FGSM,1.0,14.0625,12.5,0,41
engr1,BLU,PGD,1.0,FGSM,0.1,4.729166666666667,3.0,0,26
engr1,BLU,PGD,1.0,FGSM,0.2,12.6875,9.0,0,40
engr1,BLU,PGD,1.0,FGSM,0.3,13.916666666666666,10.0,0,45
engr1,BLU,PGD,1.0,FGSM,0.4,15.375,11.5,0,40
engr1,BLU,PGD,1.0,FGSM,0.5,13.5625,10.0,0,40
engr1,BLU,PGD,1.0,FGSM,0.6,13.5625,10.0,0,40
engr1,BLU,PGD,1.0,FGSM,0.7,13.5625,10.0,0,40
engr1,BLU,PGD,1.0,FGSM,0.8,13.5625,10.0,0,40
engr1,BLU,PGD,1.0,FGSM,0.9,13.5625,10.0,0,40
engr1,BLU,PGD,1.0,FGSM,1.0,13.5625,10.0,0,40
engr1,HTC,PGD,1.0,FGSM,0.1,7.666666666666667,6.0,0,21
engr1,HTC,PGD,1.0,FGSM,0.2,15.770833333333334,13.5,2,47
engr1,HTC,PGD,1.0,FGSM,0.3,17.395833333333332,14.0,2,42
engr1,HTC,PGD,1.0,FGSM,0.4,17.5,16.0,2,37
engr1,HTC,PGD,1.0,FGSM,0.5,17.145833333333332,15.5,2,37
engr1,HTC,PGD,1.0,FGSM,0.6,17.145833333333332,15.5,2,37
engr1,HTC,PGD,1.0,FGSM,0.7,17.145833333333332,15.5,2,37
engr1,HTC,PGD,1.0,FGSM,0.8,17.145833333333332,15.5,2,37
engr1,HTC,PGD,1.0,FGSM,0.9,17.145833333333332,15.5,2,37
engr1,HTC,PGD,1.0,FGSM,1.0,17.145833333333332,15.5,2,37
engr1,LG,PGD,1.0,FGSM,0.1,7.020833333333333,5.0,0,21
engr1,LG,PGD,1.0,FGSM,0.2,11.791666666666666,10.5,1,41
engr1,LG,PGD,1.0,FGSM,0.3,17.604166666666668,15.0,0,43
engr1,LG,PGD,1.0,FGSM,0.4,17.520833333333332,15.0,0,38
engr1,LG,PGD,1.0,FGSM,0.5,17.625,15.0,0,39
engr1,LG,PGD,1.0,FGSM,0.6,17.625,15.0,0,39
engr1,LG,PGD,1.0,FGSM,0.7,17.625,15.0,0,39
engr1,LG,PGD,1.0,FGSM,0.8,17.625,15.0,0,39
engr1,LG,PGD,1.0,FGSM,0.9,17.625,15.0,0,39
engr1,LG,PGD,1.0,FGSM,1.0,17.625,15.0,0,39
engr1,MOTO,PGD,1.0,FGSM,0.1,7.770833333333333,5.5,0,26
engr1,MOTO,PGD,1.0,FGSM,0.2,12.3125,11.0,0,32
engr1,MOTO,PGD,1.0,FGSM,0.3,15.0625,13.5,0,41
engr1,MOTO,PGD,1.0,FGSM,0.4,16.833333333333332,15.5,0,39
engr1,MOTO,PGD,1.0,FGSM,0.5,15.270833333333334,15.0,0,39
engr1,MOTO,PGD,1.0,FGSM,0.6,15.270833333333334,15.0,0,39
engr1,MOTO,PGD,1.0,FGSM,0.7,15.270833333333334,15.0,0,39
engr1,MOTO,PGD,1.0,FGSM,0.8,15.270833333333334,15.0,0,39
engr1,MOTO,PGD,1.0,FGSM,0.9,15.270833333333334,15.0,0,39
engr1,MOTO,PGD,1.0,FGSM,1.0,15.270833333333334,15.0,0,39
engr1,OP3,PGD,1.0,FGSM,0.1,6.0,4.5,0,47
engr1,OP3,PGD,1.0,FGSM,0.2,11.1875,9.0,0,47
engr1,OP3,PGD,1.0,FGSM,0.3,15.6875,12.5,0,46
engr1,OP3,PGD,1.0,FGSM,0.4,16.4375,14.0,0,42
engr1,OP3,PGD,1.0,FGSM,0.5,15.645833333333334,13.5,0,42
engr1,OP3,PGD,1.0,FGSM,0.6,15.645833333333334,13.5,0,42
engr1,OP3,PGD,1.0,FGSM,0.7,15.645833333333334,13.5,0,42
engr1,OP3,PGD,1.0,FGSM,0.8,15.645833333333334,13.5,0,42
engr1,OP3,PGD,1.0,FGSM,0.9,15.645833333333334,13.5,0,42
engr1,OP3,PGD,1.0,FGSM,1.0,15.645833333333334,13.5,0,42
engr1,S7,PGD,1.0,FGSM,0.1,6.479166666666667,3.5,0,26
engr1,S7,PGD,1.0,FGSM,0.2,13.0,12.0,0,42
engr1,S7,PGD,1.0,FGSM,0.3,15.0,13.0,0,46
engr1,S7,PGD,1.0,FGSM,0.4,13.916666666666666,12.5,0,41
engr1,S7,PGD,1.0,FGSM,0.5,14.0625,12.5,0,41
engr1,S7,PGD,1.0,FGSM,0.6,14.0625,12.5,0,41
engr1,S7,PGD,1.0,FGSM,0.7,14.0625,12.5,0,41
engr1,S7,PGD,1.0,FGSM,0.8,14.0625,12.5,0,41
engr1,S7,PGD,1.0,FGSM,0.9,14.0625,12.5,0,41
engr1,S7,PGD,1.0,FGSM,1.0,14.0625,12.5,0,41
engr1,BLU,MIM,0.1,FGSM,0.1,3.3125,3.0,0,11
engr1,BLU,MIM,0.1,FGSM,0.2,10.5,6.5,0,44
engr1,BLU,MIM,0.1,FGSM,0.3,18.041666666666668,16.5,0,46
engr1,BLU,MIM,0.1,FGSM,0.4,17.666666666666668,16.5,0,40
engr1,BLU,MIM,0.1,FGSM,0.5,17.666666666666668,16.5,0,40
engr1,BLU,MIM,0.1,FGSM,0.6,17.666666666666668,16.5,0,40
engr1,BLU,MIM,0.1,FGSM,0.7,17.666666666666668,16.5,0,40
engr1,BLU,MIM,0.1,FGSM,0.8,17.666666666666668,16.5,0,40
engr1,BLU,MIM,0.1,FGSM,0.9,17.666666666666668,16.5,0,40
engr1,BLU,MIM,0.1,FGSM,1.0,17.666666666666668,16.5,0,40
engr1,HTC,MIM,0.1,FGSM,0.1,4.9375,4.5,0,16
engr1,HTC,MIM,0.1,FGSM,0.2,15.166666666666666,14.0,0,40
engr1,HTC,MIM,0.1,FGSM,0.3,21.9375,20.5,0,41
engr1,HTC,MIM,0.1,FGSM,0.4,22.9375,23.0,0,41
engr1,HTC,MIM,0.1,FGSM,0.5,22.541666666666668,23.0,0,40
engr1,HTC,MIM,0.1,FGSM,0.6,22.541666666666668,23.0,0,40
engr1,HTC,MIM,0.1,FGSM,0.7,22.541666666666668,23.0,0,40
engr1,HTC,MIM,0.1,FGSM,0.8,22.541666666666668,23.0,0,40
engr1,HTC,MIM,0.1,FGSM,0.9,22.541666666666668,23.0,0,40
engr1,HTC,MIM,0.1,FGSM,1.0,22.541666666666668,23.0,0,40
engr1,LG,MIM,0.1,FGSM,0.1,4.895833333333333,4.0,0,15
engr1,LG,MIM,0.1,FGSM,0.2,9.875,8.0,1,34
engr1,LG,MIM,0.1,FGSM,0.3,17.770833333333332,17.0,1,42
engr1,LG,MIM,0.1,FGSM,0.4,21.125,20.5,1,42
engr1,LG,MIM,0.1,FGSM,0.5,21.4375,20.5,1,37
engr1,LG,MIM,0.1,FGSM,0.6,21.4375,20.5,1,37
engr1,LG,MIM,0.1,FGSM,0.7,21.4375,20.5,1,37
engr1,LG,MIM,0.1,FGSM,0.8,21.4375,20.5,1,37
engr1,LG,MIM,0.1,FGSM,0.9,21.4375,20.5,1,37
engr1,LG,MIM,0.1,FGSM,1.0,21.4375,20.5,1,37
engr1,MOTO,MIM,0.1,FGSM,0.1,4.375,3.0,0,17
engr1,MOTO,MIM,0.1,FGSM,0.2,14.708333333333334,11.5,0,44
engr1,MOTO,MIM,0.1,FGSM,0.3,17.854166666666668,16.0,0,44
engr1,MOTO,MIM,0.1,FGSM,0.4,19.0,18.5,0,44
engr1,MOTO,MIM,0.1,FGSM,0.5,18.0,17.5,0,39
engr1,MOTO,MIM,0.1,FGSM,0.6,17.958333333333332,17.5,0,39
engr1,MOTO,MIM,0.1,FGSM,0.7,17.958333333333332,17.5,0,39
engr1,MOTO,MIM,0.1,FGSM,0.8,17.958333333333332,17.5,0,39
engr1,MOTO,MIM,0.1,FGSM,0.9,17.958333333333332,17.5,0,39
engr1,MOTO,MIM,0.1,FGSM,1.0,17.958333333333332,17.5,0,39
engr1,OP3,MIM,0.1,FGSM,0.1,2.3958333333333335,1.0,0,15
engr1,OP3,MIM,0.1,FGSM,0.2,13.625,11.5,0,45
engr1,OP3,MIM,0.1,FGSM,0.3,18.145833333333332,13.0,1,45
engr1,OP3,MIM,0.1,FGSM,0.4,18.333333333333332,14.0,1,45
engr1,OP3,MIM,0.1,FGSM,0.5,17.833333333333332,14.0,1,44
engr1,OP3,MIM,0.1,FGSM,0.6,17.833333333333332,14.0,1,44
engr1,OP3,MIM,0.1,FGSM,0.7,17.833333333333332,14.0,1,44
engr1,OP3,MIM,0.1,FGSM,0.8,17.833333333333332,14.0,1,44
engr1,OP3,MIM,0.1,FGSM,0.9,17.833333333333332,14.0,1,44
engr1,OP3,MIM,0.1,FGSM,1.0,17.833333333333332,14.0,1,44
engr1,S7,MIM,0.1,FGSM,0.1,2.9166666666666665,3.0,0,10
engr1,S7,MIM,0.1,FGSM,0.2,13.229166666666666,11.5,1,44
engr1,S7,MIM,0.1,FGSM,0.3,18.145833333333332,15.5,1,44
engr1,S7,MIM,0.1,FGSM,0.4,18.5,15.5,1,44
engr1,S7,MIM,0.1,FGSM,0.5,18.416666666666668,15.5,1,46
engr1,S7,MIM,0.1,FGSM,0.6,18.229166666666668,15.5,1,41
engr1,S7,MIM,0.1,FGSM,0.7,18.229166666666668,15.5,1,41
engr1,S7,MIM,0.1,FGSM,0.8,18.229166666666668,15.5,1,41
engr1,S7,MIM,0.1,FGSM,0.9,18.229166666666668,15.5,1,41
engr1,S7,MIM,0.1,FGSM,1.0,18.229166666666668,15.5,1,41
engr1,BLU,MIM,0.2,FGSM,0.1,4.208333333333333,3.0,0,12
engr1,BLU,MIM,0.2,FGSM,0.2,5.3125,4.0,0,27
engr1,BLU,MIM,0.2,FGSM,0.3,19.291666666666668,15.5,0,45
engr1,BLU,MIM,0.2,FGSM,0.4,20.0625,20.5,0,45
engr1,BLU,MIM,0.2,FGSM,0.5,17.979166666666668,16.5,0,42
engr1,BLU,MIM,0.2,FGSM,0.6,17.666666666666668,16.5,0,40
engr1,BLU,MIM,0.2,FGSM,0.7,17.666666666666668,16.5,0,40
engr1,BLU,MIM,0.2,FGSM,0.8,17.666666666666668,16.5,0,40
engr1,BLU,MIM,0.2,FGSM,0.9,17.666666666666668,16.5,0,40
engr1,BLU,MIM,0.2,FGSM,1.0,17.666666666666668,16.5,0,40
engr1,HTC,MIM,0.2,FGSM,0.1,5.395833333333333,4.0,0,20
engr1,HTC,MIM,0.2,FGSM,0.2,8.083333333333334,7.0,0,39
engr1,HTC,MIM,0.2,FGSM,0.3,20.1875,18.0,0,47
engr1,HTC,MIM,0.2,FGSM,0.4,22.125,19.0,0,47
engr1,HTC,MIM,0.2,FGSM,0.5,23.229166666666668,25.5,0,47
engr1,HTC,MIM,0.2,FGSM,0.6,23.104166666666668,25.5,0,47
engr1,HTC,MIM,0.2,FGSM,0.7,23.104166666666668,25.5,0,47
engr1,HTC,MIM,0.2,FGSM,0.8,23.104166666666668,25.5,0,47
engr1,HTC,MIM,0.2,FGSM,0.9,23.104166666666668,25.5,0,47
engr1,HTC,MIM,0.2,FGSM,1.0,23.104166666666668,25.5,0,47
engr1,LG,MIM,0.2,FGSM,0.1,4.645833333333333,4.5,0,16
engr1,LG,MIM,0.2,FGSM,0.2,6.9375,6.0,1,21
engr1,LG,MIM,0.2,FGSM,0.3,14.729166666666666,10.5,0,42
engr1,LG,MIM,0.2,FGSM,0.4,18.479166666666668,17.5,1,42
engr1,LG,MIM,0.2,FGSM,0.5,20.125,19.0,1,43
engr1,LG,MIM,0.2,FGSM,0.6,20.479166666666668,19.0,1,43
engr1,LG,MIM,0.2,FGSM,0.7,20.479166666666668,19.0,1,43
engr1,LG,MIM,0.2,FGSM,0.8,20.479166666666668,19.0,1,43
engr1,LG,MIM,0.2,FGSM,0.9,20.479166666666668,19.0,1,43
engr1,LG,MIM,0.2,FGSM,1.0,20.479166666666668,19.0,1,43
engr1,MOTO,MIM,0.2,FGSM,0.1,5.395833333333333,5.0,0,30
engr1,MOTO,MIM,0.2,FGSM,0.2,7.854166666666667,6.0,0,38
engr1,MOTO,MIM,0.2,FGSM,0.3,16.375,13.5,0,45
engr1,MOTO,MIM,0.2,FGSM,0.4,20.104166666666668,19.5,1,45
engr1,MOTO,MIM,0.2,FGSM,0.5,20.708333333333332,20.0,1,45
engr1,MOTO,MIM,0.2,FGSM,0.6,20.166666666666668,19.5,1,45
engr1,MOTO,MIM,0.2,FGSM,0.7,20.166666666666668,19.5,1,45
engr1,MOTO,MIM,0.2,FGSM,0.8,20.166666666666668,19.5,1,45
engr1,MOTO,MIM,0.2,FGSM,0.9,20.166666666666668,19.5,1,45
engr1,MOTO,MIM,0.2,FGSM,1.0,20.166666666666668,19.5,1,45
engr1,OP3,MIM,0.2,FGSM,0.1,4.291666666666667,3.0,0,17
engr1,OP3,MIM,0.2,FGSM,0.2,7.6875,6.0,0,34
engr1,OP3,MIM,0.2,FGSM,0.3,16.5,15.0,1,45
engr1,OP3,MIM,0.2,FGSM,0.4,20.291666666666668,18.0,1,47
engr1,OP3,MIM,0.2,FGSM,0.5,20.479166666666668,18.0,1,47
engr1,OP3,MIM,0.2,FGSM,0.6,20.4375,18.0,1,47
engr1,OP3,MIM,0.2,FGSM,0.7,20.4375,18.0,1,47
engr1,OP3,MIM,0.2,FGSM,0.8,20.4375,18.0,1,47
engr1,OP3,MIM,0.2,FGSM,0.9,20.4375,18.0,1,47
engr1,OP3,MIM,0.2,FGSM,1.0,20.4375,18.0,1,47
engr1,S7,MIM,0.2,FGSM,0.1,4.020833333333333,3.0,0,14
engr1,S7,MIM,0.2,FGSM,0.2,6.104166666666667,5.0,0,16
engr1,S7,MIM,0.2,FGSM,0.3,15.729166666666666,13.0,1,47
engr1,S7,MIM,0.2,FGSM,0.4,19.625,16.0,1,47
engr1,S7,MIM,0.2,FGSM,0.5,20.291666666666668,17.0,1,47
engr1,S7,MIM,0.2,FGSM,0.6,20.166666666666668,17.0,1,47
engr1,S7,MIM,0.2,FGSM,0.7,20.166666666666668,17.0,1,47
engr1,S7,MIM,0.2,FGSM,0.8,20.166666666666668,17.0,1,47
engr1,S7,MIM,0.2,FGSM,0.9,20.166666666666668,17.0,1,47
engr1,S7,MIM,0.2,FGSM,1.0,20.166666666666668,17.0,1,47
engr1,BLU,MIM,0.3,FGSM,0.1,3.1458333333333335,2.5,0,11
engr1,BLU,MIM,0.3,FGSM,0.2,8.520833333333334,5.5,0,38
engr1,BLU,MIM,0.3,FGSM,0.3,17.145833333333332,13.5,0,45
engr1,BLU,MIM,0.3,FGSM,0.4,18.8125,16.5,0,41
engr1,BLU,MIM,0.3,FGSM,0.5,17.666666666666668,16.5,0,40
engr1,BLU,MIM,0.3,FGSM,0.6,17.666666666666668,16.5,0,40
engr1,BLU,MIM,0.3,FGSM,0.7,17.666666666666668,16.5,0,40
engr1,BLU,MIM,0.3,FGSM,0.8,17.666666666666668,16.5,0,40
engr1,BLU,MIM,0.3,FGSM,0.9,17.666666666666668,16.5,0,40
engr1,BLU,MIM,0.3,FGSM,1.0,17.666666666666668,16.5,0,40
engr1,HTC,MIM,0.3,FGSM,0.1,6.666666666666667,5.0,0,20
engr1,HTC,MIM,0.3,FGSM,0.2,10.25,9.0,1,24
engr1,HTC,MIM,0.3,FGSM,0.3,14.541666666666666,13.0,2,41
engr1,HTC,MIM,0.3,FGSM,0.4,18.9375,17.5,2,44
engr1,HTC,MIM,0.3,FGSM,0.5,21.75,19.0,2,47
engr1,HTC,MIM,0.3,FGSM,0.6,22.0625,19.0,2,47
engr1,HTC,MIM,0.3,FGSM,0.7,22.0625,19.0,2,47
engr1,HTC,MIM,0.3,FGSM,0.8,22.0625,19.0,2,47
engr1,HTC,MIM,0.3,FGSM,0.9,22.0625,19.0,2,47
engr1,HTC,MIM,0.3,FGSM,1.0,22.0625,19.0,2,47
engr1,LG,MIM,0.3,FGSM,0.1,5.416666666666667,4.0,0,22
engr1,LG,MIM,0.3,FGSM,0.2,9.083333333333334,8.0,0,23
engr1,LG,MIM,0.3,FGSM,0.3,11.020833333333334,8.5,0,39
engr1,LG,MIM,0.3,FGSM,0.4,15.229166666666666,12.5,0,42
engr1,LG,MIM,0.3,FGSM,0.5,17.666666666666668,15.5,0,47
engr1,LG,MIM,0.3,FGSM,0.6,19.541666666666668,18.0,0,47
engr1,LG,MIM,0.3,FGSM,0.7,19.916666666666668,18.0,0,47
engr1,LG,MIM,0.3,FGSM,0.8,19.916666666666668,18.0,0,47
engr1,LG,MIM,0.3,FGSM,0.9,19.916666666666668,18.0,0,47
engr1,LG,MIM,0.3,FGSM,1.0,19.916666666666668,18.0,0,47
engr1,MOTO,MIM,0.3,FGSM,0.1,5.208333333333333,5.0,0,28
engr1,MOTO,MIM,0.3,FGSM,0.2,10.583333333333334,8.0,1,39
engr1,MOTO,MIM,0.3,FGSM,0.3,13.083333333333334,9.5,0,43
engr1,MOTO,MIM,0.3,FGSM,0.4,14.416666666666666,10.0,0,42
engr1,MOTO,MIM,0.3,FGSM,0.5,17.5625,14.0,0,45
engr1,MOTO,MIM,0.3,FGSM,0.6,17.895833333333332,14.5,0,45
engr1,MOTO,MIM,0.3,FGSM,0.7,18.270833333333332,14.5,0,45
engr1,MOTO,MIM,0.3,FGSM,0.8,18.270833333333332,14.5,0,45
engr1,MOTO,MIM,0.3,FGSM,0.9,18.270833333333332,14.5,0,45
engr1,MOTO,MIM,0.3,FGSM,1.0,18.270833333333332,14.5,0,45
engr1,OP3,MIM,0.3,FGSM,0.1,4.166666666666667,3.5,0,17
engr1,OP3,MIM,0.3,FGSM,0.2,8.625,7.5,0,33
engr1,OP3,MIM,0.3,FGSM,0.3,11.583333333333334,9.0,0,45
engr1,OP3,MIM,0.3,FGSM,0.4,16.0625,12.0,0,46
engr1,OP3,MIM,0.3,FGSM,0.5,18.0,13.5,0,47
engr1,OP3,MIM,0.3,FGSM,0.6,17.916666666666668,13.0,0,47
engr1,OP3,MIM,0.3,FGSM,0.7,18.6875,14.5,0,47
engr1,OP3,MIM,0.3,FGSM,0.8,18.6875,14.5,0,47
engr1,OP3,MIM,0.3,FGSM,0.9,18.6875,14.5,0,47
engr1,OP3,MIM,0.3,FGSM,1.0,18.6875,14.5,0,47
engr1,S7,MIM,0.3,FGSM,0.1,4.125,3.0,0,17
engr1,S7,MIM,0.3,FGSM,0.2,7.541666666666667,6.0,0,21
engr1,S7,MIM,0.3,FGSM,0.3,11.729166666666666,7.5,0,44
engr1,S7,MIM,0.3,FGSM,0.4,15.4375,14.0,0,47
engr1,S7,MIM,0.3,FGSM,0.5,19.229166666666668,15.0,0,47
engr1,S7,MIM,0.3,FGSM,0.6,19.604166666666668,16.0,0,47
engr1,S7,MIM,0.3,FGSM,0.7,19.604166666666668,16.0,0,47
engr1,S7,MIM,0.3,FGSM,0.8,19.604166666666668,16.0,0,47
engr1,S7,MIM,0.3,FGSM,0.9,19.604166666666668,16.0,0,47
engr1,S7,MIM,0.3,FGSM,1.0,19.604166666666668,16.0,0,47
engr1,BLU,MIM,0.4,FGSM,0.1,3.4166666666666665,3.0,0,11
engr1,BLU,MIM,0.4,FGSM,0.2,15.770833333333334,11.5,0,40
engr1,BLU,MIM,0.4,FGSM,0.3,19.208333333333332,16.5,0,45
engr1,BLU,MIM,0.4,FGSM,0.4,18.8125,16.5,0,41
engr1,BLU,MIM,0.4,FGSM,0.5,17.666666666666668,16.5,0,40
engr1,BLU,MIM,0.4,FGSM,0.6,17.666666666666668,16.5,0,40
engr1,BLU,MIM,0.4,FGSM,0.7,17.666666666666668,16.5,0,40
engr1,BLU,MIM,0.4,FGSM,0.8,17.666666666666668,16.5,0,40
engr1,BLU,MIM,0.4,FGSM,0.9,17.666666666666668,16.5,0,40
engr1,BLU,MIM,0.4,FGSM,1.0,17.666666666666668,16.5,0,40
engr1,HTC,MIM,0.4,FGSM,0.1,7.0,6.0,0,21
engr1,HTC,MIM,0.4,FGSM,0.2,11.020833333333334,9.5,0,34
engr1,HTC,MIM,0.4,FGSM,0.3,14.8125,13.0,1,40
engr1,HTC,MIM,0.4,FGSM,0.4,18.833333333333332,18.0,2,46
engr1,HTC,MIM,0.4,FGSM,0.5,21.0625,19.0,2,47
engr1,HTC,MIM,0.4,FGSM,0.6,22.375,20.0,2,47
engr1,HTC,MIM,0.4,FGSM,0.7,22.104166666666668,19.5,2,47
engr1,HTC,MIM,0.4,FGSM,0.8,22.104166666666668,19.5,2,47
engr1,HTC,MIM,0.4,FGSM,0.9,22.104166666666668,19.5,2,47
engr1,HTC,MIM,0.4,FGSM,1.0,22.104166666666668,19.5,2,47
engr1,LG,MIM,0.4,FGSM,0.1,4.1875,3.0,0,16
engr1,LG,MIM,0.4,FGSM,0.2,8.895833333333334,8.5,0,21
engr1,LG,MIM,0.4,FGSM,0.3,13.416666666666666,10.5,1,40
engr1,LG,MIM,0.4,FGSM,0.4,15.479166666666666,12.5,0,40
engr1,LG,MIM,0.4,FGSM,0.5,18.0,15.5,0,46
engr1,LG,MIM,0.4,FGSM,0.6,20.395833333333332,18.5,1,47
engr1,LG,MIM,0.4,FGSM,0.7,20.8125,18.5,1,47
engr1,LG,MIM,0.4,FGSM,0.8,20.8125,18.5,1,47
engr1,LG,MIM,0.4,FGSM,0.9,20.8125,18.5,1,47
engr1,LG,MIM,0.4,FGSM,1.0,20.8125,18.5,1,47
engr1,MOTO,MIM,0.4,FGSM,0.1,5.333333333333333,4.0,0,22
engr1,MOTO,MIM,0.4,FGSM,0.2,9.020833333333334,6.5,1,31
engr1,MOTO,MIM,0.4,FGSM,0.3,13.770833333333334,10.0,0,43
engr1,MOTO,MIM,0.4,FGSM,0.4,16.479166666666668,12.5,0,45
engr1,MOTO,MIM,0.4,FGSM,0.5,20.041666666666668,17.5,0,45
engr1,MOTO,MIM,0.4,FGSM,0.6,19.8125,16.0,0,45
engr1,MOTO,MIM,0.4,FGSM,0.7,19.729166666666668,16.0,0,45
engr1,MOTO,MIM,0.4,FGSM,0.8,19.8125,16.0,0,45
engr1,MOTO,MIM,0.4,FGSM,0.9,19.8125,16.0,0,45
engr1,MOTO,MIM,0.4,FGSM,1.0,19.8125,16.0,0,45
engr1,OP3,MIM,0.4,FGSM,0.1,3.4375,3.0,0,17
engr1,OP3,MIM,0.4,FGSM,0.2,9.8125,9.0,0,27
engr1,OP3,MIM,0.4,FGSM,0.3,12.25,10.0,0,45
engr1,OP3,MIM,0.4,FGSM,0.4,15.5625,11.0,0,47
engr1,OP3,MIM,0.4,FGSM,0.5,18.395833333333332,14.0,0,47
engr1,OP3,MIM,0.4,FGSM,0.6,19.875,15.5,0,47
engr1,OP3,MIM,0.4,FGSM,0.7,19.875,15.5,0,47
engr1,OP3,MIM,0.4,FGSM,0.8,19.875,15.5,0,47
engr1,OP3,MIM,0.4,FGSM,0.9,19.875,15.5,0,47
engr1,OP3,MIM,0.4,FGSM,1.0,19.875,15.5,0,47
engr1,S7,MIM,0.4,FGSM,0.1,4.8125,4.0,0,14
engr1,S7,MIM,0.4,FGSM,0.2,8.1875,6.0,1,38
engr1,S7,MIM,0.4,FGSM,0.3,13.625,9.0,0,47
engr1,S7,MIM,0.4,FGSM,0.4,16.791666666666668,13.0,0,47
engr1,S7,MIM,0.4,FGSM,0.5,20.1875,16.0,0,47
engr1,S7,MIM,0.4,FGSM,0.6,20.979166666666668,17.0,0,47
engr1,S7,MIM,0.4,FGSM,0.7,21.229166666666668,17.0,1,47
engr1,S7,MIM,0.4,FGSM,0.8,21.229166666666668,17.0,1,47
engr1,S7,MIM,0.4,FGSM,0.9,21.229166666666668,17.0,1,47
engr1,S7,MIM,0.4,FGSM,1.0,21.229166666666668,17.0,1,47
engr1,BLU,MIM,0.5,FGSM,0.1,3.4166666666666665,3.0,0,11
engr1,BLU,MIM,0.5,FGSM,0.2,15.770833333333334,11.5,0,40
engr1,BLU,MIM,0.5,FGSM,0.3,19.208333333333332,16.5,0,45
engr1,BLU,MIM,0.5,FGSM,0.4,18.8125,16.5,0,41
engr1,BLU,MIM,0.5,FGSM,0.5,17.666666666666668,16.5,0,40
engr1,BLU,MIM,0.5,FGSM,0.6,17.666666666666668,16.5,0,40
engr1,BLU,MIM,0.5,FGSM,0.7,17.666666666666668,16.5,0,40
engr1,BLU,MIM,0.5,FGSM,0.8,17.666666666666668,16.5,0,40
engr1,BLU,MIM,0.5,FGSM,0.9,17.666666666666668,16.5,0,40
engr1,BLU,MIM,0.5,FGSM,1.0,17.666666666666668,16.5,0,40
engr1,HTC,MIM,0.5,FGSM,0.1,7.0,6.0,0,21
engr1,HTC,MIM,0.5,FGSM,0.2,11.020833333333334,9.5,0,34
engr1,HTC,MIM,0.5,FGSM,0.3,14.8125,13.0,1,40
engr1,HTC,MIM,0.5,FGSM,0.4,18.833333333333332,18.0,2,46
engr1,HTC,MIM,0.5,FGSM,0.5,21.0625,19.0,2,47
engr1,HTC,MIM,0.5,FGSM,0.6,22.375,20.0,2,47
engr1,HTC,MIM,0.5,FGSM,0.7,22.104166666666668,19.5,2,47
engr1,HTC,MIM,0.5,FGSM,0.8,22.104166666666668,19.5,2,47
engr1,HTC,MIM,0.5,FGSM,0.9,22.104166666666668,19.5,2,47
engr1,HTC,MIM,0.5,FGSM,1.0,22.104166666666668,19.5,2,47
engr1,LG,MIM,0.5,FGSM,0.1,4.1875,3.0,0,16
engr1,LG,MIM,0.5,FGSM,0.2,8.895833333333334,8.5,0,21
engr1,LG,MIM,0.5,FGSM,0.3,13.416666666666666,10.5,1,40
engr1,LG,MIM,0.5,FGSM,0.4,15.479166666666666,12.5,0,40
engr1,LG,MIM,0.5,FGSM,0.5,18.0,15.5,0,46
engr1,LG,MIM,0.5,FGSM,0.6,20.395833333333332,18.5,1,47
engr1,LG,MIM,0.5,FGSM,0.7,20.8125,18.5,1,47
engr1,LG,MIM,0.5,FGSM,0.8,20.8125,18.5,1,47
engr1,LG,MIM,0.5,FGSM,0.9,20.8125,18.5,1,47
engr1,LG,MIM,0.5,FGSM,1.0,20.8125,18.5,1,47
engr1,MOTO,MIM,0.5,FGSM,0.1,5.333333333333333,4.0,0,22
engr1,MOTO,MIM,0.5,FGSM,0.2,9.020833333333334,6.5,1,31
engr1,MOTO,MIM,0.5,FGSM,0.3,13.770833333333334,10.0,0,43
engr1,MOTO,MIM,0.5,FGSM,0.4,16.479166666666668,12.5,0,45
engr1,MOTO,MIM,0.5,FGSM,0.5,20.041666666666668,17.5,0,45
engr1,MOTO,MIM,0.5,FGSM,0.6,19.8125,16.0,0,45
engr1,MOTO,MIM,0.5,FGSM,0.7,19.729166666666668,16.0,0,45
engr1,MOTO,MIM,0.5,FGSM,0.8,19.8125,16.0,0,45
engr1,MOTO,MIM,0.5,FGSM,0.9,19.8125,16.0,0,45
engr1,MOTO,MIM,0.5,FGSM,1.0,19.8125,16.0,0,45
engr1,OP3,MIM,0.5,FGSM,0.1,3.4375,3.0,0,17
engr1,OP3,MIM,0.5,FGSM,0.2,9.8125,9.0,0,27
engr1,OP3,MIM,0.5,FGSM,0.3,12.25,10.0,0,45
engr1,OP3,MIM,0.5,FGSM,0.4,15.5625,11.0,0,47
engr1,OP3,MIM,0.5,FGSM,0.5,18.395833333333332,14.0,0,47
engr1,OP3,MIM,0.5,FGSM,0.6,19.875,15.5,0,47
engr1,OP3,MIM,0.5,FGSM,0.7,19.875,15.5,0,47
engr1,OP3,MIM,0.5,FGSM,0.8,19.875,15.5,0,47
engr1,OP3,MIM,0.5,FGSM,0.9,19.875,15.5,0,47
engr1,OP3,MIM,0.5,FGSM,1.0,19.875,15.5,0,47
engr1,S7,MIM,0.5,FGSM,0.1,4.8125,4.0,0,14
engr1,S7,MIM,0.5,FGSM,0.2,8.1875,6.0,1,38
engr1,S7,MIM,0.5,FGSM,0.3,13.625,9.0,0,47
engr1,S7,MIM,0.5,FGSM,0.4,16.791666666666668,13.0,0,47
engr1,S7,MIM,0.5,FGSM,0.5,20.1875,16.0,0,47
engr1,S7,MIM,0.5,FGSM,0.6,20.979166666666668,17.0,0,47
engr1,S7,MIM,0.5,FGSM,0.7,21.229166666666668,17.0,1,47
engr1,S7,MIM,0.5,FGSM,0.8,21.229166666666668,17.0,1,47
engr1,S7,MIM,0.5,FGSM,0.9,21.229166666666668,17.0,1,47
engr1,S7,MIM,0.5,FGSM,1.0,21.229166666666668,17.0,1,47
engr1,BLU,MIM,0.6,FGSM,0.1,3.4166666666666665,3.0,0,11
engr1,BLU,MIM,0.6,FGSM,0.2,15.770833333333334,11.5,0,40
engr1,BLU,MIM,0.6,FGSM,0.3,19.208333333333332,16.5,0,45
engr1,BLU,MIM,0.6,FGSM,0.4,18.8125,16.5,0,41
engr1,BLU,MIM,0.6,FGSM,0.5,17.666666666666668,16.5,0,40
engr1,BLU,MIM,0.6,FGSM,0.6,17.666666666666668,16.5,0,40
engr1,BLU,MIM,0.6,FGSM,0.7,17.666666666666668,16.5,0,40
engr1,BLU,MIM,0.6,FGSM,0.8,17.666666666666668,16.5,0,40
engr1,BLU,MIM,0.6,FGSM,0.9,17.666666666666668,16.5,0,40
engr1,BLU,MIM,0.6,FGSM,1.0,17.666666666666668,16.5,0,40
engr1,HTC,MIM,0.6,FGSM,0.1,7.0,6.0,0,21
engr1,HTC,MIM,0.6,FGSM,0.2,11.020833333333334,9.5,0,34
engr1,HTC,MIM,0.6,FGSM,0.3,14.8125,13.0,1,40
engr1,HTC,MIM,0.6,FGSM,0.4,18.833333333333332,18.0,2,46
engr1,HTC,MIM,0.6,FGSM,0.5,21.0625,19.0,2,47
engr1,HTC,MIM,0.6,FGSM,0.6,22.375,20.0,2,47
engr1,HTC,MIM,0.6,FGSM,0.7,22.104166666666668,19.5,2,47
engr1,HTC,MIM,0.6,FGSM,0.8,22.104166666666668,19.5,2,47
engr1,HTC,MIM,0.6,FGSM,0.9,22.104166666666668,19.5,2,47
engr1,HTC,MIM,0.6,FGSM,1.0,22.104166666666668,19.5,2,47
engr1,LG,MIM,0.6,FGSM,0.1,4.1875,3.0,0,16
engr1,LG,MIM,0.6,FGSM,0.2,8.895833333333334,8.5,0,21
engr1,LG,MIM,0.6,FGSM,0.3,13.416666666666666,10.5,1,40
engr1,LG,MIM,0.6,FGSM,0.4,15.479166666666666,12.5,0,40
engr1,LG,MIM,0.6,FGSM,0.5,18.0,15.5,0,46
engr1,LG,MIM,0.6,FGSM,0.6,20.395833333333332,18.5,1,47
engr1,LG,MIM,0.6,FGSM,0.7,20.8125,18.5,1,47
engr1,LG,MIM,0.6,FGSM,0.8,20.8125,18.5,1,47
engr1,LG,MIM,0.6,FGSM,0.9,20.8125,18.5,1,47
engr1,LG,MIM,0.6,FGSM,1.0,20.8125,18.5,1,47
engr1,MOTO,MIM,0.6,FGSM,0.1,5.333333333333333,4.0,0,22
engr1,MOTO,MIM,0.6,FGSM,0.2,9.020833333333334,6.5,1,31
engr1,MOTO,MIM,0.6,FGSM,0.3,13.770833333333334,10.0,0,43
engr1,MOTO,MIM,0.6,FGSM,0.4,16.479166666666668,12.5,0,45
engr1,MOTO,MIM,0.6,FGSM,0.5,20.041666666666668,17.5,0,45
engr1,MOTO,MIM,0.6,FGSM,0.6,19.8125,16.0,0,45
engr1,MOTO,MIM,0.6,FGSM,0.7,19.729166666666668,16.0,0,45
engr1,MOTO,MIM,0.6,FGSM,0.8,19.8125,16.0,0,45
engr1,MOTO,MIM,0.6,FGSM,0.9,19.8125,16.0,0,45
engr1,MOTO,MIM,0.6,FGSM,1.0,19.8125,16.0,0,45
engr1,OP3,MIM,0.6,FGSM,0.1,3.4375,3.0,0,17
engr1,OP3,MIM,0.6,FGSM,0.2,9.8125,9.0,0,27
engr1,OP3,MIM,0.6,FGSM,0.3,12.25,10.0,0,45
engr1,OP3,MIM,0.6,FGSM,0.4,15.5625,11.0,0,47
engr1,OP3,MIM,0.6,FGSM,0.5,18.395833333333332,14.0,0,47
engr1,OP3,MIM,0.6,FGSM,0.6,19.875,15.5,0,47
engr1,OP3,MIM,0.6,FGSM,0.7,19.875,15.5,0,47
engr1,OP3,MIM,0.6,FGSM,0.8,19.875,15.5,0,47
engr1,OP3,MIM,0.6,FGSM,0.9,19.875,15.5,0,47
engr1,OP3,MIM,0.6,FGSM,1.0,19.875,15.5,0,47
engr1,S7,MIM,0.6,FGSM,0.1,4.8125,4.0,0,14
engr1,S7,MIM,0.6,FGSM,0.2,8.1875,6.0,1,38
engr1,S7,MIM,0.6,FGSM,0.3,13.625,9.0,0,47
engr1,S7,MIM,0.6,FGSM,0.4,16.791666666666668,13.0,0,47
engr1,S7,MIM,0.6,FGSM,0.5,20.1875,16.0,0,47
engr1,S7,MIM,0.6,FGSM,0.6,20.979166666666668,17.0,0,47
engr1,S7,MIM,0.6,FGSM,0.7,21.229166666666668,17.0,1,47
engr1,S7,MIM,0.6,FGSM,0.8,21.229166666666668,17.0,1,47
engr1,S7,MIM,0.6,FGSM,0.9,21.229166666666668,17.0,1,47
engr1,S7,MIM,0.6,FGSM,1.0,21.229166666666668,17.0,1,47
engr1,BLU,MIM,0.7,FGSM,0.1,3.4166666666666665,3.0,0,11
engr1,BLU,MIM,0.7,FGSM,0.2,15.770833333333334,11.5,0,40
engr1,BLU,MIM,0.7,FGSM,0.3,19.208333333333332,16.5,0,45
engr1,BLU,MIM,0.7,FGSM,0.4,18.8125,16.5,0,41
engr1,BLU,MIM,0.7,FGSM,0.5,17.666666666666668,16.5,0,40
engr1,BLU,MIM,0.7,FGSM,0.6,17.666666666666668,16.5,0,40
engr1,BLU,MIM,0.7,FGSM,0.7,17.666666666666668,16.5,0,40
engr1,BLU,MIM,0.7,FGSM,0.8,17.666666666666668,16.5,0,40
engr1,BLU,MIM,0.7,FGSM,0.9,17.666666666666668,16.5,0,40
engr1,BLU,MIM,0.7,FGSM,1.0,17.666666666666668,16.5,0,40
engr1,HTC,MIM,0.7,FGSM,0.1,7.0,6.0,0,21
engr1,HTC,MIM,0.7,FGSM,0.2,11.020833333333334,9.5,0,34
engr1,HTC,MIM,0.7,FGSM,0.3,14.8125,13.0,1,40
engr1,HTC,MIM,0.7,FGSM,0.4,18.833333333333332,18.0,2,46
engr1,HTC,MIM,0.7,FGSM,0.5,21.0625,19.0,2,47
engr1,HTC,MIM,0.7,FGSM,0.6,22.375,20.0,2,47
engr1,HTC,MIM,0.7,FGSM,0.7,22.104166666666668,19.5,2,47
engr1,HTC,MIM,0.7,FGSM,0.8,22.104166666666668,19.5,2,47
engr1,HTC,MIM,0.7,FGSM,0.9,22.104166666666668,19.5,2,47
engr1,HTC,MIM,0.7,FGSM,1.0,22.104166666666668,19.5,2,47
engr1,LG,MIM,0.7,FGSM,0.1,4.1875,3.0,0,16
engr1,LG,MIM,0.7,FGSM,0.2,8.895833333333334,8.5,0,21
engr1,LG,MIM,0.7,FGSM,0.3,13.416666666666666,10.5,1,40
engr1,LG,MIM,0.7,FGSM,0.4,15.479166666666666,12.5,0,40
engr1,LG,MIM,0.7,FGSM,0.5,18.0,15.5,0,46
engr1,LG,MIM,0.7,FGSM,0.6,20.395833333333332,18.5,1,47
engr1,LG,MIM,0.7,FGSM,0.7,20.8125,18.5,1,47
engr1,LG,MIM,0.7,FGSM,0.8,20.8125,18.5,1,47
engr1,LG,MIM,0.7,FGSM,0.9,20.8125,18.5,1,47
engr1,LG,MIM,0.7,FGSM,1.0,20.8125,18.5,1,47
engr1,MOTO,MIM,0.7,FGSM,0.1,5.333333333333333,4.0,0,22
engr1,MOTO,MIM,0.7,FGSM,0.2,9.020833333333334,6.5,1,31
engr1,MOTO,MIM,0.7,FGSM,0.3,13.770833333333334,10.0,0,43
engr1,MOTO,MIM,0.7,FGSM,0.4,16.479166666666668,12.5,0,45
engr1,MOTO,MIM,0.7,FGSM,0.5,20.041666666666668,17.5,0,45
engr1,MOTO,MIM,0.7,FGSM,0.6,19.8125,16.0,0,45
engr1,MOTO,MIM,0.7,FGSM,0.7,19.729166666666668,16.0,0,45
engr1,MOTO,MIM,0.7,FGSM,0.8,19.8125,16.0,0,45
engr1,MOTO,MIM,0.7,FGSM,0.9,19.8125,16.0,0,45
engr1,MOTO,MIM,0.7,FGSM,1.0,19.8125,16.0,0,45
engr1,OP3,MIM,0.7,FGSM,0.1,3.4375,3.0,0,17
engr1,OP3,MIM,0.7,FGSM,0.2,9.8125,9.0,0,27
engr1,OP3,MIM,0.7,FGSM,0.3,12.25,10.0,0,45
engr1,OP3,MIM,0.7,FGSM,0.4,15.5625,11.0,0,47
engr1,OP3,MIM,0.7,FGSM,0.5,18.395833333333332,14.0,0,47
engr1,OP3,MIM,0.7,FGSM,0.6,19.875,15.5,0,47
engr1,OP3,MIM,0.7,FGSM,0.7,19.875,15.5,0,47
engr1,OP3,MIM,0.7,FGSM,0.8,19.875,15.5,0,47
engr1,OP3,MIM,0.7,FGSM,0.9,19.875,15.5,0,47
engr1,OP3,MIM,0.7,FGSM,1.0,19.875,15.5,0,47
engr1,S7,MIM,0.7,FGSM,0.1,4.8125,4.0,0,14
engr1,S7,MIM,0.7,FGSM,0.2,8.1875,6.0,1,38
engr1,S7,MIM,0.7,FGSM,0.3,13.625,9.0,0,47
engr1,S7,MIM,0.7,FGSM,0.4,16.791666666666668,13.0,0,47
engr1,S7,MIM,0.7,FGSM,0.5,20.1875,16.0,0,47
engr1,S7,MIM,0.7,FGSM,0.6,20.979166666666668,17.0,0,47
engr1,S7,MIM,0.7,FGSM,0.7,21.229166666666668,17.0,1,47
engr1,S7,MIM,0.7,FGSM,0.8,21.229166666666668,17.0,1,47
engr1,S7,MIM,0.7,FGSM,0.9,21.229166666666668,17.0,1,47
engr1,S7,MIM,0.7,FGSM,1.0,21.229166666666668,17.0,1,47
engr1,BLU,MIM,0.8,FGSM,0.1,3.4166666666666665,3.0,0,11
engr1,BLU,MIM,0.8,FGSM,0.2,15.770833333333334,11.5,0,40
engr1,BLU,MIM,0.8,FGSM,0.3,19.208333333333332,16.5,0,45
engr1,BLU,MIM,0.8,FGSM,0.4,18.8125,16.5,0,41
engr1,BLU,MIM,0.8,FGSM,0.5,17.666666666666668,16.5,0,40
engr1,BLU,MIM,0.8,FGSM,0.6,17.666666666666668,16.5,0,40
engr1,BLU,MIM,0.8,FGSM,0.7,17.666666666666668,16.5,0,40
engr1,BLU,MIM,0.8,FGSM,0.8,17.666666666666668,16.5,0,40
engr1,BLU,MIM,0.8,FGSM,0.9,17.666666666666668,16.5,0,40
engr1,BLU,MIM,0.8,FGSM,1.0,17.666666666666668,16.5,0,40
engr1,HTC,MIM,0.8,FGSM,0.1,7.0,6.0,0,21
engr1,HTC,MIM,0.8,FGSM,0.2,11.020833333333334,9.5,0,34
engr1,HTC,MIM,0.8,FGSM,0.3,14.8125,13.0,1,40
engr1,HTC,MIM,0.8,FGSM,0.4,18.833333333333332,18.0,2,46
engr1,HTC,MIM,0.8,FGSM,0.5,21.0625,19.0,2,47
engr1,HTC,MIM,0.8,FGSM,0.6,22.375,20.0,2,47
engr1,HTC,MIM,0.8,FGSM,0.7,22.104166666666668,19.5,2,47
engr1,HTC,MIM,0.8,FGSM,0.8,22.104166666666668,19.5,2,47
engr1,HTC,MIM,0.8,FGSM,0.9,22.104166666666668,19.5,2,47
engr1,HTC,MIM,0.8,FGSM,1.0,22.104166666666668,19.5,2,47
engr1,LG,MIM,0.8,FGSM,0.1,4.1875,3.0,0,16
engr1,LG,MIM,0.8,FGSM,0.2,8.895833333333334,8.5,0,21
engr1,LG,MIM,0.8,FGSM,0.3,13.416666666666666,10.5,1,40
engr1,LG,MIM,0.8,FGSM,0.4,15.479166666666666,12.5,0,40
engr1,LG,MIM,0.8,FGSM,0.5,18.0,15.5,0,46
engr1,LG,MIM,0.8,FGSM,0.6,20.395833333333332,18.5,1,47
engr1,LG,MIM,0.8,FGSM,0.7,20.8125,18.5,1,47
engr1,LG,MIM,0.8,FGSM,0.8,20.8125,18.5,1,47
engr1,LG,MIM,0.8,FGSM,0.9,20.8125,18.5,1,47
engr1,LG,MIM,0.8,FGSM,1.0,20.8125,18.5,1,47
engr1,MOTO,MIM,0.8,FGSM,0.1,5.333333333333333,4.0,0,22
engr1,MOTO,MIM,0.8,FGSM,0.2,9.020833333333334,6.5,1,31
engr1,MOTO,MIM,0.8,FGSM,0.3,13.770833333333334,10.0,0,43
engr1,MOTO,MIM,0.8,FGSM,0.4,16.479166666666668,12.5,0,45
engr1,MOTO,MIM,0.8,FGSM,0.5,20.041666666666668,17.5,0,45
engr1,MOTO,MIM,0.8,FGSM,0.6,19.8125,16.0,0,45
engr1,MOTO,MIM,0.8,FGSM,0.7,19.729166666666668,16.0,0,45
engr1,MOTO,MIM,0.8,FGSM,0.8,19.8125,16.0,0,45
engr1,MOTO,MIM,0.8,FGSM,0.9,19.8125,16.0,0,45
engr1,MOTO,MIM,0.8,FGSM,1.0,19.8125,16.0,0,45
engr1,OP3,MIM,0.8,FGSM,0.1,3.4375,3.0,0,17
engr1,OP3,MIM,0.8,FGSM,0.2,9.8125,9.0,0,27
engr1,OP3,MIM,0.8,FGSM,0.3,12.25,10.0,0,45
engr1,OP3,MIM,0.8,FGSM,0.4,15.5625,11.0,0,47
engr1,OP3,MIM,0.8,FGSM,0.5,18.395833333333332,14.0,0,47
engr1,OP3,MIM,0.8,FGSM,0.6,19.875,15.5,0,47
engr1,OP3,MIM,0.8,FGSM,0.7,19.875,15.5,0,47
engr1,OP3,MIM,0.8,FGSM,0.8,19.875,15.5,0,47
engr1,OP3,MIM,0.8,FGSM,0.9,19.875,15.5,0,47
engr1,OP3,MIM,0.8,FGSM,1.0,19.875,15.5,0,47
engr1,S7,MIM,0.8,FGSM,0.1,4.8125,4.0,0,14
engr1,S7,MIM,0.8,FGSM,0.2,8.1875,6.0,1,38
engr1,S7,MIM,0.8,FGSM,0.3,13.625,9.0,0,47
engr1,S7,MIM,0.8,FGSM,0.4,16.791666666666668,13.0,0,47
engr1,S7,MIM,0.8,FGSM,0.5,20.1875,16.0,0,47
engr1,S7,MIM,0.8,FGSM,0.6,20.979166666666668,17.0,0,47
engr1,S7,MIM,0.8,FGSM,0.7,21.229166666666668,17.0,1,47
engr1,S7,MIM,0.8,FGSM,0.8,21.229166666666668,17.0,1,47
engr1,S7,MIM,0.8,FGSM,0.9,21.229166666666668,17.0,1,47
engr1,S7,MIM,0.8,FGSM,1.0,21.229166666666668,17.0,1,47
engr1,BLU,MIM,0.9,FGSM,0.1,3.4166666666666665,3.0,0,11
engr1,BLU,MIM,0.9,FGSM,0.2,15.770833333333334,11.5,0,40
engr1,BLU,MIM,0.9,FGSM,0.3,19.208333333333332,16.5,0,45
engr1,BLU,MIM,0.9,FGSM,0.4,18.8125,16.5,0,41
engr1,BLU,MIM,0.9,FGSM,0.5,17.666666666666668,16.5,0,40
engr1,BLU,MIM,0.9,FGSM,0.6,17.666666666666668,16.5,0,40
engr1,BLU,MIM,0.9,FGSM,0.7,17.666666666666668,16.5,0,40
engr1,BLU,MIM,0.9,FGSM,0.8,17.666666666666668,16.5,0,40
engr1,BLU,MIM,0.9,FGSM,0.9,17.666666666666668,16.5,0,40
engr1,BLU,MIM,0.9,FGSM,1.0,17.666666666666668,16.5,0,40
engr1,HTC,MIM,0.9,FGSM,0.1,7.0,6.0,0,21
engr1,HTC,MIM,0.9,FGSM,0.2,11.020833333333334,9.5,0,34
engr1,HTC,MIM,0.9,FGSM,0.3,14.8125,13.0,1,40
engr1,HTC,MIM,0.9,FGSM,0.4,18.833333333333332,18.0,2,46
engr1,HTC,MIM,0.9,FGSM,0.5,21.0625,19.0,2,47
engr1,HTC,MIM,0.9,FGSM,0.6,22.375,20.0,2,47
engr1,HTC,MIM,0.9,FGSM,0.7,22.104166666666668,19.5,2,47
engr1,HTC,MIM,0.9,FGSM,0.8,22.104166666666668,19.5,2,47
engr1,HTC,MIM,0.9,FGSM,0.9,22.104166666666668,19.5,2,47
engr1,HTC,MIM,0.9,FGSM,1.0,22.104166666666668,19.5,2,47
engr1,LG,MIM,0.9,FGSM,0.1,4.1875,3.0,0,16
engr1,LG,MIM,0.9,FGSM,0.2,8.895833333333334,8.5,0,21
engr1,LG,MIM,0.9,FGSM,0.3,13.416666666666666,10.5,1,40
engr1,LG,MIM,0.9,FGSM,0.4,15.479166666666666,12.5,0,40
engr1,LG,MIM,0.9,FGSM,0.5,18.0,15.5,0,46
engr1,LG,MIM,0.9,FGSM,0.6,20.395833333333332,18.5,1,47
engr1,LG,MIM,0.9,FGSM,0.7,20.8125,18.5,1,47
engr1,LG,MIM,0.9,FGSM,0.8,20.8125,18.5,1,47
engr1,LG,MIM,0.9,FGSM,0.9,20.8125,18.5,1,47
engr1,LG,MIM,0.9,FGSM,1.0,20.8125,18.5,1,47
engr1,MOTO,MIM,0.9,FGSM,0.1,5.333333333333333,4.0,0,22
engr1,MOTO,MIM,0.9,FGSM,0.2,9.020833333333334,6.5,1,31
engr1,MOTO,MIM,0.9,FGSM,0.3,13.770833333333334,10.0,0,43
engr1,MOTO,MIM,0.9,FGSM,0.4,16.479166666666668,12.5,0,45
engr1,MOTO,MIM,0.9,FGSM,0.5,20.041666666666668,17.5,0,45
engr1,MOTO,MIM,0.9,FGSM,0.6,19.8125,16.0,0,45
engr1,MOTO,MIM,0.9,FGSM,0.7,19.729166666666668,16.0,0,45
engr1,MOTO,MIM,0.9,FGSM,0.8,19.8125,16.0,0,45
engr1,MOTO,MIM,0.9,FGSM,0.9,19.8125,16.0,0,45
engr1,MOTO,MIM,0.9,FGSM,1.0,19.8125,16.0,0,45
engr1,OP3,MIM,0.9,FGSM,0.1,3.4375,3.0,0,17
engr1,OP3,MIM,0.9,FGSM,0.2,9.8125,9.0,0,27
engr1,OP3,MIM,0.9,FGSM,0.3,12.25,10.0,0,45
engr1,OP3,MIM,0.9,FGSM,0.4,15.5625,11.0,0,47
engr1,OP3,MIM,0.9,FGSM,0.5,18.395833333333332,14.0,0,47
engr1,OP3,MIM,0.9,FGSM,0.6,19.875,15.5,0,47
engr1,OP3,MIM,0.9,FGSM,0.7,19.875,15.5,0,47
engr1,OP3,MIM,0.9,FGSM,0.8,19.875,15.5,0,47
engr1,OP3,MIM,0.9,FGSM,0.9,19.875,15.5,0,47
engr1,OP3,MIM,0.9,FGSM,1.0,19.875,15.5,0,47
engr1,S7,MIM,0.9,FGSM,0.1,4.8125,4.0,0,14
engr1,S7,MIM,0.9,FGSM,0.2,8.1875,6.0,1,38
engr1,S7,MIM,0.9,FGSM,0.3,13.625,9.0,0,47
engr1,S7,MIM,0.9,FGSM,0.4,16.791666666666668,13.0,0,47
engr1,S7,MIM,0.9,FGSM,0.5,20.1875,16.0,0,47
engr1,S7,MIM,0.9,FGSM,0.6,20.979166666666668,17.0,0,47
engr1,S7,MIM,0.9,FGSM,0.7,21.229166666666668,17.0,1,47
engr1,S7,MIM,0.9,FGSM,0.8,21.229166666666668,17.0,1,47
engr1,S7,MIM,0.9,FGSM,0.9,21.229166666666668,17.0,1,47
engr1,S7,MIM,0.9,FGSM,1.0,21.229166666666668,17.0,1,47
engr1,BLU,MIM,1.0,FGSM,0.1,3.4166666666666665,3.0,0,11
engr1,BLU,MIM,1.0,FGSM,0.2,15.770833333333334,11.5,0,40
engr1,BLU,MIM,1.0,FGSM,0.3,19.208333333333332,16.5,0,45
engr1,BLU,MIM,1.0,FGSM,0.4,18.8125,16.5,0,41
engr1,BLU,MIM,1.0,FGSM,0.5,17.666666666666668,16.5,0,40
engr1,BLU,MIM,1.0,FGSM,0.6,17.666666666666668,16.5,0,40
engr1,BLU,MIM,1.0,FGSM,0.7,17.666666666666668,16.5,0,40
engr1,BLU,MIM,1.0,FGSM,0.8,17.666666666666668,16.5,0,40
engr1,BLU,MIM,1.0,FGSM,0.9,17.666666666666668,16.5,0,40
engr1,BLU,MIM,1.0,FGSM,1.0,17.666666666666668,16.5,0,40
engr1,HTC,MIM,1.0,FGSM,0.1,7.0,6.0,0,21
engr1,HTC,MIM,1.0,FGSM,0.2,11.020833333333334,9.5,0,34
engr1,HTC,MIM,1.0,FGSM,0.3,14.8125,13.0,1,40
engr1,HTC,MIM,1.0,FGSM,0.4,18.833333333333332,18.0,2,46
engr1,HTC,MIM,1.0,FGSM,0.5,21.0625,19.0,2,47
engr1,HTC,MIM,1.0,FGSM,0.6,22.375,20.0,2,47
engr1,HTC,MIM,1.0,FGSM,0.7,22.104166666666668,19.5,2,47
engr1,HTC,MIM,1.0,FGSM,0.8,22.104166666666668,19.5,2,47
engr1,HTC,MIM,1.0,FGSM,0.9,22.104166666666668,19.5,2,47
engr1,HTC,MIM,1.0,FGSM,1.0,22.104166666666668,19.5,2,47
engr1,LG,MIM,1.0,FGSM,0.1,4.1875,3.0,0,16
engr1,LG,MIM,1.0,FGSM,0.2,8.895833333333334,8.5,0,21
engr1,LG,MIM,1.0,FGSM,0.3,13.416666666666666,10.5,1,40
engr1,LG,MIM,1.0,FGSM,0.4,15.479166666666666,12.5,0,40
engr1,LG,MIM,1.0,FGSM,0.5,18.0,15.5,0,46
engr1,LG,MIM,1.0,FGSM,0.6,20.395833333333332,18.5,1,47
engr1,LG,MIM,1.0,FGSM,0.7,20.8125,18.5,1,47
engr1,LG,MIM,1.0,FGSM,0.8,20.8125,18.5,1,47
engr1,LG,MIM,1.0,FGSM,0.9,20.8125,18.5,1,47
engr1,LG,MIM,1.0,FGSM,1.0,20.8125,18.5,1,47
engr1,MOTO,MIM,1.0,FGSM,0.1,5.333333333333333,4.0,0,22
engr1,MOTO,MIM,1.0,FGSM,0.2,9.020833333333334,6.5,1,31
engr1,MOTO,MIM,1.0,FGSM,0.3,13.770833333333334,10.0,0,43
engr1,MOTO,MIM,1.0,FGSM,0.4,16.479166666666668,12.5,0,45
engr1,MOTO,MIM,1.0,FGSM,0.5,20.041666666666668,17.5,0,45
engr1,MOTO,MIM,1.0,FGSM,0.6,19.8125,16.0,0,45
engr1,MOTO,MIM,1.0,FGSM,0.7,19.729166666666668,16.0,0,45
engr1,MOTO,MIM,1.0,FGSM,0.8,19.8125,16.0,0,45
engr1,MOTO,MIM,1.0,FGSM,0.9,19.8125,16.0,0,45
engr1,MOTO,MIM,1.0,FGSM,1.0,19.8125,16.0,0,45
engr1,OP3,MIM,1.0,FGSM,0.1,3.4375,3.0,0,17
engr1,OP3,MIM,1.0,FGSM,0.2,9.8125,9.0,0,27
engr1,OP3,MIM,1.0,FGSM,0.3,12.25,10.0,0,45
engr1,OP3,MIM,1.0,FGSM,0.4,15.5625,11.0,0,47
engr1,OP3,MIM,1.0,FGSM,0.5,18.395833333333332,14.0,0,47
engr1,OP3,MIM,1.0,FGSM,0.6,19.875,15.5,0,47
engr1,OP3,MIM,1.0,FGSM,0.7,19.875,15.5,0,47
engr1,OP3,MIM,1.0,FGSM,0.8,19.875,15.5,0,47
engr1,OP3,MIM,1.0,FGSM,0.9,19.875,15.5,0,47
engr1,OP3,MIM,1.0,FGSM,1.0,19.875,15.5,0,47
engr1,S7,MIM,1.0,FGSM,0.1,4.8125,4.0,0,14
engr1,S7,MIM,1.0,FGSM,0.2,8.1875,6.0,1,38
engr1,S7,MIM,1.0,FGSM,0.3,13.625,9.0,0,47
engr1,S7,MIM,1.0,FGSM,0.4,16.791666666666668,13.0,0,47
engr1,S7,MIM,1.0,FGSM,0.5,20.1875,16.0,0,47
engr1,S7,MIM,1.0,FGSM,0.6,20.979166666666668,17.0,0,47
engr1,S7,MIM,1.0,FGSM,0.7,21.229166666666668,17.0,1,47
engr1,S7,MIM,1.0,FGSM,0.8,21.229166666666668,17.0,1,47
engr1,S7,MIM,1.0,FGSM,0.9,21.229166666666668,17.0,1,47
engr1,S7,MIM,1.0,FGSM,1.0,21.229166666666668,17.0,1,47
engr1,BLU,BIM,0.1,FGSM,0.1,4.708333333333333,4.0,0,24
engr1,BLU,BIM,0.1,FGSM,0.2,19.145833333333332,15.5,0,45
engr1,BLU,BIM,0.1,FGSM,0.3,19.395833333333332,18.5,0,46
engr1,BLU,BIM,0.1,FGSM,0.4,19.208333333333332,18.5,0,44
engr1,BLU,BIM,0.1,FGSM,0.5,19.125,18.5,0,42
engr1,BLU,BIM,0.1,FGSM,0.6,19.125,18.5,0,42
engr1,BLU,BIM,0.1,FGSM,0.7,19.125,18.5,0,42
engr1,BLU,BIM,0.1,FGSM,0.8,19.125,18.5,0,42
engr1,BLU,BIM,0.1,FGSM,0.9,19.125,18.5,0,42
engr1,BLU,BIM,0.1,FGSM,1.0,19.125,18.5,0,42
engr1,HTC,BIM,0.1,FGSM,0.1,7.604166666666667,5.5,0,28
engr1,HTC,BIM,0.1,FGSM,0.2,13.6875,11.5,0,36
engr1,HTC,BIM,0.1,FGSM,0.3,16.458333333333332,14.0,0,41
engr1,HTC,BIM,0.1,FGSM,0.4,16.770833333333332,15.5,0,37
engr1,HTC,BIM,0.1,FGSM,0.5,16.770833333333332,15.5,0,37
engr1,HTC,BIM,0.1,FGSM,0.6,16.770833333333332,15.5,0,37
engr1,HTC,BIM,0.1,FGSM,0.7,16.770833333333332,15.5,0,37
engr1,HTC,BIM,0.1,FGSM,0.8,16.770833333333332,15.5,0,37
engr1,HTC,BIM,0.1,FGSM,0.9,16.770833333333332,15.5,0,37
engr1,HTC,BIM,0.1,FGSM,1.0,16.770833333333332,15.5,0,37
engr1,LG,BIM,0.1,FGSM,0.1,6.145833333333333,4.0,0,19
engr1,LG,BIM,0.1,FGSM,0.2,15.270833333333334,12.0,1,41
engr1,LG,BIM,0.1,FGSM,0.3,18.75,16.0,1,42
engr1,LG,BIM,0.1,FGSM,0.4,18.833333333333332,18.0,1,38
engr1,LG,BIM,0.1,FGSM,0.5,18.833333333333332,18.0,1,38
engr1,LG,BIM,0.1,FGSM,0.6,18.833333333333332,18.0,1,38
engr1,LG,BIM,0.1,FGSM,0.7,18.833333333333332,18.0,1,38
engr1,LG,BIM,0.1,FGSM,0.8,18.833333333333332,18.0,1,38
engr1,LG,BIM,0.1,FGSM,0.9,18.833333333333332,18.0,1,38
engr1,LG,BIM,0.1,FGSM,1.0,18.833333333333332,18.0,1,38
engr1,MOTO,BIM,0.1,FGSM,0.1,6.291666666666667,4.0,0,22
engr1,MOTO,BIM,0.1,FGSM,0.2,14.375,11.5,0,45
engr1,MOTO,BIM,0.1,FGSM,0.3,15.083333333333334,13.0,0,43
engr1,MOTO,BIM,0.1,FGSM,0.4,15.8125,14.0,0,40
engr1,MOTO,BIM,0.1,FGSM,0.5,15.625,14.0,0,40
engr1,MOTO,BIM,0.1,FGSM,0.6,15.5625,14.0,0,40
engr1,MOTO,BIM,0.1,FGSM,0.7,15.5625,14.0,0,40
engr1,MOTO,BIM,0.1,FGSM,0.8,15.5625,14.0,0,40
engr1,MOTO,BIM,0.1,FGSM,0.9,15.5625,14.0,0,40
engr1,MOTO,BIM,0.1,FGSM,1.0,15.5625,14.0,0,40
engr1,OP3,BIM,0.1,FGSM,0.1,5.8125,4.0,0,24
engr1,OP3,BIM,0.1,FGSM,0.2,14.229166666666666,13.0,0,47
engr1,OP3,BIM,0.1,FGSM,0.3,16.520833333333332,15.0,0,45
engr1,OP3,BIM,0.1,FGSM,0.4,16.895833333333332,16.0,0,43
engr1,OP3,BIM,0.1,FGSM,0.5,16.895833333333332,16.0,0,43
engr1,OP3,BIM,0.1,FGSM,0.6,16.895833333333332,16.0,0,43
engr1,OP3,BIM,0.1,FGSM,0.7,16.895833333333332,16.0,0,43
engr1,OP3,BIM,0.1,FGSM,0.8,16.895833333333332,16.0,0,43
engr1,OP3,BIM,0.1,FGSM,0.9,16.895833333333332,16.0,0,43
engr1,OP3,BIM,0.1,FGSM,1.0,16.895833333333332,16.0,0,43
engr1,S7,BIM,0.1,FGSM,0.1,6.604166666666667,5.0,0,25
engr1,S7,BIM,0.1,FGSM,0.2,13.270833333333334,12.0,0,34
engr1,S7,BIM,0.1,FGSM,0.3,17.0,16.0,0,44
engr1,S7,BIM,0.1,FGSM,0.4,16.979166666666668,16.5,0,40
engr1,S7,BIM,0.1,FGSM,0.5,16.833333333333332,16.5,0,40
engr1,S7,BIM,0.1,FGSM,0.6,16.833333333333332,16.5,0,40
engr1,S7,BIM,0.1,FGSM,0.7,16.833333333333332,16.5,0,40
engr1,S7,BIM,0.1,FGSM,0.8,16.833333333333332,16.5,0,40
engr1,S7,BIM,0.1,FGSM,0.9,16.833333333333332,16.5,0,40
engr1,S7,BIM,0.1,FGSM,1.0,16.833333333333332,16.5,0,40
engr1,BLU,BIM,0.2,FGSM,0.1,4.416666666666667,3.0,0,23
engr1,BLU,BIM,0.2,FGSM,0.2,18.104166666666668,12.5,0,45
engr1,BLU,BIM,0.2,FGSM,0.3,19.5625,18.5,0,43
engr1,BLU,BIM,0.2,FGSM,0.4,19.541666666666668,18.5,0,44
engr1,BLU,BIM,0.2,FGSM,0.5,19.458333333333332,18.5,0,44
engr1,BLU,BIM,0.2,FGSM,0.6,19.458333333333332,18.5,0,44
engr1,BLU,BIM,0.2,FGSM,0.7,19.458333333333332,18.5,0,44
engr1,BLU,BIM,0.2,FGSM,0.8,19.458333333333332,18.5,0,44
engr1,BLU,BIM,0.2,FGSM,0.9,19.458333333333332,18.5,0,44
engr1,BLU,BIM,0.2,FGSM,1.0,19.458333333333332,18.5,0,44
engr1,HTC,BIM,0.2,FGSM,0.1,9.583333333333334,8.0,0,30
engr1,HTC,BIM,0.2,FGSM,0.2,15.25,11.5,0,41
engr1,HTC,BIM,0.2,FGSM,0.3,16.125,13.5,0,41
engr1,HTC,BIM,0.2,FGSM,0.4,16.020833333333332,14.0,0,39
engr1,HTC,BIM,0.2,FGSM,0.5,16.020833333333332,14.0,0,39
engr1,HTC,BIM,0.2,FGSM,0.6,16.020833333333332,14.0,0,39
engr1,HTC,BIM,0.2,FGSM,0.7,16.020833333333332,14.0,0,39
engr1,HTC,BIM,0.2,FGSM,0.8,16.020833333333332,14.0,0,39
engr1,HTC,BIM,0.2,FGSM,0.9,16.020833333333332,14.0,0,39
engr1,HTC,BIM,0.2,FGSM,1.0,16.020833333333332,14.0,0,39
engr1,LG,BIM,0.2,FGSM,0.1,6.666666666666667,5.0,0,21
engr1,LG,BIM,0.2,FGSM,0.2,13.708333333333334,9.5,1,41
engr1,LG,BIM,0.2,FGSM,0.3,18.666666666666668,16.0,1,43
engr1,LG,BIM,0.2,FGSM,0.4,19.229166666666668,17.0,1,40
engr1,LG,BIM,0.2,FGSM,0.5,19.229166666666668,17.0,1,40
engr1,LG,BIM,0.2,FGSM,0.6,19.229166666666668,17.0,1,40
engr1,LG,BIM,0.2,FGSM,0.7,19.229166666666668,17.0,1,40
engr1,LG,BIM,0.2,FGSM,0.8,19.229166666666668,17.0,1,40
engr1,LG,BIM,0.2,FGSM,0.9,19.229166666666668,17.0,1,40
engr1,LG,BIM,0.2,FGSM,1.0,19.229166666666668,17.0,1,40
engr1,MOTO,BIM,0.2,FGSM,0.1,7.270833333333333,5.0,0,25
engr1,MOTO,BIM,0.2,FGSM,0.2,11.895833333333334,10.0,0,45
engr1,MOTO,BIM,0.2,FGSM,0.3,15.208333333333334,13.5,0,43
engr1,MOTO,BIM,0.2,FGSM,0.4,15.729166666666666,14.5,0,41
engr1,MOTO,BIM,0.2,FGSM,0.5,15.6875,14.5,0,41
engr1,MOTO,BIM,0.2,FGSM,0.6,15.666666666666666,14.5,0,41
engr1,MOTO,BIM,0.2,FGSM,0.7,15.666666666666666,14.5,0,41
engr1,MOTO,BIM,0.2,FGSM,0.8,15.666666666666666,14.5,0,41
engr1,MOTO,BIM,0.2,FGSM,0.9,15.666666666666666,14.5,0,41
engr1,MOTO,BIM,0.2,FGSM,1.0,15.666666666666666,14.5,0,41
engr1,OP3,BIM,0.2,FGSM,0.1,5.708333333333333,4.5,0,23
engr1,OP3,BIM,0.2,FGSM,0.2,12.958333333333334,11.5,0,38
engr1,OP3,BIM,0.2,FGSM,0.3,16.520833333333332,14.5,0,45
engr1,OP3,BIM,0.2,FGSM,0.4,15.895833333333334,13.5,0,43
engr1,OP3,BIM,0.2,FGSM,0.5,15.729166666666666,13.5,0,43
engr1,OP3,BIM,0.2,FGSM,0.6,15.729166666666666,13.5,0,43
engr1,OP3,BIM,0.2,FGSM,0.7,15.729166666666666,13.5,0,43
engr1,OP3,BIM,0.2,FGSM,0.8,15.729166666666666,13.5,0,43
engr1,OP3,BIM,0.2,FGSM,0.9,15.729166666666666,13.5,0,43
engr1,OP3,BIM,0.2,FGSM,1.0,15.729166666666666,13.5,0,43
engr1,S7,BIM,0.2,FGSM,0.1,7.645833333333333,6.0,0,25
engr1,S7,BIM,0.2,FGSM,0.2,12.958333333333334,12.0,0,39
engr1,S7,BIM,0.2,FGSM,0.3,15.604166666666666,14.0,0,41
engr1,S7,BIM,0.2,FGSM,0.4,16.9375,16.5,0,39
engr1,S7,BIM,0.2,FGSM,0.5,16.4375,16.5,0,37
engr1,S7,BIM,0.2,FGSM,0.6,16.604166666666668,16.5,0,37
engr1,S7,BIM,0.2,FGSM,0.7,16.604166666666668,16.5,0,37
engr1,S7,BIM,0.2,FGSM,0.8,16.604166666666668,16.5,0,37
engr1,S7,BIM,0.2,FGSM,0.9,16.604166666666668,16.5,0,37
engr1,S7,BIM,0.2,FGSM,1.0,16.604166666666668,16.5,0,37
engr1,BLU,BIM,0.3,FGSM,0.1,3.75,3.0,0,17
engr1,BLU,BIM,0.3,FGSM,0.2,12.708333333333334,10.0,0,33
engr1,BLU,BIM,0.3,FGSM,0.3,19.979166666666668,18.5,0,45
engr1,BLU,BIM,0.3,FGSM,0.4,19.208333333333332,18.5,0,44
engr1,BLU,BIM,0.3,FGSM,0.5,19.208333333333332,18.5,0,44
engr1,BLU,BIM,0.3,FGSM,0.6,19.208333333333332,18.5,0,44
engr1,BLU,BIM,0.3,FGSM,0.7,19.208333333333332,18.5,0,44
engr1,BLU,BIM,0.3,FGSM,0.8,19.208333333333332,18.5,0,44
engr1,BLU,BIM,0.3,FGSM,0.9,19.208333333333332,18.5,0,44
engr1,BLU,BIM,0.3,FGSM,1.0,19.208333333333332,18.5,0,44
engr1,HTC,BIM,0.3,FGSM,0.1,8.0625,6.5,0,27
engr1,HTC,BIM,0.3,FGSM,0.2,14.145833333333334,11.5,1,37
engr1,HTC,BIM,0.3,FGSM,0.3,17.041666666666668,14.0,1,39
engr1,HTC,BIM,0.3,FGSM,0.4,16.895833333333332,16.0,1,39
engr1,HTC,BIM,0.3,FGSM,0.5,17.041666666666668,16.0,1,39
engr1,HTC,BIM,0.3,FGSM,0.6,17.041666666666668,16.0,1,39
engr1,HTC,BIM,0.3,FGSM,0.7,17.041666666666668,16.0,1,39
engr1,HTC,BIM,0.3,FGSM,0.8,17.041666666666668,16.0,1,39
engr1,HTC,BIM,0.3,FGSM,0.9,17.041666666666668,16.0,1,39
engr1,HTC,BIM,0.3,FGSM,1.0,17.041666666666668,16.0,1,39
engr1,LG,BIM,0.3,FGSM,0.1,6.020833333333333,4.0,0,19
engr1,LG,BIM,0.3,FGSM,0.2,11.875,10.0,1,32
engr1,LG,BIM,0.3,FGSM,0.3,19.166666666666668,16.0,2,40
engr1,LG,BIM,0.3,FGSM,0.4,20.25,18.5,2,40
engr1,LG,BIM,0.3,FGSM,0.5,19.75,18.0,2,40
engr1,LG,BIM,0.3,FGSM,0.6,19.75,18.0,2,40
engr1,LG,BIM,0.3,FGSM,0.7,19.75,18.0,2,40
engr1,LG,BIM,0.3,FGSM,0.8,19.75,18.0,2,40
engr1,LG,BIM,0.3,FGSM,0.9,19.75,18.0,2,40
engr1,LG,BIM,0.3,FGSM,1.0,19.75,18.0,2,40
engr1,MOTO,BIM,0.3,FGSM,0.1,6.770833333333333,5.0,0,24
engr1,MOTO,BIM,0.3,FGSM,0.2,11.604166666666666,9.5,0,45
engr1,MOTO,BIM,0.3,FGSM,0.3,15.145833333333334,13.0,0,44
engr1,MOTO,BIM,0.3,FGSM,0.4,16.916666666666668,16.0,0,41
engr1,MOTO,BIM,0.3,FGSM,0.5,16.145833333333332,16.0,0,41
engr1,MOTO,BIM,0.3,FGSM,0.6,16.125,16.0,0,41
engr1,MOTO,BIM,0.3,FGSM,0.7,16.125,16.0,0,41
engr1,MOTO,BIM,0.3,FGSM,0.8,16.125,16.0,0,41
engr1,MOTO,BIM,0.3,FGSM,0.9,16.125,16.0,0,41
engr1,MOTO,BIM,0.3,FGSM,1.0,16.125,16.0,0,41
engr1,OP3,BIM,0.3,FGSM,0.1,5.75,4.5,0,23
engr1,OP3,BIM,0.3,FGSM,0.2,11.375,10.0,0,32
engr1,OP3,BIM,0.3,FGSM,0.3,16.875,16.0,0,46
engr1,OP3,BIM,0.3,FGSM,0.4,17.125,16.0,0,43
engr1,OP3,BIM,0.3,FGSM,0.5,16.75,16.0,0,43
engr1,OP3,BIM,0.3,FGSM,0.6,16.75,16.0,0,43
engr1,OP3,BIM,0.3,FGSM,0.7,16.75,16.0,0,43
engr1,OP3,BIM,0.3,FGSM,0.8,16.75,16.0,0,43
engr1,OP3,BIM,0.3,FGSM,0.9,16.75,16.0,0,43
engr1,OP3,BIM,0.3,FGSM,1.0,16.75,16.0,0,43
engr1,S7,BIM,0.3,FGSM,0.1,6.75,5.0,0,25
engr1,S7,BIM,0.3,FGSM,0.2,13.270833333333334,12.0,0,45
engr1,S7,BIM,0.3,FGSM,0.3,17.208333333333332,17.0,0,40
engr1,S7,BIM,0.3,FGSM,0.4,17.666666666666668,17.5,0,40
engr1,S7,BIM,0.3,FGSM,0.5,17.854166666666668,17.5,0,40
engr1,S7,BIM,0.3,FGSM,0.6,17.854166666666668,17.5,0,40
engr1,S7,BIM,0.3,FGSM,0.7,17.854166666666668,17.5,0,40
engr1,S7,BIM,0.3,FGSM,0.8,17.854166666666668,17.5,0,40
engr1,S7,BIM,0.3,FGSM,0.9,17.854166666666668,17.5,0,40
engr1,S7,BIM,0.3,FGSM,1.0,17.854166666666668,17.5,0,40
engr1,BLU,BIM,0.4,FGSM,0.1,4.0625,3.0,0,19
engr1,BLU,BIM,0.4,FGSM,0.2,17.833333333333332,13.5,0,44
engr1,BLU,BIM,0.4,FGSM,0.3,19.604166666666668,18.5,0,45
engr1,BLU,BIM,0.4,FGSM,0.4,19.291666666666668,18.5,0,44
engr1,BLU,BIM,0.4,FGSM,0.5,19.291666666666668,18.5,0,44
engr1,BLU,BIM,0.4,FGSM,0.6,19.291666666666668,18.5,0,44
engr1,BLU,BIM,0.4,FGSM,0.7,19.291666666666668,18.5,0,44
engr1,BLU,BIM,0.4,FGSM,0.8,19.291666666666668,18.5,0,44
engr1,BLU,BIM,0.4,FGSM,0.9,19.291666666666668,18.5,0,44
engr1,BLU,BIM,0.4,FGSM,1.0,19.291666666666668,18.5,0,44
engr1,HTC,BIM,0.4,FGSM,0.1,8.541666666666666,6.5,1,28
engr1,HTC,BIM,0.4,FGSM,0.2,14.458333333333334,11.0,1,37
engr1,HTC,BIM,0.4,FGSM,0.3,15.958333333333334,13.0,1,39
engr1,HTC,BIM,0.4,FGSM,0.4,16.0625,13.5,1,39
engr1,HTC,BIM,0.4,FGSM,0.5,15.916666666666666,13.5,1,39
engr1,HTC,BIM,0.4,FGSM,0.6,15.916666666666666,13.5,1,39
engr1,HTC,BIM,0.4,FGSM,0.7,15.916666666666666,13.5,1,39
engr1,HTC,BIM,0.4,FGSM,0.8,15.916666666666666,13.5,1,39
engr1,HTC,BIM,0.4,FGSM,0.9,15.916666666666666,13.5,1,39
engr1,HTC,BIM,0.4,FGSM,1.0,15.916666666666666,13.5,1,39
engr1,LG,BIM,0.4,FGSM,0.1,6.9375,6.0,0,21
engr1,LG,BIM,0.4,FGSM,0.2,13.8125,13.0,1,33
engr1,LG,BIM,0.4,FGSM,0.3,18.333333333333332,16.0,1,41
engr1,LG,BIM,0.4,FGSM,0.4,18.125,16.0,1,40
engr1,LG,BIM,0.4,FGSM,0.5,18.229166666666668,16.0,1,40
engr1,LG,BIM,0.4,FGSM,0.6,18.229166666666668,16.0,1,40
engr1,LG,BIM,0.4,FGSM,0.7,18.229166666666668,16.0,1,40
engr1,LG,BIM,0.4,FGSM,0.8,18.229166666666668,16.0,1,40
engr1,LG,BIM,0.4,FGSM,0.9,18.229166666666668,16.0,1,40
engr1,LG,BIM,0.4,FGSM,1.0,18.229166666666668,16.0,1,40
engr1,MOTO,BIM,0.4,FGSM,0.1,6.541666666666667,4.0,0,24
engr1,MOTO,BIM,0.4,FGSM,0.2,12.125,10.0,0,45
engr1,MOTO,BIM,0.4,FGSM,0.3,14.458333333333334,12.5,0,44
engr1,MOTO,BIM,0.4,FGSM,0.4,16.125,13.5,0,41
engr1,MOTO,BIM,0.4,FGSM,0.5,14.604166666666666,13.0,0,41
engr1,MOTO,BIM,0.4,FGSM,0.6,14.520833333333334,13.0,0,41
engr1,MOTO,BIM,0.4,FGSM,0.7,14.520833333333334,13.0,0,41
engr1,MOTO,BIM,0.4,FGSM,0.8,14.520833333333334,13.0,0,41
engr1,MOTO,BIM,0.4,FGSM,0.9,14.520833333333334,13.0,0,41
engr1,MOTO,BIM,0.4,FGSM,1.0,14.520833333333334,13.0,0,41
engr1,OP3,BIM,0.4,FGSM,0.1,5.791666666666667,4.5,0,23
engr1,OP3,BIM,0.4,FGSM,0.2,13.0625,11.0,0,43
engr1,OP3,BIM,0.4,FGSM,0.3,15.895833333333334,16.0,0,43
engr1,OP3,BIM,0.4,FGSM,0.4,15.5625,14.5,0,43
engr1,OP3,BIM,0.4,FGSM,0.5,15.75,14.5,0,43
engr1,OP3,BIM,0.4,FGSM,0.6,15.75,14.5,0,43
engr1,OP3,BIM,0.4,FGSM,0.7,15.75,14.5,0,43
engr1,OP3,BIM,0.4,FGSM,0.8,15.75,14.5,0,43
engr1,OP3,BIM,0.4,FGSM,0.9,15.75,14.5,0,43
engr1,OP3,BIM,0.4,FGSM,1.0,15.75,14.5,0,43
engr1,S7,BIM,0.4,FGSM,0.1,7.25,5.0,0,25
engr1,S7,BIM,0.4,FGSM,0.2,14.125,12.5,0,45
engr1,S7,BIM,0.4,FGSM,0.3,16.291666666666668,14.5,0,44
engr1,S7,BIM,0.4,FGSM,0.4,16.270833333333332,14.0,0,40
engr1,S7,BIM,0.4,FGSM,0.5,16.1875,14.0,0,40
engr1,S7,BIM,0.4,FGSM,0.6,16.1875,14.0,0,40
engr1,S7,BIM,0.4,FGSM,0.7,16.1875,14.0,0,40
engr1,S7,BIM,0.4,FGSM,0.8,16.1875,14.0,0,40
engr1,S7,BIM,0.4,FGSM,0.9,16.1875,14.0,0,40
engr1,S7,BIM,0.4,FGSM,1.0,16.1875,14.0,0,40
engr1,BLU,BIM,0.5,FGSM,0.1,4.0625,3.0,0,19
engr1,BLU,BIM,0.5,FGSM,0.2,17.833333333333332,13.5,0,44
engr1,BLU,BIM,0.5,FGSM,0.3,19.604166666666668,18.5,0,45
engr1,BLU,BIM,0.5,FGSM,0.4,19.291666666666668,18.5,0,44
engr1,BLU,BIM,0.5,FGSM,0.5,19.291666666666668,18.5,0,44
engr1,BLU,BIM,0.5,FGSM,0.6,19.291666666666668,18.5,0,44
engr1,BLU,BIM,0.5,FGSM,0.7,19.291666666666668,18.5,0,44
engr1,BLU,BIM,0.5,FGSM,0.8,19.291666666666668,18.5,0,44
engr1,BLU,BIM,0.5,FGSM,0.9,19.291666666666668,18.5,0,44
engr1,BLU,BIM,0.5,FGSM,1.0,19.291666666666668,18.5,0,44
engr1,HTC,BIM,0.5,FGSM,0.1,8.541666666666666,6.5,1,28
engr1,HTC,BIM,0.5,FGSM,0.2,14.458333333333334,11.0,1,37
engr1,HTC,BIM,0.5,FGSM,0.3,15.958333333333334,13.0,1,39
engr1,HTC,BIM,0.5,FGSM,0.4,16.0625,13.5,1,39
engr1,HTC,BIM,0.5,FGSM,0.5,15.916666666666666,13.5,1,39
engr1,HTC,BIM,0.5,FGSM,0.6,15.916666666666666,13.5,1,39
engr1,HTC,BIM,0.5,FGSM,0.7,15.916666666666666,13.5,1,39
engr1,HTC,BIM,0.5,FGSM,0.8,15.916666666666666,13.5,1,39
engr1,HTC,BIM,0.5,FGSM,0.9,15.916666666666666,13.5,1,39
engr1,HTC,BIM,0.5,FGSM,1.0,15.916666666666666,13.5,1,39
engr1,LG,BIM,0.5,FGSM,0.1,6.9375,6.0,0,21
engr1,LG,BIM,0.5,FGSM,0.2,13.8125,13.0,1,33
engr1,LG,BIM,0.5,FGSM,0.3,18.333333333333332,16.0,1,41
engr1,LG,BIM,0.5,FGSM,0.4,18.125,16.0,1,40
engr1,LG,BIM,0.5,FGSM,0.5,18.229166666666668,16.0,1,40
engr1,LG,BIM,0.5,FGSM,0.6,18.229166666666668,16.0,1,40
engr1,LG,BIM,0.5,FGSM,0.7,18.229166666666668,16.0,1,40
engr1,LG,BIM,0.5,FGSM,0.8,18.229166666666668,16.0,1,40
engr1,LG,BIM,0.5,FGSM,0.9,18.229166666666668,16.0,1,40
engr1,LG,BIM,0.5,FGSM,1.0,18.229166666666668,16.0,1,40
engr1,MOTO,BIM,0.5,FGSM,0.1,6.541666666666667,4.0,0,24
engr1,MOTO,BIM,0.5,FGSM,0.2,12.125,10.0,0,45
engr1,MOTO,BIM,0.5,FGSM,0.3,14.458333333333334,12.5,0,44
engr1,MOTO,BIM,0.5,FGSM,0.4,16.125,13.5,0,41
engr1,MOTO,BIM,0.5,FGSM,0.5,14.604166666666666,13.0,0,41
engr1,MOTO,BIM,0.5,FGSM,0.6,14.520833333333334,13.0,0,41
engr1,MOTO,BIM,0.5,FGSM,0.7,14.520833333333334,13.0,0,41
engr1,MOTO,BIM,0.5,FGSM,0.8,14.520833333333334,13.0,0,41
engr1,MOTO,BIM,0.5,FGSM,0.9,14.520833333333334,13.0,0,41
engr1,MOTO,BIM,0.5,FGSM,1.0,14.520833333333334,13.0,0,41
engr1,OP3,BIM,0.5,FGSM,0.1,5.791666666666667,4.5,0,23
engr1,OP3,BIM,0.5,FGSM,0.2,13.0625,11.0,0,43
engr1,OP3,BIM,0.5,FGSM,0.3,15.895833333333334,16.0,0,43
engr1,OP3,BIM,0.5,FGSM,0.4,15.5625,14.5,0,43
engr1,OP3,BIM,0.5,FGSM,0.5,15.75,14.5,0,43
engr1,OP3,BIM,0.5,FGSM,0.6,15.75,14.5,0,43
engr1,OP3,BIM,0.5,FGSM,0.7,15.75,14.5,0,43
engr1,OP3,BIM,0.5,FGSM,0.8,15.75,14.5,0,43
engr1,OP3,BIM,0.5,FGSM,0.9,15.75,14.5,0,43
engr1,OP3,BIM,0.5,FGSM,1.0,15.75,14.5,0,43
engr1,S7,BIM,0.5,FGSM,0.1,7.25,5.0,0,25
engr1,S7,BIM,0.5,FGSM,0.2,14.125,12.5,0,45
engr1,S7,BIM,0.5,FGSM,0.3,16.291666666666668,14.5,0,44
engr1,S7,BIM,0.5,FGSM,0.4,16.270833333333332,14.0,0,40
engr1,S7,BIM,0.5,FGSM,0.5,16.1875,14.0,0,40
engr1,S7,BIM,0.5,FGSM,0.6,16.1875,14.0,0,40
engr1,S7,BIM,0.5,FGSM,0.7,16.1875,14.0,0,40
engr1,S7,BIM,0.5,FGSM,0.8,16.1875,14.0,0,40
engr1,S7,BIM,0.5,FGSM,0.9,16.1875,14.0,0,40
engr1,S7,BIM,0.5,FGSM,1.0,16.1875,14.0,0,40
engr1,BLU,BIM,0.6,FGSM,0.1,4.0625,3.0,0,19
engr1,BLU,BIM,0.6,FGSM,0.2,17.833333333333332,13.5,0,44
engr1,BLU,BIM,0.6,FGSM,0.3,19.604166666666668,18.5,0,45
engr1,BLU,BIM,0.6,FGSM,0.4,19.291666666666668,18.5,0,44
engr1,BLU,BIM,0.6,FGSM,0.5,19.291666666666668,18.5,0,44
engr1,BLU,BIM,0.6,FGSM,0.6,19.291666666666668,18.5,0,44
engr1,BLU,BIM,0.6,FGSM,0.7,19.291666666666668,18.5,0,44
engr1,BLU,BIM,0.6,FGSM,0.8,19.291666666666668,18.5,0,44
engr1,BLU,BIM,0.6,FGSM,0.9,19.291666666666668,18.5,0,44
engr1,BLU,BIM,0.6,FGSM,1.0,19.291666666666668,18.5,0,44
engr1,HTC,BIM,0.6,FGSM,0.1,8.541666666666666,6.5,1,28
engr1,HTC,BIM,0.6,FGSM,0.2,14.458333333333334,11.0,1,37
engr1,HTC,BIM,0.6,FGSM,0.3,15.958333333333334,13.0,1,39
engr1,HTC,BIM,0.6,FGSM,0.4,16.0625,13.5,1,39
engr1,HTC,BIM,0.6,FGSM,0.5,15.916666666666666,13.5,1,39
engr1,HTC,BIM,0.6,FGSM,0.6,15.916666666666666,13.5,1,39
engr1,HTC,BIM,0.6,FGSM,0.7,15.916666666666666,13.5,1,39
engr1,HTC,BIM,0.6,FGSM,0.8,15.916666666666666,13.5,1,39
engr1,HTC,BIM,0.6,FGSM,0.9,15.916666666666666,13.5,1,39
engr1,HTC,BIM,0.6,FGSM,1.0,15.916666666666666,13.5,1,39
engr1,LG,BIM,0.6,FGSM,0.1,6.9375,6.0,0,21
engr1,LG,BIM,0.6,FGSM,0.2,13.8125,13.0,1,33
engr1,LG,BIM,0.6,FGSM,0.3,18.333333333333332,16.0,1,41
engr1,LG,BIM,0.6,FGSM,0.4,18.125,16.0,1,40
engr1,LG,BIM,0.6,FGSM,0.5,18.229166666666668,16.0,1,40
engr1,LG,BIM,0.6,FGSM,0.6,18.229166666666668,16.0,1,40
engr1,LG,BIM,0.6,FGSM,0.7,18.229166666666668,16.0,1,40
engr1,LG,BIM,0.6,FGSM,0.8,18.229166666666668,16.0,1,40
engr1,LG,BIM,0.6,FGSM,0.9,18.229166666666668,16.0,1,40
engr1,LG,BIM,0.6,FGSM,1.0,18.229166666666668,16.0,1,40
engr1,MOTO,BIM,0.6,FGSM,0.1,6.541666666666667,4.0,0,24
engr1,MOTO,BIM,0.6,FGSM,0.2,12.125,10.0,0,45
engr1,MOTO,BIM,0.6,FGSM,0.3,14.458333333333334,12.5,0,44
engr1,MOTO,BIM,0.6,FGSM,0.4,16.125,13.5,0,41
engr1,MOTO,BIM,0.6,FGSM,0.5,14.604166666666666,13.0,0,41
engr1,MOTO,BIM,0.6,FGSM,0.6,14.520833333333334,13.0,0,41
engr1,MOTO,BIM,0.6,FGSM,0.7,14.520833333333334,13.0,0,41
engr1,MOTO,BIM,0.6,FGSM,0.8,14.520833333333334,13.0,0,41
engr1,MOTO,BIM,0.6,FGSM,0.9,14.520833333333334,13.0,0,41
engr1,MOTO,BIM,0.6,FGSM,1.0,14.520833333333334,13.0,0,41
engr1,OP3,BIM,0.6,FGSM,0.1,5.791666666666667,4.5,0,23
engr1,OP3,BIM,0.6,FGSM,0.2,13.0625,11.0,0,43
engr1,OP3,BIM,0.6,FGSM,0.3,15.895833333333334,16.0,0,43
engr1,OP3,BIM,0.6,FGSM,0.4,15.5625,14.5,0,43
engr1,OP3,BIM,0.6,FGSM,0.5,15.75,14.5,0,43
engr1,OP3,BIM,0.6,FGSM,0.6,15.75,14.5,0,43
engr1,OP3,BIM,0.6,FGSM,0.7,15.75,14.5,0,43
engr1,OP3,BIM,0.6,FGSM,0.8,15.75,14.5,0,43
engr1,OP3,BIM,0.6,FGSM,0.9,15.75,14.5,0,43
engr1,OP3,BIM,0.6,FGSM,1.0,15.75,14.5,0,43
engr1,S7,BIM,0.6,FGSM,0.1,7.25,5.0,0,25
engr1,S7,BIM,0.6,FGSM,0.2,14.125,12.5,0,45
engr1,S7,BIM,0.6,FGSM,0.3,16.291666666666668,14.5,0,44
engr1,S7,BIM,0.6,FGSM,0.4,16.270833333333332,14.0,0,40
engr1,S7,BIM,0.6,FGSM,0.5,16.1875,14.0,0,40
engr1,S7,BIM,0.6,FGSM,0.6,16.1875,14.0,0,40
engr1,S7,BIM,0.6,FGSM,0.7,16.1875,14.0,0,40
engr1,S7,BIM,0.6,FGSM,0.8,16.1875,14.0,0,40
engr1,S7,BIM,0.6,FGSM,0.9,16.1875,14.0,0,40
engr1,S7,BIM,0.6,FGSM,1.0,16.1875,14.0,0,40
engr1,BLU,BIM,0.7,FGSM,0.1,4.0625,3.0,0,19
engr1,BLU,BIM,0.7,FGSM,0.2,17.833333333333332,13.5,0,44
engr1,BLU,BIM,0.7,FGSM,0.3,19.604166666666668,18.5,0,45
engr1,BLU,BIM,0.7,FGSM,0.4,19.291666666666668,18.5,0,44
engr1,BLU,BIM,0.7,FGSM,0.5,19.291666666666668,18.5,0,44
engr1,BLU,BIM,0.7,FGSM,0.6,19.291666666666668,18.5,0,44
engr1,BLU,BIM,0.7,FGSM,0.7,19.291666666666668,18.5,0,44
engr1,BLU,BIM,0.7,FGSM,0.8,19.291666666666668,18.5,0,44
engr1,BLU,BIM,0.7,FGSM,0.9,19.291666666666668,18.5,0,44
engr1,BLU,BIM,0.7,FGSM,1.0,19.291666666666668,18.5,0,44
engr1,HTC,BIM,0.7,FGSM,0.1,8.541666666666666,6.5,1,28
engr1,HTC,BIM,0.7,FGSM,0.2,14.458333333333334,11.0,1,37
engr1,HTC,BIM,0.7,FGSM,0.3,15.958333333333334,13.0,1,39
engr1,HTC,BIM,0.7,FGSM,0.4,16.0625,13.5,1,39
engr1,HTC,BIM,0.7,FGSM,0.5,15.916666666666666,13.5,1,39
engr1,HTC,BIM,0.7,FGSM,0.6,15.916666666666666,13.5,1,39
engr1,HTC,BIM,0.7,FGSM,0.7,15.916666666666666,13.5,1,39
engr1,HTC,BIM,0.7,FGSM,0.8,15.916666666666666,13.5,1,39
engr1,HTC,BIM,0.7,FGSM,0.9,15.916666666666666,13.5,1,39
engr1,HTC,BIM,0.7,FGSM,1.0,15.916666666666666,13.5,1,39
engr1,LG,BIM,0.7,FGSM,0.1,6.9375,6.0,0,21
engr1,LG,BIM,0.7,FGSM,0.2,13.8125,13.0,1,33
engr1,LG,BIM,0.7,FGSM,0.3,18.333333333333332,16.0,1,41
engr1,LG,BIM,0.7,FGSM,0.4,18.125,16.0,1,40
engr1,LG,BIM,0.7,FGSM,0.5,18.229166666666668,16.0,1,40
engr1,LG,BIM,0.7,FGSM,0.6,18.229166666666668,16.0,1,40
engr1,LG,BIM,0.7,FGSM,0.7,18.229166666666668,16.0,1,40
engr1,LG,BIM,0.7,FGSM,0.8,18.229166666666668,16.0,1,40
engr1,LG,BIM,0.7,FGSM,0.9,18.229166666666668,16.0,1,40
engr1,LG,BIM,0.7,FGSM,1.0,18.229166666666668,16.0,1,40
engr1,MOTO,BIM,0.7,FGSM,0.1,6.541666666666667,4.0,0,24
engr1,MOTO,BIM,0.7,FGSM,0.2,12.125,10.0,0,45
engr1,MOTO,BIM,0.7,FGSM,0.3,14.458333333333334,12.5,0,44
engr1,MOTO,BIM,0.7,FGSM,0.4,16.125,13.5,0,41
engr1,MOTO,BIM,0.7,FGSM,0.5,14.604166666666666,13.0,0,41
engr1,MOTO,BIM,0.7,FGSM,0.6,14.520833333333334,13.0,0,41
engr1,MOTO,BIM,0.7,FGSM,0.7,14.520833333333334,13.0,0,41
engr1,MOTO,BIM,0.7,FGSM,0.8,14.520833333333334,13.0,0,41
engr1,MOTO,BIM,0.7,FGSM,0.9,14.520833333333334,13.0,0,41
engr1,MOTO,BIM,0.7,FGSM,1.0,14.520833333333334,13.0,0,41
engr1,OP3,BIM,0.7,FGSM,0.1,5.791666666666667,4.5,0,23
engr1,OP3,BIM,0.7,FGSM,0.2,13.0625,11.0,0,43
engr1,OP3,BIM,0.7,FGSM,0.3,15.895833333333334,16.0,0,43
engr1,OP3,BIM,0.7,FGSM,0.4,15.5625,14.5,0,43
engr1,OP3,BIM,0.7,FGSM,0.5,15.75,14.5,0,43
engr1,OP3,BIM,0.7,FGSM,0.6,15.75,14.5,0,43
engr1,OP3,BIM,0.7,FGSM,0.7,15.75,14.5,0,43
engr1,OP3,BIM,0.7,FGSM,0.8,15.75,14.5,0,43
engr1,OP3,BIM,0.7,FGSM,0.9,15.75,14.5,0,43
engr1,OP3,BIM,0.7,FGSM,1.0,15.75,14.5,0,43
engr1,S7,BIM,0.7,FGSM,0.1,7.25,5.0,0,25
engr1,S7,BIM,0.7,FGSM,0.2,14.125,12.5,0,45
engr1,S7,BIM,0.7,FGSM,0.3,16.291666666666668,14.5,0,44
engr1,S7,BIM,0.7,FGSM,0.4,16.270833333333332,14.0,0,40
engr1,S7,BIM,0.7,FGSM,0.5,16.1875,14.0,0,40
engr1,S7,BIM,0.7,FGSM,0.6,16.1875,14.0,0,40
engr1,S7,BIM,0.7,FGSM,0.7,16.1875,14.0,0,40
engr1,S7,BIM,0.7,FGSM,0.8,16.1875,14.0,0,40
engr1,S7,BIM,0.7,FGSM,0.9,16.1875,14.0,0,40
engr1,S7,BIM,0.7,FGSM,1.0,16.1875,14.0,0,40
engr1,BLU,BIM,0.8,FGSM,0.1,4.0625,3.0,0,19
engr1,BLU,BIM,0.8,FGSM,0.2,17.833333333333332,13.5,0,44
engr1,BLU,BIM,0.8,FGSM,0.3,19.604166666666668,18.5,0,45
engr1,BLU,BIM,0.8,FGSM,0.4,19.291666666666668,18.5,0,44
engr1,BLU,BIM,0.8,FGSM,0.5,19.291666666666668,18.5,0,44
engr1,BLU,BIM,0.8,FGSM,0.6,19.291666666666668,18.5,0,44
engr1,BLU,BIM,0.8,FGSM,0.7,19.291666666666668,18.5,0,44
engr1,BLU,BIM,0.8,FGSM,0.8,19.291666666666668,18.5,0,44
engr1,BLU,BIM,0.8,FGSM,0.9,19.291666666666668,18.5,0,44
engr1,BLU,BIM,0.8,FGSM,1.0,19.291666666666668,18.5,0,44
engr1,HTC,BIM,0.8,FGSM,0.1,8.541666666666666,6.5,1,28
engr1,HTC,BIM,0.8,FGSM,0.2,14.458333333333334,11.0,1,37
engr1,HTC,BIM,0.8,FGSM,0.3,15.958333333333334,13.0,1,39
engr1,HTC,BIM,0.8,FGSM,0.4,16.0625,13.5,1,39
engr1,HTC,BIM,0.8,FGSM,0.5,15.916666666666666,13.5,1,39
engr1,HTC,BIM,0.8,FGSM,0.6,15.916666666666666,13.5,1,39
engr1,HTC,BIM,0.8,FGSM,0.7,15.916666666666666,13.5,1,39
engr1,HTC,BIM,0.8,FGSM,0.8,15.916666666666666,13.5,1,39
engr1,HTC,BIM,0.8,FGSM,0.9,15.916666666666666,13.5,1,39
engr1,HTC,BIM,0.8,FGSM,1.0,15.916666666666666,13.5,1,39
engr1,LG,BIM,0.8,FGSM,0.1,6.9375,6.0,0,21
engr1,LG,BIM,0.8,FGSM,0.2,13.8125,13.0,1,33
engr1,LG,BIM,0.8,FGSM,0.3,18.333333333333332,16.0,1,41
engr1,LG,BIM,0.8,FGSM,0.4,18.125,16.0,1,40
engr1,LG,BIM,0.8,FGSM,0.5,18.229166666666668,16.0,1,40
engr1,LG,BIM,0.8,FGSM,0.6,18.229166666666668,16.0,1,40
engr1,LG,BIM,0.8,FGSM,0.7,18.229166666666668,16.0,1,40
engr1,LG,BIM,0.8,FGSM,0.8,18.229166666666668,16.0,1,40
engr1,LG,BIM,0.8,FGSM,0.9,18.229166666666668,16.0,1,40
engr1,LG,BIM,0.8,FGSM,1.0,18.229166666666668,16.0,1,40
engr1,MOTO,BIM,0.8,FGSM,0.1,6.541666666666667,4.0,0,24
engr1,MOTO,BIM,0.8,FGSM,0.2,12.125,10.0,0,45
engr1,MOTO,BIM,0.8,FGSM,0.3,14.458333333333334,12.5,0,44
engr1,MOTO,BIM,0.8,FGSM,0.4,16.125,13.5,0,41
engr1,MOTO,BIM,0.8,FGSM,0.5,14.604166666666666,13.0,0,41
engr1,MOTO,BIM,0.8,FGSM,0.6,14.520833333333334,13.0,0,41
engr1,MOTO,BIM,0.8,FGSM,0.7,14.520833333333334,13.0,0,41
engr1,MOTO,BIM,0.8,FGSM,0.8,14.520833333333334,13.0,0,41
engr1,MOTO,BIM,0.8,FGSM,0.9,14.520833333333334,13.0,0,41
engr1,MOTO,BIM,0.8,FGSM,1.0,14.520833333333334,13.0,0,41
engr1,OP3,BIM,0.8,FGSM,0.1,5.791666666666667,4.5,0,23
engr1,OP3,BIM,0.8,FGSM,0.2,13.0625,11.0,0,43
engr1,OP3,BIM,0.8,FGSM,0.3,15.895833333333334,16.0,0,43
engr1,OP3,BIM,0.8,FGSM,0.4,15.5625,14.5,0,43
engr1,OP3,BIM,0.8,FGSM,0.5,15.75,14.5,0,43
engr1,OP3,BIM,0.8,FGSM,0.6,15.75,14.5,0,43
engr1,OP3,BIM,0.8,FGSM,0.7,15.75,14.5,0,43
engr1,OP3,BIM,0.8,FGSM,0.8,15.75,14.5,0,43
engr1,OP3,BIM,0.8,FGSM,0.9,15.75,14.5,0,43
engr1,OP3,BIM,0.8,FGSM,1.0,15.75,14.5,0,43
engr1,S7,BIM,0.8,FGSM,0.1,7.25,5.0,0,25
engr1,S7,BIM,0.8,FGSM,0.2,14.125,12.5,0,45
engr1,S7,BIM,0.8,FGSM,0.3,16.291666666666668,14.5,0,44
engr1,S7,BIM,0.8,FGSM,0.4,16.270833333333332,14.0,0,40
engr1,S7,BIM,0.8,FGSM,0.5,16.1875,14.0,0,40
engr1,S7,BIM,0.8,FGSM,0.6,16.1875,14.0,0,40
engr1,S7,BIM,0.8,FGSM,0.7,16.1875,14.0,0,40
engr1,S7,BIM,0.8,FGSM,0.8,16.1875,14.0,0,40
engr1,S7,BIM,0.8,FGSM,0.9,16.1875,14.0,0,40
engr1,S7,BIM,0.8,FGSM,1.0,16.1875,14.0,0,40
engr1,BLU,BIM,0.9,FGSM,0.1,4.0625,3.0,0,19
engr1,BLU,BIM,0.9,FGSM,0.2,17.833333333333332,13.5,0,44
engr1,BLU,BIM,0.9,FGSM,0.3,19.604166666666668,18.5,0,45
engr1,BLU,BIM,0.9,FGSM,0.4,19.291666666666668,18.5,0,44
engr1,BLU,BIM,0.9,FGSM,0.5,19.291666666666668,18.5,0,44
engr1,BLU,BIM,0.9,FGSM,0.6,19.291666666666668,18.5,0,44
engr1,BLU,BIM,0.9,FGSM,0.7,19.291666666666668,18.5,0,44
engr1,BLU,BIM,0.9,FGSM,0.8,19.291666666666668,18.5,0,44
engr1,BLU,BIM,0.9,FGSM,0.9,19.291666666666668,18.5,0,44
engr1,BLU,BIM,0.9,FGSM,1.0,19.291666666666668,18.5,0,44
engr1,HTC,BIM,0.9,FGSM,0.1,8.541666666666666,6.5,1,28
engr1,HTC,BIM,0.9,FGSM,0.2,14.458333333333334,11.0,1,37
engr1,HTC,BIM,0.9,FGSM,0.3,15.958333333333334,13.0,1,39
engr1,HTC,BIM,0.9,FGSM,0.4,16.0625,13.5,1,39
engr1,HTC,BIM,0.9,FGSM,0.5,15.916666666666666,13.5,1,39
engr1,HTC,BIM,0.9,FGSM,0.6,15.916666666666666,13.5,1,39
engr1,HTC,BIM,0.9,FGSM,0.7,15.916666666666666,13.5,1,39
engr1,HTC,BIM,0.9,FGSM,0.8,15.916666666666666,13.5,1,39
engr1,HTC,BIM,0.9,FGSM,0.9,15.916666666666666,13.5,1,39
engr1,HTC,BIM,0.9,FGSM,1.0,15.916666666666666,13.5,1,39
engr1,LG,BIM,0.9,FGSM,0.1,6.9375,6.0,0,21
engr1,LG,BIM,0.9,FGSM,0.2,13.8125,13.0,1,33
engr1,LG,BIM,0.9,FGSM,0.3,18.333333333333332,16.0,1,41
engr1,LG,BIM,0.9,FGSM,0.4,18.125,16.0,1,40
engr1,LG,BIM,0.9,FGSM,0.5,18.229166666666668,16.0,1,40
engr1,LG,BIM,0.9,FGSM,0.6,18.229166666666668,16.0,1,40
engr1,LG,BIM,0.9,FGSM,0.7,18.229166666666668,16.0,1,40
engr1,LG,BIM,0.9,FGSM,0.8,18.229166666666668,16.0,1,40
engr1,LG,BIM,0.9,FGSM,0.9,18.229166666666668,16.0,1,40
engr1,LG,BIM,0.9,FGSM,1.0,18.229166666666668,16.0,1,40
engr1,MOTO,BIM,0.9,FGSM,0.1,6.541666666666667,4.0,0,24
engr1,MOTO,BIM,0.9,FGSM,0.2,12.125,10.0,0,45
engr1,MOTO,BIM,0.9,FGSM,0.3,14.458333333333334,12.5,0,44
engr1,MOTO,BIM,0.9,FGSM,0.4,16.125,13.5,0,41
engr1,MOTO,BIM,0.9,FGSM,0.5,14.604166666666666,13.0,0,41
engr1,MOTO,BIM,0.9,FGSM,0.6,14.520833333333334,13.0,0,41
engr1,MOTO,BIM,0.9,FGSM,0.7,14.520833333333334,13.0,0,41
engr1,MOTO,BIM,0.9,FGSM,0.8,14.520833333333334,13.0,0,41
engr1,MOTO,BIM,0.9,FGSM,0.9,14.520833333333334,13.0,0,41
engr1,MOTO,BIM,0.9,FGSM,1.0,14.520833333333334,13.0,0,41
engr1,OP3,BIM,0.9,FGSM,0.1,5.791666666666667,4.5,0,23
engr1,OP3,BIM,0.9,FGSM,0.2,13.0625,11.0,0,43
engr1,OP3,BIM,0.9,FGSM,0.3,15.895833333333334,16.0,0,43
engr1,OP3,BIM,0.9,FGSM,0.4,15.5625,14.5,0,43
engr1,OP3,BIM,0.9,FGSM,0.5,15.75,14.5,0,43
engr1,OP3,BIM,0.9,FGSM,0.6,15.75,14.5,0,43
engr1,OP3,BIM,0.9,FGSM,0.7,15.75,14.5,0,43
engr1,OP3,BIM,0.9,FGSM,0.8,15.75,14.5,0,43
engr1,OP3,BIM,0.9,FGSM,0.9,15.75,14.5,0,43
engr1,OP3,BIM,0.9,FGSM,1.0,15.75,14.5,0,43
engr1,S7,BIM,0.9,FGSM,0.1,7.25,5.0,0,25
engr1,S7,BIM,0.9,FGSM,0.2,14.125,12.5,0,45
engr1,S7,BIM,0.9,FGSM,0.3,16.291666666666668,14.5,0,44
engr1,S7,BIM,0.9,FGSM,0.4,16.270833333333332,14.0,0,40
engr1,S7,BIM,0.9,FGSM,0.5,16.1875,14.0,0,40
engr1,S7,BIM,0.9,FGSM,0.6,16.1875,14.0,0,40
engr1,S7,BIM,0.9,FGSM,0.7,16.1875,14.0,0,40
engr1,S7,BIM,0.9,FGSM,0.8,16.1875,14.0,0,40
engr1,S7,BIM,0.9,FGSM,0.9,16.1875,14.0,0,40
engr1,S7,BIM,0.9,FGSM,1.0,16.1875,14.0,0,40
engr1,BLU,BIM,1.0,FGSM,0.1,4.0625,3.0,0,19
engr1,BLU,BIM,1.0,FGSM,0.2,17.833333333333332,13.5,0,44
engr1,BLU,BIM,1.0,FGSM,0.3,19.604166666666668,18.5,0,45
engr1,BLU,BIM,1.0,FGSM,0.4,19.291666666666668,18.5,0,44
engr1,BLU,BIM,1.0,FGSM,0.5,19.291666666666668,18.5,0,44
engr1,BLU,BIM,1.0,FGSM,0.6,19.291666666666668,18.5,0,44
engr1,BLU,BIM,1.0,FGSM,0.7,19.291666666666668,18.5,0,44
engr1,BLU,BIM,1.0,FGSM,0.8,19.291666666666668,18.5,0,44
engr1,BLU,BIM,1.0,FGSM,0.9,19.291666666666668,18.5,0,44
engr1,BLU,BIM,1.0,FGSM,1.0,19.291666666666668,18.5,0,44
engr1,HTC,BIM,1.0,FGSM,0.1,8.541666666666666,6.5,1,28
engr1,HTC,BIM,1.0,FGSM,0.2,14.458333333333334,11.0,1,37
engr1,HTC,BIM,1.0,FGSM,0.3,15.958333333333334,13.0,1,39
engr1,HTC,BIM,1.0,FGSM,0.4,16.0625,13.5,1,39
engr1,HTC,BIM,1.0,FGSM,0.5,15.916666666666666,13.5,1,39
engr1,HTC,BIM,1.0,FGSM,0.6,15.916666666666666,13.5,1,39
engr1,HTC,BIM,1.0,FGSM,0.7,15.916666666666666,13.5,1,39
engr1,HTC,BIM,1.0,FGSM,0.8,15.916666666666666,13.5,1,39
engr1,HTC,BIM,1.0,FGSM,0.9,15.916666666666666,13.5,1,39
engr1,HTC,BIM,1.0,FGSM,1.0,15.916666666666666,13.5,1,39
engr1,LG,BIM,1.0,FGSM,0.1,6.9375,6.0,0,21
engr1,LG,BIM,1.0,FGSM,0.2,13.8125,13.0,1,33
engr1,LG,BIM,1.0,FGSM,0.3,18.333333333333332,16.0,1,41
engr1,LG,BIM,1.0,FGSM,0.4,18.125,16.0,1,40
engr1,LG,BIM,1.0,FGSM,0.5,18.229166666666668,16.0,1,40
engr1,LG,BIM,1.0,FGSM,0.6,18.229166666666668,16.0,1,40
engr1,LG,BIM,1.0,FGSM,0.7,18.229166666666668,16.0,1,40
engr1,LG,BIM,1.0,FGSM,0.8,18.229166666666668,16.0,1,40
engr1,LG,BIM,1.0,FGSM,0.9,18.229166666666668,16.0,1,40
engr1,LG,BIM,1.0,FGSM,1.0,18.229166666666668,16.0,1,40
engr1,MOTO,BIM,1.0,FGSM,0.1,6.541666666666667,4.0,0,24
engr1,MOTO,BIM,1.0,FGSM,0.2,12.125,10.0,0,45
engr1,MOTO,BIM,1.0,FGSM,0.3,14.458333333333334,12.5,0,44
engr1,MOTO,BIM,1.0,FGSM,0.4,16.125,13.5,0,41
engr1,MOTO,BIM,1.0,FGSM,0.5,14.604166666666666,13.0,0,41
engr1,MOTO,BIM,1.0,FGSM,0.6,14.520833333333334,13.0,0,41
engr1,MOTO,BIM,1.0,FGSM,0.7,14.520833333333334,13.0,0,41
engr1,MOTO,BIM,1.0,FGSM,0.8,14.520833333333334,13.0,0,41
engr1,MOTO,BIM,1.0,FGSM,0.9,14.520833333333334,13.0,0,41
engr1,MOTO,BIM,1.0,FGSM,1.0,14.520833333333334,13.0,0,41
engr1,OP3,BIM,1.0,FGSM,0.1,5.791666666666667,4.5,0,23
engr1,OP3,BIM,1.0,FGSM,0.2,13.0625,11.0,0,43
engr1,OP3,BIM,1.0,FGSM,0.3,15.895833333333334,16.0,0,43
engr1,OP3,BIM,1.0,FGSM,0.4,15.5625,14.5,0,43
engr1,OP3,BIM,1.0,FGSM,0.5,15.75,14.5,0,43
engr1,OP3,BIM,1.0,FGSM,0.6,15.75,14.5,0,43
engr1,OP3,BIM,1.0,FGSM,0.7,15.75,14.5,0,43
engr1,OP3,BIM,1.0,FGSM,0.8,15.75,14.5,0,43
engr1,OP3,BIM,1.0,FGSM,0.9,15.75,14.5,0,43
engr1,OP3,BIM,1.0,FGSM,1.0,15.75,14.5,0,43
engr1,S7,BIM,1.0,FGSM,0.1,7.25,5.0,0,25
engr1,S7,BIM,1.0,FGSM,0.2,14.125,12.5,0,45
engr1,S7,BIM,1.0,FGSM,0.3,16.291666666666668,14.5,0,44
engr1,S7,BIM,1.0,FGSM,0.4,16.270833333333332,14.0,0,40
engr1,S7,BIM,1.0,FGSM,0.5,16.1875,14.0,0,40
engr1,S7,BIM,1.0,FGSM,0.6,16.1875,14.0,0,40
engr1,S7,BIM,1.0,FGSM,0.7,16.1875,14.0,0,40
engr1,S7,BIM,1.0,FGSM,0.8,16.1875,14.0,0,40
engr1,S7,BIM,1.0,FGSM,0.9,16.1875,14.0,0,40
engr1,S7,BIM,1.0,FGSM,1.0,16.1875,14.0,0,40
engr1,BLU,FGSM,0.1,PGD,0.1,16.1875,14.0,0,40
engr1,BLU,FGSM,0.1,PGD,0.2,16.1875,14.0,0,40
engr1,BLU,FGSM,0.1,PGD,0.3,16.1875,14.0,0,40
engr1,BLU,FGSM,0.1,PGD,0.4,16.1875,14.0,0,40
engr1,BLU,FGSM,0.1,PGD,0.5,16.1875,14.0,0,40
engr1,BLU,FGSM,0.1,PGD,0.6,16.1875,14.0,0,40
engr1,BLU,FGSM,0.1,PGD,0.7,16.1875,14.0,0,40
engr1,BLU,FGSM,0.1,PGD,0.8,16.1875,14.0,0,40
engr1,BLU,FGSM,0.1,PGD,0.9,16.1875,14.0,0,40
engr1,BLU,FGSM,0.1,PGD,1.0,16.1875,14.0,0,40
engr1,HTC,FGSM,0.1,PGD,0.1,16.1875,14.0,0,40
engr1,HTC,FGSM,0.1,PGD,0.2,16.1875,14.0,0,40
engr1,HTC,FGSM,0.1,PGD,0.3,16.1875,14.0,0,40
engr1,HTC,FGSM,0.1,PGD,0.4,16.1875,14.0,0,40
engr1,HTC,FGSM,0.1,PGD,0.5,16.1875,14.0,0,40
engr1,HTC,FGSM,0.1,PGD,0.6,16.1875,14.0,0,40
engr1,HTC,FGSM,0.1,PGD,0.7,16.1875,14.0,0,40
engr1,HTC,FGSM,0.1,PGD,0.8,16.1875,14.0,0,40
engr1,HTC,FGSM,0.1,PGD,0.9,16.1875,14.0,0,40
engr1,HTC,FGSM,0.1,PGD,1.0,16.1875,14.0,0,40
engr1,LG,FGSM,0.1,PGD,0.1,16.1875,14.0,0,40
engr1,LG,FGSM,0.1,PGD,0.2,16.1875,14.0,0,40
engr1,LG,FGSM,0.1,PGD,0.3,16.1875,14.0,0,40
engr1,LG,FGSM,0.1,PGD,0.4,16.1875,14.0,0,40
engr1,LG,FGSM,0.1,PGD,0.5,16.1875,14.0,0,40
engr1,LG,FGSM,0.1,PGD,0.6,16.1875,14.0,0,40
engr1,LG,FGSM,0.1,PGD,0.7,16.1875,14.0,0,40
engr1,LG,FGSM,0.1,PGD,0.8,16.1875,14.0,0,40
engr1,LG,FGSM,0.1,PGD,0.9,16.1875,14.0,0,40
engr1,LG,FGSM,0.1,PGD,1.0,16.1875,14.0,0,40
engr1,MOTO,FGSM,0.1,PGD,0.1,16.1875,14.0,0,40
engr1,MOTO,FGSM,0.1,PGD,0.2,16.1875,14.0,0,40
engr1,MOTO,FGSM,0.1,PGD,0.3,16.1875,14.0,0,40
engr1,MOTO,FGSM,0.1,PGD,0.4,16.1875,14.0,0,40
engr1,MOTO,FGSM,0.1,PGD,0.5,16.1875,14.0,0,40
engr1,MOTO,FGSM,0.1,PGD,0.6,16.1875,14.0,0,40
engr1,MOTO,FGSM,0.1,PGD,0.7,16.1875,14.0,0,40
engr1,MOTO,FGSM,0.1,PGD,0.8,16.1875,14.0,0,40
engr1,MOTO,FGSM,0.1,PGD,0.9,16.1875,14.0,0,40
engr1,MOTO,FGSM,0.1,PGD,1.0,16.1875,14.0,0,40
engr1,OP3,FGSM,0.1,PGD,0.1,16.1875,14.0,0,40
engr1,OP3,FGSM,0.1,PGD,0.2,16.1875,14.0,0,40
engr1,OP3,FGSM,0.1,PGD,0.3,16.1875,14.0,0,40
engr1,OP3,FGSM,0.1,PGD,0.4,16.1875,14.0,0,40
engr1,OP3,FGSM,0.1,PGD,0.5,16.1875,14.0,0,40
engr1,OP3,FGSM,0.1,PGD,0.6,16.1875,14.0,0,40
engr1,OP3,FGSM,0.1,PGD,0.7,16.1875,14.0,0,40
engr1,OP3,FGSM,0.1,PGD,0.8,16.1875,14.0,0,40
engr1,OP3,FGSM,0.1,PGD,0.9,16.1875,14.0,0,40
engr1,OP3,FGSM,0.1,PGD,1.0,16.1875,14.0,0,40
engr1,S7,FGSM,0.1,PGD,0.1,16.1875,14.0,0,40
engr1,S7,FGSM,0.1,PGD,0.2,16.1875,14.0,0,40
engr1,S7,FGSM,0.1,PGD,0.3,16.1875,14.0,0,40
engr1,S7,FGSM,0.1,PGD,0.4,16.1875,14.0,0,40
engr1,S7,FGSM,0.1,PGD,0.5,16.1875,14.0,0,40
engr1,S7,FGSM,0.1,PGD,0.6,16.1875,14.0,0,40
engr1,S7,FGSM,0.1,PGD,0.7,16.1875,14.0,0,40
engr1,S7,FGSM,0.1,PGD,0.8,16.1875,14.0,0,40
engr1,S7,FGSM,0.1,PGD,0.9,16.1875,14.0,0,40
engr1,S7,FGSM,0.1,PGD,1.0,16.1875,14.0,0,40
engr1,BLU,FGSM,0.2,PGD,0.1,16.1875,14.0,0,40
engr1,BLU,FGSM,0.2,PGD,0.2,16.1875,14.0,0,40
engr1,BLU,FGSM,0.2,PGD,0.3,16.1875,14.0,0,40
engr1,BLU,FGSM,0.2,PGD,0.4,16.1875,14.0,0,40
engr1,BLU,FGSM,0.2,PGD,0.5,16.1875,14.0,0,40
engr1,BLU,FGSM,0.2,PGD,0.6,16.1875,14.0,0,40
engr1,BLU,FGSM,0.2,PGD,0.7,16.1875,14.0,0,40
engr1,BLU,FGSM,0.2,PGD,0.8,16.1875,14.0,0,40
engr1,BLU,FGSM,0.2,PGD,0.9,16.1875,14.0,0,40
engr1,BLU,FGSM,0.2,PGD,1.0,16.1875,14.0,0,40
engr1,HTC,FGSM,0.2,PGD,0.1,16.1875,14.0,0,40
engr1,HTC,FGSM,0.2,PGD,0.2,16.1875,14.0,0,40
engr1,HTC,FGSM,0.2,PGD,0.3,16.1875,14.0,0,40
engr1,HTC,FGSM,0.2,PGD,0.4,16.1875,14.0,0,40
engr1,HTC,FGSM,0.2,PGD,0.5,16.1875,14.0,0,40
engr1,HTC,FGSM,0.2,PGD,0.6,16.1875,14.0,0,40
engr1,HTC,FGSM,0.2,PGD,0.7,16.1875,14.0,0,40
engr1,HTC,FGSM,0.2,PGD,0.8,16.1875,14.0,0,40
engr1,HTC,FGSM,0.2,PGD,0.9,16.1875,14.0,0,40
engr1,HTC,FGSM,0.2,PGD,1.0,16.1875,14.0,0,40
engr1,LG,FGSM,0.2,PGD,0.1,16.1875,14.0,0,40
engr1,LG,FGSM,0.2,PGD,0.2,16.1875,14.0,0,40
engr1,LG,FGSM,0.2,PGD,0.3,16.1875,14.0,0,40
engr1,LG,FGSM,0.2,PGD,0.4,16.1875,14.0,0,40
engr1,LG,FGSM,0.2,PGD,0.5,16.1875,14.0,0,40
engr1,LG,FGSM,0.2,PGD,0.6,16.1875,14.0,0,40
engr1,LG,FGSM,0.2,PGD,0.7,16.1875,14.0,0,40
engr1,LG,FGSM,0.2,PGD,0.8,16.1875,14.0,0,40
engr1,LG,FGSM,0.2,PGD,0.9,16.1875,14.0,0,40
engr1,LG,FGSM,0.2,PGD,1.0,16.1875,14.0,0,40
engr1,MOTO,FGSM,0.2,PGD,0.1,16.1875,14.0,0,40
engr1,MOTO,FGSM,0.2,PGD,0.2,16.1875,14.0,0,40
engr1,MOTO,FGSM,0.2,PGD,0.3,16.1875,14.0,0,40
engr1,MOTO,FGSM,0.2,PGD,0.4,16.1875,14.0,0,40
engr1,MOTO,FGSM,0.2,PGD,0.5,16.1875,14.0,0,40
engr1,MOTO,FGSM,0.2,PGD,0.6,16.1875,14.0,0,40
engr1,MOTO,FGSM,0.2,PGD,0.7,16.1875,14.0,0,40
engr1,MOTO,FGSM,0.2,PGD,0.8,16.1875,14.0,0,40
engr1,MOTO,FGSM,0.2,PGD,0.9,16.1875,14.0,0,40
engr1,MOTO,FGSM,0.2,PGD,1.0,16.1875,14.0,0,40
engr1,OP3,FGSM,0.2,PGD,0.1,16.1875,14.0,0,40
engr1,OP3,FGSM,0.2,PGD,0.2,16.1875,14.0,0,40
engr1,OP3,FGSM,0.2,PGD,0.3,16.1875,14.0,0,40
engr1,OP3,FGSM,0.2,PGD,0.4,16.1875,14.0,0,40
engr1,OP3,FGSM,0.2,PGD,0.5,16.1875,14.0,0,40
engr1,OP3,FGSM,0.2,PGD,0.6,16.1875,14.0,0,40
engr1,OP3,FGSM,0.2,PGD,0.7,16.1875,14.0,0,40
engr1,OP3,FGSM,0.2,PGD,0.8,16.1875,14.0,0,40
engr1,OP3,FGSM,0.2,PGD,0.9,16.1875,14.0,0,40
engr1,OP3,FGSM,0.2,PGD,1.0,16.1875,14.0,0,40
engr1,S7,FGSM,0.2,PGD,0.1,16.1875,14.0,0,40
engr1,S7,FGSM,0.2,PGD,0.2,16.1875,14.0,0,40
engr1,S7,FGSM,0.2,PGD,0.3,16.1875,14.0,0,40
engr1,S7,FGSM,0.2,PGD,0.4,16.1875,14.0,0,40
engr1,S7,FGSM,0.2,PGD,0.5,16.1875,14.0,0,40
engr1,S7,FGSM,0.2,PGD,0.6,16.1875,14.0,0,40
engr1,S7,FGSM,0.2,PGD,0.7,16.1875,14.0,0,40
engr1,S7,FGSM,0.2,PGD,0.8,16.1875,14.0,0,40
engr1,S7,FGSM,0.2,PGD,0.9,16.1875,14.0,0,40
engr1,S7,FGSM,0.2,PGD,1.0,16.1875,14.0,0,40
engr1,BLU,FGSM,0.3,PGD,0.1,16.1875,14.0,0,40
engr1,BLU,FGSM,0.3,PGD,0.2,16.1875,14.0,0,40
engr1,BLU,FGSM,0.3,PGD,0.3,16.1875,14.0,0,40
engr1,BLU,FGSM,0.3,PGD,0.4,16.1875,14.0,0,40
engr1,BLU,FGSM,0.3,PGD,0.5,16.1875,14.0,0,40
engr1,BLU,FGSM,0.3,PGD,0.6,16.1875,14.0,0,40
engr1,BLU,FGSM,0.3,PGD,0.7,16.1875,14.0,0,40
engr1,BLU,FGSM,0.3,PGD,0.8,16.1875,14.0,0,40
engr1,BLU,FGSM,0.3,PGD,0.9,16.1875,14.0,0,40
engr1,BLU,FGSM,0.3,PGD,1.0,16.1875,14.0,0,40
engr1,HTC,FGSM,0.3,PGD,0.1,16.1875,14.0,0,40
engr1,HTC,FGSM,0.3,PGD,0.2,16.1875,14.0,0,40
engr1,HTC,FGSM,0.3,PGD,0.3,16.1875,14.0,0,40
engr1,HTC,FGSM,0.3,PGD,0.4,16.1875,14.0,0,40
engr1,HTC,FGSM,0.3,PGD,0.5,16.1875,14.0,0,40
engr1,HTC,FGSM,0.3,PGD,0.6,16.1875,14.0,0,40
engr1,HTC,FGSM,0.3,PGD,0.7,16.1875,14.0,0,40
engr1,HTC,FGSM,0.3,PGD,0.8,16.1875,14.0,0,40
engr1,HTC,FGSM,0.3,PGD,0.9,16.1875,14.0,0,40
engr1,HTC,FGSM,0.3,PGD,1.0,16.1875,14.0,0,40
engr1,LG,FGSM,0.3,PGD,0.1,16.1875,14.0,0,40
engr1,LG,FGSM,0.3,PGD,0.2,16.1875,14.0,0,40
engr1,LG,FGSM,0.3,PGD,0.3,16.1875,14.0,0,40
engr1,LG,FGSM,0.3,PGD,0.4,16.1875,14.0,0,40
engr1,LG,FGSM,0.3,PGD,0.5,16.1875,14.0,0,40
engr1,LG,FGSM,0.3,PGD,0.6,16.1875,14.0,0,40
engr1,LG,FGSM,0.3,PGD,0.7,16.1875,14.0,0,40
engr1,LG,FGSM,0.3,PGD,0.8,16.1875,14.0,0,40
engr1,LG,FGSM,0.3,PGD,0.9,16.1875,14.0,0,40
engr1,LG,FGSM,0.3,PGD,1.0,16.1875,14.0,0,40
engr1,MOTO,FGSM,0.3,PGD,0.1,16.1875,14.0,0,40
engr1,MOTO,FGSM,0.3,PGD,0.2,16.1875,14.0,0,40
engr1,MOTO,FGSM,0.3,PGD,0.3,16.1875,14.0,0,40
engr1,MOTO,FGSM,0.3,PGD,0.4,16.1875,14.0,0,40
engr1,MOTO,FGSM,0.3,PGD,0.5,16.1875,14.0,0,40
engr1,MOTO,FGSM,0.3,PGD,0.6,16.1875,14.0,0,40
engr1,MOTO,FGSM,0.3,PGD,0.7,16.1875,14.0,0,40
engr1,MOTO,FGSM,0.3,PGD,0.8,16.1875,14.0,0,40
engr1,MOTO,FGSM,0.3,PGD,0.9,16.1875,14.0,0,40
engr1,MOTO,FGSM,0.3,PGD,1.0,16.1875,14.0,0,40
engr1,OP3,FGSM,0.3,PGD,0.1,16.1875,14.0,0,40
engr1,OP3,FGSM,0.3,PGD,0.2,16.1875,14.0,0,40
engr1,OP3,FGSM,0.3,PGD,0.3,16.1875,14.0,0,40
engr1,OP3,FGSM,0.3,PGD,0.4,16.1875,14.0,0,40
engr1,OP3,FGSM,0.3,PGD,0.5,16.1875,14.0,0,40
engr1,OP3,FGSM,0.3,PGD,0.6,16.1875,14.0,0,40
engr1,OP3,FGSM,0.3,PGD,0.7,16.1875,14.0,0,40
engr1,OP3,FGSM,0.3,PGD,0.8,16.1875,14.0,0,40
engr1,OP3,FGSM,0.3,PGD,0.9,16.1875,14.0,0,40
engr1,OP3,FGSM,0.3,PGD,1.0,16.1875,14.0,0,40
engr1,S7,FGSM,0.3,PGD,0.1,16.1875,14.0,0,40
engr1,S7,FGSM,0.3,PGD,0.2,16.1875,14.0,0,40
engr1,S7,FGSM,0.3,PGD,0.3,16.1875,14.0,0,40
engr1,S7,FGSM,0.3,PGD,0.4,16.1875,14.0,0,40
engr1,S7,FGSM,0.3,PGD,0.5,16.1875,14.0,0,40
engr1,S7,FGSM,0.3,PGD,0.6,16.1875,14.0,0,40
engr1,S7,FGSM,0.3,PGD,0.7,16.1875,14.0,0,40
engr1,S7,FGSM,0.3,PGD,0.8,16.1875,14.0,0,40
engr1,S7,FGSM,0.3,PGD,0.9,16.1875,14.0,0,40
engr1,S7,FGSM,0.3,PGD,1.0,16.1875,14.0,0,40
engr1,BLU,FGSM,0.4,PGD,0.1,16.1875,14.0,0,40
engr1,BLU,FGSM,0.4,PGD,0.2,16.1875,14.0,0,40
engr1,BLU,FGSM,0.4,PGD,0.3,16.1875,14.0,0,40
engr1,BLU,FGSM,0.4,PGD,0.4,16.1875,14.0,0,40
engr1,BLU,FGSM,0.4,PGD,0.5,16.1875,14.0,0,40
engr1,BLU,FGSM,0.4,PGD,0.6,16.1875,14.0,0,40
engr1,BLU,FGSM,0.4,PGD,0.7,16.1875,14.0,0,40
engr1,BLU,FGSM,0.4,PGD,0.8,16.1875,14.0,0,40
engr1,BLU,FGSM,0.4,PGD,0.9,16.1875,14.0,0,40
engr1,BLU,FGSM,0.4,PGD,1.0,16.1875,14.0,0,40
engr1,HTC,FGSM,0.4,PGD,0.1,16.1875,14.0,0,40
engr1,HTC,FGSM,0.4,PGD,0.2,16.1875,14.0,0,40
engr1,HTC,FGSM,0.4,PGD,0.3,16.1875,14.0,0,40
engr1,HTC,FGSM,0.4,PGD,0.4,16.1875,14.0,0,40
engr1,HTC,FGSM,0.4,PGD,0.5,16.1875,14.0,0,40
engr1,HTC,FGSM,0.4,PGD,0.6,16.1875,14.0,0,40
engr1,HTC,FGSM,0.4,PGD,0.7,16.1875,14.0,0,40
engr1,HTC,FGSM,0.4,PGD,0.8,16.1875,14.0,0,40
engr1,HTC,FGSM,0.4,PGD,0.9,16.1875,14.0,0,40
engr1,HTC,FGSM,0.4,PGD,1.0,16.1875,14.0,0,40
engr1,LG,FGSM,0.4,PGD,0.1,16.1875,14.0,0,40
engr1,LG,FGSM,0.4,PGD,0.2,16.1875,14.0,0,40
engr1,LG,FGSM,0.4,PGD,0.3,16.1875,14.0,0,40
engr1,LG,FGSM,0.4,PGD,0.4,16.1875,14.0,0,40
engr1,LG,FGSM,0.4,PGD,0.5,16.1875,14.0,0,40
engr1,LG,FGSM,0.4,PGD,0.6,16.1875,14.0,0,40
engr1,LG,FGSM,0.4,PGD,0.7,16.1875,14.0,0,40
engr1,LG,FGSM,0.4,PGD,0.8,16.1875,14.0,0,40
engr1,LG,FGSM,0.4,PGD,0.9,16.1875,14.0,0,40
engr1,LG,FGSM,0.4,PGD,1.0,16.1875,14.0,0,40
engr1,MOTO,FGSM,0.4,PGD,0.1,16.1875,14.0,0,40
engr1,MOTO,FGSM,0.4,PGD,0.2,16.1875,14.0,0,40
engr1,MOTO,FGSM,0.4,PGD,0.3,16.1875,14.0,0,40
engr1,MOTO,FGSM,0.4,PGD,0.4,16.1875,14.0,0,40
engr1,MOTO,FGSM,0.4,PGD,0.5,16.1875,14.0,0,40
engr1,MOTO,FGSM,0.4,PGD,0.6,16.1875,14.0,0,40
engr1,MOTO,FGSM,0.4,PGD,0.7,16.1875,14.0,0,40
engr1,MOTO,FGSM,0.4,PGD,0.8,16.1875,14.0,0,40
engr1,MOTO,FGSM,0.4,PGD,0.9,16.1875,14.0,0,40
engr1,MOTO,FGSM,0.4,PGD,1.0,16.1875,14.0,0,40
engr1,OP3,FGSM,0.4,PGD,0.1,16.1875,14.0,0,40
engr1,OP3,FGSM,0.4,PGD,0.2,16.1875,14.0,0,40
engr1,OP3,FGSM,0.4,PGD,0.3,16.1875,14.0,0,40
engr1,OP3,FGSM,0.4,PGD,0.4,16.1875,14.0,0,40
engr1,OP3,FGSM,0.4,PGD,0.5,16.1875,14.0,0,40
engr1,OP3,FGSM,0.4,PGD,0.6,16.1875,14.0,0,40
engr1,OP3,FGSM,0.4,PGD,0.7,16.1875,14.0,0,40
engr1,OP3,FGSM,0.4,PGD,0.8,16.1875,14.0,0,40
engr1,OP3,FGSM,0.4,PGD,0.9,16.1875,14.0,0,40
engr1,OP3,FGSM,0.4,PGD,1.0,16.1875,14.0,0,40
engr1,S7,FGSM,0.4,PGD,0.1,16.1875,14.0,0,40
engr1,S7,FGSM,0.4,PGD,0.2,16.1875,14.0,0,40
engr1,S7,FGSM,0.4,PGD,0.3,16.1875,14.0,0,40
engr1,S7,FGSM,0.4,PGD,0.4,16.1875,14.0,0,40
engr1,S7,FGSM,0.4,PGD,0.5,16.1875,14.0,0,40
engr1,S7,FGSM,0.4,PGD,0.6,16.1875,14.0,0,40
engr1,S7,FGSM,0.4,PGD,0.7,16.1875,14.0,0,40
engr1,S7,FGSM,0.4,PGD,0.8,16.1875,14.0,0,40
engr1,S7,FGSM,0.4,PGD,0.9,16.1875,14.0,0,40
engr1,S7,FGSM,0.4,PGD,1.0,16.1875,14.0,0,40
engr1,BLU,FGSM,0.5,PGD,0.1,16.1875,14.0,0,40
engr1,BLU,FGSM,0.5,PGD,0.2,16.1875,14.0,0,40
engr1,BLU,FGSM,0.5,PGD,0.3,16.1875,14.0,0,40
engr1,BLU,FGSM,0.5,PGD,0.4,16.1875,14.0,0,40
engr1,BLU,FGSM,0.5,PGD,0.5,16.1875,14.0,0,40
engr1,BLU,FGSM,0.5,PGD,0.6,16.1875,14.0,0,40
engr1,BLU,FGSM,0.5,PGD,0.7,16.1875,14.0,0,40
engr1,BLU,FGSM,0.5,PGD,0.8,16.1875,14.0,0,40
engr1,BLU,FGSM,0.5,PGD,0.9,16.1875,14.0,0,40
engr1,BLU,FGSM,0.5,PGD,1.0,16.1875,14.0,0,40
engr1,HTC,FGSM,0.5,PGD,0.1,16.1875,14.0,0,40
engr1,HTC,FGSM,0.5,PGD,0.2,16.1875,14.0,0,40
engr1,HTC,FGSM,0.5,PGD,0.3,16.1875,14.0,0,40
engr1,HTC,FGSM,0.5,PGD,0.4,16.1875,14.0,0,40
engr1,HTC,FGSM,0.5,PGD,0.5,16.1875,14.0,0,40
engr1,HTC,FGSM,0.5,PGD,0.6,16.1875,14.0,0,40
engr1,HTC,FGSM,0.5,PGD,0.7,16.1875,14.0,0,40
engr1,HTC,FGSM,0.5,PGD,0.8,16.1875,14.0,0,40
engr1,HTC,FGSM,0.5,PGD,0.9,16.1875,14.0,0,40
engr1,HTC,FGSM,0.5,PGD,1.0,16.1875,14.0,0,40
engr1,LG,FGSM,0.5,PGD,0.1,16.1875,14.0,0,40
engr1,LG,FGSM,0.5,PGD,0.2,16.1875,14.0,0,40
engr1,LG,FGSM,0.5,PGD,0.3,16.1875,14.0,0,40
engr1,LG,FGSM,0.5,PGD,0.4,16.1875,14.0,0,40
engr1,LG,FGSM,0.5,PGD,0.5,16.1875,14.0,0,40
engr1,LG,FGSM,0.5,PGD,0.6,16.1875,14.0,0,40
engr1,LG,FGSM,0.5,PGD,0.7,16.1875,14.0,0,40
engr1,LG,FGSM,0.5,PGD,0.8,16.1875,14.0,0,40
engr1,LG,FGSM,0.5,PGD,0.9,16.1875,14.0,0,40
engr1,LG,FGSM,0.5,PGD,1.0,16.1875,14.0,0,40
engr1,MOTO,FGSM,0.5,PGD,0.1,16.1875,14.0,0,40
engr1,MOTO,FGSM,0.5,PGD,0.2,16.1875,14.0,0,40
engr1,MOTO,FGSM,0.5,PGD,0.3,16.1875,14.0,0,40
engr1,MOTO,FGSM,0.5,PGD,0.4,16.1875,14.0,0,40
engr1,MOTO,FGSM,0.5,PGD,0.5,16.1875,14.0,0,40
engr1,MOTO,FGSM,0.5,PGD,0.6,16.1875,14.0,0,40
engr1,MOTO,FGSM,0.5,PGD,0.7,16.1875,14.0,0,40
engr1,MOTO,FGSM,0.5,PGD,0.8,16.1875,14.0,0,40
engr1,MOTO,FGSM,0.5,PGD,0.9,16.1875,14.0,0,40
engr1,MOTO,FGSM,0.5,PGD,1.0,16.1875,14.0,0,40
engr1,OP3,FGSM,0.5,PGD,0.1,16.1875,14.0,0,40
engr1,OP3,FGSM,0.5,PGD,0.2,16.1875,14.0,0,40
engr1,OP3,FGSM,0.5,PGD,0.3,16.1875,14.0,0,40
engr1,OP3,FGSM,0.5,PGD,0.4,16.1875,14.0,0,40
engr1,OP3,FGSM,0.5,PGD,0.5,16.1875,14.0,0,40
engr1,OP3,FGSM,0.5,PGD,0.6,16.1875,14.0,0,40
engr1,OP3,FGSM,0.5,PGD,0.7,16.1875,14.0,0,40
engr1,OP3,FGSM,0.5,PGD,0.8,16.1875,14.0,0,40
engr1,OP3,FGSM,0.5,PGD,0.9,16.1875,14.0,0,40
engr1,OP3,FGSM,0.5,PGD,1.0,16.1875,14.0,0,40
engr1,S7,FGSM,0.5,PGD,0.1,16.1875,14.0,0,40
engr1,S7,FGSM,0.5,PGD,0.2,16.1875,14.0,0,40
engr1,S7,FGSM,0.5,PGD,0.3,16.1875,14.0,0,40
engr1,S7,FGSM,0.5,PGD,0.4,16.1875,14.0,0,40
engr1,S7,FGSM,0.5,PGD,0.5,16.1875,14.0,0,40
engr1,S7,FGSM,0.5,PGD,0.6,16.1875,14.0,0,40
engr1,S7,FGSM,0.5,PGD,0.7,16.1875,14.0,0,40
engr1,S7,FGSM,0.5,PGD,0.8,16.1875,14.0,0,40
engr1,S7,FGSM,0.5,PGD,0.9,16.1875,14.0,0,40
engr1,S7,FGSM,0.5,PGD,1.0,16.1875,14.0,0,40
engr1,BLU,FGSM,0.6,PGD,0.1,16.1875,14.0,0,40
engr1,BLU,FGSM,0.6,PGD,0.2,16.1875,14.0,0,40
engr1,BLU,FGSM,0.6,PGD,0.3,16.1875,14.0,0,40
engr1,BLU,FGSM,0.6,PGD,0.4,16.1875,14.0,0,40
engr1,BLU,FGSM,0.6,PGD,0.5,16.1875,14.0,0,40
engr1,BLU,FGSM,0.6,PGD,0.6,16.1875,14.0,0,40
engr1,BLU,FGSM,0.6,PGD,0.7,16.1875,14.0,0,40
engr1,BLU,FGSM,0.6,PGD,0.8,16.1875,14.0,0,40
engr1,BLU,FGSM,0.6,PGD,0.9,16.1875,14.0,0,40
engr1,BLU,FGSM,0.6,PGD,1.0,16.1875,14.0,0,40
engr1,HTC,FGSM,0.6,PGD,0.1,16.1875,14.0,0,40
engr1,HTC,FGSM,0.6,PGD,0.2,16.1875,14.0,0,40
engr1,HTC,FGSM,0.6,PGD,0.3,16.1875,14.0,0,40
engr1,HTC,FGSM,0.6,PGD,0.4,16.1875,14.0,0,40
engr1,HTC,FGSM,0.6,PGD,0.5,16.1875,14.0,0,40
engr1,HTC,FGSM,0.6,PGD,0.6,16.1875,14.0,0,40
engr1,HTC,FGSM,0.6,PGD,0.7,16.1875,14.0,0,40
engr1,HTC,FGSM,0.6,PGD,0.8,16.1875,14.0,0,40
engr1,HTC,FGSM,0.6,PGD,0.9,16.1875,14.0,0,40
engr1,HTC,FGSM,0.6,PGD,1.0,16.1875,14.0,0,40
engr1,LG,FGSM,0.6,PGD,0.1,16.1875,14.0,0,40
engr1,LG,FGSM,0.6,PGD,0.2,16.1875,14.0,0,40
engr1,LG,FGSM,0.6,PGD,0.3,16.1875,14.0,0,40
engr1,LG,FGSM,0.6,PGD,0.4,16.1875,14.0,0,40
engr1,LG,FGSM,0.6,PGD,0.5,16.1875,14.0,0,40
engr1,LG,FGSM,0.6,PGD,0.6,16.1875,14.0,0,40
engr1,LG,FGSM,0.6,PGD,0.7,16.1875,14.0,0,40
engr1,LG,FGSM,0.6,PGD,0.8,16.1875,14.0,0,40
engr1,LG,FGSM,0.6,PGD,0.9,16.1875,14.0,0,40
engr1,LG,FGSM,0.6,PGD,1.0,16.1875,14.0,0,40
engr1,MOTO,FGSM,0.6,PGD,0.1,16.1875,14.0,0,40
engr1,MOTO,FGSM,0.6,PGD,0.2,16.1875,14.0,0,40
engr1,MOTO,FGSM,0.6,PGD,0.3,16.1875,14.0,0,40
engr1,MOTO,FGSM,0.6,PGD,0.4,16.1875,14.0,0,40
engr1,MOTO,FGSM,0.6,PGD,0.5,16.1875,14.0,0,40
engr1,MOTO,FGSM,0.6,PGD,0.6,16.1875,14.0,0,40
engr1,MOTO,FGSM,0.6,PGD,0.7,16.1875,14.0,0,40
engr1,MOTO,FGSM,0.6,PGD,0.8,16.1875,14.0,0,40
engr1,MOTO,FGSM,0.6,PGD,0.9,16.1875,14.0,0,40
engr1,MOTO,FGSM,0.6,PGD,1.0,16.1875,14.0,0,40
engr1,OP3,FGSM,0.6,PGD,0.1,16.1875,14.0,0,40
engr1,OP3,FGSM,0.6,PGD,0.2,16.1875,14.0,0,40
engr1,OP3,FGSM,0.6,PGD,0.3,16.1875,14.0,0,40
engr1,OP3,FGSM,0.6,PGD,0.4,16.1875,14.0,0,40
engr1,OP3,FGSM,0.6,PGD,0.5,16.1875,14.0,0,40
engr1,OP3,FGSM,0.6,PGD,0.6,16.1875,14.0,0,40
engr1,OP3,FGSM,0.6,PGD,0.7,16.1875,14.0,0,40
engr1,OP3,FGSM,0.6,PGD,0.8,16.1875,14.0,0,40
engr1,OP3,FGSM,0.6,PGD,0.9,16.1875,14.0,0,40
engr1,OP3,FGSM,0.6,PGD,1.0,16.1875,14.0,0,40
engr1,S7,FGSM,0.6,PGD,0.1,16.1875,14.0,0,40
engr1,S7,FGSM,0.6,PGD,0.2,16.1875,14.0,0,40
engr1,S7,FGSM,0.6,PGD,0.3,16.1875,14.0,0,40
engr1,S7,FGSM,0.6,PGD,0.4,16.1875,14.0,0,40
engr1,S7,FGSM,0.6,PGD,0.5,16.1875,14.0,0,40
engr1,S7,FGSM,0.6,PGD,0.6,16.1875,14.0,0,40
engr1,S7,FGSM,0.6,PGD,0.7,16.1875,14.0,0,40
engr1,S7,FGSM,0.6,PGD,0.8,16.1875,14.0,0,40
engr1,S7,FGSM,0.6,PGD,0.9,16.1875,14.0,0,40
engr1,S7,FGSM,0.6,PGD,1.0,16.1875,14.0,0,40
engr1,BLU,FGSM,0.7,PGD,0.1,16.1875,14.0,0,40
engr1,BLU,FGSM,0.7,PGD,0.2,16.1875,14.0,0,40
engr1,BLU,FGSM,0.7,PGD,0.3,16.1875,14.0,0,40
engr1,BLU,FGSM,0.7,PGD,0.4,16.1875,14.0,0,40
engr1,BLU,FGSM,0.7,PGD,0.5,16.1875,14.0,0,40
engr1,BLU,FGSM,0.7,PGD,0.6,16.1875,14.0,0,40
engr1,BLU,FGSM,0.7,PGD,0.7,16.1875,14.0,0,40
engr1,BLU,FGSM,0.7,PGD,0.8,16.1875,14.0,0,40
engr1,BLU,FGSM,0.7,PGD,0.9,16.1875,14.0,0,40
engr1,BLU,FGSM,0.7,PGD,1.0,16.1875,14.0,0,40
engr1,HTC,FGSM,0.7,PGD,0.1,16.1875,14.0,0,40
engr1,HTC,FGSM,0.7,PGD,0.2,16.1875,14.0,0,40
engr1,HTC,FGSM,0.7,PGD,0.3,16.1875,14.0,0,40
engr1,HTC,FGSM,0.7,PGD,0.4,16.1875,14.0,0,40
engr1,HTC,FGSM,0.7,PGD,0.5,16.1875,14.0,0,40
engr1,HTC,FGSM,0.7,PGD,0.6,16.1875,14.0,0,40
engr1,HTC,FGSM,0.7,PGD,0.7,16.1875,14.0,0,40
engr1,HTC,FGSM,0.7,PGD,0.8,16.1875,14.0,0,40
engr1,HTC,FGSM,0.7,PGD,0.9,16.1875,14.0,0,40
engr1,HTC,FGSM,0.7,PGD,1.0,16.1875,14.0,0,40
engr1,LG,FGSM,0.7,PGD,0.1,16.1875,14.0,0,40
engr1,LG,FGSM,0.7,PGD,0.2,16.1875,14.0,0,40
engr1,LG,FGSM,0.7,PGD,0.3,16.1875,14.0,0,40
engr1,LG,FGSM,0.7,PGD,0.4,16.1875,14.0,0,40
engr1,LG,FGSM,0.7,PGD,0.5,16.1875,14.0,0,40
engr1,LG,FGSM,0.7,PGD,0.6,16.1875,14.0,0,40
engr1,LG,FGSM,0.7,PGD,0.7,16.1875,14.0,0,40
engr1,LG,FGSM,0.7,PGD,0.8,16.1875,14.0,0,40
engr1,LG,FGSM,0.7,PGD,0.9,16.1875,14.0,0,40
engr1,LG,FGSM,0.7,PGD,1.0,16.1875,14.0,0,40
engr1,MOTO,FGSM,0.7,PGD,0.1,16.1875,14.0,0,40
engr1,MOTO,FGSM,0.7,PGD,0.2,16.1875,14.0,0,40
engr1,MOTO,FGSM,0.7,PGD,0.3,16.1875,14.0,0,40
engr1,MOTO,FGSM,0.7,PGD,0.4,16.1875,14.0,0,40
engr1,MOTO,FGSM,0.7,PGD,0.5,16.1875,14.0,0,40
engr1,MOTO,FGSM,0.7,PGD,0.6,16.1875,14.0,0,40
engr1,MOTO,FGSM,0.7,PGD,0.7,16.1875,14.0,0,40
engr1,MOTO,FGSM,0.7,PGD,0.8,16.1875,14.0,0,40
engr1,MOTO,FGSM,0.7,PGD,0.9,16.1875,14.0,0,40
engr1,MOTO,FGSM,0.7,PGD,1.0,16.1875,14.0,0,40
engr1,OP3,FGSM,0.7,PGD,0.1,16.1875,14.0,0,40
engr1,OP3,FGSM,0.7,PGD,0.2,16.1875,14.0,0,40
engr1,OP3,FGSM,0.7,PGD,0.3,16.1875,14.0,0,40
engr1,OP3,FGSM,0.7,PGD,0.4,16.1875,14.0,0,40
engr1,OP3,FGSM,0.7,PGD,0.5,16.1875,14.0,0,40
engr1,OP3,FGSM,0.7,PGD,0.6,16.1875,14.0,0,40
engr1,OP3,FGSM,0.7,PGD,0.7,16.1875,14.0,0,40
engr1,OP3,FGSM,0.7,PGD,0.8,16.1875,14.0,0,40
engr1,OP3,FGSM,0.7,PGD,0.9,16.1875,14.0,0,40
engr1,OP3,FGSM,0.7,PGD,1.0,16.1875,14.0,0,40
engr1,S7,FGSM,0.7,PGD,0.1,16.1875,14.0,0,40
engr1,S7,FGSM,0.7,PGD,0.2,16.1875,14.0,0,40
engr1,S7,FGSM,0.7,PGD,0.3,16.1875,14.0,0,40
engr1,S7,FGSM,0.7,PGD,0.4,16.1875,14.0,0,40
engr1,S7,FGSM,0.7,PGD,0.5,16.1875,14.0,0,40
engr1,S7,FGSM,0.7,PGD,0.6,16.1875,14.0,0,40
engr1,S7,FGSM,0.7,PGD,0.7,16.1875,14.0,0,40
engr1,S7,FGSM,0.7,PGD,0.8,16.1875,14.0,0,40
engr1,S7,FGSM,0.7,PGD,0.9,16.1875,14.0,0,40
engr1,S7,FGSM,0.7,PGD,1.0,16.1875,14.0,0,40
engr1,BLU,FGSM,0.8,PGD,0.1,16.1875,14.0,0,40
engr1,BLU,FGSM,0.8,PGD,0.2,16.1875,14.0,0,40
engr1,BLU,FGSM,0.8,PGD,0.3,16.1875,14.0,0,40
engr1,BLU,FGSM,0.8,PGD,0.4,16.1875,14.0,0,40
engr1,BLU,FGSM,0.8,PGD,0.5,16.1875,14.0,0,40
engr1,BLU,FGSM,0.8,PGD,0.6,16.1875,14.0,0,40
engr1,BLU,FGSM,0.8,PGD,0.7,16.1875,14.0,0,40
engr1,BLU,FGSM,0.8,PGD,0.8,16.1875,14.0,0,40
engr1,BLU,FGSM,0.8,PGD,0.9,16.1875,14.0,0,40
engr1,BLU,FGSM,0.8,PGD,1.0,16.1875,14.0,0,40
engr1,HTC,FGSM,0.8,PGD,0.1,16.1875,14.0,0,40
engr1,HTC,FGSM,0.8,PGD,0.2,16.1875,14.0,0,40
engr1,HTC,FGSM,0.8,PGD,0.3,16.1875,14.0,0,40
engr1,HTC,FGSM,0.8,PGD,0.4,16.1875,14.0,0,40
engr1,HTC,FGSM,0.8,PGD,0.5,16.1875,14.0,0,40
engr1,HTC,FGSM,0.8,PGD,0.6,16.1875,14.0,0,40
engr1,HTC,FGSM,0.8,PGD,0.7,16.1875,14.0,0,40
engr1,HTC,FGSM,0.8,PGD,0.8,16.1875,14.0,0,40
engr1,HTC,FGSM,0.8,PGD,0.9,16.1875,14.0,0,40
engr1,HTC,FGSM,0.8,PGD,1.0,16.1875,14.0,0,40
engr1,LG,FGSM,0.8,PGD,0.1,16.1875,14.0,0,40
engr1,LG,FGSM,0.8,PGD,0.2,16.1875,14.0,0,40
engr1,LG,FGSM,0.8,PGD,0.3,16.1875,14.0,0,40
engr1,LG,FGSM,0.8,PGD,0.4,16.1875,14.0,0,40
engr1,LG,FGSM,0.8,PGD,0.5,16.1875,14.0,0,40
engr1,LG,FGSM,0.8,PGD,0.6,16.1875,14.0,0,40
engr1,LG,FGSM,0.8,PGD,0.7,16.1875,14.0,0,40
engr1,LG,FGSM,0.8,PGD,0.8,16.1875,14.0,0,40
engr1,LG,FGSM,0.8,PGD,0.9,16.1875,14.0,0,40
engr1,LG,FGSM,0.8,PGD,1.0,16.1875,14.0,0,40
engr1,MOTO,FGSM,0.8,PGD,0.1,16.1875,14.0,0,40
engr1,MOTO,FGSM,0.8,PGD,0.2,16.1875,14.0,0,40
engr1,MOTO,FGSM,0.8,PGD,0.3,16.1875,14.0,0,40
engr1,MOTO,FGSM,0.8,PGD,0.4,16.1875,14.0,0,40
engr1,MOTO,FGSM,0.8,PGD,0.5,16.1875,14.0,0,40
engr1,MOTO,FGSM,0.8,PGD,0.6,16.1875,14.0,0,40
engr1,MOTO,FGSM,0.8,PGD,0.7,16.1875,14.0,0,40
engr1,MOTO,FGSM,0.8,PGD,0.8,16.1875,14.0,0,40
engr1,MOTO,FGSM,0.8,PGD,0.9,16.1875,14.0,0,40
engr1,MOTO,FGSM,0.8,PGD,1.0,16.1875,14.0,0,40
engr1,OP3,FGSM,0.8,PGD,0.1,16.1875,14.0,0,40
engr1,OP3,FGSM,0.8,PGD,0.2,16.1875,14.0,0,40
engr1,OP3,FGSM,0.8,PGD,0.3,16.1875,14.0,0,40
engr1,OP3,FGSM,0.8,PGD,0.4,16.1875,14.0,0,40
engr1,OP3,FGSM,0.8,PGD,0.5,16.1875,14.0,0,40
engr1,OP3,FGSM,0.8,PGD,0.6,16.1875,14.0,0,40
engr1,OP3,FGSM,0.8,PGD,0.7,16.1875,14.0,0,40
engr1,OP3,FGSM,0.8,PGD,0.8,16.1875,14.0,0,40
engr1,OP3,FGSM,0.8,PGD,0.9,16.1875,14.0,0,40
engr1,OP3,FGSM,0.8,PGD,1.0,16.1875,14.0,0,40
engr1,S7,FGSM,0.8,PGD,0.1,16.1875,14.0,0,40
engr1,S7,FGSM,0.8,PGD,0.2,16.1875,14.0,0,40
engr1,S7,FGSM,0.8,PGD,0.3,16.1875,14.0,0,40
engr1,S7,FGSM,0.8,PGD,0.4,16.1875,14.0,0,40
engr1,S7,FGSM,0.8,PGD,0.5,16.1875,14.0,0,40
engr1,S7,FGSM,0.8,PGD,0.6,16.1875,14.0,0,40
engr1,S7,FGSM,0.8,PGD,0.7,16.1875,14.0,0,40
engr1,S7,FGSM,0.8,PGD,0.8,16.1875,14.0,0,40
engr1,S7,FGSM,0.8,PGD,0.9,16.1875,14.0,0,40
engr1,S7,FGSM,0.8,PGD,1.0,16.1875,14.0,0,40
engr1,BLU,FGSM,0.9,PGD,0.1,16.1875,14.0,0,40
engr1,BLU,FGSM,0.9,PGD,0.2,16.1875,14.0,0,40
engr1,BLU,FGSM,0.9,PGD,0.3,16.1875,14.0,0,40
engr1,BLU,FGSM,0.9,PGD,0.4,16.1875,14.0,0,40
engr1,BLU,FGSM,0.9,PGD,0.5,16.1875,14.0,0,40
engr1,BLU,FGSM,0.9,PGD,0.6,16.1875,14.0,0,40
engr1,BLU,FGSM,0.9,PGD,0.7,16.1875,14.0,0,40
engr1,BLU,FGSM,0.9,PGD,0.8,16.1875,14.0,0,40
engr1,BLU,FGSM,0.9,PGD,0.9,16.1875,14.0,0,40
engr1,BLU,FGSM,0.9,PGD,1.0,16.1875,14.0,0,40
engr1,HTC,FGSM,0.9,PGD,0.1,16.1875,14.0,0,40
engr1,HTC,FGSM,0.9,PGD,0.2,16.1875,14.0,0,40
engr1,HTC,FGSM,0.9,PGD,0.3,16.1875,14.0,0,40
engr1,HTC,FGSM,0.9,PGD,0.4,16.1875,14.0,0,40
engr1,HTC,FGSM,0.9,PGD,0.5,16.1875,14.0,0,40
engr1,HTC,FGSM,0.9,PGD,0.6,16.1875,14.0,0,40
engr1,HTC,FGSM,0.9,PGD,0.7,16.1875,14.0,0,40
engr1,HTC,FGSM,0.9,PGD,0.8,16.1875,14.0,0,40
engr1,HTC,FGSM,0.9,PGD,0.9,16.1875,14.0,0,40
engr1,HTC,FGSM,0.9,PGD,1.0,16.1875,14.0,0,40
engr1,LG,FGSM,0.9,PGD,0.1,16.1875,14.0,0,40
engr1,LG,FGSM,0.9,PGD,0.2,16.1875,14.0,0,40
engr1,LG,FGSM,0.9,PGD,0.3,16.1875,14.0,0,40
engr1,LG,FGSM,0.9,PGD,0.4,16.1875,14.0,0,40
engr1,LG,FGSM,0.9,PGD,0.5,16.1875,14.0,0,40
engr1,LG,FGSM,0.9,PGD,0.6,16.1875,14.0,0,40
engr1,LG,FGSM,0.9,PGD,0.7,16.1875,14.0,0,40
engr1,LG,FGSM,0.9,PGD,0.8,16.1875,14.0,0,40
engr1,LG,FGSM,0.9,PGD,0.9,16.1875,14.0,0,40
engr1,LG,FGSM,0.9,PGD,1.0,16.1875,14.0,0,40
engr1,MOTO,FGSM,0.9,PGD,0.1,16.1875,14.0,0,40
engr1,MOTO,FGSM,0.9,PGD,0.2,16.1875,14.0,0,40
engr1,MOTO,FGSM,0.9,PGD,0.3,16.1875,14.0,0,40
engr1,MOTO,FGSM,0.9,PGD,0.4,16.1875,14.0,0,40
engr1,MOTO,FGSM,0.9,PGD,0.5,16.1875,14.0,0,40
engr1,MOTO,FGSM,0.9,PGD,0.6,16.1875,14.0,0,40
engr1,MOTO,FGSM,0.9,PGD,0.7,16.1875,14.0,0,40
engr1,MOTO,FGSM,0.9,PGD,0.8,16.1875,14.0,0,40
engr1,MOTO,FGSM,0.9,PGD,0.9,16.1875,14.0,0,40
engr1,MOTO,FGSM,0.9,PGD,1.0,16.1875,14.0,0,40
engr1,OP3,FGSM,0.9,PGD,0.1,16.1875,14.0,0,40
engr1,OP3,FGSM,0.9,PGD,0.2,16.1875,14.0,0,40
engr1,OP3,FGSM,0.9,PGD,0.3,16.1875,14.0,0,40
engr1,OP3,FGSM,0.9,PGD,0.4,16.1875,14.0,0,40
engr1,OP3,FGSM,0.9,PGD,0.5,16.1875,14.0,0,40
engr1,OP3,FGSM,0.9,PGD,0.6,16.1875,14.0,0,40
engr1,OP3,FGSM,0.9,PGD,0.7,16.1875,14.0,0,40
engr1,OP3,FGSM,0.9,PGD,0.8,16.1875,14.0,0,40
engr1,OP3,FGSM,0.9,PGD,0.9,16.1875,14.0,0,40
engr1,OP3,FGSM,0.9,PGD,1.0,16.1875,14.0,0,40
engr1,S7,FGSM,0.9,PGD,0.1,16.1875,14.0,0,40
engr1,S7,FGSM,0.9,PGD,0.2,16.1875,14.0,0,40
engr1,S7,FGSM,0.9,PGD,0.3,16.1875,14.0,0,40
engr1,S7,FGSM,0.9,PGD,0.4,16.1875,14.0,0,40
engr1,S7,FGSM,0.9,PGD,0.5,16.1875,14.0,0,40
engr1,S7,FGSM,0.9,PGD,0.6,16.1875,14.0,0,40
engr1,S7,FGSM,0.9,PGD,0.7,16.1875,14.0,0,40
engr1,S7,FGSM,0.9,PGD,0.8,16.1875,14.0,0,40
engr1,S7,FGSM,0.9,PGD,0.9,16.1875,14.0,0,40
engr1,S7,FGSM,0.9,PGD,1.0,16.1875,14.0,0,40
engr1,BLU,FGSM,1.0,PGD,0.1,16.1875,14.0,0,40
engr1,BLU,FGSM,1.0,PGD,0.2,16.1875,14.0,0,40
engr1,BLU,FGSM,1.0,PGD,0.3,16.1875,14.0,0,40
engr1,BLU,FGSM,1.0,PGD,0.4,16.1875,14.0,0,40
engr1,BLU,FGSM,1.0,PGD,0.5,16.1875,14.0,0,40
engr1,BLU,FGSM,1.0,PGD,0.6,16.1875,14.0,0,40
engr1,BLU,FGSM,1.0,PGD,0.7,16.1875,14.0,0,40
engr1,BLU,FGSM,1.0,PGD,0.8,16.1875,14.0,0,40
engr1,BLU,FGSM,1.0,PGD,0.9,16.1875,14.0,0,40
engr1,BLU,FGSM,1.0,PGD,1.0,16.1875,14.0,0,40
engr1,HTC,FGSM,1.0,PGD,0.1,16.1875,14.0,0,40
engr1,HTC,FGSM,1.0,PGD,0.2,16.1875,14.0,0,40
engr1,HTC,FGSM,1.0,PGD,0.3,16.1875,14.0,0,40
engr1,HTC,FGSM,1.0,PGD,0.4,16.1875,14.0,0,40
engr1,HTC,FGSM,1.0,PGD,0.5,16.1875,14.0,0,40
engr1,HTC,FGSM,1.0,PGD,0.6,16.1875,14.0,0,40
engr1,HTC,FGSM,1.0,PGD,0.7,16.1875,14.0,0,40
engr1,HTC,FGSM,1.0,PGD,0.8,16.1875,14.0,0,40
engr1,HTC,FGSM,1.0,PGD,0.9,16.1875,14.0,0,40
engr1,HTC,FGSM,1.0,PGD,1.0,16.1875,14.0,0,40
engr1,LG,FGSM,1.0,PGD,0.1,16.1875,14.0,0,40
engr1,LG,FGSM,1.0,PGD,0.2,16.1875,14.0,0,40
engr1,LG,FGSM,1.0,PGD,0.3,16.1875,14.0,0,40
engr1,LG,FGSM,1.0,PGD,0.4,16.1875,14.0,0,40
engr1,LG,FGSM,1.0,PGD,0.5,16.1875,14.0,0,40
engr1,LG,FGSM,1.0,PGD,0.6,16.1875,14.0,0,40
engr1,LG,FGSM,1.0,PGD,0.7,16.1875,14.0,0,40
engr1,LG,FGSM,1.0,PGD,0.8,16.1875,14.0,0,40
engr1,LG,FGSM,1.0,PGD,0.9,16.1875,14.0,0,40
engr1,LG,FGSM,1.0,PGD,1.0,16.1875,14.0,0,40
engr1,MOTO,FGSM,1.0,PGD,0.1,16.1875,14.0,0,40
engr1,MOTO,FGSM,1.0,PGD,0.2,16.1875,14.0,0,40
engr1,MOTO,FGSM,1.0,PGD,0.3,16.1875,14.0,0,40
engr1,MOTO,FGSM,1.0,PGD,0.4,16.1875,14.0,0,40
engr1,MOTO,FGSM,1.0,PGD,0.5,16.1875,14.0,0,40
engr1,MOTO,FGSM,1.0,PGD,0.6,16.1875,14.0,0,40
engr1,MOTO,FGSM,1.0,PGD,0.7,16.1875,14.0,0,40
engr1,MOTO,FGSM,1.0,PGD,0.8,16.1875,14.0,0,40
engr1,MOTO,FGSM,1.0,PGD,0.9,16.1875,14.0,0,40
engr1,MOTO,FGSM,1.0,PGD,1.0,16.1875,14.0,0,40
engr1,OP3,FGSM,1.0,PGD,0.1,16.1875,14.0,0,40
engr1,OP3,FGSM,1.0,PGD,0.2,16.1875,14.0,0,40
engr1,OP3,FGSM,1.0,PGD,0.3,16.1875,14.0,0,40
engr1,OP3,FGSM,1.0,PGD,0.4,16.1875,14.0,0,40
engr1,OP3,FGSM,1.0,PGD,0.5,16.1875,14.0,0,40
engr1,OP3,FGSM,1.0,PGD,0.6,16.1875,14.0,0,40
engr1,OP3,FGSM,1.0,PGD,0.7,16.1875,14.0,0,40
engr1,OP3,FGSM,1.0,PGD,0.8,16.1875,14.0,0,40
engr1,OP3,FGSM,1.0,PGD,0.9,16.1875,14.0,0,40
engr1,OP3,FGSM,1.0,PGD,1.0,16.1875,14.0,0,40
engr1,S7,FGSM,1.0,PGD,0.1,16.1875,14.0,0,40
engr1,S7,FGSM,1.0,PGD,0.2,16.1875,14.0,0,40
engr1,S7,FGSM,1.0,PGD,0.3,16.1875,14.0,0,40
engr1,S7,FGSM,1.0,PGD,0.4,16.1875,14.0,0,40
engr1,S7,FGSM,1.0,PGD,0.5,16.1875,14.0,0,40
engr1,S7,FGSM,1.0,PGD,0.6,16.1875,14.0,0,40
engr1,S7,FGSM,1.0,PGD,0.7,16.1875,14.0,0,40
engr1,S7,FGSM,1.0,PGD,0.8,16.1875,14.0,0,40
engr1,S7,FGSM,1.0,PGD,0.9,16.1875,14.0,0,40
engr1,S7,FGSM,1.0,PGD,1.0,16.1875,14.0,0,40
engr1,BLU,PGD,0.1,PGD,0.1,16.1875,14.0,0,40
engr1,BLU,PGD,0.1,PGD,0.2,16.1875,14.0,0,40
engr1,BLU,PGD,0.1,PGD,0.3,16.1875,14.0,0,40
engr1,BLU,PGD,0.1,PGD,0.4,16.1875,14.0,0,40
engr1,BLU,PGD,0.1,PGD,0.5,16.1875,14.0,0,40
engr1,BLU,PGD,0.1,PGD,0.6,16.1875,14.0,0,40
engr1,BLU,PGD,0.1,PGD,0.7,16.1875,14.0,0,40
engr1,BLU,PGD,0.1,PGD,0.8,16.1875,14.0,0,40
engr1,BLU,PGD,0.1,PGD,0.9,16.1875,14.0,0,40
engr1,BLU,PGD,0.1,PGD,1.0,16.1875,14.0,0,40
engr1,HTC,PGD,0.1,PGD,0.1,16.1875,14.0,0,40
engr1,HTC,PGD,0.1,PGD,0.2,16.1875,14.0,0,40
engr1,HTC,PGD,0.1,PGD,0.3,16.1875,14.0,0,40
engr1,HTC,PGD,0.1,PGD,0.4,16.1875,14.0,0,40
engr1,HTC,PGD,0.1,PGD,0.5,16.1875,14.0,0,40
engr1,HTC,PGD,0.1,PGD,0.6,16.1875,14.0,0,40
engr1,HTC,PGD,0.1,PGD,0.7,16.1875,14.0,0,40
engr1,HTC,PGD,0.1,PGD,0.8,16.1875,14.0,0,40
engr1,HTC,PGD,0.1,PGD,0.9,16.1875,14.0,0,40
engr1,HTC,PGD,0.1,PGD,1.0,16.1875,14.0,0,40
engr1,LG,PGD,0.1,PGD,0.1,16.1875,14.0,0,40
engr1,LG,PGD,0.1,PGD,0.2,16.1875,14.0,0,40
engr1,LG,PGD,0.1,PGD,0.3,16.1875,14.0,0,40
engr1,LG,PGD,0.1,PGD,0.4,16.1875,14.0,0,40
engr1,LG,PGD,0.1,PGD,0.5,16.1875,14.0,0,40
engr1,LG,PGD,0.1,PGD,0.6,16.1875,14.0,0,40
engr1,LG,PGD,0.1,PGD,0.7,16.1875,14.0,0,40
engr1,LG,PGD,0.1,PGD,0.8,16.1875,14.0,0,40
engr1,LG,PGD,0.1,PGD,0.9,16.1875,14.0,0,40
engr1,LG,PGD,0.1,PGD,1.0,16.1875,14.0,0,40
engr1,MOTO,PGD,0.1,PGD,0.1,16.1875,14.0,0,40
engr1,MOTO,PGD,0.1,PGD,0.2,16.1875,14.0,0,40
engr1,MOTO,PGD,0.1,PGD,0.3,16.1875,14.0,0,40
engr1,MOTO,PGD,0.1,PGD,0.4,16.1875,14.0,0,40
engr1,MOTO,PGD,0.1,PGD,0.5,16.1875,14.0,0,40
engr1,MOTO,PGD,0.1,PGD,0.6,16.1875,14.0,0,40
engr1,MOTO,PGD,0.1,PGD,0.7,16.1875,14.0,0,40
engr1,MOTO,PGD,0.1,PGD,0.8,16.1875,14.0,0,40
engr1,MOTO,PGD,0.1,PGD,0.9,16.1875,14.0,0,40
engr1,MOTO,PGD,0.1,PGD,1.0,16.1875,14.0,0,40
engr1,OP3,PGD,0.1,PGD,0.1,16.1875,14.0,0,40
engr1,OP3,PGD,0.1,PGD,0.2,16.1875,14.0,0,40
engr1,OP3,PGD,0.1,PGD,0.3,16.1875,14.0,0,40
engr1,OP3,PGD,0.1,PGD,0.4,16.1875,14.0,0,40
engr1,OP3,PGD,0.1,PGD,0.5,16.1875,14.0,0,40
engr1,OP3,PGD,0.1,PGD,0.6,16.1875,14.0,0,40
engr1,OP3,PGD,0.1,PGD,0.7,16.1875,14.0,0,40
engr1,OP3,PGD,0.1,PGD,0.8,16.1875,14.0,0,40
engr1,OP3,PGD,0.1,PGD,0.9,16.1875,14.0,0,40
engr1,OP3,PGD,0.1,PGD,1.0,16.1875,14.0,0,40
engr1,S7,PGD,0.1,PGD,0.1,16.1875,14.0,0,40
engr1,S7,PGD,0.1,PGD,0.2,16.1875,14.0,0,40
engr1,S7,PGD,0.1,PGD,0.3,16.1875,14.0,0,40
engr1,S7,PGD,0.1,PGD,0.4,16.1875,14.0,0,40
engr1,S7,PGD,0.1,PGD,0.5,16.1875,14.0,0,40
engr1,S7,PGD,0.1,PGD,0.6,16.1875,14.0,0,40
engr1,S7,PGD,0.1,PGD,0.7,16.1875,14.0,0,40
engr1,S7,PGD,0.1,PGD,0.8,16.1875,14.0,0,40
engr1,S7,PGD,0.1,PGD,0.9,16.1875,14.0,0,40
engr1,S7,PGD,0.1,PGD,1.0,16.1875,14.0,0,40
engr1,BLU,PGD,0.2,PGD,0.1,16.1875,14.0,0,40
engr1,BLU,PGD,0.2,PGD,0.2,16.1875,14.0,0,40
engr1,BLU,PGD,0.2,PGD,0.3,16.1875,14.0,0,40
engr1,BLU,PGD,0.2,PGD,0.4,16.1875,14.0,0,40
engr1,BLU,PGD,0.2,PGD,0.5,16.1875,14.0,0,40
engr1,BLU,PGD,0.2,PGD,0.6,16.1875,14.0,0,40
engr1,BLU,PGD,0.2,PGD,0.7,16.1875,14.0,0,40
engr1,BLU,PGD,0.2,PGD,0.8,16.1875,14.0,0,40
engr1,BLU,PGD,0.2,PGD,0.9,16.1875,14.0,0,40
engr1,BLU,PGD,0.2,PGD,1.0,16.1875,14.0,0,40
engr1,HTC,PGD,0.2,PGD,0.1,16.1875,14.0,0,40
engr1,HTC,PGD,0.2,PGD,0.2,16.1875,14.0,0,40
engr1,HTC,PGD,0.2,PGD,0.3,16.1875,14.0,0,40
engr1,HTC,PGD,0.2,PGD,0.4,16.1875,14.0,0,40
engr1,HTC,PGD,0.2,PGD,0.5,16.1875,14.0,0,40
engr1,HTC,PGD,0.2,PGD,0.6,16.1875,14.0,0,40
engr1,HTC,PGD,0.2,PGD,0.7,16.1875,14.0,0,40
engr1,HTC,PGD,0.2,PGD,0.8,16.1875,14.0,0,40
engr1,HTC,PGD,0.2,PGD,0.9,16.1875,14.0,0,40
engr1,HTC,PGD,0.2,PGD,1.0,16.1875,14.0,0,40
engr1,LG,PGD,0.2,PGD,0.1,16.1875,14.0,0,40
engr1,LG,PGD,0.2,PGD,0.2,16.1875,14.0,0,40
engr1,LG,PGD,0.2,PGD,0.3,16.1875,14.0,0,40
engr1,LG,PGD,0.2,PGD,0.4,16.1875,14.0,0,40
engr1,LG,PGD,0.2,PGD,0.5,16.1875,14.0,0,40
engr1,LG,PGD,0.2,PGD,0.6,16.1875,14.0,0,40
engr1,LG,PGD,0.2,PGD,0.7,16.1875,14.0,0,40
engr1,LG,PGD,0.2,PGD,0.8,16.1875,14.0,0,40
engr1,LG,PGD,0.2,PGD,0.9,16.1875,14.0,0,40
engr1,LG,PGD,0.2,PGD,1.0,16.1875,14.0,0,40
engr1,MOTO,PGD,0.2,PGD,0.1,16.1875,14.0,0,40
engr1,MOTO,PGD,0.2,PGD,0.2,16.1875,14.0,0,40
engr1,MOTO,PGD,0.2,PGD,0.3,16.1875,14.0,0,40
engr1,MOTO,PGD,0.2,PGD,0.4,16.1875,14.0,0,40
engr1,MOTO,PGD,0.2,PGD,0.5,16.1875,14.0,0,40
engr1,MOTO,PGD,0.2,PGD,0.6,16.1875,14.0,0,40
engr1,MOTO,PGD,0.2,PGD,0.7,16.1875,14.0,0,40
engr1,MOTO,PGD,0.2,PGD,0.8,16.1875,14.0,0,40
engr1,MOTO,PGD,0.2,PGD,0.9,16.1875,14.0,0,40
engr1,MOTO,PGD,0.2,PGD,1.0,16.1875,14.0,0,40
engr1,OP3,PGD,0.2,PGD,0.1,16.1875,14.0,0,40
engr1,OP3,PGD,0.2,PGD,0.2,16.1875,14.0,0,40
engr1,OP3,PGD,0.2,PGD,0.3,16.1875,14.0,0,40
engr1,OP3,PGD,0.2,PGD,0.4,16.1875,14.0,0,40
engr1,OP3,PGD,0.2,PGD,0.5,16.1875,14.0,0,40
engr1,OP3,PGD,0.2,PGD,0.6,16.1875,14.0,0,40
engr1,OP3,PGD,0.2,PGD,0.7,16.1875,14.0,0,40
engr1,OP3,PGD,0.2,PGD,0.8,16.1875,14.0,0,40
engr1,OP3,PGD,0.2,PGD,0.9,16.1875,14.0,0,40
engr1,OP3,PGD,0.2,PGD,1.0,16.1875,14.0,0,40
engr1,S7,PGD,0.2,PGD,0.1,16.1875,14.0,0,40
engr1,S7,PGD,0.2,PGD,0.2,16.1875,14.0,0,40
engr1,S7,PGD,0.2,PGD,0.3,16.1875,14.0,0,40
engr1,S7,PGD,0.2,PGD,0.4,16.1875,14.0,0,40
engr1,S7,PGD,0.2,PGD,0.5,16.1875,14.0,0,40
engr1,S7,PGD,0.2,PGD,0.6,16.1875,14.0,0,40
engr1,S7,PGD,0.2,PGD,0.7,16.1875,14.0,0,40
engr1,S7,PGD,0.2,PGD,0.8,16.1875,14.0,0,40
engr1,S7,PGD,0.2,PGD,0.9,16.1875,14.0,0,40
engr1,S7,PGD,0.2,PGD,1.0,16.1875,14.0,0,40
engr1,BLU,PGD,0.3,PGD,0.1,16.1875,14.0,0,40
engr1,BLU,PGD,0.3,PGD,0.2,16.1875,14.0,0,40
engr1,BLU,PGD,0.3,PGD,0.3,16.1875,14.0,0,40
engr1,BLU,PGD,0.3,PGD,0.4,16.1875,14.0,0,40
engr1,BLU,PGD,0.3,PGD,0.5,16.1875,14.0,0,40
engr1,BLU,PGD,0.3,PGD,0.6,16.1875,14.0,0,40
engr1,BLU,PGD,0.3,PGD,0.7,16.1875,14.0,0,40
engr1,BLU,PGD,0.3,PGD,0.8,16.1875,14.0,0,40
engr1,BLU,PGD,0.3,PGD,0.9,16.1875,14.0,0,40
engr1,BLU,PGD,0.3,PGD,1.0,16.1875,14.0,0,40
engr1,HTC,PGD,0.3,PGD,0.1,16.1875,14.0,0,40
engr1,HTC,PGD,0.3,PGD,0.2,16.1875,14.0,0,40
engr1,HTC,PGD,0.3,PGD,0.3,16.1875,14.0,0,40
engr1,HTC,PGD,0.3,PGD,0.4,16.1875,14.0,0,40
engr1,HTC,PGD,0.3,PGD,0.5,16.1875,14.0,0,40
engr1,HTC,PGD,0.3,PGD,0.6,16.1875,14.0,0,40
engr1,HTC,PGD,0.3,PGD,0.7,16.1875,14.0,0,40
engr1,HTC,PGD,0.3,PGD,0.8,16.1875,14.0,0,40
engr1,HTC,PGD,0.3,PGD,0.9,16.1875,14.0,0,40
engr1,HTC,PGD,0.3,PGD,1.0,16.1875,14.0,0,40
engr1,LG,PGD,0.3,PGD,0.1,16.1875,14.0,0,40
engr1,LG,PGD,0.3,PGD,0.2,16.1875,14.0,0,40
engr1,LG,PGD,0.3,PGD,0.3,16.1875,14.0,0,40
engr1,LG,PGD,0.3,PGD,0.4,16.1875,14.0,0,40
engr1,LG,PGD,0.3,PGD,0.5,16.1875,14.0,0,40
engr1,LG,PGD,0.3,PGD,0.6,16.1875,14.0,0,40
engr1,LG,PGD,0.3,PGD,0.7,16.1875,14.0,0,40
engr1,LG,PGD,0.3,PGD,0.8,16.1875,14.0,0,40
engr1,LG,PGD,0.3,PGD,0.9,16.1875,14.0,0,40
engr1,LG,PGD,0.3,PGD,1.0,16.1875,14.0,0,40
engr1,MOTO,PGD,0.3,PGD,0.1,16.1875,14.0,0,40
engr1,MOTO,PGD,0.3,PGD,0.2,16.1875,14.0,0,40
engr1,MOTO,PGD,0.3,PGD,0.3,16.1875,14.0,0,40
engr1,MOTO,PGD,0.3,PGD,0.4,16.1875,14.0,0,40
engr1,MOTO,PGD,0.3,PGD,0.5,16.1875,14.0,0,40
engr1,MOTO,PGD,0.3,PGD,0.6,16.1875,14.0,0,40
engr1,MOTO,PGD,0.3,PGD,0.7,16.1875,14.0,0,40
engr1,MOTO,PGD,0.3,PGD,0.8,16.1875,14.0,0,40
engr1,MOTO,PGD,0.3,PGD,0.9,16.1875,14.0,0,40
engr1,MOTO,PGD,0.3,PGD,1.0,16.1875,14.0,0,40
engr1,OP3,PGD,0.3,PGD,0.1,16.1875,14.0,0,40
engr1,OP3,PGD,0.3,PGD,0.2,16.1875,14.0,0,40
engr1,OP3,PGD,0.3,PGD,0.3,16.1875,14.0,0,40
engr1,OP3,PGD,0.3,PGD,0.4,16.1875,14.0,0,40
engr1,OP3,PGD,0.3,PGD,0.5,16.1875,14.0,0,40
engr1,OP3,PGD,0.3,PGD,0.6,16.1875,14.0,0,40
engr1,OP3,PGD,0.3,PGD,0.7,16.1875,14.0,0,40
engr1,OP3,PGD,0.3,PGD,0.8,16.1875,14.0,0,40
engr1,OP3,PGD,0.3,PGD,0.9,16.1875,14.0,0,40
engr1,OP3,PGD,0.3,PGD,1.0,16.1875,14.0,0,40
engr1,S7,PGD,0.3,PGD,0.1,16.1875,14.0,0,40
engr1,S7,PGD,0.3,PGD,0.2,16.1875,14.0,0,40
engr1,S7,PGD,0.3,PGD,0.3,16.1875,14.0,0,40
engr1,S7,PGD,0.3,PGD,0.4,16.1875,14.0,0,40
engr1,S7,PGD,0.3,PGD,0.5,16.1875,14.0,0,40
engr1,S7,PGD,0.3,PGD,0.6,16.1875,14.0,0,40
engr1,S7,PGD,0.3,PGD,0.7,16.1875,14.0,0,40
engr1,S7,PGD,0.3,PGD,0.8,16.1875,14.0,0,40
engr1,S7,PGD,0.3,PGD,0.9,16.1875,14.0,0,40
engr1,S7,PGD,0.3,PGD,1.0,16.1875,14.0,0,40
engr1,BLU,PGD,0.4,PGD,0.1,16.1875,14.0,0,40
engr1,BLU,PGD,0.4,PGD,0.2,16.1875,14.0,0,40
engr1,BLU,PGD,0.4,PGD,0.3,16.1875,14.0,0,40
engr1,BLU,PGD,0.4,PGD,0.4,16.1875,14.0,0,40
engr1,BLU,PGD,0.4,PGD,0.5,16.1875,14.0,0,40
engr1,BLU,PGD,0.4,PGD,0.6,16.1875,14.0,0,40
engr1,BLU,PGD,0.4,PGD,0.7,16.1875,14.0,0,40
engr1,BLU,PGD,0.4,PGD,0.8,16.1875,14.0,0,40
engr1,BLU,PGD,0.4,PGD,0.9,16.1875,14.0,0,40
engr1,BLU,PGD,0.4,PGD,1.0,16.1875,14.0,0,40
engr1,HTC,PGD,0.4,PGD,0.1,16.1875,14.0,0,40
engr1,HTC,PGD,0.4,PGD,0.2,16.1875,14.0,0,40
engr1,HTC,PGD,0.4,PGD,0.3,16.1875,14.0,0,40
engr1,HTC,PGD,0.4,PGD,0.4,16.1875,14.0,0,40
engr1,HTC,PGD,0.4,PGD,0.5,16.1875,14.0,0,40
engr1,HTC,PGD,0.4,PGD,0.6,16.1875,14.0,0,40
engr1,HTC,PGD,0.4,PGD,0.7,16.1875,14.0,0,40
engr1,HTC,PGD,0.4,PGD,0.8,16.1875,14.0,0,40
engr1,HTC,PGD,0.4,PGD,0.9,16.1875,14.0,0,40
engr1,HTC,PGD,0.4,PGD,1.0,16.1875,14.0,0,40
engr1,LG,PGD,0.4,PGD,0.1,16.1875,14.0,0,40
engr1,LG,PGD,0.4,PGD,0.2,16.1875,14.0,0,40
engr1,LG,PGD,0.4,PGD,0.3,16.1875,14.0,0,40
engr1,LG,PGD,0.4,PGD,0.4,16.1875,14.0,0,40
engr1,LG,PGD,0.4,PGD,0.5,16.1875,14.0,0,40
engr1,LG,PGD,0.4,PGD,0.6,16.1875,14.0,0,40
engr1,LG,PGD,0.4,PGD,0.7,16.1875,14.0,0,40
engr1,LG,PGD,0.4,PGD,0.8,16.1875,14.0,0,40
engr1,LG,PGD,0.4,PGD,0.9,16.1875,14.0,0,40
engr1,LG,PGD,0.4,PGD,1.0,16.1875,14.0,0,40
engr1,MOTO,PGD,0.4,PGD,0.1,16.1875,14.0,0,40
engr1,MOTO,PGD,0.4,PGD,0.2,16.1875,14.0,0,40
engr1,MOTO,PGD,0.4,PGD,0.3,16.1875,14.0,0,40
engr1,MOTO,PGD,0.4,PGD,0.4,16.1875,14.0,0,40
engr1,MOTO,PGD,0.4,PGD,0.5,16.1875,14.0,0,40
engr1,MOTO,PGD,0.4,PGD,0.6,16.1875,14.0,0,40
engr1,MOTO,PGD,0.4,PGD,0.7,16.1875,14.0,0,40
engr1,MOTO,PGD,0.4,PGD,0.8,16.1875,14.0,0,40
engr1,MOTO,PGD,0.4,PGD,0.9,16.1875,14.0,0,40
engr1,MOTO,PGD,0.4,PGD,1.0,16.1875,14.0,0,40
engr1,OP3,PGD,0.4,PGD,0.1,16.1875,14.0,0,40
engr1,OP3,PGD,0.4,PGD,0.2,16.1875,14.0,0,40
engr1,OP3,PGD,0.4,PGD,0.3,16.1875,14.0,0,40
engr1,OP3,PGD,0.4,PGD,0.4,16.1875,14.0,0,40
engr1,OP3,PGD,0.4,PGD,0.5,16.1875,14.0,0,40
engr1,OP3,PGD,0.4,PGD,0.6,16.1875,14.0,0,40
engr1,OP3,PGD,0.4,PGD,0.7,16.1875,14.0,0,40
engr1,OP3,PGD,0.4,PGD,0.8,16.1875,14.0,0,40
engr1,OP3,PGD,0.4,PGD,0.9,16.1875,14.0,0,40
engr1,OP3,PGD,0.4,PGD,1.0,16.1875,14.0,0,40
engr1,S7,PGD,0.4,PGD,0.1,16.1875,14.0,0,40
engr1,S7,PGD,0.4,PGD,0.2,16.1875,14.0,0,40
engr1,S7,PGD,0.4,PGD,0.3,16.1875,14.0,0,40
engr1,S7,PGD,0.4,PGD,0.4,16.1875,14.0,0,40
engr1,S7,PGD,0.4,PGD,0.5,16.1875,14.0,0,40
engr1,S7,PGD,0.4,PGD,0.6,16.1875,14.0,0,40
engr1,S7,PGD,0.4,PGD,0.7,16.1875,14.0,0,40
engr1,S7,PGD,0.4,PGD,0.8,16.1875,14.0,0,40
engr1,S7,PGD,0.4,PGD,0.9,16.1875,14.0,0,40
engr1,S7,PGD,0.4,PGD,1.0,16.1875,14.0,0,40
engr1,BLU,PGD,0.5,PGD,0.1,16.1875,14.0,0,40
engr1,BLU,PGD,0.5,PGD,0.2,16.1875,14.0,0,40
engr1,BLU,PGD,0.5,PGD,0.3,16.1875,14.0,0,40
engr1,BLU,PGD,0.5,PGD,0.4,16.1875,14.0,0,40
engr1,BLU,PGD,0.5,PGD,0.5,16.1875,14.0,0,40
engr1,BLU,PGD,0.5,PGD,0.6,16.1875,14.0,0,40
engr1,BLU,PGD,0.5,PGD,0.7,16.1875,14.0,0,40
engr1,BLU,PGD,0.5,PGD,0.8,16.1875,14.0,0,40
engr1,BLU,PGD,0.5,PGD,0.9,16.1875,14.0,0,40
engr1,BLU,PGD,0.5,PGD,1.0,16.1875,14.0,0,40
engr1,HTC,PGD,0.5,PGD,0.1,16.1875,14.0,0,40
engr1,HTC,PGD,0.5,PGD,0.2,16.1875,14.0,0,40
engr1,HTC,PGD,0.5,PGD,0.3,16.1875,14.0,0,40
engr1,HTC,PGD,0.5,PGD,0.4,16.1875,14.0,0,40
engr1,HTC,PGD,0.5,PGD,0.5,16.1875,14.0,0,40
engr1,HTC,PGD,0.5,PGD,0.6,16.1875,14.0,0,40
engr1,HTC,PGD,0.5,PGD,0.7,16.1875,14.0,0,40
engr1,HTC,PGD,0.5,PGD,0.8,16.1875,14.0,0,40
engr1,HTC,PGD,0.5,PGD,0.9,16.1875,14.0,0,40
engr1,HTC,PGD,0.5,PGD,1.0,16.1875,14.0,0,40
engr1,LG,PGD,0.5,PGD,0.1,16.1875,14.0,0,40
engr1,LG,PGD,0.5,PGD,0.2,16.1875,14.0,0,40
engr1,LG,PGD,0.5,PGD,0.3,16.1875,14.0,0,40
engr1,LG,PGD,0.5,PGD,0.4,16.1875,14.0,0,40
engr1,LG,PGD,0.5,PGD,0.5,16.1875,14.0,0,40
engr1,LG,PGD,0.5,PGD,0.6,16.1875,14.0,0,40
engr1,LG,PGD,0.5,PGD,0.7,16.1875,14.0,0,40
engr1,LG,PGD,0.5,PGD,0.8,16.1875,14.0,0,40
engr1,LG,PGD,0.5,PGD,0.9,16.1875,14.0,0,40
engr1,LG,PGD,0.5,PGD,1.0,16.1875,14.0,0,40
engr1,MOTO,PGD,0.5,PGD,0.1,16.1875,14.0,0,40
engr1,MOTO,PGD,0.5,PGD,0.2,16.1875,14.0,0,40
engr1,MOTO,PGD,0.5,PGD,0.3,16.1875,14.0,0,40
engr1,MOTO,PGD,0.5,PGD,0.4,16.1875,14.0,0,40
engr1,MOTO,PGD,0.5,PGD,0.5,16.1875,14.0,0,40
engr1,MOTO,PGD,0.5,PGD,0.6,16.1875,14.0,0,40
engr1,MOTO,PGD,0.5,PGD,0.7,16.1875,14.0,0,40
engr1,MOTO,PGD,0.5,PGD,0.8,16.1875,14.0,0,40
engr1,MOTO,PGD,0.5,PGD,0.9,16.1875,14.0,0,40
engr1,MOTO,PGD,0.5,PGD,1.0,16.1875,14.0,0,40
engr1,OP3,PGD,0.5,PGD,0.1,16.1875,14.0,0,40
engr1,OP3,PGD,0.5,PGD,0.2,16.1875,14.0,0,40
engr1,OP3,PGD,0.5,PGD,0.3,16.1875,14.0,0,40
engr1,OP3,PGD,0.5,PGD,0.4,16.1875,14.0,0,40
engr1,OP3,PGD,0.5,PGD,0.5,16.1875,14.0,0,40
engr1,OP3,PGD,0.5,PGD,0.6,16.1875,14.0,0,40
engr1,OP3,PGD,0.5,PGD,0.7,16.1875,14.0,0,40
engr1,OP3,PGD,0.5,PGD,0.8,16.1875,14.0,0,40
engr1,OP3,PGD,0.5,PGD,0.9,16.1875,14.0,0,40
engr1,OP3,PGD,0.5,PGD,1.0,16.1875,14.0,0,40
engr1,S7,PGD,0.5,PGD,0.1,16.1875,14.0,0,40
engr1,S7,PGD,0.5,PGD,0.2,16.1875,14.0,0,40
engr1,S7,PGD,0.5,PGD,0.3,16.1875,14.0,0,40
engr1,S7,PGD,0.5,PGD,0.4,16.1875,14.0,0,40
engr1,S7,PGD,0.5,PGD,0.5,16.1875,14.0,0,40
engr1,S7,PGD,0.5,PGD,0.6,16.1875,14.0,0,40
engr1,S7,PGD,0.5,PGD,0.7,16.1875,14.0,0,40
engr1,S7,PGD,0.5,PGD,0.8,16.1875,14.0,0,40
engr1,S7,PGD,0.5,PGD,0.9,16.1875,14.0,0,40
engr1,S7,PGD,0.5,PGD,1.0,16.1875,14.0,0,40
engr1,BLU,PGD,0.6,PGD,0.1,16.1875,14.0,0,40
engr1,BLU,PGD,0.6,PGD,0.2,16.1875,14.0,0,40
engr1,BLU,PGD,0.6,PGD,0.3,16.1875,14.0,0,40
engr1,BLU,PGD,0.6,PGD,0.4,16.1875,14.0,0,40
engr1,BLU,PGD,0.6,PGD,0.5,16.1875,14.0,0,40
engr1,BLU,PGD,0.6,PGD,0.6,16.1875,14.0,0,40
engr1,BLU,PGD,0.6,PGD,0.7,16.1875,14.0,0,40
engr1,BLU,PGD,0.6,PGD,0.8,16.1875,14.0,0,40
engr1,BLU,PGD,0.6,PGD,0.9,16.1875,14.0,0,40
engr1,BLU,PGD,0.6,PGD,1.0,16.1875,14.0,0,40
engr1,HTC,PGD,0.6,PGD,0.1,16.1875,14.0,0,40
engr1,HTC,PGD,0.6,PGD,0.2,16.1875,14.0,0,40
engr1,HTC,PGD,0.6,PGD,0.3,16.1875,14.0,0,40
engr1,HTC,PGD,0.6,PGD,0.4,16.1875,14.0,0,40
engr1,HTC,PGD,0.6,PGD,0.5,16.1875,14.0,0,40
engr1,HTC,PGD,0.6,PGD,0.6,16.1875,14.0,0,40
engr1,HTC,PGD,0.6,PGD,0.7,16.1875,14.0,0,40
engr1,HTC,PGD,0.6,PGD,0.8,16.1875,14.0,0,40
engr1,HTC,PGD,0.6,PGD,0.9,16.1875,14.0,0,40
engr1,HTC,PGD,0.6,PGD,1.0,16.1875,14.0,0,40
engr1,LG,PGD,0.6,PGD,0.1,16.1875,14.0,0,40
engr1,LG,PGD,0.6,PGD,0.2,16.1875,14.0,0,40
engr1,LG,PGD,0.6,PGD,0.3,16.1875,14.0,0,40
engr1,LG,PGD,0.6,PGD,0.4,16.1875,14.0,0,40
engr1,LG,PGD,0.6,PGD,0.5,16.1875,14.0,0,40
engr1,LG,PGD,0.6,PGD,0.6,16.1875,14.0,0,40
engr1,LG,PGD,0.6,PGD,0.7,16.1875,14.0,0,40
engr1,LG,PGD,0.6,PGD,0.8,16.1875,14.0,0,40
engr1,LG,PGD,0.6,PGD,0.9,16.1875,14.0,0,40
engr1,LG,PGD,0.6,PGD,1.0,16.1875,14.0,0,40
engr1,MOTO,PGD,0.6,PGD,0.1,16.1875,14.0,0,40
engr1,MOTO,PGD,0.6,PGD,0.2,16.1875,14.0,0,40
engr1,MOTO,PGD,0.6,PGD,0.3,16.1875,14.0,0,40
engr1,MOTO,PGD,0.6,PGD,0.4,16.1875,14.0,0,40
engr1,MOTO,PGD,0.6,PGD,0.5,16.1875,14.0,0,40
engr1,MOTO,PGD,0.6,PGD,0.6,16.1875,14.0,0,40
engr1,MOTO,PGD,0.6,PGD,0.7,16.1875,14.0,0,40
engr1,MOTO,PGD,0.6,PGD,0.8,16.1875,14.0,0,40
engr1,MOTO,PGD,0.6,PGD,0.9,16.1875,14.0,0,40
engr1,MOTO,PGD,0.6,PGD,1.0,16.1875,14.0,0,40
engr1,OP3,PGD,0.6,PGD,0.1,16.1875,14.0,0,40
engr1,OP3,PGD,0.6,PGD,0.2,16.1875,14.0,0,40
engr1,OP3,PGD,0.6,PGD,0.3,16.1875,14.0,0,40
engr1,OP3,PGD,0.6,PGD,0.4,16.1875,14.0,0,40
engr1,OP3,PGD,0.6,PGD,0.5,16.1875,14.0,0,40
engr1,OP3,PGD,0.6,PGD,0.6,16.1875,14.0,0,40
engr1,OP3,PGD,0.6,PGD,0.7,16.1875,14.0,0,40
engr1,OP3,PGD,0.6,PGD,0.8,16.1875,14.0,0,40
engr1,OP3,PGD,0.6,PGD,0.9,16.1875,14.0,0,40
engr1,OP3,PGD,0.6,PGD,1.0,16.1875,14.0,0,40
engr1,S7,PGD,0.6,PGD,0.1,16.1875,14.0,0,40
engr1,S7,PGD,0.6,PGD,0.2,16.1875,14.0,0,40
engr1,S7,PGD,0.6,PGD,0.3,16.1875,14.0,0,40
engr1,S7,PGD,0.6,PGD,0.4,16.1875,14.0,0,40
engr1,S7,PGD,0.6,PGD,0.5,16.1875,14.0,0,40
engr1,S7,PGD,0.6,PGD,0.6,16.1875,14.0,0,40
engr1,S7,PGD,0.6,PGD,0.7,16.1875,14.0,0,40
engr1,S7,PGD,0.6,PGD,0.8,16.1875,14.0,0,40
engr1,S7,PGD,0.6,PGD,0.9,16.1875,14.0,0,40
engr1,S7,PGD,0.6,PGD,1.0,16.1875,14.0,0,40
engr1,BLU,PGD,0.7,PGD,0.1,16.1875,14.0,0,40
engr1,BLU,PGD,0.7,PGD,0.2,16.1875,14.0,0,40
engr1,BLU,PGD,0.7,PGD,0.3,16.1875,14.0,0,40
engr1,BLU,PGD,0.7,PGD,0.4,16.1875,14.0,0,40
engr1,BLU,PGD,0.7,PGD,0.5,16.1875,14.0,0,40
engr1,BLU,PGD,0.7,PGD,0.6,16.1875,14.0,0,40
engr1,BLU,PGD,0.7,PGD,0.7,16.1875,14.0,0,40
engr1,BLU,PGD,0.7,PGD,0.8,16.1875,14.0,0,40
engr1,BLU,PGD,0.7,PGD,0.9,16.1875,14.0,0,40
engr1,BLU,PGD,0.7,PGD,1.0,16.1875,14.0,0,40
engr1,HTC,PGD,0.7,PGD,0.1,16.1875,14.0,0,40
engr1,HTC,PGD,0.7,PGD,0.2,16.1875,14.0,0,40
engr1,HTC,PGD,0.7,PGD,0.3,16.1875,14.0,0,40
engr1,HTC,PGD,0.7,PGD,0.4,16.1875,14.0,0,40
engr1,HTC,PGD,0.7,PGD,0.5,16.1875,14.0,0,40
engr1,HTC,PGD,0.7,PGD,0.6,16.1875,14.0,0,40
engr1,HTC,PGD,0.7,PGD,0.7,16.1875,14.0,0,40
engr1,HTC,PGD,0.7,PGD,0.8,16.1875,14.0,0,40
engr1,HTC,PGD,0.7,PGD,0.9,16.1875,14.0,0,40
engr1,HTC,PGD,0.7,PGD,1.0,16.1875,14.0,0,40
engr1,LG,PGD,0.7,PGD,0.1,16.1875,14.0,0,40
engr1,LG,PGD,0.7,PGD,0.2,16.1875,14.0,0,40
engr1,LG,PGD,0.7,PGD,0.3,16.1875,14.0,0,40
engr1,LG,PGD,0.7,PGD,0.4,16.1875,14.0,0,40
engr1,LG,PGD,0.7,PGD,0.5,16.1875,14.0,0,40
engr1,LG,PGD,0.7,PGD,0.6,16.1875,14.0,0,40
engr1,LG,PGD,0.7,PGD,0.7,16.1875,14.0,0,40
engr1,LG,PGD,0.7,PGD,0.8,16.1875,14.0,0,40
engr1,LG,PGD,0.7,PGD,0.9,16.1875,14.0,0,40
engr1,LG,PGD,0.7,PGD,1.0,16.1875,14.0,0,40
engr1,MOTO,PGD,0.7,PGD,0.1,16.1875,14.0,0,40
engr1,MOTO,PGD,0.7,PGD,0.2,16.1875,14.0,0,40
engr1,MOTO,PGD,0.7,PGD,0.3,16.1875,14.0,0,40
engr1,MOTO,PGD,0.7,PGD,0.4,16.1875,14.0,0,40
engr1,MOTO,PGD,0.7,PGD,0.5,16.1875,14.0,0,40
engr1,MOTO,PGD,0.7,PGD,0.6,16.1875,14.0,0,40
engr1,MOTO,PGD,0.7,PGD,0.7,16.1875,14.0,0,40
engr1,MOTO,PGD,0.7,PGD,0.8,16.1875,14.0,0,40
engr1,MOTO,PGD,0.7,PGD,0.9,16.1875,14.0,0,40
engr1,MOTO,PGD,0.7,PGD,1.0,16.1875,14.0,0,40
engr1,OP3,PGD,0.7,PGD,0.1,16.1875,14.0,0,40
engr1,OP3,PGD,0.7,PGD,0.2,16.1875,14.0,0,40
engr1,OP3,PGD,0.7,PGD,0.3,16.1875,14.0,0,40
engr1,OP3,PGD,0.7,PGD,0.4,16.1875,14.0,0,40
engr1,OP3,PGD,0.7,PGD,0.5,16.1875,14.0,0,40
engr1,OP3,PGD,0.7,PGD,0.6,16.1875,14.0,0,40
engr1,OP3,PGD,0.7,PGD,0.7,16.1875,14.0,0,40
engr1,OP3,PGD,0.7,PGD,0.8,16.1875,14.0,0,40
engr1,OP3,PGD,0.7,PGD,0.9,16.1875,14.0,0,40
engr1,OP3,PGD,0.7,PGD,1.0,16.1875,14.0,0,40
engr1,S7,PGD,0.7,PGD,0.1,16.1875,14.0,0,40
engr1,S7,PGD,0.7,PGD,0.2,16.1875,14.0,0,40
engr1,S7,PGD,0.7,PGD,0.3,16.1875,14.0,0,40
engr1,S7,PGD,0.7,PGD,0.4,16.1875,14.0,0,40
engr1,S7,PGD,0.7,PGD,0.5,16.1875,14.0,0,40
engr1,S7,PGD,0.7,PGD,0.6,16.1875,14.0,0,40
engr1,S7,PGD,0.7,PGD,0.7,16.1875,14.0,0,40
engr1,S7,PGD,0.7,PGD,0.8,16.1875,14.0,0,40
engr1,S7,PGD,0.7,PGD,0.9,16.1875,14.0,0,40
engr1,S7,PGD,0.7,PGD,1.0,16.1875,14.0,0,40
engr1,BLU,PGD,0.8,PGD,0.1,16.1875,14.0,0,40
engr1,BLU,PGD,0.8,PGD,0.2,16.1875,14.0,0,40
engr1,BLU,PGD,0.8,PGD,0.3,16.1875,14.0,0,40
engr1,BLU,PGD,0.8,PGD,0.4,16.1875,14.0,0,40
engr1,BLU,PGD,0.8,PGD,0.5,16.1875,14.0,0,40
engr1,BLU,PGD,0.8,PGD,0.6,16.1875,14.0,0,40
engr1,BLU,PGD,0.8,PGD,0.7,16.1875,14.0,0,40
engr1,BLU,PGD,0.8,PGD,0.8,16.1875,14.0,0,40
engr1,BLU,PGD,0.8,PGD,0.9,16.1875,14.0,0,40
engr1,BLU,PGD,0.8,PGD,1.0,16.1875,14.0,0,40
engr1,HTC,PGD,0.8,PGD,0.1,16.1875,14.0,0,40
engr1,HTC,PGD,0.8,PGD,0.2,16.1875,14.0,0,40
engr1,HTC,PGD,0.8,PGD,0.3,16.1875,14.0,0,40
engr1,HTC,PGD,0.8,PGD,0.4,16.1875,14.0,0,40
engr1,HTC,PGD,0.8,PGD,0.5,16.1875,14.0,0,40
engr1,HTC,PGD,0.8,PGD,0.6,16.1875,14.0,0,40
engr1,HTC,PGD,0.8,PGD,0.7,16.1875,14.0,0,40
engr1,HTC,PGD,0.8,PGD,0.8,16.1875,14.0,0,40
engr1,HTC,PGD,0.8,PGD,0.9,16.1875,14.0,0,40
engr1,HTC,PGD,0.8,PGD,1.0,16.1875,14.0,0,40
engr1,LG,PGD,0.8,PGD,0.1,16.1875,14.0,0,40
engr1,LG,PGD,0.8,PGD,0.2,16.1875,14.0,0,40
engr1,LG,PGD,0.8,PGD,0.3,16.1875,14.0,0,40
engr1,LG,PGD,0.8,PGD,0.4,16.1875,14.0,0,40
engr1,LG,PGD,0.8,PGD,0.5,16.1875,14.0,0,40
engr1,LG,PGD,0.8,PGD,0.6,16.1875,14.0,0,40
engr1,LG,PGD,0.8,PGD,0.7,16.1875,14.0,0,40
engr1,LG,PGD,0.8,PGD,0.8,16.1875,14.0,0,40
engr1,LG,PGD,0.8,PGD,0.9,16.1875,14.0,0,40
engr1,LG,PGD,0.8,PGD,1.0,16.1875,14.0,0,40
engr1,MOTO,PGD,0.8,PGD,0.1,16.1875,14.0,0,40
engr1,MOTO,PGD,0.8,PGD,0.2,16.1875,14.0,0,40
engr1,MOTO,PGD,0.8,PGD,0.3,16.1875,14.0,0,40
engr1,MOTO,PGD,0.8,PGD,0.4,16.1875,14.0,0,40
engr1,MOTO,PGD,0.8,PGD,0.5,16.1875,14.0,0,40
engr1,MOTO,PGD,0.8,PGD,0.6,16.1875,14.0,0,40
engr1,MOTO,PGD,0.8,PGD,0.7,16.1875,14.0,0,40
engr1,MOTO,PGD,0.8,PGD,0.8,16.1875,14.0,0,40
engr1,MOTO,PGD,0.8,PGD,0.9,16.1875,14.0,0,40
engr1,MOTO,PGD,0.8,PGD,1.0,16.1875,14.0,0,40
engr1,OP3,PGD,0.8,PGD,0.1,16.1875,14.0,0,40
engr1,OP3,PGD,0.8,PGD,0.2,16.1875,14.0,0,40
engr1,OP3,PGD,0.8,PGD,0.3,16.1875,14.0,0,40
engr1,OP3,PGD,0.8,PGD,0.4,16.1875,14.0,0,40
engr1,OP3,PGD,0.8,PGD,0.5,16.1875,14.0,0,40
engr1,OP3,PGD,0.8,PGD,0.6,16.1875,14.0,0,40
engr1,OP3,PGD,0.8,PGD,0.7,16.1875,14.0,0,40
engr1,OP3,PGD,0.8,PGD,0.8,16.1875,14.0,0,40
engr1,OP3,PGD,0.8,PGD,0.9,16.1875,14.0,0,40
engr1,OP3,PGD,0.8,PGD,1.0,16.1875,14.0,0,40
engr1,S7,PGD,0.8,PGD,0.1,16.1875,14.0,0,40
engr1,S7,PGD,0.8,PGD,0.2,16.1875,14.0,0,40
engr1,S7,PGD,0.8,PGD,0.3,16.1875,14.0,0,40
engr1,S7,PGD,0.8,PGD,0.4,16.1875,14.0,0,40
engr1,S7,PGD,0.8,PGD,0.5,16.1875,14.0,0,40
engr1,S7,PGD,0.8,PGD,0.6,16.1875,14.0,0,40
engr1,S7,PGD,0.8,PGD,0.7,16.1875,14.0,0,40
engr1,S7,PGD,0.8,PGD,0.8,16.1875,14.0,0,40
engr1,S7,PGD,0.8,PGD,0.9,16.1875,14.0,0,40
engr1,S7,PGD,0.8,PGD,1.0,16.1875,14.0,0,40
engr1,BLU,PGD,0.9,PGD,0.1,16.1875,14.0,0,40
engr1,BLU,PGD,0.9,PGD,0.2,16.1875,14.0,0,40
engr1,BLU,PGD,0.9,PGD,0.3,16.1875,14.0,0,40
engr1,BLU,PGD,0.9,PGD,0.4,16.1875,14.0,0,40
engr1,BLU,PGD,0.9,PGD,0.5,16.1875,14.0,0,40
engr1,BLU,PGD,0.9,PGD,0.6,16.1875,14.0,0,40
engr1,BLU,PGD,0.9,PGD,0.7,16.1875,14.0,0,40
engr1,BLU,PGD,0.9,PGD,0.8,16.1875,14.0,0,40
engr1,BLU,PGD,0.9,PGD,0.9,16.1875,14.0,0,40
engr1,BLU,PGD,0.9,PGD,1.0,16.1875,14.0,0,40
engr1,HTC,PGD,0.9,PGD,0.1,16.1875,14.0,0,40
engr1,HTC,PGD,0.9,PGD,0.2,16.1875,14.0,0,40
engr1,HTC,PGD,0.9,PGD,0.3,16.1875,14.0,0,40
engr1,HTC,PGD,0.9,PGD,0.4,16.1875,14.0,0,40
engr1,HTC,PGD,0.9,PGD,0.5,16.1875,14.0,0,40
engr1,HTC,PGD,0.9,PGD,0.6,16.1875,14.0,0,40
engr1,HTC,PGD,0.9,PGD,0.7,16.1875,14.0,0,40
engr1,HTC,PGD,0.9,PGD,0.8,16.1875,14.0,0,40
engr1,HTC,PGD,0.9,PGD,0.9,16.1875,14.0,0,40
engr1,HTC,PGD,0.9,PGD,1.0,16.1875,14.0,0,40
engr1,LG,PGD,0.9,PGD,0.1,16.1875,14.0,0,40
engr1,LG,PGD,0.9,PGD,0.2,16.1875,14.0,0,40
engr1,LG,PGD,0.9,PGD,0.3,16.1875,14.0,0,40
engr1,LG,PGD,0.9,PGD,0.4,16.1875,14.0,0,40
engr1,LG,PGD,0.9,PGD,0.5,16.1875,14.0,0,40
engr1,LG,PGD,0.9,PGD,0.6,16.1875,14.0,0,40
engr1,LG,PGD,0.9,PGD,0.7,16.1875,14.0,0,40
engr1,LG,PGD,0.9,PGD,0.8,16.1875,14.0,0,40
engr1,LG,PGD,0.9,PGD,0.9,16.1875,14.0,0,40
engr1,LG,PGD,0.9,PGD,1.0,16.1875,14.0,0,40
engr1,MOTO,PGD,0.9,PGD,0.1,16.1875,14.0,0,40
engr1,MOTO,PGD,0.9,PGD,0.2,16.1875,14.0,0,40
engr1,MOTO,PGD,0.9,PGD,0.3,16.1875,14.0,0,40
engr1,MOTO,PGD,0.9,PGD,0.4,16.1875,14.0,0,40
engr1,MOTO,PGD,0.9,PGD,0.5,16.1875,14.0,0,40
engr1,MOTO,PGD,0.9,PGD,0.6,16.1875,14.0,0,40
engr1,MOTO,PGD,0.9,PGD,0.7,16.1875,14.0,0,40
engr1,MOTO,PGD,0.9,PGD,0.8,16.1875,14.0,0,40
engr1,MOTO,PGD,0.9,PGD,0.9,16.1875,14.0,0,40
engr1,MOTO,PGD,0.9,PGD,1.0,16.1875,14.0,0,40
engr1,OP3,PGD,0.9,PGD,0.1,16.1875,14.0,0,40
engr1,OP3,PGD,0.9,PGD,0.2,16.1875,14.0,0,40
engr1,OP3,PGD,0.9,PGD,0.3,16.1875,14.0,0,40
engr1,OP3,PGD,0.9,PGD,0.4,16.1875,14.0,0,40
engr1,OP3,PGD,0.9,PGD,0.5,16.1875,14.0,0,40
engr1,OP3,PGD,0.9,PGD,0.6,16.1875,14.0,0,40
engr1,OP3,PGD,0.9,PGD,0.7,16.1875,14.0,0,40
engr1,OP3,PGD,0.9,PGD,0.8,16.1875,14.0,0,40
engr1,OP3,PGD,0.9,PGD,0.9,16.1875,14.0,0,40
engr1,OP3,PGD,0.9,PGD,1.0,16.1875,14.0,0,40
engr1,S7,PGD,0.9,PGD,0.1,16.1875,14.0,0,40
engr1,S7,PGD,0.9,PGD,0.2,16.1875,14.0,0,40
engr1,S7,PGD,0.9,PGD,0.3,16.1875,14.0,0,40
engr1,S7,PGD,0.9,PGD,0.4,16.1875,14.0,0,40
engr1,S7,PGD,0.9,PGD,0.5,16.1875,14.0,0,40
engr1,S7,PGD,0.9,PGD,0.6,16.1875,14.0,0,40
engr1,S7,PGD,0.9,PGD,0.7,16.1875,14.0,0,40
engr1,S7,PGD,0.9,PGD,0.8,16.1875,14.0,0,40
engr1,S7,PGD,0.9,PGD,0.9,16.1875,14.0,0,40
engr1,S7,PGD,0.9,PGD,1.0,16.1875,14.0,0,40
engr1,BLU,PGD,1.0,PGD,0.1,16.1875,14.0,0,40
engr1,BLU,PGD,1.0,PGD,0.2,16.1875,14.0,0,40
engr1,BLU,PGD,1.0,PGD,0.3,16.1875,14.0,0,40
engr1,BLU,PGD,1.0,PGD,0.4,16.1875,14.0,0,40
engr1,BLU,PGD,1.0,PGD,0.5,16.1875,14.0,0,40
engr1,BLU,PGD,1.0,PGD,0.6,16.1875,14.0,0,40
engr1,BLU,PGD,1.0,PGD,0.7,16.1875,14.0,0,40
engr1,BLU,PGD,1.0,PGD,0.8,16.1875,14.0,0,40
engr1,BLU,PGD,1.0,PGD,0.9,16.1875,14.0,0,40
engr1,BLU,PGD,1.0,PGD,1.0,16.1875,14.0,0,40
engr1,HTC,PGD,1.0,PGD,0.1,16.1875,14.0,0,40
engr1,HTC,PGD,1.0,PGD,0.2,16.1875,14.0,0,40
engr1,HTC,PGD,1.0,PGD,0.3,16.1875,14.0,0,40
engr1,HTC,PGD,1.0,PGD,0.4,16.1875,14.0,0,40
engr1,HTC,PGD,1.0,PGD,0.5,16.1875,14.0,0,40
engr1,HTC,PGD,1.0,PGD,0.6,16.1875,14.0,0,40
engr1,HTC,PGD,1.0,PGD,0.7,16.1875,14.0,0,40
engr1,HTC,PGD,1.0,PGD,0.8,16.1875,14.0,0,40
engr1,HTC,PGD,1.0,PGD,0.9,16.1875,14.0,0,40
engr1,HTC,PGD,1.0,PGD,1.0,16.1875,14.0,0,40
engr1,LG,PGD,1.0,PGD,0.1,16.1875,14.0,0,40
engr1,LG,PGD,1.0,PGD,0.2,16.1875,14.0,0,40
engr1,LG,PGD,1.0,PGD,0.3,16.1875,14.0,0,40
engr1,LG,PGD,1.0,PGD,0.4,16.1875,14.0,0,40
engr1,LG,PGD,1.0,PGD,0.5,16.1875,14.0,0,40
engr1,LG,PGD,1.0,PGD,0.6,16.1875,14.0,0,40
engr1,LG,PGD,1.0,PGD,0.7,16.1875,14.0,0,40
engr1,LG,PGD,1.0,PGD,0.8,16.1875,14.0,0,40
engr1,LG,PGD,1.0,PGD,0.9,16.1875,14.0,0,40
engr1,LG,PGD,1.0,PGD,1.0,16.1875,14.0,0,40
engr1,MOTO,PGD,1.0,PGD,0.1,16.1875,14.0,0,40
engr1,MOTO,PGD,1.0,PGD,0.2,16.1875,14.0,0,40
engr1,MOTO,PGD,1.0,PGD,0.3,16.1875,14.0,0,40
engr1,MOTO,PGD,1.0,PGD,0.4,16.1875,14.0,0,40
engr1,MOTO,PGD,1.0,PGD,0.5,16.1875,14.0,0,40
engr1,MOTO,PGD,1.0,PGD,0.6,16.1875,14.0,0,40
engr1,MOTO,PGD,1.0,PGD,0.7,16.1875,14.0,0,40
engr1,MOTO,PGD,1.0,PGD,0.8,16.1875,14.0,0,40
engr1,MOTO,PGD,1.0,PGD,0.9,16.1875,14.0,0,40
engr1,MOTO,PGD,1.0,PGD,1.0,16.1875,14.0,0,40
engr1,OP3,PGD,1.0,PGD,0.1,16.1875,14.0,0,40
engr1,OP3,PGD,1.0,PGD,0.2,16.1875,14.0,0,40
engr1,OP3,PGD,1.0,PGD,0.3,16.1875,14.0,0,40
engr1,OP3,PGD,1.0,PGD,0.4,16.1875,14.0,0,40
engr1,OP3,PGD,1.0,PGD,0.5,16.1875,14.0,0,40
engr1,OP3,PGD,1.0,PGD,0.6,16.1875,14.0,0,40
engr1,OP3,PGD,1.0,PGD,0.7,16.1875,14.0,0,40
engr1,OP3,PGD,1.0,PGD,0.8,16.1875,14.0,0,40
engr1,OP3,PGD,1.0,PGD,0.9,16.1875,14.0,0,40
engr1,OP3,PGD,1.0,PGD,1.0,16.1875,14.0,0,40
engr1,S7,PGD,1.0,PGD,0.1,16.1875,14.0,0,40
engr1,S7,PGD,1.0,PGD,0.2,16.1875,14.0,0,40
engr1,S7,PGD,1.0,PGD,0.3,16.1875,14.0,0,40
engr1,S7,PGD,1.0,PGD,0.4,16.1875,14.0,0,40
engr1,S7,PGD,1.0,PGD,0.5,16.1875,14.0,0,40
engr1,S7,PGD,1.0,PGD,0.6,16.1875,14.0,0,40
engr1,S7,PGD,1.0,PGD,0.7,16.1875,14.0,0,40
engr1,S7,PGD,1.0,PGD,0.8,16.1875,14.0,0,40
engr1,S7,PGD,1.0,PGD,0.9,16.1875,14.0,0,40
engr1,S7,PGD,1.0,PGD,1.0,16.1875,14.0,0,40
engr1,BLU,MIM,0.1,PGD,0.1,16.1875,14.0,0,40
engr1,BLU,MIM,0.1,PGD,0.2,16.1875,14.0,0,40
engr1,BLU,MIM,0.1,PGD,0.3,16.1875,14.0,0,40
engr1,BLU,MIM,0.1,PGD,0.4,16.1875,14.0,0,40
engr1,BLU,MIM,0.1,PGD,0.5,16.1875,14.0,0,40
engr1,BLU,MIM,0.1,PGD,0.6,16.1875,14.0,0,40
engr1,BLU,MIM,0.1,PGD,0.7,16.1875,14.0,0,40
engr1,BLU,MIM,0.1,PGD,0.8,16.1875,14.0,0,40
engr1,BLU,MIM,0.1,PGD,0.9,16.1875,14.0,0,40
engr1,BLU,MIM,0.1,PGD,1.0,16.1875,14.0,0,40
engr1,HTC,MIM,0.1,PGD,0.1,16.1875,14.0,0,40
engr1,HTC,MIM,0.1,PGD,0.2,16.1875,14.0,0,40
engr1,HTC,MIM,0.1,PGD,0.3,16.1875,14.0,0,40
engr1,HTC,MIM,0.1,PGD,0.4,16.1875,14.0,0,40
engr1,HTC,MIM,0.1,PGD,0.5,16.1875,14.0,0,40
engr1,HTC,MIM,0.1,PGD,0.6,16.1875,14.0,0,40
engr1,HTC,MIM,0.1,PGD,0.7,16.1875,14.0,0,40
engr1,HTC,MIM,0.1,PGD,0.8,16.1875,14.0,0,40
engr1,HTC,MIM,0.1,PGD,0.9,16.1875,14.0,0,40
engr1,HTC,MIM,0.1,PGD,1.0,16.1875,14.0,0,40
engr1,LG,MIM,0.1,PGD,0.1,16.1875,14.0,0,40
engr1,LG,MIM,0.1,PGD,0.2,16.1875,14.0,0,40
engr1,LG,MIM,0.1,PGD,0.3,16.1875,14.0,0,40
engr1,LG,MIM,0.1,PGD,0.4,16.1875,14.0,0,40
engr1,LG,MIM,0.1,PGD,0.5,16.1875,14.0,0,40
engr1,LG,MIM,0.1,PGD,0.6,16.1875,14.0,0,40
engr1,LG,MIM,0.1,PGD,0.7,16.1875,14.0,0,40
engr1,LG,MIM,0.1,PGD,0.8,16.1875,14.0,0,40
engr1,LG,MIM,0.1,PGD,0.9,16.1875,14.0,0,40
engr1,LG,MIM,0.1,PGD,1.0,16.1875,14.0,0,40
engr1,MOTO,MIM,0.1,PGD,0.1,16.1875,14.0,0,40
engr1,MOTO,MIM,0.1,PGD,0.2,16.1875,14.0,0,40
engr1,MOTO,MIM,0.1,PGD,0.3,16.1875,14.0,0,40
engr1,MOTO,MIM,0.1,PGD,0.4,16.1875,14.0,0,40
engr1,MOTO,MIM,0.1,PGD,0.5,16.1875,14.0,0,40
engr1,MOTO,MIM,0.1,PGD,0.6,16.1875,14.0,0,40
engr1,MOTO,MIM,0.1,PGD,0.7,16.1875,14.0,0,40
engr1,MOTO,MIM,0.1,PGD,0.8,16.1875,14.0,0,40
engr1,MOTO,MIM,0.1,PGD,0.9,16.1875,14.0,0,40
engr1,MOTO,MIM,0.1,PGD,1.0,16.1875,14.0,0,40
engr1,OP3,MIM,0.1,PGD,0.1,16.1875,14.0,0,40
engr1,OP3,MIM,0.1,PGD,0.2,16.1875,14.0,0,40
engr1,OP3,MIM,0.1,PGD,0.3,16.1875,14.0,0,40
engr1,OP3,MIM,0.1,PGD,0.4,16.1875,14.0,0,40
engr1,OP3,MIM,0.1,PGD,0.5,16.1875,14.0,0,40
engr1,OP3,MIM,0.1,PGD,0.6,16.1875,14.0,0,40
engr1,OP3,MIM,0.1,PGD,0.7,16.1875,14.0,0,40
engr1,OP3,MIM,0.1,PGD,0.8,16.1875,14.0,0,40
engr1,OP3,MIM,0.1,PGD,0.9,16.1875,14.0,0,40
engr1,OP3,MIM,0.1,PGD,1.0,16.1875,14.0,0,40
engr1,S7,MIM,0.1,PGD,0.1,16.1875,14.0,0,40
engr1,S7,MIM,0.1,PGD,0.2,16.1875,14.0,0,40
engr1,S7,MIM,0.1,PGD,0.3,16.1875,14.0,0,40
engr1,S7,MIM,0.1,PGD,0.4,16.1875,14.0,0,40
engr1,S7,MIM,0.1,PGD,0.5,16.1875,14.0,0,40
engr1,S7,MIM,0.1,PGD,0.6,16.1875,14.0,0,40
engr1,S7,MIM,0.1,PGD,0.7,16.1875,14.0,0,40
engr1,S7,MIM,0.1,PGD,0.8,16.1875,14.0,0,40
engr1,S7,MIM,0.1,PGD,0.9,16.1875,14.0,0,40
engr1,S7,MIM,0.1,PGD,1.0,16.1875,14.0,0,40
engr1,BLU,MIM,0.2,PGD,0.1,16.1875,14.0,0,40
engr1,BLU,MIM,0.2,PGD,0.2,16.1875,14.0,0,40
engr1,BLU,MIM,0.2,PGD,0.3,16.1875,14.0,0,40
engr1,BLU,MIM,0.2,PGD,0.4,16.1875,14.0,0,40
engr1,BLU,MIM,0.2,PGD,0.5,16.1875,14.0,0,40
engr1,BLU,MIM,0.2,PGD,0.6,16.1875,14.0,0,40
engr1,BLU,MIM,0.2,PGD,0.7,16.1875,14.0,0,40
engr1,BLU,MIM,0.2,PGD,0.8,16.1875,14.0,0,40
engr1,BLU,MIM,0.2,PGD,0.9,16.1875,14.0,0,40
engr1,BLU,MIM,0.2,PGD,1.0,16.1875,14.0,0,40
engr1,HTC,MIM,0.2,PGD,0.1,16.1875,14.0,0,40
engr1,HTC,MIM,0.2,PGD,0.2,16.1875,14.0,0,40
engr1,HTC,MIM,0.2,PGD,0.3,16.1875,14.0,0,40
engr1,HTC,MIM,0.2,PGD,0.4,16.1875,14.0,0,40
engr1,HTC,MIM,0.2,PGD,0.5,16.1875,14.0,0,40
engr1,HTC,MIM,0.2,PGD,0.6,16.1875,14.0,0,40
engr1,HTC,MIM,0.2,PGD,0.7,16.1875,14.0,0,40
engr1,HTC,MIM,0.2,PGD,0.8,16.1875,14.0,0,40
engr1,HTC,MIM,0.2,PGD,0.9,16.1875,14.0,0,40
engr1,HTC,MIM,0.2,PGD,1.0,16.1875,14.0,0,40
engr1,LG,MIM,0.2,PGD,0.1,16.1875,14.0,0,40
engr1,LG,MIM,0.2,PGD,0.2,16.1875,14.0,0,40
engr1,LG,MIM,0.2,PGD,0.3,16.1875,14.0,0,40
engr1,LG,MIM,0.2,PGD,0.4,16.1875,14.0,0,40
engr1,LG,MIM,0.2,PGD,0.5,16.1875,14.0,0,40
engr1,LG,MIM,0.2,PGD,0.6,16.1875,14.0,0,40
engr1,LG,MIM,0.2,PGD,0.7,16.1875,14.0,0,40
engr1,LG,MIM,0.2,PGD,0.8,16.1875,14.0,0,40
engr1,LG,MIM,0.2,PGD,0.9,16.1875,14.0,0,40
engr1,LG,MIM,0.2,PGD,1.0,16.1875,14.0,0,40
engr1,MOTO,MIM,0.2,PGD,0.1,16.1875,14.0,0,40
engr1,MOTO,MIM,0.2,PGD,0.2,16.1875,14.0,0,40
engr1,MOTO,MIM,0.2,PGD,0.3,16.1875,14.0,0,40
engr1,MOTO,MIM,0.2,PGD,0.4,16.1875,14.0,0,40
engr1,MOTO,MIM,0.2,PGD,0.5,16.1875,14.0,0,40
engr1,MOTO,MIM,0.2,PGD,0.6,16.1875,14.0,0,40
engr1,MOTO,MIM,0.2,PGD,0.7,16.1875,14.0,0,40
engr1,MOTO,MIM,0.2,PGD,0.8,16.1875,14.0,0,40
engr1,MOTO,MIM,0.2,PGD,0.9,16.1875,14.0,0,40
engr1,MOTO,MIM,0.2,PGD,1.0,16.1875,14.0,0,40
engr1,OP3,MIM,0.2,PGD,0.1,16.1875,14.0,0,40
engr1,OP3,MIM,0.2,PGD,0.2,16.1875,14.0,0,40
engr1,OP3,MIM,0.2,PGD,0.3,16.1875,14.0,0,40
engr1,OP3,MIM,0.2,PGD,0.4,16.1875,14.0,0,40
engr1,OP3,MIM,0.2,PGD,0.5,16.1875,14.0,0,40
engr1,OP3,MIM,0.2,PGD,0.6,16.1875,14.0,0,40
engr1,OP3,MIM,0.2,PGD,0.7,16.1875,14.0,0,40
engr1,OP3,MIM,0.2,PGD,0.8,16.1875,14.0,0,40
engr1,OP3,MIM,0.2,PGD,0.9,16.1875,14.0,0,40
engr1,OP3,MIM,0.2,PGD,1.0,16.1875,14.0,0,40
engr1,S7,MIM,0.2,PGD,0.1,16.1875,14.0,0,40
engr1,S7,MIM,0.2,PGD,0.2,16.1875,14.0,0,40
engr1,S7,MIM,0.2,PGD,0.3,16.1875,14.0,0,40
engr1,S7,MIM,0.2,PGD,0.4,16.1875,14.0,0,40
engr1,S7,MIM,0.2,PGD,0.5,16.1875,14.0,0,40
engr1,S7,MIM,0.2,PGD,0.6,16.1875,14.0,0,40
engr1,S7,MIM,0.2,PGD,0.7,16.1875,14.0,0,40
engr1,S7,MIM,0.2,PGD,0.8,16.1875,14.0,0,40
engr1,S7,MIM,0.2,PGD,0.9,16.1875,14.0,0,40
engr1,S7,MIM,0.2,PGD,1.0,16.1875,14.0,0,40
engr1,BLU,MIM,0.3,PGD,0.1,16.1875,14.0,0,40
engr1,BLU,MIM,0.3,PGD,0.2,16.1875,14.0,0,40
engr1,BLU,MIM,0.3,PGD,0.3,16.1875,14.0,0,40
engr1,BLU,MIM,0.3,PGD,0.4,16.1875,14.0,0,40
engr1,BLU,MIM,0.3,PGD,0.5,16.1875,14.0,0,40
engr1,BLU,MIM,0.3,PGD,0.6,16.1875,14.0,0,40
engr1,BLU,MIM,0.3,PGD,0.7,16.1875,14.0,0,40
engr1,BLU,MIM,0.3,PGD,0.8,16.1875,14.0,0,40
engr1,BLU,MIM,0.3,PGD,0.9,16.1875,14.0,0,40
engr1,BLU,MIM,0.3,PGD,1.0,16.1875,14.0,0,40
engr1,HTC,MIM,0.3,PGD,0.1,16.1875,14.0,0,40
engr1,HTC,MIM,0.3,PGD,0.2,16.1875,14.0,0,40
engr1,HTC,MIM,0.3,PGD,0.3,16.1875,14.0,0,40
engr1,HTC,MIM,0.3,PGD,0.4,16.1875,14.0,0,40
engr1,HTC,MIM,0.3,PGD,0.5,16.1875,14.0,0,40
engr1,HTC,MIM,0.3,PGD,0.6,16.1875,14.0,0,40
engr1,HTC,MIM,0.3,PGD,0.7,16.1875,14.0,0,40
engr1,HTC,MIM,0.3,PGD,0.8,16.1875,14.0,0,40
engr1,HTC,MIM,0.3,PGD,0.9,16.1875,14.0,0,40
engr1,HTC,MIM,0.3,PGD,1.0,16.1875,14.0,0,40
engr1,LG,MIM,0.3,PGD,0.1,16.1875,14.0,0,40
engr1,LG,MIM,0.3,PGD,0.2,16.1875,14.0,0,40
engr1,LG,MIM,0.3,PGD,0.3,16.1875,14.0,0,40
engr1,LG,MIM,0.3,PGD,0.4,16.1875,14.0,0,40
engr1,LG,MIM,0.3,PGD,0.5,16.1875,14.0,0,40
engr1,LG,MIM,0.3,PGD,0.6,16.1875,14.0,0,40
engr1,LG,MIM,0.3,PGD,0.7,16.1875,14.0,0,40
engr1,LG,MIM,0.3,PGD,0.8,16.1875,14.0,0,40
engr1,LG,MIM,0.3,PGD,0.9,16.1875,14.0,0,40
engr1,LG,MIM,0.3,PGD,1.0,16.1875,14.0,0,40
engr1,MOTO,MIM,0.3,PGD,0.1,16.1875,14.0,0,40
engr1,MOTO,MIM,0.3,PGD,0.2,16.1875,14.0,0,40
engr1,MOTO,MIM,0.3,PGD,0.3,16.1875,14.0,0,40
engr1,MOTO,MIM,0.3,PGD,0.4,16.1875,14.0,0,40
engr1,MOTO,MIM,0.3,PGD,0.5,16.1875,14.0,0,40
engr1,MOTO,MIM,0.3,PGD,0.6,16.1875,14.0,0,40
engr1,MOTO,MIM,0.3,PGD,0.7,16.1875,14.0,0,40
engr1,MOTO,MIM,0.3,PGD,0.8,16.1875,14.0,0,40
engr1,MOTO,MIM,0.3,PGD,0.9,16.1875,14.0,0,40
engr1,MOTO,MIM,0.3,PGD,1.0,16.1875,14.0,0,40
engr1,OP3,MIM,0.3,PGD,0.1,16.1875,14.0,0,40
engr1,OP3,MIM,0.3,PGD,0.2,16.1875,14.0,0,40
engr1,OP3,MIM,0.3,PGD,0.3,16.1875,14.0,0,40
engr1,OP3,MIM,0.3,PGD,0.4,16.1875,14.0,0,40
engr1,OP3,MIM,0.3,PGD,0.5,16.1875,14.0,0,40
engr1,OP3,MIM,0.3,PGD,0.6,16.1875,14.0,0,40
engr1,OP3,MIM,0.3,PGD,0.7,16.1875,14.0,0,40
engr1,OP3,MIM,0.3,PGD,0.8,16.1875,14.0,0,40
engr1,OP3,MIM,0.3,PGD,0.9,16.1875,14.0,0,40
engr1,OP3,MIM,0.3,PGD,1.0,16.1875,14.0,0,40
engr1,S7,MIM,0.3,PGD,0.1,16.1875,14.0,0,40
engr1,S7,MIM,0.3,PGD,0.2,16.1875,14.0,0,40
engr1,S7,MIM,0.3,PGD,0.3,16.1875,14.0,0,40
engr1,S7,MIM,0.3,PGD,0.4,16.1875,14.0,0,40
engr1,S7,MIM,0.3,PGD,0.5,16.1875,14.0,0,40
engr1,S7,MIM,0.3,PGD,0.6,16.1875,14.0,0,40
engr1,S7,MIM,0.3,PGD,0.7,16.1875,14.0,0,40
engr1,S7,MIM,0.3,PGD,0.8,16.1875,14.0,0,40
engr1,S7,MIM,0.3,PGD,0.9,16.1875,14.0,0,40
engr1,S7,MIM,0.3,PGD,1.0,16.1875,14.0,0,40
engr1,BLU,MIM,0.4,PGD,0.1,16.1875,14.0,0,40
engr1,BLU,MIM,0.4,PGD,0.2,16.1875,14.0,0,40
engr1,BLU,MIM,0.4,PGD,0.3,16.1875,14.0,0,40
engr1,BLU,MIM,0.4,PGD,0.4,16.1875,14.0,0,40
engr1,BLU,MIM,0.4,PGD,0.5,16.1875,14.0,0,40
engr1,BLU,MIM,0.4,PGD,0.6,16.1875,14.0,0,40
engr1,BLU,MIM,0.4,PGD,0.7,16.1875,14.0,0,40
engr1,BLU,MIM,0.4,PGD,0.8,16.1875,14.0,0,40
engr1,BLU,MIM,0.4,PGD,0.9,16.1875,14.0,0,40
engr1,BLU,MIM,0.4,PGD,1.0,16.1875,14.0,0,40
engr1,HTC,MIM,0.4,PGD,0.1,16.1875,14.0,0,40
engr1,HTC,MIM,0.4,PGD,0.2,16.1875,14.0,0,40
engr1,HTC,MIM,0.4,PGD,0.3,16.1875,14.0,0,40
engr1,HTC,MIM,0.4,PGD,0.4,16.1875,14.0,0,40
engr1,HTC,MIM,0.4,PGD,0.5,16.1875,14.0,0,40
engr1,HTC,MIM,0.4,PGD,0.6,16.1875,14.0,0,40
engr1,HTC,MIM,0.4,PGD,0.7,16.1875,14.0,0,40
engr1,HTC,MIM,0.4,PGD,0.8,16.1875,14.0,0,40
engr1,HTC,MIM,0.4,PGD,0.9,16.1875,14.0,0,40
engr1,HTC,MIM,0.4,PGD,1.0,16.1875,14.0,0,40
engr1,LG,MIM,0.4,PGD,0.1,16.1875,14.0,0,40
engr1,LG,MIM,0.4,PGD,0.2,16.1875,14.0,0,40
engr1,LG,MIM,0.4,PGD,0.3,16.1875,14.0,0,40
engr1,LG,MIM,0.4,PGD,0.4,16.1875,14.0,0,40
engr1,LG,MIM,0.4,PGD,0.5,16.1875,14.0,0,40
engr1,LG,MIM,0.4,PGD,0.6,16.1875,14.0,0,40
engr1,LG,MIM,0.4,PGD,0.7,16.1875,14.0,0,40
engr1,LG,MIM,0.4,PGD,0.8,16.1875,14.0,0,40
engr1,LG,MIM,0.4,PGD,0.9,16.1875,14.0,0,40
engr1,LG,MIM,0.4,PGD,1.0,16.1875,14.0,0,40
engr1,MOTO,MIM,0.4,PGD,0.1,16.1875,14.0,0,40
engr1,MOTO,MIM,0.4,PGD,0.2,16.1875,14.0,0,40
engr1,MOTO,MIM,0.4,PGD,0.3,16.1875,14.0,0,40
engr1,MOTO,MIM,0.4,PGD,0.4,16.1875,14.0,0,40
engr1,MOTO,MIM,0.4,PGD,0.5,16.1875,14.0,0,40
engr1,MOTO,MIM,0.4,PGD,0.6,16.1875,14.0,0,40
engr1,MOTO,MIM,0.4,PGD,0.7,16.1875,14.0,0,40
engr1,MOTO,MIM,0.4,PGD,0.8,16.1875,14.0,0,40
engr1,MOTO,MIM,0.4,PGD,0.9,16.1875,14.0,0,40
engr1,MOTO,MIM,0.4,PGD,1.0,16.1875,14.0,0,40
engr1,OP3,MIM,0.4,PGD,0.1,16.1875,14.0,0,40
engr1,OP3,MIM,0.4,PGD,0.2,16.1875,14.0,0,40
engr1,OP3,MIM,0.4,PGD,0.3,16.1875,14.0,0,40
engr1,OP3,MIM,0.4,PGD,0.4,16.1875,14.0,0,40
engr1,OP3,MIM,0.4,PGD,0.5,16.1875,14.0,0,40
engr1,OP3,MIM,0.4,PGD,0.6,16.1875,14.0,0,40
engr1,OP3,MIM,0.4,PGD,0.7,16.1875,14.0,0,40
engr1,OP3,MIM,0.4,PGD,0.8,16.1875,14.0,0,40
engr1,OP3,MIM,0.4,PGD,0.9,16.1875,14.0,0,40
engr1,OP3,MIM,0.4,PGD,1.0,16.1875,14.0,0,40
engr1,S7,MIM,0.4,PGD,0.1,16.1875,14.0,0,40
engr1,S7,MIM,0.4,PGD,0.2,16.1875,14.0,0,40
engr1,S7,MIM,0.4,PGD,0.3,16.1875,14.0,0,40
engr1,S7,MIM,0.4,PGD,0.4,16.1875,14.0,0,40
engr1,S7,MIM,0.4,PGD,0.5,16.1875,14.0,0,40
engr1,S7,MIM,0.4,PGD,0.6,16.1875,14.0,0,40
engr1,S7,MIM,0.4,PGD,0.7,16.1875,14.0,0,40
engr1,S7,MIM,0.4,PGD,0.8,16.1875,14.0,0,40
engr1,S7,MIM,0.4,PGD,0.9,16.1875,14.0,0,40
engr1,S7,MIM,0.4,PGD,1.0,16.1875,14.0,0,40
engr1,BLU,MIM,0.5,PGD,0.1,16.1875,14.0,0,40
engr1,BLU,MIM,0.5,PGD,0.2,16.1875,14.0,0,40
engr1,BLU,MIM,0.5,PGD,0.3,16.1875,14.0,0,40
engr1,BLU,MIM,0.5,PGD,0.4,16.1875,14.0,0,40
engr1,BLU,MIM,0.5,PGD,0.5,16.1875,14.0,0,40
engr1,BLU,MIM,0.5,PGD,0.6,16.1875,14.0,0,40
engr1,BLU,MIM,0.5,PGD,0.7,16.1875,14.0,0,40
engr1,BLU,MIM,0.5,PGD,0.8,16.1875,14.0,0,40
engr1,BLU,MIM,0.5,PGD,0.9,16.1875,14.0,0,40
engr1,BLU,MIM,0.5,PGD,1.0,16.1875,14.0,0,40
engr1,HTC,MIM,0.5,PGD,0.1,16.1875,14.0,0,40
engr1,HTC,MIM,0.5,PGD,0.2,16.1875,14.0,0,40
engr1,HTC,MIM,0.5,PGD,0.3,16.1875,14.0,0,40
engr1,HTC,MIM,0.5,PGD,0.4,16.1875,14.0,0,40
engr1,HTC,MIM,0.5,PGD,0.5,16.1875,14.0,0,40
engr1,HTC,MIM,0.5,PGD,0.6,16.1875,14.0,0,40
engr1,HTC,MIM,0.5,PGD,0.7,16.1875,14.0,0,40
engr1,HTC,MIM,0.5,PGD,0.8,16.1875,14.0,0,40
engr1,HTC,MIM,0.5,PGD,0.9,16.1875,14.0,0,40
engr1,HTC,MIM,0.5,PGD,1.0,16.1875,14.0,0,40
engr1,LG,MIM,0.5,PGD,0.1,16.1875,14.0,0,40
engr1,LG,MIM,0.5,PGD,0.2,16.1875,14.0,0,40
engr1,LG,MIM,0.5,PGD,0.3,16.1875,14.0,0,40
engr1,LG,MIM,0.5,PGD,0.4,16.1875,14.0,0,40
engr1,LG,MIM,0.5,PGD,0.5,16.1875,14.0,0,40
engr1,LG,MIM,0.5,PGD,0.6,16.1875,14.0,0,40
engr1,LG,MIM,0.5,PGD,0.7,16.1875,14.0,0,40
engr1,LG,MIM,0.5,PGD,0.8,16.1875,14.0,0,40
engr1,LG,MIM,0.5,PGD,0.9,16.1875,14.0,0,40
engr1,LG,MIM,0.5,PGD,1.0,16.1875,14.0,0,40
engr1,MOTO,MIM,0.5,PGD,0.1,16.1875,14.0,0,40
engr1,MOTO,MIM,0.5,PGD,0.2,16.1875,14.0,0,40
engr1,MOTO,MIM,0.5,PGD,0.3,16.1875,14.0,0,40
engr1,MOTO,MIM,0.5,PGD,0.4,16.1875,14.0,0,40
engr1,MOTO,MIM,0.5,PGD,0.5,16.1875,14.0,0,40
engr1,MOTO,MIM,0.5,PGD,0.6,16.1875,14.0,0,40
engr1,MOTO,MIM,0.5,PGD,0.7,16.1875,14.0,0,40
engr1,MOTO,MIM,0.5,PGD,0.8,16.1875,14.0,0,40
engr1,MOTO,MIM,0.5,PGD,0.9,16.1875,14.0,0,40
engr1,MOTO,MIM,0.5,PGD,1.0,16.1875,14.0,0,40
engr1,OP3,MIM,0.5,PGD,0.1,16.1875,14.0,0,40
engr1,OP3,MIM,0.5,PGD,0.2,16.1875,14.0,0,40
engr1,OP3,MIM,0.5,PGD,0.3,16.1875,14.0,0,40
engr1,OP3,MIM,0.5,PGD,0.4,16.1875,14.0,0,40
engr1,OP3,MIM,0.5,PGD,0.5,16.1875,14.0,0,40
engr1,OP3,MIM,0.5,PGD,0.6,16.1875,14.0,0,40
engr1,OP3,MIM,0.5,PGD,0.7,16.1875,14.0,0,40
engr1,OP3,MIM,0.5,PGD,0.8,16.1875,14.0,0,40
engr1,OP3,MIM,0.5,PGD,0.9,16.1875,14.0,0,40
engr1,OP3,MIM,0.5,PGD,1.0,16.1875,14.0,0,40
engr1,S7,MIM,0.5,PGD,0.1,16.1875,14.0,0,40
engr1,S7,MIM,0.5,PGD,0.2,16.1875,14.0,0,40
engr1,S7,MIM,0.5,PGD,0.3,16.1875,14.0,0,40
engr1,S7,MIM,0.5,PGD,0.4,16.1875,14.0,0,40
engr1,S7,MIM,0.5,PGD,0.5,16.1875,14.0,0,40
engr1,S7,MIM,0.5,PGD,0.6,16.1875,14.0,0,40
engr1,S7,MIM,0.5,PGD,0.7,16.1875,14.0,0,40
engr1,S7,MIM,0.5,PGD,0.8,16.1875,14.0,0,40
engr1,S7,MIM,0.5,PGD,0.9,16.1875,14.0,0,40
engr1,S7,MIM,0.5,PGD,1.0,16.1875,14.0,0,40
engr1,BLU,MIM,0.6,PGD,0.1,16.1875,14.0,0,40
engr1,BLU,MIM,0.6,PGD,0.2,16.1875,14.0,0,40
engr1,BLU,MIM,0.6,PGD,0.3,16.1875,14.0,0,40
engr1,BLU,MIM,0.6,PGD,0.4,16.1875,14.0,0,40
engr1,BLU,MIM,0.6,PGD,0.5,16.1875,14.0,0,40
engr1,BLU,MIM,0.6,PGD,0.6,16.1875,14.0,0,40
engr1,BLU,MIM,0.6,PGD,0.7,16.1875,14.0,0,40
engr1,BLU,MIM,0.6,PGD,0.8,16.1875,14.0,0,40
engr1,BLU,MIM,0.6,PGD,0.9,16.1875,14.0,0,40
engr1,BLU,MIM,0.6,PGD,1.0,16.1875,14.0,0,40
engr1,HTC,MIM,0.6,PGD,0.1,16.1875,14.0,0,40
engr1,HTC,MIM,0.6,PGD,0.2,16.1875,14.0,0,40
engr1,HTC,MIM,0.6,PGD,0.3,16.1875,14.0,0,40
engr1,HTC,MIM,0.6,PGD,0.4,16.1875,14.0,0,40
engr1,HTC,MIM,0.6,PGD,0.5,16.1875,14.0,0,40
engr1,HTC,MIM,0.6,PGD,0.6,16.1875,14.0,0,40
engr1,HTC,MIM,0.6,PGD,0.7,16.1875,14.0,0,40
engr1,HTC,MIM,0.6,PGD,0.8,16.1875,14.0,0,40
engr1,HTC,MIM,0.6,PGD,0.9,16.1875,14.0,0,40
engr1,HTC,MIM,0.6,PGD,1.0,16.1875,14.0,0,40
engr1,LG,MIM,0.6,PGD,0.1,16.1875,14.0,0,40
engr1,LG,MIM,0.6,PGD,0.2,16.1875,14.0,0,40
engr1,LG,MIM,0.6,PGD,0.3,16.1875,14.0,0,40
engr1,LG,MIM,0.6,PGD,0.4,16.1875,14.0,0,40
engr1,LG,MIM,0.6,PGD,0.5,16.1875,14.0,0,40
engr1,LG,MIM,0.6,PGD,0.6,16.1875,14.0,0,40
engr1,LG,MIM,0.6,PGD,0.7,16.1875,14.0,0,40
engr1,LG,MIM,0.6,PGD,0.8,16.1875,14.0,0,40
engr1,LG,MIM,0.6,PGD,0.9,16.1875,14.0,0,40
engr1,LG,MIM,0.6,PGD,1.0,16.1875,14.0,0,40
engr1,MOTO,MIM,0.6,PGD,0.1,16.1875,14.0,0,40
engr1,MOTO,MIM,0.6,PGD,0.2,16.1875,14.0,0,40
engr1,MOTO,MIM,0.6,PGD,0.3,16.1875,14.0,0,40
engr1,MOTO,MIM,0.6,PGD,0.4,16.1875,14.0,0,40
engr1,MOTO,MIM,0.6,PGD,0.5,16.1875,14.0,0,40
engr1,MOTO,MIM,0.6,PGD,0.6,16.1875,14.0,0,40
engr1,MOTO,MIM,0.6,PGD,0.7,16.1875,14.0,0,40
engr1,MOTO,MIM,0.6,PGD,0.8,16.1875,14.0,0,40
engr1,MOTO,MIM,0.6,PGD,0.9,16.1875,14.0,0,40
engr1,MOTO,MIM,0.6,PGD,1.0,16.1875,14.0,0,40
engr1,OP3,MIM,0.6,PGD,0.1,16.1875,14.0,0,40
engr1,OP3,MIM,0.6,PGD,0.2,16.1875,14.0,0,40
engr1,OP3,MIM,0.6,PGD,0.3,16.1875,14.0,0,40
engr1,OP3,MIM,0.6,PGD,0.4,16.1875,14.0,0,40
engr1,OP3,MIM,0.6,PGD,0.5,16.1875,14.0,0,40
engr1,OP3,MIM,0.6,PGD,0.6,16.1875,14.0,0,40
engr1,OP3,MIM,0.6,PGD,0.7,16.1875,14.0,0,40
engr1,OP3,MIM,0.6,PGD,0.8,16.1875,14.0,0,40
engr1,OP3,MIM,0.6,PGD,0.9,16.1875,14.0,0,40
engr1,OP3,MIM,0.6,PGD,1.0,16.1875,14.0,0,40
engr1,S7,MIM,0.6,PGD,0.1,16.1875,14.0,0,40
engr1,S7,MIM,0.6,PGD,0.2,16.1875,14.0,0,40
engr1,S7,MIM,0.6,PGD,0.3,16.1875,14.0,0,40
engr1,S7,MIM,0.6,PGD,0.4,16.1875,14.0,0,40
engr1,S7,MIM,0.6,PGD,0.5,16.1875,14.0,0,40
engr1,S7,MIM,0.6,PGD,0.6,16.1875,14.0,0,40
engr1,S7,MIM,0.6,PGD,0.7,16.1875,14.0,0,40
engr1,S7,MIM,0.6,PGD,0.8,16.1875,14.0,0,40
engr1,S7,MIM,0.6,PGD,0.9,16.1875,14.0,0,40
engr1,S7,MIM,0.6,PGD,1.0,16.1875,14.0,0,40
engr1,BLU,MIM,0.7,PGD,0.1,16.1875,14.0,0,40
engr1,BLU,MIM,0.7,PGD,0.2,16.1875,14.0,0,40
engr1,BLU,MIM,0.7,PGD,0.3,16.1875,14.0,0,40
engr1,BLU,MIM,0.7,PGD,0.4,16.1875,14.0,0,40
engr1,BLU,MIM,0.7,PGD,0.5,16.1875,14.0,0,40
engr1,BLU,MIM,0.7,PGD,0.6,16.1875,14.0,0,40
engr1,BLU,MIM,0.7,PGD,0.7,16.1875,14.0,0,40
engr1,BLU,MIM,0.7,PGD,0.8,16.1875,14.0,0,40
engr1,BLU,MIM,0.7,PGD,0.9,16.1875,14.0,0,40
engr1,BLU,MIM,0.7,PGD,1.0,16.1875,14.0,0,40
engr1,HTC,MIM,0.7,PGD,0.1,16.1875,14.0,0,40
engr1,HTC,MIM,0.7,PGD,0.2,16.1875,14.0,0,40
engr1,HTC,MIM,0.7,PGD,0.3,16.1875,14.0,0,40
engr1,HTC,MIM,0.7,PGD,0.4,16.1875,14.0,0,40
engr1,HTC,MIM,0.7,PGD,0.5,16.1875,14.0,0,40
engr1,HTC,MIM,0.7,PGD,0.6,16.1875,14.0,0,40
engr1,HTC,MIM,0.7,PGD,0.7,16.1875,14.0,0,40
engr1,HTC,MIM,0.7,PGD,0.8,16.1875,14.0,0,40
engr1,HTC,MIM,0.7,PGD,0.9,16.1875,14.0,0,40
engr1,HTC,MIM,0.7,PGD,1.0,16.1875,14.0,0,40
engr1,LG,MIM,0.7,PGD,0.1,16.1875,14.0,0,40
engr1,LG,MIM,0.7,PGD,0.2,16.1875,14.0,0,40
engr1,LG,MIM,0.7,PGD,0.3,16.1875,14.0,0,40
engr1,LG,MIM,0.7,PGD,0.4,16.1875,14.0,0,40
engr1,LG,MIM,0.7,PGD,0.5,16.1875,14.0,0,40
engr1,LG,MIM,0.7,PGD,0.6,16.1875,14.0,0,40
engr1,LG,MIM,0.7,PGD,0.7,16.1875,14.0,0,40
engr1,LG,MIM,0.7,PGD,0.8,16.1875,14.0,0,40
engr1,LG,MIM,0.7,PGD,0.9,16.1875,14.0,0,40
engr1,LG,MIM,0.7,PGD,1.0,16.1875,14.0,0,40
engr1,MOTO,MIM,0.7,PGD,0.1,16.1875,14.0,0,40
engr1,MOTO,MIM,0.7,PGD,0.2,16.1875,14.0,0,40
engr1,MOTO,MIM,0.7,PGD,0.3,16.1875,14.0,0,40
engr1,MOTO,MIM,0.7,PGD,0.4,16.1875,14.0,0,40
engr1,MOTO,MIM,0.7,PGD,0.5,16.1875,14.0,0,40
engr1,MOTO,MIM,0.7,PGD,0.6,16.1875,14.0,0,40
engr1,MOTO,MIM,0.7,PGD,0.7,16.1875,14.0,0,40
engr1,MOTO,MIM,0.7,PGD,0.8,16.1875,14.0,0,40
engr1,MOTO,MIM,0.7,PGD,0.9,16.1875,14.0,0,40
engr1,MOTO,MIM,0.7,PGD,1.0,16.1875,14.0,0,40
engr1,OP3,MIM,0.7,PGD,0.1,16.1875,14.0,0,40
engr1,OP3,MIM,0.7,PGD,0.2,16.1875,14.0,0,40
engr1,OP3,MIM,0.7,PGD,0.3,16.1875,14.0,0,40
engr1,OP3,MIM,0.7,PGD,0.4,16.1875,14.0,0,40
engr1,OP3,MIM,0.7,PGD,0.5,16.1875,14.0,0,40
engr1,OP3,MIM,0.7,PGD,0.6,16.1875,14.0,0,40
engr1,OP3,MIM,0.7,PGD,0.7,16.1875,14.0,0,40
engr1,OP3,MIM,0.7,PGD,0.8,16.1875,14.0,0,40
engr1,OP3,MIM,0.7,PGD,0.9,16.1875,14.0,0,40
engr1,OP3,MIM,0.7,PGD,1.0,16.1875,14.0,0,40
engr1,S7,MIM,0.7,PGD,0.1,16.1875,14.0,0,40
engr1,S7,MIM,0.7,PGD,0.2,16.1875,14.0,0,40
engr1,S7,MIM,0.7,PGD,0.3,16.1875,14.0,0,40
engr1,S7,MIM,0.7,PGD,0.4,16.1875,14.0,0,40
engr1,S7,MIM,0.7,PGD,0.5,16.1875,14.0,0,40
engr1,S7,MIM,0.7,PGD,0.6,16.1875,14.0,0,40
engr1,S7,MIM,0.7,PGD,0.7,16.1875,14.0,0,40
engr1,S7,MIM,0.7,PGD,0.8,16.1875,14.0,0,40
engr1,S7,MIM,0.7,PGD,0.9,16.1875,14.0,0,40
engr1,S7,MIM,0.7,PGD,1.0,16.1875,14.0,0,40
engr1,BLU,MIM,0.8,PGD,0.1,16.1875,14.0,0,40
engr1,BLU,MIM,0.8,PGD,0.2,16.1875,14.0,0,40
engr1,BLU,MIM,0.8,PGD,0.3,16.1875,14.0,0,40
engr1,BLU,MIM,0.8,PGD,0.4,16.1875,14.0,0,40
engr1,BLU,MIM,0.8,PGD,0.5,16.1875,14.0,0,40
engr1,BLU,MIM,0.8,PGD,0.6,16.1875,14.0,0,40
engr1,BLU,MIM,0.8,PGD,0.7,16.1875,14.0,0,40
engr1,BLU,MIM,0.8,PGD,0.8,16.1875,14.0,0,40
engr1,BLU,MIM,0.8,PGD,0.9,16.1875,14.0,0,40
engr1,BLU,MIM,0.8,PGD,1.0,16.1875,14.0,0,40
engr1,HTC,MIM,0.8,PGD,0.1,16.1875,14.0,0,40
engr1,HTC,MIM,0.8,PGD,0.2,16.1875,14.0,0,40
engr1,HTC,MIM,0.8,PGD,0.3,16.1875,14.0,0,40
engr1,HTC,MIM,0.8,PGD,0.4,16.1875,14.0,0,40
engr1,HTC,MIM,0.8,PGD,0.5,16.1875,14.0,0,40
engr1,HTC,MIM,0.8,PGD,0.6,16.1875,14.0,0,40
engr1,HTC,MIM,0.8,PGD,0.7,16.1875,14.0,0,40
engr1,HTC,MIM,0.8,PGD,0.8,16.1875,14.0,0,40
engr1,HTC,MIM,0.8,PGD,0.9,16.1875,14.0,0,40
engr1,HTC,MIM,0.8,PGD,1.0,16.1875,14.0,0,40
engr1,LG,MIM,0.8,PGD,0.1,16.1875,14.0,0,40
engr1,LG,MIM,0.8,PGD,0.2,16.1875,14.0,0,40
engr1,LG,MIM,0.8,PGD,0.3,16.1875,14.0,0,40
engr1,LG,MIM,0.8,PGD,0.4,16.1875,14.0,0,40
engr1,LG,MIM,0.8,PGD,0.5,16.1875,14.0,0,40
engr1,LG,MIM,0.8,PGD,0.6,16.1875,14.0,0,40
engr1,LG,MIM,0.8,PGD,0.7,16.1875,14.0,0,40
engr1,LG,MIM,0.8,PGD,0.8,16.1875,14.0,0,40
engr1,LG,MIM,0.8,PGD,0.9,16.1875,14.0,0,40
engr1,LG,MIM,0.8,PGD,1.0,16.1875,14.0,0,40
engr1,MOTO,MIM,0.8,PGD,0.1,16.1875,14.0,0,40
engr1,MOTO,MIM,0.8,PGD,0.2,16.1875,14.0,0,40
engr1,MOTO,MIM,0.8,PGD,0.3,16.1875,14.0,0,40
engr1,MOTO,MIM,0.8,PGD,0.4,16.1875,14.0,0,40
engr1,MOTO,MIM,0.8,PGD,0.5,16.1875,14.0,0,40
engr1,MOTO,MIM,0.8,PGD,0.6,16.1875,14.0,0,40
engr1,MOTO,MIM,0.8,PGD,0.7,16.1875,14.0,0,40
engr1,MOTO,MIM,0.8,PGD,0.8,16.1875,14.0,0,40
engr1,MOTO,MIM,0.8,PGD,0.9,16.1875,14.0,0,40
engr1,MOTO,MIM,0.8,PGD,1.0,16.1875,14.0,0,40
engr1,OP3,MIM,0.8,PGD,0.1,16.1875,14.0,0,40
engr1,OP3,MIM,0.8,PGD,0.2,16.1875,14.0,0,40
engr1,OP3,MIM,0.8,PGD,0.3,16.1875,14.0,0,40
engr1,OP3,MIM,0.8,PGD,0.4,16.1875,14.0,0,40
engr1,OP3,MIM,0.8,PGD,0.5,16.1875,14.0,0,40
engr1,OP3,MIM,0.8,PGD,0.6,16.1875,14.0,0,40
engr1,OP3,MIM,0.8,PGD,0.7,16.1875,14.0,0,40
engr1,OP3,MIM,0.8,PGD,0.8,16.1875,14.0,0,40
engr1,OP3,MIM,0.8,PGD,0.9,16.1875,14.0,0,40
engr1,OP3,MIM,0.8,PGD,1.0,16.1875,14.0,0,40
engr1,S7,MIM,0.8,PGD,0.1,16.1875,14.0,0,40
engr1,S7,MIM,0.8,PGD,0.2,16.1875,14.0,0,40
engr1,S7,MIM,0.8,PGD,0.3,16.1875,14.0,0,40
engr1,S7,MIM,0.8,PGD,0.4,16.1875,14.0,0,40
engr1,S7,MIM,0.8,PGD,0.5,16.1875,14.0,0,40
engr1,S7,MIM,0.8,PGD,0.6,16.1875,14.0,0,40
engr1,S7,MIM,0.8,PGD,0.7,16.1875,14.0,0,40
engr1,S7,MIM,0.8,PGD,0.8,16.1875,14.0,0,40
engr1,S7,MIM,0.8,PGD,0.9,16.1875,14.0,0,40
engr1,S7,MIM,0.8,PGD,1.0,16.1875,14.0,0,40
engr1,BLU,MIM,0.9,PGD,0.1,16.1875,14.0,0,40
engr1,BLU,MIM,0.9,PGD,0.2,16.1875,14.0,0,40
engr1,BLU,MIM,0.9,PGD,0.3,16.1875,14.0,0,40
engr1,BLU,MIM,0.9,PGD,0.4,16.1875,14.0,0,40
engr1,BLU,MIM,0.9,PGD,0.5,16.1875,14.0,0,40
engr1,BLU,MIM,0.9,PGD,0.6,16.1875,14.0,0,40
engr1,BLU,MIM,0.9,PGD,0.7,16.1875,14.0,0,40
engr1,BLU,MIM,0.9,PGD,0.8,16.1875,14.0,0,40
engr1,BLU,MIM,0.9,PGD,0.9,16.1875,14.0,0,40
engr1,BLU,MIM,0.9,PGD,1.0,16.1875,14.0,0,40
engr1,HTC,MIM,0.9,PGD,0.1,16.1875,14.0,0,40
engr1,HTC,MIM,0.9,PGD,0.2,16.1875,14.0,0,40
engr1,HTC,MIM,0.9,PGD,0.3,16.1875,14.0,0,40
engr1,HTC,MIM,0.9,PGD,0.4,16.1875,14.0,0,40
engr1,HTC,MIM,0.9,PGD,0.5,16.1875,14.0,0,40
engr1,HTC,MIM,0.9,PGD,0.6,16.1875,14.0,0,40
engr1,HTC,MIM,0.9,PGD,0.7,16.1875,14.0,0,40
engr1,HTC,MIM,0.9,PGD,0.8,16.1875,14.0,0,40
engr1,HTC,MIM,0.9,PGD,0.9,16.1875,14.0,0,40
engr1,HTC,MIM,0.9,PGD,1.0,16.1875,14.0,0,40
engr1,LG,MIM,0.9,PGD,0.1,16.1875,14.0,0,40
engr1,LG,MIM,0.9,PGD,0.2,16.1875,14.0,0,40
engr1,LG,MIM,0.9,PGD,0.3,16.1875,14.0,0,40
engr1,LG,MIM,0.9,PGD,0.4,16.1875,14.0,0,40
engr1,LG,MIM,0.9,PGD,0.5,16.1875,14.0,0,40
engr1,LG,MIM,0.9,PGD,0.6,16.1875,14.0,0,40
engr1,LG,MIM,0.9,PGD,0.7,16.1875,14.0,0,40
engr1,LG,MIM,0.9,PGD,0.8,16.1875,14.0,0,40
engr1,LG,MIM,0.9,PGD,0.9,16.1875,14.0,0,40
engr1,LG,MIM,0.9,PGD,1.0,16.1875,14.0,0,40
engr1,MOTO,MIM,0.9,PGD,0.1,16.1875,14.0,0,40
engr1,MOTO,MIM,0.9,PGD,0.2,16.1875,14.0,0,40
engr1,MOTO,MIM,0.9,PGD,0.3,16.1875,14.0,0,40
engr1,MOTO,MIM,0.9,PGD,0.4,16.1875,14.0,0,40
engr1,MOTO,MIM,0.9,PGD,0.5,16.1875,14.0,0,40
engr1,MOTO,MIM,0.9,PGD,0.6,16.1875,14.0,0,40
engr1,MOTO,MIM,0.9,PGD,0.7,16.1875,14.0,0,40
engr1,MOTO,MIM,0.9,PGD,0.8,16.1875,14.0,0,40
engr1,MOTO,MIM,0.9,PGD,0.9,16.1875,14.0,0,40
engr1,MOTO,MIM,0.9,PGD,1.0,16.1875,14.0,0,40
engr1,OP3,MIM,0.9,PGD,0.1,16.1875,14.0,0,40
engr1,OP3,MIM,0.9,PGD,0.2,16.1875,14.0,0,40
engr1,OP3,MIM,0.9,PGD,0.3,16.1875,14.0,0,40
engr1,OP3,MIM,0.9,PGD,0.4,16.1875,14.0,0,40
engr1,OP3,MIM,0.9,PGD,0.5,16.1875,14.0,0,40
engr1,OP3,MIM,0.9,PGD,0.6,16.1875,14.0,0,40
engr1,OP3,MIM,0.9,PGD,0.7,16.1875,14.0,0,40
engr1,OP3,MIM,0.9,PGD,0.8,16.1875,14.0,0,40
engr1,OP3,MIM,0.9,PGD,0.9,16.1875,14.0,0,40
engr1,OP3,MIM,0.9,PGD,1.0,16.1875,14.0,0,40
engr1,S7,MIM,0.9,PGD,0.1,16.1875,14.0,0,40
engr1,S7,MIM,0.9,PGD,0.2,16.1875,14.0,0,40
engr1,S7,MIM,0.9,PGD,0.3,16.1875,14.0,0,40
engr1,S7,MIM,0.9,PGD,0.4,16.1875,14.0,0,40
engr1,S7,MIM,0.9,PGD,0.5,16.1875,14.0,0,40
engr1,S7,MIM,0.9,PGD,0.6,16.1875,14.0,0,40
engr1,S7,MIM,0.9,PGD,0.7,16.1875,14.0,0,40
engr1,S7,MIM,0.9,PGD,0.8,16.1875,14.0,0,40
engr1,S7,MIM,0.9,PGD,0.9,16.1875,14.0,0,40
engr1,S7,MIM,0.9,PGD,1.0,16.1875,14.0,0,40
engr1,BLU,MIM,1.0,PGD,0.1,16.1875,14.0,0,40
engr1,BLU,MIM,1.0,PGD,0.2,16.1875,14.0,0,40
engr1,BLU,MIM,1.0,PGD,0.3,16.1875,14.0,0,40
engr1,BLU,MIM,1.0,PGD,0.4,16.1875,14.0,0,40
engr1,BLU,MIM,1.0,PGD,0.5,16.1875,14.0,0,40
engr1,BLU,MIM,1.0,PGD,0.6,16.1875,14.0,0,40
engr1,BLU,MIM,1.0,PGD,0.7,16.1875,14.0,0,40
engr1,BLU,MIM,1.0,PGD,0.8,16.1875,14.0,0,40
engr1,BLU,MIM,1.0,PGD,0.9,16.1875,14.0,0,40
engr1,BLU,MIM,1.0,PGD,1.0,16.1875,14.0,0,40
engr1,HTC,MIM,1.0,PGD,0.1,16.1875,14.0,0,40
engr1,HTC,MIM,1.0,PGD,0.2,16.1875,14.0,0,40
engr1,HTC,MIM,1.0,PGD,0.3,16.1875,14.0,0,40
engr1,HTC,MIM,1.0,PGD,0.4,16.1875,14.0,0,40
engr1,HTC,MIM,1.0,PGD,0.5,16.1875,14.0,0,40
engr1,HTC,MIM,1.0,PGD,0.6,16.1875,14.0,0,40
engr1,HTC,MIM,1.0,PGD,0.7,16.1875,14.0,0,40
engr1,HTC,MIM,1.0,PGD,0.8,16.1875,14.0,0,40
engr1,HTC,MIM,1.0,PGD,0.9,16.1875,14.0,0,40
engr1,HTC,MIM,1.0,PGD,1.0,16.1875,14.0,0,40
engr1,LG,MIM,1.0,PGD,0.1,16.1875,14.0,0,40
engr1,LG,MIM,1.0,PGD,0.2,16.1875,14.0,0,40
engr1,LG,MIM,1.0,PGD,0.3,16.1875,14.0,0,40
engr1,LG,MIM,1.0,PGD,0.4,16.1875,14.0,0,40
engr1,LG,MIM,1.0,PGD,0.5,16.1875,14.0,0,40
engr1,LG,MIM,1.0,PGD,0.6,16.1875,14.0,0,40
engr1,LG,MIM,1.0,PGD,0.7,16.1875,14.0,0,40
engr1,LG,MIM,1.0,PGD,0.8,16.1875,14.0,0,40
engr1,LG,MIM,1.0,PGD,0.9,16.1875,14.0,0,40
engr1,LG,MIM,1.0,PGD,1.0,16.1875,14.0,0,40
engr1,MOTO,MIM,1.0,PGD,0.1,16.1875,14.0,0,40
engr1,MOTO,MIM,1.0,PGD,0.2,16.1875,14.0,0,40
engr1,MOTO,MIM,1.0,PGD,0.3,16.1875,14.0,0,40
engr1,MOTO,MIM,1.0,PGD,0.4,16.1875,14.0,0,40
engr1,MOTO,MIM,1.0,PGD,0.5,16.1875,14.0,0,40
engr1,MOTO,MIM,1.0,PGD,0.6,16.1875,14.0,0,40
engr1,MOTO,MIM,1.0,PGD,0.7,16.1875,14.0,0,40
engr1,MOTO,MIM,1.0,PGD,0.8,16.1875,14.0,0,40
engr1,MOTO,MIM,1.0,PGD,0.9,16.1875,14.0,0,40
engr1,MOTO,MIM,1.0,PGD,1.0,16.1875,14.0,0,40
engr1,OP3,MIM,1.0,PGD,0.1,16.1875,14.0,0,40
engr1,OP3,MIM,1.0,PGD,0.2,16.1875,14.0,0,40
engr1,OP3,MIM,1.0,PGD,0.3,16.1875,14.0,0,40
engr1,OP3,MIM,1.0,PGD,0.4,16.1875,14.0,0,40
engr1,OP3,MIM,1.0,PGD,0.5,16.1875,14.0,0,40
engr1,OP3,MIM,1.0,PGD,0.6,16.1875,14.0,0,40
engr1,OP3,MIM,1.0,PGD,0.7,16.1875,14.0,0,40
engr1,OP3,MIM,1.0,PGD,0.8,16.1875,14.0,0,40
engr1,OP3,MIM,1.0,PGD,0.9,16.1875,14.0,0,40
engr1,OP3,MIM,1.0,PGD,1.0,16.1875,14.0,0,40
engr1,S7,MIM,1.0,PGD,0.1,16.1875,14.0,0,40
engr1,S7,MIM,1.0,PGD,0.2,16.1875,14.0,0,40
engr1,S7,MIM,1.0,PGD,0.3,16.1875,14.0,0,40
engr1,S7,MIM,1.0,PGD,0.4,16.1875,14.0,0,40
engr1,S7,MIM,1.0,PGD,0.5,16.1875,14.0,0,40
engr1,S7,MIM,1.0,PGD,0.6,16.1875,14.0,0,40
engr1,S7,MIM,1.0,PGD,0.7,16.1875,14.0,0,40
engr1,S7,MIM,1.0,PGD,0.8,16.1875,14.0,0,40
engr1,S7,MIM,1.0,PGD,0.9,16.1875,14.0,0,40
engr1,S7,MIM,1.0,PGD,1.0,16.1875,14.0,0,40
engr1,BLU,BIM,0.1,PGD,0.1,16.1875,14.0,0,40
engr1,BLU,BIM,0.1,PGD,0.2,16.1875,14.0,0,40
engr1,BLU,BIM,0.1,PGD,0.3,16.1875,14.0,0,40
engr1,BLU,BIM,0.1,PGD,0.4,16.1875,14.0,0,40
engr1,BLU,BIM,0.1,PGD,0.5,16.1875,14.0,0,40
engr1,BLU,BIM,0.1,PGD,0.6,16.1875,14.0,0,40
engr1,BLU,BIM,0.1,PGD,0.7,16.1875,14.0,0,40
engr1,BLU,BIM,0.1,PGD,0.8,16.1875,14.0,0,40
engr1,BLU,BIM,0.1,PGD,0.9,16.1875,14.0,0,40
engr1,BLU,BIM,0.1,PGD,1.0,16.1875,14.0,0,40
engr1,HTC,BIM,0.1,PGD,0.1,16.1875,14.0,0,40
engr1,HTC,BIM,0.1,PGD,0.2,16.1875,14.0,0,40
engr1,HTC,BIM,0.1,PGD,0.3,16.1875,14.0,0,40
engr1,HTC,BIM,0.1,PGD,0.4,16.1875,14.0,0,40
engr1,HTC,BIM,0.1,PGD,0.5,16.1875,14.0,0,40
engr1,HTC,BIM,0.1,PGD,0.6,16.1875,14.0,0,40
engr1,HTC,BIM,0.1,PGD,0.7,16.1875,14.0,0,40
engr1,HTC,BIM,0.1,PGD,0.8,16.1875,14.0,0,40
engr1,HTC,BIM,0.1,PGD,0.9,16.1875,14.0,0,40
engr1,HTC,BIM,0.1,PGD,1.0,16.1875,14.0,0,40
engr1,LG,BIM,0.1,PGD,0.1,16.1875,14.0,0,40
engr1,LG,BIM,0.1,PGD,0.2,16.1875,14.0,0,40
engr1,LG,BIM,0.1,PGD,0.3,16.1875,14.0,0,40
engr1,LG,BIM,0.1,PGD,0.4,16.1875,14.0,0,40
engr1,LG,BIM,0.1,PGD,0.5,16.1875,14.0,0,40
engr1,LG,BIM,0.1,PGD,0.6,16.1875,14.0,0,40
engr1,LG,BIM,0.1,PGD,0.7,16.1875,14.0,0,40
engr1,LG,BIM,0.1,PGD,0.8,16.1875,14.0,0,40
engr1,LG,BIM,0.1,PGD,0.9,16.1875,14.0,0,40
engr1,LG,BIM,0.1,PGD,1.0,16.1875,14.0,0,40
engr1,MOTO,BIM,0.1,PGD,0.1,16.1875,14.0,0,40
engr1,MOTO,BIM,0.1,PGD,0.2,16.1875,14.0,0,40
engr1,MOTO,BIM,0.1,PGD,0.3,16.1875,14.0,0,40
engr1,MOTO,BIM,0.1,PGD,0.4,16.1875,14.0,0,40
engr1,MOTO,BIM,0.1,PGD,0.5,16.1875,14.0,0,40
engr1,MOTO,BIM,0.1,PGD,0.6,16.1875,14.0,0,40
engr1,MOTO,BIM,0.1,PGD,0.7,16.1875,14.0,0,40
engr1,MOTO,BIM,0.1,PGD,0.8,16.1875,14.0,0,40
engr1,MOTO,BIM,0.1,PGD,0.9,16.1875,14.0,0,40
engr1,MOTO,BIM,0.1,PGD,1.0,16.1875,14.0,0,40
engr1,OP3,BIM,0.1,PGD,0.1,16.1875,14.0,0,40
engr1,OP3,BIM,0.1,PGD,0.2,16.1875,14.0,0,40
engr1,OP3,BIM,0.1,PGD,0.3,16.1875,14.0,0,40
engr1,OP3,BIM,0.1,PGD,0.4,16.1875,14.0,0,40
engr1,OP3,BIM,0.1,PGD,0.5,16.1875,14.0,0,40
engr1,OP3,BIM,0.1,PGD,0.6,16.1875,14.0,0,40
engr1,OP3,BIM,0.1,PGD,0.7,16.1875,14.0,0,40
engr1,OP3,BIM,0.1,PGD,0.8,16.1875,14.0,0,40
engr1,OP3,BIM,0.1,PGD,0.9,16.1875,14.0,0,40
engr1,OP3,BIM,0.1,PGD,1.0,16.1875,14.0,0,40
engr1,S7,BIM,0.1,PGD,0.1,16.1875,14.0,0,40
engr1,S7,BIM,0.1,PGD,0.2,16.1875,14.0,0,40
engr1,S7,BIM,0.1,PGD,0.3,16.1875,14.0,0,40
engr1,S7,BIM,0.1,PGD,0.4,16.1875,14.0,0,40
engr1,S7,BIM,0.1,PGD,0.5,16.1875,14.0,0,40
engr1,S7,BIM,0.1,PGD,0.6,16.1875,14.0,0,40
engr1,S7,BIM,0.1,PGD,0.7,16.1875,14.0,0,40
engr1,S7,BIM,0.1,PGD,0.8,16.1875,14.0,0,40
engr1,S7,BIM,0.1,PGD,0.9,16.1875,14.0,0,40
engr1,S7,BIM,0.1,PGD,1.0,16.1875,14.0,0,40
engr1,BLU,BIM,0.2,PGD,0.1,16.1875,14.0,0,40
engr1,BLU,BIM,0.2,PGD,0.2,16.1875,14.0,0,40
engr1,BLU,BIM,0.2,PGD,0.3,16.1875,14.0,0,40
engr1,BLU,BIM,0.2,PGD,0.4,16.1875,14.0,0,40
engr1,BLU,BIM,0.2,PGD,0.5,16.1875,14.0,0,40
engr1,BLU,BIM,0.2,PGD,0.6,16.1875,14.0,0,40
engr1,BLU,BIM,0.2,PGD,0.7,16.1875,14.0,0,40
engr1,BLU,BIM,0.2,PGD,0.8,16.1875,14.0,0,40
engr1,BLU,BIM,0.2,PGD,0.9,16.1875,14.0,0,40
engr1,BLU,BIM,0.2,PGD,1.0,16.1875,14.0,0,40
engr1,HTC,BIM,0.2,PGD,0.1,16.1875,14.0,0,40
engr1,HTC,BIM,0.2,PGD,0.2,16.1875,14.0,0,40
engr1,HTC,BIM,0.2,PGD,0.3,16.1875,14.0,0,40
engr1,HTC,BIM,0.2,PGD,0.4,16.1875,14.0,0,40
engr1,HTC,BIM,0.2,PGD,0.5,16.1875,14.0,0,40
engr1,HTC,BIM,0.2,PGD,0.6,16.1875,14.0,0,40
engr1,HTC,BIM,0.2,PGD,0.7,16.1875,14.0,0,40
engr1,HTC,BIM,0.2,PGD,0.8,16.1875,14.0,0,40
engr1,HTC,BIM,0.2,PGD,0.9,16.1875,14.0,0,40
engr1,HTC,BIM,0.2,PGD,1.0,16.1875,14.0,0,40
engr1,LG,BIM,0.2,PGD,0.1,16.1875,14.0,0,40
engr1,LG,BIM,0.2,PGD,0.2,16.1875,14.0,0,40
engr1,LG,BIM,0.2,PGD,0.3,16.1875,14.0,0,40
engr1,LG,BIM,0.2,PGD,0.4,16.1875,14.0,0,40
engr1,LG,BIM,0.2,PGD,0.5,16.1875,14.0,0,40
engr1,LG,BIM,0.2,PGD,0.6,16.1875,14.0,0,40
engr1,LG,BIM,0.2,PGD,0.7,16.1875,14.0,0,40
engr1,LG,BIM,0.2,PGD,0.8,16.1875,14.0,0,40
engr1,LG,BIM,0.2,PGD,0.9,16.1875,14.0,0,40
engr1,LG,BIM,0.2,PGD,1.0,16.1875,14.0,0,40
engr1,MOTO,BIM,0.2,PGD,0.1,16.1875,14.0,0,40
engr1,MOTO,BIM,0.2,PGD,0.2,16.1875,14.0,0,40
engr1,MOTO,BIM,0.2,PGD,0.3,16.1875,14.0,0,40
engr1,MOTO,BIM,0.2,PGD,0.4,16.1875,14.0,0,40
engr1,MOTO,BIM,0.2,PGD,0.5,16.1875,14.0,0,40
engr1,MOTO,BIM,0.2,PGD,0.6,16.1875,14.0,0,40
engr1,MOTO,BIM,0.2,PGD,0.7,16.1875,14.0,0,40
engr1,MOTO,BIM,0.2,PGD,0.8,16.1875,14.0,0,40
engr1,MOTO,BIM,0.2,PGD,0.9,16.1875,14.0,0,40
engr1,MOTO,BIM,0.2,PGD,1.0,16.1875,14.0,0,40
engr1,OP3,BIM,0.2,PGD,0.1,16.1875,14.0,0,40
engr1,OP3,BIM,0.2,PGD,0.2,16.1875,14.0,0,40
engr1,OP3,BIM,0.2,PGD,0.3,16.1875,14.0,0,40
engr1,OP3,BIM,0.2,PGD,0.4,16.1875,14.0,0,40
engr1,OP3,BIM,0.2,PGD,0.5,16.1875,14.0,0,40
engr1,OP3,BIM,0.2,PGD,0.6,16.1875,14.0,0,40
engr1,OP3,BIM,0.2,PGD,0.7,16.1875,14.0,0,40
engr1,OP3,BIM,0.2,PGD,0.8,16.1875,14.0,0,40
engr1,OP3,BIM,0.2,PGD,0.9,16.1875,14.0,0,40
engr1,OP3,BIM,0.2,PGD,1.0,16.1875,14.0,0,40
engr1,S7,BIM,0.2,PGD,0.1,16.1875,14.0,0,40
engr1,S7,BIM,0.2,PGD,0.2,16.1875,14.0,0,40
engr1,S7,BIM,0.2,PGD,0.3,16.1875,14.0,0,40
engr1,S7,BIM,0.2,PGD,0.4,16.1875,14.0,0,40
engr1,S7,BIM,0.2,PGD,0.5,16.1875,14.0,0,40
engr1,S7,BIM,0.2,PGD,0.6,16.1875,14.0,0,40
engr1,S7,BIM,0.2,PGD,0.7,16.1875,14.0,0,40
engr1,S7,BIM,0.2,PGD,0.8,16.1875,14.0,0,40
engr1,S7,BIM,0.2,PGD,0.9,16.1875,14.0,0,40
engr1,S7,BIM,0.2,PGD,1.0,16.1875,14.0,0,40
engr1,BLU,BIM,0.3,PGD,0.1,16.1875,14.0,0,40
engr1,BLU,BIM,0.3,PGD,0.2,16.1875,14.0,0,40
engr1,BLU,BIM,0.3,PGD,0.3,16.1875,14.0,0,40
engr1,BLU,BIM,0.3,PGD,0.4,16.1875,14.0,0,40
engr1,BLU,BIM,0.3,PGD,0.5,16.1875,14.0,0,40
engr1,BLU,BIM,0.3,PGD,0.6,16.1875,14.0,0,40
engr1,BLU,BIM,0.3,PGD,0.7,16.1875,14.0,0,40
engr1,BLU,BIM,0.3,PGD,0.8,16.1875,14.0,0,40
engr1,BLU,BIM,0.3,PGD,0.9,16.1875,14.0,0,40
engr1,BLU,BIM,0.3,PGD,1.0,16.1875,14.0,0,40
engr1,HTC,BIM,0.3,PGD,0.1,16.1875,14.0,0,40
engr1,HTC,BIM,0.3,PGD,0.2,16.1875,14.0,0,40
engr1,HTC,BIM,0.3,PGD,0.3,16.1875,14.0,0,40
engr1,HTC,BIM,0.3,PGD,0.4,16.1875,14.0,0,40
engr1,HTC,BIM,0.3,PGD,0.5,16.1875,14.0,0,40
engr1,HTC,BIM,0.3,PGD,0.6,16.1875,14.0,0,40
engr1,HTC,BIM,0.3,PGD,0.7,16.1875,14.0,0,40
engr1,HTC,BIM,0.3,PGD,0.8,16.1875,14.0,0,40
engr1,HTC,BIM,0.3,PGD,0.9,16.1875,14.0,0,40
engr1,HTC,BIM,0.3,PGD,1.0,16.1875,14.0,0,40
engr1,LG,BIM,0.3,PGD,0.1,16.1875,14.0,0,40
engr1,LG,BIM,0.3,PGD,0.2,16.1875,14.0,0,40
engr1,LG,BIM,0.3,PGD,0.3,16.1875,14.0,0,40
engr1,LG,BIM,0.3,PGD,0.4,16.1875,14.0,0,40
engr1,LG,BIM,0.3,PGD,0.5,16.1875,14.0,0,40
engr1,LG,BIM,0.3,PGD,0.6,16.1875,14.0,0,40
engr1,LG,BIM,0.3,PGD,0.7,16.1875,14.0,0,40
engr1,LG,BIM,0.3,PGD,0.8,16.1875,14.0,0,40
engr1,LG,BIM,0.3,PGD,0.9,16.1875,14.0,0,40
engr1,LG,BIM,0.3,PGD,1.0,16.1875,14.0,0,40
engr1,MOTO,BIM,0.3,PGD,0.1,16.1875,14.0,0,40
engr1,MOTO,BIM,0.3,PGD,0.2,16.1875,14.0,0,40
engr1,MOTO,BIM,0.3,PGD,0.3,16.1875,14.0,0,40
engr1,MOTO,BIM,0.3,PGD,0.4,16.1875,14.0,0,40
engr1,MOTO,BIM,0.3,PGD,0.5,16.1875,14.0,0,40
engr1,MOTO,BIM,0.3,PGD,0.6,16.1875,14.0,0,40
engr1,MOTO,BIM,0.3,PGD,0.7,16.1875,14.0,0,40
engr1,MOTO,BIM,0.3,PGD,0.8,16.1875,14.0,0,40
engr1,MOTO,BIM,0.3,PGD,0.9,16.1875,14.0,0,40
engr1,MOTO,BIM,0.3,PGD,1.0,16.1875,14.0,0,40
engr1,OP3,BIM,0.3,PGD,0.1,16.1875,14.0,0,40
engr1,OP3,BIM,0.3,PGD,0.2,16.1875,14.0,0,40
engr1,OP3,BIM,0.3,PGD,0.3,16.1875,14.0,0,40
engr1,OP3,BIM,0.3,PGD,0.4,16.1875,14.0,0,40
engr1,OP3,BIM,0.3,PGD,0.5,16.1875,14.0,0,40
engr1,OP3,BIM,0.3,PGD,0.6,16.1875,14.0,0,40
engr1,OP3,BIM,0.3,PGD,0.7,16.1875,14.0,0,40
engr1,OP3,BIM,0.3,PGD,0.8,16.1875,14.0,0,40
engr1,OP3,BIM,0.3,PGD,0.9,16.1875,14.0,0,40
engr1,OP3,BIM,0.3,PGD,1.0,16.1875,14.0,0,40
engr1,S7,BIM,0.3,PGD,0.1,16.1875,14.0,0,40
engr1,S7,BIM,0.3,PGD,0.2,16.1875,14.0,0,40
engr1,S7,BIM,0.3,PGD,0.3,16.1875,14.0,0,40
engr1,S7,BIM,0.3,PGD,0.4,16.1875,14.0,0,40
engr1,S7,BIM,0.3,PGD,0.5,16.1875,14.0,0,40
engr1,S7,BIM,0.3,PGD,0.6,16.1875,14.0,0,40
engr1,S7,BIM,0.3,PGD,0.7,16.1875,14.0,0,40
engr1,S7,BIM,0.3,PGD,0.8,16.1875,14.0,0,40
engr1,S7,BIM,0.3,PGD,0.9,16.1875,14.0,0,40
engr1,S7,BIM,0.3,PGD,1.0,16.1875,14.0,0,40
engr1,BLU,BIM,0.4,PGD,0.1,16.1875,14.0,0,40
engr1,BLU,BIM,0.4,PGD,0.2,16.1875,14.0,0,40
engr1,BLU,BIM,0.4,PGD,0.3,16.1875,14.0,0,40
engr1,BLU,BIM,0.4,PGD,0.4,16.1875,14.0,0,40
engr1,BLU,BIM,0.4,PGD,0.5,16.1875,14.0,0,40
engr1,BLU,BIM,0.4,PGD,0.6,16.1875,14.0,0,40
engr1,BLU,BIM,0.4,PGD,0.7,16.1875,14.0,0,40
engr1,BLU,BIM,0.4,PGD,0.8,16.1875,14.0,0,40
engr1,BLU,BIM,0.4,PGD,0.9,16.1875,14.0,0,40
engr1,BLU,BIM,0.4,PGD,1.0,16.1875,14.0,0,40
engr1,HTC,BIM,0.4,PGD,0.1,16.1875,14.0,0,40
engr1,HTC,BIM,0.4,PGD,0.2,16.1875,14.0,0,40
engr1,HTC,BIM,0.4,PGD,0.3,16.1875,14.0,0,40
engr1,HTC,BIM,0.4,PGD,0.4,16.1875,14.0,0,40
engr1,HTC,BIM,0.4,PGD,0.5,16.1875,14.0,0,40
engr1,HTC,BIM,0.4,PGD,0.6,16.1875,14.0,0,40
engr1,HTC,BIM,0.4,PGD,0.7,16.1875,14.0,0,40
engr1,HTC,BIM,0.4,PGD,0.8,16.1875,14.0,0,40
engr1,HTC,BIM,0.4,PGD,0.9,16.1875,14.0,0,40
engr1,HTC,BIM,0.4,PGD,1.0,16.1875,14.0,0,40
engr1,LG,BIM,0.4,PGD,0.1,16.1875,14.0,0,40
engr1,LG,BIM,0.4,PGD,0.2,16.1875,14.0,0,40
engr1,LG,BIM,0.4,PGD,0.3,16.1875,14.0,0,40
engr1,LG,BIM,0.4,PGD,0.4,16.1875,14.0,0,40
engr1,LG,BIM,0.4,PGD,0.5,16.1875,14.0,0,40
engr1,LG,BIM,0.4,PGD,0.6,16.1875,14.0,0,40
engr1,LG,BIM,0.4,PGD,0.7,16.1875,14.0,0,40
engr1,LG,BIM,0.4,PGD,0.8,16.1875,14.0,0,40
engr1,LG,BIM,0.4,PGD,0.9,16.1875,14.0,0,40
engr1,LG,BIM,0.4,PGD,1.0,16.1875,14.0,0,40
engr1,MOTO,BIM,0.4,PGD,0.1,16.1875,14.0,0,40
engr1,MOTO,BIM,0.4,PGD,0.2,16.1875,14.0,0,40
engr1,MOTO,BIM,0.4,PGD,0.3,16.1875,14.0,0,40
engr1,MOTO,BIM,0.4,PGD,0.4,16.1875,14.0,0,40
engr1,MOTO,BIM,0.4,PGD,0.5,16.1875,14.0,0,40
engr1,MOTO,BIM,0.4,PGD,0.6,16.1875,14.0,0,40
engr1,MOTO,BIM,0.4,PGD,0.7,16.1875,14.0,0,40
engr1,MOTO,BIM,0.4,PGD,0.8,16.1875,14.0,0,40
engr1,MOTO,BIM,0.4,PGD,0.9,16.1875,14.0,0,40
engr1,MOTO,BIM,0.4,PGD,1.0,16.1875,14.0,0,40
engr1,OP3,BIM,0.4,PGD,0.1,16.1875,14.0,0,40
engr1,OP3,BIM,0.4,PGD,0.2,16.1875,14.0,0,40
engr1,OP3,BIM,0.4,PGD,0.3,16.1875,14.0,0,40
engr1,OP3,BIM,0.4,PGD,0.4,16.1875,14.0,0,40
engr1,OP3,BIM,0.4,PGD,0.5,16.1875,14.0,0,40
engr1,OP3,BIM,0.4,PGD,0.6,16.1875,14.0,0,40
engr1,OP3,BIM,0.4,PGD,0.7,16.1875,14.0,0,40
engr1,OP3,BIM,0.4,PGD,0.8,16.1875,14.0,0,40
engr1,OP3,BIM,0.4,PGD,0.9,16.1875,14.0,0,40
engr1,OP3,BIM,0.4,PGD,1.0,16.1875,14.0,0,40
engr1,S7,BIM,0.4,PGD,0.1,16.1875,14.0,0,40
engr1,S7,BIM,0.4,PGD,0.2,16.1875,14.0,0,40
engr1,S7,BIM,0.4,PGD,0.3,16.1875,14.0,0,40
engr1,S7,BIM,0.4,PGD,0.4,16.1875,14.0,0,40
engr1,S7,BIM,0.4,PGD,0.5,16.1875,14.0,0,40
engr1,S7,BIM,0.4,PGD,0.6,16.1875,14.0,0,40
engr1,S7,BIM,0.4,PGD,0.7,16.1875,14.0,0,40
engr1,S7,BIM,0.4,PGD,0.8,16.1875,14.0,0,40
engr1,S7,BIM,0.4,PGD,0.9,16.1875,14.0,0,40
engr1,S7,BIM,0.4,PGD,1.0,16.1875,14.0,0,40
engr1,BLU,BIM,0.5,PGD,0.1,16.1875,14.0,0,40
engr1,BLU,BIM,0.5,PGD,0.2,16.1875,14.0,0,40
engr1,BLU,BIM,0.5,PGD,0.3,16.1875,14.0,0,40
engr1,BLU,BIM,0.5,PGD,0.4,16.1875,14.0,0,40
engr1,BLU,BIM,0.5,PGD,0.5,16.1875,14.0,0,40
engr1,BLU,BIM,0.5,PGD,0.6,16.1875,14.0,0,40
engr1,BLU,BIM,0.5,PGD,0.7,16.1875,14.0,0,40
engr1,BLU,BIM,0.5,PGD,0.8,16.1875,14.0,0,40
engr1,BLU,BIM,0.5,PGD,0.9,16.1875,14.0,0,40
engr1,BLU,BIM,0.5,PGD,1.0,16.1875,14.0,0,40
engr1,HTC,BIM,0.5,PGD,0.1,16.1875,14.0,0,40
engr1,HTC,BIM,0.5,PGD,0.2,16.1875,14.0,0,40
engr1,HTC,BIM,0.5,PGD,0.3,16.1875,14.0,0,40
engr1,HTC,BIM,0.5,PGD,0.4,16.1875,14.0,0,40
engr1,HTC,BIM,0.5,PGD,0.5,16.1875,14.0,0,40
engr1,HTC,BIM,0.5,PGD,0.6,16.1875,14.0,0,40
engr1,HTC,BIM,0.5,PGD,0.7,16.1875,14.0,0,40
engr1,HTC,BIM,0.5,PGD,0.8,16.1875,14.0,0,40
engr1,HTC,BIM,0.5,PGD,0.9,16.1875,14.0,0,40
engr1,HTC,BIM,0.5,PGD,1.0,16.1875,14.0,0,40
engr1,LG,BIM,0.5,PGD,0.1,16.1875,14.0,0,40
engr1,LG,BIM,0.5,PGD,0.2,16.1875,14.0,0,40
engr1,LG,BIM,0.5,PGD,0.3,16.1875,14.0,0,40
engr1,LG,BIM,0.5,PGD,0.4,16.1875,14.0,0,40
engr1,LG,BIM,0.5,PGD,0.5,16.1875,14.0,0,40
engr1,LG,BIM,0.5,PGD,0.6,16.1875,14.0,0,40
engr1,LG,BIM,0.5,PGD,0.7,16.1875,14.0,0,40
engr1,LG,BIM,0.5,PGD,0.8,16.1875,14.0,0,40
engr1,LG,BIM,0.5,PGD,0.9,16.1875,14.0,0,40
engr1,LG,BIM,0.5,PGD,1.0,16.1875,14.0,0,40
engr1,MOTO,BIM,0.5,PGD,0.1,16.1875,14.0,0,40
engr1,MOTO,BIM,0.5,PGD,0.2,16.1875,14.0,0,40
engr1,MOTO,BIM,0.5,PGD,0.3,16.1875,14.0,0,40
engr1,MOTO,BIM,0.5,PGD,0.4,16.1875,14.0,0,40
engr1,MOTO,BIM,0.5,PGD,0.5,16.1875,14.0,0,40
engr1,MOTO,BIM,0.5,PGD,0.6,16.1875,14.0,0,40
engr1,MOTO,BIM,0.5,PGD,0.7,16.1875,14.0,0,40
engr1,MOTO,BIM,0.5,PGD,0.8,16.1875,14.0,0,40
engr1,MOTO,BIM,0.5,PGD,0.9,16.1875,14.0,0,40
engr1,MOTO,BIM,0.5,PGD,1.0,16.1875,14.0,0,40
engr1,OP3,BIM,0.5,PGD,0.1,16.1875,14.0,0,40
engr1,OP3,BIM,0.5,PGD,0.2,16.1875,14.0,0,40
engr1,OP3,BIM,0.5,PGD,0.3,16.1875,14.0,0,40
engr1,OP3,BIM,0.5,PGD,0.4,16.1875,14.0,0,40
engr1,OP3,BIM,0.5,PGD,0.5,16.1875,14.0,0,40
engr1,OP3,BIM,0.5,PGD,0.6,16.1875,14.0,0,40
engr1,OP3,BIM,0.5,PGD,0.7,16.1875,14.0,0,40
engr1,OP3,BIM,0.5,PGD,0.8,16.1875,14.0,0,40
engr1,OP3,BIM,0.5,PGD,0.9,16.1875,14.0,0,40
engr1,OP3,BIM,0.5,PGD,1.0,16.1875,14.0,0,40
engr1,S7,BIM,0.5,PGD,0.1,16.1875,14.0,0,40
engr1,S7,BIM,0.5,PGD,0.2,16.1875,14.0,0,40
engr1,S7,BIM,0.5,PGD,0.3,16.1875,14.0,0,40
engr1,S7,BIM,0.5,PGD,0.4,16.1875,14.0,0,40
engr1,S7,BIM,0.5,PGD,0.5,16.1875,14.0,0,40
engr1,S7,BIM,0.5,PGD,0.6,16.1875,14.0,0,40
engr1,S7,BIM,0.5,PGD,0.7,16.1875,14.0,0,40
engr1,S7,BIM,0.5,PGD,0.8,16.1875,14.0,0,40
engr1,S7,BIM,0.5,PGD,0.9,16.1875,14.0,0,40
engr1,S7,BIM,0.5,PGD,1.0,16.1875,14.0,0,40
engr1,BLU,BIM,0.6,PGD,0.1,16.1875,14.0,0,40
engr1,BLU,BIM,0.6,PGD,0.2,16.1875,14.0,0,40
engr1,BLU,BIM,0.6,PGD,0.3,16.1875,14.0,0,40
engr1,BLU,BIM,0.6,PGD,0.4,16.1875,14.0,0,40
engr1,BLU,BIM,0.6,PGD,0.5,16.1875,14.0,0,40
engr1,BLU,BIM,0.6,PGD,0.6,16.1875,14.0,0,40
engr1,BLU,BIM,0.6,PGD,0.7,16.1875,14.0,0,40
engr1,BLU,BIM,0.6,PGD,0.8,16.1875,14.0,0,40
engr1,BLU,BIM,0.6,PGD,0.9,16.1875,14.0,0,40
engr1,BLU,BIM,0.6,PGD,1.0,16.1875,14.0,0,40
engr1,HTC,BIM,0.6,PGD,0.1,16.1875,14.0,0,40
engr1,HTC,BIM,0.6,PGD,0.2,16.1875,14.0,0,40
engr1,HTC,BIM,0.6,PGD,0.3,16.1875,14.0,0,40
engr1,HTC,BIM,0.6,PGD,0.4,16.1875,14.0,0,40
engr1,HTC,BIM,0.6,PGD,0.5,16.1875,14.0,0,40
engr1,HTC,BIM,0.6,PGD,0.6,16.1875,14.0,0,40
engr1,HTC,BIM,0.6,PGD,0.7,16.1875,14.0,0,40
engr1,HTC,BIM,0.6,PGD,0.8,16.1875,14.0,0,40
engr1,HTC,BIM,0.6,PGD,0.9,16.1875,14.0,0,40
engr1,HTC,BIM,0.6,PGD,1.0,16.1875,14.0,0,40
engr1,LG,BIM,0.6,PGD,0.1,16.1875,14.0,0,40
engr1,LG,BIM,0.6,PGD,0.2,16.1875,14.0,0,40
engr1,LG,BIM,0.6,PGD,0.3,16.1875,14.0,0,40
engr1,LG,BIM,0.6,PGD,0.4,16.1875,14.0,0,40
engr1,LG,BIM,0.6,PGD,0.5,16.1875,14.0,0,40
engr1,LG,BIM,0.6,PGD,0.6,16.1875,14.0,0,40
engr1,LG,BIM,0.6,PGD,0.7,16.1875,14.0,0,40
engr1,LG,BIM,0.6,PGD,0.8,16.1875,14.0,0,40
engr1,LG,BIM,0.6,PGD,0.9,16.1875,14.0,0,40
engr1,LG,BIM,0.6,PGD,1.0,16.1875,14.0,0,40
engr1,MOTO,BIM,0.6,PGD,0.1,16.1875,14.0,0,40
engr1,MOTO,BIM,0.6,PGD,0.2,16.1875,14.0,0,40
engr1,MOTO,BIM,0.6,PGD,0.3,16.1875,14.0,0,40
engr1,MOTO,BIM,0.6,PGD,0.4,16.1875,14.0,0,40
engr1,MOTO,BIM,0.6,PGD,0.5,16.1875,14.0,0,40
engr1,MOTO,BIM,0.6,PGD,0.6,16.1875,14.0,0,40
engr1,MOTO,BIM,0.6,PGD,0.7,16.1875,14.0,0,40
engr1,MOTO,BIM,0.6,PGD,0.8,16.1875,14.0,0,40
engr1,MOTO,BIM,0.6,PGD,0.9,16.1875,14.0,0,40
engr1,MOTO,BIM,0.6,PGD,1.0,16.1875,14.0,0,40
engr1,OP3,BIM,0.6,PGD,0.1,16.1875,14.0,0,40
engr1,OP3,BIM,0.6,PGD,0.2,16.1875,14.0,0,40
engr1,OP3,BIM,0.6,PGD,0.3,16.1875,14.0,0,40
engr1,OP3,BIM,0.6,PGD,0.4,16.1875,14.0,0,40
engr1,OP3,BIM,0.6,PGD,0.5,16.1875,14.0,0,40
engr1,OP3,BIM,0.6,PGD,0.6,16.1875,14.0,0,40
engr1,OP3,BIM,0.6,PGD,0.7,16.1875,14.0,0,40
engr1,OP3,BIM,0.6,PGD,0.8,16.1875,14.0,0,40
engr1,OP3,BIM,0.6,PGD,0.9,16.1875,14.0,0,40
engr1,OP3,BIM,0.6,PGD,1.0,16.1875,14.0,0,40
engr1,S7,BIM,0.6,PGD,0.1,16.1875,14.0,0,40
engr1,S7,BIM,0.6,PGD,0.2,16.1875,14.0,0,40
engr1,S7,BIM,0.6,PGD,0.3,16.1875,14.0,0,40
engr1,S7,BIM,0.6,PGD,0.4,16.1875,14.0,0,40
engr1,S7,BIM,0.6,PGD,0.5,16.1875,14.0,0,40
engr1,S7,BIM,0.6,PGD,0.6,16.1875,14.0,0,40
engr1,S7,BIM,0.6,PGD,0.7,16.1875,14.0,0,40
engr1,S7,BIM,0.6,PGD,0.8,16.1875,14.0,0,40
engr1,S7,BIM,0.6,PGD,0.9,16.1875,14.0,0,40
engr1,S7,BIM,0.6,PGD,1.0,16.1875,14.0,0,40
engr1,BLU,BIM,0.7,PGD,0.1,16.1875,14.0,0,40
engr1,BLU,BIM,0.7,PGD,0.2,16.1875,14.0,0,40
engr1,BLU,BIM,0.7,PGD,0.3,16.1875,14.0,0,40
engr1,BLU,BIM,0.7,PGD,0.4,16.1875,14.0,0,40
engr1,BLU,BIM,0.7,PGD,0.5,16.1875,14.0,0,40
engr1,BLU,BIM,0.7,PGD,0.6,16.1875,14.0,0,40
engr1,BLU,BIM,0.7,PGD,0.7,16.1875,14.0,0,40
engr1,BLU,BIM,0.7,PGD,0.8,16.1875,14.0,0,40
engr1,BLU,BIM,0.7,PGD,0.9,16.1875,14.0,0,40
engr1,BLU,BIM,0.7,PGD,1.0,16.1875,14.0,0,40
engr1,HTC,BIM,0.7,PGD,0.1,16.1875,14.0,0,40
engr1,HTC,BIM,0.7,PGD,0.2,16.1875,14.0,0,40
engr1,HTC,BIM,0.7,PGD,0.3,16.1875,14.0,0,40
engr1,HTC,BIM,0.7,PGD,0.4,16.1875,14.0,0,40
engr1,HTC,BIM,0.7,PGD,0.5,16.1875,14.0,0,40
engr1,HTC,BIM,0.7,PGD,0.6,16.1875,14.0,0,40
engr1,HTC,BIM,0.7,PGD,0.7,16.1875,14.0,0,40
engr1,HTC,BIM,0.7,PGD,0.8,16.1875,14.0,0,40
engr1,HTC,BIM,0.7,PGD,0.9,16.1875,14.0,0,40
engr1,HTC,BIM,0.7,PGD,1.0,16.1875,14.0,0,40
engr1,LG,BIM,0.7,PGD,0.1,16.1875,14.0,0,40
engr1,LG,BIM,0.7,PGD,0.2,16.1875,14.0,0,40
engr1,LG,BIM,0.7,PGD,0.3,16.1875,14.0,0,40
engr1,LG,BIM,0.7,PGD,0.4,16.1875,14.0,0,40
engr1,LG,BIM,0.7,PGD,0.5,16.1875,14.0,0,40
engr1,LG,BIM,0.7,PGD,0.6,16.1875,14.0,0,40
engr1,LG,BIM,0.7,PGD,0.7,16.1875,14.0,0,40
engr1,LG,BIM,0.7,PGD,0.8,16.1875,14.0,0,40
engr1,LG,BIM,0.7,PGD,0.9,16.1875,14.0,0,40
engr1,LG,BIM,0.7,PGD,1.0,16.1875,14.0,0,40
engr1,MOTO,BIM,0.7,PGD,0.1,16.1875,14.0,0,40
engr1,MOTO,BIM,0.7,PGD,0.2,16.1875,14.0,0,40
engr1,MOTO,BIM,0.7,PGD,0.3,16.1875,14.0,0,40
engr1,MOTO,BIM,0.7,PGD,0.4,16.1875,14.0,0,40
engr1,MOTO,BIM,0.7,PGD,0.5,16.1875,14.0,0,40
engr1,MOTO,BIM,0.7,PGD,0.6,16.1875,14.0,0,40
engr1,MOTO,BIM,0.7,PGD,0.7,16.1875,14.0,0,40
engr1,MOTO,BIM,0.7,PGD,0.8,16.1875,14.0,0,40
engr1,MOTO,BIM,0.7,PGD,0.9,16.1875,14.0,0,40
engr1,MOTO,BIM,0.7,PGD,1.0,16.1875,14.0,0,40
engr1,OP3,BIM,0.7,PGD,0.1,16.1875,14.0,0,40
engr1,OP3,BIM,0.7,PGD,0.2,16.1875,14.0,0,40
engr1,OP3,BIM,0.7,PGD,0.3,16.1875,14.0,0,40
engr1,OP3,BIM,0.7,PGD,0.4,16.1875,14.0,0,40
engr1,OP3,BIM,0.7,PGD,0.5,16.1875,14.0,0,40
engr1,OP3,BIM,0.7,PGD,0.6,16.1875,14.0,0,40
engr1,OP3,BIM,0.7,PGD,0.7,16.1875,14.0,0,40
engr1,OP3,BIM,0.7,PGD,0.8,16.1875,14.0,0,40
engr1,OP3,BIM,0.7,PGD,0.9,16.1875,14.0,0,40
engr1,OP3,BIM,0.7,PGD,1.0,16.1875,14.0,0,40
engr1,S7,BIM,0.7,PGD,0.1,16.1875,14.0,0,40
engr1,S7,BIM,0.7,PGD,0.2,16.1875,14.0,0,40
engr1,S7,BIM,0.7,PGD,0.3,16.1875,14.0,0,40
engr1,S7,BIM,0.7,PGD,0.4,16.1875,14.0,0,40
engr1,S7,BIM,0.7,PGD,0.5,16.1875,14.0,0,40
engr1,S7,BIM,0.7,PGD,0.6,16.1875,14.0,0,40
engr1,S7,BIM,0.7,PGD,0.7,16.1875,14.0,0,40
engr1,S7,BIM,0.7,PGD,0.8,16.1875,14.0,0,40
engr1,S7,BIM,0.7,PGD,0.9,16.1875,14.0,0,40
engr1,S7,BIM,0.7,PGD,1.0,16.1875,14.0,0,40
engr1,BLU,BIM,0.8,PGD,0.1,16.1875,14.0,0,40
engr1,BLU,BIM,0.8,PGD,0.2,16.1875,14.0,0,40
engr1,BLU,BIM,0.8,PGD,0.3,16.1875,14.0,0,40
engr1,BLU,BIM,0.8,PGD,0.4,16.1875,14.0,0,40
engr1,BLU,BIM,0.8,PGD,0.5,16.1875,14.0,0,40
engr1,BLU,BIM,0.8,PGD,0.6,16.1875,14.0,0,40
engr1,BLU,BIM,0.8,PGD,0.7,16.1875,14.0,0,40
engr1,BLU,BIM,0.8,PGD,0.8,16.1875,14.0,0,40
engr1,BLU,BIM,0.8,PGD,0.9,16.1875,14.0,0,40
engr1,BLU,BIM,0.8,PGD,1.0,16.1875,14.0,0,40
engr1,HTC,BIM,0.8,PGD,0.1,16.1875,14.0,0,40
engr1,HTC,BIM,0.8,PGD,0.2,16.1875,14.0,0,40
engr1,HTC,BIM,0.8,PGD,0.3,16.1875,14.0,0,40
engr1,HTC,BIM,0.8,PGD,0.4,16.1875,14.0,0,40
engr1,HTC,BIM,0.8,PGD,0.5,16.1875,14.0,0,40
engr1,HTC,BIM,0.8,PGD,0.6,16.1875,14.0,0,40
engr1,HTC,BIM,0.8,PGD,0.7,16.1875,14.0,0,40
engr1,HTC,BIM,0.8,PGD,0.8,16.1875,14.0,0,40
engr1,HTC,BIM,0.8,PGD,0.9,16.1875,14.0,0,40
engr1,HTC,BIM,0.8,PGD,1.0,16.1875,14.0,0,40
engr1,LG,BIM,0.8,PGD,0.1,16.1875,14.0,0,40
engr1,LG,BIM,0.8,PGD,0.2,16.1875,14.0,0,40
engr1,LG,BIM,0.8,PGD,0.3,16.1875,14.0,0,40
engr1,LG,BIM,0.8,PGD,0.4,16.1875,14.0,0,40
engr1,LG,BIM,0.8,PGD,0.5,16.1875,14.0,0,40
engr1,LG,BIM,0.8,PGD,0.6,16.1875,14.0,0,40
engr1,LG,BIM,0.8,PGD,0.7,16.1875,14.0,0,40
engr1,LG,BIM,0.8,PGD,0.8,16.1875,14.0,0,40
engr1,LG,BIM,0.8,PGD,0.9,16.1875,14.0,0,40
engr1,LG,BIM,0.8,PGD,1.0,16.1875,14.0,0,40
engr1,MOTO,BIM,0.8,PGD,0.1,16.1875,14.0,0,40
engr1,MOTO,BIM,0.8,PGD,0.2,16.1875,14.0,0,40
engr1,MOTO,BIM,0.8,PGD,0.3,16.1875,14.0,0,40
engr1,MOTO,BIM,0.8,PGD,0.4,16.1875,14.0,0,40
engr1,MOTO,BIM,0.8,PGD,0.5,16.1875,14.0,0,40
engr1,MOTO,BIM,0.8,PGD,0.6,16.1875,14.0,0,40
engr1,MOTO,BIM,0.8,PGD,0.7,16.1875,14.0,0,40
engr1,MOTO,BIM,0.8,PGD,0.8,16.1875,14.0,0,40
engr1,MOTO,BIM,0.8,PGD,0.9,16.1875,14.0,0,40
engr1,MOTO,BIM,0.8,PGD,1.0,16.1875,14.0,0,40
engr1,OP3,BIM,0.8,PGD,0.1,16.1875,14.0,0,40
engr1,OP3,BIM,0.8,PGD,0.2,16.1875,14.0,0,40
engr1,OP3,BIM,0.8,PGD,0.3,16.1875,14.0,0,40
engr1,OP3,BIM,0.8,PGD,0.4,16.1875,14.0,0,40
engr1,OP3,BIM,0.8,PGD,0.5,16.1875,14.0,0,40
engr1,OP3,BIM,0.8,PGD,0.6,16.1875,14.0,0,40
engr1,OP3,BIM,0.8,PGD,0.7,16.1875,14.0,0,40
engr1,OP3,BIM,0.8,PGD,0.8,16.1875,14.0,0,40
engr1,OP3,BIM,0.8,PGD,0.9,16.1875,14.0,0,40
engr1,OP3,BIM,0.8,PGD,1.0,16.1875,14.0,0,40
engr1,S7,BIM,0.8,PGD,0.1,16.1875,14.0,0,40
engr1,S7,BIM,0.8,PGD,0.2,16.1875,14.0,0,40
engr1,S7,BIM,0.8,PGD,0.3,16.1875,14.0,0,40
engr1,S7,BIM,0.8,PGD,0.4,16.1875,14.0,0,40
engr1,S7,BIM,0.8,PGD,0.5,16.1875,14.0,0,40
engr1,S7,BIM,0.8,PGD,0.6,16.1875,14.0,0,40
engr1,S7,BIM,0.8,PGD,0.7,16.1875,14.0,0,40
engr1,S7,BIM,0.8,PGD,0.8,16.1875,14.0,0,40
engr1,S7,BIM,0.8,PGD,0.9,16.1875,14.0,0,40
engr1,S7,BIM,0.8,PGD,1.0,16.1875,14.0,0,40
engr1,BLU,BIM,0.9,PGD,0.1,16.1875,14.0,0,40
engr1,BLU,BIM,0.9,PGD,0.2,16.1875,14.0,0,40
engr1,BLU,BIM,0.9,PGD,0.3,16.1875,14.0,0,40
engr1,BLU,BIM,0.9,PGD,0.4,16.1875,14.0,0,40
engr1,BLU,BIM,0.9,PGD,0.5,16.1875,14.0,0,40
engr1,BLU,BIM,0.9,PGD,0.6,16.1875,14.0,0,40
engr1,BLU,BIM,0.9,PGD,0.7,16.1875,14.0,0,40
engr1,BLU,BIM,0.9,PGD,0.8,16.1875,14.0,0,40
engr1,BLU,BIM,0.9,PGD,0.9,16.1875,14.0,0,40
engr1,BLU,BIM,0.9,PGD,1.0,16.1875,14.0,0,40
engr1,HTC,BIM,0.9,PGD,0.1,16.1875,14.0,0,40
engr1,HTC,BIM,0.9,PGD,0.2,16.1875,14.0,0,40
engr1,HTC,BIM,0.9,PGD,0.3,16.1875,14.0,0,40
engr1,HTC,BIM,0.9,PGD,0.4,16.1875,14.0,0,40
engr1,HTC,BIM,0.9,PGD,0.5,16.1875,14.0,0,40
engr1,HTC,BIM,0.9,PGD,0.6,16.1875,14.0,0,40
engr1,HTC,BIM,0.9,PGD,0.7,16.1875,14.0,0,40
engr1,HTC,BIM,0.9,PGD,0.8,16.1875,14.0,0,40
engr1,HTC,BIM,0.9,PGD,0.9,16.1875,14.0,0,40
engr1,HTC,BIM,0.9,PGD,1.0,16.1875,14.0,0,40
engr1,LG,BIM,0.9,PGD,0.1,16.1875,14.0,0,40
engr1,LG,BIM,0.9,PGD,0.2,16.1875,14.0,0,40
engr1,LG,BIM,0.9,PGD,0.3,16.1875,14.0,0,40
engr1,LG,BIM,0.9,PGD,0.4,16.1875,14.0,0,40
engr1,LG,BIM,0.9,PGD,0.5,16.1875,14.0,0,40
engr1,LG,BIM,0.9,PGD,0.6,16.1875,14.0,0,40
engr1,LG,BIM,0.9,PGD,0.7,16.1875,14.0,0,40
engr1,LG,BIM,0.9,PGD,0.8,16.1875,14.0,0,40
engr1,LG,BIM,0.9,PGD,0.9,16.1875,14.0,0,40
engr1,LG,BIM,0.9,PGD,1.0,16.1875,14.0,0,40
engr1,MOTO,BIM,0.9,PGD,0.1,16.1875,14.0,0,40
engr1,MOTO,BIM,0.9,PGD,0.2,16.1875,14.0,0,40
engr1,MOTO,BIM,0.9,PGD,0.3,16.1875,14.0,0,40
engr1,MOTO,BIM,0.9,PGD,0.4,16.1875,14.0,0,40
engr1,MOTO,BIM,0.9,PGD,0.5,16.1875,14.0,0,40
engr1,MOTO,BIM,0.9,PGD,0.6,16.1875,14.0,0,40
engr1,MOTO,BIM,0.9,PGD,0.7,16.1875,14.0,0,40
engr1,MOTO,BIM,0.9,PGD,0.8,16.1875,14.0,0,40
engr1,MOTO,BIM,0.9,PGD,0.9,16.1875,14.0,0,40
engr1,MOTO,BIM,0.9,PGD,1.0,16.1875,14.0,0,40
engr1,OP3,BIM,0.9,PGD,0.1,16.1875,14.0,0,40
engr1,OP3,BIM,0.9,PGD,0.2,16.1875,14.0,0,40
engr1,OP3,BIM,0.9,PGD,0.3,16.1875,14.0,0,40
engr1,OP3,BIM,0.9,PGD,0.4,16.1875,14.0,0,40
engr1,OP3,BIM,0.9,PGD,0.5,16.1875,14.0,0,40
engr1,OP3,BIM,0.9,PGD,0.6,16.1875,14.0,0,40
engr1,OP3,BIM,0.9,PGD,0.7,16.1875,14.0,0,40
engr1,OP3,BIM,0.9,PGD,0.8,16.1875,14.0,0,40
engr1,OP3,BIM,0.9,PGD,0.9,16.1875,14.0,0,40
engr1,OP3,BIM,0.9,PGD,1.0,16.1875,14.0,0,40
engr1,S7,BIM,0.9,PGD,0.1,16.1875,14.0,0,40
engr1,S7,BIM,0.9,PGD,0.2,16.1875,14.0,0,40
engr1,S7,BIM,0.9,PGD,0.3,16.1875,14.0,0,40
engr1,S7,BIM,0.9,PGD,0.4,16.1875,14.0,0,40
engr1,S7,BIM,0.9,PGD,0.5,16.1875,14.0,0,40
engr1,S7,BIM,0.9,PGD,0.6,16.1875,14.0,0,40
engr1,S7,BIM,0.9,PGD,0.7,16.1875,14.0,0,40
engr1,S7,BIM,0.9,PGD,0.8,16.1875,14.0,0,40
engr1,S7,BIM,0.9,PGD,0.9,16.1875,14.0,0,40
engr1,S7,BIM,0.9,PGD,1.0,16.1875,14.0,0,40
engr1,BLU,BIM,1.0,PGD,0.1,16.1875,14.0,0,40
engr1,BLU,BIM,1.0,PGD,0.2,16.1875,14.0,0,40
engr1,BLU,BIM,1.0,PGD,0.3,16.1875,14.0,0,40
engr1,BLU,BIM,1.0,PGD,0.4,16.1875,14.0,0,40
engr1,BLU,BIM,1.0,PGD,0.5,16.1875,14.0,0,40
engr1,BLU,BIM,1.0,PGD,0.6,16.1875,14.0,0,40
engr1,BLU,BIM,1.0,PGD,0.7,16.1875,14.0,0,40
engr1,BLU,BIM,1.0,PGD,0.8,16.1875,14.0,0,40
engr1,BLU,BIM,1.0,PGD,0.9,16.1875,14.0,0,40
engr1,BLU,BIM,1.0,PGD,1.0,16.1875,14.0,0,40
engr1,HTC,BIM,1.0,PGD,0.1,16.1875,14.0,0,40
engr1,HTC,BIM,1.0,PGD,0.2,16.1875,14.0,0,40
engr1,HTC,BIM,1.0,PGD,0.3,16.1875,14.0,0,40
engr1,HTC,BIM,1.0,PGD,0.4,16.1875,14.0,0,40
engr1,HTC,BIM,1.0,PGD,0.5,16.1875,14.0,0,40
engr1,HTC,BIM,1.0,PGD,0.6,16.1875,14.0,0,40
engr1,HTC,BIM,1.0,PGD,0.7,16.1875,14.0,0,40
engr1,HTC,BIM,1.0,PGD,0.8,16.1875,14.0,0,40
engr1,HTC,BIM,1.0,PGD,0.9,16.1875,14.0,0,40
engr1,HTC,BIM,1.0,PGD,1.0,16.1875,14.0,0,40
engr1,LG,BIM,1.0,PGD,0.1,16.1875,14.0,0,40
engr1,LG,BIM,1.0,PGD,0.2,16.1875,14.0,0,40
engr1,LG,BIM,1.0,PGD,0.3,16.1875,14.0,0,40
engr1,LG,BIM,1.0,PGD,0.4,16.1875,14.0,0,40
engr1,LG,BIM,1.0,PGD,0.5,16.1875,14.0,0,40
engr1,LG,BIM,1.0,PGD,0.6,16.1875,14.0,0,40
engr1,LG,BIM,1.0,PGD,0.7,16.1875,14.0,0,40
engr1,LG,BIM,1.0,PGD,0.8,16.1875,14.0,0,40
engr1,LG,BIM,1.0,PGD,0.9,16.1875,14.0,0,40
engr1,LG,BIM,1.0,PGD,1.0,16.1875,14.0,0,40
engr1,MOTO,BIM,1.0,PGD,0.1,16.1875,14.0,0,40
engr1,MOTO,BIM,1.0,PGD,0.2,16.1875,14.0,0,40
engr1,MOTO,BIM,1.0,PGD,0.3,16.1875,14.0,0,40
engr1,MOTO,BIM,1.0,PGD,0.4,16.1875,14.0,0,40
engr1,MOTO,BIM,1.0,PGD,0.5,16.1875,14.0,0,40
engr1,MOTO,BIM,1.0,PGD,0.6,16.1875,14.0,0,40
engr1,MOTO,BIM,1.0,PGD,0.7,16.1875,14.0,0,40
engr1,MOTO,BIM,1.0,PGD,0.8,16.1875,14.0,0,40
engr1,MOTO,BIM,1.0,PGD,0.9,16.1875,14.0,0,40
engr1,MOTO,BIM,1.0,PGD,1.0,16.1875,14.0,0,40
engr1,OP3,BIM,1.0,PGD,0.1,16.1875,14.0,0,40
engr1,OP3,BIM,1.0,PGD,0.2,16.1875,14.0,0,40
engr1,OP3,BIM,1.0,PGD,0.3,16.1875,14.0,0,40
engr1,OP3,BIM,1.0,PGD,0.4,16.1875,14.0,0,40
engr1,OP3,BIM,1.0,PGD,0.5,16.1875,14.0,0,40
engr1,OP3,BIM,1.0,PGD,0.6,16.1875,14.0,0,40
engr1,OP3,BIM,1.0,PGD,0.7,16.1875,14.0,0,40
engr1,OP3,BIM,1.0,PGD,0.8,16.1875,14.0,0,40
engr1,OP3,BIM,1.0,PGD,0.9,16.1875,14.0,0,40
engr1,OP3,BIM,1.0,PGD,1.0,16.1875,14.0,0,40
engr1,S7,BIM,1.0,PGD,0.1,16.1875,14.0,0,40
engr1,S7,BIM,1.0,PGD,0.2,16.1875,14.0,0,40
engr1,S7,BIM,1.0,PGD,0.3,16.1875,14.0,0,40
engr1,S7,BIM,1.0,PGD,0.4,16.1875,14.0,0,40
engr1,S7,BIM,1.0,PGD,0.5,16.1875,14.0,0,40
engr1,S7,BIM,1.0,PGD,0.6,16.1875,14.0,0,40
engr1,S7,BIM,1.0,PGD,0.7,16.1875,14.0,0,40
engr1,S7,BIM,1.0,PGD,0.8,16.1875,14.0,0,40
engr1,S7,BIM,1.0,PGD,0.9,16.1875,14.0,0,40
engr1,S7,BIM,1.0,PGD,1.0,16.1875,14.0,0,40
engr1,BLU,FGSM,0.1,MIM,0.1,3.0,3.0,0,11
engr1,BLU,FGSM,0.1,MIM,0.2,14.166666666666666,10.0,0,47
engr1,BLU,FGSM,0.1,MIM,0.3,17.520833333333332,15.5,0,47
engr1,BLU,FGSM,0.1,MIM,0.4,17.666666666666668,16.5,0,40
engr1,BLU,FGSM,0.1,MIM,0.5,17.666666666666668,16.5,0,40
engr1,BLU,FGSM,0.1,MIM,0.6,17.666666666666668,16.5,0,40
engr1,BLU,FGSM,0.1,MIM,0.7,17.666666666666668,16.5,0,40
engr1,BLU,FGSM,0.1,MIM,0.8,17.666666666666668,16.5,0,40
engr1,BLU,FGSM,0.1,MIM,0.9,17.666666666666668,16.5,0,40
engr1,BLU,FGSM,0.1,MIM,1.0,17.666666666666668,16.5,0,40
engr1,HTC,FGSM,0.1,MIM,0.1,4.458333333333333,3.0,0,15
engr1,HTC,FGSM,0.1,MIM,0.2,8.041666666666666,6.0,1,33
engr1,HTC,FGSM,0.1,MIM,0.3,9.145833333333334,7.0,1,44
engr1,HTC,FGSM,0.1,MIM,0.4,10.208333333333334,7.0,1,44
engr1,HTC,FGSM,0.1,MIM,0.5,10.208333333333334,7.0,1,44
engr1,HTC,FGSM,0.1,MIM,0.6,10.208333333333334,7.0,1,44
engr1,HTC,FGSM,0.1,MIM,0.7,10.208333333333334,7.0,1,44
engr1,HTC,FGSM,0.1,MIM,0.8,10.208333333333334,7.0,1,44
engr1,HTC,FGSM,0.1,MIM,0.9,10.208333333333334,7.0,1,44
engr1,HTC,FGSM,0.1,MIM,1.0,10.208333333333334,7.0,1,44
engr1,LG,FGSM,0.1,MIM,0.1,4.6875,4.0,0,17
engr1,LG,FGSM,0.1,MIM,0.2,6.5625,5.0,0,23
engr1,LG,FGSM,0.1,MIM,0.3,7.333333333333333,5.5,0,23
engr1,LG,FGSM,0.1,MIM,0.4,8.9375,5.5,0,47
engr1,LG,FGSM,0.1,MIM,0.5,8.9375,5.5,0,47
engr1,LG,FGSM,0.1,MIM,0.6,8.9375,5.5,0,47
engr1,LG,FGSM,0.1,MIM,0.7,8.9375,5.5,0,47
engr1,LG,FGSM,0.1,MIM,0.8,8.9375,5.5,0,47
engr1,LG,FGSM,0.1,MIM,0.9,8.9375,5.5,0,47
engr1,LG,FGSM,0.1,MIM,1.0,8.9375,5.5,0,47
engr1,MOTO,FGSM,0.1,MIM,0.1,4.041666666666667,4.0,0,15
engr1,MOTO,FGSM,0.1,MIM,0.2,7.25,7.0,1,36
engr1,MOTO,FGSM,0.1,MIM,0.3,9.541666666666666,7.0,1,41
engr1,MOTO,FGSM,0.1,MIM,0.4,9.479166666666666,7.0,1,36
engr1,MOTO,FGSM,0.1,MIM,0.5,9.479166666666666,7.0,1,36
engr1,MOTO,FGSM,0.1,MIM,0.6,9.479166666666666,7.0,1,36
engr1,MOTO,FGSM,0.1,MIM,0.7,9.479166666666666,7.0,1,36
engr1,MOTO,FGSM,0.1,MIM,0.8,9.479166666666666,7.0,1,36
engr1,MOTO,FGSM,0.1,MIM,0.9,9.479166666666666,7.0,1,36
engr1,MOTO,FGSM,0.1,MIM,1.0,9.479166666666666,7.0,1,36
engr1,OP3,FGSM,0.1,MIM,0.1,1.4375,0.5,0,6
engr1,OP3,FGSM,0.1,MIM,0.2,5.479166666666667,4.0,0,25
engr1,OP3,FGSM,0.1,MIM,0.3,6.3125,4.0,0,39
engr1,OP3,FGSM,0.1,MIM,0.4,6.979166666666667,4.0,0,39
engr1,OP3,FGSM,0.1,MIM,0.5,6.979166666666667,4.0,0,39
engr1,OP3,FGSM,0.1,MIM,0.6,6.979166666666667,4.0,0,39
engr1,OP3,FGSM,0.1,MIM,0.7,6.979166666666667,4.0,0,39
engr1,OP3,FGSM,0.1,MIM,0.8,6.979166666666667,4.0,0,39
engr1,OP3,FGSM,0.1,MIM,0.9,6.979166666666667,4.0,0,39
engr1,OP3,FGSM,0.1,MIM,1.0,6.979166666666667,4.0,0,39
engr1,S7,FGSM,0.1,MIM,0.1,2.7083333333333335,2.0,0,10
engr1,S7,FGSM,0.1,MIM,0.2,7.25,4.0,0,42
engr1,S7,FGSM,0.1,MIM,0.3,9.3125,6.0,0,47
engr1,S7,FGSM,0.1,MIM,0.4,8.8125,6.0,0,47
engr1,S7,FGSM,0.1,MIM,0.5,8.8125,6.0,0,47
engr1,S7,FGSM,0.1,MIM,0.6,8.8125,6.0,0,47
engr1,S7,FGSM,0.1,MIM,0.7,8.8125,6.0,0,47
engr1,S7,FGSM,0.1,MIM,0.8,8.8125,6.0,0,47
engr1,S7,FGSM,0.1,MIM,0.9,8.8125,6.0,0,47
engr1,S7,FGSM,0.1,MIM,1.0,8.8125,6.0,0,47
engr1,BLU,FGSM,0.2,MIM,0.1,3.2916666666666665,2.5,0,13
engr1,BLU,FGSM,0.2,MIM,0.2,3.75,3.0,0,14
engr1,BLU,FGSM,0.2,MIM,0.3,13.5,6.5,0,39
engr1,BLU,FGSM,0.2,MIM,0.4,17.4375,16.5,0,39
engr1,BLU,FGSM,0.2,MIM,0.5,17.4375,16.5,0,39
engr1,BLU,FGSM,0.2,MIM,0.6,17.4375,16.5,0,39
engr1,BLU,FGSM,0.2,MIM,0.7,17.4375,16.5,0,39
engr1,BLU,FGSM,0.2,MIM,0.8,17.4375,16.5,0,39
engr1,BLU,FGSM,0.2,MIM,0.9,17.4375,16.5,0,39
engr1,BLU,FGSM,0.2,MIM,1.0,17.4375,16.5,0,39
engr1,HTC,FGSM,0.2,MIM,0.1,4.9375,5.0,0,13
engr1,HTC,FGSM,0.2,MIM,0.2,5.125,4.0,0,17
engr1,HTC,FGSM,0.2,MIM,0.3,5.895833333333333,4.0,0,31
engr1,HTC,FGSM,0.2,MIM,0.4,7.145833333333333,4.5,0,43
engr1,HTC,FGSM,0.2,MIM,0.5,7.145833333333333,4.5,0,43
engr1,HTC,FGSM,0.2,MIM,0.6,7.145833333333333,4.5,0,43
engr1,HTC,FGSM,0.2,MIM,0.7,7.145833333333333,4.5,0,43
engr1,HTC,FGSM,0.2,MIM,0.8,7.145833333333333,4.5,0,43
engr1,HTC,FGSM,0.2,MIM,0.9,7.145833333333333,4.5,0,43
engr1,HTC,FGSM,0.2,MIM,1.0,7.145833333333333,4.5,0,43
engr1,LG,FGSM,0.2,MIM,0.1,5.5,5.0,0,21
engr1,LG,FGSM,0.2,MIM,0.2,5.583333333333333,4.5,0,21
engr1,LG,FGSM,0.2,MIM,0.3,7.416666666666667,6.0,0,27
engr1,LG,FGSM,0.2,MIM,0.4,8.541666666666666,6.0,0,47
engr1,LG,FGSM,0.2,MIM,0.5,8.541666666666666,6.0,0,47
engr1,LG,FGSM,0.2,MIM,0.6,8.541666666666666,6.0,0,47
engr1,LG,FGSM,0.2,MIM,0.7,8.541666666666666,6.0,0,47
engr1,LG,FGSM,0.2,MIM,0.8,8.541666666666666,6.0,0,47
engr1,LG,FGSM,0.2,MIM,0.9,8.541666666666666,6.0,0,47
engr1,LG,FGSM,0.2,MIM,1.0,8.541666666666666,6.0,0,47
engr1,MOTO,FGSM,0.2,MIM,0.1,4.395833333333333,4.0,0,13
engr1,MOTO,FGSM,0.2,MIM,0.2,3.9375,3.0,0,25
engr1,MOTO,FGSM,0.2,MIM,0.3,6.395833333333333,5.0,0,34
engr1,MOTO,FGSM,0.2,MIM,0.4,6.625,5.0,0,38
engr1,MOTO,FGSM,0.2,MIM,0.5,6.625,5.0,0,38
engr1,MOTO,FGSM,0.2,MIM,0.6,6.625,5.0,0,38
engr1,MOTO,FGSM,0.2,MIM,0.7,6.625,5.0,0,38
engr1,MOTO,FGSM,0.2,MIM,0.8,6.625,5.0,0,38
engr1,MOTO,FGSM,0.2,MIM,0.9,6.625,5.0,0,38
engr1,MOTO,FGSM,0.2,MIM,1.0,6.625,5.0,0,38
engr1,OP3,FGSM,0.2,MIM,0.1,3.2916666666666665,2.5,0,16
engr1,OP3,FGSM,0.2,MIM,0.2,3.1875,2.0,0,21
engr1,OP3,FGSM,0.2,MIM,0.3,4.3125,4.0,0,21
engr1,OP3,FGSM,0.2,MIM,0.4,4.583333333333333,4.0,0,21
engr1,OP3,FGSM,0.2,MIM,0.5,4.583333333333333,4.0,0,21
engr1,OP3,FGSM,0.2,MIM,0.6,4.583333333333333,4.0,0,21
engr1,OP3,FGSM,0.2,MIM,0.7,4.583333333333333,4.0,0,21
engr1,OP3,FGSM,0.2,MIM,0.8,4.583333333333333,4.0,0,21
engr1,OP3,FGSM,0.2,MIM,0.9,4.583333333333333,4.0,0,21
engr1,OP3,FGSM,0.2,MIM,1.0,4.583333333333333,4.0,0,21
engr1,S7,FGSM,0.2,MIM,0.1,4.645833333333333,4.0,0,14
engr1,S7,FGSM,0.2,MIM,0.2,4.729166666666667,4.0,0,27
engr1,S7,FGSM,0.2,MIM,0.3,8.125,5.5,0,47
engr1,S7,FGSM,0.2,MIM,0.4,8.0625,5.5,0,47
engr1,S7,FGSM,0.2,MIM,0.5,8.0625,5.5,0,47
engr1,S7,FGSM,0.2,MIM,0.6,8.0625,5.5,0,47
engr1,S7,FGSM,0.2,MIM,0.7,8.0625,5.5,0,47
engr1,S7,FGSM,0.2,MIM,0.8,8.0625,5.5,0,47
engr1,S7,FGSM,0.2,MIM,0.9,8.0625,5.5,0,47
engr1,S7,FGSM,0.2,MIM,1.0,8.0625,5.5,0,47
engr1,BLU,FGSM,0.3,MIM,0.1,4.166666666666667,3.0,0,16
engr1,BLU,FGSM,0.3,MIM,0.2,9.854166666666666,7.0,0,31
engr1,BLU,FGSM,0.3,MIM,0.3,10.208333333333334,8.0,0,31
engr1,BLU,FGSM,0.3,MIM,0.4,13.979166666666666,10.5,0,39
engr1,BLU,FGSM,0.3,MIM,0.5,13.979166666666666,10.5,0,39
engr1,BLU,FGSM,0.3,MIM,0.6,13.979166666666666,10.5,0,39
engr1,BLU,FGSM,0.3,MIM,0.7,13.979166666666666,10.5,0,39
engr1,BLU,FGSM,0.3,MIM,0.8,13.979166666666666,10.5,0,39
engr1,BLU,FGSM,0.3,MIM,0.9,13.979166666666666,10.5,0,39
engr1,BLU,FGSM,0.3,MIM,1.0,13.979166666666666,10.5,0,39
engr1,HTC,FGSM,0.3,MIM,0.1,7.979166666666667,6.0,0,32
engr1,HTC,FGSM,0.3,MIM,0.2,5.645833333333333,5.0,0,17
engr1,HTC,FGSM,0.3,MIM,0.3,5.916666666666667,5.0,0,24
engr1,HTC,FGSM,0.3,MIM,0.4,7.770833333333333,5.0,0,43
engr1,HTC,FGSM,0.3,MIM,0.5,7.770833333333333,5.0,0,43
engr1,HTC,FGSM,0.3,MIM,0.6,7.770833333333333,5.0,0,43
engr1,HTC,FGSM,0.3,MIM,0.7,7.770833333333333,5.0,0,43
engr1,HTC,FGSM,0.3,MIM,0.8,7.770833333333333,5.0,0,43
engr1,HTC,FGSM,0.3,MIM,0.9,7.770833333333333,5.0,0,43
engr1,HTC,FGSM,0.3,MIM,1.0,7.770833333333333,5.0,0,43
engr1,LG,FGSM,0.3,MIM,0.1,5.9375,4.0,0,19
engr1,LG,FGSM,0.3,MIM,0.2,6.958333333333333,6.5,0,18
engr1,LG,FGSM,0.3,MIM,0.3,7.0625,6.0,0,27
engr1,LG,FGSM,0.3,MIM,0.4,8.666666666666666,7.0,0,44
engr1,LG,FGSM,0.3,MIM,0.5,8.666666666666666,7.0,0,44
engr1,LG,FGSM,0.3,MIM,0.6,8.666666666666666,7.0,0,44
engr1,LG,FGSM,0.3,MIM,0.7,8.666666666666666,7.0,0,44
engr1,LG,FGSM,0.3,MIM,0.8,8.666666666666666,7.0,0,44
engr1,LG,FGSM,0.3,MIM,0.9,8.666666666666666,7.0,0,44
engr1,LG,FGSM,0.3,MIM,1.0,8.666666666666666,7.0,0,44
engr1,MOTO,FGSM,0.3,MIM,0.1,6.583333333333333,5.0,0,39
engr1,MOTO,FGSM,0.3,MIM,0.2,6.208333333333333,4.5,0,22
engr1,MOTO,FGSM,0.3,MIM,0.3,8.979166666666666,5.0,1,39
engr1,MOTO,FGSM,0.3,MIM,0.4,10.541666666666666,6.5,0,39
engr1,MOTO,FGSM,0.3,MIM,0.5,10.541666666666666,6.5,0,39
engr1,MOTO,FGSM,0.3,MIM,0.6,10.541666666666666,6.5,0,39
engr1,MOTO,FGSM,0.3,MIM,0.7,10.541666666666666,6.5,0,39
engr1,MOTO,FGSM,0.3,MIM,0.8,10.541666666666666,6.5,0,39
engr1,MOTO,FGSM,0.3,MIM,0.9,10.541666666666666,6.5,0,39
engr1,MOTO,FGSM,0.3,MIM,1.0,10.541666666666666,6.5,0,39
engr1,OP3,FGSM,0.3,MIM,0.1,4.1875,3.0,0,32
engr1,OP3,FGSM,0.3,MIM,0.2,4.75,4.0,0,21
engr1,OP3,FGSM,0.3,MIM,0.3,4.666666666666667,4.0,0,24
engr1,OP3,FGSM,0.3,MIM,0.4,5.479166666666667,4.0,0,24
engr1,OP3,FGSM,0.3,MIM,0.5,5.479166666666667,4.0,0,24
engr1,OP3,FGSM,0.3,MIM,0.6,5.479166666666667,4.0,0,24
engr1,OP3,FGSM,0.3,MIM,0.7,5.479166666666667,4.0,0,24
engr1,OP3,FGSM,0.3,MIM,0.8,5.479166666666667,4.0,0,24
engr1,OP3,FGSM,0.3,MIM,0.9,5.479166666666667,4.0,0,24
engr1,OP3,FGSM,0.3,MIM,1.0,5.479166666666667,4.0,0,24
engr1,S7,FGSM,0.3,MIM,0.1,5.854166666666667,4.0,0,32
engr1,S7,FGSM,0.3,MIM,0.2,5.6875,4.0,0,27
engr1,S7,FGSM,0.3,MIM,0.3,7.583333333333333,5.0,0,47
engr1,S7,FGSM,0.3,MIM,0.4,7.541666666666667,5.0,0,47
engr1,S7,FGSM,0.3,MIM,0.5,7.541666666666667,5.0,0,47
engr1,S7,FGSM,0.3,MIM,0.6,7.541666666666667,5.0,0,47
engr1,S7,FGSM,0.3,MIM,0.7,7.541666666666667,5.0,0,47
engr1,S7,FGSM,0.3,MIM,0.8,7.541666666666667,5.0,0,47
engr1,S7,FGSM,0.3,MIM,0.9,7.541666666666667,5.0,0,47
engr1,S7,FGSM,0.3,MIM,1.0,7.541666666666667,5.0,0,47
engr1,BLU,FGSM,0.4,MIM,0.1,3.5,3.0,0,16
engr1,BLU,FGSM,0.4,MIM,0.2,15.729166666666666,15.0,0,39
engr1,BLU,FGSM,0.4,MIM,0.3,15.125,12.5,1,39
engr1,BLU,FGSM,0.4,MIM,0.4,11.458333333333334,7.5,0,31
engr1,BLU,FGSM,0.4,MIM,0.5,11.458333333333334,7.5,0,31
engr1,BLU,FGSM,0.4,MIM,0.6,11.458333333333334,7.5,0,31
engr1,BLU,FGSM,0.4,MIM,0.7,11.458333333333334,7.5,0,31
engr1,BLU,FGSM,0.4,MIM,0.8,11.458333333333334,7.5,0,31
engr1,BLU,FGSM,0.4,MIM,0.9,11.458333333333334,7.5,0,31
engr1,BLU,FGSM,0.4,MIM,1.0,11.458333333333334,7.5,0,31
engr1,HTC,FGSM,0.4,MIM,0.1,5.458333333333333,4.0,0,19
engr1,HTC,FGSM,0.4,MIM,0.2,7.958333333333333,5.0,1,47
engr1,HTC,FGSM,0.4,MIM,0.3,7.0,5.0,0,24
engr1,HTC,FGSM,0.4,MIM,0.4,7.6875,5.0,0,46
engr1,HTC,FGSM,0.4,MIM,0.5,7.6875,5.0,0,46
engr1,HTC,FGSM,0.4,MIM,0.6,7.6875,5.0,0,46
engr1,HTC,FGSM,0.4,MIM,0.7,7.6875,5.0,0,46
engr1,HTC,FGSM,0.4,MIM,0.8,7.6875,5.0,0,46
engr1,HTC,FGSM,0.4,MIM,0.9,7.6875,5.0,0,46
engr1,HTC,FGSM,0.4,MIM,1.0,7.6875,5.0,0,46
engr1,LG,FGSM,0.4,MIM,0.1,5.729166666666667,4.0,0,23
engr1,LG,FGSM,0.4,MIM,0.2,7.8125,6.0,0,47
engr1,LG,FGSM,0.4,MIM,0.3,7.958333333333333,6.0,0,47
engr1,LG,FGSM,0.4,MIM,0.4,7.708333333333333,6.0,0,47
engr1,LG,FGSM,0.4,MIM,0.5,7.708333333333333,6.0,0,47
engr1,LG,FGSM,0.4,MIM,0.6,7.708333333333333,6.0,0,47
engr1,LG,FGSM,0.4,MIM,0.7,7.708333333333333,6.0,0,47
engr1,LG,FGSM,0.4,MIM,0.8,7.708333333333333,6.0,0,47
engr1,LG,FGSM,0.4,MIM,0.9,7.708333333333333,6.0,0,47
engr1,LG,FGSM,0.4,MIM,1.0,7.708333333333333,6.0,0,47
engr1,MOTO,FGSM,0.4,MIM,0.1,4.166666666666667,3.0,0,21
engr1,MOTO,FGSM,0.4,MIM,0.2,7.229166666666667,5.5,0,28
engr1,MOTO,FGSM,0.4,MIM,0.3,8.354166666666666,6.0,1,34
engr1,MOTO,FGSM,0.4,MIM,0.4,8.0625,6.0,1,39
engr1,MOTO,FGSM,0.4,MIM,0.5,8.0625,6.0,1,39
engr1,MOTO,FGSM,0.4,MIM,0.6,8.0625,6.0,1,39
engr1,MOTO,FGSM,0.4,MIM,0.7,8.0625,6.0,1,39
engr1,MOTO,FGSM,0.4,MIM,0.8,8.0625,6.0,1,39
engr1,MOTO,FGSM,0.4,MIM,0.9,8.0625,6.0,1,39
engr1,MOTO,FGSM,0.4,MIM,1.0,8.0625,6.0,1,39
engr1,OP3,FGSM,0.4,MIM,0.1,3.6875,2.0,0,23
engr1,OP3,FGSM,0.4,MIM,0.2,4.895833333333333,2.5,0,44
engr1,OP3,FGSM,0.4,MIM,0.3,5.6875,4.0,0,44
engr1,OP3,FGSM,0.4,MIM,0.4,5.520833333333333,3.5,0,44
engr1,OP3,FGSM,0.4,MIM,0.5,5.520833333333333,3.5,0,44
engr1,OP3,FGSM,0.4,MIM,0.6,5.520833333333333,3.5,0,44
engr1,OP3,FGSM,0.4,MIM,0.7,5.520833333333333,3.5,0,44
engr1,OP3,FGSM,0.4,MIM,0.8,5.520833333333333,3.5,0,44
engr1,OP3,FGSM,0.4,MIM,0.9,5.520833333333333,3.5,0,44
engr1,OP3,FGSM,0.4,MIM,1.0,5.520833333333333,3.5,0,44
engr1,S7,FGSM,0.4,MIM,0.1,4.604166666666667,4.0,0,24
engr1,S7,FGSM,0.4,MIM,0.2,7.0625,5.0,0,42
engr1,S7,FGSM,0.4,MIM,0.3,7.395833333333333,4.5,0,47
engr1,S7,FGSM,0.4,MIM,0.4,7.8125,5.5,0,47
engr1,S7,FGSM,0.4,MIM,0.5,7.8125,5.5,0,47
engr1,S7,FGSM,0.4,MIM,0.6,7.8125,5.5,0,47
engr1,S7,FGSM,0.4,MIM,0.7,7.8125,5.5,0,47
engr1,S7,FGSM,0.4,MIM,0.8,7.8125,5.5,0,47
engr1,S7,FGSM,0.4,MIM,0.9,7.8125,5.5,0,47
engr1,S7,FGSM,0.4,MIM,1.0,7.8125,5.5,0,47
engr1,BLU,FGSM,0.5,MIM,0.1,4.208333333333333,3.5,0,16
engr1,BLU,FGSM,0.5,MIM,0.2,16.625,15.5,0,39
engr1,BLU,FGSM,0.5,MIM,0.3,17.645833333333332,16.5,0,40
engr1,BLU,FGSM,0.5,MIM,0.4,19.125,18.5,0,42
engr1,BLU,FGSM,0.5,MIM,0.5,19.125,18.5,0,42
engr1,BLU,FGSM,0.5,MIM,0.6,19.125,18.5,0,42
engr1,BLU,FGSM,0.5,MIM,0.7,19.125,18.5,0,42
engr1,BLU,FGSM,0.5,MIM,0.8,19.125,18.5,0,42
engr1,BLU,FGSM,0.5,MIM,0.9,19.125,18.5,0,42
engr1,BLU,FGSM,0.5,MIM,1.0,19.125,18.5,0,42
engr1,HTC,FGSM,0.5,MIM,0.1,6.5625,5.0,0,20
engr1,HTC,FGSM,0.5,MIM,0.2,9.395833333333334,7.0,0,47
engr1,HTC,FGSM,0.5,MIM,0.3,8.729166666666666,7.5,0,28
engr1,HTC,FGSM,0.5,MIM,0.4,8.604166666666666,7.0,0,46
engr1,HTC,FGSM,0.5,MIM,0.5,8.604166666666666,7.0,0,46
engr1,HTC,FGSM,0.5,MIM,0.6,8.604166666666666,7.0,0,46
engr1,HTC,FGSM,0.5,MIM,0.7,8.604166666666666,7.0,0,46
engr1,HTC,FGSM,0.5,MIM,0.8,8.604166666666666,7.0,0,46
engr1,HTC,FGSM,0.5,MIM,0.9,8.604166666666666,7.0,0,46
engr1,HTC,FGSM,0.5,MIM,1.0,8.604166666666666,7.0,0,46
engr1,LG,FGSM,0.5,MIM,0.1,5.041666666666667,3.0,0,23
engr1,LG,FGSM,0.5,MIM,0.2,8.270833333333334,5.5,0,30
engr1,LG,FGSM,0.5,MIM,0.3,8.708333333333334,6.0,0,47
engr1,LG,FGSM,0.5,MIM,0.4,9.583333333333334,6.0,0,47
engr1,LG,FGSM,0.5,MIM,0.5,9.583333333333334,6.0,0,47
engr1,LG,FGSM,0.5,MIM,0.6,9.583333333333334,6.0,0,47
engr1,LG,FGSM,0.5,MIM,0.7,9.583333333333334,6.0,0,47
engr1,LG,FGSM,0.5,MIM,0.8,9.583333333333334,6.0,0,47
engr1,LG,FGSM,0.5,MIM,0.9,9.583333333333334,6.0,0,47
engr1,LG,FGSM,0.5,MIM,1.0,9.583333333333334,6.0,0,47
engr1,MOTO,FGSM,0.5,MIM,0.1,3.9166666666666665,3.0,0,21
engr1,MOTO,FGSM,0.5,MIM,0.2,7.895833333333333,6.0,0,33
engr1,MOTO,FGSM,0.5,MIM,0.3,8.75,5.5,0,42
engr1,MOTO,FGSM,0.5,MIM,0.4,7.8125,5.0,0,37
engr1,MOTO,FGSM,0.5,MIM,0.5,7.8125,5.0,0,37
engr1,MOTO,FGSM,0.5,MIM,0.6,7.8125,5.0,0,37
engr1,MOTO,FGSM,0.5,MIM,0.7,7.8125,5.0,0,37
engr1,MOTO,FGSM,0.5,MIM,0.8,7.8125,5.0,0,37
engr1,MOTO,FGSM,0.5,MIM,0.9,7.8125,5.0,0,37
engr1,MOTO,FGSM,0.5,MIM,1.0,7.8125,5.0,0,37
engr1,OP3,FGSM,0.5,MIM,0.1,4.291666666666667,3.0,0,19
engr1,OP3,FGSM,0.5,MIM,0.2,6.625,4.0,0,44
engr1,OP3,FGSM,0.5,MIM,0.3,7.0625,4.0,0,44
engr1,OP3,FGSM,0.5,MIM,0.4,6.875,4.0,0,44
engr1,OP3,FGSM,0.5,MIM,0.5,6.875,4.0,0,44
engr1,OP3,FGSM,0.5,MIM,0.6,6.875,4.0,0,44
engr1,OP3,FGSM,0.5,MIM,0.7,6.875,4.0,0,44
engr1,OP3,FGSM,0.5,MIM,0.8,6.875,4.0,0,44
engr1,OP3,FGSM,0.5,MIM,0.9,6.875,4.0,0,44
engr1,OP3,FGSM,0.5,MIM,1.0,6.875,4.0,0,44
engr1,S7,FGSM,0.5,MIM,0.1,4.270833333333333,3.5,0,20
engr1,S7,FGSM,0.5,MIM,0.2,7.0,4.5,0,39
engr1,S7,FGSM,0.5,MIM,0.3,7.8125,6.0,0,39
engr1,S7,FGSM,0.5,MIM,0.4,7.6875,6.0,0,42
engr1,S7,FGSM,0.5,MIM,0.5,7.6875,6.0,0,42
engr1,S7,FGSM,0.5,MIM,0.6,7.6875,6.0,0,42
engr1,S7,FGSM,0.5,MIM,0.7,7.6875,6.0,0,42
engr1,S7,FGSM,0.5,MIM,0.8,7.6875,6.0,0,42
engr1,S7,FGSM,0.5,MIM,0.9,7.6875,6.0,0,42
engr1,S7,FGSM,0.5,MIM,1.0,7.6875,6.0,0,42
engr1,BLU,FGSM,0.6,MIM,0.1,4.229166666666667,3.0,0,18
engr1,BLU,FGSM,0.6,MIM,0.2,17.104166666666668,16.5,0,39
engr1,BLU,FGSM,0.6,MIM,0.3,17.6875,16.5,0,41
engr1,BLU,FGSM,0.6,MIM,0.4,17.666666666666668,16.5,0,40
engr1,BLU,FGSM,0.6,MIM,0.5,17.666666666666668,16.5,0,40
engr1,BLU,FGSM,0.6,MIM,0.6,17.666666666666668,16.5,0,40
engr1,BLU,FGSM,0.6,MIM,0.7,17.666666666666668,16.5,0,40
engr1,BLU,FGSM,0.6,MIM,0.8,17.666666666666668,16.5,0,40
engr1,BLU,FGSM,0.6,MIM,0.9,17.666666666666668,16.5,0,40
engr1,BLU,FGSM,0.6,MIM,1.0,17.666666666666668,16.5,0,40
engr1,HTC,FGSM,0.6,MIM,0.1,6.583333333333333,5.0,0,21
engr1,HTC,FGSM,0.6,MIM,0.2,9.458333333333334,6.0,1,47
engr1,HTC,FGSM,0.6,MIM,0.3,9.4375,6.5,0,38
engr1,HTC,FGSM,0.6,MIM,0.4,9.4375,6.0,0,46
engr1,HTC,FGSM,0.6,MIM,0.5,9.4375,6.0,0,46
engr1,HTC,FGSM,0.6,MIM,0.6,9.4375,6.0,0,46
engr1,HTC,FGSM,0.6,MIM,0.7,9.4375,6.0,0,46
engr1,HTC,FGSM,0.6,MIM,0.8,9.4375,6.0,0,46
engr1,HTC,FGSM,0.6,MIM,0.9,9.4375,6.0,0,46
engr1,HTC,FGSM,0.6,MIM,1.0,9.4375,6.0,0,46
engr1,LG,FGSM,0.6,MIM,0.1,4.979166666666667,3.0,0,19
engr1,LG,FGSM,0.6,MIM,0.2,7.395833333333333,5.0,0,31
engr1,LG,FGSM,0.6,MIM,0.3,7.666666666666667,5.0,0,27
engr1,LG,FGSM,0.6,MIM,0.4,8.25,5.5,0,44
engr1,LG,FGSM,0.6,MIM,0.5,8.25,5.5,0,44
engr1,LG,FGSM,0.6,MIM,0.6,8.25,5.5,0,44
engr1,LG,FGSM,0.6,MIM,0.7,8.25,5.5,0,44
engr1,LG,FGSM,0.6,MIM,0.8,8.25,5.5,0,44
engr1,LG,FGSM,0.6,MIM,0.9,8.25,5.5,0,44
engr1,LG,FGSM,0.6,MIM,1.0,8.25,5.5,0,44
engr1,MOTO,FGSM,0.6,MIM,0.1,3.9791666666666665,3.0,0,12
engr1,MOTO,FGSM,0.6,MIM,0.2,7.666666666666667,5.0,0,37
engr1,MOTO,FGSM,0.6,MIM,0.3,8.958333333333334,5.0,0,40
engr1,MOTO,FGSM,0.6,MIM,0.4,8.895833333333334,5.0,0,37
engr1,MOTO,FGSM,0.6,MIM,0.5,8.895833333333334,5.0,0,37
engr1,MOTO,FGSM,0.6,MIM,0.6,8.895833333333334,5.0,0,37
engr1,MOTO,FGSM,0.6,MIM,0.7,8.895833333333334,5.0,0,37
engr1,MOTO,FGSM,0.6,MIM,0.8,8.895833333333334,5.0,0,37
engr1,MOTO,FGSM,0.6,MIM,0.9,8.895833333333334,5.0,0,37
engr1,MOTO,FGSM,0.6,MIM,1.0,8.895833333333334,5.0,0,37
engr1,OP3,FGSM,0.6,MIM,0.1,4.354166666666667,3.0,0,18
engr1,OP3,FGSM,0.6,MIM,0.2,6.8125,4.0,0,44
engr1,OP3,FGSM,0.6,MIM,0.3,8.020833333333334,5.0,0,44
engr1,OP3,FGSM,0.6,MIM,0.4,8.729166666666666,4.5,0,44
engr1,OP3,FGSM,0.6,MIM,0.5,8.729166666666666,4.5,0,44
engr1,OP3,FGSM,0.6,MIM,0.6,8.729166666666666,4.5,0,44
engr1,OP3,FGSM,0.6,MIM,0.7,8.729166666666666,4.5,0,44
engr1,OP3,FGSM,0.6,MIM,0.8,8.729166666666666,4.5,0,44
engr1,OP3,FGSM,0.6,MIM,0.9,8.729166666666666,4.5,0,44
engr1,OP3,FGSM,0.6,MIM,1.0,8.729166666666666,4.5,0,44
engr1,S7,FGSM,0.6,MIM,0.1,4.854166666666667,3.5,0,24
engr1,S7,FGSM,0.6,MIM,0.2,7.208333333333333,5.0,0,39
engr1,S7,FGSM,0.6,MIM,0.3,8.0,6.0,0,42
engr1,S7,FGSM,0.6,MIM,0.4,7.979166666666667,6.0,0,42
engr1,S7,FGSM,0.6,MIM,0.5,7.979166666666667,6.0,0,42
engr1,S7,FGSM,0.6,MIM,0.6,7.979166666666667,6.0,0,42
engr1,S7,FGSM,0.6,MIM,0.7,7.979166666666667,6.0,0,42
engr1,S7,FGSM,0.6,MIM,0.8,7.979166666666667,6.0,0,42
engr1,S7,FGSM,0.6,MIM,0.9,7.979166666666667,6.0,0,42
engr1,S7,FGSM,0.6,MIM,1.0,7.979166666666667,6.0,0,42
engr1,BLU,FGSM,0.7,MIM,0.1,4.229166666666667,3.0,0,18
engr1,BLU,FGSM,0.7,MIM,0.2,17.104166666666668,16.5,0,39
engr1,BLU,FGSM,0.7,MIM,0.3,17.6875,16.5,0,41
engr1,BLU,FGSM,0.7,MIM,0.4,17.666666666666668,16.5,0,40
engr1,BLU,FGSM,0.7,MIM,0.5,17.666666666666668,16.5,0,40
engr1,BLU,FGSM,0.7,MIM,0.6,17.666666666666668,16.5,0,40
engr1,BLU,FGSM,0.7,MIM,0.7,17.666666666666668,16.5,0,40
engr1,BLU,FGSM,0.7,MIM,0.8,17.666666666666668,16.5,0,40
engr1,BLU,FGSM,0.7,MIM,0.9,17.666666666666668,16.5,0,40
engr1,BLU,FGSM,0.7,MIM,1.0,17.666666666666668,16.5,0,40
engr1,HTC,FGSM,0.7,MIM,0.1,6.583333333333333,5.0,0,21
engr1,HTC,FGSM,0.7,MIM,0.2,9.458333333333334,6.0,1,47
engr1,HTC,FGSM,0.7,MIM,0.3,9.4375,6.5,0,38
engr1,HTC,FGSM,0.7,MIM,0.4,9.4375,6.0,0,46
engr1,HTC,FGSM,0.7,MIM,0.5,9.4375,6.0,0,46
engr1,HTC,FGSM,0.7,MIM,0.6,9.4375,6.0,0,46
engr1,HTC,FGSM,0.7,MIM,0.7,9.4375,6.0,0,46
engr1,HTC,FGSM,0.7,MIM,0.8,9.4375,6.0,0,46
engr1,HTC,FGSM,0.7,MIM,0.9,9.4375,6.0,0,46
engr1,HTC,FGSM,0.7,MIM,1.0,9.4375,6.0,0,46
engr1,LG,FGSM,0.7,MIM,0.1,4.979166666666667,3.0,0,19
engr1,LG,FGSM,0.7,MIM,0.2,7.395833333333333,5.0,0,31
engr1,LG,FGSM,0.7,MIM,0.3,7.791666666666667,5.5,0,27
engr1,LG,FGSM,0.7,MIM,0.4,7.583333333333333,5.5,0,27
engr1,LG,FGSM,0.7,MIM,0.5,7.583333333333333,5.5,0,27
engr1,LG,FGSM,0.7,MIM,0.6,7.583333333333333,5.5,0,27
engr1,LG,FGSM,0.7,MIM,0.7,7.583333333333333,5.5,0,27
engr1,LG,FGSM,0.7,MIM,0.8,7.583333333333333,5.5,0,27
engr1,LG,FGSM,0.7,MIM,0.9,7.583333333333333,5.5,0,27
engr1,LG,FGSM,0.7,MIM,1.0,7.583333333333333,5.5,0,27
engr1,MOTO,FGSM,0.7,MIM,0.1,3.9791666666666665,3.0,0,12
engr1,MOTO,FGSM,0.7,MIM,0.2,6.9375,5.0,0,32
engr1,MOTO,FGSM,0.7,MIM,0.3,8.916666666666666,5.0,0,40
engr1,MOTO,FGSM,0.7,MIM,0.4,8.833333333333334,5.0,0,37
engr1,MOTO,FGSM,0.7,MIM,0.5,8.833333333333334,5.0,0,37
engr1,MOTO,FGSM,0.7,MIM,0.6,8.833333333333334,5.0,0,37
engr1,MOTO,FGSM,0.7,MIM,0.7,8.833333333333334,5.0,0,37
engr1,MOTO,FGSM,0.7,MIM,0.8,8.833333333333334,5.0,0,37
engr1,MOTO,FGSM,0.7,MIM,0.9,8.833333333333334,5.0,0,37
engr1,MOTO,FGSM,0.7,MIM,1.0,8.833333333333334,5.0,0,37
engr1,OP3,FGSM,0.7,MIM,0.1,4.354166666666667,3.0,0,18
engr1,OP3,FGSM,0.7,MIM,0.2,6.8125,4.0,0,44
engr1,OP3,FGSM,0.7,MIM,0.3,8.020833333333334,5.0,0,44
engr1,OP3,FGSM,0.7,MIM,0.4,8.645833333333334,4.5,0,44
engr1,OP3,FGSM,0.7,MIM,0.5,8.645833333333334,4.5,0,44
engr1,OP3,FGSM,0.7,MIM,0.6,8.645833333333334,4.5,0,44
engr1,OP3,FGSM,0.7,MIM,0.7,8.645833333333334,4.5,0,44
engr1,OP3,FGSM,0.7,MIM,0.8,8.645833333333334,4.5,0,44
engr1,OP3,FGSM,0.7,MIM,0.9,8.645833333333334,4.5,0,44
engr1,OP3,FGSM,0.7,MIM,1.0,8.645833333333334,4.5,0,44
engr1,S7,FGSM,0.7,MIM,0.1,4.854166666666667,3.5,0,24
engr1,S7,FGSM,0.7,MIM,0.2,7.208333333333333,5.0,0,39
engr1,S7,FGSM,0.7,MIM,0.3,8.0,6.0,0,42
engr1,S7,FGSM,0.7,MIM,0.4,8.166666666666666,6.0,0,42
engr1,S7,FGSM,0.7,MIM,0.5,8.166666666666666,6.0,0,42
engr1,S7,FGSM,0.7,MIM,0.6,8.166666666666666,6.0,0,42
engr1,S7,FGSM,0.7,MIM,0.7,8.166666666666666,6.0,0,42
engr1,S7,FGSM,0.7,MIM,0.8,8.166666666666666,6.0,0,42
engr1,S7,FGSM,0.7,MIM,0.9,8.166666666666666,6.0,0,42
engr1,S7,FGSM,0.7,MIM,1.0,8.166666666666666,6.0,0,42
engr1,BLU,FGSM,0.8,MIM,0.1,4.229166666666667,3.0,0,18
engr1,BLU,FGSM,0.8,MIM,0.2,17.104166666666668,16.5,0,39
engr1,BLU,FGSM,0.8,MIM,0.3,17.6875,16.5,0,41
engr1,BLU,FGSM,0.8,MIM,0.4,17.666666666666668,16.5,0,40
engr1,BLU,FGSM,0.8,MIM,0.5,17.666666666666668,16.5,0,40
engr1,BLU,FGSM,0.8,MIM,0.6,17.666666666666668,16.5,0,40
engr1,BLU,FGSM,0.8,MIM,0.7,17.666666666666668,16.5,0,40
engr1,BLU,FGSM,0.8,MIM,0.8,17.666666666666668,16.5,0,40
engr1,BLU,FGSM,0.8,MIM,0.9,17.666666666666668,16.5,0,40
engr1,BLU,FGSM,0.8,MIM,1.0,17.666666666666668,16.5,0,40
engr1,HTC,FGSM,0.8,MIM,0.1,6.583333333333333,5.0,0,21
engr1,HTC,FGSM,0.8,MIM,0.2,9.458333333333334,6.0,1,47
engr1,HTC,FGSM,0.8,MIM,0.3,9.4375,6.5,0,38
engr1,HTC,FGSM,0.8,MIM,0.4,9.4375,6.0,0,46
engr1,HTC,FGSM,0.8,MIM,0.5,9.4375,6.0,0,46
engr1,HTC,FGSM,0.8,MIM,0.6,9.4375,6.0,0,46
engr1,HTC,FGSM,0.8,MIM,0.7,9.4375,6.0,0,46
engr1,HTC,FGSM,0.8,MIM,0.8,9.4375,6.0,0,46
engr1,HTC,FGSM,0.8,MIM,0.9,9.4375,6.0,0,46
engr1,HTC,FGSM,0.8,MIM,1.0,9.4375,6.0,0,46
engr1,LG,FGSM,0.8,MIM,0.1,4.979166666666667,3.0,0,19
engr1,LG,FGSM,0.8,MIM,0.2,7.395833333333333,5.0,0,31
engr1,LG,FGSM,0.8,MIM,0.3,7.791666666666667,5.5,0,27
engr1,LG,FGSM,0.8,MIM,0.4,7.583333333333333,5.5,0,27
engr1,LG,FGSM,0.8,MIM,0.5,7.583333333333333,5.5,0,27
engr1,LG,FGSM,0.8,MIM,0.6,7.583333333333333,5.5,0,27
engr1,LG,FGSM,0.8,MIM,0.7,7.583333333333333,5.5,0,27
engr1,LG,FGSM,0.8,MIM,0.8,7.583333333333333,5.5,0,27
engr1,LG,FGSM,0.8,MIM,0.9,7.583333333333333,5.5,0,27
engr1,LG,FGSM,0.8,MIM,1.0,7.583333333333333,5.5,0,27
engr1,MOTO,FGSM,0.8,MIM,0.1,3.9791666666666665,3.0,0,12
engr1,MOTO,FGSM,0.8,MIM,0.2,6.9375,5.0,0,32
engr1,MOTO,FGSM,0.8,MIM,0.3,9.166666666666666,5.0,0,40
engr1,MOTO,FGSM,0.8,MIM,0.4,9.083333333333334,5.0,0,37
engr1,MOTO,FGSM,0.8,MIM,0.5,9.083333333333334,5.0,0,37
engr1,MOTO,FGSM,0.8,MIM,0.6,9.083333333333334,5.0,0,37
engr1,MOTO,FGSM,0.8,MIM,0.7,9.083333333333334,5.0,0,37
engr1,MOTO,FGSM,0.8,MIM,0.8,9.083333333333334,5.0,0,37
engr1,MOTO,FGSM,0.8,MIM,0.9,9.083333333333334,5.0,0,37
engr1,MOTO,FGSM,0.8,MIM,1.0,9.083333333333334,5.0,0,37
engr1,OP3,FGSM,0.8,MIM,0.1,4.354166666666667,3.0,0,18
engr1,OP3,FGSM,0.8,MIM,0.2,6.8125,4.0,0,44
engr1,OP3,FGSM,0.8,MIM,0.3,8.020833333333334,5.0,0,44
engr1,OP3,FGSM,0.8,MIM,0.4,8.645833333333334,4.5,0,44
engr1,OP3,FGSM,0.8,MIM,0.5,8.645833333333334,4.5,0,44
engr1,OP3,FGSM,0.8,MIM,0.6,8.645833333333334,4.5,0,44
engr1,OP3,FGSM,0.8,MIM,0.7,8.645833333333334,4.5,0,44
engr1,OP3,FGSM,0.8,MIM,0.8,8.645833333333334,4.5,0,44
engr1,OP3,FGSM,0.8,MIM,0.9,8.645833333333334,4.5,0,44
engr1,OP3,FGSM,0.8,MIM,1.0,8.645833333333334,4.5,0,44
engr1,S7,FGSM,0.8,MIM,0.1,4.854166666666667,3.5,0,24
engr1,S7,FGSM,0.8,MIM,0.2,7.208333333333333,5.0,0,39
engr1,S7,FGSM,0.8,MIM,0.3,8.0,6.0,0,42
engr1,S7,FGSM,0.8,MIM,0.4,8.166666666666666,6.0,0,42
engr1,S7,FGSM,0.8,MIM,0.5,8.166666666666666,6.0,0,42
engr1,S7,FGSM,0.8,MIM,0.6,8.166666666666666,6.0,0,42
engr1,S7,FGSM,0.8,MIM,0.7,8.166666666666666,6.0,0,42
engr1,S7,FGSM,0.8,MIM,0.8,8.166666666666666,6.0,0,42
engr1,S7,FGSM,0.8,MIM,0.9,8.166666666666666,6.0,0,42
engr1,S7,FGSM,0.8,MIM,1.0,8.166666666666666,6.0,0,42
engr1,BLU,FGSM,0.9,MIM,0.1,4.229166666666667,3.0,0,18
engr1,BLU,FGSM,0.9,MIM,0.2,17.104166666666668,16.5,0,39
engr1,BLU,FGSM,0.9,MIM,0.3,17.6875,16.5,0,41
engr1,BLU,FGSM,0.9,MIM,0.4,17.666666666666668,16.5,0,40
engr1,BLU,FGSM,0.9,MIM,0.5,17.666666666666668,16.5,0,40
engr1,BLU,FGSM,0.9,MIM,0.6,17.666666666666668,16.5,0,40
engr1,BLU,FGSM,0.9,MIM,0.7,17.666666666666668,16.5,0,40
engr1,BLU,FGSM,0.9,MIM,0.8,17.666666666666668,16.5,0,40
engr1,BLU,FGSM,0.9,MIM,0.9,17.666666666666668,16.5,0,40
engr1,BLU,FGSM,0.9,MIM,1.0,17.666666666666668,16.5,0,40
engr1,HTC,FGSM,0.9,MIM,0.1,6.583333333333333,5.0,0,21
engr1,HTC,FGSM,0.9,MIM,0.2,9.458333333333334,6.0,1,47
engr1,HTC,FGSM,0.9,MIM,0.3,9.4375,6.5,0,38
engr1,HTC,FGSM,0.9,MIM,0.4,9.4375,6.0,0,46
engr1,HTC,FGSM,0.9,MIM,0.5,9.4375,6.0,0,46
engr1,HTC,FGSM,0.9,MIM,0.6,9.4375,6.0,0,46
engr1,HTC,FGSM,0.9,MIM,0.7,9.4375,6.0,0,46
engr1,HTC,FGSM,0.9,MIM,0.8,9.4375,6.0,0,46
engr1,HTC,FGSM,0.9,MIM,0.9,9.4375,6.0,0,46
engr1,HTC,FGSM,0.9,MIM,1.0,9.4375,6.0,0,46
engr1,LG,FGSM,0.9,MIM,0.1,4.979166666666667,3.0,0,19
engr1,LG,FGSM,0.9,MIM,0.2,7.395833333333333,5.0,0,31
engr1,LG,FGSM,0.9,MIM,0.3,7.791666666666667,5.5,0,27
engr1,LG,FGSM,0.9,MIM,0.4,7.583333333333333,5.5,0,27
engr1,LG,FGSM,0.9,MIM,0.5,7.583333333333333,5.5,0,27
engr1,LG,FGSM,0.9,MIM,0.6,7.583333333333333,5.5,0,27
engr1,LG,FGSM,0.9,MIM,0.7,7.583333333333333,5.5,0,27
engr1,LG,FGSM,0.9,MIM,0.8,7.583333333333333,5.5,0,27
engr1,LG,FGSM,0.9,MIM,0.9,7.583333333333333,5.5,0,27
engr1,LG,FGSM,0.9,MIM,1.0,7.583333333333333,5.5,0,27
engr1,MOTO,FGSM,0.9,MIM,0.1,3.9791666666666665,3.0,0,12
engr1,MOTO,FGSM,0.9,MIM,0.2,6.9375,5.0,0,32
engr1,MOTO,FGSM,0.9,MIM,0.3,9.166666666666666,5.0,0,40
engr1,MOTO,FGSM,0.9,MIM,0.4,9.083333333333334,5.0,0,37
engr1,MOTO,FGSM,0.9,MIM,0.5,9.083333333333334,5.0,0,37
engr1,MOTO,FGSM,0.9,MIM,0.6,9.083333333333334,5.0,0,37
engr1,MOTO,FGSM,0.9,MIM,0.7,9.083333333333334,5.0,0,37
engr1,MOTO,FGSM,0.9,MIM,0.8,9.083333333333334,5.0,0,37
engr1,MOTO,FGSM,0.9,MIM,0.9,9.083333333333334,5.0,0,37
engr1,MOTO,FGSM,0.9,MIM,1.0,9.083333333333334,5.0,0,37
engr1,OP3,FGSM,0.9,MIM,0.1,4.354166666666667,3.0,0,18
engr1,OP3,FGSM,0.9,MIM,0.2,6.8125,4.0,0,44
engr1,OP3,FGSM,0.9,MIM,0.3,8.020833333333334,5.0,0,44
engr1,OP3,FGSM,0.9,MIM,0.4,8.645833333333334,4.5,0,44
engr1,OP3,FGSM,0.9,MIM,0.5,8.645833333333334,4.5,0,44
engr1,OP3,FGSM,0.9,MIM,0.6,8.645833333333334,4.5,0,44
engr1,OP3,FGSM,0.9,MIM,0.7,8.645833333333334,4.5,0,44
engr1,OP3,FGSM,0.9,MIM,0.8,8.645833333333334,4.5,0,44
engr1,OP3,FGSM,0.9,MIM,0.9,8.645833333333334,4.5,0,44
engr1,OP3,FGSM,0.9,MIM,1.0,8.645833333333334,4.5,0,44
engr1,S7,FGSM,0.9,MIM,0.1,4.854166666666667,3.5,0,24
engr1,S7,FGSM,0.9,MIM,0.2,7.208333333333333,5.0,0,39
engr1,S7,FGSM,0.9,MIM,0.3,8.0,6.0,0,42
engr1,S7,FGSM,0.9,MIM,0.4,8.166666666666666,6.0,0,42
engr1,S7,FGSM,0.9,MIM,0.5,8.166666666666666,6.0,0,42
engr1,S7,FGSM,0.9,MIM,0.6,8.166666666666666,6.0,0,42
engr1,S7,FGSM,0.9,MIM,0.7,8.166666666666666,6.0,0,42
engr1,S7,FGSM,0.9,MIM,0.8,8.166666666666666,6.0,0,42
engr1,S7,FGSM,0.9,MIM,0.9,8.166666666666666,6.0,0,42
engr1,S7,FGSM,0.9,MIM,1.0,8.166666666666666,6.0,0,42
engr1,BLU,FGSM,1.0,MIM,0.1,4.229166666666667,3.0,0,18
engr1,BLU,FGSM,1.0,MIM,0.2,17.104166666666668,16.5,0,39
engr1,BLU,FGSM,1.0,MIM,0.3,17.6875,16.5,0,41
engr1,BLU,FGSM,1.0,MIM,0.4,17.666666666666668,16.5,0,40
engr1,BLU,FGSM,1.0,MIM,0.5,17.666666666666668,16.5,0,40
engr1,BLU,FGSM,1.0,MIM,0.6,17.666666666666668,16.5,0,40
engr1,BLU,FGSM,1.0,MIM,0.7,17.666666666666668,16.5,0,40
engr1,BLU,FGSM,1.0,MIM,0.8,17.666666666666668,16.5,0,40
engr1,BLU,FGSM,1.0,MIM,0.9,17.666666666666668,16.5,0,40
engr1,BLU,FGSM,1.0,MIM,1.0,17.666666666666668,16.5,0,40
engr1,HTC,FGSM,1.0,MIM,0.1,6.583333333333333,5.0,0,21
engr1,HTC,FGSM,1.0,MIM,0.2,9.458333333333334,6.0,1,47
engr1,HTC,FGSM,1.0,MIM,0.3,9.4375,6.5,0,38
engr1,HTC,FGSM,1.0,MIM,0.4,9.4375,6.0,0,46
engr1,HTC,FGSM,1.0,MIM,0.5,9.4375,6.0,0,46
engr1,HTC,FGSM,1.0,MIM,0.6,9.4375,6.0,0,46
engr1,HTC,FGSM,1.0,MIM,0.7,9.4375,6.0,0,46
engr1,HTC,FGSM,1.0,MIM,0.8,9.4375,6.0,0,46
engr1,HTC,FGSM,1.0,MIM,0.9,9.4375,6.0,0,46
engr1,HTC,FGSM,1.0,MIM,1.0,9.4375,6.0,0,46
engr1,LG,FGSM,1.0,MIM,0.1,4.979166666666667,3.0,0,19
engr1,LG,FGSM,1.0,MIM,0.2,7.395833333333333,5.0,0,31
engr1,LG,FGSM,1.0,MIM,0.3,7.791666666666667,5.5,0,27
engr1,LG,FGSM,1.0,MIM,0.4,7.583333333333333,5.5,0,27
engr1,LG,FGSM,1.0,MIM,0.5,7.583333333333333,5.5,0,27
engr1,LG,FGSM,1.0,MIM,0.6,7.583333333333333,5.5,0,27
engr1,LG,FGSM,1.0,MIM,0.7,7.583333333333333,5.5,0,27
engr1,LG,FGSM,1.0,MIM,0.8,7.583333333333333,5.5,0,27
engr1,LG,FGSM,1.0,MIM,0.9,7.583333333333333,5.5,0,27
engr1,LG,FGSM,1.0,MIM,1.0,7.583333333333333,5.5,0,27
engr1,MOTO,FGSM,1.0,MIM,0.1,3.9791666666666665,3.0,0,12
engr1,MOTO,FGSM,1.0,MIM,0.2,6.9375,5.0,0,32
engr1,MOTO,FGSM,1.0,MIM,0.3,9.166666666666666,5.0,0,40
engr1,MOTO,FGSM,1.0,MIM,0.4,9.083333333333334,5.0,0,37
engr1,MOTO,FGSM,1.0,MIM,0.5,9.083333333333334,5.0,0,37
engr1,MOTO,FGSM,1.0,MIM,0.6,9.083333333333334,5.0,0,37
engr1,MOTO,FGSM,1.0,MIM,0.7,9.083333333333334,5.0,0,37
engr1,MOTO,FGSM,1.0,MIM,0.8,9.083333333333334,5.0,0,37
engr1,MOTO,FGSM,1.0,MIM,0.9,9.083333333333334,5.0,0,37
engr1,MOTO,FGSM,1.0,MIM,1.0,9.083333333333334,5.0,0,37
engr1,OP3,FGSM,1.0,MIM,0.1,4.354166666666667,3.0,0,18
engr1,OP3,FGSM,1.0,MIM,0.2,6.8125,4.0,0,44
engr1,OP3,FGSM,1.0,MIM,0.3,8.020833333333334,5.0,0,44
engr1,OP3,FGSM,1.0,MIM,0.4,8.645833333333334,4.5,0,44
engr1,OP3,FGSM,1.0,MIM,0.5,8.645833333333334,4.5,0,44
engr1,OP3,FGSM,1.0,MIM,0.6,8.645833333333334,4.5,0,44
engr1,OP3,FGSM,1.0,MIM,0.7,8.645833333333334,4.5,0,44
engr1,OP3,FGSM,1.0,MIM,0.8,8.645833333333334,4.5,0,44
engr1,OP3,FGSM,1.0,MIM,0.9,8.645833333333334,4.5,0,44
engr1,OP3,FGSM,1.0,MIM,1.0,8.645833333333334,4.5,0,44
engr1,S7,FGSM,1.0,MIM,0.1,4.854166666666667,3.5,0,24
engr1,S7,FGSM,1.0,MIM,0.2,7.208333333333333,5.0,0,39
engr1,S7,FGSM,1.0,MIM,0.3,8.0,6.0,0,42
engr1,S7,FGSM,1.0,MIM,0.4,8.166666666666666,6.0,0,42
engr1,S7,FGSM,1.0,MIM,0.5,8.166666666666666,6.0,0,42
engr1,S7,FGSM,1.0,MIM,0.6,8.166666666666666,6.0,0,42
engr1,S7,FGSM,1.0,MIM,0.7,8.166666666666666,6.0,0,42
engr1,S7,FGSM,1.0,MIM,0.8,8.166666666666666,6.0,0,42
engr1,S7,FGSM,1.0,MIM,0.9,8.166666666666666,6.0,0,42
engr1,S7,FGSM,1.0,MIM,1.0,8.166666666666666,6.0,0,42
engr1,BLU,PGD,0.1,MIM,0.1,6.645833333333333,4.0,0,37
engr1,BLU,PGD,0.1,MIM,0.2,14.229166666666666,12.0,1,39
engr1,BLU,PGD,0.1,MIM,0.3,15.833333333333334,16.5,1,34
engr1,BLU,PGD,0.1,MIM,0.4,15.895833333333334,16.5,1,34
engr1,BLU,PGD,0.1,MIM,0.5,15.895833333333334,16.5,1,34
engr1,BLU,PGD,0.1,MIM,0.6,15.895833333333334,16.5,1,34
engr1,BLU,PGD,0.1,MIM,0.7,15.895833333333334,16.5,1,34
engr1,BLU,PGD,0.1,MIM,0.8,15.895833333333334,16.5,1,34
engr1,BLU,PGD,0.1,MIM,0.9,15.895833333333334,16.5,1,34
engr1,BLU,PGD,0.1,MIM,1.0,15.895833333333334,16.5,1,34
engr1,HTC,PGD,0.1,MIM,0.1,5.645833333333333,5.0,0,17
engr1,HTC,PGD,0.1,MIM,0.2,9.229166666666666,7.5,0,47
engr1,HTC,PGD,0.1,MIM,0.3,10.833333333333334,8.5,1,32
engr1,HTC,PGD,0.1,MIM,0.4,11.145833333333334,8.5,0,39
engr1,HTC,PGD,0.1,MIM,0.5,11.145833333333334,8.5,0,39
engr1,HTC,PGD,0.1,MIM,0.6,11.145833333333334,8.5,0,39
engr1,HTC,PGD,0.1,MIM,0.7,11.145833333333334,8.5,0,39
engr1,HTC,PGD,0.1,MIM,0.8,11.145833333333334,8.5,0,39
engr1,HTC,PGD,0.1,MIM,0.9,11.145833333333334,8.5,0,39
engr1,HTC,PGD,0.1,MIM,1.0,11.145833333333334,8.5,0,39
engr1,LG,PGD,0.1,MIM,0.1,7.0625,6.0,0,23
engr1,LG,PGD,0.1,MIM,0.2,9.8125,8.5,0,29
engr1,LG,PGD,0.1,MIM,0.3,12.625,9.0,0,47
engr1,LG,PGD,0.1,MIM,0.4,13.041666666666666,9.0,0,44
engr1,LG,PGD,0.1,MIM,0.5,13.041666666666666,9.0,0,44
engr1,LG,PGD,0.1,MIM,0.6,13.041666666666666,9.0,0,44
engr1,LG,PGD,0.1,MIM,0.7,13.041666666666666,9.0,0,44
engr1,LG,PGD,0.1,MIM,0.8,13.041666666666666,9.0,0,44
engr1,LG,PGD,0.1,MIM,0.9,13.041666666666666,9.0,0,44
engr1,LG,PGD,0.1,MIM,1.0,13.041666666666666,9.0,0,44
engr1,MOTO,PGD,0.1,MIM,0.1,5.5625,4.0,0,26
engr1,MOTO,PGD,0.1,MIM,0.2,9.604166666666666,6.0,1,44
engr1,MOTO,PGD,0.1,MIM,0.3,9.208333333333334,6.5,0,44
engr1,MOTO,PGD,0.1,MIM,0.4,9.729166666666666,7.0,0,39
engr1,MOTO,PGD,0.1,MIM,0.5,9.729166666666666,7.0,0,39
engr1,MOTO,PGD,0.1,MIM,0.6,9.729166666666666,7.0,0,39
engr1,MOTO,PGD,0.1,MIM,0.7,9.729166666666666,7.0,0,39
engr1,MOTO,PGD,0.1,MIM,0.8,9.729166666666666,7.0,0,39
engr1,MOTO,PGD,0.1,MIM,0.9,9.729166666666666,7.0,0,39
engr1,MOTO,PGD,0.1,MIM,1.0,9.729166666666666,7.0,0,39
engr1,OP3,PGD,0.1,MIM,0.1,4.104166666666667,2.5,0,25
engr1,OP3,PGD,0.1,MIM,0.2,8.791666666666666,5.0,0,41
engr1,OP3,PGD,0.1,MIM,0.3,9.979166666666666,6.0,0,41
engr1,OP3,PGD,0.1,MIM,0.4,10.208333333333334,5.0,0,43
engr1,OP3,PGD,0.1,MIM,0.5,10.208333333333334,5.0,0,43
engr1,OP3,PGD,0.1,MIM,0.6,10.208333333333334,5.0,0,43
engr1,OP3,PGD,0.1,MIM,0.7,10.208333333333334,5.0,0,43
engr1,OP3,PGD,0.1,MIM,0.8,10.208333333333334,5.0,0,43
engr1,OP3,PGD,0.1,MIM,0.9,10.208333333333334,5.0,0,43
engr1,OP3,PGD,0.1,MIM,1.0,10.208333333333334,5.0,0,43
engr1,S7,PGD,0.1,MIM,0.1,4.604166666666667,3.0,0,20
engr1,S7,PGD,0.1,MIM,0.2,7.458333333333333,4.5,0,38
engr1,S7,PGD,0.1,MIM,0.3,8.333333333333334,5.0,0,38
engr1,S7,PGD,0.1,MIM,0.4,8.645833333333334,6.0,0,38
engr1,S7,PGD,0.1,MIM,0.5,8.645833333333334,6.0,0,38
engr1,S7,PGD,0.1,MIM,0.6,8.645833333333334,6.0,0,38
engr1,S7,PGD,0.1,MIM,0.7,8.645833333333334,6.0,0,38
engr1,S7,PGD,0.1,MIM,0.8,8.645833333333334,6.0,0,38
engr1,S7,PGD,0.1,MIM,0.9,8.645833333333334,6.0,0,38
engr1,S7,PGD,0.1,MIM,1.0,8.645833333333334,6.0,0,38
engr1,BLU,PGD,0.2,MIM,0.1,6.229166666666667,4.0,0,31
engr1,BLU,PGD,0.2,MIM,0.2,12.770833333333334,10.5,0,39
engr1,BLU,PGD,0.2,MIM,0.3,15.0,15.0,0,35
engr1,BLU,PGD,0.2,MIM,0.4,15.895833333333334,16.0,0,37
engr1,BLU,PGD,0.2,MIM,0.5,15.895833333333334,16.0,0,37
engr1,BLU,PGD,0.2,MIM,0.6,15.895833333333334,16.0,0,37
engr1,BLU,PGD,0.2,MIM,0.7,15.895833333333334,16.0,0,37
engr1,BLU,PGD,0.2,MIM,0.8,15.895833333333334,16.0,0,37
engr1,BLU,PGD,0.2,MIM,0.9,15.895833333333334,16.0,0,37
engr1,BLU,PGD,0.2,MIM,1.0,15.895833333333334,16.0,0,37
engr1,HTC,PGD,0.2,MIM,0.1,6.333333333333333,4.5,0,17
engr1,HTC,PGD,0.2,MIM,0.2,9.5625,8.0,0,47
engr1,HTC,PGD,0.2,MIM,0.3,11.708333333333334,9.0,1,32
engr1,HTC,PGD,0.2,MIM,0.4,11.0,8.0,1,32
engr1,HTC,PGD,0.2,MIM,0.5,11.0,8.0,1,32
engr1,HTC,PGD,0.2,MIM,0.6,11.0,8.0,1,32
engr1,HTC,PGD,0.2,MIM,0.7,11.0,8.0,1,32
engr1,HTC,PGD,0.2,MIM,0.8,11.0,8.0,1,32
engr1,HTC,PGD,0.2,MIM,0.9,11.0,8.0,1,32
engr1,HTC,PGD,0.2,MIM,1.0,11.0,8.0,1,32
engr1,LG,PGD,0.2,MIM,0.1,7.520833333333333,7.0,0,27
engr1,LG,PGD,0.2,MIM,0.2,10.604166666666666,10.0,0,29
engr1,LG,PGD,0.2,MIM,0.3,13.291666666666666,11.5,1,47
engr1,LG,PGD,0.2,MIM,0.4,13.770833333333334,11.5,1,44
engr1,LG,PGD,0.2,MIM,0.5,13.770833333333334,11.5,1,44
engr1,LG,PGD,0.2,MIM,0.6,13.770833333333334,11.5,1,44
engr1,LG,PGD,0.2,MIM,0.7,13.770833333333334,11.5,1,44
engr1,LG,PGD,0.2,MIM,0.8,13.770833333333334,11.5,1,44
engr1,LG,PGD,0.2,MIM,0.9,13.770833333333334,11.5,1,44
engr1,LG,PGD,0.2,MIM,1.0,13.770833333333334,11.5,1,44
engr1,MOTO,PGD,0.2,MIM,0.1,5.3125,4.0,0,29
engr1,MOTO,PGD,0.2,MIM,0.2,9.041666666666666,7.0,0,44
engr1,MOTO,PGD,0.2,MIM,0.3,9.270833333333334,7.0,0,44
engr1,MOTO,PGD,0.2,MIM,0.4,9.875,7.0,0,43
engr1,MOTO,PGD,0.2,MIM,0.5,9.875,7.0,0,43
engr1,MOTO,PGD,0.2,MIM,0.6,9.875,7.0,0,43
engr1,MOTO,PGD,0.2,MIM,0.7,9.875,7.0,0,43
engr1,MOTO,PGD,0.2,MIM,0.8,9.875,7.0,0,43
engr1,MOTO,PGD,0.2,MIM,0.9,9.875,7.0,0,43
engr1,MOTO,PGD,0.2,MIM,1.0,9.875,7.0,0,43
engr1,OP3,PGD,0.2,MIM,0.1,5.125,4.0,0,28
engr1,OP3,PGD,0.2,MIM,0.2,9.375,7.0,0,41
engr1,OP3,PGD,0.2,MIM,0.3,9.479166666666666,6.0,0,41
engr1,OP3,PGD,0.2,MIM,0.4,10.291666666666666,6.5,0,43
engr1,OP3,PGD,0.2,MIM,0.5,10.291666666666666,6.5,0,43
engr1,OP3,PGD,0.2,MIM,0.6,10.291666666666666,6.5,0,43
engr1,OP3,PGD,0.2,MIM,0.7,10.291666666666666,6.5,0,43
engr1,OP3,PGD,0.2,MIM,0.8,10.291666666666666,6.5,0,43
engr1,OP3,PGD,0.2,MIM,0.9,10.291666666666666,6.5,0,43
engr1,OP3,PGD,0.2,MIM,1.0,10.291666666666666,6.5,0,43
engr1,S7,PGD,0.2,MIM,0.1,4.8125,3.5,0,20
engr1,S7,PGD,0.2,MIM,0.2,8.145833333333334,5.0,1,39
engr1,S7,PGD,0.2,MIM,0.3,9.104166666666666,6.0,0,47
engr1,S7,PGD,0.2,MIM,0.4,8.479166666666666,6.0,0,38
engr1,S7,PGD,0.2,MIM,0.5,8.479166666666666,6.0,0,38
engr1,S7,PGD,0.2,MIM,0.6,8.479166666666666,6.0,0,38
engr1,S7,PGD,0.2,MIM,0.7,8.479166666666666,6.0,0,38
engr1,S7,PGD,0.2,MIM,0.8,8.479166666666666,6.0,0,38
engr1,S7,PGD,0.2,MIM,0.9,8.479166666666666,6.0,0,38
engr1,S7,PGD,0.2,MIM,1.0,8.479166666666666,6.0,0,38
engr1,BLU,PGD,0.3,MIM,0.1,5.854166666666667,4.0,0,21
engr1,BLU,PGD,0.3,MIM,0.2,13.270833333333334,11.0,0,39
engr1,BLU,PGD,0.3,MIM,0.3,14.854166666666666,15.0,0,37
engr1,BLU,PGD,0.3,MIM,0.4,15.604166666666666,15.5,0,37
engr1,BLU,PGD,0.3,MIM,0.5,15.604166666666666,15.5,0,37
engr1,BLU,PGD,0.3,MIM,0.6,15.604166666666666,15.5,0,37
engr1,BLU,PGD,0.3,MIM,0.7,15.604166666666666,15.5,0,37
engr1,BLU,PGD,0.3,MIM,0.8,15.604166666666666,15.5,0,37
engr1,BLU,PGD,0.3,MIM,0.9,15.604166666666666,15.5,0,37
engr1,BLU,PGD,0.3,MIM,1.0,15.604166666666666,15.5,0,37
engr1,HTC,PGD,0.3,MIM,0.1,6.083333333333333,5.0,0,20
engr1,HTC,PGD,0.3,MIM,0.2,7.958333333333333,7.0,0,26
engr1,HTC,PGD,0.3,MIM,0.3,10.395833333333334,8.0,0,32
engr1,HTC,PGD,0.3,MIM,0.4,10.020833333333334,8.0,0,32
engr1,HTC,PGD,0.3,MIM,0.5,10.020833333333334,8.0,0,32
engr1,HTC,PGD,0.3,MIM,0.6,10.020833333333334,8.0,0,32
engr1,HTC,PGD,0.3,MIM,0.7,10.020833333333334,8.0,0,32
engr1,HTC,PGD,0.3,MIM,0.8,10.020833333333334,8.0,0,32
engr1,HTC,PGD,0.3,MIM,0.9,10.020833333333334,8.0,0,32
engr1,HTC,PGD,0.3,MIM,1.0,10.020833333333334,8.0,0,32
engr1,LG,PGD,0.3,MIM,0.1,6.8125,5.0,0,24
engr1,LG,PGD,0.3,MIM,0.2,10.395833333333334,8.0,0,43
engr1,LG,PGD,0.3,MIM,0.3,12.9375,10.0,1,44
engr1,LG,PGD,0.3,MIM,0.4,13.0,10.0,1,44
engr1,LG,PGD,0.3,MIM,0.5,13.0,10.0,1,44
engr1,LG,PGD,0.3,MIM,0.6,13.0,10.0,1,44
engr1,LG,PGD,0.3,MIM,0.7,13.0,10.0,1,44
engr1,LG,PGD,0.3,MIM,0.8,13.0,10.0,1,44
engr1,LG,PGD,0.3,MIM,0.9,13.0,10.0,1,44
engr1,LG,PGD,0.3,MIM,1.0,13.0,10.0,1,44
engr1,MOTO,PGD,0.3,MIM,0.1,5.0625,3.5,0,26
engr1,MOTO,PGD,0.3,MIM,0.2,9.4375,7.0,0,44
engr1,MOTO,PGD,0.3,MIM,0.3,9.75,7.0,0,44
engr1,MOTO,PGD,0.3,MIM,0.4,9.5,7.5,0,42
engr1,MOTO,PGD,0.3,MIM,0.5,9.5,7.5,0,42
engr1,MOTO,PGD,0.3,MIM,0.6,9.5,7.5,0,42
engr1,MOTO,PGD,0.3,MIM,0.7,9.5,7.5,0,42
engr1,MOTO,PGD,0.3,MIM,0.8,9.5,7.5,0,42
engr1,MOTO,PGD,0.3,MIM,0.9,9.5,7.5,0,42
engr1,MOTO,PGD,0.3,MIM,1.0,9.5,7.5,0,42
engr1,OP3,PGD,0.3,MIM,0.1,5.229166666666667,3.0,0,25
engr1,OP3,PGD,0.3,MIM,0.2,7.541666666666667,4.5,0,27
engr1,OP3,PGD,0.3,MIM,0.3,9.020833333333334,5.5,0,33
engr1,OP3,PGD,0.3,MIM,0.4,9.166666666666666,5.5,0,33
engr1,OP3,PGD,0.3,MIM,0.5,9.166666666666666,5.5,0,33
engr1,OP3,PGD,0.3,MIM,0.6,9.166666666666666,5.5,0,33
engr1,OP3,PGD,0.3,MIM,0.7,9.166666666666666,5.5,0,33
engr1,OP3,PGD,0.3,MIM,0.8,9.166666666666666,5.5,0,33
engr1,OP3,PGD,0.3,MIM,0.9,9.166666666666666,5.5,0,33
engr1,OP3,PGD,0.3,MIM,1.0,9.166666666666666,5.5,0,33
engr1,S7,PGD,0.3,MIM,0.1,3.7708333333333335,3.0,1,20
engr1,S7,PGD,0.3,MIM,0.2,7.1875,4.5,0,38
engr1,S7,PGD,0.3,MIM,0.3,8.916666666666666,6.5,0,38
engr1,S7,PGD,0.3,MIM,0.4,9.604166666666666,7.0,0,38
engr1,S7,PGD,0.3,MIM,0.5,9.604166666666666,7.0,0,38
engr1,S7,PGD,0.3,MIM,0.6,9.604166666666666,7.0,0,38
engr1,S7,PGD,0.3,MIM,0.7,9.604166666666666,7.0,0,38
engr1,S7,PGD,0.3,MIM,0.8,9.604166666666666,7.0,0,38
engr1,S7,PGD,0.3,MIM,0.9,9.604166666666666,7.0,0,38
engr1,S7,PGD,0.3,MIM,1.0,9.604166666666666,7.0,0,38
engr1,BLU,PGD,0.4,MIM,0.1,6.354166666666667,4.0,0,23
engr1,BLU,PGD,0.4,MIM,0.2,11.75,9.0,0,39
engr1,BLU,PGD,0.4,MIM,0.3,14.0,14.0,0,35
engr1,BLU,PGD,0.4,MIM,0.4,14.625,14.0,0,35
engr1,BLU,PGD,0.4,MIM,0.5,14.625,14.0,0,35
engr1,BLU,PGD,0.4,MIM,0.6,14.625,14.0,0,35
engr1,BLU,PGD,0.4,MIM,0.7,14.625,14.0,0,35
engr1,BLU,PGD,0.4,MIM,0.8,14.625,14.0,0,35
engr1,BLU,PGD,0.4,MIM,0.9,14.625,14.0,0,35
engr1,BLU,PGD,0.4,MIM,1.0,14.625,14.0,0,35
engr1,HTC,PGD,0.4,MIM,0.1,5.979166666666667,4.5,0,17
engr1,HTC,PGD,0.4,MIM,0.2,9.291666666666666,8.0,0,47
engr1,HTC,PGD,0.4,MIM,0.3,11.604166666666666,9.0,1,29
engr1,HTC,PGD,0.4,MIM,0.4,11.479166666666666,8.5,1,39
engr1,HTC,PGD,0.4,MIM,0.5,11.479166666666666,8.5,1,39
engr1,HTC,PGD,0.4,MIM,0.6,11.479166666666666,8.5,1,39
engr1,HTC,PGD,0.4,MIM,0.7,11.479166666666666,8.5,1,39
engr1,HTC,PGD,0.4,MIM,0.8,11.479166666666666,8.5,1,39
engr1,HTC,PGD,0.4,MIM,0.9,11.479166666666666,8.5,1,39
engr1,HTC,PGD,0.4,MIM,1.0,11.479166666666666,8.5,1,39
engr1,LG,PGD,0.4,MIM,0.1,7.645833333333333,6.0,0,27
engr1,LG,PGD,0.4,MIM,0.2,10.979166666666666,9.5,0,29
engr1,LG,PGD,0.4,MIM,0.3,13.208333333333334,10.0,0,44
engr1,LG,PGD,0.4,MIM,0.4,14.208333333333334,11.0,0,44
engr1,LG,PGD,0.4,MIM,0.5,14.208333333333334,11.0,0,44
engr1,LG,PGD,0.4,MIM,0.6,14.208333333333334,11.0,0,44
engr1,LG,PGD,0.4,MIM,0.7,14.208333333333334,11.0,0,44
engr1,LG,PGD,0.4,MIM,0.8,14.208333333333334,11.0,0,44
engr1,LG,PGD,0.4,MIM,0.9,14.208333333333334,11.0,0,44
engr1,LG,PGD,0.4,MIM,1.0,14.208333333333334,11.0,0,44
engr1,MOTO,PGD,0.4,MIM,0.1,5.583333333333333,4.0,0,26
engr1,MOTO,PGD,0.4,MIM,0.2,9.458333333333334,7.0,0,44
engr1,MOTO,PGD,0.4,MIM,0.3,9.375,6.5,0,44
engr1,MOTO,PGD,0.4,MIM,0.4,9.5,7.0,1,39
engr1,MOTO,PGD,0.4,MIM,0.5,9.5,7.0,1,39
engr1,MOTO,PGD,0.4,MIM,0.6,9.5,7.0,1,39
engr1,MOTO,PGD,0.4,MIM,0.7,9.5,7.0,1,39
engr1,MOTO,PGD,0.4,MIM,0.8,9.5,7.0,1,39
engr1,MOTO,PGD,0.4,MIM,0.9,9.5,7.0,1,39
engr1,MOTO,PGD,0.4,MIM,1.0,9.5,7.0,1,39
engr1,OP3,PGD,0.4,MIM,0.1,5.625,3.5,0,28
engr1,OP3,PGD,0.4,MIM,0.2,8.833333333333334,6.5,0,41
engr1,OP3,PGD,0.4,MIM,0.3,9.666666666666666,4.5,0,41
engr1,OP3,PGD,0.4,MIM,0.4,10.104166666666666,5.0,0,43
engr1,OP3,PGD,0.4,MIM,0.5,10.104166666666666,5.0,0,43
engr1,OP3,PGD,0.4,MIM,0.6,10.104166666666666,5.0,0,43
engr1,OP3,PGD,0.4,MIM,0.7,10.104166666666666,5.0,0,43
engr1,OP3,PGD,0.4,MIM,0.8,10.104166666666666,5.0,0,43
engr1,OP3,PGD,0.4,MIM,0.9,10.104166666666666,5.0,0,43
engr1,OP3,PGD,0.4,MIM,1.0,10.104166666666666,5.0,0,43
engr1,S7,PGD,0.4,MIM,0.1,4.416666666666667,3.0,0,22
engr1,S7,PGD,0.4,MIM,0.2,7.5,4.5,0,38
engr1,S7,PGD,0.4,MIM,0.3,9.166666666666666,6.0,0,42
engr1,S7,PGD,0.4,MIM,0.4,9.6875,6.0,0,42
engr1,S7,PGD,0.4,MIM,0.5,9.6875,6.0,0,42
engr1,S7,PGD,0.4,MIM,0.6,9.6875,6.0,0,42
engr1,S7,PGD,0.4,MIM,0.7,9.6875,6.0,0,42
engr1,S7,PGD,0.4,MIM,0.8,9.6875,6.0,0,42
engr1,S7,PGD,0.4,MIM,0.9,9.6875,6.0,0,42
engr1,S7,PGD,0.4,MIM,1.0,9.6875,6.0,0,42
engr1,BLU,PGD,0.5,MIM,0.1,6.354166666666667,4.0,0,23
engr1,BLU,PGD,0.5,MIM,0.2,11.75,9.0,0,39
engr1,BLU,PGD,0.5,MIM,0.3,14.0,14.0,0,35
engr1,BLU,PGD,0.5,MIM,0.4,14.625,14.0,0,35
engr1,BLU,PGD,0.5,MIM,0.5,14.625,14.0,0,35
engr1,BLU,PGD,0.5,MIM,0.6,14.625,14.0,0,35
engr1,BLU,PGD,0.5,MIM,0.7,14.625,14.0,0,35
engr1,BLU,PGD,0.5,MIM,0.8,14.625,14.0,0,35
engr1,BLU,PGD,0.5,MIM,0.9,14.625,14.0,0,35
engr1,BLU,PGD,0.5,MIM,1.0,14.625,14.0,0,35
engr1,HTC,PGD,0.5,MIM,0.1,5.979166666666667,4.5,0,17
engr1,HTC,PGD,0.5,MIM,0.2,9.291666666666666,8.0,0,47
engr1,HTC,PGD,0.5,MIM,0.3,11.604166666666666,9.0,1,29
engr1,HTC,PGD,0.5,MIM,0.4,11.479166666666666,8.5,1,39
engr1,HTC,PGD,0.5,MIM,0.5,11.479166666666666,8.5,1,39
engr1,HTC,PGD,0.5,MIM,0.6,11.479166666666666,8.5,1,39
engr1,HTC,PGD,0.5,MIM,0.7,11.479166666666666,8.5,1,39
engr1,HTC,PGD,0.5,MIM,0.8,11.479166666666666,8.5,1,39
engr1,HTC,PGD,0.5,MIM,0.9,11.479166666666666,8.5,1,39
engr1,HTC,PGD,0.5,MIM,1.0,11.479166666666666,8.5,1,39
engr1,LG,PGD,0.5,MIM,0.1,7.645833333333333,6.0,0,27
engr1,LG,PGD,0.5,MIM,0.2,10.979166666666666,9.5,0,29
engr1,LG,PGD,0.5,MIM,0.3,13.208333333333334,10.0,0,44
engr1,LG,PGD,0.5,MIM,0.4,14.208333333333334,11.0,0,44
engr1,LG,PGD,0.5,MIM,0.5,14.208333333333334,11.0,0,44
engr1,LG,PGD,0.5,MIM,0.6,14.208333333333334,11.0,0,44
engr1,LG,PGD,0.5,MIM,0.7,14.208333333333334,11.0,0,44
engr1,LG,PGD,0.5,MIM,0.8,14.208333333333334,11.0,0,44
engr1,LG,PGD,0.5,MIM,0.9,14.208333333333334,11.0,0,44
engr1,LG,PGD,0.5,MIM,1.0,14.208333333333334,11.0,0,44
engr1,MOTO,PGD,0.5,MIM,0.1,5.583333333333333,4.0,0,26
engr1,MOTO,PGD,0.5,MIM,0.2,9.458333333333334,7.0,0,44
engr1,MOTO,PGD,0.5,MIM,0.3,9.375,6.5,0,44
engr1,MOTO,PGD,0.5,MIM,0.4,9.5,7.0,1,39
engr1,MOTO,PGD,0.5,MIM,0.5,9.5,7.0,1,39
engr1,MOTO,PGD,0.5,MIM,0.6,9.5,7.0,1,39
engr1,MOTO,PGD,0.5,MIM,0.7,9.5,7.0,1,39
engr1,MOTO,PGD,0.5,MIM,0.8,9.5,7.0,1,39
engr1,MOTO,PGD,0.5,MIM,0.9,9.5,7.0,1,39
engr1,MOTO,PGD,0.5,MIM,1.0,9.5,7.0,1,39
engr1,OP3,PGD,0.5,MIM,0.1,5.625,3.5,0,28
engr1,OP3,PGD,0.5,MIM,0.2,8.833333333333334,6.5,0,41
engr1,OP3,PGD,0.5,MIM,0.3,9.666666666666666,4.5,0,41
engr1,OP3,PGD,0.5,MIM,0.4,10.104166666666666,5.0,0,43
engr1,OP3,PGD,0.5,MIM,0.5,10.104166666666666,5.0,0,43
engr1,OP3,PGD,0.5,MIM,0.6,10.104166666666666,5.0,0,43
engr1,OP3,PGD,0.5,MIM,0.7,10.104166666666666,5.0,0,43
engr1,OP3,PGD,0.5,MIM,0.8,10.104166666666666,5.0,0,43
engr1,OP3,PGD,0.5,MIM,0.9,10.104166666666666,5.0,0,43
engr1,OP3,PGD,0.5,MIM,1.0,10.104166666666666,5.0,0,43
engr1,S7,PGD,0.5,MIM,0.1,4.416666666666667,3.0,0,22
engr1,S7,PGD,0.5,MIM,0.2,7.5,4.5,0,38
engr1,S7,PGD,0.5,MIM,0.3,9.166666666666666,6.0,0,42
engr1,S7,PGD,0.5,MIM,0.4,9.6875,6.0,0,42
engr1,S7,PGD,0.5,MIM,0.5,9.6875,6.0,0,42
engr1,S7,PGD,0.5,MIM,0.6,9.6875,6.0,0,42
engr1,S7,PGD,0.5,MIM,0.7,9.6875,6.0,0,42
engr1,S7,PGD,0.5,MIM,0.8,9.6875,6.0,0,42
engr1,S7,PGD,0.5,MIM,0.9,9.6875,6.0,0,42
engr1,S7,PGD,0.5,MIM,1.0,9.6875,6.0,0,42
engr1,BLU,PGD,0.6,MIM,0.1,6.354166666666667,4.0,0,23
engr1,BLU,PGD,0.6,MIM,0.2,11.75,9.0,0,39
engr1,BLU,PGD,0.6,MIM,0.3,14.0,14.0,0,35
engr1,BLU,PGD,0.6,MIM,0.4,14.625,14.0,0,35
engr1,BLU,PGD,0.6,MIM,0.5,14.625,14.0,0,35
engr1,BLU,PGD,0.6,MIM,0.6,14.625,14.0,0,35
engr1,BLU,PGD,0.6,MIM,0.7,14.625,14.0,0,35
engr1,BLU,PGD,0.6,MIM,0.8,14.625,14.0,0,35
engr1,BLU,PGD,0.6,MIM,0.9,14.625,14.0,0,35
engr1,BLU,PGD,0.6,MIM,1.0,14.625,14.0,0,35
engr1,HTC,PGD,0.6,MIM,0.1,5.979166666666667,4.5,0,17
engr1,HTC,PGD,0.6,MIM,0.2,9.291666666666666,8.0,0,47
engr1,HTC,PGD,0.6,MIM,0.3,11.604166666666666,9.0,1,29
engr1,HTC,PGD,0.6,MIM,0.4,11.479166666666666,8.5,1,39
engr1,HTC,PGD,0.6,MIM,0.5,11.479166666666666,8.5,1,39
engr1,HTC,PGD,0.6,MIM,0.6,11.479166666666666,8.5,1,39
engr1,HTC,PGD,0.6,MIM,0.7,11.479166666666666,8.5,1,39
engr1,HTC,PGD,0.6,MIM,0.8,11.479166666666666,8.5,1,39
engr1,HTC,PGD,0.6,MIM,0.9,11.479166666666666,8.5,1,39
engr1,HTC,PGD,0.6,MIM,1.0,11.479166666666666,8.5,1,39
engr1,LG,PGD,0.6,MIM,0.1,7.645833333333333,6.0,0,27
engr1,LG,PGD,0.6,MIM,0.2,10.979166666666666,9.5,0,29
engr1,LG,PGD,0.6,MIM,0.3,13.208333333333334,10.0,0,44
engr1,LG,PGD,0.6,MIM,0.4,14.208333333333334,11.0,0,44
engr1,LG,PGD,0.6,MIM,0.5,14.208333333333334,11.0,0,44
engr1,LG,PGD,0.6,MIM,0.6,14.208333333333334,11.0,0,44
engr1,LG,PGD,0.6,MIM,0.7,14.208333333333334,11.0,0,44
engr1,LG,PGD,0.6,MIM,0.8,14.208333333333334,11.0,0,44
engr1,LG,PGD,0.6,MIM,0.9,14.208333333333334,11.0,0,44
engr1,LG,PGD,0.6,MIM,1.0,14.208333333333334,11.0,0,44
engr1,MOTO,PGD,0.6,MIM,0.1,5.583333333333333,4.0,0,26
engr1,MOTO,PGD,0.6,MIM,0.2,9.458333333333334,7.0,0,44
engr1,MOTO,PGD,0.6,MIM,0.3,9.375,6.5,0,44
engr1,MOTO,PGD,0.6,MIM,0.4,9.5,7.0,1,39
engr1,MOTO,PGD,0.6,MIM,0.5,9.5,7.0,1,39
engr1,MOTO,PGD,0.6,MIM,0.6,9.5,7.0,1,39
engr1,MOTO,PGD,0.6,MIM,0.7,9.5,7.0,1,39
engr1,MOTO,PGD,0.6,MIM,0.8,9.5,7.0,1,39
engr1,MOTO,PGD,0.6,MIM,0.9,9.5,7.0,1,39
engr1,MOTO,PGD,0.6,MIM,1.0,9.5,7.0,1,39
engr1,OP3,PGD,0.6,MIM,0.1,5.625,3.5,0,28
engr1,OP3,PGD,0.6,MIM,0.2,8.833333333333334,6.5,0,41
engr1,OP3,PGD,0.6,MIM,0.3,9.666666666666666,4.5,0,41
engr1,OP3,PGD,0.6,MIM,0.4,10.104166666666666,5.0,0,43
engr1,OP3,PGD,0.6,MIM,0.5,10.104166666666666,5.0,0,43
engr1,OP3,PGD,0.6,MIM,0.6,10.104166666666666,5.0,0,43
engr1,OP3,PGD,0.6,MIM,0.7,10.104166666666666,5.0,0,43
engr1,OP3,PGD,0.6,MIM,0.8,10.104166666666666,5.0,0,43
engr1,OP3,PGD,0.6,MIM,0.9,10.104166666666666,5.0,0,43
engr1,OP3,PGD,0.6,MIM,1.0,10.104166666666666,5.0,0,43
engr1,S7,PGD,0.6,MIM,0.1,4.416666666666667,3.0,0,22
engr1,S7,PGD,0.6,MIM,0.2,7.5,4.5,0,38
engr1,S7,PGD,0.6,MIM,0.3,9.166666666666666,6.0,0,42
engr1,S7,PGD,0.6,MIM,0.4,9.6875,6.0,0,42
engr1,S7,PGD,0.6,MIM,0.5,9.6875,6.0,0,42
engr1,S7,PGD,0.6,MIM,0.6,9.6875,6.0,0,42
engr1,S7,PGD,0.6,MIM,0.7,9.6875,6.0,0,42
engr1,S7,PGD,0.6,MIM,0.8,9.6875,6.0,0,42
engr1,S7,PGD,0.6,MIM,0.9,9.6875,6.0,0,42
engr1,S7,PGD,0.6,MIM,1.0,9.6875,6.0,0,42
engr1,BLU,PGD,0.7,MIM,0.1,6.354166666666667,4.0,0,23
engr1,BLU,PGD,0.7,MIM,0.2,11.75,9.0,0,39
engr1,BLU,PGD,0.7,MIM,0.3,14.0,14.0,0,35
engr1,BLU,PGD,0.7,MIM,0.4,14.625,14.0,0,35
engr1,BLU,PGD,0.7,MIM,0.5,14.625,14.0,0,35
engr1,BLU,PGD,0.7,MIM,0.6,14.625,14.0,0,35
engr1,BLU,PGD,0.7,MIM,0.7,14.625,14.0,0,35
engr1,BLU,PGD,0.7,MIM,0.8,14.625,14.0,0,35
engr1,BLU,PGD,0.7,MIM,0.9,14.625,14.0,0,35
engr1,BLU,PGD,0.7,MIM,1.0,14.625,14.0,0,35
engr1,HTC,PGD,0.7,MIM,0.1,5.979166666666667,4.5,0,17
engr1,HTC,PGD,0.7,MIM,0.2,9.291666666666666,8.0,0,47
engr1,HTC,PGD,0.7,MIM,0.3,11.604166666666666,9.0,1,29
engr1,HTC,PGD,0.7,MIM,0.4,11.479166666666666,8.5,1,39
engr1,HTC,PGD,0.7,MIM,0.5,11.479166666666666,8.5,1,39
engr1,HTC,PGD,0.7,MIM,0.6,11.479166666666666,8.5,1,39
engr1,HTC,PGD,0.7,MIM,0.7,11.479166666666666,8.5,1,39
engr1,HTC,PGD,0.7,MIM,0.8,11.479166666666666,8.5,1,39
engr1,HTC,PGD,0.7,MIM,0.9,11.479166666666666,8.5,1,39
engr1,HTC,PGD,0.7,MIM,1.0,11.479166666666666,8.5,1,39
engr1,LG,PGD,0.7,MIM,0.1,7.645833333333333,6.0,0,27
engr1,LG,PGD,0.7,MIM,0.2,10.979166666666666,9.5,0,29
engr1,LG,PGD,0.7,MIM,0.3,13.208333333333334,10.0,0,44
engr1,LG,PGD,0.7,MIM,0.4,14.208333333333334,11.0,0,44
engr1,LG,PGD,0.7,MIM,0.5,14.208333333333334,11.0,0,44
engr1,LG,PGD,0.7,MIM,0.6,14.208333333333334,11.0,0,44
engr1,LG,PGD,0.7,MIM,0.7,14.208333333333334,11.0,0,44
engr1,LG,PGD,0.7,MIM,0.8,14.208333333333334,11.0,0,44
engr1,LG,PGD,0.7,MIM,0.9,14.208333333333334,11.0,0,44
engr1,LG,PGD,0.7,MIM,1.0,14.208333333333334,11.0,0,44
engr1,MOTO,PGD,0.7,MIM,0.1,5.583333333333333,4.0,0,26
engr1,MOTO,PGD,0.7,MIM,0.2,9.458333333333334,7.0,0,44
engr1,MOTO,PGD,0.7,MIM,0.3,9.375,6.5,0,44
engr1,MOTO,PGD,0.7,MIM,0.4,9.5,7.0,1,39
engr1,MOTO,PGD,0.7,MIM,0.5,9.5,7.0,1,39
engr1,MOTO,PGD,0.7,MIM,0.6,9.5,7.0,1,39
engr1,MOTO,PGD,0.7,MIM,0.7,9.5,7.0,1,39
engr1,MOTO,PGD,0.7,MIM,0.8,9.5,7.0,1,39
engr1,MOTO,PGD,0.7,MIM,0.9,9.5,7.0,1,39
engr1,MOTO,PGD,0.7,MIM,1.0,9.5,7.0,1,39
engr1,OP3,PGD,0.7,MIM,0.1,5.625,3.5,0,28
engr1,OP3,PGD,0.7,MIM,0.2,8.833333333333334,6.5,0,41
engr1,OP3,PGD,0.7,MIM,0.3,9.666666666666666,4.5,0,41
engr1,OP3,PGD,0.7,MIM,0.4,10.104166666666666,5.0,0,43
engr1,OP3,PGD,0.7,MIM,0.5,10.104166666666666,5.0,0,43
engr1,OP3,PGD,0.7,MIM,0.6,10.104166666666666,5.0,0,43
engr1,OP3,PGD,0.7,MIM,0.7,10.104166666666666,5.0,0,43
engr1,OP3,PGD,0.7,MIM,0.8,10.104166666666666,5.0,0,43
engr1,OP3,PGD,0.7,MIM,0.9,10.104166666666666,5.0,0,43
engr1,OP3,PGD,0.7,MIM,1.0,10.104166666666666,5.0,0,43
engr1,S7,PGD,0.7,MIM,0.1,4.416666666666667,3.0,0,22
engr1,S7,PGD,0.7,MIM,0.2,7.5,4.5,0,38
engr1,S7,PGD,0.7,MIM,0.3,9.166666666666666,6.0,0,42
engr1,S7,PGD,0.7,MIM,0.4,9.6875,6.0,0,42
engr1,S7,PGD,0.7,MIM,0.5,9.6875,6.0,0,42
engr1,S7,PGD,0.7,MIM,0.6,9.6875,6.0,0,42
engr1,S7,PGD,0.7,MIM,0.7,9.6875,6.0,0,42
engr1,S7,PGD,0.7,MIM,0.8,9.6875,6.0,0,42
engr1,S7,PGD,0.7,MIM,0.9,9.6875,6.0,0,42
engr1,S7,PGD,0.7,MIM,1.0,9.6875,6.0,0,42
engr1,BLU,PGD,0.8,MIM,0.1,6.354166666666667,4.0,0,23
engr1,BLU,PGD,0.8,MIM,0.2,11.75,9.0,0,39
engr1,BLU,PGD,0.8,MIM,0.3,14.0,14.0,0,35
engr1,BLU,PGD,0.8,MIM,0.4,14.625,14.0,0,35
engr1,BLU,PGD,0.8,MIM,0.5,14.625,14.0,0,35
engr1,BLU,PGD,0.8,MIM,0.6,14.625,14.0,0,35
engr1,BLU,PGD,0.8,MIM,0.7,14.625,14.0,0,35
engr1,BLU,PGD,0.8,MIM,0.8,14.625,14.0,0,35
engr1,BLU,PGD,0.8,MIM,0.9,14.625,14.0,0,35
engr1,BLU,PGD,0.8,MIM,1.0,14.625,14.0,0,35
engr1,HTC,PGD,0.8,MIM,0.1,5.979166666666667,4.5,0,17
engr1,HTC,PGD,0.8,MIM,0.2,9.291666666666666,8.0,0,47
engr1,HTC,PGD,0.8,MIM,0.3,11.604166666666666,9.0,1,29
engr1,HTC,PGD,0.8,MIM,0.4,11.479166666666666,8.5,1,39
engr1,HTC,PGD,0.8,MIM,0.5,11.479166666666666,8.5,1,39
engr1,HTC,PGD,0.8,MIM,0.6,11.479166666666666,8.5,1,39
engr1,HTC,PGD,0.8,MIM,0.7,11.479166666666666,8.5,1,39
engr1,HTC,PGD,0.8,MIM,0.8,11.479166666666666,8.5,1,39
engr1,HTC,PGD,0.8,MIM,0.9,11.479166666666666,8.5,1,39
engr1,HTC,PGD,0.8,MIM,1.0,11.479166666666666,8.5,1,39
engr1,LG,PGD,0.8,MIM,0.1,7.645833333333333,6.0,0,27
engr1,LG,PGD,0.8,MIM,0.2,10.979166666666666,9.5,0,29
engr1,LG,PGD,0.8,MIM,0.3,13.208333333333334,10.0,0,44
engr1,LG,PGD,0.8,MIM,0.4,14.208333333333334,11.0,0,44
engr1,LG,PGD,0.8,MIM,0.5,14.208333333333334,11.0,0,44
engr1,LG,PGD,0.8,MIM,0.6,14.208333333333334,11.0,0,44
engr1,LG,PGD,0.8,MIM,0.7,14.208333333333334,11.0,0,44
engr1,LG,PGD,0.8,MIM,0.8,14.208333333333334,11.0,0,44
engr1,LG,PGD,0.8,MIM,0.9,14.208333333333334,11.0,0,44
engr1,LG,PGD,0.8,MIM,1.0,14.208333333333334,11.0,0,44
engr1,MOTO,PGD,0.8,MIM,0.1,5.583333333333333,4.0,0,26
engr1,MOTO,PGD,0.8,MIM,0.2,9.458333333333334,7.0,0,44
engr1,MOTO,PGD,0.8,MIM,0.3,9.375,6.5,0,44
engr1,MOTO,PGD,0.8,MIM,0.4,9.5,7.0,1,39
engr1,MOTO,PGD,0.8,MIM,0.5,9.5,7.0,1,39
engr1,MOTO,PGD,0.8,MIM,0.6,9.5,7.0,1,39
engr1,MOTO,PGD,0.8,MIM,0.7,9.5,7.0,1,39
engr1,MOTO,PGD,0.8,MIM,0.8,9.5,7.0,1,39
engr1,MOTO,PGD,0.8,MIM,0.9,9.5,7.0,1,39
engr1,MOTO,PGD,0.8,MIM,1.0,9.5,7.0,1,39
engr1,OP3,PGD,0.8,MIM,0.1,5.625,3.5,0,28
engr1,OP3,PGD,0.8,MIM,0.2,8.833333333333334,6.5,0,41
engr1,OP3,PGD,0.8,MIM,0.3,9.666666666666666,4.5,0,41
engr1,OP3,PGD,0.8,MIM,0.4,10.104166666666666,5.0,0,43
engr1,OP3,PGD,0.8,MIM,0.5,10.104166666666666,5.0,0,43
engr1,OP3,PGD,0.8,MIM,0.6,10.104166666666666,5.0,0,43
engr1,OP3,PGD,0.8,MIM,0.7,10.104166666666666,5.0,0,43
engr1,OP3,PGD,0.8,MIM,0.8,10.104166666666666,5.0,0,43
engr1,OP3,PGD,0.8,MIM,0.9,10.104166666666666,5.0,0,43
engr1,OP3,PGD,0.8,MIM,1.0,10.104166666666666,5.0,0,43
engr1,S7,PGD,0.8,MIM,0.1,4.416666666666667,3.0,0,22
engr1,S7,PGD,0.8,MIM,0.2,7.5,4.5,0,38
engr1,S7,PGD,0.8,MIM,0.3,9.166666666666666,6.0,0,42
engr1,S7,PGD,0.8,MIM,0.4,9.6875,6.0,0,42
engr1,S7,PGD,0.8,MIM,0.5,9.6875,6.0,0,42
engr1,S7,PGD,0.8,MIM,0.6,9.6875,6.0,0,42
engr1,S7,PGD,0.8,MIM,0.7,9.6875,6.0,0,42
engr1,S7,PGD,0.8,MIM,0.8,9.6875,6.0,0,42
engr1,S7,PGD,0.8,MIM,0.9,9.6875,6.0,0,42
engr1,S7,PGD,0.8,MIM,1.0,9.6875,6.0,0,42
engr1,BLU,PGD,0.9,MIM,0.1,6.354166666666667,4.0,0,23
engr1,BLU,PGD,0.9,MIM,0.2,11.75,9.0,0,39
engr1,BLU,PGD,0.9,MIM,0.3,14.0,14.0,0,35
engr1,BLU,PGD,0.9,MIM,0.4,14.625,14.0,0,35
engr1,BLU,PGD,0.9,MIM,0.5,14.625,14.0,0,35
engr1,BLU,PGD,0.9,MIM,0.6,14.625,14.0,0,35
engr1,BLU,PGD,0.9,MIM,0.7,14.625,14.0,0,35
engr1,BLU,PGD,0.9,MIM,0.8,14.625,14.0,0,35
engr1,BLU,PGD,0.9,MIM,0.9,14.625,14.0,0,35
engr1,BLU,PGD,0.9,MIM,1.0,14.625,14.0,0,35
engr1,HTC,PGD,0.9,MIM,0.1,5.979166666666667,4.5,0,17
engr1,HTC,PGD,0.9,MIM,0.2,9.291666666666666,8.0,0,47
engr1,HTC,PGD,0.9,MIM,0.3,11.604166666666666,9.0,1,29
engr1,HTC,PGD,0.9,MIM,0.4,11.479166666666666,8.5,1,39
engr1,HTC,PGD,0.9,MIM,0.5,11.479166666666666,8.5,1,39
engr1,HTC,PGD,0.9,MIM,0.6,11.479166666666666,8.5,1,39
engr1,HTC,PGD,0.9,MIM,0.7,11.479166666666666,8.5,1,39
engr1,HTC,PGD,0.9,MIM,0.8,11.479166666666666,8.5,1,39
engr1,HTC,PGD,0.9,MIM,0.9,11.479166666666666,8.5,1,39
engr1,HTC,PGD,0.9,MIM,1.0,11.479166666666666,8.5,1,39
engr1,LG,PGD,0.9,MIM,0.1,7.645833333333333,6.0,0,27
engr1,LG,PGD,0.9,MIM,0.2,10.979166666666666,9.5,0,29
engr1,LG,PGD,0.9,MIM,0.3,13.208333333333334,10.0,0,44
engr1,LG,PGD,0.9,MIM,0.4,14.208333333333334,11.0,0,44
engr1,LG,PGD,0.9,MIM,0.5,14.208333333333334,11.0,0,44
engr1,LG,PGD,0.9,MIM,0.6,14.208333333333334,11.0,0,44
engr1,LG,PGD,0.9,MIM,0.7,14.208333333333334,11.0,0,44
engr1,LG,PGD,0.9,MIM,0.8,14.208333333333334,11.0,0,44
engr1,LG,PGD,0.9,MIM,0.9,14.208333333333334,11.0,0,44
engr1,LG,PGD,0.9,MIM,1.0,14.208333333333334,11.0,0,44
engr1,MOTO,PGD,0.9,MIM,0.1,5.583333333333333,4.0,0,26
engr1,MOTO,PGD,0.9,MIM,0.2,9.458333333333334,7.0,0,44
engr1,MOTO,PGD,0.9,MIM,0.3,9.375,6.5,0,44
engr1,MOTO,PGD,0.9,MIM,0.4,9.5,7.0,1,39
engr1,MOTO,PGD,0.9,MIM,0.5,9.5,7.0,1,39
engr1,MOTO,PGD,0.9,MIM,0.6,9.5,7.0,1,39
engr1,MOTO,PGD,0.9,MIM,0.7,9.5,7.0,1,39
engr1,MOTO,PGD,0.9,MIM,0.8,9.5,7.0,1,39
engr1,MOTO,PGD,0.9,MIM,0.9,9.5,7.0,1,39
engr1,MOTO,PGD,0.9,MIM,1.0,9.5,7.0,1,39
engr1,OP3,PGD,0.9,MIM,0.1,5.625,3.5,0,28
engr1,OP3,PGD,0.9,MIM,0.2,8.833333333333334,6.5,0,41
engr1,OP3,PGD,0.9,MIM,0.3,9.666666666666666,4.5,0,41
engr1,OP3,PGD,0.9,MIM,0.4,10.104166666666666,5.0,0,43
engr1,OP3,PGD,0.9,MIM,0.5,10.104166666666666,5.0,0,43
engr1,OP3,PGD,0.9,MIM,0.6,10.104166666666666,5.0,0,43
engr1,OP3,PGD,0.9,MIM,0.7,10.104166666666666,5.0,0,43
engr1,OP3,PGD,0.9,MIM,0.8,10.104166666666666,5.0,0,43
engr1,OP3,PGD,0.9,MIM,0.9,10.104166666666666,5.0,0,43
engr1,OP3,PGD,0.9,MIM,1.0,10.104166666666666,5.0,0,43
engr1,S7,PGD,0.9,MIM,0.1,4.416666666666667,3.0,0,22
engr1,S7,PGD,0.9,MIM,0.2,7.5,4.5,0,38
engr1,S7,PGD,0.9,MIM,0.3,9.166666666666666,6.0,0,42
engr1,S7,PGD,0.9,MIM,0.4,9.6875,6.0,0,42
engr1,S7,PGD,0.9,MIM,0.5,9.6875,6.0,0,42
engr1,S7,PGD,0.9,MIM,0.6,9.6875,6.0,0,42
engr1,S7,PGD,0.9,MIM,0.7,9.6875,6.0,0,42
engr1,S7,PGD,0.9,MIM,0.8,9.6875,6.0,0,42
engr1,S7,PGD,0.9,MIM,0.9,9.6875,6.0,0,42
engr1,S7,PGD,0.9,MIM,1.0,9.6875,6.0,0,42
engr1,BLU,PGD,1.0,MIM,0.1,6.354166666666667,4.0,0,23
engr1,BLU,PGD,1.0,MIM,0.2,11.75,9.0,0,39
engr1,BLU,PGD,1.0,MIM,0.3,14.0,14.0,0,35
engr1,BLU,PGD,1.0,MIM,0.4,14.625,14.0,0,35
engr1,BLU,PGD,1.0,MIM,0.5,14.625,14.0,0,35
engr1,BLU,PGD,1.0,MIM,0.6,14.625,14.0,0,35
engr1,BLU,PGD,1.0,MIM,0.7,14.625,14.0,0,35
engr1,BLU,PGD,1.0,MIM,0.8,14.625,14.0,0,35
engr1,BLU,PGD,1.0,MIM,0.9,14.625,14.0,0,35
engr1,BLU,PGD,1.0,MIM,1.0,14.625,14.0,0,35
engr1,HTC,PGD,1.0,MIM,0.1,5.979166666666667,4.5,0,17
engr1,HTC,PGD,1.0,MIM,0.2,9.291666666666666,8.0,0,47
engr1,HTC,PGD,1.0,MIM,0.3,11.604166666666666,9.0,1,29
engr1,HTC,PGD,1.0,MIM,0.4,11.479166666666666,8.5,1,39
engr1,HTC,PGD,1.0,MIM,0.5,11.479166666666666,8.5,1,39
engr1,HTC,PGD,1.0,MIM,0.6,11.479166666666666,8.5,1,39
engr1,HTC,PGD,1.0,MIM,0.7,11.479166666666666,8.5,1,39
engr1,HTC,PGD,1.0,MIM,0.8,11.479166666666666,8.5,1,39
engr1,HTC,PGD,1.0,MIM,0.9,11.479166666666666,8.5,1,39
engr1,HTC,PGD,1.0,MIM,1.0,11.479166666666666,8.5,1,39
engr1,LG,PGD,1.0,MIM,0.1,7.645833333333333,6.0,0,27
engr1,LG,PGD,1.0,MIM,0.2,10.979166666666666,9.5,0,29
engr1,LG,PGD,1.0,MIM,0.3,13.208333333333334,10.0,0,44
engr1,LG,PGD,1.0,MIM,0.4,14.208333333333334,11.0,0,44
engr1,LG,PGD,1.0,MIM,0.5,14.208333333333334,11.0,0,44
engr1,LG,PGD,1.0,MIM,0.6,14.208333333333334,11.0,0,44
engr1,LG,PGD,1.0,MIM,0.7,14.208333333333334,11.0,0,44
engr1,LG,PGD,1.0,MIM,0.8,14.208333333333334,11.0,0,44
engr1,LG,PGD,1.0,MIM,0.9,14.208333333333334,11.0,0,44
engr1,LG,PGD,1.0,MIM,1.0,14.208333333333334,11.0,0,44
engr1,MOTO,PGD,1.0,MIM,0.1,5.583333333333333,4.0,0,26
engr1,MOTO,PGD,1.0,MIM,0.2,9.458333333333334,7.0,0,44
engr1,MOTO,PGD,1.0,MIM,0.3,9.375,6.5,0,44
engr1,MOTO,PGD,1.0,MIM,0.4,9.5,7.0,1,39
engr1,MOTO,PGD,1.0,MIM,0.5,9.5,7.0,1,39
engr1,MOTO,PGD,1.0,MIM,0.6,9.5,7.0,1,39
engr1,MOTO,PGD,1.0,MIM,0.7,9.5,7.0,1,39
engr1,MOTO,PGD,1.0,MIM,0.8,9.5,7.0,1,39
engr1,MOTO,PGD,1.0,MIM,0.9,9.5,7.0,1,39
engr1,MOTO,PGD,1.0,MIM,1.0,9.5,7.0,1,39
engr1,OP3,PGD,1.0,MIM,0.1,5.625,3.5,0,28
engr1,OP3,PGD,1.0,MIM,0.2,8.833333333333334,6.5,0,41
engr1,OP3,PGD,1.0,MIM,0.3,9.666666666666666,4.5,0,41
engr1,OP3,PGD,1.0,MIM,0.4,10.104166666666666,5.0,0,43
engr1,OP3,PGD,1.0,MIM,0.5,10.104166666666666,5.0,0,43
engr1,OP3,PGD,1.0,MIM,0.6,10.104166666666666,5.0,0,43
engr1,OP3,PGD,1.0,MIM,0.7,10.104166666666666,5.0,0,43
engr1,OP3,PGD,1.0,MIM,0.8,10.104166666666666,5.0,0,43
engr1,OP3,PGD,1.0,MIM,0.9,10.104166666666666,5.0,0,43
engr1,OP3,PGD,1.0,MIM,1.0,10.104166666666666,5.0,0,43
engr1,S7,PGD,1.0,MIM,0.1,4.416666666666667,3.0,0,22
engr1,S7,PGD,1.0,MIM,0.2,7.5,4.5,0,38
engr1,S7,PGD,1.0,MIM,0.3,9.166666666666666,6.0,0,42
engr1,S7,PGD,1.0,MIM,0.4,9.6875,6.0,0,42
engr1,S7,PGD,1.0,MIM,0.5,9.6875,6.0,0,42
engr1,S7,PGD,1.0,MIM,0.6,9.6875,6.0,0,42
engr1,S7,PGD,1.0,MIM,0.7,9.6875,6.0,0,42
engr1,S7,PGD,1.0,MIM,0.8,9.6875,6.0,0,42
engr1,S7,PGD,1.0,MIM,0.9,9.6875,6.0,0,42
engr1,S7,PGD,1.0,MIM,1.0,9.6875,6.0,0,42
engr1,BLU,MIM,0.1,MIM,0.1,3.0208333333333335,2.0,0,14
engr1,BLU,MIM,0.1,MIM,0.2,17.416666666666668,10.0,0,47
engr1,BLU,MIM,0.1,MIM,0.3,19.958333333333332,17.0,0,47
engr1,BLU,MIM,0.1,MIM,0.4,19.708333333333332,17.0,0,46
engr1,BLU,MIM,0.1,MIM,0.5,19.708333333333332,17.0,0,46
engr1,BLU,MIM,0.1,MIM,0.6,19.708333333333332,17.0,0,46
engr1,BLU,MIM,0.1,MIM,0.7,19.708333333333332,17.0,0,46
engr1,BLU,MIM,0.1,MIM,0.8,19.708333333333332,17.0,0,46
engr1,BLU,MIM,0.1,MIM,0.9,19.708333333333332,17.0,0,46
engr1,BLU,MIM,0.1,MIM,1.0,19.708333333333332,17.0,0,46
engr1,HTC,MIM,0.1,MIM,0.1,3.9375,3.0,0,15
engr1,HTC,MIM,0.1,MIM,0.2,12.125,8.0,1,47
engr1,HTC,MIM,0.1,MIM,0.3,12.5,8.0,0,47
engr1,HTC,MIM,0.1,MIM,0.4,13.1875,7.0,0,47
engr1,HTC,MIM,0.1,MIM,0.5,13.1875,7.0,0,47
engr1,HTC,MIM,0.1,MIM,0.6,13.1875,7.0,0,47
engr1,HTC,MIM,0.1,MIM,0.7,13.1875,7.0,0,47
engr1,HTC,MIM,0.1,MIM,0.8,13.1875,7.0,0,47
engr1,HTC,MIM,0.1,MIM,0.9,13.1875,7.0,0,47
engr1,HTC,MIM,0.1,MIM,1.0,13.1875,7.0,0,47
engr1,LG,MIM,0.1,MIM,0.1,3.2083333333333335,2.0,0,15
engr1,LG,MIM,0.1,MIM,0.2,6.625,5.0,0,47
engr1,LG,MIM,0.1,MIM,0.3,8.729166666666666,5.0,0,47
engr1,LG,MIM,0.1,MIM,0.4,8.5,5.0,0,47
engr1,LG,MIM,0.1,MIM,0.5,8.5,5.0,0,47
engr1,LG,MIM,0.1,MIM,0.6,8.5,5.0,0,47
engr1,LG,MIM,0.1,MIM,0.7,8.5,5.0,0,47
engr1,LG,MIM,0.1,MIM,0.8,8.5,5.0,0,47
engr1,LG,MIM,0.1,MIM,0.9,8.5,5.0,0,47
engr1,LG,MIM,0.1,MIM,1.0,8.5,5.0,0,47
engr1,MOTO,MIM,0.1,MIM,0.1,4.145833333333333,3.0,0,19
engr1,MOTO,MIM,0.1,MIM,0.2,9.6875,6.0,0,44
engr1,MOTO,MIM,0.1,MIM,0.3,10.166666666666666,7.0,0,44
engr1,MOTO,MIM,0.1,MIM,0.4,10.041666666666666,7.0,0,44
engr1,MOTO,MIM,0.1,MIM,0.5,10.041666666666666,7.0,0,44
engr1,MOTO,MIM,0.1,MIM,0.6,10.041666666666666,7.0,0,44
engr1,MOTO,MIM,0.1,MIM,0.7,10.041666666666666,7.0,0,44
engr1,MOTO,MIM,0.1,MIM,0.8,10.041666666666666,7.0,0,44
engr1,MOTO,MIM,0.1,MIM,0.9,10.041666666666666,7.0,0,44
engr1,MOTO,MIM,0.1,MIM,1.0,10.041666666666666,7.0,0,44
engr1,OP3,MIM,0.1,MIM,0.1,3.4791666666666665,2.5,0,16
engr1,OP3,MIM,0.1,MIM,0.2,10.770833333333334,6.5,0,47
engr1,OP3,MIM,0.1,MIM,0.3,11.854166666666666,8.0,0,47
engr1,OP3,MIM,0.1,MIM,0.4,11.916666666666666,7.5,0,47
engr1,OP3,MIM,0.1,MIM,0.5,11.916666666666666,7.5,0,47
engr1,OP3,MIM,0.1,MIM,0.6,11.916666666666666,7.5,0,47
engr1,OP3,MIM,0.1,MIM,0.7,11.916666666666666,7.5,0,47
engr1,OP3,MIM,0.1,MIM,0.8,11.916666666666666,7.5,0,47
engr1,OP3,MIM,0.1,MIM,0.9,11.916666666666666,7.5,0,47
engr1,OP3,MIM,0.1,MIM,1.0,11.916666666666666,7.5,0,47
engr1,S7,MIM,0.1,MIM,0.1,3.4166666666666665,3.0,0,14
engr1,S7,MIM,0.1,MIM,0.2,7.458333333333333,4.5,0,39
engr1,S7,MIM,0.1,MIM,0.3,9.666666666666666,5.5,0,41
engr1,S7,MIM,0.1,MIM,0.4,9.145833333333334,5.0,0,41
engr1,S7,MIM,0.1,MIM,0.5,9.145833333333334,5.0,0,41
engr1,S7,MIM,0.1,MIM,0.6,9.145833333333334,5.0,0,41
engr1,S7,MIM,0.1,MIM,0.7,9.145833333333334,5.0,0,41
engr1,S7,MIM,0.1,MIM,0.8,9.145833333333334,5.0,0,41
engr1,S7,MIM,0.1,MIM,0.9,9.145833333333334,5.0,0,41
engr1,S7,MIM,0.1,MIM,1.0,9.145833333333334,5.0,0,41
engr1,BLU,MIM,0.2,MIM,0.1,5.458333333333333,4.0,0,24
engr1,BLU,MIM,0.2,MIM,0.2,15.604166666666666,8.5,0,47
engr1,BLU,MIM,0.2,MIM,0.3,20.375,18.5,0,47
engr1,BLU,MIM,0.2,MIM,0.4,21.333333333333332,22.5,0,46
engr1,BLU,MIM,0.2,MIM,0.5,21.333333333333332,22.5,0,46
engr1,BLU,MIM,0.2,MIM,0.6,21.333333333333332,22.5,0,46
engr1,BLU,MIM,0.2,MIM,0.7,21.333333333333332,22.5,0,46
engr1,BLU,MIM,0.2,MIM,0.8,21.333333333333332,22.5,0,46
engr1,BLU,MIM,0.2,MIM,0.9,21.333333333333332,22.5,0,46
engr1,BLU,MIM,0.2,MIM,1.0,21.333333333333332,22.5,0,46
engr1,HTC,MIM,0.2,MIM,0.1,6.583333333333333,4.0,0,22
engr1,HTC,MIM,0.2,MIM,0.2,10.270833333333334,5.0,0,47
engr1,HTC,MIM,0.2,MIM,0.3,13.604166666666666,8.0,1,47
engr1,HTC,MIM,0.2,MIM,0.4,13.875,8.0,1,47
engr1,HTC,MIM,0.2,MIM,0.5,13.875,8.0,1,47
engr1,HTC,MIM,0.2,MIM,0.6,13.875,8.0,1,47
engr1,HTC,MIM,0.2,MIM,0.7,13.875,8.0,1,47
engr1,HTC,MIM,0.2,MIM,0.8,13.875,8.0,1,47
engr1,HTC,MIM,0.2,MIM,0.9,13.875,8.0,1,47
engr1,HTC,MIM,0.2,MIM,1.0,13.875,8.0,1,47
engr1,LG,MIM,0.2,MIM,0.1,5.520833333333333,4.0,0,17
engr1,LG,MIM,0.2,MIM,0.2,7.25,6.0,0,47
engr1,LG,MIM,0.2,MIM,0.3,7.8125,5.0,0,47
engr1,LG,MIM,0.2,MIM,0.4,9.0,5.0,0,47
engr1,LG,MIM,0.2,MIM,0.5,9.0,5.0,0,47
engr1,LG,MIM,0.2,MIM,0.6,9.0,5.0,0,47
engr1,LG,MIM,0.2,MIM,0.7,9.0,5.0,0,47
engr1,LG,MIM,0.2,MIM,0.8,9.0,5.0,0,47
engr1,LG,MIM,0.2,MIM,0.9,9.0,5.0,0,47
engr1,LG,MIM,0.2,MIM,1.0,9.0,5.0,0,47
engr1,MOTO,MIM,0.2,MIM,0.1,5.479166666666667,4.0,0,22
engr1,MOTO,MIM,0.2,MIM,0.2,6.666666666666667,3.5,0,42
engr1,MOTO,MIM,0.2,MIM,0.3,10.125,6.0,0,42
engr1,MOTO,MIM,0.2,MIM,0.4,10.1875,8.5,0,42
engr1,MOTO,MIM,0.2,MIM,0.5,10.1875,8.5,0,42
engr1,MOTO,MIM,0.2,MIM,0.6,10.1875,8.5,0,42
engr1,MOTO,MIM,0.2,MIM,0.7,10.1875,8.5,0,42
engr1,MOTO,MIM,0.2,MIM,0.8,10.1875,8.5,0,42
engr1,MOTO,MIM,0.2,MIM,0.9,10.1875,8.5,0,42
engr1,MOTO,MIM,0.2,MIM,1.0,10.1875,8.5,0,42
engr1,OP3,MIM,0.2,MIM,0.1,5.083333333333333,4.0,0,22
engr1,OP3,MIM,0.2,MIM,0.2,8.729166666666666,4.0,0,47
engr1,OP3,MIM,0.2,MIM,0.3,10.916666666666666,6.0,0,47
engr1,OP3,MIM,0.2,MIM,0.4,11.333333333333334,7.0,0,47
engr1,OP3,MIM,0.2,MIM,0.5,11.333333333333334,7.0,0,47
engr1,OP3,MIM,0.2,MIM,0.6,11.333333333333334,7.0,0,47
engr1,OP3,MIM,0.2,MIM,0.7,11.333333333333334,7.0,0,47
engr1,OP3,MIM,0.2,MIM,0.8,11.333333333333334,7.0,0,47
engr1,OP3,MIM,0.2,MIM,0.9,11.333333333333334,7.0,0,47
engr1,OP3,MIM,0.2,MIM,1.0,11.333333333333334,7.0,0,47
engr1,S7,MIM,0.2,MIM,0.1,4.770833333333333,4.0,0,17
engr1,S7,MIM,0.2,MIM,0.2,6.395833333333333,4.0,0,39
engr1,S7,MIM,0.2,MIM,0.3,9.0625,5.5,0,41
engr1,S7,MIM,0.2,MIM,0.4,9.458333333333334,6.0,0,41
engr1,S7,MIM,0.2,MIM,0.5,9.458333333333334,6.0,0,41
engr1,S7,MIM,0.2,MIM,0.6,9.458333333333334,6.0,0,41
engr1,S7,MIM,0.2,MIM,0.7,9.458333333333334,6.0,0,41
engr1,S7,MIM,0.2,MIM,0.8,9.458333333333334,6.0,0,41
engr1,S7,MIM,0.2,MIM,0.9,9.458333333333334,6.0,0,41
engr1,S7,MIM,0.2,MIM,1.0,9.458333333333334,6.0,0,41
engr1,BLU,MIM,0.3,MIM,0.1,4.958333333333333,4.0,0,19
engr1,BLU,MIM,0.3,MIM,0.2,13.166666666666666,10.0,0,45
engr1,BLU,MIM,0.3,MIM,0.3,20.166666666666668,17.5,0,46
engr1,BLU,MIM,0.3,MIM,0.4,22.291666666666668,22.5,0,46
engr1,BLU,MIM,0.3,MIM,0.5,22.291666666666668,22.5,0,46
engr1,BLU,MIM,0.3,MIM,0.6,22.291666666666668,22.5,0,46
engr1,BLU,MIM,0.3,MIM,0.7,22.291666666666668,22.5,0,46
engr1,BLU,MIM,0.3,MIM,0.8,22.291666666666668,22.5,0,46
engr1,BLU,MIM,0.3,MIM,0.9,22.291666666666668,22.5,0,46
engr1,BLU,MIM,0.3,MIM,1.0,22.291666666666668,22.5,0,46
engr1,HTC,MIM,0.3,MIM,0.1,8.604166666666666,5.5,0,34
engr1,HTC,MIM,0.3,MIM,0.2,10.6875,7.0,0,47
engr1,HTC,MIM,0.3,MIM,0.3,12.0,8.0,0,47
engr1,HTC,MIM,0.3,MIM,0.4,12.770833333333334,8.5,0,47
engr1,HTC,MIM,0.3,MIM,0.5,12.770833333333334,8.5,0,47
engr1,HTC,MIM,0.3,MIM,0.6,12.770833333333334,8.5,0,47
engr1,HTC,MIM,0.3,MIM,0.7,12.770833333333334,8.5,0,47
engr1,HTC,MIM,0.3,MIM,0.8,12.770833333333334,8.5,0,47
engr1,HTC,MIM,0.3,MIM,0.9,12.770833333333334,8.5,0,47
engr1,HTC,MIM,0.3,MIM,1.0,12.770833333333334,8.5,0,47
engr1,LG,MIM,0.3,MIM,0.1,6.4375,4.0,0,27
engr1,LG,MIM,0.3,MIM,0.2,8.354166666666666,7.0,0,47
engr1,LG,MIM,0.3,MIM,0.3,8.125,7.0,0,47
engr1,LG,MIM,0.3,MIM,0.4,10.395833333333334,7.0,0,47
engr1,LG,MIM,0.3,MIM,0.5,10.395833333333334,7.0,0,47
engr1,LG,MIM,0.3,MIM,0.6,10.395833333333334,7.0,0,47
engr1,LG,MIM,0.3,MIM,0.7,10.395833333333334,7.0,0,47
engr1,LG,MIM,0.3,MIM,0.8,10.395833333333334,7.0,0,47
engr1,LG,MIM,0.3,MIM,0.9,10.395833333333334,7.0,0,47
engr1,LG,MIM,0.3,MIM,1.0,10.395833333333334,7.0,0,47
engr1,MOTO,MIM,0.3,MIM,0.1,5.416666666666667,3.5,0,30
engr1,MOTO,MIM,0.3,MIM,0.2,7.916666666666667,4.0,1,44
engr1,MOTO,MIM,0.3,MIM,0.3,9.5,5.5,0,44
engr1,MOTO,MIM,0.3,MIM,0.4,9.583333333333334,6.5,0,44
engr1,MOTO,MIM,0.3,MIM,0.5,9.583333333333334,6.5,0,44
engr1,MOTO,MIM,0.3,MIM,0.6,9.583333333333334,6.5,0,44
engr1,MOTO,MIM,0.3,MIM,0.7,9.583333333333334,6.5,0,44
engr1,MOTO,MIM,0.3,MIM,0.8,9.583333333333334,6.5,0,44
engr1,MOTO,MIM,0.3,MIM,0.9,9.583333333333334,6.5,0,44
engr1,MOTO,MIM,0.3,MIM,1.0,9.583333333333334,6.5,0,44
engr1,OP3,MIM,0.3,MIM,0.1,5.916666666666667,4.0,0,29
engr1,OP3,MIM,0.3,MIM,0.2,8.645833333333334,5.0,0,47
engr1,OP3,MIM,0.3,MIM,0.3,10.916666666666666,9.0,0,47
engr1,OP3,MIM,0.3,MIM,0.4,11.229166666666666,9.0,0,47
engr1,OP3,MIM,0.3,MIM,0.5,11.229166666666666,9.0,0,47
engr1,OP3,MIM,0.3,MIM,0.6,11.229166666666666,9.0,0,47
engr1,OP3,MIM,0.3,MIM,0.7,11.229166666666666,9.0,0,47
engr1,OP3,MIM,0.3,MIM,0.8,11.229166666666666,9.0,0,47
engr1,OP3,MIM,0.3,MIM,0.9,11.229166666666666,9.0,0,47
engr1,OP3,MIM,0.3,MIM,1.0,11.229166666666666,9.0,0,47
engr1,S7,MIM,0.3,MIM,0.1,6.166666666666667,5.0,0,24
engr1,S7,MIM,0.3,MIM,0.2,6.6875,5.5,0,39
engr1,S7,MIM,0.3,MIM,0.3,9.4375,6.0,0,42
engr1,S7,MIM,0.3,MIM,0.4,9.604166666666666,5.5,0,42
engr1,S7,MIM,0.3,MIM,0.5,9.604166666666666,5.5,0,42
engr1,S7,MIM,0.3,MIM,0.6,9.604166666666666,5.5,0,42
engr1,S7,MIM,0.3,MIM,0.7,9.604166666666666,5.5,0,42
engr1,S7,MIM,0.3,MIM,0.8,9.604166666666666,5.5,0,42
engr1,S7,MIM,0.3,MIM,0.9,9.604166666666666,5.5,0,42
engr1,S7,MIM,0.3,MIM,1.0,9.604166666666666,5.5,0,42
engr1,BLU,MIM,0.4,MIM,0.1,4.25,4.0,0,17
engr1,BLU,MIM,0.4,MIM,0.2,14.333333333333334,11.0,0,46
engr1,BLU,MIM,0.4,MIM,0.3,19.979166666666668,17.0,0,46
engr1,BLU,MIM,0.4,MIM,0.4,21.791666666666668,20.0,0,46
engr1,BLU,MIM,0.4,MIM,0.5,21.791666666666668,20.0,0,46
engr1,BLU,MIM,0.4,MIM,0.6,21.791666666666668,20.0,0,46
engr1,BLU,MIM,0.4,MIM,0.7,21.791666666666668,20.0,0,46
engr1,BLU,MIM,0.4,MIM,0.8,21.791666666666668,20.0,0,46
engr1,BLU,MIM,0.4,MIM,0.9,21.791666666666668,20.0,0,46
engr1,BLU,MIM,0.4,MIM,1.0,21.791666666666668,20.0,0,46
engr1,HTC,MIM,0.4,MIM,0.1,7.104166666666667,6.0,0,21
engr1,HTC,MIM,0.4,MIM,0.2,10.5,6.0,0,47
engr1,HTC,MIM,0.4,MIM,0.3,11.770833333333334,7.0,0,47
engr1,HTC,MIM,0.4,MIM,0.4,12.395833333333334,8.0,0,47
engr1,HTC,MIM,0.4,MIM,0.5,12.395833333333334,8.0,0,47
engr1,HTC,MIM,0.4,MIM,0.6,12.395833333333334,8.0,0,47
engr1,HTC,MIM,0.4,MIM,0.7,12.395833333333334,8.0,0,47
engr1,HTC,MIM,0.4,MIM,0.8,12.395833333333334,8.0,0,47
engr1,HTC,MIM,0.4,MIM,0.9,12.395833333333334,8.0,0,47
engr1,HTC,MIM,0.4,MIM,1.0,12.395833333333334,8.0,0,47
engr1,LG,MIM,0.4,MIM,0.1,5.166666666666667,3.5,0,20
engr1,LG,MIM,0.4,MIM,0.2,7.791666666666667,6.5,0,34
engr1,LG,MIM,0.4,MIM,0.3,8.229166666666666,6.5,0,47
engr1,LG,MIM,0.4,MIM,0.4,9.729166666666666,7.0,0,45
engr1,LG,MIM,0.4,MIM,0.5,9.729166666666666,7.0,0,45
engr1,LG,MIM,0.4,MIM,0.6,9.729166666666666,7.0,0,45
engr1,LG,MIM,0.4,MIM,0.7,9.729166666666666,7.0,0,45
engr1,LG,MIM,0.4,MIM,0.8,9.729166666666666,7.0,0,45
engr1,LG,MIM,0.4,MIM,0.9,9.729166666666666,7.0,0,45
engr1,LG,MIM,0.4,MIM,1.0,9.729166666666666,7.0,0,45
engr1,MOTO,MIM,0.4,MIM,0.1,4.708333333333333,4.0,0,22
engr1,MOTO,MIM,0.4,MIM,0.2,8.0,6.0,0,42
engr1,MOTO,MIM,0.4,MIM,0.3,10.270833333333334,7.0,0,44
engr1,MOTO,MIM,0.4,MIM,0.4,10.375,7.0,0,44
engr1,MOTO,MIM,0.4,MIM,0.5,10.375,7.0,0,44
engr1,MOTO,MIM,0.4,MIM,0.6,10.375,7.0,0,44
engr1,MOTO,MIM,0.4,MIM,0.7,10.375,7.0,0,44
engr1,MOTO,MIM,0.4,MIM,0.8,10.375,7.0,0,44
engr1,MOTO,MIM,0.4,MIM,0.9,10.375,7.0,0,44
engr1,MOTO,MIM,0.4,MIM,1.0,10.375,7.0,0,44
engr1,OP3,MIM,0.4,MIM,0.1,5.208333333333333,5.0,0,13
engr1,OP3,MIM,0.4,MIM,0.2,9.083333333333334,5.0,0,47
engr1,OP3,MIM,0.4,MIM,0.3,10.229166666666666,8.0,0,47
engr1,OP3,MIM,0.4,MIM,0.4,9.875,6.5,0,47
engr1,OP3,MIM,0.4,MIM,0.5,9.875,6.5,0,47
engr1,OP3,MIM,0.4,MIM,0.6,9.875,6.5,0,47
engr1,OP3,MIM,0.4,MIM,0.7,9.875,6.5,0,47
engr1,OP3,MIM,0.4,MIM,0.8,9.875,6.5,0,47
engr1,OP3,MIM,0.4,MIM,0.9,9.875,6.5,0,47
engr1,OP3,MIM,0.4,MIM,1.0,9.875,6.5,0,47
engr1,S7,MIM,0.4,MIM,0.1,5.354166666666667,4.0,0,21
engr1,S7,MIM,0.4,MIM,0.2,7.395833333333333,5.0,0,39
engr1,S7,MIM,0.4,MIM,0.3,8.9375,6.5,0,41
engr1,S7,MIM,0.4,MIM,0.4,10.041666666666666,7.5,0,41
engr1,S7,MIM,0.4,MIM,0.5,10.041666666666666,7.5,0,41
engr1,S7,MIM,0.4,MIM,0.6,10.041666666666666,7.5,0,41
engr1,S7,MIM,0.4,MIM,0.7,10.041666666666666,7.5,0,41
engr1,S7,MIM,0.4,MIM,0.8,10.041666666666666,7.5,0,41
engr1,S7,MIM,0.4,MIM,0.9,10.041666666666666,7.5,0,41
engr1,S7,MIM,0.4,MIM,1.0,10.041666666666666,7.5,0,41
engr1,BLU,MIM,0.5,MIM,0.1,4.25,4.0,0,17
engr1,BLU,MIM,0.5,MIM,0.2,14.333333333333334,11.0,0,46
engr1,BLU,MIM,0.5,MIM,0.3,19.979166666666668,17.0,0,46
engr1,BLU,MIM,0.5,MIM,0.4,21.791666666666668,20.0,0,46
engr1,BLU,MIM,0.5,MIM,0.5,21.791666666666668,20.0,0,46
engr1,BLU,MIM,0.5,MIM,0.6,21.791666666666668,20.0,0,46
engr1,BLU,MIM,0.5,MIM,0.7,21.791666666666668,20.0,0,46
engr1,BLU,MIM,0.5,MIM,0.8,21.791666666666668,20.0,0,46
engr1,BLU,MIM,0.5,MIM,0.9,21.791666666666668,20.0,0,46
engr1,BLU,MIM,0.5,MIM,1.0,21.791666666666668,20.0,0,46
engr1,HTC,MIM,0.5,MIM,0.1,7.104166666666667,6.0,0,21
engr1,HTC,MIM,0.5,MIM,0.2,10.5,6.0,0,47
engr1,HTC,MIM,0.5,MIM,0.3,11.770833333333334,7.0,0,47
engr1,HTC,MIM,0.5,MIM,0.4,12.395833333333334,8.0,0,47
engr1,HTC,MIM,0.5,MIM,0.5,12.395833333333334,8.0,0,47
engr1,HTC,MIM,0.5,MIM,0.6,12.395833333333334,8.0,0,47
engr1,HTC,MIM,0.5,MIM,0.7,12.395833333333334,8.0,0,47
engr1,HTC,MIM,0.5,MIM,0.8,12.395833333333334,8.0,0,47
engr1,HTC,MIM,0.5,MIM,0.9,12.395833333333334,8.0,0,47
engr1,HTC,MIM,0.5,MIM,1.0,12.395833333333334,8.0,0,47
engr1,LG,MIM,0.5,MIM,0.1,5.166666666666667,3.5,0,20
engr1,LG,MIM,0.5,MIM,0.2,7.791666666666667,6.5,0,34
engr1,LG,MIM,0.5,MIM,0.3,8.229166666666666,6.5,0,47
engr1,LG,MIM,0.5,MIM,0.4,9.729166666666666,7.0,0,45
engr1,LG,MIM,0.5,MIM,0.5,9.729166666666666,7.0,0,45
engr1,LG,MIM,0.5,MIM,0.6,9.729166666666666,7.0,0,45
engr1,LG,MIM,0.5,MIM,0.7,9.729166666666666,7.0,0,45
engr1,LG,MIM,0.5,MIM,0.8,9.729166666666666,7.0,0,45
engr1,LG,MIM,0.5,MIM,0.9,9.729166666666666,7.0,0,45
engr1,LG,MIM,0.5,MIM,1.0,9.729166666666666,7.0,0,45
engr1,MOTO,MIM,0.5,MIM,0.1,4.708333333333333,4.0,0,22
engr1,MOTO,MIM,0.5,MIM,0.2,8.0,6.0,0,42
engr1,MOTO,MIM,0.5,MIM,0.3,10.270833333333334,7.0,0,44
engr1,MOTO,MIM,0.5,MIM,0.4,10.375,7.0,0,44
engr1,MOTO,MIM,0.5,MIM,0.5,10.375,7.0,0,44
engr1,MOTO,MIM,0.5,MIM,0.6,10.375,7.0,0,44
engr1,MOTO,MIM,0.5,MIM,0.7,10.375,7.0,0,44
engr1,MOTO,MIM,0.5,MIM,0.8,10.375,7.0,0,44
engr1,MOTO,MIM,0.5,MIM,0.9,10.375,7.0,0,44
engr1,MOTO,MIM,0.5,MIM,1.0,10.375,7.0,0,44
engr1,OP3,MIM,0.5,MIM,0.1,5.208333333333333,5.0,0,13
engr1,OP3,MIM,0.5,MIM,0.2,9.083333333333334,5.0,0,47
engr1,OP3,MIM,0.5,MIM,0.3,10.229166666666666,8.0,0,47
engr1,OP3,MIM,0.5,MIM,0.4,9.875,6.5,0,47
engr1,OP3,MIM,0.5,MIM,0.5,9.875,6.5,0,47
engr1,OP3,MIM,0.5,MIM,0.6,9.875,6.5,0,47
engr1,OP3,MIM,0.5,MIM,0.7,9.875,6.5,0,47
engr1,OP3,MIM,0.5,MIM,0.8,9.875,6.5,0,47
engr1,OP3,MIM,0.5,MIM,0.9,9.875,6.5,0,47
engr1,OP3,MIM,0.5,MIM,1.0,9.875,6.5,0,47
engr1,S7,MIM,0.5,MIM,0.1,5.354166666666667,4.0,0,21
engr1,S7,MIM,0.5,MIM,0.2,7.395833333333333,5.0,0,39
engr1,S7,MIM,0.5,MIM,0.3,8.9375,6.5,0,41
engr1,S7,MIM,0.5,MIM,0.4,10.041666666666666,7.5,0,41
engr1,S7,MIM,0.5,MIM,0.5,10.041666666666666,7.5,0,41
engr1,S7,MIM,0.5,MIM,0.6,10.041666666666666,7.5,0,41
engr1,S7,MIM,0.5,MIM,0.7,10.041666666666666,7.5,0,41
engr1,S7,MIM,0.5,MIM,0.8,10.041666666666666,7.5,0,41
engr1,S7,MIM,0.5,MIM,0.9,10.041666666666666,7.5,0,41
engr1,S7,MIM,0.5,MIM,1.0,10.041666666666666,7.5,0,41
engr1,BLU,MIM,0.6,MIM,0.1,4.25,4.0,0,17
engr1,BLU,MIM,0.6,MIM,0.2,14.333333333333334,11.0,0,46
engr1,BLU,MIM,0.6,MIM,0.3,19.979166666666668,17.0,0,46
engr1,BLU,MIM,0.6,MIM,0.4,21.791666666666668,20.0,0,46
engr1,BLU,MIM,0.6,MIM,0.5,21.791666666666668,20.0,0,46
engr1,BLU,MIM,0.6,MIM,0.6,21.791666666666668,20.0,0,46
engr1,BLU,MIM,0.6,MIM,0.7,21.791666666666668,20.0,0,46
engr1,BLU,MIM,0.6,MIM,0.8,21.791666666666668,20.0,0,46
engr1,BLU,MIM,0.6,MIM,0.9,21.791666666666668,20.0,0,46
engr1,BLU,MIM,0.6,MIM,1.0,21.791666666666668,20.0,0,46
engr1,HTC,MIM,0.6,MIM,0.1,7.104166666666667,6.0,0,21
engr1,HTC,MIM,0.6,MIM,0.2,10.5,6.0,0,47
engr1,HTC,MIM,0.6,MIM,0.3,11.770833333333334,7.0,0,47
engr1,HTC,MIM,0.6,MIM,0.4,12.395833333333334,8.0,0,47
engr1,HTC,MIM,0.6,MIM,0.5,12.395833333333334,8.0,0,47
engr1,HTC,MIM,0.6,MIM,0.6,12.395833333333334,8.0,0,47
engr1,HTC,MIM,0.6,MIM,0.7,12.395833333333334,8.0,0,47
engr1,HTC,MIM,0.6,MIM,0.8,12.395833333333334,8.0,0,47
engr1,HTC,MIM,0.6,MIM,0.9,12.395833333333334,8.0,0,47
engr1,HTC,MIM,0.6,MIM,1.0,12.395833333333334,8.0,0,47
engr1,LG,MIM,0.6,MIM,0.1,5.166666666666667,3.5,0,20
engr1,LG,MIM,0.6,MIM,0.2,7.791666666666667,6.5,0,34
engr1,LG,MIM,0.6,MIM,0.3,8.229166666666666,6.5,0,47
engr1,LG,MIM,0.6,MIM,0.4,9.729166666666666,7.0,0,45
engr1,LG,MIM,0.6,MIM,0.5,9.729166666666666,7.0,0,45
engr1,LG,MIM,0.6,MIM,0.6,9.729166666666666,7.0,0,45
engr1,LG,MIM,0.6,MIM,0.7,9.729166666666666,7.0,0,45
engr1,LG,MIM,0.6,MIM,0.8,9.729166666666666,7.0,0,45
engr1,LG,MIM,0.6,MIM,0.9,9.729166666666666,7.0,0,45
engr1,LG,MIM,0.6,MIM,1.0,9.729166666666666,7.0,0,45
engr1,MOTO,MIM,0.6,MIM,0.1,4.708333333333333,4.0,0,22
engr1,MOTO,MIM,0.6,MIM,0.2,8.0,6.0,0,42
engr1,MOTO,MIM,0.6,MIM,0.3,10.270833333333334,7.0,0,44
engr1,MOTO,MIM,0.6,MIM,0.4,10.375,7.0,0,44
engr1,MOTO,MIM,0.6,MIM,0.5,10.375,7.0,0,44
engr1,MOTO,MIM,0.6,MIM,0.6,10.375,7.0,0,44
engr1,MOTO,MIM,0.6,MIM,0.7,10.375,7.0,0,44
engr1,MOTO,MIM,0.6,MIM,0.8,10.375,7.0,0,44
engr1,MOTO,MIM,0.6,MIM,0.9,10.375,7.0,0,44
engr1,MOTO,MIM,0.6,MIM,1.0,10.375,7.0,0,44
engr1,OP3,MIM,0.6,MIM,0.1,5.208333333333333,5.0,0,13
engr1,OP3,MIM,0.6,MIM,0.2,9.083333333333334,5.0,0,47
engr1,OP3,MIM,0.6,MIM,0.3,10.229166666666666,8.0,0,47
engr1,OP3,MIM,0.6,MIM,0.4,9.875,6.5,0,47
engr1,OP3,MIM,0.6,MIM,0.5,9.875,6.5,0,47
engr1,OP3,MIM,0.6,MIM,0.6,9.875,6.5,0,47
engr1,OP3,MIM,0.6,MIM,0.7,9.875,6.5,0,47
engr1,OP3,MIM,0.6,MIM,0.8,9.875,6.5,0,47
engr1,OP3,MIM,0.6,MIM,0.9,9.875,6.5,0,47
engr1,OP3,MIM,0.6,MIM,1.0,9.875,6.5,0,47
engr1,S7,MIM,0.6,MIM,0.1,5.354166666666667,4.0,0,21
engr1,S7,MIM,0.6,MIM,0.2,7.395833333333333,5.0,0,39
engr1,S7,MIM,0.6,MIM,0.3,8.9375,6.5,0,41
engr1,S7,MIM,0.6,MIM,0.4,10.041666666666666,7.5,0,41
engr1,S7,MIM,0.6,MIM,0.5,10.041666666666666,7.5,0,41
engr1,S7,MIM,0.6,MIM,0.6,10.041666666666666,7.5,0,41
engr1,S7,MIM,0.6,MIM,0.7,10.041666666666666,7.5,0,41
engr1,S7,MIM,0.6,MIM,0.8,10.041666666666666,7.5,0,41
engr1,S7,MIM,0.6,MIM,0.9,10.041666666666666,7.5,0,41
engr1,S7,MIM,0.6,MIM,1.0,10.041666666666666,7.5,0,41
engr1,BLU,MIM,0.7,MIM,0.1,4.25,4.0,0,17
engr1,BLU,MIM,0.7,MIM,0.2,14.333333333333334,11.0,0,46
engr1,BLU,MIM,0.7,MIM,0.3,19.979166666666668,17.0,0,46
engr1,BLU,MIM,0.7,MIM,0.4,21.791666666666668,20.0,0,46
engr1,BLU,MIM,0.7,MIM,0.5,21.791666666666668,20.0,0,46
engr1,BLU,MIM,0.7,MIM,0.6,21.791666666666668,20.0,0,46
engr1,BLU,MIM,0.7,MIM,0.7,21.791666666666668,20.0,0,46
engr1,BLU,MIM,0.7,MIM,0.8,21.791666666666668,20.0,0,46
engr1,BLU,MIM,0.7,MIM,0.9,21.791666666666668,20.0,0,46
engr1,BLU,MIM,0.7,MIM,1.0,21.791666666666668,20.0,0,46
engr1,HTC,MIM,0.7,MIM,0.1,7.104166666666667,6.0,0,21
engr1,HTC,MIM,0.7,MIM,0.2,10.5,6.0,0,47
engr1,HTC,MIM,0.7,MIM,0.3,11.770833333333334,7.0,0,47
engr1,HTC,MIM,0.7,MIM,0.4,12.395833333333334,8.0,0,47
engr1,HTC,MIM,0.7,MIM,0.5,12.395833333333334,8.0,0,47
engr1,HTC,MIM,0.7,MIM,0.6,12.395833333333334,8.0,0,47
engr1,HTC,MIM,0.7,MIM,0.7,12.395833333333334,8.0,0,47
engr1,HTC,MIM,0.7,MIM,0.8,12.395833333333334,8.0,0,47
engr1,HTC,MIM,0.7,MIM,0.9,12.395833333333334,8.0,0,47
engr1,HTC,MIM,0.7,MIM,1.0,12.395833333333334,8.0,0,47
engr1,LG,MIM,0.7,MIM,0.1,5.166666666666667,3.5,0,20
engr1,LG,MIM,0.7,MIM,0.2,7.791666666666667,6.5,0,34
engr1,LG,MIM,0.7,MIM,0.3,8.229166666666666,6.5,0,47
engr1,LG,MIM,0.7,MIM,0.4,9.729166666666666,7.0,0,45
engr1,LG,MIM,0.7,MIM,0.5,9.729166666666666,7.0,0,45
engr1,LG,MIM,0.7,MIM,0.6,9.729166666666666,7.0,0,45
engr1,LG,MIM,0.7,MIM,0.7,9.729166666666666,7.0,0,45
engr1,LG,MIM,0.7,MIM,0.8,9.729166666666666,7.0,0,45
engr1,LG,MIM,0.7,MIM,0.9,9.729166666666666,7.0,0,45
engr1,LG,MIM,0.7,MIM,1.0,9.729166666666666,7.0,0,45
engr1,MOTO,MIM,0.7,MIM,0.1,4.708333333333333,4.0,0,22
engr1,MOTO,MIM,0.7,MIM,0.2,8.0,6.0,0,42
engr1,MOTO,MIM,0.7,MIM,0.3,10.270833333333334,7.0,0,44
engr1,MOTO,MIM,0.7,MIM,0.4,10.375,7.0,0,44
engr1,MOTO,MIM,0.7,MIM,0.5,10.375,7.0,0,44
engr1,MOTO,MIM,0.7,MIM,0.6,10.375,7.0,0,44
engr1,MOTO,MIM,0.7,MIM,0.7,10.375,7.0,0,44
engr1,MOTO,MIM,0.7,MIM,0.8,10.375,7.0,0,44
engr1,MOTO,MIM,0.7,MIM,0.9,10.375,7.0,0,44
engr1,MOTO,MIM,0.7,MIM,1.0,10.375,7.0,0,44
engr1,OP3,MIM,0.7,MIM,0.1,5.208333333333333,5.0,0,13
engr1,OP3,MIM,0.7,MIM,0.2,9.083333333333334,5.0,0,47
engr1,OP3,MIM,0.7,MIM,0.3,10.229166666666666,8.0,0,47
engr1,OP3,MIM,0.7,MIM,0.4,9.875,6.5,0,47
engr1,OP3,MIM,0.7,MIM,0.5,9.875,6.5,0,47
engr1,OP3,MIM,0.7,MIM,0.6,9.875,6.5,0,47
engr1,OP3,MIM,0.7,MIM,0.7,9.875,6.5,0,47
engr1,OP3,MIM,0.7,MIM,0.8,9.875,6.5,0,47
engr1,OP3,MIM,0.7,MIM,0.9,9.875,6.5,0,47
engr1,OP3,MIM,0.7,MIM,1.0,9.875,6.5,0,47
engr1,S7,MIM,0.7,MIM,0.1,5.354166666666667,4.0,0,21
engr1,S7,MIM,0.7,MIM,0.2,7.395833333333333,5.0,0,39
engr1,S7,MIM,0.7,MIM,0.3,8.9375,6.5,0,41
engr1,S7,MIM,0.7,MIM,0.4,10.041666666666666,7.5,0,41
engr1,S7,MIM,0.7,MIM,0.5,10.041666666666666,7.5,0,41
engr1,S7,MIM,0.7,MIM,0.6,10.041666666666666,7.5,0,41
engr1,S7,MIM,0.7,MIM,0.7,10.041666666666666,7.5,0,41
engr1,S7,MIM,0.7,MIM,0.8,10.041666666666666,7.5,0,41
engr1,S7,MIM,0.7,MIM,0.9,10.041666666666666,7.5,0,41
engr1,S7,MIM,0.7,MIM,1.0,10.041666666666666,7.5,0,41
engr1,BLU,MIM,0.8,MIM,0.1,4.25,4.0,0,17
engr1,BLU,MIM,0.8,MIM,0.2,14.333333333333334,11.0,0,46
engr1,BLU,MIM,0.8,MIM,0.3,19.979166666666668,17.0,0,46
engr1,BLU,MIM,0.8,MIM,0.4,21.791666666666668,20.0,0,46
engr1,BLU,MIM,0.8,MIM,0.5,21.791666666666668,20.0,0,46
engr1,BLU,MIM,0.8,MIM,0.6,21.791666666666668,20.0,0,46
engr1,BLU,MIM,0.8,MIM,0.7,21.791666666666668,20.0,0,46
engr1,BLU,MIM,0.8,MIM,0.8,21.791666666666668,20.0,0,46
engr1,BLU,MIM,0.8,MIM,0.9,21.791666666666668,20.0,0,46
engr1,BLU,MIM,0.8,MIM,1.0,21.791666666666668,20.0,0,46
engr1,HTC,MIM,0.8,MIM,0.1,7.104166666666667,6.0,0,21
engr1,HTC,MIM,0.8,MIM,0.2,10.5,6.0,0,47
engr1,HTC,MIM,0.8,MIM,0.3,11.770833333333334,7.0,0,47
engr1,HTC,MIM,0.8,MIM,0.4,12.395833333333334,8.0,0,47
engr1,HTC,MIM,0.8,MIM,0.5,12.395833333333334,8.0,0,47
engr1,HTC,MIM,0.8,MIM,0.6,12.395833333333334,8.0,0,47
engr1,HTC,MIM,0.8,MIM,0.7,12.395833333333334,8.0,0,47
engr1,HTC,MIM,0.8,MIM,0.8,12.395833333333334,8.0,0,47
engr1,HTC,MIM,0.8,MIM,0.9,12.395833333333334,8.0,0,47
engr1,HTC,MIM,0.8,MIM,1.0,12.395833333333334,8.0,0,47
engr1,LG,MIM,0.8,MIM,0.1,5.166666666666667,3.5,0,20
engr1,LG,MIM,0.8,MIM,0.2,7.791666666666667,6.5,0,34
engr1,LG,MIM,0.8,MIM,0.3,8.229166666666666,6.5,0,47
engr1,LG,MIM,0.8,MIM,0.4,9.729166666666666,7.0,0,45
engr1,LG,MIM,0.8,MIM,0.5,9.729166666666666,7.0,0,45
engr1,LG,MIM,0.8,MIM,0.6,9.729166666666666,7.0,0,45
engr1,LG,MIM,0.8,MIM,0.7,9.729166666666666,7.0,0,45
engr1,LG,MIM,0.8,MIM,0.8,9.729166666666666,7.0,0,45
engr1,LG,MIM,0.8,MIM,0.9,9.729166666666666,7.0,0,45
engr1,LG,MIM,0.8,MIM,1.0,9.729166666666666,7.0,0,45
engr1,MOTO,MIM,0.8,MIM,0.1,4.708333333333333,4.0,0,22
engr1,MOTO,MIM,0.8,MIM,0.2,8.0,6.0,0,42
engr1,MOTO,MIM,0.8,MIM,0.3,10.270833333333334,7.0,0,44
engr1,MOTO,MIM,0.8,MIM,0.4,10.375,7.0,0,44
engr1,MOTO,MIM,0.8,MIM,0.5,10.375,7.0,0,44
engr1,MOTO,MIM,0.8,MIM,0.6,10.375,7.0,0,44
engr1,MOTO,MIM,0.8,MIM,0.7,10.375,7.0,0,44
engr1,MOTO,MIM,0.8,MIM,0.8,10.375,7.0,0,44
engr1,MOTO,MIM,0.8,MIM,0.9,10.375,7.0,0,44
engr1,MOTO,MIM,0.8,MIM,1.0,10.375,7.0,0,44
engr1,OP3,MIM,0.8,MIM,0.1,5.208333333333333,5.0,0,13
engr1,OP3,MIM,0.8,MIM,0.2,9.083333333333334,5.0,0,47
engr1,OP3,MIM,0.8,MIM,0.3,10.229166666666666,8.0,0,47
engr1,OP3,MIM,0.8,MIM,0.4,9.875,6.5,0,47
engr1,OP3,MIM,0.8,MIM,0.5,9.875,6.5,0,47
engr1,OP3,MIM,0.8,MIM,0.6,9.875,6.5,0,47
engr1,OP3,MIM,0.8,MIM,0.7,9.875,6.5,0,47
engr1,OP3,MIM,0.8,MIM,0.8,9.875,6.5,0,47
engr1,OP3,MIM,0.8,MIM,0.9,9.875,6.5,0,47
engr1,OP3,MIM,0.8,MIM,1.0,9.875,6.5,0,47
engr1,S7,MIM,0.8,MIM,0.1,5.354166666666667,4.0,0,21
engr1,S7,MIM,0.8,MIM,0.2,7.395833333333333,5.0,0,39
engr1,S7,MIM,0.8,MIM,0.3,8.9375,6.5,0,41
engr1,S7,MIM,0.8,MIM,0.4,10.041666666666666,7.5,0,41
engr1,S7,MIM,0.8,MIM,0.5,10.041666666666666,7.5,0,41
engr1,S7,MIM,0.8,MIM,0.6,10.041666666666666,7.5,0,41
engr1,S7,MIM,0.8,MIM,0.7,10.041666666666666,7.5,0,41
engr1,S7,MIM,0.8,MIM,0.8,10.041666666666666,7.5,0,41
engr1,S7,MIM,0.8,MIM,0.9,10.041666666666666,7.5,0,41
engr1,S7,MIM,0.8,MIM,1.0,10.041666666666666,7.5,0,41
engr1,BLU,MIM,0.9,MIM,0.1,4.25,4.0,0,17
engr1,BLU,MIM,0.9,MIM,0.2,14.333333333333334,11.0,0,46
engr1,BLU,MIM,0.9,MIM,0.3,19.979166666666668,17.0,0,46
engr1,BLU,MIM,0.9,MIM,0.4,21.791666666666668,20.0,0,46
engr1,BLU,MIM,0.9,MIM,0.5,21.791666666666668,20.0,0,46
engr1,BLU,MIM,0.9,MIM,0.6,21.791666666666668,20.0,0,46
engr1,BLU,MIM,0.9,MIM,0.7,21.791666666666668,20.0,0,46
engr1,BLU,MIM,0.9,MIM,0.8,21.791666666666668,20.0,0,46
engr1,BLU,MIM,0.9,MIM,0.9,21.791666666666668,20.0,0,46
engr1,BLU,MIM,0.9,MIM,1.0,21.791666666666668,20.0,0,46
engr1,HTC,MIM,0.9,MIM,0.1,7.104166666666667,6.0,0,21
engr1,HTC,MIM,0.9,MIM,0.2,10.5,6.0,0,47
engr1,HTC,MIM,0.9,MIM,0.3,11.770833333333334,7.0,0,47
engr1,HTC,MIM,0.9,MIM,0.4,12.395833333333334,8.0,0,47
engr1,HTC,MIM,0.9,MIM,0.5,12.395833333333334,8.0,0,47
engr1,HTC,MIM,0.9,MIM,0.6,12.395833333333334,8.0,0,47
engr1,HTC,MIM,0.9,MIM,0.7,12.395833333333334,8.0,0,47
engr1,HTC,MIM,0.9,MIM,0.8,12.395833333333334,8.0,0,47
engr1,HTC,MIM,0.9,MIM,0.9,12.395833333333334,8.0,0,47
engr1,HTC,MIM,0.9,MIM,1.0,12.395833333333334,8.0,0,47
engr1,LG,MIM,0.9,MIM,0.1,5.166666666666667,3.5,0,20
engr1,LG,MIM,0.9,MIM,0.2,7.791666666666667,6.5,0,34
engr1,LG,MIM,0.9,MIM,0.3,8.229166666666666,6.5,0,47
engr1,LG,MIM,0.9,MIM,0.4,9.729166666666666,7.0,0,45
engr1,LG,MIM,0.9,MIM,0.5,9.729166666666666,7.0,0,45
engr1,LG,MIM,0.9,MIM,0.6,9.729166666666666,7.0,0,45
engr1,LG,MIM,0.9,MIM,0.7,9.729166666666666,7.0,0,45
engr1,LG,MIM,0.9,MIM,0.8,9.729166666666666,7.0,0,45
engr1,LG,MIM,0.9,MIM,0.9,9.729166666666666,7.0,0,45
engr1,LG,MIM,0.9,MIM,1.0,9.729166666666666,7.0,0,45
engr1,MOTO,MIM,0.9,MIM,0.1,4.708333333333333,4.0,0,22
engr1,MOTO,MIM,0.9,MIM,0.2,8.0,6.0,0,42
engr1,MOTO,MIM,0.9,MIM,0.3,10.270833333333334,7.0,0,44
engr1,MOTO,MIM,0.9,MIM,0.4,10.375,7.0,0,44
engr1,MOTO,MIM,0.9,MIM,0.5,10.375,7.0,0,44
engr1,MOTO,MIM,0.9,MIM,0.6,10.375,7.0,0,44
engr1,MOTO,MIM,0.9,MIM,0.7,10.375,7.0,0,44
engr1,MOTO,MIM,0.9,MIM,0.8,10.375,7.0,0,44
engr1,MOTO,MIM,0.9,MIM,0.9,10.375,7.0,0,44
engr1,MOTO,MIM,0.9,MIM,1.0,10.375,7.0,0,44
engr1,OP3,MIM,0.9,MIM,0.1,5.208333333333333,5.0,0,13
engr1,OP3,MIM,0.9,MIM,0.2,9.083333333333334,5.0,0,47
engr1,OP3,MIM,0.9,MIM,0.3,10.229166666666666,8.0,0,47
engr1,OP3,MIM,0.9,MIM,0.4,9.875,6.5,0,47
engr1,OP3,MIM,0.9,MIM,0.5,9.875,6.5,0,47
engr1,OP3,MIM,0.9,MIM,0.6,9.875,6.5,0,47
engr1,OP3,MIM,0.9,MIM,0.7,9.875,6.5,0,47
engr1,OP3,MIM,0.9,MIM,0.8,9.875,6.5,0,47
engr1,OP3,MIM,0.9,MIM,0.9,9.875,6.5,0,47
engr1,OP3,MIM,0.9,MIM,1.0,9.875,6.5,0,47
engr1,S7,MIM,0.9,MIM,0.1,5.354166666666667,4.0,0,21
engr1,S7,MIM,0.9,MIM,0.2,7.395833333333333,5.0,0,39
engr1,S7,MIM,0.9,MIM,0.3,8.9375,6.5,0,41
engr1,S7,MIM,0.9,MIM,0.4,10.041666666666666,7.5,0,41
engr1,S7,MIM,0.9,MIM,0.5,10.041666666666666,7.5,0,41
engr1,S7,MIM,0.9,MIM,0.6,10.041666666666666,7.5,0,41
engr1,S7,MIM,0.9,MIM,0.7,10.041666666666666,7.5,0,41
engr1,S7,MIM,0.9,MIM,0.8,10.041666666666666,7.5,0,41
engr1,S7,MIM,0.9,MIM,0.9,10.041666666666666,7.5,0,41
engr1,S7,MIM,0.9,MIM,1.0,10.041666666666666,7.5,0,41
engr1,BLU,MIM,1.0,MIM,0.1,4.25,4.0,0,17
engr1,BLU,MIM,1.0,MIM,0.2,14.333333333333334,11.0,0,46
engr1,BLU,MIM,1.0,MIM,0.3,19.979166666666668,17.0,0,46
engr1,BLU,MIM,1.0,MIM,0.4,21.791666666666668,20.0,0,46
engr1,BLU,MIM,1.0,MIM,0.5,21.791666666666668,20.0,0,46
engr1,BLU,MIM,1.0,MIM,0.6,21.791666666666668,20.0,0,46
engr1,BLU,MIM,1.0,MIM,0.7,21.791666666666668,20.0,0,46
engr1,BLU,MIM,1.0,MIM,0.8,21.791666666666668,20.0,0,46
engr1,BLU,MIM,1.0,MIM,0.9,21.791666666666668,20.0,0,46
engr1,BLU,MIM,1.0,MIM,1.0,21.791666666666668,20.0,0,46
engr1,HTC,MIM,1.0,MIM,0.1,7.104166666666667,6.0,0,21
engr1,HTC,MIM,1.0,MIM,0.2,10.5,6.0,0,47
engr1,HTC,MIM,1.0,MIM,0.3,11.770833333333334,7.0,0,47
engr1,HTC,MIM,1.0,MIM,0.4,12.395833333333334,8.0,0,47
engr1,HTC,MIM,1.0,MIM,0.5,12.395833333333334,8.0,0,47
engr1,HTC,MIM,1.0,MIM,0.6,12.395833333333334,8.0,0,47
engr1,HTC,MIM,1.0,MIM,0.7,12.395833333333334,8.0,0,47
engr1,HTC,MIM,1.0,MIM,0.8,12.395833333333334,8.0,0,47
engr1,HTC,MIM,1.0,MIM,0.9,12.395833333333334,8.0,0,47
engr1,HTC,MIM,1.0,MIM,1.0,12.395833333333334,8.0,0,47
engr1,LG,MIM,1.0,MIM,0.1,5.166666666666667,3.5,0,20
engr1,LG,MIM,1.0,MIM,0.2,7.791666666666667,6.5,0,34
engr1,LG,MIM,1.0,MIM,0.3,8.229166666666666,6.5,0,47
engr1,LG,MIM,1.0,MIM,0.4,9.729166666666666,7.0,0,45
engr1,LG,MIM,1.0,MIM,0.5,9.729166666666666,7.0,0,45
engr1,LG,MIM,1.0,MIM,0.6,9.729166666666666,7.0,0,45
engr1,LG,MIM,1.0,MIM,0.7,9.729166666666666,7.0,0,45
engr1,LG,MIM,1.0,MIM,0.8,9.729166666666666,7.0,0,45
engr1,LG,MIM,1.0,MIM,0.9,9.729166666666666,7.0,0,45
engr1,LG,MIM,1.0,MIM,1.0,9.729166666666666,7.0,0,45
engr1,MOTO,MIM,1.0,MIM,0.1,4.708333333333333,4.0,0,22
engr1,MOTO,MIM,1.0,MIM,0.2,8.0,6.0,0,42
engr1,MOTO,MIM,1.0,MIM,0.3,10.270833333333334,7.0,0,44
engr1,MOTO,MIM,1.0,MIM,0.4,10.375,7.0,0,44
engr1,MOTO,MIM,1.0,MIM,0.5,10.375,7.0,0,44
engr1,MOTO,MIM,1.0,MIM,0.6,10.375,7.0,0,44
engr1,MOTO,MIM,1.0,MIM,0.7,10.375,7.0,0,44
engr1,MOTO,MIM,1.0,MIM,0.8,10.375,7.0,0,44
engr1,MOTO,MIM,1.0,MIM,0.9,10.375,7.0,0,44
engr1,MOTO,MIM,1.0,MIM,1.0,10.375,7.0,0,44
engr1,OP3,MIM,1.0,MIM,0.1,5.208333333333333,5.0,0,13
engr1,OP3,MIM,1.0,MIM,0.2,9.083333333333334,5.0,0,47
engr1,OP3,MIM,1.0,MIM,0.3,10.229166666666666,8.0,0,47
engr1,OP3,MIM,1.0,MIM,0.4,9.875,6.5,0,47
engr1,OP3,MIM,1.0,MIM,0.5,9.875,6.5,0,47
engr1,OP3,MIM,1.0,MIM,0.6,9.875,6.5,0,47
engr1,OP3,MIM,1.0,MIM,0.7,9.875,6.5,0,47
engr1,OP3,MIM,1.0,MIM,0.8,9.875,6.5,0,47
engr1,OP3,MIM,1.0,MIM,0.9,9.875,6.5,0,47
engr1,OP3,MIM,1.0,MIM,1.0,9.875,6.5,0,47
engr1,S7,MIM,1.0,MIM,0.1,5.354166666666667,4.0,0,21
engr1,S7,MIM,1.0,MIM,0.2,7.395833333333333,5.0,0,39
engr1,S7,MIM,1.0,MIM,0.3,8.9375,6.5,0,41
engr1,S7,MIM,1.0,MIM,0.4,10.041666666666666,7.5,0,41
engr1,S7,MIM,1.0,MIM,0.5,10.041666666666666,7.5,0,41
engr1,S7,MIM,1.0,MIM,0.6,10.041666666666666,7.5,0,41
engr1,S7,MIM,1.0,MIM,0.7,10.041666666666666,7.5,0,41
engr1,S7,MIM,1.0,MIM,0.8,10.041666666666666,7.5,0,41
engr1,S7,MIM,1.0,MIM,0.9,10.041666666666666,7.5,0,41
engr1,S7,MIM,1.0,MIM,1.0,10.041666666666666,7.5,0,41
engr1,BLU,BIM,0.1,MIM,0.1,4.583333333333333,4.0,0,17
engr1,BLU,BIM,0.1,MIM,0.2,8.270833333333334,7.0,0,20
engr1,BLU,BIM,0.1,MIM,0.3,8.145833333333334,6.5,0,24
engr1,BLU,BIM,0.1,MIM,0.4,7.979166666666667,7.0,0,21
engr1,BLU,BIM,0.1,MIM,0.5,7.979166666666667,7.0,0,21
engr1,BLU,BIM,0.1,MIM,0.6,7.979166666666667,7.0,0,21
engr1,BLU,BIM,0.1,MIM,0.7,7.979166666666667,7.0,0,21
engr1,BLU,BIM,0.1,MIM,0.8,7.979166666666667,7.0,0,21
engr1,BLU,BIM,0.1,MIM,0.9,7.979166666666667,7.0,0,21
engr1,BLU,BIM,0.1,MIM,1.0,7.979166666666667,7.0,0,21
engr1,HTC,BIM,0.1,MIM,0.1,7.791666666666667,5.5,0,25
engr1,HTC,BIM,0.1,MIM,0.2,9.979166666666666,8.0,0,47
engr1,HTC,BIM,0.1,MIM,0.3,11.3125,8.0,0,47
engr1,HTC,BIM,0.1,MIM,0.4,11.395833333333334,8.0,0,47
engr1,HTC,BIM,0.1,MIM,0.5,11.395833333333334,8.0,0,47
engr1,HTC,BIM,0.1,MIM,0.6,11.395833333333334,8.0,0,47
engr1,HTC,BIM,0.1,MIM,0.7,11.395833333333334,8.0,0,47
engr1,HTC,BIM,0.1,MIM,0.8,11.395833333333334,8.0,0,47
engr1,HTC,BIM,0.1,MIM,0.9,11.395833333333334,8.0,0,47
engr1,HTC,BIM,0.1,MIM,1.0,11.395833333333334,8.0,0,47
engr1,LG,BIM,0.1,MIM,0.1,5.958333333333333,4.0,0,23
engr1,LG,BIM,0.1,MIM,0.2,10.125,8.0,0,46
engr1,LG,BIM,0.1,MIM,0.3,12.5,10.5,0,40
engr1,LG,BIM,0.1,MIM,0.4,13.583333333333334,11.0,0,46
engr1,LG,BIM,0.1,MIM,0.5,13.583333333333334,11.0,0,46
engr1,LG,BIM,0.1,MIM,0.6,13.583333333333334,11.0,0,46
engr1,LG,BIM,0.1,MIM,0.7,13.583333333333334,11.0,0,46
engr1,LG,BIM,0.1,MIM,0.8,13.583333333333334,11.0,0,46
engr1,LG,BIM,0.1,MIM,0.9,13.583333333333334,11.0,0,46
engr1,LG,BIM,0.1,MIM,1.0,13.583333333333334,11.0,0,46
engr1,MOTO,BIM,0.1,MIM,0.1,4.583333333333333,4.0,0,21
engr1,MOTO,BIM,0.1,MIM,0.2,10.854166666666666,8.0,0,46
engr1,MOTO,BIM,0.1,MIM,0.3,12.958333333333334,10.5,0,46
engr1,MOTO,BIM,0.1,MIM,0.4,12.75,10.5,0,46
engr1,MOTO,BIM,0.1,MIM,0.5,12.75,10.5,0,46
engr1,MOTO,BIM,0.1,MIM,0.6,12.75,10.5,0,46
engr1,MOTO,BIM,0.1,MIM,0.7,12.75,10.5,0,46
engr1,MOTO,BIM,0.1,MIM,0.8,12.75,10.5,0,46
engr1,MOTO,BIM,0.1,MIM,0.9,12.75,10.5,0,46
engr1,MOTO,BIM,0.1,MIM,1.0,12.75,10.5,0,46
engr1,OP3,BIM,0.1,MIM,0.1,5.541666666666667,4.0,0,28
engr1,OP3,BIM,0.1,MIM,0.2,10.895833333333334,8.0,0,37
engr1,OP3,BIM,0.1,MIM,0.3,11.625,6.5,0,47
engr1,OP3,BIM,0.1,MIM,0.4,11.583333333333334,8.0,0,47
engr1,OP3,BIM,0.1,MIM,0.5,11.583333333333334,8.0,0,47
engr1,OP3,BIM,0.1,MIM,0.6,11.583333333333334,8.0,0,47
engr1,OP3,BIM,0.1,MIM,0.7,11.583333333333334,8.0,0,47
engr1,OP3,BIM,0.1,MIM,0.8,11.583333333333334,8.0,0,47
engr1,OP3,BIM,0.1,MIM,0.9,11.583333333333334,8.0,0,47
engr1,OP3,BIM,0.1,MIM,1.0,11.583333333333334,8.0,0,47
engr1,S7,BIM,0.1,MIM,0.1,5.5,4.0,0,28
engr1,S7,BIM,0.1,MIM,0.2,8.104166666666666,5.0,1,46
engr1,S7,BIM,0.1,MIM,0.3,9.0625,6.0,0,46
engr1,S7,BIM,0.1,MIM,0.4,8.354166666666666,5.0,0,46
engr1,S7,BIM,0.1,MIM,0.5,8.354166666666666,5.0,0,46
engr1,S7,BIM,0.1,MIM,0.6,8.354166666666666,5.0,0,46
engr1,S7,BIM,0.1,MIM,0.7,8.354166666666666,5.0,0,46
engr1,S7,BIM,0.1,MIM,0.8,8.354166666666666,5.0,0,46
engr1,S7,BIM,0.1,MIM,0.9,8.354166666666666,5.0,0,46
engr1,S7,BIM,0.1,MIM,1.0,8.354166666666666,5.0,0,46
engr1,BLU,BIM,0.2,MIM,0.1,4.604166666666667,4.0,0,16
engr1,BLU,BIM,0.2,MIM,0.2,7.458333333333333,6.5,0,19
engr1,BLU,BIM,0.2,MIM,0.3,7.770833333333333,6.0,0,21
engr1,BLU,BIM,0.2,MIM,0.4,7.729166666666667,6.5,0,21
engr1,BLU,BIM,0.2,MIM,0.5,7.729166666666667,6.5,0,21
engr1,BLU,BIM,0.2,MIM,0.6,7.729166666666667,6.5,0,21
engr1,BLU,BIM,0.2,MIM,0.7,7.729166666666667,6.5,0,21
engr1,BLU,BIM,0.2,MIM,0.8,7.729166666666667,6.5,0,21
engr1,BLU,BIM,0.2,MIM,0.9,7.729166666666667,6.5,0,21
engr1,BLU,BIM,0.2,MIM,1.0,7.729166666666667,6.5,0,21
engr1,HTC,BIM,0.2,MIM,0.1,8.583333333333334,5.5,0,27
engr1,HTC,BIM,0.2,MIM,0.2,9.854166666666666,7.5,0,47
engr1,HTC,BIM,0.2,MIM,0.3,10.395833333333334,6.0,0,47
engr1,HTC,BIM,0.2,MIM,0.4,10.354166666666666,5.5,0,47
engr1,HTC,BIM,0.2,MIM,0.5,10.354166666666666,5.5,0,47
engr1,HTC,BIM,0.2,MIM,0.6,10.354166666666666,5.5,0,47
engr1,HTC,BIM,0.2,MIM,0.7,10.354166666666666,5.5,0,47
engr1,HTC,BIM,0.2,MIM,0.8,10.354166666666666,5.5,0,47
engr1,HTC,BIM,0.2,MIM,0.9,10.354166666666666,5.5,0,47
engr1,HTC,BIM,0.2,MIM,1.0,10.354166666666666,5.5,0,47
engr1,LG,BIM,0.2,MIM,0.1,7.1875,4.0,0,27
engr1,LG,BIM,0.2,MIM,0.2,11.104166666666666,8.5,0,46
engr1,LG,BIM,0.2,MIM,0.3,11.770833333333334,8.5,0,43
engr1,LG,BIM,0.2,MIM,0.4,12.6875,9.0,0,46
engr1,LG,BIM,0.2,MIM,0.5,12.6875,9.0,0,46
engr1,LG,BIM,0.2,MIM,0.6,12.6875,9.0,0,46
engr1,LG,BIM,0.2,MIM,0.7,12.6875,9.0,0,46
engr1,LG,BIM,0.2,MIM,0.8,12.6875,9.0,0,46
engr1,LG,BIM,0.2,MIM,0.9,12.6875,9.0,0,46
engr1,LG,BIM,0.2,MIM,1.0,12.6875,9.0,0,46
engr1,MOTO,BIM,0.2,MIM,0.1,4.791666666666667,4.0,0,21
engr1,MOTO,BIM,0.2,MIM,0.2,10.3125,8.0,0,46
engr1,MOTO,BIM,0.2,MIM,0.3,12.4375,10.0,0,46
engr1,MOTO,BIM,0.2,MIM,0.4,11.708333333333334,9.0,0,46
engr1,MOTO,BIM,0.2,MIM,0.5,11.708333333333334,9.0,0,46
engr1,MOTO,BIM,0.2,MIM,0.6,11.708333333333334,9.0,0,46
engr1,MOTO,BIM,0.2,MIM,0.7,11.708333333333334,9.0,0,46
engr1,MOTO,BIM,0.2,MIM,0.8,11.708333333333334,9.0,0,46
engr1,MOTO,BIM,0.2,MIM,0.9,11.708333333333334,9.0,0,46
engr1,MOTO,BIM,0.2,MIM,1.0,11.708333333333334,9.0,0,46
engr1,OP3,BIM,0.2,MIM,0.1,5.395833333333333,4.0,0,24
engr1,OP3,BIM,0.2,MIM,0.2,9.5,6.0,0,47
engr1,OP3,BIM,0.2,MIM,0.3,10.979166666666666,9.0,0,47
engr1,OP3,BIM,0.2,MIM,0.4,11.604166666666666,9.0,0,47
engr1,OP3,BIM,0.2,MIM,0.5,11.604166666666666,9.0,0,47
engr1,OP3,BIM,0.2,MIM,0.6,11.604166666666666,9.0,0,47
engr1,OP3,BIM,0.2,MIM,0.7,11.604166666666666,9.0,0,47
engr1,OP3,BIM,0.2,MIM,0.8,11.604166666666666,9.0,0,47
engr1,OP3,BIM,0.2,MIM,0.9,11.604166666666666,9.0,0,47
engr1,OP3,BIM,0.2,MIM,1.0,11.604166666666666,9.0,0,47
engr1,S7,BIM,0.2,MIM,0.1,5.5,4.0,0,28
engr1,S7,BIM,0.2,MIM,0.2,7.895833333333333,4.0,1,46
engr1,S7,BIM,0.2,MIM,0.3,8.1875,4.0,0,46
engr1,S7,BIM,0.2,MIM,0.4,8.104166666666666,4.0,0,46
engr1,S7,BIM,0.2,MIM,0.5,8.104166666666666,4.0,0,46
engr1,S7,BIM,0.2,MIM,0.6,8.104166666666666,4.0,0,46
engr1,S7,BIM,0.2,MIM,0.7,8.104166666666666,4.0,0,46
engr1,S7,BIM,0.2,MIM,0.8,8.104166666666666,4.0,0,46
engr1,S7,BIM,0.2,MIM,0.9,8.104166666666666,4.0,0,46
engr1,S7,BIM,0.2,MIM,1.0,8.104166666666666,4.0,0,46
engr1,BLU,BIM,0.3,MIM,0.1,3.5,3.0,0,16
engr1,BLU,BIM,0.3,MIM,0.2,7.125,6.0,0,20
engr1,BLU,BIM,0.3,MIM,0.3,7.520833333333333,6.0,0,21
engr1,BLU,BIM,0.3,MIM,0.4,7.5625,6.5,0,21
engr1,BLU,BIM,0.3,MIM,0.5,7.5625,6.5,0,21
engr1,BLU,BIM,0.3,MIM,0.6,7.5625,6.5,0,21
engr1,BLU,BIM,0.3,MIM,0.7,7.5625,6.5,0,21
engr1,BLU,BIM,0.3,MIM,0.8,7.5625,6.5,0,21
engr1,BLU,BIM,0.3,MIM,0.9,7.5625,6.5,0,21
engr1,BLU,BIM,0.3,MIM,1.0,7.5625,6.5,0,21
engr1,HTC,BIM,0.3,MIM,0.1,8.770833333333334,6.0,0,27
engr1,HTC,BIM,0.3,MIM,0.2,9.645833333333334,7.0,0,47
engr1,HTC,BIM,0.3,MIM,0.3,10.791666666666666,7.0,0,47
engr1,HTC,BIM,0.3,MIM,0.4,10.895833333333334,6.5,0,47
engr1,HTC,BIM,0.3,MIM,0.5,10.895833333333334,6.5,0,47
engr1,HTC,BIM,0.3,MIM,0.6,10.895833333333334,6.5,0,47
engr1,HTC,BIM,0.3,MIM,0.7,10.895833333333334,6.5,0,47
engr1,HTC,BIM,0.3,MIM,0.8,10.895833333333334,6.5,0,47
engr1,HTC,BIM,0.3,MIM,0.9,10.895833333333334,6.5,0,47
engr1,HTC,BIM,0.3,MIM,1.0,10.895833333333334,6.5,0,47
engr1,LG,BIM,0.3,MIM,0.1,6.833333333333333,4.5,0,26
engr1,LG,BIM,0.3,MIM,0.2,10.270833333333334,8.5,0,46
engr1,LG,BIM,0.3,MIM,0.3,12.8125,10.0,0,44
engr1,LG,BIM,0.3,MIM,0.4,13.020833333333334,10.0,0,46
engr1,LG,BIM,0.3,MIM,0.5,13.020833333333334,10.0,0,46
engr1,LG,BIM,0.3,MIM,0.6,13.020833333333334,10.0,0,46
engr1,LG,BIM,0.3,MIM,0.7,13.020833333333334,10.0,0,46
engr1,LG,BIM,0.3,MIM,0.8,13.020833333333334,10.0,0,46
engr1,LG,BIM,0.3,MIM,0.9,13.020833333333334,10.0,0,46
engr1,LG,BIM,0.3,MIM,1.0,13.020833333333334,10.0,0,46
engr1,MOTO,BIM,0.3,MIM,0.1,4.708333333333333,4.0,0,21
engr1,MOTO,BIM,0.3,MIM,0.2,10.375,9.0,0,46
engr1,MOTO,BIM,0.3,MIM,0.3,12.75,10.0,0,46
engr1,MOTO,BIM,0.3,MIM,0.4,12.666666666666666,10.5,0,46
engr1,MOTO,BIM,0.3,MIM,0.5,12.666666666666666,10.5,0,46
engr1,MOTO,BIM,0.3,MIM,0.6,12.666666666666666,10.5,0,46
engr1,MOTO,BIM,0.3,MIM,0.7,12.666666666666666,10.5,0,46
engr1,MOTO,BIM,0.3,MIM,0.8,12.666666666666666,10.5,0,46
engr1,MOTO,BIM,0.3,MIM,0.9,12.666666666666666,10.5,0,46
engr1,MOTO,BIM,0.3,MIM,1.0,12.666666666666666,10.5,0,46
engr1,OP3,BIM,0.3,MIM,0.1,5.25,3.0,0,24
engr1,OP3,BIM,0.3,MIM,0.2,9.958333333333334,6.0,0,47
engr1,OP3,BIM,0.3,MIM,0.3,11.541666666666666,7.5,0,47
engr1,OP3,BIM,0.3,MIM,0.4,11.229166666666666,6.5,0,47
engr1,OP3,BIM,0.3,MIM,0.5,11.229166666666666,6.5,0,47
engr1,OP3,BIM,0.3,MIM,0.6,11.229166666666666,6.5,0,47
engr1,OP3,BIM,0.3,MIM,0.7,11.229166666666666,6.5,0,47
engr1,OP3,BIM,0.3,MIM,0.8,11.229166666666666,6.5,0,47
engr1,OP3,BIM,0.3,MIM,0.9,11.229166666666666,6.5,0,47
engr1,OP3,BIM,0.3,MIM,1.0,11.229166666666666,6.5,0,47
engr1,S7,BIM,0.3,MIM,0.1,5.541666666666667,3.5,0,28
engr1,S7,BIM,0.3,MIM,0.2,8.270833333333334,4.0,0,46
engr1,S7,BIM,0.3,MIM,0.3,8.770833333333334,4.5,0,46
engr1,S7,BIM,0.3,MIM,0.4,8.666666666666666,4.0,0,46
engr1,S7,BIM,0.3,MIM,0.5,8.666666666666666,4.0,0,46
engr1,S7,BIM,0.3,MIM,0.6,8.666666666666666,4.0,0,46
engr1,S7,BIM,0.3,MIM,0.7,8.666666666666666,4.0,0,46
engr1,S7,BIM,0.3,MIM,0.8,8.666666666666666,4.0,0,46
engr1,S7,BIM,0.3,MIM,0.9,8.666666666666666,4.0,0,46
engr1,S7,BIM,0.3,MIM,1.0,8.666666666666666,4.0,0,46
engr1,BLU,BIM,0.4,MIM,0.1,4.375,3.5,0,16
engr1,BLU,BIM,0.4,MIM,0.2,7.583333333333333,6.5,0,20
engr1,BLU,BIM,0.4,MIM,0.3,7.625,6.0,0,21
engr1,BLU,BIM,0.4,MIM,0.4,7.666666666666667,6.5,0,21
engr1,BLU,BIM,0.4,MIM,0.5,7.666666666666667,6.5,0,21
engr1,BLU,BIM,0.4,MIM,0.6,7.666666666666667,6.5,0,21
engr1,BLU,BIM,0.4,MIM,0.7,7.666666666666667,6.5,0,21
engr1,BLU,BIM,0.4,MIM,0.8,7.666666666666667,6.5,0,21
engr1,BLU,BIM,0.4,MIM,0.9,7.666666666666667,6.5,0,21
engr1,BLU,BIM,0.4,MIM,1.0,7.666666666666667,6.5,0,21
engr1,HTC,BIM,0.4,MIM,0.1,8.479166666666666,5.0,0,25
engr1,HTC,BIM,0.4,MIM,0.2,10.5,7.0,0,47
engr1,HTC,BIM,0.4,MIM,0.3,10.041666666666666,6.5,0,47
engr1,HTC,BIM,0.4,MIM,0.4,10.083333333333334,6.0,0,47
engr1,HTC,BIM,0.4,MIM,0.5,10.083333333333334,6.0,0,47
engr1,HTC,BIM,0.4,MIM,0.6,10.083333333333334,6.0,0,47
engr1,HTC,BIM,0.4,MIM,0.7,10.083333333333334,6.0,0,47
engr1,HTC,BIM,0.4,MIM,0.8,10.083333333333334,6.0,0,47
engr1,HTC,BIM,0.4,MIM,0.9,10.083333333333334,6.0,0,47
engr1,HTC,BIM,0.4,MIM,1.0,10.083333333333334,6.0,0,47
engr1,LG,BIM,0.4,MIM,0.1,7.0625,4.0,0,27
engr1,LG,BIM,0.4,MIM,0.2,9.520833333333334,8.0,0,29
engr1,LG,BIM,0.4,MIM,0.3,12.541666666666666,9.0,0,44
engr1,LG,BIM,0.4,MIM,0.4,13.375,10.0,0,46
engr1,LG,BIM,0.4,MIM,0.5,13.375,10.0,0,46
engr1,LG,BIM,0.4,MIM,0.6,13.375,10.0,0,46
engr1,LG,BIM,0.4,MIM,0.7,13.375,10.0,0,46
engr1,LG,BIM,0.4,MIM,0.8,13.375,10.0,0,46
engr1,LG,BIM,0.4,MIM,0.9,13.375,10.0,0,46
engr1,LG,BIM,0.4,MIM,1.0,13.375,10.0,0,46
engr1,MOTO,BIM,0.4,MIM,0.1,5.166666666666667,3.5,0,27
engr1,MOTO,BIM,0.4,MIM,0.2,10.5625,8.5,0,46
engr1,MOTO,BIM,0.4,MIM,0.3,12.354166666666666,9.0,0,46
engr1,MOTO,BIM,0.4,MIM,0.4,11.770833333333334,9.0,0,46
engr1,MOTO,BIM,0.4,MIM,0.5,11.770833333333334,9.0,0,46
engr1,MOTO,BIM,0.4,MIM,0.6,11.770833333333334,9.0,0,46
engr1,MOTO,BIM,0.4,MIM,0.7,11.770833333333334,9.0,0,46
engr1,MOTO,BIM,0.4,MIM,0.8,11.770833333333334,9.0,0,46
engr1,MOTO,BIM,0.4,MIM,0.9,11.770833333333334,9.0,0,46
engr1,MOTO,BIM,0.4,MIM,1.0,11.770833333333334,9.0,0,46
engr1,OP3,BIM,0.4,MIM,0.1,5.729166666666667,4.0,0,24
engr1,OP3,BIM,0.4,MIM,0.2,9.083333333333334,6.0,0,37
engr1,OP3,BIM,0.4,MIM,0.3,11.125,6.5,0,47
engr1,OP3,BIM,0.4,MIM,0.4,11.333333333333334,6.5,0,47
engr1,OP3,BIM,0.4,MIM,0.5,11.333333333333334,6.5,0,47
engr1,OP3,BIM,0.4,MIM,0.6,11.333333333333334,6.5,0,47
engr1,OP3,BIM,0.4,MIM,0.7,11.333333333333334,6.5,0,47
engr1,OP3,BIM,0.4,MIM,0.8,11.333333333333334,6.5,0,47
engr1,OP3,BIM,0.4,MIM,0.9,11.333333333333334,6.5,0,47
engr1,OP3,BIM,0.4,MIM,1.0,11.333333333333334,6.5,0,47
engr1,S7,BIM,0.4,MIM,0.1,5.104166666666667,4.0,0,25
engr1,S7,BIM,0.4,MIM,0.2,8.208333333333334,4.5,1,46
engr1,S7,BIM,0.4,MIM,0.3,8.5625,4.5,0,46
engr1,S7,BIM,0.4,MIM,0.4,8.270833333333334,4.0,0,46
engr1,S7,BIM,0.4,MIM,0.5,8.270833333333334,4.0,0,46
engr1,S7,BIM,0.4,MIM,0.6,8.270833333333334,4.0,0,46
engr1,S7,BIM,0.4,MIM,0.7,8.270833333333334,4.0,0,46
engr1,S7,BIM,0.4,MIM,0.8,8.270833333333334,4.0,0,46
engr1,S7,BIM,0.4,MIM,0.9,8.270833333333334,4.0,0,46
engr1,S7,BIM,0.4,MIM,1.0,8.270833333333334,4.0,0,46
engr1,BLU,BIM,0.5,MIM,0.1,4.375,3.5,0,16
engr1,BLU,BIM,0.5,MIM,0.2,7.583333333333333,6.5,0,20
engr1,BLU,BIM,0.5,MIM,0.3,7.625,6.0,0,21
engr1,BLU,BIM,0.5,MIM,0.4,7.666666666666667,6.5,0,21
engr1,BLU,BIM,0.5,MIM,0.5,7.666666666666667,6.5,0,21
engr1,BLU,BIM,0.5,MIM,0.6,7.666666666666667,6.5,0,21
engr1,BLU,BIM,0.5,MIM,0.7,7.666666666666667,6.5,0,21
engr1,BLU,BIM,0.5,MIM,0.8,7.666666666666667,6.5,0,21
engr1,BLU,BIM,0.5,MIM,0.9,7.666666666666667,6.5,0,21
engr1,BLU,BIM,0.5,MIM,1.0,7.666666666666667,6.5,0,21
engr1,HTC,BIM,0.5,MIM,0.1,8.479166666666666,5.0,0,25
engr1,HTC,BIM,0.5,MIM,0.2,10.5,7.0,0,47
engr1,HTC,BIM,0.5,MIM,0.3,10.041666666666666,6.5,0,47
engr1,HTC,BIM,0.5,MIM,0.4,10.083333333333334,6.0,0,47
engr1,HTC,BIM,0.5,MIM,0.5,10.083333333333334,6.0,0,47
engr1,HTC,BIM,0.5,MIM,0.6,10.083333333333334,6.0,0,47
engr1,HTC,BIM,0.5,MIM,0.7,10.083333333333334,6.0,0,47
engr1,HTC,BIM,0.5,MIM,0.8,10.083333333333334,6.0,0,47
engr1,HTC,BIM,0.5,MIM,0.9,10.083333333333334,6.0,0,47
engr1,HTC,BIM,0.5,MIM,1.0,10.083333333333334,6.0,0,47
engr1,LG,BIM,0.5,MIM,0.1,7.0625,4.0,0,27
engr1,LG,BIM,0.5,MIM,0.2,9.520833333333334,8.0,0,29
engr1,LG,BIM,0.5,MIM,0.3,12.541666666666666,9.0,0,44
engr1,LG,BIM,0.5,MIM,0.4,13.375,10.0,0,46
engr1,LG,BIM,0.5,MIM,0.5,13.375,10.0,0,46
engr1,LG,BIM,0.5,MIM,0.6,13.375,10.0,0,46
engr1,LG,BIM,0.5,MIM,0.7,13.375,10.0,0,46
engr1,LG,BIM,0.5,MIM,0.8,13.375,10.0,0,46
engr1,LG,BIM,0.5,MIM,0.9,13.375,10.0,0,46
engr1,LG,BIM,0.5,MIM,1.0,13.375,10.0,0,46
engr1,MOTO,BIM,0.5,MIM,0.1,5.166666666666667,3.5,0,27
engr1,MOTO,BIM,0.5,MIM,0.2,10.5625,8.5,0,46
engr1,MOTO,BIM,0.5,MIM,0.3,12.354166666666666,9.0,0,46
engr1,MOTO,BIM,0.5,MIM,0.4,11.770833333333334,9.0,0,46
engr1,MOTO,BIM,0.5,MIM,0.5,11.770833333333334,9.0,0,46
engr1,MOTO,BIM,0.5,MIM,0.6,11.770833333333334,9.0,0,46
engr1,MOTO,BIM,0.5,MIM,0.7,11.770833333333334,9.0,0,46
engr1,MOTO,BIM,0.5,MIM,0.8,11.770833333333334,9.0,0,46
engr1,MOTO,BIM,0.5,MIM,0.9,11.770833333333334,9.0,0,46
engr1,MOTO,BIM,0.5,MIM,1.0,11.770833333333334,9.0,0,46
engr1,OP3,BIM,0.5,MIM,0.1,5.729166666666667,4.0,0,24
engr1,OP3,BIM,0.5,MIM,0.2,9.083333333333334,6.0,0,37
engr1,OP3,BIM,0.5,MIM,0.3,11.125,6.5,0,47
engr1,OP3,BIM,0.5,MIM,0.4,11.333333333333334,6.5,0,47
engr1,OP3,BIM,0.5,MIM,0.5,11.333333333333334,6.5,0,47
engr1,OP3,BIM,0.5,MIM,0.6,11.333333333333334,6.5,0,47
engr1,OP3,BIM,0.5,MIM,0.7,11.333333333333334,6.5,0,47
engr1,OP3,BIM,0.5,MIM,0.8,11.333333333333334,6.5,0,47
engr1,OP3,BIM,0.5,MIM,0.9,11.333333333333334,6.5,0,47
engr1,OP3,BIM,0.5,MIM,1.0,11.333333333333334,6.5,0,47
engr1,S7,BIM,0.5,MIM,0.1,5.104166666666667,4.0,0,25
engr1,S7,BIM,0.5,MIM,0.2,8.208333333333334,4.5,1,46
engr1,S7,BIM,0.5,MIM,0.3,8.5625,4.5,0,46
engr1,S7,BIM,0.5,MIM,0.4,8.270833333333334,4.0,0,46
engr1,S7,BIM,0.5,MIM,0.5,8.270833333333334,4.0,0,46
engr1,S7,BIM,0.5,MIM,0.6,8.270833333333334,4.0,0,46
engr1,S7,BIM,0.5,MIM,0.7,8.270833333333334,4.0,0,46
engr1,S7,BIM,0.5,MIM,0.8,8.270833333333334,4.0,0,46
engr1,S7,BIM,0.5,MIM,0.9,8.270833333333334,4.0,0,46
engr1,S7,BIM,0.5,MIM,1.0,8.270833333333334,4.0,0,46
engr1,BLU,BIM,0.6,MIM,0.1,4.375,3.5,0,16
engr1,BLU,BIM,0.6,MIM,0.2,7.583333333333333,6.5,0,20
engr1,BLU,BIM,0.6,MIM,0.3,7.625,6.0,0,21
engr1,BLU,BIM,0.6,MIM,0.4,7.666666666666667,6.5,0,21
engr1,BLU,BIM,0.6,MIM,0.5,7.666666666666667,6.5,0,21
engr1,BLU,BIM,0.6,MIM,0.6,7.666666666666667,6.5,0,21
engr1,BLU,BIM,0.6,MIM,0.7,7.666666666666667,6.5,0,21
engr1,BLU,BIM,0.6,MIM,0.8,7.666666666666667,6.5,0,21
engr1,BLU,BIM,0.6,MIM,0.9,7.666666666666667,6.5,0,21
engr1,BLU,BIM,0.6,MIM,1.0,7.666666666666667,6.5,0,21
engr1,HTC,BIM,0.6,MIM,0.1,8.479166666666666,5.0,0,25
engr1,HTC,BIM,0.6,MIM,0.2,10.5,7.0,0,47
engr1,HTC,BIM,0.6,MIM,0.3,10.041666666666666,6.5,0,47
engr1,HTC,BIM,0.6,MIM,0.4,10.083333333333334,6.0,0,47
engr1,HTC,BIM,0.6,MIM,0.5,10.083333333333334,6.0,0,47
engr1,HTC,BIM,0.6,MIM,0.6,10.083333333333334,6.0,0,47
engr1,HTC,BIM,0.6,MIM,0.7,10.083333333333334,6.0,0,47
engr1,HTC,BIM,0.6,MIM,0.8,10.083333333333334,6.0,0,47
engr1,HTC,BIM,0.6,MIM,0.9,10.083333333333334,6.0,0,47
engr1,HTC,BIM,0.6,MIM,1.0,10.083333333333334,6.0,0,47
engr1,LG,BIM,0.6,MIM,0.1,7.0625,4.0,0,27
engr1,LG,BIM,0.6,MIM,0.2,9.520833333333334,8.0,0,29
engr1,LG,BIM,0.6,MIM,0.3,12.541666666666666,9.0,0,44
engr1,LG,BIM,0.6,MIM,0.4,13.375,10.0,0,46
engr1,LG,BIM,0.6,MIM,0.5,13.375,10.0,0,46
engr1,LG,BIM,0.6,MIM,0.6,13.375,10.0,0,46
engr1,LG,BIM,0.6,MIM,0.7,13.375,10.0,0,46
engr1,LG,BIM,0.6,MIM,0.8,13.375,10.0,0,46
engr1,LG,BIM,0.6,MIM,0.9,13.375,10.0,0,46
engr1,LG,BIM,0.6,MIM,1.0,13.375,10.0,0,46
engr1,MOTO,BIM,0.6,MIM,0.1,5.166666666666667,3.5,0,27
engr1,MOTO,BIM,0.6,MIM,0.2,10.5625,8.5,0,46
engr1,MOTO,BIM,0.6,MIM,0.3,12.354166666666666,9.0,0,46
engr1,MOTO,BIM,0.6,MIM,0.4,11.770833333333334,9.0,0,46
engr1,MOTO,BIM,0.6,MIM,0.5,11.770833333333334,9.0,0,46
engr1,MOTO,BIM,0.6,MIM,0.6,11.770833333333334,9.0,0,46
engr1,MOTO,BIM,0.6,MIM,0.7,11.770833333333334,9.0,0,46
engr1,MOTO,BIM,0.6,MIM,0.8,11.770833333333334,9.0,0,46
engr1,MOTO,BIM,0.6,MIM,0.9,11.770833333333334,9.0,0,46
engr1,MOTO,BIM,0.6,MIM,1.0,11.770833333333334,9.0,0,46
engr1,OP3,BIM,0.6,MIM,0.1,5.729166666666667,4.0,0,24
engr1,OP3,BIM,0.6,MIM,0.2,9.083333333333334,6.0,0,37
engr1,OP3,BIM,0.6,MIM,0.3,11.125,6.5,0,47
engr1,OP3,BIM,0.6,MIM,0.4,11.333333333333334,6.5,0,47
engr1,OP3,BIM,0.6,MIM,0.5,11.333333333333334,6.5,0,47
engr1,OP3,BIM,0.6,MIM,0.6,11.333333333333334,6.5,0,47
engr1,OP3,BIM,0.6,MIM,0.7,11.333333333333334,6.5,0,47
engr1,OP3,BIM,0.6,MIM,0.8,11.333333333333334,6.5,0,47
engr1,OP3,BIM,0.6,MIM,0.9,11.333333333333334,6.5,0,47
engr1,OP3,BIM,0.6,MIM,1.0,11.333333333333334,6.5,0,47
engr1,S7,BIM,0.6,MIM,0.1,5.104166666666667,4.0,0,25
engr1,S7,BIM,0.6,MIM,0.2,8.208333333333334,4.5,1,46
engr1,S7,BIM,0.6,MIM,0.3,8.5625,4.5,0,46
engr1,S7,BIM,0.6,MIM,0.4,8.270833333333334,4.0,0,46
engr1,S7,BIM,0.6,MIM,0.5,8.270833333333334,4.0,0,46
engr1,S7,BIM,0.6,MIM,0.6,8.270833333333334,4.0,0,46
engr1,S7,BIM,0.6,MIM,0.7,8.270833333333334,4.0,0,46
engr1,S7,BIM,0.6,MIM,0.8,8.270833333333334,4.0,0,46
engr1,S7,BIM,0.6,MIM,0.9,8.270833333333334,4.0,0,46
engr1,S7,BIM,0.6,MIM,1.0,8.270833333333334,4.0,0,46
engr1,BLU,BIM,0.7,MIM,0.1,4.375,3.5,0,16
engr1,BLU,BIM,0.7,MIM,0.2,7.583333333333333,6.5,0,20
engr1,BLU,BIM,0.7,MIM,0.3,7.625,6.0,0,21
engr1,BLU,BIM,0.7,MIM,0.4,7.666666666666667,6.5,0,21
engr1,BLU,BIM,0.7,MIM,0.5,7.666666666666667,6.5,0,21
engr1,BLU,BIM,0.7,MIM,0.6,7.666666666666667,6.5,0,21
engr1,BLU,BIM,0.7,MIM,0.7,7.666666666666667,6.5,0,21
engr1,BLU,BIM,0.7,MIM,0.8,7.666666666666667,6.5,0,21
engr1,BLU,BIM,0.7,MIM,0.9,7.666666666666667,6.5,0,21
engr1,BLU,BIM,0.7,MIM,1.0,7.666666666666667,6.5,0,21
engr1,HTC,BIM,0.7,MIM,0.1,8.479166666666666,5.0,0,25
engr1,HTC,BIM,0.7,MIM,0.2,10.5,7.0,0,47
engr1,HTC,BIM,0.7,MIM,0.3,10.041666666666666,6.5,0,47
engr1,HTC,BIM,0.7,MIM,0.4,10.083333333333334,6.0,0,47
engr1,HTC,BIM,0.7,MIM,0.5,10.083333333333334,6.0,0,47
engr1,HTC,BIM,0.7,MIM,0.6,10.083333333333334,6.0,0,47
engr1,HTC,BIM,0.7,MIM,0.7,10.083333333333334,6.0,0,47
engr1,HTC,BIM,0.7,MIM,0.8,10.083333333333334,6.0,0,47
engr1,HTC,BIM,0.7,MIM,0.9,10.083333333333334,6.0,0,47
engr1,HTC,BIM,0.7,MIM,1.0,10.083333333333334,6.0,0,47
engr1,LG,BIM,0.7,MIM,0.1,7.0625,4.0,0,27
engr1,LG,BIM,0.7,MIM,0.2,9.520833333333334,8.0,0,29
engr1,LG,BIM,0.7,MIM,0.3,12.541666666666666,9.0,0,44
engr1,LG,BIM,0.7,MIM,0.4,13.375,10.0,0,46
engr1,LG,BIM,0.7,MIM,0.5,13.375,10.0,0,46
engr1,LG,BIM,0.7,MIM,0.6,13.375,10.0,0,46
engr1,LG,BIM,0.7,MIM,0.7,13.375,10.0,0,46
engr1,LG,BIM,0.7,MIM,0.8,13.375,10.0,0,46
engr1,LG,BIM,0.7,MIM,0.9,13.375,10.0,0,46
engr1,LG,BIM,0.7,MIM,1.0,13.375,10.0,0,46
engr1,MOTO,BIM,0.7,MIM,0.1,5.166666666666667,3.5,0,27
engr1,MOTO,BIM,0.7,MIM,0.2,10.5625,8.5,0,46
engr1,MOTO,BIM,0.7,MIM,0.3,12.354166666666666,9.0,0,46
engr1,MOTO,BIM,0.7,MIM,0.4,11.770833333333334,9.0,0,46
engr1,MOTO,BIM,0.7,MIM,0.5,11.770833333333334,9.0,0,46
engr1,MOTO,BIM,0.7,MIM,0.6,11.770833333333334,9.0,0,46
engr1,MOTO,BIM,0.7,MIM,0.7,11.770833333333334,9.0,0,46
engr1,MOTO,BIM,0.7,MIM,0.8,11.770833333333334,9.0,0,46
engr1,MOTO,BIM,0.7,MIM,0.9,11.770833333333334,9.0,0,46
engr1,MOTO,BIM,0.7,MIM,1.0,11.770833333333334,9.0,0,46
engr1,OP3,BIM,0.7,MIM,0.1,5.729166666666667,4.0,0,24
engr1,OP3,BIM,0.7,MIM,0.2,9.083333333333334,6.0,0,37
engr1,OP3,BIM,0.7,MIM,0.3,11.125,6.5,0,47
engr1,OP3,BIM,0.7,MIM,0.4,11.333333333333334,6.5,0,47
engr1,OP3,BIM,0.7,MIM,0.5,11.333333333333334,6.5,0,47
engr1,OP3,BIM,0.7,MIM,0.6,11.333333333333334,6.5,0,47
engr1,OP3,BIM,0.7,MIM,0.7,11.333333333333334,6.5,0,47
engr1,OP3,BIM,0.7,MIM,0.8,11.333333333333334,6.5,0,47
engr1,OP3,BIM,0.7,MIM,0.9,11.333333333333334,6.5,0,47
engr1,OP3,BIM,0.7,MIM,1.0,11.333333333333334,6.5,0,47
engr1,S7,BIM,0.7,MIM,0.1,5.104166666666667,4.0,0,25
engr1,S7,BIM,0.7,MIM,0.2,8.208333333333334,4.5,1,46
engr1,S7,BIM,0.7,MIM,0.3,8.5625,4.5,0,46
engr1,S7,BIM,0.7,MIM,0.4,8.270833333333334,4.0,0,46
engr1,S7,BIM,0.7,MIM,0.5,8.270833333333334,4.0,0,46
engr1,S7,BIM,0.7,MIM,0.6,8.270833333333334,4.0,0,46
engr1,S7,BIM,0.7,MIM,0.7,8.270833333333334,4.0,0,46
engr1,S7,BIM,0.7,MIM,0.8,8.270833333333334,4.0,0,46
engr1,S7,BIM,0.7,MIM,0.9,8.270833333333334,4.0,0,46
engr1,S7,BIM,0.7,MIM,1.0,8.270833333333334,4.0,0,46
engr1,BLU,BIM,0.8,MIM,0.1,4.375,3.5,0,16
engr1,BLU,BIM,0.8,MIM,0.2,7.583333333333333,6.5,0,20
engr1,BLU,BIM,0.8,MIM,0.3,7.625,6.0,0,21
engr1,BLU,BIM,0.8,MIM,0.4,7.666666666666667,6.5,0,21
engr1,BLU,BIM,0.8,MIM,0.5,7.666666666666667,6.5,0,21
engr1,BLU,BIM,0.8,MIM,0.6,7.666666666666667,6.5,0,21
engr1,BLU,BIM,0.8,MIM,0.7,7.666666666666667,6.5,0,21
engr1,BLU,BIM,0.8,MIM,0.8,7.666666666666667,6.5,0,21
engr1,BLU,BIM,0.8,MIM,0.9,7.666666666666667,6.5,0,21
engr1,BLU,BIM,0.8,MIM,1.0,7.666666666666667,6.5,0,21
engr1,HTC,BIM,0.8,MIM,0.1,8.479166666666666,5.0,0,25
engr1,HTC,BIM,0.8,MIM,0.2,10.5,7.0,0,47
engr1,HTC,BIM,0.8,MIM,0.3,10.041666666666666,6.5,0,47
engr1,HTC,BIM,0.8,MIM,0.4,10.083333333333334,6.0,0,47
engr1,HTC,BIM,0.8,MIM,0.5,10.083333333333334,6.0,0,47
engr1,HTC,BIM,0.8,MIM,0.6,10.083333333333334,6.0,0,47
engr1,HTC,BIM,0.8,MIM,0.7,10.083333333333334,6.0,0,47
engr1,HTC,BIM,0.8,MIM,0.8,10.083333333333334,6.0,0,47
engr1,HTC,BIM,0.8,MIM,0.9,10.083333333333334,6.0,0,47
engr1,HTC,BIM,0.8,MIM,1.0,10.083333333333334,6.0,0,47
engr1,LG,BIM,0.8,MIM,0.1,7.0625,4.0,0,27
engr1,LG,BIM,0.8,MIM,0.2,9.520833333333334,8.0,0,29
engr1,LG,BIM,0.8,MIM,0.3,12.541666666666666,9.0,0,44
engr1,LG,BIM,0.8,MIM,0.4,13.375,10.0,0,46
engr1,LG,BIM,0.8,MIM,0.5,13.375,10.0,0,46
engr1,LG,BIM,0.8,MIM,0.6,13.375,10.0,0,46
engr1,LG,BIM,0.8,MIM,0.7,13.375,10.0,0,46
engr1,LG,BIM,0.8,MIM,0.8,13.375,10.0,0,46
engr1,LG,BIM,0.8,MIM,0.9,13.375,10.0,0,46
engr1,LG,BIM,0.8,MIM,1.0,13.375,10.0,0,46
engr1,MOTO,BIM,0.8,MIM,0.1,5.166666666666667,3.5,0,27
engr1,MOTO,BIM,0.8,MIM,0.2,10.5625,8.5,0,46
engr1,MOTO,BIM,0.8,MIM,0.3,12.354166666666666,9.0,0,46
engr1,MOTO,BIM,0.8,MIM,0.4,11.770833333333334,9.0,0,46
engr1,MOTO,BIM,0.8,MIM,0.5,11.770833333333334,9.0,0,46
engr1,MOTO,BIM,0.8,MIM,0.6,11.770833333333334,9.0,0,46
engr1,MOTO,BIM,0.8,MIM,0.7,11.770833333333334,9.0,0,46
engr1,MOTO,BIM,0.8,MIM,0.8,11.770833333333334,9.0,0,46
engr1,MOTO,BIM,0.8,MIM,0.9,11.770833333333334,9.0,0,46
engr1,MOTO,BIM,0.8,MIM,1.0,11.770833333333334,9.0,0,46
engr1,OP3,BIM,0.8,MIM,0.1,5.729166666666667,4.0,0,24
engr1,OP3,BIM,0.8,MIM,0.2,9.083333333333334,6.0,0,37
engr1,OP3,BIM,0.8,MIM,0.3,11.125,6.5,0,47
engr1,OP3,BIM,0.8,MIM,0.4,11.333333333333334,6.5,0,47
engr1,OP3,BIM,0.8,MIM,0.5,11.333333333333334,6.5,0,47
engr1,OP3,BIM,0.8,MIM,0.6,11.333333333333334,6.5,0,47
engr1,OP3,BIM,0.8,MIM,0.7,11.333333333333334,6.5,0,47
engr1,OP3,BIM,0.8,MIM,0.8,11.333333333333334,6.5,0,47
engr1,OP3,BIM,0.8,MIM,0.9,11.333333333333334,6.5,0,47
engr1,OP3,BIM,0.8,MIM,1.0,11.333333333333334,6.5,0,47
engr1,S7,BIM,0.8,MIM,0.1,5.104166666666667,4.0,0,25
engr1,S7,BIM,0.8,MIM,0.2,8.208333333333334,4.5,1,46
engr1,S7,BIM,0.8,MIM,0.3,8.5625,4.5,0,46
engr1,S7,BIM,0.8,MIM,0.4,8.270833333333334,4.0,0,46
engr1,S7,BIM,0.8,MIM,0.5,8.270833333333334,4.0,0,46
engr1,S7,BIM,0.8,MIM,0.6,8.270833333333334,4.0,0,46
engr1,S7,BIM,0.8,MIM,0.7,8.270833333333334,4.0,0,46
engr1,S7,BIM,0.8,MIM,0.8,8.270833333333334,4.0,0,46
engr1,S7,BIM,0.8,MIM,0.9,8.270833333333334,4.0,0,46
engr1,S7,BIM,0.8,MIM,1.0,8.270833333333334,4.0,0,46
engr1,BLU,BIM,0.9,MIM,0.1,4.375,3.5,0,16
engr1,BLU,BIM,0.9,MIM,0.2,7.583333333333333,6.5,0,20
engr1,BLU,BIM,0.9,MIM,0.3,7.625,6.0,0,21
engr1,BLU,BIM,0.9,MIM,0.4,7.666666666666667,6.5,0,21
engr1,BLU,BIM,0.9,MIM,0.5,7.666666666666667,6.5,0,21
engr1,BLU,BIM,0.9,MIM,0.6,7.666666666666667,6.5,0,21
engr1,BLU,BIM,0.9,MIM,0.7,7.666666666666667,6.5,0,21
engr1,BLU,BIM,0.9,MIM,0.8,7.666666666666667,6.5,0,21
engr1,BLU,BIM,0.9,MIM,0.9,7.666666666666667,6.5,0,21
engr1,BLU,BIM,0.9,MIM,1.0,7.666666666666667,6.5,0,21
engr1,HTC,BIM,0.9,MIM,0.1,8.479166666666666,5.0,0,25
engr1,HTC,BIM,0.9,MIM,0.2,10.5,7.0,0,47
engr1,HTC,BIM,0.9,MIM,0.3,10.041666666666666,6.5,0,47
engr1,HTC,BIM,0.9,MIM,0.4,10.083333333333334,6.0,0,47
engr1,HTC,BIM,0.9,MIM,0.5,10.083333333333334,6.0,0,47
engr1,HTC,BIM,0.9,MIM,0.6,10.083333333333334,6.0,0,47
engr1,HTC,BIM,0.9,MIM,0.7,10.083333333333334,6.0,0,47
engr1,HTC,BIM,0.9,MIM,0.8,10.083333333333334,6.0,0,47
engr1,HTC,BIM,0.9,MIM,0.9,10.083333333333334,6.0,0,47
engr1,HTC,BIM,0.9,MIM,1.0,10.083333333333334,6.0,0,47
engr1,LG,BIM,0.9,MIM,0.1,7.0625,4.0,0,27
engr1,LG,BIM,0.9,MIM,0.2,9.520833333333334,8.0,0,29
engr1,LG,BIM,0.9,MIM,0.3,12.541666666666666,9.0,0,44
engr1,LG,BIM,0.9,MIM,0.4,13.375,10.0,0,46
engr1,LG,BIM,0.9,MIM,0.5,13.375,10.0,0,46
engr1,LG,BIM,0.9,MIM,0.6,13.375,10.0,0,46
engr1,LG,BIM,0.9,MIM,0.7,13.375,10.0,0,46
engr1,LG,BIM,0.9,MIM,0.8,13.375,10.0,0,46
engr1,LG,BIM,0.9,MIM,0.9,13.375,10.0,0,46
engr1,LG,BIM,0.9,MIM,1.0,13.375,10.0,0,46
engr1,MOTO,BIM,0.9,MIM,0.1,5.166666666666667,3.5,0,27
engr1,MOTO,BIM,0.9,MIM,0.2,10.5625,8.5,0,46
engr1,MOTO,BIM,0.9,MIM,0.3,12.354166666666666,9.0,0,46
engr1,MOTO,BIM,0.9,MIM,0.4,11.770833333333334,9.0,0,46
engr1,MOTO,BIM,0.9,MIM,0.5,11.770833333333334,9.0,0,46
engr1,MOTO,BIM,0.9,MIM,0.6,11.770833333333334,9.0,0,46
engr1,MOTO,BIM,0.9,MIM,0.7,11.770833333333334,9.0,0,46
engr1,MOTO,BIM,0.9,MIM,0.8,11.770833333333334,9.0,0,46
engr1,MOTO,BIM,0.9,MIM,0.9,11.770833333333334,9.0,0,46
engr1,MOTO,BIM,0.9,MIM,1.0,11.770833333333334,9.0,0,46
engr1,OP3,BIM,0.9,MIM,0.1,5.729166666666667,4.0,0,24
engr1,OP3,BIM,0.9,MIM,0.2,9.083333333333334,6.0,0,37
engr1,OP3,BIM,0.9,MIM,0.3,11.125,6.5,0,47
engr1,OP3,BIM,0.9,MIM,0.4,11.333333333333334,6.5,0,47
engr1,OP3,BIM,0.9,MIM,0.5,11.333333333333334,6.5,0,47
engr1,OP3,BIM,0.9,MIM,0.6,11.333333333333334,6.5,0,47
engr1,OP3,BIM,0.9,MIM,0.7,11.333333333333334,6.5,0,47
engr1,OP3,BIM,0.9,MIM,0.8,11.333333333333334,6.5,0,47
engr1,OP3,BIM,0.9,MIM,0.9,11.333333333333334,6.5,0,47
engr1,OP3,BIM,0.9,MIM,1.0,11.333333333333334,6.5,0,47
engr1,S7,BIM,0.9,MIM,0.1,5.104166666666667,4.0,0,25
engr1,S7,BIM,0.9,MIM,0.2,8.208333333333334,4.5,1,46
engr1,S7,BIM,0.9,MIM,0.3,8.5625,4.5,0,46
engr1,S7,BIM,0.9,MIM,0.4,8.270833333333334,4.0,0,46
engr1,S7,BIM,0.9,MIM,0.5,8.270833333333334,4.0,0,46
engr1,S7,BIM,0.9,MIM,0.6,8.270833333333334,4.0,0,46
engr1,S7,BIM,0.9,MIM,0.7,8.270833333333334,4.0,0,46
engr1,S7,BIM,0.9,MIM,0.8,8.270833333333334,4.0,0,46
engr1,S7,BIM,0.9,MIM,0.9,8.270833333333334,4.0,0,46
engr1,S7,BIM,0.9,MIM,1.0,8.270833333333334,4.0,0,46
engr1,BLU,BIM,1.0,MIM,0.1,4.375,3.5,0,16
engr1,BLU,BIM,1.0,MIM,0.2,7.583333333333333,6.5,0,20
engr1,BLU,BIM,1.0,MIM,0.3,7.625,6.0,0,21
engr1,BLU,BIM,1.0,MIM,0.4,7.666666666666667,6.5,0,21
engr1,BLU,BIM,1.0,MIM,0.5,7.666666666666667,6.5,0,21
engr1,BLU,BIM,1.0,MIM,0.6,7.666666666666667,6.5,0,21
engr1,BLU,BIM,1.0,MIM,0.7,7.666666666666667,6.5,0,21
engr1,BLU,BIM,1.0,MIM,0.8,7.666666666666667,6.5,0,21
engr1,BLU,BIM,1.0,MIM,0.9,7.666666666666667,6.5,0,21
engr1,BLU,BIM,1.0,MIM,1.0,7.666666666666667,6.5,0,21
engr1,HTC,BIM,1.0,MIM,0.1,8.479166666666666,5.0,0,25
engr1,HTC,BIM,1.0,MIM,0.2,10.5,7.0,0,47
engr1,HTC,BIM,1.0,MIM,0.3,10.041666666666666,6.5,0,47
engr1,HTC,BIM,1.0,MIM,0.4,10.083333333333334,6.0,0,47
engr1,HTC,BIM,1.0,MIM,0.5,10.083333333333334,6.0,0,47
engr1,HTC,BIM,1.0,MIM,0.6,10.083333333333334,6.0,0,47
engr1,HTC,BIM,1.0,MIM,0.7,10.083333333333334,6.0,0,47
engr1,HTC,BIM,1.0,MIM,0.8,10.083333333333334,6.0,0,47
engr1,HTC,BIM,1.0,MIM,0.9,10.083333333333334,6.0,0,47
engr1,HTC,BIM,1.0,MIM,1.0,10.083333333333334,6.0,0,47
engr1,LG,BIM,1.0,MIM,0.1,7.0625,4.0,0,27
engr1,LG,BIM,1.0,MIM,0.2,9.520833333333334,8.0,0,29
engr1,LG,BIM,1.0,MIM,0.3,12.541666666666666,9.0,0,44
engr1,LG,BIM,1.0,MIM,0.4,13.375,10.0,0,46
engr1,LG,BIM,1.0,MIM,0.5,13.375,10.0,0,46
engr1,LG,BIM,1.0,MIM,0.6,13.375,10.0,0,46
engr1,LG,BIM,1.0,MIM,0.7,13.375,10.0,0,46
engr1,LG,BIM,1.0,MIM,0.8,13.375,10.0,0,46
engr1,LG,BIM,1.0,MIM,0.9,13.375,10.0,0,46
engr1,LG,BIM,1.0,MIM,1.0,13.375,10.0,0,46
engr1,MOTO,BIM,1.0,MIM,0.1,5.166666666666667,3.5,0,27
engr1,MOTO,BIM,1.0,MIM,0.2,10.5625,8.5,0,46
engr1,MOTO,BIM,1.0,MIM,0.3,12.354166666666666,9.0,0,46
engr1,MOTO,BIM,1.0,MIM,0.4,11.770833333333334,9.0,0,46
engr1,MOTO,BIM,1.0,MIM,0.5,11.770833333333334,9.0,0,46
engr1,MOTO,BIM,1.0,MIM,0.6,11.770833333333334,9.0,0,46
engr1,MOTO,BIM,1.0,MIM,0.7,11.770833333333334,9.0,0,46
engr1,MOTO,BIM,1.0,MIM,0.8,11.770833333333334,9.0,0,46
engr1,MOTO,BIM,1.0,MIM,0.9,11.770833333333334,9.0,0,46
engr1,MOTO,BIM,1.0,MIM,1.0,11.770833333333334,9.0,0,46
engr1,OP3,BIM,1.0,MIM,0.1,5.729166666666667,4.0,0,24
engr1,OP3,BIM,1.0,MIM,0.2,9.083333333333334,6.0,0,37
engr1,OP3,BIM,1.0,MIM,0.3,11.125,6.5,0,47
engr1,OP3,BIM,1.0,MIM,0.4,11.333333333333334,6.5,0,47
engr1,OP3,BIM,1.0,MIM,0.5,11.333333333333334,6.5,0,47
engr1,OP3,BIM,1.0,MIM,0.6,11.333333333333334,6.5,0,47
engr1,OP3,BIM,1.0,MIM,0.7,11.333333333333334,6.5,0,47
engr1,OP3,BIM,1.0,MIM,0.8,11.333333333333334,6.5,0,47
engr1,OP3,BIM,1.0,MIM,0.9,11.333333333333334,6.5,0,47
engr1,OP3,BIM,1.0,MIM,1.0,11.333333333333334,6.5,0,47
engr1,S7,BIM,1.0,MIM,0.1,5.104166666666667,4.0,0,25
engr1,S7,BIM,1.0,MIM,0.2,8.208333333333334,4.5,1,46
engr1,S7,BIM,1.0,MIM,0.3,8.5625,4.5,0,46
engr1,S7,BIM,1.0,MIM,0.4,8.270833333333334,4.0,0,46
engr1,S7,BIM,1.0,MIM,0.5,8.270833333333334,4.0,0,46
engr1,S7,BIM,1.0,MIM,0.6,8.270833333333334,4.0,0,46
engr1,S7,BIM,1.0,MIM,0.7,8.270833333333334,4.0,0,46
engr1,S7,BIM,1.0,MIM,0.8,8.270833333333334,4.0,0,46
engr1,S7,BIM,1.0,MIM,0.9,8.270833333333334,4.0,0,46
engr1,S7,BIM,1.0,MIM,1.0,8.270833333333334,4.0,0,46
engr1,BLU,FGSM,0.1,BIM,0.1,3.2083333333333335,3.0,0,14
engr1,BLU,FGSM,0.1,BIM,0.2,4.083333333333333,3.0,0,14
engr1,BLU,FGSM,0.1,BIM,0.3,3.7291666666666665,3.0,0,19
engr1,BLU,FGSM,0.1,BIM,0.4,3.5,3.0,0,11
engr1,BLU,FGSM,0.1,BIM,0.5,3.5,3.0,0,11
engr1,BLU,FGSM,0.1,BIM,0.6,3.5,3.0,0,11
engr1,BLU,FGSM,0.1,BIM,0.7,3.5,3.0,0,11
engr1,BLU,FGSM,0.1,BIM,0.8,3.5,3.0,0,11
engr1,BLU,FGSM,0.1,BIM,0.9,3.5,3.0,0,11
engr1,BLU,FGSM,0.1,BIM,1.0,3.5,3.0,0,11
engr1,HTC,FGSM,0.1,BIM,0.1,3.1458333333333335,2.0,0,11
engr1,HTC,FGSM,0.1,BIM,0.2,3.25,2.0,0,11
engr1,HTC,FGSM,0.1,BIM,0.3,3.2708333333333335,2.0,0,11
engr1,HTC,FGSM,0.1,BIM,0.4,3.2708333333333335,2.0,0,11
engr1,HTC,FGSM,0.1,BIM,0.5,3.2708333333333335,2.0,0,11
engr1,HTC,FGSM,0.1,BIM,0.6,3.2708333333333335,2.0,0,11
engr1,HTC,FGSM,0.1,BIM,0.7,3.2708333333333335,2.0,0,11
engr1,HTC,FGSM,0.1,BIM,0.8,3.2708333333333335,2.0,0,11
engr1,HTC,FGSM,0.1,BIM,0.9,3.2708333333333335,2.0,0,11
engr1,HTC,FGSM,0.1,BIM,1.0,3.2708333333333335,2.0,0,11
engr1,LG,FGSM,0.1,BIM,0.1,4.5625,3.0,0,14
engr1,LG,FGSM,0.1,BIM,0.2,4.6875,4.0,0,13
engr1,LG,FGSM,0.1,BIM,0.3,4.395833333333333,3.0,0,13
engr1,LG,FGSM,0.1,BIM,0.4,4.395833333333333,3.0,0,13
engr1,LG,FGSM,0.1,BIM,0.5,4.395833333333333,3.0,0,13
engr1,LG,FGSM,0.1,BIM,0.6,4.395833333333333,3.0,0,13
engr1,LG,FGSM,0.1,BIM,0.7,4.395833333333333,3.0,0,13
engr1,LG,FGSM,0.1,BIM,0.8,4.395833333333333,3.0,0,13
engr1,LG,FGSM,0.1,BIM,0.9,4.395833333333333,3.0,0,13
engr1,LG,FGSM,0.1,BIM,1.0,4.395833333333333,3.0,0,13
engr1,MOTO,FGSM,0.1,BIM,0.1,2.6041666666666665,2.0,0,10
engr1,MOTO,FGSM,0.1,BIM,0.2,2.6666666666666665,2.0,0,10
engr1,MOTO,FGSM,0.1,BIM,0.3,2.6666666666666665,2.0,0,10
engr1,MOTO,FGSM,0.1,BIM,0.4,2.5625,2.0,0,10
engr1,MOTO,FGSM,0.1,BIM,0.5,2.5625,2.0,0,10
engr1,MOTO,FGSM,0.1,BIM,0.6,2.5625,2.0,0,10
engr1,MOTO,FGSM,0.1,BIM,0.7,2.5625,2.0,0,10
engr1,MOTO,FGSM,0.1,BIM,0.8,2.5625,2.0,0,10
engr1,MOTO,FGSM,0.1,BIM,0.9,2.5625,2.0,0,10
engr1,MOTO,FGSM,0.1,BIM,1.0,2.5625,2.0,0,10
engr1,OP3,FGSM,0.1,BIM,0.1,0.7916666666666666,0.0,0,6
engr1,OP3,FGSM,0.1,BIM,0.2,0.8541666666666666,0.0,0,7
engr1,OP3,FGSM,0.1,BIM,0.3,0.9583333333333334,0.0,0,7
engr1,OP3,FGSM,0.1,BIM,0.4,0.9583333333333334,0.0,0,7
engr1,OP3,FGSM,0.1,BIM,0.5,0.9583333333333334,0.0,0,7
engr1,OP3,FGSM,0.1,BIM,0.6,0.9583333333333334,0.0,0,7
engr1,OP3,FGSM,0.1,BIM,0.7,0.9583333333333334,0.0,0,7
engr1,OP3,FGSM,0.1,BIM,0.8,0.9583333333333334,0.0,0,7
engr1,OP3,FGSM,0.1,BIM,0.9,0.9583333333333334,0.0,0,7
engr1,OP3,FGSM,0.1,BIM,1.0,0.9583333333333334,0.0,0,7
engr1,S7,FGSM,0.1,BIM,0.1,2.25,1.5,0,12
engr1,S7,FGSM,0.1,BIM,0.2,2.3541666666666665,2.0,0,8
engr1,S7,FGSM,0.1,BIM,0.3,2.2916666666666665,2.0,0,8
engr1,S7,FGSM,0.1,BIM,0.4,2.2916666666666665,2.0,0,8
engr1,S7,FGSM,0.1,BIM,0.5,2.2916666666666665,2.0,0,8
engr1,S7,FGSM,0.1,BIM,0.6,2.2916666666666665,2.0,0,8
engr1,S7,FGSM,0.1,BIM,0.7,2.2916666666666665,2.0,0,8
engr1,S7,FGSM,0.1,BIM,0.8,2.2916666666666665,2.0,0,8
engr1,S7,FGSM,0.1,BIM,0.9,2.2916666666666665,2.0,0,8
engr1,S7,FGSM,0.1,BIM,1.0,2.2916666666666665,2.0,0,8
engr1,BLU,FGSM,0.2,BIM,0.1,3.7916666666666665,3.0,0,16
engr1,BLU,FGSM,0.2,BIM,0.2,3.5416666666666665,3.0,0,14
engr1,BLU,FGSM,0.2,BIM,0.3,3.3958333333333335,2.0,0,21
engr1,BLU,FGSM,0.2,BIM,0.4,3.3958333333333335,2.0,0,21
engr1,BLU,FGSM,0.2,BIM,0.5,3.3958333333333335,2.0,0,21
engr1,BLU,FGSM,0.2,BIM,0.6,3.3958333333333335,2.0,0,21
engr1,BLU,FGSM,0.2,BIM,0.7,3.3958333333333335,2.0,0,21
engr1,BLU,FGSM,0.2,BIM,0.8,3.3958333333333335,2.0,0,21
engr1,BLU,FGSM,0.2,BIM,0.9,3.3958333333333335,2.0,0,21
engr1,BLU,FGSM,0.2,BIM,1.0,3.3958333333333335,2.0,0,21
engr1,HTC,FGSM,0.2,BIM,0.1,3.1666666666666665,2.0,0,11
engr1,HTC,FGSM,0.2,BIM,0.2,2.8333333333333335,2.0,0,11
engr1,HTC,FGSM,0.2,BIM,0.3,2.8958333333333335,2.0,0,11
engr1,HTC,FGSM,0.2,BIM,0.4,2.8958333333333335,2.0,0,11
engr1,HTC,FGSM,0.2,BIM,0.5,2.8958333333333335,2.0,0,11
engr1,HTC,FGSM,0.2,BIM,0.6,2.8958333333333335,2.0,0,11
engr1,HTC,FGSM,0.2,BIM,0.7,2.8958333333333335,2.0,0,11
engr1,HTC,FGSM,0.2,BIM,0.8,2.8958333333333335,2.0,0,11
engr1,HTC,FGSM,0.2,BIM,0.9,2.8958333333333335,2.0,0,11
engr1,HTC,FGSM,0.2,BIM,1.0,2.8958333333333335,2.0,0,11
engr1,LG,FGSM,0.2,BIM,0.1,3.6041666666666665,2.5,0,14
engr1,LG,FGSM,0.2,BIM,0.2,3.2708333333333335,3.0,0,10
engr1,LG,FGSM,0.2,BIM,0.3,3.5,3.0,0,14
engr1,LG,FGSM,0.2,BIM,0.4,3.4791666666666665,3.0,0,14
engr1,LG,FGSM,0.2,BIM,0.5,3.4791666666666665,3.0,0,14
engr1,LG,FGSM,0.2,BIM,0.6,3.4791666666666665,3.0,0,14
engr1,LG,FGSM,0.2,BIM,0.7,3.4791666666666665,3.0,0,14
engr1,LG,FGSM,0.2,BIM,0.8,3.4791666666666665,3.0,0,14
engr1,LG,FGSM,0.2,BIM,0.9,3.4791666666666665,3.0,0,14
engr1,LG,FGSM,0.2,BIM,1.0,3.4791666666666665,3.0,0,14
engr1,MOTO,FGSM,0.2,BIM,0.1,3.0625,2.0,0,17
engr1,MOTO,FGSM,0.2,BIM,0.2,4.104166666666667,2.0,0,33
engr1,MOTO,FGSM,0.2,BIM,0.3,4.604166666666667,2.0,0,33
engr1,MOTO,FGSM,0.2,BIM,0.4,4.604166666666667,2.0,0,33
engr1,MOTO,FGSM,0.2,BIM,0.5,4.604166666666667,2.0,0,33
engr1,MOTO,FGSM,0.2,BIM,0.6,4.604166666666667,2.0,0,33
engr1,MOTO,FGSM,0.2,BIM,0.7,4.604166666666667,2.0,0,33
engr1,MOTO,FGSM,0.2,BIM,0.8,4.604166666666667,2.0,0,33
engr1,MOTO,FGSM,0.2,BIM,0.9,4.604166666666667,2.0,0,33
engr1,MOTO,FGSM,0.2,BIM,1.0,4.604166666666667,2.0,0,33
engr1,OP3,FGSM,0.2,BIM,0.1,1.3541666666666667,0.0,0,6
engr1,OP3,FGSM,0.2,BIM,0.2,1.1875,0.0,0,6
engr1,OP3,FGSM,0.2,BIM,0.3,1.25,0.0,0,6
engr1,OP3,FGSM,0.2,BIM,0.4,1.1875,0.0,0,6
engr1,OP3,FGSM,0.2,BIM,0.5,1.1875,0.0,0,6
engr1,OP3,FGSM,0.2,BIM,0.6,1.1875,0.0,0,6
engr1,OP3,FGSM,0.2,BIM,0.7,1.1875,0.0,0,6
engr1,OP3,FGSM,0.2,BIM,0.8,1.1875,0.0,0,6
engr1,OP3,FGSM,0.2,BIM,0.9,1.1875,0.0,0,6
engr1,OP3,FGSM,0.2,BIM,1.0,1.1875,0.0,0,6
engr1,S7,FGSM,0.2,BIM,0.1,2.6875,2.0,0,12
engr1,S7,FGSM,0.2,BIM,0.2,2.2291666666666665,2.0,0,7
engr1,S7,FGSM,0.2,BIM,0.3,2.2291666666666665,2.0,0,7
engr1,S7,FGSM,0.2,BIM,0.4,2.2708333333333335,2.0,0,7
engr1,S7,FGSM,0.2,BIM,0.5,2.2708333333333335,2.0,0,7
engr1,S7,FGSM,0.2,BIM,0.6,2.2708333333333335,2.0,0,7
engr1,S7,FGSM,0.2,BIM,0.7,2.2708333333333335,2.0,0,7
engr1,S7,FGSM,0.2,BIM,0.8,2.2708333333333335,2.0,0,7
engr1,S7,FGSM,0.2,BIM,0.9,2.2708333333333335,2.0,0,7
engr1,S7,FGSM,0.2,BIM,1.0,2.2708333333333335,2.0,0,7
engr1,BLU,FGSM,0.3,BIM,0.1,5.666666666666667,3.0,0,24
engr1,BLU,FGSM,0.3,BIM,0.2,5.0,3.0,0,22
engr1,BLU,FGSM,0.3,BIM,0.3,4.0625,2.5,0,22
engr1,BLU,FGSM,0.3,BIM,0.4,4.0625,2.5,0,22
engr1,BLU,FGSM,0.3,BIM,0.5,4.0625,2.5,0,22
engr1,BLU,FGSM,0.3,BIM,0.6,4.0625,2.5,0,22
engr1,BLU,FGSM,0.3,BIM,0.7,4.0625,2.5,0,22
engr1,BLU,FGSM,0.3,BIM,0.8,4.0625,2.5,0,22
engr1,BLU,FGSM,0.3,BIM,0.9,4.0625,2.5,0,22
engr1,BLU,FGSM,0.3,BIM,1.0,4.0625,2.5,0,22
engr1,HTC,FGSM,0.3,BIM,0.1,6.6875,4.0,0,27
engr1,HTC,FGSM,0.3,BIM,0.2,6.895833333333333,4.5,0,26
engr1,HTC,FGSM,0.3,BIM,0.3,7.0625,5.0,0,26
engr1,HTC,FGSM,0.3,BIM,0.4,7.270833333333333,5.0,0,26
engr1,HTC,FGSM,0.3,BIM,0.5,7.270833333333333,5.0,0,26
engr1,HTC,FGSM,0.3,BIM,0.6,7.270833333333333,5.0,0,26
engr1,HTC,FGSM,0.3,BIM,0.7,7.270833333333333,5.0,0,26
engr1,HTC,FGSM,0.3,BIM,0.8,7.270833333333333,5.0,0,26
engr1,HTC,FGSM,0.3,BIM,0.9,7.270833333333333,5.0,0,26
engr1,HTC,FGSM,0.3,BIM,1.0,7.270833333333333,5.0,0,26
engr1,LG,FGSM,0.3,BIM,0.1,4.916666666666667,4.0,0,21
engr1,LG,FGSM,0.3,BIM,0.2,5.416666666666667,5.0,0,21
engr1,LG,FGSM,0.3,BIM,0.3,5.416666666666667,5.0,0,21
engr1,LG,FGSM,0.3,BIM,0.4,5.458333333333333,5.0,0,21
engr1,LG,FGSM,0.3,BIM,0.5,5.458333333333333,5.0,0,21
engr1,LG,FGSM,0.3,BIM,0.6,5.458333333333333,5.0,0,21
engr1,LG,FGSM,0.3,BIM,0.7,5.458333333333333,5.0,0,21
engr1,LG,FGSM,0.3,BIM,0.8,5.458333333333333,5.0,0,21
engr1,LG,FGSM,0.3,BIM,0.9,5.458333333333333,5.0,0,21
engr1,LG,FGSM,0.3,BIM,1.0,5.458333333333333,5.0,0,21
engr1,MOTO,FGSM,0.3,BIM,0.1,3.6666666666666665,2.0,0,32
engr1,MOTO,FGSM,0.3,BIM,0.2,3.625,2.0,0,32
engr1,MOTO,FGSM,0.3,BIM,0.3,4.083333333333333,2.0,0,32
engr1,MOTO,FGSM,0.3,BIM,0.4,4.020833333333333,2.0,0,32
engr1,MOTO,FGSM,0.3,BIM,0.5,4.020833333333333,2.0,0,32
engr1,MOTO,FGSM,0.3,BIM,0.6,4.020833333333333,2.0,0,32
engr1,MOTO,FGSM,0.3,BIM,0.7,4.020833333333333,2.0,0,32
engr1,MOTO,FGSM,0.3,BIM,0.8,4.020833333333333,2.0,0,32
engr1,MOTO,FGSM,0.3,BIM,0.9,4.020833333333333,2.0,0,32
engr1,MOTO,FGSM,0.3,BIM,1.0,4.020833333333333,2.0,0,32
engr1,OP3,FGSM,0.3,BIM,0.1,1.625,0.0,0,28
engr1,OP3,FGSM,0.3,BIM,0.2,1.6666666666666667,0.0,0,33
engr1,OP3,FGSM,0.3,BIM,0.3,1.8125,0.0,0,33
engr1,OP3,FGSM,0.3,BIM,0.4,2.0208333333333335,0.0,0,33
engr1,OP3,FGSM,0.3,BIM,0.5,2.0208333333333335,0.0,0,33
engr1,OP3,FGSM,0.3,BIM,0.6,2.0208333333333335,0.0,0,33
engr1,OP3,FGSM,0.3,BIM,0.7,2.0208333333333335,0.0,0,33
engr1,OP3,FGSM,0.3,BIM,0.8,2.0208333333333335,0.0,0,33
engr1,OP3,FGSM,0.3,BIM,0.9,2.0208333333333335,0.0,0,33
engr1,OP3,FGSM,0.3,BIM,1.0,2.0208333333333335,0.0,0,33
engr1,S7,FGSM,0.3,BIM,0.1,3.3125,2.0,0,42
engr1,S7,FGSM,0.3,BIM,0.2,2.625,2.0,0,10
engr1,S7,FGSM,0.3,BIM,0.3,2.3958333333333335,2.0,0,8
engr1,S7,FGSM,0.3,BIM,0.4,2.5416666666666665,2.0,0,8
engr1,S7,FGSM,0.3,BIM,0.5,2.5416666666666665,2.0,0,8
engr1,S7,FGSM,0.3,BIM,0.6,2.5416666666666665,2.0,0,8
engr1,S7,FGSM,0.3,BIM,0.7,2.5416666666666665,2.0,0,8
engr1,S7,FGSM,0.3,BIM,0.8,2.5416666666666665,2.0,0,8
engr1,S7,FGSM,0.3,BIM,0.9,2.5416666666666665,2.0,0,8
engr1,S7,FGSM,0.3,BIM,1.0,2.5416666666666665,2.0,0,8
engr1,BLU,FGSM,0.4,BIM,0.1,3.8958333333333335,2.0,0,23
engr1,BLU,FGSM,0.4,BIM,0.2,5.416666666666667,3.5,0,22
engr1,BLU,FGSM,0.4,BIM,0.3,4.645833333333333,2.0,0,22
engr1,BLU,FGSM,0.4,BIM,0.4,4.270833333333333,2.0,0,22
engr1,BLU,FGSM,0.4,BIM,0.5,4.270833333333333,2.0,0,22
engr1,BLU,FGSM,0.4,BIM,0.6,4.270833333333333,2.0,0,22
engr1,BLU,FGSM,0.4,BIM,0.7,4.270833333333333,2.0,0,22
engr1,BLU,FGSM,0.4,BIM,0.8,4.270833333333333,2.0,0,22
engr1,BLU,FGSM,0.4,BIM,0.9,4.270833333333333,2.0,0,22
engr1,BLU,FGSM,0.4,BIM,1.0,4.270833333333333,2.0,0,22
engr1,HTC,FGSM,0.4,BIM,0.1,5.1875,3.0,0,27
engr1,HTC,FGSM,0.4,BIM,0.2,5.354166666666667,3.5,0,26
engr1,HTC,FGSM,0.4,BIM,0.3,5.1875,3.0,0,24
engr1,HTC,FGSM,0.4,BIM,0.4,5.145833333333333,3.0,0,24
engr1,HTC,FGSM,0.4,BIM,0.5,5.145833333333333,3.0,0,24
engr1,HTC,FGSM,0.4,BIM,0.6,5.145833333333333,3.0,0,24
engr1,HTC,FGSM,0.4,BIM,0.7,5.145833333333333,3.0,0,24
engr1,HTC,FGSM,0.4,BIM,0.8,5.145833333333333,3.0,0,24
engr1,HTC,FGSM,0.4,BIM,0.9,5.145833333333333,3.0,0,24
engr1,HTC,FGSM,0.4,BIM,1.0,5.145833333333333,3.0,0,24
engr1,LG,FGSM,0.4,BIM,0.1,4.645833333333333,4.5,0,12
engr1,LG,FGSM,0.4,BIM,0.2,4.854166666666667,5.0,0,15
engr1,LG,FGSM,0.4,BIM,0.3,4.833333333333333,5.0,0,15
engr1,LG,FGSM,0.4,BIM,0.4,4.833333333333333,5.0,0,15
engr1,LG,FGSM,0.4,BIM,0.5,4.833333333333333,5.0,0,15
engr1,LG,FGSM,0.4,BIM,0.6,4.833333333333333,5.0,0,15
engr1,LG,FGSM,0.4,BIM,0.7,4.833333333333333,5.0,0,15
engr1,LG,FGSM,0.4,BIM,0.8,4.833333333333333,5.0,0,15
engr1,LG,FGSM,0.4,BIM,0.9,4.833333333333333,5.0,0,15
engr1,LG,FGSM,0.4,BIM,1.0,4.833333333333333,5.0,0,15
engr1,MOTO,FGSM,0.4,BIM,0.1,2.4166666666666665,2.0,0,19
engr1,MOTO,FGSM,0.4,BIM,0.2,3.0,2.0,0,19
engr1,MOTO,FGSM,0.4,BIM,0.3,3.0625,2.0,0,19
engr1,MOTO,FGSM,0.4,BIM,0.4,2.9791666666666665,1.0,0,19
engr1,MOTO,FGSM,0.4,BIM,0.5,2.9791666666666665,1.0,0,19
engr1,MOTO,FGSM,0.4,BIM,0.6,2.9791666666666665,1.0,0,19
engr1,MOTO,FGSM,0.4,BIM,0.7,2.9791666666666665,1.0,0,19
engr1,MOTO,FGSM,0.4,BIM,0.8,2.9791666666666665,1.0,0,19
engr1,MOTO,FGSM,0.4,BIM,0.9,2.9791666666666665,1.0,0,19
engr1,MOTO,FGSM,0.4,BIM,1.0,2.9791666666666665,1.0,0,19
engr1,OP3,FGSM,0.4,BIM,0.1,1.9791666666666667,0.5,0,28
engr1,OP3,FGSM,0.4,BIM,0.2,0.9583333333333334,0.0,0,6
engr1,OP3,FGSM,0.4,BIM,0.3,0.875,0.0,0,6
engr1,OP3,FGSM,0.4,BIM,0.4,0.9375,0.0,0,6
engr1,OP3,FGSM,0.4,BIM,0.5,0.9375,0.0,0,6
engr1,OP3,FGSM,0.4,BIM,0.6,0.9375,0.0,0,6
engr1,OP3,FGSM,0.4,BIM,0.7,0.9375,0.0,0,6
engr1,OP3,FGSM,0.4,BIM,0.8,0.9375,0.0,0,6
engr1,OP3,FGSM,0.4,BIM,0.9,0.9375,0.0,0,6
engr1,OP3,FGSM,0.4,BIM,1.0,0.9375,0.0,0,6
engr1,S7,FGSM,0.4,BIM,0.1,3.0625,2.0,0,28
engr1,S7,FGSM,0.4,BIM,0.2,2.6041666666666665,2.0,0,11
engr1,S7,FGSM,0.4,BIM,0.3,2.6666666666666665,2.0,0,11
engr1,S7,FGSM,0.4,BIM,0.4,2.6666666666666665,2.0,0,11
engr1,S7,FGSM,0.4,BIM,0.5,2.6666666666666665,2.0,0,11
engr1,S7,FGSM,0.4,BIM,0.6,2.6666666666666665,2.0,0,11
engr1,S7,FGSM,0.4,BIM,0.7,2.6666666666666665,2.0,0,11
engr1,S7,FGSM,0.4,BIM,0.8,2.6666666666666665,2.0,0,11
engr1,S7,FGSM,0.4,BIM,0.9,2.6666666666666665,2.0,0,11
engr1,S7,FGSM,0.4,BIM,1.0,2.6666666666666665,2.0,0,11
engr1,BLU,FGSM,0.5,BIM,0.1,4.104166666666667,3.0,0,20
engr1,BLU,FGSM,0.5,BIM,0.2,6.291666666666667,3.5,0,21
engr1,BLU,FGSM,0.5,BIM,0.3,5.1875,2.0,0,21
engr1,BLU,FGSM,0.5,BIM,0.4,4.833333333333333,2.0,0,20
engr1,BLU,FGSM,0.5,BIM,0.5,4.833333333333333,2.0,0,20
engr1,BLU,FGSM,0.5,BIM,0.6,4.833333333333333,2.0,0,20
engr1,BLU,FGSM,0.5,BIM,0.7,4.833333333333333,2.0,0,20
engr1,BLU,FGSM,0.5,BIM,0.8,4.833333333333333,2.0,0,20
engr1,BLU,FGSM,0.5,BIM,0.9,4.833333333333333,2.0,0,20
engr1,BLU,FGSM,0.5,BIM,1.0,4.833333333333333,2.0,0,20
engr1,HTC,FGSM,0.5,BIM,0.1,5.645833333333333,3.5,0,25
engr1,HTC,FGSM,0.5,BIM,0.2,5.166666666666667,3.0,0,24
engr1,HTC,FGSM,0.5,BIM,0.3,5.0,3.0,0,24
engr1,HTC,FGSM,0.5,BIM,0.4,5.041666666666667,3.0,0,24
engr1,HTC,FGSM,0.5,BIM,0.5,5.041666666666667,3.0,0,24
engr1,HTC,FGSM,0.5,BIM,0.6,5.041666666666667,3.0,0,24
engr1,HTC,FGSM,0.5,BIM,0.7,5.041666666666667,3.0,0,24
engr1,HTC,FGSM,0.5,BIM,0.8,5.041666666666667,3.0,0,24
engr1,HTC,FGSM,0.5,BIM,0.9,5.041666666666667,3.0,0,24
engr1,HTC,FGSM,0.5,BIM,1.0,5.041666666666667,3.0,0,24
engr1,LG,FGSM,0.5,BIM,0.1,4.9375,4.0,0,19
engr1,LG,FGSM,0.5,BIM,0.2,4.875,4.0,0,18
engr1,LG,FGSM,0.5,BIM,0.3,4.854166666666667,4.0,0,18
engr1,LG,FGSM,0.5,BIM,0.4,4.854166666666667,4.0,0,18
engr1,LG,FGSM,0.5,BIM,0.5,4.854166666666667,4.0,0,18
engr1,LG,FGSM,0.5,BIM,0.6,4.854166666666667,4.0,0,18
engr1,LG,FGSM,0.5,BIM,0.7,4.854166666666667,4.0,0,18
engr1,LG,FGSM,0.5,BIM,0.8,4.854166666666667,4.0,0,18
engr1,LG,FGSM,0.5,BIM,0.9,4.854166666666667,4.0,0,18
engr1,LG,FGSM,0.5,BIM,1.0,4.854166666666667,4.0,0,18
engr1,MOTO,FGSM,0.5,BIM,0.1,2.9166666666666665,2.0,0,11
engr1,MOTO,FGSM,0.5,BIM,0.2,3.2916666666666665,2.0,0,17
engr1,MOTO,FGSM,0.5,BIM,0.3,3.1875,2.0,0,17
engr1,MOTO,FGSM,0.5,BIM,0.4,3.1666666666666665,2.0,0,17
engr1,MOTO,FGSM,0.5,BIM,0.5,3.1666666666666665,2.0,0,17
engr1,MOTO,FGSM,0.5,BIM,0.6,3.1666666666666665,2.0,0,17
engr1,MOTO,FGSM,0.5,BIM,0.7,3.1666666666666665,2.0,0,17
engr1,MOTO,FGSM,0.5,BIM,0.8,3.1666666666666665,2.0,0,17
engr1,MOTO,FGSM,0.5,BIM,0.9,3.1666666666666665,2.0,0,17
engr1,MOTO,FGSM,0.5,BIM,1.0,3.1666666666666665,2.0,0,17
engr1,OP3,FGSM,0.5,BIM,0.1,1.2916666666666667,0.0,0,7
engr1,OP3,FGSM,0.5,BIM,0.2,1.0416666666666667,0.0,0,6
engr1,OP3,FGSM,0.5,BIM,0.3,1.3333333333333333,0.0,0,17
engr1,OP3,FGSM,0.5,BIM,0.4,1.0416666666666667,0.0,0,6
engr1,OP3,FGSM,0.5,BIM,0.5,1.0416666666666667,0.0,0,6
engr1,OP3,FGSM,0.5,BIM,0.6,1.0416666666666667,0.0,0,6
engr1,OP3,FGSM,0.5,BIM,0.7,1.0416666666666667,0.0,0,6
engr1,OP3,FGSM,0.5,BIM,0.8,1.0416666666666667,0.0,0,6
engr1,OP3,FGSM,0.5,BIM,0.9,1.0416666666666667,0.0,0,6
engr1,OP3,FGSM,0.5,BIM,1.0,1.0416666666666667,0.0,0,6
engr1,S7,FGSM,0.5,BIM,0.1,2.7083333333333335,2.0,0,16
engr1,S7,FGSM,0.5,BIM,0.2,2.375,2.0,0,9
engr1,S7,FGSM,0.5,BIM,0.3,2.8541666666666665,2.0,0,19
engr1,S7,FGSM,0.5,BIM,0.4,3.0,2.0,0,19
engr1,S7,FGSM,0.5,BIM,0.5,3.0,2.0,0,19
engr1,S7,FGSM,0.5,BIM,0.6,3.0,2.0,0,19
engr1,S7,FGSM,0.5,BIM,0.7,3.0,2.0,0,19
engr1,S7,FGSM,0.5,BIM,0.8,3.0,2.0,0,19
engr1,S7,FGSM,0.5,BIM,0.9,3.0,2.0,0,19
engr1,S7,FGSM,0.5,BIM,1.0,3.0,2.0,0,19
engr1,BLU,FGSM,0.6,BIM,0.1,4.416666666666667,2.0,0,20
engr1,BLU,FGSM,0.6,BIM,0.2,5.3125,3.0,0,20
engr1,BLU,FGSM,0.6,BIM,0.3,5.083333333333333,3.0,0,21
engr1,BLU,FGSM,0.6,BIM,0.4,5.083333333333333,3.0,0,21
engr1,BLU,FGSM,0.6,BIM,0.5,5.083333333333333,3.0,0,21
engr1,BLU,FGSM,0.6,BIM,0.6,5.083333333333333,3.0,0,21
engr1,BLU,FGSM,0.6,BIM,0.7,5.083333333333333,3.0,0,21
engr1,BLU,FGSM,0.6,BIM,0.8,5.083333333333333,3.0,0,21
engr1,BLU,FGSM,0.6,BIM,0.9,5.083333333333333,3.0,0,21
engr1,BLU,FGSM,0.6,BIM,1.0,5.083333333333333,3.0,0,21
engr1,HTC,FGSM,0.6,BIM,0.1,4.708333333333333,3.0,0,24
engr1,HTC,FGSM,0.6,BIM,0.2,5.833333333333333,3.0,0,24
engr1,HTC,FGSM,0.6,BIM,0.3,5.458333333333333,3.0,0,24
engr1,HTC,FGSM,0.6,BIM,0.4,5.5,3.0,0,24
engr1,HTC,FGSM,0.6,BIM,0.5,5.5,3.0,0,24
engr1,HTC,FGSM,0.6,BIM,0.6,5.5,3.0,0,24
engr1,HTC,FGSM,0.6,BIM,0.7,5.5,3.0,0,24
engr1,HTC,FGSM,0.6,BIM,0.8,5.5,3.0,0,24
engr1,HTC,FGSM,0.6,BIM,0.9,5.5,3.0,0,24
engr1,HTC,FGSM,0.6,BIM,1.0,5.5,3.0,0,24
engr1,LG,FGSM,0.6,BIM,0.1,5.0625,4.5,0,19
engr1,LG,FGSM,0.6,BIM,0.2,4.895833333333333,4.5,0,18
engr1,LG,FGSM,0.6,BIM,0.3,4.9375,4.5,0,18
engr1,LG,FGSM,0.6,BIM,0.4,4.9375,4.5,0,18
engr1,LG,FGSM,0.6,BIM,0.5,4.9375,4.5,0,18
engr1,LG,FGSM,0.6,BIM,0.6,4.9375,4.5,0,18
engr1,LG,FGSM,0.6,BIM,0.7,4.9375,4.5,0,18
engr1,LG,FGSM,0.6,BIM,0.8,4.9375,4.5,0,18
engr1,LG,FGSM,0.6,BIM,0.9,4.9375,4.5,0,18
engr1,LG,FGSM,0.6,BIM,1.0,4.9375,4.5,0,18
engr1,MOTO,FGSM,0.6,BIM,0.1,2.5625,2.0,0,17
engr1,MOTO,FGSM,0.6,BIM,0.2,2.4791666666666665,2.0,0,17
engr1,MOTO,FGSM,0.6,BIM,0.3,2.6041666666666665,2.0,0,17
engr1,MOTO,FGSM,0.6,BIM,0.4,2.5625,2.0,0,17
engr1,MOTO,FGSM,0.6,BIM,0.5,2.5625,2.0,0,17
engr1,MOTO,FGSM,0.6,BIM,0.6,2.5625,2.0,0,17
engr1,MOTO,FGSM,0.6,BIM,0.7,2.5625,2.0,0,17
engr1,MOTO,FGSM,0.6,BIM,0.8,2.5625,2.0,0,17
engr1,MOTO,FGSM,0.6,BIM,0.9,2.5625,2.0,0,17
engr1,MOTO,FGSM,0.6,BIM,1.0,2.5625,2.0,0,17
engr1,OP3,FGSM,0.6,BIM,0.1,1.2916666666666667,0.0,0,7
engr1,OP3,FGSM,0.6,BIM,0.2,1.0625,0.0,0,6
engr1,OP3,FGSM,0.6,BIM,0.3,1.4166666666666667,0.0,0,17
engr1,OP3,FGSM,0.6,BIM,0.4,1.0833333333333333,0.0,0,6
engr1,OP3,FGSM,0.6,BIM,0.5,1.0833333333333333,0.0,0,6
engr1,OP3,FGSM,0.6,BIM,0.6,1.0833333333333333,0.0,0,6
engr1,OP3,FGSM,0.6,BIM,0.7,1.0833333333333333,0.0,0,6
engr1,OP3,FGSM,0.6,BIM,0.8,1.0833333333333333,0.0,0,6
engr1,OP3,FGSM,0.6,BIM,0.9,1.0833333333333333,0.0,0,6
engr1,OP3,FGSM,0.6,BIM,1.0,1.0833333333333333,0.0,0,6
engr1,S7,FGSM,0.6,BIM,0.1,2.3541666666666665,2.0,0,16
engr1,S7,FGSM,0.6,BIM,0.2,2.1666666666666665,1.5,0,9
engr1,S7,FGSM,0.6,BIM,0.3,2.0,2.0,0,6
engr1,S7,FGSM,0.6,BIM,0.4,2.1666666666666665,2.0,0,7
engr1,S7,FGSM,0.6,BIM,0.5,2.1666666666666665,2.0,0,7
engr1,S7,FGSM,0.6,BIM,0.6,2.1666666666666665,2.0,0,7
engr1,S7,FGSM,0.6,BIM,0.7,2.1666666666666665,2.0,0,7
engr1,S7,FGSM,0.6,BIM,0.8,2.1666666666666665,2.0,0,7
engr1,S7,FGSM,0.6,BIM,0.9,2.1666666666666665,2.0,0,7
engr1,S7,FGSM,0.6,BIM,1.0,2.1666666666666665,2.0,0,7
engr1,BLU,FGSM,0.7,BIM,0.1,4.416666666666667,2.0,0,20
engr1,BLU,FGSM,0.7,BIM,0.2,5.3125,3.0,0,20
engr1,BLU,FGSM,0.7,BIM,0.3,4.729166666666667,2.5,0,21
engr1,BLU,FGSM,0.7,BIM,0.4,5.083333333333333,3.0,0,21
engr1,BLU,FGSM,0.7,BIM,0.5,5.083333333333333,3.0,0,21
engr1,BLU,FGSM,0.7,BIM,0.6,5.083333333333333,3.0,0,21
engr1,BLU,FGSM,0.7,BIM,0.7,5.083333333333333,3.0,0,21
engr1,BLU,FGSM,0.7,BIM,0.8,5.083333333333333,3.0,0,21
engr1,BLU,FGSM,0.7,BIM,0.9,5.083333333333333,3.0,0,21
engr1,BLU,FGSM,0.7,BIM,1.0,5.083333333333333,3.0,0,21
engr1,HTC,FGSM,0.7,BIM,0.1,4.708333333333333,3.0,0,24
engr1,HTC,FGSM,0.7,BIM,0.2,5.833333333333333,3.0,0,24
engr1,HTC,FGSM,0.7,BIM,0.3,5.458333333333333,3.0,0,24
engr1,HTC,FGSM,0.7,BIM,0.4,5.5,3.0,0,24
engr1,HTC,FGSM,0.7,BIM,0.5,5.5,3.0,0,24
engr1,HTC,FGSM,0.7,BIM,0.6,5.5,3.0,0,24
engr1,HTC,FGSM,0.7,BIM,0.7,5.5,3.0,0,24
engr1,HTC,FGSM,0.7,BIM,0.8,5.5,3.0,0,24
engr1,HTC,FGSM,0.7,BIM,0.9,5.5,3.0,0,24
engr1,HTC,FGSM,0.7,BIM,1.0,5.5,3.0,0,24
engr1,LG,FGSM,0.7,BIM,0.1,5.0625,4.5,0,19
engr1,LG,FGSM,0.7,BIM,0.2,4.895833333333333,4.5,0,18
engr1,LG,FGSM,0.7,BIM,0.3,4.9375,4.5,0,18
engr1,LG,FGSM,0.7,BIM,0.4,4.9375,4.5,0,18
engr1,LG,FGSM,0.7,BIM,0.5,4.9375,4.5,0,18
engr1,LG,FGSM,0.7,BIM,0.6,4.9375,4.5,0,18
engr1,LG,FGSM,0.7,BIM,0.7,4.9375,4.5,0,18
engr1,LG,FGSM,0.7,BIM,0.8,4.9375,4.5,0,18
engr1,LG,FGSM,0.7,BIM,0.9,4.9375,4.5,0,18
engr1,LG,FGSM,0.7,BIM,1.0,4.9375,4.5,0,18
engr1,MOTO,FGSM,0.7,BIM,0.1,2.5625,2.0,0,17
engr1,MOTO,FGSM,0.7,BIM,0.2,2.4791666666666665,2.0,0,17
engr1,MOTO,FGSM,0.7,BIM,0.3,2.6041666666666665,2.0,0,17
engr1,MOTO,FGSM,0.7,BIM,0.4,2.5625,2.0,0,17
engr1,MOTO,FGSM,0.7,BIM,0.5,2.5625,2.0,0,17
engr1,MOTO,FGSM,0.7,BIM,0.6,2.5625,2.0,0,17
engr1,MOTO,FGSM,0.7,BIM,0.7,2.5625,2.0,0,17
engr1,MOTO,FGSM,0.7,BIM,0.8,2.5625,2.0,0,17
engr1,MOTO,FGSM,0.7,BIM,0.9,2.5625,2.0,0,17
engr1,MOTO,FGSM,0.7,BIM,1.0,2.5625,2.0,0,17
engr1,OP3,FGSM,0.7,BIM,0.1,1.2916666666666667,0.0,0,7
engr1,OP3,FGSM,0.7,BIM,0.2,1.0625,0.0,0,6
engr1,OP3,FGSM,0.7,BIM,0.3,1.4166666666666667,0.0,0,17
engr1,OP3,FGSM,0.7,BIM,0.4,1.0833333333333333,0.0,0,6
engr1,OP3,FGSM,0.7,BIM,0.5,1.0833333333333333,0.0,0,6
engr1,OP3,FGSM,0.7,BIM,0.6,1.0833333333333333,0.0,0,6
engr1,OP3,FGSM,0.7,BIM,0.7,1.0833333333333333,0.0,0,6
engr1,OP3,FGSM,0.7,BIM,0.8,1.0833333333333333,0.0,0,6
engr1,OP3,FGSM,0.7,BIM,0.9,1.0833333333333333,0.0,0,6
engr1,OP3,FGSM,0.7,BIM,1.0,1.0833333333333333,0.0,0,6
engr1,S7,FGSM,0.7,BIM,0.1,2.3541666666666665,2.0,0,16
engr1,S7,FGSM,0.7,BIM,0.2,2.1666666666666665,1.5,0,9
engr1,S7,FGSM,0.7,BIM,0.3,2.0,2.0,0,6
engr1,S7,FGSM,0.7,BIM,0.4,2.1666666666666665,2.0,0,7
engr1,S7,FGSM,0.7,BIM,0.5,2.1666666666666665,2.0,0,7
engr1,S7,FGSM,0.7,BIM,0.6,2.1666666666666665,2.0,0,7
engr1,S7,FGSM,0.7,BIM,0.7,2.1666666666666665,2.0,0,7
engr1,S7,FGSM,0.7,BIM,0.8,2.1666666666666665,2.0,0,7
engr1,S7,FGSM,0.7,BIM,0.9,2.1666666666666665,2.0,0,7
engr1,S7,FGSM,0.7,BIM,1.0,2.1666666666666665,2.0,0,7
engr1,BLU,FGSM,0.8,BIM,0.1,4.416666666666667,2.0,0,20
engr1,BLU,FGSM,0.8,BIM,0.2,5.3125,3.0,0,20
engr1,BLU,FGSM,0.8,BIM,0.3,5.083333333333333,3.0,0,21
engr1,BLU,FGSM,0.8,BIM,0.4,5.083333333333333,3.0,0,21
engr1,BLU,FGSM,0.8,BIM,0.5,5.083333333333333,3.0,0,21
engr1,BLU,FGSM,0.8,BIM,0.6,5.083333333333333,3.0,0,21
engr1,BLU,FGSM,0.8,BIM,0.7,5.083333333333333,3.0,0,21
engr1,BLU,FGSM,0.8,BIM,0.8,5.083333333333333,3.0,0,21
engr1,BLU,FGSM,0.8,BIM,0.9,5.083333333333333,3.0,0,21
engr1,BLU,FGSM,0.8,BIM,1.0,5.083333333333333,3.0,0,21
engr1,HTC,FGSM,0.8,BIM,0.1,4.708333333333333,3.0,0,24
engr1,HTC,FGSM,0.8,BIM,0.2,5.833333333333333,3.0,0,24
engr1,HTC,FGSM,0.8,BIM,0.3,5.458333333333333,3.0,0,24
engr1,HTC,FGSM,0.8,BIM,0.4,5.5,3.0,0,24
engr1,HTC,FGSM,0.8,BIM,0.5,5.5,3.0,0,24
engr1,HTC,FGSM,0.8,BIM,0.6,5.5,3.0,0,24
engr1,HTC,FGSM,0.8,BIM,0.7,5.5,3.0,0,24
engr1,HTC,FGSM,0.8,BIM,0.8,5.5,3.0,0,24
engr1,HTC,FGSM,0.8,BIM,0.9,5.5,3.0,0,24
engr1,HTC,FGSM,0.8,BIM,1.0,5.5,3.0,0,24
engr1,LG,FGSM,0.8,BIM,0.1,5.0625,4.5,0,19
engr1,LG,FGSM,0.8,BIM,0.2,4.895833333333333,4.5,0,18
engr1,LG,FGSM,0.8,BIM,0.3,4.9375,4.5,0,18
engr1,LG,FGSM,0.8,BIM,0.4,4.9375,4.5,0,18
engr1,LG,FGSM,0.8,BIM,0.5,4.9375,4.5,0,18
engr1,LG,FGSM,0.8,BIM,0.6,4.9375,4.5,0,18
engr1,LG,FGSM,0.8,BIM,0.7,4.9375,4.5,0,18
engr1,LG,FGSM,0.8,BIM,0.8,4.9375,4.5,0,18
engr1,LG,FGSM,0.8,BIM,0.9,4.9375,4.5,0,18
engr1,LG,FGSM,0.8,BIM,1.0,4.9375,4.5,0,18
engr1,MOTO,FGSM,0.8,BIM,0.1,2.5625,2.0,0,17
engr1,MOTO,FGSM,0.8,BIM,0.2,2.4791666666666665,2.0,0,17
engr1,MOTO,FGSM,0.8,BIM,0.3,2.6041666666666665,2.0,0,17
engr1,MOTO,FGSM,0.8,BIM,0.4,2.5625,2.0,0,17
engr1,MOTO,FGSM,0.8,BIM,0.5,2.5625,2.0,0,17
engr1,MOTO,FGSM,0.8,BIM,0.6,2.5625,2.0,0,17
engr1,MOTO,FGSM,0.8,BIM,0.7,2.5625,2.0,0,17
engr1,MOTO,FGSM,0.8,BIM,0.8,2.5625,2.0,0,17
engr1,MOTO,FGSM,0.8,BIM,0.9,2.5625,2.0,0,17
engr1,MOTO,FGSM,0.8,BIM,1.0,2.5625,2.0,0,17
engr1,OP3,FGSM,0.8,BIM,0.1,1.2916666666666667,0.0,0,7
engr1,OP3,FGSM,0.8,BIM,0.2,1.0625,0.0,0,6
engr1,OP3,FGSM,0.8,BIM,0.3,1.4166666666666667,0.0,0,17
engr1,OP3,FGSM,0.8,BIM,0.4,1.0833333333333333,0.0,0,6
engr1,OP3,FGSM,0.8,BIM,0.5,1.0833333333333333,0.0,0,6
engr1,OP3,FGSM,0.8,BIM,0.6,1.0833333333333333,0.0,0,6
engr1,OP3,FGSM,0.8,BIM,0.7,1.0833333333333333,0.0,0,6
engr1,OP3,FGSM,0.8,BIM,0.8,1.0833333333333333,0.0,0,6
engr1,OP3,FGSM,0.8,BIM,0.9,1.0833333333333333,0.0,0,6
engr1,OP3,FGSM,0.8,BIM,1.0,1.0833333333333333,0.0,0,6
engr1,S7,FGSM,0.8,BIM,0.1,2.3541666666666665,2.0,0,16
engr1,S7,FGSM,0.8,BIM,0.2,2.1666666666666665,1.5,0,9
engr1,S7,FGSM,0.8,BIM,0.3,2.0,2.0,0,6
engr1,S7,FGSM,0.8,BIM,0.4,2.1666666666666665,2.0,0,7
engr1,S7,FGSM,0.8,BIM,0.5,2.1666666666666665,2.0,0,7
engr1,S7,FGSM,0.8,BIM,0.6,2.1666666666666665,2.0,0,7
engr1,S7,FGSM,0.8,BIM,0.7,2.1666666666666665,2.0,0,7
engr1,S7,FGSM,0.8,BIM,0.8,2.1666666666666665,2.0,0,7
engr1,S7,FGSM,0.8,BIM,0.9,2.1666666666666665,2.0,0,7
engr1,S7,FGSM,0.8,BIM,1.0,2.1666666666666665,2.0,0,7
engr1,BLU,FGSM,0.9,BIM,0.1,4.416666666666667,2.0,0,20
engr1,BLU,FGSM,0.9,BIM,0.2,5.3125,3.0,0,20
engr1,BLU,FGSM,0.9,BIM,0.3,5.083333333333333,3.0,0,21
engr1,BLU,FGSM,0.9,BIM,0.4,5.083333333333333,3.0,0,21
engr1,BLU,FGSM,0.9,BIM,0.5,5.083333333333333,3.0,0,21
engr1,BLU,FGSM,0.9,BIM,0.6,5.083333333333333,3.0,0,21
engr1,BLU,FGSM,0.9,BIM,0.7,5.083333333333333,3.0,0,21
engr1,BLU,FGSM,0.9,BIM,0.8,5.083333333333333,3.0,0,21
engr1,BLU,FGSM,0.9,BIM,0.9,5.083333333333333,3.0,0,21
engr1,BLU,FGSM,0.9,BIM,1.0,5.083333333333333,3.0,0,21
engr1,HTC,FGSM,0.9,BIM,0.1,4.708333333333333,3.0,0,24
engr1,HTC,FGSM,0.9,BIM,0.2,5.833333333333333,3.0,0,24
engr1,HTC,FGSM,0.9,BIM,0.3,5.458333333333333,3.0,0,24
engr1,HTC,FGSM,0.9,BIM,0.4,5.5,3.0,0,24
engr1,HTC,FGSM,0.9,BIM,0.5,5.5,3.0,0,24
engr1,HTC,FGSM,0.9,BIM,0.6,5.5,3.0,0,24
engr1,HTC,FGSM,0.9,BIM,0.7,5.5,3.0,0,24
engr1,HTC,FGSM,0.9,BIM,0.8,5.5,3.0,0,24
engr1,HTC,FGSM,0.9,BIM,0.9,5.5,3.0,0,24
engr1,HTC,FGSM,0.9,BIM,1.0,5.5,3.0,0,24
engr1,LG,FGSM,0.9,BIM,0.1,5.0625,4.5,0,19
engr1,LG,FGSM,0.9,BIM,0.2,4.895833333333333,4.5,0,18
engr1,LG,FGSM,0.9,BIM,0.3,4.9375,4.5,0,18
engr1,LG,FGSM,0.9,BIM,0.4,4.9375,4.5,0,18
engr1,LG,FGSM,0.9,BIM,0.5,4.9375,4.5,0,18
engr1,LG,FGSM,0.9,BIM,0.6,4.9375,4.5,0,18
engr1,LG,FGSM,0.9,BIM,0.7,4.9375,4.5,0,18
engr1,LG,FGSM,0.9,BIM,0.8,4.9375,4.5,0,18
engr1,LG,FGSM,0.9,BIM,0.9,4.9375,4.5,0,18
engr1,LG,FGSM,0.9,BIM,1.0,4.9375,4.5,0,18
engr1,MOTO,FGSM,0.9,BIM,0.1,2.5625,2.0,0,17
engr1,MOTO,FGSM,0.9,BIM,0.2,2.4791666666666665,2.0,0,17
engr1,MOTO,FGSM,0.9,BIM,0.3,2.6041666666666665,2.0,0,17
engr1,MOTO,FGSM,0.9,BIM,0.4,2.5625,2.0,0,17
engr1,MOTO,FGSM,0.9,BIM,0.5,2.5625,2.0,0,17
engr1,MOTO,FGSM,0.9,BIM,0.6,2.5625,2.0,0,17
engr1,MOTO,FGSM,0.9,BIM,0.7,2.5625,2.0,0,17
engr1,MOTO,FGSM,0.9,BIM,0.8,2.5625,2.0,0,17
engr1,MOTO,FGSM,0.9,BIM,0.9,2.5625,2.0,0,17
engr1,MOTO,FGSM,0.9,BIM,1.0,2.5625,2.0,0,17
engr1,OP3,FGSM,0.9,BIM,0.1,1.2916666666666667,0.0,0,7
engr1,OP3,FGSM,0.9,BIM,0.2,1.0625,0.0,0,6
engr1,OP3,FGSM,0.9,BIM,0.3,1.4166666666666667,0.0,0,17
engr1,OP3,FGSM,0.9,BIM,0.4,1.0833333333333333,0.0,0,6
engr1,OP3,FGSM,0.9,BIM,0.5,1.0833333333333333,0.0,0,6
engr1,OP3,FGSM,0.9,BIM,0.6,1.0833333333333333,0.0,0,6
engr1,OP3,FGSM,0.9,BIM,0.7,1.0833333333333333,0.0,0,6
engr1,OP3,FGSM,0.9,BIM,0.8,1.0833333333333333,0.0,0,6
engr1,OP3,FGSM,0.9,BIM,0.9,1.0833333333333333,0.0,0,6
engr1,OP3,FGSM,0.9,BIM,1.0,1.0833333333333333,0.0,0,6
engr1,S7,FGSM,0.9,BIM,0.1,2.3541666666666665,2.0,0,16
engr1,S7,FGSM,0.9,BIM,0.2,2.1666666666666665,1.5,0,9
engr1,S7,FGSM,0.9,BIM,0.3,2.0,2.0,0,6
engr1,S7,FGSM,0.9,BIM,0.4,2.1666666666666665,2.0,0,7
engr1,S7,FGSM,0.9,BIM,0.5,2.1666666666666665,2.0,0,7
engr1,S7,FGSM,0.9,BIM,0.6,2.1666666666666665,2.0,0,7
engr1,S7,FGSM,0.9,BIM,0.7,2.1666666666666665,2.0,0,7
engr1,S7,FGSM,0.9,BIM,0.8,2.1666666666666665,2.0,0,7
engr1,S7,FGSM,0.9,BIM,0.9,2.1666666666666665,2.0,0,7
engr1,S7,FGSM,0.9,BIM,1.0,2.1666666666666665,2.0,0,7
engr1,BLU,FGSM,1.0,BIM,0.1,4.416666666666667,2.0,0,20
engr1,BLU,FGSM,1.0,BIM,0.2,5.3125,3.0,0,20
engr1,BLU,FGSM,1.0,BIM,0.3,5.083333333333333,3.0,0,21
engr1,BLU,FGSM,1.0,BIM,0.4,5.083333333333333,3.0,0,21
engr1,BLU,FGSM,1.0,BIM,0.5,5.083333333333333,3.0,0,21
engr1,BLU,FGSM,1.0,BIM,0.6,5.083333333333333,3.0,0,21
engr1,BLU,FGSM,1.0,BIM,0.7,5.083333333333333,3.0,0,21
engr1,BLU,FGSM,1.0,BIM,0.8,5.083333333333333,3.0,0,21
engr1,BLU,FGSM,1.0,BIM,0.9,5.083333333333333,3.0,0,21
engr1,BLU,FGSM,1.0,BIM,1.0,5.083333333333333,3.0,0,21
engr1,HTC,FGSM,1.0,BIM,0.1,4.708333333333333,3.0,0,24
engr1,HTC,FGSM,1.0,BIM,0.2,5.833333333333333,3.0,0,24
engr1,HTC,FGSM,1.0,BIM,0.3,5.458333333333333,3.0,0,24
engr1,HTC,FGSM,1.0,BIM,0.4,5.5,3.0,0,24
engr1,HTC,FGSM,1.0,BIM,0.5,5.5,3.0,0,24
engr1,HTC,FGSM,1.0,BIM,0.6,5.5,3.0,0,24
engr1,HTC,FGSM,1.0,BIM,0.7,5.5,3.0,0,24
engr1,HTC,FGSM,1.0,BIM,0.8,5.5,3.0,0,24
engr1,HTC,FGSM,1.0,BIM,0.9,5.5,3.0,0,24
engr1,HTC,FGSM,1.0,BIM,1.0,5.5,3.0,0,24
engr1,LG,FGSM,1.0,BIM,0.1,5.0625,4.5,0,19
engr1,LG,FGSM,1.0,BIM,0.2,4.895833333333333,4.5,0,18
engr1,LG,FGSM,1.0,BIM,0.3,4.9375,4.5,0,18
engr1,LG,FGSM,1.0,BIM,0.4,4.9375,4.5,0,18
engr1,LG,FGSM,1.0,BIM,0.5,4.9375,4.5,0,18
engr1,LG,FGSM,1.0,BIM,0.6,4.9375,4.5,0,18
engr1,LG,FGSM,1.0,BIM,0.7,4.9375,4.5,0,18
engr1,LG,FGSM,1.0,BIM,0.8,4.9375,4.5,0,18
engr1,LG,FGSM,1.0,BIM,0.9,4.9375,4.5,0,18
engr1,LG,FGSM,1.0,BIM,1.0,4.9375,4.5,0,18
engr1,MOTO,FGSM,1.0,BIM,0.1,2.5625,2.0,0,17
engr1,MOTO,FGSM,1.0,BIM,0.2,2.4791666666666665,2.0,0,17
engr1,MOTO,FGSM,1.0,BIM,0.3,2.6041666666666665,2.0,0,17
engr1,MOTO,FGSM,1.0,BIM,0.4,2.5625,2.0,0,17
engr1,MOTO,FGSM,1.0,BIM,0.5,2.5625,2.0,0,17
engr1,MOTO,FGSM,1.0,BIM,0.6,2.5625,2.0,0,17
engr1,MOTO,FGSM,1.0,BIM,0.7,2.5625,2.0,0,17
engr1,MOTO,FGSM,1.0,BIM,0.8,2.5625,2.0,0,17
engr1,MOTO,FGSM,1.0,BIM,0.9,2.5625,2.0,0,17
engr1,MOTO,FGSM,1.0,BIM,1.0,2.5625,2.0,0,17
engr1,OP3,FGSM,1.0,BIM,0.1,1.2916666666666667,0.0,0,7
engr1,OP3,FGSM,1.0,BIM,0.2,1.0625,0.0,0,6
engr1,OP3,FGSM,1.0,BIM,0.3,1.4166666666666667,0.0,0,17
engr1,OP3,FGSM,1.0,BIM,0.4,1.0833333333333333,0.0,0,6
engr1,OP3,FGSM,1.0,BIM,0.5,1.0833333333333333,0.0,0,6
engr1,OP3,FGSM,1.0,BIM,0.6,1.0833333333333333,0.0,0,6
engr1,OP3,FGSM,1.0,BIM,0.7,1.0833333333333333,0.0,0,6
engr1,OP3,FGSM,1.0,BIM,0.8,1.0833333333333333,0.0,0,6
engr1,OP3,FGSM,1.0,BIM,0.9,1.0833333333333333,0.0,0,6
engr1,OP3,FGSM,1.0,BIM,1.0,1.0833333333333333,0.0,0,6
engr1,S7,FGSM,1.0,BIM,0.1,2.3541666666666665,2.0,0,16
engr1,S7,FGSM,1.0,BIM,0.2,2.1666666666666665,1.5,0,9
engr1,S7,FGSM,1.0,BIM,0.3,2.0,2.0,0,6
engr1,S7,FGSM,1.0,BIM,0.4,2.1666666666666665,2.0,0,7
engr1,S7,FGSM,1.0,BIM,0.5,2.1666666666666665,2.0,0,7
engr1,S7,FGSM,1.0,BIM,0.6,2.1666666666666665,2.0,0,7
engr1,S7,FGSM,1.0,BIM,0.7,2.1666666666666665,2.0,0,7
engr1,S7,FGSM,1.0,BIM,0.8,2.1666666666666665,2.0,0,7
engr1,S7,FGSM,1.0,BIM,0.9,2.1666666666666665,2.0,0,7
engr1,S7,FGSM,1.0,BIM,1.0,2.1666666666666665,2.0,0,7
engr1,BLU,PGD,0.1,BIM,0.1,3.2708333333333335,3.0,0,11
engr1,BLU,PGD,0.1,BIM,0.2,13.625,9.5,0,37
engr1,BLU,PGD,0.1,BIM,0.3,15.5625,13.5,0,39
engr1,BLU,PGD,0.1,BIM,0.4,14.916666666666666,12.5,0,39
engr1,BLU,PGD,0.1,BIM,0.5,14.916666666666666,12.5,0,39
engr1,BLU,PGD,0.1,BIM,0.6,14.916666666666666,12.5,0,39
engr1,BLU,PGD,0.1,BIM,0.7,14.916666666666666,12.5,0,39
engr1,BLU,PGD,0.1,BIM,0.8,14.916666666666666,12.5,0,39
engr1,BLU,PGD,0.1,BIM,0.9,14.916666666666666,12.5,0,39
engr1,BLU,PGD,0.1,BIM,1.0,14.916666666666666,12.5,0,39
engr1,HTC,PGD,0.1,BIM,0.1,3.1041666666666665,2.5,0,20
engr1,HTC,PGD,0.1,BIM,0.2,3.4166666666666665,3.0,0,20
engr1,HTC,PGD,0.1,BIM,0.3,3.3541666666666665,3.0,0,20
engr1,HTC,PGD,0.1,BIM,0.4,3.3333333333333335,3.0,0,20
engr1,HTC,PGD,0.1,BIM,0.5,3.3333333333333335,3.0,0,20
engr1,HTC,PGD,0.1,BIM,0.6,3.3333333333333335,3.0,0,20
engr1,HTC,PGD,0.1,BIM,0.7,3.3333333333333335,3.0,0,20
engr1,HTC,PGD,0.1,BIM,0.8,3.3333333333333335,3.0,0,20
engr1,HTC,PGD,0.1,BIM,0.9,3.3333333333333335,3.0,0,20
engr1,HTC,PGD,0.1,BIM,1.0,3.3333333333333335,3.0,0,20
engr1,LG,PGD,0.1,BIM,0.1,3.7916666666666665,3.0,0,11
engr1,LG,PGD,0.1,BIM,0.2,3.375,3.0,0,10
engr1,LG,PGD,0.1,BIM,0.3,3.1666666666666665,3.0,0,9
engr1,LG,PGD,0.1,BIM,0.4,3.2083333333333335,3.0,0,9
engr1,LG,PGD,0.1,BIM,0.5,3.2083333333333335,3.0,0,9
engr1,LG,PGD,0.1,BIM,0.6,3.2083333333333335,3.0,0,9
engr1,LG,PGD,0.1,BIM,0.7,3.2083333333333335,3.0,0,9
engr1,LG,PGD,0.1,BIM,0.8,3.2083333333333335,3.0,0,9
engr1,LG,PGD,0.1,BIM,0.9,3.2083333333333335,3.0,0,9
engr1,LG,PGD,0.1,BIM,1.0,3.2083333333333335,3.0,0,9
engr1,MOTO,PGD,0.1,BIM,0.1,2.0625,1.0,0,17
engr1,MOTO,PGD,0.1,BIM,0.2,2.375,1.5,0,17
engr1,MOTO,PGD,0.1,BIM,0.3,2.375,1.5,0,17
engr1,MOTO,PGD,0.1,BIM,0.4,2.2708333333333335,1.5,0,17
engr1,MOTO,PGD,0.1,BIM,0.5,2.2708333333333335,1.5,0,17
engr1,MOTO,PGD,0.1,BIM,0.6,2.2708333333333335,1.5,0,17
engr1,MOTO,PGD,0.1,BIM,0.7,2.2708333333333335,1.5,0,17
engr1,MOTO,PGD,0.1,BIM,0.8,2.2708333333333335,1.5,0,17
engr1,MOTO,PGD,0.1,BIM,0.9,2.2708333333333335,1.5,0,17
engr1,MOTO,PGD,0.1,BIM,1.0,2.2708333333333335,1.5,0,17
engr1,OP3,PGD,0.1,BIM,0.1,0.6041666666666666,0.0,0,16
engr1,OP3,PGD,0.1,BIM,0.2,1.2916666666666667,0.0,0,16
engr1,OP3,PGD,0.1,BIM,0.3,1.3541666666666667,0.0,0,16
engr1,OP3,PGD,0.1,BIM,0.4,1.4166666666666667,0.0,0,16
engr1,OP3,PGD,0.1,BIM,0.5,1.4166666666666667,0.0,0,16
engr1,OP3,PGD,0.1,BIM,0.6,1.4166666666666667,0.0,0,16
engr1,OP3,PGD,0.1,BIM,0.7,1.4166666666666667,0.0,0,16
engr1,OP3,PGD,0.1,BIM,0.8,1.4166666666666667,0.0,0,16
engr1,OP3,PGD,0.1,BIM,0.9,1.4166666666666667,0.0,0,16
engr1,OP3,PGD,0.1,BIM,1.0,1.4166666666666667,0.0,0,16
engr1,S7,PGD,0.1,BIM,0.1,2.0833333333333335,1.5,0,9
engr1,S7,PGD,0.1,BIM,0.2,2.4166666666666665,2.0,0,9
engr1,S7,PGD,0.1,BIM,0.3,2.4583333333333335,2.0,0,14
engr1,S7,PGD,0.1,BIM,0.4,2.4791666666666665,2.0,0,14
engr1,S7,PGD,0.1,BIM,0.5,2.4791666666666665,2.0,0,14
engr1,S7,PGD,0.1,BIM,0.6,2.4791666666666665,2.0,0,14
engr1,S7,PGD,0.1,BIM,0.7,2.4791666666666665,2.0,0,14
engr1,S7,PGD,0.1,BIM,0.8,2.4791666666666665,2.0,0,14
engr1,S7,PGD,0.1,BIM,0.9,2.4791666666666665,2.0,0,14
engr1,S7,PGD,0.1,BIM,1.0,2.4791666666666665,2.0,0,14
engr1,BLU,PGD,0.2,BIM,0.1,4.145833333333333,3.0,0,27
engr1,BLU,PGD,0.2,BIM,0.2,12.083333333333334,9.0,0,35
engr1,BLU,PGD,0.2,BIM,0.3,14.9375,12.5,0,39
engr1,BLU,PGD,0.2,BIM,0.4,14.125,11.5,0,37
engr1,BLU,PGD,0.2,BIM,0.5,14.125,11.5,0,37
engr1,BLU,PGD,0.2,BIM,0.6,14.125,11.5,0,37
engr1,BLU,PGD,0.2,BIM,0.7,14.125,11.5,0,37
engr1,BLU,PGD,0.2,BIM,0.8,14.125,11.5,0,37
engr1,BLU,PGD,0.2,BIM,0.9,14.125,11.5,0,37
engr1,BLU,PGD,0.2,BIM,1.0,14.125,11.5,0,37
engr1,HTC,PGD,0.2,BIM,0.1,3.5208333333333335,2.5,0,16
engr1,HTC,PGD,0.2,BIM,0.2,3.4166666666666665,2.5,0,14
engr1,HTC,PGD,0.2,BIM,0.3,3.5416666666666665,3.0,0,14
engr1,HTC,PGD,0.2,BIM,0.4,3.125,2.0,0,11
engr1,HTC,PGD,0.2,BIM,0.5,3.125,2.0,0,11
engr1,HTC,PGD,0.2,BIM,0.6,3.125,2.0,0,11
engr1,HTC,PGD,0.2,BIM,0.7,3.125,2.0,0,11
engr1,HTC,PGD,0.2,BIM,0.8,3.125,2.0,0,11
engr1,HTC,PGD,0.2,BIM,0.9,3.125,2.0,0,11
engr1,HTC,PGD,0.2,BIM,1.0,3.125,2.0,0,11
engr1,LG,PGD,0.2,BIM,0.1,3.4375,3.0,0,10
engr1,LG,PGD,0.2,BIM,0.2,3.1875,2.5,0,10
engr1,LG,PGD,0.2,BIM,0.3,2.9583333333333335,2.0,0,9
engr1,LG,PGD,0.2,BIM,0.4,2.9583333333333335,2.0,0,9
engr1,LG,PGD,0.2,BIM,0.5,2.9583333333333335,2.0,0,9
engr1,LG,PGD,0.2,BIM,0.6,2.9583333333333335,2.0,0,9
engr1,LG,PGD,0.2,BIM,0.7,2.9583333333333335,2.0,0,9
engr1,LG,PGD,0.2,BIM,0.8,2.9583333333333335,2.0,0,9
engr1,LG,PGD,0.2,BIM,0.9,2.9583333333333335,2.0,0,9
engr1,LG,PGD,0.2,BIM,1.0,2.9583333333333335,2.0,0,9
engr1,MOTO,PGD,0.2,BIM,0.1,2.4166666666666665,2.0,0,12
engr1,MOTO,PGD,0.2,BIM,0.2,2.5833333333333335,1.0,0,12
engr1,MOTO,PGD,0.2,BIM,0.3,2.375,1.0,0,12
engr1,MOTO,PGD,0.2,BIM,0.4,2.375,1.0,0,12
engr1,MOTO,PGD,0.2,BIM,0.5,2.375,1.0,0,12
engr1,MOTO,PGD,0.2,BIM,0.6,2.375,1.0,0,12
engr1,MOTO,PGD,0.2,BIM,0.7,2.375,1.0,0,12
engr1,MOTO,PGD,0.2,BIM,0.8,2.375,1.0,0,12
engr1,MOTO,PGD,0.2,BIM,0.9,2.375,1.0,0,12
engr1,MOTO,PGD,0.2,BIM,1.0,2.375,1.0,0,12
engr1,OP3,PGD,0.2,BIM,0.1,0.75,0.0,0,16
engr1,OP3,PGD,0.2,BIM,0.2,0.7708333333333334,0.0,0,16
engr1,OP3,PGD,0.2,BIM,0.3,1.125,0.0,0,16
engr1,OP3,PGD,0.2,BIM,0.4,1.0833333333333333,0.0,0,16
engr1,OP3,PGD,0.2,BIM,0.5,1.0833333333333333,0.0,0,16
engr1,OP3,PGD,0.2,BIM,0.6,1.0833333333333333,0.0,0,16
engr1,OP3,PGD,0.2,BIM,0.7,1.0833333333333333,0.0,0,16
engr1,OP3,PGD,0.2,BIM,0.8,1.0833333333333333,0.0,0,16
engr1,OP3,PGD,0.2,BIM,0.9,1.0833333333333333,0.0,0,16
engr1,OP3,PGD,0.2,BIM,1.0,1.0833333333333333,0.0,0,16
engr1,S7,PGD,0.2,BIM,0.1,1.875,1.0,0,7
engr1,S7,PGD,0.2,BIM,0.2,2.0,1.0,0,9
engr1,S7,PGD,0.2,BIM,0.3,2.1041666666666665,2.0,0,8
engr1,S7,PGD,0.2,BIM,0.4,2.1666666666666665,2.0,0,9
engr1,S7,PGD,0.2,BIM,0.5,2.1666666666666665,2.0,0,9
engr1,S7,PGD,0.2,BIM,0.6,2.1666666666666665,2.0,0,9
engr1,S7,PGD,0.2,BIM,0.7,2.1666666666666665,2.0,0,9
engr1,S7,PGD,0.2,BIM,0.8,2.1666666666666665,2.0,0,9
engr1,S7,PGD,0.2,BIM,0.9,2.1666666666666665,2.0,0,9
engr1,S7,PGD,0.2,BIM,1.0,2.1666666666666665,2.0,0,9
engr1,BLU,PGD,0.3,BIM,0.1,4.291666666666667,3.0,0,27
engr1,BLU,PGD,0.3,BIM,0.2,10.541666666666666,6.0,0,30
engr1,BLU,PGD,0.3,BIM,0.3,17.458333333333332,19.5,0,37
engr1,BLU,PGD,0.3,BIM,0.4,18.4375,18.5,0,38
engr1,BLU,PGD,0.3,BIM,0.5,18.4375,18.5,0,38
engr1,BLU,PGD,0.3,BIM,0.6,18.4375,18.5,0,38
engr1,BLU,PGD,0.3,BIM,0.7,18.4375,18.5,0,38
engr1,BLU,PGD,0.3,BIM,0.8,18.4375,18.5,0,38
engr1,BLU,PGD,0.3,BIM,0.9,18.4375,18.5,0,38
engr1,BLU,PGD,0.3,BIM,1.0,18.4375,18.5,0,38
engr1,HTC,PGD,0.3,BIM,0.1,4.104166666666667,3.0,0,20
engr1,HTC,PGD,0.3,BIM,0.2,4.208333333333333,3.0,0,20
engr1,HTC,PGD,0.3,BIM,0.3,4.291666666666667,3.0,0,20
engr1,HTC,PGD,0.3,BIM,0.4,3.9166666666666665,3.0,0,20
engr1,HTC,PGD,0.3,BIM,0.5,3.9166666666666665,3.0,0,20
engr1,HTC,PGD,0.3,BIM,0.6,3.9166666666666665,3.0,0,20
engr1,HTC,PGD,0.3,BIM,0.7,3.9166666666666665,3.0,0,20
engr1,HTC,PGD,0.3,BIM,0.8,3.9166666666666665,3.0,0,20
engr1,HTC,PGD,0.3,BIM,0.9,3.9166666666666665,3.0,0,20
engr1,HTC,PGD,0.3,BIM,1.0,3.9166666666666665,3.0,0,20
engr1,LG,PGD,0.3,BIM,0.1,3.7083333333333335,3.0,0,10
engr1,LG,PGD,0.3,BIM,0.2,3.2291666666666665,3.0,0,10
engr1,LG,PGD,0.3,BIM,0.3,2.9583333333333335,2.5,0,9
engr1,LG,PGD,0.3,BIM,0.4,2.7916666666666665,2.0,0,9
engr1,LG,PGD,0.3,BIM,0.5,2.7916666666666665,2.0,0,9
engr1,LG,PGD,0.3,BIM,0.6,2.7916666666666665,2.0,0,9
engr1,LG,PGD,0.3,BIM,0.7,2.7916666666666665,2.0,0,9
engr1,LG,PGD,0.3,BIM,0.8,2.7916666666666665,2.0,0,9
engr1,LG,PGD,0.3,BIM,0.9,2.7916666666666665,2.0,0,9
engr1,LG,PGD,0.3,BIM,1.0,2.7916666666666665,2.0,0,9
engr1,MOTO,PGD,0.3,BIM,0.1,1.9375,2.0,0,6
engr1,MOTO,PGD,0.3,BIM,0.2,2.4583333333333335,2.0,0,19
engr1,MOTO,PGD,0.3,BIM,0.3,2.4791666666666665,2.0,0,19
engr1,MOTO,PGD,0.3,BIM,0.4,2.4791666666666665,2.0,0,19
engr1,MOTO,PGD,0.3,BIM,0.5,2.4791666666666665,2.0,0,19
engr1,MOTO,PGD,0.3,BIM,0.6,2.4791666666666665,2.0,0,19
engr1,MOTO,PGD,0.3,BIM,0.7,2.4791666666666665,2.0,0,19
engr1,MOTO,PGD,0.3,BIM,0.8,2.4791666666666665,2.0,0,19
engr1,MOTO,PGD,0.3,BIM,0.9,2.4791666666666665,2.0,0,19
engr1,MOTO,PGD,0.3,BIM,1.0,2.4791666666666665,2.0,0,19
engr1,OP3,PGD,0.3,BIM,0.1,0.625,0.0,0,15
engr1,OP3,PGD,0.3,BIM,0.2,1.0,0.0,0,16
engr1,OP3,PGD,0.3,BIM,0.3,1.0625,0.0,0,16
engr1,OP3,PGD,0.3,BIM,0.4,1.0625,0.0,0,16
engr1,OP3,PGD,0.3,BIM,0.5,1.0625,0.0,0,16
engr1,OP3,PGD,0.3,BIM,0.6,1.0625,0.0,0,16
engr1,OP3,PGD,0.3,BIM,0.7,1.0625,0.0,0,16
engr1,OP3,PGD,0.3,BIM,0.8,1.0625,0.0,0,16
engr1,OP3,PGD,0.3,BIM,0.9,1.0625,0.0,0,16
engr1,OP3,PGD,0.3,BIM,1.0,1.0625,0.0,0,16
engr1,S7,PGD,0.3,BIM,0.1,2.0,1.5,0,8
engr1,S7,PGD,0.3,BIM,0.2,2.3958333333333335,2.0,0,9
engr1,S7,PGD,0.3,BIM,0.3,2.3541666666666665,2.0,0,9
engr1,S7,PGD,0.3,BIM,0.4,2.3958333333333335,2.0,0,9
engr1,S7,PGD,0.3,BIM,0.5,2.3958333333333335,2.0,0,9
engr1,S7,PGD,0.3,BIM,0.6,2.3958333333333335,2.0,0,9
engr1,S7,PGD,0.3,BIM,0.7,2.3958333333333335,2.0,0,9
engr1,S7,PGD,0.3,BIM,0.8,2.3958333333333335,2.0,0,9
engr1,S7,PGD,0.3,BIM,0.9,2.3958333333333335,2.0,0,9
engr1,S7,PGD,0.3,BIM,1.0,2.3958333333333335,2.0,0,9
engr1,BLU,PGD,0.4,BIM,0.1,4.333333333333333,3.5,0,14
engr1,BLU,PGD,0.4,BIM,0.2,12.104166666666666,8.0,0,35
engr1,BLU,PGD,0.4,BIM,0.3,15.541666666666666,13.5,0,37
engr1,BLU,PGD,0.4,BIM,0.4,15.729166666666666,14.5,0,37
engr1,BLU,PGD,0.4,BIM,0.5,15.729166666666666,14.5,0,37
engr1,BLU,PGD,0.4,BIM,0.6,15.729166666666666,14.5,0,37
engr1,BLU,PGD,0.4,BIM,0.7,15.729166666666666,14.5,0,37
engr1,BLU,PGD,0.4,BIM,0.8,15.729166666666666,14.5,0,37
engr1,BLU,PGD,0.4,BIM,0.9,15.729166666666666,14.5,0,37
engr1,BLU,PGD,0.4,BIM,1.0,15.729166666666666,14.5,0,37
engr1,HTC,PGD,0.4,BIM,0.1,4.104166666666667,3.0,0,20
engr1,HTC,PGD,0.4,BIM,0.2,4.729166666666667,3.5,0,20
engr1,HTC,PGD,0.4,BIM,0.3,4.166666666666667,3.0,0,20
engr1,HTC,PGD,0.4,BIM,0.4,4.333333333333333,3.0,0,20
engr1,HTC,PGD,0.4,BIM,0.5,4.333333333333333,3.0,0,20
engr1,HTC,PGD,0.4,BIM,0.6,4.333333333333333,3.0,0,20
engr1,HTC,PGD,0.4,BIM,0.7,4.333333333333333,3.0,0,20
engr1,HTC,PGD,0.4,BIM,0.8,4.333333333333333,3.0,0,20
engr1,HTC,PGD,0.4,BIM,0.9,4.333333333333333,3.0,0,20
engr1,HTC,PGD,0.4,BIM,1.0,4.333333333333333,3.0,0,20
engr1,LG,PGD,0.4,BIM,0.1,3.7708333333333335,3.0,0,10
engr1,LG,PGD,0.4,BIM,0.2,3.7291666666666665,3.0,0,10
engr1,LG,PGD,0.4,BIM,0.3,3.6666666666666665,3.0,0,10
engr1,LG,PGD,0.4,BIM,0.4,3.875,3.0,0,10
engr1,LG,PGD,0.4,BIM,0.5,3.875,3.0,0,10
engr1,LG,PGD,0.4,BIM,0.6,3.875,3.0,0,10
engr1,LG,PGD,0.4,BIM,0.7,3.875,3.0,0,10
engr1,LG,PGD,0.4,BIM,0.8,3.875,3.0,0,10
engr1,LG,PGD,0.4,BIM,0.9,3.875,3.0,0,10
engr1,LG,PGD,0.4,BIM,1.0,3.875,3.0,0,10
engr1,MOTO,PGD,0.4,BIM,0.1,1.7291666666666667,1.0,0,7
engr1,MOTO,PGD,0.4,BIM,0.2,2.25,1.5,0,11
engr1,MOTO,PGD,0.4,BIM,0.3,2.3541666666666665,1.0,0,12
engr1,MOTO,PGD,0.4,BIM,0.4,2.3541666666666665,1.0,0,12
engr1,MOTO,PGD,0.4,BIM,0.5,2.3541666666666665,1.0,0,12
engr1,MOTO,PGD,0.4,BIM,0.6,2.3541666666666665,1.0,0,12
engr1,MOTO,PGD,0.4,BIM,0.7,2.3541666666666665,1.0,0,12
engr1,MOTO,PGD,0.4,BIM,0.8,2.3541666666666665,1.0,0,12
engr1,MOTO,PGD,0.4,BIM,0.9,2.3541666666666665,1.0,0,12
engr1,MOTO,PGD,0.4,BIM,1.0,2.3541666666666665,1.0,0,12
engr1,OP3,PGD,0.4,BIM,0.1,0.3541666666666667,0.0,0,5
engr1,OP3,PGD,0.4,BIM,0.2,0.8125,0.0,0,16
engr1,OP3,PGD,0.4,BIM,0.3,1.125,0.0,0,16
engr1,OP3,PGD,0.4,BIM,0.4,1.0208333333333333,0.0,0,16
engr1,OP3,PGD,0.4,BIM,0.5,1.0208333333333333,0.0,0,16
engr1,OP3,PGD,0.4,BIM,0.6,1.0208333333333333,0.0,0,16
engr1,OP3,PGD,0.4,BIM,0.7,1.0208333333333333,0.0,0,16
engr1,OP3,PGD,0.4,BIM,0.8,1.0208333333333333,0.0,0,16
engr1,OP3,PGD,0.4,BIM,0.9,1.0208333333333333,0.0,0,16
engr1,OP3,PGD,0.4,BIM,1.0,1.0208333333333333,0.0,0,16
engr1,S7,PGD,0.4,BIM,0.1,2.0833333333333335,2.0,0,7
engr1,S7,PGD,0.4,BIM,0.2,2.5208333333333335,2.0,0,9
engr1,S7,PGD,0.4,BIM,0.3,2.5625,2.0,0,9
engr1,S7,PGD,0.4,BIM,0.4,2.4583333333333335,2.0,0,9
engr1,S7,PGD,0.4,BIM,0.5,2.4583333333333335,2.0,0,9
engr1,S7,PGD,0.4,BIM,0.6,2.4583333333333335,2.0,0,9
engr1,S7,PGD,0.4,BIM,0.7,2.4583333333333335,2.0,0,9
engr1,S7,PGD,0.4,BIM,0.8,2.4583333333333335,2.0,0,9
engr1,S7,PGD,0.4,BIM,0.9,2.4583333333333335,2.0,0,9
engr1,S7,PGD,0.4,BIM,1.0,2.4583333333333335,2.0,0,9
engr1,BLU,PGD,0.5,BIM,0.1,4.333333333333333,3.5,0,14
engr1,BLU,PGD,0.5,BIM,0.2,12.104166666666666,8.0,0,35
engr1,BLU,PGD,0.5,BIM,0.3,15.541666666666666,13.5,0,37
engr1,BLU,PGD,0.5,BIM,0.4,15.729166666666666,14.5,0,37
engr1,BLU,PGD,0.5,BIM,0.5,15.729166666666666,14.5,0,37
engr1,BLU,PGD,0.5,BIM,0.6,15.729166666666666,14.5,0,37
engr1,BLU,PGD,0.5,BIM,0.7,15.729166666666666,14.5,0,37
engr1,BLU,PGD,0.5,BIM,0.8,15.729166666666666,14.5,0,37
engr1,BLU,PGD,0.5,BIM,0.9,15.729166666666666,14.5,0,37
engr1,BLU,PGD,0.5,BIM,1.0,15.729166666666666,14.5,0,37
engr1,HTC,PGD,0.5,BIM,0.1,4.104166666666667,3.0,0,20
engr1,HTC,PGD,0.5,BIM,0.2,4.729166666666667,3.5,0,20
engr1,HTC,PGD,0.5,BIM,0.3,4.166666666666667,3.0,0,20
engr1,HTC,PGD,0.5,BIM,0.4,4.333333333333333,3.0,0,20
engr1,HTC,PGD,0.5,BIM,0.5,4.333333333333333,3.0,0,20
engr1,HTC,PGD,0.5,BIM,0.6,4.333333333333333,3.0,0,20
engr1,HTC,PGD,0.5,BIM,0.7,4.333333333333333,3.0,0,20
engr1,HTC,PGD,0.5,BIM,0.8,4.333333333333333,3.0,0,20
engr1,HTC,PGD,0.5,BIM,0.9,4.333333333333333,3.0,0,20
engr1,HTC,PGD,0.5,BIM,1.0,4.333333333333333,3.0,0,20
engr1,LG,PGD,0.5,BIM,0.1,3.7708333333333335,3.0,0,10
engr1,LG,PGD,0.5,BIM,0.2,3.7291666666666665,3.0,0,10
engr1,LG,PGD,0.5,BIM,0.3,3.6666666666666665,3.0,0,10
engr1,LG,PGD,0.5,BIM,0.4,3.875,3.0,0,10
engr1,LG,PGD,0.5,BIM,0.5,3.875,3.0,0,10
engr1,LG,PGD,0.5,BIM,0.6,3.875,3.0,0,10
engr1,LG,PGD,0.5,BIM,0.7,3.875,3.0,0,10
engr1,LG,PGD,0.5,BIM,0.8,3.875,3.0,0,10
engr1,LG,PGD,0.5,BIM,0.9,3.875,3.0,0,10
engr1,LG,PGD,0.5,BIM,1.0,3.875,3.0,0,10
engr1,MOTO,PGD,0.5,BIM,0.1,1.7291666666666667,1.0,0,7
engr1,MOTO,PGD,0.5,BIM,0.2,2.25,1.5,0,11
engr1,MOTO,PGD,0.5,BIM,0.3,2.3541666666666665,1.0,0,12
engr1,MOTO,PGD,0.5,BIM,0.4,2.3541666666666665,1.0,0,12
engr1,MOTO,PGD,0.5,BIM,0.5,2.3541666666666665,1.0,0,12
engr1,MOTO,PGD,0.5,BIM,0.6,2.3541666666666665,1.0,0,12
engr1,MOTO,PGD,0.5,BIM,0.7,2.3541666666666665,1.0,0,12
engr1,MOTO,PGD,0.5,BIM,0.8,2.3541666666666665,1.0,0,12
engr1,MOTO,PGD,0.5,BIM,0.9,2.3541666666666665,1.0,0,12
engr1,MOTO,PGD,0.5,BIM,1.0,2.3541666666666665,1.0,0,12
engr1,OP3,PGD,0.5,BIM,0.1,0.3541666666666667,0.0,0,5
engr1,OP3,PGD,0.5,BIM,0.2,0.8125,0.0,0,16
engr1,OP3,PGD,0.5,BIM,0.3,1.125,0.0,0,16
engr1,OP3,PGD,0.5,BIM,0.4,1.0208333333333333,0.0,0,16
engr1,OP3,PGD,0.5,BIM,0.5,1.0208333333333333,0.0,0,16
engr1,OP3,PGD,0.5,BIM,0.6,1.0208333333333333,0.0,0,16
engr1,OP3,PGD,0.5,BIM,0.7,1.0208333333333333,0.0,0,16
engr1,OP3,PGD,0.5,BIM,0.8,1.0208333333333333,0.0,0,16
engr1,OP3,PGD,0.5,BIM,0.9,1.0208333333333333,0.0,0,16
engr1,OP3,PGD,0.5,BIM,1.0,1.0208333333333333,0.0,0,16
engr1,S7,PGD,0.5,BIM,0.1,2.0833333333333335,2.0,0,7
engr1,S7,PGD,0.5,BIM,0.2,2.5208333333333335,2.0,0,9
engr1,S7,PGD,0.5,BIM,0.3,2.5625,2.0,0,9
engr1,S7,PGD,0.5,BIM,0.4,2.4583333333333335,2.0,0,9
engr1,S7,PGD,0.5,BIM,0.5,2.4583333333333335,2.0,0,9
engr1,S7,PGD,0.5,BIM,0.6,2.4583333333333335,2.0,0,9
engr1,S7,PGD,0.5,BIM,0.7,2.4583333333333335,2.0,0,9
engr1,S7,PGD,0.5,BIM,0.8,2.4583333333333335,2.0,0,9
engr1,S7,PGD,0.5,BIM,0.9,2.4583333333333335,2.0,0,9
engr1,S7,PGD,0.5,BIM,1.0,2.4583333333333335,2.0,0,9
engr1,BLU,PGD,0.6,BIM,0.1,4.333333333333333,3.5,0,14
engr1,BLU,PGD,0.6,BIM,0.2,12.104166666666666,8.0,0,35
engr1,BLU,PGD,0.6,BIM,0.3,15.541666666666666,13.5,0,37
engr1,BLU,PGD,0.6,BIM,0.4,15.729166666666666,14.5,0,37
engr1,BLU,PGD,0.6,BIM,0.5,15.729166666666666,14.5,0,37
engr1,BLU,PGD,0.6,BIM,0.6,15.729166666666666,14.5,0,37
engr1,BLU,PGD,0.6,BIM,0.7,15.729166666666666,14.5,0,37
engr1,BLU,PGD,0.6,BIM,0.8,15.729166666666666,14.5,0,37
engr1,BLU,PGD,0.6,BIM,0.9,15.729166666666666,14.5,0,37
engr1,BLU,PGD,0.6,BIM,1.0,15.729166666666666,14.5,0,37
engr1,HTC,PGD,0.6,BIM,0.1,4.104166666666667,3.0,0,20
engr1,HTC,PGD,0.6,BIM,0.2,4.729166666666667,3.5,0,20
engr1,HTC,PGD,0.6,BIM,0.3,4.166666666666667,3.0,0,20
engr1,HTC,PGD,0.6,BIM,0.4,4.333333333333333,3.0,0,20
engr1,HTC,PGD,0.6,BIM,0.5,4.333333333333333,3.0,0,20
engr1,HTC,PGD,0.6,BIM,0.6,4.333333333333333,3.0,0,20
engr1,HTC,PGD,0.6,BIM,0.7,4.333333333333333,3.0,0,20
engr1,HTC,PGD,0.6,BIM,0.8,4.333333333333333,3.0,0,20
engr1,HTC,PGD,0.6,BIM,0.9,4.333333333333333,3.0,0,20
engr1,HTC,PGD,0.6,BIM,1.0,4.333333333333333,3.0,0,20
engr1,LG,PGD,0.6,BIM,0.1,3.7708333333333335,3.0,0,10
engr1,LG,PGD,0.6,BIM,0.2,3.7291666666666665,3.0,0,10
engr1,LG,PGD,0.6,BIM,0.3,3.6666666666666665,3.0,0,10
engr1,LG,PGD,0.6,BIM,0.4,3.875,3.0,0,10
engr1,LG,PGD,0.6,BIM,0.5,3.875,3.0,0,10
engr1,LG,PGD,0.6,BIM,0.6,3.875,3.0,0,10
engr1,LG,PGD,0.6,BIM,0.7,3.875,3.0,0,10
engr1,LG,PGD,0.6,BIM,0.8,3.875,3.0,0,10
engr1,LG,PGD,0.6,BIM,0.9,3.875,3.0,0,10
engr1,LG,PGD,0.6,BIM,1.0,3.875,3.0,0,10
engr1,MOTO,PGD,0.6,BIM,0.1,1.7291666666666667,1.0,0,7
engr1,MOTO,PGD,0.6,BIM,0.2,2.25,1.5,0,11
engr1,MOTO,PGD,0.6,BIM,0.3,2.3541666666666665,1.0,0,12
engr1,MOTO,PGD,0.6,BIM,0.4,2.3541666666666665,1.0,0,12
engr1,MOTO,PGD,0.6,BIM,0.5,2.3541666666666665,1.0,0,12
engr1,MOTO,PGD,0.6,BIM,0.6,2.3541666666666665,1.0,0,12
engr1,MOTO,PGD,0.6,BIM,0.7,2.3541666666666665,1.0,0,12
engr1,MOTO,PGD,0.6,BIM,0.8,2.3541666666666665,1.0,0,12
engr1,MOTO,PGD,0.6,BIM,0.9,2.3541666666666665,1.0,0,12
engr1,MOTO,PGD,0.6,BIM,1.0,2.3541666666666665,1.0,0,12
engr1,OP3,PGD,0.6,BIM,0.1,0.3541666666666667,0.0,0,5
engr1,OP3,PGD,0.6,BIM,0.2,0.8125,0.0,0,16
engr1,OP3,PGD,0.6,BIM,0.3,1.125,0.0,0,16
engr1,OP3,PGD,0.6,BIM,0.4,1.0208333333333333,0.0,0,16
engr1,OP3,PGD,0.6,BIM,0.5,1.0208333333333333,0.0,0,16
engr1,OP3,PGD,0.6,BIM,0.6,1.0208333333333333,0.0,0,16
engr1,OP3,PGD,0.6,BIM,0.7,1.0208333333333333,0.0,0,16
engr1,OP3,PGD,0.6,BIM,0.8,1.0208333333333333,0.0,0,16
engr1,OP3,PGD,0.6,BIM,0.9,1.0208333333333333,0.0,0,16
engr1,OP3,PGD,0.6,BIM,1.0,1.0208333333333333,0.0,0,16
engr1,S7,PGD,0.6,BIM,0.1,2.0833333333333335,2.0,0,7
engr1,S7,PGD,0.6,BIM,0.2,2.5208333333333335,2.0,0,9
engr1,S7,PGD,0.6,BIM,0.3,2.5625,2.0,0,9
engr1,S7,PGD,0.6,BIM,0.4,2.4583333333333335,2.0,0,9
engr1,S7,PGD,0.6,BIM,0.5,2.4583333333333335,2.0,0,9
engr1,S7,PGD,0.6,BIM,0.6,2.4583333333333335,2.0,0,9
engr1,S7,PGD,0.6,BIM,0.7,2.4583333333333335,2.0,0,9
engr1,S7,PGD,0.6,BIM,0.8,2.4583333333333335,2.0,0,9
engr1,S7,PGD,0.6,BIM,0.9,2.4583333333333335,2.0,0,9
engr1,S7,PGD,0.6,BIM,1.0,2.4583333333333335,2.0,0,9
engr1,BLU,PGD,0.7,BIM,0.1,4.333333333333333,3.5,0,14
engr1,BLU,PGD,0.7,BIM,0.2,12.104166666666666,8.0,0,35
engr1,BLU,PGD,0.7,BIM,0.3,15.541666666666666,13.5,0,37
engr1,BLU,PGD,0.7,BIM,0.4,15.729166666666666,14.5,0,37
engr1,BLU,PGD,0.7,BIM,0.5,15.729166666666666,14.5,0,37
engr1,BLU,PGD,0.7,BIM,0.6,15.729166666666666,14.5,0,37
engr1,BLU,PGD,0.7,BIM,0.7,15.729166666666666,14.5,0,37
engr1,BLU,PGD,0.7,BIM,0.8,15.729166666666666,14.5,0,37
engr1,BLU,PGD,0.7,BIM,0.9,15.729166666666666,14.5,0,37
engr1,BLU,PGD,0.7,BIM,1.0,15.729166666666666,14.5,0,37
engr1,HTC,PGD,0.7,BIM,0.1,4.104166666666667,3.0,0,20
engr1,HTC,PGD,0.7,BIM,0.2,4.729166666666667,3.5,0,20
engr1,HTC,PGD,0.7,BIM,0.3,4.166666666666667,3.0,0,20
engr1,HTC,PGD,0.7,BIM,0.4,4.333333333333333,3.0,0,20
engr1,HTC,PGD,0.7,BIM,0.5,4.333333333333333,3.0,0,20
engr1,HTC,PGD,0.7,BIM,0.6,4.333333333333333,3.0,0,20
engr1,HTC,PGD,0.7,BIM,0.7,4.333333333333333,3.0,0,20
engr1,HTC,PGD,0.7,BIM,0.8,4.333333333333333,3.0,0,20
engr1,HTC,PGD,0.7,BIM,0.9,4.333333333333333,3.0,0,20
engr1,HTC,PGD,0.7,BIM,1.0,4.333333333333333,3.0,0,20
engr1,LG,PGD,0.7,BIM,0.1,3.7708333333333335,3.0,0,10
engr1,LG,PGD,0.7,BIM,0.2,3.7291666666666665,3.0,0,10
engr1,LG,PGD,0.7,BIM,0.3,3.6666666666666665,3.0,0,10
engr1,LG,PGD,0.7,BIM,0.4,3.875,3.0,0,10
engr1,LG,PGD,0.7,BIM,0.5,3.875,3.0,0,10
engr1,LG,PGD,0.7,BIM,0.6,3.875,3.0,0,10
engr1,LG,PGD,0.7,BIM,0.7,3.875,3.0,0,10
engr1,LG,PGD,0.7,BIM,0.8,3.875,3.0,0,10
engr1,LG,PGD,0.7,BIM,0.9,3.875,3.0,0,10
engr1,LG,PGD,0.7,BIM,1.0,3.875,3.0,0,10
engr1,MOTO,PGD,0.7,BIM,0.1,1.7291666666666667,1.0,0,7
engr1,MOTO,PGD,0.7,BIM,0.2,2.25,1.5,0,11
engr1,MOTO,PGD,0.7,BIM,0.3,2.3541666666666665,1.0,0,12
engr1,MOTO,PGD,0.7,BIM,0.4,2.3541666666666665,1.0,0,12
engr1,MOTO,PGD,0.7,BIM,0.5,2.3541666666666665,1.0,0,12
engr1,MOTO,PGD,0.7,BIM,0.6,2.3541666666666665,1.0,0,12
engr1,MOTO,PGD,0.7,BIM,0.7,2.3541666666666665,1.0,0,12
engr1,MOTO,PGD,0.7,BIM,0.8,2.3541666666666665,1.0,0,12
engr1,MOTO,PGD,0.7,BIM,0.9,2.3541666666666665,1.0,0,12
engr1,MOTO,PGD,0.7,BIM,1.0,2.3541666666666665,1.0,0,12
engr1,OP3,PGD,0.7,BIM,0.1,0.3541666666666667,0.0,0,5
engr1,OP3,PGD,0.7,BIM,0.2,0.8125,0.0,0,16
engr1,OP3,PGD,0.7,BIM,0.3,1.125,0.0,0,16
engr1,OP3,PGD,0.7,BIM,0.4,1.0208333333333333,0.0,0,16
engr1,OP3,PGD,0.7,BIM,0.5,1.0208333333333333,0.0,0,16
engr1,OP3,PGD,0.7,BIM,0.6,1.0208333333333333,0.0,0,16
engr1,OP3,PGD,0.7,BIM,0.7,1.0208333333333333,0.0,0,16
engr1,OP3,PGD,0.7,BIM,0.8,1.0208333333333333,0.0,0,16
engr1,OP3,PGD,0.7,BIM,0.9,1.0208333333333333,0.0,0,16
engr1,OP3,PGD,0.7,BIM,1.0,1.0208333333333333,0.0,0,16
engr1,S7,PGD,0.7,BIM,0.1,2.0833333333333335,2.0,0,7
engr1,S7,PGD,0.7,BIM,0.2,2.5208333333333335,2.0,0,9
engr1,S7,PGD,0.7,BIM,0.3,2.5625,2.0,0,9
engr1,S7,PGD,0.7,BIM,0.4,2.4583333333333335,2.0,0,9
engr1,S7,PGD,0.7,BIM,0.5,2.4583333333333335,2.0,0,9
engr1,S7,PGD,0.7,BIM,0.6,2.4583333333333335,2.0,0,9
engr1,S7,PGD,0.7,BIM,0.7,2.4583333333333335,2.0,0,9
engr1,S7,PGD,0.7,BIM,0.8,2.4583333333333335,2.0,0,9
engr1,S7,PGD,0.7,BIM,0.9,2.4583333333333335,2.0,0,9
engr1,S7,PGD,0.7,BIM,1.0,2.4583333333333335,2.0,0,9
engr1,BLU,PGD,0.8,BIM,0.1,4.333333333333333,3.5,0,14
engr1,BLU,PGD,0.8,BIM,0.2,12.104166666666666,8.0,0,35
engr1,BLU,PGD,0.8,BIM,0.3,15.541666666666666,13.5,0,37
engr1,BLU,PGD,0.8,BIM,0.4,15.729166666666666,14.5,0,37
engr1,BLU,PGD,0.8,BIM,0.5,15.729166666666666,14.5,0,37
engr1,BLU,PGD,0.8,BIM,0.6,15.729166666666666,14.5,0,37
engr1,BLU,PGD,0.8,BIM,0.7,15.729166666666666,14.5,0,37
engr1,BLU,PGD,0.8,BIM,0.8,15.729166666666666,14.5,0,37
engr1,BLU,PGD,0.8,BIM,0.9,15.729166666666666,14.5,0,37
engr1,BLU,PGD,0.8,BIM,1.0,15.729166666666666,14.5,0,37
engr1,HTC,PGD,0.8,BIM,0.1,4.104166666666667,3.0,0,20
engr1,HTC,PGD,0.8,BIM,0.2,4.729166666666667,3.5,0,20
engr1,HTC,PGD,0.8,BIM,0.3,4.166666666666667,3.0,0,20
engr1,HTC,PGD,0.8,BIM,0.4,4.333333333333333,3.0,0,20
engr1,HTC,PGD,0.8,BIM,0.5,4.333333333333333,3.0,0,20
engr1,HTC,PGD,0.8,BIM,0.6,4.333333333333333,3.0,0,20
engr1,HTC,PGD,0.8,BIM,0.7,4.333333333333333,3.0,0,20
engr1,HTC,PGD,0.8,BIM,0.8,4.333333333333333,3.0,0,20
engr1,HTC,PGD,0.8,BIM,0.9,4.333333333333333,3.0,0,20
engr1,HTC,PGD,0.8,BIM,1.0,4.333333333333333,3.0,0,20
engr1,LG,PGD,0.8,BIM,0.1,3.7708333333333335,3.0,0,10
engr1,LG,PGD,0.8,BIM,0.2,3.7291666666666665,3.0,0,10
engr1,LG,PGD,0.8,BIM,0.3,3.6666666666666665,3.0,0,10
engr1,LG,PGD,0.8,BIM,0.4,3.875,3.0,0,10
engr1,LG,PGD,0.8,BIM,0.5,3.875,3.0,0,10
engr1,LG,PGD,0.8,BIM,0.6,3.875,3.0,0,10
engr1,LG,PGD,0.8,BIM,0.7,3.875,3.0,0,10
engr1,LG,PGD,0.8,BIM,0.8,3.875,3.0,0,10
engr1,LG,PGD,0.8,BIM,0.9,3.875,3.0,0,10
engr1,LG,PGD,0.8,BIM,1.0,3.875,3.0,0,10
engr1,MOTO,PGD,0.8,BIM,0.1,1.7291666666666667,1.0,0,7
engr1,MOTO,PGD,0.8,BIM,0.2,2.25,1.5,0,11
engr1,MOTO,PGD,0.8,BIM,0.3,2.3541666666666665,1.0,0,12
engr1,MOTO,PGD,0.8,BIM,0.4,2.3541666666666665,1.0,0,12
engr1,MOTO,PGD,0.8,BIM,0.5,2.3541666666666665,1.0,0,12
engr1,MOTO,PGD,0.8,BIM,0.6,2.3541666666666665,1.0,0,12
engr1,MOTO,PGD,0.8,BIM,0.7,2.3541666666666665,1.0,0,12
engr1,MOTO,PGD,0.8,BIM,0.8,2.3541666666666665,1.0,0,12
engr1,MOTO,PGD,0.8,BIM,0.9,2.3541666666666665,1.0,0,12
engr1,MOTO,PGD,0.8,BIM,1.0,2.3541666666666665,1.0,0,12
engr1,OP3,PGD,0.8,BIM,0.1,0.3541666666666667,0.0,0,5
engr1,OP3,PGD,0.8,BIM,0.2,0.8125,0.0,0,16
engr1,OP3,PGD,0.8,BIM,0.3,1.125,0.0,0,16
engr1,OP3,PGD,0.8,BIM,0.4,1.0208333333333333,0.0,0,16
engr1,OP3,PGD,0.8,BIM,0.5,1.0208333333333333,0.0,0,16
engr1,OP3,PGD,0.8,BIM,0.6,1.0208333333333333,0.0,0,16
engr1,OP3,PGD,0.8,BIM,0.7,1.0208333333333333,0.0,0,16
engr1,OP3,PGD,0.8,BIM,0.8,1.0208333333333333,0.0,0,16
engr1,OP3,PGD,0.8,BIM,0.9,1.0208333333333333,0.0,0,16
engr1,OP3,PGD,0.8,BIM,1.0,1.0208333333333333,0.0,0,16
engr1,S7,PGD,0.8,BIM,0.1,2.0833333333333335,2.0,0,7
engr1,S7,PGD,0.8,BIM,0.2,2.5208333333333335,2.0,0,9
engr1,S7,PGD,0.8,BIM,0.3,2.5625,2.0,0,9
engr1,S7,PGD,0.8,BIM,0.4,2.4583333333333335,2.0,0,9
engr1,S7,PGD,0.8,BIM,0.5,2.4583333333333335,2.0,0,9
engr1,S7,PGD,0.8,BIM,0.6,2.4583333333333335,2.0,0,9
engr1,S7,PGD,0.8,BIM,0.7,2.4583333333333335,2.0,0,9
engr1,S7,PGD,0.8,BIM,0.8,2.4583333333333335,2.0,0,9
engr1,S7,PGD,0.8,BIM,0.9,2.4583333333333335,2.0,0,9
engr1,S7,PGD,0.8,BIM,1.0,2.4583333333333335,2.0,0,9
engr1,BLU,PGD,0.9,BIM,0.1,4.333333333333333,3.5,0,14
engr1,BLU,PGD,0.9,BIM,0.2,12.104166666666666,8.0,0,35
engr1,BLU,PGD,0.9,BIM,0.3,15.541666666666666,13.5,0,37
engr1,BLU,PGD,0.9,BIM,0.4,15.729166666666666,14.5,0,37
engr1,BLU,PGD,0.9,BIM,0.5,15.729166666666666,14.5,0,37
engr1,BLU,PGD,0.9,BIM,0.6,15.729166666666666,14.5,0,37
engr1,BLU,PGD,0.9,BIM,0.7,15.729166666666666,14.5,0,37
engr1,BLU,PGD,0.9,BIM,0.8,15.729166666666666,14.5,0,37
engr1,BLU,PGD,0.9,BIM,0.9,15.729166666666666,14.5,0,37
engr1,BLU,PGD,0.9,BIM,1.0,15.729166666666666,14.5,0,37
engr1,HTC,PGD,0.9,BIM,0.1,4.104166666666667,3.0,0,20
engr1,HTC,PGD,0.9,BIM,0.2,4.729166666666667,3.5,0,20
engr1,HTC,PGD,0.9,BIM,0.3,4.166666666666667,3.0,0,20
engr1,HTC,PGD,0.9,BIM,0.4,4.333333333333333,3.0,0,20
engr1,HTC,PGD,0.9,BIM,0.5,4.333333333333333,3.0,0,20
engr1,HTC,PGD,0.9,BIM,0.6,4.333333333333333,3.0,0,20
engr1,HTC,PGD,0.9,BIM,0.7,4.333333333333333,3.0,0,20
engr1,HTC,PGD,0.9,BIM,0.8,4.333333333333333,3.0,0,20
engr1,HTC,PGD,0.9,BIM,0.9,4.333333333333333,3.0,0,20
engr1,HTC,PGD,0.9,BIM,1.0,4.333333333333333,3.0,0,20
engr1,LG,PGD,0.9,BIM,0.1,3.7708333333333335,3.0,0,10
engr1,LG,PGD,0.9,BIM,0.2,3.7291666666666665,3.0,0,10
engr1,LG,PGD,0.9,BIM,0.3,3.6666666666666665,3.0,0,10
engr1,LG,PGD,0.9,BIM,0.4,3.875,3.0,0,10
engr1,LG,PGD,0.9,BIM,0.5,3.875,3.0,0,10
engr1,LG,PGD,0.9,BIM,0.6,3.875,3.0,0,10
engr1,LG,PGD,0.9,BIM,0.7,3.875,3.0,0,10
engr1,LG,PGD,0.9,BIM,0.8,3.875,3.0,0,10
engr1,LG,PGD,0.9,BIM,0.9,3.875,3.0,0,10
engr1,LG,PGD,0.9,BIM,1.0,3.875,3.0,0,10
engr1,MOTO,PGD,0.9,BIM,0.1,1.7291666666666667,1.0,0,7
engr1,MOTO,PGD,0.9,BIM,0.2,2.25,1.5,0,11
engr1,MOTO,PGD,0.9,BIM,0.3,2.3541666666666665,1.0,0,12
engr1,MOTO,PGD,0.9,BIM,0.4,2.3541666666666665,1.0,0,12
engr1,MOTO,PGD,0.9,BIM,0.5,2.3541666666666665,1.0,0,12
engr1,MOTO,PGD,0.9,BIM,0.6,2.3541666666666665,1.0,0,12
engr1,MOTO,PGD,0.9,BIM,0.7,2.3541666666666665,1.0,0,12
engr1,MOTO,PGD,0.9,BIM,0.8,2.3541666666666665,1.0,0,12
engr1,MOTO,PGD,0.9,BIM,0.9,2.3541666666666665,1.0,0,12
engr1,MOTO,PGD,0.9,BIM,1.0,2.3541666666666665,1.0,0,12
engr1,OP3,PGD,0.9,BIM,0.1,0.3541666666666667,0.0,0,5
engr1,OP3,PGD,0.9,BIM,0.2,0.8125,0.0,0,16
engr1,OP3,PGD,0.9,BIM,0.3,1.125,0.0,0,16
engr1,OP3,PGD,0.9,BIM,0.4,1.0208333333333333,0.0,0,16
engr1,OP3,PGD,0.9,BIM,0.5,1.0208333333333333,0.0,0,16
engr1,OP3,PGD,0.9,BIM,0.6,1.0208333333333333,0.0,0,16
engr1,OP3,PGD,0.9,BIM,0.7,1.0208333333333333,0.0,0,16
engr1,OP3,PGD,0.9,BIM,0.8,1.0208333333333333,0.0,0,16
engr1,OP3,PGD,0.9,BIM,0.9,1.0208333333333333,0.0,0,16
engr1,OP3,PGD,0.9,BIM,1.0,1.0208333333333333,0.0,0,16
engr1,S7,PGD,0.9,BIM,0.1,2.0833333333333335,2.0,0,7
engr1,S7,PGD,0.9,BIM,0.2,2.5208333333333335,2.0,0,9
engr1,S7,PGD,0.9,BIM,0.3,2.5625,2.0,0,9
engr1,S7,PGD,0.9,BIM,0.4,2.4583333333333335,2.0,0,9
engr1,S7,PGD,0.9,BIM,0.5,2.4583333333333335,2.0,0,9
engr1,S7,PGD,0.9,BIM,0.6,2.4583333333333335,2.0,0,9
engr1,S7,PGD,0.9,BIM,0.7,2.4583333333333335,2.0,0,9
engr1,S7,PGD,0.9,BIM,0.8,2.4583333333333335,2.0,0,9
engr1,S7,PGD,0.9,BIM,0.9,2.4583333333333335,2.0,0,9
engr1,S7,PGD,0.9,BIM,1.0,2.4583333333333335,2.0,0,9
engr1,BLU,PGD,1.0,BIM,0.1,4.333333333333333,3.5,0,14
engr1,BLU,PGD,1.0,BIM,0.2,12.104166666666666,8.0,0,35
engr1,BLU,PGD,1.0,BIM,0.3,15.541666666666666,13.5,0,37
engr1,BLU,PGD,1.0,BIM,0.4,15.729166666666666,14.5,0,37
engr1,BLU,PGD,1.0,BIM,0.5,15.729166666666666,14.5,0,37
engr1,BLU,PGD,1.0,BIM,0.6,15.729166666666666,14.5,0,37
engr1,BLU,PGD,1.0,BIM,0.7,15.729166666666666,14.5,0,37
engr1,BLU,PGD,1.0,BIM,0.8,15.729166666666666,14.5,0,37
engr1,BLU,PGD,1.0,BIM,0.9,15.729166666666666,14.5,0,37
engr1,BLU,PGD,1.0,BIM,1.0,15.729166666666666,14.5,0,37
engr1,HTC,PGD,1.0,BIM,0.1,4.104166666666667,3.0,0,20
engr1,HTC,PGD,1.0,BIM,0.2,4.729166666666667,3.5,0,20
engr1,HTC,PGD,1.0,BIM,0.3,4.166666666666667,3.0,0,20
engr1,HTC,PGD,1.0,BIM,0.4,4.333333333333333,3.0,0,20
engr1,HTC,PGD,1.0,BIM,0.5,4.333333333333333,3.0,0,20
engr1,HTC,PGD,1.0,BIM,0.6,4.333333333333333,3.0,0,20
engr1,HTC,PGD,1.0,BIM,0.7,4.333333333333333,3.0,0,20
engr1,HTC,PGD,1.0,BIM,0.8,4.333333333333333,3.0,0,20
engr1,HTC,PGD,1.0,BIM,0.9,4.333333333333333,3.0,0,20
engr1,HTC,PGD,1.0,BIM,1.0,4.333333333333333,3.0,0,20
engr1,LG,PGD,1.0,BIM,0.1,3.7708333333333335,3.0,0,10
engr1,LG,PGD,1.0,BIM,0.2,3.7291666666666665,3.0,0,10
engr1,LG,PGD,1.0,BIM,0.3,3.6666666666666665,3.0,0,10
engr1,LG,PGD,1.0,BIM,0.4,3.875,3.0,0,10
engr1,LG,PGD,1.0,BIM,0.5,3.875,3.0,0,10
engr1,LG,PGD,1.0,BIM,0.6,3.875,3.0,0,10
engr1,LG,PGD,1.0,BIM,0.7,3.875,3.0,0,10
engr1,LG,PGD,1.0,BIM,0.8,3.875,3.0,0,10
engr1,LG,PGD,1.0,BIM,0.9,3.875,3.0,0,10
engr1,LG,PGD,1.0,BIM,1.0,3.875,3.0,0,10
engr1,MOTO,PGD,1.0,BIM,0.1,1.7291666666666667,1.0,0,7
engr1,MOTO,PGD,1.0,BIM,0.2,2.25,1.5,0,11
engr1,MOTO,PGD,1.0,BIM,0.3,2.3541666666666665,1.0,0,12
engr1,MOTO,PGD,1.0,BIM,0.4,2.3541666666666665,1.0,0,12
engr1,MOTO,PGD,1.0,BIM,0.5,2.3541666666666665,1.0,0,12
engr1,MOTO,PGD,1.0,BIM,0.6,2.3541666666666665,1.0,0,12
engr1,MOTO,PGD,1.0,BIM,0.7,2.3541666666666665,1.0,0,12
engr1,MOTO,PGD,1.0,BIM,0.8,2.3541666666666665,1.0,0,12
engr1,MOTO,PGD,1.0,BIM,0.9,2.3541666666666665,1.0,0,12
engr1,MOTO,PGD,1.0,BIM,1.0,2.3541666666666665,1.0,0,12
engr1,OP3,PGD,1.0,BIM,0.1,0.3541666666666667,0.0,0,5
engr1,OP3,PGD,1.0,BIM,0.2,0.8125,0.0,0,16
engr1,OP3,PGD,1.0,BIM,0.3,1.125,0.0,0,16
engr1,OP3,PGD,1.0,BIM,0.4,1.0208333333333333,0.0,0,16
engr1,OP3,PGD,1.0,BIM,0.5,1.0208333333333333,0.0,0,16
engr1,OP3,PGD,1.0,BIM,0.6,1.0208333333333333,0.0,0,16
engr1,OP3,PGD,1.0,BIM,0.7,1.0208333333333333,0.0,0,16
engr1,OP3,PGD,1.0,BIM,0.8,1.0208333333333333,0.0,0,16
engr1,OP3,PGD,1.0,BIM,0.9,1.0208333333333333,0.0,0,16
engr1,OP3,PGD,1.0,BIM,1.0,1.0208333333333333,0.0,0,16
engr1,S7,PGD,1.0,BIM,0.1,2.0833333333333335,2.0,0,7
engr1,S7,PGD,1.0,BIM,0.2,2.5208333333333335,2.0,0,9
engr1,S7,PGD,1.0,BIM,0.3,2.5625,2.0,0,9
engr1,S7,PGD,1.0,BIM,0.4,2.4583333333333335,2.0,0,9
engr1,S7,PGD,1.0,BIM,0.5,2.4583333333333335,2.0,0,9
engr1,S7,PGD,1.0,BIM,0.6,2.4583333333333335,2.0,0,9
engr1,S7,PGD,1.0,BIM,0.7,2.4583333333333335,2.0,0,9
engr1,S7,PGD,1.0,BIM,0.8,2.4583333333333335,2.0,0,9
engr1,S7,PGD,1.0,BIM,0.9,2.4583333333333335,2.0,0,9
engr1,S7,PGD,1.0,BIM,1.0,2.4583333333333335,2.0,0,9
engr1,BLU,MIM,0.1,BIM,0.1,2.9375,3.0,0,11
engr1,BLU,MIM,0.1,BIM,0.2,4.708333333333333,3.0,0,19
engr1,BLU,MIM,0.1,BIM,0.3,4.708333333333333,3.0,0,19
engr1,BLU,MIM,0.1,BIM,0.4,4.708333333333333,3.0,0,19
engr1,BLU,MIM,0.1,BIM,0.5,4.708333333333333,3.0,0,19
engr1,BLU,MIM,0.1,BIM,0.6,4.708333333333333,3.0,0,19
engr1,BLU,MIM,0.1,BIM,0.7,4.708333333333333,3.0,0,19
engr1,BLU,MIM,0.1,BIM,0.8,4.708333333333333,3.0,0,19
engr1,BLU,MIM,0.1,BIM,0.9,4.708333333333333,3.0,0,19
engr1,BLU,MIM,0.1,BIM,1.0,4.708333333333333,3.0,0,19
engr1,HTC,MIM,0.1,BIM,0.1,3.3333333333333335,3.0,0,11
engr1,HTC,MIM,0.1,BIM,0.2,3.5,3.0,0,10
engr1,HTC,MIM,0.1,BIM,0.3,3.7083333333333335,2.5,0,10
engr1,HTC,MIM,0.1,BIM,0.4,3.5833333333333335,2.5,0,10
engr1,HTC,MIM,0.1,BIM,0.5,3.5833333333333335,2.5,0,10
engr1,HTC,MIM,0.1,BIM,0.6,3.5833333333333335,2.5,0,10
engr1,HTC,MIM,0.1,BIM,0.7,3.5833333333333335,2.5,0,10
engr1,HTC,MIM,0.1,BIM,0.8,3.5833333333333335,2.5,0,10
engr1,HTC,MIM,0.1,BIM,0.9,3.5833333333333335,2.5,0,10
engr1,HTC,MIM,0.1,BIM,1.0,3.5833333333333335,2.5,0,10
engr1,LG,MIM,0.1,BIM,0.1,2.9583333333333335,2.0,0,10
engr1,LG,MIM,0.1,BIM,0.2,3.0,3.0,0,10
engr1,LG,MIM,0.1,BIM,0.3,3.4791666666666665,3.0,0,10
engr1,LG,MIM,0.1,BIM,0.4,3.4166666666666665,3.0,0,10
engr1,LG,MIM,0.1,BIM,0.5,3.4166666666666665,3.0,0,10
engr1,LG,MIM,0.1,BIM,0.6,3.4166666666666665,3.0,0,10
engr1,LG,MIM,0.1,BIM,0.7,3.4166666666666665,3.0,0,10
engr1,LG,MIM,0.1,BIM,0.8,3.4166666666666665,3.0,0,10
engr1,LG,MIM,0.1,BIM,0.9,3.4166666666666665,3.0,0,10
engr1,LG,MIM,0.1,BIM,1.0,3.4166666666666665,3.0,0,10
engr1,MOTO,MIM,0.1,BIM,0.1,2.1041666666666665,2.0,0,9
engr1,MOTO,MIM,0.1,BIM,0.2,2.5625,2.0,0,17
engr1,MOTO,MIM,0.1,BIM,0.3,2.6041666666666665,2.0,0,17
engr1,MOTO,MIM,0.1,BIM,0.4,2.6041666666666665,2.0,0,17
engr1,MOTO,MIM,0.1,BIM,0.5,2.6041666666666665,2.0,0,17
engr1,MOTO,MIM,0.1,BIM,0.6,2.6041666666666665,2.0,0,17
engr1,MOTO,MIM,0.1,BIM,0.7,2.6041666666666665,2.0,0,17
engr1,MOTO,MIM,0.1,BIM,0.8,2.6041666666666665,2.0,0,17
engr1,MOTO,MIM,0.1,BIM,0.9,2.6041666666666665,2.0,0,17
engr1,MOTO,MIM,0.1,BIM,1.0,2.6041666666666665,2.0,0,17
engr1,OP3,MIM,0.1,BIM,0.1,0.7708333333333334,0.0,0,7
engr1,OP3,MIM,0.1,BIM,0.2,1.4375,0.0,0,10
engr1,OP3,MIM,0.1,BIM,0.3,1.3125,0.0,0,16
engr1,OP3,MIM,0.1,BIM,0.4,1.4583333333333333,0.0,0,16
engr1,OP3,MIM,0.1,BIM,0.5,1.4583333333333333,0.0,0,16
engr1,OP3,MIM,0.1,BIM,0.6,1.4583333333333333,0.0,0,16
engr1,OP3,MIM,0.1,BIM,0.7,1.4583333333333333,0.0,0,16
engr1,OP3,MIM,0.1,BIM,0.8,1.4583333333333333,0.0,0,16
engr1,OP3,MIM,0.1,BIM,0.9,1.4583333333333333,0.0,0,16
engr1,OP3,MIM,0.1,BIM,1.0,1.4583333333333333,0.0,0,16
engr1,S7,MIM,0.1,BIM,0.1,2.3333333333333335,2.0,0,7
engr1,S7,MIM,0.1,BIM,0.2,2.5,2.0,0,10
engr1,S7,MIM,0.1,BIM,0.3,2.4375,2.0,0,8
engr1,S7,MIM,0.1,BIM,0.4,2.4375,2.0,0,8
engr1,S7,MIM,0.1,BIM,0.5,2.4375,2.0,0,8
engr1,S7,MIM,0.1,BIM,0.6,2.4375,2.0,0,8
engr1,S7,MIM,0.1,BIM,0.7,2.4375,2.0,0,8
engr1,S7,MIM,0.1,BIM,0.8,2.4375,2.0,0,8
engr1,S7,MIM,0.1,BIM,0.9,2.4375,2.0,0,8
engr1,S7,MIM,0.1,BIM,1.0,2.4375,2.0,0,8
engr1,BLU,MIM,0.2,BIM,0.1,4.208333333333333,3.0,0,12
engr1,BLU,MIM,0.2,BIM,0.2,4.625,4.0,0,14
engr1,BLU,MIM,0.2,BIM,0.3,4.625,4.0,0,14
engr1,BLU,MIM,0.2,BIM,0.4,4.625,4.0,0,14
engr1,BLU,MIM,0.2,BIM,0.5,4.625,4.0,0,14
engr1,BLU,MIM,0.2,BIM,0.6,4.625,4.0,0,14
engr1,BLU,MIM,0.2,BIM,0.7,4.625,4.0,0,14
engr1,BLU,MIM,0.2,BIM,0.8,4.625,4.0,0,14
engr1,BLU,MIM,0.2,BIM,0.9,4.625,4.0,0,14
engr1,BLU,MIM,0.2,BIM,1.0,4.625,4.0,0,14
engr1,HTC,MIM,0.2,BIM,0.1,3.3541666666666665,3.0,0,10
engr1,HTC,MIM,0.2,BIM,0.2,3.8125,4.0,0,11
engr1,HTC,MIM,0.2,BIM,0.3,3.7708333333333335,4.0,0,11
engr1,HTC,MIM,0.2,BIM,0.4,3.6875,3.5,0,11
engr1,HTC,MIM,0.2,BIM,0.5,3.6875,3.5,0,11
engr1,HTC,MIM,0.2,BIM,0.6,3.6875,3.5,0,11
engr1,HTC,MIM,0.2,BIM,0.7,3.6875,3.5,0,11
engr1,HTC,MIM,0.2,BIM,0.8,3.6875,3.5,0,11
engr1,HTC,MIM,0.2,BIM,0.9,3.6875,3.5,0,11
engr1,HTC,MIM,0.2,BIM,1.0,3.6875,3.5,0,11
engr1,LG,MIM,0.2,BIM,0.1,4.416666666666667,3.0,0,16
engr1,LG,MIM,0.2,BIM,0.2,3.75,2.5,0,16
engr1,LG,MIM,0.2,BIM,0.3,4.291666666666667,3.0,0,16
engr1,LG,MIM,0.2,BIM,0.4,4.604166666666667,4.0,0,16
engr1,LG,MIM,0.2,BIM,0.5,4.604166666666667,4.0,0,16
engr1,LG,MIM,0.2,BIM,0.6,4.604166666666667,4.0,0,16
engr1,LG,MIM,0.2,BIM,0.7,4.604166666666667,4.0,0,16
engr1,LG,MIM,0.2,BIM,0.8,4.604166666666667,4.0,0,16
engr1,LG,MIM,0.2,BIM,0.9,4.604166666666667,4.0,0,16
engr1,LG,MIM,0.2,BIM,1.0,4.604166666666667,4.0,0,16
engr1,MOTO,MIM,0.2,BIM,0.1,2.3125,1.0,0,17
engr1,MOTO,MIM,0.2,BIM,0.2,2.8958333333333335,2.0,0,17
engr1,MOTO,MIM,0.2,BIM,0.3,3.0416666666666665,2.0,0,17
engr1,MOTO,MIM,0.2,BIM,0.4,2.9375,2.0,0,17
engr1,MOTO,MIM,0.2,BIM,0.5,2.9375,2.0,0,17
engr1,MOTO,MIM,0.2,BIM,0.6,2.9375,2.0,0,17
engr1,MOTO,MIM,0.2,BIM,0.7,2.9375,2.0,0,17
engr1,MOTO,MIM,0.2,BIM,0.8,2.9375,2.0,0,17
engr1,MOTO,MIM,0.2,BIM,0.9,2.9375,2.0,0,17
engr1,MOTO,MIM,0.2,BIM,1.0,2.9375,2.0,0,17
engr1,OP3,MIM,0.2,BIM,0.1,1.0833333333333333,0.0,0,6
engr1,OP3,MIM,0.2,BIM,0.2,1.2916666666666667,0.0,0,10
engr1,OP3,MIM,0.2,BIM,0.3,1.2916666666666667,0.0,0,16
engr1,OP3,MIM,0.2,BIM,0.4,1.2916666666666667,0.0,0,16
engr1,OP3,MIM,0.2,BIM,0.5,1.2916666666666667,0.0,0,16
engr1,OP3,MIM,0.2,BIM,0.6,1.2916666666666667,0.0,0,16
engr1,OP3,MIM,0.2,BIM,0.7,1.2916666666666667,0.0,0,16
engr1,OP3,MIM,0.2,BIM,0.8,1.2916666666666667,0.0,0,16
engr1,OP3,MIM,0.2,BIM,0.9,1.2916666666666667,0.0,0,16
engr1,OP3,MIM,0.2,BIM,1.0,1.2916666666666667,0.0,0,16
engr1,S7,MIM,0.2,BIM,0.1,2.8125,2.5,0,8
engr1,S7,MIM,0.2,BIM,0.2,2.625,2.0,0,8
engr1,S7,MIM,0.2,BIM,0.3,3.0,3.0,0,8
engr1,S7,MIM,0.2,BIM,0.4,3.0416666666666665,3.0,0,8
engr1,S7,MIM,0.2,BIM,0.5,3.0416666666666665,3.0,0,8
engr1,S7,MIM,0.2,BIM,0.6,3.0416666666666665,3.0,0,8
engr1,S7,MIM,0.2,BIM,0.7,3.0416666666666665,3.0,0,8
engr1,S7,MIM,0.2,BIM,0.8,3.0416666666666665,3.0,0,8
engr1,S7,MIM,0.2,BIM,0.9,3.0416666666666665,3.0,0,8
engr1,S7,MIM,0.2,BIM,1.0,3.0416666666666665,3.0,0,8
engr1,BLU,MIM,0.3,BIM,0.1,3.7708333333333335,3.0,0,11
engr1,BLU,MIM,0.3,BIM,0.2,5.75,4.5,0,24
engr1,BLU,MIM,0.3,BIM,0.3,5.75,4.5,0,24
engr1,BLU,MIM,0.3,BIM,0.4,5.75,4.5,0,24
engr1,BLU,MIM,0.3,BIM,0.5,5.75,4.5,0,24
engr1,BLU,MIM,0.3,BIM,0.6,5.75,4.5,0,24
engr1,BLU,MIM,0.3,BIM,0.7,5.75,4.5,0,24
engr1,BLU,MIM,0.3,BIM,0.8,5.75,4.5,0,24
engr1,BLU,MIM,0.3,BIM,0.9,5.75,4.5,0,24
engr1,BLU,MIM,0.3,BIM,1.0,5.75,4.5,0,24
engr1,HTC,MIM,0.3,BIM,0.1,3.2291666666666665,3.0,0,9
engr1,HTC,MIM,0.3,BIM,0.2,3.5208333333333335,3.0,0,11
engr1,HTC,MIM,0.3,BIM,0.3,3.6875,3.0,0,11
engr1,HTC,MIM,0.3,BIM,0.4,3.4791666666666665,3.0,0,11
engr1,HTC,MIM,0.3,BIM,0.5,3.4791666666666665,3.0,0,11
engr1,HTC,MIM,0.3,BIM,0.6,3.4791666666666665,3.0,0,11
engr1,HTC,MIM,0.3,BIM,0.7,3.4791666666666665,3.0,0,11
engr1,HTC,MIM,0.3,BIM,0.8,3.4791666666666665,3.0,0,11
engr1,HTC,MIM,0.3,BIM,0.9,3.4791666666666665,3.0,0,11
engr1,HTC,MIM,0.3,BIM,1.0,3.4791666666666665,3.0,0,11
engr1,LG,MIM,0.3,BIM,0.1,4.020833333333333,3.0,0,16
engr1,LG,MIM,0.3,BIM,0.2,3.9166666666666665,2.5,0,16
engr1,LG,MIM,0.3,BIM,0.3,4.458333333333333,3.0,0,16
engr1,LG,MIM,0.3,BIM,0.4,4.0625,2.5,0,16
engr1,LG,MIM,0.3,BIM,0.5,4.0625,2.5,0,16
engr1,LG,MIM,0.3,BIM,0.6,4.0625,2.5,0,16
engr1,LG,MIM,0.3,BIM,0.7,4.0625,2.5,0,16
engr1,LG,MIM,0.3,BIM,0.8,4.0625,2.5,0,16
engr1,LG,MIM,0.3,BIM,0.9,4.0625,2.5,0,16
engr1,LG,MIM,0.3,BIM,1.0,4.0625,2.5,0,16
engr1,MOTO,MIM,0.3,BIM,0.1,2.625,2.0,0,23
engr1,MOTO,MIM,0.3,BIM,0.2,2.1666666666666665,2.0,0,8
engr1,MOTO,MIM,0.3,BIM,0.3,2.4166666666666665,2.0,0,8
engr1,MOTO,MIM,0.3,BIM,0.4,2.4375,2.0,0,8
engr1,MOTO,MIM,0.3,BIM,0.5,2.4375,2.0,0,8
engr1,MOTO,MIM,0.3,BIM,0.6,2.4375,2.0,0,8
engr1,MOTO,MIM,0.3,BIM,0.7,2.4375,2.0,0,8
engr1,MOTO,MIM,0.3,BIM,0.8,2.4375,2.0,0,8
engr1,MOTO,MIM,0.3,BIM,0.9,2.4375,2.0,0,8
engr1,MOTO,MIM,0.3,BIM,1.0,2.4375,2.0,0,8
engr1,OP3,MIM,0.3,BIM,0.1,0.8125,0.0,0,8
engr1,OP3,MIM,0.3,BIM,0.2,1.125,0.0,0,8
engr1,OP3,MIM,0.3,BIM,0.3,1.2083333333333333,0.0,0,14
engr1,OP3,MIM,0.3,BIM,0.4,1.2083333333333333,0.0,0,14
engr1,OP3,MIM,0.3,BIM,0.5,1.2083333333333333,0.0,0,14
engr1,OP3,MIM,0.3,BIM,0.6,1.2083333333333333,0.0,0,14
engr1,OP3,MIM,0.3,BIM,0.7,1.2083333333333333,0.0,0,14
engr1,OP3,MIM,0.3,BIM,0.8,1.2083333333333333,0.0,0,14
engr1,OP3,MIM,0.3,BIM,0.9,1.2083333333333333,0.0,0,14
engr1,OP3,MIM,0.3,BIM,1.0,1.2083333333333333,0.0,0,14
engr1,S7,MIM,0.3,BIM,0.1,2.3958333333333335,2.0,0,10
engr1,S7,MIM,0.3,BIM,0.2,2.7916666666666665,2.0,0,10
engr1,S7,MIM,0.3,BIM,0.3,2.7291666666666665,2.0,0,10
engr1,S7,MIM,0.3,BIM,0.4,2.7291666666666665,2.0,0,10
engr1,S7,MIM,0.3,BIM,0.5,2.7291666666666665,2.0,0,10
engr1,S7,MIM,0.3,BIM,0.6,2.7291666666666665,2.0,0,10
engr1,S7,MIM,0.3,BIM,0.7,2.7291666666666665,2.0,0,10
engr1,S7,MIM,0.3,BIM,0.8,2.7291666666666665,2.0,0,10
engr1,S7,MIM,0.3,BIM,0.9,2.7291666666666665,2.0,0,10
engr1,S7,MIM,0.3,BIM,1.0,2.7291666666666665,2.0,0,10
engr1,BLU,MIM,0.4,BIM,0.1,5.5625,4.0,0,21
engr1,BLU,MIM,0.4,BIM,0.2,7.1875,5.0,0,24
engr1,BLU,MIM,0.4,BIM,0.3,7.1875,5.0,0,24
engr1,BLU,MIM,0.4,BIM,0.4,7.1875,5.0,0,24
engr1,BLU,MIM,0.4,BIM,0.5,7.1875,5.0,0,24
engr1,BLU,MIM,0.4,BIM,0.6,7.1875,5.0,0,24
engr1,BLU,MIM,0.4,BIM,0.7,7.1875,5.0,0,24
engr1,BLU,MIM,0.4,BIM,0.8,7.1875,5.0,0,24
engr1,BLU,MIM,0.4,BIM,0.9,7.1875,5.0,0,24
engr1,BLU,MIM,0.4,BIM,1.0,7.1875,5.0,0,24
engr1,HTC,MIM,0.4,BIM,0.1,2.6666666666666665,2.0,0,11
engr1,HTC,MIM,0.4,BIM,0.2,3.0833333333333335,2.0,0,11
engr1,HTC,MIM,0.4,BIM,0.3,3.0208333333333335,2.0,0,11
engr1,HTC,MIM,0.4,BIM,0.4,2.9583333333333335,2.0,0,11
engr1,HTC,MIM,0.4,BIM,0.5,2.9583333333333335,2.0,0,11
engr1,HTC,MIM,0.4,BIM,0.6,2.9583333333333335,2.0,0,11
engr1,HTC,MIM,0.4,BIM,0.7,2.9583333333333335,2.0,0,11
engr1,HTC,MIM,0.4,BIM,0.8,2.9583333333333335,2.0,0,11
engr1,HTC,MIM,0.4,BIM,0.9,2.9583333333333335,2.0,0,11
engr1,HTC,MIM,0.4,BIM,1.0,2.9583333333333335,2.0,0,11
engr1,LG,MIM,0.4,BIM,0.1,3.3125,2.0,0,14
engr1,LG,MIM,0.4,BIM,0.2,3.5208333333333335,2.5,0,14
engr1,LG,MIM,0.4,BIM,0.3,3.7291666666666665,3.0,0,14
engr1,LG,MIM,0.4,BIM,0.4,3.8333333333333335,3.0,0,14
engr1,LG,MIM,0.4,BIM,0.5,3.8333333333333335,3.0,0,14
engr1,LG,MIM,0.4,BIM,0.6,3.8333333333333335,3.0,0,14
engr1,LG,MIM,0.4,BIM,0.7,3.8333333333333335,3.0,0,14
engr1,LG,MIM,0.4,BIM,0.8,3.8333333333333335,3.0,0,14
engr1,LG,MIM,0.4,BIM,0.9,3.8333333333333335,3.0,0,14
engr1,LG,MIM,0.4,BIM,1.0,3.8333333333333335,3.0,0,14
engr1,MOTO,MIM,0.4,BIM,0.1,2.3333333333333335,2.0,0,7
engr1,MOTO,MIM,0.4,BIM,0.2,2.125,2.0,0,8
engr1,MOTO,MIM,0.4,BIM,0.3,2.1666666666666665,2.0,0,8
engr1,MOTO,MIM,0.4,BIM,0.4,2.1666666666666665,2.0,0,8
engr1,MOTO,MIM,0.4,BIM,0.5,2.1666666666666665,2.0,0,8
engr1,MOTO,MIM,0.4,BIM,0.6,2.1666666666666665,2.0,0,8
engr1,MOTO,MIM,0.4,BIM,0.7,2.1666666666666665,2.0,0,8
engr1,MOTO,MIM,0.4,BIM,0.8,2.1666666666666665,2.0,0,8
engr1,MOTO,MIM,0.4,BIM,0.9,2.1666666666666665,2.0,0,8
engr1,MOTO,MIM,0.4,BIM,1.0,2.1666666666666665,2.0,0,8
engr1,OP3,MIM,0.4,BIM,0.1,0.6875,0.0,0,5
engr1,OP3,MIM,0.4,BIM,0.2,1.0625,0.0,0,10
engr1,OP3,MIM,0.4,BIM,0.3,1.0416666666666667,0.0,0,10
engr1,OP3,MIM,0.4,BIM,0.4,1.0416666666666667,0.0,0,10
engr1,OP3,MIM,0.4,BIM,0.5,1.0416666666666667,0.0,0,10
engr1,OP3,MIM,0.4,BIM,0.6,1.0416666666666667,0.0,0,10
engr1,OP3,MIM,0.4,BIM,0.7,1.0416666666666667,0.0,0,10
engr1,OP3,MIM,0.4,BIM,0.8,1.0416666666666667,0.0,0,10
engr1,OP3,MIM,0.4,BIM,0.9,1.0416666666666667,0.0,0,10
engr1,OP3,MIM,0.4,BIM,1.0,1.0416666666666667,0.0,0,10
engr1,S7,MIM,0.4,BIM,0.1,2.5,2.0,0,8
engr1,S7,MIM,0.4,BIM,0.2,2.625,2.0,0,8
engr1,S7,MIM,0.4,BIM,0.3,2.625,2.0,0,8
engr1,S7,MIM,0.4,BIM,0.4,2.625,2.0,0,8
engr1,S7,MIM,0.4,BIM,0.5,2.625,2.0,0,8
engr1,S7,MIM,0.4,BIM,0.6,2.625,2.0,0,8
engr1,S7,MIM,0.4,BIM,0.7,2.625,2.0,0,8
engr1,S7,MIM,0.4,BIM,0.8,2.625,2.0,0,8
engr1,S7,MIM,0.4,BIM,0.9,2.625,2.0,0,8
engr1,S7,MIM,0.4,BIM,1.0,2.625,2.0,0,8
engr1,BLU,MIM,0.5,BIM,0.1,5.5625,4.0,0,21
engr1,BLU,MIM,0.5,BIM,0.2,7.1875,5.0,0,24
engr1,BLU,MIM,0.5,BIM,0.3,7.1875,5.0,0,24
engr1,BLU,MIM,0.5,BIM,0.4,7.1875,5.0,0,24
engr1,BLU,MIM,0.5,BIM,0.5,7.1875,5.0,0,24
engr1,BLU,MIM,0.5,BIM,0.6,7.1875,5.0,0,24
engr1,BLU,MIM,0.5,BIM,0.7,7.1875,5.0,0,24
engr1,BLU,MIM,0.5,BIM,0.8,7.1875,5.0,0,24
engr1,BLU,MIM,0.5,BIM,0.9,7.1875,5.0,0,24
engr1,BLU,MIM,0.5,BIM,1.0,7.1875,5.0,0,24
engr1,HTC,MIM,0.5,BIM,0.1,2.6666666666666665,2.0,0,11
engr1,HTC,MIM,0.5,BIM,0.2,3.0833333333333335,2.0,0,11
engr1,HTC,MIM,0.5,BIM,0.3,3.0208333333333335,2.0,0,11
engr1,HTC,MIM,0.5,BIM,0.4,2.9583333333333335,2.0,0,11
engr1,HTC,MIM,0.5,BIM,0.5,2.9583333333333335,2.0,0,11
engr1,HTC,MIM,0.5,BIM,0.6,2.9583333333333335,2.0,0,11
engr1,HTC,MIM,0.5,BIM,0.7,2.9583333333333335,2.0,0,11
engr1,HTC,MIM,0.5,BIM,0.8,2.9583333333333335,2.0,0,11
engr1,HTC,MIM,0.5,BIM,0.9,2.9583333333333335,2.0,0,11
engr1,HTC,MIM,0.5,BIM,1.0,2.9583333333333335,2.0,0,11
engr1,LG,MIM,0.5,BIM,0.1,3.3125,2.0,0,14
engr1,LG,MIM,0.5,BIM,0.2,3.5208333333333335,2.5,0,14
engr1,LG,MIM,0.5,BIM,0.3,3.7291666666666665,3.0,0,14
engr1,LG,MIM,0.5,BIM,0.4,3.8333333333333335,3.0,0,14
engr1,LG,MIM,0.5,BIM,0.5,3.8333333333333335,3.0,0,14
engr1,LG,MIM,0.5,BIM,0.6,3.8333333333333335,3.0,0,14
engr1,LG,MIM,0.5,BIM,0.7,3.8333333333333335,3.0,0,14
engr1,LG,MIM,0.5,BIM,0.8,3.8333333333333335,3.0,0,14
engr1,LG,MIM,0.5,BIM,0.9,3.8333333333333335,3.0,0,14
engr1,LG,MIM,0.5,BIM,1.0,3.8333333333333335,3.0,0,14
engr1,MOTO,MIM,0.5,BIM,0.1,2.3333333333333335,2.0,0,7
engr1,MOTO,MIM,0.5,BIM,0.2,2.125,2.0,0,8
engr1,MOTO,MIM,0.5,BIM,0.3,2.1666666666666665,2.0,0,8
engr1,MOTO,MIM,0.5,BIM,0.4,2.1666666666666665,2.0,0,8
engr1,MOTO,MIM,0.5,BIM,0.5,2.1666666666666665,2.0,0,8
engr1,MOTO,MIM,0.5,BIM,0.6,2.1666666666666665,2.0,0,8
engr1,MOTO,MIM,0.5,BIM,0.7,2.1666666666666665,2.0,0,8
engr1,MOTO,MIM,0.5,BIM,0.8,2.1666666666666665,2.0,0,8
engr1,MOTO,MIM,0.5,BIM,0.9,2.1666666666666665,2.0,0,8
engr1,MOTO,MIM,0.5,BIM,1.0,2.1666666666666665,2.0,0,8
engr1,OP3,MIM,0.5,BIM,0.1,0.6875,0.0,0,5
engr1,OP3,MIM,0.5,BIM,0.2,1.0625,0.0,0,10
engr1,OP3,MIM,0.5,BIM,0.3,1.0416666666666667,0.0,0,10
engr1,OP3,MIM,0.5,BIM,0.4,1.0416666666666667,0.0,0,10
engr1,OP3,MIM,0.5,BIM,0.5,1.0416666666666667,0.0,0,10
engr1,OP3,MIM,0.5,BIM,0.6,1.0416666666666667,0.0,0,10
engr1,OP3,MIM,0.5,BIM,0.7,1.0416666666666667,0.0,0,10
engr1,OP3,MIM,0.5,BIM,0.8,1.0416666666666667,0.0,0,10
engr1,OP3,MIM,0.5,BIM,0.9,1.0416666666666667,0.0,0,10
engr1,OP3,MIM,0.5,BIM,1.0,1.0416666666666667,0.0,0,10
engr1,S7,MIM,0.5,BIM,0.1,2.5,2.0,0,8
engr1,S7,MIM,0.5,BIM,0.2,2.625,2.0,0,8
engr1,S7,MIM,0.5,BIM,0.3,2.625,2.0,0,8
engr1,S7,MIM,0.5,BIM,0.4,2.625,2.0,0,8
engr1,S7,MIM,0.5,BIM,0.5,2.625,2.0,0,8
engr1,S7,MIM,0.5,BIM,0.6,2.625,2.0,0,8
engr1,S7,MIM,0.5,BIM,0.7,2.625,2.0,0,8
engr1,S7,MIM,0.5,BIM,0.8,2.625,2.0,0,8
engr1,S7,MIM,0.5,BIM,0.9,2.625,2.0,0,8
engr1,S7,MIM,0.5,BIM,1.0,2.625,2.0,0,8
engr1,BLU,MIM,0.6,BIM,0.1,5.5625,4.0,0,21
engr1,BLU,MIM,0.6,BIM,0.2,7.1875,5.0,0,24
engr1,BLU,MIM,0.6,BIM,0.3,7.1875,5.0,0,24
engr1,BLU,MIM,0.6,BIM,0.4,7.1875,5.0,0,24
engr1,BLU,MIM,0.6,BIM,0.5,7.1875,5.0,0,24
engr1,BLU,MIM,0.6,BIM,0.6,7.1875,5.0,0,24
engr1,BLU,MIM,0.6,BIM,0.7,7.1875,5.0,0,24
engr1,BLU,MIM,0.6,BIM,0.8,7.1875,5.0,0,24
engr1,BLU,MIM,0.6,BIM,0.9,7.1875,5.0,0,24
engr1,BLU,MIM,0.6,BIM,1.0,7.1875,5.0,0,24
engr1,HTC,MIM,0.6,BIM,0.1,2.6666666666666665,2.0,0,11
engr1,HTC,MIM,0.6,BIM,0.2,3.0833333333333335,2.0,0,11
engr1,HTC,MIM,0.6,BIM,0.3,3.0208333333333335,2.0,0,11
engr1,HTC,MIM,0.6,BIM,0.4,2.9583333333333335,2.0,0,11
engr1,HTC,MIM,0.6,BIM,0.5,2.9583333333333335,2.0,0,11
engr1,HTC,MIM,0.6,BIM,0.6,2.9583333333333335,2.0,0,11
engr1,HTC,MIM,0.6,BIM,0.7,2.9583333333333335,2.0,0,11
engr1,HTC,MIM,0.6,BIM,0.8,2.9583333333333335,2.0,0,11
engr1,HTC,MIM,0.6,BIM,0.9,2.9583333333333335,2.0,0,11
engr1,HTC,MIM,0.6,BIM,1.0,2.9583333333333335,2.0,0,11
engr1,LG,MIM,0.6,BIM,0.1,3.3125,2.0,0,14
engr1,LG,MIM,0.6,BIM,0.2,3.5208333333333335,2.5,0,14
engr1,LG,MIM,0.6,BIM,0.3,3.7291666666666665,3.0,0,14
engr1,LG,MIM,0.6,BIM,0.4,3.8333333333333335,3.0,0,14
engr1,LG,MIM,0.6,BIM,0.5,3.8333333333333335,3.0,0,14
engr1,LG,MIM,0.6,BIM,0.6,3.8333333333333335,3.0,0,14
engr1,LG,MIM,0.6,BIM,0.7,3.8333333333333335,3.0,0,14
engr1,LG,MIM,0.6,BIM,0.8,3.8333333333333335,3.0,0,14
engr1,LG,MIM,0.6,BIM,0.9,3.8333333333333335,3.0,0,14
engr1,LG,MIM,0.6,BIM,1.0,3.8333333333333335,3.0,0,14
engr1,MOTO,MIM,0.6,BIM,0.1,2.3333333333333335,2.0,0,7
engr1,MOTO,MIM,0.6,BIM,0.2,2.125,2.0,0,8
engr1,MOTO,MIM,0.6,BIM,0.3,2.1666666666666665,2.0,0,8
engr1,MOTO,MIM,0.6,BIM,0.4,2.1666666666666665,2.0,0,8
engr1,MOTO,MIM,0.6,BIM,0.5,2.1666666666666665,2.0,0,8
engr1,MOTO,MIM,0.6,BIM,0.6,2.1666666666666665,2.0,0,8
engr1,MOTO,MIM,0.6,BIM,0.7,2.1666666666666665,2.0,0,8
engr1,MOTO,MIM,0.6,BIM,0.8,2.1666666666666665,2.0,0,8
engr1,MOTO,MIM,0.6,BIM,0.9,2.1666666666666665,2.0,0,8
engr1,MOTO,MIM,0.6,BIM,1.0,2.1666666666666665,2.0,0,8
engr1,OP3,MIM,0.6,BIM,0.1,0.6875,0.0,0,5
engr1,OP3,MIM,0.6,BIM,0.2,1.0625,0.0,0,10
engr1,OP3,MIM,0.6,BIM,0.3,1.0416666666666667,0.0,0,10
engr1,OP3,MIM,0.6,BIM,0.4,1.0416666666666667,0.0,0,10
engr1,OP3,MIM,0.6,BIM,0.5,1.0416666666666667,0.0,0,10
engr1,OP3,MIM,0.6,BIM,0.6,1.0416666666666667,0.0,0,10
engr1,OP3,MIM,0.6,BIM,0.7,1.0416666666666667,0.0,0,10
engr1,OP3,MIM,0.6,BIM,0.8,1.0416666666666667,0.0,0,10
engr1,OP3,MIM,0.6,BIM,0.9,1.0416666666666667,0.0,0,10
engr1,OP3,MIM,0.6,BIM,1.0,1.0416666666666667,0.0,0,10
engr1,S7,MIM,0.6,BIM,0.1,2.5,2.0,0,8
engr1,S7,MIM,0.6,BIM,0.2,2.625,2.0,0,8
engr1,S7,MIM,0.6,BIM,0.3,2.625,2.0,0,8
engr1,S7,MIM,0.6,BIM,0.4,2.625,2.0,0,8
engr1,S7,MIM,0.6,BIM,0.5,2.625,2.0,0,8
engr1,S7,MIM,0.6,BIM,0.6,2.625,2.0,0,8
engr1,S7,MIM,0.6,BIM,0.7,2.625,2.0,0,8
engr1,S7,MIM,0.6,BIM,0.8,2.625,2.0,0,8
engr1,S7,MIM,0.6,BIM,0.9,2.625,2.0,0,8
engr1,S7,MIM,0.6,BIM,1.0,2.625,2.0,0,8
engr1,BLU,MIM,0.7,BIM,0.1,5.5625,4.0,0,21
engr1,BLU,MIM,0.7,BIM,0.2,7.1875,5.0,0,24
engr1,BLU,MIM,0.7,BIM,0.3,7.1875,5.0,0,24
engr1,BLU,MIM,0.7,BIM,0.4,7.1875,5.0,0,24
engr1,BLU,MIM,0.7,BIM,0.5,7.1875,5.0,0,24
engr1,BLU,MIM,0.7,BIM,0.6,7.1875,5.0,0,24
engr1,BLU,MIM,0.7,BIM,0.7,7.1875,5.0,0,24
engr1,BLU,MIM,0.7,BIM,0.8,7.1875,5.0,0,24
engr1,BLU,MIM,0.7,BIM,0.9,7.1875,5.0,0,24
engr1,BLU,MIM,0.7,BIM,1.0,7.1875,5.0,0,24
engr1,HTC,MIM,0.7,BIM,0.1,2.6666666666666665,2.0,0,11
engr1,HTC,MIM,0.7,BIM,0.2,3.0833333333333335,2.0,0,11
engr1,HTC,MIM,0.7,BIM,0.3,3.0208333333333335,2.0,0,11
engr1,HTC,MIM,0.7,BIM,0.4,2.9583333333333335,2.0,0,11
engr1,HTC,MIM,0.7,BIM,0.5,2.9583333333333335,2.0,0,11
engr1,HTC,MIM,0.7,BIM,0.6,2.9583333333333335,2.0,0,11
engr1,HTC,MIM,0.7,BIM,0.7,2.9583333333333335,2.0,0,11
engr1,HTC,MIM,0.7,BIM,0.8,2.9583333333333335,2.0,0,11
engr1,HTC,MIM,0.7,BIM,0.9,2.9583333333333335,2.0,0,11
engr1,HTC,MIM,0.7,BIM,1.0,2.9583333333333335,2.0,0,11
engr1,LG,MIM,0.7,BIM,0.1,3.3125,2.0,0,14
engr1,LG,MIM,0.7,BIM,0.2,3.5208333333333335,2.5,0,14
engr1,LG,MIM,0.7,BIM,0.3,3.7291666666666665,3.0,0,14
engr1,LG,MIM,0.7,BIM,0.4,3.8333333333333335,3.0,0,14
engr1,LG,MIM,0.7,BIM,0.5,3.8333333333333335,3.0,0,14
engr1,LG,MIM,0.7,BIM,0.6,3.8333333333333335,3.0,0,14
engr1,LG,MIM,0.7,BIM,0.7,3.8333333333333335,3.0,0,14
engr1,LG,MIM,0.7,BIM,0.8,3.8333333333333335,3.0,0,14
engr1,LG,MIM,0.7,BIM,0.9,3.8333333333333335,3.0,0,14
engr1,LG,MIM,0.7,BIM,1.0,3.8333333333333335,3.0,0,14
engr1,MOTO,MIM,0.7,BIM,0.1,2.3333333333333335,2.0,0,7
engr1,MOTO,MIM,0.7,BIM,0.2,2.125,2.0,0,8
engr1,MOTO,MIM,0.7,BIM,0.3,2.1666666666666665,2.0,0,8
engr1,MOTO,MIM,0.7,BIM,0.4,2.1666666666666665,2.0,0,8
engr1,MOTO,MIM,0.7,BIM,0.5,2.1666666666666665,2.0,0,8
engr1,MOTO,MIM,0.7,BIM,0.6,2.1666666666666665,2.0,0,8
engr1,MOTO,MIM,0.7,BIM,0.7,2.1666666666666665,2.0,0,8
engr1,MOTO,MIM,0.7,BIM,0.8,2.1666666666666665,2.0,0,8
engr1,MOTO,MIM,0.7,BIM,0.9,2.1666666666666665,2.0,0,8
engr1,MOTO,MIM,0.7,BIM,1.0,2.1666666666666665,2.0,0,8
engr1,OP3,MIM,0.7,BIM,0.1,0.6875,0.0,0,5
engr1,OP3,MIM,0.7,BIM,0.2,1.0625,0.0,0,10
engr1,OP3,MIM,0.7,BIM,0.3,1.0416666666666667,0.0,0,10
engr1,OP3,MIM,0.7,BIM,0.4,1.0416666666666667,0.0,0,10
engr1,OP3,MIM,0.7,BIM,0.5,1.0416666666666667,0.0,0,10
engr1,OP3,MIM,0.7,BIM,0.6,1.0416666666666667,0.0,0,10
engr1,OP3,MIM,0.7,BIM,0.7,1.0416666666666667,0.0,0,10
engr1,OP3,MIM,0.7,BIM,0.8,1.0416666666666667,0.0,0,10
engr1,OP3,MIM,0.7,BIM,0.9,1.0416666666666667,0.0,0,10
engr1,OP3,MIM,0.7,BIM,1.0,1.0416666666666667,0.0,0,10
engr1,S7,MIM,0.7,BIM,0.1,2.5,2.0,0,8
engr1,S7,MIM,0.7,BIM,0.2,2.625,2.0,0,8
engr1,S7,MIM,0.7,BIM,0.3,2.625,2.0,0,8
engr1,S7,MIM,0.7,BIM,0.4,2.625,2.0,0,8
engr1,S7,MIM,0.7,BIM,0.5,2.625,2.0,0,8
engr1,S7,MIM,0.7,BIM,0.6,2.625,2.0,0,8
engr1,S7,MIM,0.7,BIM,0.7,2.625,2.0,0,8
engr1,S7,MIM,0.7,BIM,0.8,2.625,2.0,0,8
engr1,S7,MIM,0.7,BIM,0.9,2.625,2.0,0,8
engr1,S7,MIM,0.7,BIM,1.0,2.625,2.0,0,8
engr1,BLU,MIM,0.8,BIM,0.1,5.5625,4.0,0,21
engr1,BLU,MIM,0.8,BIM,0.2,7.1875,5.0,0,24
engr1,BLU,MIM,0.8,BIM,0.3,7.1875,5.0,0,24
engr1,BLU,MIM,0.8,BIM,0.4,7.1875,5.0,0,24
engr1,BLU,MIM,0.8,BIM,0.5,7.1875,5.0,0,24
engr1,BLU,MIM,0.8,BIM,0.6,7.1875,5.0,0,24
engr1,BLU,MIM,0.8,BIM,0.7,7.1875,5.0,0,24
engr1,BLU,MIM,0.8,BIM,0.8,7.1875,5.0,0,24
engr1,BLU,MIM,0.8,BIM,0.9,7.1875,5.0,0,24
engr1,BLU,MIM,0.8,BIM,1.0,7.1875,5.0,0,24
engr1,HTC,MIM,0.8,BIM,0.1,2.6666666666666665,2.0,0,11
engr1,HTC,MIM,0.8,BIM,0.2,3.0833333333333335,2.0,0,11
engr1,HTC,MIM,0.8,BIM,0.3,3.0208333333333335,2.0,0,11
engr1,HTC,MIM,0.8,BIM,0.4,2.9583333333333335,2.0,0,11
engr1,HTC,MIM,0.8,BIM,0.5,2.9583333333333335,2.0,0,11
engr1,HTC,MIM,0.8,BIM,0.6,2.9583333333333335,2.0,0,11
engr1,HTC,MIM,0.8,BIM,0.7,2.9583333333333335,2.0,0,11
engr1,HTC,MIM,0.8,BIM,0.8,2.9583333333333335,2.0,0,11
engr1,HTC,MIM,0.8,BIM,0.9,2.9583333333333335,2.0,0,11
engr1,HTC,MIM,0.8,BIM,1.0,2.9583333333333335,2.0,0,11
engr1,LG,MIM,0.8,BIM,0.1,3.3125,2.0,0,14
engr1,LG,MIM,0.8,BIM,0.2,3.5208333333333335,2.5,0,14
engr1,LG,MIM,0.8,BIM,0.3,3.7291666666666665,3.0,0,14
engr1,LG,MIM,0.8,BIM,0.4,3.8333333333333335,3.0,0,14
engr1,LG,MIM,0.8,BIM,0.5,3.8333333333333335,3.0,0,14
engr1,LG,MIM,0.8,BIM,0.6,3.8333333333333335,3.0,0,14
engr1,LG,MIM,0.8,BIM,0.7,3.8333333333333335,3.0,0,14
engr1,LG,MIM,0.8,BIM,0.8,3.8333333333333335,3.0,0,14
engr1,LG,MIM,0.8,BIM,0.9,3.8333333333333335,3.0,0,14
engr1,LG,MIM,0.8,BIM,1.0,3.8333333333333335,3.0,0,14
engr1,MOTO,MIM,0.8,BIM,0.1,2.3333333333333335,2.0,0,7
engr1,MOTO,MIM,0.8,BIM,0.2,2.125,2.0,0,8
engr1,MOTO,MIM,0.8,BIM,0.3,2.1666666666666665,2.0,0,8
engr1,MOTO,MIM,0.8,BIM,0.4,2.1666666666666665,2.0,0,8
engr1,MOTO,MIM,0.8,BIM,0.5,2.1666666666666665,2.0,0,8
engr1,MOTO,MIM,0.8,BIM,0.6,2.1666666666666665,2.0,0,8
engr1,MOTO,MIM,0.8,BIM,0.7,2.1666666666666665,2.0,0,8
engr1,MOTO,MIM,0.8,BIM,0.8,2.1666666666666665,2.0,0,8
engr1,MOTO,MIM,0.8,BIM,0.9,2.1666666666666665,2.0,0,8
engr1,MOTO,MIM,0.8,BIM,1.0,2.1666666666666665,2.0,0,8
engr1,OP3,MIM,0.8,BIM,0.1,0.6875,0.0,0,5
engr1,OP3,MIM,0.8,BIM,0.2,1.0625,0.0,0,10
engr1,OP3,MIM,0.8,BIM,0.3,1.0416666666666667,0.0,0,10
engr1,OP3,MIM,0.8,BIM,0.4,1.0416666666666667,0.0,0,10
engr1,OP3,MIM,0.8,BIM,0.5,1.0416666666666667,0.0,0,10
engr1,OP3,MIM,0.8,BIM,0.6,1.0416666666666667,0.0,0,10
engr1,OP3,MIM,0.8,BIM,0.7,1.0416666666666667,0.0,0,10
engr1,OP3,MIM,0.8,BIM,0.8,1.0416666666666667,0.0,0,10
engr1,OP3,MIM,0.8,BIM,0.9,1.0416666666666667,0.0,0,10
engr1,OP3,MIM,0.8,BIM,1.0,1.0416666666666667,0.0,0,10
engr1,S7,MIM,0.8,BIM,0.1,2.5,2.0,0,8
engr1,S7,MIM,0.8,BIM,0.2,2.625,2.0,0,8
engr1,S7,MIM,0.8,BIM,0.3,2.625,2.0,0,8
engr1,S7,MIM,0.8,BIM,0.4,2.625,2.0,0,8
engr1,S7,MIM,0.8,BIM,0.5,2.625,2.0,0,8
engr1,S7,MIM,0.8,BIM,0.6,2.625,2.0,0,8
engr1,S7,MIM,0.8,BIM,0.7,2.625,2.0,0,8
engr1,S7,MIM,0.8,BIM,0.8,2.625,2.0,0,8
engr1,S7,MIM,0.8,BIM,0.9,2.625,2.0,0,8
engr1,S7,MIM,0.8,BIM,1.0,2.625,2.0,0,8
engr1,BLU,MIM,0.9,BIM,0.1,5.5625,4.0,0,21
engr1,BLU,MIM,0.9,BIM,0.2,7.1875,5.0,0,24
engr1,BLU,MIM,0.9,BIM,0.3,7.1875,5.0,0,24
engr1,BLU,MIM,0.9,BIM,0.4,7.1875,5.0,0,24
engr1,BLU,MIM,0.9,BIM,0.5,7.1875,5.0,0,24
engr1,BLU,MIM,0.9,BIM,0.6,7.1875,5.0,0,24
engr1,BLU,MIM,0.9,BIM,0.7,7.1875,5.0,0,24
engr1,BLU,MIM,0.9,BIM,0.8,7.1875,5.0,0,24
engr1,BLU,MIM,0.9,BIM,0.9,7.1875,5.0,0,24
engr1,BLU,MIM,0.9,BIM,1.0,7.1875,5.0,0,24
engr1,HTC,MIM,0.9,BIM,0.1,2.6666666666666665,2.0,0,11
engr1,HTC,MIM,0.9,BIM,0.2,3.0833333333333335,2.0,0,11
engr1,HTC,MIM,0.9,BIM,0.3,3.0208333333333335,2.0,0,11
engr1,HTC,MIM,0.9,BIM,0.4,2.9583333333333335,2.0,0,11
engr1,HTC,MIM,0.9,BIM,0.5,2.9583333333333335,2.0,0,11
engr1,HTC,MIM,0.9,BIM,0.6,2.9583333333333335,2.0,0,11
engr1,HTC,MIM,0.9,BIM,0.7,2.9583333333333335,2.0,0,11
engr1,HTC,MIM,0.9,BIM,0.8,2.9583333333333335,2.0,0,11
engr1,HTC,MIM,0.9,BIM,0.9,2.9583333333333335,2.0,0,11
engr1,HTC,MIM,0.9,BIM,1.0,2.9583333333333335,2.0,0,11
engr1,LG,MIM,0.9,BIM,0.1,3.3125,2.0,0,14
engr1,LG,MIM,0.9,BIM,0.2,3.5208333333333335,2.5,0,14
engr1,LG,MIM,0.9,BIM,0.3,3.7291666666666665,3.0,0,14
engr1,LG,MIM,0.9,BIM,0.4,3.8333333333333335,3.0,0,14
engr1,LG,MIM,0.9,BIM,0.5,3.8333333333333335,3.0,0,14
engr1,LG,MIM,0.9,BIM,0.6,3.8333333333333335,3.0,0,14
engr1,LG,MIM,0.9,BIM,0.7,3.8333333333333335,3.0,0,14
engr1,LG,MIM,0.9,BIM,0.8,3.8333333333333335,3.0,0,14
engr1,LG,MIM,0.9,BIM,0.9,3.8333333333333335,3.0,0,14
engr1,LG,MIM,0.9,BIM,1.0,3.8333333333333335,3.0,0,14
engr1,MOTO,MIM,0.9,BIM,0.1,2.3333333333333335,2.0,0,7
engr1,MOTO,MIM,0.9,BIM,0.2,2.125,2.0,0,8
engr1,MOTO,MIM,0.9,BIM,0.3,2.1666666666666665,2.0,0,8
engr1,MOTO,MIM,0.9,BIM,0.4,2.1666666666666665,2.0,0,8
engr1,MOTO,MIM,0.9,BIM,0.5,2.1666666666666665,2.0,0,8
engr1,MOTO,MIM,0.9,BIM,0.6,2.1666666666666665,2.0,0,8
engr1,MOTO,MIM,0.9,BIM,0.7,2.1666666666666665,2.0,0,8
engr1,MOTO,MIM,0.9,BIM,0.8,2.1666666666666665,2.0,0,8
engr1,MOTO,MIM,0.9,BIM,0.9,2.1666666666666665,2.0,0,8
engr1,MOTO,MIM,0.9,BIM,1.0,2.1666666666666665,2.0,0,8
engr1,OP3,MIM,0.9,BIM,0.1,0.6875,0.0,0,5
engr1,OP3,MIM,0.9,BIM,0.2,1.0625,0.0,0,10
engr1,OP3,MIM,0.9,BIM,0.3,1.0416666666666667,0.0,0,10
engr1,OP3,MIM,0.9,BIM,0.4,1.0416666666666667,0.0,0,10
engr1,OP3,MIM,0.9,BIM,0.5,1.0416666666666667,0.0,0,10
engr1,OP3,MIM,0.9,BIM,0.6,1.0416666666666667,0.0,0,10
engr1,OP3,MIM,0.9,BIM,0.7,1.0416666666666667,0.0,0,10
engr1,OP3,MIM,0.9,BIM,0.8,1.0416666666666667,0.0,0,10
engr1,OP3,MIM,0.9,BIM,0.9,1.0416666666666667,0.0,0,10
engr1,OP3,MIM,0.9,BIM,1.0,1.0416666666666667,0.0,0,10
engr1,S7,MIM,0.9,BIM,0.1,2.5,2.0,0,8
engr1,S7,MIM,0.9,BIM,0.2,2.625,2.0,0,8
engr1,S7,MIM,0.9,BIM,0.3,2.625,2.0,0,8
engr1,S7,MIM,0.9,BIM,0.4,2.625,2.0,0,8
engr1,S7,MIM,0.9,BIM,0.5,2.625,2.0,0,8
engr1,S7,MIM,0.9,BIM,0.6,2.625,2.0,0,8
engr1,S7,MIM,0.9,BIM,0.7,2.625,2.0,0,8
engr1,S7,MIM,0.9,BIM,0.8,2.625,2.0,0,8
engr1,S7,MIM,0.9,BIM,0.9,2.625,2.0,0,8
engr1,S7,MIM,0.9,BIM,1.0,2.625,2.0,0,8
engr1,BLU,MIM,1.0,BIM,0.1,5.5625,4.0,0,21
engr1,BLU,MIM,1.0,BIM,0.2,7.1875,5.0,0,24
engr1,BLU,MIM,1.0,BIM,0.3,7.1875,5.0,0,24
engr1,BLU,MIM,1.0,BIM,0.4,7.1875,5.0,0,24
engr1,BLU,MIM,1.0,BIM,0.5,7.1875,5.0,0,24
engr1,BLU,MIM,1.0,BIM,0.6,7.1875,5.0,0,24
engr1,BLU,MIM,1.0,BIM,0.7,7.1875,5.0,0,24
engr1,BLU,MIM,1.0,BIM,0.8,7.1875,5.0,0,24
engr1,BLU,MIM,1.0,BIM,0.9,7.1875,5.0,0,24
engr1,BLU,MIM,1.0,BIM,1.0,7.1875,5.0,0,24
engr1,HTC,MIM,1.0,BIM,0.1,2.6666666666666665,2.0,0,11
engr1,HTC,MIM,1.0,BIM,0.2,3.0833333333333335,2.0,0,11
engr1,HTC,MIM,1.0,BIM,0.3,3.0208333333333335,2.0,0,11
engr1,HTC,MIM,1.0,BIM,0.4,2.9583333333333335,2.0,0,11
engr1,HTC,MIM,1.0,BIM,0.5,2.9583333333333335,2.0,0,11
engr1,HTC,MIM,1.0,BIM,0.6,2.9583333333333335,2.0,0,11
engr1,HTC,MIM,1.0,BIM,0.7,2.9583333333333335,2.0,0,11
engr1,HTC,MIM,1.0,BIM,0.8,2.9583333333333335,2.0,0,11
engr1,HTC,MIM,1.0,BIM,0.9,2.9583333333333335,2.0,0,11
engr1,HTC,MIM,1.0,BIM,1.0,2.9583333333333335,2.0,0,11
engr1,LG,MIM,1.0,BIM,0.1,3.3125,2.0,0,14
engr1,LG,MIM,1.0,BIM,0.2,3.5208333333333335,2.5,0,14
engr1,LG,MIM,1.0,BIM,0.3,3.7291666666666665,3.0,0,14
engr1,LG,MIM,1.0,BIM,0.4,3.8333333333333335,3.0,0,14
engr1,LG,MIM,1.0,BIM,0.5,3.8333333333333335,3.0,0,14
engr1,LG,MIM,1.0,BIM,0.6,3.8333333333333335,3.0,0,14
engr1,LG,MIM,1.0,BIM,0.7,3.8333333333333335,3.0,0,14
engr1,LG,MIM,1.0,BIM,0.8,3.8333333333333335,3.0,0,14
engr1,LG,MIM,1.0,BIM,0.9,3.8333333333333335,3.0,0,14
engr1,LG,MIM,1.0,BIM,1.0,3.8333333333333335,3.0,0,14
engr1,MOTO,MIM,1.0,BIM,0.1,2.3333333333333335,2.0,0,7
engr1,MOTO,MIM,1.0,BIM,0.2,2.125,2.0,0,8
engr1,MOTO,MIM,1.0,BIM,0.3,2.1666666666666665,2.0,0,8
engr1,MOTO,MIM,1.0,BIM,0.4,2.1666666666666665,2.0,0,8
engr1,MOTO,MIM,1.0,BIM,0.5,2.1666666666666665,2.0,0,8
engr1,MOTO,MIM,1.0,BIM,0.6,2.1666666666666665,2.0,0,8
engr1,MOTO,MIM,1.0,BIM,0.7,2.1666666666666665,2.0,0,8
engr1,MOTO,MIM,1.0,BIM,0.8,2.1666666666666665,2.0,0,8
engr1,MOTO,MIM,1.0,BIM,0.9,2.1666666666666665,2.0,0,8
engr1,MOTO,MIM,1.0,BIM,1.0,2.1666666666666665,2.0,0,8
engr1,OP3,MIM,1.0,BIM,0.1,0.6875,0.0,0,5
engr1,OP3,MIM,1.0,BIM,0.2,1.0625,0.0,0,10
engr1,OP3,MIM,1.0,BIM,0.3,1.0416666666666667,0.0,0,10
engr1,OP3,MIM,1.0,BIM,0.4,1.0416666666666667,0.0,0,10
engr1,OP3,MIM,1.0,BIM,0.5,1.0416666666666667,0.0,0,10
engr1,OP3,MIM,1.0,BIM,0.6,1.0416666666666667,0.0,0,10
engr1,OP3,MIM,1.0,BIM,0.7,1.0416666666666667,0.0,0,10
engr1,OP3,MIM,1.0,BIM,0.8,1.0416666666666667,0.0,0,10
engr1,OP3,MIM,1.0,BIM,0.9,1.0416666666666667,0.0,0,10
engr1,OP3,MIM,1.0,BIM,1.0,1.0416666666666667,0.0,0,10
engr1,S7,MIM,1.0,BIM,0.1,2.5,2.0,0,8
engr1,S7,MIM,1.0,BIM,0.2,2.625,2.0,0,8
engr1,S7,MIM,1.0,BIM,0.3,2.625,2.0,0,8
engr1,S7,MIM,1.0,BIM,0.4,2.625,2.0,0,8
engr1,S7,MIM,1.0,BIM,0.5,2.625,2.0,0,8
engr1,S7,MIM,1.0,BIM,0.6,2.625,2.0,0,8
engr1,S7,MIM,1.0,BIM,0.7,2.625,2.0,0,8
engr1,S7,MIM,1.0,BIM,0.8,2.625,2.0,0,8
engr1,S7,MIM,1.0,BIM,0.9,2.625,2.0,0,8
engr1,S7,MIM,1.0,BIM,1.0,2.625,2.0,0,8
engr1,BLU,BIM,0.1,BIM,0.1,2.4583333333333335,2.0,0,9
engr1,BLU,BIM,0.1,BIM,0.2,2.4583333333333335,2.0,0,9
engr1,BLU,BIM,0.1,BIM,0.3,2.4583333333333335,2.0,0,9
engr1,BLU,BIM,0.1,BIM,0.4,2.4583333333333335,2.0,0,9
engr1,BLU,BIM,0.1,BIM,0.5,2.4583333333333335,2.0,0,9
engr1,BLU,BIM,0.1,BIM,0.6,2.4583333333333335,2.0,0,9
engr1,BLU,BIM,0.1,BIM,0.7,2.4583333333333335,2.0,0,9
engr1,BLU,BIM,0.1,BIM,0.8,2.4583333333333335,2.0,0,9
engr1,BLU,BIM,0.1,BIM,0.9,2.4583333333333335,2.0,0,9
engr1,BLU,BIM,0.1,BIM,1.0,2.4583333333333335,2.0,0,9
engr1,HTC,BIM,0.1,BIM,0.1,2.875,2.0,0,10
engr1,HTC,BIM,0.1,BIM,0.2,3.5416666666666665,2.0,0,21
engr1,HTC,BIM,0.1,BIM,0.3,3.4166666666666665,2.0,0,21
engr1,HTC,BIM,0.1,BIM,0.4,3.4166666666666665,2.0,0,21
engr1,HTC,BIM,0.1,BIM,0.5,3.4166666666666665,2.0,0,21
engr1,HTC,BIM,0.1,BIM,0.6,3.4166666666666665,2.0,0,21
engr1,HTC,BIM,0.1,BIM,0.7,3.4166666666666665,2.0,0,21
engr1,HTC,BIM,0.1,BIM,0.8,3.4166666666666665,2.0,0,21
engr1,HTC,BIM,0.1,BIM,0.9,3.4166666666666665,2.0,0,21
engr1,HTC,BIM,0.1,BIM,1.0,3.4166666666666665,2.0,0,21
engr1,LG,BIM,0.1,BIM,0.1,3.4583333333333335,2.0,0,15
engr1,LG,BIM,0.1,BIM,0.2,3.8958333333333335,2.5,0,15
engr1,LG,BIM,0.1,BIM,0.3,3.8958333333333335,2.5,0,15
engr1,LG,BIM,0.1,BIM,0.4,3.8958333333333335,2.5,0,15
engr1,LG,BIM,0.1,BIM,0.5,3.8958333333333335,2.5,0,15
engr1,LG,BIM,0.1,BIM,0.6,3.8958333333333335,2.5,0,15
engr1,LG,BIM,0.1,BIM,0.7,3.8958333333333335,2.5,0,15
engr1,LG,BIM,0.1,BIM,0.8,3.8958333333333335,2.5,0,15
engr1,LG,BIM,0.1,BIM,0.9,3.8958333333333335,2.5,0,15
engr1,LG,BIM,0.1,BIM,1.0,3.8958333333333335,2.5,0,15
engr1,MOTO,BIM,0.1,BIM,0.1,3.25,1.0,0,19
engr1,MOTO,BIM,0.1,BIM,0.2,3.2291666666666665,2.0,0,19
engr1,MOTO,BIM,0.1,BIM,0.3,3.4375,2.0,0,19
engr1,MOTO,BIM,0.1,BIM,0.4,3.4375,2.0,0,19
engr1,MOTO,BIM,0.1,BIM,0.5,3.4375,2.0,0,19
engr1,MOTO,BIM,0.1,BIM,0.6,3.4375,2.0,0,19
engr1,MOTO,BIM,0.1,BIM,0.7,3.4375,2.0,0,19
engr1,MOTO,BIM,0.1,BIM,0.8,3.4375,2.0,0,19
engr1,MOTO,BIM,0.1,BIM,0.9,3.4375,2.0,0,19
engr1,MOTO,BIM,0.1,BIM,1.0,3.4375,2.0,0,19
engr1,OP3,BIM,0.1,BIM,0.1,1.125,0.0,0,8
engr1,OP3,BIM,0.1,BIM,0.2,1.4375,0.0,0,8
engr1,OP3,BIM,0.1,BIM,0.3,1.3958333333333333,0.0,0,8
engr1,OP3,BIM,0.1,BIM,0.4,1.3958333333333333,0.0,0,8
engr1,OP3,BIM,0.1,BIM,0.5,1.3958333333333333,0.0,0,8
engr1,OP3,BIM,0.1,BIM,0.6,1.3958333333333333,0.0,0,8
engr1,OP3,BIM,0.1,BIM,0.7,1.3958333333333333,0.0,0,8
engr1,OP3,BIM,0.1,BIM,0.8,1.3958333333333333,0.0,0,8
engr1,OP3,BIM,0.1,BIM,0.9,1.3958333333333333,0.0,0,8
engr1,OP3,BIM,0.1,BIM,1.0,1.3958333333333333,0.0,0,8
engr1,S7,BIM,0.1,BIM,0.1,2.2291666666666665,2.0,0,8
engr1,S7,BIM,0.1,BIM,0.2,2.625,2.0,0,11
engr1,S7,BIM,0.1,BIM,0.3,2.4375,2.0,0,8
engr1,S7,BIM,0.1,BIM,0.4,2.4375,2.0,0,8
engr1,S7,BIM,0.1,BIM,0.5,2.4375,2.0,0,8
engr1,S7,BIM,0.1,BIM,0.6,2.4375,2.0,0,8
engr1,S7,BIM,0.1,BIM,0.7,2.4375,2.0,0,8
engr1,S7,BIM,0.1,BIM,0.8,2.4375,2.0,0,8
engr1,S7,BIM,0.1,BIM,0.9,2.4375,2.0,0,8
engr1,S7,BIM,0.1,BIM,1.0,2.4375,2.0,0,8
engr1,BLU,BIM,0.2,BIM,0.1,2.3541666666666665,2.0,0,7
engr1,BLU,BIM,0.2,BIM,0.2,2.3541666666666665,2.0,0,7
engr1,BLU,BIM,0.2,BIM,0.3,2.3541666666666665,2.0,0,7
engr1,BLU,BIM,0.2,BIM,0.4,2.3541666666666665,2.0,0,7
engr1,BLU,BIM,0.2,BIM,0.5,2.3541666666666665,2.0,0,7
engr1,BLU,BIM,0.2,BIM,0.6,2.3541666666666665,2.0,0,7
engr1,BLU,BIM,0.2,BIM,0.7,2.3541666666666665,2.0,0,7
engr1,BLU,BIM,0.2,BIM,0.8,2.3541666666666665,2.0,0,7
engr1,BLU,BIM,0.2,BIM,0.9,2.3541666666666665,2.0,0,7
engr1,BLU,BIM,0.2,BIM,1.0,2.3541666666666665,2.0,0,7
engr1,HTC,BIM,0.2,BIM,0.1,2.6666666666666665,2.0,0,10
engr1,HTC,BIM,0.2,BIM,0.2,3.0,2.0,0,15
engr1,HTC,BIM,0.2,BIM,0.3,3.0208333333333335,2.0,0,15
engr1,HTC,BIM,0.2,BIM,0.4,2.9791666666666665,2.0,0,15
engr1,HTC,BIM,0.2,BIM,0.5,2.9791666666666665,2.0,0,15
engr1,HTC,BIM,0.2,BIM,0.6,2.9791666666666665,2.0,0,15
engr1,HTC,BIM,0.2,BIM,0.7,2.9791666666666665,2.0,0,15
engr1,HTC,BIM,0.2,BIM,0.8,2.9791666666666665,2.0,0,15
engr1,HTC,BIM,0.2,BIM,0.9,2.9791666666666665,2.0,0,15
engr1,HTC,BIM,0.2,BIM,1.0,2.9791666666666665,2.0,0,15
engr1,LG,BIM,0.2,BIM,0.1,4.0625,3.0,0,17
engr1,LG,BIM,0.2,BIM,0.2,4.354166666666667,3.0,0,17
engr1,LG,BIM,0.2,BIM,0.3,4.416666666666667,3.0,0,17
engr1,LG,BIM,0.2,BIM,0.4,4.416666666666667,3.0,0,17
engr1,LG,BIM,0.2,BIM,0.5,4.416666666666667,3.0,0,17
engr1,LG,BIM,0.2,BIM,0.6,4.416666666666667,3.0,0,17
engr1,LG,BIM,0.2,BIM,0.7,4.416666666666667,3.0,0,17
engr1,LG,BIM,0.2,BIM,0.8,4.416666666666667,3.0,0,17
engr1,LG,BIM,0.2,BIM,0.9,4.416666666666667,3.0,0,17
engr1,LG,BIM,0.2,BIM,1.0,4.416666666666667,3.0,0,17
engr1,MOTO,BIM,0.2,BIM,0.1,2.9791666666666665,2.0,0,19
engr1,MOTO,BIM,0.2,BIM,0.2,3.3125,1.5,0,19
engr1,MOTO,BIM,0.2,BIM,0.3,3.3958333333333335,1.0,0,19
engr1,MOTO,BIM,0.2,BIM,0.4,3.3958333333333335,1.0,0,19
engr1,MOTO,BIM,0.2,BIM,0.5,3.3958333333333335,1.0,0,19
engr1,MOTO,BIM,0.2,BIM,0.6,3.3958333333333335,1.0,0,19
engr1,MOTO,BIM,0.2,BIM,0.7,3.3958333333333335,1.0,0,19
engr1,MOTO,BIM,0.2,BIM,0.8,3.3958333333333335,1.0,0,19
engr1,MOTO,BIM,0.2,BIM,0.9,3.3958333333333335,1.0,0,19
engr1,MOTO,BIM,0.2,BIM,1.0,3.3958333333333335,1.0,0,19
engr1,OP3,BIM,0.2,BIM,0.1,1.0,0.0,0,6
engr1,OP3,BIM,0.2,BIM,0.2,1.4791666666666667,0.0,0,20
engr1,OP3,BIM,0.2,BIM,0.3,1.5625,0.0,0,20
engr1,OP3,BIM,0.2,BIM,0.4,1.5625,0.0,0,20
engr1,OP3,BIM,0.2,BIM,0.5,1.5625,0.0,0,20
engr1,OP3,BIM,0.2,BIM,0.6,1.5625,0.0,0,20
engr1,OP3,BIM,0.2,BIM,0.7,1.5625,0.0,0,20
engr1,OP3,BIM,0.2,BIM,0.8,1.5625,0.0,0,20
engr1,OP3,BIM,0.2,BIM,0.9,1.5625,0.0,0,20
engr1,OP3,BIM,0.2,BIM,1.0,1.5625,0.0,0,20
engr1,S7,BIM,0.2,BIM,0.1,2.4166666666666665,2.0,0,8
engr1,S7,BIM,0.2,BIM,0.2,2.6041666666666665,2.0,0,16
engr1,S7,BIM,0.2,BIM,0.3,2.7083333333333335,2.0,0,16
engr1,S7,BIM,0.2,BIM,0.4,2.7083333333333335,2.0,0,16
engr1,S7,BIM,0.2,BIM,0.5,2.7083333333333335,2.0,0,16
engr1,S7,BIM,0.2,BIM,0.6,2.7083333333333335,2.0,0,16
engr1,S7,BIM,0.2,BIM,0.7,2.7083333333333335,2.0,0,16
engr1,S7,BIM,0.2,BIM,0.8,2.7083333333333335,2.0,0,16
engr1,S7,BIM,0.2,BIM,0.9,2.7083333333333335,2.0,0,16
engr1,S7,BIM,0.2,BIM,1.0,2.7083333333333335,2.0,0,16
engr1,BLU,BIM,0.3,BIM,0.1,2.0416666666666665,2.0,0,9
engr1,BLU,BIM,0.3,BIM,0.2,2.0416666666666665,2.0,0,9
engr1,BLU,BIM,0.3,BIM,0.3,2.0416666666666665,2.0,0,9
engr1,BLU,BIM,0.3,BIM,0.4,2.0416666666666665,2.0,0,9
engr1,BLU,BIM,0.3,BIM,0.5,2.0416666666666665,2.0,0,9
engr1,BLU,BIM,0.3,BIM,0.6,2.0416666666666665,2.0,0,9
engr1,BLU,BIM,0.3,BIM,0.7,2.0416666666666665,2.0,0,9
engr1,BLU,BIM,0.3,BIM,0.8,2.0416666666666665,2.0,0,9
engr1,BLU,BIM,0.3,BIM,0.9,2.0416666666666665,2.0,0,9
engr1,BLU,BIM,0.3,BIM,1.0,2.0416666666666665,2.0,0,9
engr1,HTC,BIM,0.3,BIM,0.1,2.7708333333333335,2.0,0,10
engr1,HTC,BIM,0.3,BIM,0.2,2.7291666666666665,2.0,0,11
engr1,HTC,BIM,0.3,BIM,0.3,2.5833333333333335,2.0,0,11
engr1,HTC,BIM,0.3,BIM,0.4,2.5416666666666665,2.0,0,11
engr1,HTC,BIM,0.3,BIM,0.5,2.5416666666666665,2.0,0,11
engr1,HTC,BIM,0.3,BIM,0.6,2.5416666666666665,2.0,0,11
engr1,HTC,BIM,0.3,BIM,0.7,2.5416666666666665,2.0,0,11
engr1,HTC,BIM,0.3,BIM,0.8,2.5416666666666665,2.0,0,11
engr1,HTC,BIM,0.3,BIM,0.9,2.5416666666666665,2.0,0,11
engr1,HTC,BIM,0.3,BIM,1.0,2.5416666666666665,2.0,0,11
engr1,LG,BIM,0.3,BIM,0.1,4.041666666666667,3.0,0,17
engr1,LG,BIM,0.3,BIM,0.2,4.541666666666667,3.0,0,17
engr1,LG,BIM,0.3,BIM,0.3,4.333333333333333,3.0,0,17
engr1,LG,BIM,0.3,BIM,0.4,4.333333333333333,3.0,0,17
engr1,LG,BIM,0.3,BIM,0.5,4.333333333333333,3.0,0,17
engr1,LG,BIM,0.3,BIM,0.6,4.333333333333333,3.0,0,17
engr1,LG,BIM,0.3,BIM,0.7,4.333333333333333,3.0,0,17
engr1,LG,BIM,0.3,BIM,0.8,4.333333333333333,3.0,0,17
engr1,LG,BIM,0.3,BIM,0.9,4.333333333333333,3.0,0,17
engr1,LG,BIM,0.3,BIM,1.0,4.333333333333333,3.0,0,17
engr1,MOTO,BIM,0.3,BIM,0.1,2.4375,1.0,0,19
engr1,MOTO,BIM,0.3,BIM,0.2,2.5625,1.5,0,19
engr1,MOTO,BIM,0.3,BIM,0.3,2.9375,2.0,0,19
engr1,MOTO,BIM,0.3,BIM,0.4,2.9375,2.0,0,19
engr1,MOTO,BIM,0.3,BIM,0.5,2.9375,2.0,0,19
engr1,MOTO,BIM,0.3,BIM,0.6,2.9375,2.0,0,19
engr1,MOTO,BIM,0.3,BIM,0.7,2.9375,2.0,0,19
engr1,MOTO,BIM,0.3,BIM,0.8,2.9375,2.0,0,19
engr1,MOTO,BIM,0.3,BIM,0.9,2.9375,2.0,0,19
engr1,MOTO,BIM,0.3,BIM,1.0,2.9375,2.0,0,19
engr1,OP3,BIM,0.3,BIM,0.1,0.9583333333333334,0.0,0,6
engr1,OP3,BIM,0.3,BIM,0.2,1.2083333333333333,0.0,0,8
engr1,OP3,BIM,0.3,BIM,0.3,1.2708333333333333,0.0,0,8
engr1,OP3,BIM,0.3,BIM,0.4,1.2708333333333333,0.0,0,8
engr1,OP3,BIM,0.3,BIM,0.5,1.2708333333333333,0.0,0,8
engr1,OP3,BIM,0.3,BIM,0.6,1.2708333333333333,0.0,0,8
engr1,OP3,BIM,0.3,BIM,0.7,1.2708333333333333,0.0,0,8
engr1,OP3,BIM,0.3,BIM,0.8,1.2708333333333333,0.0,0,8
engr1,OP3,BIM,0.3,BIM,0.9,1.2708333333333333,0.0,0,8
engr1,OP3,BIM,0.3,BIM,1.0,1.2708333333333333,0.0,0,8
engr1,S7,BIM,0.3,BIM,0.1,2.1458333333333335,2.0,0,8
engr1,S7,BIM,0.3,BIM,0.2,2.3125,2.0,0,8
engr1,S7,BIM,0.3,BIM,0.3,2.2916666666666665,2.0,0,8
engr1,S7,BIM,0.3,BIM,0.4,2.2916666666666665,2.0,0,8
engr1,S7,BIM,0.3,BIM,0.5,2.2916666666666665,2.0,0,8
engr1,S7,BIM,0.3,BIM,0.6,2.2916666666666665,2.0,0,8
engr1,S7,BIM,0.3,BIM,0.7,2.2916666666666665,2.0,0,8
engr1,S7,BIM,0.3,BIM,0.8,2.2916666666666665,2.0,0,8
engr1,S7,BIM,0.3,BIM,0.9,2.2916666666666665,2.0,0,8
engr1,S7,BIM,0.3,BIM,1.0,2.2916666666666665,2.0,0,8
engr1,BLU,BIM,0.4,BIM,0.1,2.3125,2.0,0,9
engr1,BLU,BIM,0.4,BIM,0.2,2.3125,2.0,0,9
engr1,BLU,BIM,0.4,BIM,0.3,2.3125,2.0,0,9
engr1,BLU,BIM,0.4,BIM,0.4,2.3125,2.0,0,9
engr1,BLU,BIM,0.4,BIM,0.5,2.3125,2.0,0,9
engr1,BLU,BIM,0.4,BIM,0.6,2.3125,2.0,0,9
engr1,BLU,BIM,0.4,BIM,0.7,2.3125,2.0,0,9
engr1,BLU,BIM,0.4,BIM,0.8,2.3125,2.0,0,9
engr1,BLU,BIM,0.4,BIM,0.9,2.3125,2.0,0,9
engr1,BLU,BIM,0.4,BIM,1.0,2.3125,2.0,0,9
engr1,HTC,BIM,0.4,BIM,0.1,2.4791666666666665,2.0,0,10
engr1,HTC,BIM,0.4,BIM,0.2,2.8125,2.0,0,15
engr1,HTC,BIM,0.4,BIM,0.3,2.8125,2.0,0,15
engr1,HTC,BIM,0.4,BIM,0.4,2.8125,2.0,0,15
engr1,HTC,BIM,0.4,BIM,0.5,2.8125,2.0,0,15
engr1,HTC,BIM,0.4,BIM,0.6,2.8125,2.0,0,15
engr1,HTC,BIM,0.4,BIM,0.7,2.8125,2.0,0,15
engr1,HTC,BIM,0.4,BIM,0.8,2.8125,2.0,0,15
engr1,HTC,BIM,0.4,BIM,0.9,2.8125,2.0,0,15
engr1,HTC,BIM,0.4,BIM,1.0,2.8125,2.0,0,15
engr1,LG,BIM,0.4,BIM,0.1,3.8333333333333335,2.0,0,17
engr1,LG,BIM,0.4,BIM,0.2,4.645833333333333,3.0,0,17
engr1,LG,BIM,0.4,BIM,0.3,4.6875,3.0,0,17
engr1,LG,BIM,0.4,BIM,0.4,4.6875,3.0,0,17
engr1,LG,BIM,0.4,BIM,0.5,4.6875,3.0,0,17
engr1,LG,BIM,0.4,BIM,0.6,4.6875,3.0,0,17
engr1,LG,BIM,0.4,BIM,0.7,4.6875,3.0,0,17
engr1,LG,BIM,0.4,BIM,0.8,4.6875,3.0,0,17
engr1,LG,BIM,0.4,BIM,0.9,4.6875,3.0,0,17
engr1,LG,BIM,0.4,BIM,1.0,4.6875,3.0,0,17
engr1,MOTO,BIM,0.4,BIM,0.1,2.5,1.0,0,19
engr1,MOTO,BIM,0.4,BIM,0.2,2.625,1.0,0,19
engr1,MOTO,BIM,0.4,BIM,0.3,3.0833333333333335,1.0,0,19
engr1,MOTO,BIM,0.4,BIM,0.4,3.0833333333333335,1.0,0,19
engr1,MOTO,BIM,0.4,BIM,0.5,3.0833333333333335,1.0,0,19
engr1,MOTO,BIM,0.4,BIM,0.6,3.0833333333333335,1.0,0,19
engr1,MOTO,BIM,0.4,BIM,0.7,3.0833333333333335,1.0,0,19
engr1,MOTO,BIM,0.4,BIM,0.8,3.0833333333333335,1.0,0,19
engr1,MOTO,BIM,0.4,BIM,0.9,3.0833333333333335,1.0,0,19
engr1,MOTO,BIM,0.4,BIM,1.0,3.0833333333333335,1.0,0,19
engr1,OP3,BIM,0.4,BIM,0.1,1.0208333333333333,0.0,0,6
engr1,OP3,BIM,0.4,BIM,0.2,1.2708333333333333,0.0,0,8
engr1,OP3,BIM,0.4,BIM,0.3,1.3958333333333333,0.0,0,8
engr1,OP3,BIM,0.4,BIM,0.4,1.3333333333333333,0.0,0,8
engr1,OP3,BIM,0.4,BIM,0.5,1.3333333333333333,0.0,0,8
engr1,OP3,BIM,0.4,BIM,0.6,1.3333333333333333,0.0,0,8
engr1,OP3,BIM,0.4,BIM,0.7,1.3333333333333333,0.0,0,8
engr1,OP3,BIM,0.4,BIM,0.8,1.3333333333333333,0.0,0,8
engr1,OP3,BIM,0.4,BIM,0.9,1.3333333333333333,0.0,0,8
engr1,OP3,BIM,0.4,BIM,1.0,1.3333333333333333,0.0,0,8
engr1,S7,BIM,0.4,BIM,0.1,2.125,2.0,0,8
engr1,S7,BIM,0.4,BIM,0.2,2.7916666666666665,2.0,0,16
engr1,S7,BIM,0.4,BIM,0.3,2.75,2.0,0,16
engr1,S7,BIM,0.4,BIM,0.4,2.75,2.0,0,16
engr1,S7,BIM,0.4,BIM,0.5,2.75,2.0,0,16
engr1,S7,BIM,0.4,BIM,0.6,2.75,2.0,0,16
engr1,S7,BIM,0.4,BIM,0.7,2.75,2.0,0,16
engr1,S7,BIM,0.4,BIM,0.8,2.75,2.0,0,16
engr1,S7,BIM,0.4,BIM,0.9,2.75,2.0,0,16
engr1,S7,BIM,0.4,BIM,1.0,2.75,2.0,0,16
engr1,BLU,BIM,0.5,BIM,0.1,2.3125,2.0,0,9
engr1,BLU,BIM,0.5,BIM,0.2,2.3125,2.0,0,9
engr1,BLU,BIM,0.5,BIM,0.3,2.3125,2.0,0,9
engr1,BLU,BIM,0.5,BIM,0.4,2.3125,2.0,0,9
engr1,BLU,BIM,0.5,BIM,0.5,2.3125,2.0,0,9
engr1,BLU,BIM,0.5,BIM,0.6,2.3125,2.0,0,9
engr1,BLU,BIM,0.5,BIM,0.7,2.3125,2.0,0,9
engr1,BLU,BIM,0.5,BIM,0.8,2.3125,2.0,0,9
engr1,BLU,BIM,0.5,BIM,0.9,2.3125,2.0,0,9
engr1,BLU,BIM,0.5,BIM,1.0,2.3125,2.0,0,9
engr1,HTC,BIM,0.5,BIM,0.1,2.4791666666666665,2.0,0,10
engr1,HTC,BIM,0.5,BIM,0.2,2.8125,2.0,0,15
engr1,HTC,BIM,0.5,BIM,0.3,2.8125,2.0,0,15
engr1,HTC,BIM,0.5,BIM,0.4,2.8125,2.0,0,15
engr1,HTC,BIM,0.5,BIM,0.5,2.8125,2.0,0,15
engr1,HTC,BIM,0.5,BIM,0.6,2.8125,2.0,0,15
engr1,HTC,BIM,0.5,BIM,0.7,2.8125,2.0,0,15
engr1,HTC,BIM,0.5,BIM,0.8,2.8125,2.0,0,15
engr1,HTC,BIM,0.5,BIM,0.9,2.8125,2.0,0,15
engr1,HTC,BIM,0.5,BIM,1.0,2.8125,2.0,0,15
engr1,LG,BIM,0.5,BIM,0.1,3.8333333333333335,2.0,0,17
engr1,LG,BIM,0.5,BIM,0.2,4.645833333333333,3.0,0,17
engr1,LG,BIM,0.5,BIM,0.3,4.6875,3.0,0,17
engr1,LG,BIM,0.5,BIM,0.4,4.6875,3.0,0,17
engr1,LG,BIM,0.5,BIM,0.5,4.6875,3.0,0,17
engr1,LG,BIM,0.5,BIM,0.6,4.6875,3.0,0,17
engr1,LG,BIM,0.5,BIM,0.7,4.6875,3.0,0,17
engr1,LG,BIM,0.5,BIM,0.8,4.6875,3.0,0,17
engr1,LG,BIM,0.5,BIM,0.9,4.6875,3.0,0,17
engr1,LG,BIM,0.5,BIM,1.0,4.6875,3.0,0,17
engr1,MOTO,BIM,0.5,BIM,0.1,2.5,1.0,0,19
engr1,MOTO,BIM,0.5,BIM,0.2,2.625,1.0,0,19
engr1,MOTO,BIM,0.5,BIM,0.3,3.0833333333333335,1.0,0,19
engr1,MOTO,BIM,0.5,BIM,0.4,3.0833333333333335,1.0,0,19
engr1,MOTO,BIM,0.5,BIM,0.5,3.0833333333333335,1.0,0,19
engr1,MOTO,BIM,0.5,BIM,0.6,3.0833333333333335,1.0,0,19
engr1,MOTO,BIM,0.5,BIM,0.7,3.0833333333333335,1.0,0,19
engr1,MOTO,BIM,0.5,BIM,0.8,3.0833333333333335,1.0,0,19
engr1,MOTO,BIM,0.5,BIM,0.9,3.0833333333333335,1.0,0,19
engr1,MOTO,BIM,0.5,BIM,1.0,3.0833333333333335,1.0,0,19
engr1,OP3,BIM,0.5,BIM,0.1,1.0208333333333333,0.0,0,6
engr1,OP3,BIM,0.5,BIM,0.2,1.2708333333333333,0.0,0,8
engr1,OP3,BIM,0.5,BIM,0.3,1.3958333333333333,0.0,0,8
engr1,OP3,BIM,0.5,BIM,0.4,1.3333333333333333,0.0,0,8
engr1,OP3,BIM,0.5,BIM,0.5,1.3333333333333333,0.0,0,8
engr1,OP3,BIM,0.5,BIM,0.6,1.3333333333333333,0.0,0,8
engr1,OP3,BIM,0.5,BIM,0.7,1.3333333333333333,0.0,0,8
engr1,OP3,BIM,0.5,BIM,0.8,1.3333333333333333,0.0,0,8
engr1,OP3,BIM,0.5,BIM,0.9,1.3333333333333333,0.0,0,8
engr1,OP3,BIM,0.5,BIM,1.0,1.3333333333333333,0.0,0,8
engr1,S7,BIM,0.5,BIM,0.1,2.125,2.0,0,8
engr1,S7,BIM,0.5,BIM,0.2,2.7916666666666665,2.0,0,16
engr1,S7,BIM,0.5,BIM,0.3,2.75,2.0,0,16
engr1,S7,BIM,0.5,BIM,0.4,2.75,2.0,0,16
engr1,S7,BIM,0.5,BIM,0.5,2.75,2.0,0,16
engr1,S7,BIM,0.5,BIM,0.6,2.75,2.0,0,16
engr1,S7,BIM,0.5,BIM,0.7,2.75,2.0,0,16
engr1,S7,BIM,0.5,BIM,0.8,2.75,2.0,0,16
engr1,S7,BIM,0.5,BIM,0.9,2.75,2.0,0,16
engr1,S7,BIM,0.5,BIM,1.0,2.75,2.0,0,16
engr1,BLU,BIM,0.6,BIM,0.1,2.3125,2.0,0,9
engr1,BLU,BIM,0.6,BIM,0.2,2.3125,2.0,0,9
engr1,BLU,BIM,0.6,BIM,0.3,2.3125,2.0,0,9
engr1,BLU,BIM,0.6,BIM,0.4,2.3125,2.0,0,9
engr1,BLU,BIM,0.6,BIM,0.5,2.3125,2.0,0,9
engr1,BLU,BIM,0.6,BIM,0.6,2.3125,2.0,0,9
engr1,BLU,BIM,0.6,BIM,0.7,2.3125,2.0,0,9
engr1,BLU,BIM,0.6,BIM,0.8,2.3125,2.0,0,9
engr1,BLU,BIM,0.6,BIM,0.9,2.3125,2.0,0,9
engr1,BLU,BIM,0.6,BIM,1.0,2.3125,2.0,0,9
engr1,HTC,BIM,0.6,BIM,0.1,2.4791666666666665,2.0,0,10
engr1,HTC,BIM,0.6,BIM,0.2,2.8125,2.0,0,15
engr1,HTC,BIM,0.6,BIM,0.3,2.8125,2.0,0,15
engr1,HTC,BIM,0.6,BIM,0.4,2.8125,2.0,0,15
engr1,HTC,BIM,0.6,BIM,0.5,2.8125,2.0,0,15
engr1,HTC,BIM,0.6,BIM,0.6,2.8125,2.0,0,15
engr1,HTC,BIM,0.6,BIM,0.7,2.8125,2.0,0,15
engr1,HTC,BIM,0.6,BIM,0.8,2.8125,2.0,0,15
engr1,HTC,BIM,0.6,BIM,0.9,2.8125,2.0,0,15
engr1,HTC,BIM,0.6,BIM,1.0,2.8125,2.0,0,15
engr1,LG,BIM,0.6,BIM,0.1,3.8333333333333335,2.0,0,17
engr1,LG,BIM,0.6,BIM,0.2,4.645833333333333,3.0,0,17
engr1,LG,BIM,0.6,BIM,0.3,4.6875,3.0,0,17
engr1,LG,BIM,0.6,BIM,0.4,4.6875,3.0,0,17
engr1,LG,BIM,0.6,BIM,0.5,4.6875,3.0,0,17
engr1,LG,BIM,0.6,BIM,0.6,4.6875,3.0,0,17
engr1,LG,BIM,0.6,BIM,0.7,4.6875,3.0,0,17
engr1,LG,BIM,0.6,BIM,0.8,4.6875,3.0,0,17
engr1,LG,BIM,0.6,BIM,0.9,4.6875,3.0,0,17
engr1,LG,BIM,0.6,BIM,1.0,4.6875,3.0,0,17
engr1,MOTO,BIM,0.6,BIM,0.1,2.5,1.0,0,19
engr1,MOTO,BIM,0.6,BIM,0.2,2.625,1.0,0,19
engr1,MOTO,BIM,0.6,BIM,0.3,3.0833333333333335,1.0,0,19
engr1,MOTO,BIM,0.6,BIM,0.4,3.0833333333333335,1.0,0,19
engr1,MOTO,BIM,0.6,BIM,0.5,3.0833333333333335,1.0,0,19
engr1,MOTO,BIM,0.6,BIM,0.6,3.0833333333333335,1.0,0,19
engr1,MOTO,BIM,0.6,BIM,0.7,3.0833333333333335,1.0,0,19
engr1,MOTO,BIM,0.6,BIM,0.8,3.0833333333333335,1.0,0,19
engr1,MOTO,BIM,0.6,BIM,0.9,3.0833333333333335,1.0,0,19
engr1,MOTO,BIM,0.6,BIM,1.0,3.0833333333333335,1.0,0,19
engr1,OP3,BIM,0.6,BIM,0.1,1.0208333333333333,0.0,0,6
engr1,OP3,BIM,0.6,BIM,0.2,1.2708333333333333,0.0,0,8
engr1,OP3,BIM,0.6,BIM,0.3,1.3958333333333333,0.0,0,8
engr1,OP3,BIM,0.6,BIM,0.4,1.3333333333333333,0.0,0,8
engr1,OP3,BIM,0.6,BIM,0.5,1.3333333333333333,0.0,0,8
engr1,OP3,BIM,0.6,BIM,0.6,1.3333333333333333,0.0,0,8
engr1,OP3,BIM,0.6,BIM,0.7,1.3333333333333333,0.0,0,8
engr1,OP3,BIM,0.6,BIM,0.8,1.3333333333333333,0.0,0,8
engr1,OP3,BIM,0.6,BIM,0.9,1.3333333333333333,0.0,0,8
engr1,OP3,BIM,0.6,BIM,1.0,1.3333333333333333,0.0,0,8
engr1,S7,BIM,0.6,BIM,0.1,2.125,2.0,0,8
engr1,S7,BIM,0.6,BIM,0.2,2.7916666666666665,2.0,0,16
engr1,S7,BIM,0.6,BIM,0.3,2.75,2.0,0,16
engr1,S7,BIM,0.6,BIM,0.4,2.75,2.0,0,16
engr1,S7,BIM,0.6,BIM,0.5,2.75,2.0,0,16
engr1,S7,BIM,0.6,BIM,0.6,2.75,2.0,0,16
engr1,S7,BIM,0.6,BIM,0.7,2.75,2.0,0,16
engr1,S7,BIM,0.6,BIM,0.8,2.75,2.0,0,16
engr1,S7,BIM,0.6,BIM,0.9,2.75,2.0,0,16
engr1,S7,BIM,0.6,BIM,1.0,2.75,2.0,0,16
engr1,BLU,BIM,0.7,BIM,0.1,2.3125,2.0,0,9
engr1,BLU,BIM,0.7,BIM,0.2,2.3125,2.0,0,9
engr1,BLU,BIM,0.7,BIM,0.3,2.3125,2.0,0,9
engr1,BLU,BIM,0.7,BIM,0.4,2.3125,2.0,0,9
engr1,BLU,BIM,0.7,BIM,0.5,2.3125,2.0,0,9
engr1,BLU,BIM,0.7,BIM,0.6,2.3125,2.0,0,9
engr1,BLU,BIM,0.7,BIM,0.7,2.3125,2.0,0,9
engr1,BLU,BIM,0.7,BIM,0.8,2.3125,2.0,0,9
engr1,BLU,BIM,0.7,BIM,0.9,2.3125,2.0,0,9
engr1,BLU,BIM,0.7,BIM,1.0,2.3125,2.0,0,9
engr1,HTC,BIM,0.7,BIM,0.1,2.4791666666666665,2.0,0,10
engr1,HTC,BIM,0.7,BIM,0.2,2.8125,2.0,0,15
engr1,HTC,BIM,0.7,BIM,0.3,2.8125,2.0,0,15
engr1,HTC,BIM,0.7,BIM,0.4,2.8125,2.0,0,15
engr1,HTC,BIM,0.7,BIM,0.5,2.8125,2.0,0,15
engr1,HTC,BIM,0.7,BIM,0.6,2.8125,2.0,0,15
engr1,HTC,BIM,0.7,BIM,0.7,2.8125,2.0,0,15
engr1,HTC,BIM,0.7,BIM,0.8,2.8125,2.0,0,15
engr1,HTC,BIM,0.7,BIM,0.9,2.8125,2.0,0,15
engr1,HTC,BIM,0.7,BIM,1.0,2.8125,2.0,0,15
engr1,LG,BIM,0.7,BIM,0.1,3.8333333333333335,2.0,0,17
engr1,LG,BIM,0.7,BIM,0.2,4.645833333333333,3.0,0,17
engr1,LG,BIM,0.7,BIM,0.3,4.6875,3.0,0,17
engr1,LG,BIM,0.7,BIM,0.4,4.6875,3.0,0,17
engr1,LG,BIM,0.7,BIM,0.5,4.6875,3.0,0,17
engr1,LG,BIM,0.7,BIM,0.6,4.6875,3.0,0,17
engr1,LG,BIM,0.7,BIM,0.7,4.6875,3.0,0,17
engr1,LG,BIM,0.7,BIM,0.8,4.6875,3.0,0,17
engr1,LG,BIM,0.7,BIM,0.9,4.6875,3.0,0,17
engr1,LG,BIM,0.7,BIM,1.0,4.6875,3.0,0,17
engr1,MOTO,BIM,0.7,BIM,0.1,2.5,1.0,0,19
engr1,MOTO,BIM,0.7,BIM,0.2,2.625,1.0,0,19
engr1,MOTO,BIM,0.7,BIM,0.3,3.0833333333333335,1.0,0,19
engr1,MOTO,BIM,0.7,BIM,0.4,3.0833333333333335,1.0,0,19
engr1,MOTO,BIM,0.7,BIM,0.5,3.0833333333333335,1.0,0,19
engr1,MOTO,BIM,0.7,BIM,0.6,3.0833333333333335,1.0,0,19
engr1,MOTO,BIM,0.7,BIM,0.7,3.0833333333333335,1.0,0,19
engr1,MOTO,BIM,0.7,BIM,0.8,3.0833333333333335,1.0,0,19
engr1,MOTO,BIM,0.7,BIM,0.9,3.0833333333333335,1.0,0,19
engr1,MOTO,BIM,0.7,BIM,1.0,3.0833333333333335,1.0,0,19
engr1,OP3,BIM,0.7,BIM,0.1,1.0208333333333333,0.0,0,6
engr1,OP3,BIM,0.7,BIM,0.2,1.2708333333333333,0.0,0,8
engr1,OP3,BIM,0.7,BIM,0.3,1.3958333333333333,0.0,0,8
engr1,OP3,BIM,0.7,BIM,0.4,1.3333333333333333,0.0,0,8
engr1,OP3,BIM,0.7,BIM,0.5,1.3333333333333333,0.0,0,8
engr1,OP3,BIM,0.7,BIM,0.6,1.3333333333333333,0.0,0,8
engr1,OP3,BIM,0.7,BIM,0.7,1.3333333333333333,0.0,0,8
engr1,OP3,BIM,0.7,BIM,0.8,1.3333333333333333,0.0,0,8
engr1,OP3,BIM,0.7,BIM,0.9,1.3333333333333333,0.0,0,8
engr1,OP3,BIM,0.7,BIM,1.0,1.3333333333333333,0.0,0,8
engr1,S7,BIM,0.7,BIM,0.1,2.125,2.0,0,8
engr1,S7,BIM,0.7,BIM,0.2,2.7916666666666665,2.0,0,16
engr1,S7,BIM,0.7,BIM,0.3,2.75,2.0,0,16
engr1,S7,BIM,0.7,BIM,0.4,2.75,2.0,0,16
engr1,S7,BIM,0.7,BIM,0.5,2.75,2.0,0,16
engr1,S7,BIM,0.7,BIM,0.6,2.75,2.0,0,16
engr1,S7,BIM,0.7,BIM,0.7,2.75,2.0,0,16
engr1,S7,BIM,0.7,BIM,0.8,2.75,2.0,0,16
engr1,S7,BIM,0.7,BIM,0.9,2.75,2.0,0,16
engr1,S7,BIM,0.7,BIM,1.0,2.75,2.0,0,16
engr1,BLU,BIM,0.8,BIM,0.1,2.3125,2.0,0,9
engr1,BLU,BIM,0.8,BIM,0.2,2.3125,2.0,0,9
engr1,BLU,BIM,0.8,BIM,0.3,2.3125,2.0,0,9
engr1,BLU,BIM,0.8,BIM,0.4,2.3125,2.0,0,9
engr1,BLU,BIM,0.8,BIM,0.5,2.3125,2.0,0,9
engr1,BLU,BIM,0.8,BIM,0.6,2.3125,2.0,0,9
engr1,BLU,BIM,0.8,BIM,0.7,2.3125,2.0,0,9
engr1,BLU,BIM,0.8,BIM,0.8,2.3125,2.0,0,9
engr1,BLU,BIM,0.8,BIM,0.9,2.3125,2.0,0,9
engr1,BLU,BIM,0.8,BIM,1.0,2.3125,2.0,0,9
engr1,HTC,BIM,0.8,BIM,0.1,2.4791666666666665,2.0,0,10
engr1,HTC,BIM,0.8,BIM,0.2,2.8125,2.0,0,15
engr1,HTC,BIM,0.8,BIM,0.3,2.8125,2.0,0,15
engr1,HTC,BIM,0.8,BIM,0.4,2.8125,2.0,0,15
engr1,HTC,BIM,0.8,BIM,0.5,2.8125,2.0,0,15
engr1,HTC,BIM,0.8,BIM,0.6,2.8125,2.0,0,15
engr1,HTC,BIM,0.8,BIM,0.7,2.8125,2.0,0,15
engr1,HTC,BIM,0.8,BIM,0.8,2.8125,2.0,0,15
engr1,HTC,BIM,0.8,BIM,0.9,2.8125,2.0,0,15
engr1,HTC,BIM,0.8,BIM,1.0,2.8125,2.0,0,15
engr1,LG,BIM,0.8,BIM,0.1,3.8333333333333335,2.0,0,17
engr1,LG,BIM,0.8,BIM,0.2,4.645833333333333,3.0,0,17
engr1,LG,BIM,0.8,BIM,0.3,4.6875,3.0,0,17
engr1,LG,BIM,0.8,BIM,0.4,4.6875,3.0,0,17
engr1,LG,BIM,0.8,BIM,0.5,4.6875,3.0,0,17
engr1,LG,BIM,0.8,BIM,0.6,4.6875,3.0,0,17
engr1,LG,BIM,0.8,BIM,0.7,4.6875,3.0,0,17
engr1,LG,BIM,0.8,BIM,0.8,4.6875,3.0,0,17
engr1,LG,BIM,0.8,BIM,0.9,4.6875,3.0,0,17
engr1,LG,BIM,0.8,BIM,1.0,4.6875,3.0,0,17
engr1,MOTO,BIM,0.8,BIM,0.1,2.5,1.0,0,19
engr1,MOTO,BIM,0.8,BIM,0.2,2.625,1.0,0,19
engr1,MOTO,BIM,0.8,BIM,0.3,3.0833333333333335,1.0,0,19
engr1,MOTO,BIM,0.8,BIM,0.4,3.0833333333333335,1.0,0,19
engr1,MOTO,BIM,0.8,BIM,0.5,3.0833333333333335,1.0,0,19
engr1,MOTO,BIM,0.8,BIM,0.6,3.0833333333333335,1.0,0,19
engr1,MOTO,BIM,0.8,BIM,0.7,3.0833333333333335,1.0,0,19
engr1,MOTO,BIM,0.8,BIM,0.8,3.0833333333333335,1.0,0,19
engr1,MOTO,BIM,0.8,BIM,0.9,3.0833333333333335,1.0,0,19
engr1,MOTO,BIM,0.8,BIM,1.0,3.0833333333333335,1.0,0,19
engr1,OP3,BIM,0.8,BIM,0.1,1.0208333333333333,0.0,0,6
engr1,OP3,BIM,0.8,BIM,0.2,1.2708333333333333,0.0,0,8
engr1,OP3,BIM,0.8,BIM,0.3,1.3958333333333333,0.0,0,8
engr1,OP3,BIM,0.8,BIM,0.4,1.3333333333333333,0.0,0,8
engr1,OP3,BIM,0.8,BIM,0.5,1.3333333333333333,0.0,0,8
engr1,OP3,BIM,0.8,BIM,0.6,1.3333333333333333,0.0,0,8
engr1,OP3,BIM,0.8,BIM,0.7,1.3333333333333333,0.0,0,8
engr1,OP3,BIM,0.8,BIM,0.8,1.3333333333333333,0.0,0,8
engr1,OP3,BIM,0.8,BIM,0.9,1.3333333333333333,0.0,0,8
engr1,OP3,BIM,0.8,BIM,1.0,1.3333333333333333,0.0,0,8
engr1,S7,BIM,0.8,BIM,0.1,2.125,2.0,0,8
engr1,S7,BIM,0.8,BIM,0.2,2.7916666666666665,2.0,0,16
engr1,S7,BIM,0.8,BIM,0.3,2.75,2.0,0,16
engr1,S7,BIM,0.8,BIM,0.4,2.75,2.0,0,16
engr1,S7,BIM,0.8,BIM,0.5,2.75,2.0,0,16
engr1,S7,BIM,0.8,BIM,0.6,2.75,2.0,0,16
engr1,S7,BIM,0.8,BIM,0.7,2.75,2.0,0,16
engr1,S7,BIM,0.8,BIM,0.8,2.75,2.0,0,16
engr1,S7,BIM,0.8,BIM,0.9,2.75,2.0,0,16
engr1,S7,BIM,0.8,BIM,1.0,2.75,2.0,0,16
engr1,BLU,BIM,0.9,BIM,0.1,2.3125,2.0,0,9
engr1,BLU,BIM,0.9,BIM,0.2,2.3125,2.0,0,9
engr1,BLU,BIM,0.9,BIM,0.3,2.3125,2.0,0,9
engr1,BLU,BIM,0.9,BIM,0.4,2.3125,2.0,0,9
engr1,BLU,BIM,0.9,BIM,0.5,2.3125,2.0,0,9
engr1,BLU,BIM,0.9,BIM,0.6,2.3125,2.0,0,9
engr1,BLU,BIM,0.9,BIM,0.7,2.3125,2.0,0,9
engr1,BLU,BIM,0.9,BIM,0.8,2.3125,2.0,0,9
engr1,BLU,BIM,0.9,BIM,0.9,2.3125,2.0,0,9
engr1,BLU,BIM,0.9,BIM,1.0,2.3125,2.0,0,9
engr1,HTC,BIM,0.9,BIM,0.1,2.4791666666666665,2.0,0,10
engr1,HTC,BIM,0.9,BIM,0.2,2.8125,2.0,0,15
engr1,HTC,BIM,0.9,BIM,0.3,2.8125,2.0,0,15
engr1,HTC,BIM,0.9,BIM,0.4,2.8125,2.0,0,15
engr1,HTC,BIM,0.9,BIM,0.5,2.8125,2.0,0,15
engr1,HTC,BIM,0.9,BIM,0.6,2.8125,2.0,0,15
engr1,HTC,BIM,0.9,BIM,0.7,2.8125,2.0,0,15
engr1,HTC,BIM,0.9,BIM,0.8,2.8125,2.0,0,15
engr1,HTC,BIM,0.9,BIM,0.9,2.8125,2.0,0,15
engr1,HTC,BIM,0.9,BIM,1.0,2.8125,2.0,0,15
engr1,LG,BIM,0.9,BIM,0.1,3.8333333333333335,2.0,0,17
engr1,LG,BIM,0.9,BIM,0.2,4.645833333333333,3.0,0,17
engr1,LG,BIM,0.9,BIM,0.3,4.6875,3.0,0,17
engr1,LG,BIM,0.9,BIM,0.4,4.6875,3.0,0,17
engr1,LG,BIM,0.9,BIM,0.5,4.6875,3.0,0,17
engr1,LG,BIM,0.9,BIM,0.6,4.6875,3.0,0,17
engr1,LG,BIM,0.9,BIM,0.7,4.6875,3.0,0,17
engr1,LG,BIM,0.9,BIM,0.8,4.6875,3.0,0,17
engr1,LG,BIM,0.9,BIM,0.9,4.6875,3.0,0,17
engr1,LG,BIM,0.9,BIM,1.0,4.6875,3.0,0,17
engr1,MOTO,BIM,0.9,BIM,0.1,2.5,1.0,0,19
engr1,MOTO,BIM,0.9,BIM,0.2,2.625,1.0,0,19
engr1,MOTO,BIM,0.9,BIM,0.3,3.0833333333333335,1.0,0,19
engr1,MOTO,BIM,0.9,BIM,0.4,3.0833333333333335,1.0,0,19
engr1,MOTO,BIM,0.9,BIM,0.5,3.0833333333333335,1.0,0,19
engr1,MOTO,BIM,0.9,BIM,0.6,3.0833333333333335,1.0,0,19
engr1,MOTO,BIM,0.9,BIM,0.7,3.0833333333333335,1.0,0,19
engr1,MOTO,BIM,0.9,BIM,0.8,3.0833333333333335,1.0,0,19
engr1,MOTO,BIM,0.9,BIM,0.9,3.0833333333333335,1.0,0,19
engr1,MOTO,BIM,0.9,BIM,1.0,3.0833333333333335,1.0,0,19
engr1,OP3,BIM,0.9,BIM,0.1,1.0208333333333333,0.0,0,6
engr1,OP3,BIM,0.9,BIM,0.2,1.2708333333333333,0.0,0,8
engr1,OP3,BIM,0.9,BIM,0.3,1.3958333333333333,0.0,0,8
engr1,OP3,BIM,0.9,BIM,0.4,1.3333333333333333,0.0,0,8
engr1,OP3,BIM,0.9,BIM,0.5,1.3333333333333333,0.0,0,8
engr1,OP3,BIM,0.9,BIM,0.6,1.3333333333333333,0.0,0,8
engr1,OP3,BIM,0.9,BIM,0.7,1.3333333333333333,0.0,0,8
engr1,OP3,BIM,0.9,BIM,0.8,1.3333333333333333,0.0,0,8
engr1,OP3,BIM,0.9,BIM,0.9,1.3333333333333333,0.0,0,8
engr1,OP3,BIM,0.9,BIM,1.0,1.3333333333333333,0.0,0,8
engr1,S7,BIM,0.9,BIM,0.1,2.125,2.0,0,8
engr1,S7,BIM,0.9,BIM,0.2,2.7916666666666665,2.0,0,16
engr1,S7,BIM,0.9,BIM,0.3,2.75,2.0,0,16
engr1,S7,BIM,0.9,BIM,0.4,2.75,2.0,0,16
engr1,S7,BIM,0.9,BIM,0.5,2.75,2.0,0,16
engr1,S7,BIM,0.9,BIM,0.6,2.75,2.0,0,16
engr1,S7,BIM,0.9,BIM,0.7,2.75,2.0,0,16
engr1,S7,BIM,0.9,BIM,0.8,2.75,2.0,0,16
engr1,S7,BIM,0.9,BIM,0.9,2.75,2.0,0,16
engr1,S7,BIM,0.9,BIM,1.0,2.75,2.0,0,16
engr1,BLU,BIM,1.0,BIM,0.1,2.3125,2.0,0,9
engr1,BLU,BIM,1.0,BIM,0.2,2.3125,2.0,0,9
engr1,BLU,BIM,1.0,BIM,0.3,2.3125,2.0,0,9
engr1,BLU,BIM,1.0,BIM,0.4,2.3125,2.0,0,9
engr1,BLU,BIM,1.0,BIM,0.5,2.3125,2.0,0,9
engr1,BLU,BIM,1.0,BIM,0.6,2.3125,2.0,0,9
engr1,BLU,BIM,1.0,BIM,0.7,2.3125,2.0,0,9
engr1,BLU,BIM,1.0,BIM,0.8,2.3125,2.0,0,9
engr1,BLU,BIM,1.0,BIM,0.9,2.3125,2.0,0,9
engr1,BLU,BIM,1.0,BIM,1.0,2.3125,2.0,0,9
engr1,HTC,BIM,1.0,BIM,0.1,2.4791666666666665,2.0,0,10
engr1,HTC,BIM,1.0,BIM,0.2,2.8125,2.0,0,15
engr1,HTC,BIM,1.0,BIM,0.3,2.8125,2.0,0,15
engr1,HTC,BIM,1.0,BIM,0.4,2.8125,2.0,0,15
engr1,HTC,BIM,1.0,BIM,0.5,2.8125,2.0,0,15
engr1,HTC,BIM,1.0,BIM,0.6,2.8125,2.0,0,15
engr1,HTC,BIM,1.0,BIM,0.7,2.8125,2.0,0,15
engr1,HTC,BIM,1.0,BIM,0.8,2.8125,2.0,0,15
engr1,HTC,BIM,1.0,BIM,0.9,2.8125,2.0,0,15
engr1,HTC,BIM,1.0,BIM,1.0,2.8125,2.0,0,15
engr1,LG,BIM,1.0,BIM,0.1,3.8333333333333335,2.0,0,17
engr1,LG,BIM,1.0,BIM,0.2,4.645833333333333,3.0,0,17
engr1,LG,BIM,1.0,BIM,0.3,4.6875,3.0,0,17
engr1,LG,BIM,1.0,BIM,0.4,4.6875,3.0,0,17
engr1,LG,BIM,1.0,BIM,0.5,4.6875,3.0,0,17
engr1,LG,BIM,1.0,BIM,0.6,4.6875,3.0,0,17
engr1,LG,BIM,1.0,BIM,0.7,4.6875,3.0,0,17
engr1,LG,BIM,1.0,BIM,0.8,4.6875,3.0,0,17
engr1,LG,BIM,1.0,BIM,0.9,4.6875,3.0,0,17
engr1,LG,BIM,1.0,BIM,1.0,4.6875,3.0,0,17
engr1,MOTO,BIM,1.0,BIM,0.1,2.5,1.0,0,19
engr1,MOTO,BIM,1.0,BIM,0.2,2.625,1.0,0,19
engr1,MOTO,BIM,1.0,BIM,0.3,3.0833333333333335,1.0,0,19
engr1,MOTO,BIM,1.0,BIM,0.4,3.0833333333333335,1.0,0,19
engr1,MOTO,BIM,1.0,BIM,0.5,3.0833333333333335,1.0,0,19
engr1,MOTO,BIM,1.0,BIM,0.6,3.0833333333333335,1.0,0,19
engr1,MOTO,BIM,1.0,BIM,0.7,3.0833333333333335,1.0,0,19
engr1,MOTO,BIM,1.0,BIM,0.8,3.0833333333333335,1.0,0,19
engr1,MOTO,BIM,1.0,BIM,0.9,3.0833333333333335,1.0,0,19
engr1,MOTO,BIM,1.0,BIM,1.0,3.0833333333333335,1.0,0,19
engr1,OP3,BIM,1.0,BIM,0.1,1.0208333333333333,0.0,0,6
engr1,OP3,BIM,1.0,BIM,0.2,1.2708333333333333,0.0,0,8
engr1,OP3,BIM,1.0,BIM,0.3,1.3958333333333333,0.0,0,8
engr1,OP3,BIM,1.0,BIM,0.4,1.3333333333333333,0.0,0,8
engr1,OP3,BIM,1.0,BIM,0.5,1.3333333333333333,0.0,0,8
engr1,OP3,BIM,1.0,BIM,0.6,1.3333333333333333,0.0,0,8
engr1,OP3,BIM,1.0,BIM,0.7,1.3333333333333333,0.0,0,8
engr1,OP3,BIM,1.0,BIM,0.8,1.3333333333333333,0.0,0,8
engr1,OP3,BIM,1.0,BIM,0.9,1.3333333333333333,0.0,0,8
engr1,OP3,BIM,1.0,BIM,1.0,1.3333333333333333,0.0,0,8
engr1,S7,BIM,1.0,BIM,0.1,2.125,2.0,0,8
engr1,S7,BIM,1.0,BIM,0.2,2.7916666666666665,2.0,0,16
engr1,S7,BIM,1.0,BIM,0.3,2.75,2.0,0,16
engr1,S7,BIM,1.0,BIM,0.4,2.75,2.0,0,16
engr1,S7,BIM,1.0,BIM,0.5,2.75,2.0,0,16
engr1,S7,BIM,1.0,BIM,0.6,2.75,2.0,0,16
engr1,S7,BIM,1.0,BIM,0.7,2.75,2.0,0,16
engr1,S7,BIM,1.0,BIM,0.8,2.75,2.0,0,16
engr1,S7,BIM,1.0,BIM,0.9,2.75,2.0,0,16
engr1,S7,BIM,1.0,BIM,1.0,2.75,2.0,0,16
