Floorplan,Device,Training Data,Training Epsilon,Attack,Inference Epsilon,Mean Error,Median Error,Min Error,Max Error
engr0,BLU,ORIGINAL,0.0,ORIGINAL,0.1,2.5081967213114753,2.0,0,9
engr0,HTC,ORIGINAL,0.0,ORIGINAL,0.1,2.6065573770491803,2.0,0,15
engr0,LG,ORIGINAL,0.0,ORIGINAL,0.1,6.19672131147541,5.0,0,21
engr0,MOTO,ORIGINAL,0.0,ORIGINAL,0.1,1.7540983606557377,1.0,0,21
engr0,OP3,ORIGINAL,0.0,ORIGINAL,0.1,0.0,0.0,0,0
engr0,S7,ORIGINAL,0.0,ORIGINAL,0.1,1.9508196721311475,1.0,0,8
engr0,BLU,SAE,0.0,ORIGINAL,0.1,2.5081967213114753,2.0,0,9
engr0,HTC,SAE,0.0,ORIGINAL,0.1,2.6065573770491803,2.0,0,15
engr0,LG,SAE,0.0,ORIGINAL,0.1,6.19672131147541,5.0,0,21
engr0,MOTO,SAE,0.0,ORIGINAL,0.1,1.7540983606557377,1.0,0,21
engr0,OP3,SAE,0.0,ORIGINAL,0.1,0.0,0.0,0,0
engr0,S7,SAE,0.0,ORIGINAL,0.1,1.9508196721311475,1.0,0,8
engr0,BLU,STACKED_SAE,0.0,ORIGINAL,0.1,2.5081967213114753,2.0,0,9
engr0,HTC,STACKED_SAE,0.0,ORIGINAL,0.1,2.6065573770491803,2.0,0,15
engr0,LG,STACKED_SAE,0.0,ORIGINAL,0.1,6.19672131147541,5.0,0,21
engr0,MOTO,STACKED_SAE,0.0,ORIGINAL,0.1,1.7540983606557377,1.0,0,21
engr0,OP3,STACKED_SAE,0.0,ORIGINAL,0.1,0.0,0.0,0,0
engr0,S7,STACKED_SAE,0.0,ORIGINAL,0.1,1.9508196721311475,1.0,0,8
engr0,BLU,GAN,0.0,ORIGINAL,0.1,2.5081967213114753,2.0,0,9
engr0,HTC,GAN,0.0,ORIGINAL,0.1,2.6065573770491803,2.0,0,15
engr0,LG,GAN,0.0,ORIGINAL,0.1,6.19672131147541,5.0,0,21
engr0,MOTO,GAN,0.0,ORIGINAL,0.1,1.7540983606557377,1.0,0,21
engr0,OP3,GAN,0.0,ORIGINAL,0.1,0.0,0.0,0,0
engr0,S7,GAN,0.0,ORIGINAL,0.1,1.9508196721311475,1.0,0,8
engr0,BLU,FGSM,0.1,FGSM,0.1,3.5081967213114753,2.0,0,18
engr0,BLU,FGSM,0.1,FGSM,0.2,12.39344262295082,10.0,0,38
engr0,BLU,FGSM,0.1,FGSM,0.3,14.557377049180328,13.0,0,41
engr0,BLU,FGSM,0.1,FGSM,0.4,16.75409836065574,15.0,0,51
engr0,BLU,FGSM,0.1,FGSM,0.5,17.016393442622952,16.0,0,51
engr0,BLU,FGSM,0.1,FGSM,0.6,17.049180327868854,16.0,0,51
engr0,BLU,FGSM,0.1,FGSM,0.7,17.049180327868854,16.0,0,51
engr0,BLU,FGSM,0.1,FGSM,0.8,17.049180327868854,16.0,0,51
engr0,BLU,FGSM,0.1,FGSM,0.9,17.049180327868854,16.0,0,51
engr0,BLU,FGSM,0.1,FGSM,1.0,17.049180327868854,16.0,0,51
engr0,HTC,FGSM,0.1,FGSM,0.1,5.639344262295082,4.0,0,20
engr0,HTC,FGSM,0.1,FGSM,0.2,12.754098360655737,12.0,1,37
engr0,HTC,FGSM,0.1,FGSM,0.3,15.78688524590164,16.0,1,42
engr0,HTC,FGSM,0.1,FGSM,0.4,16.311475409836067,16.0,1,52
engr0,HTC,FGSM,0.1,FGSM,0.5,16.83606557377049,17.0,1,54
engr0,HTC,FGSM,0.1,FGSM,0.6,16.80327868852459,17.0,1,54
engr0,HTC,FGSM,0.1,FGSM,0.7,16.80327868852459,17.0,1,54
engr0,HTC,FGSM,0.1,FGSM,0.8,16.80327868852459,17.0,1,54
engr0,HTC,FGSM,0.1,FGSM,0.9,16.80327868852459,17.0,1,54
engr0,HTC,FGSM,0.1,FGSM,1.0,16.80327868852459,17.0,1,54
engr0,LG,FGSM,0.1,FGSM,0.1,4.590163934426229,3.0,0,26
engr0,LG,FGSM,0.1,FGSM,0.2,11.508196721311476,10.0,0,38
engr0,LG,FGSM,0.1,FGSM,0.3,14.59016393442623,12.0,0,49
engr0,LG,FGSM,0.1,FGSM,0.4,17.75409836065574,17.0,0,51
engr0,LG,FGSM,0.1,FGSM,0.5,18.524590163934427,17.0,0,55
engr0,LG,FGSM,0.1,FGSM,0.6,18.491803278688526,17.0,0,55
engr0,LG,FGSM,0.1,FGSM,0.7,18.491803278688526,17.0,0,55
engr0,LG,FGSM,0.1,FGSM,0.8,18.491803278688526,17.0,0,55
engr0,LG,FGSM,0.1,FGSM,0.9,18.491803278688526,17.0,0,55
engr0,LG,FGSM,0.1,FGSM,1.0,18.491803278688526,17.0,0,55
engr0,MOTO,FGSM,0.1,FGSM,0.1,3.819672131147541,3.0,0,16
engr0,MOTO,FGSM,0.1,FGSM,0.2,11.262295081967213,8.0,0,35
engr0,MOTO,FGSM,0.1,FGSM,0.3,13.98360655737705,11.0,0,43
engr0,MOTO,FGSM,0.1,FGSM,0.4,14.540983606557377,12.0,0,44
engr0,MOTO,FGSM,0.1,FGSM,0.5,14.62295081967213,12.0,0,44
engr0,MOTO,FGSM,0.1,FGSM,0.6,14.62295081967213,12.0,0,44
engr0,MOTO,FGSM,0.1,FGSM,0.7,14.62295081967213,12.0,0,44
engr0,MOTO,FGSM,0.1,FGSM,0.8,14.62295081967213,12.0,0,44
engr0,MOTO,FGSM,0.1,FGSM,0.9,14.62295081967213,12.0,0,44
engr0,MOTO,FGSM,0.1,FGSM,1.0,14.62295081967213,12.0,0,44
engr0,OP3,FGSM,0.1,FGSM,0.1,1.819672131147541,1.0,0,11
engr0,OP3,FGSM,0.1,FGSM,0.2,14.295081967213115,12.0,0,43
engr0,OP3,FGSM,0.1,FGSM,0.3,17.39344262295082,14.0,0,51
engr0,OP3,FGSM,0.1,FGSM,0.4,19.737704918032787,18.0,0,51
engr0,OP3,FGSM,0.1,FGSM,0.5,19.42622950819672,18.0,0,47
engr0,OP3,FGSM,0.1,FGSM,0.6,20.147540983606557,19.0,0,47
engr0,OP3,FGSM,0.1,FGSM,0.7,20.147540983606557,19.0,0,47
engr0,OP3,FGSM,0.1,FGSM,0.8,20.147540983606557,19.0,0,47
engr0,OP3,FGSM,0.1,FGSM,0.9,20.147540983606557,19.0,0,47
engr0,OP3,FGSM,0.1,FGSM,1.0,20.147540983606557,19.0,0,47
engr0,S7,FGSM,0.1,FGSM,0.1,4.098360655737705,2.0,0,17
engr0,S7,FGSM,0.1,FGSM,0.2,12.245901639344263,10.0,2,39
engr0,S7,FGSM,0.1,FGSM,0.3,15.737704918032787,15.0,2,39
engr0,S7,FGSM,0.1,FGSM,0.4,18.62295081967213,18.0,2,45
engr0,S7,FGSM,0.1,FGSM,0.5,19.704918032786885,19.0,2,45
engr0,S7,FGSM,0.1,FGSM,0.6,19.721311475409838,19.0,2,45
engr0,S7,FGSM,0.1,FGSM,0.7,19.721311475409838,19.0,2,45
engr0,S7,FGSM,0.1,FGSM,0.8,19.721311475409838,19.0,2,45
engr0,S7,FGSM,0.1,FGSM,0.9,19.721311475409838,19.0,2,45
engr0,S7,FGSM,0.1,FGSM,1.0,19.721311475409838,19.0,2,45
engr0,BLU,FGSM,0.2,FGSM,0.1,6.672131147540983,5.0,0,52
engr0,BLU,FGSM,0.2,FGSM,0.2,7.114754098360656,5.0,0,34
engr0,BLU,FGSM,0.2,FGSM,0.3,15.901639344262295,13.0,0,47
engr0,BLU,FGSM,0.2,FGSM,0.4,16.78688524590164,16.0,0,47
engr0,BLU,FGSM,0.2,FGSM,0.5,17.540983606557376,16.0,1,46
engr0,BLU,FGSM,0.2,FGSM,0.6,18.131147540983605,17.0,1,46
engr0,BLU,FGSM,0.2,FGSM,0.7,17.311475409836067,17.0,0,46
engr0,BLU,FGSM,0.2,FGSM,0.8,17.311475409836067,17.0,0,46
engr0,BLU,FGSM,0.2,FGSM,0.9,17.311475409836067,17.0,0,46
engr0,BLU,FGSM,0.2,FGSM,1.0,17.311475409836067,17.0,0,46
engr0,HTC,FGSM,0.2,FGSM,0.1,6.967213114754099,5.0,0,26
engr0,HTC,FGSM,0.2,FGSM,0.2,11.180327868852459,7.0,0,42
engr0,HTC,FGSM,0.2,FGSM,0.3,16.049180327868854,15.0,0,49
engr0,HTC,FGSM,0.2,FGSM,0.4,16.983606557377048,16.0,0,54
engr0,HTC,FGSM,0.2,FGSM,0.5,17.0327868852459,16.0,0,54
engr0,HTC,FGSM,0.2,FGSM,0.6,16.918032786885245,16.0,0,54
engr0,HTC,FGSM,0.2,FGSM,0.7,17.081967213114755,16.0,0,54
engr0,HTC,FGSM,0.2,FGSM,0.8,17.081967213114755,16.0,0,54
engr0,HTC,FGSM,0.2,FGSM,0.9,17.081967213114755,16.0,0,54
engr0,HTC,FGSM,0.2,FGSM,1.0,17.081967213114755,16.0,0,54
engr0,LG,FGSM,0.2,FGSM,0.1,6.39344262295082,4.0,0,28
engr0,LG,FGSM,0.2,FGSM,0.2,6.573770491803279,5.0,0,26
engr0,LG,FGSM,0.2,FGSM,0.3,15.360655737704919,11.0,0,51
engr0,LG,FGSM,0.2,FGSM,0.4,16.721311475409838,11.0,0,53
engr0,LG,FGSM,0.2,FGSM,0.5,18.81967213114754,17.0,0,55
engr0,LG,FGSM,0.2,FGSM,0.6,18.868852459016395,17.0,0,55
engr0,LG,FGSM,0.2,FGSM,0.7,18.59016393442623,17.0,0,55
engr0,LG,FGSM,0.2,FGSM,0.8,18.59016393442623,17.0,0,55
engr0,LG,FGSM,0.2,FGSM,0.9,18.59016393442623,17.0,0,55
engr0,LG,FGSM,0.2,FGSM,1.0,18.59016393442623,17.0,0,55
engr0,MOTO,FGSM,0.2,FGSM,0.1,5.081967213114754,4.0,0,16
engr0,MOTO,FGSM,0.2,FGSM,0.2,5.557377049180328,4.0,0,17
engr0,MOTO,FGSM,0.2,FGSM,0.3,13.131147540983607,10.0,0,43
engr0,MOTO,FGSM,0.2,FGSM,0.4,13.852459016393443,11.0,0,43
engr0,MOTO,FGSM,0.2,FGSM,0.5,14.147540983606557,12.0,0,44
engr0,MOTO,FGSM,0.2,FGSM,0.6,14.147540983606557,12.0,0,44
engr0,MOTO,FGSM,0.2,FGSM,0.7,14.147540983606557,12.0,0,44
engr0,MOTO,FGSM,0.2,FGSM,0.8,14.147540983606557,12.0,0,44
engr0,MOTO,FGSM,0.2,FGSM,0.9,14.147540983606557,12.0,0,44
engr0,MOTO,FGSM,0.2,FGSM,1.0,14.147540983606557,12.0,0,44
engr0,OP3,FGSM,0.2,FGSM,0.1,5.311475409836065,4.0,0,31
engr0,OP3,FGSM,0.2,FGSM,0.2,4.639344262295082,3.0,0,34
engr0,OP3,FGSM,0.2,FGSM,0.3,16.147540983606557,12.0,0,51
engr0,OP3,FGSM,0.2,FGSM,0.4,17.524590163934427,16.0,0,51
engr0,OP3,FGSM,0.2,FGSM,0.5,17.75409836065574,15.0,0,57
engr0,OP3,FGSM,0.2,FGSM,0.6,18.065573770491802,16.0,0,57
engr0,OP3,FGSM,0.2,FGSM,0.7,18.0327868852459,16.0,0,57
engr0,OP3,FGSM,0.2,FGSM,0.8,18.0327868852459,16.0,0,57
engr0,OP3,FGSM,0.2,FGSM,0.9,18.0327868852459,16.0,0,57
engr0,OP3,FGSM,0.2,FGSM,1.0,18.0327868852459,16.0,0,57
engr0,S7,FGSM,0.2,FGSM,0.1,6.622950819672131,5.0,0,33
engr0,S7,FGSM,0.2,FGSM,0.2,6.377049180327869,4.0,0,24
engr0,S7,FGSM,0.2,FGSM,0.3,16.491803278688526,15.0,0,50
engr0,S7,FGSM,0.2,FGSM,0.4,18.688524590163933,18.0,1,50
engr0,S7,FGSM,0.2,FGSM,0.5,18.78688524590164,18.0,1,50
engr0,S7,FGSM,0.2,FGSM,0.6,18.9672131147541,18.0,1,50
engr0,S7,FGSM,0.2,FGSM,0.7,19.098360655737704,18.0,1,50
engr0,S7,FGSM,0.2,FGSM,0.8,19.098360655737704,18.0,1,50
engr0,S7,FGSM,0.2,FGSM,0.9,19.098360655737704,18.0,1,50
engr0,S7,FGSM,0.2,FGSM,1.0,19.098360655737704,18.0,1,50
engr0,BLU,FGSM,0.3,FGSM,0.1,5.311475409836065,4.0,0,21
engr0,BLU,FGSM,0.3,FGSM,0.2,8.491803278688524,6.0,0,37
engr0,BLU,FGSM,0.3,FGSM,0.3,7.081967213114754,4.0,0,25
engr0,BLU,FGSM,0.3,FGSM,0.4,12.459016393442623,10.0,0,35
engr0,BLU,FGSM,0.3,FGSM,0.5,13.0,12.0,0,46
engr0,BLU,FGSM,0.3,FGSM,0.6,13.098360655737705,12.0,0,46
engr0,BLU,FGSM,0.3,FGSM,0.7,13.278688524590164,12.0,0,46
engr0,BLU,FGSM,0.3,FGSM,0.8,13.39344262295082,12.0,0,46
engr0,BLU,FGSM,0.3,FGSM,0.9,13.39344262295082,12.0,0,46
engr0,BLU,FGSM,0.3,FGSM,1.0,13.39344262295082,12.0,0,46
engr0,HTC,FGSM,0.3,FGSM,0.1,6.0,4.0,0,39
engr0,HTC,FGSM,0.3,FGSM,0.2,7.967213114754099,5.0,0,26
engr0,HTC,FGSM,0.3,FGSM,0.3,9.278688524590164,5.0,0,32
engr0,HTC,FGSM,0.3,FGSM,0.4,10.459016393442623,8.0,0,32
engr0,HTC,FGSM,0.3,FGSM,0.5,13.245901639344263,11.0,0,40
engr0,HTC,FGSM,0.3,FGSM,0.6,14.475409836065573,11.0,0,39
engr0,HTC,FGSM,0.3,FGSM,0.7,14.360655737704919,12.0,0,41
engr0,HTC,FGSM,0.3,FGSM,0.8,14.180327868852459,12.0,0,41
engr0,HTC,FGSM,0.3,FGSM,0.9,14.180327868852459,12.0,0,41
engr0,HTC,FGSM,0.3,FGSM,1.0,14.180327868852459,12.0,0,41
engr0,LG,FGSM,0.3,FGSM,0.1,5.918032786885246,4.0,0,23
engr0,LG,FGSM,0.3,FGSM,0.2,8.475409836065573,6.0,0,35
engr0,LG,FGSM,0.3,FGSM,0.3,7.704918032786885,4.0,0,30
engr0,LG,FGSM,0.3,FGSM,0.4,13.770491803278688,11.0,0,44
engr0,LG,FGSM,0.3,FGSM,0.5,13.508196721311476,11.0,0,47
engr0,LG,FGSM,0.3,FGSM,0.6,15.131147540983607,12.0,0,47
engr0,LG,FGSM,0.3,FGSM,0.7,15.491803278688524,13.0,0,47
engr0,LG,FGSM,0.3,FGSM,0.8,14.475409836065573,12.0,0,47
engr0,LG,FGSM,0.3,FGSM,0.9,14.475409836065573,12.0,0,47
engr0,LG,FGSM,0.3,FGSM,1.0,14.475409836065573,12.0,0,47
engr0,MOTO,FGSM,0.3,FGSM,0.1,5.344262295081967,4.0,0,18
engr0,MOTO,FGSM,0.3,FGSM,0.2,7.39344262295082,5.0,0,33
engr0,MOTO,FGSM,0.3,FGSM,0.3,8.39344262295082,7.0,0,26
engr0,MOTO,FGSM,0.3,FGSM,0.4,11.737704918032787,10.0,0,44
engr0,MOTO,FGSM,0.3,FGSM,0.5,13.426229508196721,10.0,0,44
engr0,MOTO,FGSM,0.3,FGSM,0.6,13.360655737704919,10.0,0,44
engr0,MOTO,FGSM,0.3,FGSM,0.7,13.360655737704919,10.0,0,44
engr0,MOTO,FGSM,0.3,FGSM,0.8,13.60655737704918,11.0,0,44
engr0,MOTO,FGSM,0.3,FGSM,0.9,13.60655737704918,11.0,0,44
engr0,MOTO,FGSM,0.3,FGSM,1.0,13.60655737704918,11.0,0,44
engr0,OP3,FGSM,0.3,FGSM,0.1,4.852459016393443,3.0,0,17
engr0,OP3,FGSM,0.3,FGSM,0.2,6.557377049180328,4.0,0,34
engr0,OP3,FGSM,0.3,FGSM,0.3,5.245901639344262,3.0,0,34
engr0,OP3,FGSM,0.3,FGSM,0.4,14.852459016393443,12.0,0,44
engr0,OP3,FGSM,0.3,FGSM,0.5,15.852459016393443,13.0,0,44
engr0,OP3,FGSM,0.3,FGSM,0.6,16.524590163934427,13.0,0,44
engr0,OP3,FGSM,0.3,FGSM,0.7,16.262295081967213,12.0,0,44
engr0,OP3,FGSM,0.3,FGSM,0.8,16.57377049180328,13.0,0,44
engr0,OP3,FGSM,0.3,FGSM,0.9,16.57377049180328,13.0,0,44
engr0,OP3,FGSM,0.3,FGSM,1.0,16.57377049180328,13.0,0,44
engr0,S7,FGSM,0.3,FGSM,0.1,6.508196721311475,4.0,0,45
engr0,S7,FGSM,0.3,FGSM,0.2,8.721311475409836,6.0,0,34
engr0,S7,FGSM,0.3,FGSM,0.3,7.311475409836065,4.0,0,30
engr0,S7,FGSM,0.3,FGSM,0.4,13.868852459016393,11.0,0,38
engr0,S7,FGSM,0.3,FGSM,0.5,13.721311475409836,12.0,0,40
engr0,S7,FGSM,0.3,FGSM,0.6,15.918032786885245,15.0,0,40
engr0,S7,FGSM,0.3,FGSM,0.7,16.229508196721312,17.0,0,40
engr0,S7,FGSM,0.3,FGSM,0.8,15.852459016393443,15.0,0,48
engr0,S7,FGSM,0.3,FGSM,0.9,15.852459016393443,15.0,0,48
engr0,S7,FGSM,0.3,FGSM,1.0,15.852459016393443,15.0,0,48
engr0,BLU,FGSM,0.4,FGSM,0.1,6.475409836065574,5.0,0,18
engr0,BLU,FGSM,0.4,FGSM,0.2,9.032786885245901,6.0,0,26
engr0,BLU,FGSM,0.4,FGSM,0.3,8.704918032786885,5.0,0,38
engr0,BLU,FGSM,0.4,FGSM,0.4,7.065573770491803,4.0,0,52
engr0,BLU,FGSM,0.4,FGSM,0.5,8.639344262295081,6.0,0,44
engr0,BLU,FGSM,0.4,FGSM,0.6,11.754098360655737,10.0,0,44
engr0,BLU,FGSM,0.4,FGSM,0.7,12.098360655737705,11.0,0,44
engr0,BLU,FGSM,0.4,FGSM,0.8,12.37704918032787,12.0,0,44
engr0,BLU,FGSM,0.4,FGSM,0.9,11.737704918032787,9.0,0,44
engr0,BLU,FGSM,0.4,FGSM,1.0,11.737704918032787,9.0,0,44
engr0,HTC,FGSM,0.4,FGSM,0.1,5.39344262295082,4.0,0,25
engr0,HTC,FGSM,0.4,FGSM,0.2,10.754098360655737,9.0,0,35
engr0,HTC,FGSM,0.4,FGSM,0.3,9.573770491803279,8.0,0,34
engr0,HTC,FGSM,0.4,FGSM,0.4,9.901639344262295,6.0,0,39
engr0,HTC,FGSM,0.4,FGSM,0.5,10.147540983606557,6.0,0,39
engr0,HTC,FGSM,0.4,FGSM,0.6,11.147540983606557,9.0,1,38
engr0,HTC,FGSM,0.4,FGSM,0.7,11.80327868852459,10.0,0,46
engr0,HTC,FGSM,0.4,FGSM,0.8,12.754098360655737,10.0,0,46
engr0,HTC,FGSM,0.4,FGSM,0.9,12.770491803278688,10.0,0,46
engr0,HTC,FGSM,0.4,FGSM,1.0,12.770491803278688,10.0,0,46
engr0,LG,FGSM,0.4,FGSM,0.1,5.245901639344262,5.0,0,17
engr0,LG,FGSM,0.4,FGSM,0.2,8.98360655737705,6.0,0,32
engr0,LG,FGSM,0.4,FGSM,0.3,7.868852459016393,5.0,0,32
engr0,LG,FGSM,0.4,FGSM,0.4,6.311475409836065,4.0,0,25
engr0,LG,FGSM,0.4,FGSM,0.5,9.819672131147541,6.0,0,38
engr0,LG,FGSM,0.4,FGSM,0.6,9.459016393442623,7.0,0,35
engr0,LG,FGSM,0.4,FGSM,0.7,11.114754098360656,9.0,0,49
engr0,LG,FGSM,0.4,FGSM,0.8,11.737704918032787,9.0,0,49
engr0,LG,FGSM,0.4,FGSM,0.9,10.524590163934427,8.0,0,48
engr0,LG,FGSM,0.4,FGSM,1.0,10.524590163934427,8.0,0,48
engr0,MOTO,FGSM,0.4,FGSM,0.1,6.016393442622951,4.0,0,33
engr0,MOTO,FGSM,0.4,FGSM,0.2,9.934426229508198,8.0,0,41
engr0,MOTO,FGSM,0.4,FGSM,0.3,10.344262295081966,9.0,0,30
engr0,MOTO,FGSM,0.4,FGSM,0.4,10.688524590163935,8.0,0,36
engr0,MOTO,FGSM,0.4,FGSM,0.5,10.081967213114755,9.0,0,38
engr0,MOTO,FGSM,0.4,FGSM,0.6,13.01639344262295,11.0,0,44
engr0,MOTO,FGSM,0.4,FGSM,0.7,13.01639344262295,10.0,0,44
engr0,MOTO,FGSM,0.4,FGSM,0.8,12.852459016393443,11.0,0,39
engr0,MOTO,FGSM,0.4,FGSM,0.9,13.59016393442623,12.0,0,44
engr0,MOTO,FGSM,0.4,FGSM,1.0,13.59016393442623,12.0,0,44
engr0,OP3,FGSM,0.4,FGSM,0.1,7.360655737704918,6.0,0,36
engr0,OP3,FGSM,0.4,FGSM,0.2,8.278688524590164,7.0,0,36
engr0,OP3,FGSM,0.4,FGSM,0.3,8.229508196721312,5.0,0,37
engr0,OP3,FGSM,0.4,FGSM,0.4,4.950819672131147,2.0,0,34
engr0,OP3,FGSM,0.4,FGSM,0.5,9.131147540983607,6.0,0,35
engr0,OP3,FGSM,0.4,FGSM,0.6,11.295081967213115,9.0,0,44
engr0,OP3,FGSM,0.4,FGSM,0.7,12.491803278688524,8.0,0,41
engr0,OP3,FGSM,0.4,FGSM,0.8,13.901639344262295,12.0,0,41
engr0,OP3,FGSM,0.4,FGSM,0.9,14.311475409836065,12.0,0,41
engr0,OP3,FGSM,0.4,FGSM,1.0,14.311475409836065,12.0,0,41
engr0,S7,FGSM,0.4,FGSM,0.1,4.590163934426229,4.0,0,18
engr0,S7,FGSM,0.4,FGSM,0.2,10.245901639344263,9.0,0,45
engr0,S7,FGSM,0.4,FGSM,0.3,7.721311475409836,5.0,0,26
engr0,S7,FGSM,0.4,FGSM,0.4,6.311475409836065,4.0,0,26
engr0,S7,FGSM,0.4,FGSM,0.5,9.098360655737705,5.0,0,48
engr0,S7,FGSM,0.4,FGSM,0.6,12.540983606557377,10.0,1,48
engr0,S7,FGSM,0.4,FGSM,0.7,14.163934426229508,12.0,1,48
engr0,S7,FGSM,0.4,FGSM,0.8,14.163934426229508,12.0,1,48
engr0,S7,FGSM,0.4,FGSM,0.9,14.065573770491802,12.0,0,48
engr0,S7,FGSM,0.4,FGSM,1.0,14.065573770491802,12.0,0,48
engr0,BLU,FGSM,0.5,FGSM,0.1,5.836065573770492,4.0,0,21
engr0,BLU,FGSM,0.5,FGSM,0.2,9.39344262295082,7.0,0,38
engr0,BLU,FGSM,0.5,FGSM,0.3,10.245901639344263,8.0,0,33
engr0,BLU,FGSM,0.5,FGSM,0.4,7.557377049180328,4.0,0,26
engr0,BLU,FGSM,0.5,FGSM,0.5,8.0,5.0,0,48
engr0,BLU,FGSM,0.5,FGSM,0.6,9.19672131147541,7.0,0,44
engr0,BLU,FGSM,0.5,FGSM,0.7,10.37704918032787,7.0,0,31
engr0,BLU,FGSM,0.5,FGSM,0.8,10.885245901639344,8.0,0,31
engr0,BLU,FGSM,0.5,FGSM,0.9,10.885245901639344,8.0,0,31
engr0,BLU,FGSM,0.5,FGSM,1.0,10.885245901639344,8.0,0,31
engr0,HTC,FGSM,0.5,FGSM,0.1,4.508196721311475,3.0,0,17
engr0,HTC,FGSM,0.5,FGSM,0.2,10.704918032786885,7.0,0,56
engr0,HTC,FGSM,0.5,FGSM,0.3,11.098360655737705,8.0,0,32
engr0,HTC,FGSM,0.5,FGSM,0.4,9.147540983606557,6.0,0,26
engr0,HTC,FGSM,0.5,FGSM,0.5,7.098360655737705,4.0,0,26
engr0,HTC,FGSM,0.5,FGSM,0.6,9.442622950819672,7.0,0,32
engr0,HTC,FGSM,0.5,FGSM,0.7,9.672131147540984,7.0,0,27
engr0,HTC,FGSM,0.5,FGSM,0.8,10.524590163934427,8.0,0,48
engr0,HTC,FGSM,0.5,FGSM,0.9,10.524590163934427,8.0,0,48
engr0,HTC,FGSM,0.5,FGSM,1.0,10.524590163934427,8.0,0,48
engr0,LG,FGSM,0.5,FGSM,0.1,3.9836065573770494,3.0,0,13
engr0,LG,FGSM,0.5,FGSM,0.2,9.655737704918034,9.0,0,32
engr0,LG,FGSM,0.5,FGSM,0.3,9.655737704918034,6.0,0,32
engr0,LG,FGSM,0.5,FGSM,0.4,7.852459016393443,5.0,0,32
engr0,LG,FGSM,0.5,FGSM,0.5,6.885245901639344,4.0,0,31
engr0,LG,FGSM,0.5,FGSM,0.6,6.459016393442623,5.0,0,26
engr0,LG,FGSM,0.5,FGSM,0.7,8.163934426229508,6.0,1,32
engr0,LG,FGSM,0.5,FGSM,0.8,8.934426229508198,6.0,0,26
engr0,LG,FGSM,0.5,FGSM,0.9,8.885245901639344,6.0,0,26
engr0,LG,FGSM,0.5,FGSM,1.0,8.967213114754099,6.0,0,26
engr0,MOTO,FGSM,0.5,FGSM,0.1,6.098360655737705,5.0,0,46
engr0,MOTO,FGSM,0.5,FGSM,0.2,16.65573770491803,13.0,0,42
engr0,MOTO,FGSM,0.5,FGSM,0.3,24.42622950819672,24.0,0,54
engr0,MOTO,FGSM,0.5,FGSM,0.4,14.540983606557377,11.0,0,54
engr0,MOTO,FGSM,0.5,FGSM,0.5,13.0,8.0,0,56
engr0,MOTO,FGSM,0.5,FGSM,0.6,10.426229508196721,8.0,0,53
engr0,MOTO,FGSM,0.5,FGSM,0.7,22.83606557377049,16.0,0,54
engr0,MOTO,FGSM,0.5,FGSM,0.8,24.37704918032787,26.0,0,54
engr0,MOTO,FGSM,0.5,FGSM,0.9,24.42622950819672,26.0,0,54
engr0,MOTO,FGSM,0.5,FGSM,1.0,28.524590163934427,30.0,0,60
engr0,OP3,FGSM,0.5,FGSM,0.1,4.80327868852459,3.0,0,20
engr0,OP3,FGSM,0.5,FGSM,0.2,11.147540983606557,10.0,0,37
engr0,OP3,FGSM,0.5,FGSM,0.3,9.475409836065573,6.0,0,35
engr0,OP3,FGSM,0.5,FGSM,0.4,8.688524590163935,5.0,0,41
engr0,OP3,FGSM,0.5,FGSM,0.5,6.131147540983607,2.0,0,41
engr0,OP3,FGSM,0.5,FGSM,0.6,7.950819672131147,6.0,0,30
engr0,OP3,FGSM,0.5,FGSM,0.7,8.508196721311476,7.0,0,30
engr0,OP3,FGSM,0.5,FGSM,0.8,8.147540983606557,6.0,0,30
engr0,OP3,FGSM,0.5,FGSM,0.9,8.21311475409836,5.0,0,30
engr0,OP3,FGSM,0.5,FGSM,1.0,8.21311475409836,5.0,0,30
engr0,S7,FGSM,0.5,FGSM,0.1,5.721311475409836,5.0,0,20
engr0,S7,FGSM,0.5,FGSM,0.2,11.01639344262295,11.0,0,32
engr0,S7,FGSM,0.5,FGSM,0.3,10.524590163934427,8.0,0,30
engr0,S7,FGSM,0.5,FGSM,0.4,9.229508196721312,6.0,0,35
engr0,S7,FGSM,0.5,FGSM,0.5,7.049180327868853,4.0,0,35
engr0,S7,FGSM,0.5,FGSM,0.6,7.524590163934426,5.0,0,26
engr0,S7,FGSM,0.5,FGSM,0.7,9.311475409836065,6.0,0,48
engr0,S7,FGSM,0.5,FGSM,0.8,9.327868852459016,6.0,0,48
engr0,S7,FGSM,0.5,FGSM,0.9,9.262295081967213,6.0,0,48
engr0,S7,FGSM,0.5,FGSM,1.0,9.475409836065573,6.0,0,48
engr0,BLU,FGSM,0.6,FGSM,0.1,6.213114754098361,5.0,0,21
engr0,BLU,FGSM,0.6,FGSM,0.2,8.78688524590164,5.0,0,40
engr0,BLU,FGSM,0.6,FGSM,0.3,9.59016393442623,8.0,0,33
engr0,BLU,FGSM,0.6,FGSM,0.4,9.39344262295082,8.0,0,44
engr0,BLU,FGSM,0.6,FGSM,0.5,8.639344262295081,5.0,0,42
engr0,BLU,FGSM,0.6,FGSM,0.6,8.163934426229508,4.0,0,46
engr0,BLU,FGSM,0.6,FGSM,0.7,8.918032786885245,5.0,0,57
engr0,BLU,FGSM,0.6,FGSM,0.8,11.262295081967213,8.0,0,60
engr0,BLU,FGSM,0.6,FGSM,0.9,10.672131147540984,8.0,0,47
engr0,BLU,FGSM,0.6,FGSM,1.0,12.147540983606557,8.0,0,60
engr0,HTC,FGSM,0.6,FGSM,0.1,4.409836065573771,4.0,0,16
engr0,HTC,FGSM,0.6,FGSM,0.2,10.327868852459016,8.0,0,38
engr0,HTC,FGSM,0.6,FGSM,0.3,10.163934426229508,7.0,0,35
engr0,HTC,FGSM,0.6,FGSM,0.4,10.19672131147541,7.0,0,38
engr0,HTC,FGSM,0.6,FGSM,0.5,8.344262295081966,5.0,0,38
engr0,HTC,FGSM,0.6,FGSM,0.6,6.39344262295082,4.0,0,38
engr0,HTC,FGSM,0.6,FGSM,0.7,8.737704918032787,5.0,0,32
engr0,HTC,FGSM,0.6,FGSM,0.8,10.0,7.0,0,48
engr0,HTC,FGSM,0.6,FGSM,0.9,10.295081967213115,7.0,0,48
engr0,HTC,FGSM,0.6,FGSM,1.0,11.065573770491802,7.0,0,48
engr0,LG,FGSM,0.6,FGSM,0.1,3.8688524590163933,3.0,0,12
engr0,LG,FGSM,0.6,FGSM,0.2,9.098360655737705,7.0,0,32
engr0,LG,FGSM,0.6,FGSM,0.3,8.98360655737705,6.0,0,33
engr0,LG,FGSM,0.6,FGSM,0.4,9.688524590163935,6.0,0,32
engr0,LG,FGSM,0.6,FGSM,0.5,8.37704918032787,6.0,0,32
engr0,LG,FGSM,0.6,FGSM,0.6,6.475409836065574,5.0,0,31
engr0,LG,FGSM,0.6,FGSM,0.7,6.295081967213115,4.0,0,31
engr0,LG,FGSM,0.6,FGSM,0.8,9.098360655737705,6.0,0,32
engr0,LG,FGSM,0.6,FGSM,0.9,10.885245901639344,7.0,0,48
engr0,LG,FGSM,0.6,FGSM,1.0,11.442622950819672,7.0,0,58
engr0,MOTO,FGSM,0.6,FGSM,0.1,5.754098360655738,5.0,0,47
engr0,MOTO,FGSM,0.6,FGSM,0.2,15.737704918032787,12.0,0,42
engr0,MOTO,FGSM,0.6,FGSM,0.3,24.75409836065574,25.0,0,54
engr0,MOTO,FGSM,0.6,FGSM,0.4,25.524590163934427,25.0,0,54
engr0,MOTO,FGSM,0.6,FGSM,0.5,23.81967213114754,21.0,0,54
engr0,MOTO,FGSM,0.6,FGSM,0.6,19.557377049180328,13.0,0,54
engr0,MOTO,FGSM,0.6,FGSM,0.7,23.360655737704917,22.0,0,54
engr0,MOTO,FGSM,0.6,FGSM,0.8,24.62295081967213,25.0,0,54
engr0,MOTO,FGSM,0.6,FGSM,0.9,24.721311475409838,25.0,0,54
engr0,MOTO,FGSM,0.6,FGSM,1.0,25.262295081967213,26.0,0,54
engr0,OP3,FGSM,0.6,FGSM,0.1,5.622950819672131,3.0,0,31
engr0,OP3,FGSM,0.6,FGSM,0.2,9.180327868852459,6.0,0,36
engr0,OP3,FGSM,0.6,FGSM,0.3,9.62295081967213,6.0,0,35
engr0,OP3,FGSM,0.6,FGSM,0.4,9.147540983606557,5.0,0,41
engr0,OP3,FGSM,0.6,FGSM,0.5,8.655737704918034,5.0,0,41
engr0,OP3,FGSM,0.6,FGSM,0.6,6.344262295081967,2.0,0,41
engr0,OP3,FGSM,0.6,FGSM,0.7,7.590163934426229,5.0,0,25
engr0,OP3,FGSM,0.6,FGSM,0.8,8.131147540983607,5.0,0,30
engr0,OP3,FGSM,0.6,FGSM,0.9,8.065573770491802,5.0,0,34
engr0,OP3,FGSM,0.6,FGSM,1.0,8.180327868852459,5.0,0,34
engr0,S7,FGSM,0.6,FGSM,0.1,5.704918032786885,4.0,0,20
engr0,S7,FGSM,0.6,FGSM,0.2,10.934426229508198,10.0,0,32
engr0,S7,FGSM,0.6,FGSM,0.3,11.37704918032787,8.0,0,49
engr0,S7,FGSM,0.6,FGSM,0.4,10.131147540983607,7.0,0,35
engr0,S7,FGSM,0.6,FGSM,0.5,8.459016393442623,5.0,0,35
engr0,S7,FGSM,0.6,FGSM,0.6,7.39344262295082,4.0,0,35
engr0,S7,FGSM,0.6,FGSM,0.7,7.950819672131147,5.0,0,35
engr0,S7,FGSM,0.6,FGSM,0.8,10.344262295081966,7.0,0,48
engr0,S7,FGSM,0.6,FGSM,0.9,11.557377049180328,8.0,0,48
engr0,S7,FGSM,0.6,FGSM,1.0,12.721311475409836,8.0,0,59
engr0,BLU,FGSM,0.7,FGSM,0.1,6.213114754098361,5.0,0,21
engr0,BLU,FGSM,0.7,FGSM,0.2,8.78688524590164,5.0,0,40
engr0,BLU,FGSM,0.7,FGSM,0.3,9.524590163934427,6.0,0,33
engr0,BLU,FGSM,0.7,FGSM,0.4,9.59016393442623,8.0,0,44
engr0,BLU,FGSM,0.7,FGSM,0.5,9.655737704918034,8.0,0,42
engr0,BLU,FGSM,0.7,FGSM,0.6,9.131147540983607,5.0,0,46
engr0,BLU,FGSM,0.7,FGSM,0.7,8.163934426229508,4.0,0,46
engr0,BLU,FGSM,0.7,FGSM,0.8,8.508196721311476,6.0,0,27
engr0,BLU,FGSM,0.7,FGSM,0.9,11.262295081967213,8.0,0,60
engr0,BLU,FGSM,0.7,FGSM,1.0,10.688524590163935,8.0,0,47
engr0,HTC,FGSM,0.7,FGSM,0.1,4.409836065573771,4.0,0,16
engr0,HTC,FGSM,0.7,FGSM,0.2,10.327868852459016,8.0,0,38
engr0,HTC,FGSM,0.7,FGSM,0.3,11.59016393442623,8.0,0,35
engr0,HTC,FGSM,0.7,FGSM,0.4,10.245901639344263,6.0,0,38
engr0,HTC,FGSM,0.7,FGSM,0.5,10.21311475409836,7.0,0,38
engr0,HTC,FGSM,0.7,FGSM,0.6,8.21311475409836,5.0,0,38
engr0,HTC,FGSM,0.7,FGSM,0.7,6.39344262295082,4.0,0,38
engr0,HTC,FGSM,0.7,FGSM,0.8,8.754098360655737,5.0,0,32
engr0,HTC,FGSM,0.7,FGSM,0.9,10.0,7.0,0,48
engr0,HTC,FGSM,0.7,FGSM,1.0,10.442622950819672,7.0,0,48
engr0,LG,FGSM,0.7,FGSM,0.1,3.8688524590163933,3.0,0,12
engr0,LG,FGSM,0.7,FGSM,0.2,9.098360655737705,7.0,0,32
engr0,LG,FGSM,0.7,FGSM,0.3,8.918032786885245,6.0,0,33
engr0,LG,FGSM,0.7,FGSM,0.4,9.819672131147541,6.0,0,32
engr0,LG,FGSM,0.7,FGSM,0.5,9.704918032786885,6.0,0,32
engr0,LG,FGSM,0.7,FGSM,0.6,8.311475409836065,6.0,0,32
engr0,LG,FGSM,0.7,FGSM,0.7,6.475409836065574,5.0,0,31
engr0,LG,FGSM,0.7,FGSM,0.8,6.836065573770492,4.0,0,31
engr0,LG,FGSM,0.7,FGSM,0.9,9.098360655737705,6.0,0,32
engr0,LG,FGSM,0.7,FGSM,1.0,10.836065573770492,7.0,0,48
engr0,MOTO,FGSM,0.7,FGSM,0.1,5.754098360655738,5.0,0,47
engr0,MOTO,FGSM,0.7,FGSM,0.2,16.081967213114755,12.0,0,42
engr0,MOTO,FGSM,0.7,FGSM,0.3,24.75409836065574,25.0,0,54
engr0,MOTO,FGSM,0.7,FGSM,0.4,25.524590163934427,25.0,0,54
engr0,MOTO,FGSM,0.7,FGSM,0.5,25.524590163934427,25.0,0,54
engr0,MOTO,FGSM,0.7,FGSM,0.6,23.81967213114754,21.0,0,54
engr0,MOTO,FGSM,0.7,FGSM,0.7,19.557377049180328,13.0,0,54
engr0,MOTO,FGSM,0.7,FGSM,0.8,23.704918032786885,23.0,0,54
engr0,MOTO,FGSM,0.7,FGSM,0.9,24.62295081967213,25.0,0,54
engr0,MOTO,FGSM,0.7,FGSM,1.0,24.721311475409838,25.0,0,54
engr0,OP3,FGSM,0.7,FGSM,0.1,5.622950819672131,3.0,0,31
engr0,OP3,FGSM,0.7,FGSM,0.2,9.180327868852459,6.0,0,36
engr0,OP3,FGSM,0.7,FGSM,0.3,9.655737704918034,5.0,0,35
engr0,OP3,FGSM,0.7,FGSM,0.4,9.278688524590164,5.0,0,49
engr0,OP3,FGSM,0.7,FGSM,0.5,9.131147540983607,5.0,0,41
engr0,OP3,FGSM,0.7,FGSM,0.6,7.459016393442623,5.0,0,41
engr0,OP3,FGSM,0.7,FGSM,0.7,6.344262295081967,2.0,0,41
engr0,OP3,FGSM,0.7,FGSM,0.8,7.704918032786885,6.0,0,30
engr0,OP3,FGSM,0.7,FGSM,0.9,8.131147540983607,5.0,0,30
engr0,OP3,FGSM,0.7,FGSM,1.0,8.065573770491802,5.0,0,34
engr0,S7,FGSM,0.7,FGSM,0.1,5.704918032786885,4.0,0,20
engr0,S7,FGSM,0.7,FGSM,0.2,10.934426229508198,10.0,0,32
engr0,S7,FGSM,0.7,FGSM,0.3,11.0,8.0,0,32
engr0,S7,FGSM,0.7,FGSM,0.4,11.21311475409836,8.0,0,35
engr0,S7,FGSM,0.7,FGSM,0.5,11.0,7.0,0,35
engr0,S7,FGSM,0.7,FGSM,0.6,8.21311475409836,5.0,0,35
engr0,S7,FGSM,0.7,FGSM,0.7,7.39344262295082,4.0,0,35
engr0,S7,FGSM,0.7,FGSM,0.8,8.360655737704919,5.0,0,35
engr0,S7,FGSM,0.7,FGSM,0.9,10.344262295081966,7.0,0,48
engr0,S7,FGSM,0.7,FGSM,1.0,11.573770491803279,8.0,0,48
engr0,BLU,FGSM,0.8,FGSM,0.1,6.213114754098361,5.0,0,21
engr0,BLU,FGSM,0.8,FGSM,0.2,8.78688524590164,5.0,0,40
engr0,BLU,FGSM,0.8,FGSM,0.3,9.524590163934427,6.0,0,33
engr0,BLU,FGSM,0.8,FGSM,0.4,9.39344262295082,6.0,0,44
engr0,BLU,FGSM,0.8,FGSM,0.5,9.852459016393443,8.0,0,42
engr0,BLU,FGSM,0.8,FGSM,0.6,9.655737704918034,8.0,0,42
engr0,BLU,FGSM,0.8,FGSM,0.7,8.639344262295081,5.0,0,42
engr0,BLU,FGSM,0.8,FGSM,0.8,8.163934426229508,4.0,0,46
engr0,BLU,FGSM,0.8,FGSM,0.9,8.934426229508198,5.0,0,57
engr0,BLU,FGSM,0.8,FGSM,1.0,11.262295081967213,8.0,0,60
engr0,HTC,FGSM,0.8,FGSM,0.1,4.409836065573771,4.0,0,16
engr0,HTC,FGSM,0.8,FGSM,0.2,10.327868852459016,8.0,0,38
engr0,HTC,FGSM,0.8,FGSM,0.3,11.524590163934427,8.0,0,35
engr0,HTC,FGSM,0.8,FGSM,0.4,11.475409836065573,8.0,0,38
engr0,HTC,FGSM,0.8,FGSM,0.5,11.262295081967213,8.0,0,38
engr0,HTC,FGSM,0.8,FGSM,0.6,10.21311475409836,7.0,0,38
engr0,HTC,FGSM,0.8,FGSM,0.7,8.344262295081966,5.0,0,38
engr0,HTC,FGSM,0.8,FGSM,0.8,6.39344262295082,4.0,0,38
engr0,HTC,FGSM,0.8,FGSM,0.9,8.80327868852459,5.0,0,32
engr0,HTC,FGSM,0.8,FGSM,1.0,10.0,7.0,0,48
engr0,LG,FGSM,0.8,FGSM,0.1,3.8688524590163933,3.0,0,12
engr0,LG,FGSM,0.8,FGSM,0.2,9.098360655737705,7.0,0,32
engr0,LG,FGSM,0.8,FGSM,0.3,8.918032786885245,6.0,0,33
engr0,LG,FGSM,0.8,FGSM,0.4,10.344262295081966,7.0,0,32
engr0,LG,FGSM,0.8,FGSM,0.5,10.78688524590164,7.0,0,41
engr0,LG,FGSM,0.8,FGSM,0.6,9.704918032786885,6.0,0,32
engr0,LG,FGSM,0.8,FGSM,0.7,8.540983606557377,6.0,0,32
engr0,LG,FGSM,0.8,FGSM,0.8,6.475409836065574,5.0,0,31
engr0,LG,FGSM,0.8,FGSM,0.9,6.557377049180328,4.0,0,31
engr0,LG,FGSM,0.8,FGSM,1.0,9.098360655737705,6.0,0,32
engr0,MOTO,FGSM,0.8,FGSM,0.1,5.754098360655738,5.0,0,47
engr0,MOTO,FGSM,0.8,FGSM,0.2,16.081967213114755,12.0,0,42
engr0,MOTO,FGSM,0.8,FGSM,0.3,24.770491803278688,25.0,0,54
engr0,MOTO,FGSM,0.8,FGSM,0.4,25.57377049180328,25.0,0,54
engr0,MOTO,FGSM,0.8,FGSM,0.5,25.524590163934427,25.0,0,54
engr0,MOTO,FGSM,0.8,FGSM,0.6,25.524590163934427,25.0,0,54
engr0,MOTO,FGSM,0.8,FGSM,0.7,23.81967213114754,21.0,0,54
engr0,MOTO,FGSM,0.8,FGSM,0.8,19.557377049180328,13.0,0,54
engr0,MOTO,FGSM,0.8,FGSM,0.9,23.360655737704917,22.0,0,54
engr0,MOTO,FGSM,0.8,FGSM,1.0,24.62295081967213,25.0,0,54
engr0,OP3,FGSM,0.8,FGSM,0.1,5.622950819672131,3.0,0,31
engr0,OP3,FGSM,0.8,FGSM,0.2,9.180327868852459,6.0,0,36
engr0,OP3,FGSM,0.8,FGSM,0.3,9.655737704918034,5.0,0,35
engr0,OP3,FGSM,0.8,FGSM,0.4,8.80327868852459,5.0,0,41
engr0,OP3,FGSM,0.8,FGSM,0.5,10.0,6.0,0,44
engr0,OP3,FGSM,0.8,FGSM,0.6,9.131147540983607,5.0,0,41
engr0,OP3,FGSM,0.8,FGSM,0.7,8.754098360655737,5.0,0,41
engr0,OP3,FGSM,0.8,FGSM,0.8,6.344262295081967,2.0,0,41
engr0,OP3,FGSM,0.8,FGSM,0.9,7.639344262295082,6.0,0,30
engr0,OP3,FGSM,0.8,FGSM,1.0,8.131147540983607,5.0,0,30
engr0,S7,FGSM,0.8,FGSM,0.1,5.704918032786885,4.0,0,20
engr0,S7,FGSM,0.8,FGSM,0.2,10.934426229508198,10.0,0,32
engr0,S7,FGSM,0.8,FGSM,0.3,11.0,8.0,0,32
engr0,S7,FGSM,0.8,FGSM,0.4,10.885245901639344,7.0,0,35
engr0,S7,FGSM,0.8,FGSM,0.5,10.754098360655737,7.0,0,35
engr0,S7,FGSM,0.8,FGSM,0.6,11.0,7.0,0,35
engr0,S7,FGSM,0.8,FGSM,0.7,8.19672131147541,5.0,0,35
engr0,S7,FGSM,0.8,FGSM,0.8,7.39344262295082,4.0,0,35
engr0,S7,FGSM,0.8,FGSM,0.9,8.262295081967213,5.0,0,35
engr0,S7,FGSM,0.8,FGSM,1.0,10.344262295081966,7.0,0,48
engr0,BLU,FGSM,0.9,FGSM,0.1,6.213114754098361,5.0,0,21
engr0,BLU,FGSM,0.9,FGSM,0.2,8.78688524590164,5.0,0,40
engr0,BLU,FGSM,0.9,FGSM,0.3,9.524590163934427,6.0,0,33
engr0,BLU,FGSM,0.9,FGSM,0.4,9.098360655737705,5.0,0,44
engr0,BLU,FGSM,0.9,FGSM,0.5,9.78688524590164,8.0,0,42
engr0,BLU,FGSM,0.9,FGSM,0.6,10.245901639344263,8.0,0,44
engr0,BLU,FGSM,0.9,FGSM,0.7,9.655737704918034,8.0,0,42
engr0,BLU,FGSM,0.9,FGSM,0.8,8.754098360655737,5.0,0,42
engr0,BLU,FGSM,0.9,FGSM,0.9,8.163934426229508,4.0,0,46
engr0,BLU,FGSM,0.9,FGSM,1.0,9.032786885245901,6.0,0,57
engr0,HTC,FGSM,0.9,FGSM,0.1,4.409836065573771,4.0,0,16
engr0,HTC,FGSM,0.9,FGSM,0.2,10.327868852459016,8.0,0,38
engr0,HTC,FGSM,0.9,FGSM,0.3,11.524590163934427,8.0,0,35
engr0,HTC,FGSM,0.9,FGSM,0.4,11.40983606557377,8.0,0,38
engr0,HTC,FGSM,0.9,FGSM,0.5,11.508196721311476,8.0,0,38
engr0,HTC,FGSM,0.9,FGSM,0.6,11.262295081967213,8.0,0,38
engr0,HTC,FGSM,0.9,FGSM,0.7,10.21311475409836,7.0,0,38
engr0,HTC,FGSM,0.9,FGSM,0.8,8.344262295081966,5.0,0,38
engr0,HTC,FGSM,0.9,FGSM,0.9,6.39344262295082,4.0,0,38
engr0,HTC,FGSM,0.9,FGSM,1.0,8.508196721311476,5.0,0,32
engr0,LG,FGSM,0.9,FGSM,0.1,3.8688524590163933,3.0,0,12
engr0,LG,FGSM,0.9,FGSM,0.2,9.098360655737705,7.0,0,32
engr0,LG,FGSM,0.9,FGSM,0.3,8.918032786885245,6.0,0,33
engr0,LG,FGSM,0.9,FGSM,0.4,10.344262295081966,7.0,0,32
engr0,LG,FGSM,0.9,FGSM,0.5,11.39344262295082,8.0,0,41
engr0,LG,FGSM,0.9,FGSM,0.6,11.081967213114755,7.0,0,41
engr0,LG,FGSM,0.9,FGSM,0.7,9.704918032786885,6.0,0,32
engr0,LG,FGSM,0.9,FGSM,0.8,8.311475409836065,6.0,0,32
engr0,LG,FGSM,0.9,FGSM,0.9,6.475409836065574,5.0,0,31
engr0,LG,FGSM,0.9,FGSM,1.0,6.885245901639344,5.0,0,31
engr0,MOTO,FGSM,0.9,FGSM,0.1,5.754098360655738,5.0,0,47
engr0,MOTO,FGSM,0.9,FGSM,0.2,16.081967213114755,12.0,0,42
engr0,MOTO,FGSM,0.9,FGSM,0.3,24.770491803278688,25.0,0,54
engr0,MOTO,FGSM,0.9,FGSM,0.4,25.57377049180328,25.0,0,54
engr0,MOTO,FGSM,0.9,FGSM,0.5,25.524590163934427,25.0,0,54
engr0,MOTO,FGSM,0.9,FGSM,0.6,25.524590163934427,25.0,0,54
engr0,MOTO,FGSM,0.9,FGSM,0.7,25.524590163934427,25.0,0,54
engr0,MOTO,FGSM,0.9,FGSM,0.8,23.278688524590162,21.0,0,54
engr0,MOTO,FGSM,0.9,FGSM,0.9,19.557377049180328,13.0,0,54
engr0,MOTO,FGSM,0.9,FGSM,1.0,23.704918032786885,23.0,0,54
engr0,OP3,FGSM,0.9,FGSM,0.1,5.622950819672131,3.0,0,31
engr0,OP3,FGSM,0.9,FGSM,0.2,9.180327868852459,6.0,0,36
engr0,OP3,FGSM,0.9,FGSM,0.3,9.655737704918034,5.0,0,35
engr0,OP3,FGSM,0.9,FGSM,0.4,8.672131147540984,5.0,0,41
engr0,OP3,FGSM,0.9,FGSM,0.5,10.311475409836065,6.0,0,44
engr0,OP3,FGSM,0.9,FGSM,0.6,10.688524590163935,5.0,0,49
engr0,OP3,FGSM,0.9,FGSM,0.7,9.131147540983607,5.0,0,41
engr0,OP3,FGSM,0.9,FGSM,0.8,7.459016393442623,5.0,0,41
engr0,OP3,FGSM,0.9,FGSM,0.9,6.344262295081967,2.0,0,41
engr0,OP3,FGSM,0.9,FGSM,1.0,7.704918032786885,6.0,0,30
engr0,S7,FGSM,0.9,FGSM,0.1,5.704918032786885,4.0,0,20
engr0,S7,FGSM,0.9,FGSM,0.2,10.934426229508198,10.0,0,32
engr0,S7,FGSM,0.9,FGSM,0.3,11.0,8.0,0,32
engr0,S7,FGSM,0.9,FGSM,0.4,10.885245901639344,7.0,0,35
engr0,S7,FGSM,0.9,FGSM,0.5,10.868852459016393,7.0,0,35
engr0,S7,FGSM,0.9,FGSM,0.6,10.639344262295081,7.0,0,35
engr0,S7,FGSM,0.9,FGSM,0.7,11.0,7.0,0,35
engr0,S7,FGSM,0.9,FGSM,0.8,8.21311475409836,5.0,0,35
engr0,S7,FGSM,0.9,FGSM,0.9,7.39344262295082,4.0,0,35
engr0,S7,FGSM,0.9,FGSM,1.0,8.491803278688524,5.0,0,35
engr0,BLU,FGSM,1.0,FGSM,0.1,6.213114754098361,5.0,0,21
engr0,BLU,FGSM,1.0,FGSM,0.2,8.78688524590164,5.0,0,40
engr0,BLU,FGSM,1.0,FGSM,0.3,9.524590163934427,6.0,0,33
engr0,BLU,FGSM,1.0,FGSM,0.4,9.098360655737705,5.0,0,44
engr0,BLU,FGSM,1.0,FGSM,0.5,9.426229508196721,6.0,0,42
engr0,BLU,FGSM,1.0,FGSM,0.6,9.78688524590164,8.0,0,42
engr0,BLU,FGSM,1.0,FGSM,0.7,9.852459016393443,8.0,0,42
engr0,BLU,FGSM,1.0,FGSM,0.8,9.655737704918034,8.0,0,42
engr0,BLU,FGSM,1.0,FGSM,0.9,8.639344262295081,5.0,0,42
engr0,BLU,FGSM,1.0,FGSM,1.0,8.163934426229508,4.0,0,46
engr0,HTC,FGSM,1.0,FGSM,0.1,4.409836065573771,4.0,0,16
engr0,HTC,FGSM,1.0,FGSM,0.2,10.327868852459016,8.0,0,38
engr0,HTC,FGSM,1.0,FGSM,0.3,11.524590163934427,8.0,0,35
engr0,HTC,FGSM,1.0,FGSM,0.4,11.40983606557377,8.0,0,38
engr0,HTC,FGSM,1.0,FGSM,0.5,11.442622950819672,8.0,0,38
engr0,HTC,FGSM,1.0,FGSM,0.6,11.508196721311476,8.0,0,38
engr0,HTC,FGSM,1.0,FGSM,0.7,11.262295081967213,8.0,0,38
engr0,HTC,FGSM,1.0,FGSM,0.8,10.229508196721312,7.0,0,38
engr0,HTC,FGSM,1.0,FGSM,0.9,8.344262295081966,5.0,0,38
engr0,HTC,FGSM,1.0,FGSM,1.0,6.39344262295082,4.0,0,38
engr0,LG,FGSM,1.0,FGSM,0.1,3.8688524590163933,3.0,0,12
engr0,LG,FGSM,1.0,FGSM,0.2,9.098360655737705,7.0,0,32
engr0,LG,FGSM,1.0,FGSM,0.3,8.918032786885245,6.0,0,33
engr0,LG,FGSM,1.0,FGSM,0.4,10.344262295081966,7.0,0,32
engr0,LG,FGSM,1.0,FGSM,0.5,11.40983606557377,8.0,0,41
engr0,LG,FGSM,1.0,FGSM,0.6,11.40983606557377,8.0,0,41
engr0,LG,FGSM,1.0,FGSM,0.7,10.78688524590164,7.0,0,41
engr0,LG,FGSM,1.0,FGSM,0.8,9.704918032786885,6.0,0,32
engr0,LG,FGSM,1.0,FGSM,0.9,8.37704918032787,6.0,0,32
engr0,LG,FGSM,1.0,FGSM,1.0,6.475409836065574,5.0,0,31
engr0,MOTO,FGSM,1.0,FGSM,0.1,5.754098360655738,5.0,0,47
engr0,MOTO,FGSM,1.0,FGSM,0.2,16.081967213114755,12.0,0,42
engr0,MOTO,FGSM,1.0,FGSM,0.3,24.770491803278688,25.0,0,54
engr0,MOTO,FGSM,1.0,FGSM,0.4,25.57377049180328,25.0,0,54
engr0,MOTO,FGSM,1.0,FGSM,0.5,25.524590163934427,25.0,0,54
engr0,MOTO,FGSM,1.0,FGSM,0.6,25.524590163934427,25.0,0,54
engr0,MOTO,FGSM,1.0,FGSM,0.7,25.524590163934427,25.0,0,54
engr0,MOTO,FGSM,1.0,FGSM,0.8,25.524590163934427,25.0,0,54
engr0,MOTO,FGSM,1.0,FGSM,0.9,23.81967213114754,21.0,0,54
engr0,MOTO,FGSM,1.0,FGSM,1.0,19.557377049180328,13.0,0,54
engr0,OP3,FGSM,1.0,FGSM,0.1,5.622950819672131,3.0,0,31
engr0,OP3,FGSM,1.0,FGSM,0.2,9.180327868852459,6.0,0,36
engr0,OP3,FGSM,1.0,FGSM,0.3,9.655737704918034,5.0,0,35
engr0,OP3,FGSM,1.0,FGSM,0.4,8.672131147540984,5.0,0,41
engr0,OP3,FGSM,1.0,FGSM,0.5,10.180327868852459,6.0,0,44
engr0,OP3,FGSM,1.0,FGSM,0.6,10.311475409836065,6.0,0,44
engr0,OP3,FGSM,1.0,FGSM,0.7,10.0,6.0,0,44
engr0,OP3,FGSM,1.0,FGSM,0.8,9.131147540983607,5.0,0,41
engr0,OP3,FGSM,1.0,FGSM,0.9,8.655737704918034,5.0,0,41
engr0,OP3,FGSM,1.0,FGSM,1.0,6.344262295081967,2.0,0,41
engr0,S7,FGSM,1.0,FGSM,0.1,5.704918032786885,4.0,0,20
engr0,S7,FGSM,1.0,FGSM,0.2,10.934426229508198,10.0,0,32
engr0,S7,FGSM,1.0,FGSM,0.3,11.0,8.0,0,32
engr0,S7,FGSM,1.0,FGSM,0.4,10.885245901639344,7.0,0,35
engr0,S7,FGSM,1.0,FGSM,0.5,10.868852459016393,7.0,0,35
engr0,S7,FGSM,1.0,FGSM,0.6,10.868852459016393,7.0,0,35
engr0,S7,FGSM,1.0,FGSM,0.7,10.754098360655737,7.0,0,35
engr0,S7,FGSM,1.0,FGSM,0.8,11.0,7.0,0,35
engr0,S7,FGSM,1.0,FGSM,0.9,8.229508196721312,5.0,0,35
engr0,S7,FGSM,1.0,FGSM,1.0,7.39344262295082,4.0,0,35
engr0,BLU,PGD,0.1,FGSM,0.1,9.245901639344263,8.0,1,45
engr0,BLU,PGD,0.1,FGSM,0.2,14.032786885245901,11.0,2,45
engr0,BLU,PGD,0.1,FGSM,0.3,18.737704918032787,16.0,2,52
engr0,BLU,PGD,0.1,FGSM,0.4,21.327868852459016,18.0,2,52
engr0,BLU,PGD,0.1,FGSM,0.5,21.24590163934426,19.0,2,52
engr0,BLU,PGD,0.1,FGSM,0.6,20.950819672131146,18.0,2,52
engr0,BLU,PGD,0.1,FGSM,0.7,20.950819672131146,18.0,2,52
engr0,BLU,PGD,0.1,FGSM,0.8,20.950819672131146,18.0,2,52
engr0,BLU,PGD,0.1,FGSM,0.9,20.950819672131146,18.0,2,52
engr0,BLU,PGD,0.1,FGSM,1.0,20.950819672131146,18.0,2,52
engr0,HTC,PGD,0.1,FGSM,0.1,6.573770491803279,5.0,0,22
engr0,HTC,PGD,0.1,FGSM,0.2,10.59016393442623,9.0,1,34
engr0,HTC,PGD,0.1,FGSM,0.3,15.19672131147541,14.0,1,38
engr0,HTC,PGD,0.1,FGSM,0.4,17.721311475409838,16.0,1,43
engr0,HTC,PGD,0.1,FGSM,0.5,18.081967213114755,16.0,1,48
engr0,HTC,PGD,0.1,FGSM,0.6,18.081967213114755,16.0,1,48
engr0,HTC,PGD,0.1,FGSM,0.7,18.081967213114755,16.0,1,48
engr0,HTC,PGD,0.1,FGSM,0.8,18.081967213114755,16.0,1,48
engr0,HTC,PGD,0.1,FGSM,0.9,18.081967213114755,16.0,1,48
engr0,HTC,PGD,0.1,FGSM,1.0,18.081967213114755,16.0,1,48
engr0,LG,PGD,0.1,FGSM,0.1,8.573770491803279,5.0,0,45
engr0,LG,PGD,0.1,FGSM,0.2,13.245901639344263,11.0,1,45
engr0,LG,PGD,0.1,FGSM,0.3,19.262295081967213,19.0,2,46
engr0,LG,PGD,0.1,FGSM,0.4,22.295081967213115,20.0,2,50
engr0,LG,PGD,0.1,FGSM,0.5,22.83606557377049,21.0,2,52
engr0,LG,PGD,0.1,FGSM,0.6,22.80327868852459,21.0,2,52
engr0,LG,PGD,0.1,FGSM,0.7,22.80327868852459,21.0,2,52
engr0,LG,PGD,0.1,FGSM,0.8,22.80327868852459,21.0,2,52
engr0,LG,PGD,0.1,FGSM,0.9,22.80327868852459,21.0,2,52
engr0,LG,PGD,0.1,FGSM,1.0,22.80327868852459,21.0,2,52
engr0,MOTO,PGD,0.1,FGSM,0.1,6.459016393442623,3.0,0,44
engr0,MOTO,PGD,0.1,FGSM,0.2,26.16393442622951,25.0,0,56
engr0,MOTO,PGD,0.1,FGSM,0.3,25.327868852459016,25.0,0,54
engr0,MOTO,PGD,0.1,FGSM,0.4,27.147540983606557,27.0,0,57
engr0,MOTO,PGD,0.1,FGSM,0.5,27.19672131147541,27.0,0,57
engr0,MOTO,PGD,0.1,FGSM,0.6,27.19672131147541,27.0,0,57
engr0,MOTO,PGD,0.1,FGSM,0.7,27.19672131147541,27.0,0,57
engr0,MOTO,PGD,0.1,FGSM,0.8,27.19672131147541,27.0,0,57
engr0,MOTO,PGD,0.1,FGSM,0.9,27.19672131147541,27.0,0,57
engr0,MOTO,PGD,0.1,FGSM,1.0,27.19672131147541,27.0,0,57
engr0,OP3,PGD,0.1,FGSM,0.1,5.114754098360656,4.0,0,42
engr0,OP3,PGD,0.1,FGSM,0.2,16.065573770491802,14.0,1,40
engr0,OP3,PGD,0.1,FGSM,0.3,19.24590163934426,21.0,1,54
engr0,OP3,PGD,0.1,FGSM,0.4,22.114754098360656,23.0,1,50
engr0,OP3,PGD,0.1,FGSM,0.5,22.34426229508197,21.0,1,50
engr0,OP3,PGD,0.1,FGSM,0.6,22.34426229508197,21.0,1,50
engr0,OP3,PGD,0.1,FGSM,0.7,22.34426229508197,21.0,1,50
engr0,OP3,PGD,0.1,FGSM,0.8,22.34426229508197,21.0,1,50
engr0,OP3,PGD,0.1,FGSM,0.9,22.34426229508197,21.0,1,50
engr0,OP3,PGD,0.1,FGSM,1.0,22.34426229508197,21.0,1,50
engr0,S7,PGD,0.1,FGSM,0.1,6.229508196721311,4.0,1,44
engr0,S7,PGD,0.1,FGSM,0.2,11.442622950819672,10.0,1,42
engr0,S7,PGD,0.1,FGSM,0.3,17.672131147540984,16.0,1,48
engr0,S7,PGD,0.1,FGSM,0.4,21.704918032786885,21.0,1,49
engr0,S7,PGD,0.1,FGSM,0.5,21.9672131147541,22.0,1,49
engr0,S7,PGD,0.1,FGSM,0.6,21.9672131147541,22.0,1,49
engr0,S7,PGD,0.1,FGSM,0.7,21.9672131147541,22.0,1,49
engr0,S7,PGD,0.1,FGSM,0.8,21.9672131147541,22.0,1,49
engr0,S7,PGD,0.1,FGSM,0.9,21.9672131147541,22.0,1,49
engr0,S7,PGD,0.1,FGSM,1.0,21.9672131147541,22.0,1,49
engr0,BLU,PGD,0.2,FGSM,0.1,7.983606557377049,8.0,0,45
engr0,BLU,PGD,0.2,FGSM,0.2,13.78688524590164,12.0,1,42
engr0,BLU,PGD,0.2,FGSM,0.3,17.508196721311474,15.0,1,41
engr0,BLU,PGD,0.2,FGSM,0.4,19.901639344262296,16.0,1,48
engr0,BLU,PGD,0.2,FGSM,0.5,20.311475409836067,16.0,1,48
engr0,BLU,PGD,0.2,FGSM,0.6,20.24590163934426,16.0,1,48
engr0,BLU,PGD,0.2,FGSM,0.7,20.24590163934426,16.0,1,48
engr0,BLU,PGD,0.2,FGSM,0.8,20.24590163934426,16.0,1,48
engr0,BLU,PGD,0.2,FGSM,0.9,20.24590163934426,16.0,1,48
engr0,BLU,PGD,0.2,FGSM,1.0,20.24590163934426,16.0,1,48
engr0,HTC,PGD,0.2,FGSM,0.1,6.213114754098361,6.0,0,19
engr0,HTC,PGD,0.2,FGSM,0.2,11.147540983606557,11.0,1,30
engr0,HTC,PGD,0.2,FGSM,0.3,14.885245901639344,14.0,1,38
engr0,HTC,PGD,0.2,FGSM,0.4,18.918032786885245,18.0,1,43
engr0,HTC,PGD,0.2,FGSM,0.5,19.0,18.0,1,43
engr0,HTC,PGD,0.2,FGSM,0.6,19.0327868852459,18.0,1,43
engr0,HTC,PGD,0.2,FGSM,0.7,19.0327868852459,18.0,1,43
engr0,HTC,PGD,0.2,FGSM,0.8,19.0327868852459,18.0,1,43
engr0,HTC,PGD,0.2,FGSM,0.9,19.0327868852459,18.0,1,43
engr0,HTC,PGD,0.2,FGSM,1.0,19.0327868852459,18.0,1,43
engr0,LG,PGD,0.2,FGSM,0.1,7.163934426229508,4.0,0,25
engr0,LG,PGD,0.2,FGSM,0.2,13.754098360655737,11.0,1,40
engr0,LG,PGD,0.2,FGSM,0.3,19.147540983606557,17.0,2,47
engr0,LG,PGD,0.2,FGSM,0.4,22.295081967213115,19.0,3,46
engr0,LG,PGD,0.2,FGSM,0.5,22.19672131147541,20.0,3,47
engr0,LG,PGD,0.2,FGSM,0.6,22.081967213114755,20.0,3,47
engr0,LG,PGD,0.2,FGSM,0.7,22.081967213114755,20.0,3,47
engr0,LG,PGD,0.2,FGSM,0.8,22.081967213114755,20.0,3,47
engr0,LG,PGD,0.2,FGSM,0.9,22.081967213114755,20.0,3,47
engr0,LG,PGD,0.2,FGSM,1.0,22.081967213114755,20.0,3,47
engr0,MOTO,PGD,0.2,FGSM,0.1,6.377049180327869,4.0,0,47
engr0,MOTO,PGD,0.2,FGSM,0.2,22.75409836065574,20.0,0,57
engr0,MOTO,PGD,0.2,FGSM,0.3,25.475409836065573,25.0,0,54
engr0,MOTO,PGD,0.2,FGSM,0.4,27.19672131147541,27.0,0,57
engr0,MOTO,PGD,0.2,FGSM,0.5,27.19672131147541,27.0,0,57
engr0,MOTO,PGD,0.2,FGSM,0.6,27.19672131147541,27.0,0,57
engr0,MOTO,PGD,0.2,FGSM,0.7,27.19672131147541,27.0,0,57
engr0,MOTO,PGD,0.2,FGSM,0.8,27.19672131147541,27.0,0,57
engr0,MOTO,PGD,0.2,FGSM,0.9,27.19672131147541,27.0,0,57
engr0,MOTO,PGD,0.2,FGSM,1.0,27.19672131147541,27.0,0,57
engr0,OP3,PGD,0.2,FGSM,0.1,5.557377049180328,4.0,0,23
engr0,OP3,PGD,0.2,FGSM,0.2,14.770491803278688,13.0,1,55
engr0,OP3,PGD,0.2,FGSM,0.3,18.934426229508198,18.0,1,49
engr0,OP3,PGD,0.2,FGSM,0.4,20.524590163934427,18.0,1,50
engr0,OP3,PGD,0.2,FGSM,0.5,21.295081967213115,18.0,1,50
engr0,OP3,PGD,0.2,FGSM,0.6,21.262295081967213,18.0,1,50
engr0,OP3,PGD,0.2,FGSM,0.7,21.262295081967213,18.0,1,50
engr0,OP3,PGD,0.2,FGSM,0.8,21.262295081967213,18.0,1,50
engr0,OP3,PGD,0.2,FGSM,0.9,21.262295081967213,18.0,1,50
engr0,OP3,PGD,0.2,FGSM,1.0,21.262295081967213,18.0,1,50
engr0,S7,PGD,0.2,FGSM,0.1,6.524590163934426,5.0,0,41
engr0,S7,PGD,0.2,FGSM,0.2,12.245901639344263,11.0,1,41
engr0,S7,PGD,0.2,FGSM,0.3,18.508196721311474,18.0,1,50
engr0,S7,PGD,0.2,FGSM,0.4,21.81967213114754,22.0,1,46
engr0,S7,PGD,0.2,FGSM,0.5,22.114754098360656,23.0,1,46
engr0,S7,PGD,0.2,FGSM,0.6,22.0327868852459,23.0,1,46
engr0,S7,PGD,0.2,FGSM,0.7,22.0327868852459,23.0,1,46
engr0,S7,PGD,0.2,FGSM,0.8,22.0327868852459,23.0,1,46
engr0,S7,PGD,0.2,FGSM,0.9,22.0327868852459,23.0,1,46
engr0,S7,PGD,0.2,FGSM,1.0,22.0327868852459,23.0,1,46
engr0,BLU,PGD,0.3,FGSM,0.1,8.40983606557377,7.0,0,45
engr0,BLU,PGD,0.3,FGSM,0.2,12.78688524590164,11.0,2,45
engr0,BLU,PGD,0.3,FGSM,0.3,17.83606557377049,15.0,2,53
engr0,BLU,PGD,0.3,FGSM,0.4,21.081967213114755,17.0,2,52
engr0,BLU,PGD,0.3,FGSM,0.5,20.885245901639344,16.0,2,52
engr0,BLU,PGD,0.3,FGSM,0.6,20.80327868852459,16.0,2,52
engr0,BLU,PGD,0.3,FGSM,0.7,20.80327868852459,16.0,2,52
engr0,BLU,PGD,0.3,FGSM,0.8,20.80327868852459,16.0,2,52
engr0,BLU,PGD,0.3,FGSM,0.9,20.80327868852459,16.0,2,52
engr0,BLU,PGD,0.3,FGSM,1.0,20.80327868852459,16.0,2,52
engr0,HTC,PGD,0.3,FGSM,0.1,6.245901639344262,5.0,0,18
engr0,HTC,PGD,0.3,FGSM,0.2,10.40983606557377,11.0,1,24
engr0,HTC,PGD,0.3,FGSM,0.3,16.147540983606557,15.0,1,41
engr0,HTC,PGD,0.3,FGSM,0.4,19.360655737704917,18.0,1,41
engr0,HTC,PGD,0.3,FGSM,0.5,19.770491803278688,18.0,1,41
engr0,HTC,PGD,0.3,FGSM,0.6,19.770491803278688,18.0,1,41
engr0,HTC,PGD,0.3,FGSM,0.7,19.770491803278688,18.0,1,41
engr0,HTC,PGD,0.3,FGSM,0.8,19.770491803278688,18.0,1,41
engr0,HTC,PGD,0.3,FGSM,0.9,19.770491803278688,18.0,1,41
engr0,HTC,PGD,0.3,FGSM,1.0,19.770491803278688,18.0,1,41
engr0,LG,PGD,0.3,FGSM,0.1,8.180327868852459,5.0,0,45
engr0,LG,PGD,0.3,FGSM,0.2,12.688524590163935,12.0,1,45
engr0,LG,PGD,0.3,FGSM,0.3,19.049180327868854,18.0,1,49
engr0,LG,PGD,0.3,FGSM,0.4,23.0,20.0,1,52
engr0,LG,PGD,0.3,FGSM,0.5,24.60655737704918,22.0,1,52
engr0,LG,PGD,0.3,FGSM,0.6,24.24590163934426,21.0,1,52
engr0,LG,PGD,0.3,FGSM,0.7,24.24590163934426,21.0,1,52
engr0,LG,PGD,0.3,FGSM,0.8,24.24590163934426,21.0,1,52
engr0,LG,PGD,0.3,FGSM,0.9,24.24590163934426,21.0,1,52
engr0,LG,PGD,0.3,FGSM,1.0,24.24590163934426,21.0,1,52
engr0,MOTO,PGD,0.3,FGSM,0.1,7.016393442622951,5.0,0,57
engr0,MOTO,PGD,0.3,FGSM,0.2,20.508196721311474,16.0,0,57
engr0,MOTO,PGD,0.3,FGSM,0.3,24.80327868852459,24.0,0,54
engr0,MOTO,PGD,0.3,FGSM,0.4,26.065573770491802,26.0,0,57
engr0,MOTO,PGD,0.3,FGSM,0.5,24.688524590163933,24.0,0,54
engr0,MOTO,PGD,0.3,FGSM,0.6,24.688524590163933,24.0,0,54
engr0,MOTO,PGD,0.3,FGSM,0.7,24.688524590163933,24.0,0,54
engr0,MOTO,PGD,0.3,FGSM,0.8,24.688524590163933,24.0,0,54
engr0,MOTO,PGD,0.3,FGSM,0.9,24.688524590163933,24.0,0,54
engr0,MOTO,PGD,0.3,FGSM,1.0,24.688524590163933,24.0,0,54
engr0,OP3,PGD,0.3,FGSM,0.1,5.229508196721311,4.0,0,20
engr0,OP3,PGD,0.3,FGSM,0.2,14.688524590163935,14.0,0,39
engr0,OP3,PGD,0.3,FGSM,0.3,19.62295081967213,18.0,0,54
engr0,OP3,PGD,0.3,FGSM,0.4,21.770491803278688,20.0,0,57
engr0,OP3,PGD,0.3,FGSM,0.5,21.81967213114754,19.0,0,57
engr0,OP3,PGD,0.3,FGSM,0.6,21.918032786885245,19.0,0,57
engr0,OP3,PGD,0.3,FGSM,0.7,21.918032786885245,19.0,0,57
engr0,OP3,PGD,0.3,FGSM,0.8,21.918032786885245,19.0,0,57
engr0,OP3,PGD,0.3,FGSM,0.9,21.918032786885245,19.0,0,57
engr0,OP3,PGD,0.3,FGSM,1.0,21.918032786885245,19.0,0,57
engr0,S7,PGD,0.3,FGSM,0.1,5.655737704918033,4.0,0,44
engr0,S7,PGD,0.3,FGSM,0.2,12.114754098360656,12.0,0,41
engr0,S7,PGD,0.3,FGSM,0.3,17.950819672131146,17.0,1,50
engr0,S7,PGD,0.3,FGSM,0.4,22.295081967213115,20.0,1,54
engr0,S7,PGD,0.3,FGSM,0.5,24.0327868852459,23.0,1,54
engr0,S7,PGD,0.3,FGSM,0.6,24.40983606557377,23.0,1,54
engr0,S7,PGD,0.3,FGSM,0.7,24.40983606557377,23.0,1,54
engr0,S7,PGD,0.3,FGSM,0.8,24.40983606557377,23.0,1,54
engr0,S7,PGD,0.3,FGSM,0.9,24.40983606557377,23.0,1,54
engr0,S7,PGD,0.3,FGSM,1.0,24.40983606557377,23.0,1,54
engr0,BLU,PGD,0.4,FGSM,0.1,7.967213114754099,6.0,1,45
engr0,BLU,PGD,0.4,FGSM,0.2,12.934426229508198,11.0,1,43
engr0,BLU,PGD,0.4,FGSM,0.3,17.672131147540984,14.0,1,53
engr0,BLU,PGD,0.4,FGSM,0.4,22.049180327868854,18.0,1,52
engr0,BLU,PGD,0.4,FGSM,0.5,21.852459016393443,18.0,1,52
engr0,BLU,PGD,0.4,FGSM,0.6,21.9672131147541,18.0,1,52
engr0,BLU,PGD,0.4,FGSM,0.7,21.9672131147541,18.0,1,52
engr0,BLU,PGD,0.4,FGSM,0.8,21.9672131147541,18.0,1,52
engr0,BLU,PGD,0.4,FGSM,0.9,21.9672131147541,18.0,1,52
engr0,BLU,PGD,0.4,FGSM,1.0,21.9672131147541,18.0,1,52
engr0,HTC,PGD,0.4,FGSM,0.1,6.540983606557377,6.0,0,19
engr0,HTC,PGD,0.4,FGSM,0.2,11.114754098360656,11.0,1,25
engr0,HTC,PGD,0.4,FGSM,0.3,15.278688524590164,14.0,1,41
engr0,HTC,PGD,0.4,FGSM,0.4,20.114754098360656,18.0,1,49
engr0,HTC,PGD,0.4,FGSM,0.5,20.40983606557377,18.0,1,49
engr0,HTC,PGD,0.4,FGSM,0.6,20.508196721311474,19.0,1,49
engr0,HTC,PGD,0.4,FGSM,0.7,20.508196721311474,19.0,1,49
engr0,HTC,PGD,0.4,FGSM,0.8,20.508196721311474,19.0,1,49
engr0,HTC,PGD,0.4,FGSM,0.9,20.508196721311474,19.0,1,49
engr0,HTC,PGD,0.4,FGSM,1.0,20.508196721311474,19.0,1,49
engr0,LG,PGD,0.4,FGSM,0.1,8.0,4.0,0,43
engr0,LG,PGD,0.4,FGSM,0.2,12.836065573770492,11.0,1,45
engr0,LG,PGD,0.4,FGSM,0.3,18.24590163934426,16.0,3,49
engr0,LG,PGD,0.4,FGSM,0.4,23.901639344262296,19.0,3,50
engr0,LG,PGD,0.4,FGSM,0.5,24.918032786885245,20.0,3,50
engr0,LG,PGD,0.4,FGSM,0.6,25.081967213114755,20.0,3,50
engr0,LG,PGD,0.4,FGSM,0.7,24.81967213114754,20.0,3,50
engr0,LG,PGD,0.4,FGSM,0.8,24.81967213114754,20.0,3,50
engr0,LG,PGD,0.4,FGSM,0.9,24.81967213114754,20.0,3,50
engr0,LG,PGD,0.4,FGSM,1.0,24.81967213114754,20.0,3,50
engr0,MOTO,PGD,0.4,FGSM,0.1,9.80327868852459,7.0,0,57
engr0,MOTO,PGD,0.4,FGSM,0.2,24.049180327868854,22.0,0,57
engr0,MOTO,PGD,0.4,FGSM,0.3,25.770491803278688,25.0,0,54
engr0,MOTO,PGD,0.4,FGSM,0.4,27.19672131147541,27.0,0,57
engr0,MOTO,PGD,0.4,FGSM,0.5,27.19672131147541,27.0,0,57
engr0,MOTO,PGD,0.4,FGSM,0.6,27.19672131147541,27.0,0,57
engr0,MOTO,PGD,0.4,FGSM,0.7,27.19672131147541,27.0,0,57
engr0,MOTO,PGD,0.4,FGSM,0.8,27.19672131147541,27.0,0,57
engr0,MOTO,PGD,0.4,FGSM,0.9,27.19672131147541,27.0,0,57
engr0,MOTO,PGD,0.4,FGSM,1.0,27.19672131147541,27.0,0,57
engr0,OP3,PGD,0.4,FGSM,0.1,7.19672131147541,5.0,0,41
engr0,OP3,PGD,0.4,FGSM,0.2,15.80327868852459,13.0,1,54
engr0,OP3,PGD,0.4,FGSM,0.3,19.16393442622951,18.0,1,50
engr0,OP3,PGD,0.4,FGSM,0.4,22.147540983606557,21.0,1,57
engr0,OP3,PGD,0.4,FGSM,0.5,22.868852459016395,21.0,1,55
engr0,OP3,PGD,0.4,FGSM,0.6,23.049180327868854,21.0,1,55
engr0,OP3,PGD,0.4,FGSM,0.7,23.049180327868854,21.0,1,55
engr0,OP3,PGD,0.4,FGSM,0.8,23.049180327868854,21.0,1,55
engr0,OP3,PGD,0.4,FGSM,0.9,23.049180327868854,21.0,1,55
engr0,OP3,PGD,0.4,FGSM,1.0,23.049180327868854,21.0,1,55
engr0,S7,PGD,0.4,FGSM,0.1,5.016393442622951,3.0,0,44
engr0,S7,PGD,0.4,FGSM,0.2,13.278688524590164,11.0,0,51
engr0,S7,PGD,0.4,FGSM,0.3,18.0,16.0,1,50
engr0,S7,PGD,0.4,FGSM,0.4,23.098360655737704,20.0,1,52
engr0,S7,PGD,0.4,FGSM,0.5,24.081967213114755,22.0,1,52
engr0,S7,PGD,0.4,FGSM,0.6,23.770491803278688,21.0,1,52
engr0,S7,PGD,0.4,FGSM,0.7,23.934426229508198,22.0,1,52
engr0,S7,PGD,0.4,FGSM,0.8,23.934426229508198,22.0,1,52
engr0,S7,PGD,0.4,FGSM,0.9,23.934426229508198,22.0,1,52
engr0,S7,PGD,0.4,FGSM,1.0,23.934426229508198,22.0,1,52
engr0,BLU,PGD,0.5,FGSM,0.1,7.967213114754099,6.0,1,45
engr0,BLU,PGD,0.5,FGSM,0.2,12.934426229508198,11.0,1,43
engr0,BLU,PGD,0.5,FGSM,0.3,17.672131147540984,14.0,1,53
engr0,BLU,PGD,0.5,FGSM,0.4,22.049180327868854,18.0,1,52
engr0,BLU,PGD,0.5,FGSM,0.5,21.852459016393443,18.0,1,52
engr0,BLU,PGD,0.5,FGSM,0.6,21.9672131147541,18.0,1,52
engr0,BLU,PGD,0.5,FGSM,0.7,21.9672131147541,18.0,1,52
engr0,BLU,PGD,0.5,FGSM,0.8,21.9672131147541,18.0,1,52
engr0,BLU,PGD,0.5,FGSM,0.9,21.9672131147541,18.0,1,52
engr0,BLU,PGD,0.5,FGSM,1.0,21.9672131147541,18.0,1,52
engr0,HTC,PGD,0.5,FGSM,0.1,6.540983606557377,6.0,0,19
engr0,HTC,PGD,0.5,FGSM,0.2,11.114754098360656,11.0,1,25
engr0,HTC,PGD,0.5,FGSM,0.3,15.278688524590164,14.0,1,41
engr0,HTC,PGD,0.5,FGSM,0.4,20.114754098360656,18.0,1,49
engr0,HTC,PGD,0.5,FGSM,0.5,20.40983606557377,18.0,1,49
engr0,HTC,PGD,0.5,FGSM,0.6,20.508196721311474,19.0,1,49
engr0,HTC,PGD,0.5,FGSM,0.7,20.508196721311474,19.0,1,49
engr0,HTC,PGD,0.5,FGSM,0.8,20.508196721311474,19.0,1,49
engr0,HTC,PGD,0.5,FGSM,0.9,20.508196721311474,19.0,1,49
engr0,HTC,PGD,0.5,FGSM,1.0,20.508196721311474,19.0,1,49
engr0,LG,PGD,0.5,FGSM,0.1,8.0,4.0,0,43
engr0,LG,PGD,0.5,FGSM,0.2,12.836065573770492,11.0,1,45
engr0,LG,PGD,0.5,FGSM,0.3,18.24590163934426,16.0,3,49
engr0,LG,PGD,0.5,FGSM,0.4,23.901639344262296,19.0,3,50
engr0,LG,PGD,0.5,FGSM,0.5,24.918032786885245,20.0,3,50
engr0,LG,PGD,0.5,FGSM,0.6,25.081967213114755,20.0,3,50
engr0,LG,PGD,0.5,FGSM,0.7,24.81967213114754,20.0,3,50
engr0,LG,PGD,0.5,FGSM,0.8,24.81967213114754,20.0,3,50
engr0,LG,PGD,0.5,FGSM,0.9,24.81967213114754,20.0,3,50
engr0,LG,PGD,0.5,FGSM,1.0,24.81967213114754,20.0,3,50
engr0,MOTO,PGD,0.5,FGSM,0.1,9.80327868852459,7.0,0,57
engr0,MOTO,PGD,0.5,FGSM,0.2,24.049180327868854,22.0,0,57
engr0,MOTO,PGD,0.5,FGSM,0.3,25.770491803278688,25.0,0,54
engr0,MOTO,PGD,0.5,FGSM,0.4,27.19672131147541,27.0,0,57
engr0,MOTO,PGD,0.5,FGSM,0.5,27.19672131147541,27.0,0,57
engr0,MOTO,PGD,0.5,FGSM,0.6,27.19672131147541,27.0,0,57
engr0,MOTO,PGD,0.5,FGSM,0.7,27.19672131147541,27.0,0,57
engr0,MOTO,PGD,0.5,FGSM,0.8,27.19672131147541,27.0,0,57
engr0,MOTO,PGD,0.5,FGSM,0.9,27.19672131147541,27.0,0,57
engr0,MOTO,PGD,0.5,FGSM,1.0,27.19672131147541,27.0,0,57
engr0,OP3,PGD,0.5,FGSM,0.1,7.19672131147541,5.0,0,41
engr0,OP3,PGD,0.5,FGSM,0.2,15.80327868852459,13.0,1,54
engr0,OP3,PGD,0.5,FGSM,0.3,19.16393442622951,18.0,1,50
engr0,OP3,PGD,0.5,FGSM,0.4,22.147540983606557,21.0,1,57
engr0,OP3,PGD,0.5,FGSM,0.5,22.868852459016395,21.0,1,55
engr0,OP3,PGD,0.5,FGSM,0.6,23.049180327868854,21.0,1,55
engr0,OP3,PGD,0.5,FGSM,0.7,23.049180327868854,21.0,1,55
engr0,OP3,PGD,0.5,FGSM,0.8,23.049180327868854,21.0,1,55
engr0,OP3,PGD,0.5,FGSM,0.9,23.049180327868854,21.0,1,55
engr0,OP3,PGD,0.5,FGSM,1.0,23.049180327868854,21.0,1,55
engr0,S7,PGD,0.5,FGSM,0.1,5.016393442622951,3.0,0,44
engr0,S7,PGD,0.5,FGSM,0.2,13.278688524590164,11.0,0,51
engr0,S7,PGD,0.5,FGSM,0.3,18.0,16.0,1,50
engr0,S7,PGD,0.5,FGSM,0.4,23.098360655737704,20.0,1,52
engr0,S7,PGD,0.5,FGSM,0.5,24.081967213114755,22.0,1,52
engr0,S7,PGD,0.5,FGSM,0.6,23.770491803278688,21.0,1,52
engr0,S7,PGD,0.5,FGSM,0.7,23.934426229508198,22.0,1,52
engr0,S7,PGD,0.5,FGSM,0.8,23.934426229508198,22.0,1,52
engr0,S7,PGD,0.5,FGSM,0.9,23.934426229508198,22.0,1,52
engr0,S7,PGD,0.5,FGSM,1.0,23.934426229508198,22.0,1,52
engr0,BLU,PGD,0.6,FGSM,0.1,7.967213114754099,6.0,1,45
engr0,BLU,PGD,0.6,FGSM,0.2,12.934426229508198,11.0,1,43
engr0,BLU,PGD,0.6,FGSM,0.3,17.672131147540984,14.0,1,53
engr0,BLU,PGD,0.6,FGSM,0.4,22.049180327868854,18.0,1,52
engr0,BLU,PGD,0.6,FGSM,0.5,21.852459016393443,18.0,1,52
engr0,BLU,PGD,0.6,FGSM,0.6,21.9672131147541,18.0,1,52
engr0,BLU,PGD,0.6,FGSM,0.7,21.9672131147541,18.0,1,52
engr0,BLU,PGD,0.6,FGSM,0.8,21.9672131147541,18.0,1,52
engr0,BLU,PGD,0.6,FGSM,0.9,21.9672131147541,18.0,1,52
engr0,BLU,PGD,0.6,FGSM,1.0,21.9672131147541,18.0,1,52
engr0,HTC,PGD,0.6,FGSM,0.1,6.540983606557377,6.0,0,19
engr0,HTC,PGD,0.6,FGSM,0.2,11.114754098360656,11.0,1,25
engr0,HTC,PGD,0.6,FGSM,0.3,15.278688524590164,14.0,1,41
engr0,HTC,PGD,0.6,FGSM,0.4,20.114754098360656,18.0,1,49
engr0,HTC,PGD,0.6,FGSM,0.5,20.40983606557377,18.0,1,49
engr0,HTC,PGD,0.6,FGSM,0.6,20.508196721311474,19.0,1,49
engr0,HTC,PGD,0.6,FGSM,0.7,20.508196721311474,19.0,1,49
engr0,HTC,PGD,0.6,FGSM,0.8,20.508196721311474,19.0,1,49
engr0,HTC,PGD,0.6,FGSM,0.9,20.508196721311474,19.0,1,49
engr0,HTC,PGD,0.6,FGSM,1.0,20.508196721311474,19.0,1,49
engr0,LG,PGD,0.6,FGSM,0.1,8.0,4.0,0,43
engr0,LG,PGD,0.6,FGSM,0.2,12.836065573770492,11.0,1,45
engr0,LG,PGD,0.6,FGSM,0.3,18.24590163934426,16.0,3,49
engr0,LG,PGD,0.6,FGSM,0.4,23.901639344262296,19.0,3,50
engr0,LG,PGD,0.6,FGSM,0.5,24.918032786885245,20.0,3,50
engr0,LG,PGD,0.6,FGSM,0.6,25.081967213114755,20.0,3,50
engr0,LG,PGD,0.6,FGSM,0.7,24.81967213114754,20.0,3,50
engr0,LG,PGD,0.6,FGSM,0.8,24.81967213114754,20.0,3,50
engr0,LG,PGD,0.6,FGSM,0.9,24.81967213114754,20.0,3,50
engr0,LG,PGD,0.6,FGSM,1.0,24.81967213114754,20.0,3,50
engr0,MOTO,PGD,0.6,FGSM,0.1,9.80327868852459,7.0,0,57
engr0,MOTO,PGD,0.6,FGSM,0.2,24.049180327868854,22.0,0,57
engr0,MOTO,PGD,0.6,FGSM,0.3,25.770491803278688,25.0,0,54
engr0,MOTO,PGD,0.6,FGSM,0.4,27.19672131147541,27.0,0,57
engr0,MOTO,PGD,0.6,FGSM,0.5,27.19672131147541,27.0,0,57
engr0,MOTO,PGD,0.6,FGSM,0.6,27.19672131147541,27.0,0,57
engr0,MOTO,PGD,0.6,FGSM,0.7,27.19672131147541,27.0,0,57
engr0,MOTO,PGD,0.6,FGSM,0.8,27.19672131147541,27.0,0,57
engr0,MOTO,PGD,0.6,FGSM,0.9,27.19672131147541,27.0,0,57
engr0,MOTO,PGD,0.6,FGSM,1.0,27.19672131147541,27.0,0,57
engr0,OP3,PGD,0.6,FGSM,0.1,7.19672131147541,5.0,0,41
engr0,OP3,PGD,0.6,FGSM,0.2,15.80327868852459,13.0,1,54
engr0,OP3,PGD,0.6,FGSM,0.3,19.16393442622951,18.0,1,50
engr0,OP3,PGD,0.6,FGSM,0.4,22.147540983606557,21.0,1,57
engr0,OP3,PGD,0.6,FGSM,0.5,22.868852459016395,21.0,1,55
engr0,OP3,PGD,0.6,FGSM,0.6,23.049180327868854,21.0,1,55
engr0,OP3,PGD,0.6,FGSM,0.7,23.049180327868854,21.0,1,55
engr0,OP3,PGD,0.6,FGSM,0.8,23.049180327868854,21.0,1,55
engr0,OP3,PGD,0.6,FGSM,0.9,23.049180327868854,21.0,1,55
engr0,OP3,PGD,0.6,FGSM,1.0,23.049180327868854,21.0,1,55
engr0,S7,PGD,0.6,FGSM,0.1,5.016393442622951,3.0,0,44
engr0,S7,PGD,0.6,FGSM,0.2,13.278688524590164,11.0,0,51
engr0,S7,PGD,0.6,FGSM,0.3,18.0,16.0,1,50
engr0,S7,PGD,0.6,FGSM,0.4,23.098360655737704,20.0,1,52
engr0,S7,PGD,0.6,FGSM,0.5,24.081967213114755,22.0,1,52
engr0,S7,PGD,0.6,FGSM,0.6,23.770491803278688,21.0,1,52
engr0,S7,PGD,0.6,FGSM,0.7,23.934426229508198,22.0,1,52
engr0,S7,PGD,0.6,FGSM,0.8,23.934426229508198,22.0,1,52
engr0,S7,PGD,0.6,FGSM,0.9,23.934426229508198,22.0,1,52
engr0,S7,PGD,0.6,FGSM,1.0,23.934426229508198,22.0,1,52
engr0,BLU,PGD,0.7,FGSM,0.1,7.967213114754099,6.0,1,45
engr0,BLU,PGD,0.7,FGSM,0.2,12.934426229508198,11.0,1,43
engr0,BLU,PGD,0.7,FGSM,0.3,17.672131147540984,14.0,1,53
engr0,BLU,PGD,0.7,FGSM,0.4,22.049180327868854,18.0,1,52
engr0,BLU,PGD,0.7,FGSM,0.5,21.852459016393443,18.0,1,52
engr0,BLU,PGD,0.7,FGSM,0.6,21.9672131147541,18.0,1,52
engr0,BLU,PGD,0.7,FGSM,0.7,21.9672131147541,18.0,1,52
engr0,BLU,PGD,0.7,FGSM,0.8,21.9672131147541,18.0,1,52
engr0,BLU,PGD,0.7,FGSM,0.9,21.9672131147541,18.0,1,52
engr0,BLU,PGD,0.7,FGSM,1.0,21.9672131147541,18.0,1,52
engr0,HTC,PGD,0.7,FGSM,0.1,6.540983606557377,6.0,0,19
engr0,HTC,PGD,0.7,FGSM,0.2,11.114754098360656,11.0,1,25
engr0,HTC,PGD,0.7,FGSM,0.3,15.278688524590164,14.0,1,41
engr0,HTC,PGD,0.7,FGSM,0.4,20.114754098360656,18.0,1,49
engr0,HTC,PGD,0.7,FGSM,0.5,20.40983606557377,18.0,1,49
engr0,HTC,PGD,0.7,FGSM,0.6,20.508196721311474,19.0,1,49
engr0,HTC,PGD,0.7,FGSM,0.7,20.508196721311474,19.0,1,49
engr0,HTC,PGD,0.7,FGSM,0.8,20.508196721311474,19.0,1,49
engr0,HTC,PGD,0.7,FGSM,0.9,20.508196721311474,19.0,1,49
engr0,HTC,PGD,0.7,FGSM,1.0,20.508196721311474,19.0,1,49
engr0,LG,PGD,0.7,FGSM,0.1,8.0,4.0,0,43
engr0,LG,PGD,0.7,FGSM,0.2,12.836065573770492,11.0,1,45
engr0,LG,PGD,0.7,FGSM,0.3,18.24590163934426,16.0,3,49
engr0,LG,PGD,0.7,FGSM,0.4,23.901639344262296,19.0,3,50
engr0,LG,PGD,0.7,FGSM,0.5,24.918032786885245,20.0,3,50
engr0,LG,PGD,0.7,FGSM,0.6,25.081967213114755,20.0,3,50
engr0,LG,PGD,0.7,FGSM,0.7,24.81967213114754,20.0,3,50
engr0,LG,PGD,0.7,FGSM,0.8,24.81967213114754,20.0,3,50
engr0,LG,PGD,0.7,FGSM,0.9,24.81967213114754,20.0,3,50
engr0,LG,PGD,0.7,FGSM,1.0,24.81967213114754,20.0,3,50
engr0,MOTO,PGD,0.7,FGSM,0.1,9.80327868852459,7.0,0,57
engr0,MOTO,PGD,0.7,FGSM,0.2,24.049180327868854,22.0,0,57
engr0,MOTO,PGD,0.7,FGSM,0.3,25.770491803278688,25.0,0,54
engr0,MOTO,PGD,0.7,FGSM,0.4,27.19672131147541,27.0,0,57
engr0,MOTO,PGD,0.7,FGSM,0.5,27.19672131147541,27.0,0,57
engr0,MOTO,PGD,0.7,FGSM,0.6,27.19672131147541,27.0,0,57
engr0,MOTO,PGD,0.7,FGSM,0.7,27.19672131147541,27.0,0,57
engr0,MOTO,PGD,0.7,FGSM,0.8,27.19672131147541,27.0,0,57
engr0,MOTO,PGD,0.7,FGSM,0.9,27.19672131147541,27.0,0,57
engr0,MOTO,PGD,0.7,FGSM,1.0,27.19672131147541,27.0,0,57
engr0,OP3,PGD,0.7,FGSM,0.1,7.19672131147541,5.0,0,41
engr0,OP3,PGD,0.7,FGSM,0.2,15.80327868852459,13.0,1,54
engr0,OP3,PGD,0.7,FGSM,0.3,19.16393442622951,18.0,1,50
engr0,OP3,PGD,0.7,FGSM,0.4,22.147540983606557,21.0,1,57
engr0,OP3,PGD,0.7,FGSM,0.5,22.868852459016395,21.0,1,55
engr0,OP3,PGD,0.7,FGSM,0.6,23.049180327868854,21.0,1,55
engr0,OP3,PGD,0.7,FGSM,0.7,23.049180327868854,21.0,1,55
engr0,OP3,PGD,0.7,FGSM,0.8,23.049180327868854,21.0,1,55
engr0,OP3,PGD,0.7,FGSM,0.9,23.049180327868854,21.0,1,55
engr0,OP3,PGD,0.7,FGSM,1.0,23.049180327868854,21.0,1,55
engr0,S7,PGD,0.7,FGSM,0.1,5.016393442622951,3.0,0,44
engr0,S7,PGD,0.7,FGSM,0.2,13.278688524590164,11.0,0,51
engr0,S7,PGD,0.7,FGSM,0.3,18.0,16.0,1,50
engr0,S7,PGD,0.7,FGSM,0.4,23.098360655737704,20.0,1,52
engr0,S7,PGD,0.7,FGSM,0.5,24.081967213114755,22.0,1,52
engr0,S7,PGD,0.7,FGSM,0.6,23.770491803278688,21.0,1,52
engr0,S7,PGD,0.7,FGSM,0.7,23.934426229508198,22.0,1,52
engr0,S7,PGD,0.7,FGSM,0.8,23.934426229508198,22.0,1,52
engr0,S7,PGD,0.7,FGSM,0.9,23.934426229508198,22.0,1,52
engr0,S7,PGD,0.7,FGSM,1.0,23.934426229508198,22.0,1,52
engr0,BLU,PGD,0.8,FGSM,0.1,7.967213114754099,6.0,1,45
engr0,BLU,PGD,0.8,FGSM,0.2,12.934426229508198,11.0,1,43
engr0,BLU,PGD,0.8,FGSM,0.3,17.672131147540984,14.0,1,53
engr0,BLU,PGD,0.8,FGSM,0.4,22.049180327868854,18.0,1,52
engr0,BLU,PGD,0.8,FGSM,0.5,21.852459016393443,18.0,1,52
engr0,BLU,PGD,0.8,FGSM,0.6,21.9672131147541,18.0,1,52
engr0,BLU,PGD,0.8,FGSM,0.7,21.9672131147541,18.0,1,52
engr0,BLU,PGD,0.8,FGSM,0.8,21.9672131147541,18.0,1,52
engr0,BLU,PGD,0.8,FGSM,0.9,21.9672131147541,18.0,1,52
engr0,BLU,PGD,0.8,FGSM,1.0,21.9672131147541,18.0,1,52
engr0,HTC,PGD,0.8,FGSM,0.1,6.540983606557377,6.0,0,19
engr0,HTC,PGD,0.8,FGSM,0.2,11.114754098360656,11.0,1,25
engr0,HTC,PGD,0.8,FGSM,0.3,15.278688524590164,14.0,1,41
engr0,HTC,PGD,0.8,FGSM,0.4,20.114754098360656,18.0,1,49
engr0,HTC,PGD,0.8,FGSM,0.5,20.40983606557377,18.0,1,49
engr0,HTC,PGD,0.8,FGSM,0.6,20.508196721311474,19.0,1,49
engr0,HTC,PGD,0.8,FGSM,0.7,20.508196721311474,19.0,1,49
engr0,HTC,PGD,0.8,FGSM,0.8,20.508196721311474,19.0,1,49
engr0,HTC,PGD,0.8,FGSM,0.9,20.508196721311474,19.0,1,49
engr0,HTC,PGD,0.8,FGSM,1.0,20.508196721311474,19.0,1,49
engr0,LG,PGD,0.8,FGSM,0.1,8.0,4.0,0,43
engr0,LG,PGD,0.8,FGSM,0.2,12.836065573770492,11.0,1,45
engr0,LG,PGD,0.8,FGSM,0.3,18.24590163934426,16.0,3,49
engr0,LG,PGD,0.8,FGSM,0.4,23.901639344262296,19.0,3,50
engr0,LG,PGD,0.8,FGSM,0.5,24.918032786885245,20.0,3,50
engr0,LG,PGD,0.8,FGSM,0.6,25.081967213114755,20.0,3,50
engr0,LG,PGD,0.8,FGSM,0.7,24.81967213114754,20.0,3,50
engr0,LG,PGD,0.8,FGSM,0.8,24.81967213114754,20.0,3,50
engr0,LG,PGD,0.8,FGSM,0.9,24.81967213114754,20.0,3,50
engr0,LG,PGD,0.8,FGSM,1.0,24.81967213114754,20.0,3,50
engr0,MOTO,PGD,0.8,FGSM,0.1,9.80327868852459,7.0,0,57
engr0,MOTO,PGD,0.8,FGSM,0.2,24.049180327868854,22.0,0,57
engr0,MOTO,PGD,0.8,FGSM,0.3,25.770491803278688,25.0,0,54
engr0,MOTO,PGD,0.8,FGSM,0.4,27.19672131147541,27.0,0,57
engr0,MOTO,PGD,0.8,FGSM,0.5,27.19672131147541,27.0,0,57
engr0,MOTO,PGD,0.8,FGSM,0.6,27.19672131147541,27.0,0,57
engr0,MOTO,PGD,0.8,FGSM,0.7,27.19672131147541,27.0,0,57
engr0,MOTO,PGD,0.8,FGSM,0.8,27.19672131147541,27.0,0,57
engr0,MOTO,PGD,0.8,FGSM,0.9,27.19672131147541,27.0,0,57
engr0,MOTO,PGD,0.8,FGSM,1.0,27.19672131147541,27.0,0,57
engr0,OP3,PGD,0.8,FGSM,0.1,7.19672131147541,5.0,0,41
engr0,OP3,PGD,0.8,FGSM,0.2,15.80327868852459,13.0,1,54
engr0,OP3,PGD,0.8,FGSM,0.3,19.16393442622951,18.0,1,50
engr0,OP3,PGD,0.8,FGSM,0.4,22.147540983606557,21.0,1,57
engr0,OP3,PGD,0.8,FGSM,0.5,22.868852459016395,21.0,1,55
engr0,OP3,PGD,0.8,FGSM,0.6,23.049180327868854,21.0,1,55
engr0,OP3,PGD,0.8,FGSM,0.7,23.049180327868854,21.0,1,55
engr0,OP3,PGD,0.8,FGSM,0.8,23.049180327868854,21.0,1,55
engr0,OP3,PGD,0.8,FGSM,0.9,23.049180327868854,21.0,1,55
engr0,OP3,PGD,0.8,FGSM,1.0,23.049180327868854,21.0,1,55
engr0,S7,PGD,0.8,FGSM,0.1,5.016393442622951,3.0,0,44
engr0,S7,PGD,0.8,FGSM,0.2,13.278688524590164,11.0,0,51
engr0,S7,PGD,0.8,FGSM,0.3,18.0,16.0,1,50
engr0,S7,PGD,0.8,FGSM,0.4,23.098360655737704,20.0,1,52
engr0,S7,PGD,0.8,FGSM,0.5,24.081967213114755,22.0,1,52
engr0,S7,PGD,0.8,FGSM,0.6,23.770491803278688,21.0,1,52
engr0,S7,PGD,0.8,FGSM,0.7,23.934426229508198,22.0,1,52
engr0,S7,PGD,0.8,FGSM,0.8,23.934426229508198,22.0,1,52
engr0,S7,PGD,0.8,FGSM,0.9,23.934426229508198,22.0,1,52
engr0,S7,PGD,0.8,FGSM,1.0,23.934426229508198,22.0,1,52
engr0,BLU,PGD,0.9,FGSM,0.1,7.967213114754099,6.0,1,45
engr0,BLU,PGD,0.9,FGSM,0.2,12.934426229508198,11.0,1,43
engr0,BLU,PGD,0.9,FGSM,0.3,17.672131147540984,14.0,1,53
engr0,BLU,PGD,0.9,FGSM,0.4,22.049180327868854,18.0,1,52
engr0,BLU,PGD,0.9,FGSM,0.5,21.852459016393443,18.0,1,52
engr0,BLU,PGD,0.9,FGSM,0.6,21.9672131147541,18.0,1,52
engr0,BLU,PGD,0.9,FGSM,0.7,21.9672131147541,18.0,1,52
engr0,BLU,PGD,0.9,FGSM,0.8,21.9672131147541,18.0,1,52
engr0,BLU,PGD,0.9,FGSM,0.9,21.9672131147541,18.0,1,52
engr0,BLU,PGD,0.9,FGSM,1.0,21.9672131147541,18.0,1,52
engr0,HTC,PGD,0.9,FGSM,0.1,6.540983606557377,6.0,0,19
engr0,HTC,PGD,0.9,FGSM,0.2,11.114754098360656,11.0,1,25
engr0,HTC,PGD,0.9,FGSM,0.3,15.278688524590164,14.0,1,41
engr0,HTC,PGD,0.9,FGSM,0.4,20.114754098360656,18.0,1,49
engr0,HTC,PGD,0.9,FGSM,0.5,20.40983606557377,18.0,1,49
engr0,HTC,PGD,0.9,FGSM,0.6,20.508196721311474,19.0,1,49
engr0,HTC,PGD,0.9,FGSM,0.7,20.508196721311474,19.0,1,49
engr0,HTC,PGD,0.9,FGSM,0.8,20.508196721311474,19.0,1,49
engr0,HTC,PGD,0.9,FGSM,0.9,20.508196721311474,19.0,1,49
engr0,HTC,PGD,0.9,FGSM,1.0,20.508196721311474,19.0,1,49
engr0,LG,PGD,0.9,FGSM,0.1,8.0,4.0,0,43
engr0,LG,PGD,0.9,FGSM,0.2,12.836065573770492,11.0,1,45
engr0,LG,PGD,0.9,FGSM,0.3,18.24590163934426,16.0,3,49
engr0,LG,PGD,0.9,FGSM,0.4,23.901639344262296,19.0,3,50
engr0,LG,PGD,0.9,FGSM,0.5,24.918032786885245,20.0,3,50
engr0,LG,PGD,0.9,FGSM,0.6,25.081967213114755,20.0,3,50
engr0,LG,PGD,0.9,FGSM,0.7,24.81967213114754,20.0,3,50
engr0,LG,PGD,0.9,FGSM,0.8,24.81967213114754,20.0,3,50
engr0,LG,PGD,0.9,FGSM,0.9,24.81967213114754,20.0,3,50
engr0,LG,PGD,0.9,FGSM,1.0,24.81967213114754,20.0,3,50
engr0,MOTO,PGD,0.9,FGSM,0.1,9.80327868852459,7.0,0,57
engr0,MOTO,PGD,0.9,FGSM,0.2,24.049180327868854,22.0,0,57
engr0,MOTO,PGD,0.9,FGSM,0.3,25.770491803278688,25.0,0,54
engr0,MOTO,PGD,0.9,FGSM,0.4,27.19672131147541,27.0,0,57
engr0,MOTO,PGD,0.9,FGSM,0.5,27.19672131147541,27.0,0,57
engr0,MOTO,PGD,0.9,FGSM,0.6,27.19672131147541,27.0,0,57
engr0,MOTO,PGD,0.9,FGSM,0.7,27.19672131147541,27.0,0,57
engr0,MOTO,PGD,0.9,FGSM,0.8,27.19672131147541,27.0,0,57
engr0,MOTO,PGD,0.9,FGSM,0.9,27.19672131147541,27.0,0,57
engr0,MOTO,PGD,0.9,FGSM,1.0,27.19672131147541,27.0,0,57
engr0,OP3,PGD,0.9,FGSM,0.1,7.19672131147541,5.0,0,41
engr0,OP3,PGD,0.9,FGSM,0.2,15.80327868852459,13.0,1,54
engr0,OP3,PGD,0.9,FGSM,0.3,19.16393442622951,18.0,1,50
engr0,OP3,PGD,0.9,FGSM,0.4,22.147540983606557,21.0,1,57
engr0,OP3,PGD,0.9,FGSM,0.5,22.868852459016395,21.0,1,55
engr0,OP3,PGD,0.9,FGSM,0.6,23.049180327868854,21.0,1,55
engr0,OP3,PGD,0.9,FGSM,0.7,23.049180327868854,21.0,1,55
engr0,OP3,PGD,0.9,FGSM,0.8,23.049180327868854,21.0,1,55
engr0,OP3,PGD,0.9,FGSM,0.9,23.049180327868854,21.0,1,55
engr0,OP3,PGD,0.9,FGSM,1.0,23.049180327868854,21.0,1,55
engr0,S7,PGD,0.9,FGSM,0.1,5.016393442622951,3.0,0,44
engr0,S7,PGD,0.9,FGSM,0.2,13.278688524590164,11.0,0,51
engr0,S7,PGD,0.9,FGSM,0.3,18.0,16.0,1,50
engr0,S7,PGD,0.9,FGSM,0.4,23.098360655737704,20.0,1,52
engr0,S7,PGD,0.9,FGSM,0.5,24.081967213114755,22.0,1,52
engr0,S7,PGD,0.9,FGSM,0.6,23.770491803278688,21.0,1,52
engr0,S7,PGD,0.9,FGSM,0.7,23.934426229508198,22.0,1,52
engr0,S7,PGD,0.9,FGSM,0.8,23.934426229508198,22.0,1,52
engr0,S7,PGD,0.9,FGSM,0.9,23.934426229508198,22.0,1,52
engr0,S7,PGD,0.9,FGSM,1.0,23.934426229508198,22.0,1,52
engr0,BLU,PGD,1.0,FGSM,0.1,7.967213114754099,6.0,1,45
engr0,BLU,PGD,1.0,FGSM,0.2,12.934426229508198,11.0,1,43
engr0,BLU,PGD,1.0,FGSM,0.3,17.672131147540984,14.0,1,53
engr0,BLU,PGD,1.0,FGSM,0.4,22.049180327868854,18.0,1,52
engr0,BLU,PGD,1.0,FGSM,0.5,21.852459016393443,18.0,1,52
engr0,BLU,PGD,1.0,FGSM,0.6,21.9672131147541,18.0,1,52
engr0,BLU,PGD,1.0,FGSM,0.7,21.9672131147541,18.0,1,52
engr0,BLU,PGD,1.0,FGSM,0.8,21.9672131147541,18.0,1,52
engr0,BLU,PGD,1.0,FGSM,0.9,21.9672131147541,18.0,1,52
engr0,BLU,PGD,1.0,FGSM,1.0,21.9672131147541,18.0,1,52
engr0,HTC,PGD,1.0,FGSM,0.1,6.540983606557377,6.0,0,19
engr0,HTC,PGD,1.0,FGSM,0.2,11.114754098360656,11.0,1,25
engr0,HTC,PGD,1.0,FGSM,0.3,15.278688524590164,14.0,1,41
engr0,HTC,PGD,1.0,FGSM,0.4,20.114754098360656,18.0,1,49
engr0,HTC,PGD,1.0,FGSM,0.5,20.40983606557377,18.0,1,49
engr0,HTC,PGD,1.0,FGSM,0.6,20.508196721311474,19.0,1,49
engr0,HTC,PGD,1.0,FGSM,0.7,20.508196721311474,19.0,1,49
engr0,HTC,PGD,1.0,FGSM,0.8,20.508196721311474,19.0,1,49
engr0,HTC,PGD,1.0,FGSM,0.9,20.508196721311474,19.0,1,49
engr0,HTC,PGD,1.0,FGSM,1.0,20.508196721311474,19.0,1,49
engr0,LG,PGD,1.0,FGSM,0.1,8.0,4.0,0,43
engr0,LG,PGD,1.0,FGSM,0.2,12.836065573770492,11.0,1,45
engr0,LG,PGD,1.0,FGSM,0.3,18.24590163934426,16.0,3,49
engr0,LG,PGD,1.0,FGSM,0.4,23.901639344262296,19.0,3,50
engr0,LG,PGD,1.0,FGSM,0.5,24.918032786885245,20.0,3,50
engr0,LG,PGD,1.0,FGSM,0.6,25.081967213114755,20.0,3,50
engr0,LG,PGD,1.0,FGSM,0.7,24.81967213114754,20.0,3,50
engr0,LG,PGD,1.0,FGSM,0.8,24.81967213114754,20.0,3,50
engr0,LG,PGD,1.0,FGSM,0.9,24.81967213114754,20.0,3,50
engr0,LG,PGD,1.0,FGSM,1.0,24.81967213114754,20.0,3,50
engr0,MOTO,PGD,1.0,FGSM,0.1,9.80327868852459,7.0,0,57
engr0,MOTO,PGD,1.0,FGSM,0.2,24.049180327868854,22.0,0,57
engr0,MOTO,PGD,1.0,FGSM,0.3,25.770491803278688,25.0,0,54
engr0,MOTO,PGD,1.0,FGSM,0.4,27.19672131147541,27.0,0,57
engr0,MOTO,PGD,1.0,FGSM,0.5,27.19672131147541,27.0,0,57
engr0,MOTO,PGD,1.0,FGSM,0.6,27.19672131147541,27.0,0,57
engr0,MOTO,PGD,1.0,FGSM,0.7,27.19672131147541,27.0,0,57
engr0,MOTO,PGD,1.0,FGSM,0.8,27.19672131147541,27.0,0,57
engr0,MOTO,PGD,1.0,FGSM,0.9,27.19672131147541,27.0,0,57
engr0,MOTO,PGD,1.0,FGSM,1.0,27.19672131147541,27.0,0,57
engr0,OP3,PGD,1.0,FGSM,0.1,7.19672131147541,5.0,0,41
engr0,OP3,PGD,1.0,FGSM,0.2,15.80327868852459,13.0,1,54
engr0,OP3,PGD,1.0,FGSM,0.3,19.16393442622951,18.0,1,50
engr0,OP3,PGD,1.0,FGSM,0.4,22.147540983606557,21.0,1,57
engr0,OP3,PGD,1.0,FGSM,0.5,22.868852459016395,21.0,1,55
engr0,OP3,PGD,1.0,FGSM,0.6,23.049180327868854,21.0,1,55
engr0,OP3,PGD,1.0,FGSM,0.7,23.049180327868854,21.0,1,55
engr0,OP3,PGD,1.0,FGSM,0.8,23.049180327868854,21.0,1,55
engr0,OP3,PGD,1.0,FGSM,0.9,23.049180327868854,21.0,1,55
engr0,OP3,PGD,1.0,FGSM,1.0,23.049180327868854,21.0,1,55
engr0,S7,PGD,1.0,FGSM,0.1,5.016393442622951,3.0,0,44
engr0,S7,PGD,1.0,FGSM,0.2,13.278688524590164,11.0,0,51
engr0,S7,PGD,1.0,FGSM,0.3,18.0,16.0,1,50
engr0,S7,PGD,1.0,FGSM,0.4,23.098360655737704,20.0,1,52
engr0,S7,PGD,1.0,FGSM,0.5,24.081967213114755,22.0,1,52
engr0,S7,PGD,1.0,FGSM,0.6,23.770491803278688,21.0,1,52
engr0,S7,PGD,1.0,FGSM,0.7,23.934426229508198,22.0,1,52
engr0,S7,PGD,1.0,FGSM,0.8,23.934426229508198,22.0,1,52
engr0,S7,PGD,1.0,FGSM,0.9,23.934426229508198,22.0,1,52
engr0,S7,PGD,1.0,FGSM,1.0,23.934426229508198,22.0,1,52
engr0,BLU,MIM,0.1,FGSM,0.1,4.754098360655738,3.0,0,23
engr0,BLU,MIM,0.1,FGSM,0.2,13.770491803278688,13.0,0,47
engr0,BLU,MIM,0.1,FGSM,0.3,17.065573770491802,16.0,0,47
engr0,BLU,MIM,0.1,FGSM,0.4,19.721311475409838,17.0,0,51
engr0,BLU,MIM,0.1,FGSM,0.5,20.62295081967213,18.0,0,51
engr0,BLU,MIM,0.1,FGSM,0.6,20.508196721311474,18.0,0,51
engr0,BLU,MIM,0.1,FGSM,0.7,20.508196721311474,18.0,0,51
engr0,BLU,MIM,0.1,FGSM,0.8,20.508196721311474,18.0,0,51
engr0,BLU,MIM,0.1,FGSM,0.9,20.508196721311474,18.0,0,51
engr0,BLU,MIM,0.1,FGSM,1.0,20.508196721311474,18.0,0,51
engr0,HTC,MIM,0.1,FGSM,0.1,5.540983606557377,4.0,0,26
engr0,HTC,MIM,0.1,FGSM,0.2,13.19672131147541,11.0,0,38
engr0,HTC,MIM,0.1,FGSM,0.3,15.508196721311476,14.0,0,47
engr0,HTC,MIM,0.1,FGSM,0.4,18.737704918032787,17.0,0,53
engr0,HTC,MIM,0.1,FGSM,0.5,19.737704918032787,17.0,0,53
engr0,HTC,MIM,0.1,FGSM,0.6,19.737704918032787,17.0,0,53
engr0,HTC,MIM,0.1,FGSM,0.7,19.737704918032787,17.0,0,53
engr0,HTC,MIM,0.1,FGSM,0.8,19.737704918032787,17.0,0,53
engr0,HTC,MIM,0.1,FGSM,0.9,19.737704918032787,17.0,0,53
engr0,HTC,MIM,0.1,FGSM,1.0,19.737704918032787,17.0,0,53
engr0,LG,MIM,0.1,FGSM,0.1,4.983606557377049,4.0,0,25
engr0,LG,MIM,0.1,FGSM,0.2,11.573770491803279,9.0,0,54
engr0,LG,MIM,0.1,FGSM,0.3,16.0,13.0,0,45
engr0,LG,MIM,0.1,FGSM,0.4,18.278688524590162,17.0,0,49
engr0,LG,MIM,0.1,FGSM,0.5,18.37704918032787,17.0,0,49
engr0,LG,MIM,0.1,FGSM,0.6,18.557377049180328,18.0,0,49
engr0,LG,MIM,0.1,FGSM,0.7,18.557377049180328,18.0,0,49
engr0,LG,MIM,0.1,FGSM,0.8,18.557377049180328,18.0,0,49
engr0,LG,MIM,0.1,FGSM,0.9,18.557377049180328,18.0,0,49
engr0,LG,MIM,0.1,FGSM,1.0,18.557377049180328,18.0,0,49
engr0,MOTO,MIM,0.1,FGSM,0.1,3.2459016393442623,2.0,0,17
engr0,MOTO,MIM,0.1,FGSM,0.2,15.60655737704918,11.0,0,50
engr0,MOTO,MIM,0.1,FGSM,0.3,20.737704918032787,16.0,0,53
engr0,MOTO,MIM,0.1,FGSM,0.4,23.918032786885245,23.0,0,53
engr0,MOTO,MIM,0.1,FGSM,0.5,23.918032786885245,23.0,0,53
engr0,MOTO,MIM,0.1,FGSM,0.6,23.918032786885245,23.0,0,53
engr0,MOTO,MIM,0.1,FGSM,0.7,23.918032786885245,23.0,0,53
engr0,MOTO,MIM,0.1,FGSM,0.8,23.918032786885245,23.0,0,53
engr0,MOTO,MIM,0.1,FGSM,0.9,23.918032786885245,23.0,0,53
engr0,MOTO,MIM,0.1,FGSM,1.0,23.918032786885245,23.0,0,53
engr0,OP3,MIM,0.1,FGSM,0.1,2.5081967213114753,1.0,0,15
engr0,OP3,MIM,0.1,FGSM,0.2,13.114754098360656,9.0,0,46
engr0,OP3,MIM,0.1,FGSM,0.3,15.934426229508198,13.0,0,43
engr0,OP3,MIM,0.1,FGSM,0.4,20.081967213114755,18.0,0,48
engr0,OP3,MIM,0.1,FGSM,0.5,20.311475409836067,18.0,0,48
engr0,OP3,MIM,0.1,FGSM,0.6,20.278688524590162,18.0,0,48
engr0,OP3,MIM,0.1,FGSM,0.7,20.278688524590162,18.0,0,48
engr0,OP3,MIM,0.1,FGSM,0.8,20.278688524590162,18.0,0,48
engr0,OP3,MIM,0.1,FGSM,0.9,20.278688524590162,18.0,0,48
engr0,OP3,MIM,0.1,FGSM,1.0,20.278688524590162,18.0,0,48
engr0,S7,MIM,0.1,FGSM,0.1,5.377049180327869,3.0,0,45
engr0,S7,MIM,0.1,FGSM,0.2,16.21311475409836,13.0,1,50
engr0,S7,MIM,0.1,FGSM,0.3,19.57377049180328,16.0,1,50
engr0,S7,MIM,0.1,FGSM,0.4,23.868852459016395,21.0,1,52
engr0,S7,MIM,0.1,FGSM,0.5,24.80327868852459,21.0,1,52
engr0,S7,MIM,0.1,FGSM,0.6,24.524590163934427,21.0,1,52
engr0,S7,MIM,0.1,FGSM,0.7,24.524590163934427,21.0,1,52
engr0,S7,MIM,0.1,FGSM,0.8,24.524590163934427,21.0,1,52
engr0,S7,MIM,0.1,FGSM,0.9,24.524590163934427,21.0,1,52
engr0,S7,MIM,0.1,FGSM,1.0,24.524590163934427,21.0,1,52
engr0,BLU,MIM,0.2,FGSM,0.1,5.868852459016393,5.0,0,40
engr0,BLU,MIM,0.2,FGSM,0.2,7.147540983606557,6.0,0,33
engr0,BLU,MIM,0.2,FGSM,0.3,17.639344262295083,15.0,0,46
engr0,BLU,MIM,0.2,FGSM,0.4,19.327868852459016,18.0,0,46
engr0,BLU,MIM,0.2,FGSM,0.5,19.508196721311474,18.0,0,46
engr0,BLU,MIM,0.2,FGSM,0.6,19.59016393442623,18.0,0,46
engr0,BLU,MIM,0.2,FGSM,0.7,19.9672131147541,18.0,0,48
engr0,BLU,MIM,0.2,FGSM,0.8,19.9672131147541,18.0,0,48
engr0,BLU,MIM,0.2,FGSM,0.9,19.9672131147541,18.0,0,48
engr0,BLU,MIM,0.2,FGSM,1.0,19.9672131147541,18.0,0,48
engr0,HTC,MIM,0.2,FGSM,0.1,4.983606557377049,4.0,0,23
engr0,HTC,MIM,0.2,FGSM,0.2,10.60655737704918,9.0,0,41
engr0,HTC,MIM,0.2,FGSM,0.3,19.62295081967213,17.0,0,49
engr0,HTC,MIM,0.2,FGSM,0.4,20.37704918032787,18.0,0,50
engr0,HTC,MIM,0.2,FGSM,0.5,19.491803278688526,17.0,0,43
engr0,HTC,MIM,0.2,FGSM,0.6,19.639344262295083,17.0,0,43
engr0,HTC,MIM,0.2,FGSM,0.7,19.557377049180328,17.0,0,43
engr0,HTC,MIM,0.2,FGSM,0.8,19.557377049180328,17.0,0,43
engr0,HTC,MIM,0.2,FGSM,0.9,19.557377049180328,17.0,0,43
engr0,HTC,MIM,0.2,FGSM,1.0,19.557377049180328,17.0,0,43
engr0,LG,MIM,0.2,FGSM,0.1,5.39344262295082,4.0,0,28
engr0,LG,MIM,0.2,FGSM,0.2,6.852459016393443,6.0,0,31
engr0,LG,MIM,0.2,FGSM,0.3,16.114754098360656,13.0,0,59
engr0,LG,MIM,0.2,FGSM,0.4,18.540983606557376,17.0,0,50
engr0,LG,MIM,0.2,FGSM,0.5,17.540983606557376,16.0,0,47
engr0,LG,MIM,0.2,FGSM,0.6,18.131147540983605,16.0,0,47
engr0,LG,MIM,0.2,FGSM,0.7,18.131147540983605,16.0,0,47
engr0,LG,MIM,0.2,FGSM,0.8,18.131147540983605,16.0,0,47
engr0,LG,MIM,0.2,FGSM,0.9,18.131147540983605,16.0,0,47
engr0,LG,MIM,0.2,FGSM,1.0,18.131147540983605,16.0,0,47
engr0,MOTO,MIM,0.2,FGSM,0.1,8.688524590163935,6.0,0,49
engr0,MOTO,MIM,0.2,FGSM,0.2,14.40983606557377,9.0,0,50
engr0,MOTO,MIM,0.2,FGSM,0.3,16.672131147540984,11.0,0,52
engr0,MOTO,MIM,0.2,FGSM,0.4,18.75409836065574,16.0,0,46
engr0,MOTO,MIM,0.2,FGSM,0.5,19.229508196721312,16.0,0,46
engr0,MOTO,MIM,0.2,FGSM,0.6,19.360655737704917,16.0,0,46
engr0,MOTO,MIM,0.2,FGSM,0.7,19.360655737704917,16.0,0,46
engr0,MOTO,MIM,0.2,FGSM,0.8,19.360655737704917,16.0,0,46
engr0,MOTO,MIM,0.2,FGSM,0.9,19.360655737704917,16.0,0,46
engr0,MOTO,MIM,0.2,FGSM,1.0,19.360655737704917,16.0,0,46
engr0,OP3,MIM,0.2,FGSM,0.1,4.688524590163935,3.0,0,21
engr0,OP3,MIM,0.2,FGSM,0.2,5.885245901639344,4.0,0,38
engr0,OP3,MIM,0.2,FGSM,0.3,16.852459016393443,13.0,0,54
engr0,OP3,MIM,0.2,FGSM,0.4,20.508196721311474,19.0,1,48
engr0,OP3,MIM,0.2,FGSM,0.5,20.049180327868854,18.0,1,47
engr0,OP3,MIM,0.2,FGSM,0.6,20.081967213114755,19.0,1,47
engr0,OP3,MIM,0.2,FGSM,0.7,19.770491803278688,19.0,1,47
engr0,OP3,MIM,0.2,FGSM,0.8,19.770491803278688,19.0,1,47
engr0,OP3,MIM,0.2,FGSM,0.9,19.770491803278688,19.0,1,47
engr0,OP3,MIM,0.2,FGSM,1.0,19.770491803278688,19.0,1,47
engr0,S7,MIM,0.2,FGSM,0.1,6.721311475409836,5.0,0,42
engr0,S7,MIM,0.2,FGSM,0.2,9.721311475409836,7.0,0,53
engr0,S7,MIM,0.2,FGSM,0.3,20.950819672131146,19.0,0,53
engr0,S7,MIM,0.2,FGSM,0.4,23.81967213114754,22.0,0,53
engr0,S7,MIM,0.2,FGSM,0.5,23.540983606557376,22.0,0,44
engr0,S7,MIM,0.2,FGSM,0.6,23.57377049180328,22.0,0,48
engr0,S7,MIM,0.2,FGSM,0.7,23.65573770491803,22.0,0,48
engr0,S7,MIM,0.2,FGSM,0.8,23.65573770491803,22.0,0,48
engr0,S7,MIM,0.2,FGSM,0.9,23.65573770491803,22.0,0,48
engr0,S7,MIM,0.2,FGSM,1.0,23.65573770491803,22.0,0,48
engr0,BLU,MIM,0.3,FGSM,0.1,5.688524590163935,5.0,0,26
engr0,BLU,MIM,0.3,FGSM,0.2,11.475409836065573,10.0,0,41
engr0,BLU,MIM,0.3,FGSM,0.3,10.245901639344263,5.0,0,34
engr0,BLU,MIM,0.3,FGSM,0.4,17.262295081967213,16.0,0,41
engr0,BLU,MIM,0.3,FGSM,0.5,18.21311475409836,16.0,0,41
engr0,BLU,MIM,0.3,FGSM,0.6,18.18032786885246,16.0,0,44
engr0,BLU,MIM,0.3,FGSM,0.7,17.918032786885245,16.0,0,36
engr0,BLU,MIM,0.3,FGSM,0.8,17.918032786885245,16.0,0,36
engr0,BLU,MIM,0.3,FGSM,0.9,17.918032786885245,16.0,0,36
engr0,BLU,MIM,0.3,FGSM,1.0,17.918032786885245,16.0,0,36
engr0,HTC,MIM,0.3,FGSM,0.1,5.426229508196721,3.0,0,21
engr0,HTC,MIM,0.3,FGSM,0.2,11.426229508196721,10.0,0,30
engr0,HTC,MIM,0.3,FGSM,0.3,11.934426229508198,12.0,0,33
engr0,HTC,MIM,0.3,FGSM,0.4,17.18032786885246,15.0,0,37
engr0,HTC,MIM,0.3,FGSM,0.5,17.901639344262296,15.0,0,43
engr0,HTC,MIM,0.3,FGSM,0.6,17.475409836065573,15.0,0,43
engr0,HTC,MIM,0.3,FGSM,0.7,17.442622950819672,15.0,0,43
engr0,HTC,MIM,0.3,FGSM,0.8,17.24590163934426,15.0,0,43
engr0,HTC,MIM,0.3,FGSM,0.9,17.24590163934426,15.0,0,43
engr0,HTC,MIM,0.3,FGSM,1.0,17.24590163934426,15.0,0,43
engr0,LG,MIM,0.3,FGSM,0.1,5.508196721311475,4.0,0,22
engr0,LG,MIM,0.3,FGSM,0.2,9.491803278688524,8.0,0,39
engr0,LG,MIM,0.3,FGSM,0.3,10.426229508196721,10.0,0,37
engr0,LG,MIM,0.3,FGSM,0.4,16.852459016393443,16.0,0,41
engr0,LG,MIM,0.3,FGSM,0.5,18.672131147540984,18.0,0,47
engr0,LG,MIM,0.3,FGSM,0.6,18.114754098360656,17.0,0,47
engr0,LG,MIM,0.3,FGSM,0.7,17.688524590163933,16.0,0,47
engr0,LG,MIM,0.3,FGSM,0.8,17.672131147540984,16.0,0,47
engr0,LG,MIM,0.3,FGSM,0.9,17.672131147540984,16.0,0,47
engr0,LG,MIM,0.3,FGSM,1.0,17.672131147540984,16.0,0,47
engr0,MOTO,MIM,0.3,FGSM,0.1,6.295081967213115,4.0,0,21
engr0,MOTO,MIM,0.3,FGSM,0.2,17.327868852459016,12.0,0,54
engr0,MOTO,MIM,0.3,FGSM,0.3,24.34426229508197,24.0,1,54
engr0,MOTO,MIM,0.3,FGSM,0.4,23.131147540983605,23.0,1,53
engr0,MOTO,MIM,0.3,FGSM,0.5,22.360655737704917,23.0,1,53
engr0,MOTO,MIM,0.3,FGSM,0.6,24.147540983606557,23.0,0,52
engr0,MOTO,MIM,0.3,FGSM,0.7,23.918032786885245,23.0,0,53
engr0,MOTO,MIM,0.3,FGSM,0.8,23.918032786885245,23.0,0,53
engr0,MOTO,MIM,0.3,FGSM,0.9,23.918032786885245,23.0,0,53
engr0,MOTO,MIM,0.3,FGSM,1.0,23.918032786885245,23.0,0,53
engr0,OP3,MIM,0.3,FGSM,0.1,4.573770491803279,4.0,0,14
engr0,OP3,MIM,0.3,FGSM,0.2,9.065573770491802,7.0,0,38
engr0,OP3,MIM,0.3,FGSM,0.3,9.032786885245901,5.0,0,39
engr0,OP3,MIM,0.3,FGSM,0.4,18.78688524590164,18.0,1,43
engr0,OP3,MIM,0.3,FGSM,0.5,18.491803278688526,16.0,1,44
engr0,OP3,MIM,0.3,FGSM,0.6,18.147540983606557,16.0,1,42
engr0,OP3,MIM,0.3,FGSM,0.7,17.983606557377048,16.0,1,42
engr0,OP3,MIM,0.3,FGSM,0.8,17.868852459016395,16.0,1,42
engr0,OP3,MIM,0.3,FGSM,0.9,17.868852459016395,16.0,1,42
engr0,OP3,MIM,0.3,FGSM,1.0,17.868852459016395,16.0,1,42
engr0,S7,MIM,0.3,FGSM,0.1,6.918032786885246,6.0,0,42
engr0,S7,MIM,0.3,FGSM,0.2,12.868852459016393,11.0,0,42
engr0,S7,MIM,0.3,FGSM,0.3,12.491803278688524,9.0,0,54
engr0,S7,MIM,0.3,FGSM,0.4,19.950819672131146,20.0,0,52
engr0,S7,MIM,0.3,FGSM,0.5,19.868852459016395,20.0,0,52
engr0,S7,MIM,0.3,FGSM,0.6,19.327868852459016,20.0,0,52
engr0,S7,MIM,0.3,FGSM,0.7,19.016393442622952,18.0,0,52
engr0,S7,MIM,0.3,FGSM,0.8,19.016393442622952,18.0,0,52
engr0,S7,MIM,0.3,FGSM,0.9,19.016393442622952,18.0,0,52
engr0,S7,MIM,0.3,FGSM,1.0,19.016393442622952,18.0,0,52
engr0,BLU,MIM,0.4,FGSM,0.1,5.868852459016393,5.0,0,18
engr0,BLU,MIM,0.4,FGSM,0.2,11.655737704918034,9.0,0,44
engr0,BLU,MIM,0.4,FGSM,0.3,14.672131147540984,13.0,0,44
engr0,BLU,MIM,0.4,FGSM,0.4,14.360655737704919,13.0,1,44
engr0,BLU,MIM,0.4,FGSM,0.5,15.672131147540984,15.0,1,42
engr0,BLU,MIM,0.4,FGSM,0.6,16.39344262295082,15.0,1,42
engr0,BLU,MIM,0.4,FGSM,0.7,16.147540983606557,15.0,1,42
engr0,BLU,MIM,0.4,FGSM,0.8,16.950819672131146,16.0,1,42
engr0,BLU,MIM,0.4,FGSM,0.9,16.934426229508198,16.0,1,42
engr0,BLU,MIM,0.4,FGSM,1.0,16.934426229508198,16.0,1,42
engr0,HTC,MIM,0.4,FGSM,0.1,5.770491803278689,5.0,0,18
engr0,HTC,MIM,0.4,FGSM,0.2,10.78688524590164,8.0,1,46
engr0,HTC,MIM,0.4,FGSM,0.3,14.229508196721312,11.0,1,44
engr0,HTC,MIM,0.4,FGSM,0.4,16.065573770491802,14.0,1,41
engr0,HTC,MIM,0.4,FGSM,0.5,15.901639344262295,14.0,1,43
engr0,HTC,MIM,0.4,FGSM,0.6,16.540983606557376,14.0,1,43
engr0,HTC,MIM,0.4,FGSM,0.7,17.0,14.0,1,43
engr0,HTC,MIM,0.4,FGSM,0.8,16.688524590163933,14.0,1,43
engr0,HTC,MIM,0.4,FGSM,0.9,16.688524590163933,14.0,1,43
engr0,HTC,MIM,0.4,FGSM,1.0,16.688524590163933,14.0,1,43
engr0,LG,MIM,0.4,FGSM,0.1,5.377049180327869,4.0,0,27
engr0,LG,MIM,0.4,FGSM,0.2,9.262295081967213,9.0,0,37
engr0,LG,MIM,0.4,FGSM,0.3,13.262295081967213,11.0,0,44
engr0,LG,MIM,0.4,FGSM,0.4,13.229508196721312,11.0,0,45
engr0,LG,MIM,0.4,FGSM,0.5,16.475409836065573,15.0,0,45
engr0,LG,MIM,0.4,FGSM,0.6,17.80327868852459,16.0,0,40
engr0,LG,MIM,0.4,FGSM,0.7,18.360655737704917,18.0,0,40
engr0,LG,MIM,0.4,FGSM,0.8,18.37704918032787,19.0,0,40
engr0,LG,MIM,0.4,FGSM,0.9,18.37704918032787,19.0,0,40
engr0,LG,MIM,0.4,FGSM,1.0,18.37704918032787,19.0,0,40
engr0,MOTO,MIM,0.4,FGSM,0.1,6.918032786885246,5.0,0,30
engr0,MOTO,MIM,0.4,FGSM,0.2,18.672131147540984,14.0,0,50
engr0,MOTO,MIM,0.4,FGSM,0.3,23.557377049180328,22.0,0,54
engr0,MOTO,MIM,0.4,FGSM,0.4,26.639344262295083,29.0,0,59
engr0,MOTO,MIM,0.4,FGSM,0.5,28.295081967213115,29.0,0,59
engr0,MOTO,MIM,0.4,FGSM,0.6,28.934426229508198,29.0,0,59
engr0,MOTO,MIM,0.4,FGSM,0.7,28.934426229508198,29.0,0,59
engr0,MOTO,MIM,0.4,FGSM,0.8,28.934426229508198,29.0,0,59
engr0,MOTO,MIM,0.4,FGSM,0.9,28.934426229508198,29.0,0,59
engr0,MOTO,MIM,0.4,FGSM,1.0,28.934426229508198,29.0,0,59
engr0,OP3,MIM,0.4,FGSM,0.1,5.163934426229508,4.0,0,15
engr0,OP3,MIM,0.4,FGSM,0.2,8.80327868852459,7.0,0,38
engr0,OP3,MIM,0.4,FGSM,0.3,12.163934426229508,8.0,0,41
engr0,OP3,MIM,0.4,FGSM,0.4,13.147540983606557,10.0,0,45
engr0,OP3,MIM,0.4,FGSM,0.5,17.9672131147541,18.0,0,45
engr0,OP3,MIM,0.4,FGSM,0.6,18.40983606557377,19.0,0,45
engr0,OP3,MIM,0.4,FGSM,0.7,18.60655737704918,19.0,0,45
engr0,OP3,MIM,0.4,FGSM,0.8,18.147540983606557,19.0,0,45
engr0,OP3,MIM,0.4,FGSM,0.9,18.147540983606557,19.0,0,45
engr0,OP3,MIM,0.4,FGSM,1.0,18.147540983606557,19.0,0,45
engr0,S7,MIM,0.4,FGSM,0.1,6.163934426229508,6.0,0,14
engr0,S7,MIM,0.4,FGSM,0.2,11.60655737704918,11.0,0,41
engr0,S7,MIM,0.4,FGSM,0.3,14.934426229508198,13.0,0,50
engr0,S7,MIM,0.4,FGSM,0.4,17.049180327868854,16.0,0,50
engr0,S7,MIM,0.4,FGSM,0.5,18.524590163934427,19.0,0,50
engr0,S7,MIM,0.4,FGSM,0.6,20.360655737704917,21.0,0,50
engr0,S7,MIM,0.4,FGSM,0.7,20.360655737704917,21.0,0,50
engr0,S7,MIM,0.4,FGSM,0.8,20.442622950819672,21.0,0,50
engr0,S7,MIM,0.4,FGSM,0.9,20.442622950819672,21.0,0,50
engr0,S7,MIM,0.4,FGSM,1.0,20.442622950819672,21.0,0,50
engr0,BLU,MIM,0.5,FGSM,0.1,5.868852459016393,5.0,0,18
engr0,BLU,MIM,0.5,FGSM,0.2,11.655737704918034,9.0,0,44
engr0,BLU,MIM,0.5,FGSM,0.3,14.672131147540984,13.0,0,44
engr0,BLU,MIM,0.5,FGSM,0.4,14.360655737704919,13.0,1,44
engr0,BLU,MIM,0.5,FGSM,0.5,15.672131147540984,15.0,1,42
engr0,BLU,MIM,0.5,FGSM,0.6,16.39344262295082,15.0,1,42
engr0,BLU,MIM,0.5,FGSM,0.7,16.147540983606557,15.0,1,42
engr0,BLU,MIM,0.5,FGSM,0.8,16.950819672131146,16.0,1,42
engr0,BLU,MIM,0.5,FGSM,0.9,16.934426229508198,16.0,1,42
engr0,BLU,MIM,0.5,FGSM,1.0,16.934426229508198,16.0,1,42
engr0,HTC,MIM,0.5,FGSM,0.1,5.770491803278689,5.0,0,18
engr0,HTC,MIM,0.5,FGSM,0.2,10.78688524590164,8.0,1,46
engr0,HTC,MIM,0.5,FGSM,0.3,14.229508196721312,11.0,1,44
engr0,HTC,MIM,0.5,FGSM,0.4,16.065573770491802,14.0,1,41
engr0,HTC,MIM,0.5,FGSM,0.5,15.901639344262295,14.0,1,43
engr0,HTC,MIM,0.5,FGSM,0.6,16.540983606557376,14.0,1,43
engr0,HTC,MIM,0.5,FGSM,0.7,17.0,14.0,1,43
engr0,HTC,MIM,0.5,FGSM,0.8,16.688524590163933,14.0,1,43
engr0,HTC,MIM,0.5,FGSM,0.9,16.688524590163933,14.0,1,43
engr0,HTC,MIM,0.5,FGSM,1.0,16.688524590163933,14.0,1,43
engr0,LG,MIM,0.5,FGSM,0.1,5.377049180327869,4.0,0,27
engr0,LG,MIM,0.5,FGSM,0.2,9.262295081967213,9.0,0,37
engr0,LG,MIM,0.5,FGSM,0.3,13.262295081967213,11.0,0,44
engr0,LG,MIM,0.5,FGSM,0.4,13.229508196721312,11.0,0,45
engr0,LG,MIM,0.5,FGSM,0.5,16.475409836065573,15.0,0,45
engr0,LG,MIM,0.5,FGSM,0.6,17.80327868852459,16.0,0,40
engr0,LG,MIM,0.5,FGSM,0.7,18.360655737704917,18.0,0,40
engr0,LG,MIM,0.5,FGSM,0.8,18.37704918032787,19.0,0,40
engr0,LG,MIM,0.5,FGSM,0.9,18.37704918032787,19.0,0,40
engr0,LG,MIM,0.5,FGSM,1.0,18.37704918032787,19.0,0,40
engr0,MOTO,MIM,0.5,FGSM,0.1,6.918032786885246,5.0,0,30
engr0,MOTO,MIM,0.5,FGSM,0.2,18.672131147540984,14.0,0,50
engr0,MOTO,MIM,0.5,FGSM,0.3,23.557377049180328,22.0,0,54
engr0,MOTO,MIM,0.5,FGSM,0.4,26.639344262295083,29.0,0,59
engr0,MOTO,MIM,0.5,FGSM,0.5,28.295081967213115,29.0,0,59
engr0,MOTO,MIM,0.5,FGSM,0.6,28.934426229508198,29.0,0,59
engr0,MOTO,MIM,0.5,FGSM,0.7,28.934426229508198,29.0,0,59
engr0,MOTO,MIM,0.5,FGSM,0.8,28.934426229508198,29.0,0,59
engr0,MOTO,MIM,0.5,FGSM,0.9,28.934426229508198,29.0,0,59
engr0,MOTO,MIM,0.5,FGSM,1.0,28.934426229508198,29.0,0,59
engr0,OP3,MIM,0.5,FGSM,0.1,5.163934426229508,4.0,0,15
engr0,OP3,MIM,0.5,FGSM,0.2,8.80327868852459,7.0,0,38
engr0,OP3,MIM,0.5,FGSM,0.3,12.163934426229508,8.0,0,41
engr0,OP3,MIM,0.5,FGSM,0.4,13.147540983606557,10.0,0,45
engr0,OP3,MIM,0.5,FGSM,0.5,17.9672131147541,18.0,0,45
engr0,OP3,MIM,0.5,FGSM,0.6,18.40983606557377,19.0,0,45
engr0,OP3,MIM,0.5,FGSM,0.7,18.60655737704918,19.0,0,45
engr0,OP3,MIM,0.5,FGSM,0.8,18.147540983606557,19.0,0,45
engr0,OP3,MIM,0.5,FGSM,0.9,18.147540983606557,19.0,0,45
engr0,OP3,MIM,0.5,FGSM,1.0,18.147540983606557,19.0,0,45
engr0,S7,MIM,0.5,FGSM,0.1,6.163934426229508,6.0,0,14
engr0,S7,MIM,0.5,FGSM,0.2,11.60655737704918,11.0,0,41
engr0,S7,MIM,0.5,FGSM,0.3,14.934426229508198,13.0,0,50
engr0,S7,MIM,0.5,FGSM,0.4,17.049180327868854,16.0,0,50
engr0,S7,MIM,0.5,FGSM,0.5,18.524590163934427,19.0,0,50
engr0,S7,MIM,0.5,FGSM,0.6,20.360655737704917,21.0,0,50
engr0,S7,MIM,0.5,FGSM,0.7,20.360655737704917,21.0,0,50
engr0,S7,MIM,0.5,FGSM,0.8,20.442622950819672,21.0,0,50
engr0,S7,MIM,0.5,FGSM,0.9,20.442622950819672,21.0,0,50
engr0,S7,MIM,0.5,FGSM,1.0,20.442622950819672,21.0,0,50
engr0,BLU,MIM,0.6,FGSM,0.1,5.868852459016393,5.0,0,18
engr0,BLU,MIM,0.6,FGSM,0.2,11.655737704918034,9.0,0,44
engr0,BLU,MIM,0.6,FGSM,0.3,14.672131147540984,13.0,0,44
engr0,BLU,MIM,0.6,FGSM,0.4,14.360655737704919,13.0,1,44
engr0,BLU,MIM,0.6,FGSM,0.5,15.672131147540984,15.0,1,42
engr0,BLU,MIM,0.6,FGSM,0.6,16.39344262295082,15.0,1,42
engr0,BLU,MIM,0.6,FGSM,0.7,16.147540983606557,15.0,1,42
engr0,BLU,MIM,0.6,FGSM,0.8,16.950819672131146,16.0,1,42
engr0,BLU,MIM,0.6,FGSM,0.9,16.934426229508198,16.0,1,42
engr0,BLU,MIM,0.6,FGSM,1.0,16.934426229508198,16.0,1,42
engr0,HTC,MIM,0.6,FGSM,0.1,5.770491803278689,5.0,0,18
engr0,HTC,MIM,0.6,FGSM,0.2,10.78688524590164,8.0,1,46
engr0,HTC,MIM,0.6,FGSM,0.3,14.229508196721312,11.0,1,44
engr0,HTC,MIM,0.6,FGSM,0.4,16.065573770491802,14.0,1,41
engr0,HTC,MIM,0.6,FGSM,0.5,15.901639344262295,14.0,1,43
engr0,HTC,MIM,0.6,FGSM,0.6,16.540983606557376,14.0,1,43
engr0,HTC,MIM,0.6,FGSM,0.7,17.0,14.0,1,43
engr0,HTC,MIM,0.6,FGSM,0.8,16.688524590163933,14.0,1,43
engr0,HTC,MIM,0.6,FGSM,0.9,16.688524590163933,14.0,1,43
engr0,HTC,MIM,0.6,FGSM,1.0,16.688524590163933,14.0,1,43
engr0,LG,MIM,0.6,FGSM,0.1,5.377049180327869,4.0,0,27
engr0,LG,MIM,0.6,FGSM,0.2,9.262295081967213,9.0,0,37
engr0,LG,MIM,0.6,FGSM,0.3,13.262295081967213,11.0,0,44
engr0,LG,MIM,0.6,FGSM,0.4,13.229508196721312,11.0,0,45
engr0,LG,MIM,0.6,FGSM,0.5,16.475409836065573,15.0,0,45
engr0,LG,MIM,0.6,FGSM,0.6,17.80327868852459,16.0,0,40
engr0,LG,MIM,0.6,FGSM,0.7,18.360655737704917,18.0,0,40
engr0,LG,MIM,0.6,FGSM,0.8,18.37704918032787,19.0,0,40
engr0,LG,MIM,0.6,FGSM,0.9,18.37704918032787,19.0,0,40
engr0,LG,MIM,0.6,FGSM,1.0,18.37704918032787,19.0,0,40
engr0,MOTO,MIM,0.6,FGSM,0.1,6.918032786885246,5.0,0,30
engr0,MOTO,MIM,0.6,FGSM,0.2,18.672131147540984,14.0,0,50
engr0,MOTO,MIM,0.6,FGSM,0.3,23.557377049180328,22.0,0,54
engr0,MOTO,MIM,0.6,FGSM,0.4,26.639344262295083,29.0,0,59
engr0,MOTO,MIM,0.6,FGSM,0.5,28.295081967213115,29.0,0,59
engr0,MOTO,MIM,0.6,FGSM,0.6,28.934426229508198,29.0,0,59
engr0,MOTO,MIM,0.6,FGSM,0.7,28.934426229508198,29.0,0,59
engr0,MOTO,MIM,0.6,FGSM,0.8,28.934426229508198,29.0,0,59
engr0,MOTO,MIM,0.6,FGSM,0.9,28.934426229508198,29.0,0,59
engr0,MOTO,MIM,0.6,FGSM,1.0,28.934426229508198,29.0,0,59
engr0,OP3,MIM,0.6,FGSM,0.1,5.163934426229508,4.0,0,15
engr0,OP3,MIM,0.6,FGSM,0.2,8.80327868852459,7.0,0,38
engr0,OP3,MIM,0.6,FGSM,0.3,12.163934426229508,8.0,0,41
engr0,OP3,MIM,0.6,FGSM,0.4,13.147540983606557,10.0,0,45
engr0,OP3,MIM,0.6,FGSM,0.5,17.9672131147541,18.0,0,45
engr0,OP3,MIM,0.6,FGSM,0.6,18.40983606557377,19.0,0,45
engr0,OP3,MIM,0.6,FGSM,0.7,18.60655737704918,19.0,0,45
engr0,OP3,MIM,0.6,FGSM,0.8,18.147540983606557,19.0,0,45
engr0,OP3,MIM,0.6,FGSM,0.9,18.147540983606557,19.0,0,45
engr0,OP3,MIM,0.6,FGSM,1.0,18.147540983606557,19.0,0,45
engr0,S7,MIM,0.6,FGSM,0.1,6.163934426229508,6.0,0,14
engr0,S7,MIM,0.6,FGSM,0.2,11.60655737704918,11.0,0,41
engr0,S7,MIM,0.6,FGSM,0.3,14.934426229508198,13.0,0,50
engr0,S7,MIM,0.6,FGSM,0.4,17.049180327868854,16.0,0,50
engr0,S7,MIM,0.6,FGSM,0.5,18.524590163934427,19.0,0,50
engr0,S7,MIM,0.6,FGSM,0.6,20.360655737704917,21.0,0,50
engr0,S7,MIM,0.6,FGSM,0.7,20.360655737704917,21.0,0,50
engr0,S7,MIM,0.6,FGSM,0.8,20.442622950819672,21.0,0,50
engr0,S7,MIM,0.6,FGSM,0.9,20.442622950819672,21.0,0,50
engr0,S7,MIM,0.6,FGSM,1.0,20.442622950819672,21.0,0,50
engr0,BLU,MIM,0.7,FGSM,0.1,5.868852459016393,5.0,0,18
engr0,BLU,MIM,0.7,FGSM,0.2,11.655737704918034,9.0,0,44
engr0,BLU,MIM,0.7,FGSM,0.3,14.672131147540984,13.0,0,44
engr0,BLU,MIM,0.7,FGSM,0.4,14.360655737704919,13.0,1,44
engr0,BLU,MIM,0.7,FGSM,0.5,15.672131147540984,15.0,1,42
engr0,BLU,MIM,0.7,FGSM,0.6,16.39344262295082,15.0,1,42
engr0,BLU,MIM,0.7,FGSM,0.7,16.147540983606557,15.0,1,42
engr0,BLU,MIM,0.7,FGSM,0.8,16.950819672131146,16.0,1,42
engr0,BLU,MIM,0.7,FGSM,0.9,16.934426229508198,16.0,1,42
engr0,BLU,MIM,0.7,FGSM,1.0,16.934426229508198,16.0,1,42
engr0,HTC,MIM,0.7,FGSM,0.1,5.770491803278689,5.0,0,18
engr0,HTC,MIM,0.7,FGSM,0.2,10.78688524590164,8.0,1,46
engr0,HTC,MIM,0.7,FGSM,0.3,14.229508196721312,11.0,1,44
engr0,HTC,MIM,0.7,FGSM,0.4,16.065573770491802,14.0,1,41
engr0,HTC,MIM,0.7,FGSM,0.5,15.901639344262295,14.0,1,43
engr0,HTC,MIM,0.7,FGSM,0.6,16.540983606557376,14.0,1,43
engr0,HTC,MIM,0.7,FGSM,0.7,17.0,14.0,1,43
engr0,HTC,MIM,0.7,FGSM,0.8,16.688524590163933,14.0,1,43
engr0,HTC,MIM,0.7,FGSM,0.9,16.688524590163933,14.0,1,43
engr0,HTC,MIM,0.7,FGSM,1.0,16.688524590163933,14.0,1,43
engr0,LG,MIM,0.7,FGSM,0.1,5.377049180327869,4.0,0,27
engr0,LG,MIM,0.7,FGSM,0.2,9.262295081967213,9.0,0,37
engr0,LG,MIM,0.7,FGSM,0.3,13.262295081967213,11.0,0,44
engr0,LG,MIM,0.7,FGSM,0.4,13.229508196721312,11.0,0,45
engr0,LG,MIM,0.7,FGSM,0.5,16.475409836065573,15.0,0,45
engr0,LG,MIM,0.7,FGSM,0.6,17.80327868852459,16.0,0,40
engr0,LG,MIM,0.7,FGSM,0.7,18.360655737704917,18.0,0,40
engr0,LG,MIM,0.7,FGSM,0.8,18.37704918032787,19.0,0,40
engr0,LG,MIM,0.7,FGSM,0.9,18.37704918032787,19.0,0,40
engr0,LG,MIM,0.7,FGSM,1.0,18.37704918032787,19.0,0,40
engr0,MOTO,MIM,0.7,FGSM,0.1,6.918032786885246,5.0,0,30
engr0,MOTO,MIM,0.7,FGSM,0.2,18.672131147540984,14.0,0,50
engr0,MOTO,MIM,0.7,FGSM,0.3,23.557377049180328,22.0,0,54
engr0,MOTO,MIM,0.7,FGSM,0.4,26.639344262295083,29.0,0,59
engr0,MOTO,MIM,0.7,FGSM,0.5,28.295081967213115,29.0,0,59
engr0,MOTO,MIM,0.7,FGSM,0.6,28.934426229508198,29.0,0,59
engr0,MOTO,MIM,0.7,FGSM,0.7,28.934426229508198,29.0,0,59
engr0,MOTO,MIM,0.7,FGSM,0.8,28.934426229508198,29.0,0,59
engr0,MOTO,MIM,0.7,FGSM,0.9,28.934426229508198,29.0,0,59
engr0,MOTO,MIM,0.7,FGSM,1.0,28.934426229508198,29.0,0,59
engr0,OP3,MIM,0.7,FGSM,0.1,5.163934426229508,4.0,0,15
engr0,OP3,MIM,0.7,FGSM,0.2,8.80327868852459,7.0,0,38
engr0,OP3,MIM,0.7,FGSM,0.3,12.163934426229508,8.0,0,41
engr0,OP3,MIM,0.7,FGSM,0.4,13.147540983606557,10.0,0,45
engr0,OP3,MIM,0.7,FGSM,0.5,17.9672131147541,18.0,0,45
engr0,OP3,MIM,0.7,FGSM,0.6,18.40983606557377,19.0,0,45
engr0,OP3,MIM,0.7,FGSM,0.7,18.60655737704918,19.0,0,45
engr0,OP3,MIM,0.7,FGSM,0.8,18.147540983606557,19.0,0,45
engr0,OP3,MIM,0.7,FGSM,0.9,18.147540983606557,19.0,0,45
engr0,OP3,MIM,0.7,FGSM,1.0,18.147540983606557,19.0,0,45
engr0,S7,MIM,0.7,FGSM,0.1,6.163934426229508,6.0,0,14
engr0,S7,MIM,0.7,FGSM,0.2,11.60655737704918,11.0,0,41
engr0,S7,MIM,0.7,FGSM,0.3,14.934426229508198,13.0,0,50
engr0,S7,MIM,0.7,FGSM,0.4,17.049180327868854,16.0,0,50
engr0,S7,MIM,0.7,FGSM,0.5,18.524590163934427,19.0,0,50
engr0,S7,MIM,0.7,FGSM,0.6,20.360655737704917,21.0,0,50
engr0,S7,MIM,0.7,FGSM,0.7,20.360655737704917,21.0,0,50
engr0,S7,MIM,0.7,FGSM,0.8,20.442622950819672,21.0,0,50
engr0,S7,MIM,0.7,FGSM,0.9,20.442622950819672,21.0,0,50
engr0,S7,MIM,0.7,FGSM,1.0,20.442622950819672,21.0,0,50
engr0,BLU,MIM,0.8,FGSM,0.1,5.868852459016393,5.0,0,18
engr0,BLU,MIM,0.8,FGSM,0.2,11.655737704918034,9.0,0,44
engr0,BLU,MIM,0.8,FGSM,0.3,14.672131147540984,13.0,0,44
engr0,BLU,MIM,0.8,FGSM,0.4,14.360655737704919,13.0,1,44
engr0,BLU,MIM,0.8,FGSM,0.5,15.672131147540984,15.0,1,42
engr0,BLU,MIM,0.8,FGSM,0.6,16.39344262295082,15.0,1,42
engr0,BLU,MIM,0.8,FGSM,0.7,16.147540983606557,15.0,1,42
engr0,BLU,MIM,0.8,FGSM,0.8,16.950819672131146,16.0,1,42
engr0,BLU,MIM,0.8,FGSM,0.9,16.934426229508198,16.0,1,42
engr0,BLU,MIM,0.8,FGSM,1.0,16.934426229508198,16.0,1,42
engr0,HTC,MIM,0.8,FGSM,0.1,5.770491803278689,5.0,0,18
engr0,HTC,MIM,0.8,FGSM,0.2,10.78688524590164,8.0,1,46
engr0,HTC,MIM,0.8,FGSM,0.3,14.229508196721312,11.0,1,44
engr0,HTC,MIM,0.8,FGSM,0.4,16.065573770491802,14.0,1,41
engr0,HTC,MIM,0.8,FGSM,0.5,15.901639344262295,14.0,1,43
engr0,HTC,MIM,0.8,FGSM,0.6,16.540983606557376,14.0,1,43
engr0,HTC,MIM,0.8,FGSM,0.7,17.0,14.0,1,43
engr0,HTC,MIM,0.8,FGSM,0.8,16.688524590163933,14.0,1,43
engr0,HTC,MIM,0.8,FGSM,0.9,16.688524590163933,14.0,1,43
engr0,HTC,MIM,0.8,FGSM,1.0,16.688524590163933,14.0,1,43
engr0,LG,MIM,0.8,FGSM,0.1,5.377049180327869,4.0,0,27
engr0,LG,MIM,0.8,FGSM,0.2,9.262295081967213,9.0,0,37
engr0,LG,MIM,0.8,FGSM,0.3,13.262295081967213,11.0,0,44
engr0,LG,MIM,0.8,FGSM,0.4,13.229508196721312,11.0,0,45
engr0,LG,MIM,0.8,FGSM,0.5,16.475409836065573,15.0,0,45
engr0,LG,MIM,0.8,FGSM,0.6,17.80327868852459,16.0,0,40
engr0,LG,MIM,0.8,FGSM,0.7,18.360655737704917,18.0,0,40
engr0,LG,MIM,0.8,FGSM,0.8,18.37704918032787,19.0,0,40
engr0,LG,MIM,0.8,FGSM,0.9,18.37704918032787,19.0,0,40
engr0,LG,MIM,0.8,FGSM,1.0,18.37704918032787,19.0,0,40
engr0,MOTO,MIM,0.8,FGSM,0.1,6.918032786885246,5.0,0,30
engr0,MOTO,MIM,0.8,FGSM,0.2,18.672131147540984,14.0,0,50
engr0,MOTO,MIM,0.8,FGSM,0.3,23.557377049180328,22.0,0,54
engr0,MOTO,MIM,0.8,FGSM,0.4,26.639344262295083,29.0,0,59
engr0,MOTO,MIM,0.8,FGSM,0.5,28.295081967213115,29.0,0,59
engr0,MOTO,MIM,0.8,FGSM,0.6,28.934426229508198,29.0,0,59
engr0,MOTO,MIM,0.8,FGSM,0.7,28.934426229508198,29.0,0,59
engr0,MOTO,MIM,0.8,FGSM,0.8,28.934426229508198,29.0,0,59
engr0,MOTO,MIM,0.8,FGSM,0.9,28.934426229508198,29.0,0,59
engr0,MOTO,MIM,0.8,FGSM,1.0,28.934426229508198,29.0,0,59
engr0,OP3,MIM,0.8,FGSM,0.1,5.163934426229508,4.0,0,15
engr0,OP3,MIM,0.8,FGSM,0.2,8.80327868852459,7.0,0,38
engr0,OP3,MIM,0.8,FGSM,0.3,12.163934426229508,8.0,0,41
engr0,OP3,MIM,0.8,FGSM,0.4,13.147540983606557,10.0,0,45
engr0,OP3,MIM,0.8,FGSM,0.5,17.9672131147541,18.0,0,45
engr0,OP3,MIM,0.8,FGSM,0.6,18.40983606557377,19.0,0,45
engr0,OP3,MIM,0.8,FGSM,0.7,18.60655737704918,19.0,0,45
engr0,OP3,MIM,0.8,FGSM,0.8,18.147540983606557,19.0,0,45
engr0,OP3,MIM,0.8,FGSM,0.9,18.147540983606557,19.0,0,45
engr0,OP3,MIM,0.8,FGSM,1.0,18.147540983606557,19.0,0,45
engr0,S7,MIM,0.8,FGSM,0.1,6.163934426229508,6.0,0,14
engr0,S7,MIM,0.8,FGSM,0.2,11.60655737704918,11.0,0,41
engr0,S7,MIM,0.8,FGSM,0.3,14.934426229508198,13.0,0,50
engr0,S7,MIM,0.8,FGSM,0.4,17.049180327868854,16.0,0,50
engr0,S7,MIM,0.8,FGSM,0.5,18.524590163934427,19.0,0,50
engr0,S7,MIM,0.8,FGSM,0.6,20.360655737704917,21.0,0,50
engr0,S7,MIM,0.8,FGSM,0.7,20.360655737704917,21.0,0,50
engr0,S7,MIM,0.8,FGSM,0.8,20.442622950819672,21.0,0,50
engr0,S7,MIM,0.8,FGSM,0.9,20.442622950819672,21.0,0,50
engr0,S7,MIM,0.8,FGSM,1.0,20.442622950819672,21.0,0,50
engr0,BLU,MIM,0.9,FGSM,0.1,5.868852459016393,5.0,0,18
engr0,BLU,MIM,0.9,FGSM,0.2,11.655737704918034,9.0,0,44
engr0,BLU,MIM,0.9,FGSM,0.3,14.672131147540984,13.0,0,44
engr0,BLU,MIM,0.9,FGSM,0.4,14.360655737704919,13.0,1,44
engr0,BLU,MIM,0.9,FGSM,0.5,15.672131147540984,15.0,1,42
engr0,BLU,MIM,0.9,FGSM,0.6,16.39344262295082,15.0,1,42
engr0,BLU,MIM,0.9,FGSM,0.7,16.147540983606557,15.0,1,42
engr0,BLU,MIM,0.9,FGSM,0.8,16.950819672131146,16.0,1,42
engr0,BLU,MIM,0.9,FGSM,0.9,16.934426229508198,16.0,1,42
engr0,BLU,MIM,0.9,FGSM,1.0,16.934426229508198,16.0,1,42
engr0,HTC,MIM,0.9,FGSM,0.1,5.770491803278689,5.0,0,18
engr0,HTC,MIM,0.9,FGSM,0.2,10.78688524590164,8.0,1,46
engr0,HTC,MIM,0.9,FGSM,0.3,14.229508196721312,11.0,1,44
engr0,HTC,MIM,0.9,FGSM,0.4,16.065573770491802,14.0,1,41
engr0,HTC,MIM,0.9,FGSM,0.5,15.901639344262295,14.0,1,43
engr0,HTC,MIM,0.9,FGSM,0.6,16.540983606557376,14.0,1,43
engr0,HTC,MIM,0.9,FGSM,0.7,17.0,14.0,1,43
engr0,HTC,MIM,0.9,FGSM,0.8,16.688524590163933,14.0,1,43
engr0,HTC,MIM,0.9,FGSM,0.9,16.688524590163933,14.0,1,43
engr0,HTC,MIM,0.9,FGSM,1.0,16.688524590163933,14.0,1,43
engr0,LG,MIM,0.9,FGSM,0.1,5.377049180327869,4.0,0,27
engr0,LG,MIM,0.9,FGSM,0.2,9.262295081967213,9.0,0,37
engr0,LG,MIM,0.9,FGSM,0.3,13.262295081967213,11.0,0,44
engr0,LG,MIM,0.9,FGSM,0.4,13.229508196721312,11.0,0,45
engr0,LG,MIM,0.9,FGSM,0.5,16.475409836065573,15.0,0,45
engr0,LG,MIM,0.9,FGSM,0.6,17.80327868852459,16.0,0,40
engr0,LG,MIM,0.9,FGSM,0.7,18.360655737704917,18.0,0,40
engr0,LG,MIM,0.9,FGSM,0.8,18.37704918032787,19.0,0,40
engr0,LG,MIM,0.9,FGSM,0.9,18.37704918032787,19.0,0,40
engr0,LG,MIM,0.9,FGSM,1.0,18.37704918032787,19.0,0,40
engr0,MOTO,MIM,0.9,FGSM,0.1,6.918032786885246,5.0,0,30
engr0,MOTO,MIM,0.9,FGSM,0.2,18.672131147540984,14.0,0,50
engr0,MOTO,MIM,0.9,FGSM,0.3,23.557377049180328,22.0,0,54
engr0,MOTO,MIM,0.9,FGSM,0.4,26.639344262295083,29.0,0,59
engr0,MOTO,MIM,0.9,FGSM,0.5,28.295081967213115,29.0,0,59
engr0,MOTO,MIM,0.9,FGSM,0.6,28.934426229508198,29.0,0,59
engr0,MOTO,MIM,0.9,FGSM,0.7,28.934426229508198,29.0,0,59
engr0,MOTO,MIM,0.9,FGSM,0.8,28.934426229508198,29.0,0,59
engr0,MOTO,MIM,0.9,FGSM,0.9,28.934426229508198,29.0,0,59
engr0,MOTO,MIM,0.9,FGSM,1.0,28.934426229508198,29.0,0,59
engr0,OP3,MIM,0.9,FGSM,0.1,5.163934426229508,4.0,0,15
engr0,OP3,MIM,0.9,FGSM,0.2,8.80327868852459,7.0,0,38
engr0,OP3,MIM,0.9,FGSM,0.3,12.163934426229508,8.0,0,41
engr0,OP3,MIM,0.9,FGSM,0.4,13.147540983606557,10.0,0,45
engr0,OP3,MIM,0.9,FGSM,0.5,17.9672131147541,18.0,0,45
engr0,OP3,MIM,0.9,FGSM,0.6,18.40983606557377,19.0,0,45
engr0,OP3,MIM,0.9,FGSM,0.7,18.60655737704918,19.0,0,45
engr0,OP3,MIM,0.9,FGSM,0.8,18.147540983606557,19.0,0,45
engr0,OP3,MIM,0.9,FGSM,0.9,18.147540983606557,19.0,0,45
engr0,OP3,MIM,0.9,FGSM,1.0,18.147540983606557,19.0,0,45
engr0,S7,MIM,0.9,FGSM,0.1,6.163934426229508,6.0,0,14
engr0,S7,MIM,0.9,FGSM,0.2,11.60655737704918,11.0,0,41
engr0,S7,MIM,0.9,FGSM,0.3,14.934426229508198,13.0,0,50
engr0,S7,MIM,0.9,FGSM,0.4,17.049180327868854,16.0,0,50
engr0,S7,MIM,0.9,FGSM,0.5,18.524590163934427,19.0,0,50
engr0,S7,MIM,0.9,FGSM,0.6,20.360655737704917,21.0,0,50
engr0,S7,MIM,0.9,FGSM,0.7,20.360655737704917,21.0,0,50
engr0,S7,MIM,0.9,FGSM,0.8,20.442622950819672,21.0,0,50
engr0,S7,MIM,0.9,FGSM,0.9,20.442622950819672,21.0,0,50
engr0,S7,MIM,0.9,FGSM,1.0,20.442622950819672,21.0,0,50
engr0,BLU,MIM,1.0,FGSM,0.1,5.868852459016393,5.0,0,18
engr0,BLU,MIM,1.0,FGSM,0.2,11.655737704918034,9.0,0,44
engr0,BLU,MIM,1.0,FGSM,0.3,14.672131147540984,13.0,0,44
engr0,BLU,MIM,1.0,FGSM,0.4,14.360655737704919,13.0,1,44
engr0,BLU,MIM,1.0,FGSM,0.5,15.672131147540984,15.0,1,42
engr0,BLU,MIM,1.0,FGSM,0.6,16.39344262295082,15.0,1,42
engr0,BLU,MIM,1.0,FGSM,0.7,16.147540983606557,15.0,1,42
engr0,BLU,MIM,1.0,FGSM,0.8,16.950819672131146,16.0,1,42
engr0,BLU,MIM,1.0,FGSM,0.9,16.934426229508198,16.0,1,42
engr0,BLU,MIM,1.0,FGSM,1.0,16.934426229508198,16.0,1,42
engr0,HTC,MIM,1.0,FGSM,0.1,5.770491803278689,5.0,0,18
engr0,HTC,MIM,1.0,FGSM,0.2,10.78688524590164,8.0,1,46
engr0,HTC,MIM,1.0,FGSM,0.3,14.229508196721312,11.0,1,44
engr0,HTC,MIM,1.0,FGSM,0.4,16.065573770491802,14.0,1,41
engr0,HTC,MIM,1.0,FGSM,0.5,15.901639344262295,14.0,1,43
engr0,HTC,MIM,1.0,FGSM,0.6,16.540983606557376,14.0,1,43
engr0,HTC,MIM,1.0,FGSM,0.7,17.0,14.0,1,43
engr0,HTC,MIM,1.0,FGSM,0.8,16.688524590163933,14.0,1,43
engr0,HTC,MIM,1.0,FGSM,0.9,16.688524590163933,14.0,1,43
engr0,HTC,MIM,1.0,FGSM,1.0,16.688524590163933,14.0,1,43
engr0,LG,MIM,1.0,FGSM,0.1,5.377049180327869,4.0,0,27
engr0,LG,MIM,1.0,FGSM,0.2,9.262295081967213,9.0,0,37
engr0,LG,MIM,1.0,FGSM,0.3,13.262295081967213,11.0,0,44
engr0,LG,MIM,1.0,FGSM,0.4,13.229508196721312,11.0,0,45
engr0,LG,MIM,1.0,FGSM,0.5,16.475409836065573,15.0,0,45
engr0,LG,MIM,1.0,FGSM,0.6,17.80327868852459,16.0,0,40
engr0,LG,MIM,1.0,FGSM,0.7,18.360655737704917,18.0,0,40
engr0,LG,MIM,1.0,FGSM,0.8,18.37704918032787,19.0,0,40
engr0,LG,MIM,1.0,FGSM,0.9,18.37704918032787,19.0,0,40
engr0,LG,MIM,1.0,FGSM,1.0,18.37704918032787,19.0,0,40
engr0,MOTO,MIM,1.0,FGSM,0.1,6.918032786885246,5.0,0,30
engr0,MOTO,MIM,1.0,FGSM,0.2,18.672131147540984,14.0,0,50
engr0,MOTO,MIM,1.0,FGSM,0.3,23.557377049180328,22.0,0,54
engr0,MOTO,MIM,1.0,FGSM,0.4,26.639344262295083,29.0,0,59
engr0,MOTO,MIM,1.0,FGSM,0.5,28.295081967213115,29.0,0,59
engr0,MOTO,MIM,1.0,FGSM,0.6,28.934426229508198,29.0,0,59
engr0,MOTO,MIM,1.0,FGSM,0.7,28.934426229508198,29.0,0,59
engr0,MOTO,MIM,1.0,FGSM,0.8,28.934426229508198,29.0,0,59
engr0,MOTO,MIM,1.0,FGSM,0.9,28.934426229508198,29.0,0,59
engr0,MOTO,MIM,1.0,FGSM,1.0,28.934426229508198,29.0,0,59
engr0,OP3,MIM,1.0,FGSM,0.1,5.163934426229508,4.0,0,15
engr0,OP3,MIM,1.0,FGSM,0.2,8.80327868852459,7.0,0,38
engr0,OP3,MIM,1.0,FGSM,0.3,12.163934426229508,8.0,0,41
engr0,OP3,MIM,1.0,FGSM,0.4,13.147540983606557,10.0,0,45
engr0,OP3,MIM,1.0,FGSM,0.5,17.9672131147541,18.0,0,45
engr0,OP3,MIM,1.0,FGSM,0.6,18.40983606557377,19.0,0,45
engr0,OP3,MIM,1.0,FGSM,0.7,18.60655737704918,19.0,0,45
engr0,OP3,MIM,1.0,FGSM,0.8,18.147540983606557,19.0,0,45
engr0,OP3,MIM,1.0,FGSM,0.9,18.147540983606557,19.0,0,45
engr0,OP3,MIM,1.0,FGSM,1.0,18.147540983606557,19.0,0,45
engr0,S7,MIM,1.0,FGSM,0.1,6.163934426229508,6.0,0,14
engr0,S7,MIM,1.0,FGSM,0.2,11.60655737704918,11.0,0,41
engr0,S7,MIM,1.0,FGSM,0.3,14.934426229508198,13.0,0,50
engr0,S7,MIM,1.0,FGSM,0.4,17.049180327868854,16.0,0,50
engr0,S7,MIM,1.0,FGSM,0.5,18.524590163934427,19.0,0,50
engr0,S7,MIM,1.0,FGSM,0.6,20.360655737704917,21.0,0,50
engr0,S7,MIM,1.0,FGSM,0.7,20.360655737704917,21.0,0,50
engr0,S7,MIM,1.0,FGSM,0.8,20.442622950819672,21.0,0,50
engr0,S7,MIM,1.0,FGSM,0.9,20.442622950819672,21.0,0,50
engr0,S7,MIM,1.0,FGSM,1.0,20.442622950819672,21.0,0,50
engr0,BLU,BIM,0.1,FGSM,0.1,8.62295081967213,8.0,0,45
engr0,BLU,BIM,0.1,FGSM,0.2,14.475409836065573,12.0,1,45
engr0,BLU,BIM,0.1,FGSM,0.3,21.131147540983605,19.0,1,53
engr0,BLU,BIM,0.1,FGSM,0.4,23.19672131147541,22.0,1,50
engr0,BLU,BIM,0.1,FGSM,0.5,24.131147540983605,22.0,1,56
engr0,BLU,BIM,0.1,FGSM,0.6,24.262295081967213,22.0,1,56
engr0,BLU,BIM,0.1,FGSM,0.7,24.262295081967213,22.0,1,56
engr0,BLU,BIM,0.1,FGSM,0.8,24.262295081967213,22.0,1,56
engr0,BLU,BIM,0.1,FGSM,0.9,24.262295081967213,22.0,1,56
engr0,BLU,BIM,0.1,FGSM,1.0,24.262295081967213,22.0,1,56
engr0,HTC,BIM,0.1,FGSM,0.1,6.836065573770492,5.0,0,22
engr0,HTC,BIM,0.1,FGSM,0.2,12.114754098360656,10.0,0,55
engr0,HTC,BIM,0.1,FGSM,0.3,19.311475409836067,17.0,1,51
engr0,HTC,BIM,0.1,FGSM,0.4,20.737704918032787,18.0,2,50
engr0,HTC,BIM,0.1,FGSM,0.5,21.37704918032787,18.0,2,50
engr0,HTC,BIM,0.1,FGSM,0.6,21.524590163934427,18.0,2,53
engr0,HTC,BIM,0.1,FGSM,0.7,21.524590163934427,18.0,2,53
engr0,HTC,BIM,0.1,FGSM,0.8,21.524590163934427,18.0,2,53
engr0,HTC,BIM,0.1,FGSM,0.9,21.524590163934427,18.0,2,53
engr0,HTC,BIM,0.1,FGSM,1.0,21.524590163934427,18.0,2,53
engr0,LG,BIM,0.1,FGSM,0.1,5.590163934426229,5.0,0,19
engr0,LG,BIM,0.1,FGSM,0.2,12.295081967213115,11.0,1,47
engr0,LG,BIM,0.1,FGSM,0.3,19.57377049180328,15.0,4,55
engr0,LG,BIM,0.1,FGSM,0.4,20.639344262295083,19.0,4,46
engr0,LG,BIM,0.1,FGSM,0.5,21.37704918032787,19.0,4,47
engr0,LG,BIM,0.1,FGSM,0.6,21.557377049180328,19.0,4,47
engr0,LG,BIM,0.1,FGSM,0.7,21.557377049180328,19.0,4,47
engr0,LG,BIM,0.1,FGSM,0.8,21.557377049180328,19.0,4,47
engr0,LG,BIM,0.1,FGSM,0.9,21.557377049180328,19.0,4,47
engr0,LG,BIM,0.1,FGSM,1.0,21.557377049180328,19.0,4,47
engr0,MOTO,BIM,0.1,FGSM,0.1,2.098360655737705,1.0,0,9
engr0,MOTO,BIM,0.1,FGSM,0.2,2.098360655737705,1.0,0,9
engr0,MOTO,BIM,0.1,FGSM,0.3,2.098360655737705,1.0,0,9
engr0,MOTO,BIM,0.1,FGSM,0.4,2.098360655737705,1.0,0,9
engr0,MOTO,BIM,0.1,FGSM,0.5,2.098360655737705,1.0,0,9
engr0,MOTO,BIM,0.1,FGSM,0.6,2.098360655737705,1.0,0,9
engr0,MOTO,BIM,0.1,FGSM,0.7,2.098360655737705,1.0,0,9
engr0,MOTO,BIM,0.1,FGSM,0.8,2.098360655737705,1.0,0,9
engr0,MOTO,BIM,0.1,FGSM,0.9,2.098360655737705,1.0,0,9
engr0,MOTO,BIM,0.1,FGSM,1.0,2.098360655737705,1.0,0,9
engr0,OP3,BIM,0.1,FGSM,0.1,4.885245901639344,4.0,0,20
engr0,OP3,BIM,0.1,FGSM,0.2,12.672131147540984,11.0,1,56
engr0,OP3,BIM,0.1,FGSM,0.3,15.508196721311476,13.0,0,55
engr0,OP3,BIM,0.1,FGSM,0.4,16.540983606557376,13.0,0,43
engr0,OP3,BIM,0.1,FGSM,0.5,17.262295081967213,13.0,0,44
engr0,OP3,BIM,0.1,FGSM,0.6,17.311475409836067,13.0,0,45
engr0,OP3,BIM,0.1,FGSM,0.7,17.311475409836067,13.0,0,45
engr0,OP3,BIM,0.1,FGSM,0.8,17.311475409836067,13.0,0,45
engr0,OP3,BIM,0.1,FGSM,0.9,17.311475409836067,13.0,0,45
engr0,OP3,BIM,0.1,FGSM,1.0,17.311475409836067,13.0,0,45
engr0,S7,BIM,0.1,FGSM,0.1,6.934426229508197,6.0,0,46
engr0,S7,BIM,0.1,FGSM,0.2,13.245901639344263,11.0,1,47
engr0,S7,BIM,0.1,FGSM,0.3,21.950819672131146,18.0,1,54
engr0,S7,BIM,0.1,FGSM,0.4,21.540983606557376,20.0,1,48
engr0,S7,BIM,0.1,FGSM,0.5,22.21311475409836,21.0,1,48
engr0,S7,BIM,0.1,FGSM,0.6,22.229508196721312,21.0,1,48
engr0,S7,BIM,0.1,FGSM,0.7,22.229508196721312,21.0,1,48
engr0,S7,BIM,0.1,FGSM,0.8,22.229508196721312,21.0,1,48
engr0,S7,BIM,0.1,FGSM,0.9,22.229508196721312,21.0,1,48
engr0,S7,BIM,0.1,FGSM,1.0,22.229508196721312,21.0,1,48
engr0,BLU,BIM,0.2,FGSM,0.1,8.163934426229508,8.0,0,20
engr0,BLU,BIM,0.2,FGSM,0.2,14.901639344262295,12.0,1,52
engr0,BLU,BIM,0.2,FGSM,0.3,21.557377049180328,20.0,1,54
engr0,BLU,BIM,0.2,FGSM,0.4,22.639344262295083,21.0,1,50
engr0,BLU,BIM,0.2,FGSM,0.5,22.83606557377049,21.0,1,50
engr0,BLU,BIM,0.2,FGSM,0.6,22.83606557377049,21.0,1,50
engr0,BLU,BIM,0.2,FGSM,0.7,22.83606557377049,21.0,1,50
engr0,BLU,BIM,0.2,FGSM,0.8,22.83606557377049,21.0,1,50
engr0,BLU,BIM,0.2,FGSM,0.9,22.83606557377049,21.0,1,50
engr0,BLU,BIM,0.2,FGSM,1.0,22.83606557377049,21.0,1,50
engr0,HTC,BIM,0.2,FGSM,0.1,6.114754098360656,5.0,0,21
engr0,HTC,BIM,0.2,FGSM,0.2,11.262295081967213,10.0,1,41
engr0,HTC,BIM,0.2,FGSM,0.3,19.688524590163933,14.0,2,51
engr0,HTC,BIM,0.2,FGSM,0.4,20.442622950819672,20.0,1,47
engr0,HTC,BIM,0.2,FGSM,0.5,20.40983606557377,21.0,1,47
engr0,HTC,BIM,0.2,FGSM,0.6,20.40983606557377,21.0,1,47
engr0,HTC,BIM,0.2,FGSM,0.7,20.40983606557377,21.0,1,47
engr0,HTC,BIM,0.2,FGSM,0.8,20.40983606557377,21.0,1,47
engr0,HTC,BIM,0.2,FGSM,0.9,20.40983606557377,21.0,1,47
engr0,HTC,BIM,0.2,FGSM,1.0,20.40983606557377,21.0,1,47
engr0,LG,BIM,0.2,FGSM,0.1,5.065573770491803,4.0,0,19
engr0,LG,BIM,0.2,FGSM,0.2,11.80327868852459,10.0,1,43
engr0,LG,BIM,0.2,FGSM,0.3,18.442622950819672,14.0,4,55
engr0,LG,BIM,0.2,FGSM,0.4,21.540983606557376,20.0,4,47
engr0,LG,BIM,0.2,FGSM,0.5,21.934426229508198,20.0,3,47
engr0,LG,BIM,0.2,FGSM,0.6,21.934426229508198,20.0,3,47
engr0,LG,BIM,0.2,FGSM,0.7,21.934426229508198,20.0,3,47
engr0,LG,BIM,0.2,FGSM,0.8,21.934426229508198,20.0,3,47
engr0,LG,BIM,0.2,FGSM,0.9,21.934426229508198,20.0,3,47
engr0,LG,BIM,0.2,FGSM,1.0,21.934426229508198,20.0,3,47
engr0,MOTO,BIM,0.2,FGSM,0.1,2.098360655737705,1.0,0,8
engr0,MOTO,BIM,0.2,FGSM,0.2,2.098360655737705,1.0,0,8
engr0,MOTO,BIM,0.2,FGSM,0.3,2.098360655737705,1.0,0,8
engr0,MOTO,BIM,0.2,FGSM,0.4,2.098360655737705,1.0,0,8
engr0,MOTO,BIM,0.2,FGSM,0.5,2.098360655737705,1.0,0,8
engr0,MOTO,BIM,0.2,FGSM,0.6,2.098360655737705,1.0,0,8
engr0,MOTO,BIM,0.2,FGSM,0.7,2.098360655737705,1.0,0,8
engr0,MOTO,BIM,0.2,FGSM,0.8,2.098360655737705,1.0,0,8
engr0,MOTO,BIM,0.2,FGSM,0.9,2.098360655737705,1.0,0,8
engr0,MOTO,BIM,0.2,FGSM,1.0,2.098360655737705,1.0,0,8
engr0,OP3,BIM,0.2,FGSM,0.1,5.426229508196721,4.0,0,20
engr0,OP3,BIM,0.2,FGSM,0.2,12.524590163934427,10.0,1,43
engr0,OP3,BIM,0.2,FGSM,0.3,16.639344262295083,11.0,1,55
engr0,OP3,BIM,0.2,FGSM,0.4,18.459016393442624,13.0,1,46
engr0,OP3,BIM,0.2,FGSM,0.5,19.262295081967213,16.0,1,45
engr0,OP3,BIM,0.2,FGSM,0.6,19.229508196721312,16.0,1,45
engr0,OP3,BIM,0.2,FGSM,0.7,19.229508196721312,16.0,1,45
engr0,OP3,BIM,0.2,FGSM,0.8,19.229508196721312,16.0,1,45
engr0,OP3,BIM,0.2,FGSM,0.9,19.229508196721312,16.0,1,45
engr0,OP3,BIM,0.2,FGSM,1.0,19.229508196721312,16.0,1,45
engr0,S7,BIM,0.2,FGSM,0.1,6.885245901639344,6.0,0,42
engr0,S7,BIM,0.2,FGSM,0.2,13.229508196721312,11.0,1,42
engr0,S7,BIM,0.2,FGSM,0.3,21.360655737704917,18.0,1,54
engr0,S7,BIM,0.2,FGSM,0.4,21.737704918032787,20.0,1,54
engr0,S7,BIM,0.2,FGSM,0.5,21.65573770491803,20.0,1,47
engr0,S7,BIM,0.2,FGSM,0.6,21.65573770491803,20.0,1,47
engr0,S7,BIM,0.2,FGSM,0.7,21.65573770491803,20.0,1,47
engr0,S7,BIM,0.2,FGSM,0.8,21.65573770491803,20.0,1,47
engr0,S7,BIM,0.2,FGSM,0.9,21.65573770491803,20.0,1,47
engr0,S7,BIM,0.2,FGSM,1.0,21.65573770491803,20.0,1,47
engr0,BLU,BIM,0.3,FGSM,0.1,8.573770491803279,8.0,0,45
engr0,BLU,BIM,0.3,FGSM,0.2,13.721311475409836,13.0,0,53
engr0,BLU,BIM,0.3,FGSM,0.3,21.16393442622951,19.0,0,53
engr0,BLU,BIM,0.3,FGSM,0.4,24.24590163934426,23.0,0,59
engr0,BLU,BIM,0.3,FGSM,0.5,24.57377049180328,23.0,0,59
engr0,BLU,BIM,0.3,FGSM,0.6,24.57377049180328,23.0,0,59
engr0,BLU,BIM,0.3,FGSM,0.7,24.57377049180328,23.0,0,59
engr0,BLU,BIM,0.3,FGSM,0.8,24.57377049180328,23.0,0,59
engr0,BLU,BIM,0.3,FGSM,0.9,24.57377049180328,23.0,0,59
engr0,BLU,BIM,0.3,FGSM,1.0,24.57377049180328,23.0,0,59
engr0,HTC,BIM,0.3,FGSM,0.1,7.213114754098361,6.0,0,22
engr0,HTC,BIM,0.3,FGSM,0.2,10.459016393442623,10.0,2,41
engr0,HTC,BIM,0.3,FGSM,0.3,20.16393442622951,17.0,2,51
engr0,HTC,BIM,0.3,FGSM,0.4,22.557377049180328,19.0,2,53
engr0,HTC,BIM,0.3,FGSM,0.5,23.0,19.0,2,53
engr0,HTC,BIM,0.3,FGSM,0.6,23.0,19.0,2,53
engr0,HTC,BIM,0.3,FGSM,0.7,23.0,19.0,2,53
engr0,HTC,BIM,0.3,FGSM,0.8,23.0,19.0,2,53
engr0,HTC,BIM,0.3,FGSM,0.9,23.0,19.0,2,53
engr0,HTC,BIM,0.3,FGSM,1.0,23.0,19.0,2,53
engr0,LG,BIM,0.3,FGSM,0.1,7.311475409836065,5.0,0,46
engr0,LG,BIM,0.3,FGSM,0.2,11.278688524590164,11.0,1,46
engr0,LG,BIM,0.3,FGSM,0.3,16.62295081967213,12.0,2,55
engr0,LG,BIM,0.3,FGSM,0.4,22.524590163934427,21.0,2,52
engr0,LG,BIM,0.3,FGSM,0.5,23.475409836065573,21.0,2,52
engr0,LG,BIM,0.3,FGSM,0.6,23.39344262295082,21.0,2,52
engr0,LG,BIM,0.3,FGSM,0.7,23.39344262295082,21.0,2,52
engr0,LG,BIM,0.3,FGSM,0.8,23.39344262295082,21.0,2,52
engr0,LG,BIM,0.3,FGSM,0.9,23.39344262295082,21.0,2,52
engr0,LG,BIM,0.3,FGSM,1.0,23.39344262295082,21.0,2,52
engr0,MOTO,BIM,0.3,FGSM,0.1,1.819672131147541,1.0,0,8
engr0,MOTO,BIM,0.3,FGSM,0.2,1.819672131147541,1.0,0,8
engr0,MOTO,BIM,0.3,FGSM,0.3,1.819672131147541,1.0,0,8
engr0,MOTO,BIM,0.3,FGSM,0.4,1.819672131147541,1.0,0,8
engr0,MOTO,BIM,0.3,FGSM,0.5,1.819672131147541,1.0,0,8
engr0,MOTO,BIM,0.3,FGSM,0.6,1.819672131147541,1.0,0,8
engr0,MOTO,BIM,0.3,FGSM,0.7,1.819672131147541,1.0,0,8
engr0,MOTO,BIM,0.3,FGSM,0.8,1.819672131147541,1.0,0,8
engr0,MOTO,BIM,0.3,FGSM,0.9,1.819672131147541,1.0,0,8
engr0,MOTO,BIM,0.3,FGSM,1.0,1.819672131147541,1.0,0,8
engr0,OP3,BIM,0.3,FGSM,0.1,5.049180327868853,4.0,0,28
engr0,OP3,BIM,0.3,FGSM,0.2,12.508196721311476,10.0,0,57
engr0,OP3,BIM,0.3,FGSM,0.3,18.065573770491802,13.0,0,55
engr0,OP3,BIM,0.3,FGSM,0.4,19.80327868852459,17.0,0,54
engr0,OP3,BIM,0.3,FGSM,0.5,20.491803278688526,17.0,0,54
engr0,OP3,BIM,0.3,FGSM,0.6,20.40983606557377,17.0,0,54
engr0,OP3,BIM,0.3,FGSM,0.7,20.40983606557377,17.0,0,54
engr0,OP3,BIM,0.3,FGSM,0.8,20.40983606557377,17.0,0,54
engr0,OP3,BIM,0.3,FGSM,0.9,20.40983606557377,17.0,0,54
engr0,OP3,BIM,0.3,FGSM,1.0,20.40983606557377,17.0,0,54
engr0,S7,BIM,0.3,FGSM,0.1,6.983606557377049,5.0,0,47
engr0,S7,BIM,0.3,FGSM,0.2,12.459016393442623,11.0,0,46
engr0,S7,BIM,0.3,FGSM,0.3,20.704918032786885,16.0,0,54
engr0,S7,BIM,0.3,FGSM,0.4,23.950819672131146,21.0,0,55
engr0,S7,BIM,0.3,FGSM,0.5,24.327868852459016,20.0,0,55
engr0,S7,BIM,0.3,FGSM,0.6,24.475409836065573,20.0,0,55
engr0,S7,BIM,0.3,FGSM,0.7,24.475409836065573,20.0,0,55
engr0,S7,BIM,0.3,FGSM,0.8,24.475409836065573,20.0,0,55
engr0,S7,BIM,0.3,FGSM,0.9,24.475409836065573,20.0,0,55
engr0,S7,BIM,0.3,FGSM,1.0,24.475409836065573,20.0,0,55
engr0,BLU,BIM,0.4,FGSM,0.1,7.852459016393443,6.0,0,47
engr0,BLU,BIM,0.4,FGSM,0.2,14.049180327868852,13.0,1,47
engr0,BLU,BIM,0.4,FGSM,0.3,21.737704918032787,19.0,0,53
engr0,BLU,BIM,0.4,FGSM,0.4,24.262295081967213,22.0,0,53
engr0,BLU,BIM,0.4,FGSM,0.5,25.131147540983605,23.0,0,53
engr0,BLU,BIM,0.4,FGSM,0.6,25.24590163934426,23.0,0,53
engr0,BLU,BIM,0.4,FGSM,0.7,25.24590163934426,23.0,0,53
engr0,BLU,BIM,0.4,FGSM,0.8,25.24590163934426,23.0,0,53
engr0,BLU,BIM,0.4,FGSM,0.9,25.24590163934426,23.0,0,53
engr0,BLU,BIM,0.4,FGSM,1.0,25.24590163934426,23.0,0,53
engr0,HTC,BIM,0.4,FGSM,0.1,6.163934426229508,5.0,0,19
engr0,HTC,BIM,0.4,FGSM,0.2,10.327868852459016,9.0,2,41
engr0,HTC,BIM,0.4,FGSM,0.3,20.37704918032787,18.0,2,51
engr0,HTC,BIM,0.4,FGSM,0.4,22.049180327868854,20.0,2,53
engr0,HTC,BIM,0.4,FGSM,0.5,22.229508196721312,20.0,2,53
engr0,HTC,BIM,0.4,FGSM,0.6,22.229508196721312,20.0,2,53
engr0,HTC,BIM,0.4,FGSM,0.7,22.229508196721312,20.0,2,53
engr0,HTC,BIM,0.4,FGSM,0.8,22.229508196721312,20.0,2,53
engr0,HTC,BIM,0.4,FGSM,0.9,22.229508196721312,20.0,2,53
engr0,HTC,BIM,0.4,FGSM,1.0,22.229508196721312,20.0,2,53
engr0,LG,BIM,0.4,FGSM,0.1,6.377049180327869,5.0,0,46
engr0,LG,BIM,0.4,FGSM,0.2,11.704918032786885,10.0,0,49
engr0,LG,BIM,0.4,FGSM,0.3,18.19672131147541,14.0,2,55
engr0,LG,BIM,0.4,FGSM,0.4,21.62295081967213,22.0,2,48
engr0,LG,BIM,0.4,FGSM,0.5,22.704918032786885,22.0,2,51
engr0,LG,BIM,0.4,FGSM,0.6,22.737704918032787,22.0,2,51
engr0,LG,BIM,0.4,FGSM,0.7,22.737704918032787,22.0,2,51
engr0,LG,BIM,0.4,FGSM,0.8,22.737704918032787,22.0,2,51
engr0,LG,BIM,0.4,FGSM,0.9,22.737704918032787,22.0,2,51
engr0,LG,BIM,0.4,FGSM,1.0,22.737704918032787,22.0,2,51
engr0,MOTO,BIM,0.4,FGSM,0.1,1.6557377049180328,1.0,0,8
engr0,MOTO,BIM,0.4,FGSM,0.2,1.6557377049180328,1.0,0,8
engr0,MOTO,BIM,0.4,FGSM,0.3,1.6557377049180328,1.0,0,8
engr0,MOTO,BIM,0.4,FGSM,0.4,1.6557377049180328,1.0,0,8
engr0,MOTO,BIM,0.4,FGSM,0.5,1.6557377049180328,1.0,0,8
engr0,MOTO,BIM,0.4,FGSM,0.6,1.6557377049180328,1.0,0,8
engr0,MOTO,BIM,0.4,FGSM,0.7,1.6557377049180328,1.0,0,8
engr0,MOTO,BIM,0.4,FGSM,0.8,1.6557377049180328,1.0,0,8
engr0,MOTO,BIM,0.4,FGSM,0.9,1.6557377049180328,1.0,0,8
engr0,MOTO,BIM,0.4,FGSM,1.0,1.6557377049180328,1.0,0,8
engr0,OP3,BIM,0.4,FGSM,0.1,4.983606557377049,4.0,0,28
engr0,OP3,BIM,0.4,FGSM,0.2,13.459016393442623,11.0,1,43
engr0,OP3,BIM,0.4,FGSM,0.3,17.934426229508198,13.0,0,56
engr0,OP3,BIM,0.4,FGSM,0.4,19.114754098360656,17.0,0,47
engr0,OP3,BIM,0.4,FGSM,0.5,19.311475409836067,17.0,0,47
engr0,OP3,BIM,0.4,FGSM,0.6,19.40983606557377,17.0,0,47
engr0,OP3,BIM,0.4,FGSM,0.7,19.40983606557377,17.0,0,47
engr0,OP3,BIM,0.4,FGSM,0.8,19.40983606557377,17.0,0,47
engr0,OP3,BIM,0.4,FGSM,0.9,19.40983606557377,17.0,0,47
engr0,OP3,BIM,0.4,FGSM,1.0,19.40983606557377,17.0,0,47
engr0,S7,BIM,0.4,FGSM,0.1,6.049180327868853,5.0,0,41
engr0,S7,BIM,0.4,FGSM,0.2,12.37704918032787,9.0,1,43
engr0,S7,BIM,0.4,FGSM,0.3,21.78688524590164,19.0,1,54
engr0,S7,BIM,0.4,FGSM,0.4,22.885245901639344,20.0,1,49
engr0,S7,BIM,0.4,FGSM,0.5,23.114754098360656,20.0,1,49
engr0,S7,BIM,0.4,FGSM,0.6,23.114754098360656,20.0,1,49
engr0,S7,BIM,0.4,FGSM,0.7,23.114754098360656,20.0,1,49
engr0,S7,BIM,0.4,FGSM,0.8,23.114754098360656,20.0,1,49
engr0,S7,BIM,0.4,FGSM,0.9,23.114754098360656,20.0,1,49
engr0,S7,BIM,0.4,FGSM,1.0,23.114754098360656,20.0,1,49
engr0,BLU,BIM,0.5,FGSM,0.1,7.852459016393443,6.0,0,47
engr0,BLU,BIM,0.5,FGSM,0.2,14.049180327868852,13.0,1,47
engr0,BLU,BIM,0.5,FGSM,0.3,21.737704918032787,19.0,0,53
engr0,BLU,BIM,0.5,FGSM,0.4,24.262295081967213,22.0,0,53
engr0,BLU,BIM,0.5,FGSM,0.5,25.131147540983605,23.0,0,53
engr0,BLU,BIM,0.5,FGSM,0.6,25.24590163934426,23.0,0,53
engr0,BLU,BIM,0.5,FGSM,0.7,25.24590163934426,23.0,0,53
engr0,BLU,BIM,0.5,FGSM,0.8,25.24590163934426,23.0,0,53
engr0,BLU,BIM,0.5,FGSM,0.9,25.24590163934426,23.0,0,53
engr0,BLU,BIM,0.5,FGSM,1.0,25.24590163934426,23.0,0,53
engr0,HTC,BIM,0.5,FGSM,0.1,6.163934426229508,5.0,0,19
engr0,HTC,BIM,0.5,FGSM,0.2,10.327868852459016,9.0,2,41
engr0,HTC,BIM,0.5,FGSM,0.3,20.37704918032787,18.0,2,51
engr0,HTC,BIM,0.5,FGSM,0.4,22.049180327868854,20.0,2,53
engr0,HTC,BIM,0.5,FGSM,0.5,22.229508196721312,20.0,2,53
engr0,HTC,BIM,0.5,FGSM,0.6,22.229508196721312,20.0,2,53
engr0,HTC,BIM,0.5,FGSM,0.7,22.229508196721312,20.0,2,53
engr0,HTC,BIM,0.5,FGSM,0.8,22.229508196721312,20.0,2,53
engr0,HTC,BIM,0.5,FGSM,0.9,22.229508196721312,20.0,2,53
engr0,HTC,BIM,0.5,FGSM,1.0,22.229508196721312,20.0,2,53
engr0,LG,BIM,0.5,FGSM,0.1,6.377049180327869,5.0,0,46
engr0,LG,BIM,0.5,FGSM,0.2,11.704918032786885,10.0,0,49
engr0,LG,BIM,0.5,FGSM,0.3,18.19672131147541,14.0,2,55
engr0,LG,BIM,0.5,FGSM,0.4,21.62295081967213,22.0,2,48
engr0,LG,BIM,0.5,FGSM,0.5,22.704918032786885,22.0,2,51
engr0,LG,BIM,0.5,FGSM,0.6,22.737704918032787,22.0,2,51
engr0,LG,BIM,0.5,FGSM,0.7,22.737704918032787,22.0,2,51
engr0,LG,BIM,0.5,FGSM,0.8,22.737704918032787,22.0,2,51
engr0,LG,BIM,0.5,FGSM,0.9,22.737704918032787,22.0,2,51
engr0,LG,BIM,0.5,FGSM,1.0,22.737704918032787,22.0,2,51
engr0,MOTO,BIM,0.5,FGSM,0.1,1.6557377049180328,1.0,0,8
engr0,MOTO,BIM,0.5,FGSM,0.2,1.6557377049180328,1.0,0,8
engr0,MOTO,BIM,0.5,FGSM,0.3,1.6557377049180328,1.0,0,8
engr0,MOTO,BIM,0.5,FGSM,0.4,1.6557377049180328,1.0,0,8
engr0,MOTO,BIM,0.5,FGSM,0.5,1.6557377049180328,1.0,0,8
engr0,MOTO,BIM,0.5,FGSM,0.6,1.6557377049180328,1.0,0,8
engr0,MOTO,BIM,0.5,FGSM,0.7,1.6557377049180328,1.0,0,8
engr0,MOTO,BIM,0.5,FGSM,0.8,1.6557377049180328,1.0,0,8
engr0,MOTO,BIM,0.5,FGSM,0.9,1.6557377049180328,1.0,0,8
engr0,MOTO,BIM,0.5,FGSM,1.0,1.6557377049180328,1.0,0,8
engr0,OP3,BIM,0.5,FGSM,0.1,4.983606557377049,4.0,0,28
engr0,OP3,BIM,0.5,FGSM,0.2,13.459016393442623,11.0,1,43
engr0,OP3,BIM,0.5,FGSM,0.3,17.934426229508198,13.0,0,56
engr0,OP3,BIM,0.5,FGSM,0.4,19.114754098360656,17.0,0,47
engr0,OP3,BIM,0.5,FGSM,0.5,19.311475409836067,17.0,0,47
engr0,OP3,BIM,0.5,FGSM,0.6,19.40983606557377,17.0,0,47
engr0,OP3,BIM,0.5,FGSM,0.7,19.40983606557377,17.0,0,47
engr0,OP3,BIM,0.5,FGSM,0.8,19.40983606557377,17.0,0,47
engr0,OP3,BIM,0.5,FGSM,0.9,19.40983606557377,17.0,0,47
engr0,OP3,BIM,0.5,FGSM,1.0,19.40983606557377,17.0,0,47
engr0,S7,BIM,0.5,FGSM,0.1,6.049180327868853,5.0,0,41
engr0,S7,BIM,0.5,FGSM,0.2,12.37704918032787,9.0,1,43
engr0,S7,BIM,0.5,FGSM,0.3,21.78688524590164,19.0,1,54
engr0,S7,BIM,0.5,FGSM,0.4,22.885245901639344,20.0,1,49
engr0,S7,BIM,0.5,FGSM,0.5,23.114754098360656,20.0,1,49
engr0,S7,BIM,0.5,FGSM,0.6,23.114754098360656,20.0,1,49
engr0,S7,BIM,0.5,FGSM,0.7,23.114754098360656,20.0,1,49
engr0,S7,BIM,0.5,FGSM,0.8,23.114754098360656,20.0,1,49
engr0,S7,BIM,0.5,FGSM,0.9,23.114754098360656,20.0,1,49
engr0,S7,BIM,0.5,FGSM,1.0,23.114754098360656,20.0,1,49
engr0,BLU,BIM,0.6,FGSM,0.1,7.852459016393443,6.0,0,47
engr0,BLU,BIM,0.6,FGSM,0.2,14.049180327868852,13.0,1,47
engr0,BLU,BIM,0.6,FGSM,0.3,21.737704918032787,19.0,0,53
engr0,BLU,BIM,0.6,FGSM,0.4,24.262295081967213,22.0,0,53
engr0,BLU,BIM,0.6,FGSM,0.5,25.131147540983605,23.0,0,53
engr0,BLU,BIM,0.6,FGSM,0.6,25.24590163934426,23.0,0,53
engr0,BLU,BIM,0.6,FGSM,0.7,25.24590163934426,23.0,0,53
engr0,BLU,BIM,0.6,FGSM,0.8,25.24590163934426,23.0,0,53
engr0,BLU,BIM,0.6,FGSM,0.9,25.24590163934426,23.0,0,53
engr0,BLU,BIM,0.6,FGSM,1.0,25.24590163934426,23.0,0,53
engr0,HTC,BIM,0.6,FGSM,0.1,6.163934426229508,5.0,0,19
engr0,HTC,BIM,0.6,FGSM,0.2,10.327868852459016,9.0,2,41
engr0,HTC,BIM,0.6,FGSM,0.3,20.37704918032787,18.0,2,51
engr0,HTC,BIM,0.6,FGSM,0.4,22.049180327868854,20.0,2,53
engr0,HTC,BIM,0.6,FGSM,0.5,22.229508196721312,20.0,2,53
engr0,HTC,BIM,0.6,FGSM,0.6,22.229508196721312,20.0,2,53
engr0,HTC,BIM,0.6,FGSM,0.7,22.229508196721312,20.0,2,53
engr0,HTC,BIM,0.6,FGSM,0.8,22.229508196721312,20.0,2,53
engr0,HTC,BIM,0.6,FGSM,0.9,22.229508196721312,20.0,2,53
engr0,HTC,BIM,0.6,FGSM,1.0,22.229508196721312,20.0,2,53
engr0,LG,BIM,0.6,FGSM,0.1,6.377049180327869,5.0,0,46
engr0,LG,BIM,0.6,FGSM,0.2,11.704918032786885,10.0,0,49
engr0,LG,BIM,0.6,FGSM,0.3,18.19672131147541,14.0,2,55
engr0,LG,BIM,0.6,FGSM,0.4,21.62295081967213,22.0,2,48
engr0,LG,BIM,0.6,FGSM,0.5,22.704918032786885,22.0,2,51
engr0,LG,BIM,0.6,FGSM,0.6,22.737704918032787,22.0,2,51
engr0,LG,BIM,0.6,FGSM,0.7,22.737704918032787,22.0,2,51
engr0,LG,BIM,0.6,FGSM,0.8,22.737704918032787,22.0,2,51
engr0,LG,BIM,0.6,FGSM,0.9,22.737704918032787,22.0,2,51
engr0,LG,BIM,0.6,FGSM,1.0,22.737704918032787,22.0,2,51
engr0,MOTO,BIM,0.6,FGSM,0.1,1.6557377049180328,1.0,0,8
engr0,MOTO,BIM,0.6,FGSM,0.2,1.6557377049180328,1.0,0,8
engr0,MOTO,BIM,0.6,FGSM,0.3,1.6557377049180328,1.0,0,8
engr0,MOTO,BIM,0.6,FGSM,0.4,1.6557377049180328,1.0,0,8
engr0,MOTO,BIM,0.6,FGSM,0.5,1.6557377049180328,1.0,0,8
engr0,MOTO,BIM,0.6,FGSM,0.6,1.6557377049180328,1.0,0,8
engr0,MOTO,BIM,0.6,FGSM,0.7,1.6557377049180328,1.0,0,8
engr0,MOTO,BIM,0.6,FGSM,0.8,1.6557377049180328,1.0,0,8
engr0,MOTO,BIM,0.6,FGSM,0.9,1.6557377049180328,1.0,0,8
engr0,MOTO,BIM,0.6,FGSM,1.0,1.6557377049180328,1.0,0,8
engr0,OP3,BIM,0.6,FGSM,0.1,4.983606557377049,4.0,0,28
engr0,OP3,BIM,0.6,FGSM,0.2,13.459016393442623,11.0,1,43
engr0,OP3,BIM,0.6,FGSM,0.3,17.934426229508198,13.0,0,56
engr0,OP3,BIM,0.6,FGSM,0.4,19.114754098360656,17.0,0,47
engr0,OP3,BIM,0.6,FGSM,0.5,19.311475409836067,17.0,0,47
engr0,OP3,BIM,0.6,FGSM,0.6,19.40983606557377,17.0,0,47
engr0,OP3,BIM,0.6,FGSM,0.7,19.40983606557377,17.0,0,47
engr0,OP3,BIM,0.6,FGSM,0.8,19.40983606557377,17.0,0,47
engr0,OP3,BIM,0.6,FGSM,0.9,19.40983606557377,17.0,0,47
engr0,OP3,BIM,0.6,FGSM,1.0,19.40983606557377,17.0,0,47
engr0,S7,BIM,0.6,FGSM,0.1,6.049180327868853,5.0,0,41
engr0,S7,BIM,0.6,FGSM,0.2,12.37704918032787,9.0,1,43
engr0,S7,BIM,0.6,FGSM,0.3,21.78688524590164,19.0,1,54
engr0,S7,BIM,0.6,FGSM,0.4,22.885245901639344,20.0,1,49
engr0,S7,BIM,0.6,FGSM,0.5,23.114754098360656,20.0,1,49
engr0,S7,BIM,0.6,FGSM,0.6,23.114754098360656,20.0,1,49
engr0,S7,BIM,0.6,FGSM,0.7,23.114754098360656,20.0,1,49
engr0,S7,BIM,0.6,FGSM,0.8,23.114754098360656,20.0,1,49
engr0,S7,BIM,0.6,FGSM,0.9,23.114754098360656,20.0,1,49
engr0,S7,BIM,0.6,FGSM,1.0,23.114754098360656,20.0,1,49
engr0,BLU,BIM,0.7,FGSM,0.1,7.852459016393443,6.0,0,47
engr0,BLU,BIM,0.7,FGSM,0.2,14.049180327868852,13.0,1,47
engr0,BLU,BIM,0.7,FGSM,0.3,21.737704918032787,19.0,0,53
engr0,BLU,BIM,0.7,FGSM,0.4,24.262295081967213,22.0,0,53
engr0,BLU,BIM,0.7,FGSM,0.5,25.131147540983605,23.0,0,53
engr0,BLU,BIM,0.7,FGSM,0.6,25.24590163934426,23.0,0,53
engr0,BLU,BIM,0.7,FGSM,0.7,25.24590163934426,23.0,0,53
engr0,BLU,BIM,0.7,FGSM,0.8,25.24590163934426,23.0,0,53
engr0,BLU,BIM,0.7,FGSM,0.9,25.24590163934426,23.0,0,53
engr0,BLU,BIM,0.7,FGSM,1.0,25.24590163934426,23.0,0,53
engr0,HTC,BIM,0.7,FGSM,0.1,6.163934426229508,5.0,0,19
engr0,HTC,BIM,0.7,FGSM,0.2,10.327868852459016,9.0,2,41
engr0,HTC,BIM,0.7,FGSM,0.3,20.37704918032787,18.0,2,51
engr0,HTC,BIM,0.7,FGSM,0.4,22.049180327868854,20.0,2,53
engr0,HTC,BIM,0.7,FGSM,0.5,22.229508196721312,20.0,2,53
engr0,HTC,BIM,0.7,FGSM,0.6,22.229508196721312,20.0,2,53
engr0,HTC,BIM,0.7,FGSM,0.7,22.229508196721312,20.0,2,53
engr0,HTC,BIM,0.7,FGSM,0.8,22.229508196721312,20.0,2,53
engr0,HTC,BIM,0.7,FGSM,0.9,22.229508196721312,20.0,2,53
engr0,HTC,BIM,0.7,FGSM,1.0,22.229508196721312,20.0,2,53
engr0,LG,BIM,0.7,FGSM,0.1,6.377049180327869,5.0,0,46
engr0,LG,BIM,0.7,FGSM,0.2,11.704918032786885,10.0,0,49
engr0,LG,BIM,0.7,FGSM,0.3,18.19672131147541,14.0,2,55
engr0,LG,BIM,0.7,FGSM,0.4,21.62295081967213,22.0,2,48
engr0,LG,BIM,0.7,FGSM,0.5,22.704918032786885,22.0,2,51
engr0,LG,BIM,0.7,FGSM,0.6,22.737704918032787,22.0,2,51
engr0,LG,BIM,0.7,FGSM,0.7,22.737704918032787,22.0,2,51
engr0,LG,BIM,0.7,FGSM,0.8,22.737704918032787,22.0,2,51
engr0,LG,BIM,0.7,FGSM,0.9,22.737704918032787,22.0,2,51
engr0,LG,BIM,0.7,FGSM,1.0,22.737704918032787,22.0,2,51
engr0,MOTO,BIM,0.7,FGSM,0.1,1.6557377049180328,1.0,0,8
engr0,MOTO,BIM,0.7,FGSM,0.2,1.6557377049180328,1.0,0,8
engr0,MOTO,BIM,0.7,FGSM,0.3,1.6557377049180328,1.0,0,8
engr0,MOTO,BIM,0.7,FGSM,0.4,1.6557377049180328,1.0,0,8
engr0,MOTO,BIM,0.7,FGSM,0.5,1.6557377049180328,1.0,0,8
engr0,MOTO,BIM,0.7,FGSM,0.6,1.6557377049180328,1.0,0,8
engr0,MOTO,BIM,0.7,FGSM,0.7,1.6557377049180328,1.0,0,8
engr0,MOTO,BIM,0.7,FGSM,0.8,1.6557377049180328,1.0,0,8
engr0,MOTO,BIM,0.7,FGSM,0.9,1.6557377049180328,1.0,0,8
engr0,MOTO,BIM,0.7,FGSM,1.0,1.6557377049180328,1.0,0,8
engr0,OP3,BIM,0.7,FGSM,0.1,4.983606557377049,4.0,0,28
engr0,OP3,BIM,0.7,FGSM,0.2,13.459016393442623,11.0,1,43
engr0,OP3,BIM,0.7,FGSM,0.3,17.934426229508198,13.0,0,56
engr0,OP3,BIM,0.7,FGSM,0.4,19.114754098360656,17.0,0,47
engr0,OP3,BIM,0.7,FGSM,0.5,19.311475409836067,17.0,0,47
engr0,OP3,BIM,0.7,FGSM,0.6,19.40983606557377,17.0,0,47
engr0,OP3,BIM,0.7,FGSM,0.7,19.40983606557377,17.0,0,47
engr0,OP3,BIM,0.7,FGSM,0.8,19.40983606557377,17.0,0,47
engr0,OP3,BIM,0.7,FGSM,0.9,19.40983606557377,17.0,0,47
engr0,OP3,BIM,0.7,FGSM,1.0,19.40983606557377,17.0,0,47
engr0,S7,BIM,0.7,FGSM,0.1,6.049180327868853,5.0,0,41
engr0,S7,BIM,0.7,FGSM,0.2,12.37704918032787,9.0,1,43
engr0,S7,BIM,0.7,FGSM,0.3,21.78688524590164,19.0,1,54
engr0,S7,BIM,0.7,FGSM,0.4,22.885245901639344,20.0,1,49
engr0,S7,BIM,0.7,FGSM,0.5,23.114754098360656,20.0,1,49
engr0,S7,BIM,0.7,FGSM,0.6,23.114754098360656,20.0,1,49
engr0,S7,BIM,0.7,FGSM,0.7,23.114754098360656,20.0,1,49
engr0,S7,BIM,0.7,FGSM,0.8,23.114754098360656,20.0,1,49
engr0,S7,BIM,0.7,FGSM,0.9,23.114754098360656,20.0,1,49
engr0,S7,BIM,0.7,FGSM,1.0,23.114754098360656,20.0,1,49
engr0,BLU,BIM,0.8,FGSM,0.1,7.852459016393443,6.0,0,47
engr0,BLU,BIM,0.8,FGSM,0.2,14.049180327868852,13.0,1,47
engr0,BLU,BIM,0.8,FGSM,0.3,21.737704918032787,19.0,0,53
engr0,BLU,BIM,0.8,FGSM,0.4,24.262295081967213,22.0,0,53
engr0,BLU,BIM,0.8,FGSM,0.5,25.131147540983605,23.0,0,53
engr0,BLU,BIM,0.8,FGSM,0.6,25.24590163934426,23.0,0,53
engr0,BLU,BIM,0.8,FGSM,0.7,25.24590163934426,23.0,0,53
engr0,BLU,BIM,0.8,FGSM,0.8,25.24590163934426,23.0,0,53
engr0,BLU,BIM,0.8,FGSM,0.9,25.24590163934426,23.0,0,53
engr0,BLU,BIM,0.8,FGSM,1.0,25.24590163934426,23.0,0,53
engr0,HTC,BIM,0.8,FGSM,0.1,6.163934426229508,5.0,0,19
engr0,HTC,BIM,0.8,FGSM,0.2,10.327868852459016,9.0,2,41
engr0,HTC,BIM,0.8,FGSM,0.3,20.37704918032787,18.0,2,51
engr0,HTC,BIM,0.8,FGSM,0.4,22.049180327868854,20.0,2,53
engr0,HTC,BIM,0.8,FGSM,0.5,22.229508196721312,20.0,2,53
engr0,HTC,BIM,0.8,FGSM,0.6,22.229508196721312,20.0,2,53
engr0,HTC,BIM,0.8,FGSM,0.7,22.229508196721312,20.0,2,53
engr0,HTC,BIM,0.8,FGSM,0.8,22.229508196721312,20.0,2,53
engr0,HTC,BIM,0.8,FGSM,0.9,22.229508196721312,20.0,2,53
engr0,HTC,BIM,0.8,FGSM,1.0,22.229508196721312,20.0,2,53
engr0,LG,BIM,0.8,FGSM,0.1,6.377049180327869,5.0,0,46
engr0,LG,BIM,0.8,FGSM,0.2,11.704918032786885,10.0,0,49
engr0,LG,BIM,0.8,FGSM,0.3,18.19672131147541,14.0,2,55
engr0,LG,BIM,0.8,FGSM,0.4,21.62295081967213,22.0,2,48
engr0,LG,BIM,0.8,FGSM,0.5,22.704918032786885,22.0,2,51
engr0,LG,BIM,0.8,FGSM,0.6,22.737704918032787,22.0,2,51
engr0,LG,BIM,0.8,FGSM,0.7,22.737704918032787,22.0,2,51
engr0,LG,BIM,0.8,FGSM,0.8,22.737704918032787,22.0,2,51
engr0,LG,BIM,0.8,FGSM,0.9,22.737704918032787,22.0,2,51
engr0,LG,BIM,0.8,FGSM,1.0,22.737704918032787,22.0,2,51
engr0,MOTO,BIM,0.8,FGSM,0.1,1.6557377049180328,1.0,0,8
engr0,MOTO,BIM,0.8,FGSM,0.2,1.6557377049180328,1.0,0,8
engr0,MOTO,BIM,0.8,FGSM,0.3,1.6557377049180328,1.0,0,8
engr0,MOTO,BIM,0.8,FGSM,0.4,1.6557377049180328,1.0,0,8
engr0,MOTO,BIM,0.8,FGSM,0.5,1.6557377049180328,1.0,0,8
engr0,MOTO,BIM,0.8,FGSM,0.6,1.6557377049180328,1.0,0,8
engr0,MOTO,BIM,0.8,FGSM,0.7,1.6557377049180328,1.0,0,8
engr0,MOTO,BIM,0.8,FGSM,0.8,1.6557377049180328,1.0,0,8
engr0,MOTO,BIM,0.8,FGSM,0.9,1.6557377049180328,1.0,0,8
engr0,MOTO,BIM,0.8,FGSM,1.0,1.6557377049180328,1.0,0,8
engr0,OP3,BIM,0.8,FGSM,0.1,4.983606557377049,4.0,0,28
engr0,OP3,BIM,0.8,FGSM,0.2,13.459016393442623,11.0,1,43
engr0,OP3,BIM,0.8,FGSM,0.3,17.934426229508198,13.0,0,56
engr0,OP3,BIM,0.8,FGSM,0.4,19.114754098360656,17.0,0,47
engr0,OP3,BIM,0.8,FGSM,0.5,19.311475409836067,17.0,0,47
engr0,OP3,BIM,0.8,FGSM,0.6,19.40983606557377,17.0,0,47
engr0,OP3,BIM,0.8,FGSM,0.7,19.40983606557377,17.0,0,47
engr0,OP3,BIM,0.8,FGSM,0.8,19.40983606557377,17.0,0,47
engr0,OP3,BIM,0.8,FGSM,0.9,19.40983606557377,17.0,0,47
engr0,OP3,BIM,0.8,FGSM,1.0,19.40983606557377,17.0,0,47
engr0,S7,BIM,0.8,FGSM,0.1,6.049180327868853,5.0,0,41
engr0,S7,BIM,0.8,FGSM,0.2,12.37704918032787,9.0,1,43
engr0,S7,BIM,0.8,FGSM,0.3,21.78688524590164,19.0,1,54
engr0,S7,BIM,0.8,FGSM,0.4,22.885245901639344,20.0,1,49
engr0,S7,BIM,0.8,FGSM,0.5,23.114754098360656,20.0,1,49
engr0,S7,BIM,0.8,FGSM,0.6,23.114754098360656,20.0,1,49
engr0,S7,BIM,0.8,FGSM,0.7,23.114754098360656,20.0,1,49
engr0,S7,BIM,0.8,FGSM,0.8,23.114754098360656,20.0,1,49
engr0,S7,BIM,0.8,FGSM,0.9,23.114754098360656,20.0,1,49
engr0,S7,BIM,0.8,FGSM,1.0,23.114754098360656,20.0,1,49
engr0,BLU,BIM,0.9,FGSM,0.1,7.852459016393443,6.0,0,47
engr0,BLU,BIM,0.9,FGSM,0.2,14.049180327868852,13.0,1,47
engr0,BLU,BIM,0.9,FGSM,0.3,21.737704918032787,19.0,0,53
engr0,BLU,BIM,0.9,FGSM,0.4,24.262295081967213,22.0,0,53
engr0,BLU,BIM,0.9,FGSM,0.5,25.131147540983605,23.0,0,53
engr0,BLU,BIM,0.9,FGSM,0.6,25.24590163934426,23.0,0,53
engr0,BLU,BIM,0.9,FGSM,0.7,25.24590163934426,23.0,0,53
engr0,BLU,BIM,0.9,FGSM,0.8,25.24590163934426,23.0,0,53
engr0,BLU,BIM,0.9,FGSM,0.9,25.24590163934426,23.0,0,53
engr0,BLU,BIM,0.9,FGSM,1.0,25.24590163934426,23.0,0,53
engr0,HTC,BIM,0.9,FGSM,0.1,6.163934426229508,5.0,0,19
engr0,HTC,BIM,0.9,FGSM,0.2,10.327868852459016,9.0,2,41
engr0,HTC,BIM,0.9,FGSM,0.3,20.37704918032787,18.0,2,51
engr0,HTC,BIM,0.9,FGSM,0.4,22.049180327868854,20.0,2,53
engr0,HTC,BIM,0.9,FGSM,0.5,22.229508196721312,20.0,2,53
engr0,HTC,BIM,0.9,FGSM,0.6,22.229508196721312,20.0,2,53
engr0,HTC,BIM,0.9,FGSM,0.7,22.229508196721312,20.0,2,53
engr0,HTC,BIM,0.9,FGSM,0.8,22.229508196721312,20.0,2,53
engr0,HTC,BIM,0.9,FGSM,0.9,22.229508196721312,20.0,2,53
engr0,HTC,BIM,0.9,FGSM,1.0,22.229508196721312,20.0,2,53
engr0,LG,BIM,0.9,FGSM,0.1,6.377049180327869,5.0,0,46
engr0,LG,BIM,0.9,FGSM,0.2,11.704918032786885,10.0,0,49
engr0,LG,BIM,0.9,FGSM,0.3,18.19672131147541,14.0,2,55
engr0,LG,BIM,0.9,FGSM,0.4,21.62295081967213,22.0,2,48
engr0,LG,BIM,0.9,FGSM,0.5,22.704918032786885,22.0,2,51
engr0,LG,BIM,0.9,FGSM,0.6,22.737704918032787,22.0,2,51
engr0,LG,BIM,0.9,FGSM,0.7,22.737704918032787,22.0,2,51
engr0,LG,BIM,0.9,FGSM,0.8,22.737704918032787,22.0,2,51
engr0,LG,BIM,0.9,FGSM,0.9,22.737704918032787,22.0,2,51
engr0,LG,BIM,0.9,FGSM,1.0,22.737704918032787,22.0,2,51
engr0,MOTO,BIM,0.9,FGSM,0.1,1.6557377049180328,1.0,0,8
engr0,MOTO,BIM,0.9,FGSM,0.2,1.6557377049180328,1.0,0,8
engr0,MOTO,BIM,0.9,FGSM,0.3,1.6557377049180328,1.0,0,8
engr0,MOTO,BIM,0.9,FGSM,0.4,1.6557377049180328,1.0,0,8
engr0,MOTO,BIM,0.9,FGSM,0.5,1.6557377049180328,1.0,0,8
engr0,MOTO,BIM,0.9,FGSM,0.6,1.6557377049180328,1.0,0,8
engr0,MOTO,BIM,0.9,FGSM,0.7,1.6557377049180328,1.0,0,8
engr0,MOTO,BIM,0.9,FGSM,0.8,1.6557377049180328,1.0,0,8
engr0,MOTO,BIM,0.9,FGSM,0.9,1.6557377049180328,1.0,0,8
engr0,MOTO,BIM,0.9,FGSM,1.0,1.6557377049180328,1.0,0,8
engr0,OP3,BIM,0.9,FGSM,0.1,4.983606557377049,4.0,0,28
engr0,OP3,BIM,0.9,FGSM,0.2,13.459016393442623,11.0,1,43
engr0,OP3,BIM,0.9,FGSM,0.3,17.934426229508198,13.0,0,56
engr0,OP3,BIM,0.9,FGSM,0.4,19.114754098360656,17.0,0,47
engr0,OP3,BIM,0.9,FGSM,0.5,19.311475409836067,17.0,0,47
engr0,OP3,BIM,0.9,FGSM,0.6,19.40983606557377,17.0,0,47
engr0,OP3,BIM,0.9,FGSM,0.7,19.40983606557377,17.0,0,47
engr0,OP3,BIM,0.9,FGSM,0.8,19.40983606557377,17.0,0,47
engr0,OP3,BIM,0.9,FGSM,0.9,19.40983606557377,17.0,0,47
engr0,OP3,BIM,0.9,FGSM,1.0,19.40983606557377,17.0,0,47
engr0,S7,BIM,0.9,FGSM,0.1,6.049180327868853,5.0,0,41
engr0,S7,BIM,0.9,FGSM,0.2,12.37704918032787,9.0,1,43
engr0,S7,BIM,0.9,FGSM,0.3,21.78688524590164,19.0,1,54
engr0,S7,BIM,0.9,FGSM,0.4,22.885245901639344,20.0,1,49
engr0,S7,BIM,0.9,FGSM,0.5,23.114754098360656,20.0,1,49
engr0,S7,BIM,0.9,FGSM,0.6,23.114754098360656,20.0,1,49
engr0,S7,BIM,0.9,FGSM,0.7,23.114754098360656,20.0,1,49
engr0,S7,BIM,0.9,FGSM,0.8,23.114754098360656,20.0,1,49
engr0,S7,BIM,0.9,FGSM,0.9,23.114754098360656,20.0,1,49
engr0,S7,BIM,0.9,FGSM,1.0,23.114754098360656,20.0,1,49
engr0,BLU,BIM,1.0,FGSM,0.1,7.852459016393443,6.0,0,47
engr0,BLU,BIM,1.0,FGSM,0.2,14.049180327868852,13.0,1,47
engr0,BLU,BIM,1.0,FGSM,0.3,21.737704918032787,19.0,0,53
engr0,BLU,BIM,1.0,FGSM,0.4,24.262295081967213,22.0,0,53
engr0,BLU,BIM,1.0,FGSM,0.5,25.131147540983605,23.0,0,53
engr0,BLU,BIM,1.0,FGSM,0.6,25.24590163934426,23.0,0,53
engr0,BLU,BIM,1.0,FGSM,0.7,25.24590163934426,23.0,0,53
engr0,BLU,BIM,1.0,FGSM,0.8,25.24590163934426,23.0,0,53
engr0,BLU,BIM,1.0,FGSM,0.9,25.24590163934426,23.0,0,53
engr0,BLU,BIM,1.0,FGSM,1.0,25.24590163934426,23.0,0,53
engr0,HTC,BIM,1.0,FGSM,0.1,6.163934426229508,5.0,0,19
engr0,HTC,BIM,1.0,FGSM,0.2,10.327868852459016,9.0,2,41
engr0,HTC,BIM,1.0,FGSM,0.3,20.37704918032787,18.0,2,51
engr0,HTC,BIM,1.0,FGSM,0.4,22.049180327868854,20.0,2,53
engr0,HTC,BIM,1.0,FGSM,0.5,22.229508196721312,20.0,2,53
engr0,HTC,BIM,1.0,FGSM,0.6,22.229508196721312,20.0,2,53
engr0,HTC,BIM,1.0,FGSM,0.7,22.229508196721312,20.0,2,53
engr0,HTC,BIM,1.0,FGSM,0.8,22.229508196721312,20.0,2,53
engr0,HTC,BIM,1.0,FGSM,0.9,22.229508196721312,20.0,2,53
engr0,HTC,BIM,1.0,FGSM,1.0,22.229508196721312,20.0,2,53
engr0,LG,BIM,1.0,FGSM,0.1,6.377049180327869,5.0,0,46
engr0,LG,BIM,1.0,FGSM,0.2,11.704918032786885,10.0,0,49
engr0,LG,BIM,1.0,FGSM,0.3,18.19672131147541,14.0,2,55
engr0,LG,BIM,1.0,FGSM,0.4,21.62295081967213,22.0,2,48
engr0,LG,BIM,1.0,FGSM,0.5,22.704918032786885,22.0,2,51
engr0,LG,BIM,1.0,FGSM,0.6,22.737704918032787,22.0,2,51
engr0,LG,BIM,1.0,FGSM,0.7,22.737704918032787,22.0,2,51
engr0,LG,BIM,1.0,FGSM,0.8,22.737704918032787,22.0,2,51
engr0,LG,BIM,1.0,FGSM,0.9,22.737704918032787,22.0,2,51
engr0,LG,BIM,1.0,FGSM,1.0,22.737704918032787,22.0,2,51
engr0,MOTO,BIM,1.0,FGSM,0.1,1.6557377049180328,1.0,0,8
engr0,MOTO,BIM,1.0,FGSM,0.2,1.6557377049180328,1.0,0,8
engr0,MOTO,BIM,1.0,FGSM,0.3,1.6557377049180328,1.0,0,8
engr0,MOTO,BIM,1.0,FGSM,0.4,1.6557377049180328,1.0,0,8
engr0,MOTO,BIM,1.0,FGSM,0.5,1.6557377049180328,1.0,0,8
engr0,MOTO,BIM,1.0,FGSM,0.6,1.6557377049180328,1.0,0,8
engr0,MOTO,BIM,1.0,FGSM,0.7,1.6557377049180328,1.0,0,8
engr0,MOTO,BIM,1.0,FGSM,0.8,1.6557377049180328,1.0,0,8
engr0,MOTO,BIM,1.0,FGSM,0.9,1.6557377049180328,1.0,0,8
engr0,MOTO,BIM,1.0,FGSM,1.0,1.6557377049180328,1.0,0,8
engr0,OP3,BIM,1.0,FGSM,0.1,4.983606557377049,4.0,0,28
engr0,OP3,BIM,1.0,FGSM,0.2,13.459016393442623,11.0,1,43
engr0,OP3,BIM,1.0,FGSM,0.3,17.934426229508198,13.0,0,56
engr0,OP3,BIM,1.0,FGSM,0.4,19.114754098360656,17.0,0,47
engr0,OP3,BIM,1.0,FGSM,0.5,19.311475409836067,17.0,0,47
engr0,OP3,BIM,1.0,FGSM,0.6,19.40983606557377,17.0,0,47
engr0,OP3,BIM,1.0,FGSM,0.7,19.40983606557377,17.0,0,47
engr0,OP3,BIM,1.0,FGSM,0.8,19.40983606557377,17.0,0,47
engr0,OP3,BIM,1.0,FGSM,0.9,19.40983606557377,17.0,0,47
engr0,OP3,BIM,1.0,FGSM,1.0,19.40983606557377,17.0,0,47
engr0,S7,BIM,1.0,FGSM,0.1,6.049180327868853,5.0,0,41
engr0,S7,BIM,1.0,FGSM,0.2,12.37704918032787,9.0,1,43
engr0,S7,BIM,1.0,FGSM,0.3,21.78688524590164,19.0,1,54
engr0,S7,BIM,1.0,FGSM,0.4,22.885245901639344,20.0,1,49
engr0,S7,BIM,1.0,FGSM,0.5,23.114754098360656,20.0,1,49
engr0,S7,BIM,1.0,FGSM,0.6,23.114754098360656,20.0,1,49
engr0,S7,BIM,1.0,FGSM,0.7,23.114754098360656,20.0,1,49
engr0,S7,BIM,1.0,FGSM,0.8,23.114754098360656,20.0,1,49
engr0,S7,BIM,1.0,FGSM,0.9,23.114754098360656,20.0,1,49
engr0,S7,BIM,1.0,FGSM,1.0,23.114754098360656,20.0,1,49
engr0,BLU,FGSM,0.1,PGD,0.1,3.639344262295082,3.0,0,18
engr0,BLU,FGSM,0.1,PGD,0.2,3.5737704918032787,3.0,0,18
engr0,BLU,FGSM,0.1,PGD,0.3,3.5081967213114753,2.0,0,18
engr0,BLU,FGSM,0.1,PGD,0.4,3.6885245901639343,3.0,0,18
engr0,BLU,FGSM,0.1,PGD,0.5,3.6885245901639343,3.0,0,18
engr0,BLU,FGSM,0.1,PGD,0.6,3.6885245901639343,3.0,0,18
engr0,BLU,FGSM,0.1,PGD,0.7,3.6885245901639343,3.0,0,18
engr0,BLU,FGSM,0.1,PGD,0.8,3.6885245901639343,3.0,0,18
engr0,BLU,FGSM,0.1,PGD,0.9,3.6885245901639343,3.0,0,18
engr0,BLU,FGSM,0.1,PGD,1.0,3.6885245901639343,3.0,0,18
engr0,HTC,FGSM,0.1,PGD,0.1,3.4754098360655736,3.0,0,13
engr0,HTC,FGSM,0.1,PGD,0.2,3.639344262295082,3.0,0,15
engr0,HTC,FGSM,0.1,PGD,0.3,3.5901639344262297,2.0,0,15
engr0,HTC,FGSM,0.1,PGD,0.4,3.5245901639344264,2.0,0,15
engr0,HTC,FGSM,0.1,PGD,0.5,3.5245901639344264,2.0,0,15
engr0,HTC,FGSM,0.1,PGD,0.6,3.5245901639344264,2.0,0,15
engr0,HTC,FGSM,0.1,PGD,0.7,3.5245901639344264,2.0,0,15
engr0,HTC,FGSM,0.1,PGD,0.8,3.5245901639344264,2.0,0,15
engr0,HTC,FGSM,0.1,PGD,0.9,3.5245901639344264,2.0,0,15
engr0,HTC,FGSM,0.1,PGD,1.0,3.5245901639344264,2.0,0,15
engr0,LG,FGSM,0.1,PGD,0.1,3.7868852459016393,2.0,0,28
engr0,LG,FGSM,0.1,PGD,0.2,4.311475409836065,2.0,0,28
engr0,LG,FGSM,0.1,PGD,0.3,4.557377049180328,2.0,0,28
engr0,LG,FGSM,0.1,PGD,0.4,4.786885245901639,3.0,0,28
engr0,LG,FGSM,0.1,PGD,0.5,4.786885245901639,3.0,0,28
engr0,LG,FGSM,0.1,PGD,0.6,4.786885245901639,3.0,0,28
engr0,LG,FGSM,0.1,PGD,0.7,4.786885245901639,3.0,0,28
engr0,LG,FGSM,0.1,PGD,0.8,4.786885245901639,3.0,0,28
engr0,LG,FGSM,0.1,PGD,0.9,4.786885245901639,3.0,0,28
engr0,LG,FGSM,0.1,PGD,1.0,4.786885245901639,3.0,0,28
engr0,MOTO,FGSM,0.1,PGD,0.1,3.459016393442623,2.0,0,12
engr0,MOTO,FGSM,0.1,PGD,0.2,10.770491803278688,7.0,0,58
engr0,MOTO,FGSM,0.1,PGD,0.3,13.78688524590164,9.0,0,35
engr0,MOTO,FGSM,0.1,PGD,0.4,14.278688524590164,12.0,0,35
engr0,MOTO,FGSM,0.1,PGD,0.5,14.278688524590164,12.0,0,35
engr0,MOTO,FGSM,0.1,PGD,0.6,14.278688524590164,12.0,0,35
engr0,MOTO,FGSM,0.1,PGD,0.7,14.278688524590164,12.0,0,35
engr0,MOTO,FGSM,0.1,PGD,0.8,14.278688524590164,12.0,0,35
engr0,MOTO,FGSM,0.1,PGD,0.9,14.278688524590164,12.0,0,35
engr0,MOTO,FGSM,0.1,PGD,1.0,14.278688524590164,12.0,0,35
engr0,OP3,FGSM,0.1,PGD,0.1,0.8524590163934426,0.0,0,9
engr0,OP3,FGSM,0.1,PGD,0.2,1.360655737704918,0.0,0,9
engr0,OP3,FGSM,0.1,PGD,0.3,1.4098360655737705,0.0,0,9
engr0,OP3,FGSM,0.1,PGD,0.4,1.3934426229508197,0.0,0,9
engr0,OP3,FGSM,0.1,PGD,0.5,1.3934426229508197,0.0,0,9
engr0,OP3,FGSM,0.1,PGD,0.6,1.3934426229508197,0.0,0,9
engr0,OP3,FGSM,0.1,PGD,0.7,1.3934426229508197,0.0,0,9
engr0,OP3,FGSM,0.1,PGD,0.8,1.3934426229508197,0.0,0,9
engr0,OP3,FGSM,0.1,PGD,0.9,1.3934426229508197,0.0,0,9
engr0,OP3,FGSM,0.1,PGD,1.0,1.3934426229508197,0.0,0,9
engr0,S7,FGSM,0.1,PGD,0.1,2.5245901639344264,2.0,0,13
engr0,S7,FGSM,0.1,PGD,0.2,2.5901639344262297,2.0,0,10
engr0,S7,FGSM,0.1,PGD,0.3,3.2950819672131146,2.0,0,44
engr0,S7,FGSM,0.1,PGD,0.4,3.360655737704918,2.0,0,44
engr0,S7,FGSM,0.1,PGD,0.5,3.360655737704918,2.0,0,44
engr0,S7,FGSM,0.1,PGD,0.6,3.360655737704918,2.0,0,44
engr0,S7,FGSM,0.1,PGD,0.7,3.360655737704918,2.0,0,44
engr0,S7,FGSM,0.1,PGD,0.8,3.360655737704918,2.0,0,44
engr0,S7,FGSM,0.1,PGD,0.9,3.360655737704918,2.0,0,44
engr0,S7,FGSM,0.1,PGD,1.0,3.360655737704918,2.0,0,44
engr0,BLU,FGSM,0.2,PGD,0.1,3.80327868852459,2.0,0,28
engr0,BLU,FGSM,0.2,PGD,0.2,4.081967213114754,3.0,0,28
engr0,BLU,FGSM,0.2,PGD,0.3,4.278688524590164,3.0,0,28
engr0,BLU,FGSM,0.2,PGD,0.4,4.229508196721311,3.0,0,28
engr0,BLU,FGSM,0.2,PGD,0.5,4.229508196721311,3.0,0,28
engr0,BLU,FGSM,0.2,PGD,0.6,4.229508196721311,3.0,0,28
engr0,BLU,FGSM,0.2,PGD,0.7,4.229508196721311,3.0,0,28
engr0,BLU,FGSM,0.2,PGD,0.8,4.229508196721311,3.0,0,28
engr0,BLU,FGSM,0.2,PGD,0.9,4.229508196721311,3.0,0,28
engr0,BLU,FGSM,0.2,PGD,1.0,4.229508196721311,3.0,0,28
engr0,HTC,FGSM,0.2,PGD,0.1,4.344262295081967,2.0,0,28
engr0,HTC,FGSM,0.2,PGD,0.2,4.180327868852459,2.0,0,46
engr0,HTC,FGSM,0.2,PGD,0.3,4.163934426229508,2.0,0,46
engr0,HTC,FGSM,0.2,PGD,0.4,4.245901639344262,2.0,0,46
engr0,HTC,FGSM,0.2,PGD,0.5,4.245901639344262,2.0,0,46
engr0,HTC,FGSM,0.2,PGD,0.6,4.245901639344262,2.0,0,46
engr0,HTC,FGSM,0.2,PGD,0.7,4.245901639344262,2.0,0,46
engr0,HTC,FGSM,0.2,PGD,0.8,4.245901639344262,2.0,0,46
engr0,HTC,FGSM,0.2,PGD,0.9,4.245901639344262,2.0,0,46
engr0,HTC,FGSM,0.2,PGD,1.0,4.245901639344262,2.0,0,46
engr0,LG,FGSM,0.2,PGD,0.1,6.409836065573771,3.0,0,28
engr0,LG,FGSM,0.2,PGD,0.2,6.081967213114754,4.0,0,28
engr0,LG,FGSM,0.2,PGD,0.3,5.311475409836065,3.0,0,28
engr0,LG,FGSM,0.2,PGD,0.4,5.737704918032787,3.0,0,28
engr0,LG,FGSM,0.2,PGD,0.5,5.737704918032787,3.0,0,28
engr0,LG,FGSM,0.2,PGD,0.6,5.737704918032787,3.0,0,28
engr0,LG,FGSM,0.2,PGD,0.7,5.737704918032787,3.0,0,28
engr0,LG,FGSM,0.2,PGD,0.8,5.737704918032787,3.0,0,28
engr0,LG,FGSM,0.2,PGD,0.9,5.737704918032787,3.0,0,28
engr0,LG,FGSM,0.2,PGD,1.0,5.737704918032787,3.0,0,28
engr0,MOTO,FGSM,0.2,PGD,0.1,5.0,3.0,0,44
engr0,MOTO,FGSM,0.2,PGD,0.2,6.819672131147541,5.0,0,31
engr0,MOTO,FGSM,0.2,PGD,0.3,9.688524590163935,5.0,0,37
engr0,MOTO,FGSM,0.2,PGD,0.4,10.01639344262295,7.0,0,37
engr0,MOTO,FGSM,0.2,PGD,0.5,10.01639344262295,7.0,0,37
engr0,MOTO,FGSM,0.2,PGD,0.6,10.01639344262295,7.0,0,37
engr0,MOTO,FGSM,0.2,PGD,0.7,10.01639344262295,7.0,0,37
engr0,MOTO,FGSM,0.2,PGD,0.8,10.01639344262295,7.0,0,37
engr0,MOTO,FGSM,0.2,PGD,0.9,10.01639344262295,7.0,0,37
engr0,MOTO,FGSM,0.2,PGD,1.0,10.01639344262295,7.0,0,37
engr0,OP3,FGSM,0.2,PGD,0.1,1.3934426229508197,0.0,0,9
engr0,OP3,FGSM,0.2,PGD,0.2,1.6885245901639345,0.0,0,15
engr0,OP3,FGSM,0.2,PGD,0.3,2.081967213114754,1.0,0,21
engr0,OP3,FGSM,0.2,PGD,0.4,2.098360655737705,1.0,0,21
engr0,OP3,FGSM,0.2,PGD,0.5,2.098360655737705,1.0,0,21
engr0,OP3,FGSM,0.2,PGD,0.6,2.098360655737705,1.0,0,21
engr0,OP3,FGSM,0.2,PGD,0.7,2.098360655737705,1.0,0,21
engr0,OP3,FGSM,0.2,PGD,0.8,2.098360655737705,1.0,0,21
engr0,OP3,FGSM,0.2,PGD,0.9,2.098360655737705,1.0,0,21
engr0,OP3,FGSM,0.2,PGD,1.0,2.098360655737705,1.0,0,21
engr0,S7,FGSM,0.2,PGD,0.1,2.9508196721311477,2.0,0,15
engr0,S7,FGSM,0.2,PGD,0.2,3.1147540983606556,2.0,0,28
engr0,S7,FGSM,0.2,PGD,0.3,3.6885245901639343,2.0,0,44
engr0,S7,FGSM,0.2,PGD,0.4,3.7868852459016393,2.0,0,44
engr0,S7,FGSM,0.2,PGD,0.5,3.7868852459016393,2.0,0,44
engr0,S7,FGSM,0.2,PGD,0.6,3.7868852459016393,2.0,0,44
engr0,S7,FGSM,0.2,PGD,0.7,3.7868852459016393,2.0,0,44
engr0,S7,FGSM,0.2,PGD,0.8,3.7868852459016393,2.0,0,44
engr0,S7,FGSM,0.2,PGD,0.9,3.7868852459016393,2.0,0,44
engr0,S7,FGSM,0.2,PGD,1.0,3.7868852459016393,2.0,0,44
engr0,BLU,FGSM,0.3,PGD,0.1,3.8524590163934427,3.0,0,18
engr0,BLU,FGSM,0.3,PGD,0.2,3.622950819672131,3.0,0,18
engr0,BLU,FGSM,0.3,PGD,0.3,3.7704918032786887,3.0,0,18
engr0,BLU,FGSM,0.3,PGD,0.4,3.6885245901639343,3.0,0,18
engr0,BLU,FGSM,0.3,PGD,0.5,3.6885245901639343,3.0,0,18
engr0,BLU,FGSM,0.3,PGD,0.6,3.6885245901639343,3.0,0,18
engr0,BLU,FGSM,0.3,PGD,0.7,3.6885245901639343,3.0,0,18
engr0,BLU,FGSM,0.3,PGD,0.8,3.6885245901639343,3.0,0,18
engr0,BLU,FGSM,0.3,PGD,0.9,3.6885245901639343,3.0,0,18
engr0,BLU,FGSM,0.3,PGD,1.0,3.6885245901639343,3.0,0,18
engr0,HTC,FGSM,0.3,PGD,0.1,4.409836065573771,3.0,0,46
engr0,HTC,FGSM,0.3,PGD,0.2,4.557377049180328,3.0,0,46
engr0,HTC,FGSM,0.3,PGD,0.3,4.540983606557377,3.0,0,46
engr0,HTC,FGSM,0.3,PGD,0.4,4.459016393442623,3.0,0,46
engr0,HTC,FGSM,0.3,PGD,0.5,4.459016393442623,3.0,0,46
engr0,HTC,FGSM,0.3,PGD,0.6,4.459016393442623,3.0,0,46
engr0,HTC,FGSM,0.3,PGD,0.7,4.459016393442623,3.0,0,46
engr0,HTC,FGSM,0.3,PGD,0.8,4.459016393442623,3.0,0,46
engr0,HTC,FGSM,0.3,PGD,0.9,4.459016393442623,3.0,0,46
engr0,HTC,FGSM,0.3,PGD,1.0,4.459016393442623,3.0,0,46
engr0,LG,FGSM,0.3,PGD,0.1,5.016393442622951,3.0,0,23
engr0,LG,FGSM,0.3,PGD,0.2,4.295081967213115,2.0,0,22
engr0,LG,FGSM,0.3,PGD,0.3,4.229508196721311,2.0,0,22
engr0,LG,FGSM,0.3,PGD,0.4,4.311475409836065,2.0,0,22
engr0,LG,FGSM,0.3,PGD,0.5,4.311475409836065,2.0,0,22
engr0,LG,FGSM,0.3,PGD,0.6,4.311475409836065,2.0,0,22
engr0,LG,FGSM,0.3,PGD,0.7,4.311475409836065,2.0,0,22
engr0,LG,FGSM,0.3,PGD,0.8,4.311475409836065,2.0,0,22
engr0,LG,FGSM,0.3,PGD,0.9,4.311475409836065,2.0,0,22
engr0,LG,FGSM,0.3,PGD,1.0,4.311475409836065,2.0,0,22
engr0,MOTO,FGSM,0.3,PGD,0.1,5.590163934426229,5.0,0,22
engr0,MOTO,FGSM,0.3,PGD,0.2,9.852459016393443,6.0,0,44
engr0,MOTO,FGSM,0.3,PGD,0.3,9.98360655737705,6.0,0,35
engr0,MOTO,FGSM,0.3,PGD,0.4,11.98360655737705,8.0,0,44
engr0,MOTO,FGSM,0.3,PGD,0.5,11.98360655737705,8.0,0,44
engr0,MOTO,FGSM,0.3,PGD,0.6,11.98360655737705,8.0,0,44
engr0,MOTO,FGSM,0.3,PGD,0.7,11.98360655737705,8.0,0,44
engr0,MOTO,FGSM,0.3,PGD,0.8,11.98360655737705,8.0,0,44
engr0,MOTO,FGSM,0.3,PGD,0.9,11.98360655737705,8.0,0,44
engr0,MOTO,FGSM,0.3,PGD,1.0,11.98360655737705,8.0,0,44
engr0,OP3,FGSM,0.3,PGD,0.1,1.7540983606557377,0.0,0,19
engr0,OP3,FGSM,0.3,PGD,0.2,2.098360655737705,0.0,0,19
engr0,OP3,FGSM,0.3,PGD,0.3,2.4262295081967213,1.0,0,19
engr0,OP3,FGSM,0.3,PGD,0.4,2.3278688524590163,1.0,0,19
engr0,OP3,FGSM,0.3,PGD,0.5,2.3278688524590163,1.0,0,19
engr0,OP3,FGSM,0.3,PGD,0.6,2.3278688524590163,1.0,0,19
engr0,OP3,FGSM,0.3,PGD,0.7,2.3278688524590163,1.0,0,19
engr0,OP3,FGSM,0.3,PGD,0.8,2.3278688524590163,1.0,0,19
engr0,OP3,FGSM,0.3,PGD,0.9,2.3278688524590163,1.0,0,19
engr0,OP3,FGSM,0.3,PGD,1.0,2.3278688524590163,1.0,0,19
engr0,S7,FGSM,0.3,PGD,0.1,2.7704918032786887,2.0,0,12
engr0,S7,FGSM,0.3,PGD,0.2,3.0655737704918034,2.0,0,12
engr0,S7,FGSM,0.3,PGD,0.3,2.8688524590163933,2.0,0,12
engr0,S7,FGSM,0.3,PGD,0.4,2.721311475409836,2.0,0,12
engr0,S7,FGSM,0.3,PGD,0.5,2.721311475409836,2.0,0,12
engr0,S7,FGSM,0.3,PGD,0.6,2.721311475409836,2.0,0,12
engr0,S7,FGSM,0.3,PGD,0.7,2.721311475409836,2.0,0,12
engr0,S7,FGSM,0.3,PGD,0.8,2.721311475409836,2.0,0,12
engr0,S7,FGSM,0.3,PGD,0.9,2.721311475409836,2.0,0,12
engr0,S7,FGSM,0.3,PGD,1.0,2.721311475409836,2.0,0,12
engr0,BLU,FGSM,0.4,PGD,0.1,2.639344262295082,2.0,0,12
engr0,BLU,FGSM,0.4,PGD,0.2,3.081967213114754,2.0,0,12
engr0,BLU,FGSM,0.4,PGD,0.3,3.0,2.0,0,12
engr0,BLU,FGSM,0.4,PGD,0.4,3.0655737704918034,2.0,0,12
engr0,BLU,FGSM,0.4,PGD,0.5,3.0655737704918034,2.0,0,12
engr0,BLU,FGSM,0.4,PGD,0.6,3.0655737704918034,2.0,0,12
engr0,BLU,FGSM,0.4,PGD,0.7,3.0655737704918034,2.0,0,12
engr0,BLU,FGSM,0.4,PGD,0.8,3.0655737704918034,2.0,0,12
engr0,BLU,FGSM,0.4,PGD,0.9,3.0655737704918034,2.0,0,12
engr0,BLU,FGSM,0.4,PGD,1.0,3.0655737704918034,2.0,0,12
engr0,HTC,FGSM,0.4,PGD,0.1,2.8852459016393444,2.0,0,15
engr0,HTC,FGSM,0.4,PGD,0.2,4.049180327868853,2.0,0,46
engr0,HTC,FGSM,0.4,PGD,0.3,3.5901639344262297,2.0,0,46
engr0,HTC,FGSM,0.4,PGD,0.4,3.5245901639344264,2.0,0,46
engr0,HTC,FGSM,0.4,PGD,0.5,3.5245901639344264,2.0,0,46
engr0,HTC,FGSM,0.4,PGD,0.6,3.5245901639344264,2.0,0,46
engr0,HTC,FGSM,0.4,PGD,0.7,3.5245901639344264,2.0,0,46
engr0,HTC,FGSM,0.4,PGD,0.8,3.5245901639344264,2.0,0,46
engr0,HTC,FGSM,0.4,PGD,0.9,3.5245901639344264,2.0,0,46
engr0,HTC,FGSM,0.4,PGD,1.0,3.5245901639344264,2.0,0,46
engr0,LG,FGSM,0.4,PGD,0.1,4.475409836065574,3.0,0,30
engr0,LG,FGSM,0.4,PGD,0.2,5.590163934426229,3.0,0,45
engr0,LG,FGSM,0.4,PGD,0.3,5.622950819672131,3.0,0,45
engr0,LG,FGSM,0.4,PGD,0.4,5.524590163934426,3.0,0,45
engr0,LG,FGSM,0.4,PGD,0.5,5.524590163934426,3.0,0,45
engr0,LG,FGSM,0.4,PGD,0.6,5.524590163934426,3.0,0,45
engr0,LG,FGSM,0.4,PGD,0.7,5.524590163934426,3.0,0,45
engr0,LG,FGSM,0.4,PGD,0.8,5.524590163934426,3.0,0,45
engr0,LG,FGSM,0.4,PGD,0.9,5.524590163934426,3.0,0,45
engr0,LG,FGSM,0.4,PGD,1.0,5.524590163934426,3.0,0,45
engr0,MOTO,FGSM,0.4,PGD,0.1,4.934426229508197,3.0,0,46
engr0,MOTO,FGSM,0.4,PGD,0.2,11.967213114754099,11.0,0,42
engr0,MOTO,FGSM,0.4,PGD,0.3,14.475409836065573,12.0,1,54
engr0,MOTO,FGSM,0.4,PGD,0.4,15.229508196721312,13.0,0,43
engr0,MOTO,FGSM,0.4,PGD,0.5,15.229508196721312,13.0,0,43
engr0,MOTO,FGSM,0.4,PGD,0.6,15.229508196721312,13.0,0,43
engr0,MOTO,FGSM,0.4,PGD,0.7,15.229508196721312,13.0,0,43
engr0,MOTO,FGSM,0.4,PGD,0.8,15.229508196721312,13.0,0,43
engr0,MOTO,FGSM,0.4,PGD,0.9,15.229508196721312,13.0,0,43
engr0,MOTO,FGSM,0.4,PGD,1.0,15.229508196721312,13.0,0,43
engr0,OP3,FGSM,0.4,PGD,0.1,0.8360655737704918,0.0,0,17
engr0,OP3,FGSM,0.4,PGD,0.2,1.3442622950819672,0.0,0,17
engr0,OP3,FGSM,0.4,PGD,0.3,1.2295081967213115,0.0,0,17
engr0,OP3,FGSM,0.4,PGD,0.4,1.2459016393442623,0.0,0,17
engr0,OP3,FGSM,0.4,PGD,0.5,1.2459016393442623,0.0,0,17
engr0,OP3,FGSM,0.4,PGD,0.6,1.2459016393442623,0.0,0,17
engr0,OP3,FGSM,0.4,PGD,0.7,1.2459016393442623,0.0,0,17
engr0,OP3,FGSM,0.4,PGD,0.8,1.2459016393442623,0.0,0,17
engr0,OP3,FGSM,0.4,PGD,0.9,1.2459016393442623,0.0,0,17
engr0,OP3,FGSM,0.4,PGD,1.0,1.2459016393442623,0.0,0,17
engr0,S7,FGSM,0.4,PGD,0.1,2.1475409836065573,2.0,0,7
engr0,S7,FGSM,0.4,PGD,0.2,2.278688524590164,2.0,0,7
engr0,S7,FGSM,0.4,PGD,0.3,2.3114754098360657,2.0,0,7
engr0,S7,FGSM,0.4,PGD,0.4,2.3114754098360657,2.0,0,7
engr0,S7,FGSM,0.4,PGD,0.5,2.3114754098360657,2.0,0,7
engr0,S7,FGSM,0.4,PGD,0.6,2.3114754098360657,2.0,0,7
engr0,S7,FGSM,0.4,PGD,0.7,2.3114754098360657,2.0,0,7
engr0,S7,FGSM,0.4,PGD,0.8,2.3114754098360657,2.0,0,7
engr0,S7,FGSM,0.4,PGD,0.9,2.3114754098360657,2.0,0,7
engr0,S7,FGSM,0.4,PGD,1.0,2.3114754098360657,2.0,0,7
engr0,BLU,FGSM,0.5,PGD,0.1,2.80327868852459,2.0,0,14
engr0,BLU,FGSM,0.5,PGD,0.2,3.1475409836065573,2.0,0,11
engr0,BLU,FGSM,0.5,PGD,0.3,3.3442622950819674,2.0,0,11
engr0,BLU,FGSM,0.5,PGD,0.4,3.262295081967213,2.0,0,11
engr0,BLU,FGSM,0.5,PGD,0.5,3.262295081967213,2.0,0,11
engr0,BLU,FGSM,0.5,PGD,0.6,3.262295081967213,2.0,0,11
engr0,BLU,FGSM,0.5,PGD,0.7,3.262295081967213,2.0,0,11
engr0,BLU,FGSM,0.5,PGD,0.8,3.262295081967213,2.0,0,11
engr0,BLU,FGSM,0.5,PGD,0.9,3.262295081967213,2.0,0,11
engr0,BLU,FGSM,0.5,PGD,1.0,3.262295081967213,2.0,0,11
engr0,HTC,FGSM,0.5,PGD,0.1,3.557377049180328,2.0,0,15
engr0,HTC,FGSM,0.5,PGD,0.2,4.295081967213115,2.0,0,46
engr0,HTC,FGSM,0.5,PGD,0.3,3.8524590163934427,2.0,0,46
engr0,HTC,FGSM,0.5,PGD,0.4,3.8524590163934427,2.0,0,46
engr0,HTC,FGSM,0.5,PGD,0.5,3.8524590163934427,2.0,0,46
engr0,HTC,FGSM,0.5,PGD,0.6,3.8524590163934427,2.0,0,46
engr0,HTC,FGSM,0.5,PGD,0.7,3.8524590163934427,2.0,0,46
engr0,HTC,FGSM,0.5,PGD,0.8,3.8524590163934427,2.0,0,46
engr0,HTC,FGSM,0.5,PGD,0.9,3.8524590163934427,2.0,0,46
engr0,HTC,FGSM,0.5,PGD,1.0,3.8524590163934427,2.0,0,46
engr0,LG,FGSM,0.5,PGD,0.1,3.442622950819672,2.0,0,42
engr0,LG,FGSM,0.5,PGD,0.2,4.032786885245901,3.0,0,42
engr0,LG,FGSM,0.5,PGD,0.3,4.819672131147541,3.0,0,45
engr0,LG,FGSM,0.5,PGD,0.4,4.770491803278689,3.0,0,45
engr0,LG,FGSM,0.5,PGD,0.5,4.770491803278689,3.0,0,45
engr0,LG,FGSM,0.5,PGD,0.6,4.770491803278689,3.0,0,45
engr0,LG,FGSM,0.5,PGD,0.7,4.770491803278689,3.0,0,45
engr0,LG,FGSM,0.5,PGD,0.8,4.770491803278689,3.0,0,45
engr0,LG,FGSM,0.5,PGD,0.9,4.770491803278689,3.0,0,45
engr0,LG,FGSM,0.5,PGD,1.0,4.770491803278689,3.0,0,45
engr0,MOTO,FGSM,0.5,PGD,0.1,6.459016393442623,4.0,0,47
engr0,MOTO,FGSM,0.5,PGD,0.2,14.475409836065573,11.0,0,56
engr0,MOTO,FGSM,0.5,PGD,0.3,15.081967213114755,10.0,0,58
engr0,MOTO,FGSM,0.5,PGD,0.4,16.21311475409836,12.0,0,58
engr0,MOTO,FGSM,0.5,PGD,0.5,16.21311475409836,12.0,0,58
engr0,MOTO,FGSM,0.5,PGD,0.6,16.21311475409836,12.0,0,58
engr0,MOTO,FGSM,0.5,PGD,0.7,16.21311475409836,12.0,0,58
engr0,MOTO,FGSM,0.5,PGD,0.8,16.21311475409836,12.0,0,58
engr0,MOTO,FGSM,0.5,PGD,0.9,16.21311475409836,12.0,0,58
engr0,MOTO,FGSM,0.5,PGD,1.0,16.21311475409836,12.0,0,58
engr0,OP3,FGSM,0.5,PGD,0.1,0.9016393442622951,0.0,0,17
engr0,OP3,FGSM,0.5,PGD,0.2,1.1475409836065573,0.0,0,17
engr0,OP3,FGSM,0.5,PGD,0.3,1.2459016393442623,0.0,0,17
engr0,OP3,FGSM,0.5,PGD,0.4,1.2295081967213115,0.0,0,17
engr0,OP3,FGSM,0.5,PGD,0.5,1.2295081967213115,0.0,0,17
engr0,OP3,FGSM,0.5,PGD,0.6,1.2295081967213115,0.0,0,17
engr0,OP3,FGSM,0.5,PGD,0.7,1.2295081967213115,0.0,0,17
engr0,OP3,FGSM,0.5,PGD,0.8,1.2295081967213115,0.0,0,17
engr0,OP3,FGSM,0.5,PGD,0.9,1.2295081967213115,0.0,0,17
engr0,OP3,FGSM,0.5,PGD,1.0,1.2295081967213115,0.0,0,17
engr0,S7,FGSM,0.5,PGD,0.1,2.4918032786885247,2.0,0,8
engr0,S7,FGSM,0.5,PGD,0.2,2.3442622950819674,2.0,0,10
engr0,S7,FGSM,0.5,PGD,0.3,2.3442622950819674,2.0,0,10
engr0,S7,FGSM,0.5,PGD,0.4,2.360655737704918,2.0,0,10
engr0,S7,FGSM,0.5,PGD,0.5,2.360655737704918,2.0,0,10
engr0,S7,FGSM,0.5,PGD,0.6,2.360655737704918,2.0,0,10
engr0,S7,FGSM,0.5,PGD,0.7,2.360655737704918,2.0,0,10
engr0,S7,FGSM,0.5,PGD,0.8,2.360655737704918,2.0,0,10
engr0,S7,FGSM,0.5,PGD,0.9,2.360655737704918,2.0,0,10
engr0,S7,FGSM,0.5,PGD,1.0,2.360655737704918,2.0,0,10
engr0,BLU,FGSM,0.6,PGD,0.1,3.1639344262295084,3.0,0,10
engr0,BLU,FGSM,0.6,PGD,0.2,3.442622950819672,3.0,0,10
engr0,BLU,FGSM,0.6,PGD,0.3,3.19672131147541,2.0,0,10
engr0,BLU,FGSM,0.6,PGD,0.4,3.2459016393442623,2.0,0,10
engr0,BLU,FGSM,0.6,PGD,0.5,3.2459016393442623,2.0,0,10
engr0,BLU,FGSM,0.6,PGD,0.6,3.2459016393442623,2.0,0,10
engr0,BLU,FGSM,0.6,PGD,0.7,3.2459016393442623,2.0,0,10
engr0,BLU,FGSM,0.6,PGD,0.8,3.2459016393442623,2.0,0,10
engr0,BLU,FGSM,0.6,PGD,0.9,3.2459016393442623,2.0,0,10
engr0,BLU,FGSM,0.6,PGD,1.0,3.2459016393442623,2.0,0,10
engr0,HTC,FGSM,0.6,PGD,0.1,3.2950819672131146,2.0,0,15
engr0,HTC,FGSM,0.6,PGD,0.2,4.295081967213115,2.0,0,46
engr0,HTC,FGSM,0.6,PGD,0.3,4.081967213114754,2.0,0,46
engr0,HTC,FGSM,0.6,PGD,0.4,4.081967213114754,2.0,0,46
engr0,HTC,FGSM,0.6,PGD,0.5,4.081967213114754,2.0,0,46
engr0,HTC,FGSM,0.6,PGD,0.6,4.081967213114754,2.0,0,46
engr0,HTC,FGSM,0.6,PGD,0.7,4.081967213114754,2.0,0,46
engr0,HTC,FGSM,0.6,PGD,0.8,4.081967213114754,2.0,0,46
engr0,HTC,FGSM,0.6,PGD,0.9,4.081967213114754,2.0,0,46
engr0,HTC,FGSM,0.6,PGD,1.0,4.081967213114754,2.0,0,46
engr0,LG,FGSM,0.6,PGD,0.1,3.540983606557377,2.0,0,45
engr0,LG,FGSM,0.6,PGD,0.2,3.8852459016393444,2.0,0,45
engr0,LG,FGSM,0.6,PGD,0.3,4.213114754098361,3.0,0,45
engr0,LG,FGSM,0.6,PGD,0.4,4.147540983606557,3.0,0,45
engr0,LG,FGSM,0.6,PGD,0.5,4.147540983606557,3.0,0,45
engr0,LG,FGSM,0.6,PGD,0.6,4.147540983606557,3.0,0,45
engr0,LG,FGSM,0.6,PGD,0.7,4.147540983606557,3.0,0,45
engr0,LG,FGSM,0.6,PGD,0.8,4.147540983606557,3.0,0,45
engr0,LG,FGSM,0.6,PGD,0.9,4.147540983606557,3.0,0,45
engr0,LG,FGSM,0.6,PGD,1.0,4.147540983606557,3.0,0,45
engr0,MOTO,FGSM,0.6,PGD,0.1,5.262295081967213,4.0,0,46
engr0,MOTO,FGSM,0.6,PGD,0.2,12.78688524590164,10.0,0,56
engr0,MOTO,FGSM,0.6,PGD,0.3,13.442622950819672,9.0,0,43
engr0,MOTO,FGSM,0.6,PGD,0.4,16.57377049180328,14.0,0,58
engr0,MOTO,FGSM,0.6,PGD,0.5,16.57377049180328,14.0,0,58
engr0,MOTO,FGSM,0.6,PGD,0.6,16.57377049180328,14.0,0,58
engr0,MOTO,FGSM,0.6,PGD,0.7,16.57377049180328,14.0,0,58
engr0,MOTO,FGSM,0.6,PGD,0.8,16.57377049180328,14.0,0,58
engr0,MOTO,FGSM,0.6,PGD,0.9,16.57377049180328,14.0,0,58
engr0,MOTO,FGSM,0.6,PGD,1.0,16.57377049180328,14.0,0,58
engr0,OP3,FGSM,0.6,PGD,0.1,0.8852459016393442,0.0,0,9
engr0,OP3,FGSM,0.6,PGD,0.2,1.0163934426229508,0.0,0,9
engr0,OP3,FGSM,0.6,PGD,0.3,0.8360655737704918,0.0,0,9
engr0,OP3,FGSM,0.6,PGD,0.4,0.8360655737704918,0.0,0,9
engr0,OP3,FGSM,0.6,PGD,0.5,0.8360655737704918,0.0,0,9
engr0,OP3,FGSM,0.6,PGD,0.6,0.8360655737704918,0.0,0,9
engr0,OP3,FGSM,0.6,PGD,0.7,0.8360655737704918,0.0,0,9
engr0,OP3,FGSM,0.6,PGD,0.8,0.8360655737704918,0.0,0,9
engr0,OP3,FGSM,0.6,PGD,0.9,0.8360655737704918,0.0,0,9
engr0,OP3,FGSM,0.6,PGD,1.0,0.8360655737704918,0.0,0,9
engr0,S7,FGSM,0.6,PGD,0.1,2.4754098360655736,2.0,0,8
engr0,S7,FGSM,0.6,PGD,0.2,2.360655737704918,2.0,0,10
engr0,S7,FGSM,0.6,PGD,0.3,2.3934426229508197,2.0,0,10
engr0,S7,FGSM,0.6,PGD,0.4,2.4098360655737703,2.0,0,10
engr0,S7,FGSM,0.6,PGD,0.5,2.4098360655737703,2.0,0,10
engr0,S7,FGSM,0.6,PGD,0.6,2.4098360655737703,2.0,0,10
engr0,S7,FGSM,0.6,PGD,0.7,2.4098360655737703,2.0,0,10
engr0,S7,FGSM,0.6,PGD,0.8,2.4098360655737703,2.0,0,10
engr0,S7,FGSM,0.6,PGD,0.9,2.4098360655737703,2.0,0,10
engr0,S7,FGSM,0.6,PGD,1.0,2.4098360655737703,2.0,0,10
engr0,BLU,FGSM,0.7,PGD,0.1,3.1639344262295084,3.0,0,10
engr0,BLU,FGSM,0.7,PGD,0.2,3.442622950819672,3.0,0,10
engr0,BLU,FGSM,0.7,PGD,0.3,3.278688524590164,2.0,0,10
engr0,BLU,FGSM,0.7,PGD,0.4,3.278688524590164,3.0,0,10
engr0,BLU,FGSM,0.7,PGD,0.5,3.278688524590164,3.0,0,10
engr0,BLU,FGSM,0.7,PGD,0.6,3.278688524590164,3.0,0,10
engr0,BLU,FGSM,0.7,PGD,0.7,3.278688524590164,3.0,0,10
engr0,BLU,FGSM,0.7,PGD,0.8,3.278688524590164,3.0,0,10
engr0,BLU,FGSM,0.7,PGD,0.9,3.278688524590164,3.0,0,10
engr0,BLU,FGSM,0.7,PGD,1.0,3.278688524590164,3.0,0,10
engr0,HTC,FGSM,0.7,PGD,0.1,3.2950819672131146,2.0,0,15
engr0,HTC,FGSM,0.7,PGD,0.2,4.295081967213115,2.0,0,46
engr0,HTC,FGSM,0.7,PGD,0.3,4.081967213114754,2.0,0,46
engr0,HTC,FGSM,0.7,PGD,0.4,4.065573770491803,2.0,0,46
engr0,HTC,FGSM,0.7,PGD,0.5,4.065573770491803,2.0,0,46
engr0,HTC,FGSM,0.7,PGD,0.6,4.065573770491803,2.0,0,46
engr0,HTC,FGSM,0.7,PGD,0.7,4.065573770491803,2.0,0,46
engr0,HTC,FGSM,0.7,PGD,0.8,4.065573770491803,2.0,0,46
engr0,HTC,FGSM,0.7,PGD,0.9,4.065573770491803,2.0,0,46
engr0,HTC,FGSM,0.7,PGD,1.0,4.065573770491803,2.0,0,46
engr0,LG,FGSM,0.7,PGD,0.1,3.540983606557377,2.0,0,45
engr0,LG,FGSM,0.7,PGD,0.2,3.901639344262295,3.0,0,45
engr0,LG,FGSM,0.7,PGD,0.3,4.213114754098361,3.0,0,45
engr0,LG,FGSM,0.7,PGD,0.4,4.163934426229508,3.0,0,45
engr0,LG,FGSM,0.7,PGD,0.5,4.163934426229508,3.0,0,45
engr0,LG,FGSM,0.7,PGD,0.6,4.163934426229508,3.0,0,45
engr0,LG,FGSM,0.7,PGD,0.7,4.163934426229508,3.0,0,45
engr0,LG,FGSM,0.7,PGD,0.8,4.163934426229508,3.0,0,45
engr0,LG,FGSM,0.7,PGD,0.9,4.163934426229508,3.0,0,45
engr0,LG,FGSM,0.7,PGD,1.0,4.163934426229508,3.0,0,45
engr0,MOTO,FGSM,0.7,PGD,0.1,5.262295081967213,4.0,0,46
engr0,MOTO,FGSM,0.7,PGD,0.2,12.78688524590164,10.0,0,56
engr0,MOTO,FGSM,0.7,PGD,0.3,13.475409836065573,9.0,0,43
engr0,MOTO,FGSM,0.7,PGD,0.4,16.59016393442623,14.0,0,58
engr0,MOTO,FGSM,0.7,PGD,0.5,16.59016393442623,14.0,0,58
engr0,MOTO,FGSM,0.7,PGD,0.6,16.59016393442623,14.0,0,58
engr0,MOTO,FGSM,0.7,PGD,0.7,16.59016393442623,14.0,0,58
engr0,MOTO,FGSM,0.7,PGD,0.8,16.59016393442623,14.0,0,58
engr0,MOTO,FGSM,0.7,PGD,0.9,16.59016393442623,14.0,0,58
engr0,MOTO,FGSM,0.7,PGD,1.0,16.59016393442623,14.0,0,58
engr0,OP3,FGSM,0.7,PGD,0.1,0.8852459016393442,0.0,0,9
engr0,OP3,FGSM,0.7,PGD,0.2,1.0163934426229508,0.0,0,9
engr0,OP3,FGSM,0.7,PGD,0.3,0.8360655737704918,0.0,0,9
engr0,OP3,FGSM,0.7,PGD,0.4,0.8360655737704918,0.0,0,9
engr0,OP3,FGSM,0.7,PGD,0.5,0.8360655737704918,0.0,0,9
engr0,OP3,FGSM,0.7,PGD,0.6,0.8360655737704918,0.0,0,9
engr0,OP3,FGSM,0.7,PGD,0.7,0.8360655737704918,0.0,0,9
engr0,OP3,FGSM,0.7,PGD,0.8,0.8360655737704918,0.0,0,9
engr0,OP3,FGSM,0.7,PGD,0.9,0.8360655737704918,0.0,0,9
engr0,OP3,FGSM,0.7,PGD,1.0,0.8360655737704918,0.0,0,9
engr0,S7,FGSM,0.7,PGD,0.1,2.4754098360655736,2.0,0,8
engr0,S7,FGSM,0.7,PGD,0.2,2.3114754098360657,2.0,0,10
engr0,S7,FGSM,0.7,PGD,0.3,2.3442622950819674,2.0,0,10
engr0,S7,FGSM,0.7,PGD,0.4,2.360655737704918,2.0,0,10
engr0,S7,FGSM,0.7,PGD,0.5,2.360655737704918,2.0,0,10
engr0,S7,FGSM,0.7,PGD,0.6,2.360655737704918,2.0,0,10
engr0,S7,FGSM,0.7,PGD,0.7,2.360655737704918,2.0,0,10
engr0,S7,FGSM,0.7,PGD,0.8,2.360655737704918,2.0,0,10
engr0,S7,FGSM,0.7,PGD,0.9,2.360655737704918,2.0,0,10
engr0,S7,FGSM,0.7,PGD,1.0,2.360655737704918,2.0,0,10
engr0,BLU,FGSM,0.8,PGD,0.1,3.1639344262295084,3.0,0,10
engr0,BLU,FGSM,0.8,PGD,0.2,3.442622950819672,3.0,0,10
engr0,BLU,FGSM,0.8,PGD,0.3,3.278688524590164,2.0,0,10
engr0,BLU,FGSM,0.8,PGD,0.4,3.278688524590164,3.0,0,10
engr0,BLU,FGSM,0.8,PGD,0.5,3.278688524590164,3.0,0,10
engr0,BLU,FGSM,0.8,PGD,0.6,3.278688524590164,3.0,0,10
engr0,BLU,FGSM,0.8,PGD,0.7,3.278688524590164,3.0,0,10
engr0,BLU,FGSM,0.8,PGD,0.8,3.278688524590164,3.0,0,10
engr0,BLU,FGSM,0.8,PGD,0.9,3.278688524590164,3.0,0,10
engr0,BLU,FGSM,0.8,PGD,1.0,3.278688524590164,3.0,0,10
engr0,HTC,FGSM,0.8,PGD,0.1,3.2950819672131146,2.0,0,15
engr0,HTC,FGSM,0.8,PGD,0.2,4.295081967213115,2.0,0,46
engr0,HTC,FGSM,0.8,PGD,0.3,4.081967213114754,2.0,0,46
engr0,HTC,FGSM,0.8,PGD,0.4,4.065573770491803,2.0,0,46
engr0,HTC,FGSM,0.8,PGD,0.5,4.065573770491803,2.0,0,46
engr0,HTC,FGSM,0.8,PGD,0.6,4.065573770491803,2.0,0,46
engr0,HTC,FGSM,0.8,PGD,0.7,4.065573770491803,2.0,0,46
engr0,HTC,FGSM,0.8,PGD,0.8,4.065573770491803,2.0,0,46
engr0,HTC,FGSM,0.8,PGD,0.9,4.065573770491803,2.0,0,46
engr0,HTC,FGSM,0.8,PGD,1.0,4.065573770491803,2.0,0,46
engr0,LG,FGSM,0.8,PGD,0.1,3.540983606557377,2.0,0,45
engr0,LG,FGSM,0.8,PGD,0.2,3.901639344262295,3.0,0,45
engr0,LG,FGSM,0.8,PGD,0.3,4.229508196721311,3.0,0,45
engr0,LG,FGSM,0.8,PGD,0.4,4.163934426229508,3.0,0,45
engr0,LG,FGSM,0.8,PGD,0.5,4.163934426229508,3.0,0,45
engr0,LG,FGSM,0.8,PGD,0.6,4.163934426229508,3.0,0,45
engr0,LG,FGSM,0.8,PGD,0.7,4.163934426229508,3.0,0,45
engr0,LG,FGSM,0.8,PGD,0.8,4.163934426229508,3.0,0,45
engr0,LG,FGSM,0.8,PGD,0.9,4.163934426229508,3.0,0,45
engr0,LG,FGSM,0.8,PGD,1.0,4.163934426229508,3.0,0,45
engr0,MOTO,FGSM,0.8,PGD,0.1,5.540983606557377,4.0,0,46
engr0,MOTO,FGSM,0.8,PGD,0.2,12.78688524590164,10.0,0,56
engr0,MOTO,FGSM,0.8,PGD,0.3,13.475409836065573,9.0,0,43
engr0,MOTO,FGSM,0.8,PGD,0.4,16.59016393442623,14.0,0,58
engr0,MOTO,FGSM,0.8,PGD,0.5,16.59016393442623,14.0,0,58
engr0,MOTO,FGSM,0.8,PGD,0.6,16.59016393442623,14.0,0,58
engr0,MOTO,FGSM,0.8,PGD,0.7,16.59016393442623,14.0,0,58
engr0,MOTO,FGSM,0.8,PGD,0.8,16.59016393442623,14.0,0,58
engr0,MOTO,FGSM,0.8,PGD,0.9,16.59016393442623,14.0,0,58
engr0,MOTO,FGSM,0.8,PGD,1.0,16.59016393442623,14.0,0,58
engr0,OP3,FGSM,0.8,PGD,0.1,0.8852459016393442,0.0,0,9
engr0,OP3,FGSM,0.8,PGD,0.2,1.0163934426229508,0.0,0,9
engr0,OP3,FGSM,0.8,PGD,0.3,0.8360655737704918,0.0,0,9
engr0,OP3,FGSM,0.8,PGD,0.4,0.8360655737704918,0.0,0,9
engr0,OP3,FGSM,0.8,PGD,0.5,0.8360655737704918,0.0,0,9
engr0,OP3,FGSM,0.8,PGD,0.6,0.8360655737704918,0.0,0,9
engr0,OP3,FGSM,0.8,PGD,0.7,0.8360655737704918,0.0,0,9
engr0,OP3,FGSM,0.8,PGD,0.8,0.8360655737704918,0.0,0,9
engr0,OP3,FGSM,0.8,PGD,0.9,0.8360655737704918,0.0,0,9
engr0,OP3,FGSM,0.8,PGD,1.0,0.8360655737704918,0.0,0,9
engr0,S7,FGSM,0.8,PGD,0.1,2.4754098360655736,2.0,0,8
engr0,S7,FGSM,0.8,PGD,0.2,2.3114754098360657,2.0,0,10
engr0,S7,FGSM,0.8,PGD,0.3,2.3442622950819674,2.0,0,10
engr0,S7,FGSM,0.8,PGD,0.4,2.360655737704918,2.0,0,10
engr0,S7,FGSM,0.8,PGD,0.5,2.360655737704918,2.0,0,10
engr0,S7,FGSM,0.8,PGD,0.6,2.360655737704918,2.0,0,10
engr0,S7,FGSM,0.8,PGD,0.7,2.360655737704918,2.0,0,10
engr0,S7,FGSM,0.8,PGD,0.8,2.360655737704918,2.0,0,10
engr0,S7,FGSM,0.8,PGD,0.9,2.360655737704918,2.0,0,10
engr0,S7,FGSM,0.8,PGD,1.0,2.360655737704918,2.0,0,10
engr0,BLU,FGSM,0.9,PGD,0.1,3.1639344262295084,3.0,0,10
engr0,BLU,FGSM,0.9,PGD,0.2,3.442622950819672,3.0,0,10
engr0,BLU,FGSM,0.9,PGD,0.3,3.278688524590164,2.0,0,10
engr0,BLU,FGSM,0.9,PGD,0.4,3.278688524590164,3.0,0,10
engr0,BLU,FGSM,0.9,PGD,0.5,3.278688524590164,3.0,0,10
engr0,BLU,FGSM,0.9,PGD,0.6,3.278688524590164,3.0,0,10
engr0,BLU,FGSM,0.9,PGD,0.7,3.278688524590164,3.0,0,10
engr0,BLU,FGSM,0.9,PGD,0.8,3.278688524590164,3.0,0,10
engr0,BLU,FGSM,0.9,PGD,0.9,3.278688524590164,3.0,0,10
engr0,BLU,FGSM,0.9,PGD,1.0,3.278688524590164,3.0,0,10
engr0,HTC,FGSM,0.9,PGD,0.1,3.2950819672131146,2.0,0,15
engr0,HTC,FGSM,0.9,PGD,0.2,4.295081967213115,2.0,0,46
engr0,HTC,FGSM,0.9,PGD,0.3,4.081967213114754,2.0,0,46
engr0,HTC,FGSM,0.9,PGD,0.4,4.065573770491803,2.0,0,46
engr0,HTC,FGSM,0.9,PGD,0.5,4.065573770491803,2.0,0,46
engr0,HTC,FGSM,0.9,PGD,0.6,4.065573770491803,2.0,0,46
engr0,HTC,FGSM,0.9,PGD,0.7,4.065573770491803,2.0,0,46
engr0,HTC,FGSM,0.9,PGD,0.8,4.065573770491803,2.0,0,46
engr0,HTC,FGSM,0.9,PGD,0.9,4.065573770491803,2.0,0,46
engr0,HTC,FGSM,0.9,PGD,1.0,4.065573770491803,2.0,0,46
engr0,LG,FGSM,0.9,PGD,0.1,3.540983606557377,2.0,0,45
engr0,LG,FGSM,0.9,PGD,0.2,3.901639344262295,3.0,0,45
engr0,LG,FGSM,0.9,PGD,0.3,4.229508196721311,3.0,0,45
engr0,LG,FGSM,0.9,PGD,0.4,4.163934426229508,3.0,0,45
engr0,LG,FGSM,0.9,PGD,0.5,4.163934426229508,3.0,0,45
engr0,LG,FGSM,0.9,PGD,0.6,4.163934426229508,3.0,0,45
engr0,LG,FGSM,0.9,PGD,0.7,4.163934426229508,3.0,0,45
engr0,LG,FGSM,0.9,PGD,0.8,4.163934426229508,3.0,0,45
engr0,LG,FGSM,0.9,PGD,0.9,4.163934426229508,3.0,0,45
engr0,LG,FGSM,0.9,PGD,1.0,4.163934426229508,3.0,0,45
engr0,MOTO,FGSM,0.9,PGD,0.1,5.540983606557377,4.0,0,46
engr0,MOTO,FGSM,0.9,PGD,0.2,12.78688524590164,10.0,0,56
engr0,MOTO,FGSM,0.9,PGD,0.3,13.475409836065573,9.0,0,43
engr0,MOTO,FGSM,0.9,PGD,0.4,16.59016393442623,14.0,0,58
engr0,MOTO,FGSM,0.9,PGD,0.5,16.59016393442623,14.0,0,58
engr0,MOTO,FGSM,0.9,PGD,0.6,16.59016393442623,14.0,0,58
engr0,MOTO,FGSM,0.9,PGD,0.7,16.59016393442623,14.0,0,58
engr0,MOTO,FGSM,0.9,PGD,0.8,16.59016393442623,14.0,0,58
engr0,MOTO,FGSM,0.9,PGD,0.9,16.59016393442623,14.0,0,58
engr0,MOTO,FGSM,0.9,PGD,1.0,16.59016393442623,14.0,0,58
engr0,OP3,FGSM,0.9,PGD,0.1,0.8852459016393442,0.0,0,9
engr0,OP3,FGSM,0.9,PGD,0.2,1.0163934426229508,0.0,0,9
engr0,OP3,FGSM,0.9,PGD,0.3,0.8360655737704918,0.0,0,9
engr0,OP3,FGSM,0.9,PGD,0.4,0.8360655737704918,0.0,0,9
engr0,OP3,FGSM,0.9,PGD,0.5,0.8360655737704918,0.0,0,9
engr0,OP3,FGSM,0.9,PGD,0.6,0.8360655737704918,0.0,0,9
engr0,OP3,FGSM,0.9,PGD,0.7,0.8360655737704918,0.0,0,9
engr0,OP3,FGSM,0.9,PGD,0.8,0.8360655737704918,0.0,0,9
engr0,OP3,FGSM,0.9,PGD,0.9,0.8360655737704918,0.0,0,9
engr0,OP3,FGSM,0.9,PGD,1.0,0.8360655737704918,0.0,0,9
engr0,S7,FGSM,0.9,PGD,0.1,2.4754098360655736,2.0,0,8
engr0,S7,FGSM,0.9,PGD,0.2,2.3114754098360657,2.0,0,10
engr0,S7,FGSM,0.9,PGD,0.3,2.3442622950819674,2.0,0,10
engr0,S7,FGSM,0.9,PGD,0.4,2.360655737704918,2.0,0,10
engr0,S7,FGSM,0.9,PGD,0.5,2.360655737704918,2.0,0,10
engr0,S7,FGSM,0.9,PGD,0.6,2.360655737704918,2.0,0,10
engr0,S7,FGSM,0.9,PGD,0.7,2.360655737704918,2.0,0,10
engr0,S7,FGSM,0.9,PGD,0.8,2.360655737704918,2.0,0,10
engr0,S7,FGSM,0.9,PGD,0.9,2.360655737704918,2.0,0,10
engr0,S7,FGSM,0.9,PGD,1.0,2.360655737704918,2.0,0,10
engr0,BLU,FGSM,1.0,PGD,0.1,3.1639344262295084,3.0,0,10
engr0,BLU,FGSM,1.0,PGD,0.2,3.442622950819672,3.0,0,10
engr0,BLU,FGSM,1.0,PGD,0.3,3.278688524590164,2.0,0,10
engr0,BLU,FGSM,1.0,PGD,0.4,3.278688524590164,3.0,0,10
engr0,BLU,FGSM,1.0,PGD,0.5,3.278688524590164,3.0,0,10
engr0,BLU,FGSM,1.0,PGD,0.6,3.278688524590164,3.0,0,10
engr0,BLU,FGSM,1.0,PGD,0.7,3.278688524590164,3.0,0,10
engr0,BLU,FGSM,1.0,PGD,0.8,3.278688524590164,3.0,0,10
engr0,BLU,FGSM,1.0,PGD,0.9,3.278688524590164,3.0,0,10
engr0,BLU,FGSM,1.0,PGD,1.0,3.278688524590164,3.0,0,10
engr0,HTC,FGSM,1.0,PGD,0.1,3.2950819672131146,2.0,0,15
engr0,HTC,FGSM,1.0,PGD,0.2,4.295081967213115,2.0,0,46
engr0,HTC,FGSM,1.0,PGD,0.3,4.081967213114754,2.0,0,46
engr0,HTC,FGSM,1.0,PGD,0.4,4.065573770491803,2.0,0,46
engr0,HTC,FGSM,1.0,PGD,0.5,4.065573770491803,2.0,0,46
engr0,HTC,FGSM,1.0,PGD,0.6,4.065573770491803,2.0,0,46
engr0,HTC,FGSM,1.0,PGD,0.7,4.065573770491803,2.0,0,46
engr0,HTC,FGSM,1.0,PGD,0.8,4.065573770491803,2.0,0,46
engr0,HTC,FGSM,1.0,PGD,0.9,4.065573770491803,2.0,0,46
engr0,HTC,FGSM,1.0,PGD,1.0,4.065573770491803,2.0,0,46
engr0,LG,FGSM,1.0,PGD,0.1,3.540983606557377,2.0,0,45
engr0,LG,FGSM,1.0,PGD,0.2,3.901639344262295,3.0,0,45
engr0,LG,FGSM,1.0,PGD,0.3,4.229508196721311,3.0,0,45
engr0,LG,FGSM,1.0,PGD,0.4,4.163934426229508,3.0,0,45
engr0,LG,FGSM,1.0,PGD,0.5,4.163934426229508,3.0,0,45
engr0,LG,FGSM,1.0,PGD,0.6,4.163934426229508,3.0,0,45
engr0,LG,FGSM,1.0,PGD,0.7,4.163934426229508,3.0,0,45
engr0,LG,FGSM,1.0,PGD,0.8,4.163934426229508,3.0,0,45
engr0,LG,FGSM,1.0,PGD,0.9,4.163934426229508,3.0,0,45
engr0,LG,FGSM,1.0,PGD,1.0,4.163934426229508,3.0,0,45
engr0,MOTO,FGSM,1.0,PGD,0.1,5.540983606557377,4.0,0,46
engr0,MOTO,FGSM,1.0,PGD,0.2,12.78688524590164,10.0,0,56
engr0,MOTO,FGSM,1.0,PGD,0.3,13.475409836065573,9.0,0,43
engr0,MOTO,FGSM,1.0,PGD,0.4,16.59016393442623,14.0,0,58
engr0,MOTO,FGSM,1.0,PGD,0.5,16.59016393442623,14.0,0,58
engr0,MOTO,FGSM,1.0,PGD,0.6,16.59016393442623,14.0,0,58
engr0,MOTO,FGSM,1.0,PGD,0.7,16.59016393442623,14.0,0,58
engr0,MOTO,FGSM,1.0,PGD,0.8,16.59016393442623,14.0,0,58
engr0,MOTO,FGSM,1.0,PGD,0.9,16.59016393442623,14.0,0,58
engr0,MOTO,FGSM,1.0,PGD,1.0,16.59016393442623,14.0,0,58
engr0,OP3,FGSM,1.0,PGD,0.1,0.8852459016393442,0.0,0,9
engr0,OP3,FGSM,1.0,PGD,0.2,1.0163934426229508,0.0,0,9
engr0,OP3,FGSM,1.0,PGD,0.3,0.8360655737704918,0.0,0,9
engr0,OP3,FGSM,1.0,PGD,0.4,0.8360655737704918,0.0,0,9
engr0,OP3,FGSM,1.0,PGD,0.5,0.8360655737704918,0.0,0,9
engr0,OP3,FGSM,1.0,PGD,0.6,0.8360655737704918,0.0,0,9
engr0,OP3,FGSM,1.0,PGD,0.7,0.8360655737704918,0.0,0,9
engr0,OP3,FGSM,1.0,PGD,0.8,0.8360655737704918,0.0,0,9
engr0,OP3,FGSM,1.0,PGD,0.9,0.8360655737704918,0.0,0,9
engr0,OP3,FGSM,1.0,PGD,1.0,0.8360655737704918,0.0,0,9
engr0,S7,FGSM,1.0,PGD,0.1,2.4754098360655736,2.0,0,8
engr0,S7,FGSM,1.0,PGD,0.2,2.3114754098360657,2.0,0,10
engr0,S7,FGSM,1.0,PGD,0.3,2.3442622950819674,2.0,0,10
engr0,S7,FGSM,1.0,PGD,0.4,2.360655737704918,2.0,0,10
engr0,S7,FGSM,1.0,PGD,0.5,2.360655737704918,2.0,0,10
engr0,S7,FGSM,1.0,PGD,0.6,2.360655737704918,2.0,0,10
engr0,S7,FGSM,1.0,PGD,0.7,2.360655737704918,2.0,0,10
engr0,S7,FGSM,1.0,PGD,0.8,2.360655737704918,2.0,0,10
engr0,S7,FGSM,1.0,PGD,0.9,2.360655737704918,2.0,0,10
engr0,S7,FGSM,1.0,PGD,1.0,2.360655737704918,2.0,0,10
engr0,BLU,PGD,0.1,PGD,0.1,2.9508196721311477,2.0,0,17
engr0,BLU,PGD,0.1,PGD,0.2,3.262295081967213,2.0,0,18
engr0,BLU,PGD,0.1,PGD,0.3,3.4754098360655736,2.0,0,18
engr0,BLU,PGD,0.1,PGD,0.4,3.4754098360655736,2.0,0,18
engr0,BLU,PGD,0.1,PGD,0.5,3.4754098360655736,2.0,0,18
engr0,BLU,PGD,0.1,PGD,0.6,3.4754098360655736,2.0,0,18
engr0,BLU,PGD,0.1,PGD,0.7,3.4754098360655736,2.0,0,18
engr0,BLU,PGD,0.1,PGD,0.8,3.4754098360655736,2.0,0,18
engr0,BLU,PGD,0.1,PGD,0.9,3.4754098360655736,2.0,0,18
engr0,BLU,PGD,0.1,PGD,1.0,3.4754098360655736,2.0,0,18
engr0,HTC,PGD,0.1,PGD,0.1,3.5737704918032787,2.0,0,21
engr0,HTC,PGD,0.1,PGD,0.2,4.229508196721311,2.0,0,21
engr0,HTC,PGD,0.1,PGD,0.3,4.491803278688525,3.0,0,21
engr0,HTC,PGD,0.1,PGD,0.4,4.442622950819672,2.0,0,21
engr0,HTC,PGD,0.1,PGD,0.5,4.442622950819672,2.0,0,21
engr0,HTC,PGD,0.1,PGD,0.6,4.442622950819672,2.0,0,21
engr0,HTC,PGD,0.1,PGD,0.7,4.442622950819672,2.0,0,21
engr0,HTC,PGD,0.1,PGD,0.8,4.442622950819672,2.0,0,21
engr0,HTC,PGD,0.1,PGD,0.9,4.442622950819672,2.0,0,21
engr0,HTC,PGD,0.1,PGD,1.0,4.442622950819672,2.0,0,21
engr0,LG,PGD,0.1,PGD,0.1,4.344262295081967,3.0,0,22
engr0,LG,PGD,0.1,PGD,0.2,4.327868852459017,2.0,0,22
engr0,LG,PGD,0.1,PGD,0.3,4.131147540983607,2.0,0,22
engr0,LG,PGD,0.1,PGD,0.4,4.327868852459017,3.0,0,22
engr0,LG,PGD,0.1,PGD,0.5,4.327868852459017,3.0,0,22
engr0,LG,PGD,0.1,PGD,0.6,4.327868852459017,3.0,0,22
engr0,LG,PGD,0.1,PGD,0.7,4.327868852459017,3.0,0,22
engr0,LG,PGD,0.1,PGD,0.8,4.327868852459017,3.0,0,22
engr0,LG,PGD,0.1,PGD,0.9,4.327868852459017,3.0,0,22
engr0,LG,PGD,0.1,PGD,1.0,4.327868852459017,3.0,0,22
engr0,MOTO,PGD,0.1,PGD,0.1,6.163934426229508,5.0,0,31
engr0,MOTO,PGD,0.1,PGD,0.2,13.98360655737705,12.0,0,32
engr0,MOTO,PGD,0.1,PGD,0.3,17.83606557377049,17.0,2,43
engr0,MOTO,PGD,0.1,PGD,0.4,22.983606557377048,24.0,3,41
engr0,MOTO,PGD,0.1,PGD,0.5,22.983606557377048,24.0,3,41
engr0,MOTO,PGD,0.1,PGD,0.6,22.983606557377048,24.0,3,41
engr0,MOTO,PGD,0.1,PGD,0.7,22.983606557377048,24.0,3,41
engr0,MOTO,PGD,0.1,PGD,0.8,22.983606557377048,24.0,3,41
engr0,MOTO,PGD,0.1,PGD,0.9,22.983606557377048,24.0,3,41
engr0,MOTO,PGD,0.1,PGD,1.0,22.983606557377048,24.0,3,41
engr0,OP3,PGD,0.1,PGD,0.1,0.8688524590163934,0.0,0,12
engr0,OP3,PGD,0.1,PGD,0.2,0.9672131147540983,0.0,0,13
engr0,OP3,PGD,0.1,PGD,0.3,1.098360655737705,0.0,0,13
engr0,OP3,PGD,0.1,PGD,0.4,1.0655737704918034,0.0,0,13
engr0,OP3,PGD,0.1,PGD,0.5,1.0655737704918034,0.0,0,13
engr0,OP3,PGD,0.1,PGD,0.6,1.0655737704918034,0.0,0,13
engr0,OP3,PGD,0.1,PGD,0.7,1.0655737704918034,0.0,0,13
engr0,OP3,PGD,0.1,PGD,0.8,1.0655737704918034,0.0,0,13
engr0,OP3,PGD,0.1,PGD,0.9,1.0655737704918034,0.0,0,13
engr0,OP3,PGD,0.1,PGD,1.0,1.0655737704918034,0.0,0,13
engr0,S7,PGD,0.1,PGD,0.1,1.901639344262295,1.0,0,9
engr0,S7,PGD,0.1,PGD,0.2,2.0163934426229506,1.0,0,10
engr0,S7,PGD,0.1,PGD,0.3,2.081967213114754,2.0,0,10
engr0,S7,PGD,0.1,PGD,0.4,2.0163934426229506,1.0,0,10
engr0,S7,PGD,0.1,PGD,0.5,2.0163934426229506,1.0,0,10
engr0,S7,PGD,0.1,PGD,0.6,2.0163934426229506,1.0,0,10
engr0,S7,PGD,0.1,PGD,0.7,2.0163934426229506,1.0,0,10
engr0,S7,PGD,0.1,PGD,0.8,2.0163934426229506,1.0,0,10
engr0,S7,PGD,0.1,PGD,0.9,2.0163934426229506,1.0,0,10
engr0,S7,PGD,0.1,PGD,1.0,2.0163934426229506,1.0,0,10
engr0,BLU,PGD,0.2,PGD,0.1,2.9672131147540983,2.0,0,16
engr0,BLU,PGD,0.2,PGD,0.2,3.1311475409836067,2.0,0,16
engr0,BLU,PGD,0.2,PGD,0.3,3.0655737704918034,2.0,0,16
engr0,BLU,PGD,0.2,PGD,0.4,3.0655737704918034,2.0,0,16
engr0,BLU,PGD,0.2,PGD,0.5,3.0655737704918034,2.0,0,16
engr0,BLU,PGD,0.2,PGD,0.6,3.0655737704918034,2.0,0,16
engr0,BLU,PGD,0.2,PGD,0.7,3.0655737704918034,2.0,0,16
engr0,BLU,PGD,0.2,PGD,0.8,3.0655737704918034,2.0,0,16
engr0,BLU,PGD,0.2,PGD,0.9,3.0655737704918034,2.0,0,16
engr0,BLU,PGD,0.2,PGD,1.0,3.0655737704918034,2.0,0,16
engr0,HTC,PGD,0.2,PGD,0.1,3.9672131147540983,2.0,0,21
engr0,HTC,PGD,0.2,PGD,0.2,4.295081967213115,2.0,0,21
engr0,HTC,PGD,0.2,PGD,0.3,4.688524590163935,3.0,0,24
engr0,HTC,PGD,0.2,PGD,0.4,4.688524590163935,3.0,0,24
engr0,HTC,PGD,0.2,PGD,0.5,4.688524590163935,3.0,0,24
engr0,HTC,PGD,0.2,PGD,0.6,4.688524590163935,3.0,0,24
engr0,HTC,PGD,0.2,PGD,0.7,4.688524590163935,3.0,0,24
engr0,HTC,PGD,0.2,PGD,0.8,4.688524590163935,3.0,0,24
engr0,HTC,PGD,0.2,PGD,0.9,4.688524590163935,3.0,0,24
engr0,HTC,PGD,0.2,PGD,1.0,4.688524590163935,3.0,0,24
engr0,LG,PGD,0.2,PGD,0.1,4.311475409836065,3.0,0,22
engr0,LG,PGD,0.2,PGD,0.2,5.081967213114754,3.0,0,50
engr0,LG,PGD,0.2,PGD,0.3,5.147540983606557,3.0,0,50
engr0,LG,PGD,0.2,PGD,0.4,5.311475409836065,3.0,0,50
engr0,LG,PGD,0.2,PGD,0.5,5.311475409836065,3.0,0,50
engr0,LG,PGD,0.2,PGD,0.6,5.311475409836065,3.0,0,50
engr0,LG,PGD,0.2,PGD,0.7,5.311475409836065,3.0,0,50
engr0,LG,PGD,0.2,PGD,0.8,5.311475409836065,3.0,0,50
engr0,LG,PGD,0.2,PGD,0.9,5.311475409836065,3.0,0,50
engr0,LG,PGD,0.2,PGD,1.0,5.311475409836065,3.0,0,50
engr0,MOTO,PGD,0.2,PGD,0.1,5.737704918032787,4.0,0,31
engr0,MOTO,PGD,0.2,PGD,0.2,14.475409836065573,13.0,0,43
engr0,MOTO,PGD,0.2,PGD,0.3,20.37704918032787,22.0,1,39
engr0,MOTO,PGD,0.2,PGD,0.4,25.83606557377049,26.0,9,41
engr0,MOTO,PGD,0.2,PGD,0.5,25.83606557377049,26.0,9,41
engr0,MOTO,PGD,0.2,PGD,0.6,25.83606557377049,26.0,9,41
engr0,MOTO,PGD,0.2,PGD,0.7,25.83606557377049,26.0,9,41
engr0,MOTO,PGD,0.2,PGD,0.8,25.83606557377049,26.0,9,41
engr0,MOTO,PGD,0.2,PGD,0.9,25.83606557377049,26.0,9,41
engr0,MOTO,PGD,0.2,PGD,1.0,25.83606557377049,26.0,9,41
engr0,OP3,PGD,0.2,PGD,0.1,0.4426229508196721,0.0,0,4
engr0,OP3,PGD,0.2,PGD,0.2,0.8524590163934426,0.0,0,6
engr0,OP3,PGD,0.2,PGD,0.3,0.7704918032786885,0.0,0,5
engr0,OP3,PGD,0.2,PGD,0.4,0.7704918032786885,0.0,0,5
engr0,OP3,PGD,0.2,PGD,0.5,0.7704918032786885,0.0,0,5
engr0,OP3,PGD,0.2,PGD,0.6,0.7704918032786885,0.0,0,5
engr0,OP3,PGD,0.2,PGD,0.7,0.7704918032786885,0.0,0,5
engr0,OP3,PGD,0.2,PGD,0.8,0.7704918032786885,0.0,0,5
engr0,OP3,PGD,0.2,PGD,0.9,0.7704918032786885,0.0,0,5
engr0,OP3,PGD,0.2,PGD,1.0,0.7704918032786885,0.0,0,5
engr0,S7,PGD,0.2,PGD,0.1,2.0,2.0,0,8
engr0,S7,PGD,0.2,PGD,0.2,3.0491803278688523,2.0,0,19
engr0,S7,PGD,0.2,PGD,0.3,2.9836065573770494,2.0,0,19
engr0,S7,PGD,0.2,PGD,0.4,2.9672131147540983,2.0,0,19
engr0,S7,PGD,0.2,PGD,0.5,2.9672131147540983,2.0,0,19
engr0,S7,PGD,0.2,PGD,0.6,2.9672131147540983,2.0,0,19
engr0,S7,PGD,0.2,PGD,0.7,2.9672131147540983,2.0,0,19
engr0,S7,PGD,0.2,PGD,0.8,2.9672131147540983,2.0,0,19
engr0,S7,PGD,0.2,PGD,0.9,2.9672131147540983,2.0,0,19
engr0,S7,PGD,0.2,PGD,1.0,2.9672131147540983,2.0,0,19
engr0,BLU,PGD,0.3,PGD,0.1,2.3278688524590163,2.0,0,17
engr0,BLU,PGD,0.3,PGD,0.2,2.2131147540983607,2.0,0,16
engr0,BLU,PGD,0.3,PGD,0.3,2.6065573770491803,2.0,0,17
engr0,BLU,PGD,0.3,PGD,0.4,2.2950819672131146,2.0,0,16
engr0,BLU,PGD,0.3,PGD,0.5,2.2950819672131146,2.0,0,16
engr0,BLU,PGD,0.3,PGD,0.6,2.2950819672131146,2.0,0,16
engr0,BLU,PGD,0.3,PGD,0.7,2.2950819672131146,2.0,0,16
engr0,BLU,PGD,0.3,PGD,0.8,2.2950819672131146,2.0,0,16
engr0,BLU,PGD,0.3,PGD,0.9,2.2950819672131146,2.0,0,16
engr0,BLU,PGD,0.3,PGD,1.0,2.2950819672131146,2.0,0,16
engr0,HTC,PGD,0.3,PGD,0.1,2.8360655737704916,2.0,0,12
engr0,HTC,PGD,0.3,PGD,0.2,3.8852459016393444,2.0,0,21
engr0,HTC,PGD,0.3,PGD,0.3,4.032786885245901,2.0,0,21
engr0,HTC,PGD,0.3,PGD,0.4,4.262295081967213,2.0,0,21
engr0,HTC,PGD,0.3,PGD,0.5,4.262295081967213,2.0,0,21
engr0,HTC,PGD,0.3,PGD,0.6,4.262295081967213,2.0,0,21
engr0,HTC,PGD,0.3,PGD,0.7,4.262295081967213,2.0,0,21
engr0,HTC,PGD,0.3,PGD,0.8,4.262295081967213,2.0,0,21
engr0,HTC,PGD,0.3,PGD,0.9,4.262295081967213,2.0,0,21
engr0,HTC,PGD,0.3,PGD,1.0,4.262295081967213,2.0,0,21
engr0,LG,PGD,0.3,PGD,0.1,4.213114754098361,3.0,0,22
engr0,LG,PGD,0.3,PGD,0.2,4.0,3.0,0,22
engr0,LG,PGD,0.3,PGD,0.3,4.147540983606557,3.0,0,22
engr0,LG,PGD,0.3,PGD,0.4,4.147540983606557,3.0,0,22
engr0,LG,PGD,0.3,PGD,0.5,4.147540983606557,3.0,0,22
engr0,LG,PGD,0.3,PGD,0.6,4.147540983606557,3.0,0,22
engr0,LG,PGD,0.3,PGD,0.7,4.147540983606557,3.0,0,22
engr0,LG,PGD,0.3,PGD,0.8,4.147540983606557,3.0,0,22
engr0,LG,PGD,0.3,PGD,0.9,4.147540983606557,3.0,0,22
engr0,LG,PGD,0.3,PGD,1.0,4.147540983606557,3.0,0,22
engr0,MOTO,PGD,0.3,PGD,0.1,5.704918032786885,4.0,0,31
engr0,MOTO,PGD,0.3,PGD,0.2,15.475409836065573,14.0,0,43
engr0,MOTO,PGD,0.3,PGD,0.3,19.16393442622951,19.0,2,39
engr0,MOTO,PGD,0.3,PGD,0.4,23.049180327868854,24.0,3,41
engr0,MOTO,PGD,0.3,PGD,0.5,23.049180327868854,24.0,3,41
engr0,MOTO,PGD,0.3,PGD,0.6,23.049180327868854,24.0,3,41
engr0,MOTO,PGD,0.3,PGD,0.7,23.049180327868854,24.0,3,41
engr0,MOTO,PGD,0.3,PGD,0.8,23.049180327868854,24.0,3,41
engr0,MOTO,PGD,0.3,PGD,0.9,23.049180327868854,24.0,3,41
engr0,MOTO,PGD,0.3,PGD,1.0,23.049180327868854,24.0,3,41
engr0,OP3,PGD,0.3,PGD,0.1,0.7704918032786885,0.0,0,5
engr0,OP3,PGD,0.3,PGD,0.2,1.0163934426229508,0.0,0,7
engr0,OP3,PGD,0.3,PGD,0.3,0.9672131147540983,0.0,0,7
engr0,OP3,PGD,0.3,PGD,0.4,0.9672131147540983,0.0,0,7
engr0,OP3,PGD,0.3,PGD,0.5,0.9672131147540983,0.0,0,7
engr0,OP3,PGD,0.3,PGD,0.6,0.9672131147540983,0.0,0,7
engr0,OP3,PGD,0.3,PGD,0.7,0.9672131147540983,0.0,0,7
engr0,OP3,PGD,0.3,PGD,0.8,0.9672131147540983,0.0,0,7
engr0,OP3,PGD,0.3,PGD,0.9,0.9672131147540983,0.0,0,7
engr0,OP3,PGD,0.3,PGD,1.0,0.9672131147540983,0.0,0,7
engr0,S7,PGD,0.3,PGD,0.1,2.1639344262295084,2.0,0,12
engr0,S7,PGD,0.3,PGD,0.2,2.2131147540983607,2.0,0,12
engr0,S7,PGD,0.3,PGD,0.3,2.377049180327869,2.0,0,12
engr0,S7,PGD,0.3,PGD,0.4,2.3442622950819674,2.0,0,12
engr0,S7,PGD,0.3,PGD,0.5,2.3442622950819674,2.0,0,12
engr0,S7,PGD,0.3,PGD,0.6,2.3442622950819674,2.0,0,12
engr0,S7,PGD,0.3,PGD,0.7,2.3442622950819674,2.0,0,12
engr0,S7,PGD,0.3,PGD,0.8,2.3442622950819674,2.0,0,12
engr0,S7,PGD,0.3,PGD,0.9,2.3442622950819674,2.0,0,12
engr0,S7,PGD,0.3,PGD,1.0,2.3442622950819674,2.0,0,12
engr0,BLU,PGD,0.4,PGD,0.1,2.7049180327868854,2.0,0,17
engr0,BLU,PGD,0.4,PGD,0.2,2.918032786885246,2.0,0,17
engr0,BLU,PGD,0.4,PGD,0.3,2.9836065573770494,2.0,0,17
engr0,BLU,PGD,0.4,PGD,0.4,2.9836065573770494,2.0,0,17
engr0,BLU,PGD,0.4,PGD,0.5,2.9836065573770494,2.0,0,17
engr0,BLU,PGD,0.4,PGD,0.6,2.9836065573770494,2.0,0,17
engr0,BLU,PGD,0.4,PGD,0.7,2.9836065573770494,2.0,0,17
engr0,BLU,PGD,0.4,PGD,0.8,2.9836065573770494,2.0,0,17
engr0,BLU,PGD,0.4,PGD,0.9,2.9836065573770494,2.0,0,17
engr0,BLU,PGD,0.4,PGD,1.0,2.9836065573770494,2.0,0,17
engr0,HTC,PGD,0.4,PGD,0.1,2.9508196721311477,2.0,0,12
engr0,HTC,PGD,0.4,PGD,0.2,4.278688524590164,2.0,0,21
engr0,HTC,PGD,0.4,PGD,0.3,4.60655737704918,2.0,0,21
engr0,HTC,PGD,0.4,PGD,0.4,4.60655737704918,2.0,0,21
engr0,HTC,PGD,0.4,PGD,0.5,4.60655737704918,2.0,0,21
engr0,HTC,PGD,0.4,PGD,0.6,4.60655737704918,2.0,0,21
engr0,HTC,PGD,0.4,PGD,0.7,4.60655737704918,2.0,0,21
engr0,HTC,PGD,0.4,PGD,0.8,4.60655737704918,2.0,0,21
engr0,HTC,PGD,0.4,PGD,0.9,4.60655737704918,2.0,0,21
engr0,HTC,PGD,0.4,PGD,1.0,4.60655737704918,2.0,0,21
engr0,LG,PGD,0.4,PGD,0.1,4.19672131147541,3.0,0,19
engr0,LG,PGD,0.4,PGD,0.2,3.737704918032787,2.0,0,18
engr0,LG,PGD,0.4,PGD,0.3,3.80327868852459,3.0,0,18
engr0,LG,PGD,0.4,PGD,0.4,3.819672131147541,3.0,0,18
engr0,LG,PGD,0.4,PGD,0.5,3.819672131147541,3.0,0,18
engr0,LG,PGD,0.4,PGD,0.6,3.819672131147541,3.0,0,18
engr0,LG,PGD,0.4,PGD,0.7,3.819672131147541,3.0,0,18
engr0,LG,PGD,0.4,PGD,0.8,3.819672131147541,3.0,0,18
engr0,LG,PGD,0.4,PGD,0.9,3.819672131147541,3.0,0,18
engr0,LG,PGD,0.4,PGD,1.0,3.819672131147541,3.0,0,18
engr0,MOTO,PGD,0.4,PGD,0.1,6.147540983606557,4.0,0,31
engr0,MOTO,PGD,0.4,PGD,0.2,14.950819672131148,14.0,0,32
engr0,MOTO,PGD,0.4,PGD,0.3,19.672131147540984,20.0,2,43
engr0,MOTO,PGD,0.4,PGD,0.4,23.016393442622952,22.0,3,41
engr0,MOTO,PGD,0.4,PGD,0.5,23.016393442622952,22.0,3,41
engr0,MOTO,PGD,0.4,PGD,0.6,23.016393442622952,22.0,3,41
engr0,MOTO,PGD,0.4,PGD,0.7,23.016393442622952,22.0,3,41
engr0,MOTO,PGD,0.4,PGD,0.8,23.016393442622952,22.0,3,41
engr0,MOTO,PGD,0.4,PGD,0.9,23.016393442622952,22.0,3,41
engr0,MOTO,PGD,0.4,PGD,1.0,23.016393442622952,22.0,3,41
engr0,OP3,PGD,0.4,PGD,0.1,0.8688524590163934,0.0,0,5
engr0,OP3,PGD,0.4,PGD,0.2,1.0491803278688525,0.0,0,5
engr0,OP3,PGD,0.4,PGD,0.3,0.9508196721311475,0.0,0,5
engr0,OP3,PGD,0.4,PGD,0.4,0.9508196721311475,0.0,0,5
engr0,OP3,PGD,0.4,PGD,0.5,0.9508196721311475,0.0,0,5
engr0,OP3,PGD,0.4,PGD,0.6,0.9508196721311475,0.0,0,5
engr0,OP3,PGD,0.4,PGD,0.7,0.9508196721311475,0.0,0,5
engr0,OP3,PGD,0.4,PGD,0.8,0.9508196721311475,0.0,0,5
engr0,OP3,PGD,0.4,PGD,0.9,0.9508196721311475,0.0,0,5
engr0,OP3,PGD,0.4,PGD,1.0,0.9508196721311475,0.0,0,5
engr0,S7,PGD,0.4,PGD,0.1,2.0655737704918034,2.0,0,10
engr0,S7,PGD,0.4,PGD,0.2,2.459016393442623,2.0,0,12
engr0,S7,PGD,0.4,PGD,0.3,2.557377049180328,2.0,0,12
engr0,S7,PGD,0.4,PGD,0.4,2.5245901639344264,2.0,0,12
engr0,S7,PGD,0.4,PGD,0.5,2.5245901639344264,2.0,0,12
engr0,S7,PGD,0.4,PGD,0.6,2.5245901639344264,2.0,0,12
engr0,S7,PGD,0.4,PGD,0.7,2.5245901639344264,2.0,0,12
engr0,S7,PGD,0.4,PGD,0.8,2.5245901639344264,2.0,0,12
engr0,S7,PGD,0.4,PGD,0.9,2.5245901639344264,2.0,0,12
engr0,S7,PGD,0.4,PGD,1.0,2.5245901639344264,2.0,0,12
engr0,BLU,PGD,0.5,PGD,0.1,2.7049180327868854,2.0,0,17
engr0,BLU,PGD,0.5,PGD,0.2,2.918032786885246,2.0,0,17
engr0,BLU,PGD,0.5,PGD,0.3,2.9836065573770494,2.0,0,17
engr0,BLU,PGD,0.5,PGD,0.4,2.9836065573770494,2.0,0,17
engr0,BLU,PGD,0.5,PGD,0.5,2.9836065573770494,2.0,0,17
engr0,BLU,PGD,0.5,PGD,0.6,2.9836065573770494,2.0,0,17
engr0,BLU,PGD,0.5,PGD,0.7,2.9836065573770494,2.0,0,17
engr0,BLU,PGD,0.5,PGD,0.8,2.9836065573770494,2.0,0,17
engr0,BLU,PGD,0.5,PGD,0.9,2.9836065573770494,2.0,0,17
engr0,BLU,PGD,0.5,PGD,1.0,2.9836065573770494,2.0,0,17
engr0,HTC,PGD,0.5,PGD,0.1,2.9508196721311477,2.0,0,12
engr0,HTC,PGD,0.5,PGD,0.2,4.278688524590164,2.0,0,21
engr0,HTC,PGD,0.5,PGD,0.3,4.60655737704918,2.0,0,21
engr0,HTC,PGD,0.5,PGD,0.4,4.60655737704918,2.0,0,21
engr0,HTC,PGD,0.5,PGD,0.5,4.60655737704918,2.0,0,21
engr0,HTC,PGD,0.5,PGD,0.6,4.60655737704918,2.0,0,21
engr0,HTC,PGD,0.5,PGD,0.7,4.60655737704918,2.0,0,21
engr0,HTC,PGD,0.5,PGD,0.8,4.60655737704918,2.0,0,21
engr0,HTC,PGD,0.5,PGD,0.9,4.60655737704918,2.0,0,21
engr0,HTC,PGD,0.5,PGD,1.0,4.60655737704918,2.0,0,21
engr0,LG,PGD,0.5,PGD,0.1,4.19672131147541,3.0,0,19
engr0,LG,PGD,0.5,PGD,0.2,3.737704918032787,2.0,0,18
engr0,LG,PGD,0.5,PGD,0.3,3.80327868852459,3.0,0,18
engr0,LG,PGD,0.5,PGD,0.4,3.819672131147541,3.0,0,18
engr0,LG,PGD,0.5,PGD,0.5,3.819672131147541,3.0,0,18
engr0,LG,PGD,0.5,PGD,0.6,3.819672131147541,3.0,0,18
engr0,LG,PGD,0.5,PGD,0.7,3.819672131147541,3.0,0,18
engr0,LG,PGD,0.5,PGD,0.8,3.819672131147541,3.0,0,18
engr0,LG,PGD,0.5,PGD,0.9,3.819672131147541,3.0,0,18
engr0,LG,PGD,0.5,PGD,1.0,3.819672131147541,3.0,0,18
engr0,MOTO,PGD,0.5,PGD,0.1,6.147540983606557,4.0,0,31
engr0,MOTO,PGD,0.5,PGD,0.2,14.950819672131148,14.0,0,32
engr0,MOTO,PGD,0.5,PGD,0.3,19.672131147540984,20.0,2,43
engr0,MOTO,PGD,0.5,PGD,0.4,23.016393442622952,22.0,3,41
engr0,MOTO,PGD,0.5,PGD,0.5,23.016393442622952,22.0,3,41
engr0,MOTO,PGD,0.5,PGD,0.6,23.016393442622952,22.0,3,41
engr0,MOTO,PGD,0.5,PGD,0.7,23.016393442622952,22.0,3,41
engr0,MOTO,PGD,0.5,PGD,0.8,23.016393442622952,22.0,3,41
engr0,MOTO,PGD,0.5,PGD,0.9,23.016393442622952,22.0,3,41
engr0,MOTO,PGD,0.5,PGD,1.0,23.016393442622952,22.0,3,41
engr0,OP3,PGD,0.5,PGD,0.1,0.8688524590163934,0.0,0,5
engr0,OP3,PGD,0.5,PGD,0.2,1.0491803278688525,0.0,0,5
engr0,OP3,PGD,0.5,PGD,0.3,0.9508196721311475,0.0,0,5
engr0,OP3,PGD,0.5,PGD,0.4,0.9508196721311475,0.0,0,5
engr0,OP3,PGD,0.5,PGD,0.5,0.9508196721311475,0.0,0,5
engr0,OP3,PGD,0.5,PGD,0.6,0.9508196721311475,0.0,0,5
engr0,OP3,PGD,0.5,PGD,0.7,0.9508196721311475,0.0,0,5
engr0,OP3,PGD,0.5,PGD,0.8,0.9508196721311475,0.0,0,5
engr0,OP3,PGD,0.5,PGD,0.9,0.9508196721311475,0.0,0,5
engr0,OP3,PGD,0.5,PGD,1.0,0.9508196721311475,0.0,0,5
engr0,S7,PGD,0.5,PGD,0.1,2.0655737704918034,2.0,0,10
engr0,S7,PGD,0.5,PGD,0.2,2.459016393442623,2.0,0,12
engr0,S7,PGD,0.5,PGD,0.3,2.557377049180328,2.0,0,12
engr0,S7,PGD,0.5,PGD,0.4,2.5245901639344264,2.0,0,12
engr0,S7,PGD,0.5,PGD,0.5,2.5245901639344264,2.0,0,12
engr0,S7,PGD,0.5,PGD,0.6,2.5245901639344264,2.0,0,12
engr0,S7,PGD,0.5,PGD,0.7,2.5245901639344264,2.0,0,12
engr0,S7,PGD,0.5,PGD,0.8,2.5245901639344264,2.0,0,12
engr0,S7,PGD,0.5,PGD,0.9,2.5245901639344264,2.0,0,12
engr0,S7,PGD,0.5,PGD,1.0,2.5245901639344264,2.0,0,12
engr0,BLU,PGD,0.6,PGD,0.1,2.7049180327868854,2.0,0,17
engr0,BLU,PGD,0.6,PGD,0.2,2.918032786885246,2.0,0,17
engr0,BLU,PGD,0.6,PGD,0.3,2.9836065573770494,2.0,0,17
engr0,BLU,PGD,0.6,PGD,0.4,2.9836065573770494,2.0,0,17
engr0,BLU,PGD,0.6,PGD,0.5,2.9836065573770494,2.0,0,17
engr0,BLU,PGD,0.6,PGD,0.6,2.9836065573770494,2.0,0,17
engr0,BLU,PGD,0.6,PGD,0.7,2.9836065573770494,2.0,0,17
engr0,BLU,PGD,0.6,PGD,0.8,2.9836065573770494,2.0,0,17
engr0,BLU,PGD,0.6,PGD,0.9,2.9836065573770494,2.0,0,17
engr0,BLU,PGD,0.6,PGD,1.0,2.9836065573770494,2.0,0,17
engr0,HTC,PGD,0.6,PGD,0.1,2.9508196721311477,2.0,0,12
engr0,HTC,PGD,0.6,PGD,0.2,4.278688524590164,2.0,0,21
engr0,HTC,PGD,0.6,PGD,0.3,4.60655737704918,2.0,0,21
engr0,HTC,PGD,0.6,PGD,0.4,4.60655737704918,2.0,0,21
engr0,HTC,PGD,0.6,PGD,0.5,4.60655737704918,2.0,0,21
engr0,HTC,PGD,0.6,PGD,0.6,4.60655737704918,2.0,0,21
engr0,HTC,PGD,0.6,PGD,0.7,4.60655737704918,2.0,0,21
engr0,HTC,PGD,0.6,PGD,0.8,4.60655737704918,2.0,0,21
engr0,HTC,PGD,0.6,PGD,0.9,4.60655737704918,2.0,0,21
engr0,HTC,PGD,0.6,PGD,1.0,4.60655737704918,2.0,0,21
engr0,LG,PGD,0.6,PGD,0.1,4.19672131147541,3.0,0,19
engr0,LG,PGD,0.6,PGD,0.2,3.737704918032787,2.0,0,18
engr0,LG,PGD,0.6,PGD,0.3,3.80327868852459,3.0,0,18
engr0,LG,PGD,0.6,PGD,0.4,3.819672131147541,3.0,0,18
engr0,LG,PGD,0.6,PGD,0.5,3.819672131147541,3.0,0,18
engr0,LG,PGD,0.6,PGD,0.6,3.819672131147541,3.0,0,18
engr0,LG,PGD,0.6,PGD,0.7,3.819672131147541,3.0,0,18
engr0,LG,PGD,0.6,PGD,0.8,3.819672131147541,3.0,0,18
engr0,LG,PGD,0.6,PGD,0.9,3.819672131147541,3.0,0,18
engr0,LG,PGD,0.6,PGD,1.0,3.819672131147541,3.0,0,18
engr0,MOTO,PGD,0.6,PGD,0.1,6.147540983606557,4.0,0,31
engr0,MOTO,PGD,0.6,PGD,0.2,14.950819672131148,14.0,0,32
engr0,MOTO,PGD,0.6,PGD,0.3,19.672131147540984,20.0,2,43
engr0,MOTO,PGD,0.6,PGD,0.4,23.016393442622952,22.0,3,41
engr0,MOTO,PGD,0.6,PGD,0.5,23.016393442622952,22.0,3,41
engr0,MOTO,PGD,0.6,PGD,0.6,23.016393442622952,22.0,3,41
engr0,MOTO,PGD,0.6,PGD,0.7,23.016393442622952,22.0,3,41
engr0,MOTO,PGD,0.6,PGD,0.8,23.016393442622952,22.0,3,41
engr0,MOTO,PGD,0.6,PGD,0.9,23.016393442622952,22.0,3,41
engr0,MOTO,PGD,0.6,PGD,1.0,23.016393442622952,22.0,3,41
engr0,OP3,PGD,0.6,PGD,0.1,0.8688524590163934,0.0,0,5
engr0,OP3,PGD,0.6,PGD,0.2,1.0491803278688525,0.0,0,5
engr0,OP3,PGD,0.6,PGD,0.3,0.9508196721311475,0.0,0,5
engr0,OP3,PGD,0.6,PGD,0.4,0.9508196721311475,0.0,0,5
engr0,OP3,PGD,0.6,PGD,0.5,0.9508196721311475,0.0,0,5
engr0,OP3,PGD,0.6,PGD,0.6,0.9508196721311475,0.0,0,5
engr0,OP3,PGD,0.6,PGD,0.7,0.9508196721311475,0.0,0,5
engr0,OP3,PGD,0.6,PGD,0.8,0.9508196721311475,0.0,0,5
engr0,OP3,PGD,0.6,PGD,0.9,0.9508196721311475,0.0,0,5
engr0,OP3,PGD,0.6,PGD,1.0,0.9508196721311475,0.0,0,5
engr0,S7,PGD,0.6,PGD,0.1,2.0655737704918034,2.0,0,10
engr0,S7,PGD,0.6,PGD,0.2,2.459016393442623,2.0,0,12
engr0,S7,PGD,0.6,PGD,0.3,2.557377049180328,2.0,0,12
engr0,S7,PGD,0.6,PGD,0.4,2.5245901639344264,2.0,0,12
engr0,S7,PGD,0.6,PGD,0.5,2.5245901639344264,2.0,0,12
engr0,S7,PGD,0.6,PGD,0.6,2.5245901639344264,2.0,0,12
engr0,S7,PGD,0.6,PGD,0.7,2.5245901639344264,2.0,0,12
engr0,S7,PGD,0.6,PGD,0.8,2.5245901639344264,2.0,0,12
engr0,S7,PGD,0.6,PGD,0.9,2.5245901639344264,2.0,0,12
engr0,S7,PGD,0.6,PGD,1.0,2.5245901639344264,2.0,0,12
engr0,BLU,PGD,0.7,PGD,0.1,2.7049180327868854,2.0,0,17
engr0,BLU,PGD,0.7,PGD,0.2,2.918032786885246,2.0,0,17
engr0,BLU,PGD,0.7,PGD,0.3,2.9836065573770494,2.0,0,17
engr0,BLU,PGD,0.7,PGD,0.4,2.9836065573770494,2.0,0,17
engr0,BLU,PGD,0.7,PGD,0.5,2.9836065573770494,2.0,0,17
engr0,BLU,PGD,0.7,PGD,0.6,2.9836065573770494,2.0,0,17
engr0,BLU,PGD,0.7,PGD,0.7,2.9836065573770494,2.0,0,17
engr0,BLU,PGD,0.7,PGD,0.8,2.9836065573770494,2.0,0,17
engr0,BLU,PGD,0.7,PGD,0.9,2.9836065573770494,2.0,0,17
engr0,BLU,PGD,0.7,PGD,1.0,2.9836065573770494,2.0,0,17
engr0,HTC,PGD,0.7,PGD,0.1,2.9508196721311477,2.0,0,12
engr0,HTC,PGD,0.7,PGD,0.2,4.278688524590164,2.0,0,21
engr0,HTC,PGD,0.7,PGD,0.3,4.60655737704918,2.0,0,21
engr0,HTC,PGD,0.7,PGD,0.4,4.60655737704918,2.0,0,21
engr0,HTC,PGD,0.7,PGD,0.5,4.60655737704918,2.0,0,21
engr0,HTC,PGD,0.7,PGD,0.6,4.60655737704918,2.0,0,21
engr0,HTC,PGD,0.7,PGD,0.7,4.60655737704918,2.0,0,21
engr0,HTC,PGD,0.7,PGD,0.8,4.60655737704918,2.0,0,21
engr0,HTC,PGD,0.7,PGD,0.9,4.60655737704918,2.0,0,21
engr0,HTC,PGD,0.7,PGD,1.0,4.60655737704918,2.0,0,21
engr0,LG,PGD,0.7,PGD,0.1,4.19672131147541,3.0,0,19
engr0,LG,PGD,0.7,PGD,0.2,3.737704918032787,2.0,0,18
engr0,LG,PGD,0.7,PGD,0.3,3.80327868852459,3.0,0,18
engr0,LG,PGD,0.7,PGD,0.4,3.819672131147541,3.0,0,18
engr0,LG,PGD,0.7,PGD,0.5,3.819672131147541,3.0,0,18
engr0,LG,PGD,0.7,PGD,0.6,3.819672131147541,3.0,0,18
engr0,LG,PGD,0.7,PGD,0.7,3.819672131147541,3.0,0,18
engr0,LG,PGD,0.7,PGD,0.8,3.819672131147541,3.0,0,18
engr0,LG,PGD,0.7,PGD,0.9,3.819672131147541,3.0,0,18
engr0,LG,PGD,0.7,PGD,1.0,3.819672131147541,3.0,0,18
engr0,MOTO,PGD,0.7,PGD,0.1,6.147540983606557,4.0,0,31
engr0,MOTO,PGD,0.7,PGD,0.2,14.950819672131148,14.0,0,32
engr0,MOTO,PGD,0.7,PGD,0.3,19.672131147540984,20.0,2,43
engr0,MOTO,PGD,0.7,PGD,0.4,23.016393442622952,22.0,3,41
engr0,MOTO,PGD,0.7,PGD,0.5,23.016393442622952,22.0,3,41
engr0,MOTO,PGD,0.7,PGD,0.6,23.016393442622952,22.0,3,41
engr0,MOTO,PGD,0.7,PGD,0.7,23.016393442622952,22.0,3,41
engr0,MOTO,PGD,0.7,PGD,0.8,23.016393442622952,22.0,3,41
engr0,MOTO,PGD,0.7,PGD,0.9,23.016393442622952,22.0,3,41
engr0,MOTO,PGD,0.7,PGD,1.0,23.016393442622952,22.0,3,41
engr0,OP3,PGD,0.7,PGD,0.1,0.8688524590163934,0.0,0,5
engr0,OP3,PGD,0.7,PGD,0.2,1.0491803278688525,0.0,0,5
engr0,OP3,PGD,0.7,PGD,0.3,0.9508196721311475,0.0,0,5
engr0,OP3,PGD,0.7,PGD,0.4,0.9508196721311475,0.0,0,5
engr0,OP3,PGD,0.7,PGD,0.5,0.9508196721311475,0.0,0,5
engr0,OP3,PGD,0.7,PGD,0.6,0.9508196721311475,0.0,0,5
engr0,OP3,PGD,0.7,PGD,0.7,0.9508196721311475,0.0,0,5
engr0,OP3,PGD,0.7,PGD,0.8,0.9508196721311475,0.0,0,5
engr0,OP3,PGD,0.7,PGD,0.9,0.9508196721311475,0.0,0,5
engr0,OP3,PGD,0.7,PGD,1.0,0.9508196721311475,0.0,0,5
engr0,S7,PGD,0.7,PGD,0.1,2.0655737704918034,2.0,0,10
engr0,S7,PGD,0.7,PGD,0.2,2.459016393442623,2.0,0,12
engr0,S7,PGD,0.7,PGD,0.3,2.557377049180328,2.0,0,12
engr0,S7,PGD,0.7,PGD,0.4,2.5245901639344264,2.0,0,12
engr0,S7,PGD,0.7,PGD,0.5,2.5245901639344264,2.0,0,12
engr0,S7,PGD,0.7,PGD,0.6,2.5245901639344264,2.0,0,12
engr0,S7,PGD,0.7,PGD,0.7,2.5245901639344264,2.0,0,12
engr0,S7,PGD,0.7,PGD,0.8,2.5245901639344264,2.0,0,12
engr0,S7,PGD,0.7,PGD,0.9,2.5245901639344264,2.0,0,12
engr0,S7,PGD,0.7,PGD,1.0,2.5245901639344264,2.0,0,12
engr0,BLU,PGD,0.8,PGD,0.1,2.7049180327868854,2.0,0,17
engr0,BLU,PGD,0.8,PGD,0.2,2.918032786885246,2.0,0,17
engr0,BLU,PGD,0.8,PGD,0.3,2.9836065573770494,2.0,0,17
engr0,BLU,PGD,0.8,PGD,0.4,2.9836065573770494,2.0,0,17
engr0,BLU,PGD,0.8,PGD,0.5,2.9836065573770494,2.0,0,17
engr0,BLU,PGD,0.8,PGD,0.6,2.9836065573770494,2.0,0,17
engr0,BLU,PGD,0.8,PGD,0.7,2.9836065573770494,2.0,0,17
engr0,BLU,PGD,0.8,PGD,0.8,2.9836065573770494,2.0,0,17
engr0,BLU,PGD,0.8,PGD,0.9,2.9836065573770494,2.0,0,17
engr0,BLU,PGD,0.8,PGD,1.0,2.9836065573770494,2.0,0,17
engr0,HTC,PGD,0.8,PGD,0.1,2.9508196721311477,2.0,0,12
engr0,HTC,PGD,0.8,PGD,0.2,4.278688524590164,2.0,0,21
engr0,HTC,PGD,0.8,PGD,0.3,4.60655737704918,2.0,0,21
engr0,HTC,PGD,0.8,PGD,0.4,4.60655737704918,2.0,0,21
engr0,HTC,PGD,0.8,PGD,0.5,4.60655737704918,2.0,0,21
engr0,HTC,PGD,0.8,PGD,0.6,4.60655737704918,2.0,0,21
engr0,HTC,PGD,0.8,PGD,0.7,4.60655737704918,2.0,0,21
engr0,HTC,PGD,0.8,PGD,0.8,4.60655737704918,2.0,0,21
engr0,HTC,PGD,0.8,PGD,0.9,4.60655737704918,2.0,0,21
engr0,HTC,PGD,0.8,PGD,1.0,4.60655737704918,2.0,0,21
engr0,LG,PGD,0.8,PGD,0.1,4.19672131147541,3.0,0,19
engr0,LG,PGD,0.8,PGD,0.2,3.737704918032787,2.0,0,18
engr0,LG,PGD,0.8,PGD,0.3,3.80327868852459,3.0,0,18
engr0,LG,PGD,0.8,PGD,0.4,3.819672131147541,3.0,0,18
engr0,LG,PGD,0.8,PGD,0.5,3.819672131147541,3.0,0,18
engr0,LG,PGD,0.8,PGD,0.6,3.819672131147541,3.0,0,18
engr0,LG,PGD,0.8,PGD,0.7,3.819672131147541,3.0,0,18
engr0,LG,PGD,0.8,PGD,0.8,3.819672131147541,3.0,0,18
engr0,LG,PGD,0.8,PGD,0.9,3.819672131147541,3.0,0,18
engr0,LG,PGD,0.8,PGD,1.0,3.819672131147541,3.0,0,18
engr0,MOTO,PGD,0.8,PGD,0.1,6.147540983606557,4.0,0,31
engr0,MOTO,PGD,0.8,PGD,0.2,14.950819672131148,14.0,0,32
engr0,MOTO,PGD,0.8,PGD,0.3,19.672131147540984,20.0,2,43
engr0,MOTO,PGD,0.8,PGD,0.4,23.016393442622952,22.0,3,41
engr0,MOTO,PGD,0.8,PGD,0.5,23.016393442622952,22.0,3,41
engr0,MOTO,PGD,0.8,PGD,0.6,23.016393442622952,22.0,3,41
engr0,MOTO,PGD,0.8,PGD,0.7,23.016393442622952,22.0,3,41
engr0,MOTO,PGD,0.8,PGD,0.8,23.016393442622952,22.0,3,41
engr0,MOTO,PGD,0.8,PGD,0.9,23.016393442622952,22.0,3,41
engr0,MOTO,PGD,0.8,PGD,1.0,23.016393442622952,22.0,3,41
engr0,OP3,PGD,0.8,PGD,0.1,0.8688524590163934,0.0,0,5
engr0,OP3,PGD,0.8,PGD,0.2,1.0491803278688525,0.0,0,5
engr0,OP3,PGD,0.8,PGD,0.3,0.9508196721311475,0.0,0,5
engr0,OP3,PGD,0.8,PGD,0.4,0.9508196721311475,0.0,0,5
engr0,OP3,PGD,0.8,PGD,0.5,0.9508196721311475,0.0,0,5
engr0,OP3,PGD,0.8,PGD,0.6,0.9508196721311475,0.0,0,5
engr0,OP3,PGD,0.8,PGD,0.7,0.9508196721311475,0.0,0,5
engr0,OP3,PGD,0.8,PGD,0.8,0.9508196721311475,0.0,0,5
engr0,OP3,PGD,0.8,PGD,0.9,0.9508196721311475,0.0,0,5
engr0,OP3,PGD,0.8,PGD,1.0,0.9508196721311475,0.0,0,5
engr0,S7,PGD,0.8,PGD,0.1,2.0655737704918034,2.0,0,10
engr0,S7,PGD,0.8,PGD,0.2,2.459016393442623,2.0,0,12
engr0,S7,PGD,0.8,PGD,0.3,2.557377049180328,2.0,0,12
engr0,S7,PGD,0.8,PGD,0.4,2.5245901639344264,2.0,0,12
engr0,S7,PGD,0.8,PGD,0.5,2.5245901639344264,2.0,0,12
engr0,S7,PGD,0.8,PGD,0.6,2.5245901639344264,2.0,0,12
engr0,S7,PGD,0.8,PGD,0.7,2.5245901639344264,2.0,0,12
engr0,S7,PGD,0.8,PGD,0.8,2.5245901639344264,2.0,0,12
engr0,S7,PGD,0.8,PGD,0.9,2.5245901639344264,2.0,0,12
engr0,S7,PGD,0.8,PGD,1.0,2.5245901639344264,2.0,0,12
engr0,BLU,PGD,0.9,PGD,0.1,2.7049180327868854,2.0,0,17
engr0,BLU,PGD,0.9,PGD,0.2,2.918032786885246,2.0,0,17
engr0,BLU,PGD,0.9,PGD,0.3,2.9836065573770494,2.0,0,17
engr0,BLU,PGD,0.9,PGD,0.4,2.9836065573770494,2.0,0,17
engr0,BLU,PGD,0.9,PGD,0.5,2.9836065573770494,2.0,0,17
engr0,BLU,PGD,0.9,PGD,0.6,2.9836065573770494,2.0,0,17
engr0,BLU,PGD,0.9,PGD,0.7,2.9836065573770494,2.0,0,17
engr0,BLU,PGD,0.9,PGD,0.8,2.9836065573770494,2.0,0,17
engr0,BLU,PGD,0.9,PGD,0.9,2.9836065573770494,2.0,0,17
engr0,BLU,PGD,0.9,PGD,1.0,2.9836065573770494,2.0,0,17
engr0,HTC,PGD,0.9,PGD,0.1,2.9508196721311477,2.0,0,12
engr0,HTC,PGD,0.9,PGD,0.2,4.278688524590164,2.0,0,21
engr0,HTC,PGD,0.9,PGD,0.3,4.60655737704918,2.0,0,21
engr0,HTC,PGD,0.9,PGD,0.4,4.60655737704918,2.0,0,21
engr0,HTC,PGD,0.9,PGD,0.5,4.60655737704918,2.0,0,21
engr0,HTC,PGD,0.9,PGD,0.6,4.60655737704918,2.0,0,21
engr0,HTC,PGD,0.9,PGD,0.7,4.60655737704918,2.0,0,21
engr0,HTC,PGD,0.9,PGD,0.8,4.60655737704918,2.0,0,21
engr0,HTC,PGD,0.9,PGD,0.9,4.60655737704918,2.0,0,21
engr0,HTC,PGD,0.9,PGD,1.0,4.60655737704918,2.0,0,21
engr0,LG,PGD,0.9,PGD,0.1,4.19672131147541,3.0,0,19
engr0,LG,PGD,0.9,PGD,0.2,3.737704918032787,2.0,0,18
engr0,LG,PGD,0.9,PGD,0.3,3.80327868852459,3.0,0,18
engr0,LG,PGD,0.9,PGD,0.4,3.819672131147541,3.0,0,18
engr0,LG,PGD,0.9,PGD,0.5,3.819672131147541,3.0,0,18
engr0,LG,PGD,0.9,PGD,0.6,3.819672131147541,3.0,0,18
engr0,LG,PGD,0.9,PGD,0.7,3.819672131147541,3.0,0,18
engr0,LG,PGD,0.9,PGD,0.8,3.819672131147541,3.0,0,18
engr0,LG,PGD,0.9,PGD,0.9,3.819672131147541,3.0,0,18
engr0,LG,PGD,0.9,PGD,1.0,3.819672131147541,3.0,0,18
engr0,MOTO,PGD,0.9,PGD,0.1,6.147540983606557,4.0,0,31
engr0,MOTO,PGD,0.9,PGD,0.2,14.950819672131148,14.0,0,32
engr0,MOTO,PGD,0.9,PGD,0.3,19.672131147540984,20.0,2,43
engr0,MOTO,PGD,0.9,PGD,0.4,23.016393442622952,22.0,3,41
engr0,MOTO,PGD,0.9,PGD,0.5,23.016393442622952,22.0,3,41
engr0,MOTO,PGD,0.9,PGD,0.6,23.016393442622952,22.0,3,41
engr0,MOTO,PGD,0.9,PGD,0.7,23.016393442622952,22.0,3,41
engr0,MOTO,PGD,0.9,PGD,0.8,23.016393442622952,22.0,3,41
engr0,MOTO,PGD,0.9,PGD,0.9,23.016393442622952,22.0,3,41
engr0,MOTO,PGD,0.9,PGD,1.0,23.016393442622952,22.0,3,41
engr0,OP3,PGD,0.9,PGD,0.1,0.8688524590163934,0.0,0,5
engr0,OP3,PGD,0.9,PGD,0.2,1.0491803278688525,0.0,0,5
engr0,OP3,PGD,0.9,PGD,0.3,0.9508196721311475,0.0,0,5
engr0,OP3,PGD,0.9,PGD,0.4,0.9508196721311475,0.0,0,5
engr0,OP3,PGD,0.9,PGD,0.5,0.9508196721311475,0.0,0,5
engr0,OP3,PGD,0.9,PGD,0.6,0.9508196721311475,0.0,0,5
engr0,OP3,PGD,0.9,PGD,0.7,0.9508196721311475,0.0,0,5
engr0,OP3,PGD,0.9,PGD,0.8,0.9508196721311475,0.0,0,5
engr0,OP3,PGD,0.9,PGD,0.9,0.9508196721311475,0.0,0,5
engr0,OP3,PGD,0.9,PGD,1.0,0.9508196721311475,0.0,0,5
engr0,S7,PGD,0.9,PGD,0.1,2.0655737704918034,2.0,0,10
engr0,S7,PGD,0.9,PGD,0.2,2.459016393442623,2.0,0,12
engr0,S7,PGD,0.9,PGD,0.3,2.557377049180328,2.0,0,12
engr0,S7,PGD,0.9,PGD,0.4,2.5245901639344264,2.0,0,12
engr0,S7,PGD,0.9,PGD,0.5,2.5245901639344264,2.0,0,12
engr0,S7,PGD,0.9,PGD,0.6,2.5245901639344264,2.0,0,12
engr0,S7,PGD,0.9,PGD,0.7,2.5245901639344264,2.0,0,12
engr0,S7,PGD,0.9,PGD,0.8,2.5245901639344264,2.0,0,12
engr0,S7,PGD,0.9,PGD,0.9,2.5245901639344264,2.0,0,12
engr0,S7,PGD,0.9,PGD,1.0,2.5245901639344264,2.0,0,12
engr0,BLU,PGD,1.0,PGD,0.1,2.7049180327868854,2.0,0,17
engr0,BLU,PGD,1.0,PGD,0.2,2.918032786885246,2.0,0,17
engr0,BLU,PGD,1.0,PGD,0.3,2.9836065573770494,2.0,0,17
engr0,BLU,PGD,1.0,PGD,0.4,2.9836065573770494,2.0,0,17
engr0,BLU,PGD,1.0,PGD,0.5,2.9836065573770494,2.0,0,17
engr0,BLU,PGD,1.0,PGD,0.6,2.9836065573770494,2.0,0,17
engr0,BLU,PGD,1.0,PGD,0.7,2.9836065573770494,2.0,0,17
engr0,BLU,PGD,1.0,PGD,0.8,2.9836065573770494,2.0,0,17
engr0,BLU,PGD,1.0,PGD,0.9,2.9836065573770494,2.0,0,17
engr0,BLU,PGD,1.0,PGD,1.0,2.9836065573770494,2.0,0,17
engr0,HTC,PGD,1.0,PGD,0.1,2.9508196721311477,2.0,0,12
engr0,HTC,PGD,1.0,PGD,0.2,4.278688524590164,2.0,0,21
engr0,HTC,PGD,1.0,PGD,0.3,4.60655737704918,2.0,0,21
engr0,HTC,PGD,1.0,PGD,0.4,4.60655737704918,2.0,0,21
engr0,HTC,PGD,1.0,PGD,0.5,4.60655737704918,2.0,0,21
engr0,HTC,PGD,1.0,PGD,0.6,4.60655737704918,2.0,0,21
engr0,HTC,PGD,1.0,PGD,0.7,4.60655737704918,2.0,0,21
engr0,HTC,PGD,1.0,PGD,0.8,4.60655737704918,2.0,0,21
engr0,HTC,PGD,1.0,PGD,0.9,4.60655737704918,2.0,0,21
engr0,HTC,PGD,1.0,PGD,1.0,4.60655737704918,2.0,0,21
engr0,LG,PGD,1.0,PGD,0.1,4.19672131147541,3.0,0,19
engr0,LG,PGD,1.0,PGD,0.2,3.737704918032787,2.0,0,18
engr0,LG,PGD,1.0,PGD,0.3,3.80327868852459,3.0,0,18
engr0,LG,PGD,1.0,PGD,0.4,3.819672131147541,3.0,0,18
engr0,LG,PGD,1.0,PGD,0.5,3.819672131147541,3.0,0,18
engr0,LG,PGD,1.0,PGD,0.6,3.819672131147541,3.0,0,18
engr0,LG,PGD,1.0,PGD,0.7,3.819672131147541,3.0,0,18
engr0,LG,PGD,1.0,PGD,0.8,3.819672131147541,3.0,0,18
engr0,LG,PGD,1.0,PGD,0.9,3.819672131147541,3.0,0,18
engr0,LG,PGD,1.0,PGD,1.0,3.819672131147541,3.0,0,18
engr0,MOTO,PGD,1.0,PGD,0.1,6.147540983606557,4.0,0,31
engr0,MOTO,PGD,1.0,PGD,0.2,14.950819672131148,14.0,0,32
engr0,MOTO,PGD,1.0,PGD,0.3,19.672131147540984,20.0,2,43
engr0,MOTO,PGD,1.0,PGD,0.4,23.016393442622952,22.0,3,41
engr0,MOTO,PGD,1.0,PGD,0.5,23.016393442622952,22.0,3,41
engr0,MOTO,PGD,1.0,PGD,0.6,23.016393442622952,22.0,3,41
engr0,MOTO,PGD,1.0,PGD,0.7,23.016393442622952,22.0,3,41
engr0,MOTO,PGD,1.0,PGD,0.8,23.016393442622952,22.0,3,41
engr0,MOTO,PGD,1.0,PGD,0.9,23.016393442622952,22.0,3,41
engr0,MOTO,PGD,1.0,PGD,1.0,23.016393442622952,22.0,3,41
engr0,OP3,PGD,1.0,PGD,0.1,0.8688524590163934,0.0,0,5
engr0,OP3,PGD,1.0,PGD,0.2,1.0491803278688525,0.0,0,5
engr0,OP3,PGD,1.0,PGD,0.3,0.9508196721311475,0.0,0,5
engr0,OP3,PGD,1.0,PGD,0.4,0.9508196721311475,0.0,0,5
engr0,OP3,PGD,1.0,PGD,0.5,0.9508196721311475,0.0,0,5
engr0,OP3,PGD,1.0,PGD,0.6,0.9508196721311475,0.0,0,5
engr0,OP3,PGD,1.0,PGD,0.7,0.9508196721311475,0.0,0,5
engr0,OP3,PGD,1.0,PGD,0.8,0.9508196721311475,0.0,0,5
engr0,OP3,PGD,1.0,PGD,0.9,0.9508196721311475,0.0,0,5
engr0,OP3,PGD,1.0,PGD,1.0,0.9508196721311475,0.0,0,5
engr0,S7,PGD,1.0,PGD,0.1,2.0655737704918034,2.0,0,10
engr0,S7,PGD,1.0,PGD,0.2,2.459016393442623,2.0,0,12
engr0,S7,PGD,1.0,PGD,0.3,2.557377049180328,2.0,0,12
engr0,S7,PGD,1.0,PGD,0.4,2.5245901639344264,2.0,0,12
engr0,S7,PGD,1.0,PGD,0.5,2.5245901639344264,2.0,0,12
engr0,S7,PGD,1.0,PGD,0.6,2.5245901639344264,2.0,0,12
engr0,S7,PGD,1.0,PGD,0.7,2.5245901639344264,2.0,0,12
engr0,S7,PGD,1.0,PGD,0.8,2.5245901639344264,2.0,0,12
engr0,S7,PGD,1.0,PGD,0.9,2.5245901639344264,2.0,0,12
engr0,S7,PGD,1.0,PGD,1.0,2.5245901639344264,2.0,0,12
engr0,BLU,MIM,0.1,PGD,0.1,2.918032786885246,3.0,0,14
engr0,BLU,MIM,0.1,PGD,0.2,3.7540983606557377,3.0,0,45
engr0,BLU,MIM,0.1,PGD,0.3,5.245901639344262,3.0,0,46
engr0,BLU,MIM,0.1,PGD,0.4,5.295081967213115,3.0,0,46
engr0,BLU,MIM,0.1,PGD,0.5,5.295081967213115,3.0,0,46
engr0,BLU,MIM,0.1,PGD,0.6,5.295081967213115,3.0,0,46
engr0,BLU,MIM,0.1,PGD,0.7,5.295081967213115,3.0,0,46
engr0,BLU,MIM,0.1,PGD,0.8,5.295081967213115,3.0,0,46
engr0,BLU,MIM,0.1,PGD,0.9,5.295081967213115,3.0,0,46
engr0,BLU,MIM,0.1,PGD,1.0,5.295081967213115,3.0,0,46
engr0,HTC,MIM,0.1,PGD,0.1,2.9344262295081966,2.0,0,9
engr0,HTC,MIM,0.1,PGD,0.2,4.262295081967213,3.0,0,19
engr0,HTC,MIM,0.1,PGD,0.3,4.688524590163935,4.0,0,19
engr0,HTC,MIM,0.1,PGD,0.4,5.163934426229508,4.0,0,29
engr0,HTC,MIM,0.1,PGD,0.5,5.163934426229508,4.0,0,29
engr0,HTC,MIM,0.1,PGD,0.6,5.163934426229508,4.0,0,29
engr0,HTC,MIM,0.1,PGD,0.7,5.163934426229508,4.0,0,29
engr0,HTC,MIM,0.1,PGD,0.8,5.163934426229508,4.0,0,29
engr0,HTC,MIM,0.1,PGD,0.9,5.163934426229508,4.0,0,29
engr0,HTC,MIM,0.1,PGD,1.0,5.163934426229508,4.0,0,29
engr0,LG,MIM,0.1,PGD,0.1,4.213114754098361,2.0,0,28
engr0,LG,MIM,0.1,PGD,0.2,6.016393442622951,3.0,0,44
engr0,LG,MIM,0.1,PGD,0.3,5.639344262295082,3.0,0,53
engr0,LG,MIM,0.1,PGD,0.4,5.508196721311475,2.0,0,53
engr0,LG,MIM,0.1,PGD,0.5,5.508196721311475,2.0,0,53
engr0,LG,MIM,0.1,PGD,0.6,5.508196721311475,2.0,0,53
engr0,LG,MIM,0.1,PGD,0.7,5.508196721311475,2.0,0,53
engr0,LG,MIM,0.1,PGD,0.8,5.508196721311475,2.0,0,53
engr0,LG,MIM,0.1,PGD,0.9,5.508196721311475,2.0,0,53
engr0,LG,MIM,0.1,PGD,1.0,5.508196721311475,2.0,0,53
engr0,MOTO,MIM,0.1,PGD,0.1,3.0,2.0,0,11
engr0,MOTO,MIM,0.1,PGD,0.2,9.508196721311476,7.0,0,45
engr0,MOTO,MIM,0.1,PGD,0.3,10.540983606557377,6.0,0,46
engr0,MOTO,MIM,0.1,PGD,0.4,12.049180327868852,8.0,0,46
engr0,MOTO,MIM,0.1,PGD,0.5,12.049180327868852,8.0,0,46
engr0,MOTO,MIM,0.1,PGD,0.6,12.049180327868852,8.0,0,46
engr0,MOTO,MIM,0.1,PGD,0.7,12.049180327868852,8.0,0,46
engr0,MOTO,MIM,0.1,PGD,0.8,12.049180327868852,8.0,0,46
engr0,MOTO,MIM,0.1,PGD,0.9,12.049180327868852,8.0,0,46
engr0,MOTO,MIM,0.1,PGD,1.0,12.049180327868852,8.0,0,46
engr0,OP3,MIM,0.1,PGD,0.1,0.5409836065573771,0.0,0,6
engr0,OP3,MIM,0.1,PGD,0.2,1.5081967213114753,0.0,0,43
engr0,OP3,MIM,0.1,PGD,0.3,1.360655737704918,0.0,0,43
engr0,OP3,MIM,0.1,PGD,0.4,1.360655737704918,0.0,0,43
engr0,OP3,MIM,0.1,PGD,0.5,1.360655737704918,0.0,0,43
engr0,OP3,MIM,0.1,PGD,0.6,1.360655737704918,0.0,0,43
engr0,OP3,MIM,0.1,PGD,0.7,1.360655737704918,0.0,0,43
engr0,OP3,MIM,0.1,PGD,0.8,1.360655737704918,0.0,0,43
engr0,OP3,MIM,0.1,PGD,0.9,1.360655737704918,0.0,0,43
engr0,OP3,MIM,0.1,PGD,1.0,1.360655737704918,0.0,0,43
engr0,S7,MIM,0.1,PGD,0.1,2.278688524590164,1.0,0,13
engr0,S7,MIM,0.1,PGD,0.2,2.8852459016393444,2.0,0,21
engr0,S7,MIM,0.1,PGD,0.3,2.918032786885246,1.0,0,21
engr0,S7,MIM,0.1,PGD,0.4,2.8360655737704916,1.0,0,21
engr0,S7,MIM,0.1,PGD,0.5,2.8360655737704916,1.0,0,21
engr0,S7,MIM,0.1,PGD,0.6,2.8360655737704916,1.0,0,21
engr0,S7,MIM,0.1,PGD,0.7,2.8360655737704916,1.0,0,21
engr0,S7,MIM,0.1,PGD,0.8,2.8360655737704916,1.0,0,21
engr0,S7,MIM,0.1,PGD,0.9,2.8360655737704916,1.0,0,21
engr0,S7,MIM,0.1,PGD,1.0,2.8360655737704916,1.0,0,21
engr0,BLU,MIM,0.2,PGD,0.1,3.081967213114754,3.0,0,12
engr0,BLU,MIM,0.2,PGD,0.2,3.1311475409836067,2.0,0,12
engr0,BLU,MIM,0.2,PGD,0.3,3.1475409836065573,2.0,0,12
engr0,BLU,MIM,0.2,PGD,0.4,3.3114754098360657,2.0,0,12
engr0,BLU,MIM,0.2,PGD,0.5,3.3114754098360657,2.0,0,12
engr0,BLU,MIM,0.2,PGD,0.6,3.3114754098360657,2.0,0,12
engr0,BLU,MIM,0.2,PGD,0.7,3.3114754098360657,2.0,0,12
engr0,BLU,MIM,0.2,PGD,0.8,3.3114754098360657,2.0,0,12
engr0,BLU,MIM,0.2,PGD,0.9,3.3114754098360657,2.0,0,12
engr0,BLU,MIM,0.2,PGD,1.0,3.3114754098360657,2.0,0,12
engr0,HTC,MIM,0.2,PGD,0.1,4.032786885245901,4.0,0,16
engr0,HTC,MIM,0.2,PGD,0.2,3.557377049180328,3.0,0,15
engr0,HTC,MIM,0.2,PGD,0.3,3.6885245901639343,3.0,0,16
engr0,HTC,MIM,0.2,PGD,0.4,3.9672131147540983,3.0,0,16
engr0,HTC,MIM,0.2,PGD,0.5,3.9672131147540983,3.0,0,16
engr0,HTC,MIM,0.2,PGD,0.6,3.9672131147540983,3.0,0,16
engr0,HTC,MIM,0.2,PGD,0.7,3.9672131147540983,3.0,0,16
engr0,HTC,MIM,0.2,PGD,0.8,3.9672131147540983,3.0,0,16
engr0,HTC,MIM,0.2,PGD,0.9,3.9672131147540983,3.0,0,16
engr0,HTC,MIM,0.2,PGD,1.0,3.9672131147540983,3.0,0,16
engr0,LG,MIM,0.2,PGD,0.1,3.901639344262295,3.0,0,27
engr0,LG,MIM,0.2,PGD,0.2,3.8688524590163933,2.0,0,27
engr0,LG,MIM,0.2,PGD,0.3,4.229508196721311,2.0,0,28
engr0,LG,MIM,0.2,PGD,0.4,4.491803278688525,3.0,0,28
engr0,LG,MIM,0.2,PGD,0.5,4.491803278688525,3.0,0,28
engr0,LG,MIM,0.2,PGD,0.6,4.491803278688525,3.0,0,28
engr0,LG,MIM,0.2,PGD,0.7,4.491803278688525,3.0,0,28
engr0,LG,MIM,0.2,PGD,0.8,4.491803278688525,3.0,0,28
engr0,LG,MIM,0.2,PGD,0.9,4.491803278688525,3.0,0,28
engr0,LG,MIM,0.2,PGD,1.0,4.491803278688525,3.0,0,28
engr0,MOTO,MIM,0.2,PGD,0.1,8.37704918032787,7.0,0,49
engr0,MOTO,MIM,0.2,PGD,0.2,11.278688524590164,9.0,0,49
engr0,MOTO,MIM,0.2,PGD,0.3,15.704918032786885,14.0,0,49
engr0,MOTO,MIM,0.2,PGD,0.4,16.950819672131146,15.0,0,49
engr0,MOTO,MIM,0.2,PGD,0.5,16.950819672131146,15.0,0,49
engr0,MOTO,MIM,0.2,PGD,0.6,16.950819672131146,15.0,0,49
engr0,MOTO,MIM,0.2,PGD,0.7,16.950819672131146,15.0,0,49
engr0,MOTO,MIM,0.2,PGD,0.8,16.950819672131146,15.0,0,49
engr0,MOTO,MIM,0.2,PGD,0.9,16.950819672131146,15.0,0,49
engr0,MOTO,MIM,0.2,PGD,1.0,16.950819672131146,15.0,0,49
engr0,OP3,MIM,0.2,PGD,0.1,1.1639344262295082,0.0,0,12
engr0,OP3,MIM,0.2,PGD,0.2,1.2622950819672132,0.0,0,14
engr0,OP3,MIM,0.2,PGD,0.3,1.3278688524590163,0.0,0,12
engr0,OP3,MIM,0.2,PGD,0.4,1.3442622950819672,0.0,0,12
engr0,OP3,MIM,0.2,PGD,0.5,1.3442622950819672,0.0,0,12
engr0,OP3,MIM,0.2,PGD,0.6,1.3442622950819672,0.0,0,12
engr0,OP3,MIM,0.2,PGD,0.7,1.3442622950819672,0.0,0,12
engr0,OP3,MIM,0.2,PGD,0.8,1.3442622950819672,0.0,0,12
engr0,OP3,MIM,0.2,PGD,0.9,1.3442622950819672,0.0,0,12
engr0,OP3,MIM,0.2,PGD,1.0,1.3442622950819672,0.0,0,12
engr0,S7,MIM,0.2,PGD,0.1,2.3114754098360657,2.0,0,13
engr0,S7,MIM,0.2,PGD,0.2,2.6885245901639343,2.0,0,13
engr0,S7,MIM,0.2,PGD,0.3,2.9508196721311477,2.0,0,13
engr0,S7,MIM,0.2,PGD,0.4,2.9672131147540983,2.0,0,13
engr0,S7,MIM,0.2,PGD,0.5,2.9672131147540983,2.0,0,13
engr0,S7,MIM,0.2,PGD,0.6,2.9672131147540983,2.0,0,13
engr0,S7,MIM,0.2,PGD,0.7,2.9672131147540983,2.0,0,13
engr0,S7,MIM,0.2,PGD,0.8,2.9672131147540983,2.0,0,13
engr0,S7,MIM,0.2,PGD,0.9,2.9672131147540983,2.0,0,13
engr0,S7,MIM,0.2,PGD,1.0,2.9672131147540983,2.0,0,13
engr0,BLU,MIM,0.3,PGD,0.1,2.4918032786885247,2.0,0,12
engr0,BLU,MIM,0.3,PGD,0.2,2.918032786885246,3.0,0,12
engr0,BLU,MIM,0.3,PGD,0.3,2.9836065573770494,2.0,0,12
engr0,BLU,MIM,0.3,PGD,0.4,2.9344262295081966,2.0,0,12
engr0,BLU,MIM,0.3,PGD,0.5,2.9344262295081966,2.0,0,12
engr0,BLU,MIM,0.3,PGD,0.6,2.9344262295081966,2.0,0,12
engr0,BLU,MIM,0.3,PGD,0.7,2.9344262295081966,2.0,0,12
engr0,BLU,MIM,0.3,PGD,0.8,2.9344262295081966,2.0,0,12
engr0,BLU,MIM,0.3,PGD,0.9,2.9344262295081966,2.0,0,12
engr0,BLU,MIM,0.3,PGD,1.0,2.9344262295081966,2.0,0,12
engr0,HTC,MIM,0.3,PGD,0.1,3.80327868852459,3.0,0,15
engr0,HTC,MIM,0.3,PGD,0.2,4.016393442622951,3.0,0,16
engr0,HTC,MIM,0.3,PGD,0.3,4.278688524590164,3.0,0,17
engr0,HTC,MIM,0.3,PGD,0.4,4.278688524590164,3.0,0,17
engr0,HTC,MIM,0.3,PGD,0.5,4.278688524590164,3.0,0,17
engr0,HTC,MIM,0.3,PGD,0.6,4.278688524590164,3.0,0,17
engr0,HTC,MIM,0.3,PGD,0.7,4.278688524590164,3.0,0,17
engr0,HTC,MIM,0.3,PGD,0.8,4.278688524590164,3.0,0,17
engr0,HTC,MIM,0.3,PGD,0.9,4.278688524590164,3.0,0,17
engr0,HTC,MIM,0.3,PGD,1.0,4.278688524590164,3.0,0,17
engr0,LG,MIM,0.3,PGD,0.1,3.4262295081967213,2.0,0,27
engr0,LG,MIM,0.3,PGD,0.2,3.4262295081967213,2.0,0,20
engr0,LG,MIM,0.3,PGD,0.3,3.6721311475409837,2.0,0,20
engr0,LG,MIM,0.3,PGD,0.4,3.721311475409836,2.0,0,20
engr0,LG,MIM,0.3,PGD,0.5,3.721311475409836,2.0,0,20
engr0,LG,MIM,0.3,PGD,0.6,3.721311475409836,2.0,0,20
engr0,LG,MIM,0.3,PGD,0.7,3.721311475409836,2.0,0,20
engr0,LG,MIM,0.3,PGD,0.8,3.721311475409836,2.0,0,20
engr0,LG,MIM,0.3,PGD,0.9,3.721311475409836,2.0,0,20
engr0,LG,MIM,0.3,PGD,1.0,3.721311475409836,2.0,0,20
engr0,MOTO,MIM,0.3,PGD,0.1,5.491803278688525,4.0,0,29
engr0,MOTO,MIM,0.3,PGD,0.2,11.967213114754099,9.0,0,44
engr0,MOTO,MIM,0.3,PGD,0.3,16.360655737704917,15.0,0,47
engr0,MOTO,MIM,0.3,PGD,0.4,17.19672131147541,14.0,0,47
engr0,MOTO,MIM,0.3,PGD,0.5,17.19672131147541,14.0,0,47
engr0,MOTO,MIM,0.3,PGD,0.6,17.19672131147541,14.0,0,47
engr0,MOTO,MIM,0.3,PGD,0.7,17.19672131147541,14.0,0,47
engr0,MOTO,MIM,0.3,PGD,0.8,17.19672131147541,14.0,0,47
engr0,MOTO,MIM,0.3,PGD,0.9,17.19672131147541,14.0,0,47
engr0,MOTO,MIM,0.3,PGD,1.0,17.19672131147541,14.0,0,47
engr0,OP3,MIM,0.3,PGD,0.1,1.0,0.0,0,10
engr0,OP3,MIM,0.3,PGD,0.2,1.4262295081967213,0.0,0,20
engr0,OP3,MIM,0.3,PGD,0.3,1.4426229508196722,0.0,0,20
engr0,OP3,MIM,0.3,PGD,0.4,1.4426229508196722,0.0,0,20
engr0,OP3,MIM,0.3,PGD,0.5,1.4426229508196722,0.0,0,20
engr0,OP3,MIM,0.3,PGD,0.6,1.4426229508196722,0.0,0,20
engr0,OP3,MIM,0.3,PGD,0.7,1.4426229508196722,0.0,0,20
engr0,OP3,MIM,0.3,PGD,0.8,1.4426229508196722,0.0,0,20
engr0,OP3,MIM,0.3,PGD,0.9,1.4426229508196722,0.0,0,20
engr0,OP3,MIM,0.3,PGD,1.0,1.4426229508196722,0.0,0,20
engr0,S7,MIM,0.3,PGD,0.1,2.2950819672131146,1.0,0,20
engr0,S7,MIM,0.3,PGD,0.2,2.3934426229508197,2.0,0,20
engr0,S7,MIM,0.3,PGD,0.3,2.5081967213114753,1.0,0,20
engr0,S7,MIM,0.3,PGD,0.4,2.80327868852459,1.0,0,20
engr0,S7,MIM,0.3,PGD,0.5,2.80327868852459,1.0,0,20
engr0,S7,MIM,0.3,PGD,0.6,2.80327868852459,1.0,0,20
engr0,S7,MIM,0.3,PGD,0.7,2.80327868852459,1.0,0,20
engr0,S7,MIM,0.3,PGD,0.8,2.80327868852459,1.0,0,20
engr0,S7,MIM,0.3,PGD,0.9,2.80327868852459,1.0,0,20
engr0,S7,MIM,0.3,PGD,1.0,2.80327868852459,1.0,0,20
engr0,BLU,MIM,0.4,PGD,0.1,2.622950819672131,2.0,0,12
engr0,BLU,MIM,0.4,PGD,0.2,3.360655737704918,2.0,0,16
engr0,BLU,MIM,0.4,PGD,0.3,3.2950819672131146,2.0,0,16
engr0,BLU,MIM,0.4,PGD,0.4,3.3278688524590163,3.0,0,16
engr0,BLU,MIM,0.4,PGD,0.5,3.3278688524590163,3.0,0,16
engr0,BLU,MIM,0.4,PGD,0.6,3.3278688524590163,3.0,0,16
engr0,BLU,MIM,0.4,PGD,0.7,3.3278688524590163,3.0,0,16
engr0,BLU,MIM,0.4,PGD,0.8,3.3278688524590163,3.0,0,16
engr0,BLU,MIM,0.4,PGD,0.9,3.3278688524590163,3.0,0,16
engr0,BLU,MIM,0.4,PGD,1.0,3.3278688524590163,3.0,0,16
engr0,HTC,MIM,0.4,PGD,0.1,3.6885245901639343,2.0,0,15
engr0,HTC,MIM,0.4,PGD,0.2,4.114754098360656,3.0,0,17
engr0,HTC,MIM,0.4,PGD,0.3,4.163934426229508,3.0,0,17
engr0,HTC,MIM,0.4,PGD,0.4,4.245901639344262,3.0,0,17
engr0,HTC,MIM,0.4,PGD,0.5,4.245901639344262,3.0,0,17
engr0,HTC,MIM,0.4,PGD,0.6,4.245901639344262,3.0,0,17
engr0,HTC,MIM,0.4,PGD,0.7,4.245901639344262,3.0,0,17
engr0,HTC,MIM,0.4,PGD,0.8,4.245901639344262,3.0,0,17
engr0,HTC,MIM,0.4,PGD,0.9,4.245901639344262,3.0,0,17
engr0,HTC,MIM,0.4,PGD,1.0,4.245901639344262,3.0,0,17
engr0,LG,MIM,0.4,PGD,0.1,3.0163934426229506,2.0,0,13
engr0,LG,MIM,0.4,PGD,0.2,3.377049180327869,2.0,0,15
engr0,LG,MIM,0.4,PGD,0.3,4.213114754098361,2.0,0,28
engr0,LG,MIM,0.4,PGD,0.4,4.245901639344262,2.0,0,28
engr0,LG,MIM,0.4,PGD,0.5,4.245901639344262,2.0,0,28
engr0,LG,MIM,0.4,PGD,0.6,4.245901639344262,2.0,0,28
engr0,LG,MIM,0.4,PGD,0.7,4.245901639344262,2.0,0,28
engr0,LG,MIM,0.4,PGD,0.8,4.245901639344262,2.0,0,28
engr0,LG,MIM,0.4,PGD,0.9,4.245901639344262,2.0,0,28
engr0,LG,MIM,0.4,PGD,1.0,4.245901639344262,2.0,0,28
engr0,MOTO,MIM,0.4,PGD,0.1,6.377049180327869,4.0,0,29
engr0,MOTO,MIM,0.4,PGD,0.2,12.737704918032787,12.0,0,40
engr0,MOTO,MIM,0.4,PGD,0.3,16.918032786885245,16.0,0,47
engr0,MOTO,MIM,0.4,PGD,0.4,18.147540983606557,16.0,0,48
engr0,MOTO,MIM,0.4,PGD,0.5,18.147540983606557,16.0,0,48
engr0,MOTO,MIM,0.4,PGD,0.6,18.147540983606557,16.0,0,48
engr0,MOTO,MIM,0.4,PGD,0.7,18.147540983606557,16.0,0,48
engr0,MOTO,MIM,0.4,PGD,0.8,18.147540983606557,16.0,0,48
engr0,MOTO,MIM,0.4,PGD,0.9,18.147540983606557,16.0,0,48
engr0,MOTO,MIM,0.4,PGD,1.0,18.147540983606557,16.0,0,48
engr0,OP3,MIM,0.4,PGD,0.1,0.8688524590163934,0.0,0,10
engr0,OP3,MIM,0.4,PGD,0.2,0.8688524590163934,0.0,0,8
engr0,OP3,MIM,0.4,PGD,0.3,0.8688524590163934,0.0,0,8
engr0,OP3,MIM,0.4,PGD,0.4,0.9016393442622951,0.0,0,8
engr0,OP3,MIM,0.4,PGD,0.5,0.9016393442622951,0.0,0,8
engr0,OP3,MIM,0.4,PGD,0.6,0.9016393442622951,0.0,0,8
engr0,OP3,MIM,0.4,PGD,0.7,0.9016393442622951,0.0,0,8
engr0,OP3,MIM,0.4,PGD,0.8,0.9016393442622951,0.0,0,8
engr0,OP3,MIM,0.4,PGD,0.9,0.9016393442622951,0.0,0,8
engr0,OP3,MIM,0.4,PGD,1.0,0.9016393442622951,0.0,0,8
engr0,S7,MIM,0.4,PGD,0.1,2.2131147540983607,1.0,0,13
engr0,S7,MIM,0.4,PGD,0.2,2.180327868852459,1.0,0,13
engr0,S7,MIM,0.4,PGD,0.3,2.2295081967213113,1.0,0,13
engr0,S7,MIM,0.4,PGD,0.4,2.278688524590164,1.0,0,13
engr0,S7,MIM,0.4,PGD,0.5,2.278688524590164,1.0,0,13
engr0,S7,MIM,0.4,PGD,0.6,2.278688524590164,1.0,0,13
engr0,S7,MIM,0.4,PGD,0.7,2.278688524590164,1.0,0,13
engr0,S7,MIM,0.4,PGD,0.8,2.278688524590164,1.0,0,13
engr0,S7,MIM,0.4,PGD,0.9,2.278688524590164,1.0,0,13
engr0,S7,MIM,0.4,PGD,1.0,2.278688524590164,1.0,0,13
engr0,BLU,MIM,0.5,PGD,0.1,2.622950819672131,2.0,0,12
engr0,BLU,MIM,0.5,PGD,0.2,3.360655737704918,2.0,0,16
engr0,BLU,MIM,0.5,PGD,0.3,3.2950819672131146,2.0,0,16
engr0,BLU,MIM,0.5,PGD,0.4,3.3278688524590163,3.0,0,16
engr0,BLU,MIM,0.5,PGD,0.5,3.3278688524590163,3.0,0,16
engr0,BLU,MIM,0.5,PGD,0.6,3.3278688524590163,3.0,0,16
engr0,BLU,MIM,0.5,PGD,0.7,3.3278688524590163,3.0,0,16
engr0,BLU,MIM,0.5,PGD,0.8,3.3278688524590163,3.0,0,16
engr0,BLU,MIM,0.5,PGD,0.9,3.3278688524590163,3.0,0,16
engr0,BLU,MIM,0.5,PGD,1.0,3.3278688524590163,3.0,0,16
engr0,HTC,MIM,0.5,PGD,0.1,3.6885245901639343,2.0,0,15
engr0,HTC,MIM,0.5,PGD,0.2,4.114754098360656,3.0,0,17
engr0,HTC,MIM,0.5,PGD,0.3,4.163934426229508,3.0,0,17
engr0,HTC,MIM,0.5,PGD,0.4,4.245901639344262,3.0,0,17
engr0,HTC,MIM,0.5,PGD,0.5,4.245901639344262,3.0,0,17
engr0,HTC,MIM,0.5,PGD,0.6,4.245901639344262,3.0,0,17
engr0,HTC,MIM,0.5,PGD,0.7,4.245901639344262,3.0,0,17
engr0,HTC,MIM,0.5,PGD,0.8,4.245901639344262,3.0,0,17
engr0,HTC,MIM,0.5,PGD,0.9,4.245901639344262,3.0,0,17
engr0,HTC,MIM,0.5,PGD,1.0,4.245901639344262,3.0,0,17
engr0,LG,MIM,0.5,PGD,0.1,3.0163934426229506,2.0,0,13
engr0,LG,MIM,0.5,PGD,0.2,3.377049180327869,2.0,0,15
engr0,LG,MIM,0.5,PGD,0.3,4.213114754098361,2.0,0,28
engr0,LG,MIM,0.5,PGD,0.4,4.245901639344262,2.0,0,28
engr0,LG,MIM,0.5,PGD,0.5,4.245901639344262,2.0,0,28
engr0,LG,MIM,0.5,PGD,0.6,4.245901639344262,2.0,0,28
engr0,LG,MIM,0.5,PGD,0.7,4.245901639344262,2.0,0,28
engr0,LG,MIM,0.5,PGD,0.8,4.245901639344262,2.0,0,28
engr0,LG,MIM,0.5,PGD,0.9,4.245901639344262,2.0,0,28
engr0,LG,MIM,0.5,PGD,1.0,4.245901639344262,2.0,0,28
engr0,MOTO,MIM,0.5,PGD,0.1,6.377049180327869,4.0,0,29
engr0,MOTO,MIM,0.5,PGD,0.2,12.737704918032787,12.0,0,40
engr0,MOTO,MIM,0.5,PGD,0.3,16.918032786885245,16.0,0,47
engr0,MOTO,MIM,0.5,PGD,0.4,18.147540983606557,16.0,0,48
engr0,MOTO,MIM,0.5,PGD,0.5,18.147540983606557,16.0,0,48
engr0,MOTO,MIM,0.5,PGD,0.6,18.147540983606557,16.0,0,48
engr0,MOTO,MIM,0.5,PGD,0.7,18.147540983606557,16.0,0,48
engr0,MOTO,MIM,0.5,PGD,0.8,18.147540983606557,16.0,0,48
engr0,MOTO,MIM,0.5,PGD,0.9,18.147540983606557,16.0,0,48
engr0,MOTO,MIM,0.5,PGD,1.0,18.147540983606557,16.0,0,48
engr0,OP3,MIM,0.5,PGD,0.1,0.8688524590163934,0.0,0,10
engr0,OP3,MIM,0.5,PGD,0.2,0.8688524590163934,0.0,0,8
engr0,OP3,MIM,0.5,PGD,0.3,0.8688524590163934,0.0,0,8
engr0,OP3,MIM,0.5,PGD,0.4,0.9016393442622951,0.0,0,8
engr0,OP3,MIM,0.5,PGD,0.5,0.9016393442622951,0.0,0,8
engr0,OP3,MIM,0.5,PGD,0.6,0.9016393442622951,0.0,0,8
engr0,OP3,MIM,0.5,PGD,0.7,0.9016393442622951,0.0,0,8
engr0,OP3,MIM,0.5,PGD,0.8,0.9016393442622951,0.0,0,8
engr0,OP3,MIM,0.5,PGD,0.9,0.9016393442622951,0.0,0,8
engr0,OP3,MIM,0.5,PGD,1.0,0.9016393442622951,0.0,0,8
engr0,S7,MIM,0.5,PGD,0.1,2.2131147540983607,1.0,0,13
engr0,S7,MIM,0.5,PGD,0.2,2.180327868852459,1.0,0,13
engr0,S7,MIM,0.5,PGD,0.3,2.2295081967213113,1.0,0,13
engr0,S7,MIM,0.5,PGD,0.4,2.278688524590164,1.0,0,13
engr0,S7,MIM,0.5,PGD,0.5,2.278688524590164,1.0,0,13
engr0,S7,MIM,0.5,PGD,0.6,2.278688524590164,1.0,0,13
engr0,S7,MIM,0.5,PGD,0.7,2.278688524590164,1.0,0,13
engr0,S7,MIM,0.5,PGD,0.8,2.278688524590164,1.0,0,13
engr0,S7,MIM,0.5,PGD,0.9,2.278688524590164,1.0,0,13
engr0,S7,MIM,0.5,PGD,1.0,2.278688524590164,1.0,0,13
engr0,BLU,MIM,0.6,PGD,0.1,2.622950819672131,2.0,0,12
engr0,BLU,MIM,0.6,PGD,0.2,3.360655737704918,2.0,0,16
engr0,BLU,MIM,0.6,PGD,0.3,3.2950819672131146,2.0,0,16
engr0,BLU,MIM,0.6,PGD,0.4,3.3278688524590163,3.0,0,16
engr0,BLU,MIM,0.6,PGD,0.5,3.3278688524590163,3.0,0,16
engr0,BLU,MIM,0.6,PGD,0.6,3.3278688524590163,3.0,0,16
engr0,BLU,MIM,0.6,PGD,0.7,3.3278688524590163,3.0,0,16
engr0,BLU,MIM,0.6,PGD,0.8,3.3278688524590163,3.0,0,16
engr0,BLU,MIM,0.6,PGD,0.9,3.3278688524590163,3.0,0,16
engr0,BLU,MIM,0.6,PGD,1.0,3.3278688524590163,3.0,0,16
engr0,HTC,MIM,0.6,PGD,0.1,3.6885245901639343,2.0,0,15
engr0,HTC,MIM,0.6,PGD,0.2,4.114754098360656,3.0,0,17
engr0,HTC,MIM,0.6,PGD,0.3,4.163934426229508,3.0,0,17
engr0,HTC,MIM,0.6,PGD,0.4,4.245901639344262,3.0,0,17
engr0,HTC,MIM,0.6,PGD,0.5,4.245901639344262,3.0,0,17
engr0,HTC,MIM,0.6,PGD,0.6,4.245901639344262,3.0,0,17
engr0,HTC,MIM,0.6,PGD,0.7,4.245901639344262,3.0,0,17
engr0,HTC,MIM,0.6,PGD,0.8,4.245901639344262,3.0,0,17
engr0,HTC,MIM,0.6,PGD,0.9,4.245901639344262,3.0,0,17
engr0,HTC,MIM,0.6,PGD,1.0,4.245901639344262,3.0,0,17
engr0,LG,MIM,0.6,PGD,0.1,3.0163934426229506,2.0,0,13
engr0,LG,MIM,0.6,PGD,0.2,3.377049180327869,2.0,0,15
engr0,LG,MIM,0.6,PGD,0.3,4.213114754098361,2.0,0,28
engr0,LG,MIM,0.6,PGD,0.4,4.245901639344262,2.0,0,28
engr0,LG,MIM,0.6,PGD,0.5,4.245901639344262,2.0,0,28
engr0,LG,MIM,0.6,PGD,0.6,4.245901639344262,2.0,0,28
engr0,LG,MIM,0.6,PGD,0.7,4.245901639344262,2.0,0,28
engr0,LG,MIM,0.6,PGD,0.8,4.245901639344262,2.0,0,28
engr0,LG,MIM,0.6,PGD,0.9,4.245901639344262,2.0,0,28
engr0,LG,MIM,0.6,PGD,1.0,4.245901639344262,2.0,0,28
engr0,MOTO,MIM,0.6,PGD,0.1,6.377049180327869,4.0,0,29
engr0,MOTO,MIM,0.6,PGD,0.2,12.737704918032787,12.0,0,40
engr0,MOTO,MIM,0.6,PGD,0.3,16.918032786885245,16.0,0,47
engr0,MOTO,MIM,0.6,PGD,0.4,18.147540983606557,16.0,0,48
engr0,MOTO,MIM,0.6,PGD,0.5,18.147540983606557,16.0,0,48
engr0,MOTO,MIM,0.6,PGD,0.6,18.147540983606557,16.0,0,48
engr0,MOTO,MIM,0.6,PGD,0.7,18.147540983606557,16.0,0,48
engr0,MOTO,MIM,0.6,PGD,0.8,18.147540983606557,16.0,0,48
engr0,MOTO,MIM,0.6,PGD,0.9,18.147540983606557,16.0,0,48
engr0,MOTO,MIM,0.6,PGD,1.0,18.147540983606557,16.0,0,48
engr0,OP3,MIM,0.6,PGD,0.1,0.8688524590163934,0.0,0,10
engr0,OP3,MIM,0.6,PGD,0.2,0.8688524590163934,0.0,0,8
engr0,OP3,MIM,0.6,PGD,0.3,0.8688524590163934,0.0,0,8
engr0,OP3,MIM,0.6,PGD,0.4,0.9016393442622951,0.0,0,8
engr0,OP3,MIM,0.6,PGD,0.5,0.9016393442622951,0.0,0,8
engr0,OP3,MIM,0.6,PGD,0.6,0.9016393442622951,0.0,0,8
engr0,OP3,MIM,0.6,PGD,0.7,0.9016393442622951,0.0,0,8
engr0,OP3,MIM,0.6,PGD,0.8,0.9016393442622951,0.0,0,8
engr0,OP3,MIM,0.6,PGD,0.9,0.9016393442622951,0.0,0,8
engr0,OP3,MIM,0.6,PGD,1.0,0.9016393442622951,0.0,0,8
engr0,S7,MIM,0.6,PGD,0.1,2.2131147540983607,1.0,0,13
engr0,S7,MIM,0.6,PGD,0.2,2.180327868852459,1.0,0,13
engr0,S7,MIM,0.6,PGD,0.3,2.2295081967213113,1.0,0,13
engr0,S7,MIM,0.6,PGD,0.4,2.278688524590164,1.0,0,13
engr0,S7,MIM,0.6,PGD,0.5,2.278688524590164,1.0,0,13
engr0,S7,MIM,0.6,PGD,0.6,2.278688524590164,1.0,0,13
engr0,S7,MIM,0.6,PGD,0.7,2.278688524590164,1.0,0,13
engr0,S7,MIM,0.6,PGD,0.8,2.278688524590164,1.0,0,13
engr0,S7,MIM,0.6,PGD,0.9,2.278688524590164,1.0,0,13
engr0,S7,MIM,0.6,PGD,1.0,2.278688524590164,1.0,0,13
engr0,BLU,MIM,0.7,PGD,0.1,2.622950819672131,2.0,0,12
engr0,BLU,MIM,0.7,PGD,0.2,3.360655737704918,2.0,0,16
engr0,BLU,MIM,0.7,PGD,0.3,3.2950819672131146,2.0,0,16
engr0,BLU,MIM,0.7,PGD,0.4,3.3278688524590163,3.0,0,16
engr0,BLU,MIM,0.7,PGD,0.5,3.3278688524590163,3.0,0,16
engr0,BLU,MIM,0.7,PGD,0.6,3.3278688524590163,3.0,0,16
engr0,BLU,MIM,0.7,PGD,0.7,3.3278688524590163,3.0,0,16
engr0,BLU,MIM,0.7,PGD,0.8,3.3278688524590163,3.0,0,16
engr0,BLU,MIM,0.7,PGD,0.9,3.3278688524590163,3.0,0,16
engr0,BLU,MIM,0.7,PGD,1.0,3.3278688524590163,3.0,0,16
engr0,HTC,MIM,0.7,PGD,0.1,3.6885245901639343,2.0,0,15
engr0,HTC,MIM,0.7,PGD,0.2,4.114754098360656,3.0,0,17
engr0,HTC,MIM,0.7,PGD,0.3,4.163934426229508,3.0,0,17
engr0,HTC,MIM,0.7,PGD,0.4,4.245901639344262,3.0,0,17
engr0,HTC,MIM,0.7,PGD,0.5,4.245901639344262,3.0,0,17
engr0,HTC,MIM,0.7,PGD,0.6,4.245901639344262,3.0,0,17
engr0,HTC,MIM,0.7,PGD,0.7,4.245901639344262,3.0,0,17
engr0,HTC,MIM,0.7,PGD,0.8,4.245901639344262,3.0,0,17
engr0,HTC,MIM,0.7,PGD,0.9,4.245901639344262,3.0,0,17
engr0,HTC,MIM,0.7,PGD,1.0,4.245901639344262,3.0,0,17
engr0,LG,MIM,0.7,PGD,0.1,3.0163934426229506,2.0,0,13
engr0,LG,MIM,0.7,PGD,0.2,3.377049180327869,2.0,0,15
engr0,LG,MIM,0.7,PGD,0.3,4.213114754098361,2.0,0,28
engr0,LG,MIM,0.7,PGD,0.4,4.245901639344262,2.0,0,28
engr0,LG,MIM,0.7,PGD,0.5,4.245901639344262,2.0,0,28
engr0,LG,MIM,0.7,PGD,0.6,4.245901639344262,2.0,0,28
engr0,LG,MIM,0.7,PGD,0.7,4.245901639344262,2.0,0,28
engr0,LG,MIM,0.7,PGD,0.8,4.245901639344262,2.0,0,28
engr0,LG,MIM,0.7,PGD,0.9,4.245901639344262,2.0,0,28
engr0,LG,MIM,0.7,PGD,1.0,4.245901639344262,2.0,0,28
engr0,MOTO,MIM,0.7,PGD,0.1,6.377049180327869,4.0,0,29
engr0,MOTO,MIM,0.7,PGD,0.2,12.737704918032787,12.0,0,40
engr0,MOTO,MIM,0.7,PGD,0.3,16.918032786885245,16.0,0,47
engr0,MOTO,MIM,0.7,PGD,0.4,18.147540983606557,16.0,0,48
engr0,MOTO,MIM,0.7,PGD,0.5,18.147540983606557,16.0,0,48
engr0,MOTO,MIM,0.7,PGD,0.6,18.147540983606557,16.0,0,48
engr0,MOTO,MIM,0.7,PGD,0.7,18.147540983606557,16.0,0,48
engr0,MOTO,MIM,0.7,PGD,0.8,18.147540983606557,16.0,0,48
engr0,MOTO,MIM,0.7,PGD,0.9,18.147540983606557,16.0,0,48
engr0,MOTO,MIM,0.7,PGD,1.0,18.147540983606557,16.0,0,48
engr0,OP3,MIM,0.7,PGD,0.1,0.8688524590163934,0.0,0,10
engr0,OP3,MIM,0.7,PGD,0.2,0.8688524590163934,0.0,0,8
engr0,OP3,MIM,0.7,PGD,0.3,0.8688524590163934,0.0,0,8
engr0,OP3,MIM,0.7,PGD,0.4,0.9016393442622951,0.0,0,8
engr0,OP3,MIM,0.7,PGD,0.5,0.9016393442622951,0.0,0,8
engr0,OP3,MIM,0.7,PGD,0.6,0.9016393442622951,0.0,0,8
engr0,OP3,MIM,0.7,PGD,0.7,0.9016393442622951,0.0,0,8
engr0,OP3,MIM,0.7,PGD,0.8,0.9016393442622951,0.0,0,8
engr0,OP3,MIM,0.7,PGD,0.9,0.9016393442622951,0.0,0,8
engr0,OP3,MIM,0.7,PGD,1.0,0.9016393442622951,0.0,0,8
engr0,S7,MIM,0.7,PGD,0.1,2.2131147540983607,1.0,0,13
engr0,S7,MIM,0.7,PGD,0.2,2.180327868852459,1.0,0,13
engr0,S7,MIM,0.7,PGD,0.3,2.2295081967213113,1.0,0,13
engr0,S7,MIM,0.7,PGD,0.4,2.278688524590164,1.0,0,13
engr0,S7,MIM,0.7,PGD,0.5,2.278688524590164,1.0,0,13
engr0,S7,MIM,0.7,PGD,0.6,2.278688524590164,1.0,0,13
engr0,S7,MIM,0.7,PGD,0.7,2.278688524590164,1.0,0,13
engr0,S7,MIM,0.7,PGD,0.8,2.278688524590164,1.0,0,13
engr0,S7,MIM,0.7,PGD,0.9,2.278688524590164,1.0,0,13
engr0,S7,MIM,0.7,PGD,1.0,2.278688524590164,1.0,0,13
engr0,BLU,MIM,0.8,PGD,0.1,2.622950819672131,2.0,0,12
engr0,BLU,MIM,0.8,PGD,0.2,3.360655737704918,2.0,0,16
engr0,BLU,MIM,0.8,PGD,0.3,3.2950819672131146,2.0,0,16
engr0,BLU,MIM,0.8,PGD,0.4,3.3278688524590163,3.0,0,16
engr0,BLU,MIM,0.8,PGD,0.5,3.3278688524590163,3.0,0,16
engr0,BLU,MIM,0.8,PGD,0.6,3.3278688524590163,3.0,0,16
engr0,BLU,MIM,0.8,PGD,0.7,3.3278688524590163,3.0,0,16
engr0,BLU,MIM,0.8,PGD,0.8,3.3278688524590163,3.0,0,16
engr0,BLU,MIM,0.8,PGD,0.9,3.3278688524590163,3.0,0,16
engr0,BLU,MIM,0.8,PGD,1.0,3.3278688524590163,3.0,0,16
engr0,HTC,MIM,0.8,PGD,0.1,3.6885245901639343,2.0,0,15
engr0,HTC,MIM,0.8,PGD,0.2,4.114754098360656,3.0,0,17
engr0,HTC,MIM,0.8,PGD,0.3,4.163934426229508,3.0,0,17
engr0,HTC,MIM,0.8,PGD,0.4,4.245901639344262,3.0,0,17
engr0,HTC,MIM,0.8,PGD,0.5,4.245901639344262,3.0,0,17
engr0,HTC,MIM,0.8,PGD,0.6,4.245901639344262,3.0,0,17
engr0,HTC,MIM,0.8,PGD,0.7,4.245901639344262,3.0,0,17
engr0,HTC,MIM,0.8,PGD,0.8,4.245901639344262,3.0,0,17
engr0,HTC,MIM,0.8,PGD,0.9,4.245901639344262,3.0,0,17
engr0,HTC,MIM,0.8,PGD,1.0,4.245901639344262,3.0,0,17
engr0,LG,MIM,0.8,PGD,0.1,3.0163934426229506,2.0,0,13
engr0,LG,MIM,0.8,PGD,0.2,3.377049180327869,2.0,0,15
engr0,LG,MIM,0.8,PGD,0.3,4.213114754098361,2.0,0,28
engr0,LG,MIM,0.8,PGD,0.4,4.245901639344262,2.0,0,28
engr0,LG,MIM,0.8,PGD,0.5,4.245901639344262,2.0,0,28
engr0,LG,MIM,0.8,PGD,0.6,4.245901639344262,2.0,0,28
engr0,LG,MIM,0.8,PGD,0.7,4.245901639344262,2.0,0,28
engr0,LG,MIM,0.8,PGD,0.8,4.245901639344262,2.0,0,28
engr0,LG,MIM,0.8,PGD,0.9,4.245901639344262,2.0,0,28
engr0,LG,MIM,0.8,PGD,1.0,4.245901639344262,2.0,0,28
engr0,MOTO,MIM,0.8,PGD,0.1,6.377049180327869,4.0,0,29
engr0,MOTO,MIM,0.8,PGD,0.2,12.737704918032787,12.0,0,40
engr0,MOTO,MIM,0.8,PGD,0.3,16.918032786885245,16.0,0,47
engr0,MOTO,MIM,0.8,PGD,0.4,18.147540983606557,16.0,0,48
engr0,MOTO,MIM,0.8,PGD,0.5,18.147540983606557,16.0,0,48
engr0,MOTO,MIM,0.8,PGD,0.6,18.147540983606557,16.0,0,48
engr0,MOTO,MIM,0.8,PGD,0.7,18.147540983606557,16.0,0,48
engr0,MOTO,MIM,0.8,PGD,0.8,18.147540983606557,16.0,0,48
engr0,MOTO,MIM,0.8,PGD,0.9,18.147540983606557,16.0,0,48
engr0,MOTO,MIM,0.8,PGD,1.0,18.147540983606557,16.0,0,48
engr0,OP3,MIM,0.8,PGD,0.1,0.8688524590163934,0.0,0,10
engr0,OP3,MIM,0.8,PGD,0.2,0.8688524590163934,0.0,0,8
engr0,OP3,MIM,0.8,PGD,0.3,0.8688524590163934,0.0,0,8
engr0,OP3,MIM,0.8,PGD,0.4,0.9016393442622951,0.0,0,8
engr0,OP3,MIM,0.8,PGD,0.5,0.9016393442622951,0.0,0,8
engr0,OP3,MIM,0.8,PGD,0.6,0.9016393442622951,0.0,0,8
engr0,OP3,MIM,0.8,PGD,0.7,0.9016393442622951,0.0,0,8
engr0,OP3,MIM,0.8,PGD,0.8,0.9016393442622951,0.0,0,8
engr0,OP3,MIM,0.8,PGD,0.9,0.9016393442622951,0.0,0,8
engr0,OP3,MIM,0.8,PGD,1.0,0.9016393442622951,0.0,0,8
engr0,S7,MIM,0.8,PGD,0.1,2.2131147540983607,1.0,0,13
engr0,S7,MIM,0.8,PGD,0.2,2.180327868852459,1.0,0,13
engr0,S7,MIM,0.8,PGD,0.3,2.2295081967213113,1.0,0,13
engr0,S7,MIM,0.8,PGD,0.4,2.278688524590164,1.0,0,13
engr0,S7,MIM,0.8,PGD,0.5,2.278688524590164,1.0,0,13
engr0,S7,MIM,0.8,PGD,0.6,2.278688524590164,1.0,0,13
engr0,S7,MIM,0.8,PGD,0.7,2.278688524590164,1.0,0,13
engr0,S7,MIM,0.8,PGD,0.8,2.278688524590164,1.0,0,13
engr0,S7,MIM,0.8,PGD,0.9,2.278688524590164,1.0,0,13
engr0,S7,MIM,0.8,PGD,1.0,2.278688524590164,1.0,0,13
engr0,BLU,MIM,0.9,PGD,0.1,2.622950819672131,2.0,0,12
engr0,BLU,MIM,0.9,PGD,0.2,3.360655737704918,2.0,0,16
engr0,BLU,MIM,0.9,PGD,0.3,3.2950819672131146,2.0,0,16
engr0,BLU,MIM,0.9,PGD,0.4,3.3278688524590163,3.0,0,16
engr0,BLU,MIM,0.9,PGD,0.5,3.3278688524590163,3.0,0,16
engr0,BLU,MIM,0.9,PGD,0.6,3.3278688524590163,3.0,0,16
engr0,BLU,MIM,0.9,PGD,0.7,3.3278688524590163,3.0,0,16
engr0,BLU,MIM,0.9,PGD,0.8,3.3278688524590163,3.0,0,16
engr0,BLU,MIM,0.9,PGD,0.9,3.3278688524590163,3.0,0,16
engr0,BLU,MIM,0.9,PGD,1.0,3.3278688524590163,3.0,0,16
engr0,HTC,MIM,0.9,PGD,0.1,3.6885245901639343,2.0,0,15
engr0,HTC,MIM,0.9,PGD,0.2,4.114754098360656,3.0,0,17
engr0,HTC,MIM,0.9,PGD,0.3,4.163934426229508,3.0,0,17
engr0,HTC,MIM,0.9,PGD,0.4,4.245901639344262,3.0,0,17
engr0,HTC,MIM,0.9,PGD,0.5,4.245901639344262,3.0,0,17
engr0,HTC,MIM,0.9,PGD,0.6,4.245901639344262,3.0,0,17
engr0,HTC,MIM,0.9,PGD,0.7,4.245901639344262,3.0,0,17
engr0,HTC,MIM,0.9,PGD,0.8,4.245901639344262,3.0,0,17
engr0,HTC,MIM,0.9,PGD,0.9,4.245901639344262,3.0,0,17
engr0,HTC,MIM,0.9,PGD,1.0,4.245901639344262,3.0,0,17
engr0,LG,MIM,0.9,PGD,0.1,3.0163934426229506,2.0,0,13
engr0,LG,MIM,0.9,PGD,0.2,3.377049180327869,2.0,0,15
engr0,LG,MIM,0.9,PGD,0.3,4.213114754098361,2.0,0,28
engr0,LG,MIM,0.9,PGD,0.4,4.245901639344262,2.0,0,28
engr0,LG,MIM,0.9,PGD,0.5,4.245901639344262,2.0,0,28
engr0,LG,MIM,0.9,PGD,0.6,4.245901639344262,2.0,0,28
engr0,LG,MIM,0.9,PGD,0.7,4.245901639344262,2.0,0,28
engr0,LG,MIM,0.9,PGD,0.8,4.245901639344262,2.0,0,28
engr0,LG,MIM,0.9,PGD,0.9,4.245901639344262,2.0,0,28
engr0,LG,MIM,0.9,PGD,1.0,4.245901639344262,2.0,0,28
engr0,MOTO,MIM,0.9,PGD,0.1,6.377049180327869,4.0,0,29
engr0,MOTO,MIM,0.9,PGD,0.2,12.737704918032787,12.0,0,40
engr0,MOTO,MIM,0.9,PGD,0.3,16.918032786885245,16.0,0,47
engr0,MOTO,MIM,0.9,PGD,0.4,18.147540983606557,16.0,0,48
engr0,MOTO,MIM,0.9,PGD,0.5,18.147540983606557,16.0,0,48
engr0,MOTO,MIM,0.9,PGD,0.6,18.147540983606557,16.0,0,48
engr0,MOTO,MIM,0.9,PGD,0.7,18.147540983606557,16.0,0,48
engr0,MOTO,MIM,0.9,PGD,0.8,18.147540983606557,16.0,0,48
engr0,MOTO,MIM,0.9,PGD,0.9,18.147540983606557,16.0,0,48
engr0,MOTO,MIM,0.9,PGD,1.0,18.147540983606557,16.0,0,48
engr0,OP3,MIM,0.9,PGD,0.1,0.8688524590163934,0.0,0,10
engr0,OP3,MIM,0.9,PGD,0.2,0.8688524590163934,0.0,0,8
engr0,OP3,MIM,0.9,PGD,0.3,0.8688524590163934,0.0,0,8
engr0,OP3,MIM,0.9,PGD,0.4,0.9016393442622951,0.0,0,8
engr0,OP3,MIM,0.9,PGD,0.5,0.9016393442622951,0.0,0,8
engr0,OP3,MIM,0.9,PGD,0.6,0.9016393442622951,0.0,0,8
engr0,OP3,MIM,0.9,PGD,0.7,0.9016393442622951,0.0,0,8
engr0,OP3,MIM,0.9,PGD,0.8,0.9016393442622951,0.0,0,8
engr0,OP3,MIM,0.9,PGD,0.9,0.9016393442622951,0.0,0,8
engr0,OP3,MIM,0.9,PGD,1.0,0.9016393442622951,0.0,0,8
engr0,S7,MIM,0.9,PGD,0.1,2.2131147540983607,1.0,0,13
engr0,S7,MIM,0.9,PGD,0.2,2.180327868852459,1.0,0,13
engr0,S7,MIM,0.9,PGD,0.3,2.2295081967213113,1.0,0,13
engr0,S7,MIM,0.9,PGD,0.4,2.278688524590164,1.0,0,13
engr0,S7,MIM,0.9,PGD,0.5,2.278688524590164,1.0,0,13
engr0,S7,MIM,0.9,PGD,0.6,2.278688524590164,1.0,0,13
engr0,S7,MIM,0.9,PGD,0.7,2.278688524590164,1.0,0,13
engr0,S7,MIM,0.9,PGD,0.8,2.278688524590164,1.0,0,13
engr0,S7,MIM,0.9,PGD,0.9,2.278688524590164,1.0,0,13
engr0,S7,MIM,0.9,PGD,1.0,2.278688524590164,1.0,0,13
engr0,BLU,MIM,1.0,PGD,0.1,2.622950819672131,2.0,0,12
engr0,BLU,MIM,1.0,PGD,0.2,3.360655737704918,2.0,0,16
engr0,BLU,MIM,1.0,PGD,0.3,3.2950819672131146,2.0,0,16
engr0,BLU,MIM,1.0,PGD,0.4,3.3278688524590163,3.0,0,16
engr0,BLU,MIM,1.0,PGD,0.5,3.3278688524590163,3.0,0,16
engr0,BLU,MIM,1.0,PGD,0.6,3.3278688524590163,3.0,0,16
engr0,BLU,MIM,1.0,PGD,0.7,3.3278688524590163,3.0,0,16
engr0,BLU,MIM,1.0,PGD,0.8,3.3278688524590163,3.0,0,16
engr0,BLU,MIM,1.0,PGD,0.9,3.3278688524590163,3.0,0,16
engr0,BLU,MIM,1.0,PGD,1.0,3.3278688524590163,3.0,0,16
engr0,HTC,MIM,1.0,PGD,0.1,3.6885245901639343,2.0,0,15
engr0,HTC,MIM,1.0,PGD,0.2,4.114754098360656,3.0,0,17
engr0,HTC,MIM,1.0,PGD,0.3,4.163934426229508,3.0,0,17
engr0,HTC,MIM,1.0,PGD,0.4,4.245901639344262,3.0,0,17
engr0,HTC,MIM,1.0,PGD,0.5,4.245901639344262,3.0,0,17
engr0,HTC,MIM,1.0,PGD,0.6,4.245901639344262,3.0,0,17
engr0,HTC,MIM,1.0,PGD,0.7,4.245901639344262,3.0,0,17
engr0,HTC,MIM,1.0,PGD,0.8,4.245901639344262,3.0,0,17
engr0,HTC,MIM,1.0,PGD,0.9,4.245901639344262,3.0,0,17
engr0,HTC,MIM,1.0,PGD,1.0,4.245901639344262,3.0,0,17
engr0,LG,MIM,1.0,PGD,0.1,3.0163934426229506,2.0,0,13
engr0,LG,MIM,1.0,PGD,0.2,3.377049180327869,2.0,0,15
engr0,LG,MIM,1.0,PGD,0.3,4.213114754098361,2.0,0,28
engr0,LG,MIM,1.0,PGD,0.4,4.245901639344262,2.0,0,28
engr0,LG,MIM,1.0,PGD,0.5,4.245901639344262,2.0,0,28
engr0,LG,MIM,1.0,PGD,0.6,4.245901639344262,2.0,0,28
engr0,LG,MIM,1.0,PGD,0.7,4.245901639344262,2.0,0,28
engr0,LG,MIM,1.0,PGD,0.8,4.245901639344262,2.0,0,28
engr0,LG,MIM,1.0,PGD,0.9,4.245901639344262,2.0,0,28
engr0,LG,MIM,1.0,PGD,1.0,4.245901639344262,2.0,0,28
engr0,MOTO,MIM,1.0,PGD,0.1,6.377049180327869,4.0,0,29
engr0,MOTO,MIM,1.0,PGD,0.2,12.737704918032787,12.0,0,40
engr0,MOTO,MIM,1.0,PGD,0.3,16.918032786885245,16.0,0,47
engr0,MOTO,MIM,1.0,PGD,0.4,18.147540983606557,16.0,0,48
engr0,MOTO,MIM,1.0,PGD,0.5,18.147540983606557,16.0,0,48
engr0,MOTO,MIM,1.0,PGD,0.6,18.147540983606557,16.0,0,48
engr0,MOTO,MIM,1.0,PGD,0.7,18.147540983606557,16.0,0,48
engr0,MOTO,MIM,1.0,PGD,0.8,18.147540983606557,16.0,0,48
engr0,MOTO,MIM,1.0,PGD,0.9,18.147540983606557,16.0,0,48
engr0,MOTO,MIM,1.0,PGD,1.0,18.147540983606557,16.0,0,48
engr0,OP3,MIM,1.0,PGD,0.1,0.8688524590163934,0.0,0,10
engr0,OP3,MIM,1.0,PGD,0.2,0.8688524590163934,0.0,0,8
engr0,OP3,MIM,1.0,PGD,0.3,0.8688524590163934,0.0,0,8
engr0,OP3,MIM,1.0,PGD,0.4,0.9016393442622951,0.0,0,8
engr0,OP3,MIM,1.0,PGD,0.5,0.9016393442622951,0.0,0,8
engr0,OP3,MIM,1.0,PGD,0.6,0.9016393442622951,0.0,0,8
engr0,OP3,MIM,1.0,PGD,0.7,0.9016393442622951,0.0,0,8
engr0,OP3,MIM,1.0,PGD,0.8,0.9016393442622951,0.0,0,8
engr0,OP3,MIM,1.0,PGD,0.9,0.9016393442622951,0.0,0,8
engr0,OP3,MIM,1.0,PGD,1.0,0.9016393442622951,0.0,0,8
engr0,S7,MIM,1.0,PGD,0.1,2.2131147540983607,1.0,0,13
engr0,S7,MIM,1.0,PGD,0.2,2.180327868852459,1.0,0,13
engr0,S7,MIM,1.0,PGD,0.3,2.2295081967213113,1.0,0,13
engr0,S7,MIM,1.0,PGD,0.4,2.278688524590164,1.0,0,13
engr0,S7,MIM,1.0,PGD,0.5,2.278688524590164,1.0,0,13
engr0,S7,MIM,1.0,PGD,0.6,2.278688524590164,1.0,0,13
engr0,S7,MIM,1.0,PGD,0.7,2.278688524590164,1.0,0,13
engr0,S7,MIM,1.0,PGD,0.8,2.278688524590164,1.0,0,13
engr0,S7,MIM,1.0,PGD,0.9,2.278688524590164,1.0,0,13
engr0,S7,MIM,1.0,PGD,1.0,2.278688524590164,1.0,0,13
engr0,BLU,BIM,0.1,PGD,0.1,2.8852459016393444,1.0,0,16
engr0,BLU,BIM,0.1,PGD,0.2,3.180327868852459,2.0,0,16
engr0,BLU,BIM,0.1,PGD,0.3,2.9344262295081966,2.0,0,16
engr0,BLU,BIM,0.1,PGD,0.4,2.9672131147540983,2.0,0,16
engr0,BLU,BIM,0.1,PGD,0.5,2.9672131147540983,2.0,0,16
engr0,BLU,BIM,0.1,PGD,0.6,2.9672131147540983,2.0,0,16
engr0,BLU,BIM,0.1,PGD,0.7,2.9672131147540983,2.0,0,16
engr0,BLU,BIM,0.1,PGD,0.8,2.9672131147540983,2.0,0,16
engr0,BLU,BIM,0.1,PGD,0.9,2.9672131147540983,2.0,0,16
engr0,BLU,BIM,0.1,PGD,1.0,2.9672131147540983,2.0,0,16
engr0,HTC,BIM,0.1,PGD,0.1,3.2459016393442623,2.0,0,15
engr0,HTC,BIM,0.1,PGD,0.2,2.9836065573770494,2.0,0,15
engr0,HTC,BIM,0.1,PGD,0.3,2.918032786885246,2.0,0,15
engr0,HTC,BIM,0.1,PGD,0.4,2.7704918032786887,2.0,0,15
engr0,HTC,BIM,0.1,PGD,0.5,2.7704918032786887,2.0,0,15
engr0,HTC,BIM,0.1,PGD,0.6,2.7704918032786887,2.0,0,15
engr0,HTC,BIM,0.1,PGD,0.7,2.7704918032786887,2.0,0,15
engr0,HTC,BIM,0.1,PGD,0.8,2.7704918032786887,2.0,0,15
engr0,HTC,BIM,0.1,PGD,0.9,2.7704918032786887,2.0,0,15
engr0,HTC,BIM,0.1,PGD,1.0,2.7704918032786887,2.0,0,15
engr0,LG,BIM,0.1,PGD,0.1,3.6885245901639343,3.0,0,15
engr0,LG,BIM,0.1,PGD,0.2,3.737704918032787,3.0,0,15
engr0,LG,BIM,0.1,PGD,0.3,3.7049180327868854,3.0,0,15
engr0,LG,BIM,0.1,PGD,0.4,3.5245901639344264,2.0,0,15
engr0,LG,BIM,0.1,PGD,0.5,3.5245901639344264,2.0,0,15
engr0,LG,BIM,0.1,PGD,0.6,3.5245901639344264,2.0,0,15
engr0,LG,BIM,0.1,PGD,0.7,3.5245901639344264,2.0,0,15
engr0,LG,BIM,0.1,PGD,0.8,3.5245901639344264,2.0,0,15
engr0,LG,BIM,0.1,PGD,0.9,3.5245901639344264,2.0,0,15
engr0,LG,BIM,0.1,PGD,1.0,3.5245901639344264,2.0,0,15
engr0,MOTO,BIM,0.1,PGD,0.1,5.098360655737705,4.0,0,17
engr0,MOTO,BIM,0.1,PGD,0.2,12.852459016393443,7.0,0,58
engr0,MOTO,BIM,0.1,PGD,0.3,15.721311475409836,13.0,0,53
engr0,MOTO,BIM,0.1,PGD,0.4,18.42622950819672,13.0,0,55
engr0,MOTO,BIM,0.1,PGD,0.5,18.42622950819672,13.0,0,55
engr0,MOTO,BIM,0.1,PGD,0.6,18.42622950819672,13.0,0,55
engr0,MOTO,BIM,0.1,PGD,0.7,18.42622950819672,13.0,0,55
engr0,MOTO,BIM,0.1,PGD,0.8,18.42622950819672,13.0,0,55
engr0,MOTO,BIM,0.1,PGD,0.9,18.42622950819672,13.0,0,55
engr0,MOTO,BIM,0.1,PGD,1.0,18.42622950819672,13.0,0,55
engr0,OP3,BIM,0.1,PGD,0.1,0.639344262295082,0.0,0,8
engr0,OP3,BIM,0.1,PGD,0.2,1.0163934426229508,0.0,0,8
engr0,OP3,BIM,0.1,PGD,0.3,1.0819672131147542,0.0,0,8
engr0,OP3,BIM,0.1,PGD,0.4,1.0819672131147542,0.0,0,8
engr0,OP3,BIM,0.1,PGD,0.5,1.0819672131147542,0.0,0,8
engr0,OP3,BIM,0.1,PGD,0.6,1.0819672131147542,0.0,0,8
engr0,OP3,BIM,0.1,PGD,0.7,1.0819672131147542,0.0,0,8
engr0,OP3,BIM,0.1,PGD,0.8,1.0819672131147542,0.0,0,8
engr0,OP3,BIM,0.1,PGD,0.9,1.0819672131147542,0.0,0,8
engr0,OP3,BIM,0.1,PGD,1.0,1.0819672131147542,0.0,0,8
engr0,S7,BIM,0.1,PGD,0.1,2.80327868852459,2.0,0,43
engr0,S7,BIM,0.1,PGD,0.2,2.9672131147540983,2.0,0,43
engr0,S7,BIM,0.1,PGD,0.3,2.901639344262295,2.0,0,43
engr0,S7,BIM,0.1,PGD,0.4,3.0,2.0,0,43
engr0,S7,BIM,0.1,PGD,0.5,3.0,2.0,0,43
engr0,S7,BIM,0.1,PGD,0.6,3.0,2.0,0,43
engr0,S7,BIM,0.1,PGD,0.7,3.0,2.0,0,43
engr0,S7,BIM,0.1,PGD,0.8,3.0,2.0,0,43
engr0,S7,BIM,0.1,PGD,0.9,3.0,2.0,0,43
engr0,S7,BIM,0.1,PGD,1.0,3.0,2.0,0,43
engr0,BLU,BIM,0.2,PGD,0.1,3.3114754098360657,2.0,0,16
engr0,BLU,BIM,0.2,PGD,0.2,3.3442622950819674,2.0,0,16
engr0,BLU,BIM,0.2,PGD,0.3,3.0327868852459017,2.0,0,18
engr0,BLU,BIM,0.2,PGD,0.4,3.0327868852459017,2.0,0,18
engr0,BLU,BIM,0.2,PGD,0.5,3.0327868852459017,2.0,0,18
engr0,BLU,BIM,0.2,PGD,0.6,3.0327868852459017,2.0,0,18
engr0,BLU,BIM,0.2,PGD,0.7,3.0327868852459017,2.0,0,18
engr0,BLU,BIM,0.2,PGD,0.8,3.0327868852459017,2.0,0,18
engr0,BLU,BIM,0.2,PGD,0.9,3.0327868852459017,2.0,0,18
engr0,BLU,BIM,0.2,PGD,1.0,3.0327868852459017,2.0,0,18
engr0,HTC,BIM,0.2,PGD,0.1,3.3278688524590163,2.0,0,15
engr0,HTC,BIM,0.2,PGD,0.2,3.278688524590164,2.0,0,18
engr0,HTC,BIM,0.2,PGD,0.3,3.4754098360655736,2.0,0,18
engr0,HTC,BIM,0.2,PGD,0.4,3.4754098360655736,2.0,0,18
engr0,HTC,BIM,0.2,PGD,0.5,3.4754098360655736,2.0,0,18
engr0,HTC,BIM,0.2,PGD,0.6,3.4754098360655736,2.0,0,18
engr0,HTC,BIM,0.2,PGD,0.7,3.4754098360655736,2.0,0,18
engr0,HTC,BIM,0.2,PGD,0.8,3.4754098360655736,2.0,0,18
engr0,HTC,BIM,0.2,PGD,0.9,3.4754098360655736,2.0,0,18
engr0,HTC,BIM,0.2,PGD,1.0,3.4754098360655736,2.0,0,18
engr0,LG,BIM,0.2,PGD,0.1,3.6065573770491803,2.0,0,19
engr0,LG,BIM,0.2,PGD,0.2,3.1311475409836067,2.0,0,15
engr0,LG,BIM,0.2,PGD,0.3,2.9672131147540983,2.0,0,15
engr0,LG,BIM,0.2,PGD,0.4,2.9672131147540983,1.0,0,15
engr0,LG,BIM,0.2,PGD,0.5,2.9672131147540983,1.0,0,15
engr0,LG,BIM,0.2,PGD,0.6,2.9672131147540983,1.0,0,15
engr0,LG,BIM,0.2,PGD,0.7,2.9672131147540983,1.0,0,15
engr0,LG,BIM,0.2,PGD,0.8,2.9672131147540983,1.0,0,15
engr0,LG,BIM,0.2,PGD,0.9,2.9672131147540983,1.0,0,15
engr0,LG,BIM,0.2,PGD,1.0,2.9672131147540983,1.0,0,15
engr0,MOTO,BIM,0.2,PGD,0.1,4.475409836065574,3.0,0,26
engr0,MOTO,BIM,0.2,PGD,0.2,11.131147540983607,6.0,0,55
engr0,MOTO,BIM,0.2,PGD,0.3,18.934426229508198,12.0,0,56
engr0,MOTO,BIM,0.2,PGD,0.4,19.639344262295083,12.0,0,55
engr0,MOTO,BIM,0.2,PGD,0.5,19.639344262295083,12.0,0,55
engr0,MOTO,BIM,0.2,PGD,0.6,19.639344262295083,12.0,0,55
engr0,MOTO,BIM,0.2,PGD,0.7,19.639344262295083,12.0,0,55
engr0,MOTO,BIM,0.2,PGD,0.8,19.639344262295083,12.0,0,55
engr0,MOTO,BIM,0.2,PGD,0.9,19.639344262295083,12.0,0,55
engr0,MOTO,BIM,0.2,PGD,1.0,19.639344262295083,12.0,0,55
engr0,OP3,BIM,0.2,PGD,0.1,0.8688524590163934,0.0,0,6
engr0,OP3,BIM,0.2,PGD,0.2,0.9180327868852459,0.0,0,7
engr0,OP3,BIM,0.2,PGD,0.3,0.8360655737704918,0.0,0,6
engr0,OP3,BIM,0.2,PGD,0.4,0.8524590163934426,0.0,0,6
engr0,OP3,BIM,0.2,PGD,0.5,0.8524590163934426,0.0,0,6
engr0,OP3,BIM,0.2,PGD,0.6,0.8524590163934426,0.0,0,6
engr0,OP3,BIM,0.2,PGD,0.7,0.8524590163934426,0.0,0,6
engr0,OP3,BIM,0.2,PGD,0.8,0.8524590163934426,0.0,0,6
engr0,OP3,BIM,0.2,PGD,0.9,0.8524590163934426,0.0,0,6
engr0,OP3,BIM,0.2,PGD,1.0,0.8524590163934426,0.0,0,6
engr0,S7,BIM,0.2,PGD,0.1,2.459016393442623,2.0,0,14
engr0,S7,BIM,0.2,PGD,0.2,2.4754098360655736,2.0,0,14
engr0,S7,BIM,0.2,PGD,0.3,2.6065573770491803,2.0,0,14
engr0,S7,BIM,0.2,PGD,0.4,2.6065573770491803,2.0,0,14
engr0,S7,BIM,0.2,PGD,0.5,2.6065573770491803,2.0,0,14
engr0,S7,BIM,0.2,PGD,0.6,2.6065573770491803,2.0,0,14
engr0,S7,BIM,0.2,PGD,0.7,2.6065573770491803,2.0,0,14
engr0,S7,BIM,0.2,PGD,0.8,2.6065573770491803,2.0,0,14
engr0,S7,BIM,0.2,PGD,0.9,2.6065573770491803,2.0,0,14
engr0,S7,BIM,0.2,PGD,1.0,2.6065573770491803,2.0,0,14
engr0,BLU,BIM,0.3,PGD,0.1,2.7868852459016393,1.0,0,16
engr0,BLU,BIM,0.3,PGD,0.2,2.8852459016393444,2.0,0,16
engr0,BLU,BIM,0.3,PGD,0.3,2.8688524590163933,2.0,0,16
engr0,BLU,BIM,0.3,PGD,0.4,2.7868852459016393,2.0,0,16
engr0,BLU,BIM,0.3,PGD,0.5,2.7868852459016393,2.0,0,16
engr0,BLU,BIM,0.3,PGD,0.6,2.7868852459016393,2.0,0,16
engr0,BLU,BIM,0.3,PGD,0.7,2.7868852459016393,2.0,0,16
engr0,BLU,BIM,0.3,PGD,0.8,2.7868852459016393,2.0,0,16
engr0,BLU,BIM,0.3,PGD,0.9,2.7868852459016393,2.0,0,16
engr0,BLU,BIM,0.3,PGD,1.0,2.7868852459016393,2.0,0,16
engr0,HTC,BIM,0.3,PGD,0.1,3.5245901639344264,2.0,0,18
engr0,HTC,BIM,0.3,PGD,0.2,3.5245901639344264,2.0,0,18
engr0,HTC,BIM,0.3,PGD,0.3,3.8524590163934427,2.0,0,18
engr0,HTC,BIM,0.3,PGD,0.4,3.8524590163934427,2.0,0,18
engr0,HTC,BIM,0.3,PGD,0.5,3.8524590163934427,2.0,0,18
engr0,HTC,BIM,0.3,PGD,0.6,3.8524590163934427,2.0,0,18
engr0,HTC,BIM,0.3,PGD,0.7,3.8524590163934427,2.0,0,18
engr0,HTC,BIM,0.3,PGD,0.8,3.8524590163934427,2.0,0,18
engr0,HTC,BIM,0.3,PGD,0.9,3.8524590163934427,2.0,0,18
engr0,HTC,BIM,0.3,PGD,1.0,3.8524590163934427,2.0,0,18
engr0,LG,BIM,0.3,PGD,0.1,4.39344262295082,3.0,0,26
engr0,LG,BIM,0.3,PGD,0.2,4.147540983606557,2.0,0,27
engr0,LG,BIM,0.3,PGD,0.3,4.524590163934426,2.0,0,27
engr0,LG,BIM,0.3,PGD,0.4,4.262295081967213,2.0,0,27
engr0,LG,BIM,0.3,PGD,0.5,4.262295081967213,2.0,0,27
engr0,LG,BIM,0.3,PGD,0.6,4.262295081967213,2.0,0,27
engr0,LG,BIM,0.3,PGD,0.7,4.262295081967213,2.0,0,27
engr0,LG,BIM,0.3,PGD,0.8,4.262295081967213,2.0,0,27
engr0,LG,BIM,0.3,PGD,0.9,4.262295081967213,2.0,0,27
engr0,LG,BIM,0.3,PGD,1.0,4.262295081967213,2.0,0,27
engr0,MOTO,BIM,0.3,PGD,0.1,4.983606557377049,3.0,0,32
engr0,MOTO,BIM,0.3,PGD,0.2,11.131147540983607,5.0,0,59
engr0,MOTO,BIM,0.3,PGD,0.3,14.081967213114755,10.0,0,42
engr0,MOTO,BIM,0.3,PGD,0.4,14.655737704918034,9.0,0,49
engr0,MOTO,BIM,0.3,PGD,0.5,14.655737704918034,9.0,0,49
engr0,MOTO,BIM,0.3,PGD,0.6,14.655737704918034,9.0,0,49
engr0,MOTO,BIM,0.3,PGD,0.7,14.655737704918034,9.0,0,49
engr0,MOTO,BIM,0.3,PGD,0.8,14.655737704918034,9.0,0,49
engr0,MOTO,BIM,0.3,PGD,0.9,14.655737704918034,9.0,0,49
engr0,MOTO,BIM,0.3,PGD,1.0,14.655737704918034,9.0,0,49
engr0,OP3,BIM,0.3,PGD,0.1,0.7868852459016393,0.0,0,6
engr0,OP3,BIM,0.3,PGD,0.2,0.9672131147540983,0.0,0,6
engr0,OP3,BIM,0.3,PGD,0.3,0.9016393442622951,0.0,0,6
engr0,OP3,BIM,0.3,PGD,0.4,0.9016393442622951,0.0,0,6
engr0,OP3,BIM,0.3,PGD,0.5,0.9016393442622951,0.0,0,6
engr0,OP3,BIM,0.3,PGD,0.6,0.9016393442622951,0.0,0,6
engr0,OP3,BIM,0.3,PGD,0.7,0.9016393442622951,0.0,0,6
engr0,OP3,BIM,0.3,PGD,0.8,0.9016393442622951,0.0,0,6
engr0,OP3,BIM,0.3,PGD,0.9,0.9016393442622951,0.0,0,6
engr0,OP3,BIM,0.3,PGD,1.0,0.9016393442622951,0.0,0,6
engr0,S7,BIM,0.3,PGD,0.1,2.3442622950819674,2.0,0,14
engr0,S7,BIM,0.3,PGD,0.2,2.098360655737705,2.0,0,14
engr0,S7,BIM,0.3,PGD,0.3,2.3278688524590163,2.0,0,14
engr0,S7,BIM,0.3,PGD,0.4,2.3114754098360657,2.0,0,14
engr0,S7,BIM,0.3,PGD,0.5,2.3114754098360657,2.0,0,14
engr0,S7,BIM,0.3,PGD,0.6,2.3114754098360657,2.0,0,14
engr0,S7,BIM,0.3,PGD,0.7,2.3114754098360657,2.0,0,14
engr0,S7,BIM,0.3,PGD,0.8,2.3114754098360657,2.0,0,14
engr0,S7,BIM,0.3,PGD,0.9,2.3114754098360657,2.0,0,14
engr0,S7,BIM,0.3,PGD,1.0,2.3114754098360657,2.0,0,14
engr0,BLU,BIM,0.4,PGD,0.1,3.278688524590164,2.0,0,16
engr0,BLU,BIM,0.4,PGD,0.2,2.8688524590163933,2.0,0,16
engr0,BLU,BIM,0.4,PGD,0.3,2.8688524590163933,2.0,0,16
engr0,BLU,BIM,0.4,PGD,0.4,2.8524590163934427,2.0,0,16
engr0,BLU,BIM,0.4,PGD,0.5,2.8524590163934427,2.0,0,16
engr0,BLU,BIM,0.4,PGD,0.6,2.8524590163934427,2.0,0,16
engr0,BLU,BIM,0.4,PGD,0.7,2.8524590163934427,2.0,0,16
engr0,BLU,BIM,0.4,PGD,0.8,2.8524590163934427,2.0,0,16
engr0,BLU,BIM,0.4,PGD,0.9,2.8524590163934427,2.0,0,16
engr0,BLU,BIM,0.4,PGD,1.0,2.8524590163934427,2.0,0,16
engr0,HTC,BIM,0.4,PGD,0.1,3.7704918032786887,2.0,0,17
engr0,HTC,BIM,0.4,PGD,0.2,3.6885245901639343,2.0,0,17
engr0,HTC,BIM,0.4,PGD,0.3,3.737704918032787,3.0,0,17
engr0,HTC,BIM,0.4,PGD,0.4,3.6885245901639343,2.0,0,17
engr0,HTC,BIM,0.4,PGD,0.5,3.6885245901639343,2.0,0,17
engr0,HTC,BIM,0.4,PGD,0.6,3.6885245901639343,2.0,0,17
engr0,HTC,BIM,0.4,PGD,0.7,3.6885245901639343,2.0,0,17
engr0,HTC,BIM,0.4,PGD,0.8,3.6885245901639343,2.0,0,17
engr0,HTC,BIM,0.4,PGD,0.9,3.6885245901639343,2.0,0,17
engr0,HTC,BIM,0.4,PGD,1.0,3.6885245901639343,2.0,0,17
engr0,LG,BIM,0.4,PGD,0.1,3.7704918032786887,3.0,0,13
engr0,LG,BIM,0.4,PGD,0.2,2.901639344262295,2.0,0,12
engr0,LG,BIM,0.4,PGD,0.3,2.7704918032786887,2.0,0,12
engr0,LG,BIM,0.4,PGD,0.4,2.6065573770491803,2.0,0,12
engr0,LG,BIM,0.4,PGD,0.5,2.6065573770491803,2.0,0,12
engr0,LG,BIM,0.4,PGD,0.6,2.6065573770491803,2.0,0,12
engr0,LG,BIM,0.4,PGD,0.7,2.6065573770491803,2.0,0,12
engr0,LG,BIM,0.4,PGD,0.8,2.6065573770491803,2.0,0,12
engr0,LG,BIM,0.4,PGD,0.9,2.6065573770491803,2.0,0,12
engr0,LG,BIM,0.4,PGD,1.0,2.6065573770491803,2.0,0,12
engr0,MOTO,BIM,0.4,PGD,0.1,7.655737704918033,4.0,0,33
engr0,MOTO,BIM,0.4,PGD,0.2,11.163934426229508,5.0,0,58
engr0,MOTO,BIM,0.4,PGD,0.3,18.081967213114755,7.0,0,56
engr0,MOTO,BIM,0.4,PGD,0.4,19.81967213114754,8.0,0,56
engr0,MOTO,BIM,0.4,PGD,0.5,19.81967213114754,8.0,0,56
engr0,MOTO,BIM,0.4,PGD,0.6,19.81967213114754,8.0,0,56
engr0,MOTO,BIM,0.4,PGD,0.7,19.81967213114754,8.0,0,56
engr0,MOTO,BIM,0.4,PGD,0.8,19.81967213114754,8.0,0,56
engr0,MOTO,BIM,0.4,PGD,0.9,19.81967213114754,8.0,0,56
engr0,MOTO,BIM,0.4,PGD,1.0,19.81967213114754,8.0,0,56
engr0,OP3,BIM,0.4,PGD,0.1,0.6557377049180327,0.0,0,6
engr0,OP3,BIM,0.4,PGD,0.2,0.8360655737704918,0.0,0,6
engr0,OP3,BIM,0.4,PGD,0.3,0.8688524590163934,0.0,0,6
engr0,OP3,BIM,0.4,PGD,0.4,0.8360655737704918,0.0,0,6
engr0,OP3,BIM,0.4,PGD,0.5,0.8360655737704918,0.0,0,6
engr0,OP3,BIM,0.4,PGD,0.6,0.8360655737704918,0.0,0,6
engr0,OP3,BIM,0.4,PGD,0.7,0.8360655737704918,0.0,0,6
engr0,OP3,BIM,0.4,PGD,0.8,0.8360655737704918,0.0,0,6
engr0,OP3,BIM,0.4,PGD,0.9,0.8360655737704918,0.0,0,6
engr0,OP3,BIM,0.4,PGD,1.0,0.8360655737704918,0.0,0,6
engr0,S7,BIM,0.4,PGD,0.1,2.639344262295082,2.0,0,14
engr0,S7,BIM,0.4,PGD,0.2,2.3934426229508197,2.0,0,14
engr0,S7,BIM,0.4,PGD,0.3,2.4098360655737703,2.0,0,14
engr0,S7,BIM,0.4,PGD,0.4,2.4098360655737703,2.0,0,14
engr0,S7,BIM,0.4,PGD,0.5,2.4098360655737703,2.0,0,14
engr0,S7,BIM,0.4,PGD,0.6,2.4098360655737703,2.0,0,14
engr0,S7,BIM,0.4,PGD,0.7,2.4098360655737703,2.0,0,14
engr0,S7,BIM,0.4,PGD,0.8,2.4098360655737703,2.0,0,14
engr0,S7,BIM,0.4,PGD,0.9,2.4098360655737703,2.0,0,14
engr0,S7,BIM,0.4,PGD,1.0,2.4098360655737703,2.0,0,14
engr0,BLU,BIM,0.5,PGD,0.1,3.278688524590164,2.0,0,16
engr0,BLU,BIM,0.5,PGD,0.2,2.8688524590163933,2.0,0,16
engr0,BLU,BIM,0.5,PGD,0.3,2.8688524590163933,2.0,0,16
engr0,BLU,BIM,0.5,PGD,0.4,2.8524590163934427,2.0,0,16
engr0,BLU,BIM,0.5,PGD,0.5,2.8524590163934427,2.0,0,16
engr0,BLU,BIM,0.5,PGD,0.6,2.8524590163934427,2.0,0,16
engr0,BLU,BIM,0.5,PGD,0.7,2.8524590163934427,2.0,0,16
engr0,BLU,BIM,0.5,PGD,0.8,2.8524590163934427,2.0,0,16
engr0,BLU,BIM,0.5,PGD,0.9,2.8524590163934427,2.0,0,16
engr0,BLU,BIM,0.5,PGD,1.0,2.8524590163934427,2.0,0,16
engr0,HTC,BIM,0.5,PGD,0.1,3.7704918032786887,2.0,0,17
engr0,HTC,BIM,0.5,PGD,0.2,3.6885245901639343,2.0,0,17
engr0,HTC,BIM,0.5,PGD,0.3,3.737704918032787,3.0,0,17
engr0,HTC,BIM,0.5,PGD,0.4,3.6885245901639343,2.0,0,17
engr0,HTC,BIM,0.5,PGD,0.5,3.6885245901639343,2.0,0,17
engr0,HTC,BIM,0.5,PGD,0.6,3.6885245901639343,2.0,0,17
engr0,HTC,BIM,0.5,PGD,0.7,3.6885245901639343,2.0,0,17
engr0,HTC,BIM,0.5,PGD,0.8,3.6885245901639343,2.0,0,17
engr0,HTC,BIM,0.5,PGD,0.9,3.6885245901639343,2.0,0,17
engr0,HTC,BIM,0.5,PGD,1.0,3.6885245901639343,2.0,0,17
engr0,LG,BIM,0.5,PGD,0.1,3.7704918032786887,3.0,0,13
engr0,LG,BIM,0.5,PGD,0.2,2.901639344262295,2.0,0,12
engr0,LG,BIM,0.5,PGD,0.3,2.7704918032786887,2.0,0,12
engr0,LG,BIM,0.5,PGD,0.4,2.6065573770491803,2.0,0,12
engr0,LG,BIM,0.5,PGD,0.5,2.6065573770491803,2.0,0,12
engr0,LG,BIM,0.5,PGD,0.6,2.6065573770491803,2.0,0,12
engr0,LG,BIM,0.5,PGD,0.7,2.6065573770491803,2.0,0,12
engr0,LG,BIM,0.5,PGD,0.8,2.6065573770491803,2.0,0,12
engr0,LG,BIM,0.5,PGD,0.9,2.6065573770491803,2.0,0,12
engr0,LG,BIM,0.5,PGD,1.0,2.6065573770491803,2.0,0,12
engr0,MOTO,BIM,0.5,PGD,0.1,7.655737704918033,4.0,0,33
engr0,MOTO,BIM,0.5,PGD,0.2,11.163934426229508,5.0,0,58
engr0,MOTO,BIM,0.5,PGD,0.3,18.081967213114755,7.0,0,56
engr0,MOTO,BIM,0.5,PGD,0.4,19.81967213114754,8.0,0,56
engr0,MOTO,BIM,0.5,PGD,0.5,19.81967213114754,8.0,0,56
engr0,MOTO,BIM,0.5,PGD,0.6,19.81967213114754,8.0,0,56
engr0,MOTO,BIM,0.5,PGD,0.7,19.81967213114754,8.0,0,56
engr0,MOTO,BIM,0.5,PGD,0.8,19.81967213114754,8.0,0,56
engr0,MOTO,BIM,0.5,PGD,0.9,19.81967213114754,8.0,0,56
engr0,MOTO,BIM,0.5,PGD,1.0,19.81967213114754,8.0,0,56
engr0,OP3,BIM,0.5,PGD,0.1,0.6557377049180327,0.0,0,6
engr0,OP3,BIM,0.5,PGD,0.2,0.8360655737704918,0.0,0,6
engr0,OP3,BIM,0.5,PGD,0.3,0.8688524590163934,0.0,0,6
engr0,OP3,BIM,0.5,PGD,0.4,0.8360655737704918,0.0,0,6
engr0,OP3,BIM,0.5,PGD,0.5,0.8360655737704918,0.0,0,6
engr0,OP3,BIM,0.5,PGD,0.6,0.8360655737704918,0.0,0,6
engr0,OP3,BIM,0.5,PGD,0.7,0.8360655737704918,0.0,0,6
engr0,OP3,BIM,0.5,PGD,0.8,0.8360655737704918,0.0,0,6
engr0,OP3,BIM,0.5,PGD,0.9,0.8360655737704918,0.0,0,6
engr0,OP3,BIM,0.5,PGD,1.0,0.8360655737704918,0.0,0,6
engr0,S7,BIM,0.5,PGD,0.1,2.639344262295082,2.0,0,14
engr0,S7,BIM,0.5,PGD,0.2,2.3934426229508197,2.0,0,14
engr0,S7,BIM,0.5,PGD,0.3,2.4098360655737703,2.0,0,14
engr0,S7,BIM,0.5,PGD,0.4,2.4098360655737703,2.0,0,14
engr0,S7,BIM,0.5,PGD,0.5,2.4098360655737703,2.0,0,14
engr0,S7,BIM,0.5,PGD,0.6,2.4098360655737703,2.0,0,14
engr0,S7,BIM,0.5,PGD,0.7,2.4098360655737703,2.0,0,14
engr0,S7,BIM,0.5,PGD,0.8,2.4098360655737703,2.0,0,14
engr0,S7,BIM,0.5,PGD,0.9,2.4098360655737703,2.0,0,14
engr0,S7,BIM,0.5,PGD,1.0,2.4098360655737703,2.0,0,14
engr0,BLU,BIM,0.6,PGD,0.1,3.278688524590164,2.0,0,16
engr0,BLU,BIM,0.6,PGD,0.2,2.8688524590163933,2.0,0,16
engr0,BLU,BIM,0.6,PGD,0.3,2.8688524590163933,2.0,0,16
engr0,BLU,BIM,0.6,PGD,0.4,2.8524590163934427,2.0,0,16
engr0,BLU,BIM,0.6,PGD,0.5,2.8524590163934427,2.0,0,16
engr0,BLU,BIM,0.6,PGD,0.6,2.8524590163934427,2.0,0,16
engr0,BLU,BIM,0.6,PGD,0.7,2.8524590163934427,2.0,0,16
engr0,BLU,BIM,0.6,PGD,0.8,2.8524590163934427,2.0,0,16
engr0,BLU,BIM,0.6,PGD,0.9,2.8524590163934427,2.0,0,16
engr0,BLU,BIM,0.6,PGD,1.0,2.8524590163934427,2.0,0,16
engr0,HTC,BIM,0.6,PGD,0.1,3.7704918032786887,2.0,0,17
engr0,HTC,BIM,0.6,PGD,0.2,3.6885245901639343,2.0,0,17
engr0,HTC,BIM,0.6,PGD,0.3,3.737704918032787,3.0,0,17
engr0,HTC,BIM,0.6,PGD,0.4,3.6885245901639343,2.0,0,17
engr0,HTC,BIM,0.6,PGD,0.5,3.6885245901639343,2.0,0,17
engr0,HTC,BIM,0.6,PGD,0.6,3.6885245901639343,2.0,0,17
engr0,HTC,BIM,0.6,PGD,0.7,3.6885245901639343,2.0,0,17
engr0,HTC,BIM,0.6,PGD,0.8,3.6885245901639343,2.0,0,17
engr0,HTC,BIM,0.6,PGD,0.9,3.6885245901639343,2.0,0,17
engr0,HTC,BIM,0.6,PGD,1.0,3.6885245901639343,2.0,0,17
engr0,LG,BIM,0.6,PGD,0.1,3.7704918032786887,3.0,0,13
engr0,LG,BIM,0.6,PGD,0.2,2.901639344262295,2.0,0,12
engr0,LG,BIM,0.6,PGD,0.3,2.7704918032786887,2.0,0,12
engr0,LG,BIM,0.6,PGD,0.4,2.6065573770491803,2.0,0,12
engr0,LG,BIM,0.6,PGD,0.5,2.6065573770491803,2.0,0,12
engr0,LG,BIM,0.6,PGD,0.6,2.6065573770491803,2.0,0,12
engr0,LG,BIM,0.6,PGD,0.7,2.6065573770491803,2.0,0,12
engr0,LG,BIM,0.6,PGD,0.8,2.6065573770491803,2.0,0,12
engr0,LG,BIM,0.6,PGD,0.9,2.6065573770491803,2.0,0,12
engr0,LG,BIM,0.6,PGD,1.0,2.6065573770491803,2.0,0,12
engr0,MOTO,BIM,0.6,PGD,0.1,7.655737704918033,4.0,0,33
engr0,MOTO,BIM,0.6,PGD,0.2,11.163934426229508,5.0,0,58
engr0,MOTO,BIM,0.6,PGD,0.3,18.081967213114755,7.0,0,56
engr0,MOTO,BIM,0.6,PGD,0.4,19.81967213114754,8.0,0,56
engr0,MOTO,BIM,0.6,PGD,0.5,19.81967213114754,8.0,0,56
engr0,MOTO,BIM,0.6,PGD,0.6,19.81967213114754,8.0,0,56
engr0,MOTO,BIM,0.6,PGD,0.7,19.81967213114754,8.0,0,56
engr0,MOTO,BIM,0.6,PGD,0.8,19.81967213114754,8.0,0,56
engr0,MOTO,BIM,0.6,PGD,0.9,19.81967213114754,8.0,0,56
engr0,MOTO,BIM,0.6,PGD,1.0,19.81967213114754,8.0,0,56
engr0,OP3,BIM,0.6,PGD,0.1,0.6557377049180327,0.0,0,6
engr0,OP3,BIM,0.6,PGD,0.2,0.8360655737704918,0.0,0,6
engr0,OP3,BIM,0.6,PGD,0.3,0.8688524590163934,0.0,0,6
engr0,OP3,BIM,0.6,PGD,0.4,0.8360655737704918,0.0,0,6
engr0,OP3,BIM,0.6,PGD,0.5,0.8360655737704918,0.0,0,6
engr0,OP3,BIM,0.6,PGD,0.6,0.8360655737704918,0.0,0,6
engr0,OP3,BIM,0.6,PGD,0.7,0.8360655737704918,0.0,0,6
engr0,OP3,BIM,0.6,PGD,0.8,0.8360655737704918,0.0,0,6
engr0,OP3,BIM,0.6,PGD,0.9,0.8360655737704918,0.0,0,6
engr0,OP3,BIM,0.6,PGD,1.0,0.8360655737704918,0.0,0,6
engr0,S7,BIM,0.6,PGD,0.1,2.639344262295082,2.0,0,14
engr0,S7,BIM,0.6,PGD,0.2,2.3934426229508197,2.0,0,14
engr0,S7,BIM,0.6,PGD,0.3,2.4098360655737703,2.0,0,14
engr0,S7,BIM,0.6,PGD,0.4,2.4098360655737703,2.0,0,14
engr0,S7,BIM,0.6,PGD,0.5,2.4098360655737703,2.0,0,14
engr0,S7,BIM,0.6,PGD,0.6,2.4098360655737703,2.0,0,14
engr0,S7,BIM,0.6,PGD,0.7,2.4098360655737703,2.0,0,14
engr0,S7,BIM,0.6,PGD,0.8,2.4098360655737703,2.0,0,14
engr0,S7,BIM,0.6,PGD,0.9,2.4098360655737703,2.0,0,14
engr0,S7,BIM,0.6,PGD,1.0,2.4098360655737703,2.0,0,14
engr0,BLU,BIM,0.7,PGD,0.1,3.278688524590164,2.0,0,16
engr0,BLU,BIM,0.7,PGD,0.2,2.8688524590163933,2.0,0,16
engr0,BLU,BIM,0.7,PGD,0.3,2.8688524590163933,2.0,0,16
engr0,BLU,BIM,0.7,PGD,0.4,2.8524590163934427,2.0,0,16
engr0,BLU,BIM,0.7,PGD,0.5,2.8524590163934427,2.0,0,16
engr0,BLU,BIM,0.7,PGD,0.6,2.8524590163934427,2.0,0,16
engr0,BLU,BIM,0.7,PGD,0.7,2.8524590163934427,2.0,0,16
engr0,BLU,BIM,0.7,PGD,0.8,2.8524590163934427,2.0,0,16
engr0,BLU,BIM,0.7,PGD,0.9,2.8524590163934427,2.0,0,16
engr0,BLU,BIM,0.7,PGD,1.0,2.8524590163934427,2.0,0,16
engr0,HTC,BIM,0.7,PGD,0.1,3.7704918032786887,2.0,0,17
engr0,HTC,BIM,0.7,PGD,0.2,3.6885245901639343,2.0,0,17
engr0,HTC,BIM,0.7,PGD,0.3,3.737704918032787,3.0,0,17
engr0,HTC,BIM,0.7,PGD,0.4,3.6885245901639343,2.0,0,17
engr0,HTC,BIM,0.7,PGD,0.5,3.6885245901639343,2.0,0,17
engr0,HTC,BIM,0.7,PGD,0.6,3.6885245901639343,2.0,0,17
engr0,HTC,BIM,0.7,PGD,0.7,3.6885245901639343,2.0,0,17
engr0,HTC,BIM,0.7,PGD,0.8,3.6885245901639343,2.0,0,17
engr0,HTC,BIM,0.7,PGD,0.9,3.6885245901639343,2.0,0,17
engr0,HTC,BIM,0.7,PGD,1.0,3.6885245901639343,2.0,0,17
engr0,LG,BIM,0.7,PGD,0.1,3.7704918032786887,3.0,0,13
engr0,LG,BIM,0.7,PGD,0.2,2.901639344262295,2.0,0,12
engr0,LG,BIM,0.7,PGD,0.3,2.7704918032786887,2.0,0,12
engr0,LG,BIM,0.7,PGD,0.4,2.6065573770491803,2.0,0,12
engr0,LG,BIM,0.7,PGD,0.5,2.6065573770491803,2.0,0,12
engr0,LG,BIM,0.7,PGD,0.6,2.6065573770491803,2.0,0,12
engr0,LG,BIM,0.7,PGD,0.7,2.6065573770491803,2.0,0,12
engr0,LG,BIM,0.7,PGD,0.8,2.6065573770491803,2.0,0,12
engr0,LG,BIM,0.7,PGD,0.9,2.6065573770491803,2.0,0,12
engr0,LG,BIM,0.7,PGD,1.0,2.6065573770491803,2.0,0,12
engr0,MOTO,BIM,0.7,PGD,0.1,7.655737704918033,4.0,0,33
engr0,MOTO,BIM,0.7,PGD,0.2,11.163934426229508,5.0,0,58
engr0,MOTO,BIM,0.7,PGD,0.3,18.081967213114755,7.0,0,56
engr0,MOTO,BIM,0.7,PGD,0.4,19.81967213114754,8.0,0,56
engr0,MOTO,BIM,0.7,PGD,0.5,19.81967213114754,8.0,0,56
engr0,MOTO,BIM,0.7,PGD,0.6,19.81967213114754,8.0,0,56
engr0,MOTO,BIM,0.7,PGD,0.7,19.81967213114754,8.0,0,56
engr0,MOTO,BIM,0.7,PGD,0.8,19.81967213114754,8.0,0,56
engr0,MOTO,BIM,0.7,PGD,0.9,19.81967213114754,8.0,0,56
engr0,MOTO,BIM,0.7,PGD,1.0,19.81967213114754,8.0,0,56
engr0,OP3,BIM,0.7,PGD,0.1,0.6557377049180327,0.0,0,6
engr0,OP3,BIM,0.7,PGD,0.2,0.8360655737704918,0.0,0,6
engr0,OP3,BIM,0.7,PGD,0.3,0.8688524590163934,0.0,0,6
engr0,OP3,BIM,0.7,PGD,0.4,0.8360655737704918,0.0,0,6
engr0,OP3,BIM,0.7,PGD,0.5,0.8360655737704918,0.0,0,6
engr0,OP3,BIM,0.7,PGD,0.6,0.8360655737704918,0.0,0,6
engr0,OP3,BIM,0.7,PGD,0.7,0.8360655737704918,0.0,0,6
engr0,OP3,BIM,0.7,PGD,0.8,0.8360655737704918,0.0,0,6
engr0,OP3,BIM,0.7,PGD,0.9,0.8360655737704918,0.0,0,6
engr0,OP3,BIM,0.7,PGD,1.0,0.8360655737704918,0.0,0,6
engr0,S7,BIM,0.7,PGD,0.1,2.639344262295082,2.0,0,14
engr0,S7,BIM,0.7,PGD,0.2,2.3934426229508197,2.0,0,14
engr0,S7,BIM,0.7,PGD,0.3,2.4098360655737703,2.0,0,14
engr0,S7,BIM,0.7,PGD,0.4,2.4098360655737703,2.0,0,14
engr0,S7,BIM,0.7,PGD,0.5,2.4098360655737703,2.0,0,14
engr0,S7,BIM,0.7,PGD,0.6,2.4098360655737703,2.0,0,14
engr0,S7,BIM,0.7,PGD,0.7,2.4098360655737703,2.0,0,14
engr0,S7,BIM,0.7,PGD,0.8,2.4098360655737703,2.0,0,14
engr0,S7,BIM,0.7,PGD,0.9,2.4098360655737703,2.0,0,14
engr0,S7,BIM,0.7,PGD,1.0,2.4098360655737703,2.0,0,14
engr0,BLU,BIM,0.8,PGD,0.1,3.278688524590164,2.0,0,16
engr0,BLU,BIM,0.8,PGD,0.2,2.8688524590163933,2.0,0,16
engr0,BLU,BIM,0.8,PGD,0.3,2.8688524590163933,2.0,0,16
engr0,BLU,BIM,0.8,PGD,0.4,2.8524590163934427,2.0,0,16
engr0,BLU,BIM,0.8,PGD,0.5,2.8524590163934427,2.0,0,16
engr0,BLU,BIM,0.8,PGD,0.6,2.8524590163934427,2.0,0,16
engr0,BLU,BIM,0.8,PGD,0.7,2.8524590163934427,2.0,0,16
engr0,BLU,BIM,0.8,PGD,0.8,2.8524590163934427,2.0,0,16
engr0,BLU,BIM,0.8,PGD,0.9,2.8524590163934427,2.0,0,16
engr0,BLU,BIM,0.8,PGD,1.0,2.8524590163934427,2.0,0,16
engr0,HTC,BIM,0.8,PGD,0.1,3.7704918032786887,2.0,0,17
engr0,HTC,BIM,0.8,PGD,0.2,3.6885245901639343,2.0,0,17
engr0,HTC,BIM,0.8,PGD,0.3,3.737704918032787,3.0,0,17
engr0,HTC,BIM,0.8,PGD,0.4,3.6885245901639343,2.0,0,17
engr0,HTC,BIM,0.8,PGD,0.5,3.6885245901639343,2.0,0,17
engr0,HTC,BIM,0.8,PGD,0.6,3.6885245901639343,2.0,0,17
engr0,HTC,BIM,0.8,PGD,0.7,3.6885245901639343,2.0,0,17
engr0,HTC,BIM,0.8,PGD,0.8,3.6885245901639343,2.0,0,17
engr0,HTC,BIM,0.8,PGD,0.9,3.6885245901639343,2.0,0,17
engr0,HTC,BIM,0.8,PGD,1.0,3.6885245901639343,2.0,0,17
engr0,LG,BIM,0.8,PGD,0.1,3.7704918032786887,3.0,0,13
engr0,LG,BIM,0.8,PGD,0.2,2.901639344262295,2.0,0,12
engr0,LG,BIM,0.8,PGD,0.3,2.7704918032786887,2.0,0,12
engr0,LG,BIM,0.8,PGD,0.4,2.6065573770491803,2.0,0,12
engr0,LG,BIM,0.8,PGD,0.5,2.6065573770491803,2.0,0,12
engr0,LG,BIM,0.8,PGD,0.6,2.6065573770491803,2.0,0,12
engr0,LG,BIM,0.8,PGD,0.7,2.6065573770491803,2.0,0,12
engr0,LG,BIM,0.8,PGD,0.8,2.6065573770491803,2.0,0,12
engr0,LG,BIM,0.8,PGD,0.9,2.6065573770491803,2.0,0,12
engr0,LG,BIM,0.8,PGD,1.0,2.6065573770491803,2.0,0,12
engr0,MOTO,BIM,0.8,PGD,0.1,7.655737704918033,4.0,0,33
engr0,MOTO,BIM,0.8,PGD,0.2,11.163934426229508,5.0,0,58
engr0,MOTO,BIM,0.8,PGD,0.3,18.081967213114755,7.0,0,56
engr0,MOTO,BIM,0.8,PGD,0.4,19.81967213114754,8.0,0,56
engr0,MOTO,BIM,0.8,PGD,0.5,19.81967213114754,8.0,0,56
engr0,MOTO,BIM,0.8,PGD,0.6,19.81967213114754,8.0,0,56
engr0,MOTO,BIM,0.8,PGD,0.7,19.81967213114754,8.0,0,56
engr0,MOTO,BIM,0.8,PGD,0.8,19.81967213114754,8.0,0,56
engr0,MOTO,BIM,0.8,PGD,0.9,19.81967213114754,8.0,0,56
engr0,MOTO,BIM,0.8,PGD,1.0,19.81967213114754,8.0,0,56
engr0,OP3,BIM,0.8,PGD,0.1,0.6557377049180327,0.0,0,6
engr0,OP3,BIM,0.8,PGD,0.2,0.8360655737704918,0.0,0,6
engr0,OP3,BIM,0.8,PGD,0.3,0.8688524590163934,0.0,0,6
engr0,OP3,BIM,0.8,PGD,0.4,0.8360655737704918,0.0,0,6
engr0,OP3,BIM,0.8,PGD,0.5,0.8360655737704918,0.0,0,6
engr0,OP3,BIM,0.8,PGD,0.6,0.8360655737704918,0.0,0,6
engr0,OP3,BIM,0.8,PGD,0.7,0.8360655737704918,0.0,0,6
engr0,OP3,BIM,0.8,PGD,0.8,0.8360655737704918,0.0,0,6
engr0,OP3,BIM,0.8,PGD,0.9,0.8360655737704918,0.0,0,6
engr0,OP3,BIM,0.8,PGD,1.0,0.8360655737704918,0.0,0,6
engr0,S7,BIM,0.8,PGD,0.1,2.639344262295082,2.0,0,14
engr0,S7,BIM,0.8,PGD,0.2,2.3934426229508197,2.0,0,14
engr0,S7,BIM,0.8,PGD,0.3,2.4098360655737703,2.0,0,14
engr0,S7,BIM,0.8,PGD,0.4,2.4098360655737703,2.0,0,14
engr0,S7,BIM,0.8,PGD,0.5,2.4098360655737703,2.0,0,14
engr0,S7,BIM,0.8,PGD,0.6,2.4098360655737703,2.0,0,14
engr0,S7,BIM,0.8,PGD,0.7,2.4098360655737703,2.0,0,14
engr0,S7,BIM,0.8,PGD,0.8,2.4098360655737703,2.0,0,14
engr0,S7,BIM,0.8,PGD,0.9,2.4098360655737703,2.0,0,14
engr0,S7,BIM,0.8,PGD,1.0,2.4098360655737703,2.0,0,14
engr0,BLU,BIM,0.9,PGD,0.1,3.278688524590164,2.0,0,16
engr0,BLU,BIM,0.9,PGD,0.2,2.8688524590163933,2.0,0,16
engr0,BLU,BIM,0.9,PGD,0.3,2.8688524590163933,2.0,0,16
engr0,BLU,BIM,0.9,PGD,0.4,2.8524590163934427,2.0,0,16
engr0,BLU,BIM,0.9,PGD,0.5,2.8524590163934427,2.0,0,16
engr0,BLU,BIM,0.9,PGD,0.6,2.8524590163934427,2.0,0,16
engr0,BLU,BIM,0.9,PGD,0.7,2.8524590163934427,2.0,0,16
engr0,BLU,BIM,0.9,PGD,0.8,2.8524590163934427,2.0,0,16
engr0,BLU,BIM,0.9,PGD,0.9,2.8524590163934427,2.0,0,16
engr0,BLU,BIM,0.9,PGD,1.0,2.8524590163934427,2.0,0,16
engr0,HTC,BIM,0.9,PGD,0.1,3.7704918032786887,2.0,0,17
engr0,HTC,BIM,0.9,PGD,0.2,3.6885245901639343,2.0,0,17
engr0,HTC,BIM,0.9,PGD,0.3,3.737704918032787,3.0,0,17
engr0,HTC,BIM,0.9,PGD,0.4,3.6885245901639343,2.0,0,17
engr0,HTC,BIM,0.9,PGD,0.5,3.6885245901639343,2.0,0,17
engr0,HTC,BIM,0.9,PGD,0.6,3.6885245901639343,2.0,0,17
engr0,HTC,BIM,0.9,PGD,0.7,3.6885245901639343,2.0,0,17
engr0,HTC,BIM,0.9,PGD,0.8,3.6885245901639343,2.0,0,17
engr0,HTC,BIM,0.9,PGD,0.9,3.6885245901639343,2.0,0,17
engr0,HTC,BIM,0.9,PGD,1.0,3.6885245901639343,2.0,0,17
engr0,LG,BIM,0.9,PGD,0.1,3.7704918032786887,3.0,0,13
engr0,LG,BIM,0.9,PGD,0.2,2.901639344262295,2.0,0,12
engr0,LG,BIM,0.9,PGD,0.3,2.7704918032786887,2.0,0,12
engr0,LG,BIM,0.9,PGD,0.4,2.6065573770491803,2.0,0,12
engr0,LG,BIM,0.9,PGD,0.5,2.6065573770491803,2.0,0,12
engr0,LG,BIM,0.9,PGD,0.6,2.6065573770491803,2.0,0,12
engr0,LG,BIM,0.9,PGD,0.7,2.6065573770491803,2.0,0,12
engr0,LG,BIM,0.9,PGD,0.8,2.6065573770491803,2.0,0,12
engr0,LG,BIM,0.9,PGD,0.9,2.6065573770491803,2.0,0,12
engr0,LG,BIM,0.9,PGD,1.0,2.6065573770491803,2.0,0,12
engr0,MOTO,BIM,0.9,PGD,0.1,7.655737704918033,4.0,0,33
engr0,MOTO,BIM,0.9,PGD,0.2,11.163934426229508,5.0,0,58
engr0,MOTO,BIM,0.9,PGD,0.3,18.081967213114755,7.0,0,56
engr0,MOTO,BIM,0.9,PGD,0.4,19.81967213114754,8.0,0,56
engr0,MOTO,BIM,0.9,PGD,0.5,19.81967213114754,8.0,0,56
engr0,MOTO,BIM,0.9,PGD,0.6,19.81967213114754,8.0,0,56
engr0,MOTO,BIM,0.9,PGD,0.7,19.81967213114754,8.0,0,56
engr0,MOTO,BIM,0.9,PGD,0.8,19.81967213114754,8.0,0,56
engr0,MOTO,BIM,0.9,PGD,0.9,19.81967213114754,8.0,0,56
engr0,MOTO,BIM,0.9,PGD,1.0,19.81967213114754,8.0,0,56
engr0,OP3,BIM,0.9,PGD,0.1,0.6557377049180327,0.0,0,6
engr0,OP3,BIM,0.9,PGD,0.2,0.8360655737704918,0.0,0,6
engr0,OP3,BIM,0.9,PGD,0.3,0.8688524590163934,0.0,0,6
engr0,OP3,BIM,0.9,PGD,0.4,0.8360655737704918,0.0,0,6
engr0,OP3,BIM,0.9,PGD,0.5,0.8360655737704918,0.0,0,6
engr0,OP3,BIM,0.9,PGD,0.6,0.8360655737704918,0.0,0,6
engr0,OP3,BIM,0.9,PGD,0.7,0.8360655737704918,0.0,0,6
engr0,OP3,BIM,0.9,PGD,0.8,0.8360655737704918,0.0,0,6
engr0,OP3,BIM,0.9,PGD,0.9,0.8360655737704918,0.0,0,6
engr0,OP3,BIM,0.9,PGD,1.0,0.8360655737704918,0.0,0,6
engr0,S7,BIM,0.9,PGD,0.1,2.639344262295082,2.0,0,14
engr0,S7,BIM,0.9,PGD,0.2,2.3934426229508197,2.0,0,14
engr0,S7,BIM,0.9,PGD,0.3,2.4098360655737703,2.0,0,14
engr0,S7,BIM,0.9,PGD,0.4,2.4098360655737703,2.0,0,14
engr0,S7,BIM,0.9,PGD,0.5,2.4098360655737703,2.0,0,14
engr0,S7,BIM,0.9,PGD,0.6,2.4098360655737703,2.0,0,14
engr0,S7,BIM,0.9,PGD,0.7,2.4098360655737703,2.0,0,14
engr0,S7,BIM,0.9,PGD,0.8,2.4098360655737703,2.0,0,14
engr0,S7,BIM,0.9,PGD,0.9,2.4098360655737703,2.0,0,14
engr0,S7,BIM,0.9,PGD,1.0,2.4098360655737703,2.0,0,14
engr0,BLU,BIM,1.0,PGD,0.1,3.278688524590164,2.0,0,16
engr0,BLU,BIM,1.0,PGD,0.2,2.8688524590163933,2.0,0,16
engr0,BLU,BIM,1.0,PGD,0.3,2.8688524590163933,2.0,0,16
engr0,BLU,BIM,1.0,PGD,0.4,2.8524590163934427,2.0,0,16
engr0,BLU,BIM,1.0,PGD,0.5,2.8524590163934427,2.0,0,16
engr0,BLU,BIM,1.0,PGD,0.6,2.8524590163934427,2.0,0,16
engr0,BLU,BIM,1.0,PGD,0.7,2.8524590163934427,2.0,0,16
engr0,BLU,BIM,1.0,PGD,0.8,2.8524590163934427,2.0,0,16
engr0,BLU,BIM,1.0,PGD,0.9,2.8524590163934427,2.0,0,16
engr0,BLU,BIM,1.0,PGD,1.0,2.8524590163934427,2.0,0,16
engr0,HTC,BIM,1.0,PGD,0.1,3.7704918032786887,2.0,0,17
engr0,HTC,BIM,1.0,PGD,0.2,3.6885245901639343,2.0,0,17
engr0,HTC,BIM,1.0,PGD,0.3,3.737704918032787,3.0,0,17
engr0,HTC,BIM,1.0,PGD,0.4,3.6885245901639343,2.0,0,17
engr0,HTC,BIM,1.0,PGD,0.5,3.6885245901639343,2.0,0,17
engr0,HTC,BIM,1.0,PGD,0.6,3.6885245901639343,2.0,0,17
engr0,HTC,BIM,1.0,PGD,0.7,3.6885245901639343,2.0,0,17
engr0,HTC,BIM,1.0,PGD,0.8,3.6885245901639343,2.0,0,17
engr0,HTC,BIM,1.0,PGD,0.9,3.6885245901639343,2.0,0,17
engr0,HTC,BIM,1.0,PGD,1.0,3.6885245901639343,2.0,0,17
engr0,LG,BIM,1.0,PGD,0.1,3.7704918032786887,3.0,0,13
engr0,LG,BIM,1.0,PGD,0.2,2.901639344262295,2.0,0,12
engr0,LG,BIM,1.0,PGD,0.3,2.7704918032786887,2.0,0,12
engr0,LG,BIM,1.0,PGD,0.4,2.6065573770491803,2.0,0,12
engr0,LG,BIM,1.0,PGD,0.5,2.6065573770491803,2.0,0,12
engr0,LG,BIM,1.0,PGD,0.6,2.6065573770491803,2.0,0,12
engr0,LG,BIM,1.0,PGD,0.7,2.6065573770491803,2.0,0,12
engr0,LG,BIM,1.0,PGD,0.8,2.6065573770491803,2.0,0,12
engr0,LG,BIM,1.0,PGD,0.9,2.6065573770491803,2.0,0,12
engr0,LG,BIM,1.0,PGD,1.0,2.6065573770491803,2.0,0,12
engr0,MOTO,BIM,1.0,PGD,0.1,7.655737704918033,4.0,0,33
engr0,MOTO,BIM,1.0,PGD,0.2,11.163934426229508,5.0,0,58
engr0,MOTO,BIM,1.0,PGD,0.3,18.081967213114755,7.0,0,56
engr0,MOTO,BIM,1.0,PGD,0.4,19.81967213114754,8.0,0,56
engr0,MOTO,BIM,1.0,PGD,0.5,19.81967213114754,8.0,0,56
engr0,MOTO,BIM,1.0,PGD,0.6,19.81967213114754,8.0,0,56
engr0,MOTO,BIM,1.0,PGD,0.7,19.81967213114754,8.0,0,56
engr0,MOTO,BIM,1.0,PGD,0.8,19.81967213114754,8.0,0,56
engr0,MOTO,BIM,1.0,PGD,0.9,19.81967213114754,8.0,0,56
engr0,MOTO,BIM,1.0,PGD,1.0,19.81967213114754,8.0,0,56
engr0,OP3,BIM,1.0,PGD,0.1,0.6557377049180327,0.0,0,6
engr0,OP3,BIM,1.0,PGD,0.2,0.8360655737704918,0.0,0,6
engr0,OP3,BIM,1.0,PGD,0.3,0.8688524590163934,0.0,0,6
engr0,OP3,BIM,1.0,PGD,0.4,0.8360655737704918,0.0,0,6
engr0,OP3,BIM,1.0,PGD,0.5,0.8360655737704918,0.0,0,6
engr0,OP3,BIM,1.0,PGD,0.6,0.8360655737704918,0.0,0,6
engr0,OP3,BIM,1.0,PGD,0.7,0.8360655737704918,0.0,0,6
engr0,OP3,BIM,1.0,PGD,0.8,0.8360655737704918,0.0,0,6
engr0,OP3,BIM,1.0,PGD,0.9,0.8360655737704918,0.0,0,6
engr0,OP3,BIM,1.0,PGD,1.0,0.8360655737704918,0.0,0,6
engr0,S7,BIM,1.0,PGD,0.1,2.639344262295082,2.0,0,14
engr0,S7,BIM,1.0,PGD,0.2,2.3934426229508197,2.0,0,14
engr0,S7,BIM,1.0,PGD,0.3,2.4098360655737703,2.0,0,14
engr0,S7,BIM,1.0,PGD,0.4,2.4098360655737703,2.0,0,14
engr0,S7,BIM,1.0,PGD,0.5,2.4098360655737703,2.0,0,14
engr0,S7,BIM,1.0,PGD,0.6,2.4098360655737703,2.0,0,14
engr0,S7,BIM,1.0,PGD,0.7,2.4098360655737703,2.0,0,14
engr0,S7,BIM,1.0,PGD,0.8,2.4098360655737703,2.0,0,14
engr0,S7,BIM,1.0,PGD,0.9,2.4098360655737703,2.0,0,14
engr0,S7,BIM,1.0,PGD,1.0,2.4098360655737703,2.0,0,14
engr0,BLU,FGSM,0.1,MIM,0.1,3.1639344262295084,3.0,0,13
engr0,BLU,FGSM,0.1,MIM,0.2,7.0,6.0,0,36
engr0,BLU,FGSM,0.1,MIM,0.3,8.163934426229508,7.0,0,35
engr0,BLU,FGSM,0.1,MIM,0.4,8.934426229508198,7.0,0,45
engr0,BLU,FGSM,0.1,MIM,0.5,8.934426229508198,7.0,0,45
engr0,BLU,FGSM,0.1,MIM,0.6,8.934426229508198,7.0,0,45
engr0,BLU,FGSM,0.1,MIM,0.7,8.934426229508198,7.0,0,45
engr0,BLU,FGSM,0.1,MIM,0.8,8.934426229508198,7.0,0,45
engr0,BLU,FGSM,0.1,MIM,0.9,8.934426229508198,7.0,0,45
engr0,BLU,FGSM,0.1,MIM,1.0,8.934426229508198,7.0,0,45
engr0,HTC,FGSM,0.1,MIM,0.1,3.5737704918032787,3.0,0,15
engr0,HTC,FGSM,0.1,MIM,0.2,7.786885245901639,6.0,0,55
engr0,HTC,FGSM,0.1,MIM,0.3,6.918032786885246,5.0,0,36
engr0,HTC,FGSM,0.1,MIM,0.4,8.065573770491802,5.0,0,48
engr0,HTC,FGSM,0.1,MIM,0.5,8.065573770491802,5.0,0,48
engr0,HTC,FGSM,0.1,MIM,0.6,8.065573770491802,5.0,0,48
engr0,HTC,FGSM,0.1,MIM,0.7,8.065573770491802,5.0,0,48
engr0,HTC,FGSM,0.1,MIM,0.8,8.065573770491802,5.0,0,48
engr0,HTC,FGSM,0.1,MIM,0.9,8.065573770491802,5.0,0,48
engr0,HTC,FGSM,0.1,MIM,1.0,8.065573770491802,5.0,0,48
engr0,LG,FGSM,0.1,MIM,0.1,3.639344262295082,2.0,0,28
engr0,LG,FGSM,0.1,MIM,0.2,6.721311475409836,4.0,0,44
engr0,LG,FGSM,0.1,MIM,0.3,8.37704918032787,6.0,0,41
engr0,LG,FGSM,0.1,MIM,0.4,9.295081967213115,6.0,0,41
engr0,LG,FGSM,0.1,MIM,0.5,9.295081967213115,6.0,0,41
engr0,LG,FGSM,0.1,MIM,0.6,9.295081967213115,6.0,0,41
engr0,LG,FGSM,0.1,MIM,0.7,9.295081967213115,6.0,0,41
engr0,LG,FGSM,0.1,MIM,0.8,9.295081967213115,6.0,0,41
engr0,LG,FGSM,0.1,MIM,0.9,9.295081967213115,6.0,0,41
engr0,LG,FGSM,0.1,MIM,1.0,9.295081967213115,6.0,0,41
engr0,MOTO,FGSM,0.1,MIM,0.1,3.8852459016393444,3.0,0,14
engr0,MOTO,FGSM,0.1,MIM,0.2,7.918032786885246,6.0,0,23
engr0,MOTO,FGSM,0.1,MIM,0.3,8.491803278688524,6.0,0,57
engr0,MOTO,FGSM,0.1,MIM,0.4,10.868852459016393,6.0,0,57
engr0,MOTO,FGSM,0.1,MIM,0.5,10.868852459016393,6.0,0,57
engr0,MOTO,FGSM,0.1,MIM,0.6,10.868852459016393,6.0,0,57
engr0,MOTO,FGSM,0.1,MIM,0.7,10.868852459016393,6.0,0,57
engr0,MOTO,FGSM,0.1,MIM,0.8,10.868852459016393,6.0,0,57
engr0,MOTO,FGSM,0.1,MIM,0.9,10.868852459016393,6.0,0,57
engr0,MOTO,FGSM,0.1,MIM,1.0,10.868852459016393,6.0,0,57
engr0,OP3,FGSM,0.1,MIM,0.1,1.7377049180327868,1.0,0,12
engr0,OP3,FGSM,0.1,MIM,0.2,11.62295081967213,6.0,0,57
engr0,OP3,FGSM,0.1,MIM,0.3,13.426229508196721,6.0,0,60
engr0,OP3,FGSM,0.1,MIM,0.4,13.426229508196721,6.0,0,55
engr0,OP3,FGSM,0.1,MIM,0.5,13.426229508196721,6.0,0,55
engr0,OP3,FGSM,0.1,MIM,0.6,13.426229508196721,6.0,0,55
engr0,OP3,FGSM,0.1,MIM,0.7,13.426229508196721,6.0,0,55
engr0,OP3,FGSM,0.1,MIM,0.8,13.426229508196721,6.0,0,55
engr0,OP3,FGSM,0.1,MIM,0.9,13.426229508196721,6.0,0,55
engr0,OP3,FGSM,0.1,MIM,1.0,13.426229508196721,6.0,0,55
engr0,S7,FGSM,0.1,MIM,0.1,3.2459016393442623,2.0,0,15
engr0,S7,FGSM,0.1,MIM,0.2,9.180327868852459,6.0,0,54
engr0,S7,FGSM,0.1,MIM,0.3,10.885245901639344,7.0,0,46
engr0,S7,FGSM,0.1,MIM,0.4,11.491803278688524,7.0,0,52
engr0,S7,FGSM,0.1,MIM,0.5,11.491803278688524,7.0,0,52
engr0,S7,FGSM,0.1,MIM,0.6,11.491803278688524,7.0,0,52
engr0,S7,FGSM,0.1,MIM,0.7,11.491803278688524,7.0,0,52
engr0,S7,FGSM,0.1,MIM,0.8,11.491803278688524,7.0,0,52
engr0,S7,FGSM,0.1,MIM,0.9,11.491803278688524,7.0,0,52
engr0,S7,FGSM,0.1,MIM,1.0,11.491803278688524,7.0,0,52
engr0,BLU,FGSM,0.2,MIM,0.1,5.409836065573771,4.0,0,28
engr0,BLU,FGSM,0.2,MIM,0.2,5.524590163934426,4.0,0,28
engr0,BLU,FGSM,0.2,MIM,0.3,8.688524590163935,6.0,0,45
engr0,BLU,FGSM,0.2,MIM,0.4,8.459016393442623,6.0,0,45
engr0,BLU,FGSM,0.2,MIM,0.5,8.459016393442623,6.0,0,45
engr0,BLU,FGSM,0.2,MIM,0.6,8.459016393442623,6.0,0,45
engr0,BLU,FGSM,0.2,MIM,0.7,8.459016393442623,6.0,0,45
engr0,BLU,FGSM,0.2,MIM,0.8,8.459016393442623,6.0,0,45
engr0,BLU,FGSM,0.2,MIM,0.9,8.459016393442623,6.0,0,45
engr0,BLU,FGSM,0.2,MIM,1.0,8.459016393442623,6.0,0,45
engr0,HTC,FGSM,0.2,MIM,0.1,6.39344262295082,3.0,0,27
engr0,HTC,FGSM,0.2,MIM,0.2,6.262295081967213,4.0,0,45
engr0,HTC,FGSM,0.2,MIM,0.3,8.147540983606557,5.0,0,49
engr0,HTC,FGSM,0.2,MIM,0.4,8.262295081967213,5.0,0,49
engr0,HTC,FGSM,0.2,MIM,0.5,8.262295081967213,5.0,0,49
engr0,HTC,FGSM,0.2,MIM,0.6,8.262295081967213,5.0,0,49
engr0,HTC,FGSM,0.2,MIM,0.7,8.262295081967213,5.0,0,49
engr0,HTC,FGSM,0.2,MIM,0.8,8.262295081967213,5.0,0,49
engr0,HTC,FGSM,0.2,MIM,0.9,8.262295081967213,5.0,0,49
engr0,HTC,FGSM,0.2,MIM,1.0,8.262295081967213,5.0,0,49
engr0,LG,FGSM,0.2,MIM,0.1,5.065573770491803,3.0,0,29
engr0,LG,FGSM,0.2,MIM,0.2,5.573770491803279,4.0,0,27
engr0,LG,FGSM,0.2,MIM,0.3,7.114754098360656,5.0,0,37
engr0,LG,FGSM,0.2,MIM,0.4,7.819672131147541,5.0,0,37
engr0,LG,FGSM,0.2,MIM,0.5,7.819672131147541,5.0,0,37
engr0,LG,FGSM,0.2,MIM,0.6,7.819672131147541,5.0,0,37
engr0,LG,FGSM,0.2,MIM,0.7,7.819672131147541,5.0,0,37
engr0,LG,FGSM,0.2,MIM,0.8,7.819672131147541,5.0,0,37
engr0,LG,FGSM,0.2,MIM,0.9,7.819672131147541,5.0,0,37
engr0,LG,FGSM,0.2,MIM,1.0,7.819672131147541,5.0,0,37
engr0,MOTO,FGSM,0.2,MIM,0.1,6.459016393442623,5.0,0,29
engr0,MOTO,FGSM,0.2,MIM,0.2,5.918032786885246,5.0,0,21
engr0,MOTO,FGSM,0.2,MIM,0.3,14.21311475409836,12.0,0,41
engr0,MOTO,FGSM,0.2,MIM,0.4,14.278688524590164,13.0,0,41
engr0,MOTO,FGSM,0.2,MIM,0.5,14.278688524590164,13.0,0,41
engr0,MOTO,FGSM,0.2,MIM,0.6,14.278688524590164,13.0,0,41
engr0,MOTO,FGSM,0.2,MIM,0.7,14.278688524590164,13.0,0,41
engr0,MOTO,FGSM,0.2,MIM,0.8,14.278688524590164,13.0,0,41
engr0,MOTO,FGSM,0.2,MIM,0.9,14.278688524590164,13.0,0,41
engr0,MOTO,FGSM,0.2,MIM,1.0,14.278688524590164,13.0,0,41
engr0,OP3,FGSM,0.2,MIM,0.1,3.8360655737704916,3.0,0,17
engr0,OP3,FGSM,0.2,MIM,0.2,3.7704918032786887,2.0,0,20
engr0,OP3,FGSM,0.2,MIM,0.3,10.327868852459016,5.0,0,49
engr0,OP3,FGSM,0.2,MIM,0.4,10.262295081967213,5.0,0,49
engr0,OP3,FGSM,0.2,MIM,0.5,10.262295081967213,5.0,0,49
engr0,OP3,FGSM,0.2,MIM,0.6,10.262295081967213,5.0,0,49
engr0,OP3,FGSM,0.2,MIM,0.7,10.262295081967213,5.0,0,49
engr0,OP3,FGSM,0.2,MIM,0.8,10.262295081967213,5.0,0,49
engr0,OP3,FGSM,0.2,MIM,0.9,10.262295081967213,5.0,0,49
engr0,OP3,FGSM,0.2,MIM,1.0,10.262295081967213,5.0,0,49
engr0,S7,FGSM,0.2,MIM,0.1,6.131147540983607,3.0,0,43
engr0,S7,FGSM,0.2,MIM,0.2,6.213114754098361,3.0,0,34
engr0,S7,FGSM,0.2,MIM,0.3,12.508196721311476,7.0,0,49
engr0,S7,FGSM,0.2,MIM,0.4,11.62295081967213,7.0,0,46
engr0,S7,FGSM,0.2,MIM,0.5,11.62295081967213,7.0,0,46
engr0,S7,FGSM,0.2,MIM,0.6,11.62295081967213,7.0,0,46
engr0,S7,FGSM,0.2,MIM,0.7,11.62295081967213,7.0,0,46
engr0,S7,FGSM,0.2,MIM,0.8,11.62295081967213,7.0,0,46
engr0,S7,FGSM,0.2,MIM,0.9,11.62295081967213,7.0,0,46
engr0,S7,FGSM,0.2,MIM,1.0,11.62295081967213,7.0,0,46
engr0,BLU,FGSM,0.3,MIM,0.1,5.262295081967213,4.0,0,28
engr0,BLU,FGSM,0.3,MIM,0.2,8.081967213114755,6.0,0,40
engr0,BLU,FGSM,0.3,MIM,0.3,8.885245901639344,5.0,0,44
engr0,BLU,FGSM,0.3,MIM,0.4,9.065573770491802,6.0,0,44
engr0,BLU,FGSM,0.3,MIM,0.5,9.065573770491802,6.0,0,44
engr0,BLU,FGSM,0.3,MIM,0.6,9.065573770491802,6.0,0,44
engr0,BLU,FGSM,0.3,MIM,0.7,9.065573770491802,6.0,0,44
engr0,BLU,FGSM,0.3,MIM,0.8,9.065573770491802,6.0,0,44
engr0,BLU,FGSM,0.3,MIM,0.9,9.065573770491802,6.0,0,44
engr0,BLU,FGSM,0.3,MIM,1.0,9.065573770491802,6.0,0,44
engr0,HTC,FGSM,0.3,MIM,0.1,6.508196721311475,4.0,0,45
engr0,HTC,FGSM,0.3,MIM,0.2,6.360655737704918,5.0,0,26
engr0,HTC,FGSM,0.3,MIM,0.3,6.836065573770492,4.0,0,29
engr0,HTC,FGSM,0.3,MIM,0.4,8.032786885245901,4.0,0,45
engr0,HTC,FGSM,0.3,MIM,0.5,8.032786885245901,4.0,0,45
engr0,HTC,FGSM,0.3,MIM,0.6,8.032786885245901,4.0,0,45
engr0,HTC,FGSM,0.3,MIM,0.7,8.032786885245901,4.0,0,45
engr0,HTC,FGSM,0.3,MIM,0.8,8.032786885245901,4.0,0,45
engr0,HTC,FGSM,0.3,MIM,0.9,8.032786885245901,4.0,0,45
engr0,HTC,FGSM,0.3,MIM,1.0,8.032786885245901,4.0,0,45
engr0,LG,FGSM,0.3,MIM,0.1,6.0,4.0,0,29
engr0,LG,FGSM,0.3,MIM,0.2,6.852459016393443,4.0,0,40
engr0,LG,FGSM,0.3,MIM,0.3,6.721311475409836,4.0,0,37
engr0,LG,FGSM,0.3,MIM,0.4,7.852459016393443,5.0,0,41
engr0,LG,FGSM,0.3,MIM,0.5,7.852459016393443,5.0,0,41
engr0,LG,FGSM,0.3,MIM,0.6,7.852459016393443,5.0,0,41
engr0,LG,FGSM,0.3,MIM,0.7,7.852459016393443,5.0,0,41
engr0,LG,FGSM,0.3,MIM,0.8,7.852459016393443,5.0,0,41
engr0,LG,FGSM,0.3,MIM,0.9,7.852459016393443,5.0,0,41
engr0,LG,FGSM,0.3,MIM,1.0,7.852459016393443,5.0,0,41
engr0,MOTO,FGSM,0.3,MIM,0.1,6.672131147540983,5.0,0,24
engr0,MOTO,FGSM,0.3,MIM,0.2,8.114754098360656,8.0,0,25
engr0,MOTO,FGSM,0.3,MIM,0.3,10.327868852459016,8.0,0,35
engr0,MOTO,FGSM,0.3,MIM,0.4,11.655737704918034,10.0,0,34
engr0,MOTO,FGSM,0.3,MIM,0.5,11.655737704918034,10.0,0,34
engr0,MOTO,FGSM,0.3,MIM,0.6,11.655737704918034,10.0,0,34
engr0,MOTO,FGSM,0.3,MIM,0.7,11.655737704918034,10.0,0,34
engr0,MOTO,FGSM,0.3,MIM,0.8,11.655737704918034,10.0,0,34
engr0,MOTO,FGSM,0.3,MIM,0.9,11.655737704918034,10.0,0,34
engr0,MOTO,FGSM,0.3,MIM,1.0,11.655737704918034,10.0,0,34
engr0,OP3,FGSM,0.3,MIM,0.1,4.081967213114754,2.0,0,17
engr0,OP3,FGSM,0.3,MIM,0.2,6.655737704918033,4.0,0,28
engr0,OP3,FGSM,0.3,MIM,0.3,6.852459016393443,5.0,0,36
engr0,OP3,FGSM,0.3,MIM,0.4,8.59016393442623,5.0,0,49
engr0,OP3,FGSM,0.3,MIM,0.5,8.59016393442623,5.0,0,49
engr0,OP3,FGSM,0.3,MIM,0.6,8.59016393442623,5.0,0,49
engr0,OP3,FGSM,0.3,MIM,0.7,8.59016393442623,5.0,0,49
engr0,OP3,FGSM,0.3,MIM,0.8,8.59016393442623,5.0,0,49
engr0,OP3,FGSM,0.3,MIM,0.9,8.59016393442623,5.0,0,49
engr0,OP3,FGSM,0.3,MIM,1.0,8.59016393442623,5.0,0,49
engr0,S7,FGSM,0.3,MIM,0.1,4.672131147540983,4.0,0,26
engr0,S7,FGSM,0.3,MIM,0.2,6.278688524590164,5.0,0,25
engr0,S7,FGSM,0.3,MIM,0.3,7.622950819672131,3.0,0,37
engr0,S7,FGSM,0.3,MIM,0.4,8.967213114754099,3.0,0,46
engr0,S7,FGSM,0.3,MIM,0.5,8.967213114754099,3.0,0,46
engr0,S7,FGSM,0.3,MIM,0.6,8.967213114754099,3.0,0,46
engr0,S7,FGSM,0.3,MIM,0.7,8.967213114754099,3.0,0,46
engr0,S7,FGSM,0.3,MIM,0.8,8.967213114754099,3.0,0,46
engr0,S7,FGSM,0.3,MIM,0.9,8.967213114754099,3.0,0,46
engr0,S7,FGSM,0.3,MIM,1.0,8.967213114754099,3.0,0,46
engr0,BLU,FGSM,0.4,MIM,0.1,5.524590163934426,5.0,0,42
engr0,BLU,FGSM,0.4,MIM,0.2,6.573770491803279,5.0,0,33
engr0,BLU,FGSM,0.4,MIM,0.3,7.852459016393443,5.0,0,44
engr0,BLU,FGSM,0.4,MIM,0.4,8.491803278688524,5.0,0,44
engr0,BLU,FGSM,0.4,MIM,0.5,8.491803278688524,5.0,0,44
engr0,BLU,FGSM,0.4,MIM,0.6,8.491803278688524,5.0,0,44
engr0,BLU,FGSM,0.4,MIM,0.7,8.491803278688524,5.0,0,44
engr0,BLU,FGSM,0.4,MIM,0.8,8.491803278688524,5.0,0,44
engr0,BLU,FGSM,0.4,MIM,0.9,8.491803278688524,5.0,0,44
engr0,BLU,FGSM,0.4,MIM,1.0,8.491803278688524,5.0,0,44
engr0,HTC,FGSM,0.4,MIM,0.1,5.459016393442623,4.0,0,33
engr0,HTC,FGSM,0.4,MIM,0.2,8.524590163934427,6.0,0,33
engr0,HTC,FGSM,0.4,MIM,0.3,8.967213114754099,6.0,0,45
engr0,HTC,FGSM,0.4,MIM,0.4,9.426229508196721,6.0,0,47
engr0,HTC,FGSM,0.4,MIM,0.5,9.426229508196721,6.0,0,47
engr0,HTC,FGSM,0.4,MIM,0.6,9.426229508196721,6.0,0,47
engr0,HTC,FGSM,0.4,MIM,0.7,9.426229508196721,6.0,0,47
engr0,HTC,FGSM,0.4,MIM,0.8,9.426229508196721,6.0,0,47
engr0,HTC,FGSM,0.4,MIM,0.9,9.426229508196721,6.0,0,47
engr0,HTC,FGSM,0.4,MIM,1.0,9.426229508196721,6.0,0,47
engr0,LG,FGSM,0.4,MIM,0.1,4.950819672131147,3.0,0,32
engr0,LG,FGSM,0.4,MIM,0.2,8.262295081967213,5.0,0,42
engr0,LG,FGSM,0.4,MIM,0.3,9.180327868852459,5.0,0,47
engr0,LG,FGSM,0.4,MIM,0.4,8.80327868852459,5.0,0,45
engr0,LG,FGSM,0.4,MIM,0.5,8.80327868852459,5.0,0,45
engr0,LG,FGSM,0.4,MIM,0.6,8.80327868852459,5.0,0,45
engr0,LG,FGSM,0.4,MIM,0.7,8.80327868852459,5.0,0,45
engr0,LG,FGSM,0.4,MIM,0.8,8.80327868852459,5.0,0,45
engr0,LG,FGSM,0.4,MIM,0.9,8.80327868852459,5.0,0,45
engr0,LG,FGSM,0.4,MIM,1.0,8.80327868852459,5.0,0,45
engr0,MOTO,FGSM,0.4,MIM,0.1,7.245901639344262,5.0,0,46
engr0,MOTO,FGSM,0.4,MIM,0.2,9.704918032786885,8.0,0,49
engr0,MOTO,FGSM,0.4,MIM,0.3,11.475409836065573,8.0,0,40
engr0,MOTO,FGSM,0.4,MIM,0.4,11.147540983606557,8.0,0,39
engr0,MOTO,FGSM,0.4,MIM,0.5,11.147540983606557,8.0,0,39
engr0,MOTO,FGSM,0.4,MIM,0.6,11.147540983606557,8.0,0,39
engr0,MOTO,FGSM,0.4,MIM,0.7,11.147540983606557,8.0,0,39
engr0,MOTO,FGSM,0.4,MIM,0.8,11.147540983606557,8.0,0,39
engr0,MOTO,FGSM,0.4,MIM,0.9,11.147540983606557,8.0,0,39
engr0,MOTO,FGSM,0.4,MIM,1.0,11.147540983606557,8.0,0,39
engr0,OP3,FGSM,0.4,MIM,0.1,4.409836065573771,3.0,0,17
engr0,OP3,FGSM,0.4,MIM,0.2,8.147540983606557,5.0,0,51
engr0,OP3,FGSM,0.4,MIM,0.3,9.901639344262295,6.0,0,53
engr0,OP3,FGSM,0.4,MIM,0.4,8.60655737704918,4.0,0,53
engr0,OP3,FGSM,0.4,MIM,0.5,8.60655737704918,4.0,0,53
engr0,OP3,FGSM,0.4,MIM,0.6,8.60655737704918,4.0,0,53
engr0,OP3,FGSM,0.4,MIM,0.7,8.60655737704918,4.0,0,53
engr0,OP3,FGSM,0.4,MIM,0.8,8.60655737704918,4.0,0,53
engr0,OP3,FGSM,0.4,MIM,0.9,8.60655737704918,4.0,0,53
engr0,OP3,FGSM,0.4,MIM,1.0,8.60655737704918,4.0,0,53
engr0,S7,FGSM,0.4,MIM,0.1,4.409836065573771,3.0,0,27
engr0,S7,FGSM,0.4,MIM,0.2,9.081967213114755,7.0,0,43
engr0,S7,FGSM,0.4,MIM,0.3,11.40983606557377,8.0,0,48
engr0,S7,FGSM,0.4,MIM,0.4,10.40983606557377,6.0,0,48
engr0,S7,FGSM,0.4,MIM,0.5,10.40983606557377,6.0,0,48
engr0,S7,FGSM,0.4,MIM,0.6,10.40983606557377,6.0,0,48
engr0,S7,FGSM,0.4,MIM,0.7,10.40983606557377,6.0,0,48
engr0,S7,FGSM,0.4,MIM,0.8,10.40983606557377,6.0,0,48
engr0,S7,FGSM,0.4,MIM,0.9,10.40983606557377,6.0,0,48
engr0,S7,FGSM,0.4,MIM,1.0,10.40983606557377,6.0,0,48
engr0,BLU,FGSM,0.5,MIM,0.1,5.426229508196721,5.0,0,29
engr0,BLU,FGSM,0.5,MIM,0.2,8.19672131147541,6.0,0,36
engr0,BLU,FGSM,0.5,MIM,0.3,10.98360655737705,8.0,0,53
engr0,BLU,FGSM,0.5,MIM,0.4,11.770491803278688,8.0,0,53
engr0,BLU,FGSM,0.5,MIM,0.5,11.770491803278688,8.0,0,53
engr0,BLU,FGSM,0.5,MIM,0.6,11.770491803278688,8.0,0,53
engr0,BLU,FGSM,0.5,MIM,0.7,11.770491803278688,8.0,0,53
engr0,BLU,FGSM,0.5,MIM,0.8,11.770491803278688,8.0,0,53
engr0,BLU,FGSM,0.5,MIM,0.9,11.770491803278688,8.0,0,53
engr0,BLU,FGSM,0.5,MIM,1.0,11.770491803278688,8.0,0,53
engr0,HTC,FGSM,0.5,MIM,0.1,5.557377049180328,3.0,0,30
engr0,HTC,FGSM,0.5,MIM,0.2,9.131147540983607,6.0,0,43
engr0,HTC,FGSM,0.5,MIM,0.3,10.426229508196721,8.0,0,45
engr0,HTC,FGSM,0.5,MIM,0.4,9.62295081967213,7.0,0,47
engr0,HTC,FGSM,0.5,MIM,0.5,9.62295081967213,7.0,0,47
engr0,HTC,FGSM,0.5,MIM,0.6,9.62295081967213,7.0,0,47
engr0,HTC,FGSM,0.5,MIM,0.7,9.62295081967213,7.0,0,47
engr0,HTC,FGSM,0.5,MIM,0.8,9.62295081967213,7.0,0,47
engr0,HTC,FGSM,0.5,MIM,0.9,9.62295081967213,7.0,0,47
engr0,HTC,FGSM,0.5,MIM,1.0,9.62295081967213,7.0,0,47
engr0,LG,FGSM,0.5,MIM,0.1,4.459016393442623,2.0,0,33
engr0,LG,FGSM,0.5,MIM,0.2,9.540983606557377,5.0,0,43
engr0,LG,FGSM,0.5,MIM,0.3,11.934426229508198,7.0,0,47
engr0,LG,FGSM,0.5,MIM,0.4,11.950819672131148,7.0,0,57
engr0,LG,FGSM,0.5,MIM,0.5,11.950819672131148,7.0,0,57
engr0,LG,FGSM,0.5,MIM,0.6,11.950819672131148,7.0,0,57
engr0,LG,FGSM,0.5,MIM,0.7,11.950819672131148,7.0,0,57
engr0,LG,FGSM,0.5,MIM,0.8,11.950819672131148,7.0,0,57
engr0,LG,FGSM,0.5,MIM,0.9,11.950819672131148,7.0,0,57
engr0,LG,FGSM,0.5,MIM,1.0,11.950819672131148,7.0,0,57
engr0,MOTO,FGSM,0.5,MIM,0.1,6.524590163934426,5.0,0,25
engr0,MOTO,FGSM,0.5,MIM,0.2,10.180327868852459,10.0,0,29
engr0,MOTO,FGSM,0.5,MIM,0.3,9.688524590163935,9.0,0,36
engr0,MOTO,FGSM,0.5,MIM,0.4,9.39344262295082,8.0,0,59
engr0,MOTO,FGSM,0.5,MIM,0.5,9.39344262295082,8.0,0,59
engr0,MOTO,FGSM,0.5,MIM,0.6,9.39344262295082,8.0,0,59
engr0,MOTO,FGSM,0.5,MIM,0.7,9.39344262295082,8.0,0,59
engr0,MOTO,FGSM,0.5,MIM,0.8,9.39344262295082,8.0,0,59
engr0,MOTO,FGSM,0.5,MIM,0.9,9.39344262295082,8.0,0,59
engr0,MOTO,FGSM,0.5,MIM,1.0,9.39344262295082,8.0,0,59
engr0,OP3,FGSM,0.5,MIM,0.1,5.459016393442623,4.0,0,44
engr0,OP3,FGSM,0.5,MIM,0.2,8.459016393442623,5.0,0,34
engr0,OP3,FGSM,0.5,MIM,0.3,11.19672131147541,5.0,0,50
engr0,OP3,FGSM,0.5,MIM,0.4,11.39344262295082,6.0,0,50
engr0,OP3,FGSM,0.5,MIM,0.5,11.39344262295082,6.0,0,50
engr0,OP3,FGSM,0.5,MIM,0.6,11.39344262295082,6.0,0,50
engr0,OP3,FGSM,0.5,MIM,0.7,11.39344262295082,6.0,0,50
engr0,OP3,FGSM,0.5,MIM,0.8,11.39344262295082,6.0,0,50
engr0,OP3,FGSM,0.5,MIM,0.9,11.39344262295082,6.0,0,50
engr0,OP3,FGSM,0.5,MIM,1.0,11.39344262295082,6.0,0,50
engr0,S7,FGSM,0.5,MIM,0.1,5.295081967213115,3.0,0,41
engr0,S7,FGSM,0.5,MIM,0.2,9.868852459016393,7.0,0,43
engr0,S7,FGSM,0.5,MIM,0.3,11.442622950819672,6.0,0,44
engr0,S7,FGSM,0.5,MIM,0.4,12.557377049180328,9.0,0,48
engr0,S7,FGSM,0.5,MIM,0.5,12.557377049180328,9.0,0,48
engr0,S7,FGSM,0.5,MIM,0.6,12.557377049180328,9.0,0,48
engr0,S7,FGSM,0.5,MIM,0.7,12.557377049180328,9.0,0,48
engr0,S7,FGSM,0.5,MIM,0.8,12.557377049180328,9.0,0,48
engr0,S7,FGSM,0.5,MIM,0.9,12.557377049180328,9.0,0,48
engr0,S7,FGSM,0.5,MIM,1.0,12.557377049180328,9.0,0,48
engr0,BLU,FGSM,0.6,MIM,0.1,4.229508196721311,3.0,0,29
engr0,BLU,FGSM,0.6,MIM,0.2,9.147540983606557,6.0,0,42
engr0,BLU,FGSM,0.6,MIM,0.3,10.01639344262295,6.0,0,53
engr0,BLU,FGSM,0.6,MIM,0.4,9.672131147540984,6.0,0,44
engr0,BLU,FGSM,0.6,MIM,0.5,9.672131147540984,6.0,0,44
engr0,BLU,FGSM,0.6,MIM,0.6,9.672131147540984,6.0,0,44
engr0,BLU,FGSM,0.6,MIM,0.7,9.672131147540984,6.0,0,44
engr0,BLU,FGSM,0.6,MIM,0.8,9.672131147540984,6.0,0,44
engr0,BLU,FGSM,0.6,MIM,0.9,9.672131147540984,6.0,0,44
engr0,BLU,FGSM,0.6,MIM,1.0,9.672131147540984,6.0,0,44
engr0,HTC,FGSM,0.6,MIM,0.1,4.901639344262295,3.0,0,26
engr0,HTC,FGSM,0.6,MIM,0.2,9.01639344262295,6.0,0,44
engr0,HTC,FGSM,0.6,MIM,0.3,10.540983606557377,7.0,0,44
engr0,HTC,FGSM,0.6,MIM,0.4,10.573770491803279,6.0,0,47
engr0,HTC,FGSM,0.6,MIM,0.5,10.573770491803279,6.0,0,47
engr0,HTC,FGSM,0.6,MIM,0.6,10.573770491803279,6.0,0,47
engr0,HTC,FGSM,0.6,MIM,0.7,10.573770491803279,6.0,0,47
engr0,HTC,FGSM,0.6,MIM,0.8,10.573770491803279,6.0,0,47
engr0,HTC,FGSM,0.6,MIM,0.9,10.573770491803279,6.0,0,47
engr0,HTC,FGSM,0.6,MIM,1.0,10.573770491803279,6.0,0,47
engr0,LG,FGSM,0.6,MIM,0.1,3.6557377049180326,2.0,0,33
engr0,LG,FGSM,0.6,MIM,0.2,9.442622950819672,5.0,0,57
engr0,LG,FGSM,0.6,MIM,0.3,10.901639344262295,5.0,0,47
engr0,LG,FGSM,0.6,MIM,0.4,12.245901639344263,6.0,0,57
engr0,LG,FGSM,0.6,MIM,0.5,12.245901639344263,6.0,0,57
engr0,LG,FGSM,0.6,MIM,0.6,12.245901639344263,6.0,0,57
engr0,LG,FGSM,0.6,MIM,0.7,12.245901639344263,6.0,0,57
engr0,LG,FGSM,0.6,MIM,0.8,12.245901639344263,6.0,0,57
engr0,LG,FGSM,0.6,MIM,0.9,12.245901639344263,6.0,0,57
engr0,LG,FGSM,0.6,MIM,1.0,12.245901639344263,6.0,0,57
engr0,MOTO,FGSM,0.6,MIM,0.1,6.819672131147541,6.0,0,27
engr0,MOTO,FGSM,0.6,MIM,0.2,9.852459016393443,9.0,0,34
engr0,MOTO,FGSM,0.6,MIM,0.3,8.278688524590164,7.0,0,33
engr0,MOTO,FGSM,0.6,MIM,0.4,11.163934426229508,9.0,0,33
engr0,MOTO,FGSM,0.6,MIM,0.5,11.163934426229508,9.0,0,33
engr0,MOTO,FGSM,0.6,MIM,0.6,11.163934426229508,9.0,0,33
engr0,MOTO,FGSM,0.6,MIM,0.7,11.163934426229508,9.0,0,33
engr0,MOTO,FGSM,0.6,MIM,0.8,11.163934426229508,9.0,0,33
engr0,MOTO,FGSM,0.6,MIM,0.9,11.163934426229508,9.0,0,33
engr0,MOTO,FGSM,0.6,MIM,1.0,11.163934426229508,9.0,0,33
engr0,OP3,FGSM,0.6,MIM,0.1,5.19672131147541,3.0,0,44
engr0,OP3,FGSM,0.6,MIM,0.2,8.737704918032787,5.0,0,36
engr0,OP3,FGSM,0.6,MIM,0.3,10.262295081967213,5.0,0,50
engr0,OP3,FGSM,0.6,MIM,0.4,11.19672131147541,6.0,0,50
engr0,OP3,FGSM,0.6,MIM,0.5,11.19672131147541,6.0,0,50
engr0,OP3,FGSM,0.6,MIM,0.6,11.19672131147541,6.0,0,50
engr0,OP3,FGSM,0.6,MIM,0.7,11.19672131147541,6.0,0,50
engr0,OP3,FGSM,0.6,MIM,0.8,11.19672131147541,6.0,0,50
engr0,OP3,FGSM,0.6,MIM,0.9,11.19672131147541,6.0,0,50
engr0,OP3,FGSM,0.6,MIM,1.0,11.19672131147541,6.0,0,50
engr0,S7,FGSM,0.6,MIM,0.1,4.213114754098361,4.0,0,13
engr0,S7,FGSM,0.6,MIM,0.2,9.524590163934427,7.0,0,43
engr0,S7,FGSM,0.6,MIM,0.3,11.934426229508198,7.0,0,48
engr0,S7,FGSM,0.6,MIM,0.4,11.934426229508198,7.0,0,48
engr0,S7,FGSM,0.6,MIM,0.5,11.934426229508198,7.0,0,48
engr0,S7,FGSM,0.6,MIM,0.6,11.934426229508198,7.0,0,48
engr0,S7,FGSM,0.6,MIM,0.7,11.934426229508198,7.0,0,48
engr0,S7,FGSM,0.6,MIM,0.8,11.934426229508198,7.0,0,48
engr0,S7,FGSM,0.6,MIM,0.9,11.934426229508198,7.0,0,48
engr0,S7,FGSM,0.6,MIM,1.0,11.934426229508198,7.0,0,48
engr0,BLU,FGSM,0.7,MIM,0.1,4.229508196721311,3.0,0,29
engr0,BLU,FGSM,0.7,MIM,0.2,9.147540983606557,6.0,0,42
engr0,BLU,FGSM,0.7,MIM,0.3,10.114754098360656,6.0,0,53
engr0,BLU,FGSM,0.7,MIM,0.4,9.672131147540984,6.0,0,44
engr0,BLU,FGSM,0.7,MIM,0.5,9.672131147540984,6.0,0,44
engr0,BLU,FGSM,0.7,MIM,0.6,9.672131147540984,6.0,0,44
engr0,BLU,FGSM,0.7,MIM,0.7,9.672131147540984,6.0,0,44
engr0,BLU,FGSM,0.7,MIM,0.8,9.672131147540984,6.0,0,44
engr0,BLU,FGSM,0.7,MIM,0.9,9.672131147540984,6.0,0,44
engr0,BLU,FGSM,0.7,MIM,1.0,9.672131147540984,6.0,0,44
engr0,HTC,FGSM,0.7,MIM,0.1,4.901639344262295,3.0,0,26
engr0,HTC,FGSM,0.7,MIM,0.2,9.01639344262295,6.0,0,44
engr0,HTC,FGSM,0.7,MIM,0.3,10.540983606557377,7.0,0,44
engr0,HTC,FGSM,0.7,MIM,0.4,10.508196721311476,7.0,0,47
engr0,HTC,FGSM,0.7,MIM,0.5,10.508196721311476,7.0,0,47
engr0,HTC,FGSM,0.7,MIM,0.6,10.508196721311476,7.0,0,47
engr0,HTC,FGSM,0.7,MIM,0.7,10.508196721311476,7.0,0,47
engr0,HTC,FGSM,0.7,MIM,0.8,10.508196721311476,7.0,0,47
engr0,HTC,FGSM,0.7,MIM,0.9,10.508196721311476,7.0,0,47
engr0,HTC,FGSM,0.7,MIM,1.0,10.508196721311476,7.0,0,47
engr0,LG,FGSM,0.7,MIM,0.1,3.6557377049180326,2.0,0,33
engr0,LG,FGSM,0.7,MIM,0.2,9.442622950819672,5.0,0,57
engr0,LG,FGSM,0.7,MIM,0.3,10.918032786885245,5.0,0,47
engr0,LG,FGSM,0.7,MIM,0.4,12.80327868852459,6.0,0,57
engr0,LG,FGSM,0.7,MIM,0.5,12.80327868852459,6.0,0,57
engr0,LG,FGSM,0.7,MIM,0.6,12.80327868852459,6.0,0,57
engr0,LG,FGSM,0.7,MIM,0.7,12.80327868852459,6.0,0,57
engr0,LG,FGSM,0.7,MIM,0.8,12.80327868852459,6.0,0,57
engr0,LG,FGSM,0.7,MIM,0.9,12.80327868852459,6.0,0,57
engr0,LG,FGSM,0.7,MIM,1.0,12.80327868852459,6.0,0,57
engr0,MOTO,FGSM,0.7,MIM,0.1,6.80327868852459,6.0,0,27
engr0,MOTO,FGSM,0.7,MIM,0.2,9.754098360655737,9.0,0,34
engr0,MOTO,FGSM,0.7,MIM,0.3,9.0,7.0,0,40
engr0,MOTO,FGSM,0.7,MIM,0.4,9.524590163934427,8.0,0,33
engr0,MOTO,FGSM,0.7,MIM,0.5,9.524590163934427,8.0,0,33
engr0,MOTO,FGSM,0.7,MIM,0.6,9.524590163934427,8.0,0,33
engr0,MOTO,FGSM,0.7,MIM,0.7,9.524590163934427,8.0,0,33
engr0,MOTO,FGSM,0.7,MIM,0.8,9.524590163934427,8.0,0,33
engr0,MOTO,FGSM,0.7,MIM,0.9,9.524590163934427,8.0,0,33
engr0,MOTO,FGSM,0.7,MIM,1.0,9.524590163934427,8.0,0,33
engr0,OP3,FGSM,0.7,MIM,0.1,5.19672131147541,3.0,0,44
engr0,OP3,FGSM,0.7,MIM,0.2,8.737704918032787,5.0,0,36
engr0,OP3,FGSM,0.7,MIM,0.3,11.01639344262295,6.0,0,50
engr0,OP3,FGSM,0.7,MIM,0.4,10.950819672131148,5.0,0,50
engr0,OP3,FGSM,0.7,MIM,0.5,10.950819672131148,5.0,0,50
engr0,OP3,FGSM,0.7,MIM,0.6,10.950819672131148,5.0,0,50
engr0,OP3,FGSM,0.7,MIM,0.7,10.950819672131148,5.0,0,50
engr0,OP3,FGSM,0.7,MIM,0.8,10.950819672131148,5.0,0,50
engr0,OP3,FGSM,0.7,MIM,0.9,10.950819672131148,5.0,0,50
engr0,OP3,FGSM,0.7,MIM,1.0,10.950819672131148,5.0,0,50
engr0,S7,FGSM,0.7,MIM,0.1,4.213114754098361,4.0,0,13
engr0,S7,FGSM,0.7,MIM,0.2,9.524590163934427,7.0,0,43
engr0,S7,FGSM,0.7,MIM,0.3,12.180327868852459,8.0,0,48
engr0,S7,FGSM,0.7,MIM,0.4,12.573770491803279,9.0,0,48
engr0,S7,FGSM,0.7,MIM,0.5,12.573770491803279,9.0,0,48
engr0,S7,FGSM,0.7,MIM,0.6,12.573770491803279,9.0,0,48
engr0,S7,FGSM,0.7,MIM,0.7,12.573770491803279,9.0,0,48
engr0,S7,FGSM,0.7,MIM,0.8,12.573770491803279,9.0,0,48
engr0,S7,FGSM,0.7,MIM,0.9,12.573770491803279,9.0,0,48
engr0,S7,FGSM,0.7,MIM,1.0,12.573770491803279,9.0,0,48
engr0,BLU,FGSM,0.8,MIM,0.1,4.229508196721311,3.0,0,29
engr0,BLU,FGSM,0.8,MIM,0.2,9.147540983606557,6.0,0,42
engr0,BLU,FGSM,0.8,MIM,0.3,10.114754098360656,6.0,0,53
engr0,BLU,FGSM,0.8,MIM,0.4,9.868852459016393,6.0,0,44
engr0,BLU,FGSM,0.8,MIM,0.5,9.868852459016393,6.0,0,44
engr0,BLU,FGSM,0.8,MIM,0.6,9.868852459016393,6.0,0,44
engr0,BLU,FGSM,0.8,MIM,0.7,9.868852459016393,6.0,0,44
engr0,BLU,FGSM,0.8,MIM,0.8,9.868852459016393,6.0,0,44
engr0,BLU,FGSM,0.8,MIM,0.9,9.868852459016393,6.0,0,44
engr0,BLU,FGSM,0.8,MIM,1.0,9.868852459016393,6.0,0,44
engr0,HTC,FGSM,0.8,MIM,0.1,4.901639344262295,3.0,0,26
engr0,HTC,FGSM,0.8,MIM,0.2,9.01639344262295,6.0,0,44
engr0,HTC,FGSM,0.8,MIM,0.3,10.540983606557377,7.0,0,44
engr0,HTC,FGSM,0.8,MIM,0.4,10.508196721311476,7.0,0,47
engr0,HTC,FGSM,0.8,MIM,0.5,10.508196721311476,7.0,0,47
engr0,HTC,FGSM,0.8,MIM,0.6,10.508196721311476,7.0,0,47
engr0,HTC,FGSM,0.8,MIM,0.7,10.508196721311476,7.0,0,47
engr0,HTC,FGSM,0.8,MIM,0.8,10.508196721311476,7.0,0,47
engr0,HTC,FGSM,0.8,MIM,0.9,10.508196721311476,7.0,0,47
engr0,HTC,FGSM,0.8,MIM,1.0,10.508196721311476,7.0,0,47
engr0,LG,FGSM,0.8,MIM,0.1,3.6557377049180326,2.0,0,33
engr0,LG,FGSM,0.8,MIM,0.2,9.442622950819672,5.0,0,57
engr0,LG,FGSM,0.8,MIM,0.3,10.819672131147541,5.0,0,47
engr0,LG,FGSM,0.8,MIM,0.4,12.78688524590164,6.0,0,57
engr0,LG,FGSM,0.8,MIM,0.5,12.78688524590164,6.0,0,57
engr0,LG,FGSM,0.8,MIM,0.6,12.78688524590164,6.0,0,57
engr0,LG,FGSM,0.8,MIM,0.7,12.78688524590164,6.0,0,57
engr0,LG,FGSM,0.8,MIM,0.8,12.78688524590164,6.0,0,57
engr0,LG,FGSM,0.8,MIM,0.9,12.78688524590164,6.0,0,57
engr0,LG,FGSM,0.8,MIM,1.0,12.78688524590164,6.0,0,57
engr0,MOTO,FGSM,0.8,MIM,0.1,6.80327868852459,6.0,0,27
engr0,MOTO,FGSM,0.8,MIM,0.2,9.754098360655737,9.0,0,34
engr0,MOTO,FGSM,0.8,MIM,0.3,8.98360655737705,7.0,0,40
engr0,MOTO,FGSM,0.8,MIM,0.4,8.885245901639344,7.0,0,33
engr0,MOTO,FGSM,0.8,MIM,0.5,8.885245901639344,7.0,0,33
engr0,MOTO,FGSM,0.8,MIM,0.6,8.885245901639344,7.0,0,33
engr0,MOTO,FGSM,0.8,MIM,0.7,8.885245901639344,7.0,0,33
engr0,MOTO,FGSM,0.8,MIM,0.8,8.885245901639344,7.0,0,33
engr0,MOTO,FGSM,0.8,MIM,0.9,8.885245901639344,7.0,0,33
engr0,MOTO,FGSM,0.8,MIM,1.0,8.885245901639344,7.0,0,33
engr0,OP3,FGSM,0.8,MIM,0.1,5.19672131147541,3.0,0,44
engr0,OP3,FGSM,0.8,MIM,0.2,8.737704918032787,5.0,0,36
engr0,OP3,FGSM,0.8,MIM,0.3,11.163934426229508,6.0,0,50
engr0,OP3,FGSM,0.8,MIM,0.4,10.950819672131148,5.0,0,50
engr0,OP3,FGSM,0.8,MIM,0.5,10.950819672131148,5.0,0,50
engr0,OP3,FGSM,0.8,MIM,0.6,10.950819672131148,5.0,0,50
engr0,OP3,FGSM,0.8,MIM,0.7,10.950819672131148,5.0,0,50
engr0,OP3,FGSM,0.8,MIM,0.8,10.950819672131148,5.0,0,50
engr0,OP3,FGSM,0.8,MIM,0.9,10.950819672131148,5.0,0,50
engr0,OP3,FGSM,0.8,MIM,1.0,10.950819672131148,5.0,0,50
engr0,S7,FGSM,0.8,MIM,0.1,4.213114754098361,4.0,0,13
engr0,S7,FGSM,0.8,MIM,0.2,9.524590163934427,7.0,0,43
engr0,S7,FGSM,0.8,MIM,0.3,12.180327868852459,8.0,0,48
engr0,S7,FGSM,0.8,MIM,0.4,12.278688524590164,8.0,0,48
engr0,S7,FGSM,0.8,MIM,0.5,12.278688524590164,8.0,0,48
engr0,S7,FGSM,0.8,MIM,0.6,12.278688524590164,8.0,0,48
engr0,S7,FGSM,0.8,MIM,0.7,12.278688524590164,8.0,0,48
engr0,S7,FGSM,0.8,MIM,0.8,12.278688524590164,8.0,0,48
engr0,S7,FGSM,0.8,MIM,0.9,12.278688524590164,8.0,0,48
engr0,S7,FGSM,0.8,MIM,1.0,12.278688524590164,8.0,0,48
engr0,BLU,FGSM,0.9,MIM,0.1,4.229508196721311,3.0,0,29
engr0,BLU,FGSM,0.9,MIM,0.2,9.147540983606557,6.0,0,42
engr0,BLU,FGSM,0.9,MIM,0.3,10.114754098360656,6.0,0,53
engr0,BLU,FGSM,0.9,MIM,0.4,9.868852459016393,6.0,0,44
engr0,BLU,FGSM,0.9,MIM,0.5,9.868852459016393,6.0,0,44
engr0,BLU,FGSM,0.9,MIM,0.6,9.868852459016393,6.0,0,44
engr0,BLU,FGSM,0.9,MIM,0.7,9.868852459016393,6.0,0,44
engr0,BLU,FGSM,0.9,MIM,0.8,9.868852459016393,6.0,0,44
engr0,BLU,FGSM,0.9,MIM,0.9,9.868852459016393,6.0,0,44
engr0,BLU,FGSM,0.9,MIM,1.0,9.868852459016393,6.0,0,44
engr0,HTC,FGSM,0.9,MIM,0.1,4.901639344262295,3.0,0,26
engr0,HTC,FGSM,0.9,MIM,0.2,9.01639344262295,6.0,0,44
engr0,HTC,FGSM,0.9,MIM,0.3,10.540983606557377,7.0,0,44
engr0,HTC,FGSM,0.9,MIM,0.4,10.508196721311476,7.0,0,47
engr0,HTC,FGSM,0.9,MIM,0.5,10.508196721311476,7.0,0,47
engr0,HTC,FGSM,0.9,MIM,0.6,10.508196721311476,7.0,0,47
engr0,HTC,FGSM,0.9,MIM,0.7,10.508196721311476,7.0,0,47
engr0,HTC,FGSM,0.9,MIM,0.8,10.508196721311476,7.0,0,47
engr0,HTC,FGSM,0.9,MIM,0.9,10.508196721311476,7.0,0,47
engr0,HTC,FGSM,0.9,MIM,1.0,10.508196721311476,7.0,0,47
engr0,LG,FGSM,0.9,MIM,0.1,3.6557377049180326,2.0,0,33
engr0,LG,FGSM,0.9,MIM,0.2,9.442622950819672,5.0,0,57
engr0,LG,FGSM,0.9,MIM,0.3,10.819672131147541,5.0,0,47
engr0,LG,FGSM,0.9,MIM,0.4,12.770491803278688,6.0,0,57
engr0,LG,FGSM,0.9,MIM,0.5,12.770491803278688,6.0,0,57
engr0,LG,FGSM,0.9,MIM,0.6,12.770491803278688,6.0,0,57
engr0,LG,FGSM,0.9,MIM,0.7,12.770491803278688,6.0,0,57
engr0,LG,FGSM,0.9,MIM,0.8,12.770491803278688,6.0,0,57
engr0,LG,FGSM,0.9,MIM,0.9,12.770491803278688,6.0,0,57
engr0,LG,FGSM,0.9,MIM,1.0,12.770491803278688,6.0,0,57
engr0,MOTO,FGSM,0.9,MIM,0.1,6.80327868852459,6.0,0,27
engr0,MOTO,FGSM,0.9,MIM,0.2,9.655737704918034,9.0,0,34
engr0,MOTO,FGSM,0.9,MIM,0.3,8.98360655737705,7.0,0,40
engr0,MOTO,FGSM,0.9,MIM,0.4,9.475409836065573,7.0,0,40
engr0,MOTO,FGSM,0.9,MIM,0.5,9.475409836065573,7.0,0,40
engr0,MOTO,FGSM,0.9,MIM,0.6,9.475409836065573,7.0,0,40
engr0,MOTO,FGSM,0.9,MIM,0.7,9.475409836065573,7.0,0,40
engr0,MOTO,FGSM,0.9,MIM,0.8,9.475409836065573,7.0,0,40
engr0,MOTO,FGSM,0.9,MIM,0.9,9.475409836065573,7.0,0,40
engr0,MOTO,FGSM,0.9,MIM,1.0,9.475409836065573,7.0,0,40
engr0,OP3,FGSM,0.9,MIM,0.1,5.19672131147541,3.0,0,44
engr0,OP3,FGSM,0.9,MIM,0.2,8.737704918032787,5.0,0,36
engr0,OP3,FGSM,0.9,MIM,0.3,11.163934426229508,6.0,0,50
engr0,OP3,FGSM,0.9,MIM,0.4,10.950819672131148,5.0,0,50
engr0,OP3,FGSM,0.9,MIM,0.5,10.950819672131148,5.0,0,50
engr0,OP3,FGSM,0.9,MIM,0.6,10.950819672131148,5.0,0,50
engr0,OP3,FGSM,0.9,MIM,0.7,10.950819672131148,5.0,0,50
engr0,OP3,FGSM,0.9,MIM,0.8,10.950819672131148,5.0,0,50
engr0,OP3,FGSM,0.9,MIM,0.9,10.950819672131148,5.0,0,50
engr0,OP3,FGSM,0.9,MIM,1.0,10.950819672131148,5.0,0,50
engr0,S7,FGSM,0.9,MIM,0.1,4.213114754098361,4.0,0,13
engr0,S7,FGSM,0.9,MIM,0.2,9.524590163934427,7.0,0,43
engr0,S7,FGSM,0.9,MIM,0.3,12.180327868852459,8.0,0,48
engr0,S7,FGSM,0.9,MIM,0.4,12.278688524590164,8.0,0,48
engr0,S7,FGSM,0.9,MIM,0.5,12.278688524590164,8.0,0,48
engr0,S7,FGSM,0.9,MIM,0.6,12.278688524590164,8.0,0,48
engr0,S7,FGSM,0.9,MIM,0.7,12.278688524590164,8.0,0,48
engr0,S7,FGSM,0.9,MIM,0.8,12.278688524590164,8.0,0,48
engr0,S7,FGSM,0.9,MIM,0.9,12.278688524590164,8.0,0,48
engr0,S7,FGSM,0.9,MIM,1.0,12.278688524590164,8.0,0,48
engr0,BLU,FGSM,1.0,MIM,0.1,4.229508196721311,3.0,0,29
engr0,BLU,FGSM,1.0,MIM,0.2,9.147540983606557,6.0,0,42
engr0,BLU,FGSM,1.0,MIM,0.3,10.114754098360656,6.0,0,53
engr0,BLU,FGSM,1.0,MIM,0.4,9.868852459016393,6.0,0,44
engr0,BLU,FGSM,1.0,MIM,0.5,9.868852459016393,6.0,0,44
engr0,BLU,FGSM,1.0,MIM,0.6,9.868852459016393,6.0,0,44
engr0,BLU,FGSM,1.0,MIM,0.7,9.868852459016393,6.0,0,44
engr0,BLU,FGSM,1.0,MIM,0.8,9.868852459016393,6.0,0,44
engr0,BLU,FGSM,1.0,MIM,0.9,9.868852459016393,6.0,0,44
engr0,BLU,FGSM,1.0,MIM,1.0,9.868852459016393,6.0,0,44
engr0,HTC,FGSM,1.0,MIM,0.1,4.901639344262295,3.0,0,26
engr0,HTC,FGSM,1.0,MIM,0.2,9.01639344262295,6.0,0,44
engr0,HTC,FGSM,1.0,MIM,0.3,10.540983606557377,7.0,0,44
engr0,HTC,FGSM,1.0,MIM,0.4,10.508196721311476,7.0,0,47
engr0,HTC,FGSM,1.0,MIM,0.5,10.508196721311476,7.0,0,47
engr0,HTC,FGSM,1.0,MIM,0.6,10.508196721311476,7.0,0,47
engr0,HTC,FGSM,1.0,MIM,0.7,10.508196721311476,7.0,0,47
engr0,HTC,FGSM,1.0,MIM,0.8,10.508196721311476,7.0,0,47
engr0,HTC,FGSM,1.0,MIM,0.9,10.508196721311476,7.0,0,47
engr0,HTC,FGSM,1.0,MIM,1.0,10.508196721311476,7.0,0,47
engr0,LG,FGSM,1.0,MIM,0.1,3.6557377049180326,2.0,0,33
engr0,LG,FGSM,1.0,MIM,0.2,9.442622950819672,5.0,0,57
engr0,LG,FGSM,1.0,MIM,0.3,10.819672131147541,5.0,0,47
engr0,LG,FGSM,1.0,MIM,0.4,12.770491803278688,6.0,0,57
engr0,LG,FGSM,1.0,MIM,0.5,12.770491803278688,6.0,0,57
engr0,LG,FGSM,1.0,MIM,0.6,12.770491803278688,6.0,0,57
engr0,LG,FGSM,1.0,MIM,0.7,12.770491803278688,6.0,0,57
engr0,LG,FGSM,1.0,MIM,0.8,12.770491803278688,6.0,0,57
engr0,LG,FGSM,1.0,MIM,0.9,12.770491803278688,6.0,0,57
engr0,LG,FGSM,1.0,MIM,1.0,12.770491803278688,6.0,0,57
engr0,MOTO,FGSM,1.0,MIM,0.1,6.80327868852459,6.0,0,27
engr0,MOTO,FGSM,1.0,MIM,0.2,9.655737704918034,9.0,0,34
engr0,MOTO,FGSM,1.0,MIM,0.3,8.98360655737705,7.0,0,40
engr0,MOTO,FGSM,1.0,MIM,0.4,9.475409836065573,7.0,0,40
engr0,MOTO,FGSM,1.0,MIM,0.5,9.475409836065573,7.0,0,40
engr0,MOTO,FGSM,1.0,MIM,0.6,9.475409836065573,7.0,0,40
engr0,MOTO,FGSM,1.0,MIM,0.7,9.475409836065573,7.0,0,40
engr0,MOTO,FGSM,1.0,MIM,0.8,9.475409836065573,7.0,0,40
engr0,MOTO,FGSM,1.0,MIM,0.9,9.475409836065573,7.0,0,40
engr0,MOTO,FGSM,1.0,MIM,1.0,9.475409836065573,7.0,0,40
engr0,OP3,FGSM,1.0,MIM,0.1,5.19672131147541,3.0,0,44
engr0,OP3,FGSM,1.0,MIM,0.2,8.737704918032787,5.0,0,36
engr0,OP3,FGSM,1.0,MIM,0.3,11.163934426229508,6.0,0,50
engr0,OP3,FGSM,1.0,MIM,0.4,10.950819672131148,5.0,0,50
engr0,OP3,FGSM,1.0,MIM,0.5,10.950819672131148,5.0,0,50
engr0,OP3,FGSM,1.0,MIM,0.6,10.950819672131148,5.0,0,50
engr0,OP3,FGSM,1.0,MIM,0.7,10.950819672131148,5.0,0,50
engr0,OP3,FGSM,1.0,MIM,0.8,10.950819672131148,5.0,0,50
engr0,OP3,FGSM,1.0,MIM,0.9,10.950819672131148,5.0,0,50
engr0,OP3,FGSM,1.0,MIM,1.0,10.950819672131148,5.0,0,50
engr0,S7,FGSM,1.0,MIM,0.1,4.213114754098361,4.0,0,13
engr0,S7,FGSM,1.0,MIM,0.2,9.524590163934427,7.0,0,43
engr0,S7,FGSM,1.0,MIM,0.3,12.180327868852459,8.0,0,48
engr0,S7,FGSM,1.0,MIM,0.4,12.278688524590164,8.0,0,48
engr0,S7,FGSM,1.0,MIM,0.5,12.278688524590164,8.0,0,48
engr0,S7,FGSM,1.0,MIM,0.6,12.278688524590164,8.0,0,48
engr0,S7,FGSM,1.0,MIM,0.7,12.278688524590164,8.0,0,48
engr0,S7,FGSM,1.0,MIM,0.8,12.278688524590164,8.0,0,48
engr0,S7,FGSM,1.0,MIM,0.9,12.278688524590164,8.0,0,48
engr0,S7,FGSM,1.0,MIM,1.0,12.278688524590164,8.0,0,48
engr0,BLU,PGD,0.1,MIM,0.1,5.721311475409836,5.0,0,19
engr0,BLU,PGD,0.1,MIM,0.2,7.491803278688525,5.0,0,48
engr0,BLU,PGD,0.1,MIM,0.3,11.59016393442623,6.0,0,51
engr0,BLU,PGD,0.1,MIM,0.4,11.59016393442623,5.0,0,48
engr0,BLU,PGD,0.1,MIM,0.5,11.59016393442623,5.0,0,48
engr0,BLU,PGD,0.1,MIM,0.6,11.59016393442623,5.0,0,48
engr0,BLU,PGD,0.1,MIM,0.7,11.59016393442623,5.0,0,48
engr0,BLU,PGD,0.1,MIM,0.8,11.59016393442623,5.0,0,48
engr0,BLU,PGD,0.1,MIM,0.9,11.59016393442623,5.0,0,48
engr0,BLU,PGD,0.1,MIM,1.0,11.59016393442623,5.0,0,48
engr0,HTC,PGD,0.1,MIM,0.1,5.540983606557377,5.0,0,29
engr0,HTC,PGD,0.1,MIM,0.2,7.508196721311475,5.0,0,31
engr0,HTC,PGD,0.1,MIM,0.3,9.885245901639344,6.0,0,46
engr0,HTC,PGD,0.1,MIM,0.4,9.704918032786885,6.0,0,37
engr0,HTC,PGD,0.1,MIM,0.5,9.704918032786885,6.0,0,37
engr0,HTC,PGD,0.1,MIM,0.6,9.704918032786885,6.0,0,37
engr0,HTC,PGD,0.1,MIM,0.7,9.704918032786885,6.0,0,37
engr0,HTC,PGD,0.1,MIM,0.8,9.704918032786885,6.0,0,37
engr0,HTC,PGD,0.1,MIM,0.9,9.704918032786885,6.0,0,37
engr0,HTC,PGD,0.1,MIM,1.0,9.704918032786885,6.0,0,37
engr0,LG,PGD,0.1,MIM,0.1,4.918032786885246,3.0,0,30
engr0,LG,PGD,0.1,MIM,0.2,8.245901639344263,6.0,0,41
engr0,LG,PGD,0.1,MIM,0.3,10.426229508196721,6.0,0,46
engr0,LG,PGD,0.1,MIM,0.4,11.524590163934427,6.0,0,48
engr0,LG,PGD,0.1,MIM,0.5,11.524590163934427,6.0,0,48
engr0,LG,PGD,0.1,MIM,0.6,11.524590163934427,6.0,0,48
engr0,LG,PGD,0.1,MIM,0.7,11.524590163934427,6.0,0,48
engr0,LG,PGD,0.1,MIM,0.8,11.524590163934427,6.0,0,48
engr0,LG,PGD,0.1,MIM,0.9,11.524590163934427,6.0,0,48
engr0,LG,PGD,0.1,MIM,1.0,11.524590163934427,6.0,0,48
engr0,MOTO,PGD,0.1,MIM,0.1,6.786885245901639,5.0,0,32
engr0,MOTO,PGD,0.1,MIM,0.2,12.934426229508198,10.0,0,45
engr0,MOTO,PGD,0.1,MIM,0.3,17.098360655737704,13.0,0,45
engr0,MOTO,PGD,0.1,MIM,0.4,19.278688524590162,16.0,0,47
engr0,MOTO,PGD,0.1,MIM,0.5,19.278688524590162,16.0,0,47
engr0,MOTO,PGD,0.1,MIM,0.6,19.278688524590162,16.0,0,47
engr0,MOTO,PGD,0.1,MIM,0.7,19.278688524590162,16.0,0,47
engr0,MOTO,PGD,0.1,MIM,0.8,19.278688524590162,16.0,0,47
engr0,MOTO,PGD,0.1,MIM,0.9,19.278688524590162,16.0,0,47
engr0,MOTO,PGD,0.1,MIM,1.0,19.278688524590162,16.0,0,47
engr0,OP3,PGD,0.1,MIM,0.1,3.3934426229508197,2.0,0,15
engr0,OP3,PGD,0.1,MIM,0.2,5.918032786885246,4.0,0,47
engr0,OP3,PGD,0.1,MIM,0.3,8.491803278688524,5.0,0,47
engr0,OP3,PGD,0.1,MIM,0.4,9.60655737704918,5.0,0,51
engr0,OP3,PGD,0.1,MIM,0.5,9.60655737704918,5.0,0,51
engr0,OP3,PGD,0.1,MIM,0.6,9.60655737704918,5.0,0,51
engr0,OP3,PGD,0.1,MIM,0.7,9.60655737704918,5.0,0,51
engr0,OP3,PGD,0.1,MIM,0.8,9.60655737704918,5.0,0,51
engr0,OP3,PGD,0.1,MIM,0.9,9.60655737704918,5.0,0,51
engr0,OP3,PGD,0.1,MIM,1.0,9.60655737704918,5.0,0,51
engr0,S7,PGD,0.1,MIM,0.1,4.180327868852459,3.0,0,23
engr0,S7,PGD,0.1,MIM,0.2,8.475409836065573,6.0,1,46
engr0,S7,PGD,0.1,MIM,0.3,10.081967213114755,6.0,0,46
engr0,S7,PGD,0.1,MIM,0.4,10.655737704918034,7.0,1,46
engr0,S7,PGD,0.1,MIM,0.5,10.655737704918034,7.0,1,46
engr0,S7,PGD,0.1,MIM,0.6,10.655737704918034,7.0,1,46
engr0,S7,PGD,0.1,MIM,0.7,10.655737704918034,7.0,1,46
engr0,S7,PGD,0.1,MIM,0.8,10.655737704918034,7.0,1,46
engr0,S7,PGD,0.1,MIM,0.9,10.655737704918034,7.0,1,46
engr0,S7,PGD,0.1,MIM,1.0,10.655737704918034,7.0,1,46
engr0,BLU,PGD,0.2,MIM,0.1,5.754098360655738,4.0,0,21
engr0,BLU,PGD,0.2,MIM,0.2,7.360655737704918,5.0,0,48
engr0,BLU,PGD,0.2,MIM,0.3,10.934426229508198,6.0,0,51
engr0,BLU,PGD,0.2,MIM,0.4,11.901639344262295,7.0,0,50
engr0,BLU,PGD,0.2,MIM,0.5,11.901639344262295,7.0,0,50
engr0,BLU,PGD,0.2,MIM,0.6,11.901639344262295,7.0,0,50
engr0,BLU,PGD,0.2,MIM,0.7,11.901639344262295,7.0,0,50
engr0,BLU,PGD,0.2,MIM,0.8,11.901639344262295,7.0,0,50
engr0,BLU,PGD,0.2,MIM,0.9,11.901639344262295,7.0,0,50
engr0,BLU,PGD,0.2,MIM,1.0,11.901639344262295,7.0,0,50
engr0,HTC,PGD,0.2,MIM,0.1,5.360655737704918,4.0,0,29
engr0,HTC,PGD,0.2,MIM,0.2,9.442622950819672,6.0,0,42
engr0,HTC,PGD,0.2,MIM,0.3,8.081967213114755,6.0,0,37
engr0,HTC,PGD,0.2,MIM,0.4,10.21311475409836,6.0,0,59
engr0,HTC,PGD,0.2,MIM,0.5,10.21311475409836,6.0,0,59
engr0,HTC,PGD,0.2,MIM,0.6,10.21311475409836,6.0,0,59
engr0,HTC,PGD,0.2,MIM,0.7,10.21311475409836,6.0,0,59
engr0,HTC,PGD,0.2,MIM,0.8,10.21311475409836,6.0,0,59
engr0,HTC,PGD,0.2,MIM,0.9,10.21311475409836,6.0,0,59
engr0,HTC,PGD,0.2,MIM,1.0,10.21311475409836,6.0,0,59
engr0,LG,PGD,0.2,MIM,0.1,4.737704918032787,3.0,0,26
engr0,LG,PGD,0.2,MIM,0.2,7.491803278688525,5.0,0,40
engr0,LG,PGD,0.2,MIM,0.3,10.344262295081966,6.0,0,46
engr0,LG,PGD,0.2,MIM,0.4,11.901639344262295,6.0,0,50
engr0,LG,PGD,0.2,MIM,0.5,11.901639344262295,6.0,0,50
engr0,LG,PGD,0.2,MIM,0.6,11.901639344262295,6.0,0,50
engr0,LG,PGD,0.2,MIM,0.7,11.901639344262295,6.0,0,50
engr0,LG,PGD,0.2,MIM,0.8,11.901639344262295,6.0,0,50
engr0,LG,PGD,0.2,MIM,0.9,11.901639344262295,6.0,0,50
engr0,LG,PGD,0.2,MIM,1.0,11.901639344262295,6.0,0,50
engr0,MOTO,PGD,0.2,MIM,0.1,7.39344262295082,6.0,0,31
engr0,MOTO,PGD,0.2,MIM,0.2,16.114754098360656,12.0,0,42
engr0,MOTO,PGD,0.2,MIM,0.3,16.983606557377048,15.0,0,41
engr0,MOTO,PGD,0.2,MIM,0.4,18.295081967213115,16.0,0,46
engr0,MOTO,PGD,0.2,MIM,0.5,18.295081967213115,16.0,0,46
engr0,MOTO,PGD,0.2,MIM,0.6,18.295081967213115,16.0,0,46
engr0,MOTO,PGD,0.2,MIM,0.7,18.295081967213115,16.0,0,46
engr0,MOTO,PGD,0.2,MIM,0.8,18.295081967213115,16.0,0,46
engr0,MOTO,PGD,0.2,MIM,0.9,18.295081967213115,16.0,0,46
engr0,MOTO,PGD,0.2,MIM,1.0,18.295081967213115,16.0,0,46
engr0,OP3,PGD,0.2,MIM,0.1,4.065573770491803,2.0,0,42
engr0,OP3,PGD,0.2,MIM,0.2,6.770491803278689,5.0,0,42
engr0,OP3,PGD,0.2,MIM,0.3,9.245901639344263,4.0,0,54
engr0,OP3,PGD,0.2,MIM,0.4,9.0,4.0,0,43
engr0,OP3,PGD,0.2,MIM,0.5,9.0,4.0,0,43
engr0,OP3,PGD,0.2,MIM,0.6,9.0,4.0,0,43
engr0,OP3,PGD,0.2,MIM,0.7,9.0,4.0,0,43
engr0,OP3,PGD,0.2,MIM,0.8,9.0,4.0,0,43
engr0,OP3,PGD,0.2,MIM,0.9,9.0,4.0,0,43
engr0,OP3,PGD,0.2,MIM,1.0,9.0,4.0,0,43
engr0,S7,PGD,0.2,MIM,0.1,4.311475409836065,3.0,0,19
engr0,S7,PGD,0.2,MIM,0.2,7.295081967213115,5.0,0,29
engr0,S7,PGD,0.2,MIM,0.3,10.39344262295082,7.0,0,46
engr0,S7,PGD,0.2,MIM,0.4,9.934426229508198,6.0,0,47
engr0,S7,PGD,0.2,MIM,0.5,9.934426229508198,6.0,0,47
engr0,S7,PGD,0.2,MIM,0.6,9.934426229508198,6.0,0,47
engr0,S7,PGD,0.2,MIM,0.7,9.934426229508198,6.0,0,47
engr0,S7,PGD,0.2,MIM,0.8,9.934426229508198,6.0,0,47
engr0,S7,PGD,0.2,MIM,0.9,9.934426229508198,6.0,0,47
engr0,S7,PGD,0.2,MIM,1.0,9.934426229508198,6.0,0,47
engr0,BLU,PGD,0.3,MIM,0.1,5.983606557377049,5.0,0,18
engr0,BLU,PGD,0.3,MIM,0.2,7.131147540983607,5.0,0,55
engr0,BLU,PGD,0.3,MIM,0.3,12.163934426229508,7.0,0,55
engr0,BLU,PGD,0.3,MIM,0.4,11.754098360655737,7.0,0,48
engr0,BLU,PGD,0.3,MIM,0.5,11.754098360655737,7.0,0,48
engr0,BLU,PGD,0.3,MIM,0.6,11.754098360655737,7.0,0,48
engr0,BLU,PGD,0.3,MIM,0.7,11.754098360655737,7.0,0,48
engr0,BLU,PGD,0.3,MIM,0.8,11.754098360655737,7.0,0,48
engr0,BLU,PGD,0.3,MIM,0.9,11.754098360655737,7.0,0,48
engr0,BLU,PGD,0.3,MIM,1.0,11.754098360655737,7.0,0,48
engr0,HTC,PGD,0.3,MIM,0.1,4.836065573770492,4.0,0,29
engr0,HTC,PGD,0.3,MIM,0.2,7.901639344262295,6.0,0,40
engr0,HTC,PGD,0.3,MIM,0.3,9.918032786885245,7.0,0,59
engr0,HTC,PGD,0.3,MIM,0.4,10.278688524590164,7.0,0,59
engr0,HTC,PGD,0.3,MIM,0.5,10.278688524590164,7.0,0,59
engr0,HTC,PGD,0.3,MIM,0.6,10.278688524590164,7.0,0,59
engr0,HTC,PGD,0.3,MIM,0.7,10.278688524590164,7.0,0,59
engr0,HTC,PGD,0.3,MIM,0.8,10.278688524590164,7.0,0,59
engr0,HTC,PGD,0.3,MIM,0.9,10.278688524590164,7.0,0,59
engr0,HTC,PGD,0.3,MIM,1.0,10.278688524590164,7.0,0,59
engr0,LG,PGD,0.3,MIM,0.1,4.688524590163935,3.0,0,24
engr0,LG,PGD,0.3,MIM,0.2,8.967213114754099,5.0,0,46
engr0,LG,PGD,0.3,MIM,0.3,9.80327868852459,5.0,1,46
engr0,LG,PGD,0.3,MIM,0.4,10.672131147540984,6.0,1,46
engr0,LG,PGD,0.3,MIM,0.5,10.672131147540984,6.0,1,46
engr0,LG,PGD,0.3,MIM,0.6,10.672131147540984,6.0,1,46
engr0,LG,PGD,0.3,MIM,0.7,10.672131147540984,6.0,1,46
engr0,LG,PGD,0.3,MIM,0.8,10.672131147540984,6.0,1,46
engr0,LG,PGD,0.3,MIM,0.9,10.672131147540984,6.0,1,46
engr0,LG,PGD,0.3,MIM,1.0,10.672131147540984,6.0,1,46
engr0,MOTO,PGD,0.3,MIM,0.1,7.426229508196721,6.0,0,31
engr0,MOTO,PGD,0.3,MIM,0.2,14.80327868852459,10.0,0,45
engr0,MOTO,PGD,0.3,MIM,0.3,17.065573770491802,15.0,0,45
engr0,MOTO,PGD,0.3,MIM,0.4,18.21311475409836,16.0,0,46
engr0,MOTO,PGD,0.3,MIM,0.5,18.21311475409836,16.0,0,46
engr0,MOTO,PGD,0.3,MIM,0.6,18.21311475409836,16.0,0,46
engr0,MOTO,PGD,0.3,MIM,0.7,18.21311475409836,16.0,0,46
engr0,MOTO,PGD,0.3,MIM,0.8,18.21311475409836,16.0,0,46
engr0,MOTO,PGD,0.3,MIM,0.9,18.21311475409836,16.0,0,46
engr0,MOTO,PGD,0.3,MIM,1.0,18.21311475409836,16.0,0,46
engr0,OP3,PGD,0.3,MIM,0.1,4.360655737704918,3.0,0,45
engr0,OP3,PGD,0.3,MIM,0.2,5.590163934426229,4.0,0,26
engr0,OP3,PGD,0.3,MIM,0.3,8.918032786885245,5.0,0,46
engr0,OP3,PGD,0.3,MIM,0.4,9.262295081967213,4.0,0,43
engr0,OP3,PGD,0.3,MIM,0.5,9.262295081967213,4.0,0,43
engr0,OP3,PGD,0.3,MIM,0.6,9.262295081967213,4.0,0,43
engr0,OP3,PGD,0.3,MIM,0.7,9.262295081967213,4.0,0,43
engr0,OP3,PGD,0.3,MIM,0.8,9.262295081967213,4.0,0,43
engr0,OP3,PGD,0.3,MIM,0.9,9.262295081967213,4.0,0,43
engr0,OP3,PGD,0.3,MIM,1.0,9.262295081967213,4.0,0,43
engr0,S7,PGD,0.3,MIM,0.1,3.7704918032786887,3.0,0,23
engr0,S7,PGD,0.3,MIM,0.2,9.475409836065573,6.0,0,58
engr0,S7,PGD,0.3,MIM,0.3,9.868852459016393,6.0,0,47
engr0,S7,PGD,0.3,MIM,0.4,10.885245901639344,6.0,0,47
engr0,S7,PGD,0.3,MIM,0.5,10.885245901639344,6.0,0,47
engr0,S7,PGD,0.3,MIM,0.6,10.885245901639344,6.0,0,47
engr0,S7,PGD,0.3,MIM,0.7,10.885245901639344,6.0,0,47
engr0,S7,PGD,0.3,MIM,0.8,10.885245901639344,6.0,0,47
engr0,S7,PGD,0.3,MIM,0.9,10.885245901639344,6.0,0,47
engr0,S7,PGD,0.3,MIM,1.0,10.885245901639344,6.0,0,47
engr0,BLU,PGD,0.4,MIM,0.1,5.524590163934426,5.0,0,21
engr0,BLU,PGD,0.4,MIM,0.2,7.311475409836065,5.0,0,55
engr0,BLU,PGD,0.4,MIM,0.3,11.78688524590164,6.0,0,55
engr0,BLU,PGD,0.4,MIM,0.4,11.98360655737705,7.0,0,55
engr0,BLU,PGD,0.4,MIM,0.5,11.98360655737705,7.0,0,55
engr0,BLU,PGD,0.4,MIM,0.6,11.98360655737705,7.0,0,55
engr0,BLU,PGD,0.4,MIM,0.7,11.98360655737705,7.0,0,55
engr0,BLU,PGD,0.4,MIM,0.8,11.98360655737705,7.0,0,55
engr0,BLU,PGD,0.4,MIM,0.9,11.98360655737705,7.0,0,55
engr0,BLU,PGD,0.4,MIM,1.0,11.98360655737705,7.0,0,55
engr0,HTC,PGD,0.4,MIM,0.1,4.508196721311475,4.0,0,18
engr0,HTC,PGD,0.4,MIM,0.2,8.688524590163935,6.0,0,40
engr0,HTC,PGD,0.4,MIM,0.3,8.836065573770492,6.0,0,58
engr0,HTC,PGD,0.4,MIM,0.4,9.737704918032787,6.0,0,59
engr0,HTC,PGD,0.4,MIM,0.5,9.737704918032787,6.0,0,59
engr0,HTC,PGD,0.4,MIM,0.6,9.737704918032787,6.0,0,59
engr0,HTC,PGD,0.4,MIM,0.7,9.737704918032787,6.0,0,59
engr0,HTC,PGD,0.4,MIM,0.8,9.737704918032787,6.0,0,59
engr0,HTC,PGD,0.4,MIM,0.9,9.737704918032787,6.0,0,59
engr0,HTC,PGD,0.4,MIM,1.0,9.737704918032787,6.0,0,59
engr0,LG,PGD,0.4,MIM,0.1,4.918032786885246,3.0,0,26
engr0,LG,PGD,0.4,MIM,0.2,8.770491803278688,6.0,0,40
engr0,LG,PGD,0.4,MIM,0.3,9.950819672131148,6.0,0,46
engr0,LG,PGD,0.4,MIM,0.4,10.40983606557377,6.0,0,46
engr0,LG,PGD,0.4,MIM,0.5,10.40983606557377,6.0,0,46
engr0,LG,PGD,0.4,MIM,0.6,10.40983606557377,6.0,0,46
engr0,LG,PGD,0.4,MIM,0.7,10.40983606557377,6.0,0,46
engr0,LG,PGD,0.4,MIM,0.8,10.40983606557377,6.0,0,46
engr0,LG,PGD,0.4,MIM,0.9,10.40983606557377,6.0,0,46
engr0,LG,PGD,0.4,MIM,1.0,10.40983606557377,6.0,0,46
engr0,MOTO,PGD,0.4,MIM,0.1,8.311475409836065,6.0,0,45
engr0,MOTO,PGD,0.4,MIM,0.2,15.01639344262295,11.0,0,45
engr0,MOTO,PGD,0.4,MIM,0.3,17.0,16.0,0,41
engr0,MOTO,PGD,0.4,MIM,0.4,17.639344262295083,16.0,0,46
engr0,MOTO,PGD,0.4,MIM,0.5,17.639344262295083,16.0,0,46
engr0,MOTO,PGD,0.4,MIM,0.6,17.639344262295083,16.0,0,46
engr0,MOTO,PGD,0.4,MIM,0.7,17.639344262295083,16.0,0,46
engr0,MOTO,PGD,0.4,MIM,0.8,17.639344262295083,16.0,0,46
engr0,MOTO,PGD,0.4,MIM,0.9,17.639344262295083,16.0,0,46
engr0,MOTO,PGD,0.4,MIM,1.0,17.639344262295083,16.0,0,46
engr0,OP3,PGD,0.4,MIM,0.1,4.19672131147541,3.0,0,42
engr0,OP3,PGD,0.4,MIM,0.2,4.786885245901639,4.0,0,16
engr0,OP3,PGD,0.4,MIM,0.3,9.442622950819672,4.0,0,46
engr0,OP3,PGD,0.4,MIM,0.4,8.901639344262295,4.0,0,47
engr0,OP3,PGD,0.4,MIM,0.5,8.901639344262295,4.0,0,47
engr0,OP3,PGD,0.4,MIM,0.6,8.901639344262295,4.0,0,47
engr0,OP3,PGD,0.4,MIM,0.7,8.901639344262295,4.0,0,47
engr0,OP3,PGD,0.4,MIM,0.8,8.901639344262295,4.0,0,47
engr0,OP3,PGD,0.4,MIM,0.9,8.901639344262295,4.0,0,47
engr0,OP3,PGD,0.4,MIM,1.0,8.901639344262295,4.0,0,47
engr0,S7,PGD,0.4,MIM,0.1,3.7540983606557377,3.0,0,19
engr0,S7,PGD,0.4,MIM,0.2,9.147540983606557,6.0,0,58
engr0,S7,PGD,0.4,MIM,0.3,9.655737704918034,7.0,0,41
engr0,S7,PGD,0.4,MIM,0.4,10.01639344262295,6.0,0,47
engr0,S7,PGD,0.4,MIM,0.5,10.01639344262295,6.0,0,47
engr0,S7,PGD,0.4,MIM,0.6,10.01639344262295,6.0,0,47
engr0,S7,PGD,0.4,MIM,0.7,10.01639344262295,6.0,0,47
engr0,S7,PGD,0.4,MIM,0.8,10.01639344262295,6.0,0,47
engr0,S7,PGD,0.4,MIM,0.9,10.01639344262295,6.0,0,47
engr0,S7,PGD,0.4,MIM,1.0,10.01639344262295,6.0,0,47
engr0,BLU,PGD,0.5,MIM,0.1,5.524590163934426,5.0,0,21
engr0,BLU,PGD,0.5,MIM,0.2,7.311475409836065,5.0,0,55
engr0,BLU,PGD,0.5,MIM,0.3,11.78688524590164,6.0,0,55
engr0,BLU,PGD,0.5,MIM,0.4,11.98360655737705,7.0,0,55
engr0,BLU,PGD,0.5,MIM,0.5,11.98360655737705,7.0,0,55
engr0,BLU,PGD,0.5,MIM,0.6,11.98360655737705,7.0,0,55
engr0,BLU,PGD,0.5,MIM,0.7,11.98360655737705,7.0,0,55
engr0,BLU,PGD,0.5,MIM,0.8,11.98360655737705,7.0,0,55
engr0,BLU,PGD,0.5,MIM,0.9,11.98360655737705,7.0,0,55
engr0,BLU,PGD,0.5,MIM,1.0,11.98360655737705,7.0,0,55
engr0,HTC,PGD,0.5,MIM,0.1,4.508196721311475,4.0,0,18
engr0,HTC,PGD,0.5,MIM,0.2,8.688524590163935,6.0,0,40
engr0,HTC,PGD,0.5,MIM,0.3,8.836065573770492,6.0,0,58
engr0,HTC,PGD,0.5,MIM,0.4,9.737704918032787,6.0,0,59
engr0,HTC,PGD,0.5,MIM,0.5,9.737704918032787,6.0,0,59
engr0,HTC,PGD,0.5,MIM,0.6,9.737704918032787,6.0,0,59
engr0,HTC,PGD,0.5,MIM,0.7,9.737704918032787,6.0,0,59
engr0,HTC,PGD,0.5,MIM,0.8,9.737704918032787,6.0,0,59
engr0,HTC,PGD,0.5,MIM,0.9,9.737704918032787,6.0,0,59
engr0,HTC,PGD,0.5,MIM,1.0,9.737704918032787,6.0,0,59
engr0,LG,PGD,0.5,MIM,0.1,4.918032786885246,3.0,0,26
engr0,LG,PGD,0.5,MIM,0.2,8.770491803278688,6.0,0,40
engr0,LG,PGD,0.5,MIM,0.3,9.950819672131148,6.0,0,46
engr0,LG,PGD,0.5,MIM,0.4,10.40983606557377,6.0,0,46
engr0,LG,PGD,0.5,MIM,0.5,10.40983606557377,6.0,0,46
engr0,LG,PGD,0.5,MIM,0.6,10.40983606557377,6.0,0,46
engr0,LG,PGD,0.5,MIM,0.7,10.40983606557377,6.0,0,46
engr0,LG,PGD,0.5,MIM,0.8,10.40983606557377,6.0,0,46
engr0,LG,PGD,0.5,MIM,0.9,10.40983606557377,6.0,0,46
engr0,LG,PGD,0.5,MIM,1.0,10.40983606557377,6.0,0,46
engr0,MOTO,PGD,0.5,MIM,0.1,8.311475409836065,6.0,0,45
engr0,MOTO,PGD,0.5,MIM,0.2,15.01639344262295,11.0,0,45
engr0,MOTO,PGD,0.5,MIM,0.3,17.0,16.0,0,41
engr0,MOTO,PGD,0.5,MIM,0.4,17.639344262295083,16.0,0,46
engr0,MOTO,PGD,0.5,MIM,0.5,17.639344262295083,16.0,0,46
engr0,MOTO,PGD,0.5,MIM,0.6,17.639344262295083,16.0,0,46
engr0,MOTO,PGD,0.5,MIM,0.7,17.639344262295083,16.0,0,46
engr0,MOTO,PGD,0.5,MIM,0.8,17.639344262295083,16.0,0,46
engr0,MOTO,PGD,0.5,MIM,0.9,17.639344262295083,16.0,0,46
engr0,MOTO,PGD,0.5,MIM,1.0,17.639344262295083,16.0,0,46
engr0,OP3,PGD,0.5,MIM,0.1,4.19672131147541,3.0,0,42
engr0,OP3,PGD,0.5,MIM,0.2,4.786885245901639,4.0,0,16
engr0,OP3,PGD,0.5,MIM,0.3,9.442622950819672,4.0,0,46
engr0,OP3,PGD,0.5,MIM,0.4,8.901639344262295,4.0,0,47
engr0,OP3,PGD,0.5,MIM,0.5,8.901639344262295,4.0,0,47
engr0,OP3,PGD,0.5,MIM,0.6,8.901639344262295,4.0,0,47
engr0,OP3,PGD,0.5,MIM,0.7,8.901639344262295,4.0,0,47
engr0,OP3,PGD,0.5,MIM,0.8,8.901639344262295,4.0,0,47
engr0,OP3,PGD,0.5,MIM,0.9,8.901639344262295,4.0,0,47
engr0,OP3,PGD,0.5,MIM,1.0,8.901639344262295,4.0,0,47
engr0,S7,PGD,0.5,MIM,0.1,3.7540983606557377,3.0,0,19
engr0,S7,PGD,0.5,MIM,0.2,9.147540983606557,6.0,0,58
engr0,S7,PGD,0.5,MIM,0.3,9.655737704918034,7.0,0,41
engr0,S7,PGD,0.5,MIM,0.4,10.01639344262295,6.0,0,47
engr0,S7,PGD,0.5,MIM,0.5,10.01639344262295,6.0,0,47
engr0,S7,PGD,0.5,MIM,0.6,10.01639344262295,6.0,0,47
engr0,S7,PGD,0.5,MIM,0.7,10.01639344262295,6.0,0,47
engr0,S7,PGD,0.5,MIM,0.8,10.01639344262295,6.0,0,47
engr0,S7,PGD,0.5,MIM,0.9,10.01639344262295,6.0,0,47
engr0,S7,PGD,0.5,MIM,1.0,10.01639344262295,6.0,0,47
engr0,BLU,PGD,0.6,MIM,0.1,5.524590163934426,5.0,0,21
engr0,BLU,PGD,0.6,MIM,0.2,7.311475409836065,5.0,0,55
engr0,BLU,PGD,0.6,MIM,0.3,11.78688524590164,6.0,0,55
engr0,BLU,PGD,0.6,MIM,0.4,11.98360655737705,7.0,0,55
engr0,BLU,PGD,0.6,MIM,0.5,11.98360655737705,7.0,0,55
engr0,BLU,PGD,0.6,MIM,0.6,11.98360655737705,7.0,0,55
engr0,BLU,PGD,0.6,MIM,0.7,11.98360655737705,7.0,0,55
engr0,BLU,PGD,0.6,MIM,0.8,11.98360655737705,7.0,0,55
engr0,BLU,PGD,0.6,MIM,0.9,11.98360655737705,7.0,0,55
engr0,BLU,PGD,0.6,MIM,1.0,11.98360655737705,7.0,0,55
engr0,HTC,PGD,0.6,MIM,0.1,4.508196721311475,4.0,0,18
engr0,HTC,PGD,0.6,MIM,0.2,8.688524590163935,6.0,0,40
engr0,HTC,PGD,0.6,MIM,0.3,8.836065573770492,6.0,0,58
engr0,HTC,PGD,0.6,MIM,0.4,9.737704918032787,6.0,0,59
engr0,HTC,PGD,0.6,MIM,0.5,9.737704918032787,6.0,0,59
engr0,HTC,PGD,0.6,MIM,0.6,9.737704918032787,6.0,0,59
engr0,HTC,PGD,0.6,MIM,0.7,9.737704918032787,6.0,0,59
engr0,HTC,PGD,0.6,MIM,0.8,9.737704918032787,6.0,0,59
engr0,HTC,PGD,0.6,MIM,0.9,9.737704918032787,6.0,0,59
engr0,HTC,PGD,0.6,MIM,1.0,9.737704918032787,6.0,0,59
engr0,LG,PGD,0.6,MIM,0.1,4.918032786885246,3.0,0,26
engr0,LG,PGD,0.6,MIM,0.2,8.770491803278688,6.0,0,40
engr0,LG,PGD,0.6,MIM,0.3,9.950819672131148,6.0,0,46
engr0,LG,PGD,0.6,MIM,0.4,10.40983606557377,6.0,0,46
engr0,LG,PGD,0.6,MIM,0.5,10.40983606557377,6.0,0,46
engr0,LG,PGD,0.6,MIM,0.6,10.40983606557377,6.0,0,46
engr0,LG,PGD,0.6,MIM,0.7,10.40983606557377,6.0,0,46
engr0,LG,PGD,0.6,MIM,0.8,10.40983606557377,6.0,0,46
engr0,LG,PGD,0.6,MIM,0.9,10.40983606557377,6.0,0,46
engr0,LG,PGD,0.6,MIM,1.0,10.40983606557377,6.0,0,46
engr0,MOTO,PGD,0.6,MIM,0.1,8.311475409836065,6.0,0,45
engr0,MOTO,PGD,0.6,MIM,0.2,15.01639344262295,11.0,0,45
engr0,MOTO,PGD,0.6,MIM,0.3,17.0,16.0,0,41
engr0,MOTO,PGD,0.6,MIM,0.4,17.639344262295083,16.0,0,46
engr0,MOTO,PGD,0.6,MIM,0.5,17.639344262295083,16.0,0,46
engr0,MOTO,PGD,0.6,MIM,0.6,17.639344262295083,16.0,0,46
engr0,MOTO,PGD,0.6,MIM,0.7,17.639344262295083,16.0,0,46
engr0,MOTO,PGD,0.6,MIM,0.8,17.639344262295083,16.0,0,46
engr0,MOTO,PGD,0.6,MIM,0.9,17.639344262295083,16.0,0,46
engr0,MOTO,PGD,0.6,MIM,1.0,17.639344262295083,16.0,0,46
engr0,OP3,PGD,0.6,MIM,0.1,4.19672131147541,3.0,0,42
engr0,OP3,PGD,0.6,MIM,0.2,4.786885245901639,4.0,0,16
engr0,OP3,PGD,0.6,MIM,0.3,9.442622950819672,4.0,0,46
engr0,OP3,PGD,0.6,MIM,0.4,8.901639344262295,4.0,0,47
engr0,OP3,PGD,0.6,MIM,0.5,8.901639344262295,4.0,0,47
engr0,OP3,PGD,0.6,MIM,0.6,8.901639344262295,4.0,0,47
engr0,OP3,PGD,0.6,MIM,0.7,8.901639344262295,4.0,0,47
engr0,OP3,PGD,0.6,MIM,0.8,8.901639344262295,4.0,0,47
engr0,OP3,PGD,0.6,MIM,0.9,8.901639344262295,4.0,0,47
engr0,OP3,PGD,0.6,MIM,1.0,8.901639344262295,4.0,0,47
engr0,S7,PGD,0.6,MIM,0.1,3.7540983606557377,3.0,0,19
engr0,S7,PGD,0.6,MIM,0.2,9.147540983606557,6.0,0,58
engr0,S7,PGD,0.6,MIM,0.3,9.655737704918034,7.0,0,41
engr0,S7,PGD,0.6,MIM,0.4,10.01639344262295,6.0,0,47
engr0,S7,PGD,0.6,MIM,0.5,10.01639344262295,6.0,0,47
engr0,S7,PGD,0.6,MIM,0.6,10.01639344262295,6.0,0,47
engr0,S7,PGD,0.6,MIM,0.7,10.01639344262295,6.0,0,47
engr0,S7,PGD,0.6,MIM,0.8,10.01639344262295,6.0,0,47
engr0,S7,PGD,0.6,MIM,0.9,10.01639344262295,6.0,0,47
engr0,S7,PGD,0.6,MIM,1.0,10.01639344262295,6.0,0,47
engr0,BLU,PGD,0.7,MIM,0.1,5.524590163934426,5.0,0,21
engr0,BLU,PGD,0.7,MIM,0.2,7.311475409836065,5.0,0,55
engr0,BLU,PGD,0.7,MIM,0.3,11.78688524590164,6.0,0,55
engr0,BLU,PGD,0.7,MIM,0.4,11.98360655737705,7.0,0,55
engr0,BLU,PGD,0.7,MIM,0.5,11.98360655737705,7.0,0,55
engr0,BLU,PGD,0.7,MIM,0.6,11.98360655737705,7.0,0,55
engr0,BLU,PGD,0.7,MIM,0.7,11.98360655737705,7.0,0,55
engr0,BLU,PGD,0.7,MIM,0.8,11.98360655737705,7.0,0,55
engr0,BLU,PGD,0.7,MIM,0.9,11.98360655737705,7.0,0,55
engr0,BLU,PGD,0.7,MIM,1.0,11.98360655737705,7.0,0,55
engr0,HTC,PGD,0.7,MIM,0.1,4.508196721311475,4.0,0,18
engr0,HTC,PGD,0.7,MIM,0.2,8.688524590163935,6.0,0,40
engr0,HTC,PGD,0.7,MIM,0.3,8.836065573770492,6.0,0,58
engr0,HTC,PGD,0.7,MIM,0.4,9.737704918032787,6.0,0,59
engr0,HTC,PGD,0.7,MIM,0.5,9.737704918032787,6.0,0,59
engr0,HTC,PGD,0.7,MIM,0.6,9.737704918032787,6.0,0,59
engr0,HTC,PGD,0.7,MIM,0.7,9.737704918032787,6.0,0,59
engr0,HTC,PGD,0.7,MIM,0.8,9.737704918032787,6.0,0,59
engr0,HTC,PGD,0.7,MIM,0.9,9.737704918032787,6.0,0,59
engr0,HTC,PGD,0.7,MIM,1.0,9.737704918032787,6.0,0,59
engr0,LG,PGD,0.7,MIM,0.1,4.918032786885246,3.0,0,26
engr0,LG,PGD,0.7,MIM,0.2,8.770491803278688,6.0,0,40
engr0,LG,PGD,0.7,MIM,0.3,9.950819672131148,6.0,0,46
engr0,LG,PGD,0.7,MIM,0.4,10.40983606557377,6.0,0,46
engr0,LG,PGD,0.7,MIM,0.5,10.40983606557377,6.0,0,46
engr0,LG,PGD,0.7,MIM,0.6,10.40983606557377,6.0,0,46
engr0,LG,PGD,0.7,MIM,0.7,10.40983606557377,6.0,0,46
engr0,LG,PGD,0.7,MIM,0.8,10.40983606557377,6.0,0,46
engr0,LG,PGD,0.7,MIM,0.9,10.40983606557377,6.0,0,46
engr0,LG,PGD,0.7,MIM,1.0,10.40983606557377,6.0,0,46
engr0,MOTO,PGD,0.7,MIM,0.1,8.311475409836065,6.0,0,45
engr0,MOTO,PGD,0.7,MIM,0.2,15.01639344262295,11.0,0,45
engr0,MOTO,PGD,0.7,MIM,0.3,17.0,16.0,0,41
engr0,MOTO,PGD,0.7,MIM,0.4,17.639344262295083,16.0,0,46
engr0,MOTO,PGD,0.7,MIM,0.5,17.639344262295083,16.0,0,46
engr0,MOTO,PGD,0.7,MIM,0.6,17.639344262295083,16.0,0,46
engr0,MOTO,PGD,0.7,MIM,0.7,17.639344262295083,16.0,0,46
engr0,MOTO,PGD,0.7,MIM,0.8,17.639344262295083,16.0,0,46
engr0,MOTO,PGD,0.7,MIM,0.9,17.639344262295083,16.0,0,46
engr0,MOTO,PGD,0.7,MIM,1.0,17.639344262295083,16.0,0,46
engr0,OP3,PGD,0.7,MIM,0.1,4.19672131147541,3.0,0,42
engr0,OP3,PGD,0.7,MIM,0.2,4.786885245901639,4.0,0,16
engr0,OP3,PGD,0.7,MIM,0.3,9.442622950819672,4.0,0,46
engr0,OP3,PGD,0.7,MIM,0.4,8.901639344262295,4.0,0,47
engr0,OP3,PGD,0.7,MIM,0.5,8.901639344262295,4.0,0,47
engr0,OP3,PGD,0.7,MIM,0.6,8.901639344262295,4.0,0,47
engr0,OP3,PGD,0.7,MIM,0.7,8.901639344262295,4.0,0,47
engr0,OP3,PGD,0.7,MIM,0.8,8.901639344262295,4.0,0,47
engr0,OP3,PGD,0.7,MIM,0.9,8.901639344262295,4.0,0,47
engr0,OP3,PGD,0.7,MIM,1.0,8.901639344262295,4.0,0,47
engr0,S7,PGD,0.7,MIM,0.1,3.7540983606557377,3.0,0,19
engr0,S7,PGD,0.7,MIM,0.2,9.147540983606557,6.0,0,58
engr0,S7,PGD,0.7,MIM,0.3,9.655737704918034,7.0,0,41
engr0,S7,PGD,0.7,MIM,0.4,10.01639344262295,6.0,0,47
engr0,S7,PGD,0.7,MIM,0.5,10.01639344262295,6.0,0,47
engr0,S7,PGD,0.7,MIM,0.6,10.01639344262295,6.0,0,47
engr0,S7,PGD,0.7,MIM,0.7,10.01639344262295,6.0,0,47
engr0,S7,PGD,0.7,MIM,0.8,10.01639344262295,6.0,0,47
engr0,S7,PGD,0.7,MIM,0.9,10.01639344262295,6.0,0,47
engr0,S7,PGD,0.7,MIM,1.0,10.01639344262295,6.0,0,47
engr0,BLU,PGD,0.8,MIM,0.1,5.524590163934426,5.0,0,21
engr0,BLU,PGD,0.8,MIM,0.2,7.311475409836065,5.0,0,55
engr0,BLU,PGD,0.8,MIM,0.3,11.78688524590164,6.0,0,55
engr0,BLU,PGD,0.8,MIM,0.4,11.98360655737705,7.0,0,55
engr0,BLU,PGD,0.8,MIM,0.5,11.98360655737705,7.0,0,55
engr0,BLU,PGD,0.8,MIM,0.6,11.98360655737705,7.0,0,55
engr0,BLU,PGD,0.8,MIM,0.7,11.98360655737705,7.0,0,55
engr0,BLU,PGD,0.8,MIM,0.8,11.98360655737705,7.0,0,55
engr0,BLU,PGD,0.8,MIM,0.9,11.98360655737705,7.0,0,55
engr0,BLU,PGD,0.8,MIM,1.0,11.98360655737705,7.0,0,55
engr0,HTC,PGD,0.8,MIM,0.1,4.508196721311475,4.0,0,18
engr0,HTC,PGD,0.8,MIM,0.2,8.688524590163935,6.0,0,40
engr0,HTC,PGD,0.8,MIM,0.3,8.836065573770492,6.0,0,58
engr0,HTC,PGD,0.8,MIM,0.4,9.737704918032787,6.0,0,59
engr0,HTC,PGD,0.8,MIM,0.5,9.737704918032787,6.0,0,59
engr0,HTC,PGD,0.8,MIM,0.6,9.737704918032787,6.0,0,59
engr0,HTC,PGD,0.8,MIM,0.7,9.737704918032787,6.0,0,59
engr0,HTC,PGD,0.8,MIM,0.8,9.737704918032787,6.0,0,59
engr0,HTC,PGD,0.8,MIM,0.9,9.737704918032787,6.0,0,59
engr0,HTC,PGD,0.8,MIM,1.0,9.737704918032787,6.0,0,59
engr0,LG,PGD,0.8,MIM,0.1,4.918032786885246,3.0,0,26
engr0,LG,PGD,0.8,MIM,0.2,8.770491803278688,6.0,0,40
engr0,LG,PGD,0.8,MIM,0.3,9.950819672131148,6.0,0,46
engr0,LG,PGD,0.8,MIM,0.4,10.40983606557377,6.0,0,46
engr0,LG,PGD,0.8,MIM,0.5,10.40983606557377,6.0,0,46
engr0,LG,PGD,0.8,MIM,0.6,10.40983606557377,6.0,0,46
engr0,LG,PGD,0.8,MIM,0.7,10.40983606557377,6.0,0,46
engr0,LG,PGD,0.8,MIM,0.8,10.40983606557377,6.0,0,46
engr0,LG,PGD,0.8,MIM,0.9,10.40983606557377,6.0,0,46
engr0,LG,PGD,0.8,MIM,1.0,10.40983606557377,6.0,0,46
engr0,MOTO,PGD,0.8,MIM,0.1,8.311475409836065,6.0,0,45
engr0,MOTO,PGD,0.8,MIM,0.2,15.01639344262295,11.0,0,45
engr0,MOTO,PGD,0.8,MIM,0.3,17.0,16.0,0,41
engr0,MOTO,PGD,0.8,MIM,0.4,17.639344262295083,16.0,0,46
engr0,MOTO,PGD,0.8,MIM,0.5,17.639344262295083,16.0,0,46
engr0,MOTO,PGD,0.8,MIM,0.6,17.639344262295083,16.0,0,46
engr0,MOTO,PGD,0.8,MIM,0.7,17.639344262295083,16.0,0,46
engr0,MOTO,PGD,0.8,MIM,0.8,17.639344262295083,16.0,0,46
engr0,MOTO,PGD,0.8,MIM,0.9,17.639344262295083,16.0,0,46
engr0,MOTO,PGD,0.8,MIM,1.0,17.639344262295083,16.0,0,46
engr0,OP3,PGD,0.8,MIM,0.1,4.19672131147541,3.0,0,42
engr0,OP3,PGD,0.8,MIM,0.2,4.786885245901639,4.0,0,16
engr0,OP3,PGD,0.8,MIM,0.3,9.442622950819672,4.0,0,46
engr0,OP3,PGD,0.8,MIM,0.4,8.901639344262295,4.0,0,47
engr0,OP3,PGD,0.8,MIM,0.5,8.901639344262295,4.0,0,47
engr0,OP3,PGD,0.8,MIM,0.6,8.901639344262295,4.0,0,47
engr0,OP3,PGD,0.8,MIM,0.7,8.901639344262295,4.0,0,47
engr0,OP3,PGD,0.8,MIM,0.8,8.901639344262295,4.0,0,47
engr0,OP3,PGD,0.8,MIM,0.9,8.901639344262295,4.0,0,47
engr0,OP3,PGD,0.8,MIM,1.0,8.901639344262295,4.0,0,47
engr0,S7,PGD,0.8,MIM,0.1,3.7540983606557377,3.0,0,19
engr0,S7,PGD,0.8,MIM,0.2,9.147540983606557,6.0,0,58
engr0,S7,PGD,0.8,MIM,0.3,9.655737704918034,7.0,0,41
engr0,S7,PGD,0.8,MIM,0.4,10.01639344262295,6.0,0,47
engr0,S7,PGD,0.8,MIM,0.5,10.01639344262295,6.0,0,47
engr0,S7,PGD,0.8,MIM,0.6,10.01639344262295,6.0,0,47
engr0,S7,PGD,0.8,MIM,0.7,10.01639344262295,6.0,0,47
engr0,S7,PGD,0.8,MIM,0.8,10.01639344262295,6.0,0,47
engr0,S7,PGD,0.8,MIM,0.9,10.01639344262295,6.0,0,47
engr0,S7,PGD,0.8,MIM,1.0,10.01639344262295,6.0,0,47
engr0,BLU,PGD,0.9,MIM,0.1,5.524590163934426,5.0,0,21
engr0,BLU,PGD,0.9,MIM,0.2,7.311475409836065,5.0,0,55
engr0,BLU,PGD,0.9,MIM,0.3,11.78688524590164,6.0,0,55
engr0,BLU,PGD,0.9,MIM,0.4,11.98360655737705,7.0,0,55
engr0,BLU,PGD,0.9,MIM,0.5,11.98360655737705,7.0,0,55
engr0,BLU,PGD,0.9,MIM,0.6,11.98360655737705,7.0,0,55
engr0,BLU,PGD,0.9,MIM,0.7,11.98360655737705,7.0,0,55
engr0,BLU,PGD,0.9,MIM,0.8,11.98360655737705,7.0,0,55
engr0,BLU,PGD,0.9,MIM,0.9,11.98360655737705,7.0,0,55
engr0,BLU,PGD,0.9,MIM,1.0,11.98360655737705,7.0,0,55
engr0,HTC,PGD,0.9,MIM,0.1,4.508196721311475,4.0,0,18
engr0,HTC,PGD,0.9,MIM,0.2,8.688524590163935,6.0,0,40
engr0,HTC,PGD,0.9,MIM,0.3,8.836065573770492,6.0,0,58
engr0,HTC,PGD,0.9,MIM,0.4,9.737704918032787,6.0,0,59
engr0,HTC,PGD,0.9,MIM,0.5,9.737704918032787,6.0,0,59
engr0,HTC,PGD,0.9,MIM,0.6,9.737704918032787,6.0,0,59
engr0,HTC,PGD,0.9,MIM,0.7,9.737704918032787,6.0,0,59
engr0,HTC,PGD,0.9,MIM,0.8,9.737704918032787,6.0,0,59
engr0,HTC,PGD,0.9,MIM,0.9,9.737704918032787,6.0,0,59
engr0,HTC,PGD,0.9,MIM,1.0,9.737704918032787,6.0,0,59
engr0,LG,PGD,0.9,MIM,0.1,4.918032786885246,3.0,0,26
engr0,LG,PGD,0.9,MIM,0.2,8.770491803278688,6.0,0,40
engr0,LG,PGD,0.9,MIM,0.3,9.950819672131148,6.0,0,46
engr0,LG,PGD,0.9,MIM,0.4,10.40983606557377,6.0,0,46
engr0,LG,PGD,0.9,MIM,0.5,10.40983606557377,6.0,0,46
engr0,LG,PGD,0.9,MIM,0.6,10.40983606557377,6.0,0,46
engr0,LG,PGD,0.9,MIM,0.7,10.40983606557377,6.0,0,46
engr0,LG,PGD,0.9,MIM,0.8,10.40983606557377,6.0,0,46
engr0,LG,PGD,0.9,MIM,0.9,10.40983606557377,6.0,0,46
engr0,LG,PGD,0.9,MIM,1.0,10.40983606557377,6.0,0,46
engr0,MOTO,PGD,0.9,MIM,0.1,8.311475409836065,6.0,0,45
engr0,MOTO,PGD,0.9,MIM,0.2,15.01639344262295,11.0,0,45
engr0,MOTO,PGD,0.9,MIM,0.3,17.0,16.0,0,41
engr0,MOTO,PGD,0.9,MIM,0.4,17.639344262295083,16.0,0,46
engr0,MOTO,PGD,0.9,MIM,0.5,17.639344262295083,16.0,0,46
engr0,MOTO,PGD,0.9,MIM,0.6,17.639344262295083,16.0,0,46
engr0,MOTO,PGD,0.9,MIM,0.7,17.639344262295083,16.0,0,46
engr0,MOTO,PGD,0.9,MIM,0.8,17.639344262295083,16.0,0,46
engr0,MOTO,PGD,0.9,MIM,0.9,17.639344262295083,16.0,0,46
engr0,MOTO,PGD,0.9,MIM,1.0,17.639344262295083,16.0,0,46
engr0,OP3,PGD,0.9,MIM,0.1,4.19672131147541,3.0,0,42
engr0,OP3,PGD,0.9,MIM,0.2,4.786885245901639,4.0,0,16
engr0,OP3,PGD,0.9,MIM,0.3,9.442622950819672,4.0,0,46
engr0,OP3,PGD,0.9,MIM,0.4,8.901639344262295,4.0,0,47
engr0,OP3,PGD,0.9,MIM,0.5,8.901639344262295,4.0,0,47
engr0,OP3,PGD,0.9,MIM,0.6,8.901639344262295,4.0,0,47
engr0,OP3,PGD,0.9,MIM,0.7,8.901639344262295,4.0,0,47
engr0,OP3,PGD,0.9,MIM,0.8,8.901639344262295,4.0,0,47
engr0,OP3,PGD,0.9,MIM,0.9,8.901639344262295,4.0,0,47
engr0,OP3,PGD,0.9,MIM,1.0,8.901639344262295,4.0,0,47
engr0,S7,PGD,0.9,MIM,0.1,3.7540983606557377,3.0,0,19
engr0,S7,PGD,0.9,MIM,0.2,9.147540983606557,6.0,0,58
engr0,S7,PGD,0.9,MIM,0.3,9.655737704918034,7.0,0,41
engr0,S7,PGD,0.9,MIM,0.4,10.01639344262295,6.0,0,47
engr0,S7,PGD,0.9,MIM,0.5,10.01639344262295,6.0,0,47
engr0,S7,PGD,0.9,MIM,0.6,10.01639344262295,6.0,0,47
engr0,S7,PGD,0.9,MIM,0.7,10.01639344262295,6.0,0,47
engr0,S7,PGD,0.9,MIM,0.8,10.01639344262295,6.0,0,47
engr0,S7,PGD,0.9,MIM,0.9,10.01639344262295,6.0,0,47
engr0,S7,PGD,0.9,MIM,1.0,10.01639344262295,6.0,0,47
engr0,BLU,PGD,1.0,MIM,0.1,5.524590163934426,5.0,0,21
engr0,BLU,PGD,1.0,MIM,0.2,7.311475409836065,5.0,0,55
engr0,BLU,PGD,1.0,MIM,0.3,11.78688524590164,6.0,0,55
engr0,BLU,PGD,1.0,MIM,0.4,11.98360655737705,7.0,0,55
engr0,BLU,PGD,1.0,MIM,0.5,11.98360655737705,7.0,0,55
engr0,BLU,PGD,1.0,MIM,0.6,11.98360655737705,7.0,0,55
engr0,BLU,PGD,1.0,MIM,0.7,11.98360655737705,7.0,0,55
engr0,BLU,PGD,1.0,MIM,0.8,11.98360655737705,7.0,0,55
engr0,BLU,PGD,1.0,MIM,0.9,11.98360655737705,7.0,0,55
engr0,BLU,PGD,1.0,MIM,1.0,11.98360655737705,7.0,0,55
engr0,HTC,PGD,1.0,MIM,0.1,4.508196721311475,4.0,0,18
engr0,HTC,PGD,1.0,MIM,0.2,8.688524590163935,6.0,0,40
engr0,HTC,PGD,1.0,MIM,0.3,8.836065573770492,6.0,0,58
engr0,HTC,PGD,1.0,MIM,0.4,9.737704918032787,6.0,0,59
engr0,HTC,PGD,1.0,MIM,0.5,9.737704918032787,6.0,0,59
engr0,HTC,PGD,1.0,MIM,0.6,9.737704918032787,6.0,0,59
engr0,HTC,PGD,1.0,MIM,0.7,9.737704918032787,6.0,0,59
engr0,HTC,PGD,1.0,MIM,0.8,9.737704918032787,6.0,0,59
engr0,HTC,PGD,1.0,MIM,0.9,9.737704918032787,6.0,0,59
engr0,HTC,PGD,1.0,MIM,1.0,9.737704918032787,6.0,0,59
engr0,LG,PGD,1.0,MIM,0.1,4.918032786885246,3.0,0,26
engr0,LG,PGD,1.0,MIM,0.2,8.770491803278688,6.0,0,40
engr0,LG,PGD,1.0,MIM,0.3,9.950819672131148,6.0,0,46
engr0,LG,PGD,1.0,MIM,0.4,10.40983606557377,6.0,0,46
engr0,LG,PGD,1.0,MIM,0.5,10.40983606557377,6.0,0,46
engr0,LG,PGD,1.0,MIM,0.6,10.40983606557377,6.0,0,46
engr0,LG,PGD,1.0,MIM,0.7,10.40983606557377,6.0,0,46
engr0,LG,PGD,1.0,MIM,0.8,10.40983606557377,6.0,0,46
engr0,LG,PGD,1.0,MIM,0.9,10.40983606557377,6.0,0,46
engr0,LG,PGD,1.0,MIM,1.0,10.40983606557377,6.0,0,46
engr0,MOTO,PGD,1.0,MIM,0.1,8.311475409836065,6.0,0,45
engr0,MOTO,PGD,1.0,MIM,0.2,15.01639344262295,11.0,0,45
engr0,MOTO,PGD,1.0,MIM,0.3,17.0,16.0,0,41
engr0,MOTO,PGD,1.0,MIM,0.4,17.639344262295083,16.0,0,46
engr0,MOTO,PGD,1.0,MIM,0.5,17.639344262295083,16.0,0,46
engr0,MOTO,PGD,1.0,MIM,0.6,17.639344262295083,16.0,0,46
engr0,MOTO,PGD,1.0,MIM,0.7,17.639344262295083,16.0,0,46
engr0,MOTO,PGD,1.0,MIM,0.8,17.639344262295083,16.0,0,46
engr0,MOTO,PGD,1.0,MIM,0.9,17.639344262295083,16.0,0,46
engr0,MOTO,PGD,1.0,MIM,1.0,17.639344262295083,16.0,0,46
engr0,OP3,PGD,1.0,MIM,0.1,4.19672131147541,3.0,0,42
engr0,OP3,PGD,1.0,MIM,0.2,4.786885245901639,4.0,0,16
engr0,OP3,PGD,1.0,MIM,0.3,9.442622950819672,4.0,0,46
engr0,OP3,PGD,1.0,MIM,0.4,8.901639344262295,4.0,0,47
engr0,OP3,PGD,1.0,MIM,0.5,8.901639344262295,4.0,0,47
engr0,OP3,PGD,1.0,MIM,0.6,8.901639344262295,4.0,0,47
engr0,OP3,PGD,1.0,MIM,0.7,8.901639344262295,4.0,0,47
engr0,OP3,PGD,1.0,MIM,0.8,8.901639344262295,4.0,0,47
engr0,OP3,PGD,1.0,MIM,0.9,8.901639344262295,4.0,0,47
engr0,OP3,PGD,1.0,MIM,1.0,8.901639344262295,4.0,0,47
engr0,S7,PGD,1.0,MIM,0.1,3.7540983606557377,3.0,0,19
engr0,S7,PGD,1.0,MIM,0.2,9.147540983606557,6.0,0,58
engr0,S7,PGD,1.0,MIM,0.3,9.655737704918034,7.0,0,41
engr0,S7,PGD,1.0,MIM,0.4,10.01639344262295,6.0,0,47
engr0,S7,PGD,1.0,MIM,0.5,10.01639344262295,6.0,0,47
engr0,S7,PGD,1.0,MIM,0.6,10.01639344262295,6.0,0,47
engr0,S7,PGD,1.0,MIM,0.7,10.01639344262295,6.0,0,47
engr0,S7,PGD,1.0,MIM,0.8,10.01639344262295,6.0,0,47
engr0,S7,PGD,1.0,MIM,0.9,10.01639344262295,6.0,0,47
engr0,S7,PGD,1.0,MIM,1.0,10.01639344262295,6.0,0,47
engr0,BLU,MIM,0.1,MIM,0.1,3.6885245901639343,3.0,0,16
engr0,BLU,MIM,0.1,MIM,0.2,7.770491803278689,7.0,0,41
engr0,BLU,MIM,0.1,MIM,0.3,8.245901639344263,6.0,0,41
engr0,BLU,MIM,0.1,MIM,0.4,9.59016393442623,7.0,0,51
engr0,BLU,MIM,0.1,MIM,0.5,9.59016393442623,7.0,0,51
engr0,BLU,MIM,0.1,MIM,0.6,9.59016393442623,7.0,0,51
engr0,BLU,MIM,0.1,MIM,0.7,9.59016393442623,7.0,0,51
engr0,BLU,MIM,0.1,MIM,0.8,9.59016393442623,7.0,0,51
engr0,BLU,MIM,0.1,MIM,0.9,9.59016393442623,7.0,0,51
engr0,BLU,MIM,0.1,MIM,1.0,9.59016393442623,7.0,0,51
engr0,HTC,MIM,0.1,MIM,0.1,3.622950819672131,3.0,0,24
engr0,HTC,MIM,0.1,MIM,0.2,9.524590163934427,5.0,0,44
engr0,HTC,MIM,0.1,MIM,0.3,10.426229508196721,7.0,0,46
engr0,HTC,MIM,0.1,MIM,0.4,11.950819672131148,7.0,0,46
engr0,HTC,MIM,0.1,MIM,0.5,11.950819672131148,7.0,0,46
engr0,HTC,MIM,0.1,MIM,0.6,11.950819672131148,7.0,0,46
engr0,HTC,MIM,0.1,MIM,0.7,11.950819672131148,7.0,0,46
engr0,HTC,MIM,0.1,MIM,0.8,11.950819672131148,7.0,0,46
engr0,HTC,MIM,0.1,MIM,0.9,11.950819672131148,7.0,0,46
engr0,HTC,MIM,0.1,MIM,1.0,11.950819672131148,7.0,0,46
engr0,LG,MIM,0.1,MIM,0.1,3.7704918032786887,2.0,0,25
engr0,LG,MIM,0.1,MIM,0.2,8.311475409836065,5.0,0,40
engr0,LG,MIM,0.1,MIM,0.3,11.672131147540984,8.0,0,45
engr0,LG,MIM,0.1,MIM,0.4,12.426229508196721,8.0,0,45
engr0,LG,MIM,0.1,MIM,0.5,12.426229508196721,8.0,0,45
engr0,LG,MIM,0.1,MIM,0.6,12.426229508196721,8.0,0,45
engr0,LG,MIM,0.1,MIM,0.7,12.426229508196721,8.0,0,45
engr0,LG,MIM,0.1,MIM,0.8,12.426229508196721,8.0,0,45
engr0,LG,MIM,0.1,MIM,0.9,12.426229508196721,8.0,0,45
engr0,LG,MIM,0.1,MIM,1.0,12.426229508196721,8.0,0,45
engr0,MOTO,MIM,0.1,MIM,0.1,3.0655737704918034,2.0,0,12
engr0,MOTO,MIM,0.1,MIM,0.2,3.6065573770491803,2.0,0,12
engr0,MOTO,MIM,0.1,MIM,0.3,3.9344262295081966,2.0,0,16
engr0,MOTO,MIM,0.1,MIM,0.4,3.9344262295081966,2.0,0,16
engr0,MOTO,MIM,0.1,MIM,0.5,3.9344262295081966,2.0,0,16
engr0,MOTO,MIM,0.1,MIM,0.6,3.9344262295081966,2.0,0,16
engr0,MOTO,MIM,0.1,MIM,0.7,3.9344262295081966,2.0,0,16
engr0,MOTO,MIM,0.1,MIM,0.8,3.9344262295081966,2.0,0,16
engr0,MOTO,MIM,0.1,MIM,0.9,3.9344262295081966,2.0,0,16
engr0,MOTO,MIM,0.1,MIM,1.0,3.9344262295081966,2.0,0,16
engr0,OP3,MIM,0.1,MIM,0.1,1.540983606557377,1.0,0,12
engr0,OP3,MIM,0.1,MIM,0.2,9.934426229508198,6.0,0,56
engr0,OP3,MIM,0.1,MIM,0.3,10.770491803278688,5.0,0,56
engr0,OP3,MIM,0.1,MIM,0.4,11.704918032786885,5.0,0,56
engr0,OP3,MIM,0.1,MIM,0.5,11.704918032786885,5.0,0,56
engr0,OP3,MIM,0.1,MIM,0.6,11.704918032786885,5.0,0,56
engr0,OP3,MIM,0.1,MIM,0.7,11.704918032786885,5.0,0,56
engr0,OP3,MIM,0.1,MIM,0.8,11.704918032786885,5.0,0,56
engr0,OP3,MIM,0.1,MIM,0.9,11.704918032786885,5.0,0,56
engr0,OP3,MIM,0.1,MIM,1.0,11.704918032786885,5.0,0,56
engr0,S7,MIM,0.1,MIM,0.1,2.7049180327868854,2.0,0,12
engr0,S7,MIM,0.1,MIM,0.2,7.360655737704918,6.0,0,42
engr0,S7,MIM,0.1,MIM,0.3,9.524590163934427,7.0,0,51
engr0,S7,MIM,0.1,MIM,0.4,9.508196721311476,6.0,0,51
engr0,S7,MIM,0.1,MIM,0.5,9.508196721311476,6.0,0,51
engr0,S7,MIM,0.1,MIM,0.6,9.508196721311476,6.0,0,51
engr0,S7,MIM,0.1,MIM,0.7,9.508196721311476,6.0,0,51
engr0,S7,MIM,0.1,MIM,0.8,9.508196721311476,6.0,0,51
engr0,S7,MIM,0.1,MIM,0.9,9.508196721311476,6.0,0,51
engr0,S7,MIM,0.1,MIM,1.0,9.508196721311476,6.0,0,51
engr0,BLU,MIM,0.2,MIM,0.1,4.426229508196721,3.0,0,41
engr0,BLU,MIM,0.2,MIM,0.2,5.19672131147541,4.0,0,41
engr0,BLU,MIM,0.2,MIM,0.3,8.032786885245901,5.0,0,54
engr0,BLU,MIM,0.2,MIM,0.4,8.918032786885245,5.0,0,54
engr0,BLU,MIM,0.2,MIM,0.5,8.918032786885245,5.0,0,54
engr0,BLU,MIM,0.2,MIM,0.6,8.918032786885245,5.0,0,54
engr0,BLU,MIM,0.2,MIM,0.7,8.918032786885245,5.0,0,54
engr0,BLU,MIM,0.2,MIM,0.8,8.918032786885245,5.0,0,54
engr0,BLU,MIM,0.2,MIM,0.9,8.918032786885245,5.0,0,54
engr0,BLU,MIM,0.2,MIM,1.0,8.918032786885245,5.0,0,54
engr0,HTC,MIM,0.2,MIM,0.1,5.524590163934426,4.0,0,45
engr0,HTC,MIM,0.2,MIM,0.2,7.016393442622951,4.0,0,35
engr0,HTC,MIM,0.2,MIM,0.3,10.295081967213115,6.0,0,43
engr0,HTC,MIM,0.2,MIM,0.4,11.098360655737705,6.0,0,43
engr0,HTC,MIM,0.2,MIM,0.5,11.098360655737705,6.0,0,43
engr0,HTC,MIM,0.2,MIM,0.6,11.098360655737705,6.0,0,43
engr0,HTC,MIM,0.2,MIM,0.7,11.098360655737705,6.0,0,43
engr0,HTC,MIM,0.2,MIM,0.8,11.098360655737705,6.0,0,43
engr0,HTC,MIM,0.2,MIM,0.9,11.098360655737705,6.0,0,43
engr0,HTC,MIM,0.2,MIM,1.0,11.098360655737705,6.0,0,43
engr0,LG,MIM,0.2,MIM,0.1,3.9836065573770494,2.0,0,27
engr0,LG,MIM,0.2,MIM,0.2,5.475409836065574,4.0,0,41
engr0,LG,MIM,0.2,MIM,0.3,8.721311475409836,5.0,0,44
engr0,LG,MIM,0.2,MIM,0.4,10.704918032786885,6.0,0,44
engr0,LG,MIM,0.2,MIM,0.5,10.704918032786885,6.0,0,44
engr0,LG,MIM,0.2,MIM,0.6,10.704918032786885,6.0,0,44
engr0,LG,MIM,0.2,MIM,0.7,10.704918032786885,6.0,0,44
engr0,LG,MIM,0.2,MIM,0.8,10.704918032786885,6.0,0,44
engr0,LG,MIM,0.2,MIM,0.9,10.704918032786885,6.0,0,44
engr0,LG,MIM,0.2,MIM,1.0,10.704918032786885,6.0,0,44
engr0,MOTO,MIM,0.2,MIM,0.1,2.5081967213114753,2.0,0,9
engr0,MOTO,MIM,0.2,MIM,0.2,3.639344262295082,2.0,0,15
engr0,MOTO,MIM,0.2,MIM,0.3,3.2459016393442623,2.0,0,21
engr0,MOTO,MIM,0.2,MIM,0.4,3.2459016393442623,2.0,0,21
engr0,MOTO,MIM,0.2,MIM,0.5,3.2459016393442623,2.0,0,21
engr0,MOTO,MIM,0.2,MIM,0.6,3.2459016393442623,2.0,0,21
engr0,MOTO,MIM,0.2,MIM,0.7,3.2459016393442623,2.0,0,21
engr0,MOTO,MIM,0.2,MIM,0.8,3.2459016393442623,2.0,0,21
engr0,MOTO,MIM,0.2,MIM,0.9,3.2459016393442623,2.0,0,21
engr0,MOTO,MIM,0.2,MIM,1.0,3.2459016393442623,2.0,0,21
engr0,OP3,MIM,0.2,MIM,0.1,3.5245901639344264,2.0,0,18
engr0,OP3,MIM,0.2,MIM,0.2,3.80327868852459,2.0,0,41
engr0,OP3,MIM,0.2,MIM,0.3,7.672131147540983,4.0,0,52
engr0,OP3,MIM,0.2,MIM,0.4,9.21311475409836,5.0,0,52
engr0,OP3,MIM,0.2,MIM,0.5,9.21311475409836,5.0,0,52
engr0,OP3,MIM,0.2,MIM,0.6,9.21311475409836,5.0,0,52
engr0,OP3,MIM,0.2,MIM,0.7,9.21311475409836,5.0,0,52
engr0,OP3,MIM,0.2,MIM,0.8,9.21311475409836,5.0,0,52
engr0,OP3,MIM,0.2,MIM,0.9,9.21311475409836,5.0,0,52
engr0,OP3,MIM,0.2,MIM,1.0,9.21311475409836,5.0,0,52
engr0,S7,MIM,0.2,MIM,0.1,5.475409836065574,3.0,0,40
engr0,S7,MIM,0.2,MIM,0.2,5.0,3.0,0,40
engr0,S7,MIM,0.2,MIM,0.3,7.459016393442623,5.0,0,41
engr0,S7,MIM,0.2,MIM,0.4,8.360655737704919,5.0,0,48
engr0,S7,MIM,0.2,MIM,0.5,8.360655737704919,5.0,0,48
engr0,S7,MIM,0.2,MIM,0.6,8.360655737704919,5.0,0,48
engr0,S7,MIM,0.2,MIM,0.7,8.360655737704919,5.0,0,48
engr0,S7,MIM,0.2,MIM,0.8,8.360655737704919,5.0,0,48
engr0,S7,MIM,0.2,MIM,0.9,8.360655737704919,5.0,0,48
engr0,S7,MIM,0.2,MIM,1.0,8.360655737704919,5.0,0,48
engr0,BLU,MIM,0.3,MIM,0.1,5.918032786885246,4.0,0,41
engr0,BLU,MIM,0.3,MIM,0.2,6.180327868852459,4.0,0,41
engr0,BLU,MIM,0.3,MIM,0.3,6.819672131147541,5.0,0,33
engr0,BLU,MIM,0.3,MIM,0.4,7.229508196721311,5.0,0,37
engr0,BLU,MIM,0.3,MIM,0.5,7.229508196721311,5.0,0,37
engr0,BLU,MIM,0.3,MIM,0.6,7.229508196721311,5.0,0,37
engr0,BLU,MIM,0.3,MIM,0.7,7.229508196721311,5.0,0,37
engr0,BLU,MIM,0.3,MIM,0.8,7.229508196721311,5.0,0,37
engr0,BLU,MIM,0.3,MIM,0.9,7.229508196721311,5.0,0,37
engr0,BLU,MIM,0.3,MIM,1.0,7.229508196721311,5.0,0,37
engr0,HTC,MIM,0.3,MIM,0.1,5.360655737704918,4.0,0,20
engr0,HTC,MIM,0.3,MIM,0.2,6.934426229508197,4.0,0,46
engr0,HTC,MIM,0.3,MIM,0.3,7.885245901639344,5.0,0,37
engr0,HTC,MIM,0.3,MIM,0.4,10.01639344262295,6.0,0,52
engr0,HTC,MIM,0.3,MIM,0.5,10.01639344262295,6.0,0,52
engr0,HTC,MIM,0.3,MIM,0.6,10.01639344262295,6.0,0,52
engr0,HTC,MIM,0.3,MIM,0.7,10.01639344262295,6.0,0,52
engr0,HTC,MIM,0.3,MIM,0.8,10.01639344262295,6.0,0,52
engr0,HTC,MIM,0.3,MIM,0.9,10.01639344262295,6.0,0,52
engr0,HTC,MIM,0.3,MIM,1.0,10.01639344262295,6.0,0,52
engr0,LG,MIM,0.3,MIM,0.1,4.295081967213115,2.0,0,15
engr0,LG,MIM,0.3,MIM,0.2,6.377049180327869,5.0,0,39
engr0,LG,MIM,0.3,MIM,0.3,7.508196721311475,6.0,0,44
engr0,LG,MIM,0.3,MIM,0.4,9.180327868852459,6.0,0,44
engr0,LG,MIM,0.3,MIM,0.5,9.180327868852459,6.0,0,44
engr0,LG,MIM,0.3,MIM,0.6,9.180327868852459,6.0,0,44
engr0,LG,MIM,0.3,MIM,0.7,9.180327868852459,6.0,0,44
engr0,LG,MIM,0.3,MIM,0.8,9.180327868852459,6.0,0,44
engr0,LG,MIM,0.3,MIM,0.9,9.180327868852459,6.0,0,44
engr0,LG,MIM,0.3,MIM,1.0,9.180327868852459,6.0,0,44
engr0,MOTO,MIM,0.3,MIM,0.1,2.7704918032786887,1.0,0,15
engr0,MOTO,MIM,0.3,MIM,0.2,3.3934426229508197,2.0,0,21
engr0,MOTO,MIM,0.3,MIM,0.3,3.2950819672131146,2.0,0,16
engr0,MOTO,MIM,0.3,MIM,0.4,3.2950819672131146,2.0,0,16
engr0,MOTO,MIM,0.3,MIM,0.5,3.2950819672131146,2.0,0,16
engr0,MOTO,MIM,0.3,MIM,0.6,3.2950819672131146,2.0,0,16
engr0,MOTO,MIM,0.3,MIM,0.7,3.2950819672131146,2.0,0,16
engr0,MOTO,MIM,0.3,MIM,0.8,3.2950819672131146,2.0,0,16
engr0,MOTO,MIM,0.3,MIM,0.9,3.2950819672131146,2.0,0,16
engr0,MOTO,MIM,0.3,MIM,1.0,3.2950819672131146,2.0,0,16
engr0,OP3,MIM,0.3,MIM,0.1,3.622950819672131,3.0,0,13
engr0,OP3,MIM,0.3,MIM,0.2,5.245901639344262,4.0,0,41
engr0,OP3,MIM,0.3,MIM,0.3,6.721311475409836,4.0,0,51
engr0,OP3,MIM,0.3,MIM,0.4,11.147540983606557,5.0,0,56
engr0,OP3,MIM,0.3,MIM,0.5,11.147540983606557,5.0,0,56
engr0,OP3,MIM,0.3,MIM,0.6,11.147540983606557,5.0,0,56
engr0,OP3,MIM,0.3,MIM,0.7,11.147540983606557,5.0,0,56
engr0,OP3,MIM,0.3,MIM,0.8,11.147540983606557,5.0,0,56
engr0,OP3,MIM,0.3,MIM,0.9,11.147540983606557,5.0,0,56
engr0,OP3,MIM,0.3,MIM,1.0,11.147540983606557,5.0,0,56
engr0,S7,MIM,0.3,MIM,0.1,5.754098360655738,5.0,0,34
engr0,S7,MIM,0.3,MIM,0.2,8.78688524590164,7.0,0,51
engr0,S7,MIM,0.3,MIM,0.3,8.819672131147541,5.0,0,52
engr0,S7,MIM,0.3,MIM,0.4,9.688524590163935,8.0,0,48
engr0,S7,MIM,0.3,MIM,0.5,9.688524590163935,8.0,0,48
engr0,S7,MIM,0.3,MIM,0.6,9.688524590163935,8.0,0,48
engr0,S7,MIM,0.3,MIM,0.7,9.688524590163935,8.0,0,48
engr0,S7,MIM,0.3,MIM,0.8,9.688524590163935,8.0,0,48
engr0,S7,MIM,0.3,MIM,0.9,9.688524590163935,8.0,0,48
engr0,S7,MIM,0.3,MIM,1.0,9.688524590163935,8.0,0,48
engr0,BLU,MIM,0.4,MIM,0.1,5.557377049180328,4.0,0,36
engr0,BLU,MIM,0.4,MIM,0.2,6.573770491803279,5.0,0,41
engr0,BLU,MIM,0.4,MIM,0.3,8.147540983606557,5.0,0,42
engr0,BLU,MIM,0.4,MIM,0.4,7.754098360655738,4.0,0,42
engr0,BLU,MIM,0.4,MIM,0.5,7.754098360655738,4.0,0,42
engr0,BLU,MIM,0.4,MIM,0.6,7.754098360655738,4.0,0,42
engr0,BLU,MIM,0.4,MIM,0.7,7.754098360655738,4.0,0,42
engr0,BLU,MIM,0.4,MIM,0.8,7.754098360655738,4.0,0,42
engr0,BLU,MIM,0.4,MIM,0.9,7.754098360655738,4.0,0,42
engr0,BLU,MIM,0.4,MIM,1.0,7.754098360655738,4.0,0,42
engr0,HTC,MIM,0.4,MIM,0.1,5.459016393442623,4.0,0,24
engr0,HTC,MIM,0.4,MIM,0.2,9.360655737704919,6.0,0,42
engr0,HTC,MIM,0.4,MIM,0.3,9.836065573770492,6.0,0,52
engr0,HTC,MIM,0.4,MIM,0.4,9.934426229508198,6.0,0,44
engr0,HTC,MIM,0.4,MIM,0.5,9.934426229508198,6.0,0,44
engr0,HTC,MIM,0.4,MIM,0.6,9.934426229508198,6.0,0,44
engr0,HTC,MIM,0.4,MIM,0.7,9.934426229508198,6.0,0,44
engr0,HTC,MIM,0.4,MIM,0.8,9.934426229508198,6.0,0,44
engr0,HTC,MIM,0.4,MIM,0.9,9.934426229508198,6.0,0,44
engr0,HTC,MIM,0.4,MIM,1.0,9.934426229508198,6.0,0,44
engr0,LG,MIM,0.4,MIM,0.1,4.524590163934426,3.0,0,25
engr0,LG,MIM,0.4,MIM,0.2,5.819672131147541,4.0,0,39
engr0,LG,MIM,0.4,MIM,0.3,7.639344262295082,5.0,0,44
engr0,LG,MIM,0.4,MIM,0.4,7.918032786885246,5.0,0,38
engr0,LG,MIM,0.4,MIM,0.5,7.918032786885246,5.0,0,38
engr0,LG,MIM,0.4,MIM,0.6,7.918032786885246,5.0,0,38
engr0,LG,MIM,0.4,MIM,0.7,7.918032786885246,5.0,0,38
engr0,LG,MIM,0.4,MIM,0.8,7.918032786885246,5.0,0,38
engr0,LG,MIM,0.4,MIM,0.9,7.918032786885246,5.0,0,38
engr0,LG,MIM,0.4,MIM,1.0,7.918032786885246,5.0,0,38
engr0,MOTO,MIM,0.4,MIM,0.1,2.6721311475409837,2.0,0,10
engr0,MOTO,MIM,0.4,MIM,0.2,3.7868852459016393,2.0,0,30
engr0,MOTO,MIM,0.4,MIM,0.3,3.7049180327868854,2.0,0,30
engr0,MOTO,MIM,0.4,MIM,0.4,4.524590163934426,2.0,0,55
engr0,MOTO,MIM,0.4,MIM,0.5,4.524590163934426,2.0,0,55
engr0,MOTO,MIM,0.4,MIM,0.6,4.524590163934426,2.0,0,55
engr0,MOTO,MIM,0.4,MIM,0.7,4.524590163934426,2.0,0,55
engr0,MOTO,MIM,0.4,MIM,0.8,4.524590163934426,2.0,0,55
engr0,MOTO,MIM,0.4,MIM,0.9,4.524590163934426,2.0,0,55
engr0,MOTO,MIM,0.4,MIM,1.0,4.524590163934426,2.0,0,55
engr0,OP3,MIM,0.4,MIM,0.1,3.7540983606557377,3.0,0,17
engr0,OP3,MIM,0.4,MIM,0.2,6.114754098360656,4.0,0,52
engr0,OP3,MIM,0.4,MIM,0.3,8.704918032786885,5.0,0,58
engr0,OP3,MIM,0.4,MIM,0.4,8.262295081967213,5.0,0,58
engr0,OP3,MIM,0.4,MIM,0.5,8.262295081967213,5.0,0,58
engr0,OP3,MIM,0.4,MIM,0.6,8.262295081967213,5.0,0,58
engr0,OP3,MIM,0.4,MIM,0.7,8.262295081967213,5.0,0,58
engr0,OP3,MIM,0.4,MIM,0.8,8.262295081967213,5.0,0,58
engr0,OP3,MIM,0.4,MIM,0.9,8.262295081967213,5.0,0,58
engr0,OP3,MIM,0.4,MIM,1.0,8.262295081967213,5.0,0,58
engr0,S7,MIM,0.4,MIM,0.1,4.819672131147541,4.0,0,15
engr0,S7,MIM,0.4,MIM,0.2,6.721311475409836,6.0,0,23
engr0,S7,MIM,0.4,MIM,0.3,9.245901639344263,6.0,0,41
engr0,S7,MIM,0.4,MIM,0.4,8.639344262295081,6.0,0,48
engr0,S7,MIM,0.4,MIM,0.5,8.639344262295081,6.0,0,48
engr0,S7,MIM,0.4,MIM,0.6,8.639344262295081,6.0,0,48
engr0,S7,MIM,0.4,MIM,0.7,8.639344262295081,6.0,0,48
engr0,S7,MIM,0.4,MIM,0.8,8.639344262295081,6.0,0,48
engr0,S7,MIM,0.4,MIM,0.9,8.639344262295081,6.0,0,48
engr0,S7,MIM,0.4,MIM,1.0,8.639344262295081,6.0,0,48
engr0,BLU,MIM,0.5,MIM,0.1,5.557377049180328,4.0,0,36
engr0,BLU,MIM,0.5,MIM,0.2,6.573770491803279,5.0,0,41
engr0,BLU,MIM,0.5,MIM,0.3,8.147540983606557,5.0,0,42
engr0,BLU,MIM,0.5,MIM,0.4,7.754098360655738,4.0,0,42
engr0,BLU,MIM,0.5,MIM,0.5,7.754098360655738,4.0,0,42
engr0,BLU,MIM,0.5,MIM,0.6,7.754098360655738,4.0,0,42
engr0,BLU,MIM,0.5,MIM,0.7,7.754098360655738,4.0,0,42
engr0,BLU,MIM,0.5,MIM,0.8,7.754098360655738,4.0,0,42
engr0,BLU,MIM,0.5,MIM,0.9,7.754098360655738,4.0,0,42
engr0,BLU,MIM,0.5,MIM,1.0,7.754098360655738,4.0,0,42
engr0,HTC,MIM,0.5,MIM,0.1,5.459016393442623,4.0,0,24
engr0,HTC,MIM,0.5,MIM,0.2,9.360655737704919,6.0,0,42
engr0,HTC,MIM,0.5,MIM,0.3,9.836065573770492,6.0,0,52
engr0,HTC,MIM,0.5,MIM,0.4,9.934426229508198,6.0,0,44
engr0,HTC,MIM,0.5,MIM,0.5,9.934426229508198,6.0,0,44
engr0,HTC,MIM,0.5,MIM,0.6,9.934426229508198,6.0,0,44
engr0,HTC,MIM,0.5,MIM,0.7,9.934426229508198,6.0,0,44
engr0,HTC,MIM,0.5,MIM,0.8,9.934426229508198,6.0,0,44
engr0,HTC,MIM,0.5,MIM,0.9,9.934426229508198,6.0,0,44
engr0,HTC,MIM,0.5,MIM,1.0,9.934426229508198,6.0,0,44
engr0,LG,MIM,0.5,MIM,0.1,4.524590163934426,3.0,0,25
engr0,LG,MIM,0.5,MIM,0.2,5.819672131147541,4.0,0,39
engr0,LG,MIM,0.5,MIM,0.3,7.639344262295082,5.0,0,44
engr0,LG,MIM,0.5,MIM,0.4,7.918032786885246,5.0,0,38
engr0,LG,MIM,0.5,MIM,0.5,7.918032786885246,5.0,0,38
engr0,LG,MIM,0.5,MIM,0.6,7.918032786885246,5.0,0,38
engr0,LG,MIM,0.5,MIM,0.7,7.918032786885246,5.0,0,38
engr0,LG,MIM,0.5,MIM,0.8,7.918032786885246,5.0,0,38
engr0,LG,MIM,0.5,MIM,0.9,7.918032786885246,5.0,0,38
engr0,LG,MIM,0.5,MIM,1.0,7.918032786885246,5.0,0,38
engr0,MOTO,MIM,0.5,MIM,0.1,2.6721311475409837,2.0,0,10
engr0,MOTO,MIM,0.5,MIM,0.2,3.7868852459016393,2.0,0,30
engr0,MOTO,MIM,0.5,MIM,0.3,3.7049180327868854,2.0,0,30
engr0,MOTO,MIM,0.5,MIM,0.4,4.524590163934426,2.0,0,55
engr0,MOTO,MIM,0.5,MIM,0.5,4.524590163934426,2.0,0,55
engr0,MOTO,MIM,0.5,MIM,0.6,4.524590163934426,2.0,0,55
engr0,MOTO,MIM,0.5,MIM,0.7,4.524590163934426,2.0,0,55
engr0,MOTO,MIM,0.5,MIM,0.8,4.524590163934426,2.0,0,55
engr0,MOTO,MIM,0.5,MIM,0.9,4.524590163934426,2.0,0,55
engr0,MOTO,MIM,0.5,MIM,1.0,4.524590163934426,2.0,0,55
engr0,OP3,MIM,0.5,MIM,0.1,3.7540983606557377,3.0,0,17
engr0,OP3,MIM,0.5,MIM,0.2,6.114754098360656,4.0,0,52
engr0,OP3,MIM,0.5,MIM,0.3,8.704918032786885,5.0,0,58
engr0,OP3,MIM,0.5,MIM,0.4,8.262295081967213,5.0,0,58
engr0,OP3,MIM,0.5,MIM,0.5,8.262295081967213,5.0,0,58
engr0,OP3,MIM,0.5,MIM,0.6,8.262295081967213,5.0,0,58
engr0,OP3,MIM,0.5,MIM,0.7,8.262295081967213,5.0,0,58
engr0,OP3,MIM,0.5,MIM,0.8,8.262295081967213,5.0,0,58
engr0,OP3,MIM,0.5,MIM,0.9,8.262295081967213,5.0,0,58
engr0,OP3,MIM,0.5,MIM,1.0,8.262295081967213,5.0,0,58
engr0,S7,MIM,0.5,MIM,0.1,4.819672131147541,4.0,0,15
engr0,S7,MIM,0.5,MIM,0.2,6.721311475409836,6.0,0,23
engr0,S7,MIM,0.5,MIM,0.3,9.245901639344263,6.0,0,41
engr0,S7,MIM,0.5,MIM,0.4,8.639344262295081,6.0,0,48
engr0,S7,MIM,0.5,MIM,0.5,8.639344262295081,6.0,0,48
engr0,S7,MIM,0.5,MIM,0.6,8.639344262295081,6.0,0,48
engr0,S7,MIM,0.5,MIM,0.7,8.639344262295081,6.0,0,48
engr0,S7,MIM,0.5,MIM,0.8,8.639344262295081,6.0,0,48
engr0,S7,MIM,0.5,MIM,0.9,8.639344262295081,6.0,0,48
engr0,S7,MIM,0.5,MIM,1.0,8.639344262295081,6.0,0,48
engr0,BLU,MIM,0.6,MIM,0.1,5.557377049180328,4.0,0,36
engr0,BLU,MIM,0.6,MIM,0.2,6.573770491803279,5.0,0,41
engr0,BLU,MIM,0.6,MIM,0.3,8.147540983606557,5.0,0,42
engr0,BLU,MIM,0.6,MIM,0.4,7.754098360655738,4.0,0,42
engr0,BLU,MIM,0.6,MIM,0.5,7.754098360655738,4.0,0,42
engr0,BLU,MIM,0.6,MIM,0.6,7.754098360655738,4.0,0,42
engr0,BLU,MIM,0.6,MIM,0.7,7.754098360655738,4.0,0,42
engr0,BLU,MIM,0.6,MIM,0.8,7.754098360655738,4.0,0,42
engr0,BLU,MIM,0.6,MIM,0.9,7.754098360655738,4.0,0,42
engr0,BLU,MIM,0.6,MIM,1.0,7.754098360655738,4.0,0,42
engr0,HTC,MIM,0.6,MIM,0.1,5.459016393442623,4.0,0,24
engr0,HTC,MIM,0.6,MIM,0.2,9.360655737704919,6.0,0,42
engr0,HTC,MIM,0.6,MIM,0.3,9.836065573770492,6.0,0,52
engr0,HTC,MIM,0.6,MIM,0.4,9.934426229508198,6.0,0,44
engr0,HTC,MIM,0.6,MIM,0.5,9.934426229508198,6.0,0,44
engr0,HTC,MIM,0.6,MIM,0.6,9.934426229508198,6.0,0,44
engr0,HTC,MIM,0.6,MIM,0.7,9.934426229508198,6.0,0,44
engr0,HTC,MIM,0.6,MIM,0.8,9.934426229508198,6.0,0,44
engr0,HTC,MIM,0.6,MIM,0.9,9.934426229508198,6.0,0,44
engr0,HTC,MIM,0.6,MIM,1.0,9.934426229508198,6.0,0,44
engr0,LG,MIM,0.6,MIM,0.1,4.524590163934426,3.0,0,25
engr0,LG,MIM,0.6,MIM,0.2,5.819672131147541,4.0,0,39
engr0,LG,MIM,0.6,MIM,0.3,7.639344262295082,5.0,0,44
engr0,LG,MIM,0.6,MIM,0.4,7.918032786885246,5.0,0,38
engr0,LG,MIM,0.6,MIM,0.5,7.918032786885246,5.0,0,38
engr0,LG,MIM,0.6,MIM,0.6,7.918032786885246,5.0,0,38
engr0,LG,MIM,0.6,MIM,0.7,7.918032786885246,5.0,0,38
engr0,LG,MIM,0.6,MIM,0.8,7.918032786885246,5.0,0,38
engr0,LG,MIM,0.6,MIM,0.9,7.918032786885246,5.0,0,38
engr0,LG,MIM,0.6,MIM,1.0,7.918032786885246,5.0,0,38
engr0,MOTO,MIM,0.6,MIM,0.1,2.6721311475409837,2.0,0,10
engr0,MOTO,MIM,0.6,MIM,0.2,3.7868852459016393,2.0,0,30
engr0,MOTO,MIM,0.6,MIM,0.3,3.7049180327868854,2.0,0,30
engr0,MOTO,MIM,0.6,MIM,0.4,4.524590163934426,2.0,0,55
engr0,MOTO,MIM,0.6,MIM,0.5,4.524590163934426,2.0,0,55
engr0,MOTO,MIM,0.6,MIM,0.6,4.524590163934426,2.0,0,55
engr0,MOTO,MIM,0.6,MIM,0.7,4.524590163934426,2.0,0,55
engr0,MOTO,MIM,0.6,MIM,0.8,4.524590163934426,2.0,0,55
engr0,MOTO,MIM,0.6,MIM,0.9,4.524590163934426,2.0,0,55
engr0,MOTO,MIM,0.6,MIM,1.0,4.524590163934426,2.0,0,55
engr0,OP3,MIM,0.6,MIM,0.1,3.7540983606557377,3.0,0,17
engr0,OP3,MIM,0.6,MIM,0.2,6.114754098360656,4.0,0,52
engr0,OP3,MIM,0.6,MIM,0.3,8.704918032786885,5.0,0,58
engr0,OP3,MIM,0.6,MIM,0.4,8.262295081967213,5.0,0,58
engr0,OP3,MIM,0.6,MIM,0.5,8.262295081967213,5.0,0,58
engr0,OP3,MIM,0.6,MIM,0.6,8.262295081967213,5.0,0,58
engr0,OP3,MIM,0.6,MIM,0.7,8.262295081967213,5.0,0,58
engr0,OP3,MIM,0.6,MIM,0.8,8.262295081967213,5.0,0,58
engr0,OP3,MIM,0.6,MIM,0.9,8.262295081967213,5.0,0,58
engr0,OP3,MIM,0.6,MIM,1.0,8.262295081967213,5.0,0,58
engr0,S7,MIM,0.6,MIM,0.1,4.819672131147541,4.0,0,15
engr0,S7,MIM,0.6,MIM,0.2,6.721311475409836,6.0,0,23
engr0,S7,MIM,0.6,MIM,0.3,9.245901639344263,6.0,0,41
engr0,S7,MIM,0.6,MIM,0.4,8.639344262295081,6.0,0,48
engr0,S7,MIM,0.6,MIM,0.5,8.639344262295081,6.0,0,48
engr0,S7,MIM,0.6,MIM,0.6,8.639344262295081,6.0,0,48
engr0,S7,MIM,0.6,MIM,0.7,8.639344262295081,6.0,0,48
engr0,S7,MIM,0.6,MIM,0.8,8.639344262295081,6.0,0,48
engr0,S7,MIM,0.6,MIM,0.9,8.639344262295081,6.0,0,48
engr0,S7,MIM,0.6,MIM,1.0,8.639344262295081,6.0,0,48
engr0,BLU,MIM,0.7,MIM,0.1,5.557377049180328,4.0,0,36
engr0,BLU,MIM,0.7,MIM,0.2,6.573770491803279,5.0,0,41
engr0,BLU,MIM,0.7,MIM,0.3,8.147540983606557,5.0,0,42
engr0,BLU,MIM,0.7,MIM,0.4,7.754098360655738,4.0,0,42
engr0,BLU,MIM,0.7,MIM,0.5,7.754098360655738,4.0,0,42
engr0,BLU,MIM,0.7,MIM,0.6,7.754098360655738,4.0,0,42
engr0,BLU,MIM,0.7,MIM,0.7,7.754098360655738,4.0,0,42
engr0,BLU,MIM,0.7,MIM,0.8,7.754098360655738,4.0,0,42
engr0,BLU,MIM,0.7,MIM,0.9,7.754098360655738,4.0,0,42
engr0,BLU,MIM,0.7,MIM,1.0,7.754098360655738,4.0,0,42
engr0,HTC,MIM,0.7,MIM,0.1,5.459016393442623,4.0,0,24
engr0,HTC,MIM,0.7,MIM,0.2,9.360655737704919,6.0,0,42
engr0,HTC,MIM,0.7,MIM,0.3,9.836065573770492,6.0,0,52
engr0,HTC,MIM,0.7,MIM,0.4,9.934426229508198,6.0,0,44
engr0,HTC,MIM,0.7,MIM,0.5,9.934426229508198,6.0,0,44
engr0,HTC,MIM,0.7,MIM,0.6,9.934426229508198,6.0,0,44
engr0,HTC,MIM,0.7,MIM,0.7,9.934426229508198,6.0,0,44
engr0,HTC,MIM,0.7,MIM,0.8,9.934426229508198,6.0,0,44
engr0,HTC,MIM,0.7,MIM,0.9,9.934426229508198,6.0,0,44
engr0,HTC,MIM,0.7,MIM,1.0,9.934426229508198,6.0,0,44
engr0,LG,MIM,0.7,MIM,0.1,4.524590163934426,3.0,0,25
engr0,LG,MIM,0.7,MIM,0.2,5.819672131147541,4.0,0,39
engr0,LG,MIM,0.7,MIM,0.3,7.639344262295082,5.0,0,44
engr0,LG,MIM,0.7,MIM,0.4,7.918032786885246,5.0,0,38
engr0,LG,MIM,0.7,MIM,0.5,7.918032786885246,5.0,0,38
engr0,LG,MIM,0.7,MIM,0.6,7.918032786885246,5.0,0,38
engr0,LG,MIM,0.7,MIM,0.7,7.918032786885246,5.0,0,38
engr0,LG,MIM,0.7,MIM,0.8,7.918032786885246,5.0,0,38
engr0,LG,MIM,0.7,MIM,0.9,7.918032786885246,5.0,0,38
engr0,LG,MIM,0.7,MIM,1.0,7.918032786885246,5.0,0,38
engr0,MOTO,MIM,0.7,MIM,0.1,2.6721311475409837,2.0,0,10
engr0,MOTO,MIM,0.7,MIM,0.2,3.7868852459016393,2.0,0,30
engr0,MOTO,MIM,0.7,MIM,0.3,3.7049180327868854,2.0,0,30
engr0,MOTO,MIM,0.7,MIM,0.4,4.524590163934426,2.0,0,55
engr0,MOTO,MIM,0.7,MIM,0.5,4.524590163934426,2.0,0,55
engr0,MOTO,MIM,0.7,MIM,0.6,4.524590163934426,2.0,0,55
engr0,MOTO,MIM,0.7,MIM,0.7,4.524590163934426,2.0,0,55
engr0,MOTO,MIM,0.7,MIM,0.8,4.524590163934426,2.0,0,55
engr0,MOTO,MIM,0.7,MIM,0.9,4.524590163934426,2.0,0,55
engr0,MOTO,MIM,0.7,MIM,1.0,4.524590163934426,2.0,0,55
engr0,OP3,MIM,0.7,MIM,0.1,3.7540983606557377,3.0,0,17
engr0,OP3,MIM,0.7,MIM,0.2,6.114754098360656,4.0,0,52
engr0,OP3,MIM,0.7,MIM,0.3,8.704918032786885,5.0,0,58
engr0,OP3,MIM,0.7,MIM,0.4,8.262295081967213,5.0,0,58
engr0,OP3,MIM,0.7,MIM,0.5,8.262295081967213,5.0,0,58
engr0,OP3,MIM,0.7,MIM,0.6,8.262295081967213,5.0,0,58
engr0,OP3,MIM,0.7,MIM,0.7,8.262295081967213,5.0,0,58
engr0,OP3,MIM,0.7,MIM,0.8,8.262295081967213,5.0,0,58
engr0,OP3,MIM,0.7,MIM,0.9,8.262295081967213,5.0,0,58
engr0,OP3,MIM,0.7,MIM,1.0,8.262295081967213,5.0,0,58
engr0,S7,MIM,0.7,MIM,0.1,4.819672131147541,4.0,0,15
engr0,S7,MIM,0.7,MIM,0.2,6.721311475409836,6.0,0,23
engr0,S7,MIM,0.7,MIM,0.3,9.245901639344263,6.0,0,41
engr0,S7,MIM,0.7,MIM,0.4,8.639344262295081,6.0,0,48
engr0,S7,MIM,0.7,MIM,0.5,8.639344262295081,6.0,0,48
engr0,S7,MIM,0.7,MIM,0.6,8.639344262295081,6.0,0,48
engr0,S7,MIM,0.7,MIM,0.7,8.639344262295081,6.0,0,48
engr0,S7,MIM,0.7,MIM,0.8,8.639344262295081,6.0,0,48
engr0,S7,MIM,0.7,MIM,0.9,8.639344262295081,6.0,0,48
engr0,S7,MIM,0.7,MIM,1.0,8.639344262295081,6.0,0,48
engr0,BLU,MIM,0.8,MIM,0.1,5.557377049180328,4.0,0,36
engr0,BLU,MIM,0.8,MIM,0.2,6.573770491803279,5.0,0,41
engr0,BLU,MIM,0.8,MIM,0.3,8.147540983606557,5.0,0,42
engr0,BLU,MIM,0.8,MIM,0.4,7.754098360655738,4.0,0,42
engr0,BLU,MIM,0.8,MIM,0.5,7.754098360655738,4.0,0,42
engr0,BLU,MIM,0.8,MIM,0.6,7.754098360655738,4.0,0,42
engr0,BLU,MIM,0.8,MIM,0.7,7.754098360655738,4.0,0,42
engr0,BLU,MIM,0.8,MIM,0.8,7.754098360655738,4.0,0,42
engr0,BLU,MIM,0.8,MIM,0.9,7.754098360655738,4.0,0,42
engr0,BLU,MIM,0.8,MIM,1.0,7.754098360655738,4.0,0,42
engr0,HTC,MIM,0.8,MIM,0.1,5.459016393442623,4.0,0,24
engr0,HTC,MIM,0.8,MIM,0.2,9.360655737704919,6.0,0,42
engr0,HTC,MIM,0.8,MIM,0.3,9.836065573770492,6.0,0,52
engr0,HTC,MIM,0.8,MIM,0.4,9.934426229508198,6.0,0,44
engr0,HTC,MIM,0.8,MIM,0.5,9.934426229508198,6.0,0,44
engr0,HTC,MIM,0.8,MIM,0.6,9.934426229508198,6.0,0,44
engr0,HTC,MIM,0.8,MIM,0.7,9.934426229508198,6.0,0,44
engr0,HTC,MIM,0.8,MIM,0.8,9.934426229508198,6.0,0,44
engr0,HTC,MIM,0.8,MIM,0.9,9.934426229508198,6.0,0,44
engr0,HTC,MIM,0.8,MIM,1.0,9.934426229508198,6.0,0,44
engr0,LG,MIM,0.8,MIM,0.1,4.524590163934426,3.0,0,25
engr0,LG,MIM,0.8,MIM,0.2,5.819672131147541,4.0,0,39
engr0,LG,MIM,0.8,MIM,0.3,7.639344262295082,5.0,0,44
engr0,LG,MIM,0.8,MIM,0.4,7.918032786885246,5.0,0,38
engr0,LG,MIM,0.8,MIM,0.5,7.918032786885246,5.0,0,38
engr0,LG,MIM,0.8,MIM,0.6,7.918032786885246,5.0,0,38
engr0,LG,MIM,0.8,MIM,0.7,7.918032786885246,5.0,0,38
engr0,LG,MIM,0.8,MIM,0.8,7.918032786885246,5.0,0,38
engr0,LG,MIM,0.8,MIM,0.9,7.918032786885246,5.0,0,38
engr0,LG,MIM,0.8,MIM,1.0,7.918032786885246,5.0,0,38
engr0,MOTO,MIM,0.8,MIM,0.1,2.6721311475409837,2.0,0,10
engr0,MOTO,MIM,0.8,MIM,0.2,3.7868852459016393,2.0,0,30
engr0,MOTO,MIM,0.8,MIM,0.3,3.7049180327868854,2.0,0,30
engr0,MOTO,MIM,0.8,MIM,0.4,4.524590163934426,2.0,0,55
engr0,MOTO,MIM,0.8,MIM,0.5,4.524590163934426,2.0,0,55
engr0,MOTO,MIM,0.8,MIM,0.6,4.524590163934426,2.0,0,55
engr0,MOTO,MIM,0.8,MIM,0.7,4.524590163934426,2.0,0,55
engr0,MOTO,MIM,0.8,MIM,0.8,4.524590163934426,2.0,0,55
engr0,MOTO,MIM,0.8,MIM,0.9,4.524590163934426,2.0,0,55
engr0,MOTO,MIM,0.8,MIM,1.0,4.524590163934426,2.0,0,55
engr0,OP3,MIM,0.8,MIM,0.1,3.7540983606557377,3.0,0,17
engr0,OP3,MIM,0.8,MIM,0.2,6.114754098360656,4.0,0,52
engr0,OP3,MIM,0.8,MIM,0.3,8.704918032786885,5.0,0,58
engr0,OP3,MIM,0.8,MIM,0.4,8.262295081967213,5.0,0,58
engr0,OP3,MIM,0.8,MIM,0.5,8.262295081967213,5.0,0,58
engr0,OP3,MIM,0.8,MIM,0.6,8.262295081967213,5.0,0,58
engr0,OP3,MIM,0.8,MIM,0.7,8.262295081967213,5.0,0,58
engr0,OP3,MIM,0.8,MIM,0.8,8.262295081967213,5.0,0,58
engr0,OP3,MIM,0.8,MIM,0.9,8.262295081967213,5.0,0,58
engr0,OP3,MIM,0.8,MIM,1.0,8.262295081967213,5.0,0,58
engr0,S7,MIM,0.8,MIM,0.1,4.819672131147541,4.0,0,15
engr0,S7,MIM,0.8,MIM,0.2,6.721311475409836,6.0,0,23
engr0,S7,MIM,0.8,MIM,0.3,9.245901639344263,6.0,0,41
engr0,S7,MIM,0.8,MIM,0.4,8.639344262295081,6.0,0,48
engr0,S7,MIM,0.8,MIM,0.5,8.639344262295081,6.0,0,48
engr0,S7,MIM,0.8,MIM,0.6,8.639344262295081,6.0,0,48
engr0,S7,MIM,0.8,MIM,0.7,8.639344262295081,6.0,0,48
engr0,S7,MIM,0.8,MIM,0.8,8.639344262295081,6.0,0,48
engr0,S7,MIM,0.8,MIM,0.9,8.639344262295081,6.0,0,48
engr0,S7,MIM,0.8,MIM,1.0,8.639344262295081,6.0,0,48
engr0,BLU,MIM,0.9,MIM,0.1,5.557377049180328,4.0,0,36
engr0,BLU,MIM,0.9,MIM,0.2,6.573770491803279,5.0,0,41
engr0,BLU,MIM,0.9,MIM,0.3,8.147540983606557,5.0,0,42
engr0,BLU,MIM,0.9,MIM,0.4,7.754098360655738,4.0,0,42
engr0,BLU,MIM,0.9,MIM,0.5,7.754098360655738,4.0,0,42
engr0,BLU,MIM,0.9,MIM,0.6,7.754098360655738,4.0,0,42
engr0,BLU,MIM,0.9,MIM,0.7,7.754098360655738,4.0,0,42
engr0,BLU,MIM,0.9,MIM,0.8,7.754098360655738,4.0,0,42
engr0,BLU,MIM,0.9,MIM,0.9,7.754098360655738,4.0,0,42
engr0,BLU,MIM,0.9,MIM,1.0,7.754098360655738,4.0,0,42
engr0,HTC,MIM,0.9,MIM,0.1,5.459016393442623,4.0,0,24
engr0,HTC,MIM,0.9,MIM,0.2,9.360655737704919,6.0,0,42
engr0,HTC,MIM,0.9,MIM,0.3,9.836065573770492,6.0,0,52
engr0,HTC,MIM,0.9,MIM,0.4,9.934426229508198,6.0,0,44
engr0,HTC,MIM,0.9,MIM,0.5,9.934426229508198,6.0,0,44
engr0,HTC,MIM,0.9,MIM,0.6,9.934426229508198,6.0,0,44
engr0,HTC,MIM,0.9,MIM,0.7,9.934426229508198,6.0,0,44
engr0,HTC,MIM,0.9,MIM,0.8,9.934426229508198,6.0,0,44
engr0,HTC,MIM,0.9,MIM,0.9,9.934426229508198,6.0,0,44
engr0,HTC,MIM,0.9,MIM,1.0,9.934426229508198,6.0,0,44
engr0,LG,MIM,0.9,MIM,0.1,4.524590163934426,3.0,0,25
engr0,LG,MIM,0.9,MIM,0.2,5.819672131147541,4.0,0,39
engr0,LG,MIM,0.9,MIM,0.3,7.639344262295082,5.0,0,44
engr0,LG,MIM,0.9,MIM,0.4,7.918032786885246,5.0,0,38
engr0,LG,MIM,0.9,MIM,0.5,7.918032786885246,5.0,0,38
engr0,LG,MIM,0.9,MIM,0.6,7.918032786885246,5.0,0,38
engr0,LG,MIM,0.9,MIM,0.7,7.918032786885246,5.0,0,38
engr0,LG,MIM,0.9,MIM,0.8,7.918032786885246,5.0,0,38
engr0,LG,MIM,0.9,MIM,0.9,7.918032786885246,5.0,0,38
engr0,LG,MIM,0.9,MIM,1.0,7.918032786885246,5.0,0,38
engr0,MOTO,MIM,0.9,MIM,0.1,2.6721311475409837,2.0,0,10
engr0,MOTO,MIM,0.9,MIM,0.2,3.7868852459016393,2.0,0,30
engr0,MOTO,MIM,0.9,MIM,0.3,3.7049180327868854,2.0,0,30
engr0,MOTO,MIM,0.9,MIM,0.4,4.524590163934426,2.0,0,55
engr0,MOTO,MIM,0.9,MIM,0.5,4.524590163934426,2.0,0,55
engr0,MOTO,MIM,0.9,MIM,0.6,4.524590163934426,2.0,0,55
engr0,MOTO,MIM,0.9,MIM,0.7,4.524590163934426,2.0,0,55
engr0,MOTO,MIM,0.9,MIM,0.8,4.524590163934426,2.0,0,55
engr0,MOTO,MIM,0.9,MIM,0.9,4.524590163934426,2.0,0,55
engr0,MOTO,MIM,0.9,MIM,1.0,4.524590163934426,2.0,0,55
engr0,OP3,MIM,0.9,MIM,0.1,3.7540983606557377,3.0,0,17
engr0,OP3,MIM,0.9,MIM,0.2,6.114754098360656,4.0,0,52
engr0,OP3,MIM,0.9,MIM,0.3,8.704918032786885,5.0,0,58
engr0,OP3,MIM,0.9,MIM,0.4,8.262295081967213,5.0,0,58
engr0,OP3,MIM,0.9,MIM,0.5,8.262295081967213,5.0,0,58
engr0,OP3,MIM,0.9,MIM,0.6,8.262295081967213,5.0,0,58
engr0,OP3,MIM,0.9,MIM,0.7,8.262295081967213,5.0,0,58
engr0,OP3,MIM,0.9,MIM,0.8,8.262295081967213,5.0,0,58
engr0,OP3,MIM,0.9,MIM,0.9,8.262295081967213,5.0,0,58
engr0,OP3,MIM,0.9,MIM,1.0,8.262295081967213,5.0,0,58
engr0,S7,MIM,0.9,MIM,0.1,4.819672131147541,4.0,0,15
engr0,S7,MIM,0.9,MIM,0.2,6.721311475409836,6.0,0,23
engr0,S7,MIM,0.9,MIM,0.3,9.245901639344263,6.0,0,41
engr0,S7,MIM,0.9,MIM,0.4,8.639344262295081,6.0,0,48
engr0,S7,MIM,0.9,MIM,0.5,8.639344262295081,6.0,0,48
engr0,S7,MIM,0.9,MIM,0.6,8.639344262295081,6.0,0,48
engr0,S7,MIM,0.9,MIM,0.7,8.639344262295081,6.0,0,48
engr0,S7,MIM,0.9,MIM,0.8,8.639344262295081,6.0,0,48
engr0,S7,MIM,0.9,MIM,0.9,8.639344262295081,6.0,0,48
engr0,S7,MIM,0.9,MIM,1.0,8.639344262295081,6.0,0,48
engr0,BLU,MIM,1.0,MIM,0.1,5.557377049180328,4.0,0,36
engr0,BLU,MIM,1.0,MIM,0.2,6.573770491803279,5.0,0,41
engr0,BLU,MIM,1.0,MIM,0.3,8.147540983606557,5.0,0,42
engr0,BLU,MIM,1.0,MIM,0.4,7.754098360655738,4.0,0,42
engr0,BLU,MIM,1.0,MIM,0.5,7.754098360655738,4.0,0,42
engr0,BLU,MIM,1.0,MIM,0.6,7.754098360655738,4.0,0,42
engr0,BLU,MIM,1.0,MIM,0.7,7.754098360655738,4.0,0,42
engr0,BLU,MIM,1.0,MIM,0.8,7.754098360655738,4.0,0,42
engr0,BLU,MIM,1.0,MIM,0.9,7.754098360655738,4.0,0,42
engr0,BLU,MIM,1.0,MIM,1.0,7.754098360655738,4.0,0,42
engr0,HTC,MIM,1.0,MIM,0.1,5.459016393442623,4.0,0,24
engr0,HTC,MIM,1.0,MIM,0.2,9.360655737704919,6.0,0,42
engr0,HTC,MIM,1.0,MIM,0.3,9.836065573770492,6.0,0,52
engr0,HTC,MIM,1.0,MIM,0.4,9.934426229508198,6.0,0,44
engr0,HTC,MIM,1.0,MIM,0.5,9.934426229508198,6.0,0,44
engr0,HTC,MIM,1.0,MIM,0.6,9.934426229508198,6.0,0,44
engr0,HTC,MIM,1.0,MIM,0.7,9.934426229508198,6.0,0,44
engr0,HTC,MIM,1.0,MIM,0.8,9.934426229508198,6.0,0,44
engr0,HTC,MIM,1.0,MIM,0.9,9.934426229508198,6.0,0,44
engr0,HTC,MIM,1.0,MIM,1.0,9.934426229508198,6.0,0,44
engr0,LG,MIM,1.0,MIM,0.1,4.524590163934426,3.0,0,25
engr0,LG,MIM,1.0,MIM,0.2,5.819672131147541,4.0,0,39
engr0,LG,MIM,1.0,MIM,0.3,7.639344262295082,5.0,0,44
engr0,LG,MIM,1.0,MIM,0.4,7.918032786885246,5.0,0,38
engr0,LG,MIM,1.0,MIM,0.5,7.918032786885246,5.0,0,38
engr0,LG,MIM,1.0,MIM,0.6,7.918032786885246,5.0,0,38
engr0,LG,MIM,1.0,MIM,0.7,7.918032786885246,5.0,0,38
engr0,LG,MIM,1.0,MIM,0.8,7.918032786885246,5.0,0,38
engr0,LG,MIM,1.0,MIM,0.9,7.918032786885246,5.0,0,38
engr0,LG,MIM,1.0,MIM,1.0,7.918032786885246,5.0,0,38
engr0,MOTO,MIM,1.0,MIM,0.1,2.6721311475409837,2.0,0,10
engr0,MOTO,MIM,1.0,MIM,0.2,3.7868852459016393,2.0,0,30
engr0,MOTO,MIM,1.0,MIM,0.3,3.7049180327868854,2.0,0,30
engr0,MOTO,MIM,1.0,MIM,0.4,4.524590163934426,2.0,0,55
engr0,MOTO,MIM,1.0,MIM,0.5,4.524590163934426,2.0,0,55
engr0,MOTO,MIM,1.0,MIM,0.6,4.524590163934426,2.0,0,55
engr0,MOTO,MIM,1.0,MIM,0.7,4.524590163934426,2.0,0,55
engr0,MOTO,MIM,1.0,MIM,0.8,4.524590163934426,2.0,0,55
engr0,MOTO,MIM,1.0,MIM,0.9,4.524590163934426,2.0,0,55
engr0,MOTO,MIM,1.0,MIM,1.0,4.524590163934426,2.0,0,55
engr0,OP3,MIM,1.0,MIM,0.1,3.7540983606557377,3.0,0,17
engr0,OP3,MIM,1.0,MIM,0.2,6.114754098360656,4.0,0,52
engr0,OP3,MIM,1.0,MIM,0.3,8.704918032786885,5.0,0,58
engr0,OP3,MIM,1.0,MIM,0.4,8.262295081967213,5.0,0,58
engr0,OP3,MIM,1.0,MIM,0.5,8.262295081967213,5.0,0,58
engr0,OP3,MIM,1.0,MIM,0.6,8.262295081967213,5.0,0,58
engr0,OP3,MIM,1.0,MIM,0.7,8.262295081967213,5.0,0,58
engr0,OP3,MIM,1.0,MIM,0.8,8.262295081967213,5.0,0,58
engr0,OP3,MIM,1.0,MIM,0.9,8.262295081967213,5.0,0,58
engr0,OP3,MIM,1.0,MIM,1.0,8.262295081967213,5.0,0,58
engr0,S7,MIM,1.0,MIM,0.1,4.819672131147541,4.0,0,15
engr0,S7,MIM,1.0,MIM,0.2,6.721311475409836,6.0,0,23
engr0,S7,MIM,1.0,MIM,0.3,9.245901639344263,6.0,0,41
engr0,S7,MIM,1.0,MIM,0.4,8.639344262295081,6.0,0,48
engr0,S7,MIM,1.0,MIM,0.5,8.639344262295081,6.0,0,48
engr0,S7,MIM,1.0,MIM,0.6,8.639344262295081,6.0,0,48
engr0,S7,MIM,1.0,MIM,0.7,8.639344262295081,6.0,0,48
engr0,S7,MIM,1.0,MIM,0.8,8.639344262295081,6.0,0,48
engr0,S7,MIM,1.0,MIM,0.9,8.639344262295081,6.0,0,48
engr0,S7,MIM,1.0,MIM,1.0,8.639344262295081,6.0,0,48
engr0,BLU,BIM,0.1,MIM,0.1,6.704918032786885,5.0,0,29
engr0,BLU,BIM,0.1,MIM,0.2,9.508196721311476,7.0,0,43
engr0,BLU,BIM,0.1,MIM,0.3,10.688524590163935,8.0,0,54
engr0,BLU,BIM,0.1,MIM,0.4,11.098360655737705,9.0,0,47
engr0,BLU,BIM,0.1,MIM,0.5,11.098360655737705,9.0,0,47
engr0,BLU,BIM,0.1,MIM,0.6,11.098360655737705,9.0,0,47
engr0,BLU,BIM,0.1,MIM,0.7,11.098360655737705,9.0,0,47
engr0,BLU,BIM,0.1,MIM,0.8,11.098360655737705,9.0,0,47
engr0,BLU,BIM,0.1,MIM,0.9,11.098360655737705,9.0,0,47
engr0,BLU,BIM,0.1,MIM,1.0,11.098360655737705,9.0,0,47
engr0,HTC,BIM,0.1,MIM,0.1,6.885245901639344,5.0,0,44
engr0,HTC,BIM,0.1,MIM,0.2,9.62295081967213,6.0,1,47
engr0,HTC,BIM,0.1,MIM,0.3,11.704918032786885,8.0,0,49
engr0,HTC,BIM,0.1,MIM,0.4,12.40983606557377,9.0,0,52
engr0,HTC,BIM,0.1,MIM,0.5,12.40983606557377,9.0,0,52
engr0,HTC,BIM,0.1,MIM,0.6,12.40983606557377,9.0,0,52
engr0,HTC,BIM,0.1,MIM,0.7,12.40983606557377,9.0,0,52
engr0,HTC,BIM,0.1,MIM,0.8,12.40983606557377,9.0,0,52
engr0,HTC,BIM,0.1,MIM,0.9,12.40983606557377,9.0,0,52
engr0,HTC,BIM,0.1,MIM,1.0,12.40983606557377,9.0,0,52
engr0,LG,BIM,0.1,MIM,0.1,4.918032786885246,3.0,0,34
engr0,LG,BIM,0.1,MIM,0.2,8.836065573770492,6.0,0,43
engr0,LG,BIM,0.1,MIM,0.3,10.98360655737705,8.0,0,43
engr0,LG,BIM,0.1,MIM,0.4,11.754098360655737,8.0,0,48
engr0,LG,BIM,0.1,MIM,0.5,11.754098360655737,8.0,0,48
engr0,LG,BIM,0.1,MIM,0.6,11.754098360655737,8.0,0,48
engr0,LG,BIM,0.1,MIM,0.7,11.754098360655737,8.0,0,48
engr0,LG,BIM,0.1,MIM,0.8,11.754098360655737,8.0,0,48
engr0,LG,BIM,0.1,MIM,0.9,11.754098360655737,8.0,0,48
engr0,LG,BIM,0.1,MIM,1.0,11.754098360655737,8.0,0,48
engr0,MOTO,BIM,0.1,MIM,0.1,6.311475409836065,5.0,0,17
engr0,MOTO,BIM,0.1,MIM,0.2,11.639344262295081,10.0,0,47
engr0,MOTO,BIM,0.1,MIM,0.3,20.770491803278688,18.0,4,46
engr0,MOTO,BIM,0.1,MIM,0.4,24.901639344262296,27.0,5,46
engr0,MOTO,BIM,0.1,MIM,0.5,24.901639344262296,27.0,5,46
engr0,MOTO,BIM,0.1,MIM,0.6,24.901639344262296,27.0,5,46
engr0,MOTO,BIM,0.1,MIM,0.7,24.901639344262296,27.0,5,46
engr0,MOTO,BIM,0.1,MIM,0.8,24.901639344262296,27.0,5,46
engr0,MOTO,BIM,0.1,MIM,0.9,24.901639344262296,27.0,5,46
engr0,MOTO,BIM,0.1,MIM,1.0,24.901639344262296,27.0,5,46
engr0,OP3,BIM,0.1,MIM,0.1,4.540983606557377,3.0,0,20
engr0,OP3,BIM,0.1,MIM,0.2,9.78688524590164,5.0,0,57
engr0,OP3,BIM,0.1,MIM,0.3,10.0,5.0,0,58
engr0,OP3,BIM,0.1,MIM,0.4,9.98360655737705,5.0,0,58
engr0,OP3,BIM,0.1,MIM,0.5,9.98360655737705,5.0,0,58
engr0,OP3,BIM,0.1,MIM,0.6,9.98360655737705,5.0,0,58
engr0,OP3,BIM,0.1,MIM,0.7,9.98360655737705,5.0,0,58
engr0,OP3,BIM,0.1,MIM,0.8,9.98360655737705,5.0,0,58
engr0,OP3,BIM,0.1,MIM,0.9,9.98360655737705,5.0,0,58
engr0,OP3,BIM,0.1,MIM,1.0,9.98360655737705,5.0,0,58
engr0,S7,BIM,0.1,MIM,0.1,5.721311475409836,4.0,0,43
engr0,S7,BIM,0.1,MIM,0.2,8.885245901639344,6.0,0,52
engr0,S7,BIM,0.1,MIM,0.3,10.852459016393443,7.0,0,49
engr0,S7,BIM,0.1,MIM,0.4,10.868852459016393,6.0,0,49
engr0,S7,BIM,0.1,MIM,0.5,10.868852459016393,6.0,0,49
engr0,S7,BIM,0.1,MIM,0.6,10.868852459016393,6.0,0,49
engr0,S7,BIM,0.1,MIM,0.7,10.868852459016393,6.0,0,49
engr0,S7,BIM,0.1,MIM,0.8,10.868852459016393,6.0,0,49
engr0,S7,BIM,0.1,MIM,0.9,10.868852459016393,6.0,0,49
engr0,S7,BIM,0.1,MIM,1.0,10.868852459016393,6.0,0,49
engr0,BLU,BIM,0.2,MIM,0.1,6.80327868852459,6.0,0,28
engr0,BLU,BIM,0.2,MIM,0.2,9.40983606557377,8.0,0,34
engr0,BLU,BIM,0.2,MIM,0.3,10.918032786885245,8.0,0,35
engr0,BLU,BIM,0.2,MIM,0.4,11.098360655737705,8.0,0,47
engr0,BLU,BIM,0.2,MIM,0.5,11.098360655737705,8.0,0,47
engr0,BLU,BIM,0.2,MIM,0.6,11.098360655737705,8.0,0,47
engr0,BLU,BIM,0.2,MIM,0.7,11.098360655737705,8.0,0,47
engr0,BLU,BIM,0.2,MIM,0.8,11.098360655737705,8.0,0,47
engr0,BLU,BIM,0.2,MIM,0.9,11.098360655737705,8.0,0,47
engr0,BLU,BIM,0.2,MIM,1.0,11.098360655737705,8.0,0,47
engr0,HTC,BIM,0.2,MIM,0.1,6.426229508196721,5.0,1,38
engr0,HTC,BIM,0.2,MIM,0.2,10.01639344262295,8.0,0,52
engr0,HTC,BIM,0.2,MIM,0.3,11.885245901639344,10.0,0,48
engr0,HTC,BIM,0.2,MIM,0.4,12.098360655737705,10.0,0,46
engr0,HTC,BIM,0.2,MIM,0.5,12.098360655737705,10.0,0,46
engr0,HTC,BIM,0.2,MIM,0.6,12.098360655737705,10.0,0,46
engr0,HTC,BIM,0.2,MIM,0.7,12.098360655737705,10.0,0,46
engr0,HTC,BIM,0.2,MIM,0.8,12.098360655737705,10.0,0,46
engr0,HTC,BIM,0.2,MIM,0.9,12.098360655737705,10.0,0,46
engr0,HTC,BIM,0.2,MIM,1.0,12.098360655737705,10.0,0,46
engr0,LG,BIM,0.2,MIM,0.1,4.655737704918033,2.0,0,33
engr0,LG,BIM,0.2,MIM,0.2,8.836065573770492,5.0,0,43
engr0,LG,BIM,0.2,MIM,0.3,10.704918032786885,7.0,0,49
engr0,LG,BIM,0.2,MIM,0.4,11.295081967213115,8.0,0,43
engr0,LG,BIM,0.2,MIM,0.5,11.295081967213115,8.0,0,43
engr0,LG,BIM,0.2,MIM,0.6,11.295081967213115,8.0,0,43
engr0,LG,BIM,0.2,MIM,0.7,11.295081967213115,8.0,0,43
engr0,LG,BIM,0.2,MIM,0.8,11.295081967213115,8.0,0,43
engr0,LG,BIM,0.2,MIM,0.9,11.295081967213115,8.0,0,43
engr0,LG,BIM,0.2,MIM,1.0,11.295081967213115,8.0,0,43
engr0,MOTO,BIM,0.2,MIM,0.1,7.754098360655738,6.0,0,31
engr0,MOTO,BIM,0.2,MIM,0.2,12.0,11.0,1,44
engr0,MOTO,BIM,0.2,MIM,0.3,24.18032786885246,22.0,5,49
engr0,MOTO,BIM,0.2,MIM,0.4,24.852459016393443,26.0,5,49
engr0,MOTO,BIM,0.2,MIM,0.5,24.852459016393443,26.0,5,49
engr0,MOTO,BIM,0.2,MIM,0.6,24.852459016393443,26.0,5,49
engr0,MOTO,BIM,0.2,MIM,0.7,24.852459016393443,26.0,5,49
engr0,MOTO,BIM,0.2,MIM,0.8,24.852459016393443,26.0,5,49
engr0,MOTO,BIM,0.2,MIM,0.9,24.852459016393443,26.0,5,49
engr0,MOTO,BIM,0.2,MIM,1.0,24.852459016393443,26.0,5,49
engr0,OP3,BIM,0.2,MIM,0.1,4.081967213114754,3.0,0,15
engr0,OP3,BIM,0.2,MIM,0.2,9.081967213114755,4.0,0,57
engr0,OP3,BIM,0.2,MIM,0.3,8.672131147540984,4.0,0,52
engr0,OP3,BIM,0.2,MIM,0.4,8.245901639344263,4.0,0,49
engr0,OP3,BIM,0.2,MIM,0.5,8.245901639344263,4.0,0,49
engr0,OP3,BIM,0.2,MIM,0.6,8.245901639344263,4.0,0,49
engr0,OP3,BIM,0.2,MIM,0.7,8.245901639344263,4.0,0,49
engr0,OP3,BIM,0.2,MIM,0.8,8.245901639344263,4.0,0,49
engr0,OP3,BIM,0.2,MIM,0.9,8.245901639344263,4.0,0,49
engr0,OP3,BIM,0.2,MIM,1.0,8.245901639344263,4.0,0,49
engr0,S7,BIM,0.2,MIM,0.1,5.180327868852459,3.0,0,40
engr0,S7,BIM,0.2,MIM,0.2,9.754098360655737,7.0,0,52
engr0,S7,BIM,0.2,MIM,0.3,11.737704918032787,7.0,0,48
engr0,S7,BIM,0.2,MIM,0.4,12.01639344262295,7.0,0,52
engr0,S7,BIM,0.2,MIM,0.5,12.01639344262295,7.0,0,52
engr0,S7,BIM,0.2,MIM,0.6,12.01639344262295,7.0,0,52
engr0,S7,BIM,0.2,MIM,0.7,12.01639344262295,7.0,0,52
engr0,S7,BIM,0.2,MIM,0.8,12.01639344262295,7.0,0,52
engr0,S7,BIM,0.2,MIM,0.9,12.01639344262295,7.0,0,52
engr0,S7,BIM,0.2,MIM,1.0,12.01639344262295,7.0,0,52
engr0,BLU,BIM,0.3,MIM,0.1,6.147540983606557,5.0,0,29
engr0,BLU,BIM,0.3,MIM,0.2,9.852459016393443,8.0,1,55
engr0,BLU,BIM,0.3,MIM,0.3,9.836065573770492,8.0,0,34
engr0,BLU,BIM,0.3,MIM,0.4,10.868852459016393,8.0,0,47
engr0,BLU,BIM,0.3,MIM,0.5,10.868852459016393,8.0,0,47
engr0,BLU,BIM,0.3,MIM,0.6,10.868852459016393,8.0,0,47
engr0,BLU,BIM,0.3,MIM,0.7,10.868852459016393,8.0,0,47
engr0,BLU,BIM,0.3,MIM,0.8,10.868852459016393,8.0,0,47
engr0,BLU,BIM,0.3,MIM,0.9,10.868852459016393,8.0,0,47
engr0,BLU,BIM,0.3,MIM,1.0,10.868852459016393,8.0,0,47
engr0,HTC,BIM,0.3,MIM,0.1,6.295081967213115,5.0,0,44
engr0,HTC,BIM,0.3,MIM,0.2,9.262295081967213,8.0,0,42
engr0,HTC,BIM,0.3,MIM,0.3,12.344262295081966,9.0,0,48
engr0,HTC,BIM,0.3,MIM,0.4,12.770491803278688,9.0,0,45
engr0,HTC,BIM,0.3,MIM,0.5,12.770491803278688,9.0,0,45
engr0,HTC,BIM,0.3,MIM,0.6,12.770491803278688,9.0,0,45
engr0,HTC,BIM,0.3,MIM,0.7,12.770491803278688,9.0,0,45
engr0,HTC,BIM,0.3,MIM,0.8,12.770491803278688,9.0,0,45
engr0,HTC,BIM,0.3,MIM,0.9,12.770491803278688,9.0,0,45
engr0,HTC,BIM,0.3,MIM,1.0,12.770491803278688,9.0,0,45
engr0,LG,BIM,0.3,MIM,0.1,5.409836065573771,3.0,0,43
engr0,LG,BIM,0.3,MIM,0.2,8.114754098360656,5.0,0,43
engr0,LG,BIM,0.3,MIM,0.3,10.180327868852459,6.0,0,48
engr0,LG,BIM,0.3,MIM,0.4,11.524590163934427,7.0,0,48
engr0,LG,BIM,0.3,MIM,0.5,11.524590163934427,7.0,0,48
engr0,LG,BIM,0.3,MIM,0.6,11.524590163934427,7.0,0,48
engr0,LG,BIM,0.3,MIM,0.7,11.524590163934427,7.0,0,48
engr0,LG,BIM,0.3,MIM,0.8,11.524590163934427,7.0,0,48
engr0,LG,BIM,0.3,MIM,0.9,11.524590163934427,7.0,0,48
engr0,LG,BIM,0.3,MIM,1.0,11.524590163934427,7.0,0,48
engr0,MOTO,BIM,0.3,MIM,0.1,7.360655737704918,6.0,0,31
engr0,MOTO,BIM,0.3,MIM,0.2,11.967213114754099,11.0,1,45
engr0,MOTO,BIM,0.3,MIM,0.3,21.901639344262296,19.0,5,48
engr0,MOTO,BIM,0.3,MIM,0.4,23.360655737704917,23.0,5,47
engr0,MOTO,BIM,0.3,MIM,0.5,23.360655737704917,23.0,5,47
engr0,MOTO,BIM,0.3,MIM,0.6,23.360655737704917,23.0,5,47
engr0,MOTO,BIM,0.3,MIM,0.7,23.360655737704917,23.0,5,47
engr0,MOTO,BIM,0.3,MIM,0.8,23.360655737704917,23.0,5,47
engr0,MOTO,BIM,0.3,MIM,0.9,23.360655737704917,23.0,5,47
engr0,MOTO,BIM,0.3,MIM,1.0,23.360655737704917,23.0,5,47
engr0,OP3,BIM,0.3,MIM,0.1,3.9672131147540983,3.0,0,15
engr0,OP3,BIM,0.3,MIM,0.2,9.344262295081966,4.0,0,57
engr0,OP3,BIM,0.3,MIM,0.3,10.21311475409836,6.0,0,57
engr0,OP3,BIM,0.3,MIM,0.4,9.967213114754099,5.0,0,56
engr0,OP3,BIM,0.3,MIM,0.5,9.967213114754099,5.0,0,56
engr0,OP3,BIM,0.3,MIM,0.6,9.967213114754099,5.0,0,56
engr0,OP3,BIM,0.3,MIM,0.7,9.967213114754099,5.0,0,56
engr0,OP3,BIM,0.3,MIM,0.8,9.967213114754099,5.0,0,56
engr0,OP3,BIM,0.3,MIM,0.9,9.967213114754099,5.0,0,56
engr0,OP3,BIM,0.3,MIM,1.0,9.967213114754099,5.0,0,56
engr0,S7,BIM,0.3,MIM,0.1,6.131147540983607,4.0,0,44
engr0,S7,BIM,0.3,MIM,0.2,9.114754098360656,6.0,0,52
engr0,S7,BIM,0.3,MIM,0.3,11.19672131147541,7.0,0,52
engr0,S7,BIM,0.3,MIM,0.4,12.098360655737705,6.0,0,52
engr0,S7,BIM,0.3,MIM,0.5,12.098360655737705,6.0,0,52
engr0,S7,BIM,0.3,MIM,0.6,12.098360655737705,6.0,0,52
engr0,S7,BIM,0.3,MIM,0.7,12.098360655737705,6.0,0,52
engr0,S7,BIM,0.3,MIM,0.8,12.098360655737705,6.0,0,52
engr0,S7,BIM,0.3,MIM,0.9,12.098360655737705,6.0,0,52
engr0,S7,BIM,0.3,MIM,1.0,12.098360655737705,6.0,0,52
engr0,BLU,BIM,0.4,MIM,0.1,7.016393442622951,5.0,0,29
engr0,BLU,BIM,0.4,MIM,0.2,9.245901639344263,8.0,0,58
engr0,BLU,BIM,0.4,MIM,0.3,10.37704918032787,8.0,0,34
engr0,BLU,BIM,0.4,MIM,0.4,10.770491803278688,8.0,0,39
engr0,BLU,BIM,0.4,MIM,0.5,10.770491803278688,8.0,0,39
engr0,BLU,BIM,0.4,MIM,0.6,10.770491803278688,8.0,0,39
engr0,BLU,BIM,0.4,MIM,0.7,10.770491803278688,8.0,0,39
engr0,BLU,BIM,0.4,MIM,0.8,10.770491803278688,8.0,0,39
engr0,BLU,BIM,0.4,MIM,0.9,10.770491803278688,8.0,0,39
engr0,BLU,BIM,0.4,MIM,1.0,10.770491803278688,8.0,0,39
engr0,HTC,BIM,0.4,MIM,0.1,5.622950819672131,4.0,0,21
engr0,HTC,BIM,0.4,MIM,0.2,9.836065573770492,8.0,0,52
engr0,HTC,BIM,0.4,MIM,0.3,12.114754098360656,8.0,0,48
engr0,HTC,BIM,0.4,MIM,0.4,12.62295081967213,8.0,0,47
engr0,HTC,BIM,0.4,MIM,0.5,12.62295081967213,8.0,0,47
engr0,HTC,BIM,0.4,MIM,0.6,12.62295081967213,8.0,0,47
engr0,HTC,BIM,0.4,MIM,0.7,12.62295081967213,8.0,0,47
engr0,HTC,BIM,0.4,MIM,0.8,12.62295081967213,8.0,0,47
engr0,HTC,BIM,0.4,MIM,0.9,12.62295081967213,8.0,0,47
engr0,HTC,BIM,0.4,MIM,1.0,12.62295081967213,8.0,0,47
engr0,LG,BIM,0.4,MIM,0.1,6.131147540983607,3.0,0,43
engr0,LG,BIM,0.4,MIM,0.2,8.540983606557377,5.0,0,52
engr0,LG,BIM,0.4,MIM,0.3,10.262295081967213,6.0,0,47
engr0,LG,BIM,0.4,MIM,0.4,11.737704918032787,7.0,0,47
engr0,LG,BIM,0.4,MIM,0.5,11.737704918032787,7.0,0,47
engr0,LG,BIM,0.4,MIM,0.6,11.737704918032787,7.0,0,47
engr0,LG,BIM,0.4,MIM,0.7,11.737704918032787,7.0,0,47
engr0,LG,BIM,0.4,MIM,0.8,11.737704918032787,7.0,0,47
engr0,LG,BIM,0.4,MIM,0.9,11.737704918032787,7.0,0,47
engr0,LG,BIM,0.4,MIM,1.0,11.737704918032787,7.0,0,47
engr0,MOTO,BIM,0.4,MIM,0.1,7.344262295081967,6.0,0,31
engr0,MOTO,BIM,0.4,MIM,0.2,13.540983606557377,12.0,1,47
engr0,MOTO,BIM,0.4,MIM,0.3,22.049180327868854,20.0,6,46
engr0,MOTO,BIM,0.4,MIM,0.4,24.19672131147541,24.0,6,46
engr0,MOTO,BIM,0.4,MIM,0.5,24.19672131147541,24.0,6,46
engr0,MOTO,BIM,0.4,MIM,0.6,24.19672131147541,24.0,6,46
engr0,MOTO,BIM,0.4,MIM,0.7,24.19672131147541,24.0,6,46
engr0,MOTO,BIM,0.4,MIM,0.8,24.19672131147541,24.0,6,46
engr0,MOTO,BIM,0.4,MIM,0.9,24.19672131147541,24.0,6,46
engr0,MOTO,BIM,0.4,MIM,1.0,24.19672131147541,24.0,6,46
engr0,OP3,BIM,0.4,MIM,0.1,4.852459016393443,3.0,0,18
engr0,OP3,BIM,0.4,MIM,0.2,8.836065573770492,4.0,0,57
engr0,OP3,BIM,0.4,MIM,0.3,10.442622950819672,6.0,0,56
engr0,OP3,BIM,0.4,MIM,0.4,10.491803278688524,5.0,0,56
engr0,OP3,BIM,0.4,MIM,0.5,10.491803278688524,5.0,0,56
engr0,OP3,BIM,0.4,MIM,0.6,10.491803278688524,5.0,0,56
engr0,OP3,BIM,0.4,MIM,0.7,10.491803278688524,5.0,0,56
engr0,OP3,BIM,0.4,MIM,0.8,10.491803278688524,5.0,0,56
engr0,OP3,BIM,0.4,MIM,0.9,10.491803278688524,5.0,0,56
engr0,OP3,BIM,0.4,MIM,1.0,10.491803278688524,5.0,0,56
engr0,S7,BIM,0.4,MIM,0.1,5.622950819672131,3.0,0,44
engr0,S7,BIM,0.4,MIM,0.2,8.852459016393443,6.0,0,52
engr0,S7,BIM,0.4,MIM,0.3,11.557377049180328,7.0,0,52
engr0,S7,BIM,0.4,MIM,0.4,11.819672131147541,7.0,0,52
engr0,S7,BIM,0.4,MIM,0.5,11.819672131147541,7.0,0,52
engr0,S7,BIM,0.4,MIM,0.6,11.819672131147541,7.0,0,52
engr0,S7,BIM,0.4,MIM,0.7,11.819672131147541,7.0,0,52
engr0,S7,BIM,0.4,MIM,0.8,11.819672131147541,7.0,0,52
engr0,S7,BIM,0.4,MIM,0.9,11.819672131147541,7.0,0,52
engr0,S7,BIM,0.4,MIM,1.0,11.819672131147541,7.0,0,52
engr0,BLU,BIM,0.5,MIM,0.1,7.016393442622951,5.0,0,29
engr0,BLU,BIM,0.5,MIM,0.2,9.245901639344263,8.0,0,58
engr0,BLU,BIM,0.5,MIM,0.3,10.37704918032787,8.0,0,34
engr0,BLU,BIM,0.5,MIM,0.4,10.770491803278688,8.0,0,39
engr0,BLU,BIM,0.5,MIM,0.5,10.770491803278688,8.0,0,39
engr0,BLU,BIM,0.5,MIM,0.6,10.770491803278688,8.0,0,39
engr0,BLU,BIM,0.5,MIM,0.7,10.770491803278688,8.0,0,39
engr0,BLU,BIM,0.5,MIM,0.8,10.770491803278688,8.0,0,39
engr0,BLU,BIM,0.5,MIM,0.9,10.770491803278688,8.0,0,39
engr0,BLU,BIM,0.5,MIM,1.0,10.770491803278688,8.0,0,39
engr0,HTC,BIM,0.5,MIM,0.1,5.622950819672131,4.0,0,21
engr0,HTC,BIM,0.5,MIM,0.2,9.836065573770492,8.0,0,52
engr0,HTC,BIM,0.5,MIM,0.3,12.114754098360656,8.0,0,48
engr0,HTC,BIM,0.5,MIM,0.4,12.62295081967213,8.0,0,47
engr0,HTC,BIM,0.5,MIM,0.5,12.62295081967213,8.0,0,47
engr0,HTC,BIM,0.5,MIM,0.6,12.62295081967213,8.0,0,47
engr0,HTC,BIM,0.5,MIM,0.7,12.62295081967213,8.0,0,47
engr0,HTC,BIM,0.5,MIM,0.8,12.62295081967213,8.0,0,47
engr0,HTC,BIM,0.5,MIM,0.9,12.62295081967213,8.0,0,47
engr0,HTC,BIM,0.5,MIM,1.0,12.62295081967213,8.0,0,47
engr0,LG,BIM,0.5,MIM,0.1,6.131147540983607,3.0,0,43
engr0,LG,BIM,0.5,MIM,0.2,8.540983606557377,5.0,0,52
engr0,LG,BIM,0.5,MIM,0.3,10.262295081967213,6.0,0,47
engr0,LG,BIM,0.5,MIM,0.4,11.737704918032787,7.0,0,47
engr0,LG,BIM,0.5,MIM,0.5,11.737704918032787,7.0,0,47
engr0,LG,BIM,0.5,MIM,0.6,11.737704918032787,7.0,0,47
engr0,LG,BIM,0.5,MIM,0.7,11.737704918032787,7.0,0,47
engr0,LG,BIM,0.5,MIM,0.8,11.737704918032787,7.0,0,47
engr0,LG,BIM,0.5,MIM,0.9,11.737704918032787,7.0,0,47
engr0,LG,BIM,0.5,MIM,1.0,11.737704918032787,7.0,0,47
engr0,MOTO,BIM,0.5,MIM,0.1,7.344262295081967,6.0,0,31
engr0,MOTO,BIM,0.5,MIM,0.2,13.540983606557377,12.0,1,47
engr0,MOTO,BIM,0.5,MIM,0.3,22.049180327868854,20.0,6,46
engr0,MOTO,BIM,0.5,MIM,0.4,24.19672131147541,24.0,6,46
engr0,MOTO,BIM,0.5,MIM,0.5,24.19672131147541,24.0,6,46
engr0,MOTO,BIM,0.5,MIM,0.6,24.19672131147541,24.0,6,46
engr0,MOTO,BIM,0.5,MIM,0.7,24.19672131147541,24.0,6,46
engr0,MOTO,BIM,0.5,MIM,0.8,24.19672131147541,24.0,6,46
engr0,MOTO,BIM,0.5,MIM,0.9,24.19672131147541,24.0,6,46
engr0,MOTO,BIM,0.5,MIM,1.0,24.19672131147541,24.0,6,46
engr0,OP3,BIM,0.5,MIM,0.1,4.852459016393443,3.0,0,18
engr0,OP3,BIM,0.5,MIM,0.2,8.836065573770492,4.0,0,57
engr0,OP3,BIM,0.5,MIM,0.3,10.442622950819672,6.0,0,56
engr0,OP3,BIM,0.5,MIM,0.4,10.491803278688524,5.0,0,56
engr0,OP3,BIM,0.5,MIM,0.5,10.491803278688524,5.0,0,56
engr0,OP3,BIM,0.5,MIM,0.6,10.491803278688524,5.0,0,56
engr0,OP3,BIM,0.5,MIM,0.7,10.491803278688524,5.0,0,56
engr0,OP3,BIM,0.5,MIM,0.8,10.491803278688524,5.0,0,56
engr0,OP3,BIM,0.5,MIM,0.9,10.491803278688524,5.0,0,56
engr0,OP3,BIM,0.5,MIM,1.0,10.491803278688524,5.0,0,56
engr0,S7,BIM,0.5,MIM,0.1,5.622950819672131,3.0,0,44
engr0,S7,BIM,0.5,MIM,0.2,8.852459016393443,6.0,0,52
engr0,S7,BIM,0.5,MIM,0.3,11.557377049180328,7.0,0,52
engr0,S7,BIM,0.5,MIM,0.4,11.819672131147541,7.0,0,52
engr0,S7,BIM,0.5,MIM,0.5,11.819672131147541,7.0,0,52
engr0,S7,BIM,0.5,MIM,0.6,11.819672131147541,7.0,0,52
engr0,S7,BIM,0.5,MIM,0.7,11.819672131147541,7.0,0,52
engr0,S7,BIM,0.5,MIM,0.8,11.819672131147541,7.0,0,52
engr0,S7,BIM,0.5,MIM,0.9,11.819672131147541,7.0,0,52
engr0,S7,BIM,0.5,MIM,1.0,11.819672131147541,7.0,0,52
engr0,BLU,BIM,0.6,MIM,0.1,7.016393442622951,5.0,0,29
engr0,BLU,BIM,0.6,MIM,0.2,9.245901639344263,8.0,0,58
engr0,BLU,BIM,0.6,MIM,0.3,10.37704918032787,8.0,0,34
engr0,BLU,BIM,0.6,MIM,0.4,10.770491803278688,8.0,0,39
engr0,BLU,BIM,0.6,MIM,0.5,10.770491803278688,8.0,0,39
engr0,BLU,BIM,0.6,MIM,0.6,10.770491803278688,8.0,0,39
engr0,BLU,BIM,0.6,MIM,0.7,10.770491803278688,8.0,0,39
engr0,BLU,BIM,0.6,MIM,0.8,10.770491803278688,8.0,0,39
engr0,BLU,BIM,0.6,MIM,0.9,10.770491803278688,8.0,0,39
engr0,BLU,BIM,0.6,MIM,1.0,10.770491803278688,8.0,0,39
engr0,HTC,BIM,0.6,MIM,0.1,5.622950819672131,4.0,0,21
engr0,HTC,BIM,0.6,MIM,0.2,9.836065573770492,8.0,0,52
engr0,HTC,BIM,0.6,MIM,0.3,12.114754098360656,8.0,0,48
engr0,HTC,BIM,0.6,MIM,0.4,12.62295081967213,8.0,0,47
engr0,HTC,BIM,0.6,MIM,0.5,12.62295081967213,8.0,0,47
engr0,HTC,BIM,0.6,MIM,0.6,12.62295081967213,8.0,0,47
engr0,HTC,BIM,0.6,MIM,0.7,12.62295081967213,8.0,0,47
engr0,HTC,BIM,0.6,MIM,0.8,12.62295081967213,8.0,0,47
engr0,HTC,BIM,0.6,MIM,0.9,12.62295081967213,8.0,0,47
engr0,HTC,BIM,0.6,MIM,1.0,12.62295081967213,8.0,0,47
engr0,LG,BIM,0.6,MIM,0.1,6.131147540983607,3.0,0,43
engr0,LG,BIM,0.6,MIM,0.2,8.540983606557377,5.0,0,52
engr0,LG,BIM,0.6,MIM,0.3,10.262295081967213,6.0,0,47
engr0,LG,BIM,0.6,MIM,0.4,11.737704918032787,7.0,0,47
engr0,LG,BIM,0.6,MIM,0.5,11.737704918032787,7.0,0,47
engr0,LG,BIM,0.6,MIM,0.6,11.737704918032787,7.0,0,47
engr0,LG,BIM,0.6,MIM,0.7,11.737704918032787,7.0,0,47
engr0,LG,BIM,0.6,MIM,0.8,11.737704918032787,7.0,0,47
engr0,LG,BIM,0.6,MIM,0.9,11.737704918032787,7.0,0,47
engr0,LG,BIM,0.6,MIM,1.0,11.737704918032787,7.0,0,47
engr0,MOTO,BIM,0.6,MIM,0.1,7.344262295081967,6.0,0,31
engr0,MOTO,BIM,0.6,MIM,0.2,13.540983606557377,12.0,1,47
engr0,MOTO,BIM,0.6,MIM,0.3,22.049180327868854,20.0,6,46
engr0,MOTO,BIM,0.6,MIM,0.4,24.19672131147541,24.0,6,46
engr0,MOTO,BIM,0.6,MIM,0.5,24.19672131147541,24.0,6,46
engr0,MOTO,BIM,0.6,MIM,0.6,24.19672131147541,24.0,6,46
engr0,MOTO,BIM,0.6,MIM,0.7,24.19672131147541,24.0,6,46
engr0,MOTO,BIM,0.6,MIM,0.8,24.19672131147541,24.0,6,46
engr0,MOTO,BIM,0.6,MIM,0.9,24.19672131147541,24.0,6,46
engr0,MOTO,BIM,0.6,MIM,1.0,24.19672131147541,24.0,6,46
engr0,OP3,BIM,0.6,MIM,0.1,4.852459016393443,3.0,0,18
engr0,OP3,BIM,0.6,MIM,0.2,8.836065573770492,4.0,0,57
engr0,OP3,BIM,0.6,MIM,0.3,10.442622950819672,6.0,0,56
engr0,OP3,BIM,0.6,MIM,0.4,10.491803278688524,5.0,0,56
engr0,OP3,BIM,0.6,MIM,0.5,10.491803278688524,5.0,0,56
engr0,OP3,BIM,0.6,MIM,0.6,10.491803278688524,5.0,0,56
engr0,OP3,BIM,0.6,MIM,0.7,10.491803278688524,5.0,0,56
engr0,OP3,BIM,0.6,MIM,0.8,10.491803278688524,5.0,0,56
engr0,OP3,BIM,0.6,MIM,0.9,10.491803278688524,5.0,0,56
engr0,OP3,BIM,0.6,MIM,1.0,10.491803278688524,5.0,0,56
engr0,S7,BIM,0.6,MIM,0.1,5.622950819672131,3.0,0,44
engr0,S7,BIM,0.6,MIM,0.2,8.852459016393443,6.0,0,52
engr0,S7,BIM,0.6,MIM,0.3,11.557377049180328,7.0,0,52
engr0,S7,BIM,0.6,MIM,0.4,11.819672131147541,7.0,0,52
engr0,S7,BIM,0.6,MIM,0.5,11.819672131147541,7.0,0,52
engr0,S7,BIM,0.6,MIM,0.6,11.819672131147541,7.0,0,52
engr0,S7,BIM,0.6,MIM,0.7,11.819672131147541,7.0,0,52
engr0,S7,BIM,0.6,MIM,0.8,11.819672131147541,7.0,0,52
engr0,S7,BIM,0.6,MIM,0.9,11.819672131147541,7.0,0,52
engr0,S7,BIM,0.6,MIM,1.0,11.819672131147541,7.0,0,52
engr0,BLU,BIM,0.7,MIM,0.1,7.016393442622951,5.0,0,29
engr0,BLU,BIM,0.7,MIM,0.2,9.245901639344263,8.0,0,58
engr0,BLU,BIM,0.7,MIM,0.3,10.37704918032787,8.0,0,34
engr0,BLU,BIM,0.7,MIM,0.4,10.770491803278688,8.0,0,39
engr0,BLU,BIM,0.7,MIM,0.5,10.770491803278688,8.0,0,39
engr0,BLU,BIM,0.7,MIM,0.6,10.770491803278688,8.0,0,39
engr0,BLU,BIM,0.7,MIM,0.7,10.770491803278688,8.0,0,39
engr0,BLU,BIM,0.7,MIM,0.8,10.770491803278688,8.0,0,39
engr0,BLU,BIM,0.7,MIM,0.9,10.770491803278688,8.0,0,39
engr0,BLU,BIM,0.7,MIM,1.0,10.770491803278688,8.0,0,39
engr0,HTC,BIM,0.7,MIM,0.1,5.622950819672131,4.0,0,21
engr0,HTC,BIM,0.7,MIM,0.2,9.836065573770492,8.0,0,52
engr0,HTC,BIM,0.7,MIM,0.3,12.114754098360656,8.0,0,48
engr0,HTC,BIM,0.7,MIM,0.4,12.62295081967213,8.0,0,47
engr0,HTC,BIM,0.7,MIM,0.5,12.62295081967213,8.0,0,47
engr0,HTC,BIM,0.7,MIM,0.6,12.62295081967213,8.0,0,47
engr0,HTC,BIM,0.7,MIM,0.7,12.62295081967213,8.0,0,47
engr0,HTC,BIM,0.7,MIM,0.8,12.62295081967213,8.0,0,47
engr0,HTC,BIM,0.7,MIM,0.9,12.62295081967213,8.0,0,47
engr0,HTC,BIM,0.7,MIM,1.0,12.62295081967213,8.0,0,47
engr0,LG,BIM,0.7,MIM,0.1,6.131147540983607,3.0,0,43
engr0,LG,BIM,0.7,MIM,0.2,8.540983606557377,5.0,0,52
engr0,LG,BIM,0.7,MIM,0.3,10.262295081967213,6.0,0,47
engr0,LG,BIM,0.7,MIM,0.4,11.737704918032787,7.0,0,47
engr0,LG,BIM,0.7,MIM,0.5,11.737704918032787,7.0,0,47
engr0,LG,BIM,0.7,MIM,0.6,11.737704918032787,7.0,0,47
engr0,LG,BIM,0.7,MIM,0.7,11.737704918032787,7.0,0,47
engr0,LG,BIM,0.7,MIM,0.8,11.737704918032787,7.0,0,47
engr0,LG,BIM,0.7,MIM,0.9,11.737704918032787,7.0,0,47
engr0,LG,BIM,0.7,MIM,1.0,11.737704918032787,7.0,0,47
engr0,MOTO,BIM,0.7,MIM,0.1,7.344262295081967,6.0,0,31
engr0,MOTO,BIM,0.7,MIM,0.2,13.540983606557377,12.0,1,47
engr0,MOTO,BIM,0.7,MIM,0.3,22.049180327868854,20.0,6,46
engr0,MOTO,BIM,0.7,MIM,0.4,24.19672131147541,24.0,6,46
engr0,MOTO,BIM,0.7,MIM,0.5,24.19672131147541,24.0,6,46
engr0,MOTO,BIM,0.7,MIM,0.6,24.19672131147541,24.0,6,46
engr0,MOTO,BIM,0.7,MIM,0.7,24.19672131147541,24.0,6,46
engr0,MOTO,BIM,0.7,MIM,0.8,24.19672131147541,24.0,6,46
engr0,MOTO,BIM,0.7,MIM,0.9,24.19672131147541,24.0,6,46
engr0,MOTO,BIM,0.7,MIM,1.0,24.19672131147541,24.0,6,46
engr0,OP3,BIM,0.7,MIM,0.1,4.852459016393443,3.0,0,18
engr0,OP3,BIM,0.7,MIM,0.2,8.836065573770492,4.0,0,57
engr0,OP3,BIM,0.7,MIM,0.3,10.442622950819672,6.0,0,56
engr0,OP3,BIM,0.7,MIM,0.4,10.491803278688524,5.0,0,56
engr0,OP3,BIM,0.7,MIM,0.5,10.491803278688524,5.0,0,56
engr0,OP3,BIM,0.7,MIM,0.6,10.491803278688524,5.0,0,56
engr0,OP3,BIM,0.7,MIM,0.7,10.491803278688524,5.0,0,56
engr0,OP3,BIM,0.7,MIM,0.8,10.491803278688524,5.0,0,56
engr0,OP3,BIM,0.7,MIM,0.9,10.491803278688524,5.0,0,56
engr0,OP3,BIM,0.7,MIM,1.0,10.491803278688524,5.0,0,56
engr0,S7,BIM,0.7,MIM,0.1,5.622950819672131,3.0,0,44
engr0,S7,BIM,0.7,MIM,0.2,8.852459016393443,6.0,0,52
engr0,S7,BIM,0.7,MIM,0.3,11.557377049180328,7.0,0,52
engr0,S7,BIM,0.7,MIM,0.4,11.819672131147541,7.0,0,52
engr0,S7,BIM,0.7,MIM,0.5,11.819672131147541,7.0,0,52
engr0,S7,BIM,0.7,MIM,0.6,11.819672131147541,7.0,0,52
engr0,S7,BIM,0.7,MIM,0.7,11.819672131147541,7.0,0,52
engr0,S7,BIM,0.7,MIM,0.8,11.819672131147541,7.0,0,52
engr0,S7,BIM,0.7,MIM,0.9,11.819672131147541,7.0,0,52
engr0,S7,BIM,0.7,MIM,1.0,11.819672131147541,7.0,0,52
engr0,BLU,BIM,0.8,MIM,0.1,7.016393442622951,5.0,0,29
engr0,BLU,BIM,0.8,MIM,0.2,9.245901639344263,8.0,0,58
engr0,BLU,BIM,0.8,MIM,0.3,10.37704918032787,8.0,0,34
engr0,BLU,BIM,0.8,MIM,0.4,10.770491803278688,8.0,0,39
engr0,BLU,BIM,0.8,MIM,0.5,10.770491803278688,8.0,0,39
engr0,BLU,BIM,0.8,MIM,0.6,10.770491803278688,8.0,0,39
engr0,BLU,BIM,0.8,MIM,0.7,10.770491803278688,8.0,0,39
engr0,BLU,BIM,0.8,MIM,0.8,10.770491803278688,8.0,0,39
engr0,BLU,BIM,0.8,MIM,0.9,10.770491803278688,8.0,0,39
engr0,BLU,BIM,0.8,MIM,1.0,10.770491803278688,8.0,0,39
engr0,HTC,BIM,0.8,MIM,0.1,5.622950819672131,4.0,0,21
engr0,HTC,BIM,0.8,MIM,0.2,9.836065573770492,8.0,0,52
engr0,HTC,BIM,0.8,MIM,0.3,12.114754098360656,8.0,0,48
engr0,HTC,BIM,0.8,MIM,0.4,12.62295081967213,8.0,0,47
engr0,HTC,BIM,0.8,MIM,0.5,12.62295081967213,8.0,0,47
engr0,HTC,BIM,0.8,MIM,0.6,12.62295081967213,8.0,0,47
engr0,HTC,BIM,0.8,MIM,0.7,12.62295081967213,8.0,0,47
engr0,HTC,BIM,0.8,MIM,0.8,12.62295081967213,8.0,0,47
engr0,HTC,BIM,0.8,MIM,0.9,12.62295081967213,8.0,0,47
engr0,HTC,BIM,0.8,MIM,1.0,12.62295081967213,8.0,0,47
engr0,LG,BIM,0.8,MIM,0.1,6.131147540983607,3.0,0,43
engr0,LG,BIM,0.8,MIM,0.2,8.540983606557377,5.0,0,52
engr0,LG,BIM,0.8,MIM,0.3,10.262295081967213,6.0,0,47
engr0,LG,BIM,0.8,MIM,0.4,11.737704918032787,7.0,0,47
engr0,LG,BIM,0.8,MIM,0.5,11.737704918032787,7.0,0,47
engr0,LG,BIM,0.8,MIM,0.6,11.737704918032787,7.0,0,47
engr0,LG,BIM,0.8,MIM,0.7,11.737704918032787,7.0,0,47
engr0,LG,BIM,0.8,MIM,0.8,11.737704918032787,7.0,0,47
engr0,LG,BIM,0.8,MIM,0.9,11.737704918032787,7.0,0,47
engr0,LG,BIM,0.8,MIM,1.0,11.737704918032787,7.0,0,47
engr0,MOTO,BIM,0.8,MIM,0.1,7.344262295081967,6.0,0,31
engr0,MOTO,BIM,0.8,MIM,0.2,13.540983606557377,12.0,1,47
engr0,MOTO,BIM,0.8,MIM,0.3,22.049180327868854,20.0,6,46
engr0,MOTO,BIM,0.8,MIM,0.4,24.19672131147541,24.0,6,46
engr0,MOTO,BIM,0.8,MIM,0.5,24.19672131147541,24.0,6,46
engr0,MOTO,BIM,0.8,MIM,0.6,24.19672131147541,24.0,6,46
engr0,MOTO,BIM,0.8,MIM,0.7,24.19672131147541,24.0,6,46
engr0,MOTO,BIM,0.8,MIM,0.8,24.19672131147541,24.0,6,46
engr0,MOTO,BIM,0.8,MIM,0.9,24.19672131147541,24.0,6,46
engr0,MOTO,BIM,0.8,MIM,1.0,24.19672131147541,24.0,6,46
engr0,OP3,BIM,0.8,MIM,0.1,4.852459016393443,3.0,0,18
engr0,OP3,BIM,0.8,MIM,0.2,8.836065573770492,4.0,0,57
engr0,OP3,BIM,0.8,MIM,0.3,10.442622950819672,6.0,0,56
engr0,OP3,BIM,0.8,MIM,0.4,10.491803278688524,5.0,0,56
engr0,OP3,BIM,0.8,MIM,0.5,10.491803278688524,5.0,0,56
engr0,OP3,BIM,0.8,MIM,0.6,10.491803278688524,5.0,0,56
engr0,OP3,BIM,0.8,MIM,0.7,10.491803278688524,5.0,0,56
engr0,OP3,BIM,0.8,MIM,0.8,10.491803278688524,5.0,0,56
engr0,OP3,BIM,0.8,MIM,0.9,10.491803278688524,5.0,0,56
engr0,OP3,BIM,0.8,MIM,1.0,10.491803278688524,5.0,0,56
engr0,S7,BIM,0.8,MIM,0.1,5.622950819672131,3.0,0,44
engr0,S7,BIM,0.8,MIM,0.2,8.852459016393443,6.0,0,52
engr0,S7,BIM,0.8,MIM,0.3,11.557377049180328,7.0,0,52
engr0,S7,BIM,0.8,MIM,0.4,11.819672131147541,7.0,0,52
engr0,S7,BIM,0.8,MIM,0.5,11.819672131147541,7.0,0,52
engr0,S7,BIM,0.8,MIM,0.6,11.819672131147541,7.0,0,52
engr0,S7,BIM,0.8,MIM,0.7,11.819672131147541,7.0,0,52
engr0,S7,BIM,0.8,MIM,0.8,11.819672131147541,7.0,0,52
engr0,S7,BIM,0.8,MIM,0.9,11.819672131147541,7.0,0,52
engr0,S7,BIM,0.8,MIM,1.0,11.819672131147541,7.0,0,52
engr0,BLU,BIM,0.9,MIM,0.1,7.016393442622951,5.0,0,29
engr0,BLU,BIM,0.9,MIM,0.2,9.245901639344263,8.0,0,58
engr0,BLU,BIM,0.9,MIM,0.3,10.37704918032787,8.0,0,34
engr0,BLU,BIM,0.9,MIM,0.4,10.770491803278688,8.0,0,39
engr0,BLU,BIM,0.9,MIM,0.5,10.770491803278688,8.0,0,39
engr0,BLU,BIM,0.9,MIM,0.6,10.770491803278688,8.0,0,39
engr0,BLU,BIM,0.9,MIM,0.7,10.770491803278688,8.0,0,39
engr0,BLU,BIM,0.9,MIM,0.8,10.770491803278688,8.0,0,39
engr0,BLU,BIM,0.9,MIM,0.9,10.770491803278688,8.0,0,39
engr0,BLU,BIM,0.9,MIM,1.0,10.770491803278688,8.0,0,39
engr0,HTC,BIM,0.9,MIM,0.1,5.622950819672131,4.0,0,21
engr0,HTC,BIM,0.9,MIM,0.2,9.836065573770492,8.0,0,52
engr0,HTC,BIM,0.9,MIM,0.3,12.114754098360656,8.0,0,48
engr0,HTC,BIM,0.9,MIM,0.4,12.62295081967213,8.0,0,47
engr0,HTC,BIM,0.9,MIM,0.5,12.62295081967213,8.0,0,47
engr0,HTC,BIM,0.9,MIM,0.6,12.62295081967213,8.0,0,47
engr0,HTC,BIM,0.9,MIM,0.7,12.62295081967213,8.0,0,47
engr0,HTC,BIM,0.9,MIM,0.8,12.62295081967213,8.0,0,47
engr0,HTC,BIM,0.9,MIM,0.9,12.62295081967213,8.0,0,47
engr0,HTC,BIM,0.9,MIM,1.0,12.62295081967213,8.0,0,47
engr0,LG,BIM,0.9,MIM,0.1,6.131147540983607,3.0,0,43
engr0,LG,BIM,0.9,MIM,0.2,8.540983606557377,5.0,0,52
engr0,LG,BIM,0.9,MIM,0.3,10.262295081967213,6.0,0,47
engr0,LG,BIM,0.9,MIM,0.4,11.737704918032787,7.0,0,47
engr0,LG,BIM,0.9,MIM,0.5,11.737704918032787,7.0,0,47
engr0,LG,BIM,0.9,MIM,0.6,11.737704918032787,7.0,0,47
engr0,LG,BIM,0.9,MIM,0.7,11.737704918032787,7.0,0,47
engr0,LG,BIM,0.9,MIM,0.8,11.737704918032787,7.0,0,47
engr0,LG,BIM,0.9,MIM,0.9,11.737704918032787,7.0,0,47
engr0,LG,BIM,0.9,MIM,1.0,11.737704918032787,7.0,0,47
engr0,MOTO,BIM,0.9,MIM,0.1,7.344262295081967,6.0,0,31
engr0,MOTO,BIM,0.9,MIM,0.2,13.540983606557377,12.0,1,47
engr0,MOTO,BIM,0.9,MIM,0.3,22.049180327868854,20.0,6,46
engr0,MOTO,BIM,0.9,MIM,0.4,24.19672131147541,24.0,6,46
engr0,MOTO,BIM,0.9,MIM,0.5,24.19672131147541,24.0,6,46
engr0,MOTO,BIM,0.9,MIM,0.6,24.19672131147541,24.0,6,46
engr0,MOTO,BIM,0.9,MIM,0.7,24.19672131147541,24.0,6,46
engr0,MOTO,BIM,0.9,MIM,0.8,24.19672131147541,24.0,6,46
engr0,MOTO,BIM,0.9,MIM,0.9,24.19672131147541,24.0,6,46
engr0,MOTO,BIM,0.9,MIM,1.0,24.19672131147541,24.0,6,46
engr0,OP3,BIM,0.9,MIM,0.1,4.852459016393443,3.0,0,18
engr0,OP3,BIM,0.9,MIM,0.2,8.836065573770492,4.0,0,57
engr0,OP3,BIM,0.9,MIM,0.3,10.442622950819672,6.0,0,56
engr0,OP3,BIM,0.9,MIM,0.4,10.491803278688524,5.0,0,56
engr0,OP3,BIM,0.9,MIM,0.5,10.491803278688524,5.0,0,56
engr0,OP3,BIM,0.9,MIM,0.6,10.491803278688524,5.0,0,56
engr0,OP3,BIM,0.9,MIM,0.7,10.491803278688524,5.0,0,56
engr0,OP3,BIM,0.9,MIM,0.8,10.491803278688524,5.0,0,56
engr0,OP3,BIM,0.9,MIM,0.9,10.491803278688524,5.0,0,56
engr0,OP3,BIM,0.9,MIM,1.0,10.491803278688524,5.0,0,56
engr0,S7,BIM,0.9,MIM,0.1,5.622950819672131,3.0,0,44
engr0,S7,BIM,0.9,MIM,0.2,8.852459016393443,6.0,0,52
engr0,S7,BIM,0.9,MIM,0.3,11.557377049180328,7.0,0,52
engr0,S7,BIM,0.9,MIM,0.4,11.819672131147541,7.0,0,52
engr0,S7,BIM,0.9,MIM,0.5,11.819672131147541,7.0,0,52
engr0,S7,BIM,0.9,MIM,0.6,11.819672131147541,7.0,0,52
engr0,S7,BIM,0.9,MIM,0.7,11.819672131147541,7.0,0,52
engr0,S7,BIM,0.9,MIM,0.8,11.819672131147541,7.0,0,52
engr0,S7,BIM,0.9,MIM,0.9,11.819672131147541,7.0,0,52
engr0,S7,BIM,0.9,MIM,1.0,11.819672131147541,7.0,0,52
engr0,BLU,BIM,1.0,MIM,0.1,7.016393442622951,5.0,0,29
engr0,BLU,BIM,1.0,MIM,0.2,9.245901639344263,8.0,0,58
engr0,BLU,BIM,1.0,MIM,0.3,10.37704918032787,8.0,0,34
engr0,BLU,BIM,1.0,MIM,0.4,10.770491803278688,8.0,0,39
engr0,BLU,BIM,1.0,MIM,0.5,10.770491803278688,8.0,0,39
engr0,BLU,BIM,1.0,MIM,0.6,10.770491803278688,8.0,0,39
engr0,BLU,BIM,1.0,MIM,0.7,10.770491803278688,8.0,0,39
engr0,BLU,BIM,1.0,MIM,0.8,10.770491803278688,8.0,0,39
engr0,BLU,BIM,1.0,MIM,0.9,10.770491803278688,8.0,0,39
engr0,BLU,BIM,1.0,MIM,1.0,10.770491803278688,8.0,0,39
engr0,HTC,BIM,1.0,MIM,0.1,5.622950819672131,4.0,0,21
engr0,HTC,BIM,1.0,MIM,0.2,9.836065573770492,8.0,0,52
engr0,HTC,BIM,1.0,MIM,0.3,12.114754098360656,8.0,0,48
engr0,HTC,BIM,1.0,MIM,0.4,12.62295081967213,8.0,0,47
engr0,HTC,BIM,1.0,MIM,0.5,12.62295081967213,8.0,0,47
engr0,HTC,BIM,1.0,MIM,0.6,12.62295081967213,8.0,0,47
engr0,HTC,BIM,1.0,MIM,0.7,12.62295081967213,8.0,0,47
engr0,HTC,BIM,1.0,MIM,0.8,12.62295081967213,8.0,0,47
engr0,HTC,BIM,1.0,MIM,0.9,12.62295081967213,8.0,0,47
engr0,HTC,BIM,1.0,MIM,1.0,12.62295081967213,8.0,0,47
engr0,LG,BIM,1.0,MIM,0.1,6.131147540983607,3.0,0,43
engr0,LG,BIM,1.0,MIM,0.2,8.540983606557377,5.0,0,52
engr0,LG,BIM,1.0,MIM,0.3,10.262295081967213,6.0,0,47
engr0,LG,BIM,1.0,MIM,0.4,11.737704918032787,7.0,0,47
engr0,LG,BIM,1.0,MIM,0.5,11.737704918032787,7.0,0,47
engr0,LG,BIM,1.0,MIM,0.6,11.737704918032787,7.0,0,47
engr0,LG,BIM,1.0,MIM,0.7,11.737704918032787,7.0,0,47
engr0,LG,BIM,1.0,MIM,0.8,11.737704918032787,7.0,0,47
engr0,LG,BIM,1.0,MIM,0.9,11.737704918032787,7.0,0,47
engr0,LG,BIM,1.0,MIM,1.0,11.737704918032787,7.0,0,47
engr0,MOTO,BIM,1.0,MIM,0.1,7.344262295081967,6.0,0,31
engr0,MOTO,BIM,1.0,MIM,0.2,13.540983606557377,12.0,1,47
engr0,MOTO,BIM,1.0,MIM,0.3,22.049180327868854,20.0,6,46
engr0,MOTO,BIM,1.0,MIM,0.4,24.19672131147541,24.0,6,46
engr0,MOTO,BIM,1.0,MIM,0.5,24.19672131147541,24.0,6,46
engr0,MOTO,BIM,1.0,MIM,0.6,24.19672131147541,24.0,6,46
engr0,MOTO,BIM,1.0,MIM,0.7,24.19672131147541,24.0,6,46
engr0,MOTO,BIM,1.0,MIM,0.8,24.19672131147541,24.0,6,46
engr0,MOTO,BIM,1.0,MIM,0.9,24.19672131147541,24.0,6,46
engr0,MOTO,BIM,1.0,MIM,1.0,24.19672131147541,24.0,6,46
engr0,OP3,BIM,1.0,MIM,0.1,4.852459016393443,3.0,0,18
engr0,OP3,BIM,1.0,MIM,0.2,8.836065573770492,4.0,0,57
engr0,OP3,BIM,1.0,MIM,0.3,10.442622950819672,6.0,0,56
engr0,OP3,BIM,1.0,MIM,0.4,10.491803278688524,5.0,0,56
engr0,OP3,BIM,1.0,MIM,0.5,10.491803278688524,5.0,0,56
engr0,OP3,BIM,1.0,MIM,0.6,10.491803278688524,5.0,0,56
engr0,OP3,BIM,1.0,MIM,0.7,10.491803278688524,5.0,0,56
engr0,OP3,BIM,1.0,MIM,0.8,10.491803278688524,5.0,0,56
engr0,OP3,BIM,1.0,MIM,0.9,10.491803278688524,5.0,0,56
engr0,OP3,BIM,1.0,MIM,1.0,10.491803278688524,5.0,0,56
engr0,S7,BIM,1.0,MIM,0.1,5.622950819672131,3.0,0,44
engr0,S7,BIM,1.0,MIM,0.2,8.852459016393443,6.0,0,52
engr0,S7,BIM,1.0,MIM,0.3,11.557377049180328,7.0,0,52
engr0,S7,BIM,1.0,MIM,0.4,11.819672131147541,7.0,0,52
engr0,S7,BIM,1.0,MIM,0.5,11.819672131147541,7.0,0,52
engr0,S7,BIM,1.0,MIM,0.6,11.819672131147541,7.0,0,52
engr0,S7,BIM,1.0,MIM,0.7,11.819672131147541,7.0,0,52
engr0,S7,BIM,1.0,MIM,0.8,11.819672131147541,7.0,0,52
engr0,S7,BIM,1.0,MIM,0.9,11.819672131147541,7.0,0,52
engr0,S7,BIM,1.0,MIM,1.0,11.819672131147541,7.0,0,52
engr0,BLU,FGSM,0.1,BIM,0.1,2.8360655737704916,2.0,0,20
engr0,BLU,FGSM,0.1,BIM,0.2,3.7704918032786887,2.0,0,34
engr0,BLU,FGSM,0.1,BIM,0.3,3.8688524590163933,3.0,0,34
engr0,BLU,FGSM,0.1,BIM,0.4,3.80327868852459,3.0,0,34
engr0,BLU,FGSM,0.1,BIM,0.5,3.80327868852459,3.0,0,34
engr0,BLU,FGSM,0.1,BIM,0.6,3.80327868852459,3.0,0,34
engr0,BLU,FGSM,0.1,BIM,0.7,3.80327868852459,3.0,0,34
engr0,BLU,FGSM,0.1,BIM,0.8,3.80327868852459,3.0,0,34
engr0,BLU,FGSM,0.1,BIM,0.9,3.80327868852459,3.0,0,34
engr0,BLU,FGSM,0.1,BIM,1.0,3.80327868852459,3.0,0,34
engr0,HTC,FGSM,0.1,BIM,0.1,2.721311475409836,2.0,0,9
engr0,HTC,FGSM,0.1,BIM,0.2,3.4754098360655736,2.0,0,28
engr0,HTC,FGSM,0.1,BIM,0.3,3.3934426229508197,2.0,0,17
engr0,HTC,FGSM,0.1,BIM,0.4,4.098360655737705,2.0,0,33
engr0,HTC,FGSM,0.1,BIM,0.5,4.098360655737705,2.0,0,33
engr0,HTC,FGSM,0.1,BIM,0.6,4.098360655737705,2.0,0,33
engr0,HTC,FGSM,0.1,BIM,0.7,4.098360655737705,2.0,0,33
engr0,HTC,FGSM,0.1,BIM,0.8,4.098360655737705,2.0,0,33
engr0,HTC,FGSM,0.1,BIM,0.9,4.098360655737705,2.0,0,33
engr0,HTC,FGSM,0.1,BIM,1.0,4.098360655737705,2.0,0,33
engr0,LG,FGSM,0.1,BIM,0.1,4.704918032786885,3.0,0,28
engr0,LG,FGSM,0.1,BIM,0.2,4.885245901639344,3.0,0,28
engr0,LG,FGSM,0.1,BIM,0.3,4.770491803278689,3.0,0,32
engr0,LG,FGSM,0.1,BIM,0.4,3.9344262295081966,3.0,0,22
engr0,LG,FGSM,0.1,BIM,0.5,3.9344262295081966,3.0,0,22
engr0,LG,FGSM,0.1,BIM,0.6,3.9344262295081966,3.0,0,22
engr0,LG,FGSM,0.1,BIM,0.7,3.9344262295081966,3.0,0,22
engr0,LG,FGSM,0.1,BIM,0.8,3.9344262295081966,3.0,0,22
engr0,LG,FGSM,0.1,BIM,0.9,3.9344262295081966,3.0,0,22
engr0,LG,FGSM,0.1,BIM,1.0,3.9344262295081966,3.0,0,22
engr0,MOTO,FGSM,0.1,BIM,0.1,4.229508196721311,3.0,0,18
engr0,MOTO,FGSM,0.1,BIM,0.2,11.901639344262295,7.0,0,49
engr0,MOTO,FGSM,0.1,BIM,0.3,19.672131147540984,12.0,0,53
engr0,MOTO,FGSM,0.1,BIM,0.4,21.491803278688526,16.0,0,53
engr0,MOTO,FGSM,0.1,BIM,0.5,21.491803278688526,16.0,0,53
engr0,MOTO,FGSM,0.1,BIM,0.6,21.491803278688526,16.0,0,53
engr0,MOTO,FGSM,0.1,BIM,0.7,21.491803278688526,16.0,0,53
engr0,MOTO,FGSM,0.1,BIM,0.8,21.491803278688526,16.0,0,53
engr0,MOTO,FGSM,0.1,BIM,0.9,21.491803278688526,16.0,0,53
engr0,MOTO,FGSM,0.1,BIM,1.0,21.491803278688526,16.0,0,53
engr0,OP3,FGSM,0.1,BIM,0.1,1.0327868852459017,0.0,0,9
engr0,OP3,FGSM,0.1,BIM,0.2,1.4426229508196722,0.0,0,9
engr0,OP3,FGSM,0.1,BIM,0.3,1.6065573770491803,0.0,0,9
engr0,OP3,FGSM,0.1,BIM,0.4,1.6065573770491803,0.0,0,9
engr0,OP3,FGSM,0.1,BIM,0.5,1.6065573770491803,0.0,0,9
engr0,OP3,FGSM,0.1,BIM,0.6,1.6065573770491803,0.0,0,9
engr0,OP3,FGSM,0.1,BIM,0.7,1.6065573770491803,0.0,0,9
engr0,OP3,FGSM,0.1,BIM,0.8,1.6065573770491803,0.0,0,9
engr0,OP3,FGSM,0.1,BIM,0.9,1.6065573770491803,0.0,0,9
engr0,OP3,FGSM,0.1,BIM,1.0,1.6065573770491803,0.0,0,9
engr0,S7,FGSM,0.1,BIM,0.1,2.278688524590164,2.0,0,14
engr0,S7,FGSM,0.1,BIM,0.2,2.721311475409836,2.0,0,28
engr0,S7,FGSM,0.1,BIM,0.3,2.7049180327868854,2.0,0,28
engr0,S7,FGSM,0.1,BIM,0.4,2.80327868852459,2.0,0,28
engr0,S7,FGSM,0.1,BIM,0.5,2.80327868852459,2.0,0,28
engr0,S7,FGSM,0.1,BIM,0.6,2.80327868852459,2.0,0,28
engr0,S7,FGSM,0.1,BIM,0.7,2.80327868852459,2.0,0,28
engr0,S7,FGSM,0.1,BIM,0.8,2.80327868852459,2.0,0,28
engr0,S7,FGSM,0.1,BIM,0.9,2.80327868852459,2.0,0,28
engr0,S7,FGSM,0.1,BIM,1.0,2.80327868852459,2.0,0,28
engr0,BLU,FGSM,0.2,BIM,0.1,3.7540983606557377,3.0,0,42
engr0,BLU,FGSM,0.2,BIM,0.2,3.8688524590163933,3.0,0,31
engr0,BLU,FGSM,0.2,BIM,0.3,4.032786885245901,3.0,0,31
engr0,BLU,FGSM,0.2,BIM,0.4,3.9836065573770494,3.0,0,31
engr0,BLU,FGSM,0.2,BIM,0.5,3.9836065573770494,3.0,0,31
engr0,BLU,FGSM,0.2,BIM,0.6,3.9836065573770494,3.0,0,31
engr0,BLU,FGSM,0.2,BIM,0.7,3.9836065573770494,3.0,0,31
engr0,BLU,FGSM,0.2,BIM,0.8,3.9836065573770494,3.0,0,31
engr0,BLU,FGSM,0.2,BIM,0.9,3.9836065573770494,3.0,0,31
engr0,BLU,FGSM,0.2,BIM,1.0,3.9836065573770494,3.0,0,31
engr0,HTC,FGSM,0.2,BIM,0.1,5.032786885245901,2.0,0,42
engr0,HTC,FGSM,0.2,BIM,0.2,4.950819672131147,2.0,0,41
engr0,HTC,FGSM,0.2,BIM,0.3,6.262295081967213,2.0,0,41
engr0,HTC,FGSM,0.2,BIM,0.4,6.163934426229508,2.0,0,41
engr0,HTC,FGSM,0.2,BIM,0.5,6.163934426229508,2.0,0,41
engr0,HTC,FGSM,0.2,BIM,0.6,6.163934426229508,2.0,0,41
engr0,HTC,FGSM,0.2,BIM,0.7,6.163934426229508,2.0,0,41
engr0,HTC,FGSM,0.2,BIM,0.8,6.163934426229508,2.0,0,41
engr0,HTC,FGSM,0.2,BIM,0.9,6.163934426229508,2.0,0,41
engr0,HTC,FGSM,0.2,BIM,1.0,6.163934426229508,2.0,0,41
engr0,LG,FGSM,0.2,BIM,0.1,5.311475409836065,4.0,0,28
engr0,LG,FGSM,0.2,BIM,0.2,5.180327868852459,4.0,0,28
engr0,LG,FGSM,0.2,BIM,0.3,5.491803278688525,4.0,0,29
engr0,LG,FGSM,0.2,BIM,0.4,5.819672131147541,4.0,0,29
engr0,LG,FGSM,0.2,BIM,0.5,5.819672131147541,4.0,0,29
engr0,LG,FGSM,0.2,BIM,0.6,5.819672131147541,4.0,0,29
engr0,LG,FGSM,0.2,BIM,0.7,5.819672131147541,4.0,0,29
engr0,LG,FGSM,0.2,BIM,0.8,5.819672131147541,4.0,0,29
engr0,LG,FGSM,0.2,BIM,0.9,5.819672131147541,4.0,0,29
engr0,LG,FGSM,0.2,BIM,1.0,5.819672131147541,4.0,0,29
engr0,MOTO,FGSM,0.2,BIM,0.1,7.459016393442623,4.0,0,43
engr0,MOTO,FGSM,0.2,BIM,0.2,10.836065573770492,7.0,0,50
engr0,MOTO,FGSM,0.2,BIM,0.3,18.39344262295082,12.0,0,53
engr0,MOTO,FGSM,0.2,BIM,0.4,20.852459016393443,13.0,0,53
engr0,MOTO,FGSM,0.2,BIM,0.5,20.852459016393443,13.0,0,53
engr0,MOTO,FGSM,0.2,BIM,0.6,20.852459016393443,13.0,0,53
engr0,MOTO,FGSM,0.2,BIM,0.7,20.852459016393443,13.0,0,53
engr0,MOTO,FGSM,0.2,BIM,0.8,20.852459016393443,13.0,0,53
engr0,MOTO,FGSM,0.2,BIM,0.9,20.852459016393443,13.0,0,53
engr0,MOTO,FGSM,0.2,BIM,1.0,20.852459016393443,13.0,0,53
engr0,OP3,FGSM,0.2,BIM,0.1,1.5901639344262295,0.0,0,12
engr0,OP3,FGSM,0.2,BIM,0.2,2.459016393442623,1.0,0,18
engr0,OP3,FGSM,0.2,BIM,0.3,2.557377049180328,2.0,0,18
engr0,OP3,FGSM,0.2,BIM,0.4,2.3934426229508197,1.0,0,18
engr0,OP3,FGSM,0.2,BIM,0.5,2.3934426229508197,1.0,0,18
engr0,OP3,FGSM,0.2,BIM,0.6,2.3934426229508197,1.0,0,18
engr0,OP3,FGSM,0.2,BIM,0.7,2.3934426229508197,1.0,0,18
engr0,OP3,FGSM,0.2,BIM,0.8,2.3934426229508197,1.0,0,18
engr0,OP3,FGSM,0.2,BIM,0.9,2.3934426229508197,1.0,0,18
engr0,OP3,FGSM,0.2,BIM,1.0,2.3934426229508197,1.0,0,18
engr0,S7,FGSM,0.2,BIM,0.1,4.114754098360656,2.0,0,29
engr0,S7,FGSM,0.2,BIM,0.2,3.7704918032786887,2.0,0,29
engr0,S7,FGSM,0.2,BIM,0.3,4.39344262295082,2.0,0,31
engr0,S7,FGSM,0.2,BIM,0.4,4.360655737704918,2.0,0,31
engr0,S7,FGSM,0.2,BIM,0.5,4.360655737704918,2.0,0,31
engr0,S7,FGSM,0.2,BIM,0.6,4.360655737704918,2.0,0,31
engr0,S7,FGSM,0.2,BIM,0.7,4.360655737704918,2.0,0,31
engr0,S7,FGSM,0.2,BIM,0.8,4.360655737704918,2.0,0,31
engr0,S7,FGSM,0.2,BIM,0.9,4.360655737704918,2.0,0,31
engr0,S7,FGSM,0.2,BIM,1.0,4.360655737704918,2.0,0,31
engr0,BLU,FGSM,0.3,BIM,0.1,2.8688524590163933,2.0,0,12
engr0,BLU,FGSM,0.3,BIM,0.2,3.1639344262295084,2.0,0,12
engr0,BLU,FGSM,0.3,BIM,0.3,3.1639344262295084,2.0,0,12
engr0,BLU,FGSM,0.3,BIM,0.4,3.1475409836065573,2.0,0,12
engr0,BLU,FGSM,0.3,BIM,0.5,3.1475409836065573,2.0,0,12
engr0,BLU,FGSM,0.3,BIM,0.6,3.1475409836065573,2.0,0,12
engr0,BLU,FGSM,0.3,BIM,0.7,3.1475409836065573,2.0,0,12
engr0,BLU,FGSM,0.3,BIM,0.8,3.1475409836065573,2.0,0,12
engr0,BLU,FGSM,0.3,BIM,0.9,3.1475409836065573,2.0,0,12
engr0,BLU,FGSM,0.3,BIM,1.0,3.1475409836065573,2.0,0,12
engr0,HTC,FGSM,0.3,BIM,0.1,3.7049180327868854,2.0,0,22
engr0,HTC,FGSM,0.3,BIM,0.2,3.1147540983606556,2.0,0,13
engr0,HTC,FGSM,0.3,BIM,0.3,3.5901639344262297,3.0,0,22
engr0,HTC,FGSM,0.3,BIM,0.4,3.5901639344262297,3.0,0,22
engr0,HTC,FGSM,0.3,BIM,0.5,3.5901639344262297,3.0,0,22
engr0,HTC,FGSM,0.3,BIM,0.6,3.5901639344262297,3.0,0,22
engr0,HTC,FGSM,0.3,BIM,0.7,3.5901639344262297,3.0,0,22
engr0,HTC,FGSM,0.3,BIM,0.8,3.5901639344262297,3.0,0,22
engr0,HTC,FGSM,0.3,BIM,0.9,3.5901639344262297,3.0,0,22
engr0,HTC,FGSM,0.3,BIM,1.0,3.5901639344262297,3.0,0,22
engr0,LG,FGSM,0.3,BIM,0.1,4.180327868852459,3.0,0,18
engr0,LG,FGSM,0.3,BIM,0.2,4.065573770491803,3.0,0,18
engr0,LG,FGSM,0.3,BIM,0.3,3.7868852459016393,2.0,0,17
engr0,LG,FGSM,0.3,BIM,0.4,4.524590163934426,3.0,0,32
engr0,LG,FGSM,0.3,BIM,0.5,4.524590163934426,3.0,0,32
engr0,LG,FGSM,0.3,BIM,0.6,4.524590163934426,3.0,0,32
engr0,LG,FGSM,0.3,BIM,0.7,4.524590163934426,3.0,0,32
engr0,LG,FGSM,0.3,BIM,0.8,4.524590163934426,3.0,0,32
engr0,LG,FGSM,0.3,BIM,0.9,4.524590163934426,3.0,0,32
engr0,LG,FGSM,0.3,BIM,1.0,4.524590163934426,3.0,0,32
engr0,MOTO,FGSM,0.3,BIM,0.1,6.459016393442623,5.0,0,27
engr0,MOTO,FGSM,0.3,BIM,0.2,10.311475409836065,8.0,0,43
engr0,MOTO,FGSM,0.3,BIM,0.3,14.836065573770492,11.0,0,41
engr0,MOTO,FGSM,0.3,BIM,0.4,18.081967213114755,11.0,0,48
engr0,MOTO,FGSM,0.3,BIM,0.5,18.081967213114755,11.0,0,48
engr0,MOTO,FGSM,0.3,BIM,0.6,18.081967213114755,11.0,0,48
engr0,MOTO,FGSM,0.3,BIM,0.7,18.081967213114755,11.0,0,48
engr0,MOTO,FGSM,0.3,BIM,0.8,18.081967213114755,11.0,0,48
engr0,MOTO,FGSM,0.3,BIM,0.9,18.081967213114755,11.0,0,48
engr0,MOTO,FGSM,0.3,BIM,1.0,18.081967213114755,11.0,0,48
engr0,OP3,FGSM,0.3,BIM,0.1,0.8688524590163934,0.0,0,6
engr0,OP3,FGSM,0.3,BIM,0.2,1.3934426229508197,0.0,0,12
engr0,OP3,FGSM,0.3,BIM,0.3,1.639344262295082,0.0,0,12
engr0,OP3,FGSM,0.3,BIM,0.4,1.5245901639344261,0.0,0,12
engr0,OP3,FGSM,0.3,BIM,0.5,1.5245901639344261,0.0,0,12
engr0,OP3,FGSM,0.3,BIM,0.6,1.5245901639344261,0.0,0,12
engr0,OP3,FGSM,0.3,BIM,0.7,1.5245901639344261,0.0,0,12
engr0,OP3,FGSM,0.3,BIM,0.8,1.5245901639344261,0.0,0,12
engr0,OP3,FGSM,0.3,BIM,0.9,1.5245901639344261,0.0,0,12
engr0,OP3,FGSM,0.3,BIM,1.0,1.5245901639344261,0.0,0,12
engr0,S7,FGSM,0.3,BIM,0.1,2.7868852459016393,2.0,0,16
engr0,S7,FGSM,0.3,BIM,0.2,2.9508196721311477,2.0,0,15
engr0,S7,FGSM,0.3,BIM,0.3,2.8852459016393444,2.0,0,15
engr0,S7,FGSM,0.3,BIM,0.4,2.819672131147541,2.0,0,15
engr0,S7,FGSM,0.3,BIM,0.5,2.819672131147541,2.0,0,15
engr0,S7,FGSM,0.3,BIM,0.6,2.819672131147541,2.0,0,15
engr0,S7,FGSM,0.3,BIM,0.7,2.819672131147541,2.0,0,15
engr0,S7,FGSM,0.3,BIM,0.8,2.819672131147541,2.0,0,15
engr0,S7,FGSM,0.3,BIM,0.9,2.819672131147541,2.0,0,15
engr0,S7,FGSM,0.3,BIM,1.0,2.819672131147541,2.0,0,15
engr0,BLU,FGSM,0.4,BIM,0.1,2.5081967213114753,2.0,0,10
engr0,BLU,FGSM,0.4,BIM,0.2,2.737704918032787,2.0,0,10
engr0,BLU,FGSM,0.4,BIM,0.3,2.8852459016393444,2.0,0,10
engr0,BLU,FGSM,0.4,BIM,0.4,2.8524590163934427,2.0,0,10
engr0,BLU,FGSM,0.4,BIM,0.5,2.8524590163934427,2.0,0,10
engr0,BLU,FGSM,0.4,BIM,0.6,2.8524590163934427,2.0,0,10
engr0,BLU,FGSM,0.4,BIM,0.7,2.8524590163934427,2.0,0,10
engr0,BLU,FGSM,0.4,BIM,0.8,2.8524590163934427,2.0,0,10
engr0,BLU,FGSM,0.4,BIM,0.9,2.8524590163934427,2.0,0,10
engr0,BLU,FGSM,0.4,BIM,1.0,2.8524590163934427,2.0,0,10
engr0,HTC,FGSM,0.4,BIM,0.1,2.7868852459016393,2.0,0,16
engr0,HTC,FGSM,0.4,BIM,0.2,2.9344262295081966,2.0,0,16
engr0,HTC,FGSM,0.4,BIM,0.3,2.9508196721311477,2.0,0,16
engr0,HTC,FGSM,0.4,BIM,0.4,2.918032786885246,2.0,0,16
engr0,HTC,FGSM,0.4,BIM,0.5,2.918032786885246,2.0,0,16
engr0,HTC,FGSM,0.4,BIM,0.6,2.918032786885246,2.0,0,16
engr0,HTC,FGSM,0.4,BIM,0.7,2.918032786885246,2.0,0,16
engr0,HTC,FGSM,0.4,BIM,0.8,2.918032786885246,2.0,0,16
engr0,HTC,FGSM,0.4,BIM,0.9,2.918032786885246,2.0,0,16
engr0,HTC,FGSM,0.4,BIM,1.0,2.918032786885246,2.0,0,16
engr0,LG,FGSM,0.4,BIM,0.1,3.4262295081967213,3.0,0,18
engr0,LG,FGSM,0.4,BIM,0.2,3.5737704918032787,3.0,0,15
engr0,LG,FGSM,0.4,BIM,0.3,4.327868852459017,3.0,0,24
engr0,LG,FGSM,0.4,BIM,0.4,3.8524590163934427,3.0,0,19
engr0,LG,FGSM,0.4,BIM,0.5,3.8524590163934427,3.0,0,19
engr0,LG,FGSM,0.4,BIM,0.6,3.8524590163934427,3.0,0,19
engr0,LG,FGSM,0.4,BIM,0.7,3.8524590163934427,3.0,0,19
engr0,LG,FGSM,0.4,BIM,0.8,3.8524590163934427,3.0,0,19
engr0,LG,FGSM,0.4,BIM,0.9,3.8524590163934427,3.0,0,19
engr0,LG,FGSM,0.4,BIM,1.0,3.8524590163934427,3.0,0,19
engr0,MOTO,FGSM,0.4,BIM,0.1,6.098360655737705,4.0,0,37
engr0,MOTO,FGSM,0.4,BIM,0.2,12.639344262295081,11.0,0,46
engr0,MOTO,FGSM,0.4,BIM,0.3,16.16393442622951,14.0,0,53
engr0,MOTO,FGSM,0.4,BIM,0.4,19.62295081967213,19.0,0,53
engr0,MOTO,FGSM,0.4,BIM,0.5,19.62295081967213,19.0,0,53
engr0,MOTO,FGSM,0.4,BIM,0.6,19.62295081967213,19.0,0,53
engr0,MOTO,FGSM,0.4,BIM,0.7,19.62295081967213,19.0,0,53
engr0,MOTO,FGSM,0.4,BIM,0.8,19.62295081967213,19.0,0,53
engr0,MOTO,FGSM,0.4,BIM,0.9,19.62295081967213,19.0,0,53
engr0,MOTO,FGSM,0.4,BIM,1.0,19.62295081967213,19.0,0,53
engr0,OP3,FGSM,0.4,BIM,0.1,1.1475409836065573,0.0,0,10
engr0,OP3,FGSM,0.4,BIM,0.2,1.2622950819672132,0.0,0,12
engr0,OP3,FGSM,0.4,BIM,0.3,1.459016393442623,0.0,0,12
engr0,OP3,FGSM,0.4,BIM,0.4,1.4754098360655739,0.0,0,12
engr0,OP3,FGSM,0.4,BIM,0.5,1.4754098360655739,0.0,0,12
engr0,OP3,FGSM,0.4,BIM,0.6,1.4754098360655739,0.0,0,12
engr0,OP3,FGSM,0.4,BIM,0.7,1.4754098360655739,0.0,0,12
engr0,OP3,FGSM,0.4,BIM,0.8,1.4754098360655739,0.0,0,12
engr0,OP3,FGSM,0.4,BIM,0.9,1.4754098360655739,0.0,0,12
engr0,OP3,FGSM,0.4,BIM,1.0,1.4754098360655739,0.0,0,12
engr0,S7,FGSM,0.4,BIM,0.1,2.377049180327869,2.0,0,7
engr0,S7,FGSM,0.4,BIM,0.2,2.6721311475409837,2.0,0,14
engr0,S7,FGSM,0.4,BIM,0.3,2.5737704918032787,2.0,0,14
engr0,S7,FGSM,0.4,BIM,0.4,2.5737704918032787,2.0,0,14
engr0,S7,FGSM,0.4,BIM,0.5,2.5737704918032787,2.0,0,14
engr0,S7,FGSM,0.4,BIM,0.6,2.5737704918032787,2.0,0,14
engr0,S7,FGSM,0.4,BIM,0.7,2.5737704918032787,2.0,0,14
engr0,S7,FGSM,0.4,BIM,0.8,2.5737704918032787,2.0,0,14
engr0,S7,FGSM,0.4,BIM,0.9,2.5737704918032787,2.0,0,14
engr0,S7,FGSM,0.4,BIM,1.0,2.5737704918032787,2.0,0,14
engr0,BLU,FGSM,0.5,BIM,0.1,2.9344262295081966,3.0,0,12
engr0,BLU,FGSM,0.5,BIM,0.2,3.3114754098360657,3.0,0,21
engr0,BLU,FGSM,0.5,BIM,0.3,3.098360655737705,3.0,0,12
engr0,BLU,FGSM,0.5,BIM,0.4,3.0655737704918034,3.0,0,12
engr0,BLU,FGSM,0.5,BIM,0.5,3.0655737704918034,3.0,0,12
engr0,BLU,FGSM,0.5,BIM,0.6,3.0655737704918034,3.0,0,12
engr0,BLU,FGSM,0.5,BIM,0.7,3.0655737704918034,3.0,0,12
engr0,BLU,FGSM,0.5,BIM,0.8,3.0655737704918034,3.0,0,12
engr0,BLU,FGSM,0.5,BIM,0.9,3.0655737704918034,3.0,0,12
engr0,BLU,FGSM,0.5,BIM,1.0,3.0655737704918034,3.0,0,12
engr0,HTC,FGSM,0.5,BIM,0.1,2.8524590163934427,2.0,0,16
engr0,HTC,FGSM,0.5,BIM,0.2,3.442622950819672,3.0,0,16
engr0,HTC,FGSM,0.5,BIM,0.3,3.442622950819672,3.0,0,16
engr0,HTC,FGSM,0.5,BIM,0.4,3.4918032786885247,3.0,0,16
engr0,HTC,FGSM,0.5,BIM,0.5,3.4918032786885247,3.0,0,16
engr0,HTC,FGSM,0.5,BIM,0.6,3.4918032786885247,3.0,0,16
engr0,HTC,FGSM,0.5,BIM,0.7,3.4918032786885247,3.0,0,16
engr0,HTC,FGSM,0.5,BIM,0.8,3.4918032786885247,3.0,0,16
engr0,HTC,FGSM,0.5,BIM,0.9,3.4918032786885247,3.0,0,16
engr0,HTC,FGSM,0.5,BIM,1.0,3.4918032786885247,3.0,0,16
engr0,LG,FGSM,0.5,BIM,0.1,3.8688524590163933,3.0,0,45
engr0,LG,FGSM,0.5,BIM,0.2,3.8852459016393444,3.0,0,42
engr0,LG,FGSM,0.5,BIM,0.3,4.016393442622951,3.0,0,42
engr0,LG,FGSM,0.5,BIM,0.4,3.459016393442623,3.0,0,13
engr0,LG,FGSM,0.5,BIM,0.5,3.459016393442623,3.0,0,13
engr0,LG,FGSM,0.5,BIM,0.6,3.459016393442623,3.0,0,13
engr0,LG,FGSM,0.5,BIM,0.7,3.459016393442623,3.0,0,13
engr0,LG,FGSM,0.5,BIM,0.8,3.459016393442623,3.0,0,13
engr0,LG,FGSM,0.5,BIM,0.9,3.459016393442623,3.0,0,13
engr0,LG,FGSM,0.5,BIM,1.0,3.459016393442623,3.0,0,13
engr0,MOTO,FGSM,0.5,BIM,0.1,6.0,4.0,0,47
engr0,MOTO,FGSM,0.5,BIM,0.2,11.19672131147541,10.0,0,41
engr0,MOTO,FGSM,0.5,BIM,0.3,15.295081967213115,12.0,0,48
engr0,MOTO,FGSM,0.5,BIM,0.4,16.114754098360656,12.0,0,53
engr0,MOTO,FGSM,0.5,BIM,0.5,16.114754098360656,12.0,0,53
engr0,MOTO,FGSM,0.5,BIM,0.6,16.114754098360656,12.0,0,53
engr0,MOTO,FGSM,0.5,BIM,0.7,16.114754098360656,12.0,0,53
engr0,MOTO,FGSM,0.5,BIM,0.8,16.114754098360656,12.0,0,53
engr0,MOTO,FGSM,0.5,BIM,0.9,16.114754098360656,12.0,0,53
engr0,MOTO,FGSM,0.5,BIM,1.0,16.114754098360656,12.0,0,53
engr0,OP3,FGSM,0.5,BIM,0.1,1.278688524590164,0.0,0,7
engr0,OP3,FGSM,0.5,BIM,0.2,1.5573770491803278,0.0,0,12
engr0,OP3,FGSM,0.5,BIM,0.3,1.8852459016393444,1.0,0,12
engr0,OP3,FGSM,0.5,BIM,0.4,1.8852459016393444,1.0,0,12
engr0,OP3,FGSM,0.5,BIM,0.5,1.8852459016393444,1.0,0,12
engr0,OP3,FGSM,0.5,BIM,0.6,1.8852459016393444,1.0,0,12
engr0,OP3,FGSM,0.5,BIM,0.7,1.8852459016393444,1.0,0,12
engr0,OP3,FGSM,0.5,BIM,0.8,1.8852459016393444,1.0,0,12
engr0,OP3,FGSM,0.5,BIM,0.9,1.8852459016393444,1.0,0,12
engr0,OP3,FGSM,0.5,BIM,1.0,1.8852459016393444,1.0,0,12
engr0,S7,FGSM,0.5,BIM,0.1,2.377049180327869,2.0,0,11
engr0,S7,FGSM,0.5,BIM,0.2,2.6557377049180326,2.0,0,14
engr0,S7,FGSM,0.5,BIM,0.3,2.5245901639344264,2.0,0,14
engr0,S7,FGSM,0.5,BIM,0.4,2.4098360655737703,2.0,0,8
engr0,S7,FGSM,0.5,BIM,0.5,2.4098360655737703,2.0,0,8
engr0,S7,FGSM,0.5,BIM,0.6,2.4098360655737703,2.0,0,8
engr0,S7,FGSM,0.5,BIM,0.7,2.4098360655737703,2.0,0,8
engr0,S7,FGSM,0.5,BIM,0.8,2.4098360655737703,2.0,0,8
engr0,S7,FGSM,0.5,BIM,0.9,2.4098360655737703,2.0,0,8
engr0,S7,FGSM,0.5,BIM,1.0,2.4098360655737703,2.0,0,8
engr0,BLU,FGSM,0.6,BIM,0.1,2.5901639344262297,2.0,0,10
engr0,BLU,FGSM,0.6,BIM,0.2,3.1147540983606556,2.0,0,21
engr0,BLU,FGSM,0.6,BIM,0.3,3.1475409836065573,2.0,0,21
engr0,BLU,FGSM,0.6,BIM,0.4,3.1475409836065573,2.0,0,21
engr0,BLU,FGSM,0.6,BIM,0.5,3.1475409836065573,2.0,0,21
engr0,BLU,FGSM,0.6,BIM,0.6,3.1475409836065573,2.0,0,21
engr0,BLU,FGSM,0.6,BIM,0.7,3.1475409836065573,2.0,0,21
engr0,BLU,FGSM,0.6,BIM,0.8,3.1475409836065573,2.0,0,21
engr0,BLU,FGSM,0.6,BIM,0.9,3.1475409836065573,2.0,0,21
engr0,BLU,FGSM,0.6,BIM,1.0,3.1475409836065573,2.0,0,21
engr0,HTC,FGSM,0.6,BIM,0.1,2.80327868852459,2.0,0,16
engr0,HTC,FGSM,0.6,BIM,0.2,3.1639344262295084,3.0,0,16
engr0,HTC,FGSM,0.6,BIM,0.3,3.098360655737705,3.0,0,16
engr0,HTC,FGSM,0.6,BIM,0.4,3.098360655737705,3.0,0,16
engr0,HTC,FGSM,0.6,BIM,0.5,3.098360655737705,3.0,0,16
engr0,HTC,FGSM,0.6,BIM,0.6,3.098360655737705,3.0,0,16
engr0,HTC,FGSM,0.6,BIM,0.7,3.098360655737705,3.0,0,16
engr0,HTC,FGSM,0.6,BIM,0.8,3.098360655737705,3.0,0,16
engr0,HTC,FGSM,0.6,BIM,0.9,3.098360655737705,3.0,0,16
engr0,HTC,FGSM,0.6,BIM,1.0,3.098360655737705,3.0,0,16
engr0,LG,FGSM,0.6,BIM,0.1,3.2131147540983607,3.0,0,12
engr0,LG,FGSM,0.6,BIM,0.2,3.3442622950819674,3.0,0,12
engr0,LG,FGSM,0.6,BIM,0.3,3.2950819672131146,3.0,0,15
engr0,LG,FGSM,0.6,BIM,0.4,3.262295081967213,3.0,0,15
engr0,LG,FGSM,0.6,BIM,0.5,3.262295081967213,3.0,0,15
engr0,LG,FGSM,0.6,BIM,0.6,3.262295081967213,3.0,0,15
engr0,LG,FGSM,0.6,BIM,0.7,3.262295081967213,3.0,0,15
engr0,LG,FGSM,0.6,BIM,0.8,3.262295081967213,3.0,0,15
engr0,LG,FGSM,0.6,BIM,0.9,3.262295081967213,3.0,0,15
engr0,LG,FGSM,0.6,BIM,1.0,3.262295081967213,3.0,0,15
engr0,MOTO,FGSM,0.6,BIM,0.1,5.918032786885246,4.0,0,47
engr0,MOTO,FGSM,0.6,BIM,0.2,13.360655737704919,11.0,0,44
engr0,MOTO,FGSM,0.6,BIM,0.3,16.24590163934426,16.0,0,39
engr0,MOTO,FGSM,0.6,BIM,0.4,17.62295081967213,17.0,1,53
engr0,MOTO,FGSM,0.6,BIM,0.5,17.62295081967213,17.0,1,53
engr0,MOTO,FGSM,0.6,BIM,0.6,17.62295081967213,17.0,1,53
engr0,MOTO,FGSM,0.6,BIM,0.7,17.62295081967213,17.0,1,53
engr0,MOTO,FGSM,0.6,BIM,0.8,17.62295081967213,17.0,1,53
engr0,MOTO,FGSM,0.6,BIM,0.9,17.62295081967213,17.0,1,53
engr0,MOTO,FGSM,0.6,BIM,1.0,17.62295081967213,17.0,1,53
engr0,OP3,FGSM,0.6,BIM,0.1,1.540983606557377,0.0,0,12
engr0,OP3,FGSM,0.6,BIM,0.2,1.8032786885245902,0.0,0,12
engr0,OP3,FGSM,0.6,BIM,0.3,1.9672131147540983,1.0,0,12
engr0,OP3,FGSM,0.6,BIM,0.4,1.9672131147540983,1.0,0,12
engr0,OP3,FGSM,0.6,BIM,0.5,1.9672131147540983,1.0,0,12
engr0,OP3,FGSM,0.6,BIM,0.6,1.9672131147540983,1.0,0,12
engr0,OP3,FGSM,0.6,BIM,0.7,1.9672131147540983,1.0,0,12
engr0,OP3,FGSM,0.6,BIM,0.8,1.9672131147540983,1.0,0,12
engr0,OP3,FGSM,0.6,BIM,0.9,1.9672131147540983,1.0,0,12
engr0,OP3,FGSM,0.6,BIM,1.0,1.9672131147540983,1.0,0,12
engr0,S7,FGSM,0.6,BIM,0.1,2.0655737704918034,2.0,0,6
engr0,S7,FGSM,0.6,BIM,0.2,2.8688524590163933,2.0,0,20
engr0,S7,FGSM,0.6,BIM,0.3,2.5737704918032787,2.0,0,20
engr0,S7,FGSM,0.6,BIM,0.4,2.540983606557377,2.0,0,20
engr0,S7,FGSM,0.6,BIM,0.5,2.540983606557377,2.0,0,20
engr0,S7,FGSM,0.6,BIM,0.6,2.540983606557377,2.0,0,20
engr0,S7,FGSM,0.6,BIM,0.7,2.540983606557377,2.0,0,20
engr0,S7,FGSM,0.6,BIM,0.8,2.540983606557377,2.0,0,20
engr0,S7,FGSM,0.6,BIM,0.9,2.540983606557377,2.0,0,20
engr0,S7,FGSM,0.6,BIM,1.0,2.540983606557377,2.0,0,20
engr0,BLU,FGSM,0.7,BIM,0.1,2.5901639344262297,2.0,0,10
engr0,BLU,FGSM,0.7,BIM,0.2,3.1311475409836067,2.0,0,21
engr0,BLU,FGSM,0.7,BIM,0.3,3.1639344262295084,2.0,0,21
engr0,BLU,FGSM,0.7,BIM,0.4,3.1639344262295084,2.0,0,21
engr0,BLU,FGSM,0.7,BIM,0.5,3.1639344262295084,2.0,0,21
engr0,BLU,FGSM,0.7,BIM,0.6,3.1639344262295084,2.0,0,21
engr0,BLU,FGSM,0.7,BIM,0.7,3.1639344262295084,2.0,0,21
engr0,BLU,FGSM,0.7,BIM,0.8,3.1639344262295084,2.0,0,21
engr0,BLU,FGSM,0.7,BIM,0.9,3.1639344262295084,2.0,0,21
engr0,BLU,FGSM,0.7,BIM,1.0,3.1639344262295084,2.0,0,21
engr0,HTC,FGSM,0.7,BIM,0.1,2.80327868852459,2.0,0,16
engr0,HTC,FGSM,0.7,BIM,0.2,3.1639344262295084,3.0,0,16
engr0,HTC,FGSM,0.7,BIM,0.3,3.098360655737705,3.0,0,16
engr0,HTC,FGSM,0.7,BIM,0.4,3.081967213114754,3.0,0,16
engr0,HTC,FGSM,0.7,BIM,0.5,3.081967213114754,3.0,0,16
engr0,HTC,FGSM,0.7,BIM,0.6,3.081967213114754,3.0,0,16
engr0,HTC,FGSM,0.7,BIM,0.7,3.081967213114754,3.0,0,16
engr0,HTC,FGSM,0.7,BIM,0.8,3.081967213114754,3.0,0,16
engr0,HTC,FGSM,0.7,BIM,0.9,3.081967213114754,3.0,0,16
engr0,HTC,FGSM,0.7,BIM,1.0,3.081967213114754,3.0,0,16
engr0,LG,FGSM,0.7,BIM,0.1,3.2131147540983607,3.0,0,12
engr0,LG,FGSM,0.7,BIM,0.2,3.3442622950819674,3.0,0,12
engr0,LG,FGSM,0.7,BIM,0.3,3.2950819672131146,3.0,0,15
engr0,LG,FGSM,0.7,BIM,0.4,3.2950819672131146,3.0,0,15
engr0,LG,FGSM,0.7,BIM,0.5,3.2950819672131146,3.0,0,15
engr0,LG,FGSM,0.7,BIM,0.6,3.2950819672131146,3.0,0,15
engr0,LG,FGSM,0.7,BIM,0.7,3.2950819672131146,3.0,0,15
engr0,LG,FGSM,0.7,BIM,0.8,3.2950819672131146,3.0,0,15
engr0,LG,FGSM,0.7,BIM,0.9,3.2950819672131146,3.0,0,15
engr0,LG,FGSM,0.7,BIM,1.0,3.2950819672131146,3.0,0,15
engr0,MOTO,FGSM,0.7,BIM,0.1,5.918032786885246,4.0,0,47
engr0,MOTO,FGSM,0.7,BIM,0.2,13.557377049180328,11.0,0,44
engr0,MOTO,FGSM,0.7,BIM,0.3,16.19672131147541,16.0,0,39
engr0,MOTO,FGSM,0.7,BIM,0.4,17.60655737704918,17.0,1,53
engr0,MOTO,FGSM,0.7,BIM,0.5,17.60655737704918,17.0,1,53
engr0,MOTO,FGSM,0.7,BIM,0.6,17.60655737704918,17.0,1,53
engr0,MOTO,FGSM,0.7,BIM,0.7,17.60655737704918,17.0,1,53
engr0,MOTO,FGSM,0.7,BIM,0.8,17.60655737704918,17.0,1,53
engr0,MOTO,FGSM,0.7,BIM,0.9,17.60655737704918,17.0,1,53
engr0,MOTO,FGSM,0.7,BIM,1.0,17.60655737704918,17.0,1,53
engr0,OP3,FGSM,0.7,BIM,0.1,1.540983606557377,0.0,0,12
engr0,OP3,FGSM,0.7,BIM,0.2,1.8032786885245902,0.0,0,12
engr0,OP3,FGSM,0.7,BIM,0.3,1.9672131147540983,1.0,0,12
engr0,OP3,FGSM,0.7,BIM,0.4,1.9672131147540983,1.0,0,12
engr0,OP3,FGSM,0.7,BIM,0.5,1.9672131147540983,1.0,0,12
engr0,OP3,FGSM,0.7,BIM,0.6,1.9672131147540983,1.0,0,12
engr0,OP3,FGSM,0.7,BIM,0.7,1.9672131147540983,1.0,0,12
engr0,OP3,FGSM,0.7,BIM,0.8,1.9672131147540983,1.0,0,12
engr0,OP3,FGSM,0.7,BIM,0.9,1.9672131147540983,1.0,0,12
engr0,OP3,FGSM,0.7,BIM,1.0,1.9672131147540983,1.0,0,12
engr0,S7,FGSM,0.7,BIM,0.1,2.0655737704918034,2.0,0,6
engr0,S7,FGSM,0.7,BIM,0.2,2.8688524590163933,2.0,0,20
engr0,S7,FGSM,0.7,BIM,0.3,2.5737704918032787,2.0,0,20
engr0,S7,FGSM,0.7,BIM,0.4,2.540983606557377,2.0,0,20
engr0,S7,FGSM,0.7,BIM,0.5,2.540983606557377,2.0,0,20
engr0,S7,FGSM,0.7,BIM,0.6,2.540983606557377,2.0,0,20
engr0,S7,FGSM,0.7,BIM,0.7,2.540983606557377,2.0,0,20
engr0,S7,FGSM,0.7,BIM,0.8,2.540983606557377,2.0,0,20
engr0,S7,FGSM,0.7,BIM,0.9,2.540983606557377,2.0,0,20
engr0,S7,FGSM,0.7,BIM,1.0,2.540983606557377,2.0,0,20
engr0,BLU,FGSM,0.8,BIM,0.1,2.5901639344262297,2.0,0,10
engr0,BLU,FGSM,0.8,BIM,0.2,3.1311475409836067,2.0,0,21
engr0,BLU,FGSM,0.8,BIM,0.3,3.1639344262295084,2.0,0,21
engr0,BLU,FGSM,0.8,BIM,0.4,3.1639344262295084,2.0,0,21
engr0,BLU,FGSM,0.8,BIM,0.5,3.1639344262295084,2.0,0,21
engr0,BLU,FGSM,0.8,BIM,0.6,3.1639344262295084,2.0,0,21
engr0,BLU,FGSM,0.8,BIM,0.7,3.1639344262295084,2.0,0,21
engr0,BLU,FGSM,0.8,BIM,0.8,3.1639344262295084,2.0,0,21
engr0,BLU,FGSM,0.8,BIM,0.9,3.1639344262295084,2.0,0,21
engr0,BLU,FGSM,0.8,BIM,1.0,3.1639344262295084,2.0,0,21
engr0,HTC,FGSM,0.8,BIM,0.1,2.80327868852459,2.0,0,16
engr0,HTC,FGSM,0.8,BIM,0.2,3.1639344262295084,3.0,0,16
engr0,HTC,FGSM,0.8,BIM,0.3,3.098360655737705,3.0,0,16
engr0,HTC,FGSM,0.8,BIM,0.4,3.081967213114754,3.0,0,16
engr0,HTC,FGSM,0.8,BIM,0.5,3.081967213114754,3.0,0,16
engr0,HTC,FGSM,0.8,BIM,0.6,3.081967213114754,3.0,0,16
engr0,HTC,FGSM,0.8,BIM,0.7,3.081967213114754,3.0,0,16
engr0,HTC,FGSM,0.8,BIM,0.8,3.081967213114754,3.0,0,16
engr0,HTC,FGSM,0.8,BIM,0.9,3.081967213114754,3.0,0,16
engr0,HTC,FGSM,0.8,BIM,1.0,3.081967213114754,3.0,0,16
engr0,LG,FGSM,0.8,BIM,0.1,3.2131147540983607,3.0,0,12
engr0,LG,FGSM,0.8,BIM,0.2,3.3442622950819674,3.0,0,12
engr0,LG,FGSM,0.8,BIM,0.3,3.2950819672131146,3.0,0,15
engr0,LG,FGSM,0.8,BIM,0.4,3.2950819672131146,3.0,0,15
engr0,LG,FGSM,0.8,BIM,0.5,3.2950819672131146,3.0,0,15
engr0,LG,FGSM,0.8,BIM,0.6,3.2950819672131146,3.0,0,15
engr0,LG,FGSM,0.8,BIM,0.7,3.2950819672131146,3.0,0,15
engr0,LG,FGSM,0.8,BIM,0.8,3.2950819672131146,3.0,0,15
engr0,LG,FGSM,0.8,BIM,0.9,3.2950819672131146,3.0,0,15
engr0,LG,FGSM,0.8,BIM,1.0,3.2950819672131146,3.0,0,15
engr0,MOTO,FGSM,0.8,BIM,0.1,6.147540983606557,4.0,0,47
engr0,MOTO,FGSM,0.8,BIM,0.2,13.557377049180328,11.0,0,44
engr0,MOTO,FGSM,0.8,BIM,0.3,16.131147540983605,16.0,0,39
engr0,MOTO,FGSM,0.8,BIM,0.4,16.852459016393443,16.0,0,53
engr0,MOTO,FGSM,0.8,BIM,0.5,16.852459016393443,16.0,0,53
engr0,MOTO,FGSM,0.8,BIM,0.6,16.852459016393443,16.0,0,53
engr0,MOTO,FGSM,0.8,BIM,0.7,16.852459016393443,16.0,0,53
engr0,MOTO,FGSM,0.8,BIM,0.8,16.852459016393443,16.0,0,53
engr0,MOTO,FGSM,0.8,BIM,0.9,16.852459016393443,16.0,0,53
engr0,MOTO,FGSM,0.8,BIM,1.0,16.852459016393443,16.0,0,53
engr0,OP3,FGSM,0.8,BIM,0.1,1.540983606557377,0.0,0,12
engr0,OP3,FGSM,0.8,BIM,0.2,1.8032786885245902,0.0,0,12
engr0,OP3,FGSM,0.8,BIM,0.3,1.9672131147540983,1.0,0,12
engr0,OP3,FGSM,0.8,BIM,0.4,1.9672131147540983,1.0,0,12
engr0,OP3,FGSM,0.8,BIM,0.5,1.9672131147540983,1.0,0,12
engr0,OP3,FGSM,0.8,BIM,0.6,1.9672131147540983,1.0,0,12
engr0,OP3,FGSM,0.8,BIM,0.7,1.9672131147540983,1.0,0,12
engr0,OP3,FGSM,0.8,BIM,0.8,1.9672131147540983,1.0,0,12
engr0,OP3,FGSM,0.8,BIM,0.9,1.9672131147540983,1.0,0,12
engr0,OP3,FGSM,0.8,BIM,1.0,1.9672131147540983,1.0,0,12
engr0,S7,FGSM,0.8,BIM,0.1,2.0655737704918034,2.0,0,6
engr0,S7,FGSM,0.8,BIM,0.2,2.8688524590163933,2.0,0,20
engr0,S7,FGSM,0.8,BIM,0.3,2.5737704918032787,2.0,0,20
engr0,S7,FGSM,0.8,BIM,0.4,2.540983606557377,2.0,0,20
engr0,S7,FGSM,0.8,BIM,0.5,2.540983606557377,2.0,0,20
engr0,S7,FGSM,0.8,BIM,0.6,2.540983606557377,2.0,0,20
engr0,S7,FGSM,0.8,BIM,0.7,2.540983606557377,2.0,0,20
engr0,S7,FGSM,0.8,BIM,0.8,2.540983606557377,2.0,0,20
engr0,S7,FGSM,0.8,BIM,0.9,2.540983606557377,2.0,0,20
engr0,S7,FGSM,0.8,BIM,1.0,2.540983606557377,2.0,0,20
engr0,BLU,FGSM,0.9,BIM,0.1,2.5901639344262297,2.0,0,10
engr0,BLU,FGSM,0.9,BIM,0.2,3.1311475409836067,2.0,0,21
engr0,BLU,FGSM,0.9,BIM,0.3,3.1639344262295084,2.0,0,21
engr0,BLU,FGSM,0.9,BIM,0.4,3.1639344262295084,2.0,0,21
engr0,BLU,FGSM,0.9,BIM,0.5,3.1639344262295084,2.0,0,21
engr0,BLU,FGSM,0.9,BIM,0.6,3.1639344262295084,2.0,0,21
engr0,BLU,FGSM,0.9,BIM,0.7,3.1639344262295084,2.0,0,21
engr0,BLU,FGSM,0.9,BIM,0.8,3.1639344262295084,2.0,0,21
engr0,BLU,FGSM,0.9,BIM,0.9,3.1639344262295084,2.0,0,21
engr0,BLU,FGSM,0.9,BIM,1.0,3.1639344262295084,2.0,0,21
engr0,HTC,FGSM,0.9,BIM,0.1,2.80327868852459,2.0,0,16
engr0,HTC,FGSM,0.9,BIM,0.2,3.1639344262295084,3.0,0,16
engr0,HTC,FGSM,0.9,BIM,0.3,3.098360655737705,3.0,0,16
engr0,HTC,FGSM,0.9,BIM,0.4,3.081967213114754,3.0,0,16
engr0,HTC,FGSM,0.9,BIM,0.5,3.081967213114754,3.0,0,16
engr0,HTC,FGSM,0.9,BIM,0.6,3.081967213114754,3.0,0,16
engr0,HTC,FGSM,0.9,BIM,0.7,3.081967213114754,3.0,0,16
engr0,HTC,FGSM,0.9,BIM,0.8,3.081967213114754,3.0,0,16
engr0,HTC,FGSM,0.9,BIM,0.9,3.081967213114754,3.0,0,16
engr0,HTC,FGSM,0.9,BIM,1.0,3.081967213114754,3.0,0,16
engr0,LG,FGSM,0.9,BIM,0.1,3.2131147540983607,3.0,0,12
engr0,LG,FGSM,0.9,BIM,0.2,3.3442622950819674,3.0,0,12
engr0,LG,FGSM,0.9,BIM,0.3,3.2950819672131146,3.0,0,15
engr0,LG,FGSM,0.9,BIM,0.4,3.2950819672131146,3.0,0,15
engr0,LG,FGSM,0.9,BIM,0.5,3.2950819672131146,3.0,0,15
engr0,LG,FGSM,0.9,BIM,0.6,3.2950819672131146,3.0,0,15
engr0,LG,FGSM,0.9,BIM,0.7,3.2950819672131146,3.0,0,15
engr0,LG,FGSM,0.9,BIM,0.8,3.2950819672131146,3.0,0,15
engr0,LG,FGSM,0.9,BIM,0.9,3.2950819672131146,3.0,0,15
engr0,LG,FGSM,0.9,BIM,1.0,3.2950819672131146,3.0,0,15
engr0,MOTO,FGSM,0.9,BIM,0.1,6.147540983606557,4.0,0,47
engr0,MOTO,FGSM,0.9,BIM,0.2,13.508196721311476,11.0,0,44
engr0,MOTO,FGSM,0.9,BIM,0.3,16.131147540983605,16.0,0,39
engr0,MOTO,FGSM,0.9,BIM,0.4,17.59016393442623,17.0,1,53
engr0,MOTO,FGSM,0.9,BIM,0.5,17.59016393442623,17.0,1,53
engr0,MOTO,FGSM,0.9,BIM,0.6,17.59016393442623,17.0,1,53
engr0,MOTO,FGSM,0.9,BIM,0.7,17.59016393442623,17.0,1,53
engr0,MOTO,FGSM,0.9,BIM,0.8,17.59016393442623,17.0,1,53
engr0,MOTO,FGSM,0.9,BIM,0.9,17.59016393442623,17.0,1,53
engr0,MOTO,FGSM,0.9,BIM,1.0,17.59016393442623,17.0,1,53
engr0,OP3,FGSM,0.9,BIM,0.1,1.540983606557377,0.0,0,12
engr0,OP3,FGSM,0.9,BIM,0.2,1.8032786885245902,0.0,0,12
engr0,OP3,FGSM,0.9,BIM,0.3,1.9672131147540983,1.0,0,12
engr0,OP3,FGSM,0.9,BIM,0.4,1.9672131147540983,1.0,0,12
engr0,OP3,FGSM,0.9,BIM,0.5,1.9672131147540983,1.0,0,12
engr0,OP3,FGSM,0.9,BIM,0.6,1.9672131147540983,1.0,0,12
engr0,OP3,FGSM,0.9,BIM,0.7,1.9672131147540983,1.0,0,12
engr0,OP3,FGSM,0.9,BIM,0.8,1.9672131147540983,1.0,0,12
engr0,OP3,FGSM,0.9,BIM,0.9,1.9672131147540983,1.0,0,12
engr0,OP3,FGSM,0.9,BIM,1.0,1.9672131147540983,1.0,0,12
engr0,S7,FGSM,0.9,BIM,0.1,2.0655737704918034,2.0,0,6
engr0,S7,FGSM,0.9,BIM,0.2,2.8688524590163933,2.0,0,20
engr0,S7,FGSM,0.9,BIM,0.3,2.5737704918032787,2.0,0,20
engr0,S7,FGSM,0.9,BIM,0.4,2.540983606557377,2.0,0,20
engr0,S7,FGSM,0.9,BIM,0.5,2.540983606557377,2.0,0,20
engr0,S7,FGSM,0.9,BIM,0.6,2.540983606557377,2.0,0,20
engr0,S7,FGSM,0.9,BIM,0.7,2.540983606557377,2.0,0,20
engr0,S7,FGSM,0.9,BIM,0.8,2.540983606557377,2.0,0,20
engr0,S7,FGSM,0.9,BIM,0.9,2.540983606557377,2.0,0,20
engr0,S7,FGSM,0.9,BIM,1.0,2.540983606557377,2.0,0,20
engr0,BLU,FGSM,1.0,BIM,0.1,2.5901639344262297,2.0,0,10
engr0,BLU,FGSM,1.0,BIM,0.2,3.1311475409836067,2.0,0,21
engr0,BLU,FGSM,1.0,BIM,0.3,3.1639344262295084,2.0,0,21
engr0,BLU,FGSM,1.0,BIM,0.4,3.1639344262295084,2.0,0,21
engr0,BLU,FGSM,1.0,BIM,0.5,3.1639344262295084,2.0,0,21
engr0,BLU,FGSM,1.0,BIM,0.6,3.1639344262295084,2.0,0,21
engr0,BLU,FGSM,1.0,BIM,0.7,3.1639344262295084,2.0,0,21
engr0,BLU,FGSM,1.0,BIM,0.8,3.1639344262295084,2.0,0,21
engr0,BLU,FGSM,1.0,BIM,0.9,3.1639344262295084,2.0,0,21
engr0,BLU,FGSM,1.0,BIM,1.0,3.1639344262295084,2.0,0,21
engr0,HTC,FGSM,1.0,BIM,0.1,2.80327868852459,2.0,0,16
engr0,HTC,FGSM,1.0,BIM,0.2,3.1639344262295084,3.0,0,16
engr0,HTC,FGSM,1.0,BIM,0.3,3.098360655737705,3.0,0,16
engr0,HTC,FGSM,1.0,BIM,0.4,3.081967213114754,3.0,0,16
engr0,HTC,FGSM,1.0,BIM,0.5,3.081967213114754,3.0,0,16
engr0,HTC,FGSM,1.0,BIM,0.6,3.081967213114754,3.0,0,16
engr0,HTC,FGSM,1.0,BIM,0.7,3.081967213114754,3.0,0,16
engr0,HTC,FGSM,1.0,BIM,0.8,3.081967213114754,3.0,0,16
engr0,HTC,FGSM,1.0,BIM,0.9,3.081967213114754,3.0,0,16
engr0,HTC,FGSM,1.0,BIM,1.0,3.081967213114754,3.0,0,16
engr0,LG,FGSM,1.0,BIM,0.1,3.2131147540983607,3.0,0,12
engr0,LG,FGSM,1.0,BIM,0.2,3.3442622950819674,3.0,0,12
engr0,LG,FGSM,1.0,BIM,0.3,3.2950819672131146,3.0,0,15
engr0,LG,FGSM,1.0,BIM,0.4,3.2950819672131146,3.0,0,15
engr0,LG,FGSM,1.0,BIM,0.5,3.2950819672131146,3.0,0,15
engr0,LG,FGSM,1.0,BIM,0.6,3.2950819672131146,3.0,0,15
engr0,LG,FGSM,1.0,BIM,0.7,3.2950819672131146,3.0,0,15
engr0,LG,FGSM,1.0,BIM,0.8,3.2950819672131146,3.0,0,15
engr0,LG,FGSM,1.0,BIM,0.9,3.2950819672131146,3.0,0,15
engr0,LG,FGSM,1.0,BIM,1.0,3.2950819672131146,3.0,0,15
engr0,MOTO,FGSM,1.0,BIM,0.1,6.147540983606557,4.0,0,47
engr0,MOTO,FGSM,1.0,BIM,0.2,13.508196721311476,11.0,0,44
engr0,MOTO,FGSM,1.0,BIM,0.3,16.131147540983605,16.0,0,39
engr0,MOTO,FGSM,1.0,BIM,0.4,17.59016393442623,17.0,1,53
engr0,MOTO,FGSM,1.0,BIM,0.5,17.59016393442623,17.0,1,53
engr0,MOTO,FGSM,1.0,BIM,0.6,17.59016393442623,17.0,1,53
engr0,MOTO,FGSM,1.0,BIM,0.7,17.59016393442623,17.0,1,53
engr0,MOTO,FGSM,1.0,BIM,0.8,17.59016393442623,17.0,1,53
engr0,MOTO,FGSM,1.0,BIM,0.9,17.59016393442623,17.0,1,53
engr0,MOTO,FGSM,1.0,BIM,1.0,17.59016393442623,17.0,1,53
engr0,OP3,FGSM,1.0,BIM,0.1,1.540983606557377,0.0,0,12
engr0,OP3,FGSM,1.0,BIM,0.2,1.8032786885245902,0.0,0,12
engr0,OP3,FGSM,1.0,BIM,0.3,1.9672131147540983,1.0,0,12
engr0,OP3,FGSM,1.0,BIM,0.4,1.9672131147540983,1.0,0,12
engr0,OP3,FGSM,1.0,BIM,0.5,1.9672131147540983,1.0,0,12
engr0,OP3,FGSM,1.0,BIM,0.6,1.9672131147540983,1.0,0,12
engr0,OP3,FGSM,1.0,BIM,0.7,1.9672131147540983,1.0,0,12
engr0,OP3,FGSM,1.0,BIM,0.8,1.9672131147540983,1.0,0,12
engr0,OP3,FGSM,1.0,BIM,0.9,1.9672131147540983,1.0,0,12
engr0,OP3,FGSM,1.0,BIM,1.0,1.9672131147540983,1.0,0,12
engr0,S7,FGSM,1.0,BIM,0.1,2.0655737704918034,2.0,0,6
engr0,S7,FGSM,1.0,BIM,0.2,2.8688524590163933,2.0,0,20
engr0,S7,FGSM,1.0,BIM,0.3,2.5737704918032787,2.0,0,20
engr0,S7,FGSM,1.0,BIM,0.4,2.540983606557377,2.0,0,20
engr0,S7,FGSM,1.0,BIM,0.5,2.540983606557377,2.0,0,20
engr0,S7,FGSM,1.0,BIM,0.6,2.540983606557377,2.0,0,20
engr0,S7,FGSM,1.0,BIM,0.7,2.540983606557377,2.0,0,20
engr0,S7,FGSM,1.0,BIM,0.8,2.540983606557377,2.0,0,20
engr0,S7,FGSM,1.0,BIM,0.9,2.540983606557377,2.0,0,20
engr0,S7,FGSM,1.0,BIM,1.0,2.540983606557377,2.0,0,20
engr0,BLU,PGD,0.1,BIM,0.1,2.180327868852459,2.0,0,10
engr0,BLU,PGD,0.1,BIM,0.2,2.622950819672131,2.0,0,10
engr0,BLU,PGD,0.1,BIM,0.3,2.639344262295082,2.0,0,10
engr0,BLU,PGD,0.1,BIM,0.4,2.639344262295082,2.0,0,10
engr0,BLU,PGD,0.1,BIM,0.5,2.639344262295082,2.0,0,10
engr0,BLU,PGD,0.1,BIM,0.6,2.639344262295082,2.0,0,10
engr0,BLU,PGD,0.1,BIM,0.7,2.639344262295082,2.0,0,10
engr0,BLU,PGD,0.1,BIM,0.8,2.639344262295082,2.0,0,10
engr0,BLU,PGD,0.1,BIM,0.9,2.639344262295082,2.0,0,10
engr0,BLU,PGD,0.1,BIM,1.0,2.639344262295082,2.0,0,10
engr0,HTC,PGD,0.1,BIM,0.1,3.3934426229508197,2.0,0,21
engr0,HTC,PGD,0.1,BIM,0.2,3.2295081967213113,2.0,0,22
engr0,HTC,PGD,0.1,BIM,0.3,3.262295081967213,2.0,0,22
engr0,HTC,PGD,0.1,BIM,0.4,3.639344262295082,2.0,0,22
engr0,HTC,PGD,0.1,BIM,0.5,3.639344262295082,2.0,0,22
engr0,HTC,PGD,0.1,BIM,0.6,3.639344262295082,2.0,0,22
engr0,HTC,PGD,0.1,BIM,0.7,3.639344262295082,2.0,0,22
engr0,HTC,PGD,0.1,BIM,0.8,3.639344262295082,2.0,0,22
engr0,HTC,PGD,0.1,BIM,0.9,3.639344262295082,2.0,0,22
engr0,HTC,PGD,0.1,BIM,1.0,3.639344262295082,2.0,0,22
engr0,LG,PGD,0.1,BIM,0.1,4.754098360655738,3.0,0,27
engr0,LG,PGD,0.1,BIM,0.2,4.672131147540983,3.0,0,27
engr0,LG,PGD,0.1,BIM,0.3,5.163934426229508,3.0,0,27
engr0,LG,PGD,0.1,BIM,0.4,4.737704918032787,2.0,0,27
engr0,LG,PGD,0.1,BIM,0.5,4.737704918032787,2.0,0,27
engr0,LG,PGD,0.1,BIM,0.6,4.737704918032787,2.0,0,27
engr0,LG,PGD,0.1,BIM,0.7,4.737704918032787,2.0,0,27
engr0,LG,PGD,0.1,BIM,0.8,4.737704918032787,2.0,0,27
engr0,LG,PGD,0.1,BIM,0.9,4.737704918032787,2.0,0,27
engr0,LG,PGD,0.1,BIM,1.0,4.737704918032787,2.0,0,27
engr0,MOTO,PGD,0.1,BIM,0.1,6.540983606557377,5.0,0,43
engr0,MOTO,PGD,0.1,BIM,0.2,16.459016393442624,11.0,0,51
engr0,MOTO,PGD,0.1,BIM,0.3,21.278688524590162,19.0,0,53
engr0,MOTO,PGD,0.1,BIM,0.4,17.442622950819672,15.0,0,45
engr0,MOTO,PGD,0.1,BIM,0.5,17.442622950819672,15.0,0,45
engr0,MOTO,PGD,0.1,BIM,0.6,17.442622950819672,15.0,0,45
engr0,MOTO,PGD,0.1,BIM,0.7,17.442622950819672,15.0,0,45
engr0,MOTO,PGD,0.1,BIM,0.8,17.442622950819672,15.0,0,45
engr0,MOTO,PGD,0.1,BIM,0.9,17.442622950819672,15.0,0,45
engr0,MOTO,PGD,0.1,BIM,1.0,17.442622950819672,15.0,0,45
engr0,OP3,PGD,0.1,BIM,0.1,0.32786885245901637,0.0,0,4
engr0,OP3,PGD,0.1,BIM,0.2,0.3442622950819672,0.0,0,4
engr0,OP3,PGD,0.1,BIM,0.3,0.4918032786885246,0.0,0,5
engr0,OP3,PGD,0.1,BIM,0.4,0.4918032786885246,0.0,0,5
engr0,OP3,PGD,0.1,BIM,0.5,0.4918032786885246,0.0,0,5
engr0,OP3,PGD,0.1,BIM,0.6,0.4918032786885246,0.0,0,5
engr0,OP3,PGD,0.1,BIM,0.7,0.4918032786885246,0.0,0,5
engr0,OP3,PGD,0.1,BIM,0.8,0.4918032786885246,0.0,0,5
engr0,OP3,PGD,0.1,BIM,0.9,0.4918032786885246,0.0,0,5
engr0,OP3,PGD,0.1,BIM,1.0,0.4918032786885246,0.0,0,5
engr0,S7,PGD,0.1,BIM,0.1,2.2950819672131146,2.0,0,15
engr0,S7,PGD,0.1,BIM,0.2,2.9836065573770494,2.0,0,18
engr0,S7,PGD,0.1,BIM,0.3,2.9836065573770494,2.0,0,18
engr0,S7,PGD,0.1,BIM,0.4,3.0163934426229506,2.0,0,18
engr0,S7,PGD,0.1,BIM,0.5,3.0163934426229506,2.0,0,18
engr0,S7,PGD,0.1,BIM,0.6,3.0163934426229506,2.0,0,18
engr0,S7,PGD,0.1,BIM,0.7,3.0163934426229506,2.0,0,18
engr0,S7,PGD,0.1,BIM,0.8,3.0163934426229506,2.0,0,18
engr0,S7,PGD,0.1,BIM,0.9,3.0163934426229506,2.0,0,18
engr0,S7,PGD,0.1,BIM,1.0,3.0163934426229506,2.0,0,18
engr0,BLU,PGD,0.2,BIM,0.1,2.4262295081967213,2.0,0,15
engr0,BLU,PGD,0.2,BIM,0.2,2.9672131147540983,2.0,0,16
engr0,BLU,PGD,0.2,BIM,0.3,2.8524590163934427,2.0,0,16
engr0,BLU,PGD,0.2,BIM,0.4,2.8524590163934427,2.0,0,16
engr0,BLU,PGD,0.2,BIM,0.5,2.8524590163934427,2.0,0,16
engr0,BLU,PGD,0.2,BIM,0.6,2.8524590163934427,2.0,0,16
engr0,BLU,PGD,0.2,BIM,0.7,2.8524590163934427,2.0,0,16
engr0,BLU,PGD,0.2,BIM,0.8,2.8524590163934427,2.0,0,16
engr0,BLU,PGD,0.2,BIM,0.9,2.8524590163934427,2.0,0,16
engr0,BLU,PGD,0.2,BIM,1.0,2.8524590163934427,2.0,0,16
engr0,HTC,PGD,0.2,BIM,0.1,3.0491803278688523,2.0,0,17
engr0,HTC,PGD,0.2,BIM,0.2,2.9836065573770494,2.0,0,17
engr0,HTC,PGD,0.2,BIM,0.3,2.9508196721311477,2.0,0,17
engr0,HTC,PGD,0.2,BIM,0.4,2.8852459016393444,2.0,0,17
engr0,HTC,PGD,0.2,BIM,0.5,2.8852459016393444,2.0,0,17
engr0,HTC,PGD,0.2,BIM,0.6,2.8852459016393444,2.0,0,17
engr0,HTC,PGD,0.2,BIM,0.7,2.8852459016393444,2.0,0,17
engr0,HTC,PGD,0.2,BIM,0.8,2.8852459016393444,2.0,0,17
engr0,HTC,PGD,0.2,BIM,0.9,2.8852459016393444,2.0,0,17
engr0,HTC,PGD,0.2,BIM,1.0,2.8852459016393444,2.0,0,17
engr0,LG,PGD,0.2,BIM,0.1,4.262295081967213,3.0,0,22
engr0,LG,PGD,0.2,BIM,0.2,4.721311475409836,4.0,0,22
engr0,LG,PGD,0.2,BIM,0.3,4.409836065573771,3.0,0,22
engr0,LG,PGD,0.2,BIM,0.4,4.622950819672131,3.0,0,22
engr0,LG,PGD,0.2,BIM,0.5,4.622950819672131,3.0,0,22
engr0,LG,PGD,0.2,BIM,0.6,4.622950819672131,3.0,0,22
engr0,LG,PGD,0.2,BIM,0.7,4.622950819672131,3.0,0,22
engr0,LG,PGD,0.2,BIM,0.8,4.622950819672131,3.0,0,22
engr0,LG,PGD,0.2,BIM,0.9,4.622950819672131,3.0,0,22
engr0,LG,PGD,0.2,BIM,1.0,4.622950819672131,3.0,0,22
engr0,MOTO,PGD,0.2,BIM,0.1,7.311475409836065,5.0,0,43
engr0,MOTO,PGD,0.2,BIM,0.2,16.311475409836067,12.0,0,53
engr0,MOTO,PGD,0.2,BIM,0.3,20.540983606557376,19.0,1,52
engr0,MOTO,PGD,0.2,BIM,0.4,17.9672131147541,15.0,0,41
engr0,MOTO,PGD,0.2,BIM,0.5,17.9672131147541,15.0,0,41
engr0,MOTO,PGD,0.2,BIM,0.6,17.9672131147541,15.0,0,41
engr0,MOTO,PGD,0.2,BIM,0.7,17.9672131147541,15.0,0,41
engr0,MOTO,PGD,0.2,BIM,0.8,17.9672131147541,15.0,0,41
engr0,MOTO,PGD,0.2,BIM,0.9,17.9672131147541,15.0,0,41
engr0,MOTO,PGD,0.2,BIM,1.0,17.9672131147541,15.0,0,41
engr0,OP3,PGD,0.2,BIM,0.1,0.39344262295081966,0.0,0,5
engr0,OP3,PGD,0.2,BIM,0.2,0.4426229508196721,0.0,0,5
engr0,OP3,PGD,0.2,BIM,0.3,0.4262295081967213,0.0,0,5
engr0,OP3,PGD,0.2,BIM,0.4,0.4426229508196721,0.0,0,5
engr0,OP3,PGD,0.2,BIM,0.5,0.4426229508196721,0.0,0,5
engr0,OP3,PGD,0.2,BIM,0.6,0.4426229508196721,0.0,0,5
engr0,OP3,PGD,0.2,BIM,0.7,0.4426229508196721,0.0,0,5
engr0,OP3,PGD,0.2,BIM,0.8,0.4426229508196721,0.0,0,5
engr0,OP3,PGD,0.2,BIM,0.9,0.4426229508196721,0.0,0,5
engr0,OP3,PGD,0.2,BIM,1.0,0.4426229508196721,0.0,0,5
engr0,S7,PGD,0.2,BIM,0.1,2.5081967213114753,2.0,0,14
engr0,S7,PGD,0.2,BIM,0.2,3.081967213114754,2.0,0,20
engr0,S7,PGD,0.2,BIM,0.3,2.7868852459016393,2.0,0,21
engr0,S7,PGD,0.2,BIM,0.4,2.7868852459016393,2.0,0,21
engr0,S7,PGD,0.2,BIM,0.5,2.7868852459016393,2.0,0,21
engr0,S7,PGD,0.2,BIM,0.6,2.7868852459016393,2.0,0,21
engr0,S7,PGD,0.2,BIM,0.7,2.7868852459016393,2.0,0,21
engr0,S7,PGD,0.2,BIM,0.8,2.7868852459016393,2.0,0,21
engr0,S7,PGD,0.2,BIM,0.9,2.7868852459016393,2.0,0,21
engr0,S7,PGD,0.2,BIM,1.0,2.7868852459016393,2.0,0,21
engr0,BLU,PGD,0.3,BIM,0.1,2.639344262295082,2.0,0,15
engr0,BLU,PGD,0.3,BIM,0.2,2.8524590163934427,2.0,0,14
engr0,BLU,PGD,0.3,BIM,0.3,2.7704918032786887,2.0,0,14
engr0,BLU,PGD,0.3,BIM,0.4,2.7704918032786887,2.0,0,14
engr0,BLU,PGD,0.3,BIM,0.5,2.7704918032786887,2.0,0,14
engr0,BLU,PGD,0.3,BIM,0.6,2.7704918032786887,2.0,0,14
engr0,BLU,PGD,0.3,BIM,0.7,2.7704918032786887,2.0,0,14
engr0,BLU,PGD,0.3,BIM,0.8,2.7704918032786887,2.0,0,14
engr0,BLU,PGD,0.3,BIM,0.9,2.7704918032786887,2.0,0,14
engr0,BLU,PGD,0.3,BIM,1.0,2.7704918032786887,2.0,0,14
engr0,HTC,PGD,0.3,BIM,0.1,3.4262295081967213,2.0,0,21
engr0,HTC,PGD,0.3,BIM,0.2,3.8688524590163933,2.0,0,22
engr0,HTC,PGD,0.3,BIM,0.3,3.9344262295081966,2.0,0,22
engr0,HTC,PGD,0.3,BIM,0.4,3.819672131147541,2.0,0,22
engr0,HTC,PGD,0.3,BIM,0.5,3.819672131147541,2.0,0,22
engr0,HTC,PGD,0.3,BIM,0.6,3.819672131147541,2.0,0,22
engr0,HTC,PGD,0.3,BIM,0.7,3.819672131147541,2.0,0,22
engr0,HTC,PGD,0.3,BIM,0.8,3.819672131147541,2.0,0,22
engr0,HTC,PGD,0.3,BIM,0.9,3.819672131147541,2.0,0,22
engr0,HTC,PGD,0.3,BIM,1.0,3.819672131147541,2.0,0,22
engr0,LG,PGD,0.3,BIM,0.1,5.754098360655738,3.0,0,27
engr0,LG,PGD,0.3,BIM,0.2,5.016393442622951,3.0,0,27
engr0,LG,PGD,0.3,BIM,0.3,5.426229508196721,3.0,0,27
engr0,LG,PGD,0.3,BIM,0.4,5.131147540983607,3.0,0,27
engr0,LG,PGD,0.3,BIM,0.5,5.131147540983607,3.0,0,27
engr0,LG,PGD,0.3,BIM,0.6,5.131147540983607,3.0,0,27
engr0,LG,PGD,0.3,BIM,0.7,5.131147540983607,3.0,0,27
engr0,LG,PGD,0.3,BIM,0.8,5.131147540983607,3.0,0,27
engr0,LG,PGD,0.3,BIM,0.9,5.131147540983607,3.0,0,27
engr0,LG,PGD,0.3,BIM,1.0,5.131147540983607,3.0,0,27
engr0,MOTO,PGD,0.3,BIM,0.1,6.459016393442623,4.0,0,45
engr0,MOTO,PGD,0.3,BIM,0.2,18.065573770491802,12.0,0,54
engr0,MOTO,PGD,0.3,BIM,0.3,23.0327868852459,20.0,0,51
engr0,MOTO,PGD,0.3,BIM,0.4,21.80327868852459,20.0,0,50
engr0,MOTO,PGD,0.3,BIM,0.5,21.80327868852459,20.0,0,50
engr0,MOTO,PGD,0.3,BIM,0.6,21.80327868852459,20.0,0,50
engr0,MOTO,PGD,0.3,BIM,0.7,21.80327868852459,20.0,0,50
engr0,MOTO,PGD,0.3,BIM,0.8,21.80327868852459,20.0,0,50
engr0,MOTO,PGD,0.3,BIM,0.9,21.80327868852459,20.0,0,50
engr0,MOTO,PGD,0.3,BIM,1.0,21.80327868852459,20.0,0,50
engr0,OP3,PGD,0.3,BIM,0.1,0.4426229508196721,0.0,0,7
engr0,OP3,PGD,0.3,BIM,0.2,0.32786885245901637,0.0,0,5
engr0,OP3,PGD,0.3,BIM,0.3,0.32786885245901637,0.0,0,5
engr0,OP3,PGD,0.3,BIM,0.4,0.4098360655737705,0.0,0,7
engr0,OP3,PGD,0.3,BIM,0.5,0.4098360655737705,0.0,0,7
engr0,OP3,PGD,0.3,BIM,0.6,0.4098360655737705,0.0,0,7
engr0,OP3,PGD,0.3,BIM,0.7,0.4098360655737705,0.0,0,7
engr0,OP3,PGD,0.3,BIM,0.8,0.4098360655737705,0.0,0,7
engr0,OP3,PGD,0.3,BIM,0.9,0.4098360655737705,0.0,0,7
engr0,OP3,PGD,0.3,BIM,1.0,0.4098360655737705,0.0,0,7
engr0,S7,PGD,0.3,BIM,0.1,2.4262295081967213,2.0,0,20
engr0,S7,PGD,0.3,BIM,0.2,2.360655737704918,2.0,0,14
engr0,S7,PGD,0.3,BIM,0.3,2.4098360655737703,2.0,0,17
engr0,S7,PGD,0.3,BIM,0.4,2.3934426229508197,2.0,0,17
engr0,S7,PGD,0.3,BIM,0.5,2.3934426229508197,2.0,0,17
engr0,S7,PGD,0.3,BIM,0.6,2.3934426229508197,2.0,0,17
engr0,S7,PGD,0.3,BIM,0.7,2.3934426229508197,2.0,0,17
engr0,S7,PGD,0.3,BIM,0.8,2.3934426229508197,2.0,0,17
engr0,S7,PGD,0.3,BIM,0.9,2.3934426229508197,2.0,0,17
engr0,S7,PGD,0.3,BIM,1.0,2.3934426229508197,2.0,0,17
engr0,BLU,PGD,0.4,BIM,0.1,2.5737704918032787,2.0,0,15
engr0,BLU,PGD,0.4,BIM,0.2,2.622950819672131,2.0,0,10
engr0,BLU,PGD,0.4,BIM,0.3,2.4918032786885247,2.0,0,10
engr0,BLU,PGD,0.4,BIM,0.4,2.5081967213114753,2.0,0,10
engr0,BLU,PGD,0.4,BIM,0.5,2.5081967213114753,2.0,0,10
engr0,BLU,PGD,0.4,BIM,0.6,2.5081967213114753,2.0,0,10
engr0,BLU,PGD,0.4,BIM,0.7,2.5081967213114753,2.0,0,10
engr0,BLU,PGD,0.4,BIM,0.8,2.5081967213114753,2.0,0,10
engr0,BLU,PGD,0.4,BIM,0.9,2.5081967213114753,2.0,0,10
engr0,BLU,PGD,0.4,BIM,1.0,2.5081967213114753,2.0,0,10
engr0,HTC,PGD,0.4,BIM,0.1,3.0163934426229506,2.0,0,13
engr0,HTC,PGD,0.4,BIM,0.2,3.442622950819672,2.0,0,22
engr0,HTC,PGD,0.4,BIM,0.3,3.3114754098360657,2.0,0,22
engr0,HTC,PGD,0.4,BIM,0.4,3.2459016393442623,2.0,0,22
engr0,HTC,PGD,0.4,BIM,0.5,3.2459016393442623,2.0,0,22
engr0,HTC,PGD,0.4,BIM,0.6,3.2459016393442623,2.0,0,22
engr0,HTC,PGD,0.4,BIM,0.7,3.2459016393442623,2.0,0,22
engr0,HTC,PGD,0.4,BIM,0.8,3.2459016393442623,2.0,0,22
engr0,HTC,PGD,0.4,BIM,0.9,3.2459016393442623,2.0,0,22
engr0,HTC,PGD,0.4,BIM,1.0,3.2459016393442623,2.0,0,22
engr0,LG,PGD,0.4,BIM,0.1,4.278688524590164,3.0,0,27
engr0,LG,PGD,0.4,BIM,0.2,4.245901639344262,2.0,0,27
engr0,LG,PGD,0.4,BIM,0.3,4.377049180327869,2.0,0,27
engr0,LG,PGD,0.4,BIM,0.4,4.442622950819672,2.0,0,27
engr0,LG,PGD,0.4,BIM,0.5,4.442622950819672,2.0,0,27
engr0,LG,PGD,0.4,BIM,0.6,4.442622950819672,2.0,0,27
engr0,LG,PGD,0.4,BIM,0.7,4.442622950819672,2.0,0,27
engr0,LG,PGD,0.4,BIM,0.8,4.442622950819672,2.0,0,27
engr0,LG,PGD,0.4,BIM,0.9,4.442622950819672,2.0,0,27
engr0,LG,PGD,0.4,BIM,1.0,4.442622950819672,2.0,0,27
engr0,MOTO,PGD,0.4,BIM,0.1,7.80327868852459,6.0,0,45
engr0,MOTO,PGD,0.4,BIM,0.2,20.704918032786885,14.0,0,55
engr0,MOTO,PGD,0.4,BIM,0.3,22.360655737704917,22.0,0,53
engr0,MOTO,PGD,0.4,BIM,0.4,24.262295081967213,24.0,0,54
engr0,MOTO,PGD,0.4,BIM,0.5,24.262295081967213,24.0,0,54
engr0,MOTO,PGD,0.4,BIM,0.6,24.262295081967213,24.0,0,54
engr0,MOTO,PGD,0.4,BIM,0.7,24.262295081967213,24.0,0,54
engr0,MOTO,PGD,0.4,BIM,0.8,24.262295081967213,24.0,0,54
engr0,MOTO,PGD,0.4,BIM,0.9,24.262295081967213,24.0,0,54
engr0,MOTO,PGD,0.4,BIM,1.0,24.262295081967213,24.0,0,54
engr0,OP3,PGD,0.4,BIM,0.1,0.4098360655737705,0.0,0,7
engr0,OP3,PGD,0.4,BIM,0.2,0.32786885245901637,0.0,0,5
engr0,OP3,PGD,0.4,BIM,0.3,0.32786885245901637,0.0,0,5
engr0,OP3,PGD,0.4,BIM,0.4,0.3442622950819672,0.0,0,5
engr0,OP3,PGD,0.4,BIM,0.5,0.3442622950819672,0.0,0,5
engr0,OP3,PGD,0.4,BIM,0.6,0.3442622950819672,0.0,0,5
engr0,OP3,PGD,0.4,BIM,0.7,0.3442622950819672,0.0,0,5
engr0,OP3,PGD,0.4,BIM,0.8,0.3442622950819672,0.0,0,5
engr0,OP3,PGD,0.4,BIM,0.9,0.3442622950819672,0.0,0,5
engr0,OP3,PGD,0.4,BIM,1.0,0.3442622950819672,0.0,0,5
engr0,S7,PGD,0.4,BIM,0.1,2.3934426229508197,2.0,0,14
engr0,S7,PGD,0.4,BIM,0.2,2.4098360655737703,2.0,0,14
engr0,S7,PGD,0.4,BIM,0.3,2.5737704918032787,2.0,0,20
engr0,S7,PGD,0.4,BIM,0.4,2.622950819672131,2.0,0,20
engr0,S7,PGD,0.4,BIM,0.5,2.622950819672131,2.0,0,20
engr0,S7,PGD,0.4,BIM,0.6,2.622950819672131,2.0,0,20
engr0,S7,PGD,0.4,BIM,0.7,2.622950819672131,2.0,0,20
engr0,S7,PGD,0.4,BIM,0.8,2.622950819672131,2.0,0,20
engr0,S7,PGD,0.4,BIM,0.9,2.622950819672131,2.0,0,20
engr0,S7,PGD,0.4,BIM,1.0,2.622950819672131,2.0,0,20
engr0,BLU,PGD,0.5,BIM,0.1,2.5737704918032787,2.0,0,15
engr0,BLU,PGD,0.5,BIM,0.2,2.622950819672131,2.0,0,10
engr0,BLU,PGD,0.5,BIM,0.3,2.4918032786885247,2.0,0,10
engr0,BLU,PGD,0.5,BIM,0.4,2.5081967213114753,2.0,0,10
engr0,BLU,PGD,0.5,BIM,0.5,2.5081967213114753,2.0,0,10
engr0,BLU,PGD,0.5,BIM,0.6,2.5081967213114753,2.0,0,10
engr0,BLU,PGD,0.5,BIM,0.7,2.5081967213114753,2.0,0,10
engr0,BLU,PGD,0.5,BIM,0.8,2.5081967213114753,2.0,0,10
engr0,BLU,PGD,0.5,BIM,0.9,2.5081967213114753,2.0,0,10
engr0,BLU,PGD,0.5,BIM,1.0,2.5081967213114753,2.0,0,10
engr0,HTC,PGD,0.5,BIM,0.1,3.0163934426229506,2.0,0,13
engr0,HTC,PGD,0.5,BIM,0.2,3.442622950819672,2.0,0,22
engr0,HTC,PGD,0.5,BIM,0.3,3.3114754098360657,2.0,0,22
engr0,HTC,PGD,0.5,BIM,0.4,3.2459016393442623,2.0,0,22
engr0,HTC,PGD,0.5,BIM,0.5,3.2459016393442623,2.0,0,22
engr0,HTC,PGD,0.5,BIM,0.6,3.2459016393442623,2.0,0,22
engr0,HTC,PGD,0.5,BIM,0.7,3.2459016393442623,2.0,0,22
engr0,HTC,PGD,0.5,BIM,0.8,3.2459016393442623,2.0,0,22
engr0,HTC,PGD,0.5,BIM,0.9,3.2459016393442623,2.0,0,22
engr0,HTC,PGD,0.5,BIM,1.0,3.2459016393442623,2.0,0,22
engr0,LG,PGD,0.5,BIM,0.1,4.278688524590164,3.0,0,27
engr0,LG,PGD,0.5,BIM,0.2,4.245901639344262,2.0,0,27
engr0,LG,PGD,0.5,BIM,0.3,4.377049180327869,2.0,0,27
engr0,LG,PGD,0.5,BIM,0.4,4.442622950819672,2.0,0,27
engr0,LG,PGD,0.5,BIM,0.5,4.442622950819672,2.0,0,27
engr0,LG,PGD,0.5,BIM,0.6,4.442622950819672,2.0,0,27
engr0,LG,PGD,0.5,BIM,0.7,4.442622950819672,2.0,0,27
engr0,LG,PGD,0.5,BIM,0.8,4.442622950819672,2.0,0,27
engr0,LG,PGD,0.5,BIM,0.9,4.442622950819672,2.0,0,27
engr0,LG,PGD,0.5,BIM,1.0,4.442622950819672,2.0,0,27
engr0,MOTO,PGD,0.5,BIM,0.1,7.80327868852459,6.0,0,45
engr0,MOTO,PGD,0.5,BIM,0.2,20.704918032786885,14.0,0,55
engr0,MOTO,PGD,0.5,BIM,0.3,22.360655737704917,22.0,0,53
engr0,MOTO,PGD,0.5,BIM,0.4,24.262295081967213,24.0,0,54
engr0,MOTO,PGD,0.5,BIM,0.5,24.262295081967213,24.0,0,54
engr0,MOTO,PGD,0.5,BIM,0.6,24.262295081967213,24.0,0,54
engr0,MOTO,PGD,0.5,BIM,0.7,24.262295081967213,24.0,0,54
engr0,MOTO,PGD,0.5,BIM,0.8,24.262295081967213,24.0,0,54
engr0,MOTO,PGD,0.5,BIM,0.9,24.262295081967213,24.0,0,54
engr0,MOTO,PGD,0.5,BIM,1.0,24.262295081967213,24.0,0,54
engr0,OP3,PGD,0.5,BIM,0.1,0.4098360655737705,0.0,0,7
engr0,OP3,PGD,0.5,BIM,0.2,0.32786885245901637,0.0,0,5
engr0,OP3,PGD,0.5,BIM,0.3,0.32786885245901637,0.0,0,5
engr0,OP3,PGD,0.5,BIM,0.4,0.3442622950819672,0.0,0,5
engr0,OP3,PGD,0.5,BIM,0.5,0.3442622950819672,0.0,0,5
engr0,OP3,PGD,0.5,BIM,0.6,0.3442622950819672,0.0,0,5
engr0,OP3,PGD,0.5,BIM,0.7,0.3442622950819672,0.0,0,5
engr0,OP3,PGD,0.5,BIM,0.8,0.3442622950819672,0.0,0,5
engr0,OP3,PGD,0.5,BIM,0.9,0.3442622950819672,0.0,0,5
engr0,OP3,PGD,0.5,BIM,1.0,0.3442622950819672,0.0,0,5
engr0,S7,PGD,0.5,BIM,0.1,2.3934426229508197,2.0,0,14
engr0,S7,PGD,0.5,BIM,0.2,2.4098360655737703,2.0,0,14
engr0,S7,PGD,0.5,BIM,0.3,2.5737704918032787,2.0,0,20
engr0,S7,PGD,0.5,BIM,0.4,2.622950819672131,2.0,0,20
engr0,S7,PGD,0.5,BIM,0.5,2.622950819672131,2.0,0,20
engr0,S7,PGD,0.5,BIM,0.6,2.622950819672131,2.0,0,20
engr0,S7,PGD,0.5,BIM,0.7,2.622950819672131,2.0,0,20
engr0,S7,PGD,0.5,BIM,0.8,2.622950819672131,2.0,0,20
engr0,S7,PGD,0.5,BIM,0.9,2.622950819672131,2.0,0,20
engr0,S7,PGD,0.5,BIM,1.0,2.622950819672131,2.0,0,20
engr0,BLU,PGD,0.6,BIM,0.1,2.5737704918032787,2.0,0,15
engr0,BLU,PGD,0.6,BIM,0.2,2.622950819672131,2.0,0,10
engr0,BLU,PGD,0.6,BIM,0.3,2.4918032786885247,2.0,0,10
engr0,BLU,PGD,0.6,BIM,0.4,2.5081967213114753,2.0,0,10
engr0,BLU,PGD,0.6,BIM,0.5,2.5081967213114753,2.0,0,10
engr0,BLU,PGD,0.6,BIM,0.6,2.5081967213114753,2.0,0,10
engr0,BLU,PGD,0.6,BIM,0.7,2.5081967213114753,2.0,0,10
engr0,BLU,PGD,0.6,BIM,0.8,2.5081967213114753,2.0,0,10
engr0,BLU,PGD,0.6,BIM,0.9,2.5081967213114753,2.0,0,10
engr0,BLU,PGD,0.6,BIM,1.0,2.5081967213114753,2.0,0,10
engr0,HTC,PGD,0.6,BIM,0.1,3.0163934426229506,2.0,0,13
engr0,HTC,PGD,0.6,BIM,0.2,3.442622950819672,2.0,0,22
engr0,HTC,PGD,0.6,BIM,0.3,3.3114754098360657,2.0,0,22
engr0,HTC,PGD,0.6,BIM,0.4,3.2459016393442623,2.0,0,22
engr0,HTC,PGD,0.6,BIM,0.5,3.2459016393442623,2.0,0,22
engr0,HTC,PGD,0.6,BIM,0.6,3.2459016393442623,2.0,0,22
engr0,HTC,PGD,0.6,BIM,0.7,3.2459016393442623,2.0,0,22
engr0,HTC,PGD,0.6,BIM,0.8,3.2459016393442623,2.0,0,22
engr0,HTC,PGD,0.6,BIM,0.9,3.2459016393442623,2.0,0,22
engr0,HTC,PGD,0.6,BIM,1.0,3.2459016393442623,2.0,0,22
engr0,LG,PGD,0.6,BIM,0.1,4.278688524590164,3.0,0,27
engr0,LG,PGD,0.6,BIM,0.2,4.245901639344262,2.0,0,27
engr0,LG,PGD,0.6,BIM,0.3,4.377049180327869,2.0,0,27
engr0,LG,PGD,0.6,BIM,0.4,4.442622950819672,2.0,0,27
engr0,LG,PGD,0.6,BIM,0.5,4.442622950819672,2.0,0,27
engr0,LG,PGD,0.6,BIM,0.6,4.442622950819672,2.0,0,27
engr0,LG,PGD,0.6,BIM,0.7,4.442622950819672,2.0,0,27
engr0,LG,PGD,0.6,BIM,0.8,4.442622950819672,2.0,0,27
engr0,LG,PGD,0.6,BIM,0.9,4.442622950819672,2.0,0,27
engr0,LG,PGD,0.6,BIM,1.0,4.442622950819672,2.0,0,27
engr0,MOTO,PGD,0.6,BIM,0.1,7.80327868852459,6.0,0,45
engr0,MOTO,PGD,0.6,BIM,0.2,20.704918032786885,14.0,0,55
engr0,MOTO,PGD,0.6,BIM,0.3,22.360655737704917,22.0,0,53
engr0,MOTO,PGD,0.6,BIM,0.4,24.262295081967213,24.0,0,54
engr0,MOTO,PGD,0.6,BIM,0.5,24.262295081967213,24.0,0,54
engr0,MOTO,PGD,0.6,BIM,0.6,24.262295081967213,24.0,0,54
engr0,MOTO,PGD,0.6,BIM,0.7,24.262295081967213,24.0,0,54
engr0,MOTO,PGD,0.6,BIM,0.8,24.262295081967213,24.0,0,54
engr0,MOTO,PGD,0.6,BIM,0.9,24.262295081967213,24.0,0,54
engr0,MOTO,PGD,0.6,BIM,1.0,24.262295081967213,24.0,0,54
engr0,OP3,PGD,0.6,BIM,0.1,0.4098360655737705,0.0,0,7
engr0,OP3,PGD,0.6,BIM,0.2,0.32786885245901637,0.0,0,5
engr0,OP3,PGD,0.6,BIM,0.3,0.32786885245901637,0.0,0,5
engr0,OP3,PGD,0.6,BIM,0.4,0.3442622950819672,0.0,0,5
engr0,OP3,PGD,0.6,BIM,0.5,0.3442622950819672,0.0,0,5
engr0,OP3,PGD,0.6,BIM,0.6,0.3442622950819672,0.0,0,5
engr0,OP3,PGD,0.6,BIM,0.7,0.3442622950819672,0.0,0,5
engr0,OP3,PGD,0.6,BIM,0.8,0.3442622950819672,0.0,0,5
engr0,OP3,PGD,0.6,BIM,0.9,0.3442622950819672,0.0,0,5
engr0,OP3,PGD,0.6,BIM,1.0,0.3442622950819672,0.0,0,5
engr0,S7,PGD,0.6,BIM,0.1,2.3934426229508197,2.0,0,14
engr0,S7,PGD,0.6,BIM,0.2,2.4098360655737703,2.0,0,14
engr0,S7,PGD,0.6,BIM,0.3,2.5737704918032787,2.0,0,20
engr0,S7,PGD,0.6,BIM,0.4,2.622950819672131,2.0,0,20
engr0,S7,PGD,0.6,BIM,0.5,2.622950819672131,2.0,0,20
engr0,S7,PGD,0.6,BIM,0.6,2.622950819672131,2.0,0,20
engr0,S7,PGD,0.6,BIM,0.7,2.622950819672131,2.0,0,20
engr0,S7,PGD,0.6,BIM,0.8,2.622950819672131,2.0,0,20
engr0,S7,PGD,0.6,BIM,0.9,2.622950819672131,2.0,0,20
engr0,S7,PGD,0.6,BIM,1.0,2.622950819672131,2.0,0,20
engr0,BLU,PGD,0.7,BIM,0.1,2.5737704918032787,2.0,0,15
engr0,BLU,PGD,0.7,BIM,0.2,2.622950819672131,2.0,0,10
engr0,BLU,PGD,0.7,BIM,0.3,2.4918032786885247,2.0,0,10
engr0,BLU,PGD,0.7,BIM,0.4,2.5081967213114753,2.0,0,10
engr0,BLU,PGD,0.7,BIM,0.5,2.5081967213114753,2.0,0,10
engr0,BLU,PGD,0.7,BIM,0.6,2.5081967213114753,2.0,0,10
engr0,BLU,PGD,0.7,BIM,0.7,2.5081967213114753,2.0,0,10
engr0,BLU,PGD,0.7,BIM,0.8,2.5081967213114753,2.0,0,10
engr0,BLU,PGD,0.7,BIM,0.9,2.5081967213114753,2.0,0,10
engr0,BLU,PGD,0.7,BIM,1.0,2.5081967213114753,2.0,0,10
engr0,HTC,PGD,0.7,BIM,0.1,3.0163934426229506,2.0,0,13
engr0,HTC,PGD,0.7,BIM,0.2,3.442622950819672,2.0,0,22
engr0,HTC,PGD,0.7,BIM,0.3,3.3114754098360657,2.0,0,22
engr0,HTC,PGD,0.7,BIM,0.4,3.2459016393442623,2.0,0,22
engr0,HTC,PGD,0.7,BIM,0.5,3.2459016393442623,2.0,0,22
engr0,HTC,PGD,0.7,BIM,0.6,3.2459016393442623,2.0,0,22
engr0,HTC,PGD,0.7,BIM,0.7,3.2459016393442623,2.0,0,22
engr0,HTC,PGD,0.7,BIM,0.8,3.2459016393442623,2.0,0,22
engr0,HTC,PGD,0.7,BIM,0.9,3.2459016393442623,2.0,0,22
engr0,HTC,PGD,0.7,BIM,1.0,3.2459016393442623,2.0,0,22
engr0,LG,PGD,0.7,BIM,0.1,4.278688524590164,3.0,0,27
engr0,LG,PGD,0.7,BIM,0.2,4.245901639344262,2.0,0,27
engr0,LG,PGD,0.7,BIM,0.3,4.377049180327869,2.0,0,27
engr0,LG,PGD,0.7,BIM,0.4,4.442622950819672,2.0,0,27
engr0,LG,PGD,0.7,BIM,0.5,4.442622950819672,2.0,0,27
engr0,LG,PGD,0.7,BIM,0.6,4.442622950819672,2.0,0,27
engr0,LG,PGD,0.7,BIM,0.7,4.442622950819672,2.0,0,27
engr0,LG,PGD,0.7,BIM,0.8,4.442622950819672,2.0,0,27
engr0,LG,PGD,0.7,BIM,0.9,4.442622950819672,2.0,0,27
engr0,LG,PGD,0.7,BIM,1.0,4.442622950819672,2.0,0,27
engr0,MOTO,PGD,0.7,BIM,0.1,7.80327868852459,6.0,0,45
engr0,MOTO,PGD,0.7,BIM,0.2,20.704918032786885,14.0,0,55
engr0,MOTO,PGD,0.7,BIM,0.3,22.360655737704917,22.0,0,53
engr0,MOTO,PGD,0.7,BIM,0.4,24.262295081967213,24.0,0,54
engr0,MOTO,PGD,0.7,BIM,0.5,24.262295081967213,24.0,0,54
engr0,MOTO,PGD,0.7,BIM,0.6,24.262295081967213,24.0,0,54
engr0,MOTO,PGD,0.7,BIM,0.7,24.262295081967213,24.0,0,54
engr0,MOTO,PGD,0.7,BIM,0.8,24.262295081967213,24.0,0,54
engr0,MOTO,PGD,0.7,BIM,0.9,24.262295081967213,24.0,0,54
engr0,MOTO,PGD,0.7,BIM,1.0,24.262295081967213,24.0,0,54
engr0,OP3,PGD,0.7,BIM,0.1,0.4098360655737705,0.0,0,7
engr0,OP3,PGD,0.7,BIM,0.2,0.32786885245901637,0.0,0,5
engr0,OP3,PGD,0.7,BIM,0.3,0.32786885245901637,0.0,0,5
engr0,OP3,PGD,0.7,BIM,0.4,0.3442622950819672,0.0,0,5
engr0,OP3,PGD,0.7,BIM,0.5,0.3442622950819672,0.0,0,5
engr0,OP3,PGD,0.7,BIM,0.6,0.3442622950819672,0.0,0,5
engr0,OP3,PGD,0.7,BIM,0.7,0.3442622950819672,0.0,0,5
engr0,OP3,PGD,0.7,BIM,0.8,0.3442622950819672,0.0,0,5
engr0,OP3,PGD,0.7,BIM,0.9,0.3442622950819672,0.0,0,5
engr0,OP3,PGD,0.7,BIM,1.0,0.3442622950819672,0.0,0,5
engr0,S7,PGD,0.7,BIM,0.1,2.3934426229508197,2.0,0,14
engr0,S7,PGD,0.7,BIM,0.2,2.4098360655737703,2.0,0,14
engr0,S7,PGD,0.7,BIM,0.3,2.5737704918032787,2.0,0,20
engr0,S7,PGD,0.7,BIM,0.4,2.622950819672131,2.0,0,20
engr0,S7,PGD,0.7,BIM,0.5,2.622950819672131,2.0,0,20
engr0,S7,PGD,0.7,BIM,0.6,2.622950819672131,2.0,0,20
engr0,S7,PGD,0.7,BIM,0.7,2.622950819672131,2.0,0,20
engr0,S7,PGD,0.7,BIM,0.8,2.622950819672131,2.0,0,20
engr0,S7,PGD,0.7,BIM,0.9,2.622950819672131,2.0,0,20
engr0,S7,PGD,0.7,BIM,1.0,2.622950819672131,2.0,0,20
engr0,BLU,PGD,0.8,BIM,0.1,2.5737704918032787,2.0,0,15
engr0,BLU,PGD,0.8,BIM,0.2,2.622950819672131,2.0,0,10
engr0,BLU,PGD,0.8,BIM,0.3,2.4918032786885247,2.0,0,10
engr0,BLU,PGD,0.8,BIM,0.4,2.5081967213114753,2.0,0,10
engr0,BLU,PGD,0.8,BIM,0.5,2.5081967213114753,2.0,0,10
engr0,BLU,PGD,0.8,BIM,0.6,2.5081967213114753,2.0,0,10
engr0,BLU,PGD,0.8,BIM,0.7,2.5081967213114753,2.0,0,10
engr0,BLU,PGD,0.8,BIM,0.8,2.5081967213114753,2.0,0,10
engr0,BLU,PGD,0.8,BIM,0.9,2.5081967213114753,2.0,0,10
engr0,BLU,PGD,0.8,BIM,1.0,2.5081967213114753,2.0,0,10
engr0,HTC,PGD,0.8,BIM,0.1,3.0163934426229506,2.0,0,13
engr0,HTC,PGD,0.8,BIM,0.2,3.442622950819672,2.0,0,22
engr0,HTC,PGD,0.8,BIM,0.3,3.3114754098360657,2.0,0,22
engr0,HTC,PGD,0.8,BIM,0.4,3.2459016393442623,2.0,0,22
engr0,HTC,PGD,0.8,BIM,0.5,3.2459016393442623,2.0,0,22
engr0,HTC,PGD,0.8,BIM,0.6,3.2459016393442623,2.0,0,22
engr0,HTC,PGD,0.8,BIM,0.7,3.2459016393442623,2.0,0,22
engr0,HTC,PGD,0.8,BIM,0.8,3.2459016393442623,2.0,0,22
engr0,HTC,PGD,0.8,BIM,0.9,3.2459016393442623,2.0,0,22
engr0,HTC,PGD,0.8,BIM,1.0,3.2459016393442623,2.0,0,22
engr0,LG,PGD,0.8,BIM,0.1,4.278688524590164,3.0,0,27
engr0,LG,PGD,0.8,BIM,0.2,4.245901639344262,2.0,0,27
engr0,LG,PGD,0.8,BIM,0.3,4.377049180327869,2.0,0,27
engr0,LG,PGD,0.8,BIM,0.4,4.442622950819672,2.0,0,27
engr0,LG,PGD,0.8,BIM,0.5,4.442622950819672,2.0,0,27
engr0,LG,PGD,0.8,BIM,0.6,4.442622950819672,2.0,0,27
engr0,LG,PGD,0.8,BIM,0.7,4.442622950819672,2.0,0,27
engr0,LG,PGD,0.8,BIM,0.8,4.442622950819672,2.0,0,27
engr0,LG,PGD,0.8,BIM,0.9,4.442622950819672,2.0,0,27
engr0,LG,PGD,0.8,BIM,1.0,4.442622950819672,2.0,0,27
engr0,MOTO,PGD,0.8,BIM,0.1,7.80327868852459,6.0,0,45
engr0,MOTO,PGD,0.8,BIM,0.2,20.704918032786885,14.0,0,55
engr0,MOTO,PGD,0.8,BIM,0.3,22.360655737704917,22.0,0,53
engr0,MOTO,PGD,0.8,BIM,0.4,24.262295081967213,24.0,0,54
engr0,MOTO,PGD,0.8,BIM,0.5,24.262295081967213,24.0,0,54
engr0,MOTO,PGD,0.8,BIM,0.6,24.262295081967213,24.0,0,54
engr0,MOTO,PGD,0.8,BIM,0.7,24.262295081967213,24.0,0,54
engr0,MOTO,PGD,0.8,BIM,0.8,24.262295081967213,24.0,0,54
engr0,MOTO,PGD,0.8,BIM,0.9,24.262295081967213,24.0,0,54
engr0,MOTO,PGD,0.8,BIM,1.0,24.262295081967213,24.0,0,54
engr0,OP3,PGD,0.8,BIM,0.1,0.4098360655737705,0.0,0,7
engr0,OP3,PGD,0.8,BIM,0.2,0.32786885245901637,0.0,0,5
engr0,OP3,PGD,0.8,BIM,0.3,0.32786885245901637,0.0,0,5
engr0,OP3,PGD,0.8,BIM,0.4,0.3442622950819672,0.0,0,5
engr0,OP3,PGD,0.8,BIM,0.5,0.3442622950819672,0.0,0,5
engr0,OP3,PGD,0.8,BIM,0.6,0.3442622950819672,0.0,0,5
engr0,OP3,PGD,0.8,BIM,0.7,0.3442622950819672,0.0,0,5
engr0,OP3,PGD,0.8,BIM,0.8,0.3442622950819672,0.0,0,5
engr0,OP3,PGD,0.8,BIM,0.9,0.3442622950819672,0.0,0,5
engr0,OP3,PGD,0.8,BIM,1.0,0.3442622950819672,0.0,0,5
engr0,S7,PGD,0.8,BIM,0.1,2.3934426229508197,2.0,0,14
engr0,S7,PGD,0.8,BIM,0.2,2.4098360655737703,2.0,0,14
engr0,S7,PGD,0.8,BIM,0.3,2.5737704918032787,2.0,0,20
engr0,S7,PGD,0.8,BIM,0.4,2.622950819672131,2.0,0,20
engr0,S7,PGD,0.8,BIM,0.5,2.622950819672131,2.0,0,20
engr0,S7,PGD,0.8,BIM,0.6,2.622950819672131,2.0,0,20
engr0,S7,PGD,0.8,BIM,0.7,2.622950819672131,2.0,0,20
engr0,S7,PGD,0.8,BIM,0.8,2.622950819672131,2.0,0,20
engr0,S7,PGD,0.8,BIM,0.9,2.622950819672131,2.0,0,20
engr0,S7,PGD,0.8,BIM,1.0,2.622950819672131,2.0,0,20
engr0,BLU,PGD,0.9,BIM,0.1,2.5737704918032787,2.0,0,15
engr0,BLU,PGD,0.9,BIM,0.2,2.622950819672131,2.0,0,10
engr0,BLU,PGD,0.9,BIM,0.3,2.4918032786885247,2.0,0,10
engr0,BLU,PGD,0.9,BIM,0.4,2.5081967213114753,2.0,0,10
engr0,BLU,PGD,0.9,BIM,0.5,2.5081967213114753,2.0,0,10
engr0,BLU,PGD,0.9,BIM,0.6,2.5081967213114753,2.0,0,10
engr0,BLU,PGD,0.9,BIM,0.7,2.5081967213114753,2.0,0,10
engr0,BLU,PGD,0.9,BIM,0.8,2.5081967213114753,2.0,0,10
engr0,BLU,PGD,0.9,BIM,0.9,2.5081967213114753,2.0,0,10
engr0,BLU,PGD,0.9,BIM,1.0,2.5081967213114753,2.0,0,10
engr0,HTC,PGD,0.9,BIM,0.1,3.0163934426229506,2.0,0,13
engr0,HTC,PGD,0.9,BIM,0.2,3.442622950819672,2.0,0,22
engr0,HTC,PGD,0.9,BIM,0.3,3.3114754098360657,2.0,0,22
engr0,HTC,PGD,0.9,BIM,0.4,3.2459016393442623,2.0,0,22
engr0,HTC,PGD,0.9,BIM,0.5,3.2459016393442623,2.0,0,22
engr0,HTC,PGD,0.9,BIM,0.6,3.2459016393442623,2.0,0,22
engr0,HTC,PGD,0.9,BIM,0.7,3.2459016393442623,2.0,0,22
engr0,HTC,PGD,0.9,BIM,0.8,3.2459016393442623,2.0,0,22
engr0,HTC,PGD,0.9,BIM,0.9,3.2459016393442623,2.0,0,22
engr0,HTC,PGD,0.9,BIM,1.0,3.2459016393442623,2.0,0,22
engr0,LG,PGD,0.9,BIM,0.1,4.278688524590164,3.0,0,27
engr0,LG,PGD,0.9,BIM,0.2,4.245901639344262,2.0,0,27
engr0,LG,PGD,0.9,BIM,0.3,4.377049180327869,2.0,0,27
engr0,LG,PGD,0.9,BIM,0.4,4.442622950819672,2.0,0,27
engr0,LG,PGD,0.9,BIM,0.5,4.442622950819672,2.0,0,27
engr0,LG,PGD,0.9,BIM,0.6,4.442622950819672,2.0,0,27
engr0,LG,PGD,0.9,BIM,0.7,4.442622950819672,2.0,0,27
engr0,LG,PGD,0.9,BIM,0.8,4.442622950819672,2.0,0,27
engr0,LG,PGD,0.9,BIM,0.9,4.442622950819672,2.0,0,27
engr0,LG,PGD,0.9,BIM,1.0,4.442622950819672,2.0,0,27
engr0,MOTO,PGD,0.9,BIM,0.1,7.80327868852459,6.0,0,45
engr0,MOTO,PGD,0.9,BIM,0.2,20.704918032786885,14.0,0,55
engr0,MOTO,PGD,0.9,BIM,0.3,22.360655737704917,22.0,0,53
engr0,MOTO,PGD,0.9,BIM,0.4,24.262295081967213,24.0,0,54
engr0,MOTO,PGD,0.9,BIM,0.5,24.262295081967213,24.0,0,54
engr0,MOTO,PGD,0.9,BIM,0.6,24.262295081967213,24.0,0,54
engr0,MOTO,PGD,0.9,BIM,0.7,24.262295081967213,24.0,0,54
engr0,MOTO,PGD,0.9,BIM,0.8,24.262295081967213,24.0,0,54
engr0,MOTO,PGD,0.9,BIM,0.9,24.262295081967213,24.0,0,54
engr0,MOTO,PGD,0.9,BIM,1.0,24.262295081967213,24.0,0,54
engr0,OP3,PGD,0.9,BIM,0.1,0.4098360655737705,0.0,0,7
engr0,OP3,PGD,0.9,BIM,0.2,0.32786885245901637,0.0,0,5
engr0,OP3,PGD,0.9,BIM,0.3,0.32786885245901637,0.0,0,5
engr0,OP3,PGD,0.9,BIM,0.4,0.3442622950819672,0.0,0,5
engr0,OP3,PGD,0.9,BIM,0.5,0.3442622950819672,0.0,0,5
engr0,OP3,PGD,0.9,BIM,0.6,0.3442622950819672,0.0,0,5
engr0,OP3,PGD,0.9,BIM,0.7,0.3442622950819672,0.0,0,5
engr0,OP3,PGD,0.9,BIM,0.8,0.3442622950819672,0.0,0,5
engr0,OP3,PGD,0.9,BIM,0.9,0.3442622950819672,0.0,0,5
engr0,OP3,PGD,0.9,BIM,1.0,0.3442622950819672,0.0,0,5
engr0,S7,PGD,0.9,BIM,0.1,2.3934426229508197,2.0,0,14
engr0,S7,PGD,0.9,BIM,0.2,2.4098360655737703,2.0,0,14
engr0,S7,PGD,0.9,BIM,0.3,2.5737704918032787,2.0,0,20
engr0,S7,PGD,0.9,BIM,0.4,2.622950819672131,2.0,0,20
engr0,S7,PGD,0.9,BIM,0.5,2.622950819672131,2.0,0,20
engr0,S7,PGD,0.9,BIM,0.6,2.622950819672131,2.0,0,20
engr0,S7,PGD,0.9,BIM,0.7,2.622950819672131,2.0,0,20
engr0,S7,PGD,0.9,BIM,0.8,2.622950819672131,2.0,0,20
engr0,S7,PGD,0.9,BIM,0.9,2.622950819672131,2.0,0,20
engr0,S7,PGD,0.9,BIM,1.0,2.622950819672131,2.0,0,20
engr0,BLU,PGD,1.0,BIM,0.1,2.5737704918032787,2.0,0,15
engr0,BLU,PGD,1.0,BIM,0.2,2.622950819672131,2.0,0,10
engr0,BLU,PGD,1.0,BIM,0.3,2.4918032786885247,2.0,0,10
engr0,BLU,PGD,1.0,BIM,0.4,2.5081967213114753,2.0,0,10
engr0,BLU,PGD,1.0,BIM,0.5,2.5081967213114753,2.0,0,10
engr0,BLU,PGD,1.0,BIM,0.6,2.5081967213114753,2.0,0,10
engr0,BLU,PGD,1.0,BIM,0.7,2.5081967213114753,2.0,0,10
engr0,BLU,PGD,1.0,BIM,0.8,2.5081967213114753,2.0,0,10
engr0,BLU,PGD,1.0,BIM,0.9,2.5081967213114753,2.0,0,10
engr0,BLU,PGD,1.0,BIM,1.0,2.5081967213114753,2.0,0,10
engr0,HTC,PGD,1.0,BIM,0.1,3.0163934426229506,2.0,0,13
engr0,HTC,PGD,1.0,BIM,0.2,3.442622950819672,2.0,0,22
engr0,HTC,PGD,1.0,BIM,0.3,3.3114754098360657,2.0,0,22
engr0,HTC,PGD,1.0,BIM,0.4,3.2459016393442623,2.0,0,22
engr0,HTC,PGD,1.0,BIM,0.5,3.2459016393442623,2.0,0,22
engr0,HTC,PGD,1.0,BIM,0.6,3.2459016393442623,2.0,0,22
engr0,HTC,PGD,1.0,BIM,0.7,3.2459016393442623,2.0,0,22
engr0,HTC,PGD,1.0,BIM,0.8,3.2459016393442623,2.0,0,22
engr0,HTC,PGD,1.0,BIM,0.9,3.2459016393442623,2.0,0,22
engr0,HTC,PGD,1.0,BIM,1.0,3.2459016393442623,2.0,0,22
engr0,LG,PGD,1.0,BIM,0.1,4.278688524590164,3.0,0,27
engr0,LG,PGD,1.0,BIM,0.2,4.245901639344262,2.0,0,27
engr0,LG,PGD,1.0,BIM,0.3,4.377049180327869,2.0,0,27
engr0,LG,PGD,1.0,BIM,0.4,4.442622950819672,2.0,0,27
engr0,LG,PGD,1.0,BIM,0.5,4.442622950819672,2.0,0,27
engr0,LG,PGD,1.0,BIM,0.6,4.442622950819672,2.0,0,27
engr0,LG,PGD,1.0,BIM,0.7,4.442622950819672,2.0,0,27
engr0,LG,PGD,1.0,BIM,0.8,4.442622950819672,2.0,0,27
engr0,LG,PGD,1.0,BIM,0.9,4.442622950819672,2.0,0,27
engr0,LG,PGD,1.0,BIM,1.0,4.442622950819672,2.0,0,27
engr0,MOTO,PGD,1.0,BIM,0.1,7.80327868852459,6.0,0,45
engr0,MOTO,PGD,1.0,BIM,0.2,20.704918032786885,14.0,0,55
engr0,MOTO,PGD,1.0,BIM,0.3,22.360655737704917,22.0,0,53
engr0,MOTO,PGD,1.0,BIM,0.4,24.262295081967213,24.0,0,54
engr0,MOTO,PGD,1.0,BIM,0.5,24.262295081967213,24.0,0,54
engr0,MOTO,PGD,1.0,BIM,0.6,24.262295081967213,24.0,0,54
engr0,MOTO,PGD,1.0,BIM,0.7,24.262295081967213,24.0,0,54
engr0,MOTO,PGD,1.0,BIM,0.8,24.262295081967213,24.0,0,54
engr0,MOTO,PGD,1.0,BIM,0.9,24.262295081967213,24.0,0,54
engr0,MOTO,PGD,1.0,BIM,1.0,24.262295081967213,24.0,0,54
engr0,OP3,PGD,1.0,BIM,0.1,0.4098360655737705,0.0,0,7
engr0,OP3,PGD,1.0,BIM,0.2,0.32786885245901637,0.0,0,5
engr0,OP3,PGD,1.0,BIM,0.3,0.32786885245901637,0.0,0,5
engr0,OP3,PGD,1.0,BIM,0.4,0.3442622950819672,0.0,0,5
engr0,OP3,PGD,1.0,BIM,0.5,0.3442622950819672,0.0,0,5
engr0,OP3,PGD,1.0,BIM,0.6,0.3442622950819672,0.0,0,5
engr0,OP3,PGD,1.0,BIM,0.7,0.3442622950819672,0.0,0,5
engr0,OP3,PGD,1.0,BIM,0.8,0.3442622950819672,0.0,0,5
engr0,OP3,PGD,1.0,BIM,0.9,0.3442622950819672,0.0,0,5
engr0,OP3,PGD,1.0,BIM,1.0,0.3442622950819672,0.0,0,5
engr0,S7,PGD,1.0,BIM,0.1,2.3934426229508197,2.0,0,14
engr0,S7,PGD,1.0,BIM,0.2,2.4098360655737703,2.0,0,14
engr0,S7,PGD,1.0,BIM,0.3,2.5737704918032787,2.0,0,20
engr0,S7,PGD,1.0,BIM,0.4,2.622950819672131,2.0,0,20
engr0,S7,PGD,1.0,BIM,0.5,2.622950819672131,2.0,0,20
engr0,S7,PGD,1.0,BIM,0.6,2.622950819672131,2.0,0,20
engr0,S7,PGD,1.0,BIM,0.7,2.622950819672131,2.0,0,20
engr0,S7,PGD,1.0,BIM,0.8,2.622950819672131,2.0,0,20
engr0,S7,PGD,1.0,BIM,0.9,2.622950819672131,2.0,0,20
engr0,S7,PGD,1.0,BIM,1.0,2.622950819672131,2.0,0,20
engr0,BLU,MIM,0.1,BIM,0.1,3.6557377049180326,3.0,0,23
engr0,BLU,MIM,0.1,BIM,0.2,4.065573770491803,3.0,0,29
engr0,BLU,MIM,0.1,BIM,0.3,3.901639344262295,2.0,0,29
engr0,BLU,MIM,0.1,BIM,0.4,3.8688524590163933,2.0,0,29
engr0,BLU,MIM,0.1,BIM,0.5,3.8688524590163933,2.0,0,29
engr0,BLU,MIM,0.1,BIM,0.6,3.8688524590163933,2.0,0,29
engr0,BLU,MIM,0.1,BIM,0.7,3.8688524590163933,2.0,0,29
engr0,BLU,MIM,0.1,BIM,0.8,3.8688524590163933,2.0,0,29
engr0,BLU,MIM,0.1,BIM,0.9,3.8688524590163933,2.0,0,29
engr0,BLU,MIM,0.1,BIM,1.0,3.8688524590163933,2.0,0,29
engr0,HTC,MIM,0.1,BIM,0.1,3.442622950819672,2.0,0,26
engr0,HTC,MIM,0.1,BIM,0.2,3.80327868852459,3.0,0,19
engr0,HTC,MIM,0.1,BIM,0.3,3.442622950819672,3.0,0,19
engr0,HTC,MIM,0.1,BIM,0.4,3.3934426229508197,3.0,0,19
engr0,HTC,MIM,0.1,BIM,0.5,3.3934426229508197,3.0,0,19
engr0,HTC,MIM,0.1,BIM,0.6,3.3934426229508197,3.0,0,19
engr0,HTC,MIM,0.1,BIM,0.7,3.3934426229508197,3.0,0,19
engr0,HTC,MIM,0.1,BIM,0.8,3.3934426229508197,3.0,0,19
engr0,HTC,MIM,0.1,BIM,0.9,3.3934426229508197,3.0,0,19
engr0,HTC,MIM,0.1,BIM,1.0,3.3934426229508197,3.0,0,19
engr0,LG,MIM,0.1,BIM,0.1,4.786885245901639,3.0,0,28
engr0,LG,MIM,0.1,BIM,0.2,4.934426229508197,3.0,0,28
engr0,LG,MIM,0.1,BIM,0.3,4.934426229508197,3.0,0,28
engr0,LG,MIM,0.1,BIM,0.4,4.934426229508197,3.0,0,28
engr0,LG,MIM,0.1,BIM,0.5,4.934426229508197,3.0,0,28
engr0,LG,MIM,0.1,BIM,0.6,4.934426229508197,3.0,0,28
engr0,LG,MIM,0.1,BIM,0.7,4.934426229508197,3.0,0,28
engr0,LG,MIM,0.1,BIM,0.8,4.934426229508197,3.0,0,28
engr0,LG,MIM,0.1,BIM,0.9,4.934426229508197,3.0,0,28
engr0,LG,MIM,0.1,BIM,1.0,4.934426229508197,3.0,0,28
engr0,MOTO,MIM,0.1,BIM,0.1,2.5081967213114753,1.0,0,12
engr0,MOTO,MIM,0.1,BIM,0.2,2.5081967213114753,1.0,0,12
engr0,MOTO,MIM,0.1,BIM,0.3,2.5081967213114753,1.0,0,12
engr0,MOTO,MIM,0.1,BIM,0.4,2.5081967213114753,1.0,0,12
engr0,MOTO,MIM,0.1,BIM,0.5,2.5081967213114753,1.0,0,12
engr0,MOTO,MIM,0.1,BIM,0.6,2.5081967213114753,1.0,0,12
engr0,MOTO,MIM,0.1,BIM,0.7,2.5081967213114753,1.0,0,12
engr0,MOTO,MIM,0.1,BIM,0.8,2.5081967213114753,1.0,0,12
engr0,MOTO,MIM,0.1,BIM,0.9,2.5081967213114753,1.0,0,12
engr0,MOTO,MIM,0.1,BIM,1.0,2.5081967213114753,1.0,0,12
engr0,OP3,MIM,0.1,BIM,0.1,0.8032786885245902,0.0,0,7
engr0,OP3,MIM,0.1,BIM,0.2,0.9836065573770492,0.0,0,7
engr0,OP3,MIM,0.1,BIM,0.3,1.0,0.0,0,7
engr0,OP3,MIM,0.1,BIM,0.4,1.0819672131147542,0.0,0,7
engr0,OP3,MIM,0.1,BIM,0.5,1.0819672131147542,0.0,0,7
engr0,OP3,MIM,0.1,BIM,0.6,1.0819672131147542,0.0,0,7
engr0,OP3,MIM,0.1,BIM,0.7,1.0819672131147542,0.0,0,7
engr0,OP3,MIM,0.1,BIM,0.8,1.0819672131147542,0.0,0,7
engr0,OP3,MIM,0.1,BIM,0.9,1.0819672131147542,0.0,0,7
engr0,OP3,MIM,0.1,BIM,1.0,1.0819672131147542,0.0,0,7
engr0,S7,MIM,0.1,BIM,0.1,2.4098360655737703,2.0,0,11
engr0,S7,MIM,0.1,BIM,0.2,3.2459016393442623,2.0,0,27
engr0,S7,MIM,0.1,BIM,0.3,3.0327868852459017,2.0,0,27
engr0,S7,MIM,0.1,BIM,0.4,3.180327868852459,2.0,0,27
engr0,S7,MIM,0.1,BIM,0.5,3.180327868852459,2.0,0,27
engr0,S7,MIM,0.1,BIM,0.6,3.180327868852459,2.0,0,27
engr0,S7,MIM,0.1,BIM,0.7,3.180327868852459,2.0,0,27
engr0,S7,MIM,0.1,BIM,0.8,3.180327868852459,2.0,0,27
engr0,S7,MIM,0.1,BIM,0.9,3.180327868852459,2.0,0,27
engr0,S7,MIM,0.1,BIM,1.0,3.180327868852459,2.0,0,27
engr0,BLU,MIM,0.2,BIM,0.1,3.081967213114754,2.0,0,16
engr0,BLU,MIM,0.2,BIM,0.2,3.4262295081967213,2.0,0,16
engr0,BLU,MIM,0.2,BIM,0.3,4.131147540983607,3.0,0,29
engr0,BLU,MIM,0.2,BIM,0.4,4.114754098360656,3.0,0,29
engr0,BLU,MIM,0.2,BIM,0.5,4.114754098360656,3.0,0,29
engr0,BLU,MIM,0.2,BIM,0.6,4.114754098360656,3.0,0,29
engr0,BLU,MIM,0.2,BIM,0.7,4.114754098360656,3.0,0,29
engr0,BLU,MIM,0.2,BIM,0.8,4.114754098360656,3.0,0,29
engr0,BLU,MIM,0.2,BIM,0.9,4.114754098360656,3.0,0,29
engr0,BLU,MIM,0.2,BIM,1.0,4.114754098360656,3.0,0,29
engr0,HTC,MIM,0.2,BIM,0.1,3.377049180327869,2.0,0,15
engr0,HTC,MIM,0.2,BIM,0.2,3.7540983606557377,3.0,0,15
engr0,HTC,MIM,0.2,BIM,0.3,3.4754098360655736,2.0,0,15
engr0,HTC,MIM,0.2,BIM,0.4,3.557377049180328,2.0,0,15
engr0,HTC,MIM,0.2,BIM,0.5,3.557377049180328,2.0,0,15
engr0,HTC,MIM,0.2,BIM,0.6,3.557377049180328,2.0,0,15
engr0,HTC,MIM,0.2,BIM,0.7,3.557377049180328,2.0,0,15
engr0,HTC,MIM,0.2,BIM,0.8,3.557377049180328,2.0,0,15
engr0,HTC,MIM,0.2,BIM,0.9,3.557377049180328,2.0,0,15
engr0,HTC,MIM,0.2,BIM,1.0,3.557377049180328,2.0,0,15
engr0,LG,MIM,0.2,BIM,0.1,3.737704918032787,2.0,0,27
engr0,LG,MIM,0.2,BIM,0.2,3.8360655737704916,2.0,0,27
engr0,LG,MIM,0.2,BIM,0.3,4.016393442622951,2.0,0,27
engr0,LG,MIM,0.2,BIM,0.4,4.016393442622951,2.0,0,27
engr0,LG,MIM,0.2,BIM,0.5,4.016393442622951,2.0,0,27
engr0,LG,MIM,0.2,BIM,0.6,4.016393442622951,2.0,0,27
engr0,LG,MIM,0.2,BIM,0.7,4.016393442622951,2.0,0,27
engr0,LG,MIM,0.2,BIM,0.8,4.016393442622951,2.0,0,27
engr0,LG,MIM,0.2,BIM,0.9,4.016393442622951,2.0,0,27
engr0,LG,MIM,0.2,BIM,1.0,4.016393442622951,2.0,0,27
engr0,MOTO,MIM,0.2,BIM,0.1,2.0655737704918034,1.0,0,15
engr0,MOTO,MIM,0.2,BIM,0.2,2.0655737704918034,1.0,0,15
engr0,MOTO,MIM,0.2,BIM,0.3,2.0655737704918034,1.0,0,15
engr0,MOTO,MIM,0.2,BIM,0.4,2.0655737704918034,1.0,0,15
engr0,MOTO,MIM,0.2,BIM,0.5,2.0655737704918034,1.0,0,15
engr0,MOTO,MIM,0.2,BIM,0.6,2.0655737704918034,1.0,0,15
engr0,MOTO,MIM,0.2,BIM,0.7,2.0655737704918034,1.0,0,15
engr0,MOTO,MIM,0.2,BIM,0.8,2.0655737704918034,1.0,0,15
engr0,MOTO,MIM,0.2,BIM,0.9,2.0655737704918034,1.0,0,15
engr0,MOTO,MIM,0.2,BIM,1.0,2.0655737704918034,1.0,0,15
engr0,OP3,MIM,0.2,BIM,0.1,0.7377049180327869,0.0,0,6
engr0,OP3,MIM,0.2,BIM,0.2,0.7704918032786885,0.0,0,6
engr0,OP3,MIM,0.2,BIM,0.3,1.0655737704918034,0.0,0,7
engr0,OP3,MIM,0.2,BIM,0.4,1.1475409836065573,0.0,0,7
engr0,OP3,MIM,0.2,BIM,0.5,1.1475409836065573,0.0,0,7
engr0,OP3,MIM,0.2,BIM,0.6,1.1475409836065573,0.0,0,7
engr0,OP3,MIM,0.2,BIM,0.7,1.1475409836065573,0.0,0,7
engr0,OP3,MIM,0.2,BIM,0.8,1.1475409836065573,0.0,0,7
engr0,OP3,MIM,0.2,BIM,0.9,1.1475409836065573,0.0,0,7
engr0,OP3,MIM,0.2,BIM,1.0,1.1475409836065573,0.0,0,7
engr0,S7,MIM,0.2,BIM,0.1,2.3114754098360657,2.0,0,10
engr0,S7,MIM,0.2,BIM,0.2,2.4918032786885247,2.0,0,11
engr0,S7,MIM,0.2,BIM,0.3,3.0491803278688523,2.0,0,27
engr0,S7,MIM,0.2,BIM,0.4,3.0491803278688523,2.0,0,27
engr0,S7,MIM,0.2,BIM,0.5,3.0491803278688523,2.0,0,27
engr0,S7,MIM,0.2,BIM,0.6,3.0491803278688523,2.0,0,27
engr0,S7,MIM,0.2,BIM,0.7,3.0491803278688523,2.0,0,27
engr0,S7,MIM,0.2,BIM,0.8,3.0491803278688523,2.0,0,27
engr0,S7,MIM,0.2,BIM,0.9,3.0491803278688523,2.0,0,27
engr0,S7,MIM,0.2,BIM,1.0,3.0491803278688523,2.0,0,27
engr0,BLU,MIM,0.3,BIM,0.1,2.8688524590163933,2.0,0,18
engr0,BLU,MIM,0.3,BIM,0.2,2.918032786885246,2.0,0,18
engr0,BLU,MIM,0.3,BIM,0.3,2.7704918032786887,1.0,0,18
engr0,BLU,MIM,0.3,BIM,0.4,2.80327868852459,2.0,0,18
engr0,BLU,MIM,0.3,BIM,0.5,2.80327868852459,2.0,0,18
engr0,BLU,MIM,0.3,BIM,0.6,2.80327868852459,2.0,0,18
engr0,BLU,MIM,0.3,BIM,0.7,2.80327868852459,2.0,0,18
engr0,BLU,MIM,0.3,BIM,0.8,2.80327868852459,2.0,0,18
engr0,BLU,MIM,0.3,BIM,0.9,2.80327868852459,2.0,0,18
engr0,BLU,MIM,0.3,BIM,1.0,2.80327868852459,2.0,0,18
engr0,HTC,MIM,0.3,BIM,0.1,4.459016393442623,3.0,0,18
engr0,HTC,MIM,0.3,BIM,0.2,4.229508196721311,3.0,0,18
engr0,HTC,MIM,0.3,BIM,0.3,4.262295081967213,4.0,0,18
engr0,HTC,MIM,0.3,BIM,0.4,4.278688524590164,4.0,0,18
engr0,HTC,MIM,0.3,BIM,0.5,4.278688524590164,4.0,0,18
engr0,HTC,MIM,0.3,BIM,0.6,4.278688524590164,4.0,0,18
engr0,HTC,MIM,0.3,BIM,0.7,4.278688524590164,4.0,0,18
engr0,HTC,MIM,0.3,BIM,0.8,4.278688524590164,4.0,0,18
engr0,HTC,MIM,0.3,BIM,0.9,4.278688524590164,4.0,0,18
engr0,HTC,MIM,0.3,BIM,1.0,4.278688524590164,4.0,0,18
engr0,LG,MIM,0.3,BIM,0.1,4.377049180327869,2.0,0,27
engr0,LG,MIM,0.3,BIM,0.2,5.032786885245901,3.0,0,35
engr0,LG,MIM,0.3,BIM,0.3,5.016393442622951,2.0,0,35
engr0,LG,MIM,0.3,BIM,0.4,5.950819672131147,3.0,0,35
engr0,LG,MIM,0.3,BIM,0.5,5.950819672131147,3.0,0,35
engr0,LG,MIM,0.3,BIM,0.6,5.950819672131147,3.0,0,35
engr0,LG,MIM,0.3,BIM,0.7,5.950819672131147,3.0,0,35
engr0,LG,MIM,0.3,BIM,0.8,5.950819672131147,3.0,0,35
engr0,LG,MIM,0.3,BIM,0.9,5.950819672131147,3.0,0,35
engr0,LG,MIM,0.3,BIM,1.0,5.950819672131147,3.0,0,35
engr0,MOTO,MIM,0.3,BIM,0.1,1.7049180327868851,1.0,0,9
engr0,MOTO,MIM,0.3,BIM,0.2,1.7049180327868851,1.0,0,9
engr0,MOTO,MIM,0.3,BIM,0.3,1.7049180327868851,1.0,0,9
engr0,MOTO,MIM,0.3,BIM,0.4,1.7049180327868851,1.0,0,9
engr0,MOTO,MIM,0.3,BIM,0.5,1.7049180327868851,1.0,0,9
engr0,MOTO,MIM,0.3,BIM,0.6,1.7049180327868851,1.0,0,9
engr0,MOTO,MIM,0.3,BIM,0.7,1.7049180327868851,1.0,0,9
engr0,MOTO,MIM,0.3,BIM,0.8,1.7049180327868851,1.0,0,9
engr0,MOTO,MIM,0.3,BIM,0.9,1.7049180327868851,1.0,0,9
engr0,MOTO,MIM,0.3,BIM,1.0,1.7049180327868851,1.0,0,9
engr0,OP3,MIM,0.3,BIM,0.1,0.7377049180327869,0.0,0,8
engr0,OP3,MIM,0.3,BIM,0.2,1.1147540983606556,0.0,0,9
engr0,OP3,MIM,0.3,BIM,0.3,0.819672131147541,0.0,0,8
engr0,OP3,MIM,0.3,BIM,0.4,0.8360655737704918,0.0,0,8
engr0,OP3,MIM,0.3,BIM,0.5,0.8360655737704918,0.0,0,8
engr0,OP3,MIM,0.3,BIM,0.6,0.8360655737704918,0.0,0,8
engr0,OP3,MIM,0.3,BIM,0.7,0.8360655737704918,0.0,0,8
engr0,OP3,MIM,0.3,BIM,0.8,0.8360655737704918,0.0,0,8
engr0,OP3,MIM,0.3,BIM,0.9,0.8360655737704918,0.0,0,8
engr0,OP3,MIM,0.3,BIM,1.0,0.8360655737704918,0.0,0,8
engr0,S7,MIM,0.3,BIM,0.1,2.377049180327869,2.0,0,13
engr0,S7,MIM,0.3,BIM,0.2,2.7540983606557377,2.0,0,17
engr0,S7,MIM,0.3,BIM,0.3,3.0655737704918034,2.0,0,17
engr0,S7,MIM,0.3,BIM,0.4,3.0327868852459017,2.0,0,17
engr0,S7,MIM,0.3,BIM,0.5,3.0327868852459017,2.0,0,17
engr0,S7,MIM,0.3,BIM,0.6,3.0327868852459017,2.0,0,17
engr0,S7,MIM,0.3,BIM,0.7,3.0327868852459017,2.0,0,17
engr0,S7,MIM,0.3,BIM,0.8,3.0327868852459017,2.0,0,17
engr0,S7,MIM,0.3,BIM,0.9,3.0327868852459017,2.0,0,17
engr0,S7,MIM,0.3,BIM,1.0,3.0327868852459017,2.0,0,17
engr0,BLU,MIM,0.4,BIM,0.1,3.2459016393442623,3.0,0,13
engr0,BLU,MIM,0.4,BIM,0.2,3.0655737704918034,2.0,0,13
engr0,BLU,MIM,0.4,BIM,0.3,3.0655737704918034,2.0,0,20
engr0,BLU,MIM,0.4,BIM,0.4,3.0327868852459017,2.0,0,20
engr0,BLU,MIM,0.4,BIM,0.5,3.0327868852459017,2.0,0,20
engr0,BLU,MIM,0.4,BIM,0.6,3.0327868852459017,2.0,0,20
engr0,BLU,MIM,0.4,BIM,0.7,3.0327868852459017,2.0,0,20
engr0,BLU,MIM,0.4,BIM,0.8,3.0327868852459017,2.0,0,20
engr0,BLU,MIM,0.4,BIM,0.9,3.0327868852459017,2.0,0,20
engr0,BLU,MIM,0.4,BIM,1.0,3.0327868852459017,2.0,0,20
engr0,HTC,MIM,0.4,BIM,0.1,3.6557377049180326,2.0,0,15
engr0,HTC,MIM,0.4,BIM,0.2,3.4262295081967213,2.0,0,14
engr0,HTC,MIM,0.4,BIM,0.3,3.3934426229508197,2.0,0,14
engr0,HTC,MIM,0.4,BIM,0.4,3.5081967213114753,2.0,0,14
engr0,HTC,MIM,0.4,BIM,0.5,3.5081967213114753,2.0,0,14
engr0,HTC,MIM,0.4,BIM,0.6,3.5081967213114753,2.0,0,14
engr0,HTC,MIM,0.4,BIM,0.7,3.5081967213114753,2.0,0,14
engr0,HTC,MIM,0.4,BIM,0.8,3.5081967213114753,2.0,0,14
engr0,HTC,MIM,0.4,BIM,0.9,3.5081967213114753,2.0,0,14
engr0,HTC,MIM,0.4,BIM,1.0,3.5081967213114753,2.0,0,14
engr0,LG,MIM,0.4,BIM,0.1,3.2295081967213113,2.0,0,27
engr0,LG,MIM,0.4,BIM,0.2,3.6557377049180326,2.0,0,27
engr0,LG,MIM,0.4,BIM,0.3,4.442622950819672,2.0,0,26
engr0,LG,MIM,0.4,BIM,0.4,4.60655737704918,3.0,0,28
engr0,LG,MIM,0.4,BIM,0.5,4.60655737704918,3.0,0,28
engr0,LG,MIM,0.4,BIM,0.6,4.60655737704918,3.0,0,28
engr0,LG,MIM,0.4,BIM,0.7,4.60655737704918,3.0,0,28
engr0,LG,MIM,0.4,BIM,0.8,4.60655737704918,3.0,0,28
engr0,LG,MIM,0.4,BIM,0.9,4.60655737704918,3.0,0,28
engr0,LG,MIM,0.4,BIM,1.0,4.60655737704918,3.0,0,28
engr0,MOTO,MIM,0.4,BIM,0.1,1.819672131147541,1.0,0,6
engr0,MOTO,MIM,0.4,BIM,0.2,1.819672131147541,1.0,0,6
engr0,MOTO,MIM,0.4,BIM,0.3,1.819672131147541,1.0,0,6
engr0,MOTO,MIM,0.4,BIM,0.4,1.819672131147541,1.0,0,6
engr0,MOTO,MIM,0.4,BIM,0.5,1.819672131147541,1.0,0,6
engr0,MOTO,MIM,0.4,BIM,0.6,1.819672131147541,1.0,0,6
engr0,MOTO,MIM,0.4,BIM,0.7,1.819672131147541,1.0,0,6
engr0,MOTO,MIM,0.4,BIM,0.8,1.819672131147541,1.0,0,6
engr0,MOTO,MIM,0.4,BIM,0.9,1.819672131147541,1.0,0,6
engr0,MOTO,MIM,0.4,BIM,1.0,1.819672131147541,1.0,0,6
engr0,OP3,MIM,0.4,BIM,0.1,0.8360655737704918,0.0,0,10
engr0,OP3,MIM,0.4,BIM,0.2,0.9836065573770492,0.0,0,10
engr0,OP3,MIM,0.4,BIM,0.3,0.9180327868852459,0.0,0,8
engr0,OP3,MIM,0.4,BIM,0.4,0.9836065573770492,0.0,0,8
engr0,OP3,MIM,0.4,BIM,0.5,0.9836065573770492,0.0,0,8
engr0,OP3,MIM,0.4,BIM,0.6,0.9836065573770492,0.0,0,8
engr0,OP3,MIM,0.4,BIM,0.7,0.9836065573770492,0.0,0,8
engr0,OP3,MIM,0.4,BIM,0.8,0.9836065573770492,0.0,0,8
engr0,OP3,MIM,0.4,BIM,0.9,0.9836065573770492,0.0,0,8
engr0,OP3,MIM,0.4,BIM,1.0,0.9836065573770492,0.0,0,8
engr0,S7,MIM,0.4,BIM,0.1,2.3114754098360657,2.0,0,10
engr0,S7,MIM,0.4,BIM,0.2,3.081967213114754,2.0,0,13
engr0,S7,MIM,0.4,BIM,0.3,2.9508196721311477,2.0,0,13
engr0,S7,MIM,0.4,BIM,0.4,3.360655737704918,2.0,0,29
engr0,S7,MIM,0.4,BIM,0.5,3.360655737704918,2.0,0,29
engr0,S7,MIM,0.4,BIM,0.6,3.360655737704918,2.0,0,29
engr0,S7,MIM,0.4,BIM,0.7,3.360655737704918,2.0,0,29
engr0,S7,MIM,0.4,BIM,0.8,3.360655737704918,2.0,0,29
engr0,S7,MIM,0.4,BIM,0.9,3.360655737704918,2.0,0,29
engr0,S7,MIM,0.4,BIM,1.0,3.360655737704918,2.0,0,29
engr0,BLU,MIM,0.5,BIM,0.1,3.2459016393442623,3.0,0,13
engr0,BLU,MIM,0.5,BIM,0.2,3.0655737704918034,2.0,0,13
engr0,BLU,MIM,0.5,BIM,0.3,3.0655737704918034,2.0,0,20
engr0,BLU,MIM,0.5,BIM,0.4,3.0327868852459017,2.0,0,20
engr0,BLU,MIM,0.5,BIM,0.5,3.0327868852459017,2.0,0,20
engr0,BLU,MIM,0.5,BIM,0.6,3.0327868852459017,2.0,0,20
engr0,BLU,MIM,0.5,BIM,0.7,3.0327868852459017,2.0,0,20
engr0,BLU,MIM,0.5,BIM,0.8,3.0327868852459017,2.0,0,20
engr0,BLU,MIM,0.5,BIM,0.9,3.0327868852459017,2.0,0,20
engr0,BLU,MIM,0.5,BIM,1.0,3.0327868852459017,2.0,0,20
engr0,HTC,MIM,0.5,BIM,0.1,3.6557377049180326,2.0,0,15
engr0,HTC,MIM,0.5,BIM,0.2,3.4262295081967213,2.0,0,14
engr0,HTC,MIM,0.5,BIM,0.3,3.3934426229508197,2.0,0,14
engr0,HTC,MIM,0.5,BIM,0.4,3.5081967213114753,2.0,0,14
engr0,HTC,MIM,0.5,BIM,0.5,3.5081967213114753,2.0,0,14
engr0,HTC,MIM,0.5,BIM,0.6,3.5081967213114753,2.0,0,14
engr0,HTC,MIM,0.5,BIM,0.7,3.5081967213114753,2.0,0,14
engr0,HTC,MIM,0.5,BIM,0.8,3.5081967213114753,2.0,0,14
engr0,HTC,MIM,0.5,BIM,0.9,3.5081967213114753,2.0,0,14
engr0,HTC,MIM,0.5,BIM,1.0,3.5081967213114753,2.0,0,14
engr0,LG,MIM,0.5,BIM,0.1,3.2295081967213113,2.0,0,27
engr0,LG,MIM,0.5,BIM,0.2,3.6557377049180326,2.0,0,27
engr0,LG,MIM,0.5,BIM,0.3,4.442622950819672,2.0,0,26
engr0,LG,MIM,0.5,BIM,0.4,4.60655737704918,3.0,0,28
engr0,LG,MIM,0.5,BIM,0.5,4.60655737704918,3.0,0,28
engr0,LG,MIM,0.5,BIM,0.6,4.60655737704918,3.0,0,28
engr0,LG,MIM,0.5,BIM,0.7,4.60655737704918,3.0,0,28
engr0,LG,MIM,0.5,BIM,0.8,4.60655737704918,3.0,0,28
engr0,LG,MIM,0.5,BIM,0.9,4.60655737704918,3.0,0,28
engr0,LG,MIM,0.5,BIM,1.0,4.60655737704918,3.0,0,28
engr0,MOTO,MIM,0.5,BIM,0.1,1.819672131147541,1.0,0,6
engr0,MOTO,MIM,0.5,BIM,0.2,1.819672131147541,1.0,0,6
engr0,MOTO,MIM,0.5,BIM,0.3,1.819672131147541,1.0,0,6
engr0,MOTO,MIM,0.5,BIM,0.4,1.819672131147541,1.0,0,6
engr0,MOTO,MIM,0.5,BIM,0.5,1.819672131147541,1.0,0,6
engr0,MOTO,MIM,0.5,BIM,0.6,1.819672131147541,1.0,0,6
engr0,MOTO,MIM,0.5,BIM,0.7,1.819672131147541,1.0,0,6
engr0,MOTO,MIM,0.5,BIM,0.8,1.819672131147541,1.0,0,6
engr0,MOTO,MIM,0.5,BIM,0.9,1.819672131147541,1.0,0,6
engr0,MOTO,MIM,0.5,BIM,1.0,1.819672131147541,1.0,0,6
engr0,OP3,MIM,0.5,BIM,0.1,0.8360655737704918,0.0,0,10
engr0,OP3,MIM,0.5,BIM,0.2,0.9836065573770492,0.0,0,10
engr0,OP3,MIM,0.5,BIM,0.3,0.9180327868852459,0.0,0,8
engr0,OP3,MIM,0.5,BIM,0.4,0.9836065573770492,0.0,0,8
engr0,OP3,MIM,0.5,BIM,0.5,0.9836065573770492,0.0,0,8
engr0,OP3,MIM,0.5,BIM,0.6,0.9836065573770492,0.0,0,8
engr0,OP3,MIM,0.5,BIM,0.7,0.9836065573770492,0.0,0,8
engr0,OP3,MIM,0.5,BIM,0.8,0.9836065573770492,0.0,0,8
engr0,OP3,MIM,0.5,BIM,0.9,0.9836065573770492,0.0,0,8
engr0,OP3,MIM,0.5,BIM,1.0,0.9836065573770492,0.0,0,8
engr0,S7,MIM,0.5,BIM,0.1,2.3114754098360657,2.0,0,10
engr0,S7,MIM,0.5,BIM,0.2,3.081967213114754,2.0,0,13
engr0,S7,MIM,0.5,BIM,0.3,2.9508196721311477,2.0,0,13
engr0,S7,MIM,0.5,BIM,0.4,3.360655737704918,2.0,0,29
engr0,S7,MIM,0.5,BIM,0.5,3.360655737704918,2.0,0,29
engr0,S7,MIM,0.5,BIM,0.6,3.360655737704918,2.0,0,29
engr0,S7,MIM,0.5,BIM,0.7,3.360655737704918,2.0,0,29
engr0,S7,MIM,0.5,BIM,0.8,3.360655737704918,2.0,0,29
engr0,S7,MIM,0.5,BIM,0.9,3.360655737704918,2.0,0,29
engr0,S7,MIM,0.5,BIM,1.0,3.360655737704918,2.0,0,29
engr0,BLU,MIM,0.6,BIM,0.1,3.2459016393442623,3.0,0,13
engr0,BLU,MIM,0.6,BIM,0.2,3.0655737704918034,2.0,0,13
engr0,BLU,MIM,0.6,BIM,0.3,3.0655737704918034,2.0,0,20
engr0,BLU,MIM,0.6,BIM,0.4,3.0327868852459017,2.0,0,20
engr0,BLU,MIM,0.6,BIM,0.5,3.0327868852459017,2.0,0,20
engr0,BLU,MIM,0.6,BIM,0.6,3.0327868852459017,2.0,0,20
engr0,BLU,MIM,0.6,BIM,0.7,3.0327868852459017,2.0,0,20
engr0,BLU,MIM,0.6,BIM,0.8,3.0327868852459017,2.0,0,20
engr0,BLU,MIM,0.6,BIM,0.9,3.0327868852459017,2.0,0,20
engr0,BLU,MIM,0.6,BIM,1.0,3.0327868852459017,2.0,0,20
engr0,HTC,MIM,0.6,BIM,0.1,3.6557377049180326,2.0,0,15
engr0,HTC,MIM,0.6,BIM,0.2,3.4262295081967213,2.0,0,14
engr0,HTC,MIM,0.6,BIM,0.3,3.3934426229508197,2.0,0,14
engr0,HTC,MIM,0.6,BIM,0.4,3.5081967213114753,2.0,0,14
engr0,HTC,MIM,0.6,BIM,0.5,3.5081967213114753,2.0,0,14
engr0,HTC,MIM,0.6,BIM,0.6,3.5081967213114753,2.0,0,14
engr0,HTC,MIM,0.6,BIM,0.7,3.5081967213114753,2.0,0,14
engr0,HTC,MIM,0.6,BIM,0.8,3.5081967213114753,2.0,0,14
engr0,HTC,MIM,0.6,BIM,0.9,3.5081967213114753,2.0,0,14
engr0,HTC,MIM,0.6,BIM,1.0,3.5081967213114753,2.0,0,14
engr0,LG,MIM,0.6,BIM,0.1,3.2295081967213113,2.0,0,27
engr0,LG,MIM,0.6,BIM,0.2,3.6557377049180326,2.0,0,27
engr0,LG,MIM,0.6,BIM,0.3,4.442622950819672,2.0,0,26
engr0,LG,MIM,0.6,BIM,0.4,4.60655737704918,3.0,0,28
engr0,LG,MIM,0.6,BIM,0.5,4.60655737704918,3.0,0,28
engr0,LG,MIM,0.6,BIM,0.6,4.60655737704918,3.0,0,28
engr0,LG,MIM,0.6,BIM,0.7,4.60655737704918,3.0,0,28
engr0,LG,MIM,0.6,BIM,0.8,4.60655737704918,3.0,0,28
engr0,LG,MIM,0.6,BIM,0.9,4.60655737704918,3.0,0,28
engr0,LG,MIM,0.6,BIM,1.0,4.60655737704918,3.0,0,28
engr0,MOTO,MIM,0.6,BIM,0.1,1.819672131147541,1.0,0,6
engr0,MOTO,MIM,0.6,BIM,0.2,1.819672131147541,1.0,0,6
engr0,MOTO,MIM,0.6,BIM,0.3,1.819672131147541,1.0,0,6
engr0,MOTO,MIM,0.6,BIM,0.4,1.819672131147541,1.0,0,6
engr0,MOTO,MIM,0.6,BIM,0.5,1.819672131147541,1.0,0,6
engr0,MOTO,MIM,0.6,BIM,0.6,1.819672131147541,1.0,0,6
engr0,MOTO,MIM,0.6,BIM,0.7,1.819672131147541,1.0,0,6
engr0,MOTO,MIM,0.6,BIM,0.8,1.819672131147541,1.0,0,6
engr0,MOTO,MIM,0.6,BIM,0.9,1.819672131147541,1.0,0,6
engr0,MOTO,MIM,0.6,BIM,1.0,1.819672131147541,1.0,0,6
engr0,OP3,MIM,0.6,BIM,0.1,0.8360655737704918,0.0,0,10
engr0,OP3,MIM,0.6,BIM,0.2,0.9836065573770492,0.0,0,10
engr0,OP3,MIM,0.6,BIM,0.3,0.9180327868852459,0.0,0,8
engr0,OP3,MIM,0.6,BIM,0.4,0.9836065573770492,0.0,0,8
engr0,OP3,MIM,0.6,BIM,0.5,0.9836065573770492,0.0,0,8
engr0,OP3,MIM,0.6,BIM,0.6,0.9836065573770492,0.0,0,8
engr0,OP3,MIM,0.6,BIM,0.7,0.9836065573770492,0.0,0,8
engr0,OP3,MIM,0.6,BIM,0.8,0.9836065573770492,0.0,0,8
engr0,OP3,MIM,0.6,BIM,0.9,0.9836065573770492,0.0,0,8
engr0,OP3,MIM,0.6,BIM,1.0,0.9836065573770492,0.0,0,8
engr0,S7,MIM,0.6,BIM,0.1,2.3114754098360657,2.0,0,10
engr0,S7,MIM,0.6,BIM,0.2,3.081967213114754,2.0,0,13
engr0,S7,MIM,0.6,BIM,0.3,2.9508196721311477,2.0,0,13
engr0,S7,MIM,0.6,BIM,0.4,3.360655737704918,2.0,0,29
engr0,S7,MIM,0.6,BIM,0.5,3.360655737704918,2.0,0,29
engr0,S7,MIM,0.6,BIM,0.6,3.360655737704918,2.0,0,29
engr0,S7,MIM,0.6,BIM,0.7,3.360655737704918,2.0,0,29
engr0,S7,MIM,0.6,BIM,0.8,3.360655737704918,2.0,0,29
engr0,S7,MIM,0.6,BIM,0.9,3.360655737704918,2.0,0,29
engr0,S7,MIM,0.6,BIM,1.0,3.360655737704918,2.0,0,29
engr0,BLU,MIM,0.7,BIM,0.1,3.2459016393442623,3.0,0,13
engr0,BLU,MIM,0.7,BIM,0.2,3.0655737704918034,2.0,0,13
engr0,BLU,MIM,0.7,BIM,0.3,3.0655737704918034,2.0,0,20
engr0,BLU,MIM,0.7,BIM,0.4,3.0327868852459017,2.0,0,20
engr0,BLU,MIM,0.7,BIM,0.5,3.0327868852459017,2.0,0,20
engr0,BLU,MIM,0.7,BIM,0.6,3.0327868852459017,2.0,0,20
engr0,BLU,MIM,0.7,BIM,0.7,3.0327868852459017,2.0,0,20
engr0,BLU,MIM,0.7,BIM,0.8,3.0327868852459017,2.0,0,20
engr0,BLU,MIM,0.7,BIM,0.9,3.0327868852459017,2.0,0,20
engr0,BLU,MIM,0.7,BIM,1.0,3.0327868852459017,2.0,0,20
engr0,HTC,MIM,0.7,BIM,0.1,3.6557377049180326,2.0,0,15
engr0,HTC,MIM,0.7,BIM,0.2,3.4262295081967213,2.0,0,14
engr0,HTC,MIM,0.7,BIM,0.3,3.3934426229508197,2.0,0,14
engr0,HTC,MIM,0.7,BIM,0.4,3.5081967213114753,2.0,0,14
engr0,HTC,MIM,0.7,BIM,0.5,3.5081967213114753,2.0,0,14
engr0,HTC,MIM,0.7,BIM,0.6,3.5081967213114753,2.0,0,14
engr0,HTC,MIM,0.7,BIM,0.7,3.5081967213114753,2.0,0,14
engr0,HTC,MIM,0.7,BIM,0.8,3.5081967213114753,2.0,0,14
engr0,HTC,MIM,0.7,BIM,0.9,3.5081967213114753,2.0,0,14
engr0,HTC,MIM,0.7,BIM,1.0,3.5081967213114753,2.0,0,14
engr0,LG,MIM,0.7,BIM,0.1,3.2295081967213113,2.0,0,27
engr0,LG,MIM,0.7,BIM,0.2,3.6557377049180326,2.0,0,27
engr0,LG,MIM,0.7,BIM,0.3,4.442622950819672,2.0,0,26
engr0,LG,MIM,0.7,BIM,0.4,4.60655737704918,3.0,0,28
engr0,LG,MIM,0.7,BIM,0.5,4.60655737704918,3.0,0,28
engr0,LG,MIM,0.7,BIM,0.6,4.60655737704918,3.0,0,28
engr0,LG,MIM,0.7,BIM,0.7,4.60655737704918,3.0,0,28
engr0,LG,MIM,0.7,BIM,0.8,4.60655737704918,3.0,0,28
engr0,LG,MIM,0.7,BIM,0.9,4.60655737704918,3.0,0,28
engr0,LG,MIM,0.7,BIM,1.0,4.60655737704918,3.0,0,28
engr0,MOTO,MIM,0.7,BIM,0.1,1.819672131147541,1.0,0,6
engr0,MOTO,MIM,0.7,BIM,0.2,1.819672131147541,1.0,0,6
engr0,MOTO,MIM,0.7,BIM,0.3,1.819672131147541,1.0,0,6
engr0,MOTO,MIM,0.7,BIM,0.4,1.819672131147541,1.0,0,6
engr0,MOTO,MIM,0.7,BIM,0.5,1.819672131147541,1.0,0,6
engr0,MOTO,MIM,0.7,BIM,0.6,1.819672131147541,1.0,0,6
engr0,MOTO,MIM,0.7,BIM,0.7,1.819672131147541,1.0,0,6
engr0,MOTO,MIM,0.7,BIM,0.8,1.819672131147541,1.0,0,6
engr0,MOTO,MIM,0.7,BIM,0.9,1.819672131147541,1.0,0,6
engr0,MOTO,MIM,0.7,BIM,1.0,1.819672131147541,1.0,0,6
engr0,OP3,MIM,0.7,BIM,0.1,0.8360655737704918,0.0,0,10
engr0,OP3,MIM,0.7,BIM,0.2,0.9836065573770492,0.0,0,10
engr0,OP3,MIM,0.7,BIM,0.3,0.9180327868852459,0.0,0,8
engr0,OP3,MIM,0.7,BIM,0.4,0.9836065573770492,0.0,0,8
engr0,OP3,MIM,0.7,BIM,0.5,0.9836065573770492,0.0,0,8
engr0,OP3,MIM,0.7,BIM,0.6,0.9836065573770492,0.0,0,8
engr0,OP3,MIM,0.7,BIM,0.7,0.9836065573770492,0.0,0,8
engr0,OP3,MIM,0.7,BIM,0.8,0.9836065573770492,0.0,0,8
engr0,OP3,MIM,0.7,BIM,0.9,0.9836065573770492,0.0,0,8
engr0,OP3,MIM,0.7,BIM,1.0,0.9836065573770492,0.0,0,8
engr0,S7,MIM,0.7,BIM,0.1,2.3114754098360657,2.0,0,10
engr0,S7,MIM,0.7,BIM,0.2,3.081967213114754,2.0,0,13
engr0,S7,MIM,0.7,BIM,0.3,2.9508196721311477,2.0,0,13
engr0,S7,MIM,0.7,BIM,0.4,3.360655737704918,2.0,0,29
engr0,S7,MIM,0.7,BIM,0.5,3.360655737704918,2.0,0,29
engr0,S7,MIM,0.7,BIM,0.6,3.360655737704918,2.0,0,29
engr0,S7,MIM,0.7,BIM,0.7,3.360655737704918,2.0,0,29
engr0,S7,MIM,0.7,BIM,0.8,3.360655737704918,2.0,0,29
engr0,S7,MIM,0.7,BIM,0.9,3.360655737704918,2.0,0,29
engr0,S7,MIM,0.7,BIM,1.0,3.360655737704918,2.0,0,29
engr0,BLU,MIM,0.8,BIM,0.1,3.2459016393442623,3.0,0,13
engr0,BLU,MIM,0.8,BIM,0.2,3.0655737704918034,2.0,0,13
engr0,BLU,MIM,0.8,BIM,0.3,3.0655737704918034,2.0,0,20
engr0,BLU,MIM,0.8,BIM,0.4,3.0327868852459017,2.0,0,20
engr0,BLU,MIM,0.8,BIM,0.5,3.0327868852459017,2.0,0,20
engr0,BLU,MIM,0.8,BIM,0.6,3.0327868852459017,2.0,0,20
engr0,BLU,MIM,0.8,BIM,0.7,3.0327868852459017,2.0,0,20
engr0,BLU,MIM,0.8,BIM,0.8,3.0327868852459017,2.0,0,20
engr0,BLU,MIM,0.8,BIM,0.9,3.0327868852459017,2.0,0,20
engr0,BLU,MIM,0.8,BIM,1.0,3.0327868852459017,2.0,0,20
engr0,HTC,MIM,0.8,BIM,0.1,3.6557377049180326,2.0,0,15
engr0,HTC,MIM,0.8,BIM,0.2,3.4262295081967213,2.0,0,14
engr0,HTC,MIM,0.8,BIM,0.3,3.3934426229508197,2.0,0,14
engr0,HTC,MIM,0.8,BIM,0.4,3.5081967213114753,2.0,0,14
engr0,HTC,MIM,0.8,BIM,0.5,3.5081967213114753,2.0,0,14
engr0,HTC,MIM,0.8,BIM,0.6,3.5081967213114753,2.0,0,14
engr0,HTC,MIM,0.8,BIM,0.7,3.5081967213114753,2.0,0,14
engr0,HTC,MIM,0.8,BIM,0.8,3.5081967213114753,2.0,0,14
engr0,HTC,MIM,0.8,BIM,0.9,3.5081967213114753,2.0,0,14
engr0,HTC,MIM,0.8,BIM,1.0,3.5081967213114753,2.0,0,14
engr0,LG,MIM,0.8,BIM,0.1,3.2295081967213113,2.0,0,27
engr0,LG,MIM,0.8,BIM,0.2,3.6557377049180326,2.0,0,27
engr0,LG,MIM,0.8,BIM,0.3,4.442622950819672,2.0,0,26
engr0,LG,MIM,0.8,BIM,0.4,4.60655737704918,3.0,0,28
engr0,LG,MIM,0.8,BIM,0.5,4.60655737704918,3.0,0,28
engr0,LG,MIM,0.8,BIM,0.6,4.60655737704918,3.0,0,28
engr0,LG,MIM,0.8,BIM,0.7,4.60655737704918,3.0,0,28
engr0,LG,MIM,0.8,BIM,0.8,4.60655737704918,3.0,0,28
engr0,LG,MIM,0.8,BIM,0.9,4.60655737704918,3.0,0,28
engr0,LG,MIM,0.8,BIM,1.0,4.60655737704918,3.0,0,28
engr0,MOTO,MIM,0.8,BIM,0.1,1.819672131147541,1.0,0,6
engr0,MOTO,MIM,0.8,BIM,0.2,1.819672131147541,1.0,0,6
engr0,MOTO,MIM,0.8,BIM,0.3,1.819672131147541,1.0,0,6
engr0,MOTO,MIM,0.8,BIM,0.4,1.819672131147541,1.0,0,6
engr0,MOTO,MIM,0.8,BIM,0.5,1.819672131147541,1.0,0,6
engr0,MOTO,MIM,0.8,BIM,0.6,1.819672131147541,1.0,0,6
engr0,MOTO,MIM,0.8,BIM,0.7,1.819672131147541,1.0,0,6
engr0,MOTO,MIM,0.8,BIM,0.8,1.819672131147541,1.0,0,6
engr0,MOTO,MIM,0.8,BIM,0.9,1.819672131147541,1.0,0,6
engr0,MOTO,MIM,0.8,BIM,1.0,1.819672131147541,1.0,0,6
engr0,OP3,MIM,0.8,BIM,0.1,0.8360655737704918,0.0,0,10
engr0,OP3,MIM,0.8,BIM,0.2,0.9836065573770492,0.0,0,10
engr0,OP3,MIM,0.8,BIM,0.3,0.9180327868852459,0.0,0,8
engr0,OP3,MIM,0.8,BIM,0.4,0.9836065573770492,0.0,0,8
engr0,OP3,MIM,0.8,BIM,0.5,0.9836065573770492,0.0,0,8
engr0,OP3,MIM,0.8,BIM,0.6,0.9836065573770492,0.0,0,8
engr0,OP3,MIM,0.8,BIM,0.7,0.9836065573770492,0.0,0,8
engr0,OP3,MIM,0.8,BIM,0.8,0.9836065573770492,0.0,0,8
engr0,OP3,MIM,0.8,BIM,0.9,0.9836065573770492,0.0,0,8
engr0,OP3,MIM,0.8,BIM,1.0,0.9836065573770492,0.0,0,8
engr0,S7,MIM,0.8,BIM,0.1,2.3114754098360657,2.0,0,10
engr0,S7,MIM,0.8,BIM,0.2,3.081967213114754,2.0,0,13
engr0,S7,MIM,0.8,BIM,0.3,2.9508196721311477,2.0,0,13
engr0,S7,MIM,0.8,BIM,0.4,3.360655737704918,2.0,0,29
engr0,S7,MIM,0.8,BIM,0.5,3.360655737704918,2.0,0,29
engr0,S7,MIM,0.8,BIM,0.6,3.360655737704918,2.0,0,29
engr0,S7,MIM,0.8,BIM,0.7,3.360655737704918,2.0,0,29
engr0,S7,MIM,0.8,BIM,0.8,3.360655737704918,2.0,0,29
engr0,S7,MIM,0.8,BIM,0.9,3.360655737704918,2.0,0,29
engr0,S7,MIM,0.8,BIM,1.0,3.360655737704918,2.0,0,29
engr0,BLU,MIM,0.9,BIM,0.1,3.2459016393442623,3.0,0,13
engr0,BLU,MIM,0.9,BIM,0.2,3.0655737704918034,2.0,0,13
engr0,BLU,MIM,0.9,BIM,0.3,3.0655737704918034,2.0,0,20
engr0,BLU,MIM,0.9,BIM,0.4,3.0327868852459017,2.0,0,20
engr0,BLU,MIM,0.9,BIM,0.5,3.0327868852459017,2.0,0,20
engr0,BLU,MIM,0.9,BIM,0.6,3.0327868852459017,2.0,0,20
engr0,BLU,MIM,0.9,BIM,0.7,3.0327868852459017,2.0,0,20
engr0,BLU,MIM,0.9,BIM,0.8,3.0327868852459017,2.0,0,20
engr0,BLU,MIM,0.9,BIM,0.9,3.0327868852459017,2.0,0,20
engr0,BLU,MIM,0.9,BIM,1.0,3.0327868852459017,2.0,0,20
engr0,HTC,MIM,0.9,BIM,0.1,3.6557377049180326,2.0,0,15
engr0,HTC,MIM,0.9,BIM,0.2,3.4262295081967213,2.0,0,14
engr0,HTC,MIM,0.9,BIM,0.3,3.3934426229508197,2.0,0,14
engr0,HTC,MIM,0.9,BIM,0.4,3.5081967213114753,2.0,0,14
engr0,HTC,MIM,0.9,BIM,0.5,3.5081967213114753,2.0,0,14
engr0,HTC,MIM,0.9,BIM,0.6,3.5081967213114753,2.0,0,14
engr0,HTC,MIM,0.9,BIM,0.7,3.5081967213114753,2.0,0,14
engr0,HTC,MIM,0.9,BIM,0.8,3.5081967213114753,2.0,0,14
engr0,HTC,MIM,0.9,BIM,0.9,3.5081967213114753,2.0,0,14
engr0,HTC,MIM,0.9,BIM,1.0,3.5081967213114753,2.0,0,14
engr0,LG,MIM,0.9,BIM,0.1,3.2295081967213113,2.0,0,27
engr0,LG,MIM,0.9,BIM,0.2,3.6557377049180326,2.0,0,27
engr0,LG,MIM,0.9,BIM,0.3,4.442622950819672,2.0,0,26
engr0,LG,MIM,0.9,BIM,0.4,4.60655737704918,3.0,0,28
engr0,LG,MIM,0.9,BIM,0.5,4.60655737704918,3.0,0,28
engr0,LG,MIM,0.9,BIM,0.6,4.60655737704918,3.0,0,28
engr0,LG,MIM,0.9,BIM,0.7,4.60655737704918,3.0,0,28
engr0,LG,MIM,0.9,BIM,0.8,4.60655737704918,3.0,0,28
engr0,LG,MIM,0.9,BIM,0.9,4.60655737704918,3.0,0,28
engr0,LG,MIM,0.9,BIM,1.0,4.60655737704918,3.0,0,28
engr0,MOTO,MIM,0.9,BIM,0.1,1.819672131147541,1.0,0,6
engr0,MOTO,MIM,0.9,BIM,0.2,1.819672131147541,1.0,0,6
engr0,MOTO,MIM,0.9,BIM,0.3,1.819672131147541,1.0,0,6
engr0,MOTO,MIM,0.9,BIM,0.4,1.819672131147541,1.0,0,6
engr0,MOTO,MIM,0.9,BIM,0.5,1.819672131147541,1.0,0,6
engr0,MOTO,MIM,0.9,BIM,0.6,1.819672131147541,1.0,0,6
engr0,MOTO,MIM,0.9,BIM,0.7,1.819672131147541,1.0,0,6
engr0,MOTO,MIM,0.9,BIM,0.8,1.819672131147541,1.0,0,6
engr0,MOTO,MIM,0.9,BIM,0.9,1.819672131147541,1.0,0,6
engr0,MOTO,MIM,0.9,BIM,1.0,1.819672131147541,1.0,0,6
engr0,OP3,MIM,0.9,BIM,0.1,0.8360655737704918,0.0,0,10
engr0,OP3,MIM,0.9,BIM,0.2,0.9836065573770492,0.0,0,10
engr0,OP3,MIM,0.9,BIM,0.3,0.9180327868852459,0.0,0,8
engr0,OP3,MIM,0.9,BIM,0.4,0.9836065573770492,0.0,0,8
engr0,OP3,MIM,0.9,BIM,0.5,0.9836065573770492,0.0,0,8
engr0,OP3,MIM,0.9,BIM,0.6,0.9836065573770492,0.0,0,8
engr0,OP3,MIM,0.9,BIM,0.7,0.9836065573770492,0.0,0,8
engr0,OP3,MIM,0.9,BIM,0.8,0.9836065573770492,0.0,0,8
engr0,OP3,MIM,0.9,BIM,0.9,0.9836065573770492,0.0,0,8
engr0,OP3,MIM,0.9,BIM,1.0,0.9836065573770492,0.0,0,8
engr0,S7,MIM,0.9,BIM,0.1,2.3114754098360657,2.0,0,10
engr0,S7,MIM,0.9,BIM,0.2,3.081967213114754,2.0,0,13
engr0,S7,MIM,0.9,BIM,0.3,2.9508196721311477,2.0,0,13
engr0,S7,MIM,0.9,BIM,0.4,3.360655737704918,2.0,0,29
engr0,S7,MIM,0.9,BIM,0.5,3.360655737704918,2.0,0,29
engr0,S7,MIM,0.9,BIM,0.6,3.360655737704918,2.0,0,29
engr0,S7,MIM,0.9,BIM,0.7,3.360655737704918,2.0,0,29
engr0,S7,MIM,0.9,BIM,0.8,3.360655737704918,2.0,0,29
engr0,S7,MIM,0.9,BIM,0.9,3.360655737704918,2.0,0,29
engr0,S7,MIM,0.9,BIM,1.0,3.360655737704918,2.0,0,29
engr0,BLU,MIM,1.0,BIM,0.1,3.2459016393442623,3.0,0,13
engr0,BLU,MIM,1.0,BIM,0.2,3.0655737704918034,2.0,0,13
engr0,BLU,MIM,1.0,BIM,0.3,3.0655737704918034,2.0,0,20
engr0,BLU,MIM,1.0,BIM,0.4,3.0327868852459017,2.0,0,20
engr0,BLU,MIM,1.0,BIM,0.5,3.0327868852459017,2.0,0,20
engr0,BLU,MIM,1.0,BIM,0.6,3.0327868852459017,2.0,0,20
engr0,BLU,MIM,1.0,BIM,0.7,3.0327868852459017,2.0,0,20
engr0,BLU,MIM,1.0,BIM,0.8,3.0327868852459017,2.0,0,20
engr0,BLU,MIM,1.0,BIM,0.9,3.0327868852459017,2.0,0,20
engr0,BLU,MIM,1.0,BIM,1.0,3.0327868852459017,2.0,0,20
engr0,HTC,MIM,1.0,BIM,0.1,3.6557377049180326,2.0,0,15
engr0,HTC,MIM,1.0,BIM,0.2,3.4262295081967213,2.0,0,14
engr0,HTC,MIM,1.0,BIM,0.3,3.3934426229508197,2.0,0,14
engr0,HTC,MIM,1.0,BIM,0.4,3.5081967213114753,2.0,0,14
engr0,HTC,MIM,1.0,BIM,0.5,3.5081967213114753,2.0,0,14
engr0,HTC,MIM,1.0,BIM,0.6,3.5081967213114753,2.0,0,14
engr0,HTC,MIM,1.0,BIM,0.7,3.5081967213114753,2.0,0,14
engr0,HTC,MIM,1.0,BIM,0.8,3.5081967213114753,2.0,0,14
engr0,HTC,MIM,1.0,BIM,0.9,3.5081967213114753,2.0,0,14
engr0,HTC,MIM,1.0,BIM,1.0,3.5081967213114753,2.0,0,14
engr0,LG,MIM,1.0,BIM,0.1,3.2295081967213113,2.0,0,27
engr0,LG,MIM,1.0,BIM,0.2,3.6557377049180326,2.0,0,27
engr0,LG,MIM,1.0,BIM,0.3,4.442622950819672,2.0,0,26
engr0,LG,MIM,1.0,BIM,0.4,4.60655737704918,3.0,0,28
engr0,LG,MIM,1.0,BIM,0.5,4.60655737704918,3.0,0,28
engr0,LG,MIM,1.0,BIM,0.6,4.60655737704918,3.0,0,28
engr0,LG,MIM,1.0,BIM,0.7,4.60655737704918,3.0,0,28
engr0,LG,MIM,1.0,BIM,0.8,4.60655737704918,3.0,0,28
engr0,LG,MIM,1.0,BIM,0.9,4.60655737704918,3.0,0,28
engr0,LG,MIM,1.0,BIM,1.0,4.60655737704918,3.0,0,28
engr0,MOTO,MIM,1.0,BIM,0.1,1.819672131147541,1.0,0,6
engr0,MOTO,MIM,1.0,BIM,0.2,1.819672131147541,1.0,0,6
engr0,MOTO,MIM,1.0,BIM,0.3,1.819672131147541,1.0,0,6
engr0,MOTO,MIM,1.0,BIM,0.4,1.819672131147541,1.0,0,6
engr0,MOTO,MIM,1.0,BIM,0.5,1.819672131147541,1.0,0,6
engr0,MOTO,MIM,1.0,BIM,0.6,1.819672131147541,1.0,0,6
engr0,MOTO,MIM,1.0,BIM,0.7,1.819672131147541,1.0,0,6
engr0,MOTO,MIM,1.0,BIM,0.8,1.819672131147541,1.0,0,6
engr0,MOTO,MIM,1.0,BIM,0.9,1.819672131147541,1.0,0,6
engr0,MOTO,MIM,1.0,BIM,1.0,1.819672131147541,1.0,0,6
engr0,OP3,MIM,1.0,BIM,0.1,0.8360655737704918,0.0,0,10
engr0,OP3,MIM,1.0,BIM,0.2,0.9836065573770492,0.0,0,10
engr0,OP3,MIM,1.0,BIM,0.3,0.9180327868852459,0.0,0,8
engr0,OP3,MIM,1.0,BIM,0.4,0.9836065573770492,0.0,0,8
engr0,OP3,MIM,1.0,BIM,0.5,0.9836065573770492,0.0,0,8
engr0,OP3,MIM,1.0,BIM,0.6,0.9836065573770492,0.0,0,8
engr0,OP3,MIM,1.0,BIM,0.7,0.9836065573770492,0.0,0,8
engr0,OP3,MIM,1.0,BIM,0.8,0.9836065573770492,0.0,0,8
engr0,OP3,MIM,1.0,BIM,0.9,0.9836065573770492,0.0,0,8
engr0,OP3,MIM,1.0,BIM,1.0,0.9836065573770492,0.0,0,8
engr0,S7,MIM,1.0,BIM,0.1,2.3114754098360657,2.0,0,10
engr0,S7,MIM,1.0,BIM,0.2,3.081967213114754,2.0,0,13
engr0,S7,MIM,1.0,BIM,0.3,2.9508196721311477,2.0,0,13
engr0,S7,MIM,1.0,BIM,0.4,3.360655737704918,2.0,0,29
engr0,S7,MIM,1.0,BIM,0.5,3.360655737704918,2.0,0,29
engr0,S7,MIM,1.0,BIM,0.6,3.360655737704918,2.0,0,29
engr0,S7,MIM,1.0,BIM,0.7,3.360655737704918,2.0,0,29
engr0,S7,MIM,1.0,BIM,0.8,3.360655737704918,2.0,0,29
engr0,S7,MIM,1.0,BIM,0.9,3.360655737704918,2.0,0,29
engr0,S7,MIM,1.0,BIM,1.0,3.360655737704918,2.0,0,29
engr0,BLU,BIM,0.1,BIM,0.1,3.5081967213114753,3.0,0,17
engr0,BLU,BIM,0.1,BIM,0.2,3.4754098360655736,2.0,0,24
engr0,BLU,BIM,0.1,BIM,0.3,3.2295081967213113,2.0,0,13
engr0,BLU,BIM,0.1,BIM,0.4,3.1639344262295084,2.0,0,13
engr0,BLU,BIM,0.1,BIM,0.5,3.1639344262295084,2.0,0,13
engr0,BLU,BIM,0.1,BIM,0.6,3.1639344262295084,2.0,0,13
engr0,BLU,BIM,0.1,BIM,0.7,3.1639344262295084,2.0,0,13
engr0,BLU,BIM,0.1,BIM,0.8,3.1639344262295084,2.0,0,13
engr0,BLU,BIM,0.1,BIM,0.9,3.1639344262295084,2.0,0,13
engr0,BLU,BIM,0.1,BIM,1.0,3.1639344262295084,2.0,0,13
engr0,HTC,BIM,0.1,BIM,0.1,3.6885245901639343,2.0,0,16
engr0,HTC,BIM,0.1,BIM,0.2,3.4754098360655736,2.0,0,17
engr0,HTC,BIM,0.1,BIM,0.3,3.639344262295082,2.0,0,17
engr0,HTC,BIM,0.1,BIM,0.4,3.4754098360655736,2.0,0,16
engr0,HTC,BIM,0.1,BIM,0.5,3.4754098360655736,2.0,0,16
engr0,HTC,BIM,0.1,BIM,0.6,3.4754098360655736,2.0,0,16
engr0,HTC,BIM,0.1,BIM,0.7,3.4754098360655736,2.0,0,16
engr0,HTC,BIM,0.1,BIM,0.8,3.4754098360655736,2.0,0,16
engr0,HTC,BIM,0.1,BIM,0.9,3.4754098360655736,2.0,0,16
engr0,HTC,BIM,0.1,BIM,1.0,3.4754098360655736,2.0,0,16
engr0,LG,BIM,0.1,BIM,0.1,4.754098360655738,3.0,0,27
engr0,LG,BIM,0.1,BIM,0.2,5.60655737704918,3.0,0,45
engr0,LG,BIM,0.1,BIM,0.3,5.459016393442623,3.0,0,45
engr0,LG,BIM,0.1,BIM,0.4,5.590163934426229,4.0,0,45
engr0,LG,BIM,0.1,BIM,0.5,5.590163934426229,4.0,0,45
engr0,LG,BIM,0.1,BIM,0.6,5.590163934426229,4.0,0,45
engr0,LG,BIM,0.1,BIM,0.7,5.590163934426229,4.0,0,45
engr0,LG,BIM,0.1,BIM,0.8,5.590163934426229,4.0,0,45
engr0,LG,BIM,0.1,BIM,0.9,5.590163934426229,4.0,0,45
engr0,LG,BIM,0.1,BIM,1.0,5.590163934426229,4.0,0,45
engr0,MOTO,BIM,0.1,BIM,0.1,5.704918032786885,4.0,0,39
engr0,MOTO,BIM,0.1,BIM,0.2,12.721311475409836,9.0,0,50
engr0,MOTO,BIM,0.1,BIM,0.3,20.688524590163933,14.0,0,58
engr0,MOTO,BIM,0.1,BIM,0.4,22.098360655737704,20.0,0,50
engr0,MOTO,BIM,0.1,BIM,0.5,22.098360655737704,20.0,0,50
engr0,MOTO,BIM,0.1,BIM,0.6,22.098360655737704,20.0,0,50
engr0,MOTO,BIM,0.1,BIM,0.7,22.098360655737704,20.0,0,50
engr0,MOTO,BIM,0.1,BIM,0.8,22.098360655737704,20.0,0,50
engr0,MOTO,BIM,0.1,BIM,0.9,22.098360655737704,20.0,0,50
engr0,MOTO,BIM,0.1,BIM,1.0,22.098360655737704,20.0,0,50
engr0,OP3,BIM,0.1,BIM,0.1,1.0327868852459017,0.0,0,9
engr0,OP3,BIM,0.1,BIM,0.2,1.1311475409836065,0.0,0,12
engr0,OP3,BIM,0.1,BIM,0.3,1.2131147540983607,0.0,0,12
engr0,OP3,BIM,0.1,BIM,0.4,1.180327868852459,0.0,0,12
engr0,OP3,BIM,0.1,BIM,0.5,1.180327868852459,0.0,0,12
engr0,OP3,BIM,0.1,BIM,0.6,1.180327868852459,0.0,0,12
engr0,OP3,BIM,0.1,BIM,0.7,1.180327868852459,0.0,0,12
engr0,OP3,BIM,0.1,BIM,0.8,1.180327868852459,0.0,0,12
engr0,OP3,BIM,0.1,BIM,0.9,1.180327868852459,0.0,0,12
engr0,OP3,BIM,0.1,BIM,1.0,1.180327868852459,0.0,0,12
engr0,S7,BIM,0.1,BIM,0.1,3.0,2.0,0,45
engr0,S7,BIM,0.1,BIM,0.2,2.4754098360655736,2.0,0,9
engr0,S7,BIM,0.1,BIM,0.3,2.5081967213114753,2.0,0,10
engr0,S7,BIM,0.1,BIM,0.4,2.3934426229508197,2.0,0,10
engr0,S7,BIM,0.1,BIM,0.5,2.3934426229508197,2.0,0,10
engr0,S7,BIM,0.1,BIM,0.6,2.3934426229508197,2.0,0,10
engr0,S7,BIM,0.1,BIM,0.7,2.3934426229508197,2.0,0,10
engr0,S7,BIM,0.1,BIM,0.8,2.3934426229508197,2.0,0,10
engr0,S7,BIM,0.1,BIM,0.9,2.3934426229508197,2.0,0,10
engr0,S7,BIM,0.1,BIM,1.0,2.3934426229508197,2.0,0,10
engr0,BLU,BIM,0.2,BIM,0.1,3.7540983606557377,3.0,0,19
engr0,BLU,BIM,0.2,BIM,0.2,3.8360655737704916,2.0,0,24
engr0,BLU,BIM,0.2,BIM,0.3,3.901639344262295,3.0,0,26
engr0,BLU,BIM,0.2,BIM,0.4,3.918032786885246,3.0,0,26
engr0,BLU,BIM,0.2,BIM,0.5,3.918032786885246,3.0,0,26
engr0,BLU,BIM,0.2,BIM,0.6,3.918032786885246,3.0,0,26
engr0,BLU,BIM,0.2,BIM,0.7,3.918032786885246,3.0,0,26
engr0,BLU,BIM,0.2,BIM,0.8,3.918032786885246,3.0,0,26
engr0,BLU,BIM,0.2,BIM,0.9,3.918032786885246,3.0,0,26
engr0,BLU,BIM,0.2,BIM,1.0,3.918032786885246,3.0,0,26
engr0,HTC,BIM,0.2,BIM,0.1,3.2950819672131146,2.0,0,16
engr0,HTC,BIM,0.2,BIM,0.2,3.721311475409836,2.0,0,17
engr0,HTC,BIM,0.2,BIM,0.3,3.8360655737704916,3.0,0,17
engr0,HTC,BIM,0.2,BIM,0.4,3.8360655737704916,3.0,0,17
engr0,HTC,BIM,0.2,BIM,0.5,3.8360655737704916,3.0,0,17
engr0,HTC,BIM,0.2,BIM,0.6,3.8360655737704916,3.0,0,17
engr0,HTC,BIM,0.2,BIM,0.7,3.8360655737704916,3.0,0,17
engr0,HTC,BIM,0.2,BIM,0.8,3.8360655737704916,3.0,0,17
engr0,HTC,BIM,0.2,BIM,0.9,3.8360655737704916,3.0,0,17
engr0,HTC,BIM,0.2,BIM,1.0,3.8360655737704916,3.0,0,17
engr0,LG,BIM,0.2,BIM,0.1,5.0,3.0,0,27
engr0,LG,BIM,0.2,BIM,0.2,5.524590163934426,4.0,0,27
engr0,LG,BIM,0.2,BIM,0.3,5.491803278688525,3.0,0,27
engr0,LG,BIM,0.2,BIM,0.4,5.590163934426229,4.0,0,27
engr0,LG,BIM,0.2,BIM,0.5,5.590163934426229,4.0,0,27
engr0,LG,BIM,0.2,BIM,0.6,5.590163934426229,4.0,0,27
engr0,LG,BIM,0.2,BIM,0.7,5.590163934426229,4.0,0,27
engr0,LG,BIM,0.2,BIM,0.8,5.590163934426229,4.0,0,27
engr0,LG,BIM,0.2,BIM,0.9,5.590163934426229,4.0,0,27
engr0,LG,BIM,0.2,BIM,1.0,5.590163934426229,4.0,0,27
engr0,MOTO,BIM,0.2,BIM,0.1,5.459016393442623,4.0,0,30
engr0,MOTO,BIM,0.2,BIM,0.2,14.37704918032787,11.0,0,50
engr0,MOTO,BIM,0.2,BIM,0.3,22.901639344262296,21.0,0,53
engr0,MOTO,BIM,0.2,BIM,0.4,21.80327868852459,20.0,0,50
engr0,MOTO,BIM,0.2,BIM,0.5,21.80327868852459,20.0,0,50
engr0,MOTO,BIM,0.2,BIM,0.6,21.80327868852459,20.0,0,50
engr0,MOTO,BIM,0.2,BIM,0.7,21.80327868852459,20.0,0,50
engr0,MOTO,BIM,0.2,BIM,0.8,21.80327868852459,20.0,0,50
engr0,MOTO,BIM,0.2,BIM,0.9,21.80327868852459,20.0,0,50
engr0,MOTO,BIM,0.2,BIM,1.0,21.80327868852459,20.0,0,50
engr0,OP3,BIM,0.2,BIM,0.1,1.0163934426229508,0.0,0,12
engr0,OP3,BIM,0.2,BIM,0.2,1.098360655737705,0.0,0,12
engr0,OP3,BIM,0.2,BIM,0.3,1.1475409836065573,0.0,0,12
engr0,OP3,BIM,0.2,BIM,0.4,1.1639344262295082,0.0,0,12
engr0,OP3,BIM,0.2,BIM,0.5,1.1639344262295082,0.0,0,12
engr0,OP3,BIM,0.2,BIM,0.6,1.1639344262295082,0.0,0,12
engr0,OP3,BIM,0.2,BIM,0.7,1.1639344262295082,0.0,0,12
engr0,OP3,BIM,0.2,BIM,0.8,1.1639344262295082,0.0,0,12
engr0,OP3,BIM,0.2,BIM,0.9,1.1639344262295082,0.0,0,12
engr0,OP3,BIM,0.2,BIM,1.0,1.1639344262295082,0.0,0,12
engr0,S7,BIM,0.2,BIM,0.1,2.6065573770491803,2.0,0,18
engr0,S7,BIM,0.2,BIM,0.2,2.3278688524590163,2.0,0,9
engr0,S7,BIM,0.2,BIM,0.3,2.622950819672131,2.0,0,18
engr0,S7,BIM,0.2,BIM,0.4,2.6721311475409837,2.0,0,18
engr0,S7,BIM,0.2,BIM,0.5,2.6721311475409837,2.0,0,18
engr0,S7,BIM,0.2,BIM,0.6,2.6721311475409837,2.0,0,18
engr0,S7,BIM,0.2,BIM,0.7,2.6721311475409837,2.0,0,18
engr0,S7,BIM,0.2,BIM,0.8,2.6721311475409837,2.0,0,18
engr0,S7,BIM,0.2,BIM,0.9,2.6721311475409837,2.0,0,18
engr0,S7,BIM,0.2,BIM,1.0,2.6721311475409837,2.0,0,18
engr0,BLU,BIM,0.3,BIM,0.1,3.1639344262295084,2.0,0,13
engr0,BLU,BIM,0.3,BIM,0.2,3.5737704918032787,3.0,0,26
engr0,BLU,BIM,0.3,BIM,0.3,3.4262295081967213,2.0,0,26
engr0,BLU,BIM,0.3,BIM,0.4,3.442622950819672,2.0,0,26
engr0,BLU,BIM,0.3,BIM,0.5,3.442622950819672,2.0,0,26
engr0,BLU,BIM,0.3,BIM,0.6,3.442622950819672,2.0,0,26
engr0,BLU,BIM,0.3,BIM,0.7,3.442622950819672,2.0,0,26
engr0,BLU,BIM,0.3,BIM,0.8,3.442622950819672,2.0,0,26
engr0,BLU,BIM,0.3,BIM,0.9,3.442622950819672,2.0,0,26
engr0,BLU,BIM,0.3,BIM,1.0,3.442622950819672,2.0,0,26
engr0,HTC,BIM,0.3,BIM,0.1,3.5901639344262297,2.0,0,16
engr0,HTC,BIM,0.3,BIM,0.2,3.8360655737704916,2.0,0,17
engr0,HTC,BIM,0.3,BIM,0.3,4.065573770491803,2.0,0,17
engr0,HTC,BIM,0.3,BIM,0.4,4.098360655737705,3.0,0,17
engr0,HTC,BIM,0.3,BIM,0.5,4.098360655737705,3.0,0,17
engr0,HTC,BIM,0.3,BIM,0.6,4.098360655737705,3.0,0,17
engr0,HTC,BIM,0.3,BIM,0.7,4.098360655737705,3.0,0,17
engr0,HTC,BIM,0.3,BIM,0.8,4.098360655737705,3.0,0,17
engr0,HTC,BIM,0.3,BIM,0.9,4.098360655737705,3.0,0,17
engr0,HTC,BIM,0.3,BIM,1.0,4.098360655737705,3.0,0,17
engr0,LG,BIM,0.3,BIM,0.1,4.672131147540983,3.0,0,27
engr0,LG,BIM,0.3,BIM,0.2,4.540983606557377,3.0,0,27
engr0,LG,BIM,0.3,BIM,0.3,4.918032786885246,3.0,0,27
engr0,LG,BIM,0.3,BIM,0.4,4.737704918032787,3.0,0,27
engr0,LG,BIM,0.3,BIM,0.5,4.737704918032787,3.0,0,27
engr0,LG,BIM,0.3,BIM,0.6,4.737704918032787,3.0,0,27
engr0,LG,BIM,0.3,BIM,0.7,4.737704918032787,3.0,0,27
engr0,LG,BIM,0.3,BIM,0.8,4.737704918032787,3.0,0,27
engr0,LG,BIM,0.3,BIM,0.9,4.737704918032787,3.0,0,27
engr0,LG,BIM,0.3,BIM,1.0,4.737704918032787,3.0,0,27
engr0,MOTO,BIM,0.3,BIM,0.1,5.39344262295082,4.0,0,22
engr0,MOTO,BIM,0.3,BIM,0.2,14.295081967213115,11.0,0,50
engr0,MOTO,BIM,0.3,BIM,0.3,18.24590163934426,13.0,0,53
engr0,MOTO,BIM,0.3,BIM,0.4,21.80327868852459,20.0,0,50
engr0,MOTO,BIM,0.3,BIM,0.5,21.80327868852459,20.0,0,50
engr0,MOTO,BIM,0.3,BIM,0.6,21.80327868852459,20.0,0,50
engr0,MOTO,BIM,0.3,BIM,0.7,21.80327868852459,20.0,0,50
engr0,MOTO,BIM,0.3,BIM,0.8,21.80327868852459,20.0,0,50
engr0,MOTO,BIM,0.3,BIM,0.9,21.80327868852459,20.0,0,50
engr0,MOTO,BIM,0.3,BIM,1.0,21.80327868852459,20.0,0,50
engr0,OP3,BIM,0.3,BIM,0.1,1.1311475409836065,0.0,0,10
engr0,OP3,BIM,0.3,BIM,0.2,1.0655737704918034,0.0,0,12
engr0,OP3,BIM,0.3,BIM,0.3,1.0819672131147542,0.0,0,12
engr0,OP3,BIM,0.3,BIM,0.4,1.2295081967213115,0.0,0,12
engr0,OP3,BIM,0.3,BIM,0.5,1.2295081967213115,0.0,0,12
engr0,OP3,BIM,0.3,BIM,0.6,1.2295081967213115,0.0,0,12
engr0,OP3,BIM,0.3,BIM,0.7,1.2295081967213115,0.0,0,12
engr0,OP3,BIM,0.3,BIM,0.8,1.2295081967213115,0.0,0,12
engr0,OP3,BIM,0.3,BIM,0.9,1.2295081967213115,0.0,0,12
engr0,OP3,BIM,0.3,BIM,1.0,1.2295081967213115,0.0,0,12
engr0,S7,BIM,0.3,BIM,0.1,2.3934426229508197,2.0,0,18
engr0,S7,BIM,0.3,BIM,0.2,2.721311475409836,2.0,0,11
engr0,S7,BIM,0.3,BIM,0.3,2.7868852459016393,2.0,0,11
engr0,S7,BIM,0.3,BIM,0.4,2.7540983606557377,2.0,0,11
engr0,S7,BIM,0.3,BIM,0.5,2.7540983606557377,2.0,0,11
engr0,S7,BIM,0.3,BIM,0.6,2.7540983606557377,2.0,0,11
engr0,S7,BIM,0.3,BIM,0.7,2.7540983606557377,2.0,0,11
engr0,S7,BIM,0.3,BIM,0.8,2.7540983606557377,2.0,0,11
engr0,S7,BIM,0.3,BIM,0.9,2.7540983606557377,2.0,0,11
engr0,S7,BIM,0.3,BIM,1.0,2.7540983606557377,2.0,0,11
engr0,BLU,BIM,0.4,BIM,0.1,3.377049180327869,2.0,0,19
engr0,BLU,BIM,0.4,BIM,0.2,4.147540983606557,3.0,0,26
engr0,BLU,BIM,0.4,BIM,0.3,3.639344262295082,3.0,0,17
engr0,BLU,BIM,0.4,BIM,0.4,3.9672131147540983,3.0,0,21
engr0,BLU,BIM,0.4,BIM,0.5,3.9672131147540983,3.0,0,21
engr0,BLU,BIM,0.4,BIM,0.6,3.9672131147540983,3.0,0,21
engr0,BLU,BIM,0.4,BIM,0.7,3.9672131147540983,3.0,0,21
engr0,BLU,BIM,0.4,BIM,0.8,3.9672131147540983,3.0,0,21
engr0,BLU,BIM,0.4,BIM,0.9,3.9672131147540983,3.0,0,21
engr0,BLU,BIM,0.4,BIM,1.0,3.9672131147540983,3.0,0,21
engr0,HTC,BIM,0.4,BIM,0.1,3.8852459016393444,3.0,0,16
engr0,HTC,BIM,0.4,BIM,0.2,4.131147540983607,3.0,0,17
engr0,HTC,BIM,0.4,BIM,0.3,4.311475409836065,3.0,0,17
engr0,HTC,BIM,0.4,BIM,0.4,4.114754098360656,3.0,0,17
engr0,HTC,BIM,0.4,BIM,0.5,4.114754098360656,3.0,0,17
engr0,HTC,BIM,0.4,BIM,0.6,4.114754098360656,3.0,0,17
engr0,HTC,BIM,0.4,BIM,0.7,4.114754098360656,3.0,0,17
engr0,HTC,BIM,0.4,BIM,0.8,4.114754098360656,3.0,0,17
engr0,HTC,BIM,0.4,BIM,0.9,4.114754098360656,3.0,0,17
engr0,HTC,BIM,0.4,BIM,1.0,4.114754098360656,3.0,0,17
engr0,LG,BIM,0.4,BIM,0.1,4.475409836065574,3.0,0,19
engr0,LG,BIM,0.4,BIM,0.2,4.622950819672131,3.0,0,27
engr0,LG,BIM,0.4,BIM,0.3,4.639344262295082,3.0,0,20
engr0,LG,BIM,0.4,BIM,0.4,4.39344262295082,3.0,0,20
engr0,LG,BIM,0.4,BIM,0.5,4.39344262295082,3.0,0,20
engr0,LG,BIM,0.4,BIM,0.6,4.39344262295082,3.0,0,20
engr0,LG,BIM,0.4,BIM,0.7,4.39344262295082,3.0,0,20
engr0,LG,BIM,0.4,BIM,0.8,4.39344262295082,3.0,0,20
engr0,LG,BIM,0.4,BIM,0.9,4.39344262295082,3.0,0,20
engr0,LG,BIM,0.4,BIM,1.0,4.39344262295082,3.0,0,20
engr0,MOTO,BIM,0.4,BIM,0.1,5.967213114754099,4.0,0,39
engr0,MOTO,BIM,0.4,BIM,0.2,15.40983606557377,10.0,0,55
engr0,MOTO,BIM,0.4,BIM,0.3,18.491803278688526,14.0,0,51
engr0,MOTO,BIM,0.4,BIM,0.4,21.016393442622952,18.0,0,50
engr0,MOTO,BIM,0.4,BIM,0.5,21.016393442622952,18.0,0,50
engr0,MOTO,BIM,0.4,BIM,0.6,21.016393442622952,18.0,0,50
engr0,MOTO,BIM,0.4,BIM,0.7,21.016393442622952,18.0,0,50
engr0,MOTO,BIM,0.4,BIM,0.8,21.016393442622952,18.0,0,50
engr0,MOTO,BIM,0.4,BIM,0.9,21.016393442622952,18.0,0,50
engr0,MOTO,BIM,0.4,BIM,1.0,21.016393442622952,18.0,0,50
engr0,OP3,BIM,0.4,BIM,0.1,1.180327868852459,0.0,0,12
engr0,OP3,BIM,0.4,BIM,0.2,1.1639344262295082,0.0,0,12
engr0,OP3,BIM,0.4,BIM,0.3,1.2459016393442623,0.0,0,12
engr0,OP3,BIM,0.4,BIM,0.4,1.2459016393442623,0.0,0,12
engr0,OP3,BIM,0.4,BIM,0.5,1.2459016393442623,0.0,0,12
engr0,OP3,BIM,0.4,BIM,0.6,1.2459016393442623,0.0,0,12
engr0,OP3,BIM,0.4,BIM,0.7,1.2459016393442623,0.0,0,12
engr0,OP3,BIM,0.4,BIM,0.8,1.2459016393442623,0.0,0,12
engr0,OP3,BIM,0.4,BIM,0.9,1.2459016393442623,0.0,0,12
engr0,OP3,BIM,0.4,BIM,1.0,1.2459016393442623,0.0,0,12
engr0,S7,BIM,0.4,BIM,0.1,2.3934426229508197,2.0,0,11
engr0,S7,BIM,0.4,BIM,0.2,2.901639344262295,2.0,0,18
engr0,S7,BIM,0.4,BIM,0.3,2.7049180327868854,2.0,0,9
engr0,S7,BIM,0.4,BIM,0.4,2.622950819672131,2.0,0,9
engr0,S7,BIM,0.4,BIM,0.5,2.622950819672131,2.0,0,9
engr0,S7,BIM,0.4,BIM,0.6,2.622950819672131,2.0,0,9
engr0,S7,BIM,0.4,BIM,0.7,2.622950819672131,2.0,0,9
engr0,S7,BIM,0.4,BIM,0.8,2.622950819672131,2.0,0,9
engr0,S7,BIM,0.4,BIM,0.9,2.622950819672131,2.0,0,9
engr0,S7,BIM,0.4,BIM,1.0,2.622950819672131,2.0,0,9
engr0,BLU,BIM,0.5,BIM,0.1,3.377049180327869,2.0,0,19
engr0,BLU,BIM,0.5,BIM,0.2,4.147540983606557,3.0,0,26
engr0,BLU,BIM,0.5,BIM,0.3,3.639344262295082,3.0,0,17
engr0,BLU,BIM,0.5,BIM,0.4,3.9672131147540983,3.0,0,21
engr0,BLU,BIM,0.5,BIM,0.5,3.9672131147540983,3.0,0,21
engr0,BLU,BIM,0.5,BIM,0.6,3.9672131147540983,3.0,0,21
engr0,BLU,BIM,0.5,BIM,0.7,3.9672131147540983,3.0,0,21
engr0,BLU,BIM,0.5,BIM,0.8,3.9672131147540983,3.0,0,21
engr0,BLU,BIM,0.5,BIM,0.9,3.9672131147540983,3.0,0,21
engr0,BLU,BIM,0.5,BIM,1.0,3.9672131147540983,3.0,0,21
engr0,HTC,BIM,0.5,BIM,0.1,3.8852459016393444,3.0,0,16
engr0,HTC,BIM,0.5,BIM,0.2,4.131147540983607,3.0,0,17
engr0,HTC,BIM,0.5,BIM,0.3,4.311475409836065,3.0,0,17
engr0,HTC,BIM,0.5,BIM,0.4,4.114754098360656,3.0,0,17
engr0,HTC,BIM,0.5,BIM,0.5,4.114754098360656,3.0,0,17
engr0,HTC,BIM,0.5,BIM,0.6,4.114754098360656,3.0,0,17
engr0,HTC,BIM,0.5,BIM,0.7,4.114754098360656,3.0,0,17
engr0,HTC,BIM,0.5,BIM,0.8,4.114754098360656,3.0,0,17
engr0,HTC,BIM,0.5,BIM,0.9,4.114754098360656,3.0,0,17
engr0,HTC,BIM,0.5,BIM,1.0,4.114754098360656,3.0,0,17
engr0,LG,BIM,0.5,BIM,0.1,4.475409836065574,3.0,0,19
engr0,LG,BIM,0.5,BIM,0.2,4.622950819672131,3.0,0,27
engr0,LG,BIM,0.5,BIM,0.3,4.639344262295082,3.0,0,20
engr0,LG,BIM,0.5,BIM,0.4,4.39344262295082,3.0,0,20
engr0,LG,BIM,0.5,BIM,0.5,4.39344262295082,3.0,0,20
engr0,LG,BIM,0.5,BIM,0.6,4.39344262295082,3.0,0,20
engr0,LG,BIM,0.5,BIM,0.7,4.39344262295082,3.0,0,20
engr0,LG,BIM,0.5,BIM,0.8,4.39344262295082,3.0,0,20
engr0,LG,BIM,0.5,BIM,0.9,4.39344262295082,3.0,0,20
engr0,LG,BIM,0.5,BIM,1.0,4.39344262295082,3.0,0,20
engr0,MOTO,BIM,0.5,BIM,0.1,5.967213114754099,4.0,0,39
engr0,MOTO,BIM,0.5,BIM,0.2,15.40983606557377,10.0,0,55
engr0,MOTO,BIM,0.5,BIM,0.3,18.491803278688526,14.0,0,51
engr0,MOTO,BIM,0.5,BIM,0.4,21.016393442622952,18.0,0,50
engr0,MOTO,BIM,0.5,BIM,0.5,21.016393442622952,18.0,0,50
engr0,MOTO,BIM,0.5,BIM,0.6,21.016393442622952,18.0,0,50
engr0,MOTO,BIM,0.5,BIM,0.7,21.016393442622952,18.0,0,50
engr0,MOTO,BIM,0.5,BIM,0.8,21.016393442622952,18.0,0,50
engr0,MOTO,BIM,0.5,BIM,0.9,21.016393442622952,18.0,0,50
engr0,MOTO,BIM,0.5,BIM,1.0,21.016393442622952,18.0,0,50
engr0,OP3,BIM,0.5,BIM,0.1,1.180327868852459,0.0,0,12
engr0,OP3,BIM,0.5,BIM,0.2,1.1639344262295082,0.0,0,12
engr0,OP3,BIM,0.5,BIM,0.3,1.2459016393442623,0.0,0,12
engr0,OP3,BIM,0.5,BIM,0.4,1.2459016393442623,0.0,0,12
engr0,OP3,BIM,0.5,BIM,0.5,1.2459016393442623,0.0,0,12
engr0,OP3,BIM,0.5,BIM,0.6,1.2459016393442623,0.0,0,12
engr0,OP3,BIM,0.5,BIM,0.7,1.2459016393442623,0.0,0,12
engr0,OP3,BIM,0.5,BIM,0.8,1.2459016393442623,0.0,0,12
engr0,OP3,BIM,0.5,BIM,0.9,1.2459016393442623,0.0,0,12
engr0,OP3,BIM,0.5,BIM,1.0,1.2459016393442623,0.0,0,12
engr0,S7,BIM,0.5,BIM,0.1,2.3934426229508197,2.0,0,11
engr0,S7,BIM,0.5,BIM,0.2,2.901639344262295,2.0,0,18
engr0,S7,BIM,0.5,BIM,0.3,2.7049180327868854,2.0,0,9
engr0,S7,BIM,0.5,BIM,0.4,2.622950819672131,2.0,0,9
engr0,S7,BIM,0.5,BIM,0.5,2.622950819672131,2.0,0,9
engr0,S7,BIM,0.5,BIM,0.6,2.622950819672131,2.0,0,9
engr0,S7,BIM,0.5,BIM,0.7,2.622950819672131,2.0,0,9
engr0,S7,BIM,0.5,BIM,0.8,2.622950819672131,2.0,0,9
engr0,S7,BIM,0.5,BIM,0.9,2.622950819672131,2.0,0,9
engr0,S7,BIM,0.5,BIM,1.0,2.622950819672131,2.0,0,9
engr0,BLU,BIM,0.6,BIM,0.1,3.377049180327869,2.0,0,19
engr0,BLU,BIM,0.6,BIM,0.2,4.147540983606557,3.0,0,26
engr0,BLU,BIM,0.6,BIM,0.3,3.639344262295082,3.0,0,17
engr0,BLU,BIM,0.6,BIM,0.4,3.9672131147540983,3.0,0,21
engr0,BLU,BIM,0.6,BIM,0.5,3.9672131147540983,3.0,0,21
engr0,BLU,BIM,0.6,BIM,0.6,3.9672131147540983,3.0,0,21
engr0,BLU,BIM,0.6,BIM,0.7,3.9672131147540983,3.0,0,21
engr0,BLU,BIM,0.6,BIM,0.8,3.9672131147540983,3.0,0,21
engr0,BLU,BIM,0.6,BIM,0.9,3.9672131147540983,3.0,0,21
engr0,BLU,BIM,0.6,BIM,1.0,3.9672131147540983,3.0,0,21
engr0,HTC,BIM,0.6,BIM,0.1,3.8852459016393444,3.0,0,16
engr0,HTC,BIM,0.6,BIM,0.2,4.131147540983607,3.0,0,17
engr0,HTC,BIM,0.6,BIM,0.3,4.311475409836065,3.0,0,17
engr0,HTC,BIM,0.6,BIM,0.4,4.114754098360656,3.0,0,17
engr0,HTC,BIM,0.6,BIM,0.5,4.114754098360656,3.0,0,17
engr0,HTC,BIM,0.6,BIM,0.6,4.114754098360656,3.0,0,17
engr0,HTC,BIM,0.6,BIM,0.7,4.114754098360656,3.0,0,17
engr0,HTC,BIM,0.6,BIM,0.8,4.114754098360656,3.0,0,17
engr0,HTC,BIM,0.6,BIM,0.9,4.114754098360656,3.0,0,17
engr0,HTC,BIM,0.6,BIM,1.0,4.114754098360656,3.0,0,17
engr0,LG,BIM,0.6,BIM,0.1,4.475409836065574,3.0,0,19
engr0,LG,BIM,0.6,BIM,0.2,4.622950819672131,3.0,0,27
engr0,LG,BIM,0.6,BIM,0.3,4.639344262295082,3.0,0,20
engr0,LG,BIM,0.6,BIM,0.4,4.39344262295082,3.0,0,20
engr0,LG,BIM,0.6,BIM,0.5,4.39344262295082,3.0,0,20
engr0,LG,BIM,0.6,BIM,0.6,4.39344262295082,3.0,0,20
engr0,LG,BIM,0.6,BIM,0.7,4.39344262295082,3.0,0,20
engr0,LG,BIM,0.6,BIM,0.8,4.39344262295082,3.0,0,20
engr0,LG,BIM,0.6,BIM,0.9,4.39344262295082,3.0,0,20
engr0,LG,BIM,0.6,BIM,1.0,4.39344262295082,3.0,0,20
engr0,MOTO,BIM,0.6,BIM,0.1,5.967213114754099,4.0,0,39
engr0,MOTO,BIM,0.6,BIM,0.2,15.40983606557377,10.0,0,55
engr0,MOTO,BIM,0.6,BIM,0.3,18.491803278688526,14.0,0,51
engr0,MOTO,BIM,0.6,BIM,0.4,21.016393442622952,18.0,0,50
engr0,MOTO,BIM,0.6,BIM,0.5,21.016393442622952,18.0,0,50
engr0,MOTO,BIM,0.6,BIM,0.6,21.016393442622952,18.0,0,50
engr0,MOTO,BIM,0.6,BIM,0.7,21.016393442622952,18.0,0,50
engr0,MOTO,BIM,0.6,BIM,0.8,21.016393442622952,18.0,0,50
engr0,MOTO,BIM,0.6,BIM,0.9,21.016393442622952,18.0,0,50
engr0,MOTO,BIM,0.6,BIM,1.0,21.016393442622952,18.0,0,50
engr0,OP3,BIM,0.6,BIM,0.1,1.180327868852459,0.0,0,12
engr0,OP3,BIM,0.6,BIM,0.2,1.1639344262295082,0.0,0,12
engr0,OP3,BIM,0.6,BIM,0.3,1.2459016393442623,0.0,0,12
engr0,OP3,BIM,0.6,BIM,0.4,1.2459016393442623,0.0,0,12
engr0,OP3,BIM,0.6,BIM,0.5,1.2459016393442623,0.0,0,12
engr0,OP3,BIM,0.6,BIM,0.6,1.2459016393442623,0.0,0,12
engr0,OP3,BIM,0.6,BIM,0.7,1.2459016393442623,0.0,0,12
engr0,OP3,BIM,0.6,BIM,0.8,1.2459016393442623,0.0,0,12
engr0,OP3,BIM,0.6,BIM,0.9,1.2459016393442623,0.0,0,12
engr0,OP3,BIM,0.6,BIM,1.0,1.2459016393442623,0.0,0,12
engr0,S7,BIM,0.6,BIM,0.1,2.3934426229508197,2.0,0,11
engr0,S7,BIM,0.6,BIM,0.2,2.901639344262295,2.0,0,18
engr0,S7,BIM,0.6,BIM,0.3,2.7049180327868854,2.0,0,9
engr0,S7,BIM,0.6,BIM,0.4,2.622950819672131,2.0,0,9
engr0,S7,BIM,0.6,BIM,0.5,2.622950819672131,2.0,0,9
engr0,S7,BIM,0.6,BIM,0.6,2.622950819672131,2.0,0,9
engr0,S7,BIM,0.6,BIM,0.7,2.622950819672131,2.0,0,9
engr0,S7,BIM,0.6,BIM,0.8,2.622950819672131,2.0,0,9
engr0,S7,BIM,0.6,BIM,0.9,2.622950819672131,2.0,0,9
engr0,S7,BIM,0.6,BIM,1.0,2.622950819672131,2.0,0,9
engr0,BLU,BIM,0.7,BIM,0.1,3.377049180327869,2.0,0,19
engr0,BLU,BIM,0.7,BIM,0.2,4.147540983606557,3.0,0,26
engr0,BLU,BIM,0.7,BIM,0.3,3.639344262295082,3.0,0,17
engr0,BLU,BIM,0.7,BIM,0.4,3.9672131147540983,3.0,0,21
engr0,BLU,BIM,0.7,BIM,0.5,3.9672131147540983,3.0,0,21
engr0,BLU,BIM,0.7,BIM,0.6,3.9672131147540983,3.0,0,21
engr0,BLU,BIM,0.7,BIM,0.7,3.9672131147540983,3.0,0,21
engr0,BLU,BIM,0.7,BIM,0.8,3.9672131147540983,3.0,0,21
engr0,BLU,BIM,0.7,BIM,0.9,3.9672131147540983,3.0,0,21
engr0,BLU,BIM,0.7,BIM,1.0,3.9672131147540983,3.0,0,21
engr0,HTC,BIM,0.7,BIM,0.1,3.8852459016393444,3.0,0,16
engr0,HTC,BIM,0.7,BIM,0.2,4.131147540983607,3.0,0,17
engr0,HTC,BIM,0.7,BIM,0.3,4.311475409836065,3.0,0,17
engr0,HTC,BIM,0.7,BIM,0.4,4.114754098360656,3.0,0,17
engr0,HTC,BIM,0.7,BIM,0.5,4.114754098360656,3.0,0,17
engr0,HTC,BIM,0.7,BIM,0.6,4.114754098360656,3.0,0,17
engr0,HTC,BIM,0.7,BIM,0.7,4.114754098360656,3.0,0,17
engr0,HTC,BIM,0.7,BIM,0.8,4.114754098360656,3.0,0,17
engr0,HTC,BIM,0.7,BIM,0.9,4.114754098360656,3.0,0,17
engr0,HTC,BIM,0.7,BIM,1.0,4.114754098360656,3.0,0,17
engr0,LG,BIM,0.7,BIM,0.1,4.475409836065574,3.0,0,19
engr0,LG,BIM,0.7,BIM,0.2,4.622950819672131,3.0,0,27
engr0,LG,BIM,0.7,BIM,0.3,4.639344262295082,3.0,0,20
engr0,LG,BIM,0.7,BIM,0.4,4.39344262295082,3.0,0,20
engr0,LG,BIM,0.7,BIM,0.5,4.39344262295082,3.0,0,20
engr0,LG,BIM,0.7,BIM,0.6,4.39344262295082,3.0,0,20
engr0,LG,BIM,0.7,BIM,0.7,4.39344262295082,3.0,0,20
engr0,LG,BIM,0.7,BIM,0.8,4.39344262295082,3.0,0,20
engr0,LG,BIM,0.7,BIM,0.9,4.39344262295082,3.0,0,20
engr0,LG,BIM,0.7,BIM,1.0,4.39344262295082,3.0,0,20
engr0,MOTO,BIM,0.7,BIM,0.1,5.967213114754099,4.0,0,39
engr0,MOTO,BIM,0.7,BIM,0.2,15.40983606557377,10.0,0,55
engr0,MOTO,BIM,0.7,BIM,0.3,18.491803278688526,14.0,0,51
engr0,MOTO,BIM,0.7,BIM,0.4,21.016393442622952,18.0,0,50
engr0,MOTO,BIM,0.7,BIM,0.5,21.016393442622952,18.0,0,50
engr0,MOTO,BIM,0.7,BIM,0.6,21.016393442622952,18.0,0,50
engr0,MOTO,BIM,0.7,BIM,0.7,21.016393442622952,18.0,0,50
engr0,MOTO,BIM,0.7,BIM,0.8,21.016393442622952,18.0,0,50
engr0,MOTO,BIM,0.7,BIM,0.9,21.016393442622952,18.0,0,50
engr0,MOTO,BIM,0.7,BIM,1.0,21.016393442622952,18.0,0,50
engr0,OP3,BIM,0.7,BIM,0.1,1.180327868852459,0.0,0,12
engr0,OP3,BIM,0.7,BIM,0.2,1.1639344262295082,0.0,0,12
engr0,OP3,BIM,0.7,BIM,0.3,1.2459016393442623,0.0,0,12
engr0,OP3,BIM,0.7,BIM,0.4,1.2459016393442623,0.0,0,12
engr0,OP3,BIM,0.7,BIM,0.5,1.2459016393442623,0.0,0,12
engr0,OP3,BIM,0.7,BIM,0.6,1.2459016393442623,0.0,0,12
engr0,OP3,BIM,0.7,BIM,0.7,1.2459016393442623,0.0,0,12
engr0,OP3,BIM,0.7,BIM,0.8,1.2459016393442623,0.0,0,12
engr0,OP3,BIM,0.7,BIM,0.9,1.2459016393442623,0.0,0,12
engr0,OP3,BIM,0.7,BIM,1.0,1.2459016393442623,0.0,0,12
engr0,S7,BIM,0.7,BIM,0.1,2.3934426229508197,2.0,0,11
engr0,S7,BIM,0.7,BIM,0.2,2.901639344262295,2.0,0,18
engr0,S7,BIM,0.7,BIM,0.3,2.7049180327868854,2.0,0,9
engr0,S7,BIM,0.7,BIM,0.4,2.622950819672131,2.0,0,9
engr0,S7,BIM,0.7,BIM,0.5,2.622950819672131,2.0,0,9
engr0,S7,BIM,0.7,BIM,0.6,2.622950819672131,2.0,0,9
engr0,S7,BIM,0.7,BIM,0.7,2.622950819672131,2.0,0,9
engr0,S7,BIM,0.7,BIM,0.8,2.622950819672131,2.0,0,9
engr0,S7,BIM,0.7,BIM,0.9,2.622950819672131,2.0,0,9
engr0,S7,BIM,0.7,BIM,1.0,2.622950819672131,2.0,0,9
engr0,BLU,BIM,0.8,BIM,0.1,3.377049180327869,2.0,0,19
engr0,BLU,BIM,0.8,BIM,0.2,4.147540983606557,3.0,0,26
engr0,BLU,BIM,0.8,BIM,0.3,3.639344262295082,3.0,0,17
engr0,BLU,BIM,0.8,BIM,0.4,3.9672131147540983,3.0,0,21
engr0,BLU,BIM,0.8,BIM,0.5,3.9672131147540983,3.0,0,21
engr0,BLU,BIM,0.8,BIM,0.6,3.9672131147540983,3.0,0,21
engr0,BLU,BIM,0.8,BIM,0.7,3.9672131147540983,3.0,0,21
engr0,BLU,BIM,0.8,BIM,0.8,3.9672131147540983,3.0,0,21
engr0,BLU,BIM,0.8,BIM,0.9,3.9672131147540983,3.0,0,21
engr0,BLU,BIM,0.8,BIM,1.0,3.9672131147540983,3.0,0,21
engr0,HTC,BIM,0.8,BIM,0.1,3.8852459016393444,3.0,0,16
engr0,HTC,BIM,0.8,BIM,0.2,4.131147540983607,3.0,0,17
engr0,HTC,BIM,0.8,BIM,0.3,4.311475409836065,3.0,0,17
engr0,HTC,BIM,0.8,BIM,0.4,4.114754098360656,3.0,0,17
engr0,HTC,BIM,0.8,BIM,0.5,4.114754098360656,3.0,0,17
engr0,HTC,BIM,0.8,BIM,0.6,4.114754098360656,3.0,0,17
engr0,HTC,BIM,0.8,BIM,0.7,4.114754098360656,3.0,0,17
engr0,HTC,BIM,0.8,BIM,0.8,4.114754098360656,3.0,0,17
engr0,HTC,BIM,0.8,BIM,0.9,4.114754098360656,3.0,0,17
engr0,HTC,BIM,0.8,BIM,1.0,4.114754098360656,3.0,0,17
engr0,LG,BIM,0.8,BIM,0.1,4.475409836065574,3.0,0,19
engr0,LG,BIM,0.8,BIM,0.2,4.622950819672131,3.0,0,27
engr0,LG,BIM,0.8,BIM,0.3,4.639344262295082,3.0,0,20
engr0,LG,BIM,0.8,BIM,0.4,4.39344262295082,3.0,0,20
engr0,LG,BIM,0.8,BIM,0.5,4.39344262295082,3.0,0,20
engr0,LG,BIM,0.8,BIM,0.6,4.39344262295082,3.0,0,20
engr0,LG,BIM,0.8,BIM,0.7,4.39344262295082,3.0,0,20
engr0,LG,BIM,0.8,BIM,0.8,4.39344262295082,3.0,0,20
engr0,LG,BIM,0.8,BIM,0.9,4.39344262295082,3.0,0,20
engr0,LG,BIM,0.8,BIM,1.0,4.39344262295082,3.0,0,20
engr0,MOTO,BIM,0.8,BIM,0.1,5.967213114754099,4.0,0,39
engr0,MOTO,BIM,0.8,BIM,0.2,15.40983606557377,10.0,0,55
engr0,MOTO,BIM,0.8,BIM,0.3,18.491803278688526,14.0,0,51
engr0,MOTO,BIM,0.8,BIM,0.4,21.016393442622952,18.0,0,50
engr0,MOTO,BIM,0.8,BIM,0.5,21.016393442622952,18.0,0,50
engr0,MOTO,BIM,0.8,BIM,0.6,21.016393442622952,18.0,0,50
engr0,MOTO,BIM,0.8,BIM,0.7,21.016393442622952,18.0,0,50
engr0,MOTO,BIM,0.8,BIM,0.8,21.016393442622952,18.0,0,50
engr0,MOTO,BIM,0.8,BIM,0.9,21.016393442622952,18.0,0,50
engr0,MOTO,BIM,0.8,BIM,1.0,21.016393442622952,18.0,0,50
engr0,OP3,BIM,0.8,BIM,0.1,1.180327868852459,0.0,0,12
engr0,OP3,BIM,0.8,BIM,0.2,1.1639344262295082,0.0,0,12
engr0,OP3,BIM,0.8,BIM,0.3,1.2459016393442623,0.0,0,12
engr0,OP3,BIM,0.8,BIM,0.4,1.2459016393442623,0.0,0,12
engr0,OP3,BIM,0.8,BIM,0.5,1.2459016393442623,0.0,0,12
engr0,OP3,BIM,0.8,BIM,0.6,1.2459016393442623,0.0,0,12
engr0,OP3,BIM,0.8,BIM,0.7,1.2459016393442623,0.0,0,12
engr0,OP3,BIM,0.8,BIM,0.8,1.2459016393442623,0.0,0,12
engr0,OP3,BIM,0.8,BIM,0.9,1.2459016393442623,0.0,0,12
engr0,OP3,BIM,0.8,BIM,1.0,1.2459016393442623,0.0,0,12
engr0,S7,BIM,0.8,BIM,0.1,2.3934426229508197,2.0,0,11
engr0,S7,BIM,0.8,BIM,0.2,2.901639344262295,2.0,0,18
engr0,S7,BIM,0.8,BIM,0.3,2.7049180327868854,2.0,0,9
engr0,S7,BIM,0.8,BIM,0.4,2.622950819672131,2.0,0,9
engr0,S7,BIM,0.8,BIM,0.5,2.622950819672131,2.0,0,9
engr0,S7,BIM,0.8,BIM,0.6,2.622950819672131,2.0,0,9
engr0,S7,BIM,0.8,BIM,0.7,2.622950819672131,2.0,0,9
engr0,S7,BIM,0.8,BIM,0.8,2.622950819672131,2.0,0,9
engr0,S7,BIM,0.8,BIM,0.9,2.622950819672131,2.0,0,9
engr0,S7,BIM,0.8,BIM,1.0,2.622950819672131,2.0,0,9
engr0,BLU,BIM,0.9,BIM,0.1,3.377049180327869,2.0,0,19
engr0,BLU,BIM,0.9,BIM,0.2,4.147540983606557,3.0,0,26
engr0,BLU,BIM,0.9,BIM,0.3,3.639344262295082,3.0,0,17
engr0,BLU,BIM,0.9,BIM,0.4,3.9672131147540983,3.0,0,21
engr0,BLU,BIM,0.9,BIM,0.5,3.9672131147540983,3.0,0,21
engr0,BLU,BIM,0.9,BIM,0.6,3.9672131147540983,3.0,0,21
engr0,BLU,BIM,0.9,BIM,0.7,3.9672131147540983,3.0,0,21
engr0,BLU,BIM,0.9,BIM,0.8,3.9672131147540983,3.0,0,21
engr0,BLU,BIM,0.9,BIM,0.9,3.9672131147540983,3.0,0,21
engr0,BLU,BIM,0.9,BIM,1.0,3.9672131147540983,3.0,0,21
engr0,HTC,BIM,0.9,BIM,0.1,3.8852459016393444,3.0,0,16
engr0,HTC,BIM,0.9,BIM,0.2,4.131147540983607,3.0,0,17
engr0,HTC,BIM,0.9,BIM,0.3,4.311475409836065,3.0,0,17
engr0,HTC,BIM,0.9,BIM,0.4,4.114754098360656,3.0,0,17
engr0,HTC,BIM,0.9,BIM,0.5,4.114754098360656,3.0,0,17
engr0,HTC,BIM,0.9,BIM,0.6,4.114754098360656,3.0,0,17
engr0,HTC,BIM,0.9,BIM,0.7,4.114754098360656,3.0,0,17
engr0,HTC,BIM,0.9,BIM,0.8,4.114754098360656,3.0,0,17
engr0,HTC,BIM,0.9,BIM,0.9,4.114754098360656,3.0,0,17
engr0,HTC,BIM,0.9,BIM,1.0,4.114754098360656,3.0,0,17
engr0,LG,BIM,0.9,BIM,0.1,4.475409836065574,3.0,0,19
engr0,LG,BIM,0.9,BIM,0.2,4.622950819672131,3.0,0,27
engr0,LG,BIM,0.9,BIM,0.3,4.639344262295082,3.0,0,20
engr0,LG,BIM,0.9,BIM,0.4,4.39344262295082,3.0,0,20
engr0,LG,BIM,0.9,BIM,0.5,4.39344262295082,3.0,0,20
engr0,LG,BIM,0.9,BIM,0.6,4.39344262295082,3.0,0,20
engr0,LG,BIM,0.9,BIM,0.7,4.39344262295082,3.0,0,20
engr0,LG,BIM,0.9,BIM,0.8,4.39344262295082,3.0,0,20
engr0,LG,BIM,0.9,BIM,0.9,4.39344262295082,3.0,0,20
engr0,LG,BIM,0.9,BIM,1.0,4.39344262295082,3.0,0,20
engr0,MOTO,BIM,0.9,BIM,0.1,5.967213114754099,4.0,0,39
engr0,MOTO,BIM,0.9,BIM,0.2,15.40983606557377,10.0,0,55
engr0,MOTO,BIM,0.9,BIM,0.3,18.491803278688526,14.0,0,51
engr0,MOTO,BIM,0.9,BIM,0.4,21.016393442622952,18.0,0,50
engr0,MOTO,BIM,0.9,BIM,0.5,21.016393442622952,18.0,0,50
engr0,MOTO,BIM,0.9,BIM,0.6,21.016393442622952,18.0,0,50
engr0,MOTO,BIM,0.9,BIM,0.7,21.016393442622952,18.0,0,50
engr0,MOTO,BIM,0.9,BIM,0.8,21.016393442622952,18.0,0,50
engr0,MOTO,BIM,0.9,BIM,0.9,21.016393442622952,18.0,0,50
engr0,MOTO,BIM,0.9,BIM,1.0,21.016393442622952,18.0,0,50
engr0,OP3,BIM,0.9,BIM,0.1,1.180327868852459,0.0,0,12
engr0,OP3,BIM,0.9,BIM,0.2,1.1639344262295082,0.0,0,12
engr0,OP3,BIM,0.9,BIM,0.3,1.2459016393442623,0.0,0,12
engr0,OP3,BIM,0.9,BIM,0.4,1.2459016393442623,0.0,0,12
engr0,OP3,BIM,0.9,BIM,0.5,1.2459016393442623,0.0,0,12
engr0,OP3,BIM,0.9,BIM,0.6,1.2459016393442623,0.0,0,12
engr0,OP3,BIM,0.9,BIM,0.7,1.2459016393442623,0.0,0,12
engr0,OP3,BIM,0.9,BIM,0.8,1.2459016393442623,0.0,0,12
engr0,OP3,BIM,0.9,BIM,0.9,1.2459016393442623,0.0,0,12
engr0,OP3,BIM,0.9,BIM,1.0,1.2459016393442623,0.0,0,12
engr0,S7,BIM,0.9,BIM,0.1,2.3934426229508197,2.0,0,11
engr0,S7,BIM,0.9,BIM,0.2,2.901639344262295,2.0,0,18
engr0,S7,BIM,0.9,BIM,0.3,2.7049180327868854,2.0,0,9
engr0,S7,BIM,0.9,BIM,0.4,2.622950819672131,2.0,0,9
engr0,S7,BIM,0.9,BIM,0.5,2.622950819672131,2.0,0,9
engr0,S7,BIM,0.9,BIM,0.6,2.622950819672131,2.0,0,9
engr0,S7,BIM,0.9,BIM,0.7,2.622950819672131,2.0,0,9
engr0,S7,BIM,0.9,BIM,0.8,2.622950819672131,2.0,0,9
engr0,S7,BIM,0.9,BIM,0.9,2.622950819672131,2.0,0,9
engr0,S7,BIM,0.9,BIM,1.0,2.622950819672131,2.0,0,9
engr0,BLU,BIM,1.0,BIM,0.1,3.377049180327869,2.0,0,19
engr0,BLU,BIM,1.0,BIM,0.2,4.147540983606557,3.0,0,26
engr0,BLU,BIM,1.0,BIM,0.3,3.639344262295082,3.0,0,17
engr0,BLU,BIM,1.0,BIM,0.4,3.9672131147540983,3.0,0,21
engr0,BLU,BIM,1.0,BIM,0.5,3.9672131147540983,3.0,0,21
engr0,BLU,BIM,1.0,BIM,0.6,3.9672131147540983,3.0,0,21
engr0,BLU,BIM,1.0,BIM,0.7,3.9672131147540983,3.0,0,21
engr0,BLU,BIM,1.0,BIM,0.8,3.9672131147540983,3.0,0,21
engr0,BLU,BIM,1.0,BIM,0.9,3.9672131147540983,3.0,0,21
engr0,BLU,BIM,1.0,BIM,1.0,3.9672131147540983,3.0,0,21
engr0,HTC,BIM,1.0,BIM,0.1,3.8852459016393444,3.0,0,16
engr0,HTC,BIM,1.0,BIM,0.2,4.131147540983607,3.0,0,17
engr0,HTC,BIM,1.0,BIM,0.3,4.311475409836065,3.0,0,17
engr0,HTC,BIM,1.0,BIM,0.4,4.114754098360656,3.0,0,17
engr0,HTC,BIM,1.0,BIM,0.5,4.114754098360656,3.0,0,17
engr0,HTC,BIM,1.0,BIM,0.6,4.114754098360656,3.0,0,17
engr0,HTC,BIM,1.0,BIM,0.7,4.114754098360656,3.0,0,17
engr0,HTC,BIM,1.0,BIM,0.8,4.114754098360656,3.0,0,17
engr0,HTC,BIM,1.0,BIM,0.9,4.114754098360656,3.0,0,17
engr0,HTC,BIM,1.0,BIM,1.0,4.114754098360656,3.0,0,17
engr0,LG,BIM,1.0,BIM,0.1,4.475409836065574,3.0,0,19
engr0,LG,BIM,1.0,BIM,0.2,4.622950819672131,3.0,0,27
engr0,LG,BIM,1.0,BIM,0.3,4.639344262295082,3.0,0,20
engr0,LG,BIM,1.0,BIM,0.4,4.39344262295082,3.0,0,20
engr0,LG,BIM,1.0,BIM,0.5,4.39344262295082,3.0,0,20
engr0,LG,BIM,1.0,BIM,0.6,4.39344262295082,3.0,0,20
engr0,LG,BIM,1.0,BIM,0.7,4.39344262295082,3.0,0,20
engr0,LG,BIM,1.0,BIM,0.8,4.39344262295082,3.0,0,20
engr0,LG,BIM,1.0,BIM,0.9,4.39344262295082,3.0,0,20
engr0,LG,BIM,1.0,BIM,1.0,4.39344262295082,3.0,0,20
engr0,MOTO,BIM,1.0,BIM,0.1,5.967213114754099,4.0,0,39
engr0,MOTO,BIM,1.0,BIM,0.2,15.40983606557377,10.0,0,55
engr0,MOTO,BIM,1.0,BIM,0.3,18.491803278688526,14.0,0,51
engr0,MOTO,BIM,1.0,BIM,0.4,21.016393442622952,18.0,0,50
engr0,MOTO,BIM,1.0,BIM,0.5,21.016393442622952,18.0,0,50
engr0,MOTO,BIM,1.0,BIM,0.6,21.016393442622952,18.0,0,50
engr0,MOTO,BIM,1.0,BIM,0.7,21.016393442622952,18.0,0,50
engr0,MOTO,BIM,1.0,BIM,0.8,21.016393442622952,18.0,0,50
engr0,MOTO,BIM,1.0,BIM,0.9,21.016393442622952,18.0,0,50
engr0,MOTO,BIM,1.0,BIM,1.0,21.016393442622952,18.0,0,50
engr0,OP3,BIM,1.0,BIM,0.1,1.180327868852459,0.0,0,12
engr0,OP3,BIM,1.0,BIM,0.2,1.1639344262295082,0.0,0,12
engr0,OP3,BIM,1.0,BIM,0.3,1.2459016393442623,0.0,0,12
engr0,OP3,BIM,1.0,BIM,0.4,1.2459016393442623,0.0,0,12
engr0,OP3,BIM,1.0,BIM,0.5,1.2459016393442623,0.0,0,12
engr0,OP3,BIM,1.0,BIM,0.6,1.2459016393442623,0.0,0,12
engr0,OP3,BIM,1.0,BIM,0.7,1.2459016393442623,0.0,0,12
engr0,OP3,BIM,1.0,BIM,0.8,1.2459016393442623,0.0,0,12
engr0,OP3,BIM,1.0,BIM,0.9,1.2459016393442623,0.0,0,12
engr0,OP3,BIM,1.0,BIM,1.0,1.2459016393442623,0.0,0,12
engr0,S7,BIM,1.0,BIM,0.1,2.3934426229508197,2.0,0,11
engr0,S7,BIM,1.0,BIM,0.2,2.901639344262295,2.0,0,18
engr0,S7,BIM,1.0,BIM,0.3,2.7049180327868854,2.0,0,9
engr0,S7,BIM,1.0,BIM,0.4,2.622950819672131,2.0,0,9
engr0,S7,BIM,1.0,BIM,0.5,2.622950819672131,2.0,0,9
engr0,S7,BIM,1.0,BIM,0.6,2.622950819672131,2.0,0,9
engr0,S7,BIM,1.0,BIM,0.7,2.622950819672131,2.0,0,9
engr0,S7,BIM,1.0,BIM,0.8,2.622950819672131,2.0,0,9
engr0,S7,BIM,1.0,BIM,0.9,2.622950819672131,2.0,0,9
engr0,S7,BIM,1.0,BIM,1.0,2.622950819672131,2.0,0,9
