Floorplan,Device,Training Data,Training Epsilon,Attack,Inference Epsilon,Mean Error,Median Error,Min Error,Max Error
sciences,BLU,ORIGINAL,0.0,ORIGINAL,0.1,2.6323529411764706,2.0,0,13
sciences,HTC,ORIGINAL,0.0,ORIGINAL,0.1,2.764705882352941,2.0,0,17
sciences,LG,ORIGINAL,0.0,ORIGINAL,0.1,4.867647058823529,4.0,0,54
sciences,MOTO,ORIGINAL,0.0,ORIGINAL,0.1,2.0955882352941178,2.0,0,13
sciences,OP3,ORIGINAL,0.0,ORIGINAL,0.1,0.16911764705882354,0.0,0,3
sciences,S7,ORIGINAL,0.0,ORIGINAL,0.1,2.0,1.5,0,9
sciences,BLU,SAE,0.0,ORIGINAL,0.1,2.6323529411764706,2.0,0,13
sciences,HTC,SAE,0.0,ORIGINAL,0.1,2.764705882352941,2.0,0,17
sciences,LG,SAE,0.0,ORIGINAL,0.1,4.867647058823529,4.0,0,54
sciences,MOTO,SAE,0.0,ORIGINAL,0.1,2.0955882352941178,2.0,0,13
sciences,OP3,SAE,0.0,ORIGINAL,0.1,0.16911764705882354,0.0,0,3
sciences,S7,SAE,0.0,ORIGINAL,0.1,2.0,1.5,0,9
sciences,BLU,STACKED_SAE,0.0,ORIGINAL,0.1,2.6323529411764706,2.0,0,13
sciences,HTC,STACKED_SAE,0.0,ORIGINAL,0.1,2.764705882352941,2.0,0,17
sciences,LG,STACKED_SAE,0.0,ORIGINAL,0.1,4.867647058823529,4.0,0,54
sciences,MOTO,STACKED_SAE,0.0,ORIGINAL,0.1,2.0955882352941178,2.0,0,13
sciences,OP3,STACKED_SAE,0.0,ORIGINAL,0.1,0.16911764705882354,0.0,0,3
sciences,S7,STACKED_SAE,0.0,ORIGINAL,0.1,2.0,1.5,0,9
sciences,BLU,GAN,0.0,ORIGINAL,0.1,2.6323529411764706,2.0,0,13
sciences,HTC,GAN,0.0,ORIGINAL,0.1,2.764705882352941,2.0,0,17
sciences,LG,GAN,0.0,ORIGINAL,0.1,4.867647058823529,4.0,0,54
sciences,MOTO,GAN,0.0,ORIGINAL,0.1,2.0955882352941178,2.0,0,13
sciences,OP3,GAN,0.0,ORIGINAL,0.1,0.16911764705882354,0.0,0,3
sciences,S7,GAN,0.0,ORIGINAL,0.1,2.0,1.5,0,9
sciences,BLU,FGSM,0.1,FGSM,0.1,19.647058823529413,8.5,0,63
sciences,BLU,FGSM,0.1,FGSM,0.2,18.154411764705884,17.0,0,42
sciences,BLU,FGSM,0.1,FGSM,0.3,18.154411764705884,17.0,0,42
sciences,BLU,FGSM,0.1,FGSM,0.4,18.147058823529413,17.0,0,42
sciences,BLU,FGSM,0.1,FGSM,0.5,18.147058823529413,17.0,0,42
sciences,BLU,FGSM,0.1,FGSM,0.6,18.21323529411765,17.0,0,42
sciences,BLU,FGSM,0.1,FGSM,0.7,18.21323529411765,17.0,0,42
sciences,BLU,FGSM,0.1,FGSM,0.8,18.21323529411765,17.0,0,42
sciences,BLU,FGSM,0.1,FGSM,0.9,18.21323529411765,17.0,0,42
sciences,BLU,FGSM,0.1,FGSM,1.0,18.21323529411765,17.0,0,42
sciences,HTC,FGSM,0.1,FGSM,0.1,8.397058823529411,7.0,0,28
sciences,HTC,FGSM,0.1,FGSM,0.2,16.301470588235293,15.5,0,37
sciences,HTC,FGSM,0.1,FGSM,0.3,18.720588235294116,19.5,0,46
sciences,HTC,FGSM,0.1,FGSM,0.4,19.058823529411764,17.0,0,46
sciences,HTC,FGSM,0.1,FGSM,0.5,19.294117647058822,17.0,0,46
sciences,HTC,FGSM,0.1,FGSM,0.6,19.294117647058822,17.0,0,46
sciences,HTC,FGSM,0.1,FGSM,0.7,19.294117647058822,17.0,0,46
sciences,HTC,FGSM,0.1,FGSM,0.8,19.294117647058822,17.0,0,46
sciences,HTC,FGSM,0.1,FGSM,0.9,19.294117647058822,17.0,0,46
sciences,HTC,FGSM,0.1,FGSM,1.0,19.294117647058822,17.0,0,46
sciences,LG,FGSM,0.1,FGSM,0.1,9.683823529411764,8.0,0,33
sciences,LG,FGSM,0.1,FGSM,0.2,16.308823529411764,14.5,0,38
sciences,LG,FGSM,0.1,FGSM,0.3,18.352941176470587,14.5,0,46
sciences,LG,FGSM,0.1,FGSM,0.4,18.529411764705884,15.0,0,46
sciences,LG,FGSM,0.1,FGSM,0.5,19.294117647058822,17.0,0,46
sciences,LG,FGSM,0.1,FGSM,0.6,19.294117647058822,17.0,0,46
sciences,LG,FGSM,0.1,FGSM,0.7,19.294117647058822,17.0,0,46
sciences,LG,FGSM,0.1,FGSM,0.8,19.294117647058822,17.0,0,46
sciences,LG,FGSM,0.1,FGSM,0.9,19.294117647058822,17.0,0,46
sciences,LG,FGSM,0.1,FGSM,1.0,19.294117647058822,17.0,0,46
sciences,MOTO,FGSM,0.1,FGSM,0.1,5.6911764705882355,3.0,0,26
sciences,MOTO,FGSM,0.1,FGSM,0.2,14.102941176470589,11.0,0,37
sciences,MOTO,FGSM,0.1,FGSM,0.3,17.279411764705884,17.0,0,39
sciences,MOTO,FGSM,0.1,FGSM,0.4,19.058823529411764,17.0,0,45
sciences,MOTO,FGSM,0.1,FGSM,0.5,19.294117647058822,17.0,0,46
sciences,MOTO,FGSM,0.1,FGSM,0.6,19.294117647058822,17.0,0,46
sciences,MOTO,FGSM,0.1,FGSM,0.7,19.294117647058822,17.0,0,46
sciences,MOTO,FGSM,0.1,FGSM,0.8,19.294117647058822,17.0,0,46
sciences,MOTO,FGSM,0.1,FGSM,0.9,19.294117647058822,17.0,0,46
sciences,MOTO,FGSM,0.1,FGSM,1.0,19.294117647058822,17.0,0,46
sciences,OP3,FGSM,0.1,FGSM,0.1,9.198529411764707,5.0,0,59
sciences,OP3,FGSM,0.1,FGSM,0.2,18.88235294117647,17.0,0,63
sciences,OP3,FGSM,0.1,FGSM,0.3,18.058823529411764,17.0,0,42
sciences,OP3,FGSM,0.1,FGSM,0.4,18.058823529411764,17.0,0,42
sciences,OP3,FGSM,0.1,FGSM,0.5,18.058823529411764,17.0,0,42
sciences,OP3,FGSM,0.1,FGSM,0.6,18.058823529411764,17.0,0,42
sciences,OP3,FGSM,0.1,FGSM,0.7,18.058823529411764,17.0,0,42
sciences,OP3,FGSM,0.1,FGSM,0.8,18.058823529411764,17.0,0,42
sciences,OP3,FGSM,0.1,FGSM,0.9,18.058823529411764,17.0,0,42
sciences,OP3,FGSM,0.1,FGSM,1.0,18.058823529411764,17.0,0,42
sciences,S7,FGSM,0.1,FGSM,0.1,7.125,5.0,0,34
sciences,S7,FGSM,0.1,FGSM,0.2,14.963235294117647,13.0,0,38
sciences,S7,FGSM,0.1,FGSM,0.3,18.0,17.0,0,46
sciences,S7,FGSM,0.1,FGSM,0.4,19.176470588235293,17.0,0,46
sciences,S7,FGSM,0.1,FGSM,0.5,19.294117647058822,17.0,0,46
sciences,S7,FGSM,0.1,FGSM,0.6,19.294117647058822,17.0,0,46
sciences,S7,FGSM,0.1,FGSM,0.7,19.294117647058822,17.0,0,46
sciences,S7,FGSM,0.1,FGSM,0.8,19.294117647058822,17.0,0,46
sciences,S7,FGSM,0.1,FGSM,0.9,19.294117647058822,17.0,0,46
sciences,S7,FGSM,0.1,FGSM,1.0,19.294117647058822,17.0,0,46
sciences,BLU,FGSM,0.2,FGSM,0.1,7.1911764705882355,5.5,0,59
sciences,BLU,FGSM,0.2,FGSM,0.2,20.595588235294116,14.0,0,66
sciences,BLU,FGSM,0.2,FGSM,0.3,32.25,32.0,0,66
sciences,BLU,FGSM,0.2,FGSM,0.4,32.3014705882353,32.0,0,66
sciences,BLU,FGSM,0.2,FGSM,0.5,32.3014705882353,32.0,0,66
sciences,BLU,FGSM,0.2,FGSM,0.6,32.3014705882353,32.0,0,66
sciences,BLU,FGSM,0.2,FGSM,0.7,32.3014705882353,32.0,0,66
sciences,BLU,FGSM,0.2,FGSM,0.8,32.3014705882353,32.0,0,66
sciences,BLU,FGSM,0.2,FGSM,0.9,32.3014705882353,32.0,0,66
sciences,BLU,FGSM,0.2,FGSM,1.0,32.3014705882353,32.0,0,66
sciences,HTC,FGSM,0.2,FGSM,0.1,3.698529411764706,3.0,0,17
sciences,HTC,FGSM,0.2,FGSM,0.2,5.4338235294117645,4.0,0,67
sciences,HTC,FGSM,0.2,FGSM,0.3,9.367647058823529,8.0,0,50
sciences,HTC,FGSM,0.2,FGSM,0.4,16.75735294117647,14.5,0,54
sciences,HTC,FGSM,0.2,FGSM,0.5,17.294117647058822,17.0,0,38
sciences,HTC,FGSM,0.2,FGSM,0.6,17.227941176470587,17.0,0,38
sciences,HTC,FGSM,0.2,FGSM,0.7,17.227941176470587,17.0,0,38
sciences,HTC,FGSM,0.2,FGSM,0.8,17.227941176470587,17.0,0,38
sciences,HTC,FGSM,0.2,FGSM,0.9,17.227941176470587,17.0,0,38
sciences,HTC,FGSM,0.2,FGSM,1.0,17.227941176470587,17.0,0,38
sciences,LG,FGSM,0.2,FGSM,0.1,2.9411764705882355,2.0,0,53
sciences,LG,FGSM,0.2,FGSM,0.2,6.301470588235294,5.0,0,59
sciences,LG,FGSM,0.2,FGSM,0.3,14.389705882352942,12.5,0,51
sciences,LG,FGSM,0.2,FGSM,0.4,16.352941176470587,15.0,0,38
sciences,LG,FGSM,0.2,FGSM,0.5,16.205882352941178,16.0,0,38
sciences,LG,FGSM,0.2,FGSM,0.6,17.00735294117647,16.0,0,38
sciences,LG,FGSM,0.2,FGSM,0.7,17.294117647058822,17.0,0,38
sciences,LG,FGSM,0.2,FGSM,0.8,17.294117647058822,17.0,0,38
sciences,LG,FGSM,0.2,FGSM,0.9,17.294117647058822,17.0,0,38
sciences,LG,FGSM,0.2,FGSM,1.0,17.294117647058822,17.0,0,38
sciences,MOTO,FGSM,0.2,FGSM,0.1,6.0588235294117645,5.0,0,61
sciences,MOTO,FGSM,0.2,FGSM,0.2,5.4338235294117645,2.0,0,64
sciences,MOTO,FGSM,0.2,FGSM,0.3,8.191176470588236,6.0,0,53
sciences,MOTO,FGSM,0.2,FGSM,0.4,17.080882352941178,14.5,0,52
sciences,MOTO,FGSM,0.2,FGSM,0.5,17.38235294117647,17.0,0,38
sciences,MOTO,FGSM,0.2,FGSM,0.6,17.294117647058822,17.0,0,38
sciences,MOTO,FGSM,0.2,FGSM,0.7,17.294117647058822,17.0,0,38
sciences,MOTO,FGSM,0.2,FGSM,0.8,17.294117647058822,17.0,0,38
sciences,MOTO,FGSM,0.2,FGSM,0.9,17.294117647058822,17.0,0,38
sciences,MOTO,FGSM,0.2,FGSM,1.0,17.294117647058822,17.0,0,38
sciences,OP3,FGSM,0.2,FGSM,0.1,7.764705882352941,6.0,0,66
sciences,OP3,FGSM,0.2,FGSM,0.2,26.272058823529413,19.0,0,66
sciences,OP3,FGSM,0.2,FGSM,0.3,32.529411764705884,32.5,0,66
sciences,OP3,FGSM,0.2,FGSM,0.4,32.529411764705884,32.5,0,66
sciences,OP3,FGSM,0.2,FGSM,0.5,32.529411764705884,32.5,0,66
sciences,OP3,FGSM,0.2,FGSM,0.6,32.529411764705884,32.5,0,66
sciences,OP3,FGSM,0.2,FGSM,0.7,32.529411764705884,32.5,0,66
sciences,OP3,FGSM,0.2,FGSM,0.8,32.529411764705884,32.5,0,66
sciences,OP3,FGSM,0.2,FGSM,0.9,32.529411764705884,32.5,0,66
sciences,OP3,FGSM,0.2,FGSM,1.0,32.529411764705884,32.5,0,66
sciences,S7,FGSM,0.2,FGSM,0.1,4.882352941176471,4.0,0,17
sciences,S7,FGSM,0.2,FGSM,0.2,3.9411764705882355,3.0,0,61
sciences,S7,FGSM,0.2,FGSM,0.3,10.691176470588236,8.0,0,53
sciences,S7,FGSM,0.2,FGSM,0.4,17.58823529411765,16.0,0,56
sciences,S7,FGSM,0.2,FGSM,0.5,17.46323529411765,17.0,0,38
sciences,S7,FGSM,0.2,FGSM,0.6,17.169117647058822,16.5,0,38
sciences,S7,FGSM,0.2,FGSM,0.7,17.279411764705884,17.0,0,38
sciences,S7,FGSM,0.2,FGSM,0.8,17.279411764705884,17.0,0,38
sciences,S7,FGSM,0.2,FGSM,0.9,17.279411764705884,17.0,0,38
sciences,S7,FGSM,0.2,FGSM,1.0,17.279411764705884,17.0,0,38
sciences,BLU,FGSM,0.3,FGSM,0.1,9.367647058823529,6.0,0,66
sciences,BLU,FGSM,0.3,FGSM,0.2,25.566176470588236,17.0,0,64
sciences,BLU,FGSM,0.3,FGSM,0.3,30.455882352941178,30.0,0,64
sciences,BLU,FGSM,0.3,FGSM,0.4,30.41176470588235,30.0,0,64
sciences,BLU,FGSM,0.3,FGSM,0.5,30.514705882352942,30.0,0,64
sciences,BLU,FGSM,0.3,FGSM,0.6,30.46323529411765,30.0,0,64
sciences,BLU,FGSM,0.3,FGSM,0.7,30.647058823529413,30.5,0,64
sciences,BLU,FGSM,0.3,FGSM,0.8,30.61764705882353,30.5,0,64
sciences,BLU,FGSM,0.3,FGSM,0.9,30.61764705882353,30.5,0,64
sciences,BLU,FGSM,0.3,FGSM,1.0,30.61764705882353,30.5,0,64
sciences,HTC,FGSM,0.3,FGSM,0.1,14.683823529411764,11.5,0,44
sciences,HTC,FGSM,0.3,FGSM,0.2,8.845588235294118,5.0,0,56
sciences,HTC,FGSM,0.3,FGSM,0.3,5.801470588235294,4.0,0,39
sciences,HTC,FGSM,0.3,FGSM,0.4,12.838235294117647,9.5,0,52
sciences,HTC,FGSM,0.3,FGSM,0.5,24.301470588235293,22.0,0,57
sciences,HTC,FGSM,0.3,FGSM,0.6,24.441176470588236,22.5,0,56
sciences,HTC,FGSM,0.3,FGSM,0.7,24.441176470588236,22.5,0,56
sciences,HTC,FGSM,0.3,FGSM,0.8,24.441176470588236,22.5,0,56
sciences,HTC,FGSM,0.3,FGSM,0.9,24.441176470588236,22.5,0,56
sciences,HTC,FGSM,0.3,FGSM,1.0,24.441176470588236,22.5,0,56
sciences,LG,FGSM,0.3,FGSM,0.1,14.639705882352942,13.0,0,59
sciences,LG,FGSM,0.3,FGSM,0.2,7.926470588235294,3.0,0,61
sciences,LG,FGSM,0.3,FGSM,0.3,7.529411764705882,5.0,0,59
sciences,LG,FGSM,0.3,FGSM,0.4,15.852941176470589,10.0,0,57
sciences,LG,FGSM,0.3,FGSM,0.5,23.38235294117647,19.5,0,56
sciences,LG,FGSM,0.3,FGSM,0.6,24.595588235294116,22.5,0,56
sciences,LG,FGSM,0.3,FGSM,0.7,24.595588235294116,22.5,0,56
sciences,LG,FGSM,0.3,FGSM,0.8,24.441176470588236,22.5,0,56
sciences,LG,FGSM,0.3,FGSM,0.9,24.441176470588236,22.5,0,56
sciences,LG,FGSM,0.3,FGSM,1.0,24.441176470588236,22.5,0,56
sciences,MOTO,FGSM,0.3,FGSM,0.1,9.772058823529411,7.0,0,48
sciences,MOTO,FGSM,0.3,FGSM,0.2,14.279411764705882,13.0,0,48
sciences,MOTO,FGSM,0.3,FGSM,0.3,6.117647058823529,2.0,0,57
sciences,MOTO,FGSM,0.3,FGSM,0.4,8.882352941176471,6.0,0,55
sciences,MOTO,FGSM,0.3,FGSM,0.5,23.066176470588236,18.0,0,60
sciences,MOTO,FGSM,0.3,FGSM,0.6,24.455882352941178,22.5,0,58
sciences,MOTO,FGSM,0.3,FGSM,0.7,24.441176470588236,22.5,0,56
sciences,MOTO,FGSM,0.3,FGSM,0.8,24.441176470588236,22.5,0,56
sciences,MOTO,FGSM,0.3,FGSM,0.9,24.441176470588236,22.5,0,56
sciences,MOTO,FGSM,0.3,FGSM,1.0,24.441176470588236,22.5,0,56
sciences,OP3,FGSM,0.3,FGSM,0.1,9.588235294117647,8.0,0,66
sciences,OP3,FGSM,0.3,FGSM,0.2,24.102941176470587,17.0,0,64
sciences,OP3,FGSM,0.3,FGSM,0.3,30.397058823529413,30.0,0,64
sciences,OP3,FGSM,0.3,FGSM,0.4,30.676470588235293,30.5,0,64
sciences,OP3,FGSM,0.3,FGSM,0.5,30.676470588235293,30.5,0,64
sciences,OP3,FGSM,0.3,FGSM,0.6,30.676470588235293,30.5,0,64
sciences,OP3,FGSM,0.3,FGSM,0.7,30.676470588235293,30.5,0,64
sciences,OP3,FGSM,0.3,FGSM,0.8,30.676470588235293,30.5,0,64
sciences,OP3,FGSM,0.3,FGSM,0.9,30.676470588235293,30.5,0,64
sciences,OP3,FGSM,0.3,FGSM,1.0,30.676470588235293,30.5,0,64
sciences,S7,FGSM,0.3,FGSM,0.1,11.235294117647058,9.0,0,50
sciences,S7,FGSM,0.3,FGSM,0.2,10.183823529411764,8.0,0,55
sciences,S7,FGSM,0.3,FGSM,0.3,3.338235294117647,2.0,0,34
sciences,S7,FGSM,0.3,FGSM,0.4,15.720588235294118,11.0,0,55
sciences,S7,FGSM,0.3,FGSM,0.5,25.301470588235293,25.0,0,59
sciences,S7,FGSM,0.3,FGSM,0.6,24.91176470588235,23.5,0,56
sciences,S7,FGSM,0.3,FGSM,0.7,24.46323529411765,22.5,0,56
sciences,S7,FGSM,0.3,FGSM,0.8,24.441176470588236,22.5,0,56
sciences,S7,FGSM,0.3,FGSM,0.9,24.441176470588236,22.5,0,56
sciences,S7,FGSM,0.3,FGSM,1.0,24.441176470588236,22.5,0,56
sciences,BLU,FGSM,0.4,FGSM,0.1,8.176470588235293,7.0,0,24
sciences,BLU,FGSM,0.4,FGSM,0.2,17.029411764705884,14.5,0,47
sciences,BLU,FGSM,0.4,FGSM,0.3,19.779411764705884,17.0,0,47
sciences,BLU,FGSM,0.4,FGSM,0.4,19.816176470588236,17.0,0,47
sciences,BLU,FGSM,0.4,FGSM,0.5,19.779411764705884,17.0,0,47
sciences,BLU,FGSM,0.4,FGSM,0.6,20.022058823529413,17.0,0,47
sciences,BLU,FGSM,0.4,FGSM,0.7,19.779411764705884,17.0,0,47
sciences,BLU,FGSM,0.4,FGSM,0.8,19.96323529411765,17.0,0,47
sciences,BLU,FGSM,0.4,FGSM,0.9,19.955882352941178,17.0,0,47
sciences,BLU,FGSM,0.4,FGSM,1.0,19.955882352941178,17.0,0,47
sciences,HTC,FGSM,0.4,FGSM,0.1,10.816176470588236,9.0,0,62
sciences,HTC,FGSM,0.4,FGSM,0.2,19.25735294117647,17.0,0,65
sciences,HTC,FGSM,0.4,FGSM,0.3,12.132352941176471,4.0,0,57
sciences,HTC,FGSM,0.4,FGSM,0.4,5.125,4.0,0,37
sciences,HTC,FGSM,0.4,FGSM,0.5,8.058823529411764,6.0,0,37
sciences,HTC,FGSM,0.4,FGSM,0.6,24.86764705882353,23.0,0,58
sciences,HTC,FGSM,0.4,FGSM,0.7,25.823529411764707,24.5,0,58
sciences,HTC,FGSM,0.4,FGSM,0.8,25.823529411764707,24.5,0,58
sciences,HTC,FGSM,0.4,FGSM,0.9,25.823529411764707,24.5,0,58
sciences,HTC,FGSM,0.4,FGSM,1.0,25.823529411764707,24.5,0,58
sciences,LG,FGSM,0.4,FGSM,0.1,13.713235294117647,11.0,0,60
sciences,LG,FGSM,0.4,FGSM,0.2,15.522058823529411,13.5,0,60
sciences,LG,FGSM,0.4,FGSM,0.3,8.610294117647058,3.0,0,57
sciences,LG,FGSM,0.4,FGSM,0.4,5.919117647058823,5.0,0,59
sciences,LG,FGSM,0.4,FGSM,0.5,15.617647058823529,11.0,0,54
sciences,LG,FGSM,0.4,FGSM,0.6,25.88235294117647,24.5,0,58
sciences,LG,FGSM,0.4,FGSM,0.7,24.816176470588236,21.5,0,58
sciences,LG,FGSM,0.4,FGSM,0.8,25.875,24.5,0,58
sciences,LG,FGSM,0.4,FGSM,0.9,25.823529411764707,24.5,0,58
sciences,LG,FGSM,0.4,FGSM,1.0,25.823529411764707,24.5,0,58
sciences,MOTO,FGSM,0.4,FGSM,0.1,6.147058823529412,5.0,0,20
sciences,MOTO,FGSM,0.4,FGSM,0.2,17.316176470588236,15.0,0,42
sciences,MOTO,FGSM,0.4,FGSM,0.3,17.080882352941178,13.5,0,55
sciences,MOTO,FGSM,0.4,FGSM,0.4,6.213235294117647,2.0,0,58
sciences,MOTO,FGSM,0.4,FGSM,0.5,10.058823529411764,6.0,0,54
sciences,MOTO,FGSM,0.4,FGSM,0.6,23.977941176470587,21.0,0,60
sciences,MOTO,FGSM,0.4,FGSM,0.7,25.823529411764707,24.5,0,58
sciences,MOTO,FGSM,0.4,FGSM,0.8,25.823529411764707,24.5,0,58
sciences,MOTO,FGSM,0.4,FGSM,0.9,25.823529411764707,24.5,0,58
sciences,MOTO,FGSM,0.4,FGSM,1.0,25.823529411764707,24.5,0,58
sciences,OP3,FGSM,0.4,FGSM,0.1,8.029411764705882,7.0,0,23
sciences,OP3,FGSM,0.4,FGSM,0.2,18.83823529411765,17.0,0,64
sciences,OP3,FGSM,0.4,FGSM,0.3,19.676470588235293,17.0,0,47
sciences,OP3,FGSM,0.4,FGSM,0.4,19.676470588235293,17.0,0,47
sciences,OP3,FGSM,0.4,FGSM,0.5,19.676470588235293,17.0,0,47
sciences,OP3,FGSM,0.4,FGSM,0.6,19.676470588235293,17.0,0,47
sciences,OP3,FGSM,0.4,FGSM,0.7,19.676470588235293,17.0,0,47
sciences,OP3,FGSM,0.4,FGSM,0.8,19.676470588235293,17.0,0,47
sciences,OP3,FGSM,0.4,FGSM,0.9,19.676470588235293,17.0,0,47
sciences,OP3,FGSM,0.4,FGSM,1.0,19.676470588235293,17.0,0,47
sciences,S7,FGSM,0.4,FGSM,0.1,8.227941176470589,7.0,0,54
sciences,S7,FGSM,0.4,FGSM,0.2,16.294117647058822,14.0,0,46
sciences,S7,FGSM,0.4,FGSM,0.3,11.683823529411764,7.0,0,55
sciences,S7,FGSM,0.4,FGSM,0.4,5.213235294117647,2.0,0,61
sciences,S7,FGSM,0.4,FGSM,0.5,13.838235294117647,9.0,0,54
sciences,S7,FGSM,0.4,FGSM,0.6,25.485294117647058,25.0,0,59
sciences,S7,FGSM,0.4,FGSM,0.7,25.926470588235293,26.0,0,58
sciences,S7,FGSM,0.4,FGSM,0.8,26.669117647058822,26.0,0,58
sciences,S7,FGSM,0.4,FGSM,0.9,25.823529411764707,24.5,0,58
sciences,S7,FGSM,0.4,FGSM,1.0,25.823529411764707,24.5,0,58
sciences,BLU,FGSM,0.5,FGSM,0.1,9.477941176470589,7.0,0,65
sciences,BLU,FGSM,0.5,FGSM,0.2,27.441176470588236,19.5,0,65
sciences,BLU,FGSM,0.5,FGSM,0.3,31.38235294117647,31.0,0,65
sciences,BLU,FGSM,0.5,FGSM,0.4,31.426470588235293,31.0,0,65
sciences,BLU,FGSM,0.5,FGSM,0.5,31.294117647058822,31.0,0,65
sciences,BLU,FGSM,0.5,FGSM,0.6,31.316176470588236,31.0,0,65
sciences,BLU,FGSM,0.5,FGSM,0.7,31.316176470588236,31.0,0,65
sciences,BLU,FGSM,0.5,FGSM,0.8,31.38235294117647,31.0,0,65
sciences,BLU,FGSM,0.5,FGSM,0.9,31.38235294117647,31.0,0,65
sciences,BLU,FGSM,0.5,FGSM,1.0,31.38235294117647,31.0,0,65
sciences,HTC,FGSM,0.5,FGSM,0.1,11.308823529411764,8.0,0,42
sciences,HTC,FGSM,0.5,FGSM,0.2,19.5,14.0,0,63
sciences,HTC,FGSM,0.5,FGSM,0.3,16.433823529411764,11.0,0,64
sciences,HTC,FGSM,0.5,FGSM,0.4,3.875,3.0,0,24
sciences,HTC,FGSM,0.5,FGSM,0.5,4.419117647058823,3.0,0,33
sciences,HTC,FGSM,0.5,FGSM,0.6,13.242647058823529,9.0,0,49
sciences,HTC,FGSM,0.5,FGSM,0.7,21.110294117647058,15.0,0,58
sciences,HTC,FGSM,0.5,FGSM,0.8,17.485294117647058,17.0,0,56
sciences,HTC,FGSM,0.5,FGSM,0.9,17.176470588235293,17.0,0,37
sciences,HTC,FGSM,0.5,FGSM,1.0,17.176470588235293,17.0,0,37
sciences,LG,FGSM,0.5,FGSM,0.1,13.691176470588236,9.0,0,49
sciences,LG,FGSM,0.5,FGSM,0.2,20.360294117647058,20.0,0,62
sciences,LG,FGSM,0.5,FGSM,0.3,12.161764705882353,10.0,0,38
sciences,LG,FGSM,0.5,FGSM,0.4,2.0955882352941178,2.0,0,12
sciences,LG,FGSM,0.5,FGSM,0.5,5.330882352941177,5.0,0,49
sciences,LG,FGSM,0.5,FGSM,0.6,16.779411764705884,11.5,0,57
sciences,LG,FGSM,0.5,FGSM,0.7,17.154411764705884,15.0,0,56
sciences,LG,FGSM,0.5,FGSM,0.8,16.279411764705884,15.5,0,37
sciences,LG,FGSM,0.5,FGSM,0.9,18.147058823529413,18.5,0,39
sciences,LG,FGSM,0.5,FGSM,1.0,17.176470588235293,17.0,0,37
sciences,MOTO,FGSM,0.5,FGSM,0.1,5.227941176470588,5.0,0,19
sciences,MOTO,FGSM,0.5,FGSM,0.2,16.985294117647058,11.0,0,55
sciences,MOTO,FGSM,0.5,FGSM,0.3,19.279411764705884,15.0,0,64
sciences,MOTO,FGSM,0.5,FGSM,0.4,11.183823529411764,9.0,0,55
sciences,MOTO,FGSM,0.5,FGSM,0.5,2.0661764705882355,2.0,0,24
sciences,MOTO,FGSM,0.5,FGSM,0.6,7.602941176470588,6.0,0,52
sciences,MOTO,FGSM,0.5,FGSM,0.7,22.41176470588235,19.5,0,58
sciences,MOTO,FGSM,0.5,FGSM,0.8,17.566176470588236,17.0,0,49
sciences,MOTO,FGSM,0.5,FGSM,0.9,17.470588235294116,17.0,0,57
sciences,MOTO,FGSM,0.5,FGSM,1.0,17.198529411764707,17.0,0,37
sciences,OP3,FGSM,0.5,FGSM,0.1,7.875,7.0,0,65
sciences,OP3,FGSM,0.5,FGSM,0.2,29.919117647058822,28.5,0,65
sciences,OP3,FGSM,0.5,FGSM,0.3,31.58823529411765,31.5,0,65
sciences,OP3,FGSM,0.5,FGSM,0.4,31.58823529411765,31.5,0,65
sciences,OP3,FGSM,0.5,FGSM,0.5,31.58823529411765,31.5,0,65
sciences,OP3,FGSM,0.5,FGSM,0.6,31.58823529411765,31.5,0,65
sciences,OP3,FGSM,0.5,FGSM,0.7,31.58823529411765,31.5,0,65
sciences,OP3,FGSM,0.5,FGSM,0.8,31.58823529411765,31.5,0,65
sciences,OP3,FGSM,0.5,FGSM,0.9,31.58823529411765,31.5,0,65
sciences,OP3,FGSM,0.5,FGSM,1.0,31.58823529411765,31.5,0,65
sciences,S7,FGSM,0.5,FGSM,0.1,11.764705882352942,9.0,0,53
sciences,S7,FGSM,0.5,FGSM,0.2,18.948529411764707,15.0,0,56
sciences,S7,FGSM,0.5,FGSM,0.3,19.029411764705884,14.5,0,64
sciences,S7,FGSM,0.5,FGSM,0.4,7.176470588235294,5.0,0,27
sciences,S7,FGSM,0.5,FGSM,0.5,2.5661764705882355,1.0,0,28
sciences,S7,FGSM,0.5,FGSM,0.6,15.191176470588236,11.0,0,54
sciences,S7,FGSM,0.5,FGSM,0.7,22.71323529411765,22.5,0,59
sciences,S7,FGSM,0.5,FGSM,0.8,17.558823529411764,17.0,0,53
sciences,S7,FGSM,0.5,FGSM,0.9,17.360294117647058,17.0,0,53
sciences,S7,FGSM,0.5,FGSM,1.0,17.183823529411764,17.0,0,37
sciences,BLU,FGSM,0.6,FGSM,0.1,8.316176470588236,6.5,0,65
sciences,BLU,FGSM,0.6,FGSM,0.2,25.99264705882353,17.0,0,65
sciences,BLU,FGSM,0.6,FGSM,0.3,31.36764705882353,31.0,0,65
sciences,BLU,FGSM,0.6,FGSM,0.4,31.404411764705884,31.0,0,65
sciences,BLU,FGSM,0.6,FGSM,0.5,31.426470588235293,31.0,0,65
sciences,BLU,FGSM,0.6,FGSM,0.6,31.294117647058822,31.0,0,65
sciences,BLU,FGSM,0.6,FGSM,0.7,31.316176470588236,31.0,0,65
sciences,BLU,FGSM,0.6,FGSM,0.8,31.316176470588236,31.0,0,65
sciences,BLU,FGSM,0.6,FGSM,0.9,31.36764705882353,31.0,0,65
sciences,BLU,FGSM,0.6,FGSM,1.0,31.38235294117647,31.0,0,65
sciences,HTC,FGSM,0.6,FGSM,0.1,10.522058823529411,7.0,0,48
sciences,HTC,FGSM,0.6,FGSM,0.2,19.169117647058822,17.0,0,50
sciences,HTC,FGSM,0.6,FGSM,0.3,19.53676470588235,17.0,0,64
sciences,HTC,FGSM,0.6,FGSM,0.4,16.044117647058822,11.0,0,64
sciences,HTC,FGSM,0.6,FGSM,0.5,4.720588235294118,3.0,0,49
sciences,HTC,FGSM,0.6,FGSM,0.6,4.654411764705882,3.0,0,36
sciences,HTC,FGSM,0.6,FGSM,0.7,13.183823529411764,10.0,0,55
sciences,HTC,FGSM,0.6,FGSM,0.8,21.698529411764707,16.0,0,58
sciences,HTC,FGSM,0.6,FGSM,0.9,17.294117647058822,17.0,0,38
sciences,HTC,FGSM,0.6,FGSM,1.0,17.294117647058822,17.0,0,38
sciences,LG,FGSM,0.6,FGSM,0.1,14.036764705882353,10.5,0,41
sciences,LG,FGSM,0.6,FGSM,0.2,18.404411764705884,16.0,0,45
sciences,LG,FGSM,0.6,FGSM,0.3,18.53676470588235,15.5,0,62
sciences,LG,FGSM,0.6,FGSM,0.4,13.779411764705882,11.0,0,59
sciences,LG,FGSM,0.6,FGSM,0.5,2.573529411764706,2.0,0,28
sciences,LG,FGSM,0.6,FGSM,0.6,4.963235294117647,5.0,0,29
sciences,LG,FGSM,0.6,FGSM,0.7,15.404411764705882,12.0,0,53
sciences,LG,FGSM,0.6,FGSM,0.8,16.772058823529413,15.0,0,56
sciences,LG,FGSM,0.6,FGSM,0.9,16.41176470588235,15.5,0,38
sciences,LG,FGSM,0.6,FGSM,1.0,18.404411764705884,19.0,0,39
sciences,MOTO,FGSM,0.6,FGSM,0.1,4.970588235294118,5.0,0,19
sciences,MOTO,FGSM,0.6,FGSM,0.2,18.49264705882353,15.0,0,55
sciences,MOTO,FGSM,0.6,FGSM,0.3,19.191176470588236,17.0,0,57
sciences,MOTO,FGSM,0.6,FGSM,0.4,20.110294117647058,16.0,0,64
sciences,MOTO,FGSM,0.6,FGSM,0.5,13.279411764705882,10.0,0,62
sciences,MOTO,FGSM,0.6,FGSM,0.6,2.338235294117647,2.0,0,53
sciences,MOTO,FGSM,0.6,FGSM,0.7,5.669117647058823,5.0,0,26
sciences,MOTO,FGSM,0.6,FGSM,0.8,22.580882352941178,19.5,0,58
sciences,MOTO,FGSM,0.6,FGSM,0.9,17.698529411764707,17.0,0,58
sciences,MOTO,FGSM,0.6,FGSM,1.0,17.28676470588235,17.0,0,38
sciences,OP3,FGSM,0.6,FGSM,0.1,8.007352941176471,7.0,0,65
sciences,OP3,FGSM,0.6,FGSM,0.2,29.433823529411764,28.0,0,65
sciences,OP3,FGSM,0.6,FGSM,0.3,31.58823529411765,31.5,0,65
sciences,OP3,FGSM,0.6,FGSM,0.4,31.58823529411765,31.5,0,65
sciences,OP3,FGSM,0.6,FGSM,0.5,31.58823529411765,31.5,0,65
sciences,OP3,FGSM,0.6,FGSM,0.6,31.58823529411765,31.5,0,65
sciences,OP3,FGSM,0.6,FGSM,0.7,31.58823529411765,31.5,0,65
sciences,OP3,FGSM,0.6,FGSM,0.8,31.58823529411765,31.5,0,65
sciences,OP3,FGSM,0.6,FGSM,0.9,31.58823529411765,31.5,0,65
sciences,OP3,FGSM,0.6,FGSM,1.0,31.58823529411765,31.5,0,65
sciences,S7,FGSM,0.6,FGSM,0.1,11.588235294117647,9.0,0,52
sciences,S7,FGSM,0.6,FGSM,0.2,19.13235294117647,17.0,0,50
sciences,S7,FGSM,0.6,FGSM,0.3,18.764705882352942,17.0,0,53
sciences,S7,FGSM,0.6,FGSM,0.4,19.198529411764707,15.0,0,64
sciences,S7,FGSM,0.6,FGSM,0.5,7.926470588235294,5.0,0,55
sciences,S7,FGSM,0.6,FGSM,0.6,2.4705882352941178,1.5,0,28
sciences,S7,FGSM,0.6,FGSM,0.7,13.220588235294118,11.0,0,53
sciences,S7,FGSM,0.6,FGSM,0.8,21.75,21.5,0,59
sciences,S7,FGSM,0.6,FGSM,0.9,17.647058823529413,17.0,0,53
sciences,S7,FGSM,0.6,FGSM,1.0,17.294117647058822,17.0,0,53
sciences,BLU,FGSM,0.7,FGSM,0.1,8.316176470588236,6.5,0,65
sciences,BLU,FGSM,0.7,FGSM,0.2,25.99264705882353,17.0,0,65
sciences,BLU,FGSM,0.7,FGSM,0.3,31.36764705882353,31.0,0,65
sciences,BLU,FGSM,0.7,FGSM,0.4,31.404411764705884,31.0,0,65
sciences,BLU,FGSM,0.7,FGSM,0.5,31.441176470588236,31.0,0,65
sciences,BLU,FGSM,0.7,FGSM,0.6,31.426470588235293,31.0,0,65
sciences,BLU,FGSM,0.7,FGSM,0.7,31.294117647058822,31.0,0,65
sciences,BLU,FGSM,0.7,FGSM,0.8,31.316176470588236,31.0,0,65
sciences,BLU,FGSM,0.7,FGSM,0.9,31.316176470588236,31.0,0,65
sciences,BLU,FGSM,0.7,FGSM,1.0,31.36764705882353,31.0,0,65
sciences,HTC,FGSM,0.7,FGSM,0.1,10.522058823529411,7.0,0,48
sciences,HTC,FGSM,0.7,FGSM,0.2,19.191176470588236,17.0,0,52
sciences,HTC,FGSM,0.7,FGSM,0.3,18.941176470588236,17.0,0,45
sciences,HTC,FGSM,0.7,FGSM,0.4,19.794117647058822,17.0,0,64
sciences,HTC,FGSM,0.7,FGSM,0.5,15.742647058823529,11.0,0,64
sciences,HTC,FGSM,0.7,FGSM,0.6,3.8970588235294117,3.0,0,32
sciences,HTC,FGSM,0.7,FGSM,0.7,4.654411764705882,3.0,0,36
sciences,HTC,FGSM,0.7,FGSM,0.8,13.676470588235293,10.0,0,56
sciences,HTC,FGSM,0.7,FGSM,0.9,21.551470588235293,16.0,0,58
sciences,HTC,FGSM,0.7,FGSM,1.0,17.294117647058822,17.0,0,38
sciences,LG,FGSM,0.7,FGSM,0.1,14.036764705882353,10.5,0,41
sciences,LG,FGSM,0.7,FGSM,0.2,18.404411764705884,16.0,0,45
sciences,LG,FGSM,0.7,FGSM,0.3,18.139705882352942,15.5,0,45
sciences,LG,FGSM,0.7,FGSM,0.4,19.147058823529413,17.0,0,62
sciences,LG,FGSM,0.7,FGSM,0.5,12.669117647058824,10.0,0,41
sciences,LG,FGSM,0.7,FGSM,0.6,2.5,2.0,0,28
sciences,LG,FGSM,0.7,FGSM,0.7,4.963235294117647,5.0,0,29
sciences,LG,FGSM,0.7,FGSM,0.8,16.102941176470587,12.0,0,57
sciences,LG,FGSM,0.7,FGSM,0.9,16.625,15.0,0,58
sciences,LG,FGSM,0.7,FGSM,1.0,16.41176470588235,15.5,0,38
sciences,MOTO,FGSM,0.7,FGSM,0.1,4.970588235294118,5.0,0,19
sciences,MOTO,FGSM,0.7,FGSM,0.2,18.49264705882353,15.0,0,55
sciences,MOTO,FGSM,0.7,FGSM,0.3,19.16176470588235,17.0,0,57
sciences,MOTO,FGSM,0.7,FGSM,0.4,18.970588235294116,17.0,0,49
sciences,MOTO,FGSM,0.7,FGSM,0.5,20.080882352941178,16.0,0,64
sciences,MOTO,FGSM,0.7,FGSM,0.6,13.110294117647058,9.0,0,62
sciences,MOTO,FGSM,0.7,FGSM,0.7,2.338235294117647,2.0,0,53
sciences,MOTO,FGSM,0.7,FGSM,0.8,6.786764705882353,5.0,0,51
sciences,MOTO,FGSM,0.7,FGSM,0.9,21.61764705882353,18.0,0,58
sciences,MOTO,FGSM,0.7,FGSM,1.0,17.551470588235293,17.0,0,58
sciences,OP3,FGSM,0.7,FGSM,0.1,8.007352941176471,7.0,0,65
sciences,OP3,FGSM,0.7,FGSM,0.2,29.433823529411764,28.0,0,65
sciences,OP3,FGSM,0.7,FGSM,0.3,31.58823529411765,31.5,0,65
sciences,OP3,FGSM,0.7,FGSM,0.4,31.58823529411765,31.5,0,65
sciences,OP3,FGSM,0.7,FGSM,0.5,31.58823529411765,31.5,0,65
sciences,OP3,FGSM,0.7,FGSM,0.6,31.58823529411765,31.5,0,65
sciences,OP3,FGSM,0.7,FGSM,0.7,31.58823529411765,31.5,0,65
sciences,OP3,FGSM,0.7,FGSM,0.8,31.58823529411765,31.5,0,65
sciences,OP3,FGSM,0.7,FGSM,0.9,31.58823529411765,31.5,0,65
sciences,OP3,FGSM,0.7,FGSM,1.0,31.58823529411765,31.5,0,65
sciences,S7,FGSM,0.7,FGSM,0.1,11.588235294117647,9.0,0,52
sciences,S7,FGSM,0.7,FGSM,0.2,19.13235294117647,17.0,0,50
sciences,S7,FGSM,0.7,FGSM,0.3,18.691176470588236,17.0,0,53
sciences,S7,FGSM,0.7,FGSM,0.4,18.941176470588236,16.0,0,46
sciences,S7,FGSM,0.7,FGSM,0.5,18.639705882352942,14.0,0,64
sciences,S7,FGSM,0.7,FGSM,0.6,6.8161764705882355,5.0,0,27
sciences,S7,FGSM,0.7,FGSM,0.7,2.4705882352941178,1.5,0,28
sciences,S7,FGSM,0.7,FGSM,0.8,14.794117647058824,11.0,0,53
sciences,S7,FGSM,0.7,FGSM,0.9,21.404411764705884,21.0,0,59
sciences,S7,FGSM,0.7,FGSM,1.0,17.647058823529413,17.0,0,53
sciences,BLU,FGSM,0.8,FGSM,0.1,8.316176470588236,6.5,0,65
sciences,BLU,FGSM,0.8,FGSM,0.2,25.99264705882353,17.0,0,65
sciences,BLU,FGSM,0.8,FGSM,0.3,31.36764705882353,31.0,0,65
sciences,BLU,FGSM,0.8,FGSM,0.4,31.404411764705884,31.0,0,65
sciences,BLU,FGSM,0.8,FGSM,0.5,31.441176470588236,31.0,0,65
sciences,BLU,FGSM,0.8,FGSM,0.6,31.441176470588236,31.0,0,65
sciences,BLU,FGSM,0.8,FGSM,0.7,31.485294117647058,31.0,0,65
sciences,BLU,FGSM,0.8,FGSM,0.8,31.294117647058822,31.0,0,65
sciences,BLU,FGSM,0.8,FGSM,0.9,31.316176470588236,31.0,0,65
sciences,BLU,FGSM,0.8,FGSM,1.0,31.316176470588236,31.0,0,65
sciences,HTC,FGSM,0.8,FGSM,0.1,10.522058823529411,7.0,0,48
sciences,HTC,FGSM,0.8,FGSM,0.2,19.191176470588236,17.0,0,52
sciences,HTC,FGSM,0.8,FGSM,0.3,18.941176470588236,17.0,0,45
sciences,HTC,FGSM,0.8,FGSM,0.4,18.941176470588236,17.0,0,45
sciences,HTC,FGSM,0.8,FGSM,0.5,19.794117647058822,17.0,0,64
sciences,HTC,FGSM,0.8,FGSM,0.6,15.742647058823529,11.0,0,64
sciences,HTC,FGSM,0.8,FGSM,0.7,4.014705882352941,3.0,0,32
sciences,HTC,FGSM,0.8,FGSM,0.8,4.654411764705882,3.0,0,36
sciences,HTC,FGSM,0.8,FGSM,0.9,13.507352941176471,10.0,0,56
sciences,HTC,FGSM,0.8,FGSM,1.0,21.551470588235293,16.0,0,58
sciences,LG,FGSM,0.8,FGSM,0.1,14.036764705882353,10.5,0,41
sciences,LG,FGSM,0.8,FGSM,0.2,18.404411764705884,16.0,0,45
sciences,LG,FGSM,0.8,FGSM,0.3,18.139705882352942,15.5,0,45
sciences,LG,FGSM,0.8,FGSM,0.4,18.941176470588236,17.0,0,45
sciences,LG,FGSM,0.8,FGSM,0.5,19.13235294117647,17.0,0,62
sciences,LG,FGSM,0.8,FGSM,0.6,12.669117647058824,10.0,0,41
sciences,LG,FGSM,0.8,FGSM,0.7,2.786764705882353,2.0,0,28
sciences,LG,FGSM,0.8,FGSM,0.8,4.963235294117647,5.0,0,29
sciences,LG,FGSM,0.8,FGSM,0.9,16.13235294117647,10.5,0,57
sciences,LG,FGSM,0.8,FGSM,1.0,16.485294117647058,15.0,0,56
sciences,MOTO,FGSM,0.8,FGSM,0.1,4.970588235294118,5.0,0,19
sciences,MOTO,FGSM,0.8,FGSM,0.2,18.49264705882353,15.0,0,55
sciences,MOTO,FGSM,0.8,FGSM,0.3,19.16176470588235,17.0,0,57
sciences,MOTO,FGSM,0.8,FGSM,0.4,18.941176470588236,17.0,0,45
sciences,MOTO,FGSM,0.8,FGSM,0.5,18.941176470588236,17.0,0,45
sciences,MOTO,FGSM,0.8,FGSM,0.6,20.080882352941178,16.0,0,64
sciences,MOTO,FGSM,0.8,FGSM,0.7,14.580882352941176,10.0,0,63
sciences,MOTO,FGSM,0.8,FGSM,0.8,2.338235294117647,2.0,0,53
sciences,MOTO,FGSM,0.8,FGSM,0.9,6.220588235294118,5.0,0,51
sciences,MOTO,FGSM,0.8,FGSM,1.0,21.78676470588235,18.0,0,58
sciences,OP3,FGSM,0.8,FGSM,0.1,8.007352941176471,7.0,0,65
sciences,OP3,FGSM,0.8,FGSM,0.2,29.433823529411764,28.0,0,65
sciences,OP3,FGSM,0.8,FGSM,0.3,31.58823529411765,31.5,0,65
sciences,OP3,FGSM,0.8,FGSM,0.4,31.58823529411765,31.5,0,65
sciences,OP3,FGSM,0.8,FGSM,0.5,31.58823529411765,31.5,0,65
sciences,OP3,FGSM,0.8,FGSM,0.6,31.58823529411765,31.5,0,65
sciences,OP3,FGSM,0.8,FGSM,0.7,31.58823529411765,31.5,0,65
sciences,OP3,FGSM,0.8,FGSM,0.8,31.58823529411765,31.5,0,65
sciences,OP3,FGSM,0.8,FGSM,0.9,31.58823529411765,31.5,0,65
sciences,OP3,FGSM,0.8,FGSM,1.0,31.58823529411765,31.5,0,65
sciences,S7,FGSM,0.8,FGSM,0.1,11.588235294117647,9.0,0,52
sciences,S7,FGSM,0.8,FGSM,0.2,19.13235294117647,17.0,0,50
sciences,S7,FGSM,0.8,FGSM,0.3,18.691176470588236,17.0,0,53
sciences,S7,FGSM,0.8,FGSM,0.4,18.941176470588236,16.0,0,46
sciences,S7,FGSM,0.8,FGSM,0.5,18.941176470588236,17.0,0,45
sciences,S7,FGSM,0.8,FGSM,0.6,18.66176470588235,14.0,0,64
sciences,S7,FGSM,0.8,FGSM,0.7,6.845588235294118,5.0,0,26
sciences,S7,FGSM,0.8,FGSM,0.8,2.4705882352941178,1.5,0,28
sciences,S7,FGSM,0.8,FGSM,0.9,13.948529411764707,10.5,0,53
sciences,S7,FGSM,0.8,FGSM,1.0,21.25,21.0,0,59
sciences,BLU,FGSM,0.9,FGSM,0.1,8.316176470588236,6.5,0,65
sciences,BLU,FGSM,0.9,FGSM,0.2,25.99264705882353,17.0,0,65
sciences,BLU,FGSM,0.9,FGSM,0.3,31.36764705882353,31.0,0,65
sciences,BLU,FGSM,0.9,FGSM,0.4,31.404411764705884,31.0,0,65
sciences,BLU,FGSM,0.9,FGSM,0.5,31.441176470588236,31.0,0,65
sciences,BLU,FGSM,0.9,FGSM,0.6,31.441176470588236,31.0,0,65
sciences,BLU,FGSM,0.9,FGSM,0.7,31.441176470588236,31.0,0,65
sciences,BLU,FGSM,0.9,FGSM,0.8,31.426470588235293,31.0,0,65
sciences,BLU,FGSM,0.9,FGSM,0.9,31.294117647058822,31.0,0,65
sciences,BLU,FGSM,0.9,FGSM,1.0,31.316176470588236,31.0,0,65
sciences,HTC,FGSM,0.9,FGSM,0.1,10.522058823529411,7.0,0,48
sciences,HTC,FGSM,0.9,FGSM,0.2,19.191176470588236,17.0,0,52
sciences,HTC,FGSM,0.9,FGSM,0.3,18.941176470588236,17.0,0,45
sciences,HTC,FGSM,0.9,FGSM,0.4,18.941176470588236,17.0,0,45
sciences,HTC,FGSM,0.9,FGSM,0.5,18.941176470588236,17.0,0,45
sciences,HTC,FGSM,0.9,FGSM,0.6,19.794117647058822,17.0,0,64
sciences,HTC,FGSM,0.9,FGSM,0.7,15.742647058823529,11.0,0,64
sciences,HTC,FGSM,0.9,FGSM,0.8,3.8970588235294117,3.0,0,32
sciences,HTC,FGSM,0.9,FGSM,0.9,4.654411764705882,3.0,0,36
sciences,HTC,FGSM,0.9,FGSM,1.0,13.676470588235293,10.0,0,56
sciences,LG,FGSM,0.9,FGSM,0.1,14.036764705882353,10.5,0,41
sciences,LG,FGSM,0.9,FGSM,0.2,18.404411764705884,16.0,0,45
sciences,LG,FGSM,0.9,FGSM,0.3,18.139705882352942,15.5,0,45
sciences,LG,FGSM,0.9,FGSM,0.4,18.941176470588236,17.0,0,45
sciences,LG,FGSM,0.9,FGSM,0.5,18.941176470588236,17.0,0,45
sciences,LG,FGSM,0.9,FGSM,0.6,19.147058823529413,17.0,0,62
sciences,LG,FGSM,0.9,FGSM,0.7,12.669117647058824,10.0,0,41
sciences,LG,FGSM,0.9,FGSM,0.8,2.5,2.0,0,28
sciences,LG,FGSM,0.9,FGSM,0.9,4.963235294117647,5.0,0,29
sciences,LG,FGSM,0.9,FGSM,1.0,16.102941176470587,12.0,0,57
sciences,MOTO,FGSM,0.9,FGSM,0.1,4.970588235294118,5.0,0,19
sciences,MOTO,FGSM,0.9,FGSM,0.2,18.49264705882353,15.0,0,55
sciences,MOTO,FGSM,0.9,FGSM,0.3,19.16176470588235,17.0,0,57
sciences,MOTO,FGSM,0.9,FGSM,0.4,18.941176470588236,17.0,0,45
sciences,MOTO,FGSM,0.9,FGSM,0.5,18.941176470588236,17.0,0,45
sciences,MOTO,FGSM,0.9,FGSM,0.6,18.941176470588236,17.0,0,45
sciences,MOTO,FGSM,0.9,FGSM,0.7,20.080882352941178,16.0,0,64
sciences,MOTO,FGSM,0.9,FGSM,0.8,13.110294117647058,9.0,0,62
sciences,MOTO,FGSM,0.9,FGSM,0.9,2.338235294117647,2.0,0,53
sciences,MOTO,FGSM,0.9,FGSM,1.0,6.786764705882353,5.0,0,51
sciences,OP3,FGSM,0.9,FGSM,0.1,8.007352941176471,7.0,0,65
sciences,OP3,FGSM,0.9,FGSM,0.2,29.433823529411764,28.0,0,65
sciences,OP3,FGSM,0.9,FGSM,0.3,31.58823529411765,31.5,0,65
sciences,OP3,FGSM,0.9,FGSM,0.4,31.58823529411765,31.5,0,65
sciences,OP3,FGSM,0.9,FGSM,0.5,31.58823529411765,31.5,0,65
sciences,OP3,FGSM,0.9,FGSM,0.6,31.58823529411765,31.5,0,65
sciences,OP3,FGSM,0.9,FGSM,0.7,31.58823529411765,31.5,0,65
sciences,OP3,FGSM,0.9,FGSM,0.8,31.58823529411765,31.5,0,65
sciences,OP3,FGSM,0.9,FGSM,0.9,31.58823529411765,31.5,0,65
sciences,OP3,FGSM,0.9,FGSM,1.0,31.58823529411765,31.5,0,65
sciences,S7,FGSM,0.9,FGSM,0.1,11.588235294117647,9.0,0,52
sciences,S7,FGSM,0.9,FGSM,0.2,19.13235294117647,17.0,0,50
sciences,S7,FGSM,0.9,FGSM,0.3,18.691176470588236,17.0,0,53
sciences,S7,FGSM,0.9,FGSM,0.4,18.941176470588236,16.0,0,46
sciences,S7,FGSM,0.9,FGSM,0.5,18.941176470588236,17.0,0,45
sciences,S7,FGSM,0.9,FGSM,0.6,18.941176470588236,17.0,0,45
sciences,S7,FGSM,0.9,FGSM,0.7,18.66176470588235,14.0,0,64
sciences,S7,FGSM,0.9,FGSM,0.8,6.8161764705882355,5.0,0,27
sciences,S7,FGSM,0.9,FGSM,0.9,2.4705882352941178,1.5,0,28
sciences,S7,FGSM,0.9,FGSM,1.0,14.794117647058824,11.0,0,53
sciences,BLU,FGSM,1.0,FGSM,0.1,8.316176470588236,6.5,0,65
sciences,BLU,FGSM,1.0,FGSM,0.2,25.99264705882353,17.0,0,65
sciences,BLU,FGSM,1.0,FGSM,0.3,31.36764705882353,31.0,0,65
sciences,BLU,FGSM,1.0,FGSM,0.4,31.404411764705884,31.0,0,65
sciences,BLU,FGSM,1.0,FGSM,0.5,31.441176470588236,31.0,0,65
sciences,BLU,FGSM,1.0,FGSM,0.6,31.441176470588236,31.0,0,65
sciences,BLU,FGSM,1.0,FGSM,0.7,31.441176470588236,31.0,0,65
sciences,BLU,FGSM,1.0,FGSM,0.8,31.441176470588236,31.0,0,65
sciences,BLU,FGSM,1.0,FGSM,0.9,31.426470588235293,31.0,0,65
sciences,BLU,FGSM,1.0,FGSM,1.0,31.294117647058822,31.0,0,65
sciences,HTC,FGSM,1.0,FGSM,0.1,10.522058823529411,7.0,0,48
sciences,HTC,FGSM,1.0,FGSM,0.2,19.191176470588236,17.0,0,52
sciences,HTC,FGSM,1.0,FGSM,0.3,18.941176470588236,17.0,0,45
sciences,HTC,FGSM,1.0,FGSM,0.4,18.941176470588236,17.0,0,45
sciences,HTC,FGSM,1.0,FGSM,0.5,18.941176470588236,17.0,0,45
sciences,HTC,FGSM,1.0,FGSM,0.6,18.941176470588236,17.0,0,45
sciences,HTC,FGSM,1.0,FGSM,0.7,19.794117647058822,17.0,0,64
sciences,HTC,FGSM,1.0,FGSM,0.8,15.742647058823529,11.0,0,64
sciences,HTC,FGSM,1.0,FGSM,0.9,4.647058823529412,3.0,0,49
sciences,HTC,FGSM,1.0,FGSM,1.0,4.654411764705882,3.0,0,36
sciences,LG,FGSM,1.0,FGSM,0.1,14.036764705882353,10.5,0,41
sciences,LG,FGSM,1.0,FGSM,0.2,18.404411764705884,16.0,0,45
sciences,LG,FGSM,1.0,FGSM,0.3,18.139705882352942,15.5,0,45
sciences,LG,FGSM,1.0,FGSM,0.4,18.941176470588236,17.0,0,45
sciences,LG,FGSM,1.0,FGSM,0.5,18.941176470588236,17.0,0,45
sciences,LG,FGSM,1.0,FGSM,0.6,18.941176470588236,17.0,0,45
sciences,LG,FGSM,1.0,FGSM,0.7,19.147058823529413,17.0,0,62
sciences,LG,FGSM,1.0,FGSM,0.8,12.602941176470589,10.0,0,41
sciences,LG,FGSM,1.0,FGSM,0.9,2.485294117647059,2.0,0,28
sciences,LG,FGSM,1.0,FGSM,1.0,4.963235294117647,5.0,0,29
sciences,MOTO,FGSM,1.0,FGSM,0.1,4.970588235294118,5.0,0,19
sciences,MOTO,FGSM,1.0,FGSM,0.2,18.49264705882353,15.0,0,55
sciences,MOTO,FGSM,1.0,FGSM,0.3,19.16176470588235,17.0,0,57
sciences,MOTO,FGSM,1.0,FGSM,0.4,18.941176470588236,17.0,0,45
sciences,MOTO,FGSM,1.0,FGSM,0.5,18.941176470588236,17.0,0,45
sciences,MOTO,FGSM,1.0,FGSM,0.6,18.941176470588236,17.0,0,45
sciences,MOTO,FGSM,1.0,FGSM,0.7,18.941176470588236,17.0,0,45
sciences,MOTO,FGSM,1.0,FGSM,0.8,20.080882352941178,16.0,0,64
sciences,MOTO,FGSM,1.0,FGSM,0.9,13.470588235294118,10.0,0,62
sciences,MOTO,FGSM,1.0,FGSM,1.0,2.338235294117647,2.0,0,53
sciences,OP3,FGSM,1.0,FGSM,0.1,8.007352941176471,7.0,0,65
sciences,OP3,FGSM,1.0,FGSM,0.2,29.433823529411764,28.0,0,65
sciences,OP3,FGSM,1.0,FGSM,0.3,31.58823529411765,31.5,0,65
sciences,OP3,FGSM,1.0,FGSM,0.4,31.58823529411765,31.5,0,65
sciences,OP3,FGSM,1.0,FGSM,0.5,31.58823529411765,31.5,0,65
sciences,OP3,FGSM,1.0,FGSM,0.6,31.58823529411765,31.5,0,65
sciences,OP3,FGSM,1.0,FGSM,0.7,31.58823529411765,31.5,0,65
sciences,OP3,FGSM,1.0,FGSM,0.8,31.58823529411765,31.5,0,65
sciences,OP3,FGSM,1.0,FGSM,0.9,31.58823529411765,31.5,0,65
sciences,OP3,FGSM,1.0,FGSM,1.0,31.58823529411765,31.5,0,65
sciences,S7,FGSM,1.0,FGSM,0.1,11.588235294117647,9.0,0,52
sciences,S7,FGSM,1.0,FGSM,0.2,19.13235294117647,17.0,0,50
sciences,S7,FGSM,1.0,FGSM,0.3,18.691176470588236,17.0,0,53
sciences,S7,FGSM,1.0,FGSM,0.4,18.941176470588236,16.0,0,46
sciences,S7,FGSM,1.0,FGSM,0.5,18.941176470588236,17.0,0,45
sciences,S7,FGSM,1.0,FGSM,0.6,18.941176470588236,17.0,0,45
sciences,S7,FGSM,1.0,FGSM,0.7,18.941176470588236,17.0,0,45
sciences,S7,FGSM,1.0,FGSM,0.8,18.66176470588235,14.0,0,64
sciences,S7,FGSM,1.0,FGSM,0.9,7.411764705882353,5.0,0,55
sciences,S7,FGSM,1.0,FGSM,1.0,2.4705882352941178,1.5,0,28
sciences,BLU,PGD,0.1,FGSM,0.1,10.669117647058824,8.5,0,32
sciences,BLU,PGD,0.1,FGSM,0.2,17.49264705882353,16.0,0,46
sciences,BLU,PGD,0.1,FGSM,0.3,17.470588235294116,16.0,0,41
sciences,BLU,PGD,0.1,FGSM,0.4,17.78676470588235,17.0,0,41
sciences,BLU,PGD,0.1,FGSM,0.5,17.823529411764707,17.0,0,41
sciences,BLU,PGD,0.1,FGSM,0.6,17.823529411764707,17.0,0,41
sciences,BLU,PGD,0.1,FGSM,0.7,17.823529411764707,17.0,0,41
sciences,BLU,PGD,0.1,FGSM,0.8,17.823529411764707,17.0,0,41
sciences,BLU,PGD,0.1,FGSM,0.9,17.823529411764707,17.0,0,41
sciences,BLU,PGD,0.1,FGSM,1.0,17.823529411764707,17.0,0,41
sciences,HTC,PGD,0.1,FGSM,0.1,8.779411764705882,5.0,0,42
sciences,HTC,PGD,0.1,FGSM,0.2,20.139705882352942,17.0,0,49
sciences,HTC,PGD,0.1,FGSM,0.3,20.529411764705884,17.0,0,49
sciences,HTC,PGD,0.1,FGSM,0.4,20.529411764705884,17.0,0,49
sciences,HTC,PGD,0.1,FGSM,0.5,20.529411764705884,17.0,0,49
sciences,HTC,PGD,0.1,FGSM,0.6,20.529411764705884,17.0,0,49
sciences,HTC,PGD,0.1,FGSM,0.7,20.529411764705884,17.0,0,49
sciences,HTC,PGD,0.1,FGSM,0.8,20.529411764705884,17.0,0,49
sciences,HTC,PGD,0.1,FGSM,0.9,20.529411764705884,17.0,0,49
sciences,HTC,PGD,0.1,FGSM,1.0,20.529411764705884,17.0,0,49
sciences,LG,PGD,0.1,FGSM,0.1,10.352941176470589,6.0,0,57
sciences,LG,PGD,0.1,FGSM,0.2,21.102941176470587,14.0,0,56
sciences,LG,PGD,0.1,FGSM,0.3,21.176470588235293,15.0,0,56
sciences,LG,PGD,0.1,FGSM,0.4,22.41176470588235,18.5,0,52
sciences,LG,PGD,0.1,FGSM,0.5,22.41176470588235,18.5,0,52
sciences,LG,PGD,0.1,FGSM,0.6,22.029411764705884,18.5,0,52
sciences,LG,PGD,0.1,FGSM,0.7,22.029411764705884,18.5,0,52
sciences,LG,PGD,0.1,FGSM,0.8,22.029411764705884,18.5,0,52
sciences,LG,PGD,0.1,FGSM,0.9,22.029411764705884,18.5,0,52
sciences,LG,PGD,0.1,FGSM,1.0,22.029411764705884,18.5,0,52
sciences,MOTO,PGD,0.1,FGSM,0.1,8.441176470588236,6.0,0,45
sciences,MOTO,PGD,0.1,FGSM,0.2,16.720588235294116,12.0,0,53
sciences,MOTO,PGD,0.1,FGSM,0.3,22.00735294117647,17.5,0,56
sciences,MOTO,PGD,0.1,FGSM,0.4,21.647058823529413,17.5,0,54
sciences,MOTO,PGD,0.1,FGSM,0.5,21.544117647058822,17.5,0,53
sciences,MOTO,PGD,0.1,FGSM,0.6,21.50735294117647,17.5,0,51
sciences,MOTO,PGD,0.1,FGSM,0.7,21.50735294117647,17.5,0,51
sciences,MOTO,PGD,0.1,FGSM,0.8,21.50735294117647,17.5,0,51
sciences,MOTO,PGD,0.1,FGSM,0.9,21.50735294117647,17.5,0,51
sciences,MOTO,PGD,0.1,FGSM,1.0,21.50735294117647,17.5,0,51
sciences,OP3,PGD,0.1,FGSM,0.1,6.257352941176471,3.0,0,53
sciences,OP3,PGD,0.1,FGSM,0.2,18.426470588235293,17.0,0,53
sciences,OP3,PGD,0.1,FGSM,0.3,20.397058823529413,17.0,0,63
sciences,OP3,PGD,0.1,FGSM,0.4,18.970588235294116,17.0,0,63
sciences,OP3,PGD,0.1,FGSM,0.5,17.66176470588235,17.0,0,53
sciences,OP3,PGD,0.1,FGSM,0.6,17.073529411764707,17.0,0,35
sciences,OP3,PGD,0.1,FGSM,0.7,17.073529411764707,17.0,0,35
sciences,OP3,PGD,0.1,FGSM,0.8,17.073529411764707,17.0,0,35
sciences,OP3,PGD,0.1,FGSM,0.9,17.073529411764707,17.0,0,35
sciences,OP3,PGD,0.1,FGSM,1.0,17.073529411764707,17.0,0,35
sciences,S7,PGD,0.1,FGSM,0.1,8.102941176470589,7.0,0,34
sciences,S7,PGD,0.1,FGSM,0.2,15.838235294117647,16.0,0,40
sciences,S7,PGD,0.1,FGSM,0.3,17.25735294117647,16.5,0,43
sciences,S7,PGD,0.1,FGSM,0.4,17.433823529411764,17.0,0,40
sciences,S7,PGD,0.1,FGSM,0.5,17.191176470588236,17.0,0,38
sciences,S7,PGD,0.1,FGSM,0.6,17.147058823529413,17.0,0,37
sciences,S7,PGD,0.1,FGSM,0.7,17.191176470588236,17.0,0,37
sciences,S7,PGD,0.1,FGSM,0.8,17.191176470588236,17.0,0,37
sciences,S7,PGD,0.1,FGSM,0.9,17.191176470588236,17.0,0,37
sciences,S7,PGD,0.1,FGSM,1.0,17.191176470588236,17.0,0,37
sciences,BLU,PGD,0.2,FGSM,0.1,11.757352941176471,8.0,0,44
sciences,BLU,PGD,0.2,FGSM,0.2,14.316176470588236,13.0,0,42
sciences,BLU,PGD,0.2,FGSM,0.3,17.058823529411764,16.0,0,42
sciences,BLU,PGD,0.2,FGSM,0.4,16.389705882352942,16.0,0,40
sciences,BLU,PGD,0.2,FGSM,0.5,18.058823529411764,17.0,0,42
sciences,BLU,PGD,0.2,FGSM,0.6,18.058823529411764,17.0,0,42
sciences,BLU,PGD,0.2,FGSM,0.7,18.058823529411764,17.0,0,42
sciences,BLU,PGD,0.2,FGSM,0.8,18.058823529411764,17.0,0,42
sciences,BLU,PGD,0.2,FGSM,0.9,18.058823529411764,17.0,0,42
sciences,BLU,PGD,0.2,FGSM,1.0,18.058823529411764,17.0,0,42
sciences,HTC,PGD,0.2,FGSM,0.1,7.360294117647059,3.0,0,54
sciences,HTC,PGD,0.2,FGSM,0.2,14.683823529411764,9.0,0,47
sciences,HTC,PGD,0.2,FGSM,0.3,18.941176470588236,17.0,0,45
sciences,HTC,PGD,0.2,FGSM,0.4,18.941176470588236,17.0,0,45
sciences,HTC,PGD,0.2,FGSM,0.5,18.941176470588236,17.0,0,45
sciences,HTC,PGD,0.2,FGSM,0.6,18.941176470588236,17.0,0,45
sciences,HTC,PGD,0.2,FGSM,0.7,18.941176470588236,17.0,0,45
sciences,HTC,PGD,0.2,FGSM,0.8,18.941176470588236,17.0,0,45
sciences,HTC,PGD,0.2,FGSM,0.9,18.941176470588236,17.0,0,45
sciences,HTC,PGD,0.2,FGSM,1.0,18.941176470588236,17.0,0,45
sciences,LG,PGD,0.2,FGSM,0.1,6.889705882352941,2.0,0,45
sciences,LG,PGD,0.2,FGSM,0.2,18.455882352941178,11.0,0,65
sciences,LG,PGD,0.2,FGSM,0.3,21.448529411764707,16.0,0,53
sciences,LG,PGD,0.2,FGSM,0.4,22.933823529411764,19.5,0,53
sciences,LG,PGD,0.2,FGSM,0.5,22.58823529411765,19.5,0,53
sciences,LG,PGD,0.2,FGSM,0.6,22.58823529411765,19.5,0,53
sciences,LG,PGD,0.2,FGSM,0.7,22.58823529411765,19.5,0,53
sciences,LG,PGD,0.2,FGSM,0.8,22.58823529411765,19.5,0,53
sciences,LG,PGD,0.2,FGSM,0.9,22.58823529411765,19.5,0,53
sciences,LG,PGD,0.2,FGSM,1.0,22.58823529411765,19.5,0,53
sciences,MOTO,PGD,0.2,FGSM,0.1,9.654411764705882,5.5,0,66
sciences,MOTO,PGD,0.2,FGSM,0.2,18.529411764705884,7.5,0,66
sciences,MOTO,PGD,0.2,FGSM,0.3,27.691176470588236,28.5,0,63
sciences,MOTO,PGD,0.2,FGSM,0.4,24.691176470588236,19.0,0,63
sciences,MOTO,PGD,0.2,FGSM,0.5,22.022058823529413,18.5,0,52
sciences,MOTO,PGD,0.2,FGSM,0.6,22.022058823529413,18.5,0,52
sciences,MOTO,PGD,0.2,FGSM,0.7,22.022058823529413,18.5,0,52
sciences,MOTO,PGD,0.2,FGSM,0.8,22.022058823529413,18.5,0,52
sciences,MOTO,PGD,0.2,FGSM,0.9,22.022058823529413,18.5,0,52
sciences,MOTO,PGD,0.2,FGSM,1.0,22.022058823529413,18.5,0,52
sciences,OP3,PGD,0.2,FGSM,0.1,10.058823529411764,6.5,0,61
sciences,OP3,PGD,0.2,FGSM,0.2,7.713235294117647,1.5,0,43
sciences,OP3,PGD,0.2,FGSM,0.3,19.03676470588235,12.0,0,56
sciences,OP3,PGD,0.2,FGSM,0.4,24.720588235294116,20.5,0,65
sciences,OP3,PGD,0.2,FGSM,0.5,23.845588235294116,20.0,0,63
sciences,OP3,PGD,0.2,FGSM,0.6,23.779411764705884,19.5,0,58
sciences,OP3,PGD,0.2,FGSM,0.7,23.625,19.5,0,54
sciences,OP3,PGD,0.2,FGSM,0.8,23.625,19.5,0,54
sciences,OP3,PGD,0.2,FGSM,0.9,23.625,19.5,0,54
sciences,OP3,PGD,0.2,FGSM,1.0,23.625,19.5,0,54
sciences,S7,PGD,0.2,FGSM,0.1,12.875,7.0,0,67
sciences,S7,PGD,0.2,FGSM,0.2,18.860294117647058,11.0,0,67
sciences,S7,PGD,0.2,FGSM,0.3,24.404411764705884,22.5,0,56
sciences,S7,PGD,0.2,FGSM,0.4,24.441176470588236,22.5,0,56
sciences,S7,PGD,0.2,FGSM,0.5,24.441176470588236,22.5,0,56
sciences,S7,PGD,0.2,FGSM,0.6,24.441176470588236,22.5,0,56
sciences,S7,PGD,0.2,FGSM,0.7,24.441176470588236,22.5,0,56
sciences,S7,PGD,0.2,FGSM,0.8,24.441176470588236,22.5,0,56
sciences,S7,PGD,0.2,FGSM,0.9,24.441176470588236,22.5,0,56
sciences,S7,PGD,0.2,FGSM,1.0,24.441176470588236,22.5,0,56
sciences,BLU,PGD,0.3,FGSM,0.1,13.088235294117647,12.0,0,55
sciences,BLU,PGD,0.3,FGSM,0.2,17.279411764705884,18.0,0,40
sciences,BLU,PGD,0.3,FGSM,0.3,16.772058823529413,14.5,0,41
sciences,BLU,PGD,0.3,FGSM,0.4,17.00735294117647,15.0,0,43
sciences,BLU,PGD,0.3,FGSM,0.5,18.066176470588236,17.0,0,43
sciences,BLU,PGD,0.3,FGSM,0.6,18.220588235294116,17.0,0,43
sciences,BLU,PGD,0.3,FGSM,0.7,18.323529411764707,17.0,0,43
sciences,BLU,PGD,0.3,FGSM,0.8,18.323529411764707,17.0,0,43
sciences,BLU,PGD,0.3,FGSM,0.9,18.323529411764707,17.0,0,43
sciences,BLU,PGD,0.3,FGSM,1.0,18.323529411764707,17.0,0,43
sciences,HTC,PGD,0.3,FGSM,0.1,11.580882352941176,7.0,0,56
sciences,HTC,PGD,0.3,FGSM,0.2,16.96323529411765,12.0,0,49
sciences,HTC,PGD,0.3,FGSM,0.3,19.647058823529413,16.0,0,48
sciences,HTC,PGD,0.3,FGSM,0.4,20.08823529411765,17.0,0,48
sciences,HTC,PGD,0.3,FGSM,0.5,20.08823529411765,17.0,0,48
sciences,HTC,PGD,0.3,FGSM,0.6,20.08823529411765,17.0,0,48
sciences,HTC,PGD,0.3,FGSM,0.7,20.08823529411765,17.0,0,48
sciences,HTC,PGD,0.3,FGSM,0.8,20.08823529411765,17.0,0,48
sciences,HTC,PGD,0.3,FGSM,0.9,20.08823529411765,17.0,0,48
sciences,HTC,PGD,0.3,FGSM,1.0,20.08823529411765,17.0,0,48
sciences,LG,PGD,0.3,FGSM,0.1,16.41176470588235,12.5,0,62
sciences,LG,PGD,0.3,FGSM,0.2,14.867647058823529,12.5,0,47
sciences,LG,PGD,0.3,FGSM,0.3,14.933823529411764,11.0,0,57
sciences,LG,PGD,0.3,FGSM,0.4,19.904411764705884,16.0,0,51
sciences,LG,PGD,0.3,FGSM,0.5,21.323529411764707,16.0,0,52
sciences,LG,PGD,0.3,FGSM,0.6,21.323529411764707,16.0,0,52
sciences,LG,PGD,0.3,FGSM,0.7,22.029411764705884,18.5,0,52
sciences,LG,PGD,0.3,FGSM,0.8,22.029411764705884,18.5,0,52
sciences,LG,PGD,0.3,FGSM,0.9,22.029411764705884,18.5,0,52
sciences,LG,PGD,0.3,FGSM,1.0,22.029411764705884,18.5,0,52
sciences,MOTO,PGD,0.3,FGSM,0.1,16.522058823529413,9.0,0,65
sciences,MOTO,PGD,0.3,FGSM,0.2,20.801470588235293,16.0,0,67
sciences,MOTO,PGD,0.3,FGSM,0.3,17.83823529411765,7.0,0,67
sciences,MOTO,PGD,0.3,FGSM,0.4,24.485294117647058,20.0,0,67
sciences,MOTO,PGD,0.3,FGSM,0.5,22.058823529411764,18.5,0,55
sciences,MOTO,PGD,0.3,FGSM,0.6,22.029411764705884,18.5,0,52
sciences,MOTO,PGD,0.3,FGSM,0.7,22.029411764705884,18.5,0,52
sciences,MOTO,PGD,0.3,FGSM,0.8,22.029411764705884,18.5,0,52
sciences,MOTO,PGD,0.3,FGSM,0.9,22.029411764705884,18.5,0,52
sciences,MOTO,PGD,0.3,FGSM,1.0,22.029411764705884,18.5,0,52
sciences,OP3,PGD,0.3,FGSM,0.1,8.448529411764707,8.0,0,31
sciences,OP3,PGD,0.3,FGSM,0.2,19.272058823529413,16.0,0,55
sciences,OP3,PGD,0.3,FGSM,0.3,9.727941176470589,1.0,0,55
sciences,OP3,PGD,0.3,FGSM,0.4,13.426470588235293,9.5,0,62
sciences,OP3,PGD,0.3,FGSM,0.5,21.176470588235293,16.5,0,62
sciences,OP3,PGD,0.3,FGSM,0.6,23.75735294117647,21.0,0,58
sciences,OP3,PGD,0.3,FGSM,0.7,24.014705882352942,21.0,0,58
sciences,OP3,PGD,0.3,FGSM,0.8,23.470588235294116,21.0,0,58
sciences,OP3,PGD,0.3,FGSM,0.9,23.50735294117647,21.0,0,58
sciences,OP3,PGD,0.3,FGSM,1.0,23.50735294117647,21.0,0,58
sciences,S7,PGD,0.3,FGSM,0.1,14.132352941176471,8.0,0,64
sciences,S7,PGD,0.3,FGSM,0.2,21.75,16.0,0,66
sciences,S7,PGD,0.3,FGSM,0.3,24.566176470588236,22.5,0,62
sciences,S7,PGD,0.3,FGSM,0.4,24.5,22.5,0,59
sciences,S7,PGD,0.3,FGSM,0.5,24.5,22.5,0,59
sciences,S7,PGD,0.3,FGSM,0.6,24.441176470588236,22.5,0,56
sciences,S7,PGD,0.3,FGSM,0.7,24.441176470588236,22.5,0,56
sciences,S7,PGD,0.3,FGSM,0.8,24.441176470588236,22.5,0,56
sciences,S7,PGD,0.3,FGSM,0.9,24.441176470588236,22.5,0,56
sciences,S7,PGD,0.3,FGSM,1.0,24.441176470588236,22.5,0,56
sciences,BLU,PGD,0.4,FGSM,0.1,13.117647058823529,10.0,0,64
sciences,BLU,PGD,0.4,FGSM,0.2,16.764705882352942,16.0,0,40
sciences,BLU,PGD,0.4,FGSM,0.3,17.441176470588236,16.5,0,43
sciences,BLU,PGD,0.4,FGSM,0.4,18.066176470588236,18.0,0,43
sciences,BLU,PGD,0.4,FGSM,0.5,15.411764705882353,12.0,0,43
sciences,BLU,PGD,0.4,FGSM,0.6,17.639705882352942,16.0,0,43
sciences,BLU,PGD,0.4,FGSM,0.7,17.698529411764707,16.0,0,40
sciences,BLU,PGD,0.4,FGSM,0.8,18.058823529411764,17.0,0,42
sciences,BLU,PGD,0.4,FGSM,0.9,18.058823529411764,17.0,0,42
sciences,BLU,PGD,0.4,FGSM,1.0,18.058823529411764,17.0,0,42
sciences,HTC,PGD,0.4,FGSM,0.1,8.294117647058824,5.0,0,67
sciences,HTC,PGD,0.4,FGSM,0.2,19.16176470588235,16.5,0,49
sciences,HTC,PGD,0.4,FGSM,0.3,17.022058823529413,17.0,1,49
sciences,HTC,PGD,0.4,FGSM,0.4,16.955882352941178,18.0,0,48
sciences,HTC,PGD,0.4,FGSM,0.5,15.080882352941176,13.0,0,47
sciences,HTC,PGD,0.4,FGSM,0.6,19.683823529411764,16.0,0,49
sciences,HTC,PGD,0.4,FGSM,0.7,20.13235294117647,17.0,0,49
sciences,HTC,PGD,0.4,FGSM,0.8,20.08823529411765,17.0,0,48
sciences,HTC,PGD,0.4,FGSM,0.9,20.08823529411765,17.0,0,48
sciences,HTC,PGD,0.4,FGSM,1.0,20.08823529411765,17.0,0,48
sciences,LG,PGD,0.4,FGSM,0.1,13.382352941176471,9.0,0,55
sciences,LG,PGD,0.4,FGSM,0.2,18.522058823529413,13.5,1,55
sciences,LG,PGD,0.4,FGSM,0.3,15.433823529411764,8.0,0,55
sciences,LG,PGD,0.4,FGSM,0.4,11.727941176470589,7.0,0,61
sciences,LG,PGD,0.4,FGSM,0.5,18.566176470588236,12.0,0,58
sciences,LG,PGD,0.4,FGSM,0.6,21.41176470588235,16.0,0,56
sciences,LG,PGD,0.4,FGSM,0.7,21.205882352941178,16.0,0,52
sciences,LG,PGD,0.4,FGSM,0.8,22.058823529411764,18.5,0,52
sciences,LG,PGD,0.4,FGSM,0.9,22.029411764705884,18.5,0,52
sciences,LG,PGD,0.4,FGSM,1.0,22.029411764705884,18.5,0,52
sciences,MOTO,PGD,0.4,FGSM,0.1,17.176470588235293,8.0,0,67
sciences,MOTO,PGD,0.4,FGSM,0.2,20.41176470588235,18.0,0,66
sciences,MOTO,PGD,0.4,FGSM,0.3,20.683823529411764,21.0,0,66
sciences,MOTO,PGD,0.4,FGSM,0.4,15.352941176470589,5.5,0,66
sciences,MOTO,PGD,0.4,FGSM,0.5,14.610294117647058,11.5,0,66
sciences,MOTO,PGD,0.4,FGSM,0.6,18.669117647058822,16.5,0,50
sciences,MOTO,PGD,0.4,FGSM,0.7,21.53676470588235,17.5,0,54
sciences,MOTO,PGD,0.4,FGSM,0.8,21.5,17.5,0,51
sciences,MOTO,PGD,0.4,FGSM,0.9,21.5,17.5,0,51
sciences,MOTO,PGD,0.4,FGSM,1.0,21.5,17.5,0,51
sciences,OP3,PGD,0.4,FGSM,0.1,8.948529411764707,6.0,0,60
sciences,OP3,PGD,0.4,FGSM,0.2,17.654411764705884,13.0,0,63
sciences,OP3,PGD,0.4,FGSM,0.3,20.014705882352942,16.0,0,54
sciences,OP3,PGD,0.4,FGSM,0.4,11.970588235294118,10.0,0,33
sciences,OP3,PGD,0.4,FGSM,0.5,16.639705882352942,13.0,0,63
sciences,OP3,PGD,0.4,FGSM,0.6,21.63235294117647,18.0,0,60
sciences,OP3,PGD,0.4,FGSM,0.7,24.330882352941178,21.0,0,58
sciences,OP3,PGD,0.4,FGSM,0.8,24.264705882352942,21.0,0,58
sciences,OP3,PGD,0.4,FGSM,0.9,24.433823529411764,21.5,0,58
sciences,OP3,PGD,0.4,FGSM,1.0,24.433823529411764,21.5,0,58
sciences,S7,PGD,0.4,FGSM,0.1,10.147058823529411,6.0,0,60
sciences,S7,PGD,0.4,FGSM,0.2,23.279411764705884,20.0,0,63
sciences,S7,PGD,0.4,FGSM,0.3,26.522058823529413,23.5,0,62
sciences,S7,PGD,0.4,FGSM,0.4,24.74264705882353,23.0,0,64
sciences,S7,PGD,0.4,FGSM,0.5,26.191176470588236,22.5,0,59
sciences,S7,PGD,0.4,FGSM,0.6,28.0,27.0,0,62
sciences,S7,PGD,0.4,FGSM,0.7,23.897058823529413,22.5,0,54
sciences,S7,PGD,0.4,FGSM,0.8,23.75,22.5,0,54
sciences,S7,PGD,0.4,FGSM,0.9,24.044117647058822,22.5,0,54
sciences,S7,PGD,0.4,FGSM,1.0,24.044117647058822,22.5,0,54
sciences,BLU,PGD,0.5,FGSM,0.1,13.117647058823529,10.0,0,64
sciences,BLU,PGD,0.5,FGSM,0.2,16.764705882352942,16.0,0,40
sciences,BLU,PGD,0.5,FGSM,0.3,17.441176470588236,16.5,0,43
sciences,BLU,PGD,0.5,FGSM,0.4,18.066176470588236,18.0,0,43
sciences,BLU,PGD,0.5,FGSM,0.5,15.411764705882353,12.0,0,43
sciences,BLU,PGD,0.5,FGSM,0.6,17.639705882352942,16.0,0,43
sciences,BLU,PGD,0.5,FGSM,0.7,17.698529411764707,16.0,0,40
sciences,BLU,PGD,0.5,FGSM,0.8,18.058823529411764,17.0,0,42
sciences,BLU,PGD,0.5,FGSM,0.9,18.058823529411764,17.0,0,42
sciences,BLU,PGD,0.5,FGSM,1.0,18.058823529411764,17.0,0,42
sciences,HTC,PGD,0.5,FGSM,0.1,8.294117647058824,5.0,0,67
sciences,HTC,PGD,0.5,FGSM,0.2,19.16176470588235,16.5,0,49
sciences,HTC,PGD,0.5,FGSM,0.3,17.022058823529413,17.0,1,49
sciences,HTC,PGD,0.5,FGSM,0.4,16.955882352941178,18.0,0,48
sciences,HTC,PGD,0.5,FGSM,0.5,15.080882352941176,13.0,0,47
sciences,HTC,PGD,0.5,FGSM,0.6,19.683823529411764,16.0,0,49
sciences,HTC,PGD,0.5,FGSM,0.7,20.13235294117647,17.0,0,49
sciences,HTC,PGD,0.5,FGSM,0.8,20.08823529411765,17.0,0,48
sciences,HTC,PGD,0.5,FGSM,0.9,20.08823529411765,17.0,0,48
sciences,HTC,PGD,0.5,FGSM,1.0,20.08823529411765,17.0,0,48
sciences,LG,PGD,0.5,FGSM,0.1,13.382352941176471,9.0,0,55
sciences,LG,PGD,0.5,FGSM,0.2,18.522058823529413,13.5,1,55
sciences,LG,PGD,0.5,FGSM,0.3,15.433823529411764,8.0,0,55
sciences,LG,PGD,0.5,FGSM,0.4,11.727941176470589,7.0,0,61
sciences,LG,PGD,0.5,FGSM,0.5,18.566176470588236,12.0,0,58
sciences,LG,PGD,0.5,FGSM,0.6,21.41176470588235,16.0,0,56
sciences,LG,PGD,0.5,FGSM,0.7,21.205882352941178,16.0,0,52
sciences,LG,PGD,0.5,FGSM,0.8,22.058823529411764,18.5,0,52
sciences,LG,PGD,0.5,FGSM,0.9,22.029411764705884,18.5,0,52
sciences,LG,PGD,0.5,FGSM,1.0,22.029411764705884,18.5,0,52
sciences,MOTO,PGD,0.5,FGSM,0.1,17.176470588235293,8.0,0,67
sciences,MOTO,PGD,0.5,FGSM,0.2,20.41176470588235,18.0,0,66
sciences,MOTO,PGD,0.5,FGSM,0.3,20.683823529411764,21.0,0,66
sciences,MOTO,PGD,0.5,FGSM,0.4,15.352941176470589,5.5,0,66
sciences,MOTO,PGD,0.5,FGSM,0.5,14.610294117647058,11.5,0,66
sciences,MOTO,PGD,0.5,FGSM,0.6,18.669117647058822,16.5,0,50
sciences,MOTO,PGD,0.5,FGSM,0.7,21.53676470588235,17.5,0,54
sciences,MOTO,PGD,0.5,FGSM,0.8,21.5,17.5,0,51
sciences,MOTO,PGD,0.5,FGSM,0.9,21.5,17.5,0,51
sciences,MOTO,PGD,0.5,FGSM,1.0,21.5,17.5,0,51
sciences,OP3,PGD,0.5,FGSM,0.1,8.948529411764707,6.0,0,60
sciences,OP3,PGD,0.5,FGSM,0.2,17.654411764705884,13.0,0,63
sciences,OP3,PGD,0.5,FGSM,0.3,20.014705882352942,16.0,0,54
sciences,OP3,PGD,0.5,FGSM,0.4,11.970588235294118,10.0,0,33
sciences,OP3,PGD,0.5,FGSM,0.5,16.639705882352942,13.0,0,63
sciences,OP3,PGD,0.5,FGSM,0.6,21.63235294117647,18.0,0,60
sciences,OP3,PGD,0.5,FGSM,0.7,24.330882352941178,21.0,0,58
sciences,OP3,PGD,0.5,FGSM,0.8,24.264705882352942,21.0,0,58
sciences,OP3,PGD,0.5,FGSM,0.9,24.433823529411764,21.5,0,58
sciences,OP3,PGD,0.5,FGSM,1.0,24.433823529411764,21.5,0,58
sciences,S7,PGD,0.5,FGSM,0.1,10.147058823529411,6.0,0,60
sciences,S7,PGD,0.5,FGSM,0.2,23.279411764705884,20.0,0,63
sciences,S7,PGD,0.5,FGSM,0.3,26.522058823529413,23.5,0,62
sciences,S7,PGD,0.5,FGSM,0.4,24.74264705882353,23.0,0,64
sciences,S7,PGD,0.5,FGSM,0.5,26.191176470588236,22.5,0,59
sciences,S7,PGD,0.5,FGSM,0.6,28.0,27.0,0,62
sciences,S7,PGD,0.5,FGSM,0.7,23.897058823529413,22.5,0,54
sciences,S7,PGD,0.5,FGSM,0.8,23.75,22.5,0,54
sciences,S7,PGD,0.5,FGSM,0.9,24.044117647058822,22.5,0,54
sciences,S7,PGD,0.5,FGSM,1.0,24.044117647058822,22.5,0,54
sciences,BLU,PGD,0.6,FGSM,0.1,13.117647058823529,10.0,0,64
sciences,BLU,PGD,0.6,FGSM,0.2,16.764705882352942,16.0,0,40
sciences,BLU,PGD,0.6,FGSM,0.3,17.441176470588236,16.5,0,43
sciences,BLU,PGD,0.6,FGSM,0.4,18.066176470588236,18.0,0,43
sciences,BLU,PGD,0.6,FGSM,0.5,15.411764705882353,12.0,0,43
sciences,BLU,PGD,0.6,FGSM,0.6,17.639705882352942,16.0,0,43
sciences,BLU,PGD,0.6,FGSM,0.7,17.698529411764707,16.0,0,40
sciences,BLU,PGD,0.6,FGSM,0.8,18.058823529411764,17.0,0,42
sciences,BLU,PGD,0.6,FGSM,0.9,18.058823529411764,17.0,0,42
sciences,BLU,PGD,0.6,FGSM,1.0,18.058823529411764,17.0,0,42
sciences,HTC,PGD,0.6,FGSM,0.1,8.294117647058824,5.0,0,67
sciences,HTC,PGD,0.6,FGSM,0.2,19.16176470588235,16.5,0,49
sciences,HTC,PGD,0.6,FGSM,0.3,17.022058823529413,17.0,1,49
sciences,HTC,PGD,0.6,FGSM,0.4,16.955882352941178,18.0,0,48
sciences,HTC,PGD,0.6,FGSM,0.5,15.080882352941176,13.0,0,47
sciences,HTC,PGD,0.6,FGSM,0.6,19.683823529411764,16.0,0,49
sciences,HTC,PGD,0.6,FGSM,0.7,20.13235294117647,17.0,0,49
sciences,HTC,PGD,0.6,FGSM,0.8,20.08823529411765,17.0,0,48
sciences,HTC,PGD,0.6,FGSM,0.9,20.08823529411765,17.0,0,48
sciences,HTC,PGD,0.6,FGSM,1.0,20.08823529411765,17.0,0,48
sciences,LG,PGD,0.6,FGSM,0.1,13.382352941176471,9.0,0,55
sciences,LG,PGD,0.6,FGSM,0.2,18.522058823529413,13.5,1,55
sciences,LG,PGD,0.6,FGSM,0.3,15.433823529411764,8.0,0,55
sciences,LG,PGD,0.6,FGSM,0.4,11.727941176470589,7.0,0,61
sciences,LG,PGD,0.6,FGSM,0.5,18.566176470588236,12.0,0,58
sciences,LG,PGD,0.6,FGSM,0.6,21.41176470588235,16.0,0,56
sciences,LG,PGD,0.6,FGSM,0.7,21.205882352941178,16.0,0,52
sciences,LG,PGD,0.6,FGSM,0.8,22.058823529411764,18.5,0,52
sciences,LG,PGD,0.6,FGSM,0.9,22.029411764705884,18.5,0,52
sciences,LG,PGD,0.6,FGSM,1.0,22.029411764705884,18.5,0,52
sciences,MOTO,PGD,0.6,FGSM,0.1,17.176470588235293,8.0,0,67
sciences,MOTO,PGD,0.6,FGSM,0.2,20.41176470588235,18.0,0,66
sciences,MOTO,PGD,0.6,FGSM,0.3,20.683823529411764,21.0,0,66
sciences,MOTO,PGD,0.6,FGSM,0.4,15.352941176470589,5.5,0,66
sciences,MOTO,PGD,0.6,FGSM,0.5,14.610294117647058,11.5,0,66
sciences,MOTO,PGD,0.6,FGSM,0.6,18.669117647058822,16.5,0,50
sciences,MOTO,PGD,0.6,FGSM,0.7,21.53676470588235,17.5,0,54
sciences,MOTO,PGD,0.6,FGSM,0.8,21.5,17.5,0,51
sciences,MOTO,PGD,0.6,FGSM,0.9,21.5,17.5,0,51
sciences,MOTO,PGD,0.6,FGSM,1.0,21.5,17.5,0,51
sciences,OP3,PGD,0.6,FGSM,0.1,8.948529411764707,6.0,0,60
sciences,OP3,PGD,0.6,FGSM,0.2,17.654411764705884,13.0,0,63
sciences,OP3,PGD,0.6,FGSM,0.3,20.014705882352942,16.0,0,54
sciences,OP3,PGD,0.6,FGSM,0.4,11.970588235294118,10.0,0,33
sciences,OP3,PGD,0.6,FGSM,0.5,16.639705882352942,13.0,0,63
sciences,OP3,PGD,0.6,FGSM,0.6,21.63235294117647,18.0,0,60
sciences,OP3,PGD,0.6,FGSM,0.7,24.330882352941178,21.0,0,58
sciences,OP3,PGD,0.6,FGSM,0.8,24.264705882352942,21.0,0,58
sciences,OP3,PGD,0.6,FGSM,0.9,24.433823529411764,21.5,0,58
sciences,OP3,PGD,0.6,FGSM,1.0,24.433823529411764,21.5,0,58
sciences,S7,PGD,0.6,FGSM,0.1,10.147058823529411,6.0,0,60
sciences,S7,PGD,0.6,FGSM,0.2,23.279411764705884,20.0,0,63
sciences,S7,PGD,0.6,FGSM,0.3,26.522058823529413,23.5,0,62
sciences,S7,PGD,0.6,FGSM,0.4,24.74264705882353,23.0,0,64
sciences,S7,PGD,0.6,FGSM,0.5,26.191176470588236,22.5,0,59
sciences,S7,PGD,0.6,FGSM,0.6,28.0,27.0,0,62
sciences,S7,PGD,0.6,FGSM,0.7,23.897058823529413,22.5,0,54
sciences,S7,PGD,0.6,FGSM,0.8,23.75,22.5,0,54
sciences,S7,PGD,0.6,FGSM,0.9,24.044117647058822,22.5,0,54
sciences,S7,PGD,0.6,FGSM,1.0,24.044117647058822,22.5,0,54
sciences,BLU,PGD,0.7,FGSM,0.1,13.117647058823529,10.0,0,64
sciences,BLU,PGD,0.7,FGSM,0.2,16.764705882352942,16.0,0,40
sciences,BLU,PGD,0.7,FGSM,0.3,17.441176470588236,16.5,0,43
sciences,BLU,PGD,0.7,FGSM,0.4,18.066176470588236,18.0,0,43
sciences,BLU,PGD,0.7,FGSM,0.5,15.411764705882353,12.0,0,43
sciences,BLU,PGD,0.7,FGSM,0.6,17.639705882352942,16.0,0,43
sciences,BLU,PGD,0.7,FGSM,0.7,17.698529411764707,16.0,0,40
sciences,BLU,PGD,0.7,FGSM,0.8,18.058823529411764,17.0,0,42
sciences,BLU,PGD,0.7,FGSM,0.9,18.058823529411764,17.0,0,42
sciences,BLU,PGD,0.7,FGSM,1.0,18.058823529411764,17.0,0,42
sciences,HTC,PGD,0.7,FGSM,0.1,8.294117647058824,5.0,0,67
sciences,HTC,PGD,0.7,FGSM,0.2,19.16176470588235,16.5,0,49
sciences,HTC,PGD,0.7,FGSM,0.3,17.022058823529413,17.0,1,49
sciences,HTC,PGD,0.7,FGSM,0.4,16.955882352941178,18.0,0,48
sciences,HTC,PGD,0.7,FGSM,0.5,15.080882352941176,13.0,0,47
sciences,HTC,PGD,0.7,FGSM,0.6,19.683823529411764,16.0,0,49
sciences,HTC,PGD,0.7,FGSM,0.7,20.13235294117647,17.0,0,49
sciences,HTC,PGD,0.7,FGSM,0.8,20.08823529411765,17.0,0,48
sciences,HTC,PGD,0.7,FGSM,0.9,20.08823529411765,17.0,0,48
sciences,HTC,PGD,0.7,FGSM,1.0,20.08823529411765,17.0,0,48
sciences,LG,PGD,0.7,FGSM,0.1,13.382352941176471,9.0,0,55
sciences,LG,PGD,0.7,FGSM,0.2,18.522058823529413,13.5,1,55
sciences,LG,PGD,0.7,FGSM,0.3,15.433823529411764,8.0,0,55
sciences,LG,PGD,0.7,FGSM,0.4,11.727941176470589,7.0,0,61
sciences,LG,PGD,0.7,FGSM,0.5,18.566176470588236,12.0,0,58
sciences,LG,PGD,0.7,FGSM,0.6,21.41176470588235,16.0,0,56
sciences,LG,PGD,0.7,FGSM,0.7,21.205882352941178,16.0,0,52
sciences,LG,PGD,0.7,FGSM,0.8,22.058823529411764,18.5,0,52
sciences,LG,PGD,0.7,FGSM,0.9,22.029411764705884,18.5,0,52
sciences,LG,PGD,0.7,FGSM,1.0,22.029411764705884,18.5,0,52
sciences,MOTO,PGD,0.7,FGSM,0.1,17.176470588235293,8.0,0,67
sciences,MOTO,PGD,0.7,FGSM,0.2,20.41176470588235,18.0,0,66
sciences,MOTO,PGD,0.7,FGSM,0.3,20.683823529411764,21.0,0,66
sciences,MOTO,PGD,0.7,FGSM,0.4,15.352941176470589,5.5,0,66
sciences,MOTO,PGD,0.7,FGSM,0.5,14.610294117647058,11.5,0,66
sciences,MOTO,PGD,0.7,FGSM,0.6,18.669117647058822,16.5,0,50
sciences,MOTO,PGD,0.7,FGSM,0.7,21.53676470588235,17.5,0,54
sciences,MOTO,PGD,0.7,FGSM,0.8,21.5,17.5,0,51
sciences,MOTO,PGD,0.7,FGSM,0.9,21.5,17.5,0,51
sciences,MOTO,PGD,0.7,FGSM,1.0,21.5,17.5,0,51
sciences,OP3,PGD,0.7,FGSM,0.1,8.948529411764707,6.0,0,60
sciences,OP3,PGD,0.7,FGSM,0.2,17.654411764705884,13.0,0,63
sciences,OP3,PGD,0.7,FGSM,0.3,20.014705882352942,16.0,0,54
sciences,OP3,PGD,0.7,FGSM,0.4,11.970588235294118,10.0,0,33
sciences,OP3,PGD,0.7,FGSM,0.5,16.639705882352942,13.0,0,63
sciences,OP3,PGD,0.7,FGSM,0.6,21.63235294117647,18.0,0,60
sciences,OP3,PGD,0.7,FGSM,0.7,24.330882352941178,21.0,0,58
sciences,OP3,PGD,0.7,FGSM,0.8,24.264705882352942,21.0,0,58
sciences,OP3,PGD,0.7,FGSM,0.9,24.433823529411764,21.5,0,58
sciences,OP3,PGD,0.7,FGSM,1.0,24.433823529411764,21.5,0,58
sciences,S7,PGD,0.7,FGSM,0.1,10.147058823529411,6.0,0,60
sciences,S7,PGD,0.7,FGSM,0.2,23.279411764705884,20.0,0,63
sciences,S7,PGD,0.7,FGSM,0.3,26.522058823529413,23.5,0,62
sciences,S7,PGD,0.7,FGSM,0.4,24.74264705882353,23.0,0,64
sciences,S7,PGD,0.7,FGSM,0.5,26.191176470588236,22.5,0,59
sciences,S7,PGD,0.7,FGSM,0.6,28.0,27.0,0,62
sciences,S7,PGD,0.7,FGSM,0.7,23.897058823529413,22.5,0,54
sciences,S7,PGD,0.7,FGSM,0.8,23.75,22.5,0,54
sciences,S7,PGD,0.7,FGSM,0.9,24.044117647058822,22.5,0,54
sciences,S7,PGD,0.7,FGSM,1.0,24.044117647058822,22.5,0,54
sciences,BLU,PGD,0.8,FGSM,0.1,13.117647058823529,10.0,0,64
sciences,BLU,PGD,0.8,FGSM,0.2,16.764705882352942,16.0,0,40
sciences,BLU,PGD,0.8,FGSM,0.3,17.441176470588236,16.5,0,43
sciences,BLU,PGD,0.8,FGSM,0.4,18.066176470588236,18.0,0,43
sciences,BLU,PGD,0.8,FGSM,0.5,15.411764705882353,12.0,0,43
sciences,BLU,PGD,0.8,FGSM,0.6,17.639705882352942,16.0,0,43
sciences,BLU,PGD,0.8,FGSM,0.7,17.698529411764707,16.0,0,40
sciences,BLU,PGD,0.8,FGSM,0.8,18.058823529411764,17.0,0,42
sciences,BLU,PGD,0.8,FGSM,0.9,18.058823529411764,17.0,0,42
sciences,BLU,PGD,0.8,FGSM,1.0,18.058823529411764,17.0,0,42
sciences,HTC,PGD,0.8,FGSM,0.1,8.294117647058824,5.0,0,67
sciences,HTC,PGD,0.8,FGSM,0.2,19.16176470588235,16.5,0,49
sciences,HTC,PGD,0.8,FGSM,0.3,17.022058823529413,17.0,1,49
sciences,HTC,PGD,0.8,FGSM,0.4,16.955882352941178,18.0,0,48
sciences,HTC,PGD,0.8,FGSM,0.5,15.080882352941176,13.0,0,47
sciences,HTC,PGD,0.8,FGSM,0.6,19.683823529411764,16.0,0,49
sciences,HTC,PGD,0.8,FGSM,0.7,20.13235294117647,17.0,0,49
sciences,HTC,PGD,0.8,FGSM,0.8,20.08823529411765,17.0,0,48
sciences,HTC,PGD,0.8,FGSM,0.9,20.08823529411765,17.0,0,48
sciences,HTC,PGD,0.8,FGSM,1.0,20.08823529411765,17.0,0,48
sciences,LG,PGD,0.8,FGSM,0.1,13.382352941176471,9.0,0,55
sciences,LG,PGD,0.8,FGSM,0.2,18.522058823529413,13.5,1,55
sciences,LG,PGD,0.8,FGSM,0.3,15.433823529411764,8.0,0,55
sciences,LG,PGD,0.8,FGSM,0.4,11.727941176470589,7.0,0,61
sciences,LG,PGD,0.8,FGSM,0.5,18.566176470588236,12.0,0,58
sciences,LG,PGD,0.8,FGSM,0.6,21.41176470588235,16.0,0,56
sciences,LG,PGD,0.8,FGSM,0.7,21.205882352941178,16.0,0,52
sciences,LG,PGD,0.8,FGSM,0.8,22.058823529411764,18.5,0,52
sciences,LG,PGD,0.8,FGSM,0.9,22.029411764705884,18.5,0,52
sciences,LG,PGD,0.8,FGSM,1.0,22.029411764705884,18.5,0,52
sciences,MOTO,PGD,0.8,FGSM,0.1,17.176470588235293,8.0,0,67
sciences,MOTO,PGD,0.8,FGSM,0.2,20.41176470588235,18.0,0,66
sciences,MOTO,PGD,0.8,FGSM,0.3,20.683823529411764,21.0,0,66
sciences,MOTO,PGD,0.8,FGSM,0.4,15.352941176470589,5.5,0,66
sciences,MOTO,PGD,0.8,FGSM,0.5,14.610294117647058,11.5,0,66
sciences,MOTO,PGD,0.8,FGSM,0.6,18.669117647058822,16.5,0,50
sciences,MOTO,PGD,0.8,FGSM,0.7,21.53676470588235,17.5,0,54
sciences,MOTO,PGD,0.8,FGSM,0.8,21.5,17.5,0,51
sciences,MOTO,PGD,0.8,FGSM,0.9,21.5,17.5,0,51
sciences,MOTO,PGD,0.8,FGSM,1.0,21.5,17.5,0,51
sciences,OP3,PGD,0.8,FGSM,0.1,8.948529411764707,6.0,0,60
sciences,OP3,PGD,0.8,FGSM,0.2,17.654411764705884,13.0,0,63
sciences,OP3,PGD,0.8,FGSM,0.3,20.014705882352942,16.0,0,54
sciences,OP3,PGD,0.8,FGSM,0.4,11.970588235294118,10.0,0,33
sciences,OP3,PGD,0.8,FGSM,0.5,16.639705882352942,13.0,0,63
sciences,OP3,PGD,0.8,FGSM,0.6,21.63235294117647,18.0,0,60
sciences,OP3,PGD,0.8,FGSM,0.7,24.330882352941178,21.0,0,58
sciences,OP3,PGD,0.8,FGSM,0.8,24.264705882352942,21.0,0,58
sciences,OP3,PGD,0.8,FGSM,0.9,24.433823529411764,21.5,0,58
sciences,OP3,PGD,0.8,FGSM,1.0,24.433823529411764,21.5,0,58
sciences,S7,PGD,0.8,FGSM,0.1,10.147058823529411,6.0,0,60
sciences,S7,PGD,0.8,FGSM,0.2,23.279411764705884,20.0,0,63
sciences,S7,PGD,0.8,FGSM,0.3,26.522058823529413,23.5,0,62
sciences,S7,PGD,0.8,FGSM,0.4,24.74264705882353,23.0,0,64
sciences,S7,PGD,0.8,FGSM,0.5,26.191176470588236,22.5,0,59
sciences,S7,PGD,0.8,FGSM,0.6,28.0,27.0,0,62
sciences,S7,PGD,0.8,FGSM,0.7,23.897058823529413,22.5,0,54
sciences,S7,PGD,0.8,FGSM,0.8,23.75,22.5,0,54
sciences,S7,PGD,0.8,FGSM,0.9,24.044117647058822,22.5,0,54
sciences,S7,PGD,0.8,FGSM,1.0,24.044117647058822,22.5,0,54
sciences,BLU,PGD,0.9,FGSM,0.1,13.117647058823529,10.0,0,64
sciences,BLU,PGD,0.9,FGSM,0.2,16.764705882352942,16.0,0,40
sciences,BLU,PGD,0.9,FGSM,0.3,17.441176470588236,16.5,0,43
sciences,BLU,PGD,0.9,FGSM,0.4,18.066176470588236,18.0,0,43
sciences,BLU,PGD,0.9,FGSM,0.5,15.411764705882353,12.0,0,43
sciences,BLU,PGD,0.9,FGSM,0.6,17.639705882352942,16.0,0,43
sciences,BLU,PGD,0.9,FGSM,0.7,17.698529411764707,16.0,0,40
sciences,BLU,PGD,0.9,FGSM,0.8,18.058823529411764,17.0,0,42
sciences,BLU,PGD,0.9,FGSM,0.9,18.058823529411764,17.0,0,42
sciences,BLU,PGD,0.9,FGSM,1.0,18.058823529411764,17.0,0,42
sciences,HTC,PGD,0.9,FGSM,0.1,8.294117647058824,5.0,0,67
sciences,HTC,PGD,0.9,FGSM,0.2,19.16176470588235,16.5,0,49
sciences,HTC,PGD,0.9,FGSM,0.3,17.022058823529413,17.0,1,49
sciences,HTC,PGD,0.9,FGSM,0.4,16.955882352941178,18.0,0,48
sciences,HTC,PGD,0.9,FGSM,0.5,15.080882352941176,13.0,0,47
sciences,HTC,PGD,0.9,FGSM,0.6,19.683823529411764,16.0,0,49
sciences,HTC,PGD,0.9,FGSM,0.7,20.13235294117647,17.0,0,49
sciences,HTC,PGD,0.9,FGSM,0.8,20.08823529411765,17.0,0,48
sciences,HTC,PGD,0.9,FGSM,0.9,20.08823529411765,17.0,0,48
sciences,HTC,PGD,0.9,FGSM,1.0,20.08823529411765,17.0,0,48
sciences,LG,PGD,0.9,FGSM,0.1,13.382352941176471,9.0,0,55
sciences,LG,PGD,0.9,FGSM,0.2,18.522058823529413,13.5,1,55
sciences,LG,PGD,0.9,FGSM,0.3,15.433823529411764,8.0,0,55
sciences,LG,PGD,0.9,FGSM,0.4,11.727941176470589,7.0,0,61
sciences,LG,PGD,0.9,FGSM,0.5,18.566176470588236,12.0,0,58
sciences,LG,PGD,0.9,FGSM,0.6,21.41176470588235,16.0,0,56
sciences,LG,PGD,0.9,FGSM,0.7,21.205882352941178,16.0,0,52
sciences,LG,PGD,0.9,FGSM,0.8,22.058823529411764,18.5,0,52
sciences,LG,PGD,0.9,FGSM,0.9,22.029411764705884,18.5,0,52
sciences,LG,PGD,0.9,FGSM,1.0,22.029411764705884,18.5,0,52
sciences,MOTO,PGD,0.9,FGSM,0.1,17.176470588235293,8.0,0,67
sciences,MOTO,PGD,0.9,FGSM,0.2,20.41176470588235,18.0,0,66
sciences,MOTO,PGD,0.9,FGSM,0.3,20.683823529411764,21.0,0,66
sciences,MOTO,PGD,0.9,FGSM,0.4,15.352941176470589,5.5,0,66
sciences,MOTO,PGD,0.9,FGSM,0.5,14.610294117647058,11.5,0,66
sciences,MOTO,PGD,0.9,FGSM,0.6,18.669117647058822,16.5,0,50
sciences,MOTO,PGD,0.9,FGSM,0.7,21.53676470588235,17.5,0,54
sciences,MOTO,PGD,0.9,FGSM,0.8,21.5,17.5,0,51
sciences,MOTO,PGD,0.9,FGSM,0.9,21.5,17.5,0,51
sciences,MOTO,PGD,0.9,FGSM,1.0,21.5,17.5,0,51
sciences,OP3,PGD,0.9,FGSM,0.1,8.948529411764707,6.0,0,60
sciences,OP3,PGD,0.9,FGSM,0.2,17.654411764705884,13.0,0,63
sciences,OP3,PGD,0.9,FGSM,0.3,20.014705882352942,16.0,0,54
sciences,OP3,PGD,0.9,FGSM,0.4,11.970588235294118,10.0,0,33
sciences,OP3,PGD,0.9,FGSM,0.5,16.639705882352942,13.0,0,63
sciences,OP3,PGD,0.9,FGSM,0.6,21.63235294117647,18.0,0,60
sciences,OP3,PGD,0.9,FGSM,0.7,24.330882352941178,21.0,0,58
sciences,OP3,PGD,0.9,FGSM,0.8,24.264705882352942,21.0,0,58
sciences,OP3,PGD,0.9,FGSM,0.9,24.433823529411764,21.5,0,58
sciences,OP3,PGD,0.9,FGSM,1.0,24.433823529411764,21.5,0,58
sciences,S7,PGD,0.9,FGSM,0.1,10.147058823529411,6.0,0,60
sciences,S7,PGD,0.9,FGSM,0.2,23.279411764705884,20.0,0,63
sciences,S7,PGD,0.9,FGSM,0.3,26.522058823529413,23.5,0,62
sciences,S7,PGD,0.9,FGSM,0.4,24.74264705882353,23.0,0,64
sciences,S7,PGD,0.9,FGSM,0.5,26.191176470588236,22.5,0,59
sciences,S7,PGD,0.9,FGSM,0.6,28.0,27.0,0,62
sciences,S7,PGD,0.9,FGSM,0.7,23.897058823529413,22.5,0,54
sciences,S7,PGD,0.9,FGSM,0.8,23.75,22.5,0,54
sciences,S7,PGD,0.9,FGSM,0.9,24.044117647058822,22.5,0,54
sciences,S7,PGD,0.9,FGSM,1.0,24.044117647058822,22.5,0,54
sciences,BLU,PGD,1.0,FGSM,0.1,13.117647058823529,10.0,0,64
sciences,BLU,PGD,1.0,FGSM,0.2,16.764705882352942,16.0,0,40
sciences,BLU,PGD,1.0,FGSM,0.3,17.441176470588236,16.5,0,43
sciences,BLU,PGD,1.0,FGSM,0.4,18.066176470588236,18.0,0,43
sciences,BLU,PGD,1.0,FGSM,0.5,15.411764705882353,12.0,0,43
sciences,BLU,PGD,1.0,FGSM,0.6,17.639705882352942,16.0,0,43
sciences,BLU,PGD,1.0,FGSM,0.7,17.698529411764707,16.0,0,40
sciences,BLU,PGD,1.0,FGSM,0.8,18.058823529411764,17.0,0,42
sciences,BLU,PGD,1.0,FGSM,0.9,18.058823529411764,17.0,0,42
sciences,BLU,PGD,1.0,FGSM,1.0,18.058823529411764,17.0,0,42
sciences,HTC,PGD,1.0,FGSM,0.1,8.294117647058824,5.0,0,67
sciences,HTC,PGD,1.0,FGSM,0.2,19.16176470588235,16.5,0,49
sciences,HTC,PGD,1.0,FGSM,0.3,17.022058823529413,17.0,1,49
sciences,HTC,PGD,1.0,FGSM,0.4,16.955882352941178,18.0,0,48
sciences,HTC,PGD,1.0,FGSM,0.5,15.080882352941176,13.0,0,47
sciences,HTC,PGD,1.0,FGSM,0.6,19.683823529411764,16.0,0,49
sciences,HTC,PGD,1.0,FGSM,0.7,20.13235294117647,17.0,0,49
sciences,HTC,PGD,1.0,FGSM,0.8,20.08823529411765,17.0,0,48
sciences,HTC,PGD,1.0,FGSM,0.9,20.08823529411765,17.0,0,48
sciences,HTC,PGD,1.0,FGSM,1.0,20.08823529411765,17.0,0,48
sciences,LG,PGD,1.0,FGSM,0.1,13.382352941176471,9.0,0,55
sciences,LG,PGD,1.0,FGSM,0.2,18.522058823529413,13.5,1,55
sciences,LG,PGD,1.0,FGSM,0.3,15.433823529411764,8.0,0,55
sciences,LG,PGD,1.0,FGSM,0.4,11.727941176470589,7.0,0,61
sciences,LG,PGD,1.0,FGSM,0.5,18.566176470588236,12.0,0,58
sciences,LG,PGD,1.0,FGSM,0.6,21.41176470588235,16.0,0,56
sciences,LG,PGD,1.0,FGSM,0.7,21.205882352941178,16.0,0,52
sciences,LG,PGD,1.0,FGSM,0.8,22.058823529411764,18.5,0,52
sciences,LG,PGD,1.0,FGSM,0.9,22.029411764705884,18.5,0,52
sciences,LG,PGD,1.0,FGSM,1.0,22.029411764705884,18.5,0,52
sciences,MOTO,PGD,1.0,FGSM,0.1,17.176470588235293,8.0,0,67
sciences,MOTO,PGD,1.0,FGSM,0.2,20.41176470588235,18.0,0,66
sciences,MOTO,PGD,1.0,FGSM,0.3,20.683823529411764,21.0,0,66
sciences,MOTO,PGD,1.0,FGSM,0.4,15.352941176470589,5.5,0,66
sciences,MOTO,PGD,1.0,FGSM,0.5,14.610294117647058,11.5,0,66
sciences,MOTO,PGD,1.0,FGSM,0.6,18.669117647058822,16.5,0,50
sciences,MOTO,PGD,1.0,FGSM,0.7,21.53676470588235,17.5,0,54
sciences,MOTO,PGD,1.0,FGSM,0.8,21.5,17.5,0,51
sciences,MOTO,PGD,1.0,FGSM,0.9,21.5,17.5,0,51
sciences,MOTO,PGD,1.0,FGSM,1.0,21.5,17.5,0,51
sciences,OP3,PGD,1.0,FGSM,0.1,8.948529411764707,6.0,0,60
sciences,OP3,PGD,1.0,FGSM,0.2,17.654411764705884,13.0,0,63
sciences,OP3,PGD,1.0,FGSM,0.3,20.014705882352942,16.0,0,54
sciences,OP3,PGD,1.0,FGSM,0.4,11.970588235294118,10.0,0,33
sciences,OP3,PGD,1.0,FGSM,0.5,16.639705882352942,13.0,0,63
sciences,OP3,PGD,1.0,FGSM,0.6,21.63235294117647,18.0,0,60
sciences,OP3,PGD,1.0,FGSM,0.7,24.330882352941178,21.0,0,58
sciences,OP3,PGD,1.0,FGSM,0.8,24.264705882352942,21.0,0,58
sciences,OP3,PGD,1.0,FGSM,0.9,24.433823529411764,21.5,0,58
sciences,OP3,PGD,1.0,FGSM,1.0,24.433823529411764,21.5,0,58
sciences,S7,PGD,1.0,FGSM,0.1,10.147058823529411,6.0,0,60
sciences,S7,PGD,1.0,FGSM,0.2,23.279411764705884,20.0,0,63
sciences,S7,PGD,1.0,FGSM,0.3,26.522058823529413,23.5,0,62
sciences,S7,PGD,1.0,FGSM,0.4,24.74264705882353,23.0,0,64
sciences,S7,PGD,1.0,FGSM,0.5,26.191176470588236,22.5,0,59
sciences,S7,PGD,1.0,FGSM,0.6,28.0,27.0,0,62
sciences,S7,PGD,1.0,FGSM,0.7,23.897058823529413,22.5,0,54
sciences,S7,PGD,1.0,FGSM,0.8,23.75,22.5,0,54
sciences,S7,PGD,1.0,FGSM,0.9,24.044117647058822,22.5,0,54
sciences,S7,PGD,1.0,FGSM,1.0,24.044117647058822,22.5,0,54
sciences,BLU,MIM,0.1,FGSM,0.1,10.75,5.0,0,62
sciences,BLU,MIM,0.1,FGSM,0.2,18.389705882352942,16.0,0,60
sciences,BLU,MIM,0.1,FGSM,0.3,18.323529411764707,17.0,0,43
sciences,BLU,MIM,0.1,FGSM,0.4,18.323529411764707,17.0,0,43
sciences,BLU,MIM,0.1,FGSM,0.5,18.323529411764707,17.0,0,43
sciences,BLU,MIM,0.1,FGSM,0.6,18.323529411764707,17.0,0,43
sciences,BLU,MIM,0.1,FGSM,0.7,18.323529411764707,17.0,0,43
sciences,BLU,MIM,0.1,FGSM,0.8,18.323529411764707,17.0,0,43
sciences,BLU,MIM,0.1,FGSM,0.9,18.323529411764707,17.0,0,43
sciences,BLU,MIM,0.1,FGSM,1.0,18.323529411764707,17.0,0,43
sciences,HTC,MIM,0.1,FGSM,0.1,4.338235294117647,3.0,0,28
sciences,HTC,MIM,0.1,FGSM,0.2,15.455882352941176,11.0,0,59
sciences,HTC,MIM,0.1,FGSM,0.3,20.441176470588236,19.0,1,55
sciences,HTC,MIM,0.1,FGSM,0.4,18.308823529411764,18.5,0,56
sciences,HTC,MIM,0.1,FGSM,0.5,18.308823529411764,18.5,0,56
sciences,HTC,MIM,0.1,FGSM,0.6,18.308823529411764,18.5,0,56
sciences,HTC,MIM,0.1,FGSM,0.7,18.308823529411764,18.5,0,56
sciences,HTC,MIM,0.1,FGSM,0.8,18.308823529411764,18.5,0,56
sciences,HTC,MIM,0.1,FGSM,0.9,18.308823529411764,18.5,0,56
sciences,HTC,MIM,0.1,FGSM,1.0,18.308823529411764,18.5,0,56
sciences,LG,MIM,0.1,FGSM,0.1,6.095588235294118,3.5,0,66
sciences,LG,MIM,0.1,FGSM,0.2,16.801470588235293,9.0,0,60
sciences,LG,MIM,0.1,FGSM,0.3,24.397058823529413,19.0,0,60
sciences,LG,MIM,0.1,FGSM,0.4,27.323529411764707,26.5,0,60
sciences,LG,MIM,0.1,FGSM,0.5,27.323529411764707,26.5,0,60
sciences,LG,MIM,0.1,FGSM,0.6,27.323529411764707,26.5,0,60
sciences,LG,MIM,0.1,FGSM,0.7,27.323529411764707,26.5,0,60
sciences,LG,MIM,0.1,FGSM,0.8,27.323529411764707,26.5,0,60
sciences,LG,MIM,0.1,FGSM,0.9,27.323529411764707,26.5,0,60
sciences,LG,MIM,0.1,FGSM,1.0,27.323529411764707,26.5,0,60
sciences,MOTO,MIM,0.1,FGSM,0.1,3.8970588235294117,3.0,0,16
sciences,MOTO,MIM,0.1,FGSM,0.2,13.117647058823529,9.0,0,63
sciences,MOTO,MIM,0.1,FGSM,0.3,17.75735294117647,16.5,0,58
sciences,MOTO,MIM,0.1,FGSM,0.4,18.227941176470587,17.0,0,58
sciences,MOTO,MIM,0.1,FGSM,0.5,19.49264705882353,17.0,0,44
sciences,MOTO,MIM,0.1,FGSM,0.6,19.647058823529413,17.0,0,44
sciences,MOTO,MIM,0.1,FGSM,0.7,19.647058823529413,17.0,0,44
sciences,MOTO,MIM,0.1,FGSM,0.8,19.647058823529413,17.0,0,44
sciences,MOTO,MIM,0.1,FGSM,0.9,19.647058823529413,17.0,0,44
sciences,MOTO,MIM,0.1,FGSM,1.0,19.647058823529413,17.0,0,44
sciences,OP3,MIM,0.1,FGSM,0.1,4.551470588235294,3.0,0,22
sciences,OP3,MIM,0.1,FGSM,0.2,13.639705882352942,12.0,0,47
sciences,OP3,MIM,0.1,FGSM,0.3,16.99264705882353,16.0,0,49
sciences,OP3,MIM,0.1,FGSM,0.4,17.75,17.5,0,49
sciences,OP3,MIM,0.1,FGSM,0.5,17.602941176470587,17.0,0,49
sciences,OP3,MIM,0.1,FGSM,0.6,17.602941176470587,17.0,0,49
sciences,OP3,MIM,0.1,FGSM,0.7,17.75,17.5,0,49
sciences,OP3,MIM,0.1,FGSM,0.8,17.75,17.5,0,49
sciences,OP3,MIM,0.1,FGSM,0.9,17.75,17.5,0,49
sciences,OP3,MIM,0.1,FGSM,1.0,17.75,17.5,0,49
sciences,S7,MIM,0.1,FGSM,0.1,6.8088235294117645,3.0,0,48
sciences,S7,MIM,0.1,FGSM,0.2,17.88235294117647,14.5,0,51
sciences,S7,MIM,0.1,FGSM,0.3,17.720588235294116,14.0,0,55
sciences,S7,MIM,0.1,FGSM,0.4,18.058823529411764,16.0,0,55
sciences,S7,MIM,0.1,FGSM,0.5,17.61764705882353,16.5,0,42
sciences,S7,MIM,0.1,FGSM,0.6,17.61764705882353,16.5,0,42
sciences,S7,MIM,0.1,FGSM,0.7,17.61764705882353,16.5,0,42
sciences,S7,MIM,0.1,FGSM,0.8,17.61764705882353,16.5,0,42
sciences,S7,MIM,0.1,FGSM,0.9,17.61764705882353,16.5,0,42
sciences,S7,MIM,0.1,FGSM,1.0,17.61764705882353,16.5,0,42
sciences,BLU,MIM,0.2,FGSM,0.1,17.154411764705884,6.0,0,65
sciences,BLU,MIM,0.2,FGSM,0.2,26.169117647058822,16.0,0,66
sciences,BLU,MIM,0.2,FGSM,0.3,32.35294117647059,32.5,0,66
sciences,BLU,MIM,0.2,FGSM,0.4,32.48529411764706,32.0,0,66
sciences,BLU,MIM,0.2,FGSM,0.5,32.529411764705884,32.5,0,66
sciences,BLU,MIM,0.2,FGSM,0.6,32.529411764705884,32.5,0,66
sciences,BLU,MIM,0.2,FGSM,0.7,32.529411764705884,32.5,0,66
sciences,BLU,MIM,0.2,FGSM,0.8,32.529411764705884,32.5,0,66
sciences,BLU,MIM,0.2,FGSM,0.9,32.529411764705884,32.5,0,66
sciences,BLU,MIM,0.2,FGSM,1.0,32.529411764705884,32.5,0,66
sciences,HTC,MIM,0.2,FGSM,0.1,4.882352941176471,4.0,0,18
sciences,HTC,MIM,0.2,FGSM,0.2,8.176470588235293,5.0,0,39
sciences,HTC,MIM,0.2,FGSM,0.3,19.147058823529413,17.0,0,45
sciences,HTC,MIM,0.2,FGSM,0.4,19.227941176470587,17.0,1,45
sciences,HTC,MIM,0.2,FGSM,0.5,19.110294117647058,17.0,0,45
sciences,HTC,MIM,0.2,FGSM,0.6,19.110294117647058,17.0,0,45
sciences,HTC,MIM,0.2,FGSM,0.7,19.110294117647058,17.0,0,45
sciences,HTC,MIM,0.2,FGSM,0.8,19.110294117647058,17.0,0,45
sciences,HTC,MIM,0.2,FGSM,0.9,19.110294117647058,17.0,0,45
sciences,HTC,MIM,0.2,FGSM,1.0,19.110294117647058,17.0,0,45
sciences,LG,MIM,0.2,FGSM,0.1,2.8970588235294117,2.0,0,15
sciences,LG,MIM,0.2,FGSM,0.2,17.96323529411765,11.0,0,65
sciences,LG,MIM,0.2,FGSM,0.3,26.448529411764707,22.0,0,67
sciences,LG,MIM,0.2,FGSM,0.4,30.183823529411764,28.0,0,67
sciences,LG,MIM,0.2,FGSM,0.5,32.080882352941174,32.0,0,67
sciences,LG,MIM,0.2,FGSM,0.6,32.080882352941174,32.0,0,67
sciences,LG,MIM,0.2,FGSM,0.7,32.080882352941174,32.0,0,67
sciences,LG,MIM,0.2,FGSM,0.8,32.080882352941174,32.0,0,67
sciences,LG,MIM,0.2,FGSM,0.9,32.080882352941174,32.0,0,67
sciences,LG,MIM,0.2,FGSM,1.0,32.080882352941174,32.0,0,67
sciences,MOTO,MIM,0.2,FGSM,0.1,6.705882352941177,4.0,0,64
sciences,MOTO,MIM,0.2,FGSM,0.2,21.99264705882353,12.0,0,64
sciences,MOTO,MIM,0.2,FGSM,0.3,28.183823529411764,23.0,0,66
sciences,MOTO,MIM,0.2,FGSM,0.4,32.52205882352941,32.5,0,66
sciences,MOTO,MIM,0.2,FGSM,0.5,32.529411764705884,32.5,0,66
sciences,MOTO,MIM,0.2,FGSM,0.6,32.529411764705884,32.5,0,66
sciences,MOTO,MIM,0.2,FGSM,0.7,32.529411764705884,32.5,0,66
sciences,MOTO,MIM,0.2,FGSM,0.8,32.529411764705884,32.5,0,66
sciences,MOTO,MIM,0.2,FGSM,0.9,32.529411764705884,32.5,0,66
sciences,MOTO,MIM,0.2,FGSM,1.0,32.529411764705884,32.5,0,66
sciences,OP3,MIM,0.2,FGSM,0.1,9.279411764705882,6.0,0,50
sciences,OP3,MIM,0.2,FGSM,0.2,19.205882352941178,15.5,0,63
sciences,OP3,MIM,0.2,FGSM,0.3,24.220588235294116,21.0,0,59
sciences,OP3,MIM,0.2,FGSM,0.4,24.147058823529413,21.5,0,55
sciences,OP3,MIM,0.2,FGSM,0.5,23.794117647058822,21.5,0,55
sciences,OP3,MIM,0.2,FGSM,0.6,23.794117647058822,21.5,0,55
sciences,OP3,MIM,0.2,FGSM,0.7,23.794117647058822,21.5,0,55
sciences,OP3,MIM,0.2,FGSM,0.8,23.794117647058822,21.5,0,55
sciences,OP3,MIM,0.2,FGSM,0.9,23.794117647058822,21.5,0,55
sciences,OP3,MIM,0.2,FGSM,1.0,23.794117647058822,21.5,0,55
sciences,S7,MIM,0.2,FGSM,0.1,5.323529411764706,3.0,0,54
sciences,S7,MIM,0.2,FGSM,0.2,12.411764705882353,9.0,0,51
sciences,S7,MIM,0.2,FGSM,0.3,25.558823529411764,21.0,0,66
sciences,S7,MIM,0.2,FGSM,0.4,25.948529411764707,26.0,0,66
sciences,S7,MIM,0.2,FGSM,0.5,32.529411764705884,32.5,0,66
sciences,S7,MIM,0.2,FGSM,0.6,32.529411764705884,32.5,0,66
sciences,S7,MIM,0.2,FGSM,0.7,32.529411764705884,32.5,0,66
sciences,S7,MIM,0.2,FGSM,0.8,32.529411764705884,32.5,0,66
sciences,S7,MIM,0.2,FGSM,0.9,32.529411764705884,32.5,0,66
sciences,S7,MIM,0.2,FGSM,1.0,32.529411764705884,32.5,0,66
sciences,BLU,MIM,0.3,FGSM,0.1,19.705882352941178,9.5,0,67
sciences,BLU,MIM,0.3,FGSM,0.2,26.154411764705884,20.0,0,63
sciences,BLU,MIM,0.3,FGSM,0.3,29.323529411764707,29.0,0,67
sciences,BLU,MIM,0.3,FGSM,0.4,29.095588235294116,28.5,0,67
sciences,BLU,MIM,0.3,FGSM,0.5,32.463235294117645,31.0,0,67
sciences,BLU,MIM,0.3,FGSM,0.6,32.31617647058823,32.0,0,67
sciences,BLU,MIM,0.3,FGSM,0.7,33.49264705882353,33.5,0,67
sciences,BLU,MIM,0.3,FGSM,0.8,33.5,33.5,0,67
sciences,BLU,MIM,0.3,FGSM,0.9,33.5,33.5,0,67
sciences,BLU,MIM,0.3,FGSM,1.0,33.5,33.5,0,67
sciences,HTC,MIM,0.3,FGSM,0.1,8.338235294117647,5.0,0,32
sciences,HTC,MIM,0.3,FGSM,0.2,12.963235294117647,11.0,0,56
sciences,HTC,MIM,0.3,FGSM,0.3,10.757352941176471,7.5,0,38
sciences,HTC,MIM,0.3,FGSM,0.4,22.720588235294116,18.0,0,66
sciences,HTC,MIM,0.3,FGSM,0.5,16.705882352941178,14.0,0,66
sciences,HTC,MIM,0.3,FGSM,0.6,18.095588235294116,16.5,0,43
sciences,HTC,MIM,0.3,FGSM,0.7,18.235294117647058,16.5,0,43
sciences,HTC,MIM,0.3,FGSM,0.8,18.235294117647058,16.5,0,43
sciences,HTC,MIM,0.3,FGSM,0.9,18.235294117647058,16.5,0,43
sciences,HTC,MIM,0.3,FGSM,1.0,18.235294117647058,16.5,0,43
sciences,LG,MIM,0.3,FGSM,0.1,3.3088235294117645,2.0,0,20
sciences,LG,MIM,0.3,FGSM,0.2,23.558823529411764,13.0,0,67
sciences,LG,MIM,0.3,FGSM,0.3,35.669117647058826,36.0,1,67
sciences,LG,MIM,0.3,FGSM,0.4,35.61764705882353,36.0,1,67
sciences,LG,MIM,0.3,FGSM,0.5,35.64705882352941,36.0,1,67
sciences,LG,MIM,0.3,FGSM,0.6,35.213235294117645,35.0,1,67
sciences,LG,MIM,0.3,FGSM,0.7,35.205882352941174,35.0,1,67
sciences,LG,MIM,0.3,FGSM,0.8,35.205882352941174,35.0,1,67
sciences,LG,MIM,0.3,FGSM,0.9,35.205882352941174,35.0,1,67
sciences,LG,MIM,0.3,FGSM,1.0,35.205882352941174,35.0,1,67
sciences,MOTO,MIM,0.3,FGSM,0.1,5.397058823529412,4.0,0,60
sciences,MOTO,MIM,0.3,FGSM,0.2,15.294117647058824,8.0,0,67
sciences,MOTO,MIM,0.3,FGSM,0.3,29.99264705882353,32.0,0,67
sciences,MOTO,MIM,0.3,FGSM,0.4,29.014705882352942,28.5,0,65
sciences,MOTO,MIM,0.3,FGSM,0.5,32.529411764705884,32.5,0,66
sciences,MOTO,MIM,0.3,FGSM,0.6,32.529411764705884,32.5,0,66
sciences,MOTO,MIM,0.3,FGSM,0.7,32.529411764705884,32.5,0,66
sciences,MOTO,MIM,0.3,FGSM,0.8,32.529411764705884,32.5,0,66
sciences,MOTO,MIM,0.3,FGSM,0.9,32.529411764705884,32.5,0,66
sciences,MOTO,MIM,0.3,FGSM,1.0,32.529411764705884,32.5,0,66
sciences,OP3,MIM,0.3,FGSM,0.1,15.198529411764707,8.0,0,66
sciences,OP3,MIM,0.3,FGSM,0.2,29.63235294117647,28.0,0,64
sciences,OP3,MIM,0.3,FGSM,0.3,29.544117647058822,29.5,0,67
sciences,OP3,MIM,0.3,FGSM,0.4,25.46323529411765,22.5,0,66
sciences,OP3,MIM,0.3,FGSM,0.5,32.61029411764706,32.5,0,66
sciences,OP3,MIM,0.3,FGSM,0.6,32.595588235294116,32.5,0,66
sciences,OP3,MIM,0.3,FGSM,0.7,32.595588235294116,32.5,0,66
sciences,OP3,MIM,0.3,FGSM,0.8,32.595588235294116,32.5,0,66
sciences,OP3,MIM,0.3,FGSM,0.9,32.595588235294116,32.5,0,66
sciences,OP3,MIM,0.3,FGSM,1.0,32.595588235294116,32.5,0,66
sciences,S7,MIM,0.3,FGSM,0.1,3.786764705882353,3.0,0,14
sciences,S7,MIM,0.3,FGSM,0.2,23.683823529411764,16.5,0,67
sciences,S7,MIM,0.3,FGSM,0.3,32.529411764705884,32.5,0,66
sciences,S7,MIM,0.3,FGSM,0.4,32.529411764705884,32.5,0,66
sciences,S7,MIM,0.3,FGSM,0.5,32.529411764705884,32.5,0,66
sciences,S7,MIM,0.3,FGSM,0.6,32.529411764705884,32.5,0,66
sciences,S7,MIM,0.3,FGSM,0.7,32.529411764705884,32.5,0,66
sciences,S7,MIM,0.3,FGSM,0.8,32.529411764705884,32.5,0,66
sciences,S7,MIM,0.3,FGSM,0.9,32.529411764705884,32.5,0,66
sciences,S7,MIM,0.3,FGSM,1.0,32.529411764705884,32.5,0,66
sciences,BLU,MIM,0.4,FGSM,0.1,25.352941176470587,19.5,0,67
sciences,BLU,MIM,0.4,FGSM,0.2,28.308823529411764,22.5,1,65
sciences,BLU,MIM,0.4,FGSM,0.3,22.235294117647058,15.0,0,62
sciences,BLU,MIM,0.4,FGSM,0.4,22.845588235294116,16.0,0,66
sciences,BLU,MIM,0.4,FGSM,0.5,22.485294117647058,18.5,0,65
sciences,BLU,MIM,0.4,FGSM,0.6,22.03676470588235,19.5,0,66
sciences,BLU,MIM,0.4,FGSM,0.7,18.41176470588235,17.0,0,43
sciences,BLU,MIM,0.4,FGSM,0.8,18.323529411764707,17.0,0,43
sciences,BLU,MIM,0.4,FGSM,0.9,18.323529411764707,17.0,0,43
sciences,BLU,MIM,0.4,FGSM,1.0,18.323529411764707,17.0,0,43
sciences,HTC,MIM,0.4,FGSM,0.1,7.757352941176471,6.0,0,43
sciences,HTC,MIM,0.4,FGSM,0.2,15.691176470588236,15.0,0,37
sciences,HTC,MIM,0.4,FGSM,0.3,15.867647058823529,16.0,0,40
sciences,HTC,MIM,0.4,FGSM,0.4,9.794117647058824,9.0,0,40
sciences,HTC,MIM,0.4,FGSM,0.5,15.669117647058824,9.5,0,64
sciences,HTC,MIM,0.4,FGSM,0.6,16.985294117647058,17.0,0,37
sciences,HTC,MIM,0.4,FGSM,0.7,17.176470588235293,17.0,0,37
sciences,HTC,MIM,0.4,FGSM,0.8,17.176470588235293,17.0,0,37
sciences,HTC,MIM,0.4,FGSM,0.9,17.176470588235293,17.0,0,37
sciences,HTC,MIM,0.4,FGSM,1.0,17.176470588235293,17.0,0,37
sciences,LG,MIM,0.4,FGSM,0.1,3.4705882352941178,3.0,0,51
sciences,LG,MIM,0.4,FGSM,0.2,18.78676470588235,13.5,0,67
sciences,LG,MIM,0.4,FGSM,0.3,16.933823529411764,15.0,0,64
sciences,LG,MIM,0.4,FGSM,0.4,14.977941176470589,9.0,0,66
sciences,LG,MIM,0.4,FGSM,0.5,17.941176470588236,14.0,0,66
sciences,LG,MIM,0.4,FGSM,0.6,32.81617647058823,32.5,0,66
sciences,LG,MIM,0.4,FGSM,0.7,29.727941176470587,28.0,0,66
sciences,LG,MIM,0.4,FGSM,0.8,32.9264705882353,32.5,1,66
sciences,LG,MIM,0.4,FGSM,0.9,32.9264705882353,32.5,1,66
sciences,LG,MIM,0.4,FGSM,1.0,32.9264705882353,32.5,1,66
sciences,MOTO,MIM,0.4,FGSM,0.1,4.705882352941177,4.0,0,19
sciences,MOTO,MIM,0.4,FGSM,0.2,13.522058823529411,12.0,0,66
sciences,MOTO,MIM,0.4,FGSM,0.3,18.205882352941178,17.0,0,43
sciences,MOTO,MIM,0.4,FGSM,0.4,17.71323529411765,16.0,0,43
sciences,MOTO,MIM,0.4,FGSM,0.5,18.426470588235293,17.5,0,43
sciences,MOTO,MIM,0.4,FGSM,0.6,18.514705882352942,17.0,0,43
sciences,MOTO,MIM,0.4,FGSM,0.7,18.485294117647058,17.0,0,43
sciences,MOTO,MIM,0.4,FGSM,0.8,18.470588235294116,17.0,0,43
sciences,MOTO,MIM,0.4,FGSM,0.9,18.46323529411765,17.0,0,43
sciences,MOTO,MIM,0.4,FGSM,1.0,18.46323529411765,17.0,0,43
sciences,OP3,MIM,0.4,FGSM,0.1,12.029411764705882,9.0,0,62
sciences,OP3,MIM,0.4,FGSM,0.2,29.823529411764707,29.0,0,64
sciences,OP3,MIM,0.4,FGSM,0.3,29.514705882352942,28.5,0,62
sciences,OP3,MIM,0.4,FGSM,0.4,28.816176470588236,28.5,0,62
sciences,OP3,MIM,0.4,FGSM,0.5,29.49264705882353,30.5,0,62
sciences,OP3,MIM,0.4,FGSM,0.6,30.426470588235293,29.5,0,64
sciences,OP3,MIM,0.4,FGSM,0.7,30.139705882352942,29.0,0,64
sciences,OP3,MIM,0.4,FGSM,0.8,30.102941176470587,29.0,0,64
sciences,OP3,MIM,0.4,FGSM,0.9,30.11764705882353,29.0,0,64
sciences,OP3,MIM,0.4,FGSM,1.0,30.176470588235293,29.0,0,64
sciences,S7,MIM,0.4,FGSM,0.1,4.705882352941177,4.0,0,47
sciences,S7,MIM,0.4,FGSM,0.2,14.992647058823529,11.0,0,48
sciences,S7,MIM,0.4,FGSM,0.3,17.00735294117647,13.0,0,66
sciences,S7,MIM,0.4,FGSM,0.4,19.0,15.0,0,66
sciences,S7,MIM,0.4,FGSM,0.5,23.316176470588236,22.0,0,55
sciences,S7,MIM,0.4,FGSM,0.6,23.0,20.5,0,55
sciences,S7,MIM,0.4,FGSM,0.7,23.794117647058822,21.5,0,55
sciences,S7,MIM,0.4,FGSM,0.8,23.794117647058822,21.5,0,55
sciences,S7,MIM,0.4,FGSM,0.9,23.794117647058822,21.5,0,55
sciences,S7,MIM,0.4,FGSM,1.0,23.794117647058822,21.5,0,55
sciences,BLU,MIM,0.5,FGSM,0.1,25.352941176470587,19.5,0,67
sciences,BLU,MIM,0.5,FGSM,0.2,28.308823529411764,22.5,1,65
sciences,BLU,MIM,0.5,FGSM,0.3,22.235294117647058,15.0,0,62
sciences,BLU,MIM,0.5,FGSM,0.4,22.845588235294116,16.0,0,66
sciences,BLU,MIM,0.5,FGSM,0.5,22.485294117647058,18.5,0,65
sciences,BLU,MIM,0.5,FGSM,0.6,22.03676470588235,19.5,0,66
sciences,BLU,MIM,0.5,FGSM,0.7,18.41176470588235,17.0,0,43
sciences,BLU,MIM,0.5,FGSM,0.8,18.323529411764707,17.0,0,43
sciences,BLU,MIM,0.5,FGSM,0.9,18.323529411764707,17.0,0,43
sciences,BLU,MIM,0.5,FGSM,1.0,18.323529411764707,17.0,0,43
sciences,HTC,MIM,0.5,FGSM,0.1,7.757352941176471,6.0,0,43
sciences,HTC,MIM,0.5,FGSM,0.2,15.691176470588236,15.0,0,37
sciences,HTC,MIM,0.5,FGSM,0.3,15.867647058823529,16.0,0,40
sciences,HTC,MIM,0.5,FGSM,0.4,9.794117647058824,9.0,0,40
sciences,HTC,MIM,0.5,FGSM,0.5,15.669117647058824,9.5,0,64
sciences,HTC,MIM,0.5,FGSM,0.6,16.985294117647058,17.0,0,37
sciences,HTC,MIM,0.5,FGSM,0.7,17.176470588235293,17.0,0,37
sciences,HTC,MIM,0.5,FGSM,0.8,17.176470588235293,17.0,0,37
sciences,HTC,MIM,0.5,FGSM,0.9,17.176470588235293,17.0,0,37
sciences,HTC,MIM,0.5,FGSM,1.0,17.176470588235293,17.0,0,37
sciences,LG,MIM,0.5,FGSM,0.1,3.4705882352941178,3.0,0,51
sciences,LG,MIM,0.5,FGSM,0.2,18.78676470588235,13.5,0,67
sciences,LG,MIM,0.5,FGSM,0.3,16.933823529411764,15.0,0,64
sciences,LG,MIM,0.5,FGSM,0.4,14.977941176470589,9.0,0,66
sciences,LG,MIM,0.5,FGSM,0.5,17.941176470588236,14.0,0,66
sciences,LG,MIM,0.5,FGSM,0.6,32.81617647058823,32.5,0,66
sciences,LG,MIM,0.5,FGSM,0.7,29.727941176470587,28.0,0,66
sciences,LG,MIM,0.5,FGSM,0.8,32.9264705882353,32.5,1,66
sciences,LG,MIM,0.5,FGSM,0.9,32.9264705882353,32.5,1,66
sciences,LG,MIM,0.5,FGSM,1.0,32.9264705882353,32.5,1,66
sciences,MOTO,MIM,0.5,FGSM,0.1,4.705882352941177,4.0,0,19
sciences,MOTO,MIM,0.5,FGSM,0.2,13.522058823529411,12.0,0,66
sciences,MOTO,MIM,0.5,FGSM,0.3,18.205882352941178,17.0,0,43
sciences,MOTO,MIM,0.5,FGSM,0.4,17.71323529411765,16.0,0,43
sciences,MOTO,MIM,0.5,FGSM,0.5,18.426470588235293,17.5,0,43
sciences,MOTO,MIM,0.5,FGSM,0.6,18.514705882352942,17.0,0,43
sciences,MOTO,MIM,0.5,FGSM,0.7,18.485294117647058,17.0,0,43
sciences,MOTO,MIM,0.5,FGSM,0.8,18.470588235294116,17.0,0,43
sciences,MOTO,MIM,0.5,FGSM,0.9,18.46323529411765,17.0,0,43
sciences,MOTO,MIM,0.5,FGSM,1.0,18.46323529411765,17.0,0,43
sciences,OP3,MIM,0.5,FGSM,0.1,12.029411764705882,9.0,0,62
sciences,OP3,MIM,0.5,FGSM,0.2,29.823529411764707,29.0,0,64
sciences,OP3,MIM,0.5,FGSM,0.3,29.514705882352942,28.5,0,62
sciences,OP3,MIM,0.5,FGSM,0.4,28.816176470588236,28.5,0,62
sciences,OP3,MIM,0.5,FGSM,0.5,29.49264705882353,30.5,0,62
sciences,OP3,MIM,0.5,FGSM,0.6,30.426470588235293,29.5,0,64
sciences,OP3,MIM,0.5,FGSM,0.7,30.139705882352942,29.0,0,64
sciences,OP3,MIM,0.5,FGSM,0.8,30.102941176470587,29.0,0,64
sciences,OP3,MIM,0.5,FGSM,0.9,30.11764705882353,29.0,0,64
sciences,OP3,MIM,0.5,FGSM,1.0,30.176470588235293,29.0,0,64
sciences,S7,MIM,0.5,FGSM,0.1,4.705882352941177,4.0,0,47
sciences,S7,MIM,0.5,FGSM,0.2,14.992647058823529,11.0,0,48
sciences,S7,MIM,0.5,FGSM,0.3,17.00735294117647,13.0,0,66
sciences,S7,MIM,0.5,FGSM,0.4,19.0,15.0,0,66
sciences,S7,MIM,0.5,FGSM,0.5,23.316176470588236,22.0,0,55
sciences,S7,MIM,0.5,FGSM,0.6,23.0,20.5,0,55
sciences,S7,MIM,0.5,FGSM,0.7,23.794117647058822,21.5,0,55
sciences,S7,MIM,0.5,FGSM,0.8,23.794117647058822,21.5,0,55
sciences,S7,MIM,0.5,FGSM,0.9,23.794117647058822,21.5,0,55
sciences,S7,MIM,0.5,FGSM,1.0,23.794117647058822,21.5,0,55
sciences,BLU,MIM,0.6,FGSM,0.1,25.352941176470587,19.5,0,67
sciences,BLU,MIM,0.6,FGSM,0.2,28.308823529411764,22.5,1,65
sciences,BLU,MIM,0.6,FGSM,0.3,22.235294117647058,15.0,0,62
sciences,BLU,MIM,0.6,FGSM,0.4,22.845588235294116,16.0,0,66
sciences,BLU,MIM,0.6,FGSM,0.5,22.485294117647058,18.5,0,65
sciences,BLU,MIM,0.6,FGSM,0.6,22.03676470588235,19.5,0,66
sciences,BLU,MIM,0.6,FGSM,0.7,18.41176470588235,17.0,0,43
sciences,BLU,MIM,0.6,FGSM,0.8,18.323529411764707,17.0,0,43
sciences,BLU,MIM,0.6,FGSM,0.9,18.323529411764707,17.0,0,43
sciences,BLU,MIM,0.6,FGSM,1.0,18.323529411764707,17.0,0,43
sciences,HTC,MIM,0.6,FGSM,0.1,7.757352941176471,6.0,0,43
sciences,HTC,MIM,0.6,FGSM,0.2,15.691176470588236,15.0,0,37
sciences,HTC,MIM,0.6,FGSM,0.3,15.867647058823529,16.0,0,40
sciences,HTC,MIM,0.6,FGSM,0.4,9.794117647058824,9.0,0,40
sciences,HTC,MIM,0.6,FGSM,0.5,15.669117647058824,9.5,0,64
sciences,HTC,MIM,0.6,FGSM,0.6,16.985294117647058,17.0,0,37
sciences,HTC,MIM,0.6,FGSM,0.7,17.176470588235293,17.0,0,37
sciences,HTC,MIM,0.6,FGSM,0.8,17.176470588235293,17.0,0,37
sciences,HTC,MIM,0.6,FGSM,0.9,17.176470588235293,17.0,0,37
sciences,HTC,MIM,0.6,FGSM,1.0,17.176470588235293,17.0,0,37
sciences,LG,MIM,0.6,FGSM,0.1,3.4705882352941178,3.0,0,51
sciences,LG,MIM,0.6,FGSM,0.2,18.78676470588235,13.5,0,67
sciences,LG,MIM,0.6,FGSM,0.3,16.933823529411764,15.0,0,64
sciences,LG,MIM,0.6,FGSM,0.4,14.977941176470589,9.0,0,66
sciences,LG,MIM,0.6,FGSM,0.5,17.941176470588236,14.0,0,66
sciences,LG,MIM,0.6,FGSM,0.6,32.81617647058823,32.5,0,66
sciences,LG,MIM,0.6,FGSM,0.7,29.727941176470587,28.0,0,66
sciences,LG,MIM,0.6,FGSM,0.8,32.9264705882353,32.5,1,66
sciences,LG,MIM,0.6,FGSM,0.9,32.9264705882353,32.5,1,66
sciences,LG,MIM,0.6,FGSM,1.0,32.9264705882353,32.5,1,66
sciences,MOTO,MIM,0.6,FGSM,0.1,4.705882352941177,4.0,0,19
sciences,MOTO,MIM,0.6,FGSM,0.2,13.522058823529411,12.0,0,66
sciences,MOTO,MIM,0.6,FGSM,0.3,18.205882352941178,17.0,0,43
sciences,MOTO,MIM,0.6,FGSM,0.4,17.71323529411765,16.0,0,43
sciences,MOTO,MIM,0.6,FGSM,0.5,18.426470588235293,17.5,0,43
sciences,MOTO,MIM,0.6,FGSM,0.6,18.514705882352942,17.0,0,43
sciences,MOTO,MIM,0.6,FGSM,0.7,18.485294117647058,17.0,0,43
sciences,MOTO,MIM,0.6,FGSM,0.8,18.470588235294116,17.0,0,43
sciences,MOTO,MIM,0.6,FGSM,0.9,18.46323529411765,17.0,0,43
sciences,MOTO,MIM,0.6,FGSM,1.0,18.46323529411765,17.0,0,43
sciences,OP3,MIM,0.6,FGSM,0.1,12.029411764705882,9.0,0,62
sciences,OP3,MIM,0.6,FGSM,0.2,29.823529411764707,29.0,0,64
sciences,OP3,MIM,0.6,FGSM,0.3,29.514705882352942,28.5,0,62
sciences,OP3,MIM,0.6,FGSM,0.4,28.816176470588236,28.5,0,62
sciences,OP3,MIM,0.6,FGSM,0.5,29.49264705882353,30.5,0,62
sciences,OP3,MIM,0.6,FGSM,0.6,30.426470588235293,29.5,0,64
sciences,OP3,MIM,0.6,FGSM,0.7,30.139705882352942,29.0,0,64
sciences,OP3,MIM,0.6,FGSM,0.8,30.102941176470587,29.0,0,64
sciences,OP3,MIM,0.6,FGSM,0.9,30.11764705882353,29.0,0,64
sciences,OP3,MIM,0.6,FGSM,1.0,30.176470588235293,29.0,0,64
sciences,S7,MIM,0.6,FGSM,0.1,4.705882352941177,4.0,0,47
sciences,S7,MIM,0.6,FGSM,0.2,14.992647058823529,11.0,0,48
sciences,S7,MIM,0.6,FGSM,0.3,17.00735294117647,13.0,0,66
sciences,S7,MIM,0.6,FGSM,0.4,19.0,15.0,0,66
sciences,S7,MIM,0.6,FGSM,0.5,23.316176470588236,22.0,0,55
sciences,S7,MIM,0.6,FGSM,0.6,23.0,20.5,0,55
sciences,S7,MIM,0.6,FGSM,0.7,23.794117647058822,21.5,0,55
sciences,S7,MIM,0.6,FGSM,0.8,23.794117647058822,21.5,0,55
sciences,S7,MIM,0.6,FGSM,0.9,23.794117647058822,21.5,0,55
sciences,S7,MIM,0.6,FGSM,1.0,23.794117647058822,21.5,0,55
sciences,BLU,MIM,0.7,FGSM,0.1,25.352941176470587,19.5,0,67
sciences,BLU,MIM,0.7,FGSM,0.2,28.308823529411764,22.5,1,65
sciences,BLU,MIM,0.7,FGSM,0.3,22.235294117647058,15.0,0,62
sciences,BLU,MIM,0.7,FGSM,0.4,22.845588235294116,16.0,0,66
sciences,BLU,MIM,0.7,FGSM,0.5,22.485294117647058,18.5,0,65
sciences,BLU,MIM,0.7,FGSM,0.6,22.03676470588235,19.5,0,66
sciences,BLU,MIM,0.7,FGSM,0.7,18.41176470588235,17.0,0,43
sciences,BLU,MIM,0.7,FGSM,0.8,18.323529411764707,17.0,0,43
sciences,BLU,MIM,0.7,FGSM,0.9,18.323529411764707,17.0,0,43
sciences,BLU,MIM,0.7,FGSM,1.0,18.323529411764707,17.0,0,43
sciences,HTC,MIM,0.7,FGSM,0.1,7.757352941176471,6.0,0,43
sciences,HTC,MIM,0.7,FGSM,0.2,15.691176470588236,15.0,0,37
sciences,HTC,MIM,0.7,FGSM,0.3,15.867647058823529,16.0,0,40
sciences,HTC,MIM,0.7,FGSM,0.4,9.794117647058824,9.0,0,40
sciences,HTC,MIM,0.7,FGSM,0.5,15.669117647058824,9.5,0,64
sciences,HTC,MIM,0.7,FGSM,0.6,16.985294117647058,17.0,0,37
sciences,HTC,MIM,0.7,FGSM,0.7,17.176470588235293,17.0,0,37
sciences,HTC,MIM,0.7,FGSM,0.8,17.176470588235293,17.0,0,37
sciences,HTC,MIM,0.7,FGSM,0.9,17.176470588235293,17.0,0,37
sciences,HTC,MIM,0.7,FGSM,1.0,17.176470588235293,17.0,0,37
sciences,LG,MIM,0.7,FGSM,0.1,3.4705882352941178,3.0,0,51
sciences,LG,MIM,0.7,FGSM,0.2,18.78676470588235,13.5,0,67
sciences,LG,MIM,0.7,FGSM,0.3,16.933823529411764,15.0,0,64
sciences,LG,MIM,0.7,FGSM,0.4,14.977941176470589,9.0,0,66
sciences,LG,MIM,0.7,FGSM,0.5,17.941176470588236,14.0,0,66
sciences,LG,MIM,0.7,FGSM,0.6,32.81617647058823,32.5,0,66
sciences,LG,MIM,0.7,FGSM,0.7,29.727941176470587,28.0,0,66
sciences,LG,MIM,0.7,FGSM,0.8,32.9264705882353,32.5,1,66
sciences,LG,MIM,0.7,FGSM,0.9,32.9264705882353,32.5,1,66
sciences,LG,MIM,0.7,FGSM,1.0,32.9264705882353,32.5,1,66
sciences,MOTO,MIM,0.7,FGSM,0.1,4.705882352941177,4.0,0,19
sciences,MOTO,MIM,0.7,FGSM,0.2,13.522058823529411,12.0,0,66
sciences,MOTO,MIM,0.7,FGSM,0.3,18.205882352941178,17.0,0,43
sciences,MOTO,MIM,0.7,FGSM,0.4,17.71323529411765,16.0,0,43
sciences,MOTO,MIM,0.7,FGSM,0.5,18.426470588235293,17.5,0,43
sciences,MOTO,MIM,0.7,FGSM,0.6,18.514705882352942,17.0,0,43
sciences,MOTO,MIM,0.7,FGSM,0.7,18.485294117647058,17.0,0,43
sciences,MOTO,MIM,0.7,FGSM,0.8,18.470588235294116,17.0,0,43
sciences,MOTO,MIM,0.7,FGSM,0.9,18.46323529411765,17.0,0,43
sciences,MOTO,MIM,0.7,FGSM,1.0,18.46323529411765,17.0,0,43
sciences,OP3,MIM,0.7,FGSM,0.1,12.029411764705882,9.0,0,62
sciences,OP3,MIM,0.7,FGSM,0.2,29.823529411764707,29.0,0,64
sciences,OP3,MIM,0.7,FGSM,0.3,29.514705882352942,28.5,0,62
sciences,OP3,MIM,0.7,FGSM,0.4,28.816176470588236,28.5,0,62
sciences,OP3,MIM,0.7,FGSM,0.5,29.49264705882353,30.5,0,62
sciences,OP3,MIM,0.7,FGSM,0.6,30.426470588235293,29.5,0,64
sciences,OP3,MIM,0.7,FGSM,0.7,30.139705882352942,29.0,0,64
sciences,OP3,MIM,0.7,FGSM,0.8,30.102941176470587,29.0,0,64
sciences,OP3,MIM,0.7,FGSM,0.9,30.11764705882353,29.0,0,64
sciences,OP3,MIM,0.7,FGSM,1.0,30.176470588235293,29.0,0,64
sciences,S7,MIM,0.7,FGSM,0.1,4.705882352941177,4.0,0,47
sciences,S7,MIM,0.7,FGSM,0.2,14.992647058823529,11.0,0,48
sciences,S7,MIM,0.7,FGSM,0.3,17.00735294117647,13.0,0,66
sciences,S7,MIM,0.7,FGSM,0.4,19.0,15.0,0,66
sciences,S7,MIM,0.7,FGSM,0.5,23.316176470588236,22.0,0,55
sciences,S7,MIM,0.7,FGSM,0.6,23.0,20.5,0,55
sciences,S7,MIM,0.7,FGSM,0.7,23.794117647058822,21.5,0,55
sciences,S7,MIM,0.7,FGSM,0.8,23.794117647058822,21.5,0,55
sciences,S7,MIM,0.7,FGSM,0.9,23.794117647058822,21.5,0,55
sciences,S7,MIM,0.7,FGSM,1.0,23.794117647058822,21.5,0,55
sciences,BLU,MIM,0.8,FGSM,0.1,25.352941176470587,19.5,0,67
sciences,BLU,MIM,0.8,FGSM,0.2,28.308823529411764,22.5,1,65
sciences,BLU,MIM,0.8,FGSM,0.3,22.235294117647058,15.0,0,62
sciences,BLU,MIM,0.8,FGSM,0.4,22.845588235294116,16.0,0,66
sciences,BLU,MIM,0.8,FGSM,0.5,22.485294117647058,18.5,0,65
sciences,BLU,MIM,0.8,FGSM,0.6,22.03676470588235,19.5,0,66
sciences,BLU,MIM,0.8,FGSM,0.7,18.41176470588235,17.0,0,43
sciences,BLU,MIM,0.8,FGSM,0.8,18.323529411764707,17.0,0,43
sciences,BLU,MIM,0.8,FGSM,0.9,18.323529411764707,17.0,0,43
sciences,BLU,MIM,0.8,FGSM,1.0,18.323529411764707,17.0,0,43
sciences,HTC,MIM,0.8,FGSM,0.1,7.757352941176471,6.0,0,43
sciences,HTC,MIM,0.8,FGSM,0.2,15.691176470588236,15.0,0,37
sciences,HTC,MIM,0.8,FGSM,0.3,15.867647058823529,16.0,0,40
sciences,HTC,MIM,0.8,FGSM,0.4,9.794117647058824,9.0,0,40
sciences,HTC,MIM,0.8,FGSM,0.5,15.669117647058824,9.5,0,64
sciences,HTC,MIM,0.8,FGSM,0.6,16.985294117647058,17.0,0,37
sciences,HTC,MIM,0.8,FGSM,0.7,17.176470588235293,17.0,0,37
sciences,HTC,MIM,0.8,FGSM,0.8,17.176470588235293,17.0,0,37
sciences,HTC,MIM,0.8,FGSM,0.9,17.176470588235293,17.0,0,37
sciences,HTC,MIM,0.8,FGSM,1.0,17.176470588235293,17.0,0,37
sciences,LG,MIM,0.8,FGSM,0.1,3.4705882352941178,3.0,0,51
sciences,LG,MIM,0.8,FGSM,0.2,18.78676470588235,13.5,0,67
sciences,LG,MIM,0.8,FGSM,0.3,16.933823529411764,15.0,0,64
sciences,LG,MIM,0.8,FGSM,0.4,14.977941176470589,9.0,0,66
sciences,LG,MIM,0.8,FGSM,0.5,17.941176470588236,14.0,0,66
sciences,LG,MIM,0.8,FGSM,0.6,32.81617647058823,32.5,0,66
sciences,LG,MIM,0.8,FGSM,0.7,29.727941176470587,28.0,0,66
sciences,LG,MIM,0.8,FGSM,0.8,32.9264705882353,32.5,1,66
sciences,LG,MIM,0.8,FGSM,0.9,32.9264705882353,32.5,1,66
sciences,LG,MIM,0.8,FGSM,1.0,32.9264705882353,32.5,1,66
sciences,MOTO,MIM,0.8,FGSM,0.1,4.705882352941177,4.0,0,19
sciences,MOTO,MIM,0.8,FGSM,0.2,13.522058823529411,12.0,0,66
sciences,MOTO,MIM,0.8,FGSM,0.3,18.205882352941178,17.0,0,43
sciences,MOTO,MIM,0.8,FGSM,0.4,17.71323529411765,16.0,0,43
sciences,MOTO,MIM,0.8,FGSM,0.5,18.426470588235293,17.5,0,43
sciences,MOTO,MIM,0.8,FGSM,0.6,18.514705882352942,17.0,0,43
sciences,MOTO,MIM,0.8,FGSM,0.7,18.485294117647058,17.0,0,43
sciences,MOTO,MIM,0.8,FGSM,0.8,18.470588235294116,17.0,0,43
sciences,MOTO,MIM,0.8,FGSM,0.9,18.46323529411765,17.0,0,43
sciences,MOTO,MIM,0.8,FGSM,1.0,18.46323529411765,17.0,0,43
sciences,OP3,MIM,0.8,FGSM,0.1,12.029411764705882,9.0,0,62
sciences,OP3,MIM,0.8,FGSM,0.2,29.823529411764707,29.0,0,64
sciences,OP3,MIM,0.8,FGSM,0.3,29.514705882352942,28.5,0,62
sciences,OP3,MIM,0.8,FGSM,0.4,28.816176470588236,28.5,0,62
sciences,OP3,MIM,0.8,FGSM,0.5,29.49264705882353,30.5,0,62
sciences,OP3,MIM,0.8,FGSM,0.6,30.426470588235293,29.5,0,64
sciences,OP3,MIM,0.8,FGSM,0.7,30.139705882352942,29.0,0,64
sciences,OP3,MIM,0.8,FGSM,0.8,30.102941176470587,29.0,0,64
sciences,OP3,MIM,0.8,FGSM,0.9,30.11764705882353,29.0,0,64
sciences,OP3,MIM,0.8,FGSM,1.0,30.176470588235293,29.0,0,64
sciences,S7,MIM,0.8,FGSM,0.1,4.705882352941177,4.0,0,47
sciences,S7,MIM,0.8,FGSM,0.2,14.992647058823529,11.0,0,48
sciences,S7,MIM,0.8,FGSM,0.3,17.00735294117647,13.0,0,66
sciences,S7,MIM,0.8,FGSM,0.4,19.0,15.0,0,66
sciences,S7,MIM,0.8,FGSM,0.5,23.316176470588236,22.0,0,55
sciences,S7,MIM,0.8,FGSM,0.6,23.0,20.5,0,55
sciences,S7,MIM,0.8,FGSM,0.7,23.794117647058822,21.5,0,55
sciences,S7,MIM,0.8,FGSM,0.8,23.794117647058822,21.5,0,55
sciences,S7,MIM,0.8,FGSM,0.9,23.794117647058822,21.5,0,55
sciences,S7,MIM,0.8,FGSM,1.0,23.794117647058822,21.5,0,55
sciences,BLU,MIM,0.9,FGSM,0.1,25.352941176470587,19.5,0,67
sciences,BLU,MIM,0.9,FGSM,0.2,28.308823529411764,22.5,1,65
sciences,BLU,MIM,0.9,FGSM,0.3,22.235294117647058,15.0,0,62
sciences,BLU,MIM,0.9,FGSM,0.4,22.845588235294116,16.0,0,66
sciences,BLU,MIM,0.9,FGSM,0.5,22.485294117647058,18.5,0,65
sciences,BLU,MIM,0.9,FGSM,0.6,22.03676470588235,19.5,0,66
sciences,BLU,MIM,0.9,FGSM,0.7,18.41176470588235,17.0,0,43
sciences,BLU,MIM,0.9,FGSM,0.8,18.323529411764707,17.0,0,43
sciences,BLU,MIM,0.9,FGSM,0.9,18.323529411764707,17.0,0,43
sciences,BLU,MIM,0.9,FGSM,1.0,18.323529411764707,17.0,0,43
sciences,HTC,MIM,0.9,FGSM,0.1,7.757352941176471,6.0,0,43
sciences,HTC,MIM,0.9,FGSM,0.2,15.691176470588236,15.0,0,37
sciences,HTC,MIM,0.9,FGSM,0.3,15.867647058823529,16.0,0,40
sciences,HTC,MIM,0.9,FGSM,0.4,9.794117647058824,9.0,0,40
sciences,HTC,MIM,0.9,FGSM,0.5,15.669117647058824,9.5,0,64
sciences,HTC,MIM,0.9,FGSM,0.6,16.985294117647058,17.0,0,37
sciences,HTC,MIM,0.9,FGSM,0.7,17.176470588235293,17.0,0,37
sciences,HTC,MIM,0.9,FGSM,0.8,17.176470588235293,17.0,0,37
sciences,HTC,MIM,0.9,FGSM,0.9,17.176470588235293,17.0,0,37
sciences,HTC,MIM,0.9,FGSM,1.0,17.176470588235293,17.0,0,37
sciences,LG,MIM,0.9,FGSM,0.1,3.4705882352941178,3.0,0,51
sciences,LG,MIM,0.9,FGSM,0.2,18.78676470588235,13.5,0,67
sciences,LG,MIM,0.9,FGSM,0.3,16.933823529411764,15.0,0,64
sciences,LG,MIM,0.9,FGSM,0.4,14.977941176470589,9.0,0,66
sciences,LG,MIM,0.9,FGSM,0.5,17.941176470588236,14.0,0,66
sciences,LG,MIM,0.9,FGSM,0.6,32.81617647058823,32.5,0,66
sciences,LG,MIM,0.9,FGSM,0.7,29.727941176470587,28.0,0,66
sciences,LG,MIM,0.9,FGSM,0.8,32.9264705882353,32.5,1,66
sciences,LG,MIM,0.9,FGSM,0.9,32.9264705882353,32.5,1,66
sciences,LG,MIM,0.9,FGSM,1.0,32.9264705882353,32.5,1,66
sciences,MOTO,MIM,0.9,FGSM,0.1,4.705882352941177,4.0,0,19
sciences,MOTO,MIM,0.9,FGSM,0.2,13.522058823529411,12.0,0,66
sciences,MOTO,MIM,0.9,FGSM,0.3,18.205882352941178,17.0,0,43
sciences,MOTO,MIM,0.9,FGSM,0.4,17.71323529411765,16.0,0,43
sciences,MOTO,MIM,0.9,FGSM,0.5,18.426470588235293,17.5,0,43
sciences,MOTO,MIM,0.9,FGSM,0.6,18.514705882352942,17.0,0,43
sciences,MOTO,MIM,0.9,FGSM,0.7,18.485294117647058,17.0,0,43
sciences,MOTO,MIM,0.9,FGSM,0.8,18.470588235294116,17.0,0,43
sciences,MOTO,MIM,0.9,FGSM,0.9,18.46323529411765,17.0,0,43
sciences,MOTO,MIM,0.9,FGSM,1.0,18.46323529411765,17.0,0,43
sciences,OP3,MIM,0.9,FGSM,0.1,12.029411764705882,9.0,0,62
sciences,OP3,MIM,0.9,FGSM,0.2,29.823529411764707,29.0,0,64
sciences,OP3,MIM,0.9,FGSM,0.3,29.514705882352942,28.5,0,62
sciences,OP3,MIM,0.9,FGSM,0.4,28.816176470588236,28.5,0,62
sciences,OP3,MIM,0.9,FGSM,0.5,29.49264705882353,30.5,0,62
sciences,OP3,MIM,0.9,FGSM,0.6,30.426470588235293,29.5,0,64
sciences,OP3,MIM,0.9,FGSM,0.7,30.139705882352942,29.0,0,64
sciences,OP3,MIM,0.9,FGSM,0.8,30.102941176470587,29.0,0,64
sciences,OP3,MIM,0.9,FGSM,0.9,30.11764705882353,29.0,0,64
sciences,OP3,MIM,0.9,FGSM,1.0,30.176470588235293,29.0,0,64
sciences,S7,MIM,0.9,FGSM,0.1,4.705882352941177,4.0,0,47
sciences,S7,MIM,0.9,FGSM,0.2,14.992647058823529,11.0,0,48
sciences,S7,MIM,0.9,FGSM,0.3,17.00735294117647,13.0,0,66
sciences,S7,MIM,0.9,FGSM,0.4,19.0,15.0,0,66
sciences,S7,MIM,0.9,FGSM,0.5,23.316176470588236,22.0,0,55
sciences,S7,MIM,0.9,FGSM,0.6,23.0,20.5,0,55
sciences,S7,MIM,0.9,FGSM,0.7,23.794117647058822,21.5,0,55
sciences,S7,MIM,0.9,FGSM,0.8,23.794117647058822,21.5,0,55
sciences,S7,MIM,0.9,FGSM,0.9,23.794117647058822,21.5,0,55
sciences,S7,MIM,0.9,FGSM,1.0,23.794117647058822,21.5,0,55
sciences,BLU,MIM,1.0,FGSM,0.1,25.352941176470587,19.5,0,67
sciences,BLU,MIM,1.0,FGSM,0.2,28.308823529411764,22.5,1,65
sciences,BLU,MIM,1.0,FGSM,0.3,22.235294117647058,15.0,0,62
sciences,BLU,MIM,1.0,FGSM,0.4,22.845588235294116,16.0,0,66
sciences,BLU,MIM,1.0,FGSM,0.5,22.485294117647058,18.5,0,65
sciences,BLU,MIM,1.0,FGSM,0.6,22.03676470588235,19.5,0,66
sciences,BLU,MIM,1.0,FGSM,0.7,18.41176470588235,17.0,0,43
sciences,BLU,MIM,1.0,FGSM,0.8,18.323529411764707,17.0,0,43
sciences,BLU,MIM,1.0,FGSM,0.9,18.323529411764707,17.0,0,43
sciences,BLU,MIM,1.0,FGSM,1.0,18.323529411764707,17.0,0,43
sciences,HTC,MIM,1.0,FGSM,0.1,7.757352941176471,6.0,0,43
sciences,HTC,MIM,1.0,FGSM,0.2,15.691176470588236,15.0,0,37
sciences,HTC,MIM,1.0,FGSM,0.3,15.867647058823529,16.0,0,40
sciences,HTC,MIM,1.0,FGSM,0.4,9.794117647058824,9.0,0,40
sciences,HTC,MIM,1.0,FGSM,0.5,15.669117647058824,9.5,0,64
sciences,HTC,MIM,1.0,FGSM,0.6,16.985294117647058,17.0,0,37
sciences,HTC,MIM,1.0,FGSM,0.7,17.176470588235293,17.0,0,37
sciences,HTC,MIM,1.0,FGSM,0.8,17.176470588235293,17.0,0,37
sciences,HTC,MIM,1.0,FGSM,0.9,17.176470588235293,17.0,0,37
sciences,HTC,MIM,1.0,FGSM,1.0,17.176470588235293,17.0,0,37
sciences,LG,MIM,1.0,FGSM,0.1,3.4705882352941178,3.0,0,51
sciences,LG,MIM,1.0,FGSM,0.2,18.78676470588235,13.5,0,67
sciences,LG,MIM,1.0,FGSM,0.3,16.933823529411764,15.0,0,64
sciences,LG,MIM,1.0,FGSM,0.4,14.977941176470589,9.0,0,66
sciences,LG,MIM,1.0,FGSM,0.5,17.941176470588236,14.0,0,66
sciences,LG,MIM,1.0,FGSM,0.6,32.81617647058823,32.5,0,66
sciences,LG,MIM,1.0,FGSM,0.7,29.727941176470587,28.0,0,66
sciences,LG,MIM,1.0,FGSM,0.8,32.9264705882353,32.5,1,66
sciences,LG,MIM,1.0,FGSM,0.9,32.9264705882353,32.5,1,66
sciences,LG,MIM,1.0,FGSM,1.0,32.9264705882353,32.5,1,66
sciences,MOTO,MIM,1.0,FGSM,0.1,4.705882352941177,4.0,0,19
sciences,MOTO,MIM,1.0,FGSM,0.2,13.522058823529411,12.0,0,66
sciences,MOTO,MIM,1.0,FGSM,0.3,18.205882352941178,17.0,0,43
sciences,MOTO,MIM,1.0,FGSM,0.4,17.71323529411765,16.0,0,43
sciences,MOTO,MIM,1.0,FGSM,0.5,18.426470588235293,17.5,0,43
sciences,MOTO,MIM,1.0,FGSM,0.6,18.514705882352942,17.0,0,43
sciences,MOTO,MIM,1.0,FGSM,0.7,18.485294117647058,17.0,0,43
sciences,MOTO,MIM,1.0,FGSM,0.8,18.470588235294116,17.0,0,43
sciences,MOTO,MIM,1.0,FGSM,0.9,18.46323529411765,17.0,0,43
sciences,MOTO,MIM,1.0,FGSM,1.0,18.46323529411765,17.0,0,43
sciences,OP3,MIM,1.0,FGSM,0.1,12.029411764705882,9.0,0,62
sciences,OP3,MIM,1.0,FGSM,0.2,29.823529411764707,29.0,0,64
sciences,OP3,MIM,1.0,FGSM,0.3,29.514705882352942,28.5,0,62
sciences,OP3,MIM,1.0,FGSM,0.4,28.816176470588236,28.5,0,62
sciences,OP3,MIM,1.0,FGSM,0.5,29.49264705882353,30.5,0,62
sciences,OP3,MIM,1.0,FGSM,0.6,30.426470588235293,29.5,0,64
sciences,OP3,MIM,1.0,FGSM,0.7,30.139705882352942,29.0,0,64
sciences,OP3,MIM,1.0,FGSM,0.8,30.102941176470587,29.0,0,64
sciences,OP3,MIM,1.0,FGSM,0.9,30.11764705882353,29.0,0,64
sciences,OP3,MIM,1.0,FGSM,1.0,30.176470588235293,29.0,0,64
sciences,S7,MIM,1.0,FGSM,0.1,4.705882352941177,4.0,0,47
sciences,S7,MIM,1.0,FGSM,0.2,14.992647058823529,11.0,0,48
sciences,S7,MIM,1.0,FGSM,0.3,17.00735294117647,13.0,0,66
sciences,S7,MIM,1.0,FGSM,0.4,19.0,15.0,0,66
sciences,S7,MIM,1.0,FGSM,0.5,23.316176470588236,22.0,0,55
sciences,S7,MIM,1.0,FGSM,0.6,23.0,20.5,0,55
sciences,S7,MIM,1.0,FGSM,0.7,23.794117647058822,21.5,0,55
sciences,S7,MIM,1.0,FGSM,0.8,23.794117647058822,21.5,0,55
sciences,S7,MIM,1.0,FGSM,0.9,23.794117647058822,21.5,0,55
sciences,S7,MIM,1.0,FGSM,1.0,23.794117647058822,21.5,0,55
sciences,BLU,BIM,0.1,FGSM,0.1,6.727941176470588,3.0,0,58
sciences,BLU,BIM,0.1,FGSM,0.2,16.36764705882353,13.0,0,58
sciences,BLU,BIM,0.1,FGSM,0.3,17.426470588235293,15.5,0,61
sciences,BLU,BIM,0.1,FGSM,0.4,16.86764705882353,18.0,0,35
sciences,BLU,BIM,0.1,FGSM,0.5,17.08823529411765,17.0,0,36
sciences,BLU,BIM,0.1,FGSM,0.6,17.08823529411765,17.0,0,36
sciences,BLU,BIM,0.1,FGSM,0.7,17.08823529411765,17.0,0,36
sciences,BLU,BIM,0.1,FGSM,0.8,17.08823529411765,17.0,0,36
sciences,BLU,BIM,0.1,FGSM,0.9,17.08823529411765,17.0,0,36
sciences,BLU,BIM,0.1,FGSM,1.0,17.08823529411765,17.0,0,36
sciences,HTC,BIM,0.1,FGSM,0.1,4.838235294117647,3.0,0,52
sciences,HTC,BIM,0.1,FGSM,0.2,17.102941176470587,13.0,0,46
sciences,HTC,BIM,0.1,FGSM,0.3,19.014705882352942,17.0,0,46
sciences,HTC,BIM,0.1,FGSM,0.4,18.941176470588236,17.0,0,45
sciences,HTC,BIM,0.1,FGSM,0.5,18.941176470588236,17.0,0,45
sciences,HTC,BIM,0.1,FGSM,0.6,18.941176470588236,17.0,0,45
sciences,HTC,BIM,0.1,FGSM,0.7,18.941176470588236,17.0,0,45
sciences,HTC,BIM,0.1,FGSM,0.8,18.941176470588236,17.0,0,45
sciences,HTC,BIM,0.1,FGSM,0.9,18.941176470588236,17.0,0,45
sciences,HTC,BIM,0.1,FGSM,1.0,18.941176470588236,17.0,0,45
sciences,LG,BIM,0.1,FGSM,0.1,6.764705882352941,5.0,0,56
sciences,LG,BIM,0.1,FGSM,0.2,15.139705882352942,13.5,0,36
sciences,LG,BIM,0.1,FGSM,0.3,18.683823529411764,19.0,0,38
sciences,LG,BIM,0.1,FGSM,0.4,18.61764705882353,17.0,0,44
sciences,LG,BIM,0.1,FGSM,0.5,18.61764705882353,17.0,0,44
sciences,LG,BIM,0.1,FGSM,0.6,18.61764705882353,17.0,0,44
sciences,LG,BIM,0.1,FGSM,0.7,18.61764705882353,17.0,0,44
sciences,LG,BIM,0.1,FGSM,0.8,18.61764705882353,17.0,0,44
sciences,LG,BIM,0.1,FGSM,0.9,18.61764705882353,17.0,0,44
sciences,LG,BIM,0.1,FGSM,1.0,18.61764705882353,17.0,0,44
sciences,MOTO,BIM,0.1,FGSM,0.1,3.4926470588235294,2.0,0,17
sciences,MOTO,BIM,0.1,FGSM,0.2,12.110294117647058,11.0,0,30
sciences,MOTO,BIM,0.1,FGSM,0.3,16.676470588235293,16.0,0,36
sciences,MOTO,BIM,0.1,FGSM,0.4,17.073529411764707,17.0,0,38
sciences,MOTO,BIM,0.1,FGSM,0.5,18.441176470588236,17.0,0,44
sciences,MOTO,BIM,0.1,FGSM,0.6,18.61764705882353,17.0,0,44
sciences,MOTO,BIM,0.1,FGSM,0.7,18.61764705882353,17.0,0,44
sciences,MOTO,BIM,0.1,FGSM,0.8,18.61764705882353,17.0,0,44
sciences,MOTO,BIM,0.1,FGSM,0.9,18.61764705882353,17.0,0,44
sciences,MOTO,BIM,0.1,FGSM,1.0,18.61764705882353,17.0,0,44
sciences,OP3,BIM,0.1,FGSM,0.1,12.794117647058824,12.0,0,48
sciences,OP3,BIM,0.1,FGSM,0.2,17.529411764705884,15.0,0,51
sciences,OP3,BIM,0.1,FGSM,0.3,17.897058823529413,17.0,0,51
sciences,OP3,BIM,0.1,FGSM,0.4,17.823529411764707,17.0,0,41
sciences,OP3,BIM,0.1,FGSM,0.5,17.823529411764707,17.0,0,41
sciences,OP3,BIM,0.1,FGSM,0.6,17.823529411764707,17.0,0,41
sciences,OP3,BIM,0.1,FGSM,0.7,17.823529411764707,17.0,0,41
sciences,OP3,BIM,0.1,FGSM,0.8,17.823529411764707,17.0,0,41
sciences,OP3,BIM,0.1,FGSM,0.9,17.823529411764707,17.0,0,41
sciences,OP3,BIM,0.1,FGSM,1.0,17.823529411764707,17.0,0,41
sciences,S7,BIM,0.1,FGSM,0.1,2.735294117647059,2.0,0,14
sciences,S7,BIM,0.1,FGSM,0.2,15.801470588235293,14.5,0,59
sciences,S7,BIM,0.1,FGSM,0.3,18.477941176470587,19.0,0,59
sciences,S7,BIM,0.1,FGSM,0.4,16.720588235294116,16.0,0,38
sciences,S7,BIM,0.1,FGSM,0.5,16.676470588235293,16.0,0,37
sciences,S7,BIM,0.1,FGSM,0.6,18.61764705882353,17.0,0,44
sciences,S7,BIM,0.1,FGSM,0.7,18.61764705882353,17.0,0,44
sciences,S7,BIM,0.1,FGSM,0.8,18.61764705882353,17.0,0,44
sciences,S7,BIM,0.1,FGSM,0.9,18.61764705882353,17.0,0,44
sciences,S7,BIM,0.1,FGSM,1.0,18.61764705882353,17.0,0,44
sciences,BLU,BIM,0.2,FGSM,0.1,7.169117647058823,6.0,0,62
sciences,BLU,BIM,0.2,FGSM,0.2,7.088235294117647,3.0,0,62
sciences,BLU,BIM,0.2,FGSM,0.3,16.08823529411765,9.0,1,59
sciences,BLU,BIM,0.2,FGSM,0.4,19.808823529411764,17.5,1,59
sciences,BLU,BIM,0.2,FGSM,0.5,18.948529411764707,17.5,1,57
sciences,BLU,BIM,0.2,FGSM,0.6,23.735294117647058,22.0,1,58
sciences,BLU,BIM,0.2,FGSM,0.7,25.823529411764707,24.5,0,58
sciences,BLU,BIM,0.2,FGSM,0.8,25.823529411764707,24.5,0,58
sciences,BLU,BIM,0.2,FGSM,0.9,25.823529411764707,24.5,0,58
sciences,BLU,BIM,0.2,FGSM,1.0,25.823529411764707,24.5,0,58
sciences,HTC,BIM,0.2,FGSM,0.1,3.625,2.0,0,54
sciences,HTC,BIM,0.2,FGSM,0.2,5.977941176470588,4.0,0,44
sciences,HTC,BIM,0.2,FGSM,0.3,9.242647058823529,7.0,0,49
sciences,HTC,BIM,0.2,FGSM,0.4,23.691176470588236,23.0,0,58
sciences,HTC,BIM,0.2,FGSM,0.5,24.46323529411765,24.0,0,58
sciences,HTC,BIM,0.2,FGSM,0.6,25.823529411764707,24.5,0,58
sciences,HTC,BIM,0.2,FGSM,0.7,25.823529411764707,24.5,0,58
sciences,HTC,BIM,0.2,FGSM,0.8,25.823529411764707,24.5,0,58
sciences,HTC,BIM,0.2,FGSM,0.9,25.823529411764707,24.5,0,58
sciences,HTC,BIM,0.2,FGSM,1.0,25.823529411764707,24.5,0,58
sciences,LG,BIM,0.2,FGSM,0.1,3.2279411764705883,2.0,0,53
sciences,LG,BIM,0.2,FGSM,0.2,5.9411764705882355,4.0,0,59
sciences,LG,BIM,0.2,FGSM,0.3,11.294117647058824,8.0,0,56
sciences,LG,BIM,0.2,FGSM,0.4,23.323529411764707,21.5,0,58
sciences,LG,BIM,0.2,FGSM,0.5,22.948529411764707,22.0,0,58
sciences,LG,BIM,0.2,FGSM,0.6,24.639705882352942,21.0,0,58
sciences,LG,BIM,0.2,FGSM,0.7,25.823529411764707,24.5,0,58
sciences,LG,BIM,0.2,FGSM,0.8,25.823529411764707,24.5,0,58
sciences,LG,BIM,0.2,FGSM,0.9,25.823529411764707,24.5,0,58
sciences,LG,BIM,0.2,FGSM,1.0,25.823529411764707,24.5,0,58
sciences,MOTO,BIM,0.2,FGSM,0.1,6.220588235294118,5.0,0,62
sciences,MOTO,BIM,0.2,FGSM,0.2,3.6691176470588234,2.0,0,52
sciences,MOTO,BIM,0.2,FGSM,0.3,6.132352941176471,5.0,0,34
sciences,MOTO,BIM,0.2,FGSM,0.4,19.691176470588236,15.5,1,59
sciences,MOTO,BIM,0.2,FGSM,0.5,24.625,23.5,0,56
sciences,MOTO,BIM,0.2,FGSM,0.6,25.823529411764707,24.5,0,58
sciences,MOTO,BIM,0.2,FGSM,0.7,25.823529411764707,24.5,0,58
sciences,MOTO,BIM,0.2,FGSM,0.8,25.823529411764707,24.5,0,58
sciences,MOTO,BIM,0.2,FGSM,0.9,25.823529411764707,24.5,0,58
sciences,MOTO,BIM,0.2,FGSM,1.0,25.823529411764707,24.5,0,58
sciences,OP3,BIM,0.2,FGSM,0.1,9.117647058823529,8.0,0,66
sciences,OP3,BIM,0.2,FGSM,0.2,31.639705882352942,31.0,0,66
sciences,OP3,BIM,0.2,FGSM,0.3,32.5,32.5,0,66
sciences,OP3,BIM,0.2,FGSM,0.4,32.529411764705884,32.5,0,66
sciences,OP3,BIM,0.2,FGSM,0.5,32.529411764705884,32.5,0,66
sciences,OP3,BIM,0.2,FGSM,0.6,32.529411764705884,32.5,0,66
sciences,OP3,BIM,0.2,FGSM,0.7,32.529411764705884,32.5,0,66
sciences,OP3,BIM,0.2,FGSM,0.8,32.529411764705884,32.5,0,66
sciences,OP3,BIM,0.2,FGSM,0.9,32.529411764705884,32.5,0,66
sciences,OP3,BIM,0.2,FGSM,1.0,32.529411764705884,32.5,0,66
sciences,S7,BIM,0.2,FGSM,0.1,5.727941176470588,4.0,0,47
sciences,S7,BIM,0.2,FGSM,0.2,2.8161764705882355,2.0,0,20
sciences,S7,BIM,0.2,FGSM,0.3,10.889705882352942,8.0,0,52
sciences,S7,BIM,0.2,FGSM,0.4,23.095588235294116,22.5,0,58
sciences,S7,BIM,0.2,FGSM,0.5,23.058823529411764,18.0,0,58
sciences,S7,BIM,0.2,FGSM,0.6,25.91176470588235,25.0,0,58
sciences,S7,BIM,0.2,FGSM,0.7,25.88235294117647,25.0,0,58
sciences,S7,BIM,0.2,FGSM,0.8,25.88235294117647,25.0,0,58
sciences,S7,BIM,0.2,FGSM,0.9,25.88235294117647,25.0,0,58
sciences,S7,BIM,0.2,FGSM,1.0,25.88235294117647,25.0,0,58
sciences,BLU,BIM,0.3,FGSM,0.1,15.132352941176471,11.0,1,62
sciences,BLU,BIM,0.3,FGSM,0.2,11.426470588235293,9.5,0,58
sciences,BLU,BIM,0.3,FGSM,0.3,6.176470588235294,3.0,0,62
sciences,BLU,BIM,0.3,FGSM,0.4,18.147058823529413,12.0,0,63
sciences,BLU,BIM,0.3,FGSM,0.5,24.147058823529413,21.0,0,59
sciences,BLU,BIM,0.3,FGSM,0.6,24.58823529411765,24.0,1,58
sciences,BLU,BIM,0.3,FGSM,0.7,28.11764705882353,28.5,1,59
sciences,BLU,BIM,0.3,FGSM,0.8,25.823529411764707,24.5,0,58
sciences,BLU,BIM,0.3,FGSM,0.9,25.823529411764707,24.5,0,58
sciences,BLU,BIM,0.3,FGSM,1.0,25.823529411764707,24.5,0,58
sciences,HTC,BIM,0.3,FGSM,0.1,13.073529411764707,11.0,0,44
sciences,HTC,BIM,0.3,FGSM,0.2,5.352941176470588,4.0,0,20
sciences,HTC,BIM,0.3,FGSM,0.3,4.455882352941177,3.0,0,19
sciences,HTC,BIM,0.3,FGSM,0.4,12.0,9.0,0,49
sciences,HTC,BIM,0.3,FGSM,0.5,24.426470588235293,22.5,0,61
sciences,HTC,BIM,0.3,FGSM,0.6,24.330882352941178,23.0,0,58
sciences,HTC,BIM,0.3,FGSM,0.7,25.823529411764707,24.5,0,58
sciences,HTC,BIM,0.3,FGSM,0.8,25.823529411764707,24.5,0,58
sciences,HTC,BIM,0.3,FGSM,0.9,25.823529411764707,24.5,0,58
sciences,HTC,BIM,0.3,FGSM,1.0,25.823529411764707,24.5,0,58
sciences,LG,BIM,0.3,FGSM,0.1,13.676470588235293,11.0,0,52
sciences,LG,BIM,0.3,FGSM,0.2,5.735294117647059,3.0,0,60
sciences,LG,BIM,0.3,FGSM,0.3,6.661764705882353,5.0,0,59
sciences,LG,BIM,0.3,FGSM,0.4,14.661764705882353,7.0,0,59
sciences,LG,BIM,0.3,FGSM,0.5,26.38235294117647,25.5,0,58
sciences,LG,BIM,0.3,FGSM,0.6,25.03676470588235,21.5,0,58
sciences,LG,BIM,0.3,FGSM,0.7,25.875,24.5,0,58
sciences,LG,BIM,0.3,FGSM,0.8,25.823529411764707,24.5,0,58
sciences,LG,BIM,0.3,FGSM,0.9,25.823529411764707,24.5,0,58
sciences,LG,BIM,0.3,FGSM,1.0,25.823529411764707,24.5,0,58
sciences,MOTO,BIM,0.3,FGSM,0.1,10.573529411764707,7.0,1,51
sciences,MOTO,BIM,0.3,FGSM,0.2,10.595588235294118,9.0,0,31
sciences,MOTO,BIM,0.3,FGSM,0.3,3.389705882352941,2.0,0,20
sciences,MOTO,BIM,0.3,FGSM,0.4,8.514705882352942,6.0,0,57
sciences,MOTO,BIM,0.3,FGSM,0.5,25.139705882352942,23.5,0,63
sciences,MOTO,BIM,0.3,FGSM,0.6,25.823529411764707,24.5,0,58
sciences,MOTO,BIM,0.3,FGSM,0.7,25.823529411764707,24.5,0,58
sciences,MOTO,BIM,0.3,FGSM,0.8,25.823529411764707,24.5,0,58
sciences,MOTO,BIM,0.3,FGSM,0.9,25.823529411764707,24.5,0,58
sciences,MOTO,BIM,0.3,FGSM,1.0,25.823529411764707,24.5,0,58
sciences,OP3,BIM,0.3,FGSM,0.1,9.227941176470589,6.0,0,66
sciences,OP3,BIM,0.3,FGSM,0.2,30.191176470588236,26.0,0,66
sciences,OP3,BIM,0.3,FGSM,0.3,32.529411764705884,32.5,0,66
sciences,OP3,BIM,0.3,FGSM,0.4,32.529411764705884,32.5,0,66
sciences,OP3,BIM,0.3,FGSM,0.5,32.529411764705884,32.5,0,66
sciences,OP3,BIM,0.3,FGSM,0.6,32.529411764705884,32.5,0,66
sciences,OP3,BIM,0.3,FGSM,0.7,32.529411764705884,32.5,0,66
sciences,OP3,BIM,0.3,FGSM,0.8,32.529411764705884,32.5,0,66
sciences,OP3,BIM,0.3,FGSM,0.9,32.529411764705884,32.5,0,66
sciences,OP3,BIM,0.3,FGSM,1.0,32.529411764705884,32.5,0,66
sciences,S7,BIM,0.3,FGSM,0.1,9.639705882352942,9.0,0,41
sciences,S7,BIM,0.3,FGSM,0.2,6.235294117647059,5.0,0,22
sciences,S7,BIM,0.3,FGSM,0.3,2.5,2.0,0,20
sciences,S7,BIM,0.3,FGSM,0.4,14.036764705882353,9.5,0,54
sciences,S7,BIM,0.3,FGSM,0.5,25.529411764705884,24.5,0,59
sciences,S7,BIM,0.3,FGSM,0.6,26.03676470588235,25.0,0,58
sciences,S7,BIM,0.3,FGSM,0.7,26.044117647058822,25.0,0,58
sciences,S7,BIM,0.3,FGSM,0.8,25.764705882352942,25.0,0,58
sciences,S7,BIM,0.3,FGSM,0.9,25.779411764705884,24.5,0,58
sciences,S7,BIM,0.3,FGSM,1.0,25.779411764705884,24.5,0,58
sciences,BLU,BIM,0.4,FGSM,0.1,12.492647058823529,9.0,0,67
sciences,BLU,BIM,0.4,FGSM,0.2,18.014705882352942,17.0,1,47
sciences,BLU,BIM,0.4,FGSM,0.3,13.235294117647058,10.0,0,65
sciences,BLU,BIM,0.4,FGSM,0.4,6.095588235294118,2.0,0,62
sciences,BLU,BIM,0.4,FGSM,0.5,17.529411764705884,10.0,1,64
sciences,BLU,BIM,0.4,FGSM,0.6,27.352941176470587,26.5,1,62
sciences,BLU,BIM,0.4,FGSM,0.7,21.625,20.5,0,55
sciences,BLU,BIM,0.4,FGSM,0.8,27.272058823529413,26.5,1,59
sciences,BLU,BIM,0.4,FGSM,0.9,25.823529411764707,24.5,0,58
sciences,BLU,BIM,0.4,FGSM,1.0,25.823529411764707,24.5,0,58
sciences,HTC,BIM,0.4,FGSM,0.1,12.963235294117647,9.0,0,62
sciences,HTC,BIM,0.4,FGSM,0.2,17.933823529411764,16.0,0,49
sciences,HTC,BIM,0.4,FGSM,0.3,5.5588235294117645,3.0,0,36
sciences,HTC,BIM,0.4,FGSM,0.4,4.022058823529412,3.0,0,21
sciences,HTC,BIM,0.4,FGSM,0.5,12.566176470588236,9.0,0,53
sciences,HTC,BIM,0.4,FGSM,0.6,25.41176470588235,24.0,0,58
sciences,HTC,BIM,0.4,FGSM,0.7,23.88235294117647,23.0,0,58
sciences,HTC,BIM,0.4,FGSM,0.8,25.823529411764707,24.5,0,58
sciences,HTC,BIM,0.4,FGSM,0.9,25.823529411764707,24.5,0,58
sciences,HTC,BIM,0.4,FGSM,1.0,25.823529411764707,24.5,0,58
sciences,LG,BIM,0.4,FGSM,0.1,14.786764705882353,12.0,0,60
sciences,LG,BIM,0.4,FGSM,0.2,15.779411764705882,12.5,0,60
sciences,LG,BIM,0.4,FGSM,0.3,4.455882352941177,2.0,0,57
sciences,LG,BIM,0.4,FGSM,0.4,4.654411764705882,4.0,0,17
sciences,LG,BIM,0.4,FGSM,0.5,18.75735294117647,10.0,0,59
sciences,LG,BIM,0.4,FGSM,0.6,24.41176470588235,22.0,0,58
sciences,LG,BIM,0.4,FGSM,0.7,24.852941176470587,22.0,0,58
sciences,LG,BIM,0.4,FGSM,0.8,25.875,24.5,0,58
sciences,LG,BIM,0.4,FGSM,0.9,25.823529411764707,24.5,0,58
sciences,LG,BIM,0.4,FGSM,1.0,25.823529411764707,24.5,0,58
sciences,MOTO,BIM,0.4,FGSM,0.1,6.5661764705882355,5.5,0,20
sciences,MOTO,BIM,0.4,FGSM,0.2,17.823529411764707,15.5,0,48
sciences,MOTO,BIM,0.4,FGSM,0.3,13.463235294117647,11.0,0,62
sciences,MOTO,BIM,0.4,FGSM,0.4,3.286764705882353,2.0,0,20
sciences,MOTO,BIM,0.4,FGSM,0.5,7.323529411764706,5.0,0,53
sciences,MOTO,BIM,0.4,FGSM,0.6,25.205882352941178,23.0,0,60
sciences,MOTO,BIM,0.4,FGSM,0.7,24.941176470588236,23.5,0,58
sciences,MOTO,BIM,0.4,FGSM,0.8,25.647058823529413,24.5,0,58
sciences,MOTO,BIM,0.4,FGSM,0.9,25.823529411764707,24.5,0,58
sciences,MOTO,BIM,0.4,FGSM,1.0,25.823529411764707,24.5,0,58
sciences,OP3,BIM,0.4,FGSM,0.1,7.529411764705882,7.0,0,24
sciences,OP3,BIM,0.4,FGSM,0.2,25.352941176470587,23.0,0,65
sciences,OP3,BIM,0.4,FGSM,0.3,31.0,30.5,0,65
sciences,OP3,BIM,0.4,FGSM,0.4,31.58823529411765,31.5,0,65
sciences,OP3,BIM,0.4,FGSM,0.5,31.58823529411765,31.5,0,65
sciences,OP3,BIM,0.4,FGSM,0.6,31.58823529411765,31.5,0,65
sciences,OP3,BIM,0.4,FGSM,0.7,31.58823529411765,31.5,0,65
sciences,OP3,BIM,0.4,FGSM,0.8,31.58823529411765,31.5,0,65
sciences,OP3,BIM,0.4,FGSM,0.9,31.58823529411765,31.5,0,65
sciences,OP3,BIM,0.4,FGSM,1.0,31.58823529411765,31.5,0,65
sciences,S7,BIM,0.4,FGSM,0.1,8.830882352941176,8.0,0,57
sciences,S7,BIM,0.4,FGSM,0.2,16.00735294117647,14.0,0,49
sciences,S7,BIM,0.4,FGSM,0.3,7.8161764705882355,6.0,0,42
sciences,S7,BIM,0.4,FGSM,0.4,3.0588235294117645,2.0,0,20
sciences,S7,BIM,0.4,FGSM,0.5,15.433823529411764,10.0,0,54
sciences,S7,BIM,0.4,FGSM,0.6,23.404411764705884,23.0,0,59
sciences,S7,BIM,0.4,FGSM,0.7,23.970588235294116,18.0,0,58
sciences,S7,BIM,0.4,FGSM,0.8,26.03676470588235,25.5,0,58
sciences,S7,BIM,0.4,FGSM,0.9,25.779411764705884,24.5,0,58
sciences,S7,BIM,0.4,FGSM,1.0,25.779411764705884,24.5,0,58
sciences,BLU,BIM,0.5,FGSM,0.1,12.492647058823529,9.0,0,67
sciences,BLU,BIM,0.5,FGSM,0.2,18.014705882352942,17.0,1,47
sciences,BLU,BIM,0.5,FGSM,0.3,13.235294117647058,10.0,0,65
sciences,BLU,BIM,0.5,FGSM,0.4,6.095588235294118,2.0,0,62
sciences,BLU,BIM,0.5,FGSM,0.5,17.529411764705884,10.0,1,64
sciences,BLU,BIM,0.5,FGSM,0.6,27.352941176470587,26.5,1,62
sciences,BLU,BIM,0.5,FGSM,0.7,21.625,20.5,0,55
sciences,BLU,BIM,0.5,FGSM,0.8,27.272058823529413,26.5,1,59
sciences,BLU,BIM,0.5,FGSM,0.9,25.823529411764707,24.5,0,58
sciences,BLU,BIM,0.5,FGSM,1.0,25.823529411764707,24.5,0,58
sciences,HTC,BIM,0.5,FGSM,0.1,12.963235294117647,9.0,0,62
sciences,HTC,BIM,0.5,FGSM,0.2,17.933823529411764,16.0,0,49
sciences,HTC,BIM,0.5,FGSM,0.3,5.5588235294117645,3.0,0,36
sciences,HTC,BIM,0.5,FGSM,0.4,4.022058823529412,3.0,0,21
sciences,HTC,BIM,0.5,FGSM,0.5,12.566176470588236,9.0,0,53
sciences,HTC,BIM,0.5,FGSM,0.6,25.41176470588235,24.0,0,58
sciences,HTC,BIM,0.5,FGSM,0.7,23.88235294117647,23.0,0,58
sciences,HTC,BIM,0.5,FGSM,0.8,25.823529411764707,24.5,0,58
sciences,HTC,BIM,0.5,FGSM,0.9,25.823529411764707,24.5,0,58
sciences,HTC,BIM,0.5,FGSM,1.0,25.823529411764707,24.5,0,58
sciences,LG,BIM,0.5,FGSM,0.1,14.786764705882353,12.0,0,60
sciences,LG,BIM,0.5,FGSM,0.2,15.779411764705882,12.5,0,60
sciences,LG,BIM,0.5,FGSM,0.3,4.455882352941177,2.0,0,57
sciences,LG,BIM,0.5,FGSM,0.4,4.654411764705882,4.0,0,17
sciences,LG,BIM,0.5,FGSM,0.5,18.75735294117647,10.0,0,59
sciences,LG,BIM,0.5,FGSM,0.6,24.41176470588235,22.0,0,58
sciences,LG,BIM,0.5,FGSM,0.7,24.852941176470587,22.0,0,58
sciences,LG,BIM,0.5,FGSM,0.8,25.875,24.5,0,58
sciences,LG,BIM,0.5,FGSM,0.9,25.823529411764707,24.5,0,58
sciences,LG,BIM,0.5,FGSM,1.0,25.823529411764707,24.5,0,58
sciences,MOTO,BIM,0.5,FGSM,0.1,6.5661764705882355,5.5,0,20
sciences,MOTO,BIM,0.5,FGSM,0.2,17.823529411764707,15.5,0,48
sciences,MOTO,BIM,0.5,FGSM,0.3,13.463235294117647,11.0,0,62
sciences,MOTO,BIM,0.5,FGSM,0.4,3.286764705882353,2.0,0,20
sciences,MOTO,BIM,0.5,FGSM,0.5,7.323529411764706,5.0,0,53
sciences,MOTO,BIM,0.5,FGSM,0.6,25.205882352941178,23.0,0,60
sciences,MOTO,BIM,0.5,FGSM,0.7,24.941176470588236,23.5,0,58
sciences,MOTO,BIM,0.5,FGSM,0.8,25.647058823529413,24.5,0,58
sciences,MOTO,BIM,0.5,FGSM,0.9,25.823529411764707,24.5,0,58
sciences,MOTO,BIM,0.5,FGSM,1.0,25.823529411764707,24.5,0,58
sciences,OP3,BIM,0.5,FGSM,0.1,7.529411764705882,7.0,0,24
sciences,OP3,BIM,0.5,FGSM,0.2,25.352941176470587,23.0,0,65
sciences,OP3,BIM,0.5,FGSM,0.3,31.0,30.5,0,65
sciences,OP3,BIM,0.5,FGSM,0.4,31.58823529411765,31.5,0,65
sciences,OP3,BIM,0.5,FGSM,0.5,31.58823529411765,31.5,0,65
sciences,OP3,BIM,0.5,FGSM,0.6,31.58823529411765,31.5,0,65
sciences,OP3,BIM,0.5,FGSM,0.7,31.58823529411765,31.5,0,65
sciences,OP3,BIM,0.5,FGSM,0.8,31.58823529411765,31.5,0,65
sciences,OP3,BIM,0.5,FGSM,0.9,31.58823529411765,31.5,0,65
sciences,OP3,BIM,0.5,FGSM,1.0,31.58823529411765,31.5,0,65
sciences,S7,BIM,0.5,FGSM,0.1,8.830882352941176,8.0,0,57
sciences,S7,BIM,0.5,FGSM,0.2,16.00735294117647,14.0,0,49
sciences,S7,BIM,0.5,FGSM,0.3,7.8161764705882355,6.0,0,42
sciences,S7,BIM,0.5,FGSM,0.4,3.0588235294117645,2.0,0,20
sciences,S7,BIM,0.5,FGSM,0.5,15.433823529411764,10.0,0,54
sciences,S7,BIM,0.5,FGSM,0.6,23.404411764705884,23.0,0,59
sciences,S7,BIM,0.5,FGSM,0.7,23.970588235294116,18.0,0,58
sciences,S7,BIM,0.5,FGSM,0.8,26.03676470588235,25.5,0,58
sciences,S7,BIM,0.5,FGSM,0.9,25.779411764705884,24.5,0,58
sciences,S7,BIM,0.5,FGSM,1.0,25.779411764705884,24.5,0,58
sciences,BLU,BIM,0.6,FGSM,0.1,12.492647058823529,9.0,0,67
sciences,BLU,BIM,0.6,FGSM,0.2,18.014705882352942,17.0,1,47
sciences,BLU,BIM,0.6,FGSM,0.3,13.235294117647058,10.0,0,65
sciences,BLU,BIM,0.6,FGSM,0.4,6.095588235294118,2.0,0,62
sciences,BLU,BIM,0.6,FGSM,0.5,17.529411764705884,10.0,1,64
sciences,BLU,BIM,0.6,FGSM,0.6,27.352941176470587,26.5,1,62
sciences,BLU,BIM,0.6,FGSM,0.7,21.625,20.5,0,55
sciences,BLU,BIM,0.6,FGSM,0.8,27.272058823529413,26.5,1,59
sciences,BLU,BIM,0.6,FGSM,0.9,25.823529411764707,24.5,0,58
sciences,BLU,BIM,0.6,FGSM,1.0,25.823529411764707,24.5,0,58
sciences,HTC,BIM,0.6,FGSM,0.1,12.963235294117647,9.0,0,62
sciences,HTC,BIM,0.6,FGSM,0.2,17.933823529411764,16.0,0,49
sciences,HTC,BIM,0.6,FGSM,0.3,5.5588235294117645,3.0,0,36
sciences,HTC,BIM,0.6,FGSM,0.4,4.022058823529412,3.0,0,21
sciences,HTC,BIM,0.6,FGSM,0.5,12.566176470588236,9.0,0,53
sciences,HTC,BIM,0.6,FGSM,0.6,25.41176470588235,24.0,0,58
sciences,HTC,BIM,0.6,FGSM,0.7,23.88235294117647,23.0,0,58
sciences,HTC,BIM,0.6,FGSM,0.8,25.823529411764707,24.5,0,58
sciences,HTC,BIM,0.6,FGSM,0.9,25.823529411764707,24.5,0,58
sciences,HTC,BIM,0.6,FGSM,1.0,25.823529411764707,24.5,0,58
sciences,LG,BIM,0.6,FGSM,0.1,14.786764705882353,12.0,0,60
sciences,LG,BIM,0.6,FGSM,0.2,15.779411764705882,12.5,0,60
sciences,LG,BIM,0.6,FGSM,0.3,4.455882352941177,2.0,0,57
sciences,LG,BIM,0.6,FGSM,0.4,4.654411764705882,4.0,0,17
sciences,LG,BIM,0.6,FGSM,0.5,18.75735294117647,10.0,0,59
sciences,LG,BIM,0.6,FGSM,0.6,24.41176470588235,22.0,0,58
sciences,LG,BIM,0.6,FGSM,0.7,24.852941176470587,22.0,0,58
sciences,LG,BIM,0.6,FGSM,0.8,25.875,24.5,0,58
sciences,LG,BIM,0.6,FGSM,0.9,25.823529411764707,24.5,0,58
sciences,LG,BIM,0.6,FGSM,1.0,25.823529411764707,24.5,0,58
sciences,MOTO,BIM,0.6,FGSM,0.1,6.5661764705882355,5.5,0,20
sciences,MOTO,BIM,0.6,FGSM,0.2,17.823529411764707,15.5,0,48
sciences,MOTO,BIM,0.6,FGSM,0.3,13.463235294117647,11.0,0,62
sciences,MOTO,BIM,0.6,FGSM,0.4,3.286764705882353,2.0,0,20
sciences,MOTO,BIM,0.6,FGSM,0.5,7.323529411764706,5.0,0,53
sciences,MOTO,BIM,0.6,FGSM,0.6,25.205882352941178,23.0,0,60
sciences,MOTO,BIM,0.6,FGSM,0.7,24.941176470588236,23.5,0,58
sciences,MOTO,BIM,0.6,FGSM,0.8,25.647058823529413,24.5,0,58
sciences,MOTO,BIM,0.6,FGSM,0.9,25.823529411764707,24.5,0,58
sciences,MOTO,BIM,0.6,FGSM,1.0,25.823529411764707,24.5,0,58
sciences,OP3,BIM,0.6,FGSM,0.1,7.529411764705882,7.0,0,24
sciences,OP3,BIM,0.6,FGSM,0.2,25.352941176470587,23.0,0,65
sciences,OP3,BIM,0.6,FGSM,0.3,31.0,30.5,0,65
sciences,OP3,BIM,0.6,FGSM,0.4,31.58823529411765,31.5,0,65
sciences,OP3,BIM,0.6,FGSM,0.5,31.58823529411765,31.5,0,65
sciences,OP3,BIM,0.6,FGSM,0.6,31.58823529411765,31.5,0,65
sciences,OP3,BIM,0.6,FGSM,0.7,31.58823529411765,31.5,0,65
sciences,OP3,BIM,0.6,FGSM,0.8,31.58823529411765,31.5,0,65
sciences,OP3,BIM,0.6,FGSM,0.9,31.58823529411765,31.5,0,65
sciences,OP3,BIM,0.6,FGSM,1.0,31.58823529411765,31.5,0,65
sciences,S7,BIM,0.6,FGSM,0.1,8.830882352941176,8.0,0,57
sciences,S7,BIM,0.6,FGSM,0.2,16.00735294117647,14.0,0,49
sciences,S7,BIM,0.6,FGSM,0.3,7.8161764705882355,6.0,0,42
sciences,S7,BIM,0.6,FGSM,0.4,3.0588235294117645,2.0,0,20
sciences,S7,BIM,0.6,FGSM,0.5,15.433823529411764,10.0,0,54
sciences,S7,BIM,0.6,FGSM,0.6,23.404411764705884,23.0,0,59
sciences,S7,BIM,0.6,FGSM,0.7,23.970588235294116,18.0,0,58
sciences,S7,BIM,0.6,FGSM,0.8,26.03676470588235,25.5,0,58
sciences,S7,BIM,0.6,FGSM,0.9,25.779411764705884,24.5,0,58
sciences,S7,BIM,0.6,FGSM,1.0,25.779411764705884,24.5,0,58
sciences,BLU,BIM,0.7,FGSM,0.1,12.492647058823529,9.0,0,67
sciences,BLU,BIM,0.7,FGSM,0.2,18.014705882352942,17.0,1,47
sciences,BLU,BIM,0.7,FGSM,0.3,13.235294117647058,10.0,0,65
sciences,BLU,BIM,0.7,FGSM,0.4,6.095588235294118,2.0,0,62
sciences,BLU,BIM,0.7,FGSM,0.5,17.529411764705884,10.0,1,64
sciences,BLU,BIM,0.7,FGSM,0.6,27.352941176470587,26.5,1,62
sciences,BLU,BIM,0.7,FGSM,0.7,21.625,20.5,0,55
sciences,BLU,BIM,0.7,FGSM,0.8,27.272058823529413,26.5,1,59
sciences,BLU,BIM,0.7,FGSM,0.9,25.823529411764707,24.5,0,58
sciences,BLU,BIM,0.7,FGSM,1.0,25.823529411764707,24.5,0,58
sciences,HTC,BIM,0.7,FGSM,0.1,12.963235294117647,9.0,0,62
sciences,HTC,BIM,0.7,FGSM,0.2,17.933823529411764,16.0,0,49
sciences,HTC,BIM,0.7,FGSM,0.3,5.5588235294117645,3.0,0,36
sciences,HTC,BIM,0.7,FGSM,0.4,4.022058823529412,3.0,0,21
sciences,HTC,BIM,0.7,FGSM,0.5,12.566176470588236,9.0,0,53
sciences,HTC,BIM,0.7,FGSM,0.6,25.41176470588235,24.0,0,58
sciences,HTC,BIM,0.7,FGSM,0.7,23.88235294117647,23.0,0,58
sciences,HTC,BIM,0.7,FGSM,0.8,25.823529411764707,24.5,0,58
sciences,HTC,BIM,0.7,FGSM,0.9,25.823529411764707,24.5,0,58
sciences,HTC,BIM,0.7,FGSM,1.0,25.823529411764707,24.5,0,58
sciences,LG,BIM,0.7,FGSM,0.1,14.786764705882353,12.0,0,60
sciences,LG,BIM,0.7,FGSM,0.2,15.779411764705882,12.5,0,60
sciences,LG,BIM,0.7,FGSM,0.3,4.455882352941177,2.0,0,57
sciences,LG,BIM,0.7,FGSM,0.4,4.654411764705882,4.0,0,17
sciences,LG,BIM,0.7,FGSM,0.5,18.75735294117647,10.0,0,59
sciences,LG,BIM,0.7,FGSM,0.6,24.41176470588235,22.0,0,58
sciences,LG,BIM,0.7,FGSM,0.7,24.852941176470587,22.0,0,58
sciences,LG,BIM,0.7,FGSM,0.8,25.875,24.5,0,58
sciences,LG,BIM,0.7,FGSM,0.9,25.823529411764707,24.5,0,58
sciences,LG,BIM,0.7,FGSM,1.0,25.823529411764707,24.5,0,58
sciences,MOTO,BIM,0.7,FGSM,0.1,6.5661764705882355,5.5,0,20
sciences,MOTO,BIM,0.7,FGSM,0.2,17.823529411764707,15.5,0,48
sciences,MOTO,BIM,0.7,FGSM,0.3,13.463235294117647,11.0,0,62
sciences,MOTO,BIM,0.7,FGSM,0.4,3.286764705882353,2.0,0,20
sciences,MOTO,BIM,0.7,FGSM,0.5,7.323529411764706,5.0,0,53
sciences,MOTO,BIM,0.7,FGSM,0.6,25.205882352941178,23.0,0,60
sciences,MOTO,BIM,0.7,FGSM,0.7,24.941176470588236,23.5,0,58
sciences,MOTO,BIM,0.7,FGSM,0.8,25.647058823529413,24.5,0,58
sciences,MOTO,BIM,0.7,FGSM,0.9,25.823529411764707,24.5,0,58
sciences,MOTO,BIM,0.7,FGSM,1.0,25.823529411764707,24.5,0,58
sciences,OP3,BIM,0.7,FGSM,0.1,7.529411764705882,7.0,0,24
sciences,OP3,BIM,0.7,FGSM,0.2,25.352941176470587,23.0,0,65
sciences,OP3,BIM,0.7,FGSM,0.3,31.0,30.5,0,65
sciences,OP3,BIM,0.7,FGSM,0.4,31.58823529411765,31.5,0,65
sciences,OP3,BIM,0.7,FGSM,0.5,31.58823529411765,31.5,0,65
sciences,OP3,BIM,0.7,FGSM,0.6,31.58823529411765,31.5,0,65
sciences,OP3,BIM,0.7,FGSM,0.7,31.58823529411765,31.5,0,65
sciences,OP3,BIM,0.7,FGSM,0.8,31.58823529411765,31.5,0,65
sciences,OP3,BIM,0.7,FGSM,0.9,31.58823529411765,31.5,0,65
sciences,OP3,BIM,0.7,FGSM,1.0,31.58823529411765,31.5,0,65
sciences,S7,BIM,0.7,FGSM,0.1,8.830882352941176,8.0,0,57
sciences,S7,BIM,0.7,FGSM,0.2,16.00735294117647,14.0,0,49
sciences,S7,BIM,0.7,FGSM,0.3,7.8161764705882355,6.0,0,42
sciences,S7,BIM,0.7,FGSM,0.4,3.0588235294117645,2.0,0,20
sciences,S7,BIM,0.7,FGSM,0.5,15.433823529411764,10.0,0,54
sciences,S7,BIM,0.7,FGSM,0.6,23.404411764705884,23.0,0,59
sciences,S7,BIM,0.7,FGSM,0.7,23.970588235294116,18.0,0,58
sciences,S7,BIM,0.7,FGSM,0.8,26.03676470588235,25.5,0,58
sciences,S7,BIM,0.7,FGSM,0.9,25.779411764705884,24.5,0,58
sciences,S7,BIM,0.7,FGSM,1.0,25.779411764705884,24.5,0,58
sciences,BLU,BIM,0.8,FGSM,0.1,12.492647058823529,9.0,0,67
sciences,BLU,BIM,0.8,FGSM,0.2,18.014705882352942,17.0,1,47
sciences,BLU,BIM,0.8,FGSM,0.3,13.235294117647058,10.0,0,65
sciences,BLU,BIM,0.8,FGSM,0.4,6.095588235294118,2.0,0,62
sciences,BLU,BIM,0.8,FGSM,0.5,17.529411764705884,10.0,1,64
sciences,BLU,BIM,0.8,FGSM,0.6,27.352941176470587,26.5,1,62
sciences,BLU,BIM,0.8,FGSM,0.7,21.625,20.5,0,55
sciences,BLU,BIM,0.8,FGSM,0.8,27.272058823529413,26.5,1,59
sciences,BLU,BIM,0.8,FGSM,0.9,25.823529411764707,24.5,0,58
sciences,BLU,BIM,0.8,FGSM,1.0,25.823529411764707,24.5,0,58
sciences,HTC,BIM,0.8,FGSM,0.1,12.963235294117647,9.0,0,62
sciences,HTC,BIM,0.8,FGSM,0.2,17.933823529411764,16.0,0,49
sciences,HTC,BIM,0.8,FGSM,0.3,5.5588235294117645,3.0,0,36
sciences,HTC,BIM,0.8,FGSM,0.4,4.022058823529412,3.0,0,21
sciences,HTC,BIM,0.8,FGSM,0.5,12.566176470588236,9.0,0,53
sciences,HTC,BIM,0.8,FGSM,0.6,25.41176470588235,24.0,0,58
sciences,HTC,BIM,0.8,FGSM,0.7,23.88235294117647,23.0,0,58
sciences,HTC,BIM,0.8,FGSM,0.8,25.823529411764707,24.5,0,58
sciences,HTC,BIM,0.8,FGSM,0.9,25.823529411764707,24.5,0,58
sciences,HTC,BIM,0.8,FGSM,1.0,25.823529411764707,24.5,0,58
sciences,LG,BIM,0.8,FGSM,0.1,14.786764705882353,12.0,0,60
sciences,LG,BIM,0.8,FGSM,0.2,15.779411764705882,12.5,0,60
sciences,LG,BIM,0.8,FGSM,0.3,4.455882352941177,2.0,0,57
sciences,LG,BIM,0.8,FGSM,0.4,4.654411764705882,4.0,0,17
sciences,LG,BIM,0.8,FGSM,0.5,18.75735294117647,10.0,0,59
sciences,LG,BIM,0.8,FGSM,0.6,24.41176470588235,22.0,0,58
sciences,LG,BIM,0.8,FGSM,0.7,24.852941176470587,22.0,0,58
sciences,LG,BIM,0.8,FGSM,0.8,25.875,24.5,0,58
sciences,LG,BIM,0.8,FGSM,0.9,25.823529411764707,24.5,0,58
sciences,LG,BIM,0.8,FGSM,1.0,25.823529411764707,24.5,0,58
sciences,MOTO,BIM,0.8,FGSM,0.1,6.5661764705882355,5.5,0,20
sciences,MOTO,BIM,0.8,FGSM,0.2,17.823529411764707,15.5,0,48
sciences,MOTO,BIM,0.8,FGSM,0.3,13.463235294117647,11.0,0,62
sciences,MOTO,BIM,0.8,FGSM,0.4,3.286764705882353,2.0,0,20
sciences,MOTO,BIM,0.8,FGSM,0.5,7.323529411764706,5.0,0,53
sciences,MOTO,BIM,0.8,FGSM,0.6,25.205882352941178,23.0,0,60
sciences,MOTO,BIM,0.8,FGSM,0.7,24.941176470588236,23.5,0,58
sciences,MOTO,BIM,0.8,FGSM,0.8,25.647058823529413,24.5,0,58
sciences,MOTO,BIM,0.8,FGSM,0.9,25.823529411764707,24.5,0,58
sciences,MOTO,BIM,0.8,FGSM,1.0,25.823529411764707,24.5,0,58
sciences,OP3,BIM,0.8,FGSM,0.1,7.529411764705882,7.0,0,24
sciences,OP3,BIM,0.8,FGSM,0.2,25.352941176470587,23.0,0,65
sciences,OP3,BIM,0.8,FGSM,0.3,31.0,30.5,0,65
sciences,OP3,BIM,0.8,FGSM,0.4,31.58823529411765,31.5,0,65
sciences,OP3,BIM,0.8,FGSM,0.5,31.58823529411765,31.5,0,65
sciences,OP3,BIM,0.8,FGSM,0.6,31.58823529411765,31.5,0,65
sciences,OP3,BIM,0.8,FGSM,0.7,31.58823529411765,31.5,0,65
sciences,OP3,BIM,0.8,FGSM,0.8,31.58823529411765,31.5,0,65
sciences,OP3,BIM,0.8,FGSM,0.9,31.58823529411765,31.5,0,65
sciences,OP3,BIM,0.8,FGSM,1.0,31.58823529411765,31.5,0,65
sciences,S7,BIM,0.8,FGSM,0.1,8.830882352941176,8.0,0,57
sciences,S7,BIM,0.8,FGSM,0.2,16.00735294117647,14.0,0,49
sciences,S7,BIM,0.8,FGSM,0.3,7.8161764705882355,6.0,0,42
sciences,S7,BIM,0.8,FGSM,0.4,3.0588235294117645,2.0,0,20
sciences,S7,BIM,0.8,FGSM,0.5,15.433823529411764,10.0,0,54
sciences,S7,BIM,0.8,FGSM,0.6,23.404411764705884,23.0,0,59
sciences,S7,BIM,0.8,FGSM,0.7,23.970588235294116,18.0,0,58
sciences,S7,BIM,0.8,FGSM,0.8,26.03676470588235,25.5,0,58
sciences,S7,BIM,0.8,FGSM,0.9,25.779411764705884,24.5,0,58
sciences,S7,BIM,0.8,FGSM,1.0,25.779411764705884,24.5,0,58
sciences,BLU,BIM,0.9,FGSM,0.1,12.492647058823529,9.0,0,67
sciences,BLU,BIM,0.9,FGSM,0.2,18.014705882352942,17.0,1,47
sciences,BLU,BIM,0.9,FGSM,0.3,13.235294117647058,10.0,0,65
sciences,BLU,BIM,0.9,FGSM,0.4,6.095588235294118,2.0,0,62
sciences,BLU,BIM,0.9,FGSM,0.5,17.529411764705884,10.0,1,64
sciences,BLU,BIM,0.9,FGSM,0.6,27.352941176470587,26.5,1,62
sciences,BLU,BIM,0.9,FGSM,0.7,21.625,20.5,0,55
sciences,BLU,BIM,0.9,FGSM,0.8,27.272058823529413,26.5,1,59
sciences,BLU,BIM,0.9,FGSM,0.9,25.823529411764707,24.5,0,58
sciences,BLU,BIM,0.9,FGSM,1.0,25.823529411764707,24.5,0,58
sciences,HTC,BIM,0.9,FGSM,0.1,12.963235294117647,9.0,0,62
sciences,HTC,BIM,0.9,FGSM,0.2,17.933823529411764,16.0,0,49
sciences,HTC,BIM,0.9,FGSM,0.3,5.5588235294117645,3.0,0,36
sciences,HTC,BIM,0.9,FGSM,0.4,4.022058823529412,3.0,0,21
sciences,HTC,BIM,0.9,FGSM,0.5,12.566176470588236,9.0,0,53
sciences,HTC,BIM,0.9,FGSM,0.6,25.41176470588235,24.0,0,58
sciences,HTC,BIM,0.9,FGSM,0.7,23.88235294117647,23.0,0,58
sciences,HTC,BIM,0.9,FGSM,0.8,25.823529411764707,24.5,0,58
sciences,HTC,BIM,0.9,FGSM,0.9,25.823529411764707,24.5,0,58
sciences,HTC,BIM,0.9,FGSM,1.0,25.823529411764707,24.5,0,58
sciences,LG,BIM,0.9,FGSM,0.1,14.786764705882353,12.0,0,60
sciences,LG,BIM,0.9,FGSM,0.2,15.779411764705882,12.5,0,60
sciences,LG,BIM,0.9,FGSM,0.3,4.455882352941177,2.0,0,57
sciences,LG,BIM,0.9,FGSM,0.4,4.654411764705882,4.0,0,17
sciences,LG,BIM,0.9,FGSM,0.5,18.75735294117647,10.0,0,59
sciences,LG,BIM,0.9,FGSM,0.6,24.41176470588235,22.0,0,58
sciences,LG,BIM,0.9,FGSM,0.7,24.852941176470587,22.0,0,58
sciences,LG,BIM,0.9,FGSM,0.8,25.875,24.5,0,58
sciences,LG,BIM,0.9,FGSM,0.9,25.823529411764707,24.5,0,58
sciences,LG,BIM,0.9,FGSM,1.0,25.823529411764707,24.5,0,58
sciences,MOTO,BIM,0.9,FGSM,0.1,6.5661764705882355,5.5,0,20
sciences,MOTO,BIM,0.9,FGSM,0.2,17.823529411764707,15.5,0,48
sciences,MOTO,BIM,0.9,FGSM,0.3,13.463235294117647,11.0,0,62
sciences,MOTO,BIM,0.9,FGSM,0.4,3.286764705882353,2.0,0,20
sciences,MOTO,BIM,0.9,FGSM,0.5,7.323529411764706,5.0,0,53
sciences,MOTO,BIM,0.9,FGSM,0.6,25.205882352941178,23.0,0,60
sciences,MOTO,BIM,0.9,FGSM,0.7,24.941176470588236,23.5,0,58
sciences,MOTO,BIM,0.9,FGSM,0.8,25.647058823529413,24.5,0,58
sciences,MOTO,BIM,0.9,FGSM,0.9,25.823529411764707,24.5,0,58
sciences,MOTO,BIM,0.9,FGSM,1.0,25.823529411764707,24.5,0,58
sciences,OP3,BIM,0.9,FGSM,0.1,7.529411764705882,7.0,0,24
sciences,OP3,BIM,0.9,FGSM,0.2,25.352941176470587,23.0,0,65
sciences,OP3,BIM,0.9,FGSM,0.3,31.0,30.5,0,65
sciences,OP3,BIM,0.9,FGSM,0.4,31.58823529411765,31.5,0,65
sciences,OP3,BIM,0.9,FGSM,0.5,31.58823529411765,31.5,0,65
sciences,OP3,BIM,0.9,FGSM,0.6,31.58823529411765,31.5,0,65
sciences,OP3,BIM,0.9,FGSM,0.7,31.58823529411765,31.5,0,65
sciences,OP3,BIM,0.9,FGSM,0.8,31.58823529411765,31.5,0,65
sciences,OP3,BIM,0.9,FGSM,0.9,31.58823529411765,31.5,0,65
sciences,OP3,BIM,0.9,FGSM,1.0,31.58823529411765,31.5,0,65
sciences,S7,BIM,0.9,FGSM,0.1,8.830882352941176,8.0,0,57
sciences,S7,BIM,0.9,FGSM,0.2,16.00735294117647,14.0,0,49
sciences,S7,BIM,0.9,FGSM,0.3,7.8161764705882355,6.0,0,42
sciences,S7,BIM,0.9,FGSM,0.4,3.0588235294117645,2.0,0,20
sciences,S7,BIM,0.9,FGSM,0.5,15.433823529411764,10.0,0,54
sciences,S7,BIM,0.9,FGSM,0.6,23.404411764705884,23.0,0,59
sciences,S7,BIM,0.9,FGSM,0.7,23.970588235294116,18.0,0,58
sciences,S7,BIM,0.9,FGSM,0.8,26.03676470588235,25.5,0,58
sciences,S7,BIM,0.9,FGSM,0.9,25.779411764705884,24.5,0,58
sciences,S7,BIM,0.9,FGSM,1.0,25.779411764705884,24.5,0,58
sciences,BLU,BIM,1.0,FGSM,0.1,12.492647058823529,9.0,0,67
sciences,BLU,BIM,1.0,FGSM,0.2,18.014705882352942,17.0,1,47
sciences,BLU,BIM,1.0,FGSM,0.3,13.235294117647058,10.0,0,65
sciences,BLU,BIM,1.0,FGSM,0.4,6.095588235294118,2.0,0,62
sciences,BLU,BIM,1.0,FGSM,0.5,17.529411764705884,10.0,1,64
sciences,BLU,BIM,1.0,FGSM,0.6,27.352941176470587,26.5,1,62
sciences,BLU,BIM,1.0,FGSM,0.7,21.625,20.5,0,55
sciences,BLU,BIM,1.0,FGSM,0.8,27.272058823529413,26.5,1,59
sciences,BLU,BIM,1.0,FGSM,0.9,25.823529411764707,24.5,0,58
sciences,BLU,BIM,1.0,FGSM,1.0,25.823529411764707,24.5,0,58
sciences,HTC,BIM,1.0,FGSM,0.1,12.963235294117647,9.0,0,62
sciences,HTC,BIM,1.0,FGSM,0.2,17.933823529411764,16.0,0,49
sciences,HTC,BIM,1.0,FGSM,0.3,5.5588235294117645,3.0,0,36
sciences,HTC,BIM,1.0,FGSM,0.4,4.022058823529412,3.0,0,21
sciences,HTC,BIM,1.0,FGSM,0.5,12.566176470588236,9.0,0,53
sciences,HTC,BIM,1.0,FGSM,0.6,25.41176470588235,24.0,0,58
sciences,HTC,BIM,1.0,FGSM,0.7,23.88235294117647,23.0,0,58
sciences,HTC,BIM,1.0,FGSM,0.8,25.823529411764707,24.5,0,58
sciences,HTC,BIM,1.0,FGSM,0.9,25.823529411764707,24.5,0,58
sciences,HTC,BIM,1.0,FGSM,1.0,25.823529411764707,24.5,0,58
sciences,LG,BIM,1.0,FGSM,0.1,14.786764705882353,12.0,0,60
sciences,LG,BIM,1.0,FGSM,0.2,15.779411764705882,12.5,0,60
sciences,LG,BIM,1.0,FGSM,0.3,4.455882352941177,2.0,0,57
sciences,LG,BIM,1.0,FGSM,0.4,4.654411764705882,4.0,0,17
sciences,LG,BIM,1.0,FGSM,0.5,18.75735294117647,10.0,0,59
sciences,LG,BIM,1.0,FGSM,0.6,24.41176470588235,22.0,0,58
sciences,LG,BIM,1.0,FGSM,0.7,24.852941176470587,22.0,0,58
sciences,LG,BIM,1.0,FGSM,0.8,25.875,24.5,0,58
sciences,LG,BIM,1.0,FGSM,0.9,25.823529411764707,24.5,0,58
sciences,LG,BIM,1.0,FGSM,1.0,25.823529411764707,24.5,0,58
sciences,MOTO,BIM,1.0,FGSM,0.1,6.5661764705882355,5.5,0,20
sciences,MOTO,BIM,1.0,FGSM,0.2,17.823529411764707,15.5,0,48
sciences,MOTO,BIM,1.0,FGSM,0.3,13.463235294117647,11.0,0,62
sciences,MOTO,BIM,1.0,FGSM,0.4,3.286764705882353,2.0,0,20
sciences,MOTO,BIM,1.0,FGSM,0.5,7.323529411764706,5.0,0,53
sciences,MOTO,BIM,1.0,FGSM,0.6,25.205882352941178,23.0,0,60
sciences,MOTO,BIM,1.0,FGSM,0.7,24.941176470588236,23.5,0,58
sciences,MOTO,BIM,1.0,FGSM,0.8,25.647058823529413,24.5,0,58
sciences,MOTO,BIM,1.0,FGSM,0.9,25.823529411764707,24.5,0,58
sciences,MOTO,BIM,1.0,FGSM,1.0,25.823529411764707,24.5,0,58
sciences,OP3,BIM,1.0,FGSM,0.1,7.529411764705882,7.0,0,24
sciences,OP3,BIM,1.0,FGSM,0.2,25.352941176470587,23.0,0,65
sciences,OP3,BIM,1.0,FGSM,0.3,31.0,30.5,0,65
sciences,OP3,BIM,1.0,FGSM,0.4,31.58823529411765,31.5,0,65
sciences,OP3,BIM,1.0,FGSM,0.5,31.58823529411765,31.5,0,65
sciences,OP3,BIM,1.0,FGSM,0.6,31.58823529411765,31.5,0,65
sciences,OP3,BIM,1.0,FGSM,0.7,31.58823529411765,31.5,0,65
sciences,OP3,BIM,1.0,FGSM,0.8,31.58823529411765,31.5,0,65
sciences,OP3,BIM,1.0,FGSM,0.9,31.58823529411765,31.5,0,65
sciences,OP3,BIM,1.0,FGSM,1.0,31.58823529411765,31.5,0,65
sciences,S7,BIM,1.0,FGSM,0.1,8.830882352941176,8.0,0,57
sciences,S7,BIM,1.0,FGSM,0.2,16.00735294117647,14.0,0,49
sciences,S7,BIM,1.0,FGSM,0.3,7.8161764705882355,6.0,0,42
sciences,S7,BIM,1.0,FGSM,0.4,3.0588235294117645,2.0,0,20
sciences,S7,BIM,1.0,FGSM,0.5,15.433823529411764,10.0,0,54
sciences,S7,BIM,1.0,FGSM,0.6,23.404411764705884,23.0,0,59
sciences,S7,BIM,1.0,FGSM,0.7,23.970588235294116,18.0,0,58
sciences,S7,BIM,1.0,FGSM,0.8,26.03676470588235,25.5,0,58
sciences,S7,BIM,1.0,FGSM,0.9,25.779411764705884,24.5,0,58
sciences,S7,BIM,1.0,FGSM,1.0,25.779411764705884,24.5,0,58
sciences,BLU,FGSM,0.1,PGD,0.1,14.735294117647058,10.0,0,61
sciences,BLU,FGSM,0.1,PGD,0.2,18.330882352941178,15.0,0,48
sciences,BLU,FGSM,0.1,PGD,0.3,19.227941176470587,17.0,0,48
sciences,BLU,FGSM,0.1,PGD,0.4,19.28676470588235,17.0,0,47
sciences,BLU,FGSM,0.1,PGD,0.5,19.28676470588235,17.0,0,47
sciences,BLU,FGSM,0.1,PGD,0.6,19.28676470588235,17.0,0,47
sciences,BLU,FGSM,0.1,PGD,0.7,19.28676470588235,17.0,0,47
sciences,BLU,FGSM,0.1,PGD,0.8,19.28676470588235,17.0,0,47
sciences,BLU,FGSM,0.1,PGD,0.9,19.28676470588235,17.0,0,47
sciences,BLU,FGSM,0.1,PGD,1.0,19.28676470588235,17.0,0,47
sciences,HTC,FGSM,0.1,PGD,0.1,12.477941176470589,11.0,0,47
sciences,HTC,FGSM,0.1,PGD,0.2,18.654411764705884,16.0,0,47
sciences,HTC,FGSM,0.1,PGD,0.3,19.441176470588236,16.5,0,47
sciences,HTC,FGSM,0.1,PGD,0.4,19.352941176470587,17.0,0,47
sciences,HTC,FGSM,0.1,PGD,0.5,19.352941176470587,17.0,0,47
sciences,HTC,FGSM,0.1,PGD,0.6,19.352941176470587,17.0,0,47
sciences,HTC,FGSM,0.1,PGD,0.7,19.352941176470587,17.0,0,47
sciences,HTC,FGSM,0.1,PGD,0.8,19.352941176470587,17.0,0,47
sciences,HTC,FGSM,0.1,PGD,0.9,19.352941176470587,17.0,0,47
sciences,HTC,FGSM,0.1,PGD,1.0,19.352941176470587,17.0,0,47
sciences,LG,FGSM,0.1,PGD,0.1,13.213235294117647,9.0,0,47
sciences,LG,FGSM,0.1,PGD,0.2,19.102941176470587,15.0,0,48
sciences,LG,FGSM,0.1,PGD,0.3,19.022058823529413,16.0,0,46
sciences,LG,FGSM,0.1,PGD,0.4,18.985294117647058,16.0,0,46
sciences,LG,FGSM,0.1,PGD,0.5,18.985294117647058,16.0,0,46
sciences,LG,FGSM,0.1,PGD,0.6,18.985294117647058,16.0,0,46
sciences,LG,FGSM,0.1,PGD,0.7,18.985294117647058,16.0,0,46
sciences,LG,FGSM,0.1,PGD,0.8,18.985294117647058,16.0,0,46
sciences,LG,FGSM,0.1,PGD,0.9,18.985294117647058,16.0,0,46
sciences,LG,FGSM,0.1,PGD,1.0,18.985294117647058,16.0,0,46
sciences,MOTO,FGSM,0.1,PGD,0.1,12.132352941176471,9.5,0,45
sciences,MOTO,FGSM,0.1,PGD,0.2,16.21323529411765,14.5,0,46
sciences,MOTO,FGSM,0.1,PGD,0.3,19.551470588235293,17.0,0,47
sciences,MOTO,FGSM,0.1,PGD,0.4,19.345588235294116,17.0,0,47
sciences,MOTO,FGSM,0.1,PGD,0.5,19.345588235294116,17.0,0,47
sciences,MOTO,FGSM,0.1,PGD,0.6,19.345588235294116,17.0,0,47
sciences,MOTO,FGSM,0.1,PGD,0.7,19.345588235294116,17.0,0,47
sciences,MOTO,FGSM,0.1,PGD,0.8,19.345588235294116,17.0,0,47
sciences,MOTO,FGSM,0.1,PGD,0.9,19.345588235294116,17.0,0,47
sciences,MOTO,FGSM,0.1,PGD,1.0,19.345588235294116,17.0,0,47
sciences,OP3,FGSM,0.1,PGD,0.1,7.852941176470588,4.5,0,41
sciences,OP3,FGSM,0.1,PGD,0.2,18.919117647058822,15.0,0,48
sciences,OP3,FGSM,0.1,PGD,0.3,19.455882352941178,17.0,0,47
sciences,OP3,FGSM,0.1,PGD,0.4,19.323529411764707,17.0,0,47
sciences,OP3,FGSM,0.1,PGD,0.5,19.323529411764707,17.0,0,47
sciences,OP3,FGSM,0.1,PGD,0.6,19.323529411764707,17.0,0,47
sciences,OP3,FGSM,0.1,PGD,0.7,19.323529411764707,17.0,0,47
sciences,OP3,FGSM,0.1,PGD,0.8,19.323529411764707,17.0,0,47
sciences,OP3,FGSM,0.1,PGD,0.9,19.323529411764707,17.0,0,47
sciences,OP3,FGSM,0.1,PGD,1.0,19.323529411764707,17.0,0,47
sciences,S7,FGSM,0.1,PGD,0.1,9.838235294117647,8.0,0,46
sciences,S7,FGSM,0.1,PGD,0.2,18.801470588235293,15.5,0,47
sciences,S7,FGSM,0.1,PGD,0.3,19.477941176470587,17.0,0,47
sciences,S7,FGSM,0.1,PGD,0.4,19.28676470588235,17.0,0,46
sciences,S7,FGSM,0.1,PGD,0.5,19.28676470588235,17.0,0,46
sciences,S7,FGSM,0.1,PGD,0.6,19.28676470588235,17.0,0,46
sciences,S7,FGSM,0.1,PGD,0.7,19.28676470588235,17.0,0,46
sciences,S7,FGSM,0.1,PGD,0.8,19.28676470588235,17.0,0,46
sciences,S7,FGSM,0.1,PGD,0.9,19.28676470588235,17.0,0,46
sciences,S7,FGSM,0.1,PGD,1.0,19.28676470588235,17.0,0,46
sciences,BLU,FGSM,0.2,PGD,0.1,10.713235294117647,7.0,0,60
sciences,BLU,FGSM,0.2,PGD,0.2,12.419117647058824,5.0,0,60
sciences,BLU,FGSM,0.2,PGD,0.3,18.205882352941178,13.0,0,59
sciences,BLU,FGSM,0.2,PGD,0.4,19.727941176470587,17.0,0,59
sciences,BLU,FGSM,0.2,PGD,0.5,19.727941176470587,17.0,0,59
sciences,BLU,FGSM,0.2,PGD,0.6,19.727941176470587,17.0,0,59
sciences,BLU,FGSM,0.2,PGD,0.7,19.727941176470587,17.0,0,59
sciences,BLU,FGSM,0.2,PGD,0.8,19.727941176470587,17.0,0,59
sciences,BLU,FGSM,0.2,PGD,0.9,19.727941176470587,17.0,0,59
sciences,BLU,FGSM,0.2,PGD,1.0,19.727941176470587,17.0,0,59
sciences,HTC,FGSM,0.2,PGD,0.1,5.713235294117647,3.0,0,53
sciences,HTC,FGSM,0.2,PGD,0.2,6.132352941176471,4.0,0,61
sciences,HTC,FGSM,0.2,PGD,0.3,7.860294117647059,6.0,0,61
sciences,HTC,FGSM,0.2,PGD,0.4,20.205882352941178,15.0,0,58
sciences,HTC,FGSM,0.2,PGD,0.5,20.205882352941178,15.0,0,58
sciences,HTC,FGSM,0.2,PGD,0.6,20.205882352941178,15.0,0,58
sciences,HTC,FGSM,0.2,PGD,0.7,20.205882352941178,15.0,0,58
sciences,HTC,FGSM,0.2,PGD,0.8,20.205882352941178,15.0,0,58
sciences,HTC,FGSM,0.2,PGD,0.9,20.205882352941178,15.0,0,58
sciences,HTC,FGSM,0.2,PGD,1.0,20.205882352941178,15.0,0,58
sciences,LG,FGSM,0.2,PGD,0.1,4.8088235294117645,2.0,0,52
sciences,LG,FGSM,0.2,PGD,0.2,8.816176470588236,5.0,0,59
sciences,LG,FGSM,0.2,PGD,0.3,14.683823529411764,13.0,0,51
sciences,LG,FGSM,0.2,PGD,0.4,17.529411764705884,17.0,0,57
sciences,LG,FGSM,0.2,PGD,0.5,17.529411764705884,17.0,0,57
sciences,LG,FGSM,0.2,PGD,0.6,17.529411764705884,17.0,0,57
sciences,LG,FGSM,0.2,PGD,0.7,17.529411764705884,17.0,0,57
sciences,LG,FGSM,0.2,PGD,0.8,17.529411764705884,17.0,0,57
sciences,LG,FGSM,0.2,PGD,0.9,17.529411764705884,17.0,0,57
sciences,LG,FGSM,0.2,PGD,1.0,17.529411764705884,17.0,0,57
sciences,MOTO,FGSM,0.2,PGD,0.1,7.301470588235294,5.0,0,57
sciences,MOTO,FGSM,0.2,PGD,0.2,6.757352941176471,3.0,0,55
sciences,MOTO,FGSM,0.2,PGD,0.3,8.389705882352942,6.0,0,53
sciences,MOTO,FGSM,0.2,PGD,0.4,19.24264705882353,12.5,0,59
sciences,MOTO,FGSM,0.2,PGD,0.5,19.24264705882353,12.5,0,59
sciences,MOTO,FGSM,0.2,PGD,0.6,19.24264705882353,12.5,0,59
sciences,MOTO,FGSM,0.2,PGD,0.7,19.24264705882353,12.5,0,59
sciences,MOTO,FGSM,0.2,PGD,0.8,19.24264705882353,12.5,0,59
sciences,MOTO,FGSM,0.2,PGD,0.9,19.24264705882353,12.5,0,59
sciences,MOTO,FGSM,0.2,PGD,1.0,19.24264705882353,12.5,0,59
sciences,OP3,FGSM,0.2,PGD,0.1,5.485294117647059,5.0,0,14
sciences,OP3,FGSM,0.2,PGD,0.2,1.0441176470588236,0.0,0,21
sciences,OP3,FGSM,0.2,PGD,0.3,9.977941176470589,7.0,0,34
sciences,OP3,FGSM,0.2,PGD,0.4,17.03676470588235,14.0,0,57
sciences,OP3,FGSM,0.2,PGD,0.5,17.03676470588235,14.0,0,57
sciences,OP3,FGSM,0.2,PGD,0.6,17.03676470588235,14.0,0,57
sciences,OP3,FGSM,0.2,PGD,0.7,17.03676470588235,14.0,0,57
sciences,OP3,FGSM,0.2,PGD,0.8,17.03676470588235,14.0,0,57
sciences,OP3,FGSM,0.2,PGD,0.9,17.03676470588235,14.0,0,57
sciences,OP3,FGSM,0.2,PGD,1.0,17.03676470588235,14.0,0,57
sciences,S7,FGSM,0.2,PGD,0.1,6.301470588235294,6.0,0,20
sciences,S7,FGSM,0.2,PGD,0.2,3.75,2.0,0,20
sciences,S7,FGSM,0.2,PGD,0.3,12.316176470588236,7.0,0,54
sciences,S7,FGSM,0.2,PGD,0.4,21.073529411764707,15.5,0,60
sciences,S7,FGSM,0.2,PGD,0.5,21.073529411764707,15.5,0,60
sciences,S7,FGSM,0.2,PGD,0.6,21.073529411764707,15.5,0,60
sciences,S7,FGSM,0.2,PGD,0.7,21.073529411764707,15.5,0,60
sciences,S7,FGSM,0.2,PGD,0.8,21.073529411764707,15.5,0,60
sciences,S7,FGSM,0.2,PGD,0.9,21.073529411764707,15.5,0,60
sciences,S7,FGSM,0.2,PGD,1.0,21.073529411764707,15.5,0,60
sciences,BLU,FGSM,0.3,PGD,0.1,15.117647058823529,11.0,0,62
sciences,BLU,FGSM,0.3,PGD,0.2,14.669117647058824,11.5,0,55
sciences,BLU,FGSM,0.3,PGD,0.3,10.617647058823529,3.5,0,61
sciences,BLU,FGSM,0.3,PGD,0.4,19.941176470588236,13.0,0,62
sciences,BLU,FGSM,0.3,PGD,0.5,19.941176470588236,13.0,0,62
sciences,BLU,FGSM,0.3,PGD,0.6,19.941176470588236,13.0,0,62
sciences,BLU,FGSM,0.3,PGD,0.7,19.941176470588236,13.0,0,62
sciences,BLU,FGSM,0.3,PGD,0.8,19.941176470588236,13.0,0,62
sciences,BLU,FGSM,0.3,PGD,0.9,19.941176470588236,13.0,0,62
sciences,BLU,FGSM,0.3,PGD,1.0,19.941176470588236,13.0,0,62
sciences,HTC,FGSM,0.3,PGD,0.1,14.080882352941176,11.0,0,44
sciences,HTC,FGSM,0.3,PGD,0.2,6.492647058823529,5.0,0,21
sciences,HTC,FGSM,0.3,PGD,0.3,4.852941176470588,4.0,0,19
sciences,HTC,FGSM,0.3,PGD,0.4,10.941176470588236,8.0,0,40
sciences,HTC,FGSM,0.3,PGD,0.5,10.941176470588236,8.0,0,40
sciences,HTC,FGSM,0.3,PGD,0.6,10.941176470588236,8.0,0,40
sciences,HTC,FGSM,0.3,PGD,0.7,10.941176470588236,8.0,0,40
sciences,HTC,FGSM,0.3,PGD,0.8,10.941176470588236,8.0,0,40
sciences,HTC,FGSM,0.3,PGD,0.9,10.941176470588236,8.0,0,40
sciences,HTC,FGSM,0.3,PGD,1.0,10.941176470588236,8.0,0,40
sciences,LG,FGSM,0.3,PGD,0.1,14.397058823529411,13.0,0,52
sciences,LG,FGSM,0.3,PGD,0.2,6.176470588235294,3.0,0,59
sciences,LG,FGSM,0.3,PGD,0.3,7.139705882352941,5.0,0,59
sciences,LG,FGSM,0.3,PGD,0.4,11.860294117647058,9.0,0,50
sciences,LG,FGSM,0.3,PGD,0.5,11.860294117647058,9.0,0,50
sciences,LG,FGSM,0.3,PGD,0.6,11.860294117647058,9.0,0,50
sciences,LG,FGSM,0.3,PGD,0.7,11.860294117647058,9.0,0,50
sciences,LG,FGSM,0.3,PGD,0.8,11.860294117647058,9.0,0,50
sciences,LG,FGSM,0.3,PGD,0.9,11.860294117647058,9.0,0,50
sciences,LG,FGSM,0.3,PGD,1.0,11.860294117647058,9.0,0,50
sciences,MOTO,FGSM,0.3,PGD,0.1,10.830882352941176,7.0,0,51
sciences,MOTO,FGSM,0.3,PGD,0.2,13.382352941176471,12.0,0,38
sciences,MOTO,FGSM,0.3,PGD,0.3,4.602941176470588,2.0,0,55
sciences,MOTO,FGSM,0.3,PGD,0.4,7.4411764705882355,5.0,0,57
sciences,MOTO,FGSM,0.3,PGD,0.5,7.4411764705882355,5.0,0,57
sciences,MOTO,FGSM,0.3,PGD,0.6,7.4411764705882355,5.0,0,57
sciences,MOTO,FGSM,0.3,PGD,0.7,7.4411764705882355,5.0,0,57
sciences,MOTO,FGSM,0.3,PGD,0.8,7.4411764705882355,5.0,0,57
sciences,MOTO,FGSM,0.3,PGD,0.9,7.4411764705882355,5.0,0,57
sciences,MOTO,FGSM,0.3,PGD,1.0,7.4411764705882355,5.0,0,57
sciences,OP3,FGSM,0.3,PGD,0.1,7.852941176470588,7.0,0,42
sciences,OP3,FGSM,0.3,PGD,0.2,10.375,10.0,0,31
sciences,OP3,FGSM,0.3,PGD,0.3,0.41911764705882354,0.0,0,11
sciences,OP3,FGSM,0.3,PGD,0.4,11.419117647058824,8.0,0,54
sciences,OP3,FGSM,0.3,PGD,0.5,11.419117647058824,8.0,0,54
sciences,OP3,FGSM,0.3,PGD,0.6,11.419117647058824,8.0,0,54
sciences,OP3,FGSM,0.3,PGD,0.7,11.419117647058824,8.0,0,54
sciences,OP3,FGSM,0.3,PGD,0.8,11.419117647058824,8.0,0,54
sciences,OP3,FGSM,0.3,PGD,0.9,11.419117647058824,8.0,0,54
sciences,OP3,FGSM,0.3,PGD,1.0,11.419117647058824,8.0,0,54
sciences,S7,FGSM,0.3,PGD,0.1,11.676470588235293,9.0,0,50
sciences,S7,FGSM,0.3,PGD,0.2,9.235294117647058,8.0,0,32
sciences,S7,FGSM,0.3,PGD,0.3,3.3161764705882355,2.0,0,30
sciences,S7,FGSM,0.3,PGD,0.4,11.014705882352942,8.0,0,53
sciences,S7,FGSM,0.3,PGD,0.5,11.014705882352942,8.0,0,53
sciences,S7,FGSM,0.3,PGD,0.6,11.014705882352942,8.0,0,53
sciences,S7,FGSM,0.3,PGD,0.7,11.014705882352942,8.0,0,53
sciences,S7,FGSM,0.3,PGD,0.8,11.014705882352942,8.0,0,53
sciences,S7,FGSM,0.3,PGD,0.9,11.014705882352942,8.0,0,53
sciences,S7,FGSM,0.3,PGD,1.0,11.014705882352942,8.0,0,53
sciences,BLU,FGSM,0.4,PGD,0.1,13.014705882352942,9.0,0,62
sciences,BLU,FGSM,0.4,PGD,0.2,17.919117647058822,16.0,0,43
sciences,BLU,FGSM,0.4,PGD,0.3,15.301470588235293,13.0,0,55
sciences,BLU,FGSM,0.4,PGD,0.4,12.566176470588236,3.5,0,64
sciences,BLU,FGSM,0.4,PGD,0.5,12.566176470588236,3.5,0,64
sciences,BLU,FGSM,0.4,PGD,0.6,12.566176470588236,3.5,0,64
sciences,BLU,FGSM,0.4,PGD,0.7,12.566176470588236,3.5,0,64
sciences,BLU,FGSM,0.4,PGD,0.8,12.566176470588236,3.5,0,64
sciences,BLU,FGSM,0.4,PGD,0.9,12.566176470588236,3.5,0,64
sciences,BLU,FGSM,0.4,PGD,1.0,12.566176470588236,3.5,0,64
sciences,HTC,FGSM,0.4,PGD,0.1,10.441176470588236,9.0,0,36
sciences,HTC,FGSM,0.4,PGD,0.2,18.720588235294116,16.0,0,64
sciences,HTC,FGSM,0.4,PGD,0.3,8.022058823529411,4.0,0,46
sciences,HTC,FGSM,0.4,PGD,0.4,5.617647058823529,3.0,0,45
sciences,HTC,FGSM,0.4,PGD,0.5,5.617647058823529,3.0,0,45
sciences,HTC,FGSM,0.4,PGD,0.6,5.617647058823529,3.0,0,45
sciences,HTC,FGSM,0.4,PGD,0.7,5.617647058823529,3.0,0,45
sciences,HTC,FGSM,0.4,PGD,0.8,5.617647058823529,3.0,0,45
sciences,HTC,FGSM,0.4,PGD,0.9,5.617647058823529,3.0,0,45
sciences,HTC,FGSM,0.4,PGD,1.0,5.617647058823529,3.0,0,45
sciences,LG,FGSM,0.4,PGD,0.1,13.558823529411764,11.0,0,48
sciences,LG,FGSM,0.4,PGD,0.2,15.654411764705882,14.0,0,52
sciences,LG,FGSM,0.4,PGD,0.3,3.875,2.0,0,61
sciences,LG,FGSM,0.4,PGD,0.4,5.757352941176471,5.0,0,59
sciences,LG,FGSM,0.4,PGD,0.5,5.757352941176471,5.0,0,59
sciences,LG,FGSM,0.4,PGD,0.6,5.757352941176471,5.0,0,59
sciences,LG,FGSM,0.4,PGD,0.7,5.757352941176471,5.0,0,59
sciences,LG,FGSM,0.4,PGD,0.8,5.757352941176471,5.0,0,59
sciences,LG,FGSM,0.4,PGD,0.9,5.757352941176471,5.0,0,59
sciences,LG,FGSM,0.4,PGD,1.0,5.757352941176471,5.0,0,59
sciences,MOTO,FGSM,0.4,PGD,0.1,6.198529411764706,5.0,0,20
sciences,MOTO,FGSM,0.4,PGD,0.2,17.419117647058822,15.0,0,51
sciences,MOTO,FGSM,0.4,PGD,0.3,17.345588235294116,13.0,0,65
sciences,MOTO,FGSM,0.4,PGD,0.4,5.610294117647059,2.0,0,63
sciences,MOTO,FGSM,0.4,PGD,0.5,5.610294117647059,2.0,0,63
sciences,MOTO,FGSM,0.4,PGD,0.6,5.610294117647059,2.0,0,63
sciences,MOTO,FGSM,0.4,PGD,0.7,5.610294117647059,2.0,0,63
sciences,MOTO,FGSM,0.4,PGD,0.8,5.610294117647059,2.0,0,63
sciences,MOTO,FGSM,0.4,PGD,0.9,5.610294117647059,2.0,0,63
sciences,MOTO,FGSM,0.4,PGD,1.0,5.610294117647059,2.0,0,63
sciences,OP3,FGSM,0.4,PGD,0.1,7.4411764705882355,6.0,0,47
sciences,OP3,FGSM,0.4,PGD,0.2,19.970588235294116,16.0,1,58
sciences,OP3,FGSM,0.4,PGD,0.3,14.992647058823529,11.5,0,59
sciences,OP3,FGSM,0.4,PGD,0.4,1.4411764705882353,0.0,0,33
sciences,OP3,FGSM,0.4,PGD,0.5,1.4411764705882353,0.0,0,33
sciences,OP3,FGSM,0.4,PGD,0.6,1.4411764705882353,0.0,0,33
sciences,OP3,FGSM,0.4,PGD,0.7,1.4411764705882353,0.0,0,33
sciences,OP3,FGSM,0.4,PGD,0.8,1.4411764705882353,0.0,0,33
sciences,OP3,FGSM,0.4,PGD,0.9,1.4411764705882353,0.0,0,33
sciences,OP3,FGSM,0.4,PGD,1.0,1.4411764705882353,0.0,0,33
sciences,S7,FGSM,0.4,PGD,0.1,8.360294117647058,7.0,0,52
sciences,S7,FGSM,0.4,PGD,0.2,17.926470588235293,15.0,0,64
sciences,S7,FGSM,0.4,PGD,0.3,8.786764705882353,6.0,0,42
sciences,S7,FGSM,0.4,PGD,0.4,4.301470588235294,1.0,0,47
sciences,S7,FGSM,0.4,PGD,0.5,4.301470588235294,1.0,0,47
sciences,S7,FGSM,0.4,PGD,0.6,4.301470588235294,1.0,0,47
sciences,S7,FGSM,0.4,PGD,0.7,4.301470588235294,1.0,0,47
sciences,S7,FGSM,0.4,PGD,0.8,4.301470588235294,1.0,0,47
sciences,S7,FGSM,0.4,PGD,0.9,4.301470588235294,1.0,0,47
sciences,S7,FGSM,0.4,PGD,1.0,4.301470588235294,1.0,0,47
sciences,BLU,FGSM,0.5,PGD,0.1,13.227941176470589,9.0,0,58
sciences,BLU,FGSM,0.5,PGD,0.2,17.926470588235293,16.0,0,56
sciences,BLU,FGSM,0.5,PGD,0.3,17.74264705882353,15.0,0,49
sciences,BLU,FGSM,0.5,PGD,0.4,15.125,12.5,0,63
sciences,BLU,FGSM,0.5,PGD,0.5,15.125,12.5,0,63
sciences,BLU,FGSM,0.5,PGD,0.6,15.125,12.5,0,63
sciences,BLU,FGSM,0.5,PGD,0.7,15.125,12.5,0,63
sciences,BLU,FGSM,0.5,PGD,0.8,15.125,12.5,0,63
sciences,BLU,FGSM,0.5,PGD,0.9,15.125,12.5,0,63
sciences,BLU,FGSM,0.5,PGD,1.0,15.125,12.5,0,63
sciences,HTC,FGSM,0.5,PGD,0.1,12.529411764705882,9.0,0,42
sciences,HTC,FGSM,0.5,PGD,0.2,19.147058823529413,17.0,0,63
sciences,HTC,FGSM,0.5,PGD,0.3,15.727941176470589,11.0,0,64
sciences,HTC,FGSM,0.5,PGD,0.4,4.992647058823529,3.0,0,49
sciences,HTC,FGSM,0.5,PGD,0.5,4.992647058823529,3.0,0,49
sciences,HTC,FGSM,0.5,PGD,0.6,4.992647058823529,3.0,0,49
sciences,HTC,FGSM,0.5,PGD,0.7,4.992647058823529,3.0,0,49
sciences,HTC,FGSM,0.5,PGD,0.8,4.992647058823529,3.0,0,49
sciences,HTC,FGSM,0.5,PGD,0.9,4.992647058823529,3.0,0,49
sciences,HTC,FGSM,0.5,PGD,1.0,4.992647058823529,3.0,0,49
sciences,LG,FGSM,0.5,PGD,0.1,13.764705882352942,9.0,0,41
sciences,LG,FGSM,0.5,PGD,0.2,17.610294117647058,15.5,0,62
sciences,LG,FGSM,0.5,PGD,0.3,11.941176470588236,10.0,0,33
sciences,LG,FGSM,0.5,PGD,0.4,2.963235294117647,2.0,0,26
sciences,LG,FGSM,0.5,PGD,0.5,2.963235294117647,2.0,0,26
sciences,LG,FGSM,0.5,PGD,0.6,2.963235294117647,2.0,0,26
sciences,LG,FGSM,0.5,PGD,0.7,2.963235294117647,2.0,0,26
sciences,LG,FGSM,0.5,PGD,0.8,2.963235294117647,2.0,0,26
sciences,LG,FGSM,0.5,PGD,0.9,2.963235294117647,2.0,0,26
sciences,LG,FGSM,0.5,PGD,1.0,2.963235294117647,2.0,0,26
sciences,MOTO,FGSM,0.5,PGD,0.1,5.477941176470588,5.0,0,19
sciences,MOTO,FGSM,0.5,PGD,0.2,18.316176470588236,16.0,0,47
sciences,MOTO,FGSM,0.5,PGD,0.3,19.772058823529413,17.0,0,64
sciences,MOTO,FGSM,0.5,PGD,0.4,13.338235294117647,10.0,0,63
sciences,MOTO,FGSM,0.5,PGD,0.5,13.338235294117647,10.0,0,63
sciences,MOTO,FGSM,0.5,PGD,0.6,13.338235294117647,10.0,0,63
sciences,MOTO,FGSM,0.5,PGD,0.7,13.338235294117647,10.0,0,63
sciences,MOTO,FGSM,0.5,PGD,0.8,13.338235294117647,10.0,0,63
sciences,MOTO,FGSM,0.5,PGD,0.9,13.338235294117647,10.0,0,63
sciences,MOTO,FGSM,0.5,PGD,1.0,13.338235294117647,10.0,0,63
sciences,OP3,FGSM,0.5,PGD,0.1,10.830882352941176,8.0,0,58
sciences,OP3,FGSM,0.5,PGD,0.2,20.88235294117647,16.0,0,56
sciences,OP3,FGSM,0.5,PGD,0.3,19.448529411764707,17.0,0,64
sciences,OP3,FGSM,0.5,PGD,0.4,15.507352941176471,12.0,0,52
sciences,OP3,FGSM,0.5,PGD,0.5,15.507352941176471,12.0,0,52
sciences,OP3,FGSM,0.5,PGD,0.6,15.507352941176471,12.0,0,52
sciences,OP3,FGSM,0.5,PGD,0.7,15.507352941176471,12.0,0,52
sciences,OP3,FGSM,0.5,PGD,0.8,15.507352941176471,12.0,0,52
sciences,OP3,FGSM,0.5,PGD,0.9,15.507352941176471,12.0,0,52
sciences,OP3,FGSM,0.5,PGD,1.0,15.507352941176471,12.0,0,52
sciences,S7,FGSM,0.5,PGD,0.1,12.713235294117647,9.0,0,52
sciences,S7,FGSM,0.5,PGD,0.2,18.698529411764707,16.0,0,48
sciences,S7,FGSM,0.5,PGD,0.3,17.897058823529413,14.0,0,64
sciences,S7,FGSM,0.5,PGD,0.4,7.426470588235294,6.0,0,45
sciences,S7,FGSM,0.5,PGD,0.5,7.426470588235294,6.0,0,45
sciences,S7,FGSM,0.5,PGD,0.6,7.426470588235294,6.0,0,45
sciences,S7,FGSM,0.5,PGD,0.7,7.426470588235294,6.0,0,45
sciences,S7,FGSM,0.5,PGD,0.8,7.426470588235294,6.0,0,45
sciences,S7,FGSM,0.5,PGD,0.9,7.426470588235294,6.0,0,45
sciences,S7,FGSM,0.5,PGD,1.0,7.426470588235294,6.0,0,45
sciences,BLU,FGSM,0.6,PGD,0.1,12.779411764705882,8.0,0,58
sciences,BLU,FGSM,0.6,PGD,0.2,18.044117647058822,17.0,1,49
sciences,BLU,FGSM,0.6,PGD,0.3,18.50735294117647,16.0,0,51
sciences,BLU,FGSM,0.6,PGD,0.4,18.735294117647058,17.0,0,45
sciences,BLU,FGSM,0.6,PGD,0.5,18.735294117647058,17.0,0,45
sciences,BLU,FGSM,0.6,PGD,0.6,18.735294117647058,17.0,0,45
sciences,BLU,FGSM,0.6,PGD,0.7,18.735294117647058,17.0,0,45
sciences,BLU,FGSM,0.6,PGD,0.8,18.735294117647058,17.0,0,45
sciences,BLU,FGSM,0.6,PGD,0.9,18.735294117647058,17.0,0,45
sciences,BLU,FGSM,0.6,PGD,1.0,18.735294117647058,17.0,0,45
sciences,HTC,FGSM,0.6,PGD,0.1,12.617647058823529,9.0,0,48
sciences,HTC,FGSM,0.6,PGD,0.2,18.99264705882353,17.0,0,52
sciences,HTC,FGSM,0.6,PGD,0.3,19.08823529411765,17.0,0,64
sciences,HTC,FGSM,0.6,PGD,0.4,17.00735294117647,12.0,0,64
sciences,HTC,FGSM,0.6,PGD,0.5,17.00735294117647,12.0,0,64
sciences,HTC,FGSM,0.6,PGD,0.6,17.00735294117647,12.0,0,64
sciences,HTC,FGSM,0.6,PGD,0.7,17.00735294117647,12.0,0,64
sciences,HTC,FGSM,0.6,PGD,0.8,17.00735294117647,12.0,0,64
sciences,HTC,FGSM,0.6,PGD,0.9,17.00735294117647,12.0,0,64
sciences,HTC,FGSM,0.6,PGD,1.0,17.00735294117647,12.0,0,64
sciences,LG,FGSM,0.6,PGD,0.1,14.558823529411764,10.0,0,41
sciences,LG,FGSM,0.6,PGD,0.2,18.227941176470587,16.5,0,45
sciences,LG,FGSM,0.6,PGD,0.3,18.933823529411764,17.0,0,62
sciences,LG,FGSM,0.6,PGD,0.4,14.823529411764707,13.0,0,43
sciences,LG,FGSM,0.6,PGD,0.5,14.823529411764707,13.0,0,43
sciences,LG,FGSM,0.6,PGD,0.6,14.823529411764707,13.0,0,43
sciences,LG,FGSM,0.6,PGD,0.7,14.823529411764707,13.0,0,43
sciences,LG,FGSM,0.6,PGD,0.8,14.823529411764707,13.0,0,43
sciences,LG,FGSM,0.6,PGD,0.9,14.823529411764707,13.0,0,43
sciences,LG,FGSM,0.6,PGD,1.0,14.823529411764707,13.0,0,43
sciences,MOTO,FGSM,0.6,PGD,0.1,5.389705882352941,4.0,0,51
sciences,MOTO,FGSM,0.6,PGD,0.2,18.477941176470587,16.5,0,55
sciences,MOTO,FGSM,0.6,PGD,0.3,19.03676470588235,17.0,0,50
sciences,MOTO,FGSM,0.6,PGD,0.4,19.235294117647058,16.5,0,64
sciences,MOTO,FGSM,0.6,PGD,0.5,19.235294117647058,16.5,0,64
sciences,MOTO,FGSM,0.6,PGD,0.6,19.235294117647058,16.5,0,64
sciences,MOTO,FGSM,0.6,PGD,0.7,19.235294117647058,16.5,0,64
sciences,MOTO,FGSM,0.6,PGD,0.8,19.235294117647058,16.5,0,64
sciences,MOTO,FGSM,0.6,PGD,0.9,19.235294117647058,16.5,0,64
sciences,MOTO,FGSM,0.6,PGD,1.0,19.235294117647058,16.5,0,64
sciences,OP3,FGSM,0.6,PGD,0.1,10.639705882352942,7.0,0,58
sciences,OP3,FGSM,0.6,PGD,0.2,19.477941176470587,16.5,0,50
sciences,OP3,FGSM,0.6,PGD,0.3,19.360294117647058,17.0,0,58
sciences,OP3,FGSM,0.6,PGD,0.4,19.16176470588235,17.0,0,64
sciences,OP3,FGSM,0.6,PGD,0.5,19.16176470588235,17.0,0,64
sciences,OP3,FGSM,0.6,PGD,0.6,19.16176470588235,17.0,0,64
sciences,OP3,FGSM,0.6,PGD,0.7,19.16176470588235,17.0,0,64
sciences,OP3,FGSM,0.6,PGD,0.8,19.16176470588235,17.0,0,64
sciences,OP3,FGSM,0.6,PGD,0.9,19.16176470588235,17.0,0,64
sciences,OP3,FGSM,0.6,PGD,1.0,19.16176470588235,17.0,0,64
sciences,S7,FGSM,0.6,PGD,0.1,13.367647058823529,10.0,0,56
sciences,S7,FGSM,0.6,PGD,0.2,18.86764705882353,17.0,0,45
sciences,S7,FGSM,0.6,PGD,0.3,18.779411764705884,17.0,0,53
sciences,S7,FGSM,0.6,PGD,0.4,19.53676470588235,15.5,0,64
sciences,S7,FGSM,0.6,PGD,0.5,19.53676470588235,15.5,0,64
sciences,S7,FGSM,0.6,PGD,0.6,19.53676470588235,15.5,0,64
sciences,S7,FGSM,0.6,PGD,0.7,19.53676470588235,15.5,0,64
sciences,S7,FGSM,0.6,PGD,0.8,19.53676470588235,15.5,0,64
sciences,S7,FGSM,0.6,PGD,0.9,19.53676470588235,15.5,0,64
sciences,S7,FGSM,0.6,PGD,1.0,19.53676470588235,15.5,0,64
sciences,BLU,FGSM,0.7,PGD,0.1,12.779411764705882,8.0,0,58
sciences,BLU,FGSM,0.7,PGD,0.2,18.044117647058822,17.0,1,49
sciences,BLU,FGSM,0.7,PGD,0.3,18.50735294117647,16.0,0,51
sciences,BLU,FGSM,0.7,PGD,0.4,18.99264705882353,17.0,0,45
sciences,BLU,FGSM,0.7,PGD,0.5,18.99264705882353,17.0,0,45
sciences,BLU,FGSM,0.7,PGD,0.6,18.99264705882353,17.0,0,45
sciences,BLU,FGSM,0.7,PGD,0.7,18.99264705882353,17.0,0,45
sciences,BLU,FGSM,0.7,PGD,0.8,18.99264705882353,17.0,0,45
sciences,BLU,FGSM,0.7,PGD,0.9,18.99264705882353,17.0,0,45
sciences,BLU,FGSM,0.7,PGD,1.0,18.99264705882353,17.0,0,45
sciences,HTC,FGSM,0.7,PGD,0.1,12.617647058823529,9.0,0,48
sciences,HTC,FGSM,0.7,PGD,0.2,18.99264705882353,17.0,0,52
sciences,HTC,FGSM,0.7,PGD,0.3,18.941176470588236,17.0,0,45
sciences,HTC,FGSM,0.7,PGD,0.4,19.220588235294116,17.0,0,64
sciences,HTC,FGSM,0.7,PGD,0.5,19.220588235294116,17.0,0,64
sciences,HTC,FGSM,0.7,PGD,0.6,19.220588235294116,17.0,0,64
sciences,HTC,FGSM,0.7,PGD,0.7,19.220588235294116,17.0,0,64
sciences,HTC,FGSM,0.7,PGD,0.8,19.220588235294116,17.0,0,64
sciences,HTC,FGSM,0.7,PGD,0.9,19.220588235294116,17.0,0,64
sciences,HTC,FGSM,0.7,PGD,1.0,19.220588235294116,17.0,0,64
sciences,LG,FGSM,0.7,PGD,0.1,14.558823529411764,10.0,0,41
sciences,LG,FGSM,0.7,PGD,0.2,18.227941176470587,16.5,0,45
sciences,LG,FGSM,0.7,PGD,0.3,18.683823529411764,17.0,0,45
sciences,LG,FGSM,0.7,PGD,0.4,19.235294117647058,17.0,0,62
sciences,LG,FGSM,0.7,PGD,0.5,19.235294117647058,17.0,0,62
sciences,LG,FGSM,0.7,PGD,0.6,19.235294117647058,17.0,0,62
sciences,LG,FGSM,0.7,PGD,0.7,19.235294117647058,17.0,0,62
sciences,LG,FGSM,0.7,PGD,0.8,19.235294117647058,17.0,0,62
sciences,LG,FGSM,0.7,PGD,0.9,19.235294117647058,17.0,0,62
sciences,LG,FGSM,0.7,PGD,1.0,19.235294117647058,17.0,0,62
sciences,MOTO,FGSM,0.7,PGD,0.1,5.389705882352941,4.0,0,51
sciences,MOTO,FGSM,0.7,PGD,0.2,18.477941176470587,16.5,0,55
sciences,MOTO,FGSM,0.7,PGD,0.3,19.03676470588235,17.0,0,50
sciences,MOTO,FGSM,0.7,PGD,0.4,18.941176470588236,17.0,0,45
sciences,MOTO,FGSM,0.7,PGD,0.5,18.941176470588236,17.0,0,45
sciences,MOTO,FGSM,0.7,PGD,0.6,18.941176470588236,17.0,0,45
sciences,MOTO,FGSM,0.7,PGD,0.7,18.941176470588236,17.0,0,45
sciences,MOTO,FGSM,0.7,PGD,0.8,18.941176470588236,17.0,0,45
sciences,MOTO,FGSM,0.7,PGD,0.9,18.941176470588236,17.0,0,45
sciences,MOTO,FGSM,0.7,PGD,1.0,18.941176470588236,17.0,0,45
sciences,OP3,FGSM,0.7,PGD,0.1,10.639705882352942,7.0,0,58
sciences,OP3,FGSM,0.7,PGD,0.2,19.477941176470587,16.5,0,50
sciences,OP3,FGSM,0.7,PGD,0.3,19.360294117647058,17.0,0,58
sciences,OP3,FGSM,0.7,PGD,0.4,18.96323529411765,17.0,0,49
sciences,OP3,FGSM,0.7,PGD,0.5,18.96323529411765,17.0,0,49
sciences,OP3,FGSM,0.7,PGD,0.6,18.96323529411765,17.0,0,49
sciences,OP3,FGSM,0.7,PGD,0.7,18.96323529411765,17.0,0,49
sciences,OP3,FGSM,0.7,PGD,0.8,18.96323529411765,17.0,0,49
sciences,OP3,FGSM,0.7,PGD,0.9,18.96323529411765,17.0,0,49
sciences,OP3,FGSM,0.7,PGD,1.0,18.96323529411765,17.0,0,49
sciences,S7,FGSM,0.7,PGD,0.1,13.367647058823529,10.0,0,56
sciences,S7,FGSM,0.7,PGD,0.2,18.86764705882353,17.0,0,45
sciences,S7,FGSM,0.7,PGD,0.3,18.779411764705884,17.0,0,53
sciences,S7,FGSM,0.7,PGD,0.4,18.941176470588236,17.0,0,45
sciences,S7,FGSM,0.7,PGD,0.5,18.941176470588236,17.0,0,45
sciences,S7,FGSM,0.7,PGD,0.6,18.941176470588236,17.0,0,45
sciences,S7,FGSM,0.7,PGD,0.7,18.941176470588236,17.0,0,45
sciences,S7,FGSM,0.7,PGD,0.8,18.941176470588236,17.0,0,45
sciences,S7,FGSM,0.7,PGD,0.9,18.941176470588236,17.0,0,45
sciences,S7,FGSM,0.7,PGD,1.0,18.941176470588236,17.0,0,45
sciences,BLU,FGSM,0.8,PGD,0.1,12.779411764705882,8.0,0,58
sciences,BLU,FGSM,0.8,PGD,0.2,18.044117647058822,17.0,1,49
sciences,BLU,FGSM,0.8,PGD,0.3,18.50735294117647,16.0,0,51
sciences,BLU,FGSM,0.8,PGD,0.4,18.99264705882353,17.0,0,45
sciences,BLU,FGSM,0.8,PGD,0.5,18.99264705882353,17.0,0,45
sciences,BLU,FGSM,0.8,PGD,0.6,18.99264705882353,17.0,0,45
sciences,BLU,FGSM,0.8,PGD,0.7,18.99264705882353,17.0,0,45
sciences,BLU,FGSM,0.8,PGD,0.8,18.99264705882353,17.0,0,45
sciences,BLU,FGSM,0.8,PGD,0.9,18.99264705882353,17.0,0,45
sciences,BLU,FGSM,0.8,PGD,1.0,18.99264705882353,17.0,0,45
sciences,HTC,FGSM,0.8,PGD,0.1,12.617647058823529,9.0,0,48
sciences,HTC,FGSM,0.8,PGD,0.2,18.99264705882353,17.0,0,52
sciences,HTC,FGSM,0.8,PGD,0.3,18.941176470588236,17.0,0,45
sciences,HTC,FGSM,0.8,PGD,0.4,18.941176470588236,17.0,0,45
sciences,HTC,FGSM,0.8,PGD,0.5,18.941176470588236,17.0,0,45
sciences,HTC,FGSM,0.8,PGD,0.6,18.941176470588236,17.0,0,45
sciences,HTC,FGSM,0.8,PGD,0.7,18.941176470588236,17.0,0,45
sciences,HTC,FGSM,0.8,PGD,0.8,18.941176470588236,17.0,0,45
sciences,HTC,FGSM,0.8,PGD,0.9,18.941176470588236,17.0,0,45
sciences,HTC,FGSM,0.8,PGD,1.0,18.941176470588236,17.0,0,45
sciences,LG,FGSM,0.8,PGD,0.1,14.558823529411764,10.0,0,41
sciences,LG,FGSM,0.8,PGD,0.2,18.227941176470587,16.5,0,45
sciences,LG,FGSM,0.8,PGD,0.3,18.683823529411764,17.0,0,45
sciences,LG,FGSM,0.8,PGD,0.4,18.941176470588236,17.0,0,45
sciences,LG,FGSM,0.8,PGD,0.5,18.941176470588236,17.0,0,45
sciences,LG,FGSM,0.8,PGD,0.6,18.941176470588236,17.0,0,45
sciences,LG,FGSM,0.8,PGD,0.7,18.941176470588236,17.0,0,45
sciences,LG,FGSM,0.8,PGD,0.8,18.941176470588236,17.0,0,45
sciences,LG,FGSM,0.8,PGD,0.9,18.941176470588236,17.0,0,45
sciences,LG,FGSM,0.8,PGD,1.0,18.941176470588236,17.0,0,45
sciences,MOTO,FGSM,0.8,PGD,0.1,5.389705882352941,4.0,0,51
sciences,MOTO,FGSM,0.8,PGD,0.2,18.477941176470587,16.5,0,55
sciences,MOTO,FGSM,0.8,PGD,0.3,19.03676470588235,17.0,0,50
sciences,MOTO,FGSM,0.8,PGD,0.4,18.941176470588236,17.0,0,45
sciences,MOTO,FGSM,0.8,PGD,0.5,18.941176470588236,17.0,0,45
sciences,MOTO,FGSM,0.8,PGD,0.6,18.941176470588236,17.0,0,45
sciences,MOTO,FGSM,0.8,PGD,0.7,18.941176470588236,17.0,0,45
sciences,MOTO,FGSM,0.8,PGD,0.8,18.941176470588236,17.0,0,45
sciences,MOTO,FGSM,0.8,PGD,0.9,18.941176470588236,17.0,0,45
sciences,MOTO,FGSM,0.8,PGD,1.0,18.941176470588236,17.0,0,45
sciences,OP3,FGSM,0.8,PGD,0.1,10.639705882352942,7.0,0,58
sciences,OP3,FGSM,0.8,PGD,0.2,19.477941176470587,16.5,0,50
sciences,OP3,FGSM,0.8,PGD,0.3,19.360294117647058,17.0,0,58
sciences,OP3,FGSM,0.8,PGD,0.4,18.96323529411765,17.0,0,49
sciences,OP3,FGSM,0.8,PGD,0.5,18.96323529411765,17.0,0,49
sciences,OP3,FGSM,0.8,PGD,0.6,18.96323529411765,17.0,0,49
sciences,OP3,FGSM,0.8,PGD,0.7,18.96323529411765,17.0,0,49
sciences,OP3,FGSM,0.8,PGD,0.8,18.96323529411765,17.0,0,49
sciences,OP3,FGSM,0.8,PGD,0.9,18.96323529411765,17.0,0,49
sciences,OP3,FGSM,0.8,PGD,1.0,18.96323529411765,17.0,0,49
sciences,S7,FGSM,0.8,PGD,0.1,13.367647058823529,10.0,0,56
sciences,S7,FGSM,0.8,PGD,0.2,18.86764705882353,17.0,0,45
sciences,S7,FGSM,0.8,PGD,0.3,18.779411764705884,17.0,0,53
sciences,S7,FGSM,0.8,PGD,0.4,18.941176470588236,17.0,0,45
sciences,S7,FGSM,0.8,PGD,0.5,18.941176470588236,17.0,0,45
sciences,S7,FGSM,0.8,PGD,0.6,18.941176470588236,17.0,0,45
sciences,S7,FGSM,0.8,PGD,0.7,18.941176470588236,17.0,0,45
sciences,S7,FGSM,0.8,PGD,0.8,18.941176470588236,17.0,0,45
sciences,S7,FGSM,0.8,PGD,0.9,18.941176470588236,17.0,0,45
sciences,S7,FGSM,0.8,PGD,1.0,18.941176470588236,17.0,0,45
sciences,BLU,FGSM,0.9,PGD,0.1,12.779411764705882,8.0,0,58
sciences,BLU,FGSM,0.9,PGD,0.2,18.044117647058822,17.0,1,49
sciences,BLU,FGSM,0.9,PGD,0.3,18.50735294117647,16.0,0,51
sciences,BLU,FGSM,0.9,PGD,0.4,18.99264705882353,17.0,0,45
sciences,BLU,FGSM,0.9,PGD,0.5,18.99264705882353,17.0,0,45
sciences,BLU,FGSM,0.9,PGD,0.6,18.99264705882353,17.0,0,45
sciences,BLU,FGSM,0.9,PGD,0.7,18.99264705882353,17.0,0,45
sciences,BLU,FGSM,0.9,PGD,0.8,18.99264705882353,17.0,0,45
sciences,BLU,FGSM,0.9,PGD,0.9,18.99264705882353,17.0,0,45
sciences,BLU,FGSM,0.9,PGD,1.0,18.99264705882353,17.0,0,45
sciences,HTC,FGSM,0.9,PGD,0.1,12.617647058823529,9.0,0,48
sciences,HTC,FGSM,0.9,PGD,0.2,18.99264705882353,17.0,0,52
sciences,HTC,FGSM,0.9,PGD,0.3,18.941176470588236,17.0,0,45
sciences,HTC,FGSM,0.9,PGD,0.4,18.941176470588236,17.0,0,45
sciences,HTC,FGSM,0.9,PGD,0.5,18.941176470588236,17.0,0,45
sciences,HTC,FGSM,0.9,PGD,0.6,18.941176470588236,17.0,0,45
sciences,HTC,FGSM,0.9,PGD,0.7,18.941176470588236,17.0,0,45
sciences,HTC,FGSM,0.9,PGD,0.8,18.941176470588236,17.0,0,45
sciences,HTC,FGSM,0.9,PGD,0.9,18.941176470588236,17.0,0,45
sciences,HTC,FGSM,0.9,PGD,1.0,18.941176470588236,17.0,0,45
sciences,LG,FGSM,0.9,PGD,0.1,14.558823529411764,10.0,0,41
sciences,LG,FGSM,0.9,PGD,0.2,18.227941176470587,16.5,0,45
sciences,LG,FGSM,0.9,PGD,0.3,18.683823529411764,17.0,0,45
sciences,LG,FGSM,0.9,PGD,0.4,18.941176470588236,17.0,0,45
sciences,LG,FGSM,0.9,PGD,0.5,18.941176470588236,17.0,0,45
sciences,LG,FGSM,0.9,PGD,0.6,18.941176470588236,17.0,0,45
sciences,LG,FGSM,0.9,PGD,0.7,18.941176470588236,17.0,0,45
sciences,LG,FGSM,0.9,PGD,0.8,18.941176470588236,17.0,0,45
sciences,LG,FGSM,0.9,PGD,0.9,18.941176470588236,17.0,0,45
sciences,LG,FGSM,0.9,PGD,1.0,18.941176470588236,17.0,0,45
sciences,MOTO,FGSM,0.9,PGD,0.1,5.389705882352941,4.0,0,51
sciences,MOTO,FGSM,0.9,PGD,0.2,18.477941176470587,16.5,0,55
sciences,MOTO,FGSM,0.9,PGD,0.3,19.03676470588235,17.0,0,50
sciences,MOTO,FGSM,0.9,PGD,0.4,18.941176470588236,17.0,0,45
sciences,MOTO,FGSM,0.9,PGD,0.5,18.941176470588236,17.0,0,45
sciences,MOTO,FGSM,0.9,PGD,0.6,18.941176470588236,17.0,0,45
sciences,MOTO,FGSM,0.9,PGD,0.7,18.941176470588236,17.0,0,45
sciences,MOTO,FGSM,0.9,PGD,0.8,18.941176470588236,17.0,0,45
sciences,MOTO,FGSM,0.9,PGD,0.9,18.941176470588236,17.0,0,45
sciences,MOTO,FGSM,0.9,PGD,1.0,18.941176470588236,17.0,0,45
sciences,OP3,FGSM,0.9,PGD,0.1,10.639705882352942,7.0,0,58
sciences,OP3,FGSM,0.9,PGD,0.2,19.477941176470587,16.5,0,50
sciences,OP3,FGSM,0.9,PGD,0.3,19.360294117647058,17.0,0,58
sciences,OP3,FGSM,0.9,PGD,0.4,18.96323529411765,17.0,0,49
sciences,OP3,FGSM,0.9,PGD,0.5,18.96323529411765,17.0,0,49
sciences,OP3,FGSM,0.9,PGD,0.6,18.96323529411765,17.0,0,49
sciences,OP3,FGSM,0.9,PGD,0.7,18.96323529411765,17.0,0,49
sciences,OP3,FGSM,0.9,PGD,0.8,18.96323529411765,17.0,0,49
sciences,OP3,FGSM,0.9,PGD,0.9,18.96323529411765,17.0,0,49
sciences,OP3,FGSM,0.9,PGD,1.0,18.96323529411765,17.0,0,49
sciences,S7,FGSM,0.9,PGD,0.1,13.367647058823529,10.0,0,56
sciences,S7,FGSM,0.9,PGD,0.2,18.86764705882353,17.0,0,45
sciences,S7,FGSM,0.9,PGD,0.3,18.779411764705884,17.0,0,53
sciences,S7,FGSM,0.9,PGD,0.4,18.941176470588236,17.0,0,45
sciences,S7,FGSM,0.9,PGD,0.5,18.941176470588236,17.0,0,45
sciences,S7,FGSM,0.9,PGD,0.6,18.941176470588236,17.0,0,45
sciences,S7,FGSM,0.9,PGD,0.7,18.941176470588236,17.0,0,45
sciences,S7,FGSM,0.9,PGD,0.8,18.941176470588236,17.0,0,45
sciences,S7,FGSM,0.9,PGD,0.9,18.941176470588236,17.0,0,45
sciences,S7,FGSM,0.9,PGD,1.0,18.941176470588236,17.0,0,45
sciences,BLU,FGSM,1.0,PGD,0.1,12.779411764705882,8.0,0,58
sciences,BLU,FGSM,1.0,PGD,0.2,18.044117647058822,17.0,1,49
sciences,BLU,FGSM,1.0,PGD,0.3,18.50735294117647,16.0,0,51
sciences,BLU,FGSM,1.0,PGD,0.4,18.99264705882353,17.0,0,45
sciences,BLU,FGSM,1.0,PGD,0.5,18.99264705882353,17.0,0,45
sciences,BLU,FGSM,1.0,PGD,0.6,18.99264705882353,17.0,0,45
sciences,BLU,FGSM,1.0,PGD,0.7,18.99264705882353,17.0,0,45
sciences,BLU,FGSM,1.0,PGD,0.8,18.99264705882353,17.0,0,45
sciences,BLU,FGSM,1.0,PGD,0.9,18.99264705882353,17.0,0,45
sciences,BLU,FGSM,1.0,PGD,1.0,18.99264705882353,17.0,0,45
sciences,HTC,FGSM,1.0,PGD,0.1,12.617647058823529,9.0,0,48
sciences,HTC,FGSM,1.0,PGD,0.2,18.99264705882353,17.0,0,52
sciences,HTC,FGSM,1.0,PGD,0.3,18.941176470588236,17.0,0,45
sciences,HTC,FGSM,1.0,PGD,0.4,18.941176470588236,17.0,0,45
sciences,HTC,FGSM,1.0,PGD,0.5,18.941176470588236,17.0,0,45
sciences,HTC,FGSM,1.0,PGD,0.6,18.941176470588236,17.0,0,45
sciences,HTC,FGSM,1.0,PGD,0.7,18.941176470588236,17.0,0,45
sciences,HTC,FGSM,1.0,PGD,0.8,18.941176470588236,17.0,0,45
sciences,HTC,FGSM,1.0,PGD,0.9,18.941176470588236,17.0,0,45
sciences,HTC,FGSM,1.0,PGD,1.0,18.941176470588236,17.0,0,45
sciences,LG,FGSM,1.0,PGD,0.1,14.558823529411764,10.0,0,41
sciences,LG,FGSM,1.0,PGD,0.2,18.227941176470587,16.5,0,45
sciences,LG,FGSM,1.0,PGD,0.3,18.683823529411764,17.0,0,45
sciences,LG,FGSM,1.0,PGD,0.4,18.941176470588236,17.0,0,45
sciences,LG,FGSM,1.0,PGD,0.5,18.941176470588236,17.0,0,45
sciences,LG,FGSM,1.0,PGD,0.6,18.941176470588236,17.0,0,45
sciences,LG,FGSM,1.0,PGD,0.7,18.941176470588236,17.0,0,45
sciences,LG,FGSM,1.0,PGD,0.8,18.941176470588236,17.0,0,45
sciences,LG,FGSM,1.0,PGD,0.9,18.941176470588236,17.0,0,45
sciences,LG,FGSM,1.0,PGD,1.0,18.941176470588236,17.0,0,45
sciences,MOTO,FGSM,1.0,PGD,0.1,5.389705882352941,4.0,0,51
sciences,MOTO,FGSM,1.0,PGD,0.2,18.477941176470587,16.5,0,55
sciences,MOTO,FGSM,1.0,PGD,0.3,19.03676470588235,17.0,0,50
sciences,MOTO,FGSM,1.0,PGD,0.4,18.941176470588236,17.0,0,45
sciences,MOTO,FGSM,1.0,PGD,0.5,18.941176470588236,17.0,0,45
sciences,MOTO,FGSM,1.0,PGD,0.6,18.941176470588236,17.0,0,45
sciences,MOTO,FGSM,1.0,PGD,0.7,18.941176470588236,17.0,0,45
sciences,MOTO,FGSM,1.0,PGD,0.8,18.941176470588236,17.0,0,45
sciences,MOTO,FGSM,1.0,PGD,0.9,18.941176470588236,17.0,0,45
sciences,MOTO,FGSM,1.0,PGD,1.0,18.941176470588236,17.0,0,45
sciences,OP3,FGSM,1.0,PGD,0.1,10.639705882352942,7.0,0,58
sciences,OP3,FGSM,1.0,PGD,0.2,19.477941176470587,16.5,0,50
sciences,OP3,FGSM,1.0,PGD,0.3,19.360294117647058,17.0,0,58
sciences,OP3,FGSM,1.0,PGD,0.4,18.96323529411765,17.0,0,49
sciences,OP3,FGSM,1.0,PGD,0.5,18.96323529411765,17.0,0,49
sciences,OP3,FGSM,1.0,PGD,0.6,18.96323529411765,17.0,0,49
sciences,OP3,FGSM,1.0,PGD,0.7,18.96323529411765,17.0,0,49
sciences,OP3,FGSM,1.0,PGD,0.8,18.96323529411765,17.0,0,49
sciences,OP3,FGSM,1.0,PGD,0.9,18.96323529411765,17.0,0,49
sciences,OP3,FGSM,1.0,PGD,1.0,18.96323529411765,17.0,0,49
sciences,S7,FGSM,1.0,PGD,0.1,13.367647058823529,10.0,0,56
sciences,S7,FGSM,1.0,PGD,0.2,18.86764705882353,17.0,0,45
sciences,S7,FGSM,1.0,PGD,0.3,18.779411764705884,17.0,0,53
sciences,S7,FGSM,1.0,PGD,0.4,18.941176470588236,17.0,0,45
sciences,S7,FGSM,1.0,PGD,0.5,18.941176470588236,17.0,0,45
sciences,S7,FGSM,1.0,PGD,0.6,18.941176470588236,17.0,0,45
sciences,S7,FGSM,1.0,PGD,0.7,18.941176470588236,17.0,0,45
sciences,S7,FGSM,1.0,PGD,0.8,18.941176470588236,17.0,0,45
sciences,S7,FGSM,1.0,PGD,0.9,18.941176470588236,17.0,0,45
sciences,S7,FGSM,1.0,PGD,1.0,18.941176470588236,17.0,0,45
sciences,BLU,PGD,0.1,PGD,0.1,15.198529411764707,15.0,0,45
sciences,BLU,PGD,0.1,PGD,0.2,18.21323529411765,16.5,0,43
sciences,BLU,PGD,0.1,PGD,0.3,18.323529411764707,17.0,0,43
sciences,BLU,PGD,0.1,PGD,0.4,18.323529411764707,17.0,0,43
sciences,BLU,PGD,0.1,PGD,0.5,18.323529411764707,17.0,0,43
sciences,BLU,PGD,0.1,PGD,0.6,18.323529411764707,17.0,0,43
sciences,BLU,PGD,0.1,PGD,0.7,18.323529411764707,17.0,0,43
sciences,BLU,PGD,0.1,PGD,0.8,18.323529411764707,17.0,0,43
sciences,BLU,PGD,0.1,PGD,0.9,18.323529411764707,17.0,0,43
sciences,BLU,PGD,0.1,PGD,1.0,18.323529411764707,17.0,0,43
sciences,HTC,PGD,0.1,PGD,0.1,9.257352941176471,5.0,0,67
sciences,HTC,PGD,0.1,PGD,0.2,28.823529411764707,25.5,0,67
sciences,HTC,PGD,0.1,PGD,0.3,33.5,33.5,0,67
sciences,HTC,PGD,0.1,PGD,0.4,33.5,33.5,0,67
sciences,HTC,PGD,0.1,PGD,0.5,33.5,33.5,0,67
sciences,HTC,PGD,0.1,PGD,0.6,33.5,33.5,0,67
sciences,HTC,PGD,0.1,PGD,0.7,33.5,33.5,0,67
sciences,HTC,PGD,0.1,PGD,0.8,33.5,33.5,0,67
sciences,HTC,PGD,0.1,PGD,0.9,33.5,33.5,0,67
sciences,HTC,PGD,0.1,PGD,1.0,33.5,33.5,0,67
sciences,LG,PGD,0.1,PGD,0.1,7.330882352941177,4.0,0,67
sciences,LG,PGD,0.1,PGD,0.2,25.78676470588235,20.0,0,67
sciences,LG,PGD,0.1,PGD,0.3,33.18382352941177,33.0,0,67
sciences,LG,PGD,0.1,PGD,0.4,33.5,33.5,0,67
sciences,LG,PGD,0.1,PGD,0.5,33.5,33.5,0,67
sciences,LG,PGD,0.1,PGD,0.6,33.5,33.5,0,67
sciences,LG,PGD,0.1,PGD,0.7,33.5,33.5,0,67
sciences,LG,PGD,0.1,PGD,0.8,33.5,33.5,0,67
sciences,LG,PGD,0.1,PGD,0.9,33.5,33.5,0,67
sciences,LG,PGD,0.1,PGD,1.0,33.5,33.5,0,67
sciences,MOTO,PGD,0.1,PGD,0.1,13.852941176470589,10.5,0,62
sciences,MOTO,PGD,0.1,PGD,0.2,18.00735294117647,16.5,0,43
sciences,MOTO,PGD,0.1,PGD,0.3,18.323529411764707,17.0,0,43
sciences,MOTO,PGD,0.1,PGD,0.4,18.323529411764707,17.0,0,43
sciences,MOTO,PGD,0.1,PGD,0.5,18.323529411764707,17.0,0,43
sciences,MOTO,PGD,0.1,PGD,0.6,18.323529411764707,17.0,0,43
sciences,MOTO,PGD,0.1,PGD,0.7,18.323529411764707,17.0,0,43
sciences,MOTO,PGD,0.1,PGD,0.8,18.323529411764707,17.0,0,43
sciences,MOTO,PGD,0.1,PGD,0.9,18.323529411764707,17.0,0,43
sciences,MOTO,PGD,0.1,PGD,1.0,18.323529411764707,17.0,0,43
sciences,OP3,PGD,0.1,PGD,0.1,14.139705882352942,11.0,0,50
sciences,OP3,PGD,0.1,PGD,0.2,18.169117647058822,17.0,0,43
sciences,OP3,PGD,0.1,PGD,0.3,18.323529411764707,17.0,0,43
sciences,OP3,PGD,0.1,PGD,0.4,18.323529411764707,17.0,0,43
sciences,OP3,PGD,0.1,PGD,0.5,18.323529411764707,17.0,0,43
sciences,OP3,PGD,0.1,PGD,0.6,18.323529411764707,17.0,0,43
sciences,OP3,PGD,0.1,PGD,0.7,18.323529411764707,17.0,0,43
sciences,OP3,PGD,0.1,PGD,0.8,18.323529411764707,17.0,0,43
sciences,OP3,PGD,0.1,PGD,0.9,18.323529411764707,17.0,0,43
sciences,OP3,PGD,0.1,PGD,1.0,18.323529411764707,17.0,0,43
sciences,S7,PGD,0.1,PGD,0.1,4.272058823529412,3.0,0,21
sciences,S7,PGD,0.1,PGD,0.2,32.13235294117647,31.0,0,67
sciences,S7,PGD,0.1,PGD,0.3,33.5,33.5,0,67
sciences,S7,PGD,0.1,PGD,0.4,33.5,33.5,0,67
sciences,S7,PGD,0.1,PGD,0.5,33.5,33.5,0,67
sciences,S7,PGD,0.1,PGD,0.6,33.5,33.5,0,67
sciences,S7,PGD,0.1,PGD,0.7,33.5,33.5,0,67
sciences,S7,PGD,0.1,PGD,0.8,33.5,33.5,0,67
sciences,S7,PGD,0.1,PGD,0.9,33.5,33.5,0,67
sciences,S7,PGD,0.1,PGD,1.0,33.5,33.5,0,67
sciences,BLU,PGD,0.2,PGD,0.1,14.176470588235293,14.0,0,44
sciences,BLU,PGD,0.2,PGD,0.2,18.330882352941178,18.0,0,43
sciences,BLU,PGD,0.2,PGD,0.3,18.323529411764707,17.0,0,43
sciences,BLU,PGD,0.2,PGD,0.4,18.323529411764707,17.0,0,43
sciences,BLU,PGD,0.2,PGD,0.5,18.323529411764707,17.0,0,43
sciences,BLU,PGD,0.2,PGD,0.6,18.323529411764707,17.0,0,43
sciences,BLU,PGD,0.2,PGD,0.7,18.323529411764707,17.0,0,43
sciences,BLU,PGD,0.2,PGD,0.8,18.323529411764707,17.0,0,43
sciences,BLU,PGD,0.2,PGD,0.9,18.323529411764707,17.0,0,43
sciences,BLU,PGD,0.2,PGD,1.0,18.323529411764707,17.0,0,43
sciences,HTC,PGD,0.2,PGD,0.1,11.860294117647058,4.5,0,55
sciences,HTC,PGD,0.2,PGD,0.2,18.639705882352942,9.5,0,59
sciences,HTC,PGD,0.2,PGD,0.3,25.66176470588235,24.5,0,60
sciences,HTC,PGD,0.2,PGD,0.4,26.71323529411765,26.0,0,59
sciences,HTC,PGD,0.2,PGD,0.5,26.71323529411765,26.0,0,59
sciences,HTC,PGD,0.2,PGD,0.6,26.71323529411765,26.0,0,59
sciences,HTC,PGD,0.2,PGD,0.7,26.71323529411765,26.0,0,59
sciences,HTC,PGD,0.2,PGD,0.8,26.71323529411765,26.0,0,59
sciences,HTC,PGD,0.2,PGD,0.9,26.71323529411765,26.0,0,59
sciences,HTC,PGD,0.2,PGD,1.0,26.71323529411765,26.0,0,59
sciences,LG,PGD,0.2,PGD,0.1,7.235294117647059,2.0,0,59
sciences,LG,PGD,0.2,PGD,0.2,19.99264705882353,9.0,0,62
sciences,LG,PGD,0.2,PGD,0.3,26.669117647058822,25.0,1,60
sciences,LG,PGD,0.2,PGD,0.4,26.78676470588235,26.0,0,59
sciences,LG,PGD,0.2,PGD,0.5,26.78676470588235,26.0,0,59
sciences,LG,PGD,0.2,PGD,0.6,26.78676470588235,26.0,0,59
sciences,LG,PGD,0.2,PGD,0.7,26.78676470588235,26.0,0,59
sciences,LG,PGD,0.2,PGD,0.8,26.78676470588235,26.0,0,59
sciences,LG,PGD,0.2,PGD,0.9,26.78676470588235,26.0,0,59
sciences,LG,PGD,0.2,PGD,1.0,26.78676470588235,26.0,0,59
sciences,MOTO,PGD,0.2,PGD,0.1,13.411764705882353,11.0,0,66
sciences,MOTO,PGD,0.2,PGD,0.2,14.654411764705882,15.0,0,36
sciences,MOTO,PGD,0.2,PGD,0.3,18.03676470588235,17.0,0,43
sciences,MOTO,PGD,0.2,PGD,0.4,18.191176470588236,17.0,0,43
sciences,MOTO,PGD,0.2,PGD,0.5,18.191176470588236,17.0,0,43
sciences,MOTO,PGD,0.2,PGD,0.6,18.191176470588236,17.0,0,43
sciences,MOTO,PGD,0.2,PGD,0.7,18.191176470588236,17.0,0,43
sciences,MOTO,PGD,0.2,PGD,0.8,18.191176470588236,17.0,0,43
sciences,MOTO,PGD,0.2,PGD,0.9,18.191176470588236,17.0,0,43
sciences,MOTO,PGD,0.2,PGD,1.0,18.191176470588236,17.0,0,43
sciences,OP3,PGD,0.2,PGD,0.1,13.404411764705882,11.0,0,66
sciences,OP3,PGD,0.2,PGD,0.2,21.5,17.0,0,66
sciences,OP3,PGD,0.2,PGD,0.3,17.139705882352942,16.5,0,43
sciences,OP3,PGD,0.2,PGD,0.4,18.058823529411764,17.0,0,43
sciences,OP3,PGD,0.2,PGD,0.5,18.058823529411764,17.0,0,43
sciences,OP3,PGD,0.2,PGD,0.6,18.058823529411764,17.0,0,43
sciences,OP3,PGD,0.2,PGD,0.7,18.058823529411764,17.0,0,43
sciences,OP3,PGD,0.2,PGD,0.8,18.058823529411764,17.0,0,43
sciences,OP3,PGD,0.2,PGD,0.9,18.058823529411764,17.0,0,43
sciences,OP3,PGD,0.2,PGD,1.0,18.058823529411764,17.0,0,43
sciences,S7,PGD,0.2,PGD,0.1,11.492647058823529,5.0,0,55
sciences,S7,PGD,0.2,PGD,0.2,18.875,11.0,0,59
sciences,S7,PGD,0.2,PGD,0.3,24.529411764705884,23.0,0,55
sciences,S7,PGD,0.2,PGD,0.4,26.61764705882353,25.0,0,60
sciences,S7,PGD,0.2,PGD,0.5,26.61764705882353,25.0,0,60
sciences,S7,PGD,0.2,PGD,0.6,26.61764705882353,25.0,0,60
sciences,S7,PGD,0.2,PGD,0.7,26.61764705882353,25.0,0,60
sciences,S7,PGD,0.2,PGD,0.8,26.61764705882353,25.0,0,60
sciences,S7,PGD,0.2,PGD,0.9,26.61764705882353,25.0,0,60
sciences,S7,PGD,0.2,PGD,1.0,26.61764705882353,25.0,0,60
sciences,BLU,PGD,0.3,PGD,0.1,13.838235294117647,12.5,0,43
sciences,BLU,PGD,0.3,PGD,0.2,17.948529411764707,17.5,0,42
sciences,BLU,PGD,0.3,PGD,0.3,18.323529411764707,17.0,0,43
sciences,BLU,PGD,0.3,PGD,0.4,18.323529411764707,17.0,0,43
sciences,BLU,PGD,0.3,PGD,0.5,18.323529411764707,17.0,0,43
sciences,BLU,PGD,0.3,PGD,0.6,18.323529411764707,17.0,0,43
sciences,BLU,PGD,0.3,PGD,0.7,18.323529411764707,17.0,0,43
sciences,BLU,PGD,0.3,PGD,0.8,18.323529411764707,17.0,0,43
sciences,BLU,PGD,0.3,PGD,0.9,18.323529411764707,17.0,0,43
sciences,BLU,PGD,0.3,PGD,1.0,18.323529411764707,17.0,0,43
sciences,HTC,PGD,0.3,PGD,0.1,15.345588235294118,6.5,0,67
sciences,HTC,PGD,0.3,PGD,0.2,20.926470588235293,11.5,0,62
sciences,HTC,PGD,0.3,PGD,0.3,24.485294117647058,22.0,0,62
sciences,HTC,PGD,0.3,PGD,0.4,27.66176470588235,27.0,0,67
sciences,HTC,PGD,0.3,PGD,0.5,27.66176470588235,27.0,0,67
sciences,HTC,PGD,0.3,PGD,0.6,27.66176470588235,27.0,0,67
sciences,HTC,PGD,0.3,PGD,0.7,27.66176470588235,27.0,0,67
sciences,HTC,PGD,0.3,PGD,0.8,27.66176470588235,27.0,0,67
sciences,HTC,PGD,0.3,PGD,0.9,27.66176470588235,27.0,0,67
sciences,HTC,PGD,0.3,PGD,1.0,27.66176470588235,27.0,0,67
sciences,LG,PGD,0.3,PGD,0.1,13.919117647058824,5.5,0,63
sciences,LG,PGD,0.3,PGD,0.2,18.860294117647058,7.5,0,62
sciences,LG,PGD,0.3,PGD,0.3,26.647058823529413,27.0,0,62
sciences,LG,PGD,0.3,PGD,0.4,27.433823529411764,26.5,0,60
sciences,LG,PGD,0.3,PGD,0.5,27.433823529411764,26.5,0,60
sciences,LG,PGD,0.3,PGD,0.6,27.433823529411764,26.5,0,60
sciences,LG,PGD,0.3,PGD,0.7,27.433823529411764,26.5,0,60
sciences,LG,PGD,0.3,PGD,0.8,27.433823529411764,26.5,0,60
sciences,LG,PGD,0.3,PGD,0.9,27.433823529411764,26.5,0,60
sciences,LG,PGD,0.3,PGD,1.0,27.433823529411764,26.5,0,60
sciences,MOTO,PGD,0.3,PGD,0.1,13.713235294117647,11.0,0,65
sciences,MOTO,PGD,0.3,PGD,0.2,13.948529411764707,14.0,0,39
sciences,MOTO,PGD,0.3,PGD,0.3,18.183823529411764,17.0,0,63
sciences,MOTO,PGD,0.3,PGD,0.4,18.051470588235293,17.0,0,43
sciences,MOTO,PGD,0.3,PGD,0.5,18.051470588235293,17.0,0,43
sciences,MOTO,PGD,0.3,PGD,0.6,18.051470588235293,17.0,0,43
sciences,MOTO,PGD,0.3,PGD,0.7,18.051470588235293,17.0,0,43
sciences,MOTO,PGD,0.3,PGD,0.8,18.051470588235293,17.0,0,43
sciences,MOTO,PGD,0.3,PGD,0.9,18.051470588235293,17.0,0,43
sciences,MOTO,PGD,0.3,PGD,1.0,18.051470588235293,17.0,0,43
sciences,OP3,PGD,0.3,PGD,0.1,12.345588235294118,10.0,0,64
sciences,OP3,PGD,0.3,PGD,0.2,15.948529411764707,14.0,0,64
sciences,OP3,PGD,0.3,PGD,0.3,16.875,15.0,0,63
sciences,OP3,PGD,0.3,PGD,0.4,17.404411764705884,17.0,0,43
sciences,OP3,PGD,0.3,PGD,0.5,17.404411764705884,17.0,0,43
sciences,OP3,PGD,0.3,PGD,0.6,17.404411764705884,17.0,0,43
sciences,OP3,PGD,0.3,PGD,0.7,17.404411764705884,17.0,0,43
sciences,OP3,PGD,0.3,PGD,0.8,17.404411764705884,17.0,0,43
sciences,OP3,PGD,0.3,PGD,0.9,17.404411764705884,17.0,0,43
sciences,OP3,PGD,0.3,PGD,1.0,17.404411764705884,17.0,0,43
sciences,S7,PGD,0.3,PGD,0.1,10.919117647058824,6.0,0,65
sciences,S7,PGD,0.3,PGD,0.2,24.933823529411764,19.5,0,62
sciences,S7,PGD,0.3,PGD,0.3,25.544117647058822,25.0,0,62
sciences,S7,PGD,0.3,PGD,0.4,26.75,27.5,0,60
sciences,S7,PGD,0.3,PGD,0.5,26.75,27.5,0,60
sciences,S7,PGD,0.3,PGD,0.6,26.75,27.5,0,60
sciences,S7,PGD,0.3,PGD,0.7,26.75,27.5,0,60
sciences,S7,PGD,0.3,PGD,0.8,26.75,27.5,0,60
sciences,S7,PGD,0.3,PGD,0.9,26.75,27.5,0,60
sciences,S7,PGD,0.3,PGD,1.0,26.75,27.5,0,60
sciences,BLU,PGD,0.4,PGD,0.1,13.095588235294118,11.5,0,64
sciences,BLU,PGD,0.4,PGD,0.2,17.83823529411765,17.0,0,42
sciences,BLU,PGD,0.4,PGD,0.3,18.323529411764707,17.0,0,43
sciences,BLU,PGD,0.4,PGD,0.4,18.323529411764707,17.0,0,43
sciences,BLU,PGD,0.4,PGD,0.5,18.323529411764707,17.0,0,43
sciences,BLU,PGD,0.4,PGD,0.6,18.323529411764707,17.0,0,43
sciences,BLU,PGD,0.4,PGD,0.7,18.323529411764707,17.0,0,43
sciences,BLU,PGD,0.4,PGD,0.8,18.323529411764707,17.0,0,43
sciences,BLU,PGD,0.4,PGD,0.9,18.323529411764707,17.0,0,43
sciences,BLU,PGD,0.4,PGD,1.0,18.323529411764707,17.0,0,43
sciences,HTC,PGD,0.4,PGD,0.1,10.977941176470589,7.0,0,62
sciences,HTC,PGD,0.4,PGD,0.2,28.602941176470587,27.5,0,64
sciences,HTC,PGD,0.4,PGD,0.3,26.63235294117647,27.5,0,57
sciences,HTC,PGD,0.4,PGD,0.4,24.772058823529413,22.0,0,62
sciences,HTC,PGD,0.4,PGD,0.5,24.764705882352942,22.0,0,62
sciences,HTC,PGD,0.4,PGD,0.6,24.764705882352942,22.0,0,62
sciences,HTC,PGD,0.4,PGD,0.7,24.764705882352942,22.0,0,62
sciences,HTC,PGD,0.4,PGD,0.8,24.764705882352942,22.0,0,62
sciences,HTC,PGD,0.4,PGD,0.9,24.764705882352942,22.0,0,62
sciences,HTC,PGD,0.4,PGD,1.0,24.764705882352942,22.0,0,62
sciences,LG,PGD,0.4,PGD,0.1,12.970588235294118,7.0,0,64
sciences,LG,PGD,0.4,PGD,0.2,28.551470588235293,25.0,0,62
sciences,LG,PGD,0.4,PGD,0.3,25.66176470588235,24.0,0,59
sciences,LG,PGD,0.4,PGD,0.4,25.066176470588236,23.0,0,62
sciences,LG,PGD,0.4,PGD,0.5,25.066176470588236,23.0,0,62
sciences,LG,PGD,0.4,PGD,0.6,25.066176470588236,23.0,0,62
sciences,LG,PGD,0.4,PGD,0.7,25.066176470588236,23.0,0,62
sciences,LG,PGD,0.4,PGD,0.8,25.066176470588236,23.0,0,62
sciences,LG,PGD,0.4,PGD,0.9,25.066176470588236,23.0,0,62
sciences,LG,PGD,0.4,PGD,1.0,25.066176470588236,23.0,0,62
sciences,MOTO,PGD,0.4,PGD,0.1,12.169117647058824,9.5,0,63
sciences,MOTO,PGD,0.4,PGD,0.2,15.588235294117647,15.0,0,39
sciences,MOTO,PGD,0.4,PGD,0.3,18.058823529411764,17.0,0,43
sciences,MOTO,PGD,0.4,PGD,0.4,18.058823529411764,17.0,0,43
sciences,MOTO,PGD,0.4,PGD,0.5,18.058823529411764,17.0,0,43
sciences,MOTO,PGD,0.4,PGD,0.6,18.058823529411764,17.0,0,43
sciences,MOTO,PGD,0.4,PGD,0.7,18.058823529411764,17.0,0,43
sciences,MOTO,PGD,0.4,PGD,0.8,18.058823529411764,17.0,0,43
sciences,MOTO,PGD,0.4,PGD,0.9,18.058823529411764,17.0,0,43
sciences,MOTO,PGD,0.4,PGD,1.0,18.058823529411764,17.0,0,43
sciences,OP3,PGD,0.4,PGD,0.1,11.198529411764707,10.0,0,43
sciences,OP3,PGD,0.4,PGD,0.2,14.669117647058824,15.0,0,43
sciences,OP3,PGD,0.4,PGD,0.3,14.485294117647058,15.0,0,29
sciences,OP3,PGD,0.4,PGD,0.4,14.485294117647058,15.0,0,29
sciences,OP3,PGD,0.4,PGD,0.5,14.485294117647058,15.0,0,29
sciences,OP3,PGD,0.4,PGD,0.6,14.485294117647058,15.0,0,29
sciences,OP3,PGD,0.4,PGD,0.7,14.485294117647058,15.0,0,29
sciences,OP3,PGD,0.4,PGD,0.8,14.485294117647058,15.0,0,29
sciences,OP3,PGD,0.4,PGD,0.9,14.485294117647058,15.0,0,29
sciences,OP3,PGD,0.4,PGD,1.0,14.485294117647058,15.0,0,29
sciences,S7,PGD,0.4,PGD,0.1,10.433823529411764,7.0,0,55
sciences,S7,PGD,0.4,PGD,0.2,29.03676470588235,27.5,0,64
sciences,S7,PGD,0.4,PGD,0.3,28.264705882352942,31.0,0,62
sciences,S7,PGD,0.4,PGD,0.4,24.948529411764707,25.0,0,67
sciences,S7,PGD,0.4,PGD,0.5,24.948529411764707,25.0,0,67
sciences,S7,PGD,0.4,PGD,0.6,24.948529411764707,25.0,0,67
sciences,S7,PGD,0.4,PGD,0.7,24.948529411764707,25.0,0,67
sciences,S7,PGD,0.4,PGD,0.8,24.948529411764707,25.0,0,67
sciences,S7,PGD,0.4,PGD,0.9,24.948529411764707,25.0,0,67
sciences,S7,PGD,0.4,PGD,1.0,24.948529411764707,25.0,0,67
sciences,BLU,PGD,0.5,PGD,0.1,13.095588235294118,11.5,0,64
sciences,BLU,PGD,0.5,PGD,0.2,17.83823529411765,17.0,0,42
sciences,BLU,PGD,0.5,PGD,0.3,18.323529411764707,17.0,0,43
sciences,BLU,PGD,0.5,PGD,0.4,18.323529411764707,17.0,0,43
sciences,BLU,PGD,0.5,PGD,0.5,18.323529411764707,17.0,0,43
sciences,BLU,PGD,0.5,PGD,0.6,18.323529411764707,17.0,0,43
sciences,BLU,PGD,0.5,PGD,0.7,18.323529411764707,17.0,0,43
sciences,BLU,PGD,0.5,PGD,0.8,18.323529411764707,17.0,0,43
sciences,BLU,PGD,0.5,PGD,0.9,18.323529411764707,17.0,0,43
sciences,BLU,PGD,0.5,PGD,1.0,18.323529411764707,17.0,0,43
sciences,HTC,PGD,0.5,PGD,0.1,10.977941176470589,7.0,0,62
sciences,HTC,PGD,0.5,PGD,0.2,28.602941176470587,27.5,0,64
sciences,HTC,PGD,0.5,PGD,0.3,26.63235294117647,27.5,0,57
sciences,HTC,PGD,0.5,PGD,0.4,24.772058823529413,22.0,0,62
sciences,HTC,PGD,0.5,PGD,0.5,24.772058823529413,22.0,0,62
sciences,HTC,PGD,0.5,PGD,0.6,24.772058823529413,22.0,0,62
sciences,HTC,PGD,0.5,PGD,0.7,24.772058823529413,22.0,0,62
sciences,HTC,PGD,0.5,PGD,0.8,24.772058823529413,22.0,0,62
sciences,HTC,PGD,0.5,PGD,0.9,24.772058823529413,22.0,0,62
sciences,HTC,PGD,0.5,PGD,1.0,24.772058823529413,22.0,0,62
sciences,LG,PGD,0.5,PGD,0.1,12.970588235294118,7.0,0,64
sciences,LG,PGD,0.5,PGD,0.2,28.551470588235293,25.0,0,62
sciences,LG,PGD,0.5,PGD,0.3,25.66176470588235,24.0,0,59
sciences,LG,PGD,0.5,PGD,0.4,25.066176470588236,23.0,0,62
sciences,LG,PGD,0.5,PGD,0.5,25.066176470588236,23.0,0,62
sciences,LG,PGD,0.5,PGD,0.6,25.066176470588236,23.0,0,62
sciences,LG,PGD,0.5,PGD,0.7,25.066176470588236,23.0,0,62
sciences,LG,PGD,0.5,PGD,0.8,25.066176470588236,23.0,0,62
sciences,LG,PGD,0.5,PGD,0.9,25.066176470588236,23.0,0,62
sciences,LG,PGD,0.5,PGD,1.0,25.066176470588236,23.0,0,62
sciences,MOTO,PGD,0.5,PGD,0.1,12.169117647058824,9.5,0,63
sciences,MOTO,PGD,0.5,PGD,0.2,15.588235294117647,15.0,0,39
sciences,MOTO,PGD,0.5,PGD,0.3,18.058823529411764,17.0,0,43
sciences,MOTO,PGD,0.5,PGD,0.4,18.058823529411764,17.0,0,43
sciences,MOTO,PGD,0.5,PGD,0.5,18.058823529411764,17.0,0,43
sciences,MOTO,PGD,0.5,PGD,0.6,18.058823529411764,17.0,0,43
sciences,MOTO,PGD,0.5,PGD,0.7,18.058823529411764,17.0,0,43
sciences,MOTO,PGD,0.5,PGD,0.8,18.058823529411764,17.0,0,43
sciences,MOTO,PGD,0.5,PGD,0.9,18.058823529411764,17.0,0,43
sciences,MOTO,PGD,0.5,PGD,1.0,18.058823529411764,17.0,0,43
sciences,OP3,PGD,0.5,PGD,0.1,11.198529411764707,10.0,0,43
sciences,OP3,PGD,0.5,PGD,0.2,14.669117647058824,15.0,0,43
sciences,OP3,PGD,0.5,PGD,0.3,14.485294117647058,15.0,0,29
sciences,OP3,PGD,0.5,PGD,0.4,14.485294117647058,15.0,0,29
sciences,OP3,PGD,0.5,PGD,0.5,14.485294117647058,15.0,0,29
sciences,OP3,PGD,0.5,PGD,0.6,14.485294117647058,15.0,0,29
sciences,OP3,PGD,0.5,PGD,0.7,14.485294117647058,15.0,0,29
sciences,OP3,PGD,0.5,PGD,0.8,14.485294117647058,15.0,0,29
sciences,OP3,PGD,0.5,PGD,0.9,14.485294117647058,15.0,0,29
sciences,OP3,PGD,0.5,PGD,1.0,14.485294117647058,15.0,0,29
sciences,S7,PGD,0.5,PGD,0.1,10.433823529411764,7.0,0,55
sciences,S7,PGD,0.5,PGD,0.2,29.03676470588235,27.5,0,64
sciences,S7,PGD,0.5,PGD,0.3,28.264705882352942,31.0,0,62
sciences,S7,PGD,0.5,PGD,0.4,24.948529411764707,25.0,0,67
sciences,S7,PGD,0.5,PGD,0.5,24.948529411764707,25.0,0,67
sciences,S7,PGD,0.5,PGD,0.6,24.948529411764707,25.0,0,67
sciences,S7,PGD,0.5,PGD,0.7,24.948529411764707,25.0,0,67
sciences,S7,PGD,0.5,PGD,0.8,24.948529411764707,25.0,0,67
sciences,S7,PGD,0.5,PGD,0.9,24.948529411764707,25.0,0,67
sciences,S7,PGD,0.5,PGD,1.0,24.948529411764707,25.0,0,67
sciences,BLU,PGD,0.6,PGD,0.1,13.095588235294118,11.5,0,64
sciences,BLU,PGD,0.6,PGD,0.2,17.83823529411765,17.0,0,42
sciences,BLU,PGD,0.6,PGD,0.3,18.323529411764707,17.0,0,43
sciences,BLU,PGD,0.6,PGD,0.4,18.323529411764707,17.0,0,43
sciences,BLU,PGD,0.6,PGD,0.5,18.323529411764707,17.0,0,43
sciences,BLU,PGD,0.6,PGD,0.6,18.323529411764707,17.0,0,43
sciences,BLU,PGD,0.6,PGD,0.7,18.323529411764707,17.0,0,43
sciences,BLU,PGD,0.6,PGD,0.8,18.323529411764707,17.0,0,43
sciences,BLU,PGD,0.6,PGD,0.9,18.323529411764707,17.0,0,43
sciences,BLU,PGD,0.6,PGD,1.0,18.323529411764707,17.0,0,43
sciences,HTC,PGD,0.6,PGD,0.1,10.977941176470589,7.0,0,62
sciences,HTC,PGD,0.6,PGD,0.2,28.602941176470587,27.5,0,64
sciences,HTC,PGD,0.6,PGD,0.3,26.63235294117647,27.5,0,57
sciences,HTC,PGD,0.6,PGD,0.4,24.772058823529413,22.0,0,62
sciences,HTC,PGD,0.6,PGD,0.5,24.772058823529413,22.0,0,62
sciences,HTC,PGD,0.6,PGD,0.6,24.772058823529413,22.0,0,62
sciences,HTC,PGD,0.6,PGD,0.7,24.772058823529413,22.0,0,62
sciences,HTC,PGD,0.6,PGD,0.8,24.772058823529413,22.0,0,62
sciences,HTC,PGD,0.6,PGD,0.9,24.772058823529413,22.0,0,62
sciences,HTC,PGD,0.6,PGD,1.0,24.772058823529413,22.0,0,62
sciences,LG,PGD,0.6,PGD,0.1,12.970588235294118,7.0,0,64
sciences,LG,PGD,0.6,PGD,0.2,28.551470588235293,25.0,0,62
sciences,LG,PGD,0.6,PGD,0.3,25.66176470588235,24.0,0,59
sciences,LG,PGD,0.6,PGD,0.4,25.066176470588236,23.0,0,62
sciences,LG,PGD,0.6,PGD,0.5,25.066176470588236,23.0,0,62
sciences,LG,PGD,0.6,PGD,0.6,25.066176470588236,23.0,0,62
sciences,LG,PGD,0.6,PGD,0.7,25.066176470588236,23.0,0,62
sciences,LG,PGD,0.6,PGD,0.8,25.066176470588236,23.0,0,62
sciences,LG,PGD,0.6,PGD,0.9,25.066176470588236,23.0,0,62
sciences,LG,PGD,0.6,PGD,1.0,25.066176470588236,23.0,0,62
sciences,MOTO,PGD,0.6,PGD,0.1,12.169117647058824,9.5,0,63
sciences,MOTO,PGD,0.6,PGD,0.2,15.588235294117647,15.0,0,39
sciences,MOTO,PGD,0.6,PGD,0.3,18.058823529411764,17.0,0,43
sciences,MOTO,PGD,0.6,PGD,0.4,18.058823529411764,17.0,0,43
sciences,MOTO,PGD,0.6,PGD,0.5,18.058823529411764,17.0,0,43
sciences,MOTO,PGD,0.6,PGD,0.6,18.058823529411764,17.0,0,43
sciences,MOTO,PGD,0.6,PGD,0.7,18.058823529411764,17.0,0,43
sciences,MOTO,PGD,0.6,PGD,0.8,18.058823529411764,17.0,0,43
sciences,MOTO,PGD,0.6,PGD,0.9,18.058823529411764,17.0,0,43
sciences,MOTO,PGD,0.6,PGD,1.0,18.058823529411764,17.0,0,43
sciences,OP3,PGD,0.6,PGD,0.1,11.198529411764707,10.0,0,43
sciences,OP3,PGD,0.6,PGD,0.2,14.669117647058824,15.0,0,43
sciences,OP3,PGD,0.6,PGD,0.3,14.485294117647058,15.0,0,29
sciences,OP3,PGD,0.6,PGD,0.4,14.485294117647058,15.0,0,29
sciences,OP3,PGD,0.6,PGD,0.5,14.485294117647058,15.0,0,29
sciences,OP3,PGD,0.6,PGD,0.6,14.485294117647058,15.0,0,29
sciences,OP3,PGD,0.6,PGD,0.7,14.485294117647058,15.0,0,29
sciences,OP3,PGD,0.6,PGD,0.8,14.485294117647058,15.0,0,29
sciences,OP3,PGD,0.6,PGD,0.9,14.485294117647058,15.0,0,29
sciences,OP3,PGD,0.6,PGD,1.0,14.485294117647058,15.0,0,29
sciences,S7,PGD,0.6,PGD,0.1,10.433823529411764,7.0,0,55
sciences,S7,PGD,0.6,PGD,0.2,29.03676470588235,27.5,0,64
sciences,S7,PGD,0.6,PGD,0.3,28.264705882352942,31.0,0,62
sciences,S7,PGD,0.6,PGD,0.4,24.948529411764707,25.0,0,67
sciences,S7,PGD,0.6,PGD,0.5,24.948529411764707,25.0,0,67
sciences,S7,PGD,0.6,PGD,0.6,24.948529411764707,25.0,0,67
sciences,S7,PGD,0.6,PGD,0.7,24.948529411764707,25.0,0,67
sciences,S7,PGD,0.6,PGD,0.8,24.948529411764707,25.0,0,67
sciences,S7,PGD,0.6,PGD,0.9,24.948529411764707,25.0,0,67
sciences,S7,PGD,0.6,PGD,1.0,24.948529411764707,25.0,0,67
sciences,BLU,PGD,0.7,PGD,0.1,13.095588235294118,11.5,0,64
sciences,BLU,PGD,0.7,PGD,0.2,17.83823529411765,17.0,0,42
sciences,BLU,PGD,0.7,PGD,0.3,18.323529411764707,17.0,0,43
sciences,BLU,PGD,0.7,PGD,0.4,18.323529411764707,17.0,0,43
sciences,BLU,PGD,0.7,PGD,0.5,18.323529411764707,17.0,0,43
sciences,BLU,PGD,0.7,PGD,0.6,18.323529411764707,17.0,0,43
sciences,BLU,PGD,0.7,PGD,0.7,18.323529411764707,17.0,0,43
sciences,BLU,PGD,0.7,PGD,0.8,18.323529411764707,17.0,0,43
sciences,BLU,PGD,0.7,PGD,0.9,18.323529411764707,17.0,0,43
sciences,BLU,PGD,0.7,PGD,1.0,18.323529411764707,17.0,0,43
sciences,HTC,PGD,0.7,PGD,0.1,10.977941176470589,7.0,0,62
sciences,HTC,PGD,0.7,PGD,0.2,28.602941176470587,27.5,0,64
sciences,HTC,PGD,0.7,PGD,0.3,26.63235294117647,27.5,0,57
sciences,HTC,PGD,0.7,PGD,0.4,24.772058823529413,22.0,0,62
sciences,HTC,PGD,0.7,PGD,0.5,24.772058823529413,22.0,0,62
sciences,HTC,PGD,0.7,PGD,0.6,24.772058823529413,22.0,0,62
sciences,HTC,PGD,0.7,PGD,0.7,24.772058823529413,22.0,0,62
sciences,HTC,PGD,0.7,PGD,0.8,24.772058823529413,22.0,0,62
sciences,HTC,PGD,0.7,PGD,0.9,24.772058823529413,22.0,0,62
sciences,HTC,PGD,0.7,PGD,1.0,24.772058823529413,22.0,0,62
sciences,LG,PGD,0.7,PGD,0.1,12.970588235294118,7.0,0,64
sciences,LG,PGD,0.7,PGD,0.2,28.551470588235293,25.0,0,62
sciences,LG,PGD,0.7,PGD,0.3,25.66176470588235,24.0,0,59
sciences,LG,PGD,0.7,PGD,0.4,25.066176470588236,23.0,0,62
sciences,LG,PGD,0.7,PGD,0.5,25.066176470588236,23.0,0,62
sciences,LG,PGD,0.7,PGD,0.6,25.066176470588236,23.0,0,62
sciences,LG,PGD,0.7,PGD,0.7,25.066176470588236,23.0,0,62
sciences,LG,PGD,0.7,PGD,0.8,25.066176470588236,23.0,0,62
sciences,LG,PGD,0.7,PGD,0.9,25.066176470588236,23.0,0,62
sciences,LG,PGD,0.7,PGD,1.0,25.066176470588236,23.0,0,62
sciences,MOTO,PGD,0.7,PGD,0.1,12.169117647058824,9.5,0,63
sciences,MOTO,PGD,0.7,PGD,0.2,15.588235294117647,15.0,0,39
sciences,MOTO,PGD,0.7,PGD,0.3,18.058823529411764,17.0,0,43
sciences,MOTO,PGD,0.7,PGD,0.4,18.058823529411764,17.0,0,43
sciences,MOTO,PGD,0.7,PGD,0.5,18.058823529411764,17.0,0,43
sciences,MOTO,PGD,0.7,PGD,0.6,18.058823529411764,17.0,0,43
sciences,MOTO,PGD,0.7,PGD,0.7,18.058823529411764,17.0,0,43
sciences,MOTO,PGD,0.7,PGD,0.8,18.058823529411764,17.0,0,43
sciences,MOTO,PGD,0.7,PGD,0.9,18.058823529411764,17.0,0,43
sciences,MOTO,PGD,0.7,PGD,1.0,18.058823529411764,17.0,0,43
sciences,OP3,PGD,0.7,PGD,0.1,11.198529411764707,10.0,0,43
sciences,OP3,PGD,0.7,PGD,0.2,14.669117647058824,15.0,0,43
sciences,OP3,PGD,0.7,PGD,0.3,14.485294117647058,15.0,0,29
sciences,OP3,PGD,0.7,PGD,0.4,14.485294117647058,15.0,0,29
sciences,OP3,PGD,0.7,PGD,0.5,14.485294117647058,15.0,0,29
sciences,OP3,PGD,0.7,PGD,0.6,14.485294117647058,15.0,0,29
sciences,OP3,PGD,0.7,PGD,0.7,14.485294117647058,15.0,0,29
sciences,OP3,PGD,0.7,PGD,0.8,14.485294117647058,15.0,0,29
sciences,OP3,PGD,0.7,PGD,0.9,14.485294117647058,15.0,0,29
sciences,OP3,PGD,0.7,PGD,1.0,14.485294117647058,15.0,0,29
sciences,S7,PGD,0.7,PGD,0.1,10.433823529411764,7.0,0,55
sciences,S7,PGD,0.7,PGD,0.2,29.03676470588235,27.5,0,64
sciences,S7,PGD,0.7,PGD,0.3,28.264705882352942,31.0,0,62
sciences,S7,PGD,0.7,PGD,0.4,24.948529411764707,25.0,0,67
sciences,S7,PGD,0.7,PGD,0.5,24.948529411764707,25.0,0,67
sciences,S7,PGD,0.7,PGD,0.6,24.948529411764707,25.0,0,67
sciences,S7,PGD,0.7,PGD,0.7,24.948529411764707,25.0,0,67
sciences,S7,PGD,0.7,PGD,0.8,24.948529411764707,25.0,0,67
sciences,S7,PGD,0.7,PGD,0.9,24.948529411764707,25.0,0,67
sciences,S7,PGD,0.7,PGD,1.0,24.948529411764707,25.0,0,67
sciences,BLU,PGD,0.8,PGD,0.1,13.095588235294118,11.5,0,64
sciences,BLU,PGD,0.8,PGD,0.2,17.83823529411765,17.0,0,42
sciences,BLU,PGD,0.8,PGD,0.3,18.323529411764707,17.0,0,43
sciences,BLU,PGD,0.8,PGD,0.4,18.323529411764707,17.0,0,43
sciences,BLU,PGD,0.8,PGD,0.5,18.323529411764707,17.0,0,43
sciences,BLU,PGD,0.8,PGD,0.6,18.323529411764707,17.0,0,43
sciences,BLU,PGD,0.8,PGD,0.7,18.323529411764707,17.0,0,43
sciences,BLU,PGD,0.8,PGD,0.8,18.323529411764707,17.0,0,43
sciences,BLU,PGD,0.8,PGD,0.9,18.323529411764707,17.0,0,43
sciences,BLU,PGD,0.8,PGD,1.0,18.323529411764707,17.0,0,43
sciences,HTC,PGD,0.8,PGD,0.1,10.977941176470589,7.0,0,62
sciences,HTC,PGD,0.8,PGD,0.2,28.602941176470587,27.5,0,64
sciences,HTC,PGD,0.8,PGD,0.3,26.63235294117647,27.5,0,57
sciences,HTC,PGD,0.8,PGD,0.4,24.772058823529413,22.0,0,62
sciences,HTC,PGD,0.8,PGD,0.5,24.772058823529413,22.0,0,62
sciences,HTC,PGD,0.8,PGD,0.6,24.772058823529413,22.0,0,62
sciences,HTC,PGD,0.8,PGD,0.7,24.772058823529413,22.0,0,62
sciences,HTC,PGD,0.8,PGD,0.8,24.772058823529413,22.0,0,62
sciences,HTC,PGD,0.8,PGD,0.9,24.772058823529413,22.0,0,62
sciences,HTC,PGD,0.8,PGD,1.0,24.772058823529413,22.0,0,62
sciences,LG,PGD,0.8,PGD,0.1,12.970588235294118,7.0,0,64
sciences,LG,PGD,0.8,PGD,0.2,28.551470588235293,25.0,0,62
sciences,LG,PGD,0.8,PGD,0.3,25.66176470588235,24.0,0,59
sciences,LG,PGD,0.8,PGD,0.4,25.066176470588236,23.0,0,62
sciences,LG,PGD,0.8,PGD,0.5,25.066176470588236,23.0,0,62
sciences,LG,PGD,0.8,PGD,0.6,25.066176470588236,23.0,0,62
sciences,LG,PGD,0.8,PGD,0.7,25.066176470588236,23.0,0,62
sciences,LG,PGD,0.8,PGD,0.8,25.066176470588236,23.0,0,62
sciences,LG,PGD,0.8,PGD,0.9,25.066176470588236,23.0,0,62
sciences,LG,PGD,0.8,PGD,1.0,25.066176470588236,23.0,0,62
sciences,MOTO,PGD,0.8,PGD,0.1,12.169117647058824,9.5,0,63
sciences,MOTO,PGD,0.8,PGD,0.2,15.588235294117647,15.0,0,39
sciences,MOTO,PGD,0.8,PGD,0.3,18.058823529411764,17.0,0,43
sciences,MOTO,PGD,0.8,PGD,0.4,18.058823529411764,17.0,0,43
sciences,MOTO,PGD,0.8,PGD,0.5,18.058823529411764,17.0,0,43
sciences,MOTO,PGD,0.8,PGD,0.6,18.058823529411764,17.0,0,43
sciences,MOTO,PGD,0.8,PGD,0.7,18.058823529411764,17.0,0,43
sciences,MOTO,PGD,0.8,PGD,0.8,18.058823529411764,17.0,0,43
sciences,MOTO,PGD,0.8,PGD,0.9,18.058823529411764,17.0,0,43
sciences,MOTO,PGD,0.8,PGD,1.0,18.058823529411764,17.0,0,43
sciences,OP3,PGD,0.8,PGD,0.1,11.198529411764707,10.0,0,43
sciences,OP3,PGD,0.8,PGD,0.2,14.669117647058824,15.0,0,43
sciences,OP3,PGD,0.8,PGD,0.3,14.485294117647058,15.0,0,29
sciences,OP3,PGD,0.8,PGD,0.4,14.485294117647058,15.0,0,29
sciences,OP3,PGD,0.8,PGD,0.5,14.485294117647058,15.0,0,29
sciences,OP3,PGD,0.8,PGD,0.6,14.485294117647058,15.0,0,29
sciences,OP3,PGD,0.8,PGD,0.7,14.485294117647058,15.0,0,29
sciences,OP3,PGD,0.8,PGD,0.8,14.485294117647058,15.0,0,29
sciences,OP3,PGD,0.8,PGD,0.9,14.485294117647058,15.0,0,29
sciences,OP3,PGD,0.8,PGD,1.0,14.485294117647058,15.0,0,29
sciences,S7,PGD,0.8,PGD,0.1,10.433823529411764,7.0,0,55
sciences,S7,PGD,0.8,PGD,0.2,29.03676470588235,27.5,0,64
sciences,S7,PGD,0.8,PGD,0.3,28.264705882352942,31.0,0,62
sciences,S7,PGD,0.8,PGD,0.4,24.948529411764707,25.0,0,67
sciences,S7,PGD,0.8,PGD,0.5,24.948529411764707,25.0,0,67
sciences,S7,PGD,0.8,PGD,0.6,24.948529411764707,25.0,0,67
sciences,S7,PGD,0.8,PGD,0.7,24.948529411764707,25.0,0,67
sciences,S7,PGD,0.8,PGD,0.8,24.948529411764707,25.0,0,67
sciences,S7,PGD,0.8,PGD,0.9,24.948529411764707,25.0,0,67
sciences,S7,PGD,0.8,PGD,1.0,24.948529411764707,25.0,0,67
sciences,BLU,PGD,0.9,PGD,0.1,13.095588235294118,11.5,0,64
sciences,BLU,PGD,0.9,PGD,0.2,17.83823529411765,17.0,0,42
sciences,BLU,PGD,0.9,PGD,0.3,18.323529411764707,17.0,0,43
sciences,BLU,PGD,0.9,PGD,0.4,18.323529411764707,17.0,0,43
sciences,BLU,PGD,0.9,PGD,0.5,18.323529411764707,17.0,0,43
sciences,BLU,PGD,0.9,PGD,0.6,18.323529411764707,17.0,0,43
sciences,BLU,PGD,0.9,PGD,0.7,18.323529411764707,17.0,0,43
sciences,BLU,PGD,0.9,PGD,0.8,18.323529411764707,17.0,0,43
sciences,BLU,PGD,0.9,PGD,0.9,18.323529411764707,17.0,0,43
sciences,BLU,PGD,0.9,PGD,1.0,18.323529411764707,17.0,0,43
sciences,HTC,PGD,0.9,PGD,0.1,10.977941176470589,7.0,0,62
sciences,HTC,PGD,0.9,PGD,0.2,28.602941176470587,27.5,0,64
sciences,HTC,PGD,0.9,PGD,0.3,26.63235294117647,27.5,0,57
sciences,HTC,PGD,0.9,PGD,0.4,24.772058823529413,22.0,0,62
sciences,HTC,PGD,0.9,PGD,0.5,24.772058823529413,22.0,0,62
sciences,HTC,PGD,0.9,PGD,0.6,24.772058823529413,22.0,0,62
sciences,HTC,PGD,0.9,PGD,0.7,24.772058823529413,22.0,0,62
sciences,HTC,PGD,0.9,PGD,0.8,24.772058823529413,22.0,0,62
sciences,HTC,PGD,0.9,PGD,0.9,24.772058823529413,22.0,0,62
sciences,HTC,PGD,0.9,PGD,1.0,24.772058823529413,22.0,0,62
sciences,LG,PGD,0.9,PGD,0.1,12.970588235294118,7.0,0,64
sciences,LG,PGD,0.9,PGD,0.2,28.551470588235293,25.0,0,62
sciences,LG,PGD,0.9,PGD,0.3,25.66176470588235,24.0,0,59
sciences,LG,PGD,0.9,PGD,0.4,25.066176470588236,23.0,0,62
sciences,LG,PGD,0.9,PGD,0.5,25.066176470588236,23.0,0,62
sciences,LG,PGD,0.9,PGD,0.6,25.066176470588236,23.0,0,62
sciences,LG,PGD,0.9,PGD,0.7,25.066176470588236,23.0,0,62
sciences,LG,PGD,0.9,PGD,0.8,25.066176470588236,23.0,0,62
sciences,LG,PGD,0.9,PGD,0.9,25.066176470588236,23.0,0,62
sciences,LG,PGD,0.9,PGD,1.0,25.066176470588236,23.0,0,62
sciences,MOTO,PGD,0.9,PGD,0.1,12.169117647058824,9.5,0,63
sciences,MOTO,PGD,0.9,PGD,0.2,15.588235294117647,15.0,0,39
sciences,MOTO,PGD,0.9,PGD,0.3,18.058823529411764,17.0,0,43
sciences,MOTO,PGD,0.9,PGD,0.4,18.058823529411764,17.0,0,43
sciences,MOTO,PGD,0.9,PGD,0.5,18.058823529411764,17.0,0,43
sciences,MOTO,PGD,0.9,PGD,0.6,18.058823529411764,17.0,0,43
sciences,MOTO,PGD,0.9,PGD,0.7,18.058823529411764,17.0,0,43
sciences,MOTO,PGD,0.9,PGD,0.8,18.058823529411764,17.0,0,43
sciences,MOTO,PGD,0.9,PGD,0.9,18.058823529411764,17.0,0,43
sciences,MOTO,PGD,0.9,PGD,1.0,18.058823529411764,17.0,0,43
sciences,OP3,PGD,0.9,PGD,0.1,11.198529411764707,10.0,0,43
sciences,OP3,PGD,0.9,PGD,0.2,14.669117647058824,15.0,0,43
sciences,OP3,PGD,0.9,PGD,0.3,14.485294117647058,15.0,0,29
sciences,OP3,PGD,0.9,PGD,0.4,14.485294117647058,15.0,0,29
sciences,OP3,PGD,0.9,PGD,0.5,14.485294117647058,15.0,0,29
sciences,OP3,PGD,0.9,PGD,0.6,14.485294117647058,15.0,0,29
sciences,OP3,PGD,0.9,PGD,0.7,14.485294117647058,15.0,0,29
sciences,OP3,PGD,0.9,PGD,0.8,14.485294117647058,15.0,0,29
sciences,OP3,PGD,0.9,PGD,0.9,14.485294117647058,15.0,0,29
sciences,OP3,PGD,0.9,PGD,1.0,14.485294117647058,15.0,0,29
sciences,S7,PGD,0.9,PGD,0.1,10.433823529411764,7.0,0,55
sciences,S7,PGD,0.9,PGD,0.2,29.03676470588235,27.5,0,64
sciences,S7,PGD,0.9,PGD,0.3,28.264705882352942,31.0,0,62
sciences,S7,PGD,0.9,PGD,0.4,24.948529411764707,25.0,0,67
sciences,S7,PGD,0.9,PGD,0.5,24.948529411764707,25.0,0,67
sciences,S7,PGD,0.9,PGD,0.6,24.948529411764707,25.0,0,67
sciences,S7,PGD,0.9,PGD,0.7,24.948529411764707,25.0,0,67
sciences,S7,PGD,0.9,PGD,0.8,24.948529411764707,25.0,0,67
sciences,S7,PGD,0.9,PGD,0.9,24.948529411764707,25.0,0,67
sciences,S7,PGD,0.9,PGD,1.0,24.948529411764707,25.0,0,67
sciences,BLU,PGD,1.0,PGD,0.1,13.095588235294118,11.5,0,64
sciences,BLU,PGD,1.0,PGD,0.2,17.83823529411765,17.0,0,42
sciences,BLU,PGD,1.0,PGD,0.3,18.323529411764707,17.0,0,43
sciences,BLU,PGD,1.0,PGD,0.4,18.323529411764707,17.0,0,43
sciences,BLU,PGD,1.0,PGD,0.5,18.323529411764707,17.0,0,43
sciences,BLU,PGD,1.0,PGD,0.6,18.323529411764707,17.0,0,43
sciences,BLU,PGD,1.0,PGD,0.7,18.323529411764707,17.0,0,43
sciences,BLU,PGD,1.0,PGD,0.8,18.323529411764707,17.0,0,43
sciences,BLU,PGD,1.0,PGD,0.9,18.323529411764707,17.0,0,43
sciences,BLU,PGD,1.0,PGD,1.0,18.323529411764707,17.0,0,43
sciences,HTC,PGD,1.0,PGD,0.1,10.977941176470589,7.0,0,62
sciences,HTC,PGD,1.0,PGD,0.2,28.602941176470587,27.5,0,64
sciences,HTC,PGD,1.0,PGD,0.3,26.63235294117647,27.5,0,57
sciences,HTC,PGD,1.0,PGD,0.4,24.772058823529413,22.0,0,62
sciences,HTC,PGD,1.0,PGD,0.5,24.772058823529413,22.0,0,62
sciences,HTC,PGD,1.0,PGD,0.6,24.772058823529413,22.0,0,62
sciences,HTC,PGD,1.0,PGD,0.7,24.772058823529413,22.0,0,62
sciences,HTC,PGD,1.0,PGD,0.8,24.772058823529413,22.0,0,62
sciences,HTC,PGD,1.0,PGD,0.9,24.772058823529413,22.0,0,62
sciences,HTC,PGD,1.0,PGD,1.0,24.772058823529413,22.0,0,62
sciences,LG,PGD,1.0,PGD,0.1,12.970588235294118,7.0,0,64
sciences,LG,PGD,1.0,PGD,0.2,28.551470588235293,25.0,0,62
sciences,LG,PGD,1.0,PGD,0.3,25.66176470588235,24.0,0,59
sciences,LG,PGD,1.0,PGD,0.4,25.066176470588236,23.0,0,62
sciences,LG,PGD,1.0,PGD,0.5,25.066176470588236,23.0,0,62
sciences,LG,PGD,1.0,PGD,0.6,25.066176470588236,23.0,0,62
sciences,LG,PGD,1.0,PGD,0.7,25.066176470588236,23.0,0,62
sciences,LG,PGD,1.0,PGD,0.8,25.066176470588236,23.0,0,62
sciences,LG,PGD,1.0,PGD,0.9,25.066176470588236,23.0,0,62
sciences,LG,PGD,1.0,PGD,1.0,25.066176470588236,23.0,0,62
sciences,MOTO,PGD,1.0,PGD,0.1,12.169117647058824,9.5,0,63
sciences,MOTO,PGD,1.0,PGD,0.2,15.588235294117647,15.0,0,39
sciences,MOTO,PGD,1.0,PGD,0.3,18.058823529411764,17.0,0,43
sciences,MOTO,PGD,1.0,PGD,0.4,18.058823529411764,17.0,0,43
sciences,MOTO,PGD,1.0,PGD,0.5,18.058823529411764,17.0,0,43
sciences,MOTO,PGD,1.0,PGD,0.6,18.058823529411764,17.0,0,43
sciences,MOTO,PGD,1.0,PGD,0.7,18.058823529411764,17.0,0,43
sciences,MOTO,PGD,1.0,PGD,0.8,18.058823529411764,17.0,0,43
sciences,MOTO,PGD,1.0,PGD,0.9,18.058823529411764,17.0,0,43
sciences,MOTO,PGD,1.0,PGD,1.0,18.058823529411764,17.0,0,43
sciences,OP3,PGD,1.0,PGD,0.1,11.198529411764707,10.0,0,43
sciences,OP3,PGD,1.0,PGD,0.2,14.669117647058824,15.0,0,43
sciences,OP3,PGD,1.0,PGD,0.3,14.485294117647058,15.0,0,29
sciences,OP3,PGD,1.0,PGD,0.4,14.485294117647058,15.0,0,29
sciences,OP3,PGD,1.0,PGD,0.5,14.485294117647058,15.0,0,29
sciences,OP3,PGD,1.0,PGD,0.6,14.485294117647058,15.0,0,29
sciences,OP3,PGD,1.0,PGD,0.7,14.485294117647058,15.0,0,29
sciences,OP3,PGD,1.0,PGD,0.8,14.485294117647058,15.0,0,29
sciences,OP3,PGD,1.0,PGD,0.9,14.485294117647058,15.0,0,29
sciences,OP3,PGD,1.0,PGD,1.0,14.485294117647058,15.0,0,29
sciences,S7,PGD,1.0,PGD,0.1,10.433823529411764,7.0,0,55
sciences,S7,PGD,1.0,PGD,0.2,29.03676470588235,27.5,0,64
sciences,S7,PGD,1.0,PGD,0.3,28.264705882352942,31.0,0,62
sciences,S7,PGD,1.0,PGD,0.4,24.948529411764707,25.0,0,67
sciences,S7,PGD,1.0,PGD,0.5,24.948529411764707,25.0,0,67
sciences,S7,PGD,1.0,PGD,0.6,24.948529411764707,25.0,0,67
sciences,S7,PGD,1.0,PGD,0.7,24.948529411764707,25.0,0,67
sciences,S7,PGD,1.0,PGD,0.8,24.948529411764707,25.0,0,67
sciences,S7,PGD,1.0,PGD,0.9,24.948529411764707,25.0,0,67
sciences,S7,PGD,1.0,PGD,1.0,24.948529411764707,25.0,0,67
sciences,BLU,MIM,0.1,PGD,0.1,7.382352941176471,5.0,0,55
sciences,BLU,MIM,0.1,PGD,0.2,24.191176470588236,22.0,0,55
sciences,BLU,MIM,0.1,PGD,0.3,26.970588235294116,31.0,0,55
sciences,BLU,MIM,0.1,PGD,0.4,23.794117647058822,21.5,0,55
sciences,BLU,MIM,0.1,PGD,0.5,23.794117647058822,21.5,0,55
sciences,BLU,MIM,0.1,PGD,0.6,23.794117647058822,21.5,0,55
sciences,BLU,MIM,0.1,PGD,0.7,23.794117647058822,21.5,0,55
sciences,BLU,MIM,0.1,PGD,0.8,23.794117647058822,21.5,0,55
sciences,BLU,MIM,0.1,PGD,0.9,23.794117647058822,21.5,0,55
sciences,BLU,MIM,0.1,PGD,1.0,23.794117647058822,21.5,0,55
sciences,HTC,MIM,0.1,PGD,0.1,14.470588235294118,12.0,0,46
sciences,HTC,MIM,0.1,PGD,0.2,20.595588235294116,17.0,0,49
sciences,HTC,MIM,0.1,PGD,0.3,20.529411764705884,17.0,0,49
sciences,HTC,MIM,0.1,PGD,0.4,20.529411764705884,17.0,0,49
sciences,HTC,MIM,0.1,PGD,0.5,20.529411764705884,17.0,0,49
sciences,HTC,MIM,0.1,PGD,0.6,20.529411764705884,17.0,0,49
sciences,HTC,MIM,0.1,PGD,0.7,20.529411764705884,17.0,0,49
sciences,HTC,MIM,0.1,PGD,0.8,20.529411764705884,17.0,0,49
sciences,HTC,MIM,0.1,PGD,0.9,20.529411764705884,17.0,0,49
sciences,HTC,MIM,0.1,PGD,1.0,20.529411764705884,17.0,0,49
sciences,LG,MIM,0.1,PGD,0.1,12.808823529411764,11.0,0,43
sciences,LG,MIM,0.1,PGD,0.2,20.00735294117647,17.0,0,49
sciences,LG,MIM,0.1,PGD,0.3,20.529411764705884,17.0,0,49
sciences,LG,MIM,0.1,PGD,0.4,20.529411764705884,17.0,0,49
sciences,LG,MIM,0.1,PGD,0.5,20.529411764705884,17.0,0,49
sciences,LG,MIM,0.1,PGD,0.6,20.529411764705884,17.0,0,49
sciences,LG,MIM,0.1,PGD,0.7,20.529411764705884,17.0,0,49
sciences,LG,MIM,0.1,PGD,0.8,20.529411764705884,17.0,0,49
sciences,LG,MIM,0.1,PGD,0.9,20.529411764705884,17.0,0,49
sciences,LG,MIM,0.1,PGD,1.0,20.529411764705884,17.0,0,49
sciences,MOTO,MIM,0.1,PGD,0.1,14.485294117647058,12.0,0,41
sciences,MOTO,MIM,0.1,PGD,0.2,20.529411764705884,17.0,0,49
sciences,MOTO,MIM,0.1,PGD,0.3,20.529411764705884,17.0,0,49
sciences,MOTO,MIM,0.1,PGD,0.4,20.529411764705884,17.0,0,49
sciences,MOTO,MIM,0.1,PGD,0.5,20.529411764705884,17.0,0,49
sciences,MOTO,MIM,0.1,PGD,0.6,20.529411764705884,17.0,0,49
sciences,MOTO,MIM,0.1,PGD,0.7,20.529411764705884,17.0,0,49
sciences,MOTO,MIM,0.1,PGD,0.8,20.529411764705884,17.0,0,49
sciences,MOTO,MIM,0.1,PGD,0.9,20.529411764705884,17.0,0,49
sciences,MOTO,MIM,0.1,PGD,1.0,20.529411764705884,17.0,0,49
sciences,OP3,MIM,0.1,PGD,0.1,13.183823529411764,11.0,0,41
sciences,OP3,MIM,0.1,PGD,0.2,20.470588235294116,17.0,0,49
sciences,OP3,MIM,0.1,PGD,0.3,20.529411764705884,17.0,0,49
sciences,OP3,MIM,0.1,PGD,0.4,20.529411764705884,17.0,0,49
sciences,OP3,MIM,0.1,PGD,0.5,20.529411764705884,17.0,0,49
sciences,OP3,MIM,0.1,PGD,0.6,20.529411764705884,17.0,0,49
sciences,OP3,MIM,0.1,PGD,0.7,20.529411764705884,17.0,0,49
sciences,OP3,MIM,0.1,PGD,0.8,20.529411764705884,17.0,0,49
sciences,OP3,MIM,0.1,PGD,0.9,20.529411764705884,17.0,0,49
sciences,OP3,MIM,0.1,PGD,1.0,20.529411764705884,17.0,0,49
sciences,S7,MIM,0.1,PGD,0.1,12.382352941176471,10.0,0,46
sciences,S7,MIM,0.1,PGD,0.2,20.397058823529413,17.0,0,49
sciences,S7,MIM,0.1,PGD,0.3,20.529411764705884,17.0,0,49
sciences,S7,MIM,0.1,PGD,0.4,20.529411764705884,17.0,0,49
sciences,S7,MIM,0.1,PGD,0.5,20.529411764705884,17.0,0,49
sciences,S7,MIM,0.1,PGD,0.6,20.529411764705884,17.0,0,49
sciences,S7,MIM,0.1,PGD,0.7,20.529411764705884,17.0,0,49
sciences,S7,MIM,0.1,PGD,0.8,20.529411764705884,17.0,0,49
sciences,S7,MIM,0.1,PGD,0.9,20.529411764705884,17.0,0,49
sciences,S7,MIM,0.1,PGD,1.0,20.529411764705884,17.0,0,49
sciences,BLU,MIM,0.2,PGD,0.1,10.977941176470589,6.0,0,55
sciences,BLU,MIM,0.2,PGD,0.2,25.205882352941178,17.5,0,67
sciences,BLU,MIM,0.2,PGD,0.3,32.338235294117645,32.0,0,66
sciences,BLU,MIM,0.2,PGD,0.4,32.529411764705884,32.5,0,66
sciences,BLU,MIM,0.2,PGD,0.5,32.529411764705884,32.5,0,66
sciences,BLU,MIM,0.2,PGD,0.6,32.529411764705884,32.5,0,66
sciences,BLU,MIM,0.2,PGD,0.7,32.529411764705884,32.5,0,66
sciences,BLU,MIM,0.2,PGD,0.8,32.529411764705884,32.5,0,66
sciences,BLU,MIM,0.2,PGD,0.9,32.529411764705884,32.5,0,66
sciences,BLU,MIM,0.2,PGD,1.0,32.529411764705884,32.5,0,66
sciences,HTC,MIM,0.2,PGD,0.1,10.816176470588236,5.0,0,64
sciences,HTC,MIM,0.2,PGD,0.2,16.985294117647058,13.0,0,50
sciences,HTC,MIM,0.2,PGD,0.3,18.860294117647058,13.5,0,50
sciences,HTC,MIM,0.2,PGD,0.4,19.360294117647058,14.0,0,55
sciences,HTC,MIM,0.2,PGD,0.5,19.360294117647058,14.0,0,55
sciences,HTC,MIM,0.2,PGD,0.6,19.360294117647058,14.0,0,55
sciences,HTC,MIM,0.2,PGD,0.7,19.360294117647058,14.0,0,55
sciences,HTC,MIM,0.2,PGD,0.8,19.360294117647058,14.0,0,55
sciences,HTC,MIM,0.2,PGD,0.9,19.360294117647058,14.0,0,55
sciences,HTC,MIM,0.2,PGD,1.0,19.360294117647058,14.0,0,55
sciences,LG,MIM,0.2,PGD,0.1,6.875,2.0,0,67
sciences,LG,MIM,0.2,PGD,0.2,13.735294117647058,7.0,0,57
sciences,LG,MIM,0.2,PGD,0.3,19.897058823529413,14.0,0,60
sciences,LG,MIM,0.2,PGD,0.4,23.808823529411764,20.5,0,58
sciences,LG,MIM,0.2,PGD,0.5,23.808823529411764,20.5,0,58
sciences,LG,MIM,0.2,PGD,0.6,23.808823529411764,20.5,0,58
sciences,LG,MIM,0.2,PGD,0.7,23.808823529411764,20.5,0,58
sciences,LG,MIM,0.2,PGD,0.8,23.808823529411764,20.5,0,58
sciences,LG,MIM,0.2,PGD,0.9,23.808823529411764,20.5,0,58
sciences,LG,MIM,0.2,PGD,1.0,23.808823529411764,20.5,0,58
sciences,MOTO,MIM,0.2,PGD,0.1,11.742647058823529,7.0,1,52
sciences,MOTO,MIM,0.2,PGD,0.2,18.948529411764707,14.0,0,63
sciences,MOTO,MIM,0.2,PGD,0.3,19.75,9.5,0,61
sciences,MOTO,MIM,0.2,PGD,0.4,23.16176470588235,15.0,0,60
sciences,MOTO,MIM,0.2,PGD,0.5,23.16176470588235,15.0,0,60
sciences,MOTO,MIM,0.2,PGD,0.6,23.16176470588235,15.0,0,60
sciences,MOTO,MIM,0.2,PGD,0.7,23.16176470588235,15.0,0,60
sciences,MOTO,MIM,0.2,PGD,0.8,23.16176470588235,15.0,0,60
sciences,MOTO,MIM,0.2,PGD,0.9,23.16176470588235,15.0,0,60
sciences,MOTO,MIM,0.2,PGD,1.0,23.16176470588235,15.0,0,60
sciences,OP3,MIM,0.2,PGD,0.1,9.404411764705882,6.0,0,48
sciences,OP3,MIM,0.2,PGD,0.2,4.955882352941177,1.0,0,33
sciences,OP3,MIM,0.2,PGD,0.3,19.977941176470587,11.0,0,61
sciences,OP3,MIM,0.2,PGD,0.4,22.558823529411764,16.0,0,60
sciences,OP3,MIM,0.2,PGD,0.5,22.558823529411764,16.0,0,60
sciences,OP3,MIM,0.2,PGD,0.6,22.558823529411764,16.0,0,60
sciences,OP3,MIM,0.2,PGD,0.7,22.558823529411764,16.0,0,60
sciences,OP3,MIM,0.2,PGD,0.8,22.558823529411764,16.0,0,60
sciences,OP3,MIM,0.2,PGD,0.9,22.558823529411764,16.0,0,60
sciences,OP3,MIM,0.2,PGD,1.0,22.558823529411764,16.0,0,60
sciences,S7,MIM,0.2,PGD,0.1,13.742647058823529,8.0,0,56
sciences,S7,MIM,0.2,PGD,0.2,11.669117647058824,5.0,0,62
sciences,S7,MIM,0.2,PGD,0.3,20.426470588235293,12.0,0,55
sciences,S7,MIM,0.2,PGD,0.4,21.426470588235293,16.0,0,60
sciences,S7,MIM,0.2,PGD,0.5,21.426470588235293,16.0,0,60
sciences,S7,MIM,0.2,PGD,0.6,21.426470588235293,16.0,0,60
sciences,S7,MIM,0.2,PGD,0.7,21.426470588235293,16.0,0,60
sciences,S7,MIM,0.2,PGD,0.8,21.426470588235293,16.0,0,60
sciences,S7,MIM,0.2,PGD,0.9,21.426470588235293,16.0,0,60
sciences,S7,MIM,0.2,PGD,1.0,21.426470588235293,16.0,0,60
sciences,BLU,MIM,0.3,PGD,0.1,8.382352941176471,7.0,0,38
sciences,BLU,MIM,0.3,PGD,0.2,17.514705882352942,13.0,0,67
sciences,BLU,MIM,0.3,PGD,0.3,32.11029411764706,31.0,0,66
sciences,BLU,MIM,0.3,PGD,0.4,32.529411764705884,32.5,0,66
sciences,BLU,MIM,0.3,PGD,0.5,32.529411764705884,32.5,0,66
sciences,BLU,MIM,0.3,PGD,0.6,32.529411764705884,32.5,0,66
sciences,BLU,MIM,0.3,PGD,0.7,32.529411764705884,32.5,0,66
sciences,BLU,MIM,0.3,PGD,0.8,32.529411764705884,32.5,0,66
sciences,BLU,MIM,0.3,PGD,0.9,32.529411764705884,32.5,0,66
sciences,BLU,MIM,0.3,PGD,1.0,32.529411764705884,32.5,0,66
sciences,HTC,MIM,0.3,PGD,0.1,15.147058823529411,10.0,0,54
sciences,HTC,MIM,0.3,PGD,0.2,18.073529411764707,12.5,0,49
sciences,HTC,MIM,0.3,PGD,0.3,20.08823529411765,16.0,0,61
sciences,HTC,MIM,0.3,PGD,0.4,20.16176470588235,17.0,0,50
sciences,HTC,MIM,0.3,PGD,0.5,20.16176470588235,17.0,0,50
sciences,HTC,MIM,0.3,PGD,0.6,20.16176470588235,17.0,0,50
sciences,HTC,MIM,0.3,PGD,0.7,20.16176470588235,17.0,0,50
sciences,HTC,MIM,0.3,PGD,0.8,20.16176470588235,17.0,0,50
sciences,HTC,MIM,0.3,PGD,0.9,20.16176470588235,17.0,0,50
sciences,HTC,MIM,0.3,PGD,1.0,20.16176470588235,17.0,0,50
sciences,LG,MIM,0.3,PGD,0.1,16.860294117647058,13.0,0,63
sciences,LG,MIM,0.3,PGD,0.2,15.772058823529411,6.0,0,62
sciences,LG,MIM,0.3,PGD,0.3,18.00735294117647,7.0,0,61
sciences,LG,MIM,0.3,PGD,0.4,22.426470588235293,12.0,0,59
sciences,LG,MIM,0.3,PGD,0.5,22.426470588235293,12.0,0,59
sciences,LG,MIM,0.3,PGD,0.6,22.426470588235293,12.0,0,59
sciences,LG,MIM,0.3,PGD,0.7,22.426470588235293,12.0,0,59
sciences,LG,MIM,0.3,PGD,0.8,22.426470588235293,12.0,0,59
sciences,LG,MIM,0.3,PGD,0.9,22.426470588235293,12.0,0,59
sciences,LG,MIM,0.3,PGD,1.0,22.426470588235293,12.0,0,59
sciences,MOTO,MIM,0.3,PGD,0.1,13.75,7.0,0,60
sciences,MOTO,MIM,0.3,PGD,0.2,17.220588235294116,14.0,0,61
sciences,MOTO,MIM,0.3,PGD,0.3,18.58823529411765,13.0,0,59
sciences,MOTO,MIM,0.3,PGD,0.4,23.573529411764707,20.0,0,61
sciences,MOTO,MIM,0.3,PGD,0.5,23.573529411764707,20.0,0,61
sciences,MOTO,MIM,0.3,PGD,0.6,23.573529411764707,20.0,0,61
sciences,MOTO,MIM,0.3,PGD,0.7,23.573529411764707,20.0,0,61
sciences,MOTO,MIM,0.3,PGD,0.8,23.573529411764707,20.0,0,61
sciences,MOTO,MIM,0.3,PGD,0.9,23.573529411764707,20.0,0,61
sciences,MOTO,MIM,0.3,PGD,1.0,23.573529411764707,20.0,0,61
sciences,OP3,MIM,0.3,PGD,0.1,9.433823529411764,6.5,0,46
sciences,OP3,MIM,0.3,PGD,0.2,12.213235294117647,9.0,0,58
sciences,OP3,MIM,0.3,PGD,0.3,3.6470588235294117,0.0,0,45
sciences,OP3,MIM,0.3,PGD,0.4,23.080882352941178,20.0,0,59
sciences,OP3,MIM,0.3,PGD,0.5,23.080882352941178,20.0,0,59
sciences,OP3,MIM,0.3,PGD,0.6,23.080882352941178,20.0,0,59
sciences,OP3,MIM,0.3,PGD,0.7,23.080882352941178,20.0,0,59
sciences,OP3,MIM,0.3,PGD,0.8,23.080882352941178,20.0,0,59
sciences,OP3,MIM,0.3,PGD,0.9,23.080882352941178,20.0,0,59
sciences,OP3,MIM,0.3,PGD,1.0,23.080882352941178,20.0,0,59
sciences,S7,MIM,0.3,PGD,0.1,14.933823529411764,9.0,0,58
sciences,S7,MIM,0.3,PGD,0.2,14.477941176470589,10.0,0,55
sciences,S7,MIM,0.3,PGD,0.3,11.779411764705882,3.5,0,62
sciences,S7,MIM,0.3,PGD,0.4,23.63235294117647,21.5,0,59
sciences,S7,MIM,0.3,PGD,0.5,23.63235294117647,21.5,0,59
sciences,S7,MIM,0.3,PGD,0.6,23.63235294117647,21.5,0,59
sciences,S7,MIM,0.3,PGD,0.7,23.63235294117647,21.5,0,59
sciences,S7,MIM,0.3,PGD,0.8,23.63235294117647,21.5,0,59
sciences,S7,MIM,0.3,PGD,0.9,23.63235294117647,21.5,0,59
sciences,S7,MIM,0.3,PGD,1.0,23.63235294117647,21.5,0,59
sciences,BLU,MIM,0.4,PGD,0.1,10.389705882352942,7.0,0,67
sciences,BLU,MIM,0.4,PGD,0.2,27.095588235294116,20.5,0,67
sciences,BLU,MIM,0.4,PGD,0.3,32.06617647058823,31.0,0,66
sciences,BLU,MIM,0.4,PGD,0.4,29.220588235294116,29.5,0,66
sciences,BLU,MIM,0.4,PGD,0.5,29.220588235294116,29.5,0,66
sciences,BLU,MIM,0.4,PGD,0.6,29.220588235294116,29.5,0,66
sciences,BLU,MIM,0.4,PGD,0.7,29.220588235294116,29.5,0,66
sciences,BLU,MIM,0.4,PGD,0.8,29.220588235294116,29.5,0,66
sciences,BLU,MIM,0.4,PGD,0.9,29.220588235294116,29.5,0,66
sciences,BLU,MIM,0.4,PGD,1.0,29.220588235294116,29.5,0,66
sciences,HTC,MIM,0.4,PGD,0.1,13.073529411764707,9.0,0,49
sciences,HTC,MIM,0.4,PGD,0.2,18.86764705882353,15.5,0,49
sciences,HTC,MIM,0.4,PGD,0.3,18.014705882352942,14.0,0,49
sciences,HTC,MIM,0.4,PGD,0.4,18.852941176470587,13.0,0,49
sciences,HTC,MIM,0.4,PGD,0.5,18.852941176470587,13.0,0,49
sciences,HTC,MIM,0.4,PGD,0.6,18.852941176470587,13.0,0,49
sciences,HTC,MIM,0.4,PGD,0.7,18.852941176470587,13.0,0,49
sciences,HTC,MIM,0.4,PGD,0.8,18.852941176470587,13.0,0,49
sciences,HTC,MIM,0.4,PGD,0.9,18.852941176470587,13.0,0,49
sciences,HTC,MIM,0.4,PGD,1.0,18.852941176470587,13.0,0,49
sciences,LG,MIM,0.4,PGD,0.1,14.470588235294118,11.0,0,55
sciences,LG,MIM,0.4,PGD,0.2,17.389705882352942,13.0,0,60
sciences,LG,MIM,0.4,PGD,0.3,16.38235294117647,8.0,0,59
sciences,LG,MIM,0.4,PGD,0.4,15.992647058823529,8.5,0,59
sciences,LG,MIM,0.4,PGD,0.5,15.992647058823529,8.5,0,59
sciences,LG,MIM,0.4,PGD,0.6,15.992647058823529,8.5,0,59
sciences,LG,MIM,0.4,PGD,0.7,15.992647058823529,8.5,0,59
sciences,LG,MIM,0.4,PGD,0.8,15.992647058823529,8.5,0,59
sciences,LG,MIM,0.4,PGD,0.9,15.992647058823529,8.5,0,59
sciences,LG,MIM,0.4,PGD,1.0,15.992647058823529,8.5,0,59
sciences,MOTO,MIM,0.4,PGD,0.1,6.963235294117647,7.0,0,20
sciences,MOTO,MIM,0.4,PGD,0.2,18.058823529411764,15.0,0,48
sciences,MOTO,MIM,0.4,PGD,0.3,18.227941176470587,15.5,0,61
sciences,MOTO,MIM,0.4,PGD,0.4,18.352941176470587,13.5,0,58
sciences,MOTO,MIM,0.4,PGD,0.5,18.352941176470587,13.5,0,58
sciences,MOTO,MIM,0.4,PGD,0.6,18.352941176470587,13.5,0,58
sciences,MOTO,MIM,0.4,PGD,0.7,18.352941176470587,13.5,0,58
sciences,MOTO,MIM,0.4,PGD,0.8,18.352941176470587,13.5,0,58
sciences,MOTO,MIM,0.4,PGD,0.9,18.352941176470587,13.5,0,58
sciences,MOTO,MIM,0.4,PGD,1.0,18.352941176470587,13.5,0,58
sciences,OP3,MIM,0.4,PGD,0.1,7.757352941176471,7.0,0,48
sciences,OP3,MIM,0.4,PGD,0.2,21.169117647058822,16.0,0,60
sciences,OP3,MIM,0.4,PGD,0.3,13.544117647058824,10.5,0,59
sciences,OP3,MIM,0.4,PGD,0.4,5.036764705882353,0.0,0,45
sciences,OP3,MIM,0.4,PGD,0.5,5.036764705882353,0.0,0,45
sciences,OP3,MIM,0.4,PGD,0.6,5.036764705882353,0.0,0,45
sciences,OP3,MIM,0.4,PGD,0.7,5.036764705882353,0.0,0,45
sciences,OP3,MIM,0.4,PGD,0.8,5.036764705882353,0.0,0,45
sciences,OP3,MIM,0.4,PGD,0.9,5.036764705882353,0.0,0,45
sciences,OP3,MIM,0.4,PGD,1.0,5.036764705882353,0.0,0,45
sciences,S7,MIM,0.4,PGD,0.1,8.558823529411764,7.0,0,39
sciences,S7,MIM,0.4,PGD,0.2,18.941176470588236,15.0,0,60
sciences,S7,MIM,0.4,PGD,0.3,15.125,11.0,0,55
sciences,S7,MIM,0.4,PGD,0.4,10.875,4.0,0,55
sciences,S7,MIM,0.4,PGD,0.5,10.875,4.0,0,55
sciences,S7,MIM,0.4,PGD,0.6,10.875,4.0,0,55
sciences,S7,MIM,0.4,PGD,0.7,10.875,4.0,0,55
sciences,S7,MIM,0.4,PGD,0.8,10.875,4.0,0,55
sciences,S7,MIM,0.4,PGD,0.9,10.875,4.0,0,55
sciences,S7,MIM,0.4,PGD,1.0,10.875,4.0,0,55
sciences,BLU,MIM,0.5,PGD,0.1,10.389705882352942,7.0,0,67
sciences,BLU,MIM,0.5,PGD,0.2,27.095588235294116,20.5,0,67
sciences,BLU,MIM,0.5,PGD,0.3,32.06617647058823,31.0,0,66
sciences,BLU,MIM,0.5,PGD,0.4,29.220588235294116,29.5,0,66
sciences,BLU,MIM,0.5,PGD,0.5,29.220588235294116,29.5,0,66
sciences,BLU,MIM,0.5,PGD,0.6,29.220588235294116,29.5,0,66
sciences,BLU,MIM,0.5,PGD,0.7,29.220588235294116,29.5,0,66
sciences,BLU,MIM,0.5,PGD,0.8,29.220588235294116,29.5,0,66
sciences,BLU,MIM,0.5,PGD,0.9,29.220588235294116,29.5,0,66
sciences,BLU,MIM,0.5,PGD,1.0,29.220588235294116,29.5,0,66
sciences,HTC,MIM,0.5,PGD,0.1,13.073529411764707,9.0,0,49
sciences,HTC,MIM,0.5,PGD,0.2,18.86764705882353,15.5,0,49
sciences,HTC,MIM,0.5,PGD,0.3,18.014705882352942,14.0,0,49
sciences,HTC,MIM,0.5,PGD,0.4,18.852941176470587,13.0,0,49
sciences,HTC,MIM,0.5,PGD,0.5,18.852941176470587,13.0,0,49
sciences,HTC,MIM,0.5,PGD,0.6,18.852941176470587,13.0,0,49
sciences,HTC,MIM,0.5,PGD,0.7,18.852941176470587,13.0,0,49
sciences,HTC,MIM,0.5,PGD,0.8,18.852941176470587,13.0,0,49
sciences,HTC,MIM,0.5,PGD,0.9,18.852941176470587,13.0,0,49
sciences,HTC,MIM,0.5,PGD,1.0,18.852941176470587,13.0,0,49
sciences,LG,MIM,0.5,PGD,0.1,14.470588235294118,11.0,0,55
sciences,LG,MIM,0.5,PGD,0.2,17.389705882352942,13.0,0,60
sciences,LG,MIM,0.5,PGD,0.3,16.38235294117647,8.0,0,59
sciences,LG,MIM,0.5,PGD,0.4,15.992647058823529,8.5,0,59
sciences,LG,MIM,0.5,PGD,0.5,15.992647058823529,8.5,0,59
sciences,LG,MIM,0.5,PGD,0.6,15.992647058823529,8.5,0,59
sciences,LG,MIM,0.5,PGD,0.7,15.992647058823529,8.5,0,59
sciences,LG,MIM,0.5,PGD,0.8,15.992647058823529,8.5,0,59
sciences,LG,MIM,0.5,PGD,0.9,15.992647058823529,8.5,0,59
sciences,LG,MIM,0.5,PGD,1.0,15.992647058823529,8.5,0,59
sciences,MOTO,MIM,0.5,PGD,0.1,6.963235294117647,7.0,0,20
sciences,MOTO,MIM,0.5,PGD,0.2,18.058823529411764,15.0,0,48
sciences,MOTO,MIM,0.5,PGD,0.3,18.227941176470587,15.5,0,61
sciences,MOTO,MIM,0.5,PGD,0.4,18.352941176470587,13.5,0,58
sciences,MOTO,MIM,0.5,PGD,0.5,18.352941176470587,13.5,0,58
sciences,MOTO,MIM,0.5,PGD,0.6,18.352941176470587,13.5,0,58
sciences,MOTO,MIM,0.5,PGD,0.7,18.352941176470587,13.5,0,58
sciences,MOTO,MIM,0.5,PGD,0.8,18.352941176470587,13.5,0,58
sciences,MOTO,MIM,0.5,PGD,0.9,18.352941176470587,13.5,0,58
sciences,MOTO,MIM,0.5,PGD,1.0,18.352941176470587,13.5,0,58
sciences,OP3,MIM,0.5,PGD,0.1,7.757352941176471,7.0,0,48
sciences,OP3,MIM,0.5,PGD,0.2,21.169117647058822,16.0,0,60
sciences,OP3,MIM,0.5,PGD,0.3,13.544117647058824,10.5,0,59
sciences,OP3,MIM,0.5,PGD,0.4,5.036764705882353,0.0,0,45
sciences,OP3,MIM,0.5,PGD,0.5,5.036764705882353,0.0,0,45
sciences,OP3,MIM,0.5,PGD,0.6,5.036764705882353,0.0,0,45
sciences,OP3,MIM,0.5,PGD,0.7,5.036764705882353,0.0,0,45
sciences,OP3,MIM,0.5,PGD,0.8,5.036764705882353,0.0,0,45
sciences,OP3,MIM,0.5,PGD,0.9,5.036764705882353,0.0,0,45
sciences,OP3,MIM,0.5,PGD,1.0,5.036764705882353,0.0,0,45
sciences,S7,MIM,0.5,PGD,0.1,8.558823529411764,7.0,0,39
sciences,S7,MIM,0.5,PGD,0.2,18.941176470588236,15.0,0,60
sciences,S7,MIM,0.5,PGD,0.3,15.125,11.0,0,55
sciences,S7,MIM,0.5,PGD,0.4,10.875,4.0,0,55
sciences,S7,MIM,0.5,PGD,0.5,10.875,4.0,0,55
sciences,S7,MIM,0.5,PGD,0.6,10.875,4.0,0,55
sciences,S7,MIM,0.5,PGD,0.7,10.875,4.0,0,55
sciences,S7,MIM,0.5,PGD,0.8,10.875,4.0,0,55
sciences,S7,MIM,0.5,PGD,0.9,10.875,4.0,0,55
sciences,S7,MIM,0.5,PGD,1.0,10.875,4.0,0,55
sciences,BLU,MIM,0.6,PGD,0.1,10.389705882352942,7.0,0,67
sciences,BLU,MIM,0.6,PGD,0.2,27.095588235294116,20.5,0,67
sciences,BLU,MIM,0.6,PGD,0.3,32.06617647058823,31.0,0,66
sciences,BLU,MIM,0.6,PGD,0.4,29.220588235294116,29.5,0,66
sciences,BLU,MIM,0.6,PGD,0.5,29.220588235294116,29.5,0,66
sciences,BLU,MIM,0.6,PGD,0.6,29.220588235294116,29.5,0,66
sciences,BLU,MIM,0.6,PGD,0.7,29.220588235294116,29.5,0,66
sciences,BLU,MIM,0.6,PGD,0.8,29.220588235294116,29.5,0,66
sciences,BLU,MIM,0.6,PGD,0.9,29.220588235294116,29.5,0,66
sciences,BLU,MIM,0.6,PGD,1.0,29.220588235294116,29.5,0,66
sciences,HTC,MIM,0.6,PGD,0.1,13.073529411764707,9.0,0,49
sciences,HTC,MIM,0.6,PGD,0.2,18.86764705882353,15.5,0,49
sciences,HTC,MIM,0.6,PGD,0.3,18.014705882352942,14.0,0,49
sciences,HTC,MIM,0.6,PGD,0.4,18.852941176470587,13.0,0,49
sciences,HTC,MIM,0.6,PGD,0.5,18.852941176470587,13.0,0,49
sciences,HTC,MIM,0.6,PGD,0.6,18.852941176470587,13.0,0,49
sciences,HTC,MIM,0.6,PGD,0.7,18.852941176470587,13.0,0,49
sciences,HTC,MIM,0.6,PGD,0.8,18.852941176470587,13.0,0,49
sciences,HTC,MIM,0.6,PGD,0.9,18.852941176470587,13.0,0,49
sciences,HTC,MIM,0.6,PGD,1.0,18.852941176470587,13.0,0,49
sciences,LG,MIM,0.6,PGD,0.1,14.470588235294118,11.0,0,55
sciences,LG,MIM,0.6,PGD,0.2,17.389705882352942,13.0,0,60
sciences,LG,MIM,0.6,PGD,0.3,16.38235294117647,8.0,0,59
sciences,LG,MIM,0.6,PGD,0.4,15.992647058823529,8.5,0,59
sciences,LG,MIM,0.6,PGD,0.5,15.992647058823529,8.5,0,59
sciences,LG,MIM,0.6,PGD,0.6,15.992647058823529,8.5,0,59
sciences,LG,MIM,0.6,PGD,0.7,15.992647058823529,8.5,0,59
sciences,LG,MIM,0.6,PGD,0.8,15.992647058823529,8.5,0,59
sciences,LG,MIM,0.6,PGD,0.9,15.992647058823529,8.5,0,59
sciences,LG,MIM,0.6,PGD,1.0,15.992647058823529,8.5,0,59
sciences,MOTO,MIM,0.6,PGD,0.1,6.963235294117647,7.0,0,20
sciences,MOTO,MIM,0.6,PGD,0.2,18.058823529411764,15.0,0,48
sciences,MOTO,MIM,0.6,PGD,0.3,18.227941176470587,15.5,0,61
sciences,MOTO,MIM,0.6,PGD,0.4,18.352941176470587,13.5,0,58
sciences,MOTO,MIM,0.6,PGD,0.5,18.352941176470587,13.5,0,58
sciences,MOTO,MIM,0.6,PGD,0.6,18.352941176470587,13.5,0,58
sciences,MOTO,MIM,0.6,PGD,0.7,18.352941176470587,13.5,0,58
sciences,MOTO,MIM,0.6,PGD,0.8,18.352941176470587,13.5,0,58
sciences,MOTO,MIM,0.6,PGD,0.9,18.352941176470587,13.5,0,58
sciences,MOTO,MIM,0.6,PGD,1.0,18.352941176470587,13.5,0,58
sciences,OP3,MIM,0.6,PGD,0.1,7.757352941176471,7.0,0,48
sciences,OP3,MIM,0.6,PGD,0.2,21.169117647058822,16.0,0,60
sciences,OP3,MIM,0.6,PGD,0.3,13.544117647058824,10.5,0,59
sciences,OP3,MIM,0.6,PGD,0.4,5.036764705882353,0.0,0,45
sciences,OP3,MIM,0.6,PGD,0.5,5.036764705882353,0.0,0,45
sciences,OP3,MIM,0.6,PGD,0.6,5.036764705882353,0.0,0,45
sciences,OP3,MIM,0.6,PGD,0.7,5.036764705882353,0.0,0,45
sciences,OP3,MIM,0.6,PGD,0.8,5.036764705882353,0.0,0,45
sciences,OP3,MIM,0.6,PGD,0.9,5.036764705882353,0.0,0,45
sciences,OP3,MIM,0.6,PGD,1.0,5.036764705882353,0.0,0,45
sciences,S7,MIM,0.6,PGD,0.1,8.558823529411764,7.0,0,39
sciences,S7,MIM,0.6,PGD,0.2,18.941176470588236,15.0,0,60
sciences,S7,MIM,0.6,PGD,0.3,15.125,11.0,0,55
sciences,S7,MIM,0.6,PGD,0.4,10.875,4.0,0,55
sciences,S7,MIM,0.6,PGD,0.5,10.875,4.0,0,55
sciences,S7,MIM,0.6,PGD,0.6,10.875,4.0,0,55
sciences,S7,MIM,0.6,PGD,0.7,10.875,4.0,0,55
sciences,S7,MIM,0.6,PGD,0.8,10.875,4.0,0,55
sciences,S7,MIM,0.6,PGD,0.9,10.875,4.0,0,55
sciences,S7,MIM,0.6,PGD,1.0,10.875,4.0,0,55
sciences,BLU,MIM,0.7,PGD,0.1,10.389705882352942,7.0,0,67
sciences,BLU,MIM,0.7,PGD,0.2,27.095588235294116,20.5,0,67
sciences,BLU,MIM,0.7,PGD,0.3,32.06617647058823,31.0,0,66
sciences,BLU,MIM,0.7,PGD,0.4,29.220588235294116,29.5,0,66
sciences,BLU,MIM,0.7,PGD,0.5,29.220588235294116,29.5,0,66
sciences,BLU,MIM,0.7,PGD,0.6,29.220588235294116,29.5,0,66
sciences,BLU,MIM,0.7,PGD,0.7,29.220588235294116,29.5,0,66
sciences,BLU,MIM,0.7,PGD,0.8,29.220588235294116,29.5,0,66
sciences,BLU,MIM,0.7,PGD,0.9,29.220588235294116,29.5,0,66
sciences,BLU,MIM,0.7,PGD,1.0,29.220588235294116,29.5,0,66
sciences,HTC,MIM,0.7,PGD,0.1,13.073529411764707,9.0,0,49
sciences,HTC,MIM,0.7,PGD,0.2,18.86764705882353,15.5,0,49
sciences,HTC,MIM,0.7,PGD,0.3,18.014705882352942,14.0,0,49
sciences,HTC,MIM,0.7,PGD,0.4,18.852941176470587,13.0,0,49
sciences,HTC,MIM,0.7,PGD,0.5,18.852941176470587,13.0,0,49
sciences,HTC,MIM,0.7,PGD,0.6,18.852941176470587,13.0,0,49
sciences,HTC,MIM,0.7,PGD,0.7,18.852941176470587,13.0,0,49
sciences,HTC,MIM,0.7,PGD,0.8,18.852941176470587,13.0,0,49
sciences,HTC,MIM,0.7,PGD,0.9,18.852941176470587,13.0,0,49
sciences,HTC,MIM,0.7,PGD,1.0,18.852941176470587,13.0,0,49
sciences,LG,MIM,0.7,PGD,0.1,14.470588235294118,11.0,0,55
sciences,LG,MIM,0.7,PGD,0.2,17.389705882352942,13.0,0,60
sciences,LG,MIM,0.7,PGD,0.3,16.38235294117647,8.0,0,59
sciences,LG,MIM,0.7,PGD,0.4,15.992647058823529,8.5,0,59
sciences,LG,MIM,0.7,PGD,0.5,15.992647058823529,8.5,0,59
sciences,LG,MIM,0.7,PGD,0.6,15.992647058823529,8.5,0,59
sciences,LG,MIM,0.7,PGD,0.7,15.992647058823529,8.5,0,59
sciences,LG,MIM,0.7,PGD,0.8,15.992647058823529,8.5,0,59
sciences,LG,MIM,0.7,PGD,0.9,15.992647058823529,8.5,0,59
sciences,LG,MIM,0.7,PGD,1.0,15.992647058823529,8.5,0,59
sciences,MOTO,MIM,0.7,PGD,0.1,6.963235294117647,7.0,0,20
sciences,MOTO,MIM,0.7,PGD,0.2,18.058823529411764,15.0,0,48
sciences,MOTO,MIM,0.7,PGD,0.3,18.227941176470587,15.5,0,61
sciences,MOTO,MIM,0.7,PGD,0.4,18.352941176470587,13.5,0,58
sciences,MOTO,MIM,0.7,PGD,0.5,18.352941176470587,13.5,0,58
sciences,MOTO,MIM,0.7,PGD,0.6,18.352941176470587,13.5,0,58
sciences,MOTO,MIM,0.7,PGD,0.7,18.352941176470587,13.5,0,58
sciences,MOTO,MIM,0.7,PGD,0.8,18.352941176470587,13.5,0,58
sciences,MOTO,MIM,0.7,PGD,0.9,18.352941176470587,13.5,0,58
sciences,MOTO,MIM,0.7,PGD,1.0,18.352941176470587,13.5,0,58
sciences,OP3,MIM,0.7,PGD,0.1,7.757352941176471,7.0,0,48
sciences,OP3,MIM,0.7,PGD,0.2,21.169117647058822,16.0,0,60
sciences,OP3,MIM,0.7,PGD,0.3,13.544117647058824,10.5,0,59
sciences,OP3,MIM,0.7,PGD,0.4,5.036764705882353,0.0,0,45
sciences,OP3,MIM,0.7,PGD,0.5,5.036764705882353,0.0,0,45
sciences,OP3,MIM,0.7,PGD,0.6,5.036764705882353,0.0,0,45
sciences,OP3,MIM,0.7,PGD,0.7,5.036764705882353,0.0,0,45
sciences,OP3,MIM,0.7,PGD,0.8,5.036764705882353,0.0,0,45
sciences,OP3,MIM,0.7,PGD,0.9,5.036764705882353,0.0,0,45
sciences,OP3,MIM,0.7,PGD,1.0,5.036764705882353,0.0,0,45
sciences,S7,MIM,0.7,PGD,0.1,8.558823529411764,7.0,0,39
sciences,S7,MIM,0.7,PGD,0.2,18.941176470588236,15.0,0,60
sciences,S7,MIM,0.7,PGD,0.3,15.125,11.0,0,55
sciences,S7,MIM,0.7,PGD,0.4,10.875,4.0,0,55
sciences,S7,MIM,0.7,PGD,0.5,10.875,4.0,0,55
sciences,S7,MIM,0.7,PGD,0.6,10.875,4.0,0,55
sciences,S7,MIM,0.7,PGD,0.7,10.875,4.0,0,55
sciences,S7,MIM,0.7,PGD,0.8,10.875,4.0,0,55
sciences,S7,MIM,0.7,PGD,0.9,10.875,4.0,0,55
sciences,S7,MIM,0.7,PGD,1.0,10.875,4.0,0,55
sciences,BLU,MIM,0.8,PGD,0.1,10.389705882352942,7.0,0,67
sciences,BLU,MIM,0.8,PGD,0.2,27.095588235294116,20.5,0,67
sciences,BLU,MIM,0.8,PGD,0.3,32.06617647058823,31.0,0,66
sciences,BLU,MIM,0.8,PGD,0.4,29.220588235294116,29.5,0,66
sciences,BLU,MIM,0.8,PGD,0.5,29.220588235294116,29.5,0,66
sciences,BLU,MIM,0.8,PGD,0.6,29.220588235294116,29.5,0,66
sciences,BLU,MIM,0.8,PGD,0.7,29.220588235294116,29.5,0,66
sciences,BLU,MIM,0.8,PGD,0.8,29.220588235294116,29.5,0,66
sciences,BLU,MIM,0.8,PGD,0.9,29.220588235294116,29.5,0,66
sciences,BLU,MIM,0.8,PGD,1.0,29.220588235294116,29.5,0,66
sciences,HTC,MIM,0.8,PGD,0.1,13.073529411764707,9.0,0,49
sciences,HTC,MIM,0.8,PGD,0.2,18.86764705882353,15.5,0,49
sciences,HTC,MIM,0.8,PGD,0.3,18.014705882352942,14.0,0,49
sciences,HTC,MIM,0.8,PGD,0.4,18.852941176470587,13.0,0,49
sciences,HTC,MIM,0.8,PGD,0.5,18.852941176470587,13.0,0,49
sciences,HTC,MIM,0.8,PGD,0.6,18.852941176470587,13.0,0,49
sciences,HTC,MIM,0.8,PGD,0.7,18.852941176470587,13.0,0,49
sciences,HTC,MIM,0.8,PGD,0.8,18.852941176470587,13.0,0,49
sciences,HTC,MIM,0.8,PGD,0.9,18.852941176470587,13.0,0,49
sciences,HTC,MIM,0.8,PGD,1.0,18.852941176470587,13.0,0,49
sciences,LG,MIM,0.8,PGD,0.1,14.470588235294118,11.0,0,55
sciences,LG,MIM,0.8,PGD,0.2,17.389705882352942,13.0,0,60
sciences,LG,MIM,0.8,PGD,0.3,16.38235294117647,8.0,0,59
sciences,LG,MIM,0.8,PGD,0.4,15.992647058823529,8.5,0,59
sciences,LG,MIM,0.8,PGD,0.5,15.992647058823529,8.5,0,59
sciences,LG,MIM,0.8,PGD,0.6,15.992647058823529,8.5,0,59
sciences,LG,MIM,0.8,PGD,0.7,15.992647058823529,8.5,0,59
sciences,LG,MIM,0.8,PGD,0.8,15.992647058823529,8.5,0,59
sciences,LG,MIM,0.8,PGD,0.9,15.992647058823529,8.5,0,59
sciences,LG,MIM,0.8,PGD,1.0,15.992647058823529,8.5,0,59
sciences,MOTO,MIM,0.8,PGD,0.1,6.963235294117647,7.0,0,20
sciences,MOTO,MIM,0.8,PGD,0.2,18.058823529411764,15.0,0,48
sciences,MOTO,MIM,0.8,PGD,0.3,18.227941176470587,15.5,0,61
sciences,MOTO,MIM,0.8,PGD,0.4,18.352941176470587,13.5,0,58
sciences,MOTO,MIM,0.8,PGD,0.5,18.352941176470587,13.5,0,58
sciences,MOTO,MIM,0.8,PGD,0.6,18.352941176470587,13.5,0,58
sciences,MOTO,MIM,0.8,PGD,0.7,18.352941176470587,13.5,0,58
sciences,MOTO,MIM,0.8,PGD,0.8,18.352941176470587,13.5,0,58
sciences,MOTO,MIM,0.8,PGD,0.9,18.352941176470587,13.5,0,58
sciences,MOTO,MIM,0.8,PGD,1.0,18.352941176470587,13.5,0,58
sciences,OP3,MIM,0.8,PGD,0.1,7.757352941176471,7.0,0,48
sciences,OP3,MIM,0.8,PGD,0.2,21.169117647058822,16.0,0,60
sciences,OP3,MIM,0.8,PGD,0.3,13.544117647058824,10.5,0,59
sciences,OP3,MIM,0.8,PGD,0.4,5.036764705882353,0.0,0,45
sciences,OP3,MIM,0.8,PGD,0.5,5.036764705882353,0.0,0,45
sciences,OP3,MIM,0.8,PGD,0.6,5.036764705882353,0.0,0,45
sciences,OP3,MIM,0.8,PGD,0.7,5.036764705882353,0.0,0,45
sciences,OP3,MIM,0.8,PGD,0.8,5.036764705882353,0.0,0,45
sciences,OP3,MIM,0.8,PGD,0.9,5.036764705882353,0.0,0,45
sciences,OP3,MIM,0.8,PGD,1.0,5.036764705882353,0.0,0,45
sciences,S7,MIM,0.8,PGD,0.1,8.558823529411764,7.0,0,39
sciences,S7,MIM,0.8,PGD,0.2,18.941176470588236,15.0,0,60
sciences,S7,MIM,0.8,PGD,0.3,15.125,11.0,0,55
sciences,S7,MIM,0.8,PGD,0.4,10.875,4.0,0,55
sciences,S7,MIM,0.8,PGD,0.5,10.875,4.0,0,55
sciences,S7,MIM,0.8,PGD,0.6,10.875,4.0,0,55
sciences,S7,MIM,0.8,PGD,0.7,10.875,4.0,0,55
sciences,S7,MIM,0.8,PGD,0.8,10.875,4.0,0,55
sciences,S7,MIM,0.8,PGD,0.9,10.875,4.0,0,55
sciences,S7,MIM,0.8,PGD,1.0,10.875,4.0,0,55
sciences,BLU,MIM,0.9,PGD,0.1,10.389705882352942,7.0,0,67
sciences,BLU,MIM,0.9,PGD,0.2,27.095588235294116,20.5,0,67
sciences,BLU,MIM,0.9,PGD,0.3,32.06617647058823,31.0,0,66
sciences,BLU,MIM,0.9,PGD,0.4,29.220588235294116,29.5,0,66
sciences,BLU,MIM,0.9,PGD,0.5,29.220588235294116,29.5,0,66
sciences,BLU,MIM,0.9,PGD,0.6,29.220588235294116,29.5,0,66
sciences,BLU,MIM,0.9,PGD,0.7,29.220588235294116,29.5,0,66
sciences,BLU,MIM,0.9,PGD,0.8,29.220588235294116,29.5,0,66
sciences,BLU,MIM,0.9,PGD,0.9,29.220588235294116,29.5,0,66
sciences,BLU,MIM,0.9,PGD,1.0,29.220588235294116,29.5,0,66
sciences,HTC,MIM,0.9,PGD,0.1,13.073529411764707,9.0,0,49
sciences,HTC,MIM,0.9,PGD,0.2,18.86764705882353,15.5,0,49
sciences,HTC,MIM,0.9,PGD,0.3,18.014705882352942,14.0,0,49
sciences,HTC,MIM,0.9,PGD,0.4,18.852941176470587,13.0,0,49
sciences,HTC,MIM,0.9,PGD,0.5,18.852941176470587,13.0,0,49
sciences,HTC,MIM,0.9,PGD,0.6,18.852941176470587,13.0,0,49
sciences,HTC,MIM,0.9,PGD,0.7,18.852941176470587,13.0,0,49
sciences,HTC,MIM,0.9,PGD,0.8,18.852941176470587,13.0,0,49
sciences,HTC,MIM,0.9,PGD,0.9,18.852941176470587,13.0,0,49
sciences,HTC,MIM,0.9,PGD,1.0,18.852941176470587,13.0,0,49
sciences,LG,MIM,0.9,PGD,0.1,14.470588235294118,11.0,0,55
sciences,LG,MIM,0.9,PGD,0.2,17.389705882352942,13.0,0,60
sciences,LG,MIM,0.9,PGD,0.3,16.38235294117647,8.0,0,59
sciences,LG,MIM,0.9,PGD,0.4,15.992647058823529,8.5,0,59
sciences,LG,MIM,0.9,PGD,0.5,15.992647058823529,8.5,0,59
sciences,LG,MIM,0.9,PGD,0.6,15.992647058823529,8.5,0,59
sciences,LG,MIM,0.9,PGD,0.7,15.992647058823529,8.5,0,59
sciences,LG,MIM,0.9,PGD,0.8,15.992647058823529,8.5,0,59
sciences,LG,MIM,0.9,PGD,0.9,15.992647058823529,8.5,0,59
sciences,LG,MIM,0.9,PGD,1.0,15.992647058823529,8.5,0,59
sciences,MOTO,MIM,0.9,PGD,0.1,6.963235294117647,7.0,0,20
sciences,MOTO,MIM,0.9,PGD,0.2,18.058823529411764,15.0,0,48
sciences,MOTO,MIM,0.9,PGD,0.3,18.227941176470587,15.5,0,61
sciences,MOTO,MIM,0.9,PGD,0.4,18.352941176470587,13.5,0,58
sciences,MOTO,MIM,0.9,PGD,0.5,18.352941176470587,13.5,0,58
sciences,MOTO,MIM,0.9,PGD,0.6,18.352941176470587,13.5,0,58
sciences,MOTO,MIM,0.9,PGD,0.7,18.352941176470587,13.5,0,58
sciences,MOTO,MIM,0.9,PGD,0.8,18.352941176470587,13.5,0,58
sciences,MOTO,MIM,0.9,PGD,0.9,18.352941176470587,13.5,0,58
sciences,MOTO,MIM,0.9,PGD,1.0,18.352941176470587,13.5,0,58
sciences,OP3,MIM,0.9,PGD,0.1,7.757352941176471,7.0,0,48
sciences,OP3,MIM,0.9,PGD,0.2,21.169117647058822,16.0,0,60
sciences,OP3,MIM,0.9,PGD,0.3,13.544117647058824,10.5,0,59
sciences,OP3,MIM,0.9,PGD,0.4,5.036764705882353,0.0,0,45
sciences,OP3,MIM,0.9,PGD,0.5,5.036764705882353,0.0,0,45
sciences,OP3,MIM,0.9,PGD,0.6,5.036764705882353,0.0,0,45
sciences,OP3,MIM,0.9,PGD,0.7,5.036764705882353,0.0,0,45
sciences,OP3,MIM,0.9,PGD,0.8,5.036764705882353,0.0,0,45
sciences,OP3,MIM,0.9,PGD,0.9,5.036764705882353,0.0,0,45
sciences,OP3,MIM,0.9,PGD,1.0,5.036764705882353,0.0,0,45
sciences,S7,MIM,0.9,PGD,0.1,8.558823529411764,7.0,0,39
sciences,S7,MIM,0.9,PGD,0.2,18.941176470588236,15.0,0,60
sciences,S7,MIM,0.9,PGD,0.3,15.125,11.0,0,55
sciences,S7,MIM,0.9,PGD,0.4,10.875,4.0,0,55
sciences,S7,MIM,0.9,PGD,0.5,10.875,4.0,0,55
sciences,S7,MIM,0.9,PGD,0.6,10.875,4.0,0,55
sciences,S7,MIM,0.9,PGD,0.7,10.875,4.0,0,55
sciences,S7,MIM,0.9,PGD,0.8,10.875,4.0,0,55
sciences,S7,MIM,0.9,PGD,0.9,10.875,4.0,0,55
sciences,S7,MIM,0.9,PGD,1.0,10.875,4.0,0,55
sciences,BLU,MIM,1.0,PGD,0.1,10.389705882352942,7.0,0,67
sciences,BLU,MIM,1.0,PGD,0.2,27.095588235294116,20.5,0,67
sciences,BLU,MIM,1.0,PGD,0.3,32.06617647058823,31.0,0,66
sciences,BLU,MIM,1.0,PGD,0.4,29.220588235294116,29.5,0,66
sciences,BLU,MIM,1.0,PGD,0.5,29.220588235294116,29.5,0,66
sciences,BLU,MIM,1.0,PGD,0.6,29.220588235294116,29.5,0,66
sciences,BLU,MIM,1.0,PGD,0.7,29.220588235294116,29.5,0,66
sciences,BLU,MIM,1.0,PGD,0.8,29.220588235294116,29.5,0,66
sciences,BLU,MIM,1.0,PGD,0.9,29.220588235294116,29.5,0,66
sciences,BLU,MIM,1.0,PGD,1.0,29.220588235294116,29.5,0,66
sciences,HTC,MIM,1.0,PGD,0.1,13.073529411764707,9.0,0,49
sciences,HTC,MIM,1.0,PGD,0.2,18.86764705882353,15.5,0,49
sciences,HTC,MIM,1.0,PGD,0.3,18.014705882352942,14.0,0,49
sciences,HTC,MIM,1.0,PGD,0.4,18.852941176470587,13.0,0,49
sciences,HTC,MIM,1.0,PGD,0.5,18.852941176470587,13.0,0,49
sciences,HTC,MIM,1.0,PGD,0.6,18.852941176470587,13.0,0,49
sciences,HTC,MIM,1.0,PGD,0.7,18.852941176470587,13.0,0,49
sciences,HTC,MIM,1.0,PGD,0.8,18.852941176470587,13.0,0,49
sciences,HTC,MIM,1.0,PGD,0.9,18.852941176470587,13.0,0,49
sciences,HTC,MIM,1.0,PGD,1.0,18.852941176470587,13.0,0,49
sciences,LG,MIM,1.0,PGD,0.1,14.470588235294118,11.0,0,55
sciences,LG,MIM,1.0,PGD,0.2,17.389705882352942,13.0,0,60
sciences,LG,MIM,1.0,PGD,0.3,16.38235294117647,8.0,0,59
sciences,LG,MIM,1.0,PGD,0.4,15.992647058823529,8.5,0,59
sciences,LG,MIM,1.0,PGD,0.5,15.992647058823529,8.5,0,59
sciences,LG,MIM,1.0,PGD,0.6,15.992647058823529,8.5,0,59
sciences,LG,MIM,1.0,PGD,0.7,15.992647058823529,8.5,0,59
sciences,LG,MIM,1.0,PGD,0.8,15.992647058823529,8.5,0,59
sciences,LG,MIM,1.0,PGD,0.9,15.992647058823529,8.5,0,59
sciences,LG,MIM,1.0,PGD,1.0,15.992647058823529,8.5,0,59
sciences,MOTO,MIM,1.0,PGD,0.1,6.963235294117647,7.0,0,20
sciences,MOTO,MIM,1.0,PGD,0.2,18.058823529411764,15.0,0,48
sciences,MOTO,MIM,1.0,PGD,0.3,18.227941176470587,15.5,0,61
sciences,MOTO,MIM,1.0,PGD,0.4,18.352941176470587,13.5,0,58
sciences,MOTO,MIM,1.0,PGD,0.5,18.352941176470587,13.5,0,58
sciences,MOTO,MIM,1.0,PGD,0.6,18.352941176470587,13.5,0,58
sciences,MOTO,MIM,1.0,PGD,0.7,18.352941176470587,13.5,0,58
sciences,MOTO,MIM,1.0,PGD,0.8,18.352941176470587,13.5,0,58
sciences,MOTO,MIM,1.0,PGD,0.9,18.352941176470587,13.5,0,58
sciences,MOTO,MIM,1.0,PGD,1.0,18.352941176470587,13.5,0,58
sciences,OP3,MIM,1.0,PGD,0.1,7.757352941176471,7.0,0,48
sciences,OP3,MIM,1.0,PGD,0.2,21.169117647058822,16.0,0,60
sciences,OP3,MIM,1.0,PGD,0.3,13.544117647058824,10.5,0,59
sciences,OP3,MIM,1.0,PGD,0.4,5.036764705882353,0.0,0,45
sciences,OP3,MIM,1.0,PGD,0.5,5.036764705882353,0.0,0,45
sciences,OP3,MIM,1.0,PGD,0.6,5.036764705882353,0.0,0,45
sciences,OP3,MIM,1.0,PGD,0.7,5.036764705882353,0.0,0,45
sciences,OP3,MIM,1.0,PGD,0.8,5.036764705882353,0.0,0,45
sciences,OP3,MIM,1.0,PGD,0.9,5.036764705882353,0.0,0,45
sciences,OP3,MIM,1.0,PGD,1.0,5.036764705882353,0.0,0,45
sciences,S7,MIM,1.0,PGD,0.1,8.558823529411764,7.0,0,39
sciences,S7,MIM,1.0,PGD,0.2,18.941176470588236,15.0,0,60
sciences,S7,MIM,1.0,PGD,0.3,15.125,11.0,0,55
sciences,S7,MIM,1.0,PGD,0.4,10.875,4.0,0,55
sciences,S7,MIM,1.0,PGD,0.5,10.875,4.0,0,55
sciences,S7,MIM,1.0,PGD,0.6,10.875,4.0,0,55
sciences,S7,MIM,1.0,PGD,0.7,10.875,4.0,0,55
sciences,S7,MIM,1.0,PGD,0.8,10.875,4.0,0,55
sciences,S7,MIM,1.0,PGD,0.9,10.875,4.0,0,55
sciences,S7,MIM,1.0,PGD,1.0,10.875,4.0,0,55
sciences,BLU,BIM,0.1,PGD,0.1,13.176470588235293,5.0,0,59
sciences,BLU,BIM,0.1,PGD,0.2,32.705882352941174,33.0,0,67
sciences,BLU,BIM,0.1,PGD,0.3,32.85294117647059,33.0,0,67
sciences,BLU,BIM,0.1,PGD,0.4,31.58823529411765,31.5,0,65
sciences,BLU,BIM,0.1,PGD,0.5,31.58823529411765,31.5,0,65
sciences,BLU,BIM,0.1,PGD,0.6,31.58823529411765,31.5,0,65
sciences,BLU,BIM,0.1,PGD,0.7,31.58823529411765,31.5,0,65
sciences,BLU,BIM,0.1,PGD,0.8,31.58823529411765,31.5,0,65
sciences,BLU,BIM,0.1,PGD,0.9,31.58823529411765,31.5,0,65
sciences,BLU,BIM,0.1,PGD,1.0,31.58823529411765,31.5,0,65
sciences,HTC,BIM,0.1,PGD,0.1,7.352941176470588,6.0,0,23
sciences,HTC,BIM,0.1,PGD,0.2,18.279411764705884,16.0,0,47
sciences,HTC,BIM,0.1,PGD,0.3,19.46323529411765,16.5,0,47
sciences,HTC,BIM,0.1,PGD,0.4,19.352941176470587,17.0,0,47
sciences,HTC,BIM,0.1,PGD,0.5,19.352941176470587,17.0,0,47
sciences,HTC,BIM,0.1,PGD,0.6,19.352941176470587,17.0,0,47
sciences,HTC,BIM,0.1,PGD,0.7,19.352941176470587,17.0,0,47
sciences,HTC,BIM,0.1,PGD,0.8,19.352941176470587,17.0,0,47
sciences,HTC,BIM,0.1,PGD,0.9,19.352941176470587,17.0,0,47
sciences,HTC,BIM,0.1,PGD,1.0,19.352941176470587,17.0,0,47
sciences,LG,BIM,0.1,PGD,0.1,8.191176470588236,6.0,0,33
sciences,LG,BIM,0.1,PGD,0.2,17.919117647058822,14.5,0,45
sciences,LG,BIM,0.1,PGD,0.3,19.073529411764707,16.0,0,46
sciences,LG,BIM,0.1,PGD,0.4,19.08823529411765,16.0,0,46
sciences,LG,BIM,0.1,PGD,0.5,19.08823529411765,16.0,0,46
sciences,LG,BIM,0.1,PGD,0.6,19.08823529411765,16.0,0,46
sciences,LG,BIM,0.1,PGD,0.7,19.08823529411765,16.0,0,46
sciences,LG,BIM,0.1,PGD,0.8,19.08823529411765,16.0,0,46
sciences,LG,BIM,0.1,PGD,0.9,19.08823529411765,16.0,0,46
sciences,LG,BIM,0.1,PGD,1.0,19.08823529411765,16.0,0,46
sciences,MOTO,BIM,0.1,PGD,0.1,5.360294117647059,3.0,0,62
sciences,MOTO,BIM,0.1,PGD,0.2,33.463235294117645,33.5,0,67
sciences,MOTO,BIM,0.1,PGD,0.3,33.11029411764706,33.5,0,67
sciences,MOTO,BIM,0.1,PGD,0.4,32.544117647058826,32.5,0,66
sciences,MOTO,BIM,0.1,PGD,0.5,32.544117647058826,32.5,0,66
sciences,MOTO,BIM,0.1,PGD,0.6,32.544117647058826,32.5,0,66
sciences,MOTO,BIM,0.1,PGD,0.7,32.544117647058826,32.5,0,66
sciences,MOTO,BIM,0.1,PGD,0.8,32.544117647058826,32.5,0,66
sciences,MOTO,BIM,0.1,PGD,0.9,32.544117647058826,32.5,0,66
sciences,MOTO,BIM,0.1,PGD,1.0,32.544117647058826,32.5,0,66
sciences,OP3,BIM,0.1,PGD,0.1,3.8676470588235294,3.0,0,23
sciences,OP3,BIM,0.1,PGD,0.2,33.095588235294116,33.5,0,67
sciences,OP3,BIM,0.1,PGD,0.3,31.58823529411765,31.5,0,65
sciences,OP3,BIM,0.1,PGD,0.4,31.58823529411765,31.5,0,65
sciences,OP3,BIM,0.1,PGD,0.5,31.58823529411765,31.5,0,65
sciences,OP3,BIM,0.1,PGD,0.6,31.58823529411765,31.5,0,65
sciences,OP3,BIM,0.1,PGD,0.7,31.58823529411765,31.5,0,65
sciences,OP3,BIM,0.1,PGD,0.8,31.58823529411765,31.5,0,65
sciences,OP3,BIM,0.1,PGD,0.9,31.58823529411765,31.5,0,65
sciences,OP3,BIM,0.1,PGD,1.0,31.58823529411765,31.5,0,65
sciences,S7,BIM,0.1,PGD,0.1,3.213235294117647,3.0,0,12
sciences,S7,BIM,0.1,PGD,0.2,32.1764705882353,31.5,0,67
sciences,S7,BIM,0.1,PGD,0.3,31.955882352941178,32.5,0,65
sciences,S7,BIM,0.1,PGD,0.4,31.602941176470587,31.5,0,65
sciences,S7,BIM,0.1,PGD,0.5,31.602941176470587,31.5,0,65
sciences,S7,BIM,0.1,PGD,0.6,31.602941176470587,31.5,0,65
sciences,S7,BIM,0.1,PGD,0.7,31.602941176470587,31.5,0,65
sciences,S7,BIM,0.1,PGD,0.8,31.602941176470587,31.5,0,65
sciences,S7,BIM,0.1,PGD,0.9,31.602941176470587,31.5,0,65
sciences,S7,BIM,0.1,PGD,1.0,31.602941176470587,31.5,0,65
sciences,BLU,BIM,0.2,PGD,0.1,6.455882352941177,5.0,0,50
sciences,BLU,BIM,0.2,PGD,0.2,23.176470588235293,16.5,0,67
sciences,BLU,BIM,0.2,PGD,0.3,32.24264705882353,32.0,0,67
sciences,BLU,BIM,0.2,PGD,0.4,32.904411764705884,32.5,0,67
sciences,BLU,BIM,0.2,PGD,0.5,32.904411764705884,32.5,0,67
sciences,BLU,BIM,0.2,PGD,0.6,32.904411764705884,32.5,0,67
sciences,BLU,BIM,0.2,PGD,0.7,32.904411764705884,32.5,0,67
sciences,BLU,BIM,0.2,PGD,0.8,32.904411764705884,32.5,0,67
sciences,BLU,BIM,0.2,PGD,0.9,32.904411764705884,32.5,0,67
sciences,BLU,BIM,0.2,PGD,1.0,32.904411764705884,32.5,0,67
sciences,HTC,BIM,0.2,PGD,0.1,6.147058823529412,4.0,0,20
sciences,HTC,BIM,0.2,PGD,0.2,11.720588235294118,5.0,0,58
sciences,HTC,BIM,0.2,PGD,0.3,15.823529411764707,10.0,0,56
sciences,HTC,BIM,0.2,PGD,0.4,24.301470588235293,22.0,0,57
sciences,HTC,BIM,0.2,PGD,0.5,24.301470588235293,22.0,0,57
sciences,HTC,BIM,0.2,PGD,0.6,24.301470588235293,22.0,0,57
sciences,HTC,BIM,0.2,PGD,0.7,24.301470588235293,22.0,0,57
sciences,HTC,BIM,0.2,PGD,0.8,24.301470588235293,22.0,0,57
sciences,HTC,BIM,0.2,PGD,0.9,24.301470588235293,22.0,0,57
sciences,HTC,BIM,0.2,PGD,1.0,24.301470588235293,22.0,0,57
sciences,LG,BIM,0.2,PGD,0.1,4.279411764705882,2.0,0,57
sciences,LG,BIM,0.2,PGD,0.2,11.911764705882353,6.0,0,58
sciences,LG,BIM,0.2,PGD,0.3,23.948529411764707,18.5,0,60
sciences,LG,BIM,0.2,PGD,0.4,26.375,27.0,0,57
sciences,LG,BIM,0.2,PGD,0.5,26.375,27.0,0,57
sciences,LG,BIM,0.2,PGD,0.6,26.375,27.0,0,57
sciences,LG,BIM,0.2,PGD,0.7,26.375,27.0,0,57
sciences,LG,BIM,0.2,PGD,0.8,26.375,27.0,0,57
sciences,LG,BIM,0.2,PGD,0.9,26.375,27.0,0,57
sciences,LG,BIM,0.2,PGD,1.0,26.375,27.0,0,57
sciences,MOTO,BIM,0.2,PGD,0.1,8.647058823529411,6.0,0,67
sciences,MOTO,BIM,0.2,PGD,0.2,16.698529411764707,13.5,0,67
sciences,MOTO,BIM,0.2,PGD,0.3,31.419117647058822,30.5,0,66
sciences,MOTO,BIM,0.2,PGD,0.4,32.8235294117647,32.5,0,67
sciences,MOTO,BIM,0.2,PGD,0.5,32.8235294117647,32.5,0,67
sciences,MOTO,BIM,0.2,PGD,0.6,32.8235294117647,32.5,0,67
sciences,MOTO,BIM,0.2,PGD,0.7,32.8235294117647,32.5,0,67
sciences,MOTO,BIM,0.2,PGD,0.8,32.8235294117647,32.5,0,67
sciences,MOTO,BIM,0.2,PGD,0.9,32.8235294117647,32.5,0,67
sciences,MOTO,BIM,0.2,PGD,1.0,32.8235294117647,32.5,0,67
sciences,OP3,BIM,0.2,PGD,0.1,8.0,6.0,0,55
sciences,OP3,BIM,0.2,PGD,0.2,18.860294117647058,17.0,0,67
sciences,OP3,BIM,0.2,PGD,0.3,33.5,33.5,0,67
sciences,OP3,BIM,0.2,PGD,0.4,33.5,33.5,0,67
sciences,OP3,BIM,0.2,PGD,0.5,33.5,33.5,0,67
sciences,OP3,BIM,0.2,PGD,0.6,33.5,33.5,0,67
sciences,OP3,BIM,0.2,PGD,0.7,33.5,33.5,0,67
sciences,OP3,BIM,0.2,PGD,0.8,33.5,33.5,0,67
sciences,OP3,BIM,0.2,PGD,0.9,33.5,33.5,0,67
sciences,OP3,BIM,0.2,PGD,1.0,33.5,33.5,0,67
sciences,S7,BIM,0.2,PGD,0.1,6.220588235294118,4.0,0,52
sciences,S7,BIM,0.2,PGD,0.2,19.433823529411764,15.0,0,67
sciences,S7,BIM,0.2,PGD,0.3,33.338235294117645,33.0,0,67
sciences,S7,BIM,0.2,PGD,0.4,33.5,33.5,0,67
sciences,S7,BIM,0.2,PGD,0.5,33.5,33.5,0,67
sciences,S7,BIM,0.2,PGD,0.6,33.5,33.5,0,67
sciences,S7,BIM,0.2,PGD,0.7,33.5,33.5,0,67
sciences,S7,BIM,0.2,PGD,0.8,33.5,33.5,0,67
sciences,S7,BIM,0.2,PGD,0.9,33.5,33.5,0,67
sciences,S7,BIM,0.2,PGD,1.0,33.5,33.5,0,67
sciences,BLU,BIM,0.3,PGD,0.1,6.830882352941177,5.0,0,65
sciences,BLU,BIM,0.3,PGD,0.2,29.25,24.0,0,67
sciences,BLU,BIM,0.3,PGD,0.3,30.566176470588236,28.0,0,67
sciences,BLU,BIM,0.3,PGD,0.4,33.338235294117645,33.5,0,67
sciences,BLU,BIM,0.3,PGD,0.5,33.338235294117645,33.5,0,67
sciences,BLU,BIM,0.3,PGD,0.6,33.338235294117645,33.5,0,67
sciences,BLU,BIM,0.3,PGD,0.7,33.338235294117645,33.5,0,67
sciences,BLU,BIM,0.3,PGD,0.8,33.338235294117645,33.5,0,67
sciences,BLU,BIM,0.3,PGD,0.9,33.338235294117645,33.5,0,67
sciences,BLU,BIM,0.3,PGD,1.0,33.338235294117645,33.5,0,67
sciences,HTC,BIM,0.3,PGD,0.1,16.573529411764707,10.0,0,59
sciences,HTC,BIM,0.3,PGD,0.2,14.654411764705882,10.0,0,56
sciences,HTC,BIM,0.3,PGD,0.3,7.801470588235294,4.0,0,53
sciences,HTC,BIM,0.3,PGD,0.4,11.147058823529411,8.0,0,48
sciences,HTC,BIM,0.3,PGD,0.5,11.147058823529411,8.0,0,48
sciences,HTC,BIM,0.3,PGD,0.6,11.147058823529411,8.0,0,48
sciences,HTC,BIM,0.3,PGD,0.7,11.147058823529411,8.0,0,48
sciences,HTC,BIM,0.3,PGD,0.8,11.147058823529411,8.0,0,48
sciences,HTC,BIM,0.3,PGD,0.9,11.147058823529411,8.0,0,48
sciences,HTC,BIM,0.3,PGD,1.0,11.147058823529411,8.0,0,48
sciences,LG,BIM,0.3,PGD,0.1,14.933823529411764,10.0,0,63
sciences,LG,BIM,0.3,PGD,0.2,10.095588235294118,3.0,0,61
sciences,LG,BIM,0.3,PGD,0.3,8.676470588235293,5.0,0,60
sciences,LG,BIM,0.3,PGD,0.4,20.66176470588235,11.0,0,59
sciences,LG,BIM,0.3,PGD,0.5,20.66176470588235,11.0,0,59
sciences,LG,BIM,0.3,PGD,0.6,20.66176470588235,11.0,0,59
sciences,LG,BIM,0.3,PGD,0.7,20.66176470588235,11.0,0,59
sciences,LG,BIM,0.3,PGD,0.8,20.66176470588235,11.0,0,59
sciences,LG,BIM,0.3,PGD,0.9,20.66176470588235,11.0,0,59
sciences,LG,BIM,0.3,PGD,1.0,20.66176470588235,11.0,0,59
sciences,MOTO,BIM,0.3,PGD,0.1,7.154411764705882,5.0,0,66
sciences,MOTO,BIM,0.3,PGD,0.2,22.066176470588236,17.5,1,67
sciences,MOTO,BIM,0.3,PGD,0.3,28.566176470588236,30.0,0,67
sciences,MOTO,BIM,0.3,PGD,0.4,27.933823529411764,24.0,0,66
sciences,MOTO,BIM,0.3,PGD,0.5,27.933823529411764,24.0,0,66
sciences,MOTO,BIM,0.3,PGD,0.6,27.933823529411764,24.0,0,66
sciences,MOTO,BIM,0.3,PGD,0.7,27.933823529411764,24.0,0,66
sciences,MOTO,BIM,0.3,PGD,0.8,27.933823529411764,24.0,0,66
sciences,MOTO,BIM,0.3,PGD,0.9,27.933823529411764,24.0,0,66
sciences,MOTO,BIM,0.3,PGD,1.0,27.933823529411764,24.0,0,66
sciences,OP3,BIM,0.3,PGD,0.1,7.411764705882353,6.0,0,43
sciences,OP3,BIM,0.3,PGD,0.2,17.514705882352942,14.0,0,57
sciences,OP3,BIM,0.3,PGD,0.3,18.477941176470587,16.0,0,57
sciences,OP3,BIM,0.3,PGD,0.4,18.941176470588236,17.0,0,45
sciences,OP3,BIM,0.3,PGD,0.5,18.941176470588236,17.0,0,45
sciences,OP3,BIM,0.3,PGD,0.6,18.941176470588236,17.0,0,45
sciences,OP3,BIM,0.3,PGD,0.7,18.941176470588236,17.0,0,45
sciences,OP3,BIM,0.3,PGD,0.8,18.941176470588236,17.0,0,45
sciences,OP3,BIM,0.3,PGD,0.9,18.941176470588236,17.0,0,45
sciences,OP3,BIM,0.3,PGD,1.0,18.941176470588236,17.0,0,45
sciences,S7,BIM,0.3,PGD,0.1,4.176470588235294,3.0,0,26
sciences,S7,BIM,0.3,PGD,0.2,19.308823529411764,16.0,0,67
sciences,S7,BIM,0.3,PGD,0.3,23.647058823529413,22.5,0,62
sciences,S7,BIM,0.3,PGD,0.4,22.941176470588236,20.0,0,54
sciences,S7,BIM,0.3,PGD,0.5,22.941176470588236,20.0,0,54
sciences,S7,BIM,0.3,PGD,0.6,22.941176470588236,20.0,0,54
sciences,S7,BIM,0.3,PGD,0.7,22.941176470588236,20.0,0,54
sciences,S7,BIM,0.3,PGD,0.8,22.941176470588236,20.0,0,54
sciences,S7,BIM,0.3,PGD,0.9,22.941176470588236,20.0,0,54
sciences,S7,BIM,0.3,PGD,1.0,22.941176470588236,20.0,0,54
sciences,BLU,BIM,0.4,PGD,0.1,7.992647058823529,6.0,0,55
sciences,BLU,BIM,0.4,PGD,0.2,29.91176470588235,27.0,0,67
sciences,BLU,BIM,0.4,PGD,0.3,32.529411764705884,32.5,0,66
sciences,BLU,BIM,0.4,PGD,0.4,32.529411764705884,32.5,0,66
sciences,BLU,BIM,0.4,PGD,0.5,32.529411764705884,32.5,0,66
sciences,BLU,BIM,0.4,PGD,0.6,32.529411764705884,32.5,0,66
sciences,BLU,BIM,0.4,PGD,0.7,32.529411764705884,32.5,0,66
sciences,BLU,BIM,0.4,PGD,0.8,32.529411764705884,32.5,0,66
sciences,BLU,BIM,0.4,PGD,0.9,32.529411764705884,32.5,0,66
sciences,BLU,BIM,0.4,PGD,1.0,32.529411764705884,32.5,0,66
sciences,HTC,BIM,0.4,PGD,0.1,14.073529411764707,10.0,0,52
sciences,HTC,BIM,0.4,PGD,0.2,19.83823529411765,17.5,0,49
sciences,HTC,BIM,0.4,PGD,0.3,16.669117647058822,14.0,0,47
sciences,HTC,BIM,0.4,PGD,0.4,7.5661764705882355,4.0,0,44
sciences,HTC,BIM,0.4,PGD,0.5,7.544117647058823,4.0,0,44
sciences,HTC,BIM,0.4,PGD,0.6,7.544117647058823,4.0,0,44
sciences,HTC,BIM,0.4,PGD,0.7,7.544117647058823,4.0,0,44
sciences,HTC,BIM,0.4,PGD,0.8,7.544117647058823,4.0,0,44
sciences,HTC,BIM,0.4,PGD,0.9,7.544117647058823,4.0,0,44
sciences,HTC,BIM,0.4,PGD,1.0,7.544117647058823,4.0,0,44
sciences,LG,BIM,0.4,PGD,0.1,14.727941176470589,11.5,0,49
sciences,LG,BIM,0.4,PGD,0.2,18.139705882352942,14.0,0,54
sciences,LG,BIM,0.4,PGD,0.3,11.279411764705882,3.0,0,60
sciences,LG,BIM,0.4,PGD,0.4,9.764705882352942,6.0,0,66
sciences,LG,BIM,0.4,PGD,0.5,9.764705882352942,6.0,0,66
sciences,LG,BIM,0.4,PGD,0.6,9.764705882352942,6.0,0,66
sciences,LG,BIM,0.4,PGD,0.7,9.764705882352942,6.0,0,66
sciences,LG,BIM,0.4,PGD,0.8,9.764705882352942,6.0,0,66
sciences,LG,BIM,0.4,PGD,0.9,9.764705882352942,6.0,0,66
sciences,LG,BIM,0.4,PGD,1.0,9.764705882352942,6.0,0,66
sciences,MOTO,BIM,0.4,PGD,0.1,7.735294117647059,6.0,0,66
sciences,MOTO,BIM,0.4,PGD,0.2,22.86764705882353,19.0,0,67
sciences,MOTO,BIM,0.4,PGD,0.3,32.529411764705884,32.5,0,66
sciences,MOTO,BIM,0.4,PGD,0.4,32.529411764705884,32.5,0,66
sciences,MOTO,BIM,0.4,PGD,0.5,32.529411764705884,32.5,0,66
sciences,MOTO,BIM,0.4,PGD,0.6,32.529411764705884,32.5,0,66
sciences,MOTO,BIM,0.4,PGD,0.7,32.529411764705884,32.5,0,66
sciences,MOTO,BIM,0.4,PGD,0.8,32.529411764705884,32.5,0,66
sciences,MOTO,BIM,0.4,PGD,0.9,32.529411764705884,32.5,0,66
sciences,MOTO,BIM,0.4,PGD,1.0,32.529411764705884,32.5,0,66
sciences,OP3,BIM,0.4,PGD,0.1,6.772058823529412,6.0,0,29
sciences,OP3,BIM,0.4,PGD,0.2,20.50735294117647,19.0,0,67
sciences,OP3,BIM,0.4,PGD,0.3,32.529411764705884,32.5,0,66
sciences,OP3,BIM,0.4,PGD,0.4,32.529411764705884,32.5,0,66
sciences,OP3,BIM,0.4,PGD,0.5,32.529411764705884,32.5,0,66
sciences,OP3,BIM,0.4,PGD,0.6,32.529411764705884,32.5,0,66
sciences,OP3,BIM,0.4,PGD,0.7,32.529411764705884,32.5,0,66
sciences,OP3,BIM,0.4,PGD,0.8,32.529411764705884,32.5,0,66
sciences,OP3,BIM,0.4,PGD,0.9,32.529411764705884,32.5,0,66
sciences,OP3,BIM,0.4,PGD,1.0,32.529411764705884,32.5,0,66
sciences,S7,BIM,0.4,PGD,0.1,4.375,4.0,0,13
sciences,S7,BIM,0.4,PGD,0.2,20.014705882352942,18.5,0,67
sciences,S7,BIM,0.4,PGD,0.3,32.35294117647059,32.0,0,66
sciences,S7,BIM,0.4,PGD,0.4,32.529411764705884,32.5,0,66
sciences,S7,BIM,0.4,PGD,0.5,32.529411764705884,32.5,0,66
sciences,S7,BIM,0.4,PGD,0.6,32.529411764705884,32.5,0,66
sciences,S7,BIM,0.4,PGD,0.7,32.529411764705884,32.5,0,66
sciences,S7,BIM,0.4,PGD,0.8,32.529411764705884,32.5,0,66
sciences,S7,BIM,0.4,PGD,0.9,32.529411764705884,32.5,0,66
sciences,S7,BIM,0.4,PGD,1.0,32.529411764705884,32.5,0,66
sciences,BLU,BIM,0.5,PGD,0.1,7.992647058823529,6.0,0,55
sciences,BLU,BIM,0.5,PGD,0.2,29.91176470588235,27.0,0,67
sciences,BLU,BIM,0.5,PGD,0.3,32.529411764705884,32.5,0,66
sciences,BLU,BIM,0.5,PGD,0.4,32.529411764705884,32.5,0,66
sciences,BLU,BIM,0.5,PGD,0.5,32.529411764705884,32.5,0,66
sciences,BLU,BIM,0.5,PGD,0.6,32.529411764705884,32.5,0,66
sciences,BLU,BIM,0.5,PGD,0.7,32.529411764705884,32.5,0,66
sciences,BLU,BIM,0.5,PGD,0.8,32.529411764705884,32.5,0,66
sciences,BLU,BIM,0.5,PGD,0.9,32.529411764705884,32.5,0,66
sciences,BLU,BIM,0.5,PGD,1.0,32.529411764705884,32.5,0,66
sciences,HTC,BIM,0.5,PGD,0.1,14.073529411764707,10.0,0,52
sciences,HTC,BIM,0.5,PGD,0.2,19.83823529411765,17.5,0,49
sciences,HTC,BIM,0.5,PGD,0.3,16.669117647058822,14.0,0,47
sciences,HTC,BIM,0.5,PGD,0.4,7.5661764705882355,4.0,0,44
sciences,HTC,BIM,0.5,PGD,0.5,7.5661764705882355,4.0,0,44
sciences,HTC,BIM,0.5,PGD,0.6,7.5661764705882355,4.0,0,44
sciences,HTC,BIM,0.5,PGD,0.7,7.5661764705882355,4.0,0,44
sciences,HTC,BIM,0.5,PGD,0.8,7.5661764705882355,4.0,0,44
sciences,HTC,BIM,0.5,PGD,0.9,7.5661764705882355,4.0,0,44
sciences,HTC,BIM,0.5,PGD,1.0,7.5661764705882355,4.0,0,44
sciences,LG,BIM,0.5,PGD,0.1,14.727941176470589,11.5,0,49
sciences,LG,BIM,0.5,PGD,0.2,18.139705882352942,14.0,0,54
sciences,LG,BIM,0.5,PGD,0.3,11.279411764705882,3.0,0,60
sciences,LG,BIM,0.5,PGD,0.4,9.764705882352942,6.0,0,66
sciences,LG,BIM,0.5,PGD,0.5,9.764705882352942,6.0,0,66
sciences,LG,BIM,0.5,PGD,0.6,9.764705882352942,6.0,0,66
sciences,LG,BIM,0.5,PGD,0.7,9.764705882352942,6.0,0,66
sciences,LG,BIM,0.5,PGD,0.8,9.764705882352942,6.0,0,66
sciences,LG,BIM,0.5,PGD,0.9,9.764705882352942,6.0,0,66
sciences,LG,BIM,0.5,PGD,1.0,9.764705882352942,6.0,0,66
sciences,MOTO,BIM,0.5,PGD,0.1,7.735294117647059,6.0,0,66
sciences,MOTO,BIM,0.5,PGD,0.2,22.86764705882353,19.0,0,67
sciences,MOTO,BIM,0.5,PGD,0.3,32.529411764705884,32.5,0,66
sciences,MOTO,BIM,0.5,PGD,0.4,32.529411764705884,32.5,0,66
sciences,MOTO,BIM,0.5,PGD,0.5,32.529411764705884,32.5,0,66
sciences,MOTO,BIM,0.5,PGD,0.6,32.529411764705884,32.5,0,66
sciences,MOTO,BIM,0.5,PGD,0.7,32.529411764705884,32.5,0,66
sciences,MOTO,BIM,0.5,PGD,0.8,32.529411764705884,32.5,0,66
sciences,MOTO,BIM,0.5,PGD,0.9,32.529411764705884,32.5,0,66
sciences,MOTO,BIM,0.5,PGD,1.0,32.529411764705884,32.5,0,66
sciences,OP3,BIM,0.5,PGD,0.1,6.772058823529412,6.0,0,29
sciences,OP3,BIM,0.5,PGD,0.2,20.50735294117647,19.0,0,67
sciences,OP3,BIM,0.5,PGD,0.3,32.529411764705884,32.5,0,66
sciences,OP3,BIM,0.5,PGD,0.4,32.529411764705884,32.5,0,66
sciences,OP3,BIM,0.5,PGD,0.5,32.529411764705884,32.5,0,66
sciences,OP3,BIM,0.5,PGD,0.6,32.529411764705884,32.5,0,66
sciences,OP3,BIM,0.5,PGD,0.7,32.529411764705884,32.5,0,66
sciences,OP3,BIM,0.5,PGD,0.8,32.529411764705884,32.5,0,66
sciences,OP3,BIM,0.5,PGD,0.9,32.529411764705884,32.5,0,66
sciences,OP3,BIM,0.5,PGD,1.0,32.529411764705884,32.5,0,66
sciences,S7,BIM,0.5,PGD,0.1,4.375,4.0,0,13
sciences,S7,BIM,0.5,PGD,0.2,20.014705882352942,18.5,0,67
sciences,S7,BIM,0.5,PGD,0.3,32.35294117647059,32.0,0,66
sciences,S7,BIM,0.5,PGD,0.4,32.529411764705884,32.5,0,66
sciences,S7,BIM,0.5,PGD,0.5,32.529411764705884,32.5,0,66
sciences,S7,BIM,0.5,PGD,0.6,32.529411764705884,32.5,0,66
sciences,S7,BIM,0.5,PGD,0.7,32.529411764705884,32.5,0,66
sciences,S7,BIM,0.5,PGD,0.8,32.529411764705884,32.5,0,66
sciences,S7,BIM,0.5,PGD,0.9,32.529411764705884,32.5,0,66
sciences,S7,BIM,0.5,PGD,1.0,32.529411764705884,32.5,0,66
sciences,BLU,BIM,0.6,PGD,0.1,7.992647058823529,6.0,0,55
sciences,BLU,BIM,0.6,PGD,0.2,29.91176470588235,27.0,0,67
sciences,BLU,BIM,0.6,PGD,0.3,32.529411764705884,32.5,0,66
sciences,BLU,BIM,0.6,PGD,0.4,32.529411764705884,32.5,0,66
sciences,BLU,BIM,0.6,PGD,0.5,32.529411764705884,32.5,0,66
sciences,BLU,BIM,0.6,PGD,0.6,32.529411764705884,32.5,0,66
sciences,BLU,BIM,0.6,PGD,0.7,32.529411764705884,32.5,0,66
sciences,BLU,BIM,0.6,PGD,0.8,32.529411764705884,32.5,0,66
sciences,BLU,BIM,0.6,PGD,0.9,32.529411764705884,32.5,0,66
sciences,BLU,BIM,0.6,PGD,1.0,32.529411764705884,32.5,0,66
sciences,HTC,BIM,0.6,PGD,0.1,14.073529411764707,10.0,0,52
sciences,HTC,BIM,0.6,PGD,0.2,19.83823529411765,17.5,0,49
sciences,HTC,BIM,0.6,PGD,0.3,16.669117647058822,14.0,0,47
sciences,HTC,BIM,0.6,PGD,0.4,7.5661764705882355,4.0,0,44
sciences,HTC,BIM,0.6,PGD,0.5,7.5661764705882355,4.0,0,44
sciences,HTC,BIM,0.6,PGD,0.6,7.5661764705882355,4.0,0,44
sciences,HTC,BIM,0.6,PGD,0.7,7.5661764705882355,4.0,0,44
sciences,HTC,BIM,0.6,PGD,0.8,7.5661764705882355,4.0,0,44
sciences,HTC,BIM,0.6,PGD,0.9,7.5661764705882355,4.0,0,44
sciences,HTC,BIM,0.6,PGD,1.0,7.5661764705882355,4.0,0,44
sciences,LG,BIM,0.6,PGD,0.1,14.727941176470589,11.5,0,49
sciences,LG,BIM,0.6,PGD,0.2,18.139705882352942,14.0,0,54
sciences,LG,BIM,0.6,PGD,0.3,11.279411764705882,3.0,0,60
sciences,LG,BIM,0.6,PGD,0.4,9.764705882352942,6.0,0,66
sciences,LG,BIM,0.6,PGD,0.5,9.764705882352942,6.0,0,66
sciences,LG,BIM,0.6,PGD,0.6,9.764705882352942,6.0,0,66
sciences,LG,BIM,0.6,PGD,0.7,9.764705882352942,6.0,0,66
sciences,LG,BIM,0.6,PGD,0.8,9.764705882352942,6.0,0,66
sciences,LG,BIM,0.6,PGD,0.9,9.764705882352942,6.0,0,66
sciences,LG,BIM,0.6,PGD,1.0,9.764705882352942,6.0,0,66
sciences,MOTO,BIM,0.6,PGD,0.1,7.735294117647059,6.0,0,66
sciences,MOTO,BIM,0.6,PGD,0.2,22.86764705882353,19.0,0,67
sciences,MOTO,BIM,0.6,PGD,0.3,32.529411764705884,32.5,0,66
sciences,MOTO,BIM,0.6,PGD,0.4,32.529411764705884,32.5,0,66
sciences,MOTO,BIM,0.6,PGD,0.5,32.529411764705884,32.5,0,66
sciences,MOTO,BIM,0.6,PGD,0.6,32.529411764705884,32.5,0,66
sciences,MOTO,BIM,0.6,PGD,0.7,32.529411764705884,32.5,0,66
sciences,MOTO,BIM,0.6,PGD,0.8,32.529411764705884,32.5,0,66
sciences,MOTO,BIM,0.6,PGD,0.9,32.529411764705884,32.5,0,66
sciences,MOTO,BIM,0.6,PGD,1.0,32.529411764705884,32.5,0,66
sciences,OP3,BIM,0.6,PGD,0.1,6.772058823529412,6.0,0,29
sciences,OP3,BIM,0.6,PGD,0.2,20.50735294117647,19.0,0,67
sciences,OP3,BIM,0.6,PGD,0.3,32.529411764705884,32.5,0,66
sciences,OP3,BIM,0.6,PGD,0.4,32.529411764705884,32.5,0,66
sciences,OP3,BIM,0.6,PGD,0.5,32.529411764705884,32.5,0,66
sciences,OP3,BIM,0.6,PGD,0.6,32.529411764705884,32.5,0,66
sciences,OP3,BIM,0.6,PGD,0.7,32.529411764705884,32.5,0,66
sciences,OP3,BIM,0.6,PGD,0.8,32.529411764705884,32.5,0,66
sciences,OP3,BIM,0.6,PGD,0.9,32.529411764705884,32.5,0,66
sciences,OP3,BIM,0.6,PGD,1.0,32.529411764705884,32.5,0,66
sciences,S7,BIM,0.6,PGD,0.1,4.375,4.0,0,13
sciences,S7,BIM,0.6,PGD,0.2,20.014705882352942,18.5,0,67
sciences,S7,BIM,0.6,PGD,0.3,32.35294117647059,32.0,0,66
sciences,S7,BIM,0.6,PGD,0.4,32.529411764705884,32.5,0,66
sciences,S7,BIM,0.6,PGD,0.5,32.529411764705884,32.5,0,66
sciences,S7,BIM,0.6,PGD,0.6,32.529411764705884,32.5,0,66
sciences,S7,BIM,0.6,PGD,0.7,32.529411764705884,32.5,0,66
sciences,S7,BIM,0.6,PGD,0.8,32.529411764705884,32.5,0,66
sciences,S7,BIM,0.6,PGD,0.9,32.529411764705884,32.5,0,66
sciences,S7,BIM,0.6,PGD,1.0,32.529411764705884,32.5,0,66
sciences,BLU,BIM,0.7,PGD,0.1,7.992647058823529,6.0,0,55
sciences,BLU,BIM,0.7,PGD,0.2,29.91176470588235,27.0,0,67
sciences,BLU,BIM,0.7,PGD,0.3,32.529411764705884,32.5,0,66
sciences,BLU,BIM,0.7,PGD,0.4,32.529411764705884,32.5,0,66
sciences,BLU,BIM,0.7,PGD,0.5,32.529411764705884,32.5,0,66
sciences,BLU,BIM,0.7,PGD,0.6,32.529411764705884,32.5,0,66
sciences,BLU,BIM,0.7,PGD,0.7,32.529411764705884,32.5,0,66
sciences,BLU,BIM,0.7,PGD,0.8,32.529411764705884,32.5,0,66
sciences,BLU,BIM,0.7,PGD,0.9,32.529411764705884,32.5,0,66
sciences,BLU,BIM,0.7,PGD,1.0,32.529411764705884,32.5,0,66
sciences,HTC,BIM,0.7,PGD,0.1,14.073529411764707,10.0,0,52
sciences,HTC,BIM,0.7,PGD,0.2,19.83823529411765,17.5,0,49
sciences,HTC,BIM,0.7,PGD,0.3,16.669117647058822,14.0,0,47
sciences,HTC,BIM,0.7,PGD,0.4,7.5661764705882355,4.0,0,44
sciences,HTC,BIM,0.7,PGD,0.5,7.5661764705882355,4.0,0,44
sciences,HTC,BIM,0.7,PGD,0.6,7.5661764705882355,4.0,0,44
sciences,HTC,BIM,0.7,PGD,0.7,7.5661764705882355,4.0,0,44
sciences,HTC,BIM,0.7,PGD,0.8,7.5661764705882355,4.0,0,44
sciences,HTC,BIM,0.7,PGD,0.9,7.5661764705882355,4.0,0,44
sciences,HTC,BIM,0.7,PGD,1.0,7.5661764705882355,4.0,0,44
sciences,LG,BIM,0.7,PGD,0.1,14.727941176470589,11.5,0,49
sciences,LG,BIM,0.7,PGD,0.2,18.139705882352942,14.0,0,54
sciences,LG,BIM,0.7,PGD,0.3,11.279411764705882,3.0,0,60
sciences,LG,BIM,0.7,PGD,0.4,9.764705882352942,6.0,0,66
sciences,LG,BIM,0.7,PGD,0.5,9.764705882352942,6.0,0,66
sciences,LG,BIM,0.7,PGD,0.6,9.764705882352942,6.0,0,66
sciences,LG,BIM,0.7,PGD,0.7,9.764705882352942,6.0,0,66
sciences,LG,BIM,0.7,PGD,0.8,9.764705882352942,6.0,0,66
sciences,LG,BIM,0.7,PGD,0.9,9.764705882352942,6.0,0,66
sciences,LG,BIM,0.7,PGD,1.0,9.764705882352942,6.0,0,66
sciences,MOTO,BIM,0.7,PGD,0.1,7.735294117647059,6.0,0,66
sciences,MOTO,BIM,0.7,PGD,0.2,22.86764705882353,19.0,0,67
sciences,MOTO,BIM,0.7,PGD,0.3,32.529411764705884,32.5,0,66
sciences,MOTO,BIM,0.7,PGD,0.4,32.529411764705884,32.5,0,66
sciences,MOTO,BIM,0.7,PGD,0.5,32.529411764705884,32.5,0,66
sciences,MOTO,BIM,0.7,PGD,0.6,32.529411764705884,32.5,0,66
sciences,MOTO,BIM,0.7,PGD,0.7,32.529411764705884,32.5,0,66
sciences,MOTO,BIM,0.7,PGD,0.8,32.529411764705884,32.5,0,66
sciences,MOTO,BIM,0.7,PGD,0.9,32.529411764705884,32.5,0,66
sciences,MOTO,BIM,0.7,PGD,1.0,32.529411764705884,32.5,0,66
sciences,OP3,BIM,0.7,PGD,0.1,6.772058823529412,6.0,0,29
sciences,OP3,BIM,0.7,PGD,0.2,20.50735294117647,19.0,0,67
sciences,OP3,BIM,0.7,PGD,0.3,32.529411764705884,32.5,0,66
sciences,OP3,BIM,0.7,PGD,0.4,32.529411764705884,32.5,0,66
sciences,OP3,BIM,0.7,PGD,0.5,32.529411764705884,32.5,0,66
sciences,OP3,BIM,0.7,PGD,0.6,32.529411764705884,32.5,0,66
sciences,OP3,BIM,0.7,PGD,0.7,32.529411764705884,32.5,0,66
sciences,OP3,BIM,0.7,PGD,0.8,32.529411764705884,32.5,0,66
sciences,OP3,BIM,0.7,PGD,0.9,32.529411764705884,32.5,0,66
sciences,OP3,BIM,0.7,PGD,1.0,32.529411764705884,32.5,0,66
sciences,S7,BIM,0.7,PGD,0.1,4.375,4.0,0,13
sciences,S7,BIM,0.7,PGD,0.2,20.014705882352942,18.5,0,67
sciences,S7,BIM,0.7,PGD,0.3,32.35294117647059,32.0,0,66
sciences,S7,BIM,0.7,PGD,0.4,32.529411764705884,32.5,0,66
sciences,S7,BIM,0.7,PGD,0.5,32.529411764705884,32.5,0,66
sciences,S7,BIM,0.7,PGD,0.6,32.529411764705884,32.5,0,66
sciences,S7,BIM,0.7,PGD,0.7,32.529411764705884,32.5,0,66
sciences,S7,BIM,0.7,PGD,0.8,32.529411764705884,32.5,0,66
sciences,S7,BIM,0.7,PGD,0.9,32.529411764705884,32.5,0,66
sciences,S7,BIM,0.7,PGD,1.0,32.529411764705884,32.5,0,66
sciences,BLU,BIM,0.8,PGD,0.1,7.992647058823529,6.0,0,55
sciences,BLU,BIM,0.8,PGD,0.2,29.91176470588235,27.0,0,67
sciences,BLU,BIM,0.8,PGD,0.3,32.529411764705884,32.5,0,66
sciences,BLU,BIM,0.8,PGD,0.4,32.529411764705884,32.5,0,66
sciences,BLU,BIM,0.8,PGD,0.5,32.529411764705884,32.5,0,66
sciences,BLU,BIM,0.8,PGD,0.6,32.529411764705884,32.5,0,66
sciences,BLU,BIM,0.8,PGD,0.7,32.529411764705884,32.5,0,66
sciences,BLU,BIM,0.8,PGD,0.8,32.529411764705884,32.5,0,66
sciences,BLU,BIM,0.8,PGD,0.9,32.529411764705884,32.5,0,66
sciences,BLU,BIM,0.8,PGD,1.0,32.529411764705884,32.5,0,66
sciences,HTC,BIM,0.8,PGD,0.1,14.073529411764707,10.0,0,52
sciences,HTC,BIM,0.8,PGD,0.2,19.83823529411765,17.5,0,49
sciences,HTC,BIM,0.8,PGD,0.3,16.669117647058822,14.0,0,47
sciences,HTC,BIM,0.8,PGD,0.4,7.5661764705882355,4.0,0,44
sciences,HTC,BIM,0.8,PGD,0.5,7.5661764705882355,4.0,0,44
sciences,HTC,BIM,0.8,PGD,0.6,7.5661764705882355,4.0,0,44
sciences,HTC,BIM,0.8,PGD,0.7,7.5661764705882355,4.0,0,44
sciences,HTC,BIM,0.8,PGD,0.8,7.5661764705882355,4.0,0,44
sciences,HTC,BIM,0.8,PGD,0.9,7.5661764705882355,4.0,0,44
sciences,HTC,BIM,0.8,PGD,1.0,7.5661764705882355,4.0,0,44
sciences,LG,BIM,0.8,PGD,0.1,14.727941176470589,11.5,0,49
sciences,LG,BIM,0.8,PGD,0.2,18.139705882352942,14.0,0,54
sciences,LG,BIM,0.8,PGD,0.3,11.279411764705882,3.0,0,60
sciences,LG,BIM,0.8,PGD,0.4,9.764705882352942,6.0,0,66
sciences,LG,BIM,0.8,PGD,0.5,9.764705882352942,6.0,0,66
sciences,LG,BIM,0.8,PGD,0.6,9.764705882352942,6.0,0,66
sciences,LG,BIM,0.8,PGD,0.7,9.764705882352942,6.0,0,66
sciences,LG,BIM,0.8,PGD,0.8,9.764705882352942,6.0,0,66
sciences,LG,BIM,0.8,PGD,0.9,9.764705882352942,6.0,0,66
sciences,LG,BIM,0.8,PGD,1.0,9.764705882352942,6.0,0,66
sciences,MOTO,BIM,0.8,PGD,0.1,7.735294117647059,6.0,0,66
sciences,MOTO,BIM,0.8,PGD,0.2,22.86764705882353,19.0,0,67
sciences,MOTO,BIM,0.8,PGD,0.3,32.529411764705884,32.5,0,66
sciences,MOTO,BIM,0.8,PGD,0.4,32.529411764705884,32.5,0,66
sciences,MOTO,BIM,0.8,PGD,0.5,32.529411764705884,32.5,0,66
sciences,MOTO,BIM,0.8,PGD,0.6,32.529411764705884,32.5,0,66
sciences,MOTO,BIM,0.8,PGD,0.7,32.529411764705884,32.5,0,66
sciences,MOTO,BIM,0.8,PGD,0.8,32.529411764705884,32.5,0,66
sciences,MOTO,BIM,0.8,PGD,0.9,32.529411764705884,32.5,0,66
sciences,MOTO,BIM,0.8,PGD,1.0,32.529411764705884,32.5,0,66
sciences,OP3,BIM,0.8,PGD,0.1,6.772058823529412,6.0,0,29
sciences,OP3,BIM,0.8,PGD,0.2,20.50735294117647,19.0,0,67
sciences,OP3,BIM,0.8,PGD,0.3,32.529411764705884,32.5,0,66
sciences,OP3,BIM,0.8,PGD,0.4,32.529411764705884,32.5,0,66
sciences,OP3,BIM,0.8,PGD,0.5,32.529411764705884,32.5,0,66
sciences,OP3,BIM,0.8,PGD,0.6,32.529411764705884,32.5,0,66
sciences,OP3,BIM,0.8,PGD,0.7,32.529411764705884,32.5,0,66
sciences,OP3,BIM,0.8,PGD,0.8,32.529411764705884,32.5,0,66
sciences,OP3,BIM,0.8,PGD,0.9,32.529411764705884,32.5,0,66
sciences,OP3,BIM,0.8,PGD,1.0,32.529411764705884,32.5,0,66
sciences,S7,BIM,0.8,PGD,0.1,4.375,4.0,0,13
sciences,S7,BIM,0.8,PGD,0.2,20.014705882352942,18.5,0,67
sciences,S7,BIM,0.8,PGD,0.3,32.35294117647059,32.0,0,66
sciences,S7,BIM,0.8,PGD,0.4,32.529411764705884,32.5,0,66
sciences,S7,BIM,0.8,PGD,0.5,32.529411764705884,32.5,0,66
sciences,S7,BIM,0.8,PGD,0.6,32.529411764705884,32.5,0,66
sciences,S7,BIM,0.8,PGD,0.7,32.529411764705884,32.5,0,66
sciences,S7,BIM,0.8,PGD,0.8,32.529411764705884,32.5,0,66
sciences,S7,BIM,0.8,PGD,0.9,32.529411764705884,32.5,0,66
sciences,S7,BIM,0.8,PGD,1.0,32.529411764705884,32.5,0,66
sciences,BLU,BIM,0.9,PGD,0.1,7.992647058823529,6.0,0,55
sciences,BLU,BIM,0.9,PGD,0.2,29.91176470588235,27.0,0,67
sciences,BLU,BIM,0.9,PGD,0.3,32.529411764705884,32.5,0,66
sciences,BLU,BIM,0.9,PGD,0.4,32.529411764705884,32.5,0,66
sciences,BLU,BIM,0.9,PGD,0.5,32.529411764705884,32.5,0,66
sciences,BLU,BIM,0.9,PGD,0.6,32.529411764705884,32.5,0,66
sciences,BLU,BIM,0.9,PGD,0.7,32.529411764705884,32.5,0,66
sciences,BLU,BIM,0.9,PGD,0.8,32.529411764705884,32.5,0,66
sciences,BLU,BIM,0.9,PGD,0.9,32.529411764705884,32.5,0,66
sciences,BLU,BIM,0.9,PGD,1.0,32.529411764705884,32.5,0,66
sciences,HTC,BIM,0.9,PGD,0.1,14.073529411764707,10.0,0,52
sciences,HTC,BIM,0.9,PGD,0.2,19.83823529411765,17.5,0,49
sciences,HTC,BIM,0.9,PGD,0.3,16.669117647058822,14.0,0,47
sciences,HTC,BIM,0.9,PGD,0.4,7.5661764705882355,4.0,0,44
sciences,HTC,BIM,0.9,PGD,0.5,7.5661764705882355,4.0,0,44
sciences,HTC,BIM,0.9,PGD,0.6,7.5661764705882355,4.0,0,44
sciences,HTC,BIM,0.9,PGD,0.7,7.5661764705882355,4.0,0,44
sciences,HTC,BIM,0.9,PGD,0.8,7.5661764705882355,4.0,0,44
sciences,HTC,BIM,0.9,PGD,0.9,7.5661764705882355,4.0,0,44
sciences,HTC,BIM,0.9,PGD,1.0,7.5661764705882355,4.0,0,44
sciences,LG,BIM,0.9,PGD,0.1,14.727941176470589,11.5,0,49
sciences,LG,BIM,0.9,PGD,0.2,18.139705882352942,14.0,0,54
sciences,LG,BIM,0.9,PGD,0.3,11.279411764705882,3.0,0,60
sciences,LG,BIM,0.9,PGD,0.4,9.764705882352942,6.0,0,66
sciences,LG,BIM,0.9,PGD,0.5,9.764705882352942,6.0,0,66
sciences,LG,BIM,0.9,PGD,0.6,9.764705882352942,6.0,0,66
sciences,LG,BIM,0.9,PGD,0.7,9.764705882352942,6.0,0,66
sciences,LG,BIM,0.9,PGD,0.8,9.764705882352942,6.0,0,66
sciences,LG,BIM,0.9,PGD,0.9,9.764705882352942,6.0,0,66
sciences,LG,BIM,0.9,PGD,1.0,9.764705882352942,6.0,0,66
sciences,MOTO,BIM,0.9,PGD,0.1,7.735294117647059,6.0,0,66
sciences,MOTO,BIM,0.9,PGD,0.2,22.86764705882353,19.0,0,67
sciences,MOTO,BIM,0.9,PGD,0.3,32.529411764705884,32.5,0,66
sciences,MOTO,BIM,0.9,PGD,0.4,32.529411764705884,32.5,0,66
sciences,MOTO,BIM,0.9,PGD,0.5,32.529411764705884,32.5,0,66
sciences,MOTO,BIM,0.9,PGD,0.6,32.529411764705884,32.5,0,66
sciences,MOTO,BIM,0.9,PGD,0.7,32.529411764705884,32.5,0,66
sciences,MOTO,BIM,0.9,PGD,0.8,32.529411764705884,32.5,0,66
sciences,MOTO,BIM,0.9,PGD,0.9,32.529411764705884,32.5,0,66
sciences,MOTO,BIM,0.9,PGD,1.0,32.529411764705884,32.5,0,66
sciences,OP3,BIM,0.9,PGD,0.1,6.772058823529412,6.0,0,29
sciences,OP3,BIM,0.9,PGD,0.2,20.50735294117647,19.0,0,67
sciences,OP3,BIM,0.9,PGD,0.3,32.529411764705884,32.5,0,66
sciences,OP3,BIM,0.9,PGD,0.4,32.529411764705884,32.5,0,66
sciences,OP3,BIM,0.9,PGD,0.5,32.529411764705884,32.5,0,66
sciences,OP3,BIM,0.9,PGD,0.6,32.529411764705884,32.5,0,66
sciences,OP3,BIM,0.9,PGD,0.7,32.529411764705884,32.5,0,66
sciences,OP3,BIM,0.9,PGD,0.8,32.529411764705884,32.5,0,66
sciences,OP3,BIM,0.9,PGD,0.9,32.529411764705884,32.5,0,66
sciences,OP3,BIM,0.9,PGD,1.0,32.529411764705884,32.5,0,66
sciences,S7,BIM,0.9,PGD,0.1,4.375,4.0,0,13
sciences,S7,BIM,0.9,PGD,0.2,20.014705882352942,18.5,0,67
sciences,S7,BIM,0.9,PGD,0.3,32.35294117647059,32.0,0,66
sciences,S7,BIM,0.9,PGD,0.4,32.529411764705884,32.5,0,66
sciences,S7,BIM,0.9,PGD,0.5,32.529411764705884,32.5,0,66
sciences,S7,BIM,0.9,PGD,0.6,32.529411764705884,32.5,0,66
sciences,S7,BIM,0.9,PGD,0.7,32.529411764705884,32.5,0,66
sciences,S7,BIM,0.9,PGD,0.8,32.529411764705884,32.5,0,66
sciences,S7,BIM,0.9,PGD,0.9,32.529411764705884,32.5,0,66
sciences,S7,BIM,0.9,PGD,1.0,32.529411764705884,32.5,0,66
sciences,BLU,BIM,1.0,PGD,0.1,7.992647058823529,6.0,0,55
sciences,BLU,BIM,1.0,PGD,0.2,29.91176470588235,27.0,0,67
sciences,BLU,BIM,1.0,PGD,0.3,32.529411764705884,32.5,0,66
sciences,BLU,BIM,1.0,PGD,0.4,32.529411764705884,32.5,0,66
sciences,BLU,BIM,1.0,PGD,0.5,32.529411764705884,32.5,0,66
sciences,BLU,BIM,1.0,PGD,0.6,32.529411764705884,32.5,0,66
sciences,BLU,BIM,1.0,PGD,0.7,32.529411764705884,32.5,0,66
sciences,BLU,BIM,1.0,PGD,0.8,32.529411764705884,32.5,0,66
sciences,BLU,BIM,1.0,PGD,0.9,32.529411764705884,32.5,0,66
sciences,BLU,BIM,1.0,PGD,1.0,32.529411764705884,32.5,0,66
sciences,HTC,BIM,1.0,PGD,0.1,14.073529411764707,10.0,0,52
sciences,HTC,BIM,1.0,PGD,0.2,19.83823529411765,17.5,0,49
sciences,HTC,BIM,1.0,PGD,0.3,16.669117647058822,14.0,0,47
sciences,HTC,BIM,1.0,PGD,0.4,7.5661764705882355,4.0,0,44
sciences,HTC,BIM,1.0,PGD,0.5,7.5661764705882355,4.0,0,44
sciences,HTC,BIM,1.0,PGD,0.6,7.5661764705882355,4.0,0,44
sciences,HTC,BIM,1.0,PGD,0.7,7.5661764705882355,4.0,0,44
sciences,HTC,BIM,1.0,PGD,0.8,7.5661764705882355,4.0,0,44
sciences,HTC,BIM,1.0,PGD,0.9,7.5661764705882355,4.0,0,44
sciences,HTC,BIM,1.0,PGD,1.0,7.5661764705882355,4.0,0,44
sciences,LG,BIM,1.0,PGD,0.1,14.727941176470589,11.5,0,49
sciences,LG,BIM,1.0,PGD,0.2,18.139705882352942,14.0,0,54
sciences,LG,BIM,1.0,PGD,0.3,11.279411764705882,3.0,0,60
sciences,LG,BIM,1.0,PGD,0.4,9.764705882352942,6.0,0,66
sciences,LG,BIM,1.0,PGD,0.5,9.764705882352942,6.0,0,66
sciences,LG,BIM,1.0,PGD,0.6,9.764705882352942,6.0,0,66
sciences,LG,BIM,1.0,PGD,0.7,9.764705882352942,6.0,0,66
sciences,LG,BIM,1.0,PGD,0.8,9.764705882352942,6.0,0,66
sciences,LG,BIM,1.0,PGD,0.9,9.764705882352942,6.0,0,66
sciences,LG,BIM,1.0,PGD,1.0,9.764705882352942,6.0,0,66
sciences,MOTO,BIM,1.0,PGD,0.1,7.735294117647059,6.0,0,66
sciences,MOTO,BIM,1.0,PGD,0.2,22.86764705882353,19.0,0,67
sciences,MOTO,BIM,1.0,PGD,0.3,32.529411764705884,32.5,0,66
sciences,MOTO,BIM,1.0,PGD,0.4,32.529411764705884,32.5,0,66
sciences,MOTO,BIM,1.0,PGD,0.5,32.529411764705884,32.5,0,66
sciences,MOTO,BIM,1.0,PGD,0.6,32.529411764705884,32.5,0,66
sciences,MOTO,BIM,1.0,PGD,0.7,32.529411764705884,32.5,0,66
sciences,MOTO,BIM,1.0,PGD,0.8,32.529411764705884,32.5,0,66
sciences,MOTO,BIM,1.0,PGD,0.9,32.529411764705884,32.5,0,66
sciences,MOTO,BIM,1.0,PGD,1.0,32.529411764705884,32.5,0,66
sciences,OP3,BIM,1.0,PGD,0.1,6.772058823529412,6.0,0,29
sciences,OP3,BIM,1.0,PGD,0.2,20.50735294117647,19.0,0,67
sciences,OP3,BIM,1.0,PGD,0.3,32.529411764705884,32.5,0,66
sciences,OP3,BIM,1.0,PGD,0.4,32.529411764705884,32.5,0,66
sciences,OP3,BIM,1.0,PGD,0.5,32.529411764705884,32.5,0,66
sciences,OP3,BIM,1.0,PGD,0.6,32.529411764705884,32.5,0,66
sciences,OP3,BIM,1.0,PGD,0.7,32.529411764705884,32.5,0,66
sciences,OP3,BIM,1.0,PGD,0.8,32.529411764705884,32.5,0,66
sciences,OP3,BIM,1.0,PGD,0.9,32.529411764705884,32.5,0,66
sciences,OP3,BIM,1.0,PGD,1.0,32.529411764705884,32.5,0,66
sciences,S7,BIM,1.0,PGD,0.1,4.375,4.0,0,13
sciences,S7,BIM,1.0,PGD,0.2,20.014705882352942,18.5,0,67
sciences,S7,BIM,1.0,PGD,0.3,32.35294117647059,32.0,0,66
sciences,S7,BIM,1.0,PGD,0.4,32.529411764705884,32.5,0,66
sciences,S7,BIM,1.0,PGD,0.5,32.529411764705884,32.5,0,66
sciences,S7,BIM,1.0,PGD,0.6,32.529411764705884,32.5,0,66
sciences,S7,BIM,1.0,PGD,0.7,32.529411764705884,32.5,0,66
sciences,S7,BIM,1.0,PGD,0.8,32.529411764705884,32.5,0,66
sciences,S7,BIM,1.0,PGD,0.9,32.529411764705884,32.5,0,66
sciences,S7,BIM,1.0,PGD,1.0,32.529411764705884,32.5,0,66
sciences,BLU,FGSM,0.1,MIM,0.1,21.830882352941178,9.0,0,63
sciences,BLU,FGSM,0.1,MIM,0.2,28.654411764705884,28.5,0,62
sciences,BLU,FGSM,0.1,MIM,0.3,28.941176470588236,28.5,0,62
sciences,BLU,FGSM,0.1,MIM,0.4,28.941176470588236,28.5,0,62
sciences,BLU,FGSM,0.1,MIM,0.5,28.941176470588236,28.5,0,62
sciences,BLU,FGSM,0.1,MIM,0.6,28.941176470588236,28.5,0,62
sciences,BLU,FGSM,0.1,MIM,0.7,28.941176470588236,28.5,0,62
sciences,BLU,FGSM,0.1,MIM,0.8,28.941176470588236,28.5,0,62
sciences,BLU,FGSM,0.1,MIM,0.9,28.941176470588236,28.5,0,62
sciences,BLU,FGSM,0.1,MIM,1.0,28.941176470588236,28.5,0,62
sciences,HTC,FGSM,0.1,MIM,0.1,11.492647058823529,7.0,0,47
sciences,HTC,FGSM,0.1,MIM,0.2,19.46323529411765,16.5,0,47
sciences,HTC,FGSM,0.1,MIM,0.3,19.389705882352942,16.5,0,47
sciences,HTC,FGSM,0.1,MIM,0.4,19.33823529411765,17.0,0,47
sciences,HTC,FGSM,0.1,MIM,0.5,19.33823529411765,17.0,0,47
sciences,HTC,FGSM,0.1,MIM,0.6,19.33823529411765,17.0,0,47
sciences,HTC,FGSM,0.1,MIM,0.7,19.33823529411765,17.0,0,47
sciences,HTC,FGSM,0.1,MIM,0.8,19.33823529411765,17.0,0,47
sciences,HTC,FGSM,0.1,MIM,0.9,19.33823529411765,17.0,0,47
sciences,HTC,FGSM,0.1,MIM,1.0,19.33823529411765,17.0,0,47
sciences,LG,FGSM,0.1,MIM,0.1,14.933823529411764,12.0,0,44
sciences,LG,FGSM,0.1,MIM,0.2,18.860294117647058,15.0,0,47
sciences,LG,FGSM,0.1,MIM,0.3,19.014705882352942,16.0,0,46
sciences,LG,FGSM,0.1,MIM,0.4,18.985294117647058,16.0,0,46
sciences,LG,FGSM,0.1,MIM,0.5,18.985294117647058,16.0,0,46
sciences,LG,FGSM,0.1,MIM,0.6,18.985294117647058,16.0,0,46
sciences,LG,FGSM,0.1,MIM,0.7,18.985294117647058,16.0,0,46
sciences,LG,FGSM,0.1,MIM,0.8,18.985294117647058,16.0,0,46
sciences,LG,FGSM,0.1,MIM,0.9,18.985294117647058,16.0,0,46
sciences,LG,FGSM,0.1,MIM,1.0,18.985294117647058,16.0,0,46
sciences,MOTO,FGSM,0.1,MIM,0.1,19.5,10.0,0,58
sciences,MOTO,FGSM,0.1,MIM,0.2,28.38235294117647,28.0,0,62
sciences,MOTO,FGSM,0.1,MIM,0.3,28.941176470588236,28.5,0,62
sciences,MOTO,FGSM,0.1,MIM,0.4,28.941176470588236,28.5,0,62
sciences,MOTO,FGSM,0.1,MIM,0.5,28.941176470588236,28.5,0,62
sciences,MOTO,FGSM,0.1,MIM,0.6,28.941176470588236,28.5,0,62
sciences,MOTO,FGSM,0.1,MIM,0.7,28.941176470588236,28.5,0,62
sciences,MOTO,FGSM,0.1,MIM,0.8,28.941176470588236,28.5,0,62
sciences,MOTO,FGSM,0.1,MIM,0.9,28.941176470588236,28.5,0,62
sciences,MOTO,FGSM,0.1,MIM,1.0,28.941176470588236,28.5,0,62
sciences,OP3,FGSM,0.1,MIM,0.1,16.00735294117647,6.0,0,63
sciences,OP3,FGSM,0.1,MIM,0.2,27.970588235294116,27.0,0,62
sciences,OP3,FGSM,0.1,MIM,0.3,28.91176470588235,28.5,0,62
sciences,OP3,FGSM,0.1,MIM,0.4,28.941176470588236,28.5,0,62
sciences,OP3,FGSM,0.1,MIM,0.5,28.941176470588236,28.5,0,62
sciences,OP3,FGSM,0.1,MIM,0.6,28.941176470588236,28.5,0,62
sciences,OP3,FGSM,0.1,MIM,0.7,28.941176470588236,28.5,0,62
sciences,OP3,FGSM,0.1,MIM,0.8,28.941176470588236,28.5,0,62
sciences,OP3,FGSM,0.1,MIM,0.9,28.941176470588236,28.5,0,62
sciences,OP3,FGSM,0.1,MIM,1.0,28.941176470588236,28.5,0,62
sciences,S7,FGSM,0.1,MIM,0.1,8.433823529411764,5.0,0,46
sciences,S7,FGSM,0.1,MIM,0.2,18.99264705882353,16.0,0,47
sciences,S7,FGSM,0.1,MIM,0.3,19.46323529411765,17.0,0,47
sciences,S7,FGSM,0.1,MIM,0.4,19.28676470588235,17.0,0,46
sciences,S7,FGSM,0.1,MIM,0.5,19.28676470588235,17.0,0,46
sciences,S7,FGSM,0.1,MIM,0.6,19.28676470588235,17.0,0,46
sciences,S7,FGSM,0.1,MIM,0.7,19.28676470588235,17.0,0,46
sciences,S7,FGSM,0.1,MIM,0.8,19.28676470588235,17.0,0,46
sciences,S7,FGSM,0.1,MIM,0.9,19.28676470588235,17.0,0,46
sciences,S7,FGSM,0.1,MIM,1.0,19.28676470588235,17.0,0,46
sciences,BLU,FGSM,0.2,MIM,0.1,7.375,5.0,0,66
sciences,BLU,FGSM,0.2,MIM,0.2,29.205882352941178,22.0,0,66
sciences,BLU,FGSM,0.2,MIM,0.3,32.529411764705884,32.5,0,66
sciences,BLU,FGSM,0.2,MIM,0.4,32.529411764705884,32.5,0,66
sciences,BLU,FGSM,0.2,MIM,0.5,32.529411764705884,32.5,0,66
sciences,BLU,FGSM,0.2,MIM,0.6,32.529411764705884,32.5,0,66
sciences,BLU,FGSM,0.2,MIM,0.7,32.529411764705884,32.5,0,66
sciences,BLU,FGSM,0.2,MIM,0.8,32.529411764705884,32.5,0,66
sciences,BLU,FGSM,0.2,MIM,0.9,32.529411764705884,32.5,0,66
sciences,BLU,FGSM,0.2,MIM,1.0,32.529411764705884,32.5,0,66
sciences,HTC,FGSM,0.2,MIM,0.1,3.411764705882353,2.0,0,54
sciences,HTC,FGSM,0.2,MIM,0.2,6.022058823529412,4.0,0,44
sciences,HTC,FGSM,0.2,MIM,0.3,11.176470588235293,7.0,0,49
sciences,HTC,FGSM,0.2,MIM,0.4,17.316176470588236,10.0,0,58
sciences,HTC,FGSM,0.2,MIM,0.5,17.316176470588236,10.0,0,58
sciences,HTC,FGSM,0.2,MIM,0.6,17.316176470588236,10.0,0,58
sciences,HTC,FGSM,0.2,MIM,0.7,17.316176470588236,10.0,0,58
sciences,HTC,FGSM,0.2,MIM,0.8,17.316176470588236,10.0,0,58
sciences,HTC,FGSM,0.2,MIM,0.9,17.316176470588236,10.0,0,58
sciences,HTC,FGSM,0.2,MIM,1.0,17.316176470588236,10.0,0,58
sciences,LG,FGSM,0.2,MIM,0.1,3.2205882352941178,2.0,0,60
sciences,LG,FGSM,0.2,MIM,0.2,5.963235294117647,4.0,0,59
sciences,LG,FGSM,0.2,MIM,0.3,16.38235294117647,12.0,0,51
sciences,LG,FGSM,0.2,MIM,0.4,19.11764705882353,16.5,0,58
sciences,LG,FGSM,0.2,MIM,0.5,19.11764705882353,16.5,0,58
sciences,LG,FGSM,0.2,MIM,0.6,19.11764705882353,16.5,0,58
sciences,LG,FGSM,0.2,MIM,0.7,19.11764705882353,16.5,0,58
sciences,LG,FGSM,0.2,MIM,0.8,19.11764705882353,16.5,0,58
sciences,LG,FGSM,0.2,MIM,0.9,19.11764705882353,16.5,0,58
sciences,LG,FGSM,0.2,MIM,1.0,19.11764705882353,16.5,0,58
sciences,MOTO,FGSM,0.2,MIM,0.1,9.014705882352942,5.0,0,65
sciences,MOTO,FGSM,0.2,MIM,0.2,26.683823529411764,16.5,0,66
sciences,MOTO,FGSM,0.2,MIM,0.3,32.51470588235294,32.5,0,66
sciences,MOTO,FGSM,0.2,MIM,0.4,32.529411764705884,32.5,0,66
sciences,MOTO,FGSM,0.2,MIM,0.5,32.529411764705884,32.5,0,66
sciences,MOTO,FGSM,0.2,MIM,0.6,32.529411764705884,32.5,0,66
sciences,MOTO,FGSM,0.2,MIM,0.7,32.529411764705884,32.5,0,66
sciences,MOTO,FGSM,0.2,MIM,0.8,32.529411764705884,32.5,0,66
sciences,MOTO,FGSM,0.2,MIM,0.9,32.529411764705884,32.5,0,66
sciences,MOTO,FGSM,0.2,MIM,1.0,32.529411764705884,32.5,0,66
sciences,OP3,FGSM,0.2,MIM,0.1,8.102941176470589,6.0,0,66
sciences,OP3,FGSM,0.2,MIM,0.2,28.279411764705884,22.0,0,66
sciences,OP3,FGSM,0.2,MIM,0.3,32.529411764705884,32.5,0,66
sciences,OP3,FGSM,0.2,MIM,0.4,32.529411764705884,32.5,0,66
sciences,OP3,FGSM,0.2,MIM,0.5,32.529411764705884,32.5,0,66
sciences,OP3,FGSM,0.2,MIM,0.6,32.529411764705884,32.5,0,66
sciences,OP3,FGSM,0.2,MIM,0.7,32.529411764705884,32.5,0,66
sciences,OP3,FGSM,0.2,MIM,0.8,32.529411764705884,32.5,0,66
sciences,OP3,FGSM,0.2,MIM,0.9,32.529411764705884,32.5,0,66
sciences,OP3,FGSM,0.2,MIM,1.0,32.529411764705884,32.5,0,66
sciences,S7,FGSM,0.2,MIM,0.1,5.522058823529412,4.0,0,54
sciences,S7,FGSM,0.2,MIM,0.2,2.411764705882353,1.5,0,20
sciences,S7,FGSM,0.2,MIM,0.3,9.911764705882353,6.0,0,52
sciences,S7,FGSM,0.2,MIM,0.4,20.602941176470587,14.0,0,56
sciences,S7,FGSM,0.2,MIM,0.5,20.602941176470587,14.0,0,56
sciences,S7,FGSM,0.2,MIM,0.6,20.602941176470587,14.0,0,56
sciences,S7,FGSM,0.2,MIM,0.7,20.602941176470587,14.0,0,56
sciences,S7,FGSM,0.2,MIM,0.8,20.602941176470587,14.0,0,56
sciences,S7,FGSM,0.2,MIM,0.9,20.602941176470587,14.0,0,56
sciences,S7,FGSM,0.2,MIM,1.0,20.602941176470587,14.0,0,56
sciences,BLU,FGSM,0.3,MIM,0.1,12.639705882352942,7.0,0,66
sciences,BLU,FGSM,0.3,MIM,0.2,26.24264705882353,18.0,0,64
sciences,BLU,FGSM,0.3,MIM,0.3,30.676470588235293,30.5,0,64
sciences,BLU,FGSM,0.3,MIM,0.4,30.676470588235293,30.5,0,64
sciences,BLU,FGSM,0.3,MIM,0.5,30.676470588235293,30.5,0,64
sciences,BLU,FGSM,0.3,MIM,0.6,30.676470588235293,30.5,0,64
sciences,BLU,FGSM,0.3,MIM,0.7,30.676470588235293,30.5,0,64
sciences,BLU,FGSM,0.3,MIM,0.8,30.676470588235293,30.5,0,64
sciences,BLU,FGSM,0.3,MIM,0.9,30.676470588235293,30.5,0,64
sciences,BLU,FGSM,0.3,MIM,1.0,30.676470588235293,30.5,0,64
sciences,HTC,FGSM,0.3,MIM,0.1,14.316176470588236,11.0,0,44
sciences,HTC,FGSM,0.3,MIM,0.2,6.272058823529412,4.0,0,21
sciences,HTC,FGSM,0.3,MIM,0.3,5.352941176470588,4.0,0,42
sciences,HTC,FGSM,0.3,MIM,0.4,11.845588235294118,9.0,0,40
sciences,HTC,FGSM,0.3,MIM,0.5,11.845588235294118,9.0,0,40
sciences,HTC,FGSM,0.3,MIM,0.6,11.845588235294118,9.0,0,40
sciences,HTC,FGSM,0.3,MIM,0.7,11.845588235294118,9.0,0,40
sciences,HTC,FGSM,0.3,MIM,0.8,11.845588235294118,9.0,0,40
sciences,HTC,FGSM,0.3,MIM,0.9,11.845588235294118,9.0,0,40
sciences,HTC,FGSM,0.3,MIM,1.0,11.845588235294118,9.0,0,40
sciences,LG,FGSM,0.3,MIM,0.1,14.522058823529411,13.0,0,60
sciences,LG,FGSM,0.3,MIM,0.2,5.713235294117647,3.0,0,65
sciences,LG,FGSM,0.3,MIM,0.3,8.125,5.0,0,59
sciences,LG,FGSM,0.3,MIM,0.4,17.86764705882353,12.0,0,58
sciences,LG,FGSM,0.3,MIM,0.5,17.86764705882353,12.0,0,58
sciences,LG,FGSM,0.3,MIM,0.6,17.86764705882353,12.0,0,58
sciences,LG,FGSM,0.3,MIM,0.7,17.86764705882353,12.0,0,58
sciences,LG,FGSM,0.3,MIM,0.8,17.86764705882353,12.0,0,58
sciences,LG,FGSM,0.3,MIM,0.9,17.86764705882353,12.0,0,58
sciences,LG,FGSM,0.3,MIM,1.0,17.86764705882353,12.0,0,58
sciences,MOTO,FGSM,0.3,MIM,0.1,11.029411764705882,6.0,0,66
sciences,MOTO,FGSM,0.3,MIM,0.2,27.308823529411764,22.0,0,64
sciences,MOTO,FGSM,0.3,MIM,0.3,30.676470588235293,30.5,0,64
sciences,MOTO,FGSM,0.3,MIM,0.4,30.676470588235293,30.5,0,64
sciences,MOTO,FGSM,0.3,MIM,0.5,30.676470588235293,30.5,0,64
sciences,MOTO,FGSM,0.3,MIM,0.6,30.676470588235293,30.5,0,64
sciences,MOTO,FGSM,0.3,MIM,0.7,30.676470588235293,30.5,0,64
sciences,MOTO,FGSM,0.3,MIM,0.8,30.676470588235293,30.5,0,64
sciences,MOTO,FGSM,0.3,MIM,0.9,30.676470588235293,30.5,0,64
sciences,MOTO,FGSM,0.3,MIM,1.0,30.676470588235293,30.5,0,64
sciences,OP3,FGSM,0.3,MIM,0.1,9.911764705882353,7.5,0,66
sciences,OP3,FGSM,0.3,MIM,0.2,25.86764705882353,20.5,0,64
sciences,OP3,FGSM,0.3,MIM,0.3,30.397058823529413,30.0,0,64
sciences,OP3,FGSM,0.3,MIM,0.4,30.676470588235293,30.5,0,64
sciences,OP3,FGSM,0.3,MIM,0.5,30.676470588235293,30.5,0,64
sciences,OP3,FGSM,0.3,MIM,0.6,30.676470588235293,30.5,0,64
sciences,OP3,FGSM,0.3,MIM,0.7,30.676470588235293,30.5,0,64
sciences,OP3,FGSM,0.3,MIM,0.8,30.676470588235293,30.5,0,64
sciences,OP3,FGSM,0.3,MIM,0.9,30.676470588235293,30.5,0,64
sciences,OP3,FGSM,0.3,MIM,1.0,30.676470588235293,30.5,0,64
sciences,S7,FGSM,0.3,MIM,0.1,11.044117647058824,9.0,0,50
sciences,S7,FGSM,0.3,MIM,0.2,7.4338235294117645,6.0,0,23
sciences,S7,FGSM,0.3,MIM,0.3,2.3676470588235294,1.0,0,20
sciences,S7,FGSM,0.3,MIM,0.4,10.830882352941176,7.5,0,53
sciences,S7,FGSM,0.3,MIM,0.5,10.830882352941176,7.5,0,53
sciences,S7,FGSM,0.3,MIM,0.6,10.830882352941176,7.5,0,53
sciences,S7,FGSM,0.3,MIM,0.7,10.830882352941176,7.5,0,53
sciences,S7,FGSM,0.3,MIM,0.8,10.830882352941176,7.5,0,53
sciences,S7,FGSM,0.3,MIM,0.9,10.830882352941176,7.5,0,53
sciences,S7,FGSM,0.3,MIM,1.0,10.830882352941176,7.5,0,53
sciences,BLU,FGSM,0.4,MIM,0.1,7.617647058823529,6.0,0,24
sciences,BLU,FGSM,0.4,MIM,0.2,18.154411764705884,17.0,0,62
sciences,BLU,FGSM,0.4,MIM,0.3,20.580882352941178,20.0,3,43
sciences,BLU,FGSM,0.4,MIM,0.4,18.323529411764707,17.0,0,43
sciences,BLU,FGSM,0.4,MIM,0.5,18.323529411764707,17.0,0,43
sciences,BLU,FGSM,0.4,MIM,0.6,18.323529411764707,17.0,0,43
sciences,BLU,FGSM,0.4,MIM,0.7,18.323529411764707,17.0,0,43
sciences,BLU,FGSM,0.4,MIM,0.8,18.323529411764707,17.0,0,43
sciences,BLU,FGSM,0.4,MIM,0.9,18.323529411764707,17.0,0,43
sciences,BLU,FGSM,0.4,MIM,1.0,18.323529411764707,17.0,0,43
sciences,HTC,FGSM,0.4,MIM,0.1,11.941176470588236,9.0,1,62
sciences,HTC,FGSM,0.4,MIM,0.2,19.448529411764707,17.5,0,65
sciences,HTC,FGSM,0.4,MIM,0.3,7.426470588235294,3.0,0,61
sciences,HTC,FGSM,0.4,MIM,0.4,4.595588235294118,3.0,0,40
sciences,HTC,FGSM,0.4,MIM,0.5,4.595588235294118,3.0,0,40
sciences,HTC,FGSM,0.4,MIM,0.6,4.595588235294118,3.0,0,40
sciences,HTC,FGSM,0.4,MIM,0.7,4.595588235294118,3.0,0,40
sciences,HTC,FGSM,0.4,MIM,0.8,4.595588235294118,3.0,0,40
sciences,HTC,FGSM,0.4,MIM,0.9,4.595588235294118,3.0,0,40
sciences,HTC,FGSM,0.4,MIM,1.0,4.595588235294118,3.0,0,40
sciences,LG,FGSM,0.4,MIM,0.1,13.551470588235293,11.0,0,60
sciences,LG,FGSM,0.4,MIM,0.2,15.588235294117647,14.0,0,65
sciences,LG,FGSM,0.4,MIM,0.3,3.5,2.0,0,57
sciences,LG,FGSM,0.4,MIM,0.4,5.698529411764706,4.0,0,59
sciences,LG,FGSM,0.4,MIM,0.5,5.698529411764706,4.0,0,59
sciences,LG,FGSM,0.4,MIM,0.6,5.698529411764706,4.0,0,59
sciences,LG,FGSM,0.4,MIM,0.7,5.698529411764706,4.0,0,59
sciences,LG,FGSM,0.4,MIM,0.8,5.698529411764706,4.0,0,59
sciences,LG,FGSM,0.4,MIM,0.9,5.698529411764706,4.0,0,59
sciences,LG,FGSM,0.4,MIM,1.0,5.698529411764706,4.0,0,59
sciences,MOTO,FGSM,0.4,MIM,0.1,7.1838235294117645,4.5,0,63
sciences,MOTO,FGSM,0.4,MIM,0.2,16.5,16.0,0,64
sciences,MOTO,FGSM,0.4,MIM,0.3,18.323529411764707,17.0,0,43
sciences,MOTO,FGSM,0.4,MIM,0.4,18.323529411764707,17.0,0,43
sciences,MOTO,FGSM,0.4,MIM,0.5,18.323529411764707,17.0,0,43
sciences,MOTO,FGSM,0.4,MIM,0.6,18.323529411764707,17.0,0,43
sciences,MOTO,FGSM,0.4,MIM,0.7,18.323529411764707,17.0,0,43
sciences,MOTO,FGSM,0.4,MIM,0.8,18.323529411764707,17.0,0,43
sciences,MOTO,FGSM,0.4,MIM,0.9,18.323529411764707,17.0,0,43
sciences,MOTO,FGSM,0.4,MIM,1.0,18.323529411764707,17.0,0,43
sciences,OP3,FGSM,0.4,MIM,0.1,7.625,7.0,0,21
sciences,OP3,FGSM,0.4,MIM,0.2,20.933823529411764,20.5,1,64
sciences,OP3,FGSM,0.4,MIM,0.3,18.323529411764707,17.0,0,43
sciences,OP3,FGSM,0.4,MIM,0.4,18.323529411764707,17.0,0,43
sciences,OP3,FGSM,0.4,MIM,0.5,18.323529411764707,17.0,0,43
sciences,OP3,FGSM,0.4,MIM,0.6,18.323529411764707,17.0,0,43
sciences,OP3,FGSM,0.4,MIM,0.7,18.323529411764707,17.0,0,43
sciences,OP3,FGSM,0.4,MIM,0.8,18.323529411764707,17.0,0,43
sciences,OP3,FGSM,0.4,MIM,0.9,18.323529411764707,17.0,0,43
sciences,OP3,FGSM,0.4,MIM,1.0,18.323529411764707,17.0,0,43
sciences,S7,FGSM,0.4,MIM,0.1,8.352941176470589,7.0,0,57
sciences,S7,FGSM,0.4,MIM,0.2,16.360294117647058,14.0,0,46
sciences,S7,FGSM,0.4,MIM,0.3,7.889705882352941,5.0,0,59
sciences,S7,FGSM,0.4,MIM,0.4,2.5661764705882355,1.0,0,47
sciences,S7,FGSM,0.4,MIM,0.5,2.5661764705882355,1.0,0,47
sciences,S7,FGSM,0.4,MIM,0.6,2.5661764705882355,1.0,0,47
sciences,S7,FGSM,0.4,MIM,0.7,2.5661764705882355,1.0,0,47
sciences,S7,FGSM,0.4,MIM,0.8,2.5661764705882355,1.0,0,47
sciences,S7,FGSM,0.4,MIM,0.9,2.5661764705882355,1.0,0,47
sciences,S7,FGSM,0.4,MIM,1.0,2.5661764705882355,1.0,0,47
sciences,BLU,FGSM,0.5,MIM,0.1,9.992647058823529,7.0,0,65
sciences,BLU,FGSM,0.5,MIM,0.2,24.11764705882353,21.5,1,64
sciences,BLU,FGSM,0.5,MIM,0.3,18.63235294117647,17.5,0,43
sciences,BLU,FGSM,0.5,MIM,0.4,18.323529411764707,17.0,0,43
sciences,BLU,FGSM,0.5,MIM,0.5,18.323529411764707,17.0,0,43
sciences,BLU,FGSM,0.5,MIM,0.6,18.323529411764707,17.0,0,43
sciences,BLU,FGSM,0.5,MIM,0.7,18.323529411764707,17.0,0,43
sciences,BLU,FGSM,0.5,MIM,0.8,18.323529411764707,17.0,0,43
sciences,BLU,FGSM,0.5,MIM,0.9,18.323529411764707,17.0,0,43
sciences,BLU,FGSM,0.5,MIM,1.0,18.323529411764707,17.0,0,43
sciences,HTC,FGSM,0.5,MIM,0.1,8.455882352941176,7.0,0,39
sciences,HTC,FGSM,0.5,MIM,0.2,19.360294117647058,17.0,0,63
sciences,HTC,FGSM,0.5,MIM,0.3,14.772058823529411,11.0,0,67
sciences,HTC,FGSM,0.5,MIM,0.4,4.544117647058823,4.0,0,24
sciences,HTC,FGSM,0.5,MIM,0.5,4.544117647058823,4.0,0,24
sciences,HTC,FGSM,0.5,MIM,0.6,4.544117647058823,4.0,0,24
sciences,HTC,FGSM,0.5,MIM,0.7,4.544117647058823,4.0,0,24
sciences,HTC,FGSM,0.5,MIM,0.8,4.544117647058823,4.0,0,24
sciences,HTC,FGSM,0.5,MIM,0.9,4.544117647058823,4.0,0,24
sciences,HTC,FGSM,0.5,MIM,1.0,4.544117647058823,4.0,0,24
sciences,LG,FGSM,0.5,MIM,0.1,13.919117647058824,9.0,0,44
sciences,LG,FGSM,0.5,MIM,0.2,17.985294117647058,15.0,0,45
sciences,LG,FGSM,0.5,MIM,0.3,11.588235294117647,11.0,0,33
sciences,LG,FGSM,0.5,MIM,0.4,2.6470588235294117,2.0,0,22
sciences,LG,FGSM,0.5,MIM,0.5,2.6470588235294117,2.0,0,22
sciences,LG,FGSM,0.5,MIM,0.6,2.6470588235294117,2.0,0,22
sciences,LG,FGSM,0.5,MIM,0.7,2.6470588235294117,2.0,0,22
sciences,LG,FGSM,0.5,MIM,0.8,2.6470588235294117,2.0,0,22
sciences,LG,FGSM,0.5,MIM,0.9,2.6470588235294117,2.0,0,22
sciences,LG,FGSM,0.5,MIM,1.0,2.6470588235294117,2.0,0,22
sciences,MOTO,FGSM,0.5,MIM,0.1,12.705882352941176,8.5,0,64
sciences,MOTO,FGSM,0.5,MIM,0.2,23.316176470588236,20.0,0,64
sciences,MOTO,FGSM,0.5,MIM,0.3,19.345588235294116,19.0,0,43
sciences,MOTO,FGSM,0.5,MIM,0.4,18.323529411764707,17.0,0,43
sciences,MOTO,FGSM,0.5,MIM,0.5,18.323529411764707,17.0,0,43
sciences,MOTO,FGSM,0.5,MIM,0.6,18.323529411764707,17.0,0,43
sciences,MOTO,FGSM,0.5,MIM,0.7,18.323529411764707,17.0,0,43
sciences,MOTO,FGSM,0.5,MIM,0.8,18.323529411764707,17.0,0,43
sciences,MOTO,FGSM,0.5,MIM,0.9,18.323529411764707,17.0,0,43
sciences,MOTO,FGSM,0.5,MIM,1.0,18.323529411764707,17.0,0,43
sciences,OP3,FGSM,0.5,MIM,0.1,8.169117647058824,7.0,0,65
sciences,OP3,FGSM,0.5,MIM,0.2,23.25,22.0,0,65
sciences,OP3,FGSM,0.5,MIM,0.3,18.323529411764707,17.0,0,43
sciences,OP3,FGSM,0.5,MIM,0.4,18.323529411764707,17.0,0,43
sciences,OP3,FGSM,0.5,MIM,0.5,18.323529411764707,17.0,0,43
sciences,OP3,FGSM,0.5,MIM,0.6,18.323529411764707,17.0,0,43
sciences,OP3,FGSM,0.5,MIM,0.7,18.323529411764707,17.0,0,43
sciences,OP3,FGSM,0.5,MIM,0.8,18.323529411764707,17.0,0,43
sciences,OP3,FGSM,0.5,MIM,0.9,18.323529411764707,17.0,0,43
sciences,OP3,FGSM,0.5,MIM,1.0,18.323529411764707,17.0,0,43
sciences,S7,FGSM,0.5,MIM,0.1,9.970588235294118,8.0,0,39
sciences,S7,FGSM,0.5,MIM,0.2,18.75735294117647,16.0,0,48
sciences,S7,FGSM,0.5,MIM,0.3,16.433823529411764,12.5,0,67
sciences,S7,FGSM,0.5,MIM,0.4,7.720588235294118,6.0,0,65
sciences,S7,FGSM,0.5,MIM,0.5,7.720588235294118,6.0,0,65
sciences,S7,FGSM,0.5,MIM,0.6,7.720588235294118,6.0,0,65
sciences,S7,FGSM,0.5,MIM,0.7,7.720588235294118,6.0,0,65
sciences,S7,FGSM,0.5,MIM,0.8,7.720588235294118,6.0,0,65
sciences,S7,FGSM,0.5,MIM,0.9,7.720588235294118,6.0,0,65
sciences,S7,FGSM,0.5,MIM,1.0,7.720588235294118,6.0,0,65
sciences,BLU,FGSM,0.6,MIM,0.1,9.919117647058824,7.0,0,65
sciences,BLU,FGSM,0.6,MIM,0.2,21.705882352941178,20.0,1,64
sciences,BLU,FGSM,0.6,MIM,0.3,18.477941176470587,17.0,0,43
sciences,BLU,FGSM,0.6,MIM,0.4,18.323529411764707,17.0,0,43
sciences,BLU,FGSM,0.6,MIM,0.5,18.323529411764707,17.0,0,43
sciences,BLU,FGSM,0.6,MIM,0.6,18.323529411764707,17.0,0,43
sciences,BLU,FGSM,0.6,MIM,0.7,18.323529411764707,17.0,0,43
sciences,BLU,FGSM,0.6,MIM,0.8,18.323529411764707,17.0,0,43
sciences,BLU,FGSM,0.6,MIM,0.9,18.323529411764707,17.0,0,43
sciences,BLU,FGSM,0.6,MIM,1.0,18.323529411764707,17.0,0,43
sciences,HTC,FGSM,0.6,MIM,0.1,8.580882352941176,7.0,0,39
sciences,HTC,FGSM,0.6,MIM,0.2,18.96323529411765,17.0,0,48
sciences,HTC,FGSM,0.6,MIM,0.3,18.0,16.0,0,45
sciences,HTC,FGSM,0.6,MIM,0.4,14.860294117647058,10.0,0,67
sciences,HTC,FGSM,0.6,MIM,0.5,14.860294117647058,10.0,0,67
sciences,HTC,FGSM,0.6,MIM,0.6,14.860294117647058,10.0,0,67
sciences,HTC,FGSM,0.6,MIM,0.7,14.860294117647058,10.0,0,67
sciences,HTC,FGSM,0.6,MIM,0.8,14.860294117647058,10.0,0,67
sciences,HTC,FGSM,0.6,MIM,0.9,14.860294117647058,10.0,0,67
sciences,HTC,FGSM,0.6,MIM,1.0,14.860294117647058,10.0,0,67
sciences,LG,FGSM,0.6,MIM,0.1,14.742647058823529,12.0,0,44
sciences,LG,FGSM,0.6,MIM,0.2,17.294117647058822,15.0,0,45
sciences,LG,FGSM,0.6,MIM,0.3,17.639705882352942,15.0,0,67
sciences,LG,FGSM,0.6,MIM,0.4,12.691176470588236,11.0,0,65
sciences,LG,FGSM,0.6,MIM,0.5,12.691176470588236,11.0,0,65
sciences,LG,FGSM,0.6,MIM,0.6,12.691176470588236,11.0,0,65
sciences,LG,FGSM,0.6,MIM,0.7,12.691176470588236,11.0,0,65
sciences,LG,FGSM,0.6,MIM,0.8,12.691176470588236,11.0,0,65
sciences,LG,FGSM,0.6,MIM,0.9,12.691176470588236,11.0,0,65
sciences,LG,FGSM,0.6,MIM,1.0,12.691176470588236,11.0,0,65
sciences,MOTO,FGSM,0.6,MIM,0.1,11.235294117647058,8.0,0,64
sciences,MOTO,FGSM,0.6,MIM,0.2,20.75735294117647,19.0,0,64
sciences,MOTO,FGSM,0.6,MIM,0.3,18.323529411764707,17.0,0,43
sciences,MOTO,FGSM,0.6,MIM,0.4,18.323529411764707,17.0,0,43
sciences,MOTO,FGSM,0.6,MIM,0.5,18.323529411764707,17.0,0,43
sciences,MOTO,FGSM,0.6,MIM,0.6,18.323529411764707,17.0,0,43
sciences,MOTO,FGSM,0.6,MIM,0.7,18.323529411764707,17.0,0,43
sciences,MOTO,FGSM,0.6,MIM,0.8,18.323529411764707,17.0,0,43
sciences,MOTO,FGSM,0.6,MIM,0.9,18.323529411764707,17.0,0,43
sciences,MOTO,FGSM,0.6,MIM,1.0,18.323529411764707,17.0,0,43
sciences,OP3,FGSM,0.6,MIM,0.1,8.220588235294118,7.0,0,65
sciences,OP3,FGSM,0.6,MIM,0.2,21.91176470588235,22.0,0,65
sciences,OP3,FGSM,0.6,MIM,0.3,18.323529411764707,17.0,0,43
sciences,OP3,FGSM,0.6,MIM,0.4,18.323529411764707,17.0,0,43
sciences,OP3,FGSM,0.6,MIM,0.5,18.323529411764707,17.0,0,43
sciences,OP3,FGSM,0.6,MIM,0.6,18.323529411764707,17.0,0,43
sciences,OP3,FGSM,0.6,MIM,0.7,18.323529411764707,17.0,0,43
sciences,OP3,FGSM,0.6,MIM,0.8,18.323529411764707,17.0,0,43
sciences,OP3,FGSM,0.6,MIM,0.9,18.323529411764707,17.0,0,43
sciences,OP3,FGSM,0.6,MIM,1.0,18.323529411764707,17.0,0,43
sciences,S7,FGSM,0.6,MIM,0.1,11.279411764705882,9.0,0,52
sciences,S7,FGSM,0.6,MIM,0.2,18.573529411764707,17.0,0,48
sciences,S7,FGSM,0.6,MIM,0.3,18.75,16.5,0,53
sciences,S7,FGSM,0.6,MIM,0.4,17.183823529411764,13.0,0,67
sciences,S7,FGSM,0.6,MIM,0.5,17.183823529411764,13.0,0,67
sciences,S7,FGSM,0.6,MIM,0.6,17.183823529411764,13.0,0,67
sciences,S7,FGSM,0.6,MIM,0.7,17.183823529411764,13.0,0,67
sciences,S7,FGSM,0.6,MIM,0.8,17.183823529411764,13.0,0,67
sciences,S7,FGSM,0.6,MIM,0.9,17.183823529411764,13.0,0,67
sciences,S7,FGSM,0.6,MIM,1.0,17.183823529411764,13.0,0,67
sciences,BLU,FGSM,0.7,MIM,0.1,9.919117647058824,7.0,0,65
sciences,BLU,FGSM,0.7,MIM,0.2,21.705882352941178,20.0,1,64
sciences,BLU,FGSM,0.7,MIM,0.3,18.477941176470587,17.0,0,43
sciences,BLU,FGSM,0.7,MIM,0.4,18.323529411764707,17.0,0,43
sciences,BLU,FGSM,0.7,MIM,0.5,18.323529411764707,17.0,0,43
sciences,BLU,FGSM,0.7,MIM,0.6,18.323529411764707,17.0,0,43
sciences,BLU,FGSM,0.7,MIM,0.7,18.323529411764707,17.0,0,43
sciences,BLU,FGSM,0.7,MIM,0.8,18.323529411764707,17.0,0,43
sciences,BLU,FGSM,0.7,MIM,0.9,18.323529411764707,17.0,0,43
sciences,BLU,FGSM,0.7,MIM,1.0,18.323529411764707,17.0,0,43
sciences,HTC,FGSM,0.7,MIM,0.1,8.580882352941176,7.0,0,39
sciences,HTC,FGSM,0.7,MIM,0.2,18.96323529411765,17.0,0,48
sciences,HTC,FGSM,0.7,MIM,0.3,18.941176470588236,17.0,0,45
sciences,HTC,FGSM,0.7,MIM,0.4,18.0,16.0,0,45
sciences,HTC,FGSM,0.7,MIM,0.5,18.0,16.0,0,45
sciences,HTC,FGSM,0.7,MIM,0.6,18.0,16.0,0,45
sciences,HTC,FGSM,0.7,MIM,0.7,18.0,16.0,0,45
sciences,HTC,FGSM,0.7,MIM,0.8,18.0,16.0,0,45
sciences,HTC,FGSM,0.7,MIM,0.9,18.0,16.0,0,45
sciences,HTC,FGSM,0.7,MIM,1.0,18.0,16.0,0,45
sciences,LG,FGSM,0.7,MIM,0.1,14.742647058823529,12.0,0,44
sciences,LG,FGSM,0.7,MIM,0.2,17.294117647058822,15.0,0,45
sciences,LG,FGSM,0.7,MIM,0.3,17.985294117647058,16.0,0,45
sciences,LG,FGSM,0.7,MIM,0.4,17.933823529411764,16.0,0,45
sciences,LG,FGSM,0.7,MIM,0.5,17.933823529411764,16.0,0,45
sciences,LG,FGSM,0.7,MIM,0.6,17.933823529411764,16.0,0,45
sciences,LG,FGSM,0.7,MIM,0.7,17.933823529411764,16.0,0,45
sciences,LG,FGSM,0.7,MIM,0.8,17.933823529411764,16.0,0,45
sciences,LG,FGSM,0.7,MIM,0.9,17.933823529411764,16.0,0,45
sciences,LG,FGSM,0.7,MIM,1.0,17.933823529411764,16.0,0,45
sciences,MOTO,FGSM,0.7,MIM,0.1,11.235294117647058,8.0,0,64
sciences,MOTO,FGSM,0.7,MIM,0.2,20.75735294117647,19.0,0,64
sciences,MOTO,FGSM,0.7,MIM,0.3,18.323529411764707,17.0,0,43
sciences,MOTO,FGSM,0.7,MIM,0.4,18.323529411764707,17.0,0,43
sciences,MOTO,FGSM,0.7,MIM,0.5,18.323529411764707,17.0,0,43
sciences,MOTO,FGSM,0.7,MIM,0.6,18.323529411764707,17.0,0,43
sciences,MOTO,FGSM,0.7,MIM,0.7,18.323529411764707,17.0,0,43
sciences,MOTO,FGSM,0.7,MIM,0.8,18.323529411764707,17.0,0,43
sciences,MOTO,FGSM,0.7,MIM,0.9,18.323529411764707,17.0,0,43
sciences,MOTO,FGSM,0.7,MIM,1.0,18.323529411764707,17.0,0,43
sciences,OP3,FGSM,0.7,MIM,0.1,8.220588235294118,7.0,0,65
sciences,OP3,FGSM,0.7,MIM,0.2,21.91176470588235,22.0,0,65
sciences,OP3,FGSM,0.7,MIM,0.3,18.323529411764707,17.0,0,43
sciences,OP3,FGSM,0.7,MIM,0.4,18.323529411764707,17.0,0,43
sciences,OP3,FGSM,0.7,MIM,0.5,18.323529411764707,17.0,0,43
sciences,OP3,FGSM,0.7,MIM,0.6,18.323529411764707,17.0,0,43
sciences,OP3,FGSM,0.7,MIM,0.7,18.323529411764707,17.0,0,43
sciences,OP3,FGSM,0.7,MIM,0.8,18.323529411764707,17.0,0,43
sciences,OP3,FGSM,0.7,MIM,0.9,18.323529411764707,17.0,0,43
sciences,OP3,FGSM,0.7,MIM,1.0,18.323529411764707,17.0,0,43
sciences,S7,FGSM,0.7,MIM,0.1,11.279411764705882,9.0,0,52
sciences,S7,FGSM,0.7,MIM,0.2,18.573529411764707,17.0,0,48
sciences,S7,FGSM,0.7,MIM,0.3,18.676470588235293,16.5,0,53
sciences,S7,FGSM,0.7,MIM,0.4,18.941176470588236,17.0,0,45
sciences,S7,FGSM,0.7,MIM,0.5,18.941176470588236,17.0,0,45
sciences,S7,FGSM,0.7,MIM,0.6,18.941176470588236,17.0,0,45
sciences,S7,FGSM,0.7,MIM,0.7,18.941176470588236,17.0,0,45
sciences,S7,FGSM,0.7,MIM,0.8,18.941176470588236,17.0,0,45
sciences,S7,FGSM,0.7,MIM,0.9,18.941176470588236,17.0,0,45
sciences,S7,FGSM,0.7,MIM,1.0,18.941176470588236,17.0,0,45
sciences,BLU,FGSM,0.8,MIM,0.1,9.919117647058824,7.0,0,65
sciences,BLU,FGSM,0.8,MIM,0.2,21.705882352941178,20.0,1,64
sciences,BLU,FGSM,0.8,MIM,0.3,18.477941176470587,17.0,0,43
sciences,BLU,FGSM,0.8,MIM,0.4,18.323529411764707,17.0,0,43
sciences,BLU,FGSM,0.8,MIM,0.5,18.323529411764707,17.0,0,43
sciences,BLU,FGSM,0.8,MIM,0.6,18.323529411764707,17.0,0,43
sciences,BLU,FGSM,0.8,MIM,0.7,18.323529411764707,17.0,0,43
sciences,BLU,FGSM,0.8,MIM,0.8,18.323529411764707,17.0,0,43
sciences,BLU,FGSM,0.8,MIM,0.9,18.323529411764707,17.0,0,43
sciences,BLU,FGSM,0.8,MIM,1.0,18.323529411764707,17.0,0,43
sciences,HTC,FGSM,0.8,MIM,0.1,8.580882352941176,7.0,0,39
sciences,HTC,FGSM,0.8,MIM,0.2,18.96323529411765,17.0,0,48
sciences,HTC,FGSM,0.8,MIM,0.3,18.941176470588236,17.0,0,45
sciences,HTC,FGSM,0.8,MIM,0.4,18.941176470588236,17.0,0,45
sciences,HTC,FGSM,0.8,MIM,0.5,18.941176470588236,17.0,0,45
sciences,HTC,FGSM,0.8,MIM,0.6,18.941176470588236,17.0,0,45
sciences,HTC,FGSM,0.8,MIM,0.7,18.941176470588236,17.0,0,45
sciences,HTC,FGSM,0.8,MIM,0.8,18.941176470588236,17.0,0,45
sciences,HTC,FGSM,0.8,MIM,0.9,18.941176470588236,17.0,0,45
sciences,HTC,FGSM,0.8,MIM,1.0,18.941176470588236,17.0,0,45
sciences,LG,FGSM,0.8,MIM,0.1,14.742647058823529,12.0,0,44
sciences,LG,FGSM,0.8,MIM,0.2,17.294117647058822,15.0,0,45
sciences,LG,FGSM,0.8,MIM,0.3,17.985294117647058,16.0,0,45
sciences,LG,FGSM,0.8,MIM,0.4,18.683823529411764,17.0,0,45
sciences,LG,FGSM,0.8,MIM,0.5,18.683823529411764,17.0,0,45
sciences,LG,FGSM,0.8,MIM,0.6,18.683823529411764,17.0,0,45
sciences,LG,FGSM,0.8,MIM,0.7,18.683823529411764,17.0,0,45
sciences,LG,FGSM,0.8,MIM,0.8,18.683823529411764,17.0,0,45
sciences,LG,FGSM,0.8,MIM,0.9,18.683823529411764,17.0,0,45
sciences,LG,FGSM,0.8,MIM,1.0,18.683823529411764,17.0,0,45
sciences,MOTO,FGSM,0.8,MIM,0.1,11.235294117647058,8.0,0,64
sciences,MOTO,FGSM,0.8,MIM,0.2,20.75735294117647,19.0,0,64
sciences,MOTO,FGSM,0.8,MIM,0.3,18.323529411764707,17.0,0,43
sciences,MOTO,FGSM,0.8,MIM,0.4,18.323529411764707,17.0,0,43
sciences,MOTO,FGSM,0.8,MIM,0.5,18.323529411764707,17.0,0,43
sciences,MOTO,FGSM,0.8,MIM,0.6,18.323529411764707,17.0,0,43
sciences,MOTO,FGSM,0.8,MIM,0.7,18.323529411764707,17.0,0,43
sciences,MOTO,FGSM,0.8,MIM,0.8,18.323529411764707,17.0,0,43
sciences,MOTO,FGSM,0.8,MIM,0.9,18.323529411764707,17.0,0,43
sciences,MOTO,FGSM,0.8,MIM,1.0,18.323529411764707,17.0,0,43
sciences,OP3,FGSM,0.8,MIM,0.1,8.220588235294118,7.0,0,65
sciences,OP3,FGSM,0.8,MIM,0.2,21.91176470588235,22.0,0,65
sciences,OP3,FGSM,0.8,MIM,0.3,18.323529411764707,17.0,0,43
sciences,OP3,FGSM,0.8,MIM,0.4,18.323529411764707,17.0,0,43
sciences,OP3,FGSM,0.8,MIM,0.5,18.323529411764707,17.0,0,43
sciences,OP3,FGSM,0.8,MIM,0.6,18.323529411764707,17.0,0,43
sciences,OP3,FGSM,0.8,MIM,0.7,18.323529411764707,17.0,0,43
sciences,OP3,FGSM,0.8,MIM,0.8,18.323529411764707,17.0,0,43
sciences,OP3,FGSM,0.8,MIM,0.9,18.323529411764707,17.0,0,43
sciences,OP3,FGSM,0.8,MIM,1.0,18.323529411764707,17.0,0,43
sciences,S7,FGSM,0.8,MIM,0.1,11.279411764705882,9.0,0,52
sciences,S7,FGSM,0.8,MIM,0.2,18.573529411764707,17.0,0,48
sciences,S7,FGSM,0.8,MIM,0.3,18.676470588235293,16.5,0,53
sciences,S7,FGSM,0.8,MIM,0.4,18.941176470588236,17.0,0,45
sciences,S7,FGSM,0.8,MIM,0.5,18.941176470588236,17.0,0,45
sciences,S7,FGSM,0.8,MIM,0.6,18.941176470588236,17.0,0,45
sciences,S7,FGSM,0.8,MIM,0.7,18.941176470588236,17.0,0,45
sciences,S7,FGSM,0.8,MIM,0.8,18.941176470588236,17.0,0,45
sciences,S7,FGSM,0.8,MIM,0.9,18.941176470588236,17.0,0,45
sciences,S7,FGSM,0.8,MIM,1.0,18.941176470588236,17.0,0,45
sciences,BLU,FGSM,0.9,MIM,0.1,9.919117647058824,7.0,0,65
sciences,BLU,FGSM,0.9,MIM,0.2,21.705882352941178,20.0,1,64
sciences,BLU,FGSM,0.9,MIM,0.3,18.477941176470587,17.0,0,43
sciences,BLU,FGSM,0.9,MIM,0.4,18.323529411764707,17.0,0,43
sciences,BLU,FGSM,0.9,MIM,0.5,18.323529411764707,17.0,0,43
sciences,BLU,FGSM,0.9,MIM,0.6,18.323529411764707,17.0,0,43
sciences,BLU,FGSM,0.9,MIM,0.7,18.323529411764707,17.0,0,43
sciences,BLU,FGSM,0.9,MIM,0.8,18.323529411764707,17.0,0,43
sciences,BLU,FGSM,0.9,MIM,0.9,18.323529411764707,17.0,0,43
sciences,BLU,FGSM,0.9,MIM,1.0,18.323529411764707,17.0,0,43
sciences,HTC,FGSM,0.9,MIM,0.1,8.580882352941176,7.0,0,39
sciences,HTC,FGSM,0.9,MIM,0.2,18.96323529411765,17.0,0,48
sciences,HTC,FGSM,0.9,MIM,0.3,18.941176470588236,17.0,0,45
sciences,HTC,FGSM,0.9,MIM,0.4,18.941176470588236,17.0,0,45
sciences,HTC,FGSM,0.9,MIM,0.5,18.941176470588236,17.0,0,45
sciences,HTC,FGSM,0.9,MIM,0.6,18.941176470588236,17.0,0,45
sciences,HTC,FGSM,0.9,MIM,0.7,18.941176470588236,17.0,0,45
sciences,HTC,FGSM,0.9,MIM,0.8,18.941176470588236,17.0,0,45
sciences,HTC,FGSM,0.9,MIM,0.9,18.941176470588236,17.0,0,45
sciences,HTC,FGSM,0.9,MIM,1.0,18.941176470588236,17.0,0,45
sciences,LG,FGSM,0.9,MIM,0.1,14.742647058823529,12.0,0,44
sciences,LG,FGSM,0.9,MIM,0.2,17.294117647058822,15.0,0,45
sciences,LG,FGSM,0.9,MIM,0.3,17.985294117647058,16.0,0,45
sciences,LG,FGSM,0.9,MIM,0.4,18.683823529411764,17.0,0,45
sciences,LG,FGSM,0.9,MIM,0.5,18.683823529411764,17.0,0,45
sciences,LG,FGSM,0.9,MIM,0.6,18.683823529411764,17.0,0,45
sciences,LG,FGSM,0.9,MIM,0.7,18.683823529411764,17.0,0,45
sciences,LG,FGSM,0.9,MIM,0.8,18.683823529411764,17.0,0,45
sciences,LG,FGSM,0.9,MIM,0.9,18.683823529411764,17.0,0,45
sciences,LG,FGSM,0.9,MIM,1.0,18.683823529411764,17.0,0,45
sciences,MOTO,FGSM,0.9,MIM,0.1,11.235294117647058,8.0,0,64
sciences,MOTO,FGSM,0.9,MIM,0.2,20.75735294117647,19.0,0,64
sciences,MOTO,FGSM,0.9,MIM,0.3,18.323529411764707,17.0,0,43
sciences,MOTO,FGSM,0.9,MIM,0.4,18.323529411764707,17.0,0,43
sciences,MOTO,FGSM,0.9,MIM,0.5,18.323529411764707,17.0,0,43
sciences,MOTO,FGSM,0.9,MIM,0.6,18.323529411764707,17.0,0,43
sciences,MOTO,FGSM,0.9,MIM,0.7,18.323529411764707,17.0,0,43
sciences,MOTO,FGSM,0.9,MIM,0.8,18.323529411764707,17.0,0,43
sciences,MOTO,FGSM,0.9,MIM,0.9,18.323529411764707,17.0,0,43
sciences,MOTO,FGSM,0.9,MIM,1.0,18.323529411764707,17.0,0,43
sciences,OP3,FGSM,0.9,MIM,0.1,8.220588235294118,7.0,0,65
sciences,OP3,FGSM,0.9,MIM,0.2,21.91176470588235,22.0,0,65
sciences,OP3,FGSM,0.9,MIM,0.3,18.323529411764707,17.0,0,43
sciences,OP3,FGSM,0.9,MIM,0.4,18.323529411764707,17.0,0,43
sciences,OP3,FGSM,0.9,MIM,0.5,18.323529411764707,17.0,0,43
sciences,OP3,FGSM,0.9,MIM,0.6,18.323529411764707,17.0,0,43
sciences,OP3,FGSM,0.9,MIM,0.7,18.323529411764707,17.0,0,43
sciences,OP3,FGSM,0.9,MIM,0.8,18.323529411764707,17.0,0,43
sciences,OP3,FGSM,0.9,MIM,0.9,18.323529411764707,17.0,0,43
sciences,OP3,FGSM,0.9,MIM,1.0,18.323529411764707,17.0,0,43
sciences,S7,FGSM,0.9,MIM,0.1,11.279411764705882,9.0,0,52
sciences,S7,FGSM,0.9,MIM,0.2,18.573529411764707,17.0,0,48
sciences,S7,FGSM,0.9,MIM,0.3,18.676470588235293,16.5,0,53
sciences,S7,FGSM,0.9,MIM,0.4,18.941176470588236,17.0,0,45
sciences,S7,FGSM,0.9,MIM,0.5,18.941176470588236,17.0,0,45
sciences,S7,FGSM,0.9,MIM,0.6,18.941176470588236,17.0,0,45
sciences,S7,FGSM,0.9,MIM,0.7,18.941176470588236,17.0,0,45
sciences,S7,FGSM,0.9,MIM,0.8,18.941176470588236,17.0,0,45
sciences,S7,FGSM,0.9,MIM,0.9,18.941176470588236,17.0,0,45
sciences,S7,FGSM,0.9,MIM,1.0,18.941176470588236,17.0,0,45
sciences,BLU,FGSM,1.0,MIM,0.1,9.919117647058824,7.0,0,65
sciences,BLU,FGSM,1.0,MIM,0.2,21.705882352941178,20.0,1,64
sciences,BLU,FGSM,1.0,MIM,0.3,18.477941176470587,17.0,0,43
sciences,BLU,FGSM,1.0,MIM,0.4,18.323529411764707,17.0,0,43
sciences,BLU,FGSM,1.0,MIM,0.5,18.323529411764707,17.0,0,43
sciences,BLU,FGSM,1.0,MIM,0.6,18.323529411764707,17.0,0,43
sciences,BLU,FGSM,1.0,MIM,0.7,18.323529411764707,17.0,0,43
sciences,BLU,FGSM,1.0,MIM,0.8,18.323529411764707,17.0,0,43
sciences,BLU,FGSM,1.0,MIM,0.9,18.323529411764707,17.0,0,43
sciences,BLU,FGSM,1.0,MIM,1.0,18.323529411764707,17.0,0,43
sciences,HTC,FGSM,1.0,MIM,0.1,8.580882352941176,7.0,0,39
sciences,HTC,FGSM,1.0,MIM,0.2,18.96323529411765,17.0,0,48
sciences,HTC,FGSM,1.0,MIM,0.3,18.941176470588236,17.0,0,45
sciences,HTC,FGSM,1.0,MIM,0.4,18.941176470588236,17.0,0,45
sciences,HTC,FGSM,1.0,MIM,0.5,18.941176470588236,17.0,0,45
sciences,HTC,FGSM,1.0,MIM,0.6,18.941176470588236,17.0,0,45
sciences,HTC,FGSM,1.0,MIM,0.7,18.941176470588236,17.0,0,45
sciences,HTC,FGSM,1.0,MIM,0.8,18.941176470588236,17.0,0,45
sciences,HTC,FGSM,1.0,MIM,0.9,18.941176470588236,17.0,0,45
sciences,HTC,FGSM,1.0,MIM,1.0,18.941176470588236,17.0,0,45
sciences,LG,FGSM,1.0,MIM,0.1,14.742647058823529,12.0,0,44
sciences,LG,FGSM,1.0,MIM,0.2,17.294117647058822,15.0,0,45
sciences,LG,FGSM,1.0,MIM,0.3,17.985294117647058,16.0,0,45
sciences,LG,FGSM,1.0,MIM,0.4,18.683823529411764,17.0,0,45
sciences,LG,FGSM,1.0,MIM,0.5,18.683823529411764,17.0,0,45
sciences,LG,FGSM,1.0,MIM,0.6,18.683823529411764,17.0,0,45
sciences,LG,FGSM,1.0,MIM,0.7,18.683823529411764,17.0,0,45
sciences,LG,FGSM,1.0,MIM,0.8,18.683823529411764,17.0,0,45
sciences,LG,FGSM,1.0,MIM,0.9,18.683823529411764,17.0,0,45
sciences,LG,FGSM,1.0,MIM,1.0,18.683823529411764,17.0,0,45
sciences,MOTO,FGSM,1.0,MIM,0.1,11.235294117647058,8.0,0,64
sciences,MOTO,FGSM,1.0,MIM,0.2,20.75735294117647,19.0,0,64
sciences,MOTO,FGSM,1.0,MIM,0.3,18.323529411764707,17.0,0,43
sciences,MOTO,FGSM,1.0,MIM,0.4,18.323529411764707,17.0,0,43
sciences,MOTO,FGSM,1.0,MIM,0.5,18.323529411764707,17.0,0,43
sciences,MOTO,FGSM,1.0,MIM,0.6,18.323529411764707,17.0,0,43
sciences,MOTO,FGSM,1.0,MIM,0.7,18.323529411764707,17.0,0,43
sciences,MOTO,FGSM,1.0,MIM,0.8,18.323529411764707,17.0,0,43
sciences,MOTO,FGSM,1.0,MIM,0.9,18.323529411764707,17.0,0,43
sciences,MOTO,FGSM,1.0,MIM,1.0,18.323529411764707,17.0,0,43
sciences,OP3,FGSM,1.0,MIM,0.1,8.220588235294118,7.0,0,65
sciences,OP3,FGSM,1.0,MIM,0.2,21.91176470588235,22.0,0,65
sciences,OP3,FGSM,1.0,MIM,0.3,18.323529411764707,17.0,0,43
sciences,OP3,FGSM,1.0,MIM,0.4,18.323529411764707,17.0,0,43
sciences,OP3,FGSM,1.0,MIM,0.5,18.323529411764707,17.0,0,43
sciences,OP3,FGSM,1.0,MIM,0.6,18.323529411764707,17.0,0,43
sciences,OP3,FGSM,1.0,MIM,0.7,18.323529411764707,17.0,0,43
sciences,OP3,FGSM,1.0,MIM,0.8,18.323529411764707,17.0,0,43
sciences,OP3,FGSM,1.0,MIM,0.9,18.323529411764707,17.0,0,43
sciences,OP3,FGSM,1.0,MIM,1.0,18.323529411764707,17.0,0,43
sciences,S7,FGSM,1.0,MIM,0.1,11.279411764705882,9.0,0,52
sciences,S7,FGSM,1.0,MIM,0.2,18.573529411764707,17.0,0,48
sciences,S7,FGSM,1.0,MIM,0.3,18.676470588235293,16.5,0,53
sciences,S7,FGSM,1.0,MIM,0.4,18.941176470588236,17.0,0,45
sciences,S7,FGSM,1.0,MIM,0.5,18.941176470588236,17.0,0,45
sciences,S7,FGSM,1.0,MIM,0.6,18.941176470588236,17.0,0,45
sciences,S7,FGSM,1.0,MIM,0.7,18.941176470588236,17.0,0,45
sciences,S7,FGSM,1.0,MIM,0.8,18.941176470588236,17.0,0,45
sciences,S7,FGSM,1.0,MIM,0.9,18.941176470588236,17.0,0,45
sciences,S7,FGSM,1.0,MIM,1.0,18.941176470588236,17.0,0,45
sciences,BLU,PGD,0.1,MIM,0.1,11.0,5.0,0,56
sciences,BLU,PGD,0.1,MIM,0.2,32.455882352941174,33.0,0,65
sciences,BLU,PGD,0.1,MIM,0.3,32.02205882352941,32.5,0,63
sciences,BLU,PGD,0.1,MIM,0.4,29.808823529411764,29.5,0,63
sciences,BLU,PGD,0.1,MIM,0.5,29.808823529411764,29.5,0,63
sciences,BLU,PGD,0.1,MIM,0.6,29.808823529411764,29.5,0,63
sciences,BLU,PGD,0.1,MIM,0.7,29.808823529411764,29.5,0,63
sciences,BLU,PGD,0.1,MIM,0.8,29.808823529411764,29.5,0,63
sciences,BLU,PGD,0.1,MIM,0.9,29.808823529411764,29.5,0,63
sciences,BLU,PGD,0.1,MIM,1.0,29.808823529411764,29.5,0,63
sciences,HTC,PGD,0.1,MIM,0.1,3.5073529411764706,3.0,0,13
sciences,HTC,PGD,0.1,MIM,0.2,28.183823529411764,24.5,1,65
sciences,HTC,PGD,0.1,MIM,0.3,31.99264705882353,32.5,0,65
sciences,HTC,PGD,0.1,MIM,0.4,31.683823529411764,32.0,0,65
sciences,HTC,PGD,0.1,MIM,0.5,31.683823529411764,32.0,0,65
sciences,HTC,PGD,0.1,MIM,0.6,31.683823529411764,32.0,0,65
sciences,HTC,PGD,0.1,MIM,0.7,31.683823529411764,32.0,0,65
sciences,HTC,PGD,0.1,MIM,0.8,31.683823529411764,32.0,0,65
sciences,HTC,PGD,0.1,MIM,0.9,31.683823529411764,32.0,0,65
sciences,HTC,PGD,0.1,MIM,1.0,31.683823529411764,32.0,0,65
sciences,LG,PGD,0.1,MIM,0.1,5.698529411764706,3.5,0,66
sciences,LG,PGD,0.1,MIM,0.2,25.705882352941178,18.5,0,65
sciences,LG,PGD,0.1,MIM,0.3,31.955882352941178,31.5,0,65
sciences,LG,PGD,0.1,MIM,0.4,32.30882352941177,32.5,0,65
sciences,LG,PGD,0.1,MIM,0.5,32.30882352941177,32.5,0,65
sciences,LG,PGD,0.1,MIM,0.6,32.30882352941177,32.5,0,65
sciences,LG,PGD,0.1,MIM,0.7,32.30882352941177,32.5,0,65
sciences,LG,PGD,0.1,MIM,0.8,32.30882352941177,32.5,0,65
sciences,LG,PGD,0.1,MIM,0.9,32.30882352941177,32.5,0,65
sciences,LG,PGD,0.1,MIM,1.0,32.30882352941177,32.5,0,65
sciences,MOTO,PGD,0.1,MIM,0.1,4.985294117647059,2.0,0,44
sciences,MOTO,PGD,0.1,MIM,0.2,32.43382352941177,32.0,0,66
sciences,MOTO,PGD,0.1,MIM,0.3,32.529411764705884,32.5,0,66
sciences,MOTO,PGD,0.1,MIM,0.4,32.529411764705884,32.5,0,66
sciences,MOTO,PGD,0.1,MIM,0.5,32.529411764705884,32.5,0,66
sciences,MOTO,PGD,0.1,MIM,0.6,32.529411764705884,32.5,0,66
sciences,MOTO,PGD,0.1,MIM,0.7,32.529411764705884,32.5,0,66
sciences,MOTO,PGD,0.1,MIM,0.8,32.529411764705884,32.5,0,66
sciences,MOTO,PGD,0.1,MIM,0.9,32.529411764705884,32.5,0,66
sciences,MOTO,PGD,0.1,MIM,1.0,32.529411764705884,32.5,0,66
sciences,OP3,PGD,0.1,MIM,0.1,1.3014705882352942,0.0,0,27
sciences,OP3,PGD,0.1,MIM,0.2,31.683823529411764,31.5,0,66
sciences,OP3,PGD,0.1,MIM,0.3,31.691176470588236,32.0,0,65
sciences,OP3,PGD,0.1,MIM,0.4,31.63235294117647,31.5,0,65
sciences,OP3,PGD,0.1,MIM,0.5,31.63235294117647,31.5,0,65
sciences,OP3,PGD,0.1,MIM,0.6,31.63235294117647,31.5,0,65
sciences,OP3,PGD,0.1,MIM,0.7,31.63235294117647,31.5,0,65
sciences,OP3,PGD,0.1,MIM,0.8,31.63235294117647,31.5,0,65
sciences,OP3,PGD,0.1,MIM,0.9,31.63235294117647,31.5,0,65
sciences,OP3,PGD,0.1,MIM,1.0,31.63235294117647,31.5,0,65
sciences,S7,PGD,0.1,MIM,0.1,3.051470588235294,2.0,0,21
sciences,S7,PGD,0.1,MIM,0.2,30.71323529411765,29.5,0,66
sciences,S7,PGD,0.1,MIM,0.3,31.75735294117647,32.5,0,66
sciences,S7,PGD,0.1,MIM,0.4,31.63235294117647,31.5,0,65
sciences,S7,PGD,0.1,MIM,0.5,31.63235294117647,31.5,0,65
sciences,S7,PGD,0.1,MIM,0.6,31.63235294117647,31.5,0,65
sciences,S7,PGD,0.1,MIM,0.7,31.63235294117647,31.5,0,65
sciences,S7,PGD,0.1,MIM,0.8,31.63235294117647,31.5,0,65
sciences,S7,PGD,0.1,MIM,0.9,31.63235294117647,31.5,0,65
sciences,S7,PGD,0.1,MIM,1.0,31.63235294117647,31.5,0,65
sciences,BLU,PGD,0.2,MIM,0.1,11.992647058823529,5.0,0,67
sciences,BLU,PGD,0.2,MIM,0.2,19.970588235294116,14.0,0,65
sciences,BLU,PGD,0.2,MIM,0.3,25.073529411764707,23.0,0,66
sciences,BLU,PGD,0.2,MIM,0.4,27.08823529411765,27.0,0,59
sciences,BLU,PGD,0.2,MIM,0.5,27.08823529411765,27.0,0,59
sciences,BLU,PGD,0.2,MIM,0.6,27.08823529411765,27.0,0,59
sciences,BLU,PGD,0.2,MIM,0.7,27.08823529411765,27.0,0,59
sciences,BLU,PGD,0.2,MIM,0.8,27.08823529411765,27.0,0,59
sciences,BLU,PGD,0.2,MIM,0.9,27.08823529411765,27.0,0,59
sciences,BLU,PGD,0.2,MIM,1.0,27.08823529411765,27.0,0,59
sciences,HTC,PGD,0.2,MIM,0.1,10.970588235294118,4.0,0,59
sciences,HTC,PGD,0.2,MIM,0.2,17.5,7.5,0,59
sciences,HTC,PGD,0.2,MIM,0.3,25.96323529411765,23.5,0,60
sciences,HTC,PGD,0.2,MIM,0.4,26.558823529411764,25.5,0,59
sciences,HTC,PGD,0.2,MIM,0.5,26.558823529411764,25.5,0,59
sciences,HTC,PGD,0.2,MIM,0.6,26.558823529411764,25.5,0,59
sciences,HTC,PGD,0.2,MIM,0.7,26.558823529411764,25.5,0,59
sciences,HTC,PGD,0.2,MIM,0.8,26.558823529411764,25.5,0,59
sciences,HTC,PGD,0.2,MIM,0.9,26.558823529411764,25.5,0,59
sciences,HTC,PGD,0.2,MIM,1.0,26.558823529411764,25.5,0,59
sciences,LG,PGD,0.2,MIM,0.1,6.147058823529412,2.0,0,61
sciences,LG,PGD,0.2,MIM,0.2,11.286764705882353,6.0,0,62
sciences,LG,PGD,0.2,MIM,0.3,26.25735294117647,24.0,0,60
sciences,LG,PGD,0.2,MIM,0.4,26.610294117647058,25.5,0,59
sciences,LG,PGD,0.2,MIM,0.5,26.610294117647058,25.5,0,59
sciences,LG,PGD,0.2,MIM,0.6,26.610294117647058,25.5,0,59
sciences,LG,PGD,0.2,MIM,0.7,26.610294117647058,25.5,0,59
sciences,LG,PGD,0.2,MIM,0.8,26.610294117647058,25.5,0,59
sciences,LG,PGD,0.2,MIM,0.9,26.610294117647058,25.5,0,59
sciences,LG,PGD,0.2,MIM,1.0,26.610294117647058,25.5,0,59
sciences,MOTO,PGD,0.2,MIM,0.1,7.632352941176471,5.0,0,62
sciences,MOTO,PGD,0.2,MIM,0.2,13.235294117647058,5.0,0,59
sciences,MOTO,PGD,0.2,MIM,0.3,25.316176470588236,24.0,0,62
sciences,MOTO,PGD,0.2,MIM,0.4,27.08823529411765,25.5,0,60
sciences,MOTO,PGD,0.2,MIM,0.5,27.08823529411765,25.5,0,60
sciences,MOTO,PGD,0.2,MIM,0.6,27.08823529411765,25.5,0,60
sciences,MOTO,PGD,0.2,MIM,0.7,27.08823529411765,25.5,0,60
sciences,MOTO,PGD,0.2,MIM,0.8,27.08823529411765,25.5,0,60
sciences,MOTO,PGD,0.2,MIM,0.9,27.08823529411765,25.5,0,60
sciences,MOTO,PGD,0.2,MIM,1.0,27.08823529411765,25.5,0,60
sciences,OP3,PGD,0.2,MIM,0.1,14.161764705882353,8.0,0,58
sciences,OP3,PGD,0.2,MIM,0.2,11.948529411764707,1.0,0,62
sciences,OP3,PGD,0.2,MIM,0.3,25.066176470588236,23.5,0,60
sciences,OP3,PGD,0.2,MIM,0.4,26.86764705882353,25.5,0,59
sciences,OP3,PGD,0.2,MIM,0.5,26.86764705882353,25.5,0,59
sciences,OP3,PGD,0.2,MIM,0.6,26.86764705882353,25.5,0,59
sciences,OP3,PGD,0.2,MIM,0.7,26.86764705882353,25.5,0,59
sciences,OP3,PGD,0.2,MIM,0.8,26.86764705882353,25.5,0,59
sciences,OP3,PGD,0.2,MIM,0.9,26.86764705882353,25.5,0,59
sciences,OP3,PGD,0.2,MIM,1.0,26.86764705882353,25.5,0,59
sciences,S7,PGD,0.2,MIM,0.1,11.970588235294118,7.0,0,55
sciences,S7,PGD,0.2,MIM,0.2,12.911764705882353,5.0,0,61
sciences,S7,PGD,0.2,MIM,0.3,26.21323529411765,25.0,0,60
sciences,S7,PGD,0.2,MIM,0.4,26.647058823529413,25.5,0,60
sciences,S7,PGD,0.2,MIM,0.5,26.647058823529413,25.5,0,60
sciences,S7,PGD,0.2,MIM,0.6,26.647058823529413,25.5,0,60
sciences,S7,PGD,0.2,MIM,0.7,26.647058823529413,25.5,0,60
sciences,S7,PGD,0.2,MIM,0.8,26.647058823529413,25.5,0,60
sciences,S7,PGD,0.2,MIM,0.9,26.647058823529413,25.5,0,60
sciences,S7,PGD,0.2,MIM,1.0,26.647058823529413,25.5,0,60
sciences,BLU,PGD,0.3,MIM,0.1,14.301470588235293,7.0,0,67
sciences,BLU,PGD,0.3,MIM,0.2,28.654411764705884,24.0,0,67
sciences,BLU,PGD,0.3,MIM,0.3,27.75,28.0,0,62
sciences,BLU,PGD,0.3,MIM,0.4,27.5,27.5,0,62
sciences,BLU,PGD,0.3,MIM,0.5,27.5,27.5,0,62
sciences,BLU,PGD,0.3,MIM,0.6,27.5,27.5,0,62
sciences,BLU,PGD,0.3,MIM,0.7,27.5,27.5,0,62
sciences,BLU,PGD,0.3,MIM,0.8,27.5,27.5,0,62
sciences,BLU,PGD,0.3,MIM,0.9,27.5,27.5,0,62
sciences,BLU,PGD,0.3,MIM,1.0,27.5,27.5,0,62
sciences,HTC,PGD,0.3,MIM,0.1,13.830882352941176,6.5,0,62
sciences,HTC,PGD,0.3,MIM,0.2,23.573529411764707,15.5,0,62
sciences,HTC,PGD,0.3,MIM,0.3,25.639705882352942,24.0,1,62
sciences,HTC,PGD,0.3,MIM,0.4,28.477941176470587,27.5,0,62
sciences,HTC,PGD,0.3,MIM,0.5,28.477941176470587,27.5,0,62
sciences,HTC,PGD,0.3,MIM,0.6,28.477941176470587,27.5,0,62
sciences,HTC,PGD,0.3,MIM,0.7,28.477941176470587,27.5,0,62
sciences,HTC,PGD,0.3,MIM,0.8,28.477941176470587,27.5,0,62
sciences,HTC,PGD,0.3,MIM,0.9,28.477941176470587,27.5,0,62
sciences,HTC,PGD,0.3,MIM,1.0,28.477941176470587,27.5,0,62
sciences,LG,PGD,0.3,MIM,0.1,15.169117647058824,7.0,0,62
sciences,LG,PGD,0.3,MIM,0.2,20.86764705882353,11.5,0,62
sciences,LG,PGD,0.3,MIM,0.3,25.86764705882353,23.5,0,62
sciences,LG,PGD,0.3,MIM,0.4,26.610294117647058,25.0,0,62
sciences,LG,PGD,0.3,MIM,0.5,26.610294117647058,25.0,0,62
sciences,LG,PGD,0.3,MIM,0.6,26.610294117647058,25.0,0,62
sciences,LG,PGD,0.3,MIM,0.7,26.610294117647058,25.0,0,62
sciences,LG,PGD,0.3,MIM,0.8,26.610294117647058,25.0,0,62
sciences,LG,PGD,0.3,MIM,0.9,26.610294117647058,25.0,0,62
sciences,LG,PGD,0.3,MIM,1.0,26.610294117647058,25.0,0,62
sciences,MOTO,PGD,0.3,MIM,0.1,6.411764705882353,5.0,0,61
sciences,MOTO,PGD,0.3,MIM,0.2,25.272058823529413,20.0,0,62
sciences,MOTO,PGD,0.3,MIM,0.3,26.389705882352942,27.5,0,62
sciences,MOTO,PGD,0.3,MIM,0.4,27.764705882352942,27.5,0,62
sciences,MOTO,PGD,0.3,MIM,0.5,27.764705882352942,27.5,0,62
sciences,MOTO,PGD,0.3,MIM,0.6,27.764705882352942,27.5,0,62
sciences,MOTO,PGD,0.3,MIM,0.7,27.764705882352942,27.5,0,62
sciences,MOTO,PGD,0.3,MIM,0.8,27.764705882352942,27.5,0,62
sciences,MOTO,PGD,0.3,MIM,0.9,27.764705882352942,27.5,0,62
sciences,MOTO,PGD,0.3,MIM,1.0,27.764705882352942,27.5,0,62
sciences,OP3,PGD,0.3,MIM,0.1,9.029411764705882,7.0,0,51
sciences,OP3,PGD,0.3,MIM,0.2,28.433823529411764,29.0,0,62
sciences,OP3,PGD,0.3,MIM,0.3,25.014705882352942,23.0,0,62
sciences,OP3,PGD,0.3,MIM,0.4,27.36764705882353,26.5,0,62
sciences,OP3,PGD,0.3,MIM,0.5,27.36764705882353,26.5,0,62
sciences,OP3,PGD,0.3,MIM,0.6,27.36764705882353,26.5,0,62
sciences,OP3,PGD,0.3,MIM,0.7,27.36764705882353,26.5,0,62
sciences,OP3,PGD,0.3,MIM,0.8,27.36764705882353,26.5,0,62
sciences,OP3,PGD,0.3,MIM,0.9,27.36764705882353,26.5,0,62
sciences,OP3,PGD,0.3,MIM,1.0,27.36764705882353,26.5,0,62
sciences,S7,PGD,0.3,MIM,0.1,10.654411764705882,6.0,0,62
sciences,S7,PGD,0.3,MIM,0.2,25.86764705882353,21.5,0,62
sciences,S7,PGD,0.3,MIM,0.3,26.095588235294116,25.0,0,62
sciences,S7,PGD,0.3,MIM,0.4,27.948529411764707,27.5,0,62
sciences,S7,PGD,0.3,MIM,0.5,27.948529411764707,27.5,0,62
sciences,S7,PGD,0.3,MIM,0.6,27.948529411764707,27.5,0,62
sciences,S7,PGD,0.3,MIM,0.7,27.948529411764707,27.5,0,62
sciences,S7,PGD,0.3,MIM,0.8,27.948529411764707,27.5,0,62
sciences,S7,PGD,0.3,MIM,0.9,27.948529411764707,27.5,0,62
sciences,S7,PGD,0.3,MIM,1.0,27.948529411764707,27.5,0,62
sciences,BLU,PGD,0.4,MIM,0.1,13.198529411764707,8.0,0,67
sciences,BLU,PGD,0.4,MIM,0.2,28.308823529411764,25.0,0,64
sciences,BLU,PGD,0.4,MIM,0.3,26.602941176470587,25.0,0,62
sciences,BLU,PGD,0.4,MIM,0.4,26.25735294117647,26.0,0,62
sciences,BLU,PGD,0.4,MIM,0.5,26.25735294117647,26.0,0,62
sciences,BLU,PGD,0.4,MIM,0.6,26.25735294117647,26.0,0,62
sciences,BLU,PGD,0.4,MIM,0.7,26.25735294117647,26.0,0,62
sciences,BLU,PGD,0.4,MIM,0.8,26.25735294117647,26.0,0,62
sciences,BLU,PGD,0.4,MIM,0.9,26.25735294117647,26.0,0,62
sciences,BLU,PGD,0.4,MIM,1.0,26.25735294117647,26.0,0,62
sciences,HTC,PGD,0.4,MIM,0.1,9.073529411764707,6.0,0,63
sciences,HTC,PGD,0.4,MIM,0.2,23.49264705882353,16.5,0,64
sciences,HTC,PGD,0.4,MIM,0.3,26.852941176470587,27.0,0,59
sciences,HTC,PGD,0.4,MIM,0.4,25.154411764705884,23.0,0,62
sciences,HTC,PGD,0.4,MIM,0.5,25.154411764705884,23.0,0,62
sciences,HTC,PGD,0.4,MIM,0.6,25.154411764705884,23.0,0,62
sciences,HTC,PGD,0.4,MIM,0.7,25.154411764705884,23.0,0,62
sciences,HTC,PGD,0.4,MIM,0.8,25.154411764705884,23.0,0,62
sciences,HTC,PGD,0.4,MIM,0.9,25.154411764705884,23.0,0,62
sciences,HTC,PGD,0.4,MIM,1.0,25.154411764705884,23.0,0,62
sciences,LG,PGD,0.4,MIM,0.1,10.007352941176471,6.0,0,62
sciences,LG,PGD,0.4,MIM,0.2,29.33823529411765,24.0,0,62
sciences,LG,PGD,0.4,MIM,0.3,26.75735294117647,27.5,0,59
sciences,LG,PGD,0.4,MIM,0.4,26.595588235294116,26.5,0,62
sciences,LG,PGD,0.4,MIM,0.5,26.595588235294116,26.5,0,62
sciences,LG,PGD,0.4,MIM,0.6,26.595588235294116,26.5,0,62
sciences,LG,PGD,0.4,MIM,0.7,26.595588235294116,26.5,0,62
sciences,LG,PGD,0.4,MIM,0.8,26.595588235294116,26.5,0,62
sciences,LG,PGD,0.4,MIM,0.9,26.595588235294116,26.5,0,62
sciences,LG,PGD,0.4,MIM,1.0,26.595588235294116,26.5,0,62
sciences,MOTO,PGD,0.4,MIM,0.1,7.110294117647059,5.0,0,30
sciences,MOTO,PGD,0.4,MIM,0.2,15.911764705882353,11.0,0,67
sciences,MOTO,PGD,0.4,MIM,0.3,28.544117647058822,28.5,0,63
sciences,MOTO,PGD,0.4,MIM,0.4,26.279411764705884,25.5,0,59
sciences,MOTO,PGD,0.4,MIM,0.5,26.279411764705884,25.5,0,59
sciences,MOTO,PGD,0.4,MIM,0.6,26.279411764705884,25.5,0,59
sciences,MOTO,PGD,0.4,MIM,0.7,26.279411764705884,25.5,0,59
sciences,MOTO,PGD,0.4,MIM,0.8,26.279411764705884,25.5,0,59
sciences,MOTO,PGD,0.4,MIM,0.9,26.279411764705884,25.5,0,59
sciences,MOTO,PGD,0.4,MIM,1.0,26.279411764705884,25.5,0,59
sciences,OP3,PGD,0.4,MIM,0.1,8.294117647058824,7.0,0,50
sciences,OP3,PGD,0.4,MIM,0.2,16.051470588235293,11.5,0,64
sciences,OP3,PGD,0.4,MIM,0.3,28.63235294117647,28.5,0,63
sciences,OP3,PGD,0.4,MIM,0.4,20.272058823529413,13.5,0,62
sciences,OP3,PGD,0.4,MIM,0.5,20.272058823529413,13.5,0,62
sciences,OP3,PGD,0.4,MIM,0.6,20.272058823529413,13.5,0,62
sciences,OP3,PGD,0.4,MIM,0.7,20.272058823529413,13.5,0,62
sciences,OP3,PGD,0.4,MIM,0.8,20.272058823529413,13.5,0,62
sciences,OP3,PGD,0.4,MIM,0.9,20.272058823529413,13.5,0,62
sciences,OP3,PGD,0.4,MIM,1.0,20.272058823529413,13.5,0,62
sciences,S7,PGD,0.4,MIM,0.1,8.933823529411764,6.0,0,57
sciences,S7,PGD,0.4,MIM,0.2,19.96323529411765,14.0,0,64
sciences,S7,PGD,0.4,MIM,0.3,27.316176470588236,28.0,0,62
sciences,S7,PGD,0.4,MIM,0.4,25.50735294117647,25.0,0,67
sciences,S7,PGD,0.4,MIM,0.5,25.50735294117647,25.0,0,67
sciences,S7,PGD,0.4,MIM,0.6,25.50735294117647,25.0,0,67
sciences,S7,PGD,0.4,MIM,0.7,25.50735294117647,25.0,0,67
sciences,S7,PGD,0.4,MIM,0.8,25.50735294117647,25.0,0,67
sciences,S7,PGD,0.4,MIM,0.9,25.50735294117647,25.0,0,67
sciences,S7,PGD,0.4,MIM,1.0,25.50735294117647,25.0,0,67
sciences,BLU,PGD,0.5,MIM,0.1,13.198529411764707,8.0,0,67
sciences,BLU,PGD,0.5,MIM,0.2,28.308823529411764,25.0,0,64
sciences,BLU,PGD,0.5,MIM,0.3,26.602941176470587,25.0,0,62
sciences,BLU,PGD,0.5,MIM,0.4,26.25735294117647,26.0,0,62
sciences,BLU,PGD,0.5,MIM,0.5,26.25735294117647,26.0,0,62
sciences,BLU,PGD,0.5,MIM,0.6,26.25735294117647,26.0,0,62
sciences,BLU,PGD,0.5,MIM,0.7,26.25735294117647,26.0,0,62
sciences,BLU,PGD,0.5,MIM,0.8,26.25735294117647,26.0,0,62
sciences,BLU,PGD,0.5,MIM,0.9,26.25735294117647,26.0,0,62
sciences,BLU,PGD,0.5,MIM,1.0,26.25735294117647,26.0,0,62
sciences,HTC,PGD,0.5,MIM,0.1,9.073529411764707,6.0,0,63
sciences,HTC,PGD,0.5,MIM,0.2,23.49264705882353,16.5,0,64
sciences,HTC,PGD,0.5,MIM,0.3,26.852941176470587,27.0,0,59
sciences,HTC,PGD,0.5,MIM,0.4,25.154411764705884,23.0,0,62
sciences,HTC,PGD,0.5,MIM,0.5,25.154411764705884,23.0,0,62
sciences,HTC,PGD,0.5,MIM,0.6,25.154411764705884,23.0,0,62
sciences,HTC,PGD,0.5,MIM,0.7,25.154411764705884,23.0,0,62
sciences,HTC,PGD,0.5,MIM,0.8,25.154411764705884,23.0,0,62
sciences,HTC,PGD,0.5,MIM,0.9,25.154411764705884,23.0,0,62
sciences,HTC,PGD,0.5,MIM,1.0,25.154411764705884,23.0,0,62
sciences,LG,PGD,0.5,MIM,0.1,10.007352941176471,6.0,0,62
sciences,LG,PGD,0.5,MIM,0.2,29.33823529411765,24.0,0,62
sciences,LG,PGD,0.5,MIM,0.3,26.75735294117647,27.5,0,59
sciences,LG,PGD,0.5,MIM,0.4,26.595588235294116,26.5,0,62
sciences,LG,PGD,0.5,MIM,0.5,26.595588235294116,26.5,0,62
sciences,LG,PGD,0.5,MIM,0.6,26.595588235294116,26.5,0,62
sciences,LG,PGD,0.5,MIM,0.7,26.595588235294116,26.5,0,62
sciences,LG,PGD,0.5,MIM,0.8,26.595588235294116,26.5,0,62
sciences,LG,PGD,0.5,MIM,0.9,26.595588235294116,26.5,0,62
sciences,LG,PGD,0.5,MIM,1.0,26.595588235294116,26.5,0,62
sciences,MOTO,PGD,0.5,MIM,0.1,7.110294117647059,5.0,0,30
sciences,MOTO,PGD,0.5,MIM,0.2,15.911764705882353,11.0,0,67
sciences,MOTO,PGD,0.5,MIM,0.3,28.544117647058822,28.5,0,63
sciences,MOTO,PGD,0.5,MIM,0.4,26.279411764705884,25.5,0,59
sciences,MOTO,PGD,0.5,MIM,0.5,26.279411764705884,25.5,0,59
sciences,MOTO,PGD,0.5,MIM,0.6,26.279411764705884,25.5,0,59
sciences,MOTO,PGD,0.5,MIM,0.7,26.279411764705884,25.5,0,59
sciences,MOTO,PGD,0.5,MIM,0.8,26.279411764705884,25.5,0,59
sciences,MOTO,PGD,0.5,MIM,0.9,26.279411764705884,25.5,0,59
sciences,MOTO,PGD,0.5,MIM,1.0,26.279411764705884,25.5,0,59
sciences,OP3,PGD,0.5,MIM,0.1,8.294117647058824,7.0,0,50
sciences,OP3,PGD,0.5,MIM,0.2,16.051470588235293,11.5,0,64
sciences,OP3,PGD,0.5,MIM,0.3,28.63235294117647,28.5,0,63
sciences,OP3,PGD,0.5,MIM,0.4,20.272058823529413,13.5,0,62
sciences,OP3,PGD,0.5,MIM,0.5,20.272058823529413,13.5,0,62
sciences,OP3,PGD,0.5,MIM,0.6,20.272058823529413,13.5,0,62
sciences,OP3,PGD,0.5,MIM,0.7,20.272058823529413,13.5,0,62
sciences,OP3,PGD,0.5,MIM,0.8,20.272058823529413,13.5,0,62
sciences,OP3,PGD,0.5,MIM,0.9,20.272058823529413,13.5,0,62
sciences,OP3,PGD,0.5,MIM,1.0,20.272058823529413,13.5,0,62
sciences,S7,PGD,0.5,MIM,0.1,8.933823529411764,6.0,0,57
sciences,S7,PGD,0.5,MIM,0.2,19.96323529411765,14.0,0,64
sciences,S7,PGD,0.5,MIM,0.3,27.316176470588236,28.0,0,62
sciences,S7,PGD,0.5,MIM,0.4,25.50735294117647,25.0,0,67
sciences,S7,PGD,0.5,MIM,0.5,25.50735294117647,25.0,0,67
sciences,S7,PGD,0.5,MIM,0.6,25.50735294117647,25.0,0,67
sciences,S7,PGD,0.5,MIM,0.7,25.50735294117647,25.0,0,67
sciences,S7,PGD,0.5,MIM,0.8,25.50735294117647,25.0,0,67
sciences,S7,PGD,0.5,MIM,0.9,25.50735294117647,25.0,0,67
sciences,S7,PGD,0.5,MIM,1.0,25.50735294117647,25.0,0,67
sciences,BLU,PGD,0.6,MIM,0.1,13.198529411764707,8.0,0,67
sciences,BLU,PGD,0.6,MIM,0.2,28.308823529411764,25.0,0,64
sciences,BLU,PGD,0.6,MIM,0.3,26.602941176470587,25.0,0,62
sciences,BLU,PGD,0.6,MIM,0.4,26.25735294117647,26.0,0,62
sciences,BLU,PGD,0.6,MIM,0.5,26.25735294117647,26.0,0,62
sciences,BLU,PGD,0.6,MIM,0.6,26.25735294117647,26.0,0,62
sciences,BLU,PGD,0.6,MIM,0.7,26.25735294117647,26.0,0,62
sciences,BLU,PGD,0.6,MIM,0.8,26.25735294117647,26.0,0,62
sciences,BLU,PGD,0.6,MIM,0.9,26.25735294117647,26.0,0,62
sciences,BLU,PGD,0.6,MIM,1.0,26.25735294117647,26.0,0,62
sciences,HTC,PGD,0.6,MIM,0.1,9.073529411764707,6.0,0,63
sciences,HTC,PGD,0.6,MIM,0.2,23.49264705882353,16.5,0,64
sciences,HTC,PGD,0.6,MIM,0.3,26.852941176470587,27.0,0,59
sciences,HTC,PGD,0.6,MIM,0.4,25.154411764705884,23.0,0,62
sciences,HTC,PGD,0.6,MIM,0.5,25.154411764705884,23.0,0,62
sciences,HTC,PGD,0.6,MIM,0.6,25.154411764705884,23.0,0,62
sciences,HTC,PGD,0.6,MIM,0.7,25.154411764705884,23.0,0,62
sciences,HTC,PGD,0.6,MIM,0.8,25.154411764705884,23.0,0,62
sciences,HTC,PGD,0.6,MIM,0.9,25.154411764705884,23.0,0,62
sciences,HTC,PGD,0.6,MIM,1.0,25.154411764705884,23.0,0,62
sciences,LG,PGD,0.6,MIM,0.1,10.007352941176471,6.0,0,62
sciences,LG,PGD,0.6,MIM,0.2,29.33823529411765,24.0,0,62
sciences,LG,PGD,0.6,MIM,0.3,26.75735294117647,27.5,0,59
sciences,LG,PGD,0.6,MIM,0.4,26.595588235294116,26.5,0,62
sciences,LG,PGD,0.6,MIM,0.5,26.595588235294116,26.5,0,62
sciences,LG,PGD,0.6,MIM,0.6,26.595588235294116,26.5,0,62
sciences,LG,PGD,0.6,MIM,0.7,26.595588235294116,26.5,0,62
sciences,LG,PGD,0.6,MIM,0.8,26.595588235294116,26.5,0,62
sciences,LG,PGD,0.6,MIM,0.9,26.595588235294116,26.5,0,62
sciences,LG,PGD,0.6,MIM,1.0,26.595588235294116,26.5,0,62
sciences,MOTO,PGD,0.6,MIM,0.1,7.110294117647059,5.0,0,30
sciences,MOTO,PGD,0.6,MIM,0.2,15.911764705882353,11.0,0,67
sciences,MOTO,PGD,0.6,MIM,0.3,28.544117647058822,28.5,0,63
sciences,MOTO,PGD,0.6,MIM,0.4,26.279411764705884,25.5,0,59
sciences,MOTO,PGD,0.6,MIM,0.5,26.279411764705884,25.5,0,59
sciences,MOTO,PGD,0.6,MIM,0.6,26.279411764705884,25.5,0,59
sciences,MOTO,PGD,0.6,MIM,0.7,26.279411764705884,25.5,0,59
sciences,MOTO,PGD,0.6,MIM,0.8,26.279411764705884,25.5,0,59
sciences,MOTO,PGD,0.6,MIM,0.9,26.279411764705884,25.5,0,59
sciences,MOTO,PGD,0.6,MIM,1.0,26.279411764705884,25.5,0,59
sciences,OP3,PGD,0.6,MIM,0.1,8.294117647058824,7.0,0,50
sciences,OP3,PGD,0.6,MIM,0.2,16.051470588235293,11.5,0,64
sciences,OP3,PGD,0.6,MIM,0.3,28.63235294117647,28.5,0,63
sciences,OP3,PGD,0.6,MIM,0.4,20.272058823529413,13.5,0,62
sciences,OP3,PGD,0.6,MIM,0.5,20.272058823529413,13.5,0,62
sciences,OP3,PGD,0.6,MIM,0.6,20.272058823529413,13.5,0,62
sciences,OP3,PGD,0.6,MIM,0.7,20.272058823529413,13.5,0,62
sciences,OP3,PGD,0.6,MIM,0.8,20.272058823529413,13.5,0,62
sciences,OP3,PGD,0.6,MIM,0.9,20.272058823529413,13.5,0,62
sciences,OP3,PGD,0.6,MIM,1.0,20.272058823529413,13.5,0,62
sciences,S7,PGD,0.6,MIM,0.1,8.933823529411764,6.0,0,57
sciences,S7,PGD,0.6,MIM,0.2,19.96323529411765,14.0,0,64
sciences,S7,PGD,0.6,MIM,0.3,27.316176470588236,28.0,0,62
sciences,S7,PGD,0.6,MIM,0.4,25.50735294117647,25.0,0,67
sciences,S7,PGD,0.6,MIM,0.5,25.50735294117647,25.0,0,67
sciences,S7,PGD,0.6,MIM,0.6,25.50735294117647,25.0,0,67
sciences,S7,PGD,0.6,MIM,0.7,25.50735294117647,25.0,0,67
sciences,S7,PGD,0.6,MIM,0.8,25.50735294117647,25.0,0,67
sciences,S7,PGD,0.6,MIM,0.9,25.50735294117647,25.0,0,67
sciences,S7,PGD,0.6,MIM,1.0,25.50735294117647,25.0,0,67
sciences,BLU,PGD,0.7,MIM,0.1,13.198529411764707,8.0,0,67
sciences,BLU,PGD,0.7,MIM,0.2,28.308823529411764,25.0,0,64
sciences,BLU,PGD,0.7,MIM,0.3,26.602941176470587,25.0,0,62
sciences,BLU,PGD,0.7,MIM,0.4,26.25735294117647,26.0,0,62
sciences,BLU,PGD,0.7,MIM,0.5,26.25735294117647,26.0,0,62
sciences,BLU,PGD,0.7,MIM,0.6,26.25735294117647,26.0,0,62
sciences,BLU,PGD,0.7,MIM,0.7,26.25735294117647,26.0,0,62
sciences,BLU,PGD,0.7,MIM,0.8,26.25735294117647,26.0,0,62
sciences,BLU,PGD,0.7,MIM,0.9,26.25735294117647,26.0,0,62
sciences,BLU,PGD,0.7,MIM,1.0,26.25735294117647,26.0,0,62
sciences,HTC,PGD,0.7,MIM,0.1,9.073529411764707,6.0,0,63
sciences,HTC,PGD,0.7,MIM,0.2,23.49264705882353,16.5,0,64
sciences,HTC,PGD,0.7,MIM,0.3,26.852941176470587,27.0,0,59
sciences,HTC,PGD,0.7,MIM,0.4,25.154411764705884,23.0,0,62
sciences,HTC,PGD,0.7,MIM,0.5,25.154411764705884,23.0,0,62
sciences,HTC,PGD,0.7,MIM,0.6,25.154411764705884,23.0,0,62
sciences,HTC,PGD,0.7,MIM,0.7,25.154411764705884,23.0,0,62
sciences,HTC,PGD,0.7,MIM,0.8,25.154411764705884,23.0,0,62
sciences,HTC,PGD,0.7,MIM,0.9,25.154411764705884,23.0,0,62
sciences,HTC,PGD,0.7,MIM,1.0,25.154411764705884,23.0,0,62
sciences,LG,PGD,0.7,MIM,0.1,10.007352941176471,6.0,0,62
sciences,LG,PGD,0.7,MIM,0.2,29.33823529411765,24.0,0,62
sciences,LG,PGD,0.7,MIM,0.3,26.75735294117647,27.5,0,59
sciences,LG,PGD,0.7,MIM,0.4,26.595588235294116,26.5,0,62
sciences,LG,PGD,0.7,MIM,0.5,26.595588235294116,26.5,0,62
sciences,LG,PGD,0.7,MIM,0.6,26.595588235294116,26.5,0,62
sciences,LG,PGD,0.7,MIM,0.7,26.595588235294116,26.5,0,62
sciences,LG,PGD,0.7,MIM,0.8,26.595588235294116,26.5,0,62
sciences,LG,PGD,0.7,MIM,0.9,26.595588235294116,26.5,0,62
sciences,LG,PGD,0.7,MIM,1.0,26.595588235294116,26.5,0,62
sciences,MOTO,PGD,0.7,MIM,0.1,7.110294117647059,5.0,0,30
sciences,MOTO,PGD,0.7,MIM,0.2,15.911764705882353,11.0,0,67
sciences,MOTO,PGD,0.7,MIM,0.3,28.544117647058822,28.5,0,63
sciences,MOTO,PGD,0.7,MIM,0.4,26.279411764705884,25.5,0,59
sciences,MOTO,PGD,0.7,MIM,0.5,26.279411764705884,25.5,0,59
sciences,MOTO,PGD,0.7,MIM,0.6,26.279411764705884,25.5,0,59
sciences,MOTO,PGD,0.7,MIM,0.7,26.279411764705884,25.5,0,59
sciences,MOTO,PGD,0.7,MIM,0.8,26.279411764705884,25.5,0,59
sciences,MOTO,PGD,0.7,MIM,0.9,26.279411764705884,25.5,0,59
sciences,MOTO,PGD,0.7,MIM,1.0,26.279411764705884,25.5,0,59
sciences,OP3,PGD,0.7,MIM,0.1,8.294117647058824,7.0,0,50
sciences,OP3,PGD,0.7,MIM,0.2,16.051470588235293,11.5,0,64
sciences,OP3,PGD,0.7,MIM,0.3,28.63235294117647,28.5,0,63
sciences,OP3,PGD,0.7,MIM,0.4,20.272058823529413,13.5,0,62
sciences,OP3,PGD,0.7,MIM,0.5,20.272058823529413,13.5,0,62
sciences,OP3,PGD,0.7,MIM,0.6,20.272058823529413,13.5,0,62
sciences,OP3,PGD,0.7,MIM,0.7,20.272058823529413,13.5,0,62
sciences,OP3,PGD,0.7,MIM,0.8,20.272058823529413,13.5,0,62
sciences,OP3,PGD,0.7,MIM,0.9,20.272058823529413,13.5,0,62
sciences,OP3,PGD,0.7,MIM,1.0,20.272058823529413,13.5,0,62
sciences,S7,PGD,0.7,MIM,0.1,8.933823529411764,6.0,0,57
sciences,S7,PGD,0.7,MIM,0.2,19.96323529411765,14.0,0,64
sciences,S7,PGD,0.7,MIM,0.3,27.316176470588236,28.0,0,62
sciences,S7,PGD,0.7,MIM,0.4,25.50735294117647,25.0,0,67
sciences,S7,PGD,0.7,MIM,0.5,25.50735294117647,25.0,0,67
sciences,S7,PGD,0.7,MIM,0.6,25.50735294117647,25.0,0,67
sciences,S7,PGD,0.7,MIM,0.7,25.50735294117647,25.0,0,67
sciences,S7,PGD,0.7,MIM,0.8,25.50735294117647,25.0,0,67
sciences,S7,PGD,0.7,MIM,0.9,25.50735294117647,25.0,0,67
sciences,S7,PGD,0.7,MIM,1.0,25.50735294117647,25.0,0,67
sciences,BLU,PGD,0.8,MIM,0.1,13.198529411764707,8.0,0,67
sciences,BLU,PGD,0.8,MIM,0.2,28.308823529411764,25.0,0,64
sciences,BLU,PGD,0.8,MIM,0.3,26.602941176470587,25.0,0,62
sciences,BLU,PGD,0.8,MIM,0.4,26.25735294117647,26.0,0,62
sciences,BLU,PGD,0.8,MIM,0.5,26.25735294117647,26.0,0,62
sciences,BLU,PGD,0.8,MIM,0.6,26.25735294117647,26.0,0,62
sciences,BLU,PGD,0.8,MIM,0.7,26.25735294117647,26.0,0,62
sciences,BLU,PGD,0.8,MIM,0.8,26.25735294117647,26.0,0,62
sciences,BLU,PGD,0.8,MIM,0.9,26.25735294117647,26.0,0,62
sciences,BLU,PGD,0.8,MIM,1.0,26.25735294117647,26.0,0,62
sciences,HTC,PGD,0.8,MIM,0.1,9.073529411764707,6.0,0,63
sciences,HTC,PGD,0.8,MIM,0.2,23.49264705882353,16.5,0,64
sciences,HTC,PGD,0.8,MIM,0.3,26.852941176470587,27.0,0,59
sciences,HTC,PGD,0.8,MIM,0.4,25.154411764705884,23.0,0,62
sciences,HTC,PGD,0.8,MIM,0.5,25.154411764705884,23.0,0,62
sciences,HTC,PGD,0.8,MIM,0.6,25.154411764705884,23.0,0,62
sciences,HTC,PGD,0.8,MIM,0.7,25.154411764705884,23.0,0,62
sciences,HTC,PGD,0.8,MIM,0.8,25.154411764705884,23.0,0,62
sciences,HTC,PGD,0.8,MIM,0.9,25.154411764705884,23.0,0,62
sciences,HTC,PGD,0.8,MIM,1.0,25.154411764705884,23.0,0,62
sciences,LG,PGD,0.8,MIM,0.1,10.007352941176471,6.0,0,62
sciences,LG,PGD,0.8,MIM,0.2,29.33823529411765,24.0,0,62
sciences,LG,PGD,0.8,MIM,0.3,26.75735294117647,27.5,0,59
sciences,LG,PGD,0.8,MIM,0.4,26.595588235294116,26.5,0,62
sciences,LG,PGD,0.8,MIM,0.5,26.595588235294116,26.5,0,62
sciences,LG,PGD,0.8,MIM,0.6,26.595588235294116,26.5,0,62
sciences,LG,PGD,0.8,MIM,0.7,26.595588235294116,26.5,0,62
sciences,LG,PGD,0.8,MIM,0.8,26.595588235294116,26.5,0,62
sciences,LG,PGD,0.8,MIM,0.9,26.595588235294116,26.5,0,62
sciences,LG,PGD,0.8,MIM,1.0,26.595588235294116,26.5,0,62
sciences,MOTO,PGD,0.8,MIM,0.1,7.110294117647059,5.0,0,30
sciences,MOTO,PGD,0.8,MIM,0.2,15.911764705882353,11.0,0,67
sciences,MOTO,PGD,0.8,MIM,0.3,28.544117647058822,28.5,0,63
sciences,MOTO,PGD,0.8,MIM,0.4,26.279411764705884,25.5,0,59
sciences,MOTO,PGD,0.8,MIM,0.5,26.279411764705884,25.5,0,59
sciences,MOTO,PGD,0.8,MIM,0.6,26.279411764705884,25.5,0,59
sciences,MOTO,PGD,0.8,MIM,0.7,26.279411764705884,25.5,0,59
sciences,MOTO,PGD,0.8,MIM,0.8,26.279411764705884,25.5,0,59
sciences,MOTO,PGD,0.8,MIM,0.9,26.279411764705884,25.5,0,59
sciences,MOTO,PGD,0.8,MIM,1.0,26.279411764705884,25.5,0,59
sciences,OP3,PGD,0.8,MIM,0.1,8.294117647058824,7.0,0,50
sciences,OP3,PGD,0.8,MIM,0.2,16.051470588235293,11.5,0,64
sciences,OP3,PGD,0.8,MIM,0.3,28.63235294117647,28.5,0,63
sciences,OP3,PGD,0.8,MIM,0.4,20.272058823529413,13.5,0,62
sciences,OP3,PGD,0.8,MIM,0.5,20.272058823529413,13.5,0,62
sciences,OP3,PGD,0.8,MIM,0.6,20.272058823529413,13.5,0,62
sciences,OP3,PGD,0.8,MIM,0.7,20.272058823529413,13.5,0,62
sciences,OP3,PGD,0.8,MIM,0.8,20.272058823529413,13.5,0,62
sciences,OP3,PGD,0.8,MIM,0.9,20.272058823529413,13.5,0,62
sciences,OP3,PGD,0.8,MIM,1.0,20.272058823529413,13.5,0,62
sciences,S7,PGD,0.8,MIM,0.1,8.933823529411764,6.0,0,57
sciences,S7,PGD,0.8,MIM,0.2,19.96323529411765,14.0,0,64
sciences,S7,PGD,0.8,MIM,0.3,27.316176470588236,28.0,0,62
sciences,S7,PGD,0.8,MIM,0.4,25.50735294117647,25.0,0,67
sciences,S7,PGD,0.8,MIM,0.5,25.50735294117647,25.0,0,67
sciences,S7,PGD,0.8,MIM,0.6,25.50735294117647,25.0,0,67
sciences,S7,PGD,0.8,MIM,0.7,25.50735294117647,25.0,0,67
sciences,S7,PGD,0.8,MIM,0.8,25.50735294117647,25.0,0,67
sciences,S7,PGD,0.8,MIM,0.9,25.50735294117647,25.0,0,67
sciences,S7,PGD,0.8,MIM,1.0,25.50735294117647,25.0,0,67
sciences,BLU,PGD,0.9,MIM,0.1,13.198529411764707,8.0,0,67
sciences,BLU,PGD,0.9,MIM,0.2,28.308823529411764,25.0,0,64
sciences,BLU,PGD,0.9,MIM,0.3,26.602941176470587,25.0,0,62
sciences,BLU,PGD,0.9,MIM,0.4,26.25735294117647,26.0,0,62
sciences,BLU,PGD,0.9,MIM,0.5,26.25735294117647,26.0,0,62
sciences,BLU,PGD,0.9,MIM,0.6,26.25735294117647,26.0,0,62
sciences,BLU,PGD,0.9,MIM,0.7,26.25735294117647,26.0,0,62
sciences,BLU,PGD,0.9,MIM,0.8,26.25735294117647,26.0,0,62
sciences,BLU,PGD,0.9,MIM,0.9,26.25735294117647,26.0,0,62
sciences,BLU,PGD,0.9,MIM,1.0,26.25735294117647,26.0,0,62
sciences,HTC,PGD,0.9,MIM,0.1,9.073529411764707,6.0,0,63
sciences,HTC,PGD,0.9,MIM,0.2,23.49264705882353,16.5,0,64
sciences,HTC,PGD,0.9,MIM,0.3,26.852941176470587,27.0,0,59
sciences,HTC,PGD,0.9,MIM,0.4,25.154411764705884,23.0,0,62
sciences,HTC,PGD,0.9,MIM,0.5,25.154411764705884,23.0,0,62
sciences,HTC,PGD,0.9,MIM,0.6,25.154411764705884,23.0,0,62
sciences,HTC,PGD,0.9,MIM,0.7,25.154411764705884,23.0,0,62
sciences,HTC,PGD,0.9,MIM,0.8,25.154411764705884,23.0,0,62
sciences,HTC,PGD,0.9,MIM,0.9,25.154411764705884,23.0,0,62
sciences,HTC,PGD,0.9,MIM,1.0,25.154411764705884,23.0,0,62
sciences,LG,PGD,0.9,MIM,0.1,10.007352941176471,6.0,0,62
sciences,LG,PGD,0.9,MIM,0.2,29.33823529411765,24.0,0,62
sciences,LG,PGD,0.9,MIM,0.3,26.75735294117647,27.5,0,59
sciences,LG,PGD,0.9,MIM,0.4,26.595588235294116,26.5,0,62
sciences,LG,PGD,0.9,MIM,0.5,26.595588235294116,26.5,0,62
sciences,LG,PGD,0.9,MIM,0.6,26.595588235294116,26.5,0,62
sciences,LG,PGD,0.9,MIM,0.7,26.595588235294116,26.5,0,62
sciences,LG,PGD,0.9,MIM,0.8,26.595588235294116,26.5,0,62
sciences,LG,PGD,0.9,MIM,0.9,26.595588235294116,26.5,0,62
sciences,LG,PGD,0.9,MIM,1.0,26.595588235294116,26.5,0,62
sciences,MOTO,PGD,0.9,MIM,0.1,7.110294117647059,5.0,0,30
sciences,MOTO,PGD,0.9,MIM,0.2,15.911764705882353,11.0,0,67
sciences,MOTO,PGD,0.9,MIM,0.3,28.544117647058822,28.5,0,63
sciences,MOTO,PGD,0.9,MIM,0.4,26.279411764705884,25.5,0,59
sciences,MOTO,PGD,0.9,MIM,0.5,26.279411764705884,25.5,0,59
sciences,MOTO,PGD,0.9,MIM,0.6,26.279411764705884,25.5,0,59
sciences,MOTO,PGD,0.9,MIM,0.7,26.279411764705884,25.5,0,59
sciences,MOTO,PGD,0.9,MIM,0.8,26.279411764705884,25.5,0,59
sciences,MOTO,PGD,0.9,MIM,0.9,26.279411764705884,25.5,0,59
sciences,MOTO,PGD,0.9,MIM,1.0,26.279411764705884,25.5,0,59
sciences,OP3,PGD,0.9,MIM,0.1,8.294117647058824,7.0,0,50
sciences,OP3,PGD,0.9,MIM,0.2,16.051470588235293,11.5,0,64
sciences,OP3,PGD,0.9,MIM,0.3,28.63235294117647,28.5,0,63
sciences,OP3,PGD,0.9,MIM,0.4,20.272058823529413,13.5,0,62
sciences,OP3,PGD,0.9,MIM,0.5,20.272058823529413,13.5,0,62
sciences,OP3,PGD,0.9,MIM,0.6,20.272058823529413,13.5,0,62
sciences,OP3,PGD,0.9,MIM,0.7,20.272058823529413,13.5,0,62
sciences,OP3,PGD,0.9,MIM,0.8,20.272058823529413,13.5,0,62
sciences,OP3,PGD,0.9,MIM,0.9,20.272058823529413,13.5,0,62
sciences,OP3,PGD,0.9,MIM,1.0,20.272058823529413,13.5,0,62
sciences,S7,PGD,0.9,MIM,0.1,8.933823529411764,6.0,0,57
sciences,S7,PGD,0.9,MIM,0.2,19.96323529411765,14.0,0,64
sciences,S7,PGD,0.9,MIM,0.3,27.316176470588236,28.0,0,62
sciences,S7,PGD,0.9,MIM,0.4,25.50735294117647,25.0,0,67
sciences,S7,PGD,0.9,MIM,0.5,25.50735294117647,25.0,0,67
sciences,S7,PGD,0.9,MIM,0.6,25.50735294117647,25.0,0,67
sciences,S7,PGD,0.9,MIM,0.7,25.50735294117647,25.0,0,67
sciences,S7,PGD,0.9,MIM,0.8,25.50735294117647,25.0,0,67
sciences,S7,PGD,0.9,MIM,0.9,25.50735294117647,25.0,0,67
sciences,S7,PGD,0.9,MIM,1.0,25.50735294117647,25.0,0,67
sciences,BLU,PGD,1.0,MIM,0.1,13.198529411764707,8.0,0,67
sciences,BLU,PGD,1.0,MIM,0.2,28.308823529411764,25.0,0,64
sciences,BLU,PGD,1.0,MIM,0.3,26.602941176470587,25.0,0,62
sciences,BLU,PGD,1.0,MIM,0.4,26.25735294117647,26.0,0,62
sciences,BLU,PGD,1.0,MIM,0.5,26.25735294117647,26.0,0,62
sciences,BLU,PGD,1.0,MIM,0.6,26.25735294117647,26.0,0,62
sciences,BLU,PGD,1.0,MIM,0.7,26.25735294117647,26.0,0,62
sciences,BLU,PGD,1.0,MIM,0.8,26.25735294117647,26.0,0,62
sciences,BLU,PGD,1.0,MIM,0.9,26.25735294117647,26.0,0,62
sciences,BLU,PGD,1.0,MIM,1.0,26.25735294117647,26.0,0,62
sciences,HTC,PGD,1.0,MIM,0.1,9.073529411764707,6.0,0,63
sciences,HTC,PGD,1.0,MIM,0.2,23.49264705882353,16.5,0,64
sciences,HTC,PGD,1.0,MIM,0.3,26.852941176470587,27.0,0,59
sciences,HTC,PGD,1.0,MIM,0.4,25.154411764705884,23.0,0,62
sciences,HTC,PGD,1.0,MIM,0.5,25.154411764705884,23.0,0,62
sciences,HTC,PGD,1.0,MIM,0.6,25.154411764705884,23.0,0,62
sciences,HTC,PGD,1.0,MIM,0.7,25.154411764705884,23.0,0,62
sciences,HTC,PGD,1.0,MIM,0.8,25.154411764705884,23.0,0,62
sciences,HTC,PGD,1.0,MIM,0.9,25.154411764705884,23.0,0,62
sciences,HTC,PGD,1.0,MIM,1.0,25.154411764705884,23.0,0,62
sciences,LG,PGD,1.0,MIM,0.1,10.007352941176471,6.0,0,62
sciences,LG,PGD,1.0,MIM,0.2,29.33823529411765,24.0,0,62
sciences,LG,PGD,1.0,MIM,0.3,26.75735294117647,27.5,0,59
sciences,LG,PGD,1.0,MIM,0.4,26.595588235294116,26.5,0,62
sciences,LG,PGD,1.0,MIM,0.5,26.595588235294116,26.5,0,62
sciences,LG,PGD,1.0,MIM,0.6,26.595588235294116,26.5,0,62
sciences,LG,PGD,1.0,MIM,0.7,26.595588235294116,26.5,0,62
sciences,LG,PGD,1.0,MIM,0.8,26.595588235294116,26.5,0,62
sciences,LG,PGD,1.0,MIM,0.9,26.595588235294116,26.5,0,62
sciences,LG,PGD,1.0,MIM,1.0,26.595588235294116,26.5,0,62
sciences,MOTO,PGD,1.0,MIM,0.1,7.110294117647059,5.0,0,30
sciences,MOTO,PGD,1.0,MIM,0.2,15.911764705882353,11.0,0,67
sciences,MOTO,PGD,1.0,MIM,0.3,28.544117647058822,28.5,0,63
sciences,MOTO,PGD,1.0,MIM,0.4,26.279411764705884,25.5,0,59
sciences,MOTO,PGD,1.0,MIM,0.5,26.279411764705884,25.5,0,59
sciences,MOTO,PGD,1.0,MIM,0.6,26.279411764705884,25.5,0,59
sciences,MOTO,PGD,1.0,MIM,0.7,26.279411764705884,25.5,0,59
sciences,MOTO,PGD,1.0,MIM,0.8,26.279411764705884,25.5,0,59
sciences,MOTO,PGD,1.0,MIM,0.9,26.279411764705884,25.5,0,59
sciences,MOTO,PGD,1.0,MIM,1.0,26.279411764705884,25.5,0,59
sciences,OP3,PGD,1.0,MIM,0.1,8.294117647058824,7.0,0,50
sciences,OP3,PGD,1.0,MIM,0.2,16.051470588235293,11.5,0,64
sciences,OP3,PGD,1.0,MIM,0.3,28.63235294117647,28.5,0,63
sciences,OP3,PGD,1.0,MIM,0.4,20.272058823529413,13.5,0,62
sciences,OP3,PGD,1.0,MIM,0.5,20.272058823529413,13.5,0,62
sciences,OP3,PGD,1.0,MIM,0.6,20.272058823529413,13.5,0,62
sciences,OP3,PGD,1.0,MIM,0.7,20.272058823529413,13.5,0,62
sciences,OP3,PGD,1.0,MIM,0.8,20.272058823529413,13.5,0,62
sciences,OP3,PGD,1.0,MIM,0.9,20.272058823529413,13.5,0,62
sciences,OP3,PGD,1.0,MIM,1.0,20.272058823529413,13.5,0,62
sciences,S7,PGD,1.0,MIM,0.1,8.933823529411764,6.0,0,57
sciences,S7,PGD,1.0,MIM,0.2,19.96323529411765,14.0,0,64
sciences,S7,PGD,1.0,MIM,0.3,27.316176470588236,28.0,0,62
sciences,S7,PGD,1.0,MIM,0.4,25.50735294117647,25.0,0,67
sciences,S7,PGD,1.0,MIM,0.5,25.50735294117647,25.0,0,67
sciences,S7,PGD,1.0,MIM,0.6,25.50735294117647,25.0,0,67
sciences,S7,PGD,1.0,MIM,0.7,25.50735294117647,25.0,0,67
sciences,S7,PGD,1.0,MIM,0.8,25.50735294117647,25.0,0,67
sciences,S7,PGD,1.0,MIM,0.9,25.50735294117647,25.0,0,67
sciences,S7,PGD,1.0,MIM,1.0,25.50735294117647,25.0,0,67
sciences,BLU,MIM,0.1,MIM,0.1,16.845588235294116,15.0,1,50
sciences,BLU,MIM,0.1,MIM,0.2,18.073529411764707,16.0,0,45
sciences,BLU,MIM,0.1,MIM,0.3,18.014705882352942,17.0,0,43
sciences,BLU,MIM,0.1,MIM,0.4,17.727941176470587,17.0,0,43
sciences,BLU,MIM,0.1,MIM,0.5,17.727941176470587,17.0,0,43
sciences,BLU,MIM,0.1,MIM,0.6,17.727941176470587,17.0,0,43
sciences,BLU,MIM,0.1,MIM,0.7,17.727941176470587,17.0,0,43
sciences,BLU,MIM,0.1,MIM,0.8,17.727941176470587,17.0,0,43
sciences,BLU,MIM,0.1,MIM,0.9,17.727941176470587,17.0,0,43
sciences,BLU,MIM,0.1,MIM,1.0,17.727941176470587,17.0,0,43
sciences,HTC,MIM,0.1,MIM,0.1,10.757352941176471,6.0,0,66
sciences,HTC,MIM,0.1,MIM,0.2,31.764705882352942,31.0,0,66
sciences,HTC,MIM,0.1,MIM,0.3,32.529411764705884,32.5,0,66
sciences,HTC,MIM,0.1,MIM,0.4,32.529411764705884,32.5,0,66
sciences,HTC,MIM,0.1,MIM,0.5,32.529411764705884,32.5,0,66
sciences,HTC,MIM,0.1,MIM,0.6,32.529411764705884,32.5,0,66
sciences,HTC,MIM,0.1,MIM,0.7,32.529411764705884,32.5,0,66
sciences,HTC,MIM,0.1,MIM,0.8,32.529411764705884,32.5,0,66
sciences,HTC,MIM,0.1,MIM,0.9,32.529411764705884,32.5,0,66
sciences,HTC,MIM,0.1,MIM,1.0,32.529411764705884,32.5,0,66
sciences,LG,MIM,0.1,MIM,0.1,7.301470588235294,4.0,0,66
sciences,LG,MIM,0.1,MIM,0.2,30.529411764705884,29.0,0,66
sciences,LG,MIM,0.1,MIM,0.3,32.10294117647059,32.5,0,66
sciences,LG,MIM,0.1,MIM,0.4,32.529411764705884,32.5,0,66
sciences,LG,MIM,0.1,MIM,0.5,32.529411764705884,32.5,0,66
sciences,LG,MIM,0.1,MIM,0.6,32.529411764705884,32.5,0,66
sciences,LG,MIM,0.1,MIM,0.7,32.529411764705884,32.5,0,66
sciences,LG,MIM,0.1,MIM,0.8,32.529411764705884,32.5,0,66
sciences,LG,MIM,0.1,MIM,0.9,32.529411764705884,32.5,0,66
sciences,LG,MIM,0.1,MIM,1.0,32.529411764705884,32.5,0,66
sciences,MOTO,MIM,0.1,MIM,0.1,15.977941176470589,12.5,1,50
sciences,MOTO,MIM,0.1,MIM,0.2,18.433823529411764,16.0,0,45
sciences,MOTO,MIM,0.1,MIM,0.3,18.33823529411765,17.0,0,43
sciences,MOTO,MIM,0.1,MIM,0.4,18.33823529411765,17.0,0,43
sciences,MOTO,MIM,0.1,MIM,0.5,18.33823529411765,17.0,0,43
sciences,MOTO,MIM,0.1,MIM,0.6,18.33823529411765,17.0,0,43
sciences,MOTO,MIM,0.1,MIM,0.7,18.33823529411765,17.0,0,43
sciences,MOTO,MIM,0.1,MIM,0.8,18.33823529411765,17.0,0,43
sciences,MOTO,MIM,0.1,MIM,0.9,18.33823529411765,17.0,0,43
sciences,MOTO,MIM,0.1,MIM,1.0,18.33823529411765,17.0,0,43
sciences,OP3,MIM,0.1,MIM,0.1,16.625,13.0,0,50
sciences,OP3,MIM,0.1,MIM,0.2,18.279411764705884,16.5,0,45
sciences,OP3,MIM,0.1,MIM,0.3,17.860294117647058,17.0,0,43
sciences,OP3,MIM,0.1,MIM,0.4,17.75735294117647,17.0,0,43
sciences,OP3,MIM,0.1,MIM,0.5,17.75735294117647,17.0,0,43
sciences,OP3,MIM,0.1,MIM,0.6,17.75735294117647,17.0,0,43
sciences,OP3,MIM,0.1,MIM,0.7,17.75735294117647,17.0,0,43
sciences,OP3,MIM,0.1,MIM,0.8,17.75735294117647,17.0,0,43
sciences,OP3,MIM,0.1,MIM,0.9,17.75735294117647,17.0,0,43
sciences,OP3,MIM,0.1,MIM,1.0,17.75735294117647,17.0,0,43
sciences,S7,MIM,0.1,MIM,0.1,13.426470588235293,10.0,0,48
sciences,S7,MIM,0.1,MIM,0.2,18.38235294117647,17.0,0,45
sciences,S7,MIM,0.1,MIM,0.3,18.323529411764707,17.0,0,43
sciences,S7,MIM,0.1,MIM,0.4,18.301470588235293,17.0,0,43
sciences,S7,MIM,0.1,MIM,0.5,18.301470588235293,17.0,0,43
sciences,S7,MIM,0.1,MIM,0.6,18.301470588235293,17.0,0,43
sciences,S7,MIM,0.1,MIM,0.7,18.301470588235293,17.0,0,43
sciences,S7,MIM,0.1,MIM,0.8,18.301470588235293,17.0,0,43
sciences,S7,MIM,0.1,MIM,0.9,18.301470588235293,17.0,0,43
sciences,S7,MIM,0.1,MIM,1.0,18.301470588235293,17.0,0,43
sciences,BLU,MIM,0.2,MIM,0.1,13.323529411764707,12.0,0,44
sciences,BLU,MIM,0.2,MIM,0.2,18.022058823529413,17.0,0,40
sciences,BLU,MIM,0.2,MIM,0.3,17.71323529411765,16.5,0,42
sciences,BLU,MIM,0.2,MIM,0.4,17.948529411764707,17.0,1,42
sciences,BLU,MIM,0.2,MIM,0.5,17.948529411764707,17.0,1,42
sciences,BLU,MIM,0.2,MIM,0.6,17.948529411764707,17.0,1,42
sciences,BLU,MIM,0.2,MIM,0.7,17.948529411764707,17.0,1,42
sciences,BLU,MIM,0.2,MIM,0.8,17.948529411764707,17.0,1,42
sciences,BLU,MIM,0.2,MIM,0.9,17.948529411764707,17.0,1,42
sciences,BLU,MIM,0.2,MIM,1.0,17.948529411764707,17.0,1,42
sciences,HTC,MIM,0.2,MIM,0.1,12.919117647058824,6.0,0,55
sciences,HTC,MIM,0.2,MIM,0.2,20.24264705882353,13.0,0,60
sciences,HTC,MIM,0.2,MIM,0.3,26.41176470588235,24.5,0,60
sciences,HTC,MIM,0.2,MIM,0.4,27.051470588235293,26.0,0,60
sciences,HTC,MIM,0.2,MIM,0.5,27.051470588235293,26.0,0,60
sciences,HTC,MIM,0.2,MIM,0.6,27.051470588235293,26.0,0,60
sciences,HTC,MIM,0.2,MIM,0.7,27.051470588235293,26.0,0,60
sciences,HTC,MIM,0.2,MIM,0.8,27.051470588235293,26.0,0,60
sciences,HTC,MIM,0.2,MIM,0.9,27.051470588235293,26.0,0,60
sciences,HTC,MIM,0.2,MIM,1.0,27.051470588235293,26.0,0,60
sciences,LG,MIM,0.2,MIM,0.1,7.955882352941177,2.5,0,59
sciences,LG,MIM,0.2,MIM,0.2,20.316176470588236,11.0,0,62
sciences,LG,MIM,0.2,MIM,0.3,26.654411764705884,25.0,0,60
sciences,LG,MIM,0.2,MIM,0.4,26.845588235294116,26.0,0,59
sciences,LG,MIM,0.2,MIM,0.5,26.845588235294116,26.0,0,59
sciences,LG,MIM,0.2,MIM,0.6,26.845588235294116,26.0,0,59
sciences,LG,MIM,0.2,MIM,0.7,26.845588235294116,26.0,0,59
sciences,LG,MIM,0.2,MIM,0.8,26.845588235294116,26.0,0,59
sciences,LG,MIM,0.2,MIM,0.9,26.845588235294116,26.0,0,59
sciences,LG,MIM,0.2,MIM,1.0,26.845588235294116,26.0,0,59
sciences,MOTO,MIM,0.2,MIM,0.1,13.382352941176471,11.0,0,66
sciences,MOTO,MIM,0.2,MIM,0.2,14.323529411764707,14.0,0,41
sciences,MOTO,MIM,0.2,MIM,0.3,18.03676470588235,17.0,0,43
sciences,MOTO,MIM,0.2,MIM,0.4,18.066176470588236,17.0,0,43
sciences,MOTO,MIM,0.2,MIM,0.5,18.066176470588236,17.0,0,43
sciences,MOTO,MIM,0.2,MIM,0.6,18.066176470588236,17.0,0,43
sciences,MOTO,MIM,0.2,MIM,0.7,18.066176470588236,17.0,0,43
sciences,MOTO,MIM,0.2,MIM,0.8,18.066176470588236,17.0,0,43
sciences,MOTO,MIM,0.2,MIM,0.9,18.066176470588236,17.0,0,43
sciences,MOTO,MIM,0.2,MIM,1.0,18.066176470588236,17.0,0,43
sciences,OP3,MIM,0.2,MIM,0.1,12.779411764705882,10.0,0,45
sciences,OP3,MIM,0.2,MIM,0.2,20.404411764705884,15.5,0,66
sciences,OP3,MIM,0.2,MIM,0.3,16.205882352941178,16.0,0,40
sciences,OP3,MIM,0.2,MIM,0.4,17.779411764705884,17.0,0,43
sciences,OP3,MIM,0.2,MIM,0.5,17.779411764705884,17.0,0,43
sciences,OP3,MIM,0.2,MIM,0.6,17.779411764705884,17.0,0,43
sciences,OP3,MIM,0.2,MIM,0.7,17.779411764705884,17.0,0,43
sciences,OP3,MIM,0.2,MIM,0.8,17.779411764705884,17.0,0,43
sciences,OP3,MIM,0.2,MIM,0.9,17.779411764705884,17.0,0,43
sciences,OP3,MIM,0.2,MIM,1.0,17.779411764705884,17.0,0,43
sciences,S7,MIM,0.2,MIM,0.1,10.448529411764707,9.0,0,45
sciences,S7,MIM,0.2,MIM,0.2,16.25,17.0,0,62
sciences,S7,MIM,0.2,MIM,0.3,18.191176470588236,17.0,0,43
sciences,S7,MIM,0.2,MIM,0.4,18.323529411764707,17.0,0,43
sciences,S7,MIM,0.2,MIM,0.5,18.323529411764707,17.0,0,43
sciences,S7,MIM,0.2,MIM,0.6,18.323529411764707,17.0,0,43
sciences,S7,MIM,0.2,MIM,0.7,18.323529411764707,17.0,0,43
sciences,S7,MIM,0.2,MIM,0.8,18.323529411764707,17.0,0,43
sciences,S7,MIM,0.2,MIM,0.9,18.323529411764707,17.0,0,43
sciences,S7,MIM,0.2,MIM,1.0,18.323529411764707,17.0,0,43
sciences,BLU,MIM,0.3,MIM,0.1,13.191176470588236,12.0,0,43
sciences,BLU,MIM,0.3,MIM,0.2,17.205882352941178,18.0,0,42
sciences,BLU,MIM,0.3,MIM,0.3,18.323529411764707,17.0,0,43
sciences,BLU,MIM,0.3,MIM,0.4,18.323529411764707,17.0,0,43
sciences,BLU,MIM,0.3,MIM,0.5,18.323529411764707,17.0,0,43
sciences,BLU,MIM,0.3,MIM,0.6,18.323529411764707,17.0,0,43
sciences,BLU,MIM,0.3,MIM,0.7,18.323529411764707,17.0,0,43
sciences,BLU,MIM,0.3,MIM,0.8,18.323529411764707,17.0,0,43
sciences,BLU,MIM,0.3,MIM,0.9,18.323529411764707,17.0,0,43
sciences,BLU,MIM,0.3,MIM,1.0,18.323529411764707,17.0,0,43
sciences,HTC,MIM,0.3,MIM,0.1,15.419117647058824,7.0,0,66
sciences,HTC,MIM,0.3,MIM,0.2,21.36764705882353,13.0,0,59
sciences,HTC,MIM,0.3,MIM,0.3,24.441176470588236,22.0,0,62
sciences,HTC,MIM,0.3,MIM,0.4,26.955882352941178,26.0,0,67
sciences,HTC,MIM,0.3,MIM,0.5,26.955882352941178,26.0,0,67
sciences,HTC,MIM,0.3,MIM,0.6,26.955882352941178,26.0,0,67
sciences,HTC,MIM,0.3,MIM,0.7,26.955882352941178,26.0,0,67
sciences,HTC,MIM,0.3,MIM,0.8,26.955882352941178,26.0,0,67
sciences,HTC,MIM,0.3,MIM,0.9,26.955882352941178,26.0,0,67
sciences,HTC,MIM,0.3,MIM,1.0,26.955882352941178,26.0,0,67
sciences,LG,MIM,0.3,MIM,0.1,15.073529411764707,7.0,0,64
sciences,LG,MIM,0.3,MIM,0.2,19.125,7.0,0,63
sciences,LG,MIM,0.3,MIM,0.3,26.801470588235293,27.0,1,62
sciences,LG,MIM,0.3,MIM,0.4,26.74264705882353,25.5,0,60
sciences,LG,MIM,0.3,MIM,0.5,26.74264705882353,25.5,0,60
sciences,LG,MIM,0.3,MIM,0.6,26.74264705882353,25.5,0,60
sciences,LG,MIM,0.3,MIM,0.7,26.74264705882353,25.5,0,60
sciences,LG,MIM,0.3,MIM,0.8,26.74264705882353,25.5,0,60
sciences,LG,MIM,0.3,MIM,0.9,26.74264705882353,25.5,0,60
sciences,LG,MIM,0.3,MIM,1.0,26.74264705882353,25.5,0,60
sciences,MOTO,MIM,0.3,MIM,0.1,12.823529411764707,10.0,0,65
sciences,MOTO,MIM,0.3,MIM,0.2,13.536764705882353,13.0,0,39
sciences,MOTO,MIM,0.3,MIM,0.3,18.0,17.0,0,43
sciences,MOTO,MIM,0.3,MIM,0.4,18.044117647058822,17.0,0,43
sciences,MOTO,MIM,0.3,MIM,0.5,18.044117647058822,17.0,0,43
sciences,MOTO,MIM,0.3,MIM,0.6,18.044117647058822,17.0,0,43
sciences,MOTO,MIM,0.3,MIM,0.7,18.044117647058822,17.0,0,43
sciences,MOTO,MIM,0.3,MIM,0.8,18.044117647058822,17.0,0,43
sciences,MOTO,MIM,0.3,MIM,0.9,18.044117647058822,17.0,0,43
sciences,MOTO,MIM,0.3,MIM,1.0,18.044117647058822,17.0,0,43
sciences,OP3,MIM,0.3,MIM,0.1,11.279411764705882,9.0,0,45
sciences,OP3,MIM,0.3,MIM,0.2,14.272058823529411,14.0,0,44
sciences,OP3,MIM,0.3,MIM,0.3,13.713235294117647,14.0,0,33
sciences,OP3,MIM,0.3,MIM,0.4,14.897058823529411,15.0,0,43
sciences,OP3,MIM,0.3,MIM,0.5,14.897058823529411,15.0,0,43
sciences,OP3,MIM,0.3,MIM,0.6,14.897058823529411,15.0,0,43
sciences,OP3,MIM,0.3,MIM,0.7,14.897058823529411,15.0,0,43
sciences,OP3,MIM,0.3,MIM,0.8,14.897058823529411,15.0,0,43
sciences,OP3,MIM,0.3,MIM,0.9,14.897058823529411,15.0,0,43
sciences,OP3,MIM,0.3,MIM,1.0,14.897058823529411,15.0,0,43
sciences,S7,MIM,0.3,MIM,0.1,10.727941176470589,9.0,0,45
sciences,S7,MIM,0.3,MIM,0.2,14.757352941176471,15.0,0,64
sciences,S7,MIM,0.3,MIM,0.3,17.169117647058822,17.0,0,43
sciences,S7,MIM,0.3,MIM,0.4,18.198529411764707,17.0,0,43
sciences,S7,MIM,0.3,MIM,0.5,18.198529411764707,17.0,0,43
sciences,S7,MIM,0.3,MIM,0.6,18.198529411764707,17.0,0,43
sciences,S7,MIM,0.3,MIM,0.7,18.198529411764707,17.0,0,43
sciences,S7,MIM,0.3,MIM,0.8,18.198529411764707,17.0,0,43
sciences,S7,MIM,0.3,MIM,0.9,18.198529411764707,17.0,0,43
sciences,S7,MIM,0.3,MIM,1.0,18.198529411764707,17.0,0,43
sciences,BLU,MIM,0.4,MIM,0.1,12.169117647058824,11.0,0,40
sciences,BLU,MIM,0.4,MIM,0.2,17.397058823529413,17.5,0,42
sciences,BLU,MIM,0.4,MIM,0.3,18.323529411764707,17.0,0,43
sciences,BLU,MIM,0.4,MIM,0.4,18.323529411764707,17.0,0,43
sciences,BLU,MIM,0.4,MIM,0.5,18.323529411764707,17.0,0,43
sciences,BLU,MIM,0.4,MIM,0.6,18.323529411764707,17.0,0,43
sciences,BLU,MIM,0.4,MIM,0.7,18.323529411764707,17.0,0,43
sciences,BLU,MIM,0.4,MIM,0.8,18.323529411764707,17.0,0,43
sciences,BLU,MIM,0.4,MIM,0.9,18.323529411764707,17.0,0,43
sciences,BLU,MIM,0.4,MIM,1.0,18.323529411764707,17.0,0,43
sciences,HTC,MIM,0.4,MIM,0.1,8.926470588235293,6.0,0,64
sciences,HTC,MIM,0.4,MIM,0.2,28.595588235294116,26.0,0,64
sciences,HTC,MIM,0.4,MIM,0.3,27.00735294117647,26.0,0,59
sciences,HTC,MIM,0.4,MIM,0.4,25.25735294117647,22.0,0,62
sciences,HTC,MIM,0.4,MIM,0.5,25.25735294117647,22.0,0,62
sciences,HTC,MIM,0.4,MIM,0.6,25.25735294117647,22.0,0,62
sciences,HTC,MIM,0.4,MIM,0.7,25.25735294117647,22.0,0,62
sciences,HTC,MIM,0.4,MIM,0.8,25.25735294117647,22.0,0,62
sciences,HTC,MIM,0.4,MIM,0.9,25.25735294117647,22.0,0,62
sciences,HTC,MIM,0.4,MIM,1.0,25.25735294117647,22.0,0,62
sciences,LG,MIM,0.4,MIM,0.1,12.816176470588236,7.0,0,64
sciences,LG,MIM,0.4,MIM,0.2,28.50735294117647,26.5,0,62
sciences,LG,MIM,0.4,MIM,0.3,25.955882352941178,25.5,0,59
sciences,LG,MIM,0.4,MIM,0.4,26.11764705882353,26.5,0,62
sciences,LG,MIM,0.4,MIM,0.5,26.11764705882353,26.5,0,62
sciences,LG,MIM,0.4,MIM,0.6,26.11764705882353,26.5,0,62
sciences,LG,MIM,0.4,MIM,0.7,26.11764705882353,26.5,0,62
sciences,LG,MIM,0.4,MIM,0.8,26.11764705882353,26.5,0,62
sciences,LG,MIM,0.4,MIM,0.9,26.11764705882353,26.5,0,62
sciences,LG,MIM,0.4,MIM,1.0,26.11764705882353,26.5,0,62
sciences,MOTO,MIM,0.4,MIM,0.1,12.022058823529411,9.0,0,63
sciences,MOTO,MIM,0.4,MIM,0.2,14.316176470588236,14.0,0,42
sciences,MOTO,MIM,0.4,MIM,0.3,17.919117647058822,17.0,0,42
sciences,MOTO,MIM,0.4,MIM,0.4,18.058823529411764,17.0,0,43
sciences,MOTO,MIM,0.4,MIM,0.5,18.058823529411764,17.0,0,43
sciences,MOTO,MIM,0.4,MIM,0.6,18.058823529411764,17.0,0,43
sciences,MOTO,MIM,0.4,MIM,0.7,18.058823529411764,17.0,0,43
sciences,MOTO,MIM,0.4,MIM,0.8,18.058823529411764,17.0,0,43
sciences,MOTO,MIM,0.4,MIM,0.9,18.058823529411764,17.0,0,43
sciences,MOTO,MIM,0.4,MIM,1.0,18.058823529411764,17.0,0,43
sciences,OP3,MIM,0.4,MIM,0.1,11.257352941176471,10.0,0,45
sciences,OP3,MIM,0.4,MIM,0.2,14.867647058823529,15.0,0,43
sciences,OP3,MIM,0.4,MIM,0.3,14.485294117647058,15.0,0,29
sciences,OP3,MIM,0.4,MIM,0.4,14.625,15.0,0,33
sciences,OP3,MIM,0.4,MIM,0.5,14.625,15.0,0,33
sciences,OP3,MIM,0.4,MIM,0.6,14.625,15.0,0,33
sciences,OP3,MIM,0.4,MIM,0.7,14.625,15.0,0,33
sciences,OP3,MIM,0.4,MIM,0.8,14.625,15.0,0,33
sciences,OP3,MIM,0.4,MIM,0.9,14.625,15.0,0,33
sciences,OP3,MIM,0.4,MIM,1.0,14.625,15.0,0,33
sciences,S7,MIM,0.4,MIM,0.1,8.595588235294118,7.0,0,40
sciences,S7,MIM,0.4,MIM,0.2,14.485294117647058,15.0,0,31
sciences,S7,MIM,0.4,MIM,0.3,17.264705882352942,16.5,0,43
sciences,S7,MIM,0.4,MIM,0.4,17.264705882352942,17.0,0,43
sciences,S7,MIM,0.4,MIM,0.5,17.264705882352942,17.0,0,43
sciences,S7,MIM,0.4,MIM,0.6,17.264705882352942,17.0,0,43
sciences,S7,MIM,0.4,MIM,0.7,17.264705882352942,17.0,0,43
sciences,S7,MIM,0.4,MIM,0.8,17.264705882352942,17.0,0,43
sciences,S7,MIM,0.4,MIM,0.9,17.264705882352942,17.0,0,43
sciences,S7,MIM,0.4,MIM,1.0,17.264705882352942,17.0,0,43
sciences,BLU,MIM,0.5,MIM,0.1,12.169117647058824,11.0,0,40
sciences,BLU,MIM,0.5,MIM,0.2,17.397058823529413,17.5,0,42
sciences,BLU,MIM,0.5,MIM,0.3,18.323529411764707,17.0,0,43
sciences,BLU,MIM,0.5,MIM,0.4,18.323529411764707,17.0,0,43
sciences,BLU,MIM,0.5,MIM,0.5,18.323529411764707,17.0,0,43
sciences,BLU,MIM,0.5,MIM,0.6,18.323529411764707,17.0,0,43
sciences,BLU,MIM,0.5,MIM,0.7,18.323529411764707,17.0,0,43
sciences,BLU,MIM,0.5,MIM,0.8,18.323529411764707,17.0,0,43
sciences,BLU,MIM,0.5,MIM,0.9,18.323529411764707,17.0,0,43
sciences,BLU,MIM,0.5,MIM,1.0,18.323529411764707,17.0,0,43
sciences,HTC,MIM,0.5,MIM,0.1,8.926470588235293,6.0,0,64
sciences,HTC,MIM,0.5,MIM,0.2,28.595588235294116,26.0,0,64
sciences,HTC,MIM,0.5,MIM,0.3,27.00735294117647,26.0,0,59
sciences,HTC,MIM,0.5,MIM,0.4,25.25735294117647,22.0,0,62
sciences,HTC,MIM,0.5,MIM,0.5,25.25735294117647,22.0,0,62
sciences,HTC,MIM,0.5,MIM,0.6,25.25735294117647,22.0,0,62
sciences,HTC,MIM,0.5,MIM,0.7,25.25735294117647,22.0,0,62
sciences,HTC,MIM,0.5,MIM,0.8,25.25735294117647,22.0,0,62
sciences,HTC,MIM,0.5,MIM,0.9,25.25735294117647,22.0,0,62
sciences,HTC,MIM,0.5,MIM,1.0,25.25735294117647,22.0,0,62
sciences,LG,MIM,0.5,MIM,0.1,12.816176470588236,7.0,0,64
sciences,LG,MIM,0.5,MIM,0.2,28.50735294117647,26.5,0,62
sciences,LG,MIM,0.5,MIM,0.3,25.955882352941178,25.5,0,59
sciences,LG,MIM,0.5,MIM,0.4,26.11764705882353,26.5,0,62
sciences,LG,MIM,0.5,MIM,0.5,26.11764705882353,26.5,0,62
sciences,LG,MIM,0.5,MIM,0.6,26.11764705882353,26.5,0,62
sciences,LG,MIM,0.5,MIM,0.7,26.11764705882353,26.5,0,62
sciences,LG,MIM,0.5,MIM,0.8,26.11764705882353,26.5,0,62
sciences,LG,MIM,0.5,MIM,0.9,26.11764705882353,26.5,0,62
sciences,LG,MIM,0.5,MIM,1.0,26.11764705882353,26.5,0,62
sciences,MOTO,MIM,0.5,MIM,0.1,12.022058823529411,9.0,0,63
sciences,MOTO,MIM,0.5,MIM,0.2,14.316176470588236,14.0,0,42
sciences,MOTO,MIM,0.5,MIM,0.3,17.919117647058822,17.0,0,42
sciences,MOTO,MIM,0.5,MIM,0.4,18.058823529411764,17.0,0,43
sciences,MOTO,MIM,0.5,MIM,0.5,18.058823529411764,17.0,0,43
sciences,MOTO,MIM,0.5,MIM,0.6,18.058823529411764,17.0,0,43
sciences,MOTO,MIM,0.5,MIM,0.7,18.058823529411764,17.0,0,43
sciences,MOTO,MIM,0.5,MIM,0.8,18.058823529411764,17.0,0,43
sciences,MOTO,MIM,0.5,MIM,0.9,18.058823529411764,17.0,0,43
sciences,MOTO,MIM,0.5,MIM,1.0,18.058823529411764,17.0,0,43
sciences,OP3,MIM,0.5,MIM,0.1,11.257352941176471,10.0,0,45
sciences,OP3,MIM,0.5,MIM,0.2,14.867647058823529,15.0,0,43
sciences,OP3,MIM,0.5,MIM,0.3,14.485294117647058,15.0,0,29
sciences,OP3,MIM,0.5,MIM,0.4,14.625,15.0,0,33
sciences,OP3,MIM,0.5,MIM,0.5,14.625,15.0,0,33
sciences,OP3,MIM,0.5,MIM,0.6,14.625,15.0,0,33
sciences,OP3,MIM,0.5,MIM,0.7,14.625,15.0,0,33
sciences,OP3,MIM,0.5,MIM,0.8,14.625,15.0,0,33
sciences,OP3,MIM,0.5,MIM,0.9,14.625,15.0,0,33
sciences,OP3,MIM,0.5,MIM,1.0,14.625,15.0,0,33
sciences,S7,MIM,0.5,MIM,0.1,8.595588235294118,7.0,0,40
sciences,S7,MIM,0.5,MIM,0.2,14.485294117647058,15.0,0,31
sciences,S7,MIM,0.5,MIM,0.3,17.264705882352942,16.5,0,43
sciences,S7,MIM,0.5,MIM,0.4,17.264705882352942,17.0,0,43
sciences,S7,MIM,0.5,MIM,0.5,17.264705882352942,17.0,0,43
sciences,S7,MIM,0.5,MIM,0.6,17.264705882352942,17.0,0,43
sciences,S7,MIM,0.5,MIM,0.7,17.264705882352942,17.0,0,43
sciences,S7,MIM,0.5,MIM,0.8,17.264705882352942,17.0,0,43
sciences,S7,MIM,0.5,MIM,0.9,17.264705882352942,17.0,0,43
sciences,S7,MIM,0.5,MIM,1.0,17.264705882352942,17.0,0,43
sciences,BLU,MIM,0.6,MIM,0.1,12.169117647058824,11.0,0,40
sciences,BLU,MIM,0.6,MIM,0.2,17.397058823529413,17.5,0,42
sciences,BLU,MIM,0.6,MIM,0.3,18.323529411764707,17.0,0,43
sciences,BLU,MIM,0.6,MIM,0.4,18.323529411764707,17.0,0,43
sciences,BLU,MIM,0.6,MIM,0.5,18.323529411764707,17.0,0,43
sciences,BLU,MIM,0.6,MIM,0.6,18.323529411764707,17.0,0,43
sciences,BLU,MIM,0.6,MIM,0.7,18.323529411764707,17.0,0,43
sciences,BLU,MIM,0.6,MIM,0.8,18.323529411764707,17.0,0,43
sciences,BLU,MIM,0.6,MIM,0.9,18.323529411764707,17.0,0,43
sciences,BLU,MIM,0.6,MIM,1.0,18.323529411764707,17.0,0,43
sciences,HTC,MIM,0.6,MIM,0.1,8.926470588235293,6.0,0,64
sciences,HTC,MIM,0.6,MIM,0.2,28.595588235294116,26.0,0,64
sciences,HTC,MIM,0.6,MIM,0.3,27.00735294117647,26.0,0,59
sciences,HTC,MIM,0.6,MIM,0.4,25.25735294117647,22.0,0,62
sciences,HTC,MIM,0.6,MIM,0.5,25.25735294117647,22.0,0,62
sciences,HTC,MIM,0.6,MIM,0.6,25.25735294117647,22.0,0,62
sciences,HTC,MIM,0.6,MIM,0.7,25.25735294117647,22.0,0,62
sciences,HTC,MIM,0.6,MIM,0.8,25.25735294117647,22.0,0,62
sciences,HTC,MIM,0.6,MIM,0.9,25.25735294117647,22.0,0,62
sciences,HTC,MIM,0.6,MIM,1.0,25.25735294117647,22.0,0,62
sciences,LG,MIM,0.6,MIM,0.1,12.816176470588236,7.0,0,64
sciences,LG,MIM,0.6,MIM,0.2,28.50735294117647,26.5,0,62
sciences,LG,MIM,0.6,MIM,0.3,25.955882352941178,25.5,0,59
sciences,LG,MIM,0.6,MIM,0.4,26.11764705882353,26.5,0,62
sciences,LG,MIM,0.6,MIM,0.5,26.11764705882353,26.5,0,62
sciences,LG,MIM,0.6,MIM,0.6,26.11764705882353,26.5,0,62
sciences,LG,MIM,0.6,MIM,0.7,26.11764705882353,26.5,0,62
sciences,LG,MIM,0.6,MIM,0.8,26.11764705882353,26.5,0,62
sciences,LG,MIM,0.6,MIM,0.9,26.11764705882353,26.5,0,62
sciences,LG,MIM,0.6,MIM,1.0,26.11764705882353,26.5,0,62
sciences,MOTO,MIM,0.6,MIM,0.1,12.022058823529411,9.0,0,63
sciences,MOTO,MIM,0.6,MIM,0.2,14.316176470588236,14.0,0,42
sciences,MOTO,MIM,0.6,MIM,0.3,17.919117647058822,17.0,0,42
sciences,MOTO,MIM,0.6,MIM,0.4,18.058823529411764,17.0,0,43
sciences,MOTO,MIM,0.6,MIM,0.5,18.058823529411764,17.0,0,43
sciences,MOTO,MIM,0.6,MIM,0.6,18.058823529411764,17.0,0,43
sciences,MOTO,MIM,0.6,MIM,0.7,18.058823529411764,17.0,0,43
sciences,MOTO,MIM,0.6,MIM,0.8,18.058823529411764,17.0,0,43
sciences,MOTO,MIM,0.6,MIM,0.9,18.058823529411764,17.0,0,43
sciences,MOTO,MIM,0.6,MIM,1.0,18.058823529411764,17.0,0,43
sciences,OP3,MIM,0.6,MIM,0.1,11.257352941176471,10.0,0,45
sciences,OP3,MIM,0.6,MIM,0.2,14.867647058823529,15.0,0,43
sciences,OP3,MIM,0.6,MIM,0.3,14.485294117647058,15.0,0,29
sciences,OP3,MIM,0.6,MIM,0.4,14.625,15.0,0,33
sciences,OP3,MIM,0.6,MIM,0.5,14.625,15.0,0,33
sciences,OP3,MIM,0.6,MIM,0.6,14.625,15.0,0,33
sciences,OP3,MIM,0.6,MIM,0.7,14.625,15.0,0,33
sciences,OP3,MIM,0.6,MIM,0.8,14.625,15.0,0,33
sciences,OP3,MIM,0.6,MIM,0.9,14.625,15.0,0,33
sciences,OP3,MIM,0.6,MIM,1.0,14.625,15.0,0,33
sciences,S7,MIM,0.6,MIM,0.1,8.595588235294118,7.0,0,40
sciences,S7,MIM,0.6,MIM,0.2,14.485294117647058,15.0,0,31
sciences,S7,MIM,0.6,MIM,0.3,17.264705882352942,16.5,0,43
sciences,S7,MIM,0.6,MIM,0.4,17.264705882352942,17.0,0,43
sciences,S7,MIM,0.6,MIM,0.5,17.264705882352942,17.0,0,43
sciences,S7,MIM,0.6,MIM,0.6,17.264705882352942,17.0,0,43
sciences,S7,MIM,0.6,MIM,0.7,17.264705882352942,17.0,0,43
sciences,S7,MIM,0.6,MIM,0.8,17.264705882352942,17.0,0,43
sciences,S7,MIM,0.6,MIM,0.9,17.264705882352942,17.0,0,43
sciences,S7,MIM,0.6,MIM,1.0,17.264705882352942,17.0,0,43
sciences,BLU,MIM,0.7,MIM,0.1,12.169117647058824,11.0,0,40
sciences,BLU,MIM,0.7,MIM,0.2,17.397058823529413,17.5,0,42
sciences,BLU,MIM,0.7,MIM,0.3,18.323529411764707,17.0,0,43
sciences,BLU,MIM,0.7,MIM,0.4,18.323529411764707,17.0,0,43
sciences,BLU,MIM,0.7,MIM,0.5,18.323529411764707,17.0,0,43
sciences,BLU,MIM,0.7,MIM,0.6,18.323529411764707,17.0,0,43
sciences,BLU,MIM,0.7,MIM,0.7,18.323529411764707,17.0,0,43
sciences,BLU,MIM,0.7,MIM,0.8,18.323529411764707,17.0,0,43
sciences,BLU,MIM,0.7,MIM,0.9,18.323529411764707,17.0,0,43
sciences,BLU,MIM,0.7,MIM,1.0,18.323529411764707,17.0,0,43
sciences,HTC,MIM,0.7,MIM,0.1,8.926470588235293,6.0,0,64
sciences,HTC,MIM,0.7,MIM,0.2,28.595588235294116,26.0,0,64
sciences,HTC,MIM,0.7,MIM,0.3,27.00735294117647,26.0,0,59
sciences,HTC,MIM,0.7,MIM,0.4,25.25735294117647,22.0,0,62
sciences,HTC,MIM,0.7,MIM,0.5,25.25735294117647,22.0,0,62
sciences,HTC,MIM,0.7,MIM,0.6,25.25735294117647,22.0,0,62
sciences,HTC,MIM,0.7,MIM,0.7,25.25735294117647,22.0,0,62
sciences,HTC,MIM,0.7,MIM,0.8,25.25735294117647,22.0,0,62
sciences,HTC,MIM,0.7,MIM,0.9,25.25735294117647,22.0,0,62
sciences,HTC,MIM,0.7,MIM,1.0,25.25735294117647,22.0,0,62
sciences,LG,MIM,0.7,MIM,0.1,12.816176470588236,7.0,0,64
sciences,LG,MIM,0.7,MIM,0.2,28.50735294117647,26.5,0,62
sciences,LG,MIM,0.7,MIM,0.3,25.955882352941178,25.5,0,59
sciences,LG,MIM,0.7,MIM,0.4,26.11764705882353,26.5,0,62
sciences,LG,MIM,0.7,MIM,0.5,26.11764705882353,26.5,0,62
sciences,LG,MIM,0.7,MIM,0.6,26.11764705882353,26.5,0,62
sciences,LG,MIM,0.7,MIM,0.7,26.11764705882353,26.5,0,62
sciences,LG,MIM,0.7,MIM,0.8,26.11764705882353,26.5,0,62
sciences,LG,MIM,0.7,MIM,0.9,26.11764705882353,26.5,0,62
sciences,LG,MIM,0.7,MIM,1.0,26.11764705882353,26.5,0,62
sciences,MOTO,MIM,0.7,MIM,0.1,12.022058823529411,9.0,0,63
sciences,MOTO,MIM,0.7,MIM,0.2,14.316176470588236,14.0,0,42
sciences,MOTO,MIM,0.7,MIM,0.3,17.919117647058822,17.0,0,42
sciences,MOTO,MIM,0.7,MIM,0.4,18.058823529411764,17.0,0,43
sciences,MOTO,MIM,0.7,MIM,0.5,18.058823529411764,17.0,0,43
sciences,MOTO,MIM,0.7,MIM,0.6,18.058823529411764,17.0,0,43
sciences,MOTO,MIM,0.7,MIM,0.7,18.058823529411764,17.0,0,43
sciences,MOTO,MIM,0.7,MIM,0.8,18.058823529411764,17.0,0,43
sciences,MOTO,MIM,0.7,MIM,0.9,18.058823529411764,17.0,0,43
sciences,MOTO,MIM,0.7,MIM,1.0,18.058823529411764,17.0,0,43
sciences,OP3,MIM,0.7,MIM,0.1,11.257352941176471,10.0,0,45
sciences,OP3,MIM,0.7,MIM,0.2,14.867647058823529,15.0,0,43
sciences,OP3,MIM,0.7,MIM,0.3,14.485294117647058,15.0,0,29
sciences,OP3,MIM,0.7,MIM,0.4,14.625,15.0,0,33
sciences,OP3,MIM,0.7,MIM,0.5,14.625,15.0,0,33
sciences,OP3,MIM,0.7,MIM,0.6,14.625,15.0,0,33
sciences,OP3,MIM,0.7,MIM,0.7,14.625,15.0,0,33
sciences,OP3,MIM,0.7,MIM,0.8,14.625,15.0,0,33
sciences,OP3,MIM,0.7,MIM,0.9,14.625,15.0,0,33
sciences,OP3,MIM,0.7,MIM,1.0,14.625,15.0,0,33
sciences,S7,MIM,0.7,MIM,0.1,8.595588235294118,7.0,0,40
sciences,S7,MIM,0.7,MIM,0.2,14.485294117647058,15.0,0,31
sciences,S7,MIM,0.7,MIM,0.3,17.264705882352942,16.5,0,43
sciences,S7,MIM,0.7,MIM,0.4,17.264705882352942,17.0,0,43
sciences,S7,MIM,0.7,MIM,0.5,17.264705882352942,17.0,0,43
sciences,S7,MIM,0.7,MIM,0.6,17.264705882352942,17.0,0,43
sciences,S7,MIM,0.7,MIM,0.7,17.264705882352942,17.0,0,43
sciences,S7,MIM,0.7,MIM,0.8,17.264705882352942,17.0,0,43
sciences,S7,MIM,0.7,MIM,0.9,17.264705882352942,17.0,0,43
sciences,S7,MIM,0.7,MIM,1.0,17.264705882352942,17.0,0,43
sciences,BLU,MIM,0.8,MIM,0.1,12.169117647058824,11.0,0,40
sciences,BLU,MIM,0.8,MIM,0.2,17.397058823529413,17.5,0,42
sciences,BLU,MIM,0.8,MIM,0.3,18.323529411764707,17.0,0,43
sciences,BLU,MIM,0.8,MIM,0.4,18.323529411764707,17.0,0,43
sciences,BLU,MIM,0.8,MIM,0.5,18.323529411764707,17.0,0,43
sciences,BLU,MIM,0.8,MIM,0.6,18.323529411764707,17.0,0,43
sciences,BLU,MIM,0.8,MIM,0.7,18.323529411764707,17.0,0,43
sciences,BLU,MIM,0.8,MIM,0.8,18.323529411764707,17.0,0,43
sciences,BLU,MIM,0.8,MIM,0.9,18.323529411764707,17.0,0,43
sciences,BLU,MIM,0.8,MIM,1.0,18.323529411764707,17.0,0,43
sciences,HTC,MIM,0.8,MIM,0.1,8.926470588235293,6.0,0,64
sciences,HTC,MIM,0.8,MIM,0.2,28.595588235294116,26.0,0,64
sciences,HTC,MIM,0.8,MIM,0.3,27.00735294117647,26.0,0,59
sciences,HTC,MIM,0.8,MIM,0.4,25.25735294117647,22.0,0,62
sciences,HTC,MIM,0.8,MIM,0.5,25.25735294117647,22.0,0,62
sciences,HTC,MIM,0.8,MIM,0.6,25.25735294117647,22.0,0,62
sciences,HTC,MIM,0.8,MIM,0.7,25.25735294117647,22.0,0,62
sciences,HTC,MIM,0.8,MIM,0.8,25.25735294117647,22.0,0,62
sciences,HTC,MIM,0.8,MIM,0.9,25.25735294117647,22.0,0,62
sciences,HTC,MIM,0.8,MIM,1.0,25.25735294117647,22.0,0,62
sciences,LG,MIM,0.8,MIM,0.1,12.816176470588236,7.0,0,64
sciences,LG,MIM,0.8,MIM,0.2,28.50735294117647,26.5,0,62
sciences,LG,MIM,0.8,MIM,0.3,25.955882352941178,25.5,0,59
sciences,LG,MIM,0.8,MIM,0.4,26.11764705882353,26.5,0,62
sciences,LG,MIM,0.8,MIM,0.5,26.11764705882353,26.5,0,62
sciences,LG,MIM,0.8,MIM,0.6,26.11764705882353,26.5,0,62
sciences,LG,MIM,0.8,MIM,0.7,26.11764705882353,26.5,0,62
sciences,LG,MIM,0.8,MIM,0.8,26.11764705882353,26.5,0,62
sciences,LG,MIM,0.8,MIM,0.9,26.11764705882353,26.5,0,62
sciences,LG,MIM,0.8,MIM,1.0,26.11764705882353,26.5,0,62
sciences,MOTO,MIM,0.8,MIM,0.1,12.022058823529411,9.0,0,63
sciences,MOTO,MIM,0.8,MIM,0.2,14.316176470588236,14.0,0,42
sciences,MOTO,MIM,0.8,MIM,0.3,17.919117647058822,17.0,0,42
sciences,MOTO,MIM,0.8,MIM,0.4,18.058823529411764,17.0,0,43
sciences,MOTO,MIM,0.8,MIM,0.5,18.058823529411764,17.0,0,43
sciences,MOTO,MIM,0.8,MIM,0.6,18.058823529411764,17.0,0,43
sciences,MOTO,MIM,0.8,MIM,0.7,18.058823529411764,17.0,0,43
sciences,MOTO,MIM,0.8,MIM,0.8,18.058823529411764,17.0,0,43
sciences,MOTO,MIM,0.8,MIM,0.9,18.058823529411764,17.0,0,43
sciences,MOTO,MIM,0.8,MIM,1.0,18.058823529411764,17.0,0,43
sciences,OP3,MIM,0.8,MIM,0.1,11.257352941176471,10.0,0,45
sciences,OP3,MIM,0.8,MIM,0.2,14.867647058823529,15.0,0,43
sciences,OP3,MIM,0.8,MIM,0.3,14.485294117647058,15.0,0,29
sciences,OP3,MIM,0.8,MIM,0.4,14.625,15.0,0,33
sciences,OP3,MIM,0.8,MIM,0.5,14.625,15.0,0,33
sciences,OP3,MIM,0.8,MIM,0.6,14.625,15.0,0,33
sciences,OP3,MIM,0.8,MIM,0.7,14.625,15.0,0,33
sciences,OP3,MIM,0.8,MIM,0.8,14.625,15.0,0,33
sciences,OP3,MIM,0.8,MIM,0.9,14.625,15.0,0,33
sciences,OP3,MIM,0.8,MIM,1.0,14.625,15.0,0,33
sciences,S7,MIM,0.8,MIM,0.1,8.595588235294118,7.0,0,40
sciences,S7,MIM,0.8,MIM,0.2,14.485294117647058,15.0,0,31
sciences,S7,MIM,0.8,MIM,0.3,17.264705882352942,16.5,0,43
sciences,S7,MIM,0.8,MIM,0.4,17.264705882352942,17.0,0,43
sciences,S7,MIM,0.8,MIM,0.5,17.264705882352942,17.0,0,43
sciences,S7,MIM,0.8,MIM,0.6,17.264705882352942,17.0,0,43
sciences,S7,MIM,0.8,MIM,0.7,17.264705882352942,17.0,0,43
sciences,S7,MIM,0.8,MIM,0.8,17.264705882352942,17.0,0,43
sciences,S7,MIM,0.8,MIM,0.9,17.264705882352942,17.0,0,43
sciences,S7,MIM,0.8,MIM,1.0,17.264705882352942,17.0,0,43
sciences,BLU,MIM,0.9,MIM,0.1,12.169117647058824,11.0,0,40
sciences,BLU,MIM,0.9,MIM,0.2,17.397058823529413,17.5,0,42
sciences,BLU,MIM,0.9,MIM,0.3,18.323529411764707,17.0,0,43
sciences,BLU,MIM,0.9,MIM,0.4,18.323529411764707,17.0,0,43
sciences,BLU,MIM,0.9,MIM,0.5,18.323529411764707,17.0,0,43
sciences,BLU,MIM,0.9,MIM,0.6,18.323529411764707,17.0,0,43
sciences,BLU,MIM,0.9,MIM,0.7,18.323529411764707,17.0,0,43
sciences,BLU,MIM,0.9,MIM,0.8,18.323529411764707,17.0,0,43
sciences,BLU,MIM,0.9,MIM,0.9,18.323529411764707,17.0,0,43
sciences,BLU,MIM,0.9,MIM,1.0,18.323529411764707,17.0,0,43
sciences,HTC,MIM,0.9,MIM,0.1,8.926470588235293,6.0,0,64
sciences,HTC,MIM,0.9,MIM,0.2,28.595588235294116,26.0,0,64
sciences,HTC,MIM,0.9,MIM,0.3,27.00735294117647,26.0,0,59
sciences,HTC,MIM,0.9,MIM,0.4,25.25735294117647,22.0,0,62
sciences,HTC,MIM,0.9,MIM,0.5,25.25735294117647,22.0,0,62
sciences,HTC,MIM,0.9,MIM,0.6,25.25735294117647,22.0,0,62
sciences,HTC,MIM,0.9,MIM,0.7,25.25735294117647,22.0,0,62
sciences,HTC,MIM,0.9,MIM,0.8,25.25735294117647,22.0,0,62
sciences,HTC,MIM,0.9,MIM,0.9,25.25735294117647,22.0,0,62
sciences,HTC,MIM,0.9,MIM,1.0,25.25735294117647,22.0,0,62
sciences,LG,MIM,0.9,MIM,0.1,12.816176470588236,7.0,0,64
sciences,LG,MIM,0.9,MIM,0.2,28.50735294117647,26.5,0,62
sciences,LG,MIM,0.9,MIM,0.3,25.955882352941178,25.5,0,59
sciences,LG,MIM,0.9,MIM,0.4,26.11764705882353,26.5,0,62
sciences,LG,MIM,0.9,MIM,0.5,26.11764705882353,26.5,0,62
sciences,LG,MIM,0.9,MIM,0.6,26.11764705882353,26.5,0,62
sciences,LG,MIM,0.9,MIM,0.7,26.11764705882353,26.5,0,62
sciences,LG,MIM,0.9,MIM,0.8,26.11764705882353,26.5,0,62
sciences,LG,MIM,0.9,MIM,0.9,26.11764705882353,26.5,0,62
sciences,LG,MIM,0.9,MIM,1.0,26.11764705882353,26.5,0,62
sciences,MOTO,MIM,0.9,MIM,0.1,12.022058823529411,9.0,0,63
sciences,MOTO,MIM,0.9,MIM,0.2,14.316176470588236,14.0,0,42
sciences,MOTO,MIM,0.9,MIM,0.3,17.919117647058822,17.0,0,42
sciences,MOTO,MIM,0.9,MIM,0.4,18.058823529411764,17.0,0,43
sciences,MOTO,MIM,0.9,MIM,0.5,18.058823529411764,17.0,0,43
sciences,MOTO,MIM,0.9,MIM,0.6,18.058823529411764,17.0,0,43
sciences,MOTO,MIM,0.9,MIM,0.7,18.058823529411764,17.0,0,43
sciences,MOTO,MIM,0.9,MIM,0.8,18.058823529411764,17.0,0,43
sciences,MOTO,MIM,0.9,MIM,0.9,18.058823529411764,17.0,0,43
sciences,MOTO,MIM,0.9,MIM,1.0,18.058823529411764,17.0,0,43
sciences,OP3,MIM,0.9,MIM,0.1,11.257352941176471,10.0,0,45
sciences,OP3,MIM,0.9,MIM,0.2,14.867647058823529,15.0,0,43
sciences,OP3,MIM,0.9,MIM,0.3,14.485294117647058,15.0,0,29
sciences,OP3,MIM,0.9,MIM,0.4,14.625,15.0,0,33
sciences,OP3,MIM,0.9,MIM,0.5,14.625,15.0,0,33
sciences,OP3,MIM,0.9,MIM,0.6,14.625,15.0,0,33
sciences,OP3,MIM,0.9,MIM,0.7,14.625,15.0,0,33
sciences,OP3,MIM,0.9,MIM,0.8,14.625,15.0,0,33
sciences,OP3,MIM,0.9,MIM,0.9,14.625,15.0,0,33
sciences,OP3,MIM,0.9,MIM,1.0,14.625,15.0,0,33
sciences,S7,MIM,0.9,MIM,0.1,8.595588235294118,7.0,0,40
sciences,S7,MIM,0.9,MIM,0.2,14.485294117647058,15.0,0,31
sciences,S7,MIM,0.9,MIM,0.3,17.264705882352942,16.5,0,43
sciences,S7,MIM,0.9,MIM,0.4,17.264705882352942,17.0,0,43
sciences,S7,MIM,0.9,MIM,0.5,17.264705882352942,17.0,0,43
sciences,S7,MIM,0.9,MIM,0.6,17.264705882352942,17.0,0,43
sciences,S7,MIM,0.9,MIM,0.7,17.264705882352942,17.0,0,43
sciences,S7,MIM,0.9,MIM,0.8,17.264705882352942,17.0,0,43
sciences,S7,MIM,0.9,MIM,0.9,17.264705882352942,17.0,0,43
sciences,S7,MIM,0.9,MIM,1.0,17.264705882352942,17.0,0,43
sciences,BLU,MIM,1.0,MIM,0.1,12.169117647058824,11.0,0,40
sciences,BLU,MIM,1.0,MIM,0.2,17.397058823529413,17.5,0,42
sciences,BLU,MIM,1.0,MIM,0.3,18.323529411764707,17.0,0,43
sciences,BLU,MIM,1.0,MIM,0.4,18.323529411764707,17.0,0,43
sciences,BLU,MIM,1.0,MIM,0.5,18.323529411764707,17.0,0,43
sciences,BLU,MIM,1.0,MIM,0.6,18.323529411764707,17.0,0,43
sciences,BLU,MIM,1.0,MIM,0.7,18.323529411764707,17.0,0,43
sciences,BLU,MIM,1.0,MIM,0.8,18.323529411764707,17.0,0,43
sciences,BLU,MIM,1.0,MIM,0.9,18.323529411764707,17.0,0,43
sciences,BLU,MIM,1.0,MIM,1.0,18.323529411764707,17.0,0,43
sciences,HTC,MIM,1.0,MIM,0.1,8.926470588235293,6.0,0,64
sciences,HTC,MIM,1.0,MIM,0.2,28.595588235294116,26.0,0,64
sciences,HTC,MIM,1.0,MIM,0.3,27.00735294117647,26.0,0,59
sciences,HTC,MIM,1.0,MIM,0.4,25.25735294117647,22.0,0,62
sciences,HTC,MIM,1.0,MIM,0.5,25.25735294117647,22.0,0,62
sciences,HTC,MIM,1.0,MIM,0.6,25.25735294117647,22.0,0,62
sciences,HTC,MIM,1.0,MIM,0.7,25.25735294117647,22.0,0,62
sciences,HTC,MIM,1.0,MIM,0.8,25.25735294117647,22.0,0,62
sciences,HTC,MIM,1.0,MIM,0.9,25.25735294117647,22.0,0,62
sciences,HTC,MIM,1.0,MIM,1.0,25.25735294117647,22.0,0,62
sciences,LG,MIM,1.0,MIM,0.1,12.816176470588236,7.0,0,64
sciences,LG,MIM,1.0,MIM,0.2,28.50735294117647,26.5,0,62
sciences,LG,MIM,1.0,MIM,0.3,25.955882352941178,25.5,0,59
sciences,LG,MIM,1.0,MIM,0.4,26.11764705882353,26.5,0,62
sciences,LG,MIM,1.0,MIM,0.5,26.11764705882353,26.5,0,62
sciences,LG,MIM,1.0,MIM,0.6,26.11764705882353,26.5,0,62
sciences,LG,MIM,1.0,MIM,0.7,26.11764705882353,26.5,0,62
sciences,LG,MIM,1.0,MIM,0.8,26.11764705882353,26.5,0,62
sciences,LG,MIM,1.0,MIM,0.9,26.11764705882353,26.5,0,62
sciences,LG,MIM,1.0,MIM,1.0,26.11764705882353,26.5,0,62
sciences,MOTO,MIM,1.0,MIM,0.1,12.022058823529411,9.0,0,63
sciences,MOTO,MIM,1.0,MIM,0.2,14.316176470588236,14.0,0,42
sciences,MOTO,MIM,1.0,MIM,0.3,17.919117647058822,17.0,0,42
sciences,MOTO,MIM,1.0,MIM,0.4,18.058823529411764,17.0,0,43
sciences,MOTO,MIM,1.0,MIM,0.5,18.058823529411764,17.0,0,43
sciences,MOTO,MIM,1.0,MIM,0.6,18.058823529411764,17.0,0,43
sciences,MOTO,MIM,1.0,MIM,0.7,18.058823529411764,17.0,0,43
sciences,MOTO,MIM,1.0,MIM,0.8,18.058823529411764,17.0,0,43
sciences,MOTO,MIM,1.0,MIM,0.9,18.058823529411764,17.0,0,43
sciences,MOTO,MIM,1.0,MIM,1.0,18.058823529411764,17.0,0,43
sciences,OP3,MIM,1.0,MIM,0.1,11.257352941176471,10.0,0,45
sciences,OP3,MIM,1.0,MIM,0.2,14.867647058823529,15.0,0,43
sciences,OP3,MIM,1.0,MIM,0.3,14.485294117647058,15.0,0,29
sciences,OP3,MIM,1.0,MIM,0.4,14.625,15.0,0,33
sciences,OP3,MIM,1.0,MIM,0.5,14.625,15.0,0,33
sciences,OP3,MIM,1.0,MIM,0.6,14.625,15.0,0,33
sciences,OP3,MIM,1.0,MIM,0.7,14.625,15.0,0,33
sciences,OP3,MIM,1.0,MIM,0.8,14.625,15.0,0,33
sciences,OP3,MIM,1.0,MIM,0.9,14.625,15.0,0,33
sciences,OP3,MIM,1.0,MIM,1.0,14.625,15.0,0,33
sciences,S7,MIM,1.0,MIM,0.1,8.595588235294118,7.0,0,40
sciences,S7,MIM,1.0,MIM,0.2,14.485294117647058,15.0,0,31
sciences,S7,MIM,1.0,MIM,0.3,17.264705882352942,16.5,0,43
sciences,S7,MIM,1.0,MIM,0.4,17.264705882352942,17.0,0,43
sciences,S7,MIM,1.0,MIM,0.5,17.264705882352942,17.0,0,43
sciences,S7,MIM,1.0,MIM,0.6,17.264705882352942,17.0,0,43
sciences,S7,MIM,1.0,MIM,0.7,17.264705882352942,17.0,0,43
sciences,S7,MIM,1.0,MIM,0.8,17.264705882352942,17.0,0,43
sciences,S7,MIM,1.0,MIM,0.9,17.264705882352942,17.0,0,43
sciences,S7,MIM,1.0,MIM,1.0,17.264705882352942,17.0,0,43
sciences,BLU,BIM,0.1,MIM,0.1,9.433823529411764,6.0,0,56
sciences,BLU,BIM,0.1,MIM,0.2,21.316176470588236,18.0,0,45
sciences,BLU,BIM,0.1,MIM,0.3,20.352941176470587,18.5,0,48
sciences,BLU,BIM,0.1,MIM,0.4,17.985294117647058,17.0,0,43
sciences,BLU,BIM,0.1,MIM,0.5,17.985294117647058,17.0,0,43
sciences,BLU,BIM,0.1,MIM,0.6,17.985294117647058,17.0,0,43
sciences,BLU,BIM,0.1,MIM,0.7,17.985294117647058,17.0,0,43
sciences,BLU,BIM,0.1,MIM,0.8,17.985294117647058,17.0,0,43
sciences,BLU,BIM,0.1,MIM,0.9,17.985294117647058,17.0,0,43
sciences,BLU,BIM,0.1,MIM,1.0,17.985294117647058,17.0,0,43
sciences,HTC,BIM,0.1,MIM,0.1,10.698529411764707,7.0,0,49
sciences,HTC,BIM,0.1,MIM,0.2,20.63235294117647,19.5,0,49
sciences,HTC,BIM,0.1,MIM,0.3,18.654411764705884,14.0,0,45
sciences,HTC,BIM,0.1,MIM,0.4,18.720588235294116,16.5,0,49
sciences,HTC,BIM,0.1,MIM,0.5,18.720588235294116,16.5,0,49
sciences,HTC,BIM,0.1,MIM,0.6,18.720588235294116,16.5,0,49
sciences,HTC,BIM,0.1,MIM,0.7,18.720588235294116,16.5,0,49
sciences,HTC,BIM,0.1,MIM,0.8,18.720588235294116,16.5,0,49
sciences,HTC,BIM,0.1,MIM,0.9,18.720588235294116,16.5,0,49
sciences,HTC,BIM,0.1,MIM,1.0,18.720588235294116,16.5,0,49
sciences,LG,BIM,0.1,MIM,0.1,9.897058823529411,8.0,0,40
sciences,LG,BIM,0.1,MIM,0.2,24.602941176470587,26.5,0,47
sciences,LG,BIM,0.1,MIM,0.3,22.080882352941178,21.0,0,47
sciences,LG,BIM,0.1,MIM,0.4,18.78676470588235,15.0,0,46
sciences,LG,BIM,0.1,MIM,0.5,18.78676470588235,15.0,0,46
sciences,LG,BIM,0.1,MIM,0.6,18.78676470588235,15.0,0,46
sciences,LG,BIM,0.1,MIM,0.7,18.78676470588235,15.0,0,46
sciences,LG,BIM,0.1,MIM,0.8,18.78676470588235,15.0,0,46
sciences,LG,BIM,0.1,MIM,0.9,18.78676470588235,15.0,0,46
sciences,LG,BIM,0.1,MIM,1.0,18.78676470588235,15.0,0,46
sciences,MOTO,BIM,0.1,MIM,0.1,9.448529411764707,6.0,0,49
sciences,MOTO,BIM,0.1,MIM,0.2,14.941176470588236,12.0,0,40
sciences,MOTO,BIM,0.1,MIM,0.3,18.022058823529413,14.0,0,45
sciences,MOTO,BIM,0.1,MIM,0.4,17.91176470588235,16.5,0,48
sciences,MOTO,BIM,0.1,MIM,0.5,17.91176470588235,16.5,0,48
sciences,MOTO,BIM,0.1,MIM,0.6,17.91176470588235,16.5,0,48
sciences,MOTO,BIM,0.1,MIM,0.7,17.91176470588235,16.5,0,48
sciences,MOTO,BIM,0.1,MIM,0.8,17.91176470588235,16.5,0,48
sciences,MOTO,BIM,0.1,MIM,0.9,17.91176470588235,16.5,0,48
sciences,MOTO,BIM,0.1,MIM,1.0,17.91176470588235,16.5,0,48
sciences,OP3,BIM,0.1,MIM,0.1,5.8088235294117645,2.0,0,40
sciences,OP3,BIM,0.1,MIM,0.2,22.823529411764707,22.0,1,47
sciences,OP3,BIM,0.1,MIM,0.3,19.875,16.5,0,51
sciences,OP3,BIM,0.1,MIM,0.4,16.801470588235293,15.0,0,49
sciences,OP3,BIM,0.1,MIM,0.5,16.801470588235293,15.0,0,49
sciences,OP3,BIM,0.1,MIM,0.6,16.801470588235293,15.0,0,49
sciences,OP3,BIM,0.1,MIM,0.7,16.801470588235293,15.0,0,49
sciences,OP3,BIM,0.1,MIM,0.8,16.801470588235293,15.0,0,49
sciences,OP3,BIM,0.1,MIM,0.9,16.801470588235293,15.0,0,49
sciences,OP3,BIM,0.1,MIM,1.0,16.801470588235293,15.0,0,49
sciences,S7,BIM,0.1,MIM,0.1,8.661764705882353,6.0,0,40
sciences,S7,BIM,0.1,MIM,0.2,19.272058823529413,16.5,0,43
sciences,S7,BIM,0.1,MIM,0.3,20.41176470588235,18.0,0,45
sciences,S7,BIM,0.1,MIM,0.4,18.625,16.0,0,46
sciences,S7,BIM,0.1,MIM,0.5,18.625,16.0,0,46
sciences,S7,BIM,0.1,MIM,0.6,18.625,16.0,0,46
sciences,S7,BIM,0.1,MIM,0.7,18.625,16.0,0,46
sciences,S7,BIM,0.1,MIM,0.8,18.625,16.0,0,46
sciences,S7,BIM,0.1,MIM,0.9,18.625,16.0,0,46
sciences,S7,BIM,0.1,MIM,1.0,18.625,16.0,0,46
sciences,BLU,BIM,0.2,MIM,0.1,12.632352941176471,6.0,0,61
sciences,BLU,BIM,0.2,MIM,0.2,16.014705882352942,6.0,0,66
sciences,BLU,BIM,0.2,MIM,0.3,25.46323529411765,24.0,0,66
sciences,BLU,BIM,0.2,MIM,0.4,25.926470588235293,23.5,0,61
sciences,BLU,BIM,0.2,MIM,0.5,25.926470588235293,23.5,0,61
sciences,BLU,BIM,0.2,MIM,0.6,25.926470588235293,23.5,0,61
sciences,BLU,BIM,0.2,MIM,0.7,25.926470588235293,23.5,0,61
sciences,BLU,BIM,0.2,MIM,0.8,25.926470588235293,23.5,0,61
sciences,BLU,BIM,0.2,MIM,0.9,25.926470588235293,23.5,0,61
sciences,BLU,BIM,0.2,MIM,1.0,25.926470588235293,23.5,0,61
sciences,HTC,BIM,0.2,MIM,0.1,9.889705882352942,2.0,0,55
sciences,HTC,BIM,0.2,MIM,0.2,16.74264705882353,5.0,0,61
sciences,HTC,BIM,0.2,MIM,0.3,24.176470588235293,21.0,0,61
sciences,HTC,BIM,0.2,MIM,0.4,26.88235294117647,26.5,0,61
sciences,HTC,BIM,0.2,MIM,0.5,26.88235294117647,26.5,0,61
sciences,HTC,BIM,0.2,MIM,0.6,26.88235294117647,26.5,0,61
sciences,HTC,BIM,0.2,MIM,0.7,26.88235294117647,26.5,0,61
sciences,HTC,BIM,0.2,MIM,0.8,26.88235294117647,26.5,0,61
sciences,HTC,BIM,0.2,MIM,0.9,26.88235294117647,26.5,0,61
sciences,HTC,BIM,0.2,MIM,1.0,26.88235294117647,26.5,0,61
sciences,LG,BIM,0.2,MIM,0.1,6.963235294117647,2.0,0,61
sciences,LG,BIM,0.2,MIM,0.2,12.860294117647058,5.5,0,62
sciences,LG,BIM,0.2,MIM,0.3,25.03676470588235,21.5,0,60
sciences,LG,BIM,0.2,MIM,0.4,26.46323529411765,26.0,0,58
sciences,LG,BIM,0.2,MIM,0.5,26.46323529411765,26.0,0,58
sciences,LG,BIM,0.2,MIM,0.6,26.46323529411765,26.0,0,58
sciences,LG,BIM,0.2,MIM,0.7,26.46323529411765,26.0,0,58
sciences,LG,BIM,0.2,MIM,0.8,26.46323529411765,26.0,0,58
sciences,LG,BIM,0.2,MIM,0.9,26.46323529411765,26.0,0,58
sciences,LG,BIM,0.2,MIM,1.0,26.46323529411765,26.0,0,58
sciences,MOTO,BIM,0.2,MIM,0.1,7.610294117647059,4.0,0,62
sciences,MOTO,BIM,0.2,MIM,0.2,15.786764705882353,5.0,0,61
sciences,MOTO,BIM,0.2,MIM,0.3,21.08823529411765,14.0,0,62
sciences,MOTO,BIM,0.2,MIM,0.4,24.558823529411764,24.0,0,57
sciences,MOTO,BIM,0.2,MIM,0.5,24.558823529411764,24.0,0,57
sciences,MOTO,BIM,0.2,MIM,0.6,24.558823529411764,24.0,0,57
sciences,MOTO,BIM,0.2,MIM,0.7,24.558823529411764,24.0,0,57
sciences,MOTO,BIM,0.2,MIM,0.8,24.558823529411764,24.0,0,57
sciences,MOTO,BIM,0.2,MIM,0.9,24.558823529411764,24.0,0,57
sciences,MOTO,BIM,0.2,MIM,1.0,24.558823529411764,24.0,0,57
sciences,OP3,BIM,0.2,MIM,0.1,14.433823529411764,7.0,0,59
sciences,OP3,BIM,0.2,MIM,0.2,8.845588235294118,0.0,0,66
sciences,OP3,BIM,0.2,MIM,0.3,22.323529411764707,18.5,0,61
sciences,OP3,BIM,0.2,MIM,0.4,26.169117647058822,24.5,0,61
sciences,OP3,BIM,0.2,MIM,0.5,26.169117647058822,24.5,0,61
sciences,OP3,BIM,0.2,MIM,0.6,26.169117647058822,24.5,0,61
sciences,OP3,BIM,0.2,MIM,0.7,26.169117647058822,24.5,0,61
sciences,OP3,BIM,0.2,MIM,0.8,26.169117647058822,24.5,0,61
sciences,OP3,BIM,0.2,MIM,0.9,26.169117647058822,24.5,0,61
sciences,OP3,BIM,0.2,MIM,1.0,26.169117647058822,24.5,0,61
sciences,S7,BIM,0.2,MIM,0.1,11.441176470588236,4.0,0,59
sciences,S7,BIM,0.2,MIM,0.2,12.860294117647058,3.0,0,61
sciences,S7,BIM,0.2,MIM,0.3,24.566176470588236,25.0,0,57
sciences,S7,BIM,0.2,MIM,0.4,26.522058823529413,26.0,0,60
sciences,S7,BIM,0.2,MIM,0.5,26.522058823529413,26.0,0,60
sciences,S7,BIM,0.2,MIM,0.6,26.522058823529413,26.0,0,60
sciences,S7,BIM,0.2,MIM,0.7,26.522058823529413,26.0,0,60
sciences,S7,BIM,0.2,MIM,0.8,26.522058823529413,26.0,0,60
sciences,S7,BIM,0.2,MIM,0.9,26.522058823529413,26.0,0,60
sciences,S7,BIM,0.2,MIM,1.0,26.522058823529413,26.0,0,60
sciences,BLU,BIM,0.3,MIM,0.1,11.647058823529411,6.0,0,60
sciences,BLU,BIM,0.3,MIM,0.2,25.441176470588236,19.0,0,67
sciences,BLU,BIM,0.3,MIM,0.3,25.301470588235293,25.0,0,67
sciences,BLU,BIM,0.3,MIM,0.4,24.941176470588236,23.5,0,67
sciences,BLU,BIM,0.3,MIM,0.5,24.941176470588236,23.5,0,67
sciences,BLU,BIM,0.3,MIM,0.6,24.941176470588236,23.5,0,67
sciences,BLU,BIM,0.3,MIM,0.7,24.941176470588236,23.5,0,67
sciences,BLU,BIM,0.3,MIM,0.8,24.941176470588236,23.5,0,67
sciences,BLU,BIM,0.3,MIM,0.9,24.941176470588236,23.5,0,67
sciences,BLU,BIM,0.3,MIM,1.0,24.941176470588236,23.5,0,67
sciences,HTC,BIM,0.3,MIM,0.1,16.360294117647058,9.0,0,56
sciences,HTC,BIM,0.3,MIM,0.2,18.794117647058822,7.0,0,64
sciences,HTC,BIM,0.3,MIM,0.3,24.330882352941178,23.0,0,60
sciences,HTC,BIM,0.3,MIM,0.4,25.970588235294116,27.0,0,65
sciences,HTC,BIM,0.3,MIM,0.5,25.970588235294116,27.0,0,65
sciences,HTC,BIM,0.3,MIM,0.6,25.970588235294116,27.0,0,65
sciences,HTC,BIM,0.3,MIM,0.7,25.970588235294116,27.0,0,65
sciences,HTC,BIM,0.3,MIM,0.8,25.970588235294116,27.0,0,65
sciences,HTC,BIM,0.3,MIM,0.9,25.970588235294116,27.0,0,65
sciences,HTC,BIM,0.3,MIM,1.0,25.970588235294116,27.0,0,65
sciences,LG,BIM,0.3,MIM,0.1,15.727941176470589,7.5,0,59
sciences,LG,BIM,0.3,MIM,0.2,17.955882352941178,6.0,0,59
sciences,LG,BIM,0.3,MIM,0.3,24.625,23.5,0,62
sciences,LG,BIM,0.3,MIM,0.4,27.74264705882353,27.5,0,61
sciences,LG,BIM,0.3,MIM,0.5,27.74264705882353,27.5,0,61
sciences,LG,BIM,0.3,MIM,0.6,27.74264705882353,27.5,0,61
sciences,LG,BIM,0.3,MIM,0.7,27.74264705882353,27.5,0,61
sciences,LG,BIM,0.3,MIM,0.8,27.74264705882353,27.5,0,61
sciences,LG,BIM,0.3,MIM,0.9,27.74264705882353,27.5,0,61
sciences,LG,BIM,0.3,MIM,1.0,27.74264705882353,27.5,0,61
sciences,MOTO,BIM,0.3,MIM,0.1,4.720588235294118,4.0,0,42
sciences,MOTO,BIM,0.3,MIM,0.2,22.264705882352942,15.5,0,57
sciences,MOTO,BIM,0.3,MIM,0.3,24.455882352941178,20.0,0,59
sciences,MOTO,BIM,0.3,MIM,0.4,24.551470588235293,25.0,0,62
sciences,MOTO,BIM,0.3,MIM,0.5,24.551470588235293,25.0,0,62
sciences,MOTO,BIM,0.3,MIM,0.6,24.551470588235293,25.0,0,62
sciences,MOTO,BIM,0.3,MIM,0.7,24.551470588235293,25.0,0,62
sciences,MOTO,BIM,0.3,MIM,0.8,24.551470588235293,25.0,0,62
sciences,MOTO,BIM,0.3,MIM,0.9,24.551470588235293,25.0,0,62
sciences,MOTO,BIM,0.3,MIM,1.0,24.551470588235293,25.0,0,62
sciences,OP3,BIM,0.3,MIM,0.1,11.808823529411764,6.5,0,51
sciences,OP3,BIM,0.3,MIM,0.2,25.308823529411764,20.5,0,59
sciences,OP3,BIM,0.3,MIM,0.3,22.941176470588236,19.0,0,66
sciences,OP3,BIM,0.3,MIM,0.4,22.977941176470587,22.0,0,60
sciences,OP3,BIM,0.3,MIM,0.5,22.977941176470587,22.0,0,60
sciences,OP3,BIM,0.3,MIM,0.6,22.977941176470587,22.0,0,60
sciences,OP3,BIM,0.3,MIM,0.7,22.977941176470587,22.0,0,60
sciences,OP3,BIM,0.3,MIM,0.8,22.977941176470587,22.0,0,60
sciences,OP3,BIM,0.3,MIM,0.9,22.977941176470587,22.0,0,60
sciences,OP3,BIM,0.3,MIM,1.0,22.977941176470587,22.0,0,60
sciences,S7,BIM,0.3,MIM,0.1,10.595588235294118,6.0,0,59
sciences,S7,BIM,0.3,MIM,0.2,21.220588235294116,13.5,0,59
sciences,S7,BIM,0.3,MIM,0.3,23.933823529411764,24.5,0,61
sciences,S7,BIM,0.3,MIM,0.4,26.022058823529413,26.0,0,59
sciences,S7,BIM,0.3,MIM,0.5,26.022058823529413,26.0,0,59
sciences,S7,BIM,0.3,MIM,0.6,26.022058823529413,26.0,0,59
sciences,S7,BIM,0.3,MIM,0.7,26.022058823529413,26.0,0,59
sciences,S7,BIM,0.3,MIM,0.8,26.022058823529413,26.0,0,59
sciences,S7,BIM,0.3,MIM,0.9,26.022058823529413,26.0,0,59
sciences,S7,BIM,0.3,MIM,1.0,26.022058823529413,26.0,0,59
sciences,BLU,BIM,0.4,MIM,0.1,11.977941176470589,7.0,0,56
sciences,BLU,BIM,0.4,MIM,0.2,27.904411764705884,25.5,0,64
sciences,BLU,BIM,0.4,MIM,0.3,26.669117647058822,25.0,0,59
sciences,BLU,BIM,0.4,MIM,0.4,25.544117647058822,25.5,0,61
sciences,BLU,BIM,0.4,MIM,0.5,25.544117647058822,25.5,0,61
sciences,BLU,BIM,0.4,MIM,0.6,25.544117647058822,25.5,0,61
sciences,BLU,BIM,0.4,MIM,0.7,25.544117647058822,25.5,0,61
sciences,BLU,BIM,0.4,MIM,0.8,25.544117647058822,25.5,0,61
sciences,BLU,BIM,0.4,MIM,0.9,25.544117647058822,25.5,0,61
sciences,BLU,BIM,0.4,MIM,1.0,25.544117647058822,25.5,0,61
sciences,HTC,BIM,0.4,MIM,0.1,10.463235294117647,6.0,0,61
sciences,HTC,BIM,0.4,MIM,0.2,28.735294117647058,28.5,0,64
sciences,HTC,BIM,0.4,MIM,0.3,24.485294117647058,20.5,0,61
sciences,HTC,BIM,0.4,MIM,0.4,24.985294117647058,23.5,0,61
sciences,HTC,BIM,0.4,MIM,0.5,24.985294117647058,23.5,0,61
sciences,HTC,BIM,0.4,MIM,0.6,24.985294117647058,23.5,0,61
sciences,HTC,BIM,0.4,MIM,0.7,24.985294117647058,23.5,0,61
sciences,HTC,BIM,0.4,MIM,0.8,24.985294117647058,23.5,0,61
sciences,HTC,BIM,0.4,MIM,0.9,24.985294117647058,23.5,0,61
sciences,HTC,BIM,0.4,MIM,1.0,24.985294117647058,23.5,0,61
sciences,LG,BIM,0.4,MIM,0.1,10.654411764705882,5.0,0,63
sciences,LG,BIM,0.4,MIM,0.2,26.764705882352942,23.0,0,59
sciences,LG,BIM,0.4,MIM,0.3,22.102941176470587,16.0,0,60
sciences,LG,BIM,0.4,MIM,0.4,25.360294117647058,26.0,0,62
sciences,LG,BIM,0.4,MIM,0.5,25.360294117647058,26.0,0,62
sciences,LG,BIM,0.4,MIM,0.6,25.360294117647058,26.0,0,62
sciences,LG,BIM,0.4,MIM,0.7,25.360294117647058,26.0,0,62
sciences,LG,BIM,0.4,MIM,0.8,25.360294117647058,26.0,0,62
sciences,LG,BIM,0.4,MIM,0.9,25.360294117647058,26.0,0,62
sciences,LG,BIM,0.4,MIM,1.0,25.360294117647058,26.0,0,62
sciences,MOTO,BIM,0.4,MIM,0.1,6.610294117647059,5.0,0,35
sciences,MOTO,BIM,0.4,MIM,0.2,26.235294117647058,23.0,0,63
sciences,MOTO,BIM,0.4,MIM,0.3,28.970588235294116,29.0,0,63
sciences,MOTO,BIM,0.4,MIM,0.4,22.830882352941178,17.5,0,59
sciences,MOTO,BIM,0.4,MIM,0.5,22.830882352941178,17.5,0,59
sciences,MOTO,BIM,0.4,MIM,0.6,22.830882352941178,17.5,0,59
sciences,MOTO,BIM,0.4,MIM,0.7,22.830882352941178,17.5,0,59
sciences,MOTO,BIM,0.4,MIM,0.8,22.830882352941178,17.5,0,59
sciences,MOTO,BIM,0.4,MIM,0.9,22.830882352941178,17.5,0,59
sciences,MOTO,BIM,0.4,MIM,1.0,22.830882352941178,17.5,0,59
sciences,OP3,BIM,0.4,MIM,0.1,8.235294117647058,6.5,0,49
sciences,OP3,BIM,0.4,MIM,0.2,28.24264705882353,26.0,0,64
sciences,OP3,BIM,0.4,MIM,0.3,28.75735294117647,30.0,0,63
sciences,OP3,BIM,0.4,MIM,0.4,11.0,0.0,0,61
sciences,OP3,BIM,0.4,MIM,0.5,11.0,0.0,0,61
sciences,OP3,BIM,0.4,MIM,0.6,11.0,0.0,0,61
sciences,OP3,BIM,0.4,MIM,0.7,11.0,0.0,0,61
sciences,OP3,BIM,0.4,MIM,0.8,11.0,0.0,0,61
sciences,OP3,BIM,0.4,MIM,0.9,11.0,0.0,0,61
sciences,OP3,BIM,0.4,MIM,1.0,11.0,0.0,0,61
sciences,S7,BIM,0.4,MIM,0.1,9.919117647058824,6.0,0,57
sciences,S7,BIM,0.4,MIM,0.2,25.919117647058822,24.5,1,64
sciences,S7,BIM,0.4,MIM,0.3,26.220588235294116,26.5,0,60
sciences,S7,BIM,0.4,MIM,0.4,24.198529411764707,23.0,0,61
sciences,S7,BIM,0.4,MIM,0.5,24.198529411764707,23.0,0,61
sciences,S7,BIM,0.4,MIM,0.6,24.198529411764707,23.0,0,61
sciences,S7,BIM,0.4,MIM,0.7,24.198529411764707,23.0,0,61
sciences,S7,BIM,0.4,MIM,0.8,24.198529411764707,23.0,0,61
sciences,S7,BIM,0.4,MIM,0.9,24.198529411764707,23.0,0,61
sciences,S7,BIM,0.4,MIM,1.0,24.198529411764707,23.0,0,61
sciences,BLU,BIM,0.5,MIM,0.1,11.977941176470589,7.0,0,56
sciences,BLU,BIM,0.5,MIM,0.2,27.904411764705884,25.5,0,64
sciences,BLU,BIM,0.5,MIM,0.3,26.669117647058822,25.0,0,59
sciences,BLU,BIM,0.5,MIM,0.4,25.544117647058822,25.5,0,61
sciences,BLU,BIM,0.5,MIM,0.5,25.544117647058822,25.5,0,61
sciences,BLU,BIM,0.5,MIM,0.6,25.544117647058822,25.5,0,61
sciences,BLU,BIM,0.5,MIM,0.7,25.544117647058822,25.5,0,61
sciences,BLU,BIM,0.5,MIM,0.8,25.544117647058822,25.5,0,61
sciences,BLU,BIM,0.5,MIM,0.9,25.544117647058822,25.5,0,61
sciences,BLU,BIM,0.5,MIM,1.0,25.544117647058822,25.5,0,61
sciences,HTC,BIM,0.5,MIM,0.1,10.463235294117647,6.0,0,61
sciences,HTC,BIM,0.5,MIM,0.2,28.735294117647058,28.5,0,64
sciences,HTC,BIM,0.5,MIM,0.3,24.485294117647058,20.5,0,61
sciences,HTC,BIM,0.5,MIM,0.4,24.985294117647058,23.5,0,61
sciences,HTC,BIM,0.5,MIM,0.5,24.985294117647058,23.5,0,61
sciences,HTC,BIM,0.5,MIM,0.6,24.985294117647058,23.5,0,61
sciences,HTC,BIM,0.5,MIM,0.7,24.985294117647058,23.5,0,61
sciences,HTC,BIM,0.5,MIM,0.8,24.985294117647058,23.5,0,61
sciences,HTC,BIM,0.5,MIM,0.9,24.985294117647058,23.5,0,61
sciences,HTC,BIM,0.5,MIM,1.0,24.985294117647058,23.5,0,61
sciences,LG,BIM,0.5,MIM,0.1,10.654411764705882,5.0,0,63
sciences,LG,BIM,0.5,MIM,0.2,26.764705882352942,23.0,0,59
sciences,LG,BIM,0.5,MIM,0.3,22.102941176470587,16.0,0,60
sciences,LG,BIM,0.5,MIM,0.4,25.360294117647058,26.0,0,62
sciences,LG,BIM,0.5,MIM,0.5,25.360294117647058,26.0,0,62
sciences,LG,BIM,0.5,MIM,0.6,25.360294117647058,26.0,0,62
sciences,LG,BIM,0.5,MIM,0.7,25.360294117647058,26.0,0,62
sciences,LG,BIM,0.5,MIM,0.8,25.360294117647058,26.0,0,62
sciences,LG,BIM,0.5,MIM,0.9,25.360294117647058,26.0,0,62
sciences,LG,BIM,0.5,MIM,1.0,25.360294117647058,26.0,0,62
sciences,MOTO,BIM,0.5,MIM,0.1,6.610294117647059,5.0,0,35
sciences,MOTO,BIM,0.5,MIM,0.2,26.235294117647058,23.0,0,63
sciences,MOTO,BIM,0.5,MIM,0.3,28.970588235294116,29.0,0,63
sciences,MOTO,BIM,0.5,MIM,0.4,22.830882352941178,17.5,0,59
sciences,MOTO,BIM,0.5,MIM,0.5,22.830882352941178,17.5,0,59
sciences,MOTO,BIM,0.5,MIM,0.6,22.830882352941178,17.5,0,59
sciences,MOTO,BIM,0.5,MIM,0.7,22.830882352941178,17.5,0,59
sciences,MOTO,BIM,0.5,MIM,0.8,22.830882352941178,17.5,0,59
sciences,MOTO,BIM,0.5,MIM,0.9,22.830882352941178,17.5,0,59
sciences,MOTO,BIM,0.5,MIM,1.0,22.830882352941178,17.5,0,59
sciences,OP3,BIM,0.5,MIM,0.1,8.235294117647058,6.5,0,49
sciences,OP3,BIM,0.5,MIM,0.2,28.24264705882353,26.0,0,64
sciences,OP3,BIM,0.5,MIM,0.3,28.75735294117647,30.0,0,63
sciences,OP3,BIM,0.5,MIM,0.4,11.0,0.0,0,61
sciences,OP3,BIM,0.5,MIM,0.5,11.0,0.0,0,61
sciences,OP3,BIM,0.5,MIM,0.6,11.0,0.0,0,61
sciences,OP3,BIM,0.5,MIM,0.7,11.0,0.0,0,61
sciences,OP3,BIM,0.5,MIM,0.8,11.0,0.0,0,61
sciences,OP3,BIM,0.5,MIM,0.9,11.0,0.0,0,61
sciences,OP3,BIM,0.5,MIM,1.0,11.0,0.0,0,61
sciences,S7,BIM,0.5,MIM,0.1,9.919117647058824,6.0,0,57
sciences,S7,BIM,0.5,MIM,0.2,25.919117647058822,24.5,1,64
sciences,S7,BIM,0.5,MIM,0.3,26.220588235294116,26.5,0,60
sciences,S7,BIM,0.5,MIM,0.4,24.198529411764707,23.0,0,61
sciences,S7,BIM,0.5,MIM,0.5,24.198529411764707,23.0,0,61
sciences,S7,BIM,0.5,MIM,0.6,24.198529411764707,23.0,0,61
sciences,S7,BIM,0.5,MIM,0.7,24.198529411764707,23.0,0,61
sciences,S7,BIM,0.5,MIM,0.8,24.198529411764707,23.0,0,61
sciences,S7,BIM,0.5,MIM,0.9,24.198529411764707,23.0,0,61
sciences,S7,BIM,0.5,MIM,1.0,24.198529411764707,23.0,0,61
sciences,BLU,BIM,0.6,MIM,0.1,11.977941176470589,7.0,0,56
sciences,BLU,BIM,0.6,MIM,0.2,27.904411764705884,25.5,0,64
sciences,BLU,BIM,0.6,MIM,0.3,26.669117647058822,25.0,0,59
sciences,BLU,BIM,0.6,MIM,0.4,25.544117647058822,25.5,0,61
sciences,BLU,BIM,0.6,MIM,0.5,25.544117647058822,25.5,0,61
sciences,BLU,BIM,0.6,MIM,0.6,25.544117647058822,25.5,0,61
sciences,BLU,BIM,0.6,MIM,0.7,25.544117647058822,25.5,0,61
sciences,BLU,BIM,0.6,MIM,0.8,25.544117647058822,25.5,0,61
sciences,BLU,BIM,0.6,MIM,0.9,25.544117647058822,25.5,0,61
sciences,BLU,BIM,0.6,MIM,1.0,25.544117647058822,25.5,0,61
sciences,HTC,BIM,0.6,MIM,0.1,10.463235294117647,6.0,0,61
sciences,HTC,BIM,0.6,MIM,0.2,28.735294117647058,28.5,0,64
sciences,HTC,BIM,0.6,MIM,0.3,24.485294117647058,20.5,0,61
sciences,HTC,BIM,0.6,MIM,0.4,24.985294117647058,23.5,0,61
sciences,HTC,BIM,0.6,MIM,0.5,24.985294117647058,23.5,0,61
sciences,HTC,BIM,0.6,MIM,0.6,24.985294117647058,23.5,0,61
sciences,HTC,BIM,0.6,MIM,0.7,24.985294117647058,23.5,0,61
sciences,HTC,BIM,0.6,MIM,0.8,24.985294117647058,23.5,0,61
sciences,HTC,BIM,0.6,MIM,0.9,24.985294117647058,23.5,0,61
sciences,HTC,BIM,0.6,MIM,1.0,24.985294117647058,23.5,0,61
sciences,LG,BIM,0.6,MIM,0.1,10.654411764705882,5.0,0,63
sciences,LG,BIM,0.6,MIM,0.2,26.764705882352942,23.0,0,59
sciences,LG,BIM,0.6,MIM,0.3,22.102941176470587,16.0,0,60
sciences,LG,BIM,0.6,MIM,0.4,25.360294117647058,26.0,0,62
sciences,LG,BIM,0.6,MIM,0.5,25.360294117647058,26.0,0,62
sciences,LG,BIM,0.6,MIM,0.6,25.360294117647058,26.0,0,62
sciences,LG,BIM,0.6,MIM,0.7,25.360294117647058,26.0,0,62
sciences,LG,BIM,0.6,MIM,0.8,25.360294117647058,26.0,0,62
sciences,LG,BIM,0.6,MIM,0.9,25.360294117647058,26.0,0,62
sciences,LG,BIM,0.6,MIM,1.0,25.360294117647058,26.0,0,62
sciences,MOTO,BIM,0.6,MIM,0.1,6.610294117647059,5.0,0,35
sciences,MOTO,BIM,0.6,MIM,0.2,26.235294117647058,23.0,0,63
sciences,MOTO,BIM,0.6,MIM,0.3,28.970588235294116,29.0,0,63
sciences,MOTO,BIM,0.6,MIM,0.4,22.830882352941178,17.5,0,59
sciences,MOTO,BIM,0.6,MIM,0.5,22.830882352941178,17.5,0,59
sciences,MOTO,BIM,0.6,MIM,0.6,22.830882352941178,17.5,0,59
sciences,MOTO,BIM,0.6,MIM,0.7,22.830882352941178,17.5,0,59
sciences,MOTO,BIM,0.6,MIM,0.8,22.830882352941178,17.5,0,59
sciences,MOTO,BIM,0.6,MIM,0.9,22.830882352941178,17.5,0,59
sciences,MOTO,BIM,0.6,MIM,1.0,22.830882352941178,17.5,0,59
sciences,OP3,BIM,0.6,MIM,0.1,8.235294117647058,6.5,0,49
sciences,OP3,BIM,0.6,MIM,0.2,28.24264705882353,26.0,0,64
sciences,OP3,BIM,0.6,MIM,0.3,28.75735294117647,30.0,0,63
sciences,OP3,BIM,0.6,MIM,0.4,11.0,0.0,0,61
sciences,OP3,BIM,0.6,MIM,0.5,11.0,0.0,0,61
sciences,OP3,BIM,0.6,MIM,0.6,11.0,0.0,0,61
sciences,OP3,BIM,0.6,MIM,0.7,11.0,0.0,0,61
sciences,OP3,BIM,0.6,MIM,0.8,11.0,0.0,0,61
sciences,OP3,BIM,0.6,MIM,0.9,11.0,0.0,0,61
sciences,OP3,BIM,0.6,MIM,1.0,11.0,0.0,0,61
sciences,S7,BIM,0.6,MIM,0.1,9.919117647058824,6.0,0,57
sciences,S7,BIM,0.6,MIM,0.2,25.919117647058822,24.5,1,64
sciences,S7,BIM,0.6,MIM,0.3,26.220588235294116,26.5,0,60
sciences,S7,BIM,0.6,MIM,0.4,24.198529411764707,23.0,0,61
sciences,S7,BIM,0.6,MIM,0.5,24.198529411764707,23.0,0,61
sciences,S7,BIM,0.6,MIM,0.6,24.198529411764707,23.0,0,61
sciences,S7,BIM,0.6,MIM,0.7,24.198529411764707,23.0,0,61
sciences,S7,BIM,0.6,MIM,0.8,24.198529411764707,23.0,0,61
sciences,S7,BIM,0.6,MIM,0.9,24.198529411764707,23.0,0,61
sciences,S7,BIM,0.6,MIM,1.0,24.198529411764707,23.0,0,61
sciences,BLU,BIM,0.7,MIM,0.1,11.977941176470589,7.0,0,56
sciences,BLU,BIM,0.7,MIM,0.2,27.904411764705884,25.5,0,64
sciences,BLU,BIM,0.7,MIM,0.3,26.669117647058822,25.0,0,59
sciences,BLU,BIM,0.7,MIM,0.4,25.544117647058822,25.5,0,61
sciences,BLU,BIM,0.7,MIM,0.5,25.544117647058822,25.5,0,61
sciences,BLU,BIM,0.7,MIM,0.6,25.544117647058822,25.5,0,61
sciences,BLU,BIM,0.7,MIM,0.7,25.544117647058822,25.5,0,61
sciences,BLU,BIM,0.7,MIM,0.8,25.544117647058822,25.5,0,61
sciences,BLU,BIM,0.7,MIM,0.9,25.544117647058822,25.5,0,61
sciences,BLU,BIM,0.7,MIM,1.0,25.544117647058822,25.5,0,61
sciences,HTC,BIM,0.7,MIM,0.1,10.463235294117647,6.0,0,61
sciences,HTC,BIM,0.7,MIM,0.2,28.735294117647058,28.5,0,64
sciences,HTC,BIM,0.7,MIM,0.3,24.485294117647058,20.5,0,61
sciences,HTC,BIM,0.7,MIM,0.4,24.985294117647058,23.5,0,61
sciences,HTC,BIM,0.7,MIM,0.5,24.985294117647058,23.5,0,61
sciences,HTC,BIM,0.7,MIM,0.6,24.985294117647058,23.5,0,61
sciences,HTC,BIM,0.7,MIM,0.7,24.985294117647058,23.5,0,61
sciences,HTC,BIM,0.7,MIM,0.8,24.985294117647058,23.5,0,61
sciences,HTC,BIM,0.7,MIM,0.9,24.985294117647058,23.5,0,61
sciences,HTC,BIM,0.7,MIM,1.0,24.985294117647058,23.5,0,61
sciences,LG,BIM,0.7,MIM,0.1,10.654411764705882,5.0,0,63
sciences,LG,BIM,0.7,MIM,0.2,26.764705882352942,23.0,0,59
sciences,LG,BIM,0.7,MIM,0.3,22.102941176470587,16.0,0,60
sciences,LG,BIM,0.7,MIM,0.4,25.360294117647058,26.0,0,62
sciences,LG,BIM,0.7,MIM,0.5,25.360294117647058,26.0,0,62
sciences,LG,BIM,0.7,MIM,0.6,25.360294117647058,26.0,0,62
sciences,LG,BIM,0.7,MIM,0.7,25.360294117647058,26.0,0,62
sciences,LG,BIM,0.7,MIM,0.8,25.360294117647058,26.0,0,62
sciences,LG,BIM,0.7,MIM,0.9,25.360294117647058,26.0,0,62
sciences,LG,BIM,0.7,MIM,1.0,25.360294117647058,26.0,0,62
sciences,MOTO,BIM,0.7,MIM,0.1,6.610294117647059,5.0,0,35
sciences,MOTO,BIM,0.7,MIM,0.2,26.235294117647058,23.0,0,63
sciences,MOTO,BIM,0.7,MIM,0.3,28.970588235294116,29.0,0,63
sciences,MOTO,BIM,0.7,MIM,0.4,22.830882352941178,17.5,0,59
sciences,MOTO,BIM,0.7,MIM,0.5,22.830882352941178,17.5,0,59
sciences,MOTO,BIM,0.7,MIM,0.6,22.830882352941178,17.5,0,59
sciences,MOTO,BIM,0.7,MIM,0.7,22.830882352941178,17.5,0,59
sciences,MOTO,BIM,0.7,MIM,0.8,22.830882352941178,17.5,0,59
sciences,MOTO,BIM,0.7,MIM,0.9,22.830882352941178,17.5,0,59
sciences,MOTO,BIM,0.7,MIM,1.0,22.830882352941178,17.5,0,59
sciences,OP3,BIM,0.7,MIM,0.1,8.235294117647058,6.5,0,49
sciences,OP3,BIM,0.7,MIM,0.2,28.24264705882353,26.0,0,64
sciences,OP3,BIM,0.7,MIM,0.3,28.75735294117647,30.0,0,63
sciences,OP3,BIM,0.7,MIM,0.4,11.0,0.0,0,61
sciences,OP3,BIM,0.7,MIM,0.5,11.0,0.0,0,61
sciences,OP3,BIM,0.7,MIM,0.6,11.0,0.0,0,61
sciences,OP3,BIM,0.7,MIM,0.7,11.0,0.0,0,61
sciences,OP3,BIM,0.7,MIM,0.8,11.0,0.0,0,61
sciences,OP3,BIM,0.7,MIM,0.9,11.0,0.0,0,61
sciences,OP3,BIM,0.7,MIM,1.0,11.0,0.0,0,61
sciences,S7,BIM,0.7,MIM,0.1,9.919117647058824,6.0,0,57
sciences,S7,BIM,0.7,MIM,0.2,25.919117647058822,24.5,1,64
sciences,S7,BIM,0.7,MIM,0.3,26.220588235294116,26.5,0,60
sciences,S7,BIM,0.7,MIM,0.4,24.198529411764707,23.0,0,61
sciences,S7,BIM,0.7,MIM,0.5,24.198529411764707,23.0,0,61
sciences,S7,BIM,0.7,MIM,0.6,24.198529411764707,23.0,0,61
sciences,S7,BIM,0.7,MIM,0.7,24.198529411764707,23.0,0,61
sciences,S7,BIM,0.7,MIM,0.8,24.198529411764707,23.0,0,61
sciences,S7,BIM,0.7,MIM,0.9,24.198529411764707,23.0,0,61
sciences,S7,BIM,0.7,MIM,1.0,24.198529411764707,23.0,0,61
sciences,BLU,BIM,0.8,MIM,0.1,11.977941176470589,7.0,0,56
sciences,BLU,BIM,0.8,MIM,0.2,27.904411764705884,25.5,0,64
sciences,BLU,BIM,0.8,MIM,0.3,26.669117647058822,25.0,0,59
sciences,BLU,BIM,0.8,MIM,0.4,25.544117647058822,25.5,0,61
sciences,BLU,BIM,0.8,MIM,0.5,25.544117647058822,25.5,0,61
sciences,BLU,BIM,0.8,MIM,0.6,25.544117647058822,25.5,0,61
sciences,BLU,BIM,0.8,MIM,0.7,25.544117647058822,25.5,0,61
sciences,BLU,BIM,0.8,MIM,0.8,25.544117647058822,25.5,0,61
sciences,BLU,BIM,0.8,MIM,0.9,25.544117647058822,25.5,0,61
sciences,BLU,BIM,0.8,MIM,1.0,25.544117647058822,25.5,0,61
sciences,HTC,BIM,0.8,MIM,0.1,10.463235294117647,6.0,0,61
sciences,HTC,BIM,0.8,MIM,0.2,28.735294117647058,28.5,0,64
sciences,HTC,BIM,0.8,MIM,0.3,24.485294117647058,20.5,0,61
sciences,HTC,BIM,0.8,MIM,0.4,24.985294117647058,23.5,0,61
sciences,HTC,BIM,0.8,MIM,0.5,24.985294117647058,23.5,0,61
sciences,HTC,BIM,0.8,MIM,0.6,24.985294117647058,23.5,0,61
sciences,HTC,BIM,0.8,MIM,0.7,24.985294117647058,23.5,0,61
sciences,HTC,BIM,0.8,MIM,0.8,24.985294117647058,23.5,0,61
sciences,HTC,BIM,0.8,MIM,0.9,24.985294117647058,23.5,0,61
sciences,HTC,BIM,0.8,MIM,1.0,24.985294117647058,23.5,0,61
sciences,LG,BIM,0.8,MIM,0.1,10.654411764705882,5.0,0,63
sciences,LG,BIM,0.8,MIM,0.2,26.764705882352942,23.0,0,59
sciences,LG,BIM,0.8,MIM,0.3,22.102941176470587,16.0,0,60
sciences,LG,BIM,0.8,MIM,0.4,25.360294117647058,26.0,0,62
sciences,LG,BIM,0.8,MIM,0.5,25.360294117647058,26.0,0,62
sciences,LG,BIM,0.8,MIM,0.6,25.360294117647058,26.0,0,62
sciences,LG,BIM,0.8,MIM,0.7,25.360294117647058,26.0,0,62
sciences,LG,BIM,0.8,MIM,0.8,25.360294117647058,26.0,0,62
sciences,LG,BIM,0.8,MIM,0.9,25.360294117647058,26.0,0,62
sciences,LG,BIM,0.8,MIM,1.0,25.360294117647058,26.0,0,62
sciences,MOTO,BIM,0.8,MIM,0.1,6.610294117647059,5.0,0,35
sciences,MOTO,BIM,0.8,MIM,0.2,26.235294117647058,23.0,0,63
sciences,MOTO,BIM,0.8,MIM,0.3,28.970588235294116,29.0,0,63
sciences,MOTO,BIM,0.8,MIM,0.4,22.830882352941178,17.5,0,59
sciences,MOTO,BIM,0.8,MIM,0.5,22.830882352941178,17.5,0,59
sciences,MOTO,BIM,0.8,MIM,0.6,22.830882352941178,17.5,0,59
sciences,MOTO,BIM,0.8,MIM,0.7,22.830882352941178,17.5,0,59
sciences,MOTO,BIM,0.8,MIM,0.8,22.830882352941178,17.5,0,59
sciences,MOTO,BIM,0.8,MIM,0.9,22.830882352941178,17.5,0,59
sciences,MOTO,BIM,0.8,MIM,1.0,22.830882352941178,17.5,0,59
sciences,OP3,BIM,0.8,MIM,0.1,8.235294117647058,6.5,0,49
sciences,OP3,BIM,0.8,MIM,0.2,28.24264705882353,26.0,0,64
sciences,OP3,BIM,0.8,MIM,0.3,28.75735294117647,30.0,0,63
sciences,OP3,BIM,0.8,MIM,0.4,11.0,0.0,0,61
sciences,OP3,BIM,0.8,MIM,0.5,11.0,0.0,0,61
sciences,OP3,BIM,0.8,MIM,0.6,11.0,0.0,0,61
sciences,OP3,BIM,0.8,MIM,0.7,11.0,0.0,0,61
sciences,OP3,BIM,0.8,MIM,0.8,11.0,0.0,0,61
sciences,OP3,BIM,0.8,MIM,0.9,11.0,0.0,0,61
sciences,OP3,BIM,0.8,MIM,1.0,11.0,0.0,0,61
sciences,S7,BIM,0.8,MIM,0.1,9.919117647058824,6.0,0,57
sciences,S7,BIM,0.8,MIM,0.2,25.919117647058822,24.5,1,64
sciences,S7,BIM,0.8,MIM,0.3,26.220588235294116,26.5,0,60
sciences,S7,BIM,0.8,MIM,0.4,24.198529411764707,23.0,0,61
sciences,S7,BIM,0.8,MIM,0.5,24.198529411764707,23.0,0,61
sciences,S7,BIM,0.8,MIM,0.6,24.198529411764707,23.0,0,61
sciences,S7,BIM,0.8,MIM,0.7,24.198529411764707,23.0,0,61
sciences,S7,BIM,0.8,MIM,0.8,24.198529411764707,23.0,0,61
sciences,S7,BIM,0.8,MIM,0.9,24.198529411764707,23.0,0,61
sciences,S7,BIM,0.8,MIM,1.0,24.198529411764707,23.0,0,61
sciences,BLU,BIM,0.9,MIM,0.1,11.977941176470589,7.0,0,56
sciences,BLU,BIM,0.9,MIM,0.2,27.904411764705884,25.5,0,64
sciences,BLU,BIM,0.9,MIM,0.3,26.669117647058822,25.0,0,59
sciences,BLU,BIM,0.9,MIM,0.4,25.544117647058822,25.5,0,61
sciences,BLU,BIM,0.9,MIM,0.5,25.544117647058822,25.5,0,61
sciences,BLU,BIM,0.9,MIM,0.6,25.544117647058822,25.5,0,61
sciences,BLU,BIM,0.9,MIM,0.7,25.544117647058822,25.5,0,61
sciences,BLU,BIM,0.9,MIM,0.8,25.544117647058822,25.5,0,61
sciences,BLU,BIM,0.9,MIM,0.9,25.544117647058822,25.5,0,61
sciences,BLU,BIM,0.9,MIM,1.0,25.544117647058822,25.5,0,61
sciences,HTC,BIM,0.9,MIM,0.1,10.463235294117647,6.0,0,61
sciences,HTC,BIM,0.9,MIM,0.2,28.735294117647058,28.5,0,64
sciences,HTC,BIM,0.9,MIM,0.3,24.485294117647058,20.5,0,61
sciences,HTC,BIM,0.9,MIM,0.4,24.985294117647058,23.5,0,61
sciences,HTC,BIM,0.9,MIM,0.5,24.985294117647058,23.5,0,61
sciences,HTC,BIM,0.9,MIM,0.6,24.985294117647058,23.5,0,61
sciences,HTC,BIM,0.9,MIM,0.7,24.985294117647058,23.5,0,61
sciences,HTC,BIM,0.9,MIM,0.8,24.985294117647058,23.5,0,61
sciences,HTC,BIM,0.9,MIM,0.9,24.985294117647058,23.5,0,61
sciences,HTC,BIM,0.9,MIM,1.0,24.985294117647058,23.5,0,61
sciences,LG,BIM,0.9,MIM,0.1,10.654411764705882,5.0,0,63
sciences,LG,BIM,0.9,MIM,0.2,26.764705882352942,23.0,0,59
sciences,LG,BIM,0.9,MIM,0.3,22.102941176470587,16.0,0,60
sciences,LG,BIM,0.9,MIM,0.4,25.360294117647058,26.0,0,62
sciences,LG,BIM,0.9,MIM,0.5,25.360294117647058,26.0,0,62
sciences,LG,BIM,0.9,MIM,0.6,25.360294117647058,26.0,0,62
sciences,LG,BIM,0.9,MIM,0.7,25.360294117647058,26.0,0,62
sciences,LG,BIM,0.9,MIM,0.8,25.360294117647058,26.0,0,62
sciences,LG,BIM,0.9,MIM,0.9,25.360294117647058,26.0,0,62
sciences,LG,BIM,0.9,MIM,1.0,25.360294117647058,26.0,0,62
sciences,MOTO,BIM,0.9,MIM,0.1,6.610294117647059,5.0,0,35
sciences,MOTO,BIM,0.9,MIM,0.2,26.235294117647058,23.0,0,63
sciences,MOTO,BIM,0.9,MIM,0.3,28.970588235294116,29.0,0,63
sciences,MOTO,BIM,0.9,MIM,0.4,22.830882352941178,17.5,0,59
sciences,MOTO,BIM,0.9,MIM,0.5,22.830882352941178,17.5,0,59
sciences,MOTO,BIM,0.9,MIM,0.6,22.830882352941178,17.5,0,59
sciences,MOTO,BIM,0.9,MIM,0.7,22.830882352941178,17.5,0,59
sciences,MOTO,BIM,0.9,MIM,0.8,22.830882352941178,17.5,0,59
sciences,MOTO,BIM,0.9,MIM,0.9,22.830882352941178,17.5,0,59
sciences,MOTO,BIM,0.9,MIM,1.0,22.830882352941178,17.5,0,59
sciences,OP3,BIM,0.9,MIM,0.1,8.235294117647058,6.5,0,49
sciences,OP3,BIM,0.9,MIM,0.2,28.24264705882353,26.0,0,64
sciences,OP3,BIM,0.9,MIM,0.3,28.75735294117647,30.0,0,63
sciences,OP3,BIM,0.9,MIM,0.4,11.0,0.0,0,61
sciences,OP3,BIM,0.9,MIM,0.5,11.0,0.0,0,61
sciences,OP3,BIM,0.9,MIM,0.6,11.0,0.0,0,61
sciences,OP3,BIM,0.9,MIM,0.7,11.0,0.0,0,61
sciences,OP3,BIM,0.9,MIM,0.8,11.0,0.0,0,61
sciences,OP3,BIM,0.9,MIM,0.9,11.0,0.0,0,61
sciences,OP3,BIM,0.9,MIM,1.0,11.0,0.0,0,61
sciences,S7,BIM,0.9,MIM,0.1,9.919117647058824,6.0,0,57
sciences,S7,BIM,0.9,MIM,0.2,25.919117647058822,24.5,1,64
sciences,S7,BIM,0.9,MIM,0.3,26.220588235294116,26.5,0,60
sciences,S7,BIM,0.9,MIM,0.4,24.198529411764707,23.0,0,61
sciences,S7,BIM,0.9,MIM,0.5,24.198529411764707,23.0,0,61
sciences,S7,BIM,0.9,MIM,0.6,24.198529411764707,23.0,0,61
sciences,S7,BIM,0.9,MIM,0.7,24.198529411764707,23.0,0,61
sciences,S7,BIM,0.9,MIM,0.8,24.198529411764707,23.0,0,61
sciences,S7,BIM,0.9,MIM,0.9,24.198529411764707,23.0,0,61
sciences,S7,BIM,0.9,MIM,1.0,24.198529411764707,23.0,0,61
sciences,BLU,BIM,1.0,MIM,0.1,11.977941176470589,7.0,0,56
sciences,BLU,BIM,1.0,MIM,0.2,27.904411764705884,25.5,0,64
sciences,BLU,BIM,1.0,MIM,0.3,26.669117647058822,25.0,0,59
sciences,BLU,BIM,1.0,MIM,0.4,25.544117647058822,25.5,0,61
sciences,BLU,BIM,1.0,MIM,0.5,25.544117647058822,25.5,0,61
sciences,BLU,BIM,1.0,MIM,0.6,25.544117647058822,25.5,0,61
sciences,BLU,BIM,1.0,MIM,0.7,25.544117647058822,25.5,0,61
sciences,BLU,BIM,1.0,MIM,0.8,25.544117647058822,25.5,0,61
sciences,BLU,BIM,1.0,MIM,0.9,25.544117647058822,25.5,0,61
sciences,BLU,BIM,1.0,MIM,1.0,25.544117647058822,25.5,0,61
sciences,HTC,BIM,1.0,MIM,0.1,10.463235294117647,6.0,0,61
sciences,HTC,BIM,1.0,MIM,0.2,28.735294117647058,28.5,0,64
sciences,HTC,BIM,1.0,MIM,0.3,24.485294117647058,20.5,0,61
sciences,HTC,BIM,1.0,MIM,0.4,24.985294117647058,23.5,0,61
sciences,HTC,BIM,1.0,MIM,0.5,24.985294117647058,23.5,0,61
sciences,HTC,BIM,1.0,MIM,0.6,24.985294117647058,23.5,0,61
sciences,HTC,BIM,1.0,MIM,0.7,24.985294117647058,23.5,0,61
sciences,HTC,BIM,1.0,MIM,0.8,24.985294117647058,23.5,0,61
sciences,HTC,BIM,1.0,MIM,0.9,24.985294117647058,23.5,0,61
sciences,HTC,BIM,1.0,MIM,1.0,24.985294117647058,23.5,0,61
sciences,LG,BIM,1.0,MIM,0.1,10.654411764705882,5.0,0,63
sciences,LG,BIM,1.0,MIM,0.2,26.764705882352942,23.0,0,59
sciences,LG,BIM,1.0,MIM,0.3,22.102941176470587,16.0,0,60
sciences,LG,BIM,1.0,MIM,0.4,25.360294117647058,26.0,0,62
sciences,LG,BIM,1.0,MIM,0.5,25.360294117647058,26.0,0,62
sciences,LG,BIM,1.0,MIM,0.6,25.360294117647058,26.0,0,62
sciences,LG,BIM,1.0,MIM,0.7,25.360294117647058,26.0,0,62
sciences,LG,BIM,1.0,MIM,0.8,25.360294117647058,26.0,0,62
sciences,LG,BIM,1.0,MIM,0.9,25.360294117647058,26.0,0,62
sciences,LG,BIM,1.0,MIM,1.0,25.360294117647058,26.0,0,62
sciences,MOTO,BIM,1.0,MIM,0.1,6.610294117647059,5.0,0,35
sciences,MOTO,BIM,1.0,MIM,0.2,26.235294117647058,23.0,0,63
sciences,MOTO,BIM,1.0,MIM,0.3,28.970588235294116,29.0,0,63
sciences,MOTO,BIM,1.0,MIM,0.4,22.830882352941178,17.5,0,59
sciences,MOTO,BIM,1.0,MIM,0.5,22.830882352941178,17.5,0,59
sciences,MOTO,BIM,1.0,MIM,0.6,22.830882352941178,17.5,0,59
sciences,MOTO,BIM,1.0,MIM,0.7,22.830882352941178,17.5,0,59
sciences,MOTO,BIM,1.0,MIM,0.8,22.830882352941178,17.5,0,59
sciences,MOTO,BIM,1.0,MIM,0.9,22.830882352941178,17.5,0,59
sciences,MOTO,BIM,1.0,MIM,1.0,22.830882352941178,17.5,0,59
sciences,OP3,BIM,1.0,MIM,0.1,8.235294117647058,6.5,0,49
sciences,OP3,BIM,1.0,MIM,0.2,28.24264705882353,26.0,0,64
sciences,OP3,BIM,1.0,MIM,0.3,28.75735294117647,30.0,0,63
sciences,OP3,BIM,1.0,MIM,0.4,11.0,0.0,0,61
sciences,OP3,BIM,1.0,MIM,0.5,11.0,0.0,0,61
sciences,OP3,BIM,1.0,MIM,0.6,11.0,0.0,0,61
sciences,OP3,BIM,1.0,MIM,0.7,11.0,0.0,0,61
sciences,OP3,BIM,1.0,MIM,0.8,11.0,0.0,0,61
sciences,OP3,BIM,1.0,MIM,0.9,11.0,0.0,0,61
sciences,OP3,BIM,1.0,MIM,1.0,11.0,0.0,0,61
sciences,S7,BIM,1.0,MIM,0.1,9.919117647058824,6.0,0,57
sciences,S7,BIM,1.0,MIM,0.2,25.919117647058822,24.5,1,64
sciences,S7,BIM,1.0,MIM,0.3,26.220588235294116,26.5,0,60
sciences,S7,BIM,1.0,MIM,0.4,24.198529411764707,23.0,0,61
sciences,S7,BIM,1.0,MIM,0.5,24.198529411764707,23.0,0,61
sciences,S7,BIM,1.0,MIM,0.6,24.198529411764707,23.0,0,61
sciences,S7,BIM,1.0,MIM,0.7,24.198529411764707,23.0,0,61
sciences,S7,BIM,1.0,MIM,0.8,24.198529411764707,23.0,0,61
sciences,S7,BIM,1.0,MIM,0.9,24.198529411764707,23.0,0,61
sciences,S7,BIM,1.0,MIM,1.0,24.198529411764707,23.0,0,61
sciences,BLU,FGSM,0.1,BIM,0.1,21.404411764705884,9.0,0,66
sciences,BLU,FGSM,0.1,BIM,0.2,32.49264705882353,32.5,0,66
sciences,BLU,FGSM,0.1,BIM,0.3,32.529411764705884,32.5,0,66
sciences,BLU,FGSM,0.1,BIM,0.4,32.529411764705884,32.5,0,66
sciences,BLU,FGSM,0.1,BIM,0.5,32.529411764705884,32.5,0,66
sciences,BLU,FGSM,0.1,BIM,0.6,32.529411764705884,32.5,0,66
sciences,BLU,FGSM,0.1,BIM,0.7,32.529411764705884,32.5,0,66
sciences,BLU,FGSM,0.1,BIM,0.8,32.529411764705884,32.5,0,66
sciences,BLU,FGSM,0.1,BIM,0.9,32.529411764705884,32.5,0,66
sciences,BLU,FGSM,0.1,BIM,1.0,32.529411764705884,32.5,0,66
sciences,HTC,FGSM,0.1,BIM,0.1,8.911764705882353,6.5,0,33
sciences,HTC,FGSM,0.1,BIM,0.2,18.63235294117647,11.0,0,52
sciences,HTC,FGSM,0.1,BIM,0.3,16.352941176470587,14.0,0,49
sciences,HTC,FGSM,0.1,BIM,0.4,17.272058823529413,17.0,0,38
sciences,HTC,FGSM,0.1,BIM,0.5,17.272058823529413,17.0,0,38
sciences,HTC,FGSM,0.1,BIM,0.6,17.272058823529413,17.0,0,38
sciences,HTC,FGSM,0.1,BIM,0.7,17.272058823529413,17.0,0,38
sciences,HTC,FGSM,0.1,BIM,0.8,17.272058823529413,17.0,0,38
sciences,HTC,FGSM,0.1,BIM,0.9,17.272058823529413,17.0,0,38
sciences,HTC,FGSM,0.1,BIM,1.0,17.272058823529413,17.0,0,38
sciences,LG,FGSM,0.1,BIM,0.1,12.419117647058824,9.5,0,37
sciences,LG,FGSM,0.1,BIM,0.2,20.779411764705884,18.0,0,52
sciences,LG,FGSM,0.1,BIM,0.3,17.845588235294116,15.5,0,52
sciences,LG,FGSM,0.1,BIM,0.4,18.345588235294116,17.0,0,49
sciences,LG,FGSM,0.1,BIM,0.5,18.345588235294116,17.0,0,49
sciences,LG,FGSM,0.1,BIM,0.6,18.345588235294116,17.0,0,49
sciences,LG,FGSM,0.1,BIM,0.7,18.345588235294116,17.0,0,49
sciences,LG,FGSM,0.1,BIM,0.8,18.345588235294116,17.0,0,49
sciences,LG,FGSM,0.1,BIM,0.9,18.345588235294116,17.0,0,49
sciences,LG,FGSM,0.1,BIM,1.0,18.345588235294116,17.0,0,49
sciences,MOTO,FGSM,0.1,BIM,0.1,6.1911764705882355,4.0,0,36
sciences,MOTO,FGSM,0.1,BIM,0.2,13.522058823529411,9.0,0,44
sciences,MOTO,FGSM,0.1,BIM,0.3,18.764705882352942,14.0,0,52
sciences,MOTO,FGSM,0.1,BIM,0.4,17.705882352941178,16.0,0,52
sciences,MOTO,FGSM,0.1,BIM,0.5,17.705882352941178,16.0,0,52
sciences,MOTO,FGSM,0.1,BIM,0.6,17.705882352941178,16.0,0,52
sciences,MOTO,FGSM,0.1,BIM,0.7,17.705882352941178,16.0,0,52
sciences,MOTO,FGSM,0.1,BIM,0.8,17.705882352941178,16.0,0,52
sciences,MOTO,FGSM,0.1,BIM,0.9,17.705882352941178,16.0,0,52
sciences,MOTO,FGSM,0.1,BIM,1.0,17.705882352941178,16.0,0,52
sciences,OP3,FGSM,0.1,BIM,0.1,16.50735294117647,5.0,0,66
sciences,OP3,FGSM,0.1,BIM,0.2,31.926470588235293,31.5,0,66
sciences,OP3,FGSM,0.1,BIM,0.3,32.529411764705884,32.5,0,66
sciences,OP3,FGSM,0.1,BIM,0.4,32.529411764705884,32.5,0,66
sciences,OP3,FGSM,0.1,BIM,0.5,32.529411764705884,32.5,0,66
sciences,OP3,FGSM,0.1,BIM,0.6,32.529411764705884,32.5,0,66
sciences,OP3,FGSM,0.1,BIM,0.7,32.529411764705884,32.5,0,66
sciences,OP3,FGSM,0.1,BIM,0.8,32.529411764705884,32.5,0,66
sciences,OP3,FGSM,0.1,BIM,0.9,32.529411764705884,32.5,0,66
sciences,OP3,FGSM,0.1,BIM,1.0,32.529411764705884,32.5,0,66
sciences,S7,FGSM,0.1,BIM,0.1,7.764705882352941,5.0,0,34
sciences,S7,FGSM,0.1,BIM,0.2,16.477941176470587,13.0,0,46
sciences,S7,FGSM,0.1,BIM,0.3,16.316176470588236,14.5,0,49
sciences,S7,FGSM,0.1,BIM,0.4,17.044117647058822,15.5,0,49
sciences,S7,FGSM,0.1,BIM,0.5,17.044117647058822,15.5,0,49
sciences,S7,FGSM,0.1,BIM,0.6,17.044117647058822,15.5,0,49
sciences,S7,FGSM,0.1,BIM,0.7,17.044117647058822,15.5,0,49
sciences,S7,FGSM,0.1,BIM,0.8,17.044117647058822,15.5,0,49
sciences,S7,FGSM,0.1,BIM,0.9,17.044117647058822,15.5,0,49
sciences,S7,FGSM,0.1,BIM,1.0,17.044117647058822,15.5,0,49
sciences,BLU,FGSM,0.2,BIM,0.1,10.294117647058824,6.0,0,66
sciences,BLU,FGSM,0.2,BIM,0.2,29.669117647058822,22.5,0,66
sciences,BLU,FGSM,0.2,BIM,0.3,32.529411764705884,32.5,0,66
sciences,BLU,FGSM,0.2,BIM,0.4,32.529411764705884,32.5,0,66
sciences,BLU,FGSM,0.2,BIM,0.5,32.529411764705884,32.5,0,66
sciences,BLU,FGSM,0.2,BIM,0.6,32.529411764705884,32.5,0,66
sciences,BLU,FGSM,0.2,BIM,0.7,32.529411764705884,32.5,0,66
sciences,BLU,FGSM,0.2,BIM,0.8,32.529411764705884,32.5,0,66
sciences,BLU,FGSM,0.2,BIM,0.9,32.529411764705884,32.5,0,66
sciences,BLU,FGSM,0.2,BIM,1.0,32.529411764705884,32.5,0,66
sciences,HTC,FGSM,0.2,BIM,0.1,3.7205882352941178,2.0,0,54
sciences,HTC,FGSM,0.2,BIM,0.2,5.4338235294117645,4.0,0,43
sciences,HTC,FGSM,0.2,BIM,0.3,11.838235294117647,7.0,0,52
sciences,HTC,FGSM,0.2,BIM,0.4,17.727941176470587,12.0,0,58
sciences,HTC,FGSM,0.2,BIM,0.5,17.727941176470587,12.0,0,58
sciences,HTC,FGSM,0.2,BIM,0.6,17.727941176470587,12.0,0,58
sciences,HTC,FGSM,0.2,BIM,0.7,17.727941176470587,12.0,0,58
sciences,HTC,FGSM,0.2,BIM,0.8,17.727941176470587,12.0,0,58
sciences,HTC,FGSM,0.2,BIM,0.9,17.727941176470587,12.0,0,58
sciences,HTC,FGSM,0.2,BIM,1.0,17.727941176470587,12.0,0,58
sciences,LG,FGSM,0.2,BIM,0.1,3.5220588235294117,2.0,0,53
sciences,LG,FGSM,0.2,BIM,0.2,5.6911764705882355,4.0,0,59
sciences,LG,FGSM,0.2,BIM,0.3,13.514705882352942,10.0,0,51
sciences,LG,FGSM,0.2,BIM,0.4,19.477941176470587,17.5,0,58
sciences,LG,FGSM,0.2,BIM,0.5,19.477941176470587,17.5,0,58
sciences,LG,FGSM,0.2,BIM,0.6,19.477941176470587,17.5,0,58
sciences,LG,FGSM,0.2,BIM,0.7,19.477941176470587,17.5,0,58
sciences,LG,FGSM,0.2,BIM,0.8,19.477941176470587,17.5,0,58
sciences,LG,FGSM,0.2,BIM,0.9,19.477941176470587,17.5,0,58
sciences,LG,FGSM,0.2,BIM,1.0,19.477941176470587,17.5,0,58
sciences,MOTO,FGSM,0.2,BIM,0.1,4.9338235294117645,4.0,0,62
sciences,MOTO,FGSM,0.2,BIM,0.2,3.036764705882353,2.0,0,52
sciences,MOTO,FGSM,0.2,BIM,0.3,6.257352941176471,5.0,0,38
sciences,MOTO,FGSM,0.2,BIM,0.4,14.352941176470589,10.5,0,58
sciences,MOTO,FGSM,0.2,BIM,0.5,14.352941176470589,10.5,0,58
sciences,MOTO,FGSM,0.2,BIM,0.6,14.352941176470589,10.5,0,58
sciences,MOTO,FGSM,0.2,BIM,0.7,14.352941176470589,10.5,0,58
sciences,MOTO,FGSM,0.2,BIM,0.8,14.352941176470589,10.5,0,58
sciences,MOTO,FGSM,0.2,BIM,0.9,14.352941176470589,10.5,0,58
sciences,MOTO,FGSM,0.2,BIM,1.0,14.352941176470589,10.5,0,58
sciences,OP3,FGSM,0.2,BIM,0.1,9.0,6.0,0,66
sciences,OP3,FGSM,0.2,BIM,0.2,31.735294117647058,31.0,0,66
sciences,OP3,FGSM,0.2,BIM,0.3,32.529411764705884,32.5,0,66
sciences,OP3,FGSM,0.2,BIM,0.4,32.529411764705884,32.5,0,66
sciences,OP3,FGSM,0.2,BIM,0.5,32.529411764705884,32.5,0,66
sciences,OP3,FGSM,0.2,BIM,0.6,32.529411764705884,32.5,0,66
sciences,OP3,FGSM,0.2,BIM,0.7,32.529411764705884,32.5,0,66
sciences,OP3,FGSM,0.2,BIM,0.8,32.529411764705884,32.5,0,66
sciences,OP3,FGSM,0.2,BIM,0.9,32.529411764705884,32.5,0,66
sciences,OP3,FGSM,0.2,BIM,1.0,32.529411764705884,32.5,0,66
sciences,S7,FGSM,0.2,BIM,0.1,5.1911764705882355,4.0,0,47
sciences,S7,FGSM,0.2,BIM,0.2,2.926470588235294,2.0,0,20
sciences,S7,FGSM,0.2,BIM,0.3,9.117647058823529,6.0,0,52
sciences,S7,FGSM,0.2,BIM,0.4,18.110294117647058,13.0,0,56
sciences,S7,FGSM,0.2,BIM,0.5,18.110294117647058,13.0,0,56
sciences,S7,FGSM,0.2,BIM,0.6,18.110294117647058,13.0,0,56
sciences,S7,FGSM,0.2,BIM,0.7,18.110294117647058,13.0,0,56
sciences,S7,FGSM,0.2,BIM,0.8,18.110294117647058,13.0,0,56
sciences,S7,FGSM,0.2,BIM,0.9,18.110294117647058,13.0,0,56
sciences,S7,FGSM,0.2,BIM,1.0,18.110294117647058,13.0,0,56
sciences,BLU,FGSM,0.3,BIM,0.1,15.191176470588236,7.0,0,66
sciences,BLU,FGSM,0.3,BIM,0.2,31.551470588235293,32.5,0,66
sciences,BLU,FGSM,0.3,BIM,0.3,32.529411764705884,32.5,0,66
sciences,BLU,FGSM,0.3,BIM,0.4,32.529411764705884,32.5,0,66
sciences,BLU,FGSM,0.3,BIM,0.5,32.529411764705884,32.5,0,66
sciences,BLU,FGSM,0.3,BIM,0.6,32.529411764705884,32.5,0,66
sciences,BLU,FGSM,0.3,BIM,0.7,32.529411764705884,32.5,0,66
sciences,BLU,FGSM,0.3,BIM,0.8,32.529411764705884,32.5,0,66
sciences,BLU,FGSM,0.3,BIM,0.9,32.529411764705884,32.5,0,66
sciences,BLU,FGSM,0.3,BIM,1.0,32.529411764705884,32.5,0,66
sciences,HTC,FGSM,0.3,BIM,0.1,13.845588235294118,11.0,0,44
sciences,HTC,FGSM,0.3,BIM,0.2,6.25,4.0,0,22
sciences,HTC,FGSM,0.3,BIM,0.3,5.125,4.0,0,39
sciences,HTC,FGSM,0.3,BIM,0.4,11.544117647058824,9.0,0,49
sciences,HTC,FGSM,0.3,BIM,0.5,11.544117647058824,9.0,0,49
sciences,HTC,FGSM,0.3,BIM,0.6,11.544117647058824,9.0,0,49
sciences,HTC,FGSM,0.3,BIM,0.7,11.544117647058824,9.0,0,49
sciences,HTC,FGSM,0.3,BIM,0.8,11.544117647058824,9.0,0,49
sciences,HTC,FGSM,0.3,BIM,0.9,11.544117647058824,9.0,0,49
sciences,HTC,FGSM,0.3,BIM,1.0,11.544117647058824,9.0,0,49
sciences,LG,FGSM,0.3,BIM,0.1,14.169117647058824,13.0,0,52
sciences,LG,FGSM,0.3,BIM,0.2,5.860294117647059,2.0,0,57
sciences,LG,FGSM,0.3,BIM,0.3,7.044117647058823,5.0,0,59
sciences,LG,FGSM,0.3,BIM,0.4,7.294117647058823,6.0,0,30
sciences,LG,FGSM,0.3,BIM,0.5,7.294117647058823,6.0,0,30
sciences,LG,FGSM,0.3,BIM,0.6,7.294117647058823,6.0,0,30
sciences,LG,FGSM,0.3,BIM,0.7,7.294117647058823,6.0,0,30
sciences,LG,FGSM,0.3,BIM,0.8,7.294117647058823,6.0,0,30
sciences,LG,FGSM,0.3,BIM,0.9,7.294117647058823,6.0,0,30
sciences,LG,FGSM,0.3,BIM,1.0,7.294117647058823,6.0,0,30
sciences,MOTO,FGSM,0.3,BIM,0.1,10.448529411764707,7.5,0,51
sciences,MOTO,FGSM,0.3,BIM,0.2,12.5,11.5,0,32
sciences,MOTO,FGSM,0.3,BIM,0.3,3.139705882352941,2.0,0,20
sciences,MOTO,FGSM,0.3,BIM,0.4,7.029411764705882,5.0,0,57
sciences,MOTO,FGSM,0.3,BIM,0.5,7.029411764705882,5.0,0,57
sciences,MOTO,FGSM,0.3,BIM,0.6,7.029411764705882,5.0,0,57
sciences,MOTO,FGSM,0.3,BIM,0.7,7.029411764705882,5.0,0,57
sciences,MOTO,FGSM,0.3,BIM,0.8,7.029411764705882,5.0,0,57
sciences,MOTO,FGSM,0.3,BIM,0.9,7.029411764705882,5.0,0,57
sciences,MOTO,FGSM,0.3,BIM,1.0,7.029411764705882,5.0,0,57
sciences,OP3,FGSM,0.3,BIM,0.1,13.794117647058824,8.5,0,66
sciences,OP3,FGSM,0.3,BIM,0.2,32.338235294117645,31.5,0,66
sciences,OP3,FGSM,0.3,BIM,0.3,32.529411764705884,32.5,0,66
sciences,OP3,FGSM,0.3,BIM,0.4,32.529411764705884,32.5,0,66
sciences,OP3,FGSM,0.3,BIM,0.5,32.529411764705884,32.5,0,66
sciences,OP3,FGSM,0.3,BIM,0.6,32.529411764705884,32.5,0,66
sciences,OP3,FGSM,0.3,BIM,0.7,32.529411764705884,32.5,0,66
sciences,OP3,FGSM,0.3,BIM,0.8,32.529411764705884,32.5,0,66
sciences,OP3,FGSM,0.3,BIM,0.9,32.529411764705884,32.5,0,66
sciences,OP3,FGSM,0.3,BIM,1.0,32.529411764705884,32.5,0,66
sciences,S7,FGSM,0.3,BIM,0.1,11.264705882352942,10.0,1,50
sciences,S7,FGSM,0.3,BIM,0.2,8.992647058823529,8.0,0,26
sciences,S7,FGSM,0.3,BIM,0.3,3.1911764705882355,2.0,0,30
sciences,S7,FGSM,0.3,BIM,0.4,9.514705882352942,7.0,0,44
sciences,S7,FGSM,0.3,BIM,0.5,9.514705882352942,7.0,0,44
sciences,S7,FGSM,0.3,BIM,0.6,9.514705882352942,7.0,0,44
sciences,S7,FGSM,0.3,BIM,0.7,9.514705882352942,7.0,0,44
sciences,S7,FGSM,0.3,BIM,0.8,9.514705882352942,7.0,0,44
sciences,S7,FGSM,0.3,BIM,0.9,9.514705882352942,7.0,0,44
sciences,S7,FGSM,0.3,BIM,1.0,9.514705882352942,7.0,0,44
sciences,BLU,FGSM,0.4,BIM,0.1,8.610294117647058,6.0,0,65
sciences,BLU,FGSM,0.4,BIM,0.2,30.904411764705884,28.5,0,66
sciences,BLU,FGSM,0.4,BIM,0.3,32.529411764705884,32.5,0,66
sciences,BLU,FGSM,0.4,BIM,0.4,32.529411764705884,32.5,0,66
sciences,BLU,FGSM,0.4,BIM,0.5,32.529411764705884,32.5,0,66
sciences,BLU,FGSM,0.4,BIM,0.6,32.529411764705884,32.5,0,66
sciences,BLU,FGSM,0.4,BIM,0.7,32.529411764705884,32.5,0,66
sciences,BLU,FGSM,0.4,BIM,0.8,32.529411764705884,32.5,0,66
sciences,BLU,FGSM,0.4,BIM,0.9,32.529411764705884,32.5,0,66
sciences,BLU,FGSM,0.4,BIM,1.0,32.529411764705884,32.5,0,66
sciences,HTC,FGSM,0.4,BIM,0.1,11.647058823529411,10.0,0,56
sciences,HTC,FGSM,0.4,BIM,0.2,18.801470588235293,16.5,0,64
sciences,HTC,FGSM,0.4,BIM,0.3,7.669117647058823,3.0,0,61
sciences,HTC,FGSM,0.4,BIM,0.4,4.911764705882353,3.0,0,36
sciences,HTC,FGSM,0.4,BIM,0.5,4.911764705882353,3.0,0,36
sciences,HTC,FGSM,0.4,BIM,0.6,4.911764705882353,3.0,0,36
sciences,HTC,FGSM,0.4,BIM,0.7,4.911764705882353,3.0,0,36
sciences,HTC,FGSM,0.4,BIM,0.8,4.911764705882353,3.0,0,36
sciences,HTC,FGSM,0.4,BIM,0.9,4.911764705882353,3.0,0,36
sciences,HTC,FGSM,0.4,BIM,1.0,4.911764705882353,3.0,0,36
sciences,LG,FGSM,0.4,BIM,0.1,13.919117647058824,11.0,0,60
sciences,LG,FGSM,0.4,BIM,0.2,15.514705882352942,13.5,0,65
sciences,LG,FGSM,0.4,BIM,0.3,3.4705882352941178,2.0,0,57
sciences,LG,FGSM,0.4,BIM,0.4,5.367647058823529,4.0,0,59
sciences,LG,FGSM,0.4,BIM,0.5,5.367647058823529,4.0,0,59
sciences,LG,FGSM,0.4,BIM,0.6,5.367647058823529,4.0,0,59
sciences,LG,FGSM,0.4,BIM,0.7,5.367647058823529,4.0,0,59
sciences,LG,FGSM,0.4,BIM,0.8,5.367647058823529,4.0,0,59
sciences,LG,FGSM,0.4,BIM,0.9,5.367647058823529,4.0,0,59
sciences,LG,FGSM,0.4,BIM,1.0,5.367647058823529,4.0,0,59
sciences,MOTO,FGSM,0.4,BIM,0.1,6.257352941176471,5.0,0,20
sciences,MOTO,FGSM,0.4,BIM,0.2,16.551470588235293,14.0,0,42
sciences,MOTO,FGSM,0.4,BIM,0.3,17.955882352941178,13.0,0,65
sciences,MOTO,FGSM,0.4,BIM,0.4,4.257352941176471,2.0,0,62
sciences,MOTO,FGSM,0.4,BIM,0.5,4.257352941176471,2.0,0,62
sciences,MOTO,FGSM,0.4,BIM,0.6,4.257352941176471,2.0,0,62
sciences,MOTO,FGSM,0.4,BIM,0.7,4.257352941176471,2.0,0,62
sciences,MOTO,FGSM,0.4,BIM,0.8,4.257352941176471,2.0,0,62
sciences,MOTO,FGSM,0.4,BIM,0.9,4.257352941176471,2.0,0,62
sciences,MOTO,FGSM,0.4,BIM,1.0,4.257352941176471,2.0,0,62
sciences,OP3,FGSM,0.4,BIM,0.1,7.367647058823529,6.0,0,48
sciences,OP3,FGSM,0.4,BIM,0.2,28.470588235294116,24.5,0,66
sciences,OP3,FGSM,0.4,BIM,0.3,32.529411764705884,32.5,0,66
sciences,OP3,FGSM,0.4,BIM,0.4,32.529411764705884,32.5,0,66
sciences,OP3,FGSM,0.4,BIM,0.5,32.529411764705884,32.5,0,66
sciences,OP3,FGSM,0.4,BIM,0.6,32.529411764705884,32.5,0,66
sciences,OP3,FGSM,0.4,BIM,0.7,32.529411764705884,32.5,0,66
sciences,OP3,FGSM,0.4,BIM,0.8,32.529411764705884,32.5,0,66
sciences,OP3,FGSM,0.4,BIM,0.9,32.529411764705884,32.5,0,66
sciences,OP3,FGSM,0.4,BIM,1.0,32.529411764705884,32.5,0,66
sciences,S7,FGSM,0.4,BIM,0.1,8.683823529411764,8.0,0,54
sciences,S7,FGSM,0.4,BIM,0.2,16.389705882352942,14.0,1,64
sciences,S7,FGSM,0.4,BIM,0.3,9.801470588235293,7.0,0,59
sciences,S7,FGSM,0.4,BIM,0.4,2.4044117647058822,1.0,0,19
sciences,S7,FGSM,0.4,BIM,0.5,2.4044117647058822,1.0,0,19
sciences,S7,FGSM,0.4,BIM,0.6,2.4044117647058822,1.0,0,19
sciences,S7,FGSM,0.4,BIM,0.7,2.4044117647058822,1.0,0,19
sciences,S7,FGSM,0.4,BIM,0.8,2.4044117647058822,1.0,0,19
sciences,S7,FGSM,0.4,BIM,0.9,2.4044117647058822,1.0,0,19
sciences,S7,FGSM,0.4,BIM,1.0,2.4044117647058822,1.0,0,19
sciences,BLU,FGSM,0.5,BIM,0.1,9.338235294117647,7.0,0,67
sciences,BLU,FGSM,0.5,BIM,0.2,20.514705882352942,16.5,0,67
sciences,BLU,FGSM,0.5,BIM,0.3,31.441176470588236,27.0,0,67
sciences,BLU,FGSM,0.5,BIM,0.4,33.5,33.5,0,67
sciences,BLU,FGSM,0.5,BIM,0.5,33.5,33.5,0,67
sciences,BLU,FGSM,0.5,BIM,0.6,33.5,33.5,0,67
sciences,BLU,FGSM,0.5,BIM,0.7,33.5,33.5,0,67
sciences,BLU,FGSM,0.5,BIM,0.8,33.5,33.5,0,67
sciences,BLU,FGSM,0.5,BIM,0.9,33.5,33.5,0,67
sciences,BLU,FGSM,0.5,BIM,1.0,33.5,33.5,0,67
sciences,HTC,FGSM,0.5,BIM,0.1,11.75,8.0,0,41
sciences,HTC,FGSM,0.5,BIM,0.2,19.419117647058822,17.0,0,63
sciences,HTC,FGSM,0.5,BIM,0.3,15.441176470588236,11.0,0,64
sciences,HTC,FGSM,0.5,BIM,0.4,4.602941176470588,3.0,0,49
sciences,HTC,FGSM,0.5,BIM,0.5,4.602941176470588,3.0,0,49
sciences,HTC,FGSM,0.5,BIM,0.6,4.602941176470588,3.0,0,49
sciences,HTC,FGSM,0.5,BIM,0.7,4.602941176470588,3.0,0,49
sciences,HTC,FGSM,0.5,BIM,0.8,4.602941176470588,3.0,0,49
sciences,HTC,FGSM,0.5,BIM,0.9,4.602941176470588,3.0,0,49
sciences,HTC,FGSM,0.5,BIM,1.0,4.602941176470588,3.0,0,49
sciences,LG,FGSM,0.5,BIM,0.1,14.264705882352942,10.0,0,41
sciences,LG,FGSM,0.5,BIM,0.2,17.985294117647058,16.5,0,62
sciences,LG,FGSM,0.5,BIM,0.3,11.198529411764707,10.0,0,31
sciences,LG,FGSM,0.5,BIM,0.4,2.5294117647058822,2.0,0,9
sciences,LG,FGSM,0.5,BIM,0.5,2.5294117647058822,2.0,0,9
sciences,LG,FGSM,0.5,BIM,0.6,2.5294117647058822,2.0,0,9
sciences,LG,FGSM,0.5,BIM,0.7,2.5294117647058822,2.0,0,9
sciences,LG,FGSM,0.5,BIM,0.8,2.5294117647058822,2.0,0,9
sciences,LG,FGSM,0.5,BIM,0.9,2.5294117647058822,2.0,0,9
sciences,LG,FGSM,0.5,BIM,1.0,2.5294117647058822,2.0,0,9
sciences,MOTO,FGSM,0.5,BIM,0.1,5.125,5.0,0,19
sciences,MOTO,FGSM,0.5,BIM,0.2,18.272058823529413,16.0,0,47
sciences,MOTO,FGSM,0.5,BIM,0.3,20.169117647058822,16.5,0,64
sciences,MOTO,FGSM,0.5,BIM,0.4,14.257352941176471,11.5,0,63
sciences,MOTO,FGSM,0.5,BIM,0.5,14.257352941176471,11.5,0,63
sciences,MOTO,FGSM,0.5,BIM,0.6,14.257352941176471,11.5,0,63
sciences,MOTO,FGSM,0.5,BIM,0.7,14.257352941176471,11.5,0,63
sciences,MOTO,FGSM,0.5,BIM,0.8,14.257352941176471,11.5,0,63
sciences,MOTO,FGSM,0.5,BIM,0.9,14.257352941176471,11.5,0,63
sciences,MOTO,FGSM,0.5,BIM,1.0,14.257352941176471,11.5,0,63
sciences,OP3,FGSM,0.5,BIM,0.1,8.352941176470589,7.0,0,57
sciences,OP3,FGSM,0.5,BIM,0.2,23.5,21.0,0,67
sciences,OP3,FGSM,0.5,BIM,0.3,33.470588235294116,33.0,0,67
sciences,OP3,FGSM,0.5,BIM,0.4,33.5,33.5,0,67
sciences,OP3,FGSM,0.5,BIM,0.5,33.5,33.5,0,67
sciences,OP3,FGSM,0.5,BIM,0.6,33.5,33.5,0,67
sciences,OP3,FGSM,0.5,BIM,0.7,33.5,33.5,0,67
sciences,OP3,FGSM,0.5,BIM,0.8,33.5,33.5,0,67
sciences,OP3,FGSM,0.5,BIM,0.9,33.5,33.5,0,67
sciences,OP3,FGSM,0.5,BIM,1.0,33.5,33.5,0,67
sciences,S7,FGSM,0.5,BIM,0.1,11.823529411764707,9.0,0,53
sciences,S7,FGSM,0.5,BIM,0.2,18.5,16.0,0,48
sciences,S7,FGSM,0.5,BIM,0.3,16.477941176470587,13.0,0,64
sciences,S7,FGSM,0.5,BIM,0.4,7.705882352941177,6.0,0,45
sciences,S7,FGSM,0.5,BIM,0.5,7.705882352941177,6.0,0,45
sciences,S7,FGSM,0.5,BIM,0.6,7.705882352941177,6.0,0,45
sciences,S7,FGSM,0.5,BIM,0.7,7.705882352941177,6.0,0,45
sciences,S7,FGSM,0.5,BIM,0.8,7.705882352941177,6.0,0,45
sciences,S7,FGSM,0.5,BIM,0.9,7.705882352941177,6.0,0,45
sciences,S7,FGSM,0.5,BIM,1.0,7.705882352941177,6.0,0,45
sciences,BLU,FGSM,0.6,BIM,0.1,8.955882352941176,7.0,0,67
sciences,BLU,FGSM,0.6,BIM,0.2,21.21323529411765,16.0,0,67
sciences,BLU,FGSM,0.6,BIM,0.3,31.529411764705884,27.0,0,67
sciences,BLU,FGSM,0.6,BIM,0.4,33.5,33.5,0,67
sciences,BLU,FGSM,0.6,BIM,0.5,33.5,33.5,0,67
sciences,BLU,FGSM,0.6,BIM,0.6,33.5,33.5,0,67
sciences,BLU,FGSM,0.6,BIM,0.7,33.5,33.5,0,67
sciences,BLU,FGSM,0.6,BIM,0.8,33.5,33.5,0,67
sciences,BLU,FGSM,0.6,BIM,0.9,33.5,33.5,0,67
sciences,BLU,FGSM,0.6,BIM,1.0,33.5,33.5,0,67
sciences,HTC,FGSM,0.6,BIM,0.1,12.492647058823529,9.0,0,48
sciences,HTC,FGSM,0.6,BIM,0.2,18.99264705882353,17.0,0,52
sciences,HTC,FGSM,0.6,BIM,0.3,19.36764705882353,17.0,0,64
sciences,HTC,FGSM,0.6,BIM,0.4,15.566176470588236,11.0,0,64
sciences,HTC,FGSM,0.6,BIM,0.5,15.566176470588236,11.0,0,64
sciences,HTC,FGSM,0.6,BIM,0.6,15.566176470588236,11.0,0,64
sciences,HTC,FGSM,0.6,BIM,0.7,15.566176470588236,11.0,0,64
sciences,HTC,FGSM,0.6,BIM,0.8,15.566176470588236,11.0,0,64
sciences,HTC,FGSM,0.6,BIM,0.9,15.566176470588236,11.0,0,64
sciences,HTC,FGSM,0.6,BIM,1.0,15.566176470588236,11.0,0,64
sciences,LG,FGSM,0.6,BIM,0.1,14.845588235294118,12.0,0,41
sciences,LG,FGSM,0.6,BIM,0.2,18.183823529411764,16.5,0,45
sciences,LG,FGSM,0.6,BIM,0.3,18.948529411764707,17.0,0,62
sciences,LG,FGSM,0.6,BIM,0.4,12.544117647058824,11.0,0,35
sciences,LG,FGSM,0.6,BIM,0.5,12.544117647058824,11.0,0,35
sciences,LG,FGSM,0.6,BIM,0.6,12.544117647058824,11.0,0,35
sciences,LG,FGSM,0.6,BIM,0.7,12.544117647058824,11.0,0,35
sciences,LG,FGSM,0.6,BIM,0.8,12.544117647058824,11.0,0,35
sciences,LG,FGSM,0.6,BIM,0.9,12.544117647058824,11.0,0,35
sciences,LG,FGSM,0.6,BIM,1.0,12.544117647058824,11.0,0,35
sciences,MOTO,FGSM,0.6,BIM,0.1,5.0661764705882355,4.0,0,16
sciences,MOTO,FGSM,0.6,BIM,0.2,18.46323529411765,17.0,0,44
sciences,MOTO,FGSM,0.6,BIM,0.3,18.941176470588236,17.0,0,45
sciences,MOTO,FGSM,0.6,BIM,0.4,19.919117647058822,16.5,0,64
sciences,MOTO,FGSM,0.6,BIM,0.5,19.919117647058822,16.5,0,64
sciences,MOTO,FGSM,0.6,BIM,0.6,19.919117647058822,16.5,0,64
sciences,MOTO,FGSM,0.6,BIM,0.7,19.919117647058822,16.5,0,64
sciences,MOTO,FGSM,0.6,BIM,0.8,19.919117647058822,16.5,0,64
sciences,MOTO,FGSM,0.6,BIM,0.9,19.919117647058822,16.5,0,64
sciences,MOTO,FGSM,0.6,BIM,1.0,19.919117647058822,16.5,0,64
sciences,OP3,FGSM,0.6,BIM,0.1,7.977941176470588,7.0,0,57
sciences,OP3,FGSM,0.6,BIM,0.2,24.176470588235293,21.0,0,67
sciences,OP3,FGSM,0.6,BIM,0.3,33.5,33.5,0,67
sciences,OP3,FGSM,0.6,BIM,0.4,33.5,33.5,0,67
sciences,OP3,FGSM,0.6,BIM,0.5,33.5,33.5,0,67
sciences,OP3,FGSM,0.6,BIM,0.6,33.5,33.5,0,67
sciences,OP3,FGSM,0.6,BIM,0.7,33.5,33.5,0,67
sciences,OP3,FGSM,0.6,BIM,0.8,33.5,33.5,0,67
sciences,OP3,FGSM,0.6,BIM,0.9,33.5,33.5,0,67
sciences,OP3,FGSM,0.6,BIM,1.0,33.5,33.5,0,67
sciences,S7,FGSM,0.6,BIM,0.1,11.897058823529411,9.0,0,52
sciences,S7,FGSM,0.6,BIM,0.2,18.816176470588236,17.0,0,45
sciences,S7,FGSM,0.6,BIM,0.3,19.154411764705884,17.0,0,53
sciences,S7,FGSM,0.6,BIM,0.4,17.38235294117647,14.0,0,64
sciences,S7,FGSM,0.6,BIM,0.5,17.38235294117647,14.0,0,64
sciences,S7,FGSM,0.6,BIM,0.6,17.38235294117647,14.0,0,64
sciences,S7,FGSM,0.6,BIM,0.7,17.38235294117647,14.0,0,64
sciences,S7,FGSM,0.6,BIM,0.8,17.38235294117647,14.0,0,64
sciences,S7,FGSM,0.6,BIM,0.9,17.38235294117647,14.0,0,64
sciences,S7,FGSM,0.6,BIM,1.0,17.38235294117647,14.0,0,64
sciences,BLU,FGSM,0.7,BIM,0.1,8.955882352941176,7.0,0,67
sciences,BLU,FGSM,0.7,BIM,0.2,21.21323529411765,16.0,0,67
sciences,BLU,FGSM,0.7,BIM,0.3,31.529411764705884,27.0,0,67
sciences,BLU,FGSM,0.7,BIM,0.4,33.5,33.5,0,67
sciences,BLU,FGSM,0.7,BIM,0.5,33.5,33.5,0,67
sciences,BLU,FGSM,0.7,BIM,0.6,33.5,33.5,0,67
sciences,BLU,FGSM,0.7,BIM,0.7,33.5,33.5,0,67
sciences,BLU,FGSM,0.7,BIM,0.8,33.5,33.5,0,67
sciences,BLU,FGSM,0.7,BIM,0.9,33.5,33.5,0,67
sciences,BLU,FGSM,0.7,BIM,1.0,33.5,33.5,0,67
sciences,HTC,FGSM,0.7,BIM,0.1,12.492647058823529,9.0,0,48
sciences,HTC,FGSM,0.7,BIM,0.2,18.99264705882353,17.0,0,52
sciences,HTC,FGSM,0.7,BIM,0.3,18.941176470588236,17.0,0,45
sciences,HTC,FGSM,0.7,BIM,0.4,19.36764705882353,17.0,0,64
sciences,HTC,FGSM,0.7,BIM,0.5,19.36764705882353,17.0,0,64
sciences,HTC,FGSM,0.7,BIM,0.6,19.36764705882353,17.0,0,64
sciences,HTC,FGSM,0.7,BIM,0.7,19.36764705882353,17.0,0,64
sciences,HTC,FGSM,0.7,BIM,0.8,19.36764705882353,17.0,0,64
sciences,HTC,FGSM,0.7,BIM,0.9,19.36764705882353,17.0,0,64
sciences,HTC,FGSM,0.7,BIM,1.0,19.36764705882353,17.0,0,64
sciences,LG,FGSM,0.7,BIM,0.1,14.845588235294118,12.0,0,41
sciences,LG,FGSM,0.7,BIM,0.2,18.183823529411764,16.5,0,45
sciences,LG,FGSM,0.7,BIM,0.3,18.683823529411764,17.0,0,45
sciences,LG,FGSM,0.7,BIM,0.4,19.235294117647058,17.0,0,62
sciences,LG,FGSM,0.7,BIM,0.5,19.235294117647058,17.0,0,62
sciences,LG,FGSM,0.7,BIM,0.6,19.235294117647058,17.0,0,62
sciences,LG,FGSM,0.7,BIM,0.7,19.235294117647058,17.0,0,62
sciences,LG,FGSM,0.7,BIM,0.8,19.235294117647058,17.0,0,62
sciences,LG,FGSM,0.7,BIM,0.9,19.235294117647058,17.0,0,62
sciences,LG,FGSM,0.7,BIM,1.0,19.235294117647058,17.0,0,62
sciences,MOTO,FGSM,0.7,BIM,0.1,5.0661764705882355,4.0,0,16
sciences,MOTO,FGSM,0.7,BIM,0.2,18.46323529411765,17.0,0,44
sciences,MOTO,FGSM,0.7,BIM,0.3,18.941176470588236,17.0,0,45
sciences,MOTO,FGSM,0.7,BIM,0.4,18.941176470588236,17.0,0,45
sciences,MOTO,FGSM,0.7,BIM,0.5,18.941176470588236,17.0,0,45
sciences,MOTO,FGSM,0.7,BIM,0.6,18.941176470588236,17.0,0,45
sciences,MOTO,FGSM,0.7,BIM,0.7,18.941176470588236,17.0,0,45
sciences,MOTO,FGSM,0.7,BIM,0.8,18.941176470588236,17.0,0,45
sciences,MOTO,FGSM,0.7,BIM,0.9,18.941176470588236,17.0,0,45
sciences,MOTO,FGSM,0.7,BIM,1.0,18.941176470588236,17.0,0,45
sciences,OP3,FGSM,0.7,BIM,0.1,7.977941176470588,7.0,0,57
sciences,OP3,FGSM,0.7,BIM,0.2,24.176470588235293,21.0,0,67
sciences,OP3,FGSM,0.7,BIM,0.3,33.5,33.5,0,67
sciences,OP3,FGSM,0.7,BIM,0.4,33.5,33.5,0,67
sciences,OP3,FGSM,0.7,BIM,0.5,33.5,33.5,0,67
sciences,OP3,FGSM,0.7,BIM,0.6,33.5,33.5,0,67
sciences,OP3,FGSM,0.7,BIM,0.7,33.5,33.5,0,67
sciences,OP3,FGSM,0.7,BIM,0.8,33.5,33.5,0,67
sciences,OP3,FGSM,0.7,BIM,0.9,33.5,33.5,0,67
sciences,OP3,FGSM,0.7,BIM,1.0,33.5,33.5,0,67
sciences,S7,FGSM,0.7,BIM,0.1,11.897058823529411,9.0,0,52
sciences,S7,FGSM,0.7,BIM,0.2,18.816176470588236,17.0,0,45
sciences,S7,FGSM,0.7,BIM,0.3,19.13235294117647,17.0,0,53
sciences,S7,FGSM,0.7,BIM,0.4,18.941176470588236,17.0,0,45
sciences,S7,FGSM,0.7,BIM,0.5,18.941176470588236,17.0,0,45
sciences,S7,FGSM,0.7,BIM,0.6,18.941176470588236,17.0,0,45
sciences,S7,FGSM,0.7,BIM,0.7,18.941176470588236,17.0,0,45
sciences,S7,FGSM,0.7,BIM,0.8,18.941176470588236,17.0,0,45
sciences,S7,FGSM,0.7,BIM,0.9,18.941176470588236,17.0,0,45
sciences,S7,FGSM,0.7,BIM,1.0,18.941176470588236,17.0,0,45
sciences,BLU,FGSM,0.8,BIM,0.1,8.955882352941176,7.0,0,67
sciences,BLU,FGSM,0.8,BIM,0.2,21.21323529411765,16.0,0,67
sciences,BLU,FGSM,0.8,BIM,0.3,31.529411764705884,27.0,0,67
sciences,BLU,FGSM,0.8,BIM,0.4,33.5,33.5,0,67
sciences,BLU,FGSM,0.8,BIM,0.5,33.5,33.5,0,67
sciences,BLU,FGSM,0.8,BIM,0.6,33.5,33.5,0,67
sciences,BLU,FGSM,0.8,BIM,0.7,33.5,33.5,0,67
sciences,BLU,FGSM,0.8,BIM,0.8,33.5,33.5,0,67
sciences,BLU,FGSM,0.8,BIM,0.9,33.5,33.5,0,67
sciences,BLU,FGSM,0.8,BIM,1.0,33.5,33.5,0,67
sciences,HTC,FGSM,0.8,BIM,0.1,12.492647058823529,9.0,0,48
sciences,HTC,FGSM,0.8,BIM,0.2,18.99264705882353,17.0,0,52
sciences,HTC,FGSM,0.8,BIM,0.3,18.941176470588236,17.0,0,45
sciences,HTC,FGSM,0.8,BIM,0.4,18.941176470588236,17.0,0,45
sciences,HTC,FGSM,0.8,BIM,0.5,18.941176470588236,17.0,0,45
sciences,HTC,FGSM,0.8,BIM,0.6,18.941176470588236,17.0,0,45
sciences,HTC,FGSM,0.8,BIM,0.7,18.941176470588236,17.0,0,45
sciences,HTC,FGSM,0.8,BIM,0.8,18.941176470588236,17.0,0,45
sciences,HTC,FGSM,0.8,BIM,0.9,18.941176470588236,17.0,0,45
sciences,HTC,FGSM,0.8,BIM,1.0,18.941176470588236,17.0,0,45
sciences,LG,FGSM,0.8,BIM,0.1,14.845588235294118,12.0,0,41
sciences,LG,FGSM,0.8,BIM,0.2,18.183823529411764,16.5,0,45
sciences,LG,FGSM,0.8,BIM,0.3,18.683823529411764,17.0,0,45
sciences,LG,FGSM,0.8,BIM,0.4,18.941176470588236,17.0,0,45
sciences,LG,FGSM,0.8,BIM,0.5,18.941176470588236,17.0,0,45
sciences,LG,FGSM,0.8,BIM,0.6,18.941176470588236,17.0,0,45
sciences,LG,FGSM,0.8,BIM,0.7,18.941176470588236,17.0,0,45
sciences,LG,FGSM,0.8,BIM,0.8,18.941176470588236,17.0,0,45
sciences,LG,FGSM,0.8,BIM,0.9,18.941176470588236,17.0,0,45
sciences,LG,FGSM,0.8,BIM,1.0,18.941176470588236,17.0,0,45
sciences,MOTO,FGSM,0.8,BIM,0.1,5.0661764705882355,4.0,0,16
sciences,MOTO,FGSM,0.8,BIM,0.2,18.46323529411765,17.0,0,44
sciences,MOTO,FGSM,0.8,BIM,0.3,18.941176470588236,17.0,0,45
sciences,MOTO,FGSM,0.8,BIM,0.4,18.941176470588236,17.0,0,45
sciences,MOTO,FGSM,0.8,BIM,0.5,18.941176470588236,17.0,0,45
sciences,MOTO,FGSM,0.8,BIM,0.6,18.941176470588236,17.0,0,45
sciences,MOTO,FGSM,0.8,BIM,0.7,18.941176470588236,17.0,0,45
sciences,MOTO,FGSM,0.8,BIM,0.8,18.941176470588236,17.0,0,45
sciences,MOTO,FGSM,0.8,BIM,0.9,18.941176470588236,17.0,0,45
sciences,MOTO,FGSM,0.8,BIM,1.0,18.941176470588236,17.0,0,45
sciences,OP3,FGSM,0.8,BIM,0.1,7.977941176470588,7.0,0,57
sciences,OP3,FGSM,0.8,BIM,0.2,24.176470588235293,21.0,0,67
sciences,OP3,FGSM,0.8,BIM,0.3,33.5,33.5,0,67
sciences,OP3,FGSM,0.8,BIM,0.4,33.5,33.5,0,67
sciences,OP3,FGSM,0.8,BIM,0.5,33.5,33.5,0,67
sciences,OP3,FGSM,0.8,BIM,0.6,33.5,33.5,0,67
sciences,OP3,FGSM,0.8,BIM,0.7,33.5,33.5,0,67
sciences,OP3,FGSM,0.8,BIM,0.8,33.5,33.5,0,67
sciences,OP3,FGSM,0.8,BIM,0.9,33.5,33.5,0,67
sciences,OP3,FGSM,0.8,BIM,1.0,33.5,33.5,0,67
sciences,S7,FGSM,0.8,BIM,0.1,11.897058823529411,9.0,0,52
sciences,S7,FGSM,0.8,BIM,0.2,18.816176470588236,17.0,0,45
sciences,S7,FGSM,0.8,BIM,0.3,19.13235294117647,17.0,0,53
sciences,S7,FGSM,0.8,BIM,0.4,18.941176470588236,17.0,0,45
sciences,S7,FGSM,0.8,BIM,0.5,18.941176470588236,17.0,0,45
sciences,S7,FGSM,0.8,BIM,0.6,18.941176470588236,17.0,0,45
sciences,S7,FGSM,0.8,BIM,0.7,18.941176470588236,17.0,0,45
sciences,S7,FGSM,0.8,BIM,0.8,18.941176470588236,17.0,0,45
sciences,S7,FGSM,0.8,BIM,0.9,18.941176470588236,17.0,0,45
sciences,S7,FGSM,0.8,BIM,1.0,18.941176470588236,17.0,0,45
sciences,BLU,FGSM,0.9,BIM,0.1,8.955882352941176,7.0,0,67
sciences,BLU,FGSM,0.9,BIM,0.2,21.21323529411765,16.0,0,67
sciences,BLU,FGSM,0.9,BIM,0.3,31.529411764705884,27.0,0,67
sciences,BLU,FGSM,0.9,BIM,0.4,33.5,33.5,0,67
sciences,BLU,FGSM,0.9,BIM,0.5,33.5,33.5,0,67
sciences,BLU,FGSM,0.9,BIM,0.6,33.5,33.5,0,67
sciences,BLU,FGSM,0.9,BIM,0.7,33.5,33.5,0,67
sciences,BLU,FGSM,0.9,BIM,0.8,33.5,33.5,0,67
sciences,BLU,FGSM,0.9,BIM,0.9,33.5,33.5,0,67
sciences,BLU,FGSM,0.9,BIM,1.0,33.5,33.5,0,67
sciences,HTC,FGSM,0.9,BIM,0.1,12.492647058823529,9.0,0,48
sciences,HTC,FGSM,0.9,BIM,0.2,18.99264705882353,17.0,0,52
sciences,HTC,FGSM,0.9,BIM,0.3,18.941176470588236,17.0,0,45
sciences,HTC,FGSM,0.9,BIM,0.4,18.941176470588236,17.0,0,45
sciences,HTC,FGSM,0.9,BIM,0.5,18.941176470588236,17.0,0,45
sciences,HTC,FGSM,0.9,BIM,0.6,18.941176470588236,17.0,0,45
sciences,HTC,FGSM,0.9,BIM,0.7,18.941176470588236,17.0,0,45
sciences,HTC,FGSM,0.9,BIM,0.8,18.941176470588236,17.0,0,45
sciences,HTC,FGSM,0.9,BIM,0.9,18.941176470588236,17.0,0,45
sciences,HTC,FGSM,0.9,BIM,1.0,18.941176470588236,17.0,0,45
sciences,LG,FGSM,0.9,BIM,0.1,14.845588235294118,12.0,0,41
sciences,LG,FGSM,0.9,BIM,0.2,18.183823529411764,16.5,0,45
sciences,LG,FGSM,0.9,BIM,0.3,18.683823529411764,17.0,0,45
sciences,LG,FGSM,0.9,BIM,0.4,18.941176470588236,17.0,0,45
sciences,LG,FGSM,0.9,BIM,0.5,18.941176470588236,17.0,0,45
sciences,LG,FGSM,0.9,BIM,0.6,18.941176470588236,17.0,0,45
sciences,LG,FGSM,0.9,BIM,0.7,18.941176470588236,17.0,0,45
sciences,LG,FGSM,0.9,BIM,0.8,18.941176470588236,17.0,0,45
sciences,LG,FGSM,0.9,BIM,0.9,18.941176470588236,17.0,0,45
sciences,LG,FGSM,0.9,BIM,1.0,18.941176470588236,17.0,0,45
sciences,MOTO,FGSM,0.9,BIM,0.1,5.0661764705882355,4.0,0,16
sciences,MOTO,FGSM,0.9,BIM,0.2,18.46323529411765,17.0,0,44
sciences,MOTO,FGSM,0.9,BIM,0.3,18.941176470588236,17.0,0,45
sciences,MOTO,FGSM,0.9,BIM,0.4,18.941176470588236,17.0,0,45
sciences,MOTO,FGSM,0.9,BIM,0.5,18.941176470588236,17.0,0,45
sciences,MOTO,FGSM,0.9,BIM,0.6,18.941176470588236,17.0,0,45
sciences,MOTO,FGSM,0.9,BIM,0.7,18.941176470588236,17.0,0,45
sciences,MOTO,FGSM,0.9,BIM,0.8,18.941176470588236,17.0,0,45
sciences,MOTO,FGSM,0.9,BIM,0.9,18.941176470588236,17.0,0,45
sciences,MOTO,FGSM,0.9,BIM,1.0,18.941176470588236,17.0,0,45
sciences,OP3,FGSM,0.9,BIM,0.1,7.977941176470588,7.0,0,57
sciences,OP3,FGSM,0.9,BIM,0.2,24.176470588235293,21.0,0,67
sciences,OP3,FGSM,0.9,BIM,0.3,33.5,33.5,0,67
sciences,OP3,FGSM,0.9,BIM,0.4,33.5,33.5,0,67
sciences,OP3,FGSM,0.9,BIM,0.5,33.5,33.5,0,67
sciences,OP3,FGSM,0.9,BIM,0.6,33.5,33.5,0,67
sciences,OP3,FGSM,0.9,BIM,0.7,33.5,33.5,0,67
sciences,OP3,FGSM,0.9,BIM,0.8,33.5,33.5,0,67
sciences,OP3,FGSM,0.9,BIM,0.9,33.5,33.5,0,67
sciences,OP3,FGSM,0.9,BIM,1.0,33.5,33.5,0,67
sciences,S7,FGSM,0.9,BIM,0.1,11.897058823529411,9.0,0,52
sciences,S7,FGSM,0.9,BIM,0.2,18.816176470588236,17.0,0,45
sciences,S7,FGSM,0.9,BIM,0.3,19.13235294117647,17.0,0,53
sciences,S7,FGSM,0.9,BIM,0.4,18.941176470588236,17.0,0,45
sciences,S7,FGSM,0.9,BIM,0.5,18.941176470588236,17.0,0,45
sciences,S7,FGSM,0.9,BIM,0.6,18.941176470588236,17.0,0,45
sciences,S7,FGSM,0.9,BIM,0.7,18.941176470588236,17.0,0,45
sciences,S7,FGSM,0.9,BIM,0.8,18.941176470588236,17.0,0,45
sciences,S7,FGSM,0.9,BIM,0.9,18.941176470588236,17.0,0,45
sciences,S7,FGSM,0.9,BIM,1.0,18.941176470588236,17.0,0,45
sciences,BLU,FGSM,1.0,BIM,0.1,8.955882352941176,7.0,0,67
sciences,BLU,FGSM,1.0,BIM,0.2,21.21323529411765,16.0,0,67
sciences,BLU,FGSM,1.0,BIM,0.3,31.529411764705884,27.0,0,67
sciences,BLU,FGSM,1.0,BIM,0.4,33.5,33.5,0,67
sciences,BLU,FGSM,1.0,BIM,0.5,33.5,33.5,0,67
sciences,BLU,FGSM,1.0,BIM,0.6,33.5,33.5,0,67
sciences,BLU,FGSM,1.0,BIM,0.7,33.5,33.5,0,67
sciences,BLU,FGSM,1.0,BIM,0.8,33.5,33.5,0,67
sciences,BLU,FGSM,1.0,BIM,0.9,33.5,33.5,0,67
sciences,BLU,FGSM,1.0,BIM,1.0,33.5,33.5,0,67
sciences,HTC,FGSM,1.0,BIM,0.1,12.492647058823529,9.0,0,48
sciences,HTC,FGSM,1.0,BIM,0.2,18.99264705882353,17.0,0,52
sciences,HTC,FGSM,1.0,BIM,0.3,18.941176470588236,17.0,0,45
sciences,HTC,FGSM,1.0,BIM,0.4,18.941176470588236,17.0,0,45
sciences,HTC,FGSM,1.0,BIM,0.5,18.941176470588236,17.0,0,45
sciences,HTC,FGSM,1.0,BIM,0.6,18.941176470588236,17.0,0,45
sciences,HTC,FGSM,1.0,BIM,0.7,18.941176470588236,17.0,0,45
sciences,HTC,FGSM,1.0,BIM,0.8,18.941176470588236,17.0,0,45
sciences,HTC,FGSM,1.0,BIM,0.9,18.941176470588236,17.0,0,45
sciences,HTC,FGSM,1.0,BIM,1.0,18.941176470588236,17.0,0,45
sciences,LG,FGSM,1.0,BIM,0.1,14.845588235294118,12.0,0,41
sciences,LG,FGSM,1.0,BIM,0.2,18.183823529411764,16.5,0,45
sciences,LG,FGSM,1.0,BIM,0.3,18.683823529411764,17.0,0,45
sciences,LG,FGSM,1.0,BIM,0.4,18.941176470588236,17.0,0,45
sciences,LG,FGSM,1.0,BIM,0.5,18.941176470588236,17.0,0,45
sciences,LG,FGSM,1.0,BIM,0.6,18.941176470588236,17.0,0,45
sciences,LG,FGSM,1.0,BIM,0.7,18.941176470588236,17.0,0,45
sciences,LG,FGSM,1.0,BIM,0.8,18.941176470588236,17.0,0,45
sciences,LG,FGSM,1.0,BIM,0.9,18.941176470588236,17.0,0,45
sciences,LG,FGSM,1.0,BIM,1.0,18.941176470588236,17.0,0,45
sciences,MOTO,FGSM,1.0,BIM,0.1,5.0661764705882355,4.0,0,16
sciences,MOTO,FGSM,1.0,BIM,0.2,18.46323529411765,17.0,0,44
sciences,MOTO,FGSM,1.0,BIM,0.3,18.941176470588236,17.0,0,45
sciences,MOTO,FGSM,1.0,BIM,0.4,18.941176470588236,17.0,0,45
sciences,MOTO,FGSM,1.0,BIM,0.5,18.941176470588236,17.0,0,45
sciences,MOTO,FGSM,1.0,BIM,0.6,18.941176470588236,17.0,0,45
sciences,MOTO,FGSM,1.0,BIM,0.7,18.941176470588236,17.0,0,45
sciences,MOTO,FGSM,1.0,BIM,0.8,18.941176470588236,17.0,0,45
sciences,MOTO,FGSM,1.0,BIM,0.9,18.941176470588236,17.0,0,45
sciences,MOTO,FGSM,1.0,BIM,1.0,18.941176470588236,17.0,0,45
sciences,OP3,FGSM,1.0,BIM,0.1,7.977941176470588,7.0,0,57
sciences,OP3,FGSM,1.0,BIM,0.2,24.176470588235293,21.0,0,67
sciences,OP3,FGSM,1.0,BIM,0.3,33.5,33.5,0,67
sciences,OP3,FGSM,1.0,BIM,0.4,33.5,33.5,0,67
sciences,OP3,FGSM,1.0,BIM,0.5,33.5,33.5,0,67
sciences,OP3,FGSM,1.0,BIM,0.6,33.5,33.5,0,67
sciences,OP3,FGSM,1.0,BIM,0.7,33.5,33.5,0,67
sciences,OP3,FGSM,1.0,BIM,0.8,33.5,33.5,0,67
sciences,OP3,FGSM,1.0,BIM,0.9,33.5,33.5,0,67
sciences,OP3,FGSM,1.0,BIM,1.0,33.5,33.5,0,67
sciences,S7,FGSM,1.0,BIM,0.1,11.897058823529411,9.0,0,52
sciences,S7,FGSM,1.0,BIM,0.2,18.816176470588236,17.0,0,45
sciences,S7,FGSM,1.0,BIM,0.3,19.13235294117647,17.0,0,53
sciences,S7,FGSM,1.0,BIM,0.4,18.941176470588236,17.0,0,45
sciences,S7,FGSM,1.0,BIM,0.5,18.941176470588236,17.0,0,45
sciences,S7,FGSM,1.0,BIM,0.6,18.941176470588236,17.0,0,45
sciences,S7,FGSM,1.0,BIM,0.7,18.941176470588236,17.0,0,45
sciences,S7,FGSM,1.0,BIM,0.8,18.941176470588236,17.0,0,45
sciences,S7,FGSM,1.0,BIM,0.9,18.941176470588236,17.0,0,45
sciences,S7,FGSM,1.0,BIM,1.0,18.941176470588236,17.0,0,45
sciences,BLU,PGD,0.1,BIM,0.1,9.323529411764707,5.5,0,60
sciences,BLU,PGD,0.1,BIM,0.2,27.985294117647058,23.0,0,67
sciences,BLU,PGD,0.1,BIM,0.3,33.26470588235294,33.5,0,67
sciences,BLU,PGD,0.1,BIM,0.4,33.455882352941174,33.5,0,67
sciences,BLU,PGD,0.1,BIM,0.5,33.455882352941174,33.5,0,67
sciences,BLU,PGD,0.1,BIM,0.6,33.455882352941174,33.5,0,67
sciences,BLU,PGD,0.1,BIM,0.7,33.455882352941174,33.5,0,67
sciences,BLU,PGD,0.1,BIM,0.8,33.455882352941174,33.5,0,67
sciences,BLU,PGD,0.1,BIM,0.9,33.455882352941174,33.5,0,67
sciences,BLU,PGD,0.1,BIM,1.0,33.455882352941174,33.5,0,67
sciences,HTC,PGD,0.1,BIM,0.1,12.125,5.5,0,67
sciences,HTC,PGD,0.1,BIM,0.2,30.852941176470587,27.0,0,67
sciences,HTC,PGD,0.1,BIM,0.3,33.095588235294116,33.5,0,67
sciences,HTC,PGD,0.1,BIM,0.4,32.61764705882353,33.0,0,66
sciences,HTC,PGD,0.1,BIM,0.5,32.61764705882353,33.0,0,66
sciences,HTC,PGD,0.1,BIM,0.6,32.61764705882353,33.0,0,66
sciences,HTC,PGD,0.1,BIM,0.7,32.61764705882353,33.0,0,66
sciences,HTC,PGD,0.1,BIM,0.8,32.61764705882353,33.0,0,66
sciences,HTC,PGD,0.1,BIM,0.9,32.61764705882353,33.0,0,66
sciences,HTC,PGD,0.1,BIM,1.0,32.61764705882353,33.0,0,66
sciences,LG,PGD,0.1,BIM,0.1,11.514705882352942,5.0,0,64
sciences,LG,PGD,0.1,BIM,0.2,26.71323529411765,22.5,0,67
sciences,LG,PGD,0.1,BIM,0.3,32.544117647058826,33.0,0,67
sciences,LG,PGD,0.1,BIM,0.4,31.75,31.5,0,65
sciences,LG,PGD,0.1,BIM,0.5,31.75,31.5,0,65
sciences,LG,PGD,0.1,BIM,0.6,31.75,31.5,0,65
sciences,LG,PGD,0.1,BIM,0.7,31.75,31.5,0,65
sciences,LG,PGD,0.1,BIM,0.8,31.75,31.5,0,65
sciences,LG,PGD,0.1,BIM,0.9,31.75,31.5,0,65
sciences,LG,PGD,0.1,BIM,1.0,31.75,31.5,0,65
sciences,MOTO,PGD,0.1,BIM,0.1,6.345588235294118,5.0,0,21
sciences,MOTO,PGD,0.1,BIM,0.2,33.5,33.5,0,67
sciences,MOTO,PGD,0.1,BIM,0.3,33.49264705882353,33.5,0,67
sciences,MOTO,PGD,0.1,BIM,0.4,33.5,33.5,0,67
sciences,MOTO,PGD,0.1,BIM,0.5,33.5,33.5,0,67
sciences,MOTO,PGD,0.1,BIM,0.6,33.5,33.5,0,67
sciences,MOTO,PGD,0.1,BIM,0.7,33.5,33.5,0,67
sciences,MOTO,PGD,0.1,BIM,0.8,33.5,33.5,0,67
sciences,MOTO,PGD,0.1,BIM,0.9,33.5,33.5,0,67
sciences,MOTO,PGD,0.1,BIM,1.0,33.5,33.5,0,67
sciences,OP3,PGD,0.1,BIM,0.1,15.220588235294118,12.0,0,47
sciences,OP3,PGD,0.1,BIM,0.2,19.176470588235293,17.0,0,48
sciences,OP3,PGD,0.1,BIM,0.3,19.294117647058822,17.0,0,46
sciences,OP3,PGD,0.1,BIM,0.4,19.294117647058822,17.0,0,46
sciences,OP3,PGD,0.1,BIM,0.5,19.294117647058822,17.0,0,46
sciences,OP3,PGD,0.1,BIM,0.6,19.294117647058822,17.0,0,46
sciences,OP3,PGD,0.1,BIM,0.7,19.294117647058822,17.0,0,46
sciences,OP3,PGD,0.1,BIM,0.8,19.294117647058822,17.0,0,46
sciences,OP3,PGD,0.1,BIM,0.9,19.294117647058822,17.0,0,46
sciences,OP3,PGD,0.1,BIM,1.0,19.294117647058822,17.0,0,46
sciences,S7,PGD,0.1,BIM,0.1,4.507352941176471,3.0,0,37
sciences,S7,PGD,0.1,BIM,0.2,31.86764705882353,30.5,0,67
sciences,S7,PGD,0.1,BIM,0.3,32.25,32.0,0,67
sciences,S7,PGD,0.1,BIM,0.4,31.83823529411765,32.0,0,66
sciences,S7,PGD,0.1,BIM,0.5,31.83823529411765,32.0,0,66
sciences,S7,PGD,0.1,BIM,0.6,31.83823529411765,32.0,0,66
sciences,S7,PGD,0.1,BIM,0.7,31.83823529411765,32.0,0,66
sciences,S7,PGD,0.1,BIM,0.8,31.83823529411765,32.0,0,66
sciences,S7,PGD,0.1,BIM,0.9,31.83823529411765,32.0,0,66
sciences,S7,PGD,0.1,BIM,1.0,31.83823529411765,32.0,0,66
sciences,BLU,PGD,0.2,BIM,0.1,17.794117647058822,11.0,0,67
sciences,BLU,PGD,0.2,BIM,0.2,23.735294117647058,19.0,0,67
sciences,BLU,PGD,0.2,BIM,0.3,25.580882352941178,22.0,0,67
sciences,BLU,PGD,0.2,BIM,0.4,28.022058823529413,25.5,0,67
sciences,BLU,PGD,0.2,BIM,0.5,28.022058823529413,25.5,0,67
sciences,BLU,PGD,0.2,BIM,0.6,28.022058823529413,25.5,0,67
sciences,BLU,PGD,0.2,BIM,0.7,28.022058823529413,25.5,0,67
sciences,BLU,PGD,0.2,BIM,0.8,28.022058823529413,25.5,0,67
sciences,BLU,PGD,0.2,BIM,0.9,28.022058823529413,25.5,0,67
sciences,BLU,PGD,0.2,BIM,1.0,28.022058823529413,25.5,0,67
sciences,HTC,PGD,0.2,BIM,0.1,14.102941176470589,7.0,0,67
sciences,HTC,PGD,0.2,BIM,0.2,23.25,19.0,1,67
sciences,HTC,PGD,0.2,BIM,0.3,26.455882352941178,24.0,0,67
sciences,HTC,PGD,0.2,BIM,0.4,27.323529411764707,26.5,0,60
sciences,HTC,PGD,0.2,BIM,0.5,27.323529411764707,26.5,0,60
sciences,HTC,PGD,0.2,BIM,0.6,27.323529411764707,26.5,0,60
sciences,HTC,PGD,0.2,BIM,0.7,27.323529411764707,26.5,0,60
sciences,HTC,PGD,0.2,BIM,0.8,27.323529411764707,26.5,0,60
sciences,HTC,PGD,0.2,BIM,0.9,27.323529411764707,26.5,0,60
sciences,HTC,PGD,0.2,BIM,1.0,27.323529411764707,26.5,0,60
sciences,LG,PGD,0.2,BIM,0.1,10.897058823529411,5.0,0,62
sciences,LG,PGD,0.2,BIM,0.2,21.801470588235293,13.0,0,64
sciences,LG,PGD,0.2,BIM,0.3,26.345588235294116,24.5,0,60
sciences,LG,PGD,0.2,BIM,0.4,27.323529411764707,26.5,0,60
sciences,LG,PGD,0.2,BIM,0.5,27.323529411764707,26.5,0,60
sciences,LG,PGD,0.2,BIM,0.6,27.323529411764707,26.5,0,60
sciences,LG,PGD,0.2,BIM,0.7,27.323529411764707,26.5,0,60
sciences,LG,PGD,0.2,BIM,0.8,27.323529411764707,26.5,0,60
sciences,LG,PGD,0.2,BIM,0.9,27.323529411764707,26.5,0,60
sciences,LG,PGD,0.2,BIM,1.0,27.323529411764707,26.5,0,60
sciences,MOTO,PGD,0.2,BIM,0.1,8.345588235294118,5.0,0,67
sciences,MOTO,PGD,0.2,BIM,0.2,21.91176470588235,15.0,0,66
sciences,MOTO,PGD,0.2,BIM,0.3,24.11764705882353,21.5,0,67
sciences,MOTO,PGD,0.2,BIM,0.4,27.625,26.5,0,67
sciences,MOTO,PGD,0.2,BIM,0.5,27.625,26.5,0,67
sciences,MOTO,PGD,0.2,BIM,0.6,27.625,26.5,0,67
sciences,MOTO,PGD,0.2,BIM,0.7,27.625,26.5,0,67
sciences,MOTO,PGD,0.2,BIM,0.8,27.625,26.5,0,67
sciences,MOTO,PGD,0.2,BIM,0.9,27.625,26.5,0,67
sciences,MOTO,PGD,0.2,BIM,1.0,27.625,26.5,0,67
sciences,OP3,PGD,0.2,BIM,0.1,19.0,11.0,0,66
sciences,OP3,PGD,0.2,BIM,0.2,20.316176470588236,16.0,0,66
sciences,OP3,PGD,0.2,BIM,0.3,19.308823529411764,16.0,0,51
sciences,OP3,PGD,0.2,BIM,0.4,19.36764705882353,17.0,0,51
sciences,OP3,PGD,0.2,BIM,0.5,19.36764705882353,17.0,0,51
sciences,OP3,PGD,0.2,BIM,0.6,19.36764705882353,17.0,0,51
sciences,OP3,PGD,0.2,BIM,0.7,19.36764705882353,17.0,0,51
sciences,OP3,PGD,0.2,BIM,0.8,19.36764705882353,17.0,0,51
sciences,OP3,PGD,0.2,BIM,0.9,19.36764705882353,17.0,0,51
sciences,OP3,PGD,0.2,BIM,1.0,19.36764705882353,17.0,0,51
sciences,S7,PGD,0.2,BIM,0.1,14.720588235294118,9.0,0,59
sciences,S7,PGD,0.2,BIM,0.2,23.61764705882353,19.0,0,67
sciences,S7,PGD,0.2,BIM,0.3,26.529411764705884,23.5,0,66
sciences,S7,PGD,0.2,BIM,0.4,28.683823529411764,27.5,0,64
sciences,S7,PGD,0.2,BIM,0.5,28.683823529411764,27.5,0,64
sciences,S7,PGD,0.2,BIM,0.6,28.683823529411764,27.5,0,64
sciences,S7,PGD,0.2,BIM,0.7,28.683823529411764,27.5,0,64
sciences,S7,PGD,0.2,BIM,0.8,28.683823529411764,27.5,0,64
sciences,S7,PGD,0.2,BIM,0.9,28.683823529411764,27.5,0,64
sciences,S7,PGD,0.2,BIM,1.0,28.683823529411764,27.5,0,64
sciences,BLU,PGD,0.3,BIM,0.1,18.330882352941178,11.0,0,67
sciences,BLU,PGD,0.3,BIM,0.2,28.235294117647058,22.0,1,65
sciences,BLU,PGD,0.3,BIM,0.3,27.316176470588236,27.0,0,67
sciences,BLU,PGD,0.3,BIM,0.4,24.610294117647058,22.5,0,67
sciences,BLU,PGD,0.3,BIM,0.5,24.610294117647058,22.5,0,67
sciences,BLU,PGD,0.3,BIM,0.6,24.610294117647058,22.5,0,67
sciences,BLU,PGD,0.3,BIM,0.7,24.610294117647058,22.5,0,67
sciences,BLU,PGD,0.3,BIM,0.8,24.610294117647058,22.5,0,67
sciences,BLU,PGD,0.3,BIM,0.9,24.610294117647058,22.5,0,67
sciences,BLU,PGD,0.3,BIM,1.0,24.610294117647058,22.5,0,67
sciences,HTC,PGD,0.3,BIM,0.1,14.845588235294118,7.0,0,67
sciences,HTC,PGD,0.3,BIM,0.2,23.5,16.0,0,67
sciences,HTC,PGD,0.3,BIM,0.3,24.727941176470587,22.5,0,64
sciences,HTC,PGD,0.3,BIM,0.4,24.529411764705884,22.5,0,66
sciences,HTC,PGD,0.3,BIM,0.5,24.529411764705884,22.5,0,66
sciences,HTC,PGD,0.3,BIM,0.6,24.529411764705884,22.5,0,66
sciences,HTC,PGD,0.3,BIM,0.7,24.529411764705884,22.5,0,66
sciences,HTC,PGD,0.3,BIM,0.8,24.529411764705884,22.5,0,66
sciences,HTC,PGD,0.3,BIM,0.9,24.529411764705884,22.5,0,66
sciences,HTC,PGD,0.3,BIM,1.0,24.529411764705884,22.5,0,66
sciences,LG,PGD,0.3,BIM,0.1,12.948529411764707,4.0,0,62
sciences,LG,PGD,0.3,BIM,0.2,21.154411764705884,12.0,0,63
sciences,LG,PGD,0.3,BIM,0.3,24.169117647058822,22.5,0,62
sciences,LG,PGD,0.3,BIM,0.4,24.683823529411764,22.5,0,60
sciences,LG,PGD,0.3,BIM,0.5,24.683823529411764,22.5,0,60
sciences,LG,PGD,0.3,BIM,0.6,24.683823529411764,22.5,0,60
sciences,LG,PGD,0.3,BIM,0.7,24.683823529411764,22.5,0,60
sciences,LG,PGD,0.3,BIM,0.8,24.683823529411764,22.5,0,60
sciences,LG,PGD,0.3,BIM,0.9,24.683823529411764,22.5,0,60
sciences,LG,PGD,0.3,BIM,1.0,24.683823529411764,22.5,0,60
sciences,MOTO,PGD,0.3,BIM,0.1,8.955882352941176,5.0,0,67
sciences,MOTO,PGD,0.3,BIM,0.2,26.78676470588235,22.0,0,67
sciences,MOTO,PGD,0.3,BIM,0.3,27.88235294117647,30.0,0,62
sciences,MOTO,PGD,0.3,BIM,0.4,24.779411764705884,22.5,0,62
sciences,MOTO,PGD,0.3,BIM,0.5,24.779411764705884,22.5,0,62
sciences,MOTO,PGD,0.3,BIM,0.6,24.779411764705884,22.5,0,62
sciences,MOTO,PGD,0.3,BIM,0.7,24.779411764705884,22.5,0,62
sciences,MOTO,PGD,0.3,BIM,0.8,24.779411764705884,22.5,0,62
sciences,MOTO,PGD,0.3,BIM,0.9,24.779411764705884,22.5,0,62
sciences,MOTO,PGD,0.3,BIM,1.0,24.779411764705884,22.5,0,62
sciences,OP3,PGD,0.3,BIM,0.1,15.066176470588236,10.0,0,64
sciences,OP3,PGD,0.3,BIM,0.2,21.485294117647058,17.0,0,64
sciences,OP3,PGD,0.3,BIM,0.3,20.294117647058822,17.0,0,54
sciences,OP3,PGD,0.3,BIM,0.4,18.25735294117647,15.5,0,50
sciences,OP3,PGD,0.3,BIM,0.5,18.25735294117647,15.5,0,50
sciences,OP3,PGD,0.3,BIM,0.6,18.25735294117647,15.5,0,50
sciences,OP3,PGD,0.3,BIM,0.7,18.25735294117647,15.5,0,50
sciences,OP3,PGD,0.3,BIM,0.8,18.25735294117647,15.5,0,50
sciences,OP3,PGD,0.3,BIM,0.9,18.25735294117647,15.5,0,50
sciences,OP3,PGD,0.3,BIM,1.0,18.25735294117647,15.5,0,50
sciences,S7,PGD,0.3,BIM,0.1,13.933823529411764,8.0,0,64
sciences,S7,PGD,0.3,BIM,0.2,26.110294117647058,21.0,0,65
sciences,S7,PGD,0.3,BIM,0.3,26.110294117647058,23.5,0,64
sciences,S7,PGD,0.3,BIM,0.4,24.794117647058822,22.5,0,59
sciences,S7,PGD,0.3,BIM,0.5,24.794117647058822,22.5,0,59
sciences,S7,PGD,0.3,BIM,0.6,24.794117647058822,22.5,0,59
sciences,S7,PGD,0.3,BIM,0.7,24.794117647058822,22.5,0,59
sciences,S7,PGD,0.3,BIM,0.8,24.794117647058822,22.5,0,59
sciences,S7,PGD,0.3,BIM,0.9,24.794117647058822,22.5,0,59
sciences,S7,PGD,0.3,BIM,1.0,24.794117647058822,22.5,0,59
sciences,BLU,PGD,0.4,BIM,0.1,20.323529411764707,13.0,0,67
sciences,BLU,PGD,0.4,BIM,0.2,28.38235294117647,27.5,0,64
sciences,BLU,PGD,0.4,BIM,0.3,29.529411764705884,28.0,0,64
sciences,BLU,PGD,0.4,BIM,0.4,26.24264705882353,25.5,0,67
sciences,BLU,PGD,0.4,BIM,0.5,26.24264705882353,25.5,0,67
sciences,BLU,PGD,0.4,BIM,0.6,26.24264705882353,25.5,0,67
sciences,BLU,PGD,0.4,BIM,0.7,26.24264705882353,25.5,0,67
sciences,BLU,PGD,0.4,BIM,0.8,26.24264705882353,25.5,0,67
sciences,BLU,PGD,0.4,BIM,0.9,26.24264705882353,25.5,0,67
sciences,BLU,PGD,0.4,BIM,1.0,26.24264705882353,25.5,0,67
sciences,HTC,PGD,0.4,BIM,0.1,15.522058823529411,7.5,0,60
sciences,HTC,PGD,0.4,BIM,0.2,29.551470588235293,30.5,0,64
sciences,HTC,PGD,0.4,BIM,0.3,27.88235294117647,29.5,0,64
sciences,HTC,PGD,0.4,BIM,0.4,24.985294117647058,23.0,0,67
sciences,HTC,PGD,0.4,BIM,0.5,24.985294117647058,23.0,0,67
sciences,HTC,PGD,0.4,BIM,0.6,24.985294117647058,23.0,0,67
sciences,HTC,PGD,0.4,BIM,0.7,24.985294117647058,23.0,0,67
sciences,HTC,PGD,0.4,BIM,0.8,24.985294117647058,23.0,0,67
sciences,HTC,PGD,0.4,BIM,0.9,24.985294117647058,23.0,0,67
sciences,HTC,PGD,0.4,BIM,1.0,24.985294117647058,23.0,0,67
sciences,LG,PGD,0.4,BIM,0.1,13.654411764705882,6.0,0,61
sciences,LG,PGD,0.4,BIM,0.2,28.529411764705884,27.0,0,60
sciences,LG,PGD,0.4,BIM,0.3,26.139705882352942,24.5,0,59
sciences,LG,PGD,0.4,BIM,0.4,25.522058823529413,24.0,0,62
sciences,LG,PGD,0.4,BIM,0.5,25.522058823529413,24.0,0,62
sciences,LG,PGD,0.4,BIM,0.6,25.522058823529413,24.0,0,62
sciences,LG,PGD,0.4,BIM,0.7,25.522058823529413,24.0,0,62
sciences,LG,PGD,0.4,BIM,0.8,25.522058823529413,24.0,0,62
sciences,LG,PGD,0.4,BIM,0.9,25.522058823529413,24.0,0,62
sciences,LG,PGD,0.4,BIM,1.0,25.522058823529413,24.0,0,62
sciences,MOTO,PGD,0.4,BIM,0.1,10.117647058823529,7.0,0,58
sciences,MOTO,PGD,0.4,BIM,0.2,30.647058823529413,32.0,0,67
sciences,MOTO,PGD,0.4,BIM,0.3,29.602941176470587,30.5,0,63
sciences,MOTO,PGD,0.4,BIM,0.4,26.147058823529413,25.0,0,60
sciences,MOTO,PGD,0.4,BIM,0.5,26.147058823529413,25.0,0,60
sciences,MOTO,PGD,0.4,BIM,0.6,26.147058823529413,25.0,0,60
sciences,MOTO,PGD,0.4,BIM,0.7,26.147058823529413,25.0,0,60
sciences,MOTO,PGD,0.4,BIM,0.8,26.147058823529413,25.0,0,60
sciences,MOTO,PGD,0.4,BIM,0.9,26.147058823529413,25.0,0,60
sciences,MOTO,PGD,0.4,BIM,1.0,26.147058823529413,25.0,0,60
sciences,OP3,PGD,0.4,BIM,0.1,14.110294117647058,9.5,0,63
sciences,OP3,PGD,0.4,BIM,0.2,19.75735294117647,16.5,0,50
sciences,OP3,PGD,0.4,BIM,0.3,20.014705882352942,17.0,0,51
sciences,OP3,PGD,0.4,BIM,0.4,19.544117647058822,17.0,0,51
sciences,OP3,PGD,0.4,BIM,0.5,19.544117647058822,17.0,0,51
sciences,OP3,PGD,0.4,BIM,0.6,19.544117647058822,17.0,0,51
sciences,OP3,PGD,0.4,BIM,0.7,19.544117647058822,17.0,0,51
sciences,OP3,PGD,0.4,BIM,0.8,19.544117647058822,17.0,0,51
sciences,OP3,PGD,0.4,BIM,0.9,19.544117647058822,17.0,0,51
sciences,OP3,PGD,0.4,BIM,1.0,19.544117647058822,17.0,0,51
sciences,S7,PGD,0.4,BIM,0.1,16.49264705882353,11.0,0,60
sciences,S7,PGD,0.4,BIM,0.2,29.00735294117647,28.5,0,64
sciences,S7,PGD,0.4,BIM,0.3,28.669117647058822,31.0,0,64
sciences,S7,PGD,0.4,BIM,0.4,25.551470588235293,23.0,0,66
sciences,S7,PGD,0.4,BIM,0.5,25.551470588235293,23.0,0,66
sciences,S7,PGD,0.4,BIM,0.6,25.551470588235293,23.0,0,66
sciences,S7,PGD,0.4,BIM,0.7,25.551470588235293,23.0,0,66
sciences,S7,PGD,0.4,BIM,0.8,25.551470588235293,23.0,0,66
sciences,S7,PGD,0.4,BIM,0.9,25.551470588235293,23.0,0,66
sciences,S7,PGD,0.4,BIM,1.0,25.551470588235293,23.0,0,66
sciences,BLU,PGD,0.5,BIM,0.1,20.323529411764707,13.0,0,67
sciences,BLU,PGD,0.5,BIM,0.2,28.38235294117647,27.5,0,64
sciences,BLU,PGD,0.5,BIM,0.3,29.529411764705884,28.0,0,64
sciences,BLU,PGD,0.5,BIM,0.4,26.24264705882353,25.5,0,67
sciences,BLU,PGD,0.5,BIM,0.5,26.24264705882353,25.5,0,67
sciences,BLU,PGD,0.5,BIM,0.6,26.24264705882353,25.5,0,67
sciences,BLU,PGD,0.5,BIM,0.7,26.24264705882353,25.5,0,67
sciences,BLU,PGD,0.5,BIM,0.8,26.24264705882353,25.5,0,67
sciences,BLU,PGD,0.5,BIM,0.9,26.24264705882353,25.5,0,67
sciences,BLU,PGD,0.5,BIM,1.0,26.24264705882353,25.5,0,67
sciences,HTC,PGD,0.5,BIM,0.1,15.522058823529411,7.5,0,60
sciences,HTC,PGD,0.5,BIM,0.2,29.551470588235293,30.5,0,64
sciences,HTC,PGD,0.5,BIM,0.3,27.88235294117647,29.5,0,64
sciences,HTC,PGD,0.5,BIM,0.4,24.985294117647058,23.0,0,67
sciences,HTC,PGD,0.5,BIM,0.5,24.985294117647058,23.0,0,67
sciences,HTC,PGD,0.5,BIM,0.6,24.985294117647058,23.0,0,67
sciences,HTC,PGD,0.5,BIM,0.7,24.985294117647058,23.0,0,67
sciences,HTC,PGD,0.5,BIM,0.8,24.985294117647058,23.0,0,67
sciences,HTC,PGD,0.5,BIM,0.9,24.985294117647058,23.0,0,67
sciences,HTC,PGD,0.5,BIM,1.0,24.985294117647058,23.0,0,67
sciences,LG,PGD,0.5,BIM,0.1,13.654411764705882,6.0,0,61
sciences,LG,PGD,0.5,BIM,0.2,28.529411764705884,27.0,0,60
sciences,LG,PGD,0.5,BIM,0.3,26.139705882352942,24.5,0,59
sciences,LG,PGD,0.5,BIM,0.4,25.522058823529413,24.0,0,62
sciences,LG,PGD,0.5,BIM,0.5,25.522058823529413,24.0,0,62
sciences,LG,PGD,0.5,BIM,0.6,25.522058823529413,24.0,0,62
sciences,LG,PGD,0.5,BIM,0.7,25.522058823529413,24.0,0,62
sciences,LG,PGD,0.5,BIM,0.8,25.522058823529413,24.0,0,62
sciences,LG,PGD,0.5,BIM,0.9,25.522058823529413,24.0,0,62
sciences,LG,PGD,0.5,BIM,1.0,25.522058823529413,24.0,0,62
sciences,MOTO,PGD,0.5,BIM,0.1,10.117647058823529,7.0,0,58
sciences,MOTO,PGD,0.5,BIM,0.2,30.647058823529413,32.0,0,67
sciences,MOTO,PGD,0.5,BIM,0.3,29.602941176470587,30.5,0,63
sciences,MOTO,PGD,0.5,BIM,0.4,26.147058823529413,25.0,0,60
sciences,MOTO,PGD,0.5,BIM,0.5,26.147058823529413,25.0,0,60
sciences,MOTO,PGD,0.5,BIM,0.6,26.147058823529413,25.0,0,60
sciences,MOTO,PGD,0.5,BIM,0.7,26.147058823529413,25.0,0,60
sciences,MOTO,PGD,0.5,BIM,0.8,26.147058823529413,25.0,0,60
sciences,MOTO,PGD,0.5,BIM,0.9,26.147058823529413,25.0,0,60
sciences,MOTO,PGD,0.5,BIM,1.0,26.147058823529413,25.0,0,60
sciences,OP3,PGD,0.5,BIM,0.1,14.110294117647058,9.5,0,63
sciences,OP3,PGD,0.5,BIM,0.2,19.75735294117647,16.5,0,50
sciences,OP3,PGD,0.5,BIM,0.3,20.014705882352942,17.0,0,51
sciences,OP3,PGD,0.5,BIM,0.4,19.544117647058822,17.0,0,51
sciences,OP3,PGD,0.5,BIM,0.5,19.544117647058822,17.0,0,51
sciences,OP3,PGD,0.5,BIM,0.6,19.544117647058822,17.0,0,51
sciences,OP3,PGD,0.5,BIM,0.7,19.544117647058822,17.0,0,51
sciences,OP3,PGD,0.5,BIM,0.8,19.544117647058822,17.0,0,51
sciences,OP3,PGD,0.5,BIM,0.9,19.544117647058822,17.0,0,51
sciences,OP3,PGD,0.5,BIM,1.0,19.544117647058822,17.0,0,51
sciences,S7,PGD,0.5,BIM,0.1,16.49264705882353,11.0,0,60
sciences,S7,PGD,0.5,BIM,0.2,29.00735294117647,28.5,0,64
sciences,S7,PGD,0.5,BIM,0.3,28.669117647058822,31.0,0,64
sciences,S7,PGD,0.5,BIM,0.4,25.551470588235293,23.0,0,66
sciences,S7,PGD,0.5,BIM,0.5,25.551470588235293,23.0,0,66
sciences,S7,PGD,0.5,BIM,0.6,25.551470588235293,23.0,0,66
sciences,S7,PGD,0.5,BIM,0.7,25.551470588235293,23.0,0,66
sciences,S7,PGD,0.5,BIM,0.8,25.551470588235293,23.0,0,66
sciences,S7,PGD,0.5,BIM,0.9,25.551470588235293,23.0,0,66
sciences,S7,PGD,0.5,BIM,1.0,25.551470588235293,23.0,0,66
sciences,BLU,PGD,0.6,BIM,0.1,20.323529411764707,13.0,0,67
sciences,BLU,PGD,0.6,BIM,0.2,28.38235294117647,27.5,0,64
sciences,BLU,PGD,0.6,BIM,0.3,29.529411764705884,28.0,0,64
sciences,BLU,PGD,0.6,BIM,0.4,26.24264705882353,25.5,0,67
sciences,BLU,PGD,0.6,BIM,0.5,26.24264705882353,25.5,0,67
sciences,BLU,PGD,0.6,BIM,0.6,26.24264705882353,25.5,0,67
sciences,BLU,PGD,0.6,BIM,0.7,26.24264705882353,25.5,0,67
sciences,BLU,PGD,0.6,BIM,0.8,26.24264705882353,25.5,0,67
sciences,BLU,PGD,0.6,BIM,0.9,26.24264705882353,25.5,0,67
sciences,BLU,PGD,0.6,BIM,1.0,26.24264705882353,25.5,0,67
sciences,HTC,PGD,0.6,BIM,0.1,15.522058823529411,7.5,0,60
sciences,HTC,PGD,0.6,BIM,0.2,29.551470588235293,30.5,0,64
sciences,HTC,PGD,0.6,BIM,0.3,27.88235294117647,29.5,0,64
sciences,HTC,PGD,0.6,BIM,0.4,24.985294117647058,23.0,0,67
sciences,HTC,PGD,0.6,BIM,0.5,24.985294117647058,23.0,0,67
sciences,HTC,PGD,0.6,BIM,0.6,24.985294117647058,23.0,0,67
sciences,HTC,PGD,0.6,BIM,0.7,24.985294117647058,23.0,0,67
sciences,HTC,PGD,0.6,BIM,0.8,24.985294117647058,23.0,0,67
sciences,HTC,PGD,0.6,BIM,0.9,24.985294117647058,23.0,0,67
sciences,HTC,PGD,0.6,BIM,1.0,24.985294117647058,23.0,0,67
sciences,LG,PGD,0.6,BIM,0.1,13.654411764705882,6.0,0,61
sciences,LG,PGD,0.6,BIM,0.2,28.529411764705884,27.0,0,60
sciences,LG,PGD,0.6,BIM,0.3,26.139705882352942,24.5,0,59
sciences,LG,PGD,0.6,BIM,0.4,25.522058823529413,24.0,0,62
sciences,LG,PGD,0.6,BIM,0.5,25.522058823529413,24.0,0,62
sciences,LG,PGD,0.6,BIM,0.6,25.522058823529413,24.0,0,62
sciences,LG,PGD,0.6,BIM,0.7,25.522058823529413,24.0,0,62
sciences,LG,PGD,0.6,BIM,0.8,25.522058823529413,24.0,0,62
sciences,LG,PGD,0.6,BIM,0.9,25.522058823529413,24.0,0,62
sciences,LG,PGD,0.6,BIM,1.0,25.522058823529413,24.0,0,62
sciences,MOTO,PGD,0.6,BIM,0.1,10.117647058823529,7.0,0,58
sciences,MOTO,PGD,0.6,BIM,0.2,30.647058823529413,32.0,0,67
sciences,MOTO,PGD,0.6,BIM,0.3,29.602941176470587,30.5,0,63
sciences,MOTO,PGD,0.6,BIM,0.4,26.147058823529413,25.0,0,60
sciences,MOTO,PGD,0.6,BIM,0.5,26.147058823529413,25.0,0,60
sciences,MOTO,PGD,0.6,BIM,0.6,26.147058823529413,25.0,0,60
sciences,MOTO,PGD,0.6,BIM,0.7,26.147058823529413,25.0,0,60
sciences,MOTO,PGD,0.6,BIM,0.8,26.147058823529413,25.0,0,60
sciences,MOTO,PGD,0.6,BIM,0.9,26.147058823529413,25.0,0,60
sciences,MOTO,PGD,0.6,BIM,1.0,26.147058823529413,25.0,0,60
sciences,OP3,PGD,0.6,BIM,0.1,14.110294117647058,9.5,0,63
sciences,OP3,PGD,0.6,BIM,0.2,19.75735294117647,16.5,0,50
sciences,OP3,PGD,0.6,BIM,0.3,20.014705882352942,17.0,0,51
sciences,OP3,PGD,0.6,BIM,0.4,19.544117647058822,17.0,0,51
sciences,OP3,PGD,0.6,BIM,0.5,19.544117647058822,17.0,0,51
sciences,OP3,PGD,0.6,BIM,0.6,19.544117647058822,17.0,0,51
sciences,OP3,PGD,0.6,BIM,0.7,19.544117647058822,17.0,0,51
sciences,OP3,PGD,0.6,BIM,0.8,19.544117647058822,17.0,0,51
sciences,OP3,PGD,0.6,BIM,0.9,19.544117647058822,17.0,0,51
sciences,OP3,PGD,0.6,BIM,1.0,19.544117647058822,17.0,0,51
sciences,S7,PGD,0.6,BIM,0.1,16.49264705882353,11.0,0,60
sciences,S7,PGD,0.6,BIM,0.2,29.00735294117647,28.5,0,64
sciences,S7,PGD,0.6,BIM,0.3,28.669117647058822,31.0,0,64
sciences,S7,PGD,0.6,BIM,0.4,25.551470588235293,23.0,0,66
sciences,S7,PGD,0.6,BIM,0.5,25.551470588235293,23.0,0,66
sciences,S7,PGD,0.6,BIM,0.6,25.551470588235293,23.0,0,66
sciences,S7,PGD,0.6,BIM,0.7,25.551470588235293,23.0,0,66
sciences,S7,PGD,0.6,BIM,0.8,25.551470588235293,23.0,0,66
sciences,S7,PGD,0.6,BIM,0.9,25.551470588235293,23.0,0,66
sciences,S7,PGD,0.6,BIM,1.0,25.551470588235293,23.0,0,66
sciences,BLU,PGD,0.7,BIM,0.1,20.323529411764707,13.0,0,67
sciences,BLU,PGD,0.7,BIM,0.2,28.38235294117647,27.5,0,64
sciences,BLU,PGD,0.7,BIM,0.3,29.529411764705884,28.0,0,64
sciences,BLU,PGD,0.7,BIM,0.4,26.24264705882353,25.5,0,67
sciences,BLU,PGD,0.7,BIM,0.5,26.24264705882353,25.5,0,67
sciences,BLU,PGD,0.7,BIM,0.6,26.24264705882353,25.5,0,67
sciences,BLU,PGD,0.7,BIM,0.7,26.24264705882353,25.5,0,67
sciences,BLU,PGD,0.7,BIM,0.8,26.24264705882353,25.5,0,67
sciences,BLU,PGD,0.7,BIM,0.9,26.24264705882353,25.5,0,67
sciences,BLU,PGD,0.7,BIM,1.0,26.24264705882353,25.5,0,67
sciences,HTC,PGD,0.7,BIM,0.1,15.522058823529411,7.5,0,60
sciences,HTC,PGD,0.7,BIM,0.2,29.551470588235293,30.5,0,64
sciences,HTC,PGD,0.7,BIM,0.3,27.88235294117647,29.5,0,64
sciences,HTC,PGD,0.7,BIM,0.4,24.985294117647058,23.0,0,67
sciences,HTC,PGD,0.7,BIM,0.5,24.985294117647058,23.0,0,67
sciences,HTC,PGD,0.7,BIM,0.6,24.985294117647058,23.0,0,67
sciences,HTC,PGD,0.7,BIM,0.7,24.985294117647058,23.0,0,67
sciences,HTC,PGD,0.7,BIM,0.8,24.985294117647058,23.0,0,67
sciences,HTC,PGD,0.7,BIM,0.9,24.985294117647058,23.0,0,67
sciences,HTC,PGD,0.7,BIM,1.0,24.985294117647058,23.0,0,67
sciences,LG,PGD,0.7,BIM,0.1,13.654411764705882,6.0,0,61
sciences,LG,PGD,0.7,BIM,0.2,28.529411764705884,27.0,0,60
sciences,LG,PGD,0.7,BIM,0.3,26.139705882352942,24.5,0,59
sciences,LG,PGD,0.7,BIM,0.4,25.522058823529413,24.0,0,62
sciences,LG,PGD,0.7,BIM,0.5,25.522058823529413,24.0,0,62
sciences,LG,PGD,0.7,BIM,0.6,25.522058823529413,24.0,0,62
sciences,LG,PGD,0.7,BIM,0.7,25.522058823529413,24.0,0,62
sciences,LG,PGD,0.7,BIM,0.8,25.522058823529413,24.0,0,62
sciences,LG,PGD,0.7,BIM,0.9,25.522058823529413,24.0,0,62
sciences,LG,PGD,0.7,BIM,1.0,25.522058823529413,24.0,0,62
sciences,MOTO,PGD,0.7,BIM,0.1,10.117647058823529,7.0,0,58
sciences,MOTO,PGD,0.7,BIM,0.2,30.647058823529413,32.0,0,67
sciences,MOTO,PGD,0.7,BIM,0.3,29.602941176470587,30.5,0,63
sciences,MOTO,PGD,0.7,BIM,0.4,26.147058823529413,25.0,0,60
sciences,MOTO,PGD,0.7,BIM,0.5,26.147058823529413,25.0,0,60
sciences,MOTO,PGD,0.7,BIM,0.6,26.147058823529413,25.0,0,60
sciences,MOTO,PGD,0.7,BIM,0.7,26.147058823529413,25.0,0,60
sciences,MOTO,PGD,0.7,BIM,0.8,26.147058823529413,25.0,0,60
sciences,MOTO,PGD,0.7,BIM,0.9,26.147058823529413,25.0,0,60
sciences,MOTO,PGD,0.7,BIM,1.0,26.147058823529413,25.0,0,60
sciences,OP3,PGD,0.7,BIM,0.1,14.110294117647058,9.5,0,63
sciences,OP3,PGD,0.7,BIM,0.2,19.75735294117647,16.5,0,50
sciences,OP3,PGD,0.7,BIM,0.3,20.014705882352942,17.0,0,51
sciences,OP3,PGD,0.7,BIM,0.4,19.544117647058822,17.0,0,51
sciences,OP3,PGD,0.7,BIM,0.5,19.544117647058822,17.0,0,51
sciences,OP3,PGD,0.7,BIM,0.6,19.544117647058822,17.0,0,51
sciences,OP3,PGD,0.7,BIM,0.7,19.544117647058822,17.0,0,51
sciences,OP3,PGD,0.7,BIM,0.8,19.544117647058822,17.0,0,51
sciences,OP3,PGD,0.7,BIM,0.9,19.544117647058822,17.0,0,51
sciences,OP3,PGD,0.7,BIM,1.0,19.544117647058822,17.0,0,51
sciences,S7,PGD,0.7,BIM,0.1,16.49264705882353,11.0,0,60
sciences,S7,PGD,0.7,BIM,0.2,29.00735294117647,28.5,0,64
sciences,S7,PGD,0.7,BIM,0.3,28.669117647058822,31.0,0,64
sciences,S7,PGD,0.7,BIM,0.4,25.551470588235293,23.0,0,66
sciences,S7,PGD,0.7,BIM,0.5,25.551470588235293,23.0,0,66
sciences,S7,PGD,0.7,BIM,0.6,25.551470588235293,23.0,0,66
sciences,S7,PGD,0.7,BIM,0.7,25.551470588235293,23.0,0,66
sciences,S7,PGD,0.7,BIM,0.8,25.551470588235293,23.0,0,66
sciences,S7,PGD,0.7,BIM,0.9,25.551470588235293,23.0,0,66
sciences,S7,PGD,0.7,BIM,1.0,25.551470588235293,23.0,0,66
sciences,BLU,PGD,0.8,BIM,0.1,20.323529411764707,13.0,0,67
sciences,BLU,PGD,0.8,BIM,0.2,28.38235294117647,27.5,0,64
sciences,BLU,PGD,0.8,BIM,0.3,29.529411764705884,28.0,0,64
sciences,BLU,PGD,0.8,BIM,0.4,26.24264705882353,25.5,0,67
sciences,BLU,PGD,0.8,BIM,0.5,26.24264705882353,25.5,0,67
sciences,BLU,PGD,0.8,BIM,0.6,26.24264705882353,25.5,0,67
sciences,BLU,PGD,0.8,BIM,0.7,26.24264705882353,25.5,0,67
sciences,BLU,PGD,0.8,BIM,0.8,26.24264705882353,25.5,0,67
sciences,BLU,PGD,0.8,BIM,0.9,26.24264705882353,25.5,0,67
sciences,BLU,PGD,0.8,BIM,1.0,26.24264705882353,25.5,0,67
sciences,HTC,PGD,0.8,BIM,0.1,15.522058823529411,7.5,0,60
sciences,HTC,PGD,0.8,BIM,0.2,29.551470588235293,30.5,0,64
sciences,HTC,PGD,0.8,BIM,0.3,27.88235294117647,29.5,0,64
sciences,HTC,PGD,0.8,BIM,0.4,24.985294117647058,23.0,0,67
sciences,HTC,PGD,0.8,BIM,0.5,24.985294117647058,23.0,0,67
sciences,HTC,PGD,0.8,BIM,0.6,24.985294117647058,23.0,0,67
sciences,HTC,PGD,0.8,BIM,0.7,24.985294117647058,23.0,0,67
sciences,HTC,PGD,0.8,BIM,0.8,24.985294117647058,23.0,0,67
sciences,HTC,PGD,0.8,BIM,0.9,24.985294117647058,23.0,0,67
sciences,HTC,PGD,0.8,BIM,1.0,24.985294117647058,23.0,0,67
sciences,LG,PGD,0.8,BIM,0.1,13.654411764705882,6.0,0,61
sciences,LG,PGD,0.8,BIM,0.2,28.529411764705884,27.0,0,60
sciences,LG,PGD,0.8,BIM,0.3,26.139705882352942,24.5,0,59
sciences,LG,PGD,0.8,BIM,0.4,25.522058823529413,24.0,0,62
sciences,LG,PGD,0.8,BIM,0.5,25.522058823529413,24.0,0,62
sciences,LG,PGD,0.8,BIM,0.6,25.522058823529413,24.0,0,62
sciences,LG,PGD,0.8,BIM,0.7,25.522058823529413,24.0,0,62
sciences,LG,PGD,0.8,BIM,0.8,25.522058823529413,24.0,0,62
sciences,LG,PGD,0.8,BIM,0.9,25.522058823529413,24.0,0,62
sciences,LG,PGD,0.8,BIM,1.0,25.522058823529413,24.0,0,62
sciences,MOTO,PGD,0.8,BIM,0.1,10.117647058823529,7.0,0,58
sciences,MOTO,PGD,0.8,BIM,0.2,30.647058823529413,32.0,0,67
sciences,MOTO,PGD,0.8,BIM,0.3,29.602941176470587,30.5,0,63
sciences,MOTO,PGD,0.8,BIM,0.4,26.147058823529413,25.0,0,60
sciences,MOTO,PGD,0.8,BIM,0.5,26.147058823529413,25.0,0,60
sciences,MOTO,PGD,0.8,BIM,0.6,26.147058823529413,25.0,0,60
sciences,MOTO,PGD,0.8,BIM,0.7,26.147058823529413,25.0,0,60
sciences,MOTO,PGD,0.8,BIM,0.8,26.147058823529413,25.0,0,60
sciences,MOTO,PGD,0.8,BIM,0.9,26.147058823529413,25.0,0,60
sciences,MOTO,PGD,0.8,BIM,1.0,26.147058823529413,25.0,0,60
sciences,OP3,PGD,0.8,BIM,0.1,14.110294117647058,9.5,0,63
sciences,OP3,PGD,0.8,BIM,0.2,19.75735294117647,16.5,0,50
sciences,OP3,PGD,0.8,BIM,0.3,20.014705882352942,17.0,0,51
sciences,OP3,PGD,0.8,BIM,0.4,19.544117647058822,17.0,0,51
sciences,OP3,PGD,0.8,BIM,0.5,19.544117647058822,17.0,0,51
sciences,OP3,PGD,0.8,BIM,0.6,19.544117647058822,17.0,0,51
sciences,OP3,PGD,0.8,BIM,0.7,19.544117647058822,17.0,0,51
sciences,OP3,PGD,0.8,BIM,0.8,19.544117647058822,17.0,0,51
sciences,OP3,PGD,0.8,BIM,0.9,19.544117647058822,17.0,0,51
sciences,OP3,PGD,0.8,BIM,1.0,19.544117647058822,17.0,0,51
sciences,S7,PGD,0.8,BIM,0.1,16.49264705882353,11.0,0,60
sciences,S7,PGD,0.8,BIM,0.2,29.00735294117647,28.5,0,64
sciences,S7,PGD,0.8,BIM,0.3,28.669117647058822,31.0,0,64
sciences,S7,PGD,0.8,BIM,0.4,25.551470588235293,23.0,0,66
sciences,S7,PGD,0.8,BIM,0.5,25.551470588235293,23.0,0,66
sciences,S7,PGD,0.8,BIM,0.6,25.551470588235293,23.0,0,66
sciences,S7,PGD,0.8,BIM,0.7,25.551470588235293,23.0,0,66
sciences,S7,PGD,0.8,BIM,0.8,25.551470588235293,23.0,0,66
sciences,S7,PGD,0.8,BIM,0.9,25.551470588235293,23.0,0,66
sciences,S7,PGD,0.8,BIM,1.0,25.551470588235293,23.0,0,66
sciences,BLU,PGD,0.9,BIM,0.1,20.323529411764707,13.0,0,67
sciences,BLU,PGD,0.9,BIM,0.2,28.38235294117647,27.5,0,64
sciences,BLU,PGD,0.9,BIM,0.3,29.529411764705884,28.0,0,64
sciences,BLU,PGD,0.9,BIM,0.4,26.24264705882353,25.5,0,67
sciences,BLU,PGD,0.9,BIM,0.5,26.24264705882353,25.5,0,67
sciences,BLU,PGD,0.9,BIM,0.6,26.24264705882353,25.5,0,67
sciences,BLU,PGD,0.9,BIM,0.7,26.24264705882353,25.5,0,67
sciences,BLU,PGD,0.9,BIM,0.8,26.24264705882353,25.5,0,67
sciences,BLU,PGD,0.9,BIM,0.9,26.24264705882353,25.5,0,67
sciences,BLU,PGD,0.9,BIM,1.0,26.24264705882353,25.5,0,67
sciences,HTC,PGD,0.9,BIM,0.1,15.522058823529411,7.5,0,60
sciences,HTC,PGD,0.9,BIM,0.2,29.551470588235293,30.5,0,64
sciences,HTC,PGD,0.9,BIM,0.3,27.88235294117647,29.5,0,64
sciences,HTC,PGD,0.9,BIM,0.4,24.985294117647058,23.0,0,67
sciences,HTC,PGD,0.9,BIM,0.5,24.985294117647058,23.0,0,67
sciences,HTC,PGD,0.9,BIM,0.6,24.985294117647058,23.0,0,67
sciences,HTC,PGD,0.9,BIM,0.7,24.985294117647058,23.0,0,67
sciences,HTC,PGD,0.9,BIM,0.8,24.985294117647058,23.0,0,67
sciences,HTC,PGD,0.9,BIM,0.9,24.985294117647058,23.0,0,67
sciences,HTC,PGD,0.9,BIM,1.0,24.985294117647058,23.0,0,67
sciences,LG,PGD,0.9,BIM,0.1,13.654411764705882,6.0,0,61
sciences,LG,PGD,0.9,BIM,0.2,28.529411764705884,27.0,0,60
sciences,LG,PGD,0.9,BIM,0.3,26.139705882352942,24.5,0,59
sciences,LG,PGD,0.9,BIM,0.4,25.522058823529413,24.0,0,62
sciences,LG,PGD,0.9,BIM,0.5,25.522058823529413,24.0,0,62
sciences,LG,PGD,0.9,BIM,0.6,25.522058823529413,24.0,0,62
sciences,LG,PGD,0.9,BIM,0.7,25.522058823529413,24.0,0,62
sciences,LG,PGD,0.9,BIM,0.8,25.522058823529413,24.0,0,62
sciences,LG,PGD,0.9,BIM,0.9,25.522058823529413,24.0,0,62
sciences,LG,PGD,0.9,BIM,1.0,25.522058823529413,24.0,0,62
sciences,MOTO,PGD,0.9,BIM,0.1,10.117647058823529,7.0,0,58
sciences,MOTO,PGD,0.9,BIM,0.2,30.647058823529413,32.0,0,67
sciences,MOTO,PGD,0.9,BIM,0.3,29.602941176470587,30.5,0,63
sciences,MOTO,PGD,0.9,BIM,0.4,26.147058823529413,25.0,0,60
sciences,MOTO,PGD,0.9,BIM,0.5,26.147058823529413,25.0,0,60
sciences,MOTO,PGD,0.9,BIM,0.6,26.147058823529413,25.0,0,60
sciences,MOTO,PGD,0.9,BIM,0.7,26.147058823529413,25.0,0,60
sciences,MOTO,PGD,0.9,BIM,0.8,26.147058823529413,25.0,0,60
sciences,MOTO,PGD,0.9,BIM,0.9,26.147058823529413,25.0,0,60
sciences,MOTO,PGD,0.9,BIM,1.0,26.147058823529413,25.0,0,60
sciences,OP3,PGD,0.9,BIM,0.1,14.110294117647058,9.5,0,63
sciences,OP3,PGD,0.9,BIM,0.2,19.75735294117647,16.5,0,50
sciences,OP3,PGD,0.9,BIM,0.3,20.014705882352942,17.0,0,51
sciences,OP3,PGD,0.9,BIM,0.4,19.544117647058822,17.0,0,51
sciences,OP3,PGD,0.9,BIM,0.5,19.544117647058822,17.0,0,51
sciences,OP3,PGD,0.9,BIM,0.6,19.544117647058822,17.0,0,51
sciences,OP3,PGD,0.9,BIM,0.7,19.544117647058822,17.0,0,51
sciences,OP3,PGD,0.9,BIM,0.8,19.544117647058822,17.0,0,51
sciences,OP3,PGD,0.9,BIM,0.9,19.544117647058822,17.0,0,51
sciences,OP3,PGD,0.9,BIM,1.0,19.544117647058822,17.0,0,51
sciences,S7,PGD,0.9,BIM,0.1,16.49264705882353,11.0,0,60
sciences,S7,PGD,0.9,BIM,0.2,29.00735294117647,28.5,0,64
sciences,S7,PGD,0.9,BIM,0.3,28.669117647058822,31.0,0,64
sciences,S7,PGD,0.9,BIM,0.4,25.551470588235293,23.0,0,66
sciences,S7,PGD,0.9,BIM,0.5,25.551470588235293,23.0,0,66
sciences,S7,PGD,0.9,BIM,0.6,25.551470588235293,23.0,0,66
sciences,S7,PGD,0.9,BIM,0.7,25.551470588235293,23.0,0,66
sciences,S7,PGD,0.9,BIM,0.8,25.551470588235293,23.0,0,66
sciences,S7,PGD,0.9,BIM,0.9,25.551470588235293,23.0,0,66
sciences,S7,PGD,0.9,BIM,1.0,25.551470588235293,23.0,0,66
sciences,BLU,PGD,1.0,BIM,0.1,20.323529411764707,13.0,0,67
sciences,BLU,PGD,1.0,BIM,0.2,28.38235294117647,27.5,0,64
sciences,BLU,PGD,1.0,BIM,0.3,29.529411764705884,28.0,0,64
sciences,BLU,PGD,1.0,BIM,0.4,26.24264705882353,25.5,0,67
sciences,BLU,PGD,1.0,BIM,0.5,26.24264705882353,25.5,0,67
sciences,BLU,PGD,1.0,BIM,0.6,26.24264705882353,25.5,0,67
sciences,BLU,PGD,1.0,BIM,0.7,26.24264705882353,25.5,0,67
sciences,BLU,PGD,1.0,BIM,0.8,26.24264705882353,25.5,0,67
sciences,BLU,PGD,1.0,BIM,0.9,26.24264705882353,25.5,0,67
sciences,BLU,PGD,1.0,BIM,1.0,26.24264705882353,25.5,0,67
sciences,HTC,PGD,1.0,BIM,0.1,15.522058823529411,7.5,0,60
sciences,HTC,PGD,1.0,BIM,0.2,29.551470588235293,30.5,0,64
sciences,HTC,PGD,1.0,BIM,0.3,27.88235294117647,29.5,0,64
sciences,HTC,PGD,1.0,BIM,0.4,24.985294117647058,23.0,0,67
sciences,HTC,PGD,1.0,BIM,0.5,24.985294117647058,23.0,0,67
sciences,HTC,PGD,1.0,BIM,0.6,24.985294117647058,23.0,0,67
sciences,HTC,PGD,1.0,BIM,0.7,24.985294117647058,23.0,0,67
sciences,HTC,PGD,1.0,BIM,0.8,24.985294117647058,23.0,0,67
sciences,HTC,PGD,1.0,BIM,0.9,24.985294117647058,23.0,0,67
sciences,HTC,PGD,1.0,BIM,1.0,24.985294117647058,23.0,0,67
sciences,LG,PGD,1.0,BIM,0.1,13.654411764705882,6.0,0,61
sciences,LG,PGD,1.0,BIM,0.2,28.529411764705884,27.0,0,60
sciences,LG,PGD,1.0,BIM,0.3,26.139705882352942,24.5,0,59
sciences,LG,PGD,1.0,BIM,0.4,25.522058823529413,24.0,0,62
sciences,LG,PGD,1.0,BIM,0.5,25.522058823529413,24.0,0,62
sciences,LG,PGD,1.0,BIM,0.6,25.522058823529413,24.0,0,62
sciences,LG,PGD,1.0,BIM,0.7,25.522058823529413,24.0,0,62
sciences,LG,PGD,1.0,BIM,0.8,25.522058823529413,24.0,0,62
sciences,LG,PGD,1.0,BIM,0.9,25.522058823529413,24.0,0,62
sciences,LG,PGD,1.0,BIM,1.0,25.522058823529413,24.0,0,62
sciences,MOTO,PGD,1.0,BIM,0.1,10.117647058823529,7.0,0,58
sciences,MOTO,PGD,1.0,BIM,0.2,30.647058823529413,32.0,0,67
sciences,MOTO,PGD,1.0,BIM,0.3,29.602941176470587,30.5,0,63
sciences,MOTO,PGD,1.0,BIM,0.4,26.147058823529413,25.0,0,60
sciences,MOTO,PGD,1.0,BIM,0.5,26.147058823529413,25.0,0,60
sciences,MOTO,PGD,1.0,BIM,0.6,26.147058823529413,25.0,0,60
sciences,MOTO,PGD,1.0,BIM,0.7,26.147058823529413,25.0,0,60
sciences,MOTO,PGD,1.0,BIM,0.8,26.147058823529413,25.0,0,60
sciences,MOTO,PGD,1.0,BIM,0.9,26.147058823529413,25.0,0,60
sciences,MOTO,PGD,1.0,BIM,1.0,26.147058823529413,25.0,0,60
sciences,OP3,PGD,1.0,BIM,0.1,14.110294117647058,9.5,0,63
sciences,OP3,PGD,1.0,BIM,0.2,19.75735294117647,16.5,0,50
sciences,OP3,PGD,1.0,BIM,0.3,20.014705882352942,17.0,0,51
sciences,OP3,PGD,1.0,BIM,0.4,19.544117647058822,17.0,0,51
sciences,OP3,PGD,1.0,BIM,0.5,19.544117647058822,17.0,0,51
sciences,OP3,PGD,1.0,BIM,0.6,19.544117647058822,17.0,0,51
sciences,OP3,PGD,1.0,BIM,0.7,19.544117647058822,17.0,0,51
sciences,OP3,PGD,1.0,BIM,0.8,19.544117647058822,17.0,0,51
sciences,OP3,PGD,1.0,BIM,0.9,19.544117647058822,17.0,0,51
sciences,OP3,PGD,1.0,BIM,1.0,19.544117647058822,17.0,0,51
sciences,S7,PGD,1.0,BIM,0.1,16.49264705882353,11.0,0,60
sciences,S7,PGD,1.0,BIM,0.2,29.00735294117647,28.5,0,64
sciences,S7,PGD,1.0,BIM,0.3,28.669117647058822,31.0,0,64
sciences,S7,PGD,1.0,BIM,0.4,25.551470588235293,23.0,0,66
sciences,S7,PGD,1.0,BIM,0.5,25.551470588235293,23.0,0,66
sciences,S7,PGD,1.0,BIM,0.6,25.551470588235293,23.0,0,66
sciences,S7,PGD,1.0,BIM,0.7,25.551470588235293,23.0,0,66
sciences,S7,PGD,1.0,BIM,0.8,25.551470588235293,23.0,0,66
sciences,S7,PGD,1.0,BIM,0.9,25.551470588235293,23.0,0,66
sciences,S7,PGD,1.0,BIM,1.0,25.551470588235293,23.0,0,66
sciences,BLU,MIM,0.1,BIM,0.1,9.661764705882353,7.0,0,40
sciences,BLU,MIM,0.1,BIM,0.2,18.426470588235293,15.0,0,48
sciences,BLU,MIM,0.1,BIM,0.3,19.00735294117647,17.0,0,48
sciences,BLU,MIM,0.1,BIM,0.4,19.25,17.0,0,47
sciences,BLU,MIM,0.1,BIM,0.5,19.25,17.0,0,47
sciences,BLU,MIM,0.1,BIM,0.6,19.25,17.0,0,47
sciences,BLU,MIM,0.1,BIM,0.7,19.25,17.0,0,47
sciences,BLU,MIM,0.1,BIM,0.8,19.25,17.0,0,47
sciences,BLU,MIM,0.1,BIM,0.9,19.25,17.0,0,47
sciences,BLU,MIM,0.1,BIM,1.0,19.25,17.0,0,47
sciences,HTC,MIM,0.1,BIM,0.1,13.779411764705882,11.0,0,41
sciences,HTC,MIM,0.1,BIM,0.2,19.330882352941178,16.5,0,47
sciences,HTC,MIM,0.1,BIM,0.3,19.330882352941178,17.0,0,47
sciences,HTC,MIM,0.1,BIM,0.4,19.294117647058822,17.0,0,46
sciences,HTC,MIM,0.1,BIM,0.5,19.294117647058822,17.0,0,46
sciences,HTC,MIM,0.1,BIM,0.6,19.294117647058822,17.0,0,46
sciences,HTC,MIM,0.1,BIM,0.7,19.294117647058822,17.0,0,46
sciences,HTC,MIM,0.1,BIM,0.8,19.294117647058822,17.0,0,46
sciences,HTC,MIM,0.1,BIM,0.9,19.294117647058822,17.0,0,46
sciences,HTC,MIM,0.1,BIM,1.0,19.294117647058822,17.0,0,46
sciences,LG,MIM,0.1,BIM,0.1,14.088235294117647,9.5,0,45
sciences,LG,MIM,0.1,BIM,0.2,19.154411764705884,15.0,0,48
sciences,LG,MIM,0.1,BIM,0.3,18.99264705882353,16.0,0,46
sciences,LG,MIM,0.1,BIM,0.4,19.029411764705884,16.0,0,46
sciences,LG,MIM,0.1,BIM,0.5,19.029411764705884,16.0,0,46
sciences,LG,MIM,0.1,BIM,0.6,19.029411764705884,16.0,0,46
sciences,LG,MIM,0.1,BIM,0.7,19.029411764705884,16.0,0,46
sciences,LG,MIM,0.1,BIM,0.8,19.029411764705884,16.0,0,46
sciences,LG,MIM,0.1,BIM,0.9,19.029411764705884,16.0,0,46
sciences,LG,MIM,0.1,BIM,1.0,19.029411764705884,16.0,0,46
sciences,MOTO,MIM,0.1,BIM,0.1,22.639705882352942,14.0,0,65
sciences,MOTO,MIM,0.1,BIM,0.2,31.58823529411765,31.5,0,65
sciences,MOTO,MIM,0.1,BIM,0.3,31.58823529411765,31.5,0,65
sciences,MOTO,MIM,0.1,BIM,0.4,31.58823529411765,31.5,0,65
sciences,MOTO,MIM,0.1,BIM,0.5,31.58823529411765,31.5,0,65
sciences,MOTO,MIM,0.1,BIM,0.6,31.58823529411765,31.5,0,65
sciences,MOTO,MIM,0.1,BIM,0.7,31.58823529411765,31.5,0,65
sciences,MOTO,MIM,0.1,BIM,0.8,31.58823529411765,31.5,0,65
sciences,MOTO,MIM,0.1,BIM,0.9,31.58823529411765,31.5,0,65
sciences,MOTO,MIM,0.1,BIM,1.0,31.58823529411765,31.5,0,65
sciences,OP3,MIM,0.1,BIM,0.1,18.654411764705884,6.0,0,66
sciences,OP3,MIM,0.1,BIM,0.2,31.58823529411765,31.5,0,65
sciences,OP3,MIM,0.1,BIM,0.3,31.58823529411765,31.5,0,65
sciences,OP3,MIM,0.1,BIM,0.4,31.58823529411765,31.5,0,65
sciences,OP3,MIM,0.1,BIM,0.5,31.58823529411765,31.5,0,65
sciences,OP3,MIM,0.1,BIM,0.6,31.58823529411765,31.5,0,65
sciences,OP3,MIM,0.1,BIM,0.7,31.58823529411765,31.5,0,65
sciences,OP3,MIM,0.1,BIM,0.8,31.58823529411765,31.5,0,65
sciences,OP3,MIM,0.1,BIM,0.9,31.58823529411765,31.5,0,65
sciences,OP3,MIM,0.1,BIM,1.0,31.58823529411765,31.5,0,65
sciences,S7,MIM,0.1,BIM,0.1,10.926470588235293,8.0,0,44
sciences,S7,MIM,0.1,BIM,0.2,18.735294117647058,16.0,0,47
sciences,S7,MIM,0.1,BIM,0.3,19.345588235294116,17.0,0,47
sciences,S7,MIM,0.1,BIM,0.4,19.28676470588235,17.0,0,46
sciences,S7,MIM,0.1,BIM,0.5,19.28676470588235,17.0,0,46
sciences,S7,MIM,0.1,BIM,0.6,19.28676470588235,17.0,0,46
sciences,S7,MIM,0.1,BIM,0.7,19.28676470588235,17.0,0,46
sciences,S7,MIM,0.1,BIM,0.8,19.28676470588235,17.0,0,46
sciences,S7,MIM,0.1,BIM,0.9,19.28676470588235,17.0,0,46
sciences,S7,MIM,0.1,BIM,1.0,19.28676470588235,17.0,0,46
sciences,BLU,MIM,0.2,BIM,0.1,6.132352941176471,6.0,0,21
sciences,BLU,MIM,0.2,BIM,0.2,6.095588235294118,3.0,0,62
sciences,BLU,MIM,0.2,BIM,0.3,14.647058823529411,9.0,0,58
sciences,BLU,MIM,0.2,BIM,0.4,17.375,15.0,1,58
sciences,BLU,MIM,0.2,BIM,0.5,17.375,15.0,1,58
sciences,BLU,MIM,0.2,BIM,0.6,17.375,15.0,1,58
sciences,BLU,MIM,0.2,BIM,0.7,17.375,15.0,1,58
sciences,BLU,MIM,0.2,BIM,0.8,17.375,15.0,1,58
sciences,BLU,MIM,0.2,BIM,0.9,17.375,15.0,1,58
sciences,BLU,MIM,0.2,BIM,1.0,17.375,15.0,1,58
sciences,HTC,MIM,0.2,BIM,0.1,3.7794117647058822,3.0,0,19
sciences,HTC,MIM,0.2,BIM,0.2,5.492647058823529,3.5,0,43
sciences,HTC,MIM,0.2,BIM,0.3,9.279411764705882,6.0,0,49
sciences,HTC,MIM,0.2,BIM,0.4,18.33823529411765,11.0,0,58
sciences,HTC,MIM,0.2,BIM,0.5,18.33823529411765,11.0,0,58
sciences,HTC,MIM,0.2,BIM,0.6,18.33823529411765,11.0,0,58
sciences,HTC,MIM,0.2,BIM,0.7,18.33823529411765,11.0,0,58
sciences,HTC,MIM,0.2,BIM,0.8,18.33823529411765,11.0,0,58
sciences,HTC,MIM,0.2,BIM,0.9,18.33823529411765,11.0,0,58
sciences,HTC,MIM,0.2,BIM,1.0,18.33823529411765,11.0,0,58
sciences,LG,MIM,0.2,BIM,0.1,3.2794117647058822,2.0,0,53
sciences,LG,MIM,0.2,BIM,0.2,5.625,4.0,0,59
sciences,LG,MIM,0.2,BIM,0.3,12.477941176470589,9.0,0,51
sciences,LG,MIM,0.2,BIM,0.4,18.455882352941178,15.0,0,58
sciences,LG,MIM,0.2,BIM,0.5,18.455882352941178,15.0,0,58
sciences,LG,MIM,0.2,BIM,0.6,18.455882352941178,15.0,0,58
sciences,LG,MIM,0.2,BIM,0.7,18.455882352941178,15.0,0,58
sciences,LG,MIM,0.2,BIM,0.8,18.455882352941178,15.0,0,58
sciences,LG,MIM,0.2,BIM,0.9,18.455882352941178,15.0,0,58
sciences,LG,MIM,0.2,BIM,1.0,18.455882352941178,15.0,0,58
sciences,MOTO,MIM,0.2,BIM,0.1,8.852941176470589,6.0,0,64
sciences,MOTO,MIM,0.2,BIM,0.2,29.419117647058822,23.0,0,66
sciences,MOTO,MIM,0.2,BIM,0.3,32.51470588235294,32.5,0,66
sciences,MOTO,MIM,0.2,BIM,0.4,32.529411764705884,32.5,0,66
sciences,MOTO,MIM,0.2,BIM,0.5,32.529411764705884,32.5,0,66
sciences,MOTO,MIM,0.2,BIM,0.6,32.529411764705884,32.5,0,66
sciences,MOTO,MIM,0.2,BIM,0.7,32.529411764705884,32.5,0,66
sciences,MOTO,MIM,0.2,BIM,0.8,32.529411764705884,32.5,0,66
sciences,MOTO,MIM,0.2,BIM,0.9,32.529411764705884,32.5,0,66
sciences,MOTO,MIM,0.2,BIM,1.0,32.529411764705884,32.5,0,66
sciences,OP3,MIM,0.2,BIM,0.1,8.375,7.0,0,65
sciences,OP3,MIM,0.2,BIM,0.2,31.095588235294116,30.0,0,66
sciences,OP3,MIM,0.2,BIM,0.3,32.51470588235294,32.5,0,66
sciences,OP3,MIM,0.2,BIM,0.4,32.529411764705884,32.5,0,66
sciences,OP3,MIM,0.2,BIM,0.5,32.529411764705884,32.5,0,66
sciences,OP3,MIM,0.2,BIM,0.6,32.529411764705884,32.5,0,66
sciences,OP3,MIM,0.2,BIM,0.7,32.529411764705884,32.5,0,66
sciences,OP3,MIM,0.2,BIM,0.8,32.529411764705884,32.5,0,66
sciences,OP3,MIM,0.2,BIM,0.9,32.529411764705884,32.5,0,66
sciences,OP3,MIM,0.2,BIM,1.0,32.529411764705884,32.5,0,66
sciences,S7,MIM,0.2,BIM,0.1,5.536764705882353,5.0,0,20
sciences,S7,MIM,0.2,BIM,0.2,2.823529411764706,2.0,0,20
sciences,S7,MIM,0.2,BIM,0.3,8.308823529411764,6.0,0,52
sciences,S7,MIM,0.2,BIM,0.4,20.205882352941178,13.0,0,59
sciences,S7,MIM,0.2,BIM,0.5,20.205882352941178,13.0,0,59
sciences,S7,MIM,0.2,BIM,0.6,20.205882352941178,13.0,0,59
sciences,S7,MIM,0.2,BIM,0.7,20.205882352941178,13.0,0,59
sciences,S7,MIM,0.2,BIM,0.8,20.205882352941178,13.0,0,59
sciences,S7,MIM,0.2,BIM,0.9,20.205882352941178,13.0,0,59
sciences,S7,MIM,0.2,BIM,1.0,20.205882352941178,13.0,0,59
sciences,BLU,MIM,0.3,BIM,0.1,14.977941176470589,11.0,0,62
sciences,BLU,MIM,0.3,BIM,0.2,14.360294117647058,12.0,0,55
sciences,BLU,MIM,0.3,BIM,0.3,7.9338235294117645,3.0,0,62
sciences,BLU,MIM,0.3,BIM,0.4,17.294117647058822,12.0,0,62
sciences,BLU,MIM,0.3,BIM,0.5,17.294117647058822,12.0,0,62
sciences,BLU,MIM,0.3,BIM,0.6,17.294117647058822,12.0,0,62
sciences,BLU,MIM,0.3,BIM,0.7,17.294117647058822,12.0,0,62
sciences,BLU,MIM,0.3,BIM,0.8,17.294117647058822,12.0,0,62
sciences,BLU,MIM,0.3,BIM,0.9,17.294117647058822,12.0,0,62
sciences,BLU,MIM,0.3,BIM,1.0,17.294117647058822,12.0,0,62
sciences,HTC,MIM,0.3,BIM,0.1,13.058823529411764,10.0,0,44
sciences,HTC,MIM,0.3,BIM,0.2,7.647058823529412,5.0,0,55
sciences,HTC,MIM,0.3,BIM,0.3,5.448529411764706,4.0,0,42
sciences,HTC,MIM,0.3,BIM,0.4,12.014705882352942,9.0,0,50
sciences,HTC,MIM,0.3,BIM,0.5,12.014705882352942,9.0,0,50
sciences,HTC,MIM,0.3,BIM,0.6,12.014705882352942,9.0,0,50
sciences,HTC,MIM,0.3,BIM,0.7,12.014705882352942,9.0,0,50
sciences,HTC,MIM,0.3,BIM,0.8,12.014705882352942,9.0,0,50
sciences,HTC,MIM,0.3,BIM,0.9,12.014705882352942,9.0,0,50
sciences,HTC,MIM,0.3,BIM,1.0,12.014705882352942,9.0,0,50
sciences,LG,MIM,0.3,BIM,0.1,14.985294117647058,13.0,0,61
sciences,LG,MIM,0.3,BIM,0.2,6.455882352941177,3.0,0,57
sciences,LG,MIM,0.3,BIM,0.3,6.720588235294118,5.0,0,59
sciences,LG,MIM,0.3,BIM,0.4,12.588235294117647,9.0,0,57
sciences,LG,MIM,0.3,BIM,0.5,12.588235294117647,9.0,0,57
sciences,LG,MIM,0.3,BIM,0.6,12.588235294117647,9.0,0,57
sciences,LG,MIM,0.3,BIM,0.7,12.588235294117647,9.0,0,57
sciences,LG,MIM,0.3,BIM,0.8,12.588235294117647,9.0,0,57
sciences,LG,MIM,0.3,BIM,0.9,12.588235294117647,9.0,0,57
sciences,LG,MIM,0.3,BIM,1.0,12.588235294117647,9.0,0,57
sciences,MOTO,MIM,0.3,BIM,0.1,12.264705882352942,6.0,0,66
sciences,MOTO,MIM,0.3,BIM,0.2,31.647058823529413,31.5,0,66
sciences,MOTO,MIM,0.3,BIM,0.3,32.529411764705884,32.5,0,66
sciences,MOTO,MIM,0.3,BIM,0.4,32.529411764705884,32.5,0,66
sciences,MOTO,MIM,0.3,BIM,0.5,32.529411764705884,32.5,0,66
sciences,MOTO,MIM,0.3,BIM,0.6,32.529411764705884,32.5,0,66
sciences,MOTO,MIM,0.3,BIM,0.7,32.529411764705884,32.5,0,66
sciences,MOTO,MIM,0.3,BIM,0.8,32.529411764705884,32.5,0,66
sciences,MOTO,MIM,0.3,BIM,0.9,32.529411764705884,32.5,0,66
sciences,MOTO,MIM,0.3,BIM,1.0,32.529411764705884,32.5,0,66
sciences,OP3,MIM,0.3,BIM,0.1,10.316176470588236,7.0,0,66
sciences,OP3,MIM,0.3,BIM,0.2,31.08823529411765,29.0,0,66
sciences,OP3,MIM,0.3,BIM,0.3,32.529411764705884,32.5,0,66
sciences,OP3,MIM,0.3,BIM,0.4,32.529411764705884,32.5,0,66
sciences,OP3,MIM,0.3,BIM,0.5,32.529411764705884,32.5,0,66
sciences,OP3,MIM,0.3,BIM,0.6,32.529411764705884,32.5,0,66
sciences,OP3,MIM,0.3,BIM,0.7,32.529411764705884,32.5,0,66
sciences,OP3,MIM,0.3,BIM,0.8,32.529411764705884,32.5,0,66
sciences,OP3,MIM,0.3,BIM,0.9,32.529411764705884,32.5,0,66
sciences,OP3,MIM,0.3,BIM,1.0,32.529411764705884,32.5,0,66
sciences,S7,MIM,0.3,BIM,0.1,10.014705882352942,9.0,0,50
sciences,S7,MIM,0.3,BIM,0.2,9.816176470588236,7.0,0,55
sciences,S7,MIM,0.3,BIM,0.3,3.3823529411764706,2.0,0,37
sciences,S7,MIM,0.3,BIM,0.4,14.897058823529411,10.5,0,54
sciences,S7,MIM,0.3,BIM,0.5,14.897058823529411,10.5,0,54
sciences,S7,MIM,0.3,BIM,0.6,14.897058823529411,10.5,0,54
sciences,S7,MIM,0.3,BIM,0.7,14.897058823529411,10.5,0,54
sciences,S7,MIM,0.3,BIM,0.8,14.897058823529411,10.5,0,54
sciences,S7,MIM,0.3,BIM,0.9,14.897058823529411,10.5,0,54
sciences,S7,MIM,0.3,BIM,1.0,14.897058823529411,10.5,0,54
sciences,BLU,MIM,0.4,BIM,0.1,11.764705882352942,9.0,0,54
sciences,BLU,MIM,0.4,BIM,0.2,18.639705882352942,17.0,0,49
sciences,BLU,MIM,0.4,BIM,0.3,16.102941176470587,14.0,0,44
sciences,BLU,MIM,0.4,BIM,0.4,10.176470588235293,3.0,0,61
sciences,BLU,MIM,0.4,BIM,0.5,10.176470588235293,3.0,0,61
sciences,BLU,MIM,0.4,BIM,0.6,10.176470588235293,3.0,0,61
sciences,BLU,MIM,0.4,BIM,0.7,10.176470588235293,3.0,0,61
sciences,BLU,MIM,0.4,BIM,0.8,10.176470588235293,3.0,0,61
sciences,BLU,MIM,0.4,BIM,0.9,10.176470588235293,3.0,0,61
sciences,BLU,MIM,0.4,BIM,1.0,10.176470588235293,3.0,0,61
sciences,HTC,MIM,0.4,BIM,0.1,13.125,9.0,0,62
sciences,HTC,MIM,0.4,BIM,0.2,18.073529411764707,13.5,0,49
sciences,HTC,MIM,0.4,BIM,0.3,12.735294117647058,5.0,0,55
sciences,HTC,MIM,0.4,BIM,0.4,4.5661764705882355,4.0,0,37
sciences,HTC,MIM,0.4,BIM,0.5,4.5661764705882355,4.0,0,37
sciences,HTC,MIM,0.4,BIM,0.6,4.5661764705882355,4.0,0,37
sciences,HTC,MIM,0.4,BIM,0.7,4.5661764705882355,4.0,0,37
sciences,HTC,MIM,0.4,BIM,0.8,4.5661764705882355,4.0,0,37
sciences,HTC,MIM,0.4,BIM,0.9,4.5661764705882355,4.0,0,37
sciences,HTC,MIM,0.4,BIM,1.0,4.5661764705882355,4.0,0,37
sciences,LG,MIM,0.4,BIM,0.1,14.875,12.0,0,60
sciences,LG,MIM,0.4,BIM,0.2,15.514705882352942,12.0,0,60
sciences,LG,MIM,0.4,BIM,0.3,9.419117647058824,3.0,0,59
sciences,LG,MIM,0.4,BIM,0.4,6.698529411764706,5.0,0,59
sciences,LG,MIM,0.4,BIM,0.5,6.698529411764706,5.0,0,59
sciences,LG,MIM,0.4,BIM,0.6,6.698529411764706,5.0,0,59
sciences,LG,MIM,0.4,BIM,0.7,6.698529411764706,5.0,0,59
sciences,LG,MIM,0.4,BIM,0.8,6.698529411764706,5.0,0,59
sciences,LG,MIM,0.4,BIM,0.9,6.698529411764706,5.0,0,59
sciences,LG,MIM,0.4,BIM,1.0,6.698529411764706,5.0,0,59
sciences,MOTO,MIM,0.4,BIM,0.1,9.588235294117647,6.0,0,64
sciences,MOTO,MIM,0.4,BIM,0.2,32.0,32.0,0,66
sciences,MOTO,MIM,0.4,BIM,0.3,31.610294117647058,31.5,0,65
sciences,MOTO,MIM,0.4,BIM,0.4,31.58823529411765,31.5,0,65
sciences,MOTO,MIM,0.4,BIM,0.5,31.58823529411765,31.5,0,65
sciences,MOTO,MIM,0.4,BIM,0.6,31.58823529411765,31.5,0,65
sciences,MOTO,MIM,0.4,BIM,0.7,31.58823529411765,31.5,0,65
sciences,MOTO,MIM,0.4,BIM,0.8,31.58823529411765,31.5,0,65
sciences,MOTO,MIM,0.4,BIM,0.9,31.58823529411765,31.5,0,65
sciences,MOTO,MIM,0.4,BIM,1.0,31.58823529411765,31.5,0,65
sciences,OP3,MIM,0.4,BIM,0.1,8.154411764705882,8.0,0,24
sciences,OP3,MIM,0.4,BIM,0.2,31.345588235294116,31.0,0,65
sciences,OP3,MIM,0.4,BIM,0.3,31.602941176470587,31.5,0,65
sciences,OP3,MIM,0.4,BIM,0.4,31.58823529411765,31.5,0,65
sciences,OP3,MIM,0.4,BIM,0.5,31.58823529411765,31.5,0,65
sciences,OP3,MIM,0.4,BIM,0.6,31.58823529411765,31.5,0,65
sciences,OP3,MIM,0.4,BIM,0.7,31.58823529411765,31.5,0,65
sciences,OP3,MIM,0.4,BIM,0.8,31.58823529411765,31.5,0,65
sciences,OP3,MIM,0.4,BIM,0.9,31.58823529411765,31.5,0,65
sciences,OP3,MIM,0.4,BIM,1.0,31.58823529411765,31.5,0,65
sciences,S7,MIM,0.4,BIM,0.1,9.183823529411764,8.0,0,57
sciences,S7,MIM,0.4,BIM,0.2,16.125,13.0,1,49
sciences,S7,MIM,0.4,BIM,0.3,13.301470588235293,10.0,0,55
sciences,S7,MIM,0.4,BIM,0.4,4.522058823529412,2.0,0,47
sciences,S7,MIM,0.4,BIM,0.5,4.522058823529412,2.0,0,47
sciences,S7,MIM,0.4,BIM,0.6,4.522058823529412,2.0,0,47
sciences,S7,MIM,0.4,BIM,0.7,4.522058823529412,2.0,0,47
sciences,S7,MIM,0.4,BIM,0.8,4.522058823529412,2.0,0,47
sciences,S7,MIM,0.4,BIM,0.9,4.522058823529412,2.0,0,47
sciences,S7,MIM,0.4,BIM,1.0,4.522058823529412,2.0,0,47
sciences,BLU,MIM,0.5,BIM,0.1,11.764705882352942,9.0,0,54
sciences,BLU,MIM,0.5,BIM,0.2,18.639705882352942,17.0,0,49
sciences,BLU,MIM,0.5,BIM,0.3,16.102941176470587,14.0,0,44
sciences,BLU,MIM,0.5,BIM,0.4,10.176470588235293,3.0,0,61
sciences,BLU,MIM,0.5,BIM,0.5,10.176470588235293,3.0,0,61
sciences,BLU,MIM,0.5,BIM,0.6,10.176470588235293,3.0,0,61
sciences,BLU,MIM,0.5,BIM,0.7,10.176470588235293,3.0,0,61
sciences,BLU,MIM,0.5,BIM,0.8,10.176470588235293,3.0,0,61
sciences,BLU,MIM,0.5,BIM,0.9,10.176470588235293,3.0,0,61
sciences,BLU,MIM,0.5,BIM,1.0,10.176470588235293,3.0,0,61
sciences,HTC,MIM,0.5,BIM,0.1,13.125,9.0,0,62
sciences,HTC,MIM,0.5,BIM,0.2,18.073529411764707,13.5,0,49
sciences,HTC,MIM,0.5,BIM,0.3,12.735294117647058,5.0,0,55
sciences,HTC,MIM,0.5,BIM,0.4,4.5661764705882355,4.0,0,37
sciences,HTC,MIM,0.5,BIM,0.5,4.5661764705882355,4.0,0,37
sciences,HTC,MIM,0.5,BIM,0.6,4.5661764705882355,4.0,0,37
sciences,HTC,MIM,0.5,BIM,0.7,4.5661764705882355,4.0,0,37
sciences,HTC,MIM,0.5,BIM,0.8,4.5661764705882355,4.0,0,37
sciences,HTC,MIM,0.5,BIM,0.9,4.5661764705882355,4.0,0,37
sciences,HTC,MIM,0.5,BIM,1.0,4.5661764705882355,4.0,0,37
sciences,LG,MIM,0.5,BIM,0.1,14.875,12.0,0,60
sciences,LG,MIM,0.5,BIM,0.2,15.514705882352942,12.0,0,60
sciences,LG,MIM,0.5,BIM,0.3,9.419117647058824,3.0,0,59
sciences,LG,MIM,0.5,BIM,0.4,6.698529411764706,5.0,0,59
sciences,LG,MIM,0.5,BIM,0.5,6.698529411764706,5.0,0,59
sciences,LG,MIM,0.5,BIM,0.6,6.698529411764706,5.0,0,59
sciences,LG,MIM,0.5,BIM,0.7,6.698529411764706,5.0,0,59
sciences,LG,MIM,0.5,BIM,0.8,6.698529411764706,5.0,0,59
sciences,LG,MIM,0.5,BIM,0.9,6.698529411764706,5.0,0,59
sciences,LG,MIM,0.5,BIM,1.0,6.698529411764706,5.0,0,59
sciences,MOTO,MIM,0.5,BIM,0.1,9.588235294117647,6.0,0,64
sciences,MOTO,MIM,0.5,BIM,0.2,32.0,32.0,0,66
sciences,MOTO,MIM,0.5,BIM,0.3,31.610294117647058,31.5,0,65
sciences,MOTO,MIM,0.5,BIM,0.4,31.58823529411765,31.5,0,65
sciences,MOTO,MIM,0.5,BIM,0.5,31.58823529411765,31.5,0,65
sciences,MOTO,MIM,0.5,BIM,0.6,31.58823529411765,31.5,0,65
sciences,MOTO,MIM,0.5,BIM,0.7,31.58823529411765,31.5,0,65
sciences,MOTO,MIM,0.5,BIM,0.8,31.58823529411765,31.5,0,65
sciences,MOTO,MIM,0.5,BIM,0.9,31.58823529411765,31.5,0,65
sciences,MOTO,MIM,0.5,BIM,1.0,31.58823529411765,31.5,0,65
sciences,OP3,MIM,0.5,BIM,0.1,8.154411764705882,8.0,0,24
sciences,OP3,MIM,0.5,BIM,0.2,31.345588235294116,31.0,0,65
sciences,OP3,MIM,0.5,BIM,0.3,31.602941176470587,31.5,0,65
sciences,OP3,MIM,0.5,BIM,0.4,31.58823529411765,31.5,0,65
sciences,OP3,MIM,0.5,BIM,0.5,31.58823529411765,31.5,0,65
sciences,OP3,MIM,0.5,BIM,0.6,31.58823529411765,31.5,0,65
sciences,OP3,MIM,0.5,BIM,0.7,31.58823529411765,31.5,0,65
sciences,OP3,MIM,0.5,BIM,0.8,31.58823529411765,31.5,0,65
sciences,OP3,MIM,0.5,BIM,0.9,31.58823529411765,31.5,0,65
sciences,OP3,MIM,0.5,BIM,1.0,31.58823529411765,31.5,0,65
sciences,S7,MIM,0.5,BIM,0.1,9.183823529411764,8.0,0,57
sciences,S7,MIM,0.5,BIM,0.2,16.125,13.0,1,49
sciences,S7,MIM,0.5,BIM,0.3,13.301470588235293,10.0,0,55
sciences,S7,MIM,0.5,BIM,0.4,4.522058823529412,2.0,0,47
sciences,S7,MIM,0.5,BIM,0.5,4.522058823529412,2.0,0,47
sciences,S7,MIM,0.5,BIM,0.6,4.522058823529412,2.0,0,47
sciences,S7,MIM,0.5,BIM,0.7,4.522058823529412,2.0,0,47
sciences,S7,MIM,0.5,BIM,0.8,4.522058823529412,2.0,0,47
sciences,S7,MIM,0.5,BIM,0.9,4.522058823529412,2.0,0,47
sciences,S7,MIM,0.5,BIM,1.0,4.522058823529412,2.0,0,47
sciences,BLU,MIM,0.6,BIM,0.1,11.764705882352942,9.0,0,54
sciences,BLU,MIM,0.6,BIM,0.2,18.639705882352942,17.0,0,49
sciences,BLU,MIM,0.6,BIM,0.3,16.102941176470587,14.0,0,44
sciences,BLU,MIM,0.6,BIM,0.4,10.176470588235293,3.0,0,61
sciences,BLU,MIM,0.6,BIM,0.5,10.176470588235293,3.0,0,61
sciences,BLU,MIM,0.6,BIM,0.6,10.176470588235293,3.0,0,61
sciences,BLU,MIM,0.6,BIM,0.7,10.176470588235293,3.0,0,61
sciences,BLU,MIM,0.6,BIM,0.8,10.176470588235293,3.0,0,61
sciences,BLU,MIM,0.6,BIM,0.9,10.176470588235293,3.0,0,61
sciences,BLU,MIM,0.6,BIM,1.0,10.176470588235293,3.0,0,61
sciences,HTC,MIM,0.6,BIM,0.1,13.125,9.0,0,62
sciences,HTC,MIM,0.6,BIM,0.2,18.073529411764707,13.5,0,49
sciences,HTC,MIM,0.6,BIM,0.3,12.735294117647058,5.0,0,55
sciences,HTC,MIM,0.6,BIM,0.4,4.5661764705882355,4.0,0,37
sciences,HTC,MIM,0.6,BIM,0.5,4.5661764705882355,4.0,0,37
sciences,HTC,MIM,0.6,BIM,0.6,4.5661764705882355,4.0,0,37
sciences,HTC,MIM,0.6,BIM,0.7,4.5661764705882355,4.0,0,37
sciences,HTC,MIM,0.6,BIM,0.8,4.5661764705882355,4.0,0,37
sciences,HTC,MIM,0.6,BIM,0.9,4.5661764705882355,4.0,0,37
sciences,HTC,MIM,0.6,BIM,1.0,4.5661764705882355,4.0,0,37
sciences,LG,MIM,0.6,BIM,0.1,14.875,12.0,0,60
sciences,LG,MIM,0.6,BIM,0.2,15.514705882352942,12.0,0,60
sciences,LG,MIM,0.6,BIM,0.3,9.419117647058824,3.0,0,59
sciences,LG,MIM,0.6,BIM,0.4,6.698529411764706,5.0,0,59
sciences,LG,MIM,0.6,BIM,0.5,6.698529411764706,5.0,0,59
sciences,LG,MIM,0.6,BIM,0.6,6.698529411764706,5.0,0,59
sciences,LG,MIM,0.6,BIM,0.7,6.698529411764706,5.0,0,59
sciences,LG,MIM,0.6,BIM,0.8,6.698529411764706,5.0,0,59
sciences,LG,MIM,0.6,BIM,0.9,6.698529411764706,5.0,0,59
sciences,LG,MIM,0.6,BIM,1.0,6.698529411764706,5.0,0,59
sciences,MOTO,MIM,0.6,BIM,0.1,9.588235294117647,6.0,0,64
sciences,MOTO,MIM,0.6,BIM,0.2,32.0,32.0,0,66
sciences,MOTO,MIM,0.6,BIM,0.3,31.610294117647058,31.5,0,65
sciences,MOTO,MIM,0.6,BIM,0.4,31.58823529411765,31.5,0,65
sciences,MOTO,MIM,0.6,BIM,0.5,31.58823529411765,31.5,0,65
sciences,MOTO,MIM,0.6,BIM,0.6,31.58823529411765,31.5,0,65
sciences,MOTO,MIM,0.6,BIM,0.7,31.58823529411765,31.5,0,65
sciences,MOTO,MIM,0.6,BIM,0.8,31.58823529411765,31.5,0,65
sciences,MOTO,MIM,0.6,BIM,0.9,31.58823529411765,31.5,0,65
sciences,MOTO,MIM,0.6,BIM,1.0,31.58823529411765,31.5,0,65
sciences,OP3,MIM,0.6,BIM,0.1,8.154411764705882,8.0,0,24
sciences,OP3,MIM,0.6,BIM,0.2,31.345588235294116,31.0,0,65
sciences,OP3,MIM,0.6,BIM,0.3,31.602941176470587,31.5,0,65
sciences,OP3,MIM,0.6,BIM,0.4,31.58823529411765,31.5,0,65
sciences,OP3,MIM,0.6,BIM,0.5,31.58823529411765,31.5,0,65
sciences,OP3,MIM,0.6,BIM,0.6,31.58823529411765,31.5,0,65
sciences,OP3,MIM,0.6,BIM,0.7,31.58823529411765,31.5,0,65
sciences,OP3,MIM,0.6,BIM,0.8,31.58823529411765,31.5,0,65
sciences,OP3,MIM,0.6,BIM,0.9,31.58823529411765,31.5,0,65
sciences,OP3,MIM,0.6,BIM,1.0,31.58823529411765,31.5,0,65
sciences,S7,MIM,0.6,BIM,0.1,9.183823529411764,8.0,0,57
sciences,S7,MIM,0.6,BIM,0.2,16.125,13.0,1,49
sciences,S7,MIM,0.6,BIM,0.3,13.301470588235293,10.0,0,55
sciences,S7,MIM,0.6,BIM,0.4,4.522058823529412,2.0,0,47
sciences,S7,MIM,0.6,BIM,0.5,4.522058823529412,2.0,0,47
sciences,S7,MIM,0.6,BIM,0.6,4.522058823529412,2.0,0,47
sciences,S7,MIM,0.6,BIM,0.7,4.522058823529412,2.0,0,47
sciences,S7,MIM,0.6,BIM,0.8,4.522058823529412,2.0,0,47
sciences,S7,MIM,0.6,BIM,0.9,4.522058823529412,2.0,0,47
sciences,S7,MIM,0.6,BIM,1.0,4.522058823529412,2.0,0,47
sciences,BLU,MIM,0.7,BIM,0.1,11.764705882352942,9.0,0,54
sciences,BLU,MIM,0.7,BIM,0.2,18.639705882352942,17.0,0,49
sciences,BLU,MIM,0.7,BIM,0.3,16.102941176470587,14.0,0,44
sciences,BLU,MIM,0.7,BIM,0.4,10.176470588235293,3.0,0,61
sciences,BLU,MIM,0.7,BIM,0.5,10.176470588235293,3.0,0,61
sciences,BLU,MIM,0.7,BIM,0.6,10.176470588235293,3.0,0,61
sciences,BLU,MIM,0.7,BIM,0.7,10.176470588235293,3.0,0,61
sciences,BLU,MIM,0.7,BIM,0.8,10.176470588235293,3.0,0,61
sciences,BLU,MIM,0.7,BIM,0.9,10.176470588235293,3.0,0,61
sciences,BLU,MIM,0.7,BIM,1.0,10.176470588235293,3.0,0,61
sciences,HTC,MIM,0.7,BIM,0.1,13.125,9.0,0,62
sciences,HTC,MIM,0.7,BIM,0.2,18.073529411764707,13.5,0,49
sciences,HTC,MIM,0.7,BIM,0.3,12.735294117647058,5.0,0,55
sciences,HTC,MIM,0.7,BIM,0.4,4.5661764705882355,4.0,0,37
sciences,HTC,MIM,0.7,BIM,0.5,4.5661764705882355,4.0,0,37
sciences,HTC,MIM,0.7,BIM,0.6,4.5661764705882355,4.0,0,37
sciences,HTC,MIM,0.7,BIM,0.7,4.5661764705882355,4.0,0,37
sciences,HTC,MIM,0.7,BIM,0.8,4.5661764705882355,4.0,0,37
sciences,HTC,MIM,0.7,BIM,0.9,4.5661764705882355,4.0,0,37
sciences,HTC,MIM,0.7,BIM,1.0,4.5661764705882355,4.0,0,37
sciences,LG,MIM,0.7,BIM,0.1,14.875,12.0,0,60
sciences,LG,MIM,0.7,BIM,0.2,15.514705882352942,12.0,0,60
sciences,LG,MIM,0.7,BIM,0.3,9.419117647058824,3.0,0,59
sciences,LG,MIM,0.7,BIM,0.4,6.698529411764706,5.0,0,59
sciences,LG,MIM,0.7,BIM,0.5,6.698529411764706,5.0,0,59
sciences,LG,MIM,0.7,BIM,0.6,6.698529411764706,5.0,0,59
sciences,LG,MIM,0.7,BIM,0.7,6.698529411764706,5.0,0,59
sciences,LG,MIM,0.7,BIM,0.8,6.698529411764706,5.0,0,59
sciences,LG,MIM,0.7,BIM,0.9,6.698529411764706,5.0,0,59
sciences,LG,MIM,0.7,BIM,1.0,6.698529411764706,5.0,0,59
sciences,MOTO,MIM,0.7,BIM,0.1,9.588235294117647,6.0,0,64
sciences,MOTO,MIM,0.7,BIM,0.2,32.0,32.0,0,66
sciences,MOTO,MIM,0.7,BIM,0.3,31.610294117647058,31.5,0,65
sciences,MOTO,MIM,0.7,BIM,0.4,31.58823529411765,31.5,0,65
sciences,MOTO,MIM,0.7,BIM,0.5,31.58823529411765,31.5,0,65
sciences,MOTO,MIM,0.7,BIM,0.6,31.58823529411765,31.5,0,65
sciences,MOTO,MIM,0.7,BIM,0.7,31.58823529411765,31.5,0,65
sciences,MOTO,MIM,0.7,BIM,0.8,31.58823529411765,31.5,0,65
sciences,MOTO,MIM,0.7,BIM,0.9,31.58823529411765,31.5,0,65
sciences,MOTO,MIM,0.7,BIM,1.0,31.58823529411765,31.5,0,65
sciences,OP3,MIM,0.7,BIM,0.1,8.154411764705882,8.0,0,24
sciences,OP3,MIM,0.7,BIM,0.2,31.345588235294116,31.0,0,65
sciences,OP3,MIM,0.7,BIM,0.3,31.602941176470587,31.5,0,65
sciences,OP3,MIM,0.7,BIM,0.4,31.58823529411765,31.5,0,65
sciences,OP3,MIM,0.7,BIM,0.5,31.58823529411765,31.5,0,65
sciences,OP3,MIM,0.7,BIM,0.6,31.58823529411765,31.5,0,65
sciences,OP3,MIM,0.7,BIM,0.7,31.58823529411765,31.5,0,65
sciences,OP3,MIM,0.7,BIM,0.8,31.58823529411765,31.5,0,65
sciences,OP3,MIM,0.7,BIM,0.9,31.58823529411765,31.5,0,65
sciences,OP3,MIM,0.7,BIM,1.0,31.58823529411765,31.5,0,65
sciences,S7,MIM,0.7,BIM,0.1,9.183823529411764,8.0,0,57
sciences,S7,MIM,0.7,BIM,0.2,16.125,13.0,1,49
sciences,S7,MIM,0.7,BIM,0.3,13.301470588235293,10.0,0,55
sciences,S7,MIM,0.7,BIM,0.4,4.522058823529412,2.0,0,47
sciences,S7,MIM,0.7,BIM,0.5,4.522058823529412,2.0,0,47
sciences,S7,MIM,0.7,BIM,0.6,4.522058823529412,2.0,0,47
sciences,S7,MIM,0.7,BIM,0.7,4.522058823529412,2.0,0,47
sciences,S7,MIM,0.7,BIM,0.8,4.522058823529412,2.0,0,47
sciences,S7,MIM,0.7,BIM,0.9,4.522058823529412,2.0,0,47
sciences,S7,MIM,0.7,BIM,1.0,4.522058823529412,2.0,0,47
sciences,BLU,MIM,0.8,BIM,0.1,11.764705882352942,9.0,0,54
sciences,BLU,MIM,0.8,BIM,0.2,18.639705882352942,17.0,0,49
sciences,BLU,MIM,0.8,BIM,0.3,16.102941176470587,14.0,0,44
sciences,BLU,MIM,0.8,BIM,0.4,10.176470588235293,3.0,0,61
sciences,BLU,MIM,0.8,BIM,0.5,10.176470588235293,3.0,0,61
sciences,BLU,MIM,0.8,BIM,0.6,10.176470588235293,3.0,0,61
sciences,BLU,MIM,0.8,BIM,0.7,10.176470588235293,3.0,0,61
sciences,BLU,MIM,0.8,BIM,0.8,10.176470588235293,3.0,0,61
sciences,BLU,MIM,0.8,BIM,0.9,10.176470588235293,3.0,0,61
sciences,BLU,MIM,0.8,BIM,1.0,10.176470588235293,3.0,0,61
sciences,HTC,MIM,0.8,BIM,0.1,13.125,9.0,0,62
sciences,HTC,MIM,0.8,BIM,0.2,18.073529411764707,13.5,0,49
sciences,HTC,MIM,0.8,BIM,0.3,12.735294117647058,5.0,0,55
sciences,HTC,MIM,0.8,BIM,0.4,4.5661764705882355,4.0,0,37
sciences,HTC,MIM,0.8,BIM,0.5,4.5661764705882355,4.0,0,37
sciences,HTC,MIM,0.8,BIM,0.6,4.5661764705882355,4.0,0,37
sciences,HTC,MIM,0.8,BIM,0.7,4.5661764705882355,4.0,0,37
sciences,HTC,MIM,0.8,BIM,0.8,4.5661764705882355,4.0,0,37
sciences,HTC,MIM,0.8,BIM,0.9,4.5661764705882355,4.0,0,37
sciences,HTC,MIM,0.8,BIM,1.0,4.5661764705882355,4.0,0,37
sciences,LG,MIM,0.8,BIM,0.1,14.875,12.0,0,60
sciences,LG,MIM,0.8,BIM,0.2,15.514705882352942,12.0,0,60
sciences,LG,MIM,0.8,BIM,0.3,9.419117647058824,3.0,0,59
sciences,LG,MIM,0.8,BIM,0.4,6.698529411764706,5.0,0,59
sciences,LG,MIM,0.8,BIM,0.5,6.698529411764706,5.0,0,59
sciences,LG,MIM,0.8,BIM,0.6,6.698529411764706,5.0,0,59
sciences,LG,MIM,0.8,BIM,0.7,6.698529411764706,5.0,0,59
sciences,LG,MIM,0.8,BIM,0.8,6.698529411764706,5.0,0,59
sciences,LG,MIM,0.8,BIM,0.9,6.698529411764706,5.0,0,59
sciences,LG,MIM,0.8,BIM,1.0,6.698529411764706,5.0,0,59
sciences,MOTO,MIM,0.8,BIM,0.1,9.588235294117647,6.0,0,64
sciences,MOTO,MIM,0.8,BIM,0.2,32.0,32.0,0,66
sciences,MOTO,MIM,0.8,BIM,0.3,31.610294117647058,31.5,0,65
sciences,MOTO,MIM,0.8,BIM,0.4,31.58823529411765,31.5,0,65
sciences,MOTO,MIM,0.8,BIM,0.5,31.58823529411765,31.5,0,65
sciences,MOTO,MIM,0.8,BIM,0.6,31.58823529411765,31.5,0,65
sciences,MOTO,MIM,0.8,BIM,0.7,31.58823529411765,31.5,0,65
sciences,MOTO,MIM,0.8,BIM,0.8,31.58823529411765,31.5,0,65
sciences,MOTO,MIM,0.8,BIM,0.9,31.58823529411765,31.5,0,65
sciences,MOTO,MIM,0.8,BIM,1.0,31.58823529411765,31.5,0,65
sciences,OP3,MIM,0.8,BIM,0.1,8.154411764705882,8.0,0,24
sciences,OP3,MIM,0.8,BIM,0.2,31.345588235294116,31.0,0,65
sciences,OP3,MIM,0.8,BIM,0.3,31.602941176470587,31.5,0,65
sciences,OP3,MIM,0.8,BIM,0.4,31.58823529411765,31.5,0,65
sciences,OP3,MIM,0.8,BIM,0.5,31.58823529411765,31.5,0,65
sciences,OP3,MIM,0.8,BIM,0.6,31.58823529411765,31.5,0,65
sciences,OP3,MIM,0.8,BIM,0.7,31.58823529411765,31.5,0,65
sciences,OP3,MIM,0.8,BIM,0.8,31.58823529411765,31.5,0,65
sciences,OP3,MIM,0.8,BIM,0.9,31.58823529411765,31.5,0,65
sciences,OP3,MIM,0.8,BIM,1.0,31.58823529411765,31.5,0,65
sciences,S7,MIM,0.8,BIM,0.1,9.183823529411764,8.0,0,57
sciences,S7,MIM,0.8,BIM,0.2,16.125,13.0,1,49
sciences,S7,MIM,0.8,BIM,0.3,13.301470588235293,10.0,0,55
sciences,S7,MIM,0.8,BIM,0.4,4.522058823529412,2.0,0,47
sciences,S7,MIM,0.8,BIM,0.5,4.522058823529412,2.0,0,47
sciences,S7,MIM,0.8,BIM,0.6,4.522058823529412,2.0,0,47
sciences,S7,MIM,0.8,BIM,0.7,4.522058823529412,2.0,0,47
sciences,S7,MIM,0.8,BIM,0.8,4.522058823529412,2.0,0,47
sciences,S7,MIM,0.8,BIM,0.9,4.522058823529412,2.0,0,47
sciences,S7,MIM,0.8,BIM,1.0,4.522058823529412,2.0,0,47
sciences,BLU,MIM,0.9,BIM,0.1,11.764705882352942,9.0,0,54
sciences,BLU,MIM,0.9,BIM,0.2,18.639705882352942,17.0,0,49
sciences,BLU,MIM,0.9,BIM,0.3,16.102941176470587,14.0,0,44
sciences,BLU,MIM,0.9,BIM,0.4,10.176470588235293,3.0,0,61
sciences,BLU,MIM,0.9,BIM,0.5,10.176470588235293,3.0,0,61
sciences,BLU,MIM,0.9,BIM,0.6,10.176470588235293,3.0,0,61
sciences,BLU,MIM,0.9,BIM,0.7,10.176470588235293,3.0,0,61
sciences,BLU,MIM,0.9,BIM,0.8,10.176470588235293,3.0,0,61
sciences,BLU,MIM,0.9,BIM,0.9,10.176470588235293,3.0,0,61
sciences,BLU,MIM,0.9,BIM,1.0,10.176470588235293,3.0,0,61
sciences,HTC,MIM,0.9,BIM,0.1,13.125,9.0,0,62
sciences,HTC,MIM,0.9,BIM,0.2,18.073529411764707,13.5,0,49
sciences,HTC,MIM,0.9,BIM,0.3,12.735294117647058,5.0,0,55
sciences,HTC,MIM,0.9,BIM,0.4,4.5661764705882355,4.0,0,37
sciences,HTC,MIM,0.9,BIM,0.5,4.5661764705882355,4.0,0,37
sciences,HTC,MIM,0.9,BIM,0.6,4.5661764705882355,4.0,0,37
sciences,HTC,MIM,0.9,BIM,0.7,4.5661764705882355,4.0,0,37
sciences,HTC,MIM,0.9,BIM,0.8,4.5661764705882355,4.0,0,37
sciences,HTC,MIM,0.9,BIM,0.9,4.5661764705882355,4.0,0,37
sciences,HTC,MIM,0.9,BIM,1.0,4.5661764705882355,4.0,0,37
sciences,LG,MIM,0.9,BIM,0.1,14.875,12.0,0,60
sciences,LG,MIM,0.9,BIM,0.2,15.514705882352942,12.0,0,60
sciences,LG,MIM,0.9,BIM,0.3,9.419117647058824,3.0,0,59
sciences,LG,MIM,0.9,BIM,0.4,6.698529411764706,5.0,0,59
sciences,LG,MIM,0.9,BIM,0.5,6.698529411764706,5.0,0,59
sciences,LG,MIM,0.9,BIM,0.6,6.698529411764706,5.0,0,59
sciences,LG,MIM,0.9,BIM,0.7,6.698529411764706,5.0,0,59
sciences,LG,MIM,0.9,BIM,0.8,6.698529411764706,5.0,0,59
sciences,LG,MIM,0.9,BIM,0.9,6.698529411764706,5.0,0,59
sciences,LG,MIM,0.9,BIM,1.0,6.698529411764706,5.0,0,59
sciences,MOTO,MIM,0.9,BIM,0.1,9.588235294117647,6.0,0,64
sciences,MOTO,MIM,0.9,BIM,0.2,32.0,32.0,0,66
sciences,MOTO,MIM,0.9,BIM,0.3,31.610294117647058,31.5,0,65
sciences,MOTO,MIM,0.9,BIM,0.4,31.58823529411765,31.5,0,65
sciences,MOTO,MIM,0.9,BIM,0.5,31.58823529411765,31.5,0,65
sciences,MOTO,MIM,0.9,BIM,0.6,31.58823529411765,31.5,0,65
sciences,MOTO,MIM,0.9,BIM,0.7,31.58823529411765,31.5,0,65
sciences,MOTO,MIM,0.9,BIM,0.8,31.58823529411765,31.5,0,65
sciences,MOTO,MIM,0.9,BIM,0.9,31.58823529411765,31.5,0,65
sciences,MOTO,MIM,0.9,BIM,1.0,31.58823529411765,31.5,0,65
sciences,OP3,MIM,0.9,BIM,0.1,8.154411764705882,8.0,0,24
sciences,OP3,MIM,0.9,BIM,0.2,31.345588235294116,31.0,0,65
sciences,OP3,MIM,0.9,BIM,0.3,31.602941176470587,31.5,0,65
sciences,OP3,MIM,0.9,BIM,0.4,31.58823529411765,31.5,0,65
sciences,OP3,MIM,0.9,BIM,0.5,31.58823529411765,31.5,0,65
sciences,OP3,MIM,0.9,BIM,0.6,31.58823529411765,31.5,0,65
sciences,OP3,MIM,0.9,BIM,0.7,31.58823529411765,31.5,0,65
sciences,OP3,MIM,0.9,BIM,0.8,31.58823529411765,31.5,0,65
sciences,OP3,MIM,0.9,BIM,0.9,31.58823529411765,31.5,0,65
sciences,OP3,MIM,0.9,BIM,1.0,31.58823529411765,31.5,0,65
sciences,S7,MIM,0.9,BIM,0.1,9.183823529411764,8.0,0,57
sciences,S7,MIM,0.9,BIM,0.2,16.125,13.0,1,49
sciences,S7,MIM,0.9,BIM,0.3,13.301470588235293,10.0,0,55
sciences,S7,MIM,0.9,BIM,0.4,4.522058823529412,2.0,0,47
sciences,S7,MIM,0.9,BIM,0.5,4.522058823529412,2.0,0,47
sciences,S7,MIM,0.9,BIM,0.6,4.522058823529412,2.0,0,47
sciences,S7,MIM,0.9,BIM,0.7,4.522058823529412,2.0,0,47
sciences,S7,MIM,0.9,BIM,0.8,4.522058823529412,2.0,0,47
sciences,S7,MIM,0.9,BIM,0.9,4.522058823529412,2.0,0,47
sciences,S7,MIM,0.9,BIM,1.0,4.522058823529412,2.0,0,47
sciences,BLU,MIM,1.0,BIM,0.1,11.764705882352942,9.0,0,54
sciences,BLU,MIM,1.0,BIM,0.2,18.639705882352942,17.0,0,49
sciences,BLU,MIM,1.0,BIM,0.3,16.102941176470587,14.0,0,44
sciences,BLU,MIM,1.0,BIM,0.4,10.176470588235293,3.0,0,61
sciences,BLU,MIM,1.0,BIM,0.5,10.176470588235293,3.0,0,61
sciences,BLU,MIM,1.0,BIM,0.6,10.176470588235293,3.0,0,61
sciences,BLU,MIM,1.0,BIM,0.7,10.176470588235293,3.0,0,61
sciences,BLU,MIM,1.0,BIM,0.8,10.176470588235293,3.0,0,61
sciences,BLU,MIM,1.0,BIM,0.9,10.176470588235293,3.0,0,61
sciences,BLU,MIM,1.0,BIM,1.0,10.176470588235293,3.0,0,61
sciences,HTC,MIM,1.0,BIM,0.1,13.125,9.0,0,62
sciences,HTC,MIM,1.0,BIM,0.2,18.073529411764707,13.5,0,49
sciences,HTC,MIM,1.0,BIM,0.3,12.735294117647058,5.0,0,55
sciences,HTC,MIM,1.0,BIM,0.4,4.5661764705882355,4.0,0,37
sciences,HTC,MIM,1.0,BIM,0.5,4.5661764705882355,4.0,0,37
sciences,HTC,MIM,1.0,BIM,0.6,4.5661764705882355,4.0,0,37
sciences,HTC,MIM,1.0,BIM,0.7,4.5661764705882355,4.0,0,37
sciences,HTC,MIM,1.0,BIM,0.8,4.5661764705882355,4.0,0,37
sciences,HTC,MIM,1.0,BIM,0.9,4.5661764705882355,4.0,0,37
sciences,HTC,MIM,1.0,BIM,1.0,4.5661764705882355,4.0,0,37
sciences,LG,MIM,1.0,BIM,0.1,14.875,12.0,0,60
sciences,LG,MIM,1.0,BIM,0.2,15.514705882352942,12.0,0,60
sciences,LG,MIM,1.0,BIM,0.3,9.419117647058824,3.0,0,59
sciences,LG,MIM,1.0,BIM,0.4,6.698529411764706,5.0,0,59
sciences,LG,MIM,1.0,BIM,0.5,6.698529411764706,5.0,0,59
sciences,LG,MIM,1.0,BIM,0.6,6.698529411764706,5.0,0,59
sciences,LG,MIM,1.0,BIM,0.7,6.698529411764706,5.0,0,59
sciences,LG,MIM,1.0,BIM,0.8,6.698529411764706,5.0,0,59
sciences,LG,MIM,1.0,BIM,0.9,6.698529411764706,5.0,0,59
sciences,LG,MIM,1.0,BIM,1.0,6.698529411764706,5.0,0,59
sciences,MOTO,MIM,1.0,BIM,0.1,9.588235294117647,6.0,0,64
sciences,MOTO,MIM,1.0,BIM,0.2,32.0,32.0,0,66
sciences,MOTO,MIM,1.0,BIM,0.3,31.610294117647058,31.5,0,65
sciences,MOTO,MIM,1.0,BIM,0.4,31.58823529411765,31.5,0,65
sciences,MOTO,MIM,1.0,BIM,0.5,31.58823529411765,31.5,0,65
sciences,MOTO,MIM,1.0,BIM,0.6,31.58823529411765,31.5,0,65
sciences,MOTO,MIM,1.0,BIM,0.7,31.58823529411765,31.5,0,65
sciences,MOTO,MIM,1.0,BIM,0.8,31.58823529411765,31.5,0,65
sciences,MOTO,MIM,1.0,BIM,0.9,31.58823529411765,31.5,0,65
sciences,MOTO,MIM,1.0,BIM,1.0,31.58823529411765,31.5,0,65
sciences,OP3,MIM,1.0,BIM,0.1,8.154411764705882,8.0,0,24
sciences,OP3,MIM,1.0,BIM,0.2,31.345588235294116,31.0,0,65
sciences,OP3,MIM,1.0,BIM,0.3,31.602941176470587,31.5,0,65
sciences,OP3,MIM,1.0,BIM,0.4,31.58823529411765,31.5,0,65
sciences,OP3,MIM,1.0,BIM,0.5,31.58823529411765,31.5,0,65
sciences,OP3,MIM,1.0,BIM,0.6,31.58823529411765,31.5,0,65
sciences,OP3,MIM,1.0,BIM,0.7,31.58823529411765,31.5,0,65
sciences,OP3,MIM,1.0,BIM,0.8,31.58823529411765,31.5,0,65
sciences,OP3,MIM,1.0,BIM,0.9,31.58823529411765,31.5,0,65
sciences,OP3,MIM,1.0,BIM,1.0,31.58823529411765,31.5,0,65
sciences,S7,MIM,1.0,BIM,0.1,9.183823529411764,8.0,0,57
sciences,S7,MIM,1.0,BIM,0.2,16.125,13.0,1,49
sciences,S7,MIM,1.0,BIM,0.3,13.301470588235293,10.0,0,55
sciences,S7,MIM,1.0,BIM,0.4,4.522058823529412,2.0,0,47
sciences,S7,MIM,1.0,BIM,0.5,4.522058823529412,2.0,0,47
sciences,S7,MIM,1.0,BIM,0.6,4.522058823529412,2.0,0,47
sciences,S7,MIM,1.0,BIM,0.7,4.522058823529412,2.0,0,47
sciences,S7,MIM,1.0,BIM,0.8,4.522058823529412,2.0,0,47
sciences,S7,MIM,1.0,BIM,0.9,4.522058823529412,2.0,0,47
sciences,S7,MIM,1.0,BIM,1.0,4.522058823529412,2.0,0,47
sciences,BLU,BIM,0.1,BIM,0.1,8.507352941176471,6.0,0,59
sciences,BLU,BIM,0.1,BIM,0.2,19.779411764705884,17.0,0,48
sciences,BLU,BIM,0.1,BIM,0.3,21.308823529411764,19.0,0,47
sciences,BLU,BIM,0.1,BIM,0.4,19.38235294117647,17.0,0,47
sciences,BLU,BIM,0.1,BIM,0.5,19.38235294117647,17.0,0,47
sciences,BLU,BIM,0.1,BIM,0.6,19.38235294117647,17.0,0,47
sciences,BLU,BIM,0.1,BIM,0.7,19.38235294117647,17.0,0,47
sciences,BLU,BIM,0.1,BIM,0.8,19.38235294117647,17.0,0,47
sciences,BLU,BIM,0.1,BIM,0.9,19.38235294117647,17.0,0,47
sciences,BLU,BIM,0.1,BIM,1.0,19.38235294117647,17.0,0,47
sciences,HTC,BIM,0.1,BIM,0.1,8.382352941176471,6.5,0,40
sciences,HTC,BIM,0.1,BIM,0.2,14.470588235294118,12.0,0,50
sciences,HTC,BIM,0.1,BIM,0.3,19.323529411764707,17.0,0,46
sciences,HTC,BIM,0.1,BIM,0.4,19.294117647058822,17.0,0,46
sciences,HTC,BIM,0.1,BIM,0.5,19.294117647058822,17.0,0,46
sciences,HTC,BIM,0.1,BIM,0.6,19.294117647058822,17.0,0,46
sciences,HTC,BIM,0.1,BIM,0.7,19.294117647058822,17.0,0,46
sciences,HTC,BIM,0.1,BIM,0.8,19.294117647058822,17.0,0,46
sciences,HTC,BIM,0.1,BIM,0.9,19.294117647058822,17.0,0,46
sciences,HTC,BIM,0.1,BIM,1.0,19.294117647058822,17.0,0,46
sciences,LG,BIM,0.1,BIM,0.1,14.036764705882353,10.0,0,43
sciences,LG,BIM,0.1,BIM,0.2,19.316176470588236,15.0,0,48
sciences,LG,BIM,0.1,BIM,0.3,19.073529411764707,16.0,0,46
sciences,LG,BIM,0.1,BIM,0.4,19.33823529411765,17.5,0,46
sciences,LG,BIM,0.1,BIM,0.5,19.33823529411765,17.5,0,46
sciences,LG,BIM,0.1,BIM,0.6,19.33823529411765,17.5,0,46
sciences,LG,BIM,0.1,BIM,0.7,19.33823529411765,17.5,0,46
sciences,LG,BIM,0.1,BIM,0.8,19.33823529411765,17.5,0,46
sciences,LG,BIM,0.1,BIM,0.9,19.33823529411765,17.5,0,46
sciences,LG,BIM,0.1,BIM,1.0,19.33823529411765,17.5,0,46
sciences,MOTO,BIM,0.1,BIM,0.1,5.3088235294117645,3.0,0,18
sciences,MOTO,BIM,0.1,BIM,0.2,16.066176470588236,13.0,0,46
sciences,MOTO,BIM,0.1,BIM,0.3,19.485294117647058,17.0,0,47
sciences,MOTO,BIM,0.1,BIM,0.4,19.294117647058822,17.0,0,46
sciences,MOTO,BIM,0.1,BIM,0.5,19.294117647058822,17.0,0,46
sciences,MOTO,BIM,0.1,BIM,0.6,19.294117647058822,17.0,0,46
sciences,MOTO,BIM,0.1,BIM,0.7,19.294117647058822,17.0,0,46
sciences,MOTO,BIM,0.1,BIM,0.8,19.294117647058822,17.0,0,46
sciences,MOTO,BIM,0.1,BIM,0.9,19.294117647058822,17.0,0,46
sciences,MOTO,BIM,0.1,BIM,1.0,19.294117647058822,17.0,0,46
sciences,OP3,BIM,0.1,BIM,0.1,2.9705882352941178,0.0,0,26
sciences,OP3,BIM,0.1,BIM,0.2,15.529411764705882,12.5,0,47
sciences,OP3,BIM,0.1,BIM,0.3,18.41176470588235,16.0,0,47
sciences,OP3,BIM,0.1,BIM,0.4,18.58823529411765,16.0,0,46
sciences,OP3,BIM,0.1,BIM,0.5,18.58823529411765,16.0,0,46
sciences,OP3,BIM,0.1,BIM,0.6,18.58823529411765,16.0,0,46
sciences,OP3,BIM,0.1,BIM,0.7,18.58823529411765,16.0,0,46
sciences,OP3,BIM,0.1,BIM,0.8,18.58823529411765,16.0,0,46
sciences,OP3,BIM,0.1,BIM,0.9,18.58823529411765,16.0,0,46
sciences,OP3,BIM,0.1,BIM,1.0,18.58823529411765,16.0,0,46
sciences,S7,BIM,0.1,BIM,0.1,10.022058823529411,8.5,0,43
sciences,S7,BIM,0.1,BIM,0.2,16.948529411764707,14.0,0,44
sciences,S7,BIM,0.1,BIM,0.3,19.095588235294116,17.0,0,47
sciences,S7,BIM,0.1,BIM,0.4,19.294117647058822,17.0,0,46
sciences,S7,BIM,0.1,BIM,0.5,19.294117647058822,17.0,0,46
sciences,S7,BIM,0.1,BIM,0.6,19.294117647058822,17.0,0,46
sciences,S7,BIM,0.1,BIM,0.7,19.294117647058822,17.0,0,46
sciences,S7,BIM,0.1,BIM,0.8,19.294117647058822,17.0,0,46
sciences,S7,BIM,0.1,BIM,0.9,19.294117647058822,17.0,0,46
sciences,S7,BIM,0.1,BIM,1.0,19.294117647058822,17.0,0,46
sciences,BLU,BIM,0.2,BIM,0.1,6.875,6.0,0,62
sciences,BLU,BIM,0.2,BIM,0.2,6.632352941176471,3.0,0,66
sciences,BLU,BIM,0.2,BIM,0.3,14.764705882352942,9.0,0,59
sciences,BLU,BIM,0.2,BIM,0.4,17.0,13.5,0,59
sciences,BLU,BIM,0.2,BIM,0.5,17.0,13.5,0,59
sciences,BLU,BIM,0.2,BIM,0.6,17.0,13.5,0,59
sciences,BLU,BIM,0.2,BIM,0.7,17.0,13.5,0,59
sciences,BLU,BIM,0.2,BIM,0.8,17.0,13.5,0,59
sciences,BLU,BIM,0.2,BIM,0.9,17.0,13.5,0,59
sciences,BLU,BIM,0.2,BIM,1.0,17.0,13.5,0,59
sciences,HTC,BIM,0.2,BIM,0.1,3.573529411764706,2.5,0,54
sciences,HTC,BIM,0.2,BIM,0.2,6.338235294117647,4.0,0,44
sciences,HTC,BIM,0.2,BIM,0.3,18.5,10.0,0,53
sciences,HTC,BIM,0.2,BIM,0.4,22.88235294117647,20.0,0,53
sciences,HTC,BIM,0.2,BIM,0.5,22.88235294117647,20.0,0,53
sciences,HTC,BIM,0.2,BIM,0.6,22.88235294117647,20.0,0,53
sciences,HTC,BIM,0.2,BIM,0.7,22.88235294117647,20.0,0,53
sciences,HTC,BIM,0.2,BIM,0.8,22.88235294117647,20.0,0,53
sciences,HTC,BIM,0.2,BIM,0.9,22.88235294117647,20.0,0,53
sciences,HTC,BIM,0.2,BIM,1.0,22.88235294117647,20.0,0,53
sciences,LG,BIM,0.2,BIM,0.1,3.051470588235294,2.0,0,67
sciences,LG,BIM,0.2,BIM,0.2,5.6911764705882355,4.0,0,59
sciences,LG,BIM,0.2,BIM,0.3,13.882352941176471,8.0,0,53
sciences,LG,BIM,0.2,BIM,0.4,24.5,21.5,0,58
sciences,LG,BIM,0.2,BIM,0.5,24.5,21.5,0,58
sciences,LG,BIM,0.2,BIM,0.6,24.5,21.5,0,58
sciences,LG,BIM,0.2,BIM,0.7,24.5,21.5,0,58
sciences,LG,BIM,0.2,BIM,0.8,24.5,21.5,0,58
sciences,LG,BIM,0.2,BIM,0.9,24.5,21.5,0,58
sciences,LG,BIM,0.2,BIM,1.0,24.5,21.5,0,58
sciences,MOTO,BIM,0.2,BIM,0.1,4.911764705882353,4.0,0,62
sciences,MOTO,BIM,0.2,BIM,0.2,3.198529411764706,2.0,0,64
sciences,MOTO,BIM,0.2,BIM,0.3,6.169117647058823,5.0,0,38
sciences,MOTO,BIM,0.2,BIM,0.4,11.904411764705882,7.0,0,58
sciences,MOTO,BIM,0.2,BIM,0.5,11.904411764705882,7.0,0,58
sciences,MOTO,BIM,0.2,BIM,0.6,11.904411764705882,7.0,0,58
sciences,MOTO,BIM,0.2,BIM,0.7,11.904411764705882,7.0,0,58
sciences,MOTO,BIM,0.2,BIM,0.8,11.904411764705882,7.0,0,58
sciences,MOTO,BIM,0.2,BIM,0.9,11.904411764705882,7.0,0,58
sciences,MOTO,BIM,0.2,BIM,1.0,11.904411764705882,7.0,0,58
sciences,OP3,BIM,0.2,BIM,0.1,4.852941176470588,4.0,0,53
sciences,OP3,BIM,0.2,BIM,0.2,0.3235294117647059,0.0,0,6
sciences,OP3,BIM,0.2,BIM,0.3,11.669117647058824,6.5,0,50
sciences,OP3,BIM,0.2,BIM,0.4,17.433823529411764,11.0,0,53
sciences,OP3,BIM,0.2,BIM,0.5,17.433823529411764,11.0,0,53
sciences,OP3,BIM,0.2,BIM,0.6,17.433823529411764,11.0,0,53
sciences,OP3,BIM,0.2,BIM,0.7,17.433823529411764,11.0,0,53
sciences,OP3,BIM,0.2,BIM,0.8,17.433823529411764,11.0,0,53
sciences,OP3,BIM,0.2,BIM,0.9,17.433823529411764,11.0,0,53
sciences,OP3,BIM,0.2,BIM,1.0,17.433823529411764,11.0,0,53
sciences,S7,BIM,0.2,BIM,0.1,4.625,4.0,0,15
sciences,S7,BIM,0.2,BIM,0.2,2.676470588235294,2.0,0,15
sciences,S7,BIM,0.2,BIM,0.3,11.794117647058824,7.0,0,49
sciences,S7,BIM,0.2,BIM,0.4,17.580882352941178,13.5,0,53
sciences,S7,BIM,0.2,BIM,0.5,17.580882352941178,13.5,0,53
sciences,S7,BIM,0.2,BIM,0.6,17.580882352941178,13.5,0,53
sciences,S7,BIM,0.2,BIM,0.7,17.580882352941178,13.5,0,53
sciences,S7,BIM,0.2,BIM,0.8,17.580882352941178,13.5,0,53
sciences,S7,BIM,0.2,BIM,0.9,17.580882352941178,13.5,0,53
sciences,S7,BIM,0.2,BIM,1.0,17.580882352941178,13.5,0,53
sciences,BLU,BIM,0.3,BIM,0.1,14.786764705882353,11.0,0,58
sciences,BLU,BIM,0.3,BIM,0.2,13.985294117647058,11.5,0,55
sciences,BLU,BIM,0.3,BIM,0.3,8.654411764705882,2.0,0,67
sciences,BLU,BIM,0.3,BIM,0.4,15.404411764705882,9.5,0,63
sciences,BLU,BIM,0.3,BIM,0.5,15.404411764705882,9.5,0,63
sciences,BLU,BIM,0.3,BIM,0.6,15.404411764705882,9.5,0,63
sciences,BLU,BIM,0.3,BIM,0.7,15.404411764705882,9.5,0,63
sciences,BLU,BIM,0.3,BIM,0.8,15.404411764705882,9.5,0,63
sciences,BLU,BIM,0.3,BIM,0.9,15.404411764705882,9.5,0,63
sciences,BLU,BIM,0.3,BIM,1.0,15.404411764705882,9.5,0,63
sciences,HTC,BIM,0.3,BIM,0.1,14.625,11.0,0,44
sciences,HTC,BIM,0.3,BIM,0.2,6.639705882352941,4.5,0,22
sciences,HTC,BIM,0.3,BIM,0.3,5.147058823529412,3.5,0,42
sciences,HTC,BIM,0.3,BIM,0.4,12.448529411764707,9.0,0,41
sciences,HTC,BIM,0.3,BIM,0.5,12.448529411764707,9.0,0,41
sciences,HTC,BIM,0.3,BIM,0.6,12.448529411764707,9.0,0,41
sciences,HTC,BIM,0.3,BIM,0.7,12.448529411764707,9.0,0,41
sciences,HTC,BIM,0.3,BIM,0.8,12.448529411764707,9.0,0,41
sciences,HTC,BIM,0.3,BIM,0.9,12.448529411764707,9.0,0,41
sciences,HTC,BIM,0.3,BIM,1.0,12.448529411764707,9.0,0,41
sciences,LG,BIM,0.3,BIM,0.1,14.0,12.0,0,52
sciences,LG,BIM,0.3,BIM,0.2,9.198529411764707,3.0,0,67
sciences,LG,BIM,0.3,BIM,0.3,6.279411764705882,5.0,0,59
sciences,LG,BIM,0.3,BIM,0.4,11.455882352941176,8.5,0,58
sciences,LG,BIM,0.3,BIM,0.5,11.455882352941176,8.5,0,58
sciences,LG,BIM,0.3,BIM,0.6,11.455882352941176,8.5,0,58
sciences,LG,BIM,0.3,BIM,0.7,11.455882352941176,8.5,0,58
sciences,LG,BIM,0.3,BIM,0.8,11.455882352941176,8.5,0,58
sciences,LG,BIM,0.3,BIM,0.9,11.455882352941176,8.5,0,58
sciences,LG,BIM,0.3,BIM,1.0,11.455882352941176,8.5,0,58
sciences,MOTO,BIM,0.3,BIM,0.1,9.794117647058824,7.0,0,51
sciences,MOTO,BIM,0.3,BIM,0.2,13.154411764705882,12.0,0,64
sciences,MOTO,BIM,0.3,BIM,0.3,3.661764705882353,2.0,0,67
sciences,MOTO,BIM,0.3,BIM,0.4,7.279411764705882,5.0,0,57
sciences,MOTO,BIM,0.3,BIM,0.5,7.279411764705882,5.0,0,57
sciences,MOTO,BIM,0.3,BIM,0.6,7.279411764705882,5.0,0,57
sciences,MOTO,BIM,0.3,BIM,0.7,7.279411764705882,5.0,0,57
sciences,MOTO,BIM,0.3,BIM,0.8,7.279411764705882,5.0,0,57
sciences,MOTO,BIM,0.3,BIM,0.9,7.279411764705882,5.0,0,57
sciences,MOTO,BIM,0.3,BIM,1.0,7.279411764705882,5.0,0,57
sciences,OP3,BIM,0.3,BIM,0.1,6.705882352941177,6.0,0,32
sciences,OP3,BIM,0.3,BIM,0.2,9.830882352941176,9.0,0,31
sciences,OP3,BIM,0.3,BIM,0.3,0.3382352941176471,0.0,0,14
sciences,OP3,BIM,0.3,BIM,0.4,9.316176470588236,6.0,0,44
sciences,OP3,BIM,0.3,BIM,0.5,9.316176470588236,6.0,0,44
sciences,OP3,BIM,0.3,BIM,0.6,9.316176470588236,6.0,0,44
sciences,OP3,BIM,0.3,BIM,0.7,9.316176470588236,6.0,0,44
sciences,OP3,BIM,0.3,BIM,0.8,9.316176470588236,6.0,0,44
sciences,OP3,BIM,0.3,BIM,0.9,9.316176470588236,6.0,0,44
sciences,OP3,BIM,0.3,BIM,1.0,9.316176470588236,6.0,0,44
sciences,S7,BIM,0.3,BIM,0.1,11.161764705882353,9.0,0,50
sciences,S7,BIM,0.3,BIM,0.2,8.110294117647058,7.0,0,26
sciences,S7,BIM,0.3,BIM,0.3,2.6691176470588234,2.0,0,37
sciences,S7,BIM,0.3,BIM,0.4,11.080882352941176,8.5,0,53
sciences,S7,BIM,0.3,BIM,0.5,11.080882352941176,8.5,0,53
sciences,S7,BIM,0.3,BIM,0.6,11.080882352941176,8.5,0,53
sciences,S7,BIM,0.3,BIM,0.7,11.080882352941176,8.5,0,53
sciences,S7,BIM,0.3,BIM,0.8,11.080882352941176,8.5,0,53
sciences,S7,BIM,0.3,BIM,0.9,11.080882352941176,8.5,0,53
sciences,S7,BIM,0.3,BIM,1.0,11.080882352941176,8.5,0,53
sciences,BLU,BIM,0.4,BIM,0.1,11.742647058823529,8.0,0,67
sciences,BLU,BIM,0.4,BIM,0.2,18.470588235294116,17.0,1,49
sciences,BLU,BIM,0.4,BIM,0.3,15.235294117647058,12.0,0,59
sciences,BLU,BIM,0.4,BIM,0.4,8.257352941176471,2.0,0,66
sciences,BLU,BIM,0.4,BIM,0.5,8.257352941176471,2.0,0,66
sciences,BLU,BIM,0.4,BIM,0.6,8.257352941176471,2.0,0,66
sciences,BLU,BIM,0.4,BIM,0.7,8.257352941176471,2.0,0,66
sciences,BLU,BIM,0.4,BIM,0.8,8.257352941176471,2.0,0,66
sciences,BLU,BIM,0.4,BIM,0.9,8.257352941176471,2.0,0,66
sciences,BLU,BIM,0.4,BIM,1.0,8.257352941176471,2.0,0,66
sciences,HTC,BIM,0.4,BIM,0.1,13.095588235294118,9.0,0,62
sciences,HTC,BIM,0.4,BIM,0.2,18.727941176470587,15.0,1,49
sciences,HTC,BIM,0.4,BIM,0.3,8.992647058823529,4.0,0,46
sciences,HTC,BIM,0.4,BIM,0.4,4.455882352941177,3.0,0,37
sciences,HTC,BIM,0.4,BIM,0.5,4.455882352941177,3.0,0,37
sciences,HTC,BIM,0.4,BIM,0.6,4.455882352941177,3.0,0,37
sciences,HTC,BIM,0.4,BIM,0.7,4.455882352941177,3.0,0,37
sciences,HTC,BIM,0.4,BIM,0.8,4.455882352941177,3.0,0,37
sciences,HTC,BIM,0.4,BIM,0.9,4.455882352941177,3.0,0,37
sciences,HTC,BIM,0.4,BIM,1.0,4.455882352941177,3.0,0,37
sciences,LG,BIM,0.4,BIM,0.1,14.235294117647058,11.0,0,60
sciences,LG,BIM,0.4,BIM,0.2,15.610294117647058,13.0,0,60
sciences,LG,BIM,0.4,BIM,0.3,5.970588235294118,2.0,0,60
sciences,LG,BIM,0.4,BIM,0.4,5.573529411764706,5.0,0,59
sciences,LG,BIM,0.4,BIM,0.5,5.573529411764706,5.0,0,59
sciences,LG,BIM,0.4,BIM,0.6,5.573529411764706,5.0,0,59
sciences,LG,BIM,0.4,BIM,0.7,5.573529411764706,5.0,0,59
sciences,LG,BIM,0.4,BIM,0.8,5.573529411764706,5.0,0,59
sciences,LG,BIM,0.4,BIM,0.9,5.573529411764706,5.0,0,59
sciences,LG,BIM,0.4,BIM,1.0,5.573529411764706,5.0,0,59
sciences,MOTO,BIM,0.4,BIM,0.1,6.507352941176471,6.0,0,20
sciences,MOTO,BIM,0.4,BIM,0.2,17.727941176470587,15.0,0,48
sciences,MOTO,BIM,0.4,BIM,0.3,16.25735294117647,13.0,0,65
sciences,MOTO,BIM,0.4,BIM,0.4,4.75,2.0,0,64
sciences,MOTO,BIM,0.4,BIM,0.5,4.75,2.0,0,64
sciences,MOTO,BIM,0.4,BIM,0.6,4.75,2.0,0,64
sciences,MOTO,BIM,0.4,BIM,0.7,4.75,2.0,0,64
sciences,MOTO,BIM,0.4,BIM,0.8,4.75,2.0,0,64
sciences,MOTO,BIM,0.4,BIM,0.9,4.75,2.0,0,64
sciences,MOTO,BIM,0.4,BIM,1.0,4.75,2.0,0,64
sciences,OP3,BIM,0.4,BIM,0.1,6.970588235294118,6.0,0,50
sciences,OP3,BIM,0.4,BIM,0.2,13.014705882352942,12.0,0,64
sciences,OP3,BIM,0.4,BIM,0.3,10.867647058823529,10.0,0,26
sciences,OP3,BIM,0.4,BIM,0.4,0.4852941176470588,0.0,0,14
sciences,OP3,BIM,0.4,BIM,0.5,0.4852941176470588,0.0,0,14
sciences,OP3,BIM,0.4,BIM,0.6,0.4852941176470588,0.0,0,14
sciences,OP3,BIM,0.4,BIM,0.7,0.4852941176470588,0.0,0,14
sciences,OP3,BIM,0.4,BIM,0.8,0.4852941176470588,0.0,0,14
sciences,OP3,BIM,0.4,BIM,0.9,0.4852941176470588,0.0,0,14
sciences,OP3,BIM,0.4,BIM,1.0,0.4852941176470588,0.0,0,14
sciences,S7,BIM,0.4,BIM,0.1,9.154411764705882,8.0,0,57
sciences,S7,BIM,0.4,BIM,0.2,16.38235294117647,13.5,0,48
sciences,S7,BIM,0.4,BIM,0.3,10.683823529411764,7.5,0,42
sciences,S7,BIM,0.4,BIM,0.4,3.1544117647058822,1.5,0,46
sciences,S7,BIM,0.4,BIM,0.5,3.1544117647058822,1.5,0,46
sciences,S7,BIM,0.4,BIM,0.6,3.1544117647058822,1.5,0,46
sciences,S7,BIM,0.4,BIM,0.7,3.1544117647058822,1.5,0,46
sciences,S7,BIM,0.4,BIM,0.8,3.1544117647058822,1.5,0,46
sciences,S7,BIM,0.4,BIM,0.9,3.1544117647058822,1.5,0,46
sciences,S7,BIM,0.4,BIM,1.0,3.1544117647058822,1.5,0,46
sciences,BLU,BIM,0.5,BIM,0.1,11.742647058823529,8.0,0,67
sciences,BLU,BIM,0.5,BIM,0.2,18.470588235294116,17.0,1,49
sciences,BLU,BIM,0.5,BIM,0.3,15.235294117647058,12.0,0,59
sciences,BLU,BIM,0.5,BIM,0.4,8.257352941176471,2.0,0,66
sciences,BLU,BIM,0.5,BIM,0.5,8.257352941176471,2.0,0,66
sciences,BLU,BIM,0.5,BIM,0.6,8.257352941176471,2.0,0,66
sciences,BLU,BIM,0.5,BIM,0.7,8.257352941176471,2.0,0,66
sciences,BLU,BIM,0.5,BIM,0.8,8.257352941176471,2.0,0,66
sciences,BLU,BIM,0.5,BIM,0.9,8.257352941176471,2.0,0,66
sciences,BLU,BIM,0.5,BIM,1.0,8.257352941176471,2.0,0,66
sciences,HTC,BIM,0.5,BIM,0.1,13.095588235294118,9.0,0,62
sciences,HTC,BIM,0.5,BIM,0.2,18.727941176470587,15.0,1,49
sciences,HTC,BIM,0.5,BIM,0.3,8.992647058823529,4.0,0,46
sciences,HTC,BIM,0.5,BIM,0.4,4.455882352941177,3.0,0,37
sciences,HTC,BIM,0.5,BIM,0.5,4.455882352941177,3.0,0,37
sciences,HTC,BIM,0.5,BIM,0.6,4.455882352941177,3.0,0,37
sciences,HTC,BIM,0.5,BIM,0.7,4.455882352941177,3.0,0,37
sciences,HTC,BIM,0.5,BIM,0.8,4.455882352941177,3.0,0,37
sciences,HTC,BIM,0.5,BIM,0.9,4.455882352941177,3.0,0,37
sciences,HTC,BIM,0.5,BIM,1.0,4.455882352941177,3.0,0,37
sciences,LG,BIM,0.5,BIM,0.1,14.235294117647058,11.0,0,60
sciences,LG,BIM,0.5,BIM,0.2,15.610294117647058,13.0,0,60
sciences,LG,BIM,0.5,BIM,0.3,5.970588235294118,2.0,0,60
sciences,LG,BIM,0.5,BIM,0.4,5.573529411764706,5.0,0,59
sciences,LG,BIM,0.5,BIM,0.5,5.573529411764706,5.0,0,59
sciences,LG,BIM,0.5,BIM,0.6,5.573529411764706,5.0,0,59
sciences,LG,BIM,0.5,BIM,0.7,5.573529411764706,5.0,0,59
sciences,LG,BIM,0.5,BIM,0.8,5.573529411764706,5.0,0,59
sciences,LG,BIM,0.5,BIM,0.9,5.573529411764706,5.0,0,59
sciences,LG,BIM,0.5,BIM,1.0,5.573529411764706,5.0,0,59
sciences,MOTO,BIM,0.5,BIM,0.1,6.507352941176471,6.0,0,20
sciences,MOTO,BIM,0.5,BIM,0.2,17.727941176470587,15.0,0,48
sciences,MOTO,BIM,0.5,BIM,0.3,16.25735294117647,13.0,0,65
sciences,MOTO,BIM,0.5,BIM,0.4,4.75,2.0,0,64
sciences,MOTO,BIM,0.5,BIM,0.5,4.75,2.0,0,64
sciences,MOTO,BIM,0.5,BIM,0.6,4.75,2.0,0,64
sciences,MOTO,BIM,0.5,BIM,0.7,4.75,2.0,0,64
sciences,MOTO,BIM,0.5,BIM,0.8,4.75,2.0,0,64
sciences,MOTO,BIM,0.5,BIM,0.9,4.75,2.0,0,64
sciences,MOTO,BIM,0.5,BIM,1.0,4.75,2.0,0,64
sciences,OP3,BIM,0.5,BIM,0.1,6.970588235294118,6.0,0,50
sciences,OP3,BIM,0.5,BIM,0.2,13.014705882352942,12.0,0,64
sciences,OP3,BIM,0.5,BIM,0.3,10.867647058823529,10.0,0,26
sciences,OP3,BIM,0.5,BIM,0.4,0.4852941176470588,0.0,0,14
sciences,OP3,BIM,0.5,BIM,0.5,0.4852941176470588,0.0,0,14
sciences,OP3,BIM,0.5,BIM,0.6,0.4852941176470588,0.0,0,14
sciences,OP3,BIM,0.5,BIM,0.7,0.4852941176470588,0.0,0,14
sciences,OP3,BIM,0.5,BIM,0.8,0.4852941176470588,0.0,0,14
sciences,OP3,BIM,0.5,BIM,0.9,0.4852941176470588,0.0,0,14
sciences,OP3,BIM,0.5,BIM,1.0,0.4852941176470588,0.0,0,14
sciences,S7,BIM,0.5,BIM,0.1,9.154411764705882,8.0,0,57
sciences,S7,BIM,0.5,BIM,0.2,16.38235294117647,13.5,0,48
sciences,S7,BIM,0.5,BIM,0.3,10.683823529411764,7.5,0,42
sciences,S7,BIM,0.5,BIM,0.4,3.1544117647058822,1.5,0,46
sciences,S7,BIM,0.5,BIM,0.5,3.1544117647058822,1.5,0,46
sciences,S7,BIM,0.5,BIM,0.6,3.1544117647058822,1.5,0,46
sciences,S7,BIM,0.5,BIM,0.7,3.1544117647058822,1.5,0,46
sciences,S7,BIM,0.5,BIM,0.8,3.1544117647058822,1.5,0,46
sciences,S7,BIM,0.5,BIM,0.9,3.1544117647058822,1.5,0,46
sciences,S7,BIM,0.5,BIM,1.0,3.1544117647058822,1.5,0,46
sciences,BLU,BIM,0.6,BIM,0.1,11.742647058823529,8.0,0,67
sciences,BLU,BIM,0.6,BIM,0.2,18.470588235294116,17.0,1,49
sciences,BLU,BIM,0.6,BIM,0.3,15.235294117647058,12.0,0,59
sciences,BLU,BIM,0.6,BIM,0.4,8.257352941176471,2.0,0,66
sciences,BLU,BIM,0.6,BIM,0.5,8.257352941176471,2.0,0,66
sciences,BLU,BIM,0.6,BIM,0.6,8.257352941176471,2.0,0,66
sciences,BLU,BIM,0.6,BIM,0.7,8.257352941176471,2.0,0,66
sciences,BLU,BIM,0.6,BIM,0.8,8.257352941176471,2.0,0,66
sciences,BLU,BIM,0.6,BIM,0.9,8.257352941176471,2.0,0,66
sciences,BLU,BIM,0.6,BIM,1.0,8.257352941176471,2.0,0,66
sciences,HTC,BIM,0.6,BIM,0.1,13.095588235294118,9.0,0,62
sciences,HTC,BIM,0.6,BIM,0.2,18.727941176470587,15.0,1,49
sciences,HTC,BIM,0.6,BIM,0.3,8.992647058823529,4.0,0,46
sciences,HTC,BIM,0.6,BIM,0.4,4.455882352941177,3.0,0,37
sciences,HTC,BIM,0.6,BIM,0.5,4.455882352941177,3.0,0,37
sciences,HTC,BIM,0.6,BIM,0.6,4.455882352941177,3.0,0,37
sciences,HTC,BIM,0.6,BIM,0.7,4.455882352941177,3.0,0,37
sciences,HTC,BIM,0.6,BIM,0.8,4.455882352941177,3.0,0,37
sciences,HTC,BIM,0.6,BIM,0.9,4.455882352941177,3.0,0,37
sciences,HTC,BIM,0.6,BIM,1.0,4.455882352941177,3.0,0,37
sciences,LG,BIM,0.6,BIM,0.1,14.235294117647058,11.0,0,60
sciences,LG,BIM,0.6,BIM,0.2,15.610294117647058,13.0,0,60
sciences,LG,BIM,0.6,BIM,0.3,5.970588235294118,2.0,0,60
sciences,LG,BIM,0.6,BIM,0.4,5.573529411764706,5.0,0,59
sciences,LG,BIM,0.6,BIM,0.5,5.573529411764706,5.0,0,59
sciences,LG,BIM,0.6,BIM,0.6,5.573529411764706,5.0,0,59
sciences,LG,BIM,0.6,BIM,0.7,5.573529411764706,5.0,0,59
sciences,LG,BIM,0.6,BIM,0.8,5.573529411764706,5.0,0,59
sciences,LG,BIM,0.6,BIM,0.9,5.573529411764706,5.0,0,59
sciences,LG,BIM,0.6,BIM,1.0,5.573529411764706,5.0,0,59
sciences,MOTO,BIM,0.6,BIM,0.1,6.507352941176471,6.0,0,20
sciences,MOTO,BIM,0.6,BIM,0.2,17.727941176470587,15.0,0,48
sciences,MOTO,BIM,0.6,BIM,0.3,16.25735294117647,13.0,0,65
sciences,MOTO,BIM,0.6,BIM,0.4,4.75,2.0,0,64
sciences,MOTO,BIM,0.6,BIM,0.5,4.75,2.0,0,64
sciences,MOTO,BIM,0.6,BIM,0.6,4.75,2.0,0,64
sciences,MOTO,BIM,0.6,BIM,0.7,4.75,2.0,0,64
sciences,MOTO,BIM,0.6,BIM,0.8,4.75,2.0,0,64
sciences,MOTO,BIM,0.6,BIM,0.9,4.75,2.0,0,64
sciences,MOTO,BIM,0.6,BIM,1.0,4.75,2.0,0,64
sciences,OP3,BIM,0.6,BIM,0.1,6.970588235294118,6.0,0,50
sciences,OP3,BIM,0.6,BIM,0.2,13.014705882352942,12.0,0,64
sciences,OP3,BIM,0.6,BIM,0.3,10.867647058823529,10.0,0,26
sciences,OP3,BIM,0.6,BIM,0.4,0.4852941176470588,0.0,0,14
sciences,OP3,BIM,0.6,BIM,0.5,0.4852941176470588,0.0,0,14
sciences,OP3,BIM,0.6,BIM,0.6,0.4852941176470588,0.0,0,14
sciences,OP3,BIM,0.6,BIM,0.7,0.4852941176470588,0.0,0,14
sciences,OP3,BIM,0.6,BIM,0.8,0.4852941176470588,0.0,0,14
sciences,OP3,BIM,0.6,BIM,0.9,0.4852941176470588,0.0,0,14
sciences,OP3,BIM,0.6,BIM,1.0,0.4852941176470588,0.0,0,14
sciences,S7,BIM,0.6,BIM,0.1,9.154411764705882,8.0,0,57
sciences,S7,BIM,0.6,BIM,0.2,16.38235294117647,13.5,0,48
sciences,S7,BIM,0.6,BIM,0.3,10.683823529411764,7.5,0,42
sciences,S7,BIM,0.6,BIM,0.4,3.1544117647058822,1.5,0,46
sciences,S7,BIM,0.6,BIM,0.5,3.1544117647058822,1.5,0,46
sciences,S7,BIM,0.6,BIM,0.6,3.1544117647058822,1.5,0,46
sciences,S7,BIM,0.6,BIM,0.7,3.1544117647058822,1.5,0,46
sciences,S7,BIM,0.6,BIM,0.8,3.1544117647058822,1.5,0,46
sciences,S7,BIM,0.6,BIM,0.9,3.1544117647058822,1.5,0,46
sciences,S7,BIM,0.6,BIM,1.0,3.1544117647058822,1.5,0,46
sciences,BLU,BIM,0.7,BIM,0.1,11.742647058823529,8.0,0,67
sciences,BLU,BIM,0.7,BIM,0.2,18.470588235294116,17.0,1,49
sciences,BLU,BIM,0.7,BIM,0.3,15.235294117647058,12.0,0,59
sciences,BLU,BIM,0.7,BIM,0.4,8.257352941176471,2.0,0,66
sciences,BLU,BIM,0.7,BIM,0.5,8.257352941176471,2.0,0,66
sciences,BLU,BIM,0.7,BIM,0.6,8.257352941176471,2.0,0,66
sciences,BLU,BIM,0.7,BIM,0.7,8.257352941176471,2.0,0,66
sciences,BLU,BIM,0.7,BIM,0.8,8.257352941176471,2.0,0,66
sciences,BLU,BIM,0.7,BIM,0.9,8.257352941176471,2.0,0,66
sciences,BLU,BIM,0.7,BIM,1.0,8.257352941176471,2.0,0,66
sciences,HTC,BIM,0.7,BIM,0.1,13.095588235294118,9.0,0,62
sciences,HTC,BIM,0.7,BIM,0.2,18.727941176470587,15.0,1,49
sciences,HTC,BIM,0.7,BIM,0.3,8.992647058823529,4.0,0,46
sciences,HTC,BIM,0.7,BIM,0.4,4.455882352941177,3.0,0,37
sciences,HTC,BIM,0.7,BIM,0.5,4.455882352941177,3.0,0,37
sciences,HTC,BIM,0.7,BIM,0.6,4.455882352941177,3.0,0,37
sciences,HTC,BIM,0.7,BIM,0.7,4.455882352941177,3.0,0,37
sciences,HTC,BIM,0.7,BIM,0.8,4.455882352941177,3.0,0,37
sciences,HTC,BIM,0.7,BIM,0.9,4.455882352941177,3.0,0,37
sciences,HTC,BIM,0.7,BIM,1.0,4.455882352941177,3.0,0,37
sciences,LG,BIM,0.7,BIM,0.1,14.235294117647058,11.0,0,60
sciences,LG,BIM,0.7,BIM,0.2,15.610294117647058,13.0,0,60
sciences,LG,BIM,0.7,BIM,0.3,5.970588235294118,2.0,0,60
sciences,LG,BIM,0.7,BIM,0.4,5.573529411764706,5.0,0,59
sciences,LG,BIM,0.7,BIM,0.5,5.573529411764706,5.0,0,59
sciences,LG,BIM,0.7,BIM,0.6,5.573529411764706,5.0,0,59
sciences,LG,BIM,0.7,BIM,0.7,5.573529411764706,5.0,0,59
sciences,LG,BIM,0.7,BIM,0.8,5.573529411764706,5.0,0,59
sciences,LG,BIM,0.7,BIM,0.9,5.573529411764706,5.0,0,59
sciences,LG,BIM,0.7,BIM,1.0,5.573529411764706,5.0,0,59
sciences,MOTO,BIM,0.7,BIM,0.1,6.507352941176471,6.0,0,20
sciences,MOTO,BIM,0.7,BIM,0.2,17.727941176470587,15.0,0,48
sciences,MOTO,BIM,0.7,BIM,0.3,16.25735294117647,13.0,0,65
sciences,MOTO,BIM,0.7,BIM,0.4,4.75,2.0,0,64
sciences,MOTO,BIM,0.7,BIM,0.5,4.75,2.0,0,64
sciences,MOTO,BIM,0.7,BIM,0.6,4.75,2.0,0,64
sciences,MOTO,BIM,0.7,BIM,0.7,4.75,2.0,0,64
sciences,MOTO,BIM,0.7,BIM,0.8,4.75,2.0,0,64
sciences,MOTO,BIM,0.7,BIM,0.9,4.75,2.0,0,64
sciences,MOTO,BIM,0.7,BIM,1.0,4.75,2.0,0,64
sciences,OP3,BIM,0.7,BIM,0.1,6.970588235294118,6.0,0,50
sciences,OP3,BIM,0.7,BIM,0.2,13.014705882352942,12.0,0,64
sciences,OP3,BIM,0.7,BIM,0.3,10.867647058823529,10.0,0,26
sciences,OP3,BIM,0.7,BIM,0.4,0.4852941176470588,0.0,0,14
sciences,OP3,BIM,0.7,BIM,0.5,0.4852941176470588,0.0,0,14
sciences,OP3,BIM,0.7,BIM,0.6,0.4852941176470588,0.0,0,14
sciences,OP3,BIM,0.7,BIM,0.7,0.4852941176470588,0.0,0,14
sciences,OP3,BIM,0.7,BIM,0.8,0.4852941176470588,0.0,0,14
sciences,OP3,BIM,0.7,BIM,0.9,0.4852941176470588,0.0,0,14
sciences,OP3,BIM,0.7,BIM,1.0,0.4852941176470588,0.0,0,14
sciences,S7,BIM,0.7,BIM,0.1,9.154411764705882,8.0,0,57
sciences,S7,BIM,0.7,BIM,0.2,16.38235294117647,13.5,0,48
sciences,S7,BIM,0.7,BIM,0.3,10.683823529411764,7.5,0,42
sciences,S7,BIM,0.7,BIM,0.4,3.1544117647058822,1.5,0,46
sciences,S7,BIM,0.7,BIM,0.5,3.1544117647058822,1.5,0,46
sciences,S7,BIM,0.7,BIM,0.6,3.1544117647058822,1.5,0,46
sciences,S7,BIM,0.7,BIM,0.7,3.1544117647058822,1.5,0,46
sciences,S7,BIM,0.7,BIM,0.8,3.1544117647058822,1.5,0,46
sciences,S7,BIM,0.7,BIM,0.9,3.1544117647058822,1.5,0,46
sciences,S7,BIM,0.7,BIM,1.0,3.1544117647058822,1.5,0,46
sciences,BLU,BIM,0.8,BIM,0.1,11.742647058823529,8.0,0,67
sciences,BLU,BIM,0.8,BIM,0.2,18.470588235294116,17.0,1,49
sciences,BLU,BIM,0.8,BIM,0.3,15.235294117647058,12.0,0,59
sciences,BLU,BIM,0.8,BIM,0.4,8.257352941176471,2.0,0,66
sciences,BLU,BIM,0.8,BIM,0.5,8.257352941176471,2.0,0,66
sciences,BLU,BIM,0.8,BIM,0.6,8.257352941176471,2.0,0,66
sciences,BLU,BIM,0.8,BIM,0.7,8.257352941176471,2.0,0,66
sciences,BLU,BIM,0.8,BIM,0.8,8.257352941176471,2.0,0,66
sciences,BLU,BIM,0.8,BIM,0.9,8.257352941176471,2.0,0,66
sciences,BLU,BIM,0.8,BIM,1.0,8.257352941176471,2.0,0,66
sciences,HTC,BIM,0.8,BIM,0.1,13.095588235294118,9.0,0,62
sciences,HTC,BIM,0.8,BIM,0.2,18.727941176470587,15.0,1,49
sciences,HTC,BIM,0.8,BIM,0.3,8.992647058823529,4.0,0,46
sciences,HTC,BIM,0.8,BIM,0.4,4.455882352941177,3.0,0,37
sciences,HTC,BIM,0.8,BIM,0.5,4.455882352941177,3.0,0,37
sciences,HTC,BIM,0.8,BIM,0.6,4.455882352941177,3.0,0,37
sciences,HTC,BIM,0.8,BIM,0.7,4.455882352941177,3.0,0,37
sciences,HTC,BIM,0.8,BIM,0.8,4.455882352941177,3.0,0,37
sciences,HTC,BIM,0.8,BIM,0.9,4.455882352941177,3.0,0,37
sciences,HTC,BIM,0.8,BIM,1.0,4.455882352941177,3.0,0,37
sciences,LG,BIM,0.8,BIM,0.1,14.235294117647058,11.0,0,60
sciences,LG,BIM,0.8,BIM,0.2,15.610294117647058,13.0,0,60
sciences,LG,BIM,0.8,BIM,0.3,5.970588235294118,2.0,0,60
sciences,LG,BIM,0.8,BIM,0.4,5.573529411764706,5.0,0,59
sciences,LG,BIM,0.8,BIM,0.5,5.573529411764706,5.0,0,59
sciences,LG,BIM,0.8,BIM,0.6,5.573529411764706,5.0,0,59
sciences,LG,BIM,0.8,BIM,0.7,5.573529411764706,5.0,0,59
sciences,LG,BIM,0.8,BIM,0.8,5.573529411764706,5.0,0,59
sciences,LG,BIM,0.8,BIM,0.9,5.573529411764706,5.0,0,59
sciences,LG,BIM,0.8,BIM,1.0,5.573529411764706,5.0,0,59
sciences,MOTO,BIM,0.8,BIM,0.1,6.507352941176471,6.0,0,20
sciences,MOTO,BIM,0.8,BIM,0.2,17.727941176470587,15.0,0,48
sciences,MOTO,BIM,0.8,BIM,0.3,16.25735294117647,13.0,0,65
sciences,MOTO,BIM,0.8,BIM,0.4,4.75,2.0,0,64
sciences,MOTO,BIM,0.8,BIM,0.5,4.75,2.0,0,64
sciences,MOTO,BIM,0.8,BIM,0.6,4.75,2.0,0,64
sciences,MOTO,BIM,0.8,BIM,0.7,4.75,2.0,0,64
sciences,MOTO,BIM,0.8,BIM,0.8,4.75,2.0,0,64
sciences,MOTO,BIM,0.8,BIM,0.9,4.75,2.0,0,64
sciences,MOTO,BIM,0.8,BIM,1.0,4.75,2.0,0,64
sciences,OP3,BIM,0.8,BIM,0.1,6.970588235294118,6.0,0,50
sciences,OP3,BIM,0.8,BIM,0.2,13.014705882352942,12.0,0,64
sciences,OP3,BIM,0.8,BIM,0.3,10.867647058823529,10.0,0,26
sciences,OP3,BIM,0.8,BIM,0.4,0.4852941176470588,0.0,0,14
sciences,OP3,BIM,0.8,BIM,0.5,0.4852941176470588,0.0,0,14
sciences,OP3,BIM,0.8,BIM,0.6,0.4852941176470588,0.0,0,14
sciences,OP3,BIM,0.8,BIM,0.7,0.4852941176470588,0.0,0,14
sciences,OP3,BIM,0.8,BIM,0.8,0.4852941176470588,0.0,0,14
sciences,OP3,BIM,0.8,BIM,0.9,0.4852941176470588,0.0,0,14
sciences,OP3,BIM,0.8,BIM,1.0,0.4852941176470588,0.0,0,14
sciences,S7,BIM,0.8,BIM,0.1,9.154411764705882,8.0,0,57
sciences,S7,BIM,0.8,BIM,0.2,16.38235294117647,13.5,0,48
sciences,S7,BIM,0.8,BIM,0.3,10.683823529411764,7.5,0,42
sciences,S7,BIM,0.8,BIM,0.4,3.1544117647058822,1.5,0,46
sciences,S7,BIM,0.8,BIM,0.5,3.1544117647058822,1.5,0,46
sciences,S7,BIM,0.8,BIM,0.6,3.1544117647058822,1.5,0,46
sciences,S7,BIM,0.8,BIM,0.7,3.1544117647058822,1.5,0,46
sciences,S7,BIM,0.8,BIM,0.8,3.1544117647058822,1.5,0,46
sciences,S7,BIM,0.8,BIM,0.9,3.1544117647058822,1.5,0,46
sciences,S7,BIM,0.8,BIM,1.0,3.1544117647058822,1.5,0,46
sciences,BLU,BIM,0.9,BIM,0.1,11.742647058823529,8.0,0,67
sciences,BLU,BIM,0.9,BIM,0.2,18.470588235294116,17.0,1,49
sciences,BLU,BIM,0.9,BIM,0.3,15.235294117647058,12.0,0,59
sciences,BLU,BIM,0.9,BIM,0.4,8.257352941176471,2.0,0,66
sciences,BLU,BIM,0.9,BIM,0.5,8.257352941176471,2.0,0,66
sciences,BLU,BIM,0.9,BIM,0.6,8.257352941176471,2.0,0,66
sciences,BLU,BIM,0.9,BIM,0.7,8.257352941176471,2.0,0,66
sciences,BLU,BIM,0.9,BIM,0.8,8.257352941176471,2.0,0,66
sciences,BLU,BIM,0.9,BIM,0.9,8.257352941176471,2.0,0,66
sciences,BLU,BIM,0.9,BIM,1.0,8.257352941176471,2.0,0,66
sciences,HTC,BIM,0.9,BIM,0.1,13.095588235294118,9.0,0,62
sciences,HTC,BIM,0.9,BIM,0.2,18.727941176470587,15.0,1,49
sciences,HTC,BIM,0.9,BIM,0.3,8.992647058823529,4.0,0,46
sciences,HTC,BIM,0.9,BIM,0.4,4.455882352941177,3.0,0,37
sciences,HTC,BIM,0.9,BIM,0.5,4.455882352941177,3.0,0,37
sciences,HTC,BIM,0.9,BIM,0.6,4.455882352941177,3.0,0,37
sciences,HTC,BIM,0.9,BIM,0.7,4.455882352941177,3.0,0,37
sciences,HTC,BIM,0.9,BIM,0.8,4.455882352941177,3.0,0,37
sciences,HTC,BIM,0.9,BIM,0.9,4.455882352941177,3.0,0,37
sciences,HTC,BIM,0.9,BIM,1.0,4.455882352941177,3.0,0,37
sciences,LG,BIM,0.9,BIM,0.1,14.235294117647058,11.0,0,60
sciences,LG,BIM,0.9,BIM,0.2,15.610294117647058,13.0,0,60
sciences,LG,BIM,0.9,BIM,0.3,5.970588235294118,2.0,0,60
sciences,LG,BIM,0.9,BIM,0.4,5.573529411764706,5.0,0,59
sciences,LG,BIM,0.9,BIM,0.5,5.573529411764706,5.0,0,59
sciences,LG,BIM,0.9,BIM,0.6,5.573529411764706,5.0,0,59
sciences,LG,BIM,0.9,BIM,0.7,5.573529411764706,5.0,0,59
sciences,LG,BIM,0.9,BIM,0.8,5.573529411764706,5.0,0,59
sciences,LG,BIM,0.9,BIM,0.9,5.573529411764706,5.0,0,59
sciences,LG,BIM,0.9,BIM,1.0,5.573529411764706,5.0,0,59
sciences,MOTO,BIM,0.9,BIM,0.1,6.507352941176471,6.0,0,20
sciences,MOTO,BIM,0.9,BIM,0.2,17.727941176470587,15.0,0,48
sciences,MOTO,BIM,0.9,BIM,0.3,16.25735294117647,13.0,0,65
sciences,MOTO,BIM,0.9,BIM,0.4,4.75,2.0,0,64
sciences,MOTO,BIM,0.9,BIM,0.5,4.75,2.0,0,64
sciences,MOTO,BIM,0.9,BIM,0.6,4.75,2.0,0,64
sciences,MOTO,BIM,0.9,BIM,0.7,4.75,2.0,0,64
sciences,MOTO,BIM,0.9,BIM,0.8,4.75,2.0,0,64
sciences,MOTO,BIM,0.9,BIM,0.9,4.75,2.0,0,64
sciences,MOTO,BIM,0.9,BIM,1.0,4.75,2.0,0,64
sciences,OP3,BIM,0.9,BIM,0.1,6.970588235294118,6.0,0,50
sciences,OP3,BIM,0.9,BIM,0.2,13.014705882352942,12.0,0,64
sciences,OP3,BIM,0.9,BIM,0.3,10.867647058823529,10.0,0,26
sciences,OP3,BIM,0.9,BIM,0.4,0.4852941176470588,0.0,0,14
sciences,OP3,BIM,0.9,BIM,0.5,0.4852941176470588,0.0,0,14
sciences,OP3,BIM,0.9,BIM,0.6,0.4852941176470588,0.0,0,14
sciences,OP3,BIM,0.9,BIM,0.7,0.4852941176470588,0.0,0,14
sciences,OP3,BIM,0.9,BIM,0.8,0.4852941176470588,0.0,0,14
sciences,OP3,BIM,0.9,BIM,0.9,0.4852941176470588,0.0,0,14
sciences,OP3,BIM,0.9,BIM,1.0,0.4852941176470588,0.0,0,14
sciences,S7,BIM,0.9,BIM,0.1,9.154411764705882,8.0,0,57
sciences,S7,BIM,0.9,BIM,0.2,16.38235294117647,13.5,0,48
sciences,S7,BIM,0.9,BIM,0.3,10.683823529411764,7.5,0,42
sciences,S7,BIM,0.9,BIM,0.4,3.1544117647058822,1.5,0,46
sciences,S7,BIM,0.9,BIM,0.5,3.1544117647058822,1.5,0,46
sciences,S7,BIM,0.9,BIM,0.6,3.1544117647058822,1.5,0,46
sciences,S7,BIM,0.9,BIM,0.7,3.1544117647058822,1.5,0,46
sciences,S7,BIM,0.9,BIM,0.8,3.1544117647058822,1.5,0,46
sciences,S7,BIM,0.9,BIM,0.9,3.1544117647058822,1.5,0,46
sciences,S7,BIM,0.9,BIM,1.0,3.1544117647058822,1.5,0,46
sciences,BLU,BIM,1.0,BIM,0.1,11.742647058823529,8.0,0,67
sciences,BLU,BIM,1.0,BIM,0.2,18.470588235294116,17.0,1,49
sciences,BLU,BIM,1.0,BIM,0.3,15.235294117647058,12.0,0,59
sciences,BLU,BIM,1.0,BIM,0.4,8.257352941176471,2.0,0,66
sciences,BLU,BIM,1.0,BIM,0.5,8.257352941176471,2.0,0,66
sciences,BLU,BIM,1.0,BIM,0.6,8.257352941176471,2.0,0,66
sciences,BLU,BIM,1.0,BIM,0.7,8.257352941176471,2.0,0,66
sciences,BLU,BIM,1.0,BIM,0.8,8.257352941176471,2.0,0,66
sciences,BLU,BIM,1.0,BIM,0.9,8.257352941176471,2.0,0,66
sciences,BLU,BIM,1.0,BIM,1.0,8.257352941176471,2.0,0,66
sciences,HTC,BIM,1.0,BIM,0.1,13.095588235294118,9.0,0,62
sciences,HTC,BIM,1.0,BIM,0.2,18.727941176470587,15.0,1,49
sciences,HTC,BIM,1.0,BIM,0.3,8.992647058823529,4.0,0,46
sciences,HTC,BIM,1.0,BIM,0.4,4.455882352941177,3.0,0,37
sciences,HTC,BIM,1.0,BIM,0.5,4.455882352941177,3.0,0,37
sciences,HTC,BIM,1.0,BIM,0.6,4.455882352941177,3.0,0,37
sciences,HTC,BIM,1.0,BIM,0.7,4.455882352941177,3.0,0,37
sciences,HTC,BIM,1.0,BIM,0.8,4.455882352941177,3.0,0,37
sciences,HTC,BIM,1.0,BIM,0.9,4.455882352941177,3.0,0,37
sciences,HTC,BIM,1.0,BIM,1.0,4.455882352941177,3.0,0,37
sciences,LG,BIM,1.0,BIM,0.1,14.235294117647058,11.0,0,60
sciences,LG,BIM,1.0,BIM,0.2,15.610294117647058,13.0,0,60
sciences,LG,BIM,1.0,BIM,0.3,5.970588235294118,2.0,0,60
sciences,LG,BIM,1.0,BIM,0.4,5.573529411764706,5.0,0,59
sciences,LG,BIM,1.0,BIM,0.5,5.573529411764706,5.0,0,59
sciences,LG,BIM,1.0,BIM,0.6,5.573529411764706,5.0,0,59
sciences,LG,BIM,1.0,BIM,0.7,5.573529411764706,5.0,0,59
sciences,LG,BIM,1.0,BIM,0.8,5.573529411764706,5.0,0,59
sciences,LG,BIM,1.0,BIM,0.9,5.573529411764706,5.0,0,59
sciences,LG,BIM,1.0,BIM,1.0,5.573529411764706,5.0,0,59
sciences,MOTO,BIM,1.0,BIM,0.1,6.507352941176471,6.0,0,20
sciences,MOTO,BIM,1.0,BIM,0.2,17.727941176470587,15.0,0,48
sciences,MOTO,BIM,1.0,BIM,0.3,16.25735294117647,13.0,0,65
sciences,MOTO,BIM,1.0,BIM,0.4,4.75,2.0,0,64
sciences,MOTO,BIM,1.0,BIM,0.5,4.75,2.0,0,64
sciences,MOTO,BIM,1.0,BIM,0.6,4.75,2.0,0,64
sciences,MOTO,BIM,1.0,BIM,0.7,4.75,2.0,0,64
sciences,MOTO,BIM,1.0,BIM,0.8,4.75,2.0,0,64
sciences,MOTO,BIM,1.0,BIM,0.9,4.75,2.0,0,64
sciences,MOTO,BIM,1.0,BIM,1.0,4.75,2.0,0,64
sciences,OP3,BIM,1.0,BIM,0.1,6.970588235294118,6.0,0,50
sciences,OP3,BIM,1.0,BIM,0.2,13.014705882352942,12.0,0,64
sciences,OP3,BIM,1.0,BIM,0.3,10.867647058823529,10.0,0,26
sciences,OP3,BIM,1.0,BIM,0.4,0.4852941176470588,0.0,0,14
sciences,OP3,BIM,1.0,BIM,0.5,0.4852941176470588,0.0,0,14
sciences,OP3,BIM,1.0,BIM,0.6,0.4852941176470588,0.0,0,14
sciences,OP3,BIM,1.0,BIM,0.7,0.4852941176470588,0.0,0,14
sciences,OP3,BIM,1.0,BIM,0.8,0.4852941176470588,0.0,0,14
sciences,OP3,BIM,1.0,BIM,0.9,0.4852941176470588,0.0,0,14
sciences,OP3,BIM,1.0,BIM,1.0,0.4852941176470588,0.0,0,14
sciences,S7,BIM,1.0,BIM,0.1,9.154411764705882,8.0,0,57
sciences,S7,BIM,1.0,BIM,0.2,16.38235294117647,13.5,0,48
sciences,S7,BIM,1.0,BIM,0.3,10.683823529411764,7.5,0,42
sciences,S7,BIM,1.0,BIM,0.4,3.1544117647058822,1.5,0,46
sciences,S7,BIM,1.0,BIM,0.5,3.1544117647058822,1.5,0,46
sciences,S7,BIM,1.0,BIM,0.6,3.1544117647058822,1.5,0,46
sciences,S7,BIM,1.0,BIM,0.7,3.1544117647058822,1.5,0,46
sciences,S7,BIM,1.0,BIM,0.8,3.1544117647058822,1.5,0,46
sciences,S7,BIM,1.0,BIM,0.9,3.1544117647058822,1.5,0,46
sciences,S7,BIM,1.0,BIM,1.0,3.1544117647058822,1.5,0,46
