Floorplan,Device,Training Data,Training Epsilon,Attack,Inference Epsilon,Mean Error,Median Error,Min Error,Max Error
engr0,BLU,ORIGINAL,0.1,FGSM,0.1,16.868852459016395,14.0,0,57
engr0,HTC,ORIGINAL,0.1,FGSM,0.1,16.868852459016395,14.0,0,57
engr0,LG,ORIGINAL,0.1,FGSM,0.1,16.868852459016395,14.0,0,57
engr0,MOTO,ORIGINAL,0.1,FGSM,0.1,16.868852459016395,14.0,0,57
engr0,OP3,ORIGINAL,0.1,FGSM,0.1,16.868852459016395,14.0,0,57
engr0,S7,ORIGINAL,0.1,FGSM,0.1,16.868852459016395,14.0,0,57
engr0,BLU,ORIGINAL,0.1,FGSM,0.2,19.39344262295082,16.0,0,58
engr0,HTC,ORIGINAL,0.1,FGSM,0.2,19.39344262295082,16.0,0,58
engr0,LG,ORIGINAL,0.1,FGSM,0.2,19.39344262295082,16.0,0,58
engr0,MOTO,ORIGINAL,0.1,FGSM,0.2,19.39344262295082,16.0,0,58
engr0,OP3,ORIGINAL,0.1,FGSM,0.2,19.39344262295082,16.0,0,58
engr0,S7,ORIGINAL,0.1,FGSM,0.2,19.39344262295082,16.0,0,58
engr0,BLU,ORIGINAL,0.1,FGSM,0.3,20.24590163934426,19.0,0,57
engr0,HTC,ORIGINAL,0.1,FGSM,0.3,20.24590163934426,19.0,0,57
engr0,LG,ORIGINAL,0.1,FGSM,0.3,20.24590163934426,19.0,0,57
engr0,MOTO,ORIGINAL,0.1,FGSM,0.3,20.24590163934426,19.0,0,57
engr0,OP3,ORIGINAL,0.1,FGSM,0.3,20.24590163934426,19.0,0,57
engr0,S7,ORIGINAL,0.1,FGSM,0.3,20.24590163934426,19.0,0,57
engr0,BLU,ORIGINAL,0.1,FGSM,0.4,20.950819672131146,20.0,0,57
engr0,HTC,ORIGINAL,0.1,FGSM,0.4,20.950819672131146,20.0,0,57
engr0,LG,ORIGINAL,0.1,FGSM,0.4,20.950819672131146,20.0,0,57
engr0,MOTO,ORIGINAL,0.1,FGSM,0.4,20.950819672131146,20.0,0,57
engr0,OP3,ORIGINAL,0.1,FGSM,0.4,20.950819672131146,20.0,0,57
engr0,S7,ORIGINAL,0.1,FGSM,0.4,20.950819672131146,20.0,0,57
engr0,BLU,ORIGINAL,0.1,FGSM,0.5,21.016393442622952,20.0,0,57
engr0,HTC,ORIGINAL,0.1,FGSM,0.5,21.016393442622952,20.0,0,57
engr0,LG,ORIGINAL,0.1,FGSM,0.5,21.016393442622952,20.0,0,57
engr0,MOTO,ORIGINAL,0.1,FGSM,0.5,21.016393442622952,20.0,0,57
engr0,OP3,ORIGINAL,0.1,FGSM,0.5,21.016393442622952,20.0,0,57
engr0,S7,ORIGINAL,0.1,FGSM,0.5,21.016393442622952,20.0,0,57
engr0,BLU,ORIGINAL,0.1,FGSM,0.6,21.16393442622951,21.0,0,57
engr0,HTC,ORIGINAL,0.1,FGSM,0.6,21.16393442622951,21.0,0,57
engr0,LG,ORIGINAL,0.1,FGSM,0.6,21.16393442622951,21.0,0,57
engr0,MOTO,ORIGINAL,0.1,FGSM,0.6,21.16393442622951,21.0,0,57
engr0,OP3,ORIGINAL,0.1,FGSM,0.6,21.16393442622951,21.0,0,57
engr0,S7,ORIGINAL,0.1,FGSM,0.6,21.16393442622951,21.0,0,57
engr0,BLU,ORIGINAL,0.1,FGSM,0.7,20.81967213114754,20.0,0,57
engr0,HTC,ORIGINAL,0.1,FGSM,0.7,20.81967213114754,20.0,0,57
engr0,LG,ORIGINAL,0.1,FGSM,0.7,20.81967213114754,20.0,0,57
engr0,MOTO,ORIGINAL,0.1,FGSM,0.7,20.81967213114754,20.0,0,57
engr0,OP3,ORIGINAL,0.1,FGSM,0.7,20.81967213114754,20.0,0,57
engr0,S7,ORIGINAL,0.1,FGSM,0.7,20.81967213114754,20.0,0,57
engr0,BLU,ORIGINAL,0.1,FGSM,0.8,20.81967213114754,20.0,0,57
engr0,HTC,ORIGINAL,0.1,FGSM,0.8,20.81967213114754,20.0,0,57
engr0,LG,ORIGINAL,0.1,FGSM,0.8,20.81967213114754,20.0,0,57
engr0,MOTO,ORIGINAL,0.1,FGSM,0.8,20.81967213114754,20.0,0,57
engr0,OP3,ORIGINAL,0.1,FGSM,0.8,20.81967213114754,20.0,0,57
engr0,S7,ORIGINAL,0.1,FGSM,0.8,20.81967213114754,20.0,0,57
engr0,BLU,ORIGINAL,0.1,FGSM,0.9,20.81967213114754,20.0,0,57
engr0,HTC,ORIGINAL,0.1,FGSM,0.9,20.81967213114754,20.0,0,57
engr0,LG,ORIGINAL,0.1,FGSM,0.9,20.81967213114754,20.0,0,57
engr0,MOTO,ORIGINAL,0.1,FGSM,0.9,20.81967213114754,20.0,0,57
engr0,OP3,ORIGINAL,0.1,FGSM,0.9,20.81967213114754,20.0,0,57
engr0,S7,ORIGINAL,0.1,FGSM,0.9,20.81967213114754,20.0,0,57
engr0,BLU,ORIGINAL,0.1,FGSM,1.0,20.40983606557377,20.0,0,57
engr0,HTC,ORIGINAL,0.1,FGSM,1.0,20.40983606557377,20.0,0,57
engr0,LG,ORIGINAL,0.1,FGSM,1.0,20.40983606557377,20.0,0,57
engr0,MOTO,ORIGINAL,0.1,FGSM,1.0,20.40983606557377,20.0,0,57
engr0,OP3,ORIGINAL,0.1,FGSM,1.0,20.40983606557377,20.0,0,57
engr0,S7,ORIGINAL,0.1,FGSM,1.0,20.40983606557377,20.0,0,57
engr0,BLU,SAE,0.1,FGSM,0.1,13.60655737704918,9.0,0,43
engr0,HTC,SAE,0.1,FGSM,0.1,13.60655737704918,9.0,0,43
engr0,LG,SAE,0.1,FGSM,0.1,13.60655737704918,9.0,0,43
engr0,MOTO,SAE,0.1,FGSM,0.1,13.60655737704918,9.0,0,43
engr0,OP3,SAE,0.1,FGSM,0.1,13.60655737704918,9.0,0,43
engr0,S7,SAE,0.1,FGSM,0.1,13.60655737704918,9.0,0,43
engr0,BLU,SAE,0.1,FGSM,0.2,16.21311475409836,13.0,0,58
engr0,HTC,SAE,0.1,FGSM,0.2,16.21311475409836,13.0,0,58
engr0,LG,SAE,0.1,FGSM,0.2,16.21311475409836,13.0,0,58
engr0,MOTO,SAE,0.1,FGSM,0.2,16.21311475409836,13.0,0,58
engr0,OP3,SAE,0.1,FGSM,0.2,16.21311475409836,13.0,0,58
engr0,S7,SAE,0.1,FGSM,0.2,16.21311475409836,13.0,0,58
engr0,BLU,SAE,0.1,FGSM,0.3,19.868852459016395,20.0,0,59
engr0,HTC,SAE,0.1,FGSM,0.3,19.868852459016395,20.0,0,59
engr0,LG,SAE,0.1,FGSM,0.3,19.868852459016395,20.0,0,59
engr0,MOTO,SAE,0.1,FGSM,0.3,19.868852459016395,20.0,0,59
engr0,OP3,SAE,0.1,FGSM,0.3,19.868852459016395,20.0,0,59
engr0,S7,SAE,0.1,FGSM,0.3,19.868852459016395,20.0,0,59
engr0,BLU,SAE,0.1,FGSM,0.4,20.40983606557377,20.0,0,59
engr0,HTC,SAE,0.1,FGSM,0.4,20.40983606557377,20.0,0,59
engr0,LG,SAE,0.1,FGSM,0.4,20.40983606557377,20.0,0,59
engr0,MOTO,SAE,0.1,FGSM,0.4,20.40983606557377,20.0,0,59
engr0,OP3,SAE,0.1,FGSM,0.4,20.40983606557377,20.0,0,59
engr0,S7,SAE,0.1,FGSM,0.4,20.40983606557377,20.0,0,59
engr0,BLU,SAE,0.1,FGSM,0.5,20.557377049180328,20.0,0,59
engr0,HTC,SAE,0.1,FGSM,0.5,20.557377049180328,20.0,0,59
engr0,LG,SAE,0.1,FGSM,0.5,20.557377049180328,20.0,0,59
engr0,MOTO,SAE,0.1,FGSM,0.5,20.557377049180328,20.0,0,59
engr0,OP3,SAE,0.1,FGSM,0.5,20.557377049180328,20.0,0,59
engr0,S7,SAE,0.1,FGSM,0.5,20.557377049180328,20.0,0,59
engr0,BLU,SAE,0.1,FGSM,0.6,20.147540983606557,19.0,0,59
engr0,HTC,SAE,0.1,FGSM,0.6,20.147540983606557,19.0,0,59
engr0,LG,SAE,0.1,FGSM,0.6,20.147540983606557,19.0,0,59
engr0,MOTO,SAE,0.1,FGSM,0.6,20.147540983606557,19.0,0,59
engr0,OP3,SAE,0.1,FGSM,0.6,20.147540983606557,19.0,0,59
engr0,S7,SAE,0.1,FGSM,0.6,20.147540983606557,19.0,0,59
engr0,BLU,SAE,0.1,FGSM,0.7,20.9672131147541,20.0,0,59
engr0,HTC,SAE,0.1,FGSM,0.7,20.9672131147541,20.0,0,59
engr0,LG,SAE,0.1,FGSM,0.7,20.9672131147541,20.0,0,59
engr0,MOTO,SAE,0.1,FGSM,0.7,20.9672131147541,20.0,0,59
engr0,OP3,SAE,0.1,FGSM,0.7,20.9672131147541,20.0,0,59
engr0,S7,SAE,0.1,FGSM,0.7,20.9672131147541,20.0,0,59
engr0,BLU,SAE,0.1,FGSM,0.8,20.60655737704918,19.0,0,59
engr0,HTC,SAE,0.1,FGSM,0.8,20.60655737704918,19.0,0,59
engr0,LG,SAE,0.1,FGSM,0.8,20.60655737704918,19.0,0,59
engr0,MOTO,SAE,0.1,FGSM,0.8,20.60655737704918,19.0,0,59
engr0,OP3,SAE,0.1,FGSM,0.8,20.60655737704918,19.0,0,59
engr0,S7,SAE,0.1,FGSM,0.8,20.60655737704918,19.0,0,59
engr0,BLU,SAE,0.1,FGSM,0.9,20.60655737704918,19.0,0,59
engr0,HTC,SAE,0.1,FGSM,0.9,20.60655737704918,19.0,0,59
engr0,LG,SAE,0.1,FGSM,0.9,20.60655737704918,19.0,0,59
engr0,MOTO,SAE,0.1,FGSM,0.9,20.60655737704918,19.0,0,59
engr0,OP3,SAE,0.1,FGSM,0.9,20.60655737704918,19.0,0,59
engr0,S7,SAE,0.1,FGSM,0.9,20.60655737704918,19.0,0,59
engr0,BLU,SAE,0.1,FGSM,1.0,20.62295081967213,19.0,0,59
engr0,HTC,SAE,0.1,FGSM,1.0,20.62295081967213,19.0,0,59
engr0,LG,SAE,0.1,FGSM,1.0,20.62295081967213,19.0,0,59
engr0,MOTO,SAE,0.1,FGSM,1.0,20.62295081967213,19.0,0,59
engr0,OP3,SAE,0.1,FGSM,1.0,20.62295081967213,19.0,0,59
engr0,S7,SAE,0.1,FGSM,1.0,20.62295081967213,19.0,0,59
engr0,BLU,STACKED_SAE,0.1,FGSM,0.1,14.819672131147541,11.0,0,47
engr0,HTC,STACKED_SAE,0.1,FGSM,0.1,14.819672131147541,11.0,0,47
engr0,LG,STACKED_SAE,0.1,FGSM,0.1,14.819672131147541,11.0,0,47
engr0,MOTO,STACKED_SAE,0.1,FGSM,0.1,14.819672131147541,11.0,0,47
engr0,OP3,STACKED_SAE,0.1,FGSM,0.1,14.819672131147541,11.0,0,47
engr0,S7,STACKED_SAE,0.1,FGSM,0.1,14.819672131147541,11.0,0,47
engr0,BLU,STACKED_SAE,0.1,FGSM,0.2,16.704918032786885,13.0,0,50
engr0,HTC,STACKED_SAE,0.1,FGSM,0.2,16.704918032786885,13.0,0,50
engr0,LG,STACKED_SAE,0.1,FGSM,0.2,16.704918032786885,13.0,0,50
engr0,MOTO,STACKED_SAE,0.1,FGSM,0.2,16.704918032786885,13.0,0,50
engr0,OP3,STACKED_SAE,0.1,FGSM,0.2,16.704918032786885,13.0,0,50
engr0,S7,STACKED_SAE,0.1,FGSM,0.2,16.704918032786885,13.0,0,50
engr0,BLU,STACKED_SAE,0.1,FGSM,0.3,17.868852459016395,14.0,0,55
engr0,HTC,STACKED_SAE,0.1,FGSM,0.3,17.868852459016395,14.0,0,55
engr0,LG,STACKED_SAE,0.1,FGSM,0.3,17.868852459016395,14.0,0,55
engr0,MOTO,STACKED_SAE,0.1,FGSM,0.3,17.868852459016395,14.0,0,55
engr0,OP3,STACKED_SAE,0.1,FGSM,0.3,17.868852459016395,14.0,0,55
engr0,S7,STACKED_SAE,0.1,FGSM,0.3,17.868852459016395,14.0,0,55
engr0,BLU,STACKED_SAE,0.1,FGSM,0.4,19.24590163934426,15.0,0,55
engr0,HTC,STACKED_SAE,0.1,FGSM,0.4,19.24590163934426,15.0,0,55
engr0,LG,STACKED_SAE,0.1,FGSM,0.4,19.24590163934426,15.0,0,55
engr0,MOTO,STACKED_SAE,0.1,FGSM,0.4,19.24590163934426,15.0,0,55
engr0,OP3,STACKED_SAE,0.1,FGSM,0.4,19.24590163934426,15.0,0,55
engr0,S7,STACKED_SAE,0.1,FGSM,0.4,19.24590163934426,15.0,0,55
engr0,BLU,STACKED_SAE,0.1,FGSM,0.5,19.311475409836067,15.0,0,54
engr0,HTC,STACKED_SAE,0.1,FGSM,0.5,19.311475409836067,15.0,0,54
engr0,LG,STACKED_SAE,0.1,FGSM,0.5,19.311475409836067,15.0,0,54
engr0,MOTO,STACKED_SAE,0.1,FGSM,0.5,19.311475409836067,15.0,0,54
engr0,OP3,STACKED_SAE,0.1,FGSM,0.5,19.311475409836067,15.0,0,54
engr0,S7,STACKED_SAE,0.1,FGSM,0.5,19.311475409836067,15.0,0,54
engr0,BLU,STACKED_SAE,0.1,FGSM,0.6,19.311475409836067,15.0,0,54
engr0,HTC,STACKED_SAE,0.1,FGSM,0.6,19.311475409836067,15.0,0,54
engr0,LG,STACKED_SAE,0.1,FGSM,0.6,19.311475409836067,15.0,0,54
engr0,MOTO,STACKED_SAE,0.1,FGSM,0.6,19.311475409836067,15.0,0,54
engr0,OP3,STACKED_SAE,0.1,FGSM,0.6,19.311475409836067,15.0,0,54
engr0,S7,STACKED_SAE,0.1,FGSM,0.6,19.311475409836067,15.0,0,54
engr0,BLU,STACKED_SAE,0.1,FGSM,0.7,19.42622950819672,15.0,0,54
engr0,HTC,STACKED_SAE,0.1,FGSM,0.7,19.42622950819672,15.0,0,54
engr0,LG,STACKED_SAE,0.1,FGSM,0.7,19.42622950819672,15.0,0,54
engr0,MOTO,STACKED_SAE,0.1,FGSM,0.7,19.42622950819672,15.0,0,54
engr0,OP3,STACKED_SAE,0.1,FGSM,0.7,19.42622950819672,15.0,0,54
engr0,S7,STACKED_SAE,0.1,FGSM,0.7,19.42622950819672,15.0,0,54
engr0,BLU,STACKED_SAE,0.1,FGSM,0.8,19.40983606557377,15.0,0,54
engr0,HTC,STACKED_SAE,0.1,FGSM,0.8,19.40983606557377,15.0,0,54
engr0,LG,STACKED_SAE,0.1,FGSM,0.8,19.40983606557377,15.0,0,54
engr0,MOTO,STACKED_SAE,0.1,FGSM,0.8,19.40983606557377,15.0,0,54
engr0,OP3,STACKED_SAE,0.1,FGSM,0.8,19.40983606557377,15.0,0,54
engr0,S7,STACKED_SAE,0.1,FGSM,0.8,19.40983606557377,15.0,0,54
engr0,BLU,STACKED_SAE,0.1,FGSM,0.9,19.40983606557377,15.0,0,54
engr0,HTC,STACKED_SAE,0.1,FGSM,0.9,19.40983606557377,15.0,0,54
engr0,LG,STACKED_SAE,0.1,FGSM,0.9,19.40983606557377,15.0,0,54
engr0,MOTO,STACKED_SAE,0.1,FGSM,0.9,19.40983606557377,15.0,0,54
engr0,OP3,STACKED_SAE,0.1,FGSM,0.9,19.40983606557377,15.0,0,54
engr0,S7,STACKED_SAE,0.1,FGSM,0.9,19.40983606557377,15.0,0,54
engr0,BLU,STACKED_SAE,0.1,FGSM,1.0,19.327868852459016,15.0,0,54
engr0,HTC,STACKED_SAE,0.1,FGSM,1.0,19.327868852459016,15.0,0,54
engr0,LG,STACKED_SAE,0.1,FGSM,1.0,19.327868852459016,15.0,0,54
engr0,MOTO,STACKED_SAE,0.1,FGSM,1.0,19.327868852459016,15.0,0,54
engr0,OP3,STACKED_SAE,0.1,FGSM,1.0,19.327868852459016,15.0,0,54
engr0,S7,STACKED_SAE,0.1,FGSM,1.0,19.327868852459016,15.0,0,54
engr0,BLU,GAN,0.1,FGSM,0.1,9.770491803278688,7.0,0,44
engr0,HTC,GAN,0.1,FGSM,0.1,9.770491803278688,7.0,0,44
engr0,LG,GAN,0.1,FGSM,0.1,9.770491803278688,7.0,0,44
engr0,MOTO,GAN,0.1,FGSM,0.1,9.770491803278688,7.0,0,44
engr0,OP3,GAN,0.1,FGSM,0.1,9.770491803278688,7.0,0,44
engr0,S7,GAN,0.1,FGSM,0.1,9.770491803278688,7.0,0,44
engr0,BLU,GAN,0.1,FGSM,0.2,15.770491803278688,12.0,0,48
engr0,HTC,GAN,0.1,FGSM,0.2,15.770491803278688,12.0,0,48
engr0,LG,GAN,0.1,FGSM,0.2,15.770491803278688,12.0,0,48
engr0,MOTO,GAN,0.1,FGSM,0.2,15.770491803278688,12.0,0,48
engr0,OP3,GAN,0.1,FGSM,0.2,15.770491803278688,12.0,0,48
engr0,S7,GAN,0.1,FGSM,0.2,15.770491803278688,12.0,0,48
engr0,BLU,GAN,0.1,FGSM,0.3,19.9672131147541,16.0,0,55
engr0,HTC,GAN,0.1,FGSM,0.3,19.9672131147541,16.0,0,55
engr0,LG,GAN,0.1,FGSM,0.3,19.9672131147541,16.0,0,55
engr0,MOTO,GAN,0.1,FGSM,0.3,19.9672131147541,16.0,0,55
engr0,OP3,GAN,0.1,FGSM,0.3,19.9672131147541,16.0,0,55
engr0,S7,GAN,0.1,FGSM,0.3,19.9672131147541,16.0,0,55
engr0,BLU,GAN,0.1,FGSM,0.4,22.60655737704918,24.0,0,54
engr0,HTC,GAN,0.1,FGSM,0.4,22.60655737704918,24.0,0,54
engr0,LG,GAN,0.1,FGSM,0.4,22.60655737704918,24.0,0,54
engr0,MOTO,GAN,0.1,FGSM,0.4,22.60655737704918,24.0,0,54
engr0,OP3,GAN,0.1,FGSM,0.4,22.60655737704918,24.0,0,54
engr0,S7,GAN,0.1,FGSM,0.4,22.60655737704918,24.0,0,54
engr0,BLU,GAN,0.1,FGSM,0.5,23.19672131147541,24.0,0,54
engr0,HTC,GAN,0.1,FGSM,0.5,23.19672131147541,24.0,0,54
engr0,LG,GAN,0.1,FGSM,0.5,23.19672131147541,24.0,0,54
engr0,MOTO,GAN,0.1,FGSM,0.5,23.19672131147541,24.0,0,54
engr0,OP3,GAN,0.1,FGSM,0.5,23.19672131147541,24.0,0,54
engr0,S7,GAN,0.1,FGSM,0.5,23.19672131147541,24.0,0,54
engr0,BLU,GAN,0.1,FGSM,0.6,23.81967213114754,24.0,0,54
engr0,HTC,GAN,0.1,FGSM,0.6,23.81967213114754,24.0,0,54
engr0,LG,GAN,0.1,FGSM,0.6,23.81967213114754,24.0,0,54
engr0,MOTO,GAN,0.1,FGSM,0.6,23.81967213114754,24.0,0,54
engr0,OP3,GAN,0.1,FGSM,0.6,23.81967213114754,24.0,0,54
engr0,S7,GAN,0.1,FGSM,0.6,23.81967213114754,24.0,0,54
engr0,BLU,GAN,0.1,FGSM,0.7,24.459016393442624,25.0,0,54
engr0,HTC,GAN,0.1,FGSM,0.7,24.459016393442624,25.0,0,54
engr0,LG,GAN,0.1,FGSM,0.7,24.459016393442624,25.0,0,54
engr0,MOTO,GAN,0.1,FGSM,0.7,24.459016393442624,25.0,0,54
engr0,OP3,GAN,0.1,FGSM,0.7,24.459016393442624,25.0,0,54
engr0,S7,GAN,0.1,FGSM,0.7,24.459016393442624,25.0,0,54
engr0,BLU,GAN,0.1,FGSM,0.8,24.459016393442624,25.0,0,54
engr0,HTC,GAN,0.1,FGSM,0.8,24.459016393442624,25.0,0,54
engr0,LG,GAN,0.1,FGSM,0.8,24.459016393442624,25.0,0,54
engr0,MOTO,GAN,0.1,FGSM,0.8,24.459016393442624,25.0,0,54
engr0,OP3,GAN,0.1,FGSM,0.8,24.459016393442624,25.0,0,54
engr0,S7,GAN,0.1,FGSM,0.8,24.459016393442624,25.0,0,54
engr0,BLU,GAN,0.1,FGSM,0.9,24.737704918032787,25.0,0,54
engr0,HTC,GAN,0.1,FGSM,0.9,24.737704918032787,25.0,0,54
engr0,LG,GAN,0.1,FGSM,0.9,24.737704918032787,25.0,0,54
engr0,MOTO,GAN,0.1,FGSM,0.9,24.737704918032787,25.0,0,54
engr0,OP3,GAN,0.1,FGSM,0.9,24.737704918032787,25.0,0,54
engr0,S7,GAN,0.1,FGSM,0.9,24.737704918032787,25.0,0,54
engr0,BLU,GAN,0.1,FGSM,1.0,24.737704918032787,25.0,0,54
engr0,HTC,GAN,0.1,FGSM,1.0,24.737704918032787,25.0,0,54
engr0,LG,GAN,0.1,FGSM,1.0,24.737704918032787,25.0,0,54
engr0,MOTO,GAN,0.1,FGSM,1.0,24.737704918032787,25.0,0,54
engr0,OP3,GAN,0.1,FGSM,1.0,24.737704918032787,25.0,0,54
engr0,S7,GAN,0.1,FGSM,1.0,24.737704918032787,25.0,0,54
engr0,BLU,FGSM,0.1,FGSM,0.1,0.9836065573770492,1.0,0,7
engr0,HTC,FGSM,0.1,FGSM,0.1,0.9836065573770492,1.0,0,7
engr0,LG,FGSM,0.1,FGSM,0.1,0.9836065573770492,1.0,0,7
engr0,MOTO,FGSM,0.1,FGSM,0.1,0.9836065573770492,1.0,0,7
engr0,OP3,FGSM,0.1,FGSM,0.1,0.9836065573770492,1.0,0,7
engr0,S7,FGSM,0.1,FGSM,0.1,0.9836065573770492,1.0,0,7
engr0,BLU,FGSM,0.1,FGSM,0.2,2.721311475409836,1.0,0,25
engr0,HTC,FGSM,0.1,FGSM,0.2,2.721311475409836,1.0,0,25
engr0,LG,FGSM,0.1,FGSM,0.2,2.721311475409836,1.0,0,25
engr0,MOTO,FGSM,0.1,FGSM,0.2,2.721311475409836,1.0,0,25
engr0,OP3,FGSM,0.1,FGSM,0.2,2.721311475409836,1.0,0,25
engr0,S7,FGSM,0.1,FGSM,0.2,2.721311475409836,1.0,0,25
engr0,BLU,FGSM,0.1,FGSM,0.3,7.639344262295082,3.0,0,54
engr0,HTC,FGSM,0.1,FGSM,0.3,7.639344262295082,3.0,0,54
engr0,LG,FGSM,0.1,FGSM,0.3,7.639344262295082,3.0,0,54
engr0,MOTO,FGSM,0.1,FGSM,0.3,7.639344262295082,3.0,0,54
engr0,OP3,FGSM,0.1,FGSM,0.3,7.639344262295082,3.0,0,54
engr0,S7,FGSM,0.1,FGSM,0.3,7.639344262295082,3.0,0,54
engr0,BLU,FGSM,0.1,FGSM,0.4,10.557377049180328,4.0,0,53
engr0,HTC,FGSM,0.1,FGSM,0.4,10.557377049180328,4.0,0,53
engr0,LG,FGSM,0.1,FGSM,0.4,10.557377049180328,4.0,0,53
engr0,MOTO,FGSM,0.1,FGSM,0.4,10.557377049180328,4.0,0,53
engr0,OP3,FGSM,0.1,FGSM,0.4,10.557377049180328,4.0,0,53
engr0,S7,FGSM,0.1,FGSM,0.4,10.557377049180328,4.0,0,53
engr0,BLU,FGSM,0.1,FGSM,0.5,13.163934426229508,6.0,0,54
engr0,HTC,FGSM,0.1,FGSM,0.5,13.163934426229508,6.0,0,54
engr0,LG,FGSM,0.1,FGSM,0.5,13.163934426229508,6.0,0,54
engr0,MOTO,FGSM,0.1,FGSM,0.5,13.163934426229508,6.0,0,54
engr0,OP3,FGSM,0.1,FGSM,0.5,13.163934426229508,6.0,0,54
engr0,S7,FGSM,0.1,FGSM,0.5,13.163934426229508,6.0,0,54
engr0,BLU,FGSM,0.1,FGSM,0.6,14.672131147540984,7.0,0,54
engr0,HTC,FGSM,0.1,FGSM,0.6,14.672131147540984,7.0,0,54
engr0,LG,FGSM,0.1,FGSM,0.6,14.672131147540984,7.0,0,54
engr0,MOTO,FGSM,0.1,FGSM,0.6,14.672131147540984,7.0,0,54
engr0,OP3,FGSM,0.1,FGSM,0.6,14.672131147540984,7.0,0,54
engr0,S7,FGSM,0.1,FGSM,0.6,14.672131147540984,7.0,0,54
engr0,BLU,FGSM,0.1,FGSM,0.7,17.37704918032787,13.0,0,54
engr0,HTC,FGSM,0.1,FGSM,0.7,17.37704918032787,13.0,0,54
engr0,LG,FGSM,0.1,FGSM,0.7,17.37704918032787,13.0,0,54
engr0,MOTO,FGSM,0.1,FGSM,0.7,17.37704918032787,13.0,0,54
engr0,OP3,FGSM,0.1,FGSM,0.7,17.37704918032787,13.0,0,54
engr0,S7,FGSM,0.1,FGSM,0.7,17.37704918032787,13.0,0,54
engr0,BLU,FGSM,0.1,FGSM,0.8,18.442622950819672,13.0,0,54
engr0,HTC,FGSM,0.1,FGSM,0.8,18.442622950819672,13.0,0,54
engr0,LG,FGSM,0.1,FGSM,0.8,18.442622950819672,13.0,0,54
engr0,MOTO,FGSM,0.1,FGSM,0.8,18.442622950819672,13.0,0,54
engr0,OP3,FGSM,0.1,FGSM,0.8,18.442622950819672,13.0,0,54
engr0,S7,FGSM,0.1,FGSM,0.8,18.442622950819672,13.0,0,54
engr0,BLU,FGSM,0.1,FGSM,0.9,20.704918032786885,17.0,0,54
engr0,HTC,FGSM,0.1,FGSM,0.9,20.704918032786885,17.0,0,54
engr0,LG,FGSM,0.1,FGSM,0.9,20.704918032786885,17.0,0,54
engr0,MOTO,FGSM,0.1,FGSM,0.9,20.704918032786885,17.0,0,54
engr0,OP3,FGSM,0.1,FGSM,0.9,20.704918032786885,17.0,0,54
engr0,S7,FGSM,0.1,FGSM,0.9,20.704918032786885,17.0,0,54
engr0,BLU,FGSM,0.1,FGSM,1.0,21.81967213114754,17.0,0,54
engr0,HTC,FGSM,0.1,FGSM,1.0,21.81967213114754,17.0,0,54
engr0,LG,FGSM,0.1,FGSM,1.0,21.81967213114754,17.0,0,54
engr0,MOTO,FGSM,0.1,FGSM,1.0,21.81967213114754,17.0,0,54
engr0,OP3,FGSM,0.1,FGSM,1.0,21.81967213114754,17.0,0,54
engr0,S7,FGSM,0.1,FGSM,1.0,21.81967213114754,17.0,0,54
engr0,BLU,FGSM,0.2,FGSM,0.1,2.3114754098360657,1.0,0,23
engr0,HTC,FGSM,0.2,FGSM,0.1,2.3114754098360657,1.0,0,23
engr0,LG,FGSM,0.2,FGSM,0.1,2.3114754098360657,1.0,0,23
engr0,MOTO,FGSM,0.2,FGSM,0.1,2.3114754098360657,1.0,0,23
engr0,OP3,FGSM,0.2,FGSM,0.1,2.3114754098360657,1.0,0,23
engr0,S7,FGSM,0.2,FGSM,0.1,2.3114754098360657,1.0,0,23
engr0,BLU,FGSM,0.2,FGSM,0.2,1.721311475409836,1.0,0,12
engr0,HTC,FGSM,0.2,FGSM,0.2,1.721311475409836,1.0,0,12
engr0,LG,FGSM,0.2,FGSM,0.2,1.721311475409836,1.0,0,12
engr0,MOTO,FGSM,0.2,FGSM,0.2,1.721311475409836,1.0,0,12
engr0,OP3,FGSM,0.2,FGSM,0.2,1.721311475409836,1.0,0,12
engr0,S7,FGSM,0.2,FGSM,0.2,1.721311475409836,1.0,0,12
engr0,BLU,FGSM,0.2,FGSM,0.3,5.163934426229508,2.0,0,41
engr0,HTC,FGSM,0.2,FGSM,0.3,5.163934426229508,2.0,0,41
engr0,LG,FGSM,0.2,FGSM,0.3,5.163934426229508,2.0,0,41
engr0,MOTO,FGSM,0.2,FGSM,0.3,5.163934426229508,2.0,0,41
engr0,OP3,FGSM,0.2,FGSM,0.3,5.163934426229508,2.0,0,41
engr0,S7,FGSM,0.2,FGSM,0.3,5.163934426229508,2.0,0,41
engr0,BLU,FGSM,0.2,FGSM,0.4,8.344262295081966,3.0,0,50
engr0,HTC,FGSM,0.2,FGSM,0.4,8.344262295081966,3.0,0,50
engr0,LG,FGSM,0.2,FGSM,0.4,8.344262295081966,3.0,0,50
engr0,MOTO,FGSM,0.2,FGSM,0.4,8.344262295081966,3.0,0,50
engr0,OP3,FGSM,0.2,FGSM,0.4,8.344262295081966,3.0,0,50
engr0,S7,FGSM,0.2,FGSM,0.4,8.344262295081966,3.0,0,50
engr0,BLU,FGSM,0.2,FGSM,0.5,9.278688524590164,5.0,0,56
engr0,HTC,FGSM,0.2,FGSM,0.5,9.278688524590164,5.0,0,56
engr0,LG,FGSM,0.2,FGSM,0.5,9.278688524590164,5.0,0,56
engr0,MOTO,FGSM,0.2,FGSM,0.5,9.278688524590164,5.0,0,56
engr0,OP3,FGSM,0.2,FGSM,0.5,9.278688524590164,5.0,0,56
engr0,S7,FGSM,0.2,FGSM,0.5,9.278688524590164,5.0,0,56
engr0,BLU,FGSM,0.2,FGSM,0.6,10.836065573770492,5.0,0,54
engr0,HTC,FGSM,0.2,FGSM,0.6,10.836065573770492,5.0,0,54
engr0,LG,FGSM,0.2,FGSM,0.6,10.836065573770492,5.0,0,54
engr0,MOTO,FGSM,0.2,FGSM,0.6,10.836065573770492,5.0,0,54
engr0,OP3,FGSM,0.2,FGSM,0.6,10.836065573770492,5.0,0,54
engr0,S7,FGSM,0.2,FGSM,0.6,10.836065573770492,5.0,0,54
engr0,BLU,FGSM,0.2,FGSM,0.7,12.950819672131148,7.0,0,52
engr0,HTC,FGSM,0.2,FGSM,0.7,12.950819672131148,7.0,0,52
engr0,LG,FGSM,0.2,FGSM,0.7,12.950819672131148,7.0,0,52
engr0,MOTO,FGSM,0.2,FGSM,0.7,12.950819672131148,7.0,0,52
engr0,OP3,FGSM,0.2,FGSM,0.7,12.950819672131148,7.0,0,52
engr0,S7,FGSM,0.2,FGSM,0.7,12.950819672131148,7.0,0,52
engr0,BLU,FGSM,0.2,FGSM,0.8,13.327868852459016,7.0,0,52
engr0,HTC,FGSM,0.2,FGSM,0.8,13.327868852459016,7.0,0,52
engr0,LG,FGSM,0.2,FGSM,0.8,13.327868852459016,7.0,0,52
engr0,MOTO,FGSM,0.2,FGSM,0.8,13.327868852459016,7.0,0,52
engr0,OP3,FGSM,0.2,FGSM,0.8,13.327868852459016,7.0,0,52
engr0,S7,FGSM,0.2,FGSM,0.8,13.327868852459016,7.0,0,52
engr0,BLU,FGSM,0.2,FGSM,0.9,14.065573770491802,8.0,0,52
engr0,HTC,FGSM,0.2,FGSM,0.9,14.065573770491802,8.0,0,52
engr0,LG,FGSM,0.2,FGSM,0.9,14.065573770491802,8.0,0,52
engr0,MOTO,FGSM,0.2,FGSM,0.9,14.065573770491802,8.0,0,52
engr0,OP3,FGSM,0.2,FGSM,0.9,14.065573770491802,8.0,0,52
engr0,S7,FGSM,0.2,FGSM,0.9,14.065573770491802,8.0,0,52
engr0,BLU,FGSM,0.2,FGSM,1.0,14.819672131147541,9.0,0,52
engr0,HTC,FGSM,0.2,FGSM,1.0,14.819672131147541,9.0,0,52
engr0,LG,FGSM,0.2,FGSM,1.0,14.819672131147541,9.0,0,52
engr0,MOTO,FGSM,0.2,FGSM,1.0,14.819672131147541,9.0,0,52
engr0,OP3,FGSM,0.2,FGSM,1.0,14.819672131147541,9.0,0,52
engr0,S7,FGSM,0.2,FGSM,1.0,14.819672131147541,9.0,0,52
engr0,BLU,FGSM,0.3,FGSM,0.1,0.7868852459016393,0.0,0,6
engr0,HTC,FGSM,0.3,FGSM,0.1,0.7868852459016393,0.0,0,6
engr0,LG,FGSM,0.3,FGSM,0.1,0.7868852459016393,0.0,0,6
engr0,MOTO,FGSM,0.3,FGSM,0.1,0.7868852459016393,0.0,0,6
engr0,OP3,FGSM,0.3,FGSM,0.1,0.7868852459016393,0.0,0,6
engr0,S7,FGSM,0.3,FGSM,0.1,0.7868852459016393,0.0,0,6
engr0,BLU,FGSM,0.3,FGSM,0.2,0.9016393442622951,1.0,0,8
engr0,HTC,FGSM,0.3,FGSM,0.2,0.9016393442622951,1.0,0,8
engr0,LG,FGSM,0.3,FGSM,0.2,0.9016393442622951,1.0,0,8
engr0,MOTO,FGSM,0.3,FGSM,0.2,0.9016393442622951,1.0,0,8
engr0,OP3,FGSM,0.3,FGSM,0.2,0.9016393442622951,1.0,0,8
engr0,S7,FGSM,0.3,FGSM,0.2,0.9016393442622951,1.0,0,8
engr0,BLU,FGSM,0.3,FGSM,0.3,3.2459016393442623,1.0,0,42
engr0,HTC,FGSM,0.3,FGSM,0.3,3.2459016393442623,1.0,0,42
engr0,LG,FGSM,0.3,FGSM,0.3,3.2459016393442623,1.0,0,42
engr0,MOTO,FGSM,0.3,FGSM,0.3,3.2459016393442623,1.0,0,42
engr0,OP3,FGSM,0.3,FGSM,0.3,3.2459016393442623,1.0,0,42
engr0,S7,FGSM,0.3,FGSM,0.3,3.2459016393442623,1.0,0,42
engr0,BLU,FGSM,0.3,FGSM,0.4,3.639344262295082,1.0,0,42
engr0,HTC,FGSM,0.3,FGSM,0.4,3.639344262295082,1.0,0,42
engr0,LG,FGSM,0.3,FGSM,0.4,3.639344262295082,1.0,0,42
engr0,MOTO,FGSM,0.3,FGSM,0.4,3.639344262295082,1.0,0,42
engr0,OP3,FGSM,0.3,FGSM,0.4,3.639344262295082,1.0,0,42
engr0,S7,FGSM,0.3,FGSM,0.4,3.639344262295082,1.0,0,42
engr0,BLU,FGSM,0.3,FGSM,0.5,4.852459016393443,2.0,0,38
engr0,HTC,FGSM,0.3,FGSM,0.5,4.852459016393443,2.0,0,38
engr0,LG,FGSM,0.3,FGSM,0.5,4.852459016393443,2.0,0,38
engr0,MOTO,FGSM,0.3,FGSM,0.5,4.852459016393443,2.0,0,38
engr0,OP3,FGSM,0.3,FGSM,0.5,4.852459016393443,2.0,0,38
engr0,S7,FGSM,0.3,FGSM,0.5,4.852459016393443,2.0,0,38
engr0,BLU,FGSM,0.3,FGSM,0.6,9.229508196721312,3.0,0,51
engr0,HTC,FGSM,0.3,FGSM,0.6,9.229508196721312,3.0,0,51
engr0,LG,FGSM,0.3,FGSM,0.6,9.229508196721312,3.0,0,51
engr0,MOTO,FGSM,0.3,FGSM,0.6,9.229508196721312,3.0,0,51
engr0,OP3,FGSM,0.3,FGSM,0.6,9.229508196721312,3.0,0,51
engr0,S7,FGSM,0.3,FGSM,0.6,9.229508196721312,3.0,0,51
engr0,BLU,FGSM,0.3,FGSM,0.7,10.60655737704918,5.0,0,50
engr0,HTC,FGSM,0.3,FGSM,0.7,10.60655737704918,5.0,0,50
engr0,LG,FGSM,0.3,FGSM,0.7,10.60655737704918,5.0,0,50
engr0,MOTO,FGSM,0.3,FGSM,0.7,10.60655737704918,5.0,0,50
engr0,OP3,FGSM,0.3,FGSM,0.7,10.60655737704918,5.0,0,50
engr0,S7,FGSM,0.3,FGSM,0.7,10.60655737704918,5.0,0,50
engr0,BLU,FGSM,0.3,FGSM,0.8,10.573770491803279,5.0,0,47
engr0,HTC,FGSM,0.3,FGSM,0.8,10.573770491803279,5.0,0,47
engr0,LG,FGSM,0.3,FGSM,0.8,10.573770491803279,5.0,0,47
engr0,MOTO,FGSM,0.3,FGSM,0.8,10.573770491803279,5.0,0,47
engr0,OP3,FGSM,0.3,FGSM,0.8,10.573770491803279,5.0,0,47
engr0,S7,FGSM,0.3,FGSM,0.8,10.573770491803279,5.0,0,47
engr0,BLU,FGSM,0.3,FGSM,0.9,12.901639344262295,7.0,0,56
engr0,HTC,FGSM,0.3,FGSM,0.9,12.901639344262295,7.0,0,56
engr0,LG,FGSM,0.3,FGSM,0.9,12.901639344262295,7.0,0,56
engr0,MOTO,FGSM,0.3,FGSM,0.9,12.901639344262295,7.0,0,56
engr0,OP3,FGSM,0.3,FGSM,0.9,12.901639344262295,7.0,0,56
engr0,S7,FGSM,0.3,FGSM,0.9,12.901639344262295,7.0,0,56
engr0,BLU,FGSM,0.3,FGSM,1.0,13.21311475409836,7.0,0,55
engr0,HTC,FGSM,0.3,FGSM,1.0,13.21311475409836,7.0,0,55
engr0,LG,FGSM,0.3,FGSM,1.0,13.21311475409836,7.0,0,55
engr0,MOTO,FGSM,0.3,FGSM,1.0,13.21311475409836,7.0,0,55
engr0,OP3,FGSM,0.3,FGSM,1.0,13.21311475409836,7.0,0,55
engr0,S7,FGSM,0.3,FGSM,1.0,13.21311475409836,7.0,0,55
engr0,BLU,FGSM,0.4,FGSM,0.1,2.0327868852459017,1.0,0,41
engr0,HTC,FGSM,0.4,FGSM,0.1,2.0327868852459017,1.0,0,41
engr0,LG,FGSM,0.4,FGSM,0.1,2.0327868852459017,1.0,0,41
engr0,MOTO,FGSM,0.4,FGSM,0.1,2.0327868852459017,1.0,0,41
engr0,OP3,FGSM,0.4,FGSM,0.1,2.0327868852459017,1.0,0,41
engr0,S7,FGSM,0.4,FGSM,0.1,2.0327868852459017,1.0,0,41
engr0,BLU,FGSM,0.4,FGSM,0.2,2.819672131147541,1.0,0,41
engr0,HTC,FGSM,0.4,FGSM,0.2,2.819672131147541,1.0,0,41
engr0,LG,FGSM,0.4,FGSM,0.2,2.819672131147541,1.0,0,41
engr0,MOTO,FGSM,0.4,FGSM,0.2,2.819672131147541,1.0,0,41
engr0,OP3,FGSM,0.4,FGSM,0.2,2.819672131147541,1.0,0,41
engr0,S7,FGSM,0.4,FGSM,0.2,2.819672131147541,1.0,0,41
engr0,BLU,FGSM,0.4,FGSM,0.3,4.819672131147541,1.0,0,55
engr0,HTC,FGSM,0.4,FGSM,0.3,4.819672131147541,1.0,0,55
engr0,LG,FGSM,0.4,FGSM,0.3,4.819672131147541,1.0,0,55
engr0,MOTO,FGSM,0.4,FGSM,0.3,4.819672131147541,1.0,0,55
engr0,OP3,FGSM,0.4,FGSM,0.3,4.819672131147541,1.0,0,55
engr0,S7,FGSM,0.4,FGSM,0.3,4.819672131147541,1.0,0,55
engr0,BLU,FGSM,0.4,FGSM,0.4,4.819672131147541,1.0,0,55
engr0,HTC,FGSM,0.4,FGSM,0.4,4.819672131147541,1.0,0,55
engr0,LG,FGSM,0.4,FGSM,0.4,4.819672131147541,1.0,0,55
engr0,MOTO,FGSM,0.4,FGSM,0.4,4.819672131147541,1.0,0,55
engr0,OP3,FGSM,0.4,FGSM,0.4,4.819672131147541,1.0,0,55
engr0,S7,FGSM,0.4,FGSM,0.4,4.819672131147541,1.0,0,55
engr0,BLU,FGSM,0.4,FGSM,0.5,5.573770491803279,1.0,0,55
engr0,HTC,FGSM,0.4,FGSM,0.5,5.573770491803279,1.0,0,55
engr0,LG,FGSM,0.4,FGSM,0.5,5.573770491803279,1.0,0,55
engr0,MOTO,FGSM,0.4,FGSM,0.5,5.573770491803279,1.0,0,55
engr0,OP3,FGSM,0.4,FGSM,0.5,5.573770491803279,1.0,0,55
engr0,S7,FGSM,0.4,FGSM,0.5,5.573770491803279,1.0,0,55
engr0,BLU,FGSM,0.4,FGSM,0.6,8.754098360655737,2.0,0,55
engr0,HTC,FGSM,0.4,FGSM,0.6,8.754098360655737,2.0,0,55
engr0,LG,FGSM,0.4,FGSM,0.6,8.754098360655737,2.0,0,55
engr0,MOTO,FGSM,0.4,FGSM,0.6,8.754098360655737,2.0,0,55
engr0,OP3,FGSM,0.4,FGSM,0.6,8.754098360655737,2.0,0,55
engr0,S7,FGSM,0.4,FGSM,0.6,8.754098360655737,2.0,0,55
engr0,BLU,FGSM,0.4,FGSM,0.7,9.278688524590164,2.0,0,54
engr0,HTC,FGSM,0.4,FGSM,0.7,9.278688524590164,2.0,0,54
engr0,LG,FGSM,0.4,FGSM,0.7,9.278688524590164,2.0,0,54
engr0,MOTO,FGSM,0.4,FGSM,0.7,9.278688524590164,2.0,0,54
engr0,OP3,FGSM,0.4,FGSM,0.7,9.278688524590164,2.0,0,54
engr0,S7,FGSM,0.4,FGSM,0.7,9.278688524590164,2.0,0,54
engr0,BLU,FGSM,0.4,FGSM,0.8,10.540983606557377,2.0,0,54
engr0,HTC,FGSM,0.4,FGSM,0.8,10.540983606557377,2.0,0,54
engr0,LG,FGSM,0.4,FGSM,0.8,10.540983606557377,2.0,0,54
engr0,MOTO,FGSM,0.4,FGSM,0.8,10.540983606557377,2.0,0,54
engr0,OP3,FGSM,0.4,FGSM,0.8,10.540983606557377,2.0,0,54
engr0,S7,FGSM,0.4,FGSM,0.8,10.540983606557377,2.0,0,54
engr0,BLU,FGSM,0.4,FGSM,0.9,10.688524590163935,2.0,0,54
engr0,HTC,FGSM,0.4,FGSM,0.9,10.688524590163935,2.0,0,54
engr0,LG,FGSM,0.4,FGSM,0.9,10.688524590163935,2.0,0,54
engr0,MOTO,FGSM,0.4,FGSM,0.9,10.688524590163935,2.0,0,54
engr0,OP3,FGSM,0.4,FGSM,0.9,10.688524590163935,2.0,0,54
engr0,S7,FGSM,0.4,FGSM,0.9,10.688524590163935,2.0,0,54
engr0,BLU,FGSM,0.4,FGSM,1.0,11.885245901639344,2.0,0,54
engr0,HTC,FGSM,0.4,FGSM,1.0,11.885245901639344,2.0,0,54
engr0,LG,FGSM,0.4,FGSM,1.0,11.885245901639344,2.0,0,54
engr0,MOTO,FGSM,0.4,FGSM,1.0,11.885245901639344,2.0,0,54
engr0,OP3,FGSM,0.4,FGSM,1.0,11.885245901639344,2.0,0,54
engr0,S7,FGSM,0.4,FGSM,1.0,11.885245901639344,2.0,0,54
engr0,BLU,FGSM,0.5,FGSM,0.1,1.5245901639344261,1.0,0,27
engr0,HTC,FGSM,0.5,FGSM,0.1,1.5245901639344261,1.0,0,27
engr0,LG,FGSM,0.5,FGSM,0.1,1.5245901639344261,1.0,0,27
engr0,MOTO,FGSM,0.5,FGSM,0.1,1.5245901639344261,1.0,0,27
engr0,OP3,FGSM,0.5,FGSM,0.1,1.5245901639344261,1.0,0,27
engr0,S7,FGSM,0.5,FGSM,0.1,1.5245901639344261,1.0,0,27
engr0,BLU,FGSM,0.5,FGSM,0.2,3.9672131147540983,1.0,0,55
engr0,HTC,FGSM,0.5,FGSM,0.2,3.9672131147540983,1.0,0,55
engr0,LG,FGSM,0.5,FGSM,0.2,3.9672131147540983,1.0,0,55
engr0,MOTO,FGSM,0.5,FGSM,0.2,3.9672131147540983,1.0,0,55
engr0,OP3,FGSM,0.5,FGSM,0.2,3.9672131147540983,1.0,0,55
engr0,S7,FGSM,0.5,FGSM,0.2,3.9672131147540983,1.0,0,55
engr0,BLU,FGSM,0.5,FGSM,0.3,3.7049180327868854,1.0,0,55
engr0,HTC,FGSM,0.5,FGSM,0.3,3.7049180327868854,1.0,0,55
engr0,LG,FGSM,0.5,FGSM,0.3,3.7049180327868854,1.0,0,55
engr0,MOTO,FGSM,0.5,FGSM,0.3,3.7049180327868854,1.0,0,55
engr0,OP3,FGSM,0.5,FGSM,0.3,3.7049180327868854,1.0,0,55
engr0,S7,FGSM,0.5,FGSM,0.3,3.7049180327868854,1.0,0,55
engr0,BLU,FGSM,0.5,FGSM,0.4,3.3934426229508197,1.0,0,30
engr0,HTC,FGSM,0.5,FGSM,0.4,3.3934426229508197,1.0,0,30
engr0,LG,FGSM,0.5,FGSM,0.4,3.3934426229508197,1.0,0,30
engr0,MOTO,FGSM,0.5,FGSM,0.4,3.3934426229508197,1.0,0,30
engr0,OP3,FGSM,0.5,FGSM,0.4,3.3934426229508197,1.0,0,30
engr0,S7,FGSM,0.5,FGSM,0.4,3.3934426229508197,1.0,0,30
engr0,BLU,FGSM,0.5,FGSM,0.5,6.934426229508197,1.0,0,56
engr0,HTC,FGSM,0.5,FGSM,0.5,6.934426229508197,1.0,0,56
engr0,LG,FGSM,0.5,FGSM,0.5,6.934426229508197,1.0,0,56
engr0,MOTO,FGSM,0.5,FGSM,0.5,6.934426229508197,1.0,0,56
engr0,OP3,FGSM,0.5,FGSM,0.5,6.934426229508197,1.0,0,56
engr0,S7,FGSM,0.5,FGSM,0.5,6.934426229508197,1.0,0,56
engr0,BLU,FGSM,0.5,FGSM,0.6,7.131147540983607,1.0,0,56
engr0,HTC,FGSM,0.5,FGSM,0.6,7.131147540983607,1.0,0,56
engr0,LG,FGSM,0.5,FGSM,0.6,7.131147540983607,1.0,0,56
engr0,MOTO,FGSM,0.5,FGSM,0.6,7.131147540983607,1.0,0,56
engr0,OP3,FGSM,0.5,FGSM,0.6,7.131147540983607,1.0,0,56
engr0,S7,FGSM,0.5,FGSM,0.6,7.131147540983607,1.0,0,56
engr0,BLU,FGSM,0.5,FGSM,0.7,7.918032786885246,2.0,0,56
engr0,HTC,FGSM,0.5,FGSM,0.7,7.918032786885246,2.0,0,56
engr0,LG,FGSM,0.5,FGSM,0.7,7.918032786885246,2.0,0,56
engr0,MOTO,FGSM,0.5,FGSM,0.7,7.918032786885246,2.0,0,56
engr0,OP3,FGSM,0.5,FGSM,0.7,7.918032786885246,2.0,0,56
engr0,S7,FGSM,0.5,FGSM,0.7,7.918032786885246,2.0,0,56
engr0,BLU,FGSM,0.5,FGSM,0.8,10.426229508196721,3.0,0,56
engr0,HTC,FGSM,0.5,FGSM,0.8,10.426229508196721,3.0,0,56
engr0,LG,FGSM,0.5,FGSM,0.8,10.426229508196721,3.0,0,56
engr0,MOTO,FGSM,0.5,FGSM,0.8,10.426229508196721,3.0,0,56
engr0,OP3,FGSM,0.5,FGSM,0.8,10.426229508196721,3.0,0,56
engr0,S7,FGSM,0.5,FGSM,0.8,10.426229508196721,3.0,0,56
engr0,BLU,FGSM,0.5,FGSM,0.9,10.770491803278688,4.0,0,56
engr0,HTC,FGSM,0.5,FGSM,0.9,10.770491803278688,4.0,0,56
engr0,LG,FGSM,0.5,FGSM,0.9,10.770491803278688,4.0,0,56
engr0,MOTO,FGSM,0.5,FGSM,0.9,10.770491803278688,4.0,0,56
engr0,OP3,FGSM,0.5,FGSM,0.9,10.770491803278688,4.0,0,56
engr0,S7,FGSM,0.5,FGSM,0.9,10.770491803278688,4.0,0,56
engr0,BLU,FGSM,0.5,FGSM,1.0,11.065573770491802,4.0,0,56
engr0,HTC,FGSM,0.5,FGSM,1.0,11.065573770491802,4.0,0,56
engr0,LG,FGSM,0.5,FGSM,1.0,11.065573770491802,4.0,0,56
engr0,MOTO,FGSM,0.5,FGSM,1.0,11.065573770491802,4.0,0,56
engr0,OP3,FGSM,0.5,FGSM,1.0,11.065573770491802,4.0,0,56
engr0,S7,FGSM,0.5,FGSM,1.0,11.065573770491802,4.0,0,56
engr0,BLU,FGSM,0.6,FGSM,0.1,1.0491803278688525,0.0,0,8
engr0,HTC,FGSM,0.6,FGSM,0.1,1.0491803278688525,0.0,0,8
engr0,LG,FGSM,0.6,FGSM,0.1,1.0491803278688525,0.0,0,8
engr0,MOTO,FGSM,0.6,FGSM,0.1,1.0491803278688525,0.0,0,8
engr0,OP3,FGSM,0.6,FGSM,0.1,1.0491803278688525,0.0,0,8
engr0,S7,FGSM,0.6,FGSM,0.1,1.0491803278688525,0.0,0,8
engr0,BLU,FGSM,0.6,FGSM,0.2,2.5081967213114753,1.0,0,38
engr0,HTC,FGSM,0.6,FGSM,0.2,2.5081967213114753,1.0,0,38
engr0,LG,FGSM,0.6,FGSM,0.2,2.5081967213114753,1.0,0,38
engr0,MOTO,FGSM,0.6,FGSM,0.2,2.5081967213114753,1.0,0,38
engr0,OP3,FGSM,0.6,FGSM,0.2,2.5081967213114753,1.0,0,38
engr0,S7,FGSM,0.6,FGSM,0.2,2.5081967213114753,1.0,0,38
engr0,BLU,FGSM,0.6,FGSM,0.3,4.475409836065574,1.0,0,54
engr0,HTC,FGSM,0.6,FGSM,0.3,4.475409836065574,1.0,0,54
engr0,LG,FGSM,0.6,FGSM,0.3,4.475409836065574,1.0,0,54
engr0,MOTO,FGSM,0.6,FGSM,0.3,4.475409836065574,1.0,0,54
engr0,OP3,FGSM,0.6,FGSM,0.3,4.475409836065574,1.0,0,54
engr0,S7,FGSM,0.6,FGSM,0.3,4.475409836065574,1.0,0,54
engr0,BLU,FGSM,0.6,FGSM,0.4,4.409836065573771,1.0,0,54
engr0,HTC,FGSM,0.6,FGSM,0.4,4.409836065573771,1.0,0,54
engr0,LG,FGSM,0.6,FGSM,0.4,4.409836065573771,1.0,0,54
engr0,MOTO,FGSM,0.6,FGSM,0.4,4.409836065573771,1.0,0,54
engr0,OP3,FGSM,0.6,FGSM,0.4,4.409836065573771,1.0,0,54
engr0,S7,FGSM,0.6,FGSM,0.4,4.409836065573771,1.0,0,54
engr0,BLU,FGSM,0.6,FGSM,0.5,3.9672131147540983,1.0,0,47
engr0,HTC,FGSM,0.6,FGSM,0.5,3.9672131147540983,1.0,0,47
engr0,LG,FGSM,0.6,FGSM,0.5,3.9672131147540983,1.0,0,47
engr0,MOTO,FGSM,0.6,FGSM,0.5,3.9672131147540983,1.0,0,47
engr0,OP3,FGSM,0.6,FGSM,0.5,3.9672131147540983,1.0,0,47
engr0,S7,FGSM,0.6,FGSM,0.5,3.9672131147540983,1.0,0,47
engr0,BLU,FGSM,0.6,FGSM,0.6,5.081967213114754,1.0,0,52
engr0,HTC,FGSM,0.6,FGSM,0.6,5.081967213114754,1.0,0,52
engr0,LG,FGSM,0.6,FGSM,0.6,5.081967213114754,1.0,0,52
engr0,MOTO,FGSM,0.6,FGSM,0.6,5.081967213114754,1.0,0,52
engr0,OP3,FGSM,0.6,FGSM,0.6,5.081967213114754,1.0,0,52
engr0,S7,FGSM,0.6,FGSM,0.6,5.081967213114754,1.0,0,52
engr0,BLU,FGSM,0.6,FGSM,0.7,5.983606557377049,1.0,0,52
engr0,HTC,FGSM,0.6,FGSM,0.7,5.983606557377049,1.0,0,52
engr0,LG,FGSM,0.6,FGSM,0.7,5.983606557377049,1.0,0,52
engr0,MOTO,FGSM,0.6,FGSM,0.7,5.983606557377049,1.0,0,52
engr0,OP3,FGSM,0.6,FGSM,0.7,5.983606557377049,1.0,0,52
engr0,S7,FGSM,0.6,FGSM,0.7,5.983606557377049,1.0,0,52
engr0,BLU,FGSM,0.6,FGSM,0.8,6.344262295081967,1.0,0,52
engr0,HTC,FGSM,0.6,FGSM,0.8,6.344262295081967,1.0,0,52
engr0,LG,FGSM,0.6,FGSM,0.8,6.344262295081967,1.0,0,52
engr0,MOTO,FGSM,0.6,FGSM,0.8,6.344262295081967,1.0,0,52
engr0,OP3,FGSM,0.6,FGSM,0.8,6.344262295081967,1.0,0,52
engr0,S7,FGSM,0.6,FGSM,0.8,6.344262295081967,1.0,0,52
engr0,BLU,FGSM,0.6,FGSM,0.9,5.721311475409836,1.0,0,47
engr0,HTC,FGSM,0.6,FGSM,0.9,5.721311475409836,1.0,0,47
engr0,LG,FGSM,0.6,FGSM,0.9,5.721311475409836,1.0,0,47
engr0,MOTO,FGSM,0.6,FGSM,0.9,5.721311475409836,1.0,0,47
engr0,OP3,FGSM,0.6,FGSM,0.9,5.721311475409836,1.0,0,47
engr0,S7,FGSM,0.6,FGSM,0.9,5.721311475409836,1.0,0,47
engr0,BLU,FGSM,0.6,FGSM,1.0,6.655737704918033,2.0,0,47
engr0,HTC,FGSM,0.6,FGSM,1.0,6.655737704918033,2.0,0,47
engr0,LG,FGSM,0.6,FGSM,1.0,6.655737704918033,2.0,0,47
engr0,MOTO,FGSM,0.6,FGSM,1.0,6.655737704918033,2.0,0,47
engr0,OP3,FGSM,0.6,FGSM,1.0,6.655737704918033,2.0,0,47
engr0,S7,FGSM,0.6,FGSM,1.0,6.655737704918033,2.0,0,47
engr0,BLU,FGSM,0.7,FGSM,0.1,1.0819672131147542,1.0,0,7
engr0,HTC,FGSM,0.7,FGSM,0.1,1.0819672131147542,1.0,0,7
engr0,LG,FGSM,0.7,FGSM,0.1,1.0819672131147542,1.0,0,7
engr0,MOTO,FGSM,0.7,FGSM,0.1,1.0819672131147542,1.0,0,7
engr0,OP3,FGSM,0.7,FGSM,0.1,1.0819672131147542,1.0,0,7
engr0,S7,FGSM,0.7,FGSM,0.1,1.0819672131147542,1.0,0,7
engr0,BLU,FGSM,0.7,FGSM,0.2,2.4262295081967213,2.0,0,18
engr0,HTC,FGSM,0.7,FGSM,0.2,2.4262295081967213,2.0,0,18
engr0,LG,FGSM,0.7,FGSM,0.2,2.4262295081967213,2.0,0,18
engr0,MOTO,FGSM,0.7,FGSM,0.2,2.4262295081967213,2.0,0,18
engr0,OP3,FGSM,0.7,FGSM,0.2,2.4262295081967213,2.0,0,18
engr0,S7,FGSM,0.7,FGSM,0.2,2.4262295081967213,2.0,0,18
engr0,BLU,FGSM,0.7,FGSM,0.3,3.0655737704918034,2.0,0,26
engr0,HTC,FGSM,0.7,FGSM,0.3,3.0655737704918034,2.0,0,26
engr0,LG,FGSM,0.7,FGSM,0.3,3.0655737704918034,2.0,0,26
engr0,MOTO,FGSM,0.7,FGSM,0.3,3.0655737704918034,2.0,0,26
engr0,OP3,FGSM,0.7,FGSM,0.3,3.0655737704918034,2.0,0,26
engr0,S7,FGSM,0.7,FGSM,0.3,3.0655737704918034,2.0,0,26
engr0,BLU,FGSM,0.7,FGSM,0.4,3.3278688524590163,1.0,0,26
engr0,HTC,FGSM,0.7,FGSM,0.4,3.3278688524590163,1.0,0,26
engr0,LG,FGSM,0.7,FGSM,0.4,3.3278688524590163,1.0,0,26
engr0,MOTO,FGSM,0.7,FGSM,0.4,3.3278688524590163,1.0,0,26
engr0,OP3,FGSM,0.7,FGSM,0.4,3.3278688524590163,1.0,0,26
engr0,S7,FGSM,0.7,FGSM,0.4,3.3278688524590163,1.0,0,26
engr0,BLU,FGSM,0.7,FGSM,0.5,2.7540983606557377,1.0,0,26
engr0,HTC,FGSM,0.7,FGSM,0.5,2.7540983606557377,1.0,0,26
engr0,LG,FGSM,0.7,FGSM,0.5,2.7540983606557377,1.0,0,26
engr0,MOTO,FGSM,0.7,FGSM,0.5,2.7540983606557377,1.0,0,26
engr0,OP3,FGSM,0.7,FGSM,0.5,2.7540983606557377,1.0,0,26
engr0,S7,FGSM,0.7,FGSM,0.5,2.7540983606557377,1.0,0,26
engr0,BLU,FGSM,0.7,FGSM,0.6,3.3114754098360657,1.0,0,49
engr0,HTC,FGSM,0.7,FGSM,0.6,3.3114754098360657,1.0,0,49
engr0,LG,FGSM,0.7,FGSM,0.6,3.3114754098360657,1.0,0,49
engr0,MOTO,FGSM,0.7,FGSM,0.6,3.3114754098360657,1.0,0,49
engr0,OP3,FGSM,0.7,FGSM,0.6,3.3114754098360657,1.0,0,49
engr0,S7,FGSM,0.7,FGSM,0.6,3.3114754098360657,1.0,0,49
engr0,BLU,FGSM,0.7,FGSM,0.7,4.049180327868853,1.0,0,49
engr0,HTC,FGSM,0.7,FGSM,0.7,4.049180327868853,1.0,0,49
engr0,LG,FGSM,0.7,FGSM,0.7,4.049180327868853,1.0,0,49
engr0,MOTO,FGSM,0.7,FGSM,0.7,4.049180327868853,1.0,0,49
engr0,OP3,FGSM,0.7,FGSM,0.7,4.049180327868853,1.0,0,49
engr0,S7,FGSM,0.7,FGSM,0.7,4.049180327868853,1.0,0,49
engr0,BLU,FGSM,0.7,FGSM,0.8,4.19672131147541,1.0,0,49
engr0,HTC,FGSM,0.7,FGSM,0.8,4.19672131147541,1.0,0,49
engr0,LG,FGSM,0.7,FGSM,0.8,4.19672131147541,1.0,0,49
engr0,MOTO,FGSM,0.7,FGSM,0.8,4.19672131147541,1.0,0,49
engr0,OP3,FGSM,0.7,FGSM,0.8,4.19672131147541,1.0,0,49
engr0,S7,FGSM,0.7,FGSM,0.8,4.19672131147541,1.0,0,49
engr0,BLU,FGSM,0.7,FGSM,0.9,4.213114754098361,1.0,0,49
engr0,HTC,FGSM,0.7,FGSM,0.9,4.213114754098361,1.0,0,49
engr0,LG,FGSM,0.7,FGSM,0.9,4.213114754098361,1.0,0,49
engr0,MOTO,FGSM,0.7,FGSM,0.9,4.213114754098361,1.0,0,49
engr0,OP3,FGSM,0.7,FGSM,0.9,4.213114754098361,1.0,0,49
engr0,S7,FGSM,0.7,FGSM,0.9,4.213114754098361,1.0,0,49
engr0,BLU,FGSM,0.7,FGSM,1.0,4.508196721311475,1.0,0,48
engr0,HTC,FGSM,0.7,FGSM,1.0,4.508196721311475,1.0,0,48
engr0,LG,FGSM,0.7,FGSM,1.0,4.508196721311475,1.0,0,48
engr0,MOTO,FGSM,0.7,FGSM,1.0,4.508196721311475,1.0,0,48
engr0,OP3,FGSM,0.7,FGSM,1.0,4.508196721311475,1.0,0,48
engr0,S7,FGSM,0.7,FGSM,1.0,4.508196721311475,1.0,0,48
engr0,BLU,FGSM,0.8,FGSM,0.1,1.4262295081967213,1.0,0,7
engr0,HTC,FGSM,0.8,FGSM,0.1,1.4262295081967213,1.0,0,7
engr0,LG,FGSM,0.8,FGSM,0.1,1.4262295081967213,1.0,0,7
engr0,MOTO,FGSM,0.8,FGSM,0.1,1.4262295081967213,1.0,0,7
engr0,OP3,FGSM,0.8,FGSM,0.1,1.4262295081967213,1.0,0,7
engr0,S7,FGSM,0.8,FGSM,0.1,1.4262295081967213,1.0,0,7
engr0,BLU,FGSM,0.8,FGSM,0.2,3.4754098360655736,1.0,0,49
engr0,HTC,FGSM,0.8,FGSM,0.2,3.4754098360655736,1.0,0,49
engr0,LG,FGSM,0.8,FGSM,0.2,3.4754098360655736,1.0,0,49
engr0,MOTO,FGSM,0.8,FGSM,0.2,3.4754098360655736,1.0,0,49
engr0,OP3,FGSM,0.8,FGSM,0.2,3.4754098360655736,1.0,0,49
engr0,S7,FGSM,0.8,FGSM,0.2,3.4754098360655736,1.0,0,49
engr0,BLU,FGSM,0.8,FGSM,0.3,5.180327868852459,1.0,0,54
engr0,HTC,FGSM,0.8,FGSM,0.3,5.180327868852459,1.0,0,54
engr0,LG,FGSM,0.8,FGSM,0.3,5.180327868852459,1.0,0,54
engr0,MOTO,FGSM,0.8,FGSM,0.3,5.180327868852459,1.0,0,54
engr0,OP3,FGSM,0.8,FGSM,0.3,5.180327868852459,1.0,0,54
engr0,S7,FGSM,0.8,FGSM,0.3,5.180327868852459,1.0,0,54
engr0,BLU,FGSM,0.8,FGSM,0.4,6.032786885245901,1.0,0,55
engr0,HTC,FGSM,0.8,FGSM,0.4,6.032786885245901,1.0,0,55
engr0,LG,FGSM,0.8,FGSM,0.4,6.032786885245901,1.0,0,55
engr0,MOTO,FGSM,0.8,FGSM,0.4,6.032786885245901,1.0,0,55
engr0,OP3,FGSM,0.8,FGSM,0.4,6.032786885245901,1.0,0,55
engr0,S7,FGSM,0.8,FGSM,0.4,6.032786885245901,1.0,0,55
engr0,BLU,FGSM,0.8,FGSM,0.5,5.295081967213115,1.0,0,49
engr0,HTC,FGSM,0.8,FGSM,0.5,5.295081967213115,1.0,0,49
engr0,LG,FGSM,0.8,FGSM,0.5,5.295081967213115,1.0,0,49
engr0,MOTO,FGSM,0.8,FGSM,0.5,5.295081967213115,1.0,0,49
engr0,OP3,FGSM,0.8,FGSM,0.5,5.295081967213115,1.0,0,49
engr0,S7,FGSM,0.8,FGSM,0.5,5.295081967213115,1.0,0,49
engr0,BLU,FGSM,0.8,FGSM,0.6,5.049180327868853,1.0,0,49
engr0,HTC,FGSM,0.8,FGSM,0.6,5.049180327868853,1.0,0,49
engr0,LG,FGSM,0.8,FGSM,0.6,5.049180327868853,1.0,0,49
engr0,MOTO,FGSM,0.8,FGSM,0.6,5.049180327868853,1.0,0,49
engr0,OP3,FGSM,0.8,FGSM,0.6,5.049180327868853,1.0,0,49
engr0,S7,FGSM,0.8,FGSM,0.6,5.049180327868853,1.0,0,49
engr0,BLU,FGSM,0.8,FGSM,0.7,3.262295081967213,1.0,0,35
engr0,HTC,FGSM,0.8,FGSM,0.7,3.262295081967213,1.0,0,35
engr0,LG,FGSM,0.8,FGSM,0.7,3.262295081967213,1.0,0,35
engr0,MOTO,FGSM,0.8,FGSM,0.7,3.262295081967213,1.0,0,35
engr0,OP3,FGSM,0.8,FGSM,0.7,3.262295081967213,1.0,0,35
engr0,S7,FGSM,0.8,FGSM,0.7,3.262295081967213,1.0,0,35
engr0,BLU,FGSM,0.8,FGSM,0.8,4.688524590163935,1.0,0,48
engr0,HTC,FGSM,0.8,FGSM,0.8,4.688524590163935,1.0,0,48
engr0,LG,FGSM,0.8,FGSM,0.8,4.688524590163935,1.0,0,48
engr0,MOTO,FGSM,0.8,FGSM,0.8,4.688524590163935,1.0,0,48
engr0,OP3,FGSM,0.8,FGSM,0.8,4.688524590163935,1.0,0,48
engr0,S7,FGSM,0.8,FGSM,0.8,4.688524590163935,1.0,0,48
engr0,BLU,FGSM,0.8,FGSM,0.9,4.688524590163935,1.0,0,48
engr0,HTC,FGSM,0.8,FGSM,0.9,4.688524590163935,1.0,0,48
engr0,LG,FGSM,0.8,FGSM,0.9,4.688524590163935,1.0,0,48
engr0,MOTO,FGSM,0.8,FGSM,0.9,4.688524590163935,1.0,0,48
engr0,OP3,FGSM,0.8,FGSM,0.9,4.688524590163935,1.0,0,48
engr0,S7,FGSM,0.8,FGSM,0.9,4.688524590163935,1.0,0,48
engr0,BLU,FGSM,0.8,FGSM,1.0,4.737704918032787,1.0,0,48
engr0,HTC,FGSM,0.8,FGSM,1.0,4.737704918032787,1.0,0,48
engr0,LG,FGSM,0.8,FGSM,1.0,4.737704918032787,1.0,0,48
engr0,MOTO,FGSM,0.8,FGSM,1.0,4.737704918032787,1.0,0,48
engr0,OP3,FGSM,0.8,FGSM,1.0,4.737704918032787,1.0,0,48
engr0,S7,FGSM,0.8,FGSM,1.0,4.737704918032787,1.0,0,48
engr0,BLU,FGSM,0.9,FGSM,0.1,1.6229508196721312,1.0,0,8
engr0,HTC,FGSM,0.9,FGSM,0.1,1.6229508196721312,1.0,0,8
engr0,LG,FGSM,0.9,FGSM,0.1,1.6229508196721312,1.0,0,8
engr0,MOTO,FGSM,0.9,FGSM,0.1,1.6229508196721312,1.0,0,8
engr0,OP3,FGSM,0.9,FGSM,0.1,1.6229508196721312,1.0,0,8
engr0,S7,FGSM,0.9,FGSM,0.1,1.6229508196721312,1.0,0,8
engr0,BLU,FGSM,0.9,FGSM,0.2,3.5737704918032787,1.0,0,39
engr0,HTC,FGSM,0.9,FGSM,0.2,3.5737704918032787,1.0,0,39
engr0,LG,FGSM,0.9,FGSM,0.2,3.5737704918032787,1.0,0,39
engr0,MOTO,FGSM,0.9,FGSM,0.2,3.5737704918032787,1.0,0,39
engr0,OP3,FGSM,0.9,FGSM,0.2,3.5737704918032787,1.0,0,39
engr0,S7,FGSM,0.9,FGSM,0.2,3.5737704918032787,1.0,0,39
engr0,BLU,FGSM,0.9,FGSM,0.3,5.573770491803279,1.0,0,53
engr0,HTC,FGSM,0.9,FGSM,0.3,5.573770491803279,1.0,0,53
engr0,LG,FGSM,0.9,FGSM,0.3,5.573770491803279,1.0,0,53
engr0,MOTO,FGSM,0.9,FGSM,0.3,5.573770491803279,1.0,0,53
engr0,OP3,FGSM,0.9,FGSM,0.3,5.573770491803279,1.0,0,53
engr0,S7,FGSM,0.9,FGSM,0.3,5.573770491803279,1.0,0,53
engr0,BLU,FGSM,0.9,FGSM,0.4,4.688524590163935,1.0,0,56
engr0,HTC,FGSM,0.9,FGSM,0.4,4.688524590163935,1.0,0,56
engr0,LG,FGSM,0.9,FGSM,0.4,4.688524590163935,1.0,0,56
engr0,MOTO,FGSM,0.9,FGSM,0.4,4.688524590163935,1.0,0,56
engr0,OP3,FGSM,0.9,FGSM,0.4,4.688524590163935,1.0,0,56
engr0,S7,FGSM,0.9,FGSM,0.4,4.688524590163935,1.0,0,56
engr0,BLU,FGSM,0.9,FGSM,0.5,3.3114754098360657,1.0,0,30
engr0,HTC,FGSM,0.9,FGSM,0.5,3.3114754098360657,1.0,0,30
engr0,LG,FGSM,0.9,FGSM,0.5,3.3114754098360657,1.0,0,30
engr0,MOTO,FGSM,0.9,FGSM,0.5,3.3114754098360657,1.0,0,30
engr0,OP3,FGSM,0.9,FGSM,0.5,3.3114754098360657,1.0,0,30
engr0,S7,FGSM,0.9,FGSM,0.5,3.3114754098360657,1.0,0,30
engr0,BLU,FGSM,0.9,FGSM,0.6,3.2950819672131146,1.0,0,30
engr0,HTC,FGSM,0.9,FGSM,0.6,3.2950819672131146,1.0,0,30
engr0,LG,FGSM,0.9,FGSM,0.6,3.2950819672131146,1.0,0,30
engr0,MOTO,FGSM,0.9,FGSM,0.6,3.2950819672131146,1.0,0,30
engr0,OP3,FGSM,0.9,FGSM,0.6,3.2950819672131146,1.0,0,30
engr0,S7,FGSM,0.9,FGSM,0.6,3.2950819672131146,1.0,0,30
engr0,BLU,FGSM,0.9,FGSM,0.7,4.081967213114754,1.0,0,46
engr0,HTC,FGSM,0.9,FGSM,0.7,4.081967213114754,1.0,0,46
engr0,LG,FGSM,0.9,FGSM,0.7,4.081967213114754,1.0,0,46
engr0,MOTO,FGSM,0.9,FGSM,0.7,4.081967213114754,1.0,0,46
engr0,OP3,FGSM,0.9,FGSM,0.7,4.081967213114754,1.0,0,46
engr0,S7,FGSM,0.9,FGSM,0.7,4.081967213114754,1.0,0,46
engr0,BLU,FGSM,0.9,FGSM,0.8,4.262295081967213,1.0,0,46
engr0,HTC,FGSM,0.9,FGSM,0.8,4.262295081967213,1.0,0,46
engr0,LG,FGSM,0.9,FGSM,0.8,4.262295081967213,1.0,0,46
engr0,MOTO,FGSM,0.9,FGSM,0.8,4.262295081967213,1.0,0,46
engr0,OP3,FGSM,0.9,FGSM,0.8,4.262295081967213,1.0,0,46
engr0,S7,FGSM,0.9,FGSM,0.8,4.262295081967213,1.0,0,46
engr0,BLU,FGSM,0.9,FGSM,0.9,4.557377049180328,1.0,0,46
engr0,HTC,FGSM,0.9,FGSM,0.9,4.557377049180328,1.0,0,46
engr0,LG,FGSM,0.9,FGSM,0.9,4.557377049180328,1.0,0,46
engr0,MOTO,FGSM,0.9,FGSM,0.9,4.557377049180328,1.0,0,46
engr0,OP3,FGSM,0.9,FGSM,0.9,4.557377049180328,1.0,0,46
engr0,S7,FGSM,0.9,FGSM,0.9,4.557377049180328,1.0,0,46
engr0,BLU,FGSM,0.9,FGSM,1.0,5.016393442622951,1.0,0,46
engr0,HTC,FGSM,0.9,FGSM,1.0,5.016393442622951,1.0,0,46
engr0,LG,FGSM,0.9,FGSM,1.0,5.016393442622951,1.0,0,46
engr0,MOTO,FGSM,0.9,FGSM,1.0,5.016393442622951,1.0,0,46
engr0,OP3,FGSM,0.9,FGSM,1.0,5.016393442622951,1.0,0,46
engr0,S7,FGSM,0.9,FGSM,1.0,5.016393442622951,1.0,0,46
engr0,BLU,FGSM,1.0,FGSM,0.1,2.0163934426229506,1.0,0,54
engr0,HTC,FGSM,1.0,FGSM,0.1,2.0163934426229506,1.0,0,54
engr0,LG,FGSM,1.0,FGSM,0.1,2.0163934426229506,1.0,0,54
engr0,MOTO,FGSM,1.0,FGSM,0.1,2.0163934426229506,1.0,0,54
engr0,OP3,FGSM,1.0,FGSM,0.1,2.0163934426229506,1.0,0,54
engr0,S7,FGSM,1.0,FGSM,0.1,2.0163934426229506,1.0,0,54
engr0,BLU,FGSM,1.0,FGSM,0.2,3.639344262295082,1.0,0,54
engr0,HTC,FGSM,1.0,FGSM,0.2,3.639344262295082,1.0,0,54
engr0,LG,FGSM,1.0,FGSM,0.2,3.639344262295082,1.0,0,54
engr0,MOTO,FGSM,1.0,FGSM,0.2,3.639344262295082,1.0,0,54
engr0,OP3,FGSM,1.0,FGSM,0.2,3.639344262295082,1.0,0,54
engr0,S7,FGSM,1.0,FGSM,0.2,3.639344262295082,1.0,0,54
engr0,BLU,FGSM,1.0,FGSM,0.3,4.19672131147541,1.0,0,54
engr0,HTC,FGSM,1.0,FGSM,0.3,4.19672131147541,1.0,0,54
engr0,LG,FGSM,1.0,FGSM,0.3,4.19672131147541,1.0,0,54
engr0,MOTO,FGSM,1.0,FGSM,0.3,4.19672131147541,1.0,0,54
engr0,OP3,FGSM,1.0,FGSM,0.3,4.19672131147541,1.0,0,54
engr0,S7,FGSM,1.0,FGSM,0.3,4.19672131147541,1.0,0,54
engr0,BLU,FGSM,1.0,FGSM,0.4,3.9836065573770494,1.0,0,37
engr0,HTC,FGSM,1.0,FGSM,0.4,3.9836065573770494,1.0,0,37
engr0,LG,FGSM,1.0,FGSM,0.4,3.9836065573770494,1.0,0,37
engr0,MOTO,FGSM,1.0,FGSM,0.4,3.9836065573770494,1.0,0,37
engr0,OP3,FGSM,1.0,FGSM,0.4,3.9836065573770494,1.0,0,37
engr0,S7,FGSM,1.0,FGSM,0.4,3.9836065573770494,1.0,0,37
engr0,BLU,FGSM,1.0,FGSM,0.5,5.163934426229508,1.0,0,44
engr0,HTC,FGSM,1.0,FGSM,0.5,5.163934426229508,1.0,0,44
engr0,LG,FGSM,1.0,FGSM,0.5,5.163934426229508,1.0,0,44
engr0,MOTO,FGSM,1.0,FGSM,0.5,5.163934426229508,1.0,0,44
engr0,OP3,FGSM,1.0,FGSM,0.5,5.163934426229508,1.0,0,44
engr0,S7,FGSM,1.0,FGSM,0.5,5.163934426229508,1.0,0,44
engr0,BLU,FGSM,1.0,FGSM,0.6,5.967213114754099,2.0,0,44
engr0,HTC,FGSM,1.0,FGSM,0.6,5.967213114754099,2.0,0,44
engr0,LG,FGSM,1.0,FGSM,0.6,5.967213114754099,2.0,0,44
engr0,MOTO,FGSM,1.0,FGSM,0.6,5.967213114754099,2.0,0,44
engr0,OP3,FGSM,1.0,FGSM,0.6,5.967213114754099,2.0,0,44
engr0,S7,FGSM,1.0,FGSM,0.6,5.967213114754099,2.0,0,44
engr0,BLU,FGSM,1.0,FGSM,0.7,5.295081967213115,1.0,0,44
engr0,HTC,FGSM,1.0,FGSM,0.7,5.295081967213115,1.0,0,44
engr0,LG,FGSM,1.0,FGSM,0.7,5.295081967213115,1.0,0,44
engr0,MOTO,FGSM,1.0,FGSM,0.7,5.295081967213115,1.0,0,44
engr0,OP3,FGSM,1.0,FGSM,0.7,5.295081967213115,1.0,0,44
engr0,S7,FGSM,1.0,FGSM,0.7,5.295081967213115,1.0,0,44
engr0,BLU,FGSM,1.0,FGSM,0.8,5.344262295081967,1.0,0,44
engr0,HTC,FGSM,1.0,FGSM,0.8,5.344262295081967,1.0,0,44
engr0,LG,FGSM,1.0,FGSM,0.8,5.344262295081967,1.0,0,44
engr0,MOTO,FGSM,1.0,FGSM,0.8,5.344262295081967,1.0,0,44
engr0,OP3,FGSM,1.0,FGSM,0.8,5.344262295081967,1.0,0,44
engr0,S7,FGSM,1.0,FGSM,0.8,5.344262295081967,1.0,0,44
engr0,BLU,FGSM,1.0,FGSM,0.9,5.081967213114754,1.0,0,44
engr0,HTC,FGSM,1.0,FGSM,0.9,5.081967213114754,1.0,0,44
engr0,LG,FGSM,1.0,FGSM,0.9,5.081967213114754,1.0,0,44
engr0,MOTO,FGSM,1.0,FGSM,0.9,5.081967213114754,1.0,0,44
engr0,OP3,FGSM,1.0,FGSM,0.9,5.081967213114754,1.0,0,44
engr0,S7,FGSM,1.0,FGSM,0.9,5.081967213114754,1.0,0,44
engr0,BLU,FGSM,1.0,FGSM,1.0,4.409836065573771,1.0,0,34
engr0,HTC,FGSM,1.0,FGSM,1.0,4.409836065573771,1.0,0,34
engr0,LG,FGSM,1.0,FGSM,1.0,4.409836065573771,1.0,0,34
engr0,MOTO,FGSM,1.0,FGSM,1.0,4.409836065573771,1.0,0,34
engr0,OP3,FGSM,1.0,FGSM,1.0,4.409836065573771,1.0,0,34
engr0,S7,FGSM,1.0,FGSM,1.0,4.409836065573771,1.0,0,34
engr0,BLU,PGD,0.1,FGSM,0.1,2.639344262295082,1.0,0,24
engr0,HTC,PGD,0.1,FGSM,0.1,2.639344262295082,1.0,0,24
engr0,LG,PGD,0.1,FGSM,0.1,2.639344262295082,1.0,0,24
engr0,MOTO,PGD,0.1,FGSM,0.1,2.639344262295082,1.0,0,24
engr0,OP3,PGD,0.1,FGSM,0.1,2.639344262295082,1.0,0,24
engr0,S7,PGD,0.1,FGSM,0.1,2.639344262295082,1.0,0,24
engr0,BLU,PGD,0.1,FGSM,0.2,7.19672131147541,4.0,0,49
engr0,HTC,PGD,0.1,FGSM,0.2,7.19672131147541,4.0,0,49
engr0,LG,PGD,0.1,FGSM,0.2,7.19672131147541,4.0,0,49
engr0,MOTO,PGD,0.1,FGSM,0.2,7.19672131147541,4.0,0,49
engr0,OP3,PGD,0.1,FGSM,0.2,7.19672131147541,4.0,0,49
engr0,S7,PGD,0.1,FGSM,0.2,7.19672131147541,4.0,0,49
engr0,BLU,PGD,0.1,FGSM,0.3,10.967213114754099,6.0,0,54
engr0,HTC,PGD,0.1,FGSM,0.3,10.967213114754099,6.0,0,54
engr0,LG,PGD,0.1,FGSM,0.3,10.967213114754099,6.0,0,54
engr0,MOTO,PGD,0.1,FGSM,0.3,10.967213114754099,6.0,0,54
engr0,OP3,PGD,0.1,FGSM,0.3,10.967213114754099,6.0,0,54
engr0,S7,PGD,0.1,FGSM,0.3,10.967213114754099,6.0,0,54
engr0,BLU,PGD,0.1,FGSM,0.4,12.819672131147541,8.0,0,54
engr0,HTC,PGD,0.1,FGSM,0.4,12.819672131147541,8.0,0,54
engr0,LG,PGD,0.1,FGSM,0.4,12.819672131147541,8.0,0,54
engr0,MOTO,PGD,0.1,FGSM,0.4,12.819672131147541,8.0,0,54
engr0,OP3,PGD,0.1,FGSM,0.4,12.819672131147541,8.0,0,54
engr0,S7,PGD,0.1,FGSM,0.4,12.819672131147541,8.0,0,54
engr0,BLU,PGD,0.1,FGSM,0.5,13.852459016393443,10.0,0,54
engr0,HTC,PGD,0.1,FGSM,0.5,13.852459016393443,10.0,0,54
engr0,LG,PGD,0.1,FGSM,0.5,13.852459016393443,10.0,0,54
engr0,MOTO,PGD,0.1,FGSM,0.5,13.852459016393443,10.0,0,54
engr0,OP3,PGD,0.1,FGSM,0.5,13.852459016393443,10.0,0,54
engr0,S7,PGD,0.1,FGSM,0.5,13.852459016393443,10.0,0,54
engr0,BLU,PGD,0.1,FGSM,0.6,16.049180327868854,12.0,0,54
engr0,HTC,PGD,0.1,FGSM,0.6,16.049180327868854,12.0,0,54
engr0,LG,PGD,0.1,FGSM,0.6,16.049180327868854,12.0,0,54
engr0,MOTO,PGD,0.1,FGSM,0.6,16.049180327868854,12.0,0,54
engr0,OP3,PGD,0.1,FGSM,0.6,16.049180327868854,12.0,0,54
engr0,S7,PGD,0.1,FGSM,0.6,16.049180327868854,12.0,0,54
engr0,BLU,PGD,0.1,FGSM,0.7,17.459016393442624,13.0,0,54
engr0,HTC,PGD,0.1,FGSM,0.7,17.459016393442624,13.0,0,54
engr0,LG,PGD,0.1,FGSM,0.7,17.459016393442624,13.0,0,54
engr0,MOTO,PGD,0.1,FGSM,0.7,17.459016393442624,13.0,0,54
engr0,OP3,PGD,0.1,FGSM,0.7,17.459016393442624,13.0,0,54
engr0,S7,PGD,0.1,FGSM,0.7,17.459016393442624,13.0,0,54
engr0,BLU,PGD,0.1,FGSM,0.8,18.0327868852459,15.0,0,54
engr0,HTC,PGD,0.1,FGSM,0.8,18.0327868852459,15.0,0,54
engr0,LG,PGD,0.1,FGSM,0.8,18.0327868852459,15.0,0,54
engr0,MOTO,PGD,0.1,FGSM,0.8,18.0327868852459,15.0,0,54
engr0,OP3,PGD,0.1,FGSM,0.8,18.0327868852459,15.0,0,54
engr0,S7,PGD,0.1,FGSM,0.8,18.0327868852459,15.0,0,54
engr0,BLU,PGD,0.1,FGSM,0.9,19.19672131147541,16.0,0,54
engr0,HTC,PGD,0.1,FGSM,0.9,19.19672131147541,16.0,0,54
engr0,LG,PGD,0.1,FGSM,0.9,19.19672131147541,16.0,0,54
engr0,MOTO,PGD,0.1,FGSM,0.9,19.19672131147541,16.0,0,54
engr0,OP3,PGD,0.1,FGSM,0.9,19.19672131147541,16.0,0,54
engr0,S7,PGD,0.1,FGSM,0.9,19.19672131147541,16.0,0,54
engr0,BLU,PGD,0.1,FGSM,1.0,19.081967213114755,16.0,0,54
engr0,HTC,PGD,0.1,FGSM,1.0,19.081967213114755,16.0,0,54
engr0,LG,PGD,0.1,FGSM,1.0,19.081967213114755,16.0,0,54
engr0,MOTO,PGD,0.1,FGSM,1.0,19.081967213114755,16.0,0,54
engr0,OP3,PGD,0.1,FGSM,1.0,19.081967213114755,16.0,0,54
engr0,S7,PGD,0.1,FGSM,1.0,19.081967213114755,16.0,0,54
engr0,BLU,PGD,0.2,FGSM,0.1,1.6557377049180328,1.0,0,37
engr0,HTC,PGD,0.2,FGSM,0.1,1.6557377049180328,1.0,0,37
engr0,LG,PGD,0.2,FGSM,0.1,1.6557377049180328,1.0,0,37
engr0,MOTO,PGD,0.2,FGSM,0.1,1.6557377049180328,1.0,0,37
engr0,OP3,PGD,0.2,FGSM,0.1,1.6557377049180328,1.0,0,37
engr0,S7,PGD,0.2,FGSM,0.1,1.6557377049180328,1.0,0,37
engr0,BLU,PGD,0.2,FGSM,0.2,7.245901639344262,3.0,0,51
engr0,HTC,PGD,0.2,FGSM,0.2,7.245901639344262,3.0,0,51
engr0,LG,PGD,0.2,FGSM,0.2,7.245901639344262,3.0,0,51
engr0,MOTO,PGD,0.2,FGSM,0.2,7.245901639344262,3.0,0,51
engr0,OP3,PGD,0.2,FGSM,0.2,7.245901639344262,3.0,0,51
engr0,S7,PGD,0.2,FGSM,0.2,7.245901639344262,3.0,0,51
engr0,BLU,PGD,0.2,FGSM,0.3,10.62295081967213,5.0,0,54
engr0,HTC,PGD,0.2,FGSM,0.3,10.62295081967213,5.0,0,54
engr0,LG,PGD,0.2,FGSM,0.3,10.62295081967213,5.0,0,54
engr0,MOTO,PGD,0.2,FGSM,0.3,10.62295081967213,5.0,0,54
engr0,OP3,PGD,0.2,FGSM,0.3,10.62295081967213,5.0,0,54
engr0,S7,PGD,0.2,FGSM,0.3,10.62295081967213,5.0,0,54
engr0,BLU,PGD,0.2,FGSM,0.4,13.19672131147541,9.0,0,56
engr0,HTC,PGD,0.2,FGSM,0.4,13.19672131147541,9.0,0,56
engr0,LG,PGD,0.2,FGSM,0.4,13.19672131147541,9.0,0,56
engr0,MOTO,PGD,0.2,FGSM,0.4,13.19672131147541,9.0,0,56
engr0,OP3,PGD,0.2,FGSM,0.4,13.19672131147541,9.0,0,56
engr0,S7,PGD,0.2,FGSM,0.4,13.19672131147541,9.0,0,56
engr0,BLU,PGD,0.2,FGSM,0.5,17.229508196721312,10.0,0,59
engr0,HTC,PGD,0.2,FGSM,0.5,17.229508196721312,10.0,0,59
engr0,LG,PGD,0.2,FGSM,0.5,17.229508196721312,10.0,0,59
engr0,MOTO,PGD,0.2,FGSM,0.5,17.229508196721312,10.0,0,59
engr0,OP3,PGD,0.2,FGSM,0.5,17.229508196721312,10.0,0,59
engr0,S7,PGD,0.2,FGSM,0.5,17.229508196721312,10.0,0,59
engr0,BLU,PGD,0.2,FGSM,0.6,18.229508196721312,12.0,0,59
engr0,HTC,PGD,0.2,FGSM,0.6,18.229508196721312,12.0,0,59
engr0,LG,PGD,0.2,FGSM,0.6,18.229508196721312,12.0,0,59
engr0,MOTO,PGD,0.2,FGSM,0.6,18.229508196721312,12.0,0,59
engr0,OP3,PGD,0.2,FGSM,0.6,18.229508196721312,12.0,0,59
engr0,S7,PGD,0.2,FGSM,0.6,18.229508196721312,12.0,0,59
engr0,BLU,PGD,0.2,FGSM,0.7,20.065573770491802,15.0,0,59
engr0,HTC,PGD,0.2,FGSM,0.7,20.065573770491802,15.0,0,59
engr0,LG,PGD,0.2,FGSM,0.7,20.065573770491802,15.0,0,59
engr0,MOTO,PGD,0.2,FGSM,0.7,20.065573770491802,15.0,0,59
engr0,OP3,PGD,0.2,FGSM,0.7,20.065573770491802,15.0,0,59
engr0,S7,PGD,0.2,FGSM,0.7,20.065573770491802,15.0,0,59
engr0,BLU,PGD,0.2,FGSM,0.8,21.34426229508197,15.0,0,59
engr0,HTC,PGD,0.2,FGSM,0.8,21.34426229508197,15.0,0,59
engr0,LG,PGD,0.2,FGSM,0.8,21.34426229508197,15.0,0,59
engr0,MOTO,PGD,0.2,FGSM,0.8,21.34426229508197,15.0,0,59
engr0,OP3,PGD,0.2,FGSM,0.8,21.34426229508197,15.0,0,59
engr0,S7,PGD,0.2,FGSM,0.8,21.34426229508197,15.0,0,59
engr0,BLU,PGD,0.2,FGSM,0.9,22.18032786885246,16.0,0,59
engr0,HTC,PGD,0.2,FGSM,0.9,22.18032786885246,16.0,0,59
engr0,LG,PGD,0.2,FGSM,0.9,22.18032786885246,16.0,0,59
engr0,MOTO,PGD,0.2,FGSM,0.9,22.18032786885246,16.0,0,59
engr0,OP3,PGD,0.2,FGSM,0.9,22.18032786885246,16.0,0,59
engr0,S7,PGD,0.2,FGSM,0.9,22.18032786885246,16.0,0,59
engr0,BLU,PGD,0.2,FGSM,1.0,22.39344262295082,18.0,0,59
engr0,HTC,PGD,0.2,FGSM,1.0,22.39344262295082,18.0,0,59
engr0,LG,PGD,0.2,FGSM,1.0,22.39344262295082,18.0,0,59
engr0,MOTO,PGD,0.2,FGSM,1.0,22.39344262295082,18.0,0,59
engr0,OP3,PGD,0.2,FGSM,1.0,22.39344262295082,18.0,0,59
engr0,S7,PGD,0.2,FGSM,1.0,22.39344262295082,18.0,0,59
engr0,BLU,PGD,0.3,FGSM,0.1,1.459016393442623,1.0,0,7
engr0,HTC,PGD,0.3,FGSM,0.1,1.459016393442623,1.0,0,7
engr0,LG,PGD,0.3,FGSM,0.1,1.459016393442623,1.0,0,7
engr0,MOTO,PGD,0.3,FGSM,0.1,1.459016393442623,1.0,0,7
engr0,OP3,PGD,0.3,FGSM,0.1,1.459016393442623,1.0,0,7
engr0,S7,PGD,0.3,FGSM,0.1,1.459016393442623,1.0,0,7
engr0,BLU,PGD,0.3,FGSM,0.2,4.950819672131147,3.0,0,32
engr0,HTC,PGD,0.3,FGSM,0.2,4.950819672131147,3.0,0,32
engr0,LG,PGD,0.3,FGSM,0.2,4.950819672131147,3.0,0,32
engr0,MOTO,PGD,0.3,FGSM,0.2,4.950819672131147,3.0,0,32
engr0,OP3,PGD,0.3,FGSM,0.2,4.950819672131147,3.0,0,32
engr0,S7,PGD,0.3,FGSM,0.2,4.950819672131147,3.0,0,32
engr0,BLU,PGD,0.3,FGSM,0.3,10.442622950819672,5.0,0,54
engr0,HTC,PGD,0.3,FGSM,0.3,10.442622950819672,5.0,0,54
engr0,LG,PGD,0.3,FGSM,0.3,10.442622950819672,5.0,0,54
engr0,MOTO,PGD,0.3,FGSM,0.3,10.442622950819672,5.0,0,54
engr0,OP3,PGD,0.3,FGSM,0.3,10.442622950819672,5.0,0,54
engr0,S7,PGD,0.3,FGSM,0.3,10.442622950819672,5.0,0,54
engr0,BLU,PGD,0.3,FGSM,0.4,15.508196721311476,11.0,0,55
engr0,HTC,PGD,0.3,FGSM,0.4,15.508196721311476,11.0,0,55
engr0,LG,PGD,0.3,FGSM,0.4,15.508196721311476,11.0,0,55
engr0,MOTO,PGD,0.3,FGSM,0.4,15.508196721311476,11.0,0,55
engr0,OP3,PGD,0.3,FGSM,0.4,15.508196721311476,11.0,0,55
engr0,S7,PGD,0.3,FGSM,0.4,15.508196721311476,11.0,0,55
engr0,BLU,PGD,0.3,FGSM,0.5,18.442622950819672,15.0,0,55
engr0,HTC,PGD,0.3,FGSM,0.5,18.442622950819672,15.0,0,55
engr0,LG,PGD,0.3,FGSM,0.5,18.442622950819672,15.0,0,55
engr0,MOTO,PGD,0.3,FGSM,0.5,18.442622950819672,15.0,0,55
engr0,OP3,PGD,0.3,FGSM,0.5,18.442622950819672,15.0,0,55
engr0,S7,PGD,0.3,FGSM,0.5,18.442622950819672,15.0,0,55
engr0,BLU,PGD,0.3,FGSM,0.6,20.57377049180328,17.0,0,55
engr0,HTC,PGD,0.3,FGSM,0.6,20.57377049180328,17.0,0,55
engr0,LG,PGD,0.3,FGSM,0.6,20.57377049180328,17.0,0,55
engr0,MOTO,PGD,0.3,FGSM,0.6,20.57377049180328,17.0,0,55
engr0,OP3,PGD,0.3,FGSM,0.6,20.57377049180328,17.0,0,55
engr0,S7,PGD,0.3,FGSM,0.6,20.57377049180328,17.0,0,55
engr0,BLU,PGD,0.3,FGSM,0.7,22.83606557377049,22.0,0,55
engr0,HTC,PGD,0.3,FGSM,0.7,22.83606557377049,22.0,0,55
engr0,LG,PGD,0.3,FGSM,0.7,22.83606557377049,22.0,0,55
engr0,MOTO,PGD,0.3,FGSM,0.7,22.83606557377049,22.0,0,55
engr0,OP3,PGD,0.3,FGSM,0.7,22.83606557377049,22.0,0,55
engr0,S7,PGD,0.3,FGSM,0.7,22.83606557377049,22.0,0,55
engr0,BLU,PGD,0.3,FGSM,0.8,24.295081967213115,24.0,0,55
engr0,HTC,PGD,0.3,FGSM,0.8,24.295081967213115,24.0,0,55
engr0,LG,PGD,0.3,FGSM,0.8,24.295081967213115,24.0,0,55
engr0,MOTO,PGD,0.3,FGSM,0.8,24.295081967213115,24.0,0,55
engr0,OP3,PGD,0.3,FGSM,0.8,24.295081967213115,24.0,0,55
engr0,S7,PGD,0.3,FGSM,0.8,24.295081967213115,24.0,0,55
engr0,BLU,PGD,0.3,FGSM,0.9,24.147540983606557,23.0,0,55
engr0,HTC,PGD,0.3,FGSM,0.9,24.147540983606557,23.0,0,55
engr0,LG,PGD,0.3,FGSM,0.9,24.147540983606557,23.0,0,55
engr0,MOTO,PGD,0.3,FGSM,0.9,24.147540983606557,23.0,0,55
engr0,OP3,PGD,0.3,FGSM,0.9,24.147540983606557,23.0,0,55
engr0,S7,PGD,0.3,FGSM,0.9,24.147540983606557,23.0,0,55
engr0,BLU,PGD,0.3,FGSM,1.0,23.57377049180328,23.0,0,55
engr0,HTC,PGD,0.3,FGSM,1.0,23.57377049180328,23.0,0,55
engr0,LG,PGD,0.3,FGSM,1.0,23.57377049180328,23.0,0,55
engr0,MOTO,PGD,0.3,FGSM,1.0,23.57377049180328,23.0,0,55
engr0,OP3,PGD,0.3,FGSM,1.0,23.57377049180328,23.0,0,55
engr0,S7,PGD,0.3,FGSM,1.0,23.57377049180328,23.0,0,55
engr0,BLU,PGD,0.4,FGSM,0.1,2.3278688524590163,1.0,0,23
engr0,HTC,PGD,0.4,FGSM,0.1,2.3278688524590163,1.0,0,23
engr0,LG,PGD,0.4,FGSM,0.1,2.3278688524590163,1.0,0,23
engr0,MOTO,PGD,0.4,FGSM,0.1,2.3278688524590163,1.0,0,23
engr0,OP3,PGD,0.4,FGSM,0.1,2.3278688524590163,1.0,0,23
engr0,S7,PGD,0.4,FGSM,0.1,2.3278688524590163,1.0,0,23
engr0,BLU,PGD,0.4,FGSM,0.2,6.39344262295082,3.0,0,51
engr0,HTC,PGD,0.4,FGSM,0.2,6.39344262295082,3.0,0,51
engr0,LG,PGD,0.4,FGSM,0.2,6.39344262295082,3.0,0,51
engr0,MOTO,PGD,0.4,FGSM,0.2,6.39344262295082,3.0,0,51
engr0,OP3,PGD,0.4,FGSM,0.2,6.39344262295082,3.0,0,51
engr0,S7,PGD,0.4,FGSM,0.2,6.39344262295082,3.0,0,51
engr0,BLU,PGD,0.4,FGSM,0.3,13.114754098360656,6.0,0,56
engr0,HTC,PGD,0.4,FGSM,0.3,13.114754098360656,6.0,0,56
engr0,LG,PGD,0.4,FGSM,0.3,13.114754098360656,6.0,0,56
engr0,MOTO,PGD,0.4,FGSM,0.3,13.114754098360656,6.0,0,56
engr0,OP3,PGD,0.4,FGSM,0.3,13.114754098360656,6.0,0,56
engr0,S7,PGD,0.4,FGSM,0.3,13.114754098360656,6.0,0,56
engr0,BLU,PGD,0.4,FGSM,0.4,17.065573770491802,10.0,0,54
engr0,HTC,PGD,0.4,FGSM,0.4,17.065573770491802,10.0,0,54
engr0,LG,PGD,0.4,FGSM,0.4,17.065573770491802,10.0,0,54
engr0,MOTO,PGD,0.4,FGSM,0.4,17.065573770491802,10.0,0,54
engr0,OP3,PGD,0.4,FGSM,0.4,17.065573770491802,10.0,0,54
engr0,S7,PGD,0.4,FGSM,0.4,17.065573770491802,10.0,0,54
engr0,BLU,PGD,0.4,FGSM,0.5,20.098360655737704,12.0,0,55
engr0,HTC,PGD,0.4,FGSM,0.5,20.098360655737704,12.0,0,55
engr0,LG,PGD,0.4,FGSM,0.5,20.098360655737704,12.0,0,55
engr0,MOTO,PGD,0.4,FGSM,0.5,20.098360655737704,12.0,0,55
engr0,OP3,PGD,0.4,FGSM,0.5,20.098360655737704,12.0,0,55
engr0,S7,PGD,0.4,FGSM,0.5,20.098360655737704,12.0,0,55
engr0,BLU,PGD,0.4,FGSM,0.6,21.770491803278688,15.0,0,55
engr0,HTC,PGD,0.4,FGSM,0.6,21.770491803278688,15.0,0,55
engr0,LG,PGD,0.4,FGSM,0.6,21.770491803278688,15.0,0,55
engr0,MOTO,PGD,0.4,FGSM,0.6,21.770491803278688,15.0,0,55
engr0,OP3,PGD,0.4,FGSM,0.6,21.770491803278688,15.0,0,55
engr0,S7,PGD,0.4,FGSM,0.6,21.770491803278688,15.0,0,55
engr0,BLU,PGD,0.4,FGSM,0.7,23.16393442622951,17.0,0,60
engr0,HTC,PGD,0.4,FGSM,0.7,23.16393442622951,17.0,0,60
engr0,LG,PGD,0.4,FGSM,0.7,23.16393442622951,17.0,0,60
engr0,MOTO,PGD,0.4,FGSM,0.7,23.16393442622951,17.0,0,60
engr0,OP3,PGD,0.4,FGSM,0.7,23.16393442622951,17.0,0,60
engr0,S7,PGD,0.4,FGSM,0.7,23.16393442622951,17.0,0,60
engr0,BLU,PGD,0.4,FGSM,0.8,23.049180327868854,17.0,0,58
engr0,HTC,PGD,0.4,FGSM,0.8,23.049180327868854,17.0,0,58
engr0,LG,PGD,0.4,FGSM,0.8,23.049180327868854,17.0,0,58
engr0,MOTO,PGD,0.4,FGSM,0.8,23.049180327868854,17.0,0,58
engr0,OP3,PGD,0.4,FGSM,0.8,23.049180327868854,17.0,0,58
engr0,S7,PGD,0.4,FGSM,0.8,23.049180327868854,17.0,0,58
engr0,BLU,PGD,0.4,FGSM,0.9,23.688524590163933,19.0,0,58
engr0,HTC,PGD,0.4,FGSM,0.9,23.688524590163933,19.0,0,58
engr0,LG,PGD,0.4,FGSM,0.9,23.688524590163933,19.0,0,58
engr0,MOTO,PGD,0.4,FGSM,0.9,23.688524590163933,19.0,0,58
engr0,OP3,PGD,0.4,FGSM,0.9,23.688524590163933,19.0,0,58
engr0,S7,PGD,0.4,FGSM,0.9,23.688524590163933,19.0,0,58
engr0,BLU,PGD,0.4,FGSM,1.0,24.278688524590162,22.0,0,58
engr0,HTC,PGD,0.4,FGSM,1.0,24.278688524590162,22.0,0,58
engr0,LG,PGD,0.4,FGSM,1.0,24.278688524590162,22.0,0,58
engr0,MOTO,PGD,0.4,FGSM,1.0,24.278688524590162,22.0,0,58
engr0,OP3,PGD,0.4,FGSM,1.0,24.278688524590162,22.0,0,58
engr0,S7,PGD,0.4,FGSM,1.0,24.278688524590162,22.0,0,58
engr0,BLU,PGD,0.5,FGSM,0.1,2.80327868852459,1.0,0,23
engr0,HTC,PGD,0.5,FGSM,0.1,2.80327868852459,1.0,0,23
engr0,LG,PGD,0.5,FGSM,0.1,2.80327868852459,1.0,0,23
engr0,MOTO,PGD,0.5,FGSM,0.1,2.80327868852459,1.0,0,23
engr0,OP3,PGD,0.5,FGSM,0.1,2.80327868852459,1.0,0,23
engr0,S7,PGD,0.5,FGSM,0.1,2.80327868852459,1.0,0,23
engr0,BLU,PGD,0.5,FGSM,0.2,6.278688524590164,3.0,0,52
engr0,HTC,PGD,0.5,FGSM,0.2,6.278688524590164,3.0,0,52
engr0,LG,PGD,0.5,FGSM,0.2,6.278688524590164,3.0,0,52
engr0,MOTO,PGD,0.5,FGSM,0.2,6.278688524590164,3.0,0,52
engr0,OP3,PGD,0.5,FGSM,0.2,6.278688524590164,3.0,0,52
engr0,S7,PGD,0.5,FGSM,0.2,6.278688524590164,3.0,0,52
engr0,BLU,PGD,0.5,FGSM,0.3,12.327868852459016,5.0,0,52
engr0,HTC,PGD,0.5,FGSM,0.3,12.327868852459016,5.0,0,52
engr0,LG,PGD,0.5,FGSM,0.3,12.327868852459016,5.0,0,52
engr0,MOTO,PGD,0.5,FGSM,0.3,12.327868852459016,5.0,0,52
engr0,OP3,PGD,0.5,FGSM,0.3,12.327868852459016,5.0,0,52
engr0,S7,PGD,0.5,FGSM,0.3,12.327868852459016,5.0,0,52
engr0,BLU,PGD,0.5,FGSM,0.4,15.98360655737705,9.0,0,49
engr0,HTC,PGD,0.5,FGSM,0.4,15.98360655737705,9.0,0,49
engr0,LG,PGD,0.5,FGSM,0.4,15.98360655737705,9.0,0,49
engr0,MOTO,PGD,0.5,FGSM,0.4,15.98360655737705,9.0,0,49
engr0,OP3,PGD,0.5,FGSM,0.4,15.98360655737705,9.0,0,49
engr0,S7,PGD,0.5,FGSM,0.4,15.98360655737705,9.0,0,49
engr0,BLU,PGD,0.5,FGSM,0.5,17.524590163934427,12.0,0,49
engr0,HTC,PGD,0.5,FGSM,0.5,17.524590163934427,12.0,0,49
engr0,LG,PGD,0.5,FGSM,0.5,17.524590163934427,12.0,0,49
engr0,MOTO,PGD,0.5,FGSM,0.5,17.524590163934427,12.0,0,49
engr0,OP3,PGD,0.5,FGSM,0.5,17.524590163934427,12.0,0,49
engr0,S7,PGD,0.5,FGSM,0.5,17.524590163934427,12.0,0,49
engr0,BLU,PGD,0.5,FGSM,0.6,17.672131147540984,13.0,0,49
engr0,HTC,PGD,0.5,FGSM,0.6,17.672131147540984,13.0,0,49
engr0,LG,PGD,0.5,FGSM,0.6,17.672131147540984,13.0,0,49
engr0,MOTO,PGD,0.5,FGSM,0.6,17.672131147540984,13.0,0,49
engr0,OP3,PGD,0.5,FGSM,0.6,17.672131147540984,13.0,0,49
engr0,S7,PGD,0.5,FGSM,0.6,17.672131147540984,13.0,0,49
engr0,BLU,PGD,0.5,FGSM,0.7,18.262295081967213,14.0,0,50
engr0,HTC,PGD,0.5,FGSM,0.7,18.262295081967213,14.0,0,50
engr0,LG,PGD,0.5,FGSM,0.7,18.262295081967213,14.0,0,50
engr0,MOTO,PGD,0.5,FGSM,0.7,18.262295081967213,14.0,0,50
engr0,OP3,PGD,0.5,FGSM,0.7,18.262295081967213,14.0,0,50
engr0,S7,PGD,0.5,FGSM,0.7,18.262295081967213,14.0,0,50
engr0,BLU,PGD,0.5,FGSM,0.8,18.78688524590164,16.0,0,50
engr0,HTC,PGD,0.5,FGSM,0.8,18.78688524590164,16.0,0,50
engr0,LG,PGD,0.5,FGSM,0.8,18.78688524590164,16.0,0,50
engr0,MOTO,PGD,0.5,FGSM,0.8,18.78688524590164,16.0,0,50
engr0,OP3,PGD,0.5,FGSM,0.8,18.78688524590164,16.0,0,50
engr0,S7,PGD,0.5,FGSM,0.8,18.78688524590164,16.0,0,50
engr0,BLU,PGD,0.5,FGSM,0.9,18.18032786885246,15.0,0,50
engr0,HTC,PGD,0.5,FGSM,0.9,18.18032786885246,15.0,0,50
engr0,LG,PGD,0.5,FGSM,0.9,18.18032786885246,15.0,0,50
engr0,MOTO,PGD,0.5,FGSM,0.9,18.18032786885246,15.0,0,50
engr0,OP3,PGD,0.5,FGSM,0.9,18.18032786885246,15.0,0,50
engr0,S7,PGD,0.5,FGSM,0.9,18.18032786885246,15.0,0,50
engr0,BLU,PGD,0.5,FGSM,1.0,18.131147540983605,15.0,0,50
engr0,HTC,PGD,0.5,FGSM,1.0,18.131147540983605,15.0,0,50
engr0,LG,PGD,0.5,FGSM,1.0,18.131147540983605,15.0,0,50
engr0,MOTO,PGD,0.5,FGSM,1.0,18.131147540983605,15.0,0,50
engr0,OP3,PGD,0.5,FGSM,1.0,18.131147540983605,15.0,0,50
engr0,S7,PGD,0.5,FGSM,1.0,18.131147540983605,15.0,0,50
engr0,BLU,PGD,0.6,FGSM,0.1,3.1311475409836067,1.0,0,45
engr0,HTC,PGD,0.6,FGSM,0.1,3.1311475409836067,1.0,0,45
engr0,LG,PGD,0.6,FGSM,0.1,3.1311475409836067,1.0,0,45
engr0,MOTO,PGD,0.6,FGSM,0.1,3.1311475409836067,1.0,0,45
engr0,OP3,PGD,0.6,FGSM,0.1,3.1311475409836067,1.0,0,45
engr0,S7,PGD,0.6,FGSM,0.1,3.1311475409836067,1.0,0,45
engr0,BLU,PGD,0.6,FGSM,0.2,7.540983606557377,3.0,0,54
engr0,HTC,PGD,0.6,FGSM,0.2,7.540983606557377,3.0,0,54
engr0,LG,PGD,0.6,FGSM,0.2,7.540983606557377,3.0,0,54
engr0,MOTO,PGD,0.6,FGSM,0.2,7.540983606557377,3.0,0,54
engr0,OP3,PGD,0.6,FGSM,0.2,7.540983606557377,3.0,0,54
engr0,S7,PGD,0.6,FGSM,0.2,7.540983606557377,3.0,0,54
engr0,BLU,PGD,0.6,FGSM,0.3,12.59016393442623,6.0,0,54
engr0,HTC,PGD,0.6,FGSM,0.3,12.59016393442623,6.0,0,54
engr0,LG,PGD,0.6,FGSM,0.3,12.59016393442623,6.0,0,54
engr0,MOTO,PGD,0.6,FGSM,0.3,12.59016393442623,6.0,0,54
engr0,OP3,PGD,0.6,FGSM,0.3,12.59016393442623,6.0,0,54
engr0,S7,PGD,0.6,FGSM,0.3,12.59016393442623,6.0,0,54
engr0,BLU,PGD,0.6,FGSM,0.4,16.770491803278688,11.0,0,55
engr0,HTC,PGD,0.6,FGSM,0.4,16.770491803278688,11.0,0,55
engr0,LG,PGD,0.6,FGSM,0.4,16.770491803278688,11.0,0,55
engr0,MOTO,PGD,0.6,FGSM,0.4,16.770491803278688,11.0,0,55
engr0,OP3,PGD,0.6,FGSM,0.4,16.770491803278688,11.0,0,55
engr0,S7,PGD,0.6,FGSM,0.4,16.770491803278688,11.0,0,55
engr0,BLU,PGD,0.6,FGSM,0.5,17.475409836065573,12.0,0,57
engr0,HTC,PGD,0.6,FGSM,0.5,17.475409836065573,12.0,0,57
engr0,LG,PGD,0.6,FGSM,0.5,17.475409836065573,12.0,0,57
engr0,MOTO,PGD,0.6,FGSM,0.5,17.475409836065573,12.0,0,57
engr0,OP3,PGD,0.6,FGSM,0.5,17.475409836065573,12.0,0,57
engr0,S7,PGD,0.6,FGSM,0.5,17.475409836065573,12.0,0,57
engr0,BLU,PGD,0.6,FGSM,0.6,21.39344262295082,17.0,0,57
engr0,HTC,PGD,0.6,FGSM,0.6,21.39344262295082,17.0,0,57
engr0,LG,PGD,0.6,FGSM,0.6,21.39344262295082,17.0,0,57
engr0,MOTO,PGD,0.6,FGSM,0.6,21.39344262295082,17.0,0,57
engr0,OP3,PGD,0.6,FGSM,0.6,21.39344262295082,17.0,0,57
engr0,S7,PGD,0.6,FGSM,0.6,21.39344262295082,17.0,0,57
engr0,BLU,PGD,0.6,FGSM,0.7,22.295081967213115,17.0,0,57
engr0,HTC,PGD,0.6,FGSM,0.7,22.295081967213115,17.0,0,57
engr0,LG,PGD,0.6,FGSM,0.7,22.295081967213115,17.0,0,57
engr0,MOTO,PGD,0.6,FGSM,0.7,22.295081967213115,17.0,0,57
engr0,OP3,PGD,0.6,FGSM,0.7,22.295081967213115,17.0,0,57
engr0,S7,PGD,0.6,FGSM,0.7,22.295081967213115,17.0,0,57
engr0,BLU,PGD,0.6,FGSM,0.8,23.704918032786885,20.0,0,58
engr0,HTC,PGD,0.6,FGSM,0.8,23.704918032786885,20.0,0,58
engr0,LG,PGD,0.6,FGSM,0.8,23.704918032786885,20.0,0,58
engr0,MOTO,PGD,0.6,FGSM,0.8,23.704918032786885,20.0,0,58
engr0,OP3,PGD,0.6,FGSM,0.8,23.704918032786885,20.0,0,58
engr0,S7,PGD,0.6,FGSM,0.8,23.704918032786885,20.0,0,58
engr0,BLU,PGD,0.6,FGSM,0.9,25.40983606557377,21.0,0,59
engr0,HTC,PGD,0.6,FGSM,0.9,25.40983606557377,21.0,0,59
engr0,LG,PGD,0.6,FGSM,0.9,25.40983606557377,21.0,0,59
engr0,MOTO,PGD,0.6,FGSM,0.9,25.40983606557377,21.0,0,59
engr0,OP3,PGD,0.6,FGSM,0.9,25.40983606557377,21.0,0,59
engr0,S7,PGD,0.6,FGSM,0.9,25.40983606557377,21.0,0,59
engr0,BLU,PGD,0.6,FGSM,1.0,25.688524590163933,21.0,0,59
engr0,HTC,PGD,0.6,FGSM,1.0,25.688524590163933,21.0,0,59
engr0,LG,PGD,0.6,FGSM,1.0,25.688524590163933,21.0,0,59
engr0,MOTO,PGD,0.6,FGSM,1.0,25.688524590163933,21.0,0,59
engr0,OP3,PGD,0.6,FGSM,1.0,25.688524590163933,21.0,0,59
engr0,S7,PGD,0.6,FGSM,1.0,25.688524590163933,21.0,0,59
engr0,BLU,PGD,0.7,FGSM,0.1,3.0,1.0,0,46
engr0,HTC,PGD,0.7,FGSM,0.1,3.0,1.0,0,46
engr0,LG,PGD,0.7,FGSM,0.1,3.0,1.0,0,46
engr0,MOTO,PGD,0.7,FGSM,0.1,3.0,1.0,0,46
engr0,OP3,PGD,0.7,FGSM,0.1,3.0,1.0,0,46
engr0,S7,PGD,0.7,FGSM,0.1,3.0,1.0,0,46
engr0,BLU,PGD,0.7,FGSM,0.2,8.655737704918034,3.0,0,55
engr0,HTC,PGD,0.7,FGSM,0.2,8.655737704918034,3.0,0,55
engr0,LG,PGD,0.7,FGSM,0.2,8.655737704918034,3.0,0,55
engr0,MOTO,PGD,0.7,FGSM,0.2,8.655737704918034,3.0,0,55
engr0,OP3,PGD,0.7,FGSM,0.2,8.655737704918034,3.0,0,55
engr0,S7,PGD,0.7,FGSM,0.2,8.655737704918034,3.0,0,55
engr0,BLU,PGD,0.7,FGSM,0.3,13.459016393442623,5.0,0,54
engr0,HTC,PGD,0.7,FGSM,0.3,13.459016393442623,5.0,0,54
engr0,LG,PGD,0.7,FGSM,0.3,13.459016393442623,5.0,0,54
engr0,MOTO,PGD,0.7,FGSM,0.3,13.459016393442623,5.0,0,54
engr0,OP3,PGD,0.7,FGSM,0.3,13.459016393442623,5.0,0,54
engr0,S7,PGD,0.7,FGSM,0.3,13.459016393442623,5.0,0,54
engr0,BLU,PGD,0.7,FGSM,0.4,17.065573770491802,9.0,0,55
engr0,HTC,PGD,0.7,FGSM,0.4,17.065573770491802,9.0,0,55
engr0,LG,PGD,0.7,FGSM,0.4,17.065573770491802,9.0,0,55
engr0,MOTO,PGD,0.7,FGSM,0.4,17.065573770491802,9.0,0,55
engr0,OP3,PGD,0.7,FGSM,0.4,17.065573770491802,9.0,0,55
engr0,S7,PGD,0.7,FGSM,0.4,17.065573770491802,9.0,0,55
engr0,BLU,PGD,0.7,FGSM,0.5,18.524590163934427,12.0,0,54
engr0,HTC,PGD,0.7,FGSM,0.5,18.524590163934427,12.0,0,54
engr0,LG,PGD,0.7,FGSM,0.5,18.524590163934427,12.0,0,54
engr0,MOTO,PGD,0.7,FGSM,0.5,18.524590163934427,12.0,0,54
engr0,OP3,PGD,0.7,FGSM,0.5,18.524590163934427,12.0,0,54
engr0,S7,PGD,0.7,FGSM,0.5,18.524590163934427,12.0,0,54
engr0,BLU,PGD,0.7,FGSM,0.6,20.295081967213115,13.0,0,55
engr0,HTC,PGD,0.7,FGSM,0.6,20.295081967213115,13.0,0,55
engr0,LG,PGD,0.7,FGSM,0.6,20.295081967213115,13.0,0,55
engr0,MOTO,PGD,0.7,FGSM,0.6,20.295081967213115,13.0,0,55
engr0,OP3,PGD,0.7,FGSM,0.6,20.295081967213115,13.0,0,55
engr0,S7,PGD,0.7,FGSM,0.6,20.295081967213115,13.0,0,55
engr0,BLU,PGD,0.7,FGSM,0.7,21.59016393442623,14.0,0,55
engr0,HTC,PGD,0.7,FGSM,0.7,21.59016393442623,14.0,0,55
engr0,LG,PGD,0.7,FGSM,0.7,21.59016393442623,14.0,0,55
engr0,MOTO,PGD,0.7,FGSM,0.7,21.59016393442623,14.0,0,55
engr0,OP3,PGD,0.7,FGSM,0.7,21.59016393442623,14.0,0,55
engr0,S7,PGD,0.7,FGSM,0.7,21.59016393442623,14.0,0,55
engr0,BLU,PGD,0.7,FGSM,0.8,22.16393442622951,15.0,0,56
engr0,HTC,PGD,0.7,FGSM,0.8,22.16393442622951,15.0,0,56
engr0,LG,PGD,0.7,FGSM,0.8,22.16393442622951,15.0,0,56
engr0,MOTO,PGD,0.7,FGSM,0.8,22.16393442622951,15.0,0,56
engr0,OP3,PGD,0.7,FGSM,0.8,22.16393442622951,15.0,0,56
engr0,S7,PGD,0.7,FGSM,0.8,22.16393442622951,15.0,0,56
engr0,BLU,PGD,0.7,FGSM,0.9,22.950819672131146,19.0,0,58
engr0,HTC,PGD,0.7,FGSM,0.9,22.950819672131146,19.0,0,58
engr0,LG,PGD,0.7,FGSM,0.9,22.950819672131146,19.0,0,58
engr0,MOTO,PGD,0.7,FGSM,0.9,22.950819672131146,19.0,0,58
engr0,OP3,PGD,0.7,FGSM,0.9,22.950819672131146,19.0,0,58
engr0,S7,PGD,0.7,FGSM,0.9,22.950819672131146,19.0,0,58
engr0,BLU,PGD,0.7,FGSM,1.0,23.19672131147541,21.0,0,57
engr0,HTC,PGD,0.7,FGSM,1.0,23.19672131147541,21.0,0,57
engr0,LG,PGD,0.7,FGSM,1.0,23.19672131147541,21.0,0,57
engr0,MOTO,PGD,0.7,FGSM,1.0,23.19672131147541,21.0,0,57
engr0,OP3,PGD,0.7,FGSM,1.0,23.19672131147541,21.0,0,57
engr0,S7,PGD,0.7,FGSM,1.0,23.19672131147541,21.0,0,57
engr0,BLU,PGD,0.8,FGSM,0.1,3.262295081967213,1.0,0,47
engr0,HTC,PGD,0.8,FGSM,0.1,3.262295081967213,1.0,0,47
engr0,LG,PGD,0.8,FGSM,0.1,3.262295081967213,1.0,0,47
engr0,MOTO,PGD,0.8,FGSM,0.1,3.262295081967213,1.0,0,47
engr0,OP3,PGD,0.8,FGSM,0.1,3.262295081967213,1.0,0,47
engr0,S7,PGD,0.8,FGSM,0.1,3.262295081967213,1.0,0,47
engr0,BLU,PGD,0.8,FGSM,0.2,8.032786885245901,3.0,0,55
engr0,HTC,PGD,0.8,FGSM,0.2,8.032786885245901,3.0,0,55
engr0,LG,PGD,0.8,FGSM,0.2,8.032786885245901,3.0,0,55
engr0,MOTO,PGD,0.8,FGSM,0.2,8.032786885245901,3.0,0,55
engr0,OP3,PGD,0.8,FGSM,0.2,8.032786885245901,3.0,0,55
engr0,S7,PGD,0.8,FGSM,0.2,8.032786885245901,3.0,0,55
engr0,BLU,PGD,0.8,FGSM,0.3,12.344262295081966,4.0,0,56
engr0,HTC,PGD,0.8,FGSM,0.3,12.344262295081966,4.0,0,56
engr0,LG,PGD,0.8,FGSM,0.3,12.344262295081966,4.0,0,56
engr0,MOTO,PGD,0.8,FGSM,0.3,12.344262295081966,4.0,0,56
engr0,OP3,PGD,0.8,FGSM,0.3,12.344262295081966,4.0,0,56
engr0,S7,PGD,0.8,FGSM,0.3,12.344262295081966,4.0,0,56
engr0,BLU,PGD,0.8,FGSM,0.4,18.639344262295083,10.0,0,56
engr0,HTC,PGD,0.8,FGSM,0.4,18.639344262295083,10.0,0,56
engr0,LG,PGD,0.8,FGSM,0.4,18.639344262295083,10.0,0,56
engr0,MOTO,PGD,0.8,FGSM,0.4,18.639344262295083,10.0,0,56
engr0,OP3,PGD,0.8,FGSM,0.4,18.639344262295083,10.0,0,56
engr0,S7,PGD,0.8,FGSM,0.4,18.639344262295083,10.0,0,56
engr0,BLU,PGD,0.8,FGSM,0.5,19.81967213114754,11.0,0,58
engr0,HTC,PGD,0.8,FGSM,0.5,19.81967213114754,11.0,0,58
engr0,LG,PGD,0.8,FGSM,0.5,19.81967213114754,11.0,0,58
engr0,MOTO,PGD,0.8,FGSM,0.5,19.81967213114754,11.0,0,58
engr0,OP3,PGD,0.8,FGSM,0.5,19.81967213114754,11.0,0,58
engr0,S7,PGD,0.8,FGSM,0.5,19.81967213114754,11.0,0,58
engr0,BLU,PGD,0.8,FGSM,0.6,22.114754098360656,16.0,0,59
engr0,HTC,PGD,0.8,FGSM,0.6,22.114754098360656,16.0,0,59
engr0,LG,PGD,0.8,FGSM,0.6,22.114754098360656,16.0,0,59
engr0,MOTO,PGD,0.8,FGSM,0.6,22.114754098360656,16.0,0,59
engr0,OP3,PGD,0.8,FGSM,0.6,22.114754098360656,16.0,0,59
engr0,S7,PGD,0.8,FGSM,0.6,22.114754098360656,16.0,0,59
engr0,BLU,PGD,0.8,FGSM,0.7,22.737704918032787,16.0,0,59
engr0,HTC,PGD,0.8,FGSM,0.7,22.737704918032787,16.0,0,59
engr0,LG,PGD,0.8,FGSM,0.7,22.737704918032787,16.0,0,59
engr0,MOTO,PGD,0.8,FGSM,0.7,22.737704918032787,16.0,0,59
engr0,OP3,PGD,0.8,FGSM,0.7,22.737704918032787,16.0,0,59
engr0,S7,PGD,0.8,FGSM,0.7,22.737704918032787,16.0,0,59
engr0,BLU,PGD,0.8,FGSM,0.8,23.639344262295083,19.0,0,59
engr0,HTC,PGD,0.8,FGSM,0.8,23.639344262295083,19.0,0,59
engr0,LG,PGD,0.8,FGSM,0.8,23.639344262295083,19.0,0,59
engr0,MOTO,PGD,0.8,FGSM,0.8,23.639344262295083,19.0,0,59
engr0,OP3,PGD,0.8,FGSM,0.8,23.639344262295083,19.0,0,59
engr0,S7,PGD,0.8,FGSM,0.8,23.639344262295083,19.0,0,59
engr0,BLU,PGD,0.8,FGSM,0.9,24.262295081967213,19.0,0,59
engr0,HTC,PGD,0.8,FGSM,0.9,24.262295081967213,19.0,0,59
engr0,LG,PGD,0.8,FGSM,0.9,24.262295081967213,19.0,0,59
engr0,MOTO,PGD,0.8,FGSM,0.9,24.262295081967213,19.0,0,59
engr0,OP3,PGD,0.8,FGSM,0.9,24.262295081967213,19.0,0,59
engr0,S7,PGD,0.8,FGSM,0.9,24.262295081967213,19.0,0,59
engr0,BLU,PGD,0.8,FGSM,1.0,24.508196721311474,19.0,0,59
engr0,HTC,PGD,0.8,FGSM,1.0,24.508196721311474,19.0,0,59
engr0,LG,PGD,0.8,FGSM,1.0,24.508196721311474,19.0,0,59
engr0,MOTO,PGD,0.8,FGSM,1.0,24.508196721311474,19.0,0,59
engr0,OP3,PGD,0.8,FGSM,1.0,24.508196721311474,19.0,0,59
engr0,S7,PGD,0.8,FGSM,1.0,24.508196721311474,19.0,0,59
engr0,BLU,PGD,0.9,FGSM,0.1,2.2459016393442623,1.0,0,26
engr0,HTC,PGD,0.9,FGSM,0.1,2.2459016393442623,1.0,0,26
engr0,LG,PGD,0.9,FGSM,0.1,2.2459016393442623,1.0,0,26
engr0,MOTO,PGD,0.9,FGSM,0.1,2.2459016393442623,1.0,0,26
engr0,OP3,PGD,0.9,FGSM,0.1,2.2459016393442623,1.0,0,26
engr0,S7,PGD,0.9,FGSM,0.1,2.2459016393442623,1.0,0,26
engr0,BLU,PGD,0.9,FGSM,0.2,8.852459016393443,4.0,0,54
engr0,HTC,PGD,0.9,FGSM,0.2,8.852459016393443,4.0,0,54
engr0,LG,PGD,0.9,FGSM,0.2,8.852459016393443,4.0,0,54
engr0,MOTO,PGD,0.9,FGSM,0.2,8.852459016393443,4.0,0,54
engr0,OP3,PGD,0.9,FGSM,0.2,8.852459016393443,4.0,0,54
engr0,S7,PGD,0.9,FGSM,0.2,8.852459016393443,4.0,0,54
engr0,BLU,PGD,0.9,FGSM,0.3,15.573770491803279,8.0,0,54
engr0,HTC,PGD,0.9,FGSM,0.3,15.573770491803279,8.0,0,54
engr0,LG,PGD,0.9,FGSM,0.3,15.573770491803279,8.0,0,54
engr0,MOTO,PGD,0.9,FGSM,0.3,15.573770491803279,8.0,0,54
engr0,OP3,PGD,0.9,FGSM,0.3,15.573770491803279,8.0,0,54
engr0,S7,PGD,0.9,FGSM,0.3,15.573770491803279,8.0,0,54
engr0,BLU,PGD,0.9,FGSM,0.4,18.78688524590164,12.0,0,56
engr0,HTC,PGD,0.9,FGSM,0.4,18.78688524590164,12.0,0,56
engr0,LG,PGD,0.9,FGSM,0.4,18.78688524590164,12.0,0,56
engr0,MOTO,PGD,0.9,FGSM,0.4,18.78688524590164,12.0,0,56
engr0,OP3,PGD,0.9,FGSM,0.4,18.78688524590164,12.0,0,56
engr0,S7,PGD,0.9,FGSM,0.4,18.78688524590164,12.0,0,56
engr0,BLU,PGD,0.9,FGSM,0.5,21.934426229508198,16.0,0,55
engr0,HTC,PGD,0.9,FGSM,0.5,21.934426229508198,16.0,0,55
engr0,LG,PGD,0.9,FGSM,0.5,21.934426229508198,16.0,0,55
engr0,MOTO,PGD,0.9,FGSM,0.5,21.934426229508198,16.0,0,55
engr0,OP3,PGD,0.9,FGSM,0.5,21.934426229508198,16.0,0,55
engr0,S7,PGD,0.9,FGSM,0.5,21.934426229508198,16.0,0,55
engr0,BLU,PGD,0.9,FGSM,0.6,23.131147540983605,18.0,0,55
engr0,HTC,PGD,0.9,FGSM,0.6,23.131147540983605,18.0,0,55
engr0,LG,PGD,0.9,FGSM,0.6,23.131147540983605,18.0,0,55
engr0,MOTO,PGD,0.9,FGSM,0.6,23.131147540983605,18.0,0,55
engr0,OP3,PGD,0.9,FGSM,0.6,23.131147540983605,18.0,0,55
engr0,S7,PGD,0.9,FGSM,0.6,23.131147540983605,18.0,0,55
engr0,BLU,PGD,0.9,FGSM,0.7,26.114754098360656,22.0,0,59
engr0,HTC,PGD,0.9,FGSM,0.7,26.114754098360656,22.0,0,59
engr0,LG,PGD,0.9,FGSM,0.7,26.114754098360656,22.0,0,59
engr0,MOTO,PGD,0.9,FGSM,0.7,26.114754098360656,22.0,0,59
engr0,OP3,PGD,0.9,FGSM,0.7,26.114754098360656,22.0,0,59
engr0,S7,PGD,0.9,FGSM,0.7,26.114754098360656,22.0,0,59
engr0,BLU,PGD,0.9,FGSM,0.8,27.24590163934426,25.0,0,59
engr0,HTC,PGD,0.9,FGSM,0.8,27.24590163934426,25.0,0,59
engr0,LG,PGD,0.9,FGSM,0.8,27.24590163934426,25.0,0,59
engr0,MOTO,PGD,0.9,FGSM,0.8,27.24590163934426,25.0,0,59
engr0,OP3,PGD,0.9,FGSM,0.8,27.24590163934426,25.0,0,59
engr0,S7,PGD,0.9,FGSM,0.8,27.24590163934426,25.0,0,59
engr0,BLU,PGD,0.9,FGSM,0.9,27.672131147540984,28.0,0,59
engr0,HTC,PGD,0.9,FGSM,0.9,27.672131147540984,28.0,0,59
engr0,LG,PGD,0.9,FGSM,0.9,27.672131147540984,28.0,0,59
engr0,MOTO,PGD,0.9,FGSM,0.9,27.672131147540984,28.0,0,59
engr0,OP3,PGD,0.9,FGSM,0.9,27.672131147540984,28.0,0,59
engr0,S7,PGD,0.9,FGSM,0.9,27.672131147540984,28.0,0,59
engr0,BLU,PGD,0.9,FGSM,1.0,28.049180327868854,28.0,0,59
engr0,HTC,PGD,0.9,FGSM,1.0,28.049180327868854,28.0,0,59
engr0,LG,PGD,0.9,FGSM,1.0,28.049180327868854,28.0,0,59
engr0,MOTO,PGD,0.9,FGSM,1.0,28.049180327868854,28.0,0,59
engr0,OP3,PGD,0.9,FGSM,1.0,28.049180327868854,28.0,0,59
engr0,S7,PGD,0.9,FGSM,1.0,28.049180327868854,28.0,0,59
engr0,BLU,PGD,1.0,FGSM,0.1,3.4262295081967213,1.0,0,55
engr0,HTC,PGD,1.0,FGSM,0.1,3.4262295081967213,1.0,0,55
engr0,LG,PGD,1.0,FGSM,0.1,3.4262295081967213,1.0,0,55
engr0,MOTO,PGD,1.0,FGSM,0.1,3.4262295081967213,1.0,0,55
engr0,OP3,PGD,1.0,FGSM,0.1,3.4262295081967213,1.0,0,55
engr0,S7,PGD,1.0,FGSM,0.1,3.4262295081967213,1.0,0,55
engr0,BLU,PGD,1.0,FGSM,0.2,8.737704918032787,3.0,0,56
engr0,HTC,PGD,1.0,FGSM,0.2,8.737704918032787,3.0,0,56
engr0,LG,PGD,1.0,FGSM,0.2,8.737704918032787,3.0,0,56
engr0,MOTO,PGD,1.0,FGSM,0.2,8.737704918032787,3.0,0,56
engr0,OP3,PGD,1.0,FGSM,0.2,8.737704918032787,3.0,0,56
engr0,S7,PGD,1.0,FGSM,0.2,8.737704918032787,3.0,0,56
engr0,BLU,PGD,1.0,FGSM,0.3,14.311475409836065,7.0,0,58
engr0,HTC,PGD,1.0,FGSM,0.3,14.311475409836065,7.0,0,58
engr0,LG,PGD,1.0,FGSM,0.3,14.311475409836065,7.0,0,58
engr0,MOTO,PGD,1.0,FGSM,0.3,14.311475409836065,7.0,0,58
engr0,OP3,PGD,1.0,FGSM,0.3,14.311475409836065,7.0,0,58
engr0,S7,PGD,1.0,FGSM,0.3,14.311475409836065,7.0,0,58
engr0,BLU,PGD,1.0,FGSM,0.4,18.60655737704918,8.0,0,55
engr0,HTC,PGD,1.0,FGSM,0.4,18.60655737704918,8.0,0,55
engr0,LG,PGD,1.0,FGSM,0.4,18.60655737704918,8.0,0,55
engr0,MOTO,PGD,1.0,FGSM,0.4,18.60655737704918,8.0,0,55
engr0,OP3,PGD,1.0,FGSM,0.4,18.60655737704918,8.0,0,55
engr0,S7,PGD,1.0,FGSM,0.4,18.60655737704918,8.0,0,55
engr0,BLU,PGD,1.0,FGSM,0.5,18.672131147540984,13.0,0,55
engr0,HTC,PGD,1.0,FGSM,0.5,18.672131147540984,13.0,0,55
engr0,LG,PGD,1.0,FGSM,0.5,18.672131147540984,13.0,0,55
engr0,MOTO,PGD,1.0,FGSM,0.5,18.672131147540984,13.0,0,55
engr0,OP3,PGD,1.0,FGSM,0.5,18.672131147540984,13.0,0,55
engr0,S7,PGD,1.0,FGSM,0.5,18.672131147540984,13.0,0,55
engr0,BLU,PGD,1.0,FGSM,0.6,19.475409836065573,12.0,0,57
engr0,HTC,PGD,1.0,FGSM,0.6,19.475409836065573,12.0,0,57
engr0,LG,PGD,1.0,FGSM,0.6,19.475409836065573,12.0,0,57
engr0,MOTO,PGD,1.0,FGSM,0.6,19.475409836065573,12.0,0,57
engr0,OP3,PGD,1.0,FGSM,0.6,19.475409836065573,12.0,0,57
engr0,S7,PGD,1.0,FGSM,0.6,19.475409836065573,12.0,0,57
engr0,BLU,PGD,1.0,FGSM,0.7,20.852459016393443,15.0,0,57
engr0,HTC,PGD,1.0,FGSM,0.7,20.852459016393443,15.0,0,57
engr0,LG,PGD,1.0,FGSM,0.7,20.852459016393443,15.0,0,57
engr0,MOTO,PGD,1.0,FGSM,0.7,20.852459016393443,15.0,0,57
engr0,OP3,PGD,1.0,FGSM,0.7,20.852459016393443,15.0,0,57
engr0,S7,PGD,1.0,FGSM,0.7,20.852459016393443,15.0,0,57
engr0,BLU,PGD,1.0,FGSM,0.8,20.950819672131146,15.0,0,57
engr0,HTC,PGD,1.0,FGSM,0.8,20.950819672131146,15.0,0,57
engr0,LG,PGD,1.0,FGSM,0.8,20.950819672131146,15.0,0,57
engr0,MOTO,PGD,1.0,FGSM,0.8,20.950819672131146,15.0,0,57
engr0,OP3,PGD,1.0,FGSM,0.8,20.950819672131146,15.0,0,57
engr0,S7,PGD,1.0,FGSM,0.8,20.950819672131146,15.0,0,57
engr0,BLU,PGD,1.0,FGSM,0.9,22.60655737704918,17.0,0,57
engr0,HTC,PGD,1.0,FGSM,0.9,22.60655737704918,17.0,0,57
engr0,LG,PGD,1.0,FGSM,0.9,22.60655737704918,17.0,0,57
engr0,MOTO,PGD,1.0,FGSM,0.9,22.60655737704918,17.0,0,57
engr0,OP3,PGD,1.0,FGSM,0.9,22.60655737704918,17.0,0,57
engr0,S7,PGD,1.0,FGSM,0.9,22.60655737704918,17.0,0,57
engr0,BLU,PGD,1.0,FGSM,1.0,23.19672131147541,17.0,0,57
engr0,HTC,PGD,1.0,FGSM,1.0,23.19672131147541,17.0,0,57
engr0,LG,PGD,1.0,FGSM,1.0,23.19672131147541,17.0,0,57
engr0,MOTO,PGD,1.0,FGSM,1.0,23.19672131147541,17.0,0,57
engr0,OP3,PGD,1.0,FGSM,1.0,23.19672131147541,17.0,0,57
engr0,S7,PGD,1.0,FGSM,1.0,23.19672131147541,17.0,0,57
engr0,BLU,MIM,0.1,FGSM,0.1,1.6721311475409837,1.0,0,7
engr0,HTC,MIM,0.1,FGSM,0.1,1.6721311475409837,1.0,0,7
engr0,LG,MIM,0.1,FGSM,0.1,1.6721311475409837,1.0,0,7
engr0,MOTO,MIM,0.1,FGSM,0.1,1.6721311475409837,1.0,0,7
engr0,OP3,MIM,0.1,FGSM,0.1,1.6721311475409837,1.0,0,7
engr0,S7,MIM,0.1,FGSM,0.1,1.6721311475409837,1.0,0,7
engr0,BLU,MIM,0.1,FGSM,0.2,8.573770491803279,2.0,0,54
engr0,HTC,MIM,0.1,FGSM,0.2,8.573770491803279,2.0,0,54
engr0,LG,MIM,0.1,FGSM,0.2,8.573770491803279,2.0,0,54
engr0,MOTO,MIM,0.1,FGSM,0.2,8.573770491803279,2.0,0,54
engr0,OP3,MIM,0.1,FGSM,0.2,8.573770491803279,2.0,0,54
engr0,S7,MIM,0.1,FGSM,0.2,8.573770491803279,2.0,0,54
engr0,BLU,MIM,0.1,FGSM,0.3,12.39344262295082,4.0,0,55
engr0,HTC,MIM,0.1,FGSM,0.3,12.39344262295082,4.0,0,55
engr0,LG,MIM,0.1,FGSM,0.3,12.39344262295082,4.0,0,55
engr0,MOTO,MIM,0.1,FGSM,0.3,12.39344262295082,4.0,0,55
engr0,OP3,MIM,0.1,FGSM,0.3,12.39344262295082,4.0,0,55
engr0,S7,MIM,0.1,FGSM,0.3,12.39344262295082,4.0,0,55
engr0,BLU,MIM,0.1,FGSM,0.4,16.295081967213115,10.0,0,55
engr0,HTC,MIM,0.1,FGSM,0.4,16.295081967213115,10.0,0,55
engr0,LG,MIM,0.1,FGSM,0.4,16.295081967213115,10.0,0,55
engr0,MOTO,MIM,0.1,FGSM,0.4,16.295081967213115,10.0,0,55
engr0,OP3,MIM,0.1,FGSM,0.4,16.295081967213115,10.0,0,55
engr0,S7,MIM,0.1,FGSM,0.4,16.295081967213115,10.0,0,55
engr0,BLU,MIM,0.1,FGSM,0.5,19.327868852459016,14.0,0,55
engr0,HTC,MIM,0.1,FGSM,0.5,19.327868852459016,14.0,0,55
engr0,LG,MIM,0.1,FGSM,0.5,19.327868852459016,14.0,0,55
engr0,MOTO,MIM,0.1,FGSM,0.5,19.327868852459016,14.0,0,55
engr0,OP3,MIM,0.1,FGSM,0.5,19.327868852459016,14.0,0,55
engr0,S7,MIM,0.1,FGSM,0.5,19.327868852459016,14.0,0,55
engr0,BLU,MIM,0.1,FGSM,0.6,21.37704918032787,16.0,0,57
engr0,HTC,MIM,0.1,FGSM,0.6,21.37704918032787,16.0,0,57
engr0,LG,MIM,0.1,FGSM,0.6,21.37704918032787,16.0,0,57
engr0,MOTO,MIM,0.1,FGSM,0.6,21.37704918032787,16.0,0,57
engr0,OP3,MIM,0.1,FGSM,0.6,21.37704918032787,16.0,0,57
engr0,S7,MIM,0.1,FGSM,0.6,21.37704918032787,16.0,0,57
engr0,BLU,MIM,0.1,FGSM,0.7,23.34426229508197,19.0,0,59
engr0,HTC,MIM,0.1,FGSM,0.7,23.34426229508197,19.0,0,59
engr0,LG,MIM,0.1,FGSM,0.7,23.34426229508197,19.0,0,59
engr0,MOTO,MIM,0.1,FGSM,0.7,23.34426229508197,19.0,0,59
engr0,OP3,MIM,0.1,FGSM,0.7,23.34426229508197,19.0,0,59
engr0,S7,MIM,0.1,FGSM,0.7,23.34426229508197,19.0,0,59
engr0,BLU,MIM,0.1,FGSM,0.8,23.459016393442624,19.0,0,59
engr0,HTC,MIM,0.1,FGSM,0.8,23.459016393442624,19.0,0,59
engr0,LG,MIM,0.1,FGSM,0.8,23.459016393442624,19.0,0,59
engr0,MOTO,MIM,0.1,FGSM,0.8,23.459016393442624,19.0,0,59
engr0,OP3,MIM,0.1,FGSM,0.8,23.459016393442624,19.0,0,59
engr0,S7,MIM,0.1,FGSM,0.8,23.459016393442624,19.0,0,59
engr0,BLU,MIM,0.1,FGSM,0.9,24.081967213114755,20.0,0,59
engr0,HTC,MIM,0.1,FGSM,0.9,24.081967213114755,20.0,0,59
engr0,LG,MIM,0.1,FGSM,0.9,24.081967213114755,20.0,0,59
engr0,MOTO,MIM,0.1,FGSM,0.9,24.081967213114755,20.0,0,59
engr0,OP3,MIM,0.1,FGSM,0.9,24.081967213114755,20.0,0,59
engr0,S7,MIM,0.1,FGSM,0.9,24.081967213114755,20.0,0,59
engr0,BLU,MIM,0.1,FGSM,1.0,24.131147540983605,20.0,0,59
engr0,HTC,MIM,0.1,FGSM,1.0,24.131147540983605,20.0,0,59
engr0,LG,MIM,0.1,FGSM,1.0,24.131147540983605,20.0,0,59
engr0,MOTO,MIM,0.1,FGSM,1.0,24.131147540983605,20.0,0,59
engr0,OP3,MIM,0.1,FGSM,1.0,24.131147540983605,20.0,0,59
engr0,S7,MIM,0.1,FGSM,1.0,24.131147540983605,20.0,0,59
engr0,BLU,MIM,0.2,FGSM,0.1,1.6065573770491803,1.0,0,9
engr0,HTC,MIM,0.2,FGSM,0.1,1.6065573770491803,1.0,0,9
engr0,LG,MIM,0.2,FGSM,0.1,1.6065573770491803,1.0,0,9
engr0,MOTO,MIM,0.2,FGSM,0.1,1.6065573770491803,1.0,0,9
engr0,OP3,MIM,0.2,FGSM,0.1,1.6065573770491803,1.0,0,9
engr0,S7,MIM,0.2,FGSM,0.1,1.6065573770491803,1.0,0,9
engr0,BLU,MIM,0.2,FGSM,0.2,4.918032786885246,2.0,0,56
engr0,HTC,MIM,0.2,FGSM,0.2,4.918032786885246,2.0,0,56
engr0,LG,MIM,0.2,FGSM,0.2,4.918032786885246,2.0,0,56
engr0,MOTO,MIM,0.2,FGSM,0.2,4.918032786885246,2.0,0,56
engr0,OP3,MIM,0.2,FGSM,0.2,4.918032786885246,2.0,0,56
engr0,S7,MIM,0.2,FGSM,0.2,4.918032786885246,2.0,0,56
engr0,BLU,MIM,0.2,FGSM,0.3,9.442622950819672,3.0,0,53
engr0,HTC,MIM,0.2,FGSM,0.3,9.442622950819672,3.0,0,53
engr0,LG,MIM,0.2,FGSM,0.3,9.442622950819672,3.0,0,53
engr0,MOTO,MIM,0.2,FGSM,0.3,9.442622950819672,3.0,0,53
engr0,OP3,MIM,0.2,FGSM,0.3,9.442622950819672,3.0,0,53
engr0,S7,MIM,0.2,FGSM,0.3,9.442622950819672,3.0,0,53
engr0,BLU,MIM,0.2,FGSM,0.4,11.770491803278688,5.0,0,54
engr0,HTC,MIM,0.2,FGSM,0.4,11.770491803278688,5.0,0,54
engr0,LG,MIM,0.2,FGSM,0.4,11.770491803278688,5.0,0,54
engr0,MOTO,MIM,0.2,FGSM,0.4,11.770491803278688,5.0,0,54
engr0,OP3,MIM,0.2,FGSM,0.4,11.770491803278688,5.0,0,54
engr0,S7,MIM,0.2,FGSM,0.4,11.770491803278688,5.0,0,54
engr0,BLU,MIM,0.2,FGSM,0.5,13.557377049180328,6.0,0,54
engr0,HTC,MIM,0.2,FGSM,0.5,13.557377049180328,6.0,0,54
engr0,LG,MIM,0.2,FGSM,0.5,13.557377049180328,6.0,0,54
engr0,MOTO,MIM,0.2,FGSM,0.5,13.557377049180328,6.0,0,54
engr0,OP3,MIM,0.2,FGSM,0.5,13.557377049180328,6.0,0,54
engr0,S7,MIM,0.2,FGSM,0.5,13.557377049180328,6.0,0,54
engr0,BLU,MIM,0.2,FGSM,0.6,15.245901639344263,8.0,0,54
engr0,HTC,MIM,0.2,FGSM,0.6,15.245901639344263,8.0,0,54
engr0,LG,MIM,0.2,FGSM,0.6,15.245901639344263,8.0,0,54
engr0,MOTO,MIM,0.2,FGSM,0.6,15.245901639344263,8.0,0,54
engr0,OP3,MIM,0.2,FGSM,0.6,15.245901639344263,8.0,0,54
engr0,S7,MIM,0.2,FGSM,0.6,15.245901639344263,8.0,0,54
engr0,BLU,MIM,0.2,FGSM,0.7,17.442622950819672,12.0,0,55
engr0,HTC,MIM,0.2,FGSM,0.7,17.442622950819672,12.0,0,55
engr0,LG,MIM,0.2,FGSM,0.7,17.442622950819672,12.0,0,55
engr0,MOTO,MIM,0.2,FGSM,0.7,17.442622950819672,12.0,0,55
engr0,OP3,MIM,0.2,FGSM,0.7,17.442622950819672,12.0,0,55
engr0,S7,MIM,0.2,FGSM,0.7,17.442622950819672,12.0,0,55
engr0,BLU,MIM,0.2,FGSM,0.8,17.918032786885245,12.0,0,55
engr0,HTC,MIM,0.2,FGSM,0.8,17.918032786885245,12.0,0,55
engr0,LG,MIM,0.2,FGSM,0.8,17.918032786885245,12.0,0,55
engr0,MOTO,MIM,0.2,FGSM,0.8,17.918032786885245,12.0,0,55
engr0,OP3,MIM,0.2,FGSM,0.8,17.918032786885245,12.0,0,55
engr0,S7,MIM,0.2,FGSM,0.8,17.918032786885245,12.0,0,55
engr0,BLU,MIM,0.2,FGSM,0.9,20.62295081967213,16.0,0,55
engr0,HTC,MIM,0.2,FGSM,0.9,20.62295081967213,16.0,0,55
engr0,LG,MIM,0.2,FGSM,0.9,20.62295081967213,16.0,0,55
engr0,MOTO,MIM,0.2,FGSM,0.9,20.62295081967213,16.0,0,55
engr0,OP3,MIM,0.2,FGSM,0.9,20.62295081967213,16.0,0,55
engr0,S7,MIM,0.2,FGSM,0.9,20.62295081967213,16.0,0,55
engr0,BLU,MIM,0.2,FGSM,1.0,21.75409836065574,17.0,0,55
engr0,HTC,MIM,0.2,FGSM,1.0,21.75409836065574,17.0,0,55
engr0,LG,MIM,0.2,FGSM,1.0,21.75409836065574,17.0,0,55
engr0,MOTO,MIM,0.2,FGSM,1.0,21.75409836065574,17.0,0,55
engr0,OP3,MIM,0.2,FGSM,1.0,21.75409836065574,17.0,0,55
engr0,S7,MIM,0.2,FGSM,1.0,21.75409836065574,17.0,0,55
engr0,BLU,MIM,0.3,FGSM,0.1,1.098360655737705,1.0,0,6
engr0,HTC,MIM,0.3,FGSM,0.1,1.098360655737705,1.0,0,6
engr0,LG,MIM,0.3,FGSM,0.1,1.098360655737705,1.0,0,6
engr0,MOTO,MIM,0.3,FGSM,0.1,1.098360655737705,1.0,0,6
engr0,OP3,MIM,0.3,FGSM,0.1,1.098360655737705,1.0,0,6
engr0,S7,MIM,0.3,FGSM,0.1,1.098360655737705,1.0,0,6
engr0,BLU,MIM,0.3,FGSM,0.2,3.540983606557377,2.0,0,45
engr0,HTC,MIM,0.3,FGSM,0.2,3.540983606557377,2.0,0,45
engr0,LG,MIM,0.3,FGSM,0.2,3.540983606557377,2.0,0,45
engr0,MOTO,MIM,0.3,FGSM,0.2,3.540983606557377,2.0,0,45
engr0,OP3,MIM,0.3,FGSM,0.2,3.540983606557377,2.0,0,45
engr0,S7,MIM,0.3,FGSM,0.2,3.540983606557377,2.0,0,45
engr0,BLU,MIM,0.3,FGSM,0.3,7.983606557377049,2.0,0,55
engr0,HTC,MIM,0.3,FGSM,0.3,7.983606557377049,2.0,0,55
engr0,LG,MIM,0.3,FGSM,0.3,7.983606557377049,2.0,0,55
engr0,MOTO,MIM,0.3,FGSM,0.3,7.983606557377049,2.0,0,55
engr0,OP3,MIM,0.3,FGSM,0.3,7.983606557377049,2.0,0,55
engr0,S7,MIM,0.3,FGSM,0.3,7.983606557377049,2.0,0,55
engr0,BLU,MIM,0.3,FGSM,0.4,11.360655737704919,3.0,0,55
engr0,HTC,MIM,0.3,FGSM,0.4,11.360655737704919,3.0,0,55
engr0,LG,MIM,0.3,FGSM,0.4,11.360655737704919,3.0,0,55
engr0,MOTO,MIM,0.3,FGSM,0.4,11.360655737704919,3.0,0,55
engr0,OP3,MIM,0.3,FGSM,0.4,11.360655737704919,3.0,0,55
engr0,S7,MIM,0.3,FGSM,0.4,11.360655737704919,3.0,0,55
engr0,BLU,MIM,0.3,FGSM,0.5,11.721311475409836,4.0,0,50
engr0,HTC,MIM,0.3,FGSM,0.5,11.721311475409836,4.0,0,50
engr0,LG,MIM,0.3,FGSM,0.5,11.721311475409836,4.0,0,50
engr0,MOTO,MIM,0.3,FGSM,0.5,11.721311475409836,4.0,0,50
engr0,OP3,MIM,0.3,FGSM,0.5,11.721311475409836,4.0,0,50
engr0,S7,MIM,0.3,FGSM,0.5,11.721311475409836,4.0,0,50
engr0,BLU,MIM,0.3,FGSM,0.6,14.819672131147541,7.0,0,50
engr0,HTC,MIM,0.3,FGSM,0.6,14.819672131147541,7.0,0,50
engr0,LG,MIM,0.3,FGSM,0.6,14.819672131147541,7.0,0,50
engr0,MOTO,MIM,0.3,FGSM,0.6,14.819672131147541,7.0,0,50
engr0,OP3,MIM,0.3,FGSM,0.6,14.819672131147541,7.0,0,50
engr0,S7,MIM,0.3,FGSM,0.6,14.819672131147541,7.0,0,50
engr0,BLU,MIM,0.3,FGSM,0.7,18.278688524590162,10.0,0,54
engr0,HTC,MIM,0.3,FGSM,0.7,18.278688524590162,10.0,0,54
engr0,LG,MIM,0.3,FGSM,0.7,18.278688524590162,10.0,0,54
engr0,MOTO,MIM,0.3,FGSM,0.7,18.278688524590162,10.0,0,54
engr0,OP3,MIM,0.3,FGSM,0.7,18.278688524590162,10.0,0,54
engr0,S7,MIM,0.3,FGSM,0.7,18.278688524590162,10.0,0,54
engr0,BLU,MIM,0.3,FGSM,0.8,18.049180327868854,8.0,0,54
engr0,HTC,MIM,0.3,FGSM,0.8,18.049180327868854,8.0,0,54
engr0,LG,MIM,0.3,FGSM,0.8,18.049180327868854,8.0,0,54
engr0,MOTO,MIM,0.3,FGSM,0.8,18.049180327868854,8.0,0,54
engr0,OP3,MIM,0.3,FGSM,0.8,18.049180327868854,8.0,0,54
engr0,S7,MIM,0.3,FGSM,0.8,18.049180327868854,8.0,0,54
engr0,BLU,MIM,0.3,FGSM,0.9,18.62295081967213,12.0,0,54
engr0,HTC,MIM,0.3,FGSM,0.9,18.62295081967213,12.0,0,54
engr0,LG,MIM,0.3,FGSM,0.9,18.62295081967213,12.0,0,54
engr0,MOTO,MIM,0.3,FGSM,0.9,18.62295081967213,12.0,0,54
engr0,OP3,MIM,0.3,FGSM,0.9,18.62295081967213,12.0,0,54
engr0,S7,MIM,0.3,FGSM,0.9,18.62295081967213,12.0,0,54
engr0,BLU,MIM,0.3,FGSM,1.0,19.37704918032787,12.0,0,54
engr0,HTC,MIM,0.3,FGSM,1.0,19.37704918032787,12.0,0,54
engr0,LG,MIM,0.3,FGSM,1.0,19.37704918032787,12.0,0,54
engr0,MOTO,MIM,0.3,FGSM,1.0,19.37704918032787,12.0,0,54
engr0,OP3,MIM,0.3,FGSM,1.0,19.37704918032787,12.0,0,54
engr0,S7,MIM,0.3,FGSM,1.0,19.37704918032787,12.0,0,54
engr0,BLU,MIM,0.4,FGSM,0.1,1.3114754098360655,1.0,0,6
engr0,HTC,MIM,0.4,FGSM,0.1,1.3114754098360655,1.0,0,6
engr0,LG,MIM,0.4,FGSM,0.1,1.3114754098360655,1.0,0,6
engr0,MOTO,MIM,0.4,FGSM,0.1,1.3114754098360655,1.0,0,6
engr0,OP3,MIM,0.4,FGSM,0.1,1.3114754098360655,1.0,0,6
engr0,S7,MIM,0.4,FGSM,0.1,1.3114754098360655,1.0,0,6
engr0,BLU,MIM,0.4,FGSM,0.2,3.4754098360655736,1.0,0,36
engr0,HTC,MIM,0.4,FGSM,0.2,3.4754098360655736,1.0,0,36
engr0,LG,MIM,0.4,FGSM,0.2,3.4754098360655736,1.0,0,36
engr0,MOTO,MIM,0.4,FGSM,0.2,3.4754098360655736,1.0,0,36
engr0,OP3,MIM,0.4,FGSM,0.2,3.4754098360655736,1.0,0,36
engr0,S7,MIM,0.4,FGSM,0.2,3.4754098360655736,1.0,0,36
engr0,BLU,MIM,0.4,FGSM,0.3,5.770491803278689,2.0,0,39
engr0,HTC,MIM,0.4,FGSM,0.3,5.770491803278689,2.0,0,39
engr0,LG,MIM,0.4,FGSM,0.3,5.770491803278689,2.0,0,39
engr0,MOTO,MIM,0.4,FGSM,0.3,5.770491803278689,2.0,0,39
engr0,OP3,MIM,0.4,FGSM,0.3,5.770491803278689,2.0,0,39
engr0,S7,MIM,0.4,FGSM,0.3,5.770491803278689,2.0,0,39
engr0,BLU,MIM,0.4,FGSM,0.4,8.918032786885245,2.0,0,42
engr0,HTC,MIM,0.4,FGSM,0.4,8.918032786885245,2.0,0,42
engr0,LG,MIM,0.4,FGSM,0.4,8.918032786885245,2.0,0,42
engr0,MOTO,MIM,0.4,FGSM,0.4,8.918032786885245,2.0,0,42
engr0,OP3,MIM,0.4,FGSM,0.4,8.918032786885245,2.0,0,42
engr0,S7,MIM,0.4,FGSM,0.4,8.918032786885245,2.0,0,42
engr0,BLU,MIM,0.4,FGSM,0.5,10.573770491803279,4.0,0,42
engr0,HTC,MIM,0.4,FGSM,0.5,10.573770491803279,4.0,0,42
engr0,LG,MIM,0.4,FGSM,0.5,10.573770491803279,4.0,0,42
engr0,MOTO,MIM,0.4,FGSM,0.5,10.573770491803279,4.0,0,42
engr0,OP3,MIM,0.4,FGSM,0.5,10.573770491803279,4.0,0,42
engr0,S7,MIM,0.4,FGSM,0.5,10.573770491803279,4.0,0,42
engr0,BLU,MIM,0.4,FGSM,0.6,11.180327868852459,6.0,0,45
engr0,HTC,MIM,0.4,FGSM,0.6,11.180327868852459,6.0,0,45
engr0,LG,MIM,0.4,FGSM,0.6,11.180327868852459,6.0,0,45
engr0,MOTO,MIM,0.4,FGSM,0.6,11.180327868852459,6.0,0,45
engr0,OP3,MIM,0.4,FGSM,0.6,11.180327868852459,6.0,0,45
engr0,S7,MIM,0.4,FGSM,0.6,11.180327868852459,6.0,0,45
engr0,BLU,MIM,0.4,FGSM,0.7,11.770491803278688,6.0,0,45
engr0,HTC,MIM,0.4,FGSM,0.7,11.770491803278688,6.0,0,45
engr0,LG,MIM,0.4,FGSM,0.7,11.770491803278688,6.0,0,45
engr0,MOTO,MIM,0.4,FGSM,0.7,11.770491803278688,6.0,0,45
engr0,OP3,MIM,0.4,FGSM,0.7,11.770491803278688,6.0,0,45
engr0,S7,MIM,0.4,FGSM,0.7,11.770491803278688,6.0,0,45
engr0,BLU,MIM,0.4,FGSM,0.8,12.557377049180328,7.0,0,46
engr0,HTC,MIM,0.4,FGSM,0.8,12.557377049180328,7.0,0,46
engr0,LG,MIM,0.4,FGSM,0.8,12.557377049180328,7.0,0,46
engr0,MOTO,MIM,0.4,FGSM,0.8,12.557377049180328,7.0,0,46
engr0,OP3,MIM,0.4,FGSM,0.8,12.557377049180328,7.0,0,46
engr0,S7,MIM,0.4,FGSM,0.8,12.557377049180328,7.0,0,46
engr0,BLU,MIM,0.4,FGSM,0.9,13.459016393442623,7.0,0,46
engr0,HTC,MIM,0.4,FGSM,0.9,13.459016393442623,7.0,0,46
engr0,LG,MIM,0.4,FGSM,0.9,13.459016393442623,7.0,0,46
engr0,MOTO,MIM,0.4,FGSM,0.9,13.459016393442623,7.0,0,46
engr0,OP3,MIM,0.4,FGSM,0.9,13.459016393442623,7.0,0,46
engr0,S7,MIM,0.4,FGSM,0.9,13.459016393442623,7.0,0,46
engr0,BLU,MIM,0.4,FGSM,1.0,13.737704918032787,8.0,0,46
engr0,HTC,MIM,0.4,FGSM,1.0,13.737704918032787,8.0,0,46
engr0,LG,MIM,0.4,FGSM,1.0,13.737704918032787,8.0,0,46
engr0,MOTO,MIM,0.4,FGSM,1.0,13.737704918032787,8.0,0,46
engr0,OP3,MIM,0.4,FGSM,1.0,13.737704918032787,8.0,0,46
engr0,S7,MIM,0.4,FGSM,1.0,13.737704918032787,8.0,0,46
engr0,BLU,MIM,0.5,FGSM,0.1,1.180327868852459,1.0,0,5
engr0,HTC,MIM,0.5,FGSM,0.1,1.180327868852459,1.0,0,5
engr0,LG,MIM,0.5,FGSM,0.1,1.180327868852459,1.0,0,5
engr0,MOTO,MIM,0.5,FGSM,0.1,1.180327868852459,1.0,0,5
engr0,OP3,MIM,0.5,FGSM,0.1,1.180327868852459,1.0,0,5
engr0,S7,MIM,0.5,FGSM,0.1,1.180327868852459,1.0,0,5
engr0,BLU,MIM,0.5,FGSM,0.2,3.360655737704918,1.0,0,56
engr0,HTC,MIM,0.5,FGSM,0.2,3.360655737704918,1.0,0,56
engr0,LG,MIM,0.5,FGSM,0.2,3.360655737704918,1.0,0,56
engr0,MOTO,MIM,0.5,FGSM,0.2,3.360655737704918,1.0,0,56
engr0,OP3,MIM,0.5,FGSM,0.2,3.360655737704918,1.0,0,56
engr0,S7,MIM,0.5,FGSM,0.2,3.360655737704918,1.0,0,56
engr0,BLU,MIM,0.5,FGSM,0.3,7.622950819672131,2.0,0,50
engr0,HTC,MIM,0.5,FGSM,0.3,7.622950819672131,2.0,0,50
engr0,LG,MIM,0.5,FGSM,0.3,7.622950819672131,2.0,0,50
engr0,MOTO,MIM,0.5,FGSM,0.3,7.622950819672131,2.0,0,50
engr0,OP3,MIM,0.5,FGSM,0.3,7.622950819672131,2.0,0,50
engr0,S7,MIM,0.5,FGSM,0.3,7.622950819672131,2.0,0,50
engr0,BLU,MIM,0.5,FGSM,0.4,11.901639344262295,3.0,0,50
engr0,HTC,MIM,0.5,FGSM,0.4,11.901639344262295,3.0,0,50
engr0,LG,MIM,0.5,FGSM,0.4,11.901639344262295,3.0,0,50
engr0,MOTO,MIM,0.5,FGSM,0.4,11.901639344262295,3.0,0,50
engr0,OP3,MIM,0.5,FGSM,0.4,11.901639344262295,3.0,0,50
engr0,S7,MIM,0.5,FGSM,0.4,11.901639344262295,3.0,0,50
engr0,BLU,MIM,0.5,FGSM,0.5,14.491803278688524,5.0,0,53
engr0,HTC,MIM,0.5,FGSM,0.5,14.491803278688524,5.0,0,53
engr0,LG,MIM,0.5,FGSM,0.5,14.491803278688524,5.0,0,53
engr0,MOTO,MIM,0.5,FGSM,0.5,14.491803278688524,5.0,0,53
engr0,OP3,MIM,0.5,FGSM,0.5,14.491803278688524,5.0,0,53
engr0,S7,MIM,0.5,FGSM,0.5,14.491803278688524,5.0,0,53
engr0,BLU,MIM,0.5,FGSM,0.6,15.426229508196721,7.0,0,53
engr0,HTC,MIM,0.5,FGSM,0.6,15.426229508196721,7.0,0,53
engr0,LG,MIM,0.5,FGSM,0.6,15.426229508196721,7.0,0,53
engr0,MOTO,MIM,0.5,FGSM,0.6,15.426229508196721,7.0,0,53
engr0,OP3,MIM,0.5,FGSM,0.6,15.426229508196721,7.0,0,53
engr0,S7,MIM,0.5,FGSM,0.6,15.426229508196721,7.0,0,53
engr0,BLU,MIM,0.5,FGSM,0.7,16.18032786885246,7.0,0,53
engr0,HTC,MIM,0.5,FGSM,0.7,16.18032786885246,7.0,0,53
engr0,LG,MIM,0.5,FGSM,0.7,16.18032786885246,7.0,0,53
engr0,MOTO,MIM,0.5,FGSM,0.7,16.18032786885246,7.0,0,53
engr0,OP3,MIM,0.5,FGSM,0.7,16.18032786885246,7.0,0,53
engr0,S7,MIM,0.5,FGSM,0.7,16.18032786885246,7.0,0,53
engr0,BLU,MIM,0.5,FGSM,0.8,16.60655737704918,9.0,0,54
engr0,HTC,MIM,0.5,FGSM,0.8,16.60655737704918,9.0,0,54
engr0,LG,MIM,0.5,FGSM,0.8,16.60655737704918,9.0,0,54
engr0,MOTO,MIM,0.5,FGSM,0.8,16.60655737704918,9.0,0,54
engr0,OP3,MIM,0.5,FGSM,0.8,16.60655737704918,9.0,0,54
engr0,S7,MIM,0.5,FGSM,0.8,16.60655737704918,9.0,0,54
engr0,BLU,MIM,0.5,FGSM,0.9,16.557377049180328,9.0,0,49
engr0,HTC,MIM,0.5,FGSM,0.9,16.557377049180328,9.0,0,49
engr0,LG,MIM,0.5,FGSM,0.9,16.557377049180328,9.0,0,49
engr0,MOTO,MIM,0.5,FGSM,0.9,16.557377049180328,9.0,0,49
engr0,OP3,MIM,0.5,FGSM,0.9,16.557377049180328,9.0,0,49
engr0,S7,MIM,0.5,FGSM,0.9,16.557377049180328,9.0,0,49
engr0,BLU,MIM,0.5,FGSM,1.0,17.37704918032787,9.0,0,49
engr0,HTC,MIM,0.5,FGSM,1.0,17.37704918032787,9.0,0,49
engr0,LG,MIM,0.5,FGSM,1.0,17.37704918032787,9.0,0,49
engr0,MOTO,MIM,0.5,FGSM,1.0,17.37704918032787,9.0,0,49
engr0,OP3,MIM,0.5,FGSM,1.0,17.37704918032787,9.0,0,49
engr0,S7,MIM,0.5,FGSM,1.0,17.37704918032787,9.0,0,49
engr0,BLU,MIM,0.6,FGSM,0.1,1.459016393442623,1.0,0,8
engr0,HTC,MIM,0.6,FGSM,0.1,1.459016393442623,1.0,0,8
engr0,LG,MIM,0.6,FGSM,0.1,1.459016393442623,1.0,0,8
engr0,MOTO,MIM,0.6,FGSM,0.1,1.459016393442623,1.0,0,8
engr0,OP3,MIM,0.6,FGSM,0.1,1.459016393442623,1.0,0,8
engr0,S7,MIM,0.6,FGSM,0.1,1.459016393442623,1.0,0,8
engr0,BLU,MIM,0.6,FGSM,0.2,2.737704918032787,1.0,0,39
engr0,HTC,MIM,0.6,FGSM,0.2,2.737704918032787,1.0,0,39
engr0,LG,MIM,0.6,FGSM,0.2,2.737704918032787,1.0,0,39
engr0,MOTO,MIM,0.6,FGSM,0.2,2.737704918032787,1.0,0,39
engr0,OP3,MIM,0.6,FGSM,0.2,2.737704918032787,1.0,0,39
engr0,S7,MIM,0.6,FGSM,0.2,2.737704918032787,1.0,0,39
engr0,BLU,MIM,0.6,FGSM,0.3,7.639344262295082,3.0,0,42
engr0,HTC,MIM,0.6,FGSM,0.3,7.639344262295082,3.0,0,42
engr0,LG,MIM,0.6,FGSM,0.3,7.639344262295082,3.0,0,42
engr0,MOTO,MIM,0.6,FGSM,0.3,7.639344262295082,3.0,0,42
engr0,OP3,MIM,0.6,FGSM,0.3,7.639344262295082,3.0,0,42
engr0,S7,MIM,0.6,FGSM,0.3,7.639344262295082,3.0,0,42
engr0,BLU,MIM,0.6,FGSM,0.4,9.868852459016393,4.0,0,46
engr0,HTC,MIM,0.6,FGSM,0.4,9.868852459016393,4.0,0,46
engr0,LG,MIM,0.6,FGSM,0.4,9.868852459016393,4.0,0,46
engr0,MOTO,MIM,0.6,FGSM,0.4,9.868852459016393,4.0,0,46
engr0,OP3,MIM,0.6,FGSM,0.4,9.868852459016393,4.0,0,46
engr0,S7,MIM,0.6,FGSM,0.4,9.868852459016393,4.0,0,46
engr0,BLU,MIM,0.6,FGSM,0.5,10.934426229508198,4.0,0,48
engr0,HTC,MIM,0.6,FGSM,0.5,10.934426229508198,4.0,0,48
engr0,LG,MIM,0.6,FGSM,0.5,10.934426229508198,4.0,0,48
engr0,MOTO,MIM,0.6,FGSM,0.5,10.934426229508198,4.0,0,48
engr0,OP3,MIM,0.6,FGSM,0.5,10.934426229508198,4.0,0,48
engr0,S7,MIM,0.6,FGSM,0.5,10.934426229508198,4.0,0,48
engr0,BLU,MIM,0.6,FGSM,0.6,11.868852459016393,6.0,0,48
engr0,HTC,MIM,0.6,FGSM,0.6,11.868852459016393,6.0,0,48
engr0,LG,MIM,0.6,FGSM,0.6,11.868852459016393,6.0,0,48
engr0,MOTO,MIM,0.6,FGSM,0.6,11.868852459016393,6.0,0,48
engr0,OP3,MIM,0.6,FGSM,0.6,11.868852459016393,6.0,0,48
engr0,S7,MIM,0.6,FGSM,0.6,11.868852459016393,6.0,0,48
engr0,BLU,MIM,0.6,FGSM,0.7,12.344262295081966,6.0,0,48
engr0,HTC,MIM,0.6,FGSM,0.7,12.344262295081966,6.0,0,48
engr0,LG,MIM,0.6,FGSM,0.7,12.344262295081966,6.0,0,48
engr0,MOTO,MIM,0.6,FGSM,0.7,12.344262295081966,6.0,0,48
engr0,OP3,MIM,0.6,FGSM,0.7,12.344262295081966,6.0,0,48
engr0,S7,MIM,0.6,FGSM,0.7,12.344262295081966,6.0,0,48
engr0,BLU,MIM,0.6,FGSM,0.8,13.065573770491802,6.0,0,48
engr0,HTC,MIM,0.6,FGSM,0.8,13.065573770491802,6.0,0,48
engr0,LG,MIM,0.6,FGSM,0.8,13.065573770491802,6.0,0,48
engr0,MOTO,MIM,0.6,FGSM,0.8,13.065573770491802,6.0,0,48
engr0,OP3,MIM,0.6,FGSM,0.8,13.065573770491802,6.0,0,48
engr0,S7,MIM,0.6,FGSM,0.8,13.065573770491802,6.0,0,48
engr0,BLU,MIM,0.6,FGSM,0.9,14.098360655737705,7.0,0,48
engr0,HTC,MIM,0.6,FGSM,0.9,14.098360655737705,7.0,0,48
engr0,LG,MIM,0.6,FGSM,0.9,14.098360655737705,7.0,0,48
engr0,MOTO,MIM,0.6,FGSM,0.9,14.098360655737705,7.0,0,48
engr0,OP3,MIM,0.6,FGSM,0.9,14.098360655737705,7.0,0,48
engr0,S7,MIM,0.6,FGSM,0.9,14.098360655737705,7.0,0,48
engr0,BLU,MIM,0.6,FGSM,1.0,14.80327868852459,8.0,0,48
engr0,HTC,MIM,0.6,FGSM,1.0,14.80327868852459,8.0,0,48
engr0,LG,MIM,0.6,FGSM,1.0,14.80327868852459,8.0,0,48
engr0,MOTO,MIM,0.6,FGSM,1.0,14.80327868852459,8.0,0,48
engr0,OP3,MIM,0.6,FGSM,1.0,14.80327868852459,8.0,0,48
engr0,S7,MIM,0.6,FGSM,1.0,14.80327868852459,8.0,0,48
engr0,BLU,MIM,0.7,FGSM,0.1,1.1147540983606556,1.0,0,5
engr0,HTC,MIM,0.7,FGSM,0.1,1.1147540983606556,1.0,0,5
engr0,LG,MIM,0.7,FGSM,0.1,1.1147540983606556,1.0,0,5
engr0,MOTO,MIM,0.7,FGSM,0.1,1.1147540983606556,1.0,0,5
engr0,OP3,MIM,0.7,FGSM,0.1,1.1147540983606556,1.0,0,5
engr0,S7,MIM,0.7,FGSM,0.1,1.1147540983606556,1.0,0,5
engr0,BLU,MIM,0.7,FGSM,0.2,3.3114754098360657,1.0,0,50
engr0,HTC,MIM,0.7,FGSM,0.2,3.3114754098360657,1.0,0,50
engr0,LG,MIM,0.7,FGSM,0.2,3.3114754098360657,1.0,0,50
engr0,MOTO,MIM,0.7,FGSM,0.2,3.3114754098360657,1.0,0,50
engr0,OP3,MIM,0.7,FGSM,0.2,3.3114754098360657,1.0,0,50
engr0,S7,MIM,0.7,FGSM,0.2,3.3114754098360657,1.0,0,50
engr0,BLU,MIM,0.7,FGSM,0.3,4.540983606557377,2.0,0,48
engr0,HTC,MIM,0.7,FGSM,0.3,4.540983606557377,2.0,0,48
engr0,LG,MIM,0.7,FGSM,0.3,4.540983606557377,2.0,0,48
engr0,MOTO,MIM,0.7,FGSM,0.3,4.540983606557377,2.0,0,48
engr0,OP3,MIM,0.7,FGSM,0.3,4.540983606557377,2.0,0,48
engr0,S7,MIM,0.7,FGSM,0.3,4.540983606557377,2.0,0,48
engr0,BLU,MIM,0.7,FGSM,0.4,12.311475409836065,3.0,0,51
engr0,HTC,MIM,0.7,FGSM,0.4,12.311475409836065,3.0,0,51
engr0,LG,MIM,0.7,FGSM,0.4,12.311475409836065,3.0,0,51
engr0,MOTO,MIM,0.7,FGSM,0.4,12.311475409836065,3.0,0,51
engr0,OP3,MIM,0.7,FGSM,0.4,12.311475409836065,3.0,0,51
engr0,S7,MIM,0.7,FGSM,0.4,12.311475409836065,3.0,0,51
engr0,BLU,MIM,0.7,FGSM,0.5,13.704918032786885,5.0,0,54
engr0,HTC,MIM,0.7,FGSM,0.5,13.704918032786885,5.0,0,54
engr0,LG,MIM,0.7,FGSM,0.5,13.704918032786885,5.0,0,54
engr0,MOTO,MIM,0.7,FGSM,0.5,13.704918032786885,5.0,0,54
engr0,OP3,MIM,0.7,FGSM,0.5,13.704918032786885,5.0,0,54
engr0,S7,MIM,0.7,FGSM,0.5,13.704918032786885,5.0,0,54
engr0,BLU,MIM,0.7,FGSM,0.6,14.80327868852459,6.0,0,54
engr0,HTC,MIM,0.7,FGSM,0.6,14.80327868852459,6.0,0,54
engr0,LG,MIM,0.7,FGSM,0.6,14.80327868852459,6.0,0,54
engr0,MOTO,MIM,0.7,FGSM,0.6,14.80327868852459,6.0,0,54
engr0,OP3,MIM,0.7,FGSM,0.6,14.80327868852459,6.0,0,54
engr0,S7,MIM,0.7,FGSM,0.6,14.80327868852459,6.0,0,54
engr0,BLU,MIM,0.7,FGSM,0.7,17.459016393442624,7.0,0,54
engr0,HTC,MIM,0.7,FGSM,0.7,17.459016393442624,7.0,0,54
engr0,LG,MIM,0.7,FGSM,0.7,17.459016393442624,7.0,0,54
engr0,MOTO,MIM,0.7,FGSM,0.7,17.459016393442624,7.0,0,54
engr0,OP3,MIM,0.7,FGSM,0.7,17.459016393442624,7.0,0,54
engr0,S7,MIM,0.7,FGSM,0.7,17.459016393442624,7.0,0,54
engr0,BLU,MIM,0.7,FGSM,0.8,17.42622950819672,7.0,0,55
engr0,HTC,MIM,0.7,FGSM,0.8,17.42622950819672,7.0,0,55
engr0,LG,MIM,0.7,FGSM,0.8,17.42622950819672,7.0,0,55
engr0,MOTO,MIM,0.7,FGSM,0.8,17.42622950819672,7.0,0,55
engr0,OP3,MIM,0.7,FGSM,0.8,17.42622950819672,7.0,0,55
engr0,S7,MIM,0.7,FGSM,0.8,17.42622950819672,7.0,0,55
engr0,BLU,MIM,0.7,FGSM,0.9,17.540983606557376,9.0,0,54
engr0,HTC,MIM,0.7,FGSM,0.9,17.540983606557376,9.0,0,54
engr0,LG,MIM,0.7,FGSM,0.9,17.540983606557376,9.0,0,54
engr0,MOTO,MIM,0.7,FGSM,0.9,17.540983606557376,9.0,0,54
engr0,OP3,MIM,0.7,FGSM,0.9,17.540983606557376,9.0,0,54
engr0,S7,MIM,0.7,FGSM,0.9,17.540983606557376,9.0,0,54
engr0,BLU,MIM,0.7,FGSM,1.0,18.327868852459016,9.0,0,54
engr0,HTC,MIM,0.7,FGSM,1.0,18.327868852459016,9.0,0,54
engr0,LG,MIM,0.7,FGSM,1.0,18.327868852459016,9.0,0,54
engr0,MOTO,MIM,0.7,FGSM,1.0,18.327868852459016,9.0,0,54
engr0,OP3,MIM,0.7,FGSM,1.0,18.327868852459016,9.0,0,54
engr0,S7,MIM,0.7,FGSM,1.0,18.327868852459016,9.0,0,54
engr0,BLU,MIM,0.8,FGSM,0.1,1.3114754098360655,1.0,0,7
engr0,HTC,MIM,0.8,FGSM,0.1,1.3114754098360655,1.0,0,7
engr0,LG,MIM,0.8,FGSM,0.1,1.3114754098360655,1.0,0,7
engr0,MOTO,MIM,0.8,FGSM,0.1,1.3114754098360655,1.0,0,7
engr0,OP3,MIM,0.8,FGSM,0.1,1.3114754098360655,1.0,0,7
engr0,S7,MIM,0.8,FGSM,0.1,1.3114754098360655,1.0,0,7
engr0,BLU,MIM,0.8,FGSM,0.2,5.754098360655738,2.0,0,56
engr0,HTC,MIM,0.8,FGSM,0.2,5.754098360655738,2.0,0,56
engr0,LG,MIM,0.8,FGSM,0.2,5.754098360655738,2.0,0,56
engr0,MOTO,MIM,0.8,FGSM,0.2,5.754098360655738,2.0,0,56
engr0,OP3,MIM,0.8,FGSM,0.2,5.754098360655738,2.0,0,56
engr0,S7,MIM,0.8,FGSM,0.2,5.754098360655738,2.0,0,56
engr0,BLU,MIM,0.8,FGSM,0.3,9.344262295081966,2.0,0,51
engr0,HTC,MIM,0.8,FGSM,0.3,9.344262295081966,2.0,0,51
engr0,LG,MIM,0.8,FGSM,0.3,9.344262295081966,2.0,0,51
engr0,MOTO,MIM,0.8,FGSM,0.3,9.344262295081966,2.0,0,51
engr0,OP3,MIM,0.8,FGSM,0.3,9.344262295081966,2.0,0,51
engr0,S7,MIM,0.8,FGSM,0.3,9.344262295081966,2.0,0,51
engr0,BLU,MIM,0.8,FGSM,0.4,10.836065573770492,2.0,0,53
engr0,HTC,MIM,0.8,FGSM,0.4,10.836065573770492,2.0,0,53
engr0,LG,MIM,0.8,FGSM,0.4,10.836065573770492,2.0,0,53
engr0,MOTO,MIM,0.8,FGSM,0.4,10.836065573770492,2.0,0,53
engr0,OP3,MIM,0.8,FGSM,0.4,10.836065573770492,2.0,0,53
engr0,S7,MIM,0.8,FGSM,0.4,10.836065573770492,2.0,0,53
engr0,BLU,MIM,0.8,FGSM,0.5,12.540983606557377,4.0,0,54
engr0,HTC,MIM,0.8,FGSM,0.5,12.540983606557377,4.0,0,54
engr0,LG,MIM,0.8,FGSM,0.5,12.540983606557377,4.0,0,54
engr0,MOTO,MIM,0.8,FGSM,0.5,12.540983606557377,4.0,0,54
engr0,OP3,MIM,0.8,FGSM,0.5,12.540983606557377,4.0,0,54
engr0,S7,MIM,0.8,FGSM,0.5,12.540983606557377,4.0,0,54
engr0,BLU,MIM,0.8,FGSM,0.6,14.60655737704918,5.0,0,54
engr0,HTC,MIM,0.8,FGSM,0.6,14.60655737704918,5.0,0,54
engr0,LG,MIM,0.8,FGSM,0.6,14.60655737704918,5.0,0,54
engr0,MOTO,MIM,0.8,FGSM,0.6,14.60655737704918,5.0,0,54
engr0,OP3,MIM,0.8,FGSM,0.6,14.60655737704918,5.0,0,54
engr0,S7,MIM,0.8,FGSM,0.6,14.60655737704918,5.0,0,54
engr0,BLU,MIM,0.8,FGSM,0.7,15.524590163934427,7.0,0,54
engr0,HTC,MIM,0.8,FGSM,0.7,15.524590163934427,7.0,0,54
engr0,LG,MIM,0.8,FGSM,0.7,15.524590163934427,7.0,0,54
engr0,MOTO,MIM,0.8,FGSM,0.7,15.524590163934427,7.0,0,54
engr0,OP3,MIM,0.8,FGSM,0.7,15.524590163934427,7.0,0,54
engr0,S7,MIM,0.8,FGSM,0.7,15.524590163934427,7.0,0,54
engr0,BLU,MIM,0.8,FGSM,0.8,17.34426229508197,9.0,0,54
engr0,HTC,MIM,0.8,FGSM,0.8,17.34426229508197,9.0,0,54
engr0,LG,MIM,0.8,FGSM,0.8,17.34426229508197,9.0,0,54
engr0,MOTO,MIM,0.8,FGSM,0.8,17.34426229508197,9.0,0,54
engr0,OP3,MIM,0.8,FGSM,0.8,17.34426229508197,9.0,0,54
engr0,S7,MIM,0.8,FGSM,0.8,17.34426229508197,9.0,0,54
engr0,BLU,MIM,0.8,FGSM,0.9,17.639344262295083,9.0,0,54
engr0,HTC,MIM,0.8,FGSM,0.9,17.639344262295083,9.0,0,54
engr0,LG,MIM,0.8,FGSM,0.9,17.639344262295083,9.0,0,54
engr0,MOTO,MIM,0.8,FGSM,0.9,17.639344262295083,9.0,0,54
engr0,OP3,MIM,0.8,FGSM,0.9,17.639344262295083,9.0,0,54
engr0,S7,MIM,0.8,FGSM,0.9,17.639344262295083,9.0,0,54
engr0,BLU,MIM,0.8,FGSM,1.0,17.704918032786885,9.0,0,54
engr0,HTC,MIM,0.8,FGSM,1.0,17.704918032786885,9.0,0,54
engr0,LG,MIM,0.8,FGSM,1.0,17.704918032786885,9.0,0,54
engr0,MOTO,MIM,0.8,FGSM,1.0,17.704918032786885,9.0,0,54
engr0,OP3,MIM,0.8,FGSM,1.0,17.704918032786885,9.0,0,54
engr0,S7,MIM,0.8,FGSM,1.0,17.704918032786885,9.0,0,54
engr0,BLU,MIM,0.9,FGSM,0.1,1.7540983606557377,1.0,0,52
engr0,HTC,MIM,0.9,FGSM,0.1,1.7540983606557377,1.0,0,52
engr0,LG,MIM,0.9,FGSM,0.1,1.7540983606557377,1.0,0,52
engr0,MOTO,MIM,0.9,FGSM,0.1,1.7540983606557377,1.0,0,52
engr0,OP3,MIM,0.9,FGSM,0.1,1.7540983606557377,1.0,0,52
engr0,S7,MIM,0.9,FGSM,0.1,1.7540983606557377,1.0,0,52
engr0,BLU,MIM,0.9,FGSM,0.2,3.622950819672131,1.0,0,52
engr0,HTC,MIM,0.9,FGSM,0.2,3.622950819672131,1.0,0,52
engr0,LG,MIM,0.9,FGSM,0.2,3.622950819672131,1.0,0,52
engr0,MOTO,MIM,0.9,FGSM,0.2,3.622950819672131,1.0,0,52
engr0,OP3,MIM,0.9,FGSM,0.2,3.622950819672131,1.0,0,52
engr0,S7,MIM,0.9,FGSM,0.2,3.622950819672131,1.0,0,52
engr0,BLU,MIM,0.9,FGSM,0.3,5.901639344262295,2.0,0,55
engr0,HTC,MIM,0.9,FGSM,0.3,5.901639344262295,2.0,0,55
engr0,LG,MIM,0.9,FGSM,0.3,5.901639344262295,2.0,0,55
engr0,MOTO,MIM,0.9,FGSM,0.3,5.901639344262295,2.0,0,55
engr0,OP3,MIM,0.9,FGSM,0.3,5.901639344262295,2.0,0,55
engr0,S7,MIM,0.9,FGSM,0.3,5.901639344262295,2.0,0,55
engr0,BLU,MIM,0.9,FGSM,0.4,8.672131147540984,2.0,0,53
engr0,HTC,MIM,0.9,FGSM,0.4,8.672131147540984,2.0,0,53
engr0,LG,MIM,0.9,FGSM,0.4,8.672131147540984,2.0,0,53
engr0,MOTO,MIM,0.9,FGSM,0.4,8.672131147540984,2.0,0,53
engr0,OP3,MIM,0.9,FGSM,0.4,8.672131147540984,2.0,0,53
engr0,S7,MIM,0.9,FGSM,0.4,8.672131147540984,2.0,0,53
engr0,BLU,MIM,0.9,FGSM,0.5,12.262295081967213,4.0,0,57
engr0,HTC,MIM,0.9,FGSM,0.5,12.262295081967213,4.0,0,57
engr0,LG,MIM,0.9,FGSM,0.5,12.262295081967213,4.0,0,57
engr0,MOTO,MIM,0.9,FGSM,0.5,12.262295081967213,4.0,0,57
engr0,OP3,MIM,0.9,FGSM,0.5,12.262295081967213,4.0,0,57
engr0,S7,MIM,0.9,FGSM,0.5,12.262295081967213,4.0,0,57
engr0,BLU,MIM,0.9,FGSM,0.6,14.311475409836065,5.0,0,55
engr0,HTC,MIM,0.9,FGSM,0.6,14.311475409836065,5.0,0,55
engr0,LG,MIM,0.9,FGSM,0.6,14.311475409836065,5.0,0,55
engr0,MOTO,MIM,0.9,FGSM,0.6,14.311475409836065,5.0,0,55
engr0,OP3,MIM,0.9,FGSM,0.6,14.311475409836065,5.0,0,55
engr0,S7,MIM,0.9,FGSM,0.6,14.311475409836065,5.0,0,55
engr0,BLU,MIM,0.9,FGSM,0.7,14.37704918032787,6.0,0,55
engr0,HTC,MIM,0.9,FGSM,0.7,14.37704918032787,6.0,0,55
engr0,LG,MIM,0.9,FGSM,0.7,14.37704918032787,6.0,0,55
engr0,MOTO,MIM,0.9,FGSM,0.7,14.37704918032787,6.0,0,55
engr0,OP3,MIM,0.9,FGSM,0.7,14.37704918032787,6.0,0,55
engr0,S7,MIM,0.9,FGSM,0.7,14.37704918032787,6.0,0,55
engr0,BLU,MIM,0.9,FGSM,0.8,15.721311475409836,6.0,0,56
engr0,HTC,MIM,0.9,FGSM,0.8,15.721311475409836,6.0,0,56
engr0,LG,MIM,0.9,FGSM,0.8,15.721311475409836,6.0,0,56
engr0,MOTO,MIM,0.9,FGSM,0.8,15.721311475409836,6.0,0,56
engr0,OP3,MIM,0.9,FGSM,0.8,15.721311475409836,6.0,0,56
engr0,S7,MIM,0.9,FGSM,0.8,15.721311475409836,6.0,0,56
engr0,BLU,MIM,0.9,FGSM,0.9,17.918032786885245,7.0,0,56
engr0,HTC,MIM,0.9,FGSM,0.9,17.918032786885245,7.0,0,56
engr0,LG,MIM,0.9,FGSM,0.9,17.918032786885245,7.0,0,56
engr0,MOTO,MIM,0.9,FGSM,0.9,17.918032786885245,7.0,0,56
engr0,OP3,MIM,0.9,FGSM,0.9,17.918032786885245,7.0,0,56
engr0,S7,MIM,0.9,FGSM,0.9,17.918032786885245,7.0,0,56
engr0,BLU,MIM,0.9,FGSM,1.0,19.57377049180328,10.0,0,56
engr0,HTC,MIM,0.9,FGSM,1.0,19.57377049180328,10.0,0,56
engr0,LG,MIM,0.9,FGSM,1.0,19.57377049180328,10.0,0,56
engr0,MOTO,MIM,0.9,FGSM,1.0,19.57377049180328,10.0,0,56
engr0,OP3,MIM,0.9,FGSM,1.0,19.57377049180328,10.0,0,56
engr0,S7,MIM,0.9,FGSM,1.0,19.57377049180328,10.0,0,56
engr0,BLU,MIM,1.0,FGSM,0.1,0.9016393442622951,0.0,0,5
engr0,HTC,MIM,1.0,FGSM,0.1,0.9016393442622951,0.0,0,5
engr0,LG,MIM,1.0,FGSM,0.1,0.9016393442622951,0.0,0,5
engr0,MOTO,MIM,1.0,FGSM,0.1,0.9016393442622951,0.0,0,5
engr0,OP3,MIM,1.0,FGSM,0.1,0.9016393442622951,0.0,0,5
engr0,S7,MIM,1.0,FGSM,0.1,0.9016393442622951,0.0,0,5
engr0,BLU,MIM,1.0,FGSM,0.2,4.836065573770492,1.0,0,52
engr0,HTC,MIM,1.0,FGSM,0.2,4.836065573770492,1.0,0,52
engr0,LG,MIM,1.0,FGSM,0.2,4.836065573770492,1.0,0,52
engr0,MOTO,MIM,1.0,FGSM,0.2,4.836065573770492,1.0,0,52
engr0,OP3,MIM,1.0,FGSM,0.2,4.836065573770492,1.0,0,52
engr0,S7,MIM,1.0,FGSM,0.2,4.836065573770492,1.0,0,52
engr0,BLU,MIM,1.0,FGSM,0.3,6.557377049180328,2.0,0,54
engr0,HTC,MIM,1.0,FGSM,0.3,6.557377049180328,2.0,0,54
engr0,LG,MIM,1.0,FGSM,0.3,6.557377049180328,2.0,0,54
engr0,MOTO,MIM,1.0,FGSM,0.3,6.557377049180328,2.0,0,54
engr0,OP3,MIM,1.0,FGSM,0.3,6.557377049180328,2.0,0,54
engr0,S7,MIM,1.0,FGSM,0.3,6.557377049180328,2.0,0,54
engr0,BLU,MIM,1.0,FGSM,0.4,8.295081967213115,2.0,0,55
engr0,HTC,MIM,1.0,FGSM,0.4,8.295081967213115,2.0,0,55
engr0,LG,MIM,1.0,FGSM,0.4,8.295081967213115,2.0,0,55
engr0,MOTO,MIM,1.0,FGSM,0.4,8.295081967213115,2.0,0,55
engr0,OP3,MIM,1.0,FGSM,0.4,8.295081967213115,2.0,0,55
engr0,S7,MIM,1.0,FGSM,0.4,8.295081967213115,2.0,0,55
engr0,BLU,MIM,1.0,FGSM,0.5,9.573770491803279,3.0,0,55
engr0,HTC,MIM,1.0,FGSM,0.5,9.573770491803279,3.0,0,55
engr0,LG,MIM,1.0,FGSM,0.5,9.573770491803279,3.0,0,55
engr0,MOTO,MIM,1.0,FGSM,0.5,9.573770491803279,3.0,0,55
engr0,OP3,MIM,1.0,FGSM,0.5,9.573770491803279,3.0,0,55
engr0,S7,MIM,1.0,FGSM,0.5,9.573770491803279,3.0,0,55
engr0,BLU,MIM,1.0,FGSM,0.6,12.0,4.0,0,55
engr0,HTC,MIM,1.0,FGSM,0.6,12.0,4.0,0,55
engr0,LG,MIM,1.0,FGSM,0.6,12.0,4.0,0,55
engr0,MOTO,MIM,1.0,FGSM,0.6,12.0,4.0,0,55
engr0,OP3,MIM,1.0,FGSM,0.6,12.0,4.0,0,55
engr0,S7,MIM,1.0,FGSM,0.6,12.0,4.0,0,55
engr0,BLU,MIM,1.0,FGSM,0.7,12.967213114754099,5.0,0,55
engr0,HTC,MIM,1.0,FGSM,0.7,12.967213114754099,5.0,0,55
engr0,LG,MIM,1.0,FGSM,0.7,12.967213114754099,5.0,0,55
engr0,MOTO,MIM,1.0,FGSM,0.7,12.967213114754099,5.0,0,55
engr0,OP3,MIM,1.0,FGSM,0.7,12.967213114754099,5.0,0,55
engr0,S7,MIM,1.0,FGSM,0.7,12.967213114754099,5.0,0,55
engr0,BLU,MIM,1.0,FGSM,0.8,13.540983606557377,6.0,0,55
engr0,HTC,MIM,1.0,FGSM,0.8,13.540983606557377,6.0,0,55
engr0,LG,MIM,1.0,FGSM,0.8,13.540983606557377,6.0,0,55
engr0,MOTO,MIM,1.0,FGSM,0.8,13.540983606557377,6.0,0,55
engr0,OP3,MIM,1.0,FGSM,0.8,13.540983606557377,6.0,0,55
engr0,S7,MIM,1.0,FGSM,0.8,13.540983606557377,6.0,0,55
engr0,BLU,MIM,1.0,FGSM,0.9,15.754098360655737,7.0,0,55
engr0,HTC,MIM,1.0,FGSM,0.9,15.754098360655737,7.0,0,55
engr0,LG,MIM,1.0,FGSM,0.9,15.754098360655737,7.0,0,55
engr0,MOTO,MIM,1.0,FGSM,0.9,15.754098360655737,7.0,0,55
engr0,OP3,MIM,1.0,FGSM,0.9,15.754098360655737,7.0,0,55
engr0,S7,MIM,1.0,FGSM,0.9,15.754098360655737,7.0,0,55
engr0,BLU,MIM,1.0,FGSM,1.0,15.475409836065573,8.0,0,55
engr0,HTC,MIM,1.0,FGSM,1.0,15.475409836065573,8.0,0,55
engr0,LG,MIM,1.0,FGSM,1.0,15.475409836065573,8.0,0,55
engr0,MOTO,MIM,1.0,FGSM,1.0,15.475409836065573,8.0,0,55
engr0,OP3,MIM,1.0,FGSM,1.0,15.475409836065573,8.0,0,55
engr0,S7,MIM,1.0,FGSM,1.0,15.475409836065573,8.0,0,55
engr0,BLU,BIM,0.1,FGSM,0.1,2.19672131147541,1.0,0,25
engr0,HTC,BIM,0.1,FGSM,0.1,2.19672131147541,1.0,0,25
engr0,LG,BIM,0.1,FGSM,0.1,2.19672131147541,1.0,0,25
engr0,MOTO,BIM,0.1,FGSM,0.1,2.19672131147541,1.0,0,25
engr0,OP3,BIM,0.1,FGSM,0.1,2.19672131147541,1.0,0,25
engr0,S7,BIM,0.1,FGSM,0.1,2.19672131147541,1.0,0,25
engr0,BLU,BIM,0.1,FGSM,0.2,6.934426229508197,3.0,0,54
engr0,HTC,BIM,0.1,FGSM,0.2,6.934426229508197,3.0,0,54
engr0,LG,BIM,0.1,FGSM,0.2,6.934426229508197,3.0,0,54
engr0,MOTO,BIM,0.1,FGSM,0.2,6.934426229508197,3.0,0,54
engr0,OP3,BIM,0.1,FGSM,0.2,6.934426229508197,3.0,0,54
engr0,S7,BIM,0.1,FGSM,0.2,6.934426229508197,3.0,0,54
engr0,BLU,BIM,0.1,FGSM,0.3,9.524590163934427,6.0,0,54
engr0,HTC,BIM,0.1,FGSM,0.3,9.524590163934427,6.0,0,54
engr0,LG,BIM,0.1,FGSM,0.3,9.524590163934427,6.0,0,54
engr0,MOTO,BIM,0.1,FGSM,0.3,9.524590163934427,6.0,0,54
engr0,OP3,BIM,0.1,FGSM,0.3,9.524590163934427,6.0,0,54
engr0,S7,BIM,0.1,FGSM,0.3,9.524590163934427,6.0,0,54
engr0,BLU,BIM,0.1,FGSM,0.4,11.639344262295081,8.0,0,54
engr0,HTC,BIM,0.1,FGSM,0.4,11.639344262295081,8.0,0,54
engr0,LG,BIM,0.1,FGSM,0.4,11.639344262295081,8.0,0,54
engr0,MOTO,BIM,0.1,FGSM,0.4,11.639344262295081,8.0,0,54
engr0,OP3,BIM,0.1,FGSM,0.4,11.639344262295081,8.0,0,54
engr0,S7,BIM,0.1,FGSM,0.4,11.639344262295081,8.0,0,54
engr0,BLU,BIM,0.1,FGSM,0.5,13.426229508196721,9.0,0,54
engr0,HTC,BIM,0.1,FGSM,0.5,13.426229508196721,9.0,0,54
engr0,LG,BIM,0.1,FGSM,0.5,13.426229508196721,9.0,0,54
engr0,MOTO,BIM,0.1,FGSM,0.5,13.426229508196721,9.0,0,54
engr0,OP3,BIM,0.1,FGSM,0.5,13.426229508196721,9.0,0,54
engr0,S7,BIM,0.1,FGSM,0.5,13.426229508196721,9.0,0,54
engr0,BLU,BIM,0.1,FGSM,0.6,14.868852459016393,11.0,0,54
engr0,HTC,BIM,0.1,FGSM,0.6,14.868852459016393,11.0,0,54
engr0,LG,BIM,0.1,FGSM,0.6,14.868852459016393,11.0,0,54
engr0,MOTO,BIM,0.1,FGSM,0.6,14.868852459016393,11.0,0,54
engr0,OP3,BIM,0.1,FGSM,0.6,14.868852459016393,11.0,0,54
engr0,S7,BIM,0.1,FGSM,0.6,14.868852459016393,11.0,0,54
engr0,BLU,BIM,0.1,FGSM,0.7,16.311475409836067,12.0,0,54
engr0,HTC,BIM,0.1,FGSM,0.7,16.311475409836067,12.0,0,54
engr0,LG,BIM,0.1,FGSM,0.7,16.311475409836067,12.0,0,54
engr0,MOTO,BIM,0.1,FGSM,0.7,16.311475409836067,12.0,0,54
engr0,OP3,BIM,0.1,FGSM,0.7,16.311475409836067,12.0,0,54
engr0,S7,BIM,0.1,FGSM,0.7,16.311475409836067,12.0,0,54
engr0,BLU,BIM,0.1,FGSM,0.8,17.557377049180328,12.0,0,54
engr0,HTC,BIM,0.1,FGSM,0.8,17.557377049180328,12.0,0,54
engr0,LG,BIM,0.1,FGSM,0.8,17.557377049180328,12.0,0,54
engr0,MOTO,BIM,0.1,FGSM,0.8,17.557377049180328,12.0,0,54
engr0,OP3,BIM,0.1,FGSM,0.8,17.557377049180328,12.0,0,54
engr0,S7,BIM,0.1,FGSM,0.8,17.557377049180328,12.0,0,54
engr0,BLU,BIM,0.1,FGSM,0.9,17.704918032786885,12.0,0,54
engr0,HTC,BIM,0.1,FGSM,0.9,17.704918032786885,12.0,0,54
engr0,LG,BIM,0.1,FGSM,0.9,17.704918032786885,12.0,0,54
engr0,MOTO,BIM,0.1,FGSM,0.9,17.704918032786885,12.0,0,54
engr0,OP3,BIM,0.1,FGSM,0.9,17.704918032786885,12.0,0,54
engr0,S7,BIM,0.1,FGSM,0.9,17.704918032786885,12.0,0,54
engr0,BLU,BIM,0.1,FGSM,1.0,19.868852459016395,15.0,0,57
engr0,HTC,BIM,0.1,FGSM,1.0,19.868852459016395,15.0,0,57
engr0,LG,BIM,0.1,FGSM,1.0,19.868852459016395,15.0,0,57
engr0,MOTO,BIM,0.1,FGSM,1.0,19.868852459016395,15.0,0,57
engr0,OP3,BIM,0.1,FGSM,1.0,19.868852459016395,15.0,0,57
engr0,S7,BIM,0.1,FGSM,1.0,19.868852459016395,15.0,0,57
engr0,BLU,BIM,0.2,FGSM,0.1,1.7049180327868851,1.0,0,23
engr0,HTC,BIM,0.2,FGSM,0.1,1.7049180327868851,1.0,0,23
engr0,LG,BIM,0.2,FGSM,0.1,1.7049180327868851,1.0,0,23
engr0,MOTO,BIM,0.2,FGSM,0.1,1.7049180327868851,1.0,0,23
engr0,OP3,BIM,0.2,FGSM,0.1,1.7049180327868851,1.0,0,23
engr0,S7,BIM,0.2,FGSM,0.1,1.7049180327868851,1.0,0,23
engr0,BLU,BIM,0.2,FGSM,0.2,6.39344262295082,3.0,0,55
engr0,HTC,BIM,0.2,FGSM,0.2,6.39344262295082,3.0,0,55
engr0,LG,BIM,0.2,FGSM,0.2,6.39344262295082,3.0,0,55
engr0,MOTO,BIM,0.2,FGSM,0.2,6.39344262295082,3.0,0,55
engr0,OP3,BIM,0.2,FGSM,0.2,6.39344262295082,3.0,0,55
engr0,S7,BIM,0.2,FGSM,0.2,6.39344262295082,3.0,0,55
engr0,BLU,BIM,0.2,FGSM,0.3,12.147540983606557,6.0,0,54
engr0,HTC,BIM,0.2,FGSM,0.3,12.147540983606557,6.0,0,54
engr0,LG,BIM,0.2,FGSM,0.3,12.147540983606557,6.0,0,54
engr0,MOTO,BIM,0.2,FGSM,0.3,12.147540983606557,6.0,0,54
engr0,OP3,BIM,0.2,FGSM,0.3,12.147540983606557,6.0,0,54
engr0,S7,BIM,0.2,FGSM,0.3,12.147540983606557,6.0,0,54
engr0,BLU,BIM,0.2,FGSM,0.4,16.262295081967213,11.0,0,55
engr0,HTC,BIM,0.2,FGSM,0.4,16.262295081967213,11.0,0,55
engr0,LG,BIM,0.2,FGSM,0.4,16.262295081967213,11.0,0,55
engr0,MOTO,BIM,0.2,FGSM,0.4,16.262295081967213,11.0,0,55
engr0,OP3,BIM,0.2,FGSM,0.4,16.262295081967213,11.0,0,55
engr0,S7,BIM,0.2,FGSM,0.4,16.262295081967213,11.0,0,55
engr0,BLU,BIM,0.2,FGSM,0.5,18.78688524590164,14.0,0,55
engr0,HTC,BIM,0.2,FGSM,0.5,18.78688524590164,14.0,0,55
engr0,LG,BIM,0.2,FGSM,0.5,18.78688524590164,14.0,0,55
engr0,MOTO,BIM,0.2,FGSM,0.5,18.78688524590164,14.0,0,55
engr0,OP3,BIM,0.2,FGSM,0.5,18.78688524590164,14.0,0,55
engr0,S7,BIM,0.2,FGSM,0.5,18.78688524590164,14.0,0,55
engr0,BLU,BIM,0.2,FGSM,0.6,20.81967213114754,15.0,0,55
engr0,HTC,BIM,0.2,FGSM,0.6,20.81967213114754,15.0,0,55
engr0,LG,BIM,0.2,FGSM,0.6,20.81967213114754,15.0,0,55
engr0,MOTO,BIM,0.2,FGSM,0.6,20.81967213114754,15.0,0,55
engr0,OP3,BIM,0.2,FGSM,0.6,20.81967213114754,15.0,0,55
engr0,S7,BIM,0.2,FGSM,0.6,20.81967213114754,15.0,0,55
engr0,BLU,BIM,0.2,FGSM,0.7,22.557377049180328,19.0,0,59
engr0,HTC,BIM,0.2,FGSM,0.7,22.557377049180328,19.0,0,59
engr0,LG,BIM,0.2,FGSM,0.7,22.557377049180328,19.0,0,59
engr0,MOTO,BIM,0.2,FGSM,0.7,22.557377049180328,19.0,0,59
engr0,OP3,BIM,0.2,FGSM,0.7,22.557377049180328,19.0,0,59
engr0,S7,BIM,0.2,FGSM,0.7,22.557377049180328,19.0,0,59
engr0,BLU,BIM,0.2,FGSM,0.8,23.229508196721312,20.0,0,59
engr0,HTC,BIM,0.2,FGSM,0.8,23.229508196721312,20.0,0,59
engr0,LG,BIM,0.2,FGSM,0.8,23.229508196721312,20.0,0,59
engr0,MOTO,BIM,0.2,FGSM,0.8,23.229508196721312,20.0,0,59
engr0,OP3,BIM,0.2,FGSM,0.8,23.229508196721312,20.0,0,59
engr0,S7,BIM,0.2,FGSM,0.8,23.229508196721312,20.0,0,59
engr0,BLU,BIM,0.2,FGSM,0.9,24.18032786885246,22.0,0,59
engr0,HTC,BIM,0.2,FGSM,0.9,24.18032786885246,22.0,0,59
engr0,LG,BIM,0.2,FGSM,0.9,24.18032786885246,22.0,0,59
engr0,MOTO,BIM,0.2,FGSM,0.9,24.18032786885246,22.0,0,59
engr0,OP3,BIM,0.2,FGSM,0.9,24.18032786885246,22.0,0,59
engr0,S7,BIM,0.2,FGSM,0.9,24.18032786885246,22.0,0,59
engr0,BLU,BIM,0.2,FGSM,1.0,24.24590163934426,22.0,0,59
engr0,HTC,BIM,0.2,FGSM,1.0,24.24590163934426,22.0,0,59
engr0,LG,BIM,0.2,FGSM,1.0,24.24590163934426,22.0,0,59
engr0,MOTO,BIM,0.2,FGSM,1.0,24.24590163934426,22.0,0,59
engr0,OP3,BIM,0.2,FGSM,1.0,24.24590163934426,22.0,0,59
engr0,S7,BIM,0.2,FGSM,1.0,24.24590163934426,22.0,0,59
engr0,BLU,BIM,0.3,FGSM,0.1,2.278688524590164,1.0,0,29
engr0,HTC,BIM,0.3,FGSM,0.1,2.278688524590164,1.0,0,29
engr0,LG,BIM,0.3,FGSM,0.1,2.278688524590164,1.0,0,29
engr0,MOTO,BIM,0.3,FGSM,0.1,2.278688524590164,1.0,0,29
engr0,OP3,BIM,0.3,FGSM,0.1,2.278688524590164,1.0,0,29
engr0,S7,BIM,0.3,FGSM,0.1,2.278688524590164,1.0,0,29
engr0,BLU,BIM,0.3,FGSM,0.2,5.147540983606557,3.0,0,29
engr0,HTC,BIM,0.3,FGSM,0.2,5.147540983606557,3.0,0,29
engr0,LG,BIM,0.3,FGSM,0.2,5.147540983606557,3.0,0,29
engr0,MOTO,BIM,0.3,FGSM,0.2,5.147540983606557,3.0,0,29
engr0,OP3,BIM,0.3,FGSM,0.2,5.147540983606557,3.0,0,29
engr0,S7,BIM,0.3,FGSM,0.2,5.147540983606557,3.0,0,29
engr0,BLU,BIM,0.3,FGSM,0.3,13.327868852459016,7.0,0,54
engr0,HTC,BIM,0.3,FGSM,0.3,13.327868852459016,7.0,0,54
engr0,LG,BIM,0.3,FGSM,0.3,13.327868852459016,7.0,0,54
engr0,MOTO,BIM,0.3,FGSM,0.3,13.327868852459016,7.0,0,54
engr0,OP3,BIM,0.3,FGSM,0.3,13.327868852459016,7.0,0,54
engr0,S7,BIM,0.3,FGSM,0.3,13.327868852459016,7.0,0,54
engr0,BLU,BIM,0.3,FGSM,0.4,17.983606557377048,11.0,0,55
engr0,HTC,BIM,0.3,FGSM,0.4,17.983606557377048,11.0,0,55
engr0,LG,BIM,0.3,FGSM,0.4,17.983606557377048,11.0,0,55
engr0,MOTO,BIM,0.3,FGSM,0.4,17.983606557377048,11.0,0,55
engr0,OP3,BIM,0.3,FGSM,0.4,17.983606557377048,11.0,0,55
engr0,S7,BIM,0.3,FGSM,0.4,17.983606557377048,11.0,0,55
engr0,BLU,BIM,0.3,FGSM,0.5,19.885245901639344,13.0,0,55
engr0,HTC,BIM,0.3,FGSM,0.5,19.885245901639344,13.0,0,55
engr0,LG,BIM,0.3,FGSM,0.5,19.885245901639344,13.0,0,55
engr0,MOTO,BIM,0.3,FGSM,0.5,19.885245901639344,13.0,0,55
engr0,OP3,BIM,0.3,FGSM,0.5,19.885245901639344,13.0,0,55
engr0,S7,BIM,0.3,FGSM,0.5,19.885245901639344,13.0,0,55
engr0,BLU,BIM,0.3,FGSM,0.6,21.147540983606557,16.0,0,58
engr0,HTC,BIM,0.3,FGSM,0.6,21.147540983606557,16.0,0,58
engr0,LG,BIM,0.3,FGSM,0.6,21.147540983606557,16.0,0,58
engr0,MOTO,BIM,0.3,FGSM,0.6,21.147540983606557,16.0,0,58
engr0,OP3,BIM,0.3,FGSM,0.6,21.147540983606557,16.0,0,58
engr0,S7,BIM,0.3,FGSM,0.6,21.147540983606557,16.0,0,58
engr0,BLU,BIM,0.3,FGSM,0.7,23.59016393442623,19.0,0,58
engr0,HTC,BIM,0.3,FGSM,0.7,23.59016393442623,19.0,0,58
engr0,LG,BIM,0.3,FGSM,0.7,23.59016393442623,19.0,0,58
engr0,MOTO,BIM,0.3,FGSM,0.7,23.59016393442623,19.0,0,58
engr0,OP3,BIM,0.3,FGSM,0.7,23.59016393442623,19.0,0,58
engr0,S7,BIM,0.3,FGSM,0.7,23.59016393442623,19.0,0,58
engr0,BLU,BIM,0.3,FGSM,0.8,25.65573770491803,23.0,0,58
engr0,HTC,BIM,0.3,FGSM,0.8,25.65573770491803,23.0,0,58
engr0,LG,BIM,0.3,FGSM,0.8,25.65573770491803,23.0,0,58
engr0,MOTO,BIM,0.3,FGSM,0.8,25.65573770491803,23.0,0,58
engr0,OP3,BIM,0.3,FGSM,0.8,25.65573770491803,23.0,0,58
engr0,S7,BIM,0.3,FGSM,0.8,25.65573770491803,23.0,0,58
engr0,BLU,BIM,0.3,FGSM,0.9,25.885245901639344,23.0,0,58
engr0,HTC,BIM,0.3,FGSM,0.9,25.885245901639344,23.0,0,58
engr0,LG,BIM,0.3,FGSM,0.9,25.885245901639344,23.0,0,58
engr0,MOTO,BIM,0.3,FGSM,0.9,25.885245901639344,23.0,0,58
engr0,OP3,BIM,0.3,FGSM,0.9,25.885245901639344,23.0,0,58
engr0,S7,BIM,0.3,FGSM,0.9,25.885245901639344,23.0,0,58
engr0,BLU,BIM,0.3,FGSM,1.0,26.065573770491802,23.0,0,58
engr0,HTC,BIM,0.3,FGSM,1.0,26.065573770491802,23.0,0,58
engr0,LG,BIM,0.3,FGSM,1.0,26.065573770491802,23.0,0,58
engr0,MOTO,BIM,0.3,FGSM,1.0,26.065573770491802,23.0,0,58
engr0,OP3,BIM,0.3,FGSM,1.0,26.065573770491802,23.0,0,58
engr0,S7,BIM,0.3,FGSM,1.0,26.065573770491802,23.0,0,58
engr0,BLU,BIM,0.4,FGSM,0.1,2.278688524590164,1.0,0,20
engr0,HTC,BIM,0.4,FGSM,0.1,2.278688524590164,1.0,0,20
engr0,LG,BIM,0.4,FGSM,0.1,2.278688524590164,1.0,0,20
engr0,MOTO,BIM,0.4,FGSM,0.1,2.278688524590164,1.0,0,20
engr0,OP3,BIM,0.4,FGSM,0.1,2.278688524590164,1.0,0,20
engr0,S7,BIM,0.4,FGSM,0.1,2.278688524590164,1.0,0,20
engr0,BLU,BIM,0.4,FGSM,0.2,4.885245901639344,3.0,0,35
engr0,HTC,BIM,0.4,FGSM,0.2,4.885245901639344,3.0,0,35
engr0,LG,BIM,0.4,FGSM,0.2,4.885245901639344,3.0,0,35
engr0,MOTO,BIM,0.4,FGSM,0.2,4.885245901639344,3.0,0,35
engr0,OP3,BIM,0.4,FGSM,0.2,4.885245901639344,3.0,0,35
engr0,S7,BIM,0.4,FGSM,0.2,4.885245901639344,3.0,0,35
engr0,BLU,BIM,0.4,FGSM,0.3,10.80327868852459,4.0,0,54
engr0,HTC,BIM,0.4,FGSM,0.3,10.80327868852459,4.0,0,54
engr0,LG,BIM,0.4,FGSM,0.3,10.80327868852459,4.0,0,54
engr0,MOTO,BIM,0.4,FGSM,0.3,10.80327868852459,4.0,0,54
engr0,OP3,BIM,0.4,FGSM,0.3,10.80327868852459,4.0,0,54
engr0,S7,BIM,0.4,FGSM,0.3,10.80327868852459,4.0,0,54
engr0,BLU,BIM,0.4,FGSM,0.4,15.704918032786885,11.0,0,55
engr0,HTC,BIM,0.4,FGSM,0.4,15.704918032786885,11.0,0,55
engr0,LG,BIM,0.4,FGSM,0.4,15.704918032786885,11.0,0,55
engr0,MOTO,BIM,0.4,FGSM,0.4,15.704918032786885,11.0,0,55
engr0,OP3,BIM,0.4,FGSM,0.4,15.704918032786885,11.0,0,55
engr0,S7,BIM,0.4,FGSM,0.4,15.704918032786885,11.0,0,55
engr0,BLU,BIM,0.4,FGSM,0.5,16.901639344262296,11.0,0,55
engr0,HTC,BIM,0.4,FGSM,0.5,16.901639344262296,11.0,0,55
engr0,LG,BIM,0.4,FGSM,0.5,16.901639344262296,11.0,0,55
engr0,MOTO,BIM,0.4,FGSM,0.5,16.901639344262296,11.0,0,55
engr0,OP3,BIM,0.4,FGSM,0.5,16.901639344262296,11.0,0,55
engr0,S7,BIM,0.4,FGSM,0.5,16.901639344262296,11.0,0,55
engr0,BLU,BIM,0.4,FGSM,0.6,18.983606557377048,15.0,0,54
engr0,HTC,BIM,0.4,FGSM,0.6,18.983606557377048,15.0,0,54
engr0,LG,BIM,0.4,FGSM,0.6,18.983606557377048,15.0,0,54
engr0,MOTO,BIM,0.4,FGSM,0.6,18.983606557377048,15.0,0,54
engr0,OP3,BIM,0.4,FGSM,0.6,18.983606557377048,15.0,0,54
engr0,S7,BIM,0.4,FGSM,0.6,18.983606557377048,15.0,0,54
engr0,BLU,BIM,0.4,FGSM,0.7,22.24590163934426,18.0,0,57
engr0,HTC,BIM,0.4,FGSM,0.7,22.24590163934426,18.0,0,57
engr0,LG,BIM,0.4,FGSM,0.7,22.24590163934426,18.0,0,57
engr0,MOTO,BIM,0.4,FGSM,0.7,22.24590163934426,18.0,0,57
engr0,OP3,BIM,0.4,FGSM,0.7,22.24590163934426,18.0,0,57
engr0,S7,BIM,0.4,FGSM,0.7,22.24590163934426,18.0,0,57
engr0,BLU,BIM,0.4,FGSM,0.8,23.934426229508198,19.0,0,57
engr0,HTC,BIM,0.4,FGSM,0.8,23.934426229508198,19.0,0,57
engr0,LG,BIM,0.4,FGSM,0.8,23.934426229508198,19.0,0,57
engr0,MOTO,BIM,0.4,FGSM,0.8,23.934426229508198,19.0,0,57
engr0,OP3,BIM,0.4,FGSM,0.8,23.934426229508198,19.0,0,57
engr0,S7,BIM,0.4,FGSM,0.8,23.934426229508198,19.0,0,57
engr0,BLU,BIM,0.4,FGSM,0.9,24.721311475409838,20.0,0,58
engr0,HTC,BIM,0.4,FGSM,0.9,24.721311475409838,20.0,0,58
engr0,LG,BIM,0.4,FGSM,0.9,24.721311475409838,20.0,0,58
engr0,MOTO,BIM,0.4,FGSM,0.9,24.721311475409838,20.0,0,58
engr0,OP3,BIM,0.4,FGSM,0.9,24.721311475409838,20.0,0,58
engr0,S7,BIM,0.4,FGSM,0.9,24.721311475409838,20.0,0,58
engr0,BLU,BIM,0.4,FGSM,1.0,25.59016393442623,22.0,0,59
engr0,HTC,BIM,0.4,FGSM,1.0,25.59016393442623,22.0,0,59
engr0,LG,BIM,0.4,FGSM,1.0,25.59016393442623,22.0,0,59
engr0,MOTO,BIM,0.4,FGSM,1.0,25.59016393442623,22.0,0,59
engr0,OP3,BIM,0.4,FGSM,1.0,25.59016393442623,22.0,0,59
engr0,S7,BIM,0.4,FGSM,1.0,25.59016393442623,22.0,0,59
engr0,BLU,BIM,0.5,FGSM,0.1,3.262295081967213,1.0,0,51
engr0,HTC,BIM,0.5,FGSM,0.1,3.262295081967213,1.0,0,51
engr0,LG,BIM,0.5,FGSM,0.1,3.262295081967213,1.0,0,51
engr0,MOTO,BIM,0.5,FGSM,0.1,3.262295081967213,1.0,0,51
engr0,OP3,BIM,0.5,FGSM,0.1,3.262295081967213,1.0,0,51
engr0,S7,BIM,0.5,FGSM,0.1,3.262295081967213,1.0,0,51
engr0,BLU,BIM,0.5,FGSM,0.2,9.59016393442623,3.0,0,54
engr0,HTC,BIM,0.5,FGSM,0.2,9.59016393442623,3.0,0,54
engr0,LG,BIM,0.5,FGSM,0.2,9.59016393442623,3.0,0,54
engr0,MOTO,BIM,0.5,FGSM,0.2,9.59016393442623,3.0,0,54
engr0,OP3,BIM,0.5,FGSM,0.2,9.59016393442623,3.0,0,54
engr0,S7,BIM,0.5,FGSM,0.2,9.59016393442623,3.0,0,54
engr0,BLU,BIM,0.5,FGSM,0.3,14.967213114754099,5.0,0,54
engr0,HTC,BIM,0.5,FGSM,0.3,14.967213114754099,5.0,0,54
engr0,LG,BIM,0.5,FGSM,0.3,14.967213114754099,5.0,0,54
engr0,MOTO,BIM,0.5,FGSM,0.3,14.967213114754099,5.0,0,54
engr0,OP3,BIM,0.5,FGSM,0.3,14.967213114754099,5.0,0,54
engr0,S7,BIM,0.5,FGSM,0.3,14.967213114754099,5.0,0,54
engr0,BLU,BIM,0.5,FGSM,0.4,18.278688524590162,10.0,0,56
engr0,HTC,BIM,0.5,FGSM,0.4,18.278688524590162,10.0,0,56
engr0,LG,BIM,0.5,FGSM,0.4,18.278688524590162,10.0,0,56
engr0,MOTO,BIM,0.5,FGSM,0.4,18.278688524590162,10.0,0,56
engr0,OP3,BIM,0.5,FGSM,0.4,18.278688524590162,10.0,0,56
engr0,S7,BIM,0.5,FGSM,0.4,18.278688524590162,10.0,0,56
engr0,BLU,BIM,0.5,FGSM,0.5,20.229508196721312,14.0,0,56
engr0,HTC,BIM,0.5,FGSM,0.5,20.229508196721312,14.0,0,56
engr0,LG,BIM,0.5,FGSM,0.5,20.229508196721312,14.0,0,56
engr0,MOTO,BIM,0.5,FGSM,0.5,20.229508196721312,14.0,0,56
engr0,OP3,BIM,0.5,FGSM,0.5,20.229508196721312,14.0,0,56
engr0,S7,BIM,0.5,FGSM,0.5,20.229508196721312,14.0,0,56
engr0,BLU,BIM,0.5,FGSM,0.6,21.37704918032787,14.0,0,60
engr0,HTC,BIM,0.5,FGSM,0.6,21.37704918032787,14.0,0,60
engr0,LG,BIM,0.5,FGSM,0.6,21.37704918032787,14.0,0,60
engr0,MOTO,BIM,0.5,FGSM,0.6,21.37704918032787,14.0,0,60
engr0,OP3,BIM,0.5,FGSM,0.6,21.37704918032787,14.0,0,60
engr0,S7,BIM,0.5,FGSM,0.6,21.37704918032787,14.0,0,60
engr0,BLU,BIM,0.5,FGSM,0.7,22.60655737704918,16.0,0,57
engr0,HTC,BIM,0.5,FGSM,0.7,22.60655737704918,16.0,0,57
engr0,LG,BIM,0.5,FGSM,0.7,22.60655737704918,16.0,0,57
engr0,MOTO,BIM,0.5,FGSM,0.7,22.60655737704918,16.0,0,57
engr0,OP3,BIM,0.5,FGSM,0.7,22.60655737704918,16.0,0,57
engr0,S7,BIM,0.5,FGSM,0.7,22.60655737704918,16.0,0,57
engr0,BLU,BIM,0.5,FGSM,0.8,22.704918032786885,16.0,0,58
engr0,HTC,BIM,0.5,FGSM,0.8,22.704918032786885,16.0,0,58
engr0,LG,BIM,0.5,FGSM,0.8,22.704918032786885,16.0,0,58
engr0,MOTO,BIM,0.5,FGSM,0.8,22.704918032786885,16.0,0,58
engr0,OP3,BIM,0.5,FGSM,0.8,22.704918032786885,16.0,0,58
engr0,S7,BIM,0.5,FGSM,0.8,22.704918032786885,16.0,0,58
engr0,BLU,BIM,0.5,FGSM,0.9,22.918032786885245,16.0,0,59
engr0,HTC,BIM,0.5,FGSM,0.9,22.918032786885245,16.0,0,59
engr0,LG,BIM,0.5,FGSM,0.9,22.918032786885245,16.0,0,59
engr0,MOTO,BIM,0.5,FGSM,0.9,22.918032786885245,16.0,0,59
engr0,OP3,BIM,0.5,FGSM,0.9,22.918032786885245,16.0,0,59
engr0,S7,BIM,0.5,FGSM,0.9,22.918032786885245,16.0,0,59
engr0,BLU,BIM,0.5,FGSM,1.0,23.0,16.0,0,59
engr0,HTC,BIM,0.5,FGSM,1.0,23.0,16.0,0,59
engr0,LG,BIM,0.5,FGSM,1.0,23.0,16.0,0,59
engr0,MOTO,BIM,0.5,FGSM,1.0,23.0,16.0,0,59
engr0,OP3,BIM,0.5,FGSM,1.0,23.0,16.0,0,59
engr0,S7,BIM,0.5,FGSM,1.0,23.0,16.0,0,59
engr0,BLU,BIM,0.6,FGSM,0.1,1.9508196721311475,1.0,0,23
engr0,HTC,BIM,0.6,FGSM,0.1,1.9508196721311475,1.0,0,23
engr0,LG,BIM,0.6,FGSM,0.1,1.9508196721311475,1.0,0,23
engr0,MOTO,BIM,0.6,FGSM,0.1,1.9508196721311475,1.0,0,23
engr0,OP3,BIM,0.6,FGSM,0.1,1.9508196721311475,1.0,0,23
engr0,S7,BIM,0.6,FGSM,0.1,1.9508196721311475,1.0,0,23
engr0,BLU,BIM,0.6,FGSM,0.2,9.573770491803279,3.0,0,54
engr0,HTC,BIM,0.6,FGSM,0.2,9.573770491803279,3.0,0,54
engr0,LG,BIM,0.6,FGSM,0.2,9.573770491803279,3.0,0,54
engr0,MOTO,BIM,0.6,FGSM,0.2,9.573770491803279,3.0,0,54
engr0,OP3,BIM,0.6,FGSM,0.2,9.573770491803279,3.0,0,54
engr0,S7,BIM,0.6,FGSM,0.2,9.573770491803279,3.0,0,54
engr0,BLU,BIM,0.6,FGSM,0.3,13.934426229508198,6.0,0,54
engr0,HTC,BIM,0.6,FGSM,0.3,13.934426229508198,6.0,0,54
engr0,LG,BIM,0.6,FGSM,0.3,13.934426229508198,6.0,0,54
engr0,MOTO,BIM,0.6,FGSM,0.3,13.934426229508198,6.0,0,54
engr0,OP3,BIM,0.6,FGSM,0.3,13.934426229508198,6.0,0,54
engr0,S7,BIM,0.6,FGSM,0.3,13.934426229508198,6.0,0,54
engr0,BLU,BIM,0.6,FGSM,0.4,18.885245901639344,11.0,0,59
engr0,HTC,BIM,0.6,FGSM,0.4,18.885245901639344,11.0,0,59
engr0,LG,BIM,0.6,FGSM,0.4,18.885245901639344,11.0,0,59
engr0,MOTO,BIM,0.6,FGSM,0.4,18.885245901639344,11.0,0,59
engr0,OP3,BIM,0.6,FGSM,0.4,18.885245901639344,11.0,0,59
engr0,S7,BIM,0.6,FGSM,0.4,18.885245901639344,11.0,0,59
engr0,BLU,BIM,0.6,FGSM,0.5,24.721311475409838,23.0,0,59
engr0,HTC,BIM,0.6,FGSM,0.5,24.721311475409838,23.0,0,59
engr0,LG,BIM,0.6,FGSM,0.5,24.721311475409838,23.0,0,59
engr0,MOTO,BIM,0.6,FGSM,0.5,24.721311475409838,23.0,0,59
engr0,OP3,BIM,0.6,FGSM,0.5,24.721311475409838,23.0,0,59
engr0,S7,BIM,0.6,FGSM,0.5,24.721311475409838,23.0,0,59
engr0,BLU,BIM,0.6,FGSM,0.6,25.131147540983605,24.0,0,58
engr0,HTC,BIM,0.6,FGSM,0.6,25.131147540983605,24.0,0,58
engr0,LG,BIM,0.6,FGSM,0.6,25.131147540983605,24.0,0,58
engr0,MOTO,BIM,0.6,FGSM,0.6,25.131147540983605,24.0,0,58
engr0,OP3,BIM,0.6,FGSM,0.6,25.131147540983605,24.0,0,58
engr0,S7,BIM,0.6,FGSM,0.6,25.131147540983605,24.0,0,58
engr0,BLU,BIM,0.6,FGSM,0.7,26.59016393442623,26.0,0,58
engr0,HTC,BIM,0.6,FGSM,0.7,26.59016393442623,26.0,0,58
engr0,LG,BIM,0.6,FGSM,0.7,26.59016393442623,26.0,0,58
engr0,MOTO,BIM,0.6,FGSM,0.7,26.59016393442623,26.0,0,58
engr0,OP3,BIM,0.6,FGSM,0.7,26.59016393442623,26.0,0,58
engr0,S7,BIM,0.6,FGSM,0.7,26.59016393442623,26.0,0,58
engr0,BLU,BIM,0.6,FGSM,0.8,27.114754098360656,27.0,0,59
engr0,HTC,BIM,0.6,FGSM,0.8,27.114754098360656,27.0,0,59
engr0,LG,BIM,0.6,FGSM,0.8,27.114754098360656,27.0,0,59
engr0,MOTO,BIM,0.6,FGSM,0.8,27.114754098360656,27.0,0,59
engr0,OP3,BIM,0.6,FGSM,0.8,27.114754098360656,27.0,0,59
engr0,S7,BIM,0.6,FGSM,0.8,27.114754098360656,27.0,0,59
engr0,BLU,BIM,0.6,FGSM,0.9,27.098360655737704,27.0,0,59
engr0,HTC,BIM,0.6,FGSM,0.9,27.098360655737704,27.0,0,59
engr0,LG,BIM,0.6,FGSM,0.9,27.098360655737704,27.0,0,59
engr0,MOTO,BIM,0.6,FGSM,0.9,27.098360655737704,27.0,0,59
engr0,OP3,BIM,0.6,FGSM,0.9,27.098360655737704,27.0,0,59
engr0,S7,BIM,0.6,FGSM,0.9,27.098360655737704,27.0,0,59
engr0,BLU,BIM,0.6,FGSM,1.0,27.114754098360656,27.0,0,59
engr0,HTC,BIM,0.6,FGSM,1.0,27.114754098360656,27.0,0,59
engr0,LG,BIM,0.6,FGSM,1.0,27.114754098360656,27.0,0,59
engr0,MOTO,BIM,0.6,FGSM,1.0,27.114754098360656,27.0,0,59
engr0,OP3,BIM,0.6,FGSM,1.0,27.114754098360656,27.0,0,59
engr0,S7,BIM,0.6,FGSM,1.0,27.114754098360656,27.0,0,59
engr0,BLU,BIM,0.7,FGSM,0.1,3.3114754098360657,1.0,0,34
engr0,HTC,BIM,0.7,FGSM,0.1,3.3114754098360657,1.0,0,34
engr0,LG,BIM,0.7,FGSM,0.1,3.3114754098360657,1.0,0,34
engr0,MOTO,BIM,0.7,FGSM,0.1,3.3114754098360657,1.0,0,34
engr0,OP3,BIM,0.7,FGSM,0.1,3.3114754098360657,1.0,0,34
engr0,S7,BIM,0.7,FGSM,0.1,3.3114754098360657,1.0,0,34
engr0,BLU,BIM,0.7,FGSM,0.2,10.131147540983607,3.0,0,56
engr0,HTC,BIM,0.7,FGSM,0.2,10.131147540983607,3.0,0,56
engr0,LG,BIM,0.7,FGSM,0.2,10.131147540983607,3.0,0,56
engr0,MOTO,BIM,0.7,FGSM,0.2,10.131147540983607,3.0,0,56
engr0,OP3,BIM,0.7,FGSM,0.2,10.131147540983607,3.0,0,56
engr0,S7,BIM,0.7,FGSM,0.2,10.131147540983607,3.0,0,56
engr0,BLU,BIM,0.7,FGSM,0.3,12.721311475409836,4.0,0,54
engr0,HTC,BIM,0.7,FGSM,0.3,12.721311475409836,4.0,0,54
engr0,LG,BIM,0.7,FGSM,0.3,12.721311475409836,4.0,0,54
engr0,MOTO,BIM,0.7,FGSM,0.3,12.721311475409836,4.0,0,54
engr0,OP3,BIM,0.7,FGSM,0.3,12.721311475409836,4.0,0,54
engr0,S7,BIM,0.7,FGSM,0.3,12.721311475409836,4.0,0,54
engr0,BLU,BIM,0.7,FGSM,0.4,15.39344262295082,5.0,0,54
engr0,HTC,BIM,0.7,FGSM,0.4,15.39344262295082,5.0,0,54
engr0,LG,BIM,0.7,FGSM,0.4,15.39344262295082,5.0,0,54
engr0,MOTO,BIM,0.7,FGSM,0.4,15.39344262295082,5.0,0,54
engr0,OP3,BIM,0.7,FGSM,0.4,15.39344262295082,5.0,0,54
engr0,S7,BIM,0.7,FGSM,0.4,15.39344262295082,5.0,0,54
engr0,BLU,BIM,0.7,FGSM,0.5,18.0,10.0,0,54
engr0,HTC,BIM,0.7,FGSM,0.5,18.0,10.0,0,54
engr0,LG,BIM,0.7,FGSM,0.5,18.0,10.0,0,54
engr0,MOTO,BIM,0.7,FGSM,0.5,18.0,10.0,0,54
engr0,OP3,BIM,0.7,FGSM,0.5,18.0,10.0,0,54
engr0,S7,BIM,0.7,FGSM,0.5,18.0,10.0,0,54
engr0,BLU,BIM,0.7,FGSM,0.6,19.459016393442624,13.0,0,54
engr0,HTC,BIM,0.7,FGSM,0.6,19.459016393442624,13.0,0,54
engr0,LG,BIM,0.7,FGSM,0.6,19.459016393442624,13.0,0,54
engr0,MOTO,BIM,0.7,FGSM,0.6,19.459016393442624,13.0,0,54
engr0,OP3,BIM,0.7,FGSM,0.6,19.459016393442624,13.0,0,54
engr0,S7,BIM,0.7,FGSM,0.6,19.459016393442624,13.0,0,54
engr0,BLU,BIM,0.7,FGSM,0.7,21.557377049180328,15.0,0,58
engr0,HTC,BIM,0.7,FGSM,0.7,21.557377049180328,15.0,0,58
engr0,LG,BIM,0.7,FGSM,0.7,21.557377049180328,15.0,0,58
engr0,MOTO,BIM,0.7,FGSM,0.7,21.557377049180328,15.0,0,58
engr0,OP3,BIM,0.7,FGSM,0.7,21.557377049180328,15.0,0,58
engr0,S7,BIM,0.7,FGSM,0.7,21.557377049180328,15.0,0,58
engr0,BLU,BIM,0.7,FGSM,0.8,23.049180327868854,18.0,0,59
engr0,HTC,BIM,0.7,FGSM,0.8,23.049180327868854,18.0,0,59
engr0,LG,BIM,0.7,FGSM,0.8,23.049180327868854,18.0,0,59
engr0,MOTO,BIM,0.7,FGSM,0.8,23.049180327868854,18.0,0,59
engr0,OP3,BIM,0.7,FGSM,0.8,23.049180327868854,18.0,0,59
engr0,S7,BIM,0.7,FGSM,0.8,23.049180327868854,18.0,0,59
engr0,BLU,BIM,0.7,FGSM,0.9,24.491803278688526,20.0,0,59
engr0,HTC,BIM,0.7,FGSM,0.9,24.491803278688526,20.0,0,59
engr0,LG,BIM,0.7,FGSM,0.9,24.491803278688526,20.0,0,59
engr0,MOTO,BIM,0.7,FGSM,0.9,24.491803278688526,20.0,0,59
engr0,OP3,BIM,0.7,FGSM,0.9,24.491803278688526,20.0,0,59
engr0,S7,BIM,0.7,FGSM,0.9,24.491803278688526,20.0,0,59
engr0,BLU,BIM,0.7,FGSM,1.0,25.475409836065573,23.0,0,59
engr0,HTC,BIM,0.7,FGSM,1.0,25.475409836065573,23.0,0,59
engr0,LG,BIM,0.7,FGSM,1.0,25.475409836065573,23.0,0,59
engr0,MOTO,BIM,0.7,FGSM,1.0,25.475409836065573,23.0,0,59
engr0,OP3,BIM,0.7,FGSM,1.0,25.475409836065573,23.0,0,59
engr0,S7,BIM,0.7,FGSM,1.0,25.475409836065573,23.0,0,59
engr0,BLU,BIM,0.8,FGSM,0.1,2.0327868852459017,1.0,0,20
engr0,HTC,BIM,0.8,FGSM,0.1,2.0327868852459017,1.0,0,20
engr0,LG,BIM,0.8,FGSM,0.1,2.0327868852459017,1.0,0,20
engr0,MOTO,BIM,0.8,FGSM,0.1,2.0327868852459017,1.0,0,20
engr0,OP3,BIM,0.8,FGSM,0.1,2.0327868852459017,1.0,0,20
engr0,S7,BIM,0.8,FGSM,0.1,2.0327868852459017,1.0,0,20
engr0,BLU,BIM,0.8,FGSM,0.2,5.754098360655738,3.0,0,37
engr0,HTC,BIM,0.8,FGSM,0.2,5.754098360655738,3.0,0,37
engr0,LG,BIM,0.8,FGSM,0.2,5.754098360655738,3.0,0,37
engr0,MOTO,BIM,0.8,FGSM,0.2,5.754098360655738,3.0,0,37
engr0,OP3,BIM,0.8,FGSM,0.2,5.754098360655738,3.0,0,37
engr0,S7,BIM,0.8,FGSM,0.2,5.754098360655738,3.0,0,37
engr0,BLU,BIM,0.8,FGSM,0.3,12.065573770491802,5.0,0,55
engr0,HTC,BIM,0.8,FGSM,0.3,12.065573770491802,5.0,0,55
engr0,LG,BIM,0.8,FGSM,0.3,12.065573770491802,5.0,0,55
engr0,MOTO,BIM,0.8,FGSM,0.3,12.065573770491802,5.0,0,55
engr0,OP3,BIM,0.8,FGSM,0.3,12.065573770491802,5.0,0,55
engr0,S7,BIM,0.8,FGSM,0.3,12.065573770491802,5.0,0,55
engr0,BLU,BIM,0.8,FGSM,0.4,17.540983606557376,11.0,0,55
engr0,HTC,BIM,0.8,FGSM,0.4,17.540983606557376,11.0,0,55
engr0,LG,BIM,0.8,FGSM,0.4,17.540983606557376,11.0,0,55
engr0,MOTO,BIM,0.8,FGSM,0.4,17.540983606557376,11.0,0,55
engr0,OP3,BIM,0.8,FGSM,0.4,17.540983606557376,11.0,0,55
engr0,S7,BIM,0.8,FGSM,0.4,17.540983606557376,11.0,0,55
engr0,BLU,BIM,0.8,FGSM,0.5,19.62295081967213,13.0,0,55
engr0,HTC,BIM,0.8,FGSM,0.5,19.62295081967213,13.0,0,55
engr0,LG,BIM,0.8,FGSM,0.5,19.62295081967213,13.0,0,55
engr0,MOTO,BIM,0.8,FGSM,0.5,19.62295081967213,13.0,0,55
engr0,OP3,BIM,0.8,FGSM,0.5,19.62295081967213,13.0,0,55
engr0,S7,BIM,0.8,FGSM,0.5,19.62295081967213,13.0,0,55
engr0,BLU,BIM,0.8,FGSM,0.6,19.983606557377048,14.0,0,55
engr0,HTC,BIM,0.8,FGSM,0.6,19.983606557377048,14.0,0,55
engr0,LG,BIM,0.8,FGSM,0.6,19.983606557377048,14.0,0,55
engr0,MOTO,BIM,0.8,FGSM,0.6,19.983606557377048,14.0,0,55
engr0,OP3,BIM,0.8,FGSM,0.6,19.983606557377048,14.0,0,55
engr0,S7,BIM,0.8,FGSM,0.6,19.983606557377048,14.0,0,55
engr0,BLU,BIM,0.8,FGSM,0.7,23.42622950819672,19.0,0,59
engr0,HTC,BIM,0.8,FGSM,0.7,23.42622950819672,19.0,0,59
engr0,LG,BIM,0.8,FGSM,0.7,23.42622950819672,19.0,0,59
engr0,MOTO,BIM,0.8,FGSM,0.7,23.42622950819672,19.0,0,59
engr0,OP3,BIM,0.8,FGSM,0.7,23.42622950819672,19.0,0,59
engr0,S7,BIM,0.8,FGSM,0.7,23.42622950819672,19.0,0,59
engr0,BLU,BIM,0.8,FGSM,0.8,25.065573770491802,20.0,0,59
engr0,HTC,BIM,0.8,FGSM,0.8,25.065573770491802,20.0,0,59
engr0,LG,BIM,0.8,FGSM,0.8,25.065573770491802,20.0,0,59
engr0,MOTO,BIM,0.8,FGSM,0.8,25.065573770491802,20.0,0,59
engr0,OP3,BIM,0.8,FGSM,0.8,25.065573770491802,20.0,0,59
engr0,S7,BIM,0.8,FGSM,0.8,25.065573770491802,20.0,0,59
engr0,BLU,BIM,0.8,FGSM,0.9,25.704918032786885,21.0,0,59
engr0,HTC,BIM,0.8,FGSM,0.9,25.704918032786885,21.0,0,59
engr0,LG,BIM,0.8,FGSM,0.9,25.704918032786885,21.0,0,59
engr0,MOTO,BIM,0.8,FGSM,0.9,25.704918032786885,21.0,0,59
engr0,OP3,BIM,0.8,FGSM,0.9,25.704918032786885,21.0,0,59
engr0,S7,BIM,0.8,FGSM,0.9,25.704918032786885,21.0,0,59
engr0,BLU,BIM,0.8,FGSM,1.0,25.80327868852459,23.0,0,59
engr0,HTC,BIM,0.8,FGSM,1.0,25.80327868852459,23.0,0,59
engr0,LG,BIM,0.8,FGSM,1.0,25.80327868852459,23.0,0,59
engr0,MOTO,BIM,0.8,FGSM,1.0,25.80327868852459,23.0,0,59
engr0,OP3,BIM,0.8,FGSM,1.0,25.80327868852459,23.0,0,59
engr0,S7,BIM,0.8,FGSM,1.0,25.80327868852459,23.0,0,59
engr0,BLU,BIM,0.9,FGSM,0.1,1.3114754098360655,1.0,0,8
engr0,HTC,BIM,0.9,FGSM,0.1,1.3114754098360655,1.0,0,8
engr0,LG,BIM,0.9,FGSM,0.1,1.3114754098360655,1.0,0,8
engr0,MOTO,BIM,0.9,FGSM,0.1,1.3114754098360655,1.0,0,8
engr0,OP3,BIM,0.9,FGSM,0.1,1.3114754098360655,1.0,0,8
engr0,S7,BIM,0.9,FGSM,0.1,1.3114754098360655,1.0,0,8
engr0,BLU,BIM,0.9,FGSM,0.2,5.278688524590164,3.0,0,42
engr0,HTC,BIM,0.9,FGSM,0.2,5.278688524590164,3.0,0,42
engr0,LG,BIM,0.9,FGSM,0.2,5.278688524590164,3.0,0,42
engr0,MOTO,BIM,0.9,FGSM,0.2,5.278688524590164,3.0,0,42
engr0,OP3,BIM,0.9,FGSM,0.2,5.278688524590164,3.0,0,42
engr0,S7,BIM,0.9,FGSM,0.2,5.278688524590164,3.0,0,42
engr0,BLU,BIM,0.9,FGSM,0.3,11.01639344262295,5.0,0,55
engr0,HTC,BIM,0.9,FGSM,0.3,11.01639344262295,5.0,0,55
engr0,LG,BIM,0.9,FGSM,0.3,11.01639344262295,5.0,0,55
engr0,MOTO,BIM,0.9,FGSM,0.3,11.01639344262295,5.0,0,55
engr0,OP3,BIM,0.9,FGSM,0.3,11.01639344262295,5.0,0,55
engr0,S7,BIM,0.9,FGSM,0.3,11.01639344262295,5.0,0,55
engr0,BLU,BIM,0.9,FGSM,0.4,14.885245901639344,9.0,0,55
engr0,HTC,BIM,0.9,FGSM,0.4,14.885245901639344,9.0,0,55
engr0,LG,BIM,0.9,FGSM,0.4,14.885245901639344,9.0,0,55
engr0,MOTO,BIM,0.9,FGSM,0.4,14.885245901639344,9.0,0,55
engr0,OP3,BIM,0.9,FGSM,0.4,14.885245901639344,9.0,0,55
engr0,S7,BIM,0.9,FGSM,0.4,14.885245901639344,9.0,0,55
engr0,BLU,BIM,0.9,FGSM,0.5,21.540983606557376,16.0,0,55
engr0,HTC,BIM,0.9,FGSM,0.5,21.540983606557376,16.0,0,55
engr0,LG,BIM,0.9,FGSM,0.5,21.540983606557376,16.0,0,55
engr0,MOTO,BIM,0.9,FGSM,0.5,21.540983606557376,16.0,0,55
engr0,OP3,BIM,0.9,FGSM,0.5,21.540983606557376,16.0,0,55
engr0,S7,BIM,0.9,FGSM,0.5,21.540983606557376,16.0,0,55
engr0,BLU,BIM,0.9,FGSM,0.6,21.75409836065574,19.0,0,55
engr0,HTC,BIM,0.9,FGSM,0.6,21.75409836065574,19.0,0,55
engr0,LG,BIM,0.9,FGSM,0.6,21.75409836065574,19.0,0,55
engr0,MOTO,BIM,0.9,FGSM,0.6,21.75409836065574,19.0,0,55
engr0,OP3,BIM,0.9,FGSM,0.6,21.75409836065574,19.0,0,55
engr0,S7,BIM,0.9,FGSM,0.6,21.75409836065574,19.0,0,55
engr0,BLU,BIM,0.9,FGSM,0.7,22.62295081967213,19.0,0,55
engr0,HTC,BIM,0.9,FGSM,0.7,22.62295081967213,19.0,0,55
engr0,LG,BIM,0.9,FGSM,0.7,22.62295081967213,19.0,0,55
engr0,MOTO,BIM,0.9,FGSM,0.7,22.62295081967213,19.0,0,55
engr0,OP3,BIM,0.9,FGSM,0.7,22.62295081967213,19.0,0,55
engr0,S7,BIM,0.9,FGSM,0.7,22.62295081967213,19.0,0,55
engr0,BLU,BIM,0.9,FGSM,0.8,22.737704918032787,19.0,0,55
engr0,HTC,BIM,0.9,FGSM,0.8,22.737704918032787,19.0,0,55
engr0,LG,BIM,0.9,FGSM,0.8,22.737704918032787,19.0,0,55
engr0,MOTO,BIM,0.9,FGSM,0.8,22.737704918032787,19.0,0,55
engr0,OP3,BIM,0.9,FGSM,0.8,22.737704918032787,19.0,0,55
engr0,S7,BIM,0.9,FGSM,0.8,22.737704918032787,19.0,0,55
engr0,BLU,BIM,0.9,FGSM,0.9,25.852459016393443,24.0,0,59
engr0,HTC,BIM,0.9,FGSM,0.9,25.852459016393443,24.0,0,59
engr0,LG,BIM,0.9,FGSM,0.9,25.852459016393443,24.0,0,59
engr0,MOTO,BIM,0.9,FGSM,0.9,25.852459016393443,24.0,0,59
engr0,OP3,BIM,0.9,FGSM,0.9,25.852459016393443,24.0,0,59
engr0,S7,BIM,0.9,FGSM,0.9,25.852459016393443,24.0,0,59
engr0,BLU,BIM,0.9,FGSM,1.0,25.934426229508198,24.0,0,59
engr0,HTC,BIM,0.9,FGSM,1.0,25.934426229508198,24.0,0,59
engr0,LG,BIM,0.9,FGSM,1.0,25.934426229508198,24.0,0,59
engr0,MOTO,BIM,0.9,FGSM,1.0,25.934426229508198,24.0,0,59
engr0,OP3,BIM,0.9,FGSM,1.0,25.934426229508198,24.0,0,59
engr0,S7,BIM,0.9,FGSM,1.0,25.934426229508198,24.0,0,59
engr0,BLU,BIM,1.0,FGSM,0.1,2.0655737704918034,1.0,0,19
engr0,HTC,BIM,1.0,FGSM,0.1,2.0655737704918034,1.0,0,19
engr0,LG,BIM,1.0,FGSM,0.1,2.0655737704918034,1.0,0,19
engr0,MOTO,BIM,1.0,FGSM,0.1,2.0655737704918034,1.0,0,19
engr0,OP3,BIM,1.0,FGSM,0.1,2.0655737704918034,1.0,0,19
engr0,S7,BIM,1.0,FGSM,0.1,2.0655737704918034,1.0,0,19
engr0,BLU,BIM,1.0,FGSM,0.2,10.770491803278688,3.0,0,55
engr0,HTC,BIM,1.0,FGSM,0.2,10.770491803278688,3.0,0,55
engr0,LG,BIM,1.0,FGSM,0.2,10.770491803278688,3.0,0,55
engr0,MOTO,BIM,1.0,FGSM,0.2,10.770491803278688,3.0,0,55
engr0,OP3,BIM,1.0,FGSM,0.2,10.770491803278688,3.0,0,55
engr0,S7,BIM,1.0,FGSM,0.2,10.770491803278688,3.0,0,55
engr0,BLU,BIM,1.0,FGSM,0.3,13.180327868852459,5.0,0,54
engr0,HTC,BIM,1.0,FGSM,0.3,13.180327868852459,5.0,0,54
engr0,LG,BIM,1.0,FGSM,0.3,13.180327868852459,5.0,0,54
engr0,MOTO,BIM,1.0,FGSM,0.3,13.180327868852459,5.0,0,54
engr0,OP3,BIM,1.0,FGSM,0.3,13.180327868852459,5.0,0,54
engr0,S7,BIM,1.0,FGSM,0.3,13.180327868852459,5.0,0,54
engr0,BLU,BIM,1.0,FGSM,0.4,15.19672131147541,7.0,0,54
engr0,HTC,BIM,1.0,FGSM,0.4,15.19672131147541,7.0,0,54
engr0,LG,BIM,1.0,FGSM,0.4,15.19672131147541,7.0,0,54
engr0,MOTO,BIM,1.0,FGSM,0.4,15.19672131147541,7.0,0,54
engr0,OP3,BIM,1.0,FGSM,0.4,15.19672131147541,7.0,0,54
engr0,S7,BIM,1.0,FGSM,0.4,15.19672131147541,7.0,0,54
engr0,BLU,BIM,1.0,FGSM,0.5,17.59016393442623,12.0,0,54
engr0,HTC,BIM,1.0,FGSM,0.5,17.59016393442623,12.0,0,54
engr0,LG,BIM,1.0,FGSM,0.5,17.59016393442623,12.0,0,54
engr0,MOTO,BIM,1.0,FGSM,0.5,17.59016393442623,12.0,0,54
engr0,OP3,BIM,1.0,FGSM,0.5,17.59016393442623,12.0,0,54
engr0,S7,BIM,1.0,FGSM,0.5,17.59016393442623,12.0,0,54
engr0,BLU,BIM,1.0,FGSM,0.6,19.295081967213115,13.0,0,55
engr0,HTC,BIM,1.0,FGSM,0.6,19.295081967213115,13.0,0,55
engr0,LG,BIM,1.0,FGSM,0.6,19.295081967213115,13.0,0,55
engr0,MOTO,BIM,1.0,FGSM,0.6,19.295081967213115,13.0,0,55
engr0,OP3,BIM,1.0,FGSM,0.6,19.295081967213115,13.0,0,55
engr0,S7,BIM,1.0,FGSM,0.6,19.295081967213115,13.0,0,55
engr0,BLU,BIM,1.0,FGSM,0.7,21.34426229508197,16.0,0,58
engr0,HTC,BIM,1.0,FGSM,0.7,21.34426229508197,16.0,0,58
engr0,LG,BIM,1.0,FGSM,0.7,21.34426229508197,16.0,0,58
engr0,MOTO,BIM,1.0,FGSM,0.7,21.34426229508197,16.0,0,58
engr0,OP3,BIM,1.0,FGSM,0.7,21.34426229508197,16.0,0,58
engr0,S7,BIM,1.0,FGSM,0.7,21.34426229508197,16.0,0,58
engr0,BLU,BIM,1.0,FGSM,0.8,22.540983606557376,20.0,0,58
engr0,HTC,BIM,1.0,FGSM,0.8,22.540983606557376,20.0,0,58
engr0,LG,BIM,1.0,FGSM,0.8,22.540983606557376,20.0,0,58
engr0,MOTO,BIM,1.0,FGSM,0.8,22.540983606557376,20.0,0,58
engr0,OP3,BIM,1.0,FGSM,0.8,22.540983606557376,20.0,0,58
engr0,S7,BIM,1.0,FGSM,0.8,22.540983606557376,20.0,0,58
engr0,BLU,BIM,1.0,FGSM,0.9,23.21311475409836,20.0,0,58
engr0,HTC,BIM,1.0,FGSM,0.9,23.21311475409836,20.0,0,58
engr0,LG,BIM,1.0,FGSM,0.9,23.21311475409836,20.0,0,58
engr0,MOTO,BIM,1.0,FGSM,0.9,23.21311475409836,20.0,0,58
engr0,OP3,BIM,1.0,FGSM,0.9,23.21311475409836,20.0,0,58
engr0,S7,BIM,1.0,FGSM,0.9,23.21311475409836,20.0,0,58
engr0,BLU,BIM,1.0,FGSM,1.0,23.704918032786885,23.0,0,58
engr0,HTC,BIM,1.0,FGSM,1.0,23.704918032786885,23.0,0,58
engr0,LG,BIM,1.0,FGSM,1.0,23.704918032786885,23.0,0,58
engr0,MOTO,BIM,1.0,FGSM,1.0,23.704918032786885,23.0,0,58
engr0,OP3,BIM,1.0,FGSM,1.0,23.704918032786885,23.0,0,58
engr0,S7,BIM,1.0,FGSM,1.0,23.704918032786885,23.0,0,58
engr0,BLU,CW,0.1,FGSM,0.1,19.311475409836067,16.0,0,58
engr0,HTC,CW,0.1,FGSM,0.1,19.311475409836067,16.0,0,58
engr0,LG,CW,0.1,FGSM,0.1,19.311475409836067,16.0,0,58
engr0,MOTO,CW,0.1,FGSM,0.1,19.311475409836067,16.0,0,58
engr0,OP3,CW,0.1,FGSM,0.1,19.311475409836067,16.0,0,58
engr0,S7,CW,0.1,FGSM,0.1,19.311475409836067,16.0,0,58
engr0,BLU,CW,0.1,FGSM,0.2,21.540983606557376,19.0,0,59
engr0,HTC,CW,0.1,FGSM,0.2,21.540983606557376,19.0,0,59
engr0,LG,CW,0.1,FGSM,0.2,21.540983606557376,19.0,0,59
engr0,MOTO,CW,0.1,FGSM,0.2,21.540983606557376,19.0,0,59
engr0,OP3,CW,0.1,FGSM,0.2,21.540983606557376,19.0,0,59
engr0,S7,CW,0.1,FGSM,0.2,21.540983606557376,19.0,0,59
engr0,BLU,CW,0.1,FGSM,0.3,22.83606557377049,22.0,0,59
engr0,HTC,CW,0.1,FGSM,0.3,22.83606557377049,22.0,0,59
engr0,LG,CW,0.1,FGSM,0.3,22.83606557377049,22.0,0,59
engr0,MOTO,CW,0.1,FGSM,0.3,22.83606557377049,22.0,0,59
engr0,OP3,CW,0.1,FGSM,0.3,22.83606557377049,22.0,0,59
engr0,S7,CW,0.1,FGSM,0.3,22.83606557377049,22.0,0,59
engr0,BLU,CW,0.1,FGSM,0.4,23.508196721311474,24.0,0,59
engr0,HTC,CW,0.1,FGSM,0.4,23.508196721311474,24.0,0,59
engr0,LG,CW,0.1,FGSM,0.4,23.508196721311474,24.0,0,59
engr0,MOTO,CW,0.1,FGSM,0.4,23.508196721311474,24.0,0,59
engr0,OP3,CW,0.1,FGSM,0.4,23.508196721311474,24.0,0,59
engr0,S7,CW,0.1,FGSM,0.4,23.508196721311474,24.0,0,59
engr0,BLU,CW,0.1,FGSM,0.5,24.508196721311474,25.0,0,59
engr0,HTC,CW,0.1,FGSM,0.5,24.508196721311474,25.0,0,59
engr0,LG,CW,0.1,FGSM,0.5,24.508196721311474,25.0,0,59
engr0,MOTO,CW,0.1,FGSM,0.5,24.508196721311474,25.0,0,59
engr0,OP3,CW,0.1,FGSM,0.5,24.508196721311474,25.0,0,59
engr0,S7,CW,0.1,FGSM,0.5,24.508196721311474,25.0,0,59
engr0,BLU,CW,0.1,FGSM,0.6,25.16393442622951,25.0,0,59
engr0,HTC,CW,0.1,FGSM,0.6,25.16393442622951,25.0,0,59
engr0,LG,CW,0.1,FGSM,0.6,25.16393442622951,25.0,0,59
engr0,MOTO,CW,0.1,FGSM,0.6,25.16393442622951,25.0,0,59
engr0,OP3,CW,0.1,FGSM,0.6,25.16393442622951,25.0,0,59
engr0,S7,CW,0.1,FGSM,0.6,25.16393442622951,25.0,0,59
engr0,BLU,CW,0.1,FGSM,0.7,25.24590163934426,26.0,0,59
engr0,HTC,CW,0.1,FGSM,0.7,25.24590163934426,26.0,0,59
engr0,LG,CW,0.1,FGSM,0.7,25.24590163934426,26.0,0,59
engr0,MOTO,CW,0.1,FGSM,0.7,25.24590163934426,26.0,0,59
engr0,OP3,CW,0.1,FGSM,0.7,25.24590163934426,26.0,0,59
engr0,S7,CW,0.1,FGSM,0.7,25.24590163934426,26.0,0,59
engr0,BLU,CW,0.1,FGSM,0.8,26.016393442622952,26.0,0,59
engr0,HTC,CW,0.1,FGSM,0.8,26.016393442622952,26.0,0,59
engr0,LG,CW,0.1,FGSM,0.8,26.016393442622952,26.0,0,59
engr0,MOTO,CW,0.1,FGSM,0.8,26.016393442622952,26.0,0,59
engr0,OP3,CW,0.1,FGSM,0.8,26.016393442622952,26.0,0,59
engr0,S7,CW,0.1,FGSM,0.8,26.016393442622952,26.0,0,59
engr0,BLU,CW,0.1,FGSM,0.9,26.016393442622952,26.0,0,59
engr0,HTC,CW,0.1,FGSM,0.9,26.016393442622952,26.0,0,59
engr0,LG,CW,0.1,FGSM,0.9,26.016393442622952,26.0,0,59
engr0,MOTO,CW,0.1,FGSM,0.9,26.016393442622952,26.0,0,59
engr0,OP3,CW,0.1,FGSM,0.9,26.016393442622952,26.0,0,59
engr0,S7,CW,0.1,FGSM,0.9,26.016393442622952,26.0,0,59
engr0,BLU,CW,0.1,FGSM,1.0,26.016393442622952,26.0,0,59
engr0,HTC,CW,0.1,FGSM,1.0,26.016393442622952,26.0,0,59
engr0,LG,CW,0.1,FGSM,1.0,26.016393442622952,26.0,0,59
engr0,MOTO,CW,0.1,FGSM,1.0,26.016393442622952,26.0,0,59
engr0,OP3,CW,0.1,FGSM,1.0,26.016393442622952,26.0,0,59
engr0,S7,CW,0.1,FGSM,1.0,26.016393442622952,26.0,0,59
engr0,BLU,CW,0.2,FGSM,0.1,17.75409836065574,16.0,0,59
engr0,HTC,CW,0.2,FGSM,0.1,17.75409836065574,16.0,0,59
engr0,LG,CW,0.2,FGSM,0.1,17.75409836065574,16.0,0,59
engr0,MOTO,CW,0.2,FGSM,0.1,17.75409836065574,16.0,0,59
engr0,OP3,CW,0.2,FGSM,0.1,17.75409836065574,16.0,0,59
engr0,S7,CW,0.2,FGSM,0.1,17.75409836065574,16.0,0,59
engr0,BLU,CW,0.2,FGSM,0.2,20.098360655737704,16.0,0,59
engr0,HTC,CW,0.2,FGSM,0.2,20.098360655737704,16.0,0,59
engr0,LG,CW,0.2,FGSM,0.2,20.098360655737704,16.0,0,59
engr0,MOTO,CW,0.2,FGSM,0.2,20.098360655737704,16.0,0,59
engr0,OP3,CW,0.2,FGSM,0.2,20.098360655737704,16.0,0,59
engr0,S7,CW,0.2,FGSM,0.2,20.098360655737704,16.0,0,59
engr0,BLU,CW,0.2,FGSM,0.3,21.049180327868854,18.0,0,59
engr0,HTC,CW,0.2,FGSM,0.3,21.049180327868854,18.0,0,59
engr0,LG,CW,0.2,FGSM,0.3,21.049180327868854,18.0,0,59
engr0,MOTO,CW,0.2,FGSM,0.3,21.049180327868854,18.0,0,59
engr0,OP3,CW,0.2,FGSM,0.3,21.049180327868854,18.0,0,59
engr0,S7,CW,0.2,FGSM,0.3,21.049180327868854,18.0,0,59
engr0,BLU,CW,0.2,FGSM,0.4,22.852459016393443,20.0,0,59
engr0,HTC,CW,0.2,FGSM,0.4,22.852459016393443,20.0,0,59
engr0,LG,CW,0.2,FGSM,0.4,22.852459016393443,20.0,0,59
engr0,MOTO,CW,0.2,FGSM,0.4,22.852459016393443,20.0,0,59
engr0,OP3,CW,0.2,FGSM,0.4,22.852459016393443,20.0,0,59
engr0,S7,CW,0.2,FGSM,0.4,22.852459016393443,20.0,0,59
engr0,BLU,CW,0.2,FGSM,0.5,23.770491803278688,22.0,0,59
engr0,HTC,CW,0.2,FGSM,0.5,23.770491803278688,22.0,0,59
engr0,LG,CW,0.2,FGSM,0.5,23.770491803278688,22.0,0,59
engr0,MOTO,CW,0.2,FGSM,0.5,23.770491803278688,22.0,0,59
engr0,OP3,CW,0.2,FGSM,0.5,23.770491803278688,22.0,0,59
engr0,S7,CW,0.2,FGSM,0.5,23.770491803278688,22.0,0,59
engr0,BLU,CW,0.2,FGSM,0.6,23.114754098360656,21.0,0,59
engr0,HTC,CW,0.2,FGSM,0.6,23.114754098360656,21.0,0,59
engr0,LG,CW,0.2,FGSM,0.6,23.114754098360656,21.0,0,59
engr0,MOTO,CW,0.2,FGSM,0.6,23.114754098360656,21.0,0,59
engr0,OP3,CW,0.2,FGSM,0.6,23.114754098360656,21.0,0,59
engr0,S7,CW,0.2,FGSM,0.6,23.114754098360656,21.0,0,59
engr0,BLU,CW,0.2,FGSM,0.7,23.19672131147541,21.0,0,59
engr0,HTC,CW,0.2,FGSM,0.7,23.19672131147541,21.0,0,59
engr0,LG,CW,0.2,FGSM,0.7,23.19672131147541,21.0,0,59
engr0,MOTO,CW,0.2,FGSM,0.7,23.19672131147541,21.0,0,59
engr0,OP3,CW,0.2,FGSM,0.7,23.19672131147541,21.0,0,59
engr0,S7,CW,0.2,FGSM,0.7,23.19672131147541,21.0,0,59
engr0,BLU,CW,0.2,FGSM,0.8,23.34426229508197,21.0,0,59
engr0,HTC,CW,0.2,FGSM,0.8,23.34426229508197,21.0,0,59
engr0,LG,CW,0.2,FGSM,0.8,23.34426229508197,21.0,0,59
engr0,MOTO,CW,0.2,FGSM,0.8,23.34426229508197,21.0,0,59
engr0,OP3,CW,0.2,FGSM,0.8,23.34426229508197,21.0,0,59
engr0,S7,CW,0.2,FGSM,0.8,23.34426229508197,21.0,0,59
engr0,BLU,CW,0.2,FGSM,0.9,23.34426229508197,21.0,0,59
engr0,HTC,CW,0.2,FGSM,0.9,23.34426229508197,21.0,0,59
engr0,LG,CW,0.2,FGSM,0.9,23.34426229508197,21.0,0,59
engr0,MOTO,CW,0.2,FGSM,0.9,23.34426229508197,21.0,0,59
engr0,OP3,CW,0.2,FGSM,0.9,23.34426229508197,21.0,0,59
engr0,S7,CW,0.2,FGSM,0.9,23.34426229508197,21.0,0,59
engr0,BLU,CW,0.2,FGSM,1.0,23.34426229508197,21.0,0,59
engr0,HTC,CW,0.2,FGSM,1.0,23.34426229508197,21.0,0,59
engr0,LG,CW,0.2,FGSM,1.0,23.34426229508197,21.0,0,59
engr0,MOTO,CW,0.2,FGSM,1.0,23.34426229508197,21.0,0,59
engr0,OP3,CW,0.2,FGSM,1.0,23.34426229508197,21.0,0,59
engr0,S7,CW,0.2,FGSM,1.0,23.34426229508197,21.0,0,59
engr0,BLU,CW,0.3,FGSM,0.1,19.918032786885245,18.0,0,58
engr0,HTC,CW,0.3,FGSM,0.1,19.918032786885245,18.0,0,58
engr0,LG,CW,0.3,FGSM,0.1,19.918032786885245,18.0,0,58
engr0,MOTO,CW,0.3,FGSM,0.1,19.918032786885245,18.0,0,58
engr0,OP3,CW,0.3,FGSM,0.1,19.918032786885245,18.0,0,58
engr0,S7,CW,0.3,FGSM,0.1,19.918032786885245,18.0,0,58
engr0,BLU,CW,0.3,FGSM,0.2,24.60655737704918,23.0,0,58
engr0,HTC,CW,0.3,FGSM,0.2,24.60655737704918,23.0,0,58
engr0,LG,CW,0.3,FGSM,0.2,24.60655737704918,23.0,0,58
engr0,MOTO,CW,0.3,FGSM,0.2,24.60655737704918,23.0,0,58
engr0,OP3,CW,0.3,FGSM,0.2,24.60655737704918,23.0,0,58
engr0,S7,CW,0.3,FGSM,0.2,24.60655737704918,23.0,0,58
engr0,BLU,CW,0.3,FGSM,0.3,25.62295081967213,25.0,0,58
engr0,HTC,CW,0.3,FGSM,0.3,25.62295081967213,25.0,0,58
engr0,LG,CW,0.3,FGSM,0.3,25.62295081967213,25.0,0,58
engr0,MOTO,CW,0.3,FGSM,0.3,25.62295081967213,25.0,0,58
engr0,OP3,CW,0.3,FGSM,0.3,25.62295081967213,25.0,0,58
engr0,S7,CW,0.3,FGSM,0.3,25.62295081967213,25.0,0,58
engr0,BLU,CW,0.3,FGSM,0.4,25.75409836065574,25.0,0,58
engr0,HTC,CW,0.3,FGSM,0.4,25.75409836065574,25.0,0,58
engr0,LG,CW,0.3,FGSM,0.4,25.75409836065574,25.0,0,58
engr0,MOTO,CW,0.3,FGSM,0.4,25.75409836065574,25.0,0,58
engr0,OP3,CW,0.3,FGSM,0.4,25.75409836065574,25.0,0,58
engr0,S7,CW,0.3,FGSM,0.4,25.75409836065574,25.0,0,58
engr0,BLU,CW,0.3,FGSM,0.5,25.81967213114754,25.0,0,58
engr0,HTC,CW,0.3,FGSM,0.5,25.81967213114754,25.0,0,58
engr0,LG,CW,0.3,FGSM,0.5,25.81967213114754,25.0,0,58
engr0,MOTO,CW,0.3,FGSM,0.5,25.81967213114754,25.0,0,58
engr0,OP3,CW,0.3,FGSM,0.5,25.81967213114754,25.0,0,58
engr0,S7,CW,0.3,FGSM,0.5,25.81967213114754,25.0,0,58
engr0,BLU,CW,0.3,FGSM,0.6,25.852459016393443,25.0,0,58
engr0,HTC,CW,0.3,FGSM,0.6,25.852459016393443,25.0,0,58
engr0,LG,CW,0.3,FGSM,0.6,25.852459016393443,25.0,0,58
engr0,MOTO,CW,0.3,FGSM,0.6,25.852459016393443,25.0,0,58
engr0,OP3,CW,0.3,FGSM,0.6,25.852459016393443,25.0,0,58
engr0,S7,CW,0.3,FGSM,0.6,25.852459016393443,25.0,0,58
engr0,BLU,CW,0.3,FGSM,0.7,25.83606557377049,25.0,0,58
engr0,HTC,CW,0.3,FGSM,0.7,25.83606557377049,25.0,0,58
engr0,LG,CW,0.3,FGSM,0.7,25.83606557377049,25.0,0,58
engr0,MOTO,CW,0.3,FGSM,0.7,25.83606557377049,25.0,0,58
engr0,OP3,CW,0.3,FGSM,0.7,25.83606557377049,25.0,0,58
engr0,S7,CW,0.3,FGSM,0.7,25.83606557377049,25.0,0,58
engr0,BLU,CW,0.3,FGSM,0.8,25.83606557377049,25.0,0,58
engr0,HTC,CW,0.3,FGSM,0.8,25.83606557377049,25.0,0,58
engr0,LG,CW,0.3,FGSM,0.8,25.83606557377049,25.0,0,58
engr0,MOTO,CW,0.3,FGSM,0.8,25.83606557377049,25.0,0,58
engr0,OP3,CW,0.3,FGSM,0.8,25.83606557377049,25.0,0,58
engr0,S7,CW,0.3,FGSM,0.8,25.83606557377049,25.0,0,58
engr0,BLU,CW,0.3,FGSM,0.9,25.80327868852459,25.0,0,58
engr0,HTC,CW,0.3,FGSM,0.9,25.80327868852459,25.0,0,58
engr0,LG,CW,0.3,FGSM,0.9,25.80327868852459,25.0,0,58
engr0,MOTO,CW,0.3,FGSM,0.9,25.80327868852459,25.0,0,58
engr0,OP3,CW,0.3,FGSM,0.9,25.80327868852459,25.0,0,58
engr0,S7,CW,0.3,FGSM,0.9,25.80327868852459,25.0,0,58
engr0,BLU,CW,0.3,FGSM,1.0,25.901639344262296,25.0,0,58
engr0,HTC,CW,0.3,FGSM,1.0,25.901639344262296,25.0,0,58
engr0,LG,CW,0.3,FGSM,1.0,25.901639344262296,25.0,0,58
engr0,MOTO,CW,0.3,FGSM,1.0,25.901639344262296,25.0,0,58
engr0,OP3,CW,0.3,FGSM,1.0,25.901639344262296,25.0,0,58
engr0,S7,CW,0.3,FGSM,1.0,25.901639344262296,25.0,0,58
engr0,BLU,CW,0.4,FGSM,0.1,18.540983606557376,14.0,0,57
engr0,HTC,CW,0.4,FGSM,0.1,18.540983606557376,14.0,0,57
engr0,LG,CW,0.4,FGSM,0.1,18.540983606557376,14.0,0,57
engr0,MOTO,CW,0.4,FGSM,0.1,18.540983606557376,14.0,0,57
engr0,OP3,CW,0.4,FGSM,0.1,18.540983606557376,14.0,0,57
engr0,S7,CW,0.4,FGSM,0.1,18.540983606557376,14.0,0,57
engr0,BLU,CW,0.4,FGSM,0.2,21.21311475409836,20.0,0,57
engr0,HTC,CW,0.4,FGSM,0.2,21.21311475409836,20.0,0,57
engr0,LG,CW,0.4,FGSM,0.2,21.21311475409836,20.0,0,57
engr0,MOTO,CW,0.4,FGSM,0.2,21.21311475409836,20.0,0,57
engr0,OP3,CW,0.4,FGSM,0.2,21.21311475409836,20.0,0,57
engr0,S7,CW,0.4,FGSM,0.2,21.21311475409836,20.0,0,57
engr0,BLU,CW,0.4,FGSM,0.3,22.983606557377048,23.0,0,57
engr0,HTC,CW,0.4,FGSM,0.3,22.983606557377048,23.0,0,57
engr0,LG,CW,0.4,FGSM,0.3,22.983606557377048,23.0,0,57
engr0,MOTO,CW,0.4,FGSM,0.3,22.983606557377048,23.0,0,57
engr0,OP3,CW,0.4,FGSM,0.3,22.983606557377048,23.0,0,57
engr0,S7,CW,0.4,FGSM,0.3,22.983606557377048,23.0,0,57
engr0,BLU,CW,0.4,FGSM,0.4,24.360655737704917,25.0,0,57
engr0,HTC,CW,0.4,FGSM,0.4,24.360655737704917,25.0,0,57
engr0,LG,CW,0.4,FGSM,0.4,24.360655737704917,25.0,0,57
engr0,MOTO,CW,0.4,FGSM,0.4,24.360655737704917,25.0,0,57
engr0,OP3,CW,0.4,FGSM,0.4,24.360655737704917,25.0,0,57
engr0,S7,CW,0.4,FGSM,0.4,24.360655737704917,25.0,0,57
engr0,BLU,CW,0.4,FGSM,0.5,25.311475409836067,26.0,0,57
engr0,HTC,CW,0.4,FGSM,0.5,25.311475409836067,26.0,0,57
engr0,LG,CW,0.4,FGSM,0.5,25.311475409836067,26.0,0,57
engr0,MOTO,CW,0.4,FGSM,0.5,25.311475409836067,26.0,0,57
engr0,OP3,CW,0.4,FGSM,0.5,25.311475409836067,26.0,0,57
engr0,S7,CW,0.4,FGSM,0.5,25.311475409836067,26.0,0,57
engr0,BLU,CW,0.4,FGSM,0.6,25.918032786885245,26.0,0,57
engr0,HTC,CW,0.4,FGSM,0.6,25.918032786885245,26.0,0,57
engr0,LG,CW,0.4,FGSM,0.6,25.918032786885245,26.0,0,57
engr0,MOTO,CW,0.4,FGSM,0.6,25.918032786885245,26.0,0,57
engr0,OP3,CW,0.4,FGSM,0.6,25.918032786885245,26.0,0,57
engr0,S7,CW,0.4,FGSM,0.6,25.918032786885245,26.0,0,57
engr0,BLU,CW,0.4,FGSM,0.7,25.901639344262296,26.0,0,57
engr0,HTC,CW,0.4,FGSM,0.7,25.901639344262296,26.0,0,57
engr0,LG,CW,0.4,FGSM,0.7,25.901639344262296,26.0,0,57
engr0,MOTO,CW,0.4,FGSM,0.7,25.901639344262296,26.0,0,57
engr0,OP3,CW,0.4,FGSM,0.7,25.901639344262296,26.0,0,57
engr0,S7,CW,0.4,FGSM,0.7,25.901639344262296,26.0,0,57
engr0,BLU,CW,0.4,FGSM,0.8,25.901639344262296,26.0,0,57
engr0,HTC,CW,0.4,FGSM,0.8,25.901639344262296,26.0,0,57
engr0,LG,CW,0.4,FGSM,0.8,25.901639344262296,26.0,0,57
engr0,MOTO,CW,0.4,FGSM,0.8,25.901639344262296,26.0,0,57
engr0,OP3,CW,0.4,FGSM,0.8,25.901639344262296,26.0,0,57
engr0,S7,CW,0.4,FGSM,0.8,25.901639344262296,26.0,0,57
engr0,BLU,CW,0.4,FGSM,0.9,25.868852459016395,26.0,0,57
engr0,HTC,CW,0.4,FGSM,0.9,25.868852459016395,26.0,0,57
engr0,LG,CW,0.4,FGSM,0.9,25.868852459016395,26.0,0,57
engr0,MOTO,CW,0.4,FGSM,0.9,25.868852459016395,26.0,0,57
engr0,OP3,CW,0.4,FGSM,0.9,25.868852459016395,26.0,0,57
engr0,S7,CW,0.4,FGSM,0.9,25.868852459016395,26.0,0,57
engr0,BLU,CW,0.4,FGSM,1.0,25.524590163934427,26.0,0,57
engr0,HTC,CW,0.4,FGSM,1.0,25.524590163934427,26.0,0,57
engr0,LG,CW,0.4,FGSM,1.0,25.524590163934427,26.0,0,57
engr0,MOTO,CW,0.4,FGSM,1.0,25.524590163934427,26.0,0,57
engr0,OP3,CW,0.4,FGSM,1.0,25.524590163934427,26.0,0,57
engr0,S7,CW,0.4,FGSM,1.0,25.524590163934427,26.0,0,57
engr0,BLU,CW,0.5,FGSM,0.1,18.639344262295083,14.0,0,59
engr0,HTC,CW,0.5,FGSM,0.1,18.639344262295083,14.0,0,59
engr0,LG,CW,0.5,FGSM,0.1,18.639344262295083,14.0,0,59
engr0,MOTO,CW,0.5,FGSM,0.1,18.639344262295083,14.0,0,59
engr0,OP3,CW,0.5,FGSM,0.1,18.639344262295083,14.0,0,59
engr0,S7,CW,0.5,FGSM,0.1,18.639344262295083,14.0,0,59
engr0,BLU,CW,0.5,FGSM,0.2,23.147540983606557,22.0,0,59
engr0,HTC,CW,0.5,FGSM,0.2,23.147540983606557,22.0,0,59
engr0,LG,CW,0.5,FGSM,0.2,23.147540983606557,22.0,0,59
engr0,MOTO,CW,0.5,FGSM,0.2,23.147540983606557,22.0,0,59
engr0,OP3,CW,0.5,FGSM,0.2,23.147540983606557,22.0,0,59
engr0,S7,CW,0.5,FGSM,0.2,23.147540983606557,22.0,0,59
engr0,BLU,CW,0.5,FGSM,0.3,23.327868852459016,22.0,0,59
engr0,HTC,CW,0.5,FGSM,0.3,23.327868852459016,22.0,0,59
engr0,LG,CW,0.5,FGSM,0.3,23.327868852459016,22.0,0,59
engr0,MOTO,CW,0.5,FGSM,0.3,23.327868852459016,22.0,0,59
engr0,OP3,CW,0.5,FGSM,0.3,23.327868852459016,22.0,0,59
engr0,S7,CW,0.5,FGSM,0.3,23.327868852459016,22.0,0,59
engr0,BLU,CW,0.5,FGSM,0.4,23.688524590163933,24.0,0,59
engr0,HTC,CW,0.5,FGSM,0.4,23.688524590163933,24.0,0,59
engr0,LG,CW,0.5,FGSM,0.4,23.688524590163933,24.0,0,59
engr0,MOTO,CW,0.5,FGSM,0.4,23.688524590163933,24.0,0,59
engr0,OP3,CW,0.5,FGSM,0.4,23.688524590163933,24.0,0,59
engr0,S7,CW,0.5,FGSM,0.4,23.688524590163933,24.0,0,59
engr0,BLU,CW,0.5,FGSM,0.5,24.459016393442624,25.0,0,59
engr0,HTC,CW,0.5,FGSM,0.5,24.459016393442624,25.0,0,59
engr0,LG,CW,0.5,FGSM,0.5,24.459016393442624,25.0,0,59
engr0,MOTO,CW,0.5,FGSM,0.5,24.459016393442624,25.0,0,59
engr0,OP3,CW,0.5,FGSM,0.5,24.459016393442624,25.0,0,59
engr0,S7,CW,0.5,FGSM,0.5,24.459016393442624,25.0,0,59
engr0,BLU,CW,0.5,FGSM,0.6,24.9672131147541,25.0,0,59
engr0,HTC,CW,0.5,FGSM,0.6,24.9672131147541,25.0,0,59
engr0,LG,CW,0.5,FGSM,0.6,24.9672131147541,25.0,0,59
engr0,MOTO,CW,0.5,FGSM,0.6,24.9672131147541,25.0,0,59
engr0,OP3,CW,0.5,FGSM,0.6,24.9672131147541,25.0,0,59
engr0,S7,CW,0.5,FGSM,0.6,24.9672131147541,25.0,0,59
engr0,BLU,CW,0.5,FGSM,0.7,24.9672131147541,25.0,0,59
engr0,HTC,CW,0.5,FGSM,0.7,24.9672131147541,25.0,0,59
engr0,LG,CW,0.5,FGSM,0.7,24.9672131147541,25.0,0,59
engr0,MOTO,CW,0.5,FGSM,0.7,24.9672131147541,25.0,0,59
engr0,OP3,CW,0.5,FGSM,0.7,24.9672131147541,25.0,0,59
engr0,S7,CW,0.5,FGSM,0.7,24.9672131147541,25.0,0,59
engr0,BLU,CW,0.5,FGSM,0.8,24.60655737704918,25.0,0,59
engr0,HTC,CW,0.5,FGSM,0.8,24.60655737704918,25.0,0,59
engr0,LG,CW,0.5,FGSM,0.8,24.60655737704918,25.0,0,59
engr0,MOTO,CW,0.5,FGSM,0.8,24.60655737704918,25.0,0,59
engr0,OP3,CW,0.5,FGSM,0.8,24.60655737704918,25.0,0,59
engr0,S7,CW,0.5,FGSM,0.8,24.60655737704918,25.0,0,59
engr0,BLU,CW,0.5,FGSM,0.9,24.60655737704918,25.0,0,59
engr0,HTC,CW,0.5,FGSM,0.9,24.60655737704918,25.0,0,59
engr0,LG,CW,0.5,FGSM,0.9,24.60655737704918,25.0,0,59
engr0,MOTO,CW,0.5,FGSM,0.9,24.60655737704918,25.0,0,59
engr0,OP3,CW,0.5,FGSM,0.9,24.60655737704918,25.0,0,59
engr0,S7,CW,0.5,FGSM,0.9,24.60655737704918,25.0,0,59
engr0,BLU,CW,0.5,FGSM,1.0,24.60655737704918,25.0,0,59
engr0,HTC,CW,0.5,FGSM,1.0,24.60655737704918,25.0,0,59
engr0,LG,CW,0.5,FGSM,1.0,24.60655737704918,25.0,0,59
engr0,MOTO,CW,0.5,FGSM,1.0,24.60655737704918,25.0,0,59
engr0,OP3,CW,0.5,FGSM,1.0,24.60655737704918,25.0,0,59
engr0,S7,CW,0.5,FGSM,1.0,24.60655737704918,25.0,0,59
engr0,BLU,CW,0.6,FGSM,0.1,19.114754098360656,15.0,1,59
engr0,HTC,CW,0.6,FGSM,0.1,19.114754098360656,15.0,1,59
engr0,LG,CW,0.6,FGSM,0.1,19.114754098360656,15.0,1,59
engr0,MOTO,CW,0.6,FGSM,0.1,19.114754098360656,15.0,1,59
engr0,OP3,CW,0.6,FGSM,0.1,19.114754098360656,15.0,1,59
engr0,S7,CW,0.6,FGSM,0.1,19.114754098360656,15.0,1,59
engr0,BLU,CW,0.6,FGSM,0.2,19.983606557377048,16.0,1,57
engr0,HTC,CW,0.6,FGSM,0.2,19.983606557377048,16.0,1,57
engr0,LG,CW,0.6,FGSM,0.2,19.983606557377048,16.0,1,57
engr0,MOTO,CW,0.6,FGSM,0.2,19.983606557377048,16.0,1,57
engr0,OP3,CW,0.6,FGSM,0.2,19.983606557377048,16.0,1,57
engr0,S7,CW,0.6,FGSM,0.2,19.983606557377048,16.0,1,57
engr0,BLU,CW,0.6,FGSM,0.3,20.901639344262296,18.0,1,57
engr0,HTC,CW,0.6,FGSM,0.3,20.901639344262296,18.0,1,57
engr0,LG,CW,0.6,FGSM,0.3,20.901639344262296,18.0,1,57
engr0,MOTO,CW,0.6,FGSM,0.3,20.901639344262296,18.0,1,57
engr0,OP3,CW,0.6,FGSM,0.3,20.901639344262296,18.0,1,57
engr0,S7,CW,0.6,FGSM,0.3,20.901639344262296,18.0,1,57
engr0,BLU,CW,0.6,FGSM,0.4,20.918032786885245,18.0,1,57
engr0,HTC,CW,0.6,FGSM,0.4,20.918032786885245,18.0,1,57
engr0,LG,CW,0.6,FGSM,0.4,20.918032786885245,18.0,1,57
engr0,MOTO,CW,0.6,FGSM,0.4,20.918032786885245,18.0,1,57
engr0,OP3,CW,0.6,FGSM,0.4,20.918032786885245,18.0,1,57
engr0,S7,CW,0.6,FGSM,0.4,20.918032786885245,18.0,1,57
engr0,BLU,CW,0.6,FGSM,0.5,21.311475409836067,18.0,1,57
engr0,HTC,CW,0.6,FGSM,0.5,21.311475409836067,18.0,1,57
engr0,LG,CW,0.6,FGSM,0.5,21.311475409836067,18.0,1,57
engr0,MOTO,CW,0.6,FGSM,0.5,21.311475409836067,18.0,1,57
engr0,OP3,CW,0.6,FGSM,0.5,21.311475409836067,18.0,1,57
engr0,S7,CW,0.6,FGSM,0.5,21.311475409836067,18.0,1,57
engr0,BLU,CW,0.6,FGSM,0.6,21.459016393442624,19.0,1,57
engr0,HTC,CW,0.6,FGSM,0.6,21.459016393442624,19.0,1,57
engr0,LG,CW,0.6,FGSM,0.6,21.459016393442624,19.0,1,57
engr0,MOTO,CW,0.6,FGSM,0.6,21.459016393442624,19.0,1,57
engr0,OP3,CW,0.6,FGSM,0.6,21.459016393442624,19.0,1,57
engr0,S7,CW,0.6,FGSM,0.6,21.459016393442624,19.0,1,57
engr0,BLU,CW,0.6,FGSM,0.7,21.557377049180328,19.0,1,57
engr0,HTC,CW,0.6,FGSM,0.7,21.557377049180328,19.0,1,57
engr0,LG,CW,0.6,FGSM,0.7,21.557377049180328,19.0,1,57
engr0,MOTO,CW,0.6,FGSM,0.7,21.557377049180328,19.0,1,57
engr0,OP3,CW,0.6,FGSM,0.7,21.557377049180328,19.0,1,57
engr0,S7,CW,0.6,FGSM,0.7,21.557377049180328,19.0,1,57
engr0,BLU,CW,0.6,FGSM,0.8,21.557377049180328,19.0,1,57
engr0,HTC,CW,0.6,FGSM,0.8,21.557377049180328,19.0,1,57
engr0,LG,CW,0.6,FGSM,0.8,21.557377049180328,19.0,1,57
engr0,MOTO,CW,0.6,FGSM,0.8,21.557377049180328,19.0,1,57
engr0,OP3,CW,0.6,FGSM,0.8,21.557377049180328,19.0,1,57
engr0,S7,CW,0.6,FGSM,0.8,21.557377049180328,19.0,1,57
engr0,BLU,CW,0.6,FGSM,0.9,21.9672131147541,21.0,1,57
engr0,HTC,CW,0.6,FGSM,0.9,21.9672131147541,21.0,1,57
engr0,LG,CW,0.6,FGSM,0.9,21.9672131147541,21.0,1,57
engr0,MOTO,CW,0.6,FGSM,0.9,21.9672131147541,21.0,1,57
engr0,OP3,CW,0.6,FGSM,0.9,21.9672131147541,21.0,1,57
engr0,S7,CW,0.6,FGSM,0.9,21.9672131147541,21.0,1,57
engr0,BLU,CW,0.6,FGSM,1.0,21.9672131147541,21.0,1,57
engr0,HTC,CW,0.6,FGSM,1.0,21.9672131147541,21.0,1,57
engr0,LG,CW,0.6,FGSM,1.0,21.9672131147541,21.0,1,57
engr0,MOTO,CW,0.6,FGSM,1.0,21.9672131147541,21.0,1,57
engr0,OP3,CW,0.6,FGSM,1.0,21.9672131147541,21.0,1,57
engr0,S7,CW,0.6,FGSM,1.0,21.9672131147541,21.0,1,57
engr0,BLU,CW,0.7,FGSM,0.1,16.65573770491803,15.0,0,55
engr0,HTC,CW,0.7,FGSM,0.1,16.65573770491803,15.0,0,55
engr0,LG,CW,0.7,FGSM,0.1,16.65573770491803,15.0,0,55
engr0,MOTO,CW,0.7,FGSM,0.1,16.65573770491803,15.0,0,55
engr0,OP3,CW,0.7,FGSM,0.1,16.65573770491803,15.0,0,55
engr0,S7,CW,0.7,FGSM,0.1,16.65573770491803,15.0,0,55
engr0,BLU,CW,0.7,FGSM,0.2,19.295081967213115,19.0,0,46
engr0,HTC,CW,0.7,FGSM,0.2,19.295081967213115,19.0,0,46
engr0,LG,CW,0.7,FGSM,0.2,19.295081967213115,19.0,0,46
engr0,MOTO,CW,0.7,FGSM,0.2,19.295081967213115,19.0,0,46
engr0,OP3,CW,0.7,FGSM,0.2,19.295081967213115,19.0,0,46
engr0,S7,CW,0.7,FGSM,0.2,19.295081967213115,19.0,0,46
engr0,BLU,CW,0.7,FGSM,0.3,21.065573770491802,20.0,0,54
engr0,HTC,CW,0.7,FGSM,0.3,21.065573770491802,20.0,0,54
engr0,LG,CW,0.7,FGSM,0.3,21.065573770491802,20.0,0,54
engr0,MOTO,CW,0.7,FGSM,0.3,21.065573770491802,20.0,0,54
engr0,OP3,CW,0.7,FGSM,0.3,21.065573770491802,20.0,0,54
engr0,S7,CW,0.7,FGSM,0.3,21.065573770491802,20.0,0,54
engr0,BLU,CW,0.7,FGSM,0.4,21.311475409836067,20.0,0,54
engr0,HTC,CW,0.7,FGSM,0.4,21.311475409836067,20.0,0,54
engr0,LG,CW,0.7,FGSM,0.4,21.311475409836067,20.0,0,54
engr0,MOTO,CW,0.7,FGSM,0.4,21.311475409836067,20.0,0,54
engr0,OP3,CW,0.7,FGSM,0.4,21.311475409836067,20.0,0,54
engr0,S7,CW,0.7,FGSM,0.4,21.311475409836067,20.0,0,54
engr0,BLU,CW,0.7,FGSM,0.5,21.39344262295082,20.0,0,55
engr0,HTC,CW,0.7,FGSM,0.5,21.39344262295082,20.0,0,55
engr0,LG,CW,0.7,FGSM,0.5,21.39344262295082,20.0,0,55
engr0,MOTO,CW,0.7,FGSM,0.5,21.39344262295082,20.0,0,55
engr0,OP3,CW,0.7,FGSM,0.5,21.39344262295082,20.0,0,55
engr0,S7,CW,0.7,FGSM,0.5,21.39344262295082,20.0,0,55
engr0,BLU,CW,0.7,FGSM,0.6,21.442622950819672,20.0,0,55
engr0,HTC,CW,0.7,FGSM,0.6,21.442622950819672,20.0,0,55
engr0,LG,CW,0.7,FGSM,0.6,21.442622950819672,20.0,0,55
engr0,MOTO,CW,0.7,FGSM,0.6,21.442622950819672,20.0,0,55
engr0,OP3,CW,0.7,FGSM,0.6,21.442622950819672,20.0,0,55
engr0,S7,CW,0.7,FGSM,0.6,21.442622950819672,20.0,0,55
engr0,BLU,CW,0.7,FGSM,0.7,21.918032786885245,21.0,0,55
engr0,HTC,CW,0.7,FGSM,0.7,21.918032786885245,21.0,0,55
engr0,LG,CW,0.7,FGSM,0.7,21.918032786885245,21.0,0,55
engr0,MOTO,CW,0.7,FGSM,0.7,21.918032786885245,21.0,0,55
engr0,OP3,CW,0.7,FGSM,0.7,21.918032786885245,21.0,0,55
engr0,S7,CW,0.7,FGSM,0.7,21.918032786885245,21.0,0,55
engr0,BLU,CW,0.7,FGSM,0.8,22.42622950819672,21.0,0,55
engr0,HTC,CW,0.7,FGSM,0.8,22.42622950819672,21.0,0,55
engr0,LG,CW,0.7,FGSM,0.8,22.42622950819672,21.0,0,55
engr0,MOTO,CW,0.7,FGSM,0.8,22.42622950819672,21.0,0,55
engr0,OP3,CW,0.7,FGSM,0.8,22.42622950819672,21.0,0,55
engr0,S7,CW,0.7,FGSM,0.8,22.42622950819672,21.0,0,55
engr0,BLU,CW,0.7,FGSM,0.9,23.278688524590162,22.0,0,55
engr0,HTC,CW,0.7,FGSM,0.9,23.278688524590162,22.0,0,55
engr0,LG,CW,0.7,FGSM,0.9,23.278688524590162,22.0,0,55
engr0,MOTO,CW,0.7,FGSM,0.9,23.278688524590162,22.0,0,55
engr0,OP3,CW,0.7,FGSM,0.9,23.278688524590162,22.0,0,55
engr0,S7,CW,0.7,FGSM,0.9,23.278688524590162,22.0,0,55
engr0,BLU,CW,0.7,FGSM,1.0,23.311475409836067,22.0,0,55
engr0,HTC,CW,0.7,FGSM,1.0,23.311475409836067,22.0,0,55
engr0,LG,CW,0.7,FGSM,1.0,23.311475409836067,22.0,0,55
engr0,MOTO,CW,0.7,FGSM,1.0,23.311475409836067,22.0,0,55
engr0,OP3,CW,0.7,FGSM,1.0,23.311475409836067,22.0,0,55
engr0,S7,CW,0.7,FGSM,1.0,23.311475409836067,22.0,0,55
engr0,BLU,CW,0.8,FGSM,0.1,16.688524590163933,12.0,0,59
engr0,HTC,CW,0.8,FGSM,0.1,16.688524590163933,12.0,0,59
engr0,LG,CW,0.8,FGSM,0.1,16.688524590163933,12.0,0,59
engr0,MOTO,CW,0.8,FGSM,0.1,16.688524590163933,12.0,0,59
engr0,OP3,CW,0.8,FGSM,0.1,16.688524590163933,12.0,0,59
engr0,S7,CW,0.8,FGSM,0.1,16.688524590163933,12.0,0,59
engr0,BLU,CW,0.8,FGSM,0.2,18.131147540983605,14.0,0,59
engr0,HTC,CW,0.8,FGSM,0.2,18.131147540983605,14.0,0,59
engr0,LG,CW,0.8,FGSM,0.2,18.131147540983605,14.0,0,59
engr0,MOTO,CW,0.8,FGSM,0.2,18.131147540983605,14.0,0,59
engr0,OP3,CW,0.8,FGSM,0.2,18.131147540983605,14.0,0,59
engr0,S7,CW,0.8,FGSM,0.2,18.131147540983605,14.0,0,59
engr0,BLU,CW,0.8,FGSM,0.3,19.131147540983605,16.0,0,59
engr0,HTC,CW,0.8,FGSM,0.3,19.131147540983605,16.0,0,59
engr0,LG,CW,0.8,FGSM,0.3,19.131147540983605,16.0,0,59
engr0,MOTO,CW,0.8,FGSM,0.3,19.131147540983605,16.0,0,59
engr0,OP3,CW,0.8,FGSM,0.3,19.131147540983605,16.0,0,59
engr0,S7,CW,0.8,FGSM,0.3,19.131147540983605,16.0,0,59
engr0,BLU,CW,0.8,FGSM,0.4,20.540983606557376,18.0,0,59
engr0,HTC,CW,0.8,FGSM,0.4,20.540983606557376,18.0,0,59
engr0,LG,CW,0.8,FGSM,0.4,20.540983606557376,18.0,0,59
engr0,MOTO,CW,0.8,FGSM,0.4,20.540983606557376,18.0,0,59
engr0,OP3,CW,0.8,FGSM,0.4,20.540983606557376,18.0,0,59
engr0,S7,CW,0.8,FGSM,0.4,20.540983606557376,18.0,0,59
engr0,BLU,CW,0.8,FGSM,0.5,20.60655737704918,18.0,0,59
engr0,HTC,CW,0.8,FGSM,0.5,20.60655737704918,18.0,0,59
engr0,LG,CW,0.8,FGSM,0.5,20.60655737704918,18.0,0,59
engr0,MOTO,CW,0.8,FGSM,0.5,20.60655737704918,18.0,0,59
engr0,OP3,CW,0.8,FGSM,0.5,20.60655737704918,18.0,0,59
engr0,S7,CW,0.8,FGSM,0.5,20.60655737704918,18.0,0,59
engr0,BLU,CW,0.8,FGSM,0.6,20.639344262295083,18.0,0,59
engr0,HTC,CW,0.8,FGSM,0.6,20.639344262295083,18.0,0,59
engr0,LG,CW,0.8,FGSM,0.6,20.639344262295083,18.0,0,59
engr0,MOTO,CW,0.8,FGSM,0.6,20.639344262295083,18.0,0,59
engr0,OP3,CW,0.8,FGSM,0.6,20.639344262295083,18.0,0,59
engr0,S7,CW,0.8,FGSM,0.6,20.639344262295083,18.0,0,59
engr0,BLU,CW,0.8,FGSM,0.7,20.901639344262296,19.0,0,59
engr0,HTC,CW,0.8,FGSM,0.7,20.901639344262296,19.0,0,59
engr0,LG,CW,0.8,FGSM,0.7,20.901639344262296,19.0,0,59
engr0,MOTO,CW,0.8,FGSM,0.7,20.901639344262296,19.0,0,59
engr0,OP3,CW,0.8,FGSM,0.7,20.901639344262296,19.0,0,59
engr0,S7,CW,0.8,FGSM,0.7,20.901639344262296,19.0,0,59
engr0,BLU,CW,0.8,FGSM,0.8,20.901639344262296,19.0,0,59
engr0,HTC,CW,0.8,FGSM,0.8,20.901639344262296,19.0,0,59
engr0,LG,CW,0.8,FGSM,0.8,20.901639344262296,19.0,0,59
engr0,MOTO,CW,0.8,FGSM,0.8,20.901639344262296,19.0,0,59
engr0,OP3,CW,0.8,FGSM,0.8,20.901639344262296,19.0,0,59
engr0,S7,CW,0.8,FGSM,0.8,20.901639344262296,19.0,0,59
engr0,BLU,CW,0.8,FGSM,0.9,20.75409836065574,19.0,0,59
engr0,HTC,CW,0.8,FGSM,0.9,20.75409836065574,19.0,0,59
engr0,LG,CW,0.8,FGSM,0.9,20.75409836065574,19.0,0,59
engr0,MOTO,CW,0.8,FGSM,0.9,20.75409836065574,19.0,0,59
engr0,OP3,CW,0.8,FGSM,0.9,20.75409836065574,19.0,0,59
engr0,S7,CW,0.8,FGSM,0.9,20.75409836065574,19.0,0,59
engr0,BLU,CW,0.8,FGSM,1.0,21.147540983606557,20.0,0,59
engr0,HTC,CW,0.8,FGSM,1.0,21.147540983606557,20.0,0,59
engr0,LG,CW,0.8,FGSM,1.0,21.147540983606557,20.0,0,59
engr0,MOTO,CW,0.8,FGSM,1.0,21.147540983606557,20.0,0,59
engr0,OP3,CW,0.8,FGSM,1.0,21.147540983606557,20.0,0,59
engr0,S7,CW,0.8,FGSM,1.0,21.147540983606557,20.0,0,59
engr0,BLU,CW,0.9,FGSM,0.1,18.229508196721312,15.0,0,59
engr0,HTC,CW,0.9,FGSM,0.1,18.229508196721312,15.0,0,59
engr0,LG,CW,0.9,FGSM,0.1,18.229508196721312,15.0,0,59
engr0,MOTO,CW,0.9,FGSM,0.1,18.229508196721312,15.0,0,59
engr0,OP3,CW,0.9,FGSM,0.1,18.229508196721312,15.0,0,59
engr0,S7,CW,0.9,FGSM,0.1,18.229508196721312,15.0,0,59
engr0,BLU,CW,0.9,FGSM,0.2,21.934426229508198,20.0,0,59
engr0,HTC,CW,0.9,FGSM,0.2,21.934426229508198,20.0,0,59
engr0,LG,CW,0.9,FGSM,0.2,21.934426229508198,20.0,0,59
engr0,MOTO,CW,0.9,FGSM,0.2,21.934426229508198,20.0,0,59
engr0,OP3,CW,0.9,FGSM,0.2,21.934426229508198,20.0,0,59
engr0,S7,CW,0.9,FGSM,0.2,21.934426229508198,20.0,0,59
engr0,BLU,CW,0.9,FGSM,0.3,22.934426229508198,21.0,0,59
engr0,HTC,CW,0.9,FGSM,0.3,22.934426229508198,21.0,0,59
engr0,LG,CW,0.9,FGSM,0.3,22.934426229508198,21.0,0,59
engr0,MOTO,CW,0.9,FGSM,0.3,22.934426229508198,21.0,0,59
engr0,OP3,CW,0.9,FGSM,0.3,22.934426229508198,21.0,0,59
engr0,S7,CW,0.9,FGSM,0.3,22.934426229508198,21.0,0,59
engr0,BLU,CW,0.9,FGSM,0.4,23.229508196721312,21.0,0,59
engr0,HTC,CW,0.9,FGSM,0.4,23.229508196721312,21.0,0,59
engr0,LG,CW,0.9,FGSM,0.4,23.229508196721312,21.0,0,59
engr0,MOTO,CW,0.9,FGSM,0.4,23.229508196721312,21.0,0,59
engr0,OP3,CW,0.9,FGSM,0.4,23.229508196721312,21.0,0,59
engr0,S7,CW,0.9,FGSM,0.4,23.229508196721312,21.0,0,59
engr0,BLU,CW,0.9,FGSM,0.5,23.229508196721312,21.0,0,59
engr0,HTC,CW,0.9,FGSM,0.5,23.229508196721312,21.0,0,59
engr0,LG,CW,0.9,FGSM,0.5,23.229508196721312,21.0,0,59
engr0,MOTO,CW,0.9,FGSM,0.5,23.229508196721312,21.0,0,59
engr0,OP3,CW,0.9,FGSM,0.5,23.229508196721312,21.0,0,59
engr0,S7,CW,0.9,FGSM,0.5,23.229508196721312,21.0,0,59
engr0,BLU,CW,0.9,FGSM,0.6,23.37704918032787,22.0,0,59
engr0,HTC,CW,0.9,FGSM,0.6,23.37704918032787,22.0,0,59
engr0,LG,CW,0.9,FGSM,0.6,23.37704918032787,22.0,0,59
engr0,MOTO,CW,0.9,FGSM,0.6,23.37704918032787,22.0,0,59
engr0,OP3,CW,0.9,FGSM,0.6,23.37704918032787,22.0,0,59
engr0,S7,CW,0.9,FGSM,0.6,23.37704918032787,22.0,0,59
engr0,BLU,CW,0.9,FGSM,0.7,23.262295081967213,22.0,0,59
engr0,HTC,CW,0.9,FGSM,0.7,23.262295081967213,22.0,0,59
engr0,LG,CW,0.9,FGSM,0.7,23.262295081967213,22.0,0,59
engr0,MOTO,CW,0.9,FGSM,0.7,23.262295081967213,22.0,0,59
engr0,OP3,CW,0.9,FGSM,0.7,23.262295081967213,22.0,0,59
engr0,S7,CW,0.9,FGSM,0.7,23.262295081967213,22.0,0,59
engr0,BLU,CW,0.9,FGSM,0.8,23.360655737704917,22.0,0,59
engr0,HTC,CW,0.9,FGSM,0.8,23.360655737704917,22.0,0,59
engr0,LG,CW,0.9,FGSM,0.8,23.360655737704917,22.0,0,59
engr0,MOTO,CW,0.9,FGSM,0.8,23.360655737704917,22.0,0,59
engr0,OP3,CW,0.9,FGSM,0.8,23.360655737704917,22.0,0,59
engr0,S7,CW,0.9,FGSM,0.8,23.360655737704917,22.0,0,59
engr0,BLU,CW,0.9,FGSM,0.9,23.360655737704917,22.0,0,59
engr0,HTC,CW,0.9,FGSM,0.9,23.360655737704917,22.0,0,59
engr0,LG,CW,0.9,FGSM,0.9,23.360655737704917,22.0,0,59
engr0,MOTO,CW,0.9,FGSM,0.9,23.360655737704917,22.0,0,59
engr0,OP3,CW,0.9,FGSM,0.9,23.360655737704917,22.0,0,59
engr0,S7,CW,0.9,FGSM,0.9,23.360655737704917,22.0,0,59
engr0,BLU,CW,0.9,FGSM,1.0,23.360655737704917,22.0,0,59
engr0,HTC,CW,0.9,FGSM,1.0,23.360655737704917,22.0,0,59
engr0,LG,CW,0.9,FGSM,1.0,23.360655737704917,22.0,0,59
engr0,MOTO,CW,0.9,FGSM,1.0,23.360655737704917,22.0,0,59
engr0,OP3,CW,0.9,FGSM,1.0,23.360655737704917,22.0,0,59
engr0,S7,CW,0.9,FGSM,1.0,23.360655737704917,22.0,0,59
engr0,BLU,CW,1.0,FGSM,0.1,17.672131147540984,13.0,0,59
engr0,HTC,CW,1.0,FGSM,0.1,17.672131147540984,13.0,0,59
engr0,LG,CW,1.0,FGSM,0.1,17.672131147540984,13.0,0,59
engr0,MOTO,CW,1.0,FGSM,0.1,17.672131147540984,13.0,0,59
engr0,OP3,CW,1.0,FGSM,0.1,17.672131147540984,13.0,0,59
engr0,S7,CW,1.0,FGSM,0.1,17.672131147540984,13.0,0,59
engr0,BLU,CW,1.0,FGSM,0.2,20.704918032786885,19.0,0,59
engr0,HTC,CW,1.0,FGSM,0.2,20.704918032786885,19.0,0,59
engr0,LG,CW,1.0,FGSM,0.2,20.704918032786885,19.0,0,59
engr0,MOTO,CW,1.0,FGSM,0.2,20.704918032786885,19.0,0,59
engr0,OP3,CW,1.0,FGSM,0.2,20.704918032786885,19.0,0,59
engr0,S7,CW,1.0,FGSM,0.2,20.704918032786885,19.0,0,59
engr0,BLU,CW,1.0,FGSM,0.3,21.459016393442624,20.0,0,59
engr0,HTC,CW,1.0,FGSM,0.3,21.459016393442624,20.0,0,59
engr0,LG,CW,1.0,FGSM,0.3,21.459016393442624,20.0,0,59
engr0,MOTO,CW,1.0,FGSM,0.3,21.459016393442624,20.0,0,59
engr0,OP3,CW,1.0,FGSM,0.3,21.459016393442624,20.0,0,59
engr0,S7,CW,1.0,FGSM,0.3,21.459016393442624,20.0,0,59
engr0,BLU,CW,1.0,FGSM,0.4,21.852459016393443,20.0,0,59
engr0,HTC,CW,1.0,FGSM,0.4,21.852459016393443,20.0,0,59
engr0,LG,CW,1.0,FGSM,0.4,21.852459016393443,20.0,0,59
engr0,MOTO,CW,1.0,FGSM,0.4,21.852459016393443,20.0,0,59
engr0,OP3,CW,1.0,FGSM,0.4,21.852459016393443,20.0,0,59
engr0,S7,CW,1.0,FGSM,0.4,21.852459016393443,20.0,0,59
engr0,BLU,CW,1.0,FGSM,0.5,21.78688524590164,20.0,0,59
engr0,HTC,CW,1.0,FGSM,0.5,21.78688524590164,20.0,0,59
engr0,LG,CW,1.0,FGSM,0.5,21.78688524590164,20.0,0,59
engr0,MOTO,CW,1.0,FGSM,0.5,21.78688524590164,20.0,0,59
engr0,OP3,CW,1.0,FGSM,0.5,21.78688524590164,20.0,0,59
engr0,S7,CW,1.0,FGSM,0.5,21.78688524590164,20.0,0,59
engr0,BLU,CW,1.0,FGSM,0.6,21.557377049180328,20.0,0,59
engr0,HTC,CW,1.0,FGSM,0.6,21.557377049180328,20.0,0,59
engr0,LG,CW,1.0,FGSM,0.6,21.557377049180328,20.0,0,59
engr0,MOTO,CW,1.0,FGSM,0.6,21.557377049180328,20.0,0,59
engr0,OP3,CW,1.0,FGSM,0.6,21.557377049180328,20.0,0,59
engr0,S7,CW,1.0,FGSM,0.6,21.557377049180328,20.0,0,59
engr0,BLU,CW,1.0,FGSM,0.7,21.60655737704918,20.0,0,59
engr0,HTC,CW,1.0,FGSM,0.7,21.60655737704918,20.0,0,59
engr0,LG,CW,1.0,FGSM,0.7,21.60655737704918,20.0,0,59
engr0,MOTO,CW,1.0,FGSM,0.7,21.60655737704918,20.0,0,59
engr0,OP3,CW,1.0,FGSM,0.7,21.60655737704918,20.0,0,59
engr0,S7,CW,1.0,FGSM,0.7,21.60655737704918,20.0,0,59
engr0,BLU,CW,1.0,FGSM,0.8,21.62295081967213,20.0,0,59
engr0,HTC,CW,1.0,FGSM,0.8,21.62295081967213,20.0,0,59
engr0,LG,CW,1.0,FGSM,0.8,21.62295081967213,20.0,0,59
engr0,MOTO,CW,1.0,FGSM,0.8,21.62295081967213,20.0,0,59
engr0,OP3,CW,1.0,FGSM,0.8,21.62295081967213,20.0,0,59
engr0,S7,CW,1.0,FGSM,0.8,21.62295081967213,20.0,0,59
engr0,BLU,CW,1.0,FGSM,0.9,22.114754098360656,21.0,0,59
engr0,HTC,CW,1.0,FGSM,0.9,22.114754098360656,21.0,0,59
engr0,LG,CW,1.0,FGSM,0.9,22.114754098360656,21.0,0,59
engr0,MOTO,CW,1.0,FGSM,0.9,22.114754098360656,21.0,0,59
engr0,OP3,CW,1.0,FGSM,0.9,22.114754098360656,21.0,0,59
engr0,S7,CW,1.0,FGSM,0.9,22.114754098360656,21.0,0,59
engr0,BLU,CW,1.0,FGSM,1.0,21.770491803278688,20.0,0,59
engr0,HTC,CW,1.0,FGSM,1.0,21.770491803278688,20.0,0,59
engr0,LG,CW,1.0,FGSM,1.0,21.770491803278688,20.0,0,59
engr0,MOTO,CW,1.0,FGSM,1.0,21.770491803278688,20.0,0,59
engr0,OP3,CW,1.0,FGSM,1.0,21.770491803278688,20.0,0,59
engr0,S7,CW,1.0,FGSM,1.0,21.770491803278688,20.0,0,59
engr0,BLU,ORIGINAL,0.1,PGD,0.1,12.180327868852459,5.0,0,53
engr0,HTC,ORIGINAL,0.1,PGD,0.1,12.180327868852459,5.0,0,53
engr0,LG,ORIGINAL,0.1,PGD,0.1,12.180327868852459,5.0,0,53
engr0,MOTO,ORIGINAL,0.1,PGD,0.1,12.180327868852459,5.0,0,53
engr0,OP3,ORIGINAL,0.1,PGD,0.1,12.180327868852459,5.0,0,53
engr0,S7,ORIGINAL,0.1,PGD,0.1,12.180327868852459,5.0,0,53
engr0,BLU,ORIGINAL,0.1,PGD,0.2,11.62295081967213,5.0,0,53
engr0,HTC,ORIGINAL,0.1,PGD,0.2,11.62295081967213,5.0,0,53
engr0,LG,ORIGINAL,0.1,PGD,0.2,11.62295081967213,5.0,0,53
engr0,MOTO,ORIGINAL,0.1,PGD,0.2,11.62295081967213,5.0,0,53
engr0,OP3,ORIGINAL,0.1,PGD,0.2,11.62295081967213,5.0,0,53
engr0,S7,ORIGINAL,0.1,PGD,0.2,11.62295081967213,5.0,0,53
engr0,BLU,ORIGINAL,0.1,PGD,0.3,11.62295081967213,5.0,0,53
engr0,HTC,ORIGINAL,0.1,PGD,0.3,11.62295081967213,5.0,0,53
engr0,LG,ORIGINAL,0.1,PGD,0.3,11.62295081967213,5.0,0,53
engr0,MOTO,ORIGINAL,0.1,PGD,0.3,11.62295081967213,5.0,0,53
engr0,OP3,ORIGINAL,0.1,PGD,0.3,11.62295081967213,5.0,0,53
engr0,S7,ORIGINAL,0.1,PGD,0.3,11.62295081967213,5.0,0,53
engr0,BLU,ORIGINAL,0.1,PGD,0.4,11.62295081967213,5.0,0,53
engr0,HTC,ORIGINAL,0.1,PGD,0.4,11.62295081967213,5.0,0,53
engr0,LG,ORIGINAL,0.1,PGD,0.4,11.62295081967213,5.0,0,53
engr0,MOTO,ORIGINAL,0.1,PGD,0.4,11.62295081967213,5.0,0,53
engr0,OP3,ORIGINAL,0.1,PGD,0.4,11.62295081967213,5.0,0,53
engr0,S7,ORIGINAL,0.1,PGD,0.4,11.62295081967213,5.0,0,53
engr0,BLU,ORIGINAL,0.1,PGD,0.5,11.62295081967213,5.0,0,53
engr0,HTC,ORIGINAL,0.1,PGD,0.5,11.62295081967213,5.0,0,53
engr0,LG,ORIGINAL,0.1,PGD,0.5,11.62295081967213,5.0,0,53
engr0,MOTO,ORIGINAL,0.1,PGD,0.5,11.62295081967213,5.0,0,53
engr0,OP3,ORIGINAL,0.1,PGD,0.5,11.62295081967213,5.0,0,53
engr0,S7,ORIGINAL,0.1,PGD,0.5,11.62295081967213,5.0,0,53
engr0,BLU,ORIGINAL,0.1,PGD,0.6,11.62295081967213,5.0,0,53
engr0,HTC,ORIGINAL,0.1,PGD,0.6,11.62295081967213,5.0,0,53
engr0,LG,ORIGINAL,0.1,PGD,0.6,11.62295081967213,5.0,0,53
engr0,MOTO,ORIGINAL,0.1,PGD,0.6,11.62295081967213,5.0,0,53
engr0,OP3,ORIGINAL,0.1,PGD,0.6,11.62295081967213,5.0,0,53
engr0,S7,ORIGINAL,0.1,PGD,0.6,11.62295081967213,5.0,0,53
engr0,BLU,ORIGINAL,0.1,PGD,0.7,11.62295081967213,5.0,0,53
engr0,HTC,ORIGINAL,0.1,PGD,0.7,11.62295081967213,5.0,0,53
engr0,LG,ORIGINAL,0.1,PGD,0.7,11.62295081967213,5.0,0,53
engr0,MOTO,ORIGINAL,0.1,PGD,0.7,11.62295081967213,5.0,0,53
engr0,OP3,ORIGINAL,0.1,PGD,0.7,11.62295081967213,5.0,0,53
engr0,S7,ORIGINAL,0.1,PGD,0.7,11.62295081967213,5.0,0,53
engr0,BLU,ORIGINAL,0.1,PGD,0.8,11.62295081967213,5.0,0,53
engr0,HTC,ORIGINAL,0.1,PGD,0.8,11.62295081967213,5.0,0,53
engr0,LG,ORIGINAL,0.1,PGD,0.8,11.62295081967213,5.0,0,53
engr0,MOTO,ORIGINAL,0.1,PGD,0.8,11.62295081967213,5.0,0,53
engr0,OP3,ORIGINAL,0.1,PGD,0.8,11.62295081967213,5.0,0,53
engr0,S7,ORIGINAL,0.1,PGD,0.8,11.62295081967213,5.0,0,53
engr0,BLU,ORIGINAL,0.1,PGD,0.9,11.62295081967213,5.0,0,53
engr0,HTC,ORIGINAL,0.1,PGD,0.9,11.62295081967213,5.0,0,53
engr0,LG,ORIGINAL,0.1,PGD,0.9,11.62295081967213,5.0,0,53
engr0,MOTO,ORIGINAL,0.1,PGD,0.9,11.62295081967213,5.0,0,53
engr0,OP3,ORIGINAL,0.1,PGD,0.9,11.62295081967213,5.0,0,53
engr0,S7,ORIGINAL,0.1,PGD,0.9,11.62295081967213,5.0,0,53
engr0,BLU,ORIGINAL,0.1,PGD,1.0,11.62295081967213,5.0,0,53
engr0,HTC,ORIGINAL,0.1,PGD,1.0,11.62295081967213,5.0,0,53
engr0,LG,ORIGINAL,0.1,PGD,1.0,11.62295081967213,5.0,0,53
engr0,MOTO,ORIGINAL,0.1,PGD,1.0,11.62295081967213,5.0,0,53
engr0,OP3,ORIGINAL,0.1,PGD,1.0,11.62295081967213,5.0,0,53
engr0,S7,ORIGINAL,0.1,PGD,1.0,11.62295081967213,5.0,0,53
engr0,BLU,SAE,0.1,PGD,0.1,5.672131147540983,3.0,0,28
engr0,HTC,SAE,0.1,PGD,0.1,5.672131147540983,3.0,0,28
engr0,LG,SAE,0.1,PGD,0.1,5.672131147540983,3.0,0,28
engr0,MOTO,SAE,0.1,PGD,0.1,5.672131147540983,3.0,0,28
engr0,OP3,SAE,0.1,PGD,0.1,5.672131147540983,3.0,0,28
engr0,S7,SAE,0.1,PGD,0.1,5.672131147540983,3.0,0,28
engr0,BLU,SAE,0.1,PGD,0.2,6.049180327868853,3.0,0,28
engr0,HTC,SAE,0.1,PGD,0.2,6.049180327868853,3.0,0,28
engr0,LG,SAE,0.1,PGD,0.2,6.049180327868853,3.0,0,28
engr0,MOTO,SAE,0.1,PGD,0.2,6.049180327868853,3.0,0,28
engr0,OP3,SAE,0.1,PGD,0.2,6.049180327868853,3.0,0,28
engr0,S7,SAE,0.1,PGD,0.2,6.049180327868853,3.0,0,28
engr0,BLU,SAE,0.1,PGD,0.3,6.590163934426229,3.0,0,35
engr0,HTC,SAE,0.1,PGD,0.3,6.590163934426229,3.0,0,35
engr0,LG,SAE,0.1,PGD,0.3,6.590163934426229,3.0,0,35
engr0,MOTO,SAE,0.1,PGD,0.3,6.590163934426229,3.0,0,35
engr0,OP3,SAE,0.1,PGD,0.3,6.590163934426229,3.0,0,35
engr0,S7,SAE,0.1,PGD,0.3,6.590163934426229,3.0,0,35
engr0,BLU,SAE,0.1,PGD,0.4,6.60655737704918,3.0,0,35
engr0,HTC,SAE,0.1,PGD,0.4,6.60655737704918,3.0,0,35
engr0,LG,SAE,0.1,PGD,0.4,6.60655737704918,3.0,0,35
engr0,MOTO,SAE,0.1,PGD,0.4,6.60655737704918,3.0,0,35
engr0,OP3,SAE,0.1,PGD,0.4,6.60655737704918,3.0,0,35
engr0,S7,SAE,0.1,PGD,0.4,6.60655737704918,3.0,0,35
engr0,BLU,SAE,0.1,PGD,0.5,6.60655737704918,3.0,0,35
engr0,HTC,SAE,0.1,PGD,0.5,6.60655737704918,3.0,0,35
engr0,LG,SAE,0.1,PGD,0.5,6.60655737704918,3.0,0,35
engr0,MOTO,SAE,0.1,PGD,0.5,6.60655737704918,3.0,0,35
engr0,OP3,SAE,0.1,PGD,0.5,6.60655737704918,3.0,0,35
engr0,S7,SAE,0.1,PGD,0.5,6.60655737704918,3.0,0,35
engr0,BLU,SAE,0.1,PGD,0.6,6.60655737704918,3.0,0,35
engr0,HTC,SAE,0.1,PGD,0.6,6.60655737704918,3.0,0,35
engr0,LG,SAE,0.1,PGD,0.6,6.60655737704918,3.0,0,35
engr0,MOTO,SAE,0.1,PGD,0.6,6.60655737704918,3.0,0,35
engr0,OP3,SAE,0.1,PGD,0.6,6.60655737704918,3.0,0,35
engr0,S7,SAE,0.1,PGD,0.6,6.60655737704918,3.0,0,35
engr0,BLU,SAE,0.1,PGD,0.7,6.60655737704918,3.0,0,35
engr0,HTC,SAE,0.1,PGD,0.7,6.60655737704918,3.0,0,35
engr0,LG,SAE,0.1,PGD,0.7,6.60655737704918,3.0,0,35
engr0,MOTO,SAE,0.1,PGD,0.7,6.60655737704918,3.0,0,35
engr0,OP3,SAE,0.1,PGD,0.7,6.60655737704918,3.0,0,35
engr0,S7,SAE,0.1,PGD,0.7,6.60655737704918,3.0,0,35
engr0,BLU,SAE,0.1,PGD,0.8,6.60655737704918,3.0,0,35
engr0,HTC,SAE,0.1,PGD,0.8,6.60655737704918,3.0,0,35
engr0,LG,SAE,0.1,PGD,0.8,6.60655737704918,3.0,0,35
engr0,MOTO,SAE,0.1,PGD,0.8,6.60655737704918,3.0,0,35
engr0,OP3,SAE,0.1,PGD,0.8,6.60655737704918,3.0,0,35
engr0,S7,SAE,0.1,PGD,0.8,6.60655737704918,3.0,0,35
engr0,BLU,SAE,0.1,PGD,0.9,6.60655737704918,3.0,0,35
engr0,HTC,SAE,0.1,PGD,0.9,6.60655737704918,3.0,0,35
engr0,LG,SAE,0.1,PGD,0.9,6.60655737704918,3.0,0,35
engr0,MOTO,SAE,0.1,PGD,0.9,6.60655737704918,3.0,0,35
engr0,OP3,SAE,0.1,PGD,0.9,6.60655737704918,3.0,0,35
engr0,S7,SAE,0.1,PGD,0.9,6.60655737704918,3.0,0,35
engr0,BLU,SAE,0.1,PGD,1.0,6.60655737704918,3.0,0,35
engr0,HTC,SAE,0.1,PGD,1.0,6.60655737704918,3.0,0,35
engr0,LG,SAE,0.1,PGD,1.0,6.60655737704918,3.0,0,35
engr0,MOTO,SAE,0.1,PGD,1.0,6.60655737704918,3.0,0,35
engr0,OP3,SAE,0.1,PGD,1.0,6.60655737704918,3.0,0,35
engr0,S7,SAE,0.1,PGD,1.0,6.60655737704918,3.0,0,35
engr0,BLU,STACKED_SAE,0.1,PGD,0.1,7.475409836065574,4.0,0,49
engr0,HTC,STACKED_SAE,0.1,PGD,0.1,7.475409836065574,4.0,0,49
engr0,LG,STACKED_SAE,0.1,PGD,0.1,7.475409836065574,4.0,0,49
engr0,MOTO,STACKED_SAE,0.1,PGD,0.1,7.475409836065574,4.0,0,49
engr0,OP3,STACKED_SAE,0.1,PGD,0.1,7.475409836065574,4.0,0,49
engr0,S7,STACKED_SAE,0.1,PGD,0.1,7.475409836065574,4.0,0,49
engr0,BLU,STACKED_SAE,0.1,PGD,0.2,8.754098360655737,4.0,0,49
engr0,HTC,STACKED_SAE,0.1,PGD,0.2,8.754098360655737,4.0,0,49
engr0,LG,STACKED_SAE,0.1,PGD,0.2,8.754098360655737,4.0,0,49
engr0,MOTO,STACKED_SAE,0.1,PGD,0.2,8.754098360655737,4.0,0,49
engr0,OP3,STACKED_SAE,0.1,PGD,0.2,8.754098360655737,4.0,0,49
engr0,S7,STACKED_SAE,0.1,PGD,0.2,8.754098360655737,4.0,0,49
engr0,BLU,STACKED_SAE,0.1,PGD,0.3,8.60655737704918,4.0,0,49
engr0,HTC,STACKED_SAE,0.1,PGD,0.3,8.60655737704918,4.0,0,49
engr0,LG,STACKED_SAE,0.1,PGD,0.3,8.60655737704918,4.0,0,49
engr0,MOTO,STACKED_SAE,0.1,PGD,0.3,8.60655737704918,4.0,0,49
engr0,OP3,STACKED_SAE,0.1,PGD,0.3,8.60655737704918,4.0,0,49
engr0,S7,STACKED_SAE,0.1,PGD,0.3,8.60655737704918,4.0,0,49
engr0,BLU,STACKED_SAE,0.1,PGD,0.4,8.78688524590164,4.0,0,49
engr0,HTC,STACKED_SAE,0.1,PGD,0.4,8.78688524590164,4.0,0,49
engr0,LG,STACKED_SAE,0.1,PGD,0.4,8.78688524590164,4.0,0,49
engr0,MOTO,STACKED_SAE,0.1,PGD,0.4,8.78688524590164,4.0,0,49
engr0,OP3,STACKED_SAE,0.1,PGD,0.4,8.78688524590164,4.0,0,49
engr0,S7,STACKED_SAE,0.1,PGD,0.4,8.78688524590164,4.0,0,49
engr0,BLU,STACKED_SAE,0.1,PGD,0.5,8.78688524590164,4.0,0,49
engr0,HTC,STACKED_SAE,0.1,PGD,0.5,8.78688524590164,4.0,0,49
engr0,LG,STACKED_SAE,0.1,PGD,0.5,8.78688524590164,4.0,0,49
engr0,MOTO,STACKED_SAE,0.1,PGD,0.5,8.78688524590164,4.0,0,49
engr0,OP3,STACKED_SAE,0.1,PGD,0.5,8.78688524590164,4.0,0,49
engr0,S7,STACKED_SAE,0.1,PGD,0.5,8.78688524590164,4.0,0,49
engr0,BLU,STACKED_SAE,0.1,PGD,0.6,8.78688524590164,4.0,0,49
engr0,HTC,STACKED_SAE,0.1,PGD,0.6,8.78688524590164,4.0,0,49
engr0,LG,STACKED_SAE,0.1,PGD,0.6,8.78688524590164,4.0,0,49
engr0,MOTO,STACKED_SAE,0.1,PGD,0.6,8.78688524590164,4.0,0,49
engr0,OP3,STACKED_SAE,0.1,PGD,0.6,8.78688524590164,4.0,0,49
engr0,S7,STACKED_SAE,0.1,PGD,0.6,8.78688524590164,4.0,0,49
engr0,BLU,STACKED_SAE,0.1,PGD,0.7,8.78688524590164,4.0,0,49
engr0,HTC,STACKED_SAE,0.1,PGD,0.7,8.78688524590164,4.0,0,49
engr0,LG,STACKED_SAE,0.1,PGD,0.7,8.78688524590164,4.0,0,49
engr0,MOTO,STACKED_SAE,0.1,PGD,0.7,8.78688524590164,4.0,0,49
engr0,OP3,STACKED_SAE,0.1,PGD,0.7,8.78688524590164,4.0,0,49
engr0,S7,STACKED_SAE,0.1,PGD,0.7,8.78688524590164,4.0,0,49
engr0,BLU,STACKED_SAE,0.1,PGD,0.8,8.78688524590164,4.0,0,49
engr0,HTC,STACKED_SAE,0.1,PGD,0.8,8.78688524590164,4.0,0,49
engr0,LG,STACKED_SAE,0.1,PGD,0.8,8.78688524590164,4.0,0,49
engr0,MOTO,STACKED_SAE,0.1,PGD,0.8,8.78688524590164,4.0,0,49
engr0,OP3,STACKED_SAE,0.1,PGD,0.8,8.78688524590164,4.0,0,49
engr0,S7,STACKED_SAE,0.1,PGD,0.8,8.78688524590164,4.0,0,49
engr0,BLU,STACKED_SAE,0.1,PGD,0.9,8.78688524590164,4.0,0,49
engr0,HTC,STACKED_SAE,0.1,PGD,0.9,8.78688524590164,4.0,0,49
engr0,LG,STACKED_SAE,0.1,PGD,0.9,8.78688524590164,4.0,0,49
engr0,MOTO,STACKED_SAE,0.1,PGD,0.9,8.78688524590164,4.0,0,49
engr0,OP3,STACKED_SAE,0.1,PGD,0.9,8.78688524590164,4.0,0,49
engr0,S7,STACKED_SAE,0.1,PGD,0.9,8.78688524590164,4.0,0,49
engr0,BLU,STACKED_SAE,0.1,PGD,1.0,8.78688524590164,4.0,0,49
engr0,HTC,STACKED_SAE,0.1,PGD,1.0,8.78688524590164,4.0,0,49
engr0,LG,STACKED_SAE,0.1,PGD,1.0,8.78688524590164,4.0,0,49
engr0,MOTO,STACKED_SAE,0.1,PGD,1.0,8.78688524590164,4.0,0,49
engr0,OP3,STACKED_SAE,0.1,PGD,1.0,8.78688524590164,4.0,0,49
engr0,S7,STACKED_SAE,0.1,PGD,1.0,8.78688524590164,4.0,0,49
engr0,BLU,GAN,0.1,PGD,0.1,3.80327868852459,3.0,0,32
engr0,HTC,GAN,0.1,PGD,0.1,3.80327868852459,3.0,0,32
engr0,LG,GAN,0.1,PGD,0.1,3.80327868852459,3.0,0,32
engr0,MOTO,GAN,0.1,PGD,0.1,3.80327868852459,3.0,0,32
engr0,OP3,GAN,0.1,PGD,0.1,3.80327868852459,3.0,0,32
engr0,S7,GAN,0.1,PGD,0.1,3.80327868852459,3.0,0,32
engr0,BLU,GAN,0.1,PGD,0.2,4.180327868852459,3.0,0,32
engr0,HTC,GAN,0.1,PGD,0.2,4.180327868852459,3.0,0,32
engr0,LG,GAN,0.1,PGD,0.2,4.180327868852459,3.0,0,32
engr0,MOTO,GAN,0.1,PGD,0.2,4.180327868852459,3.0,0,32
engr0,OP3,GAN,0.1,PGD,0.2,4.180327868852459,3.0,0,32
engr0,S7,GAN,0.1,PGD,0.2,4.180327868852459,3.0,0,32
engr0,BLU,GAN,0.1,PGD,0.3,4.491803278688525,2.0,0,32
engr0,HTC,GAN,0.1,PGD,0.3,4.491803278688525,2.0,0,32
engr0,LG,GAN,0.1,PGD,0.3,4.491803278688525,2.0,0,32
engr0,MOTO,GAN,0.1,PGD,0.3,4.491803278688525,2.0,0,32
engr0,OP3,GAN,0.1,PGD,0.3,4.491803278688525,2.0,0,32
engr0,S7,GAN,0.1,PGD,0.3,4.491803278688525,2.0,0,32
engr0,BLU,GAN,0.1,PGD,0.4,4.459016393442623,2.0,0,32
engr0,HTC,GAN,0.1,PGD,0.4,4.459016393442623,2.0,0,32
engr0,LG,GAN,0.1,PGD,0.4,4.459016393442623,2.0,0,32
engr0,MOTO,GAN,0.1,PGD,0.4,4.459016393442623,2.0,0,32
engr0,OP3,GAN,0.1,PGD,0.4,4.459016393442623,2.0,0,32
engr0,S7,GAN,0.1,PGD,0.4,4.459016393442623,2.0,0,32
engr0,BLU,GAN,0.1,PGD,0.5,4.459016393442623,2.0,0,32
engr0,HTC,GAN,0.1,PGD,0.5,4.459016393442623,2.0,0,32
engr0,LG,GAN,0.1,PGD,0.5,4.459016393442623,2.0,0,32
engr0,MOTO,GAN,0.1,PGD,0.5,4.459016393442623,2.0,0,32
engr0,OP3,GAN,0.1,PGD,0.5,4.459016393442623,2.0,0,32
engr0,S7,GAN,0.1,PGD,0.5,4.459016393442623,2.0,0,32
engr0,BLU,GAN,0.1,PGD,0.6,4.459016393442623,2.0,0,32
engr0,HTC,GAN,0.1,PGD,0.6,4.459016393442623,2.0,0,32
engr0,LG,GAN,0.1,PGD,0.6,4.459016393442623,2.0,0,32
engr0,MOTO,GAN,0.1,PGD,0.6,4.459016393442623,2.0,0,32
engr0,OP3,GAN,0.1,PGD,0.6,4.459016393442623,2.0,0,32
engr0,S7,GAN,0.1,PGD,0.6,4.459016393442623,2.0,0,32
engr0,BLU,GAN,0.1,PGD,0.7,4.459016393442623,2.0,0,32
engr0,HTC,GAN,0.1,PGD,0.7,4.459016393442623,2.0,0,32
engr0,LG,GAN,0.1,PGD,0.7,4.459016393442623,2.0,0,32
engr0,MOTO,GAN,0.1,PGD,0.7,4.459016393442623,2.0,0,32
engr0,OP3,GAN,0.1,PGD,0.7,4.459016393442623,2.0,0,32
engr0,S7,GAN,0.1,PGD,0.7,4.459016393442623,2.0,0,32
engr0,BLU,GAN,0.1,PGD,0.8,4.459016393442623,2.0,0,32
engr0,HTC,GAN,0.1,PGD,0.8,4.459016393442623,2.0,0,32
engr0,LG,GAN,0.1,PGD,0.8,4.459016393442623,2.0,0,32
engr0,MOTO,GAN,0.1,PGD,0.8,4.459016393442623,2.0,0,32
engr0,OP3,GAN,0.1,PGD,0.8,4.459016393442623,2.0,0,32
engr0,S7,GAN,0.1,PGD,0.8,4.459016393442623,2.0,0,32
engr0,BLU,GAN,0.1,PGD,0.9,4.459016393442623,2.0,0,32
engr0,HTC,GAN,0.1,PGD,0.9,4.459016393442623,2.0,0,32
engr0,LG,GAN,0.1,PGD,0.9,4.459016393442623,2.0,0,32
engr0,MOTO,GAN,0.1,PGD,0.9,4.459016393442623,2.0,0,32
engr0,OP3,GAN,0.1,PGD,0.9,4.459016393442623,2.0,0,32
engr0,S7,GAN,0.1,PGD,0.9,4.459016393442623,2.0,0,32
engr0,BLU,GAN,0.1,PGD,1.0,4.459016393442623,2.0,0,32
engr0,HTC,GAN,0.1,PGD,1.0,4.459016393442623,2.0,0,32
engr0,LG,GAN,0.1,PGD,1.0,4.459016393442623,2.0,0,32
engr0,MOTO,GAN,0.1,PGD,1.0,4.459016393442623,2.0,0,32
engr0,OP3,GAN,0.1,PGD,1.0,4.459016393442623,2.0,0,32
engr0,S7,GAN,0.1,PGD,1.0,4.459016393442623,2.0,0,32
engr0,BLU,FGSM,0.1,PGD,0.1,1.5245901639344261,0.0,0,50
engr0,HTC,FGSM,0.1,PGD,0.1,1.5245901639344261,0.0,0,50
engr0,LG,FGSM,0.1,PGD,0.1,1.5245901639344261,0.0,0,50
engr0,MOTO,FGSM,0.1,PGD,0.1,1.5245901639344261,0.0,0,50
engr0,OP3,FGSM,0.1,PGD,0.1,1.5245901639344261,0.0,0,50
engr0,S7,FGSM,0.1,PGD,0.1,1.5245901639344261,0.0,0,50
engr0,BLU,FGSM,0.1,PGD,0.2,1.819672131147541,1.0,0,50
engr0,HTC,FGSM,0.1,PGD,0.2,1.819672131147541,1.0,0,50
engr0,LG,FGSM,0.1,PGD,0.2,1.819672131147541,1.0,0,50
engr0,MOTO,FGSM,0.1,PGD,0.2,1.819672131147541,1.0,0,50
engr0,OP3,FGSM,0.1,PGD,0.2,1.819672131147541,1.0,0,50
engr0,S7,FGSM,0.1,PGD,0.2,1.819672131147541,1.0,0,50
engr0,BLU,FGSM,0.1,PGD,0.3,2.557377049180328,1.0,0,50
engr0,HTC,FGSM,0.1,PGD,0.3,2.557377049180328,1.0,0,50
engr0,LG,FGSM,0.1,PGD,0.3,2.557377049180328,1.0,0,50
engr0,MOTO,FGSM,0.1,PGD,0.3,2.557377049180328,1.0,0,50
engr0,OP3,FGSM,0.1,PGD,0.3,2.557377049180328,1.0,0,50
engr0,S7,FGSM,0.1,PGD,0.3,2.557377049180328,1.0,0,50
engr0,BLU,FGSM,0.1,PGD,0.4,2.5737704918032787,1.0,0,50
engr0,HTC,FGSM,0.1,PGD,0.4,2.5737704918032787,1.0,0,50
engr0,LG,FGSM,0.1,PGD,0.4,2.5737704918032787,1.0,0,50
engr0,MOTO,FGSM,0.1,PGD,0.4,2.5737704918032787,1.0,0,50
engr0,OP3,FGSM,0.1,PGD,0.4,2.5737704918032787,1.0,0,50
engr0,S7,FGSM,0.1,PGD,0.4,2.5737704918032787,1.0,0,50
engr0,BLU,FGSM,0.1,PGD,0.5,2.5737704918032787,1.0,0,50
engr0,HTC,FGSM,0.1,PGD,0.5,2.5737704918032787,1.0,0,50
engr0,LG,FGSM,0.1,PGD,0.5,2.5737704918032787,1.0,0,50
engr0,MOTO,FGSM,0.1,PGD,0.5,2.5737704918032787,1.0,0,50
engr0,OP3,FGSM,0.1,PGD,0.5,2.5737704918032787,1.0,0,50
engr0,S7,FGSM,0.1,PGD,0.5,2.5737704918032787,1.0,0,50
engr0,BLU,FGSM,0.1,PGD,0.6,2.5737704918032787,1.0,0,50
engr0,HTC,FGSM,0.1,PGD,0.6,2.5737704918032787,1.0,0,50
engr0,LG,FGSM,0.1,PGD,0.6,2.5737704918032787,1.0,0,50
engr0,MOTO,FGSM,0.1,PGD,0.6,2.5737704918032787,1.0,0,50
engr0,OP3,FGSM,0.1,PGD,0.6,2.5737704918032787,1.0,0,50
engr0,S7,FGSM,0.1,PGD,0.6,2.5737704918032787,1.0,0,50
engr0,BLU,FGSM,0.1,PGD,0.7,2.5737704918032787,1.0,0,50
engr0,HTC,FGSM,0.1,PGD,0.7,2.5737704918032787,1.0,0,50
engr0,LG,FGSM,0.1,PGD,0.7,2.5737704918032787,1.0,0,50
engr0,MOTO,FGSM,0.1,PGD,0.7,2.5737704918032787,1.0,0,50
engr0,OP3,FGSM,0.1,PGD,0.7,2.5737704918032787,1.0,0,50
engr0,S7,FGSM,0.1,PGD,0.7,2.5737704918032787,1.0,0,50
engr0,BLU,FGSM,0.1,PGD,0.8,2.5737704918032787,1.0,0,50
engr0,HTC,FGSM,0.1,PGD,0.8,2.5737704918032787,1.0,0,50
engr0,LG,FGSM,0.1,PGD,0.8,2.5737704918032787,1.0,0,50
engr0,MOTO,FGSM,0.1,PGD,0.8,2.5737704918032787,1.0,0,50
engr0,OP3,FGSM,0.1,PGD,0.8,2.5737704918032787,1.0,0,50
engr0,S7,FGSM,0.1,PGD,0.8,2.5737704918032787,1.0,0,50
engr0,BLU,FGSM,0.1,PGD,0.9,2.5737704918032787,1.0,0,50
engr0,HTC,FGSM,0.1,PGD,0.9,2.5737704918032787,1.0,0,50
engr0,LG,FGSM,0.1,PGD,0.9,2.5737704918032787,1.0,0,50
engr0,MOTO,FGSM,0.1,PGD,0.9,2.5737704918032787,1.0,0,50
engr0,OP3,FGSM,0.1,PGD,0.9,2.5737704918032787,1.0,0,50
engr0,S7,FGSM,0.1,PGD,0.9,2.5737704918032787,1.0,0,50
engr0,BLU,FGSM,0.1,PGD,1.0,2.5737704918032787,1.0,0,50
engr0,HTC,FGSM,0.1,PGD,1.0,2.5737704918032787,1.0,0,50
engr0,LG,FGSM,0.1,PGD,1.0,2.5737704918032787,1.0,0,50
engr0,MOTO,FGSM,0.1,PGD,1.0,2.5737704918032787,1.0,0,50
engr0,OP3,FGSM,0.1,PGD,1.0,2.5737704918032787,1.0,0,50
engr0,S7,FGSM,0.1,PGD,1.0,2.5737704918032787,1.0,0,50
engr0,BLU,FGSM,0.2,PGD,0.1,2.180327868852459,0.0,0,52
engr0,HTC,FGSM,0.2,PGD,0.1,2.180327868852459,0.0,0,52
engr0,LG,FGSM,0.2,PGD,0.1,2.180327868852459,0.0,0,52
engr0,MOTO,FGSM,0.2,PGD,0.1,2.180327868852459,0.0,0,52
engr0,OP3,FGSM,0.2,PGD,0.1,2.180327868852459,0.0,0,52
engr0,S7,FGSM,0.2,PGD,0.1,2.180327868852459,0.0,0,52
engr0,BLU,FGSM,0.2,PGD,0.2,3.0327868852459017,1.0,0,52
engr0,HTC,FGSM,0.2,PGD,0.2,3.0327868852459017,1.0,0,52
engr0,LG,FGSM,0.2,PGD,0.2,3.0327868852459017,1.0,0,52
engr0,MOTO,FGSM,0.2,PGD,0.2,3.0327868852459017,1.0,0,52
engr0,OP3,FGSM,0.2,PGD,0.2,3.0327868852459017,1.0,0,52
engr0,S7,FGSM,0.2,PGD,0.2,3.0327868852459017,1.0,0,52
engr0,BLU,FGSM,0.2,PGD,0.3,4.311475409836065,1.0,0,54
engr0,HTC,FGSM,0.2,PGD,0.3,4.311475409836065,1.0,0,54
engr0,LG,FGSM,0.2,PGD,0.3,4.311475409836065,1.0,0,54
engr0,MOTO,FGSM,0.2,PGD,0.3,4.311475409836065,1.0,0,54
engr0,OP3,FGSM,0.2,PGD,0.3,4.311475409836065,1.0,0,54
engr0,S7,FGSM,0.2,PGD,0.3,4.311475409836065,1.0,0,54
engr0,BLU,FGSM,0.2,PGD,0.4,4.442622950819672,1.0,0,54
engr0,HTC,FGSM,0.2,PGD,0.4,4.442622950819672,1.0,0,54
engr0,LG,FGSM,0.2,PGD,0.4,4.442622950819672,1.0,0,54
engr0,MOTO,FGSM,0.2,PGD,0.4,4.442622950819672,1.0,0,54
engr0,OP3,FGSM,0.2,PGD,0.4,4.442622950819672,1.0,0,54
engr0,S7,FGSM,0.2,PGD,0.4,4.442622950819672,1.0,0,54
engr0,BLU,FGSM,0.2,PGD,0.5,4.442622950819672,1.0,0,54
engr0,HTC,FGSM,0.2,PGD,0.5,4.442622950819672,1.0,0,54
engr0,LG,FGSM,0.2,PGD,0.5,4.442622950819672,1.0,0,54
engr0,MOTO,FGSM,0.2,PGD,0.5,4.442622950819672,1.0,0,54
engr0,OP3,FGSM,0.2,PGD,0.5,4.442622950819672,1.0,0,54
engr0,S7,FGSM,0.2,PGD,0.5,4.442622950819672,1.0,0,54
engr0,BLU,FGSM,0.2,PGD,0.6,4.442622950819672,1.0,0,54
engr0,HTC,FGSM,0.2,PGD,0.6,4.442622950819672,1.0,0,54
engr0,LG,FGSM,0.2,PGD,0.6,4.442622950819672,1.0,0,54
engr0,MOTO,FGSM,0.2,PGD,0.6,4.442622950819672,1.0,0,54
engr0,OP3,FGSM,0.2,PGD,0.6,4.442622950819672,1.0,0,54
engr0,S7,FGSM,0.2,PGD,0.6,4.442622950819672,1.0,0,54
engr0,BLU,FGSM,0.2,PGD,0.7,4.442622950819672,1.0,0,54
engr0,HTC,FGSM,0.2,PGD,0.7,4.442622950819672,1.0,0,54
engr0,LG,FGSM,0.2,PGD,0.7,4.442622950819672,1.0,0,54
engr0,MOTO,FGSM,0.2,PGD,0.7,4.442622950819672,1.0,0,54
engr0,OP3,FGSM,0.2,PGD,0.7,4.442622950819672,1.0,0,54
engr0,S7,FGSM,0.2,PGD,0.7,4.442622950819672,1.0,0,54
engr0,BLU,FGSM,0.2,PGD,0.8,4.442622950819672,1.0,0,54
engr0,HTC,FGSM,0.2,PGD,0.8,4.442622950819672,1.0,0,54
engr0,LG,FGSM,0.2,PGD,0.8,4.442622950819672,1.0,0,54
engr0,MOTO,FGSM,0.2,PGD,0.8,4.442622950819672,1.0,0,54
engr0,OP3,FGSM,0.2,PGD,0.8,4.442622950819672,1.0,0,54
engr0,S7,FGSM,0.2,PGD,0.8,4.442622950819672,1.0,0,54
engr0,BLU,FGSM,0.2,PGD,0.9,4.442622950819672,1.0,0,54
engr0,HTC,FGSM,0.2,PGD,0.9,4.442622950819672,1.0,0,54
engr0,LG,FGSM,0.2,PGD,0.9,4.442622950819672,1.0,0,54
engr0,MOTO,FGSM,0.2,PGD,0.9,4.442622950819672,1.0,0,54
engr0,OP3,FGSM,0.2,PGD,0.9,4.442622950819672,1.0,0,54
engr0,S7,FGSM,0.2,PGD,0.9,4.442622950819672,1.0,0,54
engr0,BLU,FGSM,0.2,PGD,1.0,4.442622950819672,1.0,0,54
engr0,HTC,FGSM,0.2,PGD,1.0,4.442622950819672,1.0,0,54
engr0,LG,FGSM,0.2,PGD,1.0,4.442622950819672,1.0,0,54
engr0,MOTO,FGSM,0.2,PGD,1.0,4.442622950819672,1.0,0,54
engr0,OP3,FGSM,0.2,PGD,1.0,4.442622950819672,1.0,0,54
engr0,S7,FGSM,0.2,PGD,1.0,4.442622950819672,1.0,0,54
engr0,BLU,FGSM,0.3,PGD,0.1,1.0327868852459017,1.0,0,7
engr0,HTC,FGSM,0.3,PGD,0.1,1.0327868852459017,1.0,0,7
engr0,LG,FGSM,0.3,PGD,0.1,1.0327868852459017,1.0,0,7
engr0,MOTO,FGSM,0.3,PGD,0.1,1.0327868852459017,1.0,0,7
engr0,OP3,FGSM,0.3,PGD,0.1,1.0327868852459017,1.0,0,7
engr0,S7,FGSM,0.3,PGD,0.1,1.0327868852459017,1.0,0,7
engr0,BLU,FGSM,0.3,PGD,0.2,1.2131147540983607,1.0,0,5
engr0,HTC,FGSM,0.3,PGD,0.2,1.2131147540983607,1.0,0,5
engr0,LG,FGSM,0.3,PGD,0.2,1.2131147540983607,1.0,0,5
engr0,MOTO,FGSM,0.3,PGD,0.2,1.2131147540983607,1.0,0,5
engr0,OP3,FGSM,0.3,PGD,0.2,1.2131147540983607,1.0,0,5
engr0,S7,FGSM,0.3,PGD,0.2,1.2131147540983607,1.0,0,5
engr0,BLU,FGSM,0.3,PGD,0.3,1.3934426229508197,1.0,0,5
engr0,HTC,FGSM,0.3,PGD,0.3,1.3934426229508197,1.0,0,5
engr0,LG,FGSM,0.3,PGD,0.3,1.3934426229508197,1.0,0,5
engr0,MOTO,FGSM,0.3,PGD,0.3,1.3934426229508197,1.0,0,5
engr0,OP3,FGSM,0.3,PGD,0.3,1.3934426229508197,1.0,0,5
engr0,S7,FGSM,0.3,PGD,0.3,1.3934426229508197,1.0,0,5
engr0,BLU,FGSM,0.3,PGD,0.4,1.3278688524590163,1.0,0,5
engr0,HTC,FGSM,0.3,PGD,0.4,1.3278688524590163,1.0,0,5
engr0,LG,FGSM,0.3,PGD,0.4,1.3278688524590163,1.0,0,5
engr0,MOTO,FGSM,0.3,PGD,0.4,1.3278688524590163,1.0,0,5
engr0,OP3,FGSM,0.3,PGD,0.4,1.3278688524590163,1.0,0,5
engr0,S7,FGSM,0.3,PGD,0.4,1.3278688524590163,1.0,0,5
engr0,BLU,FGSM,0.3,PGD,0.5,1.3278688524590163,1.0,0,5
engr0,HTC,FGSM,0.3,PGD,0.5,1.3278688524590163,1.0,0,5
engr0,LG,FGSM,0.3,PGD,0.5,1.3278688524590163,1.0,0,5
engr0,MOTO,FGSM,0.3,PGD,0.5,1.3278688524590163,1.0,0,5
engr0,OP3,FGSM,0.3,PGD,0.5,1.3278688524590163,1.0,0,5
engr0,S7,FGSM,0.3,PGD,0.5,1.3278688524590163,1.0,0,5
engr0,BLU,FGSM,0.3,PGD,0.6,1.3278688524590163,1.0,0,5
engr0,HTC,FGSM,0.3,PGD,0.6,1.3278688524590163,1.0,0,5
engr0,LG,FGSM,0.3,PGD,0.6,1.3278688524590163,1.0,0,5
engr0,MOTO,FGSM,0.3,PGD,0.6,1.3278688524590163,1.0,0,5
engr0,OP3,FGSM,0.3,PGD,0.6,1.3278688524590163,1.0,0,5
engr0,S7,FGSM,0.3,PGD,0.6,1.3278688524590163,1.0,0,5
engr0,BLU,FGSM,0.3,PGD,0.7,1.3278688524590163,1.0,0,5
engr0,HTC,FGSM,0.3,PGD,0.7,1.3278688524590163,1.0,0,5
engr0,LG,FGSM,0.3,PGD,0.7,1.3278688524590163,1.0,0,5
engr0,MOTO,FGSM,0.3,PGD,0.7,1.3278688524590163,1.0,0,5
engr0,OP3,FGSM,0.3,PGD,0.7,1.3278688524590163,1.0,0,5
engr0,S7,FGSM,0.3,PGD,0.7,1.3278688524590163,1.0,0,5
engr0,BLU,FGSM,0.3,PGD,0.8,1.3278688524590163,1.0,0,5
engr0,HTC,FGSM,0.3,PGD,0.8,1.3278688524590163,1.0,0,5
engr0,LG,FGSM,0.3,PGD,0.8,1.3278688524590163,1.0,0,5
engr0,MOTO,FGSM,0.3,PGD,0.8,1.3278688524590163,1.0,0,5
engr0,OP3,FGSM,0.3,PGD,0.8,1.3278688524590163,1.0,0,5
engr0,S7,FGSM,0.3,PGD,0.8,1.3278688524590163,1.0,0,5
engr0,BLU,FGSM,0.3,PGD,0.9,1.3278688524590163,1.0,0,5
engr0,HTC,FGSM,0.3,PGD,0.9,1.3278688524590163,1.0,0,5
engr0,LG,FGSM,0.3,PGD,0.9,1.3278688524590163,1.0,0,5
engr0,MOTO,FGSM,0.3,PGD,0.9,1.3278688524590163,1.0,0,5
engr0,OP3,FGSM,0.3,PGD,0.9,1.3278688524590163,1.0,0,5
engr0,S7,FGSM,0.3,PGD,0.9,1.3278688524590163,1.0,0,5
engr0,BLU,FGSM,0.3,PGD,1.0,1.3278688524590163,1.0,0,5
engr0,HTC,FGSM,0.3,PGD,1.0,1.3278688524590163,1.0,0,5
engr0,LG,FGSM,0.3,PGD,1.0,1.3278688524590163,1.0,0,5
engr0,MOTO,FGSM,0.3,PGD,1.0,1.3278688524590163,1.0,0,5
engr0,OP3,FGSM,0.3,PGD,1.0,1.3278688524590163,1.0,0,5
engr0,S7,FGSM,0.3,PGD,1.0,1.3278688524590163,1.0,0,5
engr0,BLU,FGSM,0.4,PGD,0.1,1.0819672131147542,0.0,0,14
engr0,HTC,FGSM,0.4,PGD,0.1,1.0819672131147542,0.0,0,14
engr0,LG,FGSM,0.4,PGD,0.1,1.0819672131147542,0.0,0,14
engr0,MOTO,FGSM,0.4,PGD,0.1,1.0819672131147542,0.0,0,14
engr0,OP3,FGSM,0.4,PGD,0.1,1.0819672131147542,0.0,0,14
engr0,S7,FGSM,0.4,PGD,0.1,1.0819672131147542,0.0,0,14
engr0,BLU,FGSM,0.4,PGD,0.2,1.7540983606557377,0.0,0,40
engr0,HTC,FGSM,0.4,PGD,0.2,1.7540983606557377,0.0,0,40
engr0,LG,FGSM,0.4,PGD,0.2,1.7540983606557377,0.0,0,40
engr0,MOTO,FGSM,0.4,PGD,0.2,1.7540983606557377,0.0,0,40
engr0,OP3,FGSM,0.4,PGD,0.2,1.7540983606557377,0.0,0,40
engr0,S7,FGSM,0.4,PGD,0.2,1.7540983606557377,0.0,0,40
engr0,BLU,FGSM,0.4,PGD,0.3,1.2131147540983607,1.0,0,14
engr0,HTC,FGSM,0.4,PGD,0.3,1.2131147540983607,1.0,0,14
engr0,LG,FGSM,0.4,PGD,0.3,1.2131147540983607,1.0,0,14
engr0,MOTO,FGSM,0.4,PGD,0.3,1.2131147540983607,1.0,0,14
engr0,OP3,FGSM,0.4,PGD,0.3,1.2131147540983607,1.0,0,14
engr0,S7,FGSM,0.4,PGD,0.3,1.2131147540983607,1.0,0,14
engr0,BLU,FGSM,0.4,PGD,0.4,1.2459016393442623,1.0,0,14
engr0,HTC,FGSM,0.4,PGD,0.4,1.2459016393442623,1.0,0,14
engr0,LG,FGSM,0.4,PGD,0.4,1.2459016393442623,1.0,0,14
engr0,MOTO,FGSM,0.4,PGD,0.4,1.2459016393442623,1.0,0,14
engr0,OP3,FGSM,0.4,PGD,0.4,1.2459016393442623,1.0,0,14
engr0,S7,FGSM,0.4,PGD,0.4,1.2459016393442623,1.0,0,14
engr0,BLU,FGSM,0.4,PGD,0.5,1.2459016393442623,1.0,0,14
engr0,HTC,FGSM,0.4,PGD,0.5,1.2459016393442623,1.0,0,14
engr0,LG,FGSM,0.4,PGD,0.5,1.2459016393442623,1.0,0,14
engr0,MOTO,FGSM,0.4,PGD,0.5,1.2459016393442623,1.0,0,14
engr0,OP3,FGSM,0.4,PGD,0.5,1.2459016393442623,1.0,0,14
engr0,S7,FGSM,0.4,PGD,0.5,1.2459016393442623,1.0,0,14
engr0,BLU,FGSM,0.4,PGD,0.6,1.2459016393442623,1.0,0,14
engr0,HTC,FGSM,0.4,PGD,0.6,1.2459016393442623,1.0,0,14
engr0,LG,FGSM,0.4,PGD,0.6,1.2459016393442623,1.0,0,14
engr0,MOTO,FGSM,0.4,PGD,0.6,1.2459016393442623,1.0,0,14
engr0,OP3,FGSM,0.4,PGD,0.6,1.2459016393442623,1.0,0,14
engr0,S7,FGSM,0.4,PGD,0.6,1.2459016393442623,1.0,0,14
engr0,BLU,FGSM,0.4,PGD,0.7,1.2459016393442623,1.0,0,14
engr0,HTC,FGSM,0.4,PGD,0.7,1.2459016393442623,1.0,0,14
engr0,LG,FGSM,0.4,PGD,0.7,1.2459016393442623,1.0,0,14
engr0,MOTO,FGSM,0.4,PGD,0.7,1.2459016393442623,1.0,0,14
engr0,OP3,FGSM,0.4,PGD,0.7,1.2459016393442623,1.0,0,14
engr0,S7,FGSM,0.4,PGD,0.7,1.2459016393442623,1.0,0,14
engr0,BLU,FGSM,0.4,PGD,0.8,1.2459016393442623,1.0,0,14
engr0,HTC,FGSM,0.4,PGD,0.8,1.2459016393442623,1.0,0,14
engr0,LG,FGSM,0.4,PGD,0.8,1.2459016393442623,1.0,0,14
engr0,MOTO,FGSM,0.4,PGD,0.8,1.2459016393442623,1.0,0,14
engr0,OP3,FGSM,0.4,PGD,0.8,1.2459016393442623,1.0,0,14
engr0,S7,FGSM,0.4,PGD,0.8,1.2459016393442623,1.0,0,14
engr0,BLU,FGSM,0.4,PGD,0.9,1.2459016393442623,1.0,0,14
engr0,HTC,FGSM,0.4,PGD,0.9,1.2459016393442623,1.0,0,14
engr0,LG,FGSM,0.4,PGD,0.9,1.2459016393442623,1.0,0,14
engr0,MOTO,FGSM,0.4,PGD,0.9,1.2459016393442623,1.0,0,14
engr0,OP3,FGSM,0.4,PGD,0.9,1.2459016393442623,1.0,0,14
engr0,S7,FGSM,0.4,PGD,0.9,1.2459016393442623,1.0,0,14
engr0,BLU,FGSM,0.4,PGD,1.0,1.2459016393442623,1.0,0,14
engr0,HTC,FGSM,0.4,PGD,1.0,1.2459016393442623,1.0,0,14
engr0,LG,FGSM,0.4,PGD,1.0,1.2459016393442623,1.0,0,14
engr0,MOTO,FGSM,0.4,PGD,1.0,1.2459016393442623,1.0,0,14
engr0,OP3,FGSM,0.4,PGD,1.0,1.2459016393442623,1.0,0,14
engr0,S7,FGSM,0.4,PGD,1.0,1.2459016393442623,1.0,0,14
engr0,BLU,FGSM,0.5,PGD,0.1,0.9180327868852459,0.0,0,14
engr0,HTC,FGSM,0.5,PGD,0.1,0.9180327868852459,0.0,0,14
engr0,LG,FGSM,0.5,PGD,0.1,0.9180327868852459,0.0,0,14
engr0,MOTO,FGSM,0.5,PGD,0.1,0.9180327868852459,0.0,0,14
engr0,OP3,FGSM,0.5,PGD,0.1,0.9180327868852459,0.0,0,14
engr0,S7,FGSM,0.5,PGD,0.1,0.9180327868852459,0.0,0,14
engr0,BLU,FGSM,0.5,PGD,0.2,1.901639344262295,1.0,0,41
engr0,HTC,FGSM,0.5,PGD,0.2,1.901639344262295,1.0,0,41
engr0,LG,FGSM,0.5,PGD,0.2,1.901639344262295,1.0,0,41
engr0,MOTO,FGSM,0.5,PGD,0.2,1.901639344262295,1.0,0,41
engr0,OP3,FGSM,0.5,PGD,0.2,1.901639344262295,1.0,0,41
engr0,S7,FGSM,0.5,PGD,0.2,1.901639344262295,1.0,0,41
engr0,BLU,FGSM,0.5,PGD,0.3,1.9672131147540983,1.0,0,43
engr0,HTC,FGSM,0.5,PGD,0.3,1.9672131147540983,1.0,0,43
engr0,LG,FGSM,0.5,PGD,0.3,1.9672131147540983,1.0,0,43
engr0,MOTO,FGSM,0.5,PGD,0.3,1.9672131147540983,1.0,0,43
engr0,OP3,FGSM,0.5,PGD,0.3,1.9672131147540983,1.0,0,43
engr0,S7,FGSM,0.5,PGD,0.3,1.9672131147540983,1.0,0,43
engr0,BLU,FGSM,0.5,PGD,0.4,2.0163934426229506,1.0,0,43
engr0,HTC,FGSM,0.5,PGD,0.4,2.0163934426229506,1.0,0,43
engr0,LG,FGSM,0.5,PGD,0.4,2.0163934426229506,1.0,0,43
engr0,MOTO,FGSM,0.5,PGD,0.4,2.0163934426229506,1.0,0,43
engr0,OP3,FGSM,0.5,PGD,0.4,2.0163934426229506,1.0,0,43
engr0,S7,FGSM,0.5,PGD,0.4,2.0163934426229506,1.0,0,43
engr0,BLU,FGSM,0.5,PGD,0.5,2.0163934426229506,1.0,0,43
engr0,HTC,FGSM,0.5,PGD,0.5,2.0163934426229506,1.0,0,43
engr0,LG,FGSM,0.5,PGD,0.5,2.0163934426229506,1.0,0,43
engr0,MOTO,FGSM,0.5,PGD,0.5,2.0163934426229506,1.0,0,43
engr0,OP3,FGSM,0.5,PGD,0.5,2.0163934426229506,1.0,0,43
engr0,S7,FGSM,0.5,PGD,0.5,2.0163934426229506,1.0,0,43
engr0,BLU,FGSM,0.5,PGD,0.6,2.0163934426229506,1.0,0,43
engr0,HTC,FGSM,0.5,PGD,0.6,2.0163934426229506,1.0,0,43
engr0,LG,FGSM,0.5,PGD,0.6,2.0163934426229506,1.0,0,43
engr0,MOTO,FGSM,0.5,PGD,0.6,2.0163934426229506,1.0,0,43
engr0,OP3,FGSM,0.5,PGD,0.6,2.0163934426229506,1.0,0,43
engr0,S7,FGSM,0.5,PGD,0.6,2.0163934426229506,1.0,0,43
engr0,BLU,FGSM,0.5,PGD,0.7,2.0163934426229506,1.0,0,43
engr0,HTC,FGSM,0.5,PGD,0.7,2.0163934426229506,1.0,0,43
engr0,LG,FGSM,0.5,PGD,0.7,2.0163934426229506,1.0,0,43
engr0,MOTO,FGSM,0.5,PGD,0.7,2.0163934426229506,1.0,0,43
engr0,OP3,FGSM,0.5,PGD,0.7,2.0163934426229506,1.0,0,43
engr0,S7,FGSM,0.5,PGD,0.7,2.0163934426229506,1.0,0,43
engr0,BLU,FGSM,0.5,PGD,0.8,2.0163934426229506,1.0,0,43
engr0,HTC,FGSM,0.5,PGD,0.8,2.0163934426229506,1.0,0,43
engr0,LG,FGSM,0.5,PGD,0.8,2.0163934426229506,1.0,0,43
engr0,MOTO,FGSM,0.5,PGD,0.8,2.0163934426229506,1.0,0,43
engr0,OP3,FGSM,0.5,PGD,0.8,2.0163934426229506,1.0,0,43
engr0,S7,FGSM,0.5,PGD,0.8,2.0163934426229506,1.0,0,43
engr0,BLU,FGSM,0.5,PGD,0.9,2.0163934426229506,1.0,0,43
engr0,HTC,FGSM,0.5,PGD,0.9,2.0163934426229506,1.0,0,43
engr0,LG,FGSM,0.5,PGD,0.9,2.0163934426229506,1.0,0,43
engr0,MOTO,FGSM,0.5,PGD,0.9,2.0163934426229506,1.0,0,43
engr0,OP3,FGSM,0.5,PGD,0.9,2.0163934426229506,1.0,0,43
engr0,S7,FGSM,0.5,PGD,0.9,2.0163934426229506,1.0,0,43
engr0,BLU,FGSM,0.5,PGD,1.0,2.0163934426229506,1.0,0,43
engr0,HTC,FGSM,0.5,PGD,1.0,2.0163934426229506,1.0,0,43
engr0,LG,FGSM,0.5,PGD,1.0,2.0163934426229506,1.0,0,43
engr0,MOTO,FGSM,0.5,PGD,1.0,2.0163934426229506,1.0,0,43
engr0,OP3,FGSM,0.5,PGD,1.0,2.0163934426229506,1.0,0,43
engr0,S7,FGSM,0.5,PGD,1.0,2.0163934426229506,1.0,0,43
engr0,BLU,FGSM,0.6,PGD,0.1,0.6885245901639344,0.0,0,6
engr0,HTC,FGSM,0.6,PGD,0.1,0.6885245901639344,0.0,0,6
engr0,LG,FGSM,0.6,PGD,0.1,0.6885245901639344,0.0,0,6
engr0,MOTO,FGSM,0.6,PGD,0.1,0.6885245901639344,0.0,0,6
engr0,OP3,FGSM,0.6,PGD,0.1,0.6885245901639344,0.0,0,6
engr0,S7,FGSM,0.6,PGD,0.1,0.6885245901639344,0.0,0,6
engr0,BLU,FGSM,0.6,PGD,0.2,0.9180327868852459,0.0,0,6
engr0,HTC,FGSM,0.6,PGD,0.2,0.9180327868852459,0.0,0,6
engr0,LG,FGSM,0.6,PGD,0.2,0.9180327868852459,0.0,0,6
engr0,MOTO,FGSM,0.6,PGD,0.2,0.9180327868852459,0.0,0,6
engr0,OP3,FGSM,0.6,PGD,0.2,0.9180327868852459,0.0,0,6
engr0,S7,FGSM,0.6,PGD,0.2,0.9180327868852459,0.0,0,6
engr0,BLU,FGSM,0.6,PGD,0.3,1.0491803278688525,1.0,0,6
engr0,HTC,FGSM,0.6,PGD,0.3,1.0491803278688525,1.0,0,6
engr0,LG,FGSM,0.6,PGD,0.3,1.0491803278688525,1.0,0,6
engr0,MOTO,FGSM,0.6,PGD,0.3,1.0491803278688525,1.0,0,6
engr0,OP3,FGSM,0.6,PGD,0.3,1.0491803278688525,1.0,0,6
engr0,S7,FGSM,0.6,PGD,0.3,1.0491803278688525,1.0,0,6
engr0,BLU,FGSM,0.6,PGD,0.4,1.098360655737705,1.0,0,6
engr0,HTC,FGSM,0.6,PGD,0.4,1.098360655737705,1.0,0,6
engr0,LG,FGSM,0.6,PGD,0.4,1.098360655737705,1.0,0,6
engr0,MOTO,FGSM,0.6,PGD,0.4,1.098360655737705,1.0,0,6
engr0,OP3,FGSM,0.6,PGD,0.4,1.098360655737705,1.0,0,6
engr0,S7,FGSM,0.6,PGD,0.4,1.098360655737705,1.0,0,6
engr0,BLU,FGSM,0.6,PGD,0.5,1.098360655737705,1.0,0,6
engr0,HTC,FGSM,0.6,PGD,0.5,1.098360655737705,1.0,0,6
engr0,LG,FGSM,0.6,PGD,0.5,1.098360655737705,1.0,0,6
engr0,MOTO,FGSM,0.6,PGD,0.5,1.098360655737705,1.0,0,6
engr0,OP3,FGSM,0.6,PGD,0.5,1.098360655737705,1.0,0,6
engr0,S7,FGSM,0.6,PGD,0.5,1.098360655737705,1.0,0,6
engr0,BLU,FGSM,0.6,PGD,0.6,1.098360655737705,1.0,0,6
engr0,HTC,FGSM,0.6,PGD,0.6,1.098360655737705,1.0,0,6
engr0,LG,FGSM,0.6,PGD,0.6,1.098360655737705,1.0,0,6
engr0,MOTO,FGSM,0.6,PGD,0.6,1.098360655737705,1.0,0,6
engr0,OP3,FGSM,0.6,PGD,0.6,1.098360655737705,1.0,0,6
engr0,S7,FGSM,0.6,PGD,0.6,1.098360655737705,1.0,0,6
engr0,BLU,FGSM,0.6,PGD,0.7,1.098360655737705,1.0,0,6
engr0,HTC,FGSM,0.6,PGD,0.7,1.098360655737705,1.0,0,6
engr0,LG,FGSM,0.6,PGD,0.7,1.098360655737705,1.0,0,6
engr0,MOTO,FGSM,0.6,PGD,0.7,1.098360655737705,1.0,0,6
engr0,OP3,FGSM,0.6,PGD,0.7,1.098360655737705,1.0,0,6
engr0,S7,FGSM,0.6,PGD,0.7,1.098360655737705,1.0,0,6
engr0,BLU,FGSM,0.6,PGD,0.8,1.098360655737705,1.0,0,6
engr0,HTC,FGSM,0.6,PGD,0.8,1.098360655737705,1.0,0,6
engr0,LG,FGSM,0.6,PGD,0.8,1.098360655737705,1.0,0,6
engr0,MOTO,FGSM,0.6,PGD,0.8,1.098360655737705,1.0,0,6
engr0,OP3,FGSM,0.6,PGD,0.8,1.098360655737705,1.0,0,6
engr0,S7,FGSM,0.6,PGD,0.8,1.098360655737705,1.0,0,6
engr0,BLU,FGSM,0.6,PGD,0.9,1.098360655737705,1.0,0,6
engr0,HTC,FGSM,0.6,PGD,0.9,1.098360655737705,1.0,0,6
engr0,LG,FGSM,0.6,PGD,0.9,1.098360655737705,1.0,0,6
engr0,MOTO,FGSM,0.6,PGD,0.9,1.098360655737705,1.0,0,6
engr0,OP3,FGSM,0.6,PGD,0.9,1.098360655737705,1.0,0,6
engr0,S7,FGSM,0.6,PGD,0.9,1.098360655737705,1.0,0,6
engr0,BLU,FGSM,0.6,PGD,1.0,1.098360655737705,1.0,0,6
engr0,HTC,FGSM,0.6,PGD,1.0,1.098360655737705,1.0,0,6
engr0,LG,FGSM,0.6,PGD,1.0,1.098360655737705,1.0,0,6
engr0,MOTO,FGSM,0.6,PGD,1.0,1.098360655737705,1.0,0,6
engr0,OP3,FGSM,0.6,PGD,1.0,1.098360655737705,1.0,0,6
engr0,S7,FGSM,0.6,PGD,1.0,1.098360655737705,1.0,0,6
engr0,BLU,FGSM,0.7,PGD,0.1,0.6229508196721312,0.0,0,4
engr0,HTC,FGSM,0.7,PGD,0.1,0.6229508196721312,0.0,0,4
engr0,LG,FGSM,0.7,PGD,0.1,0.6229508196721312,0.0,0,4
engr0,MOTO,FGSM,0.7,PGD,0.1,0.6229508196721312,0.0,0,4
engr0,OP3,FGSM,0.7,PGD,0.1,0.6229508196721312,0.0,0,4
engr0,S7,FGSM,0.7,PGD,0.1,0.6229508196721312,0.0,0,4
engr0,BLU,FGSM,0.7,PGD,0.2,0.8032786885245902,0.0,0,6
engr0,HTC,FGSM,0.7,PGD,0.2,0.8032786885245902,0.0,0,6
engr0,LG,FGSM,0.7,PGD,0.2,0.8032786885245902,0.0,0,6
engr0,MOTO,FGSM,0.7,PGD,0.2,0.8032786885245902,0.0,0,6
engr0,OP3,FGSM,0.7,PGD,0.2,0.8032786885245902,0.0,0,6
engr0,S7,FGSM,0.7,PGD,0.2,0.8032786885245902,0.0,0,6
engr0,BLU,FGSM,0.7,PGD,0.3,1.0327868852459017,0.0,0,6
engr0,HTC,FGSM,0.7,PGD,0.3,1.0327868852459017,0.0,0,6
engr0,LG,FGSM,0.7,PGD,0.3,1.0327868852459017,0.0,0,6
engr0,MOTO,FGSM,0.7,PGD,0.3,1.0327868852459017,0.0,0,6
engr0,OP3,FGSM,0.7,PGD,0.3,1.0327868852459017,0.0,0,6
engr0,S7,FGSM,0.7,PGD,0.3,1.0327868852459017,0.0,0,6
engr0,BLU,FGSM,0.7,PGD,0.4,1.0327868852459017,0.0,0,6
engr0,HTC,FGSM,0.7,PGD,0.4,1.0327868852459017,0.0,0,6
engr0,LG,FGSM,0.7,PGD,0.4,1.0327868852459017,0.0,0,6
engr0,MOTO,FGSM,0.7,PGD,0.4,1.0327868852459017,0.0,0,6
engr0,OP3,FGSM,0.7,PGD,0.4,1.0327868852459017,0.0,0,6
engr0,S7,FGSM,0.7,PGD,0.4,1.0327868852459017,0.0,0,6
engr0,BLU,FGSM,0.7,PGD,0.5,1.0327868852459017,0.0,0,6
engr0,HTC,FGSM,0.7,PGD,0.5,1.0327868852459017,0.0,0,6
engr0,LG,FGSM,0.7,PGD,0.5,1.0327868852459017,0.0,0,6
engr0,MOTO,FGSM,0.7,PGD,0.5,1.0327868852459017,0.0,0,6
engr0,OP3,FGSM,0.7,PGD,0.5,1.0327868852459017,0.0,0,6
engr0,S7,FGSM,0.7,PGD,0.5,1.0327868852459017,0.0,0,6
engr0,BLU,FGSM,0.7,PGD,0.6,1.0327868852459017,0.0,0,6
engr0,HTC,FGSM,0.7,PGD,0.6,1.0327868852459017,0.0,0,6
engr0,LG,FGSM,0.7,PGD,0.6,1.0327868852459017,0.0,0,6
engr0,MOTO,FGSM,0.7,PGD,0.6,1.0327868852459017,0.0,0,6
engr0,OP3,FGSM,0.7,PGD,0.6,1.0327868852459017,0.0,0,6
engr0,S7,FGSM,0.7,PGD,0.6,1.0327868852459017,0.0,0,6
engr0,BLU,FGSM,0.7,PGD,0.7,1.0327868852459017,0.0,0,6
engr0,HTC,FGSM,0.7,PGD,0.7,1.0327868852459017,0.0,0,6
engr0,LG,FGSM,0.7,PGD,0.7,1.0327868852459017,0.0,0,6
engr0,MOTO,FGSM,0.7,PGD,0.7,1.0327868852459017,0.0,0,6
engr0,OP3,FGSM,0.7,PGD,0.7,1.0327868852459017,0.0,0,6
engr0,S7,FGSM,0.7,PGD,0.7,1.0327868852459017,0.0,0,6
engr0,BLU,FGSM,0.7,PGD,0.8,1.0327868852459017,0.0,0,6
engr0,HTC,FGSM,0.7,PGD,0.8,1.0327868852459017,0.0,0,6
engr0,LG,FGSM,0.7,PGD,0.8,1.0327868852459017,0.0,0,6
engr0,MOTO,FGSM,0.7,PGD,0.8,1.0327868852459017,0.0,0,6
engr0,OP3,FGSM,0.7,PGD,0.8,1.0327868852459017,0.0,0,6
engr0,S7,FGSM,0.7,PGD,0.8,1.0327868852459017,0.0,0,6
engr0,BLU,FGSM,0.7,PGD,0.9,1.0327868852459017,0.0,0,6
engr0,HTC,FGSM,0.7,PGD,0.9,1.0327868852459017,0.0,0,6
engr0,LG,FGSM,0.7,PGD,0.9,1.0327868852459017,0.0,0,6
engr0,MOTO,FGSM,0.7,PGD,0.9,1.0327868852459017,0.0,0,6
engr0,OP3,FGSM,0.7,PGD,0.9,1.0327868852459017,0.0,0,6
engr0,S7,FGSM,0.7,PGD,0.9,1.0327868852459017,0.0,0,6
engr0,BLU,FGSM,0.7,PGD,1.0,1.0327868852459017,0.0,0,6
engr0,HTC,FGSM,0.7,PGD,1.0,1.0327868852459017,0.0,0,6
engr0,LG,FGSM,0.7,PGD,1.0,1.0327868852459017,0.0,0,6
engr0,MOTO,FGSM,0.7,PGD,1.0,1.0327868852459017,0.0,0,6
engr0,OP3,FGSM,0.7,PGD,1.0,1.0327868852459017,0.0,0,6
engr0,S7,FGSM,0.7,PGD,1.0,1.0327868852459017,0.0,0,6
engr0,BLU,FGSM,0.8,PGD,0.1,0.8688524590163934,0.0,0,4
engr0,HTC,FGSM,0.8,PGD,0.1,0.8688524590163934,0.0,0,4
engr0,LG,FGSM,0.8,PGD,0.1,0.8688524590163934,0.0,0,4
engr0,MOTO,FGSM,0.8,PGD,0.1,0.8688524590163934,0.0,0,4
engr0,OP3,FGSM,0.8,PGD,0.1,0.8688524590163934,0.0,0,4
engr0,S7,FGSM,0.8,PGD,0.1,0.8688524590163934,0.0,0,4
engr0,BLU,FGSM,0.8,PGD,0.2,1.0327868852459017,1.0,0,8
engr0,HTC,FGSM,0.8,PGD,0.2,1.0327868852459017,1.0,0,8
engr0,LG,FGSM,0.8,PGD,0.2,1.0327868852459017,1.0,0,8
engr0,MOTO,FGSM,0.8,PGD,0.2,1.0327868852459017,1.0,0,8
engr0,OP3,FGSM,0.8,PGD,0.2,1.0327868852459017,1.0,0,8
engr0,S7,FGSM,0.8,PGD,0.2,1.0327868852459017,1.0,0,8
engr0,BLU,FGSM,0.8,PGD,0.3,1.9180327868852458,1.0,0,50
engr0,HTC,FGSM,0.8,PGD,0.3,1.9180327868852458,1.0,0,50
engr0,LG,FGSM,0.8,PGD,0.3,1.9180327868852458,1.0,0,50
engr0,MOTO,FGSM,0.8,PGD,0.3,1.9180327868852458,1.0,0,50
engr0,OP3,FGSM,0.8,PGD,0.3,1.9180327868852458,1.0,0,50
engr0,S7,FGSM,0.8,PGD,0.3,1.9180327868852458,1.0,0,50
engr0,BLU,FGSM,0.8,PGD,0.4,1.9836065573770492,1.0,0,50
engr0,HTC,FGSM,0.8,PGD,0.4,1.9836065573770492,1.0,0,50
engr0,LG,FGSM,0.8,PGD,0.4,1.9836065573770492,1.0,0,50
engr0,MOTO,FGSM,0.8,PGD,0.4,1.9836065573770492,1.0,0,50
engr0,OP3,FGSM,0.8,PGD,0.4,1.9836065573770492,1.0,0,50
engr0,S7,FGSM,0.8,PGD,0.4,1.9836065573770492,1.0,0,50
engr0,BLU,FGSM,0.8,PGD,0.5,1.9836065573770492,1.0,0,50
engr0,HTC,FGSM,0.8,PGD,0.5,1.9836065573770492,1.0,0,50
engr0,LG,FGSM,0.8,PGD,0.5,1.9836065573770492,1.0,0,50
engr0,MOTO,FGSM,0.8,PGD,0.5,1.9836065573770492,1.0,0,50
engr0,OP3,FGSM,0.8,PGD,0.5,1.9836065573770492,1.0,0,50
engr0,S7,FGSM,0.8,PGD,0.5,1.9836065573770492,1.0,0,50
engr0,BLU,FGSM,0.8,PGD,0.6,1.9836065573770492,1.0,0,50
engr0,HTC,FGSM,0.8,PGD,0.6,1.9836065573770492,1.0,0,50
engr0,LG,FGSM,0.8,PGD,0.6,1.9836065573770492,1.0,0,50
engr0,MOTO,FGSM,0.8,PGD,0.6,1.9836065573770492,1.0,0,50
engr0,OP3,FGSM,0.8,PGD,0.6,1.9836065573770492,1.0,0,50
engr0,S7,FGSM,0.8,PGD,0.6,1.9836065573770492,1.0,0,50
engr0,BLU,FGSM,0.8,PGD,0.7,1.9836065573770492,1.0,0,50
engr0,HTC,FGSM,0.8,PGD,0.7,1.9836065573770492,1.0,0,50
engr0,LG,FGSM,0.8,PGD,0.7,1.9836065573770492,1.0,0,50
engr0,MOTO,FGSM,0.8,PGD,0.7,1.9836065573770492,1.0,0,50
engr0,OP3,FGSM,0.8,PGD,0.7,1.9836065573770492,1.0,0,50
engr0,S7,FGSM,0.8,PGD,0.7,1.9836065573770492,1.0,0,50
engr0,BLU,FGSM,0.8,PGD,0.8,1.9836065573770492,1.0,0,50
engr0,HTC,FGSM,0.8,PGD,0.8,1.9836065573770492,1.0,0,50
engr0,LG,FGSM,0.8,PGD,0.8,1.9836065573770492,1.0,0,50
engr0,MOTO,FGSM,0.8,PGD,0.8,1.9836065573770492,1.0,0,50
engr0,OP3,FGSM,0.8,PGD,0.8,1.9836065573770492,1.0,0,50
engr0,S7,FGSM,0.8,PGD,0.8,1.9836065573770492,1.0,0,50
engr0,BLU,FGSM,0.8,PGD,0.9,1.9836065573770492,1.0,0,50
engr0,HTC,FGSM,0.8,PGD,0.9,1.9836065573770492,1.0,0,50
engr0,LG,FGSM,0.8,PGD,0.9,1.9836065573770492,1.0,0,50
engr0,MOTO,FGSM,0.8,PGD,0.9,1.9836065573770492,1.0,0,50
engr0,OP3,FGSM,0.8,PGD,0.9,1.9836065573770492,1.0,0,50
engr0,S7,FGSM,0.8,PGD,0.9,1.9836065573770492,1.0,0,50
engr0,BLU,FGSM,0.8,PGD,1.0,1.9836065573770492,1.0,0,50
engr0,HTC,FGSM,0.8,PGD,1.0,1.9836065573770492,1.0,0,50
engr0,LG,FGSM,0.8,PGD,1.0,1.9836065573770492,1.0,0,50
engr0,MOTO,FGSM,0.8,PGD,1.0,1.9836065573770492,1.0,0,50
engr0,OP3,FGSM,0.8,PGD,1.0,1.9836065573770492,1.0,0,50
engr0,S7,FGSM,0.8,PGD,1.0,1.9836065573770492,1.0,0,50
engr0,BLU,FGSM,0.9,PGD,0.1,0.7540983606557377,0.0,0,8
engr0,HTC,FGSM,0.9,PGD,0.1,0.7540983606557377,0.0,0,8
engr0,LG,FGSM,0.9,PGD,0.1,0.7540983606557377,0.0,0,8
engr0,MOTO,FGSM,0.9,PGD,0.1,0.7540983606557377,0.0,0,8
engr0,OP3,FGSM,0.9,PGD,0.1,0.7540983606557377,0.0,0,8
engr0,S7,FGSM,0.9,PGD,0.1,0.7540983606557377,0.0,0,8
engr0,BLU,FGSM,0.9,PGD,0.2,1.1967213114754098,0.0,0,12
engr0,HTC,FGSM,0.9,PGD,0.2,1.1967213114754098,0.0,0,12
engr0,LG,FGSM,0.9,PGD,0.2,1.1967213114754098,0.0,0,12
engr0,MOTO,FGSM,0.9,PGD,0.2,1.1967213114754098,0.0,0,12
engr0,OP3,FGSM,0.9,PGD,0.2,1.1967213114754098,0.0,0,12
engr0,S7,FGSM,0.9,PGD,0.2,1.1967213114754098,0.0,0,12
engr0,BLU,FGSM,0.9,PGD,0.3,1.2295081967213115,0.0,0,12
engr0,HTC,FGSM,0.9,PGD,0.3,1.2295081967213115,0.0,0,12
engr0,LG,FGSM,0.9,PGD,0.3,1.2295081967213115,0.0,0,12
engr0,MOTO,FGSM,0.9,PGD,0.3,1.2295081967213115,0.0,0,12
engr0,OP3,FGSM,0.9,PGD,0.3,1.2295081967213115,0.0,0,12
engr0,S7,FGSM,0.9,PGD,0.3,1.2295081967213115,0.0,0,12
engr0,BLU,FGSM,0.9,PGD,0.4,1.2459016393442623,0.0,0,12
engr0,HTC,FGSM,0.9,PGD,0.4,1.2459016393442623,0.0,0,12
engr0,LG,FGSM,0.9,PGD,0.4,1.2459016393442623,0.0,0,12
engr0,MOTO,FGSM,0.9,PGD,0.4,1.2459016393442623,0.0,0,12
engr0,OP3,FGSM,0.9,PGD,0.4,1.2459016393442623,0.0,0,12
engr0,S7,FGSM,0.9,PGD,0.4,1.2459016393442623,0.0,0,12
engr0,BLU,FGSM,0.9,PGD,0.5,1.2459016393442623,0.0,0,12
engr0,HTC,FGSM,0.9,PGD,0.5,1.2459016393442623,0.0,0,12
engr0,LG,FGSM,0.9,PGD,0.5,1.2459016393442623,0.0,0,12
engr0,MOTO,FGSM,0.9,PGD,0.5,1.2459016393442623,0.0,0,12
engr0,OP3,FGSM,0.9,PGD,0.5,1.2459016393442623,0.0,0,12
engr0,S7,FGSM,0.9,PGD,0.5,1.2459016393442623,0.0,0,12
engr0,BLU,FGSM,0.9,PGD,0.6,1.2459016393442623,0.0,0,12
engr0,HTC,FGSM,0.9,PGD,0.6,1.2459016393442623,0.0,0,12
engr0,LG,FGSM,0.9,PGD,0.6,1.2459016393442623,0.0,0,12
engr0,MOTO,FGSM,0.9,PGD,0.6,1.2459016393442623,0.0,0,12
engr0,OP3,FGSM,0.9,PGD,0.6,1.2459016393442623,0.0,0,12
engr0,S7,FGSM,0.9,PGD,0.6,1.2459016393442623,0.0,0,12
engr0,BLU,FGSM,0.9,PGD,0.7,1.2459016393442623,0.0,0,12
engr0,HTC,FGSM,0.9,PGD,0.7,1.2459016393442623,0.0,0,12
engr0,LG,FGSM,0.9,PGD,0.7,1.2459016393442623,0.0,0,12
engr0,MOTO,FGSM,0.9,PGD,0.7,1.2459016393442623,0.0,0,12
engr0,OP3,FGSM,0.9,PGD,0.7,1.2459016393442623,0.0,0,12
engr0,S7,FGSM,0.9,PGD,0.7,1.2459016393442623,0.0,0,12
engr0,BLU,FGSM,0.9,PGD,0.8,1.2459016393442623,0.0,0,12
engr0,HTC,FGSM,0.9,PGD,0.8,1.2459016393442623,0.0,0,12
engr0,LG,FGSM,0.9,PGD,0.8,1.2459016393442623,0.0,0,12
engr0,MOTO,FGSM,0.9,PGD,0.8,1.2459016393442623,0.0,0,12
engr0,OP3,FGSM,0.9,PGD,0.8,1.2459016393442623,0.0,0,12
engr0,S7,FGSM,0.9,PGD,0.8,1.2459016393442623,0.0,0,12
engr0,BLU,FGSM,0.9,PGD,0.9,1.2459016393442623,0.0,0,12
engr0,HTC,FGSM,0.9,PGD,0.9,1.2459016393442623,0.0,0,12
engr0,LG,FGSM,0.9,PGD,0.9,1.2459016393442623,0.0,0,12
engr0,MOTO,FGSM,0.9,PGD,0.9,1.2459016393442623,0.0,0,12
engr0,OP3,FGSM,0.9,PGD,0.9,1.2459016393442623,0.0,0,12
engr0,S7,FGSM,0.9,PGD,0.9,1.2459016393442623,0.0,0,12
engr0,BLU,FGSM,0.9,PGD,1.0,1.2459016393442623,0.0,0,12
engr0,HTC,FGSM,0.9,PGD,1.0,1.2459016393442623,0.0,0,12
engr0,LG,FGSM,0.9,PGD,1.0,1.2459016393442623,0.0,0,12
engr0,MOTO,FGSM,0.9,PGD,1.0,1.2459016393442623,0.0,0,12
engr0,OP3,FGSM,0.9,PGD,1.0,1.2459016393442623,0.0,0,12
engr0,S7,FGSM,0.9,PGD,1.0,1.2459016393442623,0.0,0,12
engr0,BLU,FGSM,1.0,PGD,0.1,0.7049180327868853,0.0,0,10
engr0,HTC,FGSM,1.0,PGD,0.1,0.7049180327868853,0.0,0,10
engr0,LG,FGSM,1.0,PGD,0.1,0.7049180327868853,0.0,0,10
engr0,MOTO,FGSM,1.0,PGD,0.1,0.7049180327868853,0.0,0,10
engr0,OP3,FGSM,1.0,PGD,0.1,0.7049180327868853,0.0,0,10
engr0,S7,FGSM,1.0,PGD,0.1,0.7049180327868853,0.0,0,10
engr0,BLU,FGSM,1.0,PGD,0.2,2.0327868852459017,0.0,0,55
engr0,HTC,FGSM,1.0,PGD,0.2,2.0327868852459017,0.0,0,55
engr0,LG,FGSM,1.0,PGD,0.2,2.0327868852459017,0.0,0,55
engr0,MOTO,FGSM,1.0,PGD,0.2,2.0327868852459017,0.0,0,55
engr0,OP3,FGSM,1.0,PGD,0.2,2.0327868852459017,0.0,0,55
engr0,S7,FGSM,1.0,PGD,0.2,2.0327868852459017,0.0,0,55
engr0,BLU,FGSM,1.0,PGD,0.3,2.0327868852459017,0.0,0,55
engr0,HTC,FGSM,1.0,PGD,0.3,2.0327868852459017,0.0,0,55
engr0,LG,FGSM,1.0,PGD,0.3,2.0327868852459017,0.0,0,55
engr0,MOTO,FGSM,1.0,PGD,0.3,2.0327868852459017,0.0,0,55
engr0,OP3,FGSM,1.0,PGD,0.3,2.0327868852459017,0.0,0,55
engr0,S7,FGSM,1.0,PGD,0.3,2.0327868852459017,0.0,0,55
engr0,BLU,FGSM,1.0,PGD,0.4,3.2459016393442623,1.0,0,55
engr0,HTC,FGSM,1.0,PGD,0.4,3.2459016393442623,1.0,0,55
engr0,LG,FGSM,1.0,PGD,0.4,3.2459016393442623,1.0,0,55
engr0,MOTO,FGSM,1.0,PGD,0.4,3.2459016393442623,1.0,0,55
engr0,OP3,FGSM,1.0,PGD,0.4,3.2459016393442623,1.0,0,55
engr0,S7,FGSM,1.0,PGD,0.4,3.2459016393442623,1.0,0,55
engr0,BLU,FGSM,1.0,PGD,0.5,3.2459016393442623,1.0,0,55
engr0,HTC,FGSM,1.0,PGD,0.5,3.2459016393442623,1.0,0,55
engr0,LG,FGSM,1.0,PGD,0.5,3.2459016393442623,1.0,0,55
engr0,MOTO,FGSM,1.0,PGD,0.5,3.2459016393442623,1.0,0,55
engr0,OP3,FGSM,1.0,PGD,0.5,3.2459016393442623,1.0,0,55
engr0,S7,FGSM,1.0,PGD,0.5,3.2459016393442623,1.0,0,55
engr0,BLU,FGSM,1.0,PGD,0.6,3.2459016393442623,1.0,0,55
engr0,HTC,FGSM,1.0,PGD,0.6,3.2459016393442623,1.0,0,55
engr0,LG,FGSM,1.0,PGD,0.6,3.2459016393442623,1.0,0,55
engr0,MOTO,FGSM,1.0,PGD,0.6,3.2459016393442623,1.0,0,55
engr0,OP3,FGSM,1.0,PGD,0.6,3.2459016393442623,1.0,0,55
engr0,S7,FGSM,1.0,PGD,0.6,3.2459016393442623,1.0,0,55
engr0,BLU,FGSM,1.0,PGD,0.7,3.2459016393442623,1.0,0,55
engr0,HTC,FGSM,1.0,PGD,0.7,3.2459016393442623,1.0,0,55
engr0,LG,FGSM,1.0,PGD,0.7,3.2459016393442623,1.0,0,55
engr0,MOTO,FGSM,1.0,PGD,0.7,3.2459016393442623,1.0,0,55
engr0,OP3,FGSM,1.0,PGD,0.7,3.2459016393442623,1.0,0,55
engr0,S7,FGSM,1.0,PGD,0.7,3.2459016393442623,1.0,0,55
engr0,BLU,FGSM,1.0,PGD,0.8,3.2459016393442623,1.0,0,55
engr0,HTC,FGSM,1.0,PGD,0.8,3.2459016393442623,1.0,0,55
engr0,LG,FGSM,1.0,PGD,0.8,3.2459016393442623,1.0,0,55
engr0,MOTO,FGSM,1.0,PGD,0.8,3.2459016393442623,1.0,0,55
engr0,OP3,FGSM,1.0,PGD,0.8,3.2459016393442623,1.0,0,55
engr0,S7,FGSM,1.0,PGD,0.8,3.2459016393442623,1.0,0,55
engr0,BLU,FGSM,1.0,PGD,0.9,3.2459016393442623,1.0,0,55
engr0,HTC,FGSM,1.0,PGD,0.9,3.2459016393442623,1.0,0,55
engr0,LG,FGSM,1.0,PGD,0.9,3.2459016393442623,1.0,0,55
engr0,MOTO,FGSM,1.0,PGD,0.9,3.2459016393442623,1.0,0,55
engr0,OP3,FGSM,1.0,PGD,0.9,3.2459016393442623,1.0,0,55
engr0,S7,FGSM,1.0,PGD,0.9,3.2459016393442623,1.0,0,55
engr0,BLU,FGSM,1.0,PGD,1.0,3.2459016393442623,1.0,0,55
engr0,HTC,FGSM,1.0,PGD,1.0,3.2459016393442623,1.0,0,55
engr0,LG,FGSM,1.0,PGD,1.0,3.2459016393442623,1.0,0,55
engr0,MOTO,FGSM,1.0,PGD,1.0,3.2459016393442623,1.0,0,55
engr0,OP3,FGSM,1.0,PGD,1.0,3.2459016393442623,1.0,0,55
engr0,S7,FGSM,1.0,PGD,1.0,3.2459016393442623,1.0,0,55
engr0,BLU,PGD,0.1,PGD,0.1,1.5573770491803278,1.0,0,38
engr0,HTC,PGD,0.1,PGD,0.1,1.5573770491803278,1.0,0,38
engr0,LG,PGD,0.1,PGD,0.1,1.5573770491803278,1.0,0,38
engr0,MOTO,PGD,0.1,PGD,0.1,1.5573770491803278,1.0,0,38
engr0,OP3,PGD,0.1,PGD,0.1,1.5573770491803278,1.0,0,38
engr0,S7,PGD,0.1,PGD,0.1,1.5573770491803278,1.0,0,38
engr0,BLU,PGD,0.1,PGD,0.2,1.9508196721311475,1.0,0,38
engr0,HTC,PGD,0.1,PGD,0.2,1.9508196721311475,1.0,0,38
engr0,LG,PGD,0.1,PGD,0.2,1.9508196721311475,1.0,0,38
engr0,MOTO,PGD,0.1,PGD,0.2,1.9508196721311475,1.0,0,38
engr0,OP3,PGD,0.1,PGD,0.2,1.9508196721311475,1.0,0,38
engr0,S7,PGD,0.1,PGD,0.2,1.9508196721311475,1.0,0,38
engr0,BLU,PGD,0.1,PGD,0.3,2.19672131147541,1.0,0,39
engr0,HTC,PGD,0.1,PGD,0.3,2.19672131147541,1.0,0,39
engr0,LG,PGD,0.1,PGD,0.3,2.19672131147541,1.0,0,39
engr0,MOTO,PGD,0.1,PGD,0.3,2.19672131147541,1.0,0,39
engr0,OP3,PGD,0.1,PGD,0.3,2.19672131147541,1.0,0,39
engr0,S7,PGD,0.1,PGD,0.3,2.19672131147541,1.0,0,39
engr0,BLU,PGD,0.1,PGD,0.4,2.442622950819672,1.0,0,39
engr0,HTC,PGD,0.1,PGD,0.4,2.442622950819672,1.0,0,39
engr0,LG,PGD,0.1,PGD,0.4,2.442622950819672,1.0,0,39
engr0,MOTO,PGD,0.1,PGD,0.4,2.442622950819672,1.0,0,39
engr0,OP3,PGD,0.1,PGD,0.4,2.442622950819672,1.0,0,39
engr0,S7,PGD,0.1,PGD,0.4,2.442622950819672,1.0,0,39
engr0,BLU,PGD,0.1,PGD,0.5,2.442622950819672,1.0,0,39
engr0,HTC,PGD,0.1,PGD,0.5,2.442622950819672,1.0,0,39
engr0,LG,PGD,0.1,PGD,0.5,2.442622950819672,1.0,0,39
engr0,MOTO,PGD,0.1,PGD,0.5,2.442622950819672,1.0,0,39
engr0,OP3,PGD,0.1,PGD,0.5,2.442622950819672,1.0,0,39
engr0,S7,PGD,0.1,PGD,0.5,2.442622950819672,1.0,0,39
engr0,BLU,PGD,0.1,PGD,0.6,2.442622950819672,1.0,0,39
engr0,HTC,PGD,0.1,PGD,0.6,2.442622950819672,1.0,0,39
engr0,LG,PGD,0.1,PGD,0.6,2.442622950819672,1.0,0,39
engr0,MOTO,PGD,0.1,PGD,0.6,2.442622950819672,1.0,0,39
engr0,OP3,PGD,0.1,PGD,0.6,2.442622950819672,1.0,0,39
engr0,S7,PGD,0.1,PGD,0.6,2.442622950819672,1.0,0,39
engr0,BLU,PGD,0.1,PGD,0.7,2.442622950819672,1.0,0,39
engr0,HTC,PGD,0.1,PGD,0.7,2.442622950819672,1.0,0,39
engr0,LG,PGD,0.1,PGD,0.7,2.442622950819672,1.0,0,39
engr0,MOTO,PGD,0.1,PGD,0.7,2.442622950819672,1.0,0,39
engr0,OP3,PGD,0.1,PGD,0.7,2.442622950819672,1.0,0,39
engr0,S7,PGD,0.1,PGD,0.7,2.442622950819672,1.0,0,39
engr0,BLU,PGD,0.1,PGD,0.8,2.442622950819672,1.0,0,39
engr0,HTC,PGD,0.1,PGD,0.8,2.442622950819672,1.0,0,39
engr0,LG,PGD,0.1,PGD,0.8,2.442622950819672,1.0,0,39
engr0,MOTO,PGD,0.1,PGD,0.8,2.442622950819672,1.0,0,39
engr0,OP3,PGD,0.1,PGD,0.8,2.442622950819672,1.0,0,39
engr0,S7,PGD,0.1,PGD,0.8,2.442622950819672,1.0,0,39
engr0,BLU,PGD,0.1,PGD,0.9,2.442622950819672,1.0,0,39
engr0,HTC,PGD,0.1,PGD,0.9,2.442622950819672,1.0,0,39
engr0,LG,PGD,0.1,PGD,0.9,2.442622950819672,1.0,0,39
engr0,MOTO,PGD,0.1,PGD,0.9,2.442622950819672,1.0,0,39
engr0,OP3,PGD,0.1,PGD,0.9,2.442622950819672,1.0,0,39
engr0,S7,PGD,0.1,PGD,0.9,2.442622950819672,1.0,0,39
engr0,BLU,PGD,0.1,PGD,1.0,2.442622950819672,1.0,0,39
engr0,HTC,PGD,0.1,PGD,1.0,2.442622950819672,1.0,0,39
engr0,LG,PGD,0.1,PGD,1.0,2.442622950819672,1.0,0,39
engr0,MOTO,PGD,0.1,PGD,1.0,2.442622950819672,1.0,0,39
engr0,OP3,PGD,0.1,PGD,1.0,2.442622950819672,1.0,0,39
engr0,S7,PGD,0.1,PGD,1.0,2.442622950819672,1.0,0,39
engr0,BLU,PGD,0.2,PGD,0.1,0.7868852459016393,0.0,0,5
engr0,HTC,PGD,0.2,PGD,0.1,0.7868852459016393,0.0,0,5
engr0,LG,PGD,0.2,PGD,0.1,0.7868852459016393,0.0,0,5
engr0,MOTO,PGD,0.2,PGD,0.1,0.7868852459016393,0.0,0,5
engr0,OP3,PGD,0.2,PGD,0.1,0.7868852459016393,0.0,0,5
engr0,S7,PGD,0.2,PGD,0.1,0.7868852459016393,0.0,0,5
engr0,BLU,PGD,0.2,PGD,0.2,1.4918032786885247,0.0,0,37
engr0,HTC,PGD,0.2,PGD,0.2,1.4918032786885247,0.0,0,37
engr0,LG,PGD,0.2,PGD,0.2,1.4918032786885247,0.0,0,37
engr0,MOTO,PGD,0.2,PGD,0.2,1.4918032786885247,0.0,0,37
engr0,OP3,PGD,0.2,PGD,0.2,1.4918032786885247,0.0,0,37
engr0,S7,PGD,0.2,PGD,0.2,1.4918032786885247,0.0,0,37
engr0,BLU,PGD,0.2,PGD,0.3,1.6229508196721312,1.0,0,37
engr0,HTC,PGD,0.2,PGD,0.3,1.6229508196721312,1.0,0,37
engr0,LG,PGD,0.2,PGD,0.3,1.6229508196721312,1.0,0,37
engr0,MOTO,PGD,0.2,PGD,0.3,1.6229508196721312,1.0,0,37
engr0,OP3,PGD,0.2,PGD,0.3,1.6229508196721312,1.0,0,37
engr0,S7,PGD,0.2,PGD,0.3,1.6229508196721312,1.0,0,37
engr0,BLU,PGD,0.2,PGD,0.4,1.5573770491803278,0.0,0,37
engr0,HTC,PGD,0.2,PGD,0.4,1.5573770491803278,0.0,0,37
engr0,LG,PGD,0.2,PGD,0.4,1.5573770491803278,0.0,0,37
engr0,MOTO,PGD,0.2,PGD,0.4,1.5573770491803278,0.0,0,37
engr0,OP3,PGD,0.2,PGD,0.4,1.5573770491803278,0.0,0,37
engr0,S7,PGD,0.2,PGD,0.4,1.5573770491803278,0.0,0,37
engr0,BLU,PGD,0.2,PGD,0.5,1.5573770491803278,0.0,0,37
engr0,HTC,PGD,0.2,PGD,0.5,1.5573770491803278,0.0,0,37
engr0,LG,PGD,0.2,PGD,0.5,1.5573770491803278,0.0,0,37
engr0,MOTO,PGD,0.2,PGD,0.5,1.5573770491803278,0.0,0,37
engr0,OP3,PGD,0.2,PGD,0.5,1.5573770491803278,0.0,0,37
engr0,S7,PGD,0.2,PGD,0.5,1.5573770491803278,0.0,0,37
engr0,BLU,PGD,0.2,PGD,0.6,1.5573770491803278,0.0,0,37
engr0,HTC,PGD,0.2,PGD,0.6,1.5573770491803278,0.0,0,37
engr0,LG,PGD,0.2,PGD,0.6,1.5573770491803278,0.0,0,37
engr0,MOTO,PGD,0.2,PGD,0.6,1.5573770491803278,0.0,0,37
engr0,OP3,PGD,0.2,PGD,0.6,1.5573770491803278,0.0,0,37
engr0,S7,PGD,0.2,PGD,0.6,1.5573770491803278,0.0,0,37
engr0,BLU,PGD,0.2,PGD,0.7,1.5573770491803278,0.0,0,37
engr0,HTC,PGD,0.2,PGD,0.7,1.5573770491803278,0.0,0,37
engr0,LG,PGD,0.2,PGD,0.7,1.5573770491803278,0.0,0,37
engr0,MOTO,PGD,0.2,PGD,0.7,1.5573770491803278,0.0,0,37
engr0,OP3,PGD,0.2,PGD,0.7,1.5573770491803278,0.0,0,37
engr0,S7,PGD,0.2,PGD,0.7,1.5573770491803278,0.0,0,37
engr0,BLU,PGD,0.2,PGD,0.8,1.5573770491803278,0.0,0,37
engr0,HTC,PGD,0.2,PGD,0.8,1.5573770491803278,0.0,0,37
engr0,LG,PGD,0.2,PGD,0.8,1.5573770491803278,0.0,0,37
engr0,MOTO,PGD,0.2,PGD,0.8,1.5573770491803278,0.0,0,37
engr0,OP3,PGD,0.2,PGD,0.8,1.5573770491803278,0.0,0,37
engr0,S7,PGD,0.2,PGD,0.8,1.5573770491803278,0.0,0,37
engr0,BLU,PGD,0.2,PGD,0.9,1.5573770491803278,0.0,0,37
engr0,HTC,PGD,0.2,PGD,0.9,1.5573770491803278,0.0,0,37
engr0,LG,PGD,0.2,PGD,0.9,1.5573770491803278,0.0,0,37
engr0,MOTO,PGD,0.2,PGD,0.9,1.5573770491803278,0.0,0,37
engr0,OP3,PGD,0.2,PGD,0.9,1.5573770491803278,0.0,0,37
engr0,S7,PGD,0.2,PGD,0.9,1.5573770491803278,0.0,0,37
engr0,BLU,PGD,0.2,PGD,1.0,1.5573770491803278,0.0,0,37
engr0,HTC,PGD,0.2,PGD,1.0,1.5573770491803278,0.0,0,37
engr0,LG,PGD,0.2,PGD,1.0,1.5573770491803278,0.0,0,37
engr0,MOTO,PGD,0.2,PGD,1.0,1.5573770491803278,0.0,0,37
engr0,OP3,PGD,0.2,PGD,1.0,1.5573770491803278,0.0,0,37
engr0,S7,PGD,0.2,PGD,1.0,1.5573770491803278,0.0,0,37
engr0,BLU,PGD,0.3,PGD,0.1,0.7213114754098361,0.0,0,7
engr0,HTC,PGD,0.3,PGD,0.1,0.7213114754098361,0.0,0,7
engr0,LG,PGD,0.3,PGD,0.1,0.7213114754098361,0.0,0,7
engr0,MOTO,PGD,0.3,PGD,0.1,0.7213114754098361,0.0,0,7
engr0,OP3,PGD,0.3,PGD,0.1,0.7213114754098361,0.0,0,7
engr0,S7,PGD,0.3,PGD,0.1,0.7213114754098361,0.0,0,7
engr0,BLU,PGD,0.3,PGD,0.2,0.7540983606557377,0.0,0,6
engr0,HTC,PGD,0.3,PGD,0.2,0.7540983606557377,0.0,0,6
engr0,LG,PGD,0.3,PGD,0.2,0.7540983606557377,0.0,0,6
engr0,MOTO,PGD,0.3,PGD,0.2,0.7540983606557377,0.0,0,6
engr0,OP3,PGD,0.3,PGD,0.2,0.7540983606557377,0.0,0,6
engr0,S7,PGD,0.3,PGD,0.2,0.7540983606557377,0.0,0,6
engr0,BLU,PGD,0.3,PGD,0.3,0.8688524590163934,0.0,0,6
engr0,HTC,PGD,0.3,PGD,0.3,0.8688524590163934,0.0,0,6
engr0,LG,PGD,0.3,PGD,0.3,0.8688524590163934,0.0,0,6
engr0,MOTO,PGD,0.3,PGD,0.3,0.8688524590163934,0.0,0,6
engr0,OP3,PGD,0.3,PGD,0.3,0.8688524590163934,0.0,0,6
engr0,S7,PGD,0.3,PGD,0.3,0.8688524590163934,0.0,0,6
engr0,BLU,PGD,0.3,PGD,0.4,0.8032786885245902,0.0,0,6
engr0,HTC,PGD,0.3,PGD,0.4,0.8032786885245902,0.0,0,6
engr0,LG,PGD,0.3,PGD,0.4,0.8032786885245902,0.0,0,6
engr0,MOTO,PGD,0.3,PGD,0.4,0.8032786885245902,0.0,0,6
engr0,OP3,PGD,0.3,PGD,0.4,0.8032786885245902,0.0,0,6
engr0,S7,PGD,0.3,PGD,0.4,0.8032786885245902,0.0,0,6
engr0,BLU,PGD,0.3,PGD,0.5,0.8032786885245902,0.0,0,6
engr0,HTC,PGD,0.3,PGD,0.5,0.8032786885245902,0.0,0,6
engr0,LG,PGD,0.3,PGD,0.5,0.8032786885245902,0.0,0,6
engr0,MOTO,PGD,0.3,PGD,0.5,0.8032786885245902,0.0,0,6
engr0,OP3,PGD,0.3,PGD,0.5,0.8032786885245902,0.0,0,6
engr0,S7,PGD,0.3,PGD,0.5,0.8032786885245902,0.0,0,6
engr0,BLU,PGD,0.3,PGD,0.6,0.8032786885245902,0.0,0,6
engr0,HTC,PGD,0.3,PGD,0.6,0.8032786885245902,0.0,0,6
engr0,LG,PGD,0.3,PGD,0.6,0.8032786885245902,0.0,0,6
engr0,MOTO,PGD,0.3,PGD,0.6,0.8032786885245902,0.0,0,6
engr0,OP3,PGD,0.3,PGD,0.6,0.8032786885245902,0.0,0,6
engr0,S7,PGD,0.3,PGD,0.6,0.8032786885245902,0.0,0,6
engr0,BLU,PGD,0.3,PGD,0.7,0.8032786885245902,0.0,0,6
engr0,HTC,PGD,0.3,PGD,0.7,0.8032786885245902,0.0,0,6
engr0,LG,PGD,0.3,PGD,0.7,0.8032786885245902,0.0,0,6
engr0,MOTO,PGD,0.3,PGD,0.7,0.8032786885245902,0.0,0,6
engr0,OP3,PGD,0.3,PGD,0.7,0.8032786885245902,0.0,0,6
engr0,S7,PGD,0.3,PGD,0.7,0.8032786885245902,0.0,0,6
engr0,BLU,PGD,0.3,PGD,0.8,0.8032786885245902,0.0,0,6
engr0,HTC,PGD,0.3,PGD,0.8,0.8032786885245902,0.0,0,6
engr0,LG,PGD,0.3,PGD,0.8,0.8032786885245902,0.0,0,6
engr0,MOTO,PGD,0.3,PGD,0.8,0.8032786885245902,0.0,0,6
engr0,OP3,PGD,0.3,PGD,0.8,0.8032786885245902,0.0,0,6
engr0,S7,PGD,0.3,PGD,0.8,0.8032786885245902,0.0,0,6
engr0,BLU,PGD,0.3,PGD,0.9,0.8032786885245902,0.0,0,6
engr0,HTC,PGD,0.3,PGD,0.9,0.8032786885245902,0.0,0,6
engr0,LG,PGD,0.3,PGD,0.9,0.8032786885245902,0.0,0,6
engr0,MOTO,PGD,0.3,PGD,0.9,0.8032786885245902,0.0,0,6
engr0,OP3,PGD,0.3,PGD,0.9,0.8032786885245902,0.0,0,6
engr0,S7,PGD,0.3,PGD,0.9,0.8032786885245902,0.0,0,6
engr0,BLU,PGD,0.3,PGD,1.0,0.8032786885245902,0.0,0,6
engr0,HTC,PGD,0.3,PGD,1.0,0.8032786885245902,0.0,0,6
engr0,LG,PGD,0.3,PGD,1.0,0.8032786885245902,0.0,0,6
engr0,MOTO,PGD,0.3,PGD,1.0,0.8032786885245902,0.0,0,6
engr0,OP3,PGD,0.3,PGD,1.0,0.8032786885245902,0.0,0,6
engr0,S7,PGD,0.3,PGD,1.0,0.8032786885245902,0.0,0,6
engr0,BLU,PGD,0.4,PGD,0.1,0.7377049180327869,0.0,0,5
engr0,HTC,PGD,0.4,PGD,0.1,0.7377049180327869,0.0,0,5
engr0,LG,PGD,0.4,PGD,0.1,0.7377049180327869,0.0,0,5
engr0,MOTO,PGD,0.4,PGD,0.1,0.7377049180327869,0.0,0,5
engr0,OP3,PGD,0.4,PGD,0.1,0.7377049180327869,0.0,0,5
engr0,S7,PGD,0.4,PGD,0.1,0.7377049180327869,0.0,0,5
engr0,BLU,PGD,0.4,PGD,0.2,0.9672131147540983,1.0,0,5
engr0,HTC,PGD,0.4,PGD,0.2,0.9672131147540983,1.0,0,5
engr0,LG,PGD,0.4,PGD,0.2,0.9672131147540983,1.0,0,5
engr0,MOTO,PGD,0.4,PGD,0.2,0.9672131147540983,1.0,0,5
engr0,OP3,PGD,0.4,PGD,0.2,0.9672131147540983,1.0,0,5
engr0,S7,PGD,0.4,PGD,0.2,0.9672131147540983,1.0,0,5
engr0,BLU,PGD,0.4,PGD,0.3,1.2131147540983607,1.0,0,8
engr0,HTC,PGD,0.4,PGD,0.3,1.2131147540983607,1.0,0,8
engr0,LG,PGD,0.4,PGD,0.3,1.2131147540983607,1.0,0,8
engr0,MOTO,PGD,0.4,PGD,0.3,1.2131147540983607,1.0,0,8
engr0,OP3,PGD,0.4,PGD,0.3,1.2131147540983607,1.0,0,8
engr0,S7,PGD,0.4,PGD,0.3,1.2131147540983607,1.0,0,8
engr0,BLU,PGD,0.4,PGD,0.4,1.2295081967213115,1.0,0,8
engr0,HTC,PGD,0.4,PGD,0.4,1.2295081967213115,1.0,0,8
engr0,LG,PGD,0.4,PGD,0.4,1.2295081967213115,1.0,0,8
engr0,MOTO,PGD,0.4,PGD,0.4,1.2295081967213115,1.0,0,8
engr0,OP3,PGD,0.4,PGD,0.4,1.2295081967213115,1.0,0,8
engr0,S7,PGD,0.4,PGD,0.4,1.2295081967213115,1.0,0,8
engr0,BLU,PGD,0.4,PGD,0.5,1.2295081967213115,1.0,0,8
engr0,HTC,PGD,0.4,PGD,0.5,1.2295081967213115,1.0,0,8
engr0,LG,PGD,0.4,PGD,0.5,1.2295081967213115,1.0,0,8
engr0,MOTO,PGD,0.4,PGD,0.5,1.2295081967213115,1.0,0,8
engr0,OP3,PGD,0.4,PGD,0.5,1.2295081967213115,1.0,0,8
engr0,S7,PGD,0.4,PGD,0.5,1.2295081967213115,1.0,0,8
engr0,BLU,PGD,0.4,PGD,0.6,1.2295081967213115,1.0,0,8
engr0,HTC,PGD,0.4,PGD,0.6,1.2295081967213115,1.0,0,8
engr0,LG,PGD,0.4,PGD,0.6,1.2295081967213115,1.0,0,8
engr0,MOTO,PGD,0.4,PGD,0.6,1.2295081967213115,1.0,0,8
engr0,OP3,PGD,0.4,PGD,0.6,1.2295081967213115,1.0,0,8
engr0,S7,PGD,0.4,PGD,0.6,1.2295081967213115,1.0,0,8
engr0,BLU,PGD,0.4,PGD,0.7,1.2295081967213115,1.0,0,8
engr0,HTC,PGD,0.4,PGD,0.7,1.2295081967213115,1.0,0,8
engr0,LG,PGD,0.4,PGD,0.7,1.2295081967213115,1.0,0,8
engr0,MOTO,PGD,0.4,PGD,0.7,1.2295081967213115,1.0,0,8
engr0,OP3,PGD,0.4,PGD,0.7,1.2295081967213115,1.0,0,8
engr0,S7,PGD,0.4,PGD,0.7,1.2295081967213115,1.0,0,8
engr0,BLU,PGD,0.4,PGD,0.8,1.2295081967213115,1.0,0,8
engr0,HTC,PGD,0.4,PGD,0.8,1.2295081967213115,1.0,0,8
engr0,LG,PGD,0.4,PGD,0.8,1.2295081967213115,1.0,0,8
engr0,MOTO,PGD,0.4,PGD,0.8,1.2295081967213115,1.0,0,8
engr0,OP3,PGD,0.4,PGD,0.8,1.2295081967213115,1.0,0,8
engr0,S7,PGD,0.4,PGD,0.8,1.2295081967213115,1.0,0,8
engr0,BLU,PGD,0.4,PGD,0.9,1.2295081967213115,1.0,0,8
engr0,HTC,PGD,0.4,PGD,0.9,1.2295081967213115,1.0,0,8
engr0,LG,PGD,0.4,PGD,0.9,1.2295081967213115,1.0,0,8
engr0,MOTO,PGD,0.4,PGD,0.9,1.2295081967213115,1.0,0,8
engr0,OP3,PGD,0.4,PGD,0.9,1.2295081967213115,1.0,0,8
engr0,S7,PGD,0.4,PGD,0.9,1.2295081967213115,1.0,0,8
engr0,BLU,PGD,0.4,PGD,1.0,1.2295081967213115,1.0,0,8
engr0,HTC,PGD,0.4,PGD,1.0,1.2295081967213115,1.0,0,8
engr0,LG,PGD,0.4,PGD,1.0,1.2295081967213115,1.0,0,8
engr0,MOTO,PGD,0.4,PGD,1.0,1.2295081967213115,1.0,0,8
engr0,OP3,PGD,0.4,PGD,1.0,1.2295081967213115,1.0,0,8
engr0,S7,PGD,0.4,PGD,1.0,1.2295081967213115,1.0,0,8
engr0,BLU,PGD,0.5,PGD,0.1,2.1147540983606556,1.0,0,59
engr0,HTC,PGD,0.5,PGD,0.1,2.1147540983606556,1.0,0,59
engr0,LG,PGD,0.5,PGD,0.1,2.1147540983606556,1.0,0,59
engr0,MOTO,PGD,0.5,PGD,0.1,2.1147540983606556,1.0,0,59
engr0,OP3,PGD,0.5,PGD,0.1,2.1147540983606556,1.0,0,59
engr0,S7,PGD,0.5,PGD,0.1,2.1147540983606556,1.0,0,59
engr0,BLU,PGD,0.5,PGD,0.2,0.8852459016393442,0.0,0,7
engr0,HTC,PGD,0.5,PGD,0.2,0.8852459016393442,0.0,0,7
engr0,LG,PGD,0.5,PGD,0.2,0.8852459016393442,0.0,0,7
engr0,MOTO,PGD,0.5,PGD,0.2,0.8852459016393442,0.0,0,7
engr0,OP3,PGD,0.5,PGD,0.2,0.8852459016393442,0.0,0,7
engr0,S7,PGD,0.5,PGD,0.2,0.8852459016393442,0.0,0,7
engr0,BLU,PGD,0.5,PGD,0.3,1.0327868852459017,0.0,0,5
engr0,HTC,PGD,0.5,PGD,0.3,1.0327868852459017,0.0,0,5
engr0,LG,PGD,0.5,PGD,0.3,1.0327868852459017,0.0,0,5
engr0,MOTO,PGD,0.5,PGD,0.3,1.0327868852459017,0.0,0,5
engr0,OP3,PGD,0.5,PGD,0.3,1.0327868852459017,0.0,0,5
engr0,S7,PGD,0.5,PGD,0.3,1.0327868852459017,0.0,0,5
engr0,BLU,PGD,0.5,PGD,0.4,1.0163934426229508,0.0,0,5
engr0,HTC,PGD,0.5,PGD,0.4,1.0163934426229508,0.0,0,5
engr0,LG,PGD,0.5,PGD,0.4,1.0163934426229508,0.0,0,5
engr0,MOTO,PGD,0.5,PGD,0.4,1.0163934426229508,0.0,0,5
engr0,OP3,PGD,0.5,PGD,0.4,1.0163934426229508,0.0,0,5
engr0,S7,PGD,0.5,PGD,0.4,1.0163934426229508,0.0,0,5
engr0,BLU,PGD,0.5,PGD,0.5,1.0163934426229508,0.0,0,5
engr0,HTC,PGD,0.5,PGD,0.5,1.0163934426229508,0.0,0,5
engr0,LG,PGD,0.5,PGD,0.5,1.0163934426229508,0.0,0,5
engr0,MOTO,PGD,0.5,PGD,0.5,1.0163934426229508,0.0,0,5
engr0,OP3,PGD,0.5,PGD,0.5,1.0163934426229508,0.0,0,5
engr0,S7,PGD,0.5,PGD,0.5,1.0163934426229508,0.0,0,5
engr0,BLU,PGD,0.5,PGD,0.6,1.0163934426229508,0.0,0,5
engr0,HTC,PGD,0.5,PGD,0.6,1.0163934426229508,0.0,0,5
engr0,LG,PGD,0.5,PGD,0.6,1.0163934426229508,0.0,0,5
engr0,MOTO,PGD,0.5,PGD,0.6,1.0163934426229508,0.0,0,5
engr0,OP3,PGD,0.5,PGD,0.6,1.0163934426229508,0.0,0,5
engr0,S7,PGD,0.5,PGD,0.6,1.0163934426229508,0.0,0,5
engr0,BLU,PGD,0.5,PGD,0.7,1.0163934426229508,0.0,0,5
engr0,HTC,PGD,0.5,PGD,0.7,1.0163934426229508,0.0,0,5
engr0,LG,PGD,0.5,PGD,0.7,1.0163934426229508,0.0,0,5
engr0,MOTO,PGD,0.5,PGD,0.7,1.0163934426229508,0.0,0,5
engr0,OP3,PGD,0.5,PGD,0.7,1.0163934426229508,0.0,0,5
engr0,S7,PGD,0.5,PGD,0.7,1.0163934426229508,0.0,0,5
engr0,BLU,PGD,0.5,PGD,0.8,1.0163934426229508,0.0,0,5
engr0,HTC,PGD,0.5,PGD,0.8,1.0163934426229508,0.0,0,5
engr0,LG,PGD,0.5,PGD,0.8,1.0163934426229508,0.0,0,5
engr0,MOTO,PGD,0.5,PGD,0.8,1.0163934426229508,0.0,0,5
engr0,OP3,PGD,0.5,PGD,0.8,1.0163934426229508,0.0,0,5
engr0,S7,PGD,0.5,PGD,0.8,1.0163934426229508,0.0,0,5
engr0,BLU,PGD,0.5,PGD,0.9,1.0163934426229508,0.0,0,5
engr0,HTC,PGD,0.5,PGD,0.9,1.0163934426229508,0.0,0,5
engr0,LG,PGD,0.5,PGD,0.9,1.0163934426229508,0.0,0,5
engr0,MOTO,PGD,0.5,PGD,0.9,1.0163934426229508,0.0,0,5
engr0,OP3,PGD,0.5,PGD,0.9,1.0163934426229508,0.0,0,5
engr0,S7,PGD,0.5,PGD,0.9,1.0163934426229508,0.0,0,5
engr0,BLU,PGD,0.5,PGD,1.0,1.0163934426229508,0.0,0,5
engr0,HTC,PGD,0.5,PGD,1.0,1.0163934426229508,0.0,0,5
engr0,LG,PGD,0.5,PGD,1.0,1.0163934426229508,0.0,0,5
engr0,MOTO,PGD,0.5,PGD,1.0,1.0163934426229508,0.0,0,5
engr0,OP3,PGD,0.5,PGD,1.0,1.0163934426229508,0.0,0,5
engr0,S7,PGD,0.5,PGD,1.0,1.0163934426229508,0.0,0,5
engr0,BLU,PGD,0.6,PGD,0.1,0.8688524590163934,0.0,0,5
engr0,HTC,PGD,0.6,PGD,0.1,0.8688524590163934,0.0,0,5
engr0,LG,PGD,0.6,PGD,0.1,0.8688524590163934,0.0,0,5
engr0,MOTO,PGD,0.6,PGD,0.1,0.8688524590163934,0.0,0,5
engr0,OP3,PGD,0.6,PGD,0.1,0.8688524590163934,0.0,0,5
engr0,S7,PGD,0.6,PGD,0.1,0.8688524590163934,0.0,0,5
engr0,BLU,PGD,0.6,PGD,0.2,1.0655737704918034,1.0,0,8
engr0,HTC,PGD,0.6,PGD,0.2,1.0655737704918034,1.0,0,8
engr0,LG,PGD,0.6,PGD,0.2,1.0655737704918034,1.0,0,8
engr0,MOTO,PGD,0.6,PGD,0.2,1.0655737704918034,1.0,0,8
engr0,OP3,PGD,0.6,PGD,0.2,1.0655737704918034,1.0,0,8
engr0,S7,PGD,0.6,PGD,0.2,1.0655737704918034,1.0,0,8
engr0,BLU,PGD,0.6,PGD,0.3,1.278688524590164,1.0,0,8
engr0,HTC,PGD,0.6,PGD,0.3,1.278688524590164,1.0,0,8
engr0,LG,PGD,0.6,PGD,0.3,1.278688524590164,1.0,0,8
engr0,MOTO,PGD,0.6,PGD,0.3,1.278688524590164,1.0,0,8
engr0,OP3,PGD,0.6,PGD,0.3,1.278688524590164,1.0,0,8
engr0,S7,PGD,0.6,PGD,0.3,1.278688524590164,1.0,0,8
engr0,BLU,PGD,0.6,PGD,0.4,1.3278688524590163,1.0,0,8
engr0,HTC,PGD,0.6,PGD,0.4,1.3278688524590163,1.0,0,8
engr0,LG,PGD,0.6,PGD,0.4,1.3278688524590163,1.0,0,8
engr0,MOTO,PGD,0.6,PGD,0.4,1.3278688524590163,1.0,0,8
engr0,OP3,PGD,0.6,PGD,0.4,1.3278688524590163,1.0,0,8
engr0,S7,PGD,0.6,PGD,0.4,1.3278688524590163,1.0,0,8
engr0,BLU,PGD,0.6,PGD,0.5,1.3278688524590163,1.0,0,8
engr0,HTC,PGD,0.6,PGD,0.5,1.3278688524590163,1.0,0,8
engr0,LG,PGD,0.6,PGD,0.5,1.3278688524590163,1.0,0,8
engr0,MOTO,PGD,0.6,PGD,0.5,1.3278688524590163,1.0,0,8
engr0,OP3,PGD,0.6,PGD,0.5,1.3278688524590163,1.0,0,8
engr0,S7,PGD,0.6,PGD,0.5,1.3278688524590163,1.0,0,8
engr0,BLU,PGD,0.6,PGD,0.6,1.3278688524590163,1.0,0,8
engr0,HTC,PGD,0.6,PGD,0.6,1.3278688524590163,1.0,0,8
engr0,LG,PGD,0.6,PGD,0.6,1.3278688524590163,1.0,0,8
engr0,MOTO,PGD,0.6,PGD,0.6,1.3278688524590163,1.0,0,8
engr0,OP3,PGD,0.6,PGD,0.6,1.3278688524590163,1.0,0,8
engr0,S7,PGD,0.6,PGD,0.6,1.3278688524590163,1.0,0,8
engr0,BLU,PGD,0.6,PGD,0.7,1.3278688524590163,1.0,0,8
engr0,HTC,PGD,0.6,PGD,0.7,1.3278688524590163,1.0,0,8
engr0,LG,PGD,0.6,PGD,0.7,1.3278688524590163,1.0,0,8
engr0,MOTO,PGD,0.6,PGD,0.7,1.3278688524590163,1.0,0,8
engr0,OP3,PGD,0.6,PGD,0.7,1.3278688524590163,1.0,0,8
engr0,S7,PGD,0.6,PGD,0.7,1.3278688524590163,1.0,0,8
engr0,BLU,PGD,0.6,PGD,0.8,1.3278688524590163,1.0,0,8
engr0,HTC,PGD,0.6,PGD,0.8,1.3278688524590163,1.0,0,8
engr0,LG,PGD,0.6,PGD,0.8,1.3278688524590163,1.0,0,8
engr0,MOTO,PGD,0.6,PGD,0.8,1.3278688524590163,1.0,0,8
engr0,OP3,PGD,0.6,PGD,0.8,1.3278688524590163,1.0,0,8
engr0,S7,PGD,0.6,PGD,0.8,1.3278688524590163,1.0,0,8
engr0,BLU,PGD,0.6,PGD,0.9,1.3278688524590163,1.0,0,8
engr0,HTC,PGD,0.6,PGD,0.9,1.3278688524590163,1.0,0,8
engr0,LG,PGD,0.6,PGD,0.9,1.3278688524590163,1.0,0,8
engr0,MOTO,PGD,0.6,PGD,0.9,1.3278688524590163,1.0,0,8
engr0,OP3,PGD,0.6,PGD,0.9,1.3278688524590163,1.0,0,8
engr0,S7,PGD,0.6,PGD,0.9,1.3278688524590163,1.0,0,8
engr0,BLU,PGD,0.6,PGD,1.0,1.3278688524590163,1.0,0,8
engr0,HTC,PGD,0.6,PGD,1.0,1.3278688524590163,1.0,0,8
engr0,LG,PGD,0.6,PGD,1.0,1.3278688524590163,1.0,0,8
engr0,MOTO,PGD,0.6,PGD,1.0,1.3278688524590163,1.0,0,8
engr0,OP3,PGD,0.6,PGD,1.0,1.3278688524590163,1.0,0,8
engr0,S7,PGD,0.6,PGD,1.0,1.3278688524590163,1.0,0,8
engr0,BLU,PGD,0.7,PGD,0.1,1.6885245901639345,0.0,0,47
engr0,HTC,PGD,0.7,PGD,0.1,1.6885245901639345,0.0,0,47
engr0,LG,PGD,0.7,PGD,0.1,1.6885245901639345,0.0,0,47
engr0,MOTO,PGD,0.7,PGD,0.1,1.6885245901639345,0.0,0,47
engr0,OP3,PGD,0.7,PGD,0.1,1.6885245901639345,0.0,0,47
engr0,S7,PGD,0.7,PGD,0.1,1.6885245901639345,0.0,0,47
engr0,BLU,PGD,0.7,PGD,0.2,1.7540983606557377,1.0,0,47
engr0,HTC,PGD,0.7,PGD,0.2,1.7540983606557377,1.0,0,47
engr0,LG,PGD,0.7,PGD,0.2,1.7540983606557377,1.0,0,47
engr0,MOTO,PGD,0.7,PGD,0.2,1.7540983606557377,1.0,0,47
engr0,OP3,PGD,0.7,PGD,0.2,1.7540983606557377,1.0,0,47
engr0,S7,PGD,0.7,PGD,0.2,1.7540983606557377,1.0,0,47
engr0,BLU,PGD,0.7,PGD,0.3,1.9180327868852458,1.0,0,47
engr0,HTC,PGD,0.7,PGD,0.3,1.9180327868852458,1.0,0,47
engr0,LG,PGD,0.7,PGD,0.3,1.9180327868852458,1.0,0,47
engr0,MOTO,PGD,0.7,PGD,0.3,1.9180327868852458,1.0,0,47
engr0,OP3,PGD,0.7,PGD,0.3,1.9180327868852458,1.0,0,47
engr0,S7,PGD,0.7,PGD,0.3,1.9180327868852458,1.0,0,47
engr0,BLU,PGD,0.7,PGD,0.4,1.8360655737704918,1.0,0,47
engr0,HTC,PGD,0.7,PGD,0.4,1.8360655737704918,1.0,0,47
engr0,LG,PGD,0.7,PGD,0.4,1.8360655737704918,1.0,0,47
engr0,MOTO,PGD,0.7,PGD,0.4,1.8360655737704918,1.0,0,47
engr0,OP3,PGD,0.7,PGD,0.4,1.8360655737704918,1.0,0,47
engr0,S7,PGD,0.7,PGD,0.4,1.8360655737704918,1.0,0,47
engr0,BLU,PGD,0.7,PGD,0.5,1.8360655737704918,1.0,0,47
engr0,HTC,PGD,0.7,PGD,0.5,1.8360655737704918,1.0,0,47
engr0,LG,PGD,0.7,PGD,0.5,1.8360655737704918,1.0,0,47
engr0,MOTO,PGD,0.7,PGD,0.5,1.8360655737704918,1.0,0,47
engr0,OP3,PGD,0.7,PGD,0.5,1.8360655737704918,1.0,0,47
engr0,S7,PGD,0.7,PGD,0.5,1.8360655737704918,1.0,0,47
engr0,BLU,PGD,0.7,PGD,0.6,1.8360655737704918,1.0,0,47
engr0,HTC,PGD,0.7,PGD,0.6,1.8360655737704918,1.0,0,47
engr0,LG,PGD,0.7,PGD,0.6,1.8360655737704918,1.0,0,47
engr0,MOTO,PGD,0.7,PGD,0.6,1.8360655737704918,1.0,0,47
engr0,OP3,PGD,0.7,PGD,0.6,1.8360655737704918,1.0,0,47
engr0,S7,PGD,0.7,PGD,0.6,1.8360655737704918,1.0,0,47
engr0,BLU,PGD,0.7,PGD,0.7,1.8360655737704918,1.0,0,47
engr0,HTC,PGD,0.7,PGD,0.7,1.8360655737704918,1.0,0,47
engr0,LG,PGD,0.7,PGD,0.7,1.8360655737704918,1.0,0,47
engr0,MOTO,PGD,0.7,PGD,0.7,1.8360655737704918,1.0,0,47
engr0,OP3,PGD,0.7,PGD,0.7,1.8360655737704918,1.0,0,47
engr0,S7,PGD,0.7,PGD,0.7,1.8360655737704918,1.0,0,47
engr0,BLU,PGD,0.7,PGD,0.8,1.8360655737704918,1.0,0,47
engr0,HTC,PGD,0.7,PGD,0.8,1.8360655737704918,1.0,0,47
engr0,LG,PGD,0.7,PGD,0.8,1.8360655737704918,1.0,0,47
engr0,MOTO,PGD,0.7,PGD,0.8,1.8360655737704918,1.0,0,47
engr0,OP3,PGD,0.7,PGD,0.8,1.8360655737704918,1.0,0,47
engr0,S7,PGD,0.7,PGD,0.8,1.8360655737704918,1.0,0,47
engr0,BLU,PGD,0.7,PGD,0.9,1.8360655737704918,1.0,0,47
engr0,HTC,PGD,0.7,PGD,0.9,1.8360655737704918,1.0,0,47
engr0,LG,PGD,0.7,PGD,0.9,1.8360655737704918,1.0,0,47
engr0,MOTO,PGD,0.7,PGD,0.9,1.8360655737704918,1.0,0,47
engr0,OP3,PGD,0.7,PGD,0.9,1.8360655737704918,1.0,0,47
engr0,S7,PGD,0.7,PGD,0.9,1.8360655737704918,1.0,0,47
engr0,BLU,PGD,0.7,PGD,1.0,1.8360655737704918,1.0,0,47
engr0,HTC,PGD,0.7,PGD,1.0,1.8360655737704918,1.0,0,47
engr0,LG,PGD,0.7,PGD,1.0,1.8360655737704918,1.0,0,47
engr0,MOTO,PGD,0.7,PGD,1.0,1.8360655737704918,1.0,0,47
engr0,OP3,PGD,0.7,PGD,1.0,1.8360655737704918,1.0,0,47
engr0,S7,PGD,0.7,PGD,1.0,1.8360655737704918,1.0,0,47
engr0,BLU,PGD,0.8,PGD,0.1,0.9508196721311475,1.0,0,6
engr0,HTC,PGD,0.8,PGD,0.1,0.9508196721311475,1.0,0,6
engr0,LG,PGD,0.8,PGD,0.1,0.9508196721311475,1.0,0,6
engr0,MOTO,PGD,0.8,PGD,0.1,0.9508196721311475,1.0,0,6
engr0,OP3,PGD,0.8,PGD,0.1,0.9508196721311475,1.0,0,6
engr0,S7,PGD,0.8,PGD,0.1,0.9508196721311475,1.0,0,6
engr0,BLU,PGD,0.8,PGD,0.2,1.1147540983606556,1.0,0,7
engr0,HTC,PGD,0.8,PGD,0.2,1.1147540983606556,1.0,0,7
engr0,LG,PGD,0.8,PGD,0.2,1.1147540983606556,1.0,0,7
engr0,MOTO,PGD,0.8,PGD,0.2,1.1147540983606556,1.0,0,7
engr0,OP3,PGD,0.8,PGD,0.2,1.1147540983606556,1.0,0,7
engr0,S7,PGD,0.8,PGD,0.2,1.1147540983606556,1.0,0,7
engr0,BLU,PGD,0.8,PGD,0.3,1.2950819672131149,1.0,0,7
engr0,HTC,PGD,0.8,PGD,0.3,1.2950819672131149,1.0,0,7
engr0,LG,PGD,0.8,PGD,0.3,1.2950819672131149,1.0,0,7
engr0,MOTO,PGD,0.8,PGD,0.3,1.2950819672131149,1.0,0,7
engr0,OP3,PGD,0.8,PGD,0.3,1.2950819672131149,1.0,0,7
engr0,S7,PGD,0.8,PGD,0.3,1.2950819672131149,1.0,0,7
engr0,BLU,PGD,0.8,PGD,0.4,1.2622950819672132,1.0,0,7
engr0,HTC,PGD,0.8,PGD,0.4,1.2622950819672132,1.0,0,7
engr0,LG,PGD,0.8,PGD,0.4,1.2622950819672132,1.0,0,7
engr0,MOTO,PGD,0.8,PGD,0.4,1.2622950819672132,1.0,0,7
engr0,OP3,PGD,0.8,PGD,0.4,1.2622950819672132,1.0,0,7
engr0,S7,PGD,0.8,PGD,0.4,1.2622950819672132,1.0,0,7
engr0,BLU,PGD,0.8,PGD,0.5,1.2622950819672132,1.0,0,7
engr0,HTC,PGD,0.8,PGD,0.5,1.2622950819672132,1.0,0,7
engr0,LG,PGD,0.8,PGD,0.5,1.2622950819672132,1.0,0,7
engr0,MOTO,PGD,0.8,PGD,0.5,1.2622950819672132,1.0,0,7
engr0,OP3,PGD,0.8,PGD,0.5,1.2622950819672132,1.0,0,7
engr0,S7,PGD,0.8,PGD,0.5,1.2622950819672132,1.0,0,7
engr0,BLU,PGD,0.8,PGD,0.6,1.2622950819672132,1.0,0,7
engr0,HTC,PGD,0.8,PGD,0.6,1.2622950819672132,1.0,0,7
engr0,LG,PGD,0.8,PGD,0.6,1.2622950819672132,1.0,0,7
engr0,MOTO,PGD,0.8,PGD,0.6,1.2622950819672132,1.0,0,7
engr0,OP3,PGD,0.8,PGD,0.6,1.2622950819672132,1.0,0,7
engr0,S7,PGD,0.8,PGD,0.6,1.2622950819672132,1.0,0,7
engr0,BLU,PGD,0.8,PGD,0.7,1.2622950819672132,1.0,0,7
engr0,HTC,PGD,0.8,PGD,0.7,1.2622950819672132,1.0,0,7
engr0,LG,PGD,0.8,PGD,0.7,1.2622950819672132,1.0,0,7
engr0,MOTO,PGD,0.8,PGD,0.7,1.2622950819672132,1.0,0,7
engr0,OP3,PGD,0.8,PGD,0.7,1.2622950819672132,1.0,0,7
engr0,S7,PGD,0.8,PGD,0.7,1.2622950819672132,1.0,0,7
engr0,BLU,PGD,0.8,PGD,0.8,1.2622950819672132,1.0,0,7
engr0,HTC,PGD,0.8,PGD,0.8,1.2622950819672132,1.0,0,7
engr0,LG,PGD,0.8,PGD,0.8,1.2622950819672132,1.0,0,7
engr0,MOTO,PGD,0.8,PGD,0.8,1.2622950819672132,1.0,0,7
engr0,OP3,PGD,0.8,PGD,0.8,1.2622950819672132,1.0,0,7
engr0,S7,PGD,0.8,PGD,0.8,1.2622950819672132,1.0,0,7
engr0,BLU,PGD,0.8,PGD,0.9,1.2622950819672132,1.0,0,7
engr0,HTC,PGD,0.8,PGD,0.9,1.2622950819672132,1.0,0,7
engr0,LG,PGD,0.8,PGD,0.9,1.2622950819672132,1.0,0,7
engr0,MOTO,PGD,0.8,PGD,0.9,1.2622950819672132,1.0,0,7
engr0,OP3,PGD,0.8,PGD,0.9,1.2622950819672132,1.0,0,7
engr0,S7,PGD,0.8,PGD,0.9,1.2622950819672132,1.0,0,7
engr0,BLU,PGD,0.8,PGD,1.0,1.2622950819672132,1.0,0,7
engr0,HTC,PGD,0.8,PGD,1.0,1.2622950819672132,1.0,0,7
engr0,LG,PGD,0.8,PGD,1.0,1.2622950819672132,1.0,0,7
engr0,MOTO,PGD,0.8,PGD,1.0,1.2622950819672132,1.0,0,7
engr0,OP3,PGD,0.8,PGD,1.0,1.2622950819672132,1.0,0,7
engr0,S7,PGD,0.8,PGD,1.0,1.2622950819672132,1.0,0,7
engr0,BLU,PGD,0.9,PGD,0.1,0.5901639344262295,0.0,0,3
engr0,HTC,PGD,0.9,PGD,0.1,0.5901639344262295,0.0,0,3
engr0,LG,PGD,0.9,PGD,0.1,0.5901639344262295,0.0,0,3
engr0,MOTO,PGD,0.9,PGD,0.1,0.5901639344262295,0.0,0,3
engr0,OP3,PGD,0.9,PGD,0.1,0.5901639344262295,0.0,0,3
engr0,S7,PGD,0.9,PGD,0.1,0.5901639344262295,0.0,0,3
engr0,BLU,PGD,0.9,PGD,0.2,0.8032786885245902,0.0,0,7
engr0,HTC,PGD,0.9,PGD,0.2,0.8032786885245902,0.0,0,7
engr0,LG,PGD,0.9,PGD,0.2,0.8032786885245902,0.0,0,7
engr0,MOTO,PGD,0.9,PGD,0.2,0.8032786885245902,0.0,0,7
engr0,OP3,PGD,0.9,PGD,0.2,0.8032786885245902,0.0,0,7
engr0,S7,PGD,0.9,PGD,0.2,0.8032786885245902,0.0,0,7
engr0,BLU,PGD,0.9,PGD,0.3,1.8032786885245902,1.0,0,44
engr0,HTC,PGD,0.9,PGD,0.3,1.8032786885245902,1.0,0,44
engr0,LG,PGD,0.9,PGD,0.3,1.8032786885245902,1.0,0,44
engr0,MOTO,PGD,0.9,PGD,0.3,1.8032786885245902,1.0,0,44
engr0,OP3,PGD,0.9,PGD,0.3,1.8032786885245902,1.0,0,44
engr0,S7,PGD,0.9,PGD,0.3,1.8032786885245902,1.0,0,44
engr0,BLU,PGD,0.9,PGD,0.4,1.7868852459016393,1.0,0,44
engr0,HTC,PGD,0.9,PGD,0.4,1.7868852459016393,1.0,0,44
engr0,LG,PGD,0.9,PGD,0.4,1.7868852459016393,1.0,0,44
engr0,MOTO,PGD,0.9,PGD,0.4,1.7868852459016393,1.0,0,44
engr0,OP3,PGD,0.9,PGD,0.4,1.7868852459016393,1.0,0,44
engr0,S7,PGD,0.9,PGD,0.4,1.7868852459016393,1.0,0,44
engr0,BLU,PGD,0.9,PGD,0.5,1.7868852459016393,1.0,0,44
engr0,HTC,PGD,0.9,PGD,0.5,1.7868852459016393,1.0,0,44
engr0,LG,PGD,0.9,PGD,0.5,1.7868852459016393,1.0,0,44
engr0,MOTO,PGD,0.9,PGD,0.5,1.7868852459016393,1.0,0,44
engr0,OP3,PGD,0.9,PGD,0.5,1.7868852459016393,1.0,0,44
engr0,S7,PGD,0.9,PGD,0.5,1.7868852459016393,1.0,0,44
engr0,BLU,PGD,0.9,PGD,0.6,1.7868852459016393,1.0,0,44
engr0,HTC,PGD,0.9,PGD,0.6,1.7868852459016393,1.0,0,44
engr0,LG,PGD,0.9,PGD,0.6,1.7868852459016393,1.0,0,44
engr0,MOTO,PGD,0.9,PGD,0.6,1.7868852459016393,1.0,0,44
engr0,OP3,PGD,0.9,PGD,0.6,1.7868852459016393,1.0,0,44
engr0,S7,PGD,0.9,PGD,0.6,1.7868852459016393,1.0,0,44
engr0,BLU,PGD,0.9,PGD,0.7,1.7868852459016393,1.0,0,44
engr0,HTC,PGD,0.9,PGD,0.7,1.7868852459016393,1.0,0,44
engr0,LG,PGD,0.9,PGD,0.7,1.7868852459016393,1.0,0,44
engr0,MOTO,PGD,0.9,PGD,0.7,1.7868852459016393,1.0,0,44
engr0,OP3,PGD,0.9,PGD,0.7,1.7868852459016393,1.0,0,44
engr0,S7,PGD,0.9,PGD,0.7,1.7868852459016393,1.0,0,44
engr0,BLU,PGD,0.9,PGD,0.8,1.7868852459016393,1.0,0,44
engr0,HTC,PGD,0.9,PGD,0.8,1.7868852459016393,1.0,0,44
engr0,LG,PGD,0.9,PGD,0.8,1.7868852459016393,1.0,0,44
engr0,MOTO,PGD,0.9,PGD,0.8,1.7868852459016393,1.0,0,44
engr0,OP3,PGD,0.9,PGD,0.8,1.7868852459016393,1.0,0,44
engr0,S7,PGD,0.9,PGD,0.8,1.7868852459016393,1.0,0,44
engr0,BLU,PGD,0.9,PGD,0.9,1.7868852459016393,1.0,0,44
engr0,HTC,PGD,0.9,PGD,0.9,1.7868852459016393,1.0,0,44
engr0,LG,PGD,0.9,PGD,0.9,1.7868852459016393,1.0,0,44
engr0,MOTO,PGD,0.9,PGD,0.9,1.7868852459016393,1.0,0,44
engr0,OP3,PGD,0.9,PGD,0.9,1.7868852459016393,1.0,0,44
engr0,S7,PGD,0.9,PGD,0.9,1.7868852459016393,1.0,0,44
engr0,BLU,PGD,0.9,PGD,1.0,1.7868852459016393,1.0,0,44
engr0,HTC,PGD,0.9,PGD,1.0,1.7868852459016393,1.0,0,44
engr0,LG,PGD,0.9,PGD,1.0,1.7868852459016393,1.0,0,44
engr0,MOTO,PGD,0.9,PGD,1.0,1.7868852459016393,1.0,0,44
engr0,OP3,PGD,0.9,PGD,1.0,1.7868852459016393,1.0,0,44
engr0,S7,PGD,0.9,PGD,1.0,1.7868852459016393,1.0,0,44
engr0,BLU,PGD,1.0,PGD,0.1,0.7868852459016393,0.0,0,4
engr0,HTC,PGD,1.0,PGD,0.1,0.7868852459016393,0.0,0,4
engr0,LG,PGD,1.0,PGD,0.1,0.7868852459016393,0.0,0,4
engr0,MOTO,PGD,1.0,PGD,0.1,0.7868852459016393,0.0,0,4
engr0,OP3,PGD,1.0,PGD,0.1,0.7868852459016393,0.0,0,4
engr0,S7,PGD,1.0,PGD,0.1,0.7868852459016393,0.0,0,4
engr0,BLU,PGD,1.0,PGD,0.2,0.9836065573770492,1.0,0,6
engr0,HTC,PGD,1.0,PGD,0.2,0.9836065573770492,1.0,0,6
engr0,LG,PGD,1.0,PGD,0.2,0.9836065573770492,1.0,0,6
engr0,MOTO,PGD,1.0,PGD,0.2,0.9836065573770492,1.0,0,6
engr0,OP3,PGD,1.0,PGD,0.2,0.9836065573770492,1.0,0,6
engr0,S7,PGD,1.0,PGD,0.2,0.9836065573770492,1.0,0,6
engr0,BLU,PGD,1.0,PGD,0.3,1.0327868852459017,1.0,0,6
engr0,HTC,PGD,1.0,PGD,0.3,1.0327868852459017,1.0,0,6
engr0,LG,PGD,1.0,PGD,0.3,1.0327868852459017,1.0,0,6
engr0,MOTO,PGD,1.0,PGD,0.3,1.0327868852459017,1.0,0,6
engr0,OP3,PGD,1.0,PGD,0.3,1.0327868852459017,1.0,0,6
engr0,S7,PGD,1.0,PGD,0.3,1.0327868852459017,1.0,0,6
engr0,BLU,PGD,1.0,PGD,0.4,1.0327868852459017,1.0,0,6
engr0,HTC,PGD,1.0,PGD,0.4,1.0327868852459017,1.0,0,6
engr0,LG,PGD,1.0,PGD,0.4,1.0327868852459017,1.0,0,6
engr0,MOTO,PGD,1.0,PGD,0.4,1.0327868852459017,1.0,0,6
engr0,OP3,PGD,1.0,PGD,0.4,1.0327868852459017,1.0,0,6
engr0,S7,PGD,1.0,PGD,0.4,1.0327868852459017,1.0,0,6
engr0,BLU,PGD,1.0,PGD,0.5,1.0327868852459017,1.0,0,6
engr0,HTC,PGD,1.0,PGD,0.5,1.0327868852459017,1.0,0,6
engr0,LG,PGD,1.0,PGD,0.5,1.0327868852459017,1.0,0,6
engr0,MOTO,PGD,1.0,PGD,0.5,1.0327868852459017,1.0,0,6
engr0,OP3,PGD,1.0,PGD,0.5,1.0327868852459017,1.0,0,6
engr0,S7,PGD,1.0,PGD,0.5,1.0327868852459017,1.0,0,6
engr0,BLU,PGD,1.0,PGD,0.6,1.0327868852459017,1.0,0,6
engr0,HTC,PGD,1.0,PGD,0.6,1.0327868852459017,1.0,0,6
engr0,LG,PGD,1.0,PGD,0.6,1.0327868852459017,1.0,0,6
engr0,MOTO,PGD,1.0,PGD,0.6,1.0327868852459017,1.0,0,6
engr0,OP3,PGD,1.0,PGD,0.6,1.0327868852459017,1.0,0,6
engr0,S7,PGD,1.0,PGD,0.6,1.0327868852459017,1.0,0,6
engr0,BLU,PGD,1.0,PGD,0.7,1.0327868852459017,1.0,0,6
engr0,HTC,PGD,1.0,PGD,0.7,1.0327868852459017,1.0,0,6
engr0,LG,PGD,1.0,PGD,0.7,1.0327868852459017,1.0,0,6
engr0,MOTO,PGD,1.0,PGD,0.7,1.0327868852459017,1.0,0,6
engr0,OP3,PGD,1.0,PGD,0.7,1.0327868852459017,1.0,0,6
engr0,S7,PGD,1.0,PGD,0.7,1.0327868852459017,1.0,0,6
engr0,BLU,PGD,1.0,PGD,0.8,1.0327868852459017,1.0,0,6
engr0,HTC,PGD,1.0,PGD,0.8,1.0327868852459017,1.0,0,6
engr0,LG,PGD,1.0,PGD,0.8,1.0327868852459017,1.0,0,6
engr0,MOTO,PGD,1.0,PGD,0.8,1.0327868852459017,1.0,0,6
engr0,OP3,PGD,1.0,PGD,0.8,1.0327868852459017,1.0,0,6
engr0,S7,PGD,1.0,PGD,0.8,1.0327868852459017,1.0,0,6
engr0,BLU,PGD,1.0,PGD,0.9,1.0327868852459017,1.0,0,6
engr0,HTC,PGD,1.0,PGD,0.9,1.0327868852459017,1.0,0,6
engr0,LG,PGD,1.0,PGD,0.9,1.0327868852459017,1.0,0,6
engr0,MOTO,PGD,1.0,PGD,0.9,1.0327868852459017,1.0,0,6
engr0,OP3,PGD,1.0,PGD,0.9,1.0327868852459017,1.0,0,6
engr0,S7,PGD,1.0,PGD,0.9,1.0327868852459017,1.0,0,6
engr0,BLU,PGD,1.0,PGD,1.0,1.0327868852459017,1.0,0,6
engr0,HTC,PGD,1.0,PGD,1.0,1.0327868852459017,1.0,0,6
engr0,LG,PGD,1.0,PGD,1.0,1.0327868852459017,1.0,0,6
engr0,MOTO,PGD,1.0,PGD,1.0,1.0327868852459017,1.0,0,6
engr0,OP3,PGD,1.0,PGD,1.0,1.0327868852459017,1.0,0,6
engr0,S7,PGD,1.0,PGD,1.0,1.0327868852459017,1.0,0,6
engr0,BLU,MIM,0.1,PGD,0.1,1.2622950819672132,0.0,0,40
engr0,HTC,MIM,0.1,PGD,0.1,1.2622950819672132,0.0,0,40
engr0,LG,MIM,0.1,PGD,0.1,1.2622950819672132,0.0,0,40
engr0,MOTO,MIM,0.1,PGD,0.1,1.2622950819672132,0.0,0,40
engr0,OP3,MIM,0.1,PGD,0.1,1.2622950819672132,0.0,0,40
engr0,S7,MIM,0.1,PGD,0.1,1.2622950819672132,0.0,0,40
engr0,BLU,MIM,0.1,PGD,0.2,1.7377049180327868,0.0,0,40
engr0,HTC,MIM,0.1,PGD,0.2,1.7377049180327868,0.0,0,40
engr0,LG,MIM,0.1,PGD,0.2,1.7377049180327868,0.0,0,40
engr0,MOTO,MIM,0.1,PGD,0.2,1.7377049180327868,0.0,0,40
engr0,OP3,MIM,0.1,PGD,0.2,1.7377049180327868,0.0,0,40
engr0,S7,MIM,0.1,PGD,0.2,1.7377049180327868,0.0,0,40
engr0,BLU,MIM,0.1,PGD,0.3,2.360655737704918,1.0,0,40
engr0,HTC,MIM,0.1,PGD,0.3,2.360655737704918,1.0,0,40
engr0,LG,MIM,0.1,PGD,0.3,2.360655737704918,1.0,0,40
engr0,MOTO,MIM,0.1,PGD,0.3,2.360655737704918,1.0,0,40
engr0,OP3,MIM,0.1,PGD,0.3,2.360655737704918,1.0,0,40
engr0,S7,MIM,0.1,PGD,0.3,2.360655737704918,1.0,0,40
engr0,BLU,MIM,0.1,PGD,0.4,2.3934426229508197,1.0,0,40
engr0,HTC,MIM,0.1,PGD,0.4,2.3934426229508197,1.0,0,40
engr0,LG,MIM,0.1,PGD,0.4,2.3934426229508197,1.0,0,40
engr0,MOTO,MIM,0.1,PGD,0.4,2.3934426229508197,1.0,0,40
engr0,OP3,MIM,0.1,PGD,0.4,2.3934426229508197,1.0,0,40
engr0,S7,MIM,0.1,PGD,0.4,2.3934426229508197,1.0,0,40
engr0,BLU,MIM,0.1,PGD,0.5,2.3934426229508197,1.0,0,40
engr0,HTC,MIM,0.1,PGD,0.5,2.3934426229508197,1.0,0,40
engr0,LG,MIM,0.1,PGD,0.5,2.3934426229508197,1.0,0,40
engr0,MOTO,MIM,0.1,PGD,0.5,2.3934426229508197,1.0,0,40
engr0,OP3,MIM,0.1,PGD,0.5,2.3934426229508197,1.0,0,40
engr0,S7,MIM,0.1,PGD,0.5,2.3934426229508197,1.0,0,40
engr0,BLU,MIM,0.1,PGD,0.6,2.3934426229508197,1.0,0,40
engr0,HTC,MIM,0.1,PGD,0.6,2.3934426229508197,1.0,0,40
engr0,LG,MIM,0.1,PGD,0.6,2.3934426229508197,1.0,0,40
engr0,MOTO,MIM,0.1,PGD,0.6,2.3934426229508197,1.0,0,40
engr0,OP3,MIM,0.1,PGD,0.6,2.3934426229508197,1.0,0,40
engr0,S7,MIM,0.1,PGD,0.6,2.3934426229508197,1.0,0,40
engr0,BLU,MIM,0.1,PGD,0.7,2.3934426229508197,1.0,0,40
engr0,HTC,MIM,0.1,PGD,0.7,2.3934426229508197,1.0,0,40
engr0,LG,MIM,0.1,PGD,0.7,2.3934426229508197,1.0,0,40
engr0,MOTO,MIM,0.1,PGD,0.7,2.3934426229508197,1.0,0,40
engr0,OP3,MIM,0.1,PGD,0.7,2.3934426229508197,1.0,0,40
engr0,S7,MIM,0.1,PGD,0.7,2.3934426229508197,1.0,0,40
engr0,BLU,MIM,0.1,PGD,0.8,2.3934426229508197,1.0,0,40
engr0,HTC,MIM,0.1,PGD,0.8,2.3934426229508197,1.0,0,40
engr0,LG,MIM,0.1,PGD,0.8,2.3934426229508197,1.0,0,40
engr0,MOTO,MIM,0.1,PGD,0.8,2.3934426229508197,1.0,0,40
engr0,OP3,MIM,0.1,PGD,0.8,2.3934426229508197,1.0,0,40
engr0,S7,MIM,0.1,PGD,0.8,2.3934426229508197,1.0,0,40
engr0,BLU,MIM,0.1,PGD,0.9,2.3934426229508197,1.0,0,40
engr0,HTC,MIM,0.1,PGD,0.9,2.3934426229508197,1.0,0,40
engr0,LG,MIM,0.1,PGD,0.9,2.3934426229508197,1.0,0,40
engr0,MOTO,MIM,0.1,PGD,0.9,2.3934426229508197,1.0,0,40
engr0,OP3,MIM,0.1,PGD,0.9,2.3934426229508197,1.0,0,40
engr0,S7,MIM,0.1,PGD,0.9,2.3934426229508197,1.0,0,40
engr0,BLU,MIM,0.1,PGD,1.0,2.3934426229508197,1.0,0,40
engr0,HTC,MIM,0.1,PGD,1.0,2.3934426229508197,1.0,0,40
engr0,LG,MIM,0.1,PGD,1.0,2.3934426229508197,1.0,0,40
engr0,MOTO,MIM,0.1,PGD,1.0,2.3934426229508197,1.0,0,40
engr0,OP3,MIM,0.1,PGD,1.0,2.3934426229508197,1.0,0,40
engr0,S7,MIM,0.1,PGD,1.0,2.3934426229508197,1.0,0,40
engr0,BLU,MIM,0.2,PGD,0.1,0.8524590163934426,0.0,0,4
engr0,HTC,MIM,0.2,PGD,0.1,0.8524590163934426,0.0,0,4
engr0,LG,MIM,0.2,PGD,0.1,0.8524590163934426,0.0,0,4
engr0,MOTO,MIM,0.2,PGD,0.1,0.8524590163934426,0.0,0,4
engr0,OP3,MIM,0.2,PGD,0.1,0.8524590163934426,0.0,0,4
engr0,S7,MIM,0.2,PGD,0.1,0.8524590163934426,0.0,0,4
engr0,BLU,MIM,0.2,PGD,0.2,1.3114754098360655,1.0,0,8
engr0,HTC,MIM,0.2,PGD,0.2,1.3114754098360655,1.0,0,8
engr0,LG,MIM,0.2,PGD,0.2,1.3114754098360655,1.0,0,8
engr0,MOTO,MIM,0.2,PGD,0.2,1.3114754098360655,1.0,0,8
engr0,OP3,MIM,0.2,PGD,0.2,1.3114754098360655,1.0,0,8
engr0,S7,MIM,0.2,PGD,0.2,1.3114754098360655,1.0,0,8
engr0,BLU,MIM,0.2,PGD,0.3,1.3934426229508197,1.0,0,7
engr0,HTC,MIM,0.2,PGD,0.3,1.3934426229508197,1.0,0,7
engr0,LG,MIM,0.2,PGD,0.3,1.3934426229508197,1.0,0,7
engr0,MOTO,MIM,0.2,PGD,0.3,1.3934426229508197,1.0,0,7
engr0,OP3,MIM,0.2,PGD,0.3,1.3934426229508197,1.0,0,7
engr0,S7,MIM,0.2,PGD,0.3,1.3934426229508197,1.0,0,7
engr0,BLU,MIM,0.2,PGD,0.4,1.360655737704918,1.0,0,7
engr0,HTC,MIM,0.2,PGD,0.4,1.360655737704918,1.0,0,7
engr0,LG,MIM,0.2,PGD,0.4,1.360655737704918,1.0,0,7
engr0,MOTO,MIM,0.2,PGD,0.4,1.360655737704918,1.0,0,7
engr0,OP3,MIM,0.2,PGD,0.4,1.360655737704918,1.0,0,7
engr0,S7,MIM,0.2,PGD,0.4,1.360655737704918,1.0,0,7
engr0,BLU,MIM,0.2,PGD,0.5,1.360655737704918,1.0,0,7
engr0,HTC,MIM,0.2,PGD,0.5,1.360655737704918,1.0,0,7
engr0,LG,MIM,0.2,PGD,0.5,1.360655737704918,1.0,0,7
engr0,MOTO,MIM,0.2,PGD,0.5,1.360655737704918,1.0,0,7
engr0,OP3,MIM,0.2,PGD,0.5,1.360655737704918,1.0,0,7
engr0,S7,MIM,0.2,PGD,0.5,1.360655737704918,1.0,0,7
engr0,BLU,MIM,0.2,PGD,0.6,1.360655737704918,1.0,0,7
engr0,HTC,MIM,0.2,PGD,0.6,1.360655737704918,1.0,0,7
engr0,LG,MIM,0.2,PGD,0.6,1.360655737704918,1.0,0,7
engr0,MOTO,MIM,0.2,PGD,0.6,1.360655737704918,1.0,0,7
engr0,OP3,MIM,0.2,PGD,0.6,1.360655737704918,1.0,0,7
engr0,S7,MIM,0.2,PGD,0.6,1.360655737704918,1.0,0,7
engr0,BLU,MIM,0.2,PGD,0.7,1.360655737704918,1.0,0,7
engr0,HTC,MIM,0.2,PGD,0.7,1.360655737704918,1.0,0,7
engr0,LG,MIM,0.2,PGD,0.7,1.360655737704918,1.0,0,7
engr0,MOTO,MIM,0.2,PGD,0.7,1.360655737704918,1.0,0,7
engr0,OP3,MIM,0.2,PGD,0.7,1.360655737704918,1.0,0,7
engr0,S7,MIM,0.2,PGD,0.7,1.360655737704918,1.0,0,7
engr0,BLU,MIM,0.2,PGD,0.8,1.360655737704918,1.0,0,7
engr0,HTC,MIM,0.2,PGD,0.8,1.360655737704918,1.0,0,7
engr0,LG,MIM,0.2,PGD,0.8,1.360655737704918,1.0,0,7
engr0,MOTO,MIM,0.2,PGD,0.8,1.360655737704918,1.0,0,7
engr0,OP3,MIM,0.2,PGD,0.8,1.360655737704918,1.0,0,7
engr0,S7,MIM,0.2,PGD,0.8,1.360655737704918,1.0,0,7
engr0,BLU,MIM,0.2,PGD,0.9,1.360655737704918,1.0,0,7
engr0,HTC,MIM,0.2,PGD,0.9,1.360655737704918,1.0,0,7
engr0,LG,MIM,0.2,PGD,0.9,1.360655737704918,1.0,0,7
engr0,MOTO,MIM,0.2,PGD,0.9,1.360655737704918,1.0,0,7
engr0,OP3,MIM,0.2,PGD,0.9,1.360655737704918,1.0,0,7
engr0,S7,MIM,0.2,PGD,0.9,1.360655737704918,1.0,0,7
engr0,BLU,MIM,0.2,PGD,1.0,1.360655737704918,1.0,0,7
engr0,HTC,MIM,0.2,PGD,1.0,1.360655737704918,1.0,0,7
engr0,LG,MIM,0.2,PGD,1.0,1.360655737704918,1.0,0,7
engr0,MOTO,MIM,0.2,PGD,1.0,1.360655737704918,1.0,0,7
engr0,OP3,MIM,0.2,PGD,1.0,1.360655737704918,1.0,0,7
engr0,S7,MIM,0.2,PGD,1.0,1.360655737704918,1.0,0,7
engr0,BLU,MIM,0.3,PGD,0.1,0.7377049180327869,0.0,0,4
engr0,HTC,MIM,0.3,PGD,0.1,0.7377049180327869,0.0,0,4
engr0,LG,MIM,0.3,PGD,0.1,0.7377049180327869,0.0,0,4
engr0,MOTO,MIM,0.3,PGD,0.1,0.7377049180327869,0.0,0,4
engr0,OP3,MIM,0.3,PGD,0.1,0.7377049180327869,0.0,0,4
engr0,S7,MIM,0.3,PGD,0.1,0.7377049180327869,0.0,0,4
engr0,BLU,MIM,0.3,PGD,0.2,1.0491803278688525,1.0,0,7
engr0,HTC,MIM,0.3,PGD,0.2,1.0491803278688525,1.0,0,7
engr0,LG,MIM,0.3,PGD,0.2,1.0491803278688525,1.0,0,7
engr0,MOTO,MIM,0.3,PGD,0.2,1.0491803278688525,1.0,0,7
engr0,OP3,MIM,0.3,PGD,0.2,1.0491803278688525,1.0,0,7
engr0,S7,MIM,0.3,PGD,0.2,1.0491803278688525,1.0,0,7
engr0,BLU,MIM,0.3,PGD,0.3,1.1967213114754098,1.0,0,7
engr0,HTC,MIM,0.3,PGD,0.3,1.1967213114754098,1.0,0,7
engr0,LG,MIM,0.3,PGD,0.3,1.1967213114754098,1.0,0,7
engr0,MOTO,MIM,0.3,PGD,0.3,1.1967213114754098,1.0,0,7
engr0,OP3,MIM,0.3,PGD,0.3,1.1967213114754098,1.0,0,7
engr0,S7,MIM,0.3,PGD,0.3,1.1967213114754098,1.0,0,7
engr0,BLU,MIM,0.3,PGD,0.4,1.1967213114754098,1.0,0,7
engr0,HTC,MIM,0.3,PGD,0.4,1.1967213114754098,1.0,0,7
engr0,LG,MIM,0.3,PGD,0.4,1.1967213114754098,1.0,0,7
engr0,MOTO,MIM,0.3,PGD,0.4,1.1967213114754098,1.0,0,7
engr0,OP3,MIM,0.3,PGD,0.4,1.1967213114754098,1.0,0,7
engr0,S7,MIM,0.3,PGD,0.4,1.1967213114754098,1.0,0,7
engr0,BLU,MIM,0.3,PGD,0.5,1.1967213114754098,1.0,0,7
engr0,HTC,MIM,0.3,PGD,0.5,1.1967213114754098,1.0,0,7
engr0,LG,MIM,0.3,PGD,0.5,1.1967213114754098,1.0,0,7
engr0,MOTO,MIM,0.3,PGD,0.5,1.1967213114754098,1.0,0,7
engr0,OP3,MIM,0.3,PGD,0.5,1.1967213114754098,1.0,0,7
engr0,S7,MIM,0.3,PGD,0.5,1.1967213114754098,1.0,0,7
engr0,BLU,MIM,0.3,PGD,0.6,1.1967213114754098,1.0,0,7
engr0,HTC,MIM,0.3,PGD,0.6,1.1967213114754098,1.0,0,7
engr0,LG,MIM,0.3,PGD,0.6,1.1967213114754098,1.0,0,7
engr0,MOTO,MIM,0.3,PGD,0.6,1.1967213114754098,1.0,0,7
engr0,OP3,MIM,0.3,PGD,0.6,1.1967213114754098,1.0,0,7
engr0,S7,MIM,0.3,PGD,0.6,1.1967213114754098,1.0,0,7
engr0,BLU,MIM,0.3,PGD,0.7,1.1967213114754098,1.0,0,7
engr0,HTC,MIM,0.3,PGD,0.7,1.1967213114754098,1.0,0,7
engr0,LG,MIM,0.3,PGD,0.7,1.1967213114754098,1.0,0,7
engr0,MOTO,MIM,0.3,PGD,0.7,1.1967213114754098,1.0,0,7
engr0,OP3,MIM,0.3,PGD,0.7,1.1967213114754098,1.0,0,7
engr0,S7,MIM,0.3,PGD,0.7,1.1967213114754098,1.0,0,7
engr0,BLU,MIM,0.3,PGD,0.8,1.1967213114754098,1.0,0,7
engr0,HTC,MIM,0.3,PGD,0.8,1.1967213114754098,1.0,0,7
engr0,LG,MIM,0.3,PGD,0.8,1.1967213114754098,1.0,0,7
engr0,MOTO,MIM,0.3,PGD,0.8,1.1967213114754098,1.0,0,7
engr0,OP3,MIM,0.3,PGD,0.8,1.1967213114754098,1.0,0,7
engr0,S7,MIM,0.3,PGD,0.8,1.1967213114754098,1.0,0,7
engr0,BLU,MIM,0.3,PGD,0.9,1.1967213114754098,1.0,0,7
engr0,HTC,MIM,0.3,PGD,0.9,1.1967213114754098,1.0,0,7
engr0,LG,MIM,0.3,PGD,0.9,1.1967213114754098,1.0,0,7
engr0,MOTO,MIM,0.3,PGD,0.9,1.1967213114754098,1.0,0,7
engr0,OP3,MIM,0.3,PGD,0.9,1.1967213114754098,1.0,0,7
engr0,S7,MIM,0.3,PGD,0.9,1.1967213114754098,1.0,0,7
engr0,BLU,MIM,0.3,PGD,1.0,1.1967213114754098,1.0,0,7
engr0,HTC,MIM,0.3,PGD,1.0,1.1967213114754098,1.0,0,7
engr0,LG,MIM,0.3,PGD,1.0,1.1967213114754098,1.0,0,7
engr0,MOTO,MIM,0.3,PGD,1.0,1.1967213114754098,1.0,0,7
engr0,OP3,MIM,0.3,PGD,1.0,1.1967213114754098,1.0,0,7
engr0,S7,MIM,0.3,PGD,1.0,1.1967213114754098,1.0,0,7
engr0,BLU,MIM,0.4,PGD,0.1,1.0491803278688525,0.0,0,7
engr0,HTC,MIM,0.4,PGD,0.1,1.0491803278688525,0.0,0,7
engr0,LG,MIM,0.4,PGD,0.1,1.0491803278688525,0.0,0,7
engr0,MOTO,MIM,0.4,PGD,0.1,1.0491803278688525,0.0,0,7
engr0,OP3,MIM,0.4,PGD,0.1,1.0491803278688525,0.0,0,7
engr0,S7,MIM,0.4,PGD,0.1,1.0491803278688525,0.0,0,7
engr0,BLU,MIM,0.4,PGD,0.2,1.2131147540983607,1.0,0,5
engr0,HTC,MIM,0.4,PGD,0.2,1.2131147540983607,1.0,0,5
engr0,LG,MIM,0.4,PGD,0.2,1.2131147540983607,1.0,0,5
engr0,MOTO,MIM,0.4,PGD,0.2,1.2131147540983607,1.0,0,5
engr0,OP3,MIM,0.4,PGD,0.2,1.2131147540983607,1.0,0,5
engr0,S7,MIM,0.4,PGD,0.2,1.2131147540983607,1.0,0,5
engr0,BLU,MIM,0.4,PGD,0.3,1.5901639344262295,1.0,0,8
engr0,HTC,MIM,0.4,PGD,0.3,1.5901639344262295,1.0,0,8
engr0,LG,MIM,0.4,PGD,0.3,1.5901639344262295,1.0,0,8
engr0,MOTO,MIM,0.4,PGD,0.3,1.5901639344262295,1.0,0,8
engr0,OP3,MIM,0.4,PGD,0.3,1.5901639344262295,1.0,0,8
engr0,S7,MIM,0.4,PGD,0.3,1.5901639344262295,1.0,0,8
engr0,BLU,MIM,0.4,PGD,0.4,1.6065573770491803,1.0,0,8
engr0,HTC,MIM,0.4,PGD,0.4,1.6065573770491803,1.0,0,8
engr0,LG,MIM,0.4,PGD,0.4,1.6065573770491803,1.0,0,8
engr0,MOTO,MIM,0.4,PGD,0.4,1.6065573770491803,1.0,0,8
engr0,OP3,MIM,0.4,PGD,0.4,1.6065573770491803,1.0,0,8
engr0,S7,MIM,0.4,PGD,0.4,1.6065573770491803,1.0,0,8
engr0,BLU,MIM,0.4,PGD,0.5,1.6065573770491803,1.0,0,8
engr0,HTC,MIM,0.4,PGD,0.5,1.6065573770491803,1.0,0,8
engr0,LG,MIM,0.4,PGD,0.5,1.6065573770491803,1.0,0,8
engr0,MOTO,MIM,0.4,PGD,0.5,1.6065573770491803,1.0,0,8
engr0,OP3,MIM,0.4,PGD,0.5,1.6065573770491803,1.0,0,8
engr0,S7,MIM,0.4,PGD,0.5,1.6065573770491803,1.0,0,8
engr0,BLU,MIM,0.4,PGD,0.6,1.6065573770491803,1.0,0,8
engr0,HTC,MIM,0.4,PGD,0.6,1.6065573770491803,1.0,0,8
engr0,LG,MIM,0.4,PGD,0.6,1.6065573770491803,1.0,0,8
engr0,MOTO,MIM,0.4,PGD,0.6,1.6065573770491803,1.0,0,8
engr0,OP3,MIM,0.4,PGD,0.6,1.6065573770491803,1.0,0,8
engr0,S7,MIM,0.4,PGD,0.6,1.6065573770491803,1.0,0,8
engr0,BLU,MIM,0.4,PGD,0.7,1.6065573770491803,1.0,0,8
engr0,HTC,MIM,0.4,PGD,0.7,1.6065573770491803,1.0,0,8
engr0,LG,MIM,0.4,PGD,0.7,1.6065573770491803,1.0,0,8
engr0,MOTO,MIM,0.4,PGD,0.7,1.6065573770491803,1.0,0,8
engr0,OP3,MIM,0.4,PGD,0.7,1.6065573770491803,1.0,0,8
engr0,S7,MIM,0.4,PGD,0.7,1.6065573770491803,1.0,0,8
engr0,BLU,MIM,0.4,PGD,0.8,1.6065573770491803,1.0,0,8
engr0,HTC,MIM,0.4,PGD,0.8,1.6065573770491803,1.0,0,8
engr0,LG,MIM,0.4,PGD,0.8,1.6065573770491803,1.0,0,8
engr0,MOTO,MIM,0.4,PGD,0.8,1.6065573770491803,1.0,0,8
engr0,OP3,MIM,0.4,PGD,0.8,1.6065573770491803,1.0,0,8
engr0,S7,MIM,0.4,PGD,0.8,1.6065573770491803,1.0,0,8
engr0,BLU,MIM,0.4,PGD,0.9,1.6065573770491803,1.0,0,8
engr0,HTC,MIM,0.4,PGD,0.9,1.6065573770491803,1.0,0,8
engr0,LG,MIM,0.4,PGD,0.9,1.6065573770491803,1.0,0,8
engr0,MOTO,MIM,0.4,PGD,0.9,1.6065573770491803,1.0,0,8
engr0,OP3,MIM,0.4,PGD,0.9,1.6065573770491803,1.0,0,8
engr0,S7,MIM,0.4,PGD,0.9,1.6065573770491803,1.0,0,8
engr0,BLU,MIM,0.4,PGD,1.0,1.6065573770491803,1.0,0,8
engr0,HTC,MIM,0.4,PGD,1.0,1.6065573770491803,1.0,0,8
engr0,LG,MIM,0.4,PGD,1.0,1.6065573770491803,1.0,0,8
engr0,MOTO,MIM,0.4,PGD,1.0,1.6065573770491803,1.0,0,8
engr0,OP3,MIM,0.4,PGD,1.0,1.6065573770491803,1.0,0,8
engr0,S7,MIM,0.4,PGD,1.0,1.6065573770491803,1.0,0,8
engr0,BLU,MIM,0.5,PGD,0.1,1.0163934426229508,0.0,0,8
engr0,HTC,MIM,0.5,PGD,0.1,1.0163934426229508,0.0,0,8
engr0,LG,MIM,0.5,PGD,0.1,1.0163934426229508,0.0,0,8
engr0,MOTO,MIM,0.5,PGD,0.1,1.0163934426229508,0.0,0,8
engr0,OP3,MIM,0.5,PGD,0.1,1.0163934426229508,0.0,0,8
engr0,S7,MIM,0.5,PGD,0.1,1.0163934426229508,0.0,0,8
engr0,BLU,MIM,0.5,PGD,0.2,1.2622950819672132,1.0,0,8
engr0,HTC,MIM,0.5,PGD,0.2,1.2622950819672132,1.0,0,8
engr0,LG,MIM,0.5,PGD,0.2,1.2622950819672132,1.0,0,8
engr0,MOTO,MIM,0.5,PGD,0.2,1.2622950819672132,1.0,0,8
engr0,OP3,MIM,0.5,PGD,0.2,1.2622950819672132,1.0,0,8
engr0,S7,MIM,0.5,PGD,0.2,1.2622950819672132,1.0,0,8
engr0,BLU,MIM,0.5,PGD,0.3,1.360655737704918,1.0,0,8
engr0,HTC,MIM,0.5,PGD,0.3,1.360655737704918,1.0,0,8
engr0,LG,MIM,0.5,PGD,0.3,1.360655737704918,1.0,0,8
engr0,MOTO,MIM,0.5,PGD,0.3,1.360655737704918,1.0,0,8
engr0,OP3,MIM,0.5,PGD,0.3,1.360655737704918,1.0,0,8
engr0,S7,MIM,0.5,PGD,0.3,1.360655737704918,1.0,0,8
engr0,BLU,MIM,0.5,PGD,0.4,1.2950819672131149,1.0,0,8
engr0,HTC,MIM,0.5,PGD,0.4,1.2950819672131149,1.0,0,8
engr0,LG,MIM,0.5,PGD,0.4,1.2950819672131149,1.0,0,8
engr0,MOTO,MIM,0.5,PGD,0.4,1.2950819672131149,1.0,0,8
engr0,OP3,MIM,0.5,PGD,0.4,1.2950819672131149,1.0,0,8
engr0,S7,MIM,0.5,PGD,0.4,1.2950819672131149,1.0,0,8
engr0,BLU,MIM,0.5,PGD,0.5,1.2950819672131149,1.0,0,8
engr0,HTC,MIM,0.5,PGD,0.5,1.2950819672131149,1.0,0,8
engr0,LG,MIM,0.5,PGD,0.5,1.2950819672131149,1.0,0,8
engr0,MOTO,MIM,0.5,PGD,0.5,1.2950819672131149,1.0,0,8
engr0,OP3,MIM,0.5,PGD,0.5,1.2950819672131149,1.0,0,8
engr0,S7,MIM,0.5,PGD,0.5,1.2950819672131149,1.0,0,8
engr0,BLU,MIM,0.5,PGD,0.6,1.2950819672131149,1.0,0,8
engr0,HTC,MIM,0.5,PGD,0.6,1.2950819672131149,1.0,0,8
engr0,LG,MIM,0.5,PGD,0.6,1.2950819672131149,1.0,0,8
engr0,MOTO,MIM,0.5,PGD,0.6,1.2950819672131149,1.0,0,8
engr0,OP3,MIM,0.5,PGD,0.6,1.2950819672131149,1.0,0,8
engr0,S7,MIM,0.5,PGD,0.6,1.2950819672131149,1.0,0,8
engr0,BLU,MIM,0.5,PGD,0.7,1.2950819672131149,1.0,0,8
engr0,HTC,MIM,0.5,PGD,0.7,1.2950819672131149,1.0,0,8
engr0,LG,MIM,0.5,PGD,0.7,1.2950819672131149,1.0,0,8
engr0,MOTO,MIM,0.5,PGD,0.7,1.2950819672131149,1.0,0,8
engr0,OP3,MIM,0.5,PGD,0.7,1.2950819672131149,1.0,0,8
engr0,S7,MIM,0.5,PGD,0.7,1.2950819672131149,1.0,0,8
engr0,BLU,MIM,0.5,PGD,0.8,1.2950819672131149,1.0,0,8
engr0,HTC,MIM,0.5,PGD,0.8,1.2950819672131149,1.0,0,8
engr0,LG,MIM,0.5,PGD,0.8,1.2950819672131149,1.0,0,8
engr0,MOTO,MIM,0.5,PGD,0.8,1.2950819672131149,1.0,0,8
engr0,OP3,MIM,0.5,PGD,0.8,1.2950819672131149,1.0,0,8
engr0,S7,MIM,0.5,PGD,0.8,1.2950819672131149,1.0,0,8
engr0,BLU,MIM,0.5,PGD,0.9,1.2950819672131149,1.0,0,8
engr0,HTC,MIM,0.5,PGD,0.9,1.2950819672131149,1.0,0,8
engr0,LG,MIM,0.5,PGD,0.9,1.2950819672131149,1.0,0,8
engr0,MOTO,MIM,0.5,PGD,0.9,1.2950819672131149,1.0,0,8
engr0,OP3,MIM,0.5,PGD,0.9,1.2950819672131149,1.0,0,8
engr0,S7,MIM,0.5,PGD,0.9,1.2950819672131149,1.0,0,8
engr0,BLU,MIM,0.5,PGD,1.0,1.2950819672131149,1.0,0,8
engr0,HTC,MIM,0.5,PGD,1.0,1.2950819672131149,1.0,0,8
engr0,LG,MIM,0.5,PGD,1.0,1.2950819672131149,1.0,0,8
engr0,MOTO,MIM,0.5,PGD,1.0,1.2950819672131149,1.0,0,8
engr0,OP3,MIM,0.5,PGD,1.0,1.2950819672131149,1.0,0,8
engr0,S7,MIM,0.5,PGD,1.0,1.2950819672131149,1.0,0,8
engr0,BLU,MIM,0.6,PGD,0.1,1.098360655737705,1.0,0,8
engr0,HTC,MIM,0.6,PGD,0.1,1.098360655737705,1.0,0,8
engr0,LG,MIM,0.6,PGD,0.1,1.098360655737705,1.0,0,8
engr0,MOTO,MIM,0.6,PGD,0.1,1.098360655737705,1.0,0,8
engr0,OP3,MIM,0.6,PGD,0.1,1.098360655737705,1.0,0,8
engr0,S7,MIM,0.6,PGD,0.1,1.098360655737705,1.0,0,8
engr0,BLU,MIM,0.6,PGD,0.2,1.3442622950819672,1.0,0,7
engr0,HTC,MIM,0.6,PGD,0.2,1.3442622950819672,1.0,0,7
engr0,LG,MIM,0.6,PGD,0.2,1.3442622950819672,1.0,0,7
engr0,MOTO,MIM,0.6,PGD,0.2,1.3442622950819672,1.0,0,7
engr0,OP3,MIM,0.6,PGD,0.2,1.3442622950819672,1.0,0,7
engr0,S7,MIM,0.6,PGD,0.2,1.3442622950819672,1.0,0,7
engr0,BLU,MIM,0.6,PGD,0.3,1.4918032786885247,1.0,0,7
engr0,HTC,MIM,0.6,PGD,0.3,1.4918032786885247,1.0,0,7
engr0,LG,MIM,0.6,PGD,0.3,1.4918032786885247,1.0,0,7
engr0,MOTO,MIM,0.6,PGD,0.3,1.4918032786885247,1.0,0,7
engr0,OP3,MIM,0.6,PGD,0.3,1.4918032786885247,1.0,0,7
engr0,S7,MIM,0.6,PGD,0.3,1.4918032786885247,1.0,0,7
engr0,BLU,MIM,0.6,PGD,0.4,1.4754098360655739,1.0,0,7
engr0,HTC,MIM,0.6,PGD,0.4,1.4754098360655739,1.0,0,7
engr0,LG,MIM,0.6,PGD,0.4,1.4754098360655739,1.0,0,7
engr0,MOTO,MIM,0.6,PGD,0.4,1.4754098360655739,1.0,0,7
engr0,OP3,MIM,0.6,PGD,0.4,1.4754098360655739,1.0,0,7
engr0,S7,MIM,0.6,PGD,0.4,1.4754098360655739,1.0,0,7
engr0,BLU,MIM,0.6,PGD,0.5,1.4754098360655739,1.0,0,7
engr0,HTC,MIM,0.6,PGD,0.5,1.4754098360655739,1.0,0,7
engr0,LG,MIM,0.6,PGD,0.5,1.4754098360655739,1.0,0,7
engr0,MOTO,MIM,0.6,PGD,0.5,1.4754098360655739,1.0,0,7
engr0,OP3,MIM,0.6,PGD,0.5,1.4754098360655739,1.0,0,7
engr0,S7,MIM,0.6,PGD,0.5,1.4754098360655739,1.0,0,7
engr0,BLU,MIM,0.6,PGD,0.6,1.4754098360655739,1.0,0,7
engr0,HTC,MIM,0.6,PGD,0.6,1.4754098360655739,1.0,0,7
engr0,LG,MIM,0.6,PGD,0.6,1.4754098360655739,1.0,0,7
engr0,MOTO,MIM,0.6,PGD,0.6,1.4754098360655739,1.0,0,7
engr0,OP3,MIM,0.6,PGD,0.6,1.4754098360655739,1.0,0,7
engr0,S7,MIM,0.6,PGD,0.6,1.4754098360655739,1.0,0,7
engr0,BLU,MIM,0.6,PGD,0.7,1.4754098360655739,1.0,0,7
engr0,HTC,MIM,0.6,PGD,0.7,1.4754098360655739,1.0,0,7
engr0,LG,MIM,0.6,PGD,0.7,1.4754098360655739,1.0,0,7
engr0,MOTO,MIM,0.6,PGD,0.7,1.4754098360655739,1.0,0,7
engr0,OP3,MIM,0.6,PGD,0.7,1.4754098360655739,1.0,0,7
engr0,S7,MIM,0.6,PGD,0.7,1.4754098360655739,1.0,0,7
engr0,BLU,MIM,0.6,PGD,0.8,1.4754098360655739,1.0,0,7
engr0,HTC,MIM,0.6,PGD,0.8,1.4754098360655739,1.0,0,7
engr0,LG,MIM,0.6,PGD,0.8,1.4754098360655739,1.0,0,7
engr0,MOTO,MIM,0.6,PGD,0.8,1.4754098360655739,1.0,0,7
engr0,OP3,MIM,0.6,PGD,0.8,1.4754098360655739,1.0,0,7
engr0,S7,MIM,0.6,PGD,0.8,1.4754098360655739,1.0,0,7
engr0,BLU,MIM,0.6,PGD,0.9,1.4754098360655739,1.0,0,7
engr0,HTC,MIM,0.6,PGD,0.9,1.4754098360655739,1.0,0,7
engr0,LG,MIM,0.6,PGD,0.9,1.4754098360655739,1.0,0,7
engr0,MOTO,MIM,0.6,PGD,0.9,1.4754098360655739,1.0,0,7
engr0,OP3,MIM,0.6,PGD,0.9,1.4754098360655739,1.0,0,7
engr0,S7,MIM,0.6,PGD,0.9,1.4754098360655739,1.0,0,7
engr0,BLU,MIM,0.6,PGD,1.0,1.4754098360655739,1.0,0,7
engr0,HTC,MIM,0.6,PGD,1.0,1.4754098360655739,1.0,0,7
engr0,LG,MIM,0.6,PGD,1.0,1.4754098360655739,1.0,0,7
engr0,MOTO,MIM,0.6,PGD,1.0,1.4754098360655739,1.0,0,7
engr0,OP3,MIM,0.6,PGD,1.0,1.4754098360655739,1.0,0,7
engr0,S7,MIM,0.6,PGD,1.0,1.4754098360655739,1.0,0,7
engr0,BLU,MIM,0.7,PGD,0.1,0.9180327868852459,0.0,0,8
engr0,HTC,MIM,0.7,PGD,0.1,0.9180327868852459,0.0,0,8
engr0,LG,MIM,0.7,PGD,0.1,0.9180327868852459,0.0,0,8
engr0,MOTO,MIM,0.7,PGD,0.1,0.9180327868852459,0.0,0,8
engr0,OP3,MIM,0.7,PGD,0.1,0.9180327868852459,0.0,0,8
engr0,S7,MIM,0.7,PGD,0.1,0.9180327868852459,0.0,0,8
engr0,BLU,MIM,0.7,PGD,0.2,1.3114754098360655,1.0,0,8
engr0,HTC,MIM,0.7,PGD,0.2,1.3114754098360655,1.0,0,8
engr0,LG,MIM,0.7,PGD,0.2,1.3114754098360655,1.0,0,8
engr0,MOTO,MIM,0.7,PGD,0.2,1.3114754098360655,1.0,0,8
engr0,OP3,MIM,0.7,PGD,0.2,1.3114754098360655,1.0,0,8
engr0,S7,MIM,0.7,PGD,0.2,1.3114754098360655,1.0,0,8
engr0,BLU,MIM,0.7,PGD,0.3,1.3770491803278688,1.0,0,8
engr0,HTC,MIM,0.7,PGD,0.3,1.3770491803278688,1.0,0,8
engr0,LG,MIM,0.7,PGD,0.3,1.3770491803278688,1.0,0,8
engr0,MOTO,MIM,0.7,PGD,0.3,1.3770491803278688,1.0,0,8
engr0,OP3,MIM,0.7,PGD,0.3,1.3770491803278688,1.0,0,8
engr0,S7,MIM,0.7,PGD,0.3,1.3770491803278688,1.0,0,8
engr0,BLU,MIM,0.7,PGD,0.4,1.4262295081967213,1.0,0,8
engr0,HTC,MIM,0.7,PGD,0.4,1.4262295081967213,1.0,0,8
engr0,LG,MIM,0.7,PGD,0.4,1.4262295081967213,1.0,0,8
engr0,MOTO,MIM,0.7,PGD,0.4,1.4262295081967213,1.0,0,8
engr0,OP3,MIM,0.7,PGD,0.4,1.4262295081967213,1.0,0,8
engr0,S7,MIM,0.7,PGD,0.4,1.4262295081967213,1.0,0,8
engr0,BLU,MIM,0.7,PGD,0.5,1.4262295081967213,1.0,0,8
engr0,HTC,MIM,0.7,PGD,0.5,1.4262295081967213,1.0,0,8
engr0,LG,MIM,0.7,PGD,0.5,1.4262295081967213,1.0,0,8
engr0,MOTO,MIM,0.7,PGD,0.5,1.4262295081967213,1.0,0,8
engr0,OP3,MIM,0.7,PGD,0.5,1.4262295081967213,1.0,0,8
engr0,S7,MIM,0.7,PGD,0.5,1.4262295081967213,1.0,0,8
engr0,BLU,MIM,0.7,PGD,0.6,1.4262295081967213,1.0,0,8
engr0,HTC,MIM,0.7,PGD,0.6,1.4262295081967213,1.0,0,8
engr0,LG,MIM,0.7,PGD,0.6,1.4262295081967213,1.0,0,8
engr0,MOTO,MIM,0.7,PGD,0.6,1.4262295081967213,1.0,0,8
engr0,OP3,MIM,0.7,PGD,0.6,1.4262295081967213,1.0,0,8
engr0,S7,MIM,0.7,PGD,0.6,1.4262295081967213,1.0,0,8
engr0,BLU,MIM,0.7,PGD,0.7,1.4262295081967213,1.0,0,8
engr0,HTC,MIM,0.7,PGD,0.7,1.4262295081967213,1.0,0,8
engr0,LG,MIM,0.7,PGD,0.7,1.4262295081967213,1.0,0,8
engr0,MOTO,MIM,0.7,PGD,0.7,1.4262295081967213,1.0,0,8
engr0,OP3,MIM,0.7,PGD,0.7,1.4262295081967213,1.0,0,8
engr0,S7,MIM,0.7,PGD,0.7,1.4262295081967213,1.0,0,8
engr0,BLU,MIM,0.7,PGD,0.8,1.4262295081967213,1.0,0,8
engr0,HTC,MIM,0.7,PGD,0.8,1.4262295081967213,1.0,0,8
engr0,LG,MIM,0.7,PGD,0.8,1.4262295081967213,1.0,0,8
engr0,MOTO,MIM,0.7,PGD,0.8,1.4262295081967213,1.0,0,8
engr0,OP3,MIM,0.7,PGD,0.8,1.4262295081967213,1.0,0,8
engr0,S7,MIM,0.7,PGD,0.8,1.4262295081967213,1.0,0,8
engr0,BLU,MIM,0.7,PGD,0.9,1.4262295081967213,1.0,0,8
engr0,HTC,MIM,0.7,PGD,0.9,1.4262295081967213,1.0,0,8
engr0,LG,MIM,0.7,PGD,0.9,1.4262295081967213,1.0,0,8
engr0,MOTO,MIM,0.7,PGD,0.9,1.4262295081967213,1.0,0,8
engr0,OP3,MIM,0.7,PGD,0.9,1.4262295081967213,1.0,0,8
engr0,S7,MIM,0.7,PGD,0.9,1.4262295081967213,1.0,0,8
engr0,BLU,MIM,0.7,PGD,1.0,1.4262295081967213,1.0,0,8
engr0,HTC,MIM,0.7,PGD,1.0,1.4262295081967213,1.0,0,8
engr0,LG,MIM,0.7,PGD,1.0,1.4262295081967213,1.0,0,8
engr0,MOTO,MIM,0.7,PGD,1.0,1.4262295081967213,1.0,0,8
engr0,OP3,MIM,0.7,PGD,1.0,1.4262295081967213,1.0,0,8
engr0,S7,MIM,0.7,PGD,1.0,1.4262295081967213,1.0,0,8
engr0,BLU,MIM,0.8,PGD,0.1,0.8688524590163934,0.0,0,7
engr0,HTC,MIM,0.8,PGD,0.1,0.8688524590163934,0.0,0,7
engr0,LG,MIM,0.8,PGD,0.1,0.8688524590163934,0.0,0,7
engr0,MOTO,MIM,0.8,PGD,0.1,0.8688524590163934,0.0,0,7
engr0,OP3,MIM,0.8,PGD,0.1,0.8688524590163934,0.0,0,7
engr0,S7,MIM,0.8,PGD,0.1,0.8688524590163934,0.0,0,7
engr0,BLU,MIM,0.8,PGD,0.2,1.0655737704918034,1.0,0,7
engr0,HTC,MIM,0.8,PGD,0.2,1.0655737704918034,1.0,0,7
engr0,LG,MIM,0.8,PGD,0.2,1.0655737704918034,1.0,0,7
engr0,MOTO,MIM,0.8,PGD,0.2,1.0655737704918034,1.0,0,7
engr0,OP3,MIM,0.8,PGD,0.2,1.0655737704918034,1.0,0,7
engr0,S7,MIM,0.8,PGD,0.2,1.0655737704918034,1.0,0,7
engr0,BLU,MIM,0.8,PGD,0.3,1.819672131147541,1.0,0,42
engr0,HTC,MIM,0.8,PGD,0.3,1.819672131147541,1.0,0,42
engr0,LG,MIM,0.8,PGD,0.3,1.819672131147541,1.0,0,42
engr0,MOTO,MIM,0.8,PGD,0.3,1.819672131147541,1.0,0,42
engr0,OP3,MIM,0.8,PGD,0.3,1.819672131147541,1.0,0,42
engr0,S7,MIM,0.8,PGD,0.3,1.819672131147541,1.0,0,42
engr0,BLU,MIM,0.8,PGD,0.4,1.8524590163934427,1.0,0,42
engr0,HTC,MIM,0.8,PGD,0.4,1.8524590163934427,1.0,0,42
engr0,LG,MIM,0.8,PGD,0.4,1.8524590163934427,1.0,0,42
engr0,MOTO,MIM,0.8,PGD,0.4,1.8524590163934427,1.0,0,42
engr0,OP3,MIM,0.8,PGD,0.4,1.8524590163934427,1.0,0,42
engr0,S7,MIM,0.8,PGD,0.4,1.8524590163934427,1.0,0,42
engr0,BLU,MIM,0.8,PGD,0.5,1.8524590163934427,1.0,0,42
engr0,HTC,MIM,0.8,PGD,0.5,1.8524590163934427,1.0,0,42
engr0,LG,MIM,0.8,PGD,0.5,1.8524590163934427,1.0,0,42
engr0,MOTO,MIM,0.8,PGD,0.5,1.8524590163934427,1.0,0,42
engr0,OP3,MIM,0.8,PGD,0.5,1.8524590163934427,1.0,0,42
engr0,S7,MIM,0.8,PGD,0.5,1.8524590163934427,1.0,0,42
engr0,BLU,MIM,0.8,PGD,0.6,1.8524590163934427,1.0,0,42
engr0,HTC,MIM,0.8,PGD,0.6,1.8524590163934427,1.0,0,42
engr0,LG,MIM,0.8,PGD,0.6,1.8524590163934427,1.0,0,42
engr0,MOTO,MIM,0.8,PGD,0.6,1.8524590163934427,1.0,0,42
engr0,OP3,MIM,0.8,PGD,0.6,1.8524590163934427,1.0,0,42
engr0,S7,MIM,0.8,PGD,0.6,1.8524590163934427,1.0,0,42
engr0,BLU,MIM,0.8,PGD,0.7,1.8524590163934427,1.0,0,42
engr0,HTC,MIM,0.8,PGD,0.7,1.8524590163934427,1.0,0,42
engr0,LG,MIM,0.8,PGD,0.7,1.8524590163934427,1.0,0,42
engr0,MOTO,MIM,0.8,PGD,0.7,1.8524590163934427,1.0,0,42
engr0,OP3,MIM,0.8,PGD,0.7,1.8524590163934427,1.0,0,42
engr0,S7,MIM,0.8,PGD,0.7,1.8524590163934427,1.0,0,42
engr0,BLU,MIM,0.8,PGD,0.8,1.8524590163934427,1.0,0,42
engr0,HTC,MIM,0.8,PGD,0.8,1.8524590163934427,1.0,0,42
engr0,LG,MIM,0.8,PGD,0.8,1.8524590163934427,1.0,0,42
engr0,MOTO,MIM,0.8,PGD,0.8,1.8524590163934427,1.0,0,42
engr0,OP3,MIM,0.8,PGD,0.8,1.8524590163934427,1.0,0,42
engr0,S7,MIM,0.8,PGD,0.8,1.8524590163934427,1.0,0,42
engr0,BLU,MIM,0.8,PGD,0.9,1.8524590163934427,1.0,0,42
engr0,HTC,MIM,0.8,PGD,0.9,1.8524590163934427,1.0,0,42
engr0,LG,MIM,0.8,PGD,0.9,1.8524590163934427,1.0,0,42
engr0,MOTO,MIM,0.8,PGD,0.9,1.8524590163934427,1.0,0,42
engr0,OP3,MIM,0.8,PGD,0.9,1.8524590163934427,1.0,0,42
engr0,S7,MIM,0.8,PGD,0.9,1.8524590163934427,1.0,0,42
engr0,BLU,MIM,0.8,PGD,1.0,1.8524590163934427,1.0,0,42
engr0,HTC,MIM,0.8,PGD,1.0,1.8524590163934427,1.0,0,42
engr0,LG,MIM,0.8,PGD,1.0,1.8524590163934427,1.0,0,42
engr0,MOTO,MIM,0.8,PGD,1.0,1.8524590163934427,1.0,0,42
engr0,OP3,MIM,0.8,PGD,1.0,1.8524590163934427,1.0,0,42
engr0,S7,MIM,0.8,PGD,1.0,1.8524590163934427,1.0,0,42
engr0,BLU,MIM,0.9,PGD,0.1,0.7868852459016393,0.0,0,8
engr0,HTC,MIM,0.9,PGD,0.1,0.7868852459016393,0.0,0,8
engr0,LG,MIM,0.9,PGD,0.1,0.7868852459016393,0.0,0,8
engr0,MOTO,MIM,0.9,PGD,0.1,0.7868852459016393,0.0,0,8
engr0,OP3,MIM,0.9,PGD,0.1,0.7868852459016393,0.0,0,8
engr0,S7,MIM,0.9,PGD,0.1,0.7868852459016393,0.0,0,8
engr0,BLU,MIM,0.9,PGD,0.2,0.9508196721311475,1.0,0,4
engr0,HTC,MIM,0.9,PGD,0.2,0.9508196721311475,1.0,0,4
engr0,LG,MIM,0.9,PGD,0.2,0.9508196721311475,1.0,0,4
engr0,MOTO,MIM,0.9,PGD,0.2,0.9508196721311475,1.0,0,4
engr0,OP3,MIM,0.9,PGD,0.2,0.9508196721311475,1.0,0,4
engr0,S7,MIM,0.9,PGD,0.2,0.9508196721311475,1.0,0,4
engr0,BLU,MIM,0.9,PGD,0.3,1.1311475409836065,1.0,0,6
engr0,HTC,MIM,0.9,PGD,0.3,1.1311475409836065,1.0,0,6
engr0,LG,MIM,0.9,PGD,0.3,1.1311475409836065,1.0,0,6
engr0,MOTO,MIM,0.9,PGD,0.3,1.1311475409836065,1.0,0,6
engr0,OP3,MIM,0.9,PGD,0.3,1.1311475409836065,1.0,0,6
engr0,S7,MIM,0.9,PGD,0.3,1.1311475409836065,1.0,0,6
engr0,BLU,MIM,0.9,PGD,0.4,1.1639344262295082,1.0,0,6
engr0,HTC,MIM,0.9,PGD,0.4,1.1639344262295082,1.0,0,6
engr0,LG,MIM,0.9,PGD,0.4,1.1639344262295082,1.0,0,6
engr0,MOTO,MIM,0.9,PGD,0.4,1.1639344262295082,1.0,0,6
engr0,OP3,MIM,0.9,PGD,0.4,1.1639344262295082,1.0,0,6
engr0,S7,MIM,0.9,PGD,0.4,1.1639344262295082,1.0,0,6
engr0,BLU,MIM,0.9,PGD,0.5,1.1639344262295082,1.0,0,6
engr0,HTC,MIM,0.9,PGD,0.5,1.1639344262295082,1.0,0,6
engr0,LG,MIM,0.9,PGD,0.5,1.1639344262295082,1.0,0,6
engr0,MOTO,MIM,0.9,PGD,0.5,1.1639344262295082,1.0,0,6
engr0,OP3,MIM,0.9,PGD,0.5,1.1639344262295082,1.0,0,6
engr0,S7,MIM,0.9,PGD,0.5,1.1639344262295082,1.0,0,6
engr0,BLU,MIM,0.9,PGD,0.6,1.1639344262295082,1.0,0,6
engr0,HTC,MIM,0.9,PGD,0.6,1.1639344262295082,1.0,0,6
engr0,LG,MIM,0.9,PGD,0.6,1.1639344262295082,1.0,0,6
engr0,MOTO,MIM,0.9,PGD,0.6,1.1639344262295082,1.0,0,6
engr0,OP3,MIM,0.9,PGD,0.6,1.1639344262295082,1.0,0,6
engr0,S7,MIM,0.9,PGD,0.6,1.1639344262295082,1.0,0,6
engr0,BLU,MIM,0.9,PGD,0.7,1.1639344262295082,1.0,0,6
engr0,HTC,MIM,0.9,PGD,0.7,1.1639344262295082,1.0,0,6
engr0,LG,MIM,0.9,PGD,0.7,1.1639344262295082,1.0,0,6
engr0,MOTO,MIM,0.9,PGD,0.7,1.1639344262295082,1.0,0,6
engr0,OP3,MIM,0.9,PGD,0.7,1.1639344262295082,1.0,0,6
engr0,S7,MIM,0.9,PGD,0.7,1.1639344262295082,1.0,0,6
engr0,BLU,MIM,0.9,PGD,0.8,1.1639344262295082,1.0,0,6
engr0,HTC,MIM,0.9,PGD,0.8,1.1639344262295082,1.0,0,6
engr0,LG,MIM,0.9,PGD,0.8,1.1639344262295082,1.0,0,6
engr0,MOTO,MIM,0.9,PGD,0.8,1.1639344262295082,1.0,0,6
engr0,OP3,MIM,0.9,PGD,0.8,1.1639344262295082,1.0,0,6
engr0,S7,MIM,0.9,PGD,0.8,1.1639344262295082,1.0,0,6
engr0,BLU,MIM,0.9,PGD,0.9,1.1639344262295082,1.0,0,6
engr0,HTC,MIM,0.9,PGD,0.9,1.1639344262295082,1.0,0,6
engr0,LG,MIM,0.9,PGD,0.9,1.1639344262295082,1.0,0,6
engr0,MOTO,MIM,0.9,PGD,0.9,1.1639344262295082,1.0,0,6
engr0,OP3,MIM,0.9,PGD,0.9,1.1639344262295082,1.0,0,6
engr0,S7,MIM,0.9,PGD,0.9,1.1639344262295082,1.0,0,6
engr0,BLU,MIM,0.9,PGD,1.0,1.1639344262295082,1.0,0,6
engr0,HTC,MIM,0.9,PGD,1.0,1.1639344262295082,1.0,0,6
engr0,LG,MIM,0.9,PGD,1.0,1.1639344262295082,1.0,0,6
engr0,MOTO,MIM,0.9,PGD,1.0,1.1639344262295082,1.0,0,6
engr0,OP3,MIM,0.9,PGD,1.0,1.1639344262295082,1.0,0,6
engr0,S7,MIM,0.9,PGD,1.0,1.1639344262295082,1.0,0,6
engr0,BLU,MIM,1.0,PGD,0.1,0.819672131147541,1.0,0,4
engr0,HTC,MIM,1.0,PGD,0.1,0.819672131147541,1.0,0,4
engr0,LG,MIM,1.0,PGD,0.1,0.819672131147541,1.0,0,4
engr0,MOTO,MIM,1.0,PGD,0.1,0.819672131147541,1.0,0,4
engr0,OP3,MIM,1.0,PGD,0.1,0.819672131147541,1.0,0,4
engr0,S7,MIM,1.0,PGD,0.1,0.819672131147541,1.0,0,4
engr0,BLU,MIM,1.0,PGD,0.2,1.0655737704918034,1.0,0,6
engr0,HTC,MIM,1.0,PGD,0.2,1.0655737704918034,1.0,0,6
engr0,LG,MIM,1.0,PGD,0.2,1.0655737704918034,1.0,0,6
engr0,MOTO,MIM,1.0,PGD,0.2,1.0655737704918034,1.0,0,6
engr0,OP3,MIM,1.0,PGD,0.2,1.0655737704918034,1.0,0,6
engr0,S7,MIM,1.0,PGD,0.2,1.0655737704918034,1.0,0,6
engr0,BLU,MIM,1.0,PGD,0.3,2.442622950819672,1.0,0,41
engr0,HTC,MIM,1.0,PGD,0.3,2.442622950819672,1.0,0,41
engr0,LG,MIM,1.0,PGD,0.3,2.442622950819672,1.0,0,41
engr0,MOTO,MIM,1.0,PGD,0.3,2.442622950819672,1.0,0,41
engr0,OP3,MIM,1.0,PGD,0.3,2.442622950819672,1.0,0,41
engr0,S7,MIM,1.0,PGD,0.3,2.442622950819672,1.0,0,41
engr0,BLU,MIM,1.0,PGD,0.4,2.4918032786885247,1.0,0,41
engr0,HTC,MIM,1.0,PGD,0.4,2.4918032786885247,1.0,0,41
engr0,LG,MIM,1.0,PGD,0.4,2.4918032786885247,1.0,0,41
engr0,MOTO,MIM,1.0,PGD,0.4,2.4918032786885247,1.0,0,41
engr0,OP3,MIM,1.0,PGD,0.4,2.4918032786885247,1.0,0,41
engr0,S7,MIM,1.0,PGD,0.4,2.4918032786885247,1.0,0,41
engr0,BLU,MIM,1.0,PGD,0.5,2.4918032786885247,1.0,0,41
engr0,HTC,MIM,1.0,PGD,0.5,2.4918032786885247,1.0,0,41
engr0,LG,MIM,1.0,PGD,0.5,2.4918032786885247,1.0,0,41
engr0,MOTO,MIM,1.0,PGD,0.5,2.4918032786885247,1.0,0,41
engr0,OP3,MIM,1.0,PGD,0.5,2.4918032786885247,1.0,0,41
engr0,S7,MIM,1.0,PGD,0.5,2.4918032786885247,1.0,0,41
engr0,BLU,MIM,1.0,PGD,0.6,2.4918032786885247,1.0,0,41
engr0,HTC,MIM,1.0,PGD,0.6,2.4918032786885247,1.0,0,41
engr0,LG,MIM,1.0,PGD,0.6,2.4918032786885247,1.0,0,41
engr0,MOTO,MIM,1.0,PGD,0.6,2.4918032786885247,1.0,0,41
engr0,OP3,MIM,1.0,PGD,0.6,2.4918032786885247,1.0,0,41
engr0,S7,MIM,1.0,PGD,0.6,2.4918032786885247,1.0,0,41
engr0,BLU,MIM,1.0,PGD,0.7,2.4918032786885247,1.0,0,41
engr0,HTC,MIM,1.0,PGD,0.7,2.4918032786885247,1.0,0,41
engr0,LG,MIM,1.0,PGD,0.7,2.4918032786885247,1.0,0,41
engr0,MOTO,MIM,1.0,PGD,0.7,2.4918032786885247,1.0,0,41
engr0,OP3,MIM,1.0,PGD,0.7,2.4918032786885247,1.0,0,41
engr0,S7,MIM,1.0,PGD,0.7,2.4918032786885247,1.0,0,41
engr0,BLU,MIM,1.0,PGD,0.8,2.4918032786885247,1.0,0,41
engr0,HTC,MIM,1.0,PGD,0.8,2.4918032786885247,1.0,0,41
engr0,LG,MIM,1.0,PGD,0.8,2.4918032786885247,1.0,0,41
engr0,MOTO,MIM,1.0,PGD,0.8,2.4918032786885247,1.0,0,41
engr0,OP3,MIM,1.0,PGD,0.8,2.4918032786885247,1.0,0,41
engr0,S7,MIM,1.0,PGD,0.8,2.4918032786885247,1.0,0,41
engr0,BLU,MIM,1.0,PGD,0.9,2.4918032786885247,1.0,0,41
engr0,HTC,MIM,1.0,PGD,0.9,2.4918032786885247,1.0,0,41
engr0,LG,MIM,1.0,PGD,0.9,2.4918032786885247,1.0,0,41
engr0,MOTO,MIM,1.0,PGD,0.9,2.4918032786885247,1.0,0,41
engr0,OP3,MIM,1.0,PGD,0.9,2.4918032786885247,1.0,0,41
engr0,S7,MIM,1.0,PGD,0.9,2.4918032786885247,1.0,0,41
engr0,BLU,MIM,1.0,PGD,1.0,2.4918032786885247,1.0,0,41
engr0,HTC,MIM,1.0,PGD,1.0,2.4918032786885247,1.0,0,41
engr0,LG,MIM,1.0,PGD,1.0,2.4918032786885247,1.0,0,41
engr0,MOTO,MIM,1.0,PGD,1.0,2.4918032786885247,1.0,0,41
engr0,OP3,MIM,1.0,PGD,1.0,2.4918032786885247,1.0,0,41
engr0,S7,MIM,1.0,PGD,1.0,2.4918032786885247,1.0,0,41
engr0,BLU,BIM,0.1,PGD,0.1,0.9344262295081968,1.0,0,7
engr0,HTC,BIM,0.1,PGD,0.1,0.9344262295081968,1.0,0,7
engr0,LG,BIM,0.1,PGD,0.1,0.9344262295081968,1.0,0,7
engr0,MOTO,BIM,0.1,PGD,0.1,0.9344262295081968,1.0,0,7
engr0,OP3,BIM,0.1,PGD,0.1,0.9344262295081968,1.0,0,7
engr0,S7,BIM,0.1,PGD,0.1,0.9344262295081968,1.0,0,7
engr0,BLU,BIM,0.1,PGD,0.2,1.6885245901639345,1.0,0,37
engr0,HTC,BIM,0.1,PGD,0.2,1.6885245901639345,1.0,0,37
engr0,LG,BIM,0.1,PGD,0.2,1.6885245901639345,1.0,0,37
engr0,MOTO,BIM,0.1,PGD,0.2,1.6885245901639345,1.0,0,37
engr0,OP3,BIM,0.1,PGD,0.2,1.6885245901639345,1.0,0,37
engr0,S7,BIM,0.1,PGD,0.2,1.6885245901639345,1.0,0,37
engr0,BLU,BIM,0.1,PGD,0.3,1.9508196721311475,1.0,0,37
engr0,HTC,BIM,0.1,PGD,0.3,1.9508196721311475,1.0,0,37
engr0,LG,BIM,0.1,PGD,0.3,1.9508196721311475,1.0,0,37
engr0,MOTO,BIM,0.1,PGD,0.3,1.9508196721311475,1.0,0,37
engr0,OP3,BIM,0.1,PGD,0.3,1.9508196721311475,1.0,0,37
engr0,S7,BIM,0.1,PGD,0.3,1.9508196721311475,1.0,0,37
engr0,BLU,BIM,0.1,PGD,0.4,2.081967213114754,1.0,0,37
engr0,HTC,BIM,0.1,PGD,0.4,2.081967213114754,1.0,0,37
engr0,LG,BIM,0.1,PGD,0.4,2.081967213114754,1.0,0,37
engr0,MOTO,BIM,0.1,PGD,0.4,2.081967213114754,1.0,0,37
engr0,OP3,BIM,0.1,PGD,0.4,2.081967213114754,1.0,0,37
engr0,S7,BIM,0.1,PGD,0.4,2.081967213114754,1.0,0,37
engr0,BLU,BIM,0.1,PGD,0.5,2.081967213114754,1.0,0,37
engr0,HTC,BIM,0.1,PGD,0.5,2.081967213114754,1.0,0,37
engr0,LG,BIM,0.1,PGD,0.5,2.081967213114754,1.0,0,37
engr0,MOTO,BIM,0.1,PGD,0.5,2.081967213114754,1.0,0,37
engr0,OP3,BIM,0.1,PGD,0.5,2.081967213114754,1.0,0,37
engr0,S7,BIM,0.1,PGD,0.5,2.081967213114754,1.0,0,37
engr0,BLU,BIM,0.1,PGD,0.6,2.081967213114754,1.0,0,37
engr0,HTC,BIM,0.1,PGD,0.6,2.081967213114754,1.0,0,37
engr0,LG,BIM,0.1,PGD,0.6,2.081967213114754,1.0,0,37
engr0,MOTO,BIM,0.1,PGD,0.6,2.081967213114754,1.0,0,37
engr0,OP3,BIM,0.1,PGD,0.6,2.081967213114754,1.0,0,37
engr0,S7,BIM,0.1,PGD,0.6,2.081967213114754,1.0,0,37
engr0,BLU,BIM,0.1,PGD,0.7,2.081967213114754,1.0,0,37
engr0,HTC,BIM,0.1,PGD,0.7,2.081967213114754,1.0,0,37
engr0,LG,BIM,0.1,PGD,0.7,2.081967213114754,1.0,0,37
engr0,MOTO,BIM,0.1,PGD,0.7,2.081967213114754,1.0,0,37
engr0,OP3,BIM,0.1,PGD,0.7,2.081967213114754,1.0,0,37
engr0,S7,BIM,0.1,PGD,0.7,2.081967213114754,1.0,0,37
engr0,BLU,BIM,0.1,PGD,0.8,2.081967213114754,1.0,0,37
engr0,HTC,BIM,0.1,PGD,0.8,2.081967213114754,1.0,0,37
engr0,LG,BIM,0.1,PGD,0.8,2.081967213114754,1.0,0,37
engr0,MOTO,BIM,0.1,PGD,0.8,2.081967213114754,1.0,0,37
engr0,OP3,BIM,0.1,PGD,0.8,2.081967213114754,1.0,0,37
engr0,S7,BIM,0.1,PGD,0.8,2.081967213114754,1.0,0,37
engr0,BLU,BIM,0.1,PGD,0.9,2.081967213114754,1.0,0,37
engr0,HTC,BIM,0.1,PGD,0.9,2.081967213114754,1.0,0,37
engr0,LG,BIM,0.1,PGD,0.9,2.081967213114754,1.0,0,37
engr0,MOTO,BIM,0.1,PGD,0.9,2.081967213114754,1.0,0,37
engr0,OP3,BIM,0.1,PGD,0.9,2.081967213114754,1.0,0,37
engr0,S7,BIM,0.1,PGD,0.9,2.081967213114754,1.0,0,37
engr0,BLU,BIM,0.1,PGD,1.0,2.081967213114754,1.0,0,37
engr0,HTC,BIM,0.1,PGD,1.0,2.081967213114754,1.0,0,37
engr0,LG,BIM,0.1,PGD,1.0,2.081967213114754,1.0,0,37
engr0,MOTO,BIM,0.1,PGD,1.0,2.081967213114754,1.0,0,37
engr0,OP3,BIM,0.1,PGD,1.0,2.081967213114754,1.0,0,37
engr0,S7,BIM,0.1,PGD,1.0,2.081967213114754,1.0,0,37
engr0,BLU,BIM,0.2,PGD,0.1,0.7868852459016393,0.0,0,7
engr0,HTC,BIM,0.2,PGD,0.1,0.7868852459016393,0.0,0,7
engr0,LG,BIM,0.2,PGD,0.1,0.7868852459016393,0.0,0,7
engr0,MOTO,BIM,0.2,PGD,0.1,0.7868852459016393,0.0,0,7
engr0,OP3,BIM,0.2,PGD,0.1,0.7868852459016393,0.0,0,7
engr0,S7,BIM,0.2,PGD,0.1,0.7868852459016393,0.0,0,7
engr0,BLU,BIM,0.2,PGD,0.2,0.9508196721311475,1.0,0,8
engr0,HTC,BIM,0.2,PGD,0.2,0.9508196721311475,1.0,0,8
engr0,LG,BIM,0.2,PGD,0.2,0.9508196721311475,1.0,0,8
engr0,MOTO,BIM,0.2,PGD,0.2,0.9508196721311475,1.0,0,8
engr0,OP3,BIM,0.2,PGD,0.2,0.9508196721311475,1.0,0,8
engr0,S7,BIM,0.2,PGD,0.2,0.9508196721311475,1.0,0,8
engr0,BLU,BIM,0.2,PGD,0.3,0.9508196721311475,1.0,0,8
engr0,HTC,BIM,0.2,PGD,0.3,0.9508196721311475,1.0,0,8
engr0,LG,BIM,0.2,PGD,0.3,0.9508196721311475,1.0,0,8
engr0,MOTO,BIM,0.2,PGD,0.3,0.9508196721311475,1.0,0,8
engr0,OP3,BIM,0.2,PGD,0.3,0.9508196721311475,1.0,0,8
engr0,S7,BIM,0.2,PGD,0.3,0.9508196721311475,1.0,0,8
engr0,BLU,BIM,0.2,PGD,0.4,0.9508196721311475,1.0,0,8
engr0,HTC,BIM,0.2,PGD,0.4,0.9508196721311475,1.0,0,8
engr0,LG,BIM,0.2,PGD,0.4,0.9508196721311475,1.0,0,8
engr0,MOTO,BIM,0.2,PGD,0.4,0.9508196721311475,1.0,0,8
engr0,OP3,BIM,0.2,PGD,0.4,0.9508196721311475,1.0,0,8
engr0,S7,BIM,0.2,PGD,0.4,0.9508196721311475,1.0,0,8
engr0,BLU,BIM,0.2,PGD,0.5,0.9508196721311475,1.0,0,8
engr0,HTC,BIM,0.2,PGD,0.5,0.9508196721311475,1.0,0,8
engr0,LG,BIM,0.2,PGD,0.5,0.9508196721311475,1.0,0,8
engr0,MOTO,BIM,0.2,PGD,0.5,0.9508196721311475,1.0,0,8
engr0,OP3,BIM,0.2,PGD,0.5,0.9508196721311475,1.0,0,8
engr0,S7,BIM,0.2,PGD,0.5,0.9508196721311475,1.0,0,8
engr0,BLU,BIM,0.2,PGD,0.6,0.9508196721311475,1.0,0,8
engr0,HTC,BIM,0.2,PGD,0.6,0.9508196721311475,1.0,0,8
engr0,LG,BIM,0.2,PGD,0.6,0.9508196721311475,1.0,0,8
engr0,MOTO,BIM,0.2,PGD,0.6,0.9508196721311475,1.0,0,8
engr0,OP3,BIM,0.2,PGD,0.6,0.9508196721311475,1.0,0,8
engr0,S7,BIM,0.2,PGD,0.6,0.9508196721311475,1.0,0,8
engr0,BLU,BIM,0.2,PGD,0.7,0.9508196721311475,1.0,0,8
engr0,HTC,BIM,0.2,PGD,0.7,0.9508196721311475,1.0,0,8
engr0,LG,BIM,0.2,PGD,0.7,0.9508196721311475,1.0,0,8
engr0,MOTO,BIM,0.2,PGD,0.7,0.9508196721311475,1.0,0,8
engr0,OP3,BIM,0.2,PGD,0.7,0.9508196721311475,1.0,0,8
engr0,S7,BIM,0.2,PGD,0.7,0.9508196721311475,1.0,0,8
engr0,BLU,BIM,0.2,PGD,0.8,0.9508196721311475,1.0,0,8
engr0,HTC,BIM,0.2,PGD,0.8,0.9508196721311475,1.0,0,8
engr0,LG,BIM,0.2,PGD,0.8,0.9508196721311475,1.0,0,8
engr0,MOTO,BIM,0.2,PGD,0.8,0.9508196721311475,1.0,0,8
engr0,OP3,BIM,0.2,PGD,0.8,0.9508196721311475,1.0,0,8
engr0,S7,BIM,0.2,PGD,0.8,0.9508196721311475,1.0,0,8
engr0,BLU,BIM,0.2,PGD,0.9,0.9508196721311475,1.0,0,8
engr0,HTC,BIM,0.2,PGD,0.9,0.9508196721311475,1.0,0,8
engr0,LG,BIM,0.2,PGD,0.9,0.9508196721311475,1.0,0,8
engr0,MOTO,BIM,0.2,PGD,0.9,0.9508196721311475,1.0,0,8
engr0,OP3,BIM,0.2,PGD,0.9,0.9508196721311475,1.0,0,8
engr0,S7,BIM,0.2,PGD,0.9,0.9508196721311475,1.0,0,8
engr0,BLU,BIM,0.2,PGD,1.0,0.9508196721311475,1.0,0,8
engr0,HTC,BIM,0.2,PGD,1.0,0.9508196721311475,1.0,0,8
engr0,LG,BIM,0.2,PGD,1.0,0.9508196721311475,1.0,0,8
engr0,MOTO,BIM,0.2,PGD,1.0,0.9508196721311475,1.0,0,8
engr0,OP3,BIM,0.2,PGD,1.0,0.9508196721311475,1.0,0,8
engr0,S7,BIM,0.2,PGD,1.0,0.9508196721311475,1.0,0,8
engr0,BLU,BIM,0.3,PGD,0.1,0.8852459016393442,0.0,0,5
engr0,HTC,BIM,0.3,PGD,0.1,0.8852459016393442,0.0,0,5
engr0,LG,BIM,0.3,PGD,0.1,0.8852459016393442,0.0,0,5
engr0,MOTO,BIM,0.3,PGD,0.1,0.8852459016393442,0.0,0,5
engr0,OP3,BIM,0.3,PGD,0.1,0.8852459016393442,0.0,0,5
engr0,S7,BIM,0.3,PGD,0.1,0.8852459016393442,0.0,0,5
engr0,BLU,BIM,0.3,PGD,0.2,1.0327868852459017,1.0,0,7
engr0,HTC,BIM,0.3,PGD,0.2,1.0327868852459017,1.0,0,7
engr0,LG,BIM,0.3,PGD,0.2,1.0327868852459017,1.0,0,7
engr0,MOTO,BIM,0.3,PGD,0.2,1.0327868852459017,1.0,0,7
engr0,OP3,BIM,0.3,PGD,0.2,1.0327868852459017,1.0,0,7
engr0,S7,BIM,0.3,PGD,0.2,1.0327868852459017,1.0,0,7
engr0,BLU,BIM,0.3,PGD,0.3,1.1639344262295082,1.0,0,7
engr0,HTC,BIM,0.3,PGD,0.3,1.1639344262295082,1.0,0,7
engr0,LG,BIM,0.3,PGD,0.3,1.1639344262295082,1.0,0,7
engr0,MOTO,BIM,0.3,PGD,0.3,1.1639344262295082,1.0,0,7
engr0,OP3,BIM,0.3,PGD,0.3,1.1639344262295082,1.0,0,7
engr0,S7,BIM,0.3,PGD,0.3,1.1639344262295082,1.0,0,7
engr0,BLU,BIM,0.3,PGD,0.4,1.4426229508196722,1.0,0,23
engr0,HTC,BIM,0.3,PGD,0.4,1.4426229508196722,1.0,0,23
engr0,LG,BIM,0.3,PGD,0.4,1.4426229508196722,1.0,0,23
engr0,MOTO,BIM,0.3,PGD,0.4,1.4426229508196722,1.0,0,23
engr0,OP3,BIM,0.3,PGD,0.4,1.4426229508196722,1.0,0,23
engr0,S7,BIM,0.3,PGD,0.4,1.4426229508196722,1.0,0,23
engr0,BLU,BIM,0.3,PGD,0.5,1.4426229508196722,1.0,0,23
engr0,HTC,BIM,0.3,PGD,0.5,1.4426229508196722,1.0,0,23
engr0,LG,BIM,0.3,PGD,0.5,1.4426229508196722,1.0,0,23
engr0,MOTO,BIM,0.3,PGD,0.5,1.4426229508196722,1.0,0,23
engr0,OP3,BIM,0.3,PGD,0.5,1.4426229508196722,1.0,0,23
engr0,S7,BIM,0.3,PGD,0.5,1.4426229508196722,1.0,0,23
engr0,BLU,BIM,0.3,PGD,0.6,1.4426229508196722,1.0,0,23
engr0,HTC,BIM,0.3,PGD,0.6,1.4426229508196722,1.0,0,23
engr0,LG,BIM,0.3,PGD,0.6,1.4426229508196722,1.0,0,23
engr0,MOTO,BIM,0.3,PGD,0.6,1.4426229508196722,1.0,0,23
engr0,OP3,BIM,0.3,PGD,0.6,1.4426229508196722,1.0,0,23
engr0,S7,BIM,0.3,PGD,0.6,1.4426229508196722,1.0,0,23
engr0,BLU,BIM,0.3,PGD,0.7,1.4426229508196722,1.0,0,23
engr0,HTC,BIM,0.3,PGD,0.7,1.4426229508196722,1.0,0,23
engr0,LG,BIM,0.3,PGD,0.7,1.4426229508196722,1.0,0,23
engr0,MOTO,BIM,0.3,PGD,0.7,1.4426229508196722,1.0,0,23
engr0,OP3,BIM,0.3,PGD,0.7,1.4426229508196722,1.0,0,23
engr0,S7,BIM,0.3,PGD,0.7,1.4426229508196722,1.0,0,23
engr0,BLU,BIM,0.3,PGD,0.8,1.4426229508196722,1.0,0,23
engr0,HTC,BIM,0.3,PGD,0.8,1.4426229508196722,1.0,0,23
engr0,LG,BIM,0.3,PGD,0.8,1.4426229508196722,1.0,0,23
engr0,MOTO,BIM,0.3,PGD,0.8,1.4426229508196722,1.0,0,23
engr0,OP3,BIM,0.3,PGD,0.8,1.4426229508196722,1.0,0,23
engr0,S7,BIM,0.3,PGD,0.8,1.4426229508196722,1.0,0,23
engr0,BLU,BIM,0.3,PGD,0.9,1.4426229508196722,1.0,0,23
engr0,HTC,BIM,0.3,PGD,0.9,1.4426229508196722,1.0,0,23
engr0,LG,BIM,0.3,PGD,0.9,1.4426229508196722,1.0,0,23
engr0,MOTO,BIM,0.3,PGD,0.9,1.4426229508196722,1.0,0,23
engr0,OP3,BIM,0.3,PGD,0.9,1.4426229508196722,1.0,0,23
engr0,S7,BIM,0.3,PGD,0.9,1.4426229508196722,1.0,0,23
engr0,BLU,BIM,0.3,PGD,1.0,1.4426229508196722,1.0,0,23
engr0,HTC,BIM,0.3,PGD,1.0,1.4426229508196722,1.0,0,23
engr0,LG,BIM,0.3,PGD,1.0,1.4426229508196722,1.0,0,23
engr0,MOTO,BIM,0.3,PGD,1.0,1.4426229508196722,1.0,0,23
engr0,OP3,BIM,0.3,PGD,1.0,1.4426229508196722,1.0,0,23
engr0,S7,BIM,0.3,PGD,1.0,1.4426229508196722,1.0,0,23
engr0,BLU,BIM,0.4,PGD,0.1,1.3770491803278688,1.0,0,22
engr0,HTC,BIM,0.4,PGD,0.1,1.3770491803278688,1.0,0,22
engr0,LG,BIM,0.4,PGD,0.1,1.3770491803278688,1.0,0,22
engr0,MOTO,BIM,0.4,PGD,0.1,1.3770491803278688,1.0,0,22
engr0,OP3,BIM,0.4,PGD,0.1,1.3770491803278688,1.0,0,22
engr0,S7,BIM,0.4,PGD,0.1,1.3770491803278688,1.0,0,22
engr0,BLU,BIM,0.4,PGD,0.2,1.5081967213114753,1.0,0,22
engr0,HTC,BIM,0.4,PGD,0.2,1.5081967213114753,1.0,0,22
engr0,LG,BIM,0.4,PGD,0.2,1.5081967213114753,1.0,0,22
engr0,MOTO,BIM,0.4,PGD,0.2,1.5081967213114753,1.0,0,22
engr0,OP3,BIM,0.4,PGD,0.2,1.5081967213114753,1.0,0,22
engr0,S7,BIM,0.4,PGD,0.2,1.5081967213114753,1.0,0,22
engr0,BLU,BIM,0.4,PGD,0.3,1.4754098360655739,1.0,0,23
engr0,HTC,BIM,0.4,PGD,0.3,1.4754098360655739,1.0,0,23
engr0,LG,BIM,0.4,PGD,0.3,1.4754098360655739,1.0,0,23
engr0,MOTO,BIM,0.4,PGD,0.3,1.4754098360655739,1.0,0,23
engr0,OP3,BIM,0.4,PGD,0.3,1.4754098360655739,1.0,0,23
engr0,S7,BIM,0.4,PGD,0.3,1.4754098360655739,1.0,0,23
engr0,BLU,BIM,0.4,PGD,0.4,1.4918032786885247,1.0,0,22
engr0,HTC,BIM,0.4,PGD,0.4,1.4918032786885247,1.0,0,22
engr0,LG,BIM,0.4,PGD,0.4,1.4918032786885247,1.0,0,22
engr0,MOTO,BIM,0.4,PGD,0.4,1.4918032786885247,1.0,0,22
engr0,OP3,BIM,0.4,PGD,0.4,1.4918032786885247,1.0,0,22
engr0,S7,BIM,0.4,PGD,0.4,1.4918032786885247,1.0,0,22
engr0,BLU,BIM,0.4,PGD,0.5,1.4918032786885247,1.0,0,22
engr0,HTC,BIM,0.4,PGD,0.5,1.4918032786885247,1.0,0,22
engr0,LG,BIM,0.4,PGD,0.5,1.4918032786885247,1.0,0,22
engr0,MOTO,BIM,0.4,PGD,0.5,1.4918032786885247,1.0,0,22
engr0,OP3,BIM,0.4,PGD,0.5,1.4918032786885247,1.0,0,22
engr0,S7,BIM,0.4,PGD,0.5,1.4918032786885247,1.0,0,22
engr0,BLU,BIM,0.4,PGD,0.6,1.4918032786885247,1.0,0,22
engr0,HTC,BIM,0.4,PGD,0.6,1.4918032786885247,1.0,0,22
engr0,LG,BIM,0.4,PGD,0.6,1.4918032786885247,1.0,0,22
engr0,MOTO,BIM,0.4,PGD,0.6,1.4918032786885247,1.0,0,22
engr0,OP3,BIM,0.4,PGD,0.6,1.4918032786885247,1.0,0,22
engr0,S7,BIM,0.4,PGD,0.6,1.4918032786885247,1.0,0,22
engr0,BLU,BIM,0.4,PGD,0.7,1.4918032786885247,1.0,0,22
engr0,HTC,BIM,0.4,PGD,0.7,1.4918032786885247,1.0,0,22
engr0,LG,BIM,0.4,PGD,0.7,1.4918032786885247,1.0,0,22
engr0,MOTO,BIM,0.4,PGD,0.7,1.4918032786885247,1.0,0,22
engr0,OP3,BIM,0.4,PGD,0.7,1.4918032786885247,1.0,0,22
engr0,S7,BIM,0.4,PGD,0.7,1.4918032786885247,1.0,0,22
engr0,BLU,BIM,0.4,PGD,0.8,1.4918032786885247,1.0,0,22
engr0,HTC,BIM,0.4,PGD,0.8,1.4918032786885247,1.0,0,22
engr0,LG,BIM,0.4,PGD,0.8,1.4918032786885247,1.0,0,22
engr0,MOTO,BIM,0.4,PGD,0.8,1.4918032786885247,1.0,0,22
engr0,OP3,BIM,0.4,PGD,0.8,1.4918032786885247,1.0,0,22
engr0,S7,BIM,0.4,PGD,0.8,1.4918032786885247,1.0,0,22
engr0,BLU,BIM,0.4,PGD,0.9,1.4918032786885247,1.0,0,22
engr0,HTC,BIM,0.4,PGD,0.9,1.4918032786885247,1.0,0,22
engr0,LG,BIM,0.4,PGD,0.9,1.4918032786885247,1.0,0,22
engr0,MOTO,BIM,0.4,PGD,0.9,1.4918032786885247,1.0,0,22
engr0,OP3,BIM,0.4,PGD,0.9,1.4918032786885247,1.0,0,22
engr0,S7,BIM,0.4,PGD,0.9,1.4918032786885247,1.0,0,22
engr0,BLU,BIM,0.4,PGD,1.0,1.4918032786885247,1.0,0,22
engr0,HTC,BIM,0.4,PGD,1.0,1.4918032786885247,1.0,0,22
engr0,LG,BIM,0.4,PGD,1.0,1.4918032786885247,1.0,0,22
engr0,MOTO,BIM,0.4,PGD,1.0,1.4918032786885247,1.0,0,22
engr0,OP3,BIM,0.4,PGD,1.0,1.4918032786885247,1.0,0,22
engr0,S7,BIM,0.4,PGD,1.0,1.4918032786885247,1.0,0,22
engr0,BLU,BIM,0.5,PGD,0.1,0.7213114754098361,0.0,0,4
engr0,HTC,BIM,0.5,PGD,0.1,0.7213114754098361,0.0,0,4
engr0,LG,BIM,0.5,PGD,0.1,0.7213114754098361,0.0,0,4
engr0,MOTO,BIM,0.5,PGD,0.1,0.7213114754098361,0.0,0,4
engr0,OP3,BIM,0.5,PGD,0.1,0.7213114754098361,0.0,0,4
engr0,S7,BIM,0.5,PGD,0.1,0.7213114754098361,0.0,0,4
engr0,BLU,BIM,0.5,PGD,0.2,0.8688524590163934,1.0,0,4
engr0,HTC,BIM,0.5,PGD,0.2,0.8688524590163934,1.0,0,4
engr0,LG,BIM,0.5,PGD,0.2,0.8688524590163934,1.0,0,4
engr0,MOTO,BIM,0.5,PGD,0.2,0.8688524590163934,1.0,0,4
engr0,OP3,BIM,0.5,PGD,0.2,0.8688524590163934,1.0,0,4
engr0,S7,BIM,0.5,PGD,0.2,0.8688524590163934,1.0,0,4
engr0,BLU,BIM,0.5,PGD,0.3,1.098360655737705,1.0,0,5
engr0,HTC,BIM,0.5,PGD,0.3,1.098360655737705,1.0,0,5
engr0,LG,BIM,0.5,PGD,0.3,1.098360655737705,1.0,0,5
engr0,MOTO,BIM,0.5,PGD,0.3,1.098360655737705,1.0,0,5
engr0,OP3,BIM,0.5,PGD,0.3,1.098360655737705,1.0,0,5
engr0,S7,BIM,0.5,PGD,0.3,1.098360655737705,1.0,0,5
engr0,BLU,BIM,0.5,PGD,0.4,1.098360655737705,1.0,0,7
engr0,HTC,BIM,0.5,PGD,0.4,1.098360655737705,1.0,0,7
engr0,LG,BIM,0.5,PGD,0.4,1.098360655737705,1.0,0,7
engr0,MOTO,BIM,0.5,PGD,0.4,1.098360655737705,1.0,0,7
engr0,OP3,BIM,0.5,PGD,0.4,1.098360655737705,1.0,0,7
engr0,S7,BIM,0.5,PGD,0.4,1.098360655737705,1.0,0,7
engr0,BLU,BIM,0.5,PGD,0.5,1.098360655737705,1.0,0,7
engr0,HTC,BIM,0.5,PGD,0.5,1.098360655737705,1.0,0,7
engr0,LG,BIM,0.5,PGD,0.5,1.098360655737705,1.0,0,7
engr0,MOTO,BIM,0.5,PGD,0.5,1.098360655737705,1.0,0,7
engr0,OP3,BIM,0.5,PGD,0.5,1.098360655737705,1.0,0,7
engr0,S7,BIM,0.5,PGD,0.5,1.098360655737705,1.0,0,7
engr0,BLU,BIM,0.5,PGD,0.6,1.098360655737705,1.0,0,7
engr0,HTC,BIM,0.5,PGD,0.6,1.098360655737705,1.0,0,7
engr0,LG,BIM,0.5,PGD,0.6,1.098360655737705,1.0,0,7
engr0,MOTO,BIM,0.5,PGD,0.6,1.098360655737705,1.0,0,7
engr0,OP3,BIM,0.5,PGD,0.6,1.098360655737705,1.0,0,7
engr0,S7,BIM,0.5,PGD,0.6,1.098360655737705,1.0,0,7
engr0,BLU,BIM,0.5,PGD,0.7,1.098360655737705,1.0,0,7
engr0,HTC,BIM,0.5,PGD,0.7,1.098360655737705,1.0,0,7
engr0,LG,BIM,0.5,PGD,0.7,1.098360655737705,1.0,0,7
engr0,MOTO,BIM,0.5,PGD,0.7,1.098360655737705,1.0,0,7
engr0,OP3,BIM,0.5,PGD,0.7,1.098360655737705,1.0,0,7
engr0,S7,BIM,0.5,PGD,0.7,1.098360655737705,1.0,0,7
engr0,BLU,BIM,0.5,PGD,0.8,1.098360655737705,1.0,0,7
engr0,HTC,BIM,0.5,PGD,0.8,1.098360655737705,1.0,0,7
engr0,LG,BIM,0.5,PGD,0.8,1.098360655737705,1.0,0,7
engr0,MOTO,BIM,0.5,PGD,0.8,1.098360655737705,1.0,0,7
engr0,OP3,BIM,0.5,PGD,0.8,1.098360655737705,1.0,0,7
engr0,S7,BIM,0.5,PGD,0.8,1.098360655737705,1.0,0,7
engr0,BLU,BIM,0.5,PGD,0.9,1.098360655737705,1.0,0,7
engr0,HTC,BIM,0.5,PGD,0.9,1.098360655737705,1.0,0,7
engr0,LG,BIM,0.5,PGD,0.9,1.098360655737705,1.0,0,7
engr0,MOTO,BIM,0.5,PGD,0.9,1.098360655737705,1.0,0,7
engr0,OP3,BIM,0.5,PGD,0.9,1.098360655737705,1.0,0,7
engr0,S7,BIM,0.5,PGD,0.9,1.098360655737705,1.0,0,7
engr0,BLU,BIM,0.5,PGD,1.0,1.098360655737705,1.0,0,7
engr0,HTC,BIM,0.5,PGD,1.0,1.098360655737705,1.0,0,7
engr0,LG,BIM,0.5,PGD,1.0,1.098360655737705,1.0,0,7
engr0,MOTO,BIM,0.5,PGD,1.0,1.098360655737705,1.0,0,7
engr0,OP3,BIM,0.5,PGD,1.0,1.098360655737705,1.0,0,7
engr0,S7,BIM,0.5,PGD,1.0,1.098360655737705,1.0,0,7
engr0,BLU,BIM,0.6,PGD,0.1,0.8852459016393442,0.0,0,4
engr0,HTC,BIM,0.6,PGD,0.1,0.8852459016393442,0.0,0,4
engr0,LG,BIM,0.6,PGD,0.1,0.8852459016393442,0.0,0,4
engr0,MOTO,BIM,0.6,PGD,0.1,0.8852459016393442,0.0,0,4
engr0,OP3,BIM,0.6,PGD,0.1,0.8852459016393442,0.0,0,4
engr0,S7,BIM,0.6,PGD,0.1,0.8852459016393442,0.0,0,4
engr0,BLU,BIM,0.6,PGD,0.2,0.9344262295081968,1.0,0,4
engr0,HTC,BIM,0.6,PGD,0.2,0.9344262295081968,1.0,0,4
engr0,LG,BIM,0.6,PGD,0.2,0.9344262295081968,1.0,0,4
engr0,MOTO,BIM,0.6,PGD,0.2,0.9344262295081968,1.0,0,4
engr0,OP3,BIM,0.6,PGD,0.2,0.9344262295081968,1.0,0,4
engr0,S7,BIM,0.6,PGD,0.2,0.9344262295081968,1.0,0,4
engr0,BLU,BIM,0.6,PGD,0.3,1.2950819672131149,1.0,0,9
engr0,HTC,BIM,0.6,PGD,0.3,1.2950819672131149,1.0,0,9
engr0,LG,BIM,0.6,PGD,0.3,1.2950819672131149,1.0,0,9
engr0,MOTO,BIM,0.6,PGD,0.3,1.2950819672131149,1.0,0,9
engr0,OP3,BIM,0.6,PGD,0.3,1.2950819672131149,1.0,0,9
engr0,S7,BIM,0.6,PGD,0.3,1.2950819672131149,1.0,0,9
engr0,BLU,BIM,0.6,PGD,0.4,1.2622950819672132,1.0,0,9
engr0,HTC,BIM,0.6,PGD,0.4,1.2622950819672132,1.0,0,9
engr0,LG,BIM,0.6,PGD,0.4,1.2622950819672132,1.0,0,9
engr0,MOTO,BIM,0.6,PGD,0.4,1.2622950819672132,1.0,0,9
engr0,OP3,BIM,0.6,PGD,0.4,1.2622950819672132,1.0,0,9
engr0,S7,BIM,0.6,PGD,0.4,1.2622950819672132,1.0,0,9
engr0,BLU,BIM,0.6,PGD,0.5,1.2622950819672132,1.0,0,9
engr0,HTC,BIM,0.6,PGD,0.5,1.2622950819672132,1.0,0,9
engr0,LG,BIM,0.6,PGD,0.5,1.2622950819672132,1.0,0,9
engr0,MOTO,BIM,0.6,PGD,0.5,1.2622950819672132,1.0,0,9
engr0,OP3,BIM,0.6,PGD,0.5,1.2622950819672132,1.0,0,9
engr0,S7,BIM,0.6,PGD,0.5,1.2622950819672132,1.0,0,9
engr0,BLU,BIM,0.6,PGD,0.6,1.2622950819672132,1.0,0,9
engr0,HTC,BIM,0.6,PGD,0.6,1.2622950819672132,1.0,0,9
engr0,LG,BIM,0.6,PGD,0.6,1.2622950819672132,1.0,0,9
engr0,MOTO,BIM,0.6,PGD,0.6,1.2622950819672132,1.0,0,9
engr0,OP3,BIM,0.6,PGD,0.6,1.2622950819672132,1.0,0,9
engr0,S7,BIM,0.6,PGD,0.6,1.2622950819672132,1.0,0,9
engr0,BLU,BIM,0.6,PGD,0.7,1.2622950819672132,1.0,0,9
engr0,HTC,BIM,0.6,PGD,0.7,1.2622950819672132,1.0,0,9
engr0,LG,BIM,0.6,PGD,0.7,1.2622950819672132,1.0,0,9
engr0,MOTO,BIM,0.6,PGD,0.7,1.2622950819672132,1.0,0,9
engr0,OP3,BIM,0.6,PGD,0.7,1.2622950819672132,1.0,0,9
engr0,S7,BIM,0.6,PGD,0.7,1.2622950819672132,1.0,0,9
engr0,BLU,BIM,0.6,PGD,0.8,1.2622950819672132,1.0,0,9
engr0,HTC,BIM,0.6,PGD,0.8,1.2622950819672132,1.0,0,9
engr0,LG,BIM,0.6,PGD,0.8,1.2622950819672132,1.0,0,9
engr0,MOTO,BIM,0.6,PGD,0.8,1.2622950819672132,1.0,0,9
engr0,OP3,BIM,0.6,PGD,0.8,1.2622950819672132,1.0,0,9
engr0,S7,BIM,0.6,PGD,0.8,1.2622950819672132,1.0,0,9
engr0,BLU,BIM,0.6,PGD,0.9,1.2622950819672132,1.0,0,9
engr0,HTC,BIM,0.6,PGD,0.9,1.2622950819672132,1.0,0,9
engr0,LG,BIM,0.6,PGD,0.9,1.2622950819672132,1.0,0,9
engr0,MOTO,BIM,0.6,PGD,0.9,1.2622950819672132,1.0,0,9
engr0,OP3,BIM,0.6,PGD,0.9,1.2622950819672132,1.0,0,9
engr0,S7,BIM,0.6,PGD,0.9,1.2622950819672132,1.0,0,9
engr0,BLU,BIM,0.6,PGD,1.0,1.2622950819672132,1.0,0,9
engr0,HTC,BIM,0.6,PGD,1.0,1.2622950819672132,1.0,0,9
engr0,LG,BIM,0.6,PGD,1.0,1.2622950819672132,1.0,0,9
engr0,MOTO,BIM,0.6,PGD,1.0,1.2622950819672132,1.0,0,9
engr0,OP3,BIM,0.6,PGD,1.0,1.2622950819672132,1.0,0,9
engr0,S7,BIM,0.6,PGD,1.0,1.2622950819672132,1.0,0,9
engr0,BLU,BIM,0.7,PGD,0.1,1.5245901639344261,1.0,0,22
engr0,HTC,BIM,0.7,PGD,0.1,1.5245901639344261,1.0,0,22
engr0,LG,BIM,0.7,PGD,0.1,1.5245901639344261,1.0,0,22
engr0,MOTO,BIM,0.7,PGD,0.1,1.5245901639344261,1.0,0,22
engr0,OP3,BIM,0.7,PGD,0.1,1.5245901639344261,1.0,0,22
engr0,S7,BIM,0.7,PGD,0.1,1.5245901639344261,1.0,0,22
engr0,BLU,BIM,0.7,PGD,0.2,1.7868852459016393,1.0,0,23
engr0,HTC,BIM,0.7,PGD,0.2,1.7868852459016393,1.0,0,23
engr0,LG,BIM,0.7,PGD,0.2,1.7868852459016393,1.0,0,23
engr0,MOTO,BIM,0.7,PGD,0.2,1.7868852459016393,1.0,0,23
engr0,OP3,BIM,0.7,PGD,0.2,1.7868852459016393,1.0,0,23
engr0,S7,BIM,0.7,PGD,0.2,1.7868852459016393,1.0,0,23
engr0,BLU,BIM,0.7,PGD,0.3,1.8360655737704918,1.0,0,22
engr0,HTC,BIM,0.7,PGD,0.3,1.8360655737704918,1.0,0,22
engr0,LG,BIM,0.7,PGD,0.3,1.8360655737704918,1.0,0,22
engr0,MOTO,BIM,0.7,PGD,0.3,1.8360655737704918,1.0,0,22
engr0,OP3,BIM,0.7,PGD,0.3,1.8360655737704918,1.0,0,22
engr0,S7,BIM,0.7,PGD,0.3,1.8360655737704918,1.0,0,22
engr0,BLU,BIM,0.7,PGD,0.4,1.8032786885245902,1.0,0,22
engr0,HTC,BIM,0.7,PGD,0.4,1.8032786885245902,1.0,0,22
engr0,LG,BIM,0.7,PGD,0.4,1.8032786885245902,1.0,0,22
engr0,MOTO,BIM,0.7,PGD,0.4,1.8032786885245902,1.0,0,22
engr0,OP3,BIM,0.7,PGD,0.4,1.8032786885245902,1.0,0,22
engr0,S7,BIM,0.7,PGD,0.4,1.8032786885245902,1.0,0,22
engr0,BLU,BIM,0.7,PGD,0.5,1.8032786885245902,1.0,0,22
engr0,HTC,BIM,0.7,PGD,0.5,1.8032786885245902,1.0,0,22
engr0,LG,BIM,0.7,PGD,0.5,1.8032786885245902,1.0,0,22
engr0,MOTO,BIM,0.7,PGD,0.5,1.8032786885245902,1.0,0,22
engr0,OP3,BIM,0.7,PGD,0.5,1.8032786885245902,1.0,0,22
engr0,S7,BIM,0.7,PGD,0.5,1.8032786885245902,1.0,0,22
engr0,BLU,BIM,0.7,PGD,0.6,1.8032786885245902,1.0,0,22
engr0,HTC,BIM,0.7,PGD,0.6,1.8032786885245902,1.0,0,22
engr0,LG,BIM,0.7,PGD,0.6,1.8032786885245902,1.0,0,22
engr0,MOTO,BIM,0.7,PGD,0.6,1.8032786885245902,1.0,0,22
engr0,OP3,BIM,0.7,PGD,0.6,1.8032786885245902,1.0,0,22
engr0,S7,BIM,0.7,PGD,0.6,1.8032786885245902,1.0,0,22
engr0,BLU,BIM,0.7,PGD,0.7,1.8032786885245902,1.0,0,22
engr0,HTC,BIM,0.7,PGD,0.7,1.8032786885245902,1.0,0,22
engr0,LG,BIM,0.7,PGD,0.7,1.8032786885245902,1.0,0,22
engr0,MOTO,BIM,0.7,PGD,0.7,1.8032786885245902,1.0,0,22
engr0,OP3,BIM,0.7,PGD,0.7,1.8032786885245902,1.0,0,22
engr0,S7,BIM,0.7,PGD,0.7,1.8032786885245902,1.0,0,22
engr0,BLU,BIM,0.7,PGD,0.8,1.8032786885245902,1.0,0,22
engr0,HTC,BIM,0.7,PGD,0.8,1.8032786885245902,1.0,0,22
engr0,LG,BIM,0.7,PGD,0.8,1.8032786885245902,1.0,0,22
engr0,MOTO,BIM,0.7,PGD,0.8,1.8032786885245902,1.0,0,22
engr0,OP3,BIM,0.7,PGD,0.8,1.8032786885245902,1.0,0,22
engr0,S7,BIM,0.7,PGD,0.8,1.8032786885245902,1.0,0,22
engr0,BLU,BIM,0.7,PGD,0.9,1.8032786885245902,1.0,0,22
engr0,HTC,BIM,0.7,PGD,0.9,1.8032786885245902,1.0,0,22
engr0,LG,BIM,0.7,PGD,0.9,1.8032786885245902,1.0,0,22
engr0,MOTO,BIM,0.7,PGD,0.9,1.8032786885245902,1.0,0,22
engr0,OP3,BIM,0.7,PGD,0.9,1.8032786885245902,1.0,0,22
engr0,S7,BIM,0.7,PGD,0.9,1.8032786885245902,1.0,0,22
engr0,BLU,BIM,0.7,PGD,1.0,1.8032786885245902,1.0,0,22
engr0,HTC,BIM,0.7,PGD,1.0,1.8032786885245902,1.0,0,22
engr0,LG,BIM,0.7,PGD,1.0,1.8032786885245902,1.0,0,22
engr0,MOTO,BIM,0.7,PGD,1.0,1.8032786885245902,1.0,0,22
engr0,OP3,BIM,0.7,PGD,1.0,1.8032786885245902,1.0,0,22
engr0,S7,BIM,0.7,PGD,1.0,1.8032786885245902,1.0,0,22
engr0,BLU,BIM,0.8,PGD,0.1,0.8524590163934426,0.0,0,7
engr0,HTC,BIM,0.8,PGD,0.1,0.8524590163934426,0.0,0,7
engr0,LG,BIM,0.8,PGD,0.1,0.8524590163934426,0.0,0,7
engr0,MOTO,BIM,0.8,PGD,0.1,0.8524590163934426,0.0,0,7
engr0,OP3,BIM,0.8,PGD,0.1,0.8524590163934426,0.0,0,7
engr0,S7,BIM,0.8,PGD,0.1,0.8524590163934426,0.0,0,7
engr0,BLU,BIM,0.8,PGD,0.2,1.3278688524590163,1.0,0,10
engr0,HTC,BIM,0.8,PGD,0.2,1.3278688524590163,1.0,0,10
engr0,LG,BIM,0.8,PGD,0.2,1.3278688524590163,1.0,0,10
engr0,MOTO,BIM,0.8,PGD,0.2,1.3278688524590163,1.0,0,10
engr0,OP3,BIM,0.8,PGD,0.2,1.3278688524590163,1.0,0,10
engr0,S7,BIM,0.8,PGD,0.2,1.3278688524590163,1.0,0,10
engr0,BLU,BIM,0.8,PGD,0.3,1.2131147540983607,1.0,0,10
engr0,HTC,BIM,0.8,PGD,0.3,1.2131147540983607,1.0,0,10
engr0,LG,BIM,0.8,PGD,0.3,1.2131147540983607,1.0,0,10
engr0,MOTO,BIM,0.8,PGD,0.3,1.2131147540983607,1.0,0,10
engr0,OP3,BIM,0.8,PGD,0.3,1.2131147540983607,1.0,0,10
engr0,S7,BIM,0.8,PGD,0.3,1.2131147540983607,1.0,0,10
engr0,BLU,BIM,0.8,PGD,0.4,1.2622950819672132,1.0,0,10
engr0,HTC,BIM,0.8,PGD,0.4,1.2622950819672132,1.0,0,10
engr0,LG,BIM,0.8,PGD,0.4,1.2622950819672132,1.0,0,10
engr0,MOTO,BIM,0.8,PGD,0.4,1.2622950819672132,1.0,0,10
engr0,OP3,BIM,0.8,PGD,0.4,1.2622950819672132,1.0,0,10
engr0,S7,BIM,0.8,PGD,0.4,1.2622950819672132,1.0,0,10
engr0,BLU,BIM,0.8,PGD,0.5,1.2622950819672132,1.0,0,10
engr0,HTC,BIM,0.8,PGD,0.5,1.2622950819672132,1.0,0,10
engr0,LG,BIM,0.8,PGD,0.5,1.2622950819672132,1.0,0,10
engr0,MOTO,BIM,0.8,PGD,0.5,1.2622950819672132,1.0,0,10
engr0,OP3,BIM,0.8,PGD,0.5,1.2622950819672132,1.0,0,10
engr0,S7,BIM,0.8,PGD,0.5,1.2622950819672132,1.0,0,10
engr0,BLU,BIM,0.8,PGD,0.6,1.2622950819672132,1.0,0,10
engr0,HTC,BIM,0.8,PGD,0.6,1.2622950819672132,1.0,0,10
engr0,LG,BIM,0.8,PGD,0.6,1.2622950819672132,1.0,0,10
engr0,MOTO,BIM,0.8,PGD,0.6,1.2622950819672132,1.0,0,10
engr0,OP3,BIM,0.8,PGD,0.6,1.2622950819672132,1.0,0,10
engr0,S7,BIM,0.8,PGD,0.6,1.2622950819672132,1.0,0,10
engr0,BLU,BIM,0.8,PGD,0.7,1.2622950819672132,1.0,0,10
engr0,HTC,BIM,0.8,PGD,0.7,1.2622950819672132,1.0,0,10
engr0,LG,BIM,0.8,PGD,0.7,1.2622950819672132,1.0,0,10
engr0,MOTO,BIM,0.8,PGD,0.7,1.2622950819672132,1.0,0,10
engr0,OP3,BIM,0.8,PGD,0.7,1.2622950819672132,1.0,0,10
engr0,S7,BIM,0.8,PGD,0.7,1.2622950819672132,1.0,0,10
engr0,BLU,BIM,0.8,PGD,0.8,1.2622950819672132,1.0,0,10
engr0,HTC,BIM,0.8,PGD,0.8,1.2622950819672132,1.0,0,10
engr0,LG,BIM,0.8,PGD,0.8,1.2622950819672132,1.0,0,10
engr0,MOTO,BIM,0.8,PGD,0.8,1.2622950819672132,1.0,0,10
engr0,OP3,BIM,0.8,PGD,0.8,1.2622950819672132,1.0,0,10
engr0,S7,BIM,0.8,PGD,0.8,1.2622950819672132,1.0,0,10
engr0,BLU,BIM,0.8,PGD,0.9,1.2622950819672132,1.0,0,10
engr0,HTC,BIM,0.8,PGD,0.9,1.2622950819672132,1.0,0,10
engr0,LG,BIM,0.8,PGD,0.9,1.2622950819672132,1.0,0,10
engr0,MOTO,BIM,0.8,PGD,0.9,1.2622950819672132,1.0,0,10
engr0,OP3,BIM,0.8,PGD,0.9,1.2622950819672132,1.0,0,10
engr0,S7,BIM,0.8,PGD,0.9,1.2622950819672132,1.0,0,10
engr0,BLU,BIM,0.8,PGD,1.0,1.2622950819672132,1.0,0,10
engr0,HTC,BIM,0.8,PGD,1.0,1.2622950819672132,1.0,0,10
engr0,LG,BIM,0.8,PGD,1.0,1.2622950819672132,1.0,0,10
engr0,MOTO,BIM,0.8,PGD,1.0,1.2622950819672132,1.0,0,10
engr0,OP3,BIM,0.8,PGD,1.0,1.2622950819672132,1.0,0,10
engr0,S7,BIM,0.8,PGD,1.0,1.2622950819672132,1.0,0,10
engr0,BLU,BIM,0.9,PGD,0.1,0.9508196721311475,0.0,0,7
engr0,HTC,BIM,0.9,PGD,0.1,0.9508196721311475,0.0,0,7
engr0,LG,BIM,0.9,PGD,0.1,0.9508196721311475,0.0,0,7
engr0,MOTO,BIM,0.9,PGD,0.1,0.9508196721311475,0.0,0,7
engr0,OP3,BIM,0.9,PGD,0.1,0.9508196721311475,0.0,0,7
engr0,S7,BIM,0.9,PGD,0.1,0.9508196721311475,0.0,0,7
engr0,BLU,BIM,0.9,PGD,0.2,1.0655737704918034,1.0,0,7
engr0,HTC,BIM,0.9,PGD,0.2,1.0655737704918034,1.0,0,7
engr0,LG,BIM,0.9,PGD,0.2,1.0655737704918034,1.0,0,7
engr0,MOTO,BIM,0.9,PGD,0.2,1.0655737704918034,1.0,0,7
engr0,OP3,BIM,0.9,PGD,0.2,1.0655737704918034,1.0,0,7
engr0,S7,BIM,0.9,PGD,0.2,1.0655737704918034,1.0,0,7
engr0,BLU,BIM,0.9,PGD,0.3,0.9180327868852459,0.0,0,7
engr0,HTC,BIM,0.9,PGD,0.3,0.9180327868852459,0.0,0,7
engr0,LG,BIM,0.9,PGD,0.3,0.9180327868852459,0.0,0,7
engr0,MOTO,BIM,0.9,PGD,0.3,0.9180327868852459,0.0,0,7
engr0,OP3,BIM,0.9,PGD,0.3,0.9180327868852459,0.0,0,7
engr0,S7,BIM,0.9,PGD,0.3,0.9180327868852459,0.0,0,7
engr0,BLU,BIM,0.9,PGD,0.4,0.9344262295081968,0.0,0,7
engr0,HTC,BIM,0.9,PGD,0.4,0.9344262295081968,0.0,0,7
engr0,LG,BIM,0.9,PGD,0.4,0.9344262295081968,0.0,0,7
engr0,MOTO,BIM,0.9,PGD,0.4,0.9344262295081968,0.0,0,7
engr0,OP3,BIM,0.9,PGD,0.4,0.9344262295081968,0.0,0,7
engr0,S7,BIM,0.9,PGD,0.4,0.9344262295081968,0.0,0,7
engr0,BLU,BIM,0.9,PGD,0.5,0.9344262295081968,0.0,0,7
engr0,HTC,BIM,0.9,PGD,0.5,0.9344262295081968,0.0,0,7
engr0,LG,BIM,0.9,PGD,0.5,0.9344262295081968,0.0,0,7
engr0,MOTO,BIM,0.9,PGD,0.5,0.9344262295081968,0.0,0,7
engr0,OP3,BIM,0.9,PGD,0.5,0.9344262295081968,0.0,0,7
engr0,S7,BIM,0.9,PGD,0.5,0.9344262295081968,0.0,0,7
engr0,BLU,BIM,0.9,PGD,0.6,0.9344262295081968,0.0,0,7
engr0,HTC,BIM,0.9,PGD,0.6,0.9344262295081968,0.0,0,7
engr0,LG,BIM,0.9,PGD,0.6,0.9344262295081968,0.0,0,7
engr0,MOTO,BIM,0.9,PGD,0.6,0.9344262295081968,0.0,0,7
engr0,OP3,BIM,0.9,PGD,0.6,0.9344262295081968,0.0,0,7
engr0,S7,BIM,0.9,PGD,0.6,0.9344262295081968,0.0,0,7
engr0,BLU,BIM,0.9,PGD,0.7,0.9344262295081968,0.0,0,7
engr0,HTC,BIM,0.9,PGD,0.7,0.9344262295081968,0.0,0,7
engr0,LG,BIM,0.9,PGD,0.7,0.9344262295081968,0.0,0,7
engr0,MOTO,BIM,0.9,PGD,0.7,0.9344262295081968,0.0,0,7
engr0,OP3,BIM,0.9,PGD,0.7,0.9344262295081968,0.0,0,7
engr0,S7,BIM,0.9,PGD,0.7,0.9344262295081968,0.0,0,7
engr0,BLU,BIM,0.9,PGD,0.8,0.9344262295081968,0.0,0,7
engr0,HTC,BIM,0.9,PGD,0.8,0.9344262295081968,0.0,0,7
engr0,LG,BIM,0.9,PGD,0.8,0.9344262295081968,0.0,0,7
engr0,MOTO,BIM,0.9,PGD,0.8,0.9344262295081968,0.0,0,7
engr0,OP3,BIM,0.9,PGD,0.8,0.9344262295081968,0.0,0,7
engr0,S7,BIM,0.9,PGD,0.8,0.9344262295081968,0.0,0,7
engr0,BLU,BIM,0.9,PGD,0.9,0.9344262295081968,0.0,0,7
engr0,HTC,BIM,0.9,PGD,0.9,0.9344262295081968,0.0,0,7
engr0,LG,BIM,0.9,PGD,0.9,0.9344262295081968,0.0,0,7
engr0,MOTO,BIM,0.9,PGD,0.9,0.9344262295081968,0.0,0,7
engr0,OP3,BIM,0.9,PGD,0.9,0.9344262295081968,0.0,0,7
engr0,S7,BIM,0.9,PGD,0.9,0.9344262295081968,0.0,0,7
engr0,BLU,BIM,0.9,PGD,1.0,0.9344262295081968,0.0,0,7
engr0,HTC,BIM,0.9,PGD,1.0,0.9344262295081968,0.0,0,7
engr0,LG,BIM,0.9,PGD,1.0,0.9344262295081968,0.0,0,7
engr0,MOTO,BIM,0.9,PGD,1.0,0.9344262295081968,0.0,0,7
engr0,OP3,BIM,0.9,PGD,1.0,0.9344262295081968,0.0,0,7
engr0,S7,BIM,0.9,PGD,1.0,0.9344262295081968,0.0,0,7
engr0,BLU,BIM,1.0,PGD,0.1,0.8032786885245902,0.0,0,6
engr0,HTC,BIM,1.0,PGD,0.1,0.8032786885245902,0.0,0,6
engr0,LG,BIM,1.0,PGD,0.1,0.8032786885245902,0.0,0,6
engr0,MOTO,BIM,1.0,PGD,0.1,0.8032786885245902,0.0,0,6
engr0,OP3,BIM,1.0,PGD,0.1,0.8032786885245902,0.0,0,6
engr0,S7,BIM,1.0,PGD,0.1,0.8032786885245902,0.0,0,6
engr0,BLU,BIM,1.0,PGD,0.2,1.0819672131147542,1.0,0,7
engr0,HTC,BIM,1.0,PGD,0.2,1.0819672131147542,1.0,0,7
engr0,LG,BIM,1.0,PGD,0.2,1.0819672131147542,1.0,0,7
engr0,MOTO,BIM,1.0,PGD,0.2,1.0819672131147542,1.0,0,7
engr0,OP3,BIM,1.0,PGD,0.2,1.0819672131147542,1.0,0,7
engr0,S7,BIM,1.0,PGD,0.2,1.0819672131147542,1.0,0,7
engr0,BLU,BIM,1.0,PGD,0.3,2.1475409836065573,1.0,0,38
engr0,HTC,BIM,1.0,PGD,0.3,2.1475409836065573,1.0,0,38
engr0,LG,BIM,1.0,PGD,0.3,2.1475409836065573,1.0,0,38
engr0,MOTO,BIM,1.0,PGD,0.3,2.1475409836065573,1.0,0,38
engr0,OP3,BIM,1.0,PGD,0.3,2.1475409836065573,1.0,0,38
engr0,S7,BIM,1.0,PGD,0.3,2.1475409836065573,1.0,0,38
engr0,BLU,BIM,1.0,PGD,0.4,2.1475409836065573,1.0,0,38
engr0,HTC,BIM,1.0,PGD,0.4,2.1475409836065573,1.0,0,38
engr0,LG,BIM,1.0,PGD,0.4,2.1475409836065573,1.0,0,38
engr0,MOTO,BIM,1.0,PGD,0.4,2.1475409836065573,1.0,0,38
engr0,OP3,BIM,1.0,PGD,0.4,2.1475409836065573,1.0,0,38
engr0,S7,BIM,1.0,PGD,0.4,2.1475409836065573,1.0,0,38
engr0,BLU,BIM,1.0,PGD,0.5,2.1475409836065573,1.0,0,38
engr0,HTC,BIM,1.0,PGD,0.5,2.1475409836065573,1.0,0,38
engr0,LG,BIM,1.0,PGD,0.5,2.1475409836065573,1.0,0,38
engr0,MOTO,BIM,1.0,PGD,0.5,2.1475409836065573,1.0,0,38
engr0,OP3,BIM,1.0,PGD,0.5,2.1475409836065573,1.0,0,38
engr0,S7,BIM,1.0,PGD,0.5,2.1475409836065573,1.0,0,38
engr0,BLU,BIM,1.0,PGD,0.6,2.1475409836065573,1.0,0,38
engr0,HTC,BIM,1.0,PGD,0.6,2.1475409836065573,1.0,0,38
engr0,LG,BIM,1.0,PGD,0.6,2.1475409836065573,1.0,0,38
engr0,MOTO,BIM,1.0,PGD,0.6,2.1475409836065573,1.0,0,38
engr0,OP3,BIM,1.0,PGD,0.6,2.1475409836065573,1.0,0,38
engr0,S7,BIM,1.0,PGD,0.6,2.1475409836065573,1.0,0,38
engr0,BLU,BIM,1.0,PGD,0.7,2.1475409836065573,1.0,0,38
engr0,HTC,BIM,1.0,PGD,0.7,2.1475409836065573,1.0,0,38
engr0,LG,BIM,1.0,PGD,0.7,2.1475409836065573,1.0,0,38
engr0,MOTO,BIM,1.0,PGD,0.7,2.1475409836065573,1.0,0,38
engr0,OP3,BIM,1.0,PGD,0.7,2.1475409836065573,1.0,0,38
engr0,S7,BIM,1.0,PGD,0.7,2.1475409836065573,1.0,0,38
engr0,BLU,BIM,1.0,PGD,0.8,2.1475409836065573,1.0,0,38
engr0,HTC,BIM,1.0,PGD,0.8,2.1475409836065573,1.0,0,38
engr0,LG,BIM,1.0,PGD,0.8,2.1475409836065573,1.0,0,38
engr0,MOTO,BIM,1.0,PGD,0.8,2.1475409836065573,1.0,0,38
engr0,OP3,BIM,1.0,PGD,0.8,2.1475409836065573,1.0,0,38
engr0,S7,BIM,1.0,PGD,0.8,2.1475409836065573,1.0,0,38
engr0,BLU,BIM,1.0,PGD,0.9,2.1475409836065573,1.0,0,38
engr0,HTC,BIM,1.0,PGD,0.9,2.1475409836065573,1.0,0,38
engr0,LG,BIM,1.0,PGD,0.9,2.1475409836065573,1.0,0,38
engr0,MOTO,BIM,1.0,PGD,0.9,2.1475409836065573,1.0,0,38
engr0,OP3,BIM,1.0,PGD,0.9,2.1475409836065573,1.0,0,38
engr0,S7,BIM,1.0,PGD,0.9,2.1475409836065573,1.0,0,38
engr0,BLU,BIM,1.0,PGD,1.0,2.1475409836065573,1.0,0,38
engr0,HTC,BIM,1.0,PGD,1.0,2.1475409836065573,1.0,0,38
engr0,LG,BIM,1.0,PGD,1.0,2.1475409836065573,1.0,0,38
engr0,MOTO,BIM,1.0,PGD,1.0,2.1475409836065573,1.0,0,38
engr0,OP3,BIM,1.0,PGD,1.0,2.1475409836065573,1.0,0,38
engr0,S7,BIM,1.0,PGD,1.0,2.1475409836065573,1.0,0,38
engr0,BLU,CW,0.1,PGD,0.1,9.852459016393443,4.0,0,47
engr0,HTC,CW,0.1,PGD,0.1,9.852459016393443,4.0,0,47
engr0,LG,CW,0.1,PGD,0.1,9.852459016393443,4.0,0,47
engr0,MOTO,CW,0.1,PGD,0.1,9.852459016393443,4.0,0,47
engr0,OP3,CW,0.1,PGD,0.1,9.852459016393443,4.0,0,47
engr0,S7,CW,0.1,PGD,0.1,9.852459016393443,4.0,0,47
engr0,BLU,CW,0.1,PGD,0.2,11.311475409836065,6.0,0,47
engr0,HTC,CW,0.1,PGD,0.2,11.311475409836065,6.0,0,47
engr0,LG,CW,0.1,PGD,0.2,11.311475409836065,6.0,0,47
engr0,MOTO,CW,0.1,PGD,0.2,11.311475409836065,6.0,0,47
engr0,OP3,CW,0.1,PGD,0.2,11.311475409836065,6.0,0,47
engr0,S7,CW,0.1,PGD,0.2,11.311475409836065,6.0,0,47
engr0,BLU,CW,0.1,PGD,0.3,10.704918032786885,6.0,0,47
engr0,HTC,CW,0.1,PGD,0.3,10.704918032786885,6.0,0,47
engr0,LG,CW,0.1,PGD,0.3,10.704918032786885,6.0,0,47
engr0,MOTO,CW,0.1,PGD,0.3,10.704918032786885,6.0,0,47
engr0,OP3,CW,0.1,PGD,0.3,10.704918032786885,6.0,0,47
engr0,S7,CW,0.1,PGD,0.3,10.704918032786885,6.0,0,47
engr0,BLU,CW,0.1,PGD,0.4,10.688524590163935,6.0,0,47
engr0,HTC,CW,0.1,PGD,0.4,10.688524590163935,6.0,0,47
engr0,LG,CW,0.1,PGD,0.4,10.688524590163935,6.0,0,47
engr0,MOTO,CW,0.1,PGD,0.4,10.688524590163935,6.0,0,47
engr0,OP3,CW,0.1,PGD,0.4,10.688524590163935,6.0,0,47
engr0,S7,CW,0.1,PGD,0.4,10.688524590163935,6.0,0,47
engr0,BLU,CW,0.1,PGD,0.5,10.688524590163935,6.0,0,47
engr0,HTC,CW,0.1,PGD,0.5,10.688524590163935,6.0,0,47
engr0,LG,CW,0.1,PGD,0.5,10.688524590163935,6.0,0,47
engr0,MOTO,CW,0.1,PGD,0.5,10.688524590163935,6.0,0,47
engr0,OP3,CW,0.1,PGD,0.5,10.688524590163935,6.0,0,47
engr0,S7,CW,0.1,PGD,0.5,10.688524590163935,6.0,0,47
engr0,BLU,CW,0.1,PGD,0.6,10.688524590163935,6.0,0,47
engr0,HTC,CW,0.1,PGD,0.6,10.688524590163935,6.0,0,47
engr0,LG,CW,0.1,PGD,0.6,10.688524590163935,6.0,0,47
engr0,MOTO,CW,0.1,PGD,0.6,10.688524590163935,6.0,0,47
engr0,OP3,CW,0.1,PGD,0.6,10.688524590163935,6.0,0,47
engr0,S7,CW,0.1,PGD,0.6,10.688524590163935,6.0,0,47
engr0,BLU,CW,0.1,PGD,0.7,10.688524590163935,6.0,0,47
engr0,HTC,CW,0.1,PGD,0.7,10.688524590163935,6.0,0,47
engr0,LG,CW,0.1,PGD,0.7,10.688524590163935,6.0,0,47
engr0,MOTO,CW,0.1,PGD,0.7,10.688524590163935,6.0,0,47
engr0,OP3,CW,0.1,PGD,0.7,10.688524590163935,6.0,0,47
engr0,S7,CW,0.1,PGD,0.7,10.688524590163935,6.0,0,47
engr0,BLU,CW,0.1,PGD,0.8,10.688524590163935,6.0,0,47
engr0,HTC,CW,0.1,PGD,0.8,10.688524590163935,6.0,0,47
engr0,LG,CW,0.1,PGD,0.8,10.688524590163935,6.0,0,47
engr0,MOTO,CW,0.1,PGD,0.8,10.688524590163935,6.0,0,47
engr0,OP3,CW,0.1,PGD,0.8,10.688524590163935,6.0,0,47
engr0,S7,CW,0.1,PGD,0.8,10.688524590163935,6.0,0,47
engr0,BLU,CW,0.1,PGD,0.9,10.688524590163935,6.0,0,47
engr0,HTC,CW,0.1,PGD,0.9,10.688524590163935,6.0,0,47
engr0,LG,CW,0.1,PGD,0.9,10.688524590163935,6.0,0,47
engr0,MOTO,CW,0.1,PGD,0.9,10.688524590163935,6.0,0,47
engr0,OP3,CW,0.1,PGD,0.9,10.688524590163935,6.0,0,47
engr0,S7,CW,0.1,PGD,0.9,10.688524590163935,6.0,0,47
engr0,BLU,CW,0.1,PGD,1.0,10.688524590163935,6.0,0,47
engr0,HTC,CW,0.1,PGD,1.0,10.688524590163935,6.0,0,47
engr0,LG,CW,0.1,PGD,1.0,10.688524590163935,6.0,0,47
engr0,MOTO,CW,0.1,PGD,1.0,10.688524590163935,6.0,0,47
engr0,OP3,CW,0.1,PGD,1.0,10.688524590163935,6.0,0,47
engr0,S7,CW,0.1,PGD,1.0,10.688524590163935,6.0,0,47
engr0,BLU,CW,0.2,PGD,0.1,8.147540983606557,4.0,0,34
engr0,HTC,CW,0.2,PGD,0.1,8.147540983606557,4.0,0,34
engr0,LG,CW,0.2,PGD,0.1,8.147540983606557,4.0,0,34
engr0,MOTO,CW,0.2,PGD,0.1,8.147540983606557,4.0,0,34
engr0,OP3,CW,0.2,PGD,0.1,8.147540983606557,4.0,0,34
engr0,S7,CW,0.2,PGD,0.1,8.147540983606557,4.0,0,34
engr0,BLU,CW,0.2,PGD,0.2,7.770491803278689,4.0,0,37
engr0,HTC,CW,0.2,PGD,0.2,7.770491803278689,4.0,0,37
engr0,LG,CW,0.2,PGD,0.2,7.770491803278689,4.0,0,37
engr0,MOTO,CW,0.2,PGD,0.2,7.770491803278689,4.0,0,37
engr0,OP3,CW,0.2,PGD,0.2,7.770491803278689,4.0,0,37
engr0,S7,CW,0.2,PGD,0.2,7.770491803278689,4.0,0,37
engr0,BLU,CW,0.2,PGD,0.3,8.491803278688524,4.0,0,37
engr0,HTC,CW,0.2,PGD,0.3,8.491803278688524,4.0,0,37
engr0,LG,CW,0.2,PGD,0.3,8.491803278688524,4.0,0,37
engr0,MOTO,CW,0.2,PGD,0.3,8.491803278688524,4.0,0,37
engr0,OP3,CW,0.2,PGD,0.3,8.491803278688524,4.0,0,37
engr0,S7,CW,0.2,PGD,0.3,8.491803278688524,4.0,0,37
engr0,BLU,CW,0.2,PGD,0.4,8.80327868852459,4.0,0,37
engr0,HTC,CW,0.2,PGD,0.4,8.80327868852459,4.0,0,37
engr0,LG,CW,0.2,PGD,0.4,8.80327868852459,4.0,0,37
engr0,MOTO,CW,0.2,PGD,0.4,8.80327868852459,4.0,0,37
engr0,OP3,CW,0.2,PGD,0.4,8.80327868852459,4.0,0,37
engr0,S7,CW,0.2,PGD,0.4,8.80327868852459,4.0,0,37
engr0,BLU,CW,0.2,PGD,0.5,8.80327868852459,4.0,0,37
engr0,HTC,CW,0.2,PGD,0.5,8.80327868852459,4.0,0,37
engr0,LG,CW,0.2,PGD,0.5,8.80327868852459,4.0,0,37
engr0,MOTO,CW,0.2,PGD,0.5,8.80327868852459,4.0,0,37
engr0,OP3,CW,0.2,PGD,0.5,8.80327868852459,4.0,0,37
engr0,S7,CW,0.2,PGD,0.5,8.80327868852459,4.0,0,37
engr0,BLU,CW,0.2,PGD,0.6,8.80327868852459,4.0,0,37
engr0,HTC,CW,0.2,PGD,0.6,8.80327868852459,4.0,0,37
engr0,LG,CW,0.2,PGD,0.6,8.80327868852459,4.0,0,37
engr0,MOTO,CW,0.2,PGD,0.6,8.80327868852459,4.0,0,37
engr0,OP3,CW,0.2,PGD,0.6,8.80327868852459,4.0,0,37
engr0,S7,CW,0.2,PGD,0.6,8.80327868852459,4.0,0,37
engr0,BLU,CW,0.2,PGD,0.7,8.80327868852459,4.0,0,37
engr0,HTC,CW,0.2,PGD,0.7,8.80327868852459,4.0,0,37
engr0,LG,CW,0.2,PGD,0.7,8.80327868852459,4.0,0,37
engr0,MOTO,CW,0.2,PGD,0.7,8.80327868852459,4.0,0,37
engr0,OP3,CW,0.2,PGD,0.7,8.80327868852459,4.0,0,37
engr0,S7,CW,0.2,PGD,0.7,8.80327868852459,4.0,0,37
engr0,BLU,CW,0.2,PGD,0.8,8.80327868852459,4.0,0,37
engr0,HTC,CW,0.2,PGD,0.8,8.80327868852459,4.0,0,37
engr0,LG,CW,0.2,PGD,0.8,8.80327868852459,4.0,0,37
engr0,MOTO,CW,0.2,PGD,0.8,8.80327868852459,4.0,0,37
engr0,OP3,CW,0.2,PGD,0.8,8.80327868852459,4.0,0,37
engr0,S7,CW,0.2,PGD,0.8,8.80327868852459,4.0,0,37
engr0,BLU,CW,0.2,PGD,0.9,8.80327868852459,4.0,0,37
engr0,HTC,CW,0.2,PGD,0.9,8.80327868852459,4.0,0,37
engr0,LG,CW,0.2,PGD,0.9,8.80327868852459,4.0,0,37
engr0,MOTO,CW,0.2,PGD,0.9,8.80327868852459,4.0,0,37
engr0,OP3,CW,0.2,PGD,0.9,8.80327868852459,4.0,0,37
engr0,S7,CW,0.2,PGD,0.9,8.80327868852459,4.0,0,37
engr0,BLU,CW,0.2,PGD,1.0,8.80327868852459,4.0,0,37
engr0,HTC,CW,0.2,PGD,1.0,8.80327868852459,4.0,0,37
engr0,LG,CW,0.2,PGD,1.0,8.80327868852459,4.0,0,37
engr0,MOTO,CW,0.2,PGD,1.0,8.80327868852459,4.0,0,37
engr0,OP3,CW,0.2,PGD,1.0,8.80327868852459,4.0,0,37
engr0,S7,CW,0.2,PGD,1.0,8.80327868852459,4.0,0,37
engr0,BLU,CW,0.3,PGD,0.1,8.065573770491802,3.0,0,45
engr0,HTC,CW,0.3,PGD,0.1,8.065573770491802,3.0,0,45
engr0,LG,CW,0.3,PGD,0.1,8.065573770491802,3.0,0,45
engr0,MOTO,CW,0.3,PGD,0.1,8.065573770491802,3.0,0,45
engr0,OP3,CW,0.3,PGD,0.1,8.065573770491802,3.0,0,45
engr0,S7,CW,0.3,PGD,0.1,8.065573770491802,3.0,0,45
engr0,BLU,CW,0.3,PGD,0.2,9.901639344262295,3.0,0,45
engr0,HTC,CW,0.3,PGD,0.2,9.901639344262295,3.0,0,45
engr0,LG,CW,0.3,PGD,0.2,9.901639344262295,3.0,0,45
engr0,MOTO,CW,0.3,PGD,0.2,9.901639344262295,3.0,0,45
engr0,OP3,CW,0.3,PGD,0.2,9.901639344262295,3.0,0,45
engr0,S7,CW,0.3,PGD,0.2,9.901639344262295,3.0,0,45
engr0,BLU,CW,0.3,PGD,0.3,10.098360655737705,3.0,0,45
engr0,HTC,CW,0.3,PGD,0.3,10.098360655737705,3.0,0,45
engr0,LG,CW,0.3,PGD,0.3,10.098360655737705,3.0,0,45
engr0,MOTO,CW,0.3,PGD,0.3,10.098360655737705,3.0,0,45
engr0,OP3,CW,0.3,PGD,0.3,10.098360655737705,3.0,0,45
engr0,S7,CW,0.3,PGD,0.3,10.098360655737705,3.0,0,45
engr0,BLU,CW,0.3,PGD,0.4,10.131147540983607,3.0,0,45
engr0,HTC,CW,0.3,PGD,0.4,10.131147540983607,3.0,0,45
engr0,LG,CW,0.3,PGD,0.4,10.131147540983607,3.0,0,45
engr0,MOTO,CW,0.3,PGD,0.4,10.131147540983607,3.0,0,45
engr0,OP3,CW,0.3,PGD,0.4,10.131147540983607,3.0,0,45
engr0,S7,CW,0.3,PGD,0.4,10.131147540983607,3.0,0,45
engr0,BLU,CW,0.3,PGD,0.5,10.131147540983607,3.0,0,45
engr0,HTC,CW,0.3,PGD,0.5,10.131147540983607,3.0,0,45
engr0,LG,CW,0.3,PGD,0.5,10.131147540983607,3.0,0,45
engr0,MOTO,CW,0.3,PGD,0.5,10.131147540983607,3.0,0,45
engr0,OP3,CW,0.3,PGD,0.5,10.131147540983607,3.0,0,45
engr0,S7,CW,0.3,PGD,0.5,10.131147540983607,3.0,0,45
engr0,BLU,CW,0.3,PGD,0.6,10.131147540983607,3.0,0,45
engr0,HTC,CW,0.3,PGD,0.6,10.131147540983607,3.0,0,45
engr0,LG,CW,0.3,PGD,0.6,10.131147540983607,3.0,0,45
engr0,MOTO,CW,0.3,PGD,0.6,10.131147540983607,3.0,0,45
engr0,OP3,CW,0.3,PGD,0.6,10.131147540983607,3.0,0,45
engr0,S7,CW,0.3,PGD,0.6,10.131147540983607,3.0,0,45
engr0,BLU,CW,0.3,PGD,0.7,10.131147540983607,3.0,0,45
engr0,HTC,CW,0.3,PGD,0.7,10.131147540983607,3.0,0,45
engr0,LG,CW,0.3,PGD,0.7,10.131147540983607,3.0,0,45
engr0,MOTO,CW,0.3,PGD,0.7,10.131147540983607,3.0,0,45
engr0,OP3,CW,0.3,PGD,0.7,10.131147540983607,3.0,0,45
engr0,S7,CW,0.3,PGD,0.7,10.131147540983607,3.0,0,45
engr0,BLU,CW,0.3,PGD,0.8,10.131147540983607,3.0,0,45
engr0,HTC,CW,0.3,PGD,0.8,10.131147540983607,3.0,0,45
engr0,LG,CW,0.3,PGD,0.8,10.131147540983607,3.0,0,45
engr0,MOTO,CW,0.3,PGD,0.8,10.131147540983607,3.0,0,45
engr0,OP3,CW,0.3,PGD,0.8,10.131147540983607,3.0,0,45
engr0,S7,CW,0.3,PGD,0.8,10.131147540983607,3.0,0,45
engr0,BLU,CW,0.3,PGD,0.9,10.131147540983607,3.0,0,45
engr0,HTC,CW,0.3,PGD,0.9,10.131147540983607,3.0,0,45
engr0,LG,CW,0.3,PGD,0.9,10.131147540983607,3.0,0,45
engr0,MOTO,CW,0.3,PGD,0.9,10.131147540983607,3.0,0,45
engr0,OP3,CW,0.3,PGD,0.9,10.131147540983607,3.0,0,45
engr0,S7,CW,0.3,PGD,0.9,10.131147540983607,3.0,0,45
engr0,BLU,CW,0.3,PGD,1.0,10.131147540983607,3.0,0,45
engr0,HTC,CW,0.3,PGD,1.0,10.131147540983607,3.0,0,45
engr0,LG,CW,0.3,PGD,1.0,10.131147540983607,3.0,0,45
engr0,MOTO,CW,0.3,PGD,1.0,10.131147540983607,3.0,0,45
engr0,OP3,CW,0.3,PGD,1.0,10.131147540983607,3.0,0,45
engr0,S7,CW,0.3,PGD,1.0,10.131147540983607,3.0,0,45
engr0,BLU,CW,0.4,PGD,0.1,9.950819672131148,3.0,0,56
engr0,HTC,CW,0.4,PGD,0.1,9.950819672131148,3.0,0,56
engr0,LG,CW,0.4,PGD,0.1,9.950819672131148,3.0,0,56
engr0,MOTO,CW,0.4,PGD,0.1,9.950819672131148,3.0,0,56
engr0,OP3,CW,0.4,PGD,0.1,9.950819672131148,3.0,0,56
engr0,S7,CW,0.4,PGD,0.1,9.950819672131148,3.0,0,56
engr0,BLU,CW,0.4,PGD,0.2,10.98360655737705,4.0,0,54
engr0,HTC,CW,0.4,PGD,0.2,10.98360655737705,4.0,0,54
engr0,LG,CW,0.4,PGD,0.2,10.98360655737705,4.0,0,54
engr0,MOTO,CW,0.4,PGD,0.2,10.98360655737705,4.0,0,54
engr0,OP3,CW,0.4,PGD,0.2,10.98360655737705,4.0,0,54
engr0,S7,CW,0.4,PGD,0.2,10.98360655737705,4.0,0,54
engr0,BLU,CW,0.4,PGD,0.3,11.262295081967213,4.0,0,54
engr0,HTC,CW,0.4,PGD,0.3,11.262295081967213,4.0,0,54
engr0,LG,CW,0.4,PGD,0.3,11.262295081967213,4.0,0,54
engr0,MOTO,CW,0.4,PGD,0.3,11.262295081967213,4.0,0,54
engr0,OP3,CW,0.4,PGD,0.3,11.262295081967213,4.0,0,54
engr0,S7,CW,0.4,PGD,0.3,11.262295081967213,4.0,0,54
engr0,BLU,CW,0.4,PGD,0.4,10.540983606557377,4.0,0,54
engr0,HTC,CW,0.4,PGD,0.4,10.540983606557377,4.0,0,54
engr0,LG,CW,0.4,PGD,0.4,10.540983606557377,4.0,0,54
engr0,MOTO,CW,0.4,PGD,0.4,10.540983606557377,4.0,0,54
engr0,OP3,CW,0.4,PGD,0.4,10.540983606557377,4.0,0,54
engr0,S7,CW,0.4,PGD,0.4,10.540983606557377,4.0,0,54
engr0,BLU,CW,0.4,PGD,0.5,10.540983606557377,4.0,0,54
engr0,HTC,CW,0.4,PGD,0.5,10.540983606557377,4.0,0,54
engr0,LG,CW,0.4,PGD,0.5,10.540983606557377,4.0,0,54
engr0,MOTO,CW,0.4,PGD,0.5,10.540983606557377,4.0,0,54
engr0,OP3,CW,0.4,PGD,0.5,10.540983606557377,4.0,0,54
engr0,S7,CW,0.4,PGD,0.5,10.540983606557377,4.0,0,54
engr0,BLU,CW,0.4,PGD,0.6,10.540983606557377,4.0,0,54
engr0,HTC,CW,0.4,PGD,0.6,10.540983606557377,4.0,0,54
engr0,LG,CW,0.4,PGD,0.6,10.540983606557377,4.0,0,54
engr0,MOTO,CW,0.4,PGD,0.6,10.540983606557377,4.0,0,54
engr0,OP3,CW,0.4,PGD,0.6,10.540983606557377,4.0,0,54
engr0,S7,CW,0.4,PGD,0.6,10.540983606557377,4.0,0,54
engr0,BLU,CW,0.4,PGD,0.7,10.540983606557377,4.0,0,54
engr0,HTC,CW,0.4,PGD,0.7,10.540983606557377,4.0,0,54
engr0,LG,CW,0.4,PGD,0.7,10.540983606557377,4.0,0,54
engr0,MOTO,CW,0.4,PGD,0.7,10.540983606557377,4.0,0,54
engr0,OP3,CW,0.4,PGD,0.7,10.540983606557377,4.0,0,54
engr0,S7,CW,0.4,PGD,0.7,10.540983606557377,4.0,0,54
engr0,BLU,CW,0.4,PGD,0.8,10.540983606557377,4.0,0,54
engr0,HTC,CW,0.4,PGD,0.8,10.540983606557377,4.0,0,54
engr0,LG,CW,0.4,PGD,0.8,10.540983606557377,4.0,0,54
engr0,MOTO,CW,0.4,PGD,0.8,10.540983606557377,4.0,0,54
engr0,OP3,CW,0.4,PGD,0.8,10.540983606557377,4.0,0,54
engr0,S7,CW,0.4,PGD,0.8,10.540983606557377,4.0,0,54
engr0,BLU,CW,0.4,PGD,0.9,10.540983606557377,4.0,0,54
engr0,HTC,CW,0.4,PGD,0.9,10.540983606557377,4.0,0,54
engr0,LG,CW,0.4,PGD,0.9,10.540983606557377,4.0,0,54
engr0,MOTO,CW,0.4,PGD,0.9,10.540983606557377,4.0,0,54
engr0,OP3,CW,0.4,PGD,0.9,10.540983606557377,4.0,0,54
engr0,S7,CW,0.4,PGD,0.9,10.540983606557377,4.0,0,54
engr0,BLU,CW,0.4,PGD,1.0,10.540983606557377,4.0,0,54
engr0,HTC,CW,0.4,PGD,1.0,10.540983606557377,4.0,0,54
engr0,LG,CW,0.4,PGD,1.0,10.540983606557377,4.0,0,54
engr0,MOTO,CW,0.4,PGD,1.0,10.540983606557377,4.0,0,54
engr0,OP3,CW,0.4,PGD,1.0,10.540983606557377,4.0,0,54
engr0,S7,CW,0.4,PGD,1.0,10.540983606557377,4.0,0,54
engr0,BLU,CW,0.5,PGD,0.1,10.459016393442623,5.0,0,47
engr0,HTC,CW,0.5,PGD,0.1,10.459016393442623,5.0,0,47
engr0,LG,CW,0.5,PGD,0.1,10.459016393442623,5.0,0,47
engr0,MOTO,CW,0.5,PGD,0.1,10.459016393442623,5.0,0,47
engr0,OP3,CW,0.5,PGD,0.1,10.459016393442623,5.0,0,47
engr0,S7,CW,0.5,PGD,0.1,10.459016393442623,5.0,0,47
engr0,BLU,CW,0.5,PGD,0.2,15.065573770491802,6.0,0,56
engr0,HTC,CW,0.5,PGD,0.2,15.065573770491802,6.0,0,56
engr0,LG,CW,0.5,PGD,0.2,15.065573770491802,6.0,0,56
engr0,MOTO,CW,0.5,PGD,0.2,15.065573770491802,6.0,0,56
engr0,OP3,CW,0.5,PGD,0.2,15.065573770491802,6.0,0,56
engr0,S7,CW,0.5,PGD,0.2,15.065573770491802,6.0,0,56
engr0,BLU,CW,0.5,PGD,0.3,15.163934426229508,6.0,0,56
engr0,HTC,CW,0.5,PGD,0.3,15.163934426229508,6.0,0,56
engr0,LG,CW,0.5,PGD,0.3,15.163934426229508,6.0,0,56
engr0,MOTO,CW,0.5,PGD,0.3,15.163934426229508,6.0,0,56
engr0,OP3,CW,0.5,PGD,0.3,15.163934426229508,6.0,0,56
engr0,S7,CW,0.5,PGD,0.3,15.163934426229508,6.0,0,56
engr0,BLU,CW,0.5,PGD,0.4,15.098360655737705,6.0,0,56
engr0,HTC,CW,0.5,PGD,0.4,15.098360655737705,6.0,0,56
engr0,LG,CW,0.5,PGD,0.4,15.098360655737705,6.0,0,56
engr0,MOTO,CW,0.5,PGD,0.4,15.098360655737705,6.0,0,56
engr0,OP3,CW,0.5,PGD,0.4,15.098360655737705,6.0,0,56
engr0,S7,CW,0.5,PGD,0.4,15.098360655737705,6.0,0,56
engr0,BLU,CW,0.5,PGD,0.5,15.098360655737705,6.0,0,56
engr0,HTC,CW,0.5,PGD,0.5,15.098360655737705,6.0,0,56
engr0,LG,CW,0.5,PGD,0.5,15.098360655737705,6.0,0,56
engr0,MOTO,CW,0.5,PGD,0.5,15.098360655737705,6.0,0,56
engr0,OP3,CW,0.5,PGD,0.5,15.098360655737705,6.0,0,56
engr0,S7,CW,0.5,PGD,0.5,15.098360655737705,6.0,0,56
engr0,BLU,CW,0.5,PGD,0.6,15.098360655737705,6.0,0,56
engr0,HTC,CW,0.5,PGD,0.6,15.098360655737705,6.0,0,56
engr0,LG,CW,0.5,PGD,0.6,15.098360655737705,6.0,0,56
engr0,MOTO,CW,0.5,PGD,0.6,15.098360655737705,6.0,0,56
engr0,OP3,CW,0.5,PGD,0.6,15.098360655737705,6.0,0,56
engr0,S7,CW,0.5,PGD,0.6,15.098360655737705,6.0,0,56
engr0,BLU,CW,0.5,PGD,0.7,15.098360655737705,6.0,0,56
engr0,HTC,CW,0.5,PGD,0.7,15.098360655737705,6.0,0,56
engr0,LG,CW,0.5,PGD,0.7,15.098360655737705,6.0,0,56
engr0,MOTO,CW,0.5,PGD,0.7,15.098360655737705,6.0,0,56
engr0,OP3,CW,0.5,PGD,0.7,15.098360655737705,6.0,0,56
engr0,S7,CW,0.5,PGD,0.7,15.098360655737705,6.0,0,56
engr0,BLU,CW,0.5,PGD,0.8,15.098360655737705,6.0,0,56
engr0,HTC,CW,0.5,PGD,0.8,15.098360655737705,6.0,0,56
engr0,LG,CW,0.5,PGD,0.8,15.098360655737705,6.0,0,56
engr0,MOTO,CW,0.5,PGD,0.8,15.098360655737705,6.0,0,56
engr0,OP3,CW,0.5,PGD,0.8,15.098360655737705,6.0,0,56
engr0,S7,CW,0.5,PGD,0.8,15.098360655737705,6.0,0,56
engr0,BLU,CW,0.5,PGD,0.9,15.098360655737705,6.0,0,56
engr0,HTC,CW,0.5,PGD,0.9,15.098360655737705,6.0,0,56
engr0,LG,CW,0.5,PGD,0.9,15.098360655737705,6.0,0,56
engr0,MOTO,CW,0.5,PGD,0.9,15.098360655737705,6.0,0,56
engr0,OP3,CW,0.5,PGD,0.9,15.098360655737705,6.0,0,56
engr0,S7,CW,0.5,PGD,0.9,15.098360655737705,6.0,0,56
engr0,BLU,CW,0.5,PGD,1.0,15.098360655737705,6.0,0,56
engr0,HTC,CW,0.5,PGD,1.0,15.098360655737705,6.0,0,56
engr0,LG,CW,0.5,PGD,1.0,15.098360655737705,6.0,0,56
engr0,MOTO,CW,0.5,PGD,1.0,15.098360655737705,6.0,0,56
engr0,OP3,CW,0.5,PGD,1.0,15.098360655737705,6.0,0,56
engr0,S7,CW,0.5,PGD,1.0,15.098360655737705,6.0,0,56
engr0,BLU,CW,0.6,PGD,0.1,9.147540983606557,5.0,0,45
engr0,HTC,CW,0.6,PGD,0.1,9.147540983606557,5.0,0,45
engr0,LG,CW,0.6,PGD,0.1,9.147540983606557,5.0,0,45
engr0,MOTO,CW,0.6,PGD,0.1,9.147540983606557,5.0,0,45
engr0,OP3,CW,0.6,PGD,0.1,9.147540983606557,5.0,0,45
engr0,S7,CW,0.6,PGD,0.1,9.147540983606557,5.0,0,45
engr0,BLU,CW,0.6,PGD,0.2,9.524590163934427,5.0,0,45
engr0,HTC,CW,0.6,PGD,0.2,9.524590163934427,5.0,0,45
engr0,LG,CW,0.6,PGD,0.2,9.524590163934427,5.0,0,45
engr0,MOTO,CW,0.6,PGD,0.2,9.524590163934427,5.0,0,45
engr0,OP3,CW,0.6,PGD,0.2,9.524590163934427,5.0,0,45
engr0,S7,CW,0.6,PGD,0.2,9.524590163934427,5.0,0,45
engr0,BLU,CW,0.6,PGD,0.3,10.770491803278688,6.0,0,54
engr0,HTC,CW,0.6,PGD,0.3,10.770491803278688,6.0,0,54
engr0,LG,CW,0.6,PGD,0.3,10.770491803278688,6.0,0,54
engr0,MOTO,CW,0.6,PGD,0.3,10.770491803278688,6.0,0,54
engr0,OP3,CW,0.6,PGD,0.3,10.770491803278688,6.0,0,54
engr0,S7,CW,0.6,PGD,0.3,10.770491803278688,6.0,0,54
engr0,BLU,CW,0.6,PGD,0.4,11.442622950819672,6.0,0,54
engr0,HTC,CW,0.6,PGD,0.4,11.442622950819672,6.0,0,54
engr0,LG,CW,0.6,PGD,0.4,11.442622950819672,6.0,0,54
engr0,MOTO,CW,0.6,PGD,0.4,11.442622950819672,6.0,0,54
engr0,OP3,CW,0.6,PGD,0.4,11.442622950819672,6.0,0,54
engr0,S7,CW,0.6,PGD,0.4,11.442622950819672,6.0,0,54
engr0,BLU,CW,0.6,PGD,0.5,11.442622950819672,6.0,0,54
engr0,HTC,CW,0.6,PGD,0.5,11.442622950819672,6.0,0,54
engr0,LG,CW,0.6,PGD,0.5,11.442622950819672,6.0,0,54
engr0,MOTO,CW,0.6,PGD,0.5,11.442622950819672,6.0,0,54
engr0,OP3,CW,0.6,PGD,0.5,11.442622950819672,6.0,0,54
engr0,S7,CW,0.6,PGD,0.5,11.442622950819672,6.0,0,54
engr0,BLU,CW,0.6,PGD,0.6,11.442622950819672,6.0,0,54
engr0,HTC,CW,0.6,PGD,0.6,11.442622950819672,6.0,0,54
engr0,LG,CW,0.6,PGD,0.6,11.442622950819672,6.0,0,54
engr0,MOTO,CW,0.6,PGD,0.6,11.442622950819672,6.0,0,54
engr0,OP3,CW,0.6,PGD,0.6,11.442622950819672,6.0,0,54
engr0,S7,CW,0.6,PGD,0.6,11.442622950819672,6.0,0,54
engr0,BLU,CW,0.6,PGD,0.7,11.442622950819672,6.0,0,54
engr0,HTC,CW,0.6,PGD,0.7,11.442622950819672,6.0,0,54
engr0,LG,CW,0.6,PGD,0.7,11.442622950819672,6.0,0,54
engr0,MOTO,CW,0.6,PGD,0.7,11.442622950819672,6.0,0,54
engr0,OP3,CW,0.6,PGD,0.7,11.442622950819672,6.0,0,54
engr0,S7,CW,0.6,PGD,0.7,11.442622950819672,6.0,0,54
engr0,BLU,CW,0.6,PGD,0.8,11.442622950819672,6.0,0,54
engr0,HTC,CW,0.6,PGD,0.8,11.442622950819672,6.0,0,54
engr0,LG,CW,0.6,PGD,0.8,11.442622950819672,6.0,0,54
engr0,MOTO,CW,0.6,PGD,0.8,11.442622950819672,6.0,0,54
engr0,OP3,CW,0.6,PGD,0.8,11.442622950819672,6.0,0,54
engr0,S7,CW,0.6,PGD,0.8,11.442622950819672,6.0,0,54
engr0,BLU,CW,0.6,PGD,0.9,11.442622950819672,6.0,0,54
engr0,HTC,CW,0.6,PGD,0.9,11.442622950819672,6.0,0,54
engr0,LG,CW,0.6,PGD,0.9,11.442622950819672,6.0,0,54
engr0,MOTO,CW,0.6,PGD,0.9,11.442622950819672,6.0,0,54
engr0,OP3,CW,0.6,PGD,0.9,11.442622950819672,6.0,0,54
engr0,S7,CW,0.6,PGD,0.9,11.442622950819672,6.0,0,54
engr0,BLU,CW,0.6,PGD,1.0,11.442622950819672,6.0,0,54
engr0,HTC,CW,0.6,PGD,1.0,11.442622950819672,6.0,0,54
engr0,LG,CW,0.6,PGD,1.0,11.442622950819672,6.0,0,54
engr0,MOTO,CW,0.6,PGD,1.0,11.442622950819672,6.0,0,54
engr0,OP3,CW,0.6,PGD,1.0,11.442622950819672,6.0,0,54
engr0,S7,CW,0.6,PGD,1.0,11.442622950819672,6.0,0,54
engr0,BLU,CW,0.7,PGD,0.1,8.163934426229508,4.0,0,35
engr0,HTC,CW,0.7,PGD,0.1,8.163934426229508,4.0,0,35
engr0,LG,CW,0.7,PGD,0.1,8.163934426229508,4.0,0,35
engr0,MOTO,CW,0.7,PGD,0.1,8.163934426229508,4.0,0,35
engr0,OP3,CW,0.7,PGD,0.1,8.163934426229508,4.0,0,35
engr0,S7,CW,0.7,PGD,0.1,8.163934426229508,4.0,0,35
engr0,BLU,CW,0.7,PGD,0.2,8.01639344262295,4.0,0,35
engr0,HTC,CW,0.7,PGD,0.2,8.01639344262295,4.0,0,35
engr0,LG,CW,0.7,PGD,0.2,8.01639344262295,4.0,0,35
engr0,MOTO,CW,0.7,PGD,0.2,8.01639344262295,4.0,0,35
engr0,OP3,CW,0.7,PGD,0.2,8.01639344262295,4.0,0,35
engr0,S7,CW,0.7,PGD,0.2,8.01639344262295,4.0,0,35
engr0,BLU,CW,0.7,PGD,0.3,8.065573770491802,4.0,0,37
engr0,HTC,CW,0.7,PGD,0.3,8.065573770491802,4.0,0,37
engr0,LG,CW,0.7,PGD,0.3,8.065573770491802,4.0,0,37
engr0,MOTO,CW,0.7,PGD,0.3,8.065573770491802,4.0,0,37
engr0,OP3,CW,0.7,PGD,0.3,8.065573770491802,4.0,0,37
engr0,S7,CW,0.7,PGD,0.3,8.065573770491802,4.0,0,37
engr0,BLU,CW,0.7,PGD,0.4,8.114754098360656,4.0,0,37
engr0,HTC,CW,0.7,PGD,0.4,8.114754098360656,4.0,0,37
engr0,LG,CW,0.7,PGD,0.4,8.114754098360656,4.0,0,37
engr0,MOTO,CW,0.7,PGD,0.4,8.114754098360656,4.0,0,37
engr0,OP3,CW,0.7,PGD,0.4,8.114754098360656,4.0,0,37
engr0,S7,CW,0.7,PGD,0.4,8.114754098360656,4.0,0,37
engr0,BLU,CW,0.7,PGD,0.5,8.114754098360656,4.0,0,37
engr0,HTC,CW,0.7,PGD,0.5,8.114754098360656,4.0,0,37
engr0,LG,CW,0.7,PGD,0.5,8.114754098360656,4.0,0,37
engr0,MOTO,CW,0.7,PGD,0.5,8.114754098360656,4.0,0,37
engr0,OP3,CW,0.7,PGD,0.5,8.114754098360656,4.0,0,37
engr0,S7,CW,0.7,PGD,0.5,8.114754098360656,4.0,0,37
engr0,BLU,CW,0.7,PGD,0.6,8.114754098360656,4.0,0,37
engr0,HTC,CW,0.7,PGD,0.6,8.114754098360656,4.0,0,37
engr0,LG,CW,0.7,PGD,0.6,8.114754098360656,4.0,0,37
engr0,MOTO,CW,0.7,PGD,0.6,8.114754098360656,4.0,0,37
engr0,OP3,CW,0.7,PGD,0.6,8.114754098360656,4.0,0,37
engr0,S7,CW,0.7,PGD,0.6,8.114754098360656,4.0,0,37
engr0,BLU,CW,0.7,PGD,0.7,8.114754098360656,4.0,0,37
engr0,HTC,CW,0.7,PGD,0.7,8.114754098360656,4.0,0,37
engr0,LG,CW,0.7,PGD,0.7,8.114754098360656,4.0,0,37
engr0,MOTO,CW,0.7,PGD,0.7,8.114754098360656,4.0,0,37
engr0,OP3,CW,0.7,PGD,0.7,8.114754098360656,4.0,0,37
engr0,S7,CW,0.7,PGD,0.7,8.114754098360656,4.0,0,37
engr0,BLU,CW,0.7,PGD,0.8,8.114754098360656,4.0,0,37
engr0,HTC,CW,0.7,PGD,0.8,8.114754098360656,4.0,0,37
engr0,LG,CW,0.7,PGD,0.8,8.114754098360656,4.0,0,37
engr0,MOTO,CW,0.7,PGD,0.8,8.114754098360656,4.0,0,37
engr0,OP3,CW,0.7,PGD,0.8,8.114754098360656,4.0,0,37
engr0,S7,CW,0.7,PGD,0.8,8.114754098360656,4.0,0,37
engr0,BLU,CW,0.7,PGD,0.9,8.114754098360656,4.0,0,37
engr0,HTC,CW,0.7,PGD,0.9,8.114754098360656,4.0,0,37
engr0,LG,CW,0.7,PGD,0.9,8.114754098360656,4.0,0,37
engr0,MOTO,CW,0.7,PGD,0.9,8.114754098360656,4.0,0,37
engr0,OP3,CW,0.7,PGD,0.9,8.114754098360656,4.0,0,37
engr0,S7,CW,0.7,PGD,0.9,8.114754098360656,4.0,0,37
engr0,BLU,CW,0.7,PGD,1.0,8.114754098360656,4.0,0,37
engr0,HTC,CW,0.7,PGD,1.0,8.114754098360656,4.0,0,37
engr0,LG,CW,0.7,PGD,1.0,8.114754098360656,4.0,0,37
engr0,MOTO,CW,0.7,PGD,1.0,8.114754098360656,4.0,0,37
engr0,OP3,CW,0.7,PGD,1.0,8.114754098360656,4.0,0,37
engr0,S7,CW,0.7,PGD,1.0,8.114754098360656,4.0,0,37
engr0,BLU,CW,0.8,PGD,0.1,8.40983606557377,4.0,0,43
engr0,HTC,CW,0.8,PGD,0.1,8.40983606557377,4.0,0,43
engr0,LG,CW,0.8,PGD,0.1,8.40983606557377,4.0,0,43
engr0,MOTO,CW,0.8,PGD,0.1,8.40983606557377,4.0,0,43
engr0,OP3,CW,0.8,PGD,0.1,8.40983606557377,4.0,0,43
engr0,S7,CW,0.8,PGD,0.1,8.40983606557377,4.0,0,43
engr0,BLU,CW,0.8,PGD,0.2,7.557377049180328,4.0,0,35
engr0,HTC,CW,0.8,PGD,0.2,7.557377049180328,4.0,0,35
engr0,LG,CW,0.8,PGD,0.2,7.557377049180328,4.0,0,35
engr0,MOTO,CW,0.8,PGD,0.2,7.557377049180328,4.0,0,35
engr0,OP3,CW,0.8,PGD,0.2,7.557377049180328,4.0,0,35
engr0,S7,CW,0.8,PGD,0.2,7.557377049180328,4.0,0,35
engr0,BLU,CW,0.8,PGD,0.3,7.721311475409836,4.0,0,35
engr0,HTC,CW,0.8,PGD,0.3,7.721311475409836,4.0,0,35
engr0,LG,CW,0.8,PGD,0.3,7.721311475409836,4.0,0,35
engr0,MOTO,CW,0.8,PGD,0.3,7.721311475409836,4.0,0,35
engr0,OP3,CW,0.8,PGD,0.3,7.721311475409836,4.0,0,35
engr0,S7,CW,0.8,PGD,0.3,7.721311475409836,4.0,0,35
engr0,BLU,CW,0.8,PGD,0.4,7.672131147540983,4.0,0,35
engr0,HTC,CW,0.8,PGD,0.4,7.672131147540983,4.0,0,35
engr0,LG,CW,0.8,PGD,0.4,7.672131147540983,4.0,0,35
engr0,MOTO,CW,0.8,PGD,0.4,7.672131147540983,4.0,0,35
engr0,OP3,CW,0.8,PGD,0.4,7.672131147540983,4.0,0,35
engr0,S7,CW,0.8,PGD,0.4,7.672131147540983,4.0,0,35
engr0,BLU,CW,0.8,PGD,0.5,7.672131147540983,4.0,0,35
engr0,HTC,CW,0.8,PGD,0.5,7.672131147540983,4.0,0,35
engr0,LG,CW,0.8,PGD,0.5,7.672131147540983,4.0,0,35
engr0,MOTO,CW,0.8,PGD,0.5,7.672131147540983,4.0,0,35
engr0,OP3,CW,0.8,PGD,0.5,7.672131147540983,4.0,0,35
engr0,S7,CW,0.8,PGD,0.5,7.672131147540983,4.0,0,35
engr0,BLU,CW,0.8,PGD,0.6,7.672131147540983,4.0,0,35
engr0,HTC,CW,0.8,PGD,0.6,7.672131147540983,4.0,0,35
engr0,LG,CW,0.8,PGD,0.6,7.672131147540983,4.0,0,35
engr0,MOTO,CW,0.8,PGD,0.6,7.672131147540983,4.0,0,35
engr0,OP3,CW,0.8,PGD,0.6,7.672131147540983,4.0,0,35
engr0,S7,CW,0.8,PGD,0.6,7.672131147540983,4.0,0,35
engr0,BLU,CW,0.8,PGD,0.7,7.672131147540983,4.0,0,35
engr0,HTC,CW,0.8,PGD,0.7,7.672131147540983,4.0,0,35
engr0,LG,CW,0.8,PGD,0.7,7.672131147540983,4.0,0,35
engr0,MOTO,CW,0.8,PGD,0.7,7.672131147540983,4.0,0,35
engr0,OP3,CW,0.8,PGD,0.7,7.672131147540983,4.0,0,35
engr0,S7,CW,0.8,PGD,0.7,7.672131147540983,4.0,0,35
engr0,BLU,CW,0.8,PGD,0.8,7.672131147540983,4.0,0,35
engr0,HTC,CW,0.8,PGD,0.8,7.672131147540983,4.0,0,35
engr0,LG,CW,0.8,PGD,0.8,7.672131147540983,4.0,0,35
engr0,MOTO,CW,0.8,PGD,0.8,7.672131147540983,4.0,0,35
engr0,OP3,CW,0.8,PGD,0.8,7.672131147540983,4.0,0,35
engr0,S7,CW,0.8,PGD,0.8,7.672131147540983,4.0,0,35
engr0,BLU,CW,0.8,PGD,0.9,7.672131147540983,4.0,0,35
engr0,HTC,CW,0.8,PGD,0.9,7.672131147540983,4.0,0,35
engr0,LG,CW,0.8,PGD,0.9,7.672131147540983,4.0,0,35
engr0,MOTO,CW,0.8,PGD,0.9,7.672131147540983,4.0,0,35
engr0,OP3,CW,0.8,PGD,0.9,7.672131147540983,4.0,0,35
engr0,S7,CW,0.8,PGD,0.9,7.672131147540983,4.0,0,35
engr0,BLU,CW,0.8,PGD,1.0,7.672131147540983,4.0,0,35
engr0,HTC,CW,0.8,PGD,1.0,7.672131147540983,4.0,0,35
engr0,LG,CW,0.8,PGD,1.0,7.672131147540983,4.0,0,35
engr0,MOTO,CW,0.8,PGD,1.0,7.672131147540983,4.0,0,35
engr0,OP3,CW,0.8,PGD,1.0,7.672131147540983,4.0,0,35
engr0,S7,CW,0.8,PGD,1.0,7.672131147540983,4.0,0,35
engr0,BLU,CW,0.9,PGD,0.1,8.163934426229508,4.0,0,49
engr0,HTC,CW,0.9,PGD,0.1,8.163934426229508,4.0,0,49
engr0,LG,CW,0.9,PGD,0.1,8.163934426229508,4.0,0,49
engr0,MOTO,CW,0.9,PGD,0.1,8.163934426229508,4.0,0,49
engr0,OP3,CW,0.9,PGD,0.1,8.163934426229508,4.0,0,49
engr0,S7,CW,0.9,PGD,0.1,8.163934426229508,4.0,0,49
engr0,BLU,CW,0.9,PGD,0.2,8.426229508196721,4.0,0,49
engr0,HTC,CW,0.9,PGD,0.2,8.426229508196721,4.0,0,49
engr0,LG,CW,0.9,PGD,0.2,8.426229508196721,4.0,0,49
engr0,MOTO,CW,0.9,PGD,0.2,8.426229508196721,4.0,0,49
engr0,OP3,CW,0.9,PGD,0.2,8.426229508196721,4.0,0,49
engr0,S7,CW,0.9,PGD,0.2,8.426229508196721,4.0,0,49
engr0,BLU,CW,0.9,PGD,0.3,9.19672131147541,4.0,0,49
engr0,HTC,CW,0.9,PGD,0.3,9.19672131147541,4.0,0,49
engr0,LG,CW,0.9,PGD,0.3,9.19672131147541,4.0,0,49
engr0,MOTO,CW,0.9,PGD,0.3,9.19672131147541,4.0,0,49
engr0,OP3,CW,0.9,PGD,0.3,9.19672131147541,4.0,0,49
engr0,S7,CW,0.9,PGD,0.3,9.19672131147541,4.0,0,49
engr0,BLU,CW,0.9,PGD,0.4,9.918032786885245,4.0,0,53
engr0,HTC,CW,0.9,PGD,0.4,9.918032786885245,4.0,0,53
engr0,LG,CW,0.9,PGD,0.4,9.918032786885245,4.0,0,53
engr0,MOTO,CW,0.9,PGD,0.4,9.918032786885245,4.0,0,53
engr0,OP3,CW,0.9,PGD,0.4,9.918032786885245,4.0,0,53
engr0,S7,CW,0.9,PGD,0.4,9.918032786885245,4.0,0,53
engr0,BLU,CW,0.9,PGD,0.5,9.918032786885245,4.0,0,53
engr0,HTC,CW,0.9,PGD,0.5,9.918032786885245,4.0,0,53
engr0,LG,CW,0.9,PGD,0.5,9.918032786885245,4.0,0,53
engr0,MOTO,CW,0.9,PGD,0.5,9.918032786885245,4.0,0,53
engr0,OP3,CW,0.9,PGD,0.5,9.918032786885245,4.0,0,53
engr0,S7,CW,0.9,PGD,0.5,9.918032786885245,4.0,0,53
engr0,BLU,CW,0.9,PGD,0.6,9.918032786885245,4.0,0,53
engr0,HTC,CW,0.9,PGD,0.6,9.918032786885245,4.0,0,53
engr0,LG,CW,0.9,PGD,0.6,9.918032786885245,4.0,0,53
engr0,MOTO,CW,0.9,PGD,0.6,9.918032786885245,4.0,0,53
engr0,OP3,CW,0.9,PGD,0.6,9.918032786885245,4.0,0,53
engr0,S7,CW,0.9,PGD,0.6,9.918032786885245,4.0,0,53
engr0,BLU,CW,0.9,PGD,0.7,9.918032786885245,4.0,0,53
engr0,HTC,CW,0.9,PGD,0.7,9.918032786885245,4.0,0,53
engr0,LG,CW,0.9,PGD,0.7,9.918032786885245,4.0,0,53
engr0,MOTO,CW,0.9,PGD,0.7,9.918032786885245,4.0,0,53
engr0,OP3,CW,0.9,PGD,0.7,9.918032786885245,4.0,0,53
engr0,S7,CW,0.9,PGD,0.7,9.918032786885245,4.0,0,53
engr0,BLU,CW,0.9,PGD,0.8,9.918032786885245,4.0,0,53
engr0,HTC,CW,0.9,PGD,0.8,9.918032786885245,4.0,0,53
engr0,LG,CW,0.9,PGD,0.8,9.918032786885245,4.0,0,53
engr0,MOTO,CW,0.9,PGD,0.8,9.918032786885245,4.0,0,53
engr0,OP3,CW,0.9,PGD,0.8,9.918032786885245,4.0,0,53
engr0,S7,CW,0.9,PGD,0.8,9.918032786885245,4.0,0,53
engr0,BLU,CW,0.9,PGD,0.9,9.918032786885245,4.0,0,53
engr0,HTC,CW,0.9,PGD,0.9,9.918032786885245,4.0,0,53
engr0,LG,CW,0.9,PGD,0.9,9.918032786885245,4.0,0,53
engr0,MOTO,CW,0.9,PGD,0.9,9.918032786885245,4.0,0,53
engr0,OP3,CW,0.9,PGD,0.9,9.918032786885245,4.0,0,53
engr0,S7,CW,0.9,PGD,0.9,9.918032786885245,4.0,0,53
engr0,BLU,CW,0.9,PGD,1.0,9.918032786885245,4.0,0,53
engr0,HTC,CW,0.9,PGD,1.0,9.918032786885245,4.0,0,53
engr0,LG,CW,0.9,PGD,1.0,9.918032786885245,4.0,0,53
engr0,MOTO,CW,0.9,PGD,1.0,9.918032786885245,4.0,0,53
engr0,OP3,CW,0.9,PGD,1.0,9.918032786885245,4.0,0,53
engr0,S7,CW,0.9,PGD,1.0,9.918032786885245,4.0,0,53
engr0,BLU,CW,1.0,PGD,0.1,6.754098360655738,4.0,0,32
engr0,HTC,CW,1.0,PGD,0.1,6.754098360655738,4.0,0,32
engr0,LG,CW,1.0,PGD,0.1,6.754098360655738,4.0,0,32
engr0,MOTO,CW,1.0,PGD,0.1,6.754098360655738,4.0,0,32
engr0,OP3,CW,1.0,PGD,0.1,6.754098360655738,4.0,0,32
engr0,S7,CW,1.0,PGD,0.1,6.754098360655738,4.0,0,32
engr0,BLU,CW,1.0,PGD,0.2,6.836065573770492,4.0,0,43
engr0,HTC,CW,1.0,PGD,0.2,6.836065573770492,4.0,0,43
engr0,LG,CW,1.0,PGD,0.2,6.836065573770492,4.0,0,43
engr0,MOTO,CW,1.0,PGD,0.2,6.836065573770492,4.0,0,43
engr0,OP3,CW,1.0,PGD,0.2,6.836065573770492,4.0,0,43
engr0,S7,CW,1.0,PGD,0.2,6.836065573770492,4.0,0,43
engr0,BLU,CW,1.0,PGD,0.3,7.786885245901639,4.0,0,45
engr0,HTC,CW,1.0,PGD,0.3,7.786885245901639,4.0,0,45
engr0,LG,CW,1.0,PGD,0.3,7.786885245901639,4.0,0,45
engr0,MOTO,CW,1.0,PGD,0.3,7.786885245901639,4.0,0,45
engr0,OP3,CW,1.0,PGD,0.3,7.786885245901639,4.0,0,45
engr0,S7,CW,1.0,PGD,0.3,7.786885245901639,4.0,0,45
engr0,BLU,CW,1.0,PGD,0.4,8.459016393442623,4.0,0,47
engr0,HTC,CW,1.0,PGD,0.4,8.459016393442623,4.0,0,47
engr0,LG,CW,1.0,PGD,0.4,8.459016393442623,4.0,0,47
engr0,MOTO,CW,1.0,PGD,0.4,8.459016393442623,4.0,0,47
engr0,OP3,CW,1.0,PGD,0.4,8.459016393442623,4.0,0,47
engr0,S7,CW,1.0,PGD,0.4,8.459016393442623,4.0,0,47
engr0,BLU,CW,1.0,PGD,0.5,8.459016393442623,4.0,0,47
engr0,HTC,CW,1.0,PGD,0.5,8.459016393442623,4.0,0,47
engr0,LG,CW,1.0,PGD,0.5,8.459016393442623,4.0,0,47
engr0,MOTO,CW,1.0,PGD,0.5,8.459016393442623,4.0,0,47
engr0,OP3,CW,1.0,PGD,0.5,8.459016393442623,4.0,0,47
engr0,S7,CW,1.0,PGD,0.5,8.459016393442623,4.0,0,47
engr0,BLU,CW,1.0,PGD,0.6,8.459016393442623,4.0,0,47
engr0,HTC,CW,1.0,PGD,0.6,8.459016393442623,4.0,0,47
engr0,LG,CW,1.0,PGD,0.6,8.459016393442623,4.0,0,47
engr0,MOTO,CW,1.0,PGD,0.6,8.459016393442623,4.0,0,47
engr0,OP3,CW,1.0,PGD,0.6,8.459016393442623,4.0,0,47
engr0,S7,CW,1.0,PGD,0.6,8.459016393442623,4.0,0,47
engr0,BLU,CW,1.0,PGD,0.7,8.459016393442623,4.0,0,47
engr0,HTC,CW,1.0,PGD,0.7,8.459016393442623,4.0,0,47
engr0,LG,CW,1.0,PGD,0.7,8.459016393442623,4.0,0,47
engr0,MOTO,CW,1.0,PGD,0.7,8.459016393442623,4.0,0,47
engr0,OP3,CW,1.0,PGD,0.7,8.459016393442623,4.0,0,47
engr0,S7,CW,1.0,PGD,0.7,8.459016393442623,4.0,0,47
engr0,BLU,CW,1.0,PGD,0.8,8.459016393442623,4.0,0,47
engr0,HTC,CW,1.0,PGD,0.8,8.459016393442623,4.0,0,47
engr0,LG,CW,1.0,PGD,0.8,8.459016393442623,4.0,0,47
engr0,MOTO,CW,1.0,PGD,0.8,8.459016393442623,4.0,0,47
engr0,OP3,CW,1.0,PGD,0.8,8.459016393442623,4.0,0,47
engr0,S7,CW,1.0,PGD,0.8,8.459016393442623,4.0,0,47
engr0,BLU,CW,1.0,PGD,0.9,8.459016393442623,4.0,0,47
engr0,HTC,CW,1.0,PGD,0.9,8.459016393442623,4.0,0,47
engr0,LG,CW,1.0,PGD,0.9,8.459016393442623,4.0,0,47
engr0,MOTO,CW,1.0,PGD,0.9,8.459016393442623,4.0,0,47
engr0,OP3,CW,1.0,PGD,0.9,8.459016393442623,4.0,0,47
engr0,S7,CW,1.0,PGD,0.9,8.459016393442623,4.0,0,47
engr0,BLU,CW,1.0,PGD,1.0,8.459016393442623,4.0,0,47
engr0,HTC,CW,1.0,PGD,1.0,8.459016393442623,4.0,0,47
engr0,LG,CW,1.0,PGD,1.0,8.459016393442623,4.0,0,47
engr0,MOTO,CW,1.0,PGD,1.0,8.459016393442623,4.0,0,47
engr0,OP3,CW,1.0,PGD,1.0,8.459016393442623,4.0,0,47
engr0,S7,CW,1.0,PGD,1.0,8.459016393442623,4.0,0,47
engr0,BLU,ORIGINAL,0.1,MIM,0.1,16.62295081967213,16.0,0,47
engr0,HTC,ORIGINAL,0.1,MIM,0.1,16.62295081967213,16.0,0,47
engr0,LG,ORIGINAL,0.1,MIM,0.1,16.62295081967213,16.0,0,47
engr0,MOTO,ORIGINAL,0.1,MIM,0.1,16.62295081967213,16.0,0,47
engr0,OP3,ORIGINAL,0.1,MIM,0.1,16.62295081967213,16.0,0,47
engr0,S7,ORIGINAL,0.1,MIM,0.1,16.62295081967213,16.0,0,47
engr0,BLU,ORIGINAL,0.1,MIM,0.2,17.0,15.0,0,53
engr0,HTC,ORIGINAL,0.1,MIM,0.2,17.0,15.0,0,53
engr0,LG,ORIGINAL,0.1,MIM,0.2,17.0,15.0,0,53
engr0,MOTO,ORIGINAL,0.1,MIM,0.2,17.0,15.0,0,53
engr0,OP3,ORIGINAL,0.1,MIM,0.2,17.0,15.0,0,53
engr0,S7,ORIGINAL,0.1,MIM,0.2,17.0,15.0,0,53
engr0,BLU,ORIGINAL,0.1,MIM,0.3,16.950819672131146,16.0,0,52
engr0,HTC,ORIGINAL,0.1,MIM,0.3,16.950819672131146,16.0,0,52
engr0,LG,ORIGINAL,0.1,MIM,0.3,16.950819672131146,16.0,0,52
engr0,MOTO,ORIGINAL,0.1,MIM,0.3,16.950819672131146,16.0,0,52
engr0,OP3,ORIGINAL,0.1,MIM,0.3,16.950819672131146,16.0,0,52
engr0,S7,ORIGINAL,0.1,MIM,0.3,16.950819672131146,16.0,0,52
engr0,BLU,ORIGINAL,0.1,MIM,0.4,16.78688524590164,16.0,0,52
engr0,HTC,ORIGINAL,0.1,MIM,0.4,16.78688524590164,16.0,0,52
engr0,LG,ORIGINAL,0.1,MIM,0.4,16.78688524590164,16.0,0,52
engr0,MOTO,ORIGINAL,0.1,MIM,0.4,16.78688524590164,16.0,0,52
engr0,OP3,ORIGINAL,0.1,MIM,0.4,16.78688524590164,16.0,0,52
engr0,S7,ORIGINAL,0.1,MIM,0.4,16.78688524590164,16.0,0,52
engr0,BLU,ORIGINAL,0.1,MIM,0.5,16.78688524590164,16.0,0,52
engr0,HTC,ORIGINAL,0.1,MIM,0.5,16.78688524590164,16.0,0,52
engr0,LG,ORIGINAL,0.1,MIM,0.5,16.78688524590164,16.0,0,52
engr0,MOTO,ORIGINAL,0.1,MIM,0.5,16.78688524590164,16.0,0,52
engr0,OP3,ORIGINAL,0.1,MIM,0.5,16.78688524590164,16.0,0,52
engr0,S7,ORIGINAL,0.1,MIM,0.5,16.78688524590164,16.0,0,52
engr0,BLU,ORIGINAL,0.1,MIM,0.6,16.78688524590164,16.0,0,52
engr0,HTC,ORIGINAL,0.1,MIM,0.6,16.78688524590164,16.0,0,52
engr0,LG,ORIGINAL,0.1,MIM,0.6,16.78688524590164,16.0,0,52
engr0,MOTO,ORIGINAL,0.1,MIM,0.6,16.78688524590164,16.0,0,52
engr0,OP3,ORIGINAL,0.1,MIM,0.6,16.78688524590164,16.0,0,52
engr0,S7,ORIGINAL,0.1,MIM,0.6,16.78688524590164,16.0,0,52
engr0,BLU,ORIGINAL,0.1,MIM,0.7,16.78688524590164,16.0,0,52
engr0,HTC,ORIGINAL,0.1,MIM,0.7,16.78688524590164,16.0,0,52
engr0,LG,ORIGINAL,0.1,MIM,0.7,16.78688524590164,16.0,0,52
engr0,MOTO,ORIGINAL,0.1,MIM,0.7,16.78688524590164,16.0,0,52
engr0,OP3,ORIGINAL,0.1,MIM,0.7,16.78688524590164,16.0,0,52
engr0,S7,ORIGINAL,0.1,MIM,0.7,16.78688524590164,16.0,0,52
engr0,BLU,ORIGINAL,0.1,MIM,0.8,16.78688524590164,16.0,0,52
engr0,HTC,ORIGINAL,0.1,MIM,0.8,16.78688524590164,16.0,0,52
engr0,LG,ORIGINAL,0.1,MIM,0.8,16.78688524590164,16.0,0,52
engr0,MOTO,ORIGINAL,0.1,MIM,0.8,16.78688524590164,16.0,0,52
engr0,OP3,ORIGINAL,0.1,MIM,0.8,16.78688524590164,16.0,0,52
engr0,S7,ORIGINAL,0.1,MIM,0.8,16.78688524590164,16.0,0,52
engr0,BLU,ORIGINAL,0.1,MIM,0.9,16.78688524590164,16.0,0,52
engr0,HTC,ORIGINAL,0.1,MIM,0.9,16.78688524590164,16.0,0,52
engr0,LG,ORIGINAL,0.1,MIM,0.9,16.78688524590164,16.0,0,52
engr0,MOTO,ORIGINAL,0.1,MIM,0.9,16.78688524590164,16.0,0,52
engr0,OP3,ORIGINAL,0.1,MIM,0.9,16.78688524590164,16.0,0,52
engr0,S7,ORIGINAL,0.1,MIM,0.9,16.78688524590164,16.0,0,52
engr0,BLU,ORIGINAL,0.1,MIM,1.0,16.78688524590164,16.0,0,52
engr0,HTC,ORIGINAL,0.1,MIM,1.0,16.78688524590164,16.0,0,52
engr0,LG,ORIGINAL,0.1,MIM,1.0,16.78688524590164,16.0,0,52
engr0,MOTO,ORIGINAL,0.1,MIM,1.0,16.78688524590164,16.0,0,52
engr0,OP3,ORIGINAL,0.1,MIM,1.0,16.78688524590164,16.0,0,52
engr0,S7,ORIGINAL,0.1,MIM,1.0,16.78688524590164,16.0,0,52
engr0,BLU,SAE,0.1,MIM,0.1,14.967213114754099,10.0,0,49
engr0,HTC,SAE,0.1,MIM,0.1,14.967213114754099,10.0,0,49
engr0,LG,SAE,0.1,MIM,0.1,14.967213114754099,10.0,0,49
engr0,MOTO,SAE,0.1,MIM,0.1,14.967213114754099,10.0,0,49
engr0,OP3,SAE,0.1,MIM,0.1,14.967213114754099,10.0,0,49
engr0,S7,SAE,0.1,MIM,0.1,14.967213114754099,10.0,0,49
engr0,BLU,SAE,0.1,MIM,0.2,15.147540983606557,13.0,0,49
engr0,HTC,SAE,0.1,MIM,0.2,15.147540983606557,13.0,0,49
engr0,LG,SAE,0.1,MIM,0.2,15.147540983606557,13.0,0,49
engr0,MOTO,SAE,0.1,MIM,0.2,15.147540983606557,13.0,0,49
engr0,OP3,SAE,0.1,MIM,0.2,15.147540983606557,13.0,0,49
engr0,S7,SAE,0.1,MIM,0.2,15.147540983606557,13.0,0,49
engr0,BLU,SAE,0.1,MIM,0.3,14.360655737704919,9.0,0,49
engr0,HTC,SAE,0.1,MIM,0.3,14.360655737704919,9.0,0,49
engr0,LG,SAE,0.1,MIM,0.3,14.360655737704919,9.0,0,49
engr0,MOTO,SAE,0.1,MIM,0.3,14.360655737704919,9.0,0,49
engr0,OP3,SAE,0.1,MIM,0.3,14.360655737704919,9.0,0,49
engr0,S7,SAE,0.1,MIM,0.3,14.360655737704919,9.0,0,49
engr0,BLU,SAE,0.1,MIM,0.4,14.655737704918034,9.0,0,50
engr0,HTC,SAE,0.1,MIM,0.4,14.655737704918034,9.0,0,50
engr0,LG,SAE,0.1,MIM,0.4,14.655737704918034,9.0,0,50
engr0,MOTO,SAE,0.1,MIM,0.4,14.655737704918034,9.0,0,50
engr0,OP3,SAE,0.1,MIM,0.4,14.655737704918034,9.0,0,50
engr0,S7,SAE,0.1,MIM,0.4,14.655737704918034,9.0,0,50
engr0,BLU,SAE,0.1,MIM,0.5,14.655737704918034,9.0,0,50
engr0,HTC,SAE,0.1,MIM,0.5,14.655737704918034,9.0,0,50
engr0,LG,SAE,0.1,MIM,0.5,14.655737704918034,9.0,0,50
engr0,MOTO,SAE,0.1,MIM,0.5,14.655737704918034,9.0,0,50
engr0,OP3,SAE,0.1,MIM,0.5,14.655737704918034,9.0,0,50
engr0,S7,SAE,0.1,MIM,0.5,14.655737704918034,9.0,0,50
engr0,BLU,SAE,0.1,MIM,0.6,14.655737704918034,9.0,0,50
engr0,HTC,SAE,0.1,MIM,0.6,14.655737704918034,9.0,0,50
engr0,LG,SAE,0.1,MIM,0.6,14.655737704918034,9.0,0,50
engr0,MOTO,SAE,0.1,MIM,0.6,14.655737704918034,9.0,0,50
engr0,OP3,SAE,0.1,MIM,0.6,14.655737704918034,9.0,0,50
engr0,S7,SAE,0.1,MIM,0.6,14.655737704918034,9.0,0,50
engr0,BLU,SAE,0.1,MIM,0.7,14.655737704918034,9.0,0,50
engr0,HTC,SAE,0.1,MIM,0.7,14.655737704918034,9.0,0,50
engr0,LG,SAE,0.1,MIM,0.7,14.655737704918034,9.0,0,50
engr0,MOTO,SAE,0.1,MIM,0.7,14.655737704918034,9.0,0,50
engr0,OP3,SAE,0.1,MIM,0.7,14.655737704918034,9.0,0,50
engr0,S7,SAE,0.1,MIM,0.7,14.655737704918034,9.0,0,50
engr0,BLU,SAE,0.1,MIM,0.8,14.655737704918034,9.0,0,50
engr0,HTC,SAE,0.1,MIM,0.8,14.655737704918034,9.0,0,50
engr0,LG,SAE,0.1,MIM,0.8,14.655737704918034,9.0,0,50
engr0,MOTO,SAE,0.1,MIM,0.8,14.655737704918034,9.0,0,50
engr0,OP3,SAE,0.1,MIM,0.8,14.655737704918034,9.0,0,50
engr0,S7,SAE,0.1,MIM,0.8,14.655737704918034,9.0,0,50
engr0,BLU,SAE,0.1,MIM,0.9,14.655737704918034,9.0,0,50
engr0,HTC,SAE,0.1,MIM,0.9,14.655737704918034,9.0,0,50
engr0,LG,SAE,0.1,MIM,0.9,14.655737704918034,9.0,0,50
engr0,MOTO,SAE,0.1,MIM,0.9,14.655737704918034,9.0,0,50
engr0,OP3,SAE,0.1,MIM,0.9,14.655737704918034,9.0,0,50
engr0,S7,SAE,0.1,MIM,0.9,14.655737704918034,9.0,0,50
engr0,BLU,SAE,0.1,MIM,1.0,14.655737704918034,9.0,0,50
engr0,HTC,SAE,0.1,MIM,1.0,14.655737704918034,9.0,0,50
engr0,LG,SAE,0.1,MIM,1.0,14.655737704918034,9.0,0,50
engr0,MOTO,SAE,0.1,MIM,1.0,14.655737704918034,9.0,0,50
engr0,OP3,SAE,0.1,MIM,1.0,14.655737704918034,9.0,0,50
engr0,S7,SAE,0.1,MIM,1.0,14.655737704918034,9.0,0,50
engr0,BLU,STACKED_SAE,0.1,MIM,0.1,17.049180327868854,11.0,0,58
engr0,HTC,STACKED_SAE,0.1,MIM,0.1,17.049180327868854,11.0,0,58
engr0,LG,STACKED_SAE,0.1,MIM,0.1,17.049180327868854,11.0,0,58
engr0,MOTO,STACKED_SAE,0.1,MIM,0.1,17.049180327868854,11.0,0,58
engr0,OP3,STACKED_SAE,0.1,MIM,0.1,17.049180327868854,11.0,0,58
engr0,S7,STACKED_SAE,0.1,MIM,0.1,17.049180327868854,11.0,0,58
engr0,BLU,STACKED_SAE,0.1,MIM,0.2,18.24590163934426,11.0,0,60
engr0,HTC,STACKED_SAE,0.1,MIM,0.2,18.24590163934426,11.0,0,60
engr0,LG,STACKED_SAE,0.1,MIM,0.2,18.24590163934426,11.0,0,60
engr0,MOTO,STACKED_SAE,0.1,MIM,0.2,18.24590163934426,11.0,0,60
engr0,OP3,STACKED_SAE,0.1,MIM,0.2,18.24590163934426,11.0,0,60
engr0,S7,STACKED_SAE,0.1,MIM,0.2,18.24590163934426,11.0,0,60
engr0,BLU,STACKED_SAE,0.1,MIM,0.3,18.57377049180328,11.0,0,60
engr0,HTC,STACKED_SAE,0.1,MIM,0.3,18.57377049180328,11.0,0,60
engr0,LG,STACKED_SAE,0.1,MIM,0.3,18.57377049180328,11.0,0,60
engr0,MOTO,STACKED_SAE,0.1,MIM,0.3,18.57377049180328,11.0,0,60
engr0,OP3,STACKED_SAE,0.1,MIM,0.3,18.57377049180328,11.0,0,60
engr0,S7,STACKED_SAE,0.1,MIM,0.3,18.57377049180328,11.0,0,60
engr0,BLU,STACKED_SAE,0.1,MIM,0.4,19.147540983606557,12.0,0,60
engr0,HTC,STACKED_SAE,0.1,MIM,0.4,19.147540983606557,12.0,0,60
engr0,LG,STACKED_SAE,0.1,MIM,0.4,19.147540983606557,12.0,0,60
engr0,MOTO,STACKED_SAE,0.1,MIM,0.4,19.147540983606557,12.0,0,60
engr0,OP3,STACKED_SAE,0.1,MIM,0.4,19.147540983606557,12.0,0,60
engr0,S7,STACKED_SAE,0.1,MIM,0.4,19.147540983606557,12.0,0,60
engr0,BLU,STACKED_SAE,0.1,MIM,0.5,19.147540983606557,12.0,0,60
engr0,HTC,STACKED_SAE,0.1,MIM,0.5,19.147540983606557,12.0,0,60
engr0,LG,STACKED_SAE,0.1,MIM,0.5,19.147540983606557,12.0,0,60
engr0,MOTO,STACKED_SAE,0.1,MIM,0.5,19.147540983606557,12.0,0,60
engr0,OP3,STACKED_SAE,0.1,MIM,0.5,19.147540983606557,12.0,0,60
engr0,S7,STACKED_SAE,0.1,MIM,0.5,19.147540983606557,12.0,0,60
engr0,BLU,STACKED_SAE,0.1,MIM,0.6,19.147540983606557,12.0,0,60
engr0,HTC,STACKED_SAE,0.1,MIM,0.6,19.147540983606557,12.0,0,60
engr0,LG,STACKED_SAE,0.1,MIM,0.6,19.147540983606557,12.0,0,60
engr0,MOTO,STACKED_SAE,0.1,MIM,0.6,19.147540983606557,12.0,0,60
engr0,OP3,STACKED_SAE,0.1,MIM,0.6,19.147540983606557,12.0,0,60
engr0,S7,STACKED_SAE,0.1,MIM,0.6,19.147540983606557,12.0,0,60
engr0,BLU,STACKED_SAE,0.1,MIM,0.7,19.147540983606557,12.0,0,60
engr0,HTC,STACKED_SAE,0.1,MIM,0.7,19.147540983606557,12.0,0,60
engr0,LG,STACKED_SAE,0.1,MIM,0.7,19.147540983606557,12.0,0,60
engr0,MOTO,STACKED_SAE,0.1,MIM,0.7,19.147540983606557,12.0,0,60
engr0,OP3,STACKED_SAE,0.1,MIM,0.7,19.147540983606557,12.0,0,60
engr0,S7,STACKED_SAE,0.1,MIM,0.7,19.147540983606557,12.0,0,60
engr0,BLU,STACKED_SAE,0.1,MIM,0.8,19.147540983606557,12.0,0,60
engr0,HTC,STACKED_SAE,0.1,MIM,0.8,19.147540983606557,12.0,0,60
engr0,LG,STACKED_SAE,0.1,MIM,0.8,19.147540983606557,12.0,0,60
engr0,MOTO,STACKED_SAE,0.1,MIM,0.8,19.147540983606557,12.0,0,60
engr0,OP3,STACKED_SAE,0.1,MIM,0.8,19.147540983606557,12.0,0,60
engr0,S7,STACKED_SAE,0.1,MIM,0.8,19.147540983606557,12.0,0,60
engr0,BLU,STACKED_SAE,0.1,MIM,0.9,19.147540983606557,12.0,0,60
engr0,HTC,STACKED_SAE,0.1,MIM,0.9,19.147540983606557,12.0,0,60
engr0,LG,STACKED_SAE,0.1,MIM,0.9,19.147540983606557,12.0,0,60
engr0,MOTO,STACKED_SAE,0.1,MIM,0.9,19.147540983606557,12.0,0,60
engr0,OP3,STACKED_SAE,0.1,MIM,0.9,19.147540983606557,12.0,0,60
engr0,S7,STACKED_SAE,0.1,MIM,0.9,19.147540983606557,12.0,0,60
engr0,BLU,STACKED_SAE,0.1,MIM,1.0,19.147540983606557,12.0,0,60
engr0,HTC,STACKED_SAE,0.1,MIM,1.0,19.147540983606557,12.0,0,60
engr0,LG,STACKED_SAE,0.1,MIM,1.0,19.147540983606557,12.0,0,60
engr0,MOTO,STACKED_SAE,0.1,MIM,1.0,19.147540983606557,12.0,0,60
engr0,OP3,STACKED_SAE,0.1,MIM,1.0,19.147540983606557,12.0,0,60
engr0,S7,STACKED_SAE,0.1,MIM,1.0,19.147540983606557,12.0,0,60
engr0,BLU,GAN,0.1,MIM,0.1,8.524590163934427,5.0,0,47
engr0,HTC,GAN,0.1,MIM,0.1,8.524590163934427,5.0,0,47
engr0,LG,GAN,0.1,MIM,0.1,8.524590163934427,5.0,0,47
engr0,MOTO,GAN,0.1,MIM,0.1,8.524590163934427,5.0,0,47
engr0,OP3,GAN,0.1,MIM,0.1,8.524590163934427,5.0,0,47
engr0,S7,GAN,0.1,MIM,0.1,8.524590163934427,5.0,0,47
engr0,BLU,GAN,0.1,MIM,0.2,10.295081967213115,6.0,0,53
engr0,HTC,GAN,0.1,MIM,0.2,10.295081967213115,6.0,0,53
engr0,LG,GAN,0.1,MIM,0.2,10.295081967213115,6.0,0,53
engr0,MOTO,GAN,0.1,MIM,0.2,10.295081967213115,6.0,0,53
engr0,OP3,GAN,0.1,MIM,0.2,10.295081967213115,6.0,0,53
engr0,S7,GAN,0.1,MIM,0.2,10.295081967213115,6.0,0,53
engr0,BLU,GAN,0.1,MIM,0.3,13.573770491803279,7.0,0,52
engr0,HTC,GAN,0.1,MIM,0.3,13.573770491803279,7.0,0,52
engr0,LG,GAN,0.1,MIM,0.3,13.573770491803279,7.0,0,52
engr0,MOTO,GAN,0.1,MIM,0.3,13.573770491803279,7.0,0,52
engr0,OP3,GAN,0.1,MIM,0.3,13.573770491803279,7.0,0,52
engr0,S7,GAN,0.1,MIM,0.3,13.573770491803279,7.0,0,52
engr0,BLU,GAN,0.1,MIM,0.4,13.147540983606557,6.0,0,52
engr0,HTC,GAN,0.1,MIM,0.4,13.147540983606557,6.0,0,52
engr0,LG,GAN,0.1,MIM,0.4,13.147540983606557,6.0,0,52
engr0,MOTO,GAN,0.1,MIM,0.4,13.147540983606557,6.0,0,52
engr0,OP3,GAN,0.1,MIM,0.4,13.147540983606557,6.0,0,52
engr0,S7,GAN,0.1,MIM,0.4,13.147540983606557,6.0,0,52
engr0,BLU,GAN,0.1,MIM,0.5,13.147540983606557,6.0,0,52
engr0,HTC,GAN,0.1,MIM,0.5,13.147540983606557,6.0,0,52
engr0,LG,GAN,0.1,MIM,0.5,13.147540983606557,6.0,0,52
engr0,MOTO,GAN,0.1,MIM,0.5,13.147540983606557,6.0,0,52
engr0,OP3,GAN,0.1,MIM,0.5,13.147540983606557,6.0,0,52
engr0,S7,GAN,0.1,MIM,0.5,13.147540983606557,6.0,0,52
engr0,BLU,GAN,0.1,MIM,0.6,13.147540983606557,6.0,0,52
engr0,HTC,GAN,0.1,MIM,0.6,13.147540983606557,6.0,0,52
engr0,LG,GAN,0.1,MIM,0.6,13.147540983606557,6.0,0,52
engr0,MOTO,GAN,0.1,MIM,0.6,13.147540983606557,6.0,0,52
engr0,OP3,GAN,0.1,MIM,0.6,13.147540983606557,6.0,0,52
engr0,S7,GAN,0.1,MIM,0.6,13.147540983606557,6.0,0,52
engr0,BLU,GAN,0.1,MIM,0.7,13.147540983606557,6.0,0,52
engr0,HTC,GAN,0.1,MIM,0.7,13.147540983606557,6.0,0,52
engr0,LG,GAN,0.1,MIM,0.7,13.147540983606557,6.0,0,52
engr0,MOTO,GAN,0.1,MIM,0.7,13.147540983606557,6.0,0,52
engr0,OP3,GAN,0.1,MIM,0.7,13.147540983606557,6.0,0,52
engr0,S7,GAN,0.1,MIM,0.7,13.147540983606557,6.0,0,52
engr0,BLU,GAN,0.1,MIM,0.8,13.147540983606557,6.0,0,52
engr0,HTC,GAN,0.1,MIM,0.8,13.147540983606557,6.0,0,52
engr0,LG,GAN,0.1,MIM,0.8,13.147540983606557,6.0,0,52
engr0,MOTO,GAN,0.1,MIM,0.8,13.147540983606557,6.0,0,52
engr0,OP3,GAN,0.1,MIM,0.8,13.147540983606557,6.0,0,52
engr0,S7,GAN,0.1,MIM,0.8,13.147540983606557,6.0,0,52
engr0,BLU,GAN,0.1,MIM,0.9,13.147540983606557,6.0,0,52
engr0,HTC,GAN,0.1,MIM,0.9,13.147540983606557,6.0,0,52
engr0,LG,GAN,0.1,MIM,0.9,13.147540983606557,6.0,0,52
engr0,MOTO,GAN,0.1,MIM,0.9,13.147540983606557,6.0,0,52
engr0,OP3,GAN,0.1,MIM,0.9,13.147540983606557,6.0,0,52
engr0,S7,GAN,0.1,MIM,0.9,13.147540983606557,6.0,0,52
engr0,BLU,GAN,0.1,MIM,1.0,13.147540983606557,6.0,0,52
engr0,HTC,GAN,0.1,MIM,1.0,13.147540983606557,6.0,0,52
engr0,LG,GAN,0.1,MIM,1.0,13.147540983606557,6.0,0,52
engr0,MOTO,GAN,0.1,MIM,1.0,13.147540983606557,6.0,0,52
engr0,OP3,GAN,0.1,MIM,1.0,13.147540983606557,6.0,0,52
engr0,S7,GAN,0.1,MIM,1.0,13.147540983606557,6.0,0,52
engr0,BLU,FGSM,0.1,MIM,0.1,2.4918032786885247,2.0,0,25
engr0,HTC,FGSM,0.1,MIM,0.1,2.4918032786885247,2.0,0,25
engr0,LG,FGSM,0.1,MIM,0.1,2.4918032786885247,2.0,0,25
engr0,MOTO,FGSM,0.1,MIM,0.1,2.4918032786885247,2.0,0,25
engr0,OP3,FGSM,0.1,MIM,0.1,2.4918032786885247,2.0,0,25
engr0,S7,FGSM,0.1,MIM,0.1,2.4918032786885247,2.0,0,25
engr0,BLU,FGSM,0.1,MIM,0.2,4.065573770491803,3.0,0,22
engr0,HTC,FGSM,0.1,MIM,0.2,4.065573770491803,3.0,0,22
engr0,LG,FGSM,0.1,MIM,0.2,4.065573770491803,3.0,0,22
engr0,MOTO,FGSM,0.1,MIM,0.2,4.065573770491803,3.0,0,22
engr0,OP3,FGSM,0.1,MIM,0.2,4.065573770491803,3.0,0,22
engr0,S7,FGSM,0.1,MIM,0.2,4.065573770491803,3.0,0,22
engr0,BLU,FGSM,0.1,MIM,0.3,8.40983606557377,3.0,0,58
engr0,HTC,FGSM,0.1,MIM,0.3,8.40983606557377,3.0,0,58
engr0,LG,FGSM,0.1,MIM,0.3,8.40983606557377,3.0,0,58
engr0,MOTO,FGSM,0.1,MIM,0.3,8.40983606557377,3.0,0,58
engr0,OP3,FGSM,0.1,MIM,0.3,8.40983606557377,3.0,0,58
engr0,S7,FGSM,0.1,MIM,0.3,8.40983606557377,3.0,0,58
engr0,BLU,FGSM,0.1,MIM,0.4,9.672131147540984,3.0,0,58
engr0,HTC,FGSM,0.1,MIM,0.4,9.672131147540984,3.0,0,58
engr0,LG,FGSM,0.1,MIM,0.4,9.672131147540984,3.0,0,58
engr0,MOTO,FGSM,0.1,MIM,0.4,9.672131147540984,3.0,0,58
engr0,OP3,FGSM,0.1,MIM,0.4,9.672131147540984,3.0,0,58
engr0,S7,FGSM,0.1,MIM,0.4,9.672131147540984,3.0,0,58
engr0,BLU,FGSM,0.1,MIM,0.5,9.672131147540984,3.0,0,58
engr0,HTC,FGSM,0.1,MIM,0.5,9.672131147540984,3.0,0,58
engr0,LG,FGSM,0.1,MIM,0.5,9.672131147540984,3.0,0,58
engr0,MOTO,FGSM,0.1,MIM,0.5,9.672131147540984,3.0,0,58
engr0,OP3,FGSM,0.1,MIM,0.5,9.672131147540984,3.0,0,58
engr0,S7,FGSM,0.1,MIM,0.5,9.672131147540984,3.0,0,58
engr0,BLU,FGSM,0.1,MIM,0.6,9.672131147540984,3.0,0,58
engr0,HTC,FGSM,0.1,MIM,0.6,9.672131147540984,3.0,0,58
engr0,LG,FGSM,0.1,MIM,0.6,9.672131147540984,3.0,0,58
engr0,MOTO,FGSM,0.1,MIM,0.6,9.672131147540984,3.0,0,58
engr0,OP3,FGSM,0.1,MIM,0.6,9.672131147540984,3.0,0,58
engr0,S7,FGSM,0.1,MIM,0.6,9.672131147540984,3.0,0,58
engr0,BLU,FGSM,0.1,MIM,0.7,9.672131147540984,3.0,0,58
engr0,HTC,FGSM,0.1,MIM,0.7,9.672131147540984,3.0,0,58
engr0,LG,FGSM,0.1,MIM,0.7,9.672131147540984,3.0,0,58
engr0,MOTO,FGSM,0.1,MIM,0.7,9.672131147540984,3.0,0,58
engr0,OP3,FGSM,0.1,MIM,0.7,9.672131147540984,3.0,0,58
engr0,S7,FGSM,0.1,MIM,0.7,9.672131147540984,3.0,0,58
engr0,BLU,FGSM,0.1,MIM,0.8,9.672131147540984,3.0,0,58
engr0,HTC,FGSM,0.1,MIM,0.8,9.672131147540984,3.0,0,58
engr0,LG,FGSM,0.1,MIM,0.8,9.672131147540984,3.0,0,58
engr0,MOTO,FGSM,0.1,MIM,0.8,9.672131147540984,3.0,0,58
engr0,OP3,FGSM,0.1,MIM,0.8,9.672131147540984,3.0,0,58
engr0,S7,FGSM,0.1,MIM,0.8,9.672131147540984,3.0,0,58
engr0,BLU,FGSM,0.1,MIM,0.9,9.672131147540984,3.0,0,58
engr0,HTC,FGSM,0.1,MIM,0.9,9.672131147540984,3.0,0,58
engr0,LG,FGSM,0.1,MIM,0.9,9.672131147540984,3.0,0,58
engr0,MOTO,FGSM,0.1,MIM,0.9,9.672131147540984,3.0,0,58
engr0,OP3,FGSM,0.1,MIM,0.9,9.672131147540984,3.0,0,58
engr0,S7,FGSM,0.1,MIM,0.9,9.672131147540984,3.0,0,58
engr0,BLU,FGSM,0.1,MIM,1.0,9.672131147540984,3.0,0,58
engr0,HTC,FGSM,0.1,MIM,1.0,9.672131147540984,3.0,0,58
engr0,LG,FGSM,0.1,MIM,1.0,9.672131147540984,3.0,0,58
engr0,MOTO,FGSM,0.1,MIM,1.0,9.672131147540984,3.0,0,58
engr0,OP3,FGSM,0.1,MIM,1.0,9.672131147540984,3.0,0,58
engr0,S7,FGSM,0.1,MIM,1.0,9.672131147540984,3.0,0,58
engr0,BLU,FGSM,0.2,MIM,0.1,3.737704918032787,2.0,0,20
engr0,HTC,FGSM,0.2,MIM,0.1,3.737704918032787,2.0,0,20
engr0,LG,FGSM,0.2,MIM,0.1,3.737704918032787,2.0,0,20
engr0,MOTO,FGSM,0.2,MIM,0.1,3.737704918032787,2.0,0,20
engr0,OP3,FGSM,0.2,MIM,0.1,3.737704918032787,2.0,0,20
engr0,S7,FGSM,0.2,MIM,0.1,3.737704918032787,2.0,0,20
engr0,BLU,FGSM,0.2,MIM,0.2,4.950819672131147,2.0,0,34
engr0,HTC,FGSM,0.2,MIM,0.2,4.950819672131147,2.0,0,34
engr0,LG,FGSM,0.2,MIM,0.2,4.950819672131147,2.0,0,34
engr0,MOTO,FGSM,0.2,MIM,0.2,4.950819672131147,2.0,0,34
engr0,OP3,FGSM,0.2,MIM,0.2,4.950819672131147,2.0,0,34
engr0,S7,FGSM,0.2,MIM,0.2,4.950819672131147,2.0,0,34
engr0,BLU,FGSM,0.2,MIM,0.3,6.065573770491803,3.0,0,35
engr0,HTC,FGSM,0.2,MIM,0.3,6.065573770491803,3.0,0,35
engr0,LG,FGSM,0.2,MIM,0.3,6.065573770491803,3.0,0,35
engr0,MOTO,FGSM,0.2,MIM,0.3,6.065573770491803,3.0,0,35
engr0,OP3,FGSM,0.2,MIM,0.3,6.065573770491803,3.0,0,35
engr0,S7,FGSM,0.2,MIM,0.3,6.065573770491803,3.0,0,35
engr0,BLU,FGSM,0.2,MIM,0.4,6.770491803278689,3.0,0,47
engr0,HTC,FGSM,0.2,MIM,0.4,6.770491803278689,3.0,0,47
engr0,LG,FGSM,0.2,MIM,0.4,6.770491803278689,3.0,0,47
engr0,MOTO,FGSM,0.2,MIM,0.4,6.770491803278689,3.0,0,47
engr0,OP3,FGSM,0.2,MIM,0.4,6.770491803278689,3.0,0,47
engr0,S7,FGSM,0.2,MIM,0.4,6.770491803278689,3.0,0,47
engr0,BLU,FGSM,0.2,MIM,0.5,6.770491803278689,3.0,0,47
engr0,HTC,FGSM,0.2,MIM,0.5,6.770491803278689,3.0,0,47
engr0,LG,FGSM,0.2,MIM,0.5,6.770491803278689,3.0,0,47
engr0,MOTO,FGSM,0.2,MIM,0.5,6.770491803278689,3.0,0,47
engr0,OP3,FGSM,0.2,MIM,0.5,6.770491803278689,3.0,0,47
engr0,S7,FGSM,0.2,MIM,0.5,6.770491803278689,3.0,0,47
engr0,BLU,FGSM,0.2,MIM,0.6,6.770491803278689,3.0,0,47
engr0,HTC,FGSM,0.2,MIM,0.6,6.770491803278689,3.0,0,47
engr0,LG,FGSM,0.2,MIM,0.6,6.770491803278689,3.0,0,47
engr0,MOTO,FGSM,0.2,MIM,0.6,6.770491803278689,3.0,0,47
engr0,OP3,FGSM,0.2,MIM,0.6,6.770491803278689,3.0,0,47
engr0,S7,FGSM,0.2,MIM,0.6,6.770491803278689,3.0,0,47
engr0,BLU,FGSM,0.2,MIM,0.7,6.770491803278689,3.0,0,47
engr0,HTC,FGSM,0.2,MIM,0.7,6.770491803278689,3.0,0,47
engr0,LG,FGSM,0.2,MIM,0.7,6.770491803278689,3.0,0,47
engr0,MOTO,FGSM,0.2,MIM,0.7,6.770491803278689,3.0,0,47
engr0,OP3,FGSM,0.2,MIM,0.7,6.770491803278689,3.0,0,47
engr0,S7,FGSM,0.2,MIM,0.7,6.770491803278689,3.0,0,47
engr0,BLU,FGSM,0.2,MIM,0.8,6.770491803278689,3.0,0,47
engr0,HTC,FGSM,0.2,MIM,0.8,6.770491803278689,3.0,0,47
engr0,LG,FGSM,0.2,MIM,0.8,6.770491803278689,3.0,0,47
engr0,MOTO,FGSM,0.2,MIM,0.8,6.770491803278689,3.0,0,47
engr0,OP3,FGSM,0.2,MIM,0.8,6.770491803278689,3.0,0,47
engr0,S7,FGSM,0.2,MIM,0.8,6.770491803278689,3.0,0,47
engr0,BLU,FGSM,0.2,MIM,0.9,6.770491803278689,3.0,0,47
engr0,HTC,FGSM,0.2,MIM,0.9,6.770491803278689,3.0,0,47
engr0,LG,FGSM,0.2,MIM,0.9,6.770491803278689,3.0,0,47
engr0,MOTO,FGSM,0.2,MIM,0.9,6.770491803278689,3.0,0,47
engr0,OP3,FGSM,0.2,MIM,0.9,6.770491803278689,3.0,0,47
engr0,S7,FGSM,0.2,MIM,0.9,6.770491803278689,3.0,0,47
engr0,BLU,FGSM,0.2,MIM,1.0,6.770491803278689,3.0,0,47
engr0,HTC,FGSM,0.2,MIM,1.0,6.770491803278689,3.0,0,47
engr0,LG,FGSM,0.2,MIM,1.0,6.770491803278689,3.0,0,47
engr0,MOTO,FGSM,0.2,MIM,1.0,6.770491803278689,3.0,0,47
engr0,OP3,FGSM,0.2,MIM,1.0,6.770491803278689,3.0,0,47
engr0,S7,FGSM,0.2,MIM,1.0,6.770491803278689,3.0,0,47
engr0,BLU,FGSM,0.3,MIM,0.1,1.819672131147541,1.0,0,9
engr0,HTC,FGSM,0.3,MIM,0.1,1.819672131147541,1.0,0,9
engr0,LG,FGSM,0.3,MIM,0.1,1.819672131147541,1.0,0,9
engr0,MOTO,FGSM,0.3,MIM,0.1,1.819672131147541,1.0,0,9
engr0,OP3,FGSM,0.3,MIM,0.1,1.819672131147541,1.0,0,9
engr0,S7,FGSM,0.3,MIM,0.1,1.819672131147541,1.0,0,9
engr0,BLU,FGSM,0.3,MIM,0.2,2.7704918032786887,2.0,0,23
engr0,HTC,FGSM,0.3,MIM,0.2,2.7704918032786887,2.0,0,23
engr0,LG,FGSM,0.3,MIM,0.2,2.7704918032786887,2.0,0,23
engr0,MOTO,FGSM,0.3,MIM,0.2,2.7704918032786887,2.0,0,23
engr0,OP3,FGSM,0.3,MIM,0.2,2.7704918032786887,2.0,0,23
engr0,S7,FGSM,0.3,MIM,0.2,2.7704918032786887,2.0,0,23
engr0,BLU,FGSM,0.3,MIM,0.3,4.295081967213115,3.0,0,25
engr0,HTC,FGSM,0.3,MIM,0.3,4.295081967213115,3.0,0,25
engr0,LG,FGSM,0.3,MIM,0.3,4.295081967213115,3.0,0,25
engr0,MOTO,FGSM,0.3,MIM,0.3,4.295081967213115,3.0,0,25
engr0,OP3,FGSM,0.3,MIM,0.3,4.295081967213115,3.0,0,25
engr0,S7,FGSM,0.3,MIM,0.3,4.295081967213115,3.0,0,25
engr0,BLU,FGSM,0.3,MIM,0.4,4.983606557377049,2.0,0,53
engr0,HTC,FGSM,0.3,MIM,0.4,4.983606557377049,2.0,0,53
engr0,LG,FGSM,0.3,MIM,0.4,4.983606557377049,2.0,0,53
engr0,MOTO,FGSM,0.3,MIM,0.4,4.983606557377049,2.0,0,53
engr0,OP3,FGSM,0.3,MIM,0.4,4.983606557377049,2.0,0,53
engr0,S7,FGSM,0.3,MIM,0.4,4.983606557377049,2.0,0,53
engr0,BLU,FGSM,0.3,MIM,0.5,4.983606557377049,2.0,0,53
engr0,HTC,FGSM,0.3,MIM,0.5,4.983606557377049,2.0,0,53
engr0,LG,FGSM,0.3,MIM,0.5,4.983606557377049,2.0,0,53
engr0,MOTO,FGSM,0.3,MIM,0.5,4.983606557377049,2.0,0,53
engr0,OP3,FGSM,0.3,MIM,0.5,4.983606557377049,2.0,0,53
engr0,S7,FGSM,0.3,MIM,0.5,4.983606557377049,2.0,0,53
engr0,BLU,FGSM,0.3,MIM,0.6,4.983606557377049,2.0,0,53
engr0,HTC,FGSM,0.3,MIM,0.6,4.983606557377049,2.0,0,53
engr0,LG,FGSM,0.3,MIM,0.6,4.983606557377049,2.0,0,53
engr0,MOTO,FGSM,0.3,MIM,0.6,4.983606557377049,2.0,0,53
engr0,OP3,FGSM,0.3,MIM,0.6,4.983606557377049,2.0,0,53
engr0,S7,FGSM,0.3,MIM,0.6,4.983606557377049,2.0,0,53
engr0,BLU,FGSM,0.3,MIM,0.7,4.983606557377049,2.0,0,53
engr0,HTC,FGSM,0.3,MIM,0.7,4.983606557377049,2.0,0,53
engr0,LG,FGSM,0.3,MIM,0.7,4.983606557377049,2.0,0,53
engr0,MOTO,FGSM,0.3,MIM,0.7,4.983606557377049,2.0,0,53
engr0,OP3,FGSM,0.3,MIM,0.7,4.983606557377049,2.0,0,53
engr0,S7,FGSM,0.3,MIM,0.7,4.983606557377049,2.0,0,53
engr0,BLU,FGSM,0.3,MIM,0.8,4.983606557377049,2.0,0,53
engr0,HTC,FGSM,0.3,MIM,0.8,4.983606557377049,2.0,0,53
engr0,LG,FGSM,0.3,MIM,0.8,4.983606557377049,2.0,0,53
engr0,MOTO,FGSM,0.3,MIM,0.8,4.983606557377049,2.0,0,53
engr0,OP3,FGSM,0.3,MIM,0.8,4.983606557377049,2.0,0,53
engr0,S7,FGSM,0.3,MIM,0.8,4.983606557377049,2.0,0,53
engr0,BLU,FGSM,0.3,MIM,0.9,4.983606557377049,2.0,0,53
engr0,HTC,FGSM,0.3,MIM,0.9,4.983606557377049,2.0,0,53
engr0,LG,FGSM,0.3,MIM,0.9,4.983606557377049,2.0,0,53
engr0,MOTO,FGSM,0.3,MIM,0.9,4.983606557377049,2.0,0,53
engr0,OP3,FGSM,0.3,MIM,0.9,4.983606557377049,2.0,0,53
engr0,S7,FGSM,0.3,MIM,0.9,4.983606557377049,2.0,0,53
engr0,BLU,FGSM,0.3,MIM,1.0,4.983606557377049,2.0,0,53
engr0,HTC,FGSM,0.3,MIM,1.0,4.983606557377049,2.0,0,53
engr0,LG,FGSM,0.3,MIM,1.0,4.983606557377049,2.0,0,53
engr0,MOTO,FGSM,0.3,MIM,1.0,4.983606557377049,2.0,0,53
engr0,OP3,FGSM,0.3,MIM,1.0,4.983606557377049,2.0,0,53
engr0,S7,FGSM,0.3,MIM,1.0,4.983606557377049,2.0,0,53
engr0,BLU,FGSM,0.4,MIM,0.1,2.80327868852459,1.0,0,42
engr0,HTC,FGSM,0.4,MIM,0.1,2.80327868852459,1.0,0,42
engr0,LG,FGSM,0.4,MIM,0.1,2.80327868852459,1.0,0,42
engr0,MOTO,FGSM,0.4,MIM,0.1,2.80327868852459,1.0,0,42
engr0,OP3,FGSM,0.4,MIM,0.1,2.80327868852459,1.0,0,42
engr0,S7,FGSM,0.4,MIM,0.1,2.80327868852459,1.0,0,42
engr0,BLU,FGSM,0.4,MIM,0.2,3.721311475409836,2.0,0,45
engr0,HTC,FGSM,0.4,MIM,0.2,3.721311475409836,2.0,0,45
engr0,LG,FGSM,0.4,MIM,0.2,3.721311475409836,2.0,0,45
engr0,MOTO,FGSM,0.4,MIM,0.2,3.721311475409836,2.0,0,45
engr0,OP3,FGSM,0.4,MIM,0.2,3.721311475409836,2.0,0,45
engr0,S7,FGSM,0.4,MIM,0.2,3.721311475409836,2.0,0,45
engr0,BLU,FGSM,0.4,MIM,0.3,7.295081967213115,2.0,0,54
engr0,HTC,FGSM,0.4,MIM,0.3,7.295081967213115,2.0,0,54
engr0,LG,FGSM,0.4,MIM,0.3,7.295081967213115,2.0,0,54
engr0,MOTO,FGSM,0.4,MIM,0.3,7.295081967213115,2.0,0,54
engr0,OP3,FGSM,0.4,MIM,0.3,7.295081967213115,2.0,0,54
engr0,S7,FGSM,0.4,MIM,0.3,7.295081967213115,2.0,0,54
engr0,BLU,FGSM,0.4,MIM,0.4,6.377049180327869,3.0,0,53
engr0,HTC,FGSM,0.4,MIM,0.4,6.377049180327869,3.0,0,53
engr0,LG,FGSM,0.4,MIM,0.4,6.377049180327869,3.0,0,53
engr0,MOTO,FGSM,0.4,MIM,0.4,6.377049180327869,3.0,0,53
engr0,OP3,FGSM,0.4,MIM,0.4,6.377049180327869,3.0,0,53
engr0,S7,FGSM,0.4,MIM,0.4,6.377049180327869,3.0,0,53
engr0,BLU,FGSM,0.4,MIM,0.5,6.377049180327869,3.0,0,53
engr0,HTC,FGSM,0.4,MIM,0.5,6.377049180327869,3.0,0,53
engr0,LG,FGSM,0.4,MIM,0.5,6.377049180327869,3.0,0,53
engr0,MOTO,FGSM,0.4,MIM,0.5,6.377049180327869,3.0,0,53
engr0,OP3,FGSM,0.4,MIM,0.5,6.377049180327869,3.0,0,53
engr0,S7,FGSM,0.4,MIM,0.5,6.377049180327869,3.0,0,53
engr0,BLU,FGSM,0.4,MIM,0.6,6.377049180327869,3.0,0,53
engr0,HTC,FGSM,0.4,MIM,0.6,6.377049180327869,3.0,0,53
engr0,LG,FGSM,0.4,MIM,0.6,6.377049180327869,3.0,0,53
engr0,MOTO,FGSM,0.4,MIM,0.6,6.377049180327869,3.0,0,53
engr0,OP3,FGSM,0.4,MIM,0.6,6.377049180327869,3.0,0,53
engr0,S7,FGSM,0.4,MIM,0.6,6.377049180327869,3.0,0,53
engr0,BLU,FGSM,0.4,MIM,0.7,6.377049180327869,3.0,0,53
engr0,HTC,FGSM,0.4,MIM,0.7,6.377049180327869,3.0,0,53
engr0,LG,FGSM,0.4,MIM,0.7,6.377049180327869,3.0,0,53
engr0,MOTO,FGSM,0.4,MIM,0.7,6.377049180327869,3.0,0,53
engr0,OP3,FGSM,0.4,MIM,0.7,6.377049180327869,3.0,0,53
engr0,S7,FGSM,0.4,MIM,0.7,6.377049180327869,3.0,0,53
engr0,BLU,FGSM,0.4,MIM,0.8,6.377049180327869,3.0,0,53
engr0,HTC,FGSM,0.4,MIM,0.8,6.377049180327869,3.0,0,53
engr0,LG,FGSM,0.4,MIM,0.8,6.377049180327869,3.0,0,53
engr0,MOTO,FGSM,0.4,MIM,0.8,6.377049180327869,3.0,0,53
engr0,OP3,FGSM,0.4,MIM,0.8,6.377049180327869,3.0,0,53
engr0,S7,FGSM,0.4,MIM,0.8,6.377049180327869,3.0,0,53
engr0,BLU,FGSM,0.4,MIM,0.9,6.377049180327869,3.0,0,53
engr0,HTC,FGSM,0.4,MIM,0.9,6.377049180327869,3.0,0,53
engr0,LG,FGSM,0.4,MIM,0.9,6.377049180327869,3.0,0,53
engr0,MOTO,FGSM,0.4,MIM,0.9,6.377049180327869,3.0,0,53
engr0,OP3,FGSM,0.4,MIM,0.9,6.377049180327869,3.0,0,53
engr0,S7,FGSM,0.4,MIM,0.9,6.377049180327869,3.0,0,53
engr0,BLU,FGSM,0.4,MIM,1.0,6.377049180327869,3.0,0,53
engr0,HTC,FGSM,0.4,MIM,1.0,6.377049180327869,3.0,0,53
engr0,LG,FGSM,0.4,MIM,1.0,6.377049180327869,3.0,0,53
engr0,MOTO,FGSM,0.4,MIM,1.0,6.377049180327869,3.0,0,53
engr0,OP3,FGSM,0.4,MIM,1.0,6.377049180327869,3.0,0,53
engr0,S7,FGSM,0.4,MIM,1.0,6.377049180327869,3.0,0,53
engr0,BLU,FGSM,0.5,MIM,0.1,1.9836065573770492,1.0,0,18
engr0,HTC,FGSM,0.5,MIM,0.1,1.9836065573770492,1.0,0,18
engr0,LG,FGSM,0.5,MIM,0.1,1.9836065573770492,1.0,0,18
engr0,MOTO,FGSM,0.5,MIM,0.1,1.9836065573770492,1.0,0,18
engr0,OP3,FGSM,0.5,MIM,0.1,1.9836065573770492,1.0,0,18
engr0,S7,FGSM,0.5,MIM,0.1,1.9836065573770492,1.0,0,18
engr0,BLU,FGSM,0.5,MIM,0.2,6.885245901639344,3.0,0,53
engr0,HTC,FGSM,0.5,MIM,0.2,6.885245901639344,3.0,0,53
engr0,LG,FGSM,0.5,MIM,0.2,6.885245901639344,3.0,0,53
engr0,MOTO,FGSM,0.5,MIM,0.2,6.885245901639344,3.0,0,53
engr0,OP3,FGSM,0.5,MIM,0.2,6.885245901639344,3.0,0,53
engr0,S7,FGSM,0.5,MIM,0.2,6.885245901639344,3.0,0,53
engr0,BLU,FGSM,0.5,MIM,0.3,7.557377049180328,3.0,0,54
engr0,HTC,FGSM,0.5,MIM,0.3,7.557377049180328,3.0,0,54
engr0,LG,FGSM,0.5,MIM,0.3,7.557377049180328,3.0,0,54
engr0,MOTO,FGSM,0.5,MIM,0.3,7.557377049180328,3.0,0,54
engr0,OP3,FGSM,0.5,MIM,0.3,7.557377049180328,3.0,0,54
engr0,S7,FGSM,0.5,MIM,0.3,7.557377049180328,3.0,0,54
engr0,BLU,FGSM,0.5,MIM,0.4,8.147540983606557,3.0,0,53
engr0,HTC,FGSM,0.5,MIM,0.4,8.147540983606557,3.0,0,53
engr0,LG,FGSM,0.5,MIM,0.4,8.147540983606557,3.0,0,53
engr0,MOTO,FGSM,0.5,MIM,0.4,8.147540983606557,3.0,0,53
engr0,OP3,FGSM,0.5,MIM,0.4,8.147540983606557,3.0,0,53
engr0,S7,FGSM,0.5,MIM,0.4,8.147540983606557,3.0,0,53
engr0,BLU,FGSM,0.5,MIM,0.5,8.147540983606557,3.0,0,53
engr0,HTC,FGSM,0.5,MIM,0.5,8.147540983606557,3.0,0,53
engr0,LG,FGSM,0.5,MIM,0.5,8.147540983606557,3.0,0,53
engr0,MOTO,FGSM,0.5,MIM,0.5,8.147540983606557,3.0,0,53
engr0,OP3,FGSM,0.5,MIM,0.5,8.147540983606557,3.0,0,53
engr0,S7,FGSM,0.5,MIM,0.5,8.147540983606557,3.0,0,53
engr0,BLU,FGSM,0.5,MIM,0.6,8.147540983606557,3.0,0,53
engr0,HTC,FGSM,0.5,MIM,0.6,8.147540983606557,3.0,0,53
engr0,LG,FGSM,0.5,MIM,0.6,8.147540983606557,3.0,0,53
engr0,MOTO,FGSM,0.5,MIM,0.6,8.147540983606557,3.0,0,53
engr0,OP3,FGSM,0.5,MIM,0.6,8.147540983606557,3.0,0,53
engr0,S7,FGSM,0.5,MIM,0.6,8.147540983606557,3.0,0,53
engr0,BLU,FGSM,0.5,MIM,0.7,8.147540983606557,3.0,0,53
engr0,HTC,FGSM,0.5,MIM,0.7,8.147540983606557,3.0,0,53
engr0,LG,FGSM,0.5,MIM,0.7,8.147540983606557,3.0,0,53
engr0,MOTO,FGSM,0.5,MIM,0.7,8.147540983606557,3.0,0,53
engr0,OP3,FGSM,0.5,MIM,0.7,8.147540983606557,3.0,0,53
engr0,S7,FGSM,0.5,MIM,0.7,8.147540983606557,3.0,0,53
engr0,BLU,FGSM,0.5,MIM,0.8,8.147540983606557,3.0,0,53
engr0,HTC,FGSM,0.5,MIM,0.8,8.147540983606557,3.0,0,53
engr0,LG,FGSM,0.5,MIM,0.8,8.147540983606557,3.0,0,53
engr0,MOTO,FGSM,0.5,MIM,0.8,8.147540983606557,3.0,0,53
engr0,OP3,FGSM,0.5,MIM,0.8,8.147540983606557,3.0,0,53
engr0,S7,FGSM,0.5,MIM,0.8,8.147540983606557,3.0,0,53
engr0,BLU,FGSM,0.5,MIM,0.9,8.147540983606557,3.0,0,53
engr0,HTC,FGSM,0.5,MIM,0.9,8.147540983606557,3.0,0,53
engr0,LG,FGSM,0.5,MIM,0.9,8.147540983606557,3.0,0,53
engr0,MOTO,FGSM,0.5,MIM,0.9,8.147540983606557,3.0,0,53
engr0,OP3,FGSM,0.5,MIM,0.9,8.147540983606557,3.0,0,53
engr0,S7,FGSM,0.5,MIM,0.9,8.147540983606557,3.0,0,53
engr0,BLU,FGSM,0.5,MIM,1.0,8.147540983606557,3.0,0,53
engr0,HTC,FGSM,0.5,MIM,1.0,8.147540983606557,3.0,0,53
engr0,LG,FGSM,0.5,MIM,1.0,8.147540983606557,3.0,0,53
engr0,MOTO,FGSM,0.5,MIM,1.0,8.147540983606557,3.0,0,53
engr0,OP3,FGSM,0.5,MIM,1.0,8.147540983606557,3.0,0,53
engr0,S7,FGSM,0.5,MIM,1.0,8.147540983606557,3.0,0,53
engr0,BLU,FGSM,0.6,MIM,0.1,2.262295081967213,1.0,0,40
engr0,HTC,FGSM,0.6,MIM,0.1,2.262295081967213,1.0,0,40
engr0,LG,FGSM,0.6,MIM,0.1,2.262295081967213,1.0,0,40
engr0,MOTO,FGSM,0.6,MIM,0.1,2.262295081967213,1.0,0,40
engr0,OP3,FGSM,0.6,MIM,0.1,2.262295081967213,1.0,0,40
engr0,S7,FGSM,0.6,MIM,0.1,2.262295081967213,1.0,0,40
engr0,BLU,FGSM,0.6,MIM,0.2,5.508196721311475,2.0,0,43
engr0,HTC,FGSM,0.6,MIM,0.2,5.508196721311475,2.0,0,43
engr0,LG,FGSM,0.6,MIM,0.2,5.508196721311475,2.0,0,43
engr0,MOTO,FGSM,0.6,MIM,0.2,5.508196721311475,2.0,0,43
engr0,OP3,FGSM,0.6,MIM,0.2,5.508196721311475,2.0,0,43
engr0,S7,FGSM,0.6,MIM,0.2,5.508196721311475,2.0,0,43
engr0,BLU,FGSM,0.6,MIM,0.3,7.442622950819672,3.0,0,51
engr0,HTC,FGSM,0.6,MIM,0.3,7.442622950819672,3.0,0,51
engr0,LG,FGSM,0.6,MIM,0.3,7.442622950819672,3.0,0,51
engr0,MOTO,FGSM,0.6,MIM,0.3,7.442622950819672,3.0,0,51
engr0,OP3,FGSM,0.6,MIM,0.3,7.442622950819672,3.0,0,51
engr0,S7,FGSM,0.6,MIM,0.3,7.442622950819672,3.0,0,51
engr0,BLU,FGSM,0.6,MIM,0.4,8.868852459016393,3.0,0,51
engr0,HTC,FGSM,0.6,MIM,0.4,8.868852459016393,3.0,0,51
engr0,LG,FGSM,0.6,MIM,0.4,8.868852459016393,3.0,0,51
engr0,MOTO,FGSM,0.6,MIM,0.4,8.868852459016393,3.0,0,51
engr0,OP3,FGSM,0.6,MIM,0.4,8.868852459016393,3.0,0,51
engr0,S7,FGSM,0.6,MIM,0.4,8.868852459016393,3.0,0,51
engr0,BLU,FGSM,0.6,MIM,0.5,8.868852459016393,3.0,0,51
engr0,HTC,FGSM,0.6,MIM,0.5,8.868852459016393,3.0,0,51
engr0,LG,FGSM,0.6,MIM,0.5,8.868852459016393,3.0,0,51
engr0,MOTO,FGSM,0.6,MIM,0.5,8.868852459016393,3.0,0,51
engr0,OP3,FGSM,0.6,MIM,0.5,8.868852459016393,3.0,0,51
engr0,S7,FGSM,0.6,MIM,0.5,8.868852459016393,3.0,0,51
engr0,BLU,FGSM,0.6,MIM,0.6,8.868852459016393,3.0,0,51
engr0,HTC,FGSM,0.6,MIM,0.6,8.868852459016393,3.0,0,51
engr0,LG,FGSM,0.6,MIM,0.6,8.868852459016393,3.0,0,51
engr0,MOTO,FGSM,0.6,MIM,0.6,8.868852459016393,3.0,0,51
engr0,OP3,FGSM,0.6,MIM,0.6,8.868852459016393,3.0,0,51
engr0,S7,FGSM,0.6,MIM,0.6,8.868852459016393,3.0,0,51
engr0,BLU,FGSM,0.6,MIM,0.7,8.868852459016393,3.0,0,51
engr0,HTC,FGSM,0.6,MIM,0.7,8.868852459016393,3.0,0,51
engr0,LG,FGSM,0.6,MIM,0.7,8.868852459016393,3.0,0,51
engr0,MOTO,FGSM,0.6,MIM,0.7,8.868852459016393,3.0,0,51
engr0,OP3,FGSM,0.6,MIM,0.7,8.868852459016393,3.0,0,51
engr0,S7,FGSM,0.6,MIM,0.7,8.868852459016393,3.0,0,51
engr0,BLU,FGSM,0.6,MIM,0.8,8.868852459016393,3.0,0,51
engr0,HTC,FGSM,0.6,MIM,0.8,8.868852459016393,3.0,0,51
engr0,LG,FGSM,0.6,MIM,0.8,8.868852459016393,3.0,0,51
engr0,MOTO,FGSM,0.6,MIM,0.8,8.868852459016393,3.0,0,51
engr0,OP3,FGSM,0.6,MIM,0.8,8.868852459016393,3.0,0,51
engr0,S7,FGSM,0.6,MIM,0.8,8.868852459016393,3.0,0,51
engr0,BLU,FGSM,0.6,MIM,0.9,8.868852459016393,3.0,0,51
engr0,HTC,FGSM,0.6,MIM,0.9,8.868852459016393,3.0,0,51
engr0,LG,FGSM,0.6,MIM,0.9,8.868852459016393,3.0,0,51
engr0,MOTO,FGSM,0.6,MIM,0.9,8.868852459016393,3.0,0,51
engr0,OP3,FGSM,0.6,MIM,0.9,8.868852459016393,3.0,0,51
engr0,S7,FGSM,0.6,MIM,0.9,8.868852459016393,3.0,0,51
engr0,BLU,FGSM,0.6,MIM,1.0,8.868852459016393,3.0,0,51
engr0,HTC,FGSM,0.6,MIM,1.0,8.868852459016393,3.0,0,51
engr0,LG,FGSM,0.6,MIM,1.0,8.868852459016393,3.0,0,51
engr0,MOTO,FGSM,0.6,MIM,1.0,8.868852459016393,3.0,0,51
engr0,OP3,FGSM,0.6,MIM,1.0,8.868852459016393,3.0,0,51
engr0,S7,FGSM,0.6,MIM,1.0,8.868852459016393,3.0,0,51
engr0,BLU,FGSM,0.7,MIM,0.1,2.1147540983606556,1.0,0,30
engr0,HTC,FGSM,0.7,MIM,0.1,2.1147540983606556,1.0,0,30
engr0,LG,FGSM,0.7,MIM,0.1,2.1147540983606556,1.0,0,30
engr0,MOTO,FGSM,0.7,MIM,0.1,2.1147540983606556,1.0,0,30
engr0,OP3,FGSM,0.7,MIM,0.1,2.1147540983606556,1.0,0,30
engr0,S7,FGSM,0.7,MIM,0.1,2.1147540983606556,1.0,0,30
engr0,BLU,FGSM,0.7,MIM,0.2,3.262295081967213,2.0,0,30
engr0,HTC,FGSM,0.7,MIM,0.2,3.262295081967213,2.0,0,30
engr0,LG,FGSM,0.7,MIM,0.2,3.262295081967213,2.0,0,30
engr0,MOTO,FGSM,0.7,MIM,0.2,3.262295081967213,2.0,0,30
engr0,OP3,FGSM,0.7,MIM,0.2,3.262295081967213,2.0,0,30
engr0,S7,FGSM,0.7,MIM,0.2,3.262295081967213,2.0,0,30
engr0,BLU,FGSM,0.7,MIM,0.3,4.967213114754099,2.0,0,41
engr0,HTC,FGSM,0.7,MIM,0.3,4.967213114754099,2.0,0,41
engr0,LG,FGSM,0.7,MIM,0.3,4.967213114754099,2.0,0,41
engr0,MOTO,FGSM,0.7,MIM,0.3,4.967213114754099,2.0,0,41
engr0,OP3,FGSM,0.7,MIM,0.3,4.967213114754099,2.0,0,41
engr0,S7,FGSM,0.7,MIM,0.3,4.967213114754099,2.0,0,41
engr0,BLU,FGSM,0.7,MIM,0.4,5.147540983606557,3.0,0,44
engr0,HTC,FGSM,0.7,MIM,0.4,5.147540983606557,3.0,0,44
engr0,LG,FGSM,0.7,MIM,0.4,5.147540983606557,3.0,0,44
engr0,MOTO,FGSM,0.7,MIM,0.4,5.147540983606557,3.0,0,44
engr0,OP3,FGSM,0.7,MIM,0.4,5.147540983606557,3.0,0,44
engr0,S7,FGSM,0.7,MIM,0.4,5.147540983606557,3.0,0,44
engr0,BLU,FGSM,0.7,MIM,0.5,5.147540983606557,3.0,0,44
engr0,HTC,FGSM,0.7,MIM,0.5,5.147540983606557,3.0,0,44
engr0,LG,FGSM,0.7,MIM,0.5,5.147540983606557,3.0,0,44
engr0,MOTO,FGSM,0.7,MIM,0.5,5.147540983606557,3.0,0,44
engr0,OP3,FGSM,0.7,MIM,0.5,5.147540983606557,3.0,0,44
engr0,S7,FGSM,0.7,MIM,0.5,5.147540983606557,3.0,0,44
engr0,BLU,FGSM,0.7,MIM,0.6,5.147540983606557,3.0,0,44
engr0,HTC,FGSM,0.7,MIM,0.6,5.147540983606557,3.0,0,44
engr0,LG,FGSM,0.7,MIM,0.6,5.147540983606557,3.0,0,44
engr0,MOTO,FGSM,0.7,MIM,0.6,5.147540983606557,3.0,0,44
engr0,OP3,FGSM,0.7,MIM,0.6,5.147540983606557,3.0,0,44
engr0,S7,FGSM,0.7,MIM,0.6,5.147540983606557,3.0,0,44
engr0,BLU,FGSM,0.7,MIM,0.7,5.147540983606557,3.0,0,44
engr0,HTC,FGSM,0.7,MIM,0.7,5.147540983606557,3.0,0,44
engr0,LG,FGSM,0.7,MIM,0.7,5.147540983606557,3.0,0,44
engr0,MOTO,FGSM,0.7,MIM,0.7,5.147540983606557,3.0,0,44
engr0,OP3,FGSM,0.7,MIM,0.7,5.147540983606557,3.0,0,44
engr0,S7,FGSM,0.7,MIM,0.7,5.147540983606557,3.0,0,44
engr0,BLU,FGSM,0.7,MIM,0.8,5.147540983606557,3.0,0,44
engr0,HTC,FGSM,0.7,MIM,0.8,5.147540983606557,3.0,0,44
engr0,LG,FGSM,0.7,MIM,0.8,5.147540983606557,3.0,0,44
engr0,MOTO,FGSM,0.7,MIM,0.8,5.147540983606557,3.0,0,44
engr0,OP3,FGSM,0.7,MIM,0.8,5.147540983606557,3.0,0,44
engr0,S7,FGSM,0.7,MIM,0.8,5.147540983606557,3.0,0,44
engr0,BLU,FGSM,0.7,MIM,0.9,5.147540983606557,3.0,0,44
engr0,HTC,FGSM,0.7,MIM,0.9,5.147540983606557,3.0,0,44
engr0,LG,FGSM,0.7,MIM,0.9,5.147540983606557,3.0,0,44
engr0,MOTO,FGSM,0.7,MIM,0.9,5.147540983606557,3.0,0,44
engr0,OP3,FGSM,0.7,MIM,0.9,5.147540983606557,3.0,0,44
engr0,S7,FGSM,0.7,MIM,0.9,5.147540983606557,3.0,0,44
engr0,BLU,FGSM,0.7,MIM,1.0,5.147540983606557,3.0,0,44
engr0,HTC,FGSM,0.7,MIM,1.0,5.147540983606557,3.0,0,44
engr0,LG,FGSM,0.7,MIM,1.0,5.147540983606557,3.0,0,44
engr0,MOTO,FGSM,0.7,MIM,1.0,5.147540983606557,3.0,0,44
engr0,OP3,FGSM,0.7,MIM,1.0,5.147540983606557,3.0,0,44
engr0,S7,FGSM,0.7,MIM,1.0,5.147540983606557,3.0,0,44
engr0,BLU,FGSM,0.8,MIM,0.1,1.8360655737704918,1.0,0,13
engr0,HTC,FGSM,0.8,MIM,0.1,1.8360655737704918,1.0,0,13
engr0,LG,FGSM,0.8,MIM,0.1,1.8360655737704918,1.0,0,13
engr0,MOTO,FGSM,0.8,MIM,0.1,1.8360655737704918,1.0,0,13
engr0,OP3,FGSM,0.8,MIM,0.1,1.8360655737704918,1.0,0,13
engr0,S7,FGSM,0.8,MIM,0.1,1.8360655737704918,1.0,0,13
engr0,BLU,FGSM,0.8,MIM,0.2,4.901639344262295,2.0,0,38
engr0,HTC,FGSM,0.8,MIM,0.2,4.901639344262295,2.0,0,38
engr0,LG,FGSM,0.8,MIM,0.2,4.901639344262295,2.0,0,38
engr0,MOTO,FGSM,0.8,MIM,0.2,4.901639344262295,2.0,0,38
engr0,OP3,FGSM,0.8,MIM,0.2,4.901639344262295,2.0,0,38
engr0,S7,FGSM,0.8,MIM,0.2,4.901639344262295,2.0,0,38
engr0,BLU,FGSM,0.8,MIM,0.3,6.721311475409836,3.0,0,43
engr0,HTC,FGSM,0.8,MIM,0.3,6.721311475409836,3.0,0,43
engr0,LG,FGSM,0.8,MIM,0.3,6.721311475409836,3.0,0,43
engr0,MOTO,FGSM,0.8,MIM,0.3,6.721311475409836,3.0,0,43
engr0,OP3,FGSM,0.8,MIM,0.3,6.721311475409836,3.0,0,43
engr0,S7,FGSM,0.8,MIM,0.3,6.721311475409836,3.0,0,43
engr0,BLU,FGSM,0.8,MIM,0.4,7.032786885245901,3.0,0,43
engr0,HTC,FGSM,0.8,MIM,0.4,7.032786885245901,3.0,0,43
engr0,LG,FGSM,0.8,MIM,0.4,7.032786885245901,3.0,0,43
engr0,MOTO,FGSM,0.8,MIM,0.4,7.032786885245901,3.0,0,43
engr0,OP3,FGSM,0.8,MIM,0.4,7.032786885245901,3.0,0,43
engr0,S7,FGSM,0.8,MIM,0.4,7.032786885245901,3.0,0,43
engr0,BLU,FGSM,0.8,MIM,0.5,7.032786885245901,3.0,0,43
engr0,HTC,FGSM,0.8,MIM,0.5,7.032786885245901,3.0,0,43
engr0,LG,FGSM,0.8,MIM,0.5,7.032786885245901,3.0,0,43
engr0,MOTO,FGSM,0.8,MIM,0.5,7.032786885245901,3.0,0,43
engr0,OP3,FGSM,0.8,MIM,0.5,7.032786885245901,3.0,0,43
engr0,S7,FGSM,0.8,MIM,0.5,7.032786885245901,3.0,0,43
engr0,BLU,FGSM,0.8,MIM,0.6,7.032786885245901,3.0,0,43
engr0,HTC,FGSM,0.8,MIM,0.6,7.032786885245901,3.0,0,43
engr0,LG,FGSM,0.8,MIM,0.6,7.032786885245901,3.0,0,43
engr0,MOTO,FGSM,0.8,MIM,0.6,7.032786885245901,3.0,0,43
engr0,OP3,FGSM,0.8,MIM,0.6,7.032786885245901,3.0,0,43
engr0,S7,FGSM,0.8,MIM,0.6,7.032786885245901,3.0,0,43
engr0,BLU,FGSM,0.8,MIM,0.7,7.032786885245901,3.0,0,43
engr0,HTC,FGSM,0.8,MIM,0.7,7.032786885245901,3.0,0,43
engr0,LG,FGSM,0.8,MIM,0.7,7.032786885245901,3.0,0,43
engr0,MOTO,FGSM,0.8,MIM,0.7,7.032786885245901,3.0,0,43
engr0,OP3,FGSM,0.8,MIM,0.7,7.032786885245901,3.0,0,43
engr0,S7,FGSM,0.8,MIM,0.7,7.032786885245901,3.0,0,43
engr0,BLU,FGSM,0.8,MIM,0.8,7.032786885245901,3.0,0,43
engr0,HTC,FGSM,0.8,MIM,0.8,7.032786885245901,3.0,0,43
engr0,LG,FGSM,0.8,MIM,0.8,7.032786885245901,3.0,0,43
engr0,MOTO,FGSM,0.8,MIM,0.8,7.032786885245901,3.0,0,43
engr0,OP3,FGSM,0.8,MIM,0.8,7.032786885245901,3.0,0,43
engr0,S7,FGSM,0.8,MIM,0.8,7.032786885245901,3.0,0,43
engr0,BLU,FGSM,0.8,MIM,0.9,7.032786885245901,3.0,0,43
engr0,HTC,FGSM,0.8,MIM,0.9,7.032786885245901,3.0,0,43
engr0,LG,FGSM,0.8,MIM,0.9,7.032786885245901,3.0,0,43
engr0,MOTO,FGSM,0.8,MIM,0.9,7.032786885245901,3.0,0,43
engr0,OP3,FGSM,0.8,MIM,0.9,7.032786885245901,3.0,0,43
engr0,S7,FGSM,0.8,MIM,0.9,7.032786885245901,3.0,0,43
engr0,BLU,FGSM,0.8,MIM,1.0,7.032786885245901,3.0,0,43
engr0,HTC,FGSM,0.8,MIM,1.0,7.032786885245901,3.0,0,43
engr0,LG,FGSM,0.8,MIM,1.0,7.032786885245901,3.0,0,43
engr0,MOTO,FGSM,0.8,MIM,1.0,7.032786885245901,3.0,0,43
engr0,OP3,FGSM,0.8,MIM,1.0,7.032786885245901,3.0,0,43
engr0,S7,FGSM,0.8,MIM,1.0,7.032786885245901,3.0,0,43
engr0,BLU,FGSM,0.9,MIM,0.1,2.3114754098360657,1.0,0,26
engr0,HTC,FGSM,0.9,MIM,0.1,2.3114754098360657,1.0,0,26
engr0,LG,FGSM,0.9,MIM,0.1,2.3114754098360657,1.0,0,26
engr0,MOTO,FGSM,0.9,MIM,0.1,2.3114754098360657,1.0,0,26
engr0,OP3,FGSM,0.9,MIM,0.1,2.3114754098360657,1.0,0,26
engr0,S7,FGSM,0.9,MIM,0.1,2.3114754098360657,1.0,0,26
engr0,BLU,FGSM,0.9,MIM,0.2,5.491803278688525,2.0,0,35
engr0,HTC,FGSM,0.9,MIM,0.2,5.491803278688525,2.0,0,35
engr0,LG,FGSM,0.9,MIM,0.2,5.491803278688525,2.0,0,35
engr0,MOTO,FGSM,0.9,MIM,0.2,5.491803278688525,2.0,0,35
engr0,OP3,FGSM,0.9,MIM,0.2,5.491803278688525,2.0,0,35
engr0,S7,FGSM,0.9,MIM,0.2,5.491803278688525,2.0,0,35
engr0,BLU,FGSM,0.9,MIM,0.3,8.426229508196721,5.0,0,38
engr0,HTC,FGSM,0.9,MIM,0.3,8.426229508196721,5.0,0,38
engr0,LG,FGSM,0.9,MIM,0.3,8.426229508196721,5.0,0,38
engr0,MOTO,FGSM,0.9,MIM,0.3,8.426229508196721,5.0,0,38
engr0,OP3,FGSM,0.9,MIM,0.3,8.426229508196721,5.0,0,38
engr0,S7,FGSM,0.9,MIM,0.3,8.426229508196721,5.0,0,38
engr0,BLU,FGSM,0.9,MIM,0.4,9.491803278688524,5.0,0,52
engr0,HTC,FGSM,0.9,MIM,0.4,9.491803278688524,5.0,0,52
engr0,LG,FGSM,0.9,MIM,0.4,9.491803278688524,5.0,0,52
engr0,MOTO,FGSM,0.9,MIM,0.4,9.491803278688524,5.0,0,52
engr0,OP3,FGSM,0.9,MIM,0.4,9.491803278688524,5.0,0,52
engr0,S7,FGSM,0.9,MIM,0.4,9.491803278688524,5.0,0,52
engr0,BLU,FGSM,0.9,MIM,0.5,9.491803278688524,5.0,0,52
engr0,HTC,FGSM,0.9,MIM,0.5,9.491803278688524,5.0,0,52
engr0,LG,FGSM,0.9,MIM,0.5,9.491803278688524,5.0,0,52
engr0,MOTO,FGSM,0.9,MIM,0.5,9.491803278688524,5.0,0,52
engr0,OP3,FGSM,0.9,MIM,0.5,9.491803278688524,5.0,0,52
engr0,S7,FGSM,0.9,MIM,0.5,9.491803278688524,5.0,0,52
engr0,BLU,FGSM,0.9,MIM,0.6,9.491803278688524,5.0,0,52
engr0,HTC,FGSM,0.9,MIM,0.6,9.491803278688524,5.0,0,52
engr0,LG,FGSM,0.9,MIM,0.6,9.491803278688524,5.0,0,52
engr0,MOTO,FGSM,0.9,MIM,0.6,9.491803278688524,5.0,0,52
engr0,OP3,FGSM,0.9,MIM,0.6,9.491803278688524,5.0,0,52
engr0,S7,FGSM,0.9,MIM,0.6,9.491803278688524,5.0,0,52
engr0,BLU,FGSM,0.9,MIM,0.7,9.491803278688524,5.0,0,52
engr0,HTC,FGSM,0.9,MIM,0.7,9.491803278688524,5.0,0,52
engr0,LG,FGSM,0.9,MIM,0.7,9.491803278688524,5.0,0,52
engr0,MOTO,FGSM,0.9,MIM,0.7,9.491803278688524,5.0,0,52
engr0,OP3,FGSM,0.9,MIM,0.7,9.491803278688524,5.0,0,52
engr0,S7,FGSM,0.9,MIM,0.7,9.491803278688524,5.0,0,52
engr0,BLU,FGSM,0.9,MIM,0.8,9.491803278688524,5.0,0,52
engr0,HTC,FGSM,0.9,MIM,0.8,9.491803278688524,5.0,0,52
engr0,LG,FGSM,0.9,MIM,0.8,9.491803278688524,5.0,0,52
engr0,MOTO,FGSM,0.9,MIM,0.8,9.491803278688524,5.0,0,52
engr0,OP3,FGSM,0.9,MIM,0.8,9.491803278688524,5.0,0,52
engr0,S7,FGSM,0.9,MIM,0.8,9.491803278688524,5.0,0,52
engr0,BLU,FGSM,0.9,MIM,0.9,9.491803278688524,5.0,0,52
engr0,HTC,FGSM,0.9,MIM,0.9,9.491803278688524,5.0,0,52
engr0,LG,FGSM,0.9,MIM,0.9,9.491803278688524,5.0,0,52
engr0,MOTO,FGSM,0.9,MIM,0.9,9.491803278688524,5.0,0,52
engr0,OP3,FGSM,0.9,MIM,0.9,9.491803278688524,5.0,0,52
engr0,S7,FGSM,0.9,MIM,0.9,9.491803278688524,5.0,0,52
engr0,BLU,FGSM,0.9,MIM,1.0,9.491803278688524,5.0,0,52
engr0,HTC,FGSM,0.9,MIM,1.0,9.491803278688524,5.0,0,52
engr0,LG,FGSM,0.9,MIM,1.0,9.491803278688524,5.0,0,52
engr0,MOTO,FGSM,0.9,MIM,1.0,9.491803278688524,5.0,0,52
engr0,OP3,FGSM,0.9,MIM,1.0,9.491803278688524,5.0,0,52
engr0,S7,FGSM,0.9,MIM,1.0,9.491803278688524,5.0,0,52
engr0,BLU,FGSM,1.0,MIM,0.1,2.3114754098360657,1.0,0,41
engr0,HTC,FGSM,1.0,MIM,0.1,2.3114754098360657,1.0,0,41
engr0,LG,FGSM,1.0,MIM,0.1,2.3114754098360657,1.0,0,41
engr0,MOTO,FGSM,1.0,MIM,0.1,2.3114754098360657,1.0,0,41
engr0,OP3,FGSM,1.0,MIM,0.1,2.3114754098360657,1.0,0,41
engr0,S7,FGSM,1.0,MIM,0.1,2.3114754098360657,1.0,0,41
engr0,BLU,FGSM,1.0,MIM,0.2,6.950819672131147,2.0,0,54
engr0,HTC,FGSM,1.0,MIM,0.2,6.950819672131147,2.0,0,54
engr0,LG,FGSM,1.0,MIM,0.2,6.950819672131147,2.0,0,54
engr0,MOTO,FGSM,1.0,MIM,0.2,6.950819672131147,2.0,0,54
engr0,OP3,FGSM,1.0,MIM,0.2,6.950819672131147,2.0,0,54
engr0,S7,FGSM,1.0,MIM,0.2,6.950819672131147,2.0,0,54
engr0,BLU,FGSM,1.0,MIM,0.3,9.426229508196721,3.0,0,56
engr0,HTC,FGSM,1.0,MIM,0.3,9.426229508196721,3.0,0,56
engr0,LG,FGSM,1.0,MIM,0.3,9.426229508196721,3.0,0,56
engr0,MOTO,FGSM,1.0,MIM,0.3,9.426229508196721,3.0,0,56
engr0,OP3,FGSM,1.0,MIM,0.3,9.426229508196721,3.0,0,56
engr0,S7,FGSM,1.0,MIM,0.3,9.426229508196721,3.0,0,56
engr0,BLU,FGSM,1.0,MIM,0.4,9.688524590163935,4.0,0,56
engr0,HTC,FGSM,1.0,MIM,0.4,9.688524590163935,4.0,0,56
engr0,LG,FGSM,1.0,MIM,0.4,9.688524590163935,4.0,0,56
engr0,MOTO,FGSM,1.0,MIM,0.4,9.688524590163935,4.0,0,56
engr0,OP3,FGSM,1.0,MIM,0.4,9.688524590163935,4.0,0,56
engr0,S7,FGSM,1.0,MIM,0.4,9.688524590163935,4.0,0,56
engr0,BLU,FGSM,1.0,MIM,0.5,9.688524590163935,4.0,0,56
engr0,HTC,FGSM,1.0,MIM,0.5,9.688524590163935,4.0,0,56
engr0,LG,FGSM,1.0,MIM,0.5,9.688524590163935,4.0,0,56
engr0,MOTO,FGSM,1.0,MIM,0.5,9.688524590163935,4.0,0,56
engr0,OP3,FGSM,1.0,MIM,0.5,9.688524590163935,4.0,0,56
engr0,S7,FGSM,1.0,MIM,0.5,9.688524590163935,4.0,0,56
engr0,BLU,FGSM,1.0,MIM,0.6,9.688524590163935,4.0,0,56
engr0,HTC,FGSM,1.0,MIM,0.6,9.688524590163935,4.0,0,56
engr0,LG,FGSM,1.0,MIM,0.6,9.688524590163935,4.0,0,56
engr0,MOTO,FGSM,1.0,MIM,0.6,9.688524590163935,4.0,0,56
engr0,OP3,FGSM,1.0,MIM,0.6,9.688524590163935,4.0,0,56
engr0,S7,FGSM,1.0,MIM,0.6,9.688524590163935,4.0,0,56
engr0,BLU,FGSM,1.0,MIM,0.7,9.688524590163935,4.0,0,56
engr0,HTC,FGSM,1.0,MIM,0.7,9.688524590163935,4.0,0,56
engr0,LG,FGSM,1.0,MIM,0.7,9.688524590163935,4.0,0,56
engr0,MOTO,FGSM,1.0,MIM,0.7,9.688524590163935,4.0,0,56
engr0,OP3,FGSM,1.0,MIM,0.7,9.688524590163935,4.0,0,56
engr0,S7,FGSM,1.0,MIM,0.7,9.688524590163935,4.0,0,56
engr0,BLU,FGSM,1.0,MIM,0.8,9.688524590163935,4.0,0,56
engr0,HTC,FGSM,1.0,MIM,0.8,9.688524590163935,4.0,0,56
engr0,LG,FGSM,1.0,MIM,0.8,9.688524590163935,4.0,0,56
engr0,MOTO,FGSM,1.0,MIM,0.8,9.688524590163935,4.0,0,56
engr0,OP3,FGSM,1.0,MIM,0.8,9.688524590163935,4.0,0,56
engr0,S7,FGSM,1.0,MIM,0.8,9.688524590163935,4.0,0,56
engr0,BLU,FGSM,1.0,MIM,0.9,9.688524590163935,4.0,0,56
engr0,HTC,FGSM,1.0,MIM,0.9,9.688524590163935,4.0,0,56
engr0,LG,FGSM,1.0,MIM,0.9,9.688524590163935,4.0,0,56
engr0,MOTO,FGSM,1.0,MIM,0.9,9.688524590163935,4.0,0,56
engr0,OP3,FGSM,1.0,MIM,0.9,9.688524590163935,4.0,0,56
engr0,S7,FGSM,1.0,MIM,0.9,9.688524590163935,4.0,0,56
engr0,BLU,FGSM,1.0,MIM,1.0,9.688524590163935,4.0,0,56
engr0,HTC,FGSM,1.0,MIM,1.0,9.688524590163935,4.0,0,56
engr0,LG,FGSM,1.0,MIM,1.0,9.688524590163935,4.0,0,56
engr0,MOTO,FGSM,1.0,MIM,1.0,9.688524590163935,4.0,0,56
engr0,OP3,FGSM,1.0,MIM,1.0,9.688524590163935,4.0,0,56
engr0,S7,FGSM,1.0,MIM,1.0,9.688524590163935,4.0,0,56
engr0,BLU,PGD,0.1,MIM,0.1,4.491803278688525,2.0,0,49
engr0,HTC,PGD,0.1,MIM,0.1,4.491803278688525,2.0,0,49
engr0,LG,PGD,0.1,MIM,0.1,4.491803278688525,2.0,0,49
engr0,MOTO,PGD,0.1,MIM,0.1,4.491803278688525,2.0,0,49
engr0,OP3,PGD,0.1,MIM,0.1,4.491803278688525,2.0,0,49
engr0,S7,PGD,0.1,MIM,0.1,4.491803278688525,2.0,0,49
engr0,BLU,PGD,0.1,MIM,0.2,7.114754098360656,3.0,0,56
engr0,HTC,PGD,0.1,MIM,0.2,7.114754098360656,3.0,0,56
engr0,LG,PGD,0.1,MIM,0.2,7.114754098360656,3.0,0,56
engr0,MOTO,PGD,0.1,MIM,0.2,7.114754098360656,3.0,0,56
engr0,OP3,PGD,0.1,MIM,0.2,7.114754098360656,3.0,0,56
engr0,S7,PGD,0.1,MIM,0.2,7.114754098360656,3.0,0,56
engr0,BLU,PGD,0.1,MIM,0.3,11.836065573770492,4.0,0,57
engr0,HTC,PGD,0.1,MIM,0.3,11.836065573770492,4.0,0,57
engr0,LG,PGD,0.1,MIM,0.3,11.836065573770492,4.0,0,57
engr0,MOTO,PGD,0.1,MIM,0.3,11.836065573770492,4.0,0,57
engr0,OP3,PGD,0.1,MIM,0.3,11.836065573770492,4.0,0,57
engr0,S7,PGD,0.1,MIM,0.3,11.836065573770492,4.0,0,57
engr0,BLU,PGD,0.1,MIM,0.4,12.98360655737705,6.0,0,57
engr0,HTC,PGD,0.1,MIM,0.4,12.98360655737705,6.0,0,57
engr0,LG,PGD,0.1,MIM,0.4,12.98360655737705,6.0,0,57
engr0,MOTO,PGD,0.1,MIM,0.4,12.98360655737705,6.0,0,57
engr0,OP3,PGD,0.1,MIM,0.4,12.98360655737705,6.0,0,57
engr0,S7,PGD,0.1,MIM,0.4,12.98360655737705,6.0,0,57
engr0,BLU,PGD,0.1,MIM,0.5,12.98360655737705,6.0,0,57
engr0,HTC,PGD,0.1,MIM,0.5,12.98360655737705,6.0,0,57
engr0,LG,PGD,0.1,MIM,0.5,12.98360655737705,6.0,0,57
engr0,MOTO,PGD,0.1,MIM,0.5,12.98360655737705,6.0,0,57
engr0,OP3,PGD,0.1,MIM,0.5,12.98360655737705,6.0,0,57
engr0,S7,PGD,0.1,MIM,0.5,12.98360655737705,6.0,0,57
engr0,BLU,PGD,0.1,MIM,0.6,12.98360655737705,6.0,0,57
engr0,HTC,PGD,0.1,MIM,0.6,12.98360655737705,6.0,0,57
engr0,LG,PGD,0.1,MIM,0.6,12.98360655737705,6.0,0,57
engr0,MOTO,PGD,0.1,MIM,0.6,12.98360655737705,6.0,0,57
engr0,OP3,PGD,0.1,MIM,0.6,12.98360655737705,6.0,0,57
engr0,S7,PGD,0.1,MIM,0.6,12.98360655737705,6.0,0,57
engr0,BLU,PGD,0.1,MIM,0.7,12.98360655737705,6.0,0,57
engr0,HTC,PGD,0.1,MIM,0.7,12.98360655737705,6.0,0,57
engr0,LG,PGD,0.1,MIM,0.7,12.98360655737705,6.0,0,57
engr0,MOTO,PGD,0.1,MIM,0.7,12.98360655737705,6.0,0,57
engr0,OP3,PGD,0.1,MIM,0.7,12.98360655737705,6.0,0,57
engr0,S7,PGD,0.1,MIM,0.7,12.98360655737705,6.0,0,57
engr0,BLU,PGD,0.1,MIM,0.8,12.98360655737705,6.0,0,57
engr0,HTC,PGD,0.1,MIM,0.8,12.98360655737705,6.0,0,57
engr0,LG,PGD,0.1,MIM,0.8,12.98360655737705,6.0,0,57
engr0,MOTO,PGD,0.1,MIM,0.8,12.98360655737705,6.0,0,57
engr0,OP3,PGD,0.1,MIM,0.8,12.98360655737705,6.0,0,57
engr0,S7,PGD,0.1,MIM,0.8,12.98360655737705,6.0,0,57
engr0,BLU,PGD,0.1,MIM,0.9,12.98360655737705,6.0,0,57
engr0,HTC,PGD,0.1,MIM,0.9,12.98360655737705,6.0,0,57
engr0,LG,PGD,0.1,MIM,0.9,12.98360655737705,6.0,0,57
engr0,MOTO,PGD,0.1,MIM,0.9,12.98360655737705,6.0,0,57
engr0,OP3,PGD,0.1,MIM,0.9,12.98360655737705,6.0,0,57
engr0,S7,PGD,0.1,MIM,0.9,12.98360655737705,6.0,0,57
engr0,BLU,PGD,0.1,MIM,1.0,12.98360655737705,6.0,0,57
engr0,HTC,PGD,0.1,MIM,1.0,12.98360655737705,6.0,0,57
engr0,LG,PGD,0.1,MIM,1.0,12.98360655737705,6.0,0,57
engr0,MOTO,PGD,0.1,MIM,1.0,12.98360655737705,6.0,0,57
engr0,OP3,PGD,0.1,MIM,1.0,12.98360655737705,6.0,0,57
engr0,S7,PGD,0.1,MIM,1.0,12.98360655737705,6.0,0,57
engr0,BLU,PGD,0.2,MIM,0.1,3.262295081967213,1.0,0,48
engr0,HTC,PGD,0.2,MIM,0.1,3.262295081967213,1.0,0,48
engr0,LG,PGD,0.2,MIM,0.1,3.262295081967213,1.0,0,48
engr0,MOTO,PGD,0.2,MIM,0.1,3.262295081967213,1.0,0,48
engr0,OP3,PGD,0.2,MIM,0.1,3.262295081967213,1.0,0,48
engr0,S7,PGD,0.2,MIM,0.1,3.262295081967213,1.0,0,48
engr0,BLU,PGD,0.2,MIM,0.2,9.60655737704918,3.0,0,58
engr0,HTC,PGD,0.2,MIM,0.2,9.60655737704918,3.0,0,58
engr0,LG,PGD,0.2,MIM,0.2,9.60655737704918,3.0,0,58
engr0,MOTO,PGD,0.2,MIM,0.2,9.60655737704918,3.0,0,58
engr0,OP3,PGD,0.2,MIM,0.2,9.60655737704918,3.0,0,58
engr0,S7,PGD,0.2,MIM,0.2,9.60655737704918,3.0,0,58
engr0,BLU,PGD,0.2,MIM,0.3,16.19672131147541,7.0,0,56
engr0,HTC,PGD,0.2,MIM,0.3,16.19672131147541,7.0,0,56
engr0,LG,PGD,0.2,MIM,0.3,16.19672131147541,7.0,0,56
engr0,MOTO,PGD,0.2,MIM,0.3,16.19672131147541,7.0,0,56
engr0,OP3,PGD,0.2,MIM,0.3,16.19672131147541,7.0,0,56
engr0,S7,PGD,0.2,MIM,0.3,16.19672131147541,7.0,0,56
engr0,BLU,PGD,0.2,MIM,0.4,18.34426229508197,13.0,0,56
engr0,HTC,PGD,0.2,MIM,0.4,18.34426229508197,13.0,0,56
engr0,LG,PGD,0.2,MIM,0.4,18.34426229508197,13.0,0,56
engr0,MOTO,PGD,0.2,MIM,0.4,18.34426229508197,13.0,0,56
engr0,OP3,PGD,0.2,MIM,0.4,18.34426229508197,13.0,0,56
engr0,S7,PGD,0.2,MIM,0.4,18.34426229508197,13.0,0,56
engr0,BLU,PGD,0.2,MIM,0.5,18.34426229508197,13.0,0,56
engr0,HTC,PGD,0.2,MIM,0.5,18.34426229508197,13.0,0,56
engr0,LG,PGD,0.2,MIM,0.5,18.34426229508197,13.0,0,56
engr0,MOTO,PGD,0.2,MIM,0.5,18.34426229508197,13.0,0,56
engr0,OP3,PGD,0.2,MIM,0.5,18.34426229508197,13.0,0,56
engr0,S7,PGD,0.2,MIM,0.5,18.34426229508197,13.0,0,56
engr0,BLU,PGD,0.2,MIM,0.6,18.34426229508197,13.0,0,56
engr0,HTC,PGD,0.2,MIM,0.6,18.34426229508197,13.0,0,56
engr0,LG,PGD,0.2,MIM,0.6,18.34426229508197,13.0,0,56
engr0,MOTO,PGD,0.2,MIM,0.6,18.34426229508197,13.0,0,56
engr0,OP3,PGD,0.2,MIM,0.6,18.34426229508197,13.0,0,56
engr0,S7,PGD,0.2,MIM,0.6,18.34426229508197,13.0,0,56
engr0,BLU,PGD,0.2,MIM,0.7,18.34426229508197,13.0,0,56
engr0,HTC,PGD,0.2,MIM,0.7,18.34426229508197,13.0,0,56
engr0,LG,PGD,0.2,MIM,0.7,18.34426229508197,13.0,0,56
engr0,MOTO,PGD,0.2,MIM,0.7,18.34426229508197,13.0,0,56
engr0,OP3,PGD,0.2,MIM,0.7,18.34426229508197,13.0,0,56
engr0,S7,PGD,0.2,MIM,0.7,18.34426229508197,13.0,0,56
engr0,BLU,PGD,0.2,MIM,0.8,18.34426229508197,13.0,0,56
engr0,HTC,PGD,0.2,MIM,0.8,18.34426229508197,13.0,0,56
engr0,LG,PGD,0.2,MIM,0.8,18.34426229508197,13.0,0,56
engr0,MOTO,PGD,0.2,MIM,0.8,18.34426229508197,13.0,0,56
engr0,OP3,PGD,0.2,MIM,0.8,18.34426229508197,13.0,0,56
engr0,S7,PGD,0.2,MIM,0.8,18.34426229508197,13.0,0,56
engr0,BLU,PGD,0.2,MIM,0.9,18.34426229508197,13.0,0,56
engr0,HTC,PGD,0.2,MIM,0.9,18.34426229508197,13.0,0,56
engr0,LG,PGD,0.2,MIM,0.9,18.34426229508197,13.0,0,56
engr0,MOTO,PGD,0.2,MIM,0.9,18.34426229508197,13.0,0,56
engr0,OP3,PGD,0.2,MIM,0.9,18.34426229508197,13.0,0,56
engr0,S7,PGD,0.2,MIM,0.9,18.34426229508197,13.0,0,56
engr0,BLU,PGD,0.2,MIM,1.0,18.34426229508197,13.0,0,56
engr0,HTC,PGD,0.2,MIM,1.0,18.34426229508197,13.0,0,56
engr0,LG,PGD,0.2,MIM,1.0,18.34426229508197,13.0,0,56
engr0,MOTO,PGD,0.2,MIM,1.0,18.34426229508197,13.0,0,56
engr0,OP3,PGD,0.2,MIM,1.0,18.34426229508197,13.0,0,56
engr0,S7,PGD,0.2,MIM,1.0,18.34426229508197,13.0,0,56
engr0,BLU,PGD,0.3,MIM,0.1,2.2131147540983607,1.0,0,20
engr0,HTC,PGD,0.3,MIM,0.1,2.2131147540983607,1.0,0,20
engr0,LG,PGD,0.3,MIM,0.1,2.2131147540983607,1.0,0,20
engr0,MOTO,PGD,0.3,MIM,0.1,2.2131147540983607,1.0,0,20
engr0,OP3,PGD,0.3,MIM,0.1,2.2131147540983607,1.0,0,20
engr0,S7,PGD,0.3,MIM,0.1,2.2131147540983607,1.0,0,20
engr0,BLU,PGD,0.3,MIM,0.2,7.180327868852459,3.0,0,50
engr0,HTC,PGD,0.3,MIM,0.2,7.180327868852459,3.0,0,50
engr0,LG,PGD,0.3,MIM,0.2,7.180327868852459,3.0,0,50
engr0,MOTO,PGD,0.3,MIM,0.2,7.180327868852459,3.0,0,50
engr0,OP3,PGD,0.3,MIM,0.2,7.180327868852459,3.0,0,50
engr0,S7,PGD,0.3,MIM,0.2,7.180327868852459,3.0,0,50
engr0,BLU,PGD,0.3,MIM,0.3,12.278688524590164,5.0,0,57
engr0,HTC,PGD,0.3,MIM,0.3,12.278688524590164,5.0,0,57
engr0,LG,PGD,0.3,MIM,0.3,12.278688524590164,5.0,0,57
engr0,MOTO,PGD,0.3,MIM,0.3,12.278688524590164,5.0,0,57
engr0,OP3,PGD,0.3,MIM,0.3,12.278688524590164,5.0,0,57
engr0,S7,PGD,0.3,MIM,0.3,12.278688524590164,5.0,0,57
engr0,BLU,PGD,0.3,MIM,0.4,13.229508196721312,7.0,0,57
engr0,HTC,PGD,0.3,MIM,0.4,13.229508196721312,7.0,0,57
engr0,LG,PGD,0.3,MIM,0.4,13.229508196721312,7.0,0,57
engr0,MOTO,PGD,0.3,MIM,0.4,13.229508196721312,7.0,0,57
engr0,OP3,PGD,0.3,MIM,0.4,13.229508196721312,7.0,0,57
engr0,S7,PGD,0.3,MIM,0.4,13.229508196721312,7.0,0,57
engr0,BLU,PGD,0.3,MIM,0.5,13.229508196721312,7.0,0,57
engr0,HTC,PGD,0.3,MIM,0.5,13.229508196721312,7.0,0,57
engr0,LG,PGD,0.3,MIM,0.5,13.229508196721312,7.0,0,57
engr0,MOTO,PGD,0.3,MIM,0.5,13.229508196721312,7.0,0,57
engr0,OP3,PGD,0.3,MIM,0.5,13.229508196721312,7.0,0,57
engr0,S7,PGD,0.3,MIM,0.5,13.229508196721312,7.0,0,57
engr0,BLU,PGD,0.3,MIM,0.6,13.229508196721312,7.0,0,57
engr0,HTC,PGD,0.3,MIM,0.6,13.229508196721312,7.0,0,57
engr0,LG,PGD,0.3,MIM,0.6,13.229508196721312,7.0,0,57
engr0,MOTO,PGD,0.3,MIM,0.6,13.229508196721312,7.0,0,57
engr0,OP3,PGD,0.3,MIM,0.6,13.229508196721312,7.0,0,57
engr0,S7,PGD,0.3,MIM,0.6,13.229508196721312,7.0,0,57
engr0,BLU,PGD,0.3,MIM,0.7,13.229508196721312,7.0,0,57
engr0,HTC,PGD,0.3,MIM,0.7,13.229508196721312,7.0,0,57
engr0,LG,PGD,0.3,MIM,0.7,13.229508196721312,7.0,0,57
engr0,MOTO,PGD,0.3,MIM,0.7,13.229508196721312,7.0,0,57
engr0,OP3,PGD,0.3,MIM,0.7,13.229508196721312,7.0,0,57
engr0,S7,PGD,0.3,MIM,0.7,13.229508196721312,7.0,0,57
engr0,BLU,PGD,0.3,MIM,0.8,13.229508196721312,7.0,0,57
engr0,HTC,PGD,0.3,MIM,0.8,13.229508196721312,7.0,0,57
engr0,LG,PGD,0.3,MIM,0.8,13.229508196721312,7.0,0,57
engr0,MOTO,PGD,0.3,MIM,0.8,13.229508196721312,7.0,0,57
engr0,OP3,PGD,0.3,MIM,0.8,13.229508196721312,7.0,0,57
engr0,S7,PGD,0.3,MIM,0.8,13.229508196721312,7.0,0,57
engr0,BLU,PGD,0.3,MIM,0.9,13.229508196721312,7.0,0,57
engr0,HTC,PGD,0.3,MIM,0.9,13.229508196721312,7.0,0,57
engr0,LG,PGD,0.3,MIM,0.9,13.229508196721312,7.0,0,57
engr0,MOTO,PGD,0.3,MIM,0.9,13.229508196721312,7.0,0,57
engr0,OP3,PGD,0.3,MIM,0.9,13.229508196721312,7.0,0,57
engr0,S7,PGD,0.3,MIM,0.9,13.229508196721312,7.0,0,57
engr0,BLU,PGD,0.3,MIM,1.0,13.229508196721312,7.0,0,57
engr0,HTC,PGD,0.3,MIM,1.0,13.229508196721312,7.0,0,57
engr0,LG,PGD,0.3,MIM,1.0,13.229508196721312,7.0,0,57
engr0,MOTO,PGD,0.3,MIM,1.0,13.229508196721312,7.0,0,57
engr0,OP3,PGD,0.3,MIM,1.0,13.229508196721312,7.0,0,57
engr0,S7,PGD,0.3,MIM,1.0,13.229508196721312,7.0,0,57
engr0,BLU,PGD,0.4,MIM,0.1,4.475409836065574,2.0,0,45
engr0,HTC,PGD,0.4,MIM,0.1,4.475409836065574,2.0,0,45
engr0,LG,PGD,0.4,MIM,0.1,4.475409836065574,2.0,0,45
engr0,MOTO,PGD,0.4,MIM,0.1,4.475409836065574,2.0,0,45
engr0,OP3,PGD,0.4,MIM,0.1,4.475409836065574,2.0,0,45
engr0,S7,PGD,0.4,MIM,0.1,4.475409836065574,2.0,0,45
engr0,BLU,PGD,0.4,MIM,0.2,10.19672131147541,4.0,0,56
engr0,HTC,PGD,0.4,MIM,0.2,10.19672131147541,4.0,0,56
engr0,LG,PGD,0.4,MIM,0.2,10.19672131147541,4.0,0,56
engr0,MOTO,PGD,0.4,MIM,0.2,10.19672131147541,4.0,0,56
engr0,OP3,PGD,0.4,MIM,0.2,10.19672131147541,4.0,0,56
engr0,S7,PGD,0.4,MIM,0.2,10.19672131147541,4.0,0,56
engr0,BLU,PGD,0.4,MIM,0.3,13.754098360655737,6.0,0,57
engr0,HTC,PGD,0.4,MIM,0.3,13.754098360655737,6.0,0,57
engr0,LG,PGD,0.4,MIM,0.3,13.754098360655737,6.0,0,57
engr0,MOTO,PGD,0.4,MIM,0.3,13.754098360655737,6.0,0,57
engr0,OP3,PGD,0.4,MIM,0.3,13.754098360655737,6.0,0,57
engr0,S7,PGD,0.4,MIM,0.3,13.754098360655737,6.0,0,57
engr0,BLU,PGD,0.4,MIM,0.4,17.081967213114755,10.0,0,57
engr0,HTC,PGD,0.4,MIM,0.4,17.081967213114755,10.0,0,57
engr0,LG,PGD,0.4,MIM,0.4,17.081967213114755,10.0,0,57
engr0,MOTO,PGD,0.4,MIM,0.4,17.081967213114755,10.0,0,57
engr0,OP3,PGD,0.4,MIM,0.4,17.081967213114755,10.0,0,57
engr0,S7,PGD,0.4,MIM,0.4,17.081967213114755,10.0,0,57
engr0,BLU,PGD,0.4,MIM,0.5,17.081967213114755,10.0,0,57
engr0,HTC,PGD,0.4,MIM,0.5,17.081967213114755,10.0,0,57
engr0,LG,PGD,0.4,MIM,0.5,17.081967213114755,10.0,0,57
engr0,MOTO,PGD,0.4,MIM,0.5,17.081967213114755,10.0,0,57
engr0,OP3,PGD,0.4,MIM,0.5,17.081967213114755,10.0,0,57
engr0,S7,PGD,0.4,MIM,0.5,17.081967213114755,10.0,0,57
engr0,BLU,PGD,0.4,MIM,0.6,17.081967213114755,10.0,0,57
engr0,HTC,PGD,0.4,MIM,0.6,17.081967213114755,10.0,0,57
engr0,LG,PGD,0.4,MIM,0.6,17.081967213114755,10.0,0,57
engr0,MOTO,PGD,0.4,MIM,0.6,17.081967213114755,10.0,0,57
engr0,OP3,PGD,0.4,MIM,0.6,17.081967213114755,10.0,0,57
engr0,S7,PGD,0.4,MIM,0.6,17.081967213114755,10.0,0,57
engr0,BLU,PGD,0.4,MIM,0.7,17.081967213114755,10.0,0,57
engr0,HTC,PGD,0.4,MIM,0.7,17.081967213114755,10.0,0,57
engr0,LG,PGD,0.4,MIM,0.7,17.081967213114755,10.0,0,57
engr0,MOTO,PGD,0.4,MIM,0.7,17.081967213114755,10.0,0,57
engr0,OP3,PGD,0.4,MIM,0.7,17.081967213114755,10.0,0,57
engr0,S7,PGD,0.4,MIM,0.7,17.081967213114755,10.0,0,57
engr0,BLU,PGD,0.4,MIM,0.8,17.081967213114755,10.0,0,57
engr0,HTC,PGD,0.4,MIM,0.8,17.081967213114755,10.0,0,57
engr0,LG,PGD,0.4,MIM,0.8,17.081967213114755,10.0,0,57
engr0,MOTO,PGD,0.4,MIM,0.8,17.081967213114755,10.0,0,57
engr0,OP3,PGD,0.4,MIM,0.8,17.081967213114755,10.0,0,57
engr0,S7,PGD,0.4,MIM,0.8,17.081967213114755,10.0,0,57
engr0,BLU,PGD,0.4,MIM,0.9,17.081967213114755,10.0,0,57
engr0,HTC,PGD,0.4,MIM,0.9,17.081967213114755,10.0,0,57
engr0,LG,PGD,0.4,MIM,0.9,17.081967213114755,10.0,0,57
engr0,MOTO,PGD,0.4,MIM,0.9,17.081967213114755,10.0,0,57
engr0,OP3,PGD,0.4,MIM,0.9,17.081967213114755,10.0,0,57
engr0,S7,PGD,0.4,MIM,0.9,17.081967213114755,10.0,0,57
engr0,BLU,PGD,0.4,MIM,1.0,17.081967213114755,10.0,0,57
engr0,HTC,PGD,0.4,MIM,1.0,17.081967213114755,10.0,0,57
engr0,LG,PGD,0.4,MIM,1.0,17.081967213114755,10.0,0,57
engr0,MOTO,PGD,0.4,MIM,1.0,17.081967213114755,10.0,0,57
engr0,OP3,PGD,0.4,MIM,1.0,17.081967213114755,10.0,0,57
engr0,S7,PGD,0.4,MIM,1.0,17.081967213114755,10.0,0,57
engr0,BLU,PGD,0.5,MIM,0.1,2.1475409836065573,2.0,0,8
engr0,HTC,PGD,0.5,MIM,0.1,2.1475409836065573,2.0,0,8
engr0,LG,PGD,0.5,MIM,0.1,2.1475409836065573,2.0,0,8
engr0,MOTO,PGD,0.5,MIM,0.1,2.1475409836065573,2.0,0,8
engr0,OP3,PGD,0.5,MIM,0.1,2.1475409836065573,2.0,0,8
engr0,S7,PGD,0.5,MIM,0.1,2.1475409836065573,2.0,0,8
engr0,BLU,PGD,0.5,MIM,0.2,6.508196721311475,3.0,0,56
engr0,HTC,PGD,0.5,MIM,0.2,6.508196721311475,3.0,0,56
engr0,LG,PGD,0.5,MIM,0.2,6.508196721311475,3.0,0,56
engr0,MOTO,PGD,0.5,MIM,0.2,6.508196721311475,3.0,0,56
engr0,OP3,PGD,0.5,MIM,0.2,6.508196721311475,3.0,0,56
engr0,S7,PGD,0.5,MIM,0.2,6.508196721311475,3.0,0,56
engr0,BLU,PGD,0.5,MIM,0.3,9.360655737704919,5.0,0,51
engr0,HTC,PGD,0.5,MIM,0.3,9.360655737704919,5.0,0,51
engr0,LG,PGD,0.5,MIM,0.3,9.360655737704919,5.0,0,51
engr0,MOTO,PGD,0.5,MIM,0.3,9.360655737704919,5.0,0,51
engr0,OP3,PGD,0.5,MIM,0.3,9.360655737704919,5.0,0,51
engr0,S7,PGD,0.5,MIM,0.3,9.360655737704919,5.0,0,51
engr0,BLU,PGD,0.5,MIM,0.4,10.98360655737705,6.0,0,48
engr0,HTC,PGD,0.5,MIM,0.4,10.98360655737705,6.0,0,48
engr0,LG,PGD,0.5,MIM,0.4,10.98360655737705,6.0,0,48
engr0,MOTO,PGD,0.5,MIM,0.4,10.98360655737705,6.0,0,48
engr0,OP3,PGD,0.5,MIM,0.4,10.98360655737705,6.0,0,48
engr0,S7,PGD,0.5,MIM,0.4,10.98360655737705,6.0,0,48
engr0,BLU,PGD,0.5,MIM,0.5,10.98360655737705,6.0,0,48
engr0,HTC,PGD,0.5,MIM,0.5,10.98360655737705,6.0,0,48
engr0,LG,PGD,0.5,MIM,0.5,10.98360655737705,6.0,0,48
engr0,MOTO,PGD,0.5,MIM,0.5,10.98360655737705,6.0,0,48
engr0,OP3,PGD,0.5,MIM,0.5,10.98360655737705,6.0,0,48
engr0,S7,PGD,0.5,MIM,0.5,10.98360655737705,6.0,0,48
engr0,BLU,PGD,0.5,MIM,0.6,10.98360655737705,6.0,0,48
engr0,HTC,PGD,0.5,MIM,0.6,10.98360655737705,6.0,0,48
engr0,LG,PGD,0.5,MIM,0.6,10.98360655737705,6.0,0,48
engr0,MOTO,PGD,0.5,MIM,0.6,10.98360655737705,6.0,0,48
engr0,OP3,PGD,0.5,MIM,0.6,10.98360655737705,6.0,0,48
engr0,S7,PGD,0.5,MIM,0.6,10.98360655737705,6.0,0,48
engr0,BLU,PGD,0.5,MIM,0.7,10.98360655737705,6.0,0,48
engr0,HTC,PGD,0.5,MIM,0.7,10.98360655737705,6.0,0,48
engr0,LG,PGD,0.5,MIM,0.7,10.98360655737705,6.0,0,48
engr0,MOTO,PGD,0.5,MIM,0.7,10.98360655737705,6.0,0,48
engr0,OP3,PGD,0.5,MIM,0.7,10.98360655737705,6.0,0,48
engr0,S7,PGD,0.5,MIM,0.7,10.98360655737705,6.0,0,48
engr0,BLU,PGD,0.5,MIM,0.8,10.98360655737705,6.0,0,48
engr0,HTC,PGD,0.5,MIM,0.8,10.98360655737705,6.0,0,48
engr0,LG,PGD,0.5,MIM,0.8,10.98360655737705,6.0,0,48
engr0,MOTO,PGD,0.5,MIM,0.8,10.98360655737705,6.0,0,48
engr0,OP3,PGD,0.5,MIM,0.8,10.98360655737705,6.0,0,48
engr0,S7,PGD,0.5,MIM,0.8,10.98360655737705,6.0,0,48
engr0,BLU,PGD,0.5,MIM,0.9,10.98360655737705,6.0,0,48
engr0,HTC,PGD,0.5,MIM,0.9,10.98360655737705,6.0,0,48
engr0,LG,PGD,0.5,MIM,0.9,10.98360655737705,6.0,0,48
engr0,MOTO,PGD,0.5,MIM,0.9,10.98360655737705,6.0,0,48
engr0,OP3,PGD,0.5,MIM,0.9,10.98360655737705,6.0,0,48
engr0,S7,PGD,0.5,MIM,0.9,10.98360655737705,6.0,0,48
engr0,BLU,PGD,0.5,MIM,1.0,10.98360655737705,6.0,0,48
engr0,HTC,PGD,0.5,MIM,1.0,10.98360655737705,6.0,0,48
engr0,LG,PGD,0.5,MIM,1.0,10.98360655737705,6.0,0,48
engr0,MOTO,PGD,0.5,MIM,1.0,10.98360655737705,6.0,0,48
engr0,OP3,PGD,0.5,MIM,1.0,10.98360655737705,6.0,0,48
engr0,S7,PGD,0.5,MIM,1.0,10.98360655737705,6.0,0,48
engr0,BLU,PGD,0.6,MIM,0.1,5.065573770491803,3.0,0,41
engr0,HTC,PGD,0.6,MIM,0.1,5.065573770491803,3.0,0,41
engr0,LG,PGD,0.6,MIM,0.1,5.065573770491803,3.0,0,41
engr0,MOTO,PGD,0.6,MIM,0.1,5.065573770491803,3.0,0,41
engr0,OP3,PGD,0.6,MIM,0.1,5.065573770491803,3.0,0,41
engr0,S7,PGD,0.6,MIM,0.1,5.065573770491803,3.0,0,41
engr0,BLU,PGD,0.6,MIM,0.2,9.868852459016393,4.0,0,56
engr0,HTC,PGD,0.6,MIM,0.2,9.868852459016393,4.0,0,56
engr0,LG,PGD,0.6,MIM,0.2,9.868852459016393,4.0,0,56
engr0,MOTO,PGD,0.6,MIM,0.2,9.868852459016393,4.0,0,56
engr0,OP3,PGD,0.6,MIM,0.2,9.868852459016393,4.0,0,56
engr0,S7,PGD,0.6,MIM,0.2,9.868852459016393,4.0,0,56
engr0,BLU,PGD,0.6,MIM,0.3,13.540983606557377,6.0,0,56
engr0,HTC,PGD,0.6,MIM,0.3,13.540983606557377,6.0,0,56
engr0,LG,PGD,0.6,MIM,0.3,13.540983606557377,6.0,0,56
engr0,MOTO,PGD,0.6,MIM,0.3,13.540983606557377,6.0,0,56
engr0,OP3,PGD,0.6,MIM,0.3,13.540983606557377,6.0,0,56
engr0,S7,PGD,0.6,MIM,0.3,13.540983606557377,6.0,0,56
engr0,BLU,PGD,0.6,MIM,0.4,14.19672131147541,6.0,0,56
engr0,HTC,PGD,0.6,MIM,0.4,14.19672131147541,6.0,0,56
engr0,LG,PGD,0.6,MIM,0.4,14.19672131147541,6.0,0,56
engr0,MOTO,PGD,0.6,MIM,0.4,14.19672131147541,6.0,0,56
engr0,OP3,PGD,0.6,MIM,0.4,14.19672131147541,6.0,0,56
engr0,S7,PGD,0.6,MIM,0.4,14.19672131147541,6.0,0,56
engr0,BLU,PGD,0.6,MIM,0.5,14.19672131147541,6.0,0,56
engr0,HTC,PGD,0.6,MIM,0.5,14.19672131147541,6.0,0,56
engr0,LG,PGD,0.6,MIM,0.5,14.19672131147541,6.0,0,56
engr0,MOTO,PGD,0.6,MIM,0.5,14.19672131147541,6.0,0,56
engr0,OP3,PGD,0.6,MIM,0.5,14.19672131147541,6.0,0,56
engr0,S7,PGD,0.6,MIM,0.5,14.19672131147541,6.0,0,56
engr0,BLU,PGD,0.6,MIM,0.6,14.19672131147541,6.0,0,56
engr0,HTC,PGD,0.6,MIM,0.6,14.19672131147541,6.0,0,56
engr0,LG,PGD,0.6,MIM,0.6,14.19672131147541,6.0,0,56
engr0,MOTO,PGD,0.6,MIM,0.6,14.19672131147541,6.0,0,56
engr0,OP3,PGD,0.6,MIM,0.6,14.19672131147541,6.0,0,56
engr0,S7,PGD,0.6,MIM,0.6,14.19672131147541,6.0,0,56
engr0,BLU,PGD,0.6,MIM,0.7,14.19672131147541,6.0,0,56
engr0,HTC,PGD,0.6,MIM,0.7,14.19672131147541,6.0,0,56
engr0,LG,PGD,0.6,MIM,0.7,14.19672131147541,6.0,0,56
engr0,MOTO,PGD,0.6,MIM,0.7,14.19672131147541,6.0,0,56
engr0,OP3,PGD,0.6,MIM,0.7,14.19672131147541,6.0,0,56
engr0,S7,PGD,0.6,MIM,0.7,14.19672131147541,6.0,0,56
engr0,BLU,PGD,0.6,MIM,0.8,14.19672131147541,6.0,0,56
engr0,HTC,PGD,0.6,MIM,0.8,14.19672131147541,6.0,0,56
engr0,LG,PGD,0.6,MIM,0.8,14.19672131147541,6.0,0,56
engr0,MOTO,PGD,0.6,MIM,0.8,14.19672131147541,6.0,0,56
engr0,OP3,PGD,0.6,MIM,0.8,14.19672131147541,6.0,0,56
engr0,S7,PGD,0.6,MIM,0.8,14.19672131147541,6.0,0,56
engr0,BLU,PGD,0.6,MIM,0.9,14.19672131147541,6.0,0,56
engr0,HTC,PGD,0.6,MIM,0.9,14.19672131147541,6.0,0,56
engr0,LG,PGD,0.6,MIM,0.9,14.19672131147541,6.0,0,56
engr0,MOTO,PGD,0.6,MIM,0.9,14.19672131147541,6.0,0,56
engr0,OP3,PGD,0.6,MIM,0.9,14.19672131147541,6.0,0,56
engr0,S7,PGD,0.6,MIM,0.9,14.19672131147541,6.0,0,56
engr0,BLU,PGD,0.6,MIM,1.0,14.19672131147541,6.0,0,56
engr0,HTC,PGD,0.6,MIM,1.0,14.19672131147541,6.0,0,56
engr0,LG,PGD,0.6,MIM,1.0,14.19672131147541,6.0,0,56
engr0,MOTO,PGD,0.6,MIM,1.0,14.19672131147541,6.0,0,56
engr0,OP3,PGD,0.6,MIM,1.0,14.19672131147541,6.0,0,56
engr0,S7,PGD,0.6,MIM,1.0,14.19672131147541,6.0,0,56
engr0,BLU,PGD,0.7,MIM,0.1,3.0327868852459017,1.0,0,47
engr0,HTC,PGD,0.7,MIM,0.1,3.0327868852459017,1.0,0,47
engr0,LG,PGD,0.7,MIM,0.1,3.0327868852459017,1.0,0,47
engr0,MOTO,PGD,0.7,MIM,0.1,3.0327868852459017,1.0,0,47
engr0,OP3,PGD,0.7,MIM,0.1,3.0327868852459017,1.0,0,47
engr0,S7,PGD,0.7,MIM,0.1,3.0327868852459017,1.0,0,47
engr0,BLU,PGD,0.7,MIM,0.2,6.852459016393443,3.0,0,58
engr0,HTC,PGD,0.7,MIM,0.2,6.852459016393443,3.0,0,58
engr0,LG,PGD,0.7,MIM,0.2,6.852459016393443,3.0,0,58
engr0,MOTO,PGD,0.7,MIM,0.2,6.852459016393443,3.0,0,58
engr0,OP3,PGD,0.7,MIM,0.2,6.852459016393443,3.0,0,58
engr0,S7,PGD,0.7,MIM,0.2,6.852459016393443,3.0,0,58
engr0,BLU,PGD,0.7,MIM,0.3,10.737704918032787,4.0,0,57
engr0,HTC,PGD,0.7,MIM,0.3,10.737704918032787,4.0,0,57
engr0,LG,PGD,0.7,MIM,0.3,10.737704918032787,4.0,0,57
engr0,MOTO,PGD,0.7,MIM,0.3,10.737704918032787,4.0,0,57
engr0,OP3,PGD,0.7,MIM,0.3,10.737704918032787,4.0,0,57
engr0,S7,PGD,0.7,MIM,0.3,10.737704918032787,4.0,0,57
engr0,BLU,PGD,0.7,MIM,0.4,12.311475409836065,5.0,0,57
engr0,HTC,PGD,0.7,MIM,0.4,12.311475409836065,5.0,0,57
engr0,LG,PGD,0.7,MIM,0.4,12.311475409836065,5.0,0,57
engr0,MOTO,PGD,0.7,MIM,0.4,12.311475409836065,5.0,0,57
engr0,OP3,PGD,0.7,MIM,0.4,12.311475409836065,5.0,0,57
engr0,S7,PGD,0.7,MIM,0.4,12.311475409836065,5.0,0,57
engr0,BLU,PGD,0.7,MIM,0.5,12.311475409836065,5.0,0,57
engr0,HTC,PGD,0.7,MIM,0.5,12.311475409836065,5.0,0,57
engr0,LG,PGD,0.7,MIM,0.5,12.311475409836065,5.0,0,57
engr0,MOTO,PGD,0.7,MIM,0.5,12.311475409836065,5.0,0,57
engr0,OP3,PGD,0.7,MIM,0.5,12.311475409836065,5.0,0,57
engr0,S7,PGD,0.7,MIM,0.5,12.311475409836065,5.0,0,57
engr0,BLU,PGD,0.7,MIM,0.6,12.311475409836065,5.0,0,57
engr0,HTC,PGD,0.7,MIM,0.6,12.311475409836065,5.0,0,57
engr0,LG,PGD,0.7,MIM,0.6,12.311475409836065,5.0,0,57
engr0,MOTO,PGD,0.7,MIM,0.6,12.311475409836065,5.0,0,57
engr0,OP3,PGD,0.7,MIM,0.6,12.311475409836065,5.0,0,57
engr0,S7,PGD,0.7,MIM,0.6,12.311475409836065,5.0,0,57
engr0,BLU,PGD,0.7,MIM,0.7,12.311475409836065,5.0,0,57
engr0,HTC,PGD,0.7,MIM,0.7,12.311475409836065,5.0,0,57
engr0,LG,PGD,0.7,MIM,0.7,12.311475409836065,5.0,0,57
engr0,MOTO,PGD,0.7,MIM,0.7,12.311475409836065,5.0,0,57
engr0,OP3,PGD,0.7,MIM,0.7,12.311475409836065,5.0,0,57
engr0,S7,PGD,0.7,MIM,0.7,12.311475409836065,5.0,0,57
engr0,BLU,PGD,0.7,MIM,0.8,12.311475409836065,5.0,0,57
engr0,HTC,PGD,0.7,MIM,0.8,12.311475409836065,5.0,0,57
engr0,LG,PGD,0.7,MIM,0.8,12.311475409836065,5.0,0,57
engr0,MOTO,PGD,0.7,MIM,0.8,12.311475409836065,5.0,0,57
engr0,OP3,PGD,0.7,MIM,0.8,12.311475409836065,5.0,0,57
engr0,S7,PGD,0.7,MIM,0.8,12.311475409836065,5.0,0,57
engr0,BLU,PGD,0.7,MIM,0.9,12.311475409836065,5.0,0,57
engr0,HTC,PGD,0.7,MIM,0.9,12.311475409836065,5.0,0,57
engr0,LG,PGD,0.7,MIM,0.9,12.311475409836065,5.0,0,57
engr0,MOTO,PGD,0.7,MIM,0.9,12.311475409836065,5.0,0,57
engr0,OP3,PGD,0.7,MIM,0.9,12.311475409836065,5.0,0,57
engr0,S7,PGD,0.7,MIM,0.9,12.311475409836065,5.0,0,57
engr0,BLU,PGD,0.7,MIM,1.0,12.311475409836065,5.0,0,57
engr0,HTC,PGD,0.7,MIM,1.0,12.311475409836065,5.0,0,57
engr0,LG,PGD,0.7,MIM,1.0,12.311475409836065,5.0,0,57
engr0,MOTO,PGD,0.7,MIM,1.0,12.311475409836065,5.0,0,57
engr0,OP3,PGD,0.7,MIM,1.0,12.311475409836065,5.0,0,57
engr0,S7,PGD,0.7,MIM,1.0,12.311475409836065,5.0,0,57
engr0,BLU,PGD,0.8,MIM,0.1,3.0,2.0,0,45
engr0,HTC,PGD,0.8,MIM,0.1,3.0,2.0,0,45
engr0,LG,PGD,0.8,MIM,0.1,3.0,2.0,0,45
engr0,MOTO,PGD,0.8,MIM,0.1,3.0,2.0,0,45
engr0,OP3,PGD,0.8,MIM,0.1,3.0,2.0,0,45
engr0,S7,PGD,0.8,MIM,0.1,3.0,2.0,0,45
engr0,BLU,PGD,0.8,MIM,0.2,7.016393442622951,3.0,0,55
engr0,HTC,PGD,0.8,MIM,0.2,7.016393442622951,3.0,0,55
engr0,LG,PGD,0.8,MIM,0.2,7.016393442622951,3.0,0,55
engr0,MOTO,PGD,0.8,MIM,0.2,7.016393442622951,3.0,0,55
engr0,OP3,PGD,0.8,MIM,0.2,7.016393442622951,3.0,0,55
engr0,S7,PGD,0.8,MIM,0.2,7.016393442622951,3.0,0,55
engr0,BLU,PGD,0.8,MIM,0.3,8.78688524590164,4.0,0,57
engr0,HTC,PGD,0.8,MIM,0.3,8.78688524590164,4.0,0,57
engr0,LG,PGD,0.8,MIM,0.3,8.78688524590164,4.0,0,57
engr0,MOTO,PGD,0.8,MIM,0.3,8.78688524590164,4.0,0,57
engr0,OP3,PGD,0.8,MIM,0.3,8.78688524590164,4.0,0,57
engr0,S7,PGD,0.8,MIM,0.3,8.78688524590164,4.0,0,57
engr0,BLU,PGD,0.8,MIM,0.4,11.426229508196721,6.0,0,57
engr0,HTC,PGD,0.8,MIM,0.4,11.426229508196721,6.0,0,57
engr0,LG,PGD,0.8,MIM,0.4,11.426229508196721,6.0,0,57
engr0,MOTO,PGD,0.8,MIM,0.4,11.426229508196721,6.0,0,57
engr0,OP3,PGD,0.8,MIM,0.4,11.426229508196721,6.0,0,57
engr0,S7,PGD,0.8,MIM,0.4,11.426229508196721,6.0,0,57
engr0,BLU,PGD,0.8,MIM,0.5,11.426229508196721,6.0,0,57
engr0,HTC,PGD,0.8,MIM,0.5,11.426229508196721,6.0,0,57
engr0,LG,PGD,0.8,MIM,0.5,11.426229508196721,6.0,0,57
engr0,MOTO,PGD,0.8,MIM,0.5,11.426229508196721,6.0,0,57
engr0,OP3,PGD,0.8,MIM,0.5,11.426229508196721,6.0,0,57
engr0,S7,PGD,0.8,MIM,0.5,11.426229508196721,6.0,0,57
engr0,BLU,PGD,0.8,MIM,0.6,11.426229508196721,6.0,0,57
engr0,HTC,PGD,0.8,MIM,0.6,11.426229508196721,6.0,0,57
engr0,LG,PGD,0.8,MIM,0.6,11.426229508196721,6.0,0,57
engr0,MOTO,PGD,0.8,MIM,0.6,11.426229508196721,6.0,0,57
engr0,OP3,PGD,0.8,MIM,0.6,11.426229508196721,6.0,0,57
engr0,S7,PGD,0.8,MIM,0.6,11.426229508196721,6.0,0,57
engr0,BLU,PGD,0.8,MIM,0.7,11.426229508196721,6.0,0,57
engr0,HTC,PGD,0.8,MIM,0.7,11.426229508196721,6.0,0,57
engr0,LG,PGD,0.8,MIM,0.7,11.426229508196721,6.0,0,57
engr0,MOTO,PGD,0.8,MIM,0.7,11.426229508196721,6.0,0,57
engr0,OP3,PGD,0.8,MIM,0.7,11.426229508196721,6.0,0,57
engr0,S7,PGD,0.8,MIM,0.7,11.426229508196721,6.0,0,57
engr0,BLU,PGD,0.8,MIM,0.8,11.426229508196721,6.0,0,57
engr0,HTC,PGD,0.8,MIM,0.8,11.426229508196721,6.0,0,57
engr0,LG,PGD,0.8,MIM,0.8,11.426229508196721,6.0,0,57
engr0,MOTO,PGD,0.8,MIM,0.8,11.426229508196721,6.0,0,57
engr0,OP3,PGD,0.8,MIM,0.8,11.426229508196721,6.0,0,57
engr0,S7,PGD,0.8,MIM,0.8,11.426229508196721,6.0,0,57
engr0,BLU,PGD,0.8,MIM,0.9,11.426229508196721,6.0,0,57
engr0,HTC,PGD,0.8,MIM,0.9,11.426229508196721,6.0,0,57
engr0,LG,PGD,0.8,MIM,0.9,11.426229508196721,6.0,0,57
engr0,MOTO,PGD,0.8,MIM,0.9,11.426229508196721,6.0,0,57
engr0,OP3,PGD,0.8,MIM,0.9,11.426229508196721,6.0,0,57
engr0,S7,PGD,0.8,MIM,0.9,11.426229508196721,6.0,0,57
engr0,BLU,PGD,0.8,MIM,1.0,11.426229508196721,6.0,0,57
engr0,HTC,PGD,0.8,MIM,1.0,11.426229508196721,6.0,0,57
engr0,LG,PGD,0.8,MIM,1.0,11.426229508196721,6.0,0,57
engr0,MOTO,PGD,0.8,MIM,1.0,11.426229508196721,6.0,0,57
engr0,OP3,PGD,0.8,MIM,1.0,11.426229508196721,6.0,0,57
engr0,S7,PGD,0.8,MIM,1.0,11.426229508196721,6.0,0,57
engr0,BLU,PGD,0.9,MIM,0.1,4.213114754098361,1.0,0,44
engr0,HTC,PGD,0.9,MIM,0.1,4.213114754098361,1.0,0,44
engr0,LG,PGD,0.9,MIM,0.1,4.213114754098361,1.0,0,44
engr0,MOTO,PGD,0.9,MIM,0.1,4.213114754098361,1.0,0,44
engr0,OP3,PGD,0.9,MIM,0.1,4.213114754098361,1.0,0,44
engr0,S7,PGD,0.9,MIM,0.1,4.213114754098361,1.0,0,44
engr0,BLU,PGD,0.9,MIM,0.2,8.836065573770492,3.0,0,57
engr0,HTC,PGD,0.9,MIM,0.2,8.836065573770492,3.0,0,57
engr0,LG,PGD,0.9,MIM,0.2,8.836065573770492,3.0,0,57
engr0,MOTO,PGD,0.9,MIM,0.2,8.836065573770492,3.0,0,57
engr0,OP3,PGD,0.9,MIM,0.2,8.836065573770492,3.0,0,57
engr0,S7,PGD,0.9,MIM,0.2,8.836065573770492,3.0,0,57
engr0,BLU,PGD,0.9,MIM,0.3,12.180327868852459,5.0,0,57
engr0,HTC,PGD,0.9,MIM,0.3,12.180327868852459,5.0,0,57
engr0,LG,PGD,0.9,MIM,0.3,12.180327868852459,5.0,0,57
engr0,MOTO,PGD,0.9,MIM,0.3,12.180327868852459,5.0,0,57
engr0,OP3,PGD,0.9,MIM,0.3,12.180327868852459,5.0,0,57
engr0,S7,PGD,0.9,MIM,0.3,12.180327868852459,5.0,0,57
engr0,BLU,PGD,0.9,MIM,0.4,15.98360655737705,8.0,0,57
engr0,HTC,PGD,0.9,MIM,0.4,15.98360655737705,8.0,0,57
engr0,LG,PGD,0.9,MIM,0.4,15.98360655737705,8.0,0,57
engr0,MOTO,PGD,0.9,MIM,0.4,15.98360655737705,8.0,0,57
engr0,OP3,PGD,0.9,MIM,0.4,15.98360655737705,8.0,0,57
engr0,S7,PGD,0.9,MIM,0.4,15.98360655737705,8.0,0,57
engr0,BLU,PGD,0.9,MIM,0.5,15.98360655737705,8.0,0,57
engr0,HTC,PGD,0.9,MIM,0.5,15.98360655737705,8.0,0,57
engr0,LG,PGD,0.9,MIM,0.5,15.98360655737705,8.0,0,57
engr0,MOTO,PGD,0.9,MIM,0.5,15.98360655737705,8.0,0,57
engr0,OP3,PGD,0.9,MIM,0.5,15.98360655737705,8.0,0,57
engr0,S7,PGD,0.9,MIM,0.5,15.98360655737705,8.0,0,57
engr0,BLU,PGD,0.9,MIM,0.6,15.98360655737705,8.0,0,57
engr0,HTC,PGD,0.9,MIM,0.6,15.98360655737705,8.0,0,57
engr0,LG,PGD,0.9,MIM,0.6,15.98360655737705,8.0,0,57
engr0,MOTO,PGD,0.9,MIM,0.6,15.98360655737705,8.0,0,57
engr0,OP3,PGD,0.9,MIM,0.6,15.98360655737705,8.0,0,57
engr0,S7,PGD,0.9,MIM,0.6,15.98360655737705,8.0,0,57
engr0,BLU,PGD,0.9,MIM,0.7,15.98360655737705,8.0,0,57
engr0,HTC,PGD,0.9,MIM,0.7,15.98360655737705,8.0,0,57
engr0,LG,PGD,0.9,MIM,0.7,15.98360655737705,8.0,0,57
engr0,MOTO,PGD,0.9,MIM,0.7,15.98360655737705,8.0,0,57
engr0,OP3,PGD,0.9,MIM,0.7,15.98360655737705,8.0,0,57
engr0,S7,PGD,0.9,MIM,0.7,15.98360655737705,8.0,0,57
engr0,BLU,PGD,0.9,MIM,0.8,15.98360655737705,8.0,0,57
engr0,HTC,PGD,0.9,MIM,0.8,15.98360655737705,8.0,0,57
engr0,LG,PGD,0.9,MIM,0.8,15.98360655737705,8.0,0,57
engr0,MOTO,PGD,0.9,MIM,0.8,15.98360655737705,8.0,0,57
engr0,OP3,PGD,0.9,MIM,0.8,15.98360655737705,8.0,0,57
engr0,S7,PGD,0.9,MIM,0.8,15.98360655737705,8.0,0,57
engr0,BLU,PGD,0.9,MIM,0.9,15.98360655737705,8.0,0,57
engr0,HTC,PGD,0.9,MIM,0.9,15.98360655737705,8.0,0,57
engr0,LG,PGD,0.9,MIM,0.9,15.98360655737705,8.0,0,57
engr0,MOTO,PGD,0.9,MIM,0.9,15.98360655737705,8.0,0,57
engr0,OP3,PGD,0.9,MIM,0.9,15.98360655737705,8.0,0,57
engr0,S7,PGD,0.9,MIM,0.9,15.98360655737705,8.0,0,57
engr0,BLU,PGD,0.9,MIM,1.0,15.98360655737705,8.0,0,57
engr0,HTC,PGD,0.9,MIM,1.0,15.98360655737705,8.0,0,57
engr0,LG,PGD,0.9,MIM,1.0,15.98360655737705,8.0,0,57
engr0,MOTO,PGD,0.9,MIM,1.0,15.98360655737705,8.0,0,57
engr0,OP3,PGD,0.9,MIM,1.0,15.98360655737705,8.0,0,57
engr0,S7,PGD,0.9,MIM,1.0,15.98360655737705,8.0,0,57
engr0,BLU,PGD,1.0,MIM,0.1,2.9344262295081966,1.0,0,40
engr0,HTC,PGD,1.0,MIM,0.1,2.9344262295081966,1.0,0,40
engr0,LG,PGD,1.0,MIM,0.1,2.9344262295081966,1.0,0,40
engr0,MOTO,PGD,1.0,MIM,0.1,2.9344262295081966,1.0,0,40
engr0,OP3,PGD,1.0,MIM,0.1,2.9344262295081966,1.0,0,40
engr0,S7,PGD,1.0,MIM,0.1,2.9344262295081966,1.0,0,40
engr0,BLU,PGD,1.0,MIM,0.2,7.934426229508197,3.0,0,56
engr0,HTC,PGD,1.0,MIM,0.2,7.934426229508197,3.0,0,56
engr0,LG,PGD,1.0,MIM,0.2,7.934426229508197,3.0,0,56
engr0,MOTO,PGD,1.0,MIM,0.2,7.934426229508197,3.0,0,56
engr0,OP3,PGD,1.0,MIM,0.2,7.934426229508197,3.0,0,56
engr0,S7,PGD,1.0,MIM,0.2,7.934426229508197,3.0,0,56
engr0,BLU,PGD,1.0,MIM,0.3,11.557377049180328,4.0,0,57
engr0,HTC,PGD,1.0,MIM,0.3,11.557377049180328,4.0,0,57
engr0,LG,PGD,1.0,MIM,0.3,11.557377049180328,4.0,0,57
engr0,MOTO,PGD,1.0,MIM,0.3,11.557377049180328,4.0,0,57
engr0,OP3,PGD,1.0,MIM,0.3,11.557377049180328,4.0,0,57
engr0,S7,PGD,1.0,MIM,0.3,11.557377049180328,4.0,0,57
engr0,BLU,PGD,1.0,MIM,0.4,12.573770491803279,5.0,0,57
engr0,HTC,PGD,1.0,MIM,0.4,12.573770491803279,5.0,0,57
engr0,LG,PGD,1.0,MIM,0.4,12.573770491803279,5.0,0,57
engr0,MOTO,PGD,1.0,MIM,0.4,12.573770491803279,5.0,0,57
engr0,OP3,PGD,1.0,MIM,0.4,12.573770491803279,5.0,0,57
engr0,S7,PGD,1.0,MIM,0.4,12.573770491803279,5.0,0,57
engr0,BLU,PGD,1.0,MIM,0.5,12.573770491803279,5.0,0,57
engr0,HTC,PGD,1.0,MIM,0.5,12.573770491803279,5.0,0,57
engr0,LG,PGD,1.0,MIM,0.5,12.573770491803279,5.0,0,57
engr0,MOTO,PGD,1.0,MIM,0.5,12.573770491803279,5.0,0,57
engr0,OP3,PGD,1.0,MIM,0.5,12.573770491803279,5.0,0,57
engr0,S7,PGD,1.0,MIM,0.5,12.573770491803279,5.0,0,57
engr0,BLU,PGD,1.0,MIM,0.6,12.573770491803279,5.0,0,57
engr0,HTC,PGD,1.0,MIM,0.6,12.573770491803279,5.0,0,57
engr0,LG,PGD,1.0,MIM,0.6,12.573770491803279,5.0,0,57
engr0,MOTO,PGD,1.0,MIM,0.6,12.573770491803279,5.0,0,57
engr0,OP3,PGD,1.0,MIM,0.6,12.573770491803279,5.0,0,57
engr0,S7,PGD,1.0,MIM,0.6,12.573770491803279,5.0,0,57
engr0,BLU,PGD,1.0,MIM,0.7,12.573770491803279,5.0,0,57
engr0,HTC,PGD,1.0,MIM,0.7,12.573770491803279,5.0,0,57
engr0,LG,PGD,1.0,MIM,0.7,12.573770491803279,5.0,0,57
engr0,MOTO,PGD,1.0,MIM,0.7,12.573770491803279,5.0,0,57
engr0,OP3,PGD,1.0,MIM,0.7,12.573770491803279,5.0,0,57
engr0,S7,PGD,1.0,MIM,0.7,12.573770491803279,5.0,0,57
engr0,BLU,PGD,1.0,MIM,0.8,12.573770491803279,5.0,0,57
engr0,HTC,PGD,1.0,MIM,0.8,12.573770491803279,5.0,0,57
engr0,LG,PGD,1.0,MIM,0.8,12.573770491803279,5.0,0,57
engr0,MOTO,PGD,1.0,MIM,0.8,12.573770491803279,5.0,0,57
engr0,OP3,PGD,1.0,MIM,0.8,12.573770491803279,5.0,0,57
engr0,S7,PGD,1.0,MIM,0.8,12.573770491803279,5.0,0,57
engr0,BLU,PGD,1.0,MIM,0.9,12.573770491803279,5.0,0,57
engr0,HTC,PGD,1.0,MIM,0.9,12.573770491803279,5.0,0,57
engr0,LG,PGD,1.0,MIM,0.9,12.573770491803279,5.0,0,57
engr0,MOTO,PGD,1.0,MIM,0.9,12.573770491803279,5.0,0,57
engr0,OP3,PGD,1.0,MIM,0.9,12.573770491803279,5.0,0,57
engr0,S7,PGD,1.0,MIM,0.9,12.573770491803279,5.0,0,57
engr0,BLU,PGD,1.0,MIM,1.0,12.573770491803279,5.0,0,57
engr0,HTC,PGD,1.0,MIM,1.0,12.573770491803279,5.0,0,57
engr0,LG,PGD,1.0,MIM,1.0,12.573770491803279,5.0,0,57
engr0,MOTO,PGD,1.0,MIM,1.0,12.573770491803279,5.0,0,57
engr0,OP3,PGD,1.0,MIM,1.0,12.573770491803279,5.0,0,57
engr0,S7,PGD,1.0,MIM,1.0,12.573770491803279,5.0,0,57
engr0,BLU,MIM,0.1,MIM,0.1,1.180327868852459,1.0,0,24
engr0,HTC,MIM,0.1,MIM,0.1,1.180327868852459,1.0,0,24
engr0,LG,MIM,0.1,MIM,0.1,1.180327868852459,1.0,0,24
engr0,MOTO,MIM,0.1,MIM,0.1,1.180327868852459,1.0,0,24
engr0,OP3,MIM,0.1,MIM,0.1,1.180327868852459,1.0,0,24
engr0,S7,MIM,0.1,MIM,0.1,1.180327868852459,1.0,0,24
engr0,BLU,MIM,0.1,MIM,0.2,2.4098360655737703,1.0,0,23
engr0,HTC,MIM,0.1,MIM,0.2,2.4098360655737703,1.0,0,23
engr0,LG,MIM,0.1,MIM,0.2,2.4098360655737703,1.0,0,23
engr0,MOTO,MIM,0.1,MIM,0.2,2.4098360655737703,1.0,0,23
engr0,OP3,MIM,0.1,MIM,0.2,2.4098360655737703,1.0,0,23
engr0,S7,MIM,0.1,MIM,0.2,2.4098360655737703,1.0,0,23
engr0,BLU,MIM,0.1,MIM,0.3,5.622950819672131,2.0,0,47
engr0,HTC,MIM,0.1,MIM,0.3,5.622950819672131,2.0,0,47
engr0,LG,MIM,0.1,MIM,0.3,5.622950819672131,2.0,0,47
engr0,MOTO,MIM,0.1,MIM,0.3,5.622950819672131,2.0,0,47
engr0,OP3,MIM,0.1,MIM,0.3,5.622950819672131,2.0,0,47
engr0,S7,MIM,0.1,MIM,0.3,5.622950819672131,2.0,0,47
engr0,BLU,MIM,0.1,MIM,0.4,8.278688524590164,3.0,0,50
engr0,HTC,MIM,0.1,MIM,0.4,8.278688524590164,3.0,0,50
engr0,LG,MIM,0.1,MIM,0.4,8.278688524590164,3.0,0,50
engr0,MOTO,MIM,0.1,MIM,0.4,8.278688524590164,3.0,0,50
engr0,OP3,MIM,0.1,MIM,0.4,8.278688524590164,3.0,0,50
engr0,S7,MIM,0.1,MIM,0.4,8.278688524590164,3.0,0,50
engr0,BLU,MIM,0.1,MIM,0.5,8.278688524590164,3.0,0,50
engr0,HTC,MIM,0.1,MIM,0.5,8.278688524590164,3.0,0,50
engr0,LG,MIM,0.1,MIM,0.5,8.278688524590164,3.0,0,50
engr0,MOTO,MIM,0.1,MIM,0.5,8.278688524590164,3.0,0,50
engr0,OP3,MIM,0.1,MIM,0.5,8.278688524590164,3.0,0,50
engr0,S7,MIM,0.1,MIM,0.5,8.278688524590164,3.0,0,50
engr0,BLU,MIM,0.1,MIM,0.6,8.278688524590164,3.0,0,50
engr0,HTC,MIM,0.1,MIM,0.6,8.278688524590164,3.0,0,50
engr0,LG,MIM,0.1,MIM,0.6,8.278688524590164,3.0,0,50
engr0,MOTO,MIM,0.1,MIM,0.6,8.278688524590164,3.0,0,50
engr0,OP3,MIM,0.1,MIM,0.6,8.278688524590164,3.0,0,50
engr0,S7,MIM,0.1,MIM,0.6,8.278688524590164,3.0,0,50
engr0,BLU,MIM,0.1,MIM,0.7,8.278688524590164,3.0,0,50
engr0,HTC,MIM,0.1,MIM,0.7,8.278688524590164,3.0,0,50
engr0,LG,MIM,0.1,MIM,0.7,8.278688524590164,3.0,0,50
engr0,MOTO,MIM,0.1,MIM,0.7,8.278688524590164,3.0,0,50
engr0,OP3,MIM,0.1,MIM,0.7,8.278688524590164,3.0,0,50
engr0,S7,MIM,0.1,MIM,0.7,8.278688524590164,3.0,0,50
engr0,BLU,MIM,0.1,MIM,0.8,8.278688524590164,3.0,0,50
engr0,HTC,MIM,0.1,MIM,0.8,8.278688524590164,3.0,0,50
engr0,LG,MIM,0.1,MIM,0.8,8.278688524590164,3.0,0,50
engr0,MOTO,MIM,0.1,MIM,0.8,8.278688524590164,3.0,0,50
engr0,OP3,MIM,0.1,MIM,0.8,8.278688524590164,3.0,0,50
engr0,S7,MIM,0.1,MIM,0.8,8.278688524590164,3.0,0,50
engr0,BLU,MIM,0.1,MIM,0.9,8.278688524590164,3.0,0,50
engr0,HTC,MIM,0.1,MIM,0.9,8.278688524590164,3.0,0,50
engr0,LG,MIM,0.1,MIM,0.9,8.278688524590164,3.0,0,50
engr0,MOTO,MIM,0.1,MIM,0.9,8.278688524590164,3.0,0,50
engr0,OP3,MIM,0.1,MIM,0.9,8.278688524590164,3.0,0,50
engr0,S7,MIM,0.1,MIM,0.9,8.278688524590164,3.0,0,50
engr0,BLU,MIM,0.1,MIM,1.0,8.278688524590164,3.0,0,50
engr0,HTC,MIM,0.1,MIM,1.0,8.278688524590164,3.0,0,50
engr0,LG,MIM,0.1,MIM,1.0,8.278688524590164,3.0,0,50
engr0,MOTO,MIM,0.1,MIM,1.0,8.278688524590164,3.0,0,50
engr0,OP3,MIM,0.1,MIM,1.0,8.278688524590164,3.0,0,50
engr0,S7,MIM,0.1,MIM,1.0,8.278688524590164,3.0,0,50
engr0,BLU,MIM,0.2,MIM,0.1,1.1311475409836065,1.0,0,6
engr0,HTC,MIM,0.2,MIM,0.1,1.1311475409836065,1.0,0,6
engr0,LG,MIM,0.2,MIM,0.1,1.1311475409836065,1.0,0,6
engr0,MOTO,MIM,0.2,MIM,0.1,1.1311475409836065,1.0,0,6
engr0,OP3,MIM,0.2,MIM,0.1,1.1311475409836065,1.0,0,6
engr0,S7,MIM,0.2,MIM,0.1,1.1311475409836065,1.0,0,6
engr0,BLU,MIM,0.2,MIM,0.2,1.6557377049180328,1.0,0,8
engr0,HTC,MIM,0.2,MIM,0.2,1.6557377049180328,1.0,0,8
engr0,LG,MIM,0.2,MIM,0.2,1.6557377049180328,1.0,0,8
engr0,MOTO,MIM,0.2,MIM,0.2,1.6557377049180328,1.0,0,8
engr0,OP3,MIM,0.2,MIM,0.2,1.6557377049180328,1.0,0,8
engr0,S7,MIM,0.2,MIM,0.2,1.6557377049180328,1.0,0,8
engr0,BLU,MIM,0.2,MIM,0.3,3.0491803278688523,2.0,0,39
engr0,HTC,MIM,0.2,MIM,0.3,3.0491803278688523,2.0,0,39
engr0,LG,MIM,0.2,MIM,0.3,3.0491803278688523,2.0,0,39
engr0,MOTO,MIM,0.2,MIM,0.3,3.0491803278688523,2.0,0,39
engr0,OP3,MIM,0.2,MIM,0.3,3.0491803278688523,2.0,0,39
engr0,S7,MIM,0.2,MIM,0.3,3.0491803278688523,2.0,0,39
engr0,BLU,MIM,0.2,MIM,0.4,3.081967213114754,2.0,0,37
engr0,HTC,MIM,0.2,MIM,0.4,3.081967213114754,2.0,0,37
engr0,LG,MIM,0.2,MIM,0.4,3.081967213114754,2.0,0,37
engr0,MOTO,MIM,0.2,MIM,0.4,3.081967213114754,2.0,0,37
engr0,OP3,MIM,0.2,MIM,0.4,3.081967213114754,2.0,0,37
engr0,S7,MIM,0.2,MIM,0.4,3.081967213114754,2.0,0,37
engr0,BLU,MIM,0.2,MIM,0.5,3.081967213114754,2.0,0,37
engr0,HTC,MIM,0.2,MIM,0.5,3.081967213114754,2.0,0,37
engr0,LG,MIM,0.2,MIM,0.5,3.081967213114754,2.0,0,37
engr0,MOTO,MIM,0.2,MIM,0.5,3.081967213114754,2.0,0,37
engr0,OP3,MIM,0.2,MIM,0.5,3.081967213114754,2.0,0,37
engr0,S7,MIM,0.2,MIM,0.5,3.081967213114754,2.0,0,37
engr0,BLU,MIM,0.2,MIM,0.6,3.081967213114754,2.0,0,37
engr0,HTC,MIM,0.2,MIM,0.6,3.081967213114754,2.0,0,37
engr0,LG,MIM,0.2,MIM,0.6,3.081967213114754,2.0,0,37
engr0,MOTO,MIM,0.2,MIM,0.6,3.081967213114754,2.0,0,37
engr0,OP3,MIM,0.2,MIM,0.6,3.081967213114754,2.0,0,37
engr0,S7,MIM,0.2,MIM,0.6,3.081967213114754,2.0,0,37
engr0,BLU,MIM,0.2,MIM,0.7,3.081967213114754,2.0,0,37
engr0,HTC,MIM,0.2,MIM,0.7,3.081967213114754,2.0,0,37
engr0,LG,MIM,0.2,MIM,0.7,3.081967213114754,2.0,0,37
engr0,MOTO,MIM,0.2,MIM,0.7,3.081967213114754,2.0,0,37
engr0,OP3,MIM,0.2,MIM,0.7,3.081967213114754,2.0,0,37
engr0,S7,MIM,0.2,MIM,0.7,3.081967213114754,2.0,0,37
engr0,BLU,MIM,0.2,MIM,0.8,3.081967213114754,2.0,0,37
engr0,HTC,MIM,0.2,MIM,0.8,3.081967213114754,2.0,0,37
engr0,LG,MIM,0.2,MIM,0.8,3.081967213114754,2.0,0,37
engr0,MOTO,MIM,0.2,MIM,0.8,3.081967213114754,2.0,0,37
engr0,OP3,MIM,0.2,MIM,0.8,3.081967213114754,2.0,0,37
engr0,S7,MIM,0.2,MIM,0.8,3.081967213114754,2.0,0,37
engr0,BLU,MIM,0.2,MIM,0.9,3.081967213114754,2.0,0,37
engr0,HTC,MIM,0.2,MIM,0.9,3.081967213114754,2.0,0,37
engr0,LG,MIM,0.2,MIM,0.9,3.081967213114754,2.0,0,37
engr0,MOTO,MIM,0.2,MIM,0.9,3.081967213114754,2.0,0,37
engr0,OP3,MIM,0.2,MIM,0.9,3.081967213114754,2.0,0,37
engr0,S7,MIM,0.2,MIM,0.9,3.081967213114754,2.0,0,37
engr0,BLU,MIM,0.2,MIM,1.0,3.081967213114754,2.0,0,37
engr0,HTC,MIM,0.2,MIM,1.0,3.081967213114754,2.0,0,37
engr0,LG,MIM,0.2,MIM,1.0,3.081967213114754,2.0,0,37
engr0,MOTO,MIM,0.2,MIM,1.0,3.081967213114754,2.0,0,37
engr0,OP3,MIM,0.2,MIM,1.0,3.081967213114754,2.0,0,37
engr0,S7,MIM,0.2,MIM,1.0,3.081967213114754,2.0,0,37
engr0,BLU,MIM,0.3,MIM,0.1,1.2131147540983607,1.0,0,6
engr0,HTC,MIM,0.3,MIM,0.1,1.2131147540983607,1.0,0,6
engr0,LG,MIM,0.3,MIM,0.1,1.2131147540983607,1.0,0,6
engr0,MOTO,MIM,0.3,MIM,0.1,1.2131147540983607,1.0,0,6
engr0,OP3,MIM,0.3,MIM,0.1,1.2131147540983607,1.0,0,6
engr0,S7,MIM,0.3,MIM,0.1,1.2131147540983607,1.0,0,6
engr0,BLU,MIM,0.3,MIM,0.2,1.6721311475409837,1.0,0,7
engr0,HTC,MIM,0.3,MIM,0.2,1.6721311475409837,1.0,0,7
engr0,LG,MIM,0.3,MIM,0.2,1.6721311475409837,1.0,0,7
engr0,MOTO,MIM,0.3,MIM,0.2,1.6721311475409837,1.0,0,7
engr0,OP3,MIM,0.3,MIM,0.2,1.6721311475409837,1.0,0,7
engr0,S7,MIM,0.3,MIM,0.2,1.6721311475409837,1.0,0,7
engr0,BLU,MIM,0.3,MIM,0.3,1.8524590163934427,2.0,0,6
engr0,HTC,MIM,0.3,MIM,0.3,1.8524590163934427,2.0,0,6
engr0,LG,MIM,0.3,MIM,0.3,1.8524590163934427,2.0,0,6
engr0,MOTO,MIM,0.3,MIM,0.3,1.8524590163934427,2.0,0,6
engr0,OP3,MIM,0.3,MIM,0.3,1.8524590163934427,2.0,0,6
engr0,S7,MIM,0.3,MIM,0.3,1.8524590163934427,2.0,0,6
engr0,BLU,MIM,0.3,MIM,0.4,2.4098360655737703,2.0,0,22
engr0,HTC,MIM,0.3,MIM,0.4,2.4098360655737703,2.0,0,22
engr0,LG,MIM,0.3,MIM,0.4,2.4098360655737703,2.0,0,22
engr0,MOTO,MIM,0.3,MIM,0.4,2.4098360655737703,2.0,0,22
engr0,OP3,MIM,0.3,MIM,0.4,2.4098360655737703,2.0,0,22
engr0,S7,MIM,0.3,MIM,0.4,2.4098360655737703,2.0,0,22
engr0,BLU,MIM,0.3,MIM,0.5,2.4098360655737703,2.0,0,22
engr0,HTC,MIM,0.3,MIM,0.5,2.4098360655737703,2.0,0,22
engr0,LG,MIM,0.3,MIM,0.5,2.4098360655737703,2.0,0,22
engr0,MOTO,MIM,0.3,MIM,0.5,2.4098360655737703,2.0,0,22
engr0,OP3,MIM,0.3,MIM,0.5,2.4098360655737703,2.0,0,22
engr0,S7,MIM,0.3,MIM,0.5,2.4098360655737703,2.0,0,22
engr0,BLU,MIM,0.3,MIM,0.6,2.4098360655737703,2.0,0,22
engr0,HTC,MIM,0.3,MIM,0.6,2.4098360655737703,2.0,0,22
engr0,LG,MIM,0.3,MIM,0.6,2.4098360655737703,2.0,0,22
engr0,MOTO,MIM,0.3,MIM,0.6,2.4098360655737703,2.0,0,22
engr0,OP3,MIM,0.3,MIM,0.6,2.4098360655737703,2.0,0,22
engr0,S7,MIM,0.3,MIM,0.6,2.4098360655737703,2.0,0,22
engr0,BLU,MIM,0.3,MIM,0.7,2.4098360655737703,2.0,0,22
engr0,HTC,MIM,0.3,MIM,0.7,2.4098360655737703,2.0,0,22
engr0,LG,MIM,0.3,MIM,0.7,2.4098360655737703,2.0,0,22
engr0,MOTO,MIM,0.3,MIM,0.7,2.4098360655737703,2.0,0,22
engr0,OP3,MIM,0.3,MIM,0.7,2.4098360655737703,2.0,0,22
engr0,S7,MIM,0.3,MIM,0.7,2.4098360655737703,2.0,0,22
engr0,BLU,MIM,0.3,MIM,0.8,2.4098360655737703,2.0,0,22
engr0,HTC,MIM,0.3,MIM,0.8,2.4098360655737703,2.0,0,22
engr0,LG,MIM,0.3,MIM,0.8,2.4098360655737703,2.0,0,22
engr0,MOTO,MIM,0.3,MIM,0.8,2.4098360655737703,2.0,0,22
engr0,OP3,MIM,0.3,MIM,0.8,2.4098360655737703,2.0,0,22
engr0,S7,MIM,0.3,MIM,0.8,2.4098360655737703,2.0,0,22
engr0,BLU,MIM,0.3,MIM,0.9,2.4098360655737703,2.0,0,22
engr0,HTC,MIM,0.3,MIM,0.9,2.4098360655737703,2.0,0,22
engr0,LG,MIM,0.3,MIM,0.9,2.4098360655737703,2.0,0,22
engr0,MOTO,MIM,0.3,MIM,0.9,2.4098360655737703,2.0,0,22
engr0,OP3,MIM,0.3,MIM,0.9,2.4098360655737703,2.0,0,22
engr0,S7,MIM,0.3,MIM,0.9,2.4098360655737703,2.0,0,22
engr0,BLU,MIM,0.3,MIM,1.0,2.4098360655737703,2.0,0,22
engr0,HTC,MIM,0.3,MIM,1.0,2.4098360655737703,2.0,0,22
engr0,LG,MIM,0.3,MIM,1.0,2.4098360655737703,2.0,0,22
engr0,MOTO,MIM,0.3,MIM,1.0,2.4098360655737703,2.0,0,22
engr0,OP3,MIM,0.3,MIM,1.0,2.4098360655737703,2.0,0,22
engr0,S7,MIM,0.3,MIM,1.0,2.4098360655737703,2.0,0,22
engr0,BLU,MIM,0.4,MIM,0.1,1.3442622950819672,1.0,0,7
engr0,HTC,MIM,0.4,MIM,0.1,1.3442622950819672,1.0,0,7
engr0,LG,MIM,0.4,MIM,0.1,1.3442622950819672,1.0,0,7
engr0,MOTO,MIM,0.4,MIM,0.1,1.3442622950819672,1.0,0,7
engr0,OP3,MIM,0.4,MIM,0.1,1.3442622950819672,1.0,0,7
engr0,S7,MIM,0.4,MIM,0.1,1.3442622950819672,1.0,0,7
engr0,BLU,MIM,0.4,MIM,0.2,2.0491803278688523,1.0,0,11
engr0,HTC,MIM,0.4,MIM,0.2,2.0491803278688523,1.0,0,11
engr0,LG,MIM,0.4,MIM,0.2,2.0491803278688523,1.0,0,11
engr0,MOTO,MIM,0.4,MIM,0.2,2.0491803278688523,1.0,0,11
engr0,OP3,MIM,0.4,MIM,0.2,2.0491803278688523,1.0,0,11
engr0,S7,MIM,0.4,MIM,0.2,2.0491803278688523,1.0,0,11
engr0,BLU,MIM,0.4,MIM,0.3,2.098360655737705,1.0,0,9
engr0,HTC,MIM,0.4,MIM,0.3,2.098360655737705,1.0,0,9
engr0,LG,MIM,0.4,MIM,0.3,2.098360655737705,1.0,0,9
engr0,MOTO,MIM,0.4,MIM,0.3,2.098360655737705,1.0,0,9
engr0,OP3,MIM,0.4,MIM,0.3,2.098360655737705,1.0,0,9
engr0,S7,MIM,0.4,MIM,0.3,2.098360655737705,1.0,0,9
engr0,BLU,MIM,0.4,MIM,0.4,2.0,1.0,0,9
engr0,HTC,MIM,0.4,MIM,0.4,2.0,1.0,0,9
engr0,LG,MIM,0.4,MIM,0.4,2.0,1.0,0,9
engr0,MOTO,MIM,0.4,MIM,0.4,2.0,1.0,0,9
engr0,OP3,MIM,0.4,MIM,0.4,2.0,1.0,0,9
engr0,S7,MIM,0.4,MIM,0.4,2.0,1.0,0,9
engr0,BLU,MIM,0.4,MIM,0.5,2.0,1.0,0,9
engr0,HTC,MIM,0.4,MIM,0.5,2.0,1.0,0,9
engr0,LG,MIM,0.4,MIM,0.5,2.0,1.0,0,9
engr0,MOTO,MIM,0.4,MIM,0.5,2.0,1.0,0,9
engr0,OP3,MIM,0.4,MIM,0.5,2.0,1.0,0,9
engr0,S7,MIM,0.4,MIM,0.5,2.0,1.0,0,9
engr0,BLU,MIM,0.4,MIM,0.6,2.0,1.0,0,9
engr0,HTC,MIM,0.4,MIM,0.6,2.0,1.0,0,9
engr0,LG,MIM,0.4,MIM,0.6,2.0,1.0,0,9
engr0,MOTO,MIM,0.4,MIM,0.6,2.0,1.0,0,9
engr0,OP3,MIM,0.4,MIM,0.6,2.0,1.0,0,9
engr0,S7,MIM,0.4,MIM,0.6,2.0,1.0,0,9
engr0,BLU,MIM,0.4,MIM,0.7,2.0,1.0,0,9
engr0,HTC,MIM,0.4,MIM,0.7,2.0,1.0,0,9
engr0,LG,MIM,0.4,MIM,0.7,2.0,1.0,0,9
engr0,MOTO,MIM,0.4,MIM,0.7,2.0,1.0,0,9
engr0,OP3,MIM,0.4,MIM,0.7,2.0,1.0,0,9
engr0,S7,MIM,0.4,MIM,0.7,2.0,1.0,0,9
engr0,BLU,MIM,0.4,MIM,0.8,2.0,1.0,0,9
engr0,HTC,MIM,0.4,MIM,0.8,2.0,1.0,0,9
engr0,LG,MIM,0.4,MIM,0.8,2.0,1.0,0,9
engr0,MOTO,MIM,0.4,MIM,0.8,2.0,1.0,0,9
engr0,OP3,MIM,0.4,MIM,0.8,2.0,1.0,0,9
engr0,S7,MIM,0.4,MIM,0.8,2.0,1.0,0,9
engr0,BLU,MIM,0.4,MIM,0.9,2.0,1.0,0,9
engr0,HTC,MIM,0.4,MIM,0.9,2.0,1.0,0,9
engr0,LG,MIM,0.4,MIM,0.9,2.0,1.0,0,9
engr0,MOTO,MIM,0.4,MIM,0.9,2.0,1.0,0,9
engr0,OP3,MIM,0.4,MIM,0.9,2.0,1.0,0,9
engr0,S7,MIM,0.4,MIM,0.9,2.0,1.0,0,9
engr0,BLU,MIM,0.4,MIM,1.0,2.0,1.0,0,9
engr0,HTC,MIM,0.4,MIM,1.0,2.0,1.0,0,9
engr0,LG,MIM,0.4,MIM,1.0,2.0,1.0,0,9
engr0,MOTO,MIM,0.4,MIM,1.0,2.0,1.0,0,9
engr0,OP3,MIM,0.4,MIM,1.0,2.0,1.0,0,9
engr0,S7,MIM,0.4,MIM,1.0,2.0,1.0,0,9
engr0,BLU,MIM,0.5,MIM,0.1,1.459016393442623,1.0,0,8
engr0,HTC,MIM,0.5,MIM,0.1,1.459016393442623,1.0,0,8
engr0,LG,MIM,0.5,MIM,0.1,1.459016393442623,1.0,0,8
engr0,MOTO,MIM,0.5,MIM,0.1,1.459016393442623,1.0,0,8
engr0,OP3,MIM,0.5,MIM,0.1,1.459016393442623,1.0,0,8
engr0,S7,MIM,0.5,MIM,0.1,1.459016393442623,1.0,0,8
engr0,BLU,MIM,0.5,MIM,0.2,1.8032786885245902,1.0,0,11
engr0,HTC,MIM,0.5,MIM,0.2,1.8032786885245902,1.0,0,11
engr0,LG,MIM,0.5,MIM,0.2,1.8032786885245902,1.0,0,11
engr0,MOTO,MIM,0.5,MIM,0.2,1.8032786885245902,1.0,0,11
engr0,OP3,MIM,0.5,MIM,0.2,1.8032786885245902,1.0,0,11
engr0,S7,MIM,0.5,MIM,0.2,1.8032786885245902,1.0,0,11
engr0,BLU,MIM,0.5,MIM,0.3,1.6885245901639345,1.0,0,6
engr0,HTC,MIM,0.5,MIM,0.3,1.6885245901639345,1.0,0,6
engr0,LG,MIM,0.5,MIM,0.3,1.6885245901639345,1.0,0,6
engr0,MOTO,MIM,0.5,MIM,0.3,1.6885245901639345,1.0,0,6
engr0,OP3,MIM,0.5,MIM,0.3,1.6885245901639345,1.0,0,6
engr0,S7,MIM,0.5,MIM,0.3,1.6885245901639345,1.0,0,6
engr0,BLU,MIM,0.5,MIM,0.4,1.8688524590163935,1.0,0,9
engr0,HTC,MIM,0.5,MIM,0.4,1.8688524590163935,1.0,0,9
engr0,LG,MIM,0.5,MIM,0.4,1.8688524590163935,1.0,0,9
engr0,MOTO,MIM,0.5,MIM,0.4,1.8688524590163935,1.0,0,9
engr0,OP3,MIM,0.5,MIM,0.4,1.8688524590163935,1.0,0,9
engr0,S7,MIM,0.5,MIM,0.4,1.8688524590163935,1.0,0,9
engr0,BLU,MIM,0.5,MIM,0.5,1.8688524590163935,1.0,0,9
engr0,HTC,MIM,0.5,MIM,0.5,1.8688524590163935,1.0,0,9
engr0,LG,MIM,0.5,MIM,0.5,1.8688524590163935,1.0,0,9
engr0,MOTO,MIM,0.5,MIM,0.5,1.8688524590163935,1.0,0,9
engr0,OP3,MIM,0.5,MIM,0.5,1.8688524590163935,1.0,0,9
engr0,S7,MIM,0.5,MIM,0.5,1.8688524590163935,1.0,0,9
engr0,BLU,MIM,0.5,MIM,0.6,1.8688524590163935,1.0,0,9
engr0,HTC,MIM,0.5,MIM,0.6,1.8688524590163935,1.0,0,9
engr0,LG,MIM,0.5,MIM,0.6,1.8688524590163935,1.0,0,9
engr0,MOTO,MIM,0.5,MIM,0.6,1.8688524590163935,1.0,0,9
engr0,OP3,MIM,0.5,MIM,0.6,1.8688524590163935,1.0,0,9
engr0,S7,MIM,0.5,MIM,0.6,1.8688524590163935,1.0,0,9
engr0,BLU,MIM,0.5,MIM,0.7,1.8688524590163935,1.0,0,9
engr0,HTC,MIM,0.5,MIM,0.7,1.8688524590163935,1.0,0,9
engr0,LG,MIM,0.5,MIM,0.7,1.8688524590163935,1.0,0,9
engr0,MOTO,MIM,0.5,MIM,0.7,1.8688524590163935,1.0,0,9
engr0,OP3,MIM,0.5,MIM,0.7,1.8688524590163935,1.0,0,9
engr0,S7,MIM,0.5,MIM,0.7,1.8688524590163935,1.0,0,9
engr0,BLU,MIM,0.5,MIM,0.8,1.8688524590163935,1.0,0,9
engr0,HTC,MIM,0.5,MIM,0.8,1.8688524590163935,1.0,0,9
engr0,LG,MIM,0.5,MIM,0.8,1.8688524590163935,1.0,0,9
engr0,MOTO,MIM,0.5,MIM,0.8,1.8688524590163935,1.0,0,9
engr0,OP3,MIM,0.5,MIM,0.8,1.8688524590163935,1.0,0,9
engr0,S7,MIM,0.5,MIM,0.8,1.8688524590163935,1.0,0,9
engr0,BLU,MIM,0.5,MIM,0.9,1.8688524590163935,1.0,0,9
engr0,HTC,MIM,0.5,MIM,0.9,1.8688524590163935,1.0,0,9
engr0,LG,MIM,0.5,MIM,0.9,1.8688524590163935,1.0,0,9
engr0,MOTO,MIM,0.5,MIM,0.9,1.8688524590163935,1.0,0,9
engr0,OP3,MIM,0.5,MIM,0.9,1.8688524590163935,1.0,0,9
engr0,S7,MIM,0.5,MIM,0.9,1.8688524590163935,1.0,0,9
engr0,BLU,MIM,0.5,MIM,1.0,1.8688524590163935,1.0,0,9
engr0,HTC,MIM,0.5,MIM,1.0,1.8688524590163935,1.0,0,9
engr0,LG,MIM,0.5,MIM,1.0,1.8688524590163935,1.0,0,9
engr0,MOTO,MIM,0.5,MIM,1.0,1.8688524590163935,1.0,0,9
engr0,OP3,MIM,0.5,MIM,1.0,1.8688524590163935,1.0,0,9
engr0,S7,MIM,0.5,MIM,1.0,1.8688524590163935,1.0,0,9
engr0,BLU,MIM,0.6,MIM,0.1,1.4754098360655739,1.0,0,7
engr0,HTC,MIM,0.6,MIM,0.1,1.4754098360655739,1.0,0,7
engr0,LG,MIM,0.6,MIM,0.1,1.4754098360655739,1.0,0,7
engr0,MOTO,MIM,0.6,MIM,0.1,1.4754098360655739,1.0,0,7
engr0,OP3,MIM,0.6,MIM,0.1,1.4754098360655739,1.0,0,7
engr0,S7,MIM,0.6,MIM,0.1,1.4754098360655739,1.0,0,7
engr0,BLU,MIM,0.6,MIM,0.2,1.5901639344262295,1.0,0,11
engr0,HTC,MIM,0.6,MIM,0.2,1.5901639344262295,1.0,0,11
engr0,LG,MIM,0.6,MIM,0.2,1.5901639344262295,1.0,0,11
engr0,MOTO,MIM,0.6,MIM,0.2,1.5901639344262295,1.0,0,11
engr0,OP3,MIM,0.6,MIM,0.2,1.5901639344262295,1.0,0,11
engr0,S7,MIM,0.6,MIM,0.2,1.5901639344262295,1.0,0,11
engr0,BLU,MIM,0.6,MIM,0.3,1.9672131147540983,1.0,0,11
engr0,HTC,MIM,0.6,MIM,0.3,1.9672131147540983,1.0,0,11
engr0,LG,MIM,0.6,MIM,0.3,1.9672131147540983,1.0,0,11
engr0,MOTO,MIM,0.6,MIM,0.3,1.9672131147540983,1.0,0,11
engr0,OP3,MIM,0.6,MIM,0.3,1.9672131147540983,1.0,0,11
engr0,S7,MIM,0.6,MIM,0.3,1.9672131147540983,1.0,0,11
engr0,BLU,MIM,0.6,MIM,0.4,1.8852459016393444,1.0,0,11
engr0,HTC,MIM,0.6,MIM,0.4,1.8852459016393444,1.0,0,11
engr0,LG,MIM,0.6,MIM,0.4,1.8852459016393444,1.0,0,11
engr0,MOTO,MIM,0.6,MIM,0.4,1.8852459016393444,1.0,0,11
engr0,OP3,MIM,0.6,MIM,0.4,1.8852459016393444,1.0,0,11
engr0,S7,MIM,0.6,MIM,0.4,1.8852459016393444,1.0,0,11
engr0,BLU,MIM,0.6,MIM,0.5,1.8852459016393444,1.0,0,11
engr0,HTC,MIM,0.6,MIM,0.5,1.8852459016393444,1.0,0,11
engr0,LG,MIM,0.6,MIM,0.5,1.8852459016393444,1.0,0,11
engr0,MOTO,MIM,0.6,MIM,0.5,1.8852459016393444,1.0,0,11
engr0,OP3,MIM,0.6,MIM,0.5,1.8852459016393444,1.0,0,11
engr0,S7,MIM,0.6,MIM,0.5,1.8852459016393444,1.0,0,11
engr0,BLU,MIM,0.6,MIM,0.6,1.8852459016393444,1.0,0,11
engr0,HTC,MIM,0.6,MIM,0.6,1.8852459016393444,1.0,0,11
engr0,LG,MIM,0.6,MIM,0.6,1.8852459016393444,1.0,0,11
engr0,MOTO,MIM,0.6,MIM,0.6,1.8852459016393444,1.0,0,11
engr0,OP3,MIM,0.6,MIM,0.6,1.8852459016393444,1.0,0,11
engr0,S7,MIM,0.6,MIM,0.6,1.8852459016393444,1.0,0,11
engr0,BLU,MIM,0.6,MIM,0.7,1.8852459016393444,1.0,0,11
engr0,HTC,MIM,0.6,MIM,0.7,1.8852459016393444,1.0,0,11
engr0,LG,MIM,0.6,MIM,0.7,1.8852459016393444,1.0,0,11
engr0,MOTO,MIM,0.6,MIM,0.7,1.8852459016393444,1.0,0,11
engr0,OP3,MIM,0.6,MIM,0.7,1.8852459016393444,1.0,0,11
engr0,S7,MIM,0.6,MIM,0.7,1.8852459016393444,1.0,0,11
engr0,BLU,MIM,0.6,MIM,0.8,1.8852459016393444,1.0,0,11
engr0,HTC,MIM,0.6,MIM,0.8,1.8852459016393444,1.0,0,11
engr0,LG,MIM,0.6,MIM,0.8,1.8852459016393444,1.0,0,11
engr0,MOTO,MIM,0.6,MIM,0.8,1.8852459016393444,1.0,0,11
engr0,OP3,MIM,0.6,MIM,0.8,1.8852459016393444,1.0,0,11
engr0,S7,MIM,0.6,MIM,0.8,1.8852459016393444,1.0,0,11
engr0,BLU,MIM,0.6,MIM,0.9,1.8852459016393444,1.0,0,11
engr0,HTC,MIM,0.6,MIM,0.9,1.8852459016393444,1.0,0,11
engr0,LG,MIM,0.6,MIM,0.9,1.8852459016393444,1.0,0,11
engr0,MOTO,MIM,0.6,MIM,0.9,1.8852459016393444,1.0,0,11
engr0,OP3,MIM,0.6,MIM,0.9,1.8852459016393444,1.0,0,11
engr0,S7,MIM,0.6,MIM,0.9,1.8852459016393444,1.0,0,11
engr0,BLU,MIM,0.6,MIM,1.0,1.8852459016393444,1.0,0,11
engr0,HTC,MIM,0.6,MIM,1.0,1.8852459016393444,1.0,0,11
engr0,LG,MIM,0.6,MIM,1.0,1.8852459016393444,1.0,0,11
engr0,MOTO,MIM,0.6,MIM,1.0,1.8852459016393444,1.0,0,11
engr0,OP3,MIM,0.6,MIM,1.0,1.8852459016393444,1.0,0,11
engr0,S7,MIM,0.6,MIM,1.0,1.8852459016393444,1.0,0,11
engr0,BLU,MIM,0.7,MIM,0.1,1.278688524590164,1.0,0,5
engr0,HTC,MIM,0.7,MIM,0.1,1.278688524590164,1.0,0,5
engr0,LG,MIM,0.7,MIM,0.1,1.278688524590164,1.0,0,5
engr0,MOTO,MIM,0.7,MIM,0.1,1.278688524590164,1.0,0,5
engr0,OP3,MIM,0.7,MIM,0.1,1.278688524590164,1.0,0,5
engr0,S7,MIM,0.7,MIM,0.1,1.278688524590164,1.0,0,5
engr0,BLU,MIM,0.7,MIM,0.2,1.5245901639344261,1.0,0,7
engr0,HTC,MIM,0.7,MIM,0.2,1.5245901639344261,1.0,0,7
engr0,LG,MIM,0.7,MIM,0.2,1.5245901639344261,1.0,0,7
engr0,MOTO,MIM,0.7,MIM,0.2,1.5245901639344261,1.0,0,7
engr0,OP3,MIM,0.7,MIM,0.2,1.5245901639344261,1.0,0,7
engr0,S7,MIM,0.7,MIM,0.2,1.5245901639344261,1.0,0,7
engr0,BLU,MIM,0.7,MIM,0.3,2.1475409836065573,1.0,0,30
engr0,HTC,MIM,0.7,MIM,0.3,2.1475409836065573,1.0,0,30
engr0,LG,MIM,0.7,MIM,0.3,2.1475409836065573,1.0,0,30
engr0,MOTO,MIM,0.7,MIM,0.3,2.1475409836065573,1.0,0,30
engr0,OP3,MIM,0.7,MIM,0.3,2.1475409836065573,1.0,0,30
engr0,S7,MIM,0.7,MIM,0.3,2.1475409836065573,1.0,0,30
engr0,BLU,MIM,0.7,MIM,0.4,2.3114754098360657,1.0,0,26
engr0,HTC,MIM,0.7,MIM,0.4,2.3114754098360657,1.0,0,26
engr0,LG,MIM,0.7,MIM,0.4,2.3114754098360657,1.0,0,26
engr0,MOTO,MIM,0.7,MIM,0.4,2.3114754098360657,1.0,0,26
engr0,OP3,MIM,0.7,MIM,0.4,2.3114754098360657,1.0,0,26
engr0,S7,MIM,0.7,MIM,0.4,2.3114754098360657,1.0,0,26
engr0,BLU,MIM,0.7,MIM,0.5,2.3114754098360657,1.0,0,26
engr0,HTC,MIM,0.7,MIM,0.5,2.3114754098360657,1.0,0,26
engr0,LG,MIM,0.7,MIM,0.5,2.3114754098360657,1.0,0,26
engr0,MOTO,MIM,0.7,MIM,0.5,2.3114754098360657,1.0,0,26
engr0,OP3,MIM,0.7,MIM,0.5,2.3114754098360657,1.0,0,26
engr0,S7,MIM,0.7,MIM,0.5,2.3114754098360657,1.0,0,26
engr0,BLU,MIM,0.7,MIM,0.6,2.3114754098360657,1.0,0,26
engr0,HTC,MIM,0.7,MIM,0.6,2.3114754098360657,1.0,0,26
engr0,LG,MIM,0.7,MIM,0.6,2.3114754098360657,1.0,0,26
engr0,MOTO,MIM,0.7,MIM,0.6,2.3114754098360657,1.0,0,26
engr0,OP3,MIM,0.7,MIM,0.6,2.3114754098360657,1.0,0,26
engr0,S7,MIM,0.7,MIM,0.6,2.3114754098360657,1.0,0,26
engr0,BLU,MIM,0.7,MIM,0.7,2.3114754098360657,1.0,0,26
engr0,HTC,MIM,0.7,MIM,0.7,2.3114754098360657,1.0,0,26
engr0,LG,MIM,0.7,MIM,0.7,2.3114754098360657,1.0,0,26
engr0,MOTO,MIM,0.7,MIM,0.7,2.3114754098360657,1.0,0,26
engr0,OP3,MIM,0.7,MIM,0.7,2.3114754098360657,1.0,0,26
engr0,S7,MIM,0.7,MIM,0.7,2.3114754098360657,1.0,0,26
engr0,BLU,MIM,0.7,MIM,0.8,2.3114754098360657,1.0,0,26
engr0,HTC,MIM,0.7,MIM,0.8,2.3114754098360657,1.0,0,26
engr0,LG,MIM,0.7,MIM,0.8,2.3114754098360657,1.0,0,26
engr0,MOTO,MIM,0.7,MIM,0.8,2.3114754098360657,1.0,0,26
engr0,OP3,MIM,0.7,MIM,0.8,2.3114754098360657,1.0,0,26
engr0,S7,MIM,0.7,MIM,0.8,2.3114754098360657,1.0,0,26
engr0,BLU,MIM,0.7,MIM,0.9,2.3114754098360657,1.0,0,26
engr0,HTC,MIM,0.7,MIM,0.9,2.3114754098360657,1.0,0,26
engr0,LG,MIM,0.7,MIM,0.9,2.3114754098360657,1.0,0,26
engr0,MOTO,MIM,0.7,MIM,0.9,2.3114754098360657,1.0,0,26
engr0,OP3,MIM,0.7,MIM,0.9,2.3114754098360657,1.0,0,26
engr0,S7,MIM,0.7,MIM,0.9,2.3114754098360657,1.0,0,26
engr0,BLU,MIM,0.7,MIM,1.0,2.3114754098360657,1.0,0,26
engr0,HTC,MIM,0.7,MIM,1.0,2.3114754098360657,1.0,0,26
engr0,LG,MIM,0.7,MIM,1.0,2.3114754098360657,1.0,0,26
engr0,MOTO,MIM,0.7,MIM,1.0,2.3114754098360657,1.0,0,26
engr0,OP3,MIM,0.7,MIM,1.0,2.3114754098360657,1.0,0,26
engr0,S7,MIM,0.7,MIM,1.0,2.3114754098360657,1.0,0,26
engr0,BLU,MIM,0.8,MIM,0.1,1.5081967213114753,1.0,0,8
engr0,HTC,MIM,0.8,MIM,0.1,1.5081967213114753,1.0,0,8
engr0,LG,MIM,0.8,MIM,0.1,1.5081967213114753,1.0,0,8
engr0,MOTO,MIM,0.8,MIM,0.1,1.5081967213114753,1.0,0,8
engr0,OP3,MIM,0.8,MIM,0.1,1.5081967213114753,1.0,0,8
engr0,S7,MIM,0.8,MIM,0.1,1.5081967213114753,1.0,0,8
engr0,BLU,MIM,0.8,MIM,0.2,1.7049180327868851,1.0,0,9
engr0,HTC,MIM,0.8,MIM,0.2,1.7049180327868851,1.0,0,9
engr0,LG,MIM,0.8,MIM,0.2,1.7049180327868851,1.0,0,9
engr0,MOTO,MIM,0.8,MIM,0.2,1.7049180327868851,1.0,0,9
engr0,OP3,MIM,0.8,MIM,0.2,1.7049180327868851,1.0,0,9
engr0,S7,MIM,0.8,MIM,0.2,1.7049180327868851,1.0,0,9
engr0,BLU,MIM,0.8,MIM,0.3,1.7540983606557377,1.0,0,9
engr0,HTC,MIM,0.8,MIM,0.3,1.7540983606557377,1.0,0,9
engr0,LG,MIM,0.8,MIM,0.3,1.7540983606557377,1.0,0,9
engr0,MOTO,MIM,0.8,MIM,0.3,1.7540983606557377,1.0,0,9
engr0,OP3,MIM,0.8,MIM,0.3,1.7540983606557377,1.0,0,9
engr0,S7,MIM,0.8,MIM,0.3,1.7540983606557377,1.0,0,9
engr0,BLU,MIM,0.8,MIM,0.4,2.0491803278688523,1.0,0,30
engr0,HTC,MIM,0.8,MIM,0.4,2.0491803278688523,1.0,0,30
engr0,LG,MIM,0.8,MIM,0.4,2.0491803278688523,1.0,0,30
engr0,MOTO,MIM,0.8,MIM,0.4,2.0491803278688523,1.0,0,30
engr0,OP3,MIM,0.8,MIM,0.4,2.0491803278688523,1.0,0,30
engr0,S7,MIM,0.8,MIM,0.4,2.0491803278688523,1.0,0,30
engr0,BLU,MIM,0.8,MIM,0.5,2.0491803278688523,1.0,0,30
engr0,HTC,MIM,0.8,MIM,0.5,2.0491803278688523,1.0,0,30
engr0,LG,MIM,0.8,MIM,0.5,2.0491803278688523,1.0,0,30
engr0,MOTO,MIM,0.8,MIM,0.5,2.0491803278688523,1.0,0,30
engr0,OP3,MIM,0.8,MIM,0.5,2.0491803278688523,1.0,0,30
engr0,S7,MIM,0.8,MIM,0.5,2.0491803278688523,1.0,0,30
engr0,BLU,MIM,0.8,MIM,0.6,2.0491803278688523,1.0,0,30
engr0,HTC,MIM,0.8,MIM,0.6,2.0491803278688523,1.0,0,30
engr0,LG,MIM,0.8,MIM,0.6,2.0491803278688523,1.0,0,30
engr0,MOTO,MIM,0.8,MIM,0.6,2.0491803278688523,1.0,0,30
engr0,OP3,MIM,0.8,MIM,0.6,2.0491803278688523,1.0,0,30
engr0,S7,MIM,0.8,MIM,0.6,2.0491803278688523,1.0,0,30
engr0,BLU,MIM,0.8,MIM,0.7,2.0491803278688523,1.0,0,30
engr0,HTC,MIM,0.8,MIM,0.7,2.0491803278688523,1.0,0,30
engr0,LG,MIM,0.8,MIM,0.7,2.0491803278688523,1.0,0,30
engr0,MOTO,MIM,0.8,MIM,0.7,2.0491803278688523,1.0,0,30
engr0,OP3,MIM,0.8,MIM,0.7,2.0491803278688523,1.0,0,30
engr0,S7,MIM,0.8,MIM,0.7,2.0491803278688523,1.0,0,30
engr0,BLU,MIM,0.8,MIM,0.8,2.0491803278688523,1.0,0,30
engr0,HTC,MIM,0.8,MIM,0.8,2.0491803278688523,1.0,0,30
engr0,LG,MIM,0.8,MIM,0.8,2.0491803278688523,1.0,0,30
engr0,MOTO,MIM,0.8,MIM,0.8,2.0491803278688523,1.0,0,30
engr0,OP3,MIM,0.8,MIM,0.8,2.0491803278688523,1.0,0,30
engr0,S7,MIM,0.8,MIM,0.8,2.0491803278688523,1.0,0,30
engr0,BLU,MIM,0.8,MIM,0.9,2.0491803278688523,1.0,0,30
engr0,HTC,MIM,0.8,MIM,0.9,2.0491803278688523,1.0,0,30
engr0,LG,MIM,0.8,MIM,0.9,2.0491803278688523,1.0,0,30
engr0,MOTO,MIM,0.8,MIM,0.9,2.0491803278688523,1.0,0,30
engr0,OP3,MIM,0.8,MIM,0.9,2.0491803278688523,1.0,0,30
engr0,S7,MIM,0.8,MIM,0.9,2.0491803278688523,1.0,0,30
engr0,BLU,MIM,0.8,MIM,1.0,2.0491803278688523,1.0,0,30
engr0,HTC,MIM,0.8,MIM,1.0,2.0491803278688523,1.0,0,30
engr0,LG,MIM,0.8,MIM,1.0,2.0491803278688523,1.0,0,30
engr0,MOTO,MIM,0.8,MIM,1.0,2.0491803278688523,1.0,0,30
engr0,OP3,MIM,0.8,MIM,1.0,2.0491803278688523,1.0,0,30
engr0,S7,MIM,0.8,MIM,1.0,2.0491803278688523,1.0,0,30
engr0,BLU,MIM,0.9,MIM,0.1,1.0163934426229508,1.0,0,6
engr0,HTC,MIM,0.9,MIM,0.1,1.0163934426229508,1.0,0,6
engr0,LG,MIM,0.9,MIM,0.1,1.0163934426229508,1.0,0,6
engr0,MOTO,MIM,0.9,MIM,0.1,1.0163934426229508,1.0,0,6
engr0,OP3,MIM,0.9,MIM,0.1,1.0163934426229508,1.0,0,6
engr0,S7,MIM,0.9,MIM,0.1,1.0163934426229508,1.0,0,6
engr0,BLU,MIM,0.9,MIM,0.2,1.4918032786885247,1.0,0,9
engr0,HTC,MIM,0.9,MIM,0.2,1.4918032786885247,1.0,0,9
engr0,LG,MIM,0.9,MIM,0.2,1.4918032786885247,1.0,0,9
engr0,MOTO,MIM,0.9,MIM,0.2,1.4918032786885247,1.0,0,9
engr0,OP3,MIM,0.9,MIM,0.2,1.4918032786885247,1.0,0,9
engr0,S7,MIM,0.9,MIM,0.2,1.4918032786885247,1.0,0,9
engr0,BLU,MIM,0.9,MIM,0.3,1.4262295081967213,1.0,0,9
engr0,HTC,MIM,0.9,MIM,0.3,1.4262295081967213,1.0,0,9
engr0,LG,MIM,0.9,MIM,0.3,1.4262295081967213,1.0,0,9
engr0,MOTO,MIM,0.9,MIM,0.3,1.4262295081967213,1.0,0,9
engr0,OP3,MIM,0.9,MIM,0.3,1.4262295081967213,1.0,0,9
engr0,S7,MIM,0.9,MIM,0.3,1.4262295081967213,1.0,0,9
engr0,BLU,MIM,0.9,MIM,0.4,1.8688524590163935,1.0,0,26
engr0,HTC,MIM,0.9,MIM,0.4,1.8688524590163935,1.0,0,26
engr0,LG,MIM,0.9,MIM,0.4,1.8688524590163935,1.0,0,26
engr0,MOTO,MIM,0.9,MIM,0.4,1.8688524590163935,1.0,0,26
engr0,OP3,MIM,0.9,MIM,0.4,1.8688524590163935,1.0,0,26
engr0,S7,MIM,0.9,MIM,0.4,1.8688524590163935,1.0,0,26
engr0,BLU,MIM,0.9,MIM,0.5,1.8688524590163935,1.0,0,26
engr0,HTC,MIM,0.9,MIM,0.5,1.8688524590163935,1.0,0,26
engr0,LG,MIM,0.9,MIM,0.5,1.8688524590163935,1.0,0,26
engr0,MOTO,MIM,0.9,MIM,0.5,1.8688524590163935,1.0,0,26
engr0,OP3,MIM,0.9,MIM,0.5,1.8688524590163935,1.0,0,26
engr0,S7,MIM,0.9,MIM,0.5,1.8688524590163935,1.0,0,26
engr0,BLU,MIM,0.9,MIM,0.6,1.8688524590163935,1.0,0,26
engr0,HTC,MIM,0.9,MIM,0.6,1.8688524590163935,1.0,0,26
engr0,LG,MIM,0.9,MIM,0.6,1.8688524590163935,1.0,0,26
engr0,MOTO,MIM,0.9,MIM,0.6,1.8688524590163935,1.0,0,26
engr0,OP3,MIM,0.9,MIM,0.6,1.8688524590163935,1.0,0,26
engr0,S7,MIM,0.9,MIM,0.6,1.8688524590163935,1.0,0,26
engr0,BLU,MIM,0.9,MIM,0.7,1.8688524590163935,1.0,0,26
engr0,HTC,MIM,0.9,MIM,0.7,1.8688524590163935,1.0,0,26
engr0,LG,MIM,0.9,MIM,0.7,1.8688524590163935,1.0,0,26
engr0,MOTO,MIM,0.9,MIM,0.7,1.8688524590163935,1.0,0,26
engr0,OP3,MIM,0.9,MIM,0.7,1.8688524590163935,1.0,0,26
engr0,S7,MIM,0.9,MIM,0.7,1.8688524590163935,1.0,0,26
engr0,BLU,MIM,0.9,MIM,0.8,1.8688524590163935,1.0,0,26
engr0,HTC,MIM,0.9,MIM,0.8,1.8688524590163935,1.0,0,26
engr0,LG,MIM,0.9,MIM,0.8,1.8688524590163935,1.0,0,26
engr0,MOTO,MIM,0.9,MIM,0.8,1.8688524590163935,1.0,0,26
engr0,OP3,MIM,0.9,MIM,0.8,1.8688524590163935,1.0,0,26
engr0,S7,MIM,0.9,MIM,0.8,1.8688524590163935,1.0,0,26
engr0,BLU,MIM,0.9,MIM,0.9,1.8688524590163935,1.0,0,26
engr0,HTC,MIM,0.9,MIM,0.9,1.8688524590163935,1.0,0,26
engr0,LG,MIM,0.9,MIM,0.9,1.8688524590163935,1.0,0,26
engr0,MOTO,MIM,0.9,MIM,0.9,1.8688524590163935,1.0,0,26
engr0,OP3,MIM,0.9,MIM,0.9,1.8688524590163935,1.0,0,26
engr0,S7,MIM,0.9,MIM,0.9,1.8688524590163935,1.0,0,26
engr0,BLU,MIM,0.9,MIM,1.0,1.8688524590163935,1.0,0,26
engr0,HTC,MIM,0.9,MIM,1.0,1.8688524590163935,1.0,0,26
engr0,LG,MIM,0.9,MIM,1.0,1.8688524590163935,1.0,0,26
engr0,MOTO,MIM,0.9,MIM,1.0,1.8688524590163935,1.0,0,26
engr0,OP3,MIM,0.9,MIM,1.0,1.8688524590163935,1.0,0,26
engr0,S7,MIM,0.9,MIM,1.0,1.8688524590163935,1.0,0,26
engr0,BLU,MIM,1.0,MIM,0.1,1.4262295081967213,1.0,0,8
engr0,HTC,MIM,1.0,MIM,0.1,1.4262295081967213,1.0,0,8
engr0,LG,MIM,1.0,MIM,0.1,1.4262295081967213,1.0,0,8
engr0,MOTO,MIM,1.0,MIM,0.1,1.4262295081967213,1.0,0,8
engr0,OP3,MIM,1.0,MIM,0.1,1.4262295081967213,1.0,0,8
engr0,S7,MIM,1.0,MIM,0.1,1.4262295081967213,1.0,0,8
engr0,BLU,MIM,1.0,MIM,0.2,1.3442622950819672,1.0,0,8
engr0,HTC,MIM,1.0,MIM,0.2,1.3442622950819672,1.0,0,8
engr0,LG,MIM,1.0,MIM,0.2,1.3442622950819672,1.0,0,8
engr0,MOTO,MIM,1.0,MIM,0.2,1.3442622950819672,1.0,0,8
engr0,OP3,MIM,1.0,MIM,0.2,1.3442622950819672,1.0,0,8
engr0,S7,MIM,1.0,MIM,0.2,1.3442622950819672,1.0,0,8
engr0,BLU,MIM,1.0,MIM,0.3,1.8852459016393444,1.0,0,18
engr0,HTC,MIM,1.0,MIM,0.3,1.8852459016393444,1.0,0,18
engr0,LG,MIM,1.0,MIM,0.3,1.8852459016393444,1.0,0,18
engr0,MOTO,MIM,1.0,MIM,0.3,1.8852459016393444,1.0,0,18
engr0,OP3,MIM,1.0,MIM,0.3,1.8852459016393444,1.0,0,18
engr0,S7,MIM,1.0,MIM,0.3,1.8852459016393444,1.0,0,18
engr0,BLU,MIM,1.0,MIM,0.4,2.5901639344262297,1.0,0,41
engr0,HTC,MIM,1.0,MIM,0.4,2.5901639344262297,1.0,0,41
engr0,LG,MIM,1.0,MIM,0.4,2.5901639344262297,1.0,0,41
engr0,MOTO,MIM,1.0,MIM,0.4,2.5901639344262297,1.0,0,41
engr0,OP3,MIM,1.0,MIM,0.4,2.5901639344262297,1.0,0,41
engr0,S7,MIM,1.0,MIM,0.4,2.5901639344262297,1.0,0,41
engr0,BLU,MIM,1.0,MIM,0.5,2.5901639344262297,1.0,0,41
engr0,HTC,MIM,1.0,MIM,0.5,2.5901639344262297,1.0,0,41
engr0,LG,MIM,1.0,MIM,0.5,2.5901639344262297,1.0,0,41
engr0,MOTO,MIM,1.0,MIM,0.5,2.5901639344262297,1.0,0,41
engr0,OP3,MIM,1.0,MIM,0.5,2.5901639344262297,1.0,0,41
engr0,S7,MIM,1.0,MIM,0.5,2.5901639344262297,1.0,0,41
engr0,BLU,MIM,1.0,MIM,0.6,2.5901639344262297,1.0,0,41
engr0,HTC,MIM,1.0,MIM,0.6,2.5901639344262297,1.0,0,41
engr0,LG,MIM,1.0,MIM,0.6,2.5901639344262297,1.0,0,41
engr0,MOTO,MIM,1.0,MIM,0.6,2.5901639344262297,1.0,0,41
engr0,OP3,MIM,1.0,MIM,0.6,2.5901639344262297,1.0,0,41
engr0,S7,MIM,1.0,MIM,0.6,2.5901639344262297,1.0,0,41
engr0,BLU,MIM,1.0,MIM,0.7,2.5901639344262297,1.0,0,41
engr0,HTC,MIM,1.0,MIM,0.7,2.5901639344262297,1.0,0,41
engr0,LG,MIM,1.0,MIM,0.7,2.5901639344262297,1.0,0,41
engr0,MOTO,MIM,1.0,MIM,0.7,2.5901639344262297,1.0,0,41
engr0,OP3,MIM,1.0,MIM,0.7,2.5901639344262297,1.0,0,41
engr0,S7,MIM,1.0,MIM,0.7,2.5901639344262297,1.0,0,41
engr0,BLU,MIM,1.0,MIM,0.8,2.5901639344262297,1.0,0,41
engr0,HTC,MIM,1.0,MIM,0.8,2.5901639344262297,1.0,0,41
engr0,LG,MIM,1.0,MIM,0.8,2.5901639344262297,1.0,0,41
engr0,MOTO,MIM,1.0,MIM,0.8,2.5901639344262297,1.0,0,41
engr0,OP3,MIM,1.0,MIM,0.8,2.5901639344262297,1.0,0,41
engr0,S7,MIM,1.0,MIM,0.8,2.5901639344262297,1.0,0,41
engr0,BLU,MIM,1.0,MIM,0.9,2.5901639344262297,1.0,0,41
engr0,HTC,MIM,1.0,MIM,0.9,2.5901639344262297,1.0,0,41
engr0,LG,MIM,1.0,MIM,0.9,2.5901639344262297,1.0,0,41
engr0,MOTO,MIM,1.0,MIM,0.9,2.5901639344262297,1.0,0,41
engr0,OP3,MIM,1.0,MIM,0.9,2.5901639344262297,1.0,0,41
engr0,S7,MIM,1.0,MIM,0.9,2.5901639344262297,1.0,0,41
engr0,BLU,MIM,1.0,MIM,1.0,2.5901639344262297,1.0,0,41
engr0,HTC,MIM,1.0,MIM,1.0,2.5901639344262297,1.0,0,41
engr0,LG,MIM,1.0,MIM,1.0,2.5901639344262297,1.0,0,41
engr0,MOTO,MIM,1.0,MIM,1.0,2.5901639344262297,1.0,0,41
engr0,OP3,MIM,1.0,MIM,1.0,2.5901639344262297,1.0,0,41
engr0,S7,MIM,1.0,MIM,1.0,2.5901639344262297,1.0,0,41
engr0,BLU,BIM,0.1,MIM,0.1,2.9836065573770494,2.0,0,47
engr0,HTC,BIM,0.1,MIM,0.1,2.9836065573770494,2.0,0,47
engr0,LG,BIM,0.1,MIM,0.1,2.9836065573770494,2.0,0,47
engr0,MOTO,BIM,0.1,MIM,0.1,2.9836065573770494,2.0,0,47
engr0,OP3,BIM,0.1,MIM,0.1,2.9836065573770494,2.0,0,47
engr0,S7,BIM,0.1,MIM,0.1,2.9836065573770494,2.0,0,47
engr0,BLU,BIM,0.1,MIM,0.2,11.081967213114755,4.0,0,56
engr0,HTC,BIM,0.1,MIM,0.2,11.081967213114755,4.0,0,56
engr0,LG,BIM,0.1,MIM,0.2,11.081967213114755,4.0,0,56
engr0,MOTO,BIM,0.1,MIM,0.2,11.081967213114755,4.0,0,56
engr0,OP3,BIM,0.1,MIM,0.2,11.081967213114755,4.0,0,56
engr0,S7,BIM,0.1,MIM,0.2,11.081967213114755,4.0,0,56
engr0,BLU,BIM,0.1,MIM,0.3,15.491803278688524,8.0,0,56
engr0,HTC,BIM,0.1,MIM,0.3,15.491803278688524,8.0,0,56
engr0,LG,BIM,0.1,MIM,0.3,15.491803278688524,8.0,0,56
engr0,MOTO,BIM,0.1,MIM,0.3,15.491803278688524,8.0,0,56
engr0,OP3,BIM,0.1,MIM,0.3,15.491803278688524,8.0,0,56
engr0,S7,BIM,0.1,MIM,0.3,15.491803278688524,8.0,0,56
engr0,BLU,BIM,0.1,MIM,0.4,17.40983606557377,10.0,0,56
engr0,HTC,BIM,0.1,MIM,0.4,17.40983606557377,10.0,0,56
engr0,LG,BIM,0.1,MIM,0.4,17.40983606557377,10.0,0,56
engr0,MOTO,BIM,0.1,MIM,0.4,17.40983606557377,10.0,0,56
engr0,OP3,BIM,0.1,MIM,0.4,17.40983606557377,10.0,0,56
engr0,S7,BIM,0.1,MIM,0.4,17.40983606557377,10.0,0,56
engr0,BLU,BIM,0.1,MIM,0.5,17.40983606557377,10.0,0,56
engr0,HTC,BIM,0.1,MIM,0.5,17.40983606557377,10.0,0,56
engr0,LG,BIM,0.1,MIM,0.5,17.40983606557377,10.0,0,56
engr0,MOTO,BIM,0.1,MIM,0.5,17.40983606557377,10.0,0,56
engr0,OP3,BIM,0.1,MIM,0.5,17.40983606557377,10.0,0,56
engr0,S7,BIM,0.1,MIM,0.5,17.40983606557377,10.0,0,56
engr0,BLU,BIM,0.1,MIM,0.6,17.40983606557377,10.0,0,56
engr0,HTC,BIM,0.1,MIM,0.6,17.40983606557377,10.0,0,56
engr0,LG,BIM,0.1,MIM,0.6,17.40983606557377,10.0,0,56
engr0,MOTO,BIM,0.1,MIM,0.6,17.40983606557377,10.0,0,56
engr0,OP3,BIM,0.1,MIM,0.6,17.40983606557377,10.0,0,56
engr0,S7,BIM,0.1,MIM,0.6,17.40983606557377,10.0,0,56
engr0,BLU,BIM,0.1,MIM,0.7,17.40983606557377,10.0,0,56
engr0,HTC,BIM,0.1,MIM,0.7,17.40983606557377,10.0,0,56
engr0,LG,BIM,0.1,MIM,0.7,17.40983606557377,10.0,0,56
engr0,MOTO,BIM,0.1,MIM,0.7,17.40983606557377,10.0,0,56
engr0,OP3,BIM,0.1,MIM,0.7,17.40983606557377,10.0,0,56
engr0,S7,BIM,0.1,MIM,0.7,17.40983606557377,10.0,0,56
engr0,BLU,BIM,0.1,MIM,0.8,17.40983606557377,10.0,0,56
engr0,HTC,BIM,0.1,MIM,0.8,17.40983606557377,10.0,0,56
engr0,LG,BIM,0.1,MIM,0.8,17.40983606557377,10.0,0,56
engr0,MOTO,BIM,0.1,MIM,0.8,17.40983606557377,10.0,0,56
engr0,OP3,BIM,0.1,MIM,0.8,17.40983606557377,10.0,0,56
engr0,S7,BIM,0.1,MIM,0.8,17.40983606557377,10.0,0,56
engr0,BLU,BIM,0.1,MIM,0.9,17.40983606557377,10.0,0,56
engr0,HTC,BIM,0.1,MIM,0.9,17.40983606557377,10.0,0,56
engr0,LG,BIM,0.1,MIM,0.9,17.40983606557377,10.0,0,56
engr0,MOTO,BIM,0.1,MIM,0.9,17.40983606557377,10.0,0,56
engr0,OP3,BIM,0.1,MIM,0.9,17.40983606557377,10.0,0,56
engr0,S7,BIM,0.1,MIM,0.9,17.40983606557377,10.0,0,56
engr0,BLU,BIM,0.1,MIM,1.0,17.40983606557377,10.0,0,56
engr0,HTC,BIM,0.1,MIM,1.0,17.40983606557377,10.0,0,56
engr0,LG,BIM,0.1,MIM,1.0,17.40983606557377,10.0,0,56
engr0,MOTO,BIM,0.1,MIM,1.0,17.40983606557377,10.0,0,56
engr0,OP3,BIM,0.1,MIM,1.0,17.40983606557377,10.0,0,56
engr0,S7,BIM,0.1,MIM,1.0,17.40983606557377,10.0,0,56
engr0,BLU,BIM,0.2,MIM,0.1,3.5245901639344264,2.0,0,44
engr0,HTC,BIM,0.2,MIM,0.1,3.5245901639344264,2.0,0,44
engr0,LG,BIM,0.2,MIM,0.1,3.5245901639344264,2.0,0,44
engr0,MOTO,BIM,0.2,MIM,0.1,3.5245901639344264,2.0,0,44
engr0,OP3,BIM,0.2,MIM,0.1,3.5245901639344264,2.0,0,44
engr0,S7,BIM,0.2,MIM,0.1,3.5245901639344264,2.0,0,44
engr0,BLU,BIM,0.2,MIM,0.2,8.311475409836065,3.0,0,52
engr0,HTC,BIM,0.2,MIM,0.2,8.311475409836065,3.0,0,52
engr0,LG,BIM,0.2,MIM,0.2,8.311475409836065,3.0,0,52
engr0,MOTO,BIM,0.2,MIM,0.2,8.311475409836065,3.0,0,52
engr0,OP3,BIM,0.2,MIM,0.2,8.311475409836065,3.0,0,52
engr0,S7,BIM,0.2,MIM,0.2,8.311475409836065,3.0,0,52
engr0,BLU,BIM,0.2,MIM,0.3,12.770491803278688,6.0,0,57
engr0,HTC,BIM,0.2,MIM,0.3,12.770491803278688,6.0,0,57
engr0,LG,BIM,0.2,MIM,0.3,12.770491803278688,6.0,0,57
engr0,MOTO,BIM,0.2,MIM,0.3,12.770491803278688,6.0,0,57
engr0,OP3,BIM,0.2,MIM,0.3,12.770491803278688,6.0,0,57
engr0,S7,BIM,0.2,MIM,0.3,12.770491803278688,6.0,0,57
engr0,BLU,BIM,0.2,MIM,0.4,14.01639344262295,7.0,0,57
engr0,HTC,BIM,0.2,MIM,0.4,14.01639344262295,7.0,0,57
engr0,LG,BIM,0.2,MIM,0.4,14.01639344262295,7.0,0,57
engr0,MOTO,BIM,0.2,MIM,0.4,14.01639344262295,7.0,0,57
engr0,OP3,BIM,0.2,MIM,0.4,14.01639344262295,7.0,0,57
engr0,S7,BIM,0.2,MIM,0.4,14.01639344262295,7.0,0,57
engr0,BLU,BIM,0.2,MIM,0.5,14.01639344262295,7.0,0,57
engr0,HTC,BIM,0.2,MIM,0.5,14.01639344262295,7.0,0,57
engr0,LG,BIM,0.2,MIM,0.5,14.01639344262295,7.0,0,57
engr0,MOTO,BIM,0.2,MIM,0.5,14.01639344262295,7.0,0,57
engr0,OP3,BIM,0.2,MIM,0.5,14.01639344262295,7.0,0,57
engr0,S7,BIM,0.2,MIM,0.5,14.01639344262295,7.0,0,57
engr0,BLU,BIM,0.2,MIM,0.6,14.01639344262295,7.0,0,57
engr0,HTC,BIM,0.2,MIM,0.6,14.01639344262295,7.0,0,57
engr0,LG,BIM,0.2,MIM,0.6,14.01639344262295,7.0,0,57
engr0,MOTO,BIM,0.2,MIM,0.6,14.01639344262295,7.0,0,57
engr0,OP3,BIM,0.2,MIM,0.6,14.01639344262295,7.0,0,57
engr0,S7,BIM,0.2,MIM,0.6,14.01639344262295,7.0,0,57
engr0,BLU,BIM,0.2,MIM,0.7,14.01639344262295,7.0,0,57
engr0,HTC,BIM,0.2,MIM,0.7,14.01639344262295,7.0,0,57
engr0,LG,BIM,0.2,MIM,0.7,14.01639344262295,7.0,0,57
engr0,MOTO,BIM,0.2,MIM,0.7,14.01639344262295,7.0,0,57
engr0,OP3,BIM,0.2,MIM,0.7,14.01639344262295,7.0,0,57
engr0,S7,BIM,0.2,MIM,0.7,14.01639344262295,7.0,0,57
engr0,BLU,BIM,0.2,MIM,0.8,14.01639344262295,7.0,0,57
engr0,HTC,BIM,0.2,MIM,0.8,14.01639344262295,7.0,0,57
engr0,LG,BIM,0.2,MIM,0.8,14.01639344262295,7.0,0,57
engr0,MOTO,BIM,0.2,MIM,0.8,14.01639344262295,7.0,0,57
engr0,OP3,BIM,0.2,MIM,0.8,14.01639344262295,7.0,0,57
engr0,S7,BIM,0.2,MIM,0.8,14.01639344262295,7.0,0,57
engr0,BLU,BIM,0.2,MIM,0.9,14.01639344262295,7.0,0,57
engr0,HTC,BIM,0.2,MIM,0.9,14.01639344262295,7.0,0,57
engr0,LG,BIM,0.2,MIM,0.9,14.01639344262295,7.0,0,57
engr0,MOTO,BIM,0.2,MIM,0.9,14.01639344262295,7.0,0,57
engr0,OP3,BIM,0.2,MIM,0.9,14.01639344262295,7.0,0,57
engr0,S7,BIM,0.2,MIM,0.9,14.01639344262295,7.0,0,57
engr0,BLU,BIM,0.2,MIM,1.0,14.01639344262295,7.0,0,57
engr0,HTC,BIM,0.2,MIM,1.0,14.01639344262295,7.0,0,57
engr0,LG,BIM,0.2,MIM,1.0,14.01639344262295,7.0,0,57
engr0,MOTO,BIM,0.2,MIM,1.0,14.01639344262295,7.0,0,57
engr0,OP3,BIM,0.2,MIM,1.0,14.01639344262295,7.0,0,57
engr0,S7,BIM,0.2,MIM,1.0,14.01639344262295,7.0,0,57
engr0,BLU,BIM,0.3,MIM,0.1,2.0,1.0,0,17
engr0,HTC,BIM,0.3,MIM,0.1,2.0,1.0,0,17
engr0,LG,BIM,0.3,MIM,0.1,2.0,1.0,0,17
engr0,MOTO,BIM,0.3,MIM,0.1,2.0,1.0,0,17
engr0,OP3,BIM,0.3,MIM,0.1,2.0,1.0,0,17
engr0,S7,BIM,0.3,MIM,0.1,2.0,1.0,0,17
engr0,BLU,BIM,0.3,MIM,0.2,7.60655737704918,3.0,0,57
engr0,HTC,BIM,0.3,MIM,0.2,7.60655737704918,3.0,0,57
engr0,LG,BIM,0.3,MIM,0.2,7.60655737704918,3.0,0,57
engr0,MOTO,BIM,0.3,MIM,0.2,7.60655737704918,3.0,0,57
engr0,OP3,BIM,0.3,MIM,0.2,7.60655737704918,3.0,0,57
engr0,S7,BIM,0.3,MIM,0.2,7.60655737704918,3.0,0,57
engr0,BLU,BIM,0.3,MIM,0.3,12.770491803278688,6.0,0,56
engr0,HTC,BIM,0.3,MIM,0.3,12.770491803278688,6.0,0,56
engr0,LG,BIM,0.3,MIM,0.3,12.770491803278688,6.0,0,56
engr0,MOTO,BIM,0.3,MIM,0.3,12.770491803278688,6.0,0,56
engr0,OP3,BIM,0.3,MIM,0.3,12.770491803278688,6.0,0,56
engr0,S7,BIM,0.3,MIM,0.3,12.770491803278688,6.0,0,56
engr0,BLU,BIM,0.3,MIM,0.4,14.852459016393443,8.0,0,57
engr0,HTC,BIM,0.3,MIM,0.4,14.852459016393443,8.0,0,57
engr0,LG,BIM,0.3,MIM,0.4,14.852459016393443,8.0,0,57
engr0,MOTO,BIM,0.3,MIM,0.4,14.852459016393443,8.0,0,57
engr0,OP3,BIM,0.3,MIM,0.4,14.852459016393443,8.0,0,57
engr0,S7,BIM,0.3,MIM,0.4,14.852459016393443,8.0,0,57
engr0,BLU,BIM,0.3,MIM,0.5,14.852459016393443,8.0,0,57
engr0,HTC,BIM,0.3,MIM,0.5,14.852459016393443,8.0,0,57
engr0,LG,BIM,0.3,MIM,0.5,14.852459016393443,8.0,0,57
engr0,MOTO,BIM,0.3,MIM,0.5,14.852459016393443,8.0,0,57
engr0,OP3,BIM,0.3,MIM,0.5,14.852459016393443,8.0,0,57
engr0,S7,BIM,0.3,MIM,0.5,14.852459016393443,8.0,0,57
engr0,BLU,BIM,0.3,MIM,0.6,14.852459016393443,8.0,0,57
engr0,HTC,BIM,0.3,MIM,0.6,14.852459016393443,8.0,0,57
engr0,LG,BIM,0.3,MIM,0.6,14.852459016393443,8.0,0,57
engr0,MOTO,BIM,0.3,MIM,0.6,14.852459016393443,8.0,0,57
engr0,OP3,BIM,0.3,MIM,0.6,14.852459016393443,8.0,0,57
engr0,S7,BIM,0.3,MIM,0.6,14.852459016393443,8.0,0,57
engr0,BLU,BIM,0.3,MIM,0.7,14.852459016393443,8.0,0,57
engr0,HTC,BIM,0.3,MIM,0.7,14.852459016393443,8.0,0,57
engr0,LG,BIM,0.3,MIM,0.7,14.852459016393443,8.0,0,57
engr0,MOTO,BIM,0.3,MIM,0.7,14.852459016393443,8.0,0,57
engr0,OP3,BIM,0.3,MIM,0.7,14.852459016393443,8.0,0,57
engr0,S7,BIM,0.3,MIM,0.7,14.852459016393443,8.0,0,57
engr0,BLU,BIM,0.3,MIM,0.8,14.852459016393443,8.0,0,57
engr0,HTC,BIM,0.3,MIM,0.8,14.852459016393443,8.0,0,57
engr0,LG,BIM,0.3,MIM,0.8,14.852459016393443,8.0,0,57
engr0,MOTO,BIM,0.3,MIM,0.8,14.852459016393443,8.0,0,57
engr0,OP3,BIM,0.3,MIM,0.8,14.852459016393443,8.0,0,57
engr0,S7,BIM,0.3,MIM,0.8,14.852459016393443,8.0,0,57
engr0,BLU,BIM,0.3,MIM,0.9,14.852459016393443,8.0,0,57
engr0,HTC,BIM,0.3,MIM,0.9,14.852459016393443,8.0,0,57
engr0,LG,BIM,0.3,MIM,0.9,14.852459016393443,8.0,0,57
engr0,MOTO,BIM,0.3,MIM,0.9,14.852459016393443,8.0,0,57
engr0,OP3,BIM,0.3,MIM,0.9,14.852459016393443,8.0,0,57
engr0,S7,BIM,0.3,MIM,0.9,14.852459016393443,8.0,0,57
engr0,BLU,BIM,0.3,MIM,1.0,14.852459016393443,8.0,0,57
engr0,HTC,BIM,0.3,MIM,1.0,14.852459016393443,8.0,0,57
engr0,LG,BIM,0.3,MIM,1.0,14.852459016393443,8.0,0,57
engr0,MOTO,BIM,0.3,MIM,1.0,14.852459016393443,8.0,0,57
engr0,OP3,BIM,0.3,MIM,1.0,14.852459016393443,8.0,0,57
engr0,S7,BIM,0.3,MIM,1.0,14.852459016393443,8.0,0,57
engr0,BLU,BIM,0.4,MIM,0.1,2.3114754098360657,1.0,0,24
engr0,HTC,BIM,0.4,MIM,0.1,2.3114754098360657,1.0,0,24
engr0,LG,BIM,0.4,MIM,0.1,2.3114754098360657,1.0,0,24
engr0,MOTO,BIM,0.4,MIM,0.1,2.3114754098360657,1.0,0,24
engr0,OP3,BIM,0.4,MIM,0.1,2.3114754098360657,1.0,0,24
engr0,S7,BIM,0.4,MIM,0.1,2.3114754098360657,1.0,0,24
engr0,BLU,BIM,0.4,MIM,0.2,7.327868852459017,3.0,0,56
engr0,HTC,BIM,0.4,MIM,0.2,7.327868852459017,3.0,0,56
engr0,LG,BIM,0.4,MIM,0.2,7.327868852459017,3.0,0,56
engr0,MOTO,BIM,0.4,MIM,0.2,7.327868852459017,3.0,0,56
engr0,OP3,BIM,0.4,MIM,0.2,7.327868852459017,3.0,0,56
engr0,S7,BIM,0.4,MIM,0.2,7.327868852459017,3.0,0,56
engr0,BLU,BIM,0.4,MIM,0.3,11.688524590163935,5.0,0,57
engr0,HTC,BIM,0.4,MIM,0.3,11.688524590163935,5.0,0,57
engr0,LG,BIM,0.4,MIM,0.3,11.688524590163935,5.0,0,57
engr0,MOTO,BIM,0.4,MIM,0.3,11.688524590163935,5.0,0,57
engr0,OP3,BIM,0.4,MIM,0.3,11.688524590163935,5.0,0,57
engr0,S7,BIM,0.4,MIM,0.3,11.688524590163935,5.0,0,57
engr0,BLU,BIM,0.4,MIM,0.4,14.163934426229508,7.0,0,58
engr0,HTC,BIM,0.4,MIM,0.4,14.163934426229508,7.0,0,58
engr0,LG,BIM,0.4,MIM,0.4,14.163934426229508,7.0,0,58
engr0,MOTO,BIM,0.4,MIM,0.4,14.163934426229508,7.0,0,58
engr0,OP3,BIM,0.4,MIM,0.4,14.163934426229508,7.0,0,58
engr0,S7,BIM,0.4,MIM,0.4,14.163934426229508,7.0,0,58
engr0,BLU,BIM,0.4,MIM,0.5,14.163934426229508,7.0,0,58
engr0,HTC,BIM,0.4,MIM,0.5,14.163934426229508,7.0,0,58
engr0,LG,BIM,0.4,MIM,0.5,14.163934426229508,7.0,0,58
engr0,MOTO,BIM,0.4,MIM,0.5,14.163934426229508,7.0,0,58
engr0,OP3,BIM,0.4,MIM,0.5,14.163934426229508,7.0,0,58
engr0,S7,BIM,0.4,MIM,0.5,14.163934426229508,7.0,0,58
engr0,BLU,BIM,0.4,MIM,0.6,14.163934426229508,7.0,0,58
engr0,HTC,BIM,0.4,MIM,0.6,14.163934426229508,7.0,0,58
engr0,LG,BIM,0.4,MIM,0.6,14.163934426229508,7.0,0,58
engr0,MOTO,BIM,0.4,MIM,0.6,14.163934426229508,7.0,0,58
engr0,OP3,BIM,0.4,MIM,0.6,14.163934426229508,7.0,0,58
engr0,S7,BIM,0.4,MIM,0.6,14.163934426229508,7.0,0,58
engr0,BLU,BIM,0.4,MIM,0.7,14.163934426229508,7.0,0,58
engr0,HTC,BIM,0.4,MIM,0.7,14.163934426229508,7.0,0,58
engr0,LG,BIM,0.4,MIM,0.7,14.163934426229508,7.0,0,58
engr0,MOTO,BIM,0.4,MIM,0.7,14.163934426229508,7.0,0,58
engr0,OP3,BIM,0.4,MIM,0.7,14.163934426229508,7.0,0,58
engr0,S7,BIM,0.4,MIM,0.7,14.163934426229508,7.0,0,58
engr0,BLU,BIM,0.4,MIM,0.8,14.163934426229508,7.0,0,58
engr0,HTC,BIM,0.4,MIM,0.8,14.163934426229508,7.0,0,58
engr0,LG,BIM,0.4,MIM,0.8,14.163934426229508,7.0,0,58
engr0,MOTO,BIM,0.4,MIM,0.8,14.163934426229508,7.0,0,58
engr0,OP3,BIM,0.4,MIM,0.8,14.163934426229508,7.0,0,58
engr0,S7,BIM,0.4,MIM,0.8,14.163934426229508,7.0,0,58
engr0,BLU,BIM,0.4,MIM,0.9,14.163934426229508,7.0,0,58
engr0,HTC,BIM,0.4,MIM,0.9,14.163934426229508,7.0,0,58
engr0,LG,BIM,0.4,MIM,0.9,14.163934426229508,7.0,0,58
engr0,MOTO,BIM,0.4,MIM,0.9,14.163934426229508,7.0,0,58
engr0,OP3,BIM,0.4,MIM,0.9,14.163934426229508,7.0,0,58
engr0,S7,BIM,0.4,MIM,0.9,14.163934426229508,7.0,0,58
engr0,BLU,BIM,0.4,MIM,1.0,14.163934426229508,7.0,0,58
engr0,HTC,BIM,0.4,MIM,1.0,14.163934426229508,7.0,0,58
engr0,LG,BIM,0.4,MIM,1.0,14.163934426229508,7.0,0,58
engr0,MOTO,BIM,0.4,MIM,1.0,14.163934426229508,7.0,0,58
engr0,OP3,BIM,0.4,MIM,1.0,14.163934426229508,7.0,0,58
engr0,S7,BIM,0.4,MIM,1.0,14.163934426229508,7.0,0,58
engr0,BLU,BIM,0.5,MIM,0.1,4.524590163934426,2.0,0,47
engr0,HTC,BIM,0.5,MIM,0.1,4.524590163934426,2.0,0,47
engr0,LG,BIM,0.5,MIM,0.1,4.524590163934426,2.0,0,47
engr0,MOTO,BIM,0.5,MIM,0.1,4.524590163934426,2.0,0,47
engr0,OP3,BIM,0.5,MIM,0.1,4.524590163934426,2.0,0,47
engr0,S7,BIM,0.5,MIM,0.1,4.524590163934426,2.0,0,47
engr0,BLU,BIM,0.5,MIM,0.2,10.508196721311476,4.0,0,57
engr0,HTC,BIM,0.5,MIM,0.2,10.508196721311476,4.0,0,57
engr0,LG,BIM,0.5,MIM,0.2,10.508196721311476,4.0,0,57
engr0,MOTO,BIM,0.5,MIM,0.2,10.508196721311476,4.0,0,57
engr0,OP3,BIM,0.5,MIM,0.2,10.508196721311476,4.0,0,57
engr0,S7,BIM,0.5,MIM,0.2,10.508196721311476,4.0,0,57
engr0,BLU,BIM,0.5,MIM,0.3,13.360655737704919,6.0,0,59
engr0,HTC,BIM,0.5,MIM,0.3,13.360655737704919,6.0,0,59
engr0,LG,BIM,0.5,MIM,0.3,13.360655737704919,6.0,0,59
engr0,MOTO,BIM,0.5,MIM,0.3,13.360655737704919,6.0,0,59
engr0,OP3,BIM,0.5,MIM,0.3,13.360655737704919,6.0,0,59
engr0,S7,BIM,0.5,MIM,0.3,13.360655737704919,6.0,0,59
engr0,BLU,BIM,0.5,MIM,0.4,15.032786885245901,6.0,0,57
engr0,HTC,BIM,0.5,MIM,0.4,15.032786885245901,6.0,0,57
engr0,LG,BIM,0.5,MIM,0.4,15.032786885245901,6.0,0,57
engr0,MOTO,BIM,0.5,MIM,0.4,15.032786885245901,6.0,0,57
engr0,OP3,BIM,0.5,MIM,0.4,15.032786885245901,6.0,0,57
engr0,S7,BIM,0.5,MIM,0.4,15.032786885245901,6.0,0,57
engr0,BLU,BIM,0.5,MIM,0.5,15.032786885245901,6.0,0,57
engr0,HTC,BIM,0.5,MIM,0.5,15.032786885245901,6.0,0,57
engr0,LG,BIM,0.5,MIM,0.5,15.032786885245901,6.0,0,57
engr0,MOTO,BIM,0.5,MIM,0.5,15.032786885245901,6.0,0,57
engr0,OP3,BIM,0.5,MIM,0.5,15.032786885245901,6.0,0,57
engr0,S7,BIM,0.5,MIM,0.5,15.032786885245901,6.0,0,57
engr0,BLU,BIM,0.5,MIM,0.6,15.032786885245901,6.0,0,57
engr0,HTC,BIM,0.5,MIM,0.6,15.032786885245901,6.0,0,57
engr0,LG,BIM,0.5,MIM,0.6,15.032786885245901,6.0,0,57
engr0,MOTO,BIM,0.5,MIM,0.6,15.032786885245901,6.0,0,57
engr0,OP3,BIM,0.5,MIM,0.6,15.032786885245901,6.0,0,57
engr0,S7,BIM,0.5,MIM,0.6,15.032786885245901,6.0,0,57
engr0,BLU,BIM,0.5,MIM,0.7,15.032786885245901,6.0,0,57
engr0,HTC,BIM,0.5,MIM,0.7,15.032786885245901,6.0,0,57
engr0,LG,BIM,0.5,MIM,0.7,15.032786885245901,6.0,0,57
engr0,MOTO,BIM,0.5,MIM,0.7,15.032786885245901,6.0,0,57
engr0,OP3,BIM,0.5,MIM,0.7,15.032786885245901,6.0,0,57
engr0,S7,BIM,0.5,MIM,0.7,15.032786885245901,6.0,0,57
engr0,BLU,BIM,0.5,MIM,0.8,15.032786885245901,6.0,0,57
engr0,HTC,BIM,0.5,MIM,0.8,15.032786885245901,6.0,0,57
engr0,LG,BIM,0.5,MIM,0.8,15.032786885245901,6.0,0,57
engr0,MOTO,BIM,0.5,MIM,0.8,15.032786885245901,6.0,0,57
engr0,OP3,BIM,0.5,MIM,0.8,15.032786885245901,6.0,0,57
engr0,S7,BIM,0.5,MIM,0.8,15.032786885245901,6.0,0,57
engr0,BLU,BIM,0.5,MIM,0.9,15.032786885245901,6.0,0,57
engr0,HTC,BIM,0.5,MIM,0.9,15.032786885245901,6.0,0,57
engr0,LG,BIM,0.5,MIM,0.9,15.032786885245901,6.0,0,57
engr0,MOTO,BIM,0.5,MIM,0.9,15.032786885245901,6.0,0,57
engr0,OP3,BIM,0.5,MIM,0.9,15.032786885245901,6.0,0,57
engr0,S7,BIM,0.5,MIM,0.9,15.032786885245901,6.0,0,57
engr0,BLU,BIM,0.5,MIM,1.0,15.032786885245901,6.0,0,57
engr0,HTC,BIM,0.5,MIM,1.0,15.032786885245901,6.0,0,57
engr0,LG,BIM,0.5,MIM,1.0,15.032786885245901,6.0,0,57
engr0,MOTO,BIM,0.5,MIM,1.0,15.032786885245901,6.0,0,57
engr0,OP3,BIM,0.5,MIM,1.0,15.032786885245901,6.0,0,57
engr0,S7,BIM,0.5,MIM,1.0,15.032786885245901,6.0,0,57
engr0,BLU,BIM,0.6,MIM,0.1,2.737704918032787,1.0,0,45
engr0,HTC,BIM,0.6,MIM,0.1,2.737704918032787,1.0,0,45
engr0,LG,BIM,0.6,MIM,0.1,2.737704918032787,1.0,0,45
engr0,MOTO,BIM,0.6,MIM,0.1,2.737704918032787,1.0,0,45
engr0,OP3,BIM,0.6,MIM,0.1,2.737704918032787,1.0,0,45
engr0,S7,BIM,0.6,MIM,0.1,2.737704918032787,1.0,0,45
engr0,BLU,BIM,0.6,MIM,0.2,7.950819672131147,4.0,0,57
engr0,HTC,BIM,0.6,MIM,0.2,7.950819672131147,4.0,0,57
engr0,LG,BIM,0.6,MIM,0.2,7.950819672131147,4.0,0,57
engr0,MOTO,BIM,0.6,MIM,0.2,7.950819672131147,4.0,0,57
engr0,OP3,BIM,0.6,MIM,0.2,7.950819672131147,4.0,0,57
engr0,S7,BIM,0.6,MIM,0.2,7.950819672131147,4.0,0,57
engr0,BLU,BIM,0.6,MIM,0.3,12.770491803278688,6.0,0,57
engr0,HTC,BIM,0.6,MIM,0.3,12.770491803278688,6.0,0,57
engr0,LG,BIM,0.6,MIM,0.3,12.770491803278688,6.0,0,57
engr0,MOTO,BIM,0.6,MIM,0.3,12.770491803278688,6.0,0,57
engr0,OP3,BIM,0.6,MIM,0.3,12.770491803278688,6.0,0,57
engr0,S7,BIM,0.6,MIM,0.3,12.770491803278688,6.0,0,57
engr0,BLU,BIM,0.6,MIM,0.4,15.278688524590164,8.0,0,57
engr0,HTC,BIM,0.6,MIM,0.4,15.278688524590164,8.0,0,57
engr0,LG,BIM,0.6,MIM,0.4,15.278688524590164,8.0,0,57
engr0,MOTO,BIM,0.6,MIM,0.4,15.278688524590164,8.0,0,57
engr0,OP3,BIM,0.6,MIM,0.4,15.278688524590164,8.0,0,57
engr0,S7,BIM,0.6,MIM,0.4,15.278688524590164,8.0,0,57
engr0,BLU,BIM,0.6,MIM,0.5,15.278688524590164,8.0,0,57
engr0,HTC,BIM,0.6,MIM,0.5,15.278688524590164,8.0,0,57
engr0,LG,BIM,0.6,MIM,0.5,15.278688524590164,8.0,0,57
engr0,MOTO,BIM,0.6,MIM,0.5,15.278688524590164,8.0,0,57
engr0,OP3,BIM,0.6,MIM,0.5,15.278688524590164,8.0,0,57
engr0,S7,BIM,0.6,MIM,0.5,15.278688524590164,8.0,0,57
engr0,BLU,BIM,0.6,MIM,0.6,15.278688524590164,8.0,0,57
engr0,HTC,BIM,0.6,MIM,0.6,15.278688524590164,8.0,0,57
engr0,LG,BIM,0.6,MIM,0.6,15.278688524590164,8.0,0,57
engr0,MOTO,BIM,0.6,MIM,0.6,15.278688524590164,8.0,0,57
engr0,OP3,BIM,0.6,MIM,0.6,15.278688524590164,8.0,0,57
engr0,S7,BIM,0.6,MIM,0.6,15.278688524590164,8.0,0,57
engr0,BLU,BIM,0.6,MIM,0.7,15.278688524590164,8.0,0,57
engr0,HTC,BIM,0.6,MIM,0.7,15.278688524590164,8.0,0,57
engr0,LG,BIM,0.6,MIM,0.7,15.278688524590164,8.0,0,57
engr0,MOTO,BIM,0.6,MIM,0.7,15.278688524590164,8.0,0,57
engr0,OP3,BIM,0.6,MIM,0.7,15.278688524590164,8.0,0,57
engr0,S7,BIM,0.6,MIM,0.7,15.278688524590164,8.0,0,57
engr0,BLU,BIM,0.6,MIM,0.8,15.278688524590164,8.0,0,57
engr0,HTC,BIM,0.6,MIM,0.8,15.278688524590164,8.0,0,57
engr0,LG,BIM,0.6,MIM,0.8,15.278688524590164,8.0,0,57
engr0,MOTO,BIM,0.6,MIM,0.8,15.278688524590164,8.0,0,57
engr0,OP3,BIM,0.6,MIM,0.8,15.278688524590164,8.0,0,57
engr0,S7,BIM,0.6,MIM,0.8,15.278688524590164,8.0,0,57
engr0,BLU,BIM,0.6,MIM,0.9,15.278688524590164,8.0,0,57
engr0,HTC,BIM,0.6,MIM,0.9,15.278688524590164,8.0,0,57
engr0,LG,BIM,0.6,MIM,0.9,15.278688524590164,8.0,0,57
engr0,MOTO,BIM,0.6,MIM,0.9,15.278688524590164,8.0,0,57
engr0,OP3,BIM,0.6,MIM,0.9,15.278688524590164,8.0,0,57
engr0,S7,BIM,0.6,MIM,0.9,15.278688524590164,8.0,0,57
engr0,BLU,BIM,0.6,MIM,1.0,15.278688524590164,8.0,0,57
engr0,HTC,BIM,0.6,MIM,1.0,15.278688524590164,8.0,0,57
engr0,LG,BIM,0.6,MIM,1.0,15.278688524590164,8.0,0,57
engr0,MOTO,BIM,0.6,MIM,1.0,15.278688524590164,8.0,0,57
engr0,OP3,BIM,0.6,MIM,1.0,15.278688524590164,8.0,0,57
engr0,S7,BIM,0.6,MIM,1.0,15.278688524590164,8.0,0,57
engr0,BLU,BIM,0.7,MIM,0.1,2.098360655737705,1.0,0,17
engr0,HTC,BIM,0.7,MIM,0.1,2.098360655737705,1.0,0,17
engr0,LG,BIM,0.7,MIM,0.1,2.098360655737705,1.0,0,17
engr0,MOTO,BIM,0.7,MIM,0.1,2.098360655737705,1.0,0,17
engr0,OP3,BIM,0.7,MIM,0.1,2.098360655737705,1.0,0,17
engr0,S7,BIM,0.7,MIM,0.1,2.098360655737705,1.0,0,17
engr0,BLU,BIM,0.7,MIM,0.2,5.573770491803279,3.0,0,46
engr0,HTC,BIM,0.7,MIM,0.2,5.573770491803279,3.0,0,46
engr0,LG,BIM,0.7,MIM,0.2,5.573770491803279,3.0,0,46
engr0,MOTO,BIM,0.7,MIM,0.2,5.573770491803279,3.0,0,46
engr0,OP3,BIM,0.7,MIM,0.2,5.573770491803279,3.0,0,46
engr0,S7,BIM,0.7,MIM,0.2,5.573770491803279,3.0,0,46
engr0,BLU,BIM,0.7,MIM,0.3,9.01639344262295,4.0,0,47
engr0,HTC,BIM,0.7,MIM,0.3,9.01639344262295,4.0,0,47
engr0,LG,BIM,0.7,MIM,0.3,9.01639344262295,4.0,0,47
engr0,MOTO,BIM,0.7,MIM,0.3,9.01639344262295,4.0,0,47
engr0,OP3,BIM,0.7,MIM,0.3,9.01639344262295,4.0,0,47
engr0,S7,BIM,0.7,MIM,0.3,9.01639344262295,4.0,0,47
engr0,BLU,BIM,0.7,MIM,0.4,11.60655737704918,7.0,0,57
engr0,HTC,BIM,0.7,MIM,0.4,11.60655737704918,7.0,0,57
engr0,LG,BIM,0.7,MIM,0.4,11.60655737704918,7.0,0,57
engr0,MOTO,BIM,0.7,MIM,0.4,11.60655737704918,7.0,0,57
engr0,OP3,BIM,0.7,MIM,0.4,11.60655737704918,7.0,0,57
engr0,S7,BIM,0.7,MIM,0.4,11.60655737704918,7.0,0,57
engr0,BLU,BIM,0.7,MIM,0.5,11.60655737704918,7.0,0,57
engr0,HTC,BIM,0.7,MIM,0.5,11.60655737704918,7.0,0,57
engr0,LG,BIM,0.7,MIM,0.5,11.60655737704918,7.0,0,57
engr0,MOTO,BIM,0.7,MIM,0.5,11.60655737704918,7.0,0,57
engr0,OP3,BIM,0.7,MIM,0.5,11.60655737704918,7.0,0,57
engr0,S7,BIM,0.7,MIM,0.5,11.60655737704918,7.0,0,57
engr0,BLU,BIM,0.7,MIM,0.6,11.60655737704918,7.0,0,57
engr0,HTC,BIM,0.7,MIM,0.6,11.60655737704918,7.0,0,57
engr0,LG,BIM,0.7,MIM,0.6,11.60655737704918,7.0,0,57
engr0,MOTO,BIM,0.7,MIM,0.6,11.60655737704918,7.0,0,57
engr0,OP3,BIM,0.7,MIM,0.6,11.60655737704918,7.0,0,57
engr0,S7,BIM,0.7,MIM,0.6,11.60655737704918,7.0,0,57
engr0,BLU,BIM,0.7,MIM,0.7,11.60655737704918,7.0,0,57
engr0,HTC,BIM,0.7,MIM,0.7,11.60655737704918,7.0,0,57
engr0,LG,BIM,0.7,MIM,0.7,11.60655737704918,7.0,0,57
engr0,MOTO,BIM,0.7,MIM,0.7,11.60655737704918,7.0,0,57
engr0,OP3,BIM,0.7,MIM,0.7,11.60655737704918,7.0,0,57
engr0,S7,BIM,0.7,MIM,0.7,11.60655737704918,7.0,0,57
engr0,BLU,BIM,0.7,MIM,0.8,11.60655737704918,7.0,0,57
engr0,HTC,BIM,0.7,MIM,0.8,11.60655737704918,7.0,0,57
engr0,LG,BIM,0.7,MIM,0.8,11.60655737704918,7.0,0,57
engr0,MOTO,BIM,0.7,MIM,0.8,11.60655737704918,7.0,0,57
engr0,OP3,BIM,0.7,MIM,0.8,11.60655737704918,7.0,0,57
engr0,S7,BIM,0.7,MIM,0.8,11.60655737704918,7.0,0,57
engr0,BLU,BIM,0.7,MIM,0.9,11.60655737704918,7.0,0,57
engr0,HTC,BIM,0.7,MIM,0.9,11.60655737704918,7.0,0,57
engr0,LG,BIM,0.7,MIM,0.9,11.60655737704918,7.0,0,57
engr0,MOTO,BIM,0.7,MIM,0.9,11.60655737704918,7.0,0,57
engr0,OP3,BIM,0.7,MIM,0.9,11.60655737704918,7.0,0,57
engr0,S7,BIM,0.7,MIM,0.9,11.60655737704918,7.0,0,57
engr0,BLU,BIM,0.7,MIM,1.0,11.60655737704918,7.0,0,57
engr0,HTC,BIM,0.7,MIM,1.0,11.60655737704918,7.0,0,57
engr0,LG,BIM,0.7,MIM,1.0,11.60655737704918,7.0,0,57
engr0,MOTO,BIM,0.7,MIM,1.0,11.60655737704918,7.0,0,57
engr0,OP3,BIM,0.7,MIM,1.0,11.60655737704918,7.0,0,57
engr0,S7,BIM,0.7,MIM,1.0,11.60655737704918,7.0,0,57
engr0,BLU,BIM,0.8,MIM,0.1,3.0,2.0,0,24
engr0,HTC,BIM,0.8,MIM,0.1,3.0,2.0,0,24
engr0,LG,BIM,0.8,MIM,0.1,3.0,2.0,0,24
engr0,MOTO,BIM,0.8,MIM,0.1,3.0,2.0,0,24
engr0,OP3,BIM,0.8,MIM,0.1,3.0,2.0,0,24
engr0,S7,BIM,0.8,MIM,0.1,3.0,2.0,0,24
engr0,BLU,BIM,0.8,MIM,0.2,7.213114754098361,2.0,0,57
engr0,HTC,BIM,0.8,MIM,0.2,7.213114754098361,2.0,0,57
engr0,LG,BIM,0.8,MIM,0.2,7.213114754098361,2.0,0,57
engr0,MOTO,BIM,0.8,MIM,0.2,7.213114754098361,2.0,0,57
engr0,OP3,BIM,0.8,MIM,0.2,7.213114754098361,2.0,0,57
engr0,S7,BIM,0.8,MIM,0.2,7.213114754098361,2.0,0,57
engr0,BLU,BIM,0.8,MIM,0.3,11.0,4.0,0,57
engr0,HTC,BIM,0.8,MIM,0.3,11.0,4.0,0,57
engr0,LG,BIM,0.8,MIM,0.3,11.0,4.0,0,57
engr0,MOTO,BIM,0.8,MIM,0.3,11.0,4.0,0,57
engr0,OP3,BIM,0.8,MIM,0.3,11.0,4.0,0,57
engr0,S7,BIM,0.8,MIM,0.3,11.0,4.0,0,57
engr0,BLU,BIM,0.8,MIM,0.4,15.245901639344263,7.0,0,57
engr0,HTC,BIM,0.8,MIM,0.4,15.245901639344263,7.0,0,57
engr0,LG,BIM,0.8,MIM,0.4,15.245901639344263,7.0,0,57
engr0,MOTO,BIM,0.8,MIM,0.4,15.245901639344263,7.0,0,57
engr0,OP3,BIM,0.8,MIM,0.4,15.245901639344263,7.0,0,57
engr0,S7,BIM,0.8,MIM,0.4,15.245901639344263,7.0,0,57
engr0,BLU,BIM,0.8,MIM,0.5,15.245901639344263,7.0,0,57
engr0,HTC,BIM,0.8,MIM,0.5,15.245901639344263,7.0,0,57
engr0,LG,BIM,0.8,MIM,0.5,15.245901639344263,7.0,0,57
engr0,MOTO,BIM,0.8,MIM,0.5,15.245901639344263,7.0,0,57
engr0,OP3,BIM,0.8,MIM,0.5,15.245901639344263,7.0,0,57
engr0,S7,BIM,0.8,MIM,0.5,15.245901639344263,7.0,0,57
engr0,BLU,BIM,0.8,MIM,0.6,15.245901639344263,7.0,0,57
engr0,HTC,BIM,0.8,MIM,0.6,15.245901639344263,7.0,0,57
engr0,LG,BIM,0.8,MIM,0.6,15.245901639344263,7.0,0,57
engr0,MOTO,BIM,0.8,MIM,0.6,15.245901639344263,7.0,0,57
engr0,OP3,BIM,0.8,MIM,0.6,15.245901639344263,7.0,0,57
engr0,S7,BIM,0.8,MIM,0.6,15.245901639344263,7.0,0,57
engr0,BLU,BIM,0.8,MIM,0.7,15.245901639344263,7.0,0,57
engr0,HTC,BIM,0.8,MIM,0.7,15.245901639344263,7.0,0,57
engr0,LG,BIM,0.8,MIM,0.7,15.245901639344263,7.0,0,57
engr0,MOTO,BIM,0.8,MIM,0.7,15.245901639344263,7.0,0,57
engr0,OP3,BIM,0.8,MIM,0.7,15.245901639344263,7.0,0,57
engr0,S7,BIM,0.8,MIM,0.7,15.245901639344263,7.0,0,57
engr0,BLU,BIM,0.8,MIM,0.8,15.245901639344263,7.0,0,57
engr0,HTC,BIM,0.8,MIM,0.8,15.245901639344263,7.0,0,57
engr0,LG,BIM,0.8,MIM,0.8,15.245901639344263,7.0,0,57
engr0,MOTO,BIM,0.8,MIM,0.8,15.245901639344263,7.0,0,57
engr0,OP3,BIM,0.8,MIM,0.8,15.245901639344263,7.0,0,57
engr0,S7,BIM,0.8,MIM,0.8,15.245901639344263,7.0,0,57
engr0,BLU,BIM,0.8,MIM,0.9,15.245901639344263,7.0,0,57
engr0,HTC,BIM,0.8,MIM,0.9,15.245901639344263,7.0,0,57
engr0,LG,BIM,0.8,MIM,0.9,15.245901639344263,7.0,0,57
engr0,MOTO,BIM,0.8,MIM,0.9,15.245901639344263,7.0,0,57
engr0,OP3,BIM,0.8,MIM,0.9,15.245901639344263,7.0,0,57
engr0,S7,BIM,0.8,MIM,0.9,15.245901639344263,7.0,0,57
engr0,BLU,BIM,0.8,MIM,1.0,15.245901639344263,7.0,0,57
engr0,HTC,BIM,0.8,MIM,1.0,15.245901639344263,7.0,0,57
engr0,LG,BIM,0.8,MIM,1.0,15.245901639344263,7.0,0,57
engr0,MOTO,BIM,0.8,MIM,1.0,15.245901639344263,7.0,0,57
engr0,OP3,BIM,0.8,MIM,1.0,15.245901639344263,7.0,0,57
engr0,S7,BIM,0.8,MIM,1.0,15.245901639344263,7.0,0,57
engr0,BLU,BIM,0.9,MIM,0.1,4.213114754098361,1.0,0,37
engr0,HTC,BIM,0.9,MIM,0.1,4.213114754098361,1.0,0,37
engr0,LG,BIM,0.9,MIM,0.1,4.213114754098361,1.0,0,37
engr0,MOTO,BIM,0.9,MIM,0.1,4.213114754098361,1.0,0,37
engr0,OP3,BIM,0.9,MIM,0.1,4.213114754098361,1.0,0,37
engr0,S7,BIM,0.9,MIM,0.1,4.213114754098361,1.0,0,37
engr0,BLU,BIM,0.9,MIM,0.2,7.770491803278689,3.0,0,51
engr0,HTC,BIM,0.9,MIM,0.2,7.770491803278689,3.0,0,51
engr0,LG,BIM,0.9,MIM,0.2,7.770491803278689,3.0,0,51
engr0,MOTO,BIM,0.9,MIM,0.2,7.770491803278689,3.0,0,51
engr0,OP3,BIM,0.9,MIM,0.2,7.770491803278689,3.0,0,51
engr0,S7,BIM,0.9,MIM,0.2,7.770491803278689,3.0,0,51
engr0,BLU,BIM,0.9,MIM,0.3,11.39344262295082,4.0,0,57
engr0,HTC,BIM,0.9,MIM,0.3,11.39344262295082,4.0,0,57
engr0,LG,BIM,0.9,MIM,0.3,11.39344262295082,4.0,0,57
engr0,MOTO,BIM,0.9,MIM,0.3,11.39344262295082,4.0,0,57
engr0,OP3,BIM,0.9,MIM,0.3,11.39344262295082,4.0,0,57
engr0,S7,BIM,0.9,MIM,0.3,11.39344262295082,4.0,0,57
engr0,BLU,BIM,0.9,MIM,0.4,13.475409836065573,6.0,0,57
engr0,HTC,BIM,0.9,MIM,0.4,13.475409836065573,6.0,0,57
engr0,LG,BIM,0.9,MIM,0.4,13.475409836065573,6.0,0,57
engr0,MOTO,BIM,0.9,MIM,0.4,13.475409836065573,6.0,0,57
engr0,OP3,BIM,0.9,MIM,0.4,13.475409836065573,6.0,0,57
engr0,S7,BIM,0.9,MIM,0.4,13.475409836065573,6.0,0,57
engr0,BLU,BIM,0.9,MIM,0.5,13.475409836065573,6.0,0,57
engr0,HTC,BIM,0.9,MIM,0.5,13.475409836065573,6.0,0,57
engr0,LG,BIM,0.9,MIM,0.5,13.475409836065573,6.0,0,57
engr0,MOTO,BIM,0.9,MIM,0.5,13.475409836065573,6.0,0,57
engr0,OP3,BIM,0.9,MIM,0.5,13.475409836065573,6.0,0,57
engr0,S7,BIM,0.9,MIM,0.5,13.475409836065573,6.0,0,57
engr0,BLU,BIM,0.9,MIM,0.6,13.475409836065573,6.0,0,57
engr0,HTC,BIM,0.9,MIM,0.6,13.475409836065573,6.0,0,57
engr0,LG,BIM,0.9,MIM,0.6,13.475409836065573,6.0,0,57
engr0,MOTO,BIM,0.9,MIM,0.6,13.475409836065573,6.0,0,57
engr0,OP3,BIM,0.9,MIM,0.6,13.475409836065573,6.0,0,57
engr0,S7,BIM,0.9,MIM,0.6,13.475409836065573,6.0,0,57
engr0,BLU,BIM,0.9,MIM,0.7,13.475409836065573,6.0,0,57
engr0,HTC,BIM,0.9,MIM,0.7,13.475409836065573,6.0,0,57
engr0,LG,BIM,0.9,MIM,0.7,13.475409836065573,6.0,0,57
engr0,MOTO,BIM,0.9,MIM,0.7,13.475409836065573,6.0,0,57
engr0,OP3,BIM,0.9,MIM,0.7,13.475409836065573,6.0,0,57
engr0,S7,BIM,0.9,MIM,0.7,13.475409836065573,6.0,0,57
engr0,BLU,BIM,0.9,MIM,0.8,13.475409836065573,6.0,0,57
engr0,HTC,BIM,0.9,MIM,0.8,13.475409836065573,6.0,0,57
engr0,LG,BIM,0.9,MIM,0.8,13.475409836065573,6.0,0,57
engr0,MOTO,BIM,0.9,MIM,0.8,13.475409836065573,6.0,0,57
engr0,OP3,BIM,0.9,MIM,0.8,13.475409836065573,6.0,0,57
engr0,S7,BIM,0.9,MIM,0.8,13.475409836065573,6.0,0,57
engr0,BLU,BIM,0.9,MIM,0.9,13.475409836065573,6.0,0,57
engr0,HTC,BIM,0.9,MIM,0.9,13.475409836065573,6.0,0,57
engr0,LG,BIM,0.9,MIM,0.9,13.475409836065573,6.0,0,57
engr0,MOTO,BIM,0.9,MIM,0.9,13.475409836065573,6.0,0,57
engr0,OP3,BIM,0.9,MIM,0.9,13.475409836065573,6.0,0,57
engr0,S7,BIM,0.9,MIM,0.9,13.475409836065573,6.0,0,57
engr0,BLU,BIM,0.9,MIM,1.0,13.475409836065573,6.0,0,57
engr0,HTC,BIM,0.9,MIM,1.0,13.475409836065573,6.0,0,57
engr0,LG,BIM,0.9,MIM,1.0,13.475409836065573,6.0,0,57
engr0,MOTO,BIM,0.9,MIM,1.0,13.475409836065573,6.0,0,57
engr0,OP3,BIM,0.9,MIM,1.0,13.475409836065573,6.0,0,57
engr0,S7,BIM,0.9,MIM,1.0,13.475409836065573,6.0,0,57
engr0,BLU,BIM,1.0,MIM,0.1,2.80327868852459,1.0,0,19
engr0,HTC,BIM,1.0,MIM,0.1,2.80327868852459,1.0,0,19
engr0,LG,BIM,1.0,MIM,0.1,2.80327868852459,1.0,0,19
engr0,MOTO,BIM,1.0,MIM,0.1,2.80327868852459,1.0,0,19
engr0,OP3,BIM,1.0,MIM,0.1,2.80327868852459,1.0,0,19
engr0,S7,BIM,1.0,MIM,0.1,2.80327868852459,1.0,0,19
engr0,BLU,BIM,1.0,MIM,0.2,8.442622950819672,3.0,0,51
engr0,HTC,BIM,1.0,MIM,0.2,8.442622950819672,3.0,0,51
engr0,LG,BIM,1.0,MIM,0.2,8.442622950819672,3.0,0,51
engr0,MOTO,BIM,1.0,MIM,0.2,8.442622950819672,3.0,0,51
engr0,OP3,BIM,1.0,MIM,0.2,8.442622950819672,3.0,0,51
engr0,S7,BIM,1.0,MIM,0.2,8.442622950819672,3.0,0,51
engr0,BLU,BIM,1.0,MIM,0.3,12.80327868852459,5.0,0,56
engr0,HTC,BIM,1.0,MIM,0.3,12.80327868852459,5.0,0,56
engr0,LG,BIM,1.0,MIM,0.3,12.80327868852459,5.0,0,56
engr0,MOTO,BIM,1.0,MIM,0.3,12.80327868852459,5.0,0,56
engr0,OP3,BIM,1.0,MIM,0.3,12.80327868852459,5.0,0,56
engr0,S7,BIM,1.0,MIM,0.3,12.80327868852459,5.0,0,56
engr0,BLU,BIM,1.0,MIM,0.4,13.163934426229508,6.0,0,55
engr0,HTC,BIM,1.0,MIM,0.4,13.163934426229508,6.0,0,55
engr0,LG,BIM,1.0,MIM,0.4,13.163934426229508,6.0,0,55
engr0,MOTO,BIM,1.0,MIM,0.4,13.163934426229508,6.0,0,55
engr0,OP3,BIM,1.0,MIM,0.4,13.163934426229508,6.0,0,55
engr0,S7,BIM,1.0,MIM,0.4,13.163934426229508,6.0,0,55
engr0,BLU,BIM,1.0,MIM,0.5,13.163934426229508,6.0,0,55
engr0,HTC,BIM,1.0,MIM,0.5,13.163934426229508,6.0,0,55
engr0,LG,BIM,1.0,MIM,0.5,13.163934426229508,6.0,0,55
engr0,MOTO,BIM,1.0,MIM,0.5,13.163934426229508,6.0,0,55
engr0,OP3,BIM,1.0,MIM,0.5,13.163934426229508,6.0,0,55
engr0,S7,BIM,1.0,MIM,0.5,13.163934426229508,6.0,0,55
engr0,BLU,BIM,1.0,MIM,0.6,13.163934426229508,6.0,0,55
engr0,HTC,BIM,1.0,MIM,0.6,13.163934426229508,6.0,0,55
engr0,LG,BIM,1.0,MIM,0.6,13.163934426229508,6.0,0,55
engr0,MOTO,BIM,1.0,MIM,0.6,13.163934426229508,6.0,0,55
engr0,OP3,BIM,1.0,MIM,0.6,13.163934426229508,6.0,0,55
engr0,S7,BIM,1.0,MIM,0.6,13.163934426229508,6.0,0,55
engr0,BLU,BIM,1.0,MIM,0.7,13.163934426229508,6.0,0,55
engr0,HTC,BIM,1.0,MIM,0.7,13.163934426229508,6.0,0,55
engr0,LG,BIM,1.0,MIM,0.7,13.163934426229508,6.0,0,55
engr0,MOTO,BIM,1.0,MIM,0.7,13.163934426229508,6.0,0,55
engr0,OP3,BIM,1.0,MIM,0.7,13.163934426229508,6.0,0,55
engr0,S7,BIM,1.0,MIM,0.7,13.163934426229508,6.0,0,55
engr0,BLU,BIM,1.0,MIM,0.8,13.163934426229508,6.0,0,55
engr0,HTC,BIM,1.0,MIM,0.8,13.163934426229508,6.0,0,55
engr0,LG,BIM,1.0,MIM,0.8,13.163934426229508,6.0,0,55
engr0,MOTO,BIM,1.0,MIM,0.8,13.163934426229508,6.0,0,55
engr0,OP3,BIM,1.0,MIM,0.8,13.163934426229508,6.0,0,55
engr0,S7,BIM,1.0,MIM,0.8,13.163934426229508,6.0,0,55
engr0,BLU,BIM,1.0,MIM,0.9,13.163934426229508,6.0,0,55
engr0,HTC,BIM,1.0,MIM,0.9,13.163934426229508,6.0,0,55
engr0,LG,BIM,1.0,MIM,0.9,13.163934426229508,6.0,0,55
engr0,MOTO,BIM,1.0,MIM,0.9,13.163934426229508,6.0,0,55
engr0,OP3,BIM,1.0,MIM,0.9,13.163934426229508,6.0,0,55
engr0,S7,BIM,1.0,MIM,0.9,13.163934426229508,6.0,0,55
engr0,BLU,BIM,1.0,MIM,1.0,13.163934426229508,6.0,0,55
engr0,HTC,BIM,1.0,MIM,1.0,13.163934426229508,6.0,0,55
engr0,LG,BIM,1.0,MIM,1.0,13.163934426229508,6.0,0,55
engr0,MOTO,BIM,1.0,MIM,1.0,13.163934426229508,6.0,0,55
engr0,OP3,BIM,1.0,MIM,1.0,13.163934426229508,6.0,0,55
engr0,S7,BIM,1.0,MIM,1.0,13.163934426229508,6.0,0,55
engr0,BLU,CW,0.1,MIM,0.1,17.491803278688526,15.0,0,49
engr0,HTC,CW,0.1,MIM,0.1,17.491803278688526,15.0,0,49
engr0,LG,CW,0.1,MIM,0.1,17.491803278688526,15.0,0,49
engr0,MOTO,CW,0.1,MIM,0.1,17.491803278688526,15.0,0,49
engr0,OP3,CW,0.1,MIM,0.1,17.491803278688526,15.0,0,49
engr0,S7,CW,0.1,MIM,0.1,17.491803278688526,15.0,0,49
engr0,BLU,CW,0.1,MIM,0.2,17.459016393442624,15.0,0,54
engr0,HTC,CW,0.1,MIM,0.2,17.459016393442624,15.0,0,54
engr0,LG,CW,0.1,MIM,0.2,17.459016393442624,15.0,0,54
engr0,MOTO,CW,0.1,MIM,0.2,17.459016393442624,15.0,0,54
engr0,OP3,CW,0.1,MIM,0.2,17.459016393442624,15.0,0,54
engr0,S7,CW,0.1,MIM,0.2,17.459016393442624,15.0,0,54
engr0,BLU,CW,0.1,MIM,0.3,19.950819672131146,17.0,0,53
engr0,HTC,CW,0.1,MIM,0.3,19.950819672131146,17.0,0,53
engr0,LG,CW,0.1,MIM,0.3,19.950819672131146,17.0,0,53
engr0,MOTO,CW,0.1,MIM,0.3,19.950819672131146,17.0,0,53
engr0,OP3,CW,0.1,MIM,0.3,19.950819672131146,17.0,0,53
engr0,S7,CW,0.1,MIM,0.3,19.950819672131146,17.0,0,53
engr0,BLU,CW,0.1,MIM,0.4,20.59016393442623,18.0,0,53
engr0,HTC,CW,0.1,MIM,0.4,20.59016393442623,18.0,0,53
engr0,LG,CW,0.1,MIM,0.4,20.59016393442623,18.0,0,53
engr0,MOTO,CW,0.1,MIM,0.4,20.59016393442623,18.0,0,53
engr0,OP3,CW,0.1,MIM,0.4,20.59016393442623,18.0,0,53
engr0,S7,CW,0.1,MIM,0.4,20.59016393442623,18.0,0,53
engr0,BLU,CW,0.1,MIM,0.5,20.59016393442623,18.0,0,53
engr0,HTC,CW,0.1,MIM,0.5,20.59016393442623,18.0,0,53
engr0,LG,CW,0.1,MIM,0.5,20.59016393442623,18.0,0,53
engr0,MOTO,CW,0.1,MIM,0.5,20.59016393442623,18.0,0,53
engr0,OP3,CW,0.1,MIM,0.5,20.59016393442623,18.0,0,53
engr0,S7,CW,0.1,MIM,0.5,20.59016393442623,18.0,0,53
engr0,BLU,CW,0.1,MIM,0.6,20.59016393442623,18.0,0,53
engr0,HTC,CW,0.1,MIM,0.6,20.59016393442623,18.0,0,53
engr0,LG,CW,0.1,MIM,0.6,20.59016393442623,18.0,0,53
engr0,MOTO,CW,0.1,MIM,0.6,20.59016393442623,18.0,0,53
engr0,OP3,CW,0.1,MIM,0.6,20.59016393442623,18.0,0,53
engr0,S7,CW,0.1,MIM,0.6,20.59016393442623,18.0,0,53
engr0,BLU,CW,0.1,MIM,0.7,20.59016393442623,18.0,0,53
engr0,HTC,CW,0.1,MIM,0.7,20.59016393442623,18.0,0,53
engr0,LG,CW,0.1,MIM,0.7,20.59016393442623,18.0,0,53
engr0,MOTO,CW,0.1,MIM,0.7,20.59016393442623,18.0,0,53
engr0,OP3,CW,0.1,MIM,0.7,20.59016393442623,18.0,0,53
engr0,S7,CW,0.1,MIM,0.7,20.59016393442623,18.0,0,53
engr0,BLU,CW,0.1,MIM,0.8,20.59016393442623,18.0,0,53
engr0,HTC,CW,0.1,MIM,0.8,20.59016393442623,18.0,0,53
engr0,LG,CW,0.1,MIM,0.8,20.59016393442623,18.0,0,53
engr0,MOTO,CW,0.1,MIM,0.8,20.59016393442623,18.0,0,53
engr0,OP3,CW,0.1,MIM,0.8,20.59016393442623,18.0,0,53
engr0,S7,CW,0.1,MIM,0.8,20.59016393442623,18.0,0,53
engr0,BLU,CW,0.1,MIM,0.9,20.59016393442623,18.0,0,53
engr0,HTC,CW,0.1,MIM,0.9,20.59016393442623,18.0,0,53
engr0,LG,CW,0.1,MIM,0.9,20.59016393442623,18.0,0,53
engr0,MOTO,CW,0.1,MIM,0.9,20.59016393442623,18.0,0,53
engr0,OP3,CW,0.1,MIM,0.9,20.59016393442623,18.0,0,53
engr0,S7,CW,0.1,MIM,0.9,20.59016393442623,18.0,0,53
engr0,BLU,CW,0.1,MIM,1.0,20.59016393442623,18.0,0,53
engr0,HTC,CW,0.1,MIM,1.0,20.59016393442623,18.0,0,53
engr0,LG,CW,0.1,MIM,1.0,20.59016393442623,18.0,0,53
engr0,MOTO,CW,0.1,MIM,1.0,20.59016393442623,18.0,0,53
engr0,OP3,CW,0.1,MIM,1.0,20.59016393442623,18.0,0,53
engr0,S7,CW,0.1,MIM,1.0,20.59016393442623,18.0,0,53
engr0,BLU,CW,0.2,MIM,0.1,16.540983606557376,14.0,0,49
engr0,HTC,CW,0.2,MIM,0.1,16.540983606557376,14.0,0,49
engr0,LG,CW,0.2,MIM,0.1,16.540983606557376,14.0,0,49
engr0,MOTO,CW,0.2,MIM,0.1,16.540983606557376,14.0,0,49
engr0,OP3,CW,0.2,MIM,0.1,16.540983606557376,14.0,0,49
engr0,S7,CW,0.2,MIM,0.1,16.540983606557376,14.0,0,49
engr0,BLU,CW,0.2,MIM,0.2,15.163934426229508,10.0,0,49
engr0,HTC,CW,0.2,MIM,0.2,15.163934426229508,10.0,0,49
engr0,LG,CW,0.2,MIM,0.2,15.163934426229508,10.0,0,49
engr0,MOTO,CW,0.2,MIM,0.2,15.163934426229508,10.0,0,49
engr0,OP3,CW,0.2,MIM,0.2,15.163934426229508,10.0,0,49
engr0,S7,CW,0.2,MIM,0.2,15.163934426229508,10.0,0,49
engr0,BLU,CW,0.2,MIM,0.3,16.16393442622951,11.0,0,49
engr0,HTC,CW,0.2,MIM,0.3,16.16393442622951,11.0,0,49
engr0,LG,CW,0.2,MIM,0.3,16.16393442622951,11.0,0,49
engr0,MOTO,CW,0.2,MIM,0.3,16.16393442622951,11.0,0,49
engr0,OP3,CW,0.2,MIM,0.3,16.16393442622951,11.0,0,49
engr0,S7,CW,0.2,MIM,0.3,16.16393442622951,11.0,0,49
engr0,BLU,CW,0.2,MIM,0.4,15.59016393442623,11.0,0,49
engr0,HTC,CW,0.2,MIM,0.4,15.59016393442623,11.0,0,49
engr0,LG,CW,0.2,MIM,0.4,15.59016393442623,11.0,0,49
engr0,MOTO,CW,0.2,MIM,0.4,15.59016393442623,11.0,0,49
engr0,OP3,CW,0.2,MIM,0.4,15.59016393442623,11.0,0,49
engr0,S7,CW,0.2,MIM,0.4,15.59016393442623,11.0,0,49
engr0,BLU,CW,0.2,MIM,0.5,15.59016393442623,11.0,0,49
engr0,HTC,CW,0.2,MIM,0.5,15.59016393442623,11.0,0,49
engr0,LG,CW,0.2,MIM,0.5,15.59016393442623,11.0,0,49
engr0,MOTO,CW,0.2,MIM,0.5,15.59016393442623,11.0,0,49
engr0,OP3,CW,0.2,MIM,0.5,15.59016393442623,11.0,0,49
engr0,S7,CW,0.2,MIM,0.5,15.59016393442623,11.0,0,49
engr0,BLU,CW,0.2,MIM,0.6,15.59016393442623,11.0,0,49
engr0,HTC,CW,0.2,MIM,0.6,15.59016393442623,11.0,0,49
engr0,LG,CW,0.2,MIM,0.6,15.59016393442623,11.0,0,49
engr0,MOTO,CW,0.2,MIM,0.6,15.59016393442623,11.0,0,49
engr0,OP3,CW,0.2,MIM,0.6,15.59016393442623,11.0,0,49
engr0,S7,CW,0.2,MIM,0.6,15.59016393442623,11.0,0,49
engr0,BLU,CW,0.2,MIM,0.7,15.59016393442623,11.0,0,49
engr0,HTC,CW,0.2,MIM,0.7,15.59016393442623,11.0,0,49
engr0,LG,CW,0.2,MIM,0.7,15.59016393442623,11.0,0,49
engr0,MOTO,CW,0.2,MIM,0.7,15.59016393442623,11.0,0,49
engr0,OP3,CW,0.2,MIM,0.7,15.59016393442623,11.0,0,49
engr0,S7,CW,0.2,MIM,0.7,15.59016393442623,11.0,0,49
engr0,BLU,CW,0.2,MIM,0.8,15.59016393442623,11.0,0,49
engr0,HTC,CW,0.2,MIM,0.8,15.59016393442623,11.0,0,49
engr0,LG,CW,0.2,MIM,0.8,15.59016393442623,11.0,0,49
engr0,MOTO,CW,0.2,MIM,0.8,15.59016393442623,11.0,0,49
engr0,OP3,CW,0.2,MIM,0.8,15.59016393442623,11.0,0,49
engr0,S7,CW,0.2,MIM,0.8,15.59016393442623,11.0,0,49
engr0,BLU,CW,0.2,MIM,0.9,15.59016393442623,11.0,0,49
engr0,HTC,CW,0.2,MIM,0.9,15.59016393442623,11.0,0,49
engr0,LG,CW,0.2,MIM,0.9,15.59016393442623,11.0,0,49
engr0,MOTO,CW,0.2,MIM,0.9,15.59016393442623,11.0,0,49
engr0,OP3,CW,0.2,MIM,0.9,15.59016393442623,11.0,0,49
engr0,S7,CW,0.2,MIM,0.9,15.59016393442623,11.0,0,49
engr0,BLU,CW,0.2,MIM,1.0,15.59016393442623,11.0,0,49
engr0,HTC,CW,0.2,MIM,1.0,15.59016393442623,11.0,0,49
engr0,LG,CW,0.2,MIM,1.0,15.59016393442623,11.0,0,49
engr0,MOTO,CW,0.2,MIM,1.0,15.59016393442623,11.0,0,49
engr0,OP3,CW,0.2,MIM,1.0,15.59016393442623,11.0,0,49
engr0,S7,CW,0.2,MIM,1.0,15.59016393442623,11.0,0,49
engr0,BLU,CW,0.3,MIM,0.1,18.983606557377048,16.0,1,58
engr0,HTC,CW,0.3,MIM,0.1,18.983606557377048,16.0,1,58
engr0,LG,CW,0.3,MIM,0.1,18.983606557377048,16.0,1,58
engr0,MOTO,CW,0.3,MIM,0.1,18.983606557377048,16.0,1,58
engr0,OP3,CW,0.3,MIM,0.1,18.983606557377048,16.0,1,58
engr0,S7,CW,0.3,MIM,0.1,18.983606557377048,16.0,1,58
engr0,BLU,CW,0.3,MIM,0.2,19.360655737704917,15.0,1,57
engr0,HTC,CW,0.3,MIM,0.2,19.360655737704917,15.0,1,57
engr0,LG,CW,0.3,MIM,0.2,19.360655737704917,15.0,1,57
engr0,MOTO,CW,0.3,MIM,0.2,19.360655737704917,15.0,1,57
engr0,OP3,CW,0.3,MIM,0.2,19.360655737704917,15.0,1,57
engr0,S7,CW,0.3,MIM,0.2,19.360655737704917,15.0,1,57
engr0,BLU,CW,0.3,MIM,0.3,21.83606557377049,18.0,0,59
engr0,HTC,CW,0.3,MIM,0.3,21.83606557377049,18.0,0,59
engr0,LG,CW,0.3,MIM,0.3,21.83606557377049,18.0,0,59
engr0,MOTO,CW,0.3,MIM,0.3,21.83606557377049,18.0,0,59
engr0,OP3,CW,0.3,MIM,0.3,21.83606557377049,18.0,0,59
engr0,S7,CW,0.3,MIM,0.3,21.83606557377049,18.0,0,59
engr0,BLU,CW,0.3,MIM,0.4,21.868852459016395,20.0,0,59
engr0,HTC,CW,0.3,MIM,0.4,21.868852459016395,20.0,0,59
engr0,LG,CW,0.3,MIM,0.4,21.868852459016395,20.0,0,59
engr0,MOTO,CW,0.3,MIM,0.4,21.868852459016395,20.0,0,59
engr0,OP3,CW,0.3,MIM,0.4,21.868852459016395,20.0,0,59
engr0,S7,CW,0.3,MIM,0.4,21.868852459016395,20.0,0,59
engr0,BLU,CW,0.3,MIM,0.5,21.868852459016395,20.0,0,59
engr0,HTC,CW,0.3,MIM,0.5,21.868852459016395,20.0,0,59
engr0,LG,CW,0.3,MIM,0.5,21.868852459016395,20.0,0,59
engr0,MOTO,CW,0.3,MIM,0.5,21.868852459016395,20.0,0,59
engr0,OP3,CW,0.3,MIM,0.5,21.868852459016395,20.0,0,59
engr0,S7,CW,0.3,MIM,0.5,21.868852459016395,20.0,0,59
engr0,BLU,CW,0.3,MIM,0.6,21.868852459016395,20.0,0,59
engr0,HTC,CW,0.3,MIM,0.6,21.868852459016395,20.0,0,59
engr0,LG,CW,0.3,MIM,0.6,21.868852459016395,20.0,0,59
engr0,MOTO,CW,0.3,MIM,0.6,21.868852459016395,20.0,0,59
engr0,OP3,CW,0.3,MIM,0.6,21.868852459016395,20.0,0,59
engr0,S7,CW,0.3,MIM,0.6,21.868852459016395,20.0,0,59
engr0,BLU,CW,0.3,MIM,0.7,21.868852459016395,20.0,0,59
engr0,HTC,CW,0.3,MIM,0.7,21.868852459016395,20.0,0,59
engr0,LG,CW,0.3,MIM,0.7,21.868852459016395,20.0,0,59
engr0,MOTO,CW,0.3,MIM,0.7,21.868852459016395,20.0,0,59
engr0,OP3,CW,0.3,MIM,0.7,21.868852459016395,20.0,0,59
engr0,S7,CW,0.3,MIM,0.7,21.868852459016395,20.0,0,59
engr0,BLU,CW,0.3,MIM,0.8,21.868852459016395,20.0,0,59
engr0,HTC,CW,0.3,MIM,0.8,21.868852459016395,20.0,0,59
engr0,LG,CW,0.3,MIM,0.8,21.868852459016395,20.0,0,59
engr0,MOTO,CW,0.3,MIM,0.8,21.868852459016395,20.0,0,59
engr0,OP3,CW,0.3,MIM,0.8,21.868852459016395,20.0,0,59
engr0,S7,CW,0.3,MIM,0.8,21.868852459016395,20.0,0,59
engr0,BLU,CW,0.3,MIM,0.9,21.868852459016395,20.0,0,59
engr0,HTC,CW,0.3,MIM,0.9,21.868852459016395,20.0,0,59
engr0,LG,CW,0.3,MIM,0.9,21.868852459016395,20.0,0,59
engr0,MOTO,CW,0.3,MIM,0.9,21.868852459016395,20.0,0,59
engr0,OP3,CW,0.3,MIM,0.9,21.868852459016395,20.0,0,59
engr0,S7,CW,0.3,MIM,0.9,21.868852459016395,20.0,0,59
engr0,BLU,CW,0.3,MIM,1.0,21.868852459016395,20.0,0,59
engr0,HTC,CW,0.3,MIM,1.0,21.868852459016395,20.0,0,59
engr0,LG,CW,0.3,MIM,1.0,21.868852459016395,20.0,0,59
engr0,MOTO,CW,0.3,MIM,1.0,21.868852459016395,20.0,0,59
engr0,OP3,CW,0.3,MIM,1.0,21.868852459016395,20.0,0,59
engr0,S7,CW,0.3,MIM,1.0,21.868852459016395,20.0,0,59
engr0,BLU,CW,0.4,MIM,0.1,16.737704918032787,12.0,0,49
engr0,HTC,CW,0.4,MIM,0.1,16.737704918032787,12.0,0,49
engr0,LG,CW,0.4,MIM,0.1,16.737704918032787,12.0,0,49
engr0,MOTO,CW,0.4,MIM,0.1,16.737704918032787,12.0,0,49
engr0,OP3,CW,0.4,MIM,0.1,16.737704918032787,12.0,0,49
engr0,S7,CW,0.4,MIM,0.1,16.737704918032787,12.0,0,49
engr0,BLU,CW,0.4,MIM,0.2,15.950819672131148,13.0,0,48
engr0,HTC,CW,0.4,MIM,0.2,15.950819672131148,13.0,0,48
engr0,LG,CW,0.4,MIM,0.2,15.950819672131148,13.0,0,48
engr0,MOTO,CW,0.4,MIM,0.2,15.950819672131148,13.0,0,48
engr0,OP3,CW,0.4,MIM,0.2,15.950819672131148,13.0,0,48
engr0,S7,CW,0.4,MIM,0.2,15.950819672131148,13.0,0,48
engr0,BLU,CW,0.4,MIM,0.3,17.0,14.0,0,49
engr0,HTC,CW,0.4,MIM,0.3,17.0,14.0,0,49
engr0,LG,CW,0.4,MIM,0.3,17.0,14.0,0,49
engr0,MOTO,CW,0.4,MIM,0.3,17.0,14.0,0,49
engr0,OP3,CW,0.4,MIM,0.3,17.0,14.0,0,49
engr0,S7,CW,0.4,MIM,0.3,17.0,14.0,0,49
engr0,BLU,CW,0.4,MIM,0.4,16.688524590163933,14.0,0,47
engr0,HTC,CW,0.4,MIM,0.4,16.688524590163933,14.0,0,47
engr0,LG,CW,0.4,MIM,0.4,16.688524590163933,14.0,0,47
engr0,MOTO,CW,0.4,MIM,0.4,16.688524590163933,14.0,0,47
engr0,OP3,CW,0.4,MIM,0.4,16.688524590163933,14.0,0,47
engr0,S7,CW,0.4,MIM,0.4,16.688524590163933,14.0,0,47
engr0,BLU,CW,0.4,MIM,0.5,16.688524590163933,14.0,0,47
engr0,HTC,CW,0.4,MIM,0.5,16.688524590163933,14.0,0,47
engr0,LG,CW,0.4,MIM,0.5,16.688524590163933,14.0,0,47
engr0,MOTO,CW,0.4,MIM,0.5,16.688524590163933,14.0,0,47
engr0,OP3,CW,0.4,MIM,0.5,16.688524590163933,14.0,0,47
engr0,S7,CW,0.4,MIM,0.5,16.688524590163933,14.0,0,47
engr0,BLU,CW,0.4,MIM,0.6,16.688524590163933,14.0,0,47
engr0,HTC,CW,0.4,MIM,0.6,16.688524590163933,14.0,0,47
engr0,LG,CW,0.4,MIM,0.6,16.688524590163933,14.0,0,47
engr0,MOTO,CW,0.4,MIM,0.6,16.688524590163933,14.0,0,47
engr0,OP3,CW,0.4,MIM,0.6,16.688524590163933,14.0,0,47
engr0,S7,CW,0.4,MIM,0.6,16.688524590163933,14.0,0,47
engr0,BLU,CW,0.4,MIM,0.7,16.688524590163933,14.0,0,47
engr0,HTC,CW,0.4,MIM,0.7,16.688524590163933,14.0,0,47
engr0,LG,CW,0.4,MIM,0.7,16.688524590163933,14.0,0,47
engr0,MOTO,CW,0.4,MIM,0.7,16.688524590163933,14.0,0,47
engr0,OP3,CW,0.4,MIM,0.7,16.688524590163933,14.0,0,47
engr0,S7,CW,0.4,MIM,0.7,16.688524590163933,14.0,0,47
engr0,BLU,CW,0.4,MIM,0.8,16.688524590163933,14.0,0,47
engr0,HTC,CW,0.4,MIM,0.8,16.688524590163933,14.0,0,47
engr0,LG,CW,0.4,MIM,0.8,16.688524590163933,14.0,0,47
engr0,MOTO,CW,0.4,MIM,0.8,16.688524590163933,14.0,0,47
engr0,OP3,CW,0.4,MIM,0.8,16.688524590163933,14.0,0,47
engr0,S7,CW,0.4,MIM,0.8,16.688524590163933,14.0,0,47
engr0,BLU,CW,0.4,MIM,0.9,16.688524590163933,14.0,0,47
engr0,HTC,CW,0.4,MIM,0.9,16.688524590163933,14.0,0,47
engr0,LG,CW,0.4,MIM,0.9,16.688524590163933,14.0,0,47
engr0,MOTO,CW,0.4,MIM,0.9,16.688524590163933,14.0,0,47
engr0,OP3,CW,0.4,MIM,0.9,16.688524590163933,14.0,0,47
engr0,S7,CW,0.4,MIM,0.9,16.688524590163933,14.0,0,47
engr0,BLU,CW,0.4,MIM,1.0,16.688524590163933,14.0,0,47
engr0,HTC,CW,0.4,MIM,1.0,16.688524590163933,14.0,0,47
engr0,LG,CW,0.4,MIM,1.0,16.688524590163933,14.0,0,47
engr0,MOTO,CW,0.4,MIM,1.0,16.688524590163933,14.0,0,47
engr0,OP3,CW,0.4,MIM,1.0,16.688524590163933,14.0,0,47
engr0,S7,CW,0.4,MIM,1.0,16.688524590163933,14.0,0,47
engr0,BLU,CW,0.5,MIM,0.1,16.81967213114754,15.0,0,49
engr0,HTC,CW,0.5,MIM,0.1,16.81967213114754,15.0,0,49
engr0,LG,CW,0.5,MIM,0.1,16.81967213114754,15.0,0,49
engr0,MOTO,CW,0.5,MIM,0.1,16.81967213114754,15.0,0,49
engr0,OP3,CW,0.5,MIM,0.1,16.81967213114754,15.0,0,49
engr0,S7,CW,0.5,MIM,0.1,16.81967213114754,15.0,0,49
engr0,BLU,CW,0.5,MIM,0.2,17.60655737704918,16.0,0,49
engr0,HTC,CW,0.5,MIM,0.2,17.60655737704918,16.0,0,49
engr0,LG,CW,0.5,MIM,0.2,17.60655737704918,16.0,0,49
engr0,MOTO,CW,0.5,MIM,0.2,17.60655737704918,16.0,0,49
engr0,OP3,CW,0.5,MIM,0.2,17.60655737704918,16.0,0,49
engr0,S7,CW,0.5,MIM,0.2,17.60655737704918,16.0,0,49
engr0,BLU,CW,0.5,MIM,0.3,19.24590163934426,17.0,0,53
engr0,HTC,CW,0.5,MIM,0.3,19.24590163934426,17.0,0,53
engr0,LG,CW,0.5,MIM,0.3,19.24590163934426,17.0,0,53
engr0,MOTO,CW,0.5,MIM,0.3,19.24590163934426,17.0,0,53
engr0,OP3,CW,0.5,MIM,0.3,19.24590163934426,17.0,0,53
engr0,S7,CW,0.5,MIM,0.3,19.24590163934426,17.0,0,53
engr0,BLU,CW,0.5,MIM,0.4,18.901639344262296,17.0,0,52
engr0,HTC,CW,0.5,MIM,0.4,18.901639344262296,17.0,0,52
engr0,LG,CW,0.5,MIM,0.4,18.901639344262296,17.0,0,52
engr0,MOTO,CW,0.5,MIM,0.4,18.901639344262296,17.0,0,52
engr0,OP3,CW,0.5,MIM,0.4,18.901639344262296,17.0,0,52
engr0,S7,CW,0.5,MIM,0.4,18.901639344262296,17.0,0,52
engr0,BLU,CW,0.5,MIM,0.5,18.901639344262296,17.0,0,52
engr0,HTC,CW,0.5,MIM,0.5,18.901639344262296,17.0,0,52
engr0,LG,CW,0.5,MIM,0.5,18.901639344262296,17.0,0,52
engr0,MOTO,CW,0.5,MIM,0.5,18.901639344262296,17.0,0,52
engr0,OP3,CW,0.5,MIM,0.5,18.901639344262296,17.0,0,52
engr0,S7,CW,0.5,MIM,0.5,18.901639344262296,17.0,0,52
engr0,BLU,CW,0.5,MIM,0.6,18.901639344262296,17.0,0,52
engr0,HTC,CW,0.5,MIM,0.6,18.901639344262296,17.0,0,52
engr0,LG,CW,0.5,MIM,0.6,18.901639344262296,17.0,0,52
engr0,MOTO,CW,0.5,MIM,0.6,18.901639344262296,17.0,0,52
engr0,OP3,CW,0.5,MIM,0.6,18.901639344262296,17.0,0,52
engr0,S7,CW,0.5,MIM,0.6,18.901639344262296,17.0,0,52
engr0,BLU,CW,0.5,MIM,0.7,18.901639344262296,17.0,0,52
engr0,HTC,CW,0.5,MIM,0.7,18.901639344262296,17.0,0,52
engr0,LG,CW,0.5,MIM,0.7,18.901639344262296,17.0,0,52
engr0,MOTO,CW,0.5,MIM,0.7,18.901639344262296,17.0,0,52
engr0,OP3,CW,0.5,MIM,0.7,18.901639344262296,17.0,0,52
engr0,S7,CW,0.5,MIM,0.7,18.901639344262296,17.0,0,52
engr0,BLU,CW,0.5,MIM,0.8,18.901639344262296,17.0,0,52
engr0,HTC,CW,0.5,MIM,0.8,18.901639344262296,17.0,0,52
engr0,LG,CW,0.5,MIM,0.8,18.901639344262296,17.0,0,52
engr0,MOTO,CW,0.5,MIM,0.8,18.901639344262296,17.0,0,52
engr0,OP3,CW,0.5,MIM,0.8,18.901639344262296,17.0,0,52
engr0,S7,CW,0.5,MIM,0.8,18.901639344262296,17.0,0,52
engr0,BLU,CW,0.5,MIM,0.9,18.901639344262296,17.0,0,52
engr0,HTC,CW,0.5,MIM,0.9,18.901639344262296,17.0,0,52
engr0,LG,CW,0.5,MIM,0.9,18.901639344262296,17.0,0,52
engr0,MOTO,CW,0.5,MIM,0.9,18.901639344262296,17.0,0,52
engr0,OP3,CW,0.5,MIM,0.9,18.901639344262296,17.0,0,52
engr0,S7,CW,0.5,MIM,0.9,18.901639344262296,17.0,0,52
engr0,BLU,CW,0.5,MIM,1.0,18.901639344262296,17.0,0,52
engr0,HTC,CW,0.5,MIM,1.0,18.901639344262296,17.0,0,52
engr0,LG,CW,0.5,MIM,1.0,18.901639344262296,17.0,0,52
engr0,MOTO,CW,0.5,MIM,1.0,18.901639344262296,17.0,0,52
engr0,OP3,CW,0.5,MIM,1.0,18.901639344262296,17.0,0,52
engr0,S7,CW,0.5,MIM,1.0,18.901639344262296,17.0,0,52
engr0,BLU,CW,0.6,MIM,0.1,17.19672131147541,15.0,0,47
engr0,HTC,CW,0.6,MIM,0.1,17.19672131147541,15.0,0,47
engr0,LG,CW,0.6,MIM,0.1,17.19672131147541,15.0,0,47
engr0,MOTO,CW,0.6,MIM,0.1,17.19672131147541,15.0,0,47
engr0,OP3,CW,0.6,MIM,0.1,17.19672131147541,15.0,0,47
engr0,S7,CW,0.6,MIM,0.1,17.19672131147541,15.0,0,47
engr0,BLU,CW,0.6,MIM,0.2,17.75409836065574,16.0,0,48
engr0,HTC,CW,0.6,MIM,0.2,17.75409836065574,16.0,0,48
engr0,LG,CW,0.6,MIM,0.2,17.75409836065574,16.0,0,48
engr0,MOTO,CW,0.6,MIM,0.2,17.75409836065574,16.0,0,48
engr0,OP3,CW,0.6,MIM,0.2,17.75409836065574,16.0,0,48
engr0,S7,CW,0.6,MIM,0.2,17.75409836065574,16.0,0,48
engr0,BLU,CW,0.6,MIM,0.3,18.491803278688526,17.0,0,49
engr0,HTC,CW,0.6,MIM,0.3,18.491803278688526,17.0,0,49
engr0,LG,CW,0.6,MIM,0.3,18.491803278688526,17.0,0,49
engr0,MOTO,CW,0.6,MIM,0.3,18.491803278688526,17.0,0,49
engr0,OP3,CW,0.6,MIM,0.3,18.491803278688526,17.0,0,49
engr0,S7,CW,0.6,MIM,0.3,18.491803278688526,17.0,0,49
engr0,BLU,CW,0.6,MIM,0.4,18.62295081967213,18.0,1,48
engr0,HTC,CW,0.6,MIM,0.4,18.62295081967213,18.0,1,48
engr0,LG,CW,0.6,MIM,0.4,18.62295081967213,18.0,1,48
engr0,MOTO,CW,0.6,MIM,0.4,18.62295081967213,18.0,1,48
engr0,OP3,CW,0.6,MIM,0.4,18.62295081967213,18.0,1,48
engr0,S7,CW,0.6,MIM,0.4,18.62295081967213,18.0,1,48
engr0,BLU,CW,0.6,MIM,0.5,18.62295081967213,18.0,1,48
engr0,HTC,CW,0.6,MIM,0.5,18.62295081967213,18.0,1,48
engr0,LG,CW,0.6,MIM,0.5,18.62295081967213,18.0,1,48
engr0,MOTO,CW,0.6,MIM,0.5,18.62295081967213,18.0,1,48
engr0,OP3,CW,0.6,MIM,0.5,18.62295081967213,18.0,1,48
engr0,S7,CW,0.6,MIM,0.5,18.62295081967213,18.0,1,48
engr0,BLU,CW,0.6,MIM,0.6,18.62295081967213,18.0,1,48
engr0,HTC,CW,0.6,MIM,0.6,18.62295081967213,18.0,1,48
engr0,LG,CW,0.6,MIM,0.6,18.62295081967213,18.0,1,48
engr0,MOTO,CW,0.6,MIM,0.6,18.62295081967213,18.0,1,48
engr0,OP3,CW,0.6,MIM,0.6,18.62295081967213,18.0,1,48
engr0,S7,CW,0.6,MIM,0.6,18.62295081967213,18.0,1,48
engr0,BLU,CW,0.6,MIM,0.7,18.62295081967213,18.0,1,48
engr0,HTC,CW,0.6,MIM,0.7,18.62295081967213,18.0,1,48
engr0,LG,CW,0.6,MIM,0.7,18.62295081967213,18.0,1,48
engr0,MOTO,CW,0.6,MIM,0.7,18.62295081967213,18.0,1,48
engr0,OP3,CW,0.6,MIM,0.7,18.62295081967213,18.0,1,48
engr0,S7,CW,0.6,MIM,0.7,18.62295081967213,18.0,1,48
engr0,BLU,CW,0.6,MIM,0.8,18.62295081967213,18.0,1,48
engr0,HTC,CW,0.6,MIM,0.8,18.62295081967213,18.0,1,48
engr0,LG,CW,0.6,MIM,0.8,18.62295081967213,18.0,1,48
engr0,MOTO,CW,0.6,MIM,0.8,18.62295081967213,18.0,1,48
engr0,OP3,CW,0.6,MIM,0.8,18.62295081967213,18.0,1,48
engr0,S7,CW,0.6,MIM,0.8,18.62295081967213,18.0,1,48
engr0,BLU,CW,0.6,MIM,0.9,18.62295081967213,18.0,1,48
engr0,HTC,CW,0.6,MIM,0.9,18.62295081967213,18.0,1,48
engr0,LG,CW,0.6,MIM,0.9,18.62295081967213,18.0,1,48
engr0,MOTO,CW,0.6,MIM,0.9,18.62295081967213,18.0,1,48
engr0,OP3,CW,0.6,MIM,0.9,18.62295081967213,18.0,1,48
engr0,S7,CW,0.6,MIM,0.9,18.62295081967213,18.0,1,48
engr0,BLU,CW,0.6,MIM,1.0,18.62295081967213,18.0,1,48
engr0,HTC,CW,0.6,MIM,1.0,18.62295081967213,18.0,1,48
engr0,LG,CW,0.6,MIM,1.0,18.62295081967213,18.0,1,48
engr0,MOTO,CW,0.6,MIM,1.0,18.62295081967213,18.0,1,48
engr0,OP3,CW,0.6,MIM,1.0,18.62295081967213,18.0,1,48
engr0,S7,CW,0.6,MIM,1.0,18.62295081967213,18.0,1,48
engr0,BLU,CW,0.7,MIM,0.1,15.59016393442623,11.0,0,49
engr0,HTC,CW,0.7,MIM,0.1,15.59016393442623,11.0,0,49
engr0,LG,CW,0.7,MIM,0.1,15.59016393442623,11.0,0,49
engr0,MOTO,CW,0.7,MIM,0.1,15.59016393442623,11.0,0,49
engr0,OP3,CW,0.7,MIM,0.1,15.59016393442623,11.0,0,49
engr0,S7,CW,0.7,MIM,0.1,15.59016393442623,11.0,0,49
engr0,BLU,CW,0.7,MIM,0.2,16.37704918032787,13.0,0,49
engr0,HTC,CW,0.7,MIM,0.2,16.37704918032787,13.0,0,49
engr0,LG,CW,0.7,MIM,0.2,16.37704918032787,13.0,0,49
engr0,MOTO,CW,0.7,MIM,0.2,16.37704918032787,13.0,0,49
engr0,OP3,CW,0.7,MIM,0.2,16.37704918032787,13.0,0,49
engr0,S7,CW,0.7,MIM,0.2,16.37704918032787,13.0,0,49
engr0,BLU,CW,0.7,MIM,0.3,20.42622950819672,21.0,0,59
engr0,HTC,CW,0.7,MIM,0.3,20.42622950819672,21.0,0,59
engr0,LG,CW,0.7,MIM,0.3,20.42622950819672,21.0,0,59
engr0,MOTO,CW,0.7,MIM,0.3,20.42622950819672,21.0,0,59
engr0,OP3,CW,0.7,MIM,0.3,20.42622950819672,21.0,0,59
engr0,S7,CW,0.7,MIM,0.3,20.42622950819672,21.0,0,59
engr0,BLU,CW,0.7,MIM,0.4,20.60655737704918,22.0,0,59
engr0,HTC,CW,0.7,MIM,0.4,20.60655737704918,22.0,0,59
engr0,LG,CW,0.7,MIM,0.4,20.60655737704918,22.0,0,59
engr0,MOTO,CW,0.7,MIM,0.4,20.60655737704918,22.0,0,59
engr0,OP3,CW,0.7,MIM,0.4,20.60655737704918,22.0,0,59
engr0,S7,CW,0.7,MIM,0.4,20.60655737704918,22.0,0,59
engr0,BLU,CW,0.7,MIM,0.5,20.60655737704918,22.0,0,59
engr0,HTC,CW,0.7,MIM,0.5,20.60655737704918,22.0,0,59
engr0,LG,CW,0.7,MIM,0.5,20.60655737704918,22.0,0,59
engr0,MOTO,CW,0.7,MIM,0.5,20.60655737704918,22.0,0,59
engr0,OP3,CW,0.7,MIM,0.5,20.60655737704918,22.0,0,59
engr0,S7,CW,0.7,MIM,0.5,20.60655737704918,22.0,0,59
engr0,BLU,CW,0.7,MIM,0.6,20.60655737704918,22.0,0,59
engr0,HTC,CW,0.7,MIM,0.6,20.60655737704918,22.0,0,59
engr0,LG,CW,0.7,MIM,0.6,20.60655737704918,22.0,0,59
engr0,MOTO,CW,0.7,MIM,0.6,20.60655737704918,22.0,0,59
engr0,OP3,CW,0.7,MIM,0.6,20.60655737704918,22.0,0,59
engr0,S7,CW,0.7,MIM,0.6,20.60655737704918,22.0,0,59
engr0,BLU,CW,0.7,MIM,0.7,20.60655737704918,22.0,0,59
engr0,HTC,CW,0.7,MIM,0.7,20.60655737704918,22.0,0,59
engr0,LG,CW,0.7,MIM,0.7,20.60655737704918,22.0,0,59
engr0,MOTO,CW,0.7,MIM,0.7,20.60655737704918,22.0,0,59
engr0,OP3,CW,0.7,MIM,0.7,20.60655737704918,22.0,0,59
engr0,S7,CW,0.7,MIM,0.7,20.60655737704918,22.0,0,59
engr0,BLU,CW,0.7,MIM,0.8,20.60655737704918,22.0,0,59
engr0,HTC,CW,0.7,MIM,0.8,20.60655737704918,22.0,0,59
engr0,LG,CW,0.7,MIM,0.8,20.60655737704918,22.0,0,59
engr0,MOTO,CW,0.7,MIM,0.8,20.60655737704918,22.0,0,59
engr0,OP3,CW,0.7,MIM,0.8,20.60655737704918,22.0,0,59
engr0,S7,CW,0.7,MIM,0.8,20.60655737704918,22.0,0,59
engr0,BLU,CW,0.7,MIM,0.9,20.60655737704918,22.0,0,59
engr0,HTC,CW,0.7,MIM,0.9,20.60655737704918,22.0,0,59
engr0,LG,CW,0.7,MIM,0.9,20.60655737704918,22.0,0,59
engr0,MOTO,CW,0.7,MIM,0.9,20.60655737704918,22.0,0,59
engr0,OP3,CW,0.7,MIM,0.9,20.60655737704918,22.0,0,59
engr0,S7,CW,0.7,MIM,0.9,20.60655737704918,22.0,0,59
engr0,BLU,CW,0.7,MIM,1.0,20.60655737704918,22.0,0,59
engr0,HTC,CW,0.7,MIM,1.0,20.60655737704918,22.0,0,59
engr0,LG,CW,0.7,MIM,1.0,20.60655737704918,22.0,0,59
engr0,MOTO,CW,0.7,MIM,1.0,20.60655737704918,22.0,0,59
engr0,OP3,CW,0.7,MIM,1.0,20.60655737704918,22.0,0,59
engr0,S7,CW,0.7,MIM,1.0,20.60655737704918,22.0,0,59
engr0,BLU,CW,0.8,MIM,0.1,16.311475409836067,15.0,0,49
engr0,HTC,CW,0.8,MIM,0.1,16.311475409836067,15.0,0,49
engr0,LG,CW,0.8,MIM,0.1,16.311475409836067,15.0,0,49
engr0,MOTO,CW,0.8,MIM,0.1,16.311475409836067,15.0,0,49
engr0,OP3,CW,0.8,MIM,0.1,16.311475409836067,15.0,0,49
engr0,S7,CW,0.8,MIM,0.1,16.311475409836067,15.0,0,49
engr0,BLU,CW,0.8,MIM,0.2,16.327868852459016,12.0,0,53
engr0,HTC,CW,0.8,MIM,0.2,16.327868852459016,12.0,0,53
engr0,LG,CW,0.8,MIM,0.2,16.327868852459016,12.0,0,53
engr0,MOTO,CW,0.8,MIM,0.2,16.327868852459016,12.0,0,53
engr0,OP3,CW,0.8,MIM,0.2,16.327868852459016,12.0,0,53
engr0,S7,CW,0.8,MIM,0.2,16.327868852459016,12.0,0,53
engr0,BLU,CW,0.8,MIM,0.3,15.491803278688524,10.0,0,52
engr0,HTC,CW,0.8,MIM,0.3,15.491803278688524,10.0,0,52
engr0,LG,CW,0.8,MIM,0.3,15.491803278688524,10.0,0,52
engr0,MOTO,CW,0.8,MIM,0.3,15.491803278688524,10.0,0,52
engr0,OP3,CW,0.8,MIM,0.3,15.491803278688524,10.0,0,52
engr0,S7,CW,0.8,MIM,0.3,15.491803278688524,10.0,0,52
engr0,BLU,CW,0.8,MIM,0.4,15.62295081967213,12.0,0,52
engr0,HTC,CW,0.8,MIM,0.4,15.62295081967213,12.0,0,52
engr0,LG,CW,0.8,MIM,0.4,15.62295081967213,12.0,0,52
engr0,MOTO,CW,0.8,MIM,0.4,15.62295081967213,12.0,0,52
engr0,OP3,CW,0.8,MIM,0.4,15.62295081967213,12.0,0,52
engr0,S7,CW,0.8,MIM,0.4,15.62295081967213,12.0,0,52
engr0,BLU,CW,0.8,MIM,0.5,15.62295081967213,12.0,0,52
engr0,HTC,CW,0.8,MIM,0.5,15.62295081967213,12.0,0,52
engr0,LG,CW,0.8,MIM,0.5,15.62295081967213,12.0,0,52
engr0,MOTO,CW,0.8,MIM,0.5,15.62295081967213,12.0,0,52
engr0,OP3,CW,0.8,MIM,0.5,15.62295081967213,12.0,0,52
engr0,S7,CW,0.8,MIM,0.5,15.62295081967213,12.0,0,52
engr0,BLU,CW,0.8,MIM,0.6,15.62295081967213,12.0,0,52
engr0,HTC,CW,0.8,MIM,0.6,15.62295081967213,12.0,0,52
engr0,LG,CW,0.8,MIM,0.6,15.62295081967213,12.0,0,52
engr0,MOTO,CW,0.8,MIM,0.6,15.62295081967213,12.0,0,52
engr0,OP3,CW,0.8,MIM,0.6,15.62295081967213,12.0,0,52
engr0,S7,CW,0.8,MIM,0.6,15.62295081967213,12.0,0,52
engr0,BLU,CW,0.8,MIM,0.7,15.62295081967213,12.0,0,52
engr0,HTC,CW,0.8,MIM,0.7,15.62295081967213,12.0,0,52
engr0,LG,CW,0.8,MIM,0.7,15.62295081967213,12.0,0,52
engr0,MOTO,CW,0.8,MIM,0.7,15.62295081967213,12.0,0,52
engr0,OP3,CW,0.8,MIM,0.7,15.62295081967213,12.0,0,52
engr0,S7,CW,0.8,MIM,0.7,15.62295081967213,12.0,0,52
engr0,BLU,CW,0.8,MIM,0.8,15.62295081967213,12.0,0,52
engr0,HTC,CW,0.8,MIM,0.8,15.62295081967213,12.0,0,52
engr0,LG,CW,0.8,MIM,0.8,15.62295081967213,12.0,0,52
engr0,MOTO,CW,0.8,MIM,0.8,15.62295081967213,12.0,0,52
engr0,OP3,CW,0.8,MIM,0.8,15.62295081967213,12.0,0,52
engr0,S7,CW,0.8,MIM,0.8,15.62295081967213,12.0,0,52
engr0,BLU,CW,0.8,MIM,0.9,15.62295081967213,12.0,0,52
engr0,HTC,CW,0.8,MIM,0.9,15.62295081967213,12.0,0,52
engr0,LG,CW,0.8,MIM,0.9,15.62295081967213,12.0,0,52
engr0,MOTO,CW,0.8,MIM,0.9,15.62295081967213,12.0,0,52
engr0,OP3,CW,0.8,MIM,0.9,15.62295081967213,12.0,0,52
engr0,S7,CW,0.8,MIM,0.9,15.62295081967213,12.0,0,52
engr0,BLU,CW,0.8,MIM,1.0,15.62295081967213,12.0,0,52
engr0,HTC,CW,0.8,MIM,1.0,15.62295081967213,12.0,0,52
engr0,LG,CW,0.8,MIM,1.0,15.62295081967213,12.0,0,52
engr0,MOTO,CW,0.8,MIM,1.0,15.62295081967213,12.0,0,52
engr0,OP3,CW,0.8,MIM,1.0,15.62295081967213,12.0,0,52
engr0,S7,CW,0.8,MIM,1.0,15.62295081967213,12.0,0,52
engr0,BLU,CW,0.9,MIM,0.1,17.459016393442624,15.0,0,49
engr0,HTC,CW,0.9,MIM,0.1,17.459016393442624,15.0,0,49
engr0,LG,CW,0.9,MIM,0.1,17.459016393442624,15.0,0,49
engr0,MOTO,CW,0.9,MIM,0.1,17.459016393442624,15.0,0,49
engr0,OP3,CW,0.9,MIM,0.1,17.459016393442624,15.0,0,49
engr0,S7,CW,0.9,MIM,0.1,17.459016393442624,15.0,0,49
engr0,BLU,CW,0.9,MIM,0.2,17.0,13.0,0,49
engr0,HTC,CW,0.9,MIM,0.2,17.0,13.0,0,49
engr0,LG,CW,0.9,MIM,0.2,17.0,13.0,0,49
engr0,MOTO,CW,0.9,MIM,0.2,17.0,13.0,0,49
engr0,OP3,CW,0.9,MIM,0.2,17.0,13.0,0,49
engr0,S7,CW,0.9,MIM,0.2,17.0,13.0,0,49
engr0,BLU,CW,0.9,MIM,0.3,19.59016393442623,18.0,0,49
engr0,HTC,CW,0.9,MIM,0.3,19.59016393442623,18.0,0,49
engr0,LG,CW,0.9,MIM,0.3,19.59016393442623,18.0,0,49
engr0,MOTO,CW,0.9,MIM,0.3,19.59016393442623,18.0,0,49
engr0,OP3,CW,0.9,MIM,0.3,19.59016393442623,18.0,0,49
engr0,S7,CW,0.9,MIM,0.3,19.59016393442623,18.0,0,49
engr0,BLU,CW,0.9,MIM,0.4,18.721311475409838,17.0,0,49
engr0,HTC,CW,0.9,MIM,0.4,18.721311475409838,17.0,0,49
engr0,LG,CW,0.9,MIM,0.4,18.721311475409838,17.0,0,49
engr0,MOTO,CW,0.9,MIM,0.4,18.721311475409838,17.0,0,49
engr0,OP3,CW,0.9,MIM,0.4,18.721311475409838,17.0,0,49
engr0,S7,CW,0.9,MIM,0.4,18.721311475409838,17.0,0,49
engr0,BLU,CW,0.9,MIM,0.5,18.721311475409838,17.0,0,49
engr0,HTC,CW,0.9,MIM,0.5,18.721311475409838,17.0,0,49
engr0,LG,CW,0.9,MIM,0.5,18.721311475409838,17.0,0,49
engr0,MOTO,CW,0.9,MIM,0.5,18.721311475409838,17.0,0,49
engr0,OP3,CW,0.9,MIM,0.5,18.721311475409838,17.0,0,49
engr0,S7,CW,0.9,MIM,0.5,18.721311475409838,17.0,0,49
engr0,BLU,CW,0.9,MIM,0.6,18.721311475409838,17.0,0,49
engr0,HTC,CW,0.9,MIM,0.6,18.721311475409838,17.0,0,49
engr0,LG,CW,0.9,MIM,0.6,18.721311475409838,17.0,0,49
engr0,MOTO,CW,0.9,MIM,0.6,18.721311475409838,17.0,0,49
engr0,OP3,CW,0.9,MIM,0.6,18.721311475409838,17.0,0,49
engr0,S7,CW,0.9,MIM,0.6,18.721311475409838,17.0,0,49
engr0,BLU,CW,0.9,MIM,0.7,18.721311475409838,17.0,0,49
engr0,HTC,CW,0.9,MIM,0.7,18.721311475409838,17.0,0,49
engr0,LG,CW,0.9,MIM,0.7,18.721311475409838,17.0,0,49
engr0,MOTO,CW,0.9,MIM,0.7,18.721311475409838,17.0,0,49
engr0,OP3,CW,0.9,MIM,0.7,18.721311475409838,17.0,0,49
engr0,S7,CW,0.9,MIM,0.7,18.721311475409838,17.0,0,49
engr0,BLU,CW,0.9,MIM,0.8,18.721311475409838,17.0,0,49
engr0,HTC,CW,0.9,MIM,0.8,18.721311475409838,17.0,0,49
engr0,LG,CW,0.9,MIM,0.8,18.721311475409838,17.0,0,49
engr0,MOTO,CW,0.9,MIM,0.8,18.721311475409838,17.0,0,49
engr0,OP3,CW,0.9,MIM,0.8,18.721311475409838,17.0,0,49
engr0,S7,CW,0.9,MIM,0.8,18.721311475409838,17.0,0,49
engr0,BLU,CW,0.9,MIM,0.9,18.721311475409838,17.0,0,49
engr0,HTC,CW,0.9,MIM,0.9,18.721311475409838,17.0,0,49
engr0,LG,CW,0.9,MIM,0.9,18.721311475409838,17.0,0,49
engr0,MOTO,CW,0.9,MIM,0.9,18.721311475409838,17.0,0,49
engr0,OP3,CW,0.9,MIM,0.9,18.721311475409838,17.0,0,49
engr0,S7,CW,0.9,MIM,0.9,18.721311475409838,17.0,0,49
engr0,BLU,CW,0.9,MIM,1.0,18.721311475409838,17.0,0,49
engr0,HTC,CW,0.9,MIM,1.0,18.721311475409838,17.0,0,49
engr0,LG,CW,0.9,MIM,1.0,18.721311475409838,17.0,0,49
engr0,MOTO,CW,0.9,MIM,1.0,18.721311475409838,17.0,0,49
engr0,OP3,CW,0.9,MIM,1.0,18.721311475409838,17.0,0,49
engr0,S7,CW,0.9,MIM,1.0,18.721311475409838,17.0,0,49
engr0,BLU,CW,1.0,MIM,0.1,16.39344262295082,14.0,0,49
engr0,HTC,CW,1.0,MIM,0.1,16.39344262295082,14.0,0,49
engr0,LG,CW,1.0,MIM,0.1,16.39344262295082,14.0,0,49
engr0,MOTO,CW,1.0,MIM,0.1,16.39344262295082,14.0,0,49
engr0,OP3,CW,1.0,MIM,0.1,16.39344262295082,14.0,0,49
engr0,S7,CW,1.0,MIM,0.1,16.39344262295082,14.0,0,49
engr0,BLU,CW,1.0,MIM,0.2,16.295081967213115,13.0,1,49
engr0,HTC,CW,1.0,MIM,0.2,16.295081967213115,13.0,1,49
engr0,LG,CW,1.0,MIM,0.2,16.295081967213115,13.0,1,49
engr0,MOTO,CW,1.0,MIM,0.2,16.295081967213115,13.0,1,49
engr0,OP3,CW,1.0,MIM,0.2,16.295081967213115,13.0,1,49
engr0,S7,CW,1.0,MIM,0.2,16.295081967213115,13.0,1,49
engr0,BLU,CW,1.0,MIM,0.3,18.688524590163933,16.0,0,48
engr0,HTC,CW,1.0,MIM,0.3,18.688524590163933,16.0,0,48
engr0,LG,CW,1.0,MIM,0.3,18.688524590163933,16.0,0,48
engr0,MOTO,CW,1.0,MIM,0.3,18.688524590163933,16.0,0,48
engr0,OP3,CW,1.0,MIM,0.3,18.688524590163933,16.0,0,48
engr0,S7,CW,1.0,MIM,0.3,18.688524590163933,16.0,0,48
engr0,BLU,CW,1.0,MIM,0.4,18.737704918032787,17.0,0,48
engr0,HTC,CW,1.0,MIM,0.4,18.737704918032787,17.0,0,48
engr0,LG,CW,1.0,MIM,0.4,18.737704918032787,17.0,0,48
engr0,MOTO,CW,1.0,MIM,0.4,18.737704918032787,17.0,0,48
engr0,OP3,CW,1.0,MIM,0.4,18.737704918032787,17.0,0,48
engr0,S7,CW,1.0,MIM,0.4,18.737704918032787,17.0,0,48
engr0,BLU,CW,1.0,MIM,0.5,18.737704918032787,17.0,0,48
engr0,HTC,CW,1.0,MIM,0.5,18.737704918032787,17.0,0,48
engr0,LG,CW,1.0,MIM,0.5,18.737704918032787,17.0,0,48
engr0,MOTO,CW,1.0,MIM,0.5,18.737704918032787,17.0,0,48
engr0,OP3,CW,1.0,MIM,0.5,18.737704918032787,17.0,0,48
engr0,S7,CW,1.0,MIM,0.5,18.737704918032787,17.0,0,48
engr0,BLU,CW,1.0,MIM,0.6,18.737704918032787,17.0,0,48
engr0,HTC,CW,1.0,MIM,0.6,18.737704918032787,17.0,0,48
engr0,LG,CW,1.0,MIM,0.6,18.737704918032787,17.0,0,48
engr0,MOTO,CW,1.0,MIM,0.6,18.737704918032787,17.0,0,48
engr0,OP3,CW,1.0,MIM,0.6,18.737704918032787,17.0,0,48
engr0,S7,CW,1.0,MIM,0.6,18.737704918032787,17.0,0,48
engr0,BLU,CW,1.0,MIM,0.7,18.737704918032787,17.0,0,48
engr0,HTC,CW,1.0,MIM,0.7,18.737704918032787,17.0,0,48
engr0,LG,CW,1.0,MIM,0.7,18.737704918032787,17.0,0,48
engr0,MOTO,CW,1.0,MIM,0.7,18.737704918032787,17.0,0,48
engr0,OP3,CW,1.0,MIM,0.7,18.737704918032787,17.0,0,48
engr0,S7,CW,1.0,MIM,0.7,18.737704918032787,17.0,0,48
engr0,BLU,CW,1.0,MIM,0.8,18.737704918032787,17.0,0,48
engr0,HTC,CW,1.0,MIM,0.8,18.737704918032787,17.0,0,48
engr0,LG,CW,1.0,MIM,0.8,18.737704918032787,17.0,0,48
engr0,MOTO,CW,1.0,MIM,0.8,18.737704918032787,17.0,0,48
engr0,OP3,CW,1.0,MIM,0.8,18.737704918032787,17.0,0,48
engr0,S7,CW,1.0,MIM,0.8,18.737704918032787,17.0,0,48
engr0,BLU,CW,1.0,MIM,0.9,18.737704918032787,17.0,0,48
engr0,HTC,CW,1.0,MIM,0.9,18.737704918032787,17.0,0,48
engr0,LG,CW,1.0,MIM,0.9,18.737704918032787,17.0,0,48
engr0,MOTO,CW,1.0,MIM,0.9,18.737704918032787,17.0,0,48
engr0,OP3,CW,1.0,MIM,0.9,18.737704918032787,17.0,0,48
engr0,S7,CW,1.0,MIM,0.9,18.737704918032787,17.0,0,48
engr0,BLU,CW,1.0,MIM,1.0,18.737704918032787,17.0,0,48
engr0,HTC,CW,1.0,MIM,1.0,18.737704918032787,17.0,0,48
engr0,LG,CW,1.0,MIM,1.0,18.737704918032787,17.0,0,48
engr0,MOTO,CW,1.0,MIM,1.0,18.737704918032787,17.0,0,48
engr0,OP3,CW,1.0,MIM,1.0,18.737704918032787,17.0,0,48
engr0,S7,CW,1.0,MIM,1.0,18.737704918032787,17.0,0,48
engr0,BLU,ORIGINAL,0.1,BIM,0.1,12.180327868852459,5.0,0,53
engr0,HTC,ORIGINAL,0.1,BIM,0.1,12.180327868852459,5.0,0,53
engr0,LG,ORIGINAL,0.1,BIM,0.1,12.180327868852459,5.0,0,53
engr0,MOTO,ORIGINAL,0.1,BIM,0.1,12.180327868852459,5.0,0,53
engr0,OP3,ORIGINAL,0.1,BIM,0.1,12.180327868852459,5.0,0,53
engr0,S7,ORIGINAL,0.1,BIM,0.1,12.180327868852459,5.0,0,53
engr0,BLU,ORIGINAL,0.1,BIM,0.2,11.62295081967213,5.0,0,53
engr0,HTC,ORIGINAL,0.1,BIM,0.2,11.62295081967213,5.0,0,53
engr0,LG,ORIGINAL,0.1,BIM,0.2,11.62295081967213,5.0,0,53
engr0,MOTO,ORIGINAL,0.1,BIM,0.2,11.62295081967213,5.0,0,53
engr0,OP3,ORIGINAL,0.1,BIM,0.2,11.62295081967213,5.0,0,53
engr0,S7,ORIGINAL,0.1,BIM,0.2,11.62295081967213,5.0,0,53
engr0,BLU,ORIGINAL,0.1,BIM,0.3,11.62295081967213,5.0,0,53
engr0,HTC,ORIGINAL,0.1,BIM,0.3,11.62295081967213,5.0,0,53
engr0,LG,ORIGINAL,0.1,BIM,0.3,11.62295081967213,5.0,0,53
engr0,MOTO,ORIGINAL,0.1,BIM,0.3,11.62295081967213,5.0,0,53
engr0,OP3,ORIGINAL,0.1,BIM,0.3,11.62295081967213,5.0,0,53
engr0,S7,ORIGINAL,0.1,BIM,0.3,11.62295081967213,5.0,0,53
engr0,BLU,ORIGINAL,0.1,BIM,0.4,11.62295081967213,5.0,0,53
engr0,HTC,ORIGINAL,0.1,BIM,0.4,11.62295081967213,5.0,0,53
engr0,LG,ORIGINAL,0.1,BIM,0.4,11.62295081967213,5.0,0,53
engr0,MOTO,ORIGINAL,0.1,BIM,0.4,11.62295081967213,5.0,0,53
engr0,OP3,ORIGINAL,0.1,BIM,0.4,11.62295081967213,5.0,0,53
engr0,S7,ORIGINAL,0.1,BIM,0.4,11.62295081967213,5.0,0,53
engr0,BLU,ORIGINAL,0.1,BIM,0.5,11.62295081967213,5.0,0,53
engr0,HTC,ORIGINAL,0.1,BIM,0.5,11.62295081967213,5.0,0,53
engr0,LG,ORIGINAL,0.1,BIM,0.5,11.62295081967213,5.0,0,53
engr0,MOTO,ORIGINAL,0.1,BIM,0.5,11.62295081967213,5.0,0,53
engr0,OP3,ORIGINAL,0.1,BIM,0.5,11.62295081967213,5.0,0,53
engr0,S7,ORIGINAL,0.1,BIM,0.5,11.62295081967213,5.0,0,53
engr0,BLU,ORIGINAL,0.1,BIM,0.6,11.62295081967213,5.0,0,53
engr0,HTC,ORIGINAL,0.1,BIM,0.6,11.62295081967213,5.0,0,53
engr0,LG,ORIGINAL,0.1,BIM,0.6,11.62295081967213,5.0,0,53
engr0,MOTO,ORIGINAL,0.1,BIM,0.6,11.62295081967213,5.0,0,53
engr0,OP3,ORIGINAL,0.1,BIM,0.6,11.62295081967213,5.0,0,53
engr0,S7,ORIGINAL,0.1,BIM,0.6,11.62295081967213,5.0,0,53
engr0,BLU,ORIGINAL,0.1,BIM,0.7,11.62295081967213,5.0,0,53
engr0,HTC,ORIGINAL,0.1,BIM,0.7,11.62295081967213,5.0,0,53
engr0,LG,ORIGINAL,0.1,BIM,0.7,11.62295081967213,5.0,0,53
engr0,MOTO,ORIGINAL,0.1,BIM,0.7,11.62295081967213,5.0,0,53
engr0,OP3,ORIGINAL,0.1,BIM,0.7,11.62295081967213,5.0,0,53
engr0,S7,ORIGINAL,0.1,BIM,0.7,11.62295081967213,5.0,0,53
engr0,BLU,ORIGINAL,0.1,BIM,0.8,11.62295081967213,5.0,0,53
engr0,HTC,ORIGINAL,0.1,BIM,0.8,11.62295081967213,5.0,0,53
engr0,LG,ORIGINAL,0.1,BIM,0.8,11.62295081967213,5.0,0,53
engr0,MOTO,ORIGINAL,0.1,BIM,0.8,11.62295081967213,5.0,0,53
engr0,OP3,ORIGINAL,0.1,BIM,0.8,11.62295081967213,5.0,0,53
engr0,S7,ORIGINAL,0.1,BIM,0.8,11.62295081967213,5.0,0,53
engr0,BLU,ORIGINAL,0.1,BIM,0.9,11.62295081967213,5.0,0,53
engr0,HTC,ORIGINAL,0.1,BIM,0.9,11.62295081967213,5.0,0,53
engr0,LG,ORIGINAL,0.1,BIM,0.9,11.62295081967213,5.0,0,53
engr0,MOTO,ORIGINAL,0.1,BIM,0.9,11.62295081967213,5.0,0,53
engr0,OP3,ORIGINAL,0.1,BIM,0.9,11.62295081967213,5.0,0,53
engr0,S7,ORIGINAL,0.1,BIM,0.9,11.62295081967213,5.0,0,53
engr0,BLU,ORIGINAL,0.1,BIM,1.0,11.62295081967213,5.0,0,53
engr0,HTC,ORIGINAL,0.1,BIM,1.0,11.62295081967213,5.0,0,53
engr0,LG,ORIGINAL,0.1,BIM,1.0,11.62295081967213,5.0,0,53
engr0,MOTO,ORIGINAL,0.1,BIM,1.0,11.62295081967213,5.0,0,53
engr0,OP3,ORIGINAL,0.1,BIM,1.0,11.62295081967213,5.0,0,53
engr0,S7,ORIGINAL,0.1,BIM,1.0,11.62295081967213,5.0,0,53
engr0,BLU,SAE,0.1,BIM,0.1,5.672131147540983,3.0,0,28
engr0,HTC,SAE,0.1,BIM,0.1,5.672131147540983,3.0,0,28
engr0,LG,SAE,0.1,BIM,0.1,5.672131147540983,3.0,0,28
engr0,MOTO,SAE,0.1,BIM,0.1,5.672131147540983,3.0,0,28
engr0,OP3,SAE,0.1,BIM,0.1,5.672131147540983,3.0,0,28
engr0,S7,SAE,0.1,BIM,0.1,5.672131147540983,3.0,0,28
engr0,BLU,SAE,0.1,BIM,0.2,6.049180327868853,3.0,0,28
engr0,HTC,SAE,0.1,BIM,0.2,6.049180327868853,3.0,0,28
engr0,LG,SAE,0.1,BIM,0.2,6.049180327868853,3.0,0,28
engr0,MOTO,SAE,0.1,BIM,0.2,6.049180327868853,3.0,0,28
engr0,OP3,SAE,0.1,BIM,0.2,6.049180327868853,3.0,0,28
engr0,S7,SAE,0.1,BIM,0.2,6.049180327868853,3.0,0,28
engr0,BLU,SAE,0.1,BIM,0.3,6.590163934426229,3.0,0,35
engr0,HTC,SAE,0.1,BIM,0.3,6.590163934426229,3.0,0,35
engr0,LG,SAE,0.1,BIM,0.3,6.590163934426229,3.0,0,35
engr0,MOTO,SAE,0.1,BIM,0.3,6.590163934426229,3.0,0,35
engr0,OP3,SAE,0.1,BIM,0.3,6.590163934426229,3.0,0,35
engr0,S7,SAE,0.1,BIM,0.3,6.590163934426229,3.0,0,35
engr0,BLU,SAE,0.1,BIM,0.4,6.60655737704918,3.0,0,35
engr0,HTC,SAE,0.1,BIM,0.4,6.60655737704918,3.0,0,35
engr0,LG,SAE,0.1,BIM,0.4,6.60655737704918,3.0,0,35
engr0,MOTO,SAE,0.1,BIM,0.4,6.60655737704918,3.0,0,35
engr0,OP3,SAE,0.1,BIM,0.4,6.60655737704918,3.0,0,35
engr0,S7,SAE,0.1,BIM,0.4,6.60655737704918,3.0,0,35
engr0,BLU,SAE,0.1,BIM,0.5,6.60655737704918,3.0,0,35
engr0,HTC,SAE,0.1,BIM,0.5,6.60655737704918,3.0,0,35
engr0,LG,SAE,0.1,BIM,0.5,6.60655737704918,3.0,0,35
engr0,MOTO,SAE,0.1,BIM,0.5,6.60655737704918,3.0,0,35
engr0,OP3,SAE,0.1,BIM,0.5,6.60655737704918,3.0,0,35
engr0,S7,SAE,0.1,BIM,0.5,6.60655737704918,3.0,0,35
engr0,BLU,SAE,0.1,BIM,0.6,6.60655737704918,3.0,0,35
engr0,HTC,SAE,0.1,BIM,0.6,6.60655737704918,3.0,0,35
engr0,LG,SAE,0.1,BIM,0.6,6.60655737704918,3.0,0,35
engr0,MOTO,SAE,0.1,BIM,0.6,6.60655737704918,3.0,0,35
engr0,OP3,SAE,0.1,BIM,0.6,6.60655737704918,3.0,0,35
engr0,S7,SAE,0.1,BIM,0.6,6.60655737704918,3.0,0,35
engr0,BLU,SAE,0.1,BIM,0.7,6.60655737704918,3.0,0,35
engr0,HTC,SAE,0.1,BIM,0.7,6.60655737704918,3.0,0,35
engr0,LG,SAE,0.1,BIM,0.7,6.60655737704918,3.0,0,35
engr0,MOTO,SAE,0.1,BIM,0.7,6.60655737704918,3.0,0,35
engr0,OP3,SAE,0.1,BIM,0.7,6.60655737704918,3.0,0,35
engr0,S7,SAE,0.1,BIM,0.7,6.60655737704918,3.0,0,35
engr0,BLU,SAE,0.1,BIM,0.8,6.60655737704918,3.0,0,35
engr0,HTC,SAE,0.1,BIM,0.8,6.60655737704918,3.0,0,35
engr0,LG,SAE,0.1,BIM,0.8,6.60655737704918,3.0,0,35
engr0,MOTO,SAE,0.1,BIM,0.8,6.60655737704918,3.0,0,35
engr0,OP3,SAE,0.1,BIM,0.8,6.60655737704918,3.0,0,35
engr0,S7,SAE,0.1,BIM,0.8,6.60655737704918,3.0,0,35
engr0,BLU,SAE,0.1,BIM,0.9,6.60655737704918,3.0,0,35
engr0,HTC,SAE,0.1,BIM,0.9,6.60655737704918,3.0,0,35
engr0,LG,SAE,0.1,BIM,0.9,6.60655737704918,3.0,0,35
engr0,MOTO,SAE,0.1,BIM,0.9,6.60655737704918,3.0,0,35
engr0,OP3,SAE,0.1,BIM,0.9,6.60655737704918,3.0,0,35
engr0,S7,SAE,0.1,BIM,0.9,6.60655737704918,3.0,0,35
engr0,BLU,SAE,0.1,BIM,1.0,6.60655737704918,3.0,0,35
engr0,HTC,SAE,0.1,BIM,1.0,6.60655737704918,3.0,0,35
engr0,LG,SAE,0.1,BIM,1.0,6.60655737704918,3.0,0,35
engr0,MOTO,SAE,0.1,BIM,1.0,6.60655737704918,3.0,0,35
engr0,OP3,SAE,0.1,BIM,1.0,6.60655737704918,3.0,0,35
engr0,S7,SAE,0.1,BIM,1.0,6.60655737704918,3.0,0,35
engr0,BLU,STACKED_SAE,0.1,BIM,0.1,7.475409836065574,4.0,0,49
engr0,HTC,STACKED_SAE,0.1,BIM,0.1,7.475409836065574,4.0,0,49
engr0,LG,STACKED_SAE,0.1,BIM,0.1,7.475409836065574,4.0,0,49
engr0,MOTO,STACKED_SAE,0.1,BIM,0.1,7.475409836065574,4.0,0,49
engr0,OP3,STACKED_SAE,0.1,BIM,0.1,7.475409836065574,4.0,0,49
engr0,S7,STACKED_SAE,0.1,BIM,0.1,7.475409836065574,4.0,0,49
engr0,BLU,STACKED_SAE,0.1,BIM,0.2,8.754098360655737,4.0,0,49
engr0,HTC,STACKED_SAE,0.1,BIM,0.2,8.754098360655737,4.0,0,49
engr0,LG,STACKED_SAE,0.1,BIM,0.2,8.754098360655737,4.0,0,49
engr0,MOTO,STACKED_SAE,0.1,BIM,0.2,8.754098360655737,4.0,0,49
engr0,OP3,STACKED_SAE,0.1,BIM,0.2,8.754098360655737,4.0,0,49
engr0,S7,STACKED_SAE,0.1,BIM,0.2,8.754098360655737,4.0,0,49
engr0,BLU,STACKED_SAE,0.1,BIM,0.3,8.60655737704918,4.0,0,49
engr0,HTC,STACKED_SAE,0.1,BIM,0.3,8.60655737704918,4.0,0,49
engr0,LG,STACKED_SAE,0.1,BIM,0.3,8.60655737704918,4.0,0,49
engr0,MOTO,STACKED_SAE,0.1,BIM,0.3,8.60655737704918,4.0,0,49
engr0,OP3,STACKED_SAE,0.1,BIM,0.3,8.60655737704918,4.0,0,49
engr0,S7,STACKED_SAE,0.1,BIM,0.3,8.60655737704918,4.0,0,49
engr0,BLU,STACKED_SAE,0.1,BIM,0.4,8.78688524590164,4.0,0,49
engr0,HTC,STACKED_SAE,0.1,BIM,0.4,8.78688524590164,4.0,0,49
engr0,LG,STACKED_SAE,0.1,BIM,0.4,8.78688524590164,4.0,0,49
engr0,MOTO,STACKED_SAE,0.1,BIM,0.4,8.78688524590164,4.0,0,49
engr0,OP3,STACKED_SAE,0.1,BIM,0.4,8.78688524590164,4.0,0,49
engr0,S7,STACKED_SAE,0.1,BIM,0.4,8.78688524590164,4.0,0,49
engr0,BLU,STACKED_SAE,0.1,BIM,0.5,8.78688524590164,4.0,0,49
engr0,HTC,STACKED_SAE,0.1,BIM,0.5,8.78688524590164,4.0,0,49
engr0,LG,STACKED_SAE,0.1,BIM,0.5,8.78688524590164,4.0,0,49
engr0,MOTO,STACKED_SAE,0.1,BIM,0.5,8.78688524590164,4.0,0,49
engr0,OP3,STACKED_SAE,0.1,BIM,0.5,8.78688524590164,4.0,0,49
engr0,S7,STACKED_SAE,0.1,BIM,0.5,8.78688524590164,4.0,0,49
engr0,BLU,STACKED_SAE,0.1,BIM,0.6,8.78688524590164,4.0,0,49
engr0,HTC,STACKED_SAE,0.1,BIM,0.6,8.78688524590164,4.0,0,49
engr0,LG,STACKED_SAE,0.1,BIM,0.6,8.78688524590164,4.0,0,49
engr0,MOTO,STACKED_SAE,0.1,BIM,0.6,8.78688524590164,4.0,0,49
engr0,OP3,STACKED_SAE,0.1,BIM,0.6,8.78688524590164,4.0,0,49
engr0,S7,STACKED_SAE,0.1,BIM,0.6,8.78688524590164,4.0,0,49
engr0,BLU,STACKED_SAE,0.1,BIM,0.7,8.78688524590164,4.0,0,49
engr0,HTC,STACKED_SAE,0.1,BIM,0.7,8.78688524590164,4.0,0,49
engr0,LG,STACKED_SAE,0.1,BIM,0.7,8.78688524590164,4.0,0,49
engr0,MOTO,STACKED_SAE,0.1,BIM,0.7,8.78688524590164,4.0,0,49
engr0,OP3,STACKED_SAE,0.1,BIM,0.7,8.78688524590164,4.0,0,49
engr0,S7,STACKED_SAE,0.1,BIM,0.7,8.78688524590164,4.0,0,49
engr0,BLU,STACKED_SAE,0.1,BIM,0.8,8.78688524590164,4.0,0,49
engr0,HTC,STACKED_SAE,0.1,BIM,0.8,8.78688524590164,4.0,0,49
engr0,LG,STACKED_SAE,0.1,BIM,0.8,8.78688524590164,4.0,0,49
engr0,MOTO,STACKED_SAE,0.1,BIM,0.8,8.78688524590164,4.0,0,49
engr0,OP3,STACKED_SAE,0.1,BIM,0.8,8.78688524590164,4.0,0,49
engr0,S7,STACKED_SAE,0.1,BIM,0.8,8.78688524590164,4.0,0,49
engr0,BLU,STACKED_SAE,0.1,BIM,0.9,8.78688524590164,4.0,0,49
engr0,HTC,STACKED_SAE,0.1,BIM,0.9,8.78688524590164,4.0,0,49
engr0,LG,STACKED_SAE,0.1,BIM,0.9,8.78688524590164,4.0,0,49
engr0,MOTO,STACKED_SAE,0.1,BIM,0.9,8.78688524590164,4.0,0,49
engr0,OP3,STACKED_SAE,0.1,BIM,0.9,8.78688524590164,4.0,0,49
engr0,S7,STACKED_SAE,0.1,BIM,0.9,8.78688524590164,4.0,0,49
engr0,BLU,STACKED_SAE,0.1,BIM,1.0,8.78688524590164,4.0,0,49
engr0,HTC,STACKED_SAE,0.1,BIM,1.0,8.78688524590164,4.0,0,49
engr0,LG,STACKED_SAE,0.1,BIM,1.0,8.78688524590164,4.0,0,49
engr0,MOTO,STACKED_SAE,0.1,BIM,1.0,8.78688524590164,4.0,0,49
engr0,OP3,STACKED_SAE,0.1,BIM,1.0,8.78688524590164,4.0,0,49
engr0,S7,STACKED_SAE,0.1,BIM,1.0,8.78688524590164,4.0,0,49
engr0,BLU,GAN,0.1,BIM,0.1,3.80327868852459,3.0,0,32
engr0,HTC,GAN,0.1,BIM,0.1,3.80327868852459,3.0,0,32
engr0,LG,GAN,0.1,BIM,0.1,3.80327868852459,3.0,0,32
engr0,MOTO,GAN,0.1,BIM,0.1,3.80327868852459,3.0,0,32
engr0,OP3,GAN,0.1,BIM,0.1,3.80327868852459,3.0,0,32
engr0,S7,GAN,0.1,BIM,0.1,3.80327868852459,3.0,0,32
engr0,BLU,GAN,0.1,BIM,0.2,4.180327868852459,3.0,0,32
engr0,HTC,GAN,0.1,BIM,0.2,4.180327868852459,3.0,0,32
engr0,LG,GAN,0.1,BIM,0.2,4.180327868852459,3.0,0,32
engr0,MOTO,GAN,0.1,BIM,0.2,4.180327868852459,3.0,0,32
engr0,OP3,GAN,0.1,BIM,0.2,4.180327868852459,3.0,0,32
engr0,S7,GAN,0.1,BIM,0.2,4.180327868852459,3.0,0,32
engr0,BLU,GAN,0.1,BIM,0.3,4.491803278688525,2.0,0,32
engr0,HTC,GAN,0.1,BIM,0.3,4.491803278688525,2.0,0,32
engr0,LG,GAN,0.1,BIM,0.3,4.491803278688525,2.0,0,32
engr0,MOTO,GAN,0.1,BIM,0.3,4.491803278688525,2.0,0,32
engr0,OP3,GAN,0.1,BIM,0.3,4.491803278688525,2.0,0,32
engr0,S7,GAN,0.1,BIM,0.3,4.491803278688525,2.0,0,32
engr0,BLU,GAN,0.1,BIM,0.4,4.459016393442623,2.0,0,32
engr0,HTC,GAN,0.1,BIM,0.4,4.459016393442623,2.0,0,32
engr0,LG,GAN,0.1,BIM,0.4,4.459016393442623,2.0,0,32
engr0,MOTO,GAN,0.1,BIM,0.4,4.459016393442623,2.0,0,32
engr0,OP3,GAN,0.1,BIM,0.4,4.459016393442623,2.0,0,32
engr0,S7,GAN,0.1,BIM,0.4,4.459016393442623,2.0,0,32
engr0,BLU,GAN,0.1,BIM,0.5,4.459016393442623,2.0,0,32
engr0,HTC,GAN,0.1,BIM,0.5,4.459016393442623,2.0,0,32
engr0,LG,GAN,0.1,BIM,0.5,4.459016393442623,2.0,0,32
engr0,MOTO,GAN,0.1,BIM,0.5,4.459016393442623,2.0,0,32
engr0,OP3,GAN,0.1,BIM,0.5,4.459016393442623,2.0,0,32
engr0,S7,GAN,0.1,BIM,0.5,4.459016393442623,2.0,0,32
engr0,BLU,GAN,0.1,BIM,0.6,4.459016393442623,2.0,0,32
engr0,HTC,GAN,0.1,BIM,0.6,4.459016393442623,2.0,0,32
engr0,LG,GAN,0.1,BIM,0.6,4.459016393442623,2.0,0,32
engr0,MOTO,GAN,0.1,BIM,0.6,4.459016393442623,2.0,0,32
engr0,OP3,GAN,0.1,BIM,0.6,4.459016393442623,2.0,0,32
engr0,S7,GAN,0.1,BIM,0.6,4.459016393442623,2.0,0,32
engr0,BLU,GAN,0.1,BIM,0.7,4.459016393442623,2.0,0,32
engr0,HTC,GAN,0.1,BIM,0.7,4.459016393442623,2.0,0,32
engr0,LG,GAN,0.1,BIM,0.7,4.459016393442623,2.0,0,32
engr0,MOTO,GAN,0.1,BIM,0.7,4.459016393442623,2.0,0,32
engr0,OP3,GAN,0.1,BIM,0.7,4.459016393442623,2.0,0,32
engr0,S7,GAN,0.1,BIM,0.7,4.459016393442623,2.0,0,32
engr0,BLU,GAN,0.1,BIM,0.8,4.459016393442623,2.0,0,32
engr0,HTC,GAN,0.1,BIM,0.8,4.459016393442623,2.0,0,32
engr0,LG,GAN,0.1,BIM,0.8,4.459016393442623,2.0,0,32
engr0,MOTO,GAN,0.1,BIM,0.8,4.459016393442623,2.0,0,32
engr0,OP3,GAN,0.1,BIM,0.8,4.459016393442623,2.0,0,32
engr0,S7,GAN,0.1,BIM,0.8,4.459016393442623,2.0,0,32
engr0,BLU,GAN,0.1,BIM,0.9,4.459016393442623,2.0,0,32
engr0,HTC,GAN,0.1,BIM,0.9,4.459016393442623,2.0,0,32
engr0,LG,GAN,0.1,BIM,0.9,4.459016393442623,2.0,0,32
engr0,MOTO,GAN,0.1,BIM,0.9,4.459016393442623,2.0,0,32
engr0,OP3,GAN,0.1,BIM,0.9,4.459016393442623,2.0,0,32
engr0,S7,GAN,0.1,BIM,0.9,4.459016393442623,2.0,0,32
engr0,BLU,GAN,0.1,BIM,1.0,4.459016393442623,2.0,0,32
engr0,HTC,GAN,0.1,BIM,1.0,4.459016393442623,2.0,0,32
engr0,LG,GAN,0.1,BIM,1.0,4.459016393442623,2.0,0,32
engr0,MOTO,GAN,0.1,BIM,1.0,4.459016393442623,2.0,0,32
engr0,OP3,GAN,0.1,BIM,1.0,4.459016393442623,2.0,0,32
engr0,S7,GAN,0.1,BIM,1.0,4.459016393442623,2.0,0,32
engr0,BLU,FGSM,0.1,BIM,0.1,1.5245901639344261,0.0,0,50
engr0,HTC,FGSM,0.1,BIM,0.1,1.5245901639344261,0.0,0,50
engr0,LG,FGSM,0.1,BIM,0.1,1.5245901639344261,0.0,0,50
engr0,MOTO,FGSM,0.1,BIM,0.1,1.5245901639344261,0.0,0,50
engr0,OP3,FGSM,0.1,BIM,0.1,1.5245901639344261,0.0,0,50
engr0,S7,FGSM,0.1,BIM,0.1,1.5245901639344261,0.0,0,50
engr0,BLU,FGSM,0.1,BIM,0.2,1.819672131147541,1.0,0,50
engr0,HTC,FGSM,0.1,BIM,0.2,1.819672131147541,1.0,0,50
engr0,LG,FGSM,0.1,BIM,0.2,1.819672131147541,1.0,0,50
engr0,MOTO,FGSM,0.1,BIM,0.2,1.819672131147541,1.0,0,50
engr0,OP3,FGSM,0.1,BIM,0.2,1.819672131147541,1.0,0,50
engr0,S7,FGSM,0.1,BIM,0.2,1.819672131147541,1.0,0,50
engr0,BLU,FGSM,0.1,BIM,0.3,2.557377049180328,1.0,0,50
engr0,HTC,FGSM,0.1,BIM,0.3,2.557377049180328,1.0,0,50
engr0,LG,FGSM,0.1,BIM,0.3,2.557377049180328,1.0,0,50
engr0,MOTO,FGSM,0.1,BIM,0.3,2.557377049180328,1.0,0,50
engr0,OP3,FGSM,0.1,BIM,0.3,2.557377049180328,1.0,0,50
engr0,S7,FGSM,0.1,BIM,0.3,2.557377049180328,1.0,0,50
engr0,BLU,FGSM,0.1,BIM,0.4,2.5737704918032787,1.0,0,50
engr0,HTC,FGSM,0.1,BIM,0.4,2.5737704918032787,1.0,0,50
engr0,LG,FGSM,0.1,BIM,0.4,2.5737704918032787,1.0,0,50
engr0,MOTO,FGSM,0.1,BIM,0.4,2.5737704918032787,1.0,0,50
engr0,OP3,FGSM,0.1,BIM,0.4,2.5737704918032787,1.0,0,50
engr0,S7,FGSM,0.1,BIM,0.4,2.5737704918032787,1.0,0,50
engr0,BLU,FGSM,0.1,BIM,0.5,2.5737704918032787,1.0,0,50
engr0,HTC,FGSM,0.1,BIM,0.5,2.5737704918032787,1.0,0,50
engr0,LG,FGSM,0.1,BIM,0.5,2.5737704918032787,1.0,0,50
engr0,MOTO,FGSM,0.1,BIM,0.5,2.5737704918032787,1.0,0,50
engr0,OP3,FGSM,0.1,BIM,0.5,2.5737704918032787,1.0,0,50
engr0,S7,FGSM,0.1,BIM,0.5,2.5737704918032787,1.0,0,50
engr0,BLU,FGSM,0.1,BIM,0.6,2.5737704918032787,1.0,0,50
engr0,HTC,FGSM,0.1,BIM,0.6,2.5737704918032787,1.0,0,50
engr0,LG,FGSM,0.1,BIM,0.6,2.5737704918032787,1.0,0,50
engr0,MOTO,FGSM,0.1,BIM,0.6,2.5737704918032787,1.0,0,50
engr0,OP3,FGSM,0.1,BIM,0.6,2.5737704918032787,1.0,0,50
engr0,S7,FGSM,0.1,BIM,0.6,2.5737704918032787,1.0,0,50
engr0,BLU,FGSM,0.1,BIM,0.7,2.5737704918032787,1.0,0,50
engr0,HTC,FGSM,0.1,BIM,0.7,2.5737704918032787,1.0,0,50
engr0,LG,FGSM,0.1,BIM,0.7,2.5737704918032787,1.0,0,50
engr0,MOTO,FGSM,0.1,BIM,0.7,2.5737704918032787,1.0,0,50
engr0,OP3,FGSM,0.1,BIM,0.7,2.5737704918032787,1.0,0,50
engr0,S7,FGSM,0.1,BIM,0.7,2.5737704918032787,1.0,0,50
engr0,BLU,FGSM,0.1,BIM,0.8,2.5737704918032787,1.0,0,50
engr0,HTC,FGSM,0.1,BIM,0.8,2.5737704918032787,1.0,0,50
engr0,LG,FGSM,0.1,BIM,0.8,2.5737704918032787,1.0,0,50
engr0,MOTO,FGSM,0.1,BIM,0.8,2.5737704918032787,1.0,0,50
engr0,OP3,FGSM,0.1,BIM,0.8,2.5737704918032787,1.0,0,50
engr0,S7,FGSM,0.1,BIM,0.8,2.5737704918032787,1.0,0,50
engr0,BLU,FGSM,0.1,BIM,0.9,2.5737704918032787,1.0,0,50
engr0,HTC,FGSM,0.1,BIM,0.9,2.5737704918032787,1.0,0,50
engr0,LG,FGSM,0.1,BIM,0.9,2.5737704918032787,1.0,0,50
engr0,MOTO,FGSM,0.1,BIM,0.9,2.5737704918032787,1.0,0,50
engr0,OP3,FGSM,0.1,BIM,0.9,2.5737704918032787,1.0,0,50
engr0,S7,FGSM,0.1,BIM,0.9,2.5737704918032787,1.0,0,50
engr0,BLU,FGSM,0.1,BIM,1.0,2.5737704918032787,1.0,0,50
engr0,HTC,FGSM,0.1,BIM,1.0,2.5737704918032787,1.0,0,50
engr0,LG,FGSM,0.1,BIM,1.0,2.5737704918032787,1.0,0,50
engr0,MOTO,FGSM,0.1,BIM,1.0,2.5737704918032787,1.0,0,50
engr0,OP3,FGSM,0.1,BIM,1.0,2.5737704918032787,1.0,0,50
engr0,S7,FGSM,0.1,BIM,1.0,2.5737704918032787,1.0,0,50
engr0,BLU,FGSM,0.2,BIM,0.1,2.180327868852459,0.0,0,52
engr0,HTC,FGSM,0.2,BIM,0.1,2.180327868852459,0.0,0,52
engr0,LG,FGSM,0.2,BIM,0.1,2.180327868852459,0.0,0,52
engr0,MOTO,FGSM,0.2,BIM,0.1,2.180327868852459,0.0,0,52
engr0,OP3,FGSM,0.2,BIM,0.1,2.180327868852459,0.0,0,52
engr0,S7,FGSM,0.2,BIM,0.1,2.180327868852459,0.0,0,52
engr0,BLU,FGSM,0.2,BIM,0.2,3.0327868852459017,1.0,0,52
engr0,HTC,FGSM,0.2,BIM,0.2,3.0327868852459017,1.0,0,52
engr0,LG,FGSM,0.2,BIM,0.2,3.0327868852459017,1.0,0,52
engr0,MOTO,FGSM,0.2,BIM,0.2,3.0327868852459017,1.0,0,52
engr0,OP3,FGSM,0.2,BIM,0.2,3.0327868852459017,1.0,0,52
engr0,S7,FGSM,0.2,BIM,0.2,3.0327868852459017,1.0,0,52
engr0,BLU,FGSM,0.2,BIM,0.3,4.311475409836065,1.0,0,54
engr0,HTC,FGSM,0.2,BIM,0.3,4.311475409836065,1.0,0,54
engr0,LG,FGSM,0.2,BIM,0.3,4.311475409836065,1.0,0,54
engr0,MOTO,FGSM,0.2,BIM,0.3,4.311475409836065,1.0,0,54
engr0,OP3,FGSM,0.2,BIM,0.3,4.311475409836065,1.0,0,54
engr0,S7,FGSM,0.2,BIM,0.3,4.311475409836065,1.0,0,54
engr0,BLU,FGSM,0.2,BIM,0.4,4.442622950819672,1.0,0,54
engr0,HTC,FGSM,0.2,BIM,0.4,4.442622950819672,1.0,0,54
engr0,LG,FGSM,0.2,BIM,0.4,4.442622950819672,1.0,0,54
engr0,MOTO,FGSM,0.2,BIM,0.4,4.442622950819672,1.0,0,54
engr0,OP3,FGSM,0.2,BIM,0.4,4.442622950819672,1.0,0,54
engr0,S7,FGSM,0.2,BIM,0.4,4.442622950819672,1.0,0,54
engr0,BLU,FGSM,0.2,BIM,0.5,4.442622950819672,1.0,0,54
engr0,HTC,FGSM,0.2,BIM,0.5,4.442622950819672,1.0,0,54
engr0,LG,FGSM,0.2,BIM,0.5,4.442622950819672,1.0,0,54
engr0,MOTO,FGSM,0.2,BIM,0.5,4.442622950819672,1.0,0,54
engr0,OP3,FGSM,0.2,BIM,0.5,4.442622950819672,1.0,0,54
engr0,S7,FGSM,0.2,BIM,0.5,4.442622950819672,1.0,0,54
engr0,BLU,FGSM,0.2,BIM,0.6,4.442622950819672,1.0,0,54
engr0,HTC,FGSM,0.2,BIM,0.6,4.442622950819672,1.0,0,54
engr0,LG,FGSM,0.2,BIM,0.6,4.442622950819672,1.0,0,54
engr0,MOTO,FGSM,0.2,BIM,0.6,4.442622950819672,1.0,0,54
engr0,OP3,FGSM,0.2,BIM,0.6,4.442622950819672,1.0,0,54
engr0,S7,FGSM,0.2,BIM,0.6,4.442622950819672,1.0,0,54
engr0,BLU,FGSM,0.2,BIM,0.7,4.442622950819672,1.0,0,54
engr0,HTC,FGSM,0.2,BIM,0.7,4.442622950819672,1.0,0,54
engr0,LG,FGSM,0.2,BIM,0.7,4.442622950819672,1.0,0,54
engr0,MOTO,FGSM,0.2,BIM,0.7,4.442622950819672,1.0,0,54
engr0,OP3,FGSM,0.2,BIM,0.7,4.442622950819672,1.0,0,54
engr0,S7,FGSM,0.2,BIM,0.7,4.442622950819672,1.0,0,54
engr0,BLU,FGSM,0.2,BIM,0.8,4.442622950819672,1.0,0,54
engr0,HTC,FGSM,0.2,BIM,0.8,4.442622950819672,1.0,0,54
engr0,LG,FGSM,0.2,BIM,0.8,4.442622950819672,1.0,0,54
engr0,MOTO,FGSM,0.2,BIM,0.8,4.442622950819672,1.0,0,54
engr0,OP3,FGSM,0.2,BIM,0.8,4.442622950819672,1.0,0,54
engr0,S7,FGSM,0.2,BIM,0.8,4.442622950819672,1.0,0,54
engr0,BLU,FGSM,0.2,BIM,0.9,4.442622950819672,1.0,0,54
engr0,HTC,FGSM,0.2,BIM,0.9,4.442622950819672,1.0,0,54
engr0,LG,FGSM,0.2,BIM,0.9,4.442622950819672,1.0,0,54
engr0,MOTO,FGSM,0.2,BIM,0.9,4.442622950819672,1.0,0,54
engr0,OP3,FGSM,0.2,BIM,0.9,4.442622950819672,1.0,0,54
engr0,S7,FGSM,0.2,BIM,0.9,4.442622950819672,1.0,0,54
engr0,BLU,FGSM,0.2,BIM,1.0,4.442622950819672,1.0,0,54
engr0,HTC,FGSM,0.2,BIM,1.0,4.442622950819672,1.0,0,54
engr0,LG,FGSM,0.2,BIM,1.0,4.442622950819672,1.0,0,54
engr0,MOTO,FGSM,0.2,BIM,1.0,4.442622950819672,1.0,0,54
engr0,OP3,FGSM,0.2,BIM,1.0,4.442622950819672,1.0,0,54
engr0,S7,FGSM,0.2,BIM,1.0,4.442622950819672,1.0,0,54
engr0,BLU,FGSM,0.3,BIM,0.1,1.0327868852459017,1.0,0,7
engr0,HTC,FGSM,0.3,BIM,0.1,1.0327868852459017,1.0,0,7
engr0,LG,FGSM,0.3,BIM,0.1,1.0327868852459017,1.0,0,7
engr0,MOTO,FGSM,0.3,BIM,0.1,1.0327868852459017,1.0,0,7
engr0,OP3,FGSM,0.3,BIM,0.1,1.0327868852459017,1.0,0,7
engr0,S7,FGSM,0.3,BIM,0.1,1.0327868852459017,1.0,0,7
engr0,BLU,FGSM,0.3,BIM,0.2,1.2131147540983607,1.0,0,5
engr0,HTC,FGSM,0.3,BIM,0.2,1.2131147540983607,1.0,0,5
engr0,LG,FGSM,0.3,BIM,0.2,1.2131147540983607,1.0,0,5
engr0,MOTO,FGSM,0.3,BIM,0.2,1.2131147540983607,1.0,0,5
engr0,OP3,FGSM,0.3,BIM,0.2,1.2131147540983607,1.0,0,5
engr0,S7,FGSM,0.3,BIM,0.2,1.2131147540983607,1.0,0,5
engr0,BLU,FGSM,0.3,BIM,0.3,1.3934426229508197,1.0,0,5
engr0,HTC,FGSM,0.3,BIM,0.3,1.3934426229508197,1.0,0,5
engr0,LG,FGSM,0.3,BIM,0.3,1.3934426229508197,1.0,0,5
engr0,MOTO,FGSM,0.3,BIM,0.3,1.3934426229508197,1.0,0,5
engr0,OP3,FGSM,0.3,BIM,0.3,1.3934426229508197,1.0,0,5
engr0,S7,FGSM,0.3,BIM,0.3,1.3934426229508197,1.0,0,5
engr0,BLU,FGSM,0.3,BIM,0.4,1.3278688524590163,1.0,0,5
engr0,HTC,FGSM,0.3,BIM,0.4,1.3278688524590163,1.0,0,5
engr0,LG,FGSM,0.3,BIM,0.4,1.3278688524590163,1.0,0,5
engr0,MOTO,FGSM,0.3,BIM,0.4,1.3278688524590163,1.0,0,5
engr0,OP3,FGSM,0.3,BIM,0.4,1.3278688524590163,1.0,0,5
engr0,S7,FGSM,0.3,BIM,0.4,1.3278688524590163,1.0,0,5
engr0,BLU,FGSM,0.3,BIM,0.5,1.3278688524590163,1.0,0,5
engr0,HTC,FGSM,0.3,BIM,0.5,1.3278688524590163,1.0,0,5
engr0,LG,FGSM,0.3,BIM,0.5,1.3278688524590163,1.0,0,5
engr0,MOTO,FGSM,0.3,BIM,0.5,1.3278688524590163,1.0,0,5
engr0,OP3,FGSM,0.3,BIM,0.5,1.3278688524590163,1.0,0,5
engr0,S7,FGSM,0.3,BIM,0.5,1.3278688524590163,1.0,0,5
engr0,BLU,FGSM,0.3,BIM,0.6,1.3278688524590163,1.0,0,5
engr0,HTC,FGSM,0.3,BIM,0.6,1.3278688524590163,1.0,0,5
engr0,LG,FGSM,0.3,BIM,0.6,1.3278688524590163,1.0,0,5
engr0,MOTO,FGSM,0.3,BIM,0.6,1.3278688524590163,1.0,0,5
engr0,OP3,FGSM,0.3,BIM,0.6,1.3278688524590163,1.0,0,5
engr0,S7,FGSM,0.3,BIM,0.6,1.3278688524590163,1.0,0,5
engr0,BLU,FGSM,0.3,BIM,0.7,1.3278688524590163,1.0,0,5
engr0,HTC,FGSM,0.3,BIM,0.7,1.3278688524590163,1.0,0,5
engr0,LG,FGSM,0.3,BIM,0.7,1.3278688524590163,1.0,0,5
engr0,MOTO,FGSM,0.3,BIM,0.7,1.3278688524590163,1.0,0,5
engr0,OP3,FGSM,0.3,BIM,0.7,1.3278688524590163,1.0,0,5
engr0,S7,FGSM,0.3,BIM,0.7,1.3278688524590163,1.0,0,5
engr0,BLU,FGSM,0.3,BIM,0.8,1.3278688524590163,1.0,0,5
engr0,HTC,FGSM,0.3,BIM,0.8,1.3278688524590163,1.0,0,5
engr0,LG,FGSM,0.3,BIM,0.8,1.3278688524590163,1.0,0,5
engr0,MOTO,FGSM,0.3,BIM,0.8,1.3278688524590163,1.0,0,5
engr0,OP3,FGSM,0.3,BIM,0.8,1.3278688524590163,1.0,0,5
engr0,S7,FGSM,0.3,BIM,0.8,1.3278688524590163,1.0,0,5
engr0,BLU,FGSM,0.3,BIM,0.9,1.3278688524590163,1.0,0,5
engr0,HTC,FGSM,0.3,BIM,0.9,1.3278688524590163,1.0,0,5
engr0,LG,FGSM,0.3,BIM,0.9,1.3278688524590163,1.0,0,5
engr0,MOTO,FGSM,0.3,BIM,0.9,1.3278688524590163,1.0,0,5
engr0,OP3,FGSM,0.3,BIM,0.9,1.3278688524590163,1.0,0,5
engr0,S7,FGSM,0.3,BIM,0.9,1.3278688524590163,1.0,0,5
engr0,BLU,FGSM,0.3,BIM,1.0,1.3278688524590163,1.0,0,5
engr0,HTC,FGSM,0.3,BIM,1.0,1.3278688524590163,1.0,0,5
engr0,LG,FGSM,0.3,BIM,1.0,1.3278688524590163,1.0,0,5
engr0,MOTO,FGSM,0.3,BIM,1.0,1.3278688524590163,1.0,0,5
engr0,OP3,FGSM,0.3,BIM,1.0,1.3278688524590163,1.0,0,5
engr0,S7,FGSM,0.3,BIM,1.0,1.3278688524590163,1.0,0,5
engr0,BLU,FGSM,0.4,BIM,0.1,1.0819672131147542,0.0,0,14
engr0,HTC,FGSM,0.4,BIM,0.1,1.0819672131147542,0.0,0,14
engr0,LG,FGSM,0.4,BIM,0.1,1.0819672131147542,0.0,0,14
engr0,MOTO,FGSM,0.4,BIM,0.1,1.0819672131147542,0.0,0,14
engr0,OP3,FGSM,0.4,BIM,0.1,1.0819672131147542,0.0,0,14
engr0,S7,FGSM,0.4,BIM,0.1,1.0819672131147542,0.0,0,14
engr0,BLU,FGSM,0.4,BIM,0.2,1.7540983606557377,0.0,0,40
engr0,HTC,FGSM,0.4,BIM,0.2,1.7540983606557377,0.0,0,40
engr0,LG,FGSM,0.4,BIM,0.2,1.7540983606557377,0.0,0,40
engr0,MOTO,FGSM,0.4,BIM,0.2,1.7540983606557377,0.0,0,40
engr0,OP3,FGSM,0.4,BIM,0.2,1.7540983606557377,0.0,0,40
engr0,S7,FGSM,0.4,BIM,0.2,1.7540983606557377,0.0,0,40
engr0,BLU,FGSM,0.4,BIM,0.3,1.2131147540983607,1.0,0,14
engr0,HTC,FGSM,0.4,BIM,0.3,1.2131147540983607,1.0,0,14
engr0,LG,FGSM,0.4,BIM,0.3,1.2131147540983607,1.0,0,14
engr0,MOTO,FGSM,0.4,BIM,0.3,1.2131147540983607,1.0,0,14
engr0,OP3,FGSM,0.4,BIM,0.3,1.2131147540983607,1.0,0,14
engr0,S7,FGSM,0.4,BIM,0.3,1.2131147540983607,1.0,0,14
engr0,BLU,FGSM,0.4,BIM,0.4,1.2459016393442623,1.0,0,14
engr0,HTC,FGSM,0.4,BIM,0.4,1.2459016393442623,1.0,0,14
engr0,LG,FGSM,0.4,BIM,0.4,1.2459016393442623,1.0,0,14
engr0,MOTO,FGSM,0.4,BIM,0.4,1.2459016393442623,1.0,0,14
engr0,OP3,FGSM,0.4,BIM,0.4,1.2459016393442623,1.0,0,14
engr0,S7,FGSM,0.4,BIM,0.4,1.2459016393442623,1.0,0,14
engr0,BLU,FGSM,0.4,BIM,0.5,1.2459016393442623,1.0,0,14
engr0,HTC,FGSM,0.4,BIM,0.5,1.2459016393442623,1.0,0,14
engr0,LG,FGSM,0.4,BIM,0.5,1.2459016393442623,1.0,0,14
engr0,MOTO,FGSM,0.4,BIM,0.5,1.2459016393442623,1.0,0,14
engr0,OP3,FGSM,0.4,BIM,0.5,1.2459016393442623,1.0,0,14
engr0,S7,FGSM,0.4,BIM,0.5,1.2459016393442623,1.0,0,14
engr0,BLU,FGSM,0.4,BIM,0.6,1.2459016393442623,1.0,0,14
engr0,HTC,FGSM,0.4,BIM,0.6,1.2459016393442623,1.0,0,14
engr0,LG,FGSM,0.4,BIM,0.6,1.2459016393442623,1.0,0,14
engr0,MOTO,FGSM,0.4,BIM,0.6,1.2459016393442623,1.0,0,14
engr0,OP3,FGSM,0.4,BIM,0.6,1.2459016393442623,1.0,0,14
engr0,S7,FGSM,0.4,BIM,0.6,1.2459016393442623,1.0,0,14
engr0,BLU,FGSM,0.4,BIM,0.7,1.2459016393442623,1.0,0,14
engr0,HTC,FGSM,0.4,BIM,0.7,1.2459016393442623,1.0,0,14
engr0,LG,FGSM,0.4,BIM,0.7,1.2459016393442623,1.0,0,14
engr0,MOTO,FGSM,0.4,BIM,0.7,1.2459016393442623,1.0,0,14
engr0,OP3,FGSM,0.4,BIM,0.7,1.2459016393442623,1.0,0,14
engr0,S7,FGSM,0.4,BIM,0.7,1.2459016393442623,1.0,0,14
engr0,BLU,FGSM,0.4,BIM,0.8,1.2459016393442623,1.0,0,14
engr0,HTC,FGSM,0.4,BIM,0.8,1.2459016393442623,1.0,0,14
engr0,LG,FGSM,0.4,BIM,0.8,1.2459016393442623,1.0,0,14
engr0,MOTO,FGSM,0.4,BIM,0.8,1.2459016393442623,1.0,0,14
engr0,OP3,FGSM,0.4,BIM,0.8,1.2459016393442623,1.0,0,14
engr0,S7,FGSM,0.4,BIM,0.8,1.2459016393442623,1.0,0,14
engr0,BLU,FGSM,0.4,BIM,0.9,1.2459016393442623,1.0,0,14
engr0,HTC,FGSM,0.4,BIM,0.9,1.2459016393442623,1.0,0,14
engr0,LG,FGSM,0.4,BIM,0.9,1.2459016393442623,1.0,0,14
engr0,MOTO,FGSM,0.4,BIM,0.9,1.2459016393442623,1.0,0,14
engr0,OP3,FGSM,0.4,BIM,0.9,1.2459016393442623,1.0,0,14
engr0,S7,FGSM,0.4,BIM,0.9,1.2459016393442623,1.0,0,14
engr0,BLU,FGSM,0.4,BIM,1.0,1.2459016393442623,1.0,0,14
engr0,HTC,FGSM,0.4,BIM,1.0,1.2459016393442623,1.0,0,14
engr0,LG,FGSM,0.4,BIM,1.0,1.2459016393442623,1.0,0,14
engr0,MOTO,FGSM,0.4,BIM,1.0,1.2459016393442623,1.0,0,14
engr0,OP3,FGSM,0.4,BIM,1.0,1.2459016393442623,1.0,0,14
engr0,S7,FGSM,0.4,BIM,1.0,1.2459016393442623,1.0,0,14
engr0,BLU,FGSM,0.5,BIM,0.1,0.9180327868852459,0.0,0,14
engr0,HTC,FGSM,0.5,BIM,0.1,0.9180327868852459,0.0,0,14
engr0,LG,FGSM,0.5,BIM,0.1,0.9180327868852459,0.0,0,14
engr0,MOTO,FGSM,0.5,BIM,0.1,0.9180327868852459,0.0,0,14
engr0,OP3,FGSM,0.5,BIM,0.1,0.9180327868852459,0.0,0,14
engr0,S7,FGSM,0.5,BIM,0.1,0.9180327868852459,0.0,0,14
engr0,BLU,FGSM,0.5,BIM,0.2,1.901639344262295,1.0,0,41
engr0,HTC,FGSM,0.5,BIM,0.2,1.901639344262295,1.0,0,41
engr0,LG,FGSM,0.5,BIM,0.2,1.901639344262295,1.0,0,41
engr0,MOTO,FGSM,0.5,BIM,0.2,1.901639344262295,1.0,0,41
engr0,OP3,FGSM,0.5,BIM,0.2,1.901639344262295,1.0,0,41
engr0,S7,FGSM,0.5,BIM,0.2,1.901639344262295,1.0,0,41
engr0,BLU,FGSM,0.5,BIM,0.3,1.9672131147540983,1.0,0,43
engr0,HTC,FGSM,0.5,BIM,0.3,1.9672131147540983,1.0,0,43
engr0,LG,FGSM,0.5,BIM,0.3,1.9672131147540983,1.0,0,43
engr0,MOTO,FGSM,0.5,BIM,0.3,1.9672131147540983,1.0,0,43
engr0,OP3,FGSM,0.5,BIM,0.3,1.9672131147540983,1.0,0,43
engr0,S7,FGSM,0.5,BIM,0.3,1.9672131147540983,1.0,0,43
engr0,BLU,FGSM,0.5,BIM,0.4,2.0163934426229506,1.0,0,43
engr0,HTC,FGSM,0.5,BIM,0.4,2.0163934426229506,1.0,0,43
engr0,LG,FGSM,0.5,BIM,0.4,2.0163934426229506,1.0,0,43
engr0,MOTO,FGSM,0.5,BIM,0.4,2.0163934426229506,1.0,0,43
engr0,OP3,FGSM,0.5,BIM,0.4,2.0163934426229506,1.0,0,43
engr0,S7,FGSM,0.5,BIM,0.4,2.0163934426229506,1.0,0,43
engr0,BLU,FGSM,0.5,BIM,0.5,2.0163934426229506,1.0,0,43
engr0,HTC,FGSM,0.5,BIM,0.5,2.0163934426229506,1.0,0,43
engr0,LG,FGSM,0.5,BIM,0.5,2.0163934426229506,1.0,0,43
engr0,MOTO,FGSM,0.5,BIM,0.5,2.0163934426229506,1.0,0,43
engr0,OP3,FGSM,0.5,BIM,0.5,2.0163934426229506,1.0,0,43
engr0,S7,FGSM,0.5,BIM,0.5,2.0163934426229506,1.0,0,43
engr0,BLU,FGSM,0.5,BIM,0.6,2.0163934426229506,1.0,0,43
engr0,HTC,FGSM,0.5,BIM,0.6,2.0163934426229506,1.0,0,43
engr0,LG,FGSM,0.5,BIM,0.6,2.0163934426229506,1.0,0,43
engr0,MOTO,FGSM,0.5,BIM,0.6,2.0163934426229506,1.0,0,43
engr0,OP3,FGSM,0.5,BIM,0.6,2.0163934426229506,1.0,0,43
engr0,S7,FGSM,0.5,BIM,0.6,2.0163934426229506,1.0,0,43
engr0,BLU,FGSM,0.5,BIM,0.7,2.0163934426229506,1.0,0,43
engr0,HTC,FGSM,0.5,BIM,0.7,2.0163934426229506,1.0,0,43
engr0,LG,FGSM,0.5,BIM,0.7,2.0163934426229506,1.0,0,43
engr0,MOTO,FGSM,0.5,BIM,0.7,2.0163934426229506,1.0,0,43
engr0,OP3,FGSM,0.5,BIM,0.7,2.0163934426229506,1.0,0,43
engr0,S7,FGSM,0.5,BIM,0.7,2.0163934426229506,1.0,0,43
engr0,BLU,FGSM,0.5,BIM,0.8,2.0163934426229506,1.0,0,43
engr0,HTC,FGSM,0.5,BIM,0.8,2.0163934426229506,1.0,0,43
engr0,LG,FGSM,0.5,BIM,0.8,2.0163934426229506,1.0,0,43
engr0,MOTO,FGSM,0.5,BIM,0.8,2.0163934426229506,1.0,0,43
engr0,OP3,FGSM,0.5,BIM,0.8,2.0163934426229506,1.0,0,43
engr0,S7,FGSM,0.5,BIM,0.8,2.0163934426229506,1.0,0,43
engr0,BLU,FGSM,0.5,BIM,0.9,2.0163934426229506,1.0,0,43
engr0,HTC,FGSM,0.5,BIM,0.9,2.0163934426229506,1.0,0,43
engr0,LG,FGSM,0.5,BIM,0.9,2.0163934426229506,1.0,0,43
engr0,MOTO,FGSM,0.5,BIM,0.9,2.0163934426229506,1.0,0,43
engr0,OP3,FGSM,0.5,BIM,0.9,2.0163934426229506,1.0,0,43
engr0,S7,FGSM,0.5,BIM,0.9,2.0163934426229506,1.0,0,43
engr0,BLU,FGSM,0.5,BIM,1.0,2.0163934426229506,1.0,0,43
engr0,HTC,FGSM,0.5,BIM,1.0,2.0163934426229506,1.0,0,43
engr0,LG,FGSM,0.5,BIM,1.0,2.0163934426229506,1.0,0,43
engr0,MOTO,FGSM,0.5,BIM,1.0,2.0163934426229506,1.0,0,43
engr0,OP3,FGSM,0.5,BIM,1.0,2.0163934426229506,1.0,0,43
engr0,S7,FGSM,0.5,BIM,1.0,2.0163934426229506,1.0,0,43
engr0,BLU,FGSM,0.6,BIM,0.1,0.6885245901639344,0.0,0,6
engr0,HTC,FGSM,0.6,BIM,0.1,0.6885245901639344,0.0,0,6
engr0,LG,FGSM,0.6,BIM,0.1,0.6885245901639344,0.0,0,6
engr0,MOTO,FGSM,0.6,BIM,0.1,0.6885245901639344,0.0,0,6
engr0,OP3,FGSM,0.6,BIM,0.1,0.6885245901639344,0.0,0,6
engr0,S7,FGSM,0.6,BIM,0.1,0.6885245901639344,0.0,0,6
engr0,BLU,FGSM,0.6,BIM,0.2,0.9180327868852459,0.0,0,6
engr0,HTC,FGSM,0.6,BIM,0.2,0.9180327868852459,0.0,0,6
engr0,LG,FGSM,0.6,BIM,0.2,0.9180327868852459,0.0,0,6
engr0,MOTO,FGSM,0.6,BIM,0.2,0.9180327868852459,0.0,0,6
engr0,OP3,FGSM,0.6,BIM,0.2,0.9180327868852459,0.0,0,6
engr0,S7,FGSM,0.6,BIM,0.2,0.9180327868852459,0.0,0,6
engr0,BLU,FGSM,0.6,BIM,0.3,1.0491803278688525,1.0,0,6
engr0,HTC,FGSM,0.6,BIM,0.3,1.0491803278688525,1.0,0,6
engr0,LG,FGSM,0.6,BIM,0.3,1.0491803278688525,1.0,0,6
engr0,MOTO,FGSM,0.6,BIM,0.3,1.0491803278688525,1.0,0,6
engr0,OP3,FGSM,0.6,BIM,0.3,1.0491803278688525,1.0,0,6
engr0,S7,FGSM,0.6,BIM,0.3,1.0491803278688525,1.0,0,6
engr0,BLU,FGSM,0.6,BIM,0.4,1.098360655737705,1.0,0,6
engr0,HTC,FGSM,0.6,BIM,0.4,1.098360655737705,1.0,0,6
engr0,LG,FGSM,0.6,BIM,0.4,1.098360655737705,1.0,0,6
engr0,MOTO,FGSM,0.6,BIM,0.4,1.098360655737705,1.0,0,6
engr0,OP3,FGSM,0.6,BIM,0.4,1.098360655737705,1.0,0,6
engr0,S7,FGSM,0.6,BIM,0.4,1.098360655737705,1.0,0,6
engr0,BLU,FGSM,0.6,BIM,0.5,1.098360655737705,1.0,0,6
engr0,HTC,FGSM,0.6,BIM,0.5,1.098360655737705,1.0,0,6
engr0,LG,FGSM,0.6,BIM,0.5,1.098360655737705,1.0,0,6
engr0,MOTO,FGSM,0.6,BIM,0.5,1.098360655737705,1.0,0,6
engr0,OP3,FGSM,0.6,BIM,0.5,1.098360655737705,1.0,0,6
engr0,S7,FGSM,0.6,BIM,0.5,1.098360655737705,1.0,0,6
engr0,BLU,FGSM,0.6,BIM,0.6,1.098360655737705,1.0,0,6
engr0,HTC,FGSM,0.6,BIM,0.6,1.098360655737705,1.0,0,6
engr0,LG,FGSM,0.6,BIM,0.6,1.098360655737705,1.0,0,6
engr0,MOTO,FGSM,0.6,BIM,0.6,1.098360655737705,1.0,0,6
engr0,OP3,FGSM,0.6,BIM,0.6,1.098360655737705,1.0,0,6
engr0,S7,FGSM,0.6,BIM,0.6,1.098360655737705,1.0,0,6
engr0,BLU,FGSM,0.6,BIM,0.7,1.098360655737705,1.0,0,6
engr0,HTC,FGSM,0.6,BIM,0.7,1.098360655737705,1.0,0,6
engr0,LG,FGSM,0.6,BIM,0.7,1.098360655737705,1.0,0,6
engr0,MOTO,FGSM,0.6,BIM,0.7,1.098360655737705,1.0,0,6
engr0,OP3,FGSM,0.6,BIM,0.7,1.098360655737705,1.0,0,6
engr0,S7,FGSM,0.6,BIM,0.7,1.098360655737705,1.0,0,6
engr0,BLU,FGSM,0.6,BIM,0.8,1.098360655737705,1.0,0,6
engr0,HTC,FGSM,0.6,BIM,0.8,1.098360655737705,1.0,0,6
engr0,LG,FGSM,0.6,BIM,0.8,1.098360655737705,1.0,0,6
engr0,MOTO,FGSM,0.6,BIM,0.8,1.098360655737705,1.0,0,6
engr0,OP3,FGSM,0.6,BIM,0.8,1.098360655737705,1.0,0,6
engr0,S7,FGSM,0.6,BIM,0.8,1.098360655737705,1.0,0,6
engr0,BLU,FGSM,0.6,BIM,0.9,1.098360655737705,1.0,0,6
engr0,HTC,FGSM,0.6,BIM,0.9,1.098360655737705,1.0,0,6
engr0,LG,FGSM,0.6,BIM,0.9,1.098360655737705,1.0,0,6
engr0,MOTO,FGSM,0.6,BIM,0.9,1.098360655737705,1.0,0,6
engr0,OP3,FGSM,0.6,BIM,0.9,1.098360655737705,1.0,0,6
engr0,S7,FGSM,0.6,BIM,0.9,1.098360655737705,1.0,0,6
engr0,BLU,FGSM,0.6,BIM,1.0,1.098360655737705,1.0,0,6
engr0,HTC,FGSM,0.6,BIM,1.0,1.098360655737705,1.0,0,6
engr0,LG,FGSM,0.6,BIM,1.0,1.098360655737705,1.0,0,6
engr0,MOTO,FGSM,0.6,BIM,1.0,1.098360655737705,1.0,0,6
engr0,OP3,FGSM,0.6,BIM,1.0,1.098360655737705,1.0,0,6
engr0,S7,FGSM,0.6,BIM,1.0,1.098360655737705,1.0,0,6
engr0,BLU,FGSM,0.7,BIM,0.1,0.6229508196721312,0.0,0,4
engr0,HTC,FGSM,0.7,BIM,0.1,0.6229508196721312,0.0,0,4
engr0,LG,FGSM,0.7,BIM,0.1,0.6229508196721312,0.0,0,4
engr0,MOTO,FGSM,0.7,BIM,0.1,0.6229508196721312,0.0,0,4
engr0,OP3,FGSM,0.7,BIM,0.1,0.6229508196721312,0.0,0,4
engr0,S7,FGSM,0.7,BIM,0.1,0.6229508196721312,0.0,0,4
engr0,BLU,FGSM,0.7,BIM,0.2,0.8032786885245902,0.0,0,6
engr0,HTC,FGSM,0.7,BIM,0.2,0.8032786885245902,0.0,0,6
engr0,LG,FGSM,0.7,BIM,0.2,0.8032786885245902,0.0,0,6
engr0,MOTO,FGSM,0.7,BIM,0.2,0.8032786885245902,0.0,0,6
engr0,OP3,FGSM,0.7,BIM,0.2,0.8032786885245902,0.0,0,6
engr0,S7,FGSM,0.7,BIM,0.2,0.8032786885245902,0.0,0,6
engr0,BLU,FGSM,0.7,BIM,0.3,1.0327868852459017,0.0,0,6
engr0,HTC,FGSM,0.7,BIM,0.3,1.0327868852459017,0.0,0,6
engr0,LG,FGSM,0.7,BIM,0.3,1.0327868852459017,0.0,0,6
engr0,MOTO,FGSM,0.7,BIM,0.3,1.0327868852459017,0.0,0,6
engr0,OP3,FGSM,0.7,BIM,0.3,1.0327868852459017,0.0,0,6
engr0,S7,FGSM,0.7,BIM,0.3,1.0327868852459017,0.0,0,6
engr0,BLU,FGSM,0.7,BIM,0.4,1.0327868852459017,0.0,0,6
engr0,HTC,FGSM,0.7,BIM,0.4,1.0327868852459017,0.0,0,6
engr0,LG,FGSM,0.7,BIM,0.4,1.0327868852459017,0.0,0,6
engr0,MOTO,FGSM,0.7,BIM,0.4,1.0327868852459017,0.0,0,6
engr0,OP3,FGSM,0.7,BIM,0.4,1.0327868852459017,0.0,0,6
engr0,S7,FGSM,0.7,BIM,0.4,1.0327868852459017,0.0,0,6
engr0,BLU,FGSM,0.7,BIM,0.5,1.0327868852459017,0.0,0,6
engr0,HTC,FGSM,0.7,BIM,0.5,1.0327868852459017,0.0,0,6
engr0,LG,FGSM,0.7,BIM,0.5,1.0327868852459017,0.0,0,6
engr0,MOTO,FGSM,0.7,BIM,0.5,1.0327868852459017,0.0,0,6
engr0,OP3,FGSM,0.7,BIM,0.5,1.0327868852459017,0.0,0,6
engr0,S7,FGSM,0.7,BIM,0.5,1.0327868852459017,0.0,0,6
engr0,BLU,FGSM,0.7,BIM,0.6,1.0327868852459017,0.0,0,6
engr0,HTC,FGSM,0.7,BIM,0.6,1.0327868852459017,0.0,0,6
engr0,LG,FGSM,0.7,BIM,0.6,1.0327868852459017,0.0,0,6
engr0,MOTO,FGSM,0.7,BIM,0.6,1.0327868852459017,0.0,0,6
engr0,OP3,FGSM,0.7,BIM,0.6,1.0327868852459017,0.0,0,6
engr0,S7,FGSM,0.7,BIM,0.6,1.0327868852459017,0.0,0,6
engr0,BLU,FGSM,0.7,BIM,0.7,1.0327868852459017,0.0,0,6
engr0,HTC,FGSM,0.7,BIM,0.7,1.0327868852459017,0.0,0,6
engr0,LG,FGSM,0.7,BIM,0.7,1.0327868852459017,0.0,0,6
engr0,MOTO,FGSM,0.7,BIM,0.7,1.0327868852459017,0.0,0,6
engr0,OP3,FGSM,0.7,BIM,0.7,1.0327868852459017,0.0,0,6
engr0,S7,FGSM,0.7,BIM,0.7,1.0327868852459017,0.0,0,6
engr0,BLU,FGSM,0.7,BIM,0.8,1.0327868852459017,0.0,0,6
engr0,HTC,FGSM,0.7,BIM,0.8,1.0327868852459017,0.0,0,6
engr0,LG,FGSM,0.7,BIM,0.8,1.0327868852459017,0.0,0,6
engr0,MOTO,FGSM,0.7,BIM,0.8,1.0327868852459017,0.0,0,6
engr0,OP3,FGSM,0.7,BIM,0.8,1.0327868852459017,0.0,0,6
engr0,S7,FGSM,0.7,BIM,0.8,1.0327868852459017,0.0,0,6
engr0,BLU,FGSM,0.7,BIM,0.9,1.0327868852459017,0.0,0,6
engr0,HTC,FGSM,0.7,BIM,0.9,1.0327868852459017,0.0,0,6
engr0,LG,FGSM,0.7,BIM,0.9,1.0327868852459017,0.0,0,6
engr0,MOTO,FGSM,0.7,BIM,0.9,1.0327868852459017,0.0,0,6
engr0,OP3,FGSM,0.7,BIM,0.9,1.0327868852459017,0.0,0,6
engr0,S7,FGSM,0.7,BIM,0.9,1.0327868852459017,0.0,0,6
engr0,BLU,FGSM,0.7,BIM,1.0,1.0327868852459017,0.0,0,6
engr0,HTC,FGSM,0.7,BIM,1.0,1.0327868852459017,0.0,0,6
engr0,LG,FGSM,0.7,BIM,1.0,1.0327868852459017,0.0,0,6
engr0,MOTO,FGSM,0.7,BIM,1.0,1.0327868852459017,0.0,0,6
engr0,OP3,FGSM,0.7,BIM,1.0,1.0327868852459017,0.0,0,6
engr0,S7,FGSM,0.7,BIM,1.0,1.0327868852459017,0.0,0,6
engr0,BLU,FGSM,0.8,BIM,0.1,0.8688524590163934,0.0,0,4
engr0,HTC,FGSM,0.8,BIM,0.1,0.8688524590163934,0.0,0,4
engr0,LG,FGSM,0.8,BIM,0.1,0.8688524590163934,0.0,0,4
engr0,MOTO,FGSM,0.8,BIM,0.1,0.8688524590163934,0.0,0,4
engr0,OP3,FGSM,0.8,BIM,0.1,0.8688524590163934,0.0,0,4
engr0,S7,FGSM,0.8,BIM,0.1,0.8688524590163934,0.0,0,4
engr0,BLU,FGSM,0.8,BIM,0.2,1.0327868852459017,1.0,0,8
engr0,HTC,FGSM,0.8,BIM,0.2,1.0327868852459017,1.0,0,8
engr0,LG,FGSM,0.8,BIM,0.2,1.0327868852459017,1.0,0,8
engr0,MOTO,FGSM,0.8,BIM,0.2,1.0327868852459017,1.0,0,8
engr0,OP3,FGSM,0.8,BIM,0.2,1.0327868852459017,1.0,0,8
engr0,S7,FGSM,0.8,BIM,0.2,1.0327868852459017,1.0,0,8
engr0,BLU,FGSM,0.8,BIM,0.3,1.9180327868852458,1.0,0,50
engr0,HTC,FGSM,0.8,BIM,0.3,1.9180327868852458,1.0,0,50
engr0,LG,FGSM,0.8,BIM,0.3,1.9180327868852458,1.0,0,50
engr0,MOTO,FGSM,0.8,BIM,0.3,1.9180327868852458,1.0,0,50
engr0,OP3,FGSM,0.8,BIM,0.3,1.9180327868852458,1.0,0,50
engr0,S7,FGSM,0.8,BIM,0.3,1.9180327868852458,1.0,0,50
engr0,BLU,FGSM,0.8,BIM,0.4,1.9836065573770492,1.0,0,50
engr0,HTC,FGSM,0.8,BIM,0.4,1.9836065573770492,1.0,0,50
engr0,LG,FGSM,0.8,BIM,0.4,1.9836065573770492,1.0,0,50
engr0,MOTO,FGSM,0.8,BIM,0.4,1.9836065573770492,1.0,0,50
engr0,OP3,FGSM,0.8,BIM,0.4,1.9836065573770492,1.0,0,50
engr0,S7,FGSM,0.8,BIM,0.4,1.9836065573770492,1.0,0,50
engr0,BLU,FGSM,0.8,BIM,0.5,1.9836065573770492,1.0,0,50
engr0,HTC,FGSM,0.8,BIM,0.5,1.9836065573770492,1.0,0,50
engr0,LG,FGSM,0.8,BIM,0.5,1.9836065573770492,1.0,0,50
engr0,MOTO,FGSM,0.8,BIM,0.5,1.9836065573770492,1.0,0,50
engr0,OP3,FGSM,0.8,BIM,0.5,1.9836065573770492,1.0,0,50
engr0,S7,FGSM,0.8,BIM,0.5,1.9836065573770492,1.0,0,50
engr0,BLU,FGSM,0.8,BIM,0.6,1.9836065573770492,1.0,0,50
engr0,HTC,FGSM,0.8,BIM,0.6,1.9836065573770492,1.0,0,50
engr0,LG,FGSM,0.8,BIM,0.6,1.9836065573770492,1.0,0,50
engr0,MOTO,FGSM,0.8,BIM,0.6,1.9836065573770492,1.0,0,50
engr0,OP3,FGSM,0.8,BIM,0.6,1.9836065573770492,1.0,0,50
engr0,S7,FGSM,0.8,BIM,0.6,1.9836065573770492,1.0,0,50
engr0,BLU,FGSM,0.8,BIM,0.7,1.9836065573770492,1.0,0,50
engr0,HTC,FGSM,0.8,BIM,0.7,1.9836065573770492,1.0,0,50
engr0,LG,FGSM,0.8,BIM,0.7,1.9836065573770492,1.0,0,50
engr0,MOTO,FGSM,0.8,BIM,0.7,1.9836065573770492,1.0,0,50
engr0,OP3,FGSM,0.8,BIM,0.7,1.9836065573770492,1.0,0,50
engr0,S7,FGSM,0.8,BIM,0.7,1.9836065573770492,1.0,0,50
engr0,BLU,FGSM,0.8,BIM,0.8,1.9836065573770492,1.0,0,50
engr0,HTC,FGSM,0.8,BIM,0.8,1.9836065573770492,1.0,0,50
engr0,LG,FGSM,0.8,BIM,0.8,1.9836065573770492,1.0,0,50
engr0,MOTO,FGSM,0.8,BIM,0.8,1.9836065573770492,1.0,0,50
engr0,OP3,FGSM,0.8,BIM,0.8,1.9836065573770492,1.0,0,50
engr0,S7,FGSM,0.8,BIM,0.8,1.9836065573770492,1.0,0,50
engr0,BLU,FGSM,0.8,BIM,0.9,1.9836065573770492,1.0,0,50
engr0,HTC,FGSM,0.8,BIM,0.9,1.9836065573770492,1.0,0,50
engr0,LG,FGSM,0.8,BIM,0.9,1.9836065573770492,1.0,0,50
engr0,MOTO,FGSM,0.8,BIM,0.9,1.9836065573770492,1.0,0,50
engr0,OP3,FGSM,0.8,BIM,0.9,1.9836065573770492,1.0,0,50
engr0,S7,FGSM,0.8,BIM,0.9,1.9836065573770492,1.0,0,50
engr0,BLU,FGSM,0.8,BIM,1.0,1.9836065573770492,1.0,0,50
engr0,HTC,FGSM,0.8,BIM,1.0,1.9836065573770492,1.0,0,50
engr0,LG,FGSM,0.8,BIM,1.0,1.9836065573770492,1.0,0,50
engr0,MOTO,FGSM,0.8,BIM,1.0,1.9836065573770492,1.0,0,50
engr0,OP3,FGSM,0.8,BIM,1.0,1.9836065573770492,1.0,0,50
engr0,S7,FGSM,0.8,BIM,1.0,1.9836065573770492,1.0,0,50
engr0,BLU,FGSM,0.9,BIM,0.1,0.7540983606557377,0.0,0,8
engr0,HTC,FGSM,0.9,BIM,0.1,0.7540983606557377,0.0,0,8
engr0,LG,FGSM,0.9,BIM,0.1,0.7540983606557377,0.0,0,8
engr0,MOTO,FGSM,0.9,BIM,0.1,0.7540983606557377,0.0,0,8
engr0,OP3,FGSM,0.9,BIM,0.1,0.7540983606557377,0.0,0,8
engr0,S7,FGSM,0.9,BIM,0.1,0.7540983606557377,0.0,0,8
engr0,BLU,FGSM,0.9,BIM,0.2,1.1967213114754098,0.0,0,12
engr0,HTC,FGSM,0.9,BIM,0.2,1.1967213114754098,0.0,0,12
engr0,LG,FGSM,0.9,BIM,0.2,1.1967213114754098,0.0,0,12
engr0,MOTO,FGSM,0.9,BIM,0.2,1.1967213114754098,0.0,0,12
engr0,OP3,FGSM,0.9,BIM,0.2,1.1967213114754098,0.0,0,12
engr0,S7,FGSM,0.9,BIM,0.2,1.1967213114754098,0.0,0,12
engr0,BLU,FGSM,0.9,BIM,0.3,1.2295081967213115,0.0,0,12
engr0,HTC,FGSM,0.9,BIM,0.3,1.2295081967213115,0.0,0,12
engr0,LG,FGSM,0.9,BIM,0.3,1.2295081967213115,0.0,0,12
engr0,MOTO,FGSM,0.9,BIM,0.3,1.2295081967213115,0.0,0,12
engr0,OP3,FGSM,0.9,BIM,0.3,1.2295081967213115,0.0,0,12
engr0,S7,FGSM,0.9,BIM,0.3,1.2295081967213115,0.0,0,12
engr0,BLU,FGSM,0.9,BIM,0.4,1.2459016393442623,0.0,0,12
engr0,HTC,FGSM,0.9,BIM,0.4,1.2459016393442623,0.0,0,12
engr0,LG,FGSM,0.9,BIM,0.4,1.2459016393442623,0.0,0,12
engr0,MOTO,FGSM,0.9,BIM,0.4,1.2459016393442623,0.0,0,12
engr0,OP3,FGSM,0.9,BIM,0.4,1.2459016393442623,0.0,0,12
engr0,S7,FGSM,0.9,BIM,0.4,1.2459016393442623,0.0,0,12
engr0,BLU,FGSM,0.9,BIM,0.5,1.2459016393442623,0.0,0,12
engr0,HTC,FGSM,0.9,BIM,0.5,1.2459016393442623,0.0,0,12
engr0,LG,FGSM,0.9,BIM,0.5,1.2459016393442623,0.0,0,12
engr0,MOTO,FGSM,0.9,BIM,0.5,1.2459016393442623,0.0,0,12
engr0,OP3,FGSM,0.9,BIM,0.5,1.2459016393442623,0.0,0,12
engr0,S7,FGSM,0.9,BIM,0.5,1.2459016393442623,0.0,0,12
engr0,BLU,FGSM,0.9,BIM,0.6,1.2459016393442623,0.0,0,12
engr0,HTC,FGSM,0.9,BIM,0.6,1.2459016393442623,0.0,0,12
engr0,LG,FGSM,0.9,BIM,0.6,1.2459016393442623,0.0,0,12
engr0,MOTO,FGSM,0.9,BIM,0.6,1.2459016393442623,0.0,0,12
engr0,OP3,FGSM,0.9,BIM,0.6,1.2459016393442623,0.0,0,12
engr0,S7,FGSM,0.9,BIM,0.6,1.2459016393442623,0.0,0,12
engr0,BLU,FGSM,0.9,BIM,0.7,1.2459016393442623,0.0,0,12
engr0,HTC,FGSM,0.9,BIM,0.7,1.2459016393442623,0.0,0,12
engr0,LG,FGSM,0.9,BIM,0.7,1.2459016393442623,0.0,0,12
engr0,MOTO,FGSM,0.9,BIM,0.7,1.2459016393442623,0.0,0,12
engr0,OP3,FGSM,0.9,BIM,0.7,1.2459016393442623,0.0,0,12
engr0,S7,FGSM,0.9,BIM,0.7,1.2459016393442623,0.0,0,12
engr0,BLU,FGSM,0.9,BIM,0.8,1.2459016393442623,0.0,0,12
engr0,HTC,FGSM,0.9,BIM,0.8,1.2459016393442623,0.0,0,12
engr0,LG,FGSM,0.9,BIM,0.8,1.2459016393442623,0.0,0,12
engr0,MOTO,FGSM,0.9,BIM,0.8,1.2459016393442623,0.0,0,12
engr0,OP3,FGSM,0.9,BIM,0.8,1.2459016393442623,0.0,0,12
engr0,S7,FGSM,0.9,BIM,0.8,1.2459016393442623,0.0,0,12
engr0,BLU,FGSM,0.9,BIM,0.9,1.2459016393442623,0.0,0,12
engr0,HTC,FGSM,0.9,BIM,0.9,1.2459016393442623,0.0,0,12
engr0,LG,FGSM,0.9,BIM,0.9,1.2459016393442623,0.0,0,12
engr0,MOTO,FGSM,0.9,BIM,0.9,1.2459016393442623,0.0,0,12
engr0,OP3,FGSM,0.9,BIM,0.9,1.2459016393442623,0.0,0,12
engr0,S7,FGSM,0.9,BIM,0.9,1.2459016393442623,0.0,0,12
engr0,BLU,FGSM,0.9,BIM,1.0,1.2459016393442623,0.0,0,12
engr0,HTC,FGSM,0.9,BIM,1.0,1.2459016393442623,0.0,0,12
engr0,LG,FGSM,0.9,BIM,1.0,1.2459016393442623,0.0,0,12
engr0,MOTO,FGSM,0.9,BIM,1.0,1.2459016393442623,0.0,0,12
engr0,OP3,FGSM,0.9,BIM,1.0,1.2459016393442623,0.0,0,12
engr0,S7,FGSM,0.9,BIM,1.0,1.2459016393442623,0.0,0,12
engr0,BLU,FGSM,1.0,BIM,0.1,0.7049180327868853,0.0,0,10
engr0,HTC,FGSM,1.0,BIM,0.1,0.7049180327868853,0.0,0,10
engr0,LG,FGSM,1.0,BIM,0.1,0.7049180327868853,0.0,0,10
engr0,MOTO,FGSM,1.0,BIM,0.1,0.7049180327868853,0.0,0,10
engr0,OP3,FGSM,1.0,BIM,0.1,0.7049180327868853,0.0,0,10
engr0,S7,FGSM,1.0,BIM,0.1,0.7049180327868853,0.0,0,10
engr0,BLU,FGSM,1.0,BIM,0.2,2.0327868852459017,0.0,0,55
engr0,HTC,FGSM,1.0,BIM,0.2,2.0327868852459017,0.0,0,55
engr0,LG,FGSM,1.0,BIM,0.2,2.0327868852459017,0.0,0,55
engr0,MOTO,FGSM,1.0,BIM,0.2,2.0327868852459017,0.0,0,55
engr0,OP3,FGSM,1.0,BIM,0.2,2.0327868852459017,0.0,0,55
engr0,S7,FGSM,1.0,BIM,0.2,2.0327868852459017,0.0,0,55
engr0,BLU,FGSM,1.0,BIM,0.3,2.0327868852459017,0.0,0,55
engr0,HTC,FGSM,1.0,BIM,0.3,2.0327868852459017,0.0,0,55
engr0,LG,FGSM,1.0,BIM,0.3,2.0327868852459017,0.0,0,55
engr0,MOTO,FGSM,1.0,BIM,0.3,2.0327868852459017,0.0,0,55
engr0,OP3,FGSM,1.0,BIM,0.3,2.0327868852459017,0.0,0,55
engr0,S7,FGSM,1.0,BIM,0.3,2.0327868852459017,0.0,0,55
engr0,BLU,FGSM,1.0,BIM,0.4,3.2459016393442623,1.0,0,55
engr0,HTC,FGSM,1.0,BIM,0.4,3.2459016393442623,1.0,0,55
engr0,LG,FGSM,1.0,BIM,0.4,3.2459016393442623,1.0,0,55
engr0,MOTO,FGSM,1.0,BIM,0.4,3.2459016393442623,1.0,0,55
engr0,OP3,FGSM,1.0,BIM,0.4,3.2459016393442623,1.0,0,55
engr0,S7,FGSM,1.0,BIM,0.4,3.2459016393442623,1.0,0,55
engr0,BLU,FGSM,1.0,BIM,0.5,3.2459016393442623,1.0,0,55
engr0,HTC,FGSM,1.0,BIM,0.5,3.2459016393442623,1.0,0,55
engr0,LG,FGSM,1.0,BIM,0.5,3.2459016393442623,1.0,0,55
engr0,MOTO,FGSM,1.0,BIM,0.5,3.2459016393442623,1.0,0,55
engr0,OP3,FGSM,1.0,BIM,0.5,3.2459016393442623,1.0,0,55
engr0,S7,FGSM,1.0,BIM,0.5,3.2459016393442623,1.0,0,55
engr0,BLU,FGSM,1.0,BIM,0.6,3.2459016393442623,1.0,0,55
engr0,HTC,FGSM,1.0,BIM,0.6,3.2459016393442623,1.0,0,55
engr0,LG,FGSM,1.0,BIM,0.6,3.2459016393442623,1.0,0,55
engr0,MOTO,FGSM,1.0,BIM,0.6,3.2459016393442623,1.0,0,55
engr0,OP3,FGSM,1.0,BIM,0.6,3.2459016393442623,1.0,0,55
engr0,S7,FGSM,1.0,BIM,0.6,3.2459016393442623,1.0,0,55
engr0,BLU,FGSM,1.0,BIM,0.7,3.2459016393442623,1.0,0,55
engr0,HTC,FGSM,1.0,BIM,0.7,3.2459016393442623,1.0,0,55
engr0,LG,FGSM,1.0,BIM,0.7,3.2459016393442623,1.0,0,55
engr0,MOTO,FGSM,1.0,BIM,0.7,3.2459016393442623,1.0,0,55
engr0,OP3,FGSM,1.0,BIM,0.7,3.2459016393442623,1.0,0,55
engr0,S7,FGSM,1.0,BIM,0.7,3.2459016393442623,1.0,0,55
engr0,BLU,FGSM,1.0,BIM,0.8,3.2459016393442623,1.0,0,55
engr0,HTC,FGSM,1.0,BIM,0.8,3.2459016393442623,1.0,0,55
engr0,LG,FGSM,1.0,BIM,0.8,3.2459016393442623,1.0,0,55
engr0,MOTO,FGSM,1.0,BIM,0.8,3.2459016393442623,1.0,0,55
engr0,OP3,FGSM,1.0,BIM,0.8,3.2459016393442623,1.0,0,55
engr0,S7,FGSM,1.0,BIM,0.8,3.2459016393442623,1.0,0,55
engr0,BLU,FGSM,1.0,BIM,0.9,3.2459016393442623,1.0,0,55
engr0,HTC,FGSM,1.0,BIM,0.9,3.2459016393442623,1.0,0,55
engr0,LG,FGSM,1.0,BIM,0.9,3.2459016393442623,1.0,0,55
engr0,MOTO,FGSM,1.0,BIM,0.9,3.2459016393442623,1.0,0,55
engr0,OP3,FGSM,1.0,BIM,0.9,3.2459016393442623,1.0,0,55
engr0,S7,FGSM,1.0,BIM,0.9,3.2459016393442623,1.0,0,55
engr0,BLU,FGSM,1.0,BIM,1.0,3.2459016393442623,1.0,0,55
engr0,HTC,FGSM,1.0,BIM,1.0,3.2459016393442623,1.0,0,55
engr0,LG,FGSM,1.0,BIM,1.0,3.2459016393442623,1.0,0,55
engr0,MOTO,FGSM,1.0,BIM,1.0,3.2459016393442623,1.0,0,55
engr0,OP3,FGSM,1.0,BIM,1.0,3.2459016393442623,1.0,0,55
engr0,S7,FGSM,1.0,BIM,1.0,3.2459016393442623,1.0,0,55
engr0,BLU,PGD,0.1,BIM,0.1,1.5573770491803278,1.0,0,38
engr0,HTC,PGD,0.1,BIM,0.1,1.5573770491803278,1.0,0,38
engr0,LG,PGD,0.1,BIM,0.1,1.5573770491803278,1.0,0,38
engr0,MOTO,PGD,0.1,BIM,0.1,1.5573770491803278,1.0,0,38
engr0,OP3,PGD,0.1,BIM,0.1,1.5573770491803278,1.0,0,38
engr0,S7,PGD,0.1,BIM,0.1,1.5573770491803278,1.0,0,38
engr0,BLU,PGD,0.1,BIM,0.2,1.9508196721311475,1.0,0,38
engr0,HTC,PGD,0.1,BIM,0.2,1.9508196721311475,1.0,0,38
engr0,LG,PGD,0.1,BIM,0.2,1.9508196721311475,1.0,0,38
engr0,MOTO,PGD,0.1,BIM,0.2,1.9508196721311475,1.0,0,38
engr0,OP3,PGD,0.1,BIM,0.2,1.9508196721311475,1.0,0,38
engr0,S7,PGD,0.1,BIM,0.2,1.9508196721311475,1.0,0,38
engr0,BLU,PGD,0.1,BIM,0.3,2.19672131147541,1.0,0,39
engr0,HTC,PGD,0.1,BIM,0.3,2.19672131147541,1.0,0,39
engr0,LG,PGD,0.1,BIM,0.3,2.19672131147541,1.0,0,39
engr0,MOTO,PGD,0.1,BIM,0.3,2.19672131147541,1.0,0,39
engr0,OP3,PGD,0.1,BIM,0.3,2.19672131147541,1.0,0,39
engr0,S7,PGD,0.1,BIM,0.3,2.19672131147541,1.0,0,39
engr0,BLU,PGD,0.1,BIM,0.4,2.442622950819672,1.0,0,39
engr0,HTC,PGD,0.1,BIM,0.4,2.442622950819672,1.0,0,39
engr0,LG,PGD,0.1,BIM,0.4,2.442622950819672,1.0,0,39
engr0,MOTO,PGD,0.1,BIM,0.4,2.442622950819672,1.0,0,39
engr0,OP3,PGD,0.1,BIM,0.4,2.442622950819672,1.0,0,39
engr0,S7,PGD,0.1,BIM,0.4,2.442622950819672,1.0,0,39
engr0,BLU,PGD,0.1,BIM,0.5,2.442622950819672,1.0,0,39
engr0,HTC,PGD,0.1,BIM,0.5,2.442622950819672,1.0,0,39
engr0,LG,PGD,0.1,BIM,0.5,2.442622950819672,1.0,0,39
engr0,MOTO,PGD,0.1,BIM,0.5,2.442622950819672,1.0,0,39
engr0,OP3,PGD,0.1,BIM,0.5,2.442622950819672,1.0,0,39
engr0,S7,PGD,0.1,BIM,0.5,2.442622950819672,1.0,0,39
engr0,BLU,PGD,0.1,BIM,0.6,2.442622950819672,1.0,0,39
engr0,HTC,PGD,0.1,BIM,0.6,2.442622950819672,1.0,0,39
engr0,LG,PGD,0.1,BIM,0.6,2.442622950819672,1.0,0,39
engr0,MOTO,PGD,0.1,BIM,0.6,2.442622950819672,1.0,0,39
engr0,OP3,PGD,0.1,BIM,0.6,2.442622950819672,1.0,0,39
engr0,S7,PGD,0.1,BIM,0.6,2.442622950819672,1.0,0,39
engr0,BLU,PGD,0.1,BIM,0.7,2.442622950819672,1.0,0,39
engr0,HTC,PGD,0.1,BIM,0.7,2.442622950819672,1.0,0,39
engr0,LG,PGD,0.1,BIM,0.7,2.442622950819672,1.0,0,39
engr0,MOTO,PGD,0.1,BIM,0.7,2.442622950819672,1.0,0,39
engr0,OP3,PGD,0.1,BIM,0.7,2.442622950819672,1.0,0,39
engr0,S7,PGD,0.1,BIM,0.7,2.442622950819672,1.0,0,39
engr0,BLU,PGD,0.1,BIM,0.8,2.442622950819672,1.0,0,39
engr0,HTC,PGD,0.1,BIM,0.8,2.442622950819672,1.0,0,39
engr0,LG,PGD,0.1,BIM,0.8,2.442622950819672,1.0,0,39
engr0,MOTO,PGD,0.1,BIM,0.8,2.442622950819672,1.0,0,39
engr0,OP3,PGD,0.1,BIM,0.8,2.442622950819672,1.0,0,39
engr0,S7,PGD,0.1,BIM,0.8,2.442622950819672,1.0,0,39
engr0,BLU,PGD,0.1,BIM,0.9,2.442622950819672,1.0,0,39
engr0,HTC,PGD,0.1,BIM,0.9,2.442622950819672,1.0,0,39
engr0,LG,PGD,0.1,BIM,0.9,2.442622950819672,1.0,0,39
engr0,MOTO,PGD,0.1,BIM,0.9,2.442622950819672,1.0,0,39
engr0,OP3,PGD,0.1,BIM,0.9,2.442622950819672,1.0,0,39
engr0,S7,PGD,0.1,BIM,0.9,2.442622950819672,1.0,0,39
engr0,BLU,PGD,0.1,BIM,1.0,2.442622950819672,1.0,0,39
engr0,HTC,PGD,0.1,BIM,1.0,2.442622950819672,1.0,0,39
engr0,LG,PGD,0.1,BIM,1.0,2.442622950819672,1.0,0,39
engr0,MOTO,PGD,0.1,BIM,1.0,2.442622950819672,1.0,0,39
engr0,OP3,PGD,0.1,BIM,1.0,2.442622950819672,1.0,0,39
engr0,S7,PGD,0.1,BIM,1.0,2.442622950819672,1.0,0,39
engr0,BLU,PGD,0.2,BIM,0.1,0.7868852459016393,0.0,0,5
engr0,HTC,PGD,0.2,BIM,0.1,0.7868852459016393,0.0,0,5
engr0,LG,PGD,0.2,BIM,0.1,0.7868852459016393,0.0,0,5
engr0,MOTO,PGD,0.2,BIM,0.1,0.7868852459016393,0.0,0,5
engr0,OP3,PGD,0.2,BIM,0.1,0.7868852459016393,0.0,0,5
engr0,S7,PGD,0.2,BIM,0.1,0.7868852459016393,0.0,0,5
engr0,BLU,PGD,0.2,BIM,0.2,1.4918032786885247,0.0,0,37
engr0,HTC,PGD,0.2,BIM,0.2,1.4918032786885247,0.0,0,37
engr0,LG,PGD,0.2,BIM,0.2,1.4918032786885247,0.0,0,37
engr0,MOTO,PGD,0.2,BIM,0.2,1.4918032786885247,0.0,0,37
engr0,OP3,PGD,0.2,BIM,0.2,1.4918032786885247,0.0,0,37
engr0,S7,PGD,0.2,BIM,0.2,1.4918032786885247,0.0,0,37
engr0,BLU,PGD,0.2,BIM,0.3,1.6229508196721312,1.0,0,37
engr0,HTC,PGD,0.2,BIM,0.3,1.6229508196721312,1.0,0,37
engr0,LG,PGD,0.2,BIM,0.3,1.6229508196721312,1.0,0,37
engr0,MOTO,PGD,0.2,BIM,0.3,1.6229508196721312,1.0,0,37
engr0,OP3,PGD,0.2,BIM,0.3,1.6229508196721312,1.0,0,37
engr0,S7,PGD,0.2,BIM,0.3,1.6229508196721312,1.0,0,37
engr0,BLU,PGD,0.2,BIM,0.4,1.5573770491803278,0.0,0,37
engr0,HTC,PGD,0.2,BIM,0.4,1.5573770491803278,0.0,0,37
engr0,LG,PGD,0.2,BIM,0.4,1.5573770491803278,0.0,0,37
engr0,MOTO,PGD,0.2,BIM,0.4,1.5573770491803278,0.0,0,37
engr0,OP3,PGD,0.2,BIM,0.4,1.5573770491803278,0.0,0,37
engr0,S7,PGD,0.2,BIM,0.4,1.5573770491803278,0.0,0,37
engr0,BLU,PGD,0.2,BIM,0.5,1.5573770491803278,0.0,0,37
engr0,HTC,PGD,0.2,BIM,0.5,1.5573770491803278,0.0,0,37
engr0,LG,PGD,0.2,BIM,0.5,1.5573770491803278,0.0,0,37
engr0,MOTO,PGD,0.2,BIM,0.5,1.5573770491803278,0.0,0,37
engr0,OP3,PGD,0.2,BIM,0.5,1.5573770491803278,0.0,0,37
engr0,S7,PGD,0.2,BIM,0.5,1.5573770491803278,0.0,0,37
engr0,BLU,PGD,0.2,BIM,0.6,1.5573770491803278,0.0,0,37
engr0,HTC,PGD,0.2,BIM,0.6,1.5573770491803278,0.0,0,37
engr0,LG,PGD,0.2,BIM,0.6,1.5573770491803278,0.0,0,37
engr0,MOTO,PGD,0.2,BIM,0.6,1.5573770491803278,0.0,0,37
engr0,OP3,PGD,0.2,BIM,0.6,1.5573770491803278,0.0,0,37
engr0,S7,PGD,0.2,BIM,0.6,1.5573770491803278,0.0,0,37
engr0,BLU,PGD,0.2,BIM,0.7,1.5573770491803278,0.0,0,37
engr0,HTC,PGD,0.2,BIM,0.7,1.5573770491803278,0.0,0,37
engr0,LG,PGD,0.2,BIM,0.7,1.5573770491803278,0.0,0,37
engr0,MOTO,PGD,0.2,BIM,0.7,1.5573770491803278,0.0,0,37
engr0,OP3,PGD,0.2,BIM,0.7,1.5573770491803278,0.0,0,37
engr0,S7,PGD,0.2,BIM,0.7,1.5573770491803278,0.0,0,37
engr0,BLU,PGD,0.2,BIM,0.8,1.5573770491803278,0.0,0,37
engr0,HTC,PGD,0.2,BIM,0.8,1.5573770491803278,0.0,0,37
engr0,LG,PGD,0.2,BIM,0.8,1.5573770491803278,0.0,0,37
engr0,MOTO,PGD,0.2,BIM,0.8,1.5573770491803278,0.0,0,37
engr0,OP3,PGD,0.2,BIM,0.8,1.5573770491803278,0.0,0,37
engr0,S7,PGD,0.2,BIM,0.8,1.5573770491803278,0.0,0,37
engr0,BLU,PGD,0.2,BIM,0.9,1.5573770491803278,0.0,0,37
engr0,HTC,PGD,0.2,BIM,0.9,1.5573770491803278,0.0,0,37
engr0,LG,PGD,0.2,BIM,0.9,1.5573770491803278,0.0,0,37
engr0,MOTO,PGD,0.2,BIM,0.9,1.5573770491803278,0.0,0,37
engr0,OP3,PGD,0.2,BIM,0.9,1.5573770491803278,0.0,0,37
engr0,S7,PGD,0.2,BIM,0.9,1.5573770491803278,0.0,0,37
engr0,BLU,PGD,0.2,BIM,1.0,1.5573770491803278,0.0,0,37
engr0,HTC,PGD,0.2,BIM,1.0,1.5573770491803278,0.0,0,37
engr0,LG,PGD,0.2,BIM,1.0,1.5573770491803278,0.0,0,37
engr0,MOTO,PGD,0.2,BIM,1.0,1.5573770491803278,0.0,0,37
engr0,OP3,PGD,0.2,BIM,1.0,1.5573770491803278,0.0,0,37
engr0,S7,PGD,0.2,BIM,1.0,1.5573770491803278,0.0,0,37
engr0,BLU,PGD,0.3,BIM,0.1,0.7213114754098361,0.0,0,7
engr0,HTC,PGD,0.3,BIM,0.1,0.7213114754098361,0.0,0,7
engr0,LG,PGD,0.3,BIM,0.1,0.7213114754098361,0.0,0,7
engr0,MOTO,PGD,0.3,BIM,0.1,0.7213114754098361,0.0,0,7
engr0,OP3,PGD,0.3,BIM,0.1,0.7213114754098361,0.0,0,7
engr0,S7,PGD,0.3,BIM,0.1,0.7213114754098361,0.0,0,7
engr0,BLU,PGD,0.3,BIM,0.2,0.7540983606557377,0.0,0,6
engr0,HTC,PGD,0.3,BIM,0.2,0.7540983606557377,0.0,0,6
engr0,LG,PGD,0.3,BIM,0.2,0.7540983606557377,0.0,0,6
engr0,MOTO,PGD,0.3,BIM,0.2,0.7540983606557377,0.0,0,6
engr0,OP3,PGD,0.3,BIM,0.2,0.7540983606557377,0.0,0,6
engr0,S7,PGD,0.3,BIM,0.2,0.7540983606557377,0.0,0,6
engr0,BLU,PGD,0.3,BIM,0.3,0.8688524590163934,0.0,0,6
engr0,HTC,PGD,0.3,BIM,0.3,0.8688524590163934,0.0,0,6
engr0,LG,PGD,0.3,BIM,0.3,0.8688524590163934,0.0,0,6
engr0,MOTO,PGD,0.3,BIM,0.3,0.8688524590163934,0.0,0,6
engr0,OP3,PGD,0.3,BIM,0.3,0.8688524590163934,0.0,0,6
engr0,S7,PGD,0.3,BIM,0.3,0.8688524590163934,0.0,0,6
engr0,BLU,PGD,0.3,BIM,0.4,0.8032786885245902,0.0,0,6
engr0,HTC,PGD,0.3,BIM,0.4,0.8032786885245902,0.0,0,6
engr0,LG,PGD,0.3,BIM,0.4,0.8032786885245902,0.0,0,6
engr0,MOTO,PGD,0.3,BIM,0.4,0.8032786885245902,0.0,0,6
engr0,OP3,PGD,0.3,BIM,0.4,0.8032786885245902,0.0,0,6
engr0,S7,PGD,0.3,BIM,0.4,0.8032786885245902,0.0,0,6
engr0,BLU,PGD,0.3,BIM,0.5,0.8032786885245902,0.0,0,6
engr0,HTC,PGD,0.3,BIM,0.5,0.8032786885245902,0.0,0,6
engr0,LG,PGD,0.3,BIM,0.5,0.8032786885245902,0.0,0,6
engr0,MOTO,PGD,0.3,BIM,0.5,0.8032786885245902,0.0,0,6
engr0,OP3,PGD,0.3,BIM,0.5,0.8032786885245902,0.0,0,6
engr0,S7,PGD,0.3,BIM,0.5,0.8032786885245902,0.0,0,6
engr0,BLU,PGD,0.3,BIM,0.6,0.8032786885245902,0.0,0,6
engr0,HTC,PGD,0.3,BIM,0.6,0.8032786885245902,0.0,0,6
engr0,LG,PGD,0.3,BIM,0.6,0.8032786885245902,0.0,0,6
engr0,MOTO,PGD,0.3,BIM,0.6,0.8032786885245902,0.0,0,6
engr0,OP3,PGD,0.3,BIM,0.6,0.8032786885245902,0.0,0,6
engr0,S7,PGD,0.3,BIM,0.6,0.8032786885245902,0.0,0,6
engr0,BLU,PGD,0.3,BIM,0.7,0.8032786885245902,0.0,0,6
engr0,HTC,PGD,0.3,BIM,0.7,0.8032786885245902,0.0,0,6
engr0,LG,PGD,0.3,BIM,0.7,0.8032786885245902,0.0,0,6
engr0,MOTO,PGD,0.3,BIM,0.7,0.8032786885245902,0.0,0,6
engr0,OP3,PGD,0.3,BIM,0.7,0.8032786885245902,0.0,0,6
engr0,S7,PGD,0.3,BIM,0.7,0.8032786885245902,0.0,0,6
engr0,BLU,PGD,0.3,BIM,0.8,0.8032786885245902,0.0,0,6
engr0,HTC,PGD,0.3,BIM,0.8,0.8032786885245902,0.0,0,6
engr0,LG,PGD,0.3,BIM,0.8,0.8032786885245902,0.0,0,6
engr0,MOTO,PGD,0.3,BIM,0.8,0.8032786885245902,0.0,0,6
engr0,OP3,PGD,0.3,BIM,0.8,0.8032786885245902,0.0,0,6
engr0,S7,PGD,0.3,BIM,0.8,0.8032786885245902,0.0,0,6
engr0,BLU,PGD,0.3,BIM,0.9,0.8032786885245902,0.0,0,6
engr0,HTC,PGD,0.3,BIM,0.9,0.8032786885245902,0.0,0,6
engr0,LG,PGD,0.3,BIM,0.9,0.8032786885245902,0.0,0,6
engr0,MOTO,PGD,0.3,BIM,0.9,0.8032786885245902,0.0,0,6
engr0,OP3,PGD,0.3,BIM,0.9,0.8032786885245902,0.0,0,6
engr0,S7,PGD,0.3,BIM,0.9,0.8032786885245902,0.0,0,6
engr0,BLU,PGD,0.3,BIM,1.0,0.8032786885245902,0.0,0,6
engr0,HTC,PGD,0.3,BIM,1.0,0.8032786885245902,0.0,0,6
engr0,LG,PGD,0.3,BIM,1.0,0.8032786885245902,0.0,0,6
engr0,MOTO,PGD,0.3,BIM,1.0,0.8032786885245902,0.0,0,6
engr0,OP3,PGD,0.3,BIM,1.0,0.8032786885245902,0.0,0,6
engr0,S7,PGD,0.3,BIM,1.0,0.8032786885245902,0.0,0,6
engr0,BLU,PGD,0.4,BIM,0.1,0.7377049180327869,0.0,0,5
engr0,HTC,PGD,0.4,BIM,0.1,0.7377049180327869,0.0,0,5
engr0,LG,PGD,0.4,BIM,0.1,0.7377049180327869,0.0,0,5
engr0,MOTO,PGD,0.4,BIM,0.1,0.7377049180327869,0.0,0,5
engr0,OP3,PGD,0.4,BIM,0.1,0.7377049180327869,0.0,0,5
engr0,S7,PGD,0.4,BIM,0.1,0.7377049180327869,0.0,0,5
engr0,BLU,PGD,0.4,BIM,0.2,0.9672131147540983,1.0,0,5
engr0,HTC,PGD,0.4,BIM,0.2,0.9672131147540983,1.0,0,5
engr0,LG,PGD,0.4,BIM,0.2,0.9672131147540983,1.0,0,5
engr0,MOTO,PGD,0.4,BIM,0.2,0.9672131147540983,1.0,0,5
engr0,OP3,PGD,0.4,BIM,0.2,0.9672131147540983,1.0,0,5
engr0,S7,PGD,0.4,BIM,0.2,0.9672131147540983,1.0,0,5
engr0,BLU,PGD,0.4,BIM,0.3,1.2131147540983607,1.0,0,8
engr0,HTC,PGD,0.4,BIM,0.3,1.2131147540983607,1.0,0,8
engr0,LG,PGD,0.4,BIM,0.3,1.2131147540983607,1.0,0,8
engr0,MOTO,PGD,0.4,BIM,0.3,1.2131147540983607,1.0,0,8
engr0,OP3,PGD,0.4,BIM,0.3,1.2131147540983607,1.0,0,8
engr0,S7,PGD,0.4,BIM,0.3,1.2131147540983607,1.0,0,8
engr0,BLU,PGD,0.4,BIM,0.4,1.2295081967213115,1.0,0,8
engr0,HTC,PGD,0.4,BIM,0.4,1.2295081967213115,1.0,0,8
engr0,LG,PGD,0.4,BIM,0.4,1.2295081967213115,1.0,0,8
engr0,MOTO,PGD,0.4,BIM,0.4,1.2295081967213115,1.0,0,8
engr0,OP3,PGD,0.4,BIM,0.4,1.2295081967213115,1.0,0,8
engr0,S7,PGD,0.4,BIM,0.4,1.2295081967213115,1.0,0,8
engr0,BLU,PGD,0.4,BIM,0.5,1.2295081967213115,1.0,0,8
engr0,HTC,PGD,0.4,BIM,0.5,1.2295081967213115,1.0,0,8
engr0,LG,PGD,0.4,BIM,0.5,1.2295081967213115,1.0,0,8
engr0,MOTO,PGD,0.4,BIM,0.5,1.2295081967213115,1.0,0,8
engr0,OP3,PGD,0.4,BIM,0.5,1.2295081967213115,1.0,0,8
engr0,S7,PGD,0.4,BIM,0.5,1.2295081967213115,1.0,0,8
engr0,BLU,PGD,0.4,BIM,0.6,1.2295081967213115,1.0,0,8
engr0,HTC,PGD,0.4,BIM,0.6,1.2295081967213115,1.0,0,8
engr0,LG,PGD,0.4,BIM,0.6,1.2295081967213115,1.0,0,8
engr0,MOTO,PGD,0.4,BIM,0.6,1.2295081967213115,1.0,0,8
engr0,OP3,PGD,0.4,BIM,0.6,1.2295081967213115,1.0,0,8
engr0,S7,PGD,0.4,BIM,0.6,1.2295081967213115,1.0,0,8
engr0,BLU,PGD,0.4,BIM,0.7,1.2295081967213115,1.0,0,8
engr0,HTC,PGD,0.4,BIM,0.7,1.2295081967213115,1.0,0,8
engr0,LG,PGD,0.4,BIM,0.7,1.2295081967213115,1.0,0,8
engr0,MOTO,PGD,0.4,BIM,0.7,1.2295081967213115,1.0,0,8
engr0,OP3,PGD,0.4,BIM,0.7,1.2295081967213115,1.0,0,8
engr0,S7,PGD,0.4,BIM,0.7,1.2295081967213115,1.0,0,8
engr0,BLU,PGD,0.4,BIM,0.8,1.2295081967213115,1.0,0,8
engr0,HTC,PGD,0.4,BIM,0.8,1.2295081967213115,1.0,0,8
engr0,LG,PGD,0.4,BIM,0.8,1.2295081967213115,1.0,0,8
engr0,MOTO,PGD,0.4,BIM,0.8,1.2295081967213115,1.0,0,8
engr0,OP3,PGD,0.4,BIM,0.8,1.2295081967213115,1.0,0,8
engr0,S7,PGD,0.4,BIM,0.8,1.2295081967213115,1.0,0,8
engr0,BLU,PGD,0.4,BIM,0.9,1.2295081967213115,1.0,0,8
engr0,HTC,PGD,0.4,BIM,0.9,1.2295081967213115,1.0,0,8
engr0,LG,PGD,0.4,BIM,0.9,1.2295081967213115,1.0,0,8
engr0,MOTO,PGD,0.4,BIM,0.9,1.2295081967213115,1.0,0,8
engr0,OP3,PGD,0.4,BIM,0.9,1.2295081967213115,1.0,0,8
engr0,S7,PGD,0.4,BIM,0.9,1.2295081967213115,1.0,0,8
engr0,BLU,PGD,0.4,BIM,1.0,1.2295081967213115,1.0,0,8
engr0,HTC,PGD,0.4,BIM,1.0,1.2295081967213115,1.0,0,8
engr0,LG,PGD,0.4,BIM,1.0,1.2295081967213115,1.0,0,8
engr0,MOTO,PGD,0.4,BIM,1.0,1.2295081967213115,1.0,0,8
engr0,OP3,PGD,0.4,BIM,1.0,1.2295081967213115,1.0,0,8
engr0,S7,PGD,0.4,BIM,1.0,1.2295081967213115,1.0,0,8
engr0,BLU,PGD,0.5,BIM,0.1,2.1147540983606556,1.0,0,59
engr0,HTC,PGD,0.5,BIM,0.1,2.1147540983606556,1.0,0,59
engr0,LG,PGD,0.5,BIM,0.1,2.1147540983606556,1.0,0,59
engr0,MOTO,PGD,0.5,BIM,0.1,2.1147540983606556,1.0,0,59
engr0,OP3,PGD,0.5,BIM,0.1,2.1147540983606556,1.0,0,59
engr0,S7,PGD,0.5,BIM,0.1,2.1147540983606556,1.0,0,59
engr0,BLU,PGD,0.5,BIM,0.2,0.8852459016393442,0.0,0,7
engr0,HTC,PGD,0.5,BIM,0.2,0.8852459016393442,0.0,0,7
engr0,LG,PGD,0.5,BIM,0.2,0.8852459016393442,0.0,0,7
engr0,MOTO,PGD,0.5,BIM,0.2,0.8852459016393442,0.0,0,7
engr0,OP3,PGD,0.5,BIM,0.2,0.8852459016393442,0.0,0,7
engr0,S7,PGD,0.5,BIM,0.2,0.8852459016393442,0.0,0,7
engr0,BLU,PGD,0.5,BIM,0.3,1.0327868852459017,0.0,0,5
engr0,HTC,PGD,0.5,BIM,0.3,1.0327868852459017,0.0,0,5
engr0,LG,PGD,0.5,BIM,0.3,1.0327868852459017,0.0,0,5
engr0,MOTO,PGD,0.5,BIM,0.3,1.0327868852459017,0.0,0,5
engr0,OP3,PGD,0.5,BIM,0.3,1.0327868852459017,0.0,0,5
engr0,S7,PGD,0.5,BIM,0.3,1.0327868852459017,0.0,0,5
engr0,BLU,PGD,0.5,BIM,0.4,1.0163934426229508,0.0,0,5
engr0,HTC,PGD,0.5,BIM,0.4,1.0163934426229508,0.0,0,5
engr0,LG,PGD,0.5,BIM,0.4,1.0163934426229508,0.0,0,5
engr0,MOTO,PGD,0.5,BIM,0.4,1.0163934426229508,0.0,0,5
engr0,OP3,PGD,0.5,BIM,0.4,1.0163934426229508,0.0,0,5
engr0,S7,PGD,0.5,BIM,0.4,1.0163934426229508,0.0,0,5
engr0,BLU,PGD,0.5,BIM,0.5,1.0163934426229508,0.0,0,5
engr0,HTC,PGD,0.5,BIM,0.5,1.0163934426229508,0.0,0,5
engr0,LG,PGD,0.5,BIM,0.5,1.0163934426229508,0.0,0,5
engr0,MOTO,PGD,0.5,BIM,0.5,1.0163934426229508,0.0,0,5
engr0,OP3,PGD,0.5,BIM,0.5,1.0163934426229508,0.0,0,5
engr0,S7,PGD,0.5,BIM,0.5,1.0163934426229508,0.0,0,5
engr0,BLU,PGD,0.5,BIM,0.6,1.0163934426229508,0.0,0,5
engr0,HTC,PGD,0.5,BIM,0.6,1.0163934426229508,0.0,0,5
engr0,LG,PGD,0.5,BIM,0.6,1.0163934426229508,0.0,0,5
engr0,MOTO,PGD,0.5,BIM,0.6,1.0163934426229508,0.0,0,5
engr0,OP3,PGD,0.5,BIM,0.6,1.0163934426229508,0.0,0,5
engr0,S7,PGD,0.5,BIM,0.6,1.0163934426229508,0.0,0,5
engr0,BLU,PGD,0.5,BIM,0.7,1.0163934426229508,0.0,0,5
engr0,HTC,PGD,0.5,BIM,0.7,1.0163934426229508,0.0,0,5
engr0,LG,PGD,0.5,BIM,0.7,1.0163934426229508,0.0,0,5
engr0,MOTO,PGD,0.5,BIM,0.7,1.0163934426229508,0.0,0,5
engr0,OP3,PGD,0.5,BIM,0.7,1.0163934426229508,0.0,0,5
engr0,S7,PGD,0.5,BIM,0.7,1.0163934426229508,0.0,0,5
engr0,BLU,PGD,0.5,BIM,0.8,1.0163934426229508,0.0,0,5
engr0,HTC,PGD,0.5,BIM,0.8,1.0163934426229508,0.0,0,5
engr0,LG,PGD,0.5,BIM,0.8,1.0163934426229508,0.0,0,5
engr0,MOTO,PGD,0.5,BIM,0.8,1.0163934426229508,0.0,0,5
engr0,OP3,PGD,0.5,BIM,0.8,1.0163934426229508,0.0,0,5
engr0,S7,PGD,0.5,BIM,0.8,1.0163934426229508,0.0,0,5
engr0,BLU,PGD,0.5,BIM,0.9,1.0163934426229508,0.0,0,5
engr0,HTC,PGD,0.5,BIM,0.9,1.0163934426229508,0.0,0,5
engr0,LG,PGD,0.5,BIM,0.9,1.0163934426229508,0.0,0,5
engr0,MOTO,PGD,0.5,BIM,0.9,1.0163934426229508,0.0,0,5
engr0,OP3,PGD,0.5,BIM,0.9,1.0163934426229508,0.0,0,5
engr0,S7,PGD,0.5,BIM,0.9,1.0163934426229508,0.0,0,5
engr0,BLU,PGD,0.5,BIM,1.0,1.0163934426229508,0.0,0,5
engr0,HTC,PGD,0.5,BIM,1.0,1.0163934426229508,0.0,0,5
engr0,LG,PGD,0.5,BIM,1.0,1.0163934426229508,0.0,0,5
engr0,MOTO,PGD,0.5,BIM,1.0,1.0163934426229508,0.0,0,5
engr0,OP3,PGD,0.5,BIM,1.0,1.0163934426229508,0.0,0,5
engr0,S7,PGD,0.5,BIM,1.0,1.0163934426229508,0.0,0,5
engr0,BLU,PGD,0.6,BIM,0.1,0.8688524590163934,0.0,0,5
engr0,HTC,PGD,0.6,BIM,0.1,0.8688524590163934,0.0,0,5
engr0,LG,PGD,0.6,BIM,0.1,0.8688524590163934,0.0,0,5
engr0,MOTO,PGD,0.6,BIM,0.1,0.8688524590163934,0.0,0,5
engr0,OP3,PGD,0.6,BIM,0.1,0.8688524590163934,0.0,0,5
engr0,S7,PGD,0.6,BIM,0.1,0.8688524590163934,0.0,0,5
engr0,BLU,PGD,0.6,BIM,0.2,1.0655737704918034,1.0,0,8
engr0,HTC,PGD,0.6,BIM,0.2,1.0655737704918034,1.0,0,8
engr0,LG,PGD,0.6,BIM,0.2,1.0655737704918034,1.0,0,8
engr0,MOTO,PGD,0.6,BIM,0.2,1.0655737704918034,1.0,0,8
engr0,OP3,PGD,0.6,BIM,0.2,1.0655737704918034,1.0,0,8
engr0,S7,PGD,0.6,BIM,0.2,1.0655737704918034,1.0,0,8
engr0,BLU,PGD,0.6,BIM,0.3,1.278688524590164,1.0,0,8
engr0,HTC,PGD,0.6,BIM,0.3,1.278688524590164,1.0,0,8
engr0,LG,PGD,0.6,BIM,0.3,1.278688524590164,1.0,0,8
engr0,MOTO,PGD,0.6,BIM,0.3,1.278688524590164,1.0,0,8
engr0,OP3,PGD,0.6,BIM,0.3,1.278688524590164,1.0,0,8
engr0,S7,PGD,0.6,BIM,0.3,1.278688524590164,1.0,0,8
engr0,BLU,PGD,0.6,BIM,0.4,1.3278688524590163,1.0,0,8
engr0,HTC,PGD,0.6,BIM,0.4,1.3278688524590163,1.0,0,8
engr0,LG,PGD,0.6,BIM,0.4,1.3278688524590163,1.0,0,8
engr0,MOTO,PGD,0.6,BIM,0.4,1.3278688524590163,1.0,0,8
engr0,OP3,PGD,0.6,BIM,0.4,1.3278688524590163,1.0,0,8
engr0,S7,PGD,0.6,BIM,0.4,1.3278688524590163,1.0,0,8
engr0,BLU,PGD,0.6,BIM,0.5,1.3278688524590163,1.0,0,8
engr0,HTC,PGD,0.6,BIM,0.5,1.3278688524590163,1.0,0,8
engr0,LG,PGD,0.6,BIM,0.5,1.3278688524590163,1.0,0,8
engr0,MOTO,PGD,0.6,BIM,0.5,1.3278688524590163,1.0,0,8
engr0,OP3,PGD,0.6,BIM,0.5,1.3278688524590163,1.0,0,8
engr0,S7,PGD,0.6,BIM,0.5,1.3278688524590163,1.0,0,8
engr0,BLU,PGD,0.6,BIM,0.6,1.3278688524590163,1.0,0,8
engr0,HTC,PGD,0.6,BIM,0.6,1.3278688524590163,1.0,0,8
engr0,LG,PGD,0.6,BIM,0.6,1.3278688524590163,1.0,0,8
engr0,MOTO,PGD,0.6,BIM,0.6,1.3278688524590163,1.0,0,8
engr0,OP3,PGD,0.6,BIM,0.6,1.3278688524590163,1.0,0,8
engr0,S7,PGD,0.6,BIM,0.6,1.3278688524590163,1.0,0,8
engr0,BLU,PGD,0.6,BIM,0.7,1.3278688524590163,1.0,0,8
engr0,HTC,PGD,0.6,BIM,0.7,1.3278688524590163,1.0,0,8
engr0,LG,PGD,0.6,BIM,0.7,1.3278688524590163,1.0,0,8
engr0,MOTO,PGD,0.6,BIM,0.7,1.3278688524590163,1.0,0,8
engr0,OP3,PGD,0.6,BIM,0.7,1.3278688524590163,1.0,0,8
engr0,S7,PGD,0.6,BIM,0.7,1.3278688524590163,1.0,0,8
engr0,BLU,PGD,0.6,BIM,0.8,1.3278688524590163,1.0,0,8
engr0,HTC,PGD,0.6,BIM,0.8,1.3278688524590163,1.0,0,8
engr0,LG,PGD,0.6,BIM,0.8,1.3278688524590163,1.0,0,8
engr0,MOTO,PGD,0.6,BIM,0.8,1.3278688524590163,1.0,0,8
engr0,OP3,PGD,0.6,BIM,0.8,1.3278688524590163,1.0,0,8
engr0,S7,PGD,0.6,BIM,0.8,1.3278688524590163,1.0,0,8
engr0,BLU,PGD,0.6,BIM,0.9,1.3278688524590163,1.0,0,8
engr0,HTC,PGD,0.6,BIM,0.9,1.3278688524590163,1.0,0,8
engr0,LG,PGD,0.6,BIM,0.9,1.3278688524590163,1.0,0,8
engr0,MOTO,PGD,0.6,BIM,0.9,1.3278688524590163,1.0,0,8
engr0,OP3,PGD,0.6,BIM,0.9,1.3278688524590163,1.0,0,8
engr0,S7,PGD,0.6,BIM,0.9,1.3278688524590163,1.0,0,8
engr0,BLU,PGD,0.6,BIM,1.0,1.3278688524590163,1.0,0,8
engr0,HTC,PGD,0.6,BIM,1.0,1.3278688524590163,1.0,0,8
engr0,LG,PGD,0.6,BIM,1.0,1.3278688524590163,1.0,0,8
engr0,MOTO,PGD,0.6,BIM,1.0,1.3278688524590163,1.0,0,8
engr0,OP3,PGD,0.6,BIM,1.0,1.3278688524590163,1.0,0,8
engr0,S7,PGD,0.6,BIM,1.0,1.3278688524590163,1.0,0,8
engr0,BLU,PGD,0.7,BIM,0.1,1.6885245901639345,0.0,0,47
engr0,HTC,PGD,0.7,BIM,0.1,1.6885245901639345,0.0,0,47
engr0,LG,PGD,0.7,BIM,0.1,1.6885245901639345,0.0,0,47
engr0,MOTO,PGD,0.7,BIM,0.1,1.6885245901639345,0.0,0,47
engr0,OP3,PGD,0.7,BIM,0.1,1.6885245901639345,0.0,0,47
engr0,S7,PGD,0.7,BIM,0.1,1.6885245901639345,0.0,0,47
engr0,BLU,PGD,0.7,BIM,0.2,1.7540983606557377,1.0,0,47
engr0,HTC,PGD,0.7,BIM,0.2,1.7540983606557377,1.0,0,47
engr0,LG,PGD,0.7,BIM,0.2,1.7540983606557377,1.0,0,47
engr0,MOTO,PGD,0.7,BIM,0.2,1.7540983606557377,1.0,0,47
engr0,OP3,PGD,0.7,BIM,0.2,1.7540983606557377,1.0,0,47
engr0,S7,PGD,0.7,BIM,0.2,1.7540983606557377,1.0,0,47
engr0,BLU,PGD,0.7,BIM,0.3,1.9180327868852458,1.0,0,47
engr0,HTC,PGD,0.7,BIM,0.3,1.9180327868852458,1.0,0,47
engr0,LG,PGD,0.7,BIM,0.3,1.9180327868852458,1.0,0,47
engr0,MOTO,PGD,0.7,BIM,0.3,1.9180327868852458,1.0,0,47
engr0,OP3,PGD,0.7,BIM,0.3,1.9180327868852458,1.0,0,47
engr0,S7,PGD,0.7,BIM,0.3,1.9180327868852458,1.0,0,47
engr0,BLU,PGD,0.7,BIM,0.4,1.8360655737704918,1.0,0,47
engr0,HTC,PGD,0.7,BIM,0.4,1.8360655737704918,1.0,0,47
engr0,LG,PGD,0.7,BIM,0.4,1.8360655737704918,1.0,0,47
engr0,MOTO,PGD,0.7,BIM,0.4,1.8360655737704918,1.0,0,47
engr0,OP3,PGD,0.7,BIM,0.4,1.8360655737704918,1.0,0,47
engr0,S7,PGD,0.7,BIM,0.4,1.8360655737704918,1.0,0,47
engr0,BLU,PGD,0.7,BIM,0.5,1.8360655737704918,1.0,0,47
engr0,HTC,PGD,0.7,BIM,0.5,1.8360655737704918,1.0,0,47
engr0,LG,PGD,0.7,BIM,0.5,1.8360655737704918,1.0,0,47
engr0,MOTO,PGD,0.7,BIM,0.5,1.8360655737704918,1.0,0,47
engr0,OP3,PGD,0.7,BIM,0.5,1.8360655737704918,1.0,0,47
engr0,S7,PGD,0.7,BIM,0.5,1.8360655737704918,1.0,0,47
engr0,BLU,PGD,0.7,BIM,0.6,1.8360655737704918,1.0,0,47
engr0,HTC,PGD,0.7,BIM,0.6,1.8360655737704918,1.0,0,47
engr0,LG,PGD,0.7,BIM,0.6,1.8360655737704918,1.0,0,47
engr0,MOTO,PGD,0.7,BIM,0.6,1.8360655737704918,1.0,0,47
engr0,OP3,PGD,0.7,BIM,0.6,1.8360655737704918,1.0,0,47
engr0,S7,PGD,0.7,BIM,0.6,1.8360655737704918,1.0,0,47
engr0,BLU,PGD,0.7,BIM,0.7,1.8360655737704918,1.0,0,47
engr0,HTC,PGD,0.7,BIM,0.7,1.8360655737704918,1.0,0,47
engr0,LG,PGD,0.7,BIM,0.7,1.8360655737704918,1.0,0,47
engr0,MOTO,PGD,0.7,BIM,0.7,1.8360655737704918,1.0,0,47
engr0,OP3,PGD,0.7,BIM,0.7,1.8360655737704918,1.0,0,47
engr0,S7,PGD,0.7,BIM,0.7,1.8360655737704918,1.0,0,47
engr0,BLU,PGD,0.7,BIM,0.8,1.8360655737704918,1.0,0,47
engr0,HTC,PGD,0.7,BIM,0.8,1.8360655737704918,1.0,0,47
engr0,LG,PGD,0.7,BIM,0.8,1.8360655737704918,1.0,0,47
engr0,MOTO,PGD,0.7,BIM,0.8,1.8360655737704918,1.0,0,47
engr0,OP3,PGD,0.7,BIM,0.8,1.8360655737704918,1.0,0,47
engr0,S7,PGD,0.7,BIM,0.8,1.8360655737704918,1.0,0,47
engr0,BLU,PGD,0.7,BIM,0.9,1.8360655737704918,1.0,0,47
engr0,HTC,PGD,0.7,BIM,0.9,1.8360655737704918,1.0,0,47
engr0,LG,PGD,0.7,BIM,0.9,1.8360655737704918,1.0,0,47
engr0,MOTO,PGD,0.7,BIM,0.9,1.8360655737704918,1.0,0,47
engr0,OP3,PGD,0.7,BIM,0.9,1.8360655737704918,1.0,0,47
engr0,S7,PGD,0.7,BIM,0.9,1.8360655737704918,1.0,0,47
engr0,BLU,PGD,0.7,BIM,1.0,1.8360655737704918,1.0,0,47
engr0,HTC,PGD,0.7,BIM,1.0,1.8360655737704918,1.0,0,47
engr0,LG,PGD,0.7,BIM,1.0,1.8360655737704918,1.0,0,47
engr0,MOTO,PGD,0.7,BIM,1.0,1.8360655737704918,1.0,0,47
engr0,OP3,PGD,0.7,BIM,1.0,1.8360655737704918,1.0,0,47
engr0,S7,PGD,0.7,BIM,1.0,1.8360655737704918,1.0,0,47
engr0,BLU,PGD,0.8,BIM,0.1,0.9508196721311475,1.0,0,6
engr0,HTC,PGD,0.8,BIM,0.1,0.9508196721311475,1.0,0,6
engr0,LG,PGD,0.8,BIM,0.1,0.9508196721311475,1.0,0,6
engr0,MOTO,PGD,0.8,BIM,0.1,0.9508196721311475,1.0,0,6
engr0,OP3,PGD,0.8,BIM,0.1,0.9508196721311475,1.0,0,6
engr0,S7,PGD,0.8,BIM,0.1,0.9508196721311475,1.0,0,6
engr0,BLU,PGD,0.8,BIM,0.2,1.1147540983606556,1.0,0,7
engr0,HTC,PGD,0.8,BIM,0.2,1.1147540983606556,1.0,0,7
engr0,LG,PGD,0.8,BIM,0.2,1.1147540983606556,1.0,0,7
engr0,MOTO,PGD,0.8,BIM,0.2,1.1147540983606556,1.0,0,7
engr0,OP3,PGD,0.8,BIM,0.2,1.1147540983606556,1.0,0,7
engr0,S7,PGD,0.8,BIM,0.2,1.1147540983606556,1.0,0,7
engr0,BLU,PGD,0.8,BIM,0.3,1.2950819672131149,1.0,0,7
engr0,HTC,PGD,0.8,BIM,0.3,1.2950819672131149,1.0,0,7
engr0,LG,PGD,0.8,BIM,0.3,1.2950819672131149,1.0,0,7
engr0,MOTO,PGD,0.8,BIM,0.3,1.2950819672131149,1.0,0,7
engr0,OP3,PGD,0.8,BIM,0.3,1.2950819672131149,1.0,0,7
engr0,S7,PGD,0.8,BIM,0.3,1.2950819672131149,1.0,0,7
engr0,BLU,PGD,0.8,BIM,0.4,1.2622950819672132,1.0,0,7
engr0,HTC,PGD,0.8,BIM,0.4,1.2622950819672132,1.0,0,7
engr0,LG,PGD,0.8,BIM,0.4,1.2622950819672132,1.0,0,7
engr0,MOTO,PGD,0.8,BIM,0.4,1.2622950819672132,1.0,0,7
engr0,OP3,PGD,0.8,BIM,0.4,1.2622950819672132,1.0,0,7
engr0,S7,PGD,0.8,BIM,0.4,1.2622950819672132,1.0,0,7
engr0,BLU,PGD,0.8,BIM,0.5,1.2622950819672132,1.0,0,7
engr0,HTC,PGD,0.8,BIM,0.5,1.2622950819672132,1.0,0,7
engr0,LG,PGD,0.8,BIM,0.5,1.2622950819672132,1.0,0,7
engr0,MOTO,PGD,0.8,BIM,0.5,1.2622950819672132,1.0,0,7
engr0,OP3,PGD,0.8,BIM,0.5,1.2622950819672132,1.0,0,7
engr0,S7,PGD,0.8,BIM,0.5,1.2622950819672132,1.0,0,7
engr0,BLU,PGD,0.8,BIM,0.6,1.2622950819672132,1.0,0,7
engr0,HTC,PGD,0.8,BIM,0.6,1.2622950819672132,1.0,0,7
engr0,LG,PGD,0.8,BIM,0.6,1.2622950819672132,1.0,0,7
engr0,MOTO,PGD,0.8,BIM,0.6,1.2622950819672132,1.0,0,7
engr0,OP3,PGD,0.8,BIM,0.6,1.2622950819672132,1.0,0,7
engr0,S7,PGD,0.8,BIM,0.6,1.2622950819672132,1.0,0,7
engr0,BLU,PGD,0.8,BIM,0.7,1.2622950819672132,1.0,0,7
engr0,HTC,PGD,0.8,BIM,0.7,1.2622950819672132,1.0,0,7
engr0,LG,PGD,0.8,BIM,0.7,1.2622950819672132,1.0,0,7
engr0,MOTO,PGD,0.8,BIM,0.7,1.2622950819672132,1.0,0,7
engr0,OP3,PGD,0.8,BIM,0.7,1.2622950819672132,1.0,0,7
engr0,S7,PGD,0.8,BIM,0.7,1.2622950819672132,1.0,0,7
engr0,BLU,PGD,0.8,BIM,0.8,1.2622950819672132,1.0,0,7
engr0,HTC,PGD,0.8,BIM,0.8,1.2622950819672132,1.0,0,7
engr0,LG,PGD,0.8,BIM,0.8,1.2622950819672132,1.0,0,7
engr0,MOTO,PGD,0.8,BIM,0.8,1.2622950819672132,1.0,0,7
engr0,OP3,PGD,0.8,BIM,0.8,1.2622950819672132,1.0,0,7
engr0,S7,PGD,0.8,BIM,0.8,1.2622950819672132,1.0,0,7
engr0,BLU,PGD,0.8,BIM,0.9,1.2622950819672132,1.0,0,7
engr0,HTC,PGD,0.8,BIM,0.9,1.2622950819672132,1.0,0,7
engr0,LG,PGD,0.8,BIM,0.9,1.2622950819672132,1.0,0,7
engr0,MOTO,PGD,0.8,BIM,0.9,1.2622950819672132,1.0,0,7
engr0,OP3,PGD,0.8,BIM,0.9,1.2622950819672132,1.0,0,7
engr0,S7,PGD,0.8,BIM,0.9,1.2622950819672132,1.0,0,7
engr0,BLU,PGD,0.8,BIM,1.0,1.2622950819672132,1.0,0,7
engr0,HTC,PGD,0.8,BIM,1.0,1.2622950819672132,1.0,0,7
engr0,LG,PGD,0.8,BIM,1.0,1.2622950819672132,1.0,0,7
engr0,MOTO,PGD,0.8,BIM,1.0,1.2622950819672132,1.0,0,7
engr0,OP3,PGD,0.8,BIM,1.0,1.2622950819672132,1.0,0,7
engr0,S7,PGD,0.8,BIM,1.0,1.2622950819672132,1.0,0,7
engr0,BLU,PGD,0.9,BIM,0.1,0.5901639344262295,0.0,0,3
engr0,HTC,PGD,0.9,BIM,0.1,0.5901639344262295,0.0,0,3
engr0,LG,PGD,0.9,BIM,0.1,0.5901639344262295,0.0,0,3
engr0,MOTO,PGD,0.9,BIM,0.1,0.5901639344262295,0.0,0,3
engr0,OP3,PGD,0.9,BIM,0.1,0.5901639344262295,0.0,0,3
engr0,S7,PGD,0.9,BIM,0.1,0.5901639344262295,0.0,0,3
engr0,BLU,PGD,0.9,BIM,0.2,0.8032786885245902,0.0,0,7
engr0,HTC,PGD,0.9,BIM,0.2,0.8032786885245902,0.0,0,7
engr0,LG,PGD,0.9,BIM,0.2,0.8032786885245902,0.0,0,7
engr0,MOTO,PGD,0.9,BIM,0.2,0.8032786885245902,0.0,0,7
engr0,OP3,PGD,0.9,BIM,0.2,0.8032786885245902,0.0,0,7
engr0,S7,PGD,0.9,BIM,0.2,0.8032786885245902,0.0,0,7
engr0,BLU,PGD,0.9,BIM,0.3,1.8032786885245902,1.0,0,44
engr0,HTC,PGD,0.9,BIM,0.3,1.8032786885245902,1.0,0,44
engr0,LG,PGD,0.9,BIM,0.3,1.8032786885245902,1.0,0,44
engr0,MOTO,PGD,0.9,BIM,0.3,1.8032786885245902,1.0,0,44
engr0,OP3,PGD,0.9,BIM,0.3,1.8032786885245902,1.0,0,44
engr0,S7,PGD,0.9,BIM,0.3,1.8032786885245902,1.0,0,44
engr0,BLU,PGD,0.9,BIM,0.4,1.7868852459016393,1.0,0,44
engr0,HTC,PGD,0.9,BIM,0.4,1.7868852459016393,1.0,0,44
engr0,LG,PGD,0.9,BIM,0.4,1.7868852459016393,1.0,0,44
engr0,MOTO,PGD,0.9,BIM,0.4,1.7868852459016393,1.0,0,44
engr0,OP3,PGD,0.9,BIM,0.4,1.7868852459016393,1.0,0,44
engr0,S7,PGD,0.9,BIM,0.4,1.7868852459016393,1.0,0,44
engr0,BLU,PGD,0.9,BIM,0.5,1.7868852459016393,1.0,0,44
engr0,HTC,PGD,0.9,BIM,0.5,1.7868852459016393,1.0,0,44
engr0,LG,PGD,0.9,BIM,0.5,1.7868852459016393,1.0,0,44
engr0,MOTO,PGD,0.9,BIM,0.5,1.7868852459016393,1.0,0,44
engr0,OP3,PGD,0.9,BIM,0.5,1.7868852459016393,1.0,0,44
engr0,S7,PGD,0.9,BIM,0.5,1.7868852459016393,1.0,0,44
engr0,BLU,PGD,0.9,BIM,0.6,1.7868852459016393,1.0,0,44
engr0,HTC,PGD,0.9,BIM,0.6,1.7868852459016393,1.0,0,44
engr0,LG,PGD,0.9,BIM,0.6,1.7868852459016393,1.0,0,44
engr0,MOTO,PGD,0.9,BIM,0.6,1.7868852459016393,1.0,0,44
engr0,OP3,PGD,0.9,BIM,0.6,1.7868852459016393,1.0,0,44
engr0,S7,PGD,0.9,BIM,0.6,1.7868852459016393,1.0,0,44
engr0,BLU,PGD,0.9,BIM,0.7,1.7868852459016393,1.0,0,44
engr0,HTC,PGD,0.9,BIM,0.7,1.7868852459016393,1.0,0,44
engr0,LG,PGD,0.9,BIM,0.7,1.7868852459016393,1.0,0,44
engr0,MOTO,PGD,0.9,BIM,0.7,1.7868852459016393,1.0,0,44
engr0,OP3,PGD,0.9,BIM,0.7,1.7868852459016393,1.0,0,44
engr0,S7,PGD,0.9,BIM,0.7,1.7868852459016393,1.0,0,44
engr0,BLU,PGD,0.9,BIM,0.8,1.7868852459016393,1.0,0,44
engr0,HTC,PGD,0.9,BIM,0.8,1.7868852459016393,1.0,0,44
engr0,LG,PGD,0.9,BIM,0.8,1.7868852459016393,1.0,0,44
engr0,MOTO,PGD,0.9,BIM,0.8,1.7868852459016393,1.0,0,44
engr0,OP3,PGD,0.9,BIM,0.8,1.7868852459016393,1.0,0,44
engr0,S7,PGD,0.9,BIM,0.8,1.7868852459016393,1.0,0,44
engr0,BLU,PGD,0.9,BIM,0.9,1.7868852459016393,1.0,0,44
engr0,HTC,PGD,0.9,BIM,0.9,1.7868852459016393,1.0,0,44
engr0,LG,PGD,0.9,BIM,0.9,1.7868852459016393,1.0,0,44
engr0,MOTO,PGD,0.9,BIM,0.9,1.7868852459016393,1.0,0,44
engr0,OP3,PGD,0.9,BIM,0.9,1.7868852459016393,1.0,0,44
engr0,S7,PGD,0.9,BIM,0.9,1.7868852459016393,1.0,0,44
engr0,BLU,PGD,0.9,BIM,1.0,1.7868852459016393,1.0,0,44
engr0,HTC,PGD,0.9,BIM,1.0,1.7868852459016393,1.0,0,44
engr0,LG,PGD,0.9,BIM,1.0,1.7868852459016393,1.0,0,44
engr0,MOTO,PGD,0.9,BIM,1.0,1.7868852459016393,1.0,0,44
engr0,OP3,PGD,0.9,BIM,1.0,1.7868852459016393,1.0,0,44
engr0,S7,PGD,0.9,BIM,1.0,1.7868852459016393,1.0,0,44
engr0,BLU,PGD,1.0,BIM,0.1,0.7868852459016393,0.0,0,4
engr0,HTC,PGD,1.0,BIM,0.1,0.7868852459016393,0.0,0,4
engr0,LG,PGD,1.0,BIM,0.1,0.7868852459016393,0.0,0,4
engr0,MOTO,PGD,1.0,BIM,0.1,0.7868852459016393,0.0,0,4
engr0,OP3,PGD,1.0,BIM,0.1,0.7868852459016393,0.0,0,4
engr0,S7,PGD,1.0,BIM,0.1,0.7868852459016393,0.0,0,4
engr0,BLU,PGD,1.0,BIM,0.2,0.9836065573770492,1.0,0,6
engr0,HTC,PGD,1.0,BIM,0.2,0.9836065573770492,1.0,0,6
engr0,LG,PGD,1.0,BIM,0.2,0.9836065573770492,1.0,0,6
engr0,MOTO,PGD,1.0,BIM,0.2,0.9836065573770492,1.0,0,6
engr0,OP3,PGD,1.0,BIM,0.2,0.9836065573770492,1.0,0,6
engr0,S7,PGD,1.0,BIM,0.2,0.9836065573770492,1.0,0,6
engr0,BLU,PGD,1.0,BIM,0.3,1.0327868852459017,1.0,0,6
engr0,HTC,PGD,1.0,BIM,0.3,1.0327868852459017,1.0,0,6
engr0,LG,PGD,1.0,BIM,0.3,1.0327868852459017,1.0,0,6
engr0,MOTO,PGD,1.0,BIM,0.3,1.0327868852459017,1.0,0,6
engr0,OP3,PGD,1.0,BIM,0.3,1.0327868852459017,1.0,0,6
engr0,S7,PGD,1.0,BIM,0.3,1.0327868852459017,1.0,0,6
engr0,BLU,PGD,1.0,BIM,0.4,1.0327868852459017,1.0,0,6
engr0,HTC,PGD,1.0,BIM,0.4,1.0327868852459017,1.0,0,6
engr0,LG,PGD,1.0,BIM,0.4,1.0327868852459017,1.0,0,6
engr0,MOTO,PGD,1.0,BIM,0.4,1.0327868852459017,1.0,0,6
engr0,OP3,PGD,1.0,BIM,0.4,1.0327868852459017,1.0,0,6
engr0,S7,PGD,1.0,BIM,0.4,1.0327868852459017,1.0,0,6
engr0,BLU,PGD,1.0,BIM,0.5,1.0327868852459017,1.0,0,6
engr0,HTC,PGD,1.0,BIM,0.5,1.0327868852459017,1.0,0,6
engr0,LG,PGD,1.0,BIM,0.5,1.0327868852459017,1.0,0,6
engr0,MOTO,PGD,1.0,BIM,0.5,1.0327868852459017,1.0,0,6
engr0,OP3,PGD,1.0,BIM,0.5,1.0327868852459017,1.0,0,6
engr0,S7,PGD,1.0,BIM,0.5,1.0327868852459017,1.0,0,6
engr0,BLU,PGD,1.0,BIM,0.6,1.0327868852459017,1.0,0,6
engr0,HTC,PGD,1.0,BIM,0.6,1.0327868852459017,1.0,0,6
engr0,LG,PGD,1.0,BIM,0.6,1.0327868852459017,1.0,0,6
engr0,MOTO,PGD,1.0,BIM,0.6,1.0327868852459017,1.0,0,6
engr0,OP3,PGD,1.0,BIM,0.6,1.0327868852459017,1.0,0,6
engr0,S7,PGD,1.0,BIM,0.6,1.0327868852459017,1.0,0,6
engr0,BLU,PGD,1.0,BIM,0.7,1.0327868852459017,1.0,0,6
engr0,HTC,PGD,1.0,BIM,0.7,1.0327868852459017,1.0,0,6
engr0,LG,PGD,1.0,BIM,0.7,1.0327868852459017,1.0,0,6
engr0,MOTO,PGD,1.0,BIM,0.7,1.0327868852459017,1.0,0,6
engr0,OP3,PGD,1.0,BIM,0.7,1.0327868852459017,1.0,0,6
engr0,S7,PGD,1.0,BIM,0.7,1.0327868852459017,1.0,0,6
engr0,BLU,PGD,1.0,BIM,0.8,1.0327868852459017,1.0,0,6
engr0,HTC,PGD,1.0,BIM,0.8,1.0327868852459017,1.0,0,6
engr0,LG,PGD,1.0,BIM,0.8,1.0327868852459017,1.0,0,6
engr0,MOTO,PGD,1.0,BIM,0.8,1.0327868852459017,1.0,0,6
engr0,OP3,PGD,1.0,BIM,0.8,1.0327868852459017,1.0,0,6
engr0,S7,PGD,1.0,BIM,0.8,1.0327868852459017,1.0,0,6
engr0,BLU,PGD,1.0,BIM,0.9,1.0327868852459017,1.0,0,6
engr0,HTC,PGD,1.0,BIM,0.9,1.0327868852459017,1.0,0,6
engr0,LG,PGD,1.0,BIM,0.9,1.0327868852459017,1.0,0,6
engr0,MOTO,PGD,1.0,BIM,0.9,1.0327868852459017,1.0,0,6
engr0,OP3,PGD,1.0,BIM,0.9,1.0327868852459017,1.0,0,6
engr0,S7,PGD,1.0,BIM,0.9,1.0327868852459017,1.0,0,6
engr0,BLU,PGD,1.0,BIM,1.0,1.0327868852459017,1.0,0,6
engr0,HTC,PGD,1.0,BIM,1.0,1.0327868852459017,1.0,0,6
engr0,LG,PGD,1.0,BIM,1.0,1.0327868852459017,1.0,0,6
engr0,MOTO,PGD,1.0,BIM,1.0,1.0327868852459017,1.0,0,6
engr0,OP3,PGD,1.0,BIM,1.0,1.0327868852459017,1.0,0,6
engr0,S7,PGD,1.0,BIM,1.0,1.0327868852459017,1.0,0,6
engr0,BLU,MIM,0.1,BIM,0.1,1.2622950819672132,0.0,0,40
engr0,HTC,MIM,0.1,BIM,0.1,1.2622950819672132,0.0,0,40
engr0,LG,MIM,0.1,BIM,0.1,1.2622950819672132,0.0,0,40
engr0,MOTO,MIM,0.1,BIM,0.1,1.2622950819672132,0.0,0,40
engr0,OP3,MIM,0.1,BIM,0.1,1.2622950819672132,0.0,0,40
engr0,S7,MIM,0.1,BIM,0.1,1.2622950819672132,0.0,0,40
engr0,BLU,MIM,0.1,BIM,0.2,1.7377049180327868,0.0,0,40
engr0,HTC,MIM,0.1,BIM,0.2,1.7377049180327868,0.0,0,40
engr0,LG,MIM,0.1,BIM,0.2,1.7377049180327868,0.0,0,40
engr0,MOTO,MIM,0.1,BIM,0.2,1.7377049180327868,0.0,0,40
engr0,OP3,MIM,0.1,BIM,0.2,1.7377049180327868,0.0,0,40
engr0,S7,MIM,0.1,BIM,0.2,1.7377049180327868,0.0,0,40
engr0,BLU,MIM,0.1,BIM,0.3,2.360655737704918,1.0,0,40
engr0,HTC,MIM,0.1,BIM,0.3,2.360655737704918,1.0,0,40
engr0,LG,MIM,0.1,BIM,0.3,2.360655737704918,1.0,0,40
engr0,MOTO,MIM,0.1,BIM,0.3,2.360655737704918,1.0,0,40
engr0,OP3,MIM,0.1,BIM,0.3,2.360655737704918,1.0,0,40
engr0,S7,MIM,0.1,BIM,0.3,2.360655737704918,1.0,0,40
engr0,BLU,MIM,0.1,BIM,0.4,2.3934426229508197,1.0,0,40
engr0,HTC,MIM,0.1,BIM,0.4,2.3934426229508197,1.0,0,40
engr0,LG,MIM,0.1,BIM,0.4,2.3934426229508197,1.0,0,40
engr0,MOTO,MIM,0.1,BIM,0.4,2.3934426229508197,1.0,0,40
engr0,OP3,MIM,0.1,BIM,0.4,2.3934426229508197,1.0,0,40
engr0,S7,MIM,0.1,BIM,0.4,2.3934426229508197,1.0,0,40
engr0,BLU,MIM,0.1,BIM,0.5,2.3934426229508197,1.0,0,40
engr0,HTC,MIM,0.1,BIM,0.5,2.3934426229508197,1.0,0,40
engr0,LG,MIM,0.1,BIM,0.5,2.3934426229508197,1.0,0,40
engr0,MOTO,MIM,0.1,BIM,0.5,2.3934426229508197,1.0,0,40
engr0,OP3,MIM,0.1,BIM,0.5,2.3934426229508197,1.0,0,40
engr0,S7,MIM,0.1,BIM,0.5,2.3934426229508197,1.0,0,40
engr0,BLU,MIM,0.1,BIM,0.6,2.3934426229508197,1.0,0,40
engr0,HTC,MIM,0.1,BIM,0.6,2.3934426229508197,1.0,0,40
engr0,LG,MIM,0.1,BIM,0.6,2.3934426229508197,1.0,0,40
engr0,MOTO,MIM,0.1,BIM,0.6,2.3934426229508197,1.0,0,40
engr0,OP3,MIM,0.1,BIM,0.6,2.3934426229508197,1.0,0,40
engr0,S7,MIM,0.1,BIM,0.6,2.3934426229508197,1.0,0,40
engr0,BLU,MIM,0.1,BIM,0.7,2.3934426229508197,1.0,0,40
engr0,HTC,MIM,0.1,BIM,0.7,2.3934426229508197,1.0,0,40
engr0,LG,MIM,0.1,BIM,0.7,2.3934426229508197,1.0,0,40
engr0,MOTO,MIM,0.1,BIM,0.7,2.3934426229508197,1.0,0,40
engr0,OP3,MIM,0.1,BIM,0.7,2.3934426229508197,1.0,0,40
engr0,S7,MIM,0.1,BIM,0.7,2.3934426229508197,1.0,0,40
engr0,BLU,MIM,0.1,BIM,0.8,2.3934426229508197,1.0,0,40
engr0,HTC,MIM,0.1,BIM,0.8,2.3934426229508197,1.0,0,40
engr0,LG,MIM,0.1,BIM,0.8,2.3934426229508197,1.0,0,40
engr0,MOTO,MIM,0.1,BIM,0.8,2.3934426229508197,1.0,0,40
engr0,OP3,MIM,0.1,BIM,0.8,2.3934426229508197,1.0,0,40
engr0,S7,MIM,0.1,BIM,0.8,2.3934426229508197,1.0,0,40
engr0,BLU,MIM,0.1,BIM,0.9,2.3934426229508197,1.0,0,40
engr0,HTC,MIM,0.1,BIM,0.9,2.3934426229508197,1.0,0,40
engr0,LG,MIM,0.1,BIM,0.9,2.3934426229508197,1.0,0,40
engr0,MOTO,MIM,0.1,BIM,0.9,2.3934426229508197,1.0,0,40
engr0,OP3,MIM,0.1,BIM,0.9,2.3934426229508197,1.0,0,40
engr0,S7,MIM,0.1,BIM,0.9,2.3934426229508197,1.0,0,40
engr0,BLU,MIM,0.1,BIM,1.0,2.3934426229508197,1.0,0,40
engr0,HTC,MIM,0.1,BIM,1.0,2.3934426229508197,1.0,0,40
engr0,LG,MIM,0.1,BIM,1.0,2.3934426229508197,1.0,0,40
engr0,MOTO,MIM,0.1,BIM,1.0,2.3934426229508197,1.0,0,40
engr0,OP3,MIM,0.1,BIM,1.0,2.3934426229508197,1.0,0,40
engr0,S7,MIM,0.1,BIM,1.0,2.3934426229508197,1.0,0,40
engr0,BLU,MIM,0.2,BIM,0.1,0.8524590163934426,0.0,0,4
engr0,HTC,MIM,0.2,BIM,0.1,0.8524590163934426,0.0,0,4
engr0,LG,MIM,0.2,BIM,0.1,0.8524590163934426,0.0,0,4
engr0,MOTO,MIM,0.2,BIM,0.1,0.8524590163934426,0.0,0,4
engr0,OP3,MIM,0.2,BIM,0.1,0.8524590163934426,0.0,0,4
engr0,S7,MIM,0.2,BIM,0.1,0.8524590163934426,0.0,0,4
engr0,BLU,MIM,0.2,BIM,0.2,1.3114754098360655,1.0,0,8
engr0,HTC,MIM,0.2,BIM,0.2,1.3114754098360655,1.0,0,8
engr0,LG,MIM,0.2,BIM,0.2,1.3114754098360655,1.0,0,8
engr0,MOTO,MIM,0.2,BIM,0.2,1.3114754098360655,1.0,0,8
engr0,OP3,MIM,0.2,BIM,0.2,1.3114754098360655,1.0,0,8
engr0,S7,MIM,0.2,BIM,0.2,1.3114754098360655,1.0,0,8
engr0,BLU,MIM,0.2,BIM,0.3,1.3934426229508197,1.0,0,7
engr0,HTC,MIM,0.2,BIM,0.3,1.3934426229508197,1.0,0,7
engr0,LG,MIM,0.2,BIM,0.3,1.3934426229508197,1.0,0,7
engr0,MOTO,MIM,0.2,BIM,0.3,1.3934426229508197,1.0,0,7
engr0,OP3,MIM,0.2,BIM,0.3,1.3934426229508197,1.0,0,7
engr0,S7,MIM,0.2,BIM,0.3,1.3934426229508197,1.0,0,7
engr0,BLU,MIM,0.2,BIM,0.4,1.360655737704918,1.0,0,7
engr0,HTC,MIM,0.2,BIM,0.4,1.360655737704918,1.0,0,7
engr0,LG,MIM,0.2,BIM,0.4,1.360655737704918,1.0,0,7
engr0,MOTO,MIM,0.2,BIM,0.4,1.360655737704918,1.0,0,7
engr0,OP3,MIM,0.2,BIM,0.4,1.360655737704918,1.0,0,7
engr0,S7,MIM,0.2,BIM,0.4,1.360655737704918,1.0,0,7
engr0,BLU,MIM,0.2,BIM,0.5,1.360655737704918,1.0,0,7
engr0,HTC,MIM,0.2,BIM,0.5,1.360655737704918,1.0,0,7
engr0,LG,MIM,0.2,BIM,0.5,1.360655737704918,1.0,0,7
engr0,MOTO,MIM,0.2,BIM,0.5,1.360655737704918,1.0,0,7
engr0,OP3,MIM,0.2,BIM,0.5,1.360655737704918,1.0,0,7
engr0,S7,MIM,0.2,BIM,0.5,1.360655737704918,1.0,0,7
engr0,BLU,MIM,0.2,BIM,0.6,1.360655737704918,1.0,0,7
engr0,HTC,MIM,0.2,BIM,0.6,1.360655737704918,1.0,0,7
engr0,LG,MIM,0.2,BIM,0.6,1.360655737704918,1.0,0,7
engr0,MOTO,MIM,0.2,BIM,0.6,1.360655737704918,1.0,0,7
engr0,OP3,MIM,0.2,BIM,0.6,1.360655737704918,1.0,0,7
engr0,S7,MIM,0.2,BIM,0.6,1.360655737704918,1.0,0,7
engr0,BLU,MIM,0.2,BIM,0.7,1.360655737704918,1.0,0,7
engr0,HTC,MIM,0.2,BIM,0.7,1.360655737704918,1.0,0,7
engr0,LG,MIM,0.2,BIM,0.7,1.360655737704918,1.0,0,7
engr0,MOTO,MIM,0.2,BIM,0.7,1.360655737704918,1.0,0,7
engr0,OP3,MIM,0.2,BIM,0.7,1.360655737704918,1.0,0,7
engr0,S7,MIM,0.2,BIM,0.7,1.360655737704918,1.0,0,7
engr0,BLU,MIM,0.2,BIM,0.8,1.360655737704918,1.0,0,7
engr0,HTC,MIM,0.2,BIM,0.8,1.360655737704918,1.0,0,7
engr0,LG,MIM,0.2,BIM,0.8,1.360655737704918,1.0,0,7
engr0,MOTO,MIM,0.2,BIM,0.8,1.360655737704918,1.0,0,7
engr0,OP3,MIM,0.2,BIM,0.8,1.360655737704918,1.0,0,7
engr0,S7,MIM,0.2,BIM,0.8,1.360655737704918,1.0,0,7
engr0,BLU,MIM,0.2,BIM,0.9,1.360655737704918,1.0,0,7
engr0,HTC,MIM,0.2,BIM,0.9,1.360655737704918,1.0,0,7
engr0,LG,MIM,0.2,BIM,0.9,1.360655737704918,1.0,0,7
engr0,MOTO,MIM,0.2,BIM,0.9,1.360655737704918,1.0,0,7
engr0,OP3,MIM,0.2,BIM,0.9,1.360655737704918,1.0,0,7
engr0,S7,MIM,0.2,BIM,0.9,1.360655737704918,1.0,0,7
engr0,BLU,MIM,0.2,BIM,1.0,1.360655737704918,1.0,0,7
engr0,HTC,MIM,0.2,BIM,1.0,1.360655737704918,1.0,0,7
engr0,LG,MIM,0.2,BIM,1.0,1.360655737704918,1.0,0,7
engr0,MOTO,MIM,0.2,BIM,1.0,1.360655737704918,1.0,0,7
engr0,OP3,MIM,0.2,BIM,1.0,1.360655737704918,1.0,0,7
engr0,S7,MIM,0.2,BIM,1.0,1.360655737704918,1.0,0,7
engr0,BLU,MIM,0.3,BIM,0.1,0.7377049180327869,0.0,0,4
engr0,HTC,MIM,0.3,BIM,0.1,0.7377049180327869,0.0,0,4
engr0,LG,MIM,0.3,BIM,0.1,0.7377049180327869,0.0,0,4
engr0,MOTO,MIM,0.3,BIM,0.1,0.7377049180327869,0.0,0,4
engr0,OP3,MIM,0.3,BIM,0.1,0.7377049180327869,0.0,0,4
engr0,S7,MIM,0.3,BIM,0.1,0.7377049180327869,0.0,0,4
engr0,BLU,MIM,0.3,BIM,0.2,1.0491803278688525,1.0,0,7
engr0,HTC,MIM,0.3,BIM,0.2,1.0491803278688525,1.0,0,7
engr0,LG,MIM,0.3,BIM,0.2,1.0491803278688525,1.0,0,7
engr0,MOTO,MIM,0.3,BIM,0.2,1.0491803278688525,1.0,0,7
engr0,OP3,MIM,0.3,BIM,0.2,1.0491803278688525,1.0,0,7
engr0,S7,MIM,0.3,BIM,0.2,1.0491803278688525,1.0,0,7
engr0,BLU,MIM,0.3,BIM,0.3,1.1967213114754098,1.0,0,7
engr0,HTC,MIM,0.3,BIM,0.3,1.1967213114754098,1.0,0,7
engr0,LG,MIM,0.3,BIM,0.3,1.1967213114754098,1.0,0,7
engr0,MOTO,MIM,0.3,BIM,0.3,1.1967213114754098,1.0,0,7
engr0,OP3,MIM,0.3,BIM,0.3,1.1967213114754098,1.0,0,7
engr0,S7,MIM,0.3,BIM,0.3,1.1967213114754098,1.0,0,7
engr0,BLU,MIM,0.3,BIM,0.4,1.1967213114754098,1.0,0,7
engr0,HTC,MIM,0.3,BIM,0.4,1.1967213114754098,1.0,0,7
engr0,LG,MIM,0.3,BIM,0.4,1.1967213114754098,1.0,0,7
engr0,MOTO,MIM,0.3,BIM,0.4,1.1967213114754098,1.0,0,7
engr0,OP3,MIM,0.3,BIM,0.4,1.1967213114754098,1.0,0,7
engr0,S7,MIM,0.3,BIM,0.4,1.1967213114754098,1.0,0,7
engr0,BLU,MIM,0.3,BIM,0.5,1.1967213114754098,1.0,0,7
engr0,HTC,MIM,0.3,BIM,0.5,1.1967213114754098,1.0,0,7
engr0,LG,MIM,0.3,BIM,0.5,1.1967213114754098,1.0,0,7
engr0,MOTO,MIM,0.3,BIM,0.5,1.1967213114754098,1.0,0,7
engr0,OP3,MIM,0.3,BIM,0.5,1.1967213114754098,1.0,0,7
engr0,S7,MIM,0.3,BIM,0.5,1.1967213114754098,1.0,0,7
engr0,BLU,MIM,0.3,BIM,0.6,1.1967213114754098,1.0,0,7
engr0,HTC,MIM,0.3,BIM,0.6,1.1967213114754098,1.0,0,7
engr0,LG,MIM,0.3,BIM,0.6,1.1967213114754098,1.0,0,7
engr0,MOTO,MIM,0.3,BIM,0.6,1.1967213114754098,1.0,0,7
engr0,OP3,MIM,0.3,BIM,0.6,1.1967213114754098,1.0,0,7
engr0,S7,MIM,0.3,BIM,0.6,1.1967213114754098,1.0,0,7
engr0,BLU,MIM,0.3,BIM,0.7,1.1967213114754098,1.0,0,7
engr0,HTC,MIM,0.3,BIM,0.7,1.1967213114754098,1.0,0,7
engr0,LG,MIM,0.3,BIM,0.7,1.1967213114754098,1.0,0,7
engr0,MOTO,MIM,0.3,BIM,0.7,1.1967213114754098,1.0,0,7
engr0,OP3,MIM,0.3,BIM,0.7,1.1967213114754098,1.0,0,7
engr0,S7,MIM,0.3,BIM,0.7,1.1967213114754098,1.0,0,7
engr0,BLU,MIM,0.3,BIM,0.8,1.1967213114754098,1.0,0,7
engr0,HTC,MIM,0.3,BIM,0.8,1.1967213114754098,1.0,0,7
engr0,LG,MIM,0.3,BIM,0.8,1.1967213114754098,1.0,0,7
engr0,MOTO,MIM,0.3,BIM,0.8,1.1967213114754098,1.0,0,7
engr0,OP3,MIM,0.3,BIM,0.8,1.1967213114754098,1.0,0,7
engr0,S7,MIM,0.3,BIM,0.8,1.1967213114754098,1.0,0,7
engr0,BLU,MIM,0.3,BIM,0.9,1.1967213114754098,1.0,0,7
engr0,HTC,MIM,0.3,BIM,0.9,1.1967213114754098,1.0,0,7
engr0,LG,MIM,0.3,BIM,0.9,1.1967213114754098,1.0,0,7
engr0,MOTO,MIM,0.3,BIM,0.9,1.1967213114754098,1.0,0,7
engr0,OP3,MIM,0.3,BIM,0.9,1.1967213114754098,1.0,0,7
engr0,S7,MIM,0.3,BIM,0.9,1.1967213114754098,1.0,0,7
engr0,BLU,MIM,0.3,BIM,1.0,1.1967213114754098,1.0,0,7
engr0,HTC,MIM,0.3,BIM,1.0,1.1967213114754098,1.0,0,7
engr0,LG,MIM,0.3,BIM,1.0,1.1967213114754098,1.0,0,7
engr0,MOTO,MIM,0.3,BIM,1.0,1.1967213114754098,1.0,0,7
engr0,OP3,MIM,0.3,BIM,1.0,1.1967213114754098,1.0,0,7
engr0,S7,MIM,0.3,BIM,1.0,1.1967213114754098,1.0,0,7
engr0,BLU,MIM,0.4,BIM,0.1,1.0491803278688525,0.0,0,7
engr0,HTC,MIM,0.4,BIM,0.1,1.0491803278688525,0.0,0,7
engr0,LG,MIM,0.4,BIM,0.1,1.0491803278688525,0.0,0,7
engr0,MOTO,MIM,0.4,BIM,0.1,1.0491803278688525,0.0,0,7
engr0,OP3,MIM,0.4,BIM,0.1,1.0491803278688525,0.0,0,7
engr0,S7,MIM,0.4,BIM,0.1,1.0491803278688525,0.0,0,7
engr0,BLU,MIM,0.4,BIM,0.2,1.2131147540983607,1.0,0,5
engr0,HTC,MIM,0.4,BIM,0.2,1.2131147540983607,1.0,0,5
engr0,LG,MIM,0.4,BIM,0.2,1.2131147540983607,1.0,0,5
engr0,MOTO,MIM,0.4,BIM,0.2,1.2131147540983607,1.0,0,5
engr0,OP3,MIM,0.4,BIM,0.2,1.2131147540983607,1.0,0,5
engr0,S7,MIM,0.4,BIM,0.2,1.2131147540983607,1.0,0,5
engr0,BLU,MIM,0.4,BIM,0.3,1.5901639344262295,1.0,0,8
engr0,HTC,MIM,0.4,BIM,0.3,1.5901639344262295,1.0,0,8
engr0,LG,MIM,0.4,BIM,0.3,1.5901639344262295,1.0,0,8
engr0,MOTO,MIM,0.4,BIM,0.3,1.5901639344262295,1.0,0,8
engr0,OP3,MIM,0.4,BIM,0.3,1.5901639344262295,1.0,0,8
engr0,S7,MIM,0.4,BIM,0.3,1.5901639344262295,1.0,0,8
engr0,BLU,MIM,0.4,BIM,0.4,1.6065573770491803,1.0,0,8
engr0,HTC,MIM,0.4,BIM,0.4,1.6065573770491803,1.0,0,8
engr0,LG,MIM,0.4,BIM,0.4,1.6065573770491803,1.0,0,8
engr0,MOTO,MIM,0.4,BIM,0.4,1.6065573770491803,1.0,0,8
engr0,OP3,MIM,0.4,BIM,0.4,1.6065573770491803,1.0,0,8
engr0,S7,MIM,0.4,BIM,0.4,1.6065573770491803,1.0,0,8
engr0,BLU,MIM,0.4,BIM,0.5,1.6065573770491803,1.0,0,8
engr0,HTC,MIM,0.4,BIM,0.5,1.6065573770491803,1.0,0,8
engr0,LG,MIM,0.4,BIM,0.5,1.6065573770491803,1.0,0,8
engr0,MOTO,MIM,0.4,BIM,0.5,1.6065573770491803,1.0,0,8
engr0,OP3,MIM,0.4,BIM,0.5,1.6065573770491803,1.0,0,8
engr0,S7,MIM,0.4,BIM,0.5,1.6065573770491803,1.0,0,8
engr0,BLU,MIM,0.4,BIM,0.6,1.6065573770491803,1.0,0,8
engr0,HTC,MIM,0.4,BIM,0.6,1.6065573770491803,1.0,0,8
engr0,LG,MIM,0.4,BIM,0.6,1.6065573770491803,1.0,0,8
engr0,MOTO,MIM,0.4,BIM,0.6,1.6065573770491803,1.0,0,8
engr0,OP3,MIM,0.4,BIM,0.6,1.6065573770491803,1.0,0,8
engr0,S7,MIM,0.4,BIM,0.6,1.6065573770491803,1.0,0,8
engr0,BLU,MIM,0.4,BIM,0.7,1.6065573770491803,1.0,0,8
engr0,HTC,MIM,0.4,BIM,0.7,1.6065573770491803,1.0,0,8
engr0,LG,MIM,0.4,BIM,0.7,1.6065573770491803,1.0,0,8
engr0,MOTO,MIM,0.4,BIM,0.7,1.6065573770491803,1.0,0,8
engr0,OP3,MIM,0.4,BIM,0.7,1.6065573770491803,1.0,0,8
engr0,S7,MIM,0.4,BIM,0.7,1.6065573770491803,1.0,0,8
engr0,BLU,MIM,0.4,BIM,0.8,1.6065573770491803,1.0,0,8
engr0,HTC,MIM,0.4,BIM,0.8,1.6065573770491803,1.0,0,8
engr0,LG,MIM,0.4,BIM,0.8,1.6065573770491803,1.0,0,8
engr0,MOTO,MIM,0.4,BIM,0.8,1.6065573770491803,1.0,0,8
engr0,OP3,MIM,0.4,BIM,0.8,1.6065573770491803,1.0,0,8
engr0,S7,MIM,0.4,BIM,0.8,1.6065573770491803,1.0,0,8
engr0,BLU,MIM,0.4,BIM,0.9,1.6065573770491803,1.0,0,8
engr0,HTC,MIM,0.4,BIM,0.9,1.6065573770491803,1.0,0,8
engr0,LG,MIM,0.4,BIM,0.9,1.6065573770491803,1.0,0,8
engr0,MOTO,MIM,0.4,BIM,0.9,1.6065573770491803,1.0,0,8
engr0,OP3,MIM,0.4,BIM,0.9,1.6065573770491803,1.0,0,8
engr0,S7,MIM,0.4,BIM,0.9,1.6065573770491803,1.0,0,8
engr0,BLU,MIM,0.4,BIM,1.0,1.6065573770491803,1.0,0,8
engr0,HTC,MIM,0.4,BIM,1.0,1.6065573770491803,1.0,0,8
engr0,LG,MIM,0.4,BIM,1.0,1.6065573770491803,1.0,0,8
engr0,MOTO,MIM,0.4,BIM,1.0,1.6065573770491803,1.0,0,8
engr0,OP3,MIM,0.4,BIM,1.0,1.6065573770491803,1.0,0,8
engr0,S7,MIM,0.4,BIM,1.0,1.6065573770491803,1.0,0,8
engr0,BLU,MIM,0.5,BIM,0.1,1.0163934426229508,0.0,0,8
engr0,HTC,MIM,0.5,BIM,0.1,1.0163934426229508,0.0,0,8
engr0,LG,MIM,0.5,BIM,0.1,1.0163934426229508,0.0,0,8
engr0,MOTO,MIM,0.5,BIM,0.1,1.0163934426229508,0.0,0,8
engr0,OP3,MIM,0.5,BIM,0.1,1.0163934426229508,0.0,0,8
engr0,S7,MIM,0.5,BIM,0.1,1.0163934426229508,0.0,0,8
engr0,BLU,MIM,0.5,BIM,0.2,1.2622950819672132,1.0,0,8
engr0,HTC,MIM,0.5,BIM,0.2,1.2622950819672132,1.0,0,8
engr0,LG,MIM,0.5,BIM,0.2,1.2622950819672132,1.0,0,8
engr0,MOTO,MIM,0.5,BIM,0.2,1.2622950819672132,1.0,0,8
engr0,OP3,MIM,0.5,BIM,0.2,1.2622950819672132,1.0,0,8
engr0,S7,MIM,0.5,BIM,0.2,1.2622950819672132,1.0,0,8
engr0,BLU,MIM,0.5,BIM,0.3,1.360655737704918,1.0,0,8
engr0,HTC,MIM,0.5,BIM,0.3,1.360655737704918,1.0,0,8
engr0,LG,MIM,0.5,BIM,0.3,1.360655737704918,1.0,0,8
engr0,MOTO,MIM,0.5,BIM,0.3,1.360655737704918,1.0,0,8
engr0,OP3,MIM,0.5,BIM,0.3,1.360655737704918,1.0,0,8
engr0,S7,MIM,0.5,BIM,0.3,1.360655737704918,1.0,0,8
engr0,BLU,MIM,0.5,BIM,0.4,1.2950819672131149,1.0,0,8
engr0,HTC,MIM,0.5,BIM,0.4,1.2950819672131149,1.0,0,8
engr0,LG,MIM,0.5,BIM,0.4,1.2950819672131149,1.0,0,8
engr0,MOTO,MIM,0.5,BIM,0.4,1.2950819672131149,1.0,0,8
engr0,OP3,MIM,0.5,BIM,0.4,1.2950819672131149,1.0,0,8
engr0,S7,MIM,0.5,BIM,0.4,1.2950819672131149,1.0,0,8
engr0,BLU,MIM,0.5,BIM,0.5,1.2950819672131149,1.0,0,8
engr0,HTC,MIM,0.5,BIM,0.5,1.2950819672131149,1.0,0,8
engr0,LG,MIM,0.5,BIM,0.5,1.2950819672131149,1.0,0,8
engr0,MOTO,MIM,0.5,BIM,0.5,1.2950819672131149,1.0,0,8
engr0,OP3,MIM,0.5,BIM,0.5,1.2950819672131149,1.0,0,8
engr0,S7,MIM,0.5,BIM,0.5,1.2950819672131149,1.0,0,8
engr0,BLU,MIM,0.5,BIM,0.6,1.2950819672131149,1.0,0,8
engr0,HTC,MIM,0.5,BIM,0.6,1.2950819672131149,1.0,0,8
engr0,LG,MIM,0.5,BIM,0.6,1.2950819672131149,1.0,0,8
engr0,MOTO,MIM,0.5,BIM,0.6,1.2950819672131149,1.0,0,8
engr0,OP3,MIM,0.5,BIM,0.6,1.2950819672131149,1.0,0,8
engr0,S7,MIM,0.5,BIM,0.6,1.2950819672131149,1.0,0,8
engr0,BLU,MIM,0.5,BIM,0.7,1.2950819672131149,1.0,0,8
engr0,HTC,MIM,0.5,BIM,0.7,1.2950819672131149,1.0,0,8
engr0,LG,MIM,0.5,BIM,0.7,1.2950819672131149,1.0,0,8
engr0,MOTO,MIM,0.5,BIM,0.7,1.2950819672131149,1.0,0,8
engr0,OP3,MIM,0.5,BIM,0.7,1.2950819672131149,1.0,0,8
engr0,S7,MIM,0.5,BIM,0.7,1.2950819672131149,1.0,0,8
engr0,BLU,MIM,0.5,BIM,0.8,1.2950819672131149,1.0,0,8
engr0,HTC,MIM,0.5,BIM,0.8,1.2950819672131149,1.0,0,8
engr0,LG,MIM,0.5,BIM,0.8,1.2950819672131149,1.0,0,8
engr0,MOTO,MIM,0.5,BIM,0.8,1.2950819672131149,1.0,0,8
engr0,OP3,MIM,0.5,BIM,0.8,1.2950819672131149,1.0,0,8
engr0,S7,MIM,0.5,BIM,0.8,1.2950819672131149,1.0,0,8
engr0,BLU,MIM,0.5,BIM,0.9,1.2950819672131149,1.0,0,8
engr0,HTC,MIM,0.5,BIM,0.9,1.2950819672131149,1.0,0,8
engr0,LG,MIM,0.5,BIM,0.9,1.2950819672131149,1.0,0,8
engr0,MOTO,MIM,0.5,BIM,0.9,1.2950819672131149,1.0,0,8
engr0,OP3,MIM,0.5,BIM,0.9,1.2950819672131149,1.0,0,8
engr0,S7,MIM,0.5,BIM,0.9,1.2950819672131149,1.0,0,8
engr0,BLU,MIM,0.5,BIM,1.0,1.2950819672131149,1.0,0,8
engr0,HTC,MIM,0.5,BIM,1.0,1.2950819672131149,1.0,0,8
engr0,LG,MIM,0.5,BIM,1.0,1.2950819672131149,1.0,0,8
engr0,MOTO,MIM,0.5,BIM,1.0,1.2950819672131149,1.0,0,8
engr0,OP3,MIM,0.5,BIM,1.0,1.2950819672131149,1.0,0,8
engr0,S7,MIM,0.5,BIM,1.0,1.2950819672131149,1.0,0,8
engr0,BLU,MIM,0.6,BIM,0.1,1.098360655737705,1.0,0,8
engr0,HTC,MIM,0.6,BIM,0.1,1.098360655737705,1.0,0,8
engr0,LG,MIM,0.6,BIM,0.1,1.098360655737705,1.0,0,8
engr0,MOTO,MIM,0.6,BIM,0.1,1.098360655737705,1.0,0,8
engr0,OP3,MIM,0.6,BIM,0.1,1.098360655737705,1.0,0,8
engr0,S7,MIM,0.6,BIM,0.1,1.098360655737705,1.0,0,8
engr0,BLU,MIM,0.6,BIM,0.2,1.3442622950819672,1.0,0,7
engr0,HTC,MIM,0.6,BIM,0.2,1.3442622950819672,1.0,0,7
engr0,LG,MIM,0.6,BIM,0.2,1.3442622950819672,1.0,0,7
engr0,MOTO,MIM,0.6,BIM,0.2,1.3442622950819672,1.0,0,7
engr0,OP3,MIM,0.6,BIM,0.2,1.3442622950819672,1.0,0,7
engr0,S7,MIM,0.6,BIM,0.2,1.3442622950819672,1.0,0,7
engr0,BLU,MIM,0.6,BIM,0.3,1.4918032786885247,1.0,0,7
engr0,HTC,MIM,0.6,BIM,0.3,1.4918032786885247,1.0,0,7
engr0,LG,MIM,0.6,BIM,0.3,1.4918032786885247,1.0,0,7
engr0,MOTO,MIM,0.6,BIM,0.3,1.4918032786885247,1.0,0,7
engr0,OP3,MIM,0.6,BIM,0.3,1.4918032786885247,1.0,0,7
engr0,S7,MIM,0.6,BIM,0.3,1.4918032786885247,1.0,0,7
engr0,BLU,MIM,0.6,BIM,0.4,1.4754098360655739,1.0,0,7
engr0,HTC,MIM,0.6,BIM,0.4,1.4754098360655739,1.0,0,7
engr0,LG,MIM,0.6,BIM,0.4,1.4754098360655739,1.0,0,7
engr0,MOTO,MIM,0.6,BIM,0.4,1.4754098360655739,1.0,0,7
engr0,OP3,MIM,0.6,BIM,0.4,1.4754098360655739,1.0,0,7
engr0,S7,MIM,0.6,BIM,0.4,1.4754098360655739,1.0,0,7
engr0,BLU,MIM,0.6,BIM,0.5,1.4754098360655739,1.0,0,7
engr0,HTC,MIM,0.6,BIM,0.5,1.4754098360655739,1.0,0,7
engr0,LG,MIM,0.6,BIM,0.5,1.4754098360655739,1.0,0,7
engr0,MOTO,MIM,0.6,BIM,0.5,1.4754098360655739,1.0,0,7
engr0,OP3,MIM,0.6,BIM,0.5,1.4754098360655739,1.0,0,7
engr0,S7,MIM,0.6,BIM,0.5,1.4754098360655739,1.0,0,7
engr0,BLU,MIM,0.6,BIM,0.6,1.4754098360655739,1.0,0,7
engr0,HTC,MIM,0.6,BIM,0.6,1.4754098360655739,1.0,0,7
engr0,LG,MIM,0.6,BIM,0.6,1.4754098360655739,1.0,0,7
engr0,MOTO,MIM,0.6,BIM,0.6,1.4754098360655739,1.0,0,7
engr0,OP3,MIM,0.6,BIM,0.6,1.4754098360655739,1.0,0,7
engr0,S7,MIM,0.6,BIM,0.6,1.4754098360655739,1.0,0,7
engr0,BLU,MIM,0.6,BIM,0.7,1.4754098360655739,1.0,0,7
engr0,HTC,MIM,0.6,BIM,0.7,1.4754098360655739,1.0,0,7
engr0,LG,MIM,0.6,BIM,0.7,1.4754098360655739,1.0,0,7
engr0,MOTO,MIM,0.6,BIM,0.7,1.4754098360655739,1.0,0,7
engr0,OP3,MIM,0.6,BIM,0.7,1.4754098360655739,1.0,0,7
engr0,S7,MIM,0.6,BIM,0.7,1.4754098360655739,1.0,0,7
engr0,BLU,MIM,0.6,BIM,0.8,1.4754098360655739,1.0,0,7
engr0,HTC,MIM,0.6,BIM,0.8,1.4754098360655739,1.0,0,7
engr0,LG,MIM,0.6,BIM,0.8,1.4754098360655739,1.0,0,7
engr0,MOTO,MIM,0.6,BIM,0.8,1.4754098360655739,1.0,0,7
engr0,OP3,MIM,0.6,BIM,0.8,1.4754098360655739,1.0,0,7
engr0,S7,MIM,0.6,BIM,0.8,1.4754098360655739,1.0,0,7
engr0,BLU,MIM,0.6,BIM,0.9,1.4754098360655739,1.0,0,7
engr0,HTC,MIM,0.6,BIM,0.9,1.4754098360655739,1.0,0,7
engr0,LG,MIM,0.6,BIM,0.9,1.4754098360655739,1.0,0,7
engr0,MOTO,MIM,0.6,BIM,0.9,1.4754098360655739,1.0,0,7
engr0,OP3,MIM,0.6,BIM,0.9,1.4754098360655739,1.0,0,7
engr0,S7,MIM,0.6,BIM,0.9,1.4754098360655739,1.0,0,7
engr0,BLU,MIM,0.6,BIM,1.0,1.4754098360655739,1.0,0,7
engr0,HTC,MIM,0.6,BIM,1.0,1.4754098360655739,1.0,0,7
engr0,LG,MIM,0.6,BIM,1.0,1.4754098360655739,1.0,0,7
engr0,MOTO,MIM,0.6,BIM,1.0,1.4754098360655739,1.0,0,7
engr0,OP3,MIM,0.6,BIM,1.0,1.4754098360655739,1.0,0,7
engr0,S7,MIM,0.6,BIM,1.0,1.4754098360655739,1.0,0,7
engr0,BLU,MIM,0.7,BIM,0.1,0.9180327868852459,0.0,0,8
engr0,HTC,MIM,0.7,BIM,0.1,0.9180327868852459,0.0,0,8
engr0,LG,MIM,0.7,BIM,0.1,0.9180327868852459,0.0,0,8
engr0,MOTO,MIM,0.7,BIM,0.1,0.9180327868852459,0.0,0,8
engr0,OP3,MIM,0.7,BIM,0.1,0.9180327868852459,0.0,0,8
engr0,S7,MIM,0.7,BIM,0.1,0.9180327868852459,0.0,0,8
engr0,BLU,MIM,0.7,BIM,0.2,1.3114754098360655,1.0,0,8
engr0,HTC,MIM,0.7,BIM,0.2,1.3114754098360655,1.0,0,8
engr0,LG,MIM,0.7,BIM,0.2,1.3114754098360655,1.0,0,8
engr0,MOTO,MIM,0.7,BIM,0.2,1.3114754098360655,1.0,0,8
engr0,OP3,MIM,0.7,BIM,0.2,1.3114754098360655,1.0,0,8
engr0,S7,MIM,0.7,BIM,0.2,1.3114754098360655,1.0,0,8
engr0,BLU,MIM,0.7,BIM,0.3,1.3770491803278688,1.0,0,8
engr0,HTC,MIM,0.7,BIM,0.3,1.3770491803278688,1.0,0,8
engr0,LG,MIM,0.7,BIM,0.3,1.3770491803278688,1.0,0,8
engr0,MOTO,MIM,0.7,BIM,0.3,1.3770491803278688,1.0,0,8
engr0,OP3,MIM,0.7,BIM,0.3,1.3770491803278688,1.0,0,8
engr0,S7,MIM,0.7,BIM,0.3,1.3770491803278688,1.0,0,8
engr0,BLU,MIM,0.7,BIM,0.4,1.4262295081967213,1.0,0,8
engr0,HTC,MIM,0.7,BIM,0.4,1.4262295081967213,1.0,0,8
engr0,LG,MIM,0.7,BIM,0.4,1.4262295081967213,1.0,0,8
engr0,MOTO,MIM,0.7,BIM,0.4,1.4262295081967213,1.0,0,8
engr0,OP3,MIM,0.7,BIM,0.4,1.4262295081967213,1.0,0,8
engr0,S7,MIM,0.7,BIM,0.4,1.4262295081967213,1.0,0,8
engr0,BLU,MIM,0.7,BIM,0.5,1.4262295081967213,1.0,0,8
engr0,HTC,MIM,0.7,BIM,0.5,1.4262295081967213,1.0,0,8
engr0,LG,MIM,0.7,BIM,0.5,1.4262295081967213,1.0,0,8
engr0,MOTO,MIM,0.7,BIM,0.5,1.4262295081967213,1.0,0,8
engr0,OP3,MIM,0.7,BIM,0.5,1.4262295081967213,1.0,0,8
engr0,S7,MIM,0.7,BIM,0.5,1.4262295081967213,1.0,0,8
engr0,BLU,MIM,0.7,BIM,0.6,1.4262295081967213,1.0,0,8
engr0,HTC,MIM,0.7,BIM,0.6,1.4262295081967213,1.0,0,8
engr0,LG,MIM,0.7,BIM,0.6,1.4262295081967213,1.0,0,8
engr0,MOTO,MIM,0.7,BIM,0.6,1.4262295081967213,1.0,0,8
engr0,OP3,MIM,0.7,BIM,0.6,1.4262295081967213,1.0,0,8
engr0,S7,MIM,0.7,BIM,0.6,1.4262295081967213,1.0,0,8
engr0,BLU,MIM,0.7,BIM,0.7,1.4262295081967213,1.0,0,8
engr0,HTC,MIM,0.7,BIM,0.7,1.4262295081967213,1.0,0,8
engr0,LG,MIM,0.7,BIM,0.7,1.4262295081967213,1.0,0,8
engr0,MOTO,MIM,0.7,BIM,0.7,1.4262295081967213,1.0,0,8
engr0,OP3,MIM,0.7,BIM,0.7,1.4262295081967213,1.0,0,8
engr0,S7,MIM,0.7,BIM,0.7,1.4262295081967213,1.0,0,8
engr0,BLU,MIM,0.7,BIM,0.8,1.4262295081967213,1.0,0,8
engr0,HTC,MIM,0.7,BIM,0.8,1.4262295081967213,1.0,0,8
engr0,LG,MIM,0.7,BIM,0.8,1.4262295081967213,1.0,0,8
engr0,MOTO,MIM,0.7,BIM,0.8,1.4262295081967213,1.0,0,8
engr0,OP3,MIM,0.7,BIM,0.8,1.4262295081967213,1.0,0,8
engr0,S7,MIM,0.7,BIM,0.8,1.4262295081967213,1.0,0,8
engr0,BLU,MIM,0.7,BIM,0.9,1.4262295081967213,1.0,0,8
engr0,HTC,MIM,0.7,BIM,0.9,1.4262295081967213,1.0,0,8
engr0,LG,MIM,0.7,BIM,0.9,1.4262295081967213,1.0,0,8
engr0,MOTO,MIM,0.7,BIM,0.9,1.4262295081967213,1.0,0,8
engr0,OP3,MIM,0.7,BIM,0.9,1.4262295081967213,1.0,0,8
engr0,S7,MIM,0.7,BIM,0.9,1.4262295081967213,1.0,0,8
engr0,BLU,MIM,0.7,BIM,1.0,1.4262295081967213,1.0,0,8
engr0,HTC,MIM,0.7,BIM,1.0,1.4262295081967213,1.0,0,8
engr0,LG,MIM,0.7,BIM,1.0,1.4262295081967213,1.0,0,8
engr0,MOTO,MIM,0.7,BIM,1.0,1.4262295081967213,1.0,0,8
engr0,OP3,MIM,0.7,BIM,1.0,1.4262295081967213,1.0,0,8
engr0,S7,MIM,0.7,BIM,1.0,1.4262295081967213,1.0,0,8
engr0,BLU,MIM,0.8,BIM,0.1,0.8688524590163934,0.0,0,7
engr0,HTC,MIM,0.8,BIM,0.1,0.8688524590163934,0.0,0,7
engr0,LG,MIM,0.8,BIM,0.1,0.8688524590163934,0.0,0,7
engr0,MOTO,MIM,0.8,BIM,0.1,0.8688524590163934,0.0,0,7
engr0,OP3,MIM,0.8,BIM,0.1,0.8688524590163934,0.0,0,7
engr0,S7,MIM,0.8,BIM,0.1,0.8688524590163934,0.0,0,7
engr0,BLU,MIM,0.8,BIM,0.2,1.0655737704918034,1.0,0,7
engr0,HTC,MIM,0.8,BIM,0.2,1.0655737704918034,1.0,0,7
engr0,LG,MIM,0.8,BIM,0.2,1.0655737704918034,1.0,0,7
engr0,MOTO,MIM,0.8,BIM,0.2,1.0655737704918034,1.0,0,7
engr0,OP3,MIM,0.8,BIM,0.2,1.0655737704918034,1.0,0,7
engr0,S7,MIM,0.8,BIM,0.2,1.0655737704918034,1.0,0,7
engr0,BLU,MIM,0.8,BIM,0.3,1.819672131147541,1.0,0,42
engr0,HTC,MIM,0.8,BIM,0.3,1.819672131147541,1.0,0,42
engr0,LG,MIM,0.8,BIM,0.3,1.819672131147541,1.0,0,42
engr0,MOTO,MIM,0.8,BIM,0.3,1.819672131147541,1.0,0,42
engr0,OP3,MIM,0.8,BIM,0.3,1.819672131147541,1.0,0,42
engr0,S7,MIM,0.8,BIM,0.3,1.819672131147541,1.0,0,42
engr0,BLU,MIM,0.8,BIM,0.4,1.8524590163934427,1.0,0,42
engr0,HTC,MIM,0.8,BIM,0.4,1.8524590163934427,1.0,0,42
engr0,LG,MIM,0.8,BIM,0.4,1.8524590163934427,1.0,0,42
engr0,MOTO,MIM,0.8,BIM,0.4,1.8524590163934427,1.0,0,42
engr0,OP3,MIM,0.8,BIM,0.4,1.8524590163934427,1.0,0,42
engr0,S7,MIM,0.8,BIM,0.4,1.8524590163934427,1.0,0,42
engr0,BLU,MIM,0.8,BIM,0.5,1.8524590163934427,1.0,0,42
engr0,HTC,MIM,0.8,BIM,0.5,1.8524590163934427,1.0,0,42
engr0,LG,MIM,0.8,BIM,0.5,1.8524590163934427,1.0,0,42
engr0,MOTO,MIM,0.8,BIM,0.5,1.8524590163934427,1.0,0,42
engr0,OP3,MIM,0.8,BIM,0.5,1.8524590163934427,1.0,0,42
engr0,S7,MIM,0.8,BIM,0.5,1.8524590163934427,1.0,0,42
engr0,BLU,MIM,0.8,BIM,0.6,1.8524590163934427,1.0,0,42
engr0,HTC,MIM,0.8,BIM,0.6,1.8524590163934427,1.0,0,42
engr0,LG,MIM,0.8,BIM,0.6,1.8524590163934427,1.0,0,42
engr0,MOTO,MIM,0.8,BIM,0.6,1.8524590163934427,1.0,0,42
engr0,OP3,MIM,0.8,BIM,0.6,1.8524590163934427,1.0,0,42
engr0,S7,MIM,0.8,BIM,0.6,1.8524590163934427,1.0,0,42
engr0,BLU,MIM,0.8,BIM,0.7,1.8524590163934427,1.0,0,42
engr0,HTC,MIM,0.8,BIM,0.7,1.8524590163934427,1.0,0,42
engr0,LG,MIM,0.8,BIM,0.7,1.8524590163934427,1.0,0,42
engr0,MOTO,MIM,0.8,BIM,0.7,1.8524590163934427,1.0,0,42
engr0,OP3,MIM,0.8,BIM,0.7,1.8524590163934427,1.0,0,42
engr0,S7,MIM,0.8,BIM,0.7,1.8524590163934427,1.0,0,42
engr0,BLU,MIM,0.8,BIM,0.8,1.8524590163934427,1.0,0,42
engr0,HTC,MIM,0.8,BIM,0.8,1.8524590163934427,1.0,0,42
engr0,LG,MIM,0.8,BIM,0.8,1.8524590163934427,1.0,0,42
engr0,MOTO,MIM,0.8,BIM,0.8,1.8524590163934427,1.0,0,42
engr0,OP3,MIM,0.8,BIM,0.8,1.8524590163934427,1.0,0,42
engr0,S7,MIM,0.8,BIM,0.8,1.8524590163934427,1.0,0,42
engr0,BLU,MIM,0.8,BIM,0.9,1.8524590163934427,1.0,0,42
engr0,HTC,MIM,0.8,BIM,0.9,1.8524590163934427,1.0,0,42
engr0,LG,MIM,0.8,BIM,0.9,1.8524590163934427,1.0,0,42
engr0,MOTO,MIM,0.8,BIM,0.9,1.8524590163934427,1.0,0,42
engr0,OP3,MIM,0.8,BIM,0.9,1.8524590163934427,1.0,0,42
engr0,S7,MIM,0.8,BIM,0.9,1.8524590163934427,1.0,0,42
engr0,BLU,MIM,0.8,BIM,1.0,1.8524590163934427,1.0,0,42
engr0,HTC,MIM,0.8,BIM,1.0,1.8524590163934427,1.0,0,42
engr0,LG,MIM,0.8,BIM,1.0,1.8524590163934427,1.0,0,42
engr0,MOTO,MIM,0.8,BIM,1.0,1.8524590163934427,1.0,0,42
engr0,OP3,MIM,0.8,BIM,1.0,1.8524590163934427,1.0,0,42
engr0,S7,MIM,0.8,BIM,1.0,1.8524590163934427,1.0,0,42
engr0,BLU,MIM,0.9,BIM,0.1,0.7868852459016393,0.0,0,8
engr0,HTC,MIM,0.9,BIM,0.1,0.7868852459016393,0.0,0,8
engr0,LG,MIM,0.9,BIM,0.1,0.7868852459016393,0.0,0,8
engr0,MOTO,MIM,0.9,BIM,0.1,0.7868852459016393,0.0,0,8
engr0,OP3,MIM,0.9,BIM,0.1,0.7868852459016393,0.0,0,8
engr0,S7,MIM,0.9,BIM,0.1,0.7868852459016393,0.0,0,8
engr0,BLU,MIM,0.9,BIM,0.2,0.9508196721311475,1.0,0,4
engr0,HTC,MIM,0.9,BIM,0.2,0.9508196721311475,1.0,0,4
engr0,LG,MIM,0.9,BIM,0.2,0.9508196721311475,1.0,0,4
engr0,MOTO,MIM,0.9,BIM,0.2,0.9508196721311475,1.0,0,4
engr0,OP3,MIM,0.9,BIM,0.2,0.9508196721311475,1.0,0,4
engr0,S7,MIM,0.9,BIM,0.2,0.9508196721311475,1.0,0,4
engr0,BLU,MIM,0.9,BIM,0.3,1.1311475409836065,1.0,0,6
engr0,HTC,MIM,0.9,BIM,0.3,1.1311475409836065,1.0,0,6
engr0,LG,MIM,0.9,BIM,0.3,1.1311475409836065,1.0,0,6
engr0,MOTO,MIM,0.9,BIM,0.3,1.1311475409836065,1.0,0,6
engr0,OP3,MIM,0.9,BIM,0.3,1.1311475409836065,1.0,0,6
engr0,S7,MIM,0.9,BIM,0.3,1.1311475409836065,1.0,0,6
engr0,BLU,MIM,0.9,BIM,0.4,1.1639344262295082,1.0,0,6
engr0,HTC,MIM,0.9,BIM,0.4,1.1639344262295082,1.0,0,6
engr0,LG,MIM,0.9,BIM,0.4,1.1639344262295082,1.0,0,6
engr0,MOTO,MIM,0.9,BIM,0.4,1.1639344262295082,1.0,0,6
engr0,OP3,MIM,0.9,BIM,0.4,1.1639344262295082,1.0,0,6
engr0,S7,MIM,0.9,BIM,0.4,1.1639344262295082,1.0,0,6
engr0,BLU,MIM,0.9,BIM,0.5,1.1639344262295082,1.0,0,6
engr0,HTC,MIM,0.9,BIM,0.5,1.1639344262295082,1.0,0,6
engr0,LG,MIM,0.9,BIM,0.5,1.1639344262295082,1.0,0,6
engr0,MOTO,MIM,0.9,BIM,0.5,1.1639344262295082,1.0,0,6
engr0,OP3,MIM,0.9,BIM,0.5,1.1639344262295082,1.0,0,6
engr0,S7,MIM,0.9,BIM,0.5,1.1639344262295082,1.0,0,6
engr0,BLU,MIM,0.9,BIM,0.6,1.1639344262295082,1.0,0,6
engr0,HTC,MIM,0.9,BIM,0.6,1.1639344262295082,1.0,0,6
engr0,LG,MIM,0.9,BIM,0.6,1.1639344262295082,1.0,0,6
engr0,MOTO,MIM,0.9,BIM,0.6,1.1639344262295082,1.0,0,6
engr0,OP3,MIM,0.9,BIM,0.6,1.1639344262295082,1.0,0,6
engr0,S7,MIM,0.9,BIM,0.6,1.1639344262295082,1.0,0,6
engr0,BLU,MIM,0.9,BIM,0.7,1.1639344262295082,1.0,0,6
engr0,HTC,MIM,0.9,BIM,0.7,1.1639344262295082,1.0,0,6
engr0,LG,MIM,0.9,BIM,0.7,1.1639344262295082,1.0,0,6
engr0,MOTO,MIM,0.9,BIM,0.7,1.1639344262295082,1.0,0,6
engr0,OP3,MIM,0.9,BIM,0.7,1.1639344262295082,1.0,0,6
engr0,S7,MIM,0.9,BIM,0.7,1.1639344262295082,1.0,0,6
engr0,BLU,MIM,0.9,BIM,0.8,1.1639344262295082,1.0,0,6
engr0,HTC,MIM,0.9,BIM,0.8,1.1639344262295082,1.0,0,6
engr0,LG,MIM,0.9,BIM,0.8,1.1639344262295082,1.0,0,6
engr0,MOTO,MIM,0.9,BIM,0.8,1.1639344262295082,1.0,0,6
engr0,OP3,MIM,0.9,BIM,0.8,1.1639344262295082,1.0,0,6
engr0,S7,MIM,0.9,BIM,0.8,1.1639344262295082,1.0,0,6
engr0,BLU,MIM,0.9,BIM,0.9,1.1639344262295082,1.0,0,6
engr0,HTC,MIM,0.9,BIM,0.9,1.1639344262295082,1.0,0,6
engr0,LG,MIM,0.9,BIM,0.9,1.1639344262295082,1.0,0,6
engr0,MOTO,MIM,0.9,BIM,0.9,1.1639344262295082,1.0,0,6
engr0,OP3,MIM,0.9,BIM,0.9,1.1639344262295082,1.0,0,6
engr0,S7,MIM,0.9,BIM,0.9,1.1639344262295082,1.0,0,6
engr0,BLU,MIM,0.9,BIM,1.0,1.1639344262295082,1.0,0,6
engr0,HTC,MIM,0.9,BIM,1.0,1.1639344262295082,1.0,0,6
engr0,LG,MIM,0.9,BIM,1.0,1.1639344262295082,1.0,0,6
engr0,MOTO,MIM,0.9,BIM,1.0,1.1639344262295082,1.0,0,6
engr0,OP3,MIM,0.9,BIM,1.0,1.1639344262295082,1.0,0,6
engr0,S7,MIM,0.9,BIM,1.0,1.1639344262295082,1.0,0,6
engr0,BLU,MIM,1.0,BIM,0.1,0.819672131147541,1.0,0,4
engr0,HTC,MIM,1.0,BIM,0.1,0.819672131147541,1.0,0,4
engr0,LG,MIM,1.0,BIM,0.1,0.819672131147541,1.0,0,4
engr0,MOTO,MIM,1.0,BIM,0.1,0.819672131147541,1.0,0,4
engr0,OP3,MIM,1.0,BIM,0.1,0.819672131147541,1.0,0,4
engr0,S7,MIM,1.0,BIM,0.1,0.819672131147541,1.0,0,4
engr0,BLU,MIM,1.0,BIM,0.2,1.0655737704918034,1.0,0,6
engr0,HTC,MIM,1.0,BIM,0.2,1.0655737704918034,1.0,0,6
engr0,LG,MIM,1.0,BIM,0.2,1.0655737704918034,1.0,0,6
engr0,MOTO,MIM,1.0,BIM,0.2,1.0655737704918034,1.0,0,6
engr0,OP3,MIM,1.0,BIM,0.2,1.0655737704918034,1.0,0,6
engr0,S7,MIM,1.0,BIM,0.2,1.0655737704918034,1.0,0,6
engr0,BLU,MIM,1.0,BIM,0.3,2.442622950819672,1.0,0,41
engr0,HTC,MIM,1.0,BIM,0.3,2.442622950819672,1.0,0,41
engr0,LG,MIM,1.0,BIM,0.3,2.442622950819672,1.0,0,41
engr0,MOTO,MIM,1.0,BIM,0.3,2.442622950819672,1.0,0,41
engr0,OP3,MIM,1.0,BIM,0.3,2.442622950819672,1.0,0,41
engr0,S7,MIM,1.0,BIM,0.3,2.442622950819672,1.0,0,41
engr0,BLU,MIM,1.0,BIM,0.4,2.4918032786885247,1.0,0,41
engr0,HTC,MIM,1.0,BIM,0.4,2.4918032786885247,1.0,0,41
engr0,LG,MIM,1.0,BIM,0.4,2.4918032786885247,1.0,0,41
engr0,MOTO,MIM,1.0,BIM,0.4,2.4918032786885247,1.0,0,41
engr0,OP3,MIM,1.0,BIM,0.4,2.4918032786885247,1.0,0,41
engr0,S7,MIM,1.0,BIM,0.4,2.4918032786885247,1.0,0,41
engr0,BLU,MIM,1.0,BIM,0.5,2.4918032786885247,1.0,0,41
engr0,HTC,MIM,1.0,BIM,0.5,2.4918032786885247,1.0,0,41
engr0,LG,MIM,1.0,BIM,0.5,2.4918032786885247,1.0,0,41
engr0,MOTO,MIM,1.0,BIM,0.5,2.4918032786885247,1.0,0,41
engr0,OP3,MIM,1.0,BIM,0.5,2.4918032786885247,1.0,0,41
engr0,S7,MIM,1.0,BIM,0.5,2.4918032786885247,1.0,0,41
engr0,BLU,MIM,1.0,BIM,0.6,2.4918032786885247,1.0,0,41
engr0,HTC,MIM,1.0,BIM,0.6,2.4918032786885247,1.0,0,41
engr0,LG,MIM,1.0,BIM,0.6,2.4918032786885247,1.0,0,41
engr0,MOTO,MIM,1.0,BIM,0.6,2.4918032786885247,1.0,0,41
engr0,OP3,MIM,1.0,BIM,0.6,2.4918032786885247,1.0,0,41
engr0,S7,MIM,1.0,BIM,0.6,2.4918032786885247,1.0,0,41
engr0,BLU,MIM,1.0,BIM,0.7,2.4918032786885247,1.0,0,41
engr0,HTC,MIM,1.0,BIM,0.7,2.4918032786885247,1.0,0,41
engr0,LG,MIM,1.0,BIM,0.7,2.4918032786885247,1.0,0,41
engr0,MOTO,MIM,1.0,BIM,0.7,2.4918032786885247,1.0,0,41
engr0,OP3,MIM,1.0,BIM,0.7,2.4918032786885247,1.0,0,41
engr0,S7,MIM,1.0,BIM,0.7,2.4918032786885247,1.0,0,41
engr0,BLU,MIM,1.0,BIM,0.8,2.4918032786885247,1.0,0,41
engr0,HTC,MIM,1.0,BIM,0.8,2.4918032786885247,1.0,0,41
engr0,LG,MIM,1.0,BIM,0.8,2.4918032786885247,1.0,0,41
engr0,MOTO,MIM,1.0,BIM,0.8,2.4918032786885247,1.0,0,41
engr0,OP3,MIM,1.0,BIM,0.8,2.4918032786885247,1.0,0,41
engr0,S7,MIM,1.0,BIM,0.8,2.4918032786885247,1.0,0,41
engr0,BLU,MIM,1.0,BIM,0.9,2.4918032786885247,1.0,0,41
engr0,HTC,MIM,1.0,BIM,0.9,2.4918032786885247,1.0,0,41
engr0,LG,MIM,1.0,BIM,0.9,2.4918032786885247,1.0,0,41
engr0,MOTO,MIM,1.0,BIM,0.9,2.4918032786885247,1.0,0,41
engr0,OP3,MIM,1.0,BIM,0.9,2.4918032786885247,1.0,0,41
engr0,S7,MIM,1.0,BIM,0.9,2.4918032786885247,1.0,0,41
engr0,BLU,MIM,1.0,BIM,1.0,2.4918032786885247,1.0,0,41
engr0,HTC,MIM,1.0,BIM,1.0,2.4918032786885247,1.0,0,41
engr0,LG,MIM,1.0,BIM,1.0,2.4918032786885247,1.0,0,41
engr0,MOTO,MIM,1.0,BIM,1.0,2.4918032786885247,1.0,0,41
engr0,OP3,MIM,1.0,BIM,1.0,2.4918032786885247,1.0,0,41
engr0,S7,MIM,1.0,BIM,1.0,2.4918032786885247,1.0,0,41
engr0,BLU,BIM,0.1,BIM,0.1,0.9344262295081968,1.0,0,7
engr0,HTC,BIM,0.1,BIM,0.1,0.9344262295081968,1.0,0,7
engr0,LG,BIM,0.1,BIM,0.1,0.9344262295081968,1.0,0,7
engr0,MOTO,BIM,0.1,BIM,0.1,0.9344262295081968,1.0,0,7
engr0,OP3,BIM,0.1,BIM,0.1,0.9344262295081968,1.0,0,7
engr0,S7,BIM,0.1,BIM,0.1,0.9344262295081968,1.0,0,7
engr0,BLU,BIM,0.1,BIM,0.2,1.6885245901639345,1.0,0,37
engr0,HTC,BIM,0.1,BIM,0.2,1.6885245901639345,1.0,0,37
engr0,LG,BIM,0.1,BIM,0.2,1.6885245901639345,1.0,0,37
engr0,MOTO,BIM,0.1,BIM,0.2,1.6885245901639345,1.0,0,37
engr0,OP3,BIM,0.1,BIM,0.2,1.6885245901639345,1.0,0,37
engr0,S7,BIM,0.1,BIM,0.2,1.6885245901639345,1.0,0,37
engr0,BLU,BIM,0.1,BIM,0.3,1.9508196721311475,1.0,0,37
engr0,HTC,BIM,0.1,BIM,0.3,1.9508196721311475,1.0,0,37
engr0,LG,BIM,0.1,BIM,0.3,1.9508196721311475,1.0,0,37
engr0,MOTO,BIM,0.1,BIM,0.3,1.9508196721311475,1.0,0,37
engr0,OP3,BIM,0.1,BIM,0.3,1.9508196721311475,1.0,0,37
engr0,S7,BIM,0.1,BIM,0.3,1.9508196721311475,1.0,0,37
engr0,BLU,BIM,0.1,BIM,0.4,2.081967213114754,1.0,0,37
engr0,HTC,BIM,0.1,BIM,0.4,2.081967213114754,1.0,0,37
engr0,LG,BIM,0.1,BIM,0.4,2.081967213114754,1.0,0,37
engr0,MOTO,BIM,0.1,BIM,0.4,2.081967213114754,1.0,0,37
engr0,OP3,BIM,0.1,BIM,0.4,2.081967213114754,1.0,0,37
engr0,S7,BIM,0.1,BIM,0.4,2.081967213114754,1.0,0,37
engr0,BLU,BIM,0.1,BIM,0.5,2.081967213114754,1.0,0,37
engr0,HTC,BIM,0.1,BIM,0.5,2.081967213114754,1.0,0,37
engr0,LG,BIM,0.1,BIM,0.5,2.081967213114754,1.0,0,37
engr0,MOTO,BIM,0.1,BIM,0.5,2.081967213114754,1.0,0,37
engr0,OP3,BIM,0.1,BIM,0.5,2.081967213114754,1.0,0,37
engr0,S7,BIM,0.1,BIM,0.5,2.081967213114754,1.0,0,37
engr0,BLU,BIM,0.1,BIM,0.6,2.081967213114754,1.0,0,37
engr0,HTC,BIM,0.1,BIM,0.6,2.081967213114754,1.0,0,37
engr0,LG,BIM,0.1,BIM,0.6,2.081967213114754,1.0,0,37
engr0,MOTO,BIM,0.1,BIM,0.6,2.081967213114754,1.0,0,37
engr0,OP3,BIM,0.1,BIM,0.6,2.081967213114754,1.0,0,37
engr0,S7,BIM,0.1,BIM,0.6,2.081967213114754,1.0,0,37
engr0,BLU,BIM,0.1,BIM,0.7,2.081967213114754,1.0,0,37
engr0,HTC,BIM,0.1,BIM,0.7,2.081967213114754,1.0,0,37
engr0,LG,BIM,0.1,BIM,0.7,2.081967213114754,1.0,0,37
engr0,MOTO,BIM,0.1,BIM,0.7,2.081967213114754,1.0,0,37
engr0,OP3,BIM,0.1,BIM,0.7,2.081967213114754,1.0,0,37
engr0,S7,BIM,0.1,BIM,0.7,2.081967213114754,1.0,0,37
engr0,BLU,BIM,0.1,BIM,0.8,2.081967213114754,1.0,0,37
engr0,HTC,BIM,0.1,BIM,0.8,2.081967213114754,1.0,0,37
engr0,LG,BIM,0.1,BIM,0.8,2.081967213114754,1.0,0,37
engr0,MOTO,BIM,0.1,BIM,0.8,2.081967213114754,1.0,0,37
engr0,OP3,BIM,0.1,BIM,0.8,2.081967213114754,1.0,0,37
engr0,S7,BIM,0.1,BIM,0.8,2.081967213114754,1.0,0,37
engr0,BLU,BIM,0.1,BIM,0.9,2.081967213114754,1.0,0,37
engr0,HTC,BIM,0.1,BIM,0.9,2.081967213114754,1.0,0,37
engr0,LG,BIM,0.1,BIM,0.9,2.081967213114754,1.0,0,37
engr0,MOTO,BIM,0.1,BIM,0.9,2.081967213114754,1.0,0,37
engr0,OP3,BIM,0.1,BIM,0.9,2.081967213114754,1.0,0,37
engr0,S7,BIM,0.1,BIM,0.9,2.081967213114754,1.0,0,37
engr0,BLU,BIM,0.1,BIM,1.0,2.081967213114754,1.0,0,37
engr0,HTC,BIM,0.1,BIM,1.0,2.081967213114754,1.0,0,37
engr0,LG,BIM,0.1,BIM,1.0,2.081967213114754,1.0,0,37
engr0,MOTO,BIM,0.1,BIM,1.0,2.081967213114754,1.0,0,37
engr0,OP3,BIM,0.1,BIM,1.0,2.081967213114754,1.0,0,37
engr0,S7,BIM,0.1,BIM,1.0,2.081967213114754,1.0,0,37
engr0,BLU,BIM,0.2,BIM,0.1,0.7868852459016393,0.0,0,7
engr0,HTC,BIM,0.2,BIM,0.1,0.7868852459016393,0.0,0,7
engr0,LG,BIM,0.2,BIM,0.1,0.7868852459016393,0.0,0,7
engr0,MOTO,BIM,0.2,BIM,0.1,0.7868852459016393,0.0,0,7
engr0,OP3,BIM,0.2,BIM,0.1,0.7868852459016393,0.0,0,7
engr0,S7,BIM,0.2,BIM,0.1,0.7868852459016393,0.0,0,7
engr0,BLU,BIM,0.2,BIM,0.2,0.9508196721311475,1.0,0,8
engr0,HTC,BIM,0.2,BIM,0.2,0.9508196721311475,1.0,0,8
engr0,LG,BIM,0.2,BIM,0.2,0.9508196721311475,1.0,0,8
engr0,MOTO,BIM,0.2,BIM,0.2,0.9508196721311475,1.0,0,8
engr0,OP3,BIM,0.2,BIM,0.2,0.9508196721311475,1.0,0,8
engr0,S7,BIM,0.2,BIM,0.2,0.9508196721311475,1.0,0,8
engr0,BLU,BIM,0.2,BIM,0.3,0.9508196721311475,1.0,0,8
engr0,HTC,BIM,0.2,BIM,0.3,0.9508196721311475,1.0,0,8
engr0,LG,BIM,0.2,BIM,0.3,0.9508196721311475,1.0,0,8
engr0,MOTO,BIM,0.2,BIM,0.3,0.9508196721311475,1.0,0,8
engr0,OP3,BIM,0.2,BIM,0.3,0.9508196721311475,1.0,0,8
engr0,S7,BIM,0.2,BIM,0.3,0.9508196721311475,1.0,0,8
engr0,BLU,BIM,0.2,BIM,0.4,0.9508196721311475,1.0,0,8
engr0,HTC,BIM,0.2,BIM,0.4,0.9508196721311475,1.0,0,8
engr0,LG,BIM,0.2,BIM,0.4,0.9508196721311475,1.0,0,8
engr0,MOTO,BIM,0.2,BIM,0.4,0.9508196721311475,1.0,0,8
engr0,OP3,BIM,0.2,BIM,0.4,0.9508196721311475,1.0,0,8
engr0,S7,BIM,0.2,BIM,0.4,0.9508196721311475,1.0,0,8
engr0,BLU,BIM,0.2,BIM,0.5,0.9508196721311475,1.0,0,8
engr0,HTC,BIM,0.2,BIM,0.5,0.9508196721311475,1.0,0,8
engr0,LG,BIM,0.2,BIM,0.5,0.9508196721311475,1.0,0,8
engr0,MOTO,BIM,0.2,BIM,0.5,0.9508196721311475,1.0,0,8
engr0,OP3,BIM,0.2,BIM,0.5,0.9508196721311475,1.0,0,8
engr0,S7,BIM,0.2,BIM,0.5,0.9508196721311475,1.0,0,8
engr0,BLU,BIM,0.2,BIM,0.6,0.9508196721311475,1.0,0,8
engr0,HTC,BIM,0.2,BIM,0.6,0.9508196721311475,1.0,0,8
engr0,LG,BIM,0.2,BIM,0.6,0.9508196721311475,1.0,0,8
engr0,MOTO,BIM,0.2,BIM,0.6,0.9508196721311475,1.0,0,8
engr0,OP3,BIM,0.2,BIM,0.6,0.9508196721311475,1.0,0,8
engr0,S7,BIM,0.2,BIM,0.6,0.9508196721311475,1.0,0,8
engr0,BLU,BIM,0.2,BIM,0.7,0.9508196721311475,1.0,0,8
engr0,HTC,BIM,0.2,BIM,0.7,0.9508196721311475,1.0,0,8
engr0,LG,BIM,0.2,BIM,0.7,0.9508196721311475,1.0,0,8
engr0,MOTO,BIM,0.2,BIM,0.7,0.9508196721311475,1.0,0,8
engr0,OP3,BIM,0.2,BIM,0.7,0.9508196721311475,1.0,0,8
engr0,S7,BIM,0.2,BIM,0.7,0.9508196721311475,1.0,0,8
engr0,BLU,BIM,0.2,BIM,0.8,0.9508196721311475,1.0,0,8
engr0,HTC,BIM,0.2,BIM,0.8,0.9508196721311475,1.0,0,8
engr0,LG,BIM,0.2,BIM,0.8,0.9508196721311475,1.0,0,8
engr0,MOTO,BIM,0.2,BIM,0.8,0.9508196721311475,1.0,0,8
engr0,OP3,BIM,0.2,BIM,0.8,0.9508196721311475,1.0,0,8
engr0,S7,BIM,0.2,BIM,0.8,0.9508196721311475,1.0,0,8
engr0,BLU,BIM,0.2,BIM,0.9,0.9508196721311475,1.0,0,8
engr0,HTC,BIM,0.2,BIM,0.9,0.9508196721311475,1.0,0,8
engr0,LG,BIM,0.2,BIM,0.9,0.9508196721311475,1.0,0,8
engr0,MOTO,BIM,0.2,BIM,0.9,0.9508196721311475,1.0,0,8
engr0,OP3,BIM,0.2,BIM,0.9,0.9508196721311475,1.0,0,8
engr0,S7,BIM,0.2,BIM,0.9,0.9508196721311475,1.0,0,8
engr0,BLU,BIM,0.2,BIM,1.0,0.9508196721311475,1.0,0,8
engr0,HTC,BIM,0.2,BIM,1.0,0.9508196721311475,1.0,0,8
engr0,LG,BIM,0.2,BIM,1.0,0.9508196721311475,1.0,0,8
engr0,MOTO,BIM,0.2,BIM,1.0,0.9508196721311475,1.0,0,8
engr0,OP3,BIM,0.2,BIM,1.0,0.9508196721311475,1.0,0,8
engr0,S7,BIM,0.2,BIM,1.0,0.9508196721311475,1.0,0,8
engr0,BLU,BIM,0.3,BIM,0.1,0.8852459016393442,0.0,0,5
engr0,HTC,BIM,0.3,BIM,0.1,0.8852459016393442,0.0,0,5
engr0,LG,BIM,0.3,BIM,0.1,0.8852459016393442,0.0,0,5
engr0,MOTO,BIM,0.3,BIM,0.1,0.8852459016393442,0.0,0,5
engr0,OP3,BIM,0.3,BIM,0.1,0.8852459016393442,0.0,0,5
engr0,S7,BIM,0.3,BIM,0.1,0.8852459016393442,0.0,0,5
engr0,BLU,BIM,0.3,BIM,0.2,1.0327868852459017,1.0,0,7
engr0,HTC,BIM,0.3,BIM,0.2,1.0327868852459017,1.0,0,7
engr0,LG,BIM,0.3,BIM,0.2,1.0327868852459017,1.0,0,7
engr0,MOTO,BIM,0.3,BIM,0.2,1.0327868852459017,1.0,0,7
engr0,OP3,BIM,0.3,BIM,0.2,1.0327868852459017,1.0,0,7
engr0,S7,BIM,0.3,BIM,0.2,1.0327868852459017,1.0,0,7
engr0,BLU,BIM,0.3,BIM,0.3,1.1639344262295082,1.0,0,7
engr0,HTC,BIM,0.3,BIM,0.3,1.1639344262295082,1.0,0,7
engr0,LG,BIM,0.3,BIM,0.3,1.1639344262295082,1.0,0,7
engr0,MOTO,BIM,0.3,BIM,0.3,1.1639344262295082,1.0,0,7
engr0,OP3,BIM,0.3,BIM,0.3,1.1639344262295082,1.0,0,7
engr0,S7,BIM,0.3,BIM,0.3,1.1639344262295082,1.0,0,7
engr0,BLU,BIM,0.3,BIM,0.4,1.4426229508196722,1.0,0,23
engr0,HTC,BIM,0.3,BIM,0.4,1.4426229508196722,1.0,0,23
engr0,LG,BIM,0.3,BIM,0.4,1.4426229508196722,1.0,0,23
engr0,MOTO,BIM,0.3,BIM,0.4,1.4426229508196722,1.0,0,23
engr0,OP3,BIM,0.3,BIM,0.4,1.4426229508196722,1.0,0,23
engr0,S7,BIM,0.3,BIM,0.4,1.4426229508196722,1.0,0,23
engr0,BLU,BIM,0.3,BIM,0.5,1.4426229508196722,1.0,0,23
engr0,HTC,BIM,0.3,BIM,0.5,1.4426229508196722,1.0,0,23
engr0,LG,BIM,0.3,BIM,0.5,1.4426229508196722,1.0,0,23
engr0,MOTO,BIM,0.3,BIM,0.5,1.4426229508196722,1.0,0,23
engr0,OP3,BIM,0.3,BIM,0.5,1.4426229508196722,1.0,0,23
engr0,S7,BIM,0.3,BIM,0.5,1.4426229508196722,1.0,0,23
engr0,BLU,BIM,0.3,BIM,0.6,1.4426229508196722,1.0,0,23
engr0,HTC,BIM,0.3,BIM,0.6,1.4426229508196722,1.0,0,23
engr0,LG,BIM,0.3,BIM,0.6,1.4426229508196722,1.0,0,23
engr0,MOTO,BIM,0.3,BIM,0.6,1.4426229508196722,1.0,0,23
engr0,OP3,BIM,0.3,BIM,0.6,1.4426229508196722,1.0,0,23
engr0,S7,BIM,0.3,BIM,0.6,1.4426229508196722,1.0,0,23
engr0,BLU,BIM,0.3,BIM,0.7,1.4426229508196722,1.0,0,23
engr0,HTC,BIM,0.3,BIM,0.7,1.4426229508196722,1.0,0,23
engr0,LG,BIM,0.3,BIM,0.7,1.4426229508196722,1.0,0,23
engr0,MOTO,BIM,0.3,BIM,0.7,1.4426229508196722,1.0,0,23
engr0,OP3,BIM,0.3,BIM,0.7,1.4426229508196722,1.0,0,23
engr0,S7,BIM,0.3,BIM,0.7,1.4426229508196722,1.0,0,23
engr0,BLU,BIM,0.3,BIM,0.8,1.4426229508196722,1.0,0,23
engr0,HTC,BIM,0.3,BIM,0.8,1.4426229508196722,1.0,0,23
engr0,LG,BIM,0.3,BIM,0.8,1.4426229508196722,1.0,0,23
engr0,MOTO,BIM,0.3,BIM,0.8,1.4426229508196722,1.0,0,23
engr0,OP3,BIM,0.3,BIM,0.8,1.4426229508196722,1.0,0,23
engr0,S7,BIM,0.3,BIM,0.8,1.4426229508196722,1.0,0,23
engr0,BLU,BIM,0.3,BIM,0.9,1.4426229508196722,1.0,0,23
engr0,HTC,BIM,0.3,BIM,0.9,1.4426229508196722,1.0,0,23
engr0,LG,BIM,0.3,BIM,0.9,1.4426229508196722,1.0,0,23
engr0,MOTO,BIM,0.3,BIM,0.9,1.4426229508196722,1.0,0,23
engr0,OP3,BIM,0.3,BIM,0.9,1.4426229508196722,1.0,0,23
engr0,S7,BIM,0.3,BIM,0.9,1.4426229508196722,1.0,0,23
engr0,BLU,BIM,0.3,BIM,1.0,1.4426229508196722,1.0,0,23
engr0,HTC,BIM,0.3,BIM,1.0,1.4426229508196722,1.0,0,23
engr0,LG,BIM,0.3,BIM,1.0,1.4426229508196722,1.0,0,23
engr0,MOTO,BIM,0.3,BIM,1.0,1.4426229508196722,1.0,0,23
engr0,OP3,BIM,0.3,BIM,1.0,1.4426229508196722,1.0,0,23
engr0,S7,BIM,0.3,BIM,1.0,1.4426229508196722,1.0,0,23
engr0,BLU,BIM,0.4,BIM,0.1,1.3770491803278688,1.0,0,22
engr0,HTC,BIM,0.4,BIM,0.1,1.3770491803278688,1.0,0,22
engr0,LG,BIM,0.4,BIM,0.1,1.3770491803278688,1.0,0,22
engr0,MOTO,BIM,0.4,BIM,0.1,1.3770491803278688,1.0,0,22
engr0,OP3,BIM,0.4,BIM,0.1,1.3770491803278688,1.0,0,22
engr0,S7,BIM,0.4,BIM,0.1,1.3770491803278688,1.0,0,22
engr0,BLU,BIM,0.4,BIM,0.2,1.5081967213114753,1.0,0,22
engr0,HTC,BIM,0.4,BIM,0.2,1.5081967213114753,1.0,0,22
engr0,LG,BIM,0.4,BIM,0.2,1.5081967213114753,1.0,0,22
engr0,MOTO,BIM,0.4,BIM,0.2,1.5081967213114753,1.0,0,22
engr0,OP3,BIM,0.4,BIM,0.2,1.5081967213114753,1.0,0,22
engr0,S7,BIM,0.4,BIM,0.2,1.5081967213114753,1.0,0,22
engr0,BLU,BIM,0.4,BIM,0.3,1.4754098360655739,1.0,0,23
engr0,HTC,BIM,0.4,BIM,0.3,1.4754098360655739,1.0,0,23
engr0,LG,BIM,0.4,BIM,0.3,1.4754098360655739,1.0,0,23
engr0,MOTO,BIM,0.4,BIM,0.3,1.4754098360655739,1.0,0,23
engr0,OP3,BIM,0.4,BIM,0.3,1.4754098360655739,1.0,0,23
engr0,S7,BIM,0.4,BIM,0.3,1.4754098360655739,1.0,0,23
engr0,BLU,BIM,0.4,BIM,0.4,1.4918032786885247,1.0,0,22
engr0,HTC,BIM,0.4,BIM,0.4,1.4918032786885247,1.0,0,22
engr0,LG,BIM,0.4,BIM,0.4,1.4918032786885247,1.0,0,22
engr0,MOTO,BIM,0.4,BIM,0.4,1.4918032786885247,1.0,0,22
engr0,OP3,BIM,0.4,BIM,0.4,1.4918032786885247,1.0,0,22
engr0,S7,BIM,0.4,BIM,0.4,1.4918032786885247,1.0,0,22
engr0,BLU,BIM,0.4,BIM,0.5,1.4918032786885247,1.0,0,22
engr0,HTC,BIM,0.4,BIM,0.5,1.4918032786885247,1.0,0,22
engr0,LG,BIM,0.4,BIM,0.5,1.4918032786885247,1.0,0,22
engr0,MOTO,BIM,0.4,BIM,0.5,1.4918032786885247,1.0,0,22
engr0,OP3,BIM,0.4,BIM,0.5,1.4918032786885247,1.0,0,22
engr0,S7,BIM,0.4,BIM,0.5,1.4918032786885247,1.0,0,22
engr0,BLU,BIM,0.4,BIM,0.6,1.4918032786885247,1.0,0,22
engr0,HTC,BIM,0.4,BIM,0.6,1.4918032786885247,1.0,0,22
engr0,LG,BIM,0.4,BIM,0.6,1.4918032786885247,1.0,0,22
engr0,MOTO,BIM,0.4,BIM,0.6,1.4918032786885247,1.0,0,22
engr0,OP3,BIM,0.4,BIM,0.6,1.4918032786885247,1.0,0,22
engr0,S7,BIM,0.4,BIM,0.6,1.4918032786885247,1.0,0,22
engr0,BLU,BIM,0.4,BIM,0.7,1.4918032786885247,1.0,0,22
engr0,HTC,BIM,0.4,BIM,0.7,1.4918032786885247,1.0,0,22
engr0,LG,BIM,0.4,BIM,0.7,1.4918032786885247,1.0,0,22
engr0,MOTO,BIM,0.4,BIM,0.7,1.4918032786885247,1.0,0,22
engr0,OP3,BIM,0.4,BIM,0.7,1.4918032786885247,1.0,0,22
engr0,S7,BIM,0.4,BIM,0.7,1.4918032786885247,1.0,0,22
engr0,BLU,BIM,0.4,BIM,0.8,1.4918032786885247,1.0,0,22
engr0,HTC,BIM,0.4,BIM,0.8,1.4918032786885247,1.0,0,22
engr0,LG,BIM,0.4,BIM,0.8,1.4918032786885247,1.0,0,22
engr0,MOTO,BIM,0.4,BIM,0.8,1.4918032786885247,1.0,0,22
engr0,OP3,BIM,0.4,BIM,0.8,1.4918032786885247,1.0,0,22
engr0,S7,BIM,0.4,BIM,0.8,1.4918032786885247,1.0,0,22
engr0,BLU,BIM,0.4,BIM,0.9,1.4918032786885247,1.0,0,22
engr0,HTC,BIM,0.4,BIM,0.9,1.4918032786885247,1.0,0,22
engr0,LG,BIM,0.4,BIM,0.9,1.4918032786885247,1.0,0,22
engr0,MOTO,BIM,0.4,BIM,0.9,1.4918032786885247,1.0,0,22
engr0,OP3,BIM,0.4,BIM,0.9,1.4918032786885247,1.0,0,22
engr0,S7,BIM,0.4,BIM,0.9,1.4918032786885247,1.0,0,22
engr0,BLU,BIM,0.4,BIM,1.0,1.4918032786885247,1.0,0,22
engr0,HTC,BIM,0.4,BIM,1.0,1.4918032786885247,1.0,0,22
engr0,LG,BIM,0.4,BIM,1.0,1.4918032786885247,1.0,0,22
engr0,MOTO,BIM,0.4,BIM,1.0,1.4918032786885247,1.0,0,22
engr0,OP3,BIM,0.4,BIM,1.0,1.4918032786885247,1.0,0,22
engr0,S7,BIM,0.4,BIM,1.0,1.4918032786885247,1.0,0,22
engr0,BLU,BIM,0.5,BIM,0.1,0.7213114754098361,0.0,0,4
engr0,HTC,BIM,0.5,BIM,0.1,0.7213114754098361,0.0,0,4
engr0,LG,BIM,0.5,BIM,0.1,0.7213114754098361,0.0,0,4
engr0,MOTO,BIM,0.5,BIM,0.1,0.7213114754098361,0.0,0,4
engr0,OP3,BIM,0.5,BIM,0.1,0.7213114754098361,0.0,0,4
engr0,S7,BIM,0.5,BIM,0.1,0.7213114754098361,0.0,0,4
engr0,BLU,BIM,0.5,BIM,0.2,0.8688524590163934,1.0,0,4
engr0,HTC,BIM,0.5,BIM,0.2,0.8688524590163934,1.0,0,4
engr0,LG,BIM,0.5,BIM,0.2,0.8688524590163934,1.0,0,4
engr0,MOTO,BIM,0.5,BIM,0.2,0.8688524590163934,1.0,0,4
engr0,OP3,BIM,0.5,BIM,0.2,0.8688524590163934,1.0,0,4
engr0,S7,BIM,0.5,BIM,0.2,0.8688524590163934,1.0,0,4
engr0,BLU,BIM,0.5,BIM,0.3,1.098360655737705,1.0,0,5
engr0,HTC,BIM,0.5,BIM,0.3,1.098360655737705,1.0,0,5
engr0,LG,BIM,0.5,BIM,0.3,1.098360655737705,1.0,0,5
engr0,MOTO,BIM,0.5,BIM,0.3,1.098360655737705,1.0,0,5
engr0,OP3,BIM,0.5,BIM,0.3,1.098360655737705,1.0,0,5
engr0,S7,BIM,0.5,BIM,0.3,1.098360655737705,1.0,0,5
engr0,BLU,BIM,0.5,BIM,0.4,1.098360655737705,1.0,0,7
engr0,HTC,BIM,0.5,BIM,0.4,1.098360655737705,1.0,0,7
engr0,LG,BIM,0.5,BIM,0.4,1.098360655737705,1.0,0,7
engr0,MOTO,BIM,0.5,BIM,0.4,1.098360655737705,1.0,0,7
engr0,OP3,BIM,0.5,BIM,0.4,1.098360655737705,1.0,0,7
engr0,S7,BIM,0.5,BIM,0.4,1.098360655737705,1.0,0,7
engr0,BLU,BIM,0.5,BIM,0.5,1.098360655737705,1.0,0,7
engr0,HTC,BIM,0.5,BIM,0.5,1.098360655737705,1.0,0,7
engr0,LG,BIM,0.5,BIM,0.5,1.098360655737705,1.0,0,7
engr0,MOTO,BIM,0.5,BIM,0.5,1.098360655737705,1.0,0,7
engr0,OP3,BIM,0.5,BIM,0.5,1.098360655737705,1.0,0,7
engr0,S7,BIM,0.5,BIM,0.5,1.098360655737705,1.0,0,7
engr0,BLU,BIM,0.5,BIM,0.6,1.098360655737705,1.0,0,7
engr0,HTC,BIM,0.5,BIM,0.6,1.098360655737705,1.0,0,7
engr0,LG,BIM,0.5,BIM,0.6,1.098360655737705,1.0,0,7
engr0,MOTO,BIM,0.5,BIM,0.6,1.098360655737705,1.0,0,7
engr0,OP3,BIM,0.5,BIM,0.6,1.098360655737705,1.0,0,7
engr0,S7,BIM,0.5,BIM,0.6,1.098360655737705,1.0,0,7
engr0,BLU,BIM,0.5,BIM,0.7,1.098360655737705,1.0,0,7
engr0,HTC,BIM,0.5,BIM,0.7,1.098360655737705,1.0,0,7
engr0,LG,BIM,0.5,BIM,0.7,1.098360655737705,1.0,0,7
engr0,MOTO,BIM,0.5,BIM,0.7,1.098360655737705,1.0,0,7
engr0,OP3,BIM,0.5,BIM,0.7,1.098360655737705,1.0,0,7
engr0,S7,BIM,0.5,BIM,0.7,1.098360655737705,1.0,0,7
engr0,BLU,BIM,0.5,BIM,0.8,1.098360655737705,1.0,0,7
engr0,HTC,BIM,0.5,BIM,0.8,1.098360655737705,1.0,0,7
engr0,LG,BIM,0.5,BIM,0.8,1.098360655737705,1.0,0,7
engr0,MOTO,BIM,0.5,BIM,0.8,1.098360655737705,1.0,0,7
engr0,OP3,BIM,0.5,BIM,0.8,1.098360655737705,1.0,0,7
engr0,S7,BIM,0.5,BIM,0.8,1.098360655737705,1.0,0,7
engr0,BLU,BIM,0.5,BIM,0.9,1.098360655737705,1.0,0,7
engr0,HTC,BIM,0.5,BIM,0.9,1.098360655737705,1.0,0,7
engr0,LG,BIM,0.5,BIM,0.9,1.098360655737705,1.0,0,7
engr0,MOTO,BIM,0.5,BIM,0.9,1.098360655737705,1.0,0,7
engr0,OP3,BIM,0.5,BIM,0.9,1.098360655737705,1.0,0,7
engr0,S7,BIM,0.5,BIM,0.9,1.098360655737705,1.0,0,7
engr0,BLU,BIM,0.5,BIM,1.0,1.098360655737705,1.0,0,7
engr0,HTC,BIM,0.5,BIM,1.0,1.098360655737705,1.0,0,7
engr0,LG,BIM,0.5,BIM,1.0,1.098360655737705,1.0,0,7
engr0,MOTO,BIM,0.5,BIM,1.0,1.098360655737705,1.0,0,7
engr0,OP3,BIM,0.5,BIM,1.0,1.098360655737705,1.0,0,7
engr0,S7,BIM,0.5,BIM,1.0,1.098360655737705,1.0,0,7
engr0,BLU,BIM,0.6,BIM,0.1,0.8852459016393442,0.0,0,4
engr0,HTC,BIM,0.6,BIM,0.1,0.8852459016393442,0.0,0,4
engr0,LG,BIM,0.6,BIM,0.1,0.8852459016393442,0.0,0,4
engr0,MOTO,BIM,0.6,BIM,0.1,0.8852459016393442,0.0,0,4
engr0,OP3,BIM,0.6,BIM,0.1,0.8852459016393442,0.0,0,4
engr0,S7,BIM,0.6,BIM,0.1,0.8852459016393442,0.0,0,4
engr0,BLU,BIM,0.6,BIM,0.2,0.9344262295081968,1.0,0,4
engr0,HTC,BIM,0.6,BIM,0.2,0.9344262295081968,1.0,0,4
engr0,LG,BIM,0.6,BIM,0.2,0.9344262295081968,1.0,0,4
engr0,MOTO,BIM,0.6,BIM,0.2,0.9344262295081968,1.0,0,4
engr0,OP3,BIM,0.6,BIM,0.2,0.9344262295081968,1.0,0,4
engr0,S7,BIM,0.6,BIM,0.2,0.9344262295081968,1.0,0,4
engr0,BLU,BIM,0.6,BIM,0.3,1.2950819672131149,1.0,0,9
engr0,HTC,BIM,0.6,BIM,0.3,1.2950819672131149,1.0,0,9
engr0,LG,BIM,0.6,BIM,0.3,1.2950819672131149,1.0,0,9
engr0,MOTO,BIM,0.6,BIM,0.3,1.2950819672131149,1.0,0,9
engr0,OP3,BIM,0.6,BIM,0.3,1.2950819672131149,1.0,0,9
engr0,S7,BIM,0.6,BIM,0.3,1.2950819672131149,1.0,0,9
engr0,BLU,BIM,0.6,BIM,0.4,1.2622950819672132,1.0,0,9
engr0,HTC,BIM,0.6,BIM,0.4,1.2622950819672132,1.0,0,9
engr0,LG,BIM,0.6,BIM,0.4,1.2622950819672132,1.0,0,9
engr0,MOTO,BIM,0.6,BIM,0.4,1.2622950819672132,1.0,0,9
engr0,OP3,BIM,0.6,BIM,0.4,1.2622950819672132,1.0,0,9
engr0,S7,BIM,0.6,BIM,0.4,1.2622950819672132,1.0,0,9
engr0,BLU,BIM,0.6,BIM,0.5,1.2622950819672132,1.0,0,9
engr0,HTC,BIM,0.6,BIM,0.5,1.2622950819672132,1.0,0,9
engr0,LG,BIM,0.6,BIM,0.5,1.2622950819672132,1.0,0,9
engr0,MOTO,BIM,0.6,BIM,0.5,1.2622950819672132,1.0,0,9
engr0,OP3,BIM,0.6,BIM,0.5,1.2622950819672132,1.0,0,9
engr0,S7,BIM,0.6,BIM,0.5,1.2622950819672132,1.0,0,9
engr0,BLU,BIM,0.6,BIM,0.6,1.2622950819672132,1.0,0,9
engr0,HTC,BIM,0.6,BIM,0.6,1.2622950819672132,1.0,0,9
engr0,LG,BIM,0.6,BIM,0.6,1.2622950819672132,1.0,0,9
engr0,MOTO,BIM,0.6,BIM,0.6,1.2622950819672132,1.0,0,9
engr0,OP3,BIM,0.6,BIM,0.6,1.2622950819672132,1.0,0,9
engr0,S7,BIM,0.6,BIM,0.6,1.2622950819672132,1.0,0,9
engr0,BLU,BIM,0.6,BIM,0.7,1.2622950819672132,1.0,0,9
engr0,HTC,BIM,0.6,BIM,0.7,1.2622950819672132,1.0,0,9
engr0,LG,BIM,0.6,BIM,0.7,1.2622950819672132,1.0,0,9
engr0,MOTO,BIM,0.6,BIM,0.7,1.2622950819672132,1.0,0,9
engr0,OP3,BIM,0.6,BIM,0.7,1.2622950819672132,1.0,0,9
engr0,S7,BIM,0.6,BIM,0.7,1.2622950819672132,1.0,0,9
engr0,BLU,BIM,0.6,BIM,0.8,1.2622950819672132,1.0,0,9
engr0,HTC,BIM,0.6,BIM,0.8,1.2622950819672132,1.0,0,9
engr0,LG,BIM,0.6,BIM,0.8,1.2622950819672132,1.0,0,9
engr0,MOTO,BIM,0.6,BIM,0.8,1.2622950819672132,1.0,0,9
engr0,OP3,BIM,0.6,BIM,0.8,1.2622950819672132,1.0,0,9
engr0,S7,BIM,0.6,BIM,0.8,1.2622950819672132,1.0,0,9
engr0,BLU,BIM,0.6,BIM,0.9,1.2622950819672132,1.0,0,9
engr0,HTC,BIM,0.6,BIM,0.9,1.2622950819672132,1.0,0,9
engr0,LG,BIM,0.6,BIM,0.9,1.2622950819672132,1.0,0,9
engr0,MOTO,BIM,0.6,BIM,0.9,1.2622950819672132,1.0,0,9
engr0,OP3,BIM,0.6,BIM,0.9,1.2622950819672132,1.0,0,9
engr0,S7,BIM,0.6,BIM,0.9,1.2622950819672132,1.0,0,9
engr0,BLU,BIM,0.6,BIM,1.0,1.2622950819672132,1.0,0,9
engr0,HTC,BIM,0.6,BIM,1.0,1.2622950819672132,1.0,0,9
engr0,LG,BIM,0.6,BIM,1.0,1.2622950819672132,1.0,0,9
engr0,MOTO,BIM,0.6,BIM,1.0,1.2622950819672132,1.0,0,9
engr0,OP3,BIM,0.6,BIM,1.0,1.2622950819672132,1.0,0,9
engr0,S7,BIM,0.6,BIM,1.0,1.2622950819672132,1.0,0,9
engr0,BLU,BIM,0.7,BIM,0.1,1.5245901639344261,1.0,0,22
engr0,HTC,BIM,0.7,BIM,0.1,1.5245901639344261,1.0,0,22
engr0,LG,BIM,0.7,BIM,0.1,1.5245901639344261,1.0,0,22
engr0,MOTO,BIM,0.7,BIM,0.1,1.5245901639344261,1.0,0,22
engr0,OP3,BIM,0.7,BIM,0.1,1.5245901639344261,1.0,0,22
engr0,S7,BIM,0.7,BIM,0.1,1.5245901639344261,1.0,0,22
engr0,BLU,BIM,0.7,BIM,0.2,1.7868852459016393,1.0,0,23
engr0,HTC,BIM,0.7,BIM,0.2,1.7868852459016393,1.0,0,23
engr0,LG,BIM,0.7,BIM,0.2,1.7868852459016393,1.0,0,23
engr0,MOTO,BIM,0.7,BIM,0.2,1.7868852459016393,1.0,0,23
engr0,OP3,BIM,0.7,BIM,0.2,1.7868852459016393,1.0,0,23
engr0,S7,BIM,0.7,BIM,0.2,1.7868852459016393,1.0,0,23
engr0,BLU,BIM,0.7,BIM,0.3,1.8360655737704918,1.0,0,22
engr0,HTC,BIM,0.7,BIM,0.3,1.8360655737704918,1.0,0,22
engr0,LG,BIM,0.7,BIM,0.3,1.8360655737704918,1.0,0,22
engr0,MOTO,BIM,0.7,BIM,0.3,1.8360655737704918,1.0,0,22
engr0,OP3,BIM,0.7,BIM,0.3,1.8360655737704918,1.0,0,22
engr0,S7,BIM,0.7,BIM,0.3,1.8360655737704918,1.0,0,22
engr0,BLU,BIM,0.7,BIM,0.4,1.8032786885245902,1.0,0,22
engr0,HTC,BIM,0.7,BIM,0.4,1.8032786885245902,1.0,0,22
engr0,LG,BIM,0.7,BIM,0.4,1.8032786885245902,1.0,0,22
engr0,MOTO,BIM,0.7,BIM,0.4,1.8032786885245902,1.0,0,22
engr0,OP3,BIM,0.7,BIM,0.4,1.8032786885245902,1.0,0,22
engr0,S7,BIM,0.7,BIM,0.4,1.8032786885245902,1.0,0,22
engr0,BLU,BIM,0.7,BIM,0.5,1.8032786885245902,1.0,0,22
engr0,HTC,BIM,0.7,BIM,0.5,1.8032786885245902,1.0,0,22
engr0,LG,BIM,0.7,BIM,0.5,1.8032786885245902,1.0,0,22
engr0,MOTO,BIM,0.7,BIM,0.5,1.8032786885245902,1.0,0,22
engr0,OP3,BIM,0.7,BIM,0.5,1.8032786885245902,1.0,0,22
engr0,S7,BIM,0.7,BIM,0.5,1.8032786885245902,1.0,0,22
engr0,BLU,BIM,0.7,BIM,0.6,1.8032786885245902,1.0,0,22
engr0,HTC,BIM,0.7,BIM,0.6,1.8032786885245902,1.0,0,22
engr0,LG,BIM,0.7,BIM,0.6,1.8032786885245902,1.0,0,22
engr0,MOTO,BIM,0.7,BIM,0.6,1.8032786885245902,1.0,0,22
engr0,OP3,BIM,0.7,BIM,0.6,1.8032786885245902,1.0,0,22
engr0,S7,BIM,0.7,BIM,0.6,1.8032786885245902,1.0,0,22
engr0,BLU,BIM,0.7,BIM,0.7,1.8032786885245902,1.0,0,22
engr0,HTC,BIM,0.7,BIM,0.7,1.8032786885245902,1.0,0,22
engr0,LG,BIM,0.7,BIM,0.7,1.8032786885245902,1.0,0,22
engr0,MOTO,BIM,0.7,BIM,0.7,1.8032786885245902,1.0,0,22
engr0,OP3,BIM,0.7,BIM,0.7,1.8032786885245902,1.0,0,22
engr0,S7,BIM,0.7,BIM,0.7,1.8032786885245902,1.0,0,22
engr0,BLU,BIM,0.7,BIM,0.8,1.8032786885245902,1.0,0,22
engr0,HTC,BIM,0.7,BIM,0.8,1.8032786885245902,1.0,0,22
engr0,LG,BIM,0.7,BIM,0.8,1.8032786885245902,1.0,0,22
engr0,MOTO,BIM,0.7,BIM,0.8,1.8032786885245902,1.0,0,22
engr0,OP3,BIM,0.7,BIM,0.8,1.8032786885245902,1.0,0,22
engr0,S7,BIM,0.7,BIM,0.8,1.8032786885245902,1.0,0,22
engr0,BLU,BIM,0.7,BIM,0.9,1.8032786885245902,1.0,0,22
engr0,HTC,BIM,0.7,BIM,0.9,1.8032786885245902,1.0,0,22
engr0,LG,BIM,0.7,BIM,0.9,1.8032786885245902,1.0,0,22
engr0,MOTO,BIM,0.7,BIM,0.9,1.8032786885245902,1.0,0,22
engr0,OP3,BIM,0.7,BIM,0.9,1.8032786885245902,1.0,0,22
engr0,S7,BIM,0.7,BIM,0.9,1.8032786885245902,1.0,0,22
engr0,BLU,BIM,0.7,BIM,1.0,1.8032786885245902,1.0,0,22
engr0,HTC,BIM,0.7,BIM,1.0,1.8032786885245902,1.0,0,22
engr0,LG,BIM,0.7,BIM,1.0,1.8032786885245902,1.0,0,22
engr0,MOTO,BIM,0.7,BIM,1.0,1.8032786885245902,1.0,0,22
engr0,OP3,BIM,0.7,BIM,1.0,1.8032786885245902,1.0,0,22
engr0,S7,BIM,0.7,BIM,1.0,1.8032786885245902,1.0,0,22
engr0,BLU,BIM,0.8,BIM,0.1,0.8524590163934426,0.0,0,7
engr0,HTC,BIM,0.8,BIM,0.1,0.8524590163934426,0.0,0,7
engr0,LG,BIM,0.8,BIM,0.1,0.8524590163934426,0.0,0,7
engr0,MOTO,BIM,0.8,BIM,0.1,0.8524590163934426,0.0,0,7
engr0,OP3,BIM,0.8,BIM,0.1,0.8524590163934426,0.0,0,7
engr0,S7,BIM,0.8,BIM,0.1,0.8524590163934426,0.0,0,7
engr0,BLU,BIM,0.8,BIM,0.2,1.3278688524590163,1.0,0,10
engr0,HTC,BIM,0.8,BIM,0.2,1.3278688524590163,1.0,0,10
engr0,LG,BIM,0.8,BIM,0.2,1.3278688524590163,1.0,0,10
engr0,MOTO,BIM,0.8,BIM,0.2,1.3278688524590163,1.0,0,10
engr0,OP3,BIM,0.8,BIM,0.2,1.3278688524590163,1.0,0,10
engr0,S7,BIM,0.8,BIM,0.2,1.3278688524590163,1.0,0,10
engr0,BLU,BIM,0.8,BIM,0.3,1.2131147540983607,1.0,0,10
engr0,HTC,BIM,0.8,BIM,0.3,1.2131147540983607,1.0,0,10
engr0,LG,BIM,0.8,BIM,0.3,1.2131147540983607,1.0,0,10
engr0,MOTO,BIM,0.8,BIM,0.3,1.2131147540983607,1.0,0,10
engr0,OP3,BIM,0.8,BIM,0.3,1.2131147540983607,1.0,0,10
engr0,S7,BIM,0.8,BIM,0.3,1.2131147540983607,1.0,0,10
engr0,BLU,BIM,0.8,BIM,0.4,1.2622950819672132,1.0,0,10
engr0,HTC,BIM,0.8,BIM,0.4,1.2622950819672132,1.0,0,10
engr0,LG,BIM,0.8,BIM,0.4,1.2622950819672132,1.0,0,10
engr0,MOTO,BIM,0.8,BIM,0.4,1.2622950819672132,1.0,0,10
engr0,OP3,BIM,0.8,BIM,0.4,1.2622950819672132,1.0,0,10
engr0,S7,BIM,0.8,BIM,0.4,1.2622950819672132,1.0,0,10
engr0,BLU,BIM,0.8,BIM,0.5,1.2622950819672132,1.0,0,10
engr0,HTC,BIM,0.8,BIM,0.5,1.2622950819672132,1.0,0,10
engr0,LG,BIM,0.8,BIM,0.5,1.2622950819672132,1.0,0,10
engr0,MOTO,BIM,0.8,BIM,0.5,1.2622950819672132,1.0,0,10
engr0,OP3,BIM,0.8,BIM,0.5,1.2622950819672132,1.0,0,10
engr0,S7,BIM,0.8,BIM,0.5,1.2622950819672132,1.0,0,10
engr0,BLU,BIM,0.8,BIM,0.6,1.2622950819672132,1.0,0,10
engr0,HTC,BIM,0.8,BIM,0.6,1.2622950819672132,1.0,0,10
engr0,LG,BIM,0.8,BIM,0.6,1.2622950819672132,1.0,0,10
engr0,MOTO,BIM,0.8,BIM,0.6,1.2622950819672132,1.0,0,10
engr0,OP3,BIM,0.8,BIM,0.6,1.2622950819672132,1.0,0,10
engr0,S7,BIM,0.8,BIM,0.6,1.2622950819672132,1.0,0,10
engr0,BLU,BIM,0.8,BIM,0.7,1.2622950819672132,1.0,0,10
engr0,HTC,BIM,0.8,BIM,0.7,1.2622950819672132,1.0,0,10
engr0,LG,BIM,0.8,BIM,0.7,1.2622950819672132,1.0,0,10
engr0,MOTO,BIM,0.8,BIM,0.7,1.2622950819672132,1.0,0,10
engr0,OP3,BIM,0.8,BIM,0.7,1.2622950819672132,1.0,0,10
engr0,S7,BIM,0.8,BIM,0.7,1.2622950819672132,1.0,0,10
engr0,BLU,BIM,0.8,BIM,0.8,1.2622950819672132,1.0,0,10
engr0,HTC,BIM,0.8,BIM,0.8,1.2622950819672132,1.0,0,10
engr0,LG,BIM,0.8,BIM,0.8,1.2622950819672132,1.0,0,10
engr0,MOTO,BIM,0.8,BIM,0.8,1.2622950819672132,1.0,0,10
engr0,OP3,BIM,0.8,BIM,0.8,1.2622950819672132,1.0,0,10
engr0,S7,BIM,0.8,BIM,0.8,1.2622950819672132,1.0,0,10
engr0,BLU,BIM,0.8,BIM,0.9,1.2622950819672132,1.0,0,10
engr0,HTC,BIM,0.8,BIM,0.9,1.2622950819672132,1.0,0,10
engr0,LG,BIM,0.8,BIM,0.9,1.2622950819672132,1.0,0,10
engr0,MOTO,BIM,0.8,BIM,0.9,1.2622950819672132,1.0,0,10
engr0,OP3,BIM,0.8,BIM,0.9,1.2622950819672132,1.0,0,10
engr0,S7,BIM,0.8,BIM,0.9,1.2622950819672132,1.0,0,10
engr0,BLU,BIM,0.8,BIM,1.0,1.2622950819672132,1.0,0,10
engr0,HTC,BIM,0.8,BIM,1.0,1.2622950819672132,1.0,0,10
engr0,LG,BIM,0.8,BIM,1.0,1.2622950819672132,1.0,0,10
engr0,MOTO,BIM,0.8,BIM,1.0,1.2622950819672132,1.0,0,10
engr0,OP3,BIM,0.8,BIM,1.0,1.2622950819672132,1.0,0,10
engr0,S7,BIM,0.8,BIM,1.0,1.2622950819672132,1.0,0,10
engr0,BLU,BIM,0.9,BIM,0.1,0.9508196721311475,0.0,0,7
engr0,HTC,BIM,0.9,BIM,0.1,0.9508196721311475,0.0,0,7
engr0,LG,BIM,0.9,BIM,0.1,0.9508196721311475,0.0,0,7
engr0,MOTO,BIM,0.9,BIM,0.1,0.9508196721311475,0.0,0,7
engr0,OP3,BIM,0.9,BIM,0.1,0.9508196721311475,0.0,0,7
engr0,S7,BIM,0.9,BIM,0.1,0.9508196721311475,0.0,0,7
engr0,BLU,BIM,0.9,BIM,0.2,1.0655737704918034,1.0,0,7
engr0,HTC,BIM,0.9,BIM,0.2,1.0655737704918034,1.0,0,7
engr0,LG,BIM,0.9,BIM,0.2,1.0655737704918034,1.0,0,7
engr0,MOTO,BIM,0.9,BIM,0.2,1.0655737704918034,1.0,0,7
engr0,OP3,BIM,0.9,BIM,0.2,1.0655737704918034,1.0,0,7
engr0,S7,BIM,0.9,BIM,0.2,1.0655737704918034,1.0,0,7
engr0,BLU,BIM,0.9,BIM,0.3,0.9180327868852459,0.0,0,7
engr0,HTC,BIM,0.9,BIM,0.3,0.9180327868852459,0.0,0,7
engr0,LG,BIM,0.9,BIM,0.3,0.9180327868852459,0.0,0,7
engr0,MOTO,BIM,0.9,BIM,0.3,0.9180327868852459,0.0,0,7
engr0,OP3,BIM,0.9,BIM,0.3,0.9180327868852459,0.0,0,7
engr0,S7,BIM,0.9,BIM,0.3,0.9180327868852459,0.0,0,7
engr0,BLU,BIM,0.9,BIM,0.4,0.9344262295081968,0.0,0,7
engr0,HTC,BIM,0.9,BIM,0.4,0.9344262295081968,0.0,0,7
engr0,LG,BIM,0.9,BIM,0.4,0.9344262295081968,0.0,0,7
engr0,MOTO,BIM,0.9,BIM,0.4,0.9344262295081968,0.0,0,7
engr0,OP3,BIM,0.9,BIM,0.4,0.9344262295081968,0.0,0,7
engr0,S7,BIM,0.9,BIM,0.4,0.9344262295081968,0.0,0,7
engr0,BLU,BIM,0.9,BIM,0.5,0.9344262295081968,0.0,0,7
engr0,HTC,BIM,0.9,BIM,0.5,0.9344262295081968,0.0,0,7
engr0,LG,BIM,0.9,BIM,0.5,0.9344262295081968,0.0,0,7
engr0,MOTO,BIM,0.9,BIM,0.5,0.9344262295081968,0.0,0,7
engr0,OP3,BIM,0.9,BIM,0.5,0.9344262295081968,0.0,0,7
engr0,S7,BIM,0.9,BIM,0.5,0.9344262295081968,0.0,0,7
engr0,BLU,BIM,0.9,BIM,0.6,0.9344262295081968,0.0,0,7
engr0,HTC,BIM,0.9,BIM,0.6,0.9344262295081968,0.0,0,7
engr0,LG,BIM,0.9,BIM,0.6,0.9344262295081968,0.0,0,7
engr0,MOTO,BIM,0.9,BIM,0.6,0.9344262295081968,0.0,0,7
engr0,OP3,BIM,0.9,BIM,0.6,0.9344262295081968,0.0,0,7
engr0,S7,BIM,0.9,BIM,0.6,0.9344262295081968,0.0,0,7
engr0,BLU,BIM,0.9,BIM,0.7,0.9344262295081968,0.0,0,7
engr0,HTC,BIM,0.9,BIM,0.7,0.9344262295081968,0.0,0,7
engr0,LG,BIM,0.9,BIM,0.7,0.9344262295081968,0.0,0,7
engr0,MOTO,BIM,0.9,BIM,0.7,0.9344262295081968,0.0,0,7
engr0,OP3,BIM,0.9,BIM,0.7,0.9344262295081968,0.0,0,7
engr0,S7,BIM,0.9,BIM,0.7,0.9344262295081968,0.0,0,7
engr0,BLU,BIM,0.9,BIM,0.8,0.9344262295081968,0.0,0,7
engr0,HTC,BIM,0.9,BIM,0.8,0.9344262295081968,0.0,0,7
engr0,LG,BIM,0.9,BIM,0.8,0.9344262295081968,0.0,0,7
engr0,MOTO,BIM,0.9,BIM,0.8,0.9344262295081968,0.0,0,7
engr0,OP3,BIM,0.9,BIM,0.8,0.9344262295081968,0.0,0,7
engr0,S7,BIM,0.9,BIM,0.8,0.9344262295081968,0.0,0,7
engr0,BLU,BIM,0.9,BIM,0.9,0.9344262295081968,0.0,0,7
engr0,HTC,BIM,0.9,BIM,0.9,0.9344262295081968,0.0,0,7
engr0,LG,BIM,0.9,BIM,0.9,0.9344262295081968,0.0,0,7
engr0,MOTO,BIM,0.9,BIM,0.9,0.9344262295081968,0.0,0,7
engr0,OP3,BIM,0.9,BIM,0.9,0.9344262295081968,0.0,0,7
engr0,S7,BIM,0.9,BIM,0.9,0.9344262295081968,0.0,0,7
engr0,BLU,BIM,0.9,BIM,1.0,0.9344262295081968,0.0,0,7
engr0,HTC,BIM,0.9,BIM,1.0,0.9344262295081968,0.0,0,7
engr0,LG,BIM,0.9,BIM,1.0,0.9344262295081968,0.0,0,7
engr0,MOTO,BIM,0.9,BIM,1.0,0.9344262295081968,0.0,0,7
engr0,OP3,BIM,0.9,BIM,1.0,0.9344262295081968,0.0,0,7
engr0,S7,BIM,0.9,BIM,1.0,0.9344262295081968,0.0,0,7
engr0,BLU,BIM,1.0,BIM,0.1,0.8032786885245902,0.0,0,6
engr0,HTC,BIM,1.0,BIM,0.1,0.8032786885245902,0.0,0,6
engr0,LG,BIM,1.0,BIM,0.1,0.8032786885245902,0.0,0,6
engr0,MOTO,BIM,1.0,BIM,0.1,0.8032786885245902,0.0,0,6
engr0,OP3,BIM,1.0,BIM,0.1,0.8032786885245902,0.0,0,6
engr0,S7,BIM,1.0,BIM,0.1,0.8032786885245902,0.0,0,6
engr0,BLU,BIM,1.0,BIM,0.2,1.0819672131147542,1.0,0,7
engr0,HTC,BIM,1.0,BIM,0.2,1.0819672131147542,1.0,0,7
engr0,LG,BIM,1.0,BIM,0.2,1.0819672131147542,1.0,0,7
engr0,MOTO,BIM,1.0,BIM,0.2,1.0819672131147542,1.0,0,7
engr0,OP3,BIM,1.0,BIM,0.2,1.0819672131147542,1.0,0,7
engr0,S7,BIM,1.0,BIM,0.2,1.0819672131147542,1.0,0,7
engr0,BLU,BIM,1.0,BIM,0.3,2.1475409836065573,1.0,0,38
engr0,HTC,BIM,1.0,BIM,0.3,2.1475409836065573,1.0,0,38
engr0,LG,BIM,1.0,BIM,0.3,2.1475409836065573,1.0,0,38
engr0,MOTO,BIM,1.0,BIM,0.3,2.1475409836065573,1.0,0,38
engr0,OP3,BIM,1.0,BIM,0.3,2.1475409836065573,1.0,0,38
engr0,S7,BIM,1.0,BIM,0.3,2.1475409836065573,1.0,0,38
engr0,BLU,BIM,1.0,BIM,0.4,2.1475409836065573,1.0,0,38
engr0,HTC,BIM,1.0,BIM,0.4,2.1475409836065573,1.0,0,38
engr0,LG,BIM,1.0,BIM,0.4,2.1475409836065573,1.0,0,38
engr0,MOTO,BIM,1.0,BIM,0.4,2.1475409836065573,1.0,0,38
engr0,OP3,BIM,1.0,BIM,0.4,2.1475409836065573,1.0,0,38
engr0,S7,BIM,1.0,BIM,0.4,2.1475409836065573,1.0,0,38
engr0,BLU,BIM,1.0,BIM,0.5,2.1475409836065573,1.0,0,38
engr0,HTC,BIM,1.0,BIM,0.5,2.1475409836065573,1.0,0,38
engr0,LG,BIM,1.0,BIM,0.5,2.1475409836065573,1.0,0,38
engr0,MOTO,BIM,1.0,BIM,0.5,2.1475409836065573,1.0,0,38
engr0,OP3,BIM,1.0,BIM,0.5,2.1475409836065573,1.0,0,38
engr0,S7,BIM,1.0,BIM,0.5,2.1475409836065573,1.0,0,38
engr0,BLU,BIM,1.0,BIM,0.6,2.1475409836065573,1.0,0,38
engr0,HTC,BIM,1.0,BIM,0.6,2.1475409836065573,1.0,0,38
engr0,LG,BIM,1.0,BIM,0.6,2.1475409836065573,1.0,0,38
engr0,MOTO,BIM,1.0,BIM,0.6,2.1475409836065573,1.0,0,38
engr0,OP3,BIM,1.0,BIM,0.6,2.1475409836065573,1.0,0,38
engr0,S7,BIM,1.0,BIM,0.6,2.1475409836065573,1.0,0,38
engr0,BLU,BIM,1.0,BIM,0.7,2.1475409836065573,1.0,0,38
engr0,HTC,BIM,1.0,BIM,0.7,2.1475409836065573,1.0,0,38
engr0,LG,BIM,1.0,BIM,0.7,2.1475409836065573,1.0,0,38
engr0,MOTO,BIM,1.0,BIM,0.7,2.1475409836065573,1.0,0,38
engr0,OP3,BIM,1.0,BIM,0.7,2.1475409836065573,1.0,0,38
engr0,S7,BIM,1.0,BIM,0.7,2.1475409836065573,1.0,0,38
engr0,BLU,BIM,1.0,BIM,0.8,2.1475409836065573,1.0,0,38
engr0,HTC,BIM,1.0,BIM,0.8,2.1475409836065573,1.0,0,38
engr0,LG,BIM,1.0,BIM,0.8,2.1475409836065573,1.0,0,38
engr0,MOTO,BIM,1.0,BIM,0.8,2.1475409836065573,1.0,0,38
engr0,OP3,BIM,1.0,BIM,0.8,2.1475409836065573,1.0,0,38
engr0,S7,BIM,1.0,BIM,0.8,2.1475409836065573,1.0,0,38
engr0,BLU,BIM,1.0,BIM,0.9,2.1475409836065573,1.0,0,38
engr0,HTC,BIM,1.0,BIM,0.9,2.1475409836065573,1.0,0,38
engr0,LG,BIM,1.0,BIM,0.9,2.1475409836065573,1.0,0,38
engr0,MOTO,BIM,1.0,BIM,0.9,2.1475409836065573,1.0,0,38
engr0,OP3,BIM,1.0,BIM,0.9,2.1475409836065573,1.0,0,38
engr0,S7,BIM,1.0,BIM,0.9,2.1475409836065573,1.0,0,38
engr0,BLU,BIM,1.0,BIM,1.0,2.1475409836065573,1.0,0,38
engr0,HTC,BIM,1.0,BIM,1.0,2.1475409836065573,1.0,0,38
engr0,LG,BIM,1.0,BIM,1.0,2.1475409836065573,1.0,0,38
engr0,MOTO,BIM,1.0,BIM,1.0,2.1475409836065573,1.0,0,38
engr0,OP3,BIM,1.0,BIM,1.0,2.1475409836065573,1.0,0,38
engr0,S7,BIM,1.0,BIM,1.0,2.1475409836065573,1.0,0,38
engr0,BLU,CW,0.1,BIM,0.1,9.852459016393443,4.0,0,47
engr0,HTC,CW,0.1,BIM,0.1,9.852459016393443,4.0,0,47
engr0,LG,CW,0.1,BIM,0.1,9.852459016393443,4.0,0,47
engr0,MOTO,CW,0.1,BIM,0.1,9.852459016393443,4.0,0,47
engr0,OP3,CW,0.1,BIM,0.1,9.852459016393443,4.0,0,47
engr0,S7,CW,0.1,BIM,0.1,9.852459016393443,4.0,0,47
engr0,BLU,CW,0.1,BIM,0.2,11.311475409836065,6.0,0,47
engr0,HTC,CW,0.1,BIM,0.2,11.311475409836065,6.0,0,47
engr0,LG,CW,0.1,BIM,0.2,11.311475409836065,6.0,0,47
engr0,MOTO,CW,0.1,BIM,0.2,11.311475409836065,6.0,0,47
engr0,OP3,CW,0.1,BIM,0.2,11.311475409836065,6.0,0,47
engr0,S7,CW,0.1,BIM,0.2,11.311475409836065,6.0,0,47
engr0,BLU,CW,0.1,BIM,0.3,10.704918032786885,6.0,0,47
engr0,HTC,CW,0.1,BIM,0.3,10.704918032786885,6.0,0,47
engr0,LG,CW,0.1,BIM,0.3,10.704918032786885,6.0,0,47
engr0,MOTO,CW,0.1,BIM,0.3,10.704918032786885,6.0,0,47
engr0,OP3,CW,0.1,BIM,0.3,10.704918032786885,6.0,0,47
engr0,S7,CW,0.1,BIM,0.3,10.704918032786885,6.0,0,47
engr0,BLU,CW,0.1,BIM,0.4,10.688524590163935,6.0,0,47
engr0,HTC,CW,0.1,BIM,0.4,10.688524590163935,6.0,0,47
engr0,LG,CW,0.1,BIM,0.4,10.688524590163935,6.0,0,47
engr0,MOTO,CW,0.1,BIM,0.4,10.688524590163935,6.0,0,47
engr0,OP3,CW,0.1,BIM,0.4,10.688524590163935,6.0,0,47
engr0,S7,CW,0.1,BIM,0.4,10.688524590163935,6.0,0,47
engr0,BLU,CW,0.1,BIM,0.5,10.688524590163935,6.0,0,47
engr0,HTC,CW,0.1,BIM,0.5,10.688524590163935,6.0,0,47
engr0,LG,CW,0.1,BIM,0.5,10.688524590163935,6.0,0,47
engr0,MOTO,CW,0.1,BIM,0.5,10.688524590163935,6.0,0,47
engr0,OP3,CW,0.1,BIM,0.5,10.688524590163935,6.0,0,47
engr0,S7,CW,0.1,BIM,0.5,10.688524590163935,6.0,0,47
engr0,BLU,CW,0.1,BIM,0.6,10.688524590163935,6.0,0,47
engr0,HTC,CW,0.1,BIM,0.6,10.688524590163935,6.0,0,47
engr0,LG,CW,0.1,BIM,0.6,10.688524590163935,6.0,0,47
engr0,MOTO,CW,0.1,BIM,0.6,10.688524590163935,6.0,0,47
engr0,OP3,CW,0.1,BIM,0.6,10.688524590163935,6.0,0,47
engr0,S7,CW,0.1,BIM,0.6,10.688524590163935,6.0,0,47
engr0,BLU,CW,0.1,BIM,0.7,10.688524590163935,6.0,0,47
engr0,HTC,CW,0.1,BIM,0.7,10.688524590163935,6.0,0,47
engr0,LG,CW,0.1,BIM,0.7,10.688524590163935,6.0,0,47
engr0,MOTO,CW,0.1,BIM,0.7,10.688524590163935,6.0,0,47
engr0,OP3,CW,0.1,BIM,0.7,10.688524590163935,6.0,0,47
engr0,S7,CW,0.1,BIM,0.7,10.688524590163935,6.0,0,47
engr0,BLU,CW,0.1,BIM,0.8,10.688524590163935,6.0,0,47
engr0,HTC,CW,0.1,BIM,0.8,10.688524590163935,6.0,0,47
engr0,LG,CW,0.1,BIM,0.8,10.688524590163935,6.0,0,47
engr0,MOTO,CW,0.1,BIM,0.8,10.688524590163935,6.0,0,47
engr0,OP3,CW,0.1,BIM,0.8,10.688524590163935,6.0,0,47
engr0,S7,CW,0.1,BIM,0.8,10.688524590163935,6.0,0,47
engr0,BLU,CW,0.1,BIM,0.9,10.688524590163935,6.0,0,47
engr0,HTC,CW,0.1,BIM,0.9,10.688524590163935,6.0,0,47
engr0,LG,CW,0.1,BIM,0.9,10.688524590163935,6.0,0,47
engr0,MOTO,CW,0.1,BIM,0.9,10.688524590163935,6.0,0,47
engr0,OP3,CW,0.1,BIM,0.9,10.688524590163935,6.0,0,47
engr0,S7,CW,0.1,BIM,0.9,10.688524590163935,6.0,0,47
engr0,BLU,CW,0.1,BIM,1.0,10.688524590163935,6.0,0,47
engr0,HTC,CW,0.1,BIM,1.0,10.688524590163935,6.0,0,47
engr0,LG,CW,0.1,BIM,1.0,10.688524590163935,6.0,0,47
engr0,MOTO,CW,0.1,BIM,1.0,10.688524590163935,6.0,0,47
engr0,OP3,CW,0.1,BIM,1.0,10.688524590163935,6.0,0,47
engr0,S7,CW,0.1,BIM,1.0,10.688524590163935,6.0,0,47
engr0,BLU,CW,0.2,BIM,0.1,8.147540983606557,4.0,0,34
engr0,HTC,CW,0.2,BIM,0.1,8.147540983606557,4.0,0,34
engr0,LG,CW,0.2,BIM,0.1,8.147540983606557,4.0,0,34
engr0,MOTO,CW,0.2,BIM,0.1,8.147540983606557,4.0,0,34
engr0,OP3,CW,0.2,BIM,0.1,8.147540983606557,4.0,0,34
engr0,S7,CW,0.2,BIM,0.1,8.147540983606557,4.0,0,34
engr0,BLU,CW,0.2,BIM,0.2,7.770491803278689,4.0,0,37
engr0,HTC,CW,0.2,BIM,0.2,7.770491803278689,4.0,0,37
engr0,LG,CW,0.2,BIM,0.2,7.770491803278689,4.0,0,37
engr0,MOTO,CW,0.2,BIM,0.2,7.770491803278689,4.0,0,37
engr0,OP3,CW,0.2,BIM,0.2,7.770491803278689,4.0,0,37
engr0,S7,CW,0.2,BIM,0.2,7.770491803278689,4.0,0,37
engr0,BLU,CW,0.2,BIM,0.3,8.491803278688524,4.0,0,37
engr0,HTC,CW,0.2,BIM,0.3,8.491803278688524,4.0,0,37
engr0,LG,CW,0.2,BIM,0.3,8.491803278688524,4.0,0,37
engr0,MOTO,CW,0.2,BIM,0.3,8.491803278688524,4.0,0,37
engr0,OP3,CW,0.2,BIM,0.3,8.491803278688524,4.0,0,37
engr0,S7,CW,0.2,BIM,0.3,8.491803278688524,4.0,0,37
engr0,BLU,CW,0.2,BIM,0.4,8.80327868852459,4.0,0,37
engr0,HTC,CW,0.2,BIM,0.4,8.80327868852459,4.0,0,37
engr0,LG,CW,0.2,BIM,0.4,8.80327868852459,4.0,0,37
engr0,MOTO,CW,0.2,BIM,0.4,8.80327868852459,4.0,0,37
engr0,OP3,CW,0.2,BIM,0.4,8.80327868852459,4.0,0,37
engr0,S7,CW,0.2,BIM,0.4,8.80327868852459,4.0,0,37
engr0,BLU,CW,0.2,BIM,0.5,8.80327868852459,4.0,0,37
engr0,HTC,CW,0.2,BIM,0.5,8.80327868852459,4.0,0,37
engr0,LG,CW,0.2,BIM,0.5,8.80327868852459,4.0,0,37
engr0,MOTO,CW,0.2,BIM,0.5,8.80327868852459,4.0,0,37
engr0,OP3,CW,0.2,BIM,0.5,8.80327868852459,4.0,0,37
engr0,S7,CW,0.2,BIM,0.5,8.80327868852459,4.0,0,37
engr0,BLU,CW,0.2,BIM,0.6,8.80327868852459,4.0,0,37
engr0,HTC,CW,0.2,BIM,0.6,8.80327868852459,4.0,0,37
engr0,LG,CW,0.2,BIM,0.6,8.80327868852459,4.0,0,37
engr0,MOTO,CW,0.2,BIM,0.6,8.80327868852459,4.0,0,37
engr0,OP3,CW,0.2,BIM,0.6,8.80327868852459,4.0,0,37
engr0,S7,CW,0.2,BIM,0.6,8.80327868852459,4.0,0,37
engr0,BLU,CW,0.2,BIM,0.7,8.80327868852459,4.0,0,37
engr0,HTC,CW,0.2,BIM,0.7,8.80327868852459,4.0,0,37
engr0,LG,CW,0.2,BIM,0.7,8.80327868852459,4.0,0,37
engr0,MOTO,CW,0.2,BIM,0.7,8.80327868852459,4.0,0,37
engr0,OP3,CW,0.2,BIM,0.7,8.80327868852459,4.0,0,37
engr0,S7,CW,0.2,BIM,0.7,8.80327868852459,4.0,0,37
engr0,BLU,CW,0.2,BIM,0.8,8.80327868852459,4.0,0,37
engr0,HTC,CW,0.2,BIM,0.8,8.80327868852459,4.0,0,37
engr0,LG,CW,0.2,BIM,0.8,8.80327868852459,4.0,0,37
engr0,MOTO,CW,0.2,BIM,0.8,8.80327868852459,4.0,0,37
engr0,OP3,CW,0.2,BIM,0.8,8.80327868852459,4.0,0,37
engr0,S7,CW,0.2,BIM,0.8,8.80327868852459,4.0,0,37
engr0,BLU,CW,0.2,BIM,0.9,8.80327868852459,4.0,0,37
engr0,HTC,CW,0.2,BIM,0.9,8.80327868852459,4.0,0,37
engr0,LG,CW,0.2,BIM,0.9,8.80327868852459,4.0,0,37
engr0,MOTO,CW,0.2,BIM,0.9,8.80327868852459,4.0,0,37
engr0,OP3,CW,0.2,BIM,0.9,8.80327868852459,4.0,0,37
engr0,S7,CW,0.2,BIM,0.9,8.80327868852459,4.0,0,37
engr0,BLU,CW,0.2,BIM,1.0,8.80327868852459,4.0,0,37
engr0,HTC,CW,0.2,BIM,1.0,8.80327868852459,4.0,0,37
engr0,LG,CW,0.2,BIM,1.0,8.80327868852459,4.0,0,37
engr0,MOTO,CW,0.2,BIM,1.0,8.80327868852459,4.0,0,37
engr0,OP3,CW,0.2,BIM,1.0,8.80327868852459,4.0,0,37
engr0,S7,CW,0.2,BIM,1.0,8.80327868852459,4.0,0,37
engr0,BLU,CW,0.3,BIM,0.1,8.065573770491802,3.0,0,45
engr0,HTC,CW,0.3,BIM,0.1,8.065573770491802,3.0,0,45
engr0,LG,CW,0.3,BIM,0.1,8.065573770491802,3.0,0,45
engr0,MOTO,CW,0.3,BIM,0.1,8.065573770491802,3.0,0,45
engr0,OP3,CW,0.3,BIM,0.1,8.065573770491802,3.0,0,45
engr0,S7,CW,0.3,BIM,0.1,8.065573770491802,3.0,0,45
engr0,BLU,CW,0.3,BIM,0.2,9.901639344262295,3.0,0,45
engr0,HTC,CW,0.3,BIM,0.2,9.901639344262295,3.0,0,45
engr0,LG,CW,0.3,BIM,0.2,9.901639344262295,3.0,0,45
engr0,MOTO,CW,0.3,BIM,0.2,9.901639344262295,3.0,0,45
engr0,OP3,CW,0.3,BIM,0.2,9.901639344262295,3.0,0,45
engr0,S7,CW,0.3,BIM,0.2,9.901639344262295,3.0,0,45
engr0,BLU,CW,0.3,BIM,0.3,10.098360655737705,3.0,0,45
engr0,HTC,CW,0.3,BIM,0.3,10.098360655737705,3.0,0,45
engr0,LG,CW,0.3,BIM,0.3,10.098360655737705,3.0,0,45
engr0,MOTO,CW,0.3,BIM,0.3,10.098360655737705,3.0,0,45
engr0,OP3,CW,0.3,BIM,0.3,10.098360655737705,3.0,0,45
engr0,S7,CW,0.3,BIM,0.3,10.098360655737705,3.0,0,45
engr0,BLU,CW,0.3,BIM,0.4,10.131147540983607,3.0,0,45
engr0,HTC,CW,0.3,BIM,0.4,10.131147540983607,3.0,0,45
engr0,LG,CW,0.3,BIM,0.4,10.131147540983607,3.0,0,45
engr0,MOTO,CW,0.3,BIM,0.4,10.131147540983607,3.0,0,45
engr0,OP3,CW,0.3,BIM,0.4,10.131147540983607,3.0,0,45
engr0,S7,CW,0.3,BIM,0.4,10.131147540983607,3.0,0,45
engr0,BLU,CW,0.3,BIM,0.5,10.131147540983607,3.0,0,45
engr0,HTC,CW,0.3,BIM,0.5,10.131147540983607,3.0,0,45
engr0,LG,CW,0.3,BIM,0.5,10.131147540983607,3.0,0,45
engr0,MOTO,CW,0.3,BIM,0.5,10.131147540983607,3.0,0,45
engr0,OP3,CW,0.3,BIM,0.5,10.131147540983607,3.0,0,45
engr0,S7,CW,0.3,BIM,0.5,10.131147540983607,3.0,0,45
engr0,BLU,CW,0.3,BIM,0.6,10.131147540983607,3.0,0,45
engr0,HTC,CW,0.3,BIM,0.6,10.131147540983607,3.0,0,45
engr0,LG,CW,0.3,BIM,0.6,10.131147540983607,3.0,0,45
engr0,MOTO,CW,0.3,BIM,0.6,10.131147540983607,3.0,0,45
engr0,OP3,CW,0.3,BIM,0.6,10.131147540983607,3.0,0,45
engr0,S7,CW,0.3,BIM,0.6,10.131147540983607,3.0,0,45
engr0,BLU,CW,0.3,BIM,0.7,10.131147540983607,3.0,0,45
engr0,HTC,CW,0.3,BIM,0.7,10.131147540983607,3.0,0,45
engr0,LG,CW,0.3,BIM,0.7,10.131147540983607,3.0,0,45
engr0,MOTO,CW,0.3,BIM,0.7,10.131147540983607,3.0,0,45
engr0,OP3,CW,0.3,BIM,0.7,10.131147540983607,3.0,0,45
engr0,S7,CW,0.3,BIM,0.7,10.131147540983607,3.0,0,45
engr0,BLU,CW,0.3,BIM,0.8,10.131147540983607,3.0,0,45
engr0,HTC,CW,0.3,BIM,0.8,10.131147540983607,3.0,0,45
engr0,LG,CW,0.3,BIM,0.8,10.131147540983607,3.0,0,45
engr0,MOTO,CW,0.3,BIM,0.8,10.131147540983607,3.0,0,45
engr0,OP3,CW,0.3,BIM,0.8,10.131147540983607,3.0,0,45
engr0,S7,CW,0.3,BIM,0.8,10.131147540983607,3.0,0,45
engr0,BLU,CW,0.3,BIM,0.9,10.131147540983607,3.0,0,45
engr0,HTC,CW,0.3,BIM,0.9,10.131147540983607,3.0,0,45
engr0,LG,CW,0.3,BIM,0.9,10.131147540983607,3.0,0,45
engr0,MOTO,CW,0.3,BIM,0.9,10.131147540983607,3.0,0,45
engr0,OP3,CW,0.3,BIM,0.9,10.131147540983607,3.0,0,45
engr0,S7,CW,0.3,BIM,0.9,10.131147540983607,3.0,0,45
engr0,BLU,CW,0.3,BIM,1.0,10.131147540983607,3.0,0,45
engr0,HTC,CW,0.3,BIM,1.0,10.131147540983607,3.0,0,45
engr0,LG,CW,0.3,BIM,1.0,10.131147540983607,3.0,0,45
engr0,MOTO,CW,0.3,BIM,1.0,10.131147540983607,3.0,0,45
engr0,OP3,CW,0.3,BIM,1.0,10.131147540983607,3.0,0,45
engr0,S7,CW,0.3,BIM,1.0,10.131147540983607,3.0,0,45
engr0,BLU,CW,0.4,BIM,0.1,9.950819672131148,3.0,0,56
engr0,HTC,CW,0.4,BIM,0.1,9.950819672131148,3.0,0,56
engr0,LG,CW,0.4,BIM,0.1,9.950819672131148,3.0,0,56
engr0,MOTO,CW,0.4,BIM,0.1,9.950819672131148,3.0,0,56
engr0,OP3,CW,0.4,BIM,0.1,9.950819672131148,3.0,0,56
engr0,S7,CW,0.4,BIM,0.1,9.950819672131148,3.0,0,56
engr0,BLU,CW,0.4,BIM,0.2,10.98360655737705,4.0,0,54
engr0,HTC,CW,0.4,BIM,0.2,10.98360655737705,4.0,0,54
engr0,LG,CW,0.4,BIM,0.2,10.98360655737705,4.0,0,54
engr0,MOTO,CW,0.4,BIM,0.2,10.98360655737705,4.0,0,54
engr0,OP3,CW,0.4,BIM,0.2,10.98360655737705,4.0,0,54
engr0,S7,CW,0.4,BIM,0.2,10.98360655737705,4.0,0,54
engr0,BLU,CW,0.4,BIM,0.3,11.262295081967213,4.0,0,54
engr0,HTC,CW,0.4,BIM,0.3,11.262295081967213,4.0,0,54
engr0,LG,CW,0.4,BIM,0.3,11.262295081967213,4.0,0,54
engr0,MOTO,CW,0.4,BIM,0.3,11.262295081967213,4.0,0,54
engr0,OP3,CW,0.4,BIM,0.3,11.262295081967213,4.0,0,54
engr0,S7,CW,0.4,BIM,0.3,11.262295081967213,4.0,0,54
engr0,BLU,CW,0.4,BIM,0.4,10.540983606557377,4.0,0,54
engr0,HTC,CW,0.4,BIM,0.4,10.540983606557377,4.0,0,54
engr0,LG,CW,0.4,BIM,0.4,10.540983606557377,4.0,0,54
engr0,MOTO,CW,0.4,BIM,0.4,10.540983606557377,4.0,0,54
engr0,OP3,CW,0.4,BIM,0.4,10.540983606557377,4.0,0,54
engr0,S7,CW,0.4,BIM,0.4,10.540983606557377,4.0,0,54
engr0,BLU,CW,0.4,BIM,0.5,10.540983606557377,4.0,0,54
engr0,HTC,CW,0.4,BIM,0.5,10.540983606557377,4.0,0,54
engr0,LG,CW,0.4,BIM,0.5,10.540983606557377,4.0,0,54
engr0,MOTO,CW,0.4,BIM,0.5,10.540983606557377,4.0,0,54
engr0,OP3,CW,0.4,BIM,0.5,10.540983606557377,4.0,0,54
engr0,S7,CW,0.4,BIM,0.5,10.540983606557377,4.0,0,54
engr0,BLU,CW,0.4,BIM,0.6,10.540983606557377,4.0,0,54
engr0,HTC,CW,0.4,BIM,0.6,10.540983606557377,4.0,0,54
engr0,LG,CW,0.4,BIM,0.6,10.540983606557377,4.0,0,54
engr0,MOTO,CW,0.4,BIM,0.6,10.540983606557377,4.0,0,54
engr0,OP3,CW,0.4,BIM,0.6,10.540983606557377,4.0,0,54
engr0,S7,CW,0.4,BIM,0.6,10.540983606557377,4.0,0,54
engr0,BLU,CW,0.4,BIM,0.7,10.540983606557377,4.0,0,54
engr0,HTC,CW,0.4,BIM,0.7,10.540983606557377,4.0,0,54
engr0,LG,CW,0.4,BIM,0.7,10.540983606557377,4.0,0,54
engr0,MOTO,CW,0.4,BIM,0.7,10.540983606557377,4.0,0,54
engr0,OP3,CW,0.4,BIM,0.7,10.540983606557377,4.0,0,54
engr0,S7,CW,0.4,BIM,0.7,10.540983606557377,4.0,0,54
engr0,BLU,CW,0.4,BIM,0.8,10.540983606557377,4.0,0,54
engr0,HTC,CW,0.4,BIM,0.8,10.540983606557377,4.0,0,54
engr0,LG,CW,0.4,BIM,0.8,10.540983606557377,4.0,0,54
engr0,MOTO,CW,0.4,BIM,0.8,10.540983606557377,4.0,0,54
engr0,OP3,CW,0.4,BIM,0.8,10.540983606557377,4.0,0,54
engr0,S7,CW,0.4,BIM,0.8,10.540983606557377,4.0,0,54
engr0,BLU,CW,0.4,BIM,0.9,10.540983606557377,4.0,0,54
engr0,HTC,CW,0.4,BIM,0.9,10.540983606557377,4.0,0,54
engr0,LG,CW,0.4,BIM,0.9,10.540983606557377,4.0,0,54
engr0,MOTO,CW,0.4,BIM,0.9,10.540983606557377,4.0,0,54
engr0,OP3,CW,0.4,BIM,0.9,10.540983606557377,4.0,0,54
engr0,S7,CW,0.4,BIM,0.9,10.540983606557377,4.0,0,54
engr0,BLU,CW,0.4,BIM,1.0,10.540983606557377,4.0,0,54
engr0,HTC,CW,0.4,BIM,1.0,10.540983606557377,4.0,0,54
engr0,LG,CW,0.4,BIM,1.0,10.540983606557377,4.0,0,54
engr0,MOTO,CW,0.4,BIM,1.0,10.540983606557377,4.0,0,54
engr0,OP3,CW,0.4,BIM,1.0,10.540983606557377,4.0,0,54
engr0,S7,CW,0.4,BIM,1.0,10.540983606557377,4.0,0,54
engr0,BLU,CW,0.5,BIM,0.1,10.459016393442623,5.0,0,47
engr0,HTC,CW,0.5,BIM,0.1,10.459016393442623,5.0,0,47
engr0,LG,CW,0.5,BIM,0.1,10.459016393442623,5.0,0,47
engr0,MOTO,CW,0.5,BIM,0.1,10.459016393442623,5.0,0,47
engr0,OP3,CW,0.5,BIM,0.1,10.459016393442623,5.0,0,47
engr0,S7,CW,0.5,BIM,0.1,10.459016393442623,5.0,0,47
engr0,BLU,CW,0.5,BIM,0.2,15.065573770491802,6.0,0,56
engr0,HTC,CW,0.5,BIM,0.2,15.065573770491802,6.0,0,56
engr0,LG,CW,0.5,BIM,0.2,15.065573770491802,6.0,0,56
engr0,MOTO,CW,0.5,BIM,0.2,15.065573770491802,6.0,0,56
engr0,OP3,CW,0.5,BIM,0.2,15.065573770491802,6.0,0,56
engr0,S7,CW,0.5,BIM,0.2,15.065573770491802,6.0,0,56
engr0,BLU,CW,0.5,BIM,0.3,15.163934426229508,6.0,0,56
engr0,HTC,CW,0.5,BIM,0.3,15.163934426229508,6.0,0,56
engr0,LG,CW,0.5,BIM,0.3,15.163934426229508,6.0,0,56
engr0,MOTO,CW,0.5,BIM,0.3,15.163934426229508,6.0,0,56
engr0,OP3,CW,0.5,BIM,0.3,15.163934426229508,6.0,0,56
engr0,S7,CW,0.5,BIM,0.3,15.163934426229508,6.0,0,56
engr0,BLU,CW,0.5,BIM,0.4,15.098360655737705,6.0,0,56
engr0,HTC,CW,0.5,BIM,0.4,15.098360655737705,6.0,0,56
engr0,LG,CW,0.5,BIM,0.4,15.098360655737705,6.0,0,56
engr0,MOTO,CW,0.5,BIM,0.4,15.098360655737705,6.0,0,56
engr0,OP3,CW,0.5,BIM,0.4,15.098360655737705,6.0,0,56
engr0,S7,CW,0.5,BIM,0.4,15.098360655737705,6.0,0,56
engr0,BLU,CW,0.5,BIM,0.5,15.098360655737705,6.0,0,56
engr0,HTC,CW,0.5,BIM,0.5,15.098360655737705,6.0,0,56
engr0,LG,CW,0.5,BIM,0.5,15.098360655737705,6.0,0,56
engr0,MOTO,CW,0.5,BIM,0.5,15.098360655737705,6.0,0,56
engr0,OP3,CW,0.5,BIM,0.5,15.098360655737705,6.0,0,56
engr0,S7,CW,0.5,BIM,0.5,15.098360655737705,6.0,0,56
engr0,BLU,CW,0.5,BIM,0.6,15.098360655737705,6.0,0,56
engr0,HTC,CW,0.5,BIM,0.6,15.098360655737705,6.0,0,56
engr0,LG,CW,0.5,BIM,0.6,15.098360655737705,6.0,0,56
engr0,MOTO,CW,0.5,BIM,0.6,15.098360655737705,6.0,0,56
engr0,OP3,CW,0.5,BIM,0.6,15.098360655737705,6.0,0,56
engr0,S7,CW,0.5,BIM,0.6,15.098360655737705,6.0,0,56
engr0,BLU,CW,0.5,BIM,0.7,15.098360655737705,6.0,0,56
engr0,HTC,CW,0.5,BIM,0.7,15.098360655737705,6.0,0,56
engr0,LG,CW,0.5,BIM,0.7,15.098360655737705,6.0,0,56
engr0,MOTO,CW,0.5,BIM,0.7,15.098360655737705,6.0,0,56
engr0,OP3,CW,0.5,BIM,0.7,15.098360655737705,6.0,0,56
engr0,S7,CW,0.5,BIM,0.7,15.098360655737705,6.0,0,56
engr0,BLU,CW,0.5,BIM,0.8,15.098360655737705,6.0,0,56
engr0,HTC,CW,0.5,BIM,0.8,15.098360655737705,6.0,0,56
engr0,LG,CW,0.5,BIM,0.8,15.098360655737705,6.0,0,56
engr0,MOTO,CW,0.5,BIM,0.8,15.098360655737705,6.0,0,56
engr0,OP3,CW,0.5,BIM,0.8,15.098360655737705,6.0,0,56
engr0,S7,CW,0.5,BIM,0.8,15.098360655737705,6.0,0,56
engr0,BLU,CW,0.5,BIM,0.9,15.098360655737705,6.0,0,56
engr0,HTC,CW,0.5,BIM,0.9,15.098360655737705,6.0,0,56
engr0,LG,CW,0.5,BIM,0.9,15.098360655737705,6.0,0,56
engr0,MOTO,CW,0.5,BIM,0.9,15.098360655737705,6.0,0,56
engr0,OP3,CW,0.5,BIM,0.9,15.098360655737705,6.0,0,56
engr0,S7,CW,0.5,BIM,0.9,15.098360655737705,6.0,0,56
engr0,BLU,CW,0.5,BIM,1.0,15.098360655737705,6.0,0,56
engr0,HTC,CW,0.5,BIM,1.0,15.098360655737705,6.0,0,56
engr0,LG,CW,0.5,BIM,1.0,15.098360655737705,6.0,0,56
engr0,MOTO,CW,0.5,BIM,1.0,15.098360655737705,6.0,0,56
engr0,OP3,CW,0.5,BIM,1.0,15.098360655737705,6.0,0,56
engr0,S7,CW,0.5,BIM,1.0,15.098360655737705,6.0,0,56
engr0,BLU,CW,0.6,BIM,0.1,9.147540983606557,5.0,0,45
engr0,HTC,CW,0.6,BIM,0.1,9.147540983606557,5.0,0,45
engr0,LG,CW,0.6,BIM,0.1,9.147540983606557,5.0,0,45
engr0,MOTO,CW,0.6,BIM,0.1,9.147540983606557,5.0,0,45
engr0,OP3,CW,0.6,BIM,0.1,9.147540983606557,5.0,0,45
engr0,S7,CW,0.6,BIM,0.1,9.147540983606557,5.0,0,45
engr0,BLU,CW,0.6,BIM,0.2,9.524590163934427,5.0,0,45
engr0,HTC,CW,0.6,BIM,0.2,9.524590163934427,5.0,0,45
engr0,LG,CW,0.6,BIM,0.2,9.524590163934427,5.0,0,45
engr0,MOTO,CW,0.6,BIM,0.2,9.524590163934427,5.0,0,45
engr0,OP3,CW,0.6,BIM,0.2,9.524590163934427,5.0,0,45
engr0,S7,CW,0.6,BIM,0.2,9.524590163934427,5.0,0,45
engr0,BLU,CW,0.6,BIM,0.3,10.770491803278688,6.0,0,54
engr0,HTC,CW,0.6,BIM,0.3,10.770491803278688,6.0,0,54
engr0,LG,CW,0.6,BIM,0.3,10.770491803278688,6.0,0,54
engr0,MOTO,CW,0.6,BIM,0.3,10.770491803278688,6.0,0,54
engr0,OP3,CW,0.6,BIM,0.3,10.770491803278688,6.0,0,54
engr0,S7,CW,0.6,BIM,0.3,10.770491803278688,6.0,0,54
engr0,BLU,CW,0.6,BIM,0.4,11.442622950819672,6.0,0,54
engr0,HTC,CW,0.6,BIM,0.4,11.442622950819672,6.0,0,54
engr0,LG,CW,0.6,BIM,0.4,11.442622950819672,6.0,0,54
engr0,MOTO,CW,0.6,BIM,0.4,11.442622950819672,6.0,0,54
engr0,OP3,CW,0.6,BIM,0.4,11.442622950819672,6.0,0,54
engr0,S7,CW,0.6,BIM,0.4,11.442622950819672,6.0,0,54
engr0,BLU,CW,0.6,BIM,0.5,11.442622950819672,6.0,0,54
engr0,HTC,CW,0.6,BIM,0.5,11.442622950819672,6.0,0,54
engr0,LG,CW,0.6,BIM,0.5,11.442622950819672,6.0,0,54
engr0,MOTO,CW,0.6,BIM,0.5,11.442622950819672,6.0,0,54
engr0,OP3,CW,0.6,BIM,0.5,11.442622950819672,6.0,0,54
engr0,S7,CW,0.6,BIM,0.5,11.442622950819672,6.0,0,54
engr0,BLU,CW,0.6,BIM,0.6,11.442622950819672,6.0,0,54
engr0,HTC,CW,0.6,BIM,0.6,11.442622950819672,6.0,0,54
engr0,LG,CW,0.6,BIM,0.6,11.442622950819672,6.0,0,54
engr0,MOTO,CW,0.6,BIM,0.6,11.442622950819672,6.0,0,54
engr0,OP3,CW,0.6,BIM,0.6,11.442622950819672,6.0,0,54
engr0,S7,CW,0.6,BIM,0.6,11.442622950819672,6.0,0,54
engr0,BLU,CW,0.6,BIM,0.7,11.442622950819672,6.0,0,54
engr0,HTC,CW,0.6,BIM,0.7,11.442622950819672,6.0,0,54
engr0,LG,CW,0.6,BIM,0.7,11.442622950819672,6.0,0,54
engr0,MOTO,CW,0.6,BIM,0.7,11.442622950819672,6.0,0,54
engr0,OP3,CW,0.6,BIM,0.7,11.442622950819672,6.0,0,54
engr0,S7,CW,0.6,BIM,0.7,11.442622950819672,6.0,0,54
engr0,BLU,CW,0.6,BIM,0.8,11.442622950819672,6.0,0,54
engr0,HTC,CW,0.6,BIM,0.8,11.442622950819672,6.0,0,54
engr0,LG,CW,0.6,BIM,0.8,11.442622950819672,6.0,0,54
engr0,MOTO,CW,0.6,BIM,0.8,11.442622950819672,6.0,0,54
engr0,OP3,CW,0.6,BIM,0.8,11.442622950819672,6.0,0,54
engr0,S7,CW,0.6,BIM,0.8,11.442622950819672,6.0,0,54
engr0,BLU,CW,0.6,BIM,0.9,11.442622950819672,6.0,0,54
engr0,HTC,CW,0.6,BIM,0.9,11.442622950819672,6.0,0,54
engr0,LG,CW,0.6,BIM,0.9,11.442622950819672,6.0,0,54
engr0,MOTO,CW,0.6,BIM,0.9,11.442622950819672,6.0,0,54
engr0,OP3,CW,0.6,BIM,0.9,11.442622950819672,6.0,0,54
engr0,S7,CW,0.6,BIM,0.9,11.442622950819672,6.0,0,54
engr0,BLU,CW,0.6,BIM,1.0,11.442622950819672,6.0,0,54
engr0,HTC,CW,0.6,BIM,1.0,11.442622950819672,6.0,0,54
engr0,LG,CW,0.6,BIM,1.0,11.442622950819672,6.0,0,54
engr0,MOTO,CW,0.6,BIM,1.0,11.442622950819672,6.0,0,54
engr0,OP3,CW,0.6,BIM,1.0,11.442622950819672,6.0,0,54
engr0,S7,CW,0.6,BIM,1.0,11.442622950819672,6.0,0,54
engr0,BLU,CW,0.7,BIM,0.1,8.163934426229508,4.0,0,35
engr0,HTC,CW,0.7,BIM,0.1,8.163934426229508,4.0,0,35
engr0,LG,CW,0.7,BIM,0.1,8.163934426229508,4.0,0,35
engr0,MOTO,CW,0.7,BIM,0.1,8.163934426229508,4.0,0,35
engr0,OP3,CW,0.7,BIM,0.1,8.163934426229508,4.0,0,35
engr0,S7,CW,0.7,BIM,0.1,8.163934426229508,4.0,0,35
engr0,BLU,CW,0.7,BIM,0.2,8.01639344262295,4.0,0,35
engr0,HTC,CW,0.7,BIM,0.2,8.01639344262295,4.0,0,35
engr0,LG,CW,0.7,BIM,0.2,8.01639344262295,4.0,0,35
engr0,MOTO,CW,0.7,BIM,0.2,8.01639344262295,4.0,0,35
engr0,OP3,CW,0.7,BIM,0.2,8.01639344262295,4.0,0,35
engr0,S7,CW,0.7,BIM,0.2,8.01639344262295,4.0,0,35
engr0,BLU,CW,0.7,BIM,0.3,8.065573770491802,4.0,0,37
engr0,HTC,CW,0.7,BIM,0.3,8.065573770491802,4.0,0,37
engr0,LG,CW,0.7,BIM,0.3,8.065573770491802,4.0,0,37
engr0,MOTO,CW,0.7,BIM,0.3,8.065573770491802,4.0,0,37
engr0,OP3,CW,0.7,BIM,0.3,8.065573770491802,4.0,0,37
engr0,S7,CW,0.7,BIM,0.3,8.065573770491802,4.0,0,37
engr0,BLU,CW,0.7,BIM,0.4,8.114754098360656,4.0,0,37
engr0,HTC,CW,0.7,BIM,0.4,8.114754098360656,4.0,0,37
engr0,LG,CW,0.7,BIM,0.4,8.114754098360656,4.0,0,37
engr0,MOTO,CW,0.7,BIM,0.4,8.114754098360656,4.0,0,37
engr0,OP3,CW,0.7,BIM,0.4,8.114754098360656,4.0,0,37
engr0,S7,CW,0.7,BIM,0.4,8.114754098360656,4.0,0,37
engr0,BLU,CW,0.7,BIM,0.5,8.114754098360656,4.0,0,37
engr0,HTC,CW,0.7,BIM,0.5,8.114754098360656,4.0,0,37
engr0,LG,CW,0.7,BIM,0.5,8.114754098360656,4.0,0,37
engr0,MOTO,CW,0.7,BIM,0.5,8.114754098360656,4.0,0,37
engr0,OP3,CW,0.7,BIM,0.5,8.114754098360656,4.0,0,37
engr0,S7,CW,0.7,BIM,0.5,8.114754098360656,4.0,0,37
engr0,BLU,CW,0.7,BIM,0.6,8.114754098360656,4.0,0,37
engr0,HTC,CW,0.7,BIM,0.6,8.114754098360656,4.0,0,37
engr0,LG,CW,0.7,BIM,0.6,8.114754098360656,4.0,0,37
engr0,MOTO,CW,0.7,BIM,0.6,8.114754098360656,4.0,0,37
engr0,OP3,CW,0.7,BIM,0.6,8.114754098360656,4.0,0,37
engr0,S7,CW,0.7,BIM,0.6,8.114754098360656,4.0,0,37
engr0,BLU,CW,0.7,BIM,0.7,8.114754098360656,4.0,0,37
engr0,HTC,CW,0.7,BIM,0.7,8.114754098360656,4.0,0,37
engr0,LG,CW,0.7,BIM,0.7,8.114754098360656,4.0,0,37
engr0,MOTO,CW,0.7,BIM,0.7,8.114754098360656,4.0,0,37
engr0,OP3,CW,0.7,BIM,0.7,8.114754098360656,4.0,0,37
engr0,S7,CW,0.7,BIM,0.7,8.114754098360656,4.0,0,37
engr0,BLU,CW,0.7,BIM,0.8,8.114754098360656,4.0,0,37
engr0,HTC,CW,0.7,BIM,0.8,8.114754098360656,4.0,0,37
engr0,LG,CW,0.7,BIM,0.8,8.114754098360656,4.0,0,37
engr0,MOTO,CW,0.7,BIM,0.8,8.114754098360656,4.0,0,37
engr0,OP3,CW,0.7,BIM,0.8,8.114754098360656,4.0,0,37
engr0,S7,CW,0.7,BIM,0.8,8.114754098360656,4.0,0,37
engr0,BLU,CW,0.7,BIM,0.9,8.114754098360656,4.0,0,37
engr0,HTC,CW,0.7,BIM,0.9,8.114754098360656,4.0,0,37
engr0,LG,CW,0.7,BIM,0.9,8.114754098360656,4.0,0,37
engr0,MOTO,CW,0.7,BIM,0.9,8.114754098360656,4.0,0,37
engr0,OP3,CW,0.7,BIM,0.9,8.114754098360656,4.0,0,37
engr0,S7,CW,0.7,BIM,0.9,8.114754098360656,4.0,0,37
engr0,BLU,CW,0.7,BIM,1.0,8.114754098360656,4.0,0,37
engr0,HTC,CW,0.7,BIM,1.0,8.114754098360656,4.0,0,37
engr0,LG,CW,0.7,BIM,1.0,8.114754098360656,4.0,0,37
engr0,MOTO,CW,0.7,BIM,1.0,8.114754098360656,4.0,0,37
engr0,OP3,CW,0.7,BIM,1.0,8.114754098360656,4.0,0,37
engr0,S7,CW,0.7,BIM,1.0,8.114754098360656,4.0,0,37
engr0,BLU,CW,0.8,BIM,0.1,8.40983606557377,4.0,0,43
engr0,HTC,CW,0.8,BIM,0.1,8.40983606557377,4.0,0,43
engr0,LG,CW,0.8,BIM,0.1,8.40983606557377,4.0,0,43
engr0,MOTO,CW,0.8,BIM,0.1,8.40983606557377,4.0,0,43
engr0,OP3,CW,0.8,BIM,0.1,8.40983606557377,4.0,0,43
engr0,S7,CW,0.8,BIM,0.1,8.40983606557377,4.0,0,43
engr0,BLU,CW,0.8,BIM,0.2,7.557377049180328,4.0,0,35
engr0,HTC,CW,0.8,BIM,0.2,7.557377049180328,4.0,0,35
engr0,LG,CW,0.8,BIM,0.2,7.557377049180328,4.0,0,35
engr0,MOTO,CW,0.8,BIM,0.2,7.557377049180328,4.0,0,35
engr0,OP3,CW,0.8,BIM,0.2,7.557377049180328,4.0,0,35
engr0,S7,CW,0.8,BIM,0.2,7.557377049180328,4.0,0,35
engr0,BLU,CW,0.8,BIM,0.3,7.721311475409836,4.0,0,35
engr0,HTC,CW,0.8,BIM,0.3,7.721311475409836,4.0,0,35
engr0,LG,CW,0.8,BIM,0.3,7.721311475409836,4.0,0,35
engr0,MOTO,CW,0.8,BIM,0.3,7.721311475409836,4.0,0,35
engr0,OP3,CW,0.8,BIM,0.3,7.721311475409836,4.0,0,35
engr0,S7,CW,0.8,BIM,0.3,7.721311475409836,4.0,0,35
engr0,BLU,CW,0.8,BIM,0.4,7.672131147540983,4.0,0,35
engr0,HTC,CW,0.8,BIM,0.4,7.672131147540983,4.0,0,35
engr0,LG,CW,0.8,BIM,0.4,7.672131147540983,4.0,0,35
engr0,MOTO,CW,0.8,BIM,0.4,7.672131147540983,4.0,0,35
engr0,OP3,CW,0.8,BIM,0.4,7.672131147540983,4.0,0,35
engr0,S7,CW,0.8,BIM,0.4,7.672131147540983,4.0,0,35
engr0,BLU,CW,0.8,BIM,0.5,7.672131147540983,4.0,0,35
engr0,HTC,CW,0.8,BIM,0.5,7.672131147540983,4.0,0,35
engr0,LG,CW,0.8,BIM,0.5,7.672131147540983,4.0,0,35
engr0,MOTO,CW,0.8,BIM,0.5,7.672131147540983,4.0,0,35
engr0,OP3,CW,0.8,BIM,0.5,7.672131147540983,4.0,0,35
engr0,S7,CW,0.8,BIM,0.5,7.672131147540983,4.0,0,35
engr0,BLU,CW,0.8,BIM,0.6,7.672131147540983,4.0,0,35
engr0,HTC,CW,0.8,BIM,0.6,7.672131147540983,4.0,0,35
engr0,LG,CW,0.8,BIM,0.6,7.672131147540983,4.0,0,35
engr0,MOTO,CW,0.8,BIM,0.6,7.672131147540983,4.0,0,35
engr0,OP3,CW,0.8,BIM,0.6,7.672131147540983,4.0,0,35
engr0,S7,CW,0.8,BIM,0.6,7.672131147540983,4.0,0,35
engr0,BLU,CW,0.8,BIM,0.7,7.672131147540983,4.0,0,35
engr0,HTC,CW,0.8,BIM,0.7,7.672131147540983,4.0,0,35
engr0,LG,CW,0.8,BIM,0.7,7.672131147540983,4.0,0,35
engr0,MOTO,CW,0.8,BIM,0.7,7.672131147540983,4.0,0,35
engr0,OP3,CW,0.8,BIM,0.7,7.672131147540983,4.0,0,35
engr0,S7,CW,0.8,BIM,0.7,7.672131147540983,4.0,0,35
engr0,BLU,CW,0.8,BIM,0.8,7.672131147540983,4.0,0,35
engr0,HTC,CW,0.8,BIM,0.8,7.672131147540983,4.0,0,35
engr0,LG,CW,0.8,BIM,0.8,7.672131147540983,4.0,0,35
engr0,MOTO,CW,0.8,BIM,0.8,7.672131147540983,4.0,0,35
engr0,OP3,CW,0.8,BIM,0.8,7.672131147540983,4.0,0,35
engr0,S7,CW,0.8,BIM,0.8,7.672131147540983,4.0,0,35
engr0,BLU,CW,0.8,BIM,0.9,7.672131147540983,4.0,0,35
engr0,HTC,CW,0.8,BIM,0.9,7.672131147540983,4.0,0,35
engr0,LG,CW,0.8,BIM,0.9,7.672131147540983,4.0,0,35
engr0,MOTO,CW,0.8,BIM,0.9,7.672131147540983,4.0,0,35
engr0,OP3,CW,0.8,BIM,0.9,7.672131147540983,4.0,0,35
engr0,S7,CW,0.8,BIM,0.9,7.672131147540983,4.0,0,35
engr0,BLU,CW,0.8,BIM,1.0,7.672131147540983,4.0,0,35
engr0,HTC,CW,0.8,BIM,1.0,7.672131147540983,4.0,0,35
engr0,LG,CW,0.8,BIM,1.0,7.672131147540983,4.0,0,35
engr0,MOTO,CW,0.8,BIM,1.0,7.672131147540983,4.0,0,35
engr0,OP3,CW,0.8,BIM,1.0,7.672131147540983,4.0,0,35
engr0,S7,CW,0.8,BIM,1.0,7.672131147540983,4.0,0,35
engr0,BLU,CW,0.9,BIM,0.1,8.163934426229508,4.0,0,49
engr0,HTC,CW,0.9,BIM,0.1,8.163934426229508,4.0,0,49
engr0,LG,CW,0.9,BIM,0.1,8.163934426229508,4.0,0,49
engr0,MOTO,CW,0.9,BIM,0.1,8.163934426229508,4.0,0,49
engr0,OP3,CW,0.9,BIM,0.1,8.163934426229508,4.0,0,49
engr0,S7,CW,0.9,BIM,0.1,8.163934426229508,4.0,0,49
engr0,BLU,CW,0.9,BIM,0.2,8.426229508196721,4.0,0,49
engr0,HTC,CW,0.9,BIM,0.2,8.426229508196721,4.0,0,49
engr0,LG,CW,0.9,BIM,0.2,8.426229508196721,4.0,0,49
engr0,MOTO,CW,0.9,BIM,0.2,8.426229508196721,4.0,0,49
engr0,OP3,CW,0.9,BIM,0.2,8.426229508196721,4.0,0,49
engr0,S7,CW,0.9,BIM,0.2,8.426229508196721,4.0,0,49
engr0,BLU,CW,0.9,BIM,0.3,9.19672131147541,4.0,0,49
engr0,HTC,CW,0.9,BIM,0.3,9.19672131147541,4.0,0,49
engr0,LG,CW,0.9,BIM,0.3,9.19672131147541,4.0,0,49
engr0,MOTO,CW,0.9,BIM,0.3,9.19672131147541,4.0,0,49
engr0,OP3,CW,0.9,BIM,0.3,9.19672131147541,4.0,0,49
engr0,S7,CW,0.9,BIM,0.3,9.19672131147541,4.0,0,49
engr0,BLU,CW,0.9,BIM,0.4,9.918032786885245,4.0,0,53
engr0,HTC,CW,0.9,BIM,0.4,9.918032786885245,4.0,0,53
engr0,LG,CW,0.9,BIM,0.4,9.918032786885245,4.0,0,53
engr0,MOTO,CW,0.9,BIM,0.4,9.918032786885245,4.0,0,53
engr0,OP3,CW,0.9,BIM,0.4,9.918032786885245,4.0,0,53
engr0,S7,CW,0.9,BIM,0.4,9.918032786885245,4.0,0,53
engr0,BLU,CW,0.9,BIM,0.5,9.918032786885245,4.0,0,53
engr0,HTC,CW,0.9,BIM,0.5,9.918032786885245,4.0,0,53
engr0,LG,CW,0.9,BIM,0.5,9.918032786885245,4.0,0,53
engr0,MOTO,CW,0.9,BIM,0.5,9.918032786885245,4.0,0,53
engr0,OP3,CW,0.9,BIM,0.5,9.918032786885245,4.0,0,53
engr0,S7,CW,0.9,BIM,0.5,9.918032786885245,4.0,0,53
engr0,BLU,CW,0.9,BIM,0.6,9.918032786885245,4.0,0,53
engr0,HTC,CW,0.9,BIM,0.6,9.918032786885245,4.0,0,53
engr0,LG,CW,0.9,BIM,0.6,9.918032786885245,4.0,0,53
engr0,MOTO,CW,0.9,BIM,0.6,9.918032786885245,4.0,0,53
engr0,OP3,CW,0.9,BIM,0.6,9.918032786885245,4.0,0,53
engr0,S7,CW,0.9,BIM,0.6,9.918032786885245,4.0,0,53
engr0,BLU,CW,0.9,BIM,0.7,9.918032786885245,4.0,0,53
engr0,HTC,CW,0.9,BIM,0.7,9.918032786885245,4.0,0,53
engr0,LG,CW,0.9,BIM,0.7,9.918032786885245,4.0,0,53
engr0,MOTO,CW,0.9,BIM,0.7,9.918032786885245,4.0,0,53
engr0,OP3,CW,0.9,BIM,0.7,9.918032786885245,4.0,0,53
engr0,S7,CW,0.9,BIM,0.7,9.918032786885245,4.0,0,53
engr0,BLU,CW,0.9,BIM,0.8,9.918032786885245,4.0,0,53
engr0,HTC,CW,0.9,BIM,0.8,9.918032786885245,4.0,0,53
engr0,LG,CW,0.9,BIM,0.8,9.918032786885245,4.0,0,53
engr0,MOTO,CW,0.9,BIM,0.8,9.918032786885245,4.0,0,53
engr0,OP3,CW,0.9,BIM,0.8,9.918032786885245,4.0,0,53
engr0,S7,CW,0.9,BIM,0.8,9.918032786885245,4.0,0,53
engr0,BLU,CW,0.9,BIM,0.9,9.918032786885245,4.0,0,53
engr0,HTC,CW,0.9,BIM,0.9,9.918032786885245,4.0,0,53
engr0,LG,CW,0.9,BIM,0.9,9.918032786885245,4.0,0,53
engr0,MOTO,CW,0.9,BIM,0.9,9.918032786885245,4.0,0,53
engr0,OP3,CW,0.9,BIM,0.9,9.918032786885245,4.0,0,53
engr0,S7,CW,0.9,BIM,0.9,9.918032786885245,4.0,0,53
engr0,BLU,CW,0.9,BIM,1.0,9.918032786885245,4.0,0,53
engr0,HTC,CW,0.9,BIM,1.0,9.918032786885245,4.0,0,53
engr0,LG,CW,0.9,BIM,1.0,9.918032786885245,4.0,0,53
engr0,MOTO,CW,0.9,BIM,1.0,9.918032786885245,4.0,0,53
engr0,OP3,CW,0.9,BIM,1.0,9.918032786885245,4.0,0,53
engr0,S7,CW,0.9,BIM,1.0,9.918032786885245,4.0,0,53
engr0,BLU,CW,1.0,BIM,0.1,6.754098360655738,4.0,0,32
engr0,HTC,CW,1.0,BIM,0.1,6.754098360655738,4.0,0,32
engr0,LG,CW,1.0,BIM,0.1,6.754098360655738,4.0,0,32
engr0,MOTO,CW,1.0,BIM,0.1,6.754098360655738,4.0,0,32
engr0,OP3,CW,1.0,BIM,0.1,6.754098360655738,4.0,0,32
engr0,S7,CW,1.0,BIM,0.1,6.754098360655738,4.0,0,32
engr0,BLU,CW,1.0,BIM,0.2,6.836065573770492,4.0,0,43
engr0,HTC,CW,1.0,BIM,0.2,6.836065573770492,4.0,0,43
engr0,LG,CW,1.0,BIM,0.2,6.836065573770492,4.0,0,43
engr0,MOTO,CW,1.0,BIM,0.2,6.836065573770492,4.0,0,43
engr0,OP3,CW,1.0,BIM,0.2,6.836065573770492,4.0,0,43
engr0,S7,CW,1.0,BIM,0.2,6.836065573770492,4.0,0,43
engr0,BLU,CW,1.0,BIM,0.3,7.786885245901639,4.0,0,45
engr0,HTC,CW,1.0,BIM,0.3,7.786885245901639,4.0,0,45
engr0,LG,CW,1.0,BIM,0.3,7.786885245901639,4.0,0,45
engr0,MOTO,CW,1.0,BIM,0.3,7.786885245901639,4.0,0,45
engr0,OP3,CW,1.0,BIM,0.3,7.786885245901639,4.0,0,45
engr0,S7,CW,1.0,BIM,0.3,7.786885245901639,4.0,0,45
engr0,BLU,CW,1.0,BIM,0.4,8.459016393442623,4.0,0,47
engr0,HTC,CW,1.0,BIM,0.4,8.459016393442623,4.0,0,47
engr0,LG,CW,1.0,BIM,0.4,8.459016393442623,4.0,0,47
engr0,MOTO,CW,1.0,BIM,0.4,8.459016393442623,4.0,0,47
engr0,OP3,CW,1.0,BIM,0.4,8.459016393442623,4.0,0,47
engr0,S7,CW,1.0,BIM,0.4,8.459016393442623,4.0,0,47
engr0,BLU,CW,1.0,BIM,0.5,8.459016393442623,4.0,0,47
engr0,HTC,CW,1.0,BIM,0.5,8.459016393442623,4.0,0,47
engr0,LG,CW,1.0,BIM,0.5,8.459016393442623,4.0,0,47
engr0,MOTO,CW,1.0,BIM,0.5,8.459016393442623,4.0,0,47
engr0,OP3,CW,1.0,BIM,0.5,8.459016393442623,4.0,0,47
engr0,S7,CW,1.0,BIM,0.5,8.459016393442623,4.0,0,47
engr0,BLU,CW,1.0,BIM,0.6,8.459016393442623,4.0,0,47
engr0,HTC,CW,1.0,BIM,0.6,8.459016393442623,4.0,0,47
engr0,LG,CW,1.0,BIM,0.6,8.459016393442623,4.0,0,47
engr0,MOTO,CW,1.0,BIM,0.6,8.459016393442623,4.0,0,47
engr0,OP3,CW,1.0,BIM,0.6,8.459016393442623,4.0,0,47
engr0,S7,CW,1.0,BIM,0.6,8.459016393442623,4.0,0,47
engr0,BLU,CW,1.0,BIM,0.7,8.459016393442623,4.0,0,47
engr0,HTC,CW,1.0,BIM,0.7,8.459016393442623,4.0,0,47
engr0,LG,CW,1.0,BIM,0.7,8.459016393442623,4.0,0,47
engr0,MOTO,CW,1.0,BIM,0.7,8.459016393442623,4.0,0,47
engr0,OP3,CW,1.0,BIM,0.7,8.459016393442623,4.0,0,47
engr0,S7,CW,1.0,BIM,0.7,8.459016393442623,4.0,0,47
engr0,BLU,CW,1.0,BIM,0.8,8.459016393442623,4.0,0,47
engr0,HTC,CW,1.0,BIM,0.8,8.459016393442623,4.0,0,47
engr0,LG,CW,1.0,BIM,0.8,8.459016393442623,4.0,0,47
engr0,MOTO,CW,1.0,BIM,0.8,8.459016393442623,4.0,0,47
engr0,OP3,CW,1.0,BIM,0.8,8.459016393442623,4.0,0,47
engr0,S7,CW,1.0,BIM,0.8,8.459016393442623,4.0,0,47
engr0,BLU,CW,1.0,BIM,0.9,8.459016393442623,4.0,0,47
engr0,HTC,CW,1.0,BIM,0.9,8.459016393442623,4.0,0,47
engr0,LG,CW,1.0,BIM,0.9,8.459016393442623,4.0,0,47
engr0,MOTO,CW,1.0,BIM,0.9,8.459016393442623,4.0,0,47
engr0,OP3,CW,1.0,BIM,0.9,8.459016393442623,4.0,0,47
engr0,S7,CW,1.0,BIM,0.9,8.459016393442623,4.0,0,47
engr0,BLU,CW,1.0,BIM,1.0,8.459016393442623,4.0,0,47
engr0,HTC,CW,1.0,BIM,1.0,8.459016393442623,4.0,0,47
engr0,LG,CW,1.0,BIM,1.0,8.459016393442623,4.0,0,47
engr0,MOTO,CW,1.0,BIM,1.0,8.459016393442623,4.0,0,47
engr0,OP3,CW,1.0,BIM,1.0,8.459016393442623,4.0,0,47
engr0,S7,CW,1.0,BIM,1.0,8.459016393442623,4.0,0,47
engr0,BLU,ORIGINAL,0.1,CW,0.1,2.0655737704918034,1.0,0,28
engr0,HTC,ORIGINAL,0.1,CW,0.1,2.0655737704918034,1.0,0,28
engr0,LG,ORIGINAL,0.1,CW,0.1,2.0655737704918034,1.0,0,28
engr0,MOTO,ORIGINAL,0.1,CW,0.1,2.0655737704918034,1.0,0,28
engr0,OP3,ORIGINAL,0.1,CW,0.1,2.0655737704918034,1.0,0,28
engr0,S7,ORIGINAL,0.1,CW,0.1,2.0655737704918034,1.0,0,28
engr0,BLU,ORIGINAL,0.1,CW,0.2,2.0655737704918034,1.0,0,28
engr0,HTC,ORIGINAL,0.1,CW,0.2,2.0655737704918034,1.0,0,28
engr0,LG,ORIGINAL,0.1,CW,0.2,2.0655737704918034,1.0,0,28
engr0,MOTO,ORIGINAL,0.1,CW,0.2,2.0655737704918034,1.0,0,28
engr0,OP3,ORIGINAL,0.1,CW,0.2,2.0655737704918034,1.0,0,28
engr0,S7,ORIGINAL,0.1,CW,0.2,2.0655737704918034,1.0,0,28
engr0,BLU,ORIGINAL,0.1,CW,0.3,2.0655737704918034,1.0,0,28
engr0,HTC,ORIGINAL,0.1,CW,0.3,2.0655737704918034,1.0,0,28
engr0,LG,ORIGINAL,0.1,CW,0.3,2.0655737704918034,1.0,0,28
engr0,MOTO,ORIGINAL,0.1,CW,0.3,2.0655737704918034,1.0,0,28
engr0,OP3,ORIGINAL,0.1,CW,0.3,2.0655737704918034,1.0,0,28
engr0,S7,ORIGINAL,0.1,CW,0.3,2.0655737704918034,1.0,0,28
engr0,BLU,ORIGINAL,0.1,CW,0.4,2.0655737704918034,1.0,0,28
engr0,HTC,ORIGINAL,0.1,CW,0.4,2.0655737704918034,1.0,0,28
engr0,LG,ORIGINAL,0.1,CW,0.4,2.0655737704918034,1.0,0,28
engr0,MOTO,ORIGINAL,0.1,CW,0.4,2.0655737704918034,1.0,0,28
engr0,OP3,ORIGINAL,0.1,CW,0.4,2.0655737704918034,1.0,0,28
engr0,S7,ORIGINAL,0.1,CW,0.4,2.0655737704918034,1.0,0,28
engr0,BLU,ORIGINAL,0.1,CW,0.5,2.0655737704918034,1.0,0,28
engr0,HTC,ORIGINAL,0.1,CW,0.5,2.0655737704918034,1.0,0,28
engr0,LG,ORIGINAL,0.1,CW,0.5,2.0655737704918034,1.0,0,28
engr0,MOTO,ORIGINAL,0.1,CW,0.5,2.0655737704918034,1.0,0,28
engr0,OP3,ORIGINAL,0.1,CW,0.5,2.0655737704918034,1.0,0,28
engr0,S7,ORIGINAL,0.1,CW,0.5,2.0655737704918034,1.0,0,28
engr0,BLU,ORIGINAL,0.1,CW,0.6,2.0655737704918034,1.0,0,28
engr0,HTC,ORIGINAL,0.1,CW,0.6,2.0655737704918034,1.0,0,28
engr0,LG,ORIGINAL,0.1,CW,0.6,2.0655737704918034,1.0,0,28
engr0,MOTO,ORIGINAL,0.1,CW,0.6,2.0655737704918034,1.0,0,28
engr0,OP3,ORIGINAL,0.1,CW,0.6,2.0655737704918034,1.0,0,28
engr0,S7,ORIGINAL,0.1,CW,0.6,2.0655737704918034,1.0,0,28
engr0,BLU,ORIGINAL,0.1,CW,0.7,2.0655737704918034,1.0,0,28
engr0,HTC,ORIGINAL,0.1,CW,0.7,2.0655737704918034,1.0,0,28
engr0,LG,ORIGINAL,0.1,CW,0.7,2.0655737704918034,1.0,0,28
engr0,MOTO,ORIGINAL,0.1,CW,0.7,2.0655737704918034,1.0,0,28
engr0,OP3,ORIGINAL,0.1,CW,0.7,2.0655737704918034,1.0,0,28
engr0,S7,ORIGINAL,0.1,CW,0.7,2.0655737704918034,1.0,0,28
engr0,BLU,ORIGINAL,0.1,CW,0.8,2.0655737704918034,1.0,0,28
engr0,HTC,ORIGINAL,0.1,CW,0.8,2.0655737704918034,1.0,0,28
engr0,LG,ORIGINAL,0.1,CW,0.8,2.0655737704918034,1.0,0,28
engr0,MOTO,ORIGINAL,0.1,CW,0.8,2.0655737704918034,1.0,0,28
engr0,OP3,ORIGINAL,0.1,CW,0.8,2.0655737704918034,1.0,0,28
engr0,S7,ORIGINAL,0.1,CW,0.8,2.0655737704918034,1.0,0,28
engr0,BLU,ORIGINAL,0.1,CW,0.9,2.0655737704918034,1.0,0,28
engr0,HTC,ORIGINAL,0.1,CW,0.9,2.0655737704918034,1.0,0,28
engr0,LG,ORIGINAL,0.1,CW,0.9,2.0655737704918034,1.0,0,28
engr0,MOTO,ORIGINAL,0.1,CW,0.9,2.0655737704918034,1.0,0,28
engr0,OP3,ORIGINAL,0.1,CW,0.9,2.0655737704918034,1.0,0,28
engr0,S7,ORIGINAL,0.1,CW,0.9,2.0655737704918034,1.0,0,28
engr0,BLU,ORIGINAL,0.1,CW,1.0,2.0655737704918034,1.0,0,28
engr0,HTC,ORIGINAL,0.1,CW,1.0,2.0655737704918034,1.0,0,28
engr0,LG,ORIGINAL,0.1,CW,1.0,2.0655737704918034,1.0,0,28
engr0,MOTO,ORIGINAL,0.1,CW,1.0,2.0655737704918034,1.0,0,28
engr0,OP3,ORIGINAL,0.1,CW,1.0,2.0655737704918034,1.0,0,28
engr0,S7,ORIGINAL,0.1,CW,1.0,2.0655737704918034,1.0,0,28
engr0,BLU,SAE,0.1,CW,0.1,0.5737704918032787,0.0,0,3
engr0,HTC,SAE,0.1,CW,0.1,0.5737704918032787,0.0,0,3
engr0,LG,SAE,0.1,CW,0.1,0.5737704918032787,0.0,0,3
engr0,MOTO,SAE,0.1,CW,0.1,0.5737704918032787,0.0,0,3
engr0,OP3,SAE,0.1,CW,0.1,0.5737704918032787,0.0,0,3
engr0,S7,SAE,0.1,CW,0.1,0.5737704918032787,0.0,0,3
engr0,BLU,SAE,0.1,CW,0.2,0.5737704918032787,0.0,0,3
engr0,HTC,SAE,0.1,CW,0.2,0.5737704918032787,0.0,0,3
engr0,LG,SAE,0.1,CW,0.2,0.5737704918032787,0.0,0,3
engr0,MOTO,SAE,0.1,CW,0.2,0.5737704918032787,0.0,0,3
engr0,OP3,SAE,0.1,CW,0.2,0.5737704918032787,0.0,0,3
engr0,S7,SAE,0.1,CW,0.2,0.5737704918032787,0.0,0,3
engr0,BLU,SAE,0.1,CW,0.3,0.5737704918032787,0.0,0,3
engr0,HTC,SAE,0.1,CW,0.3,0.5737704918032787,0.0,0,3
engr0,LG,SAE,0.1,CW,0.3,0.5737704918032787,0.0,0,3
engr0,MOTO,SAE,0.1,CW,0.3,0.5737704918032787,0.0,0,3
engr0,OP3,SAE,0.1,CW,0.3,0.5737704918032787,0.0,0,3
engr0,S7,SAE,0.1,CW,0.3,0.5737704918032787,0.0,0,3
engr0,BLU,SAE,0.1,CW,0.4,0.5737704918032787,0.0,0,3
engr0,HTC,SAE,0.1,CW,0.4,0.5737704918032787,0.0,0,3
engr0,LG,SAE,0.1,CW,0.4,0.5737704918032787,0.0,0,3
engr0,MOTO,SAE,0.1,CW,0.4,0.5737704918032787,0.0,0,3
engr0,OP3,SAE,0.1,CW,0.4,0.5737704918032787,0.0,0,3
engr0,S7,SAE,0.1,CW,0.4,0.5737704918032787,0.0,0,3
engr0,BLU,SAE,0.1,CW,0.5,0.5737704918032787,0.0,0,3
engr0,HTC,SAE,0.1,CW,0.5,0.5737704918032787,0.0,0,3
engr0,LG,SAE,0.1,CW,0.5,0.5737704918032787,0.0,0,3
engr0,MOTO,SAE,0.1,CW,0.5,0.5737704918032787,0.0,0,3
engr0,OP3,SAE,0.1,CW,0.5,0.5737704918032787,0.0,0,3
engr0,S7,SAE,0.1,CW,0.5,0.5737704918032787,0.0,0,3
engr0,BLU,SAE,0.1,CW,0.6,0.5737704918032787,0.0,0,3
engr0,HTC,SAE,0.1,CW,0.6,0.5737704918032787,0.0,0,3
engr0,LG,SAE,0.1,CW,0.6,0.5737704918032787,0.0,0,3
engr0,MOTO,SAE,0.1,CW,0.6,0.5737704918032787,0.0,0,3
engr0,OP3,SAE,0.1,CW,0.6,0.5737704918032787,0.0,0,3
engr0,S7,SAE,0.1,CW,0.6,0.5737704918032787,0.0,0,3
engr0,BLU,SAE,0.1,CW,0.7,0.5737704918032787,0.0,0,3
engr0,HTC,SAE,0.1,CW,0.7,0.5737704918032787,0.0,0,3
engr0,LG,SAE,0.1,CW,0.7,0.5737704918032787,0.0,0,3
engr0,MOTO,SAE,0.1,CW,0.7,0.5737704918032787,0.0,0,3
engr0,OP3,SAE,0.1,CW,0.7,0.5737704918032787,0.0,0,3
engr0,S7,SAE,0.1,CW,0.7,0.5737704918032787,0.0,0,3
engr0,BLU,SAE,0.1,CW,0.8,0.5737704918032787,0.0,0,3
engr0,HTC,SAE,0.1,CW,0.8,0.5737704918032787,0.0,0,3
engr0,LG,SAE,0.1,CW,0.8,0.5737704918032787,0.0,0,3
engr0,MOTO,SAE,0.1,CW,0.8,0.5737704918032787,0.0,0,3
engr0,OP3,SAE,0.1,CW,0.8,0.5737704918032787,0.0,0,3
engr0,S7,SAE,0.1,CW,0.8,0.5737704918032787,0.0,0,3
engr0,BLU,SAE,0.1,CW,0.9,0.5737704918032787,0.0,0,3
engr0,HTC,SAE,0.1,CW,0.9,0.5737704918032787,0.0,0,3
engr0,LG,SAE,0.1,CW,0.9,0.5737704918032787,0.0,0,3
engr0,MOTO,SAE,0.1,CW,0.9,0.5737704918032787,0.0,0,3
engr0,OP3,SAE,0.1,CW,0.9,0.5737704918032787,0.0,0,3
engr0,S7,SAE,0.1,CW,0.9,0.5737704918032787,0.0,0,3
engr0,BLU,SAE,0.1,CW,1.0,0.5737704918032787,0.0,0,3
engr0,HTC,SAE,0.1,CW,1.0,0.5737704918032787,0.0,0,3
engr0,LG,SAE,0.1,CW,1.0,0.5737704918032787,0.0,0,3
engr0,MOTO,SAE,0.1,CW,1.0,0.5737704918032787,0.0,0,3
engr0,OP3,SAE,0.1,CW,1.0,0.5737704918032787,0.0,0,3
engr0,S7,SAE,0.1,CW,1.0,0.5737704918032787,0.0,0,3
engr0,BLU,STACKED_SAE,0.1,CW,0.1,1.0327868852459017,1.0,0,8
engr0,HTC,STACKED_SAE,0.1,CW,0.1,1.0327868852459017,1.0,0,8
engr0,LG,STACKED_SAE,0.1,CW,0.1,1.0327868852459017,1.0,0,8
engr0,MOTO,STACKED_SAE,0.1,CW,0.1,1.0327868852459017,1.0,0,8
engr0,OP3,STACKED_SAE,0.1,CW,0.1,1.0327868852459017,1.0,0,8
engr0,S7,STACKED_SAE,0.1,CW,0.1,1.0327868852459017,1.0,0,8
engr0,BLU,STACKED_SAE,0.1,CW,0.2,1.0327868852459017,1.0,0,8
engr0,HTC,STACKED_SAE,0.1,CW,0.2,1.0327868852459017,1.0,0,8
engr0,LG,STACKED_SAE,0.1,CW,0.2,1.0327868852459017,1.0,0,8
engr0,MOTO,STACKED_SAE,0.1,CW,0.2,1.0327868852459017,1.0,0,8
engr0,OP3,STACKED_SAE,0.1,CW,0.2,1.0327868852459017,1.0,0,8
engr0,S7,STACKED_SAE,0.1,CW,0.2,1.0327868852459017,1.0,0,8
engr0,BLU,STACKED_SAE,0.1,CW,0.3,1.0327868852459017,1.0,0,8
engr0,HTC,STACKED_SAE,0.1,CW,0.3,1.0327868852459017,1.0,0,8
engr0,LG,STACKED_SAE,0.1,CW,0.3,1.0327868852459017,1.0,0,8
engr0,MOTO,STACKED_SAE,0.1,CW,0.3,1.0327868852459017,1.0,0,8
engr0,OP3,STACKED_SAE,0.1,CW,0.3,1.0327868852459017,1.0,0,8
engr0,S7,STACKED_SAE,0.1,CW,0.3,1.0327868852459017,1.0,0,8
engr0,BLU,STACKED_SAE,0.1,CW,0.4,1.0327868852459017,1.0,0,8
engr0,HTC,STACKED_SAE,0.1,CW,0.4,1.0327868852459017,1.0,0,8
engr0,LG,STACKED_SAE,0.1,CW,0.4,1.0327868852459017,1.0,0,8
engr0,MOTO,STACKED_SAE,0.1,CW,0.4,1.0327868852459017,1.0,0,8
engr0,OP3,STACKED_SAE,0.1,CW,0.4,1.0327868852459017,1.0,0,8
engr0,S7,STACKED_SAE,0.1,CW,0.4,1.0327868852459017,1.0,0,8
engr0,BLU,STACKED_SAE,0.1,CW,0.5,1.0327868852459017,1.0,0,8
engr0,HTC,STACKED_SAE,0.1,CW,0.5,1.0327868852459017,1.0,0,8
engr0,LG,STACKED_SAE,0.1,CW,0.5,1.0327868852459017,1.0,0,8
engr0,MOTO,STACKED_SAE,0.1,CW,0.5,1.0327868852459017,1.0,0,8
engr0,OP3,STACKED_SAE,0.1,CW,0.5,1.0327868852459017,1.0,0,8
engr0,S7,STACKED_SAE,0.1,CW,0.5,1.0327868852459017,1.0,0,8
engr0,BLU,STACKED_SAE,0.1,CW,0.6,1.0327868852459017,1.0,0,8
engr0,HTC,STACKED_SAE,0.1,CW,0.6,1.0327868852459017,1.0,0,8
engr0,LG,STACKED_SAE,0.1,CW,0.6,1.0327868852459017,1.0,0,8
engr0,MOTO,STACKED_SAE,0.1,CW,0.6,1.0327868852459017,1.0,0,8
engr0,OP3,STACKED_SAE,0.1,CW,0.6,1.0327868852459017,1.0,0,8
engr0,S7,STACKED_SAE,0.1,CW,0.6,1.0327868852459017,1.0,0,8
engr0,BLU,STACKED_SAE,0.1,CW,0.7,1.0327868852459017,1.0,0,8
engr0,HTC,STACKED_SAE,0.1,CW,0.7,1.0327868852459017,1.0,0,8
engr0,LG,STACKED_SAE,0.1,CW,0.7,1.0327868852459017,1.0,0,8
engr0,MOTO,STACKED_SAE,0.1,CW,0.7,1.0327868852459017,1.0,0,8
engr0,OP3,STACKED_SAE,0.1,CW,0.7,1.0327868852459017,1.0,0,8
engr0,S7,STACKED_SAE,0.1,CW,0.7,1.0327868852459017,1.0,0,8
engr0,BLU,STACKED_SAE,0.1,CW,0.8,1.0327868852459017,1.0,0,8
engr0,HTC,STACKED_SAE,0.1,CW,0.8,1.0327868852459017,1.0,0,8
engr0,LG,STACKED_SAE,0.1,CW,0.8,1.0327868852459017,1.0,0,8
engr0,MOTO,STACKED_SAE,0.1,CW,0.8,1.0327868852459017,1.0,0,8
engr0,OP3,STACKED_SAE,0.1,CW,0.8,1.0327868852459017,1.0,0,8
engr0,S7,STACKED_SAE,0.1,CW,0.8,1.0327868852459017,1.0,0,8
engr0,BLU,STACKED_SAE,0.1,CW,0.9,1.0327868852459017,1.0,0,8
engr0,HTC,STACKED_SAE,0.1,CW,0.9,1.0327868852459017,1.0,0,8
engr0,LG,STACKED_SAE,0.1,CW,0.9,1.0327868852459017,1.0,0,8
engr0,MOTO,STACKED_SAE,0.1,CW,0.9,1.0327868852459017,1.0,0,8
engr0,OP3,STACKED_SAE,0.1,CW,0.9,1.0327868852459017,1.0,0,8
engr0,S7,STACKED_SAE,0.1,CW,0.9,1.0327868852459017,1.0,0,8
engr0,BLU,STACKED_SAE,0.1,CW,1.0,1.0327868852459017,1.0,0,8
engr0,HTC,STACKED_SAE,0.1,CW,1.0,1.0327868852459017,1.0,0,8
engr0,LG,STACKED_SAE,0.1,CW,1.0,1.0327868852459017,1.0,0,8
engr0,MOTO,STACKED_SAE,0.1,CW,1.0,1.0327868852459017,1.0,0,8
engr0,OP3,STACKED_SAE,0.1,CW,1.0,1.0327868852459017,1.0,0,8
engr0,S7,STACKED_SAE,0.1,CW,1.0,1.0327868852459017,1.0,0,8
engr0,BLU,GAN,0.1,CW,0.1,0.8688524590163934,1.0,0,5
engr0,HTC,GAN,0.1,CW,0.1,0.8688524590163934,1.0,0,5
engr0,LG,GAN,0.1,CW,0.1,0.8688524590163934,1.0,0,5
engr0,MOTO,GAN,0.1,CW,0.1,0.8688524590163934,1.0,0,5
engr0,OP3,GAN,0.1,CW,0.1,0.8688524590163934,1.0,0,5
engr0,S7,GAN,0.1,CW,0.1,0.8688524590163934,1.0,0,5
engr0,BLU,GAN,0.1,CW,0.2,0.8688524590163934,1.0,0,5
engr0,HTC,GAN,0.1,CW,0.2,0.8688524590163934,1.0,0,5
engr0,LG,GAN,0.1,CW,0.2,0.8688524590163934,1.0,0,5
engr0,MOTO,GAN,0.1,CW,0.2,0.8688524590163934,1.0,0,5
engr0,OP3,GAN,0.1,CW,0.2,0.8688524590163934,1.0,0,5
engr0,S7,GAN,0.1,CW,0.2,0.8688524590163934,1.0,0,5
engr0,BLU,GAN,0.1,CW,0.3,0.8688524590163934,1.0,0,5
engr0,HTC,GAN,0.1,CW,0.3,0.8688524590163934,1.0,0,5
engr0,LG,GAN,0.1,CW,0.3,0.8688524590163934,1.0,0,5
engr0,MOTO,GAN,0.1,CW,0.3,0.8688524590163934,1.0,0,5
engr0,OP3,GAN,0.1,CW,0.3,0.8688524590163934,1.0,0,5
engr0,S7,GAN,0.1,CW,0.3,0.8688524590163934,1.0,0,5
engr0,BLU,GAN,0.1,CW,0.4,0.8688524590163934,1.0,0,5
engr0,HTC,GAN,0.1,CW,0.4,0.8688524590163934,1.0,0,5
engr0,LG,GAN,0.1,CW,0.4,0.8688524590163934,1.0,0,5
engr0,MOTO,GAN,0.1,CW,0.4,0.8688524590163934,1.0,0,5
engr0,OP3,GAN,0.1,CW,0.4,0.8688524590163934,1.0,0,5
engr0,S7,GAN,0.1,CW,0.4,0.8688524590163934,1.0,0,5
engr0,BLU,GAN,0.1,CW,0.5,0.8688524590163934,1.0,0,5
engr0,HTC,GAN,0.1,CW,0.5,0.8688524590163934,1.0,0,5
engr0,LG,GAN,0.1,CW,0.5,0.8688524590163934,1.0,0,5
engr0,MOTO,GAN,0.1,CW,0.5,0.8688524590163934,1.0,0,5
engr0,OP3,GAN,0.1,CW,0.5,0.8688524590163934,1.0,0,5
engr0,S7,GAN,0.1,CW,0.5,0.8688524590163934,1.0,0,5
engr0,BLU,GAN,0.1,CW,0.6,0.8688524590163934,1.0,0,5
engr0,HTC,GAN,0.1,CW,0.6,0.8688524590163934,1.0,0,5
engr0,LG,GAN,0.1,CW,0.6,0.8688524590163934,1.0,0,5
engr0,MOTO,GAN,0.1,CW,0.6,0.8688524590163934,1.0,0,5
engr0,OP3,GAN,0.1,CW,0.6,0.8688524590163934,1.0,0,5
engr0,S7,GAN,0.1,CW,0.6,0.8688524590163934,1.0,0,5
engr0,BLU,GAN,0.1,CW,0.7,0.8688524590163934,1.0,0,5
engr0,HTC,GAN,0.1,CW,0.7,0.8688524590163934,1.0,0,5
engr0,LG,GAN,0.1,CW,0.7,0.8688524590163934,1.0,0,5
engr0,MOTO,GAN,0.1,CW,0.7,0.8688524590163934,1.0,0,5
engr0,OP3,GAN,0.1,CW,0.7,0.8688524590163934,1.0,0,5
engr0,S7,GAN,0.1,CW,0.7,0.8688524590163934,1.0,0,5
engr0,BLU,GAN,0.1,CW,0.8,0.8688524590163934,1.0,0,5
engr0,HTC,GAN,0.1,CW,0.8,0.8688524590163934,1.0,0,5
engr0,LG,GAN,0.1,CW,0.8,0.8688524590163934,1.0,0,5
engr0,MOTO,GAN,0.1,CW,0.8,0.8688524590163934,1.0,0,5
engr0,OP3,GAN,0.1,CW,0.8,0.8688524590163934,1.0,0,5
engr0,S7,GAN,0.1,CW,0.8,0.8688524590163934,1.0,0,5
engr0,BLU,GAN,0.1,CW,0.9,0.8688524590163934,1.0,0,5
engr0,HTC,GAN,0.1,CW,0.9,0.8688524590163934,1.0,0,5
engr0,LG,GAN,0.1,CW,0.9,0.8688524590163934,1.0,0,5
engr0,MOTO,GAN,0.1,CW,0.9,0.8688524590163934,1.0,0,5
engr0,OP3,GAN,0.1,CW,0.9,0.8688524590163934,1.0,0,5
engr0,S7,GAN,0.1,CW,0.9,0.8688524590163934,1.0,0,5
engr0,BLU,GAN,0.1,CW,1.0,0.8688524590163934,1.0,0,5
engr0,HTC,GAN,0.1,CW,1.0,0.8688524590163934,1.0,0,5
engr0,LG,GAN,0.1,CW,1.0,0.8688524590163934,1.0,0,5
engr0,MOTO,GAN,0.1,CW,1.0,0.8688524590163934,1.0,0,5
engr0,OP3,GAN,0.1,CW,1.0,0.8688524590163934,1.0,0,5
engr0,S7,GAN,0.1,CW,1.0,0.8688524590163934,1.0,0,5
engr0,BLU,FGSM,0.1,CW,0.1,0.6065573770491803,0.0,0,4
engr0,HTC,FGSM,0.1,CW,0.1,0.6065573770491803,0.0,0,4
engr0,LG,FGSM,0.1,CW,0.1,0.6065573770491803,0.0,0,4
engr0,MOTO,FGSM,0.1,CW,0.1,0.6065573770491803,0.0,0,4
engr0,OP3,FGSM,0.1,CW,0.1,0.6065573770491803,0.0,0,4
engr0,S7,FGSM,0.1,CW,0.1,0.6065573770491803,0.0,0,4
engr0,BLU,FGSM,0.1,CW,0.2,0.6065573770491803,0.0,0,4
engr0,HTC,FGSM,0.1,CW,0.2,0.6065573770491803,0.0,0,4
engr0,LG,FGSM,0.1,CW,0.2,0.6065573770491803,0.0,0,4
engr0,MOTO,FGSM,0.1,CW,0.2,0.6065573770491803,0.0,0,4
engr0,OP3,FGSM,0.1,CW,0.2,0.6065573770491803,0.0,0,4
engr0,S7,FGSM,0.1,CW,0.2,0.6065573770491803,0.0,0,4
engr0,BLU,FGSM,0.1,CW,0.3,0.6065573770491803,0.0,0,4
engr0,HTC,FGSM,0.1,CW,0.3,0.6065573770491803,0.0,0,4
engr0,LG,FGSM,0.1,CW,0.3,0.6065573770491803,0.0,0,4
engr0,MOTO,FGSM,0.1,CW,0.3,0.6065573770491803,0.0,0,4
engr0,OP3,FGSM,0.1,CW,0.3,0.6065573770491803,0.0,0,4
engr0,S7,FGSM,0.1,CW,0.3,0.6065573770491803,0.0,0,4
engr0,BLU,FGSM,0.1,CW,0.4,0.6065573770491803,0.0,0,4
engr0,HTC,FGSM,0.1,CW,0.4,0.6065573770491803,0.0,0,4
engr0,LG,FGSM,0.1,CW,0.4,0.6065573770491803,0.0,0,4
engr0,MOTO,FGSM,0.1,CW,0.4,0.6065573770491803,0.0,0,4
engr0,OP3,FGSM,0.1,CW,0.4,0.6065573770491803,0.0,0,4
engr0,S7,FGSM,0.1,CW,0.4,0.6065573770491803,0.0,0,4
engr0,BLU,FGSM,0.1,CW,0.5,0.6065573770491803,0.0,0,4
engr0,HTC,FGSM,0.1,CW,0.5,0.6065573770491803,0.0,0,4
engr0,LG,FGSM,0.1,CW,0.5,0.6065573770491803,0.0,0,4
engr0,MOTO,FGSM,0.1,CW,0.5,0.6065573770491803,0.0,0,4
engr0,OP3,FGSM,0.1,CW,0.5,0.6065573770491803,0.0,0,4
engr0,S7,FGSM,0.1,CW,0.5,0.6065573770491803,0.0,0,4
engr0,BLU,FGSM,0.1,CW,0.6,0.6065573770491803,0.0,0,4
engr0,HTC,FGSM,0.1,CW,0.6,0.6065573770491803,0.0,0,4
engr0,LG,FGSM,0.1,CW,0.6,0.6065573770491803,0.0,0,4
engr0,MOTO,FGSM,0.1,CW,0.6,0.6065573770491803,0.0,0,4
engr0,OP3,FGSM,0.1,CW,0.6,0.6065573770491803,0.0,0,4
engr0,S7,FGSM,0.1,CW,0.6,0.6065573770491803,0.0,0,4
engr0,BLU,FGSM,0.1,CW,0.7,0.6065573770491803,0.0,0,4
engr0,HTC,FGSM,0.1,CW,0.7,0.6065573770491803,0.0,0,4
engr0,LG,FGSM,0.1,CW,0.7,0.6065573770491803,0.0,0,4
engr0,MOTO,FGSM,0.1,CW,0.7,0.6065573770491803,0.0,0,4
engr0,OP3,FGSM,0.1,CW,0.7,0.6065573770491803,0.0,0,4
engr0,S7,FGSM,0.1,CW,0.7,0.6065573770491803,0.0,0,4
engr0,BLU,FGSM,0.1,CW,0.8,0.6065573770491803,0.0,0,4
engr0,HTC,FGSM,0.1,CW,0.8,0.6065573770491803,0.0,0,4
engr0,LG,FGSM,0.1,CW,0.8,0.6065573770491803,0.0,0,4
engr0,MOTO,FGSM,0.1,CW,0.8,0.6065573770491803,0.0,0,4
engr0,OP3,FGSM,0.1,CW,0.8,0.6065573770491803,0.0,0,4
engr0,S7,FGSM,0.1,CW,0.8,0.6065573770491803,0.0,0,4
engr0,BLU,FGSM,0.1,CW,0.9,0.6065573770491803,0.0,0,4
engr0,HTC,FGSM,0.1,CW,0.9,0.6065573770491803,0.0,0,4
engr0,LG,FGSM,0.1,CW,0.9,0.6065573770491803,0.0,0,4
engr0,MOTO,FGSM,0.1,CW,0.9,0.6065573770491803,0.0,0,4
engr0,OP3,FGSM,0.1,CW,0.9,0.6065573770491803,0.0,0,4
engr0,S7,FGSM,0.1,CW,0.9,0.6065573770491803,0.0,0,4
engr0,BLU,FGSM,0.1,CW,1.0,0.6065573770491803,0.0,0,4
engr0,HTC,FGSM,0.1,CW,1.0,0.6065573770491803,0.0,0,4
engr0,LG,FGSM,0.1,CW,1.0,0.6065573770491803,0.0,0,4
engr0,MOTO,FGSM,0.1,CW,1.0,0.6065573770491803,0.0,0,4
engr0,OP3,FGSM,0.1,CW,1.0,0.6065573770491803,0.0,0,4
engr0,S7,FGSM,0.1,CW,1.0,0.6065573770491803,0.0,0,4
engr0,BLU,FGSM,0.2,CW,0.1,1.360655737704918,0.0,0,20
engr0,HTC,FGSM,0.2,CW,0.1,1.360655737704918,0.0,0,20
engr0,LG,FGSM,0.2,CW,0.1,1.360655737704918,0.0,0,20
engr0,MOTO,FGSM,0.2,CW,0.1,1.360655737704918,0.0,0,20
engr0,OP3,FGSM,0.2,CW,0.1,1.360655737704918,0.0,0,20
engr0,S7,FGSM,0.2,CW,0.1,1.360655737704918,0.0,0,20
engr0,BLU,FGSM,0.2,CW,0.2,1.360655737704918,0.0,0,20
engr0,HTC,FGSM,0.2,CW,0.2,1.360655737704918,0.0,0,20
engr0,LG,FGSM,0.2,CW,0.2,1.360655737704918,0.0,0,20
engr0,MOTO,FGSM,0.2,CW,0.2,1.360655737704918,0.0,0,20
engr0,OP3,FGSM,0.2,CW,0.2,1.360655737704918,0.0,0,20
engr0,S7,FGSM,0.2,CW,0.2,1.360655737704918,0.0,0,20
engr0,BLU,FGSM,0.2,CW,0.3,1.360655737704918,0.0,0,20
engr0,HTC,FGSM,0.2,CW,0.3,1.360655737704918,0.0,0,20
engr0,LG,FGSM,0.2,CW,0.3,1.360655737704918,0.0,0,20
engr0,MOTO,FGSM,0.2,CW,0.3,1.360655737704918,0.0,0,20
engr0,OP3,FGSM,0.2,CW,0.3,1.360655737704918,0.0,0,20
engr0,S7,FGSM,0.2,CW,0.3,1.360655737704918,0.0,0,20
engr0,BLU,FGSM,0.2,CW,0.4,1.360655737704918,0.0,0,20
engr0,HTC,FGSM,0.2,CW,0.4,1.360655737704918,0.0,0,20
engr0,LG,FGSM,0.2,CW,0.4,1.360655737704918,0.0,0,20
engr0,MOTO,FGSM,0.2,CW,0.4,1.360655737704918,0.0,0,20
engr0,OP3,FGSM,0.2,CW,0.4,1.360655737704918,0.0,0,20
engr0,S7,FGSM,0.2,CW,0.4,1.360655737704918,0.0,0,20
engr0,BLU,FGSM,0.2,CW,0.5,1.360655737704918,0.0,0,20
engr0,HTC,FGSM,0.2,CW,0.5,1.360655737704918,0.0,0,20
engr0,LG,FGSM,0.2,CW,0.5,1.360655737704918,0.0,0,20
engr0,MOTO,FGSM,0.2,CW,0.5,1.360655737704918,0.0,0,20
engr0,OP3,FGSM,0.2,CW,0.5,1.360655737704918,0.0,0,20
engr0,S7,FGSM,0.2,CW,0.5,1.360655737704918,0.0,0,20
engr0,BLU,FGSM,0.2,CW,0.6,1.360655737704918,0.0,0,20
engr0,HTC,FGSM,0.2,CW,0.6,1.360655737704918,0.0,0,20
engr0,LG,FGSM,0.2,CW,0.6,1.360655737704918,0.0,0,20
engr0,MOTO,FGSM,0.2,CW,0.6,1.360655737704918,0.0,0,20
engr0,OP3,FGSM,0.2,CW,0.6,1.360655737704918,0.0,0,20
engr0,S7,FGSM,0.2,CW,0.6,1.360655737704918,0.0,0,20
engr0,BLU,FGSM,0.2,CW,0.7,1.360655737704918,0.0,0,20
engr0,HTC,FGSM,0.2,CW,0.7,1.360655737704918,0.0,0,20
engr0,LG,FGSM,0.2,CW,0.7,1.360655737704918,0.0,0,20
engr0,MOTO,FGSM,0.2,CW,0.7,1.360655737704918,0.0,0,20
engr0,OP3,FGSM,0.2,CW,0.7,1.360655737704918,0.0,0,20
engr0,S7,FGSM,0.2,CW,0.7,1.360655737704918,0.0,0,20
engr0,BLU,FGSM,0.2,CW,0.8,1.360655737704918,0.0,0,20
engr0,HTC,FGSM,0.2,CW,0.8,1.360655737704918,0.0,0,20
engr0,LG,FGSM,0.2,CW,0.8,1.360655737704918,0.0,0,20
engr0,MOTO,FGSM,0.2,CW,0.8,1.360655737704918,0.0,0,20
engr0,OP3,FGSM,0.2,CW,0.8,1.360655737704918,0.0,0,20
engr0,S7,FGSM,0.2,CW,0.8,1.360655737704918,0.0,0,20
engr0,BLU,FGSM,0.2,CW,0.9,1.360655737704918,0.0,0,20
engr0,HTC,FGSM,0.2,CW,0.9,1.360655737704918,0.0,0,20
engr0,LG,FGSM,0.2,CW,0.9,1.360655737704918,0.0,0,20
engr0,MOTO,FGSM,0.2,CW,0.9,1.360655737704918,0.0,0,20
engr0,OP3,FGSM,0.2,CW,0.9,1.360655737704918,0.0,0,20
engr0,S7,FGSM,0.2,CW,0.9,1.360655737704918,0.0,0,20
engr0,BLU,FGSM,0.2,CW,1.0,1.360655737704918,0.0,0,20
engr0,HTC,FGSM,0.2,CW,1.0,1.360655737704918,0.0,0,20
engr0,LG,FGSM,0.2,CW,1.0,1.360655737704918,0.0,0,20
engr0,MOTO,FGSM,0.2,CW,1.0,1.360655737704918,0.0,0,20
engr0,OP3,FGSM,0.2,CW,1.0,1.360655737704918,0.0,0,20
engr0,S7,FGSM,0.2,CW,1.0,1.360655737704918,0.0,0,20
engr0,BLU,FGSM,0.3,CW,0.1,0.7868852459016393,0.0,0,4
engr0,HTC,FGSM,0.3,CW,0.1,0.7868852459016393,0.0,0,4
engr0,LG,FGSM,0.3,CW,0.1,0.7868852459016393,0.0,0,4
engr0,MOTO,FGSM,0.3,CW,0.1,0.7868852459016393,0.0,0,4
engr0,OP3,FGSM,0.3,CW,0.1,0.7868852459016393,0.0,0,4
engr0,S7,FGSM,0.3,CW,0.1,0.7868852459016393,0.0,0,4
engr0,BLU,FGSM,0.3,CW,0.2,0.7868852459016393,0.0,0,4
engr0,HTC,FGSM,0.3,CW,0.2,0.7868852459016393,0.0,0,4
engr0,LG,FGSM,0.3,CW,0.2,0.7868852459016393,0.0,0,4
engr0,MOTO,FGSM,0.3,CW,0.2,0.7868852459016393,0.0,0,4
engr0,OP3,FGSM,0.3,CW,0.2,0.7868852459016393,0.0,0,4
engr0,S7,FGSM,0.3,CW,0.2,0.7868852459016393,0.0,0,4
engr0,BLU,FGSM,0.3,CW,0.3,0.7868852459016393,0.0,0,4
engr0,HTC,FGSM,0.3,CW,0.3,0.7868852459016393,0.0,0,4
engr0,LG,FGSM,0.3,CW,0.3,0.7868852459016393,0.0,0,4
engr0,MOTO,FGSM,0.3,CW,0.3,0.7868852459016393,0.0,0,4
engr0,OP3,FGSM,0.3,CW,0.3,0.7868852459016393,0.0,0,4
engr0,S7,FGSM,0.3,CW,0.3,0.7868852459016393,0.0,0,4
engr0,BLU,FGSM,0.3,CW,0.4,0.7868852459016393,0.0,0,4
engr0,HTC,FGSM,0.3,CW,0.4,0.7868852459016393,0.0,0,4
engr0,LG,FGSM,0.3,CW,0.4,0.7868852459016393,0.0,0,4
engr0,MOTO,FGSM,0.3,CW,0.4,0.7868852459016393,0.0,0,4
engr0,OP3,FGSM,0.3,CW,0.4,0.7868852459016393,0.0,0,4
engr0,S7,FGSM,0.3,CW,0.4,0.7868852459016393,0.0,0,4
engr0,BLU,FGSM,0.3,CW,0.5,0.7868852459016393,0.0,0,4
engr0,HTC,FGSM,0.3,CW,0.5,0.7868852459016393,0.0,0,4
engr0,LG,FGSM,0.3,CW,0.5,0.7868852459016393,0.0,0,4
engr0,MOTO,FGSM,0.3,CW,0.5,0.7868852459016393,0.0,0,4
engr0,OP3,FGSM,0.3,CW,0.5,0.7868852459016393,0.0,0,4
engr0,S7,FGSM,0.3,CW,0.5,0.7868852459016393,0.0,0,4
engr0,BLU,FGSM,0.3,CW,0.6,0.7868852459016393,0.0,0,4
engr0,HTC,FGSM,0.3,CW,0.6,0.7868852459016393,0.0,0,4
engr0,LG,FGSM,0.3,CW,0.6,0.7868852459016393,0.0,0,4
engr0,MOTO,FGSM,0.3,CW,0.6,0.7868852459016393,0.0,0,4
engr0,OP3,FGSM,0.3,CW,0.6,0.7868852459016393,0.0,0,4
engr0,S7,FGSM,0.3,CW,0.6,0.7868852459016393,0.0,0,4
engr0,BLU,FGSM,0.3,CW,0.7,0.7868852459016393,0.0,0,4
engr0,HTC,FGSM,0.3,CW,0.7,0.7868852459016393,0.0,0,4
engr0,LG,FGSM,0.3,CW,0.7,0.7868852459016393,0.0,0,4
engr0,MOTO,FGSM,0.3,CW,0.7,0.7868852459016393,0.0,0,4
engr0,OP3,FGSM,0.3,CW,0.7,0.7868852459016393,0.0,0,4
engr0,S7,FGSM,0.3,CW,0.7,0.7868852459016393,0.0,0,4
engr0,BLU,FGSM,0.3,CW,0.8,0.7868852459016393,0.0,0,4
engr0,HTC,FGSM,0.3,CW,0.8,0.7868852459016393,0.0,0,4
engr0,LG,FGSM,0.3,CW,0.8,0.7868852459016393,0.0,0,4
engr0,MOTO,FGSM,0.3,CW,0.8,0.7868852459016393,0.0,0,4
engr0,OP3,FGSM,0.3,CW,0.8,0.7868852459016393,0.0,0,4
engr0,S7,FGSM,0.3,CW,0.8,0.7868852459016393,0.0,0,4
engr0,BLU,FGSM,0.3,CW,0.9,0.7868852459016393,0.0,0,4
engr0,HTC,FGSM,0.3,CW,0.9,0.7868852459016393,0.0,0,4
engr0,LG,FGSM,0.3,CW,0.9,0.7868852459016393,0.0,0,4
engr0,MOTO,FGSM,0.3,CW,0.9,0.7868852459016393,0.0,0,4
engr0,OP3,FGSM,0.3,CW,0.9,0.7868852459016393,0.0,0,4
engr0,S7,FGSM,0.3,CW,0.9,0.7868852459016393,0.0,0,4
engr0,BLU,FGSM,0.3,CW,1.0,0.7868852459016393,0.0,0,4
engr0,HTC,FGSM,0.3,CW,1.0,0.7868852459016393,0.0,0,4
engr0,LG,FGSM,0.3,CW,1.0,0.7868852459016393,0.0,0,4
engr0,MOTO,FGSM,0.3,CW,1.0,0.7868852459016393,0.0,0,4
engr0,OP3,FGSM,0.3,CW,1.0,0.7868852459016393,0.0,0,4
engr0,S7,FGSM,0.3,CW,1.0,0.7868852459016393,0.0,0,4
engr0,BLU,FGSM,0.4,CW,0.1,0.7213114754098361,0.0,0,5
engr0,HTC,FGSM,0.4,CW,0.1,0.7213114754098361,0.0,0,5
engr0,LG,FGSM,0.4,CW,0.1,0.7213114754098361,0.0,0,5
engr0,MOTO,FGSM,0.4,CW,0.1,0.7213114754098361,0.0,0,5
engr0,OP3,FGSM,0.4,CW,0.1,0.7213114754098361,0.0,0,5
engr0,S7,FGSM,0.4,CW,0.1,0.7213114754098361,0.0,0,5
engr0,BLU,FGSM,0.4,CW,0.2,0.7213114754098361,0.0,0,5
engr0,HTC,FGSM,0.4,CW,0.2,0.7213114754098361,0.0,0,5
engr0,LG,FGSM,0.4,CW,0.2,0.7213114754098361,0.0,0,5
engr0,MOTO,FGSM,0.4,CW,0.2,0.7213114754098361,0.0,0,5
engr0,OP3,FGSM,0.4,CW,0.2,0.7213114754098361,0.0,0,5
engr0,S7,FGSM,0.4,CW,0.2,0.7213114754098361,0.0,0,5
engr0,BLU,FGSM,0.4,CW,0.3,0.7213114754098361,0.0,0,5
engr0,HTC,FGSM,0.4,CW,0.3,0.7213114754098361,0.0,0,5
engr0,LG,FGSM,0.4,CW,0.3,0.7213114754098361,0.0,0,5
engr0,MOTO,FGSM,0.4,CW,0.3,0.7213114754098361,0.0,0,5
engr0,OP3,FGSM,0.4,CW,0.3,0.7213114754098361,0.0,0,5
engr0,S7,FGSM,0.4,CW,0.3,0.7213114754098361,0.0,0,5
engr0,BLU,FGSM,0.4,CW,0.4,0.7213114754098361,0.0,0,5
engr0,HTC,FGSM,0.4,CW,0.4,0.7213114754098361,0.0,0,5
engr0,LG,FGSM,0.4,CW,0.4,0.7213114754098361,0.0,0,5
engr0,MOTO,FGSM,0.4,CW,0.4,0.7213114754098361,0.0,0,5
engr0,OP3,FGSM,0.4,CW,0.4,0.7213114754098361,0.0,0,5
engr0,S7,FGSM,0.4,CW,0.4,0.7213114754098361,0.0,0,5
engr0,BLU,FGSM,0.4,CW,0.5,0.7213114754098361,0.0,0,5
engr0,HTC,FGSM,0.4,CW,0.5,0.7213114754098361,0.0,0,5
engr0,LG,FGSM,0.4,CW,0.5,0.7213114754098361,0.0,0,5
engr0,MOTO,FGSM,0.4,CW,0.5,0.7213114754098361,0.0,0,5
engr0,OP3,FGSM,0.4,CW,0.5,0.7213114754098361,0.0,0,5
engr0,S7,FGSM,0.4,CW,0.5,0.7213114754098361,0.0,0,5
engr0,BLU,FGSM,0.4,CW,0.6,0.7213114754098361,0.0,0,5
engr0,HTC,FGSM,0.4,CW,0.6,0.7213114754098361,0.0,0,5
engr0,LG,FGSM,0.4,CW,0.6,0.7213114754098361,0.0,0,5
engr0,MOTO,FGSM,0.4,CW,0.6,0.7213114754098361,0.0,0,5
engr0,OP3,FGSM,0.4,CW,0.6,0.7213114754098361,0.0,0,5
engr0,S7,FGSM,0.4,CW,0.6,0.7213114754098361,0.0,0,5
engr0,BLU,FGSM,0.4,CW,0.7,0.7213114754098361,0.0,0,5
engr0,HTC,FGSM,0.4,CW,0.7,0.7213114754098361,0.0,0,5
engr0,LG,FGSM,0.4,CW,0.7,0.7213114754098361,0.0,0,5
engr0,MOTO,FGSM,0.4,CW,0.7,0.7213114754098361,0.0,0,5
engr0,OP3,FGSM,0.4,CW,0.7,0.7213114754098361,0.0,0,5
engr0,S7,FGSM,0.4,CW,0.7,0.7213114754098361,0.0,0,5
engr0,BLU,FGSM,0.4,CW,0.8,0.7213114754098361,0.0,0,5
engr0,HTC,FGSM,0.4,CW,0.8,0.7213114754098361,0.0,0,5
engr0,LG,FGSM,0.4,CW,0.8,0.7213114754098361,0.0,0,5
engr0,MOTO,FGSM,0.4,CW,0.8,0.7213114754098361,0.0,0,5
engr0,OP3,FGSM,0.4,CW,0.8,0.7213114754098361,0.0,0,5
engr0,S7,FGSM,0.4,CW,0.8,0.7213114754098361,0.0,0,5
engr0,BLU,FGSM,0.4,CW,0.9,0.7213114754098361,0.0,0,5
engr0,HTC,FGSM,0.4,CW,0.9,0.7213114754098361,0.0,0,5
engr0,LG,FGSM,0.4,CW,0.9,0.7213114754098361,0.0,0,5
engr0,MOTO,FGSM,0.4,CW,0.9,0.7213114754098361,0.0,0,5
engr0,OP3,FGSM,0.4,CW,0.9,0.7213114754098361,0.0,0,5
engr0,S7,FGSM,0.4,CW,0.9,0.7213114754098361,0.0,0,5
engr0,BLU,FGSM,0.4,CW,1.0,0.7213114754098361,0.0,0,5
engr0,HTC,FGSM,0.4,CW,1.0,0.7213114754098361,0.0,0,5
engr0,LG,FGSM,0.4,CW,1.0,0.7213114754098361,0.0,0,5
engr0,MOTO,FGSM,0.4,CW,1.0,0.7213114754098361,0.0,0,5
engr0,OP3,FGSM,0.4,CW,1.0,0.7213114754098361,0.0,0,5
engr0,S7,FGSM,0.4,CW,1.0,0.7213114754098361,0.0,0,5
engr0,BLU,FGSM,0.5,CW,0.1,0.5409836065573771,0.0,0,4
engr0,HTC,FGSM,0.5,CW,0.1,0.5409836065573771,0.0,0,4
engr0,LG,FGSM,0.5,CW,0.1,0.5409836065573771,0.0,0,4
engr0,MOTO,FGSM,0.5,CW,0.1,0.5409836065573771,0.0,0,4
engr0,OP3,FGSM,0.5,CW,0.1,0.5409836065573771,0.0,0,4
engr0,S7,FGSM,0.5,CW,0.1,0.5409836065573771,0.0,0,4
engr0,BLU,FGSM,0.5,CW,0.2,0.5409836065573771,0.0,0,4
engr0,HTC,FGSM,0.5,CW,0.2,0.5409836065573771,0.0,0,4
engr0,LG,FGSM,0.5,CW,0.2,0.5409836065573771,0.0,0,4
engr0,MOTO,FGSM,0.5,CW,0.2,0.5409836065573771,0.0,0,4
engr0,OP3,FGSM,0.5,CW,0.2,0.5409836065573771,0.0,0,4
engr0,S7,FGSM,0.5,CW,0.2,0.5409836065573771,0.0,0,4
engr0,BLU,FGSM,0.5,CW,0.3,0.5409836065573771,0.0,0,4
engr0,HTC,FGSM,0.5,CW,0.3,0.5409836065573771,0.0,0,4
engr0,LG,FGSM,0.5,CW,0.3,0.5409836065573771,0.0,0,4
engr0,MOTO,FGSM,0.5,CW,0.3,0.5409836065573771,0.0,0,4
engr0,OP3,FGSM,0.5,CW,0.3,0.5409836065573771,0.0,0,4
engr0,S7,FGSM,0.5,CW,0.3,0.5409836065573771,0.0,0,4
engr0,BLU,FGSM,0.5,CW,0.4,0.5409836065573771,0.0,0,4
engr0,HTC,FGSM,0.5,CW,0.4,0.5409836065573771,0.0,0,4
engr0,LG,FGSM,0.5,CW,0.4,0.5409836065573771,0.0,0,4
engr0,MOTO,FGSM,0.5,CW,0.4,0.5409836065573771,0.0,0,4
engr0,OP3,FGSM,0.5,CW,0.4,0.5409836065573771,0.0,0,4
engr0,S7,FGSM,0.5,CW,0.4,0.5409836065573771,0.0,0,4
engr0,BLU,FGSM,0.5,CW,0.5,0.5409836065573771,0.0,0,4
engr0,HTC,FGSM,0.5,CW,0.5,0.5409836065573771,0.0,0,4
engr0,LG,FGSM,0.5,CW,0.5,0.5409836065573771,0.0,0,4
engr0,MOTO,FGSM,0.5,CW,0.5,0.5409836065573771,0.0,0,4
engr0,OP3,FGSM,0.5,CW,0.5,0.5409836065573771,0.0,0,4
engr0,S7,FGSM,0.5,CW,0.5,0.5409836065573771,0.0,0,4
engr0,BLU,FGSM,0.5,CW,0.6,0.5409836065573771,0.0,0,4
engr0,HTC,FGSM,0.5,CW,0.6,0.5409836065573771,0.0,0,4
engr0,LG,FGSM,0.5,CW,0.6,0.5409836065573771,0.0,0,4
engr0,MOTO,FGSM,0.5,CW,0.6,0.5409836065573771,0.0,0,4
engr0,OP3,FGSM,0.5,CW,0.6,0.5409836065573771,0.0,0,4
engr0,S7,FGSM,0.5,CW,0.6,0.5409836065573771,0.0,0,4
engr0,BLU,FGSM,0.5,CW,0.7,0.5409836065573771,0.0,0,4
engr0,HTC,FGSM,0.5,CW,0.7,0.5409836065573771,0.0,0,4
engr0,LG,FGSM,0.5,CW,0.7,0.5409836065573771,0.0,0,4
engr0,MOTO,FGSM,0.5,CW,0.7,0.5409836065573771,0.0,0,4
engr0,OP3,FGSM,0.5,CW,0.7,0.5409836065573771,0.0,0,4
engr0,S7,FGSM,0.5,CW,0.7,0.5409836065573771,0.0,0,4
engr0,BLU,FGSM,0.5,CW,0.8,0.5409836065573771,0.0,0,4
engr0,HTC,FGSM,0.5,CW,0.8,0.5409836065573771,0.0,0,4
engr0,LG,FGSM,0.5,CW,0.8,0.5409836065573771,0.0,0,4
engr0,MOTO,FGSM,0.5,CW,0.8,0.5409836065573771,0.0,0,4
engr0,OP3,FGSM,0.5,CW,0.8,0.5409836065573771,0.0,0,4
engr0,S7,FGSM,0.5,CW,0.8,0.5409836065573771,0.0,0,4
engr0,BLU,FGSM,0.5,CW,0.9,0.5409836065573771,0.0,0,4
engr0,HTC,FGSM,0.5,CW,0.9,0.5409836065573771,0.0,0,4
engr0,LG,FGSM,0.5,CW,0.9,0.5409836065573771,0.0,0,4
engr0,MOTO,FGSM,0.5,CW,0.9,0.5409836065573771,0.0,0,4
engr0,OP3,FGSM,0.5,CW,0.9,0.5409836065573771,0.0,0,4
engr0,S7,FGSM,0.5,CW,0.9,0.5409836065573771,0.0,0,4
engr0,BLU,FGSM,0.5,CW,1.0,0.5409836065573771,0.0,0,4
engr0,HTC,FGSM,0.5,CW,1.0,0.5409836065573771,0.0,0,4
engr0,LG,FGSM,0.5,CW,1.0,0.5409836065573771,0.0,0,4
engr0,MOTO,FGSM,0.5,CW,1.0,0.5409836065573771,0.0,0,4
engr0,OP3,FGSM,0.5,CW,1.0,0.5409836065573771,0.0,0,4
engr0,S7,FGSM,0.5,CW,1.0,0.5409836065573771,0.0,0,4
engr0,BLU,FGSM,0.6,CW,0.1,0.7540983606557377,0.0,0,6
engr0,HTC,FGSM,0.6,CW,0.1,0.7540983606557377,0.0,0,6
engr0,LG,FGSM,0.6,CW,0.1,0.7540983606557377,0.0,0,6
engr0,MOTO,FGSM,0.6,CW,0.1,0.7540983606557377,0.0,0,6
engr0,OP3,FGSM,0.6,CW,0.1,0.7540983606557377,0.0,0,6
engr0,S7,FGSM,0.6,CW,0.1,0.7540983606557377,0.0,0,6
engr0,BLU,FGSM,0.6,CW,0.2,0.7540983606557377,0.0,0,6
engr0,HTC,FGSM,0.6,CW,0.2,0.7540983606557377,0.0,0,6
engr0,LG,FGSM,0.6,CW,0.2,0.7540983606557377,0.0,0,6
engr0,MOTO,FGSM,0.6,CW,0.2,0.7540983606557377,0.0,0,6
engr0,OP3,FGSM,0.6,CW,0.2,0.7540983606557377,0.0,0,6
engr0,S7,FGSM,0.6,CW,0.2,0.7540983606557377,0.0,0,6
engr0,BLU,FGSM,0.6,CW,0.3,0.7540983606557377,0.0,0,6
engr0,HTC,FGSM,0.6,CW,0.3,0.7540983606557377,0.0,0,6
engr0,LG,FGSM,0.6,CW,0.3,0.7540983606557377,0.0,0,6
engr0,MOTO,FGSM,0.6,CW,0.3,0.7540983606557377,0.0,0,6
engr0,OP3,FGSM,0.6,CW,0.3,0.7540983606557377,0.0,0,6
engr0,S7,FGSM,0.6,CW,0.3,0.7540983606557377,0.0,0,6
engr0,BLU,FGSM,0.6,CW,0.4,0.7540983606557377,0.0,0,6
engr0,HTC,FGSM,0.6,CW,0.4,0.7540983606557377,0.0,0,6
engr0,LG,FGSM,0.6,CW,0.4,0.7540983606557377,0.0,0,6
engr0,MOTO,FGSM,0.6,CW,0.4,0.7540983606557377,0.0,0,6
engr0,OP3,FGSM,0.6,CW,0.4,0.7540983606557377,0.0,0,6
engr0,S7,FGSM,0.6,CW,0.4,0.7540983606557377,0.0,0,6
engr0,BLU,FGSM,0.6,CW,0.5,0.7540983606557377,0.0,0,6
engr0,HTC,FGSM,0.6,CW,0.5,0.7540983606557377,0.0,0,6
engr0,LG,FGSM,0.6,CW,0.5,0.7540983606557377,0.0,0,6
engr0,MOTO,FGSM,0.6,CW,0.5,0.7540983606557377,0.0,0,6
engr0,OP3,FGSM,0.6,CW,0.5,0.7540983606557377,0.0,0,6
engr0,S7,FGSM,0.6,CW,0.5,0.7540983606557377,0.0,0,6
engr0,BLU,FGSM,0.6,CW,0.6,0.7540983606557377,0.0,0,6
engr0,HTC,FGSM,0.6,CW,0.6,0.7540983606557377,0.0,0,6
engr0,LG,FGSM,0.6,CW,0.6,0.7540983606557377,0.0,0,6
engr0,MOTO,FGSM,0.6,CW,0.6,0.7540983606557377,0.0,0,6
engr0,OP3,FGSM,0.6,CW,0.6,0.7540983606557377,0.0,0,6
engr0,S7,FGSM,0.6,CW,0.6,0.7540983606557377,0.0,0,6
engr0,BLU,FGSM,0.6,CW,0.7,0.7540983606557377,0.0,0,6
engr0,HTC,FGSM,0.6,CW,0.7,0.7540983606557377,0.0,0,6
engr0,LG,FGSM,0.6,CW,0.7,0.7540983606557377,0.0,0,6
engr0,MOTO,FGSM,0.6,CW,0.7,0.7540983606557377,0.0,0,6
engr0,OP3,FGSM,0.6,CW,0.7,0.7540983606557377,0.0,0,6
engr0,S7,FGSM,0.6,CW,0.7,0.7540983606557377,0.0,0,6
engr0,BLU,FGSM,0.6,CW,0.8,0.7540983606557377,0.0,0,6
engr0,HTC,FGSM,0.6,CW,0.8,0.7540983606557377,0.0,0,6
engr0,LG,FGSM,0.6,CW,0.8,0.7540983606557377,0.0,0,6
engr0,MOTO,FGSM,0.6,CW,0.8,0.7540983606557377,0.0,0,6
engr0,OP3,FGSM,0.6,CW,0.8,0.7540983606557377,0.0,0,6
engr0,S7,FGSM,0.6,CW,0.8,0.7540983606557377,0.0,0,6
engr0,BLU,FGSM,0.6,CW,0.9,0.7540983606557377,0.0,0,6
engr0,HTC,FGSM,0.6,CW,0.9,0.7540983606557377,0.0,0,6
engr0,LG,FGSM,0.6,CW,0.9,0.7540983606557377,0.0,0,6
engr0,MOTO,FGSM,0.6,CW,0.9,0.7540983606557377,0.0,0,6
engr0,OP3,FGSM,0.6,CW,0.9,0.7540983606557377,0.0,0,6
engr0,S7,FGSM,0.6,CW,0.9,0.7540983606557377,0.0,0,6
engr0,BLU,FGSM,0.6,CW,1.0,0.7540983606557377,0.0,0,6
engr0,HTC,FGSM,0.6,CW,1.0,0.7540983606557377,0.0,0,6
engr0,LG,FGSM,0.6,CW,1.0,0.7540983606557377,0.0,0,6
engr0,MOTO,FGSM,0.6,CW,1.0,0.7540983606557377,0.0,0,6
engr0,OP3,FGSM,0.6,CW,1.0,0.7540983606557377,0.0,0,6
engr0,S7,FGSM,0.6,CW,1.0,0.7540983606557377,0.0,0,6
engr0,BLU,FGSM,0.7,CW,0.1,0.4918032786885246,0.0,0,4
engr0,HTC,FGSM,0.7,CW,0.1,0.4918032786885246,0.0,0,4
engr0,LG,FGSM,0.7,CW,0.1,0.4918032786885246,0.0,0,4
engr0,MOTO,FGSM,0.7,CW,0.1,0.4918032786885246,0.0,0,4
engr0,OP3,FGSM,0.7,CW,0.1,0.4918032786885246,0.0,0,4
engr0,S7,FGSM,0.7,CW,0.1,0.4918032786885246,0.0,0,4
engr0,BLU,FGSM,0.7,CW,0.2,0.4918032786885246,0.0,0,4
engr0,HTC,FGSM,0.7,CW,0.2,0.4918032786885246,0.0,0,4
engr0,LG,FGSM,0.7,CW,0.2,0.4918032786885246,0.0,0,4
engr0,MOTO,FGSM,0.7,CW,0.2,0.4918032786885246,0.0,0,4
engr0,OP3,FGSM,0.7,CW,0.2,0.4918032786885246,0.0,0,4
engr0,S7,FGSM,0.7,CW,0.2,0.4918032786885246,0.0,0,4
engr0,BLU,FGSM,0.7,CW,0.3,0.4918032786885246,0.0,0,4
engr0,HTC,FGSM,0.7,CW,0.3,0.4918032786885246,0.0,0,4
engr0,LG,FGSM,0.7,CW,0.3,0.4918032786885246,0.0,0,4
engr0,MOTO,FGSM,0.7,CW,0.3,0.4918032786885246,0.0,0,4
engr0,OP3,FGSM,0.7,CW,0.3,0.4918032786885246,0.0,0,4
engr0,S7,FGSM,0.7,CW,0.3,0.4918032786885246,0.0,0,4
engr0,BLU,FGSM,0.7,CW,0.4,0.4918032786885246,0.0,0,4
engr0,HTC,FGSM,0.7,CW,0.4,0.4918032786885246,0.0,0,4
engr0,LG,FGSM,0.7,CW,0.4,0.4918032786885246,0.0,0,4
engr0,MOTO,FGSM,0.7,CW,0.4,0.4918032786885246,0.0,0,4
engr0,OP3,FGSM,0.7,CW,0.4,0.4918032786885246,0.0,0,4
engr0,S7,FGSM,0.7,CW,0.4,0.4918032786885246,0.0,0,4
engr0,BLU,FGSM,0.7,CW,0.5,0.4918032786885246,0.0,0,4
engr0,HTC,FGSM,0.7,CW,0.5,0.4918032786885246,0.0,0,4
engr0,LG,FGSM,0.7,CW,0.5,0.4918032786885246,0.0,0,4
engr0,MOTO,FGSM,0.7,CW,0.5,0.4918032786885246,0.0,0,4
engr0,OP3,FGSM,0.7,CW,0.5,0.4918032786885246,0.0,0,4
engr0,S7,FGSM,0.7,CW,0.5,0.4918032786885246,0.0,0,4
engr0,BLU,FGSM,0.7,CW,0.6,0.4918032786885246,0.0,0,4
engr0,HTC,FGSM,0.7,CW,0.6,0.4918032786885246,0.0,0,4
engr0,LG,FGSM,0.7,CW,0.6,0.4918032786885246,0.0,0,4
engr0,MOTO,FGSM,0.7,CW,0.6,0.4918032786885246,0.0,0,4
engr0,OP3,FGSM,0.7,CW,0.6,0.4918032786885246,0.0,0,4
engr0,S7,FGSM,0.7,CW,0.6,0.4918032786885246,0.0,0,4
engr0,BLU,FGSM,0.7,CW,0.7,0.4918032786885246,0.0,0,4
engr0,HTC,FGSM,0.7,CW,0.7,0.4918032786885246,0.0,0,4
engr0,LG,FGSM,0.7,CW,0.7,0.4918032786885246,0.0,0,4
engr0,MOTO,FGSM,0.7,CW,0.7,0.4918032786885246,0.0,0,4
engr0,OP3,FGSM,0.7,CW,0.7,0.4918032786885246,0.0,0,4
engr0,S7,FGSM,0.7,CW,0.7,0.4918032786885246,0.0,0,4
engr0,BLU,FGSM,0.7,CW,0.8,0.4918032786885246,0.0,0,4
engr0,HTC,FGSM,0.7,CW,0.8,0.4918032786885246,0.0,0,4
engr0,LG,FGSM,0.7,CW,0.8,0.4918032786885246,0.0,0,4
engr0,MOTO,FGSM,0.7,CW,0.8,0.4918032786885246,0.0,0,4
engr0,OP3,FGSM,0.7,CW,0.8,0.4918032786885246,0.0,0,4
engr0,S7,FGSM,0.7,CW,0.8,0.4918032786885246,0.0,0,4
engr0,BLU,FGSM,0.7,CW,0.9,0.4918032786885246,0.0,0,4
engr0,HTC,FGSM,0.7,CW,0.9,0.4918032786885246,0.0,0,4
engr0,LG,FGSM,0.7,CW,0.9,0.4918032786885246,0.0,0,4
engr0,MOTO,FGSM,0.7,CW,0.9,0.4918032786885246,0.0,0,4
engr0,OP3,FGSM,0.7,CW,0.9,0.4918032786885246,0.0,0,4
engr0,S7,FGSM,0.7,CW,0.9,0.4918032786885246,0.0,0,4
engr0,BLU,FGSM,0.7,CW,1.0,0.4918032786885246,0.0,0,4
engr0,HTC,FGSM,0.7,CW,1.0,0.4918032786885246,0.0,0,4
engr0,LG,FGSM,0.7,CW,1.0,0.4918032786885246,0.0,0,4
engr0,MOTO,FGSM,0.7,CW,1.0,0.4918032786885246,0.0,0,4
engr0,OP3,FGSM,0.7,CW,1.0,0.4918032786885246,0.0,0,4
engr0,S7,FGSM,0.7,CW,1.0,0.4918032786885246,0.0,0,4
engr0,BLU,FGSM,0.8,CW,0.1,0.7377049180327869,0.0,0,6
engr0,HTC,FGSM,0.8,CW,0.1,0.7377049180327869,0.0,0,6
engr0,LG,FGSM,0.8,CW,0.1,0.7377049180327869,0.0,0,6
engr0,MOTO,FGSM,0.8,CW,0.1,0.7377049180327869,0.0,0,6
engr0,OP3,FGSM,0.8,CW,0.1,0.7377049180327869,0.0,0,6
engr0,S7,FGSM,0.8,CW,0.1,0.7377049180327869,0.0,0,6
engr0,BLU,FGSM,0.8,CW,0.2,0.7377049180327869,0.0,0,6
engr0,HTC,FGSM,0.8,CW,0.2,0.7377049180327869,0.0,0,6
engr0,LG,FGSM,0.8,CW,0.2,0.7377049180327869,0.0,0,6
engr0,MOTO,FGSM,0.8,CW,0.2,0.7377049180327869,0.0,0,6
engr0,OP3,FGSM,0.8,CW,0.2,0.7377049180327869,0.0,0,6
engr0,S7,FGSM,0.8,CW,0.2,0.7377049180327869,0.0,0,6
engr0,BLU,FGSM,0.8,CW,0.3,0.7377049180327869,0.0,0,6
engr0,HTC,FGSM,0.8,CW,0.3,0.7377049180327869,0.0,0,6
engr0,LG,FGSM,0.8,CW,0.3,0.7377049180327869,0.0,0,6
engr0,MOTO,FGSM,0.8,CW,0.3,0.7377049180327869,0.0,0,6
engr0,OP3,FGSM,0.8,CW,0.3,0.7377049180327869,0.0,0,6
engr0,S7,FGSM,0.8,CW,0.3,0.7377049180327869,0.0,0,6
engr0,BLU,FGSM,0.8,CW,0.4,0.7377049180327869,0.0,0,6
engr0,HTC,FGSM,0.8,CW,0.4,0.7377049180327869,0.0,0,6
engr0,LG,FGSM,0.8,CW,0.4,0.7377049180327869,0.0,0,6
engr0,MOTO,FGSM,0.8,CW,0.4,0.7377049180327869,0.0,0,6
engr0,OP3,FGSM,0.8,CW,0.4,0.7377049180327869,0.0,0,6
engr0,S7,FGSM,0.8,CW,0.4,0.7377049180327869,0.0,0,6
engr0,BLU,FGSM,0.8,CW,0.5,0.7377049180327869,0.0,0,6
engr0,HTC,FGSM,0.8,CW,0.5,0.7377049180327869,0.0,0,6
engr0,LG,FGSM,0.8,CW,0.5,0.7377049180327869,0.0,0,6
engr0,MOTO,FGSM,0.8,CW,0.5,0.7377049180327869,0.0,0,6
engr0,OP3,FGSM,0.8,CW,0.5,0.7377049180327869,0.0,0,6
engr0,S7,FGSM,0.8,CW,0.5,0.7377049180327869,0.0,0,6
engr0,BLU,FGSM,0.8,CW,0.6,0.7377049180327869,0.0,0,6
engr0,HTC,FGSM,0.8,CW,0.6,0.7377049180327869,0.0,0,6
engr0,LG,FGSM,0.8,CW,0.6,0.7377049180327869,0.0,0,6
engr0,MOTO,FGSM,0.8,CW,0.6,0.7377049180327869,0.0,0,6
engr0,OP3,FGSM,0.8,CW,0.6,0.7377049180327869,0.0,0,6
engr0,S7,FGSM,0.8,CW,0.6,0.7377049180327869,0.0,0,6
engr0,BLU,FGSM,0.8,CW,0.7,0.7377049180327869,0.0,0,6
engr0,HTC,FGSM,0.8,CW,0.7,0.7377049180327869,0.0,0,6
engr0,LG,FGSM,0.8,CW,0.7,0.7377049180327869,0.0,0,6
engr0,MOTO,FGSM,0.8,CW,0.7,0.7377049180327869,0.0,0,6
engr0,OP3,FGSM,0.8,CW,0.7,0.7377049180327869,0.0,0,6
engr0,S7,FGSM,0.8,CW,0.7,0.7377049180327869,0.0,0,6
engr0,BLU,FGSM,0.8,CW,0.8,0.7377049180327869,0.0,0,6
engr0,HTC,FGSM,0.8,CW,0.8,0.7377049180327869,0.0,0,6
engr0,LG,FGSM,0.8,CW,0.8,0.7377049180327869,0.0,0,6
engr0,MOTO,FGSM,0.8,CW,0.8,0.7377049180327869,0.0,0,6
engr0,OP3,FGSM,0.8,CW,0.8,0.7377049180327869,0.0,0,6
engr0,S7,FGSM,0.8,CW,0.8,0.7377049180327869,0.0,0,6
engr0,BLU,FGSM,0.8,CW,0.9,0.7377049180327869,0.0,0,6
engr0,HTC,FGSM,0.8,CW,0.9,0.7377049180327869,0.0,0,6
engr0,LG,FGSM,0.8,CW,0.9,0.7377049180327869,0.0,0,6
engr0,MOTO,FGSM,0.8,CW,0.9,0.7377049180327869,0.0,0,6
engr0,OP3,FGSM,0.8,CW,0.9,0.7377049180327869,0.0,0,6
engr0,S7,FGSM,0.8,CW,0.9,0.7377049180327869,0.0,0,6
engr0,BLU,FGSM,0.8,CW,1.0,0.7377049180327869,0.0,0,6
engr0,HTC,FGSM,0.8,CW,1.0,0.7377049180327869,0.0,0,6
engr0,LG,FGSM,0.8,CW,1.0,0.7377049180327869,0.0,0,6
engr0,MOTO,FGSM,0.8,CW,1.0,0.7377049180327869,0.0,0,6
engr0,OP3,FGSM,0.8,CW,1.0,0.7377049180327869,0.0,0,6
engr0,S7,FGSM,0.8,CW,1.0,0.7377049180327869,0.0,0,6
engr0,BLU,FGSM,0.9,CW,0.1,0.6229508196721312,0.0,0,5
engr0,HTC,FGSM,0.9,CW,0.1,0.6229508196721312,0.0,0,5
engr0,LG,FGSM,0.9,CW,0.1,0.6229508196721312,0.0,0,5
engr0,MOTO,FGSM,0.9,CW,0.1,0.6229508196721312,0.0,0,5
engr0,OP3,FGSM,0.9,CW,0.1,0.6229508196721312,0.0,0,5
engr0,S7,FGSM,0.9,CW,0.1,0.6229508196721312,0.0,0,5
engr0,BLU,FGSM,0.9,CW,0.2,0.6229508196721312,0.0,0,5
engr0,HTC,FGSM,0.9,CW,0.2,0.6229508196721312,0.0,0,5
engr0,LG,FGSM,0.9,CW,0.2,0.6229508196721312,0.0,0,5
engr0,MOTO,FGSM,0.9,CW,0.2,0.6229508196721312,0.0,0,5
engr0,OP3,FGSM,0.9,CW,0.2,0.6229508196721312,0.0,0,5
engr0,S7,FGSM,0.9,CW,0.2,0.6229508196721312,0.0,0,5
engr0,BLU,FGSM,0.9,CW,0.3,0.6229508196721312,0.0,0,5
engr0,HTC,FGSM,0.9,CW,0.3,0.6229508196721312,0.0,0,5
engr0,LG,FGSM,0.9,CW,0.3,0.6229508196721312,0.0,0,5
engr0,MOTO,FGSM,0.9,CW,0.3,0.6229508196721312,0.0,0,5
engr0,OP3,FGSM,0.9,CW,0.3,0.6229508196721312,0.0,0,5
engr0,S7,FGSM,0.9,CW,0.3,0.6229508196721312,0.0,0,5
engr0,BLU,FGSM,0.9,CW,0.4,0.6229508196721312,0.0,0,5
engr0,HTC,FGSM,0.9,CW,0.4,0.6229508196721312,0.0,0,5
engr0,LG,FGSM,0.9,CW,0.4,0.6229508196721312,0.0,0,5
engr0,MOTO,FGSM,0.9,CW,0.4,0.6229508196721312,0.0,0,5
engr0,OP3,FGSM,0.9,CW,0.4,0.6229508196721312,0.0,0,5
engr0,S7,FGSM,0.9,CW,0.4,0.6229508196721312,0.0,0,5
engr0,BLU,FGSM,0.9,CW,0.5,0.6229508196721312,0.0,0,5
engr0,HTC,FGSM,0.9,CW,0.5,0.6229508196721312,0.0,0,5
engr0,LG,FGSM,0.9,CW,0.5,0.6229508196721312,0.0,0,5
engr0,MOTO,FGSM,0.9,CW,0.5,0.6229508196721312,0.0,0,5
engr0,OP3,FGSM,0.9,CW,0.5,0.6229508196721312,0.0,0,5
engr0,S7,FGSM,0.9,CW,0.5,0.6229508196721312,0.0,0,5
engr0,BLU,FGSM,0.9,CW,0.6,0.6229508196721312,0.0,0,5
engr0,HTC,FGSM,0.9,CW,0.6,0.6229508196721312,0.0,0,5
engr0,LG,FGSM,0.9,CW,0.6,0.6229508196721312,0.0,0,5
engr0,MOTO,FGSM,0.9,CW,0.6,0.6229508196721312,0.0,0,5
engr0,OP3,FGSM,0.9,CW,0.6,0.6229508196721312,0.0,0,5
engr0,S7,FGSM,0.9,CW,0.6,0.6229508196721312,0.0,0,5
engr0,BLU,FGSM,0.9,CW,0.7,0.6229508196721312,0.0,0,5
engr0,HTC,FGSM,0.9,CW,0.7,0.6229508196721312,0.0,0,5
engr0,LG,FGSM,0.9,CW,0.7,0.6229508196721312,0.0,0,5
engr0,MOTO,FGSM,0.9,CW,0.7,0.6229508196721312,0.0,0,5
engr0,OP3,FGSM,0.9,CW,0.7,0.6229508196721312,0.0,0,5
engr0,S7,FGSM,0.9,CW,0.7,0.6229508196721312,0.0,0,5
engr0,BLU,FGSM,0.9,CW,0.8,0.6229508196721312,0.0,0,5
engr0,HTC,FGSM,0.9,CW,0.8,0.6229508196721312,0.0,0,5
engr0,LG,FGSM,0.9,CW,0.8,0.6229508196721312,0.0,0,5
engr0,MOTO,FGSM,0.9,CW,0.8,0.6229508196721312,0.0,0,5
engr0,OP3,FGSM,0.9,CW,0.8,0.6229508196721312,0.0,0,5
engr0,S7,FGSM,0.9,CW,0.8,0.6229508196721312,0.0,0,5
engr0,BLU,FGSM,0.9,CW,0.9,0.6229508196721312,0.0,0,5
engr0,HTC,FGSM,0.9,CW,0.9,0.6229508196721312,0.0,0,5
engr0,LG,FGSM,0.9,CW,0.9,0.6229508196721312,0.0,0,5
engr0,MOTO,FGSM,0.9,CW,0.9,0.6229508196721312,0.0,0,5
engr0,OP3,FGSM,0.9,CW,0.9,0.6229508196721312,0.0,0,5
engr0,S7,FGSM,0.9,CW,0.9,0.6229508196721312,0.0,0,5
engr0,BLU,FGSM,0.9,CW,1.0,0.6229508196721312,0.0,0,5
engr0,HTC,FGSM,0.9,CW,1.0,0.6229508196721312,0.0,0,5
engr0,LG,FGSM,0.9,CW,1.0,0.6229508196721312,0.0,0,5
engr0,MOTO,FGSM,0.9,CW,1.0,0.6229508196721312,0.0,0,5
engr0,OP3,FGSM,0.9,CW,1.0,0.6229508196721312,0.0,0,5
engr0,S7,FGSM,0.9,CW,1.0,0.6229508196721312,0.0,0,5
engr0,BLU,FGSM,1.0,CW,0.1,0.7540983606557377,0.0,0,6
engr0,HTC,FGSM,1.0,CW,0.1,0.7540983606557377,0.0,0,6
engr0,LG,FGSM,1.0,CW,0.1,0.7540983606557377,0.0,0,6
engr0,MOTO,FGSM,1.0,CW,0.1,0.7540983606557377,0.0,0,6
engr0,OP3,FGSM,1.0,CW,0.1,0.7540983606557377,0.0,0,6
engr0,S7,FGSM,1.0,CW,0.1,0.7540983606557377,0.0,0,6
engr0,BLU,FGSM,1.0,CW,0.2,0.7540983606557377,0.0,0,6
engr0,HTC,FGSM,1.0,CW,0.2,0.7540983606557377,0.0,0,6
engr0,LG,FGSM,1.0,CW,0.2,0.7540983606557377,0.0,0,6
engr0,MOTO,FGSM,1.0,CW,0.2,0.7540983606557377,0.0,0,6
engr0,OP3,FGSM,1.0,CW,0.2,0.7540983606557377,0.0,0,6
engr0,S7,FGSM,1.0,CW,0.2,0.7540983606557377,0.0,0,6
engr0,BLU,FGSM,1.0,CW,0.3,0.7540983606557377,0.0,0,6
engr0,HTC,FGSM,1.0,CW,0.3,0.7540983606557377,0.0,0,6
engr0,LG,FGSM,1.0,CW,0.3,0.7540983606557377,0.0,0,6
engr0,MOTO,FGSM,1.0,CW,0.3,0.7540983606557377,0.0,0,6
engr0,OP3,FGSM,1.0,CW,0.3,0.7540983606557377,0.0,0,6
engr0,S7,FGSM,1.0,CW,0.3,0.7540983606557377,0.0,0,6
engr0,BLU,FGSM,1.0,CW,0.4,0.7540983606557377,0.0,0,6
engr0,HTC,FGSM,1.0,CW,0.4,0.7540983606557377,0.0,0,6
engr0,LG,FGSM,1.0,CW,0.4,0.7540983606557377,0.0,0,6
engr0,MOTO,FGSM,1.0,CW,0.4,0.7540983606557377,0.0,0,6
engr0,OP3,FGSM,1.0,CW,0.4,0.7540983606557377,0.0,0,6
engr0,S7,FGSM,1.0,CW,0.4,0.7540983606557377,0.0,0,6
engr0,BLU,FGSM,1.0,CW,0.5,0.7540983606557377,0.0,0,6
engr0,HTC,FGSM,1.0,CW,0.5,0.7540983606557377,0.0,0,6
engr0,LG,FGSM,1.0,CW,0.5,0.7540983606557377,0.0,0,6
engr0,MOTO,FGSM,1.0,CW,0.5,0.7540983606557377,0.0,0,6
engr0,OP3,FGSM,1.0,CW,0.5,0.7540983606557377,0.0,0,6
engr0,S7,FGSM,1.0,CW,0.5,0.7540983606557377,0.0,0,6
engr0,BLU,FGSM,1.0,CW,0.6,0.7540983606557377,0.0,0,6
engr0,HTC,FGSM,1.0,CW,0.6,0.7540983606557377,0.0,0,6
engr0,LG,FGSM,1.0,CW,0.6,0.7540983606557377,0.0,0,6
engr0,MOTO,FGSM,1.0,CW,0.6,0.7540983606557377,0.0,0,6
engr0,OP3,FGSM,1.0,CW,0.6,0.7540983606557377,0.0,0,6
engr0,S7,FGSM,1.0,CW,0.6,0.7540983606557377,0.0,0,6
engr0,BLU,FGSM,1.0,CW,0.7,0.7540983606557377,0.0,0,6
engr0,HTC,FGSM,1.0,CW,0.7,0.7540983606557377,0.0,0,6
engr0,LG,FGSM,1.0,CW,0.7,0.7540983606557377,0.0,0,6
engr0,MOTO,FGSM,1.0,CW,0.7,0.7540983606557377,0.0,0,6
engr0,OP3,FGSM,1.0,CW,0.7,0.7540983606557377,0.0,0,6
engr0,S7,FGSM,1.0,CW,0.7,0.7540983606557377,0.0,0,6
engr0,BLU,FGSM,1.0,CW,0.8,0.7540983606557377,0.0,0,6
engr0,HTC,FGSM,1.0,CW,0.8,0.7540983606557377,0.0,0,6
engr0,LG,FGSM,1.0,CW,0.8,0.7540983606557377,0.0,0,6
engr0,MOTO,FGSM,1.0,CW,0.8,0.7540983606557377,0.0,0,6
engr0,OP3,FGSM,1.0,CW,0.8,0.7540983606557377,0.0,0,6
engr0,S7,FGSM,1.0,CW,0.8,0.7540983606557377,0.0,0,6
engr0,BLU,FGSM,1.0,CW,0.9,0.7540983606557377,0.0,0,6
engr0,HTC,FGSM,1.0,CW,0.9,0.7540983606557377,0.0,0,6
engr0,LG,FGSM,1.0,CW,0.9,0.7540983606557377,0.0,0,6
engr0,MOTO,FGSM,1.0,CW,0.9,0.7540983606557377,0.0,0,6
engr0,OP3,FGSM,1.0,CW,0.9,0.7540983606557377,0.0,0,6
engr0,S7,FGSM,1.0,CW,0.9,0.7540983606557377,0.0,0,6
engr0,BLU,FGSM,1.0,CW,1.0,0.7540983606557377,0.0,0,6
engr0,HTC,FGSM,1.0,CW,1.0,0.7540983606557377,0.0,0,6
engr0,LG,FGSM,1.0,CW,1.0,0.7540983606557377,0.0,0,6
engr0,MOTO,FGSM,1.0,CW,1.0,0.7540983606557377,0.0,0,6
engr0,OP3,FGSM,1.0,CW,1.0,0.7540983606557377,0.0,0,6
engr0,S7,FGSM,1.0,CW,1.0,0.7540983606557377,0.0,0,6
engr0,BLU,PGD,0.1,CW,0.1,1.5573770491803278,0.0,0,47
engr0,HTC,PGD,0.1,CW,0.1,1.5573770491803278,0.0,0,47
engr0,LG,PGD,0.1,CW,0.1,1.5573770491803278,0.0,0,47
engr0,MOTO,PGD,0.1,CW,0.1,1.5573770491803278,0.0,0,47
engr0,OP3,PGD,0.1,CW,0.1,1.5573770491803278,0.0,0,47
engr0,S7,PGD,0.1,CW,0.1,1.5573770491803278,0.0,0,47
engr0,BLU,PGD,0.1,CW,0.2,1.5573770491803278,0.0,0,47
engr0,HTC,PGD,0.1,CW,0.2,1.5573770491803278,0.0,0,47
engr0,LG,PGD,0.1,CW,0.2,1.5573770491803278,0.0,0,47
engr0,MOTO,PGD,0.1,CW,0.2,1.5573770491803278,0.0,0,47
engr0,OP3,PGD,0.1,CW,0.2,1.5573770491803278,0.0,0,47
engr0,S7,PGD,0.1,CW,0.2,1.5573770491803278,0.0,0,47
engr0,BLU,PGD,0.1,CW,0.3,1.5573770491803278,0.0,0,47
engr0,HTC,PGD,0.1,CW,0.3,1.5573770491803278,0.0,0,47
engr0,LG,PGD,0.1,CW,0.3,1.5573770491803278,0.0,0,47
engr0,MOTO,PGD,0.1,CW,0.3,1.5573770491803278,0.0,0,47
engr0,OP3,PGD,0.1,CW,0.3,1.5573770491803278,0.0,0,47
engr0,S7,PGD,0.1,CW,0.3,1.5573770491803278,0.0,0,47
engr0,BLU,PGD,0.1,CW,0.4,1.5573770491803278,0.0,0,47
engr0,HTC,PGD,0.1,CW,0.4,1.5573770491803278,0.0,0,47
engr0,LG,PGD,0.1,CW,0.4,1.5573770491803278,0.0,0,47
engr0,MOTO,PGD,0.1,CW,0.4,1.5573770491803278,0.0,0,47
engr0,OP3,PGD,0.1,CW,0.4,1.5573770491803278,0.0,0,47
engr0,S7,PGD,0.1,CW,0.4,1.5573770491803278,0.0,0,47
engr0,BLU,PGD,0.1,CW,0.5,1.5573770491803278,0.0,0,47
engr0,HTC,PGD,0.1,CW,0.5,1.5573770491803278,0.0,0,47
engr0,LG,PGD,0.1,CW,0.5,1.5573770491803278,0.0,0,47
engr0,MOTO,PGD,0.1,CW,0.5,1.5573770491803278,0.0,0,47
engr0,OP3,PGD,0.1,CW,0.5,1.5573770491803278,0.0,0,47
engr0,S7,PGD,0.1,CW,0.5,1.5573770491803278,0.0,0,47
engr0,BLU,PGD,0.1,CW,0.6,1.5573770491803278,0.0,0,47
engr0,HTC,PGD,0.1,CW,0.6,1.5573770491803278,0.0,0,47
engr0,LG,PGD,0.1,CW,0.6,1.5573770491803278,0.0,0,47
engr0,MOTO,PGD,0.1,CW,0.6,1.5573770491803278,0.0,0,47
engr0,OP3,PGD,0.1,CW,0.6,1.5573770491803278,0.0,0,47
engr0,S7,PGD,0.1,CW,0.6,1.5573770491803278,0.0,0,47
engr0,BLU,PGD,0.1,CW,0.7,1.5573770491803278,0.0,0,47
engr0,HTC,PGD,0.1,CW,0.7,1.5573770491803278,0.0,0,47
engr0,LG,PGD,0.1,CW,0.7,1.5573770491803278,0.0,0,47
engr0,MOTO,PGD,0.1,CW,0.7,1.5573770491803278,0.0,0,47
engr0,OP3,PGD,0.1,CW,0.7,1.5573770491803278,0.0,0,47
engr0,S7,PGD,0.1,CW,0.7,1.5573770491803278,0.0,0,47
engr0,BLU,PGD,0.1,CW,0.8,1.5573770491803278,0.0,0,47
engr0,HTC,PGD,0.1,CW,0.8,1.5573770491803278,0.0,0,47
engr0,LG,PGD,0.1,CW,0.8,1.5573770491803278,0.0,0,47
engr0,MOTO,PGD,0.1,CW,0.8,1.5573770491803278,0.0,0,47
engr0,OP3,PGD,0.1,CW,0.8,1.5573770491803278,0.0,0,47
engr0,S7,PGD,0.1,CW,0.8,1.5573770491803278,0.0,0,47
engr0,BLU,PGD,0.1,CW,0.9,1.5573770491803278,0.0,0,47
engr0,HTC,PGD,0.1,CW,0.9,1.5573770491803278,0.0,0,47
engr0,LG,PGD,0.1,CW,0.9,1.5573770491803278,0.0,0,47
engr0,MOTO,PGD,0.1,CW,0.9,1.5573770491803278,0.0,0,47
engr0,OP3,PGD,0.1,CW,0.9,1.5573770491803278,0.0,0,47
engr0,S7,PGD,0.1,CW,0.9,1.5573770491803278,0.0,0,47
engr0,BLU,PGD,0.1,CW,1.0,1.5573770491803278,0.0,0,47
engr0,HTC,PGD,0.1,CW,1.0,1.5573770491803278,0.0,0,47
engr0,LG,PGD,0.1,CW,1.0,1.5573770491803278,0.0,0,47
engr0,MOTO,PGD,0.1,CW,1.0,1.5573770491803278,0.0,0,47
engr0,OP3,PGD,0.1,CW,1.0,1.5573770491803278,0.0,0,47
engr0,S7,PGD,0.1,CW,1.0,1.5573770491803278,0.0,0,47
engr0,BLU,PGD,0.2,CW,0.1,0.7868852459016393,0.0,0,8
engr0,HTC,PGD,0.2,CW,0.1,0.7868852459016393,0.0,0,8
engr0,LG,PGD,0.2,CW,0.1,0.7868852459016393,0.0,0,8
engr0,MOTO,PGD,0.2,CW,0.1,0.7868852459016393,0.0,0,8
engr0,OP3,PGD,0.2,CW,0.1,0.7868852459016393,0.0,0,8
engr0,S7,PGD,0.2,CW,0.1,0.7868852459016393,0.0,0,8
engr0,BLU,PGD,0.2,CW,0.2,0.7868852459016393,0.0,0,8
engr0,HTC,PGD,0.2,CW,0.2,0.7868852459016393,0.0,0,8
engr0,LG,PGD,0.2,CW,0.2,0.7868852459016393,0.0,0,8
engr0,MOTO,PGD,0.2,CW,0.2,0.7868852459016393,0.0,0,8
engr0,OP3,PGD,0.2,CW,0.2,0.7868852459016393,0.0,0,8
engr0,S7,PGD,0.2,CW,0.2,0.7868852459016393,0.0,0,8
engr0,BLU,PGD,0.2,CW,0.3,0.7868852459016393,0.0,0,8
engr0,HTC,PGD,0.2,CW,0.3,0.7868852459016393,0.0,0,8
engr0,LG,PGD,0.2,CW,0.3,0.7868852459016393,0.0,0,8
engr0,MOTO,PGD,0.2,CW,0.3,0.7868852459016393,0.0,0,8
engr0,OP3,PGD,0.2,CW,0.3,0.7868852459016393,0.0,0,8
engr0,S7,PGD,0.2,CW,0.3,0.7868852459016393,0.0,0,8
engr0,BLU,PGD,0.2,CW,0.4,0.7868852459016393,0.0,0,8
engr0,HTC,PGD,0.2,CW,0.4,0.7868852459016393,0.0,0,8
engr0,LG,PGD,0.2,CW,0.4,0.7868852459016393,0.0,0,8
engr0,MOTO,PGD,0.2,CW,0.4,0.7868852459016393,0.0,0,8
engr0,OP3,PGD,0.2,CW,0.4,0.7868852459016393,0.0,0,8
engr0,S7,PGD,0.2,CW,0.4,0.7868852459016393,0.0,0,8
engr0,BLU,PGD,0.2,CW,0.5,0.7868852459016393,0.0,0,8
engr0,HTC,PGD,0.2,CW,0.5,0.7868852459016393,0.0,0,8
engr0,LG,PGD,0.2,CW,0.5,0.7868852459016393,0.0,0,8
engr0,MOTO,PGD,0.2,CW,0.5,0.7868852459016393,0.0,0,8
engr0,OP3,PGD,0.2,CW,0.5,0.7868852459016393,0.0,0,8
engr0,S7,PGD,0.2,CW,0.5,0.7868852459016393,0.0,0,8
engr0,BLU,PGD,0.2,CW,0.6,0.7868852459016393,0.0,0,8
engr0,HTC,PGD,0.2,CW,0.6,0.7868852459016393,0.0,0,8
engr0,LG,PGD,0.2,CW,0.6,0.7868852459016393,0.0,0,8
engr0,MOTO,PGD,0.2,CW,0.6,0.7868852459016393,0.0,0,8
engr0,OP3,PGD,0.2,CW,0.6,0.7868852459016393,0.0,0,8
engr0,S7,PGD,0.2,CW,0.6,0.7868852459016393,0.0,0,8
engr0,BLU,PGD,0.2,CW,0.7,0.7868852459016393,0.0,0,8
engr0,HTC,PGD,0.2,CW,0.7,0.7868852459016393,0.0,0,8
engr0,LG,PGD,0.2,CW,0.7,0.7868852459016393,0.0,0,8
engr0,MOTO,PGD,0.2,CW,0.7,0.7868852459016393,0.0,0,8
engr0,OP3,PGD,0.2,CW,0.7,0.7868852459016393,0.0,0,8
engr0,S7,PGD,0.2,CW,0.7,0.7868852459016393,0.0,0,8
engr0,BLU,PGD,0.2,CW,0.8,0.7868852459016393,0.0,0,8
engr0,HTC,PGD,0.2,CW,0.8,0.7868852459016393,0.0,0,8
engr0,LG,PGD,0.2,CW,0.8,0.7868852459016393,0.0,0,8
engr0,MOTO,PGD,0.2,CW,0.8,0.7868852459016393,0.0,0,8
engr0,OP3,PGD,0.2,CW,0.8,0.7868852459016393,0.0,0,8
engr0,S7,PGD,0.2,CW,0.8,0.7868852459016393,0.0,0,8
engr0,BLU,PGD,0.2,CW,0.9,0.7868852459016393,0.0,0,8
engr0,HTC,PGD,0.2,CW,0.9,0.7868852459016393,0.0,0,8
engr0,LG,PGD,0.2,CW,0.9,0.7868852459016393,0.0,0,8
engr0,MOTO,PGD,0.2,CW,0.9,0.7868852459016393,0.0,0,8
engr0,OP3,PGD,0.2,CW,0.9,0.7868852459016393,0.0,0,8
engr0,S7,PGD,0.2,CW,0.9,0.7868852459016393,0.0,0,8
engr0,BLU,PGD,0.2,CW,1.0,0.7868852459016393,0.0,0,8
engr0,HTC,PGD,0.2,CW,1.0,0.7868852459016393,0.0,0,8
engr0,LG,PGD,0.2,CW,1.0,0.7868852459016393,0.0,0,8
engr0,MOTO,PGD,0.2,CW,1.0,0.7868852459016393,0.0,0,8
engr0,OP3,PGD,0.2,CW,1.0,0.7868852459016393,0.0,0,8
engr0,S7,PGD,0.2,CW,1.0,0.7868852459016393,0.0,0,8
engr0,BLU,PGD,0.3,CW,0.1,0.5737704918032787,0.0,0,8
engr0,HTC,PGD,0.3,CW,0.1,0.5737704918032787,0.0,0,8
engr0,LG,PGD,0.3,CW,0.1,0.5737704918032787,0.0,0,8
engr0,MOTO,PGD,0.3,CW,0.1,0.5737704918032787,0.0,0,8
engr0,OP3,PGD,0.3,CW,0.1,0.5737704918032787,0.0,0,8
engr0,S7,PGD,0.3,CW,0.1,0.5737704918032787,0.0,0,8
engr0,BLU,PGD,0.3,CW,0.2,0.5737704918032787,0.0,0,8
engr0,HTC,PGD,0.3,CW,0.2,0.5737704918032787,0.0,0,8
engr0,LG,PGD,0.3,CW,0.2,0.5737704918032787,0.0,0,8
engr0,MOTO,PGD,0.3,CW,0.2,0.5737704918032787,0.0,0,8
engr0,OP3,PGD,0.3,CW,0.2,0.5737704918032787,0.0,0,8
engr0,S7,PGD,0.3,CW,0.2,0.5737704918032787,0.0,0,8
engr0,BLU,PGD,0.3,CW,0.3,0.5737704918032787,0.0,0,8
engr0,HTC,PGD,0.3,CW,0.3,0.5737704918032787,0.0,0,8
engr0,LG,PGD,0.3,CW,0.3,0.5737704918032787,0.0,0,8
engr0,MOTO,PGD,0.3,CW,0.3,0.5737704918032787,0.0,0,8
engr0,OP3,PGD,0.3,CW,0.3,0.5737704918032787,0.0,0,8
engr0,S7,PGD,0.3,CW,0.3,0.5737704918032787,0.0,0,8
engr0,BLU,PGD,0.3,CW,0.4,0.5737704918032787,0.0,0,8
engr0,HTC,PGD,0.3,CW,0.4,0.5737704918032787,0.0,0,8
engr0,LG,PGD,0.3,CW,0.4,0.5737704918032787,0.0,0,8
engr0,MOTO,PGD,0.3,CW,0.4,0.5737704918032787,0.0,0,8
engr0,OP3,PGD,0.3,CW,0.4,0.5737704918032787,0.0,0,8
engr0,S7,PGD,0.3,CW,0.4,0.5737704918032787,0.0,0,8
engr0,BLU,PGD,0.3,CW,0.5,0.5737704918032787,0.0,0,8
engr0,HTC,PGD,0.3,CW,0.5,0.5737704918032787,0.0,0,8
engr0,LG,PGD,0.3,CW,0.5,0.5737704918032787,0.0,0,8
engr0,MOTO,PGD,0.3,CW,0.5,0.5737704918032787,0.0,0,8
engr0,OP3,PGD,0.3,CW,0.5,0.5737704918032787,0.0,0,8
engr0,S7,PGD,0.3,CW,0.5,0.5737704918032787,0.0,0,8
engr0,BLU,PGD,0.3,CW,0.6,0.5737704918032787,0.0,0,8
engr0,HTC,PGD,0.3,CW,0.6,0.5737704918032787,0.0,0,8
engr0,LG,PGD,0.3,CW,0.6,0.5737704918032787,0.0,0,8
engr0,MOTO,PGD,0.3,CW,0.6,0.5737704918032787,0.0,0,8
engr0,OP3,PGD,0.3,CW,0.6,0.5737704918032787,0.0,0,8
engr0,S7,PGD,0.3,CW,0.6,0.5737704918032787,0.0,0,8
engr0,BLU,PGD,0.3,CW,0.7,0.5737704918032787,0.0,0,8
engr0,HTC,PGD,0.3,CW,0.7,0.5737704918032787,0.0,0,8
engr0,LG,PGD,0.3,CW,0.7,0.5737704918032787,0.0,0,8
engr0,MOTO,PGD,0.3,CW,0.7,0.5737704918032787,0.0,0,8
engr0,OP3,PGD,0.3,CW,0.7,0.5737704918032787,0.0,0,8
engr0,S7,PGD,0.3,CW,0.7,0.5737704918032787,0.0,0,8
engr0,BLU,PGD,0.3,CW,0.8,0.5737704918032787,0.0,0,8
engr0,HTC,PGD,0.3,CW,0.8,0.5737704918032787,0.0,0,8
engr0,LG,PGD,0.3,CW,0.8,0.5737704918032787,0.0,0,8
engr0,MOTO,PGD,0.3,CW,0.8,0.5737704918032787,0.0,0,8
engr0,OP3,PGD,0.3,CW,0.8,0.5737704918032787,0.0,0,8
engr0,S7,PGD,0.3,CW,0.8,0.5737704918032787,0.0,0,8
engr0,BLU,PGD,0.3,CW,0.9,0.5737704918032787,0.0,0,8
engr0,HTC,PGD,0.3,CW,0.9,0.5737704918032787,0.0,0,8
engr0,LG,PGD,0.3,CW,0.9,0.5737704918032787,0.0,0,8
engr0,MOTO,PGD,0.3,CW,0.9,0.5737704918032787,0.0,0,8
engr0,OP3,PGD,0.3,CW,0.9,0.5737704918032787,0.0,0,8
engr0,S7,PGD,0.3,CW,0.9,0.5737704918032787,0.0,0,8
engr0,BLU,PGD,0.3,CW,1.0,0.5737704918032787,0.0,0,8
engr0,HTC,PGD,0.3,CW,1.0,0.5737704918032787,0.0,0,8
engr0,LG,PGD,0.3,CW,1.0,0.5737704918032787,0.0,0,8
engr0,MOTO,PGD,0.3,CW,1.0,0.5737704918032787,0.0,0,8
engr0,OP3,PGD,0.3,CW,1.0,0.5737704918032787,0.0,0,8
engr0,S7,PGD,0.3,CW,1.0,0.5737704918032787,0.0,0,8
engr0,BLU,PGD,0.4,CW,0.1,0.7868852459016393,0.0,0,6
engr0,HTC,PGD,0.4,CW,0.1,0.7868852459016393,0.0,0,6
engr0,LG,PGD,0.4,CW,0.1,0.7868852459016393,0.0,0,6
engr0,MOTO,PGD,0.4,CW,0.1,0.7868852459016393,0.0,0,6
engr0,OP3,PGD,0.4,CW,0.1,0.7868852459016393,0.0,0,6
engr0,S7,PGD,0.4,CW,0.1,0.7868852459016393,0.0,0,6
engr0,BLU,PGD,0.4,CW,0.2,0.7868852459016393,0.0,0,6
engr0,HTC,PGD,0.4,CW,0.2,0.7868852459016393,0.0,0,6
engr0,LG,PGD,0.4,CW,0.2,0.7868852459016393,0.0,0,6
engr0,MOTO,PGD,0.4,CW,0.2,0.7868852459016393,0.0,0,6
engr0,OP3,PGD,0.4,CW,0.2,0.7868852459016393,0.0,0,6
engr0,S7,PGD,0.4,CW,0.2,0.7868852459016393,0.0,0,6
engr0,BLU,PGD,0.4,CW,0.3,0.7868852459016393,0.0,0,6
engr0,HTC,PGD,0.4,CW,0.3,0.7868852459016393,0.0,0,6
engr0,LG,PGD,0.4,CW,0.3,0.7868852459016393,0.0,0,6
engr0,MOTO,PGD,0.4,CW,0.3,0.7868852459016393,0.0,0,6
engr0,OP3,PGD,0.4,CW,0.3,0.7868852459016393,0.0,0,6
engr0,S7,PGD,0.4,CW,0.3,0.7868852459016393,0.0,0,6
engr0,BLU,PGD,0.4,CW,0.4,0.7868852459016393,0.0,0,6
engr0,HTC,PGD,0.4,CW,0.4,0.7868852459016393,0.0,0,6
engr0,LG,PGD,0.4,CW,0.4,0.7868852459016393,0.0,0,6
engr0,MOTO,PGD,0.4,CW,0.4,0.7868852459016393,0.0,0,6
engr0,OP3,PGD,0.4,CW,0.4,0.7868852459016393,0.0,0,6
engr0,S7,PGD,0.4,CW,0.4,0.7868852459016393,0.0,0,6
engr0,BLU,PGD,0.4,CW,0.5,0.7868852459016393,0.0,0,6
engr0,HTC,PGD,0.4,CW,0.5,0.7868852459016393,0.0,0,6
engr0,LG,PGD,0.4,CW,0.5,0.7868852459016393,0.0,0,6
engr0,MOTO,PGD,0.4,CW,0.5,0.7868852459016393,0.0,0,6
engr0,OP3,PGD,0.4,CW,0.5,0.7868852459016393,0.0,0,6
engr0,S7,PGD,0.4,CW,0.5,0.7868852459016393,0.0,0,6
engr0,BLU,PGD,0.4,CW,0.6,0.7868852459016393,0.0,0,6
engr0,HTC,PGD,0.4,CW,0.6,0.7868852459016393,0.0,0,6
engr0,LG,PGD,0.4,CW,0.6,0.7868852459016393,0.0,0,6
engr0,MOTO,PGD,0.4,CW,0.6,0.7868852459016393,0.0,0,6
engr0,OP3,PGD,0.4,CW,0.6,0.7868852459016393,0.0,0,6
engr0,S7,PGD,0.4,CW,0.6,0.7868852459016393,0.0,0,6
engr0,BLU,PGD,0.4,CW,0.7,0.7868852459016393,0.0,0,6
engr0,HTC,PGD,0.4,CW,0.7,0.7868852459016393,0.0,0,6
engr0,LG,PGD,0.4,CW,0.7,0.7868852459016393,0.0,0,6
engr0,MOTO,PGD,0.4,CW,0.7,0.7868852459016393,0.0,0,6
engr0,OP3,PGD,0.4,CW,0.7,0.7868852459016393,0.0,0,6
engr0,S7,PGD,0.4,CW,0.7,0.7868852459016393,0.0,0,6
engr0,BLU,PGD,0.4,CW,0.8,0.7868852459016393,0.0,0,6
engr0,HTC,PGD,0.4,CW,0.8,0.7868852459016393,0.0,0,6
engr0,LG,PGD,0.4,CW,0.8,0.7868852459016393,0.0,0,6
engr0,MOTO,PGD,0.4,CW,0.8,0.7868852459016393,0.0,0,6
engr0,OP3,PGD,0.4,CW,0.8,0.7868852459016393,0.0,0,6
engr0,S7,PGD,0.4,CW,0.8,0.7868852459016393,0.0,0,6
engr0,BLU,PGD,0.4,CW,0.9,0.7868852459016393,0.0,0,6
engr0,HTC,PGD,0.4,CW,0.9,0.7868852459016393,0.0,0,6
engr0,LG,PGD,0.4,CW,0.9,0.7868852459016393,0.0,0,6
engr0,MOTO,PGD,0.4,CW,0.9,0.7868852459016393,0.0,0,6
engr0,OP3,PGD,0.4,CW,0.9,0.7868852459016393,0.0,0,6
engr0,S7,PGD,0.4,CW,0.9,0.7868852459016393,0.0,0,6
engr0,BLU,PGD,0.4,CW,1.0,0.7868852459016393,0.0,0,6
engr0,HTC,PGD,0.4,CW,1.0,0.7868852459016393,0.0,0,6
engr0,LG,PGD,0.4,CW,1.0,0.7868852459016393,0.0,0,6
engr0,MOTO,PGD,0.4,CW,1.0,0.7868852459016393,0.0,0,6
engr0,OP3,PGD,0.4,CW,1.0,0.7868852459016393,0.0,0,6
engr0,S7,PGD,0.4,CW,1.0,0.7868852459016393,0.0,0,6
engr0,BLU,PGD,0.5,CW,0.1,0.6721311475409836,0.0,0,6
engr0,HTC,PGD,0.5,CW,0.1,0.6721311475409836,0.0,0,6
engr0,LG,PGD,0.5,CW,0.1,0.6721311475409836,0.0,0,6
engr0,MOTO,PGD,0.5,CW,0.1,0.6721311475409836,0.0,0,6
engr0,OP3,PGD,0.5,CW,0.1,0.6721311475409836,0.0,0,6
engr0,S7,PGD,0.5,CW,0.1,0.6721311475409836,0.0,0,6
engr0,BLU,PGD,0.5,CW,0.2,0.6721311475409836,0.0,0,6
engr0,HTC,PGD,0.5,CW,0.2,0.6721311475409836,0.0,0,6
engr0,LG,PGD,0.5,CW,0.2,0.6721311475409836,0.0,0,6
engr0,MOTO,PGD,0.5,CW,0.2,0.6721311475409836,0.0,0,6
engr0,OP3,PGD,0.5,CW,0.2,0.6721311475409836,0.0,0,6
engr0,S7,PGD,0.5,CW,0.2,0.6721311475409836,0.0,0,6
engr0,BLU,PGD,0.5,CW,0.3,0.6721311475409836,0.0,0,6
engr0,HTC,PGD,0.5,CW,0.3,0.6721311475409836,0.0,0,6
engr0,LG,PGD,0.5,CW,0.3,0.6721311475409836,0.0,0,6
engr0,MOTO,PGD,0.5,CW,0.3,0.6721311475409836,0.0,0,6
engr0,OP3,PGD,0.5,CW,0.3,0.6721311475409836,0.0,0,6
engr0,S7,PGD,0.5,CW,0.3,0.6721311475409836,0.0,0,6
engr0,BLU,PGD,0.5,CW,0.4,0.6721311475409836,0.0,0,6
engr0,HTC,PGD,0.5,CW,0.4,0.6721311475409836,0.0,0,6
engr0,LG,PGD,0.5,CW,0.4,0.6721311475409836,0.0,0,6
engr0,MOTO,PGD,0.5,CW,0.4,0.6721311475409836,0.0,0,6
engr0,OP3,PGD,0.5,CW,0.4,0.6721311475409836,0.0,0,6
engr0,S7,PGD,0.5,CW,0.4,0.6721311475409836,0.0,0,6
engr0,BLU,PGD,0.5,CW,0.5,0.6721311475409836,0.0,0,6
engr0,HTC,PGD,0.5,CW,0.5,0.6721311475409836,0.0,0,6
engr0,LG,PGD,0.5,CW,0.5,0.6721311475409836,0.0,0,6
engr0,MOTO,PGD,0.5,CW,0.5,0.6721311475409836,0.0,0,6
engr0,OP3,PGD,0.5,CW,0.5,0.6721311475409836,0.0,0,6
engr0,S7,PGD,0.5,CW,0.5,0.6721311475409836,0.0,0,6
engr0,BLU,PGD,0.5,CW,0.6,0.6721311475409836,0.0,0,6
engr0,HTC,PGD,0.5,CW,0.6,0.6721311475409836,0.0,0,6
engr0,LG,PGD,0.5,CW,0.6,0.6721311475409836,0.0,0,6
engr0,MOTO,PGD,0.5,CW,0.6,0.6721311475409836,0.0,0,6
engr0,OP3,PGD,0.5,CW,0.6,0.6721311475409836,0.0,0,6
engr0,S7,PGD,0.5,CW,0.6,0.6721311475409836,0.0,0,6
engr0,BLU,PGD,0.5,CW,0.7,0.6721311475409836,0.0,0,6
engr0,HTC,PGD,0.5,CW,0.7,0.6721311475409836,0.0,0,6
engr0,LG,PGD,0.5,CW,0.7,0.6721311475409836,0.0,0,6
engr0,MOTO,PGD,0.5,CW,0.7,0.6721311475409836,0.0,0,6
engr0,OP3,PGD,0.5,CW,0.7,0.6721311475409836,0.0,0,6
engr0,S7,PGD,0.5,CW,0.7,0.6721311475409836,0.0,0,6
engr0,BLU,PGD,0.5,CW,0.8,0.6721311475409836,0.0,0,6
engr0,HTC,PGD,0.5,CW,0.8,0.6721311475409836,0.0,0,6
engr0,LG,PGD,0.5,CW,0.8,0.6721311475409836,0.0,0,6
engr0,MOTO,PGD,0.5,CW,0.8,0.6721311475409836,0.0,0,6
engr0,OP3,PGD,0.5,CW,0.8,0.6721311475409836,0.0,0,6
engr0,S7,PGD,0.5,CW,0.8,0.6721311475409836,0.0,0,6
engr0,BLU,PGD,0.5,CW,0.9,0.6721311475409836,0.0,0,6
engr0,HTC,PGD,0.5,CW,0.9,0.6721311475409836,0.0,0,6
engr0,LG,PGD,0.5,CW,0.9,0.6721311475409836,0.0,0,6
engr0,MOTO,PGD,0.5,CW,0.9,0.6721311475409836,0.0,0,6
engr0,OP3,PGD,0.5,CW,0.9,0.6721311475409836,0.0,0,6
engr0,S7,PGD,0.5,CW,0.9,0.6721311475409836,0.0,0,6
engr0,BLU,PGD,0.5,CW,1.0,0.6721311475409836,0.0,0,6
engr0,HTC,PGD,0.5,CW,1.0,0.6721311475409836,0.0,0,6
engr0,LG,PGD,0.5,CW,1.0,0.6721311475409836,0.0,0,6
engr0,MOTO,PGD,0.5,CW,1.0,0.6721311475409836,0.0,0,6
engr0,OP3,PGD,0.5,CW,1.0,0.6721311475409836,0.0,0,6
engr0,S7,PGD,0.5,CW,1.0,0.6721311475409836,0.0,0,6
engr0,BLU,PGD,0.6,CW,0.1,0.8032786885245902,0.0,0,5
engr0,HTC,PGD,0.6,CW,0.1,0.8032786885245902,0.0,0,5
engr0,LG,PGD,0.6,CW,0.1,0.8032786885245902,0.0,0,5
engr0,MOTO,PGD,0.6,CW,0.1,0.8032786885245902,0.0,0,5
engr0,OP3,PGD,0.6,CW,0.1,0.8032786885245902,0.0,0,5
engr0,S7,PGD,0.6,CW,0.1,0.8032786885245902,0.0,0,5
engr0,BLU,PGD,0.6,CW,0.2,0.8032786885245902,0.0,0,5
engr0,HTC,PGD,0.6,CW,0.2,0.8032786885245902,0.0,0,5
engr0,LG,PGD,0.6,CW,0.2,0.8032786885245902,0.0,0,5
engr0,MOTO,PGD,0.6,CW,0.2,0.8032786885245902,0.0,0,5
engr0,OP3,PGD,0.6,CW,0.2,0.8032786885245902,0.0,0,5
engr0,S7,PGD,0.6,CW,0.2,0.8032786885245902,0.0,0,5
engr0,BLU,PGD,0.6,CW,0.3,0.8032786885245902,0.0,0,5
engr0,HTC,PGD,0.6,CW,0.3,0.8032786885245902,0.0,0,5
engr0,LG,PGD,0.6,CW,0.3,0.8032786885245902,0.0,0,5
engr0,MOTO,PGD,0.6,CW,0.3,0.8032786885245902,0.0,0,5
engr0,OP3,PGD,0.6,CW,0.3,0.8032786885245902,0.0,0,5
engr0,S7,PGD,0.6,CW,0.3,0.8032786885245902,0.0,0,5
engr0,BLU,PGD,0.6,CW,0.4,0.8032786885245902,0.0,0,5
engr0,HTC,PGD,0.6,CW,0.4,0.8032786885245902,0.0,0,5
engr0,LG,PGD,0.6,CW,0.4,0.8032786885245902,0.0,0,5
engr0,MOTO,PGD,0.6,CW,0.4,0.8032786885245902,0.0,0,5
engr0,OP3,PGD,0.6,CW,0.4,0.8032786885245902,0.0,0,5
engr0,S7,PGD,0.6,CW,0.4,0.8032786885245902,0.0,0,5
engr0,BLU,PGD,0.6,CW,0.5,0.8032786885245902,0.0,0,5
engr0,HTC,PGD,0.6,CW,0.5,0.8032786885245902,0.0,0,5
engr0,LG,PGD,0.6,CW,0.5,0.8032786885245902,0.0,0,5
engr0,MOTO,PGD,0.6,CW,0.5,0.8032786885245902,0.0,0,5
engr0,OP3,PGD,0.6,CW,0.5,0.8032786885245902,0.0,0,5
engr0,S7,PGD,0.6,CW,0.5,0.8032786885245902,0.0,0,5
engr0,BLU,PGD,0.6,CW,0.6,0.8032786885245902,0.0,0,5
engr0,HTC,PGD,0.6,CW,0.6,0.8032786885245902,0.0,0,5
engr0,LG,PGD,0.6,CW,0.6,0.8032786885245902,0.0,0,5
engr0,MOTO,PGD,0.6,CW,0.6,0.8032786885245902,0.0,0,5
engr0,OP3,PGD,0.6,CW,0.6,0.8032786885245902,0.0,0,5
engr0,S7,PGD,0.6,CW,0.6,0.8032786885245902,0.0,0,5
engr0,BLU,PGD,0.6,CW,0.7,0.8032786885245902,0.0,0,5
engr0,HTC,PGD,0.6,CW,0.7,0.8032786885245902,0.0,0,5
engr0,LG,PGD,0.6,CW,0.7,0.8032786885245902,0.0,0,5
engr0,MOTO,PGD,0.6,CW,0.7,0.8032786885245902,0.0,0,5
engr0,OP3,PGD,0.6,CW,0.7,0.8032786885245902,0.0,0,5
engr0,S7,PGD,0.6,CW,0.7,0.8032786885245902,0.0,0,5
engr0,BLU,PGD,0.6,CW,0.8,0.8032786885245902,0.0,0,5
engr0,HTC,PGD,0.6,CW,0.8,0.8032786885245902,0.0,0,5
engr0,LG,PGD,0.6,CW,0.8,0.8032786885245902,0.0,0,5
engr0,MOTO,PGD,0.6,CW,0.8,0.8032786885245902,0.0,0,5
engr0,OP3,PGD,0.6,CW,0.8,0.8032786885245902,0.0,0,5
engr0,S7,PGD,0.6,CW,0.8,0.8032786885245902,0.0,0,5
engr0,BLU,PGD,0.6,CW,0.9,0.8032786885245902,0.0,0,5
engr0,HTC,PGD,0.6,CW,0.9,0.8032786885245902,0.0,0,5
engr0,LG,PGD,0.6,CW,0.9,0.8032786885245902,0.0,0,5
engr0,MOTO,PGD,0.6,CW,0.9,0.8032786885245902,0.0,0,5
engr0,OP3,PGD,0.6,CW,0.9,0.8032786885245902,0.0,0,5
engr0,S7,PGD,0.6,CW,0.9,0.8032786885245902,0.0,0,5
engr0,BLU,PGD,0.6,CW,1.0,0.8032786885245902,0.0,0,5
engr0,HTC,PGD,0.6,CW,1.0,0.8032786885245902,0.0,0,5
engr0,LG,PGD,0.6,CW,1.0,0.8032786885245902,0.0,0,5
engr0,MOTO,PGD,0.6,CW,1.0,0.8032786885245902,0.0,0,5
engr0,OP3,PGD,0.6,CW,1.0,0.8032786885245902,0.0,0,5
engr0,S7,PGD,0.6,CW,1.0,0.8032786885245902,0.0,0,5
engr0,BLU,PGD,0.7,CW,0.1,1.5245901639344261,0.0,0,47
engr0,HTC,PGD,0.7,CW,0.1,1.5245901639344261,0.0,0,47
engr0,LG,PGD,0.7,CW,0.1,1.5245901639344261,0.0,0,47
engr0,MOTO,PGD,0.7,CW,0.1,1.5245901639344261,0.0,0,47
engr0,OP3,PGD,0.7,CW,0.1,1.5245901639344261,0.0,0,47
engr0,S7,PGD,0.7,CW,0.1,1.5245901639344261,0.0,0,47
engr0,BLU,PGD,0.7,CW,0.2,1.5245901639344261,0.0,0,47
engr0,HTC,PGD,0.7,CW,0.2,1.5245901639344261,0.0,0,47
engr0,LG,PGD,0.7,CW,0.2,1.5245901639344261,0.0,0,47
engr0,MOTO,PGD,0.7,CW,0.2,1.5245901639344261,0.0,0,47
engr0,OP3,PGD,0.7,CW,0.2,1.5245901639344261,0.0,0,47
engr0,S7,PGD,0.7,CW,0.2,1.5245901639344261,0.0,0,47
engr0,BLU,PGD,0.7,CW,0.3,1.5245901639344261,0.0,0,47
engr0,HTC,PGD,0.7,CW,0.3,1.5245901639344261,0.0,0,47
engr0,LG,PGD,0.7,CW,0.3,1.5245901639344261,0.0,0,47
engr0,MOTO,PGD,0.7,CW,0.3,1.5245901639344261,0.0,0,47
engr0,OP3,PGD,0.7,CW,0.3,1.5245901639344261,0.0,0,47
engr0,S7,PGD,0.7,CW,0.3,1.5245901639344261,0.0,0,47
engr0,BLU,PGD,0.7,CW,0.4,1.5245901639344261,0.0,0,47
engr0,HTC,PGD,0.7,CW,0.4,1.5245901639344261,0.0,0,47
engr0,LG,PGD,0.7,CW,0.4,1.5245901639344261,0.0,0,47
engr0,MOTO,PGD,0.7,CW,0.4,1.5245901639344261,0.0,0,47
engr0,OP3,PGD,0.7,CW,0.4,1.5245901639344261,0.0,0,47
engr0,S7,PGD,0.7,CW,0.4,1.5245901639344261,0.0,0,47
engr0,BLU,PGD,0.7,CW,0.5,1.5245901639344261,0.0,0,47
engr0,HTC,PGD,0.7,CW,0.5,1.5245901639344261,0.0,0,47
engr0,LG,PGD,0.7,CW,0.5,1.5245901639344261,0.0,0,47
engr0,MOTO,PGD,0.7,CW,0.5,1.5245901639344261,0.0,0,47
engr0,OP3,PGD,0.7,CW,0.5,1.5245901639344261,0.0,0,47
engr0,S7,PGD,0.7,CW,0.5,1.5245901639344261,0.0,0,47
engr0,BLU,PGD,0.7,CW,0.6,1.5245901639344261,0.0,0,47
engr0,HTC,PGD,0.7,CW,0.6,1.5245901639344261,0.0,0,47
engr0,LG,PGD,0.7,CW,0.6,1.5245901639344261,0.0,0,47
engr0,MOTO,PGD,0.7,CW,0.6,1.5245901639344261,0.0,0,47
engr0,OP3,PGD,0.7,CW,0.6,1.5245901639344261,0.0,0,47
engr0,S7,PGD,0.7,CW,0.6,1.5245901639344261,0.0,0,47
engr0,BLU,PGD,0.7,CW,0.7,1.5245901639344261,0.0,0,47
engr0,HTC,PGD,0.7,CW,0.7,1.5245901639344261,0.0,0,47
engr0,LG,PGD,0.7,CW,0.7,1.5245901639344261,0.0,0,47
engr0,MOTO,PGD,0.7,CW,0.7,1.5245901639344261,0.0,0,47
engr0,OP3,PGD,0.7,CW,0.7,1.5245901639344261,0.0,0,47
engr0,S7,PGD,0.7,CW,0.7,1.5245901639344261,0.0,0,47
engr0,BLU,PGD,0.7,CW,0.8,1.5245901639344261,0.0,0,47
engr0,HTC,PGD,0.7,CW,0.8,1.5245901639344261,0.0,0,47
engr0,LG,PGD,0.7,CW,0.8,1.5245901639344261,0.0,0,47
engr0,MOTO,PGD,0.7,CW,0.8,1.5245901639344261,0.0,0,47
engr0,OP3,PGD,0.7,CW,0.8,1.5245901639344261,0.0,0,47
engr0,S7,PGD,0.7,CW,0.8,1.5245901639344261,0.0,0,47
engr0,BLU,PGD,0.7,CW,0.9,1.5245901639344261,0.0,0,47
engr0,HTC,PGD,0.7,CW,0.9,1.5245901639344261,0.0,0,47
engr0,LG,PGD,0.7,CW,0.9,1.5245901639344261,0.0,0,47
engr0,MOTO,PGD,0.7,CW,0.9,1.5245901639344261,0.0,0,47
engr0,OP3,PGD,0.7,CW,0.9,1.5245901639344261,0.0,0,47
engr0,S7,PGD,0.7,CW,0.9,1.5245901639344261,0.0,0,47
engr0,BLU,PGD,0.7,CW,1.0,1.5245901639344261,0.0,0,47
engr0,HTC,PGD,0.7,CW,1.0,1.5245901639344261,0.0,0,47
engr0,LG,PGD,0.7,CW,1.0,1.5245901639344261,0.0,0,47
engr0,MOTO,PGD,0.7,CW,1.0,1.5245901639344261,0.0,0,47
engr0,OP3,PGD,0.7,CW,1.0,1.5245901639344261,0.0,0,47
engr0,S7,PGD,0.7,CW,1.0,1.5245901639344261,0.0,0,47
engr0,BLU,PGD,0.8,CW,0.1,0.6557377049180327,0.0,0,3
engr0,HTC,PGD,0.8,CW,0.1,0.6557377049180327,0.0,0,3
engr0,LG,PGD,0.8,CW,0.1,0.6557377049180327,0.0,0,3
engr0,MOTO,PGD,0.8,CW,0.1,0.6557377049180327,0.0,0,3
engr0,OP3,PGD,0.8,CW,0.1,0.6557377049180327,0.0,0,3
engr0,S7,PGD,0.8,CW,0.1,0.6557377049180327,0.0,0,3
engr0,BLU,PGD,0.8,CW,0.2,0.6557377049180327,0.0,0,3
engr0,HTC,PGD,0.8,CW,0.2,0.6557377049180327,0.0,0,3
engr0,LG,PGD,0.8,CW,0.2,0.6557377049180327,0.0,0,3
engr0,MOTO,PGD,0.8,CW,0.2,0.6557377049180327,0.0,0,3
engr0,OP3,PGD,0.8,CW,0.2,0.6557377049180327,0.0,0,3
engr0,S7,PGD,0.8,CW,0.2,0.6557377049180327,0.0,0,3
engr0,BLU,PGD,0.8,CW,0.3,0.6557377049180327,0.0,0,3
engr0,HTC,PGD,0.8,CW,0.3,0.6557377049180327,0.0,0,3
engr0,LG,PGD,0.8,CW,0.3,0.6557377049180327,0.0,0,3
engr0,MOTO,PGD,0.8,CW,0.3,0.6557377049180327,0.0,0,3
engr0,OP3,PGD,0.8,CW,0.3,0.6557377049180327,0.0,0,3
engr0,S7,PGD,0.8,CW,0.3,0.6557377049180327,0.0,0,3
engr0,BLU,PGD,0.8,CW,0.4,0.6557377049180327,0.0,0,3
engr0,HTC,PGD,0.8,CW,0.4,0.6557377049180327,0.0,0,3
engr0,LG,PGD,0.8,CW,0.4,0.6557377049180327,0.0,0,3
engr0,MOTO,PGD,0.8,CW,0.4,0.6557377049180327,0.0,0,3
engr0,OP3,PGD,0.8,CW,0.4,0.6557377049180327,0.0,0,3
engr0,S7,PGD,0.8,CW,0.4,0.6557377049180327,0.0,0,3
engr0,BLU,PGD,0.8,CW,0.5,0.6557377049180327,0.0,0,3
engr0,HTC,PGD,0.8,CW,0.5,0.6557377049180327,0.0,0,3
engr0,LG,PGD,0.8,CW,0.5,0.6557377049180327,0.0,0,3
engr0,MOTO,PGD,0.8,CW,0.5,0.6557377049180327,0.0,0,3
engr0,OP3,PGD,0.8,CW,0.5,0.6557377049180327,0.0,0,3
engr0,S7,PGD,0.8,CW,0.5,0.6557377049180327,0.0,0,3
engr0,BLU,PGD,0.8,CW,0.6,0.6557377049180327,0.0,0,3
engr0,HTC,PGD,0.8,CW,0.6,0.6557377049180327,0.0,0,3
engr0,LG,PGD,0.8,CW,0.6,0.6557377049180327,0.0,0,3
engr0,MOTO,PGD,0.8,CW,0.6,0.6557377049180327,0.0,0,3
engr0,OP3,PGD,0.8,CW,0.6,0.6557377049180327,0.0,0,3
engr0,S7,PGD,0.8,CW,0.6,0.6557377049180327,0.0,0,3
engr0,BLU,PGD,0.8,CW,0.7,0.6557377049180327,0.0,0,3
engr0,HTC,PGD,0.8,CW,0.7,0.6557377049180327,0.0,0,3
engr0,LG,PGD,0.8,CW,0.7,0.6557377049180327,0.0,0,3
engr0,MOTO,PGD,0.8,CW,0.7,0.6557377049180327,0.0,0,3
engr0,OP3,PGD,0.8,CW,0.7,0.6557377049180327,0.0,0,3
engr0,S7,PGD,0.8,CW,0.7,0.6557377049180327,0.0,0,3
engr0,BLU,PGD,0.8,CW,0.8,0.6557377049180327,0.0,0,3
engr0,HTC,PGD,0.8,CW,0.8,0.6557377049180327,0.0,0,3
engr0,LG,PGD,0.8,CW,0.8,0.6557377049180327,0.0,0,3
engr0,MOTO,PGD,0.8,CW,0.8,0.6557377049180327,0.0,0,3
engr0,OP3,PGD,0.8,CW,0.8,0.6557377049180327,0.0,0,3
engr0,S7,PGD,0.8,CW,0.8,0.6557377049180327,0.0,0,3
engr0,BLU,PGD,0.8,CW,0.9,0.6557377049180327,0.0,0,3
engr0,HTC,PGD,0.8,CW,0.9,0.6557377049180327,0.0,0,3
engr0,LG,PGD,0.8,CW,0.9,0.6557377049180327,0.0,0,3
engr0,MOTO,PGD,0.8,CW,0.9,0.6557377049180327,0.0,0,3
engr0,OP3,PGD,0.8,CW,0.9,0.6557377049180327,0.0,0,3
engr0,S7,PGD,0.8,CW,0.9,0.6557377049180327,0.0,0,3
engr0,BLU,PGD,0.8,CW,1.0,0.6557377049180327,0.0,0,3
engr0,HTC,PGD,0.8,CW,1.0,0.6557377049180327,0.0,0,3
engr0,LG,PGD,0.8,CW,1.0,0.6557377049180327,0.0,0,3
engr0,MOTO,PGD,0.8,CW,1.0,0.6557377049180327,0.0,0,3
engr0,OP3,PGD,0.8,CW,1.0,0.6557377049180327,0.0,0,3
engr0,S7,PGD,0.8,CW,1.0,0.6557377049180327,0.0,0,3
engr0,BLU,PGD,0.9,CW,0.1,0.5081967213114754,0.0,0,2
engr0,HTC,PGD,0.9,CW,0.1,0.5081967213114754,0.0,0,2
engr0,LG,PGD,0.9,CW,0.1,0.5081967213114754,0.0,0,2
engr0,MOTO,PGD,0.9,CW,0.1,0.5081967213114754,0.0,0,2
engr0,OP3,PGD,0.9,CW,0.1,0.5081967213114754,0.0,0,2
engr0,S7,PGD,0.9,CW,0.1,0.5081967213114754,0.0,0,2
engr0,BLU,PGD,0.9,CW,0.2,0.5081967213114754,0.0,0,2
engr0,HTC,PGD,0.9,CW,0.2,0.5081967213114754,0.0,0,2
engr0,LG,PGD,0.9,CW,0.2,0.5081967213114754,0.0,0,2
engr0,MOTO,PGD,0.9,CW,0.2,0.5081967213114754,0.0,0,2
engr0,OP3,PGD,0.9,CW,0.2,0.5081967213114754,0.0,0,2
engr0,S7,PGD,0.9,CW,0.2,0.5081967213114754,0.0,0,2
engr0,BLU,PGD,0.9,CW,0.3,0.5081967213114754,0.0,0,2
engr0,HTC,PGD,0.9,CW,0.3,0.5081967213114754,0.0,0,2
engr0,LG,PGD,0.9,CW,0.3,0.5081967213114754,0.0,0,2
engr0,MOTO,PGD,0.9,CW,0.3,0.5081967213114754,0.0,0,2
engr0,OP3,PGD,0.9,CW,0.3,0.5081967213114754,0.0,0,2
engr0,S7,PGD,0.9,CW,0.3,0.5081967213114754,0.0,0,2
engr0,BLU,PGD,0.9,CW,0.4,0.5081967213114754,0.0,0,2
engr0,HTC,PGD,0.9,CW,0.4,0.5081967213114754,0.0,0,2
engr0,LG,PGD,0.9,CW,0.4,0.5081967213114754,0.0,0,2
engr0,MOTO,PGD,0.9,CW,0.4,0.5081967213114754,0.0,0,2
engr0,OP3,PGD,0.9,CW,0.4,0.5081967213114754,0.0,0,2
engr0,S7,PGD,0.9,CW,0.4,0.5081967213114754,0.0,0,2
engr0,BLU,PGD,0.9,CW,0.5,0.5081967213114754,0.0,0,2
engr0,HTC,PGD,0.9,CW,0.5,0.5081967213114754,0.0,0,2
engr0,LG,PGD,0.9,CW,0.5,0.5081967213114754,0.0,0,2
engr0,MOTO,PGD,0.9,CW,0.5,0.5081967213114754,0.0,0,2
engr0,OP3,PGD,0.9,CW,0.5,0.5081967213114754,0.0,0,2
engr0,S7,PGD,0.9,CW,0.5,0.5081967213114754,0.0,0,2
engr0,BLU,PGD,0.9,CW,0.6,0.5081967213114754,0.0,0,2
engr0,HTC,PGD,0.9,CW,0.6,0.5081967213114754,0.0,0,2
engr0,LG,PGD,0.9,CW,0.6,0.5081967213114754,0.0,0,2
engr0,MOTO,PGD,0.9,CW,0.6,0.5081967213114754,0.0,0,2
engr0,OP3,PGD,0.9,CW,0.6,0.5081967213114754,0.0,0,2
engr0,S7,PGD,0.9,CW,0.6,0.5081967213114754,0.0,0,2
engr0,BLU,PGD,0.9,CW,0.7,0.5081967213114754,0.0,0,2
engr0,HTC,PGD,0.9,CW,0.7,0.5081967213114754,0.0,0,2
engr0,LG,PGD,0.9,CW,0.7,0.5081967213114754,0.0,0,2
engr0,MOTO,PGD,0.9,CW,0.7,0.5081967213114754,0.0,0,2
engr0,OP3,PGD,0.9,CW,0.7,0.5081967213114754,0.0,0,2
engr0,S7,PGD,0.9,CW,0.7,0.5081967213114754,0.0,0,2
engr0,BLU,PGD,0.9,CW,0.8,0.5081967213114754,0.0,0,2
engr0,HTC,PGD,0.9,CW,0.8,0.5081967213114754,0.0,0,2
engr0,LG,PGD,0.9,CW,0.8,0.5081967213114754,0.0,0,2
engr0,MOTO,PGD,0.9,CW,0.8,0.5081967213114754,0.0,0,2
engr0,OP3,PGD,0.9,CW,0.8,0.5081967213114754,0.0,0,2
engr0,S7,PGD,0.9,CW,0.8,0.5081967213114754,0.0,0,2
engr0,BLU,PGD,0.9,CW,0.9,0.5081967213114754,0.0,0,2
engr0,HTC,PGD,0.9,CW,0.9,0.5081967213114754,0.0,0,2
engr0,LG,PGD,0.9,CW,0.9,0.5081967213114754,0.0,0,2
engr0,MOTO,PGD,0.9,CW,0.9,0.5081967213114754,0.0,0,2
engr0,OP3,PGD,0.9,CW,0.9,0.5081967213114754,0.0,0,2
engr0,S7,PGD,0.9,CW,0.9,0.5081967213114754,0.0,0,2
engr0,BLU,PGD,0.9,CW,1.0,0.5081967213114754,0.0,0,2
engr0,HTC,PGD,0.9,CW,1.0,0.5081967213114754,0.0,0,2
engr0,LG,PGD,0.9,CW,1.0,0.5081967213114754,0.0,0,2
engr0,MOTO,PGD,0.9,CW,1.0,0.5081967213114754,0.0,0,2
engr0,OP3,PGD,0.9,CW,1.0,0.5081967213114754,0.0,0,2
engr0,S7,PGD,0.9,CW,1.0,0.5081967213114754,0.0,0,2
engr0,BLU,PGD,1.0,CW,0.1,0.819672131147541,1.0,0,4
engr0,HTC,PGD,1.0,CW,0.1,0.819672131147541,1.0,0,4
engr0,LG,PGD,1.0,CW,0.1,0.819672131147541,1.0,0,4
engr0,MOTO,PGD,1.0,CW,0.1,0.819672131147541,1.0,0,4
engr0,OP3,PGD,1.0,CW,0.1,0.819672131147541,1.0,0,4
engr0,S7,PGD,1.0,CW,0.1,0.819672131147541,1.0,0,4
engr0,BLU,PGD,1.0,CW,0.2,0.819672131147541,1.0,0,4
engr0,HTC,PGD,1.0,CW,0.2,0.819672131147541,1.0,0,4
engr0,LG,PGD,1.0,CW,0.2,0.819672131147541,1.0,0,4
engr0,MOTO,PGD,1.0,CW,0.2,0.819672131147541,1.0,0,4
engr0,OP3,PGD,1.0,CW,0.2,0.819672131147541,1.0,0,4
engr0,S7,PGD,1.0,CW,0.2,0.819672131147541,1.0,0,4
engr0,BLU,PGD,1.0,CW,0.3,0.819672131147541,1.0,0,4
engr0,HTC,PGD,1.0,CW,0.3,0.819672131147541,1.0,0,4
engr0,LG,PGD,1.0,CW,0.3,0.819672131147541,1.0,0,4
engr0,MOTO,PGD,1.0,CW,0.3,0.819672131147541,1.0,0,4
engr0,OP3,PGD,1.0,CW,0.3,0.819672131147541,1.0,0,4
engr0,S7,PGD,1.0,CW,0.3,0.819672131147541,1.0,0,4
engr0,BLU,PGD,1.0,CW,0.4,0.819672131147541,1.0,0,4
engr0,HTC,PGD,1.0,CW,0.4,0.819672131147541,1.0,0,4
engr0,LG,PGD,1.0,CW,0.4,0.819672131147541,1.0,0,4
engr0,MOTO,PGD,1.0,CW,0.4,0.819672131147541,1.0,0,4
engr0,OP3,PGD,1.0,CW,0.4,0.819672131147541,1.0,0,4
engr0,S7,PGD,1.0,CW,0.4,0.819672131147541,1.0,0,4
engr0,BLU,PGD,1.0,CW,0.5,0.819672131147541,1.0,0,4
engr0,HTC,PGD,1.0,CW,0.5,0.819672131147541,1.0,0,4
engr0,LG,PGD,1.0,CW,0.5,0.819672131147541,1.0,0,4
engr0,MOTO,PGD,1.0,CW,0.5,0.819672131147541,1.0,0,4
engr0,OP3,PGD,1.0,CW,0.5,0.819672131147541,1.0,0,4
engr0,S7,PGD,1.0,CW,0.5,0.819672131147541,1.0,0,4
engr0,BLU,PGD,1.0,CW,0.6,0.819672131147541,1.0,0,4
engr0,HTC,PGD,1.0,CW,0.6,0.819672131147541,1.0,0,4
engr0,LG,PGD,1.0,CW,0.6,0.819672131147541,1.0,0,4
engr0,MOTO,PGD,1.0,CW,0.6,0.819672131147541,1.0,0,4
engr0,OP3,PGD,1.0,CW,0.6,0.819672131147541,1.0,0,4
engr0,S7,PGD,1.0,CW,0.6,0.819672131147541,1.0,0,4
engr0,BLU,PGD,1.0,CW,0.7,0.819672131147541,1.0,0,4
engr0,HTC,PGD,1.0,CW,0.7,0.819672131147541,1.0,0,4
engr0,LG,PGD,1.0,CW,0.7,0.819672131147541,1.0,0,4
engr0,MOTO,PGD,1.0,CW,0.7,0.819672131147541,1.0,0,4
engr0,OP3,PGD,1.0,CW,0.7,0.819672131147541,1.0,0,4
engr0,S7,PGD,1.0,CW,0.7,0.819672131147541,1.0,0,4
engr0,BLU,PGD,1.0,CW,0.8,0.819672131147541,1.0,0,4
engr0,HTC,PGD,1.0,CW,0.8,0.819672131147541,1.0,0,4
engr0,LG,PGD,1.0,CW,0.8,0.819672131147541,1.0,0,4
engr0,MOTO,PGD,1.0,CW,0.8,0.819672131147541,1.0,0,4
engr0,OP3,PGD,1.0,CW,0.8,0.819672131147541,1.0,0,4
engr0,S7,PGD,1.0,CW,0.8,0.819672131147541,1.0,0,4
engr0,BLU,PGD,1.0,CW,0.9,0.819672131147541,1.0,0,4
engr0,HTC,PGD,1.0,CW,0.9,0.819672131147541,1.0,0,4
engr0,LG,PGD,1.0,CW,0.9,0.819672131147541,1.0,0,4
engr0,MOTO,PGD,1.0,CW,0.9,0.819672131147541,1.0,0,4
engr0,OP3,PGD,1.0,CW,0.9,0.819672131147541,1.0,0,4
engr0,S7,PGD,1.0,CW,0.9,0.819672131147541,1.0,0,4
engr0,BLU,PGD,1.0,CW,1.0,0.819672131147541,1.0,0,4
engr0,HTC,PGD,1.0,CW,1.0,0.819672131147541,1.0,0,4
engr0,LG,PGD,1.0,CW,1.0,0.819672131147541,1.0,0,4
engr0,MOTO,PGD,1.0,CW,1.0,0.819672131147541,1.0,0,4
engr0,OP3,PGD,1.0,CW,1.0,0.819672131147541,1.0,0,4
engr0,S7,PGD,1.0,CW,1.0,0.819672131147541,1.0,0,4
engr0,BLU,MIM,0.1,CW,0.1,0.5901639344262295,0.0,0,3
engr0,HTC,MIM,0.1,CW,0.1,0.5901639344262295,0.0,0,3
engr0,LG,MIM,0.1,CW,0.1,0.5901639344262295,0.0,0,3
engr0,MOTO,MIM,0.1,CW,0.1,0.5901639344262295,0.0,0,3
engr0,OP3,MIM,0.1,CW,0.1,0.5901639344262295,0.0,0,3
engr0,S7,MIM,0.1,CW,0.1,0.5901639344262295,0.0,0,3
engr0,BLU,MIM,0.1,CW,0.2,0.5901639344262295,0.0,0,3
engr0,HTC,MIM,0.1,CW,0.2,0.5901639344262295,0.0,0,3
engr0,LG,MIM,0.1,CW,0.2,0.5901639344262295,0.0,0,3
engr0,MOTO,MIM,0.1,CW,0.2,0.5901639344262295,0.0,0,3
engr0,OP3,MIM,0.1,CW,0.2,0.5901639344262295,0.0,0,3
engr0,S7,MIM,0.1,CW,0.2,0.5901639344262295,0.0,0,3
engr0,BLU,MIM,0.1,CW,0.3,0.5901639344262295,0.0,0,3
engr0,HTC,MIM,0.1,CW,0.3,0.5901639344262295,0.0,0,3
engr0,LG,MIM,0.1,CW,0.3,0.5901639344262295,0.0,0,3
engr0,MOTO,MIM,0.1,CW,0.3,0.5901639344262295,0.0,0,3
engr0,OP3,MIM,0.1,CW,0.3,0.5901639344262295,0.0,0,3
engr0,S7,MIM,0.1,CW,0.3,0.5901639344262295,0.0,0,3
engr0,BLU,MIM,0.1,CW,0.4,0.5901639344262295,0.0,0,3
engr0,HTC,MIM,0.1,CW,0.4,0.5901639344262295,0.0,0,3
engr0,LG,MIM,0.1,CW,0.4,0.5901639344262295,0.0,0,3
engr0,MOTO,MIM,0.1,CW,0.4,0.5901639344262295,0.0,0,3
engr0,OP3,MIM,0.1,CW,0.4,0.5901639344262295,0.0,0,3
engr0,S7,MIM,0.1,CW,0.4,0.5901639344262295,0.0,0,3
engr0,BLU,MIM,0.1,CW,0.5,0.5901639344262295,0.0,0,3
engr0,HTC,MIM,0.1,CW,0.5,0.5901639344262295,0.0,0,3
engr0,LG,MIM,0.1,CW,0.5,0.5901639344262295,0.0,0,3
engr0,MOTO,MIM,0.1,CW,0.5,0.5901639344262295,0.0,0,3
engr0,OP3,MIM,0.1,CW,0.5,0.5901639344262295,0.0,0,3
engr0,S7,MIM,0.1,CW,0.5,0.5901639344262295,0.0,0,3
engr0,BLU,MIM,0.1,CW,0.6,0.5901639344262295,0.0,0,3
engr0,HTC,MIM,0.1,CW,0.6,0.5901639344262295,0.0,0,3
engr0,LG,MIM,0.1,CW,0.6,0.5901639344262295,0.0,0,3
engr0,MOTO,MIM,0.1,CW,0.6,0.5901639344262295,0.0,0,3
engr0,OP3,MIM,0.1,CW,0.6,0.5901639344262295,0.0,0,3
engr0,S7,MIM,0.1,CW,0.6,0.5901639344262295,0.0,0,3
engr0,BLU,MIM,0.1,CW,0.7,0.5901639344262295,0.0,0,3
engr0,HTC,MIM,0.1,CW,0.7,0.5901639344262295,0.0,0,3
engr0,LG,MIM,0.1,CW,0.7,0.5901639344262295,0.0,0,3
engr0,MOTO,MIM,0.1,CW,0.7,0.5901639344262295,0.0,0,3
engr0,OP3,MIM,0.1,CW,0.7,0.5901639344262295,0.0,0,3
engr0,S7,MIM,0.1,CW,0.7,0.5901639344262295,0.0,0,3
engr0,BLU,MIM,0.1,CW,0.8,0.5901639344262295,0.0,0,3
engr0,HTC,MIM,0.1,CW,0.8,0.5901639344262295,0.0,0,3
engr0,LG,MIM,0.1,CW,0.8,0.5901639344262295,0.0,0,3
engr0,MOTO,MIM,0.1,CW,0.8,0.5901639344262295,0.0,0,3
engr0,OP3,MIM,0.1,CW,0.8,0.5901639344262295,0.0,0,3
engr0,S7,MIM,0.1,CW,0.8,0.5901639344262295,0.0,0,3
engr0,BLU,MIM,0.1,CW,0.9,0.5901639344262295,0.0,0,3
engr0,HTC,MIM,0.1,CW,0.9,0.5901639344262295,0.0,0,3
engr0,LG,MIM,0.1,CW,0.9,0.5901639344262295,0.0,0,3
engr0,MOTO,MIM,0.1,CW,0.9,0.5901639344262295,0.0,0,3
engr0,OP3,MIM,0.1,CW,0.9,0.5901639344262295,0.0,0,3
engr0,S7,MIM,0.1,CW,0.9,0.5901639344262295,0.0,0,3
engr0,BLU,MIM,0.1,CW,1.0,0.5901639344262295,0.0,0,3
engr0,HTC,MIM,0.1,CW,1.0,0.5901639344262295,0.0,0,3
engr0,LG,MIM,0.1,CW,1.0,0.5901639344262295,0.0,0,3
engr0,MOTO,MIM,0.1,CW,1.0,0.5901639344262295,0.0,0,3
engr0,OP3,MIM,0.1,CW,1.0,0.5901639344262295,0.0,0,3
engr0,S7,MIM,0.1,CW,1.0,0.5901639344262295,0.0,0,3
engr0,BLU,MIM,0.2,CW,0.1,0.7049180327868853,0.0,0,4
engr0,HTC,MIM,0.2,CW,0.1,0.7049180327868853,0.0,0,4
engr0,LG,MIM,0.2,CW,0.1,0.7049180327868853,0.0,0,4
engr0,MOTO,MIM,0.2,CW,0.1,0.7049180327868853,0.0,0,4
engr0,OP3,MIM,0.2,CW,0.1,0.7049180327868853,0.0,0,4
engr0,S7,MIM,0.2,CW,0.1,0.7049180327868853,0.0,0,4
engr0,BLU,MIM,0.2,CW,0.2,0.7049180327868853,0.0,0,4
engr0,HTC,MIM,0.2,CW,0.2,0.7049180327868853,0.0,0,4
engr0,LG,MIM,0.2,CW,0.2,0.7049180327868853,0.0,0,4
engr0,MOTO,MIM,0.2,CW,0.2,0.7049180327868853,0.0,0,4
engr0,OP3,MIM,0.2,CW,0.2,0.7049180327868853,0.0,0,4
engr0,S7,MIM,0.2,CW,0.2,0.7049180327868853,0.0,0,4
engr0,BLU,MIM,0.2,CW,0.3,0.7049180327868853,0.0,0,4
engr0,HTC,MIM,0.2,CW,0.3,0.7049180327868853,0.0,0,4
engr0,LG,MIM,0.2,CW,0.3,0.7049180327868853,0.0,0,4
engr0,MOTO,MIM,0.2,CW,0.3,0.7049180327868853,0.0,0,4
engr0,OP3,MIM,0.2,CW,0.3,0.7049180327868853,0.0,0,4
engr0,S7,MIM,0.2,CW,0.3,0.7049180327868853,0.0,0,4
engr0,BLU,MIM,0.2,CW,0.4,0.7049180327868853,0.0,0,4
engr0,HTC,MIM,0.2,CW,0.4,0.7049180327868853,0.0,0,4
engr0,LG,MIM,0.2,CW,0.4,0.7049180327868853,0.0,0,4
engr0,MOTO,MIM,0.2,CW,0.4,0.7049180327868853,0.0,0,4
engr0,OP3,MIM,0.2,CW,0.4,0.7049180327868853,0.0,0,4
engr0,S7,MIM,0.2,CW,0.4,0.7049180327868853,0.0,0,4
engr0,BLU,MIM,0.2,CW,0.5,0.7049180327868853,0.0,0,4
engr0,HTC,MIM,0.2,CW,0.5,0.7049180327868853,0.0,0,4
engr0,LG,MIM,0.2,CW,0.5,0.7049180327868853,0.0,0,4
engr0,MOTO,MIM,0.2,CW,0.5,0.7049180327868853,0.0,0,4
engr0,OP3,MIM,0.2,CW,0.5,0.7049180327868853,0.0,0,4
engr0,S7,MIM,0.2,CW,0.5,0.7049180327868853,0.0,0,4
engr0,BLU,MIM,0.2,CW,0.6,0.7049180327868853,0.0,0,4
engr0,HTC,MIM,0.2,CW,0.6,0.7049180327868853,0.0,0,4
engr0,LG,MIM,0.2,CW,0.6,0.7049180327868853,0.0,0,4
engr0,MOTO,MIM,0.2,CW,0.6,0.7049180327868853,0.0,0,4
engr0,OP3,MIM,0.2,CW,0.6,0.7049180327868853,0.0,0,4
engr0,S7,MIM,0.2,CW,0.6,0.7049180327868853,0.0,0,4
engr0,BLU,MIM,0.2,CW,0.7,0.7049180327868853,0.0,0,4
engr0,HTC,MIM,0.2,CW,0.7,0.7049180327868853,0.0,0,4
engr0,LG,MIM,0.2,CW,0.7,0.7049180327868853,0.0,0,4
engr0,MOTO,MIM,0.2,CW,0.7,0.7049180327868853,0.0,0,4
engr0,OP3,MIM,0.2,CW,0.7,0.7049180327868853,0.0,0,4
engr0,S7,MIM,0.2,CW,0.7,0.7049180327868853,0.0,0,4
engr0,BLU,MIM,0.2,CW,0.8,0.7049180327868853,0.0,0,4
engr0,HTC,MIM,0.2,CW,0.8,0.7049180327868853,0.0,0,4
engr0,LG,MIM,0.2,CW,0.8,0.7049180327868853,0.0,0,4
engr0,MOTO,MIM,0.2,CW,0.8,0.7049180327868853,0.0,0,4
engr0,OP3,MIM,0.2,CW,0.8,0.7049180327868853,0.0,0,4
engr0,S7,MIM,0.2,CW,0.8,0.7049180327868853,0.0,0,4
engr0,BLU,MIM,0.2,CW,0.9,0.7049180327868853,0.0,0,4
engr0,HTC,MIM,0.2,CW,0.9,0.7049180327868853,0.0,0,4
engr0,LG,MIM,0.2,CW,0.9,0.7049180327868853,0.0,0,4
engr0,MOTO,MIM,0.2,CW,0.9,0.7049180327868853,0.0,0,4
engr0,OP3,MIM,0.2,CW,0.9,0.7049180327868853,0.0,0,4
engr0,S7,MIM,0.2,CW,0.9,0.7049180327868853,0.0,0,4
engr0,BLU,MIM,0.2,CW,1.0,0.7049180327868853,0.0,0,4
engr0,HTC,MIM,0.2,CW,1.0,0.7049180327868853,0.0,0,4
engr0,LG,MIM,0.2,CW,1.0,0.7049180327868853,0.0,0,4
engr0,MOTO,MIM,0.2,CW,1.0,0.7049180327868853,0.0,0,4
engr0,OP3,MIM,0.2,CW,1.0,0.7049180327868853,0.0,0,4
engr0,S7,MIM,0.2,CW,1.0,0.7049180327868853,0.0,0,4
engr0,BLU,MIM,0.3,CW,0.1,0.7213114754098361,0.0,0,5
engr0,HTC,MIM,0.3,CW,0.1,0.7213114754098361,0.0,0,5
engr0,LG,MIM,0.3,CW,0.1,0.7213114754098361,0.0,0,5
engr0,MOTO,MIM,0.3,CW,0.1,0.7213114754098361,0.0,0,5
engr0,OP3,MIM,0.3,CW,0.1,0.7213114754098361,0.0,0,5
engr0,S7,MIM,0.3,CW,0.1,0.7213114754098361,0.0,0,5
engr0,BLU,MIM,0.3,CW,0.2,0.7213114754098361,0.0,0,5
engr0,HTC,MIM,0.3,CW,0.2,0.7213114754098361,0.0,0,5
engr0,LG,MIM,0.3,CW,0.2,0.7213114754098361,0.0,0,5
engr0,MOTO,MIM,0.3,CW,0.2,0.7213114754098361,0.0,0,5
engr0,OP3,MIM,0.3,CW,0.2,0.7213114754098361,0.0,0,5
engr0,S7,MIM,0.3,CW,0.2,0.7213114754098361,0.0,0,5
engr0,BLU,MIM,0.3,CW,0.3,0.7213114754098361,0.0,0,5
engr0,HTC,MIM,0.3,CW,0.3,0.7213114754098361,0.0,0,5
engr0,LG,MIM,0.3,CW,0.3,0.7213114754098361,0.0,0,5
engr0,MOTO,MIM,0.3,CW,0.3,0.7213114754098361,0.0,0,5
engr0,OP3,MIM,0.3,CW,0.3,0.7213114754098361,0.0,0,5
engr0,S7,MIM,0.3,CW,0.3,0.7213114754098361,0.0,0,5
engr0,BLU,MIM,0.3,CW,0.4,0.7213114754098361,0.0,0,5
engr0,HTC,MIM,0.3,CW,0.4,0.7213114754098361,0.0,0,5
engr0,LG,MIM,0.3,CW,0.4,0.7213114754098361,0.0,0,5
engr0,MOTO,MIM,0.3,CW,0.4,0.7213114754098361,0.0,0,5
engr0,OP3,MIM,0.3,CW,0.4,0.7213114754098361,0.0,0,5
engr0,S7,MIM,0.3,CW,0.4,0.7213114754098361,0.0,0,5
engr0,BLU,MIM,0.3,CW,0.5,0.7213114754098361,0.0,0,5
engr0,HTC,MIM,0.3,CW,0.5,0.7213114754098361,0.0,0,5
engr0,LG,MIM,0.3,CW,0.5,0.7213114754098361,0.0,0,5
engr0,MOTO,MIM,0.3,CW,0.5,0.7213114754098361,0.0,0,5
engr0,OP3,MIM,0.3,CW,0.5,0.7213114754098361,0.0,0,5
engr0,S7,MIM,0.3,CW,0.5,0.7213114754098361,0.0,0,5
engr0,BLU,MIM,0.3,CW,0.6,0.7213114754098361,0.0,0,5
engr0,HTC,MIM,0.3,CW,0.6,0.7213114754098361,0.0,0,5
engr0,LG,MIM,0.3,CW,0.6,0.7213114754098361,0.0,0,5
engr0,MOTO,MIM,0.3,CW,0.6,0.7213114754098361,0.0,0,5
engr0,OP3,MIM,0.3,CW,0.6,0.7213114754098361,0.0,0,5
engr0,S7,MIM,0.3,CW,0.6,0.7213114754098361,0.0,0,5
engr0,BLU,MIM,0.3,CW,0.7,0.7213114754098361,0.0,0,5
engr0,HTC,MIM,0.3,CW,0.7,0.7213114754098361,0.0,0,5
engr0,LG,MIM,0.3,CW,0.7,0.7213114754098361,0.0,0,5
engr0,MOTO,MIM,0.3,CW,0.7,0.7213114754098361,0.0,0,5
engr0,OP3,MIM,0.3,CW,0.7,0.7213114754098361,0.0,0,5
engr0,S7,MIM,0.3,CW,0.7,0.7213114754098361,0.0,0,5
engr0,BLU,MIM,0.3,CW,0.8,0.7213114754098361,0.0,0,5
engr0,HTC,MIM,0.3,CW,0.8,0.7213114754098361,0.0,0,5
engr0,LG,MIM,0.3,CW,0.8,0.7213114754098361,0.0,0,5
engr0,MOTO,MIM,0.3,CW,0.8,0.7213114754098361,0.0,0,5
engr0,OP3,MIM,0.3,CW,0.8,0.7213114754098361,0.0,0,5
engr0,S7,MIM,0.3,CW,0.8,0.7213114754098361,0.0,0,5
engr0,BLU,MIM,0.3,CW,0.9,0.7213114754098361,0.0,0,5
engr0,HTC,MIM,0.3,CW,0.9,0.7213114754098361,0.0,0,5
engr0,LG,MIM,0.3,CW,0.9,0.7213114754098361,0.0,0,5
engr0,MOTO,MIM,0.3,CW,0.9,0.7213114754098361,0.0,0,5
engr0,OP3,MIM,0.3,CW,0.9,0.7213114754098361,0.0,0,5
engr0,S7,MIM,0.3,CW,0.9,0.7213114754098361,0.0,0,5
engr0,BLU,MIM,0.3,CW,1.0,0.7213114754098361,0.0,0,5
engr0,HTC,MIM,0.3,CW,1.0,0.7213114754098361,0.0,0,5
engr0,LG,MIM,0.3,CW,1.0,0.7213114754098361,0.0,0,5
engr0,MOTO,MIM,0.3,CW,1.0,0.7213114754098361,0.0,0,5
engr0,OP3,MIM,0.3,CW,1.0,0.7213114754098361,0.0,0,5
engr0,S7,MIM,0.3,CW,1.0,0.7213114754098361,0.0,0,5
engr0,BLU,MIM,0.4,CW,0.1,0.9016393442622951,0.0,0,5
engr0,HTC,MIM,0.4,CW,0.1,0.9016393442622951,0.0,0,5
engr0,LG,MIM,0.4,CW,0.1,0.9016393442622951,0.0,0,5
engr0,MOTO,MIM,0.4,CW,0.1,0.9016393442622951,0.0,0,5
engr0,OP3,MIM,0.4,CW,0.1,0.9016393442622951,0.0,0,5
engr0,S7,MIM,0.4,CW,0.1,0.9016393442622951,0.0,0,5
engr0,BLU,MIM,0.4,CW,0.2,0.9016393442622951,0.0,0,5
engr0,HTC,MIM,0.4,CW,0.2,0.9016393442622951,0.0,0,5
engr0,LG,MIM,0.4,CW,0.2,0.9016393442622951,0.0,0,5
engr0,MOTO,MIM,0.4,CW,0.2,0.9016393442622951,0.0,0,5
engr0,OP3,MIM,0.4,CW,0.2,0.9016393442622951,0.0,0,5
engr0,S7,MIM,0.4,CW,0.2,0.9016393442622951,0.0,0,5
engr0,BLU,MIM,0.4,CW,0.3,0.9016393442622951,0.0,0,5
engr0,HTC,MIM,0.4,CW,0.3,0.9016393442622951,0.0,0,5
engr0,LG,MIM,0.4,CW,0.3,0.9016393442622951,0.0,0,5
engr0,MOTO,MIM,0.4,CW,0.3,0.9016393442622951,0.0,0,5
engr0,OP3,MIM,0.4,CW,0.3,0.9016393442622951,0.0,0,5
engr0,S7,MIM,0.4,CW,0.3,0.9016393442622951,0.0,0,5
engr0,BLU,MIM,0.4,CW,0.4,0.9016393442622951,0.0,0,5
engr0,HTC,MIM,0.4,CW,0.4,0.9016393442622951,0.0,0,5
engr0,LG,MIM,0.4,CW,0.4,0.9016393442622951,0.0,0,5
engr0,MOTO,MIM,0.4,CW,0.4,0.9016393442622951,0.0,0,5
engr0,OP3,MIM,0.4,CW,0.4,0.9016393442622951,0.0,0,5
engr0,S7,MIM,0.4,CW,0.4,0.9016393442622951,0.0,0,5
engr0,BLU,MIM,0.4,CW,0.5,0.9016393442622951,0.0,0,5
engr0,HTC,MIM,0.4,CW,0.5,0.9016393442622951,0.0,0,5
engr0,LG,MIM,0.4,CW,0.5,0.9016393442622951,0.0,0,5
engr0,MOTO,MIM,0.4,CW,0.5,0.9016393442622951,0.0,0,5
engr0,OP3,MIM,0.4,CW,0.5,0.9016393442622951,0.0,0,5
engr0,S7,MIM,0.4,CW,0.5,0.9016393442622951,0.0,0,5
engr0,BLU,MIM,0.4,CW,0.6,0.9016393442622951,0.0,0,5
engr0,HTC,MIM,0.4,CW,0.6,0.9016393442622951,0.0,0,5
engr0,LG,MIM,0.4,CW,0.6,0.9016393442622951,0.0,0,5
engr0,MOTO,MIM,0.4,CW,0.6,0.9016393442622951,0.0,0,5
engr0,OP3,MIM,0.4,CW,0.6,0.9016393442622951,0.0,0,5
engr0,S7,MIM,0.4,CW,0.6,0.9016393442622951,0.0,0,5
engr0,BLU,MIM,0.4,CW,0.7,0.9016393442622951,0.0,0,5
engr0,HTC,MIM,0.4,CW,0.7,0.9016393442622951,0.0,0,5
engr0,LG,MIM,0.4,CW,0.7,0.9016393442622951,0.0,0,5
engr0,MOTO,MIM,0.4,CW,0.7,0.9016393442622951,0.0,0,5
engr0,OP3,MIM,0.4,CW,0.7,0.9016393442622951,0.0,0,5
engr0,S7,MIM,0.4,CW,0.7,0.9016393442622951,0.0,0,5
engr0,BLU,MIM,0.4,CW,0.8,0.9016393442622951,0.0,0,5
engr0,HTC,MIM,0.4,CW,0.8,0.9016393442622951,0.0,0,5
engr0,LG,MIM,0.4,CW,0.8,0.9016393442622951,0.0,0,5
engr0,MOTO,MIM,0.4,CW,0.8,0.9016393442622951,0.0,0,5
engr0,OP3,MIM,0.4,CW,0.8,0.9016393442622951,0.0,0,5
engr0,S7,MIM,0.4,CW,0.8,0.9016393442622951,0.0,0,5
engr0,BLU,MIM,0.4,CW,0.9,0.9016393442622951,0.0,0,5
engr0,HTC,MIM,0.4,CW,0.9,0.9016393442622951,0.0,0,5
engr0,LG,MIM,0.4,CW,0.9,0.9016393442622951,0.0,0,5
engr0,MOTO,MIM,0.4,CW,0.9,0.9016393442622951,0.0,0,5
engr0,OP3,MIM,0.4,CW,0.9,0.9016393442622951,0.0,0,5
engr0,S7,MIM,0.4,CW,0.9,0.9016393442622951,0.0,0,5
engr0,BLU,MIM,0.4,CW,1.0,0.9016393442622951,0.0,0,5
engr0,HTC,MIM,0.4,CW,1.0,0.9016393442622951,0.0,0,5
engr0,LG,MIM,0.4,CW,1.0,0.9016393442622951,0.0,0,5
engr0,MOTO,MIM,0.4,CW,1.0,0.9016393442622951,0.0,0,5
engr0,OP3,MIM,0.4,CW,1.0,0.9016393442622951,0.0,0,5
engr0,S7,MIM,0.4,CW,1.0,0.9016393442622951,0.0,0,5
engr0,BLU,MIM,0.5,CW,0.1,0.7704918032786885,0.0,0,8
engr0,HTC,MIM,0.5,CW,0.1,0.7704918032786885,0.0,0,8
engr0,LG,MIM,0.5,CW,0.1,0.7704918032786885,0.0,0,8
engr0,MOTO,MIM,0.5,CW,0.1,0.7704918032786885,0.0,0,8
engr0,OP3,MIM,0.5,CW,0.1,0.7704918032786885,0.0,0,8
engr0,S7,MIM,0.5,CW,0.1,0.7704918032786885,0.0,0,8
engr0,BLU,MIM,0.5,CW,0.2,0.7704918032786885,0.0,0,8
engr0,HTC,MIM,0.5,CW,0.2,0.7704918032786885,0.0,0,8
engr0,LG,MIM,0.5,CW,0.2,0.7704918032786885,0.0,0,8
engr0,MOTO,MIM,0.5,CW,0.2,0.7704918032786885,0.0,0,8
engr0,OP3,MIM,0.5,CW,0.2,0.7704918032786885,0.0,0,8
engr0,S7,MIM,0.5,CW,0.2,0.7704918032786885,0.0,0,8
engr0,BLU,MIM,0.5,CW,0.3,0.7704918032786885,0.0,0,8
engr0,HTC,MIM,0.5,CW,0.3,0.7704918032786885,0.0,0,8
engr0,LG,MIM,0.5,CW,0.3,0.7704918032786885,0.0,0,8
engr0,MOTO,MIM,0.5,CW,0.3,0.7704918032786885,0.0,0,8
engr0,OP3,MIM,0.5,CW,0.3,0.7704918032786885,0.0,0,8
engr0,S7,MIM,0.5,CW,0.3,0.7704918032786885,0.0,0,8
engr0,BLU,MIM,0.5,CW,0.4,0.7704918032786885,0.0,0,8
engr0,HTC,MIM,0.5,CW,0.4,0.7704918032786885,0.0,0,8
engr0,LG,MIM,0.5,CW,0.4,0.7704918032786885,0.0,0,8
engr0,MOTO,MIM,0.5,CW,0.4,0.7704918032786885,0.0,0,8
engr0,OP3,MIM,0.5,CW,0.4,0.7704918032786885,0.0,0,8
engr0,S7,MIM,0.5,CW,0.4,0.7704918032786885,0.0,0,8
engr0,BLU,MIM,0.5,CW,0.5,0.7704918032786885,0.0,0,8
engr0,HTC,MIM,0.5,CW,0.5,0.7704918032786885,0.0,0,8
engr0,LG,MIM,0.5,CW,0.5,0.7704918032786885,0.0,0,8
engr0,MOTO,MIM,0.5,CW,0.5,0.7704918032786885,0.0,0,8
engr0,OP3,MIM,0.5,CW,0.5,0.7704918032786885,0.0,0,8
engr0,S7,MIM,0.5,CW,0.5,0.7704918032786885,0.0,0,8
engr0,BLU,MIM,0.5,CW,0.6,0.7704918032786885,0.0,0,8
engr0,HTC,MIM,0.5,CW,0.6,0.7704918032786885,0.0,0,8
engr0,LG,MIM,0.5,CW,0.6,0.7704918032786885,0.0,0,8
engr0,MOTO,MIM,0.5,CW,0.6,0.7704918032786885,0.0,0,8
engr0,OP3,MIM,0.5,CW,0.6,0.7704918032786885,0.0,0,8
engr0,S7,MIM,0.5,CW,0.6,0.7704918032786885,0.0,0,8
engr0,BLU,MIM,0.5,CW,0.7,0.7704918032786885,0.0,0,8
engr0,HTC,MIM,0.5,CW,0.7,0.7704918032786885,0.0,0,8
engr0,LG,MIM,0.5,CW,0.7,0.7704918032786885,0.0,0,8
engr0,MOTO,MIM,0.5,CW,0.7,0.7704918032786885,0.0,0,8
engr0,OP3,MIM,0.5,CW,0.7,0.7704918032786885,0.0,0,8
engr0,S7,MIM,0.5,CW,0.7,0.7704918032786885,0.0,0,8
engr0,BLU,MIM,0.5,CW,0.8,0.7704918032786885,0.0,0,8
engr0,HTC,MIM,0.5,CW,0.8,0.7704918032786885,0.0,0,8
engr0,LG,MIM,0.5,CW,0.8,0.7704918032786885,0.0,0,8
engr0,MOTO,MIM,0.5,CW,0.8,0.7704918032786885,0.0,0,8
engr0,OP3,MIM,0.5,CW,0.8,0.7704918032786885,0.0,0,8
engr0,S7,MIM,0.5,CW,0.8,0.7704918032786885,0.0,0,8
engr0,BLU,MIM,0.5,CW,0.9,0.7704918032786885,0.0,0,8
engr0,HTC,MIM,0.5,CW,0.9,0.7704918032786885,0.0,0,8
engr0,LG,MIM,0.5,CW,0.9,0.7704918032786885,0.0,0,8
engr0,MOTO,MIM,0.5,CW,0.9,0.7704918032786885,0.0,0,8
engr0,OP3,MIM,0.5,CW,0.9,0.7704918032786885,0.0,0,8
engr0,S7,MIM,0.5,CW,0.9,0.7704918032786885,0.0,0,8
engr0,BLU,MIM,0.5,CW,1.0,0.7704918032786885,0.0,0,8
engr0,HTC,MIM,0.5,CW,1.0,0.7704918032786885,0.0,0,8
engr0,LG,MIM,0.5,CW,1.0,0.7704918032786885,0.0,0,8
engr0,MOTO,MIM,0.5,CW,1.0,0.7704918032786885,0.0,0,8
engr0,OP3,MIM,0.5,CW,1.0,0.7704918032786885,0.0,0,8
engr0,S7,MIM,0.5,CW,1.0,0.7704918032786885,0.0,0,8
engr0,BLU,MIM,0.6,CW,0.1,1.0819672131147542,1.0,0,5
engr0,HTC,MIM,0.6,CW,0.1,1.0819672131147542,1.0,0,5
engr0,LG,MIM,0.6,CW,0.1,1.0819672131147542,1.0,0,5
engr0,MOTO,MIM,0.6,CW,0.1,1.0819672131147542,1.0,0,5
engr0,OP3,MIM,0.6,CW,0.1,1.0819672131147542,1.0,0,5
engr0,S7,MIM,0.6,CW,0.1,1.0819672131147542,1.0,0,5
engr0,BLU,MIM,0.6,CW,0.2,1.0819672131147542,1.0,0,5
engr0,HTC,MIM,0.6,CW,0.2,1.0819672131147542,1.0,0,5
engr0,LG,MIM,0.6,CW,0.2,1.0819672131147542,1.0,0,5
engr0,MOTO,MIM,0.6,CW,0.2,1.0819672131147542,1.0,0,5
engr0,OP3,MIM,0.6,CW,0.2,1.0819672131147542,1.0,0,5
engr0,S7,MIM,0.6,CW,0.2,1.0819672131147542,1.0,0,5
engr0,BLU,MIM,0.6,CW,0.3,1.0819672131147542,1.0,0,5
engr0,HTC,MIM,0.6,CW,0.3,1.0819672131147542,1.0,0,5
engr0,LG,MIM,0.6,CW,0.3,1.0819672131147542,1.0,0,5
engr0,MOTO,MIM,0.6,CW,0.3,1.0819672131147542,1.0,0,5
engr0,OP3,MIM,0.6,CW,0.3,1.0819672131147542,1.0,0,5
engr0,S7,MIM,0.6,CW,0.3,1.0819672131147542,1.0,0,5
engr0,BLU,MIM,0.6,CW,0.4,1.0819672131147542,1.0,0,5
engr0,HTC,MIM,0.6,CW,0.4,1.0819672131147542,1.0,0,5
engr0,LG,MIM,0.6,CW,0.4,1.0819672131147542,1.0,0,5
engr0,MOTO,MIM,0.6,CW,0.4,1.0819672131147542,1.0,0,5
engr0,OP3,MIM,0.6,CW,0.4,1.0819672131147542,1.0,0,5
engr0,S7,MIM,0.6,CW,0.4,1.0819672131147542,1.0,0,5
engr0,BLU,MIM,0.6,CW,0.5,1.0819672131147542,1.0,0,5
engr0,HTC,MIM,0.6,CW,0.5,1.0819672131147542,1.0,0,5
engr0,LG,MIM,0.6,CW,0.5,1.0819672131147542,1.0,0,5
engr0,MOTO,MIM,0.6,CW,0.5,1.0819672131147542,1.0,0,5
engr0,OP3,MIM,0.6,CW,0.5,1.0819672131147542,1.0,0,5
engr0,S7,MIM,0.6,CW,0.5,1.0819672131147542,1.0,0,5
engr0,BLU,MIM,0.6,CW,0.6,1.0819672131147542,1.0,0,5
engr0,HTC,MIM,0.6,CW,0.6,1.0819672131147542,1.0,0,5
engr0,LG,MIM,0.6,CW,0.6,1.0819672131147542,1.0,0,5
engr0,MOTO,MIM,0.6,CW,0.6,1.0819672131147542,1.0,0,5
engr0,OP3,MIM,0.6,CW,0.6,1.0819672131147542,1.0,0,5
engr0,S7,MIM,0.6,CW,0.6,1.0819672131147542,1.0,0,5
engr0,BLU,MIM,0.6,CW,0.7,1.0819672131147542,1.0,0,5
engr0,HTC,MIM,0.6,CW,0.7,1.0819672131147542,1.0,0,5
engr0,LG,MIM,0.6,CW,0.7,1.0819672131147542,1.0,0,5
engr0,MOTO,MIM,0.6,CW,0.7,1.0819672131147542,1.0,0,5
engr0,OP3,MIM,0.6,CW,0.7,1.0819672131147542,1.0,0,5
engr0,S7,MIM,0.6,CW,0.7,1.0819672131147542,1.0,0,5
engr0,BLU,MIM,0.6,CW,0.8,1.0819672131147542,1.0,0,5
engr0,HTC,MIM,0.6,CW,0.8,1.0819672131147542,1.0,0,5
engr0,LG,MIM,0.6,CW,0.8,1.0819672131147542,1.0,0,5
engr0,MOTO,MIM,0.6,CW,0.8,1.0819672131147542,1.0,0,5
engr0,OP3,MIM,0.6,CW,0.8,1.0819672131147542,1.0,0,5
engr0,S7,MIM,0.6,CW,0.8,1.0819672131147542,1.0,0,5
engr0,BLU,MIM,0.6,CW,0.9,1.0819672131147542,1.0,0,5
engr0,HTC,MIM,0.6,CW,0.9,1.0819672131147542,1.0,0,5
engr0,LG,MIM,0.6,CW,0.9,1.0819672131147542,1.0,0,5
engr0,MOTO,MIM,0.6,CW,0.9,1.0819672131147542,1.0,0,5
engr0,OP3,MIM,0.6,CW,0.9,1.0819672131147542,1.0,0,5
engr0,S7,MIM,0.6,CW,0.9,1.0819672131147542,1.0,0,5
engr0,BLU,MIM,0.6,CW,1.0,1.0819672131147542,1.0,0,5
engr0,HTC,MIM,0.6,CW,1.0,1.0819672131147542,1.0,0,5
engr0,LG,MIM,0.6,CW,1.0,1.0819672131147542,1.0,0,5
engr0,MOTO,MIM,0.6,CW,1.0,1.0819672131147542,1.0,0,5
engr0,OP3,MIM,0.6,CW,1.0,1.0819672131147542,1.0,0,5
engr0,S7,MIM,0.6,CW,1.0,1.0819672131147542,1.0,0,5
engr0,BLU,MIM,0.7,CW,0.1,0.8688524590163934,0.0,0,5
engr0,HTC,MIM,0.7,CW,0.1,0.8688524590163934,0.0,0,5
engr0,LG,MIM,0.7,CW,0.1,0.8688524590163934,0.0,0,5
engr0,MOTO,MIM,0.7,CW,0.1,0.8688524590163934,0.0,0,5
engr0,OP3,MIM,0.7,CW,0.1,0.8688524590163934,0.0,0,5
engr0,S7,MIM,0.7,CW,0.1,0.8688524590163934,0.0,0,5
engr0,BLU,MIM,0.7,CW,0.2,0.8688524590163934,0.0,0,5
engr0,HTC,MIM,0.7,CW,0.2,0.8688524590163934,0.0,0,5
engr0,LG,MIM,0.7,CW,0.2,0.8688524590163934,0.0,0,5
engr0,MOTO,MIM,0.7,CW,0.2,0.8688524590163934,0.0,0,5
engr0,OP3,MIM,0.7,CW,0.2,0.8688524590163934,0.0,0,5
engr0,S7,MIM,0.7,CW,0.2,0.8688524590163934,0.0,0,5
engr0,BLU,MIM,0.7,CW,0.3,0.8688524590163934,0.0,0,5
engr0,HTC,MIM,0.7,CW,0.3,0.8688524590163934,0.0,0,5
engr0,LG,MIM,0.7,CW,0.3,0.8688524590163934,0.0,0,5
engr0,MOTO,MIM,0.7,CW,0.3,0.8688524590163934,0.0,0,5
engr0,OP3,MIM,0.7,CW,0.3,0.8688524590163934,0.0,0,5
engr0,S7,MIM,0.7,CW,0.3,0.8688524590163934,0.0,0,5
engr0,BLU,MIM,0.7,CW,0.4,0.8688524590163934,0.0,0,5
engr0,HTC,MIM,0.7,CW,0.4,0.8688524590163934,0.0,0,5
engr0,LG,MIM,0.7,CW,0.4,0.8688524590163934,0.0,0,5
engr0,MOTO,MIM,0.7,CW,0.4,0.8688524590163934,0.0,0,5
engr0,OP3,MIM,0.7,CW,0.4,0.8688524590163934,0.0,0,5
engr0,S7,MIM,0.7,CW,0.4,0.8688524590163934,0.0,0,5
engr0,BLU,MIM,0.7,CW,0.5,0.8688524590163934,0.0,0,5
engr0,HTC,MIM,0.7,CW,0.5,0.8688524590163934,0.0,0,5
engr0,LG,MIM,0.7,CW,0.5,0.8688524590163934,0.0,0,5
engr0,MOTO,MIM,0.7,CW,0.5,0.8688524590163934,0.0,0,5
engr0,OP3,MIM,0.7,CW,0.5,0.8688524590163934,0.0,0,5
engr0,S7,MIM,0.7,CW,0.5,0.8688524590163934,0.0,0,5
engr0,BLU,MIM,0.7,CW,0.6,0.8688524590163934,0.0,0,5
engr0,HTC,MIM,0.7,CW,0.6,0.8688524590163934,0.0,0,5
engr0,LG,MIM,0.7,CW,0.6,0.8688524590163934,0.0,0,5
engr0,MOTO,MIM,0.7,CW,0.6,0.8688524590163934,0.0,0,5
engr0,OP3,MIM,0.7,CW,0.6,0.8688524590163934,0.0,0,5
engr0,S7,MIM,0.7,CW,0.6,0.8688524590163934,0.0,0,5
engr0,BLU,MIM,0.7,CW,0.7,0.8688524590163934,0.0,0,5
engr0,HTC,MIM,0.7,CW,0.7,0.8688524590163934,0.0,0,5
engr0,LG,MIM,0.7,CW,0.7,0.8688524590163934,0.0,0,5
engr0,MOTO,MIM,0.7,CW,0.7,0.8688524590163934,0.0,0,5
engr0,OP3,MIM,0.7,CW,0.7,0.8688524590163934,0.0,0,5
engr0,S7,MIM,0.7,CW,0.7,0.8688524590163934,0.0,0,5
engr0,BLU,MIM,0.7,CW,0.8,0.8688524590163934,0.0,0,5
engr0,HTC,MIM,0.7,CW,0.8,0.8688524590163934,0.0,0,5
engr0,LG,MIM,0.7,CW,0.8,0.8688524590163934,0.0,0,5
engr0,MOTO,MIM,0.7,CW,0.8,0.8688524590163934,0.0,0,5
engr0,OP3,MIM,0.7,CW,0.8,0.8688524590163934,0.0,0,5
engr0,S7,MIM,0.7,CW,0.8,0.8688524590163934,0.0,0,5
engr0,BLU,MIM,0.7,CW,0.9,0.8688524590163934,0.0,0,5
engr0,HTC,MIM,0.7,CW,0.9,0.8688524590163934,0.0,0,5
engr0,LG,MIM,0.7,CW,0.9,0.8688524590163934,0.0,0,5
engr0,MOTO,MIM,0.7,CW,0.9,0.8688524590163934,0.0,0,5
engr0,OP3,MIM,0.7,CW,0.9,0.8688524590163934,0.0,0,5
engr0,S7,MIM,0.7,CW,0.9,0.8688524590163934,0.0,0,5
engr0,BLU,MIM,0.7,CW,1.0,0.8688524590163934,0.0,0,5
engr0,HTC,MIM,0.7,CW,1.0,0.8688524590163934,0.0,0,5
engr0,LG,MIM,0.7,CW,1.0,0.8688524590163934,0.0,0,5
engr0,MOTO,MIM,0.7,CW,1.0,0.8688524590163934,0.0,0,5
engr0,OP3,MIM,0.7,CW,1.0,0.8688524590163934,0.0,0,5
engr0,S7,MIM,0.7,CW,1.0,0.8688524590163934,0.0,0,5
engr0,BLU,MIM,0.8,CW,0.1,0.9344262295081968,0.0,0,5
engr0,HTC,MIM,0.8,CW,0.1,0.9344262295081968,0.0,0,5
engr0,LG,MIM,0.8,CW,0.1,0.9344262295081968,0.0,0,5
engr0,MOTO,MIM,0.8,CW,0.1,0.9344262295081968,0.0,0,5
engr0,OP3,MIM,0.8,CW,0.1,0.9344262295081968,0.0,0,5
engr0,S7,MIM,0.8,CW,0.1,0.9344262295081968,0.0,0,5
engr0,BLU,MIM,0.8,CW,0.2,0.9344262295081968,0.0,0,5
engr0,HTC,MIM,0.8,CW,0.2,0.9344262295081968,0.0,0,5
engr0,LG,MIM,0.8,CW,0.2,0.9344262295081968,0.0,0,5
engr0,MOTO,MIM,0.8,CW,0.2,0.9344262295081968,0.0,0,5
engr0,OP3,MIM,0.8,CW,0.2,0.9344262295081968,0.0,0,5
engr0,S7,MIM,0.8,CW,0.2,0.9344262295081968,0.0,0,5
engr0,BLU,MIM,0.8,CW,0.3,0.9344262295081968,0.0,0,5
engr0,HTC,MIM,0.8,CW,0.3,0.9344262295081968,0.0,0,5
engr0,LG,MIM,0.8,CW,0.3,0.9344262295081968,0.0,0,5
engr0,MOTO,MIM,0.8,CW,0.3,0.9344262295081968,0.0,0,5
engr0,OP3,MIM,0.8,CW,0.3,0.9344262295081968,0.0,0,5
engr0,S7,MIM,0.8,CW,0.3,0.9344262295081968,0.0,0,5
engr0,BLU,MIM,0.8,CW,0.4,0.9344262295081968,0.0,0,5
engr0,HTC,MIM,0.8,CW,0.4,0.9344262295081968,0.0,0,5
engr0,LG,MIM,0.8,CW,0.4,0.9344262295081968,0.0,0,5
engr0,MOTO,MIM,0.8,CW,0.4,0.9344262295081968,0.0,0,5
engr0,OP3,MIM,0.8,CW,0.4,0.9344262295081968,0.0,0,5
engr0,S7,MIM,0.8,CW,0.4,0.9344262295081968,0.0,0,5
engr0,BLU,MIM,0.8,CW,0.5,0.9344262295081968,0.0,0,5
engr0,HTC,MIM,0.8,CW,0.5,0.9344262295081968,0.0,0,5
engr0,LG,MIM,0.8,CW,0.5,0.9344262295081968,0.0,0,5
engr0,MOTO,MIM,0.8,CW,0.5,0.9344262295081968,0.0,0,5
engr0,OP3,MIM,0.8,CW,0.5,0.9344262295081968,0.0,0,5
engr0,S7,MIM,0.8,CW,0.5,0.9344262295081968,0.0,0,5
engr0,BLU,MIM,0.8,CW,0.6,0.9344262295081968,0.0,0,5
engr0,HTC,MIM,0.8,CW,0.6,0.9344262295081968,0.0,0,5
engr0,LG,MIM,0.8,CW,0.6,0.9344262295081968,0.0,0,5
engr0,MOTO,MIM,0.8,CW,0.6,0.9344262295081968,0.0,0,5
engr0,OP3,MIM,0.8,CW,0.6,0.9344262295081968,0.0,0,5
engr0,S7,MIM,0.8,CW,0.6,0.9344262295081968,0.0,0,5
engr0,BLU,MIM,0.8,CW,0.7,0.9344262295081968,0.0,0,5
engr0,HTC,MIM,0.8,CW,0.7,0.9344262295081968,0.0,0,5
engr0,LG,MIM,0.8,CW,0.7,0.9344262295081968,0.0,0,5
engr0,MOTO,MIM,0.8,CW,0.7,0.9344262295081968,0.0,0,5
engr0,OP3,MIM,0.8,CW,0.7,0.9344262295081968,0.0,0,5
engr0,S7,MIM,0.8,CW,0.7,0.9344262295081968,0.0,0,5
engr0,BLU,MIM,0.8,CW,0.8,0.9344262295081968,0.0,0,5
engr0,HTC,MIM,0.8,CW,0.8,0.9344262295081968,0.0,0,5
engr0,LG,MIM,0.8,CW,0.8,0.9344262295081968,0.0,0,5
engr0,MOTO,MIM,0.8,CW,0.8,0.9344262295081968,0.0,0,5
engr0,OP3,MIM,0.8,CW,0.8,0.9344262295081968,0.0,0,5
engr0,S7,MIM,0.8,CW,0.8,0.9344262295081968,0.0,0,5
engr0,BLU,MIM,0.8,CW,0.9,0.9344262295081968,0.0,0,5
engr0,HTC,MIM,0.8,CW,0.9,0.9344262295081968,0.0,0,5
engr0,LG,MIM,0.8,CW,0.9,0.9344262295081968,0.0,0,5
engr0,MOTO,MIM,0.8,CW,0.9,0.9344262295081968,0.0,0,5
engr0,OP3,MIM,0.8,CW,0.9,0.9344262295081968,0.0,0,5
engr0,S7,MIM,0.8,CW,0.9,0.9344262295081968,0.0,0,5
engr0,BLU,MIM,0.8,CW,1.0,0.9344262295081968,0.0,0,5
engr0,HTC,MIM,0.8,CW,1.0,0.9344262295081968,0.0,0,5
engr0,LG,MIM,0.8,CW,1.0,0.9344262295081968,0.0,0,5
engr0,MOTO,MIM,0.8,CW,1.0,0.9344262295081968,0.0,0,5
engr0,OP3,MIM,0.8,CW,1.0,0.9344262295081968,0.0,0,5
engr0,S7,MIM,0.8,CW,1.0,0.9344262295081968,0.0,0,5
engr0,BLU,MIM,0.9,CW,0.1,0.7540983606557377,0.0,0,6
engr0,HTC,MIM,0.9,CW,0.1,0.7540983606557377,0.0,0,6
engr0,LG,MIM,0.9,CW,0.1,0.7540983606557377,0.0,0,6
engr0,MOTO,MIM,0.9,CW,0.1,0.7540983606557377,0.0,0,6
engr0,OP3,MIM,0.9,CW,0.1,0.7540983606557377,0.0,0,6
engr0,S7,MIM,0.9,CW,0.1,0.7540983606557377,0.0,0,6
engr0,BLU,MIM,0.9,CW,0.2,0.7540983606557377,0.0,0,6
engr0,HTC,MIM,0.9,CW,0.2,0.7540983606557377,0.0,0,6
engr0,LG,MIM,0.9,CW,0.2,0.7540983606557377,0.0,0,6
engr0,MOTO,MIM,0.9,CW,0.2,0.7540983606557377,0.0,0,6
engr0,OP3,MIM,0.9,CW,0.2,0.7540983606557377,0.0,0,6
engr0,S7,MIM,0.9,CW,0.2,0.7540983606557377,0.0,0,6
engr0,BLU,MIM,0.9,CW,0.3,0.7540983606557377,0.0,0,6
engr0,HTC,MIM,0.9,CW,0.3,0.7540983606557377,0.0,0,6
engr0,LG,MIM,0.9,CW,0.3,0.7540983606557377,0.0,0,6
engr0,MOTO,MIM,0.9,CW,0.3,0.7540983606557377,0.0,0,6
engr0,OP3,MIM,0.9,CW,0.3,0.7540983606557377,0.0,0,6
engr0,S7,MIM,0.9,CW,0.3,0.7540983606557377,0.0,0,6
engr0,BLU,MIM,0.9,CW,0.4,0.7540983606557377,0.0,0,6
engr0,HTC,MIM,0.9,CW,0.4,0.7540983606557377,0.0,0,6
engr0,LG,MIM,0.9,CW,0.4,0.7540983606557377,0.0,0,6
engr0,MOTO,MIM,0.9,CW,0.4,0.7540983606557377,0.0,0,6
engr0,OP3,MIM,0.9,CW,0.4,0.7540983606557377,0.0,0,6
engr0,S7,MIM,0.9,CW,0.4,0.7540983606557377,0.0,0,6
engr0,BLU,MIM,0.9,CW,0.5,0.7540983606557377,0.0,0,6
engr0,HTC,MIM,0.9,CW,0.5,0.7540983606557377,0.0,0,6
engr0,LG,MIM,0.9,CW,0.5,0.7540983606557377,0.0,0,6
engr0,MOTO,MIM,0.9,CW,0.5,0.7540983606557377,0.0,0,6
engr0,OP3,MIM,0.9,CW,0.5,0.7540983606557377,0.0,0,6
engr0,S7,MIM,0.9,CW,0.5,0.7540983606557377,0.0,0,6
engr0,BLU,MIM,0.9,CW,0.6,0.7540983606557377,0.0,0,6
engr0,HTC,MIM,0.9,CW,0.6,0.7540983606557377,0.0,0,6
engr0,LG,MIM,0.9,CW,0.6,0.7540983606557377,0.0,0,6
engr0,MOTO,MIM,0.9,CW,0.6,0.7540983606557377,0.0,0,6
engr0,OP3,MIM,0.9,CW,0.6,0.7540983606557377,0.0,0,6
engr0,S7,MIM,0.9,CW,0.6,0.7540983606557377,0.0,0,6
engr0,BLU,MIM,0.9,CW,0.7,0.7540983606557377,0.0,0,6
engr0,HTC,MIM,0.9,CW,0.7,0.7540983606557377,0.0,0,6
engr0,LG,MIM,0.9,CW,0.7,0.7540983606557377,0.0,0,6
engr0,MOTO,MIM,0.9,CW,0.7,0.7540983606557377,0.0,0,6
engr0,OP3,MIM,0.9,CW,0.7,0.7540983606557377,0.0,0,6
engr0,S7,MIM,0.9,CW,0.7,0.7540983606557377,0.0,0,6
engr0,BLU,MIM,0.9,CW,0.8,0.7540983606557377,0.0,0,6
engr0,HTC,MIM,0.9,CW,0.8,0.7540983606557377,0.0,0,6
engr0,LG,MIM,0.9,CW,0.8,0.7540983606557377,0.0,0,6
engr0,MOTO,MIM,0.9,CW,0.8,0.7540983606557377,0.0,0,6
engr0,OP3,MIM,0.9,CW,0.8,0.7540983606557377,0.0,0,6
engr0,S7,MIM,0.9,CW,0.8,0.7540983606557377,0.0,0,6
engr0,BLU,MIM,0.9,CW,0.9,0.7540983606557377,0.0,0,6
engr0,HTC,MIM,0.9,CW,0.9,0.7540983606557377,0.0,0,6
engr0,LG,MIM,0.9,CW,0.9,0.7540983606557377,0.0,0,6
engr0,MOTO,MIM,0.9,CW,0.9,0.7540983606557377,0.0,0,6
engr0,OP3,MIM,0.9,CW,0.9,0.7540983606557377,0.0,0,6
engr0,S7,MIM,0.9,CW,0.9,0.7540983606557377,0.0,0,6
engr0,BLU,MIM,0.9,CW,1.0,0.7540983606557377,0.0,0,6
engr0,HTC,MIM,0.9,CW,1.0,0.7540983606557377,0.0,0,6
engr0,LG,MIM,0.9,CW,1.0,0.7540983606557377,0.0,0,6
engr0,MOTO,MIM,0.9,CW,1.0,0.7540983606557377,0.0,0,6
engr0,OP3,MIM,0.9,CW,1.0,0.7540983606557377,0.0,0,6
engr0,S7,MIM,0.9,CW,1.0,0.7540983606557377,0.0,0,6
engr0,BLU,MIM,1.0,CW,0.1,0.9672131147540983,1.0,0,8
engr0,HTC,MIM,1.0,CW,0.1,0.9672131147540983,1.0,0,8
engr0,LG,MIM,1.0,CW,0.1,0.9672131147540983,1.0,0,8
engr0,MOTO,MIM,1.0,CW,0.1,0.9672131147540983,1.0,0,8
engr0,OP3,MIM,1.0,CW,0.1,0.9672131147540983,1.0,0,8
engr0,S7,MIM,1.0,CW,0.1,0.9672131147540983,1.0,0,8
engr0,BLU,MIM,1.0,CW,0.2,0.9672131147540983,1.0,0,8
engr0,HTC,MIM,1.0,CW,0.2,0.9672131147540983,1.0,0,8
engr0,LG,MIM,1.0,CW,0.2,0.9672131147540983,1.0,0,8
engr0,MOTO,MIM,1.0,CW,0.2,0.9672131147540983,1.0,0,8
engr0,OP3,MIM,1.0,CW,0.2,0.9672131147540983,1.0,0,8
engr0,S7,MIM,1.0,CW,0.2,0.9672131147540983,1.0,0,8
engr0,BLU,MIM,1.0,CW,0.3,0.9672131147540983,1.0,0,8
engr0,HTC,MIM,1.0,CW,0.3,0.9672131147540983,1.0,0,8
engr0,LG,MIM,1.0,CW,0.3,0.9672131147540983,1.0,0,8
engr0,MOTO,MIM,1.0,CW,0.3,0.9672131147540983,1.0,0,8
engr0,OP3,MIM,1.0,CW,0.3,0.9672131147540983,1.0,0,8
engr0,S7,MIM,1.0,CW,0.3,0.9672131147540983,1.0,0,8
engr0,BLU,MIM,1.0,CW,0.4,0.9672131147540983,1.0,0,8
engr0,HTC,MIM,1.0,CW,0.4,0.9672131147540983,1.0,0,8
engr0,LG,MIM,1.0,CW,0.4,0.9672131147540983,1.0,0,8
engr0,MOTO,MIM,1.0,CW,0.4,0.9672131147540983,1.0,0,8
engr0,OP3,MIM,1.0,CW,0.4,0.9672131147540983,1.0,0,8
engr0,S7,MIM,1.0,CW,0.4,0.9672131147540983,1.0,0,8
engr0,BLU,MIM,1.0,CW,0.5,0.9672131147540983,1.0,0,8
engr0,HTC,MIM,1.0,CW,0.5,0.9672131147540983,1.0,0,8
engr0,LG,MIM,1.0,CW,0.5,0.9672131147540983,1.0,0,8
engr0,MOTO,MIM,1.0,CW,0.5,0.9672131147540983,1.0,0,8
engr0,OP3,MIM,1.0,CW,0.5,0.9672131147540983,1.0,0,8
engr0,S7,MIM,1.0,CW,0.5,0.9672131147540983,1.0,0,8
engr0,BLU,MIM,1.0,CW,0.6,0.9672131147540983,1.0,0,8
engr0,HTC,MIM,1.0,CW,0.6,0.9672131147540983,1.0,0,8
engr0,LG,MIM,1.0,CW,0.6,0.9672131147540983,1.0,0,8
engr0,MOTO,MIM,1.0,CW,0.6,0.9672131147540983,1.0,0,8
engr0,OP3,MIM,1.0,CW,0.6,0.9672131147540983,1.0,0,8
engr0,S7,MIM,1.0,CW,0.6,0.9672131147540983,1.0,0,8
engr0,BLU,MIM,1.0,CW,0.7,0.9672131147540983,1.0,0,8
engr0,HTC,MIM,1.0,CW,0.7,0.9672131147540983,1.0,0,8
engr0,LG,MIM,1.0,CW,0.7,0.9672131147540983,1.0,0,8
engr0,MOTO,MIM,1.0,CW,0.7,0.9672131147540983,1.0,0,8
engr0,OP3,MIM,1.0,CW,0.7,0.9672131147540983,1.0,0,8
engr0,S7,MIM,1.0,CW,0.7,0.9672131147540983,1.0,0,8
engr0,BLU,MIM,1.0,CW,0.8,0.9672131147540983,1.0,0,8
engr0,HTC,MIM,1.0,CW,0.8,0.9672131147540983,1.0,0,8
engr0,LG,MIM,1.0,CW,0.8,0.9672131147540983,1.0,0,8
engr0,MOTO,MIM,1.0,CW,0.8,0.9672131147540983,1.0,0,8
engr0,OP3,MIM,1.0,CW,0.8,0.9672131147540983,1.0,0,8
engr0,S7,MIM,1.0,CW,0.8,0.9672131147540983,1.0,0,8
engr0,BLU,MIM,1.0,CW,0.9,0.9672131147540983,1.0,0,8
engr0,HTC,MIM,1.0,CW,0.9,0.9672131147540983,1.0,0,8
engr0,LG,MIM,1.0,CW,0.9,0.9672131147540983,1.0,0,8
engr0,MOTO,MIM,1.0,CW,0.9,0.9672131147540983,1.0,0,8
engr0,OP3,MIM,1.0,CW,0.9,0.9672131147540983,1.0,0,8
engr0,S7,MIM,1.0,CW,0.9,0.9672131147540983,1.0,0,8
engr0,BLU,MIM,1.0,CW,1.0,0.9672131147540983,1.0,0,8
engr0,HTC,MIM,1.0,CW,1.0,0.9672131147540983,1.0,0,8
engr0,LG,MIM,1.0,CW,1.0,0.9672131147540983,1.0,0,8
engr0,MOTO,MIM,1.0,CW,1.0,0.9672131147540983,1.0,0,8
engr0,OP3,MIM,1.0,CW,1.0,0.9672131147540983,1.0,0,8
engr0,S7,MIM,1.0,CW,1.0,0.9672131147540983,1.0,0,8
engr0,BLU,BIM,0.1,CW,0.1,0.8360655737704918,0.0,0,8
engr0,HTC,BIM,0.1,CW,0.1,0.8360655737704918,0.0,0,8
engr0,LG,BIM,0.1,CW,0.1,0.8360655737704918,0.0,0,8
engr0,MOTO,BIM,0.1,CW,0.1,0.8360655737704918,0.0,0,8
engr0,OP3,BIM,0.1,CW,0.1,0.8360655737704918,0.0,0,8
engr0,S7,BIM,0.1,CW,0.1,0.8360655737704918,0.0,0,8
engr0,BLU,BIM,0.1,CW,0.2,0.8360655737704918,0.0,0,8
engr0,HTC,BIM,0.1,CW,0.2,0.8360655737704918,0.0,0,8
engr0,LG,BIM,0.1,CW,0.2,0.8360655737704918,0.0,0,8
engr0,MOTO,BIM,0.1,CW,0.2,0.8360655737704918,0.0,0,8
engr0,OP3,BIM,0.1,CW,0.2,0.8360655737704918,0.0,0,8
engr0,S7,BIM,0.1,CW,0.2,0.8360655737704918,0.0,0,8
engr0,BLU,BIM,0.1,CW,0.3,0.8360655737704918,0.0,0,8
engr0,HTC,BIM,0.1,CW,0.3,0.8360655737704918,0.0,0,8
engr0,LG,BIM,0.1,CW,0.3,0.8360655737704918,0.0,0,8
engr0,MOTO,BIM,0.1,CW,0.3,0.8360655737704918,0.0,0,8
engr0,OP3,BIM,0.1,CW,0.3,0.8360655737704918,0.0,0,8
engr0,S7,BIM,0.1,CW,0.3,0.8360655737704918,0.0,0,8
engr0,BLU,BIM,0.1,CW,0.4,0.8360655737704918,0.0,0,8
engr0,HTC,BIM,0.1,CW,0.4,0.8360655737704918,0.0,0,8
engr0,LG,BIM,0.1,CW,0.4,0.8360655737704918,0.0,0,8
engr0,MOTO,BIM,0.1,CW,0.4,0.8360655737704918,0.0,0,8
engr0,OP3,BIM,0.1,CW,0.4,0.8360655737704918,0.0,0,8
engr0,S7,BIM,0.1,CW,0.4,0.8360655737704918,0.0,0,8
engr0,BLU,BIM,0.1,CW,0.5,0.8360655737704918,0.0,0,8
engr0,HTC,BIM,0.1,CW,0.5,0.8360655737704918,0.0,0,8
engr0,LG,BIM,0.1,CW,0.5,0.8360655737704918,0.0,0,8
engr0,MOTO,BIM,0.1,CW,0.5,0.8360655737704918,0.0,0,8
engr0,OP3,BIM,0.1,CW,0.5,0.8360655737704918,0.0,0,8
engr0,S7,BIM,0.1,CW,0.5,0.8360655737704918,0.0,0,8
engr0,BLU,BIM,0.1,CW,0.6,0.8360655737704918,0.0,0,8
engr0,HTC,BIM,0.1,CW,0.6,0.8360655737704918,0.0,0,8
engr0,LG,BIM,0.1,CW,0.6,0.8360655737704918,0.0,0,8
engr0,MOTO,BIM,0.1,CW,0.6,0.8360655737704918,0.0,0,8
engr0,OP3,BIM,0.1,CW,0.6,0.8360655737704918,0.0,0,8
engr0,S7,BIM,0.1,CW,0.6,0.8360655737704918,0.0,0,8
engr0,BLU,BIM,0.1,CW,0.7,0.8360655737704918,0.0,0,8
engr0,HTC,BIM,0.1,CW,0.7,0.8360655737704918,0.0,0,8
engr0,LG,BIM,0.1,CW,0.7,0.8360655737704918,0.0,0,8
engr0,MOTO,BIM,0.1,CW,0.7,0.8360655737704918,0.0,0,8
engr0,OP3,BIM,0.1,CW,0.7,0.8360655737704918,0.0,0,8
engr0,S7,BIM,0.1,CW,0.7,0.8360655737704918,0.0,0,8
engr0,BLU,BIM,0.1,CW,0.8,0.8360655737704918,0.0,0,8
engr0,HTC,BIM,0.1,CW,0.8,0.8360655737704918,0.0,0,8
engr0,LG,BIM,0.1,CW,0.8,0.8360655737704918,0.0,0,8
engr0,MOTO,BIM,0.1,CW,0.8,0.8360655737704918,0.0,0,8
engr0,OP3,BIM,0.1,CW,0.8,0.8360655737704918,0.0,0,8
engr0,S7,BIM,0.1,CW,0.8,0.8360655737704918,0.0,0,8
engr0,BLU,BIM,0.1,CW,0.9,0.8360655737704918,0.0,0,8
engr0,HTC,BIM,0.1,CW,0.9,0.8360655737704918,0.0,0,8
engr0,LG,BIM,0.1,CW,0.9,0.8360655737704918,0.0,0,8
engr0,MOTO,BIM,0.1,CW,0.9,0.8360655737704918,0.0,0,8
engr0,OP3,BIM,0.1,CW,0.9,0.8360655737704918,0.0,0,8
engr0,S7,BIM,0.1,CW,0.9,0.8360655737704918,0.0,0,8
engr0,BLU,BIM,0.1,CW,1.0,0.8360655737704918,0.0,0,8
engr0,HTC,BIM,0.1,CW,1.0,0.8360655737704918,0.0,0,8
engr0,LG,BIM,0.1,CW,1.0,0.8360655737704918,0.0,0,8
engr0,MOTO,BIM,0.1,CW,1.0,0.8360655737704918,0.0,0,8
engr0,OP3,BIM,0.1,CW,1.0,0.8360655737704918,0.0,0,8
engr0,S7,BIM,0.1,CW,1.0,0.8360655737704918,0.0,0,8
engr0,BLU,BIM,0.2,CW,0.1,0.6557377049180327,0.0,0,8
engr0,HTC,BIM,0.2,CW,0.1,0.6557377049180327,0.0,0,8
engr0,LG,BIM,0.2,CW,0.1,0.6557377049180327,0.0,0,8
engr0,MOTO,BIM,0.2,CW,0.1,0.6557377049180327,0.0,0,8
engr0,OP3,BIM,0.2,CW,0.1,0.6557377049180327,0.0,0,8
engr0,S7,BIM,0.2,CW,0.1,0.6557377049180327,0.0,0,8
engr0,BLU,BIM,0.2,CW,0.2,0.6557377049180327,0.0,0,8
engr0,HTC,BIM,0.2,CW,0.2,0.6557377049180327,0.0,0,8
engr0,LG,BIM,0.2,CW,0.2,0.6557377049180327,0.0,0,8
engr0,MOTO,BIM,0.2,CW,0.2,0.6557377049180327,0.0,0,8
engr0,OP3,BIM,0.2,CW,0.2,0.6557377049180327,0.0,0,8
engr0,S7,BIM,0.2,CW,0.2,0.6557377049180327,0.0,0,8
engr0,BLU,BIM,0.2,CW,0.3,0.6557377049180327,0.0,0,8
engr0,HTC,BIM,0.2,CW,0.3,0.6557377049180327,0.0,0,8
engr0,LG,BIM,0.2,CW,0.3,0.6557377049180327,0.0,0,8
engr0,MOTO,BIM,0.2,CW,0.3,0.6557377049180327,0.0,0,8
engr0,OP3,BIM,0.2,CW,0.3,0.6557377049180327,0.0,0,8
engr0,S7,BIM,0.2,CW,0.3,0.6557377049180327,0.0,0,8
engr0,BLU,BIM,0.2,CW,0.4,0.6557377049180327,0.0,0,8
engr0,HTC,BIM,0.2,CW,0.4,0.6557377049180327,0.0,0,8
engr0,LG,BIM,0.2,CW,0.4,0.6557377049180327,0.0,0,8
engr0,MOTO,BIM,0.2,CW,0.4,0.6557377049180327,0.0,0,8
engr0,OP3,BIM,0.2,CW,0.4,0.6557377049180327,0.0,0,8
engr0,S7,BIM,0.2,CW,0.4,0.6557377049180327,0.0,0,8
engr0,BLU,BIM,0.2,CW,0.5,0.6557377049180327,0.0,0,8
engr0,HTC,BIM,0.2,CW,0.5,0.6557377049180327,0.0,0,8
engr0,LG,BIM,0.2,CW,0.5,0.6557377049180327,0.0,0,8
engr0,MOTO,BIM,0.2,CW,0.5,0.6557377049180327,0.0,0,8
engr0,OP3,BIM,0.2,CW,0.5,0.6557377049180327,0.0,0,8
engr0,S7,BIM,0.2,CW,0.5,0.6557377049180327,0.0,0,8
engr0,BLU,BIM,0.2,CW,0.6,0.6557377049180327,0.0,0,8
engr0,HTC,BIM,0.2,CW,0.6,0.6557377049180327,0.0,0,8
engr0,LG,BIM,0.2,CW,0.6,0.6557377049180327,0.0,0,8
engr0,MOTO,BIM,0.2,CW,0.6,0.6557377049180327,0.0,0,8
engr0,OP3,BIM,0.2,CW,0.6,0.6557377049180327,0.0,0,8
engr0,S7,BIM,0.2,CW,0.6,0.6557377049180327,0.0,0,8
engr0,BLU,BIM,0.2,CW,0.7,0.6557377049180327,0.0,0,8
engr0,HTC,BIM,0.2,CW,0.7,0.6557377049180327,0.0,0,8
engr0,LG,BIM,0.2,CW,0.7,0.6557377049180327,0.0,0,8
engr0,MOTO,BIM,0.2,CW,0.7,0.6557377049180327,0.0,0,8
engr0,OP3,BIM,0.2,CW,0.7,0.6557377049180327,0.0,0,8
engr0,S7,BIM,0.2,CW,0.7,0.6557377049180327,0.0,0,8
engr0,BLU,BIM,0.2,CW,0.8,0.6557377049180327,0.0,0,8
engr0,HTC,BIM,0.2,CW,0.8,0.6557377049180327,0.0,0,8
engr0,LG,BIM,0.2,CW,0.8,0.6557377049180327,0.0,0,8
engr0,MOTO,BIM,0.2,CW,0.8,0.6557377049180327,0.0,0,8
engr0,OP3,BIM,0.2,CW,0.8,0.6557377049180327,0.0,0,8
engr0,S7,BIM,0.2,CW,0.8,0.6557377049180327,0.0,0,8
engr0,BLU,BIM,0.2,CW,0.9,0.6557377049180327,0.0,0,8
engr0,HTC,BIM,0.2,CW,0.9,0.6557377049180327,0.0,0,8
engr0,LG,BIM,0.2,CW,0.9,0.6557377049180327,0.0,0,8
engr0,MOTO,BIM,0.2,CW,0.9,0.6557377049180327,0.0,0,8
engr0,OP3,BIM,0.2,CW,0.9,0.6557377049180327,0.0,0,8
engr0,S7,BIM,0.2,CW,0.9,0.6557377049180327,0.0,0,8
engr0,BLU,BIM,0.2,CW,1.0,0.6557377049180327,0.0,0,8
engr0,HTC,BIM,0.2,CW,1.0,0.6557377049180327,0.0,0,8
engr0,LG,BIM,0.2,CW,1.0,0.6557377049180327,0.0,0,8
engr0,MOTO,BIM,0.2,CW,1.0,0.6557377049180327,0.0,0,8
engr0,OP3,BIM,0.2,CW,1.0,0.6557377049180327,0.0,0,8
engr0,S7,BIM,0.2,CW,1.0,0.6557377049180327,0.0,0,8
engr0,BLU,BIM,0.3,CW,0.1,0.8360655737704918,0.0,0,6
engr0,HTC,BIM,0.3,CW,0.1,0.8360655737704918,0.0,0,6
engr0,LG,BIM,0.3,CW,0.1,0.8360655737704918,0.0,0,6
engr0,MOTO,BIM,0.3,CW,0.1,0.8360655737704918,0.0,0,6
engr0,OP3,BIM,0.3,CW,0.1,0.8360655737704918,0.0,0,6
engr0,S7,BIM,0.3,CW,0.1,0.8360655737704918,0.0,0,6
engr0,BLU,BIM,0.3,CW,0.2,0.8360655737704918,0.0,0,6
engr0,HTC,BIM,0.3,CW,0.2,0.8360655737704918,0.0,0,6
engr0,LG,BIM,0.3,CW,0.2,0.8360655737704918,0.0,0,6
engr0,MOTO,BIM,0.3,CW,0.2,0.8360655737704918,0.0,0,6
engr0,OP3,BIM,0.3,CW,0.2,0.8360655737704918,0.0,0,6
engr0,S7,BIM,0.3,CW,0.2,0.8360655737704918,0.0,0,6
engr0,BLU,BIM,0.3,CW,0.3,0.8360655737704918,0.0,0,6
engr0,HTC,BIM,0.3,CW,0.3,0.8360655737704918,0.0,0,6
engr0,LG,BIM,0.3,CW,0.3,0.8360655737704918,0.0,0,6
engr0,MOTO,BIM,0.3,CW,0.3,0.8360655737704918,0.0,0,6
engr0,OP3,BIM,0.3,CW,0.3,0.8360655737704918,0.0,0,6
engr0,S7,BIM,0.3,CW,0.3,0.8360655737704918,0.0,0,6
engr0,BLU,BIM,0.3,CW,0.4,0.8360655737704918,0.0,0,6
engr0,HTC,BIM,0.3,CW,0.4,0.8360655737704918,0.0,0,6
engr0,LG,BIM,0.3,CW,0.4,0.8360655737704918,0.0,0,6
engr0,MOTO,BIM,0.3,CW,0.4,0.8360655737704918,0.0,0,6
engr0,OP3,BIM,0.3,CW,0.4,0.8360655737704918,0.0,0,6
engr0,S7,BIM,0.3,CW,0.4,0.8360655737704918,0.0,0,6
engr0,BLU,BIM,0.3,CW,0.5,0.8360655737704918,0.0,0,6
engr0,HTC,BIM,0.3,CW,0.5,0.8360655737704918,0.0,0,6
engr0,LG,BIM,0.3,CW,0.5,0.8360655737704918,0.0,0,6
engr0,MOTO,BIM,0.3,CW,0.5,0.8360655737704918,0.0,0,6
engr0,OP3,BIM,0.3,CW,0.5,0.8360655737704918,0.0,0,6
engr0,S7,BIM,0.3,CW,0.5,0.8360655737704918,0.0,0,6
engr0,BLU,BIM,0.3,CW,0.6,0.8360655737704918,0.0,0,6
engr0,HTC,BIM,0.3,CW,0.6,0.8360655737704918,0.0,0,6
engr0,LG,BIM,0.3,CW,0.6,0.8360655737704918,0.0,0,6
engr0,MOTO,BIM,0.3,CW,0.6,0.8360655737704918,0.0,0,6
engr0,OP3,BIM,0.3,CW,0.6,0.8360655737704918,0.0,0,6
engr0,S7,BIM,0.3,CW,0.6,0.8360655737704918,0.0,0,6
engr0,BLU,BIM,0.3,CW,0.7,0.8360655737704918,0.0,0,6
engr0,HTC,BIM,0.3,CW,0.7,0.8360655737704918,0.0,0,6
engr0,LG,BIM,0.3,CW,0.7,0.8360655737704918,0.0,0,6
engr0,MOTO,BIM,0.3,CW,0.7,0.8360655737704918,0.0,0,6
engr0,OP3,BIM,0.3,CW,0.7,0.8360655737704918,0.0,0,6
engr0,S7,BIM,0.3,CW,0.7,0.8360655737704918,0.0,0,6
engr0,BLU,BIM,0.3,CW,0.8,0.8360655737704918,0.0,0,6
engr0,HTC,BIM,0.3,CW,0.8,0.8360655737704918,0.0,0,6
engr0,LG,BIM,0.3,CW,0.8,0.8360655737704918,0.0,0,6
engr0,MOTO,BIM,0.3,CW,0.8,0.8360655737704918,0.0,0,6
engr0,OP3,BIM,0.3,CW,0.8,0.8360655737704918,0.0,0,6
engr0,S7,BIM,0.3,CW,0.8,0.8360655737704918,0.0,0,6
engr0,BLU,BIM,0.3,CW,0.9,0.8360655737704918,0.0,0,6
engr0,HTC,BIM,0.3,CW,0.9,0.8360655737704918,0.0,0,6
engr0,LG,BIM,0.3,CW,0.9,0.8360655737704918,0.0,0,6
engr0,MOTO,BIM,0.3,CW,0.9,0.8360655737704918,0.0,0,6
engr0,OP3,BIM,0.3,CW,0.9,0.8360655737704918,0.0,0,6
engr0,S7,BIM,0.3,CW,0.9,0.8360655737704918,0.0,0,6
engr0,BLU,BIM,0.3,CW,1.0,0.8360655737704918,0.0,0,6
engr0,HTC,BIM,0.3,CW,1.0,0.8360655737704918,0.0,0,6
engr0,LG,BIM,0.3,CW,1.0,0.8360655737704918,0.0,0,6
engr0,MOTO,BIM,0.3,CW,1.0,0.8360655737704918,0.0,0,6
engr0,OP3,BIM,0.3,CW,1.0,0.8360655737704918,0.0,0,6
engr0,S7,BIM,0.3,CW,1.0,0.8360655737704918,0.0,0,6
engr0,BLU,BIM,0.4,CW,0.1,1.0,1.0,0,7
engr0,HTC,BIM,0.4,CW,0.1,1.0,1.0,0,7
engr0,LG,BIM,0.4,CW,0.1,1.0,1.0,0,7
engr0,MOTO,BIM,0.4,CW,0.1,1.0,1.0,0,7
engr0,OP3,BIM,0.4,CW,0.1,1.0,1.0,0,7
engr0,S7,BIM,0.4,CW,0.1,1.0,1.0,0,7
engr0,BLU,BIM,0.4,CW,0.2,1.0,1.0,0,7
engr0,HTC,BIM,0.4,CW,0.2,1.0,1.0,0,7
engr0,LG,BIM,0.4,CW,0.2,1.0,1.0,0,7
engr0,MOTO,BIM,0.4,CW,0.2,1.0,1.0,0,7
engr0,OP3,BIM,0.4,CW,0.2,1.0,1.0,0,7
engr0,S7,BIM,0.4,CW,0.2,1.0,1.0,0,7
engr0,BLU,BIM,0.4,CW,0.3,1.0,1.0,0,7
engr0,HTC,BIM,0.4,CW,0.3,1.0,1.0,0,7
engr0,LG,BIM,0.4,CW,0.3,1.0,1.0,0,7
engr0,MOTO,BIM,0.4,CW,0.3,1.0,1.0,0,7
engr0,OP3,BIM,0.4,CW,0.3,1.0,1.0,0,7
engr0,S7,BIM,0.4,CW,0.3,1.0,1.0,0,7
engr0,BLU,BIM,0.4,CW,0.4,1.0,1.0,0,7
engr0,HTC,BIM,0.4,CW,0.4,1.0,1.0,0,7
engr0,LG,BIM,0.4,CW,0.4,1.0,1.0,0,7
engr0,MOTO,BIM,0.4,CW,0.4,1.0,1.0,0,7
engr0,OP3,BIM,0.4,CW,0.4,1.0,1.0,0,7
engr0,S7,BIM,0.4,CW,0.4,1.0,1.0,0,7
engr0,BLU,BIM,0.4,CW,0.5,1.0,1.0,0,7
engr0,HTC,BIM,0.4,CW,0.5,1.0,1.0,0,7
engr0,LG,BIM,0.4,CW,0.5,1.0,1.0,0,7
engr0,MOTO,BIM,0.4,CW,0.5,1.0,1.0,0,7
engr0,OP3,BIM,0.4,CW,0.5,1.0,1.0,0,7
engr0,S7,BIM,0.4,CW,0.5,1.0,1.0,0,7
engr0,BLU,BIM,0.4,CW,0.6,1.0,1.0,0,7
engr0,HTC,BIM,0.4,CW,0.6,1.0,1.0,0,7
engr0,LG,BIM,0.4,CW,0.6,1.0,1.0,0,7
engr0,MOTO,BIM,0.4,CW,0.6,1.0,1.0,0,7
engr0,OP3,BIM,0.4,CW,0.6,1.0,1.0,0,7
engr0,S7,BIM,0.4,CW,0.6,1.0,1.0,0,7
engr0,BLU,BIM,0.4,CW,0.7,1.0,1.0,0,7
engr0,HTC,BIM,0.4,CW,0.7,1.0,1.0,0,7
engr0,LG,BIM,0.4,CW,0.7,1.0,1.0,0,7
engr0,MOTO,BIM,0.4,CW,0.7,1.0,1.0,0,7
engr0,OP3,BIM,0.4,CW,0.7,1.0,1.0,0,7
engr0,S7,BIM,0.4,CW,0.7,1.0,1.0,0,7
engr0,BLU,BIM,0.4,CW,0.8,1.0,1.0,0,7
engr0,HTC,BIM,0.4,CW,0.8,1.0,1.0,0,7
engr0,LG,BIM,0.4,CW,0.8,1.0,1.0,0,7
engr0,MOTO,BIM,0.4,CW,0.8,1.0,1.0,0,7
engr0,OP3,BIM,0.4,CW,0.8,1.0,1.0,0,7
engr0,S7,BIM,0.4,CW,0.8,1.0,1.0,0,7
engr0,BLU,BIM,0.4,CW,0.9,1.0,1.0,0,7
engr0,HTC,BIM,0.4,CW,0.9,1.0,1.0,0,7
engr0,LG,BIM,0.4,CW,0.9,1.0,1.0,0,7
engr0,MOTO,BIM,0.4,CW,0.9,1.0,1.0,0,7
engr0,OP3,BIM,0.4,CW,0.9,1.0,1.0,0,7
engr0,S7,BIM,0.4,CW,0.9,1.0,1.0,0,7
engr0,BLU,BIM,0.4,CW,1.0,1.0,1.0,0,7
engr0,HTC,BIM,0.4,CW,1.0,1.0,1.0,0,7
engr0,LG,BIM,0.4,CW,1.0,1.0,1.0,0,7
engr0,MOTO,BIM,0.4,CW,1.0,1.0,1.0,0,7
engr0,OP3,BIM,0.4,CW,1.0,1.0,1.0,0,7
engr0,S7,BIM,0.4,CW,1.0,1.0,1.0,0,7
engr0,BLU,BIM,0.5,CW,0.1,0.8032786885245902,0.0,0,5
engr0,HTC,BIM,0.5,CW,0.1,0.8032786885245902,0.0,0,5
engr0,LG,BIM,0.5,CW,0.1,0.8032786885245902,0.0,0,5
engr0,MOTO,BIM,0.5,CW,0.1,0.8032786885245902,0.0,0,5
engr0,OP3,BIM,0.5,CW,0.1,0.8032786885245902,0.0,0,5
engr0,S7,BIM,0.5,CW,0.1,0.8032786885245902,0.0,0,5
engr0,BLU,BIM,0.5,CW,0.2,0.8032786885245902,0.0,0,5
engr0,HTC,BIM,0.5,CW,0.2,0.8032786885245902,0.0,0,5
engr0,LG,BIM,0.5,CW,0.2,0.8032786885245902,0.0,0,5
engr0,MOTO,BIM,0.5,CW,0.2,0.8032786885245902,0.0,0,5
engr0,OP3,BIM,0.5,CW,0.2,0.8032786885245902,0.0,0,5
engr0,S7,BIM,0.5,CW,0.2,0.8032786885245902,0.0,0,5
engr0,BLU,BIM,0.5,CW,0.3,0.8032786885245902,0.0,0,5
engr0,HTC,BIM,0.5,CW,0.3,0.8032786885245902,0.0,0,5
engr0,LG,BIM,0.5,CW,0.3,0.8032786885245902,0.0,0,5
engr0,MOTO,BIM,0.5,CW,0.3,0.8032786885245902,0.0,0,5
engr0,OP3,BIM,0.5,CW,0.3,0.8032786885245902,0.0,0,5
engr0,S7,BIM,0.5,CW,0.3,0.8032786885245902,0.0,0,5
engr0,BLU,BIM,0.5,CW,0.4,0.8032786885245902,0.0,0,5
engr0,HTC,BIM,0.5,CW,0.4,0.8032786885245902,0.0,0,5
engr0,LG,BIM,0.5,CW,0.4,0.8032786885245902,0.0,0,5
engr0,MOTO,BIM,0.5,CW,0.4,0.8032786885245902,0.0,0,5
engr0,OP3,BIM,0.5,CW,0.4,0.8032786885245902,0.0,0,5
engr0,S7,BIM,0.5,CW,0.4,0.8032786885245902,0.0,0,5
engr0,BLU,BIM,0.5,CW,0.5,0.8032786885245902,0.0,0,5
engr0,HTC,BIM,0.5,CW,0.5,0.8032786885245902,0.0,0,5
engr0,LG,BIM,0.5,CW,0.5,0.8032786885245902,0.0,0,5
engr0,MOTO,BIM,0.5,CW,0.5,0.8032786885245902,0.0,0,5
engr0,OP3,BIM,0.5,CW,0.5,0.8032786885245902,0.0,0,5
engr0,S7,BIM,0.5,CW,0.5,0.8032786885245902,0.0,0,5
engr0,BLU,BIM,0.5,CW,0.6,0.8032786885245902,0.0,0,5
engr0,HTC,BIM,0.5,CW,0.6,0.8032786885245902,0.0,0,5
engr0,LG,BIM,0.5,CW,0.6,0.8032786885245902,0.0,0,5
engr0,MOTO,BIM,0.5,CW,0.6,0.8032786885245902,0.0,0,5
engr0,OP3,BIM,0.5,CW,0.6,0.8032786885245902,0.0,0,5
engr0,S7,BIM,0.5,CW,0.6,0.8032786885245902,0.0,0,5
engr0,BLU,BIM,0.5,CW,0.7,0.8032786885245902,0.0,0,5
engr0,HTC,BIM,0.5,CW,0.7,0.8032786885245902,0.0,0,5
engr0,LG,BIM,0.5,CW,0.7,0.8032786885245902,0.0,0,5
engr0,MOTO,BIM,0.5,CW,0.7,0.8032786885245902,0.0,0,5
engr0,OP3,BIM,0.5,CW,0.7,0.8032786885245902,0.0,0,5
engr0,S7,BIM,0.5,CW,0.7,0.8032786885245902,0.0,0,5
engr0,BLU,BIM,0.5,CW,0.8,0.8032786885245902,0.0,0,5
engr0,HTC,BIM,0.5,CW,0.8,0.8032786885245902,0.0,0,5
engr0,LG,BIM,0.5,CW,0.8,0.8032786885245902,0.0,0,5
engr0,MOTO,BIM,0.5,CW,0.8,0.8032786885245902,0.0,0,5
engr0,OP3,BIM,0.5,CW,0.8,0.8032786885245902,0.0,0,5
engr0,S7,BIM,0.5,CW,0.8,0.8032786885245902,0.0,0,5
engr0,BLU,BIM,0.5,CW,0.9,0.8032786885245902,0.0,0,5
engr0,HTC,BIM,0.5,CW,0.9,0.8032786885245902,0.0,0,5
engr0,LG,BIM,0.5,CW,0.9,0.8032786885245902,0.0,0,5
engr0,MOTO,BIM,0.5,CW,0.9,0.8032786885245902,0.0,0,5
engr0,OP3,BIM,0.5,CW,0.9,0.8032786885245902,0.0,0,5
engr0,S7,BIM,0.5,CW,0.9,0.8032786885245902,0.0,0,5
engr0,BLU,BIM,0.5,CW,1.0,0.8032786885245902,0.0,0,5
engr0,HTC,BIM,0.5,CW,1.0,0.8032786885245902,0.0,0,5
engr0,LG,BIM,0.5,CW,1.0,0.8032786885245902,0.0,0,5
engr0,MOTO,BIM,0.5,CW,1.0,0.8032786885245902,0.0,0,5
engr0,OP3,BIM,0.5,CW,1.0,0.8032786885245902,0.0,0,5
engr0,S7,BIM,0.5,CW,1.0,0.8032786885245902,0.0,0,5
engr0,BLU,BIM,0.6,CW,0.1,0.8032786885245902,0.0,0,4
engr0,HTC,BIM,0.6,CW,0.1,0.8032786885245902,0.0,0,4
engr0,LG,BIM,0.6,CW,0.1,0.8032786885245902,0.0,0,4
engr0,MOTO,BIM,0.6,CW,0.1,0.8032786885245902,0.0,0,4
engr0,OP3,BIM,0.6,CW,0.1,0.8032786885245902,0.0,0,4
engr0,S7,BIM,0.6,CW,0.1,0.8032786885245902,0.0,0,4
engr0,BLU,BIM,0.6,CW,0.2,0.8032786885245902,0.0,0,4
engr0,HTC,BIM,0.6,CW,0.2,0.8032786885245902,0.0,0,4
engr0,LG,BIM,0.6,CW,0.2,0.8032786885245902,0.0,0,4
engr0,MOTO,BIM,0.6,CW,0.2,0.8032786885245902,0.0,0,4
engr0,OP3,BIM,0.6,CW,0.2,0.8032786885245902,0.0,0,4
engr0,S7,BIM,0.6,CW,0.2,0.8032786885245902,0.0,0,4
engr0,BLU,BIM,0.6,CW,0.3,0.8032786885245902,0.0,0,4
engr0,HTC,BIM,0.6,CW,0.3,0.8032786885245902,0.0,0,4
engr0,LG,BIM,0.6,CW,0.3,0.8032786885245902,0.0,0,4
engr0,MOTO,BIM,0.6,CW,0.3,0.8032786885245902,0.0,0,4
engr0,OP3,BIM,0.6,CW,0.3,0.8032786885245902,0.0,0,4
engr0,S7,BIM,0.6,CW,0.3,0.8032786885245902,0.0,0,4
engr0,BLU,BIM,0.6,CW,0.4,0.8032786885245902,0.0,0,4
engr0,HTC,BIM,0.6,CW,0.4,0.8032786885245902,0.0,0,4
engr0,LG,BIM,0.6,CW,0.4,0.8032786885245902,0.0,0,4
engr0,MOTO,BIM,0.6,CW,0.4,0.8032786885245902,0.0,0,4
engr0,OP3,BIM,0.6,CW,0.4,0.8032786885245902,0.0,0,4
engr0,S7,BIM,0.6,CW,0.4,0.8032786885245902,0.0,0,4
engr0,BLU,BIM,0.6,CW,0.5,0.8032786885245902,0.0,0,4
engr0,HTC,BIM,0.6,CW,0.5,0.8032786885245902,0.0,0,4
engr0,LG,BIM,0.6,CW,0.5,0.8032786885245902,0.0,0,4
engr0,MOTO,BIM,0.6,CW,0.5,0.8032786885245902,0.0,0,4
engr0,OP3,BIM,0.6,CW,0.5,0.8032786885245902,0.0,0,4
engr0,S7,BIM,0.6,CW,0.5,0.8032786885245902,0.0,0,4
engr0,BLU,BIM,0.6,CW,0.6,0.8032786885245902,0.0,0,4
engr0,HTC,BIM,0.6,CW,0.6,0.8032786885245902,0.0,0,4
engr0,LG,BIM,0.6,CW,0.6,0.8032786885245902,0.0,0,4
engr0,MOTO,BIM,0.6,CW,0.6,0.8032786885245902,0.0,0,4
engr0,OP3,BIM,0.6,CW,0.6,0.8032786885245902,0.0,0,4
engr0,S7,BIM,0.6,CW,0.6,0.8032786885245902,0.0,0,4
engr0,BLU,BIM,0.6,CW,0.7,0.8032786885245902,0.0,0,4
engr0,HTC,BIM,0.6,CW,0.7,0.8032786885245902,0.0,0,4
engr0,LG,BIM,0.6,CW,0.7,0.8032786885245902,0.0,0,4
engr0,MOTO,BIM,0.6,CW,0.7,0.8032786885245902,0.0,0,4
engr0,OP3,BIM,0.6,CW,0.7,0.8032786885245902,0.0,0,4
engr0,S7,BIM,0.6,CW,0.7,0.8032786885245902,0.0,0,4
engr0,BLU,BIM,0.6,CW,0.8,0.8032786885245902,0.0,0,4
engr0,HTC,BIM,0.6,CW,0.8,0.8032786885245902,0.0,0,4
engr0,LG,BIM,0.6,CW,0.8,0.8032786885245902,0.0,0,4
engr0,MOTO,BIM,0.6,CW,0.8,0.8032786885245902,0.0,0,4
engr0,OP3,BIM,0.6,CW,0.8,0.8032786885245902,0.0,0,4
engr0,S7,BIM,0.6,CW,0.8,0.8032786885245902,0.0,0,4
engr0,BLU,BIM,0.6,CW,0.9,0.8032786885245902,0.0,0,4
engr0,HTC,BIM,0.6,CW,0.9,0.8032786885245902,0.0,0,4
engr0,LG,BIM,0.6,CW,0.9,0.8032786885245902,0.0,0,4
engr0,MOTO,BIM,0.6,CW,0.9,0.8032786885245902,0.0,0,4
engr0,OP3,BIM,0.6,CW,0.9,0.8032786885245902,0.0,0,4
engr0,S7,BIM,0.6,CW,0.9,0.8032786885245902,0.0,0,4
engr0,BLU,BIM,0.6,CW,1.0,0.8032786885245902,0.0,0,4
engr0,HTC,BIM,0.6,CW,1.0,0.8032786885245902,0.0,0,4
engr0,LG,BIM,0.6,CW,1.0,0.8032786885245902,0.0,0,4
engr0,MOTO,BIM,0.6,CW,1.0,0.8032786885245902,0.0,0,4
engr0,OP3,BIM,0.6,CW,1.0,0.8032786885245902,0.0,0,4
engr0,S7,BIM,0.6,CW,1.0,0.8032786885245902,0.0,0,4
engr0,BLU,BIM,0.7,CW,0.1,1.2295081967213115,0.0,0,15
engr0,HTC,BIM,0.7,CW,0.1,1.2295081967213115,0.0,0,15
engr0,LG,BIM,0.7,CW,0.1,1.2295081967213115,0.0,0,15
engr0,MOTO,BIM,0.7,CW,0.1,1.2295081967213115,0.0,0,15
engr0,OP3,BIM,0.7,CW,0.1,1.2295081967213115,0.0,0,15
engr0,S7,BIM,0.7,CW,0.1,1.2295081967213115,0.0,0,15
engr0,BLU,BIM,0.7,CW,0.2,1.2295081967213115,0.0,0,15
engr0,HTC,BIM,0.7,CW,0.2,1.2295081967213115,0.0,0,15
engr0,LG,BIM,0.7,CW,0.2,1.2295081967213115,0.0,0,15
engr0,MOTO,BIM,0.7,CW,0.2,1.2295081967213115,0.0,0,15
engr0,OP3,BIM,0.7,CW,0.2,1.2295081967213115,0.0,0,15
engr0,S7,BIM,0.7,CW,0.2,1.2295081967213115,0.0,0,15
engr0,BLU,BIM,0.7,CW,0.3,1.2295081967213115,0.0,0,15
engr0,HTC,BIM,0.7,CW,0.3,1.2295081967213115,0.0,0,15
engr0,LG,BIM,0.7,CW,0.3,1.2295081967213115,0.0,0,15
engr0,MOTO,BIM,0.7,CW,0.3,1.2295081967213115,0.0,0,15
engr0,OP3,BIM,0.7,CW,0.3,1.2295081967213115,0.0,0,15
engr0,S7,BIM,0.7,CW,0.3,1.2295081967213115,0.0,0,15
engr0,BLU,BIM,0.7,CW,0.4,1.2295081967213115,0.0,0,15
engr0,HTC,BIM,0.7,CW,0.4,1.2295081967213115,0.0,0,15
engr0,LG,BIM,0.7,CW,0.4,1.2295081967213115,0.0,0,15
engr0,MOTO,BIM,0.7,CW,0.4,1.2295081967213115,0.0,0,15
engr0,OP3,BIM,0.7,CW,0.4,1.2295081967213115,0.0,0,15
engr0,S7,BIM,0.7,CW,0.4,1.2295081967213115,0.0,0,15
engr0,BLU,BIM,0.7,CW,0.5,1.2295081967213115,0.0,0,15
engr0,HTC,BIM,0.7,CW,0.5,1.2295081967213115,0.0,0,15
engr0,LG,BIM,0.7,CW,0.5,1.2295081967213115,0.0,0,15
engr0,MOTO,BIM,0.7,CW,0.5,1.2295081967213115,0.0,0,15
engr0,OP3,BIM,0.7,CW,0.5,1.2295081967213115,0.0,0,15
engr0,S7,BIM,0.7,CW,0.5,1.2295081967213115,0.0,0,15
engr0,BLU,BIM,0.7,CW,0.6,1.2295081967213115,0.0,0,15
engr0,HTC,BIM,0.7,CW,0.6,1.2295081967213115,0.0,0,15
engr0,LG,BIM,0.7,CW,0.6,1.2295081967213115,0.0,0,15
engr0,MOTO,BIM,0.7,CW,0.6,1.2295081967213115,0.0,0,15
engr0,OP3,BIM,0.7,CW,0.6,1.2295081967213115,0.0,0,15
engr0,S7,BIM,0.7,CW,0.6,1.2295081967213115,0.0,0,15
engr0,BLU,BIM,0.7,CW,0.7,1.2295081967213115,0.0,0,15
engr0,HTC,BIM,0.7,CW,0.7,1.2295081967213115,0.0,0,15
engr0,LG,BIM,0.7,CW,0.7,1.2295081967213115,0.0,0,15
engr0,MOTO,BIM,0.7,CW,0.7,1.2295081967213115,0.0,0,15
engr0,OP3,BIM,0.7,CW,0.7,1.2295081967213115,0.0,0,15
engr0,S7,BIM,0.7,CW,0.7,1.2295081967213115,0.0,0,15
engr0,BLU,BIM,0.7,CW,0.8,1.2295081967213115,0.0,0,15
engr0,HTC,BIM,0.7,CW,0.8,1.2295081967213115,0.0,0,15
engr0,LG,BIM,0.7,CW,0.8,1.2295081967213115,0.0,0,15
engr0,MOTO,BIM,0.7,CW,0.8,1.2295081967213115,0.0,0,15
engr0,OP3,BIM,0.7,CW,0.8,1.2295081967213115,0.0,0,15
engr0,S7,BIM,0.7,CW,0.8,1.2295081967213115,0.0,0,15
engr0,BLU,BIM,0.7,CW,0.9,1.2295081967213115,0.0,0,15
engr0,HTC,BIM,0.7,CW,0.9,1.2295081967213115,0.0,0,15
engr0,LG,BIM,0.7,CW,0.9,1.2295081967213115,0.0,0,15
engr0,MOTO,BIM,0.7,CW,0.9,1.2295081967213115,0.0,0,15
engr0,OP3,BIM,0.7,CW,0.9,1.2295081967213115,0.0,0,15
engr0,S7,BIM,0.7,CW,0.9,1.2295081967213115,0.0,0,15
engr0,BLU,BIM,0.7,CW,1.0,1.2295081967213115,0.0,0,15
engr0,HTC,BIM,0.7,CW,1.0,1.2295081967213115,0.0,0,15
engr0,LG,BIM,0.7,CW,1.0,1.2295081967213115,0.0,0,15
engr0,MOTO,BIM,0.7,CW,1.0,1.2295081967213115,0.0,0,15
engr0,OP3,BIM,0.7,CW,1.0,1.2295081967213115,0.0,0,15
engr0,S7,BIM,0.7,CW,1.0,1.2295081967213115,0.0,0,15
engr0,BLU,BIM,0.8,CW,0.1,0.9508196721311475,1.0,0,7
engr0,HTC,BIM,0.8,CW,0.1,0.9508196721311475,1.0,0,7
engr0,LG,BIM,0.8,CW,0.1,0.9508196721311475,1.0,0,7
engr0,MOTO,BIM,0.8,CW,0.1,0.9508196721311475,1.0,0,7
engr0,OP3,BIM,0.8,CW,0.1,0.9508196721311475,1.0,0,7
engr0,S7,BIM,0.8,CW,0.1,0.9508196721311475,1.0,0,7
engr0,BLU,BIM,0.8,CW,0.2,0.9508196721311475,1.0,0,7
engr0,HTC,BIM,0.8,CW,0.2,0.9508196721311475,1.0,0,7
engr0,LG,BIM,0.8,CW,0.2,0.9508196721311475,1.0,0,7
engr0,MOTO,BIM,0.8,CW,0.2,0.9508196721311475,1.0,0,7
engr0,OP3,BIM,0.8,CW,0.2,0.9508196721311475,1.0,0,7
engr0,S7,BIM,0.8,CW,0.2,0.9508196721311475,1.0,0,7
engr0,BLU,BIM,0.8,CW,0.3,0.9508196721311475,1.0,0,7
engr0,HTC,BIM,0.8,CW,0.3,0.9508196721311475,1.0,0,7
engr0,LG,BIM,0.8,CW,0.3,0.9508196721311475,1.0,0,7
engr0,MOTO,BIM,0.8,CW,0.3,0.9508196721311475,1.0,0,7
engr0,OP3,BIM,0.8,CW,0.3,0.9508196721311475,1.0,0,7
engr0,S7,BIM,0.8,CW,0.3,0.9508196721311475,1.0,0,7
engr0,BLU,BIM,0.8,CW,0.4,0.9508196721311475,1.0,0,7
engr0,HTC,BIM,0.8,CW,0.4,0.9508196721311475,1.0,0,7
engr0,LG,BIM,0.8,CW,0.4,0.9508196721311475,1.0,0,7
engr0,MOTO,BIM,0.8,CW,0.4,0.9508196721311475,1.0,0,7
engr0,OP3,BIM,0.8,CW,0.4,0.9508196721311475,1.0,0,7
engr0,S7,BIM,0.8,CW,0.4,0.9508196721311475,1.0,0,7
engr0,BLU,BIM,0.8,CW,0.5,0.9508196721311475,1.0,0,7
engr0,HTC,BIM,0.8,CW,0.5,0.9508196721311475,1.0,0,7
engr0,LG,BIM,0.8,CW,0.5,0.9508196721311475,1.0,0,7
engr0,MOTO,BIM,0.8,CW,0.5,0.9508196721311475,1.0,0,7
engr0,OP3,BIM,0.8,CW,0.5,0.9508196721311475,1.0,0,7
engr0,S7,BIM,0.8,CW,0.5,0.9508196721311475,1.0,0,7
engr0,BLU,BIM,0.8,CW,0.6,0.9508196721311475,1.0,0,7
engr0,HTC,BIM,0.8,CW,0.6,0.9508196721311475,1.0,0,7
engr0,LG,BIM,0.8,CW,0.6,0.9508196721311475,1.0,0,7
engr0,MOTO,BIM,0.8,CW,0.6,0.9508196721311475,1.0,0,7
engr0,OP3,BIM,0.8,CW,0.6,0.9508196721311475,1.0,0,7
engr0,S7,BIM,0.8,CW,0.6,0.9508196721311475,1.0,0,7
engr0,BLU,BIM,0.8,CW,0.7,0.9508196721311475,1.0,0,7
engr0,HTC,BIM,0.8,CW,0.7,0.9508196721311475,1.0,0,7
engr0,LG,BIM,0.8,CW,0.7,0.9508196721311475,1.0,0,7
engr0,MOTO,BIM,0.8,CW,0.7,0.9508196721311475,1.0,0,7
engr0,OP3,BIM,0.8,CW,0.7,0.9508196721311475,1.0,0,7
engr0,S7,BIM,0.8,CW,0.7,0.9508196721311475,1.0,0,7
engr0,BLU,BIM,0.8,CW,0.8,0.9508196721311475,1.0,0,7
engr0,HTC,BIM,0.8,CW,0.8,0.9508196721311475,1.0,0,7
engr0,LG,BIM,0.8,CW,0.8,0.9508196721311475,1.0,0,7
engr0,MOTO,BIM,0.8,CW,0.8,0.9508196721311475,1.0,0,7
engr0,OP3,BIM,0.8,CW,0.8,0.9508196721311475,1.0,0,7
engr0,S7,BIM,0.8,CW,0.8,0.9508196721311475,1.0,0,7
engr0,BLU,BIM,0.8,CW,0.9,0.9508196721311475,1.0,0,7
engr0,HTC,BIM,0.8,CW,0.9,0.9508196721311475,1.0,0,7
engr0,LG,BIM,0.8,CW,0.9,0.9508196721311475,1.0,0,7
engr0,MOTO,BIM,0.8,CW,0.9,0.9508196721311475,1.0,0,7
engr0,OP3,BIM,0.8,CW,0.9,0.9508196721311475,1.0,0,7
engr0,S7,BIM,0.8,CW,0.9,0.9508196721311475,1.0,0,7
engr0,BLU,BIM,0.8,CW,1.0,0.9508196721311475,1.0,0,7
engr0,HTC,BIM,0.8,CW,1.0,0.9508196721311475,1.0,0,7
engr0,LG,BIM,0.8,CW,1.0,0.9508196721311475,1.0,0,7
engr0,MOTO,BIM,0.8,CW,1.0,0.9508196721311475,1.0,0,7
engr0,OP3,BIM,0.8,CW,1.0,0.9508196721311475,1.0,0,7
engr0,S7,BIM,0.8,CW,1.0,0.9508196721311475,1.0,0,7
engr0,BLU,BIM,0.9,CW,0.1,0.45901639344262296,0.0,0,4
engr0,HTC,BIM,0.9,CW,0.1,0.45901639344262296,0.0,0,4
engr0,LG,BIM,0.9,CW,0.1,0.45901639344262296,0.0,0,4
engr0,MOTO,BIM,0.9,CW,0.1,0.45901639344262296,0.0,0,4
engr0,OP3,BIM,0.9,CW,0.1,0.45901639344262296,0.0,0,4
engr0,S7,BIM,0.9,CW,0.1,0.45901639344262296,0.0,0,4
engr0,BLU,BIM,0.9,CW,0.2,0.45901639344262296,0.0,0,4
engr0,HTC,BIM,0.9,CW,0.2,0.45901639344262296,0.0,0,4
engr0,LG,BIM,0.9,CW,0.2,0.45901639344262296,0.0,0,4
engr0,MOTO,BIM,0.9,CW,0.2,0.45901639344262296,0.0,0,4
engr0,OP3,BIM,0.9,CW,0.2,0.45901639344262296,0.0,0,4
engr0,S7,BIM,0.9,CW,0.2,0.45901639344262296,0.0,0,4
engr0,BLU,BIM,0.9,CW,0.3,0.45901639344262296,0.0,0,4
engr0,HTC,BIM,0.9,CW,0.3,0.45901639344262296,0.0,0,4
engr0,LG,BIM,0.9,CW,0.3,0.45901639344262296,0.0,0,4
engr0,MOTO,BIM,0.9,CW,0.3,0.45901639344262296,0.0,0,4
engr0,OP3,BIM,0.9,CW,0.3,0.45901639344262296,0.0,0,4
engr0,S7,BIM,0.9,CW,0.3,0.45901639344262296,0.0,0,4
engr0,BLU,BIM,0.9,CW,0.4,0.45901639344262296,0.0,0,4
engr0,HTC,BIM,0.9,CW,0.4,0.45901639344262296,0.0,0,4
engr0,LG,BIM,0.9,CW,0.4,0.45901639344262296,0.0,0,4
engr0,MOTO,BIM,0.9,CW,0.4,0.45901639344262296,0.0,0,4
engr0,OP3,BIM,0.9,CW,0.4,0.45901639344262296,0.0,0,4
engr0,S7,BIM,0.9,CW,0.4,0.45901639344262296,0.0,0,4
engr0,BLU,BIM,0.9,CW,0.5,0.45901639344262296,0.0,0,4
engr0,HTC,BIM,0.9,CW,0.5,0.45901639344262296,0.0,0,4
engr0,LG,BIM,0.9,CW,0.5,0.45901639344262296,0.0,0,4
engr0,MOTO,BIM,0.9,CW,0.5,0.45901639344262296,0.0,0,4
engr0,OP3,BIM,0.9,CW,0.5,0.45901639344262296,0.0,0,4
engr0,S7,BIM,0.9,CW,0.5,0.45901639344262296,0.0,0,4
engr0,BLU,BIM,0.9,CW,0.6,0.45901639344262296,0.0,0,4
engr0,HTC,BIM,0.9,CW,0.6,0.45901639344262296,0.0,0,4
engr0,LG,BIM,0.9,CW,0.6,0.45901639344262296,0.0,0,4
engr0,MOTO,BIM,0.9,CW,0.6,0.45901639344262296,0.0,0,4
engr0,OP3,BIM,0.9,CW,0.6,0.45901639344262296,0.0,0,4
engr0,S7,BIM,0.9,CW,0.6,0.45901639344262296,0.0,0,4
engr0,BLU,BIM,0.9,CW,0.7,0.45901639344262296,0.0,0,4
engr0,HTC,BIM,0.9,CW,0.7,0.45901639344262296,0.0,0,4
engr0,LG,BIM,0.9,CW,0.7,0.45901639344262296,0.0,0,4
engr0,MOTO,BIM,0.9,CW,0.7,0.45901639344262296,0.0,0,4
engr0,OP3,BIM,0.9,CW,0.7,0.45901639344262296,0.0,0,4
engr0,S7,BIM,0.9,CW,0.7,0.45901639344262296,0.0,0,4
engr0,BLU,BIM,0.9,CW,0.8,0.45901639344262296,0.0,0,4
engr0,HTC,BIM,0.9,CW,0.8,0.45901639344262296,0.0,0,4
engr0,LG,BIM,0.9,CW,0.8,0.45901639344262296,0.0,0,4
engr0,MOTO,BIM,0.9,CW,0.8,0.45901639344262296,0.0,0,4
engr0,OP3,BIM,0.9,CW,0.8,0.45901639344262296,0.0,0,4
engr0,S7,BIM,0.9,CW,0.8,0.45901639344262296,0.0,0,4
engr0,BLU,BIM,0.9,CW,0.9,0.45901639344262296,0.0,0,4
engr0,HTC,BIM,0.9,CW,0.9,0.45901639344262296,0.0,0,4
engr0,LG,BIM,0.9,CW,0.9,0.45901639344262296,0.0,0,4
engr0,MOTO,BIM,0.9,CW,0.9,0.45901639344262296,0.0,0,4
engr0,OP3,BIM,0.9,CW,0.9,0.45901639344262296,0.0,0,4
engr0,S7,BIM,0.9,CW,0.9,0.45901639344262296,0.0,0,4
engr0,BLU,BIM,0.9,CW,1.0,0.45901639344262296,0.0,0,4
engr0,HTC,BIM,0.9,CW,1.0,0.45901639344262296,0.0,0,4
engr0,LG,BIM,0.9,CW,1.0,0.45901639344262296,0.0,0,4
engr0,MOTO,BIM,0.9,CW,1.0,0.45901639344262296,0.0,0,4
engr0,OP3,BIM,0.9,CW,1.0,0.45901639344262296,0.0,0,4
engr0,S7,BIM,0.9,CW,1.0,0.45901639344262296,0.0,0,4
engr0,BLU,BIM,1.0,CW,0.1,0.7377049180327869,0.0,0,5
engr0,HTC,BIM,1.0,CW,0.1,0.7377049180327869,0.0,0,5
engr0,LG,BIM,1.0,CW,0.1,0.7377049180327869,0.0,0,5
engr0,MOTO,BIM,1.0,CW,0.1,0.7377049180327869,0.0,0,5
engr0,OP3,BIM,1.0,CW,0.1,0.7377049180327869,0.0,0,5
engr0,S7,BIM,1.0,CW,0.1,0.7377049180327869,0.0,0,5
engr0,BLU,BIM,1.0,CW,0.2,0.7377049180327869,0.0,0,5
engr0,HTC,BIM,1.0,CW,0.2,0.7377049180327869,0.0,0,5
engr0,LG,BIM,1.0,CW,0.2,0.7377049180327869,0.0,0,5
engr0,MOTO,BIM,1.0,CW,0.2,0.7377049180327869,0.0,0,5
engr0,OP3,BIM,1.0,CW,0.2,0.7377049180327869,0.0,0,5
engr0,S7,BIM,1.0,CW,0.2,0.7377049180327869,0.0,0,5
engr0,BLU,BIM,1.0,CW,0.3,0.7377049180327869,0.0,0,5
engr0,HTC,BIM,1.0,CW,0.3,0.7377049180327869,0.0,0,5
engr0,LG,BIM,1.0,CW,0.3,0.7377049180327869,0.0,0,5
engr0,MOTO,BIM,1.0,CW,0.3,0.7377049180327869,0.0,0,5
engr0,OP3,BIM,1.0,CW,0.3,0.7377049180327869,0.0,0,5
engr0,S7,BIM,1.0,CW,0.3,0.7377049180327869,0.0,0,5
engr0,BLU,BIM,1.0,CW,0.4,0.7377049180327869,0.0,0,5
engr0,HTC,BIM,1.0,CW,0.4,0.7377049180327869,0.0,0,5
engr0,LG,BIM,1.0,CW,0.4,0.7377049180327869,0.0,0,5
engr0,MOTO,BIM,1.0,CW,0.4,0.7377049180327869,0.0,0,5
engr0,OP3,BIM,1.0,CW,0.4,0.7377049180327869,0.0,0,5
engr0,S7,BIM,1.0,CW,0.4,0.7377049180327869,0.0,0,5
engr0,BLU,BIM,1.0,CW,0.5,0.7377049180327869,0.0,0,5
engr0,HTC,BIM,1.0,CW,0.5,0.7377049180327869,0.0,0,5
engr0,LG,BIM,1.0,CW,0.5,0.7377049180327869,0.0,0,5
engr0,MOTO,BIM,1.0,CW,0.5,0.7377049180327869,0.0,0,5
engr0,OP3,BIM,1.0,CW,0.5,0.7377049180327869,0.0,0,5
engr0,S7,BIM,1.0,CW,0.5,0.7377049180327869,0.0,0,5
engr0,BLU,BIM,1.0,CW,0.6,0.7377049180327869,0.0,0,5
engr0,HTC,BIM,1.0,CW,0.6,0.7377049180327869,0.0,0,5
engr0,LG,BIM,1.0,CW,0.6,0.7377049180327869,0.0,0,5
engr0,MOTO,BIM,1.0,CW,0.6,0.7377049180327869,0.0,0,5
engr0,OP3,BIM,1.0,CW,0.6,0.7377049180327869,0.0,0,5
engr0,S7,BIM,1.0,CW,0.6,0.7377049180327869,0.0,0,5
engr0,BLU,BIM,1.0,CW,0.7,0.7377049180327869,0.0,0,5
engr0,HTC,BIM,1.0,CW,0.7,0.7377049180327869,0.0,0,5
engr0,LG,BIM,1.0,CW,0.7,0.7377049180327869,0.0,0,5
engr0,MOTO,BIM,1.0,CW,0.7,0.7377049180327869,0.0,0,5
engr0,OP3,BIM,1.0,CW,0.7,0.7377049180327869,0.0,0,5
engr0,S7,BIM,1.0,CW,0.7,0.7377049180327869,0.0,0,5
engr0,BLU,BIM,1.0,CW,0.8,0.7377049180327869,0.0,0,5
engr0,HTC,BIM,1.0,CW,0.8,0.7377049180327869,0.0,0,5
engr0,LG,BIM,1.0,CW,0.8,0.7377049180327869,0.0,0,5
engr0,MOTO,BIM,1.0,CW,0.8,0.7377049180327869,0.0,0,5
engr0,OP3,BIM,1.0,CW,0.8,0.7377049180327869,0.0,0,5
engr0,S7,BIM,1.0,CW,0.8,0.7377049180327869,0.0,0,5
engr0,BLU,BIM,1.0,CW,0.9,0.7377049180327869,0.0,0,5
engr0,HTC,BIM,1.0,CW,0.9,0.7377049180327869,0.0,0,5
engr0,LG,BIM,1.0,CW,0.9,0.7377049180327869,0.0,0,5
engr0,MOTO,BIM,1.0,CW,0.9,0.7377049180327869,0.0,0,5
engr0,OP3,BIM,1.0,CW,0.9,0.7377049180327869,0.0,0,5
engr0,S7,BIM,1.0,CW,0.9,0.7377049180327869,0.0,0,5
engr0,BLU,BIM,1.0,CW,1.0,0.7377049180327869,0.0,0,5
engr0,HTC,BIM,1.0,CW,1.0,0.7377049180327869,0.0,0,5
engr0,LG,BIM,1.0,CW,1.0,0.7377049180327869,0.0,0,5
engr0,MOTO,BIM,1.0,CW,1.0,0.7377049180327869,0.0,0,5
engr0,OP3,BIM,1.0,CW,1.0,0.7377049180327869,0.0,0,5
engr0,S7,BIM,1.0,CW,1.0,0.7377049180327869,0.0,0,5
engr0,BLU,CW,0.1,CW,0.1,0.8360655737704918,0.0,0,8
engr0,HTC,CW,0.1,CW,0.1,0.8360655737704918,0.0,0,8
engr0,LG,CW,0.1,CW,0.1,0.8360655737704918,0.0,0,8
engr0,MOTO,CW,0.1,CW,0.1,0.8360655737704918,0.0,0,8
engr0,OP3,CW,0.1,CW,0.1,0.8360655737704918,0.0,0,8
engr0,S7,CW,0.1,CW,0.1,0.8360655737704918,0.0,0,8
engr0,BLU,CW,0.1,CW,0.2,0.8360655737704918,0.0,0,8
engr0,HTC,CW,0.1,CW,0.2,0.8360655737704918,0.0,0,8
engr0,LG,CW,0.1,CW,0.2,0.8360655737704918,0.0,0,8
engr0,MOTO,CW,0.1,CW,0.2,0.8360655737704918,0.0,0,8
engr0,OP3,CW,0.1,CW,0.2,0.8360655737704918,0.0,0,8
engr0,S7,CW,0.1,CW,0.2,0.8360655737704918,0.0,0,8
engr0,BLU,CW,0.1,CW,0.3,0.8360655737704918,0.0,0,8
engr0,HTC,CW,0.1,CW,0.3,0.8360655737704918,0.0,0,8
engr0,LG,CW,0.1,CW,0.3,0.8360655737704918,0.0,0,8
engr0,MOTO,CW,0.1,CW,0.3,0.8360655737704918,0.0,0,8
engr0,OP3,CW,0.1,CW,0.3,0.8360655737704918,0.0,0,8
engr0,S7,CW,0.1,CW,0.3,0.8360655737704918,0.0,0,8
engr0,BLU,CW,0.1,CW,0.4,0.8360655737704918,0.0,0,8
engr0,HTC,CW,0.1,CW,0.4,0.8360655737704918,0.0,0,8
engr0,LG,CW,0.1,CW,0.4,0.8360655737704918,0.0,0,8
engr0,MOTO,CW,0.1,CW,0.4,0.8360655737704918,0.0,0,8
engr0,OP3,CW,0.1,CW,0.4,0.8360655737704918,0.0,0,8
engr0,S7,CW,0.1,CW,0.4,0.8360655737704918,0.0,0,8
engr0,BLU,CW,0.1,CW,0.5,0.8360655737704918,0.0,0,8
engr0,HTC,CW,0.1,CW,0.5,0.8360655737704918,0.0,0,8
engr0,LG,CW,0.1,CW,0.5,0.8360655737704918,0.0,0,8
engr0,MOTO,CW,0.1,CW,0.5,0.8360655737704918,0.0,0,8
engr0,OP3,CW,0.1,CW,0.5,0.8360655737704918,0.0,0,8
engr0,S7,CW,0.1,CW,0.5,0.8360655737704918,0.0,0,8
engr0,BLU,CW,0.1,CW,0.6,0.8360655737704918,0.0,0,8
engr0,HTC,CW,0.1,CW,0.6,0.8360655737704918,0.0,0,8
engr0,LG,CW,0.1,CW,0.6,0.8360655737704918,0.0,0,8
engr0,MOTO,CW,0.1,CW,0.6,0.8360655737704918,0.0,0,8
engr0,OP3,CW,0.1,CW,0.6,0.8360655737704918,0.0,0,8
engr0,S7,CW,0.1,CW,0.6,0.8360655737704918,0.0,0,8
engr0,BLU,CW,0.1,CW,0.7,0.8360655737704918,0.0,0,8
engr0,HTC,CW,0.1,CW,0.7,0.8360655737704918,0.0,0,8
engr0,LG,CW,0.1,CW,0.7,0.8360655737704918,0.0,0,8
engr0,MOTO,CW,0.1,CW,0.7,0.8360655737704918,0.0,0,8
engr0,OP3,CW,0.1,CW,0.7,0.8360655737704918,0.0,0,8
engr0,S7,CW,0.1,CW,0.7,0.8360655737704918,0.0,0,8
engr0,BLU,CW,0.1,CW,0.8,0.8360655737704918,0.0,0,8
engr0,HTC,CW,0.1,CW,0.8,0.8360655737704918,0.0,0,8
engr0,LG,CW,0.1,CW,0.8,0.8360655737704918,0.0,0,8
engr0,MOTO,CW,0.1,CW,0.8,0.8360655737704918,0.0,0,8
engr0,OP3,CW,0.1,CW,0.8,0.8360655737704918,0.0,0,8
engr0,S7,CW,0.1,CW,0.8,0.8360655737704918,0.0,0,8
engr0,BLU,CW,0.1,CW,0.9,0.8360655737704918,0.0,0,8
engr0,HTC,CW,0.1,CW,0.9,0.8360655737704918,0.0,0,8
engr0,LG,CW,0.1,CW,0.9,0.8360655737704918,0.0,0,8
engr0,MOTO,CW,0.1,CW,0.9,0.8360655737704918,0.0,0,8
engr0,OP3,CW,0.1,CW,0.9,0.8360655737704918,0.0,0,8
engr0,S7,CW,0.1,CW,0.9,0.8360655737704918,0.0,0,8
engr0,BLU,CW,0.1,CW,1.0,0.8360655737704918,0.0,0,8
engr0,HTC,CW,0.1,CW,1.0,0.8360655737704918,0.0,0,8
engr0,LG,CW,0.1,CW,1.0,0.8360655737704918,0.0,0,8
engr0,MOTO,CW,0.1,CW,1.0,0.8360655737704918,0.0,0,8
engr0,OP3,CW,0.1,CW,1.0,0.8360655737704918,0.0,0,8
engr0,S7,CW,0.1,CW,1.0,0.8360655737704918,0.0,0,8
engr0,BLU,CW,0.2,CW,0.1,0.9016393442622951,0.0,0,12
engr0,HTC,CW,0.2,CW,0.1,0.9016393442622951,0.0,0,12
engr0,LG,CW,0.2,CW,0.1,0.9016393442622951,0.0,0,12
engr0,MOTO,CW,0.2,CW,0.1,0.9016393442622951,0.0,0,12
engr0,OP3,CW,0.2,CW,0.1,0.9016393442622951,0.0,0,12
engr0,S7,CW,0.2,CW,0.1,0.9016393442622951,0.0,0,12
engr0,BLU,CW,0.2,CW,0.2,0.9016393442622951,0.0,0,12
engr0,HTC,CW,0.2,CW,0.2,0.9016393442622951,0.0,0,12
engr0,LG,CW,0.2,CW,0.2,0.9016393442622951,0.0,0,12
engr0,MOTO,CW,0.2,CW,0.2,0.9016393442622951,0.0,0,12
engr0,OP3,CW,0.2,CW,0.2,0.9016393442622951,0.0,0,12
engr0,S7,CW,0.2,CW,0.2,0.9016393442622951,0.0,0,12
engr0,BLU,CW,0.2,CW,0.3,0.9016393442622951,0.0,0,12
engr0,HTC,CW,0.2,CW,0.3,0.9016393442622951,0.0,0,12
engr0,LG,CW,0.2,CW,0.3,0.9016393442622951,0.0,0,12
engr0,MOTO,CW,0.2,CW,0.3,0.9016393442622951,0.0,0,12
engr0,OP3,CW,0.2,CW,0.3,0.9016393442622951,0.0,0,12
engr0,S7,CW,0.2,CW,0.3,0.9016393442622951,0.0,0,12
engr0,BLU,CW,0.2,CW,0.4,0.9016393442622951,0.0,0,12
engr0,HTC,CW,0.2,CW,0.4,0.9016393442622951,0.0,0,12
engr0,LG,CW,0.2,CW,0.4,0.9016393442622951,0.0,0,12
engr0,MOTO,CW,0.2,CW,0.4,0.9016393442622951,0.0,0,12
engr0,OP3,CW,0.2,CW,0.4,0.9016393442622951,0.0,0,12
engr0,S7,CW,0.2,CW,0.4,0.9016393442622951,0.0,0,12
engr0,BLU,CW,0.2,CW,0.5,0.9016393442622951,0.0,0,12
engr0,HTC,CW,0.2,CW,0.5,0.9016393442622951,0.0,0,12
engr0,LG,CW,0.2,CW,0.5,0.9016393442622951,0.0,0,12
engr0,MOTO,CW,0.2,CW,0.5,0.9016393442622951,0.0,0,12
engr0,OP3,CW,0.2,CW,0.5,0.9016393442622951,0.0,0,12
engr0,S7,CW,0.2,CW,0.5,0.9016393442622951,0.0,0,12
engr0,BLU,CW,0.2,CW,0.6,0.9016393442622951,0.0,0,12
engr0,HTC,CW,0.2,CW,0.6,0.9016393442622951,0.0,0,12
engr0,LG,CW,0.2,CW,0.6,0.9016393442622951,0.0,0,12
engr0,MOTO,CW,0.2,CW,0.6,0.9016393442622951,0.0,0,12
engr0,OP3,CW,0.2,CW,0.6,0.9016393442622951,0.0,0,12
engr0,S7,CW,0.2,CW,0.6,0.9016393442622951,0.0,0,12
engr0,BLU,CW,0.2,CW,0.7,0.9016393442622951,0.0,0,12
engr0,HTC,CW,0.2,CW,0.7,0.9016393442622951,0.0,0,12
engr0,LG,CW,0.2,CW,0.7,0.9016393442622951,0.0,0,12
engr0,MOTO,CW,0.2,CW,0.7,0.9016393442622951,0.0,0,12
engr0,OP3,CW,0.2,CW,0.7,0.9016393442622951,0.0,0,12
engr0,S7,CW,0.2,CW,0.7,0.9016393442622951,0.0,0,12
engr0,BLU,CW,0.2,CW,0.8,0.9016393442622951,0.0,0,12
engr0,HTC,CW,0.2,CW,0.8,0.9016393442622951,0.0,0,12
engr0,LG,CW,0.2,CW,0.8,0.9016393442622951,0.0,0,12
engr0,MOTO,CW,0.2,CW,0.8,0.9016393442622951,0.0,0,12
engr0,OP3,CW,0.2,CW,0.8,0.9016393442622951,0.0,0,12
engr0,S7,CW,0.2,CW,0.8,0.9016393442622951,0.0,0,12
engr0,BLU,CW,0.2,CW,0.9,0.9016393442622951,0.0,0,12
engr0,HTC,CW,0.2,CW,0.9,0.9016393442622951,0.0,0,12
engr0,LG,CW,0.2,CW,0.9,0.9016393442622951,0.0,0,12
engr0,MOTO,CW,0.2,CW,0.9,0.9016393442622951,0.0,0,12
engr0,OP3,CW,0.2,CW,0.9,0.9016393442622951,0.0,0,12
engr0,S7,CW,0.2,CW,0.9,0.9016393442622951,0.0,0,12
engr0,BLU,CW,0.2,CW,1.0,0.9016393442622951,0.0,0,12
engr0,HTC,CW,0.2,CW,1.0,0.9016393442622951,0.0,0,12
engr0,LG,CW,0.2,CW,1.0,0.9016393442622951,0.0,0,12
engr0,MOTO,CW,0.2,CW,1.0,0.9016393442622951,0.0,0,12
engr0,OP3,CW,0.2,CW,1.0,0.9016393442622951,0.0,0,12
engr0,S7,CW,0.2,CW,1.0,0.9016393442622951,0.0,0,12
engr0,BLU,CW,0.3,CW,0.1,0.639344262295082,0.0,0,4
engr0,HTC,CW,0.3,CW,0.1,0.639344262295082,0.0,0,4
engr0,LG,CW,0.3,CW,0.1,0.639344262295082,0.0,0,4
engr0,MOTO,CW,0.3,CW,0.1,0.639344262295082,0.0,0,4
engr0,OP3,CW,0.3,CW,0.1,0.639344262295082,0.0,0,4
engr0,S7,CW,0.3,CW,0.1,0.639344262295082,0.0,0,4
engr0,BLU,CW,0.3,CW,0.2,0.639344262295082,0.0,0,4
engr0,HTC,CW,0.3,CW,0.2,0.639344262295082,0.0,0,4
engr0,LG,CW,0.3,CW,0.2,0.639344262295082,0.0,0,4
engr0,MOTO,CW,0.3,CW,0.2,0.639344262295082,0.0,0,4
engr0,OP3,CW,0.3,CW,0.2,0.639344262295082,0.0,0,4
engr0,S7,CW,0.3,CW,0.2,0.639344262295082,0.0,0,4
engr0,BLU,CW,0.3,CW,0.3,0.639344262295082,0.0,0,4
engr0,HTC,CW,0.3,CW,0.3,0.639344262295082,0.0,0,4
engr0,LG,CW,0.3,CW,0.3,0.639344262295082,0.0,0,4
engr0,MOTO,CW,0.3,CW,0.3,0.639344262295082,0.0,0,4
engr0,OP3,CW,0.3,CW,0.3,0.639344262295082,0.0,0,4
engr0,S7,CW,0.3,CW,0.3,0.639344262295082,0.0,0,4
engr0,BLU,CW,0.3,CW,0.4,0.639344262295082,0.0,0,4
engr0,HTC,CW,0.3,CW,0.4,0.639344262295082,0.0,0,4
engr0,LG,CW,0.3,CW,0.4,0.639344262295082,0.0,0,4
engr0,MOTO,CW,0.3,CW,0.4,0.639344262295082,0.0,0,4
engr0,OP3,CW,0.3,CW,0.4,0.639344262295082,0.0,0,4
engr0,S7,CW,0.3,CW,0.4,0.639344262295082,0.0,0,4
engr0,BLU,CW,0.3,CW,0.5,0.639344262295082,0.0,0,4
engr0,HTC,CW,0.3,CW,0.5,0.639344262295082,0.0,0,4
engr0,LG,CW,0.3,CW,0.5,0.639344262295082,0.0,0,4
engr0,MOTO,CW,0.3,CW,0.5,0.639344262295082,0.0,0,4
engr0,OP3,CW,0.3,CW,0.5,0.639344262295082,0.0,0,4
engr0,S7,CW,0.3,CW,0.5,0.639344262295082,0.0,0,4
engr0,BLU,CW,0.3,CW,0.6,0.639344262295082,0.0,0,4
engr0,HTC,CW,0.3,CW,0.6,0.639344262295082,0.0,0,4
engr0,LG,CW,0.3,CW,0.6,0.639344262295082,0.0,0,4
engr0,MOTO,CW,0.3,CW,0.6,0.639344262295082,0.0,0,4
engr0,OP3,CW,0.3,CW,0.6,0.639344262295082,0.0,0,4
engr0,S7,CW,0.3,CW,0.6,0.639344262295082,0.0,0,4
engr0,BLU,CW,0.3,CW,0.7,0.639344262295082,0.0,0,4
engr0,HTC,CW,0.3,CW,0.7,0.639344262295082,0.0,0,4
engr0,LG,CW,0.3,CW,0.7,0.639344262295082,0.0,0,4
engr0,MOTO,CW,0.3,CW,0.7,0.639344262295082,0.0,0,4
engr0,OP3,CW,0.3,CW,0.7,0.639344262295082,0.0,0,4
engr0,S7,CW,0.3,CW,0.7,0.639344262295082,0.0,0,4
engr0,BLU,CW,0.3,CW,0.8,0.639344262295082,0.0,0,4
engr0,HTC,CW,0.3,CW,0.8,0.639344262295082,0.0,0,4
engr0,LG,CW,0.3,CW,0.8,0.639344262295082,0.0,0,4
engr0,MOTO,CW,0.3,CW,0.8,0.639344262295082,0.0,0,4
engr0,OP3,CW,0.3,CW,0.8,0.639344262295082,0.0,0,4
engr0,S7,CW,0.3,CW,0.8,0.639344262295082,0.0,0,4
engr0,BLU,CW,0.3,CW,0.9,0.639344262295082,0.0,0,4
engr0,HTC,CW,0.3,CW,0.9,0.639344262295082,0.0,0,4
engr0,LG,CW,0.3,CW,0.9,0.639344262295082,0.0,0,4
engr0,MOTO,CW,0.3,CW,0.9,0.639344262295082,0.0,0,4
engr0,OP3,CW,0.3,CW,0.9,0.639344262295082,0.0,0,4
engr0,S7,CW,0.3,CW,0.9,0.639344262295082,0.0,0,4
engr0,BLU,CW,0.3,CW,1.0,0.639344262295082,0.0,0,4
engr0,HTC,CW,0.3,CW,1.0,0.639344262295082,0.0,0,4
engr0,LG,CW,0.3,CW,1.0,0.639344262295082,0.0,0,4
engr0,MOTO,CW,0.3,CW,1.0,0.639344262295082,0.0,0,4
engr0,OP3,CW,0.3,CW,1.0,0.639344262295082,0.0,0,4
engr0,S7,CW,0.3,CW,1.0,0.639344262295082,0.0,0,4
engr0,BLU,CW,0.4,CW,0.1,0.45901639344262296,0.0,0,7
engr0,HTC,CW,0.4,CW,0.1,0.45901639344262296,0.0,0,7
engr0,LG,CW,0.4,CW,0.1,0.45901639344262296,0.0,0,7
engr0,MOTO,CW,0.4,CW,0.1,0.45901639344262296,0.0,0,7
engr0,OP3,CW,0.4,CW,0.1,0.45901639344262296,0.0,0,7
engr0,S7,CW,0.4,CW,0.1,0.45901639344262296,0.0,0,7
engr0,BLU,CW,0.4,CW,0.2,0.45901639344262296,0.0,0,7
engr0,HTC,CW,0.4,CW,0.2,0.45901639344262296,0.0,0,7
engr0,LG,CW,0.4,CW,0.2,0.45901639344262296,0.0,0,7
engr0,MOTO,CW,0.4,CW,0.2,0.45901639344262296,0.0,0,7
engr0,OP3,CW,0.4,CW,0.2,0.45901639344262296,0.0,0,7
engr0,S7,CW,0.4,CW,0.2,0.45901639344262296,0.0,0,7
engr0,BLU,CW,0.4,CW,0.3,0.45901639344262296,0.0,0,7
engr0,HTC,CW,0.4,CW,0.3,0.45901639344262296,0.0,0,7
engr0,LG,CW,0.4,CW,0.3,0.45901639344262296,0.0,0,7
engr0,MOTO,CW,0.4,CW,0.3,0.45901639344262296,0.0,0,7
engr0,OP3,CW,0.4,CW,0.3,0.45901639344262296,0.0,0,7
engr0,S7,CW,0.4,CW,0.3,0.45901639344262296,0.0,0,7
engr0,BLU,CW,0.4,CW,0.4,0.45901639344262296,0.0,0,7
engr0,HTC,CW,0.4,CW,0.4,0.45901639344262296,0.0,0,7
engr0,LG,CW,0.4,CW,0.4,0.45901639344262296,0.0,0,7
engr0,MOTO,CW,0.4,CW,0.4,0.45901639344262296,0.0,0,7
engr0,OP3,CW,0.4,CW,0.4,0.45901639344262296,0.0,0,7
engr0,S7,CW,0.4,CW,0.4,0.45901639344262296,0.0,0,7
engr0,BLU,CW,0.4,CW,0.5,0.45901639344262296,0.0,0,7
engr0,HTC,CW,0.4,CW,0.5,0.45901639344262296,0.0,0,7
engr0,LG,CW,0.4,CW,0.5,0.45901639344262296,0.0,0,7
engr0,MOTO,CW,0.4,CW,0.5,0.45901639344262296,0.0,0,7
engr0,OP3,CW,0.4,CW,0.5,0.45901639344262296,0.0,0,7
engr0,S7,CW,0.4,CW,0.5,0.45901639344262296,0.0,0,7
engr0,BLU,CW,0.4,CW,0.6,0.45901639344262296,0.0,0,7
engr0,HTC,CW,0.4,CW,0.6,0.45901639344262296,0.0,0,7
engr0,LG,CW,0.4,CW,0.6,0.45901639344262296,0.0,0,7
engr0,MOTO,CW,0.4,CW,0.6,0.45901639344262296,0.0,0,7
engr0,OP3,CW,0.4,CW,0.6,0.45901639344262296,0.0,0,7
engr0,S7,CW,0.4,CW,0.6,0.45901639344262296,0.0,0,7
engr0,BLU,CW,0.4,CW,0.7,0.45901639344262296,0.0,0,7
engr0,HTC,CW,0.4,CW,0.7,0.45901639344262296,0.0,0,7
engr0,LG,CW,0.4,CW,0.7,0.45901639344262296,0.0,0,7
engr0,MOTO,CW,0.4,CW,0.7,0.45901639344262296,0.0,0,7
engr0,OP3,CW,0.4,CW,0.7,0.45901639344262296,0.0,0,7
engr0,S7,CW,0.4,CW,0.7,0.45901639344262296,0.0,0,7
engr0,BLU,CW,0.4,CW,0.8,0.45901639344262296,0.0,0,7
engr0,HTC,CW,0.4,CW,0.8,0.45901639344262296,0.0,0,7
engr0,LG,CW,0.4,CW,0.8,0.45901639344262296,0.0,0,7
engr0,MOTO,CW,0.4,CW,0.8,0.45901639344262296,0.0,0,7
engr0,OP3,CW,0.4,CW,0.8,0.45901639344262296,0.0,0,7
engr0,S7,CW,0.4,CW,0.8,0.45901639344262296,0.0,0,7
engr0,BLU,CW,0.4,CW,0.9,0.45901639344262296,0.0,0,7
engr0,HTC,CW,0.4,CW,0.9,0.45901639344262296,0.0,0,7
engr0,LG,CW,0.4,CW,0.9,0.45901639344262296,0.0,0,7
engr0,MOTO,CW,0.4,CW,0.9,0.45901639344262296,0.0,0,7
engr0,OP3,CW,0.4,CW,0.9,0.45901639344262296,0.0,0,7
engr0,S7,CW,0.4,CW,0.9,0.45901639344262296,0.0,0,7
engr0,BLU,CW,0.4,CW,1.0,0.45901639344262296,0.0,0,7
engr0,HTC,CW,0.4,CW,1.0,0.45901639344262296,0.0,0,7
engr0,LG,CW,0.4,CW,1.0,0.45901639344262296,0.0,0,7
engr0,MOTO,CW,0.4,CW,1.0,0.45901639344262296,0.0,0,7
engr0,OP3,CW,0.4,CW,1.0,0.45901639344262296,0.0,0,7
engr0,S7,CW,0.4,CW,1.0,0.45901639344262296,0.0,0,7
engr0,BLU,CW,0.5,CW,0.1,0.6557377049180327,0.0,0,7
engr0,HTC,CW,0.5,CW,0.1,0.6557377049180327,0.0,0,7
engr0,LG,CW,0.5,CW,0.1,0.6557377049180327,0.0,0,7
engr0,MOTO,CW,0.5,CW,0.1,0.6557377049180327,0.0,0,7
engr0,OP3,CW,0.5,CW,0.1,0.6557377049180327,0.0,0,7
engr0,S7,CW,0.5,CW,0.1,0.6557377049180327,0.0,0,7
engr0,BLU,CW,0.5,CW,0.2,0.6557377049180327,0.0,0,7
engr0,HTC,CW,0.5,CW,0.2,0.6557377049180327,0.0,0,7
engr0,LG,CW,0.5,CW,0.2,0.6557377049180327,0.0,0,7
engr0,MOTO,CW,0.5,CW,0.2,0.6557377049180327,0.0,0,7
engr0,OP3,CW,0.5,CW,0.2,0.6557377049180327,0.0,0,7
engr0,S7,CW,0.5,CW,0.2,0.6557377049180327,0.0,0,7
engr0,BLU,CW,0.5,CW,0.3,0.6557377049180327,0.0,0,7
engr0,HTC,CW,0.5,CW,0.3,0.6557377049180327,0.0,0,7
engr0,LG,CW,0.5,CW,0.3,0.6557377049180327,0.0,0,7
engr0,MOTO,CW,0.5,CW,0.3,0.6557377049180327,0.0,0,7
engr0,OP3,CW,0.5,CW,0.3,0.6557377049180327,0.0,0,7
engr0,S7,CW,0.5,CW,0.3,0.6557377049180327,0.0,0,7
engr0,BLU,CW,0.5,CW,0.4,0.6557377049180327,0.0,0,7
engr0,HTC,CW,0.5,CW,0.4,0.6557377049180327,0.0,0,7
engr0,LG,CW,0.5,CW,0.4,0.6557377049180327,0.0,0,7
engr0,MOTO,CW,0.5,CW,0.4,0.6557377049180327,0.0,0,7
engr0,OP3,CW,0.5,CW,0.4,0.6557377049180327,0.0,0,7
engr0,S7,CW,0.5,CW,0.4,0.6557377049180327,0.0,0,7
engr0,BLU,CW,0.5,CW,0.5,0.6557377049180327,0.0,0,7
engr0,HTC,CW,0.5,CW,0.5,0.6557377049180327,0.0,0,7
engr0,LG,CW,0.5,CW,0.5,0.6557377049180327,0.0,0,7
engr0,MOTO,CW,0.5,CW,0.5,0.6557377049180327,0.0,0,7
engr0,OP3,CW,0.5,CW,0.5,0.6557377049180327,0.0,0,7
engr0,S7,CW,0.5,CW,0.5,0.6557377049180327,0.0,0,7
engr0,BLU,CW,0.5,CW,0.6,0.6557377049180327,0.0,0,7
engr0,HTC,CW,0.5,CW,0.6,0.6557377049180327,0.0,0,7
engr0,LG,CW,0.5,CW,0.6,0.6557377049180327,0.0,0,7
engr0,MOTO,CW,0.5,CW,0.6,0.6557377049180327,0.0,0,7
engr0,OP3,CW,0.5,CW,0.6,0.6557377049180327,0.0,0,7
engr0,S7,CW,0.5,CW,0.6,0.6557377049180327,0.0,0,7
engr0,BLU,CW,0.5,CW,0.7,0.6557377049180327,0.0,0,7
engr0,HTC,CW,0.5,CW,0.7,0.6557377049180327,0.0,0,7
engr0,LG,CW,0.5,CW,0.7,0.6557377049180327,0.0,0,7
engr0,MOTO,CW,0.5,CW,0.7,0.6557377049180327,0.0,0,7
engr0,OP3,CW,0.5,CW,0.7,0.6557377049180327,0.0,0,7
engr0,S7,CW,0.5,CW,0.7,0.6557377049180327,0.0,0,7
engr0,BLU,CW,0.5,CW,0.8,0.6557377049180327,0.0,0,7
engr0,HTC,CW,0.5,CW,0.8,0.6557377049180327,0.0,0,7
engr0,LG,CW,0.5,CW,0.8,0.6557377049180327,0.0,0,7
engr0,MOTO,CW,0.5,CW,0.8,0.6557377049180327,0.0,0,7
engr0,OP3,CW,0.5,CW,0.8,0.6557377049180327,0.0,0,7
engr0,S7,CW,0.5,CW,0.8,0.6557377049180327,0.0,0,7
engr0,BLU,CW,0.5,CW,0.9,0.6557377049180327,0.0,0,7
engr0,HTC,CW,0.5,CW,0.9,0.6557377049180327,0.0,0,7
engr0,LG,CW,0.5,CW,0.9,0.6557377049180327,0.0,0,7
engr0,MOTO,CW,0.5,CW,0.9,0.6557377049180327,0.0,0,7
engr0,OP3,CW,0.5,CW,0.9,0.6557377049180327,0.0,0,7
engr0,S7,CW,0.5,CW,0.9,0.6557377049180327,0.0,0,7
engr0,BLU,CW,0.5,CW,1.0,0.6557377049180327,0.0,0,7
engr0,HTC,CW,0.5,CW,1.0,0.6557377049180327,0.0,0,7
engr0,LG,CW,0.5,CW,1.0,0.6557377049180327,0.0,0,7
engr0,MOTO,CW,0.5,CW,1.0,0.6557377049180327,0.0,0,7
engr0,OP3,CW,0.5,CW,1.0,0.6557377049180327,0.0,0,7
engr0,S7,CW,0.5,CW,1.0,0.6557377049180327,0.0,0,7
engr0,BLU,CW,0.6,CW,0.1,0.39344262295081966,0.0,0,6
engr0,HTC,CW,0.6,CW,0.1,0.39344262295081966,0.0,0,6
engr0,LG,CW,0.6,CW,0.1,0.39344262295081966,0.0,0,6
engr0,MOTO,CW,0.6,CW,0.1,0.39344262295081966,0.0,0,6
engr0,OP3,CW,0.6,CW,0.1,0.39344262295081966,0.0,0,6
engr0,S7,CW,0.6,CW,0.1,0.39344262295081966,0.0,0,6
engr0,BLU,CW,0.6,CW,0.2,0.39344262295081966,0.0,0,6
engr0,HTC,CW,0.6,CW,0.2,0.39344262295081966,0.0,0,6
engr0,LG,CW,0.6,CW,0.2,0.39344262295081966,0.0,0,6
engr0,MOTO,CW,0.6,CW,0.2,0.39344262295081966,0.0,0,6
engr0,OP3,CW,0.6,CW,0.2,0.39344262295081966,0.0,0,6
engr0,S7,CW,0.6,CW,0.2,0.39344262295081966,0.0,0,6
engr0,BLU,CW,0.6,CW,0.3,0.39344262295081966,0.0,0,6
engr0,HTC,CW,0.6,CW,0.3,0.39344262295081966,0.0,0,6
engr0,LG,CW,0.6,CW,0.3,0.39344262295081966,0.0,0,6
engr0,MOTO,CW,0.6,CW,0.3,0.39344262295081966,0.0,0,6
engr0,OP3,CW,0.6,CW,0.3,0.39344262295081966,0.0,0,6
engr0,S7,CW,0.6,CW,0.3,0.39344262295081966,0.0,0,6
engr0,BLU,CW,0.6,CW,0.4,0.39344262295081966,0.0,0,6
engr0,HTC,CW,0.6,CW,0.4,0.39344262295081966,0.0,0,6
engr0,LG,CW,0.6,CW,0.4,0.39344262295081966,0.0,0,6
engr0,MOTO,CW,0.6,CW,0.4,0.39344262295081966,0.0,0,6
engr0,OP3,CW,0.6,CW,0.4,0.39344262295081966,0.0,0,6
engr0,S7,CW,0.6,CW,0.4,0.39344262295081966,0.0,0,6
engr0,BLU,CW,0.6,CW,0.5,0.39344262295081966,0.0,0,6
engr0,HTC,CW,0.6,CW,0.5,0.39344262295081966,0.0,0,6
engr0,LG,CW,0.6,CW,0.5,0.39344262295081966,0.0,0,6
engr0,MOTO,CW,0.6,CW,0.5,0.39344262295081966,0.0,0,6
engr0,OP3,CW,0.6,CW,0.5,0.39344262295081966,0.0,0,6
engr0,S7,CW,0.6,CW,0.5,0.39344262295081966,0.0,0,6
engr0,BLU,CW,0.6,CW,0.6,0.39344262295081966,0.0,0,6
engr0,HTC,CW,0.6,CW,0.6,0.39344262295081966,0.0,0,6
engr0,LG,CW,0.6,CW,0.6,0.39344262295081966,0.0,0,6
engr0,MOTO,CW,0.6,CW,0.6,0.39344262295081966,0.0,0,6
engr0,OP3,CW,0.6,CW,0.6,0.39344262295081966,0.0,0,6
engr0,S7,CW,0.6,CW,0.6,0.39344262295081966,0.0,0,6
engr0,BLU,CW,0.6,CW,0.7,0.39344262295081966,0.0,0,6
engr0,HTC,CW,0.6,CW,0.7,0.39344262295081966,0.0,0,6
engr0,LG,CW,0.6,CW,0.7,0.39344262295081966,0.0,0,6
engr0,MOTO,CW,0.6,CW,0.7,0.39344262295081966,0.0,0,6
engr0,OP3,CW,0.6,CW,0.7,0.39344262295081966,0.0,0,6
engr0,S7,CW,0.6,CW,0.7,0.39344262295081966,0.0,0,6
engr0,BLU,CW,0.6,CW,0.8,0.39344262295081966,0.0,0,6
engr0,HTC,CW,0.6,CW,0.8,0.39344262295081966,0.0,0,6
engr0,LG,CW,0.6,CW,0.8,0.39344262295081966,0.0,0,6
engr0,MOTO,CW,0.6,CW,0.8,0.39344262295081966,0.0,0,6
engr0,OP3,CW,0.6,CW,0.8,0.39344262295081966,0.0,0,6
engr0,S7,CW,0.6,CW,0.8,0.39344262295081966,0.0,0,6
engr0,BLU,CW,0.6,CW,0.9,0.39344262295081966,0.0,0,6
engr0,HTC,CW,0.6,CW,0.9,0.39344262295081966,0.0,0,6
engr0,LG,CW,0.6,CW,0.9,0.39344262295081966,0.0,0,6
engr0,MOTO,CW,0.6,CW,0.9,0.39344262295081966,0.0,0,6
engr0,OP3,CW,0.6,CW,0.9,0.39344262295081966,0.0,0,6
engr0,S7,CW,0.6,CW,0.9,0.39344262295081966,0.0,0,6
engr0,BLU,CW,0.6,CW,1.0,0.39344262295081966,0.0,0,6
engr0,HTC,CW,0.6,CW,1.0,0.39344262295081966,0.0,0,6
engr0,LG,CW,0.6,CW,1.0,0.39344262295081966,0.0,0,6
engr0,MOTO,CW,0.6,CW,1.0,0.39344262295081966,0.0,0,6
engr0,OP3,CW,0.6,CW,1.0,0.39344262295081966,0.0,0,6
engr0,S7,CW,0.6,CW,1.0,0.39344262295081966,0.0,0,6
engr0,BLU,CW,0.7,CW,0.1,0.4918032786885246,0.0,0,3
engr0,HTC,CW,0.7,CW,0.1,0.4918032786885246,0.0,0,3
engr0,LG,CW,0.7,CW,0.1,0.4918032786885246,0.0,0,3
engr0,MOTO,CW,0.7,CW,0.1,0.4918032786885246,0.0,0,3
engr0,OP3,CW,0.7,CW,0.1,0.4918032786885246,0.0,0,3
engr0,S7,CW,0.7,CW,0.1,0.4918032786885246,0.0,0,3
engr0,BLU,CW,0.7,CW,0.2,0.4918032786885246,0.0,0,3
engr0,HTC,CW,0.7,CW,0.2,0.4918032786885246,0.0,0,3
engr0,LG,CW,0.7,CW,0.2,0.4918032786885246,0.0,0,3
engr0,MOTO,CW,0.7,CW,0.2,0.4918032786885246,0.0,0,3
engr0,OP3,CW,0.7,CW,0.2,0.4918032786885246,0.0,0,3
engr0,S7,CW,0.7,CW,0.2,0.4918032786885246,0.0,0,3
engr0,BLU,CW,0.7,CW,0.3,0.4918032786885246,0.0,0,3
engr0,HTC,CW,0.7,CW,0.3,0.4918032786885246,0.0,0,3
engr0,LG,CW,0.7,CW,0.3,0.4918032786885246,0.0,0,3
engr0,MOTO,CW,0.7,CW,0.3,0.4918032786885246,0.0,0,3
engr0,OP3,CW,0.7,CW,0.3,0.4918032786885246,0.0,0,3
engr0,S7,CW,0.7,CW,0.3,0.4918032786885246,0.0,0,3
engr0,BLU,CW,0.7,CW,0.4,0.4918032786885246,0.0,0,3
engr0,HTC,CW,0.7,CW,0.4,0.4918032786885246,0.0,0,3
engr0,LG,CW,0.7,CW,0.4,0.4918032786885246,0.0,0,3
engr0,MOTO,CW,0.7,CW,0.4,0.4918032786885246,0.0,0,3
engr0,OP3,CW,0.7,CW,0.4,0.4918032786885246,0.0,0,3
engr0,S7,CW,0.7,CW,0.4,0.4918032786885246,0.0,0,3
engr0,BLU,CW,0.7,CW,0.5,0.4918032786885246,0.0,0,3
engr0,HTC,CW,0.7,CW,0.5,0.4918032786885246,0.0,0,3
engr0,LG,CW,0.7,CW,0.5,0.4918032786885246,0.0,0,3
engr0,MOTO,CW,0.7,CW,0.5,0.4918032786885246,0.0,0,3
engr0,OP3,CW,0.7,CW,0.5,0.4918032786885246,0.0,0,3
engr0,S7,CW,0.7,CW,0.5,0.4918032786885246,0.0,0,3
engr0,BLU,CW,0.7,CW,0.6,0.4918032786885246,0.0,0,3
engr0,HTC,CW,0.7,CW,0.6,0.4918032786885246,0.0,0,3
engr0,LG,CW,0.7,CW,0.6,0.4918032786885246,0.0,0,3
engr0,MOTO,CW,0.7,CW,0.6,0.4918032786885246,0.0,0,3
engr0,OP3,CW,0.7,CW,0.6,0.4918032786885246,0.0,0,3
engr0,S7,CW,0.7,CW,0.6,0.4918032786885246,0.0,0,3
engr0,BLU,CW,0.7,CW,0.7,0.4918032786885246,0.0,0,3
engr0,HTC,CW,0.7,CW,0.7,0.4918032786885246,0.0,0,3
engr0,LG,CW,0.7,CW,0.7,0.4918032786885246,0.0,0,3
engr0,MOTO,CW,0.7,CW,0.7,0.4918032786885246,0.0,0,3
engr0,OP3,CW,0.7,CW,0.7,0.4918032786885246,0.0,0,3
engr0,S7,CW,0.7,CW,0.7,0.4918032786885246,0.0,0,3
engr0,BLU,CW,0.7,CW,0.8,0.4918032786885246,0.0,0,3
engr0,HTC,CW,0.7,CW,0.8,0.4918032786885246,0.0,0,3
engr0,LG,CW,0.7,CW,0.8,0.4918032786885246,0.0,0,3
engr0,MOTO,CW,0.7,CW,0.8,0.4918032786885246,0.0,0,3
engr0,OP3,CW,0.7,CW,0.8,0.4918032786885246,0.0,0,3
engr0,S7,CW,0.7,CW,0.8,0.4918032786885246,0.0,0,3
engr0,BLU,CW,0.7,CW,0.9,0.4918032786885246,0.0,0,3
engr0,HTC,CW,0.7,CW,0.9,0.4918032786885246,0.0,0,3
engr0,LG,CW,0.7,CW,0.9,0.4918032786885246,0.0,0,3
engr0,MOTO,CW,0.7,CW,0.9,0.4918032786885246,0.0,0,3
engr0,OP3,CW,0.7,CW,0.9,0.4918032786885246,0.0,0,3
engr0,S7,CW,0.7,CW,0.9,0.4918032786885246,0.0,0,3
engr0,BLU,CW,0.7,CW,1.0,0.4918032786885246,0.0,0,3
engr0,HTC,CW,0.7,CW,1.0,0.4918032786885246,0.0,0,3
engr0,LG,CW,0.7,CW,1.0,0.4918032786885246,0.0,0,3
engr0,MOTO,CW,0.7,CW,1.0,0.4918032786885246,0.0,0,3
engr0,OP3,CW,0.7,CW,1.0,0.4918032786885246,0.0,0,3
engr0,S7,CW,0.7,CW,1.0,0.4918032786885246,0.0,0,3
engr0,BLU,CW,0.8,CW,0.1,1.4098360655737705,0.0,0,28
engr0,HTC,CW,0.8,CW,0.1,1.4098360655737705,0.0,0,28
engr0,LG,CW,0.8,CW,0.1,1.4098360655737705,0.0,0,28
engr0,MOTO,CW,0.8,CW,0.1,1.4098360655737705,0.0,0,28
engr0,OP3,CW,0.8,CW,0.1,1.4098360655737705,0.0,0,28
engr0,S7,CW,0.8,CW,0.1,1.4098360655737705,0.0,0,28
engr0,BLU,CW,0.8,CW,0.2,1.4098360655737705,0.0,0,28
engr0,HTC,CW,0.8,CW,0.2,1.4098360655737705,0.0,0,28
engr0,LG,CW,0.8,CW,0.2,1.4098360655737705,0.0,0,28
engr0,MOTO,CW,0.8,CW,0.2,1.4098360655737705,0.0,0,28
engr0,OP3,CW,0.8,CW,0.2,1.4098360655737705,0.0,0,28
engr0,S7,CW,0.8,CW,0.2,1.4098360655737705,0.0,0,28
engr0,BLU,CW,0.8,CW,0.3,1.4098360655737705,0.0,0,28
engr0,HTC,CW,0.8,CW,0.3,1.4098360655737705,0.0,0,28
engr0,LG,CW,0.8,CW,0.3,1.4098360655737705,0.0,0,28
engr0,MOTO,CW,0.8,CW,0.3,1.4098360655737705,0.0,0,28
engr0,OP3,CW,0.8,CW,0.3,1.4098360655737705,0.0,0,28
engr0,S7,CW,0.8,CW,0.3,1.4098360655737705,0.0,0,28
engr0,BLU,CW,0.8,CW,0.4,1.4098360655737705,0.0,0,28
engr0,HTC,CW,0.8,CW,0.4,1.4098360655737705,0.0,0,28
engr0,LG,CW,0.8,CW,0.4,1.4098360655737705,0.0,0,28
engr0,MOTO,CW,0.8,CW,0.4,1.4098360655737705,0.0,0,28
engr0,OP3,CW,0.8,CW,0.4,1.4098360655737705,0.0,0,28
engr0,S7,CW,0.8,CW,0.4,1.4098360655737705,0.0,0,28
engr0,BLU,CW,0.8,CW,0.5,1.4098360655737705,0.0,0,28
engr0,HTC,CW,0.8,CW,0.5,1.4098360655737705,0.0,0,28
engr0,LG,CW,0.8,CW,0.5,1.4098360655737705,0.0,0,28
engr0,MOTO,CW,0.8,CW,0.5,1.4098360655737705,0.0,0,28
engr0,OP3,CW,0.8,CW,0.5,1.4098360655737705,0.0,0,28
engr0,S7,CW,0.8,CW,0.5,1.4098360655737705,0.0,0,28
engr0,BLU,CW,0.8,CW,0.6,1.4098360655737705,0.0,0,28
engr0,HTC,CW,0.8,CW,0.6,1.4098360655737705,0.0,0,28
engr0,LG,CW,0.8,CW,0.6,1.4098360655737705,0.0,0,28
engr0,MOTO,CW,0.8,CW,0.6,1.4098360655737705,0.0,0,28
engr0,OP3,CW,0.8,CW,0.6,1.4098360655737705,0.0,0,28
engr0,S7,CW,0.8,CW,0.6,1.4098360655737705,0.0,0,28
engr0,BLU,CW,0.8,CW,0.7,1.4098360655737705,0.0,0,28
engr0,HTC,CW,0.8,CW,0.7,1.4098360655737705,0.0,0,28
engr0,LG,CW,0.8,CW,0.7,1.4098360655737705,0.0,0,28
engr0,MOTO,CW,0.8,CW,0.7,1.4098360655737705,0.0,0,28
engr0,OP3,CW,0.8,CW,0.7,1.4098360655737705,0.0,0,28
engr0,S7,CW,0.8,CW,0.7,1.4098360655737705,0.0,0,28
engr0,BLU,CW,0.8,CW,0.8,1.4098360655737705,0.0,0,28
engr0,HTC,CW,0.8,CW,0.8,1.4098360655737705,0.0,0,28
engr0,LG,CW,0.8,CW,0.8,1.4098360655737705,0.0,0,28
engr0,MOTO,CW,0.8,CW,0.8,1.4098360655737705,0.0,0,28
engr0,OP3,CW,0.8,CW,0.8,1.4098360655737705,0.0,0,28
engr0,S7,CW,0.8,CW,0.8,1.4098360655737705,0.0,0,28
engr0,BLU,CW,0.8,CW,0.9,1.4098360655737705,0.0,0,28
engr0,HTC,CW,0.8,CW,0.9,1.4098360655737705,0.0,0,28
engr0,LG,CW,0.8,CW,0.9,1.4098360655737705,0.0,0,28
engr0,MOTO,CW,0.8,CW,0.9,1.4098360655737705,0.0,0,28
engr0,OP3,CW,0.8,CW,0.9,1.4098360655737705,0.0,0,28
engr0,S7,CW,0.8,CW,0.9,1.4098360655737705,0.0,0,28
engr0,BLU,CW,0.8,CW,1.0,1.4098360655737705,0.0,0,28
engr0,HTC,CW,0.8,CW,1.0,1.4098360655737705,0.0,0,28
engr0,LG,CW,0.8,CW,1.0,1.4098360655737705,0.0,0,28
engr0,MOTO,CW,0.8,CW,1.0,1.4098360655737705,0.0,0,28
engr0,OP3,CW,0.8,CW,1.0,1.4098360655737705,0.0,0,28
engr0,S7,CW,0.8,CW,1.0,1.4098360655737705,0.0,0,28
engr0,BLU,CW,0.9,CW,0.1,0.7540983606557377,0.0,0,6
engr0,HTC,CW,0.9,CW,0.1,0.7540983606557377,0.0,0,6
engr0,LG,CW,0.9,CW,0.1,0.7540983606557377,0.0,0,6
engr0,MOTO,CW,0.9,CW,0.1,0.7540983606557377,0.0,0,6
engr0,OP3,CW,0.9,CW,0.1,0.7540983606557377,0.0,0,6
engr0,S7,CW,0.9,CW,0.1,0.7540983606557377,0.0,0,6
engr0,BLU,CW,0.9,CW,0.2,0.7540983606557377,0.0,0,6
engr0,HTC,CW,0.9,CW,0.2,0.7540983606557377,0.0,0,6
engr0,LG,CW,0.9,CW,0.2,0.7540983606557377,0.0,0,6
engr0,MOTO,CW,0.9,CW,0.2,0.7540983606557377,0.0,0,6
engr0,OP3,CW,0.9,CW,0.2,0.7540983606557377,0.0,0,6
engr0,S7,CW,0.9,CW,0.2,0.7540983606557377,0.0,0,6
engr0,BLU,CW,0.9,CW,0.3,0.7540983606557377,0.0,0,6
engr0,HTC,CW,0.9,CW,0.3,0.7540983606557377,0.0,0,6
engr0,LG,CW,0.9,CW,0.3,0.7540983606557377,0.0,0,6
engr0,MOTO,CW,0.9,CW,0.3,0.7540983606557377,0.0,0,6
engr0,OP3,CW,0.9,CW,0.3,0.7540983606557377,0.0,0,6
engr0,S7,CW,0.9,CW,0.3,0.7540983606557377,0.0,0,6
engr0,BLU,CW,0.9,CW,0.4,0.7540983606557377,0.0,0,6
engr0,HTC,CW,0.9,CW,0.4,0.7540983606557377,0.0,0,6
engr0,LG,CW,0.9,CW,0.4,0.7540983606557377,0.0,0,6
engr0,MOTO,CW,0.9,CW,0.4,0.7540983606557377,0.0,0,6
engr0,OP3,CW,0.9,CW,0.4,0.7540983606557377,0.0,0,6
engr0,S7,CW,0.9,CW,0.4,0.7540983606557377,0.0,0,6
engr0,BLU,CW,0.9,CW,0.5,0.7540983606557377,0.0,0,6
engr0,HTC,CW,0.9,CW,0.5,0.7540983606557377,0.0,0,6
engr0,LG,CW,0.9,CW,0.5,0.7540983606557377,0.0,0,6
engr0,MOTO,CW,0.9,CW,0.5,0.7540983606557377,0.0,0,6
engr0,OP3,CW,0.9,CW,0.5,0.7540983606557377,0.0,0,6
engr0,S7,CW,0.9,CW,0.5,0.7540983606557377,0.0,0,6
engr0,BLU,CW,0.9,CW,0.6,0.7540983606557377,0.0,0,6
engr0,HTC,CW,0.9,CW,0.6,0.7540983606557377,0.0,0,6
engr0,LG,CW,0.9,CW,0.6,0.7540983606557377,0.0,0,6
engr0,MOTO,CW,0.9,CW,0.6,0.7540983606557377,0.0,0,6
engr0,OP3,CW,0.9,CW,0.6,0.7540983606557377,0.0,0,6
engr0,S7,CW,0.9,CW,0.6,0.7540983606557377,0.0,0,6
engr0,BLU,CW,0.9,CW,0.7,0.7540983606557377,0.0,0,6
engr0,HTC,CW,0.9,CW,0.7,0.7540983606557377,0.0,0,6
engr0,LG,CW,0.9,CW,0.7,0.7540983606557377,0.0,0,6
engr0,MOTO,CW,0.9,CW,0.7,0.7540983606557377,0.0,0,6
engr0,OP3,CW,0.9,CW,0.7,0.7540983606557377,0.0,0,6
engr0,S7,CW,0.9,CW,0.7,0.7540983606557377,0.0,0,6
engr0,BLU,CW,0.9,CW,0.8,0.7540983606557377,0.0,0,6
engr0,HTC,CW,0.9,CW,0.8,0.7540983606557377,0.0,0,6
engr0,LG,CW,0.9,CW,0.8,0.7540983606557377,0.0,0,6
engr0,MOTO,CW,0.9,CW,0.8,0.7540983606557377,0.0,0,6
engr0,OP3,CW,0.9,CW,0.8,0.7540983606557377,0.0,0,6
engr0,S7,CW,0.9,CW,0.8,0.7540983606557377,0.0,0,6
engr0,BLU,CW,0.9,CW,0.9,0.7540983606557377,0.0,0,6
engr0,HTC,CW,0.9,CW,0.9,0.7540983606557377,0.0,0,6
engr0,LG,CW,0.9,CW,0.9,0.7540983606557377,0.0,0,6
engr0,MOTO,CW,0.9,CW,0.9,0.7540983606557377,0.0,0,6
engr0,OP3,CW,0.9,CW,0.9,0.7540983606557377,0.0,0,6
engr0,S7,CW,0.9,CW,0.9,0.7540983606557377,0.0,0,6
engr0,BLU,CW,0.9,CW,1.0,0.7540983606557377,0.0,0,6
engr0,HTC,CW,0.9,CW,1.0,0.7540983606557377,0.0,0,6
engr0,LG,CW,0.9,CW,1.0,0.7540983606557377,0.0,0,6
engr0,MOTO,CW,0.9,CW,1.0,0.7540983606557377,0.0,0,6
engr0,OP3,CW,0.9,CW,1.0,0.7540983606557377,0.0,0,6
engr0,S7,CW,0.9,CW,1.0,0.7540983606557377,0.0,0,6
engr0,BLU,CW,1.0,CW,0.1,0.7377049180327869,0.0,0,6
engr0,HTC,CW,1.0,CW,0.1,0.7377049180327869,0.0,0,6
engr0,LG,CW,1.0,CW,0.1,0.7377049180327869,0.0,0,6
engr0,MOTO,CW,1.0,CW,0.1,0.7377049180327869,0.0,0,6
engr0,OP3,CW,1.0,CW,0.1,0.7377049180327869,0.0,0,6
engr0,S7,CW,1.0,CW,0.1,0.7377049180327869,0.0,0,6
engr0,BLU,CW,1.0,CW,0.2,0.7377049180327869,0.0,0,6
engr0,HTC,CW,1.0,CW,0.2,0.7377049180327869,0.0,0,6
engr0,LG,CW,1.0,CW,0.2,0.7377049180327869,0.0,0,6
engr0,MOTO,CW,1.0,CW,0.2,0.7377049180327869,0.0,0,6
engr0,OP3,CW,1.0,CW,0.2,0.7377049180327869,0.0,0,6
engr0,S7,CW,1.0,CW,0.2,0.7377049180327869,0.0,0,6
engr0,BLU,CW,1.0,CW,0.3,0.7377049180327869,0.0,0,6
engr0,HTC,CW,1.0,CW,0.3,0.7377049180327869,0.0,0,6
engr0,LG,CW,1.0,CW,0.3,0.7377049180327869,0.0,0,6
engr0,MOTO,CW,1.0,CW,0.3,0.7377049180327869,0.0,0,6
engr0,OP3,CW,1.0,CW,0.3,0.7377049180327869,0.0,0,6
engr0,S7,CW,1.0,CW,0.3,0.7377049180327869,0.0,0,6
engr0,BLU,CW,1.0,CW,0.4,0.7377049180327869,0.0,0,6
engr0,HTC,CW,1.0,CW,0.4,0.7377049180327869,0.0,0,6
engr0,LG,CW,1.0,CW,0.4,0.7377049180327869,0.0,0,6
engr0,MOTO,CW,1.0,CW,0.4,0.7377049180327869,0.0,0,6
engr0,OP3,CW,1.0,CW,0.4,0.7377049180327869,0.0,0,6
engr0,S7,CW,1.0,CW,0.4,0.7377049180327869,0.0,0,6
engr0,BLU,CW,1.0,CW,0.5,0.7377049180327869,0.0,0,6
engr0,HTC,CW,1.0,CW,0.5,0.7377049180327869,0.0,0,6
engr0,LG,CW,1.0,CW,0.5,0.7377049180327869,0.0,0,6
engr0,MOTO,CW,1.0,CW,0.5,0.7377049180327869,0.0,0,6
engr0,OP3,CW,1.0,CW,0.5,0.7377049180327869,0.0,0,6
engr0,S7,CW,1.0,CW,0.5,0.7377049180327869,0.0,0,6
engr0,BLU,CW,1.0,CW,0.6,0.7377049180327869,0.0,0,6
engr0,HTC,CW,1.0,CW,0.6,0.7377049180327869,0.0,0,6
engr0,LG,CW,1.0,CW,0.6,0.7377049180327869,0.0,0,6
engr0,MOTO,CW,1.0,CW,0.6,0.7377049180327869,0.0,0,6
engr0,OP3,CW,1.0,CW,0.6,0.7377049180327869,0.0,0,6
engr0,S7,CW,1.0,CW,0.6,0.7377049180327869,0.0,0,6
engr0,BLU,CW,1.0,CW,0.7,0.7377049180327869,0.0,0,6
engr0,HTC,CW,1.0,CW,0.7,0.7377049180327869,0.0,0,6
engr0,LG,CW,1.0,CW,0.7,0.7377049180327869,0.0,0,6
engr0,MOTO,CW,1.0,CW,0.7,0.7377049180327869,0.0,0,6
engr0,OP3,CW,1.0,CW,0.7,0.7377049180327869,0.0,0,6
engr0,S7,CW,1.0,CW,0.7,0.7377049180327869,0.0,0,6
engr0,BLU,CW,1.0,CW,0.8,0.7377049180327869,0.0,0,6
engr0,HTC,CW,1.0,CW,0.8,0.7377049180327869,0.0,0,6
engr0,LG,CW,1.0,CW,0.8,0.7377049180327869,0.0,0,6
engr0,MOTO,CW,1.0,CW,0.8,0.7377049180327869,0.0,0,6
engr0,OP3,CW,1.0,CW,0.8,0.7377049180327869,0.0,0,6
engr0,S7,CW,1.0,CW,0.8,0.7377049180327869,0.0,0,6
engr0,BLU,CW,1.0,CW,0.9,0.7377049180327869,0.0,0,6
engr0,HTC,CW,1.0,CW,0.9,0.7377049180327869,0.0,0,6
engr0,LG,CW,1.0,CW,0.9,0.7377049180327869,0.0,0,6
engr0,MOTO,CW,1.0,CW,0.9,0.7377049180327869,0.0,0,6
engr0,OP3,CW,1.0,CW,0.9,0.7377049180327869,0.0,0,6
engr0,S7,CW,1.0,CW,0.9,0.7377049180327869,0.0,0,6
engr0,BLU,CW,1.0,CW,1.0,0.7377049180327869,0.0,0,6
engr0,HTC,CW,1.0,CW,1.0,0.7377049180327869,0.0,0,6
engr0,LG,CW,1.0,CW,1.0,0.7377049180327869,0.0,0,6
engr0,MOTO,CW,1.0,CW,1.0,0.7377049180327869,0.0,0,6
engr0,OP3,CW,1.0,CW,1.0,0.7377049180327869,0.0,0,6
engr0,S7,CW,1.0,CW,1.0,0.7377049180327869,0.0,0,6
