Floorplan,Device,Training Data,Training Epsilon,Attack,Inference Epsilon,Mean Error,Median Error,Min Error,Max Error
libstudy,BLU,ORIGINAL,0.0,ORIGINAL,0.1,29.5,29.5,0,59
libstudy,HTC,ORIGINAL,0.0,ORIGINAL,0.1,15.5,15.0,0,35
libstudy,LG,ORIGINAL,0.0,ORIGINAL,0.1,15.5,15.0,0,35
libstudy,MOTO,ORIGINAL,0.0,ORIGINAL,0.1,29.5,29.5,0,59
libstudy,OP3,ORIGINAL,0.0,ORIGINAL,0.1,29.5,29.5,0,59
libstudy,S7,ORIGINAL,0.0,ORIGINAL,0.1,29.5,29.5,0,59
libstudy,BLU,SAE,0.0,ORIGINAL,0.1,25.0,24.5,0,54
libstudy,HTC,SAE,0.0,ORIGINAL,0.1,25.0,24.5,0,54
libstudy,LG,SAE,0.0,ORIGINAL,0.1,25.0,24.5,0,54
libstudy,MOTO,SAE,0.0,ORIGINAL,0.1,25.0,24.5,0,54
libstudy,OP3,SAE,0.0,ORIGINAL,0.1,25.0,24.5,0,54
libstudy,S7,SAE,0.0,ORIGINAL,0.1,25.0,24.5,0,54
libstudy,BLU,STACKED_SAE,0.0,ORIGINAL,0.1,27.6,27.5,0,57
libstudy,HTC,STACKED_SAE,0.0,ORIGINAL,0.1,27.6,27.5,0,57
libstudy,LG,STACKED_SAE,0.0,ORIGINAL,0.1,27.6,27.5,0,57
libstudy,MOTO,STACKED_SAE,0.0,ORIGINAL,0.1,27.6,27.5,0,57
libstudy,OP3,STACKED_SAE,0.0,ORIGINAL,0.1,27.6,27.5,0,57
libstudy,S7,STACKED_SAE,0.0,ORIGINAL,0.1,27.6,27.5,0,57
libstudy,BLU,GAN,0.0,ORIGINAL,0.1,15.1,15.0,0,32
libstudy,HTC,GAN,0.0,ORIGINAL,0.1,15.1,15.0,0,32
libstudy,LG,GAN,0.0,ORIGINAL,0.1,15.1,15.0,0,32
libstudy,MOTO,GAN,0.0,ORIGINAL,0.1,15.1,15.0,0,32
libstudy,OP3,GAN,0.0,ORIGINAL,0.1,15.1,15.0,0,32
libstudy,S7,GAN,0.0,ORIGINAL,0.1,15.1,15.0,0,32
libstudy,BLU,FGSM,0.1,FGSM,0.1,15.5,15.0,0,35
libstudy,BLU,FGSM,0.1,FGSM,0.2,15.5,15.0,0,35
libstudy,BLU,FGSM,0.1,FGSM,0.3,15.5,15.0,0,35
libstudy,BLU,FGSM,0.1,FGSM,0.4,15.5,15.0,0,35
libstudy,BLU,FGSM,0.1,FGSM,0.5,15.5,15.0,0,35
libstudy,BLU,FGSM,0.1,FGSM,0.6,15.5,15.0,0,35
libstudy,BLU,FGSM,0.1,FGSM,0.7,15.5,15.0,0,35
libstudy,BLU,FGSM,0.1,FGSM,0.8,15.5,15.0,0,35
libstudy,BLU,FGSM,0.1,FGSM,0.9,15.5,15.0,0,35
libstudy,BLU,FGSM,0.1,FGSM,1.0,15.5,15.0,0,35
libstudy,HTC,FGSM,0.1,FGSM,0.1,15.5,15.0,0,35
libstudy,HTC,FGSM,0.1,FGSM,0.2,15.5,15.0,0,35
libstudy,HTC,FGSM,0.1,FGSM,0.3,15.5,15.0,0,35
libstudy,HTC,FGSM,0.1,FGSM,0.4,15.5,15.0,0,35
libstudy,HTC,FGSM,0.1,FGSM,0.5,15.5,15.0,0,35
libstudy,HTC,FGSM,0.1,FGSM,0.6,15.5,15.0,0,35
libstudy,HTC,FGSM,0.1,FGSM,0.7,15.5,15.0,0,35
libstudy,HTC,FGSM,0.1,FGSM,0.8,15.5,15.0,0,35
libstudy,HTC,FGSM,0.1,FGSM,0.9,15.5,15.0,0,35
libstudy,HTC,FGSM,0.1,FGSM,1.0,15.5,15.0,0,35
libstudy,LG,FGSM,0.1,FGSM,0.1,15.5,15.0,0,35
libstudy,LG,FGSM,0.1,FGSM,0.2,15.5,15.0,0,35
libstudy,LG,FGSM,0.1,FGSM,0.3,15.5,15.0,0,35
libstudy,LG,FGSM,0.1,FGSM,0.4,15.5,15.0,0,35
libstudy,LG,FGSM,0.1,FGSM,0.5,15.5,15.0,0,35
libstudy,LG,FGSM,0.1,FGSM,0.6,15.5,15.0,0,35
libstudy,LG,FGSM,0.1,FGSM,0.7,15.5,15.0,0,35
libstudy,LG,FGSM,0.1,FGSM,0.8,15.5,15.0,0,35
libstudy,LG,FGSM,0.1,FGSM,0.9,15.5,15.0,0,35
libstudy,LG,FGSM,0.1,FGSM,1.0,15.5,15.0,0,35
libstudy,MOTO,FGSM,0.1,FGSM,0.1,15.5,15.0,0,35
libstudy,MOTO,FGSM,0.1,FGSM,0.2,15.5,15.0,0,35
libstudy,MOTO,FGSM,0.1,FGSM,0.3,15.5,15.0,0,35
libstudy,MOTO,FGSM,0.1,FGSM,0.4,15.5,15.0,0,35
libstudy,MOTO,FGSM,0.1,FGSM,0.5,15.5,15.0,0,35
libstudy,MOTO,FGSM,0.1,FGSM,0.6,15.5,15.0,0,35
libstudy,MOTO,FGSM,0.1,FGSM,0.7,15.5,15.0,0,35
libstudy,MOTO,FGSM,0.1,FGSM,0.8,15.5,15.0,0,35
libstudy,MOTO,FGSM,0.1,FGSM,0.9,15.5,15.0,0,35
libstudy,MOTO,FGSM,0.1,FGSM,1.0,15.5,15.0,0,35
libstudy,OP3,FGSM,0.1,FGSM,0.1,15.5,15.0,0,35
libstudy,OP3,FGSM,0.1,FGSM,0.2,15.5,15.0,0,35
libstudy,OP3,FGSM,0.1,FGSM,0.3,15.5,15.0,0,35
libstudy,OP3,FGSM,0.1,FGSM,0.4,15.5,15.0,0,35
libstudy,OP3,FGSM,0.1,FGSM,0.5,15.5,15.0,0,35
libstudy,OP3,FGSM,0.1,FGSM,0.6,15.5,15.0,0,35
libstudy,OP3,FGSM,0.1,FGSM,0.7,15.5,15.0,0,35
libstudy,OP3,FGSM,0.1,FGSM,0.8,15.5,15.0,0,35
libstudy,OP3,FGSM,0.1,FGSM,0.9,15.5,15.0,0,35
libstudy,OP3,FGSM,0.1,FGSM,1.0,15.5,15.0,0,35
libstudy,S7,FGSM,0.1,FGSM,0.1,15.5,15.0,0,35
libstudy,S7,FGSM,0.1,FGSM,0.2,15.5,15.0,0,35
libstudy,S7,FGSM,0.1,FGSM,0.3,15.5,15.0,0,35
libstudy,S7,FGSM,0.1,FGSM,0.4,15.5,15.0,0,35
libstudy,S7,FGSM,0.1,FGSM,0.5,15.5,15.0,0,35
libstudy,S7,FGSM,0.1,FGSM,0.6,15.5,15.0,0,35
libstudy,S7,FGSM,0.1,FGSM,0.7,15.5,15.0,0,35
libstudy,S7,FGSM,0.1,FGSM,0.8,15.5,15.0,0,35
libstudy,S7,FGSM,0.1,FGSM,0.9,15.5,15.0,0,35
libstudy,S7,FGSM,0.1,FGSM,1.0,15.5,15.0,0,35
libstudy,BLU,FGSM,0.2,FGSM,0.1,25.0,24.5,0,54
libstudy,BLU,FGSM,0.2,FGSM,0.2,25.0,24.5,0,54
libstudy,BLU,FGSM,0.2,FGSM,0.3,25.0,24.5,0,54
libstudy,BLU,FGSM,0.2,FGSM,0.4,25.0,24.5,0,54
libstudy,BLU,FGSM,0.2,FGSM,0.5,25.0,24.5,0,54
libstudy,BLU,FGSM,0.2,FGSM,0.6,25.0,24.5,0,54
libstudy,BLU,FGSM,0.2,FGSM,0.7,25.0,24.5,0,54
libstudy,BLU,FGSM,0.2,FGSM,0.8,25.0,24.5,0,54
libstudy,BLU,FGSM,0.2,FGSM,0.9,25.0,24.5,0,54
libstudy,BLU,FGSM,0.2,FGSM,1.0,25.0,24.5,0,54
libstudy,HTC,FGSM,0.2,FGSM,0.1,25.0,24.5,0,54
libstudy,HTC,FGSM,0.2,FGSM,0.2,25.0,24.5,0,54
libstudy,HTC,FGSM,0.2,FGSM,0.3,25.0,24.5,0,54
libstudy,HTC,FGSM,0.2,FGSM,0.4,25.0,24.5,0,54
libstudy,HTC,FGSM,0.2,FGSM,0.5,25.0,24.5,0,54
libstudy,HTC,FGSM,0.2,FGSM,0.6,25.0,24.5,0,54
libstudy,HTC,FGSM,0.2,FGSM,0.7,25.0,24.5,0,54
libstudy,HTC,FGSM,0.2,FGSM,0.8,25.0,24.5,0,54
libstudy,HTC,FGSM,0.2,FGSM,0.9,25.0,24.5,0,54
libstudy,HTC,FGSM,0.2,FGSM,1.0,25.0,24.5,0,54
libstudy,LG,FGSM,0.2,FGSM,0.1,25.0,24.5,0,54
libstudy,LG,FGSM,0.2,FGSM,0.2,25.0,24.5,0,54
libstudy,LG,FGSM,0.2,FGSM,0.3,25.0,24.5,0,54
libstudy,LG,FGSM,0.2,FGSM,0.4,25.0,24.5,0,54
libstudy,LG,FGSM,0.2,FGSM,0.5,25.0,24.5,0,54
libstudy,LG,FGSM,0.2,FGSM,0.6,25.0,24.5,0,54
libstudy,LG,FGSM,0.2,FGSM,0.7,25.0,24.5,0,54
libstudy,LG,FGSM,0.2,FGSM,0.8,25.0,24.5,0,54
libstudy,LG,FGSM,0.2,FGSM,0.9,25.0,24.5,0,54
libstudy,LG,FGSM,0.2,FGSM,1.0,25.0,24.5,0,54
libstudy,MOTO,FGSM,0.2,FGSM,0.1,25.0,24.5,0,54
libstudy,MOTO,FGSM,0.2,FGSM,0.2,25.0,24.5,0,54
libstudy,MOTO,FGSM,0.2,FGSM,0.3,25.0,24.5,0,54
libstudy,MOTO,FGSM,0.2,FGSM,0.4,25.0,24.5,0,54
libstudy,MOTO,FGSM,0.2,FGSM,0.5,25.0,24.5,0,54
libstudy,MOTO,FGSM,0.2,FGSM,0.6,25.0,24.5,0,54
libstudy,MOTO,FGSM,0.2,FGSM,0.7,25.0,24.5,0,54
libstudy,MOTO,FGSM,0.2,FGSM,0.8,25.0,24.5,0,54
libstudy,MOTO,FGSM,0.2,FGSM,0.9,25.0,24.5,0,54
libstudy,MOTO,FGSM,0.2,FGSM,1.0,25.0,24.5,0,54
libstudy,OP3,FGSM,0.2,FGSM,0.1,25.0,24.5,0,54
libstudy,OP3,FGSM,0.2,FGSM,0.2,25.0,24.5,0,54
libstudy,OP3,FGSM,0.2,FGSM,0.3,25.0,24.5,0,54
libstudy,OP3,FGSM,0.2,FGSM,0.4,25.0,24.5,0,54
libstudy,OP3,FGSM,0.2,FGSM,0.5,25.0,24.5,0,54
libstudy,OP3,FGSM,0.2,FGSM,0.6,25.0,24.5,0,54
libstudy,OP3,FGSM,0.2,FGSM,0.7,25.0,24.5,0,54
libstudy,OP3,FGSM,0.2,FGSM,0.8,25.0,24.5,0,54
libstudy,OP3,FGSM,0.2,FGSM,0.9,25.0,24.5,0,54
libstudy,OP3,FGSM,0.2,FGSM,1.0,25.0,24.5,0,54
libstudy,S7,FGSM,0.2,FGSM,0.1,25.0,24.5,0,54
libstudy,S7,FGSM,0.2,FGSM,0.2,25.0,24.5,0,54
libstudy,S7,FGSM,0.2,FGSM,0.3,25.0,24.5,0,54
libstudy,S7,FGSM,0.2,FGSM,0.4,25.0,24.5,0,54
libstudy,S7,FGSM,0.2,FGSM,0.5,25.0,24.5,0,54
libstudy,S7,FGSM,0.2,FGSM,0.6,25.0,24.5,0,54
libstudy,S7,FGSM,0.2,FGSM,0.7,25.0,24.5,0,54
libstudy,S7,FGSM,0.2,FGSM,0.8,25.0,24.5,0,54
libstudy,S7,FGSM,0.2,FGSM,0.9,25.0,24.5,0,54
libstudy,S7,FGSM,0.2,FGSM,1.0,25.0,24.5,0,54
libstudy,BLU,FGSM,0.3,FGSM,0.1,24.2,23.5,0,53
libstudy,BLU,FGSM,0.3,FGSM,0.2,24.2,23.5,0,53
libstudy,BLU,FGSM,0.3,FGSM,0.3,24.2,23.5,0,53
libstudy,BLU,FGSM,0.3,FGSM,0.4,24.2,23.5,0,53
libstudy,BLU,FGSM,0.3,FGSM,0.5,24.2,23.5,0,53
libstudy,BLU,FGSM,0.3,FGSM,0.6,24.2,23.5,0,53
libstudy,BLU,FGSM,0.3,FGSM,0.7,24.2,23.5,0,53
libstudy,BLU,FGSM,0.3,FGSM,0.8,24.2,23.5,0,53
libstudy,BLU,FGSM,0.3,FGSM,0.9,24.2,23.5,0,53
libstudy,BLU,FGSM,0.3,FGSM,1.0,24.2,23.5,0,53
libstudy,HTC,FGSM,0.3,FGSM,0.1,24.2,23.5,0,53
libstudy,HTC,FGSM,0.3,FGSM,0.2,24.2,23.5,0,53
libstudy,HTC,FGSM,0.3,FGSM,0.3,24.2,23.5,0,53
libstudy,HTC,FGSM,0.3,FGSM,0.4,24.2,23.5,0,53
libstudy,HTC,FGSM,0.3,FGSM,0.5,24.2,23.5,0,53
libstudy,HTC,FGSM,0.3,FGSM,0.6,24.2,23.5,0,53
libstudy,HTC,FGSM,0.3,FGSM,0.7,24.2,23.5,0,53
libstudy,HTC,FGSM,0.3,FGSM,0.8,24.2,23.5,0,53
libstudy,HTC,FGSM,0.3,FGSM,0.9,24.2,23.5,0,53
libstudy,HTC,FGSM,0.3,FGSM,1.0,24.2,23.5,0,53
libstudy,LG,FGSM,0.3,FGSM,0.1,24.2,23.5,0,53
libstudy,LG,FGSM,0.3,FGSM,0.2,24.2,23.5,0,53
libstudy,LG,FGSM,0.3,FGSM,0.3,24.2,23.5,0,53
libstudy,LG,FGSM,0.3,FGSM,0.4,24.2,23.5,0,53
libstudy,LG,FGSM,0.3,FGSM,0.5,24.2,23.5,0,53
libstudy,LG,FGSM,0.3,FGSM,0.6,24.2,23.5,0,53
libstudy,LG,FGSM,0.3,FGSM,0.7,24.2,23.5,0,53
libstudy,LG,FGSM,0.3,FGSM,0.8,24.2,23.5,0,53
libstudy,LG,FGSM,0.3,FGSM,0.9,24.2,23.5,0,53
libstudy,LG,FGSM,0.3,FGSM,1.0,24.2,23.5,0,53
libstudy,MOTO,FGSM,0.3,FGSM,0.1,24.2,23.5,0,53
libstudy,MOTO,FGSM,0.3,FGSM,0.2,24.2,23.5,0,53
libstudy,MOTO,FGSM,0.3,FGSM,0.3,24.2,23.5,0,53
libstudy,MOTO,FGSM,0.3,FGSM,0.4,24.2,23.5,0,53
libstudy,MOTO,FGSM,0.3,FGSM,0.5,24.2,23.5,0,53
libstudy,MOTO,FGSM,0.3,FGSM,0.6,24.2,23.5,0,53
libstudy,MOTO,FGSM,0.3,FGSM,0.7,24.2,23.5,0,53
libstudy,MOTO,FGSM,0.3,FGSM,0.8,24.2,23.5,0,53
libstudy,MOTO,FGSM,0.3,FGSM,0.9,24.2,23.5,0,53
libstudy,MOTO,FGSM,0.3,FGSM,1.0,24.2,23.5,0,53
libstudy,OP3,FGSM,0.3,FGSM,0.1,24.2,23.5,0,53
libstudy,OP3,FGSM,0.3,FGSM,0.2,24.2,23.5,0,53
libstudy,OP3,FGSM,0.3,FGSM,0.3,24.2,23.5,0,53
libstudy,OP3,FGSM,0.3,FGSM,0.4,24.2,23.5,0,53
libstudy,OP3,FGSM,0.3,FGSM,0.5,24.2,23.5,0,53
libstudy,OP3,FGSM,0.3,FGSM,0.6,24.2,23.5,0,53
libstudy,OP3,FGSM,0.3,FGSM,0.7,24.2,23.5,0,53
libstudy,OP3,FGSM,0.3,FGSM,0.8,24.2,23.5,0,53
libstudy,OP3,FGSM,0.3,FGSM,0.9,24.2,23.5,0,53
libstudy,OP3,FGSM,0.3,FGSM,1.0,24.2,23.5,0,53
libstudy,S7,FGSM,0.3,FGSM,0.1,24.2,23.5,0,53
libstudy,S7,FGSM,0.3,FGSM,0.2,24.2,23.5,0,53
libstudy,S7,FGSM,0.3,FGSM,0.3,24.2,23.5,0,53
libstudy,S7,FGSM,0.3,FGSM,0.4,24.2,23.5,0,53
libstudy,S7,FGSM,0.3,FGSM,0.5,24.2,23.5,0,53
libstudy,S7,FGSM,0.3,FGSM,0.6,24.2,23.5,0,53
libstudy,S7,FGSM,0.3,FGSM,0.7,24.2,23.5,0,53
libstudy,S7,FGSM,0.3,FGSM,0.8,24.2,23.5,0,53
libstudy,S7,FGSM,0.3,FGSM,0.9,24.2,23.5,0,53
libstudy,S7,FGSM,0.3,FGSM,1.0,24.2,23.5,0,53
libstudy,BLU,FGSM,0.4,FGSM,0.1,16.833333333333332,15.0,0,40
libstudy,BLU,FGSM,0.4,FGSM,0.2,16.833333333333332,15.0,0,40
libstudy,BLU,FGSM,0.4,FGSM,0.3,16.833333333333332,15.0,0,40
libstudy,BLU,FGSM,0.4,FGSM,0.4,16.833333333333332,15.0,0,40
libstudy,BLU,FGSM,0.4,FGSM,0.5,16.833333333333332,15.0,0,40
libstudy,BLU,FGSM,0.4,FGSM,0.6,16.833333333333332,15.0,0,40
libstudy,BLU,FGSM,0.4,FGSM,0.7,16.833333333333332,15.0,0,40
libstudy,BLU,FGSM,0.4,FGSM,0.8,16.833333333333332,15.0,0,40
libstudy,BLU,FGSM,0.4,FGSM,0.9,16.833333333333332,15.0,0,40
libstudy,BLU,FGSM,0.4,FGSM,1.0,16.833333333333332,15.0,0,40
libstudy,HTC,FGSM,0.4,FGSM,0.1,16.833333333333332,15.0,0,40
libstudy,HTC,FGSM,0.4,FGSM,0.2,16.833333333333332,15.0,0,40
libstudy,HTC,FGSM,0.4,FGSM,0.3,16.833333333333332,15.0,0,40
libstudy,HTC,FGSM,0.4,FGSM,0.4,16.833333333333332,15.0,0,40
libstudy,HTC,FGSM,0.4,FGSM,0.5,16.833333333333332,15.0,0,40
libstudy,HTC,FGSM,0.4,FGSM,0.6,16.833333333333332,15.0,0,40
libstudy,HTC,FGSM,0.4,FGSM,0.7,16.833333333333332,15.0,0,40
libstudy,HTC,FGSM,0.4,FGSM,0.8,16.833333333333332,15.0,0,40
libstudy,HTC,FGSM,0.4,FGSM,0.9,16.833333333333332,15.0,0,40
libstudy,HTC,FGSM,0.4,FGSM,1.0,16.833333333333332,15.0,0,40
libstudy,LG,FGSM,0.4,FGSM,0.1,16.833333333333332,15.0,0,40
libstudy,LG,FGSM,0.4,FGSM,0.2,16.833333333333332,15.0,0,40
libstudy,LG,FGSM,0.4,FGSM,0.3,16.833333333333332,15.0,0,40
libstudy,LG,FGSM,0.4,FGSM,0.4,16.833333333333332,15.0,0,40
libstudy,LG,FGSM,0.4,FGSM,0.5,16.833333333333332,15.0,0,40
libstudy,LG,FGSM,0.4,FGSM,0.6,16.833333333333332,15.0,0,40
libstudy,LG,FGSM,0.4,FGSM,0.7,16.833333333333332,15.0,0,40
libstudy,LG,FGSM,0.4,FGSM,0.8,16.833333333333332,15.0,0,40
libstudy,LG,FGSM,0.4,FGSM,0.9,16.833333333333332,15.0,0,40
libstudy,LG,FGSM,0.4,FGSM,1.0,16.833333333333332,15.0,0,40
libstudy,MOTO,FGSM,0.4,FGSM,0.1,16.833333333333332,15.0,0,40
libstudy,MOTO,FGSM,0.4,FGSM,0.2,16.833333333333332,15.0,0,40
libstudy,MOTO,FGSM,0.4,FGSM,0.3,16.833333333333332,15.0,0,40
libstudy,MOTO,FGSM,0.4,FGSM,0.4,16.833333333333332,15.0,0,40
libstudy,MOTO,FGSM,0.4,FGSM,0.5,16.833333333333332,15.0,0,40
libstudy,MOTO,FGSM,0.4,FGSM,0.6,16.833333333333332,15.0,0,40
libstudy,MOTO,FGSM,0.4,FGSM,0.7,16.833333333333332,15.0,0,40
libstudy,MOTO,FGSM,0.4,FGSM,0.8,16.833333333333332,15.0,0,40
libstudy,MOTO,FGSM,0.4,FGSM,0.9,16.833333333333332,15.0,0,40
libstudy,MOTO,FGSM,0.4,FGSM,1.0,16.833333333333332,15.0,0,40
libstudy,OP3,FGSM,0.4,FGSM,0.1,16.833333333333332,15.0,0,40
libstudy,OP3,FGSM,0.4,FGSM,0.2,16.833333333333332,15.0,0,40
libstudy,OP3,FGSM,0.4,FGSM,0.3,16.833333333333332,15.0,0,40
libstudy,OP3,FGSM,0.4,FGSM,0.4,16.833333333333332,15.0,0,40
libstudy,OP3,FGSM,0.4,FGSM,0.5,16.833333333333332,15.0,0,40
libstudy,OP3,FGSM,0.4,FGSM,0.6,16.833333333333332,15.0,0,40
libstudy,OP3,FGSM,0.4,FGSM,0.7,16.833333333333332,15.0,0,40
libstudy,OP3,FGSM,0.4,FGSM,0.8,16.833333333333332,15.0,0,40
libstudy,OP3,FGSM,0.4,FGSM,0.9,16.833333333333332,15.0,0,40
libstudy,OP3,FGSM,0.4,FGSM,1.0,16.833333333333332,15.0,0,40
libstudy,S7,FGSM,0.4,FGSM,0.1,16.833333333333332,15.0,0,40
libstudy,S7,FGSM,0.4,FGSM,0.2,16.833333333333332,15.0,0,40
libstudy,S7,FGSM,0.4,FGSM,0.3,16.833333333333332,15.0,0,40
libstudy,S7,FGSM,0.4,FGSM,0.4,16.833333333333332,15.0,0,40
libstudy,S7,FGSM,0.4,FGSM,0.5,16.833333333333332,15.0,0,40
libstudy,S7,FGSM,0.4,FGSM,0.6,16.833333333333332,15.0,0,40
libstudy,S7,FGSM,0.4,FGSM,0.7,16.833333333333332,15.0,0,40
libstudy,S7,FGSM,0.4,FGSM,0.8,16.833333333333332,15.0,0,40
libstudy,S7,FGSM,0.4,FGSM,0.9,16.833333333333332,15.0,0,40
libstudy,S7,FGSM,0.4,FGSM,1.0,16.833333333333332,15.0,0,40
libstudy,BLU,FGSM,0.5,FGSM,0.1,15.7,15.0,0,36
libstudy,BLU,FGSM,0.5,FGSM,0.2,15.7,15.0,0,36
libstudy,BLU,FGSM,0.5,FGSM,0.3,15.7,15.0,0,36
libstudy,BLU,FGSM,0.5,FGSM,0.4,15.7,15.0,0,36
libstudy,BLU,FGSM,0.5,FGSM,0.5,15.7,15.0,0,36
libstudy,BLU,FGSM,0.5,FGSM,0.6,15.7,15.0,0,36
libstudy,BLU,FGSM,0.5,FGSM,0.7,15.7,15.0,0,36
libstudy,BLU,FGSM,0.5,FGSM,0.8,15.7,15.0,0,36
libstudy,BLU,FGSM,0.5,FGSM,0.9,15.7,15.0,0,36
libstudy,BLU,FGSM,0.5,FGSM,1.0,15.7,15.0,0,36
libstudy,HTC,FGSM,0.5,FGSM,0.1,15.7,15.0,0,36
libstudy,HTC,FGSM,0.5,FGSM,0.2,15.7,15.0,0,36
libstudy,HTC,FGSM,0.5,FGSM,0.3,15.7,15.0,0,36
libstudy,HTC,FGSM,0.5,FGSM,0.4,15.7,15.0,0,36
libstudy,HTC,FGSM,0.5,FGSM,0.5,15.7,15.0,0,36
libstudy,HTC,FGSM,0.5,FGSM,0.6,15.7,15.0,0,36
libstudy,HTC,FGSM,0.5,FGSM,0.7,15.7,15.0,0,36
libstudy,HTC,FGSM,0.5,FGSM,0.8,15.7,15.0,0,36
libstudy,HTC,FGSM,0.5,FGSM,0.9,15.7,15.0,0,36
libstudy,HTC,FGSM,0.5,FGSM,1.0,15.7,15.0,0,36
libstudy,LG,FGSM,0.5,FGSM,0.1,15.7,15.0,0,36
libstudy,LG,FGSM,0.5,FGSM,0.2,15.7,15.0,0,36
libstudy,LG,FGSM,0.5,FGSM,0.3,15.7,15.0,0,36
libstudy,LG,FGSM,0.5,FGSM,0.4,15.7,15.0,0,36
libstudy,LG,FGSM,0.5,FGSM,0.5,15.7,15.0,0,36
libstudy,LG,FGSM,0.5,FGSM,0.6,15.7,15.0,0,36
libstudy,LG,FGSM,0.5,FGSM,0.7,15.7,15.0,0,36
libstudy,LG,FGSM,0.5,FGSM,0.8,15.7,15.0,0,36
libstudy,LG,FGSM,0.5,FGSM,0.9,15.7,15.0,0,36
libstudy,LG,FGSM,0.5,FGSM,1.0,15.7,15.0,0,36
libstudy,MOTO,FGSM,0.5,FGSM,0.1,15.7,15.0,0,36
libstudy,MOTO,FGSM,0.5,FGSM,0.2,15.7,15.0,0,36
libstudy,MOTO,FGSM,0.5,FGSM,0.3,15.7,15.0,0,36
libstudy,MOTO,FGSM,0.5,FGSM,0.4,15.7,15.0,0,36
libstudy,MOTO,FGSM,0.5,FGSM,0.5,15.7,15.0,0,36
libstudy,MOTO,FGSM,0.5,FGSM,0.6,15.7,15.0,0,36
libstudy,MOTO,FGSM,0.5,FGSM,0.7,15.7,15.0,0,36
libstudy,MOTO,FGSM,0.5,FGSM,0.8,15.7,15.0,0,36
libstudy,MOTO,FGSM,0.5,FGSM,0.9,15.7,15.0,0,36
libstudy,MOTO,FGSM,0.5,FGSM,1.0,15.7,15.0,0,36
libstudy,OP3,FGSM,0.5,FGSM,0.1,15.7,15.0,0,36
libstudy,OP3,FGSM,0.5,FGSM,0.2,15.7,15.0,0,36
libstudy,OP3,FGSM,0.5,FGSM,0.3,15.7,15.0,0,36
libstudy,OP3,FGSM,0.5,FGSM,0.4,15.7,15.0,0,36
libstudy,OP3,FGSM,0.5,FGSM,0.5,15.7,15.0,0,36
libstudy,OP3,FGSM,0.5,FGSM,0.6,15.7,15.0,0,36
libstudy,OP3,FGSM,0.5,FGSM,0.7,15.7,15.0,0,36
libstudy,OP3,FGSM,0.5,FGSM,0.8,15.7,15.0,0,36
libstudy,OP3,FGSM,0.5,FGSM,0.9,15.7,15.0,0,36
libstudy,OP3,FGSM,0.5,FGSM,1.0,15.7,15.0,0,36
libstudy,S7,FGSM,0.5,FGSM,0.1,15.7,15.0,0,36
libstudy,S7,FGSM,0.5,FGSM,0.2,15.7,15.0,0,36
libstudy,S7,FGSM,0.5,FGSM,0.3,15.7,15.0,0,36
libstudy,S7,FGSM,0.5,FGSM,0.4,15.7,15.0,0,36
libstudy,S7,FGSM,0.5,FGSM,0.5,15.7,15.0,0,36
libstudy,S7,FGSM,0.5,FGSM,0.6,15.7,15.0,0,36
libstudy,S7,FGSM,0.5,FGSM,0.7,15.7,15.0,0,36
libstudy,S7,FGSM,0.5,FGSM,0.8,15.7,15.0,0,36
libstudy,S7,FGSM,0.5,FGSM,0.9,15.7,15.0,0,36
libstudy,S7,FGSM,0.5,FGSM,1.0,15.7,15.0,0,36
libstudy,BLU,FGSM,0.6,FGSM,0.1,26.7,26.5,0,56
libstudy,BLU,FGSM,0.6,FGSM,0.2,26.7,26.5,0,56
libstudy,BLU,FGSM,0.6,FGSM,0.3,26.7,26.5,0,56
libstudy,BLU,FGSM,0.6,FGSM,0.4,26.7,26.5,0,56
libstudy,BLU,FGSM,0.6,FGSM,0.5,26.7,26.5,0,56
libstudy,BLU,FGSM,0.6,FGSM,0.6,26.7,26.5,0,56
libstudy,BLU,FGSM,0.6,FGSM,0.7,26.7,26.5,0,56
libstudy,BLU,FGSM,0.6,FGSM,0.8,26.7,26.5,0,56
libstudy,BLU,FGSM,0.6,FGSM,0.9,26.7,26.5,0,56
libstudy,BLU,FGSM,0.6,FGSM,1.0,26.7,26.5,0,56
libstudy,HTC,FGSM,0.6,FGSM,0.1,26.7,26.5,0,56
libstudy,HTC,FGSM,0.6,FGSM,0.2,26.7,26.5,0,56
libstudy,HTC,FGSM,0.6,FGSM,0.3,26.7,26.5,0,56
libstudy,HTC,FGSM,0.6,FGSM,0.4,26.7,26.5,0,56
libstudy,HTC,FGSM,0.6,FGSM,0.5,26.7,26.5,0,56
libstudy,HTC,FGSM,0.6,FGSM,0.6,26.7,26.5,0,56
libstudy,HTC,FGSM,0.6,FGSM,0.7,26.7,26.5,0,56
libstudy,HTC,FGSM,0.6,FGSM,0.8,26.7,26.5,0,56
libstudy,HTC,FGSM,0.6,FGSM,0.9,26.7,26.5,0,56
libstudy,HTC,FGSM,0.6,FGSM,1.0,26.7,26.5,0,56
libstudy,LG,FGSM,0.6,FGSM,0.1,26.7,26.5,0,56
libstudy,LG,FGSM,0.6,FGSM,0.2,26.7,26.5,0,56
libstudy,LG,FGSM,0.6,FGSM,0.3,26.7,26.5,0,56
libstudy,LG,FGSM,0.6,FGSM,0.4,26.7,26.5,0,56
libstudy,LG,FGSM,0.6,FGSM,0.5,26.7,26.5,0,56
libstudy,LG,FGSM,0.6,FGSM,0.6,26.7,26.5,0,56
libstudy,LG,FGSM,0.6,FGSM,0.7,26.7,26.5,0,56
libstudy,LG,FGSM,0.6,FGSM,0.8,26.7,26.5,0,56
libstudy,LG,FGSM,0.6,FGSM,0.9,26.7,26.5,0,56
libstudy,LG,FGSM,0.6,FGSM,1.0,26.7,26.5,0,56
libstudy,MOTO,FGSM,0.6,FGSM,0.1,26.7,26.5,0,56
libstudy,MOTO,FGSM,0.6,FGSM,0.2,26.7,26.5,0,56
libstudy,MOTO,FGSM,0.6,FGSM,0.3,26.7,26.5,0,56
libstudy,MOTO,FGSM,0.6,FGSM,0.4,26.7,26.5,0,56
libstudy,MOTO,FGSM,0.6,FGSM,0.5,26.7,26.5,0,56
libstudy,MOTO,FGSM,0.6,FGSM,0.6,26.7,26.5,0,56
libstudy,MOTO,FGSM,0.6,FGSM,0.7,26.7,26.5,0,56
libstudy,MOTO,FGSM,0.6,FGSM,0.8,26.7,26.5,0,56
libstudy,MOTO,FGSM,0.6,FGSM,0.9,26.7,26.5,0,56
libstudy,MOTO,FGSM,0.6,FGSM,1.0,26.7,26.5,0,56
libstudy,OP3,FGSM,0.6,FGSM,0.1,26.7,26.5,0,56
libstudy,OP3,FGSM,0.6,FGSM,0.2,26.7,26.5,0,56
libstudy,OP3,FGSM,0.6,FGSM,0.3,26.7,26.5,0,56
libstudy,OP3,FGSM,0.6,FGSM,0.4,26.7,26.5,0,56
libstudy,OP3,FGSM,0.6,FGSM,0.5,26.7,26.5,0,56
libstudy,OP3,FGSM,0.6,FGSM,0.6,26.7,26.5,0,56
libstudy,OP3,FGSM,0.6,FGSM,0.7,26.7,26.5,0,56
libstudy,OP3,FGSM,0.6,FGSM,0.8,26.7,26.5,0,56
libstudy,OP3,FGSM,0.6,FGSM,0.9,26.7,26.5,0,56
libstudy,OP3,FGSM,0.6,FGSM,1.0,26.7,26.5,0,56
libstudy,S7,FGSM,0.6,FGSM,0.1,26.7,26.5,0,56
libstudy,S7,FGSM,0.6,FGSM,0.2,26.7,26.5,0,56
libstudy,S7,FGSM,0.6,FGSM,0.3,26.7,26.5,0,56
libstudy,S7,FGSM,0.6,FGSM,0.4,26.7,26.5,0,56
libstudy,S7,FGSM,0.6,FGSM,0.5,26.7,26.5,0,56
libstudy,S7,FGSM,0.6,FGSM,0.6,26.7,26.5,0,56
libstudy,S7,FGSM,0.6,FGSM,0.7,26.7,26.5,0,56
libstudy,S7,FGSM,0.6,FGSM,0.8,26.7,26.5,0,56
libstudy,S7,FGSM,0.6,FGSM,0.9,26.7,26.5,0,56
libstudy,S7,FGSM,0.6,FGSM,1.0,26.7,26.5,0,56
libstudy,BLU,FGSM,0.7,FGSM,0.1,15.933333333333334,15.0,0,37
libstudy,BLU,FGSM,0.7,FGSM,0.2,15.933333333333334,15.0,0,37
libstudy,BLU,FGSM,0.7,FGSM,0.3,15.933333333333334,15.0,0,37
libstudy,BLU,FGSM,0.7,FGSM,0.4,15.933333333333334,15.0,0,37
libstudy,BLU,FGSM,0.7,FGSM,0.5,15.933333333333334,15.0,0,37
libstudy,BLU,FGSM,0.7,FGSM,0.6,15.933333333333334,15.0,0,37
libstudy,BLU,FGSM,0.7,FGSM,0.7,15.933333333333334,15.0,0,37
libstudy,BLU,FGSM,0.7,FGSM,0.8,15.933333333333334,15.0,0,37
libstudy,BLU,FGSM,0.7,FGSM,0.9,15.933333333333334,15.0,0,37
libstudy,BLU,FGSM,0.7,FGSM,1.0,15.933333333333334,15.0,0,37
libstudy,HTC,FGSM,0.7,FGSM,0.1,15.933333333333334,15.0,0,37
libstudy,HTC,FGSM,0.7,FGSM,0.2,15.933333333333334,15.0,0,37
libstudy,HTC,FGSM,0.7,FGSM,0.3,15.933333333333334,15.0,0,37
libstudy,HTC,FGSM,0.7,FGSM,0.4,15.933333333333334,15.0,0,37
libstudy,HTC,FGSM,0.7,FGSM,0.5,15.933333333333334,15.0,0,37
libstudy,HTC,FGSM,0.7,FGSM,0.6,15.933333333333334,15.0,0,37
libstudy,HTC,FGSM,0.7,FGSM,0.7,15.933333333333334,15.0,0,37
libstudy,HTC,FGSM,0.7,FGSM,0.8,15.933333333333334,15.0,0,37
libstudy,HTC,FGSM,0.7,FGSM,0.9,15.933333333333334,15.0,0,37
libstudy,HTC,FGSM,0.7,FGSM,1.0,15.933333333333334,15.0,0,37
libstudy,LG,FGSM,0.7,FGSM,0.1,15.933333333333334,15.0,0,37
libstudy,LG,FGSM,0.7,FGSM,0.2,15.933333333333334,15.0,0,37
libstudy,LG,FGSM,0.7,FGSM,0.3,15.933333333333334,15.0,0,37
libstudy,LG,FGSM,0.7,FGSM,0.4,15.933333333333334,15.0,0,37
libstudy,LG,FGSM,0.7,FGSM,0.5,15.933333333333334,15.0,0,37
libstudy,LG,FGSM,0.7,FGSM,0.6,15.933333333333334,15.0,0,37
libstudy,LG,FGSM,0.7,FGSM,0.7,15.933333333333334,15.0,0,37
libstudy,LG,FGSM,0.7,FGSM,0.8,15.933333333333334,15.0,0,37
libstudy,LG,FGSM,0.7,FGSM,0.9,15.933333333333334,15.0,0,37
libstudy,LG,FGSM,0.7,FGSM,1.0,15.933333333333334,15.0,0,37
libstudy,MOTO,FGSM,0.7,FGSM,0.1,15.933333333333334,15.0,0,37
libstudy,MOTO,FGSM,0.7,FGSM,0.2,15.933333333333334,15.0,0,37
libstudy,MOTO,FGSM,0.7,FGSM,0.3,15.933333333333334,15.0,0,37
libstudy,MOTO,FGSM,0.7,FGSM,0.4,15.933333333333334,15.0,0,37
libstudy,MOTO,FGSM,0.7,FGSM,0.5,15.933333333333334,15.0,0,37
libstudy,MOTO,FGSM,0.7,FGSM,0.6,15.933333333333334,15.0,0,37
libstudy,MOTO,FGSM,0.7,FGSM,0.7,15.933333333333334,15.0,0,37
libstudy,MOTO,FGSM,0.7,FGSM,0.8,15.933333333333334,15.0,0,37
libstudy,MOTO,FGSM,0.7,FGSM,0.9,15.933333333333334,15.0,0,37
libstudy,MOTO,FGSM,0.7,FGSM,1.0,15.933333333333334,15.0,0,37
libstudy,OP3,FGSM,0.7,FGSM,0.1,15.933333333333334,15.0,0,37
libstudy,OP3,FGSM,0.7,FGSM,0.2,15.933333333333334,15.0,0,37
libstudy,OP3,FGSM,0.7,FGSM,0.3,15.933333333333334,15.0,0,37
libstudy,OP3,FGSM,0.7,FGSM,0.4,15.933333333333334,15.0,0,37
libstudy,OP3,FGSM,0.7,FGSM,0.5,15.933333333333334,15.0,0,37
libstudy,OP3,FGSM,0.7,FGSM,0.6,15.933333333333334,15.0,0,37
libstudy,OP3,FGSM,0.7,FGSM,0.7,15.933333333333334,15.0,0,37
libstudy,OP3,FGSM,0.7,FGSM,0.8,15.933333333333334,15.0,0,37
libstudy,OP3,FGSM,0.7,FGSM,0.9,15.933333333333334,15.0,0,37
libstudy,OP3,FGSM,0.7,FGSM,1.0,15.933333333333334,15.0,0,37
libstudy,S7,FGSM,0.7,FGSM,0.1,15.933333333333334,15.0,0,37
libstudy,S7,FGSM,0.7,FGSM,0.2,15.933333333333334,15.0,0,37
libstudy,S7,FGSM,0.7,FGSM,0.3,15.933333333333334,15.0,0,37
libstudy,S7,FGSM,0.7,FGSM,0.4,15.933333333333334,15.0,0,37
libstudy,S7,FGSM,0.7,FGSM,0.5,15.933333333333334,15.0,0,37
libstudy,S7,FGSM,0.7,FGSM,0.6,15.933333333333334,15.0,0,37
libstudy,S7,FGSM,0.7,FGSM,0.7,15.933333333333334,15.0,0,37
libstudy,S7,FGSM,0.7,FGSM,0.8,15.933333333333334,15.0,0,37
libstudy,S7,FGSM,0.7,FGSM,0.9,15.933333333333334,15.0,0,37
libstudy,S7,FGSM,0.7,FGSM,1.0,15.933333333333334,15.0,0,37
libstudy,BLU,FGSM,0.8,FGSM,0.1,24.2,23.5,0,53
libstudy,BLU,FGSM,0.8,FGSM,0.2,24.2,23.5,0,53
libstudy,BLU,FGSM,0.8,FGSM,0.3,24.2,23.5,0,53
libstudy,BLU,FGSM,0.8,FGSM,0.4,24.2,23.5,0,53
libstudy,BLU,FGSM,0.8,FGSM,0.5,24.2,23.5,0,53
libstudy,BLU,FGSM,0.8,FGSM,0.6,24.2,23.5,0,53
libstudy,BLU,FGSM,0.8,FGSM,0.7,24.2,23.5,0,53
libstudy,BLU,FGSM,0.8,FGSM,0.8,24.2,23.5,0,53
libstudy,BLU,FGSM,0.8,FGSM,0.9,24.2,23.5,0,53
libstudy,BLU,FGSM,0.8,FGSM,1.0,24.2,23.5,0,53
libstudy,HTC,FGSM,0.8,FGSM,0.1,24.2,23.5,0,53
libstudy,HTC,FGSM,0.8,FGSM,0.2,24.2,23.5,0,53
libstudy,HTC,FGSM,0.8,FGSM,0.3,24.2,23.5,0,53
libstudy,HTC,FGSM,0.8,FGSM,0.4,24.2,23.5,0,53
libstudy,HTC,FGSM,0.8,FGSM,0.5,24.2,23.5,0,53
libstudy,HTC,FGSM,0.8,FGSM,0.6,24.2,23.5,0,53
libstudy,HTC,FGSM,0.8,FGSM,0.7,24.2,23.5,0,53
libstudy,HTC,FGSM,0.8,FGSM,0.8,24.2,23.5,0,53
libstudy,HTC,FGSM,0.8,FGSM,0.9,24.2,23.5,0,53
libstudy,HTC,FGSM,0.8,FGSM,1.0,24.2,23.5,0,53
libstudy,LG,FGSM,0.8,FGSM,0.1,24.2,23.5,0,53
libstudy,LG,FGSM,0.8,FGSM,0.2,24.2,23.5,0,53
libstudy,LG,FGSM,0.8,FGSM,0.3,24.2,23.5,0,53
libstudy,LG,FGSM,0.8,FGSM,0.4,24.2,23.5,0,53
libstudy,LG,FGSM,0.8,FGSM,0.5,24.2,23.5,0,53
libstudy,LG,FGSM,0.8,FGSM,0.6,24.2,23.5,0,53
libstudy,LG,FGSM,0.8,FGSM,0.7,24.2,23.5,0,53
libstudy,LG,FGSM,0.8,FGSM,0.8,24.2,23.5,0,53
libstudy,LG,FGSM,0.8,FGSM,0.9,24.2,23.5,0,53
libstudy,LG,FGSM,0.8,FGSM,1.0,24.2,23.5,0,53
libstudy,MOTO,FGSM,0.8,FGSM,0.1,24.2,23.5,0,53
libstudy,MOTO,FGSM,0.8,FGSM,0.2,24.2,23.5,0,53
libstudy,MOTO,FGSM,0.8,FGSM,0.3,24.2,23.5,0,53
libstudy,MOTO,FGSM,0.8,FGSM,0.4,24.2,23.5,0,53
libstudy,MOTO,FGSM,0.8,FGSM,0.5,24.2,23.5,0,53
libstudy,MOTO,FGSM,0.8,FGSM,0.6,24.2,23.5,0,53
libstudy,MOTO,FGSM,0.8,FGSM,0.7,24.2,23.5,0,53
libstudy,MOTO,FGSM,0.8,FGSM,0.8,24.2,23.5,0,53
libstudy,MOTO,FGSM,0.8,FGSM,0.9,24.2,23.5,0,53
libstudy,MOTO,FGSM,0.8,FGSM,1.0,24.2,23.5,0,53
libstudy,OP3,FGSM,0.8,FGSM,0.1,24.2,23.5,0,53
libstudy,OP3,FGSM,0.8,FGSM,0.2,24.2,23.5,0,53
libstudy,OP3,FGSM,0.8,FGSM,0.3,24.2,23.5,0,53
libstudy,OP3,FGSM,0.8,FGSM,0.4,24.2,23.5,0,53
libstudy,OP3,FGSM,0.8,FGSM,0.5,24.2,23.5,0,53
libstudy,OP3,FGSM,0.8,FGSM,0.6,24.2,23.5,0,53
libstudy,OP3,FGSM,0.8,FGSM,0.7,24.2,23.5,0,53
libstudy,OP3,FGSM,0.8,FGSM,0.8,24.2,23.5,0,53
libstudy,OP3,FGSM,0.8,FGSM,0.9,24.2,23.5,0,53
libstudy,OP3,FGSM,0.8,FGSM,1.0,24.2,23.5,0,53
libstudy,S7,FGSM,0.8,FGSM,0.1,24.2,23.5,0,53
libstudy,S7,FGSM,0.8,FGSM,0.2,24.2,23.5,0,53
libstudy,S7,FGSM,0.8,FGSM,0.3,24.2,23.5,0,53
libstudy,S7,FGSM,0.8,FGSM,0.4,24.2,23.5,0,53
libstudy,S7,FGSM,0.8,FGSM,0.5,24.2,23.5,0,53
libstudy,S7,FGSM,0.8,FGSM,0.6,24.2,23.5,0,53
libstudy,S7,FGSM,0.8,FGSM,0.7,24.2,23.5,0,53
libstudy,S7,FGSM,0.8,FGSM,0.8,24.2,23.5,0,53
libstudy,S7,FGSM,0.8,FGSM,0.9,24.2,23.5,0,53
libstudy,S7,FGSM,0.8,FGSM,1.0,24.2,23.5,0,53
libstudy,BLU,FGSM,0.9,FGSM,0.1,25.0,24.5,0,54
libstudy,BLU,FGSM,0.9,FGSM,0.2,25.0,24.5,0,54
libstudy,BLU,FGSM,0.9,FGSM,0.3,25.0,24.5,0,54
libstudy,BLU,FGSM,0.9,FGSM,0.4,25.0,24.5,0,54
libstudy,BLU,FGSM,0.9,FGSM,0.5,25.0,24.5,0,54
libstudy,BLU,FGSM,0.9,FGSM,0.6,25.0,24.5,0,54
libstudy,BLU,FGSM,0.9,FGSM,0.7,25.0,24.5,0,54
libstudy,BLU,FGSM,0.9,FGSM,0.8,25.0,24.5,0,54
libstudy,BLU,FGSM,0.9,FGSM,0.9,25.0,24.5,0,54
libstudy,BLU,FGSM,0.9,FGSM,1.0,25.0,24.5,0,54
libstudy,HTC,FGSM,0.9,FGSM,0.1,25.0,24.5,0,54
libstudy,HTC,FGSM,0.9,FGSM,0.2,25.0,24.5,0,54
libstudy,HTC,FGSM,0.9,FGSM,0.3,25.0,24.5,0,54
libstudy,HTC,FGSM,0.9,FGSM,0.4,25.0,24.5,0,54
libstudy,HTC,FGSM,0.9,FGSM,0.5,25.0,24.5,0,54
libstudy,HTC,FGSM,0.9,FGSM,0.6,25.0,24.5,0,54
libstudy,HTC,FGSM,0.9,FGSM,0.7,25.0,24.5,0,54
libstudy,HTC,FGSM,0.9,FGSM,0.8,25.0,24.5,0,54
libstudy,HTC,FGSM,0.9,FGSM,0.9,25.0,24.5,0,54
libstudy,HTC,FGSM,0.9,FGSM,1.0,25.0,24.5,0,54
libstudy,LG,FGSM,0.9,FGSM,0.1,25.0,24.5,0,54
libstudy,LG,FGSM,0.9,FGSM,0.2,25.0,24.5,0,54
libstudy,LG,FGSM,0.9,FGSM,0.3,25.0,24.5,0,54
libstudy,LG,FGSM,0.9,FGSM,0.4,25.0,24.5,0,54
libstudy,LG,FGSM,0.9,FGSM,0.5,25.0,24.5,0,54
libstudy,LG,FGSM,0.9,FGSM,0.6,25.0,24.5,0,54
libstudy,LG,FGSM,0.9,FGSM,0.7,25.0,24.5,0,54
libstudy,LG,FGSM,0.9,FGSM,0.8,25.0,24.5,0,54
libstudy,LG,FGSM,0.9,FGSM,0.9,25.0,24.5,0,54
libstudy,LG,FGSM,0.9,FGSM,1.0,25.0,24.5,0,54
libstudy,MOTO,FGSM,0.9,FGSM,0.1,25.0,24.5,0,54
libstudy,MOTO,FGSM,0.9,FGSM,0.2,25.0,24.5,0,54
libstudy,MOTO,FGSM,0.9,FGSM,0.3,25.0,24.5,0,54
libstudy,MOTO,FGSM,0.9,FGSM,0.4,25.0,24.5,0,54
libstudy,MOTO,FGSM,0.9,FGSM,0.5,25.0,24.5,0,54
libstudy,MOTO,FGSM,0.9,FGSM,0.6,25.0,24.5,0,54
libstudy,MOTO,FGSM,0.9,FGSM,0.7,25.0,24.5,0,54
libstudy,MOTO,FGSM,0.9,FGSM,0.8,25.0,24.5,0,54
libstudy,MOTO,FGSM,0.9,FGSM,0.9,25.0,24.5,0,54
libstudy,MOTO,FGSM,0.9,FGSM,1.0,25.0,24.5,0,54
libstudy,OP3,FGSM,0.9,FGSM,0.1,25.0,24.5,0,54
libstudy,OP3,FGSM,0.9,FGSM,0.2,25.0,24.5,0,54
libstudy,OP3,FGSM,0.9,FGSM,0.3,25.0,24.5,0,54
libstudy,OP3,FGSM,0.9,FGSM,0.4,25.0,24.5,0,54
libstudy,OP3,FGSM,0.9,FGSM,0.5,25.0,24.5,0,54
libstudy,OP3,FGSM,0.9,FGSM,0.6,25.0,24.5,0,54
libstudy,OP3,FGSM,0.9,FGSM,0.7,25.0,24.5,0,54
libstudy,OP3,FGSM,0.9,FGSM,0.8,25.0,24.5,0,54
libstudy,OP3,FGSM,0.9,FGSM,0.9,25.0,24.5,0,54
libstudy,OP3,FGSM,0.9,FGSM,1.0,25.0,24.5,0,54
libstudy,S7,FGSM,0.9,FGSM,0.1,25.0,24.5,0,54
libstudy,S7,FGSM,0.9,FGSM,0.2,25.0,24.5,0,54
libstudy,S7,FGSM,0.9,FGSM,0.3,25.0,24.5,0,54
libstudy,S7,FGSM,0.9,FGSM,0.4,25.0,24.5,0,54
libstudy,S7,FGSM,0.9,FGSM,0.5,25.0,24.5,0,54
libstudy,S7,FGSM,0.9,FGSM,0.6,25.0,24.5,0,54
libstudy,S7,FGSM,0.9,FGSM,0.7,25.0,24.5,0,54
libstudy,S7,FGSM,0.9,FGSM,0.8,25.0,24.5,0,54
libstudy,S7,FGSM,0.9,FGSM,0.9,25.0,24.5,0,54
libstudy,S7,FGSM,0.9,FGSM,1.0,25.0,24.5,0,54
libstudy,BLU,FGSM,1.0,FGSM,0.1,29.5,29.5,0,59
libstudy,BLU,FGSM,1.0,FGSM,0.2,29.5,29.5,0,59
libstudy,BLU,FGSM,1.0,FGSM,0.3,29.5,29.5,0,59
libstudy,BLU,FGSM,1.0,FGSM,0.4,29.5,29.5,0,59
libstudy,BLU,FGSM,1.0,FGSM,0.5,29.5,29.5,0,59
libstudy,BLU,FGSM,1.0,FGSM,0.6,29.5,29.5,0,59
libstudy,BLU,FGSM,1.0,FGSM,0.7,29.5,29.5,0,59
libstudy,BLU,FGSM,1.0,FGSM,0.8,29.5,29.5,0,59
libstudy,BLU,FGSM,1.0,FGSM,0.9,29.5,29.5,0,59
libstudy,BLU,FGSM,1.0,FGSM,1.0,29.5,29.5,0,59
libstudy,HTC,FGSM,1.0,FGSM,0.1,29.5,29.5,0,59
libstudy,HTC,FGSM,1.0,FGSM,0.2,29.5,29.5,0,59
libstudy,HTC,FGSM,1.0,FGSM,0.3,29.5,29.5,0,59
libstudy,HTC,FGSM,1.0,FGSM,0.4,29.5,29.5,0,59
libstudy,HTC,FGSM,1.0,FGSM,0.5,29.5,29.5,0,59
libstudy,HTC,FGSM,1.0,FGSM,0.6,29.5,29.5,0,59
libstudy,HTC,FGSM,1.0,FGSM,0.7,29.5,29.5,0,59
libstudy,HTC,FGSM,1.0,FGSM,0.8,29.5,29.5,0,59
libstudy,HTC,FGSM,1.0,FGSM,0.9,29.5,29.5,0,59
libstudy,HTC,FGSM,1.0,FGSM,1.0,29.5,29.5,0,59
libstudy,LG,FGSM,1.0,FGSM,0.1,29.5,29.5,0,59
libstudy,LG,FGSM,1.0,FGSM,0.2,29.5,29.5,0,59
libstudy,LG,FGSM,1.0,FGSM,0.3,29.5,29.5,0,59
libstudy,LG,FGSM,1.0,FGSM,0.4,29.5,29.5,0,59
libstudy,LG,FGSM,1.0,FGSM,0.5,29.5,29.5,0,59
libstudy,LG,FGSM,1.0,FGSM,0.6,29.5,29.5,0,59
libstudy,LG,FGSM,1.0,FGSM,0.7,29.5,29.5,0,59
libstudy,LG,FGSM,1.0,FGSM,0.8,29.5,29.5,0,59
libstudy,LG,FGSM,1.0,FGSM,0.9,29.5,29.5,0,59
libstudy,LG,FGSM,1.0,FGSM,1.0,29.5,29.5,0,59
libstudy,MOTO,FGSM,1.0,FGSM,0.1,29.5,29.5,0,59
libstudy,MOTO,FGSM,1.0,FGSM,0.2,29.5,29.5,0,59
libstudy,MOTO,FGSM,1.0,FGSM,0.3,29.5,29.5,0,59
libstudy,MOTO,FGSM,1.0,FGSM,0.4,29.5,29.5,0,59
libstudy,MOTO,FGSM,1.0,FGSM,0.5,29.5,29.5,0,59
libstudy,MOTO,FGSM,1.0,FGSM,0.6,29.5,29.5,0,59
libstudy,MOTO,FGSM,1.0,FGSM,0.7,29.5,29.5,0,59
libstudy,MOTO,FGSM,1.0,FGSM,0.8,29.5,29.5,0,59
libstudy,MOTO,FGSM,1.0,FGSM,0.9,29.5,29.5,0,59
libstudy,MOTO,FGSM,1.0,FGSM,1.0,29.5,29.5,0,59
libstudy,OP3,FGSM,1.0,FGSM,0.1,29.5,29.5,0,59
libstudy,OP3,FGSM,1.0,FGSM,0.2,29.5,29.5,0,59
libstudy,OP3,FGSM,1.0,FGSM,0.3,29.5,29.5,0,59
libstudy,OP3,FGSM,1.0,FGSM,0.4,29.5,29.5,0,59
libstudy,OP3,FGSM,1.0,FGSM,0.5,29.5,29.5,0,59
libstudy,OP3,FGSM,1.0,FGSM,0.6,29.5,29.5,0,59
libstudy,OP3,FGSM,1.0,FGSM,0.7,29.5,29.5,0,59
libstudy,OP3,FGSM,1.0,FGSM,0.8,29.5,29.5,0,59
libstudy,OP3,FGSM,1.0,FGSM,0.9,29.5,29.5,0,59
libstudy,OP3,FGSM,1.0,FGSM,1.0,29.5,29.5,0,59
libstudy,S7,FGSM,1.0,FGSM,0.1,29.5,29.5,0,59
libstudy,S7,FGSM,1.0,FGSM,0.2,29.5,29.5,0,59
libstudy,S7,FGSM,1.0,FGSM,0.3,29.5,29.5,0,59
libstudy,S7,FGSM,1.0,FGSM,0.4,29.5,29.5,0,59
libstudy,S7,FGSM,1.0,FGSM,0.5,29.5,29.5,0,59
libstudy,S7,FGSM,1.0,FGSM,0.6,29.5,29.5,0,59
libstudy,S7,FGSM,1.0,FGSM,0.7,29.5,29.5,0,59
libstudy,S7,FGSM,1.0,FGSM,0.8,29.5,29.5,0,59
libstudy,S7,FGSM,1.0,FGSM,0.9,29.5,29.5,0,59
libstudy,S7,FGSM,1.0,FGSM,1.0,29.5,29.5,0,59
libstudy,BLU,PGD,0.1,FGSM,0.1,15.333333333333334,15.0,0,34
libstudy,BLU,PGD,0.1,FGSM,0.2,15.333333333333334,15.0,0,34
libstudy,BLU,PGD,0.1,FGSM,0.3,15.333333333333334,15.0,0,34
libstudy,BLU,PGD,0.1,FGSM,0.4,15.333333333333334,15.0,0,34
libstudy,BLU,PGD,0.1,FGSM,0.5,15.333333333333334,15.0,0,34
libstudy,BLU,PGD,0.1,FGSM,0.6,15.333333333333334,15.0,0,34
libstudy,BLU,PGD,0.1,FGSM,0.7,15.333333333333334,15.0,0,34
libstudy,BLU,PGD,0.1,FGSM,0.8,15.333333333333334,15.0,0,34
libstudy,BLU,PGD,0.1,FGSM,0.9,15.333333333333334,15.0,0,34
libstudy,BLU,PGD,0.1,FGSM,1.0,15.333333333333334,15.0,0,34
libstudy,HTC,PGD,0.1,FGSM,0.1,15.333333333333334,15.0,0,34
libstudy,HTC,PGD,0.1,FGSM,0.2,15.333333333333334,15.0,0,34
libstudy,HTC,PGD,0.1,FGSM,0.3,15.333333333333334,15.0,0,34
libstudy,HTC,PGD,0.1,FGSM,0.4,15.333333333333334,15.0,0,34
libstudy,HTC,PGD,0.1,FGSM,0.5,15.333333333333334,15.0,0,34
libstudy,HTC,PGD,0.1,FGSM,0.6,15.333333333333334,15.0,0,34
libstudy,HTC,PGD,0.1,FGSM,0.7,15.333333333333334,15.0,0,34
libstudy,HTC,PGD,0.1,FGSM,0.8,15.333333333333334,15.0,0,34
libstudy,HTC,PGD,0.1,FGSM,0.9,15.333333333333334,15.0,0,34
libstudy,HTC,PGD,0.1,FGSM,1.0,15.333333333333334,15.0,0,34
libstudy,LG,PGD,0.1,FGSM,0.1,15.333333333333334,15.0,0,34
libstudy,LG,PGD,0.1,FGSM,0.2,15.333333333333334,15.0,0,34
libstudy,LG,PGD,0.1,FGSM,0.3,15.333333333333334,15.0,0,34
libstudy,LG,PGD,0.1,FGSM,0.4,15.333333333333334,15.0,0,34
libstudy,LG,PGD,0.1,FGSM,0.5,15.333333333333334,15.0,0,34
libstudy,LG,PGD,0.1,FGSM,0.6,15.333333333333334,15.0,0,34
libstudy,LG,PGD,0.1,FGSM,0.7,15.333333333333334,15.0,0,34
libstudy,LG,PGD,0.1,FGSM,0.8,15.333333333333334,15.0,0,34
libstudy,LG,PGD,0.1,FGSM,0.9,15.333333333333334,15.0,0,34
libstudy,LG,PGD,0.1,FGSM,1.0,15.333333333333334,15.0,0,34
libstudy,MOTO,PGD,0.1,FGSM,0.1,15.333333333333334,15.0,0,34
libstudy,MOTO,PGD,0.1,FGSM,0.2,15.333333333333334,15.0,0,34
libstudy,MOTO,PGD,0.1,FGSM,0.3,15.333333333333334,15.0,0,34
libstudy,MOTO,PGD,0.1,FGSM,0.4,15.333333333333334,15.0,0,34
libstudy,MOTO,PGD,0.1,FGSM,0.5,15.333333333333334,15.0,0,34
libstudy,MOTO,PGD,0.1,FGSM,0.6,15.333333333333334,15.0,0,34
libstudy,MOTO,PGD,0.1,FGSM,0.7,15.333333333333334,15.0,0,34
libstudy,MOTO,PGD,0.1,FGSM,0.8,15.333333333333334,15.0,0,34
libstudy,MOTO,PGD,0.1,FGSM,0.9,15.333333333333334,15.0,0,34
libstudy,MOTO,PGD,0.1,FGSM,1.0,15.333333333333334,15.0,0,34
libstudy,OP3,PGD,0.1,FGSM,0.1,15.333333333333334,15.0,0,34
libstudy,OP3,PGD,0.1,FGSM,0.2,15.333333333333334,15.0,0,34
libstudy,OP3,PGD,0.1,FGSM,0.3,15.333333333333334,15.0,0,34
libstudy,OP3,PGD,0.1,FGSM,0.4,15.333333333333334,15.0,0,34
libstudy,OP3,PGD,0.1,FGSM,0.5,15.333333333333334,15.0,0,34
libstudy,OP3,PGD,0.1,FGSM,0.6,15.333333333333334,15.0,0,34
libstudy,OP3,PGD,0.1,FGSM,0.7,15.333333333333334,15.0,0,34
libstudy,OP3,PGD,0.1,FGSM,0.8,15.333333333333334,15.0,0,34
libstudy,OP3,PGD,0.1,FGSM,0.9,15.333333333333334,15.0,0,34
libstudy,OP3,PGD,0.1,FGSM,1.0,15.333333333333334,15.0,0,34
libstudy,S7,PGD,0.1,FGSM,0.1,15.333333333333334,15.0,0,34
libstudy,S7,PGD,0.1,FGSM,0.2,15.333333333333334,15.0,0,34
libstudy,S7,PGD,0.1,FGSM,0.3,15.333333333333334,15.0,0,34
libstudy,S7,PGD,0.1,FGSM,0.4,15.333333333333334,15.0,0,34
libstudy,S7,PGD,0.1,FGSM,0.5,15.333333333333334,15.0,0,34
libstudy,S7,PGD,0.1,FGSM,0.6,15.333333333333334,15.0,0,34
libstudy,S7,PGD,0.1,FGSM,0.7,15.333333333333334,15.0,0,34
libstudy,S7,PGD,0.1,FGSM,0.8,15.333333333333334,15.0,0,34
libstudy,S7,PGD,0.1,FGSM,0.9,15.333333333333334,15.0,0,34
libstudy,S7,PGD,0.1,FGSM,1.0,15.333333333333334,15.0,0,34
libstudy,BLU,PGD,0.2,FGSM,0.1,25.833333333333332,25.5,0,55
libstudy,BLU,PGD,0.2,FGSM,0.2,27.583333333333332,27.5,0,57
libstudy,BLU,PGD,0.2,FGSM,0.3,20.7,18.5,0,48
libstudy,BLU,PGD,0.2,FGSM,0.4,20.7,18.5,0,48
libstudy,BLU,PGD,0.2,FGSM,0.5,20.7,18.5,0,48
libstudy,BLU,PGD,0.2,FGSM,0.6,20.7,18.5,0,48
libstudy,BLU,PGD,0.2,FGSM,0.7,20.7,18.5,0,48
libstudy,BLU,PGD,0.2,FGSM,0.8,20.7,18.5,0,48
libstudy,BLU,PGD,0.2,FGSM,0.9,20.7,18.5,0,48
libstudy,BLU,PGD,0.2,FGSM,1.0,16.833333333333332,15.0,0,40
libstudy,HTC,PGD,0.2,FGSM,0.1,25.833333333333332,25.5,0,55
libstudy,HTC,PGD,0.2,FGSM,0.2,25.833333333333332,25.5,0,55
libstudy,HTC,PGD,0.2,FGSM,0.3,25.833333333333332,25.5,0,55
libstudy,HTC,PGD,0.2,FGSM,0.4,25.833333333333332,25.5,0,55
libstudy,HTC,PGD,0.2,FGSM,0.5,25.833333333333332,25.5,0,55
libstudy,HTC,PGD,0.2,FGSM,0.6,25.833333333333332,25.5,0,55
libstudy,HTC,PGD,0.2,FGSM,0.7,27.6,27.5,0,57
libstudy,HTC,PGD,0.2,FGSM,0.8,20.7,18.5,0,48
libstudy,HTC,PGD,0.2,FGSM,0.9,20.7,18.5,0,48
libstudy,HTC,PGD,0.2,FGSM,1.0,20.7,18.5,0,48
libstudy,LG,PGD,0.2,FGSM,0.1,16.833333333333332,15.0,0,40
libstudy,LG,PGD,0.2,FGSM,0.2,16.833333333333332,15.0,0,40
libstudy,LG,PGD,0.2,FGSM,0.3,16.833333333333332,15.0,0,40
libstudy,LG,PGD,0.2,FGSM,0.4,16.833333333333332,15.0,0,40
libstudy,LG,PGD,0.2,FGSM,0.5,20.7,18.5,0,48
libstudy,LG,PGD,0.2,FGSM,0.6,20.7,18.5,0,48
libstudy,LG,PGD,0.2,FGSM,0.7,20.7,18.5,0,48
libstudy,LG,PGD,0.2,FGSM,0.8,20.7,18.5,0,48
libstudy,LG,PGD,0.2,FGSM,0.9,20.7,18.5,0,48
libstudy,LG,PGD,0.2,FGSM,1.0,19.75,16.5,0,48
libstudy,MOTO,PGD,0.2,FGSM,0.1,17.4,16.5,0,40
libstudy,MOTO,PGD,0.2,FGSM,0.2,20.7,18.5,0,48
libstudy,MOTO,PGD,0.2,FGSM,0.3,20.7,18.5,0,48
libstudy,MOTO,PGD,0.2,FGSM,0.4,20.7,18.5,0,48
libstudy,MOTO,PGD,0.2,FGSM,0.5,20.7,18.5,0,48
libstudy,MOTO,PGD,0.2,FGSM,0.6,20.7,18.5,0,48
libstudy,MOTO,PGD,0.2,FGSM,0.7,20.7,18.5,0,48
libstudy,MOTO,PGD,0.2,FGSM,0.8,20.7,18.5,0,48
libstudy,MOTO,PGD,0.2,FGSM,0.9,27.6,27.5,0,57
libstudy,MOTO,PGD,0.2,FGSM,1.0,25.833333333333332,25.5,0,55
libstudy,OP3,PGD,0.2,FGSM,0.1,27.6,27.5,0,57
libstudy,OP3,PGD,0.2,FGSM,0.2,27.6,27.5,0,57
libstudy,OP3,PGD,0.2,FGSM,0.3,27.6,27.5,0,57
libstudy,OP3,PGD,0.2,FGSM,0.4,27.6,27.5,0,57
libstudy,OP3,PGD,0.2,FGSM,0.5,27.616666666666667,27.5,0,57
libstudy,OP3,PGD,0.2,FGSM,0.6,27.316666666666666,27.5,0,57
libstudy,OP3,PGD,0.2,FGSM,0.7,25.933333333333334,25.5,0,55
libstudy,OP3,PGD,0.2,FGSM,0.8,25.833333333333332,25.5,0,55
libstudy,OP3,PGD,0.2,FGSM,0.9,25.833333333333332,25.5,0,55
libstudy,OP3,PGD,0.2,FGSM,1.0,25.833333333333332,25.5,0,55
libstudy,S7,PGD,0.2,FGSM,0.1,25.833333333333332,25.5,0,55
libstudy,S7,PGD,0.2,FGSM,0.2,25.833333333333332,25.5,0,55
libstudy,S7,PGD,0.2,FGSM,0.3,25.833333333333332,25.5,0,55
libstudy,S7,PGD,0.2,FGSM,0.4,25.833333333333332,25.5,0,55
libstudy,S7,PGD,0.2,FGSM,0.5,25.833333333333332,25.5,0,55
libstudy,S7,PGD,0.2,FGSM,0.6,27.6,27.5,0,57
libstudy,S7,PGD,0.2,FGSM,0.7,20.7,18.5,0,48
libstudy,S7,PGD,0.2,FGSM,0.8,20.7,18.5,0,48
libstudy,S7,PGD,0.2,FGSM,0.9,20.7,18.5,0,48
libstudy,S7,PGD,0.2,FGSM,1.0,20.7,18.5,0,48
libstudy,BLU,PGD,0.3,FGSM,0.1,15.2,15.0,0,33
libstudy,BLU,PGD,0.3,FGSM,0.2,15.2,15.0,0,33
libstudy,BLU,PGD,0.3,FGSM,0.3,15.2,15.0,0,33
libstudy,BLU,PGD,0.3,FGSM,0.4,15.2,15.0,0,33
libstudy,BLU,PGD,0.3,FGSM,0.5,15.2,15.0,0,33
libstudy,BLU,PGD,0.3,FGSM,0.6,15.2,15.0,0,33
libstudy,BLU,PGD,0.3,FGSM,0.7,15.2,15.0,0,33
libstudy,BLU,PGD,0.3,FGSM,0.8,15.2,15.0,0,33
libstudy,BLU,PGD,0.3,FGSM,0.9,15.2,15.0,0,33
libstudy,BLU,PGD,0.3,FGSM,1.0,15.2,15.0,0,33
libstudy,HTC,PGD,0.3,FGSM,0.1,15.2,15.0,0,33
libstudy,HTC,PGD,0.3,FGSM,0.2,15.2,15.0,0,33
libstudy,HTC,PGD,0.3,FGSM,0.3,15.2,15.0,0,33
libstudy,HTC,PGD,0.3,FGSM,0.4,15.2,15.0,0,33
libstudy,HTC,PGD,0.3,FGSM,0.5,15.2,15.0,0,33
libstudy,HTC,PGD,0.3,FGSM,0.6,15.2,15.0,0,33
libstudy,HTC,PGD,0.3,FGSM,0.7,15.2,15.0,0,33
libstudy,HTC,PGD,0.3,FGSM,0.8,15.2,15.0,0,33
libstudy,HTC,PGD,0.3,FGSM,0.9,15.2,15.0,0,33
libstudy,HTC,PGD,0.3,FGSM,1.0,15.2,15.0,0,33
libstudy,LG,PGD,0.3,FGSM,0.1,15.2,15.0,0,33
libstudy,LG,PGD,0.3,FGSM,0.2,15.2,15.0,0,33
libstudy,LG,PGD,0.3,FGSM,0.3,15.2,15.0,0,33
libstudy,LG,PGD,0.3,FGSM,0.4,15.2,15.0,0,33
libstudy,LG,PGD,0.3,FGSM,0.5,15.2,15.0,0,33
libstudy,LG,PGD,0.3,FGSM,0.6,15.2,15.0,0,33
libstudy,LG,PGD,0.3,FGSM,0.7,15.2,15.0,0,33
libstudy,LG,PGD,0.3,FGSM,0.8,15.2,15.0,0,33
libstudy,LG,PGD,0.3,FGSM,0.9,15.2,15.0,0,33
libstudy,LG,PGD,0.3,FGSM,1.0,15.2,15.0,0,33
libstudy,MOTO,PGD,0.3,FGSM,0.1,15.2,15.0,0,33
libstudy,MOTO,PGD,0.3,FGSM,0.2,15.2,15.0,0,33
libstudy,MOTO,PGD,0.3,FGSM,0.3,15.2,15.0,0,33
libstudy,MOTO,PGD,0.3,FGSM,0.4,15.2,15.0,0,33
libstudy,MOTO,PGD,0.3,FGSM,0.5,15.2,15.0,0,33
libstudy,MOTO,PGD,0.3,FGSM,0.6,15.2,15.0,0,33
libstudy,MOTO,PGD,0.3,FGSM,0.7,15.2,15.0,0,33
libstudy,MOTO,PGD,0.3,FGSM,0.8,15.2,15.0,0,33
libstudy,MOTO,PGD,0.3,FGSM,0.9,15.2,15.0,0,33
libstudy,MOTO,PGD,0.3,FGSM,1.0,15.2,15.0,0,33
libstudy,OP3,PGD,0.3,FGSM,0.1,15.2,15.0,0,33
libstudy,OP3,PGD,0.3,FGSM,0.2,15.2,15.0,0,33
libstudy,OP3,PGD,0.3,FGSM,0.3,15.2,15.0,0,33
libstudy,OP3,PGD,0.3,FGSM,0.4,15.2,15.0,0,33
libstudy,OP3,PGD,0.3,FGSM,0.5,15.2,15.0,0,33
libstudy,OP3,PGD,0.3,FGSM,0.6,15.2,15.0,0,33
libstudy,OP3,PGD,0.3,FGSM,0.7,15.2,15.0,0,33
libstudy,OP3,PGD,0.3,FGSM,0.8,15.2,15.0,0,33
libstudy,OP3,PGD,0.3,FGSM,0.9,15.2,15.0,0,33
libstudy,OP3,PGD,0.3,FGSM,1.0,15.2,15.0,0,33
libstudy,S7,PGD,0.3,FGSM,0.1,15.2,15.0,0,33
libstudy,S7,PGD,0.3,FGSM,0.2,15.2,15.0,0,33
libstudy,S7,PGD,0.3,FGSM,0.3,15.2,15.0,0,33
libstudy,S7,PGD,0.3,FGSM,0.4,15.2,15.0,0,33
libstudy,S7,PGD,0.3,FGSM,0.5,15.2,15.0,0,33
libstudy,S7,PGD,0.3,FGSM,0.6,15.2,15.0,0,33
libstudy,S7,PGD,0.3,FGSM,0.7,15.2,15.0,0,33
libstudy,S7,PGD,0.3,FGSM,0.8,15.2,15.0,0,33
libstudy,S7,PGD,0.3,FGSM,0.9,15.2,15.0,0,33
libstudy,S7,PGD,0.3,FGSM,1.0,15.2,15.0,0,33
libstudy,BLU,PGD,0.4,FGSM,0.1,16.833333333333332,15.0,0,40
libstudy,BLU,PGD,0.4,FGSM,0.2,16.833333333333332,15.0,0,40
libstudy,BLU,PGD,0.4,FGSM,0.3,16.833333333333332,15.0,0,40
libstudy,BLU,PGD,0.4,FGSM,0.4,16.833333333333332,15.0,0,40
libstudy,BLU,PGD,0.4,FGSM,0.5,16.833333333333332,15.0,0,40
libstudy,BLU,PGD,0.4,FGSM,0.6,16.833333333333332,15.0,0,40
libstudy,BLU,PGD,0.4,FGSM,0.7,16.833333333333332,15.0,0,40
libstudy,BLU,PGD,0.4,FGSM,0.8,16.833333333333332,15.0,0,40
libstudy,BLU,PGD,0.4,FGSM,0.9,16.833333333333332,15.0,0,40
libstudy,BLU,PGD,0.4,FGSM,1.0,16.833333333333332,15.0,0,40
libstudy,HTC,PGD,0.4,FGSM,0.1,16.833333333333332,15.0,0,40
libstudy,HTC,PGD,0.4,FGSM,0.2,16.833333333333332,15.0,0,40
libstudy,HTC,PGD,0.4,FGSM,0.3,16.833333333333332,15.0,0,40
libstudy,HTC,PGD,0.4,FGSM,0.4,16.833333333333332,15.0,0,40
libstudy,HTC,PGD,0.4,FGSM,0.5,16.833333333333332,15.0,0,40
libstudy,HTC,PGD,0.4,FGSM,0.6,16.833333333333332,15.0,0,40
libstudy,HTC,PGD,0.4,FGSM,0.7,16.833333333333332,15.0,0,40
libstudy,HTC,PGD,0.4,FGSM,0.8,16.833333333333332,15.0,0,40
libstudy,HTC,PGD,0.4,FGSM,0.9,16.833333333333332,15.0,0,40
libstudy,HTC,PGD,0.4,FGSM,1.0,16.833333333333332,15.0,0,40
libstudy,LG,PGD,0.4,FGSM,0.1,16.833333333333332,15.0,0,40
libstudy,LG,PGD,0.4,FGSM,0.2,16.833333333333332,15.0,0,40
libstudy,LG,PGD,0.4,FGSM,0.3,16.833333333333332,15.0,0,40
libstudy,LG,PGD,0.4,FGSM,0.4,16.833333333333332,15.0,0,40
libstudy,LG,PGD,0.4,FGSM,0.5,16.833333333333332,15.0,0,40
libstudy,LG,PGD,0.4,FGSM,0.6,16.833333333333332,15.0,0,40
libstudy,LG,PGD,0.4,FGSM,0.7,16.833333333333332,15.0,0,40
libstudy,LG,PGD,0.4,FGSM,0.8,16.833333333333332,15.0,0,40
libstudy,LG,PGD,0.4,FGSM,0.9,16.833333333333332,15.0,0,40
libstudy,LG,PGD,0.4,FGSM,1.0,16.833333333333332,15.0,0,40
libstudy,MOTO,PGD,0.4,FGSM,0.1,16.833333333333332,15.0,0,40
libstudy,MOTO,PGD,0.4,FGSM,0.2,16.833333333333332,15.0,0,40
libstudy,MOTO,PGD,0.4,FGSM,0.3,16.833333333333332,15.0,0,40
libstudy,MOTO,PGD,0.4,FGSM,0.4,16.833333333333332,15.0,0,40
libstudy,MOTO,PGD,0.4,FGSM,0.5,16.833333333333332,15.0,0,40
libstudy,MOTO,PGD,0.4,FGSM,0.6,16.833333333333332,15.0,0,40
libstudy,MOTO,PGD,0.4,FGSM,0.7,16.833333333333332,15.0,0,40
libstudy,MOTO,PGD,0.4,FGSM,0.8,16.833333333333332,15.0,0,40
libstudy,MOTO,PGD,0.4,FGSM,0.9,16.833333333333332,15.0,0,40
libstudy,MOTO,PGD,0.4,FGSM,1.0,16.833333333333332,15.0,0,40
libstudy,OP3,PGD,0.4,FGSM,0.1,16.833333333333332,15.0,0,40
libstudy,OP3,PGD,0.4,FGSM,0.2,16.833333333333332,15.0,0,40
libstudy,OP3,PGD,0.4,FGSM,0.3,16.833333333333332,15.0,0,40
libstudy,OP3,PGD,0.4,FGSM,0.4,16.833333333333332,15.0,0,40
libstudy,OP3,PGD,0.4,FGSM,0.5,16.833333333333332,15.0,0,40
libstudy,OP3,PGD,0.4,FGSM,0.6,16.833333333333332,15.0,0,40
libstudy,OP3,PGD,0.4,FGSM,0.7,16.833333333333332,15.0,0,40
libstudy,OP3,PGD,0.4,FGSM,0.8,16.833333333333332,15.0,0,40
libstudy,OP3,PGD,0.4,FGSM,0.9,16.833333333333332,15.0,0,40
libstudy,OP3,PGD,0.4,FGSM,1.0,16.833333333333332,15.0,0,40
libstudy,S7,PGD,0.4,FGSM,0.1,16.833333333333332,15.0,0,40
libstudy,S7,PGD,0.4,FGSM,0.2,16.833333333333332,15.0,0,40
libstudy,S7,PGD,0.4,FGSM,0.3,16.833333333333332,15.0,0,40
libstudy,S7,PGD,0.4,FGSM,0.4,16.833333333333332,15.0,0,40
libstudy,S7,PGD,0.4,FGSM,0.5,16.833333333333332,15.0,0,40
libstudy,S7,PGD,0.4,FGSM,0.6,16.833333333333332,15.0,0,40
libstudy,S7,PGD,0.4,FGSM,0.7,16.833333333333332,15.0,0,40
libstudy,S7,PGD,0.4,FGSM,0.8,16.833333333333332,15.0,0,40
libstudy,S7,PGD,0.4,FGSM,0.9,16.833333333333332,15.0,0,40
libstudy,S7,PGD,0.4,FGSM,1.0,16.833333333333332,15.0,0,40
libstudy,BLU,PGD,0.5,FGSM,0.1,15.0,15.0,0,30
libstudy,BLU,PGD,0.5,FGSM,0.2,15.0,15.0,0,30
libstudy,BLU,PGD,0.5,FGSM,0.3,15.0,15.0,0,30
libstudy,BLU,PGD,0.5,FGSM,0.4,15.0,15.0,0,30
libstudy,BLU,PGD,0.5,FGSM,0.5,15.0,15.0,0,30
libstudy,BLU,PGD,0.5,FGSM,0.6,15.0,15.0,0,30
libstudy,BLU,PGD,0.5,FGSM,0.7,15.0,15.0,0,30
libstudy,BLU,PGD,0.5,FGSM,0.8,15.0,15.0,0,30
libstudy,BLU,PGD,0.5,FGSM,0.9,15.0,15.0,0,30
libstudy,BLU,PGD,0.5,FGSM,1.0,15.0,15.0,0,30
libstudy,HTC,PGD,0.5,FGSM,0.1,15.0,15.0,0,30
libstudy,HTC,PGD,0.5,FGSM,0.2,15.0,15.0,0,30
libstudy,HTC,PGD,0.5,FGSM,0.3,15.0,15.0,0,30
libstudy,HTC,PGD,0.5,FGSM,0.4,15.0,15.0,0,30
libstudy,HTC,PGD,0.5,FGSM,0.5,15.0,15.0,0,30
libstudy,HTC,PGD,0.5,FGSM,0.6,15.0,15.0,0,30
libstudy,HTC,PGD,0.5,FGSM,0.7,15.0,15.0,0,30
libstudy,HTC,PGD,0.5,FGSM,0.8,15.0,15.0,0,30
libstudy,HTC,PGD,0.5,FGSM,0.9,15.0,15.0,0,30
libstudy,HTC,PGD,0.5,FGSM,1.0,15.0,15.0,0,30
libstudy,LG,PGD,0.5,FGSM,0.1,15.0,15.0,0,30
libstudy,LG,PGD,0.5,FGSM,0.2,15.0,15.0,0,30
libstudy,LG,PGD,0.5,FGSM,0.3,15.0,15.0,0,30
libstudy,LG,PGD,0.5,FGSM,0.4,15.0,15.0,0,30
libstudy,LG,PGD,0.5,FGSM,0.5,15.0,15.0,0,30
libstudy,LG,PGD,0.5,FGSM,0.6,15.0,15.0,0,30
libstudy,LG,PGD,0.5,FGSM,0.7,15.0,15.0,0,30
libstudy,LG,PGD,0.5,FGSM,0.8,15.0,15.0,0,30
libstudy,LG,PGD,0.5,FGSM,0.9,15.0,15.0,0,30
libstudy,LG,PGD,0.5,FGSM,1.0,15.0,15.0,0,30
libstudy,MOTO,PGD,0.5,FGSM,0.1,15.0,15.0,0,30
libstudy,MOTO,PGD,0.5,FGSM,0.2,15.0,15.0,0,30
libstudy,MOTO,PGD,0.5,FGSM,0.3,15.0,15.0,0,30
libstudy,MOTO,PGD,0.5,FGSM,0.4,15.0,15.0,0,30
libstudy,MOTO,PGD,0.5,FGSM,0.5,15.0,15.0,0,30
libstudy,MOTO,PGD,0.5,FGSM,0.6,15.0,15.0,0,30
libstudy,MOTO,PGD,0.5,FGSM,0.7,15.0,15.0,0,30
libstudy,MOTO,PGD,0.5,FGSM,0.8,15.0,15.0,0,30
libstudy,MOTO,PGD,0.5,FGSM,0.9,15.0,15.0,0,30
libstudy,MOTO,PGD,0.5,FGSM,1.0,15.0,15.0,0,30
libstudy,OP3,PGD,0.5,FGSM,0.1,15.0,15.0,0,30
libstudy,OP3,PGD,0.5,FGSM,0.2,15.0,15.0,0,30
libstudy,OP3,PGD,0.5,FGSM,0.3,15.0,15.0,0,30
libstudy,OP3,PGD,0.5,FGSM,0.4,15.0,15.0,0,30
libstudy,OP3,PGD,0.5,FGSM,0.5,15.0,15.0,0,30
libstudy,OP3,PGD,0.5,FGSM,0.6,15.0,15.0,0,30
libstudy,OP3,PGD,0.5,FGSM,0.7,15.0,15.0,0,30
libstudy,OP3,PGD,0.5,FGSM,0.8,15.0,15.0,0,30
libstudy,OP3,PGD,0.5,FGSM,0.9,15.0,15.0,0,30
libstudy,OP3,PGD,0.5,FGSM,1.0,15.0,15.0,0,30
libstudy,S7,PGD,0.5,FGSM,0.1,15.0,15.0,0,30
libstudy,S7,PGD,0.5,FGSM,0.2,15.0,15.0,0,30
libstudy,S7,PGD,0.5,FGSM,0.3,15.0,15.0,0,30
libstudy,S7,PGD,0.5,FGSM,0.4,15.0,15.0,0,30
libstudy,S7,PGD,0.5,FGSM,0.5,15.0,15.0,0,30
libstudy,S7,PGD,0.5,FGSM,0.6,15.0,15.0,0,30
libstudy,S7,PGD,0.5,FGSM,0.7,15.0,15.0,0,30
libstudy,S7,PGD,0.5,FGSM,0.8,15.0,15.0,0,30
libstudy,S7,PGD,0.5,FGSM,0.9,15.0,15.0,0,30
libstudy,S7,PGD,0.5,FGSM,1.0,15.0,15.0,0,30
libstudy,BLU,PGD,0.6,FGSM,0.1,15.2,15.0,0,33
libstudy,BLU,PGD,0.6,FGSM,0.2,15.2,15.0,0,33
libstudy,BLU,PGD,0.6,FGSM,0.3,15.2,15.0,0,33
libstudy,BLU,PGD,0.6,FGSM,0.4,15.2,15.0,0,33
libstudy,BLU,PGD,0.6,FGSM,0.5,15.2,15.0,0,33
libstudy,BLU,PGD,0.6,FGSM,0.6,15.2,15.0,0,33
libstudy,BLU,PGD,0.6,FGSM,0.7,15.2,15.0,0,33
libstudy,BLU,PGD,0.6,FGSM,0.8,15.2,15.0,0,33
libstudy,BLU,PGD,0.6,FGSM,0.9,15.2,15.0,0,33
libstudy,BLU,PGD,0.6,FGSM,1.0,15.2,15.0,0,33
libstudy,HTC,PGD,0.6,FGSM,0.1,15.2,15.0,0,33
libstudy,HTC,PGD,0.6,FGSM,0.2,15.2,15.0,0,33
libstudy,HTC,PGD,0.6,FGSM,0.3,15.2,15.0,0,33
libstudy,HTC,PGD,0.6,FGSM,0.4,15.2,15.0,0,33
libstudy,HTC,PGD,0.6,FGSM,0.5,15.2,15.0,0,33
libstudy,HTC,PGD,0.6,FGSM,0.6,15.2,15.0,0,33
libstudy,HTC,PGD,0.6,FGSM,0.7,15.2,15.0,0,33
libstudy,HTC,PGD,0.6,FGSM,0.8,15.2,15.0,0,33
libstudy,HTC,PGD,0.6,FGSM,0.9,15.2,15.0,0,33
libstudy,HTC,PGD,0.6,FGSM,1.0,15.2,15.0,0,33
libstudy,LG,PGD,0.6,FGSM,0.1,15.2,15.0,0,33
libstudy,LG,PGD,0.6,FGSM,0.2,15.2,15.0,0,33
libstudy,LG,PGD,0.6,FGSM,0.3,15.2,15.0,0,33
libstudy,LG,PGD,0.6,FGSM,0.4,15.2,15.0,0,33
libstudy,LG,PGD,0.6,FGSM,0.5,15.2,15.0,0,33
libstudy,LG,PGD,0.6,FGSM,0.6,15.2,15.0,0,33
libstudy,LG,PGD,0.6,FGSM,0.7,15.2,15.0,0,33
libstudy,LG,PGD,0.6,FGSM,0.8,15.2,15.0,0,33
libstudy,LG,PGD,0.6,FGSM,0.9,15.2,15.0,0,33
libstudy,LG,PGD,0.6,FGSM,1.0,15.2,15.0,0,33
libstudy,MOTO,PGD,0.6,FGSM,0.1,15.2,15.0,0,33
libstudy,MOTO,PGD,0.6,FGSM,0.2,15.2,15.0,0,33
libstudy,MOTO,PGD,0.6,FGSM,0.3,15.2,15.0,0,33
libstudy,MOTO,PGD,0.6,FGSM,0.4,15.2,15.0,0,33
libstudy,MOTO,PGD,0.6,FGSM,0.5,15.2,15.0,0,33
libstudy,MOTO,PGD,0.6,FGSM,0.6,15.2,15.0,0,33
libstudy,MOTO,PGD,0.6,FGSM,0.7,15.2,15.0,0,33
libstudy,MOTO,PGD,0.6,FGSM,0.8,15.2,15.0,0,33
libstudy,MOTO,PGD,0.6,FGSM,0.9,15.2,15.0,0,33
libstudy,MOTO,PGD,0.6,FGSM,1.0,15.2,15.0,0,33
libstudy,OP3,PGD,0.6,FGSM,0.1,15.2,15.0,0,33
libstudy,OP3,PGD,0.6,FGSM,0.2,15.2,15.0,0,33
libstudy,OP3,PGD,0.6,FGSM,0.3,15.2,15.0,0,33
libstudy,OP3,PGD,0.6,FGSM,0.4,15.2,15.0,0,33
libstudy,OP3,PGD,0.6,FGSM,0.5,15.2,15.0,0,33
libstudy,OP3,PGD,0.6,FGSM,0.6,15.2,15.0,0,33
libstudy,OP3,PGD,0.6,FGSM,0.7,15.2,15.0,0,33
libstudy,OP3,PGD,0.6,FGSM,0.8,15.2,15.0,0,33
libstudy,OP3,PGD,0.6,FGSM,0.9,15.2,15.0,0,33
libstudy,OP3,PGD,0.6,FGSM,1.0,15.2,15.0,0,33
libstudy,S7,PGD,0.6,FGSM,0.1,15.2,15.0,0,33
libstudy,S7,PGD,0.6,FGSM,0.2,15.2,15.0,0,33
libstudy,S7,PGD,0.6,FGSM,0.3,15.2,15.0,0,33
libstudy,S7,PGD,0.6,FGSM,0.4,15.2,15.0,0,33
libstudy,S7,PGD,0.6,FGSM,0.5,15.2,15.0,0,33
libstudy,S7,PGD,0.6,FGSM,0.6,15.2,15.0,0,33
libstudy,S7,PGD,0.6,FGSM,0.7,15.2,15.0,0,33
libstudy,S7,PGD,0.6,FGSM,0.8,15.2,15.0,0,33
libstudy,S7,PGD,0.6,FGSM,0.9,15.2,15.0,0,33
libstudy,S7,PGD,0.6,FGSM,1.0,15.2,15.0,0,33
libstudy,BLU,PGD,0.7,FGSM,0.1,19.0,15.5,0,45
libstudy,BLU,PGD,0.7,FGSM,0.2,19.0,15.5,0,45
libstudy,BLU,PGD,0.7,FGSM,0.3,19.0,15.5,0,45
libstudy,BLU,PGD,0.7,FGSM,0.4,19.0,15.5,0,45
libstudy,BLU,PGD,0.7,FGSM,0.5,19.0,15.5,0,45
libstudy,BLU,PGD,0.7,FGSM,0.6,19.0,15.5,0,45
libstudy,BLU,PGD,0.7,FGSM,0.7,19.0,15.5,0,45
libstudy,BLU,PGD,0.7,FGSM,0.8,19.0,15.5,0,45
libstudy,BLU,PGD,0.7,FGSM,0.9,19.0,15.5,0,45
libstudy,BLU,PGD,0.7,FGSM,1.0,19.0,15.5,0,45
libstudy,HTC,PGD,0.7,FGSM,0.1,19.0,15.5,0,45
libstudy,HTC,PGD,0.7,FGSM,0.2,19.0,15.5,0,45
libstudy,HTC,PGD,0.7,FGSM,0.3,19.0,15.5,0,45
libstudy,HTC,PGD,0.7,FGSM,0.4,19.0,15.5,0,45
libstudy,HTC,PGD,0.7,FGSM,0.5,19.0,15.5,0,45
libstudy,HTC,PGD,0.7,FGSM,0.6,19.0,15.5,0,45
libstudy,HTC,PGD,0.7,FGSM,0.7,19.0,15.5,0,45
libstudy,HTC,PGD,0.7,FGSM,0.8,19.0,15.5,0,45
libstudy,HTC,PGD,0.7,FGSM,0.9,19.0,15.5,0,45
libstudy,HTC,PGD,0.7,FGSM,1.0,19.0,15.5,0,45
libstudy,LG,PGD,0.7,FGSM,0.1,19.0,15.5,0,45
libstudy,LG,PGD,0.7,FGSM,0.2,19.0,15.5,0,45
libstudy,LG,PGD,0.7,FGSM,0.3,19.0,15.5,0,45
libstudy,LG,PGD,0.7,FGSM,0.4,19.0,15.5,0,45
libstudy,LG,PGD,0.7,FGSM,0.5,19.0,15.5,0,45
libstudy,LG,PGD,0.7,FGSM,0.6,19.0,15.5,0,45
libstudy,LG,PGD,0.7,FGSM,0.7,19.0,15.5,0,45
libstudy,LG,PGD,0.7,FGSM,0.8,19.0,15.5,0,45
libstudy,LG,PGD,0.7,FGSM,0.9,19.0,15.5,0,45
libstudy,LG,PGD,0.7,FGSM,1.0,19.0,15.5,0,45
libstudy,MOTO,PGD,0.7,FGSM,0.1,19.0,15.5,0,45
libstudy,MOTO,PGD,0.7,FGSM,0.2,19.0,15.5,0,45
libstudy,MOTO,PGD,0.7,FGSM,0.3,19.0,15.5,0,45
libstudy,MOTO,PGD,0.7,FGSM,0.4,19.0,15.5,0,45
libstudy,MOTO,PGD,0.7,FGSM,0.5,19.0,15.5,0,45
libstudy,MOTO,PGD,0.7,FGSM,0.6,19.0,15.5,0,45
libstudy,MOTO,PGD,0.7,FGSM,0.7,19.0,15.5,0,45
libstudy,MOTO,PGD,0.7,FGSM,0.8,19.0,15.5,0,45
libstudy,MOTO,PGD,0.7,FGSM,0.9,19.0,15.5,0,45
libstudy,MOTO,PGD,0.7,FGSM,1.0,19.0,15.5,0,45
libstudy,OP3,PGD,0.7,FGSM,0.1,19.0,15.5,0,45
libstudy,OP3,PGD,0.7,FGSM,0.2,19.0,15.5,0,45
libstudy,OP3,PGD,0.7,FGSM,0.3,19.0,15.5,0,45
libstudy,OP3,PGD,0.7,FGSM,0.4,19.0,15.5,0,45
libstudy,OP3,PGD,0.7,FGSM,0.5,19.0,15.5,0,45
libstudy,OP3,PGD,0.7,FGSM,0.6,19.0,15.5,0,45
libstudy,OP3,PGD,0.7,FGSM,0.7,19.0,15.5,0,45
libstudy,OP3,PGD,0.7,FGSM,0.8,19.0,15.5,0,45
libstudy,OP3,PGD,0.7,FGSM,0.9,19.0,15.5,0,45
libstudy,OP3,PGD,0.7,FGSM,1.0,19.0,15.5,0,45
libstudy,S7,PGD,0.7,FGSM,0.1,19.0,15.5,0,45
libstudy,S7,PGD,0.7,FGSM,0.2,19.0,15.5,0,45
libstudy,S7,PGD,0.7,FGSM,0.3,19.0,15.5,0,45
libstudy,S7,PGD,0.7,FGSM,0.4,19.0,15.5,0,45
libstudy,S7,PGD,0.7,FGSM,0.5,19.0,15.5,0,45
libstudy,S7,PGD,0.7,FGSM,0.6,19.0,15.5,0,45
libstudy,S7,PGD,0.7,FGSM,0.7,19.0,15.5,0,45
libstudy,S7,PGD,0.7,FGSM,0.8,19.0,15.5,0,45
libstudy,S7,PGD,0.7,FGSM,0.9,19.0,15.5,0,45
libstudy,S7,PGD,0.7,FGSM,1.0,19.0,15.5,0,45
libstudy,BLU,PGD,0.8,FGSM,0.1,19.0,15.5,0,45
libstudy,BLU,PGD,0.8,FGSM,0.2,19.0,15.5,0,45
libstudy,BLU,PGD,0.8,FGSM,0.3,19.0,15.5,0,45
libstudy,BLU,PGD,0.8,FGSM,0.4,19.0,15.5,0,45
libstudy,BLU,PGD,0.8,FGSM,0.5,19.0,15.5,0,45
libstudy,BLU,PGD,0.8,FGSM,0.6,19.0,15.5,0,45
libstudy,BLU,PGD,0.8,FGSM,0.7,19.0,15.5,0,45
libstudy,BLU,PGD,0.8,FGSM,0.8,19.0,15.5,0,45
libstudy,BLU,PGD,0.8,FGSM,0.9,19.0,15.5,0,45
libstudy,BLU,PGD,0.8,FGSM,1.0,19.0,15.5,0,45
libstudy,HTC,PGD,0.8,FGSM,0.1,19.0,15.5,0,45
libstudy,HTC,PGD,0.8,FGSM,0.2,19.0,15.5,0,45
libstudy,HTC,PGD,0.8,FGSM,0.3,19.0,15.5,0,45
libstudy,HTC,PGD,0.8,FGSM,0.4,19.0,15.5,0,45
libstudy,HTC,PGD,0.8,FGSM,0.5,19.0,15.5,0,45
libstudy,HTC,PGD,0.8,FGSM,0.6,19.0,15.5,0,45
libstudy,HTC,PGD,0.8,FGSM,0.7,19.0,15.5,0,45
libstudy,HTC,PGD,0.8,FGSM,0.8,19.0,15.5,0,45
libstudy,HTC,PGD,0.8,FGSM,0.9,19.0,15.5,0,45
libstudy,HTC,PGD,0.8,FGSM,1.0,19.0,15.5,0,45
libstudy,LG,PGD,0.8,FGSM,0.1,19.0,15.5,0,45
libstudy,LG,PGD,0.8,FGSM,0.2,19.0,15.5,0,45
libstudy,LG,PGD,0.8,FGSM,0.3,19.0,15.5,0,45
libstudy,LG,PGD,0.8,FGSM,0.4,19.0,15.5,0,45
libstudy,LG,PGD,0.8,FGSM,0.5,19.0,15.5,0,45
libstudy,LG,PGD,0.8,FGSM,0.6,19.0,15.5,0,45
libstudy,LG,PGD,0.8,FGSM,0.7,19.0,15.5,0,45
libstudy,LG,PGD,0.8,FGSM,0.8,19.0,15.5,0,45
libstudy,LG,PGD,0.8,FGSM,0.9,19.0,15.5,0,45
libstudy,LG,PGD,0.8,FGSM,1.0,19.0,15.5,0,45
libstudy,MOTO,PGD,0.8,FGSM,0.1,19.0,15.5,0,45
libstudy,MOTO,PGD,0.8,FGSM,0.2,19.0,15.5,0,45
libstudy,MOTO,PGD,0.8,FGSM,0.3,19.0,15.5,0,45
libstudy,MOTO,PGD,0.8,FGSM,0.4,19.0,15.5,0,45
libstudy,MOTO,PGD,0.8,FGSM,0.5,19.0,15.5,0,45
libstudy,MOTO,PGD,0.8,FGSM,0.6,19.0,15.5,0,45
libstudy,MOTO,PGD,0.8,FGSM,0.7,19.0,15.5,0,45
libstudy,MOTO,PGD,0.8,FGSM,0.8,19.0,15.5,0,45
libstudy,MOTO,PGD,0.8,FGSM,0.9,19.0,15.5,0,45
libstudy,MOTO,PGD,0.8,FGSM,1.0,19.0,15.5,0,45
libstudy,OP3,PGD,0.8,FGSM,0.1,19.0,15.5,0,45
libstudy,OP3,PGD,0.8,FGSM,0.2,19.0,15.5,0,45
libstudy,OP3,PGD,0.8,FGSM,0.3,19.0,15.5,0,45
libstudy,OP3,PGD,0.8,FGSM,0.4,19.0,15.5,0,45
libstudy,OP3,PGD,0.8,FGSM,0.5,19.0,15.5,0,45
libstudy,OP3,PGD,0.8,FGSM,0.6,19.0,15.5,0,45
libstudy,OP3,PGD,0.8,FGSM,0.7,19.0,15.5,0,45
libstudy,OP3,PGD,0.8,FGSM,0.8,19.0,15.5,0,45
libstudy,OP3,PGD,0.8,FGSM,0.9,19.0,15.5,0,45
libstudy,OP3,PGD,0.8,FGSM,1.0,19.0,15.5,0,45
libstudy,S7,PGD,0.8,FGSM,0.1,19.0,15.5,0,45
libstudy,S7,PGD,0.8,FGSM,0.2,19.0,15.5,0,45
libstudy,S7,PGD,0.8,FGSM,0.3,19.0,15.5,0,45
libstudy,S7,PGD,0.8,FGSM,0.4,19.0,15.5,0,45
libstudy,S7,PGD,0.8,FGSM,0.5,19.0,15.5,0,45
libstudy,S7,PGD,0.8,FGSM,0.6,19.0,15.5,0,45
libstudy,S7,PGD,0.8,FGSM,0.7,19.0,15.5,0,45
libstudy,S7,PGD,0.8,FGSM,0.8,19.0,15.5,0,45
libstudy,S7,PGD,0.8,FGSM,0.9,19.0,15.5,0,45
libstudy,S7,PGD,0.8,FGSM,1.0,19.0,15.5,0,45
libstudy,BLU,PGD,0.9,FGSM,0.1,25.0,24.5,0,54
libstudy,BLU,PGD,0.9,FGSM,0.2,25.0,24.5,0,54
libstudy,BLU,PGD,0.9,FGSM,0.3,25.0,24.5,0,54
libstudy,BLU,PGD,0.9,FGSM,0.4,25.0,24.5,0,54
libstudy,BLU,PGD,0.9,FGSM,0.5,25.0,24.5,0,54
libstudy,BLU,PGD,0.9,FGSM,0.6,25.0,24.5,0,54
libstudy,BLU,PGD,0.9,FGSM,0.7,25.0,24.5,0,54
libstudy,BLU,PGD,0.9,FGSM,0.8,25.0,24.5,0,54
libstudy,BLU,PGD,0.9,FGSM,0.9,25.0,24.5,0,54
libstudy,BLU,PGD,0.9,FGSM,1.0,25.0,24.5,0,54
libstudy,HTC,PGD,0.9,FGSM,0.1,25.0,24.5,0,54
libstudy,HTC,PGD,0.9,FGSM,0.2,25.0,24.5,0,54
libstudy,HTC,PGD,0.9,FGSM,0.3,25.0,24.5,0,54
libstudy,HTC,PGD,0.9,FGSM,0.4,25.0,24.5,0,54
libstudy,HTC,PGD,0.9,FGSM,0.5,25.0,24.5,0,54
libstudy,HTC,PGD,0.9,FGSM,0.6,25.0,24.5,0,54
libstudy,HTC,PGD,0.9,FGSM,0.7,25.0,24.5,0,54
libstudy,HTC,PGD,0.9,FGSM,0.8,25.0,24.5,0,54
libstudy,HTC,PGD,0.9,FGSM,0.9,25.0,24.5,0,54
libstudy,HTC,PGD,0.9,FGSM,1.0,25.0,24.5,0,54
libstudy,LG,PGD,0.9,FGSM,0.1,25.0,24.5,0,54
libstudy,LG,PGD,0.9,FGSM,0.2,25.0,24.5,0,54
libstudy,LG,PGD,0.9,FGSM,0.3,25.0,24.5,0,54
libstudy,LG,PGD,0.9,FGSM,0.4,25.0,24.5,0,54
libstudy,LG,PGD,0.9,FGSM,0.5,25.0,24.5,0,54
libstudy,LG,PGD,0.9,FGSM,0.6,25.0,24.5,0,54
libstudy,LG,PGD,0.9,FGSM,0.7,25.0,24.5,0,54
libstudy,LG,PGD,0.9,FGSM,0.8,25.0,24.5,0,54
libstudy,LG,PGD,0.9,FGSM,0.9,25.0,24.5,0,54
libstudy,LG,PGD,0.9,FGSM,1.0,25.0,24.5,0,54
libstudy,MOTO,PGD,0.9,FGSM,0.1,25.0,24.5,0,54
libstudy,MOTO,PGD,0.9,FGSM,0.2,25.0,24.5,0,54
libstudy,MOTO,PGD,0.9,FGSM,0.3,25.0,24.5,0,54
libstudy,MOTO,PGD,0.9,FGSM,0.4,25.0,24.5,0,54
libstudy,MOTO,PGD,0.9,FGSM,0.5,25.0,24.5,0,54
libstudy,MOTO,PGD,0.9,FGSM,0.6,25.0,24.5,0,54
libstudy,MOTO,PGD,0.9,FGSM,0.7,25.0,24.5,0,54
libstudy,MOTO,PGD,0.9,FGSM,0.8,25.0,24.5,0,54
libstudy,MOTO,PGD,0.9,FGSM,0.9,25.0,24.5,0,54
libstudy,MOTO,PGD,0.9,FGSM,1.0,25.0,24.5,0,54
libstudy,OP3,PGD,0.9,FGSM,0.1,25.0,24.5,0,54
libstudy,OP3,PGD,0.9,FGSM,0.2,25.0,24.5,0,54
libstudy,OP3,PGD,0.9,FGSM,0.3,25.0,24.5,0,54
libstudy,OP3,PGD,0.9,FGSM,0.4,25.0,24.5,0,54
libstudy,OP3,PGD,0.9,FGSM,0.5,25.0,24.5,0,54
libstudy,OP3,PGD,0.9,FGSM,0.6,25.0,24.5,0,54
libstudy,OP3,PGD,0.9,FGSM,0.7,25.0,24.5,0,54
libstudy,OP3,PGD,0.9,FGSM,0.8,25.0,24.5,0,54
libstudy,OP3,PGD,0.9,FGSM,0.9,25.0,24.5,0,54
libstudy,OP3,PGD,0.9,FGSM,1.0,25.0,24.5,0,54
libstudy,S7,PGD,0.9,FGSM,0.1,25.0,24.5,0,54
libstudy,S7,PGD,0.9,FGSM,0.2,25.0,24.5,0,54
libstudy,S7,PGD,0.9,FGSM,0.3,25.0,24.5,0,54
libstudy,S7,PGD,0.9,FGSM,0.4,25.0,24.5,0,54
libstudy,S7,PGD,0.9,FGSM,0.5,25.0,24.5,0,54
libstudy,S7,PGD,0.9,FGSM,0.6,25.0,24.5,0,54
libstudy,S7,PGD,0.9,FGSM,0.7,25.0,24.5,0,54
libstudy,S7,PGD,0.9,FGSM,0.8,25.0,24.5,0,54
libstudy,S7,PGD,0.9,FGSM,0.9,25.0,24.5,0,54
libstudy,S7,PGD,0.9,FGSM,1.0,25.0,24.5,0,54
libstudy,BLU,PGD,1.0,FGSM,0.1,22.7,21.5,0,51
libstudy,BLU,PGD,1.0,FGSM,0.2,22.7,21.5,0,51
libstudy,BLU,PGD,1.0,FGSM,0.3,22.7,21.5,0,51
libstudy,BLU,PGD,1.0,FGSM,0.4,22.7,21.5,0,51
libstudy,BLU,PGD,1.0,FGSM,0.5,22.7,21.5,0,51
libstudy,BLU,PGD,1.0,FGSM,0.6,22.7,21.5,0,51
libstudy,BLU,PGD,1.0,FGSM,0.7,22.7,21.5,0,51
libstudy,BLU,PGD,1.0,FGSM,0.8,22.7,21.5,0,51
libstudy,BLU,PGD,1.0,FGSM,0.9,22.7,21.5,0,51
libstudy,BLU,PGD,1.0,FGSM,1.0,22.7,21.5,0,51
libstudy,HTC,PGD,1.0,FGSM,0.1,22.7,21.5,0,51
libstudy,HTC,PGD,1.0,FGSM,0.2,22.7,21.5,0,51
libstudy,HTC,PGD,1.0,FGSM,0.3,22.7,21.5,0,51
libstudy,HTC,PGD,1.0,FGSM,0.4,22.7,21.5,0,51
libstudy,HTC,PGD,1.0,FGSM,0.5,22.7,21.5,0,51
libstudy,HTC,PGD,1.0,FGSM,0.6,22.7,21.5,0,51
libstudy,HTC,PGD,1.0,FGSM,0.7,22.7,21.5,0,51
libstudy,HTC,PGD,1.0,FGSM,0.8,22.7,21.5,0,51
libstudy,HTC,PGD,1.0,FGSM,0.9,22.7,21.5,0,51
libstudy,HTC,PGD,1.0,FGSM,1.0,22.7,21.5,0,51
libstudy,LG,PGD,1.0,FGSM,0.1,22.7,21.5,0,51
libstudy,LG,PGD,1.0,FGSM,0.2,22.7,21.5,0,51
libstudy,LG,PGD,1.0,FGSM,0.3,22.7,21.5,0,51
libstudy,LG,PGD,1.0,FGSM,0.4,22.7,21.5,0,51
libstudy,LG,PGD,1.0,FGSM,0.5,22.7,21.5,0,51
libstudy,LG,PGD,1.0,FGSM,0.6,22.7,21.5,0,51
libstudy,LG,PGD,1.0,FGSM,0.7,22.7,21.5,0,51
libstudy,LG,PGD,1.0,FGSM,0.8,22.7,21.5,0,51
libstudy,LG,PGD,1.0,FGSM,0.9,22.7,21.5,0,51
libstudy,LG,PGD,1.0,FGSM,1.0,22.7,21.5,0,51
libstudy,MOTO,PGD,1.0,FGSM,0.1,22.7,21.5,0,51
libstudy,MOTO,PGD,1.0,FGSM,0.2,22.7,21.5,0,51
libstudy,MOTO,PGD,1.0,FGSM,0.3,22.7,21.5,0,51
libstudy,MOTO,PGD,1.0,FGSM,0.4,22.7,21.5,0,51
libstudy,MOTO,PGD,1.0,FGSM,0.5,22.7,21.5,0,51
libstudy,MOTO,PGD,1.0,FGSM,0.6,22.7,21.5,0,51
libstudy,MOTO,PGD,1.0,FGSM,0.7,22.7,21.5,0,51
libstudy,MOTO,PGD,1.0,FGSM,0.8,22.7,21.5,0,51
libstudy,MOTO,PGD,1.0,FGSM,0.9,22.7,21.5,0,51
libstudy,MOTO,PGD,1.0,FGSM,1.0,22.7,21.5,0,51
libstudy,OP3,PGD,1.0,FGSM,0.1,22.7,21.5,0,51
libstudy,OP3,PGD,1.0,FGSM,0.2,22.7,21.5,0,51
libstudy,OP3,PGD,1.0,FGSM,0.3,22.7,21.5,0,51
libstudy,OP3,PGD,1.0,FGSM,0.4,22.7,21.5,0,51
libstudy,OP3,PGD,1.0,FGSM,0.5,22.7,21.5,0,51
libstudy,OP3,PGD,1.0,FGSM,0.6,22.7,21.5,0,51
libstudy,OP3,PGD,1.0,FGSM,0.7,22.7,21.5,0,51
libstudy,OP3,PGD,1.0,FGSM,0.8,22.7,21.5,0,51
libstudy,OP3,PGD,1.0,FGSM,0.9,22.7,21.5,0,51
libstudy,OP3,PGD,1.0,FGSM,1.0,22.7,21.5,0,51
libstudy,S7,PGD,1.0,FGSM,0.1,22.7,21.5,0,51
libstudy,S7,PGD,1.0,FGSM,0.2,22.7,21.5,0,51
libstudy,S7,PGD,1.0,FGSM,0.3,22.7,21.5,0,51
libstudy,S7,PGD,1.0,FGSM,0.4,22.7,21.5,0,51
libstudy,S7,PGD,1.0,FGSM,0.5,22.7,21.5,0,51
libstudy,S7,PGD,1.0,FGSM,0.6,22.7,21.5,0,51
libstudy,S7,PGD,1.0,FGSM,0.7,22.7,21.5,0,51
libstudy,S7,PGD,1.0,FGSM,0.8,22.7,21.5,0,51
libstudy,S7,PGD,1.0,FGSM,0.9,22.7,21.5,0,51
libstudy,S7,PGD,1.0,FGSM,1.0,22.7,21.5,0,51
libstudy,BLU,MIM,0.1,FGSM,0.1,21.333333333333332,19.5,0,49
libstudy,BLU,MIM,0.1,FGSM,0.2,21.333333333333332,19.5,0,49
libstudy,BLU,MIM,0.1,FGSM,0.3,21.333333333333332,19.5,0,49
libstudy,BLU,MIM,0.1,FGSM,0.4,21.333333333333332,19.5,0,49
libstudy,BLU,MIM,0.1,FGSM,0.5,21.333333333333332,19.5,0,49
libstudy,BLU,MIM,0.1,FGSM,0.6,21.333333333333332,19.5,0,49
libstudy,BLU,MIM,0.1,FGSM,0.7,21.333333333333332,19.5,0,49
libstudy,BLU,MIM,0.1,FGSM,0.8,21.333333333333332,19.5,0,49
libstudy,BLU,MIM,0.1,FGSM,0.9,21.333333333333332,19.5,0,49
libstudy,BLU,MIM,0.1,FGSM,1.0,21.333333333333332,19.5,0,49
libstudy,HTC,MIM,0.1,FGSM,0.1,21.333333333333332,19.5,0,49
libstudy,HTC,MIM,0.1,FGSM,0.2,21.333333333333332,19.5,0,49
libstudy,HTC,MIM,0.1,FGSM,0.3,21.333333333333332,19.5,0,49
libstudy,HTC,MIM,0.1,FGSM,0.4,21.333333333333332,19.5,0,49
libstudy,HTC,MIM,0.1,FGSM,0.5,21.333333333333332,19.5,0,49
libstudy,HTC,MIM,0.1,FGSM,0.6,21.333333333333332,19.5,0,49
libstudy,HTC,MIM,0.1,FGSM,0.7,21.333333333333332,19.5,0,49
libstudy,HTC,MIM,0.1,FGSM,0.8,21.333333333333332,19.5,0,49
libstudy,HTC,MIM,0.1,FGSM,0.9,21.333333333333332,19.5,0,49
libstudy,HTC,MIM,0.1,FGSM,1.0,21.333333333333332,19.5,0,49
libstudy,LG,MIM,0.1,FGSM,0.1,21.333333333333332,19.5,0,49
libstudy,LG,MIM,0.1,FGSM,0.2,21.333333333333332,19.5,0,49
libstudy,LG,MIM,0.1,FGSM,0.3,21.333333333333332,19.5,0,49
libstudy,LG,MIM,0.1,FGSM,0.4,21.333333333333332,19.5,0,49
libstudy,LG,MIM,0.1,FGSM,0.5,21.333333333333332,19.5,0,49
libstudy,LG,MIM,0.1,FGSM,0.6,21.333333333333332,19.5,0,49
libstudy,LG,MIM,0.1,FGSM,0.7,21.333333333333332,19.5,0,49
libstudy,LG,MIM,0.1,FGSM,0.8,21.333333333333332,19.5,0,49
libstudy,LG,MIM,0.1,FGSM,0.9,21.333333333333332,19.5,0,49
libstudy,LG,MIM,0.1,FGSM,1.0,21.333333333333332,19.5,0,49
libstudy,MOTO,MIM,0.1,FGSM,0.1,21.333333333333332,19.5,0,49
libstudy,MOTO,MIM,0.1,FGSM,0.2,21.333333333333332,19.5,0,49
libstudy,MOTO,MIM,0.1,FGSM,0.3,21.333333333333332,19.5,0,49
libstudy,MOTO,MIM,0.1,FGSM,0.4,21.333333333333332,19.5,0,49
libstudy,MOTO,MIM,0.1,FGSM,0.5,21.333333333333332,19.5,0,49
libstudy,MOTO,MIM,0.1,FGSM,0.6,21.333333333333332,19.5,0,49
libstudy,MOTO,MIM,0.1,FGSM,0.7,21.333333333333332,19.5,0,49
libstudy,MOTO,MIM,0.1,FGSM,0.8,21.333333333333332,19.5,0,49
libstudy,MOTO,MIM,0.1,FGSM,0.9,21.333333333333332,19.5,0,49
libstudy,MOTO,MIM,0.1,FGSM,1.0,21.333333333333332,19.5,0,49
libstudy,OP3,MIM,0.1,FGSM,0.1,21.333333333333332,19.5,0,49
libstudy,OP3,MIM,0.1,FGSM,0.2,21.333333333333332,19.5,0,49
libstudy,OP3,MIM,0.1,FGSM,0.3,21.333333333333332,19.5,0,49
libstudy,OP3,MIM,0.1,FGSM,0.4,21.333333333333332,19.5,0,49
libstudy,OP3,MIM,0.1,FGSM,0.5,21.333333333333332,19.5,0,49
libstudy,OP3,MIM,0.1,FGSM,0.6,21.333333333333332,19.5,0,49
libstudy,OP3,MIM,0.1,FGSM,0.7,21.333333333333332,19.5,0,49
libstudy,OP3,MIM,0.1,FGSM,0.8,21.333333333333332,19.5,0,49
libstudy,OP3,MIM,0.1,FGSM,0.9,21.333333333333332,19.5,0,49
libstudy,OP3,MIM,0.1,FGSM,1.0,21.333333333333332,19.5,0,49
libstudy,S7,MIM,0.1,FGSM,0.1,21.333333333333332,19.5,0,49
libstudy,S7,MIM,0.1,FGSM,0.2,21.333333333333332,19.5,0,49
libstudy,S7,MIM,0.1,FGSM,0.3,21.333333333333332,19.5,0,49
libstudy,S7,MIM,0.1,FGSM,0.4,21.333333333333332,19.5,0,49
libstudy,S7,MIM,0.1,FGSM,0.5,21.333333333333332,19.5,0,49
libstudy,S7,MIM,0.1,FGSM,0.6,21.333333333333332,19.5,0,49
libstudy,S7,MIM,0.1,FGSM,0.7,21.333333333333332,19.5,0,49
libstudy,S7,MIM,0.1,FGSM,0.8,21.333333333333332,19.5,0,49
libstudy,S7,MIM,0.1,FGSM,0.9,21.333333333333332,19.5,0,49
libstudy,S7,MIM,0.1,FGSM,1.0,21.333333333333332,19.5,0,49
libstudy,BLU,MIM,0.2,FGSM,0.1,25.833333333333332,25.5,0,55
libstudy,BLU,MIM,0.2,FGSM,0.2,25.833333333333332,25.5,0,55
libstudy,BLU,MIM,0.2,FGSM,0.3,25.833333333333332,25.5,0,55
libstudy,BLU,MIM,0.2,FGSM,0.4,25.833333333333332,25.5,0,55
libstudy,BLU,MIM,0.2,FGSM,0.5,25.833333333333332,25.5,0,55
libstudy,BLU,MIM,0.2,FGSM,0.6,25.833333333333332,25.5,0,55
libstudy,BLU,MIM,0.2,FGSM,0.7,25.833333333333332,25.5,0,55
libstudy,BLU,MIM,0.2,FGSM,0.8,25.833333333333332,25.5,0,55
libstudy,BLU,MIM,0.2,FGSM,0.9,25.833333333333332,25.5,0,55
libstudy,BLU,MIM,0.2,FGSM,1.0,25.833333333333332,25.5,0,55
libstudy,HTC,MIM,0.2,FGSM,0.1,25.833333333333332,25.5,0,55
libstudy,HTC,MIM,0.2,FGSM,0.2,25.833333333333332,25.5,0,55
libstudy,HTC,MIM,0.2,FGSM,0.3,25.833333333333332,25.5,0,55
libstudy,HTC,MIM,0.2,FGSM,0.4,25.833333333333332,25.5,0,55
libstudy,HTC,MIM,0.2,FGSM,0.5,25.833333333333332,25.5,0,55
libstudy,HTC,MIM,0.2,FGSM,0.6,25.833333333333332,25.5,0,55
libstudy,HTC,MIM,0.2,FGSM,0.7,25.833333333333332,25.5,0,55
libstudy,HTC,MIM,0.2,FGSM,0.8,25.833333333333332,25.5,0,55
libstudy,HTC,MIM,0.2,FGSM,0.9,25.833333333333332,25.5,0,55
libstudy,HTC,MIM,0.2,FGSM,1.0,25.833333333333332,25.5,0,55
libstudy,LG,MIM,0.2,FGSM,0.1,25.833333333333332,25.5,0,55
libstudy,LG,MIM,0.2,FGSM,0.2,25.833333333333332,25.5,0,55
libstudy,LG,MIM,0.2,FGSM,0.3,25.833333333333332,25.5,0,55
libstudy,LG,MIM,0.2,FGSM,0.4,25.833333333333332,25.5,0,55
libstudy,LG,MIM,0.2,FGSM,0.5,25.833333333333332,25.5,0,55
libstudy,LG,MIM,0.2,FGSM,0.6,25.833333333333332,25.5,0,55
libstudy,LG,MIM,0.2,FGSM,0.7,25.833333333333332,25.5,0,55
libstudy,LG,MIM,0.2,FGSM,0.8,25.833333333333332,25.5,0,55
libstudy,LG,MIM,0.2,FGSM,0.9,25.833333333333332,25.5,0,55
libstudy,LG,MIM,0.2,FGSM,1.0,25.833333333333332,25.5,0,55
libstudy,MOTO,MIM,0.2,FGSM,0.1,25.833333333333332,25.5,0,55
libstudy,MOTO,MIM,0.2,FGSM,0.2,25.833333333333332,25.5,0,55
libstudy,MOTO,MIM,0.2,FGSM,0.3,25.833333333333332,25.5,0,55
libstudy,MOTO,MIM,0.2,FGSM,0.4,25.833333333333332,25.5,0,55
libstudy,MOTO,MIM,0.2,FGSM,0.5,25.833333333333332,25.5,0,55
libstudy,MOTO,MIM,0.2,FGSM,0.6,25.833333333333332,25.5,0,55
libstudy,MOTO,MIM,0.2,FGSM,0.7,25.833333333333332,25.5,0,55
libstudy,MOTO,MIM,0.2,FGSM,0.8,25.833333333333332,25.5,0,55
libstudy,MOTO,MIM,0.2,FGSM,0.9,25.833333333333332,25.5,0,55
libstudy,MOTO,MIM,0.2,FGSM,1.0,25.833333333333332,25.5,0,55
libstudy,OP3,MIM,0.2,FGSM,0.1,25.833333333333332,25.5,0,55
libstudy,OP3,MIM,0.2,FGSM,0.2,25.833333333333332,25.5,0,55
libstudy,OP3,MIM,0.2,FGSM,0.3,25.833333333333332,25.5,0,55
libstudy,OP3,MIM,0.2,FGSM,0.4,25.833333333333332,25.5,0,55
libstudy,OP3,MIM,0.2,FGSM,0.5,25.833333333333332,25.5,0,55
libstudy,OP3,MIM,0.2,FGSM,0.6,25.833333333333332,25.5,0,55
libstudy,OP3,MIM,0.2,FGSM,0.7,25.833333333333332,25.5,0,55
libstudy,OP3,MIM,0.2,FGSM,0.8,25.833333333333332,25.5,0,55
libstudy,OP3,MIM,0.2,FGSM,0.9,25.833333333333332,25.5,0,55
libstudy,OP3,MIM,0.2,FGSM,1.0,25.833333333333332,25.5,0,55
libstudy,S7,MIM,0.2,FGSM,0.1,25.833333333333332,25.5,0,55
libstudy,S7,MIM,0.2,FGSM,0.2,25.833333333333332,25.5,0,55
libstudy,S7,MIM,0.2,FGSM,0.3,25.833333333333332,25.5,0,55
libstudy,S7,MIM,0.2,FGSM,0.4,25.833333333333332,25.5,0,55
libstudy,S7,MIM,0.2,FGSM,0.5,25.833333333333332,25.5,0,55
libstudy,S7,MIM,0.2,FGSM,0.6,25.833333333333332,25.5,0,55
libstudy,S7,MIM,0.2,FGSM,0.7,25.833333333333332,25.5,0,55
libstudy,S7,MIM,0.2,FGSM,0.8,25.833333333333332,25.5,0,55
libstudy,S7,MIM,0.2,FGSM,0.9,25.833333333333332,25.5,0,55
libstudy,S7,MIM,0.2,FGSM,1.0,25.833333333333332,25.5,0,55
libstudy,BLU,MIM,0.3,FGSM,0.1,15.2,15.0,0,33
libstudy,BLU,MIM,0.3,FGSM,0.2,15.2,15.0,0,33
libstudy,BLU,MIM,0.3,FGSM,0.3,15.2,15.0,0,33
libstudy,BLU,MIM,0.3,FGSM,0.4,15.2,15.0,0,33
libstudy,BLU,MIM,0.3,FGSM,0.5,15.2,15.0,0,33
libstudy,BLU,MIM,0.3,FGSM,0.6,15.2,15.0,0,33
libstudy,BLU,MIM,0.3,FGSM,0.7,15.2,15.0,0,33
libstudy,BLU,MIM,0.3,FGSM,0.8,15.2,15.0,0,33
libstudy,BLU,MIM,0.3,FGSM,0.9,15.2,15.0,0,33
libstudy,BLU,MIM,0.3,FGSM,1.0,15.2,15.0,0,33
libstudy,HTC,MIM,0.3,FGSM,0.1,15.2,15.0,0,33
libstudy,HTC,MIM,0.3,FGSM,0.2,15.2,15.0,0,33
libstudy,HTC,MIM,0.3,FGSM,0.3,15.2,15.0,0,33
libstudy,HTC,MIM,0.3,FGSM,0.4,15.2,15.0,0,33
libstudy,HTC,MIM,0.3,FGSM,0.5,15.2,15.0,0,33
libstudy,HTC,MIM,0.3,FGSM,0.6,15.2,15.0,0,33
libstudy,HTC,MIM,0.3,FGSM,0.7,15.2,15.0,0,33
libstudy,HTC,MIM,0.3,FGSM,0.8,15.2,15.0,0,33
libstudy,HTC,MIM,0.3,FGSM,0.9,15.2,15.0,0,33
libstudy,HTC,MIM,0.3,FGSM,1.0,15.2,15.0,0,33
libstudy,LG,MIM,0.3,FGSM,0.1,15.2,15.0,0,33
libstudy,LG,MIM,0.3,FGSM,0.2,15.2,15.0,0,33
libstudy,LG,MIM,0.3,FGSM,0.3,15.2,15.0,0,33
libstudy,LG,MIM,0.3,FGSM,0.4,15.2,15.0,0,33
libstudy,LG,MIM,0.3,FGSM,0.5,15.2,15.0,0,33
libstudy,LG,MIM,0.3,FGSM,0.6,15.2,15.0,0,33
libstudy,LG,MIM,0.3,FGSM,0.7,15.2,15.0,0,33
libstudy,LG,MIM,0.3,FGSM,0.8,15.2,15.0,0,33
libstudy,LG,MIM,0.3,FGSM,0.9,15.2,15.0,0,33
libstudy,LG,MIM,0.3,FGSM,1.0,15.2,15.0,0,33
libstudy,MOTO,MIM,0.3,FGSM,0.1,15.2,15.0,0,33
libstudy,MOTO,MIM,0.3,FGSM,0.2,15.2,15.0,0,33
libstudy,MOTO,MIM,0.3,FGSM,0.3,15.2,15.0,0,33
libstudy,MOTO,MIM,0.3,FGSM,0.4,15.2,15.0,0,33
libstudy,MOTO,MIM,0.3,FGSM,0.5,15.2,15.0,0,33
libstudy,MOTO,MIM,0.3,FGSM,0.6,15.2,15.0,0,33
libstudy,MOTO,MIM,0.3,FGSM,0.7,15.2,15.0,0,33
libstudy,MOTO,MIM,0.3,FGSM,0.8,15.2,15.0,0,33
libstudy,MOTO,MIM,0.3,FGSM,0.9,15.2,15.0,0,33
libstudy,MOTO,MIM,0.3,FGSM,1.0,15.2,15.0,0,33
libstudy,OP3,MIM,0.3,FGSM,0.1,15.2,15.0,0,33
libstudy,OP3,MIM,0.3,FGSM,0.2,15.2,15.0,0,33
libstudy,OP3,MIM,0.3,FGSM,0.3,15.2,15.0,0,33
libstudy,OP3,MIM,0.3,FGSM,0.4,15.2,15.0,0,33
libstudy,OP3,MIM,0.3,FGSM,0.5,15.2,15.0,0,33
libstudy,OP3,MIM,0.3,FGSM,0.6,15.2,15.0,0,33
libstudy,OP3,MIM,0.3,FGSM,0.7,15.2,15.0,0,33
libstudy,OP3,MIM,0.3,FGSM,0.8,15.2,15.0,0,33
libstudy,OP3,MIM,0.3,FGSM,0.9,15.2,15.0,0,33
libstudy,OP3,MIM,0.3,FGSM,1.0,15.2,15.0,0,33
libstudy,S7,MIM,0.3,FGSM,0.1,15.2,15.0,0,33
libstudy,S7,MIM,0.3,FGSM,0.2,15.2,15.0,0,33
libstudy,S7,MIM,0.3,FGSM,0.3,15.2,15.0,0,33
libstudy,S7,MIM,0.3,FGSM,0.4,15.2,15.0,0,33
libstudy,S7,MIM,0.3,FGSM,0.5,15.2,15.0,0,33
libstudy,S7,MIM,0.3,FGSM,0.6,15.2,15.0,0,33
libstudy,S7,MIM,0.3,FGSM,0.7,15.2,15.0,0,33
libstudy,S7,MIM,0.3,FGSM,0.8,15.2,15.0,0,33
libstudy,S7,MIM,0.3,FGSM,0.9,15.2,15.0,0,33
libstudy,S7,MIM,0.3,FGSM,1.0,15.2,15.0,0,33
libstudy,BLU,MIM,0.4,FGSM,0.1,15.0,15.0,0,30
libstudy,BLU,MIM,0.4,FGSM,0.2,15.0,15.0,0,30
libstudy,BLU,MIM,0.4,FGSM,0.3,15.0,15.0,0,30
libstudy,BLU,MIM,0.4,FGSM,0.4,15.0,15.0,0,30
libstudy,BLU,MIM,0.4,FGSM,0.5,15.0,15.0,0,30
libstudy,BLU,MIM,0.4,FGSM,0.6,15.0,15.0,0,30
libstudy,BLU,MIM,0.4,FGSM,0.7,15.0,15.0,0,30
libstudy,BLU,MIM,0.4,FGSM,0.8,15.0,15.0,0,30
libstudy,BLU,MIM,0.4,FGSM,0.9,15.0,15.0,0,30
libstudy,BLU,MIM,0.4,FGSM,1.0,15.0,15.0,0,30
libstudy,HTC,MIM,0.4,FGSM,0.1,15.0,15.0,0,30
libstudy,HTC,MIM,0.4,FGSM,0.2,15.0,15.0,0,30
libstudy,HTC,MIM,0.4,FGSM,0.3,15.0,15.0,0,30
libstudy,HTC,MIM,0.4,FGSM,0.4,15.0,15.0,0,30
libstudy,HTC,MIM,0.4,FGSM,0.5,15.0,15.0,0,30
libstudy,HTC,MIM,0.4,FGSM,0.6,15.0,15.0,0,30
libstudy,HTC,MIM,0.4,FGSM,0.7,15.0,15.0,0,30
libstudy,HTC,MIM,0.4,FGSM,0.8,15.0,15.0,0,30
libstudy,HTC,MIM,0.4,FGSM,0.9,15.0,15.0,0,30
libstudy,HTC,MIM,0.4,FGSM,1.0,15.0,15.0,0,30
libstudy,LG,MIM,0.4,FGSM,0.1,15.0,15.0,0,30
libstudy,LG,MIM,0.4,FGSM,0.2,15.0,15.0,0,30
libstudy,LG,MIM,0.4,FGSM,0.3,15.0,15.0,0,30
libstudy,LG,MIM,0.4,FGSM,0.4,15.0,15.0,0,30
libstudy,LG,MIM,0.4,FGSM,0.5,15.0,15.0,0,30
libstudy,LG,MIM,0.4,FGSM,0.6,15.0,15.0,0,30
libstudy,LG,MIM,0.4,FGSM,0.7,15.0,15.0,0,30
libstudy,LG,MIM,0.4,FGSM,0.8,15.0,15.0,0,30
libstudy,LG,MIM,0.4,FGSM,0.9,15.0,15.0,0,30
libstudy,LG,MIM,0.4,FGSM,1.0,15.0,15.0,0,30
libstudy,MOTO,MIM,0.4,FGSM,0.1,15.0,15.0,0,30
libstudy,MOTO,MIM,0.4,FGSM,0.2,15.0,15.0,0,30
libstudy,MOTO,MIM,0.4,FGSM,0.3,15.0,15.0,0,30
libstudy,MOTO,MIM,0.4,FGSM,0.4,15.0,15.0,0,30
libstudy,MOTO,MIM,0.4,FGSM,0.5,15.0,15.0,0,30
libstudy,MOTO,MIM,0.4,FGSM,0.6,15.0,15.0,0,30
libstudy,MOTO,MIM,0.4,FGSM,0.7,15.0,15.0,0,30
libstudy,MOTO,MIM,0.4,FGSM,0.8,15.0,15.0,0,30
libstudy,MOTO,MIM,0.4,FGSM,0.9,15.0,15.0,0,30
libstudy,MOTO,MIM,0.4,FGSM,1.0,15.0,15.0,0,30
libstudy,OP3,MIM,0.4,FGSM,0.1,15.0,15.0,0,30
libstudy,OP3,MIM,0.4,FGSM,0.2,15.0,15.0,0,30
libstudy,OP3,MIM,0.4,FGSM,0.3,15.0,15.0,0,30
libstudy,OP3,MIM,0.4,FGSM,0.4,15.0,15.0,0,30
libstudy,OP3,MIM,0.4,FGSM,0.5,15.0,15.0,0,30
libstudy,OP3,MIM,0.4,FGSM,0.6,15.0,15.0,0,30
libstudy,OP3,MIM,0.4,FGSM,0.7,15.0,15.0,0,30
libstudy,OP3,MIM,0.4,FGSM,0.8,15.0,15.0,0,30
libstudy,OP3,MIM,0.4,FGSM,0.9,15.0,15.0,0,30
libstudy,OP3,MIM,0.4,FGSM,1.0,15.0,15.0,0,30
libstudy,S7,MIM,0.4,FGSM,0.1,15.0,15.0,0,30
libstudy,S7,MIM,0.4,FGSM,0.2,15.0,15.0,0,30
libstudy,S7,MIM,0.4,FGSM,0.3,15.0,15.0,0,30
libstudy,S7,MIM,0.4,FGSM,0.4,15.0,15.0,0,30
libstudy,S7,MIM,0.4,FGSM,0.5,15.0,15.0,0,30
libstudy,S7,MIM,0.4,FGSM,0.6,15.0,15.0,0,30
libstudy,S7,MIM,0.4,FGSM,0.7,15.0,15.0,0,30
libstudy,S7,MIM,0.4,FGSM,0.8,15.0,15.0,0,30
libstudy,S7,MIM,0.4,FGSM,0.9,15.0,15.0,0,30
libstudy,S7,MIM,0.4,FGSM,1.0,15.0,15.0,0,30
libstudy,BLU,MIM,0.5,FGSM,0.1,18.5,15.0,0,44
libstudy,BLU,MIM,0.5,FGSM,0.2,18.5,15.0,0,44
libstudy,BLU,MIM,0.5,FGSM,0.3,18.5,15.0,0,44
libstudy,BLU,MIM,0.5,FGSM,0.4,18.5,15.0,0,44
libstudy,BLU,MIM,0.5,FGSM,0.5,18.5,15.0,0,44
libstudy,BLU,MIM,0.5,FGSM,0.6,18.5,15.0,0,44
libstudy,BLU,MIM,0.5,FGSM,0.7,18.5,15.0,0,44
libstudy,BLU,MIM,0.5,FGSM,0.8,18.5,15.0,0,44
libstudy,BLU,MIM,0.5,FGSM,0.9,18.5,15.0,0,44
libstudy,BLU,MIM,0.5,FGSM,1.0,18.5,15.0,0,44
libstudy,HTC,MIM,0.5,FGSM,0.1,18.5,15.0,0,44
libstudy,HTC,MIM,0.5,FGSM,0.2,18.5,15.0,0,44
libstudy,HTC,MIM,0.5,FGSM,0.3,18.5,15.0,0,44
libstudy,HTC,MIM,0.5,FGSM,0.4,18.5,15.0,0,44
libstudy,HTC,MIM,0.5,FGSM,0.5,18.5,15.0,0,44
libstudy,HTC,MIM,0.5,FGSM,0.6,18.5,15.0,0,44
libstudy,HTC,MIM,0.5,FGSM,0.7,18.5,15.0,0,44
libstudy,HTC,MIM,0.5,FGSM,0.8,18.5,15.0,0,44
libstudy,HTC,MIM,0.5,FGSM,0.9,18.5,15.0,0,44
libstudy,HTC,MIM,0.5,FGSM,1.0,18.5,15.0,0,44
libstudy,LG,MIM,0.5,FGSM,0.1,18.5,15.0,0,44
libstudy,LG,MIM,0.5,FGSM,0.2,18.5,15.0,0,44
libstudy,LG,MIM,0.5,FGSM,0.3,18.5,15.0,0,44
libstudy,LG,MIM,0.5,FGSM,0.4,18.5,15.0,0,44
libstudy,LG,MIM,0.5,FGSM,0.5,18.5,15.0,0,44
libstudy,LG,MIM,0.5,FGSM,0.6,18.5,15.0,0,44
libstudy,LG,MIM,0.5,FGSM,0.7,18.5,15.0,0,44
libstudy,LG,MIM,0.5,FGSM,0.8,18.5,15.0,0,44
libstudy,LG,MIM,0.5,FGSM,0.9,18.5,15.0,0,44
libstudy,LG,MIM,0.5,FGSM,1.0,18.5,15.0,0,44
libstudy,MOTO,MIM,0.5,FGSM,0.1,18.5,15.0,0,44
libstudy,MOTO,MIM,0.5,FGSM,0.2,18.5,15.0,0,44
libstudy,MOTO,MIM,0.5,FGSM,0.3,18.5,15.0,0,44
libstudy,MOTO,MIM,0.5,FGSM,0.4,18.5,15.0,0,44
libstudy,MOTO,MIM,0.5,FGSM,0.5,18.5,15.0,0,44
libstudy,MOTO,MIM,0.5,FGSM,0.6,18.5,15.0,0,44
libstudy,MOTO,MIM,0.5,FGSM,0.7,18.5,15.0,0,44
libstudy,MOTO,MIM,0.5,FGSM,0.8,18.5,15.0,0,44
libstudy,MOTO,MIM,0.5,FGSM,0.9,18.5,15.0,0,44
libstudy,MOTO,MIM,0.5,FGSM,1.0,18.5,15.0,0,44
libstudy,OP3,MIM,0.5,FGSM,0.1,18.5,15.0,0,44
libstudy,OP3,MIM,0.5,FGSM,0.2,18.5,15.0,0,44
libstudy,OP3,MIM,0.5,FGSM,0.3,18.5,15.0,0,44
libstudy,OP3,MIM,0.5,FGSM,0.4,18.5,15.0,0,44
libstudy,OP3,MIM,0.5,FGSM,0.5,18.5,15.0,0,44
libstudy,OP3,MIM,0.5,FGSM,0.6,18.5,15.0,0,44
libstudy,OP3,MIM,0.5,FGSM,0.7,18.5,15.0,0,44
libstudy,OP3,MIM,0.5,FGSM,0.8,18.5,15.0,0,44
libstudy,OP3,MIM,0.5,FGSM,0.9,18.5,15.0,0,44
libstudy,OP3,MIM,0.5,FGSM,1.0,18.5,15.0,0,44
libstudy,S7,MIM,0.5,FGSM,0.1,18.5,15.0,0,44
libstudy,S7,MIM,0.5,FGSM,0.2,18.5,15.0,0,44
libstudy,S7,MIM,0.5,FGSM,0.3,18.5,15.0,0,44
libstudy,S7,MIM,0.5,FGSM,0.4,18.5,15.0,0,44
libstudy,S7,MIM,0.5,FGSM,0.5,18.5,15.0,0,44
libstudy,S7,MIM,0.5,FGSM,0.6,18.5,15.0,0,44
libstudy,S7,MIM,0.5,FGSM,0.7,18.5,15.0,0,44
libstudy,S7,MIM,0.5,FGSM,0.8,18.5,15.0,0,44
libstudy,S7,MIM,0.5,FGSM,0.9,18.5,15.0,0,44
libstudy,S7,MIM,0.5,FGSM,1.0,18.5,15.0,0,44
libstudy,BLU,MIM,0.6,FGSM,0.1,22.0,20.5,0,50
libstudy,BLU,MIM,0.6,FGSM,0.2,22.0,20.5,0,50
libstudy,BLU,MIM,0.6,FGSM,0.3,22.0,20.5,0,50
libstudy,BLU,MIM,0.6,FGSM,0.4,22.0,20.5,0,50
libstudy,BLU,MIM,0.6,FGSM,0.5,22.0,20.5,0,50
libstudy,BLU,MIM,0.6,FGSM,0.6,22.0,20.5,0,50
libstudy,BLU,MIM,0.6,FGSM,0.7,22.0,20.5,0,50
libstudy,BLU,MIM,0.6,FGSM,0.8,22.0,20.5,0,50
libstudy,BLU,MIM,0.6,FGSM,0.9,22.0,20.5,0,50
libstudy,BLU,MIM,0.6,FGSM,1.0,22.0,20.5,0,50
libstudy,HTC,MIM,0.6,FGSM,0.1,22.0,20.5,0,50
libstudy,HTC,MIM,0.6,FGSM,0.2,22.0,20.5,0,50
libstudy,HTC,MIM,0.6,FGSM,0.3,22.0,20.5,0,50
libstudy,HTC,MIM,0.6,FGSM,0.4,22.0,20.5,0,50
libstudy,HTC,MIM,0.6,FGSM,0.5,22.0,20.5,0,50
libstudy,HTC,MIM,0.6,FGSM,0.6,22.0,20.5,0,50
libstudy,HTC,MIM,0.6,FGSM,0.7,22.0,20.5,0,50
libstudy,HTC,MIM,0.6,FGSM,0.8,22.0,20.5,0,50
libstudy,HTC,MIM,0.6,FGSM,0.9,22.0,20.5,0,50
libstudy,HTC,MIM,0.6,FGSM,1.0,22.0,20.5,0,50
libstudy,LG,MIM,0.6,FGSM,0.1,22.0,20.5,0,50
libstudy,LG,MIM,0.6,FGSM,0.2,22.0,20.5,0,50
libstudy,LG,MIM,0.6,FGSM,0.3,22.0,20.5,0,50
libstudy,LG,MIM,0.6,FGSM,0.4,22.0,20.5,0,50
libstudy,LG,MIM,0.6,FGSM,0.5,22.0,20.5,0,50
libstudy,LG,MIM,0.6,FGSM,0.6,22.0,20.5,0,50
libstudy,LG,MIM,0.6,FGSM,0.7,22.0,20.5,0,50
libstudy,LG,MIM,0.6,FGSM,0.8,22.0,20.5,0,50
libstudy,LG,MIM,0.6,FGSM,0.9,22.0,20.5,0,50
libstudy,LG,MIM,0.6,FGSM,1.0,22.0,20.5,0,50
libstudy,MOTO,MIM,0.6,FGSM,0.1,22.0,20.5,0,50
libstudy,MOTO,MIM,0.6,FGSM,0.2,22.0,20.5,0,50
libstudy,MOTO,MIM,0.6,FGSM,0.3,22.0,20.5,0,50
libstudy,MOTO,MIM,0.6,FGSM,0.4,22.0,20.5,0,50
libstudy,MOTO,MIM,0.6,FGSM,0.5,22.0,20.5,0,50
libstudy,MOTO,MIM,0.6,FGSM,0.6,22.0,20.5,0,50
libstudy,MOTO,MIM,0.6,FGSM,0.7,22.0,20.5,0,50
libstudy,MOTO,MIM,0.6,FGSM,0.8,22.0,20.5,0,50
libstudy,MOTO,MIM,0.6,FGSM,0.9,22.0,20.5,0,50
libstudy,MOTO,MIM,0.6,FGSM,1.0,22.0,20.5,0,50
libstudy,OP3,MIM,0.6,FGSM,0.1,22.0,20.5,0,50
libstudy,OP3,MIM,0.6,FGSM,0.2,22.0,20.5,0,50
libstudy,OP3,MIM,0.6,FGSM,0.3,22.0,20.5,0,50
libstudy,OP3,MIM,0.6,FGSM,0.4,22.0,20.5,0,50
libstudy,OP3,MIM,0.6,FGSM,0.5,22.0,20.5,0,50
libstudy,OP3,MIM,0.6,FGSM,0.6,22.0,20.5,0,50
libstudy,OP3,MIM,0.6,FGSM,0.7,22.0,20.5,0,50
libstudy,OP3,MIM,0.6,FGSM,0.8,22.0,20.5,0,50
libstudy,OP3,MIM,0.6,FGSM,0.9,22.0,20.5,0,50
libstudy,OP3,MIM,0.6,FGSM,1.0,22.0,20.5,0,50
libstudy,S7,MIM,0.6,FGSM,0.1,22.0,20.5,0,50
libstudy,S7,MIM,0.6,FGSM,0.2,22.0,20.5,0,50
libstudy,S7,MIM,0.6,FGSM,0.3,22.0,20.5,0,50
libstudy,S7,MIM,0.6,FGSM,0.4,22.0,20.5,0,50
libstudy,S7,MIM,0.6,FGSM,0.5,22.0,20.5,0,50
libstudy,S7,MIM,0.6,FGSM,0.6,22.0,20.5,0,50
libstudy,S7,MIM,0.6,FGSM,0.7,22.0,20.5,0,50
libstudy,S7,MIM,0.6,FGSM,0.8,22.0,20.5,0,50
libstudy,S7,MIM,0.6,FGSM,0.9,22.0,20.5,0,50
libstudy,S7,MIM,0.6,FGSM,1.0,22.0,20.5,0,50
libstudy,BLU,MIM,0.7,FGSM,0.1,18.5,15.0,0,44
libstudy,BLU,MIM,0.7,FGSM,0.2,18.5,15.0,0,44
libstudy,BLU,MIM,0.7,FGSM,0.3,18.5,15.0,0,44
libstudy,BLU,MIM,0.7,FGSM,0.4,18.5,15.0,0,44
libstudy,BLU,MIM,0.7,FGSM,0.5,18.5,15.0,0,44
libstudy,BLU,MIM,0.7,FGSM,0.6,18.5,15.0,0,44
libstudy,BLU,MIM,0.7,FGSM,0.7,18.5,15.0,0,44
libstudy,BLU,MIM,0.7,FGSM,0.8,18.5,15.0,0,44
libstudy,BLU,MIM,0.7,FGSM,0.9,18.5,15.0,0,44
libstudy,BLU,MIM,0.7,FGSM,1.0,18.5,15.0,0,44
libstudy,HTC,MIM,0.7,FGSM,0.1,18.5,15.0,0,44
libstudy,HTC,MIM,0.7,FGSM,0.2,18.5,15.0,0,44
libstudy,HTC,MIM,0.7,FGSM,0.3,18.5,15.0,0,44
libstudy,HTC,MIM,0.7,FGSM,0.4,18.5,15.0,0,44
libstudy,HTC,MIM,0.7,FGSM,0.5,18.5,15.0,0,44
libstudy,HTC,MIM,0.7,FGSM,0.6,18.5,15.0,0,44
libstudy,HTC,MIM,0.7,FGSM,0.7,18.5,15.0,0,44
libstudy,HTC,MIM,0.7,FGSM,0.8,18.5,15.0,0,44
libstudy,HTC,MIM,0.7,FGSM,0.9,18.5,15.0,0,44
libstudy,HTC,MIM,0.7,FGSM,1.0,18.5,15.0,0,44
libstudy,LG,MIM,0.7,FGSM,0.1,18.5,15.0,0,44
libstudy,LG,MIM,0.7,FGSM,0.2,18.5,15.0,0,44
libstudy,LG,MIM,0.7,FGSM,0.3,18.5,15.0,0,44
libstudy,LG,MIM,0.7,FGSM,0.4,18.5,15.0,0,44
libstudy,LG,MIM,0.7,FGSM,0.5,18.5,15.0,0,44
libstudy,LG,MIM,0.7,FGSM,0.6,18.5,15.0,0,44
libstudy,LG,MIM,0.7,FGSM,0.7,18.5,15.0,0,44
libstudy,LG,MIM,0.7,FGSM,0.8,18.5,15.0,0,44
libstudy,LG,MIM,0.7,FGSM,0.9,18.5,15.0,0,44
libstudy,LG,MIM,0.7,FGSM,1.0,18.5,15.0,0,44
libstudy,MOTO,MIM,0.7,FGSM,0.1,18.5,15.0,0,44
libstudy,MOTO,MIM,0.7,FGSM,0.2,18.5,15.0,0,44
libstudy,MOTO,MIM,0.7,FGSM,0.3,18.5,15.0,0,44
libstudy,MOTO,MIM,0.7,FGSM,0.4,18.5,15.0,0,44
libstudy,MOTO,MIM,0.7,FGSM,0.5,18.5,15.0,0,44
libstudy,MOTO,MIM,0.7,FGSM,0.6,18.5,15.0,0,44
libstudy,MOTO,MIM,0.7,FGSM,0.7,18.5,15.0,0,44
libstudy,MOTO,MIM,0.7,FGSM,0.8,18.5,15.0,0,44
libstudy,MOTO,MIM,0.7,FGSM,0.9,18.5,15.0,0,44
libstudy,MOTO,MIM,0.7,FGSM,1.0,18.5,15.0,0,44
libstudy,OP3,MIM,0.7,FGSM,0.1,18.5,15.0,0,44
libstudy,OP3,MIM,0.7,FGSM,0.2,18.5,15.0,0,44
libstudy,OP3,MIM,0.7,FGSM,0.3,18.5,15.0,0,44
libstudy,OP3,MIM,0.7,FGSM,0.4,18.5,15.0,0,44
libstudy,OP3,MIM,0.7,FGSM,0.5,18.5,15.0,0,44
libstudy,OP3,MIM,0.7,FGSM,0.6,18.5,15.0,0,44
libstudy,OP3,MIM,0.7,FGSM,0.7,18.5,15.0,0,44
libstudy,OP3,MIM,0.7,FGSM,0.8,18.5,15.0,0,44
libstudy,OP3,MIM,0.7,FGSM,0.9,18.5,15.0,0,44
libstudy,OP3,MIM,0.7,FGSM,1.0,18.5,15.0,0,44
libstudy,S7,MIM,0.7,FGSM,0.1,18.5,15.0,0,44
libstudy,S7,MIM,0.7,FGSM,0.2,18.5,15.0,0,44
libstudy,S7,MIM,0.7,FGSM,0.3,18.5,15.0,0,44
libstudy,S7,MIM,0.7,FGSM,0.4,18.5,15.0,0,44
libstudy,S7,MIM,0.7,FGSM,0.5,18.5,15.0,0,44
libstudy,S7,MIM,0.7,FGSM,0.6,18.5,15.0,0,44
libstudy,S7,MIM,0.7,FGSM,0.7,18.5,15.0,0,44
libstudy,S7,MIM,0.7,FGSM,0.8,18.5,15.0,0,44
libstudy,S7,MIM,0.7,FGSM,0.9,18.5,15.0,0,44
libstudy,S7,MIM,0.7,FGSM,1.0,18.5,15.0,0,44
libstudy,BLU,MIM,0.8,FGSM,0.1,16.2,15.0,0,38
libstudy,BLU,MIM,0.8,FGSM,0.2,16.2,15.0,0,38
libstudy,BLU,MIM,0.8,FGSM,0.3,16.2,15.0,0,38
libstudy,BLU,MIM,0.8,FGSM,0.4,16.2,15.0,0,38
libstudy,BLU,MIM,0.8,FGSM,0.5,16.2,15.0,0,38
libstudy,BLU,MIM,0.8,FGSM,0.6,16.2,15.0,0,38
libstudy,BLU,MIM,0.8,FGSM,0.7,16.2,15.0,0,38
libstudy,BLU,MIM,0.8,FGSM,0.8,16.2,15.0,0,38
libstudy,BLU,MIM,0.8,FGSM,0.9,16.2,15.0,0,38
libstudy,BLU,MIM,0.8,FGSM,1.0,16.2,15.0,0,38
libstudy,HTC,MIM,0.8,FGSM,0.1,16.2,15.0,0,38
libstudy,HTC,MIM,0.8,FGSM,0.2,16.2,15.0,0,38
libstudy,HTC,MIM,0.8,FGSM,0.3,16.2,15.0,0,38
libstudy,HTC,MIM,0.8,FGSM,0.4,16.2,15.0,0,38
libstudy,HTC,MIM,0.8,FGSM,0.5,16.2,15.0,0,38
libstudy,HTC,MIM,0.8,FGSM,0.6,16.2,15.0,0,38
libstudy,HTC,MIM,0.8,FGSM,0.7,16.2,15.0,0,38
libstudy,HTC,MIM,0.8,FGSM,0.8,16.2,15.0,0,38
libstudy,HTC,MIM,0.8,FGSM,0.9,16.2,15.0,0,38
libstudy,HTC,MIM,0.8,FGSM,1.0,16.2,15.0,0,38
libstudy,LG,MIM,0.8,FGSM,0.1,16.2,15.0,0,38
libstudy,LG,MIM,0.8,FGSM,0.2,16.2,15.0,0,38
libstudy,LG,MIM,0.8,FGSM,0.3,16.2,15.0,0,38
libstudy,LG,MIM,0.8,FGSM,0.4,16.2,15.0,0,38
libstudy,LG,MIM,0.8,FGSM,0.5,16.2,15.0,0,38
libstudy,LG,MIM,0.8,FGSM,0.6,16.2,15.0,0,38
libstudy,LG,MIM,0.8,FGSM,0.7,16.2,15.0,0,38
libstudy,LG,MIM,0.8,FGSM,0.8,16.2,15.0,0,38
libstudy,LG,MIM,0.8,FGSM,0.9,16.2,15.0,0,38
libstudy,LG,MIM,0.8,FGSM,1.0,16.2,15.0,0,38
libstudy,MOTO,MIM,0.8,FGSM,0.1,16.2,15.0,0,38
libstudy,MOTO,MIM,0.8,FGSM,0.2,16.2,15.0,0,38
libstudy,MOTO,MIM,0.8,FGSM,0.3,16.2,15.0,0,38
libstudy,MOTO,MIM,0.8,FGSM,0.4,16.2,15.0,0,38
libstudy,MOTO,MIM,0.8,FGSM,0.5,16.2,15.0,0,38
libstudy,MOTO,MIM,0.8,FGSM,0.6,16.2,15.0,0,38
libstudy,MOTO,MIM,0.8,FGSM,0.7,16.2,15.0,0,38
libstudy,MOTO,MIM,0.8,FGSM,0.8,16.2,15.0,0,38
libstudy,MOTO,MIM,0.8,FGSM,0.9,16.2,15.0,0,38
libstudy,MOTO,MIM,0.8,FGSM,1.0,16.2,15.0,0,38
libstudy,OP3,MIM,0.8,FGSM,0.1,16.2,15.0,0,38
libstudy,OP3,MIM,0.8,FGSM,0.2,16.2,15.0,0,38
libstudy,OP3,MIM,0.8,FGSM,0.3,16.2,15.0,0,38
libstudy,OP3,MIM,0.8,FGSM,0.4,16.2,15.0,0,38
libstudy,OP3,MIM,0.8,FGSM,0.5,16.2,15.0,0,38
libstudy,OP3,MIM,0.8,FGSM,0.6,16.2,15.0,0,38
libstudy,OP3,MIM,0.8,FGSM,0.7,16.2,15.0,0,38
libstudy,OP3,MIM,0.8,FGSM,0.8,16.2,15.0,0,38
libstudy,OP3,MIM,0.8,FGSM,0.9,16.2,15.0,0,38
libstudy,OP3,MIM,0.8,FGSM,1.0,16.2,15.0,0,38
libstudy,S7,MIM,0.8,FGSM,0.1,16.2,15.0,0,38
libstudy,S7,MIM,0.8,FGSM,0.2,16.2,15.0,0,38
libstudy,S7,MIM,0.8,FGSM,0.3,16.2,15.0,0,38
libstudy,S7,MIM,0.8,FGSM,0.4,16.2,15.0,0,38
libstudy,S7,MIM,0.8,FGSM,0.5,16.2,15.0,0,38
libstudy,S7,MIM,0.8,FGSM,0.6,16.2,15.0,0,38
libstudy,S7,MIM,0.8,FGSM,0.7,16.2,15.0,0,38
libstudy,S7,MIM,0.8,FGSM,0.8,16.2,15.0,0,38
libstudy,S7,MIM,0.8,FGSM,0.9,16.2,15.0,0,38
libstudy,S7,MIM,0.8,FGSM,1.0,16.2,15.0,0,38
libstudy,BLU,MIM,0.9,FGSM,0.1,20.7,18.5,0,48
libstudy,BLU,MIM,0.9,FGSM,0.2,20.7,18.5,0,48
libstudy,BLU,MIM,0.9,FGSM,0.3,20.7,18.5,0,48
libstudy,BLU,MIM,0.9,FGSM,0.4,20.7,18.5,0,48
libstudy,BLU,MIM,0.9,FGSM,0.5,20.7,18.5,0,48
libstudy,BLU,MIM,0.9,FGSM,0.6,20.7,18.5,0,48
libstudy,BLU,MIM,0.9,FGSM,0.7,20.7,18.5,0,48
libstudy,BLU,MIM,0.9,FGSM,0.8,20.7,18.5,0,48
libstudy,BLU,MIM,0.9,FGSM,0.9,20.7,18.5,0,48
libstudy,BLU,MIM,0.9,FGSM,1.0,20.7,18.5,0,48
libstudy,HTC,MIM,0.9,FGSM,0.1,20.7,18.5,0,48
libstudy,HTC,MIM,0.9,FGSM,0.2,20.7,18.5,0,48
libstudy,HTC,MIM,0.9,FGSM,0.3,20.7,18.5,0,48
libstudy,HTC,MIM,0.9,FGSM,0.4,20.7,18.5,0,48
libstudy,HTC,MIM,0.9,FGSM,0.5,20.7,18.5,0,48
libstudy,HTC,MIM,0.9,FGSM,0.6,20.7,18.5,0,48
libstudy,HTC,MIM,0.9,FGSM,0.7,20.7,18.5,0,48
libstudy,HTC,MIM,0.9,FGSM,0.8,20.7,18.5,0,48
libstudy,HTC,MIM,0.9,FGSM,0.9,20.7,18.5,0,48
libstudy,HTC,MIM,0.9,FGSM,1.0,20.7,18.5,0,48
libstudy,LG,MIM,0.9,FGSM,0.1,20.7,18.5,0,48
libstudy,LG,MIM,0.9,FGSM,0.2,20.7,18.5,0,48
libstudy,LG,MIM,0.9,FGSM,0.3,20.7,18.5,0,48
libstudy,LG,MIM,0.9,FGSM,0.4,20.7,18.5,0,48
libstudy,LG,MIM,0.9,FGSM,0.5,20.7,18.5,0,48
libstudy,LG,MIM,0.9,FGSM,0.6,20.7,18.5,0,48
libstudy,LG,MIM,0.9,FGSM,0.7,20.7,18.5,0,48
libstudy,LG,MIM,0.9,FGSM,0.8,20.7,18.5,0,48
libstudy,LG,MIM,0.9,FGSM,0.9,20.7,18.5,0,48
libstudy,LG,MIM,0.9,FGSM,1.0,20.7,18.5,0,48
libstudy,MOTO,MIM,0.9,FGSM,0.1,20.7,18.5,0,48
libstudy,MOTO,MIM,0.9,FGSM,0.2,20.7,18.5,0,48
libstudy,MOTO,MIM,0.9,FGSM,0.3,20.7,18.5,0,48
libstudy,MOTO,MIM,0.9,FGSM,0.4,20.7,18.5,0,48
libstudy,MOTO,MIM,0.9,FGSM,0.5,20.7,18.5,0,48
libstudy,MOTO,MIM,0.9,FGSM,0.6,20.7,18.5,0,48
libstudy,MOTO,MIM,0.9,FGSM,0.7,20.7,18.5,0,48
libstudy,MOTO,MIM,0.9,FGSM,0.8,20.7,18.5,0,48
libstudy,MOTO,MIM,0.9,FGSM,0.9,20.7,18.5,0,48
libstudy,MOTO,MIM,0.9,FGSM,1.0,20.7,18.5,0,48
libstudy,OP3,MIM,0.9,FGSM,0.1,20.7,18.5,0,48
libstudy,OP3,MIM,0.9,FGSM,0.2,20.7,18.5,0,48
libstudy,OP3,MIM,0.9,FGSM,0.3,20.7,18.5,0,48
libstudy,OP3,MIM,0.9,FGSM,0.4,20.7,18.5,0,48
libstudy,OP3,MIM,0.9,FGSM,0.5,20.7,18.5,0,48
libstudy,OP3,MIM,0.9,FGSM,0.6,20.7,18.5,0,48
libstudy,OP3,MIM,0.9,FGSM,0.7,20.7,18.5,0,48
libstudy,OP3,MIM,0.9,FGSM,0.8,20.7,18.5,0,48
libstudy,OP3,MIM,0.9,FGSM,0.9,20.7,18.5,0,48
libstudy,OP3,MIM,0.9,FGSM,1.0,20.7,18.5,0,48
libstudy,S7,MIM,0.9,FGSM,0.1,20.7,18.5,0,48
libstudy,S7,MIM,0.9,FGSM,0.2,20.7,18.5,0,48
libstudy,S7,MIM,0.9,FGSM,0.3,20.7,18.5,0,48
libstudy,S7,MIM,0.9,FGSM,0.4,20.7,18.5,0,48
libstudy,S7,MIM,0.9,FGSM,0.5,20.7,18.5,0,48
libstudy,S7,MIM,0.9,FGSM,0.6,20.7,18.5,0,48
libstudy,S7,MIM,0.9,FGSM,0.7,20.7,18.5,0,48
libstudy,S7,MIM,0.9,FGSM,0.8,20.7,18.5,0,48
libstudy,S7,MIM,0.9,FGSM,0.9,20.7,18.5,0,48
libstudy,S7,MIM,0.9,FGSM,1.0,20.7,18.5,0,48
libstudy,BLU,MIM,1.0,FGSM,0.1,16.5,15.0,0,39
libstudy,BLU,MIM,1.0,FGSM,0.2,16.5,15.0,0,39
libstudy,BLU,MIM,1.0,FGSM,0.3,16.5,15.0,0,39
libstudy,BLU,MIM,1.0,FGSM,0.4,16.5,15.0,0,39
libstudy,BLU,MIM,1.0,FGSM,0.5,16.5,15.0,0,39
libstudy,BLU,MIM,1.0,FGSM,0.6,16.5,15.0,0,39
libstudy,BLU,MIM,1.0,FGSM,0.7,16.5,15.0,0,39
libstudy,BLU,MIM,1.0,FGSM,0.8,16.5,15.0,0,39
libstudy,BLU,MIM,1.0,FGSM,0.9,16.5,15.0,0,39
libstudy,BLU,MIM,1.0,FGSM,1.0,16.5,15.0,0,39
libstudy,HTC,MIM,1.0,FGSM,0.1,16.5,15.0,0,39
libstudy,HTC,MIM,1.0,FGSM,0.2,16.5,15.0,0,39
libstudy,HTC,MIM,1.0,FGSM,0.3,16.5,15.0,0,39
libstudy,HTC,MIM,1.0,FGSM,0.4,16.5,15.0,0,39
libstudy,HTC,MIM,1.0,FGSM,0.5,16.5,15.0,0,39
libstudy,HTC,MIM,1.0,FGSM,0.6,16.5,15.0,0,39
libstudy,HTC,MIM,1.0,FGSM,0.7,16.5,15.0,0,39
libstudy,HTC,MIM,1.0,FGSM,0.8,16.5,15.0,0,39
libstudy,HTC,MIM,1.0,FGSM,0.9,16.5,15.0,0,39
libstudy,HTC,MIM,1.0,FGSM,1.0,16.5,15.0,0,39
libstudy,LG,MIM,1.0,FGSM,0.1,16.5,15.0,0,39
libstudy,LG,MIM,1.0,FGSM,0.2,16.5,15.0,0,39
libstudy,LG,MIM,1.0,FGSM,0.3,16.5,15.0,0,39
libstudy,LG,MIM,1.0,FGSM,0.4,16.5,15.0,0,39
libstudy,LG,MIM,1.0,FGSM,0.5,16.5,15.0,0,39
libstudy,LG,MIM,1.0,FGSM,0.6,16.5,15.0,0,39
libstudy,LG,MIM,1.0,FGSM,0.7,16.5,15.0,0,39
libstudy,LG,MIM,1.0,FGSM,0.8,16.5,15.0,0,39
libstudy,LG,MIM,1.0,FGSM,0.9,16.5,15.0,0,39
libstudy,LG,MIM,1.0,FGSM,1.0,16.5,15.0,0,39
libstudy,MOTO,MIM,1.0,FGSM,0.1,16.5,15.0,0,39
libstudy,MOTO,MIM,1.0,FGSM,0.2,16.5,15.0,0,39
libstudy,MOTO,MIM,1.0,FGSM,0.3,16.5,15.0,0,39
libstudy,MOTO,MIM,1.0,FGSM,0.4,16.5,15.0,0,39
libstudy,MOTO,MIM,1.0,FGSM,0.5,16.5,15.0,0,39
libstudy,MOTO,MIM,1.0,FGSM,0.6,16.5,15.0,0,39
libstudy,MOTO,MIM,1.0,FGSM,0.7,16.5,15.0,0,39
libstudy,MOTO,MIM,1.0,FGSM,0.8,16.5,15.0,0,39
libstudy,MOTO,MIM,1.0,FGSM,0.9,16.5,15.0,0,39
libstudy,MOTO,MIM,1.0,FGSM,1.0,16.5,15.0,0,39
libstudy,OP3,MIM,1.0,FGSM,0.1,16.5,15.0,0,39
libstudy,OP3,MIM,1.0,FGSM,0.2,16.5,15.0,0,39
libstudy,OP3,MIM,1.0,FGSM,0.3,16.5,15.0,0,39
libstudy,OP3,MIM,1.0,FGSM,0.4,16.5,15.0,0,39
libstudy,OP3,MIM,1.0,FGSM,0.5,16.5,15.0,0,39
libstudy,OP3,MIM,1.0,FGSM,0.6,16.5,15.0,0,39
libstudy,OP3,MIM,1.0,FGSM,0.7,16.5,15.0,0,39
libstudy,OP3,MIM,1.0,FGSM,0.8,16.5,15.0,0,39
libstudy,OP3,MIM,1.0,FGSM,0.9,16.5,15.0,0,39
libstudy,OP3,MIM,1.0,FGSM,1.0,16.5,15.0,0,39
libstudy,S7,MIM,1.0,FGSM,0.1,16.5,15.0,0,39
libstudy,S7,MIM,1.0,FGSM,0.2,16.5,15.0,0,39
libstudy,S7,MIM,1.0,FGSM,0.3,16.5,15.0,0,39
libstudy,S7,MIM,1.0,FGSM,0.4,16.5,15.0,0,39
libstudy,S7,MIM,1.0,FGSM,0.5,16.5,15.0,0,39
libstudy,S7,MIM,1.0,FGSM,0.6,16.5,15.0,0,39
libstudy,S7,MIM,1.0,FGSM,0.7,16.5,15.0,0,39
libstudy,S7,MIM,1.0,FGSM,0.8,16.5,15.0,0,39
libstudy,S7,MIM,1.0,FGSM,0.9,16.5,15.0,0,39
libstudy,S7,MIM,1.0,FGSM,1.0,16.5,15.0,0,39
libstudy,BLU,BIM,0.1,FGSM,0.1,15.7,15.0,0,36
libstudy,BLU,BIM,0.1,FGSM,0.2,15.7,15.0,0,36
libstudy,BLU,BIM,0.1,FGSM,0.3,15.7,15.0,0,36
libstudy,BLU,BIM,0.1,FGSM,0.4,15.7,15.0,0,36
libstudy,BLU,BIM,0.1,FGSM,0.5,15.7,15.0,0,36
libstudy,BLU,BIM,0.1,FGSM,0.6,15.7,15.0,0,36
libstudy,BLU,BIM,0.1,FGSM,0.7,15.7,15.0,0,36
libstudy,BLU,BIM,0.1,FGSM,0.8,15.7,15.0,0,36
libstudy,BLU,BIM,0.1,FGSM,0.9,15.7,15.0,0,36
libstudy,BLU,BIM,0.1,FGSM,1.0,15.7,15.0,0,36
libstudy,HTC,BIM,0.1,FGSM,0.1,15.7,15.0,0,36
libstudy,HTC,BIM,0.1,FGSM,0.2,15.7,15.0,0,36
libstudy,HTC,BIM,0.1,FGSM,0.3,15.7,15.0,0,36
libstudy,HTC,BIM,0.1,FGSM,0.4,15.7,15.0,0,36
libstudy,HTC,BIM,0.1,FGSM,0.5,15.7,15.0,0,36
libstudy,HTC,BIM,0.1,FGSM,0.6,15.7,15.0,0,36
libstudy,HTC,BIM,0.1,FGSM,0.7,15.7,15.0,0,36
libstudy,HTC,BIM,0.1,FGSM,0.8,15.7,15.0,0,36
libstudy,HTC,BIM,0.1,FGSM,0.9,15.7,15.0,0,36
libstudy,HTC,BIM,0.1,FGSM,1.0,15.7,15.0,0,36
libstudy,LG,BIM,0.1,FGSM,0.1,15.7,15.0,0,36
libstudy,LG,BIM,0.1,FGSM,0.2,15.7,15.0,0,36
libstudy,LG,BIM,0.1,FGSM,0.3,15.7,15.0,0,36
libstudy,LG,BIM,0.1,FGSM,0.4,15.7,15.0,0,36
libstudy,LG,BIM,0.1,FGSM,0.5,15.7,15.0,0,36
libstudy,LG,BIM,0.1,FGSM,0.6,15.7,15.0,0,36
libstudy,LG,BIM,0.1,FGSM,0.7,15.7,15.0,0,36
libstudy,LG,BIM,0.1,FGSM,0.8,15.7,15.0,0,36
libstudy,LG,BIM,0.1,FGSM,0.9,15.7,15.0,0,36
libstudy,LG,BIM,0.1,FGSM,1.0,15.7,15.0,0,36
libstudy,MOTO,BIM,0.1,FGSM,0.1,15.7,15.0,0,36
libstudy,MOTO,BIM,0.1,FGSM,0.2,15.7,15.0,0,36
libstudy,MOTO,BIM,0.1,FGSM,0.3,15.7,15.0,0,36
libstudy,MOTO,BIM,0.1,FGSM,0.4,15.7,15.0,0,36
libstudy,MOTO,BIM,0.1,FGSM,0.5,15.7,15.0,0,36
libstudy,MOTO,BIM,0.1,FGSM,0.6,15.7,15.0,0,36
libstudy,MOTO,BIM,0.1,FGSM,0.7,15.7,15.0,0,36
libstudy,MOTO,BIM,0.1,FGSM,0.8,15.7,15.0,0,36
libstudy,MOTO,BIM,0.1,FGSM,0.9,15.7,15.0,0,36
libstudy,MOTO,BIM,0.1,FGSM,1.0,15.7,15.0,0,36
libstudy,OP3,BIM,0.1,FGSM,0.1,18.5,15.0,0,44
libstudy,OP3,BIM,0.1,FGSM,0.2,18.5,15.0,0,44
libstudy,OP3,BIM,0.1,FGSM,0.3,18.5,15.0,0,44
libstudy,OP3,BIM,0.1,FGSM,0.4,18.5,15.0,0,44
libstudy,OP3,BIM,0.1,FGSM,0.5,18.5,15.0,0,44
libstudy,OP3,BIM,0.1,FGSM,0.6,18.5,15.0,0,44
libstudy,OP3,BIM,0.1,FGSM,0.7,18.5,15.0,0,44
libstudy,OP3,BIM,0.1,FGSM,0.8,18.5,15.0,0,44
libstudy,OP3,BIM,0.1,FGSM,0.9,18.5,15.0,0,44
libstudy,OP3,BIM,0.1,FGSM,1.0,18.5,15.0,0,44
libstudy,S7,BIM,0.1,FGSM,0.1,18.5,15.0,0,44
libstudy,S7,BIM,0.1,FGSM,0.2,18.5,15.0,0,44
libstudy,S7,BIM,0.1,FGSM,0.3,18.5,15.0,0,44
libstudy,S7,BIM,0.1,FGSM,0.4,18.5,15.0,0,44
libstudy,S7,BIM,0.1,FGSM,0.5,18.5,15.0,0,44
libstudy,S7,BIM,0.1,FGSM,0.6,18.5,15.0,0,44
libstudy,S7,BIM,0.1,FGSM,0.7,18.5,15.0,0,44
libstudy,S7,BIM,0.1,FGSM,0.8,18.5,15.0,0,44
libstudy,S7,BIM,0.1,FGSM,0.9,18.5,15.0,0,44
libstudy,S7,BIM,0.1,FGSM,1.0,18.5,15.0,0,44
libstudy,BLU,BIM,0.2,FGSM,0.1,28.533333333333335,28.5,0,58
libstudy,BLU,BIM,0.2,FGSM,0.2,28.533333333333335,28.5,0,58
libstudy,BLU,BIM,0.2,FGSM,0.3,28.533333333333335,28.5,0,58
libstudy,BLU,BIM,0.2,FGSM,0.4,28.533333333333335,28.5,0,58
libstudy,BLU,BIM,0.2,FGSM,0.5,28.533333333333335,28.5,0,58
libstudy,BLU,BIM,0.2,FGSM,0.6,28.533333333333335,28.5,0,58
libstudy,BLU,BIM,0.2,FGSM,0.7,28.533333333333335,28.5,0,58
libstudy,BLU,BIM,0.2,FGSM,0.8,28.533333333333335,28.5,0,58
libstudy,BLU,BIM,0.2,FGSM,0.9,28.533333333333335,28.5,0,58
libstudy,BLU,BIM,0.2,FGSM,1.0,28.533333333333335,28.5,0,58
libstudy,HTC,BIM,0.2,FGSM,0.1,28.533333333333335,28.5,0,58
libstudy,HTC,BIM,0.2,FGSM,0.2,28.533333333333335,28.5,0,58
libstudy,HTC,BIM,0.2,FGSM,0.3,28.533333333333335,28.5,0,58
libstudy,HTC,BIM,0.2,FGSM,0.4,28.533333333333335,28.5,0,58
libstudy,HTC,BIM,0.2,FGSM,0.5,28.533333333333335,28.5,0,58
libstudy,HTC,BIM,0.2,FGSM,0.6,28.533333333333335,28.5,0,58
libstudy,HTC,BIM,0.2,FGSM,0.7,28.533333333333335,28.5,0,58
libstudy,HTC,BIM,0.2,FGSM,0.8,28.533333333333335,28.5,0,58
libstudy,HTC,BIM,0.2,FGSM,0.9,28.533333333333335,28.5,0,58
libstudy,HTC,BIM,0.2,FGSM,1.0,28.533333333333335,28.5,0,58
libstudy,LG,BIM,0.2,FGSM,0.1,28.533333333333335,28.5,0,58
libstudy,LG,BIM,0.2,FGSM,0.2,28.533333333333335,28.5,0,58
libstudy,LG,BIM,0.2,FGSM,0.3,28.533333333333335,28.5,0,58
libstudy,LG,BIM,0.2,FGSM,0.4,28.533333333333335,28.5,0,58
libstudy,LG,BIM,0.2,FGSM,0.5,28.533333333333335,28.5,0,58
libstudy,LG,BIM,0.2,FGSM,0.6,28.533333333333335,28.5,0,58
libstudy,LG,BIM,0.2,FGSM,0.7,28.533333333333335,28.5,0,58
libstudy,LG,BIM,0.2,FGSM,0.8,28.533333333333335,28.5,0,58
libstudy,LG,BIM,0.2,FGSM,0.9,28.533333333333335,28.5,0,58
libstudy,LG,BIM,0.2,FGSM,1.0,28.533333333333335,28.5,0,58
libstudy,MOTO,BIM,0.2,FGSM,0.1,28.533333333333335,28.5,0,58
libstudy,MOTO,BIM,0.2,FGSM,0.2,28.533333333333335,28.5,0,58
libstudy,MOTO,BIM,0.2,FGSM,0.3,28.533333333333335,28.5,0,58
libstudy,MOTO,BIM,0.2,FGSM,0.4,28.533333333333335,28.5,0,58
libstudy,MOTO,BIM,0.2,FGSM,0.5,28.533333333333335,28.5,0,58
libstudy,MOTO,BIM,0.2,FGSM,0.6,28.533333333333335,28.5,0,58
libstudy,MOTO,BIM,0.2,FGSM,0.7,28.533333333333335,28.5,0,58
libstudy,MOTO,BIM,0.2,FGSM,0.8,28.533333333333335,28.5,0,58
libstudy,MOTO,BIM,0.2,FGSM,0.9,28.533333333333335,28.5,0,58
libstudy,MOTO,BIM,0.2,FGSM,1.0,28.533333333333335,28.5,0,58
libstudy,OP3,BIM,0.2,FGSM,0.1,28.533333333333335,28.5,0,58
libstudy,OP3,BIM,0.2,FGSM,0.2,28.533333333333335,28.5,0,58
libstudy,OP3,BIM,0.2,FGSM,0.3,28.533333333333335,28.5,0,58
libstudy,OP3,BIM,0.2,FGSM,0.4,28.533333333333335,28.5,0,58
libstudy,OP3,BIM,0.2,FGSM,0.5,28.533333333333335,28.5,0,58
libstudy,OP3,BIM,0.2,FGSM,0.6,28.533333333333335,28.5,0,58
libstudy,OP3,BIM,0.2,FGSM,0.7,28.533333333333335,28.5,0,58
libstudy,OP3,BIM,0.2,FGSM,0.8,28.533333333333335,28.5,0,58
libstudy,OP3,BIM,0.2,FGSM,0.9,28.533333333333335,28.5,0,58
libstudy,OP3,BIM,0.2,FGSM,1.0,28.533333333333335,28.5,0,58
libstudy,S7,BIM,0.2,FGSM,0.1,28.533333333333335,28.5,0,58
libstudy,S7,BIM,0.2,FGSM,0.2,28.533333333333335,28.5,0,58
libstudy,S7,BIM,0.2,FGSM,0.3,28.533333333333335,28.5,0,58
libstudy,S7,BIM,0.2,FGSM,0.4,28.533333333333335,28.5,0,58
libstudy,S7,BIM,0.2,FGSM,0.5,28.533333333333335,28.5,0,58
libstudy,S7,BIM,0.2,FGSM,0.6,28.533333333333335,28.5,0,58
libstudy,S7,BIM,0.2,FGSM,0.7,28.533333333333335,28.5,0,58
libstudy,S7,BIM,0.2,FGSM,0.8,28.533333333333335,28.5,0,58
libstudy,S7,BIM,0.2,FGSM,0.9,28.533333333333335,28.5,0,58
libstudy,S7,BIM,0.2,FGSM,1.0,28.533333333333335,28.5,0,58
libstudy,BLU,BIM,0.3,FGSM,0.1,24.2,23.5,0,53
libstudy,BLU,BIM,0.3,FGSM,0.2,24.2,23.5,0,53
libstudy,BLU,BIM,0.3,FGSM,0.3,24.2,23.5,0,53
libstudy,BLU,BIM,0.3,FGSM,0.4,24.2,23.5,0,53
libstudy,BLU,BIM,0.3,FGSM,0.5,24.2,23.5,0,53
libstudy,BLU,BIM,0.3,FGSM,0.6,24.2,23.5,0,53
libstudy,BLU,BIM,0.3,FGSM,0.7,24.2,23.5,0,53
libstudy,BLU,BIM,0.3,FGSM,0.8,24.2,23.5,0,53
libstudy,BLU,BIM,0.3,FGSM,0.9,24.2,23.5,0,53
libstudy,BLU,BIM,0.3,FGSM,1.0,24.2,23.5,0,53
libstudy,HTC,BIM,0.3,FGSM,0.1,24.2,23.5,0,53
libstudy,HTC,BIM,0.3,FGSM,0.2,24.2,23.5,0,53
libstudy,HTC,BIM,0.3,FGSM,0.3,24.2,23.5,0,53
libstudy,HTC,BIM,0.3,FGSM,0.4,24.2,23.5,0,53
libstudy,HTC,BIM,0.3,FGSM,0.5,24.2,23.5,0,53
libstudy,HTC,BIM,0.3,FGSM,0.6,24.2,23.5,0,53
libstudy,HTC,BIM,0.3,FGSM,0.7,24.2,23.5,0,53
libstudy,HTC,BIM,0.3,FGSM,0.8,24.2,23.5,0,53
libstudy,HTC,BIM,0.3,FGSM,0.9,24.2,23.5,0,53
libstudy,HTC,BIM,0.3,FGSM,1.0,24.2,23.5,0,53
libstudy,LG,BIM,0.3,FGSM,0.1,24.2,23.5,0,53
libstudy,LG,BIM,0.3,FGSM,0.2,24.2,23.5,0,53
libstudy,LG,BIM,0.3,FGSM,0.3,24.2,23.5,0,53
libstudy,LG,BIM,0.3,FGSM,0.4,24.2,23.5,0,53
libstudy,LG,BIM,0.3,FGSM,0.5,24.2,23.5,0,53
libstudy,LG,BIM,0.3,FGSM,0.6,24.2,23.5,0,53
libstudy,LG,BIM,0.3,FGSM,0.7,24.2,23.5,0,53
libstudy,LG,BIM,0.3,FGSM,0.8,24.2,23.5,0,53
libstudy,LG,BIM,0.3,FGSM,0.9,24.2,23.5,0,53
libstudy,LG,BIM,0.3,FGSM,1.0,24.2,23.5,0,53
libstudy,MOTO,BIM,0.3,FGSM,0.1,24.2,23.5,0,53
libstudy,MOTO,BIM,0.3,FGSM,0.2,24.2,23.5,0,53
libstudy,MOTO,BIM,0.3,FGSM,0.3,24.2,23.5,0,53
libstudy,MOTO,BIM,0.3,FGSM,0.4,24.2,23.5,0,53
libstudy,MOTO,BIM,0.3,FGSM,0.5,24.2,23.5,0,53
libstudy,MOTO,BIM,0.3,FGSM,0.6,24.2,23.5,0,53
libstudy,MOTO,BIM,0.3,FGSM,0.7,24.2,23.5,0,53
libstudy,MOTO,BIM,0.3,FGSM,0.8,24.2,23.5,0,53
libstudy,MOTO,BIM,0.3,FGSM,0.9,24.2,23.5,0,53
libstudy,MOTO,BIM,0.3,FGSM,1.0,24.2,23.5,0,53
libstudy,OP3,BIM,0.3,FGSM,0.1,24.2,23.5,0,53
libstudy,OP3,BIM,0.3,FGSM,0.2,24.2,23.5,0,53
libstudy,OP3,BIM,0.3,FGSM,0.3,24.2,23.5,0,53
libstudy,OP3,BIM,0.3,FGSM,0.4,24.2,23.5,0,53
libstudy,OP3,BIM,0.3,FGSM,0.5,24.2,23.5,0,53
libstudy,OP3,BIM,0.3,FGSM,0.6,24.2,23.5,0,53
libstudy,OP3,BIM,0.3,FGSM,0.7,24.2,23.5,0,53
libstudy,OP3,BIM,0.3,FGSM,0.8,24.2,23.5,0,53
libstudy,OP3,BIM,0.3,FGSM,0.9,24.2,23.5,0,53
libstudy,OP3,BIM,0.3,FGSM,1.0,24.2,23.5,0,53
libstudy,S7,BIM,0.3,FGSM,0.1,24.2,23.5,0,53
libstudy,S7,BIM,0.3,FGSM,0.2,24.2,23.5,0,53
libstudy,S7,BIM,0.3,FGSM,0.3,24.2,23.5,0,53
libstudy,S7,BIM,0.3,FGSM,0.4,24.2,23.5,0,53
libstudy,S7,BIM,0.3,FGSM,0.5,24.2,23.5,0,53
libstudy,S7,BIM,0.3,FGSM,0.6,24.2,23.5,0,53
libstudy,S7,BIM,0.3,FGSM,0.7,24.2,23.5,0,53
libstudy,S7,BIM,0.3,FGSM,0.8,24.2,23.5,0,53
libstudy,S7,BIM,0.3,FGSM,0.9,24.2,23.5,0,53
libstudy,S7,BIM,0.3,FGSM,1.0,24.2,23.5,0,53
libstudy,BLU,BIM,0.4,FGSM,0.1,23.433333333333334,22.5,0,52
libstudy,BLU,BIM,0.4,FGSM,0.2,23.433333333333334,22.5,0,52
libstudy,BLU,BIM,0.4,FGSM,0.3,23.433333333333334,22.5,0,52
libstudy,BLU,BIM,0.4,FGSM,0.4,23.433333333333334,22.5,0,52
libstudy,BLU,BIM,0.4,FGSM,0.5,23.433333333333334,22.5,0,52
libstudy,BLU,BIM,0.4,FGSM,0.6,23.433333333333334,22.5,0,52
libstudy,BLU,BIM,0.4,FGSM,0.7,23.433333333333334,22.5,0,52
libstudy,BLU,BIM,0.4,FGSM,0.8,23.433333333333334,22.5,0,52
libstudy,BLU,BIM,0.4,FGSM,0.9,23.433333333333334,22.5,0,52
libstudy,BLU,BIM,0.4,FGSM,1.0,23.433333333333334,22.5,0,52
libstudy,HTC,BIM,0.4,FGSM,0.1,23.433333333333334,22.5,0,52
libstudy,HTC,BIM,0.4,FGSM,0.2,23.433333333333334,22.5,0,52
libstudy,HTC,BIM,0.4,FGSM,0.3,23.433333333333334,22.5,0,52
libstudy,HTC,BIM,0.4,FGSM,0.4,23.433333333333334,22.5,0,52
libstudy,HTC,BIM,0.4,FGSM,0.5,23.433333333333334,22.5,0,52
libstudy,HTC,BIM,0.4,FGSM,0.6,23.433333333333334,22.5,0,52
libstudy,HTC,BIM,0.4,FGSM,0.7,23.433333333333334,22.5,0,52
libstudy,HTC,BIM,0.4,FGSM,0.8,23.433333333333334,22.5,0,52
libstudy,HTC,BIM,0.4,FGSM,0.9,23.433333333333334,22.5,0,52
libstudy,HTC,BIM,0.4,FGSM,1.0,23.433333333333334,22.5,0,52
libstudy,LG,BIM,0.4,FGSM,0.1,23.433333333333334,22.5,0,52
libstudy,LG,BIM,0.4,FGSM,0.2,23.433333333333334,22.5,0,52
libstudy,LG,BIM,0.4,FGSM,0.3,23.433333333333334,22.5,0,52
libstudy,LG,BIM,0.4,FGSM,0.4,23.433333333333334,22.5,0,52
libstudy,LG,BIM,0.4,FGSM,0.5,23.433333333333334,22.5,0,52
libstudy,LG,BIM,0.4,FGSM,0.6,23.433333333333334,22.5,0,52
libstudy,LG,BIM,0.4,FGSM,0.7,23.433333333333334,22.5,0,52
libstudy,LG,BIM,0.4,FGSM,0.8,23.433333333333334,22.5,0,52
libstudy,LG,BIM,0.4,FGSM,0.9,23.433333333333334,22.5,0,52
libstudy,LG,BIM,0.4,FGSM,1.0,23.433333333333334,22.5,0,52
libstudy,MOTO,BIM,0.4,FGSM,0.1,23.433333333333334,22.5,0,52
libstudy,MOTO,BIM,0.4,FGSM,0.2,23.433333333333334,22.5,0,52
libstudy,MOTO,BIM,0.4,FGSM,0.3,23.433333333333334,22.5,0,52
libstudy,MOTO,BIM,0.4,FGSM,0.4,23.433333333333334,22.5,0,52
libstudy,MOTO,BIM,0.4,FGSM,0.5,23.433333333333334,22.5,0,52
libstudy,MOTO,BIM,0.4,FGSM,0.6,23.433333333333334,22.5,0,52
libstudy,MOTO,BIM,0.4,FGSM,0.7,23.433333333333334,22.5,0,52
libstudy,MOTO,BIM,0.4,FGSM,0.8,23.433333333333334,22.5,0,52
libstudy,MOTO,BIM,0.4,FGSM,0.9,23.433333333333334,22.5,0,52
libstudy,MOTO,BIM,0.4,FGSM,1.0,23.433333333333334,22.5,0,52
libstudy,OP3,BIM,0.4,FGSM,0.1,23.433333333333334,22.5,0,52
libstudy,OP3,BIM,0.4,FGSM,0.2,23.433333333333334,22.5,0,52
libstudy,OP3,BIM,0.4,FGSM,0.3,23.433333333333334,22.5,0,52
libstudy,OP3,BIM,0.4,FGSM,0.4,23.433333333333334,22.5,0,52
libstudy,OP3,BIM,0.4,FGSM,0.5,23.433333333333334,22.5,0,52
libstudy,OP3,BIM,0.4,FGSM,0.6,23.433333333333334,22.5,0,52
libstudy,OP3,BIM,0.4,FGSM,0.7,23.433333333333334,22.5,0,52
libstudy,OP3,BIM,0.4,FGSM,0.8,23.433333333333334,22.5,0,52
libstudy,OP3,BIM,0.4,FGSM,0.9,23.433333333333334,22.5,0,52
libstudy,OP3,BIM,0.4,FGSM,1.0,23.433333333333334,22.5,0,52
libstudy,S7,BIM,0.4,FGSM,0.1,23.433333333333334,22.5,0,52
libstudy,S7,BIM,0.4,FGSM,0.2,23.433333333333334,22.5,0,52
libstudy,S7,BIM,0.4,FGSM,0.3,23.433333333333334,22.5,0,52
libstudy,S7,BIM,0.4,FGSM,0.4,23.433333333333334,22.5,0,52
libstudy,S7,BIM,0.4,FGSM,0.5,23.433333333333334,22.5,0,52
libstudy,S7,BIM,0.4,FGSM,0.6,23.433333333333334,22.5,0,52
libstudy,S7,BIM,0.4,FGSM,0.7,23.433333333333334,22.5,0,52
libstudy,S7,BIM,0.4,FGSM,0.8,23.433333333333334,22.5,0,52
libstudy,S7,BIM,0.4,FGSM,0.9,23.433333333333334,22.5,0,52
libstudy,S7,BIM,0.4,FGSM,1.0,23.433333333333334,22.5,0,52
libstudy,BLU,BIM,0.5,FGSM,0.1,28.533333333333335,28.5,0,58
libstudy,BLU,BIM,0.5,FGSM,0.2,28.533333333333335,28.5,0,58
libstudy,BLU,BIM,0.5,FGSM,0.3,28.533333333333335,28.5,0,58
libstudy,BLU,BIM,0.5,FGSM,0.4,28.533333333333335,28.5,0,58
libstudy,BLU,BIM,0.5,FGSM,0.5,28.533333333333335,28.5,0,58
libstudy,BLU,BIM,0.5,FGSM,0.6,28.533333333333335,28.5,0,58
libstudy,BLU,BIM,0.5,FGSM,0.7,28.533333333333335,28.5,0,58
libstudy,BLU,BIM,0.5,FGSM,0.8,28.533333333333335,28.5,0,58
libstudy,BLU,BIM,0.5,FGSM,0.9,28.533333333333335,28.5,0,58
libstudy,BLU,BIM,0.5,FGSM,1.0,28.533333333333335,28.5,0,58
libstudy,HTC,BIM,0.5,FGSM,0.1,28.533333333333335,28.5,0,58
libstudy,HTC,BIM,0.5,FGSM,0.2,28.533333333333335,28.5,0,58
libstudy,HTC,BIM,0.5,FGSM,0.3,28.533333333333335,28.5,0,58
libstudy,HTC,BIM,0.5,FGSM,0.4,28.533333333333335,28.5,0,58
libstudy,HTC,BIM,0.5,FGSM,0.5,28.533333333333335,28.5,0,58
libstudy,HTC,BIM,0.5,FGSM,0.6,28.533333333333335,28.5,0,58
libstudy,HTC,BIM,0.5,FGSM,0.7,28.533333333333335,28.5,0,58
libstudy,HTC,BIM,0.5,FGSM,0.8,28.533333333333335,28.5,0,58
libstudy,HTC,BIM,0.5,FGSM,0.9,28.533333333333335,28.5,0,58
libstudy,HTC,BIM,0.5,FGSM,1.0,28.533333333333335,28.5,0,58
libstudy,LG,BIM,0.5,FGSM,0.1,28.533333333333335,28.5,0,58
libstudy,LG,BIM,0.5,FGSM,0.2,28.533333333333335,28.5,0,58
libstudy,LG,BIM,0.5,FGSM,0.3,28.533333333333335,28.5,0,58
libstudy,LG,BIM,0.5,FGSM,0.4,28.533333333333335,28.5,0,58
libstudy,LG,BIM,0.5,FGSM,0.5,28.533333333333335,28.5,0,58
libstudy,LG,BIM,0.5,FGSM,0.6,28.533333333333335,28.5,0,58
libstudy,LG,BIM,0.5,FGSM,0.7,28.533333333333335,28.5,0,58
libstudy,LG,BIM,0.5,FGSM,0.8,28.533333333333335,28.5,0,58
libstudy,LG,BIM,0.5,FGSM,0.9,28.533333333333335,28.5,0,58
libstudy,LG,BIM,0.5,FGSM,1.0,28.533333333333335,28.5,0,58
libstudy,MOTO,BIM,0.5,FGSM,0.1,28.533333333333335,28.5,0,58
libstudy,MOTO,BIM,0.5,FGSM,0.2,28.533333333333335,28.5,0,58
libstudy,MOTO,BIM,0.5,FGSM,0.3,28.533333333333335,28.5,0,58
libstudy,MOTO,BIM,0.5,FGSM,0.4,28.533333333333335,28.5,0,58
libstudy,MOTO,BIM,0.5,FGSM,0.5,28.533333333333335,28.5,0,58
libstudy,MOTO,BIM,0.5,FGSM,0.6,28.533333333333335,28.5,0,58
libstudy,MOTO,BIM,0.5,FGSM,0.7,28.533333333333335,28.5,0,58
libstudy,MOTO,BIM,0.5,FGSM,0.8,28.533333333333335,28.5,0,58
libstudy,MOTO,BIM,0.5,FGSM,0.9,28.533333333333335,28.5,0,58
libstudy,MOTO,BIM,0.5,FGSM,1.0,28.533333333333335,28.5,0,58
libstudy,OP3,BIM,0.5,FGSM,0.1,28.533333333333335,28.5,0,58
libstudy,OP3,BIM,0.5,FGSM,0.2,28.533333333333335,28.5,0,58
libstudy,OP3,BIM,0.5,FGSM,0.3,28.533333333333335,28.5,0,58
libstudy,OP3,BIM,0.5,FGSM,0.4,28.533333333333335,28.5,0,58
libstudy,OP3,BIM,0.5,FGSM,0.5,28.533333333333335,28.5,0,58
libstudy,OP3,BIM,0.5,FGSM,0.6,28.533333333333335,28.5,0,58
libstudy,OP3,BIM,0.5,FGSM,0.7,28.533333333333335,28.5,0,58
libstudy,OP3,BIM,0.5,FGSM,0.8,28.533333333333335,28.5,0,58
libstudy,OP3,BIM,0.5,FGSM,0.9,28.533333333333335,28.5,0,58
libstudy,OP3,BIM,0.5,FGSM,1.0,28.533333333333335,28.5,0,58
libstudy,S7,BIM,0.5,FGSM,0.1,28.533333333333335,28.5,0,58
libstudy,S7,BIM,0.5,FGSM,0.2,28.533333333333335,28.5,0,58
libstudy,S7,BIM,0.5,FGSM,0.3,28.533333333333335,28.5,0,58
libstudy,S7,BIM,0.5,FGSM,0.4,28.533333333333335,28.5,0,58
libstudy,S7,BIM,0.5,FGSM,0.5,28.533333333333335,28.5,0,58
libstudy,S7,BIM,0.5,FGSM,0.6,28.533333333333335,28.5,0,58
libstudy,S7,BIM,0.5,FGSM,0.7,28.533333333333335,28.5,0,58
libstudy,S7,BIM,0.5,FGSM,0.8,28.533333333333335,28.5,0,58
libstudy,S7,BIM,0.5,FGSM,0.9,28.533333333333335,28.5,0,58
libstudy,S7,BIM,0.5,FGSM,1.0,28.533333333333335,28.5,0,58
libstudy,BLU,BIM,0.6,FGSM,0.1,15.7,15.0,0,36
libstudy,BLU,BIM,0.6,FGSM,0.2,15.7,15.0,0,36
libstudy,BLU,BIM,0.6,FGSM,0.3,15.7,15.0,0,36
libstudy,BLU,BIM,0.6,FGSM,0.4,15.7,15.0,0,36
libstudy,BLU,BIM,0.6,FGSM,0.5,15.7,15.0,0,36
libstudy,BLU,BIM,0.6,FGSM,0.6,15.7,15.0,0,36
libstudy,BLU,BIM,0.6,FGSM,0.7,15.7,15.0,0,36
libstudy,BLU,BIM,0.6,FGSM,0.8,15.7,15.0,0,36
libstudy,BLU,BIM,0.6,FGSM,0.9,15.7,15.0,0,36
libstudy,BLU,BIM,0.6,FGSM,1.0,15.7,15.0,0,36
libstudy,HTC,BIM,0.6,FGSM,0.1,15.7,15.0,0,36
libstudy,HTC,BIM,0.6,FGSM,0.2,15.7,15.0,0,36
libstudy,HTC,BIM,0.6,FGSM,0.3,15.7,15.0,0,36
libstudy,HTC,BIM,0.6,FGSM,0.4,15.7,15.0,0,36
libstudy,HTC,BIM,0.6,FGSM,0.5,15.7,15.0,0,36
libstudy,HTC,BIM,0.6,FGSM,0.6,15.7,15.0,0,36
libstudy,HTC,BIM,0.6,FGSM,0.7,15.7,15.0,0,36
libstudy,HTC,BIM,0.6,FGSM,0.8,15.7,15.0,0,36
libstudy,HTC,BIM,0.6,FGSM,0.9,15.7,15.0,0,36
libstudy,HTC,BIM,0.6,FGSM,1.0,15.7,15.0,0,36
libstudy,LG,BIM,0.6,FGSM,0.1,15.7,15.0,0,36
libstudy,LG,BIM,0.6,FGSM,0.2,15.7,15.0,0,36
libstudy,LG,BIM,0.6,FGSM,0.3,15.7,15.0,0,36
libstudy,LG,BIM,0.6,FGSM,0.4,15.7,15.0,0,36
libstudy,LG,BIM,0.6,FGSM,0.5,15.7,15.0,0,36
libstudy,LG,BIM,0.6,FGSM,0.6,15.7,15.0,0,36
libstudy,LG,BIM,0.6,FGSM,0.7,15.7,15.0,0,36
libstudy,LG,BIM,0.6,FGSM,0.8,15.7,15.0,0,36
libstudy,LG,BIM,0.6,FGSM,0.9,15.7,15.0,0,36
libstudy,LG,BIM,0.6,FGSM,1.0,15.7,15.0,0,36
libstudy,MOTO,BIM,0.6,FGSM,0.1,15.7,15.0,0,36
libstudy,MOTO,BIM,0.6,FGSM,0.2,15.7,15.0,0,36
libstudy,MOTO,BIM,0.6,FGSM,0.3,15.7,15.0,0,36
libstudy,MOTO,BIM,0.6,FGSM,0.4,15.7,15.0,0,36
libstudy,MOTO,BIM,0.6,FGSM,0.5,15.7,15.0,0,36
libstudy,MOTO,BIM,0.6,FGSM,0.6,15.7,15.0,0,36
libstudy,MOTO,BIM,0.6,FGSM,0.7,15.7,15.0,0,36
libstudy,MOTO,BIM,0.6,FGSM,0.8,15.7,15.0,0,36
libstudy,MOTO,BIM,0.6,FGSM,0.9,15.7,15.0,0,36
libstudy,MOTO,BIM,0.6,FGSM,1.0,15.7,15.0,0,36
libstudy,OP3,BIM,0.6,FGSM,0.1,15.7,15.0,0,36
libstudy,OP3,BIM,0.6,FGSM,0.2,15.7,15.0,0,36
libstudy,OP3,BIM,0.6,FGSM,0.3,15.7,15.0,0,36
libstudy,OP3,BIM,0.6,FGSM,0.4,15.7,15.0,0,36
libstudy,OP3,BIM,0.6,FGSM,0.5,15.7,15.0,0,36
libstudy,OP3,BIM,0.6,FGSM,0.6,15.7,15.0,0,36
libstudy,OP3,BIM,0.6,FGSM,0.7,15.7,15.0,0,36
libstudy,OP3,BIM,0.6,FGSM,0.8,15.7,15.0,0,36
libstudy,OP3,BIM,0.6,FGSM,0.9,15.7,15.0,0,36
libstudy,OP3,BIM,0.6,FGSM,1.0,15.7,15.0,0,36
libstudy,S7,BIM,0.6,FGSM,0.1,15.7,15.0,0,36
libstudy,S7,BIM,0.6,FGSM,0.2,15.7,15.0,0,36
libstudy,S7,BIM,0.6,FGSM,0.3,15.7,15.0,0,36
libstudy,S7,BIM,0.6,FGSM,0.4,15.7,15.0,0,36
libstudy,S7,BIM,0.6,FGSM,0.5,15.7,15.0,0,36
libstudy,S7,BIM,0.6,FGSM,0.6,15.7,15.0,0,36
libstudy,S7,BIM,0.6,FGSM,0.7,15.7,15.0,0,36
libstudy,S7,BIM,0.6,FGSM,0.8,15.7,15.0,0,36
libstudy,S7,BIM,0.6,FGSM,0.9,15.7,15.0,0,36
libstudy,S7,BIM,0.6,FGSM,1.0,15.7,15.0,0,36
libstudy,BLU,BIM,0.7,FGSM,0.1,19.533333333333335,16.5,0,46
libstudy,BLU,BIM,0.7,FGSM,0.2,19.533333333333335,16.5,0,46
libstudy,BLU,BIM,0.7,FGSM,0.3,19.533333333333335,16.5,0,46
libstudy,BLU,BIM,0.7,FGSM,0.4,19.533333333333335,16.5,0,46
libstudy,BLU,BIM,0.7,FGSM,0.5,19.533333333333335,16.5,0,46
libstudy,BLU,BIM,0.7,FGSM,0.6,19.533333333333335,16.5,0,46
libstudy,BLU,BIM,0.7,FGSM,0.7,19.533333333333335,16.5,0,46
libstudy,BLU,BIM,0.7,FGSM,0.8,19.533333333333335,16.5,0,46
libstudy,BLU,BIM,0.7,FGSM,0.9,19.533333333333335,16.5,0,46
libstudy,BLU,BIM,0.7,FGSM,1.0,19.533333333333335,16.5,0,46
libstudy,HTC,BIM,0.7,FGSM,0.1,19.533333333333335,16.5,0,46
libstudy,HTC,BIM,0.7,FGSM,0.2,19.533333333333335,16.5,0,46
libstudy,HTC,BIM,0.7,FGSM,0.3,19.533333333333335,16.5,0,46
libstudy,HTC,BIM,0.7,FGSM,0.4,19.533333333333335,16.5,0,46
libstudy,HTC,BIM,0.7,FGSM,0.5,19.533333333333335,16.5,0,46
libstudy,HTC,BIM,0.7,FGSM,0.6,19.533333333333335,16.5,0,46
libstudy,HTC,BIM,0.7,FGSM,0.7,19.533333333333335,16.5,0,46
libstudy,HTC,BIM,0.7,FGSM,0.8,19.533333333333335,16.5,0,46
libstudy,HTC,BIM,0.7,FGSM,0.9,19.533333333333335,16.5,0,46
libstudy,HTC,BIM,0.7,FGSM,1.0,19.533333333333335,16.5,0,46
libstudy,LG,BIM,0.7,FGSM,0.1,19.533333333333335,16.5,0,46
libstudy,LG,BIM,0.7,FGSM,0.2,19.533333333333335,16.5,0,46
libstudy,LG,BIM,0.7,FGSM,0.3,19.533333333333335,16.5,0,46
libstudy,LG,BIM,0.7,FGSM,0.4,19.533333333333335,16.5,0,46
libstudy,LG,BIM,0.7,FGSM,0.5,19.533333333333335,16.5,0,46
libstudy,LG,BIM,0.7,FGSM,0.6,19.533333333333335,16.5,0,46
libstudy,LG,BIM,0.7,FGSM,0.7,19.533333333333335,16.5,0,46
libstudy,LG,BIM,0.7,FGSM,0.8,19.533333333333335,16.5,0,46
libstudy,LG,BIM,0.7,FGSM,0.9,19.533333333333335,16.5,0,46
libstudy,LG,BIM,0.7,FGSM,1.0,19.533333333333335,16.5,0,46
libstudy,MOTO,BIM,0.7,FGSM,0.1,19.533333333333335,16.5,0,46
libstudy,MOTO,BIM,0.7,FGSM,0.2,19.533333333333335,16.5,0,46
libstudy,MOTO,BIM,0.7,FGSM,0.3,19.533333333333335,16.5,0,46
libstudy,MOTO,BIM,0.7,FGSM,0.4,19.533333333333335,16.5,0,46
libstudy,MOTO,BIM,0.7,FGSM,0.5,19.533333333333335,16.5,0,46
libstudy,MOTO,BIM,0.7,FGSM,0.6,19.533333333333335,16.5,0,46
libstudy,MOTO,BIM,0.7,FGSM,0.7,19.533333333333335,16.5,0,46
libstudy,MOTO,BIM,0.7,FGSM,0.8,19.533333333333335,16.5,0,46
libstudy,MOTO,BIM,0.7,FGSM,0.9,19.533333333333335,16.5,0,46
libstudy,MOTO,BIM,0.7,FGSM,1.0,19.533333333333335,16.5,0,46
libstudy,OP3,BIM,0.7,FGSM,0.1,19.533333333333335,16.5,0,46
libstudy,OP3,BIM,0.7,FGSM,0.2,19.533333333333335,16.5,0,46
libstudy,OP3,BIM,0.7,FGSM,0.3,19.533333333333335,16.5,0,46
libstudy,OP3,BIM,0.7,FGSM,0.4,19.533333333333335,16.5,0,46
libstudy,OP3,BIM,0.7,FGSM,0.5,19.533333333333335,16.5,0,46
libstudy,OP3,BIM,0.7,FGSM,0.6,19.533333333333335,16.5,0,46
libstudy,OP3,BIM,0.7,FGSM,0.7,19.533333333333335,16.5,0,46
libstudy,OP3,BIM,0.7,FGSM,0.8,19.533333333333335,16.5,0,46
libstudy,OP3,BIM,0.7,FGSM,0.9,19.533333333333335,16.5,0,46
libstudy,OP3,BIM,0.7,FGSM,1.0,19.533333333333335,16.5,0,46
libstudy,S7,BIM,0.7,FGSM,0.1,19.533333333333335,16.5,0,46
libstudy,S7,BIM,0.7,FGSM,0.2,19.533333333333335,16.5,0,46
libstudy,S7,BIM,0.7,FGSM,0.3,19.533333333333335,16.5,0,46
libstudy,S7,BIM,0.7,FGSM,0.4,19.533333333333335,16.5,0,46
libstudy,S7,BIM,0.7,FGSM,0.5,19.533333333333335,16.5,0,46
libstudy,S7,BIM,0.7,FGSM,0.6,19.533333333333335,16.5,0,46
libstudy,S7,BIM,0.7,FGSM,0.7,19.533333333333335,16.5,0,46
libstudy,S7,BIM,0.7,FGSM,0.8,19.533333333333335,16.5,0,46
libstudy,S7,BIM,0.7,FGSM,0.9,19.533333333333335,16.5,0,46
libstudy,S7,BIM,0.7,FGSM,1.0,19.533333333333335,16.5,0,46
libstudy,BLU,BIM,0.8,FGSM,0.1,21.333333333333332,19.5,0,49
libstudy,BLU,BIM,0.8,FGSM,0.2,21.333333333333332,19.5,0,49
libstudy,BLU,BIM,0.8,FGSM,0.3,21.333333333333332,19.5,0,49
libstudy,BLU,BIM,0.8,FGSM,0.4,21.333333333333332,19.5,0,49
libstudy,BLU,BIM,0.8,FGSM,0.5,21.333333333333332,19.5,0,49
libstudy,BLU,BIM,0.8,FGSM,0.6,21.333333333333332,19.5,0,49
libstudy,BLU,BIM,0.8,FGSM,0.7,21.333333333333332,19.5,0,49
libstudy,BLU,BIM,0.8,FGSM,0.8,21.333333333333332,19.5,0,49
libstudy,BLU,BIM,0.8,FGSM,0.9,21.333333333333332,19.5,0,49
libstudy,BLU,BIM,0.8,FGSM,1.0,21.333333333333332,19.5,0,49
libstudy,HTC,BIM,0.8,FGSM,0.1,21.333333333333332,19.5,0,49
libstudy,HTC,BIM,0.8,FGSM,0.2,21.333333333333332,19.5,0,49
libstudy,HTC,BIM,0.8,FGSM,0.3,21.333333333333332,19.5,0,49
libstudy,HTC,BIM,0.8,FGSM,0.4,21.333333333333332,19.5,0,49
libstudy,HTC,BIM,0.8,FGSM,0.5,21.333333333333332,19.5,0,49
libstudy,HTC,BIM,0.8,FGSM,0.6,21.333333333333332,19.5,0,49
libstudy,HTC,BIM,0.8,FGSM,0.7,21.333333333333332,19.5,0,49
libstudy,HTC,BIM,0.8,FGSM,0.8,21.333333333333332,19.5,0,49
libstudy,HTC,BIM,0.8,FGSM,0.9,21.333333333333332,19.5,0,49
libstudy,HTC,BIM,0.8,FGSM,1.0,21.333333333333332,19.5,0,49
libstudy,LG,BIM,0.8,FGSM,0.1,21.333333333333332,19.5,0,49
libstudy,LG,BIM,0.8,FGSM,0.2,21.333333333333332,19.5,0,49
libstudy,LG,BIM,0.8,FGSM,0.3,21.333333333333332,19.5,0,49
libstudy,LG,BIM,0.8,FGSM,0.4,21.333333333333332,19.5,0,49
libstudy,LG,BIM,0.8,FGSM,0.5,21.333333333333332,19.5,0,49
libstudy,LG,BIM,0.8,FGSM,0.6,21.333333333333332,19.5,0,49
libstudy,LG,BIM,0.8,FGSM,0.7,21.333333333333332,19.5,0,49
libstudy,LG,BIM,0.8,FGSM,0.8,21.333333333333332,19.5,0,49
libstudy,LG,BIM,0.8,FGSM,0.9,21.333333333333332,19.5,0,49
libstudy,LG,BIM,0.8,FGSM,1.0,21.333333333333332,19.5,0,49
libstudy,MOTO,BIM,0.8,FGSM,0.1,21.333333333333332,19.5,0,49
libstudy,MOTO,BIM,0.8,FGSM,0.2,21.333333333333332,19.5,0,49
libstudy,MOTO,BIM,0.8,FGSM,0.3,21.333333333333332,19.5,0,49
libstudy,MOTO,BIM,0.8,FGSM,0.4,21.333333333333332,19.5,0,49
libstudy,MOTO,BIM,0.8,FGSM,0.5,21.333333333333332,19.5,0,49
libstudy,MOTO,BIM,0.8,FGSM,0.6,21.333333333333332,19.5,0,49
libstudy,MOTO,BIM,0.8,FGSM,0.7,21.333333333333332,19.5,0,49
libstudy,MOTO,BIM,0.8,FGSM,0.8,21.333333333333332,19.5,0,49
libstudy,MOTO,BIM,0.8,FGSM,0.9,21.333333333333332,19.5,0,49
libstudy,MOTO,BIM,0.8,FGSM,1.0,21.333333333333332,19.5,0,49
libstudy,OP3,BIM,0.8,FGSM,0.1,21.333333333333332,19.5,0,49
libstudy,OP3,BIM,0.8,FGSM,0.2,21.333333333333332,19.5,0,49
libstudy,OP3,BIM,0.8,FGSM,0.3,21.333333333333332,19.5,0,49
libstudy,OP3,BIM,0.8,FGSM,0.4,21.333333333333332,19.5,0,49
libstudy,OP3,BIM,0.8,FGSM,0.5,21.333333333333332,19.5,0,49
libstudy,OP3,BIM,0.8,FGSM,0.6,21.333333333333332,19.5,0,49
libstudy,OP3,BIM,0.8,FGSM,0.7,21.333333333333332,19.5,0,49
libstudy,OP3,BIM,0.8,FGSM,0.8,21.333333333333332,19.5,0,49
libstudy,OP3,BIM,0.8,FGSM,0.9,21.333333333333332,19.5,0,49
libstudy,OP3,BIM,0.8,FGSM,1.0,21.333333333333332,19.5,0,49
libstudy,S7,BIM,0.8,FGSM,0.1,21.333333333333332,19.5,0,49
libstudy,S7,BIM,0.8,FGSM,0.2,21.333333333333332,19.5,0,49
libstudy,S7,BIM,0.8,FGSM,0.3,21.333333333333332,19.5,0,49
libstudy,S7,BIM,0.8,FGSM,0.4,21.333333333333332,19.5,0,49
libstudy,S7,BIM,0.8,FGSM,0.5,21.333333333333332,19.5,0,49
libstudy,S7,BIM,0.8,FGSM,0.6,21.333333333333332,19.5,0,49
libstudy,S7,BIM,0.8,FGSM,0.7,21.333333333333332,19.5,0,49
libstudy,S7,BIM,0.8,FGSM,0.8,21.333333333333332,19.5,0,49
libstudy,S7,BIM,0.8,FGSM,0.9,21.333333333333332,19.5,0,49
libstudy,S7,BIM,0.8,FGSM,1.0,21.333333333333332,19.5,0,49
libstudy,BLU,BIM,0.9,FGSM,0.1,16.2,15.0,0,38
libstudy,BLU,BIM,0.9,FGSM,0.2,16.2,15.0,0,38
libstudy,BLU,BIM,0.9,FGSM,0.3,16.2,15.0,0,38
libstudy,BLU,BIM,0.9,FGSM,0.4,16.2,15.0,0,38
libstudy,BLU,BIM,0.9,FGSM,0.5,16.2,15.0,0,38
libstudy,BLU,BIM,0.9,FGSM,0.6,16.2,15.0,0,38
libstudy,BLU,BIM,0.9,FGSM,0.7,16.2,15.0,0,38
libstudy,BLU,BIM,0.9,FGSM,0.8,16.2,15.0,0,38
libstudy,BLU,BIM,0.9,FGSM,0.9,16.2,15.0,0,38
libstudy,BLU,BIM,0.9,FGSM,1.0,16.2,15.0,0,38
libstudy,HTC,BIM,0.9,FGSM,0.1,16.2,15.0,0,38
libstudy,HTC,BIM,0.9,FGSM,0.2,16.2,15.0,0,38
libstudy,HTC,BIM,0.9,FGSM,0.3,16.2,15.0,0,38
libstudy,HTC,BIM,0.9,FGSM,0.4,16.2,15.0,0,38
libstudy,HTC,BIM,0.9,FGSM,0.5,16.2,15.0,0,38
libstudy,HTC,BIM,0.9,FGSM,0.6,16.2,15.0,0,38
libstudy,HTC,BIM,0.9,FGSM,0.7,16.2,15.0,0,38
libstudy,HTC,BIM,0.9,FGSM,0.8,16.2,15.0,0,38
libstudy,HTC,BIM,0.9,FGSM,0.9,16.2,15.0,0,38
libstudy,HTC,BIM,0.9,FGSM,1.0,16.2,15.0,0,38
libstudy,LG,BIM,0.9,FGSM,0.1,16.2,15.0,0,38
libstudy,LG,BIM,0.9,FGSM,0.2,16.2,15.0,0,38
libstudy,LG,BIM,0.9,FGSM,0.3,16.2,15.0,0,38
libstudy,LG,BIM,0.9,FGSM,0.4,16.2,15.0,0,38
libstudy,LG,BIM,0.9,FGSM,0.5,16.2,15.0,0,38
libstudy,LG,BIM,0.9,FGSM,0.6,16.2,15.0,0,38
libstudy,LG,BIM,0.9,FGSM,0.7,16.2,15.0,0,38
libstudy,LG,BIM,0.9,FGSM,0.8,16.2,15.0,0,38
libstudy,LG,BIM,0.9,FGSM,0.9,16.2,15.0,0,38
libstudy,LG,BIM,0.9,FGSM,1.0,16.2,15.0,0,38
libstudy,MOTO,BIM,0.9,FGSM,0.1,16.2,15.0,0,38
libstudy,MOTO,BIM,0.9,FGSM,0.2,16.2,15.0,0,38
libstudy,MOTO,BIM,0.9,FGSM,0.3,16.2,15.0,0,38
libstudy,MOTO,BIM,0.9,FGSM,0.4,16.2,15.0,0,38
libstudy,MOTO,BIM,0.9,FGSM,0.5,16.2,15.0,0,38
libstudy,MOTO,BIM,0.9,FGSM,0.6,16.2,15.0,0,38
libstudy,MOTO,BIM,0.9,FGSM,0.7,16.2,15.0,0,38
libstudy,MOTO,BIM,0.9,FGSM,0.8,16.2,15.0,0,38
libstudy,MOTO,BIM,0.9,FGSM,0.9,16.2,15.0,0,38
libstudy,MOTO,BIM,0.9,FGSM,1.0,16.2,15.0,0,38
libstudy,OP3,BIM,0.9,FGSM,0.1,16.2,15.0,0,38
libstudy,OP3,BIM,0.9,FGSM,0.2,16.2,15.0,0,38
libstudy,OP3,BIM,0.9,FGSM,0.3,16.2,15.0,0,38
libstudy,OP3,BIM,0.9,FGSM,0.4,16.2,15.0,0,38
libstudy,OP3,BIM,0.9,FGSM,0.5,16.2,15.0,0,38
libstudy,OP3,BIM,0.9,FGSM,0.6,16.2,15.0,0,38
libstudy,OP3,BIM,0.9,FGSM,0.7,16.2,15.0,0,38
libstudy,OP3,BIM,0.9,FGSM,0.8,16.2,15.0,0,38
libstudy,OP3,BIM,0.9,FGSM,0.9,16.2,15.0,0,38
libstudy,OP3,BIM,0.9,FGSM,1.0,16.2,15.0,0,38
libstudy,S7,BIM,0.9,FGSM,0.1,16.2,15.0,0,38
libstudy,S7,BIM,0.9,FGSM,0.2,16.2,15.0,0,38
libstudy,S7,BIM,0.9,FGSM,0.3,16.2,15.0,0,38
libstudy,S7,BIM,0.9,FGSM,0.4,16.2,15.0,0,38
libstudy,S7,BIM,0.9,FGSM,0.5,16.2,15.0,0,38
libstudy,S7,BIM,0.9,FGSM,0.6,16.2,15.0,0,38
libstudy,S7,BIM,0.9,FGSM,0.7,16.2,15.0,0,38
libstudy,S7,BIM,0.9,FGSM,0.8,16.2,15.0,0,38
libstudy,S7,BIM,0.9,FGSM,0.9,16.2,15.0,0,38
libstudy,S7,BIM,0.9,FGSM,1.0,16.2,15.0,0,38
libstudy,BLU,BIM,1.0,FGSM,0.1,15.2,15.0,0,33
libstudy,BLU,BIM,1.0,FGSM,0.2,15.2,15.0,0,33
libstudy,BLU,BIM,1.0,FGSM,0.3,15.2,15.0,0,33
libstudy,BLU,BIM,1.0,FGSM,0.4,15.2,15.0,0,33
libstudy,BLU,BIM,1.0,FGSM,0.5,15.2,15.0,0,33
libstudy,BLU,BIM,1.0,FGSM,0.6,15.2,15.0,0,33
libstudy,BLU,BIM,1.0,FGSM,0.7,15.2,15.0,0,33
libstudy,BLU,BIM,1.0,FGSM,0.8,15.2,15.0,0,33
libstudy,BLU,BIM,1.0,FGSM,0.9,15.2,15.0,0,33
libstudy,BLU,BIM,1.0,FGSM,1.0,15.2,15.0,0,33
libstudy,HTC,BIM,1.0,FGSM,0.1,15.2,15.0,0,33
libstudy,HTC,BIM,1.0,FGSM,0.2,15.2,15.0,0,33
libstudy,HTC,BIM,1.0,FGSM,0.3,15.2,15.0,0,33
libstudy,HTC,BIM,1.0,FGSM,0.4,15.2,15.0,0,33
libstudy,HTC,BIM,1.0,FGSM,0.5,15.2,15.0,0,33
libstudy,HTC,BIM,1.0,FGSM,0.6,15.2,15.0,0,33
libstudy,HTC,BIM,1.0,FGSM,0.7,15.2,15.0,0,33
libstudy,HTC,BIM,1.0,FGSM,0.8,15.2,15.0,0,33
libstudy,HTC,BIM,1.0,FGSM,0.9,15.2,15.0,0,33
libstudy,HTC,BIM,1.0,FGSM,1.0,15.2,15.0,0,33
libstudy,LG,BIM,1.0,FGSM,0.1,15.2,15.0,0,33
libstudy,LG,BIM,1.0,FGSM,0.2,15.2,15.0,0,33
libstudy,LG,BIM,1.0,FGSM,0.3,15.2,15.0,0,33
libstudy,LG,BIM,1.0,FGSM,0.4,15.2,15.0,0,33
libstudy,LG,BIM,1.0,FGSM,0.5,15.2,15.0,0,33
libstudy,LG,BIM,1.0,FGSM,0.6,15.2,15.0,0,33
libstudy,LG,BIM,1.0,FGSM,0.7,15.2,15.0,0,33
libstudy,LG,BIM,1.0,FGSM,0.8,15.2,15.0,0,33
libstudy,LG,BIM,1.0,FGSM,0.9,15.2,15.0,0,33
libstudy,LG,BIM,1.0,FGSM,1.0,15.2,15.0,0,33
libstudy,MOTO,BIM,1.0,FGSM,0.1,15.2,15.0,0,33
libstudy,MOTO,BIM,1.0,FGSM,0.2,15.2,15.0,0,33
libstudy,MOTO,BIM,1.0,FGSM,0.3,15.2,15.0,0,33
libstudy,MOTO,BIM,1.0,FGSM,0.4,15.2,15.0,0,33
libstudy,MOTO,BIM,1.0,FGSM,0.5,15.2,15.0,0,33
libstudy,MOTO,BIM,1.0,FGSM,0.6,15.2,15.0,0,33
libstudy,MOTO,BIM,1.0,FGSM,0.7,15.2,15.0,0,33
libstudy,MOTO,BIM,1.0,FGSM,0.8,15.2,15.0,0,33
libstudy,MOTO,BIM,1.0,FGSM,0.9,15.2,15.0,0,33
libstudy,MOTO,BIM,1.0,FGSM,1.0,15.2,15.0,0,33
libstudy,OP3,BIM,1.0,FGSM,0.1,15.2,15.0,0,33
libstudy,OP3,BIM,1.0,FGSM,0.2,15.2,15.0,0,33
libstudy,OP3,BIM,1.0,FGSM,0.3,15.2,15.0,0,33
libstudy,OP3,BIM,1.0,FGSM,0.4,15.2,15.0,0,33
libstudy,OP3,BIM,1.0,FGSM,0.5,15.2,15.0,0,33
libstudy,OP3,BIM,1.0,FGSM,0.6,15.2,15.0,0,33
libstudy,OP3,BIM,1.0,FGSM,0.7,15.2,15.0,0,33
libstudy,OP3,BIM,1.0,FGSM,0.8,15.2,15.0,0,33
libstudy,OP3,BIM,1.0,FGSM,0.9,15.2,15.0,0,33
libstudy,OP3,BIM,1.0,FGSM,1.0,15.2,15.0,0,33
libstudy,S7,BIM,1.0,FGSM,0.1,15.2,15.0,0,33
libstudy,S7,BIM,1.0,FGSM,0.2,15.2,15.0,0,33
libstudy,S7,BIM,1.0,FGSM,0.3,15.2,15.0,0,33
libstudy,S7,BIM,1.0,FGSM,0.4,15.2,15.0,0,33
libstudy,S7,BIM,1.0,FGSM,0.5,15.2,15.0,0,33
libstudy,S7,BIM,1.0,FGSM,0.6,15.2,15.0,0,33
libstudy,S7,BIM,1.0,FGSM,0.7,15.2,15.0,0,33
libstudy,S7,BIM,1.0,FGSM,0.8,15.2,15.0,0,33
libstudy,S7,BIM,1.0,FGSM,0.9,15.2,15.0,0,33
libstudy,S7,BIM,1.0,FGSM,1.0,15.2,15.0,0,33
libstudy,BLU,FGSM,0.1,PGD,0.1,15.5,15.0,0,35
libstudy,BLU,FGSM,0.1,PGD,0.2,15.5,15.0,0,35
libstudy,BLU,FGSM,0.1,PGD,0.3,15.5,15.0,0,35
libstudy,BLU,FGSM,0.1,PGD,0.4,15.5,15.0,0,35
libstudy,BLU,FGSM,0.1,PGD,0.5,15.5,15.0,0,35
libstudy,BLU,FGSM,0.1,PGD,0.6,15.5,15.0,0,35
libstudy,BLU,FGSM,0.1,PGD,0.7,15.5,15.0,0,35
libstudy,BLU,FGSM,0.1,PGD,0.8,15.5,15.0,0,35
libstudy,BLU,FGSM,0.1,PGD,0.9,15.5,15.0,0,35
libstudy,BLU,FGSM,0.1,PGD,1.0,15.5,15.0,0,35
libstudy,HTC,FGSM,0.1,PGD,0.1,15.5,15.0,0,35
libstudy,HTC,FGSM,0.1,PGD,0.2,15.5,15.0,0,35
libstudy,HTC,FGSM,0.1,PGD,0.3,15.5,15.0,0,35
libstudy,HTC,FGSM,0.1,PGD,0.4,15.5,15.0,0,35
libstudy,HTC,FGSM,0.1,PGD,0.5,15.5,15.0,0,35
libstudy,HTC,FGSM,0.1,PGD,0.6,15.5,15.0,0,35
libstudy,HTC,FGSM,0.1,PGD,0.7,15.5,15.0,0,35
libstudy,HTC,FGSM,0.1,PGD,0.8,15.5,15.0,0,35
libstudy,HTC,FGSM,0.1,PGD,0.9,15.5,15.0,0,35
libstudy,HTC,FGSM,0.1,PGD,1.0,15.5,15.0,0,35
libstudy,LG,FGSM,0.1,PGD,0.1,15.5,15.0,0,35
libstudy,LG,FGSM,0.1,PGD,0.2,15.5,15.0,0,35
libstudy,LG,FGSM,0.1,PGD,0.3,15.5,15.0,0,35
libstudy,LG,FGSM,0.1,PGD,0.4,15.5,15.0,0,35
libstudy,LG,FGSM,0.1,PGD,0.5,15.5,15.0,0,35
libstudy,LG,FGSM,0.1,PGD,0.6,15.5,15.0,0,35
libstudy,LG,FGSM,0.1,PGD,0.7,15.5,15.0,0,35
libstudy,LG,FGSM,0.1,PGD,0.8,15.5,15.0,0,35
libstudy,LG,FGSM,0.1,PGD,0.9,15.5,15.0,0,35
libstudy,LG,FGSM,0.1,PGD,1.0,15.5,15.0,0,35
libstudy,MOTO,FGSM,0.1,PGD,0.1,15.5,15.0,0,35
libstudy,MOTO,FGSM,0.1,PGD,0.2,15.5,15.0,0,35
libstudy,MOTO,FGSM,0.1,PGD,0.3,15.5,15.0,0,35
libstudy,MOTO,FGSM,0.1,PGD,0.4,15.5,15.0,0,35
libstudy,MOTO,FGSM,0.1,PGD,0.5,15.5,15.0,0,35
libstudy,MOTO,FGSM,0.1,PGD,0.6,15.5,15.0,0,35
libstudy,MOTO,FGSM,0.1,PGD,0.7,15.5,15.0,0,35
libstudy,MOTO,FGSM,0.1,PGD,0.8,15.5,15.0,0,35
libstudy,MOTO,FGSM,0.1,PGD,0.9,15.5,15.0,0,35
libstudy,MOTO,FGSM,0.1,PGD,1.0,15.5,15.0,0,35
libstudy,OP3,FGSM,0.1,PGD,0.1,15.5,15.0,0,35
libstudy,OP3,FGSM,0.1,PGD,0.2,15.5,15.0,0,35
libstudy,OP3,FGSM,0.1,PGD,0.3,15.5,15.0,0,35
libstudy,OP3,FGSM,0.1,PGD,0.4,15.5,15.0,0,35
libstudy,OP3,FGSM,0.1,PGD,0.5,15.5,15.0,0,35
libstudy,OP3,FGSM,0.1,PGD,0.6,15.5,15.0,0,35
libstudy,OP3,FGSM,0.1,PGD,0.7,15.5,15.0,0,35
libstudy,OP3,FGSM,0.1,PGD,0.8,15.5,15.0,0,35
libstudy,OP3,FGSM,0.1,PGD,0.9,15.5,15.0,0,35
libstudy,OP3,FGSM,0.1,PGD,1.0,15.5,15.0,0,35
libstudy,S7,FGSM,0.1,PGD,0.1,15.5,15.0,0,35
libstudy,S7,FGSM,0.1,PGD,0.2,15.5,15.0,0,35
libstudy,S7,FGSM,0.1,PGD,0.3,15.5,15.0,0,35
libstudy,S7,FGSM,0.1,PGD,0.4,15.5,15.0,0,35
libstudy,S7,FGSM,0.1,PGD,0.5,15.5,15.0,0,35
libstudy,S7,FGSM,0.1,PGD,0.6,15.5,15.0,0,35
libstudy,S7,FGSM,0.1,PGD,0.7,15.5,15.0,0,35
libstudy,S7,FGSM,0.1,PGD,0.8,15.5,15.0,0,35
libstudy,S7,FGSM,0.1,PGD,0.9,15.5,15.0,0,35
libstudy,S7,FGSM,0.1,PGD,1.0,15.5,15.0,0,35
libstudy,BLU,FGSM,0.2,PGD,0.1,25.0,24.5,0,54
libstudy,BLU,FGSM,0.2,PGD,0.2,25.0,24.5,0,54
libstudy,BLU,FGSM,0.2,PGD,0.3,25.0,24.5,0,54
libstudy,BLU,FGSM,0.2,PGD,0.4,25.0,24.5,0,54
libstudy,BLU,FGSM,0.2,PGD,0.5,25.0,24.5,0,54
libstudy,BLU,FGSM,0.2,PGD,0.6,25.0,24.5,0,54
libstudy,BLU,FGSM,0.2,PGD,0.7,25.0,24.5,0,54
libstudy,BLU,FGSM,0.2,PGD,0.8,25.0,24.5,0,54
libstudy,BLU,FGSM,0.2,PGD,0.9,25.0,24.5,0,54
libstudy,BLU,FGSM,0.2,PGD,1.0,25.0,24.5,0,54
libstudy,HTC,FGSM,0.2,PGD,0.1,25.0,24.5,0,54
libstudy,HTC,FGSM,0.2,PGD,0.2,25.0,24.5,0,54
libstudy,HTC,FGSM,0.2,PGD,0.3,25.0,24.5,0,54
libstudy,HTC,FGSM,0.2,PGD,0.4,25.0,24.5,0,54
libstudy,HTC,FGSM,0.2,PGD,0.5,25.0,24.5,0,54
libstudy,HTC,FGSM,0.2,PGD,0.6,25.0,24.5,0,54
libstudy,HTC,FGSM,0.2,PGD,0.7,25.0,24.5,0,54
libstudy,HTC,FGSM,0.2,PGD,0.8,25.0,24.5,0,54
libstudy,HTC,FGSM,0.2,PGD,0.9,25.0,24.5,0,54
libstudy,HTC,FGSM,0.2,PGD,1.0,25.0,24.5,0,54
libstudy,LG,FGSM,0.2,PGD,0.1,25.0,24.5,0,54
libstudy,LG,FGSM,0.2,PGD,0.2,25.0,24.5,0,54
libstudy,LG,FGSM,0.2,PGD,0.3,25.0,24.5,0,54
libstudy,LG,FGSM,0.2,PGD,0.4,25.0,24.5,0,54
libstudy,LG,FGSM,0.2,PGD,0.5,25.0,24.5,0,54
libstudy,LG,FGSM,0.2,PGD,0.6,25.0,24.5,0,54
libstudy,LG,FGSM,0.2,PGD,0.7,25.0,24.5,0,54
libstudy,LG,FGSM,0.2,PGD,0.8,25.0,24.5,0,54
libstudy,LG,FGSM,0.2,PGD,0.9,25.0,24.5,0,54
libstudy,LG,FGSM,0.2,PGD,1.0,25.0,24.5,0,54
libstudy,MOTO,FGSM,0.2,PGD,0.1,25.0,24.5,0,54
libstudy,MOTO,FGSM,0.2,PGD,0.2,25.0,24.5,0,54
libstudy,MOTO,FGSM,0.2,PGD,0.3,25.0,24.5,0,54
libstudy,MOTO,FGSM,0.2,PGD,0.4,25.0,24.5,0,54
libstudy,MOTO,FGSM,0.2,PGD,0.5,25.0,24.5,0,54
libstudy,MOTO,FGSM,0.2,PGD,0.6,25.0,24.5,0,54
libstudy,MOTO,FGSM,0.2,PGD,0.7,25.0,24.5,0,54
libstudy,MOTO,FGSM,0.2,PGD,0.8,25.0,24.5,0,54
libstudy,MOTO,FGSM,0.2,PGD,0.9,25.0,24.5,0,54
libstudy,MOTO,FGSM,0.2,PGD,1.0,25.0,24.5,0,54
libstudy,OP3,FGSM,0.2,PGD,0.1,25.0,24.5,0,54
libstudy,OP3,FGSM,0.2,PGD,0.2,25.0,24.5,0,54
libstudy,OP3,FGSM,0.2,PGD,0.3,25.0,24.5,0,54
libstudy,OP3,FGSM,0.2,PGD,0.4,25.0,24.5,0,54
libstudy,OP3,FGSM,0.2,PGD,0.5,25.0,24.5,0,54
libstudy,OP3,FGSM,0.2,PGD,0.6,25.0,24.5,0,54
libstudy,OP3,FGSM,0.2,PGD,0.7,25.0,24.5,0,54
libstudy,OP3,FGSM,0.2,PGD,0.8,25.0,24.5,0,54
libstudy,OP3,FGSM,0.2,PGD,0.9,25.0,24.5,0,54
libstudy,OP3,FGSM,0.2,PGD,1.0,25.0,24.5,0,54
libstudy,S7,FGSM,0.2,PGD,0.1,25.0,24.5,0,54
libstudy,S7,FGSM,0.2,PGD,0.2,25.0,24.5,0,54
libstudy,S7,FGSM,0.2,PGD,0.3,25.0,24.5,0,54
libstudy,S7,FGSM,0.2,PGD,0.4,25.0,24.5,0,54
libstudy,S7,FGSM,0.2,PGD,0.5,25.0,24.5,0,54
libstudy,S7,FGSM,0.2,PGD,0.6,25.0,24.5,0,54
libstudy,S7,FGSM,0.2,PGD,0.7,25.0,24.5,0,54
libstudy,S7,FGSM,0.2,PGD,0.8,25.0,24.5,0,54
libstudy,S7,FGSM,0.2,PGD,0.9,25.0,24.5,0,54
libstudy,S7,FGSM,0.2,PGD,1.0,25.0,24.5,0,54
libstudy,BLU,FGSM,0.3,PGD,0.1,24.2,23.5,0,53
libstudy,BLU,FGSM,0.3,PGD,0.2,24.2,23.5,0,53
libstudy,BLU,FGSM,0.3,PGD,0.3,24.2,23.5,0,53
libstudy,BLU,FGSM,0.3,PGD,0.4,24.2,23.5,0,53
libstudy,BLU,FGSM,0.3,PGD,0.5,24.2,23.5,0,53
libstudy,BLU,FGSM,0.3,PGD,0.6,24.2,23.5,0,53
libstudy,BLU,FGSM,0.3,PGD,0.7,24.2,23.5,0,53
libstudy,BLU,FGSM,0.3,PGD,0.8,24.2,23.5,0,53
libstudy,BLU,FGSM,0.3,PGD,0.9,24.2,23.5,0,53
libstudy,BLU,FGSM,0.3,PGD,1.0,24.2,23.5,0,53
libstudy,HTC,FGSM,0.3,PGD,0.1,24.2,23.5,0,53
libstudy,HTC,FGSM,0.3,PGD,0.2,24.2,23.5,0,53
libstudy,HTC,FGSM,0.3,PGD,0.3,24.2,23.5,0,53
libstudy,HTC,FGSM,0.3,PGD,0.4,24.2,23.5,0,53
libstudy,HTC,FGSM,0.3,PGD,0.5,24.2,23.5,0,53
libstudy,HTC,FGSM,0.3,PGD,0.6,24.2,23.5,0,53
libstudy,HTC,FGSM,0.3,PGD,0.7,24.2,23.5,0,53
libstudy,HTC,FGSM,0.3,PGD,0.8,24.2,23.5,0,53
libstudy,HTC,FGSM,0.3,PGD,0.9,24.2,23.5,0,53
libstudy,HTC,FGSM,0.3,PGD,1.0,24.2,23.5,0,53
libstudy,LG,FGSM,0.3,PGD,0.1,24.2,23.5,0,53
libstudy,LG,FGSM,0.3,PGD,0.2,24.2,23.5,0,53
libstudy,LG,FGSM,0.3,PGD,0.3,24.2,23.5,0,53
libstudy,LG,FGSM,0.3,PGD,0.4,24.2,23.5,0,53
libstudy,LG,FGSM,0.3,PGD,0.5,24.2,23.5,0,53
libstudy,LG,FGSM,0.3,PGD,0.6,24.2,23.5,0,53
libstudy,LG,FGSM,0.3,PGD,0.7,24.2,23.5,0,53
libstudy,LG,FGSM,0.3,PGD,0.8,24.2,23.5,0,53
libstudy,LG,FGSM,0.3,PGD,0.9,24.2,23.5,0,53
libstudy,LG,FGSM,0.3,PGD,1.0,24.2,23.5,0,53
libstudy,MOTO,FGSM,0.3,PGD,0.1,24.2,23.5,0,53
libstudy,MOTO,FGSM,0.3,PGD,0.2,24.2,23.5,0,53
libstudy,MOTO,FGSM,0.3,PGD,0.3,24.2,23.5,0,53
libstudy,MOTO,FGSM,0.3,PGD,0.4,24.2,23.5,0,53
libstudy,MOTO,FGSM,0.3,PGD,0.5,24.2,23.5,0,53
libstudy,MOTO,FGSM,0.3,PGD,0.6,24.2,23.5,0,53
libstudy,MOTO,FGSM,0.3,PGD,0.7,24.2,23.5,0,53
libstudy,MOTO,FGSM,0.3,PGD,0.8,24.2,23.5,0,53
libstudy,MOTO,FGSM,0.3,PGD,0.9,24.2,23.5,0,53
libstudy,MOTO,FGSM,0.3,PGD,1.0,24.2,23.5,0,53
libstudy,OP3,FGSM,0.3,PGD,0.1,24.2,23.5,0,53
libstudy,OP3,FGSM,0.3,PGD,0.2,24.2,23.5,0,53
libstudy,OP3,FGSM,0.3,PGD,0.3,24.2,23.5,0,53
libstudy,OP3,FGSM,0.3,PGD,0.4,24.2,23.5,0,53
libstudy,OP3,FGSM,0.3,PGD,0.5,24.2,23.5,0,53
libstudy,OP3,FGSM,0.3,PGD,0.6,24.2,23.5,0,53
libstudy,OP3,FGSM,0.3,PGD,0.7,24.2,23.5,0,53
libstudy,OP3,FGSM,0.3,PGD,0.8,24.2,23.5,0,53
libstudy,OP3,FGSM,0.3,PGD,0.9,24.2,23.5,0,53
libstudy,OP3,FGSM,0.3,PGD,1.0,24.2,23.5,0,53
libstudy,S7,FGSM,0.3,PGD,0.1,24.2,23.5,0,53
libstudy,S7,FGSM,0.3,PGD,0.2,24.2,23.5,0,53
libstudy,S7,FGSM,0.3,PGD,0.3,24.2,23.5,0,53
libstudy,S7,FGSM,0.3,PGD,0.4,24.2,23.5,0,53
libstudy,S7,FGSM,0.3,PGD,0.5,24.2,23.5,0,53
libstudy,S7,FGSM,0.3,PGD,0.6,24.2,23.5,0,53
libstudy,S7,FGSM,0.3,PGD,0.7,24.2,23.5,0,53
libstudy,S7,FGSM,0.3,PGD,0.8,24.2,23.5,0,53
libstudy,S7,FGSM,0.3,PGD,0.9,24.2,23.5,0,53
libstudy,S7,FGSM,0.3,PGD,1.0,24.2,23.5,0,53
libstudy,BLU,FGSM,0.4,PGD,0.1,16.833333333333332,15.0,0,40
libstudy,BLU,FGSM,0.4,PGD,0.2,16.833333333333332,15.0,0,40
libstudy,BLU,FGSM,0.4,PGD,0.3,16.833333333333332,15.0,0,40
libstudy,BLU,FGSM,0.4,PGD,0.4,16.833333333333332,15.0,0,40
libstudy,BLU,FGSM,0.4,PGD,0.5,16.833333333333332,15.0,0,40
libstudy,BLU,FGSM,0.4,PGD,0.6,16.833333333333332,15.0,0,40
libstudy,BLU,FGSM,0.4,PGD,0.7,16.833333333333332,15.0,0,40
libstudy,BLU,FGSM,0.4,PGD,0.8,16.833333333333332,15.0,0,40
libstudy,BLU,FGSM,0.4,PGD,0.9,16.833333333333332,15.0,0,40
libstudy,BLU,FGSM,0.4,PGD,1.0,16.833333333333332,15.0,0,40
libstudy,HTC,FGSM,0.4,PGD,0.1,16.833333333333332,15.0,0,40
libstudy,HTC,FGSM,0.4,PGD,0.2,16.833333333333332,15.0,0,40
libstudy,HTC,FGSM,0.4,PGD,0.3,16.833333333333332,15.0,0,40
libstudy,HTC,FGSM,0.4,PGD,0.4,16.833333333333332,15.0,0,40
libstudy,HTC,FGSM,0.4,PGD,0.5,16.833333333333332,15.0,0,40
libstudy,HTC,FGSM,0.4,PGD,0.6,16.833333333333332,15.0,0,40
libstudy,HTC,FGSM,0.4,PGD,0.7,16.833333333333332,15.0,0,40
libstudy,HTC,FGSM,0.4,PGD,0.8,16.833333333333332,15.0,0,40
libstudy,HTC,FGSM,0.4,PGD,0.9,16.833333333333332,15.0,0,40
libstudy,HTC,FGSM,0.4,PGD,1.0,16.833333333333332,15.0,0,40
libstudy,LG,FGSM,0.4,PGD,0.1,16.833333333333332,15.0,0,40
libstudy,LG,FGSM,0.4,PGD,0.2,16.833333333333332,15.0,0,40
libstudy,LG,FGSM,0.4,PGD,0.3,16.833333333333332,15.0,0,40
libstudy,LG,FGSM,0.4,PGD,0.4,16.833333333333332,15.0,0,40
libstudy,LG,FGSM,0.4,PGD,0.5,16.833333333333332,15.0,0,40
libstudy,LG,FGSM,0.4,PGD,0.6,16.833333333333332,15.0,0,40
libstudy,LG,FGSM,0.4,PGD,0.7,16.833333333333332,15.0,0,40
libstudy,LG,FGSM,0.4,PGD,0.8,16.833333333333332,15.0,0,40
libstudy,LG,FGSM,0.4,PGD,0.9,16.833333333333332,15.0,0,40
libstudy,LG,FGSM,0.4,PGD,1.0,16.833333333333332,15.0,0,40
libstudy,MOTO,FGSM,0.4,PGD,0.1,16.833333333333332,15.0,0,40
libstudy,MOTO,FGSM,0.4,PGD,0.2,16.833333333333332,15.0,0,40
libstudy,MOTO,FGSM,0.4,PGD,0.3,16.833333333333332,15.0,0,40
libstudy,MOTO,FGSM,0.4,PGD,0.4,16.833333333333332,15.0,0,40
libstudy,MOTO,FGSM,0.4,PGD,0.5,16.833333333333332,15.0,0,40
libstudy,MOTO,FGSM,0.4,PGD,0.6,16.833333333333332,15.0,0,40
libstudy,MOTO,FGSM,0.4,PGD,0.7,16.833333333333332,15.0,0,40
libstudy,MOTO,FGSM,0.4,PGD,0.8,16.833333333333332,15.0,0,40
libstudy,MOTO,FGSM,0.4,PGD,0.9,16.833333333333332,15.0,0,40
libstudy,MOTO,FGSM,0.4,PGD,1.0,16.833333333333332,15.0,0,40
libstudy,OP3,FGSM,0.4,PGD,0.1,16.833333333333332,15.0,0,40
libstudy,OP3,FGSM,0.4,PGD,0.2,16.833333333333332,15.0,0,40
libstudy,OP3,FGSM,0.4,PGD,0.3,16.833333333333332,15.0,0,40
libstudy,OP3,FGSM,0.4,PGD,0.4,16.833333333333332,15.0,0,40
libstudy,OP3,FGSM,0.4,PGD,0.5,16.833333333333332,15.0,0,40
libstudy,OP3,FGSM,0.4,PGD,0.6,16.833333333333332,15.0,0,40
libstudy,OP3,FGSM,0.4,PGD,0.7,16.833333333333332,15.0,0,40
libstudy,OP3,FGSM,0.4,PGD,0.8,16.833333333333332,15.0,0,40
libstudy,OP3,FGSM,0.4,PGD,0.9,16.833333333333332,15.0,0,40
libstudy,OP3,FGSM,0.4,PGD,1.0,16.833333333333332,15.0,0,40
libstudy,S7,FGSM,0.4,PGD,0.1,16.833333333333332,15.0,0,40
libstudy,S7,FGSM,0.4,PGD,0.2,16.833333333333332,15.0,0,40
libstudy,S7,FGSM,0.4,PGD,0.3,16.833333333333332,15.0,0,40
libstudy,S7,FGSM,0.4,PGD,0.4,16.833333333333332,15.0,0,40
libstudy,S7,FGSM,0.4,PGD,0.5,16.833333333333332,15.0,0,40
libstudy,S7,FGSM,0.4,PGD,0.6,16.833333333333332,15.0,0,40
libstudy,S7,FGSM,0.4,PGD,0.7,16.833333333333332,15.0,0,40
libstudy,S7,FGSM,0.4,PGD,0.8,16.833333333333332,15.0,0,40
libstudy,S7,FGSM,0.4,PGD,0.9,16.833333333333332,15.0,0,40
libstudy,S7,FGSM,0.4,PGD,1.0,16.833333333333332,15.0,0,40
libstudy,BLU,FGSM,0.5,PGD,0.1,15.7,15.0,0,36
libstudy,BLU,FGSM,0.5,PGD,0.2,15.7,15.0,0,36
libstudy,BLU,FGSM,0.5,PGD,0.3,15.7,15.0,0,36
libstudy,BLU,FGSM,0.5,PGD,0.4,15.7,15.0,0,36
libstudy,BLU,FGSM,0.5,PGD,0.5,15.7,15.0,0,36
libstudy,BLU,FGSM,0.5,PGD,0.6,15.7,15.0,0,36
libstudy,BLU,FGSM,0.5,PGD,0.7,15.7,15.0,0,36
libstudy,BLU,FGSM,0.5,PGD,0.8,15.7,15.0,0,36
libstudy,BLU,FGSM,0.5,PGD,0.9,15.7,15.0,0,36
libstudy,BLU,FGSM,0.5,PGD,1.0,15.7,15.0,0,36
libstudy,HTC,FGSM,0.5,PGD,0.1,15.7,15.0,0,36
libstudy,HTC,FGSM,0.5,PGD,0.2,15.7,15.0,0,36
libstudy,HTC,FGSM,0.5,PGD,0.3,15.7,15.0,0,36
libstudy,HTC,FGSM,0.5,PGD,0.4,15.7,15.0,0,36
libstudy,HTC,FGSM,0.5,PGD,0.5,15.7,15.0,0,36
libstudy,HTC,FGSM,0.5,PGD,0.6,15.7,15.0,0,36
libstudy,HTC,FGSM,0.5,PGD,0.7,15.7,15.0,0,36
libstudy,HTC,FGSM,0.5,PGD,0.8,15.7,15.0,0,36
libstudy,HTC,FGSM,0.5,PGD,0.9,15.7,15.0,0,36
libstudy,HTC,FGSM,0.5,PGD,1.0,15.7,15.0,0,36
libstudy,LG,FGSM,0.5,PGD,0.1,15.7,15.0,0,36
libstudy,LG,FGSM,0.5,PGD,0.2,15.7,15.0,0,36
libstudy,LG,FGSM,0.5,PGD,0.3,15.7,15.0,0,36
libstudy,LG,FGSM,0.5,PGD,0.4,15.7,15.0,0,36
libstudy,LG,FGSM,0.5,PGD,0.5,15.7,15.0,0,36
libstudy,LG,FGSM,0.5,PGD,0.6,15.7,15.0,0,36
libstudy,LG,FGSM,0.5,PGD,0.7,15.7,15.0,0,36
libstudy,LG,FGSM,0.5,PGD,0.8,15.7,15.0,0,36
libstudy,LG,FGSM,0.5,PGD,0.9,15.7,15.0,0,36
libstudy,LG,FGSM,0.5,PGD,1.0,15.7,15.0,0,36
libstudy,MOTO,FGSM,0.5,PGD,0.1,15.7,15.0,0,36
libstudy,MOTO,FGSM,0.5,PGD,0.2,15.7,15.0,0,36
libstudy,MOTO,FGSM,0.5,PGD,0.3,15.7,15.0,0,36
libstudy,MOTO,FGSM,0.5,PGD,0.4,15.7,15.0,0,36
libstudy,MOTO,FGSM,0.5,PGD,0.5,15.7,15.0,0,36
libstudy,MOTO,FGSM,0.5,PGD,0.6,15.7,15.0,0,36
libstudy,MOTO,FGSM,0.5,PGD,0.7,15.7,15.0,0,36
libstudy,MOTO,FGSM,0.5,PGD,0.8,15.7,15.0,0,36
libstudy,MOTO,FGSM,0.5,PGD,0.9,15.7,15.0,0,36
libstudy,MOTO,FGSM,0.5,PGD,1.0,15.7,15.0,0,36
libstudy,OP3,FGSM,0.5,PGD,0.1,15.7,15.0,0,36
libstudy,OP3,FGSM,0.5,PGD,0.2,15.7,15.0,0,36
libstudy,OP3,FGSM,0.5,PGD,0.3,15.7,15.0,0,36
libstudy,OP3,FGSM,0.5,PGD,0.4,15.7,15.0,0,36
libstudy,OP3,FGSM,0.5,PGD,0.5,15.7,15.0,0,36
libstudy,OP3,FGSM,0.5,PGD,0.6,15.7,15.0,0,36
libstudy,OP3,FGSM,0.5,PGD,0.7,15.7,15.0,0,36
libstudy,OP3,FGSM,0.5,PGD,0.8,15.7,15.0,0,36
libstudy,OP3,FGSM,0.5,PGD,0.9,15.7,15.0,0,36
libstudy,OP3,FGSM,0.5,PGD,1.0,15.7,15.0,0,36
libstudy,S7,FGSM,0.5,PGD,0.1,15.7,15.0,0,36
libstudy,S7,FGSM,0.5,PGD,0.2,15.7,15.0,0,36
libstudy,S7,FGSM,0.5,PGD,0.3,15.7,15.0,0,36
libstudy,S7,FGSM,0.5,PGD,0.4,15.7,15.0,0,36
libstudy,S7,FGSM,0.5,PGD,0.5,15.7,15.0,0,36
libstudy,S7,FGSM,0.5,PGD,0.6,15.7,15.0,0,36
libstudy,S7,FGSM,0.5,PGD,0.7,15.7,15.0,0,36
libstudy,S7,FGSM,0.5,PGD,0.8,15.7,15.0,0,36
libstudy,S7,FGSM,0.5,PGD,0.9,15.7,15.0,0,36
libstudy,S7,FGSM,0.5,PGD,1.0,15.7,15.0,0,36
libstudy,BLU,FGSM,0.6,PGD,0.1,26.7,26.5,0,56
libstudy,BLU,FGSM,0.6,PGD,0.2,26.7,26.5,0,56
libstudy,BLU,FGSM,0.6,PGD,0.3,26.7,26.5,0,56
libstudy,BLU,FGSM,0.6,PGD,0.4,26.7,26.5,0,56
libstudy,BLU,FGSM,0.6,PGD,0.5,26.7,26.5,0,56
libstudy,BLU,FGSM,0.6,PGD,0.6,26.7,26.5,0,56
libstudy,BLU,FGSM,0.6,PGD,0.7,26.7,26.5,0,56
libstudy,BLU,FGSM,0.6,PGD,0.8,26.7,26.5,0,56
libstudy,BLU,FGSM,0.6,PGD,0.9,26.7,26.5,0,56
libstudy,BLU,FGSM,0.6,PGD,1.0,26.7,26.5,0,56
libstudy,HTC,FGSM,0.6,PGD,0.1,26.7,26.5,0,56
libstudy,HTC,FGSM,0.6,PGD,0.2,26.7,26.5,0,56
libstudy,HTC,FGSM,0.6,PGD,0.3,26.7,26.5,0,56
libstudy,HTC,FGSM,0.6,PGD,0.4,26.7,26.5,0,56
libstudy,HTC,FGSM,0.6,PGD,0.5,26.7,26.5,0,56
libstudy,HTC,FGSM,0.6,PGD,0.6,26.7,26.5,0,56
libstudy,HTC,FGSM,0.6,PGD,0.7,26.7,26.5,0,56
libstudy,HTC,FGSM,0.6,PGD,0.8,26.7,26.5,0,56
libstudy,HTC,FGSM,0.6,PGD,0.9,26.7,26.5,0,56
libstudy,HTC,FGSM,0.6,PGD,1.0,26.7,26.5,0,56
libstudy,LG,FGSM,0.6,PGD,0.1,26.7,26.5,0,56
libstudy,LG,FGSM,0.6,PGD,0.2,26.7,26.5,0,56
libstudy,LG,FGSM,0.6,PGD,0.3,26.7,26.5,0,56
libstudy,LG,FGSM,0.6,PGD,0.4,26.7,26.5,0,56
libstudy,LG,FGSM,0.6,PGD,0.5,26.7,26.5,0,56
libstudy,LG,FGSM,0.6,PGD,0.6,26.7,26.5,0,56
libstudy,LG,FGSM,0.6,PGD,0.7,26.7,26.5,0,56
libstudy,LG,FGSM,0.6,PGD,0.8,26.7,26.5,0,56
libstudy,LG,FGSM,0.6,PGD,0.9,26.7,26.5,0,56
libstudy,LG,FGSM,0.6,PGD,1.0,26.7,26.5,0,56
libstudy,MOTO,FGSM,0.6,PGD,0.1,26.7,26.5,0,56
libstudy,MOTO,FGSM,0.6,PGD,0.2,26.7,26.5,0,56
libstudy,MOTO,FGSM,0.6,PGD,0.3,26.7,26.5,0,56
libstudy,MOTO,FGSM,0.6,PGD,0.4,26.7,26.5,0,56
libstudy,MOTO,FGSM,0.6,PGD,0.5,26.7,26.5,0,56
libstudy,MOTO,FGSM,0.6,PGD,0.6,26.7,26.5,0,56
libstudy,MOTO,FGSM,0.6,PGD,0.7,26.7,26.5,0,56
libstudy,MOTO,FGSM,0.6,PGD,0.8,26.7,26.5,0,56
libstudy,MOTO,FGSM,0.6,PGD,0.9,26.7,26.5,0,56
libstudy,MOTO,FGSM,0.6,PGD,1.0,26.7,26.5,0,56
libstudy,OP3,FGSM,0.6,PGD,0.1,26.7,26.5,0,56
libstudy,OP3,FGSM,0.6,PGD,0.2,26.7,26.5,0,56
libstudy,OP3,FGSM,0.6,PGD,0.3,26.7,26.5,0,56
libstudy,OP3,FGSM,0.6,PGD,0.4,26.7,26.5,0,56
libstudy,OP3,FGSM,0.6,PGD,0.5,26.7,26.5,0,56
libstudy,OP3,FGSM,0.6,PGD,0.6,26.7,26.5,0,56
libstudy,OP3,FGSM,0.6,PGD,0.7,26.7,26.5,0,56
libstudy,OP3,FGSM,0.6,PGD,0.8,26.7,26.5,0,56
libstudy,OP3,FGSM,0.6,PGD,0.9,26.7,26.5,0,56
libstudy,OP3,FGSM,0.6,PGD,1.0,26.7,26.5,0,56
libstudy,S7,FGSM,0.6,PGD,0.1,26.7,26.5,0,56
libstudy,S7,FGSM,0.6,PGD,0.2,26.7,26.5,0,56
libstudy,S7,FGSM,0.6,PGD,0.3,26.7,26.5,0,56
libstudy,S7,FGSM,0.6,PGD,0.4,26.7,26.5,0,56
libstudy,S7,FGSM,0.6,PGD,0.5,26.7,26.5,0,56
libstudy,S7,FGSM,0.6,PGD,0.6,26.7,26.5,0,56
libstudy,S7,FGSM,0.6,PGD,0.7,26.7,26.5,0,56
libstudy,S7,FGSM,0.6,PGD,0.8,26.7,26.5,0,56
libstudy,S7,FGSM,0.6,PGD,0.9,26.7,26.5,0,56
libstudy,S7,FGSM,0.6,PGD,1.0,26.7,26.5,0,56
libstudy,BLU,FGSM,0.7,PGD,0.1,15.933333333333334,15.0,0,37
libstudy,BLU,FGSM,0.7,PGD,0.2,15.933333333333334,15.0,0,37
libstudy,BLU,FGSM,0.7,PGD,0.3,15.933333333333334,15.0,0,37
libstudy,BLU,FGSM,0.7,PGD,0.4,15.933333333333334,15.0,0,37
libstudy,BLU,FGSM,0.7,PGD,0.5,15.933333333333334,15.0,0,37
libstudy,BLU,FGSM,0.7,PGD,0.6,15.933333333333334,15.0,0,37
libstudy,BLU,FGSM,0.7,PGD,0.7,15.933333333333334,15.0,0,37
libstudy,BLU,FGSM,0.7,PGD,0.8,15.933333333333334,15.0,0,37
libstudy,BLU,FGSM,0.7,PGD,0.9,15.933333333333334,15.0,0,37
libstudy,BLU,FGSM,0.7,PGD,1.0,15.933333333333334,15.0,0,37
libstudy,HTC,FGSM,0.7,PGD,0.1,15.933333333333334,15.0,0,37
libstudy,HTC,FGSM,0.7,PGD,0.2,15.933333333333334,15.0,0,37
libstudy,HTC,FGSM,0.7,PGD,0.3,15.933333333333334,15.0,0,37
libstudy,HTC,FGSM,0.7,PGD,0.4,15.933333333333334,15.0,0,37
libstudy,HTC,FGSM,0.7,PGD,0.5,15.933333333333334,15.0,0,37
libstudy,HTC,FGSM,0.7,PGD,0.6,15.933333333333334,15.0,0,37
libstudy,HTC,FGSM,0.7,PGD,0.7,15.933333333333334,15.0,0,37
libstudy,HTC,FGSM,0.7,PGD,0.8,15.933333333333334,15.0,0,37
libstudy,HTC,FGSM,0.7,PGD,0.9,15.933333333333334,15.0,0,37
libstudy,HTC,FGSM,0.7,PGD,1.0,15.933333333333334,15.0,0,37
libstudy,LG,FGSM,0.7,PGD,0.1,15.933333333333334,15.0,0,37
libstudy,LG,FGSM,0.7,PGD,0.2,15.933333333333334,15.0,0,37
libstudy,LG,FGSM,0.7,PGD,0.3,15.933333333333334,15.0,0,37
libstudy,LG,FGSM,0.7,PGD,0.4,15.933333333333334,15.0,0,37
libstudy,LG,FGSM,0.7,PGD,0.5,15.933333333333334,15.0,0,37
libstudy,LG,FGSM,0.7,PGD,0.6,15.933333333333334,15.0,0,37
libstudy,LG,FGSM,0.7,PGD,0.7,15.933333333333334,15.0,0,37
libstudy,LG,FGSM,0.7,PGD,0.8,15.933333333333334,15.0,0,37
libstudy,LG,FGSM,0.7,PGD,0.9,15.933333333333334,15.0,0,37
libstudy,LG,FGSM,0.7,PGD,1.0,15.933333333333334,15.0,0,37
libstudy,MOTO,FGSM,0.7,PGD,0.1,15.933333333333334,15.0,0,37
libstudy,MOTO,FGSM,0.7,PGD,0.2,15.933333333333334,15.0,0,37
libstudy,MOTO,FGSM,0.7,PGD,0.3,15.933333333333334,15.0,0,37
libstudy,MOTO,FGSM,0.7,PGD,0.4,15.933333333333334,15.0,0,37
libstudy,MOTO,FGSM,0.7,PGD,0.5,15.933333333333334,15.0,0,37
libstudy,MOTO,FGSM,0.7,PGD,0.6,15.933333333333334,15.0,0,37
libstudy,MOTO,FGSM,0.7,PGD,0.7,15.933333333333334,15.0,0,37
libstudy,MOTO,FGSM,0.7,PGD,0.8,15.933333333333334,15.0,0,37
libstudy,MOTO,FGSM,0.7,PGD,0.9,15.933333333333334,15.0,0,37
libstudy,MOTO,FGSM,0.7,PGD,1.0,15.933333333333334,15.0,0,37
libstudy,OP3,FGSM,0.7,PGD,0.1,15.933333333333334,15.0,0,37
libstudy,OP3,FGSM,0.7,PGD,0.2,15.933333333333334,15.0,0,37
libstudy,OP3,FGSM,0.7,PGD,0.3,15.933333333333334,15.0,0,37
libstudy,OP3,FGSM,0.7,PGD,0.4,15.933333333333334,15.0,0,37
libstudy,OP3,FGSM,0.7,PGD,0.5,15.933333333333334,15.0,0,37
libstudy,OP3,FGSM,0.7,PGD,0.6,15.933333333333334,15.0,0,37
libstudy,OP3,FGSM,0.7,PGD,0.7,15.933333333333334,15.0,0,37
libstudy,OP3,FGSM,0.7,PGD,0.8,15.933333333333334,15.0,0,37
libstudy,OP3,FGSM,0.7,PGD,0.9,15.933333333333334,15.0,0,37
libstudy,OP3,FGSM,0.7,PGD,1.0,15.933333333333334,15.0,0,37
libstudy,S7,FGSM,0.7,PGD,0.1,15.933333333333334,15.0,0,37
libstudy,S7,FGSM,0.7,PGD,0.2,15.933333333333334,15.0,0,37
libstudy,S7,FGSM,0.7,PGD,0.3,15.933333333333334,15.0,0,37
libstudy,S7,FGSM,0.7,PGD,0.4,15.933333333333334,15.0,0,37
libstudy,S7,FGSM,0.7,PGD,0.5,15.933333333333334,15.0,0,37
libstudy,S7,FGSM,0.7,PGD,0.6,15.933333333333334,15.0,0,37
libstudy,S7,FGSM,0.7,PGD,0.7,15.933333333333334,15.0,0,37
libstudy,S7,FGSM,0.7,PGD,0.8,15.933333333333334,15.0,0,37
libstudy,S7,FGSM,0.7,PGD,0.9,15.933333333333334,15.0,0,37
libstudy,S7,FGSM,0.7,PGD,1.0,15.933333333333334,15.0,0,37
libstudy,BLU,FGSM,0.8,PGD,0.1,24.2,23.5,0,53
libstudy,BLU,FGSM,0.8,PGD,0.2,24.2,23.5,0,53
libstudy,BLU,FGSM,0.8,PGD,0.3,24.2,23.5,0,53
libstudy,BLU,FGSM,0.8,PGD,0.4,24.2,23.5,0,53
libstudy,BLU,FGSM,0.8,PGD,0.5,24.2,23.5,0,53
libstudy,BLU,FGSM,0.8,PGD,0.6,24.2,23.5,0,53
libstudy,BLU,FGSM,0.8,PGD,0.7,24.2,23.5,0,53
libstudy,BLU,FGSM,0.8,PGD,0.8,24.2,23.5,0,53
libstudy,BLU,FGSM,0.8,PGD,0.9,24.2,23.5,0,53
libstudy,BLU,FGSM,0.8,PGD,1.0,24.2,23.5,0,53
libstudy,HTC,FGSM,0.8,PGD,0.1,24.2,23.5,0,53
libstudy,HTC,FGSM,0.8,PGD,0.2,24.2,23.5,0,53
libstudy,HTC,FGSM,0.8,PGD,0.3,24.2,23.5,0,53
libstudy,HTC,FGSM,0.8,PGD,0.4,24.2,23.5,0,53
libstudy,HTC,FGSM,0.8,PGD,0.5,24.2,23.5,0,53
libstudy,HTC,FGSM,0.8,PGD,0.6,24.2,23.5,0,53
libstudy,HTC,FGSM,0.8,PGD,0.7,24.2,23.5,0,53
libstudy,HTC,FGSM,0.8,PGD,0.8,24.2,23.5,0,53
libstudy,HTC,FGSM,0.8,PGD,0.9,24.2,23.5,0,53
libstudy,HTC,FGSM,0.8,PGD,1.0,24.2,23.5,0,53
libstudy,LG,FGSM,0.8,PGD,0.1,24.2,23.5,0,53
libstudy,LG,FGSM,0.8,PGD,0.2,24.2,23.5,0,53
libstudy,LG,FGSM,0.8,PGD,0.3,24.2,23.5,0,53
libstudy,LG,FGSM,0.8,PGD,0.4,24.2,23.5,0,53
libstudy,LG,FGSM,0.8,PGD,0.5,24.2,23.5,0,53
libstudy,LG,FGSM,0.8,PGD,0.6,24.2,23.5,0,53
libstudy,LG,FGSM,0.8,PGD,0.7,24.2,23.5,0,53
libstudy,LG,FGSM,0.8,PGD,0.8,24.2,23.5,0,53
libstudy,LG,FGSM,0.8,PGD,0.9,24.2,23.5,0,53
libstudy,LG,FGSM,0.8,PGD,1.0,24.2,23.5,0,53
libstudy,MOTO,FGSM,0.8,PGD,0.1,24.2,23.5,0,53
libstudy,MOTO,FGSM,0.8,PGD,0.2,24.2,23.5,0,53
libstudy,MOTO,FGSM,0.8,PGD,0.3,24.2,23.5,0,53
libstudy,MOTO,FGSM,0.8,PGD,0.4,24.2,23.5,0,53
libstudy,MOTO,FGSM,0.8,PGD,0.5,24.2,23.5,0,53
libstudy,MOTO,FGSM,0.8,PGD,0.6,24.2,23.5,0,53
libstudy,MOTO,FGSM,0.8,PGD,0.7,24.2,23.5,0,53
libstudy,MOTO,FGSM,0.8,PGD,0.8,24.2,23.5,0,53
libstudy,MOTO,FGSM,0.8,PGD,0.9,24.2,23.5,0,53
libstudy,MOTO,FGSM,0.8,PGD,1.0,24.2,23.5,0,53
libstudy,OP3,FGSM,0.8,PGD,0.1,24.2,23.5,0,53
libstudy,OP3,FGSM,0.8,PGD,0.2,24.2,23.5,0,53
libstudy,OP3,FGSM,0.8,PGD,0.3,24.2,23.5,0,53
libstudy,OP3,FGSM,0.8,PGD,0.4,24.2,23.5,0,53
libstudy,OP3,FGSM,0.8,PGD,0.5,24.2,23.5,0,53
libstudy,OP3,FGSM,0.8,PGD,0.6,24.2,23.5,0,53
libstudy,OP3,FGSM,0.8,PGD,0.7,24.2,23.5,0,53
libstudy,OP3,FGSM,0.8,PGD,0.8,24.2,23.5,0,53
libstudy,OP3,FGSM,0.8,PGD,0.9,24.2,23.5,0,53
libstudy,OP3,FGSM,0.8,PGD,1.0,24.2,23.5,0,53
libstudy,S7,FGSM,0.8,PGD,0.1,24.2,23.5,0,53
libstudy,S7,FGSM,0.8,PGD,0.2,24.2,23.5,0,53
libstudy,S7,FGSM,0.8,PGD,0.3,24.2,23.5,0,53
libstudy,S7,FGSM,0.8,PGD,0.4,24.2,23.5,0,53
libstudy,S7,FGSM,0.8,PGD,0.5,24.2,23.5,0,53
libstudy,S7,FGSM,0.8,PGD,0.6,24.2,23.5,0,53
libstudy,S7,FGSM,0.8,PGD,0.7,24.2,23.5,0,53
libstudy,S7,FGSM,0.8,PGD,0.8,24.2,23.5,0,53
libstudy,S7,FGSM,0.8,PGD,0.9,24.2,23.5,0,53
libstudy,S7,FGSM,0.8,PGD,1.0,24.2,23.5,0,53
libstudy,BLU,FGSM,0.9,PGD,0.1,25.0,24.5,0,54
libstudy,BLU,FGSM,0.9,PGD,0.2,25.0,24.5,0,54
libstudy,BLU,FGSM,0.9,PGD,0.3,25.0,24.5,0,54
libstudy,BLU,FGSM,0.9,PGD,0.4,25.0,24.5,0,54
libstudy,BLU,FGSM,0.9,PGD,0.5,25.0,24.5,0,54
libstudy,BLU,FGSM,0.9,PGD,0.6,25.0,24.5,0,54
libstudy,BLU,FGSM,0.9,PGD,0.7,25.0,24.5,0,54
libstudy,BLU,FGSM,0.9,PGD,0.8,25.0,24.5,0,54
libstudy,BLU,FGSM,0.9,PGD,0.9,25.0,24.5,0,54
libstudy,BLU,FGSM,0.9,PGD,1.0,25.0,24.5,0,54
libstudy,HTC,FGSM,0.9,PGD,0.1,25.0,24.5,0,54
libstudy,HTC,FGSM,0.9,PGD,0.2,25.0,24.5,0,54
libstudy,HTC,FGSM,0.9,PGD,0.3,25.0,24.5,0,54
libstudy,HTC,FGSM,0.9,PGD,0.4,25.0,24.5,0,54
libstudy,HTC,FGSM,0.9,PGD,0.5,25.0,24.5,0,54
libstudy,HTC,FGSM,0.9,PGD,0.6,25.0,24.5,0,54
libstudy,HTC,FGSM,0.9,PGD,0.7,25.0,24.5,0,54
libstudy,HTC,FGSM,0.9,PGD,0.8,25.0,24.5,0,54
libstudy,HTC,FGSM,0.9,PGD,0.9,25.0,24.5,0,54
libstudy,HTC,FGSM,0.9,PGD,1.0,25.0,24.5,0,54
libstudy,LG,FGSM,0.9,PGD,0.1,25.0,24.5,0,54
libstudy,LG,FGSM,0.9,PGD,0.2,25.0,24.5,0,54
libstudy,LG,FGSM,0.9,PGD,0.3,25.0,24.5,0,54
libstudy,LG,FGSM,0.9,PGD,0.4,25.0,24.5,0,54
libstudy,LG,FGSM,0.9,PGD,0.5,25.0,24.5,0,54
libstudy,LG,FGSM,0.9,PGD,0.6,25.0,24.5,0,54
libstudy,LG,FGSM,0.9,PGD,0.7,25.0,24.5,0,54
libstudy,LG,FGSM,0.9,PGD,0.8,25.0,24.5,0,54
libstudy,LG,FGSM,0.9,PGD,0.9,25.0,24.5,0,54
libstudy,LG,FGSM,0.9,PGD,1.0,25.0,24.5,0,54
libstudy,MOTO,FGSM,0.9,PGD,0.1,25.0,24.5,0,54
libstudy,MOTO,FGSM,0.9,PGD,0.2,25.0,24.5,0,54
libstudy,MOTO,FGSM,0.9,PGD,0.3,25.0,24.5,0,54
libstudy,MOTO,FGSM,0.9,PGD,0.4,25.0,24.5,0,54
libstudy,MOTO,FGSM,0.9,PGD,0.5,25.0,24.5,0,54
libstudy,MOTO,FGSM,0.9,PGD,0.6,25.0,24.5,0,54
libstudy,MOTO,FGSM,0.9,PGD,0.7,25.0,24.5,0,54
libstudy,MOTO,FGSM,0.9,PGD,0.8,25.0,24.5,0,54
libstudy,MOTO,FGSM,0.9,PGD,0.9,25.0,24.5,0,54
libstudy,MOTO,FGSM,0.9,PGD,1.0,25.0,24.5,0,54
libstudy,OP3,FGSM,0.9,PGD,0.1,25.0,24.5,0,54
libstudy,OP3,FGSM,0.9,PGD,0.2,25.0,24.5,0,54
libstudy,OP3,FGSM,0.9,PGD,0.3,25.0,24.5,0,54
libstudy,OP3,FGSM,0.9,PGD,0.4,25.0,24.5,0,54
libstudy,OP3,FGSM,0.9,PGD,0.5,25.0,24.5,0,54
libstudy,OP3,FGSM,0.9,PGD,0.6,25.0,24.5,0,54
libstudy,OP3,FGSM,0.9,PGD,0.7,25.0,24.5,0,54
libstudy,OP3,FGSM,0.9,PGD,0.8,25.0,24.5,0,54
libstudy,OP3,FGSM,0.9,PGD,0.9,25.0,24.5,0,54
libstudy,OP3,FGSM,0.9,PGD,1.0,25.0,24.5,0,54
libstudy,S7,FGSM,0.9,PGD,0.1,25.0,24.5,0,54
libstudy,S7,FGSM,0.9,PGD,0.2,25.0,24.5,0,54
libstudy,S7,FGSM,0.9,PGD,0.3,25.0,24.5,0,54
libstudy,S7,FGSM,0.9,PGD,0.4,25.0,24.5,0,54
libstudy,S7,FGSM,0.9,PGD,0.5,25.0,24.5,0,54
libstudy,S7,FGSM,0.9,PGD,0.6,25.0,24.5,0,54
libstudy,S7,FGSM,0.9,PGD,0.7,25.0,24.5,0,54
libstudy,S7,FGSM,0.9,PGD,0.8,25.0,24.5,0,54
libstudy,S7,FGSM,0.9,PGD,0.9,25.0,24.5,0,54
libstudy,S7,FGSM,0.9,PGD,1.0,25.0,24.5,0,54
libstudy,BLU,FGSM,1.0,PGD,0.1,29.5,29.5,0,59
libstudy,BLU,FGSM,1.0,PGD,0.2,29.5,29.5,0,59
libstudy,BLU,FGSM,1.0,PGD,0.3,29.5,29.5,0,59
libstudy,BLU,FGSM,1.0,PGD,0.4,29.5,29.5,0,59
libstudy,BLU,FGSM,1.0,PGD,0.5,29.5,29.5,0,59
libstudy,BLU,FGSM,1.0,PGD,0.6,29.5,29.5,0,59
libstudy,BLU,FGSM,1.0,PGD,0.7,29.5,29.5,0,59
libstudy,BLU,FGSM,1.0,PGD,0.8,29.5,29.5,0,59
libstudy,BLU,FGSM,1.0,PGD,0.9,29.5,29.5,0,59
libstudy,BLU,FGSM,1.0,PGD,1.0,29.5,29.5,0,59
libstudy,HTC,FGSM,1.0,PGD,0.1,29.5,29.5,0,59
libstudy,HTC,FGSM,1.0,PGD,0.2,29.5,29.5,0,59
libstudy,HTC,FGSM,1.0,PGD,0.3,29.5,29.5,0,59
libstudy,HTC,FGSM,1.0,PGD,0.4,29.5,29.5,0,59
libstudy,HTC,FGSM,1.0,PGD,0.5,29.5,29.5,0,59
libstudy,HTC,FGSM,1.0,PGD,0.6,29.5,29.5,0,59
libstudy,HTC,FGSM,1.0,PGD,0.7,29.5,29.5,0,59
libstudy,HTC,FGSM,1.0,PGD,0.8,29.5,29.5,0,59
libstudy,HTC,FGSM,1.0,PGD,0.9,29.5,29.5,0,59
libstudy,HTC,FGSM,1.0,PGD,1.0,29.5,29.5,0,59
libstudy,LG,FGSM,1.0,PGD,0.1,29.5,29.5,0,59
libstudy,LG,FGSM,1.0,PGD,0.2,29.5,29.5,0,59
libstudy,LG,FGSM,1.0,PGD,0.3,29.5,29.5,0,59
libstudy,LG,FGSM,1.0,PGD,0.4,29.5,29.5,0,59
libstudy,LG,FGSM,1.0,PGD,0.5,29.5,29.5,0,59
libstudy,LG,FGSM,1.0,PGD,0.6,29.5,29.5,0,59
libstudy,LG,FGSM,1.0,PGD,0.7,29.5,29.5,0,59
libstudy,LG,FGSM,1.0,PGD,0.8,29.5,29.5,0,59
libstudy,LG,FGSM,1.0,PGD,0.9,29.5,29.5,0,59
libstudy,LG,FGSM,1.0,PGD,1.0,29.5,29.5,0,59
libstudy,MOTO,FGSM,1.0,PGD,0.1,29.5,29.5,0,59
libstudy,MOTO,FGSM,1.0,PGD,0.2,29.5,29.5,0,59
libstudy,MOTO,FGSM,1.0,PGD,0.3,29.5,29.5,0,59
libstudy,MOTO,FGSM,1.0,PGD,0.4,29.5,29.5,0,59
libstudy,MOTO,FGSM,1.0,PGD,0.5,29.5,29.5,0,59
libstudy,MOTO,FGSM,1.0,PGD,0.6,29.5,29.5,0,59
libstudy,MOTO,FGSM,1.0,PGD,0.7,29.5,29.5,0,59
libstudy,MOTO,FGSM,1.0,PGD,0.8,29.5,29.5,0,59
libstudy,MOTO,FGSM,1.0,PGD,0.9,29.5,29.5,0,59
libstudy,MOTO,FGSM,1.0,PGD,1.0,29.5,29.5,0,59
libstudy,OP3,FGSM,1.0,PGD,0.1,29.5,29.5,0,59
libstudy,OP3,FGSM,1.0,PGD,0.2,29.5,29.5,0,59
libstudy,OP3,FGSM,1.0,PGD,0.3,29.5,29.5,0,59
libstudy,OP3,FGSM,1.0,PGD,0.4,29.5,29.5,0,59
libstudy,OP3,FGSM,1.0,PGD,0.5,29.5,29.5,0,59
libstudy,OP3,FGSM,1.0,PGD,0.6,29.5,29.5,0,59
libstudy,OP3,FGSM,1.0,PGD,0.7,29.5,29.5,0,59
libstudy,OP3,FGSM,1.0,PGD,0.8,29.5,29.5,0,59
libstudy,OP3,FGSM,1.0,PGD,0.9,29.5,29.5,0,59
libstudy,OP3,FGSM,1.0,PGD,1.0,29.5,29.5,0,59
libstudy,S7,FGSM,1.0,PGD,0.1,29.5,29.5,0,59
libstudy,S7,FGSM,1.0,PGD,0.2,29.5,29.5,0,59
libstudy,S7,FGSM,1.0,PGD,0.3,29.5,29.5,0,59
libstudy,S7,FGSM,1.0,PGD,0.4,29.5,29.5,0,59
libstudy,S7,FGSM,1.0,PGD,0.5,29.5,29.5,0,59
libstudy,S7,FGSM,1.0,PGD,0.6,29.5,29.5,0,59
libstudy,S7,FGSM,1.0,PGD,0.7,29.5,29.5,0,59
libstudy,S7,FGSM,1.0,PGD,0.8,29.5,29.5,0,59
libstudy,S7,FGSM,1.0,PGD,0.9,29.5,29.5,0,59
libstudy,S7,FGSM,1.0,PGD,1.0,29.5,29.5,0,59
libstudy,BLU,PGD,0.1,PGD,0.1,15.333333333333334,15.0,0,34
libstudy,BLU,PGD,0.1,PGD,0.2,15.333333333333334,15.0,0,34
libstudy,BLU,PGD,0.1,PGD,0.3,15.333333333333334,15.0,0,34
libstudy,BLU,PGD,0.1,PGD,0.4,15.333333333333334,15.0,0,34
libstudy,BLU,PGD,0.1,PGD,0.5,15.333333333333334,15.0,0,34
libstudy,BLU,PGD,0.1,PGD,0.6,15.333333333333334,15.0,0,34
libstudy,BLU,PGD,0.1,PGD,0.7,15.333333333333334,15.0,0,34
libstudy,BLU,PGD,0.1,PGD,0.8,15.333333333333334,15.0,0,34
libstudy,BLU,PGD,0.1,PGD,0.9,15.333333333333334,15.0,0,34
libstudy,BLU,PGD,0.1,PGD,1.0,15.333333333333334,15.0,0,34
libstudy,HTC,PGD,0.1,PGD,0.1,15.333333333333334,15.0,0,34
libstudy,HTC,PGD,0.1,PGD,0.2,15.333333333333334,15.0,0,34
libstudy,HTC,PGD,0.1,PGD,0.3,15.333333333333334,15.0,0,34
libstudy,HTC,PGD,0.1,PGD,0.4,15.333333333333334,15.0,0,34
libstudy,HTC,PGD,0.1,PGD,0.5,15.333333333333334,15.0,0,34
libstudy,HTC,PGD,0.1,PGD,0.6,15.333333333333334,15.0,0,34
libstudy,HTC,PGD,0.1,PGD,0.7,15.333333333333334,15.0,0,34
libstudy,HTC,PGD,0.1,PGD,0.8,15.333333333333334,15.0,0,34
libstudy,HTC,PGD,0.1,PGD,0.9,15.333333333333334,15.0,0,34
libstudy,HTC,PGD,0.1,PGD,1.0,15.333333333333334,15.0,0,34
libstudy,LG,PGD,0.1,PGD,0.1,15.333333333333334,15.0,0,34
libstudy,LG,PGD,0.1,PGD,0.2,15.333333333333334,15.0,0,34
libstudy,LG,PGD,0.1,PGD,0.3,15.333333333333334,15.0,0,34
libstudy,LG,PGD,0.1,PGD,0.4,15.333333333333334,15.0,0,34
libstudy,LG,PGD,0.1,PGD,0.5,15.333333333333334,15.0,0,34
libstudy,LG,PGD,0.1,PGD,0.6,15.333333333333334,15.0,0,34
libstudy,LG,PGD,0.1,PGD,0.7,15.333333333333334,15.0,0,34
libstudy,LG,PGD,0.1,PGD,0.8,15.333333333333334,15.0,0,34
libstudy,LG,PGD,0.1,PGD,0.9,15.333333333333334,15.0,0,34
libstudy,LG,PGD,0.1,PGD,1.0,15.333333333333334,15.0,0,34
libstudy,MOTO,PGD,0.1,PGD,0.1,15.333333333333334,15.0,0,34
libstudy,MOTO,PGD,0.1,PGD,0.2,15.333333333333334,15.0,0,34
libstudy,MOTO,PGD,0.1,PGD,0.3,15.333333333333334,15.0,0,34
libstudy,MOTO,PGD,0.1,PGD,0.4,15.333333333333334,15.0,0,34
libstudy,MOTO,PGD,0.1,PGD,0.5,15.333333333333334,15.0,0,34
libstudy,MOTO,PGD,0.1,PGD,0.6,15.333333333333334,15.0,0,34
libstudy,MOTO,PGD,0.1,PGD,0.7,15.333333333333334,15.0,0,34
libstudy,MOTO,PGD,0.1,PGD,0.8,15.333333333333334,15.0,0,34
libstudy,MOTO,PGD,0.1,PGD,0.9,15.333333333333334,15.0,0,34
libstudy,MOTO,PGD,0.1,PGD,1.0,15.333333333333334,15.0,0,34
libstudy,OP3,PGD,0.1,PGD,0.1,15.333333333333334,15.0,0,34
libstudy,OP3,PGD,0.1,PGD,0.2,15.333333333333334,15.0,0,34
libstudy,OP3,PGD,0.1,PGD,0.3,15.333333333333334,15.0,0,34
libstudy,OP3,PGD,0.1,PGD,0.4,15.333333333333334,15.0,0,34
libstudy,OP3,PGD,0.1,PGD,0.5,15.333333333333334,15.0,0,34
libstudy,OP3,PGD,0.1,PGD,0.6,15.333333333333334,15.0,0,34
libstudy,OP3,PGD,0.1,PGD,0.7,15.333333333333334,15.0,0,34
libstudy,OP3,PGD,0.1,PGD,0.8,15.333333333333334,15.0,0,34
libstudy,OP3,PGD,0.1,PGD,0.9,15.333333333333334,15.0,0,34
libstudy,OP3,PGD,0.1,PGD,1.0,15.333333333333334,15.0,0,34
libstudy,S7,PGD,0.1,PGD,0.1,15.333333333333334,15.0,0,34
libstudy,S7,PGD,0.1,PGD,0.2,15.333333333333334,15.0,0,34
libstudy,S7,PGD,0.1,PGD,0.3,15.333333333333334,15.0,0,34
libstudy,S7,PGD,0.1,PGD,0.4,15.333333333333334,15.0,0,34
libstudy,S7,PGD,0.1,PGD,0.5,15.333333333333334,15.0,0,34
libstudy,S7,PGD,0.1,PGD,0.6,15.333333333333334,15.0,0,34
libstudy,S7,PGD,0.1,PGD,0.7,15.333333333333334,15.0,0,34
libstudy,S7,PGD,0.1,PGD,0.8,15.333333333333334,15.0,0,34
libstudy,S7,PGD,0.1,PGD,0.9,15.333333333333334,15.0,0,34
libstudy,S7,PGD,0.1,PGD,1.0,15.333333333333334,15.0,0,34
libstudy,BLU,PGD,0.2,PGD,0.1,25.833333333333332,25.5,0,55
libstudy,BLU,PGD,0.2,PGD,0.2,27.6,27.5,0,57
libstudy,BLU,PGD,0.2,PGD,0.3,20.7,18.5,0,48
libstudy,BLU,PGD,0.2,PGD,0.4,20.7,18.5,0,48
libstudy,BLU,PGD,0.2,PGD,0.5,20.7,18.5,0,48
libstudy,BLU,PGD,0.2,PGD,0.6,20.7,18.5,0,48
libstudy,BLU,PGD,0.2,PGD,0.7,20.7,18.5,0,48
libstudy,BLU,PGD,0.2,PGD,0.8,20.7,18.5,0,48
libstudy,BLU,PGD,0.2,PGD,0.9,20.7,18.5,0,48
libstudy,BLU,PGD,0.2,PGD,1.0,20.7,18.5,0,48
libstudy,HTC,PGD,0.2,PGD,0.1,25.833333333333332,25.5,0,55
libstudy,HTC,PGD,0.2,PGD,0.2,25.833333333333332,25.5,0,55
libstudy,HTC,PGD,0.2,PGD,0.3,25.833333333333332,25.5,0,55
libstudy,HTC,PGD,0.2,PGD,0.4,25.833333333333332,25.5,0,55
libstudy,HTC,PGD,0.2,PGD,0.5,25.833333333333332,25.5,0,55
libstudy,HTC,PGD,0.2,PGD,0.6,25.833333333333332,25.5,0,55
libstudy,HTC,PGD,0.2,PGD,0.7,25.833333333333332,25.5,0,55
libstudy,HTC,PGD,0.2,PGD,0.8,25.833333333333332,25.5,0,55
libstudy,HTC,PGD,0.2,PGD,0.9,25.833333333333332,25.5,0,55
libstudy,HTC,PGD,0.2,PGD,1.0,25.833333333333332,25.5,0,55
libstudy,LG,PGD,0.2,PGD,0.1,16.833333333333332,15.0,0,40
libstudy,LG,PGD,0.2,PGD,0.2,16.833333333333332,15.0,0,40
libstudy,LG,PGD,0.2,PGD,0.3,16.833333333333332,15.0,0,40
libstudy,LG,PGD,0.2,PGD,0.4,16.833333333333332,15.0,0,40
libstudy,LG,PGD,0.2,PGD,0.5,16.833333333333332,15.0,0,40
libstudy,LG,PGD,0.2,PGD,0.6,16.833333333333332,15.0,0,40
libstudy,LG,PGD,0.2,PGD,0.7,16.833333333333332,15.0,0,40
libstudy,LG,PGD,0.2,PGD,0.8,16.833333333333332,15.0,0,40
libstudy,LG,PGD,0.2,PGD,0.9,16.833333333333332,15.0,0,40
libstudy,LG,PGD,0.2,PGD,1.0,16.833333333333332,15.0,0,40
libstudy,MOTO,PGD,0.2,PGD,0.1,17.4,16.5,0,40
libstudy,MOTO,PGD,0.2,PGD,0.2,20.7,18.5,0,48
libstudy,MOTO,PGD,0.2,PGD,0.3,20.7,18.5,0,48
libstudy,MOTO,PGD,0.2,PGD,0.4,20.7,18.5,0,48
libstudy,MOTO,PGD,0.2,PGD,0.5,20.7,18.5,0,48
libstudy,MOTO,PGD,0.2,PGD,0.6,20.7,18.5,0,48
libstudy,MOTO,PGD,0.2,PGD,0.7,20.7,18.5,0,48
libstudy,MOTO,PGD,0.2,PGD,0.8,20.7,18.5,0,48
libstudy,MOTO,PGD,0.2,PGD,0.9,20.7,18.5,0,48
libstudy,MOTO,PGD,0.2,PGD,1.0,20.7,18.5,0,48
libstudy,OP3,PGD,0.2,PGD,0.1,27.6,27.5,0,57
libstudy,OP3,PGD,0.2,PGD,0.2,27.6,27.5,0,57
libstudy,OP3,PGD,0.2,PGD,0.3,27.6,27.5,0,57
libstudy,OP3,PGD,0.2,PGD,0.4,27.6,27.5,0,57
libstudy,OP3,PGD,0.2,PGD,0.5,27.6,27.5,0,57
libstudy,OP3,PGD,0.2,PGD,0.6,27.6,27.5,0,57
libstudy,OP3,PGD,0.2,PGD,0.7,27.6,27.5,0,57
libstudy,OP3,PGD,0.2,PGD,0.8,27.6,27.5,0,57
libstudy,OP3,PGD,0.2,PGD,0.9,27.6,27.5,0,57
libstudy,OP3,PGD,0.2,PGD,1.0,27.6,27.5,0,57
libstudy,S7,PGD,0.2,PGD,0.1,25.833333333333332,25.5,0,55
libstudy,S7,PGD,0.2,PGD,0.2,25.833333333333332,25.5,0,55
libstudy,S7,PGD,0.2,PGD,0.3,25.833333333333332,25.5,0,55
libstudy,S7,PGD,0.2,PGD,0.4,25.833333333333332,25.5,0,55
libstudy,S7,PGD,0.2,PGD,0.5,25.833333333333332,25.5,0,55
libstudy,S7,PGD,0.2,PGD,0.6,25.833333333333332,25.5,0,55
libstudy,S7,PGD,0.2,PGD,0.7,25.833333333333332,25.5,0,55
libstudy,S7,PGD,0.2,PGD,0.8,25.833333333333332,25.5,0,55
libstudy,S7,PGD,0.2,PGD,0.9,25.833333333333332,25.5,0,55
libstudy,S7,PGD,0.2,PGD,1.0,25.833333333333332,25.5,0,55
libstudy,BLU,PGD,0.3,PGD,0.1,15.2,15.0,0,33
libstudy,BLU,PGD,0.3,PGD,0.2,15.2,15.0,0,33
libstudy,BLU,PGD,0.3,PGD,0.3,15.2,15.0,0,33
libstudy,BLU,PGD,0.3,PGD,0.4,15.2,15.0,0,33
libstudy,BLU,PGD,0.3,PGD,0.5,15.2,15.0,0,33
libstudy,BLU,PGD,0.3,PGD,0.6,15.2,15.0,0,33
libstudy,BLU,PGD,0.3,PGD,0.7,15.2,15.0,0,33
libstudy,BLU,PGD,0.3,PGD,0.8,15.2,15.0,0,33
libstudy,BLU,PGD,0.3,PGD,0.9,15.2,15.0,0,33
libstudy,BLU,PGD,0.3,PGD,1.0,15.2,15.0,0,33
libstudy,HTC,PGD,0.3,PGD,0.1,15.2,15.0,0,33
libstudy,HTC,PGD,0.3,PGD,0.2,15.2,15.0,0,33
libstudy,HTC,PGD,0.3,PGD,0.3,15.2,15.0,0,33
libstudy,HTC,PGD,0.3,PGD,0.4,15.2,15.0,0,33
libstudy,HTC,PGD,0.3,PGD,0.5,15.2,15.0,0,33
libstudy,HTC,PGD,0.3,PGD,0.6,15.2,15.0,0,33
libstudy,HTC,PGD,0.3,PGD,0.7,15.2,15.0,0,33
libstudy,HTC,PGD,0.3,PGD,0.8,15.2,15.0,0,33
libstudy,HTC,PGD,0.3,PGD,0.9,15.2,15.0,0,33
libstudy,HTC,PGD,0.3,PGD,1.0,15.2,15.0,0,33
libstudy,LG,PGD,0.3,PGD,0.1,15.2,15.0,0,33
libstudy,LG,PGD,0.3,PGD,0.2,15.2,15.0,0,33
libstudy,LG,PGD,0.3,PGD,0.3,15.2,15.0,0,33
libstudy,LG,PGD,0.3,PGD,0.4,15.2,15.0,0,33
libstudy,LG,PGD,0.3,PGD,0.5,15.2,15.0,0,33
libstudy,LG,PGD,0.3,PGD,0.6,15.2,15.0,0,33
libstudy,LG,PGD,0.3,PGD,0.7,15.2,15.0,0,33
libstudy,LG,PGD,0.3,PGD,0.8,15.2,15.0,0,33
libstudy,LG,PGD,0.3,PGD,0.9,15.2,15.0,0,33
libstudy,LG,PGD,0.3,PGD,1.0,15.2,15.0,0,33
libstudy,MOTO,PGD,0.3,PGD,0.1,15.2,15.0,0,33
libstudy,MOTO,PGD,0.3,PGD,0.2,15.2,15.0,0,33
libstudy,MOTO,PGD,0.3,PGD,0.3,15.2,15.0,0,33
libstudy,MOTO,PGD,0.3,PGD,0.4,15.2,15.0,0,33
libstudy,MOTO,PGD,0.3,PGD,0.5,15.2,15.0,0,33
libstudy,MOTO,PGD,0.3,PGD,0.6,15.2,15.0,0,33
libstudy,MOTO,PGD,0.3,PGD,0.7,15.2,15.0,0,33
libstudy,MOTO,PGD,0.3,PGD,0.8,15.2,15.0,0,33
libstudy,MOTO,PGD,0.3,PGD,0.9,15.2,15.0,0,33
libstudy,MOTO,PGD,0.3,PGD,1.0,15.2,15.0,0,33
libstudy,OP3,PGD,0.3,PGD,0.1,15.2,15.0,0,33
libstudy,OP3,PGD,0.3,PGD,0.2,15.2,15.0,0,33
libstudy,OP3,PGD,0.3,PGD,0.3,15.2,15.0,0,33
libstudy,OP3,PGD,0.3,PGD,0.4,15.2,15.0,0,33
libstudy,OP3,PGD,0.3,PGD,0.5,15.2,15.0,0,33
libstudy,OP3,PGD,0.3,PGD,0.6,15.2,15.0,0,33
libstudy,OP3,PGD,0.3,PGD,0.7,15.2,15.0,0,33
libstudy,OP3,PGD,0.3,PGD,0.8,15.2,15.0,0,33
libstudy,OP3,PGD,0.3,PGD,0.9,15.2,15.0,0,33
libstudy,OP3,PGD,0.3,PGD,1.0,15.2,15.0,0,33
libstudy,S7,PGD,0.3,PGD,0.1,15.2,15.0,0,33
libstudy,S7,PGD,0.3,PGD,0.2,15.2,15.0,0,33
libstudy,S7,PGD,0.3,PGD,0.3,15.2,15.0,0,33
libstudy,S7,PGD,0.3,PGD,0.4,15.2,15.0,0,33
libstudy,S7,PGD,0.3,PGD,0.5,15.2,15.0,0,33
libstudy,S7,PGD,0.3,PGD,0.6,15.2,15.0,0,33
libstudy,S7,PGD,0.3,PGD,0.7,15.2,15.0,0,33
libstudy,S7,PGD,0.3,PGD,0.8,15.2,15.0,0,33
libstudy,S7,PGD,0.3,PGD,0.9,15.2,15.0,0,33
libstudy,S7,PGD,0.3,PGD,1.0,15.2,15.0,0,33
libstudy,BLU,PGD,0.4,PGD,0.1,16.833333333333332,15.0,0,40
libstudy,BLU,PGD,0.4,PGD,0.2,16.833333333333332,15.0,0,40
libstudy,BLU,PGD,0.4,PGD,0.3,16.833333333333332,15.0,0,40
libstudy,BLU,PGD,0.4,PGD,0.4,16.833333333333332,15.0,0,40
libstudy,BLU,PGD,0.4,PGD,0.5,16.833333333333332,15.0,0,40
libstudy,BLU,PGD,0.4,PGD,0.6,16.833333333333332,15.0,0,40
libstudy,BLU,PGD,0.4,PGD,0.7,16.833333333333332,15.0,0,40
libstudy,BLU,PGD,0.4,PGD,0.8,16.833333333333332,15.0,0,40
libstudy,BLU,PGD,0.4,PGD,0.9,16.833333333333332,15.0,0,40
libstudy,BLU,PGD,0.4,PGD,1.0,16.833333333333332,15.0,0,40
libstudy,HTC,PGD,0.4,PGD,0.1,16.833333333333332,15.0,0,40
libstudy,HTC,PGD,0.4,PGD,0.2,16.833333333333332,15.0,0,40
libstudy,HTC,PGD,0.4,PGD,0.3,16.833333333333332,15.0,0,40
libstudy,HTC,PGD,0.4,PGD,0.4,16.833333333333332,15.0,0,40
libstudy,HTC,PGD,0.4,PGD,0.5,16.833333333333332,15.0,0,40
libstudy,HTC,PGD,0.4,PGD,0.6,16.833333333333332,15.0,0,40
libstudy,HTC,PGD,0.4,PGD,0.7,16.833333333333332,15.0,0,40
libstudy,HTC,PGD,0.4,PGD,0.8,16.833333333333332,15.0,0,40
libstudy,HTC,PGD,0.4,PGD,0.9,16.833333333333332,15.0,0,40
libstudy,HTC,PGD,0.4,PGD,1.0,16.833333333333332,15.0,0,40
libstudy,LG,PGD,0.4,PGD,0.1,16.833333333333332,15.0,0,40
libstudy,LG,PGD,0.4,PGD,0.2,16.833333333333332,15.0,0,40
libstudy,LG,PGD,0.4,PGD,0.3,16.833333333333332,15.0,0,40
libstudy,LG,PGD,0.4,PGD,0.4,16.833333333333332,15.0,0,40
libstudy,LG,PGD,0.4,PGD,0.5,16.833333333333332,15.0,0,40
libstudy,LG,PGD,0.4,PGD,0.6,16.833333333333332,15.0,0,40
libstudy,LG,PGD,0.4,PGD,0.7,16.833333333333332,15.0,0,40
libstudy,LG,PGD,0.4,PGD,0.8,16.833333333333332,15.0,0,40
libstudy,LG,PGD,0.4,PGD,0.9,16.833333333333332,15.0,0,40
libstudy,LG,PGD,0.4,PGD,1.0,16.833333333333332,15.0,0,40
libstudy,MOTO,PGD,0.4,PGD,0.1,16.833333333333332,15.0,0,40
libstudy,MOTO,PGD,0.4,PGD,0.2,16.833333333333332,15.0,0,40
libstudy,MOTO,PGD,0.4,PGD,0.3,16.833333333333332,15.0,0,40
libstudy,MOTO,PGD,0.4,PGD,0.4,16.833333333333332,15.0,0,40
libstudy,MOTO,PGD,0.4,PGD,0.5,16.833333333333332,15.0,0,40
libstudy,MOTO,PGD,0.4,PGD,0.6,16.833333333333332,15.0,0,40
libstudy,MOTO,PGD,0.4,PGD,0.7,16.833333333333332,15.0,0,40
libstudy,MOTO,PGD,0.4,PGD,0.8,16.833333333333332,15.0,0,40
libstudy,MOTO,PGD,0.4,PGD,0.9,16.833333333333332,15.0,0,40
libstudy,MOTO,PGD,0.4,PGD,1.0,16.833333333333332,15.0,0,40
libstudy,OP3,PGD,0.4,PGD,0.1,16.833333333333332,15.0,0,40
libstudy,OP3,PGD,0.4,PGD,0.2,16.833333333333332,15.0,0,40
libstudy,OP3,PGD,0.4,PGD,0.3,16.833333333333332,15.0,0,40
libstudy,OP3,PGD,0.4,PGD,0.4,16.833333333333332,15.0,0,40
libstudy,OP3,PGD,0.4,PGD,0.5,16.833333333333332,15.0,0,40
libstudy,OP3,PGD,0.4,PGD,0.6,16.833333333333332,15.0,0,40
libstudy,OP3,PGD,0.4,PGD,0.7,16.833333333333332,15.0,0,40
libstudy,OP3,PGD,0.4,PGD,0.8,16.833333333333332,15.0,0,40
libstudy,OP3,PGD,0.4,PGD,0.9,16.833333333333332,15.0,0,40
libstudy,OP3,PGD,0.4,PGD,1.0,16.833333333333332,15.0,0,40
libstudy,S7,PGD,0.4,PGD,0.1,16.833333333333332,15.0,0,40
libstudy,S7,PGD,0.4,PGD,0.2,16.833333333333332,15.0,0,40
libstudy,S7,PGD,0.4,PGD,0.3,16.833333333333332,15.0,0,40
libstudy,S7,PGD,0.4,PGD,0.4,16.833333333333332,15.0,0,40
libstudy,S7,PGD,0.4,PGD,0.5,16.833333333333332,15.0,0,40
libstudy,S7,PGD,0.4,PGD,0.6,16.833333333333332,15.0,0,40
libstudy,S7,PGD,0.4,PGD,0.7,16.833333333333332,15.0,0,40
libstudy,S7,PGD,0.4,PGD,0.8,16.833333333333332,15.0,0,40
libstudy,S7,PGD,0.4,PGD,0.9,16.833333333333332,15.0,0,40
libstudy,S7,PGD,0.4,PGD,1.0,16.833333333333332,15.0,0,40
libstudy,BLU,PGD,0.5,PGD,0.1,15.0,15.0,0,30
libstudy,BLU,PGD,0.5,PGD,0.2,15.0,15.0,0,30
libstudy,BLU,PGD,0.5,PGD,0.3,15.0,15.0,0,30
libstudy,BLU,PGD,0.5,PGD,0.4,15.0,15.0,0,30
libstudy,BLU,PGD,0.5,PGD,0.5,15.0,15.0,0,30
libstudy,BLU,PGD,0.5,PGD,0.6,15.0,15.0,0,30
libstudy,BLU,PGD,0.5,PGD,0.7,15.0,15.0,0,30
libstudy,BLU,PGD,0.5,PGD,0.8,15.0,15.0,0,30
libstudy,BLU,PGD,0.5,PGD,0.9,15.0,15.0,0,30
libstudy,BLU,PGD,0.5,PGD,1.0,15.0,15.0,0,30
libstudy,HTC,PGD,0.5,PGD,0.1,15.0,15.0,0,30
libstudy,HTC,PGD,0.5,PGD,0.2,15.0,15.0,0,30
libstudy,HTC,PGD,0.5,PGD,0.3,15.0,15.0,0,30
libstudy,HTC,PGD,0.5,PGD,0.4,15.0,15.0,0,30
libstudy,HTC,PGD,0.5,PGD,0.5,15.0,15.0,0,30
libstudy,HTC,PGD,0.5,PGD,0.6,15.0,15.0,0,30
libstudy,HTC,PGD,0.5,PGD,0.7,15.0,15.0,0,30
libstudy,HTC,PGD,0.5,PGD,0.8,15.0,15.0,0,30
libstudy,HTC,PGD,0.5,PGD,0.9,15.0,15.0,0,30
libstudy,HTC,PGD,0.5,PGD,1.0,15.0,15.0,0,30
libstudy,LG,PGD,0.5,PGD,0.1,15.0,15.0,0,30
libstudy,LG,PGD,0.5,PGD,0.2,15.0,15.0,0,30
libstudy,LG,PGD,0.5,PGD,0.3,15.0,15.0,0,30
libstudy,LG,PGD,0.5,PGD,0.4,15.0,15.0,0,30
libstudy,LG,PGD,0.5,PGD,0.5,15.0,15.0,0,30
libstudy,LG,PGD,0.5,PGD,0.6,15.0,15.0,0,30
libstudy,LG,PGD,0.5,PGD,0.7,15.0,15.0,0,30
libstudy,LG,PGD,0.5,PGD,0.8,15.0,15.0,0,30
libstudy,LG,PGD,0.5,PGD,0.9,15.0,15.0,0,30
libstudy,LG,PGD,0.5,PGD,1.0,15.0,15.0,0,30
libstudy,MOTO,PGD,0.5,PGD,0.1,15.0,15.0,0,30
libstudy,MOTO,PGD,0.5,PGD,0.2,15.0,15.0,0,30
libstudy,MOTO,PGD,0.5,PGD,0.3,15.0,15.0,0,30
libstudy,MOTO,PGD,0.5,PGD,0.4,15.0,15.0,0,30
libstudy,MOTO,PGD,0.5,PGD,0.5,15.0,15.0,0,30
libstudy,MOTO,PGD,0.5,PGD,0.6,15.0,15.0,0,30
libstudy,MOTO,PGD,0.5,PGD,0.7,15.0,15.0,0,30
libstudy,MOTO,PGD,0.5,PGD,0.8,15.0,15.0,0,30
libstudy,MOTO,PGD,0.5,PGD,0.9,15.0,15.0,0,30
libstudy,MOTO,PGD,0.5,PGD,1.0,15.0,15.0,0,30
libstudy,OP3,PGD,0.5,PGD,0.1,15.0,15.0,0,30
libstudy,OP3,PGD,0.5,PGD,0.2,15.0,15.0,0,30
libstudy,OP3,PGD,0.5,PGD,0.3,15.0,15.0,0,30
libstudy,OP3,PGD,0.5,PGD,0.4,15.0,15.0,0,30
libstudy,OP3,PGD,0.5,PGD,0.5,15.0,15.0,0,30
libstudy,OP3,PGD,0.5,PGD,0.6,15.0,15.0,0,30
libstudy,OP3,PGD,0.5,PGD,0.7,15.0,15.0,0,30
libstudy,OP3,PGD,0.5,PGD,0.8,15.0,15.0,0,30
libstudy,OP3,PGD,0.5,PGD,0.9,15.0,15.0,0,30
libstudy,OP3,PGD,0.5,PGD,1.0,15.0,15.0,0,30
libstudy,S7,PGD,0.5,PGD,0.1,15.0,15.0,0,30
libstudy,S7,PGD,0.5,PGD,0.2,15.0,15.0,0,30
libstudy,S7,PGD,0.5,PGD,0.3,15.0,15.0,0,30
libstudy,S7,PGD,0.5,PGD,0.4,15.0,15.0,0,30
libstudy,S7,PGD,0.5,PGD,0.5,15.0,15.0,0,30
libstudy,S7,PGD,0.5,PGD,0.6,15.0,15.0,0,30
libstudy,S7,PGD,0.5,PGD,0.7,15.0,15.0,0,30
libstudy,S7,PGD,0.5,PGD,0.8,15.0,15.0,0,30
libstudy,S7,PGD,0.5,PGD,0.9,15.0,15.0,0,30
libstudy,S7,PGD,0.5,PGD,1.0,15.0,15.0,0,30
libstudy,BLU,PGD,0.6,PGD,0.1,15.2,15.0,0,33
libstudy,BLU,PGD,0.6,PGD,0.2,15.2,15.0,0,33
libstudy,BLU,PGD,0.6,PGD,0.3,15.2,15.0,0,33
libstudy,BLU,PGD,0.6,PGD,0.4,15.2,15.0,0,33
libstudy,BLU,PGD,0.6,PGD,0.5,15.2,15.0,0,33
libstudy,BLU,PGD,0.6,PGD,0.6,15.2,15.0,0,33
libstudy,BLU,PGD,0.6,PGD,0.7,15.2,15.0,0,33
libstudy,BLU,PGD,0.6,PGD,0.8,15.2,15.0,0,33
libstudy,BLU,PGD,0.6,PGD,0.9,15.2,15.0,0,33
libstudy,BLU,PGD,0.6,PGD,1.0,15.2,15.0,0,33
libstudy,HTC,PGD,0.6,PGD,0.1,15.2,15.0,0,33
libstudy,HTC,PGD,0.6,PGD,0.2,15.2,15.0,0,33
libstudy,HTC,PGD,0.6,PGD,0.3,15.2,15.0,0,33
libstudy,HTC,PGD,0.6,PGD,0.4,15.2,15.0,0,33
libstudy,HTC,PGD,0.6,PGD,0.5,15.2,15.0,0,33
libstudy,HTC,PGD,0.6,PGD,0.6,15.2,15.0,0,33
libstudy,HTC,PGD,0.6,PGD,0.7,15.2,15.0,0,33
libstudy,HTC,PGD,0.6,PGD,0.8,15.2,15.0,0,33
libstudy,HTC,PGD,0.6,PGD,0.9,15.2,15.0,0,33
libstudy,HTC,PGD,0.6,PGD,1.0,15.2,15.0,0,33
libstudy,LG,PGD,0.6,PGD,0.1,15.2,15.0,0,33
libstudy,LG,PGD,0.6,PGD,0.2,15.2,15.0,0,33
libstudy,LG,PGD,0.6,PGD,0.3,15.2,15.0,0,33
libstudy,LG,PGD,0.6,PGD,0.4,15.2,15.0,0,33
libstudy,LG,PGD,0.6,PGD,0.5,15.2,15.0,0,33
libstudy,LG,PGD,0.6,PGD,0.6,15.2,15.0,0,33
libstudy,LG,PGD,0.6,PGD,0.7,15.2,15.0,0,33
libstudy,LG,PGD,0.6,PGD,0.8,15.2,15.0,0,33
libstudy,LG,PGD,0.6,PGD,0.9,15.2,15.0,0,33
libstudy,LG,PGD,0.6,PGD,1.0,15.2,15.0,0,33
libstudy,MOTO,PGD,0.6,PGD,0.1,15.2,15.0,0,33
libstudy,MOTO,PGD,0.6,PGD,0.2,15.2,15.0,0,33
libstudy,MOTO,PGD,0.6,PGD,0.3,15.2,15.0,0,33
libstudy,MOTO,PGD,0.6,PGD,0.4,15.2,15.0,0,33
libstudy,MOTO,PGD,0.6,PGD,0.5,15.2,15.0,0,33
libstudy,MOTO,PGD,0.6,PGD,0.6,15.2,15.0,0,33
libstudy,MOTO,PGD,0.6,PGD,0.7,15.2,15.0,0,33
libstudy,MOTO,PGD,0.6,PGD,0.8,15.2,15.0,0,33
libstudy,MOTO,PGD,0.6,PGD,0.9,15.2,15.0,0,33
libstudy,MOTO,PGD,0.6,PGD,1.0,15.2,15.0,0,33
libstudy,OP3,PGD,0.6,PGD,0.1,15.2,15.0,0,33
libstudy,OP3,PGD,0.6,PGD,0.2,15.2,15.0,0,33
libstudy,OP3,PGD,0.6,PGD,0.3,15.2,15.0,0,33
libstudy,OP3,PGD,0.6,PGD,0.4,15.2,15.0,0,33
libstudy,OP3,PGD,0.6,PGD,0.5,15.2,15.0,0,33
libstudy,OP3,PGD,0.6,PGD,0.6,15.2,15.0,0,33
libstudy,OP3,PGD,0.6,PGD,0.7,15.2,15.0,0,33
libstudy,OP3,PGD,0.6,PGD,0.8,15.2,15.0,0,33
libstudy,OP3,PGD,0.6,PGD,0.9,15.2,15.0,0,33
libstudy,OP3,PGD,0.6,PGD,1.0,15.2,15.0,0,33
libstudy,S7,PGD,0.6,PGD,0.1,15.2,15.0,0,33
libstudy,S7,PGD,0.6,PGD,0.2,15.2,15.0,0,33
libstudy,S7,PGD,0.6,PGD,0.3,15.2,15.0,0,33
libstudy,S7,PGD,0.6,PGD,0.4,15.2,15.0,0,33
libstudy,S7,PGD,0.6,PGD,0.5,15.2,15.0,0,33
libstudy,S7,PGD,0.6,PGD,0.6,15.2,15.0,0,33
libstudy,S7,PGD,0.6,PGD,0.7,15.2,15.0,0,33
libstudy,S7,PGD,0.6,PGD,0.8,15.2,15.0,0,33
libstudy,S7,PGD,0.6,PGD,0.9,15.2,15.0,0,33
libstudy,S7,PGD,0.6,PGD,1.0,15.2,15.0,0,33
libstudy,BLU,PGD,0.7,PGD,0.1,19.0,15.5,0,45
libstudy,BLU,PGD,0.7,PGD,0.2,19.0,15.5,0,45
libstudy,BLU,PGD,0.7,PGD,0.3,19.0,15.5,0,45
libstudy,BLU,PGD,0.7,PGD,0.4,19.0,15.5,0,45
libstudy,BLU,PGD,0.7,PGD,0.5,19.0,15.5,0,45
libstudy,BLU,PGD,0.7,PGD,0.6,19.0,15.5,0,45
libstudy,BLU,PGD,0.7,PGD,0.7,19.0,15.5,0,45
libstudy,BLU,PGD,0.7,PGD,0.8,19.0,15.5,0,45
libstudy,BLU,PGD,0.7,PGD,0.9,19.0,15.5,0,45
libstudy,BLU,PGD,0.7,PGD,1.0,19.0,15.5,0,45
libstudy,HTC,PGD,0.7,PGD,0.1,19.0,15.5,0,45
libstudy,HTC,PGD,0.7,PGD,0.2,19.0,15.5,0,45
libstudy,HTC,PGD,0.7,PGD,0.3,19.0,15.5,0,45
libstudy,HTC,PGD,0.7,PGD,0.4,19.0,15.5,0,45
libstudy,HTC,PGD,0.7,PGD,0.5,19.0,15.5,0,45
libstudy,HTC,PGD,0.7,PGD,0.6,19.0,15.5,0,45
libstudy,HTC,PGD,0.7,PGD,0.7,19.0,15.5,0,45
libstudy,HTC,PGD,0.7,PGD,0.8,19.0,15.5,0,45
libstudy,HTC,PGD,0.7,PGD,0.9,19.0,15.5,0,45
libstudy,HTC,PGD,0.7,PGD,1.0,19.0,15.5,0,45
libstudy,LG,PGD,0.7,PGD,0.1,19.0,15.5,0,45
libstudy,LG,PGD,0.7,PGD,0.2,19.0,15.5,0,45
libstudy,LG,PGD,0.7,PGD,0.3,19.0,15.5,0,45
libstudy,LG,PGD,0.7,PGD,0.4,19.0,15.5,0,45
libstudy,LG,PGD,0.7,PGD,0.5,19.0,15.5,0,45
libstudy,LG,PGD,0.7,PGD,0.6,19.0,15.5,0,45
libstudy,LG,PGD,0.7,PGD,0.7,19.0,15.5,0,45
libstudy,LG,PGD,0.7,PGD,0.8,19.0,15.5,0,45
libstudy,LG,PGD,0.7,PGD,0.9,19.0,15.5,0,45
libstudy,LG,PGD,0.7,PGD,1.0,19.0,15.5,0,45
libstudy,MOTO,PGD,0.7,PGD,0.1,19.0,15.5,0,45
libstudy,MOTO,PGD,0.7,PGD,0.2,19.0,15.5,0,45
libstudy,MOTO,PGD,0.7,PGD,0.3,19.0,15.5,0,45
libstudy,MOTO,PGD,0.7,PGD,0.4,19.0,15.5,0,45
libstudy,MOTO,PGD,0.7,PGD,0.5,19.0,15.5,0,45
libstudy,MOTO,PGD,0.7,PGD,0.6,19.0,15.5,0,45
libstudy,MOTO,PGD,0.7,PGD,0.7,19.0,15.5,0,45
libstudy,MOTO,PGD,0.7,PGD,0.8,19.0,15.5,0,45
libstudy,MOTO,PGD,0.7,PGD,0.9,19.0,15.5,0,45
libstudy,MOTO,PGD,0.7,PGD,1.0,19.0,15.5,0,45
libstudy,OP3,PGD,0.7,PGD,0.1,19.0,15.5,0,45
libstudy,OP3,PGD,0.7,PGD,0.2,19.0,15.5,0,45
libstudy,OP3,PGD,0.7,PGD,0.3,19.0,15.5,0,45
libstudy,OP3,PGD,0.7,PGD,0.4,19.0,15.5,0,45
libstudy,OP3,PGD,0.7,PGD,0.5,19.0,15.5,0,45
libstudy,OP3,PGD,0.7,PGD,0.6,19.0,15.5,0,45
libstudy,OP3,PGD,0.7,PGD,0.7,19.0,15.5,0,45
libstudy,OP3,PGD,0.7,PGD,0.8,19.0,15.5,0,45
libstudy,OP3,PGD,0.7,PGD,0.9,19.0,15.5,0,45
libstudy,OP3,PGD,0.7,PGD,1.0,19.0,15.5,0,45
libstudy,S7,PGD,0.7,PGD,0.1,19.0,15.5,0,45
libstudy,S7,PGD,0.7,PGD,0.2,19.0,15.5,0,45
libstudy,S7,PGD,0.7,PGD,0.3,19.0,15.5,0,45
libstudy,S7,PGD,0.7,PGD,0.4,19.0,15.5,0,45
libstudy,S7,PGD,0.7,PGD,0.5,19.0,15.5,0,45
libstudy,S7,PGD,0.7,PGD,0.6,19.0,15.5,0,45
libstudy,S7,PGD,0.7,PGD,0.7,19.0,15.5,0,45
libstudy,S7,PGD,0.7,PGD,0.8,19.0,15.5,0,45
libstudy,S7,PGD,0.7,PGD,0.9,19.0,15.5,0,45
libstudy,S7,PGD,0.7,PGD,1.0,19.0,15.5,0,45
libstudy,BLU,PGD,0.8,PGD,0.1,19.0,15.5,0,45
libstudy,BLU,PGD,0.8,PGD,0.2,19.0,15.5,0,45
libstudy,BLU,PGD,0.8,PGD,0.3,19.0,15.5,0,45
libstudy,BLU,PGD,0.8,PGD,0.4,19.0,15.5,0,45
libstudy,BLU,PGD,0.8,PGD,0.5,19.0,15.5,0,45
libstudy,BLU,PGD,0.8,PGD,0.6,19.0,15.5,0,45
libstudy,BLU,PGD,0.8,PGD,0.7,19.0,15.5,0,45
libstudy,BLU,PGD,0.8,PGD,0.8,19.0,15.5,0,45
libstudy,BLU,PGD,0.8,PGD,0.9,19.0,15.5,0,45
libstudy,BLU,PGD,0.8,PGD,1.0,19.0,15.5,0,45
libstudy,HTC,PGD,0.8,PGD,0.1,19.0,15.5,0,45
libstudy,HTC,PGD,0.8,PGD,0.2,19.0,15.5,0,45
libstudy,HTC,PGD,0.8,PGD,0.3,19.0,15.5,0,45
libstudy,HTC,PGD,0.8,PGD,0.4,19.0,15.5,0,45
libstudy,HTC,PGD,0.8,PGD,0.5,19.0,15.5,0,45
libstudy,HTC,PGD,0.8,PGD,0.6,19.0,15.5,0,45
libstudy,HTC,PGD,0.8,PGD,0.7,19.0,15.5,0,45
libstudy,HTC,PGD,0.8,PGD,0.8,19.0,15.5,0,45
libstudy,HTC,PGD,0.8,PGD,0.9,19.0,15.5,0,45
libstudy,HTC,PGD,0.8,PGD,1.0,19.0,15.5,0,45
libstudy,LG,PGD,0.8,PGD,0.1,19.0,15.5,0,45
libstudy,LG,PGD,0.8,PGD,0.2,19.0,15.5,0,45
libstudy,LG,PGD,0.8,PGD,0.3,19.0,15.5,0,45
libstudy,LG,PGD,0.8,PGD,0.4,19.0,15.5,0,45
libstudy,LG,PGD,0.8,PGD,0.5,19.0,15.5,0,45
libstudy,LG,PGD,0.8,PGD,0.6,19.0,15.5,0,45
libstudy,LG,PGD,0.8,PGD,0.7,19.0,15.5,0,45
libstudy,LG,PGD,0.8,PGD,0.8,19.0,15.5,0,45
libstudy,LG,PGD,0.8,PGD,0.9,19.0,15.5,0,45
libstudy,LG,PGD,0.8,PGD,1.0,19.0,15.5,0,45
libstudy,MOTO,PGD,0.8,PGD,0.1,19.0,15.5,0,45
libstudy,MOTO,PGD,0.8,PGD,0.2,19.0,15.5,0,45
libstudy,MOTO,PGD,0.8,PGD,0.3,19.0,15.5,0,45
libstudy,MOTO,PGD,0.8,PGD,0.4,19.0,15.5,0,45
libstudy,MOTO,PGD,0.8,PGD,0.5,19.0,15.5,0,45
libstudy,MOTO,PGD,0.8,PGD,0.6,19.0,15.5,0,45
libstudy,MOTO,PGD,0.8,PGD,0.7,19.0,15.5,0,45
libstudy,MOTO,PGD,0.8,PGD,0.8,19.0,15.5,0,45
libstudy,MOTO,PGD,0.8,PGD,0.9,19.0,15.5,0,45
libstudy,MOTO,PGD,0.8,PGD,1.0,19.0,15.5,0,45
libstudy,OP3,PGD,0.8,PGD,0.1,19.0,15.5,0,45
libstudy,OP3,PGD,0.8,PGD,0.2,19.0,15.5,0,45
libstudy,OP3,PGD,0.8,PGD,0.3,19.0,15.5,0,45
libstudy,OP3,PGD,0.8,PGD,0.4,19.0,15.5,0,45
libstudy,OP3,PGD,0.8,PGD,0.5,19.0,15.5,0,45
libstudy,OP3,PGD,0.8,PGD,0.6,19.0,15.5,0,45
libstudy,OP3,PGD,0.8,PGD,0.7,19.0,15.5,0,45
libstudy,OP3,PGD,0.8,PGD,0.8,19.0,15.5,0,45
libstudy,OP3,PGD,0.8,PGD,0.9,19.0,15.5,0,45
libstudy,OP3,PGD,0.8,PGD,1.0,19.0,15.5,0,45
libstudy,S7,PGD,0.8,PGD,0.1,19.0,15.5,0,45
libstudy,S7,PGD,0.8,PGD,0.2,19.0,15.5,0,45
libstudy,S7,PGD,0.8,PGD,0.3,19.0,15.5,0,45
libstudy,S7,PGD,0.8,PGD,0.4,19.0,15.5,0,45
libstudy,S7,PGD,0.8,PGD,0.5,19.0,15.5,0,45
libstudy,S7,PGD,0.8,PGD,0.6,19.0,15.5,0,45
libstudy,S7,PGD,0.8,PGD,0.7,19.0,15.5,0,45
libstudy,S7,PGD,0.8,PGD,0.8,19.0,15.5,0,45
libstudy,S7,PGD,0.8,PGD,0.9,19.0,15.5,0,45
libstudy,S7,PGD,0.8,PGD,1.0,19.0,15.5,0,45
libstudy,BLU,PGD,0.9,PGD,0.1,25.0,24.5,0,54
libstudy,BLU,PGD,0.9,PGD,0.2,25.0,24.5,0,54
libstudy,BLU,PGD,0.9,PGD,0.3,25.0,24.5,0,54
libstudy,BLU,PGD,0.9,PGD,0.4,25.0,24.5,0,54
libstudy,BLU,PGD,0.9,PGD,0.5,25.0,24.5,0,54
libstudy,BLU,PGD,0.9,PGD,0.6,25.0,24.5,0,54
libstudy,BLU,PGD,0.9,PGD,0.7,25.0,24.5,0,54
libstudy,BLU,PGD,0.9,PGD,0.8,25.0,24.5,0,54
libstudy,BLU,PGD,0.9,PGD,0.9,25.0,24.5,0,54
libstudy,BLU,PGD,0.9,PGD,1.0,25.0,24.5,0,54
libstudy,HTC,PGD,0.9,PGD,0.1,25.0,24.5,0,54
libstudy,HTC,PGD,0.9,PGD,0.2,25.0,24.5,0,54
libstudy,HTC,PGD,0.9,PGD,0.3,25.0,24.5,0,54
libstudy,HTC,PGD,0.9,PGD,0.4,25.0,24.5,0,54
libstudy,HTC,PGD,0.9,PGD,0.5,25.0,24.5,0,54
libstudy,HTC,PGD,0.9,PGD,0.6,25.0,24.5,0,54
libstudy,HTC,PGD,0.9,PGD,0.7,25.0,24.5,0,54
libstudy,HTC,PGD,0.9,PGD,0.8,25.0,24.5,0,54
libstudy,HTC,PGD,0.9,PGD,0.9,25.0,24.5,0,54
libstudy,HTC,PGD,0.9,PGD,1.0,25.0,24.5,0,54
libstudy,LG,PGD,0.9,PGD,0.1,25.0,24.5,0,54
libstudy,LG,PGD,0.9,PGD,0.2,25.0,24.5,0,54
libstudy,LG,PGD,0.9,PGD,0.3,25.0,24.5,0,54
libstudy,LG,PGD,0.9,PGD,0.4,25.0,24.5,0,54
libstudy,LG,PGD,0.9,PGD,0.5,25.0,24.5,0,54
libstudy,LG,PGD,0.9,PGD,0.6,25.0,24.5,0,54
libstudy,LG,PGD,0.9,PGD,0.7,25.0,24.5,0,54
libstudy,LG,PGD,0.9,PGD,0.8,25.0,24.5,0,54
libstudy,LG,PGD,0.9,PGD,0.9,25.0,24.5,0,54
libstudy,LG,PGD,0.9,PGD,1.0,25.0,24.5,0,54
libstudy,MOTO,PGD,0.9,PGD,0.1,25.0,24.5,0,54
libstudy,MOTO,PGD,0.9,PGD,0.2,25.0,24.5,0,54
libstudy,MOTO,PGD,0.9,PGD,0.3,25.0,24.5,0,54
libstudy,MOTO,PGD,0.9,PGD,0.4,25.0,24.5,0,54
libstudy,MOTO,PGD,0.9,PGD,0.5,25.0,24.5,0,54
libstudy,MOTO,PGD,0.9,PGD,0.6,25.0,24.5,0,54
libstudy,MOTO,PGD,0.9,PGD,0.7,25.0,24.5,0,54
libstudy,MOTO,PGD,0.9,PGD,0.8,25.0,24.5,0,54
libstudy,MOTO,PGD,0.9,PGD,0.9,25.0,24.5,0,54
libstudy,MOTO,PGD,0.9,PGD,1.0,25.0,24.5,0,54
libstudy,OP3,PGD,0.9,PGD,0.1,25.0,24.5,0,54
libstudy,OP3,PGD,0.9,PGD,0.2,25.0,24.5,0,54
libstudy,OP3,PGD,0.9,PGD,0.3,25.0,24.5,0,54
libstudy,OP3,PGD,0.9,PGD,0.4,25.0,24.5,0,54
libstudy,OP3,PGD,0.9,PGD,0.5,25.0,24.5,0,54
libstudy,OP3,PGD,0.9,PGD,0.6,25.0,24.5,0,54
libstudy,OP3,PGD,0.9,PGD,0.7,25.0,24.5,0,54
libstudy,OP3,PGD,0.9,PGD,0.8,25.0,24.5,0,54
libstudy,OP3,PGD,0.9,PGD,0.9,25.0,24.5,0,54
libstudy,OP3,PGD,0.9,PGD,1.0,25.0,24.5,0,54
libstudy,S7,PGD,0.9,PGD,0.1,25.0,24.5,0,54
libstudy,S7,PGD,0.9,PGD,0.2,25.0,24.5,0,54
libstudy,S7,PGD,0.9,PGD,0.3,25.0,24.5,0,54
libstudy,S7,PGD,0.9,PGD,0.4,25.0,24.5,0,54
libstudy,S7,PGD,0.9,PGD,0.5,25.0,24.5,0,54
libstudy,S7,PGD,0.9,PGD,0.6,25.0,24.5,0,54
libstudy,S7,PGD,0.9,PGD,0.7,25.0,24.5,0,54
libstudy,S7,PGD,0.9,PGD,0.8,25.0,24.5,0,54
libstudy,S7,PGD,0.9,PGD,0.9,25.0,24.5,0,54
libstudy,S7,PGD,0.9,PGD,1.0,25.0,24.5,0,54
libstudy,BLU,PGD,1.0,PGD,0.1,22.7,21.5,0,51
libstudy,BLU,PGD,1.0,PGD,0.2,22.7,21.5,0,51
libstudy,BLU,PGD,1.0,PGD,0.3,22.7,21.5,0,51
libstudy,BLU,PGD,1.0,PGD,0.4,22.7,21.5,0,51
libstudy,BLU,PGD,1.0,PGD,0.5,22.7,21.5,0,51
libstudy,BLU,PGD,1.0,PGD,0.6,22.7,21.5,0,51
libstudy,BLU,PGD,1.0,PGD,0.7,22.7,21.5,0,51
libstudy,BLU,PGD,1.0,PGD,0.8,22.7,21.5,0,51
libstudy,BLU,PGD,1.0,PGD,0.9,22.7,21.5,0,51
libstudy,BLU,PGD,1.0,PGD,1.0,22.7,21.5,0,51
libstudy,HTC,PGD,1.0,PGD,0.1,22.7,21.5,0,51
libstudy,HTC,PGD,1.0,PGD,0.2,22.7,21.5,0,51
libstudy,HTC,PGD,1.0,PGD,0.3,22.7,21.5,0,51
libstudy,HTC,PGD,1.0,PGD,0.4,22.7,21.5,0,51
libstudy,HTC,PGD,1.0,PGD,0.5,22.7,21.5,0,51
libstudy,HTC,PGD,1.0,PGD,0.6,22.7,21.5,0,51
libstudy,HTC,PGD,1.0,PGD,0.7,22.7,21.5,0,51
libstudy,HTC,PGD,1.0,PGD,0.8,22.7,21.5,0,51
libstudy,HTC,PGD,1.0,PGD,0.9,22.7,21.5,0,51
libstudy,HTC,PGD,1.0,PGD,1.0,22.7,21.5,0,51
libstudy,LG,PGD,1.0,PGD,0.1,22.7,21.5,0,51
libstudy,LG,PGD,1.0,PGD,0.2,22.7,21.5,0,51
libstudy,LG,PGD,1.0,PGD,0.3,22.7,21.5,0,51
libstudy,LG,PGD,1.0,PGD,0.4,22.7,21.5,0,51
libstudy,LG,PGD,1.0,PGD,0.5,22.7,21.5,0,51
libstudy,LG,PGD,1.0,PGD,0.6,22.7,21.5,0,51
libstudy,LG,PGD,1.0,PGD,0.7,22.7,21.5,0,51
libstudy,LG,PGD,1.0,PGD,0.8,22.7,21.5,0,51
libstudy,LG,PGD,1.0,PGD,0.9,22.7,21.5,0,51
libstudy,LG,PGD,1.0,PGD,1.0,22.7,21.5,0,51
libstudy,MOTO,PGD,1.0,PGD,0.1,22.7,21.5,0,51
libstudy,MOTO,PGD,1.0,PGD,0.2,22.7,21.5,0,51
libstudy,MOTO,PGD,1.0,PGD,0.3,22.7,21.5,0,51
libstudy,MOTO,PGD,1.0,PGD,0.4,22.7,21.5,0,51
libstudy,MOTO,PGD,1.0,PGD,0.5,22.7,21.5,0,51
libstudy,MOTO,PGD,1.0,PGD,0.6,22.7,21.5,0,51
libstudy,MOTO,PGD,1.0,PGD,0.7,22.7,21.5,0,51
libstudy,MOTO,PGD,1.0,PGD,0.8,22.7,21.5,0,51
libstudy,MOTO,PGD,1.0,PGD,0.9,22.7,21.5,0,51
libstudy,MOTO,PGD,1.0,PGD,1.0,22.7,21.5,0,51
libstudy,OP3,PGD,1.0,PGD,0.1,22.7,21.5,0,51
libstudy,OP3,PGD,1.0,PGD,0.2,22.7,21.5,0,51
libstudy,OP3,PGD,1.0,PGD,0.3,22.7,21.5,0,51
libstudy,OP3,PGD,1.0,PGD,0.4,22.7,21.5,0,51
libstudy,OP3,PGD,1.0,PGD,0.5,22.7,21.5,0,51
libstudy,OP3,PGD,1.0,PGD,0.6,22.7,21.5,0,51
libstudy,OP3,PGD,1.0,PGD,0.7,22.7,21.5,0,51
libstudy,OP3,PGD,1.0,PGD,0.8,22.7,21.5,0,51
libstudy,OP3,PGD,1.0,PGD,0.9,22.7,21.5,0,51
libstudy,OP3,PGD,1.0,PGD,1.0,22.7,21.5,0,51
libstudy,S7,PGD,1.0,PGD,0.1,22.7,21.5,0,51
libstudy,S7,PGD,1.0,PGD,0.2,22.7,21.5,0,51
libstudy,S7,PGD,1.0,PGD,0.3,22.7,21.5,0,51
libstudy,S7,PGD,1.0,PGD,0.4,22.7,21.5,0,51
libstudy,S7,PGD,1.0,PGD,0.5,22.7,21.5,0,51
libstudy,S7,PGD,1.0,PGD,0.6,22.7,21.5,0,51
libstudy,S7,PGD,1.0,PGD,0.7,22.7,21.5,0,51
libstudy,S7,PGD,1.0,PGD,0.8,22.7,21.5,0,51
libstudy,S7,PGD,1.0,PGD,0.9,22.7,21.5,0,51
libstudy,S7,PGD,1.0,PGD,1.0,22.7,21.5,0,51
libstudy,BLU,MIM,0.1,PGD,0.1,21.333333333333332,19.5,0,49
libstudy,BLU,MIM,0.1,PGD,0.2,21.333333333333332,19.5,0,49
libstudy,BLU,MIM,0.1,PGD,0.3,21.333333333333332,19.5,0,49
libstudy,BLU,MIM,0.1,PGD,0.4,21.333333333333332,19.5,0,49
libstudy,BLU,MIM,0.1,PGD,0.5,21.333333333333332,19.5,0,49
libstudy,BLU,MIM,0.1,PGD,0.6,21.333333333333332,19.5,0,49
libstudy,BLU,MIM,0.1,PGD,0.7,21.333333333333332,19.5,0,49
libstudy,BLU,MIM,0.1,PGD,0.8,21.333333333333332,19.5,0,49
libstudy,BLU,MIM,0.1,PGD,0.9,21.333333333333332,19.5,0,49
libstudy,BLU,MIM,0.1,PGD,1.0,21.333333333333332,19.5,0,49
libstudy,HTC,MIM,0.1,PGD,0.1,21.333333333333332,19.5,0,49
libstudy,HTC,MIM,0.1,PGD,0.2,21.333333333333332,19.5,0,49
libstudy,HTC,MIM,0.1,PGD,0.3,21.333333333333332,19.5,0,49
libstudy,HTC,MIM,0.1,PGD,0.4,21.333333333333332,19.5,0,49
libstudy,HTC,MIM,0.1,PGD,0.5,21.333333333333332,19.5,0,49
libstudy,HTC,MIM,0.1,PGD,0.6,21.333333333333332,19.5,0,49
libstudy,HTC,MIM,0.1,PGD,0.7,21.333333333333332,19.5,0,49
libstudy,HTC,MIM,0.1,PGD,0.8,21.333333333333332,19.5,0,49
libstudy,HTC,MIM,0.1,PGD,0.9,21.333333333333332,19.5,0,49
libstudy,HTC,MIM,0.1,PGD,1.0,21.333333333333332,19.5,0,49
libstudy,LG,MIM,0.1,PGD,0.1,21.333333333333332,19.5,0,49
libstudy,LG,MIM,0.1,PGD,0.2,21.333333333333332,19.5,0,49
libstudy,LG,MIM,0.1,PGD,0.3,21.333333333333332,19.5,0,49
libstudy,LG,MIM,0.1,PGD,0.4,21.333333333333332,19.5,0,49
libstudy,LG,MIM,0.1,PGD,0.5,21.333333333333332,19.5,0,49
libstudy,LG,MIM,0.1,PGD,0.6,21.333333333333332,19.5,0,49
libstudy,LG,MIM,0.1,PGD,0.7,21.333333333333332,19.5,0,49
libstudy,LG,MIM,0.1,PGD,0.8,21.333333333333332,19.5,0,49
libstudy,LG,MIM,0.1,PGD,0.9,21.333333333333332,19.5,0,49
libstudy,LG,MIM,0.1,PGD,1.0,21.333333333333332,19.5,0,49
libstudy,MOTO,MIM,0.1,PGD,0.1,21.333333333333332,19.5,0,49
libstudy,MOTO,MIM,0.1,PGD,0.2,21.333333333333332,19.5,0,49
libstudy,MOTO,MIM,0.1,PGD,0.3,21.333333333333332,19.5,0,49
libstudy,MOTO,MIM,0.1,PGD,0.4,21.333333333333332,19.5,0,49
libstudy,MOTO,MIM,0.1,PGD,0.5,21.333333333333332,19.5,0,49
libstudy,MOTO,MIM,0.1,PGD,0.6,21.333333333333332,19.5,0,49
libstudy,MOTO,MIM,0.1,PGD,0.7,21.333333333333332,19.5,0,49
libstudy,MOTO,MIM,0.1,PGD,0.8,21.333333333333332,19.5,0,49
libstudy,MOTO,MIM,0.1,PGD,0.9,21.333333333333332,19.5,0,49
libstudy,MOTO,MIM,0.1,PGD,1.0,21.333333333333332,19.5,0,49
libstudy,OP3,MIM,0.1,PGD,0.1,21.333333333333332,19.5,0,49
libstudy,OP3,MIM,0.1,PGD,0.2,21.333333333333332,19.5,0,49
libstudy,OP3,MIM,0.1,PGD,0.3,21.333333333333332,19.5,0,49
libstudy,OP3,MIM,0.1,PGD,0.4,21.333333333333332,19.5,0,49
libstudy,OP3,MIM,0.1,PGD,0.5,21.333333333333332,19.5,0,49
libstudy,OP3,MIM,0.1,PGD,0.6,21.333333333333332,19.5,0,49
libstudy,OP3,MIM,0.1,PGD,0.7,21.333333333333332,19.5,0,49
libstudy,OP3,MIM,0.1,PGD,0.8,21.333333333333332,19.5,0,49
libstudy,OP3,MIM,0.1,PGD,0.9,21.333333333333332,19.5,0,49
libstudy,OP3,MIM,0.1,PGD,1.0,21.333333333333332,19.5,0,49
libstudy,S7,MIM,0.1,PGD,0.1,21.333333333333332,19.5,0,49
libstudy,S7,MIM,0.1,PGD,0.2,21.333333333333332,19.5,0,49
libstudy,S7,MIM,0.1,PGD,0.3,21.333333333333332,19.5,0,49
libstudy,S7,MIM,0.1,PGD,0.4,21.333333333333332,19.5,0,49
libstudy,S7,MIM,0.1,PGD,0.5,21.333333333333332,19.5,0,49
libstudy,S7,MIM,0.1,PGD,0.6,21.333333333333332,19.5,0,49
libstudy,S7,MIM,0.1,PGD,0.7,21.333333333333332,19.5,0,49
libstudy,S7,MIM,0.1,PGD,0.8,21.333333333333332,19.5,0,49
libstudy,S7,MIM,0.1,PGD,0.9,21.333333333333332,19.5,0,49
libstudy,S7,MIM,0.1,PGD,1.0,21.333333333333332,19.5,0,49
libstudy,BLU,MIM,0.2,PGD,0.1,25.833333333333332,25.5,0,55
libstudy,BLU,MIM,0.2,PGD,0.2,25.833333333333332,25.5,0,55
libstudy,BLU,MIM,0.2,PGD,0.3,25.833333333333332,25.5,0,55
libstudy,BLU,MIM,0.2,PGD,0.4,25.833333333333332,25.5,0,55
libstudy,BLU,MIM,0.2,PGD,0.5,25.833333333333332,25.5,0,55
libstudy,BLU,MIM,0.2,PGD,0.6,25.833333333333332,25.5,0,55
libstudy,BLU,MIM,0.2,PGD,0.7,25.833333333333332,25.5,0,55
libstudy,BLU,MIM,0.2,PGD,0.8,25.833333333333332,25.5,0,55
libstudy,BLU,MIM,0.2,PGD,0.9,25.833333333333332,25.5,0,55
libstudy,BLU,MIM,0.2,PGD,1.0,25.833333333333332,25.5,0,55
libstudy,HTC,MIM,0.2,PGD,0.1,25.833333333333332,25.5,0,55
libstudy,HTC,MIM,0.2,PGD,0.2,25.833333333333332,25.5,0,55
libstudy,HTC,MIM,0.2,PGD,0.3,25.833333333333332,25.5,0,55
libstudy,HTC,MIM,0.2,PGD,0.4,25.833333333333332,25.5,0,55
libstudy,HTC,MIM,0.2,PGD,0.5,25.833333333333332,25.5,0,55
libstudy,HTC,MIM,0.2,PGD,0.6,25.833333333333332,25.5,0,55
libstudy,HTC,MIM,0.2,PGD,0.7,25.833333333333332,25.5,0,55
libstudy,HTC,MIM,0.2,PGD,0.8,25.833333333333332,25.5,0,55
libstudy,HTC,MIM,0.2,PGD,0.9,25.833333333333332,25.5,0,55
libstudy,HTC,MIM,0.2,PGD,1.0,25.833333333333332,25.5,0,55
libstudy,LG,MIM,0.2,PGD,0.1,25.833333333333332,25.5,0,55
libstudy,LG,MIM,0.2,PGD,0.2,25.833333333333332,25.5,0,55
libstudy,LG,MIM,0.2,PGD,0.3,25.833333333333332,25.5,0,55
libstudy,LG,MIM,0.2,PGD,0.4,25.833333333333332,25.5,0,55
libstudy,LG,MIM,0.2,PGD,0.5,25.833333333333332,25.5,0,55
libstudy,LG,MIM,0.2,PGD,0.6,25.833333333333332,25.5,0,55
libstudy,LG,MIM,0.2,PGD,0.7,25.833333333333332,25.5,0,55
libstudy,LG,MIM,0.2,PGD,0.8,25.833333333333332,25.5,0,55
libstudy,LG,MIM,0.2,PGD,0.9,25.833333333333332,25.5,0,55
libstudy,LG,MIM,0.2,PGD,1.0,25.833333333333332,25.5,0,55
libstudy,MOTO,MIM,0.2,PGD,0.1,25.833333333333332,25.5,0,55
libstudy,MOTO,MIM,0.2,PGD,0.2,25.833333333333332,25.5,0,55
libstudy,MOTO,MIM,0.2,PGD,0.3,25.833333333333332,25.5,0,55
libstudy,MOTO,MIM,0.2,PGD,0.4,25.833333333333332,25.5,0,55
libstudy,MOTO,MIM,0.2,PGD,0.5,25.833333333333332,25.5,0,55
libstudy,MOTO,MIM,0.2,PGD,0.6,25.833333333333332,25.5,0,55
libstudy,MOTO,MIM,0.2,PGD,0.7,25.833333333333332,25.5,0,55
libstudy,MOTO,MIM,0.2,PGD,0.8,25.833333333333332,25.5,0,55
libstudy,MOTO,MIM,0.2,PGD,0.9,25.833333333333332,25.5,0,55
libstudy,MOTO,MIM,0.2,PGD,1.0,25.833333333333332,25.5,0,55
libstudy,OP3,MIM,0.2,PGD,0.1,25.833333333333332,25.5,0,55
libstudy,OP3,MIM,0.2,PGD,0.2,25.833333333333332,25.5,0,55
libstudy,OP3,MIM,0.2,PGD,0.3,25.833333333333332,25.5,0,55
libstudy,OP3,MIM,0.2,PGD,0.4,25.833333333333332,25.5,0,55
libstudy,OP3,MIM,0.2,PGD,0.5,25.833333333333332,25.5,0,55
libstudy,OP3,MIM,0.2,PGD,0.6,25.833333333333332,25.5,0,55
libstudy,OP3,MIM,0.2,PGD,0.7,25.833333333333332,25.5,0,55
libstudy,OP3,MIM,0.2,PGD,0.8,25.833333333333332,25.5,0,55
libstudy,OP3,MIM,0.2,PGD,0.9,25.833333333333332,25.5,0,55
libstudy,OP3,MIM,0.2,PGD,1.0,25.833333333333332,25.5,0,55
libstudy,S7,MIM,0.2,PGD,0.1,25.833333333333332,25.5,0,55
libstudy,S7,MIM,0.2,PGD,0.2,25.833333333333332,25.5,0,55
libstudy,S7,MIM,0.2,PGD,0.3,25.833333333333332,25.5,0,55
libstudy,S7,MIM,0.2,PGD,0.4,25.833333333333332,25.5,0,55
libstudy,S7,MIM,0.2,PGD,0.5,25.833333333333332,25.5,0,55
libstudy,S7,MIM,0.2,PGD,0.6,25.833333333333332,25.5,0,55
libstudy,S7,MIM,0.2,PGD,0.7,25.833333333333332,25.5,0,55
libstudy,S7,MIM,0.2,PGD,0.8,25.833333333333332,25.5,0,55
libstudy,S7,MIM,0.2,PGD,0.9,25.833333333333332,25.5,0,55
libstudy,S7,MIM,0.2,PGD,1.0,25.833333333333332,25.5,0,55
libstudy,BLU,MIM,0.3,PGD,0.1,15.2,15.0,0,33
libstudy,BLU,MIM,0.3,PGD,0.2,15.2,15.0,0,33
libstudy,BLU,MIM,0.3,PGD,0.3,15.2,15.0,0,33
libstudy,BLU,MIM,0.3,PGD,0.4,15.2,15.0,0,33
libstudy,BLU,MIM,0.3,PGD,0.5,15.2,15.0,0,33
libstudy,BLU,MIM,0.3,PGD,0.6,15.2,15.0,0,33
libstudy,BLU,MIM,0.3,PGD,0.7,15.2,15.0,0,33
libstudy,BLU,MIM,0.3,PGD,0.8,15.2,15.0,0,33
libstudy,BLU,MIM,0.3,PGD,0.9,15.2,15.0,0,33
libstudy,BLU,MIM,0.3,PGD,1.0,15.2,15.0,0,33
libstudy,HTC,MIM,0.3,PGD,0.1,15.2,15.0,0,33
libstudy,HTC,MIM,0.3,PGD,0.2,15.2,15.0,0,33
libstudy,HTC,MIM,0.3,PGD,0.3,15.2,15.0,0,33
libstudy,HTC,MIM,0.3,PGD,0.4,15.2,15.0,0,33
libstudy,HTC,MIM,0.3,PGD,0.5,15.2,15.0,0,33
libstudy,HTC,MIM,0.3,PGD,0.6,15.2,15.0,0,33
libstudy,HTC,MIM,0.3,PGD,0.7,15.2,15.0,0,33
libstudy,HTC,MIM,0.3,PGD,0.8,15.2,15.0,0,33
libstudy,HTC,MIM,0.3,PGD,0.9,15.2,15.0,0,33
libstudy,HTC,MIM,0.3,PGD,1.0,15.2,15.0,0,33
libstudy,LG,MIM,0.3,PGD,0.1,15.2,15.0,0,33
libstudy,LG,MIM,0.3,PGD,0.2,15.2,15.0,0,33
libstudy,LG,MIM,0.3,PGD,0.3,15.2,15.0,0,33
libstudy,LG,MIM,0.3,PGD,0.4,15.2,15.0,0,33
libstudy,LG,MIM,0.3,PGD,0.5,15.2,15.0,0,33
libstudy,LG,MIM,0.3,PGD,0.6,15.2,15.0,0,33
libstudy,LG,MIM,0.3,PGD,0.7,15.2,15.0,0,33
libstudy,LG,MIM,0.3,PGD,0.8,15.2,15.0,0,33
libstudy,LG,MIM,0.3,PGD,0.9,15.2,15.0,0,33
libstudy,LG,MIM,0.3,PGD,1.0,15.2,15.0,0,33
libstudy,MOTO,MIM,0.3,PGD,0.1,15.2,15.0,0,33
libstudy,MOTO,MIM,0.3,PGD,0.2,15.2,15.0,0,33
libstudy,MOTO,MIM,0.3,PGD,0.3,15.2,15.0,0,33
libstudy,MOTO,MIM,0.3,PGD,0.4,15.2,15.0,0,33
libstudy,MOTO,MIM,0.3,PGD,0.5,15.2,15.0,0,33
libstudy,MOTO,MIM,0.3,PGD,0.6,15.2,15.0,0,33
libstudy,MOTO,MIM,0.3,PGD,0.7,15.2,15.0,0,33
libstudy,MOTO,MIM,0.3,PGD,0.8,15.2,15.0,0,33
libstudy,MOTO,MIM,0.3,PGD,0.9,15.2,15.0,0,33
libstudy,MOTO,MIM,0.3,PGD,1.0,15.2,15.0,0,33
libstudy,OP3,MIM,0.3,PGD,0.1,15.2,15.0,0,33
libstudy,OP3,MIM,0.3,PGD,0.2,15.2,15.0,0,33
libstudy,OP3,MIM,0.3,PGD,0.3,15.2,15.0,0,33
libstudy,OP3,MIM,0.3,PGD,0.4,15.2,15.0,0,33
libstudy,OP3,MIM,0.3,PGD,0.5,15.2,15.0,0,33
libstudy,OP3,MIM,0.3,PGD,0.6,15.2,15.0,0,33
libstudy,OP3,MIM,0.3,PGD,0.7,15.2,15.0,0,33
libstudy,OP3,MIM,0.3,PGD,0.8,15.2,15.0,0,33
libstudy,OP3,MIM,0.3,PGD,0.9,15.2,15.0,0,33
libstudy,OP3,MIM,0.3,PGD,1.0,15.2,15.0,0,33
libstudy,S7,MIM,0.3,PGD,0.1,15.2,15.0,0,33
libstudy,S7,MIM,0.3,PGD,0.2,15.2,15.0,0,33
libstudy,S7,MIM,0.3,PGD,0.3,15.2,15.0,0,33
libstudy,S7,MIM,0.3,PGD,0.4,15.2,15.0,0,33
libstudy,S7,MIM,0.3,PGD,0.5,15.2,15.0,0,33
libstudy,S7,MIM,0.3,PGD,0.6,15.2,15.0,0,33
libstudy,S7,MIM,0.3,PGD,0.7,15.2,15.0,0,33
libstudy,S7,MIM,0.3,PGD,0.8,15.2,15.0,0,33
libstudy,S7,MIM,0.3,PGD,0.9,15.2,15.0,0,33
libstudy,S7,MIM,0.3,PGD,1.0,15.2,15.0,0,33
libstudy,BLU,MIM,0.4,PGD,0.1,15.0,15.0,0,30
libstudy,BLU,MIM,0.4,PGD,0.2,15.0,15.0,0,30
libstudy,BLU,MIM,0.4,PGD,0.3,15.0,15.0,0,30
libstudy,BLU,MIM,0.4,PGD,0.4,15.0,15.0,0,30
libstudy,BLU,MIM,0.4,PGD,0.5,15.0,15.0,0,30
libstudy,BLU,MIM,0.4,PGD,0.6,15.0,15.0,0,30
libstudy,BLU,MIM,0.4,PGD,0.7,15.0,15.0,0,30
libstudy,BLU,MIM,0.4,PGD,0.8,15.0,15.0,0,30
libstudy,BLU,MIM,0.4,PGD,0.9,15.0,15.0,0,30
libstudy,BLU,MIM,0.4,PGD,1.0,15.0,15.0,0,30
libstudy,HTC,MIM,0.4,PGD,0.1,15.0,15.0,0,30
libstudy,HTC,MIM,0.4,PGD,0.2,15.0,15.0,0,30
libstudy,HTC,MIM,0.4,PGD,0.3,15.0,15.0,0,30
libstudy,HTC,MIM,0.4,PGD,0.4,15.0,15.0,0,30
libstudy,HTC,MIM,0.4,PGD,0.5,15.0,15.0,0,30
libstudy,HTC,MIM,0.4,PGD,0.6,15.0,15.0,0,30
libstudy,HTC,MIM,0.4,PGD,0.7,15.0,15.0,0,30
libstudy,HTC,MIM,0.4,PGD,0.8,15.0,15.0,0,30
libstudy,HTC,MIM,0.4,PGD,0.9,15.0,15.0,0,30
libstudy,HTC,MIM,0.4,PGD,1.0,15.0,15.0,0,30
libstudy,LG,MIM,0.4,PGD,0.1,15.0,15.0,0,30
libstudy,LG,MIM,0.4,PGD,0.2,15.0,15.0,0,30
libstudy,LG,MIM,0.4,PGD,0.3,15.0,15.0,0,30
libstudy,LG,MIM,0.4,PGD,0.4,15.0,15.0,0,30
libstudy,LG,MIM,0.4,PGD,0.5,15.0,15.0,0,30
libstudy,LG,MIM,0.4,PGD,0.6,15.0,15.0,0,30
libstudy,LG,MIM,0.4,PGD,0.7,15.0,15.0,0,30
libstudy,LG,MIM,0.4,PGD,0.8,15.0,15.0,0,30
libstudy,LG,MIM,0.4,PGD,0.9,15.0,15.0,0,30
libstudy,LG,MIM,0.4,PGD,1.0,15.0,15.0,0,30
libstudy,MOTO,MIM,0.4,PGD,0.1,15.0,15.0,0,30
libstudy,MOTO,MIM,0.4,PGD,0.2,15.0,15.0,0,30
libstudy,MOTO,MIM,0.4,PGD,0.3,15.0,15.0,0,30
libstudy,MOTO,MIM,0.4,PGD,0.4,15.0,15.0,0,30
libstudy,MOTO,MIM,0.4,PGD,0.5,15.0,15.0,0,30
libstudy,MOTO,MIM,0.4,PGD,0.6,15.0,15.0,0,30
libstudy,MOTO,MIM,0.4,PGD,0.7,15.0,15.0,0,30
libstudy,MOTO,MIM,0.4,PGD,0.8,15.0,15.0,0,30
libstudy,MOTO,MIM,0.4,PGD,0.9,15.0,15.0,0,30
libstudy,MOTO,MIM,0.4,PGD,1.0,15.0,15.0,0,30
libstudy,OP3,MIM,0.4,PGD,0.1,15.0,15.0,0,30
libstudy,OP3,MIM,0.4,PGD,0.2,15.0,15.0,0,30
libstudy,OP3,MIM,0.4,PGD,0.3,15.0,15.0,0,30
libstudy,OP3,MIM,0.4,PGD,0.4,15.0,15.0,0,30
libstudy,OP3,MIM,0.4,PGD,0.5,15.0,15.0,0,30
libstudy,OP3,MIM,0.4,PGD,0.6,15.0,15.0,0,30
libstudy,OP3,MIM,0.4,PGD,0.7,15.0,15.0,0,30
libstudy,OP3,MIM,0.4,PGD,0.8,15.0,15.0,0,30
libstudy,OP3,MIM,0.4,PGD,0.9,15.0,15.0,0,30
libstudy,OP3,MIM,0.4,PGD,1.0,15.0,15.0,0,30
libstudy,S7,MIM,0.4,PGD,0.1,15.0,15.0,0,30
libstudy,S7,MIM,0.4,PGD,0.2,15.0,15.0,0,30
libstudy,S7,MIM,0.4,PGD,0.3,15.0,15.0,0,30
libstudy,S7,MIM,0.4,PGD,0.4,15.0,15.0,0,30
libstudy,S7,MIM,0.4,PGD,0.5,15.0,15.0,0,30
libstudy,S7,MIM,0.4,PGD,0.6,15.0,15.0,0,30
libstudy,S7,MIM,0.4,PGD,0.7,15.0,15.0,0,30
libstudy,S7,MIM,0.4,PGD,0.8,15.0,15.0,0,30
libstudy,S7,MIM,0.4,PGD,0.9,15.0,15.0,0,30
libstudy,S7,MIM,0.4,PGD,1.0,15.0,15.0,0,30
libstudy,BLU,MIM,0.5,PGD,0.1,18.5,15.0,0,44
libstudy,BLU,MIM,0.5,PGD,0.2,18.5,15.0,0,44
libstudy,BLU,MIM,0.5,PGD,0.3,18.5,15.0,0,44
libstudy,BLU,MIM,0.5,PGD,0.4,18.5,15.0,0,44
libstudy,BLU,MIM,0.5,PGD,0.5,18.5,15.0,0,44
libstudy,BLU,MIM,0.5,PGD,0.6,18.5,15.0,0,44
libstudy,BLU,MIM,0.5,PGD,0.7,18.5,15.0,0,44
libstudy,BLU,MIM,0.5,PGD,0.8,18.5,15.0,0,44
libstudy,BLU,MIM,0.5,PGD,0.9,18.5,15.0,0,44
libstudy,BLU,MIM,0.5,PGD,1.0,18.5,15.0,0,44
libstudy,HTC,MIM,0.5,PGD,0.1,18.5,15.0,0,44
libstudy,HTC,MIM,0.5,PGD,0.2,18.5,15.0,0,44
libstudy,HTC,MIM,0.5,PGD,0.3,18.5,15.0,0,44
libstudy,HTC,MIM,0.5,PGD,0.4,18.5,15.0,0,44
libstudy,HTC,MIM,0.5,PGD,0.5,18.5,15.0,0,44
libstudy,HTC,MIM,0.5,PGD,0.6,18.5,15.0,0,44
libstudy,HTC,MIM,0.5,PGD,0.7,18.5,15.0,0,44
libstudy,HTC,MIM,0.5,PGD,0.8,18.5,15.0,0,44
libstudy,HTC,MIM,0.5,PGD,0.9,18.5,15.0,0,44
libstudy,HTC,MIM,0.5,PGD,1.0,18.5,15.0,0,44
libstudy,LG,MIM,0.5,PGD,0.1,18.5,15.0,0,44
libstudy,LG,MIM,0.5,PGD,0.2,18.5,15.0,0,44
libstudy,LG,MIM,0.5,PGD,0.3,18.5,15.0,0,44
libstudy,LG,MIM,0.5,PGD,0.4,18.5,15.0,0,44
libstudy,LG,MIM,0.5,PGD,0.5,18.5,15.0,0,44
libstudy,LG,MIM,0.5,PGD,0.6,18.5,15.0,0,44
libstudy,LG,MIM,0.5,PGD,0.7,18.5,15.0,0,44
libstudy,LG,MIM,0.5,PGD,0.8,18.5,15.0,0,44
libstudy,LG,MIM,0.5,PGD,0.9,18.5,15.0,0,44
libstudy,LG,MIM,0.5,PGD,1.0,18.5,15.0,0,44
libstudy,MOTO,MIM,0.5,PGD,0.1,18.5,15.0,0,44
libstudy,MOTO,MIM,0.5,PGD,0.2,18.5,15.0,0,44
libstudy,MOTO,MIM,0.5,PGD,0.3,18.5,15.0,0,44
libstudy,MOTO,MIM,0.5,PGD,0.4,18.5,15.0,0,44
libstudy,MOTO,MIM,0.5,PGD,0.5,18.5,15.0,0,44
libstudy,MOTO,MIM,0.5,PGD,0.6,18.5,15.0,0,44
libstudy,MOTO,MIM,0.5,PGD,0.7,18.5,15.0,0,44
libstudy,MOTO,MIM,0.5,PGD,0.8,18.5,15.0,0,44
libstudy,MOTO,MIM,0.5,PGD,0.9,18.5,15.0,0,44
libstudy,MOTO,MIM,0.5,PGD,1.0,18.5,15.0,0,44
libstudy,OP3,MIM,0.5,PGD,0.1,18.5,15.0,0,44
libstudy,OP3,MIM,0.5,PGD,0.2,18.5,15.0,0,44
libstudy,OP3,MIM,0.5,PGD,0.3,18.5,15.0,0,44
libstudy,OP3,MIM,0.5,PGD,0.4,18.5,15.0,0,44
libstudy,OP3,MIM,0.5,PGD,0.5,18.5,15.0,0,44
libstudy,OP3,MIM,0.5,PGD,0.6,18.5,15.0,0,44
libstudy,OP3,MIM,0.5,PGD,0.7,18.5,15.0,0,44
libstudy,OP3,MIM,0.5,PGD,0.8,18.5,15.0,0,44
libstudy,OP3,MIM,0.5,PGD,0.9,18.5,15.0,0,44
libstudy,OP3,MIM,0.5,PGD,1.0,18.5,15.0,0,44
libstudy,S7,MIM,0.5,PGD,0.1,18.5,15.0,0,44
libstudy,S7,MIM,0.5,PGD,0.2,18.5,15.0,0,44
libstudy,S7,MIM,0.5,PGD,0.3,18.5,15.0,0,44
libstudy,S7,MIM,0.5,PGD,0.4,18.5,15.0,0,44
libstudy,S7,MIM,0.5,PGD,0.5,18.5,15.0,0,44
libstudy,S7,MIM,0.5,PGD,0.6,18.5,15.0,0,44
libstudy,S7,MIM,0.5,PGD,0.7,18.5,15.0,0,44
libstudy,S7,MIM,0.5,PGD,0.8,18.5,15.0,0,44
libstudy,S7,MIM,0.5,PGD,0.9,18.5,15.0,0,44
libstudy,S7,MIM,0.5,PGD,1.0,18.5,15.0,0,44
libstudy,BLU,MIM,0.6,PGD,0.1,22.0,20.5,0,50
libstudy,BLU,MIM,0.6,PGD,0.2,22.0,20.5,0,50
libstudy,BLU,MIM,0.6,PGD,0.3,22.0,20.5,0,50
libstudy,BLU,MIM,0.6,PGD,0.4,22.0,20.5,0,50
libstudy,BLU,MIM,0.6,PGD,0.5,22.0,20.5,0,50
libstudy,BLU,MIM,0.6,PGD,0.6,22.0,20.5,0,50
libstudy,BLU,MIM,0.6,PGD,0.7,22.0,20.5,0,50
libstudy,BLU,MIM,0.6,PGD,0.8,22.0,20.5,0,50
libstudy,BLU,MIM,0.6,PGD,0.9,22.0,20.5,0,50
libstudy,BLU,MIM,0.6,PGD,1.0,22.0,20.5,0,50
libstudy,HTC,MIM,0.6,PGD,0.1,22.0,20.5,0,50
libstudy,HTC,MIM,0.6,PGD,0.2,22.0,20.5,0,50
libstudy,HTC,MIM,0.6,PGD,0.3,22.0,20.5,0,50
libstudy,HTC,MIM,0.6,PGD,0.4,22.0,20.5,0,50
libstudy,HTC,MIM,0.6,PGD,0.5,22.0,20.5,0,50
libstudy,HTC,MIM,0.6,PGD,0.6,22.0,20.5,0,50
libstudy,HTC,MIM,0.6,PGD,0.7,22.0,20.5,0,50
libstudy,HTC,MIM,0.6,PGD,0.8,22.0,20.5,0,50
libstudy,HTC,MIM,0.6,PGD,0.9,22.0,20.5,0,50
libstudy,HTC,MIM,0.6,PGD,1.0,22.0,20.5,0,50
libstudy,LG,MIM,0.6,PGD,0.1,22.0,20.5,0,50
libstudy,LG,MIM,0.6,PGD,0.2,22.0,20.5,0,50
libstudy,LG,MIM,0.6,PGD,0.3,22.0,20.5,0,50
libstudy,LG,MIM,0.6,PGD,0.4,22.0,20.5,0,50
libstudy,LG,MIM,0.6,PGD,0.5,22.0,20.5,0,50
libstudy,LG,MIM,0.6,PGD,0.6,22.0,20.5,0,50
libstudy,LG,MIM,0.6,PGD,0.7,22.0,20.5,0,50
libstudy,LG,MIM,0.6,PGD,0.8,22.0,20.5,0,50
libstudy,LG,MIM,0.6,PGD,0.9,22.0,20.5,0,50
libstudy,LG,MIM,0.6,PGD,1.0,22.0,20.5,0,50
libstudy,MOTO,MIM,0.6,PGD,0.1,22.0,20.5,0,50
libstudy,MOTO,MIM,0.6,PGD,0.2,22.0,20.5,0,50
libstudy,MOTO,MIM,0.6,PGD,0.3,22.0,20.5,0,50
libstudy,MOTO,MIM,0.6,PGD,0.4,22.0,20.5,0,50
libstudy,MOTO,MIM,0.6,PGD,0.5,22.0,20.5,0,50
libstudy,MOTO,MIM,0.6,PGD,0.6,22.0,20.5,0,50
libstudy,MOTO,MIM,0.6,PGD,0.7,22.0,20.5,0,50
libstudy,MOTO,MIM,0.6,PGD,0.8,22.0,20.5,0,50
libstudy,MOTO,MIM,0.6,PGD,0.9,22.0,20.5,0,50
libstudy,MOTO,MIM,0.6,PGD,1.0,22.0,20.5,0,50
libstudy,OP3,MIM,0.6,PGD,0.1,22.0,20.5,0,50
libstudy,OP3,MIM,0.6,PGD,0.2,22.0,20.5,0,50
libstudy,OP3,MIM,0.6,PGD,0.3,22.0,20.5,0,50
libstudy,OP3,MIM,0.6,PGD,0.4,22.0,20.5,0,50
libstudy,OP3,MIM,0.6,PGD,0.5,22.0,20.5,0,50
libstudy,OP3,MIM,0.6,PGD,0.6,22.0,20.5,0,50
libstudy,OP3,MIM,0.6,PGD,0.7,22.0,20.5,0,50
libstudy,OP3,MIM,0.6,PGD,0.8,22.0,20.5,0,50
libstudy,OP3,MIM,0.6,PGD,0.9,22.0,20.5,0,50
libstudy,OP3,MIM,0.6,PGD,1.0,22.0,20.5,0,50
libstudy,S7,MIM,0.6,PGD,0.1,22.0,20.5,0,50
libstudy,S7,MIM,0.6,PGD,0.2,22.0,20.5,0,50
libstudy,S7,MIM,0.6,PGD,0.3,22.0,20.5,0,50
libstudy,S7,MIM,0.6,PGD,0.4,22.0,20.5,0,50
libstudy,S7,MIM,0.6,PGD,0.5,22.0,20.5,0,50
libstudy,S7,MIM,0.6,PGD,0.6,22.0,20.5,0,50
libstudy,S7,MIM,0.6,PGD,0.7,22.0,20.5,0,50
libstudy,S7,MIM,0.6,PGD,0.8,22.0,20.5,0,50
libstudy,S7,MIM,0.6,PGD,0.9,22.0,20.5,0,50
libstudy,S7,MIM,0.6,PGD,1.0,22.0,20.5,0,50
libstudy,BLU,MIM,0.7,PGD,0.1,18.5,15.0,0,44
libstudy,BLU,MIM,0.7,PGD,0.2,18.5,15.0,0,44
libstudy,BLU,MIM,0.7,PGD,0.3,18.5,15.0,0,44
libstudy,BLU,MIM,0.7,PGD,0.4,18.5,15.0,0,44
libstudy,BLU,MIM,0.7,PGD,0.5,18.5,15.0,0,44
libstudy,BLU,MIM,0.7,PGD,0.6,18.5,15.0,0,44
libstudy,BLU,MIM,0.7,PGD,0.7,18.5,15.0,0,44
libstudy,BLU,MIM,0.7,PGD,0.8,18.5,15.0,0,44
libstudy,BLU,MIM,0.7,PGD,0.9,18.5,15.0,0,44
libstudy,BLU,MIM,0.7,PGD,1.0,18.5,15.0,0,44
libstudy,HTC,MIM,0.7,PGD,0.1,18.5,15.0,0,44
libstudy,HTC,MIM,0.7,PGD,0.2,18.5,15.0,0,44
libstudy,HTC,MIM,0.7,PGD,0.3,18.5,15.0,0,44
libstudy,HTC,MIM,0.7,PGD,0.4,18.5,15.0,0,44
libstudy,HTC,MIM,0.7,PGD,0.5,18.5,15.0,0,44
libstudy,HTC,MIM,0.7,PGD,0.6,18.5,15.0,0,44
libstudy,HTC,MIM,0.7,PGD,0.7,18.5,15.0,0,44
libstudy,HTC,MIM,0.7,PGD,0.8,18.5,15.0,0,44
libstudy,HTC,MIM,0.7,PGD,0.9,18.5,15.0,0,44
libstudy,HTC,MIM,0.7,PGD,1.0,18.5,15.0,0,44
libstudy,LG,MIM,0.7,PGD,0.1,18.5,15.0,0,44
libstudy,LG,MIM,0.7,PGD,0.2,18.5,15.0,0,44
libstudy,LG,MIM,0.7,PGD,0.3,18.5,15.0,0,44
libstudy,LG,MIM,0.7,PGD,0.4,18.5,15.0,0,44
libstudy,LG,MIM,0.7,PGD,0.5,18.5,15.0,0,44
libstudy,LG,MIM,0.7,PGD,0.6,18.5,15.0,0,44
libstudy,LG,MIM,0.7,PGD,0.7,18.5,15.0,0,44
libstudy,LG,MIM,0.7,PGD,0.8,18.5,15.0,0,44
libstudy,LG,MIM,0.7,PGD,0.9,18.5,15.0,0,44
libstudy,LG,MIM,0.7,PGD,1.0,18.5,15.0,0,44
libstudy,MOTO,MIM,0.7,PGD,0.1,18.5,15.0,0,44
libstudy,MOTO,MIM,0.7,PGD,0.2,18.5,15.0,0,44
libstudy,MOTO,MIM,0.7,PGD,0.3,18.5,15.0,0,44
libstudy,MOTO,MIM,0.7,PGD,0.4,18.5,15.0,0,44
libstudy,MOTO,MIM,0.7,PGD,0.5,18.5,15.0,0,44
libstudy,MOTO,MIM,0.7,PGD,0.6,18.5,15.0,0,44
libstudy,MOTO,MIM,0.7,PGD,0.7,18.5,15.0,0,44
libstudy,MOTO,MIM,0.7,PGD,0.8,18.5,15.0,0,44
libstudy,MOTO,MIM,0.7,PGD,0.9,18.5,15.0,0,44
libstudy,MOTO,MIM,0.7,PGD,1.0,18.5,15.0,0,44
libstudy,OP3,MIM,0.7,PGD,0.1,18.5,15.0,0,44
libstudy,OP3,MIM,0.7,PGD,0.2,18.5,15.0,0,44
libstudy,OP3,MIM,0.7,PGD,0.3,18.5,15.0,0,44
libstudy,OP3,MIM,0.7,PGD,0.4,18.5,15.0,0,44
libstudy,OP3,MIM,0.7,PGD,0.5,18.5,15.0,0,44
libstudy,OP3,MIM,0.7,PGD,0.6,18.5,15.0,0,44
libstudy,OP3,MIM,0.7,PGD,0.7,18.5,15.0,0,44
libstudy,OP3,MIM,0.7,PGD,0.8,18.5,15.0,0,44
libstudy,OP3,MIM,0.7,PGD,0.9,18.5,15.0,0,44
libstudy,OP3,MIM,0.7,PGD,1.0,18.5,15.0,0,44
libstudy,S7,MIM,0.7,PGD,0.1,18.5,15.0,0,44
libstudy,S7,MIM,0.7,PGD,0.2,18.5,15.0,0,44
libstudy,S7,MIM,0.7,PGD,0.3,18.5,15.0,0,44
libstudy,S7,MIM,0.7,PGD,0.4,18.5,15.0,0,44
libstudy,S7,MIM,0.7,PGD,0.5,18.5,15.0,0,44
libstudy,S7,MIM,0.7,PGD,0.6,18.5,15.0,0,44
libstudy,S7,MIM,0.7,PGD,0.7,18.5,15.0,0,44
libstudy,S7,MIM,0.7,PGD,0.8,18.5,15.0,0,44
libstudy,S7,MIM,0.7,PGD,0.9,18.5,15.0,0,44
libstudy,S7,MIM,0.7,PGD,1.0,18.5,15.0,0,44
libstudy,BLU,MIM,0.8,PGD,0.1,16.2,15.0,0,38
libstudy,BLU,MIM,0.8,PGD,0.2,16.2,15.0,0,38
libstudy,BLU,MIM,0.8,PGD,0.3,16.2,15.0,0,38
libstudy,BLU,MIM,0.8,PGD,0.4,16.2,15.0,0,38
libstudy,BLU,MIM,0.8,PGD,0.5,16.2,15.0,0,38
libstudy,BLU,MIM,0.8,PGD,0.6,16.2,15.0,0,38
libstudy,BLU,MIM,0.8,PGD,0.7,16.2,15.0,0,38
libstudy,BLU,MIM,0.8,PGD,0.8,16.2,15.0,0,38
libstudy,BLU,MIM,0.8,PGD,0.9,16.2,15.0,0,38
libstudy,BLU,MIM,0.8,PGD,1.0,16.2,15.0,0,38
libstudy,HTC,MIM,0.8,PGD,0.1,16.2,15.0,0,38
libstudy,HTC,MIM,0.8,PGD,0.2,16.2,15.0,0,38
libstudy,HTC,MIM,0.8,PGD,0.3,16.2,15.0,0,38
libstudy,HTC,MIM,0.8,PGD,0.4,16.2,15.0,0,38
libstudy,HTC,MIM,0.8,PGD,0.5,16.2,15.0,0,38
libstudy,HTC,MIM,0.8,PGD,0.6,16.2,15.0,0,38
libstudy,HTC,MIM,0.8,PGD,0.7,16.2,15.0,0,38
libstudy,HTC,MIM,0.8,PGD,0.8,16.2,15.0,0,38
libstudy,HTC,MIM,0.8,PGD,0.9,16.2,15.0,0,38
libstudy,HTC,MIM,0.8,PGD,1.0,16.2,15.0,0,38
libstudy,LG,MIM,0.8,PGD,0.1,16.2,15.0,0,38
libstudy,LG,MIM,0.8,PGD,0.2,16.2,15.0,0,38
libstudy,LG,MIM,0.8,PGD,0.3,16.2,15.0,0,38
libstudy,LG,MIM,0.8,PGD,0.4,16.2,15.0,0,38
libstudy,LG,MIM,0.8,PGD,0.5,16.2,15.0,0,38
libstudy,LG,MIM,0.8,PGD,0.6,16.2,15.0,0,38
libstudy,LG,MIM,0.8,PGD,0.7,16.2,15.0,0,38
libstudy,LG,MIM,0.8,PGD,0.8,16.2,15.0,0,38
libstudy,LG,MIM,0.8,PGD,0.9,16.2,15.0,0,38
libstudy,LG,MIM,0.8,PGD,1.0,16.2,15.0,0,38
libstudy,MOTO,MIM,0.8,PGD,0.1,16.2,15.0,0,38
libstudy,MOTO,MIM,0.8,PGD,0.2,16.2,15.0,0,38
libstudy,MOTO,MIM,0.8,PGD,0.3,16.2,15.0,0,38
libstudy,MOTO,MIM,0.8,PGD,0.4,16.2,15.0,0,38
libstudy,MOTO,MIM,0.8,PGD,0.5,16.2,15.0,0,38
libstudy,MOTO,MIM,0.8,PGD,0.6,16.2,15.0,0,38
libstudy,MOTO,MIM,0.8,PGD,0.7,16.2,15.0,0,38
libstudy,MOTO,MIM,0.8,PGD,0.8,16.2,15.0,0,38
libstudy,MOTO,MIM,0.8,PGD,0.9,16.2,15.0,0,38
libstudy,MOTO,MIM,0.8,PGD,1.0,16.2,15.0,0,38
libstudy,OP3,MIM,0.8,PGD,0.1,16.2,15.0,0,38
libstudy,OP3,MIM,0.8,PGD,0.2,16.2,15.0,0,38
libstudy,OP3,MIM,0.8,PGD,0.3,16.2,15.0,0,38
libstudy,OP3,MIM,0.8,PGD,0.4,16.2,15.0,0,38
libstudy,OP3,MIM,0.8,PGD,0.5,16.2,15.0,0,38
libstudy,OP3,MIM,0.8,PGD,0.6,16.2,15.0,0,38
libstudy,OP3,MIM,0.8,PGD,0.7,16.2,15.0,0,38
libstudy,OP3,MIM,0.8,PGD,0.8,16.2,15.0,0,38
libstudy,OP3,MIM,0.8,PGD,0.9,16.2,15.0,0,38
libstudy,OP3,MIM,0.8,PGD,1.0,16.2,15.0,0,38
libstudy,S7,MIM,0.8,PGD,0.1,16.2,15.0,0,38
libstudy,S7,MIM,0.8,PGD,0.2,16.2,15.0,0,38
libstudy,S7,MIM,0.8,PGD,0.3,16.2,15.0,0,38
libstudy,S7,MIM,0.8,PGD,0.4,16.2,15.0,0,38
libstudy,S7,MIM,0.8,PGD,0.5,16.2,15.0,0,38
libstudy,S7,MIM,0.8,PGD,0.6,16.2,15.0,0,38
libstudy,S7,MIM,0.8,PGD,0.7,16.2,15.0,0,38
libstudy,S7,MIM,0.8,PGD,0.8,16.2,15.0,0,38
libstudy,S7,MIM,0.8,PGD,0.9,16.2,15.0,0,38
libstudy,S7,MIM,0.8,PGD,1.0,16.2,15.0,0,38
libstudy,BLU,MIM,0.9,PGD,0.1,20.7,18.5,0,48
libstudy,BLU,MIM,0.9,PGD,0.2,20.7,18.5,0,48
libstudy,BLU,MIM,0.9,PGD,0.3,20.7,18.5,0,48
libstudy,BLU,MIM,0.9,PGD,0.4,20.7,18.5,0,48
libstudy,BLU,MIM,0.9,PGD,0.5,20.7,18.5,0,48
libstudy,BLU,MIM,0.9,PGD,0.6,20.7,18.5,0,48
libstudy,BLU,MIM,0.9,PGD,0.7,20.7,18.5,0,48
libstudy,BLU,MIM,0.9,PGD,0.8,20.7,18.5,0,48
libstudy,BLU,MIM,0.9,PGD,0.9,20.7,18.5,0,48
libstudy,BLU,MIM,0.9,PGD,1.0,20.7,18.5,0,48
libstudy,HTC,MIM,0.9,PGD,0.1,20.7,18.5,0,48
libstudy,HTC,MIM,0.9,PGD,0.2,20.7,18.5,0,48
libstudy,HTC,MIM,0.9,PGD,0.3,20.7,18.5,0,48
libstudy,HTC,MIM,0.9,PGD,0.4,20.7,18.5,0,48
libstudy,HTC,MIM,0.9,PGD,0.5,20.7,18.5,0,48
libstudy,HTC,MIM,0.9,PGD,0.6,20.7,18.5,0,48
libstudy,HTC,MIM,0.9,PGD,0.7,20.7,18.5,0,48
libstudy,HTC,MIM,0.9,PGD,0.8,20.7,18.5,0,48
libstudy,HTC,MIM,0.9,PGD,0.9,20.7,18.5,0,48
libstudy,HTC,MIM,0.9,PGD,1.0,20.7,18.5,0,48
libstudy,LG,MIM,0.9,PGD,0.1,20.7,18.5,0,48
libstudy,LG,MIM,0.9,PGD,0.2,20.7,18.5,0,48
libstudy,LG,MIM,0.9,PGD,0.3,20.7,18.5,0,48
libstudy,LG,MIM,0.9,PGD,0.4,20.7,18.5,0,48
libstudy,LG,MIM,0.9,PGD,0.5,20.7,18.5,0,48
libstudy,LG,MIM,0.9,PGD,0.6,20.7,18.5,0,48
libstudy,LG,MIM,0.9,PGD,0.7,20.7,18.5,0,48
libstudy,LG,MIM,0.9,PGD,0.8,20.7,18.5,0,48
libstudy,LG,MIM,0.9,PGD,0.9,20.7,18.5,0,48
libstudy,LG,MIM,0.9,PGD,1.0,20.7,18.5,0,48
libstudy,MOTO,MIM,0.9,PGD,0.1,20.7,18.5,0,48
libstudy,MOTO,MIM,0.9,PGD,0.2,20.7,18.5,0,48
libstudy,MOTO,MIM,0.9,PGD,0.3,20.7,18.5,0,48
libstudy,MOTO,MIM,0.9,PGD,0.4,20.7,18.5,0,48
libstudy,MOTO,MIM,0.9,PGD,0.5,20.7,18.5,0,48
libstudy,MOTO,MIM,0.9,PGD,0.6,20.7,18.5,0,48
libstudy,MOTO,MIM,0.9,PGD,0.7,20.7,18.5,0,48
libstudy,MOTO,MIM,0.9,PGD,0.8,20.7,18.5,0,48
libstudy,MOTO,MIM,0.9,PGD,0.9,20.7,18.5,0,48
libstudy,MOTO,MIM,0.9,PGD,1.0,20.7,18.5,0,48
libstudy,OP3,MIM,0.9,PGD,0.1,20.7,18.5,0,48
libstudy,OP3,MIM,0.9,PGD,0.2,20.7,18.5,0,48
libstudy,OP3,MIM,0.9,PGD,0.3,20.7,18.5,0,48
libstudy,OP3,MIM,0.9,PGD,0.4,20.7,18.5,0,48
libstudy,OP3,MIM,0.9,PGD,0.5,20.7,18.5,0,48
libstudy,OP3,MIM,0.9,PGD,0.6,20.7,18.5,0,48
libstudy,OP3,MIM,0.9,PGD,0.7,20.7,18.5,0,48
libstudy,OP3,MIM,0.9,PGD,0.8,20.7,18.5,0,48
libstudy,OP3,MIM,0.9,PGD,0.9,20.7,18.5,0,48
libstudy,OP3,MIM,0.9,PGD,1.0,20.7,18.5,0,48
libstudy,S7,MIM,0.9,PGD,0.1,20.7,18.5,0,48
libstudy,S7,MIM,0.9,PGD,0.2,20.7,18.5,0,48
libstudy,S7,MIM,0.9,PGD,0.3,20.7,18.5,0,48
libstudy,S7,MIM,0.9,PGD,0.4,20.7,18.5,0,48
libstudy,S7,MIM,0.9,PGD,0.5,20.7,18.5,0,48
libstudy,S7,MIM,0.9,PGD,0.6,20.7,18.5,0,48
libstudy,S7,MIM,0.9,PGD,0.7,20.7,18.5,0,48
libstudy,S7,MIM,0.9,PGD,0.8,20.7,18.5,0,48
libstudy,S7,MIM,0.9,PGD,0.9,20.7,18.5,0,48
libstudy,S7,MIM,0.9,PGD,1.0,20.7,18.5,0,48
libstudy,BLU,MIM,1.0,PGD,0.1,16.5,15.0,0,39
libstudy,BLU,MIM,1.0,PGD,0.2,16.5,15.0,0,39
libstudy,BLU,MIM,1.0,PGD,0.3,16.5,15.0,0,39
libstudy,BLU,MIM,1.0,PGD,0.4,16.5,15.0,0,39
libstudy,BLU,MIM,1.0,PGD,0.5,16.5,15.0,0,39
libstudy,BLU,MIM,1.0,PGD,0.6,16.5,15.0,0,39
libstudy,BLU,MIM,1.0,PGD,0.7,16.5,15.0,0,39
libstudy,BLU,MIM,1.0,PGD,0.8,16.5,15.0,0,39
libstudy,BLU,MIM,1.0,PGD,0.9,16.5,15.0,0,39
libstudy,BLU,MIM,1.0,PGD,1.0,16.5,15.0,0,39
libstudy,HTC,MIM,1.0,PGD,0.1,16.5,15.0,0,39
libstudy,HTC,MIM,1.0,PGD,0.2,16.5,15.0,0,39
libstudy,HTC,MIM,1.0,PGD,0.3,16.5,15.0,0,39
libstudy,HTC,MIM,1.0,PGD,0.4,16.5,15.0,0,39
libstudy,HTC,MIM,1.0,PGD,0.5,16.5,15.0,0,39
libstudy,HTC,MIM,1.0,PGD,0.6,16.5,15.0,0,39
libstudy,HTC,MIM,1.0,PGD,0.7,16.5,15.0,0,39
libstudy,HTC,MIM,1.0,PGD,0.8,16.5,15.0,0,39
libstudy,HTC,MIM,1.0,PGD,0.9,16.5,15.0,0,39
libstudy,HTC,MIM,1.0,PGD,1.0,16.5,15.0,0,39
libstudy,LG,MIM,1.0,PGD,0.1,16.5,15.0,0,39
libstudy,LG,MIM,1.0,PGD,0.2,16.5,15.0,0,39
libstudy,LG,MIM,1.0,PGD,0.3,16.5,15.0,0,39
libstudy,LG,MIM,1.0,PGD,0.4,16.5,15.0,0,39
libstudy,LG,MIM,1.0,PGD,0.5,16.5,15.0,0,39
libstudy,LG,MIM,1.0,PGD,0.6,16.5,15.0,0,39
libstudy,LG,MIM,1.0,PGD,0.7,16.5,15.0,0,39
libstudy,LG,MIM,1.0,PGD,0.8,16.5,15.0,0,39
libstudy,LG,MIM,1.0,PGD,0.9,16.5,15.0,0,39
libstudy,LG,MIM,1.0,PGD,1.0,16.5,15.0,0,39
libstudy,MOTO,MIM,1.0,PGD,0.1,16.5,15.0,0,39
libstudy,MOTO,MIM,1.0,PGD,0.2,16.5,15.0,0,39
libstudy,MOTO,MIM,1.0,PGD,0.3,16.5,15.0,0,39
libstudy,MOTO,MIM,1.0,PGD,0.4,16.5,15.0,0,39
libstudy,MOTO,MIM,1.0,PGD,0.5,16.5,15.0,0,39
libstudy,MOTO,MIM,1.0,PGD,0.6,16.5,15.0,0,39
libstudy,MOTO,MIM,1.0,PGD,0.7,16.5,15.0,0,39
libstudy,MOTO,MIM,1.0,PGD,0.8,16.5,15.0,0,39
libstudy,MOTO,MIM,1.0,PGD,0.9,16.5,15.0,0,39
libstudy,MOTO,MIM,1.0,PGD,1.0,16.5,15.0,0,39
libstudy,OP3,MIM,1.0,PGD,0.1,16.5,15.0,0,39
libstudy,OP3,MIM,1.0,PGD,0.2,16.5,15.0,0,39
libstudy,OP3,MIM,1.0,PGD,0.3,16.5,15.0,0,39
libstudy,OP3,MIM,1.0,PGD,0.4,16.5,15.0,0,39
libstudy,OP3,MIM,1.0,PGD,0.5,16.5,15.0,0,39
libstudy,OP3,MIM,1.0,PGD,0.6,16.5,15.0,0,39
libstudy,OP3,MIM,1.0,PGD,0.7,16.5,15.0,0,39
libstudy,OP3,MIM,1.0,PGD,0.8,16.5,15.0,0,39
libstudy,OP3,MIM,1.0,PGD,0.9,16.5,15.0,0,39
libstudy,OP3,MIM,1.0,PGD,1.0,16.5,15.0,0,39
libstudy,S7,MIM,1.0,PGD,0.1,16.5,15.0,0,39
libstudy,S7,MIM,1.0,PGD,0.2,16.5,15.0,0,39
libstudy,S7,MIM,1.0,PGD,0.3,16.5,15.0,0,39
libstudy,S7,MIM,1.0,PGD,0.4,16.5,15.0,0,39
libstudy,S7,MIM,1.0,PGD,0.5,16.5,15.0,0,39
libstudy,S7,MIM,1.0,PGD,0.6,16.5,15.0,0,39
libstudy,S7,MIM,1.0,PGD,0.7,16.5,15.0,0,39
libstudy,S7,MIM,1.0,PGD,0.8,16.5,15.0,0,39
libstudy,S7,MIM,1.0,PGD,0.9,16.5,15.0,0,39
libstudy,S7,MIM,1.0,PGD,1.0,16.5,15.0,0,39
libstudy,BLU,BIM,0.1,PGD,0.1,15.7,15.0,0,36
libstudy,BLU,BIM,0.1,PGD,0.2,15.7,15.0,0,36
libstudy,BLU,BIM,0.1,PGD,0.3,15.7,15.0,0,36
libstudy,BLU,BIM,0.1,PGD,0.4,15.7,15.0,0,36
libstudy,BLU,BIM,0.1,PGD,0.5,15.7,15.0,0,36
libstudy,BLU,BIM,0.1,PGD,0.6,15.7,15.0,0,36
libstudy,BLU,BIM,0.1,PGD,0.7,15.7,15.0,0,36
libstudy,BLU,BIM,0.1,PGD,0.8,15.7,15.0,0,36
libstudy,BLU,BIM,0.1,PGD,0.9,15.7,15.0,0,36
libstudy,BLU,BIM,0.1,PGD,1.0,15.7,15.0,0,36
libstudy,HTC,BIM,0.1,PGD,0.1,15.7,15.0,0,36
libstudy,HTC,BIM,0.1,PGD,0.2,15.7,15.0,0,36
libstudy,HTC,BIM,0.1,PGD,0.3,15.7,15.0,0,36
libstudy,HTC,BIM,0.1,PGD,0.4,15.7,15.0,0,36
libstudy,HTC,BIM,0.1,PGD,0.5,15.7,15.0,0,36
libstudy,HTC,BIM,0.1,PGD,0.6,15.7,15.0,0,36
libstudy,HTC,BIM,0.1,PGD,0.7,15.7,15.0,0,36
libstudy,HTC,BIM,0.1,PGD,0.8,15.7,15.0,0,36
libstudy,HTC,BIM,0.1,PGD,0.9,15.7,15.0,0,36
libstudy,HTC,BIM,0.1,PGD,1.0,15.7,15.0,0,36
libstudy,LG,BIM,0.1,PGD,0.1,15.7,15.0,0,36
libstudy,LG,BIM,0.1,PGD,0.2,15.7,15.0,0,36
libstudy,LG,BIM,0.1,PGD,0.3,15.7,15.0,0,36
libstudy,LG,BIM,0.1,PGD,0.4,15.7,15.0,0,36
libstudy,LG,BIM,0.1,PGD,0.5,15.7,15.0,0,36
libstudy,LG,BIM,0.1,PGD,0.6,15.7,15.0,0,36
libstudy,LG,BIM,0.1,PGD,0.7,15.7,15.0,0,36
libstudy,LG,BIM,0.1,PGD,0.8,15.7,15.0,0,36
libstudy,LG,BIM,0.1,PGD,0.9,15.7,15.0,0,36
libstudy,LG,BIM,0.1,PGD,1.0,15.7,15.0,0,36
libstudy,MOTO,BIM,0.1,PGD,0.1,15.7,15.0,0,36
libstudy,MOTO,BIM,0.1,PGD,0.2,15.7,15.0,0,36
libstudy,MOTO,BIM,0.1,PGD,0.3,15.7,15.0,0,36
libstudy,MOTO,BIM,0.1,PGD,0.4,15.7,15.0,0,36
libstudy,MOTO,BIM,0.1,PGD,0.5,15.7,15.0,0,36
libstudy,MOTO,BIM,0.1,PGD,0.6,15.7,15.0,0,36
libstudy,MOTO,BIM,0.1,PGD,0.7,15.7,15.0,0,36
libstudy,MOTO,BIM,0.1,PGD,0.8,15.7,15.0,0,36
libstudy,MOTO,BIM,0.1,PGD,0.9,15.7,15.0,0,36
libstudy,MOTO,BIM,0.1,PGD,1.0,15.7,15.0,0,36
libstudy,OP3,BIM,0.1,PGD,0.1,18.5,15.0,0,44
libstudy,OP3,BIM,0.1,PGD,0.2,18.5,15.0,0,44
libstudy,OP3,BIM,0.1,PGD,0.3,18.5,15.0,0,44
libstudy,OP3,BIM,0.1,PGD,0.4,18.5,15.0,0,44
libstudy,OP3,BIM,0.1,PGD,0.5,18.5,15.0,0,44
libstudy,OP3,BIM,0.1,PGD,0.6,18.5,15.0,0,44
libstudy,OP3,BIM,0.1,PGD,0.7,18.5,15.0,0,44
libstudy,OP3,BIM,0.1,PGD,0.8,18.5,15.0,0,44
libstudy,OP3,BIM,0.1,PGD,0.9,18.5,15.0,0,44
libstudy,OP3,BIM,0.1,PGD,1.0,18.5,15.0,0,44
libstudy,S7,BIM,0.1,PGD,0.1,18.5,15.0,0,44
libstudy,S7,BIM,0.1,PGD,0.2,18.5,15.0,0,44
libstudy,S7,BIM,0.1,PGD,0.3,18.5,15.0,0,44
libstudy,S7,BIM,0.1,PGD,0.4,18.5,15.0,0,44
libstudy,S7,BIM,0.1,PGD,0.5,18.5,15.0,0,44
libstudy,S7,BIM,0.1,PGD,0.6,18.5,15.0,0,44
libstudy,S7,BIM,0.1,PGD,0.7,18.5,15.0,0,44
libstudy,S7,BIM,0.1,PGD,0.8,18.5,15.0,0,44
libstudy,S7,BIM,0.1,PGD,0.9,18.5,15.0,0,44
libstudy,S7,BIM,0.1,PGD,1.0,18.5,15.0,0,44
libstudy,BLU,BIM,0.2,PGD,0.1,28.533333333333335,28.5,0,58
libstudy,BLU,BIM,0.2,PGD,0.2,28.533333333333335,28.5,0,58
libstudy,BLU,BIM,0.2,PGD,0.3,28.533333333333335,28.5,0,58
libstudy,BLU,BIM,0.2,PGD,0.4,28.533333333333335,28.5,0,58
libstudy,BLU,BIM,0.2,PGD,0.5,28.533333333333335,28.5,0,58
libstudy,BLU,BIM,0.2,PGD,0.6,28.533333333333335,28.5,0,58
libstudy,BLU,BIM,0.2,PGD,0.7,28.533333333333335,28.5,0,58
libstudy,BLU,BIM,0.2,PGD,0.8,28.533333333333335,28.5,0,58
libstudy,BLU,BIM,0.2,PGD,0.9,28.533333333333335,28.5,0,58
libstudy,BLU,BIM,0.2,PGD,1.0,28.533333333333335,28.5,0,58
libstudy,HTC,BIM,0.2,PGD,0.1,28.533333333333335,28.5,0,58
libstudy,HTC,BIM,0.2,PGD,0.2,28.533333333333335,28.5,0,58
libstudy,HTC,BIM,0.2,PGD,0.3,28.533333333333335,28.5,0,58
libstudy,HTC,BIM,0.2,PGD,0.4,28.533333333333335,28.5,0,58
libstudy,HTC,BIM,0.2,PGD,0.5,28.533333333333335,28.5,0,58
libstudy,HTC,BIM,0.2,PGD,0.6,28.533333333333335,28.5,0,58
libstudy,HTC,BIM,0.2,PGD,0.7,28.533333333333335,28.5,0,58
libstudy,HTC,BIM,0.2,PGD,0.8,28.533333333333335,28.5,0,58
libstudy,HTC,BIM,0.2,PGD,0.9,28.533333333333335,28.5,0,58
libstudy,HTC,BIM,0.2,PGD,1.0,28.533333333333335,28.5,0,58
libstudy,LG,BIM,0.2,PGD,0.1,28.533333333333335,28.5,0,58
libstudy,LG,BIM,0.2,PGD,0.2,28.533333333333335,28.5,0,58
libstudy,LG,BIM,0.2,PGD,0.3,28.533333333333335,28.5,0,58
libstudy,LG,BIM,0.2,PGD,0.4,28.533333333333335,28.5,0,58
libstudy,LG,BIM,0.2,PGD,0.5,28.533333333333335,28.5,0,58
libstudy,LG,BIM,0.2,PGD,0.6,28.533333333333335,28.5,0,58
libstudy,LG,BIM,0.2,PGD,0.7,28.533333333333335,28.5,0,58
libstudy,LG,BIM,0.2,PGD,0.8,28.533333333333335,28.5,0,58
libstudy,LG,BIM,0.2,PGD,0.9,28.533333333333335,28.5,0,58
libstudy,LG,BIM,0.2,PGD,1.0,28.533333333333335,28.5,0,58
libstudy,MOTO,BIM,0.2,PGD,0.1,28.533333333333335,28.5,0,58
libstudy,MOTO,BIM,0.2,PGD,0.2,28.533333333333335,28.5,0,58
libstudy,MOTO,BIM,0.2,PGD,0.3,28.533333333333335,28.5,0,58
libstudy,MOTO,BIM,0.2,PGD,0.4,28.533333333333335,28.5,0,58
libstudy,MOTO,BIM,0.2,PGD,0.5,28.533333333333335,28.5,0,58
libstudy,MOTO,BIM,0.2,PGD,0.6,28.533333333333335,28.5,0,58
libstudy,MOTO,BIM,0.2,PGD,0.7,28.533333333333335,28.5,0,58
libstudy,MOTO,BIM,0.2,PGD,0.8,28.533333333333335,28.5,0,58
libstudy,MOTO,BIM,0.2,PGD,0.9,28.533333333333335,28.5,0,58
libstudy,MOTO,BIM,0.2,PGD,1.0,28.533333333333335,28.5,0,58
libstudy,OP3,BIM,0.2,PGD,0.1,28.533333333333335,28.5,0,58
libstudy,OP3,BIM,0.2,PGD,0.2,28.533333333333335,28.5,0,58
libstudy,OP3,BIM,0.2,PGD,0.3,28.533333333333335,28.5,0,58
libstudy,OP3,BIM,0.2,PGD,0.4,28.533333333333335,28.5,0,58
libstudy,OP3,BIM,0.2,PGD,0.5,28.533333333333335,28.5,0,58
libstudy,OP3,BIM,0.2,PGD,0.6,28.533333333333335,28.5,0,58
libstudy,OP3,BIM,0.2,PGD,0.7,28.533333333333335,28.5,0,58
libstudy,OP3,BIM,0.2,PGD,0.8,28.533333333333335,28.5,0,58
libstudy,OP3,BIM,0.2,PGD,0.9,28.533333333333335,28.5,0,58
libstudy,OP3,BIM,0.2,PGD,1.0,28.533333333333335,28.5,0,58
libstudy,S7,BIM,0.2,PGD,0.1,28.533333333333335,28.5,0,58
libstudy,S7,BIM,0.2,PGD,0.2,28.533333333333335,28.5,0,58
libstudy,S7,BIM,0.2,PGD,0.3,28.533333333333335,28.5,0,58
libstudy,S7,BIM,0.2,PGD,0.4,28.533333333333335,28.5,0,58
libstudy,S7,BIM,0.2,PGD,0.5,28.533333333333335,28.5,0,58
libstudy,S7,BIM,0.2,PGD,0.6,28.533333333333335,28.5,0,58
libstudy,S7,BIM,0.2,PGD,0.7,28.533333333333335,28.5,0,58
libstudy,S7,BIM,0.2,PGD,0.8,28.533333333333335,28.5,0,58
libstudy,S7,BIM,0.2,PGD,0.9,28.533333333333335,28.5,0,58
libstudy,S7,BIM,0.2,PGD,1.0,28.533333333333335,28.5,0,58
libstudy,BLU,BIM,0.3,PGD,0.1,24.2,23.5,0,53
libstudy,BLU,BIM,0.3,PGD,0.2,24.2,23.5,0,53
libstudy,BLU,BIM,0.3,PGD,0.3,24.2,23.5,0,53
libstudy,BLU,BIM,0.3,PGD,0.4,24.2,23.5,0,53
libstudy,BLU,BIM,0.3,PGD,0.5,24.2,23.5,0,53
libstudy,BLU,BIM,0.3,PGD,0.6,24.2,23.5,0,53
libstudy,BLU,BIM,0.3,PGD,0.7,24.2,23.5,0,53
libstudy,BLU,BIM,0.3,PGD,0.8,24.2,23.5,0,53
libstudy,BLU,BIM,0.3,PGD,0.9,24.2,23.5,0,53
libstudy,BLU,BIM,0.3,PGD,1.0,24.2,23.5,0,53
libstudy,HTC,BIM,0.3,PGD,0.1,24.2,23.5,0,53
libstudy,HTC,BIM,0.3,PGD,0.2,24.2,23.5,0,53
libstudy,HTC,BIM,0.3,PGD,0.3,24.2,23.5,0,53
libstudy,HTC,BIM,0.3,PGD,0.4,24.2,23.5,0,53
libstudy,HTC,BIM,0.3,PGD,0.5,24.2,23.5,0,53
libstudy,HTC,BIM,0.3,PGD,0.6,24.2,23.5,0,53
libstudy,HTC,BIM,0.3,PGD,0.7,24.2,23.5,0,53
libstudy,HTC,BIM,0.3,PGD,0.8,24.2,23.5,0,53
libstudy,HTC,BIM,0.3,PGD,0.9,24.2,23.5,0,53
libstudy,HTC,BIM,0.3,PGD,1.0,24.2,23.5,0,53
libstudy,LG,BIM,0.3,PGD,0.1,24.2,23.5,0,53
libstudy,LG,BIM,0.3,PGD,0.2,24.2,23.5,0,53
libstudy,LG,BIM,0.3,PGD,0.3,24.2,23.5,0,53
libstudy,LG,BIM,0.3,PGD,0.4,24.2,23.5,0,53
libstudy,LG,BIM,0.3,PGD,0.5,24.2,23.5,0,53
libstudy,LG,BIM,0.3,PGD,0.6,24.2,23.5,0,53
libstudy,LG,BIM,0.3,PGD,0.7,24.2,23.5,0,53
libstudy,LG,BIM,0.3,PGD,0.8,24.2,23.5,0,53
libstudy,LG,BIM,0.3,PGD,0.9,24.2,23.5,0,53
libstudy,LG,BIM,0.3,PGD,1.0,24.2,23.5,0,53
libstudy,MOTO,BIM,0.3,PGD,0.1,24.2,23.5,0,53
libstudy,MOTO,BIM,0.3,PGD,0.2,24.2,23.5,0,53
libstudy,MOTO,BIM,0.3,PGD,0.3,24.2,23.5,0,53
libstudy,MOTO,BIM,0.3,PGD,0.4,24.2,23.5,0,53
libstudy,MOTO,BIM,0.3,PGD,0.5,24.2,23.5,0,53
libstudy,MOTO,BIM,0.3,PGD,0.6,24.2,23.5,0,53
libstudy,MOTO,BIM,0.3,PGD,0.7,24.2,23.5,0,53
libstudy,MOTO,BIM,0.3,PGD,0.8,24.2,23.5,0,53
libstudy,MOTO,BIM,0.3,PGD,0.9,24.2,23.5,0,53
libstudy,MOTO,BIM,0.3,PGD,1.0,24.2,23.5,0,53
libstudy,OP3,BIM,0.3,PGD,0.1,24.2,23.5,0,53
libstudy,OP3,BIM,0.3,PGD,0.2,24.2,23.5,0,53
libstudy,OP3,BIM,0.3,PGD,0.3,24.2,23.5,0,53
libstudy,OP3,BIM,0.3,PGD,0.4,24.2,23.5,0,53
libstudy,OP3,BIM,0.3,PGD,0.5,24.2,23.5,0,53
libstudy,OP3,BIM,0.3,PGD,0.6,24.2,23.5,0,53
libstudy,OP3,BIM,0.3,PGD,0.7,24.2,23.5,0,53
libstudy,OP3,BIM,0.3,PGD,0.8,24.2,23.5,0,53
libstudy,OP3,BIM,0.3,PGD,0.9,24.2,23.5,0,53
libstudy,OP3,BIM,0.3,PGD,1.0,24.2,23.5,0,53
libstudy,S7,BIM,0.3,PGD,0.1,24.2,23.5,0,53
libstudy,S7,BIM,0.3,PGD,0.2,24.2,23.5,0,53
libstudy,S7,BIM,0.3,PGD,0.3,24.2,23.5,0,53
libstudy,S7,BIM,0.3,PGD,0.4,24.2,23.5,0,53
libstudy,S7,BIM,0.3,PGD,0.5,24.2,23.5,0,53
libstudy,S7,BIM,0.3,PGD,0.6,24.2,23.5,0,53
libstudy,S7,BIM,0.3,PGD,0.7,24.2,23.5,0,53
libstudy,S7,BIM,0.3,PGD,0.8,24.2,23.5,0,53
libstudy,S7,BIM,0.3,PGD,0.9,24.2,23.5,0,53
libstudy,S7,BIM,0.3,PGD,1.0,24.2,23.5,0,53
libstudy,BLU,BIM,0.4,PGD,0.1,23.433333333333334,22.5,0,52
libstudy,BLU,BIM,0.4,PGD,0.2,23.433333333333334,22.5,0,52
libstudy,BLU,BIM,0.4,PGD,0.3,23.433333333333334,22.5,0,52
libstudy,BLU,BIM,0.4,PGD,0.4,23.433333333333334,22.5,0,52
libstudy,BLU,BIM,0.4,PGD,0.5,23.433333333333334,22.5,0,52
libstudy,BLU,BIM,0.4,PGD,0.6,23.433333333333334,22.5,0,52
libstudy,BLU,BIM,0.4,PGD,0.7,23.433333333333334,22.5,0,52
libstudy,BLU,BIM,0.4,PGD,0.8,23.433333333333334,22.5,0,52
libstudy,BLU,BIM,0.4,PGD,0.9,23.433333333333334,22.5,0,52
libstudy,BLU,BIM,0.4,PGD,1.0,23.433333333333334,22.5,0,52
libstudy,HTC,BIM,0.4,PGD,0.1,23.433333333333334,22.5,0,52
libstudy,HTC,BIM,0.4,PGD,0.2,23.433333333333334,22.5,0,52
libstudy,HTC,BIM,0.4,PGD,0.3,23.433333333333334,22.5,0,52
libstudy,HTC,BIM,0.4,PGD,0.4,23.433333333333334,22.5,0,52
libstudy,HTC,BIM,0.4,PGD,0.5,23.433333333333334,22.5,0,52
libstudy,HTC,BIM,0.4,PGD,0.6,23.433333333333334,22.5,0,52
libstudy,HTC,BIM,0.4,PGD,0.7,23.433333333333334,22.5,0,52
libstudy,HTC,BIM,0.4,PGD,0.8,23.433333333333334,22.5,0,52
libstudy,HTC,BIM,0.4,PGD,0.9,23.433333333333334,22.5,0,52
libstudy,HTC,BIM,0.4,PGD,1.0,23.433333333333334,22.5,0,52
libstudy,LG,BIM,0.4,PGD,0.1,23.433333333333334,22.5,0,52
libstudy,LG,BIM,0.4,PGD,0.2,23.433333333333334,22.5,0,52
libstudy,LG,BIM,0.4,PGD,0.3,23.433333333333334,22.5,0,52
libstudy,LG,BIM,0.4,PGD,0.4,23.433333333333334,22.5,0,52
libstudy,LG,BIM,0.4,PGD,0.5,23.433333333333334,22.5,0,52
libstudy,LG,BIM,0.4,PGD,0.6,23.433333333333334,22.5,0,52
libstudy,LG,BIM,0.4,PGD,0.7,23.433333333333334,22.5,0,52
libstudy,LG,BIM,0.4,PGD,0.8,23.433333333333334,22.5,0,52
libstudy,LG,BIM,0.4,PGD,0.9,23.433333333333334,22.5,0,52
libstudy,LG,BIM,0.4,PGD,1.0,23.433333333333334,22.5,0,52
libstudy,MOTO,BIM,0.4,PGD,0.1,23.433333333333334,22.5,0,52
libstudy,MOTO,BIM,0.4,PGD,0.2,23.433333333333334,22.5,0,52
libstudy,MOTO,BIM,0.4,PGD,0.3,23.433333333333334,22.5,0,52
libstudy,MOTO,BIM,0.4,PGD,0.4,23.433333333333334,22.5,0,52
libstudy,MOTO,BIM,0.4,PGD,0.5,23.433333333333334,22.5,0,52
libstudy,MOTO,BIM,0.4,PGD,0.6,23.433333333333334,22.5,0,52
libstudy,MOTO,BIM,0.4,PGD,0.7,23.433333333333334,22.5,0,52
libstudy,MOTO,BIM,0.4,PGD,0.8,23.433333333333334,22.5,0,52
libstudy,MOTO,BIM,0.4,PGD,0.9,23.433333333333334,22.5,0,52
libstudy,MOTO,BIM,0.4,PGD,1.0,23.433333333333334,22.5,0,52
libstudy,OP3,BIM,0.4,PGD,0.1,23.433333333333334,22.5,0,52
libstudy,OP3,BIM,0.4,PGD,0.2,23.433333333333334,22.5,0,52
libstudy,OP3,BIM,0.4,PGD,0.3,23.433333333333334,22.5,0,52
libstudy,OP3,BIM,0.4,PGD,0.4,23.433333333333334,22.5,0,52
libstudy,OP3,BIM,0.4,PGD,0.5,23.433333333333334,22.5,0,52
libstudy,OP3,BIM,0.4,PGD,0.6,23.433333333333334,22.5,0,52
libstudy,OP3,BIM,0.4,PGD,0.7,23.433333333333334,22.5,0,52
libstudy,OP3,BIM,0.4,PGD,0.8,23.433333333333334,22.5,0,52
libstudy,OP3,BIM,0.4,PGD,0.9,23.433333333333334,22.5,0,52
libstudy,OP3,BIM,0.4,PGD,1.0,23.433333333333334,22.5,0,52
libstudy,S7,BIM,0.4,PGD,0.1,23.433333333333334,22.5,0,52
libstudy,S7,BIM,0.4,PGD,0.2,23.433333333333334,22.5,0,52
libstudy,S7,BIM,0.4,PGD,0.3,23.433333333333334,22.5,0,52
libstudy,S7,BIM,0.4,PGD,0.4,23.433333333333334,22.5,0,52
libstudy,S7,BIM,0.4,PGD,0.5,23.433333333333334,22.5,0,52
libstudy,S7,BIM,0.4,PGD,0.6,23.433333333333334,22.5,0,52
libstudy,S7,BIM,0.4,PGD,0.7,23.433333333333334,22.5,0,52
libstudy,S7,BIM,0.4,PGD,0.8,23.433333333333334,22.5,0,52
libstudy,S7,BIM,0.4,PGD,0.9,23.433333333333334,22.5,0,52
libstudy,S7,BIM,0.4,PGD,1.0,23.433333333333334,22.5,0,52
libstudy,BLU,BIM,0.5,PGD,0.1,28.533333333333335,28.5,0,58
libstudy,BLU,BIM,0.5,PGD,0.2,28.533333333333335,28.5,0,58
libstudy,BLU,BIM,0.5,PGD,0.3,28.533333333333335,28.5,0,58
libstudy,BLU,BIM,0.5,PGD,0.4,28.533333333333335,28.5,0,58
libstudy,BLU,BIM,0.5,PGD,0.5,28.533333333333335,28.5,0,58
libstudy,BLU,BIM,0.5,PGD,0.6,28.533333333333335,28.5,0,58
libstudy,BLU,BIM,0.5,PGD,0.7,28.533333333333335,28.5,0,58
libstudy,BLU,BIM,0.5,PGD,0.8,28.533333333333335,28.5,0,58
libstudy,BLU,BIM,0.5,PGD,0.9,28.533333333333335,28.5,0,58
libstudy,BLU,BIM,0.5,PGD,1.0,28.533333333333335,28.5,0,58
libstudy,HTC,BIM,0.5,PGD,0.1,28.533333333333335,28.5,0,58
libstudy,HTC,BIM,0.5,PGD,0.2,28.533333333333335,28.5,0,58
libstudy,HTC,BIM,0.5,PGD,0.3,28.533333333333335,28.5,0,58
libstudy,HTC,BIM,0.5,PGD,0.4,28.533333333333335,28.5,0,58
libstudy,HTC,BIM,0.5,PGD,0.5,28.533333333333335,28.5,0,58
libstudy,HTC,BIM,0.5,PGD,0.6,28.533333333333335,28.5,0,58
libstudy,HTC,BIM,0.5,PGD,0.7,28.533333333333335,28.5,0,58
libstudy,HTC,BIM,0.5,PGD,0.8,28.533333333333335,28.5,0,58
libstudy,HTC,BIM,0.5,PGD,0.9,28.533333333333335,28.5,0,58
libstudy,HTC,BIM,0.5,PGD,1.0,28.533333333333335,28.5,0,58
libstudy,LG,BIM,0.5,PGD,0.1,28.533333333333335,28.5,0,58
libstudy,LG,BIM,0.5,PGD,0.2,28.533333333333335,28.5,0,58
libstudy,LG,BIM,0.5,PGD,0.3,28.533333333333335,28.5,0,58
libstudy,LG,BIM,0.5,PGD,0.4,28.533333333333335,28.5,0,58
libstudy,LG,BIM,0.5,PGD,0.5,28.533333333333335,28.5,0,58
libstudy,LG,BIM,0.5,PGD,0.6,28.533333333333335,28.5,0,58
libstudy,LG,BIM,0.5,PGD,0.7,28.533333333333335,28.5,0,58
libstudy,LG,BIM,0.5,PGD,0.8,28.533333333333335,28.5,0,58
libstudy,LG,BIM,0.5,PGD,0.9,28.533333333333335,28.5,0,58
libstudy,LG,BIM,0.5,PGD,1.0,28.533333333333335,28.5,0,58
libstudy,MOTO,BIM,0.5,PGD,0.1,28.533333333333335,28.5,0,58
libstudy,MOTO,BIM,0.5,PGD,0.2,28.533333333333335,28.5,0,58
libstudy,MOTO,BIM,0.5,PGD,0.3,28.533333333333335,28.5,0,58
libstudy,MOTO,BIM,0.5,PGD,0.4,28.533333333333335,28.5,0,58
libstudy,MOTO,BIM,0.5,PGD,0.5,28.533333333333335,28.5,0,58
libstudy,MOTO,BIM,0.5,PGD,0.6,28.533333333333335,28.5,0,58
libstudy,MOTO,BIM,0.5,PGD,0.7,28.533333333333335,28.5,0,58
libstudy,MOTO,BIM,0.5,PGD,0.8,28.533333333333335,28.5,0,58
libstudy,MOTO,BIM,0.5,PGD,0.9,28.533333333333335,28.5,0,58
libstudy,MOTO,BIM,0.5,PGD,1.0,28.533333333333335,28.5,0,58
libstudy,OP3,BIM,0.5,PGD,0.1,28.533333333333335,28.5,0,58
libstudy,OP3,BIM,0.5,PGD,0.2,28.533333333333335,28.5,0,58
libstudy,OP3,BIM,0.5,PGD,0.3,28.533333333333335,28.5,0,58
libstudy,OP3,BIM,0.5,PGD,0.4,28.533333333333335,28.5,0,58
libstudy,OP3,BIM,0.5,PGD,0.5,28.533333333333335,28.5,0,58
libstudy,OP3,BIM,0.5,PGD,0.6,28.533333333333335,28.5,0,58
libstudy,OP3,BIM,0.5,PGD,0.7,28.533333333333335,28.5,0,58
libstudy,OP3,BIM,0.5,PGD,0.8,28.533333333333335,28.5,0,58
libstudy,OP3,BIM,0.5,PGD,0.9,28.533333333333335,28.5,0,58
libstudy,OP3,BIM,0.5,PGD,1.0,28.533333333333335,28.5,0,58
libstudy,S7,BIM,0.5,PGD,0.1,28.533333333333335,28.5,0,58
libstudy,S7,BIM,0.5,PGD,0.2,28.533333333333335,28.5,0,58
libstudy,S7,BIM,0.5,PGD,0.3,28.533333333333335,28.5,0,58
libstudy,S7,BIM,0.5,PGD,0.4,28.533333333333335,28.5,0,58
libstudy,S7,BIM,0.5,PGD,0.5,28.533333333333335,28.5,0,58
libstudy,S7,BIM,0.5,PGD,0.6,28.533333333333335,28.5,0,58
libstudy,S7,BIM,0.5,PGD,0.7,28.533333333333335,28.5,0,58
libstudy,S7,BIM,0.5,PGD,0.8,28.533333333333335,28.5,0,58
libstudy,S7,BIM,0.5,PGD,0.9,28.533333333333335,28.5,0,58
libstudy,S7,BIM,0.5,PGD,1.0,28.533333333333335,28.5,0,58
libstudy,BLU,BIM,0.6,PGD,0.1,15.7,15.0,0,36
libstudy,BLU,BIM,0.6,PGD,0.2,15.7,15.0,0,36
libstudy,BLU,BIM,0.6,PGD,0.3,15.7,15.0,0,36
libstudy,BLU,BIM,0.6,PGD,0.4,15.7,15.0,0,36
libstudy,BLU,BIM,0.6,PGD,0.5,15.7,15.0,0,36
libstudy,BLU,BIM,0.6,PGD,0.6,15.7,15.0,0,36
libstudy,BLU,BIM,0.6,PGD,0.7,15.7,15.0,0,36
libstudy,BLU,BIM,0.6,PGD,0.8,15.7,15.0,0,36
libstudy,BLU,BIM,0.6,PGD,0.9,15.7,15.0,0,36
libstudy,BLU,BIM,0.6,PGD,1.0,15.7,15.0,0,36
libstudy,HTC,BIM,0.6,PGD,0.1,15.7,15.0,0,36
libstudy,HTC,BIM,0.6,PGD,0.2,15.7,15.0,0,36
libstudy,HTC,BIM,0.6,PGD,0.3,15.7,15.0,0,36
libstudy,HTC,BIM,0.6,PGD,0.4,15.7,15.0,0,36
libstudy,HTC,BIM,0.6,PGD,0.5,15.7,15.0,0,36
libstudy,HTC,BIM,0.6,PGD,0.6,15.7,15.0,0,36
libstudy,HTC,BIM,0.6,PGD,0.7,15.7,15.0,0,36
libstudy,HTC,BIM,0.6,PGD,0.8,15.7,15.0,0,36
libstudy,HTC,BIM,0.6,PGD,0.9,15.7,15.0,0,36
libstudy,HTC,BIM,0.6,PGD,1.0,15.7,15.0,0,36
libstudy,LG,BIM,0.6,PGD,0.1,15.7,15.0,0,36
libstudy,LG,BIM,0.6,PGD,0.2,15.7,15.0,0,36
libstudy,LG,BIM,0.6,PGD,0.3,15.7,15.0,0,36
libstudy,LG,BIM,0.6,PGD,0.4,15.7,15.0,0,36
libstudy,LG,BIM,0.6,PGD,0.5,15.7,15.0,0,36
libstudy,LG,BIM,0.6,PGD,0.6,15.7,15.0,0,36
libstudy,LG,BIM,0.6,PGD,0.7,15.7,15.0,0,36
libstudy,LG,BIM,0.6,PGD,0.8,15.7,15.0,0,36
libstudy,LG,BIM,0.6,PGD,0.9,15.7,15.0,0,36
libstudy,LG,BIM,0.6,PGD,1.0,15.7,15.0,0,36
libstudy,MOTO,BIM,0.6,PGD,0.1,15.7,15.0,0,36
libstudy,MOTO,BIM,0.6,PGD,0.2,15.7,15.0,0,36
libstudy,MOTO,BIM,0.6,PGD,0.3,15.7,15.0,0,36
libstudy,MOTO,BIM,0.6,PGD,0.4,15.7,15.0,0,36
libstudy,MOTO,BIM,0.6,PGD,0.5,15.7,15.0,0,36
libstudy,MOTO,BIM,0.6,PGD,0.6,15.7,15.0,0,36
libstudy,MOTO,BIM,0.6,PGD,0.7,15.7,15.0,0,36
libstudy,MOTO,BIM,0.6,PGD,0.8,15.7,15.0,0,36
libstudy,MOTO,BIM,0.6,PGD,0.9,15.7,15.0,0,36
libstudy,MOTO,BIM,0.6,PGD,1.0,15.7,15.0,0,36
libstudy,OP3,BIM,0.6,PGD,0.1,15.7,15.0,0,36
libstudy,OP3,BIM,0.6,PGD,0.2,15.7,15.0,0,36
libstudy,OP3,BIM,0.6,PGD,0.3,15.7,15.0,0,36
libstudy,OP3,BIM,0.6,PGD,0.4,15.7,15.0,0,36
libstudy,OP3,BIM,0.6,PGD,0.5,15.7,15.0,0,36
libstudy,OP3,BIM,0.6,PGD,0.6,15.7,15.0,0,36
libstudy,OP3,BIM,0.6,PGD,0.7,15.7,15.0,0,36
libstudy,OP3,BIM,0.6,PGD,0.8,15.7,15.0,0,36
libstudy,OP3,BIM,0.6,PGD,0.9,15.7,15.0,0,36
libstudy,OP3,BIM,0.6,PGD,1.0,15.7,15.0,0,36
libstudy,S7,BIM,0.6,PGD,0.1,15.7,15.0,0,36
libstudy,S7,BIM,0.6,PGD,0.2,15.7,15.0,0,36
libstudy,S7,BIM,0.6,PGD,0.3,15.7,15.0,0,36
libstudy,S7,BIM,0.6,PGD,0.4,15.7,15.0,0,36
libstudy,S7,BIM,0.6,PGD,0.5,15.7,15.0,0,36
libstudy,S7,BIM,0.6,PGD,0.6,15.7,15.0,0,36
libstudy,S7,BIM,0.6,PGD,0.7,15.7,15.0,0,36
libstudy,S7,BIM,0.6,PGD,0.8,15.7,15.0,0,36
libstudy,S7,BIM,0.6,PGD,0.9,15.7,15.0,0,36
libstudy,S7,BIM,0.6,PGD,1.0,15.7,15.0,0,36
libstudy,BLU,BIM,0.7,PGD,0.1,19.533333333333335,16.5,0,46
libstudy,BLU,BIM,0.7,PGD,0.2,19.533333333333335,16.5,0,46
libstudy,BLU,BIM,0.7,PGD,0.3,19.533333333333335,16.5,0,46
libstudy,BLU,BIM,0.7,PGD,0.4,19.533333333333335,16.5,0,46
libstudy,BLU,BIM,0.7,PGD,0.5,19.533333333333335,16.5,0,46
libstudy,BLU,BIM,0.7,PGD,0.6,19.533333333333335,16.5,0,46
libstudy,BLU,BIM,0.7,PGD,0.7,19.533333333333335,16.5,0,46
libstudy,BLU,BIM,0.7,PGD,0.8,19.533333333333335,16.5,0,46
libstudy,BLU,BIM,0.7,PGD,0.9,19.533333333333335,16.5,0,46
libstudy,BLU,BIM,0.7,PGD,1.0,19.533333333333335,16.5,0,46
libstudy,HTC,BIM,0.7,PGD,0.1,19.533333333333335,16.5,0,46
libstudy,HTC,BIM,0.7,PGD,0.2,19.533333333333335,16.5,0,46
libstudy,HTC,BIM,0.7,PGD,0.3,19.533333333333335,16.5,0,46
libstudy,HTC,BIM,0.7,PGD,0.4,19.533333333333335,16.5,0,46
libstudy,HTC,BIM,0.7,PGD,0.5,19.533333333333335,16.5,0,46
libstudy,HTC,BIM,0.7,PGD,0.6,19.533333333333335,16.5,0,46
libstudy,HTC,BIM,0.7,PGD,0.7,19.533333333333335,16.5,0,46
libstudy,HTC,BIM,0.7,PGD,0.8,19.533333333333335,16.5,0,46
libstudy,HTC,BIM,0.7,PGD,0.9,19.533333333333335,16.5,0,46
libstudy,HTC,BIM,0.7,PGD,1.0,19.533333333333335,16.5,0,46
libstudy,LG,BIM,0.7,PGD,0.1,19.533333333333335,16.5,0,46
libstudy,LG,BIM,0.7,PGD,0.2,19.533333333333335,16.5,0,46
libstudy,LG,BIM,0.7,PGD,0.3,19.533333333333335,16.5,0,46
libstudy,LG,BIM,0.7,PGD,0.4,19.533333333333335,16.5,0,46
libstudy,LG,BIM,0.7,PGD,0.5,19.533333333333335,16.5,0,46
libstudy,LG,BIM,0.7,PGD,0.6,19.533333333333335,16.5,0,46
libstudy,LG,BIM,0.7,PGD,0.7,19.533333333333335,16.5,0,46
libstudy,LG,BIM,0.7,PGD,0.8,19.533333333333335,16.5,0,46
libstudy,LG,BIM,0.7,PGD,0.9,19.533333333333335,16.5,0,46
libstudy,LG,BIM,0.7,PGD,1.0,19.533333333333335,16.5,0,46
libstudy,MOTO,BIM,0.7,PGD,0.1,19.533333333333335,16.5,0,46
libstudy,MOTO,BIM,0.7,PGD,0.2,19.533333333333335,16.5,0,46
libstudy,MOTO,BIM,0.7,PGD,0.3,19.533333333333335,16.5,0,46
libstudy,MOTO,BIM,0.7,PGD,0.4,19.533333333333335,16.5,0,46
libstudy,MOTO,BIM,0.7,PGD,0.5,19.533333333333335,16.5,0,46
libstudy,MOTO,BIM,0.7,PGD,0.6,19.533333333333335,16.5,0,46
libstudy,MOTO,BIM,0.7,PGD,0.7,19.533333333333335,16.5,0,46
libstudy,MOTO,BIM,0.7,PGD,0.8,19.533333333333335,16.5,0,46
libstudy,MOTO,BIM,0.7,PGD,0.9,19.533333333333335,16.5,0,46
libstudy,MOTO,BIM,0.7,PGD,1.0,19.533333333333335,16.5,0,46
libstudy,OP3,BIM,0.7,PGD,0.1,19.533333333333335,16.5,0,46
libstudy,OP3,BIM,0.7,PGD,0.2,19.533333333333335,16.5,0,46
libstudy,OP3,BIM,0.7,PGD,0.3,19.533333333333335,16.5,0,46
libstudy,OP3,BIM,0.7,PGD,0.4,19.533333333333335,16.5,0,46
libstudy,OP3,BIM,0.7,PGD,0.5,19.533333333333335,16.5,0,46
libstudy,OP3,BIM,0.7,PGD,0.6,19.533333333333335,16.5,0,46
libstudy,OP3,BIM,0.7,PGD,0.7,19.533333333333335,16.5,0,46
libstudy,OP3,BIM,0.7,PGD,0.8,19.533333333333335,16.5,0,46
libstudy,OP3,BIM,0.7,PGD,0.9,19.533333333333335,16.5,0,46
libstudy,OP3,BIM,0.7,PGD,1.0,19.533333333333335,16.5,0,46
libstudy,S7,BIM,0.7,PGD,0.1,19.533333333333335,16.5,0,46
libstudy,S7,BIM,0.7,PGD,0.2,19.533333333333335,16.5,0,46
libstudy,S7,BIM,0.7,PGD,0.3,19.533333333333335,16.5,0,46
libstudy,S7,BIM,0.7,PGD,0.4,19.533333333333335,16.5,0,46
libstudy,S7,BIM,0.7,PGD,0.5,19.533333333333335,16.5,0,46
libstudy,S7,BIM,0.7,PGD,0.6,19.533333333333335,16.5,0,46
libstudy,S7,BIM,0.7,PGD,0.7,19.533333333333335,16.5,0,46
libstudy,S7,BIM,0.7,PGD,0.8,19.533333333333335,16.5,0,46
libstudy,S7,BIM,0.7,PGD,0.9,19.533333333333335,16.5,0,46
libstudy,S7,BIM,0.7,PGD,1.0,19.533333333333335,16.5,0,46
libstudy,BLU,BIM,0.8,PGD,0.1,21.333333333333332,19.5,0,49
libstudy,BLU,BIM,0.8,PGD,0.2,21.333333333333332,19.5,0,49
libstudy,BLU,BIM,0.8,PGD,0.3,21.333333333333332,19.5,0,49
libstudy,BLU,BIM,0.8,PGD,0.4,21.333333333333332,19.5,0,49
libstudy,BLU,BIM,0.8,PGD,0.5,21.333333333333332,19.5,0,49
libstudy,BLU,BIM,0.8,PGD,0.6,21.333333333333332,19.5,0,49
libstudy,BLU,BIM,0.8,PGD,0.7,21.333333333333332,19.5,0,49
libstudy,BLU,BIM,0.8,PGD,0.8,21.333333333333332,19.5,0,49
libstudy,BLU,BIM,0.8,PGD,0.9,21.333333333333332,19.5,0,49
libstudy,BLU,BIM,0.8,PGD,1.0,21.333333333333332,19.5,0,49
libstudy,HTC,BIM,0.8,PGD,0.1,21.333333333333332,19.5,0,49
libstudy,HTC,BIM,0.8,PGD,0.2,21.333333333333332,19.5,0,49
libstudy,HTC,BIM,0.8,PGD,0.3,21.333333333333332,19.5,0,49
libstudy,HTC,BIM,0.8,PGD,0.4,21.333333333333332,19.5,0,49
libstudy,HTC,BIM,0.8,PGD,0.5,21.333333333333332,19.5,0,49
libstudy,HTC,BIM,0.8,PGD,0.6,21.333333333333332,19.5,0,49
libstudy,HTC,BIM,0.8,PGD,0.7,21.333333333333332,19.5,0,49
libstudy,HTC,BIM,0.8,PGD,0.8,21.333333333333332,19.5,0,49
libstudy,HTC,BIM,0.8,PGD,0.9,21.333333333333332,19.5,0,49
libstudy,HTC,BIM,0.8,PGD,1.0,21.333333333333332,19.5,0,49
libstudy,LG,BIM,0.8,PGD,0.1,21.333333333333332,19.5,0,49
libstudy,LG,BIM,0.8,PGD,0.2,21.333333333333332,19.5,0,49
libstudy,LG,BIM,0.8,PGD,0.3,21.333333333333332,19.5,0,49
libstudy,LG,BIM,0.8,PGD,0.4,21.333333333333332,19.5,0,49
libstudy,LG,BIM,0.8,PGD,0.5,21.333333333333332,19.5,0,49
libstudy,LG,BIM,0.8,PGD,0.6,21.333333333333332,19.5,0,49
libstudy,LG,BIM,0.8,PGD,0.7,21.333333333333332,19.5,0,49
libstudy,LG,BIM,0.8,PGD,0.8,21.333333333333332,19.5,0,49
libstudy,LG,BIM,0.8,PGD,0.9,21.333333333333332,19.5,0,49
libstudy,LG,BIM,0.8,PGD,1.0,21.333333333333332,19.5,0,49
libstudy,MOTO,BIM,0.8,PGD,0.1,21.333333333333332,19.5,0,49
libstudy,MOTO,BIM,0.8,PGD,0.2,21.333333333333332,19.5,0,49
libstudy,MOTO,BIM,0.8,PGD,0.3,21.333333333333332,19.5,0,49
libstudy,MOTO,BIM,0.8,PGD,0.4,21.333333333333332,19.5,0,49
libstudy,MOTO,BIM,0.8,PGD,0.5,21.333333333333332,19.5,0,49
libstudy,MOTO,BIM,0.8,PGD,0.6,21.333333333333332,19.5,0,49
libstudy,MOTO,BIM,0.8,PGD,0.7,21.333333333333332,19.5,0,49
libstudy,MOTO,BIM,0.8,PGD,0.8,21.333333333333332,19.5,0,49
libstudy,MOTO,BIM,0.8,PGD,0.9,21.333333333333332,19.5,0,49
libstudy,MOTO,BIM,0.8,PGD,1.0,21.333333333333332,19.5,0,49
libstudy,OP3,BIM,0.8,PGD,0.1,21.333333333333332,19.5,0,49
libstudy,OP3,BIM,0.8,PGD,0.2,21.333333333333332,19.5,0,49
libstudy,OP3,BIM,0.8,PGD,0.3,21.333333333333332,19.5,0,49
libstudy,OP3,BIM,0.8,PGD,0.4,21.333333333333332,19.5,0,49
libstudy,OP3,BIM,0.8,PGD,0.5,21.333333333333332,19.5,0,49
libstudy,OP3,BIM,0.8,PGD,0.6,21.333333333333332,19.5,0,49
libstudy,OP3,BIM,0.8,PGD,0.7,21.333333333333332,19.5,0,49
libstudy,OP3,BIM,0.8,PGD,0.8,21.333333333333332,19.5,0,49
libstudy,OP3,BIM,0.8,PGD,0.9,21.333333333333332,19.5,0,49
libstudy,OP3,BIM,0.8,PGD,1.0,21.333333333333332,19.5,0,49
libstudy,S7,BIM,0.8,PGD,0.1,21.333333333333332,19.5,0,49
libstudy,S7,BIM,0.8,PGD,0.2,21.333333333333332,19.5,0,49
libstudy,S7,BIM,0.8,PGD,0.3,21.333333333333332,19.5,0,49
libstudy,S7,BIM,0.8,PGD,0.4,21.333333333333332,19.5,0,49
libstudy,S7,BIM,0.8,PGD,0.5,21.333333333333332,19.5,0,49
libstudy,S7,BIM,0.8,PGD,0.6,21.333333333333332,19.5,0,49
libstudy,S7,BIM,0.8,PGD,0.7,21.333333333333332,19.5,0,49
libstudy,S7,BIM,0.8,PGD,0.8,21.333333333333332,19.5,0,49
libstudy,S7,BIM,0.8,PGD,0.9,21.333333333333332,19.5,0,49
libstudy,S7,BIM,0.8,PGD,1.0,21.333333333333332,19.5,0,49
libstudy,BLU,BIM,0.9,PGD,0.1,16.2,15.0,0,38
libstudy,BLU,BIM,0.9,PGD,0.2,16.2,15.0,0,38
libstudy,BLU,BIM,0.9,PGD,0.3,16.2,15.0,0,38
libstudy,BLU,BIM,0.9,PGD,0.4,16.2,15.0,0,38
libstudy,BLU,BIM,0.9,PGD,0.5,16.2,15.0,0,38
libstudy,BLU,BIM,0.9,PGD,0.6,16.2,15.0,0,38
libstudy,BLU,BIM,0.9,PGD,0.7,16.2,15.0,0,38
libstudy,BLU,BIM,0.9,PGD,0.8,16.2,15.0,0,38
libstudy,BLU,BIM,0.9,PGD,0.9,16.2,15.0,0,38
libstudy,BLU,BIM,0.9,PGD,1.0,16.2,15.0,0,38
libstudy,HTC,BIM,0.9,PGD,0.1,16.2,15.0,0,38
libstudy,HTC,BIM,0.9,PGD,0.2,16.2,15.0,0,38
libstudy,HTC,BIM,0.9,PGD,0.3,16.2,15.0,0,38
libstudy,HTC,BIM,0.9,PGD,0.4,16.2,15.0,0,38
libstudy,HTC,BIM,0.9,PGD,0.5,16.2,15.0,0,38
libstudy,HTC,BIM,0.9,PGD,0.6,16.2,15.0,0,38
libstudy,HTC,BIM,0.9,PGD,0.7,16.2,15.0,0,38
libstudy,HTC,BIM,0.9,PGD,0.8,16.2,15.0,0,38
libstudy,HTC,BIM,0.9,PGD,0.9,16.2,15.0,0,38
libstudy,HTC,BIM,0.9,PGD,1.0,16.2,15.0,0,38
libstudy,LG,BIM,0.9,PGD,0.1,16.2,15.0,0,38
libstudy,LG,BIM,0.9,PGD,0.2,16.2,15.0,0,38
libstudy,LG,BIM,0.9,PGD,0.3,16.2,15.0,0,38
libstudy,LG,BIM,0.9,PGD,0.4,16.2,15.0,0,38
libstudy,LG,BIM,0.9,PGD,0.5,16.2,15.0,0,38
libstudy,LG,BIM,0.9,PGD,0.6,16.2,15.0,0,38
libstudy,LG,BIM,0.9,PGD,0.7,16.2,15.0,0,38
libstudy,LG,BIM,0.9,PGD,0.8,16.2,15.0,0,38
libstudy,LG,BIM,0.9,PGD,0.9,16.2,15.0,0,38
libstudy,LG,BIM,0.9,PGD,1.0,16.2,15.0,0,38
libstudy,MOTO,BIM,0.9,PGD,0.1,16.2,15.0,0,38
libstudy,MOTO,BIM,0.9,PGD,0.2,16.2,15.0,0,38
libstudy,MOTO,BIM,0.9,PGD,0.3,16.2,15.0,0,38
libstudy,MOTO,BIM,0.9,PGD,0.4,16.2,15.0,0,38
libstudy,MOTO,BIM,0.9,PGD,0.5,16.2,15.0,0,38
libstudy,MOTO,BIM,0.9,PGD,0.6,16.2,15.0,0,38
libstudy,MOTO,BIM,0.9,PGD,0.7,16.2,15.0,0,38
libstudy,MOTO,BIM,0.9,PGD,0.8,16.2,15.0,0,38
libstudy,MOTO,BIM,0.9,PGD,0.9,16.2,15.0,0,38
libstudy,MOTO,BIM,0.9,PGD,1.0,16.2,15.0,0,38
libstudy,OP3,BIM,0.9,PGD,0.1,16.2,15.0,0,38
libstudy,OP3,BIM,0.9,PGD,0.2,16.2,15.0,0,38
libstudy,OP3,BIM,0.9,PGD,0.3,16.2,15.0,0,38
libstudy,OP3,BIM,0.9,PGD,0.4,16.2,15.0,0,38
libstudy,OP3,BIM,0.9,PGD,0.5,16.2,15.0,0,38
libstudy,OP3,BIM,0.9,PGD,0.6,16.2,15.0,0,38
libstudy,OP3,BIM,0.9,PGD,0.7,16.2,15.0,0,38
libstudy,OP3,BIM,0.9,PGD,0.8,16.2,15.0,0,38
libstudy,OP3,BIM,0.9,PGD,0.9,16.2,15.0,0,38
libstudy,OP3,BIM,0.9,PGD,1.0,16.2,15.0,0,38
libstudy,S7,BIM,0.9,PGD,0.1,16.2,15.0,0,38
libstudy,S7,BIM,0.9,PGD,0.2,16.2,15.0,0,38
libstudy,S7,BIM,0.9,PGD,0.3,16.2,15.0,0,38
libstudy,S7,BIM,0.9,PGD,0.4,16.2,15.0,0,38
libstudy,S7,BIM,0.9,PGD,0.5,16.2,15.0,0,38
libstudy,S7,BIM,0.9,PGD,0.6,16.2,15.0,0,38
libstudy,S7,BIM,0.9,PGD,0.7,16.2,15.0,0,38
libstudy,S7,BIM,0.9,PGD,0.8,16.2,15.0,0,38
libstudy,S7,BIM,0.9,PGD,0.9,16.2,15.0,0,38
libstudy,S7,BIM,0.9,PGD,1.0,16.2,15.0,0,38
libstudy,BLU,BIM,1.0,PGD,0.1,15.2,15.0,0,33
libstudy,BLU,BIM,1.0,PGD,0.2,15.2,15.0,0,33
libstudy,BLU,BIM,1.0,PGD,0.3,15.2,15.0,0,33
libstudy,BLU,BIM,1.0,PGD,0.4,15.2,15.0,0,33
libstudy,BLU,BIM,1.0,PGD,0.5,15.2,15.0,0,33
libstudy,BLU,BIM,1.0,PGD,0.6,15.2,15.0,0,33
libstudy,BLU,BIM,1.0,PGD,0.7,15.2,15.0,0,33
libstudy,BLU,BIM,1.0,PGD,0.8,15.2,15.0,0,33
libstudy,BLU,BIM,1.0,PGD,0.9,15.2,15.0,0,33
libstudy,BLU,BIM,1.0,PGD,1.0,15.2,15.0,0,33
libstudy,HTC,BIM,1.0,PGD,0.1,15.2,15.0,0,33
libstudy,HTC,BIM,1.0,PGD,0.2,15.2,15.0,0,33
libstudy,HTC,BIM,1.0,PGD,0.3,15.2,15.0,0,33
libstudy,HTC,BIM,1.0,PGD,0.4,15.2,15.0,0,33
libstudy,HTC,BIM,1.0,PGD,0.5,15.2,15.0,0,33
libstudy,HTC,BIM,1.0,PGD,0.6,15.2,15.0,0,33
libstudy,HTC,BIM,1.0,PGD,0.7,15.2,15.0,0,33
libstudy,HTC,BIM,1.0,PGD,0.8,15.2,15.0,0,33
libstudy,HTC,BIM,1.0,PGD,0.9,15.2,15.0,0,33
libstudy,HTC,BIM,1.0,PGD,1.0,15.2,15.0,0,33
libstudy,LG,BIM,1.0,PGD,0.1,15.2,15.0,0,33
libstudy,LG,BIM,1.0,PGD,0.2,15.2,15.0,0,33
libstudy,LG,BIM,1.0,PGD,0.3,15.2,15.0,0,33
libstudy,LG,BIM,1.0,PGD,0.4,15.2,15.0,0,33
libstudy,LG,BIM,1.0,PGD,0.5,15.2,15.0,0,33
libstudy,LG,BIM,1.0,PGD,0.6,15.2,15.0,0,33
libstudy,LG,BIM,1.0,PGD,0.7,15.2,15.0,0,33
libstudy,LG,BIM,1.0,PGD,0.8,15.2,15.0,0,33
libstudy,LG,BIM,1.0,PGD,0.9,15.2,15.0,0,33
libstudy,LG,BIM,1.0,PGD,1.0,15.2,15.0,0,33
libstudy,MOTO,BIM,1.0,PGD,0.1,15.2,15.0,0,33
libstudy,MOTO,BIM,1.0,PGD,0.2,15.2,15.0,0,33
libstudy,MOTO,BIM,1.0,PGD,0.3,15.2,15.0,0,33
libstudy,MOTO,BIM,1.0,PGD,0.4,15.2,15.0,0,33
libstudy,MOTO,BIM,1.0,PGD,0.5,15.2,15.0,0,33
libstudy,MOTO,BIM,1.0,PGD,0.6,15.2,15.0,0,33
libstudy,MOTO,BIM,1.0,PGD,0.7,15.2,15.0,0,33
libstudy,MOTO,BIM,1.0,PGD,0.8,15.2,15.0,0,33
libstudy,MOTO,BIM,1.0,PGD,0.9,15.2,15.0,0,33
libstudy,MOTO,BIM,1.0,PGD,1.0,15.2,15.0,0,33
libstudy,OP3,BIM,1.0,PGD,0.1,15.2,15.0,0,33
libstudy,OP3,BIM,1.0,PGD,0.2,15.2,15.0,0,33
libstudy,OP3,BIM,1.0,PGD,0.3,15.2,15.0,0,33
libstudy,OP3,BIM,1.0,PGD,0.4,15.2,15.0,0,33
libstudy,OP3,BIM,1.0,PGD,0.5,15.2,15.0,0,33
libstudy,OP3,BIM,1.0,PGD,0.6,15.2,15.0,0,33
libstudy,OP3,BIM,1.0,PGD,0.7,15.2,15.0,0,33
libstudy,OP3,BIM,1.0,PGD,0.8,15.2,15.0,0,33
libstudy,OP3,BIM,1.0,PGD,0.9,15.2,15.0,0,33
libstudy,OP3,BIM,1.0,PGD,1.0,15.2,15.0,0,33
libstudy,S7,BIM,1.0,PGD,0.1,15.2,15.0,0,33
libstudy,S7,BIM,1.0,PGD,0.2,15.2,15.0,0,33
libstudy,S7,BIM,1.0,PGD,0.3,15.2,15.0,0,33
libstudy,S7,BIM,1.0,PGD,0.4,15.2,15.0,0,33
libstudy,S7,BIM,1.0,PGD,0.5,15.2,15.0,0,33
libstudy,S7,BIM,1.0,PGD,0.6,15.2,15.0,0,33
libstudy,S7,BIM,1.0,PGD,0.7,15.2,15.0,0,33
libstudy,S7,BIM,1.0,PGD,0.8,15.2,15.0,0,33
libstudy,S7,BIM,1.0,PGD,0.9,15.2,15.0,0,33
libstudy,S7,BIM,1.0,PGD,1.0,15.2,15.0,0,33
libstudy,BLU,FGSM,0.1,MIM,0.1,15.5,15.0,0,35
libstudy,BLU,FGSM,0.1,MIM,0.2,15.5,15.0,0,35
libstudy,BLU,FGSM,0.1,MIM,0.3,15.5,15.0,0,35
libstudy,BLU,FGSM,0.1,MIM,0.4,15.5,15.0,0,35
libstudy,BLU,FGSM,0.1,MIM,0.5,15.5,15.0,0,35
libstudy,BLU,FGSM,0.1,MIM,0.6,15.5,15.0,0,35
libstudy,BLU,FGSM,0.1,MIM,0.7,15.5,15.0,0,35
libstudy,BLU,FGSM,0.1,MIM,0.8,15.5,15.0,0,35
libstudy,BLU,FGSM,0.1,MIM,0.9,15.5,15.0,0,35
libstudy,BLU,FGSM,0.1,MIM,1.0,15.5,15.0,0,35
libstudy,HTC,FGSM,0.1,MIM,0.1,15.5,15.0,0,35
libstudy,HTC,FGSM,0.1,MIM,0.2,15.5,15.0,0,35
libstudy,HTC,FGSM,0.1,MIM,0.3,15.5,15.0,0,35
libstudy,HTC,FGSM,0.1,MIM,0.4,15.5,15.0,0,35
libstudy,HTC,FGSM,0.1,MIM,0.5,15.5,15.0,0,35
libstudy,HTC,FGSM,0.1,MIM,0.6,15.5,15.0,0,35
libstudy,HTC,FGSM,0.1,MIM,0.7,15.5,15.0,0,35
libstudy,HTC,FGSM,0.1,MIM,0.8,15.5,15.0,0,35
libstudy,HTC,FGSM,0.1,MIM,0.9,15.5,15.0,0,35
libstudy,HTC,FGSM,0.1,MIM,1.0,15.5,15.0,0,35
libstudy,LG,FGSM,0.1,MIM,0.1,15.5,15.0,0,35
libstudy,LG,FGSM,0.1,MIM,0.2,15.5,15.0,0,35
libstudy,LG,FGSM,0.1,MIM,0.3,15.5,15.0,0,35
libstudy,LG,FGSM,0.1,MIM,0.4,15.5,15.0,0,35
libstudy,LG,FGSM,0.1,MIM,0.5,15.5,15.0,0,35
libstudy,LG,FGSM,0.1,MIM,0.6,15.5,15.0,0,35
libstudy,LG,FGSM,0.1,MIM,0.7,15.5,15.0,0,35
libstudy,LG,FGSM,0.1,MIM,0.8,15.5,15.0,0,35
libstudy,LG,FGSM,0.1,MIM,0.9,15.5,15.0,0,35
libstudy,LG,FGSM,0.1,MIM,1.0,15.5,15.0,0,35
libstudy,MOTO,FGSM,0.1,MIM,0.1,15.5,15.0,0,35
libstudy,MOTO,FGSM,0.1,MIM,0.2,15.5,15.0,0,35
libstudy,MOTO,FGSM,0.1,MIM,0.3,15.5,15.0,0,35
libstudy,MOTO,FGSM,0.1,MIM,0.4,15.5,15.0,0,35
libstudy,MOTO,FGSM,0.1,MIM,0.5,15.5,15.0,0,35
libstudy,MOTO,FGSM,0.1,MIM,0.6,15.5,15.0,0,35
libstudy,MOTO,FGSM,0.1,MIM,0.7,15.5,15.0,0,35
libstudy,MOTO,FGSM,0.1,MIM,0.8,15.5,15.0,0,35
libstudy,MOTO,FGSM,0.1,MIM,0.9,15.5,15.0,0,35
libstudy,MOTO,FGSM,0.1,MIM,1.0,15.5,15.0,0,35
libstudy,OP3,FGSM,0.1,MIM,0.1,15.5,15.0,0,35
libstudy,OP3,FGSM,0.1,MIM,0.2,15.5,15.0,0,35
libstudy,OP3,FGSM,0.1,MIM,0.3,15.5,15.0,0,35
libstudy,OP3,FGSM,0.1,MIM,0.4,15.5,15.0,0,35
libstudy,OP3,FGSM,0.1,MIM,0.5,15.5,15.0,0,35
libstudy,OP3,FGSM,0.1,MIM,0.6,15.5,15.0,0,35
libstudy,OP3,FGSM,0.1,MIM,0.7,15.5,15.0,0,35
libstudy,OP3,FGSM,0.1,MIM,0.8,15.5,15.0,0,35
libstudy,OP3,FGSM,0.1,MIM,0.9,15.5,15.0,0,35
libstudy,OP3,FGSM,0.1,MIM,1.0,15.5,15.0,0,35
libstudy,S7,FGSM,0.1,MIM,0.1,15.5,15.0,0,35
libstudy,S7,FGSM,0.1,MIM,0.2,15.5,15.0,0,35
libstudy,S7,FGSM,0.1,MIM,0.3,15.5,15.0,0,35
libstudy,S7,FGSM,0.1,MIM,0.4,15.5,15.0,0,35
libstudy,S7,FGSM,0.1,MIM,0.5,15.5,15.0,0,35
libstudy,S7,FGSM,0.1,MIM,0.6,15.5,15.0,0,35
libstudy,S7,FGSM,0.1,MIM,0.7,15.5,15.0,0,35
libstudy,S7,FGSM,0.1,MIM,0.8,15.5,15.0,0,35
libstudy,S7,FGSM,0.1,MIM,0.9,15.5,15.0,0,35
libstudy,S7,FGSM,0.1,MIM,1.0,15.5,15.0,0,35
libstudy,BLU,FGSM,0.2,MIM,0.1,25.0,24.5,0,54
libstudy,BLU,FGSM,0.2,MIM,0.2,25.0,24.5,0,54
libstudy,BLU,FGSM,0.2,MIM,0.3,25.0,24.5,0,54
libstudy,BLU,FGSM,0.2,MIM,0.4,25.0,24.5,0,54
libstudy,BLU,FGSM,0.2,MIM,0.5,25.0,24.5,0,54
libstudy,BLU,FGSM,0.2,MIM,0.6,25.0,24.5,0,54
libstudy,BLU,FGSM,0.2,MIM,0.7,25.0,24.5,0,54
libstudy,BLU,FGSM,0.2,MIM,0.8,25.0,24.5,0,54
libstudy,BLU,FGSM,0.2,MIM,0.9,25.0,24.5,0,54
libstudy,BLU,FGSM,0.2,MIM,1.0,25.0,24.5,0,54
libstudy,HTC,FGSM,0.2,MIM,0.1,25.0,24.5,0,54
libstudy,HTC,FGSM,0.2,MIM,0.2,25.0,24.5,0,54
libstudy,HTC,FGSM,0.2,MIM,0.3,25.0,24.5,0,54
libstudy,HTC,FGSM,0.2,MIM,0.4,25.0,24.5,0,54
libstudy,HTC,FGSM,0.2,MIM,0.5,25.0,24.5,0,54
libstudy,HTC,FGSM,0.2,MIM,0.6,25.0,24.5,0,54
libstudy,HTC,FGSM,0.2,MIM,0.7,25.0,24.5,0,54
libstudy,HTC,FGSM,0.2,MIM,0.8,25.0,24.5,0,54
libstudy,HTC,FGSM,0.2,MIM,0.9,25.0,24.5,0,54
libstudy,HTC,FGSM,0.2,MIM,1.0,25.0,24.5,0,54
libstudy,LG,FGSM,0.2,MIM,0.1,25.0,24.5,0,54
libstudy,LG,FGSM,0.2,MIM,0.2,25.0,24.5,0,54
libstudy,LG,FGSM,0.2,MIM,0.3,25.0,24.5,0,54
libstudy,LG,FGSM,0.2,MIM,0.4,25.0,24.5,0,54
libstudy,LG,FGSM,0.2,MIM,0.5,25.0,24.5,0,54
libstudy,LG,FGSM,0.2,MIM,0.6,25.0,24.5,0,54
libstudy,LG,FGSM,0.2,MIM,0.7,25.0,24.5,0,54
libstudy,LG,FGSM,0.2,MIM,0.8,25.0,24.5,0,54
libstudy,LG,FGSM,0.2,MIM,0.9,25.0,24.5,0,54
libstudy,LG,FGSM,0.2,MIM,1.0,25.0,24.5,0,54
libstudy,MOTO,FGSM,0.2,MIM,0.1,25.0,24.5,0,54
libstudy,MOTO,FGSM,0.2,MIM,0.2,25.0,24.5,0,54
libstudy,MOTO,FGSM,0.2,MIM,0.3,25.0,24.5,0,54
libstudy,MOTO,FGSM,0.2,MIM,0.4,25.0,24.5,0,54
libstudy,MOTO,FGSM,0.2,MIM,0.5,25.0,24.5,0,54
libstudy,MOTO,FGSM,0.2,MIM,0.6,25.0,24.5,0,54
libstudy,MOTO,FGSM,0.2,MIM,0.7,25.0,24.5,0,54
libstudy,MOTO,FGSM,0.2,MIM,0.8,25.0,24.5,0,54
libstudy,MOTO,FGSM,0.2,MIM,0.9,25.0,24.5,0,54
libstudy,MOTO,FGSM,0.2,MIM,1.0,25.0,24.5,0,54
libstudy,OP3,FGSM,0.2,MIM,0.1,25.0,24.5,0,54
libstudy,OP3,FGSM,0.2,MIM,0.2,25.0,24.5,0,54
libstudy,OP3,FGSM,0.2,MIM,0.3,25.0,24.5,0,54
libstudy,OP3,FGSM,0.2,MIM,0.4,25.0,24.5,0,54
libstudy,OP3,FGSM,0.2,MIM,0.5,25.0,24.5,0,54
libstudy,OP3,FGSM,0.2,MIM,0.6,25.0,24.5,0,54
libstudy,OP3,FGSM,0.2,MIM,0.7,25.0,24.5,0,54
libstudy,OP3,FGSM,0.2,MIM,0.8,25.0,24.5,0,54
libstudy,OP3,FGSM,0.2,MIM,0.9,25.0,24.5,0,54
libstudy,OP3,FGSM,0.2,MIM,1.0,25.0,24.5,0,54
libstudy,S7,FGSM,0.2,MIM,0.1,25.0,24.5,0,54
libstudy,S7,FGSM,0.2,MIM,0.2,25.0,24.5,0,54
libstudy,S7,FGSM,0.2,MIM,0.3,25.0,24.5,0,54
libstudy,S7,FGSM,0.2,MIM,0.4,25.0,24.5,0,54
libstudy,S7,FGSM,0.2,MIM,0.5,25.0,24.5,0,54
libstudy,S7,FGSM,0.2,MIM,0.6,25.0,24.5,0,54
libstudy,S7,FGSM,0.2,MIM,0.7,25.0,24.5,0,54
libstudy,S7,FGSM,0.2,MIM,0.8,25.0,24.5,0,54
libstudy,S7,FGSM,0.2,MIM,0.9,25.0,24.5,0,54
libstudy,S7,FGSM,0.2,MIM,1.0,25.0,24.5,0,54
libstudy,BLU,FGSM,0.3,MIM,0.1,24.2,23.5,0,53
libstudy,BLU,FGSM,0.3,MIM,0.2,24.2,23.5,0,53
libstudy,BLU,FGSM,0.3,MIM,0.3,24.2,23.5,0,53
libstudy,BLU,FGSM,0.3,MIM,0.4,24.2,23.5,0,53
libstudy,BLU,FGSM,0.3,MIM,0.5,24.2,23.5,0,53
libstudy,BLU,FGSM,0.3,MIM,0.6,24.2,23.5,0,53
libstudy,BLU,FGSM,0.3,MIM,0.7,24.2,23.5,0,53
libstudy,BLU,FGSM,0.3,MIM,0.8,24.2,23.5,0,53
libstudy,BLU,FGSM,0.3,MIM,0.9,24.2,23.5,0,53
libstudy,BLU,FGSM,0.3,MIM,1.0,24.2,23.5,0,53
libstudy,HTC,FGSM,0.3,MIM,0.1,24.2,23.5,0,53
libstudy,HTC,FGSM,0.3,MIM,0.2,24.2,23.5,0,53
libstudy,HTC,FGSM,0.3,MIM,0.3,24.2,23.5,0,53
libstudy,HTC,FGSM,0.3,MIM,0.4,24.2,23.5,0,53
libstudy,HTC,FGSM,0.3,MIM,0.5,24.2,23.5,0,53
libstudy,HTC,FGSM,0.3,MIM,0.6,24.2,23.5,0,53
libstudy,HTC,FGSM,0.3,MIM,0.7,24.2,23.5,0,53
libstudy,HTC,FGSM,0.3,MIM,0.8,24.2,23.5,0,53
libstudy,HTC,FGSM,0.3,MIM,0.9,24.2,23.5,0,53
libstudy,HTC,FGSM,0.3,MIM,1.0,24.2,23.5,0,53
libstudy,LG,FGSM,0.3,MIM,0.1,24.2,23.5,0,53
libstudy,LG,FGSM,0.3,MIM,0.2,24.2,23.5,0,53
libstudy,LG,FGSM,0.3,MIM,0.3,24.2,23.5,0,53
libstudy,LG,FGSM,0.3,MIM,0.4,24.2,23.5,0,53
libstudy,LG,FGSM,0.3,MIM,0.5,24.2,23.5,0,53
libstudy,LG,FGSM,0.3,MIM,0.6,24.2,23.5,0,53
libstudy,LG,FGSM,0.3,MIM,0.7,24.2,23.5,0,53
libstudy,LG,FGSM,0.3,MIM,0.8,24.2,23.5,0,53
libstudy,LG,FGSM,0.3,MIM,0.9,24.2,23.5,0,53
libstudy,LG,FGSM,0.3,MIM,1.0,24.2,23.5,0,53
libstudy,MOTO,FGSM,0.3,MIM,0.1,24.2,23.5,0,53
libstudy,MOTO,FGSM,0.3,MIM,0.2,24.2,23.5,0,53
libstudy,MOTO,FGSM,0.3,MIM,0.3,24.2,23.5,0,53
libstudy,MOTO,FGSM,0.3,MIM,0.4,24.2,23.5,0,53
libstudy,MOTO,FGSM,0.3,MIM,0.5,24.2,23.5,0,53
libstudy,MOTO,FGSM,0.3,MIM,0.6,24.2,23.5,0,53
libstudy,MOTO,FGSM,0.3,MIM,0.7,24.2,23.5,0,53
libstudy,MOTO,FGSM,0.3,MIM,0.8,24.2,23.5,0,53
libstudy,MOTO,FGSM,0.3,MIM,0.9,24.2,23.5,0,53
libstudy,MOTO,FGSM,0.3,MIM,1.0,24.2,23.5,0,53
libstudy,OP3,FGSM,0.3,MIM,0.1,24.2,23.5,0,53
libstudy,OP3,FGSM,0.3,MIM,0.2,24.2,23.5,0,53
libstudy,OP3,FGSM,0.3,MIM,0.3,24.2,23.5,0,53
libstudy,OP3,FGSM,0.3,MIM,0.4,24.2,23.5,0,53
libstudy,OP3,FGSM,0.3,MIM,0.5,24.2,23.5,0,53
libstudy,OP3,FGSM,0.3,MIM,0.6,24.2,23.5,0,53
libstudy,OP3,FGSM,0.3,MIM,0.7,24.2,23.5,0,53
libstudy,OP3,FGSM,0.3,MIM,0.8,24.2,23.5,0,53
libstudy,OP3,FGSM,0.3,MIM,0.9,24.2,23.5,0,53
libstudy,OP3,FGSM,0.3,MIM,1.0,24.2,23.5,0,53
libstudy,S7,FGSM,0.3,MIM,0.1,24.2,23.5,0,53
libstudy,S7,FGSM,0.3,MIM,0.2,24.2,23.5,0,53
libstudy,S7,FGSM,0.3,MIM,0.3,24.2,23.5,0,53
libstudy,S7,FGSM,0.3,MIM,0.4,24.2,23.5,0,53
libstudy,S7,FGSM,0.3,MIM,0.5,24.2,23.5,0,53
libstudy,S7,FGSM,0.3,MIM,0.6,24.2,23.5,0,53
libstudy,S7,FGSM,0.3,MIM,0.7,24.2,23.5,0,53
libstudy,S7,FGSM,0.3,MIM,0.8,24.2,23.5,0,53
libstudy,S7,FGSM,0.3,MIM,0.9,24.2,23.5,0,53
libstudy,S7,FGSM,0.3,MIM,1.0,24.2,23.5,0,53
libstudy,BLU,FGSM,0.4,MIM,0.1,16.833333333333332,15.0,0,40
libstudy,BLU,FGSM,0.4,MIM,0.2,16.833333333333332,15.0,0,40
libstudy,BLU,FGSM,0.4,MIM,0.3,16.833333333333332,15.0,0,40
libstudy,BLU,FGSM,0.4,MIM,0.4,16.833333333333332,15.0,0,40
libstudy,BLU,FGSM,0.4,MIM,0.5,16.833333333333332,15.0,0,40
libstudy,BLU,FGSM,0.4,MIM,0.6,16.833333333333332,15.0,0,40
libstudy,BLU,FGSM,0.4,MIM,0.7,16.833333333333332,15.0,0,40
libstudy,BLU,FGSM,0.4,MIM,0.8,16.833333333333332,15.0,0,40
libstudy,BLU,FGSM,0.4,MIM,0.9,16.833333333333332,15.0,0,40
libstudy,BLU,FGSM,0.4,MIM,1.0,16.833333333333332,15.0,0,40
libstudy,HTC,FGSM,0.4,MIM,0.1,16.833333333333332,15.0,0,40
libstudy,HTC,FGSM,0.4,MIM,0.2,16.833333333333332,15.0,0,40
libstudy,HTC,FGSM,0.4,MIM,0.3,16.833333333333332,15.0,0,40
libstudy,HTC,FGSM,0.4,MIM,0.4,16.833333333333332,15.0,0,40
libstudy,HTC,FGSM,0.4,MIM,0.5,16.833333333333332,15.0,0,40
libstudy,HTC,FGSM,0.4,MIM,0.6,16.833333333333332,15.0,0,40
libstudy,HTC,FGSM,0.4,MIM,0.7,16.833333333333332,15.0,0,40
libstudy,HTC,FGSM,0.4,MIM,0.8,16.833333333333332,15.0,0,40
libstudy,HTC,FGSM,0.4,MIM,0.9,16.833333333333332,15.0,0,40
libstudy,HTC,FGSM,0.4,MIM,1.0,16.833333333333332,15.0,0,40
libstudy,LG,FGSM,0.4,MIM,0.1,16.833333333333332,15.0,0,40
libstudy,LG,FGSM,0.4,MIM,0.2,16.833333333333332,15.0,0,40
libstudy,LG,FGSM,0.4,MIM,0.3,16.833333333333332,15.0,0,40
libstudy,LG,FGSM,0.4,MIM,0.4,16.833333333333332,15.0,0,40
libstudy,LG,FGSM,0.4,MIM,0.5,16.833333333333332,15.0,0,40
libstudy,LG,FGSM,0.4,MIM,0.6,16.833333333333332,15.0,0,40
libstudy,LG,FGSM,0.4,MIM,0.7,16.833333333333332,15.0,0,40
libstudy,LG,FGSM,0.4,MIM,0.8,16.833333333333332,15.0,0,40
libstudy,LG,FGSM,0.4,MIM,0.9,16.833333333333332,15.0,0,40
libstudy,LG,FGSM,0.4,MIM,1.0,16.833333333333332,15.0,0,40
libstudy,MOTO,FGSM,0.4,MIM,0.1,16.833333333333332,15.0,0,40
libstudy,MOTO,FGSM,0.4,MIM,0.2,16.833333333333332,15.0,0,40
libstudy,MOTO,FGSM,0.4,MIM,0.3,16.833333333333332,15.0,0,40
libstudy,MOTO,FGSM,0.4,MIM,0.4,16.833333333333332,15.0,0,40
libstudy,MOTO,FGSM,0.4,MIM,0.5,16.833333333333332,15.0,0,40
libstudy,MOTO,FGSM,0.4,MIM,0.6,16.833333333333332,15.0,0,40
libstudy,MOTO,FGSM,0.4,MIM,0.7,16.833333333333332,15.0,0,40
libstudy,MOTO,FGSM,0.4,MIM,0.8,16.833333333333332,15.0,0,40
libstudy,MOTO,FGSM,0.4,MIM,0.9,16.833333333333332,15.0,0,40
libstudy,MOTO,FGSM,0.4,MIM,1.0,16.833333333333332,15.0,0,40
libstudy,OP3,FGSM,0.4,MIM,0.1,16.833333333333332,15.0,0,40
libstudy,OP3,FGSM,0.4,MIM,0.2,16.833333333333332,15.0,0,40
libstudy,OP3,FGSM,0.4,MIM,0.3,16.833333333333332,15.0,0,40
libstudy,OP3,FGSM,0.4,MIM,0.4,16.833333333333332,15.0,0,40
libstudy,OP3,FGSM,0.4,MIM,0.5,16.833333333333332,15.0,0,40
libstudy,OP3,FGSM,0.4,MIM,0.6,16.833333333333332,15.0,0,40
libstudy,OP3,FGSM,0.4,MIM,0.7,16.833333333333332,15.0,0,40
libstudy,OP3,FGSM,0.4,MIM,0.8,16.833333333333332,15.0,0,40
libstudy,OP3,FGSM,0.4,MIM,0.9,16.833333333333332,15.0,0,40
libstudy,OP3,FGSM,0.4,MIM,1.0,16.833333333333332,15.0,0,40
libstudy,S7,FGSM,0.4,MIM,0.1,16.833333333333332,15.0,0,40
libstudy,S7,FGSM,0.4,MIM,0.2,16.833333333333332,15.0,0,40
libstudy,S7,FGSM,0.4,MIM,0.3,16.833333333333332,15.0,0,40
libstudy,S7,FGSM,0.4,MIM,0.4,16.833333333333332,15.0,0,40
libstudy,S7,FGSM,0.4,MIM,0.5,16.833333333333332,15.0,0,40
libstudy,S7,FGSM,0.4,MIM,0.6,16.833333333333332,15.0,0,40
libstudy,S7,FGSM,0.4,MIM,0.7,16.833333333333332,15.0,0,40
libstudy,S7,FGSM,0.4,MIM,0.8,16.833333333333332,15.0,0,40
libstudy,S7,FGSM,0.4,MIM,0.9,16.833333333333332,15.0,0,40
libstudy,S7,FGSM,0.4,MIM,1.0,16.833333333333332,15.0,0,40
libstudy,BLU,FGSM,0.5,MIM,0.1,15.7,15.0,0,36
libstudy,BLU,FGSM,0.5,MIM,0.2,15.7,15.0,0,36
libstudy,BLU,FGSM,0.5,MIM,0.3,15.7,15.0,0,36
libstudy,BLU,FGSM,0.5,MIM,0.4,15.7,15.0,0,36
libstudy,BLU,FGSM,0.5,MIM,0.5,15.7,15.0,0,36
libstudy,BLU,FGSM,0.5,MIM,0.6,15.7,15.0,0,36
libstudy,BLU,FGSM,0.5,MIM,0.7,15.7,15.0,0,36
libstudy,BLU,FGSM,0.5,MIM,0.8,15.7,15.0,0,36
libstudy,BLU,FGSM,0.5,MIM,0.9,15.7,15.0,0,36
libstudy,BLU,FGSM,0.5,MIM,1.0,15.7,15.0,0,36
libstudy,HTC,FGSM,0.5,MIM,0.1,15.7,15.0,0,36
libstudy,HTC,FGSM,0.5,MIM,0.2,15.7,15.0,0,36
libstudy,HTC,FGSM,0.5,MIM,0.3,15.7,15.0,0,36
libstudy,HTC,FGSM,0.5,MIM,0.4,15.7,15.0,0,36
libstudy,HTC,FGSM,0.5,MIM,0.5,15.7,15.0,0,36
libstudy,HTC,FGSM,0.5,MIM,0.6,15.7,15.0,0,36
libstudy,HTC,FGSM,0.5,MIM,0.7,15.7,15.0,0,36
libstudy,HTC,FGSM,0.5,MIM,0.8,15.7,15.0,0,36
libstudy,HTC,FGSM,0.5,MIM,0.9,15.7,15.0,0,36
libstudy,HTC,FGSM,0.5,MIM,1.0,15.7,15.0,0,36
libstudy,LG,FGSM,0.5,MIM,0.1,15.7,15.0,0,36
libstudy,LG,FGSM,0.5,MIM,0.2,15.7,15.0,0,36
libstudy,LG,FGSM,0.5,MIM,0.3,15.7,15.0,0,36
libstudy,LG,FGSM,0.5,MIM,0.4,15.7,15.0,0,36
libstudy,LG,FGSM,0.5,MIM,0.5,15.7,15.0,0,36
libstudy,LG,FGSM,0.5,MIM,0.6,15.7,15.0,0,36
libstudy,LG,FGSM,0.5,MIM,0.7,15.7,15.0,0,36
libstudy,LG,FGSM,0.5,MIM,0.8,15.7,15.0,0,36
libstudy,LG,FGSM,0.5,MIM,0.9,15.7,15.0,0,36
libstudy,LG,FGSM,0.5,MIM,1.0,15.7,15.0,0,36
libstudy,MOTO,FGSM,0.5,MIM,0.1,15.7,15.0,0,36
libstudy,MOTO,FGSM,0.5,MIM,0.2,15.7,15.0,0,36
libstudy,MOTO,FGSM,0.5,MIM,0.3,15.7,15.0,0,36
libstudy,MOTO,FGSM,0.5,MIM,0.4,15.7,15.0,0,36
libstudy,MOTO,FGSM,0.5,MIM,0.5,15.7,15.0,0,36
libstudy,MOTO,FGSM,0.5,MIM,0.6,15.7,15.0,0,36
libstudy,MOTO,FGSM,0.5,MIM,0.7,15.7,15.0,0,36
libstudy,MOTO,FGSM,0.5,MIM,0.8,15.7,15.0,0,36
libstudy,MOTO,FGSM,0.5,MIM,0.9,15.7,15.0,0,36
libstudy,MOTO,FGSM,0.5,MIM,1.0,15.7,15.0,0,36
libstudy,OP3,FGSM,0.5,MIM,0.1,15.7,15.0,0,36
libstudy,OP3,FGSM,0.5,MIM,0.2,15.7,15.0,0,36
libstudy,OP3,FGSM,0.5,MIM,0.3,15.7,15.0,0,36
libstudy,OP3,FGSM,0.5,MIM,0.4,15.7,15.0,0,36
libstudy,OP3,FGSM,0.5,MIM,0.5,15.7,15.0,0,36
libstudy,OP3,FGSM,0.5,MIM,0.6,15.7,15.0,0,36
libstudy,OP3,FGSM,0.5,MIM,0.7,15.7,15.0,0,36
libstudy,OP3,FGSM,0.5,MIM,0.8,15.7,15.0,0,36
libstudy,OP3,FGSM,0.5,MIM,0.9,15.7,15.0,0,36
libstudy,OP3,FGSM,0.5,MIM,1.0,15.7,15.0,0,36
libstudy,S7,FGSM,0.5,MIM,0.1,15.7,15.0,0,36
libstudy,S7,FGSM,0.5,MIM,0.2,15.7,15.0,0,36
libstudy,S7,FGSM,0.5,MIM,0.3,15.7,15.0,0,36
libstudy,S7,FGSM,0.5,MIM,0.4,15.7,15.0,0,36
libstudy,S7,FGSM,0.5,MIM,0.5,15.7,15.0,0,36
libstudy,S7,FGSM,0.5,MIM,0.6,15.7,15.0,0,36
libstudy,S7,FGSM,0.5,MIM,0.7,15.7,15.0,0,36
libstudy,S7,FGSM,0.5,MIM,0.8,15.7,15.0,0,36
libstudy,S7,FGSM,0.5,MIM,0.9,15.7,15.0,0,36
libstudy,S7,FGSM,0.5,MIM,1.0,15.7,15.0,0,36
libstudy,BLU,FGSM,0.6,MIM,0.1,26.7,26.5,0,56
libstudy,BLU,FGSM,0.6,MIM,0.2,26.7,26.5,0,56
libstudy,BLU,FGSM,0.6,MIM,0.3,26.7,26.5,0,56
libstudy,BLU,FGSM,0.6,MIM,0.4,26.7,26.5,0,56
libstudy,BLU,FGSM,0.6,MIM,0.5,26.7,26.5,0,56
libstudy,BLU,FGSM,0.6,MIM,0.6,26.7,26.5,0,56
libstudy,BLU,FGSM,0.6,MIM,0.7,26.7,26.5,0,56
libstudy,BLU,FGSM,0.6,MIM,0.8,26.7,26.5,0,56
libstudy,BLU,FGSM,0.6,MIM,0.9,26.7,26.5,0,56
libstudy,BLU,FGSM,0.6,MIM,1.0,26.7,26.5,0,56
libstudy,HTC,FGSM,0.6,MIM,0.1,26.7,26.5,0,56
libstudy,HTC,FGSM,0.6,MIM,0.2,26.7,26.5,0,56
libstudy,HTC,FGSM,0.6,MIM,0.3,26.7,26.5,0,56
libstudy,HTC,FGSM,0.6,MIM,0.4,26.7,26.5,0,56
libstudy,HTC,FGSM,0.6,MIM,0.5,26.7,26.5,0,56
libstudy,HTC,FGSM,0.6,MIM,0.6,26.7,26.5,0,56
libstudy,HTC,FGSM,0.6,MIM,0.7,26.7,26.5,0,56
libstudy,HTC,FGSM,0.6,MIM,0.8,26.7,26.5,0,56
libstudy,HTC,FGSM,0.6,MIM,0.9,26.7,26.5,0,56
libstudy,HTC,FGSM,0.6,MIM,1.0,26.7,26.5,0,56
libstudy,LG,FGSM,0.6,MIM,0.1,26.7,26.5,0,56
libstudy,LG,FGSM,0.6,MIM,0.2,26.7,26.5,0,56
libstudy,LG,FGSM,0.6,MIM,0.3,26.7,26.5,0,56
libstudy,LG,FGSM,0.6,MIM,0.4,26.7,26.5,0,56
libstudy,LG,FGSM,0.6,MIM,0.5,26.7,26.5,0,56
libstudy,LG,FGSM,0.6,MIM,0.6,26.7,26.5,0,56
libstudy,LG,FGSM,0.6,MIM,0.7,26.7,26.5,0,56
libstudy,LG,FGSM,0.6,MIM,0.8,26.7,26.5,0,56
libstudy,LG,FGSM,0.6,MIM,0.9,26.7,26.5,0,56
libstudy,LG,FGSM,0.6,MIM,1.0,26.7,26.5,0,56
libstudy,MOTO,FGSM,0.6,MIM,0.1,26.7,26.5,0,56
libstudy,MOTO,FGSM,0.6,MIM,0.2,26.7,26.5,0,56
libstudy,MOTO,FGSM,0.6,MIM,0.3,26.7,26.5,0,56
libstudy,MOTO,FGSM,0.6,MIM,0.4,26.7,26.5,0,56
libstudy,MOTO,FGSM,0.6,MIM,0.5,26.7,26.5,0,56
libstudy,MOTO,FGSM,0.6,MIM,0.6,26.7,26.5,0,56
libstudy,MOTO,FGSM,0.6,MIM,0.7,26.7,26.5,0,56
libstudy,MOTO,FGSM,0.6,MIM,0.8,26.7,26.5,0,56
libstudy,MOTO,FGSM,0.6,MIM,0.9,26.7,26.5,0,56
libstudy,MOTO,FGSM,0.6,MIM,1.0,26.7,26.5,0,56
libstudy,OP3,FGSM,0.6,MIM,0.1,26.7,26.5,0,56
libstudy,OP3,FGSM,0.6,MIM,0.2,26.7,26.5,0,56
libstudy,OP3,FGSM,0.6,MIM,0.3,26.7,26.5,0,56
libstudy,OP3,FGSM,0.6,MIM,0.4,26.7,26.5,0,56
libstudy,OP3,FGSM,0.6,MIM,0.5,26.7,26.5,0,56
libstudy,OP3,FGSM,0.6,MIM,0.6,26.7,26.5,0,56
libstudy,OP3,FGSM,0.6,MIM,0.7,26.7,26.5,0,56
libstudy,OP3,FGSM,0.6,MIM,0.8,26.7,26.5,0,56
libstudy,OP3,FGSM,0.6,MIM,0.9,26.7,26.5,0,56
libstudy,OP3,FGSM,0.6,MIM,1.0,26.7,26.5,0,56
libstudy,S7,FGSM,0.6,MIM,0.1,26.7,26.5,0,56
libstudy,S7,FGSM,0.6,MIM,0.2,26.7,26.5,0,56
libstudy,S7,FGSM,0.6,MIM,0.3,26.7,26.5,0,56
libstudy,S7,FGSM,0.6,MIM,0.4,26.7,26.5,0,56
libstudy,S7,FGSM,0.6,MIM,0.5,26.7,26.5,0,56
libstudy,S7,FGSM,0.6,MIM,0.6,26.7,26.5,0,56
libstudy,S7,FGSM,0.6,MIM,0.7,26.7,26.5,0,56
libstudy,S7,FGSM,0.6,MIM,0.8,26.7,26.5,0,56
libstudy,S7,FGSM,0.6,MIM,0.9,26.7,26.5,0,56
libstudy,S7,FGSM,0.6,MIM,1.0,26.7,26.5,0,56
libstudy,BLU,FGSM,0.7,MIM,0.1,15.933333333333334,15.0,0,37
libstudy,BLU,FGSM,0.7,MIM,0.2,15.933333333333334,15.0,0,37
libstudy,BLU,FGSM,0.7,MIM,0.3,15.933333333333334,15.0,0,37
libstudy,BLU,FGSM,0.7,MIM,0.4,15.933333333333334,15.0,0,37
libstudy,BLU,FGSM,0.7,MIM,0.5,15.933333333333334,15.0,0,37
libstudy,BLU,FGSM,0.7,MIM,0.6,15.933333333333334,15.0,0,37
libstudy,BLU,FGSM,0.7,MIM,0.7,15.933333333333334,15.0,0,37
libstudy,BLU,FGSM,0.7,MIM,0.8,15.933333333333334,15.0,0,37
libstudy,BLU,FGSM,0.7,MIM,0.9,15.933333333333334,15.0,0,37
libstudy,BLU,FGSM,0.7,MIM,1.0,15.933333333333334,15.0,0,37
libstudy,HTC,FGSM,0.7,MIM,0.1,15.933333333333334,15.0,0,37
libstudy,HTC,FGSM,0.7,MIM,0.2,15.933333333333334,15.0,0,37
libstudy,HTC,FGSM,0.7,MIM,0.3,15.933333333333334,15.0,0,37
libstudy,HTC,FGSM,0.7,MIM,0.4,15.933333333333334,15.0,0,37
libstudy,HTC,FGSM,0.7,MIM,0.5,15.933333333333334,15.0,0,37
libstudy,HTC,FGSM,0.7,MIM,0.6,15.933333333333334,15.0,0,37
libstudy,HTC,FGSM,0.7,MIM,0.7,15.933333333333334,15.0,0,37
libstudy,HTC,FGSM,0.7,MIM,0.8,15.933333333333334,15.0,0,37
libstudy,HTC,FGSM,0.7,MIM,0.9,15.933333333333334,15.0,0,37
libstudy,HTC,FGSM,0.7,MIM,1.0,15.933333333333334,15.0,0,37
libstudy,LG,FGSM,0.7,MIM,0.1,15.933333333333334,15.0,0,37
libstudy,LG,FGSM,0.7,MIM,0.2,15.933333333333334,15.0,0,37
libstudy,LG,FGSM,0.7,MIM,0.3,15.933333333333334,15.0,0,37
libstudy,LG,FGSM,0.7,MIM,0.4,15.933333333333334,15.0,0,37
libstudy,LG,FGSM,0.7,MIM,0.5,15.933333333333334,15.0,0,37
libstudy,LG,FGSM,0.7,MIM,0.6,15.933333333333334,15.0,0,37
libstudy,LG,FGSM,0.7,MIM,0.7,15.933333333333334,15.0,0,37
libstudy,LG,FGSM,0.7,MIM,0.8,15.933333333333334,15.0,0,37
libstudy,LG,FGSM,0.7,MIM,0.9,15.933333333333334,15.0,0,37
libstudy,LG,FGSM,0.7,MIM,1.0,15.933333333333334,15.0,0,37
libstudy,MOTO,FGSM,0.7,MIM,0.1,15.933333333333334,15.0,0,37
libstudy,MOTO,FGSM,0.7,MIM,0.2,15.933333333333334,15.0,0,37
libstudy,MOTO,FGSM,0.7,MIM,0.3,15.933333333333334,15.0,0,37
libstudy,MOTO,FGSM,0.7,MIM,0.4,15.933333333333334,15.0,0,37
libstudy,MOTO,FGSM,0.7,MIM,0.5,15.933333333333334,15.0,0,37
libstudy,MOTO,FGSM,0.7,MIM,0.6,15.933333333333334,15.0,0,37
libstudy,MOTO,FGSM,0.7,MIM,0.7,15.933333333333334,15.0,0,37
libstudy,MOTO,FGSM,0.7,MIM,0.8,15.933333333333334,15.0,0,37
libstudy,MOTO,FGSM,0.7,MIM,0.9,15.933333333333334,15.0,0,37
libstudy,MOTO,FGSM,0.7,MIM,1.0,15.933333333333334,15.0,0,37
libstudy,OP3,FGSM,0.7,MIM,0.1,15.933333333333334,15.0,0,37
libstudy,OP3,FGSM,0.7,MIM,0.2,15.933333333333334,15.0,0,37
libstudy,OP3,FGSM,0.7,MIM,0.3,15.933333333333334,15.0,0,37
libstudy,OP3,FGSM,0.7,MIM,0.4,15.933333333333334,15.0,0,37
libstudy,OP3,FGSM,0.7,MIM,0.5,15.933333333333334,15.0,0,37
libstudy,OP3,FGSM,0.7,MIM,0.6,15.933333333333334,15.0,0,37
libstudy,OP3,FGSM,0.7,MIM,0.7,15.933333333333334,15.0,0,37
libstudy,OP3,FGSM,0.7,MIM,0.8,15.933333333333334,15.0,0,37
libstudy,OP3,FGSM,0.7,MIM,0.9,15.933333333333334,15.0,0,37
libstudy,OP3,FGSM,0.7,MIM,1.0,15.933333333333334,15.0,0,37
libstudy,S7,FGSM,0.7,MIM,0.1,15.933333333333334,15.0,0,37
libstudy,S7,FGSM,0.7,MIM,0.2,15.933333333333334,15.0,0,37
libstudy,S7,FGSM,0.7,MIM,0.3,15.933333333333334,15.0,0,37
libstudy,S7,FGSM,0.7,MIM,0.4,15.933333333333334,15.0,0,37
libstudy,S7,FGSM,0.7,MIM,0.5,15.933333333333334,15.0,0,37
libstudy,S7,FGSM,0.7,MIM,0.6,15.933333333333334,15.0,0,37
libstudy,S7,FGSM,0.7,MIM,0.7,15.933333333333334,15.0,0,37
libstudy,S7,FGSM,0.7,MIM,0.8,15.933333333333334,15.0,0,37
libstudy,S7,FGSM,0.7,MIM,0.9,15.933333333333334,15.0,0,37
libstudy,S7,FGSM,0.7,MIM,1.0,15.933333333333334,15.0,0,37
libstudy,BLU,FGSM,0.8,MIM,0.1,24.2,23.5,0,53
libstudy,BLU,FGSM,0.8,MIM,0.2,24.2,23.5,0,53
libstudy,BLU,FGSM,0.8,MIM,0.3,24.2,23.5,0,53
libstudy,BLU,FGSM,0.8,MIM,0.4,24.2,23.5,0,53
libstudy,BLU,FGSM,0.8,MIM,0.5,24.2,23.5,0,53
libstudy,BLU,FGSM,0.8,MIM,0.6,24.2,23.5,0,53
libstudy,BLU,FGSM,0.8,MIM,0.7,24.2,23.5,0,53
libstudy,BLU,FGSM,0.8,MIM,0.8,24.2,23.5,0,53
libstudy,BLU,FGSM,0.8,MIM,0.9,24.2,23.5,0,53
libstudy,BLU,FGSM,0.8,MIM,1.0,24.2,23.5,0,53
libstudy,HTC,FGSM,0.8,MIM,0.1,24.2,23.5,0,53
libstudy,HTC,FGSM,0.8,MIM,0.2,24.2,23.5,0,53
libstudy,HTC,FGSM,0.8,MIM,0.3,24.2,23.5,0,53
libstudy,HTC,FGSM,0.8,MIM,0.4,24.2,23.5,0,53
libstudy,HTC,FGSM,0.8,MIM,0.5,24.2,23.5,0,53
libstudy,HTC,FGSM,0.8,MIM,0.6,24.2,23.5,0,53
libstudy,HTC,FGSM,0.8,MIM,0.7,24.2,23.5,0,53
libstudy,HTC,FGSM,0.8,MIM,0.8,24.2,23.5,0,53
libstudy,HTC,FGSM,0.8,MIM,0.9,24.2,23.5,0,53
libstudy,HTC,FGSM,0.8,MIM,1.0,24.2,23.5,0,53
libstudy,LG,FGSM,0.8,MIM,0.1,24.2,23.5,0,53
libstudy,LG,FGSM,0.8,MIM,0.2,24.2,23.5,0,53
libstudy,LG,FGSM,0.8,MIM,0.3,24.2,23.5,0,53
libstudy,LG,FGSM,0.8,MIM,0.4,24.2,23.5,0,53
libstudy,LG,FGSM,0.8,MIM,0.5,24.2,23.5,0,53
libstudy,LG,FGSM,0.8,MIM,0.6,24.2,23.5,0,53
libstudy,LG,FGSM,0.8,MIM,0.7,24.2,23.5,0,53
libstudy,LG,FGSM,0.8,MIM,0.8,24.2,23.5,0,53
libstudy,LG,FGSM,0.8,MIM,0.9,24.2,23.5,0,53
libstudy,LG,FGSM,0.8,MIM,1.0,24.2,23.5,0,53
libstudy,MOTO,FGSM,0.8,MIM,0.1,24.2,23.5,0,53
libstudy,MOTO,FGSM,0.8,MIM,0.2,24.2,23.5,0,53
libstudy,MOTO,FGSM,0.8,MIM,0.3,24.2,23.5,0,53
libstudy,MOTO,FGSM,0.8,MIM,0.4,24.2,23.5,0,53
libstudy,MOTO,FGSM,0.8,MIM,0.5,24.2,23.5,0,53
libstudy,MOTO,FGSM,0.8,MIM,0.6,24.2,23.5,0,53
libstudy,MOTO,FGSM,0.8,MIM,0.7,24.2,23.5,0,53
libstudy,MOTO,FGSM,0.8,MIM,0.8,24.2,23.5,0,53
libstudy,MOTO,FGSM,0.8,MIM,0.9,24.2,23.5,0,53
libstudy,MOTO,FGSM,0.8,MIM,1.0,24.2,23.5,0,53
libstudy,OP3,FGSM,0.8,MIM,0.1,24.2,23.5,0,53
libstudy,OP3,FGSM,0.8,MIM,0.2,24.2,23.5,0,53
libstudy,OP3,FGSM,0.8,MIM,0.3,24.2,23.5,0,53
libstudy,OP3,FGSM,0.8,MIM,0.4,24.2,23.5,0,53
libstudy,OP3,FGSM,0.8,MIM,0.5,24.2,23.5,0,53
libstudy,OP3,FGSM,0.8,MIM,0.6,24.2,23.5,0,53
libstudy,OP3,FGSM,0.8,MIM,0.7,24.2,23.5,0,53
libstudy,OP3,FGSM,0.8,MIM,0.8,24.2,23.5,0,53
libstudy,OP3,FGSM,0.8,MIM,0.9,24.2,23.5,0,53
libstudy,OP3,FGSM,0.8,MIM,1.0,24.2,23.5,0,53
libstudy,S7,FGSM,0.8,MIM,0.1,24.2,23.5,0,53
libstudy,S7,FGSM,0.8,MIM,0.2,24.2,23.5,0,53
libstudy,S7,FGSM,0.8,MIM,0.3,24.2,23.5,0,53
libstudy,S7,FGSM,0.8,MIM,0.4,24.2,23.5,0,53
libstudy,S7,FGSM,0.8,MIM,0.5,24.2,23.5,0,53
libstudy,S7,FGSM,0.8,MIM,0.6,24.2,23.5,0,53
libstudy,S7,FGSM,0.8,MIM,0.7,24.2,23.5,0,53
libstudy,S7,FGSM,0.8,MIM,0.8,24.2,23.5,0,53
libstudy,S7,FGSM,0.8,MIM,0.9,24.2,23.5,0,53
libstudy,S7,FGSM,0.8,MIM,1.0,24.2,23.5,0,53
libstudy,BLU,FGSM,0.9,MIM,0.1,25.0,24.5,0,54
libstudy,BLU,FGSM,0.9,MIM,0.2,25.0,24.5,0,54
libstudy,BLU,FGSM,0.9,MIM,0.3,25.0,24.5,0,54
libstudy,BLU,FGSM,0.9,MIM,0.4,25.0,24.5,0,54
libstudy,BLU,FGSM,0.9,MIM,0.5,25.0,24.5,0,54
libstudy,BLU,FGSM,0.9,MIM,0.6,25.0,24.5,0,54
libstudy,BLU,FGSM,0.9,MIM,0.7,25.0,24.5,0,54
libstudy,BLU,FGSM,0.9,MIM,0.8,25.0,24.5,0,54
libstudy,BLU,FGSM,0.9,MIM,0.9,25.0,24.5,0,54
libstudy,BLU,FGSM,0.9,MIM,1.0,25.0,24.5,0,54
libstudy,HTC,FGSM,0.9,MIM,0.1,25.0,24.5,0,54
libstudy,HTC,FGSM,0.9,MIM,0.2,25.0,24.5,0,54
libstudy,HTC,FGSM,0.9,MIM,0.3,25.0,24.5,0,54
libstudy,HTC,FGSM,0.9,MIM,0.4,25.0,24.5,0,54
libstudy,HTC,FGSM,0.9,MIM,0.5,25.0,24.5,0,54
libstudy,HTC,FGSM,0.9,MIM,0.6,25.0,24.5,0,54
libstudy,HTC,FGSM,0.9,MIM,0.7,25.0,24.5,0,54
libstudy,HTC,FGSM,0.9,MIM,0.8,25.0,24.5,0,54
libstudy,HTC,FGSM,0.9,MIM,0.9,25.0,24.5,0,54
libstudy,HTC,FGSM,0.9,MIM,1.0,25.0,24.5,0,54
libstudy,LG,FGSM,0.9,MIM,0.1,25.0,24.5,0,54
libstudy,LG,FGSM,0.9,MIM,0.2,25.0,24.5,0,54
libstudy,LG,FGSM,0.9,MIM,0.3,25.0,24.5,0,54
libstudy,LG,FGSM,0.9,MIM,0.4,25.0,24.5,0,54
libstudy,LG,FGSM,0.9,MIM,0.5,25.0,24.5,0,54
libstudy,LG,FGSM,0.9,MIM,0.6,25.0,24.5,0,54
libstudy,LG,FGSM,0.9,MIM,0.7,25.0,24.5,0,54
libstudy,LG,FGSM,0.9,MIM,0.8,25.0,24.5,0,54
libstudy,LG,FGSM,0.9,MIM,0.9,25.0,24.5,0,54
libstudy,LG,FGSM,0.9,MIM,1.0,25.0,24.5,0,54
libstudy,MOTO,FGSM,0.9,MIM,0.1,25.0,24.5,0,54
libstudy,MOTO,FGSM,0.9,MIM,0.2,25.0,24.5,0,54
libstudy,MOTO,FGSM,0.9,MIM,0.3,25.0,24.5,0,54
libstudy,MOTO,FGSM,0.9,MIM,0.4,25.0,24.5,0,54
libstudy,MOTO,FGSM,0.9,MIM,0.5,25.0,24.5,0,54
libstudy,MOTO,FGSM,0.9,MIM,0.6,25.0,24.5,0,54
libstudy,MOTO,FGSM,0.9,MIM,0.7,25.0,24.5,0,54
libstudy,MOTO,FGSM,0.9,MIM,0.8,25.0,24.5,0,54
libstudy,MOTO,FGSM,0.9,MIM,0.9,25.0,24.5,0,54
libstudy,MOTO,FGSM,0.9,MIM,1.0,25.0,24.5,0,54
libstudy,OP3,FGSM,0.9,MIM,0.1,25.0,24.5,0,54
libstudy,OP3,FGSM,0.9,MIM,0.2,25.0,24.5,0,54
libstudy,OP3,FGSM,0.9,MIM,0.3,25.0,24.5,0,54
libstudy,OP3,FGSM,0.9,MIM,0.4,25.0,24.5,0,54
libstudy,OP3,FGSM,0.9,MIM,0.5,25.0,24.5,0,54
libstudy,OP3,FGSM,0.9,MIM,0.6,25.0,24.5,0,54
libstudy,OP3,FGSM,0.9,MIM,0.7,25.0,24.5,0,54
libstudy,OP3,FGSM,0.9,MIM,0.8,25.0,24.5,0,54
libstudy,OP3,FGSM,0.9,MIM,0.9,25.0,24.5,0,54
libstudy,OP3,FGSM,0.9,MIM,1.0,25.0,24.5,0,54
libstudy,S7,FGSM,0.9,MIM,0.1,25.0,24.5,0,54
libstudy,S7,FGSM,0.9,MIM,0.2,25.0,24.5,0,54
libstudy,S7,FGSM,0.9,MIM,0.3,25.0,24.5,0,54
libstudy,S7,FGSM,0.9,MIM,0.4,25.0,24.5,0,54
libstudy,S7,FGSM,0.9,MIM,0.5,25.0,24.5,0,54
libstudy,S7,FGSM,0.9,MIM,0.6,25.0,24.5,0,54
libstudy,S7,FGSM,0.9,MIM,0.7,25.0,24.5,0,54
libstudy,S7,FGSM,0.9,MIM,0.8,25.0,24.5,0,54
libstudy,S7,FGSM,0.9,MIM,0.9,25.0,24.5,0,54
libstudy,S7,FGSM,0.9,MIM,1.0,25.0,24.5,0,54
libstudy,BLU,FGSM,1.0,MIM,0.1,29.5,29.5,0,59
libstudy,BLU,FGSM,1.0,MIM,0.2,29.5,29.5,0,59
libstudy,BLU,FGSM,1.0,MIM,0.3,29.5,29.5,0,59
libstudy,BLU,FGSM,1.0,MIM,0.4,29.5,29.5,0,59
libstudy,BLU,FGSM,1.0,MIM,0.5,29.5,29.5,0,59
libstudy,BLU,FGSM,1.0,MIM,0.6,29.5,29.5,0,59
libstudy,BLU,FGSM,1.0,MIM,0.7,29.5,29.5,0,59
libstudy,BLU,FGSM,1.0,MIM,0.8,29.5,29.5,0,59
libstudy,BLU,FGSM,1.0,MIM,0.9,29.5,29.5,0,59
libstudy,BLU,FGSM,1.0,MIM,1.0,29.5,29.5,0,59
libstudy,HTC,FGSM,1.0,MIM,0.1,29.5,29.5,0,59
libstudy,HTC,FGSM,1.0,MIM,0.2,29.5,29.5,0,59
libstudy,HTC,FGSM,1.0,MIM,0.3,29.5,29.5,0,59
libstudy,HTC,FGSM,1.0,MIM,0.4,29.5,29.5,0,59
libstudy,HTC,FGSM,1.0,MIM,0.5,29.5,29.5,0,59
libstudy,HTC,FGSM,1.0,MIM,0.6,29.5,29.5,0,59
libstudy,HTC,FGSM,1.0,MIM,0.7,29.5,29.5,0,59
libstudy,HTC,FGSM,1.0,MIM,0.8,29.5,29.5,0,59
libstudy,HTC,FGSM,1.0,MIM,0.9,29.5,29.5,0,59
libstudy,HTC,FGSM,1.0,MIM,1.0,29.5,29.5,0,59
libstudy,LG,FGSM,1.0,MIM,0.1,29.5,29.5,0,59
libstudy,LG,FGSM,1.0,MIM,0.2,29.5,29.5,0,59
libstudy,LG,FGSM,1.0,MIM,0.3,29.5,29.5,0,59
libstudy,LG,FGSM,1.0,MIM,0.4,29.5,29.5,0,59
libstudy,LG,FGSM,1.0,MIM,0.5,29.5,29.5,0,59
libstudy,LG,FGSM,1.0,MIM,0.6,29.5,29.5,0,59
libstudy,LG,FGSM,1.0,MIM,0.7,29.5,29.5,0,59
libstudy,LG,FGSM,1.0,MIM,0.8,29.5,29.5,0,59
libstudy,LG,FGSM,1.0,MIM,0.9,29.5,29.5,0,59
libstudy,LG,FGSM,1.0,MIM,1.0,29.5,29.5,0,59
libstudy,MOTO,FGSM,1.0,MIM,0.1,29.5,29.5,0,59
libstudy,MOTO,FGSM,1.0,MIM,0.2,29.5,29.5,0,59
libstudy,MOTO,FGSM,1.0,MIM,0.3,29.5,29.5,0,59
libstudy,MOTO,FGSM,1.0,MIM,0.4,29.5,29.5,0,59
libstudy,MOTO,FGSM,1.0,MIM,0.5,29.5,29.5,0,59
libstudy,MOTO,FGSM,1.0,MIM,0.6,29.5,29.5,0,59
libstudy,MOTO,FGSM,1.0,MIM,0.7,29.5,29.5,0,59
libstudy,MOTO,FGSM,1.0,MIM,0.8,29.5,29.5,0,59
libstudy,MOTO,FGSM,1.0,MIM,0.9,29.5,29.5,0,59
libstudy,MOTO,FGSM,1.0,MIM,1.0,29.5,29.5,0,59
libstudy,OP3,FGSM,1.0,MIM,0.1,29.5,29.5,0,59
libstudy,OP3,FGSM,1.0,MIM,0.2,29.5,29.5,0,59
libstudy,OP3,FGSM,1.0,MIM,0.3,29.5,29.5,0,59
libstudy,OP3,FGSM,1.0,MIM,0.4,29.5,29.5,0,59
libstudy,OP3,FGSM,1.0,MIM,0.5,29.5,29.5,0,59
libstudy,OP3,FGSM,1.0,MIM,0.6,29.5,29.5,0,59
libstudy,OP3,FGSM,1.0,MIM,0.7,29.5,29.5,0,59
libstudy,OP3,FGSM,1.0,MIM,0.8,29.5,29.5,0,59
libstudy,OP3,FGSM,1.0,MIM,0.9,29.5,29.5,0,59
libstudy,OP3,FGSM,1.0,MIM,1.0,29.5,29.5,0,59
libstudy,S7,FGSM,1.0,MIM,0.1,29.5,29.5,0,59
libstudy,S7,FGSM,1.0,MIM,0.2,29.5,29.5,0,59
libstudy,S7,FGSM,1.0,MIM,0.3,29.5,29.5,0,59
libstudy,S7,FGSM,1.0,MIM,0.4,29.5,29.5,0,59
libstudy,S7,FGSM,1.0,MIM,0.5,29.5,29.5,0,59
libstudy,S7,FGSM,1.0,MIM,0.6,29.5,29.5,0,59
libstudy,S7,FGSM,1.0,MIM,0.7,29.5,29.5,0,59
libstudy,S7,FGSM,1.0,MIM,0.8,29.5,29.5,0,59
libstudy,S7,FGSM,1.0,MIM,0.9,29.5,29.5,0,59
libstudy,S7,FGSM,1.0,MIM,1.0,29.5,29.5,0,59
libstudy,BLU,PGD,0.1,MIM,0.1,15.333333333333334,15.0,0,34
libstudy,BLU,PGD,0.1,MIM,0.2,15.333333333333334,15.0,0,34
libstudy,BLU,PGD,0.1,MIM,0.3,15.333333333333334,15.0,0,34
libstudy,BLU,PGD,0.1,MIM,0.4,15.333333333333334,15.0,0,34
libstudy,BLU,PGD,0.1,MIM,0.5,15.333333333333334,15.0,0,34
libstudy,BLU,PGD,0.1,MIM,0.6,15.333333333333334,15.0,0,34
libstudy,BLU,PGD,0.1,MIM,0.7,15.333333333333334,15.0,0,34
libstudy,BLU,PGD,0.1,MIM,0.8,15.333333333333334,15.0,0,34
libstudy,BLU,PGD,0.1,MIM,0.9,15.333333333333334,15.0,0,34
libstudy,BLU,PGD,0.1,MIM,1.0,15.333333333333334,15.0,0,34
libstudy,HTC,PGD,0.1,MIM,0.1,15.333333333333334,15.0,0,34
libstudy,HTC,PGD,0.1,MIM,0.2,15.333333333333334,15.0,0,34
libstudy,HTC,PGD,0.1,MIM,0.3,15.333333333333334,15.0,0,34
libstudy,HTC,PGD,0.1,MIM,0.4,15.333333333333334,15.0,0,34
libstudy,HTC,PGD,0.1,MIM,0.5,15.333333333333334,15.0,0,34
libstudy,HTC,PGD,0.1,MIM,0.6,15.333333333333334,15.0,0,34
libstudy,HTC,PGD,0.1,MIM,0.7,15.333333333333334,15.0,0,34
libstudy,HTC,PGD,0.1,MIM,0.8,15.333333333333334,15.0,0,34
libstudy,HTC,PGD,0.1,MIM,0.9,15.333333333333334,15.0,0,34
libstudy,HTC,PGD,0.1,MIM,1.0,15.333333333333334,15.0,0,34
libstudy,LG,PGD,0.1,MIM,0.1,15.333333333333334,15.0,0,34
libstudy,LG,PGD,0.1,MIM,0.2,15.333333333333334,15.0,0,34
libstudy,LG,PGD,0.1,MIM,0.3,15.333333333333334,15.0,0,34
libstudy,LG,PGD,0.1,MIM,0.4,15.333333333333334,15.0,0,34
libstudy,LG,PGD,0.1,MIM,0.5,15.333333333333334,15.0,0,34
libstudy,LG,PGD,0.1,MIM,0.6,15.333333333333334,15.0,0,34
libstudy,LG,PGD,0.1,MIM,0.7,15.333333333333334,15.0,0,34
libstudy,LG,PGD,0.1,MIM,0.8,15.333333333333334,15.0,0,34
libstudy,LG,PGD,0.1,MIM,0.9,15.333333333333334,15.0,0,34
libstudy,LG,PGD,0.1,MIM,1.0,15.333333333333334,15.0,0,34
libstudy,MOTO,PGD,0.1,MIM,0.1,15.333333333333334,15.0,0,34
libstudy,MOTO,PGD,0.1,MIM,0.2,15.333333333333334,15.0,0,34
libstudy,MOTO,PGD,0.1,MIM,0.3,15.333333333333334,15.0,0,34
libstudy,MOTO,PGD,0.1,MIM,0.4,15.333333333333334,15.0,0,34
libstudy,MOTO,PGD,0.1,MIM,0.5,15.333333333333334,15.0,0,34
libstudy,MOTO,PGD,0.1,MIM,0.6,15.333333333333334,15.0,0,34
libstudy,MOTO,PGD,0.1,MIM,0.7,15.333333333333334,15.0,0,34
libstudy,MOTO,PGD,0.1,MIM,0.8,15.333333333333334,15.0,0,34
libstudy,MOTO,PGD,0.1,MIM,0.9,15.333333333333334,15.0,0,34
libstudy,MOTO,PGD,0.1,MIM,1.0,15.333333333333334,15.0,0,34
libstudy,OP3,PGD,0.1,MIM,0.1,15.333333333333334,15.0,0,34
libstudy,OP3,PGD,0.1,MIM,0.2,15.333333333333334,15.0,0,34
libstudy,OP3,PGD,0.1,MIM,0.3,15.333333333333334,15.0,0,34
libstudy,OP3,PGD,0.1,MIM,0.4,15.333333333333334,15.0,0,34
libstudy,OP3,PGD,0.1,MIM,0.5,15.333333333333334,15.0,0,34
libstudy,OP3,PGD,0.1,MIM,0.6,15.333333333333334,15.0,0,34
libstudy,OP3,PGD,0.1,MIM,0.7,15.333333333333334,15.0,0,34
libstudy,OP3,PGD,0.1,MIM,0.8,15.333333333333334,15.0,0,34
libstudy,OP3,PGD,0.1,MIM,0.9,15.333333333333334,15.0,0,34
libstudy,OP3,PGD,0.1,MIM,1.0,15.333333333333334,15.0,0,34
libstudy,S7,PGD,0.1,MIM,0.1,15.333333333333334,15.0,0,34
libstudy,S7,PGD,0.1,MIM,0.2,15.333333333333334,15.0,0,34
libstudy,S7,PGD,0.1,MIM,0.3,15.333333333333334,15.0,0,34
libstudy,S7,PGD,0.1,MIM,0.4,15.333333333333334,15.0,0,34
libstudy,S7,PGD,0.1,MIM,0.5,15.333333333333334,15.0,0,34
libstudy,S7,PGD,0.1,MIM,0.6,15.333333333333334,15.0,0,34
libstudy,S7,PGD,0.1,MIM,0.7,15.333333333333334,15.0,0,34
libstudy,S7,PGD,0.1,MIM,0.8,15.333333333333334,15.0,0,34
libstudy,S7,PGD,0.1,MIM,0.9,15.333333333333334,15.0,0,34
libstudy,S7,PGD,0.1,MIM,1.0,15.333333333333334,15.0,0,34
libstudy,BLU,PGD,0.2,MIM,0.1,25.833333333333332,25.5,0,55
libstudy,BLU,PGD,0.2,MIM,0.2,27.6,27.5,0,57
libstudy,BLU,PGD,0.2,MIM,0.3,20.7,18.5,0,48
libstudy,BLU,PGD,0.2,MIM,0.4,20.7,18.5,0,48
libstudy,BLU,PGD,0.2,MIM,0.5,20.7,18.5,0,48
libstudy,BLU,PGD,0.2,MIM,0.6,20.7,18.5,0,48
libstudy,BLU,PGD,0.2,MIM,0.7,20.7,18.5,0,48
libstudy,BLU,PGD,0.2,MIM,0.8,20.7,18.5,0,48
libstudy,BLU,PGD,0.2,MIM,0.9,20.7,18.5,0,48
libstudy,BLU,PGD,0.2,MIM,1.0,20.7,18.5,0,48
libstudy,HTC,PGD,0.2,MIM,0.1,25.833333333333332,25.5,0,55
libstudy,HTC,PGD,0.2,MIM,0.2,25.833333333333332,25.5,0,55
libstudy,HTC,PGD,0.2,MIM,0.3,25.833333333333332,25.5,0,55
libstudy,HTC,PGD,0.2,MIM,0.4,25.833333333333332,25.5,0,55
libstudy,HTC,PGD,0.2,MIM,0.5,25.833333333333332,25.5,0,55
libstudy,HTC,PGD,0.2,MIM,0.6,25.833333333333332,25.5,0,55
libstudy,HTC,PGD,0.2,MIM,0.7,25.833333333333332,25.5,0,55
libstudy,HTC,PGD,0.2,MIM,0.8,25.833333333333332,25.5,0,55
libstudy,HTC,PGD,0.2,MIM,0.9,25.833333333333332,25.5,0,55
libstudy,HTC,PGD,0.2,MIM,1.0,25.833333333333332,25.5,0,55
libstudy,LG,PGD,0.2,MIM,0.1,16.833333333333332,15.0,0,40
libstudy,LG,PGD,0.2,MIM,0.2,16.833333333333332,15.0,0,40
libstudy,LG,PGD,0.2,MIM,0.3,16.833333333333332,15.0,0,40
libstudy,LG,PGD,0.2,MIM,0.4,16.833333333333332,15.0,0,40
libstudy,LG,PGD,0.2,MIM,0.5,16.833333333333332,15.0,0,40
libstudy,LG,PGD,0.2,MIM,0.6,16.833333333333332,15.0,0,40
libstudy,LG,PGD,0.2,MIM,0.7,16.833333333333332,15.0,0,40
libstudy,LG,PGD,0.2,MIM,0.8,16.833333333333332,15.0,0,40
libstudy,LG,PGD,0.2,MIM,0.9,16.833333333333332,15.0,0,40
libstudy,LG,PGD,0.2,MIM,1.0,16.833333333333332,15.0,0,40
libstudy,MOTO,PGD,0.2,MIM,0.1,17.4,16.5,0,40
libstudy,MOTO,PGD,0.2,MIM,0.2,20.7,18.5,0,48
libstudy,MOTO,PGD,0.2,MIM,0.3,20.7,18.5,0,48
libstudy,MOTO,PGD,0.2,MIM,0.4,20.7,18.5,0,48
libstudy,MOTO,PGD,0.2,MIM,0.5,20.7,18.5,0,48
libstudy,MOTO,PGD,0.2,MIM,0.6,20.7,18.5,0,48
libstudy,MOTO,PGD,0.2,MIM,0.7,20.7,18.5,0,48
libstudy,MOTO,PGD,0.2,MIM,0.8,20.7,18.5,0,48
libstudy,MOTO,PGD,0.2,MIM,0.9,20.7,18.5,0,48
libstudy,MOTO,PGD,0.2,MIM,1.0,20.7,18.5,0,48
libstudy,OP3,PGD,0.2,MIM,0.1,27.6,27.5,0,57
libstudy,OP3,PGD,0.2,MIM,0.2,27.6,27.5,0,57
libstudy,OP3,PGD,0.2,MIM,0.3,27.6,27.5,0,57
libstudy,OP3,PGD,0.2,MIM,0.4,27.6,27.5,0,57
libstudy,OP3,PGD,0.2,MIM,0.5,27.6,27.5,0,57
libstudy,OP3,PGD,0.2,MIM,0.6,27.6,27.5,0,57
libstudy,OP3,PGD,0.2,MIM,0.7,27.6,27.5,0,57
libstudy,OP3,PGD,0.2,MIM,0.8,27.6,27.5,0,57
libstudy,OP3,PGD,0.2,MIM,0.9,27.6,27.5,0,57
libstudy,OP3,PGD,0.2,MIM,1.0,27.6,27.5,0,57
libstudy,S7,PGD,0.2,MIM,0.1,25.833333333333332,25.5,0,55
libstudy,S7,PGD,0.2,MIM,0.2,25.833333333333332,25.5,0,55
libstudy,S7,PGD,0.2,MIM,0.3,25.833333333333332,25.5,0,55
libstudy,S7,PGD,0.2,MIM,0.4,25.833333333333332,25.5,0,55
libstudy,S7,PGD,0.2,MIM,0.5,25.833333333333332,25.5,0,55
libstudy,S7,PGD,0.2,MIM,0.6,25.833333333333332,25.5,0,55
libstudy,S7,PGD,0.2,MIM,0.7,25.833333333333332,25.5,0,55
libstudy,S7,PGD,0.2,MIM,0.8,25.833333333333332,25.5,0,55
libstudy,S7,PGD,0.2,MIM,0.9,25.833333333333332,25.5,0,55
libstudy,S7,PGD,0.2,MIM,1.0,25.833333333333332,25.5,0,55
libstudy,BLU,PGD,0.3,MIM,0.1,15.2,15.0,0,33
libstudy,BLU,PGD,0.3,MIM,0.2,15.2,15.0,0,33
libstudy,BLU,PGD,0.3,MIM,0.3,15.2,15.0,0,33
libstudy,BLU,PGD,0.3,MIM,0.4,15.2,15.0,0,33
libstudy,BLU,PGD,0.3,MIM,0.5,15.2,15.0,0,33
libstudy,BLU,PGD,0.3,MIM,0.6,15.2,15.0,0,33
libstudy,BLU,PGD,0.3,MIM,0.7,15.2,15.0,0,33
libstudy,BLU,PGD,0.3,MIM,0.8,15.2,15.0,0,33
libstudy,BLU,PGD,0.3,MIM,0.9,15.2,15.0,0,33
libstudy,BLU,PGD,0.3,MIM,1.0,15.2,15.0,0,33
libstudy,HTC,PGD,0.3,MIM,0.1,15.2,15.0,0,33
libstudy,HTC,PGD,0.3,MIM,0.2,15.2,15.0,0,33
libstudy,HTC,PGD,0.3,MIM,0.3,15.2,15.0,0,33
libstudy,HTC,PGD,0.3,MIM,0.4,15.2,15.0,0,33
libstudy,HTC,PGD,0.3,MIM,0.5,15.2,15.0,0,33
libstudy,HTC,PGD,0.3,MIM,0.6,15.2,15.0,0,33
libstudy,HTC,PGD,0.3,MIM,0.7,15.2,15.0,0,33
libstudy,HTC,PGD,0.3,MIM,0.8,15.2,15.0,0,33
libstudy,HTC,PGD,0.3,MIM,0.9,15.2,15.0,0,33
libstudy,HTC,PGD,0.3,MIM,1.0,15.2,15.0,0,33
libstudy,LG,PGD,0.3,MIM,0.1,15.2,15.0,0,33
libstudy,LG,PGD,0.3,MIM,0.2,15.2,15.0,0,33
libstudy,LG,PGD,0.3,MIM,0.3,15.2,15.0,0,33
libstudy,LG,PGD,0.3,MIM,0.4,15.2,15.0,0,33
libstudy,LG,PGD,0.3,MIM,0.5,15.2,15.0,0,33
libstudy,LG,PGD,0.3,MIM,0.6,15.2,15.0,0,33
libstudy,LG,PGD,0.3,MIM,0.7,15.2,15.0,0,33
libstudy,LG,PGD,0.3,MIM,0.8,15.2,15.0,0,33
libstudy,LG,PGD,0.3,MIM,0.9,15.2,15.0,0,33
libstudy,LG,PGD,0.3,MIM,1.0,15.2,15.0,0,33
libstudy,MOTO,PGD,0.3,MIM,0.1,15.2,15.0,0,33
libstudy,MOTO,PGD,0.3,MIM,0.2,15.2,15.0,0,33
libstudy,MOTO,PGD,0.3,MIM,0.3,15.2,15.0,0,33
libstudy,MOTO,PGD,0.3,MIM,0.4,15.2,15.0,0,33
libstudy,MOTO,PGD,0.3,MIM,0.5,15.2,15.0,0,33
libstudy,MOTO,PGD,0.3,MIM,0.6,15.2,15.0,0,33
libstudy,MOTO,PGD,0.3,MIM,0.7,15.2,15.0,0,33
libstudy,MOTO,PGD,0.3,MIM,0.8,15.2,15.0,0,33
libstudy,MOTO,PGD,0.3,MIM,0.9,15.2,15.0,0,33
libstudy,MOTO,PGD,0.3,MIM,1.0,15.2,15.0,0,33
libstudy,OP3,PGD,0.3,MIM,0.1,15.2,15.0,0,33
libstudy,OP3,PGD,0.3,MIM,0.2,15.2,15.0,0,33
libstudy,OP3,PGD,0.3,MIM,0.3,15.2,15.0,0,33
libstudy,OP3,PGD,0.3,MIM,0.4,15.2,15.0,0,33
libstudy,OP3,PGD,0.3,MIM,0.5,15.2,15.0,0,33
libstudy,OP3,PGD,0.3,MIM,0.6,15.2,15.0,0,33
libstudy,OP3,PGD,0.3,MIM,0.7,15.2,15.0,0,33
libstudy,OP3,PGD,0.3,MIM,0.8,15.2,15.0,0,33
libstudy,OP3,PGD,0.3,MIM,0.9,15.2,15.0,0,33
libstudy,OP3,PGD,0.3,MIM,1.0,15.2,15.0,0,33
libstudy,S7,PGD,0.3,MIM,0.1,15.2,15.0,0,33
libstudy,S7,PGD,0.3,MIM,0.2,15.2,15.0,0,33
libstudy,S7,PGD,0.3,MIM,0.3,15.2,15.0,0,33
libstudy,S7,PGD,0.3,MIM,0.4,15.2,15.0,0,33
libstudy,S7,PGD,0.3,MIM,0.5,15.2,15.0,0,33
libstudy,S7,PGD,0.3,MIM,0.6,15.2,15.0,0,33
libstudy,S7,PGD,0.3,MIM,0.7,15.2,15.0,0,33
libstudy,S7,PGD,0.3,MIM,0.8,15.2,15.0,0,33
libstudy,S7,PGD,0.3,MIM,0.9,15.2,15.0,0,33
libstudy,S7,PGD,0.3,MIM,1.0,15.2,15.0,0,33
libstudy,BLU,PGD,0.4,MIM,0.1,16.833333333333332,15.0,0,40
libstudy,BLU,PGD,0.4,MIM,0.2,16.833333333333332,15.0,0,40
libstudy,BLU,PGD,0.4,MIM,0.3,16.833333333333332,15.0,0,40
libstudy,BLU,PGD,0.4,MIM,0.4,16.833333333333332,15.0,0,40
libstudy,BLU,PGD,0.4,MIM,0.5,16.833333333333332,15.0,0,40
libstudy,BLU,PGD,0.4,MIM,0.6,16.833333333333332,15.0,0,40
libstudy,BLU,PGD,0.4,MIM,0.7,16.833333333333332,15.0,0,40
libstudy,BLU,PGD,0.4,MIM,0.8,16.833333333333332,15.0,0,40
libstudy,BLU,PGD,0.4,MIM,0.9,16.833333333333332,15.0,0,40
libstudy,BLU,PGD,0.4,MIM,1.0,16.833333333333332,15.0,0,40
libstudy,HTC,PGD,0.4,MIM,0.1,16.833333333333332,15.0,0,40
libstudy,HTC,PGD,0.4,MIM,0.2,16.833333333333332,15.0,0,40
libstudy,HTC,PGD,0.4,MIM,0.3,16.833333333333332,15.0,0,40
libstudy,HTC,PGD,0.4,MIM,0.4,16.833333333333332,15.0,0,40
libstudy,HTC,PGD,0.4,MIM,0.5,16.833333333333332,15.0,0,40
libstudy,HTC,PGD,0.4,MIM,0.6,16.833333333333332,15.0,0,40
libstudy,HTC,PGD,0.4,MIM,0.7,16.833333333333332,15.0,0,40
libstudy,HTC,PGD,0.4,MIM,0.8,16.833333333333332,15.0,0,40
libstudy,HTC,PGD,0.4,MIM,0.9,16.833333333333332,15.0,0,40
libstudy,HTC,PGD,0.4,MIM,1.0,16.833333333333332,15.0,0,40
libstudy,LG,PGD,0.4,MIM,0.1,16.833333333333332,15.0,0,40
libstudy,LG,PGD,0.4,MIM,0.2,16.833333333333332,15.0,0,40
libstudy,LG,PGD,0.4,MIM,0.3,16.833333333333332,15.0,0,40
libstudy,LG,PGD,0.4,MIM,0.4,16.833333333333332,15.0,0,40
libstudy,LG,PGD,0.4,MIM,0.5,16.833333333333332,15.0,0,40
libstudy,LG,PGD,0.4,MIM,0.6,16.833333333333332,15.0,0,40
libstudy,LG,PGD,0.4,MIM,0.7,16.833333333333332,15.0,0,40
libstudy,LG,PGD,0.4,MIM,0.8,16.833333333333332,15.0,0,40
libstudy,LG,PGD,0.4,MIM,0.9,16.833333333333332,15.0,0,40
libstudy,LG,PGD,0.4,MIM,1.0,16.833333333333332,15.0,0,40
libstudy,MOTO,PGD,0.4,MIM,0.1,16.833333333333332,15.0,0,40
libstudy,MOTO,PGD,0.4,MIM,0.2,16.833333333333332,15.0,0,40
libstudy,MOTO,PGD,0.4,MIM,0.3,16.833333333333332,15.0,0,40
libstudy,MOTO,PGD,0.4,MIM,0.4,16.833333333333332,15.0,0,40
libstudy,MOTO,PGD,0.4,MIM,0.5,16.833333333333332,15.0,0,40
libstudy,MOTO,PGD,0.4,MIM,0.6,16.833333333333332,15.0,0,40
libstudy,MOTO,PGD,0.4,MIM,0.7,16.833333333333332,15.0,0,40
libstudy,MOTO,PGD,0.4,MIM,0.8,16.833333333333332,15.0,0,40
libstudy,MOTO,PGD,0.4,MIM,0.9,16.833333333333332,15.0,0,40
libstudy,MOTO,PGD,0.4,MIM,1.0,16.833333333333332,15.0,0,40
libstudy,OP3,PGD,0.4,MIM,0.1,16.833333333333332,15.0,0,40
libstudy,OP3,PGD,0.4,MIM,0.2,16.833333333333332,15.0,0,40
libstudy,OP3,PGD,0.4,MIM,0.3,16.833333333333332,15.0,0,40
libstudy,OP3,PGD,0.4,MIM,0.4,16.833333333333332,15.0,0,40
libstudy,OP3,PGD,0.4,MIM,0.5,16.833333333333332,15.0,0,40
libstudy,OP3,PGD,0.4,MIM,0.6,16.833333333333332,15.0,0,40
libstudy,OP3,PGD,0.4,MIM,0.7,16.833333333333332,15.0,0,40
libstudy,OP3,PGD,0.4,MIM,0.8,16.833333333333332,15.0,0,40
libstudy,OP3,PGD,0.4,MIM,0.9,16.833333333333332,15.0,0,40
libstudy,OP3,PGD,0.4,MIM,1.0,16.833333333333332,15.0,0,40
libstudy,S7,PGD,0.4,MIM,0.1,16.833333333333332,15.0,0,40
libstudy,S7,PGD,0.4,MIM,0.2,16.833333333333332,15.0,0,40
libstudy,S7,PGD,0.4,MIM,0.3,16.833333333333332,15.0,0,40
libstudy,S7,PGD,0.4,MIM,0.4,16.833333333333332,15.0,0,40
libstudy,S7,PGD,0.4,MIM,0.5,16.833333333333332,15.0,0,40
libstudy,S7,PGD,0.4,MIM,0.6,16.833333333333332,15.0,0,40
libstudy,S7,PGD,0.4,MIM,0.7,16.833333333333332,15.0,0,40
libstudy,S7,PGD,0.4,MIM,0.8,16.833333333333332,15.0,0,40
libstudy,S7,PGD,0.4,MIM,0.9,16.833333333333332,15.0,0,40
libstudy,S7,PGD,0.4,MIM,1.0,16.833333333333332,15.0,0,40
libstudy,BLU,PGD,0.5,MIM,0.1,15.0,15.0,0,30
libstudy,BLU,PGD,0.5,MIM,0.2,15.0,15.0,0,30
libstudy,BLU,PGD,0.5,MIM,0.3,15.0,15.0,0,30
libstudy,BLU,PGD,0.5,MIM,0.4,15.0,15.0,0,30
libstudy,BLU,PGD,0.5,MIM,0.5,15.0,15.0,0,30
libstudy,BLU,PGD,0.5,MIM,0.6,15.0,15.0,0,30
libstudy,BLU,PGD,0.5,MIM,0.7,15.0,15.0,0,30
libstudy,BLU,PGD,0.5,MIM,0.8,15.0,15.0,0,30
libstudy,BLU,PGD,0.5,MIM,0.9,15.0,15.0,0,30
libstudy,BLU,PGD,0.5,MIM,1.0,15.0,15.0,0,30
libstudy,HTC,PGD,0.5,MIM,0.1,15.0,15.0,0,30
libstudy,HTC,PGD,0.5,MIM,0.2,15.0,15.0,0,30
libstudy,HTC,PGD,0.5,MIM,0.3,15.0,15.0,0,30
libstudy,HTC,PGD,0.5,MIM,0.4,15.0,15.0,0,30
libstudy,HTC,PGD,0.5,MIM,0.5,15.0,15.0,0,30
libstudy,HTC,PGD,0.5,MIM,0.6,15.0,15.0,0,30
libstudy,HTC,PGD,0.5,MIM,0.7,15.0,15.0,0,30
libstudy,HTC,PGD,0.5,MIM,0.8,15.0,15.0,0,30
libstudy,HTC,PGD,0.5,MIM,0.9,15.0,15.0,0,30
libstudy,HTC,PGD,0.5,MIM,1.0,15.0,15.0,0,30
libstudy,LG,PGD,0.5,MIM,0.1,15.0,15.0,0,30
libstudy,LG,PGD,0.5,MIM,0.2,15.0,15.0,0,30
libstudy,LG,PGD,0.5,MIM,0.3,15.0,15.0,0,30
libstudy,LG,PGD,0.5,MIM,0.4,15.0,15.0,0,30
libstudy,LG,PGD,0.5,MIM,0.5,15.0,15.0,0,30
libstudy,LG,PGD,0.5,MIM,0.6,15.0,15.0,0,30
libstudy,LG,PGD,0.5,MIM,0.7,15.0,15.0,0,30
libstudy,LG,PGD,0.5,MIM,0.8,15.0,15.0,0,30
libstudy,LG,PGD,0.5,MIM,0.9,15.0,15.0,0,30
libstudy,LG,PGD,0.5,MIM,1.0,15.0,15.0,0,30
libstudy,MOTO,PGD,0.5,MIM,0.1,15.0,15.0,0,30
libstudy,MOTO,PGD,0.5,MIM,0.2,15.0,15.0,0,30
libstudy,MOTO,PGD,0.5,MIM,0.3,15.0,15.0,0,30
libstudy,MOTO,PGD,0.5,MIM,0.4,15.0,15.0,0,30
libstudy,MOTO,PGD,0.5,MIM,0.5,15.0,15.0,0,30
libstudy,MOTO,PGD,0.5,MIM,0.6,15.0,15.0,0,30
libstudy,MOTO,PGD,0.5,MIM,0.7,15.0,15.0,0,30
libstudy,MOTO,PGD,0.5,MIM,0.8,15.0,15.0,0,30
libstudy,MOTO,PGD,0.5,MIM,0.9,15.0,15.0,0,30
libstudy,MOTO,PGD,0.5,MIM,1.0,15.0,15.0,0,30
libstudy,OP3,PGD,0.5,MIM,0.1,15.0,15.0,0,30
libstudy,OP3,PGD,0.5,MIM,0.2,15.0,15.0,0,30
libstudy,OP3,PGD,0.5,MIM,0.3,15.0,15.0,0,30
libstudy,OP3,PGD,0.5,MIM,0.4,15.0,15.0,0,30
libstudy,OP3,PGD,0.5,MIM,0.5,15.0,15.0,0,30
libstudy,OP3,PGD,0.5,MIM,0.6,15.0,15.0,0,30
libstudy,OP3,PGD,0.5,MIM,0.7,15.0,15.0,0,30
libstudy,OP3,PGD,0.5,MIM,0.8,15.0,15.0,0,30
libstudy,OP3,PGD,0.5,MIM,0.9,15.0,15.0,0,30
libstudy,OP3,PGD,0.5,MIM,1.0,15.0,15.0,0,30
libstudy,S7,PGD,0.5,MIM,0.1,15.0,15.0,0,30
libstudy,S7,PGD,0.5,MIM,0.2,15.0,15.0,0,30
libstudy,S7,PGD,0.5,MIM,0.3,15.0,15.0,0,30
libstudy,S7,PGD,0.5,MIM,0.4,15.0,15.0,0,30
libstudy,S7,PGD,0.5,MIM,0.5,15.0,15.0,0,30
libstudy,S7,PGD,0.5,MIM,0.6,15.0,15.0,0,30
libstudy,S7,PGD,0.5,MIM,0.7,15.0,15.0,0,30
libstudy,S7,PGD,0.5,MIM,0.8,15.0,15.0,0,30
libstudy,S7,PGD,0.5,MIM,0.9,15.0,15.0,0,30
libstudy,S7,PGD,0.5,MIM,1.0,15.0,15.0,0,30
libstudy,BLU,PGD,0.6,MIM,0.1,15.2,15.0,0,33
libstudy,BLU,PGD,0.6,MIM,0.2,15.2,15.0,0,33
libstudy,BLU,PGD,0.6,MIM,0.3,15.2,15.0,0,33
libstudy,BLU,PGD,0.6,MIM,0.4,15.2,15.0,0,33
libstudy,BLU,PGD,0.6,MIM,0.5,15.2,15.0,0,33
libstudy,BLU,PGD,0.6,MIM,0.6,15.2,15.0,0,33
libstudy,BLU,PGD,0.6,MIM,0.7,15.2,15.0,0,33
libstudy,BLU,PGD,0.6,MIM,0.8,15.2,15.0,0,33
libstudy,BLU,PGD,0.6,MIM,0.9,15.2,15.0,0,33
libstudy,BLU,PGD,0.6,MIM,1.0,15.2,15.0,0,33
libstudy,HTC,PGD,0.6,MIM,0.1,15.2,15.0,0,33
libstudy,HTC,PGD,0.6,MIM,0.2,15.2,15.0,0,33
libstudy,HTC,PGD,0.6,MIM,0.3,15.2,15.0,0,33
libstudy,HTC,PGD,0.6,MIM,0.4,15.2,15.0,0,33
libstudy,HTC,PGD,0.6,MIM,0.5,15.2,15.0,0,33
libstudy,HTC,PGD,0.6,MIM,0.6,15.2,15.0,0,33
libstudy,HTC,PGD,0.6,MIM,0.7,15.2,15.0,0,33
libstudy,HTC,PGD,0.6,MIM,0.8,15.2,15.0,0,33
libstudy,HTC,PGD,0.6,MIM,0.9,15.2,15.0,0,33
libstudy,HTC,PGD,0.6,MIM,1.0,15.2,15.0,0,33
libstudy,LG,PGD,0.6,MIM,0.1,15.2,15.0,0,33
libstudy,LG,PGD,0.6,MIM,0.2,15.2,15.0,0,33
libstudy,LG,PGD,0.6,MIM,0.3,15.2,15.0,0,33
libstudy,LG,PGD,0.6,MIM,0.4,15.2,15.0,0,33
libstudy,LG,PGD,0.6,MIM,0.5,15.2,15.0,0,33
libstudy,LG,PGD,0.6,MIM,0.6,15.2,15.0,0,33
libstudy,LG,PGD,0.6,MIM,0.7,15.2,15.0,0,33
libstudy,LG,PGD,0.6,MIM,0.8,15.2,15.0,0,33
libstudy,LG,PGD,0.6,MIM,0.9,15.2,15.0,0,33
libstudy,LG,PGD,0.6,MIM,1.0,15.2,15.0,0,33
libstudy,MOTO,PGD,0.6,MIM,0.1,15.2,15.0,0,33
libstudy,MOTO,PGD,0.6,MIM,0.2,15.2,15.0,0,33
libstudy,MOTO,PGD,0.6,MIM,0.3,15.2,15.0,0,33
libstudy,MOTO,PGD,0.6,MIM,0.4,15.2,15.0,0,33
libstudy,MOTO,PGD,0.6,MIM,0.5,15.2,15.0,0,33
libstudy,MOTO,PGD,0.6,MIM,0.6,15.2,15.0,0,33
libstudy,MOTO,PGD,0.6,MIM,0.7,15.2,15.0,0,33
libstudy,MOTO,PGD,0.6,MIM,0.8,15.2,15.0,0,33
libstudy,MOTO,PGD,0.6,MIM,0.9,15.2,15.0,0,33
libstudy,MOTO,PGD,0.6,MIM,1.0,15.2,15.0,0,33
libstudy,OP3,PGD,0.6,MIM,0.1,15.2,15.0,0,33
libstudy,OP3,PGD,0.6,MIM,0.2,15.2,15.0,0,33
libstudy,OP3,PGD,0.6,MIM,0.3,15.2,15.0,0,33
libstudy,OP3,PGD,0.6,MIM,0.4,15.2,15.0,0,33
libstudy,OP3,PGD,0.6,MIM,0.5,15.2,15.0,0,33
libstudy,OP3,PGD,0.6,MIM,0.6,15.2,15.0,0,33
libstudy,OP3,PGD,0.6,MIM,0.7,15.2,15.0,0,33
libstudy,OP3,PGD,0.6,MIM,0.8,15.2,15.0,0,33
libstudy,OP3,PGD,0.6,MIM,0.9,15.2,15.0,0,33
libstudy,OP3,PGD,0.6,MIM,1.0,15.2,15.0,0,33
libstudy,S7,PGD,0.6,MIM,0.1,15.2,15.0,0,33
libstudy,S7,PGD,0.6,MIM,0.2,15.2,15.0,0,33
libstudy,S7,PGD,0.6,MIM,0.3,15.2,15.0,0,33
libstudy,S7,PGD,0.6,MIM,0.4,15.2,15.0,0,33
libstudy,S7,PGD,0.6,MIM,0.5,15.2,15.0,0,33
libstudy,S7,PGD,0.6,MIM,0.6,15.2,15.0,0,33
libstudy,S7,PGD,0.6,MIM,0.7,15.2,15.0,0,33
libstudy,S7,PGD,0.6,MIM,0.8,15.2,15.0,0,33
libstudy,S7,PGD,0.6,MIM,0.9,15.2,15.0,0,33
libstudy,S7,PGD,0.6,MIM,1.0,15.2,15.0,0,33
libstudy,BLU,PGD,0.7,MIM,0.1,19.0,15.5,0,45
libstudy,BLU,PGD,0.7,MIM,0.2,19.0,15.5,0,45
libstudy,BLU,PGD,0.7,MIM,0.3,19.0,15.5,0,45
libstudy,BLU,PGD,0.7,MIM,0.4,19.0,15.5,0,45
libstudy,BLU,PGD,0.7,MIM,0.5,19.0,15.5,0,45
libstudy,BLU,PGD,0.7,MIM,0.6,19.0,15.5,0,45
libstudy,BLU,PGD,0.7,MIM,0.7,19.0,15.5,0,45
libstudy,BLU,PGD,0.7,MIM,0.8,19.0,15.5,0,45
libstudy,BLU,PGD,0.7,MIM,0.9,19.0,15.5,0,45
libstudy,BLU,PGD,0.7,MIM,1.0,19.0,15.5,0,45
libstudy,HTC,PGD,0.7,MIM,0.1,19.0,15.5,0,45
libstudy,HTC,PGD,0.7,MIM,0.2,19.0,15.5,0,45
libstudy,HTC,PGD,0.7,MIM,0.3,19.0,15.5,0,45
libstudy,HTC,PGD,0.7,MIM,0.4,19.0,15.5,0,45
libstudy,HTC,PGD,0.7,MIM,0.5,19.0,15.5,0,45
libstudy,HTC,PGD,0.7,MIM,0.6,19.0,15.5,0,45
libstudy,HTC,PGD,0.7,MIM,0.7,19.0,15.5,0,45
libstudy,HTC,PGD,0.7,MIM,0.8,19.0,15.5,0,45
libstudy,HTC,PGD,0.7,MIM,0.9,19.0,15.5,0,45
libstudy,HTC,PGD,0.7,MIM,1.0,19.0,15.5,0,45
libstudy,LG,PGD,0.7,MIM,0.1,19.0,15.5,0,45
libstudy,LG,PGD,0.7,MIM,0.2,19.0,15.5,0,45
libstudy,LG,PGD,0.7,MIM,0.3,19.0,15.5,0,45
libstudy,LG,PGD,0.7,MIM,0.4,19.0,15.5,0,45
libstudy,LG,PGD,0.7,MIM,0.5,19.0,15.5,0,45
libstudy,LG,PGD,0.7,MIM,0.6,19.0,15.5,0,45
libstudy,LG,PGD,0.7,MIM,0.7,19.0,15.5,0,45
libstudy,LG,PGD,0.7,MIM,0.8,19.0,15.5,0,45
libstudy,LG,PGD,0.7,MIM,0.9,19.0,15.5,0,45
libstudy,LG,PGD,0.7,MIM,1.0,19.0,15.5,0,45
libstudy,MOTO,PGD,0.7,MIM,0.1,19.0,15.5,0,45
libstudy,MOTO,PGD,0.7,MIM,0.2,19.0,15.5,0,45
libstudy,MOTO,PGD,0.7,MIM,0.3,19.0,15.5,0,45
libstudy,MOTO,PGD,0.7,MIM,0.4,19.0,15.5,0,45
libstudy,MOTO,PGD,0.7,MIM,0.5,19.0,15.5,0,45
libstudy,MOTO,PGD,0.7,MIM,0.6,19.0,15.5,0,45
libstudy,MOTO,PGD,0.7,MIM,0.7,19.0,15.5,0,45
libstudy,MOTO,PGD,0.7,MIM,0.8,19.0,15.5,0,45
libstudy,MOTO,PGD,0.7,MIM,0.9,19.0,15.5,0,45
libstudy,MOTO,PGD,0.7,MIM,1.0,19.0,15.5,0,45
libstudy,OP3,PGD,0.7,MIM,0.1,19.0,15.5,0,45
libstudy,OP3,PGD,0.7,MIM,0.2,19.0,15.5,0,45
libstudy,OP3,PGD,0.7,MIM,0.3,19.0,15.5,0,45
libstudy,OP3,PGD,0.7,MIM,0.4,19.0,15.5,0,45
libstudy,OP3,PGD,0.7,MIM,0.5,19.0,15.5,0,45
libstudy,OP3,PGD,0.7,MIM,0.6,19.0,15.5,0,45
libstudy,OP3,PGD,0.7,MIM,0.7,19.0,15.5,0,45
libstudy,OP3,PGD,0.7,MIM,0.8,19.0,15.5,0,45
libstudy,OP3,PGD,0.7,MIM,0.9,19.0,15.5,0,45
libstudy,OP3,PGD,0.7,MIM,1.0,19.0,15.5,0,45
libstudy,S7,PGD,0.7,MIM,0.1,19.0,15.5,0,45
libstudy,S7,PGD,0.7,MIM,0.2,19.0,15.5,0,45
libstudy,S7,PGD,0.7,MIM,0.3,19.0,15.5,0,45
libstudy,S7,PGD,0.7,MIM,0.4,19.0,15.5,0,45
libstudy,S7,PGD,0.7,MIM,0.5,19.0,15.5,0,45
libstudy,S7,PGD,0.7,MIM,0.6,19.0,15.5,0,45
libstudy,S7,PGD,0.7,MIM,0.7,19.0,15.5,0,45
libstudy,S7,PGD,0.7,MIM,0.8,19.0,15.5,0,45
libstudy,S7,PGD,0.7,MIM,0.9,19.0,15.5,0,45
libstudy,S7,PGD,0.7,MIM,1.0,19.0,15.5,0,45
libstudy,BLU,PGD,0.8,MIM,0.1,19.0,15.5,0,45
libstudy,BLU,PGD,0.8,MIM,0.2,19.0,15.5,0,45
libstudy,BLU,PGD,0.8,MIM,0.3,19.0,15.5,0,45
libstudy,BLU,PGD,0.8,MIM,0.4,19.0,15.5,0,45
libstudy,BLU,PGD,0.8,MIM,0.5,19.0,15.5,0,45
libstudy,BLU,PGD,0.8,MIM,0.6,19.0,15.5,0,45
libstudy,BLU,PGD,0.8,MIM,0.7,19.0,15.5,0,45
libstudy,BLU,PGD,0.8,MIM,0.8,19.0,15.5,0,45
libstudy,BLU,PGD,0.8,MIM,0.9,19.0,15.5,0,45
libstudy,BLU,PGD,0.8,MIM,1.0,19.0,15.5,0,45
libstudy,HTC,PGD,0.8,MIM,0.1,19.0,15.5,0,45
libstudy,HTC,PGD,0.8,MIM,0.2,19.0,15.5,0,45
libstudy,HTC,PGD,0.8,MIM,0.3,19.0,15.5,0,45
libstudy,HTC,PGD,0.8,MIM,0.4,19.0,15.5,0,45
libstudy,HTC,PGD,0.8,MIM,0.5,19.0,15.5,0,45
libstudy,HTC,PGD,0.8,MIM,0.6,19.0,15.5,0,45
libstudy,HTC,PGD,0.8,MIM,0.7,19.0,15.5,0,45
libstudy,HTC,PGD,0.8,MIM,0.8,19.0,15.5,0,45
libstudy,HTC,PGD,0.8,MIM,0.9,19.0,15.5,0,45
libstudy,HTC,PGD,0.8,MIM,1.0,19.0,15.5,0,45
libstudy,LG,PGD,0.8,MIM,0.1,19.0,15.5,0,45
libstudy,LG,PGD,0.8,MIM,0.2,19.0,15.5,0,45
libstudy,LG,PGD,0.8,MIM,0.3,19.0,15.5,0,45
libstudy,LG,PGD,0.8,MIM,0.4,19.0,15.5,0,45
libstudy,LG,PGD,0.8,MIM,0.5,19.0,15.5,0,45
libstudy,LG,PGD,0.8,MIM,0.6,19.0,15.5,0,45
libstudy,LG,PGD,0.8,MIM,0.7,19.0,15.5,0,45
libstudy,LG,PGD,0.8,MIM,0.8,19.0,15.5,0,45
libstudy,LG,PGD,0.8,MIM,0.9,19.0,15.5,0,45
libstudy,LG,PGD,0.8,MIM,1.0,19.0,15.5,0,45
libstudy,MOTO,PGD,0.8,MIM,0.1,19.0,15.5,0,45
libstudy,MOTO,PGD,0.8,MIM,0.2,19.0,15.5,0,45
libstudy,MOTO,PGD,0.8,MIM,0.3,19.0,15.5,0,45
libstudy,MOTO,PGD,0.8,MIM,0.4,19.0,15.5,0,45
libstudy,MOTO,PGD,0.8,MIM,0.5,19.0,15.5,0,45
libstudy,MOTO,PGD,0.8,MIM,0.6,19.0,15.5,0,45
libstudy,MOTO,PGD,0.8,MIM,0.7,19.0,15.5,0,45
libstudy,MOTO,PGD,0.8,MIM,0.8,19.0,15.5,0,45
libstudy,MOTO,PGD,0.8,MIM,0.9,19.0,15.5,0,45
libstudy,MOTO,PGD,0.8,MIM,1.0,19.0,15.5,0,45
libstudy,OP3,PGD,0.8,MIM,0.1,19.0,15.5,0,45
libstudy,OP3,PGD,0.8,MIM,0.2,19.0,15.5,0,45
libstudy,OP3,PGD,0.8,MIM,0.3,19.0,15.5,0,45
libstudy,OP3,PGD,0.8,MIM,0.4,19.0,15.5,0,45
libstudy,OP3,PGD,0.8,MIM,0.5,19.0,15.5,0,45
libstudy,OP3,PGD,0.8,MIM,0.6,19.0,15.5,0,45
libstudy,OP3,PGD,0.8,MIM,0.7,19.0,15.5,0,45
libstudy,OP3,PGD,0.8,MIM,0.8,19.0,15.5,0,45
libstudy,OP3,PGD,0.8,MIM,0.9,19.0,15.5,0,45
libstudy,OP3,PGD,0.8,MIM,1.0,19.0,15.5,0,45
libstudy,S7,PGD,0.8,MIM,0.1,19.0,15.5,0,45
libstudy,S7,PGD,0.8,MIM,0.2,19.0,15.5,0,45
libstudy,S7,PGD,0.8,MIM,0.3,19.0,15.5,0,45
libstudy,S7,PGD,0.8,MIM,0.4,19.0,15.5,0,45
libstudy,S7,PGD,0.8,MIM,0.5,19.0,15.5,0,45
libstudy,S7,PGD,0.8,MIM,0.6,19.0,15.5,0,45
libstudy,S7,PGD,0.8,MIM,0.7,19.0,15.5,0,45
libstudy,S7,PGD,0.8,MIM,0.8,19.0,15.5,0,45
libstudy,S7,PGD,0.8,MIM,0.9,19.0,15.5,0,45
libstudy,S7,PGD,0.8,MIM,1.0,19.0,15.5,0,45
libstudy,BLU,PGD,0.9,MIM,0.1,25.0,24.5,0,54
libstudy,BLU,PGD,0.9,MIM,0.2,25.0,24.5,0,54
libstudy,BLU,PGD,0.9,MIM,0.3,25.0,24.5,0,54
libstudy,BLU,PGD,0.9,MIM,0.4,25.0,24.5,0,54
libstudy,BLU,PGD,0.9,MIM,0.5,25.0,24.5,0,54
libstudy,BLU,PGD,0.9,MIM,0.6,25.0,24.5,0,54
libstudy,BLU,PGD,0.9,MIM,0.7,25.0,24.5,0,54
libstudy,BLU,PGD,0.9,MIM,0.8,25.0,24.5,0,54
libstudy,BLU,PGD,0.9,MIM,0.9,25.0,24.5,0,54
libstudy,BLU,PGD,0.9,MIM,1.0,25.0,24.5,0,54
libstudy,HTC,PGD,0.9,MIM,0.1,25.0,24.5,0,54
libstudy,HTC,PGD,0.9,MIM,0.2,25.0,24.5,0,54
libstudy,HTC,PGD,0.9,MIM,0.3,25.0,24.5,0,54
libstudy,HTC,PGD,0.9,MIM,0.4,25.0,24.5,0,54
libstudy,HTC,PGD,0.9,MIM,0.5,25.0,24.5,0,54
libstudy,HTC,PGD,0.9,MIM,0.6,25.0,24.5,0,54
libstudy,HTC,PGD,0.9,MIM,0.7,25.0,24.5,0,54
libstudy,HTC,PGD,0.9,MIM,0.8,25.0,24.5,0,54
libstudy,HTC,PGD,0.9,MIM,0.9,25.0,24.5,0,54
libstudy,HTC,PGD,0.9,MIM,1.0,25.0,24.5,0,54
libstudy,LG,PGD,0.9,MIM,0.1,25.0,24.5,0,54
libstudy,LG,PGD,0.9,MIM,0.2,25.0,24.5,0,54
libstudy,LG,PGD,0.9,MIM,0.3,25.0,24.5,0,54
libstudy,LG,PGD,0.9,MIM,0.4,25.0,24.5,0,54
libstudy,LG,PGD,0.9,MIM,0.5,25.0,24.5,0,54
libstudy,LG,PGD,0.9,MIM,0.6,25.0,24.5,0,54
libstudy,LG,PGD,0.9,MIM,0.7,25.0,24.5,0,54
libstudy,LG,PGD,0.9,MIM,0.8,25.0,24.5,0,54
libstudy,LG,PGD,0.9,MIM,0.9,25.0,24.5,0,54
libstudy,LG,PGD,0.9,MIM,1.0,25.0,24.5,0,54
libstudy,MOTO,PGD,0.9,MIM,0.1,25.0,24.5,0,54
libstudy,MOTO,PGD,0.9,MIM,0.2,25.0,24.5,0,54
libstudy,MOTO,PGD,0.9,MIM,0.3,25.0,24.5,0,54
libstudy,MOTO,PGD,0.9,MIM,0.4,25.0,24.5,0,54
libstudy,MOTO,PGD,0.9,MIM,0.5,25.0,24.5,0,54
libstudy,MOTO,PGD,0.9,MIM,0.6,25.0,24.5,0,54
libstudy,MOTO,PGD,0.9,MIM,0.7,25.0,24.5,0,54
libstudy,MOTO,PGD,0.9,MIM,0.8,25.0,24.5,0,54
libstudy,MOTO,PGD,0.9,MIM,0.9,25.0,24.5,0,54
libstudy,MOTO,PGD,0.9,MIM,1.0,25.0,24.5,0,54
libstudy,OP3,PGD,0.9,MIM,0.1,25.0,24.5,0,54
libstudy,OP3,PGD,0.9,MIM,0.2,25.0,24.5,0,54
libstudy,OP3,PGD,0.9,MIM,0.3,25.0,24.5,0,54
libstudy,OP3,PGD,0.9,MIM,0.4,25.0,24.5,0,54
libstudy,OP3,PGD,0.9,MIM,0.5,25.0,24.5,0,54
libstudy,OP3,PGD,0.9,MIM,0.6,25.0,24.5,0,54
libstudy,OP3,PGD,0.9,MIM,0.7,25.0,24.5,0,54
libstudy,OP3,PGD,0.9,MIM,0.8,25.0,24.5,0,54
libstudy,OP3,PGD,0.9,MIM,0.9,25.0,24.5,0,54
libstudy,OP3,PGD,0.9,MIM,1.0,25.0,24.5,0,54
libstudy,S7,PGD,0.9,MIM,0.1,25.0,24.5,0,54
libstudy,S7,PGD,0.9,MIM,0.2,25.0,24.5,0,54
libstudy,S7,PGD,0.9,MIM,0.3,25.0,24.5,0,54
libstudy,S7,PGD,0.9,MIM,0.4,25.0,24.5,0,54
libstudy,S7,PGD,0.9,MIM,0.5,25.0,24.5,0,54
libstudy,S7,PGD,0.9,MIM,0.6,25.0,24.5,0,54
libstudy,S7,PGD,0.9,MIM,0.7,25.0,24.5,0,54
libstudy,S7,PGD,0.9,MIM,0.8,25.0,24.5,0,54
libstudy,S7,PGD,0.9,MIM,0.9,25.0,24.5,0,54
libstudy,S7,PGD,0.9,MIM,1.0,25.0,24.5,0,54
libstudy,BLU,PGD,1.0,MIM,0.1,22.7,21.5,0,51
libstudy,BLU,PGD,1.0,MIM,0.2,22.7,21.5,0,51
libstudy,BLU,PGD,1.0,MIM,0.3,22.7,21.5,0,51
libstudy,BLU,PGD,1.0,MIM,0.4,22.7,21.5,0,51
libstudy,BLU,PGD,1.0,MIM,0.5,22.7,21.5,0,51
libstudy,BLU,PGD,1.0,MIM,0.6,22.7,21.5,0,51
libstudy,BLU,PGD,1.0,MIM,0.7,22.7,21.5,0,51
libstudy,BLU,PGD,1.0,MIM,0.8,22.7,21.5,0,51
libstudy,BLU,PGD,1.0,MIM,0.9,22.7,21.5,0,51
libstudy,BLU,PGD,1.0,MIM,1.0,22.7,21.5,0,51
libstudy,HTC,PGD,1.0,MIM,0.1,22.7,21.5,0,51
libstudy,HTC,PGD,1.0,MIM,0.2,22.7,21.5,0,51
libstudy,HTC,PGD,1.0,MIM,0.3,22.7,21.5,0,51
libstudy,HTC,PGD,1.0,MIM,0.4,22.7,21.5,0,51
libstudy,HTC,PGD,1.0,MIM,0.5,22.7,21.5,0,51
libstudy,HTC,PGD,1.0,MIM,0.6,22.7,21.5,0,51
libstudy,HTC,PGD,1.0,MIM,0.7,22.7,21.5,0,51
libstudy,HTC,PGD,1.0,MIM,0.8,22.7,21.5,0,51
libstudy,HTC,PGD,1.0,MIM,0.9,22.7,21.5,0,51
libstudy,HTC,PGD,1.0,MIM,1.0,22.7,21.5,0,51
libstudy,LG,PGD,1.0,MIM,0.1,22.7,21.5,0,51
libstudy,LG,PGD,1.0,MIM,0.2,22.7,21.5,0,51
libstudy,LG,PGD,1.0,MIM,0.3,22.7,21.5,0,51
libstudy,LG,PGD,1.0,MIM,0.4,22.7,21.5,0,51
libstudy,LG,PGD,1.0,MIM,0.5,22.7,21.5,0,51
libstudy,LG,PGD,1.0,MIM,0.6,22.7,21.5,0,51
libstudy,LG,PGD,1.0,MIM,0.7,22.7,21.5,0,51
libstudy,LG,PGD,1.0,MIM,0.8,22.7,21.5,0,51
libstudy,LG,PGD,1.0,MIM,0.9,22.7,21.5,0,51
libstudy,LG,PGD,1.0,MIM,1.0,22.7,21.5,0,51
libstudy,MOTO,PGD,1.0,MIM,0.1,22.7,21.5,0,51
libstudy,MOTO,PGD,1.0,MIM,0.2,22.7,21.5,0,51
libstudy,MOTO,PGD,1.0,MIM,0.3,22.7,21.5,0,51
libstudy,MOTO,PGD,1.0,MIM,0.4,22.7,21.5,0,51
libstudy,MOTO,PGD,1.0,MIM,0.5,22.7,21.5,0,51
libstudy,MOTO,PGD,1.0,MIM,0.6,22.7,21.5,0,51
libstudy,MOTO,PGD,1.0,MIM,0.7,22.7,21.5,0,51
libstudy,MOTO,PGD,1.0,MIM,0.8,22.7,21.5,0,51
libstudy,MOTO,PGD,1.0,MIM,0.9,22.7,21.5,0,51
libstudy,MOTO,PGD,1.0,MIM,1.0,22.7,21.5,0,51
libstudy,OP3,PGD,1.0,MIM,0.1,22.7,21.5,0,51
libstudy,OP3,PGD,1.0,MIM,0.2,22.7,21.5,0,51
libstudy,OP3,PGD,1.0,MIM,0.3,22.7,21.5,0,51
libstudy,OP3,PGD,1.0,MIM,0.4,22.7,21.5,0,51
libstudy,OP3,PGD,1.0,MIM,0.5,22.7,21.5,0,51
libstudy,OP3,PGD,1.0,MIM,0.6,22.7,21.5,0,51
libstudy,OP3,PGD,1.0,MIM,0.7,22.7,21.5,0,51
libstudy,OP3,PGD,1.0,MIM,0.8,22.7,21.5,0,51
libstudy,OP3,PGD,1.0,MIM,0.9,22.7,21.5,0,51
libstudy,OP3,PGD,1.0,MIM,1.0,22.7,21.5,0,51
libstudy,S7,PGD,1.0,MIM,0.1,22.7,21.5,0,51
libstudy,S7,PGD,1.0,MIM,0.2,22.7,21.5,0,51
libstudy,S7,PGD,1.0,MIM,0.3,22.7,21.5,0,51
libstudy,S7,PGD,1.0,MIM,0.4,22.7,21.5,0,51
libstudy,S7,PGD,1.0,MIM,0.5,22.7,21.5,0,51
libstudy,S7,PGD,1.0,MIM,0.6,22.7,21.5,0,51
libstudy,S7,PGD,1.0,MIM,0.7,22.7,21.5,0,51
libstudy,S7,PGD,1.0,MIM,0.8,22.7,21.5,0,51
libstudy,S7,PGD,1.0,MIM,0.9,22.7,21.5,0,51
libstudy,S7,PGD,1.0,MIM,1.0,22.7,21.5,0,51
libstudy,BLU,MIM,0.1,MIM,0.1,21.333333333333332,19.5,0,49
libstudy,BLU,MIM,0.1,MIM,0.2,21.333333333333332,19.5,0,49
libstudy,BLU,MIM,0.1,MIM,0.3,21.333333333333332,19.5,0,49
libstudy,BLU,MIM,0.1,MIM,0.4,21.333333333333332,19.5,0,49
libstudy,BLU,MIM,0.1,MIM,0.5,21.333333333333332,19.5,0,49
libstudy,BLU,MIM,0.1,MIM,0.6,21.333333333333332,19.5,0,49
libstudy,BLU,MIM,0.1,MIM,0.7,21.333333333333332,19.5,0,49
libstudy,BLU,MIM,0.1,MIM,0.8,21.333333333333332,19.5,0,49
libstudy,BLU,MIM,0.1,MIM,0.9,21.333333333333332,19.5,0,49
libstudy,BLU,MIM,0.1,MIM,1.0,21.333333333333332,19.5,0,49
libstudy,HTC,MIM,0.1,MIM,0.1,21.333333333333332,19.5,0,49
libstudy,HTC,MIM,0.1,MIM,0.2,21.333333333333332,19.5,0,49
libstudy,HTC,MIM,0.1,MIM,0.3,21.333333333333332,19.5,0,49
libstudy,HTC,MIM,0.1,MIM,0.4,21.333333333333332,19.5,0,49
libstudy,HTC,MIM,0.1,MIM,0.5,21.333333333333332,19.5,0,49
libstudy,HTC,MIM,0.1,MIM,0.6,21.333333333333332,19.5,0,49
libstudy,HTC,MIM,0.1,MIM,0.7,21.333333333333332,19.5,0,49
libstudy,HTC,MIM,0.1,MIM,0.8,21.333333333333332,19.5,0,49
libstudy,HTC,MIM,0.1,MIM,0.9,21.333333333333332,19.5,0,49
libstudy,HTC,MIM,0.1,MIM,1.0,21.333333333333332,19.5,0,49
libstudy,LG,MIM,0.1,MIM,0.1,21.333333333333332,19.5,0,49
libstudy,LG,MIM,0.1,MIM,0.2,21.333333333333332,19.5,0,49
libstudy,LG,MIM,0.1,MIM,0.3,21.333333333333332,19.5,0,49
libstudy,LG,MIM,0.1,MIM,0.4,21.333333333333332,19.5,0,49
libstudy,LG,MIM,0.1,MIM,0.5,21.333333333333332,19.5,0,49
libstudy,LG,MIM,0.1,MIM,0.6,21.333333333333332,19.5,0,49
libstudy,LG,MIM,0.1,MIM,0.7,21.333333333333332,19.5,0,49
libstudy,LG,MIM,0.1,MIM,0.8,21.333333333333332,19.5,0,49
libstudy,LG,MIM,0.1,MIM,0.9,21.333333333333332,19.5,0,49
libstudy,LG,MIM,0.1,MIM,1.0,21.333333333333332,19.5,0,49
libstudy,MOTO,MIM,0.1,MIM,0.1,21.333333333333332,19.5,0,49
libstudy,MOTO,MIM,0.1,MIM,0.2,21.333333333333332,19.5,0,49
libstudy,MOTO,MIM,0.1,MIM,0.3,21.333333333333332,19.5,0,49
libstudy,MOTO,MIM,0.1,MIM,0.4,21.333333333333332,19.5,0,49
libstudy,MOTO,MIM,0.1,MIM,0.5,21.333333333333332,19.5,0,49
libstudy,MOTO,MIM,0.1,MIM,0.6,21.333333333333332,19.5,0,49
libstudy,MOTO,MIM,0.1,MIM,0.7,21.333333333333332,19.5,0,49
libstudy,MOTO,MIM,0.1,MIM,0.8,21.333333333333332,19.5,0,49
libstudy,MOTO,MIM,0.1,MIM,0.9,21.333333333333332,19.5,0,49
libstudy,MOTO,MIM,0.1,MIM,1.0,21.333333333333332,19.5,0,49
libstudy,OP3,MIM,0.1,MIM,0.1,21.333333333333332,19.5,0,49
libstudy,OP3,MIM,0.1,MIM,0.2,21.333333333333332,19.5,0,49
libstudy,OP3,MIM,0.1,MIM,0.3,21.333333333333332,19.5,0,49
libstudy,OP3,MIM,0.1,MIM,0.4,21.333333333333332,19.5,0,49
libstudy,OP3,MIM,0.1,MIM,0.5,21.333333333333332,19.5,0,49
libstudy,OP3,MIM,0.1,MIM,0.6,21.333333333333332,19.5,0,49
libstudy,OP3,MIM,0.1,MIM,0.7,21.333333333333332,19.5,0,49
libstudy,OP3,MIM,0.1,MIM,0.8,21.333333333333332,19.5,0,49
libstudy,OP3,MIM,0.1,MIM,0.9,21.333333333333332,19.5,0,49
libstudy,OP3,MIM,0.1,MIM,1.0,21.333333333333332,19.5,0,49
libstudy,S7,MIM,0.1,MIM,0.1,21.333333333333332,19.5,0,49
libstudy,S7,MIM,0.1,MIM,0.2,21.333333333333332,19.5,0,49
libstudy,S7,MIM,0.1,MIM,0.3,21.333333333333332,19.5,0,49
libstudy,S7,MIM,0.1,MIM,0.4,21.333333333333332,19.5,0,49
libstudy,S7,MIM,0.1,MIM,0.5,21.333333333333332,19.5,0,49
libstudy,S7,MIM,0.1,MIM,0.6,21.333333333333332,19.5,0,49
libstudy,S7,MIM,0.1,MIM,0.7,21.333333333333332,19.5,0,49
libstudy,S7,MIM,0.1,MIM,0.8,21.333333333333332,19.5,0,49
libstudy,S7,MIM,0.1,MIM,0.9,21.333333333333332,19.5,0,49
libstudy,S7,MIM,0.1,MIM,1.0,21.333333333333332,19.5,0,49
libstudy,BLU,MIM,0.2,MIM,0.1,25.833333333333332,25.5,0,55
libstudy,BLU,MIM,0.2,MIM,0.2,25.833333333333332,25.5,0,55
libstudy,BLU,MIM,0.2,MIM,0.3,25.833333333333332,25.5,0,55
libstudy,BLU,MIM,0.2,MIM,0.4,25.833333333333332,25.5,0,55
libstudy,BLU,MIM,0.2,MIM,0.5,25.833333333333332,25.5,0,55
libstudy,BLU,MIM,0.2,MIM,0.6,25.833333333333332,25.5,0,55
libstudy,BLU,MIM,0.2,MIM,0.7,25.833333333333332,25.5,0,55
libstudy,BLU,MIM,0.2,MIM,0.8,25.833333333333332,25.5,0,55
libstudy,BLU,MIM,0.2,MIM,0.9,25.833333333333332,25.5,0,55
libstudy,BLU,MIM,0.2,MIM,1.0,25.833333333333332,25.5,0,55
libstudy,HTC,MIM,0.2,MIM,0.1,25.833333333333332,25.5,0,55
libstudy,HTC,MIM,0.2,MIM,0.2,25.833333333333332,25.5,0,55
libstudy,HTC,MIM,0.2,MIM,0.3,25.833333333333332,25.5,0,55
libstudy,HTC,MIM,0.2,MIM,0.4,25.833333333333332,25.5,0,55
libstudy,HTC,MIM,0.2,MIM,0.5,25.833333333333332,25.5,0,55
libstudy,HTC,MIM,0.2,MIM,0.6,25.833333333333332,25.5,0,55
libstudy,HTC,MIM,0.2,MIM,0.7,25.833333333333332,25.5,0,55
libstudy,HTC,MIM,0.2,MIM,0.8,25.833333333333332,25.5,0,55
libstudy,HTC,MIM,0.2,MIM,0.9,25.833333333333332,25.5,0,55
libstudy,HTC,MIM,0.2,MIM,1.0,25.833333333333332,25.5,0,55
libstudy,LG,MIM,0.2,MIM,0.1,25.833333333333332,25.5,0,55
libstudy,LG,MIM,0.2,MIM,0.2,25.833333333333332,25.5,0,55
libstudy,LG,MIM,0.2,MIM,0.3,25.833333333333332,25.5,0,55
libstudy,LG,MIM,0.2,MIM,0.4,25.833333333333332,25.5,0,55
libstudy,LG,MIM,0.2,MIM,0.5,25.833333333333332,25.5,0,55
libstudy,LG,MIM,0.2,MIM,0.6,25.833333333333332,25.5,0,55
libstudy,LG,MIM,0.2,MIM,0.7,25.833333333333332,25.5,0,55
libstudy,LG,MIM,0.2,MIM,0.8,25.833333333333332,25.5,0,55
libstudy,LG,MIM,0.2,MIM,0.9,25.833333333333332,25.5,0,55
libstudy,LG,MIM,0.2,MIM,1.0,25.833333333333332,25.5,0,55
libstudy,MOTO,MIM,0.2,MIM,0.1,25.833333333333332,25.5,0,55
libstudy,MOTO,MIM,0.2,MIM,0.2,25.833333333333332,25.5,0,55
libstudy,MOTO,MIM,0.2,MIM,0.3,25.833333333333332,25.5,0,55
libstudy,MOTO,MIM,0.2,MIM,0.4,25.833333333333332,25.5,0,55
libstudy,MOTO,MIM,0.2,MIM,0.5,25.833333333333332,25.5,0,55
libstudy,MOTO,MIM,0.2,MIM,0.6,25.833333333333332,25.5,0,55
libstudy,MOTO,MIM,0.2,MIM,0.7,25.833333333333332,25.5,0,55
libstudy,MOTO,MIM,0.2,MIM,0.8,25.833333333333332,25.5,0,55
libstudy,MOTO,MIM,0.2,MIM,0.9,25.833333333333332,25.5,0,55
libstudy,MOTO,MIM,0.2,MIM,1.0,25.833333333333332,25.5,0,55
libstudy,OP3,MIM,0.2,MIM,0.1,25.833333333333332,25.5,0,55
libstudy,OP3,MIM,0.2,MIM,0.2,25.833333333333332,25.5,0,55
libstudy,OP3,MIM,0.2,MIM,0.3,25.833333333333332,25.5,0,55
libstudy,OP3,MIM,0.2,MIM,0.4,25.833333333333332,25.5,0,55
libstudy,OP3,MIM,0.2,MIM,0.5,25.833333333333332,25.5,0,55
libstudy,OP3,MIM,0.2,MIM,0.6,25.833333333333332,25.5,0,55
libstudy,OP3,MIM,0.2,MIM,0.7,25.833333333333332,25.5,0,55
libstudy,OP3,MIM,0.2,MIM,0.8,25.833333333333332,25.5,0,55
libstudy,OP3,MIM,0.2,MIM,0.9,25.833333333333332,25.5,0,55
libstudy,OP3,MIM,0.2,MIM,1.0,25.833333333333332,25.5,0,55
libstudy,S7,MIM,0.2,MIM,0.1,25.833333333333332,25.5,0,55
libstudy,S7,MIM,0.2,MIM,0.2,25.833333333333332,25.5,0,55
libstudy,S7,MIM,0.2,MIM,0.3,25.833333333333332,25.5,0,55
libstudy,S7,MIM,0.2,MIM,0.4,25.833333333333332,25.5,0,55
libstudy,S7,MIM,0.2,MIM,0.5,25.833333333333332,25.5,0,55
libstudy,S7,MIM,0.2,MIM,0.6,25.833333333333332,25.5,0,55
libstudy,S7,MIM,0.2,MIM,0.7,25.833333333333332,25.5,0,55
libstudy,S7,MIM,0.2,MIM,0.8,25.833333333333332,25.5,0,55
libstudy,S7,MIM,0.2,MIM,0.9,25.833333333333332,25.5,0,55
libstudy,S7,MIM,0.2,MIM,1.0,25.833333333333332,25.5,0,55
libstudy,BLU,MIM,0.3,MIM,0.1,15.2,15.0,0,33
libstudy,BLU,MIM,0.3,MIM,0.2,15.2,15.0,0,33
libstudy,BLU,MIM,0.3,MIM,0.3,15.2,15.0,0,33
libstudy,BLU,MIM,0.3,MIM,0.4,15.2,15.0,0,33
libstudy,BLU,MIM,0.3,MIM,0.5,15.2,15.0,0,33
libstudy,BLU,MIM,0.3,MIM,0.6,15.2,15.0,0,33
libstudy,BLU,MIM,0.3,MIM,0.7,15.2,15.0,0,33
libstudy,BLU,MIM,0.3,MIM,0.8,15.2,15.0,0,33
libstudy,BLU,MIM,0.3,MIM,0.9,15.2,15.0,0,33
libstudy,BLU,MIM,0.3,MIM,1.0,15.2,15.0,0,33
libstudy,HTC,MIM,0.3,MIM,0.1,15.2,15.0,0,33
libstudy,HTC,MIM,0.3,MIM,0.2,15.2,15.0,0,33
libstudy,HTC,MIM,0.3,MIM,0.3,15.2,15.0,0,33
libstudy,HTC,MIM,0.3,MIM,0.4,15.2,15.0,0,33
libstudy,HTC,MIM,0.3,MIM,0.5,15.2,15.0,0,33
libstudy,HTC,MIM,0.3,MIM,0.6,15.2,15.0,0,33
libstudy,HTC,MIM,0.3,MIM,0.7,15.2,15.0,0,33
libstudy,HTC,MIM,0.3,MIM,0.8,15.2,15.0,0,33
libstudy,HTC,MIM,0.3,MIM,0.9,15.2,15.0,0,33
libstudy,HTC,MIM,0.3,MIM,1.0,15.2,15.0,0,33
libstudy,LG,MIM,0.3,MIM,0.1,15.2,15.0,0,33
libstudy,LG,MIM,0.3,MIM,0.2,15.2,15.0,0,33
libstudy,LG,MIM,0.3,MIM,0.3,15.2,15.0,0,33
libstudy,LG,MIM,0.3,MIM,0.4,15.2,15.0,0,33
libstudy,LG,MIM,0.3,MIM,0.5,15.2,15.0,0,33
libstudy,LG,MIM,0.3,MIM,0.6,15.2,15.0,0,33
libstudy,LG,MIM,0.3,MIM,0.7,15.2,15.0,0,33
libstudy,LG,MIM,0.3,MIM,0.8,15.2,15.0,0,33
libstudy,LG,MIM,0.3,MIM,0.9,15.2,15.0,0,33
libstudy,LG,MIM,0.3,MIM,1.0,15.2,15.0,0,33
libstudy,MOTO,MIM,0.3,MIM,0.1,15.2,15.0,0,33
libstudy,MOTO,MIM,0.3,MIM,0.2,15.2,15.0,0,33
libstudy,MOTO,MIM,0.3,MIM,0.3,15.2,15.0,0,33
libstudy,MOTO,MIM,0.3,MIM,0.4,15.2,15.0,0,33
libstudy,MOTO,MIM,0.3,MIM,0.5,15.2,15.0,0,33
libstudy,MOTO,MIM,0.3,MIM,0.6,15.2,15.0,0,33
libstudy,MOTO,MIM,0.3,MIM,0.7,15.2,15.0,0,33
libstudy,MOTO,MIM,0.3,MIM,0.8,15.2,15.0,0,33
libstudy,MOTO,MIM,0.3,MIM,0.9,15.2,15.0,0,33
libstudy,MOTO,MIM,0.3,MIM,1.0,15.2,15.0,0,33
libstudy,OP3,MIM,0.3,MIM,0.1,15.2,15.0,0,33
libstudy,OP3,MIM,0.3,MIM,0.2,15.2,15.0,0,33
libstudy,OP3,MIM,0.3,MIM,0.3,15.2,15.0,0,33
libstudy,OP3,MIM,0.3,MIM,0.4,15.2,15.0,0,33
libstudy,OP3,MIM,0.3,MIM,0.5,15.2,15.0,0,33
libstudy,OP3,MIM,0.3,MIM,0.6,15.2,15.0,0,33
libstudy,OP3,MIM,0.3,MIM,0.7,15.2,15.0,0,33
libstudy,OP3,MIM,0.3,MIM,0.8,15.2,15.0,0,33
libstudy,OP3,MIM,0.3,MIM,0.9,15.2,15.0,0,33
libstudy,OP3,MIM,0.3,MIM,1.0,15.2,15.0,0,33
libstudy,S7,MIM,0.3,MIM,0.1,15.2,15.0,0,33
libstudy,S7,MIM,0.3,MIM,0.2,15.2,15.0,0,33
libstudy,S7,MIM,0.3,MIM,0.3,15.2,15.0,0,33
libstudy,S7,MIM,0.3,MIM,0.4,15.2,15.0,0,33
libstudy,S7,MIM,0.3,MIM,0.5,15.2,15.0,0,33
libstudy,S7,MIM,0.3,MIM,0.6,15.2,15.0,0,33
libstudy,S7,MIM,0.3,MIM,0.7,15.2,15.0,0,33
libstudy,S7,MIM,0.3,MIM,0.8,15.2,15.0,0,33
libstudy,S7,MIM,0.3,MIM,0.9,15.2,15.0,0,33
libstudy,S7,MIM,0.3,MIM,1.0,15.2,15.0,0,33
libstudy,BLU,MIM,0.4,MIM,0.1,15.0,15.0,0,30
libstudy,BLU,MIM,0.4,MIM,0.2,15.0,15.0,0,30
libstudy,BLU,MIM,0.4,MIM,0.3,15.0,15.0,0,30
libstudy,BLU,MIM,0.4,MIM,0.4,15.0,15.0,0,30
libstudy,BLU,MIM,0.4,MIM,0.5,15.0,15.0,0,30
libstudy,BLU,MIM,0.4,MIM,0.6,15.0,15.0,0,30
libstudy,BLU,MIM,0.4,MIM,0.7,15.0,15.0,0,30
libstudy,BLU,MIM,0.4,MIM,0.8,15.0,15.0,0,30
libstudy,BLU,MIM,0.4,MIM,0.9,15.0,15.0,0,30
libstudy,BLU,MIM,0.4,MIM,1.0,15.0,15.0,0,30
libstudy,HTC,MIM,0.4,MIM,0.1,15.0,15.0,0,30
libstudy,HTC,MIM,0.4,MIM,0.2,15.0,15.0,0,30
libstudy,HTC,MIM,0.4,MIM,0.3,15.0,15.0,0,30
libstudy,HTC,MIM,0.4,MIM,0.4,15.0,15.0,0,30
libstudy,HTC,MIM,0.4,MIM,0.5,15.0,15.0,0,30
libstudy,HTC,MIM,0.4,MIM,0.6,15.0,15.0,0,30
libstudy,HTC,MIM,0.4,MIM,0.7,15.0,15.0,0,30
libstudy,HTC,MIM,0.4,MIM,0.8,15.0,15.0,0,30
libstudy,HTC,MIM,0.4,MIM,0.9,15.0,15.0,0,30
libstudy,HTC,MIM,0.4,MIM,1.0,15.0,15.0,0,30
libstudy,LG,MIM,0.4,MIM,0.1,15.0,15.0,0,30
libstudy,LG,MIM,0.4,MIM,0.2,15.0,15.0,0,30
libstudy,LG,MIM,0.4,MIM,0.3,15.0,15.0,0,30
libstudy,LG,MIM,0.4,MIM,0.4,15.0,15.0,0,30
libstudy,LG,MIM,0.4,MIM,0.5,15.0,15.0,0,30
libstudy,LG,MIM,0.4,MIM,0.6,15.0,15.0,0,30
libstudy,LG,MIM,0.4,MIM,0.7,15.0,15.0,0,30
libstudy,LG,MIM,0.4,MIM,0.8,15.0,15.0,0,30
libstudy,LG,MIM,0.4,MIM,0.9,15.0,15.0,0,30
libstudy,LG,MIM,0.4,MIM,1.0,15.0,15.0,0,30
libstudy,MOTO,MIM,0.4,MIM,0.1,15.0,15.0,0,30
libstudy,MOTO,MIM,0.4,MIM,0.2,15.0,15.0,0,30
libstudy,MOTO,MIM,0.4,MIM,0.3,15.0,15.0,0,30
libstudy,MOTO,MIM,0.4,MIM,0.4,15.0,15.0,0,30
libstudy,MOTO,MIM,0.4,MIM,0.5,15.0,15.0,0,30
libstudy,MOTO,MIM,0.4,MIM,0.6,15.0,15.0,0,30
libstudy,MOTO,MIM,0.4,MIM,0.7,15.0,15.0,0,30
libstudy,MOTO,MIM,0.4,MIM,0.8,15.0,15.0,0,30
libstudy,MOTO,MIM,0.4,MIM,0.9,15.0,15.0,0,30
libstudy,MOTO,MIM,0.4,MIM,1.0,15.0,15.0,0,30
libstudy,OP3,MIM,0.4,MIM,0.1,15.0,15.0,0,30
libstudy,OP3,MIM,0.4,MIM,0.2,15.0,15.0,0,30
libstudy,OP3,MIM,0.4,MIM,0.3,15.0,15.0,0,30
libstudy,OP3,MIM,0.4,MIM,0.4,15.0,15.0,0,30
libstudy,OP3,MIM,0.4,MIM,0.5,15.0,15.0,0,30
libstudy,OP3,MIM,0.4,MIM,0.6,15.0,15.0,0,30
libstudy,OP3,MIM,0.4,MIM,0.7,15.0,15.0,0,30
libstudy,OP3,MIM,0.4,MIM,0.8,15.0,15.0,0,30
libstudy,OP3,MIM,0.4,MIM,0.9,15.0,15.0,0,30
libstudy,OP3,MIM,0.4,MIM,1.0,15.0,15.0,0,30
libstudy,S7,MIM,0.4,MIM,0.1,15.0,15.0,0,30
libstudy,S7,MIM,0.4,MIM,0.2,15.0,15.0,0,30
libstudy,S7,MIM,0.4,MIM,0.3,15.0,15.0,0,30
libstudy,S7,MIM,0.4,MIM,0.4,15.0,15.0,0,30
libstudy,S7,MIM,0.4,MIM,0.5,15.0,15.0,0,30
libstudy,S7,MIM,0.4,MIM,0.6,15.0,15.0,0,30
libstudy,S7,MIM,0.4,MIM,0.7,15.0,15.0,0,30
libstudy,S7,MIM,0.4,MIM,0.8,15.0,15.0,0,30
libstudy,S7,MIM,0.4,MIM,0.9,15.0,15.0,0,30
libstudy,S7,MIM,0.4,MIM,1.0,15.0,15.0,0,30
libstudy,BLU,MIM,0.5,MIM,0.1,18.5,15.0,0,44
libstudy,BLU,MIM,0.5,MIM,0.2,18.5,15.0,0,44
libstudy,BLU,MIM,0.5,MIM,0.3,18.5,15.0,0,44
libstudy,BLU,MIM,0.5,MIM,0.4,18.5,15.0,0,44
libstudy,BLU,MIM,0.5,MIM,0.5,18.5,15.0,0,44
libstudy,BLU,MIM,0.5,MIM,0.6,18.5,15.0,0,44
libstudy,BLU,MIM,0.5,MIM,0.7,18.5,15.0,0,44
libstudy,BLU,MIM,0.5,MIM,0.8,18.5,15.0,0,44
libstudy,BLU,MIM,0.5,MIM,0.9,18.5,15.0,0,44
libstudy,BLU,MIM,0.5,MIM,1.0,18.5,15.0,0,44
libstudy,HTC,MIM,0.5,MIM,0.1,18.5,15.0,0,44
libstudy,HTC,MIM,0.5,MIM,0.2,18.5,15.0,0,44
libstudy,HTC,MIM,0.5,MIM,0.3,18.5,15.0,0,44
libstudy,HTC,MIM,0.5,MIM,0.4,18.5,15.0,0,44
libstudy,HTC,MIM,0.5,MIM,0.5,18.5,15.0,0,44
libstudy,HTC,MIM,0.5,MIM,0.6,18.5,15.0,0,44
libstudy,HTC,MIM,0.5,MIM,0.7,18.5,15.0,0,44
libstudy,HTC,MIM,0.5,MIM,0.8,18.5,15.0,0,44
libstudy,HTC,MIM,0.5,MIM,0.9,18.5,15.0,0,44
libstudy,HTC,MIM,0.5,MIM,1.0,18.5,15.0,0,44
libstudy,LG,MIM,0.5,MIM,0.1,18.5,15.0,0,44
libstudy,LG,MIM,0.5,MIM,0.2,18.5,15.0,0,44
libstudy,LG,MIM,0.5,MIM,0.3,18.5,15.0,0,44
libstudy,LG,MIM,0.5,MIM,0.4,18.5,15.0,0,44
libstudy,LG,MIM,0.5,MIM,0.5,18.5,15.0,0,44
libstudy,LG,MIM,0.5,MIM,0.6,18.5,15.0,0,44
libstudy,LG,MIM,0.5,MIM,0.7,18.5,15.0,0,44
libstudy,LG,MIM,0.5,MIM,0.8,18.5,15.0,0,44
libstudy,LG,MIM,0.5,MIM,0.9,18.5,15.0,0,44
libstudy,LG,MIM,0.5,MIM,1.0,18.5,15.0,0,44
libstudy,MOTO,MIM,0.5,MIM,0.1,18.5,15.0,0,44
libstudy,MOTO,MIM,0.5,MIM,0.2,18.5,15.0,0,44
libstudy,MOTO,MIM,0.5,MIM,0.3,18.5,15.0,0,44
libstudy,MOTO,MIM,0.5,MIM,0.4,18.5,15.0,0,44
libstudy,MOTO,MIM,0.5,MIM,0.5,18.5,15.0,0,44
libstudy,MOTO,MIM,0.5,MIM,0.6,18.5,15.0,0,44
libstudy,MOTO,MIM,0.5,MIM,0.7,18.5,15.0,0,44
libstudy,MOTO,MIM,0.5,MIM,0.8,18.5,15.0,0,44
libstudy,MOTO,MIM,0.5,MIM,0.9,18.5,15.0,0,44
libstudy,MOTO,MIM,0.5,MIM,1.0,18.5,15.0,0,44
libstudy,OP3,MIM,0.5,MIM,0.1,18.5,15.0,0,44
libstudy,OP3,MIM,0.5,MIM,0.2,18.5,15.0,0,44
libstudy,OP3,MIM,0.5,MIM,0.3,18.5,15.0,0,44
libstudy,OP3,MIM,0.5,MIM,0.4,18.5,15.0,0,44
libstudy,OP3,MIM,0.5,MIM,0.5,18.5,15.0,0,44
libstudy,OP3,MIM,0.5,MIM,0.6,18.5,15.0,0,44
libstudy,OP3,MIM,0.5,MIM,0.7,18.5,15.0,0,44
libstudy,OP3,MIM,0.5,MIM,0.8,18.5,15.0,0,44
libstudy,OP3,MIM,0.5,MIM,0.9,18.5,15.0,0,44
libstudy,OP3,MIM,0.5,MIM,1.0,18.5,15.0,0,44
libstudy,S7,MIM,0.5,MIM,0.1,18.5,15.0,0,44
libstudy,S7,MIM,0.5,MIM,0.2,18.5,15.0,0,44
libstudy,S7,MIM,0.5,MIM,0.3,18.5,15.0,0,44
libstudy,S7,MIM,0.5,MIM,0.4,18.5,15.0,0,44
libstudy,S7,MIM,0.5,MIM,0.5,18.5,15.0,0,44
libstudy,S7,MIM,0.5,MIM,0.6,18.5,15.0,0,44
libstudy,S7,MIM,0.5,MIM,0.7,18.5,15.0,0,44
libstudy,S7,MIM,0.5,MIM,0.8,18.5,15.0,0,44
libstudy,S7,MIM,0.5,MIM,0.9,18.5,15.0,0,44
libstudy,S7,MIM,0.5,MIM,1.0,18.5,15.0,0,44
libstudy,BLU,MIM,0.6,MIM,0.1,22.0,20.5,0,50
libstudy,BLU,MIM,0.6,MIM,0.2,22.0,20.5,0,50
libstudy,BLU,MIM,0.6,MIM,0.3,22.0,20.5,0,50
libstudy,BLU,MIM,0.6,MIM,0.4,22.0,20.5,0,50
libstudy,BLU,MIM,0.6,MIM,0.5,22.0,20.5,0,50
libstudy,BLU,MIM,0.6,MIM,0.6,22.0,20.5,0,50
libstudy,BLU,MIM,0.6,MIM,0.7,22.0,20.5,0,50
libstudy,BLU,MIM,0.6,MIM,0.8,22.0,20.5,0,50
libstudy,BLU,MIM,0.6,MIM,0.9,22.0,20.5,0,50
libstudy,BLU,MIM,0.6,MIM,1.0,22.0,20.5,0,50
libstudy,HTC,MIM,0.6,MIM,0.1,22.0,20.5,0,50
libstudy,HTC,MIM,0.6,MIM,0.2,22.0,20.5,0,50
libstudy,HTC,MIM,0.6,MIM,0.3,22.0,20.5,0,50
libstudy,HTC,MIM,0.6,MIM,0.4,22.0,20.5,0,50
libstudy,HTC,MIM,0.6,MIM,0.5,22.0,20.5,0,50
libstudy,HTC,MIM,0.6,MIM,0.6,22.0,20.5,0,50
libstudy,HTC,MIM,0.6,MIM,0.7,22.0,20.5,0,50
libstudy,HTC,MIM,0.6,MIM,0.8,22.0,20.5,0,50
libstudy,HTC,MIM,0.6,MIM,0.9,22.0,20.5,0,50
libstudy,HTC,MIM,0.6,MIM,1.0,22.0,20.5,0,50
libstudy,LG,MIM,0.6,MIM,0.1,22.0,20.5,0,50
libstudy,LG,MIM,0.6,MIM,0.2,22.0,20.5,0,50
libstudy,LG,MIM,0.6,MIM,0.3,22.0,20.5,0,50
libstudy,LG,MIM,0.6,MIM,0.4,22.0,20.5,0,50
libstudy,LG,MIM,0.6,MIM,0.5,22.0,20.5,0,50
libstudy,LG,MIM,0.6,MIM,0.6,22.0,20.5,0,50
libstudy,LG,MIM,0.6,MIM,0.7,22.0,20.5,0,50
libstudy,LG,MIM,0.6,MIM,0.8,22.0,20.5,0,50
libstudy,LG,MIM,0.6,MIM,0.9,22.0,20.5,0,50
libstudy,LG,MIM,0.6,MIM,1.0,22.0,20.5,0,50
libstudy,MOTO,MIM,0.6,MIM,0.1,22.0,20.5,0,50
libstudy,MOTO,MIM,0.6,MIM,0.2,22.0,20.5,0,50
libstudy,MOTO,MIM,0.6,MIM,0.3,22.0,20.5,0,50
libstudy,MOTO,MIM,0.6,MIM,0.4,22.0,20.5,0,50
libstudy,MOTO,MIM,0.6,MIM,0.5,22.0,20.5,0,50
libstudy,MOTO,MIM,0.6,MIM,0.6,22.0,20.5,0,50
libstudy,MOTO,MIM,0.6,MIM,0.7,22.0,20.5,0,50
libstudy,MOTO,MIM,0.6,MIM,0.8,22.0,20.5,0,50
libstudy,MOTO,MIM,0.6,MIM,0.9,22.0,20.5,0,50
libstudy,MOTO,MIM,0.6,MIM,1.0,22.0,20.5,0,50
libstudy,OP3,MIM,0.6,MIM,0.1,22.0,20.5,0,50
libstudy,OP3,MIM,0.6,MIM,0.2,22.0,20.5,0,50
libstudy,OP3,MIM,0.6,MIM,0.3,22.0,20.5,0,50
libstudy,OP3,MIM,0.6,MIM,0.4,22.0,20.5,0,50
libstudy,OP3,MIM,0.6,MIM,0.5,22.0,20.5,0,50
libstudy,OP3,MIM,0.6,MIM,0.6,22.0,20.5,0,50
libstudy,OP3,MIM,0.6,MIM,0.7,22.0,20.5,0,50
libstudy,OP3,MIM,0.6,MIM,0.8,22.0,20.5,0,50
libstudy,OP3,MIM,0.6,MIM,0.9,22.0,20.5,0,50
libstudy,OP3,MIM,0.6,MIM,1.0,22.0,20.5,0,50
libstudy,S7,MIM,0.6,MIM,0.1,22.0,20.5,0,50
libstudy,S7,MIM,0.6,MIM,0.2,22.0,20.5,0,50
libstudy,S7,MIM,0.6,MIM,0.3,22.0,20.5,0,50
libstudy,S7,MIM,0.6,MIM,0.4,22.0,20.5,0,50
libstudy,S7,MIM,0.6,MIM,0.5,22.0,20.5,0,50
libstudy,S7,MIM,0.6,MIM,0.6,22.0,20.5,0,50
libstudy,S7,MIM,0.6,MIM,0.7,22.0,20.5,0,50
libstudy,S7,MIM,0.6,MIM,0.8,22.0,20.5,0,50
libstudy,S7,MIM,0.6,MIM,0.9,22.0,20.5,0,50
libstudy,S7,MIM,0.6,MIM,1.0,22.0,20.5,0,50
libstudy,BLU,MIM,0.7,MIM,0.1,18.5,15.0,0,44
libstudy,BLU,MIM,0.7,MIM,0.2,18.5,15.0,0,44
libstudy,BLU,MIM,0.7,MIM,0.3,18.5,15.0,0,44
libstudy,BLU,MIM,0.7,MIM,0.4,18.5,15.0,0,44
libstudy,BLU,MIM,0.7,MIM,0.5,18.5,15.0,0,44
libstudy,BLU,MIM,0.7,MIM,0.6,18.5,15.0,0,44
libstudy,BLU,MIM,0.7,MIM,0.7,18.5,15.0,0,44
libstudy,BLU,MIM,0.7,MIM,0.8,18.5,15.0,0,44
libstudy,BLU,MIM,0.7,MIM,0.9,18.5,15.0,0,44
libstudy,BLU,MIM,0.7,MIM,1.0,18.5,15.0,0,44
libstudy,HTC,MIM,0.7,MIM,0.1,18.5,15.0,0,44
libstudy,HTC,MIM,0.7,MIM,0.2,18.5,15.0,0,44
libstudy,HTC,MIM,0.7,MIM,0.3,18.5,15.0,0,44
libstudy,HTC,MIM,0.7,MIM,0.4,18.5,15.0,0,44
libstudy,HTC,MIM,0.7,MIM,0.5,18.5,15.0,0,44
libstudy,HTC,MIM,0.7,MIM,0.6,18.5,15.0,0,44
libstudy,HTC,MIM,0.7,MIM,0.7,18.5,15.0,0,44
libstudy,HTC,MIM,0.7,MIM,0.8,18.5,15.0,0,44
libstudy,HTC,MIM,0.7,MIM,0.9,18.5,15.0,0,44
libstudy,HTC,MIM,0.7,MIM,1.0,18.5,15.0,0,44
libstudy,LG,MIM,0.7,MIM,0.1,18.5,15.0,0,44
libstudy,LG,MIM,0.7,MIM,0.2,18.5,15.0,0,44
libstudy,LG,MIM,0.7,MIM,0.3,18.5,15.0,0,44
libstudy,LG,MIM,0.7,MIM,0.4,18.5,15.0,0,44
libstudy,LG,MIM,0.7,MIM,0.5,18.5,15.0,0,44
libstudy,LG,MIM,0.7,MIM,0.6,18.5,15.0,0,44
libstudy,LG,MIM,0.7,MIM,0.7,18.5,15.0,0,44
libstudy,LG,MIM,0.7,MIM,0.8,18.5,15.0,0,44
libstudy,LG,MIM,0.7,MIM,0.9,18.5,15.0,0,44
libstudy,LG,MIM,0.7,MIM,1.0,18.5,15.0,0,44
libstudy,MOTO,MIM,0.7,MIM,0.1,18.5,15.0,0,44
libstudy,MOTO,MIM,0.7,MIM,0.2,18.5,15.0,0,44
libstudy,MOTO,MIM,0.7,MIM,0.3,18.5,15.0,0,44
libstudy,MOTO,MIM,0.7,MIM,0.4,18.5,15.0,0,44
libstudy,MOTO,MIM,0.7,MIM,0.5,18.5,15.0,0,44
libstudy,MOTO,MIM,0.7,MIM,0.6,18.5,15.0,0,44
libstudy,MOTO,MIM,0.7,MIM,0.7,18.5,15.0,0,44
libstudy,MOTO,MIM,0.7,MIM,0.8,18.5,15.0,0,44
libstudy,MOTO,MIM,0.7,MIM,0.9,18.5,15.0,0,44
libstudy,MOTO,MIM,0.7,MIM,1.0,18.5,15.0,0,44
libstudy,OP3,MIM,0.7,MIM,0.1,18.5,15.0,0,44
libstudy,OP3,MIM,0.7,MIM,0.2,18.5,15.0,0,44
libstudy,OP3,MIM,0.7,MIM,0.3,18.5,15.0,0,44
libstudy,OP3,MIM,0.7,MIM,0.4,18.5,15.0,0,44
libstudy,OP3,MIM,0.7,MIM,0.5,18.5,15.0,0,44
libstudy,OP3,MIM,0.7,MIM,0.6,18.5,15.0,0,44
libstudy,OP3,MIM,0.7,MIM,0.7,18.5,15.0,0,44
libstudy,OP3,MIM,0.7,MIM,0.8,18.5,15.0,0,44
libstudy,OP3,MIM,0.7,MIM,0.9,18.5,15.0,0,44
libstudy,OP3,MIM,0.7,MIM,1.0,18.5,15.0,0,44
libstudy,S7,MIM,0.7,MIM,0.1,18.5,15.0,0,44
libstudy,S7,MIM,0.7,MIM,0.2,18.5,15.0,0,44
libstudy,S7,MIM,0.7,MIM,0.3,18.5,15.0,0,44
libstudy,S7,MIM,0.7,MIM,0.4,18.5,15.0,0,44
libstudy,S7,MIM,0.7,MIM,0.5,18.5,15.0,0,44
libstudy,S7,MIM,0.7,MIM,0.6,18.5,15.0,0,44
libstudy,S7,MIM,0.7,MIM,0.7,18.5,15.0,0,44
libstudy,S7,MIM,0.7,MIM,0.8,18.5,15.0,0,44
libstudy,S7,MIM,0.7,MIM,0.9,18.5,15.0,0,44
libstudy,S7,MIM,0.7,MIM,1.0,18.5,15.0,0,44
libstudy,BLU,MIM,0.8,MIM,0.1,16.2,15.0,0,38
libstudy,BLU,MIM,0.8,MIM,0.2,16.2,15.0,0,38
libstudy,BLU,MIM,0.8,MIM,0.3,16.2,15.0,0,38
libstudy,BLU,MIM,0.8,MIM,0.4,16.2,15.0,0,38
libstudy,BLU,MIM,0.8,MIM,0.5,16.2,15.0,0,38
libstudy,BLU,MIM,0.8,MIM,0.6,16.2,15.0,0,38
libstudy,BLU,MIM,0.8,MIM,0.7,16.2,15.0,0,38
libstudy,BLU,MIM,0.8,MIM,0.8,16.2,15.0,0,38
libstudy,BLU,MIM,0.8,MIM,0.9,16.2,15.0,0,38
libstudy,BLU,MIM,0.8,MIM,1.0,16.2,15.0,0,38
libstudy,HTC,MIM,0.8,MIM,0.1,16.2,15.0,0,38
libstudy,HTC,MIM,0.8,MIM,0.2,16.2,15.0,0,38
libstudy,HTC,MIM,0.8,MIM,0.3,16.2,15.0,0,38
libstudy,HTC,MIM,0.8,MIM,0.4,16.2,15.0,0,38
libstudy,HTC,MIM,0.8,MIM,0.5,16.2,15.0,0,38
libstudy,HTC,MIM,0.8,MIM,0.6,16.2,15.0,0,38
libstudy,HTC,MIM,0.8,MIM,0.7,16.2,15.0,0,38
libstudy,HTC,MIM,0.8,MIM,0.8,16.2,15.0,0,38
libstudy,HTC,MIM,0.8,MIM,0.9,16.2,15.0,0,38
libstudy,HTC,MIM,0.8,MIM,1.0,16.2,15.0,0,38
libstudy,LG,MIM,0.8,MIM,0.1,16.2,15.0,0,38
libstudy,LG,MIM,0.8,MIM,0.2,16.2,15.0,0,38
libstudy,LG,MIM,0.8,MIM,0.3,16.2,15.0,0,38
libstudy,LG,MIM,0.8,MIM,0.4,16.2,15.0,0,38
libstudy,LG,MIM,0.8,MIM,0.5,16.2,15.0,0,38
libstudy,LG,MIM,0.8,MIM,0.6,16.2,15.0,0,38
libstudy,LG,MIM,0.8,MIM,0.7,16.2,15.0,0,38
libstudy,LG,MIM,0.8,MIM,0.8,16.2,15.0,0,38
libstudy,LG,MIM,0.8,MIM,0.9,16.2,15.0,0,38
libstudy,LG,MIM,0.8,MIM,1.0,16.2,15.0,0,38
libstudy,MOTO,MIM,0.8,MIM,0.1,16.2,15.0,0,38
libstudy,MOTO,MIM,0.8,MIM,0.2,16.2,15.0,0,38
libstudy,MOTO,MIM,0.8,MIM,0.3,16.2,15.0,0,38
libstudy,MOTO,MIM,0.8,MIM,0.4,16.2,15.0,0,38
libstudy,MOTO,MIM,0.8,MIM,0.5,16.2,15.0,0,38
libstudy,MOTO,MIM,0.8,MIM,0.6,16.2,15.0,0,38
libstudy,MOTO,MIM,0.8,MIM,0.7,16.2,15.0,0,38
libstudy,MOTO,MIM,0.8,MIM,0.8,16.2,15.0,0,38
libstudy,MOTO,MIM,0.8,MIM,0.9,16.2,15.0,0,38
libstudy,MOTO,MIM,0.8,MIM,1.0,16.2,15.0,0,38
libstudy,OP3,MIM,0.8,MIM,0.1,16.2,15.0,0,38
libstudy,OP3,MIM,0.8,MIM,0.2,16.2,15.0,0,38
libstudy,OP3,MIM,0.8,MIM,0.3,16.2,15.0,0,38
libstudy,OP3,MIM,0.8,MIM,0.4,16.2,15.0,0,38
libstudy,OP3,MIM,0.8,MIM,0.5,16.2,15.0,0,38
libstudy,OP3,MIM,0.8,MIM,0.6,16.2,15.0,0,38
libstudy,OP3,MIM,0.8,MIM,0.7,16.2,15.0,0,38
libstudy,OP3,MIM,0.8,MIM,0.8,16.2,15.0,0,38
libstudy,OP3,MIM,0.8,MIM,0.9,16.2,15.0,0,38
libstudy,OP3,MIM,0.8,MIM,1.0,16.2,15.0,0,38
libstudy,S7,MIM,0.8,MIM,0.1,16.2,15.0,0,38
libstudy,S7,MIM,0.8,MIM,0.2,16.2,15.0,0,38
libstudy,S7,MIM,0.8,MIM,0.3,16.2,15.0,0,38
libstudy,S7,MIM,0.8,MIM,0.4,16.2,15.0,0,38
libstudy,S7,MIM,0.8,MIM,0.5,16.2,15.0,0,38
libstudy,S7,MIM,0.8,MIM,0.6,16.2,15.0,0,38
libstudy,S7,MIM,0.8,MIM,0.7,16.2,15.0,0,38
libstudy,S7,MIM,0.8,MIM,0.8,16.2,15.0,0,38
libstudy,S7,MIM,0.8,MIM,0.9,16.2,15.0,0,38
libstudy,S7,MIM,0.8,MIM,1.0,16.2,15.0,0,38
libstudy,BLU,MIM,0.9,MIM,0.1,20.7,18.5,0,48
libstudy,BLU,MIM,0.9,MIM,0.2,20.7,18.5,0,48
libstudy,BLU,MIM,0.9,MIM,0.3,20.7,18.5,0,48
libstudy,BLU,MIM,0.9,MIM,0.4,20.7,18.5,0,48
libstudy,BLU,MIM,0.9,MIM,0.5,20.7,18.5,0,48
libstudy,BLU,MIM,0.9,MIM,0.6,20.7,18.5,0,48
libstudy,BLU,MIM,0.9,MIM,0.7,20.7,18.5,0,48
libstudy,BLU,MIM,0.9,MIM,0.8,20.7,18.5,0,48
libstudy,BLU,MIM,0.9,MIM,0.9,20.7,18.5,0,48
libstudy,BLU,MIM,0.9,MIM,1.0,20.7,18.5,0,48
libstudy,HTC,MIM,0.9,MIM,0.1,20.7,18.5,0,48
libstudy,HTC,MIM,0.9,MIM,0.2,20.7,18.5,0,48
libstudy,HTC,MIM,0.9,MIM,0.3,20.7,18.5,0,48
libstudy,HTC,MIM,0.9,MIM,0.4,20.7,18.5,0,48
libstudy,HTC,MIM,0.9,MIM,0.5,20.7,18.5,0,48
libstudy,HTC,MIM,0.9,MIM,0.6,20.7,18.5,0,48
libstudy,HTC,MIM,0.9,MIM,0.7,20.7,18.5,0,48
libstudy,HTC,MIM,0.9,MIM,0.8,20.7,18.5,0,48
libstudy,HTC,MIM,0.9,MIM,0.9,20.7,18.5,0,48
libstudy,HTC,MIM,0.9,MIM,1.0,20.7,18.5,0,48
libstudy,LG,MIM,0.9,MIM,0.1,20.7,18.5,0,48
libstudy,LG,MIM,0.9,MIM,0.2,20.7,18.5,0,48
libstudy,LG,MIM,0.9,MIM,0.3,20.7,18.5,0,48
libstudy,LG,MIM,0.9,MIM,0.4,20.7,18.5,0,48
libstudy,LG,MIM,0.9,MIM,0.5,20.7,18.5,0,48
libstudy,LG,MIM,0.9,MIM,0.6,20.7,18.5,0,48
libstudy,LG,MIM,0.9,MIM,0.7,20.7,18.5,0,48
libstudy,LG,MIM,0.9,MIM,0.8,20.7,18.5,0,48
libstudy,LG,MIM,0.9,MIM,0.9,20.7,18.5,0,48
libstudy,LG,MIM,0.9,MIM,1.0,20.7,18.5,0,48
libstudy,MOTO,MIM,0.9,MIM,0.1,20.7,18.5,0,48
libstudy,MOTO,MIM,0.9,MIM,0.2,20.7,18.5,0,48
libstudy,MOTO,MIM,0.9,MIM,0.3,20.7,18.5,0,48
libstudy,MOTO,MIM,0.9,MIM,0.4,20.7,18.5,0,48
libstudy,MOTO,MIM,0.9,MIM,0.5,20.7,18.5,0,48
libstudy,MOTO,MIM,0.9,MIM,0.6,20.7,18.5,0,48
libstudy,MOTO,MIM,0.9,MIM,0.7,20.7,18.5,0,48
libstudy,MOTO,MIM,0.9,MIM,0.8,20.7,18.5,0,48
libstudy,MOTO,MIM,0.9,MIM,0.9,20.7,18.5,0,48
libstudy,MOTO,MIM,0.9,MIM,1.0,20.7,18.5,0,48
libstudy,OP3,MIM,0.9,MIM,0.1,20.7,18.5,0,48
libstudy,OP3,MIM,0.9,MIM,0.2,20.7,18.5,0,48
libstudy,OP3,MIM,0.9,MIM,0.3,20.7,18.5,0,48
libstudy,OP3,MIM,0.9,MIM,0.4,20.7,18.5,0,48
libstudy,OP3,MIM,0.9,MIM,0.5,20.7,18.5,0,48
libstudy,OP3,MIM,0.9,MIM,0.6,20.7,18.5,0,48
libstudy,OP3,MIM,0.9,MIM,0.7,20.7,18.5,0,48
libstudy,OP3,MIM,0.9,MIM,0.8,20.7,18.5,0,48
libstudy,OP3,MIM,0.9,MIM,0.9,20.7,18.5,0,48
libstudy,OP3,MIM,0.9,MIM,1.0,20.7,18.5,0,48
libstudy,S7,MIM,0.9,MIM,0.1,20.7,18.5,0,48
libstudy,S7,MIM,0.9,MIM,0.2,20.7,18.5,0,48
libstudy,S7,MIM,0.9,MIM,0.3,20.7,18.5,0,48
libstudy,S7,MIM,0.9,MIM,0.4,20.7,18.5,0,48
libstudy,S7,MIM,0.9,MIM,0.5,20.7,18.5,0,48
libstudy,S7,MIM,0.9,MIM,0.6,20.7,18.5,0,48
libstudy,S7,MIM,0.9,MIM,0.7,20.7,18.5,0,48
libstudy,S7,MIM,0.9,MIM,0.8,20.7,18.5,0,48
libstudy,S7,MIM,0.9,MIM,0.9,20.7,18.5,0,48
libstudy,S7,MIM,0.9,MIM,1.0,20.7,18.5,0,48
libstudy,BLU,MIM,1.0,MIM,0.1,16.5,15.0,0,39
libstudy,BLU,MIM,1.0,MIM,0.2,16.5,15.0,0,39
libstudy,BLU,MIM,1.0,MIM,0.3,16.5,15.0,0,39
libstudy,BLU,MIM,1.0,MIM,0.4,16.5,15.0,0,39
libstudy,BLU,MIM,1.0,MIM,0.5,16.5,15.0,0,39
libstudy,BLU,MIM,1.0,MIM,0.6,16.5,15.0,0,39
libstudy,BLU,MIM,1.0,MIM,0.7,16.5,15.0,0,39
libstudy,BLU,MIM,1.0,MIM,0.8,16.5,15.0,0,39
libstudy,BLU,MIM,1.0,MIM,0.9,16.5,15.0,0,39
libstudy,BLU,MIM,1.0,MIM,1.0,16.5,15.0,0,39
libstudy,HTC,MIM,1.0,MIM,0.1,16.5,15.0,0,39
libstudy,HTC,MIM,1.0,MIM,0.2,16.5,15.0,0,39
libstudy,HTC,MIM,1.0,MIM,0.3,16.5,15.0,0,39
libstudy,HTC,MIM,1.0,MIM,0.4,16.5,15.0,0,39
libstudy,HTC,MIM,1.0,MIM,0.5,16.5,15.0,0,39
libstudy,HTC,MIM,1.0,MIM,0.6,16.5,15.0,0,39
libstudy,HTC,MIM,1.0,MIM,0.7,16.5,15.0,0,39
libstudy,HTC,MIM,1.0,MIM,0.8,16.5,15.0,0,39
libstudy,HTC,MIM,1.0,MIM,0.9,16.5,15.0,0,39
libstudy,HTC,MIM,1.0,MIM,1.0,16.5,15.0,0,39
libstudy,LG,MIM,1.0,MIM,0.1,16.5,15.0,0,39
libstudy,LG,MIM,1.0,MIM,0.2,16.5,15.0,0,39
libstudy,LG,MIM,1.0,MIM,0.3,16.5,15.0,0,39
libstudy,LG,MIM,1.0,MIM,0.4,16.5,15.0,0,39
libstudy,LG,MIM,1.0,MIM,0.5,16.5,15.0,0,39
libstudy,LG,MIM,1.0,MIM,0.6,16.5,15.0,0,39
libstudy,LG,MIM,1.0,MIM,0.7,16.5,15.0,0,39
libstudy,LG,MIM,1.0,MIM,0.8,16.5,15.0,0,39
libstudy,LG,MIM,1.0,MIM,0.9,16.5,15.0,0,39
libstudy,LG,MIM,1.0,MIM,1.0,16.5,15.0,0,39
libstudy,MOTO,MIM,1.0,MIM,0.1,16.5,15.0,0,39
libstudy,MOTO,MIM,1.0,MIM,0.2,16.5,15.0,0,39
libstudy,MOTO,MIM,1.0,MIM,0.3,16.5,15.0,0,39
libstudy,MOTO,MIM,1.0,MIM,0.4,16.5,15.0,0,39
libstudy,MOTO,MIM,1.0,MIM,0.5,16.5,15.0,0,39
libstudy,MOTO,MIM,1.0,MIM,0.6,16.5,15.0,0,39
libstudy,MOTO,MIM,1.0,MIM,0.7,16.5,15.0,0,39
libstudy,MOTO,MIM,1.0,MIM,0.8,16.5,15.0,0,39
libstudy,MOTO,MIM,1.0,MIM,0.9,16.5,15.0,0,39
libstudy,MOTO,MIM,1.0,MIM,1.0,16.5,15.0,0,39
libstudy,OP3,MIM,1.0,MIM,0.1,16.5,15.0,0,39
libstudy,OP3,MIM,1.0,MIM,0.2,16.5,15.0,0,39
libstudy,OP3,MIM,1.0,MIM,0.3,16.5,15.0,0,39
libstudy,OP3,MIM,1.0,MIM,0.4,16.5,15.0,0,39
libstudy,OP3,MIM,1.0,MIM,0.5,16.5,15.0,0,39
libstudy,OP3,MIM,1.0,MIM,0.6,16.5,15.0,0,39
libstudy,OP3,MIM,1.0,MIM,0.7,16.5,15.0,0,39
libstudy,OP3,MIM,1.0,MIM,0.8,16.5,15.0,0,39
libstudy,OP3,MIM,1.0,MIM,0.9,16.5,15.0,0,39
libstudy,OP3,MIM,1.0,MIM,1.0,16.5,15.0,0,39
libstudy,S7,MIM,1.0,MIM,0.1,16.5,15.0,0,39
libstudy,S7,MIM,1.0,MIM,0.2,16.5,15.0,0,39
libstudy,S7,MIM,1.0,MIM,0.3,16.5,15.0,0,39
libstudy,S7,MIM,1.0,MIM,0.4,16.5,15.0,0,39
libstudy,S7,MIM,1.0,MIM,0.5,16.5,15.0,0,39
libstudy,S7,MIM,1.0,MIM,0.6,16.5,15.0,0,39
libstudy,S7,MIM,1.0,MIM,0.7,16.5,15.0,0,39
libstudy,S7,MIM,1.0,MIM,0.8,16.5,15.0,0,39
libstudy,S7,MIM,1.0,MIM,0.9,16.5,15.0,0,39
libstudy,S7,MIM,1.0,MIM,1.0,16.5,15.0,0,39
libstudy,BLU,BIM,0.1,MIM,0.1,15.7,15.0,0,36
libstudy,BLU,BIM,0.1,MIM,0.2,15.7,15.0,0,36
libstudy,BLU,BIM,0.1,MIM,0.3,15.7,15.0,0,36
libstudy,BLU,BIM,0.1,MIM,0.4,15.7,15.0,0,36
libstudy,BLU,BIM,0.1,MIM,0.5,15.7,15.0,0,36
libstudy,BLU,BIM,0.1,MIM,0.6,15.7,15.0,0,36
libstudy,BLU,BIM,0.1,MIM,0.7,15.7,15.0,0,36
libstudy,BLU,BIM,0.1,MIM,0.8,15.7,15.0,0,36
libstudy,BLU,BIM,0.1,MIM,0.9,15.7,15.0,0,36
libstudy,BLU,BIM,0.1,MIM,1.0,15.7,15.0,0,36
libstudy,HTC,BIM,0.1,MIM,0.1,15.7,15.0,0,36
libstudy,HTC,BIM,0.1,MIM,0.2,15.7,15.0,0,36
libstudy,HTC,BIM,0.1,MIM,0.3,15.7,15.0,0,36
libstudy,HTC,BIM,0.1,MIM,0.4,15.7,15.0,0,36
libstudy,HTC,BIM,0.1,MIM,0.5,15.7,15.0,0,36
libstudy,HTC,BIM,0.1,MIM,0.6,15.7,15.0,0,36
libstudy,HTC,BIM,0.1,MIM,0.7,15.7,15.0,0,36
libstudy,HTC,BIM,0.1,MIM,0.8,15.7,15.0,0,36
libstudy,HTC,BIM,0.1,MIM,0.9,15.7,15.0,0,36
libstudy,HTC,BIM,0.1,MIM,1.0,15.7,15.0,0,36
libstudy,LG,BIM,0.1,MIM,0.1,15.7,15.0,0,36
libstudy,LG,BIM,0.1,MIM,0.2,15.7,15.0,0,36
libstudy,LG,BIM,0.1,MIM,0.3,15.7,15.0,0,36
libstudy,LG,BIM,0.1,MIM,0.4,15.7,15.0,0,36
libstudy,LG,BIM,0.1,MIM,0.5,15.7,15.0,0,36
libstudy,LG,BIM,0.1,MIM,0.6,15.7,15.0,0,36
libstudy,LG,BIM,0.1,MIM,0.7,15.7,15.0,0,36
libstudy,LG,BIM,0.1,MIM,0.8,15.7,15.0,0,36
libstudy,LG,BIM,0.1,MIM,0.9,15.7,15.0,0,36
libstudy,LG,BIM,0.1,MIM,1.0,15.7,15.0,0,36
libstudy,MOTO,BIM,0.1,MIM,0.1,15.7,15.0,0,36
libstudy,MOTO,BIM,0.1,MIM,0.2,15.7,15.0,0,36
libstudy,MOTO,BIM,0.1,MIM,0.3,15.7,15.0,0,36
libstudy,MOTO,BIM,0.1,MIM,0.4,15.7,15.0,0,36
libstudy,MOTO,BIM,0.1,MIM,0.5,15.7,15.0,0,36
libstudy,MOTO,BIM,0.1,MIM,0.6,15.7,15.0,0,36
libstudy,MOTO,BIM,0.1,MIM,0.7,15.7,15.0,0,36
libstudy,MOTO,BIM,0.1,MIM,0.8,15.7,15.0,0,36
libstudy,MOTO,BIM,0.1,MIM,0.9,15.7,15.0,0,36
libstudy,MOTO,BIM,0.1,MIM,1.0,15.7,15.0,0,36
libstudy,OP3,BIM,0.1,MIM,0.1,18.5,15.0,0,44
libstudy,OP3,BIM,0.1,MIM,0.2,18.5,15.0,0,44
libstudy,OP3,BIM,0.1,MIM,0.3,18.5,15.0,0,44
libstudy,OP3,BIM,0.1,MIM,0.4,18.5,15.0,0,44
libstudy,OP3,BIM,0.1,MIM,0.5,18.5,15.0,0,44
libstudy,OP3,BIM,0.1,MIM,0.6,18.5,15.0,0,44
libstudy,OP3,BIM,0.1,MIM,0.7,18.5,15.0,0,44
libstudy,OP3,BIM,0.1,MIM,0.8,18.5,15.0,0,44
libstudy,OP3,BIM,0.1,MIM,0.9,18.5,15.0,0,44
libstudy,OP3,BIM,0.1,MIM,1.0,18.5,15.0,0,44
libstudy,S7,BIM,0.1,MIM,0.1,18.5,15.0,0,44
libstudy,S7,BIM,0.1,MIM,0.2,18.5,15.0,0,44
libstudy,S7,BIM,0.1,MIM,0.3,18.5,15.0,0,44
libstudy,S7,BIM,0.1,MIM,0.4,18.5,15.0,0,44
libstudy,S7,BIM,0.1,MIM,0.5,18.5,15.0,0,44
libstudy,S7,BIM,0.1,MIM,0.6,18.5,15.0,0,44
libstudy,S7,BIM,0.1,MIM,0.7,18.5,15.0,0,44
libstudy,S7,BIM,0.1,MIM,0.8,18.5,15.0,0,44
libstudy,S7,BIM,0.1,MIM,0.9,18.5,15.0,0,44
libstudy,S7,BIM,0.1,MIM,1.0,18.5,15.0,0,44
libstudy,BLU,BIM,0.2,MIM,0.1,28.533333333333335,28.5,0,58
libstudy,BLU,BIM,0.2,MIM,0.2,28.533333333333335,28.5,0,58
libstudy,BLU,BIM,0.2,MIM,0.3,28.533333333333335,28.5,0,58
libstudy,BLU,BIM,0.2,MIM,0.4,28.533333333333335,28.5,0,58
libstudy,BLU,BIM,0.2,MIM,0.5,28.533333333333335,28.5,0,58
libstudy,BLU,BIM,0.2,MIM,0.6,28.533333333333335,28.5,0,58
libstudy,BLU,BIM,0.2,MIM,0.7,28.533333333333335,28.5,0,58
libstudy,BLU,BIM,0.2,MIM,0.8,28.533333333333335,28.5,0,58
libstudy,BLU,BIM,0.2,MIM,0.9,28.533333333333335,28.5,0,58
libstudy,BLU,BIM,0.2,MIM,1.0,28.533333333333335,28.5,0,58
libstudy,HTC,BIM,0.2,MIM,0.1,28.533333333333335,28.5,0,58
libstudy,HTC,BIM,0.2,MIM,0.2,28.533333333333335,28.5,0,58
libstudy,HTC,BIM,0.2,MIM,0.3,28.533333333333335,28.5,0,58
libstudy,HTC,BIM,0.2,MIM,0.4,28.533333333333335,28.5,0,58
libstudy,HTC,BIM,0.2,MIM,0.5,28.533333333333335,28.5,0,58
libstudy,HTC,BIM,0.2,MIM,0.6,28.533333333333335,28.5,0,58
libstudy,HTC,BIM,0.2,MIM,0.7,28.533333333333335,28.5,0,58
libstudy,HTC,BIM,0.2,MIM,0.8,28.533333333333335,28.5,0,58
libstudy,HTC,BIM,0.2,MIM,0.9,28.533333333333335,28.5,0,58
libstudy,HTC,BIM,0.2,MIM,1.0,28.533333333333335,28.5,0,58
libstudy,LG,BIM,0.2,MIM,0.1,28.533333333333335,28.5,0,58
libstudy,LG,BIM,0.2,MIM,0.2,28.533333333333335,28.5,0,58
libstudy,LG,BIM,0.2,MIM,0.3,28.533333333333335,28.5,0,58
libstudy,LG,BIM,0.2,MIM,0.4,28.533333333333335,28.5,0,58
libstudy,LG,BIM,0.2,MIM,0.5,28.533333333333335,28.5,0,58
libstudy,LG,BIM,0.2,MIM,0.6,28.533333333333335,28.5,0,58
libstudy,LG,BIM,0.2,MIM,0.7,28.533333333333335,28.5,0,58
libstudy,LG,BIM,0.2,MIM,0.8,28.533333333333335,28.5,0,58
libstudy,LG,BIM,0.2,MIM,0.9,28.533333333333335,28.5,0,58
libstudy,LG,BIM,0.2,MIM,1.0,28.533333333333335,28.5,0,58
libstudy,MOTO,BIM,0.2,MIM,0.1,28.533333333333335,28.5,0,58
libstudy,MOTO,BIM,0.2,MIM,0.2,28.533333333333335,28.5,0,58
libstudy,MOTO,BIM,0.2,MIM,0.3,28.533333333333335,28.5,0,58
libstudy,MOTO,BIM,0.2,MIM,0.4,28.533333333333335,28.5,0,58
libstudy,MOTO,BIM,0.2,MIM,0.5,28.533333333333335,28.5,0,58
libstudy,MOTO,BIM,0.2,MIM,0.6,28.533333333333335,28.5,0,58
libstudy,MOTO,BIM,0.2,MIM,0.7,28.533333333333335,28.5,0,58
libstudy,MOTO,BIM,0.2,MIM,0.8,28.533333333333335,28.5,0,58
libstudy,MOTO,BIM,0.2,MIM,0.9,28.533333333333335,28.5,0,58
libstudy,MOTO,BIM,0.2,MIM,1.0,28.533333333333335,28.5,0,58
libstudy,OP3,BIM,0.2,MIM,0.1,28.533333333333335,28.5,0,58
libstudy,OP3,BIM,0.2,MIM,0.2,28.533333333333335,28.5,0,58
libstudy,OP3,BIM,0.2,MIM,0.3,28.533333333333335,28.5,0,58
libstudy,OP3,BIM,0.2,MIM,0.4,28.533333333333335,28.5,0,58
libstudy,OP3,BIM,0.2,MIM,0.5,28.533333333333335,28.5,0,58
libstudy,OP3,BIM,0.2,MIM,0.6,28.533333333333335,28.5,0,58
libstudy,OP3,BIM,0.2,MIM,0.7,28.533333333333335,28.5,0,58
libstudy,OP3,BIM,0.2,MIM,0.8,28.533333333333335,28.5,0,58
libstudy,OP3,BIM,0.2,MIM,0.9,28.533333333333335,28.5,0,58
libstudy,OP3,BIM,0.2,MIM,1.0,28.533333333333335,28.5,0,58
libstudy,S7,BIM,0.2,MIM,0.1,28.533333333333335,28.5,0,58
libstudy,S7,BIM,0.2,MIM,0.2,28.533333333333335,28.5,0,58
libstudy,S7,BIM,0.2,MIM,0.3,28.533333333333335,28.5,0,58
libstudy,S7,BIM,0.2,MIM,0.4,28.533333333333335,28.5,0,58
libstudy,S7,BIM,0.2,MIM,0.5,28.533333333333335,28.5,0,58
libstudy,S7,BIM,0.2,MIM,0.6,28.533333333333335,28.5,0,58
libstudy,S7,BIM,0.2,MIM,0.7,28.533333333333335,28.5,0,58
libstudy,S7,BIM,0.2,MIM,0.8,28.533333333333335,28.5,0,58
libstudy,S7,BIM,0.2,MIM,0.9,28.533333333333335,28.5,0,58
libstudy,S7,BIM,0.2,MIM,1.0,28.533333333333335,28.5,0,58
libstudy,BLU,BIM,0.3,MIM,0.1,24.2,23.5,0,53
libstudy,BLU,BIM,0.3,MIM,0.2,24.2,23.5,0,53
libstudy,BLU,BIM,0.3,MIM,0.3,24.2,23.5,0,53
libstudy,BLU,BIM,0.3,MIM,0.4,24.2,23.5,0,53
libstudy,BLU,BIM,0.3,MIM,0.5,24.2,23.5,0,53
libstudy,BLU,BIM,0.3,MIM,0.6,24.2,23.5,0,53
libstudy,BLU,BIM,0.3,MIM,0.7,24.2,23.5,0,53
libstudy,BLU,BIM,0.3,MIM,0.8,24.2,23.5,0,53
libstudy,BLU,BIM,0.3,MIM,0.9,24.2,23.5,0,53
libstudy,BLU,BIM,0.3,MIM,1.0,24.2,23.5,0,53
libstudy,HTC,BIM,0.3,MIM,0.1,24.2,23.5,0,53
libstudy,HTC,BIM,0.3,MIM,0.2,24.2,23.5,0,53
libstudy,HTC,BIM,0.3,MIM,0.3,24.2,23.5,0,53
libstudy,HTC,BIM,0.3,MIM,0.4,24.2,23.5,0,53
libstudy,HTC,BIM,0.3,MIM,0.5,24.2,23.5,0,53
libstudy,HTC,BIM,0.3,MIM,0.6,24.2,23.5,0,53
libstudy,HTC,BIM,0.3,MIM,0.7,24.2,23.5,0,53
libstudy,HTC,BIM,0.3,MIM,0.8,24.2,23.5,0,53
libstudy,HTC,BIM,0.3,MIM,0.9,24.2,23.5,0,53
libstudy,HTC,BIM,0.3,MIM,1.0,24.2,23.5,0,53
libstudy,LG,BIM,0.3,MIM,0.1,24.2,23.5,0,53
libstudy,LG,BIM,0.3,MIM,0.2,24.2,23.5,0,53
libstudy,LG,BIM,0.3,MIM,0.3,24.2,23.5,0,53
libstudy,LG,BIM,0.3,MIM,0.4,24.2,23.5,0,53
libstudy,LG,BIM,0.3,MIM,0.5,24.2,23.5,0,53
libstudy,LG,BIM,0.3,MIM,0.6,24.2,23.5,0,53
libstudy,LG,BIM,0.3,MIM,0.7,24.2,23.5,0,53
libstudy,LG,BIM,0.3,MIM,0.8,24.2,23.5,0,53
libstudy,LG,BIM,0.3,MIM,0.9,24.2,23.5,0,53
libstudy,LG,BIM,0.3,MIM,1.0,24.2,23.5,0,53
libstudy,MOTO,BIM,0.3,MIM,0.1,24.2,23.5,0,53
libstudy,MOTO,BIM,0.3,MIM,0.2,24.2,23.5,0,53
libstudy,MOTO,BIM,0.3,MIM,0.3,24.2,23.5,0,53
libstudy,MOTO,BIM,0.3,MIM,0.4,24.2,23.5,0,53
libstudy,MOTO,BIM,0.3,MIM,0.5,24.2,23.5,0,53
libstudy,MOTO,BIM,0.3,MIM,0.6,24.2,23.5,0,53
libstudy,MOTO,BIM,0.3,MIM,0.7,24.2,23.5,0,53
libstudy,MOTO,BIM,0.3,MIM,0.8,24.2,23.5,0,53
libstudy,MOTO,BIM,0.3,MIM,0.9,24.2,23.5,0,53
libstudy,MOTO,BIM,0.3,MIM,1.0,24.2,23.5,0,53
libstudy,OP3,BIM,0.3,MIM,0.1,24.2,23.5,0,53
libstudy,OP3,BIM,0.3,MIM,0.2,24.2,23.5,0,53
libstudy,OP3,BIM,0.3,MIM,0.3,24.2,23.5,0,53
libstudy,OP3,BIM,0.3,MIM,0.4,24.2,23.5,0,53
libstudy,OP3,BIM,0.3,MIM,0.5,24.2,23.5,0,53
libstudy,OP3,BIM,0.3,MIM,0.6,24.2,23.5,0,53
libstudy,OP3,BIM,0.3,MIM,0.7,24.2,23.5,0,53
libstudy,OP3,BIM,0.3,MIM,0.8,24.2,23.5,0,53
libstudy,OP3,BIM,0.3,MIM,0.9,24.2,23.5,0,53
libstudy,OP3,BIM,0.3,MIM,1.0,24.2,23.5,0,53
libstudy,S7,BIM,0.3,MIM,0.1,24.2,23.5,0,53
libstudy,S7,BIM,0.3,MIM,0.2,24.2,23.5,0,53
libstudy,S7,BIM,0.3,MIM,0.3,24.2,23.5,0,53
libstudy,S7,BIM,0.3,MIM,0.4,24.2,23.5,0,53
libstudy,S7,BIM,0.3,MIM,0.5,24.2,23.5,0,53
libstudy,S7,BIM,0.3,MIM,0.6,24.2,23.5,0,53
libstudy,S7,BIM,0.3,MIM,0.7,24.2,23.5,0,53
libstudy,S7,BIM,0.3,MIM,0.8,24.2,23.5,0,53
libstudy,S7,BIM,0.3,MIM,0.9,24.2,23.5,0,53
libstudy,S7,BIM,0.3,MIM,1.0,24.2,23.5,0,53
libstudy,BLU,BIM,0.4,MIM,0.1,23.433333333333334,22.5,0,52
libstudy,BLU,BIM,0.4,MIM,0.2,23.433333333333334,22.5,0,52
libstudy,BLU,BIM,0.4,MIM,0.3,23.433333333333334,22.5,0,52
libstudy,BLU,BIM,0.4,MIM,0.4,23.433333333333334,22.5,0,52
libstudy,BLU,BIM,0.4,MIM,0.5,23.433333333333334,22.5,0,52
libstudy,BLU,BIM,0.4,MIM,0.6,23.433333333333334,22.5,0,52
libstudy,BLU,BIM,0.4,MIM,0.7,23.433333333333334,22.5,0,52
libstudy,BLU,BIM,0.4,MIM,0.8,23.433333333333334,22.5,0,52
libstudy,BLU,BIM,0.4,MIM,0.9,23.433333333333334,22.5,0,52
libstudy,BLU,BIM,0.4,MIM,1.0,23.433333333333334,22.5,0,52
libstudy,HTC,BIM,0.4,MIM,0.1,23.433333333333334,22.5,0,52
libstudy,HTC,BIM,0.4,MIM,0.2,23.433333333333334,22.5,0,52
libstudy,HTC,BIM,0.4,MIM,0.3,23.433333333333334,22.5,0,52
libstudy,HTC,BIM,0.4,MIM,0.4,23.433333333333334,22.5,0,52
libstudy,HTC,BIM,0.4,MIM,0.5,23.433333333333334,22.5,0,52
libstudy,HTC,BIM,0.4,MIM,0.6,23.433333333333334,22.5,0,52
libstudy,HTC,BIM,0.4,MIM,0.7,23.433333333333334,22.5,0,52
libstudy,HTC,BIM,0.4,MIM,0.8,23.433333333333334,22.5,0,52
libstudy,HTC,BIM,0.4,MIM,0.9,23.433333333333334,22.5,0,52
libstudy,HTC,BIM,0.4,MIM,1.0,23.433333333333334,22.5,0,52
libstudy,LG,BIM,0.4,MIM,0.1,23.433333333333334,22.5,0,52
libstudy,LG,BIM,0.4,MIM,0.2,23.433333333333334,22.5,0,52
libstudy,LG,BIM,0.4,MIM,0.3,23.433333333333334,22.5,0,52
libstudy,LG,BIM,0.4,MIM,0.4,23.433333333333334,22.5,0,52
libstudy,LG,BIM,0.4,MIM,0.5,23.433333333333334,22.5,0,52
libstudy,LG,BIM,0.4,MIM,0.6,23.433333333333334,22.5,0,52
libstudy,LG,BIM,0.4,MIM,0.7,23.433333333333334,22.5,0,52
libstudy,LG,BIM,0.4,MIM,0.8,23.433333333333334,22.5,0,52
libstudy,LG,BIM,0.4,MIM,0.9,23.433333333333334,22.5,0,52
libstudy,LG,BIM,0.4,MIM,1.0,23.433333333333334,22.5,0,52
libstudy,MOTO,BIM,0.4,MIM,0.1,23.433333333333334,22.5,0,52
libstudy,MOTO,BIM,0.4,MIM,0.2,23.433333333333334,22.5,0,52
libstudy,MOTO,BIM,0.4,MIM,0.3,23.433333333333334,22.5,0,52
libstudy,MOTO,BIM,0.4,MIM,0.4,23.433333333333334,22.5,0,52
libstudy,MOTO,BIM,0.4,MIM,0.5,23.433333333333334,22.5,0,52
libstudy,MOTO,BIM,0.4,MIM,0.6,23.433333333333334,22.5,0,52
libstudy,MOTO,BIM,0.4,MIM,0.7,23.433333333333334,22.5,0,52
libstudy,MOTO,BIM,0.4,MIM,0.8,23.433333333333334,22.5,0,52
libstudy,MOTO,BIM,0.4,MIM,0.9,23.433333333333334,22.5,0,52
libstudy,MOTO,BIM,0.4,MIM,1.0,23.433333333333334,22.5,0,52
libstudy,OP3,BIM,0.4,MIM,0.1,23.433333333333334,22.5,0,52
libstudy,OP3,BIM,0.4,MIM,0.2,23.433333333333334,22.5,0,52
libstudy,OP3,BIM,0.4,MIM,0.3,23.433333333333334,22.5,0,52
libstudy,OP3,BIM,0.4,MIM,0.4,23.433333333333334,22.5,0,52
libstudy,OP3,BIM,0.4,MIM,0.5,23.433333333333334,22.5,0,52
libstudy,OP3,BIM,0.4,MIM,0.6,23.433333333333334,22.5,0,52
libstudy,OP3,BIM,0.4,MIM,0.7,23.433333333333334,22.5,0,52
libstudy,OP3,BIM,0.4,MIM,0.8,23.433333333333334,22.5,0,52
libstudy,OP3,BIM,0.4,MIM,0.9,23.433333333333334,22.5,0,52
libstudy,OP3,BIM,0.4,MIM,1.0,23.433333333333334,22.5,0,52
libstudy,S7,BIM,0.4,MIM,0.1,23.433333333333334,22.5,0,52
libstudy,S7,BIM,0.4,MIM,0.2,23.433333333333334,22.5,0,52
libstudy,S7,BIM,0.4,MIM,0.3,23.433333333333334,22.5,0,52
libstudy,S7,BIM,0.4,MIM,0.4,23.433333333333334,22.5,0,52
libstudy,S7,BIM,0.4,MIM,0.5,23.433333333333334,22.5,0,52
libstudy,S7,BIM,0.4,MIM,0.6,23.433333333333334,22.5,0,52
libstudy,S7,BIM,0.4,MIM,0.7,23.433333333333334,22.5,0,52
libstudy,S7,BIM,0.4,MIM,0.8,23.433333333333334,22.5,0,52
libstudy,S7,BIM,0.4,MIM,0.9,23.433333333333334,22.5,0,52
libstudy,S7,BIM,0.4,MIM,1.0,23.433333333333334,22.5,0,52
libstudy,BLU,BIM,0.5,MIM,0.1,28.533333333333335,28.5,0,58
libstudy,BLU,BIM,0.5,MIM,0.2,28.533333333333335,28.5,0,58
libstudy,BLU,BIM,0.5,MIM,0.3,28.533333333333335,28.5,0,58
libstudy,BLU,BIM,0.5,MIM,0.4,28.533333333333335,28.5,0,58
libstudy,BLU,BIM,0.5,MIM,0.5,28.533333333333335,28.5,0,58
libstudy,BLU,BIM,0.5,MIM,0.6,28.533333333333335,28.5,0,58
libstudy,BLU,BIM,0.5,MIM,0.7,28.533333333333335,28.5,0,58
libstudy,BLU,BIM,0.5,MIM,0.8,28.533333333333335,28.5,0,58
libstudy,BLU,BIM,0.5,MIM,0.9,28.533333333333335,28.5,0,58
libstudy,BLU,BIM,0.5,MIM,1.0,28.533333333333335,28.5,0,58
libstudy,HTC,BIM,0.5,MIM,0.1,28.533333333333335,28.5,0,58
libstudy,HTC,BIM,0.5,MIM,0.2,28.533333333333335,28.5,0,58
libstudy,HTC,BIM,0.5,MIM,0.3,28.533333333333335,28.5,0,58
libstudy,HTC,BIM,0.5,MIM,0.4,28.533333333333335,28.5,0,58
libstudy,HTC,BIM,0.5,MIM,0.5,28.533333333333335,28.5,0,58
libstudy,HTC,BIM,0.5,MIM,0.6,28.533333333333335,28.5,0,58
libstudy,HTC,BIM,0.5,MIM,0.7,28.533333333333335,28.5,0,58
libstudy,HTC,BIM,0.5,MIM,0.8,28.533333333333335,28.5,0,58
libstudy,HTC,BIM,0.5,MIM,0.9,28.533333333333335,28.5,0,58
libstudy,HTC,BIM,0.5,MIM,1.0,28.533333333333335,28.5,0,58
libstudy,LG,BIM,0.5,MIM,0.1,28.533333333333335,28.5,0,58
libstudy,LG,BIM,0.5,MIM,0.2,28.533333333333335,28.5,0,58
libstudy,LG,BIM,0.5,MIM,0.3,28.533333333333335,28.5,0,58
libstudy,LG,BIM,0.5,MIM,0.4,28.533333333333335,28.5,0,58
libstudy,LG,BIM,0.5,MIM,0.5,28.533333333333335,28.5,0,58
libstudy,LG,BIM,0.5,MIM,0.6,28.533333333333335,28.5,0,58
libstudy,LG,BIM,0.5,MIM,0.7,28.533333333333335,28.5,0,58
libstudy,LG,BIM,0.5,MIM,0.8,28.533333333333335,28.5,0,58
libstudy,LG,BIM,0.5,MIM,0.9,28.533333333333335,28.5,0,58
libstudy,LG,BIM,0.5,MIM,1.0,28.533333333333335,28.5,0,58
libstudy,MOTO,BIM,0.5,MIM,0.1,28.533333333333335,28.5,0,58
libstudy,MOTO,BIM,0.5,MIM,0.2,28.533333333333335,28.5,0,58
libstudy,MOTO,BIM,0.5,MIM,0.3,28.533333333333335,28.5,0,58
libstudy,MOTO,BIM,0.5,MIM,0.4,28.533333333333335,28.5,0,58
libstudy,MOTO,BIM,0.5,MIM,0.5,28.533333333333335,28.5,0,58
libstudy,MOTO,BIM,0.5,MIM,0.6,28.533333333333335,28.5,0,58
libstudy,MOTO,BIM,0.5,MIM,0.7,28.533333333333335,28.5,0,58
libstudy,MOTO,BIM,0.5,MIM,0.8,28.533333333333335,28.5,0,58
libstudy,MOTO,BIM,0.5,MIM,0.9,28.533333333333335,28.5,0,58
libstudy,MOTO,BIM,0.5,MIM,1.0,28.533333333333335,28.5,0,58
libstudy,OP3,BIM,0.5,MIM,0.1,28.533333333333335,28.5,0,58
libstudy,OP3,BIM,0.5,MIM,0.2,28.533333333333335,28.5,0,58
libstudy,OP3,BIM,0.5,MIM,0.3,28.533333333333335,28.5,0,58
libstudy,OP3,BIM,0.5,MIM,0.4,28.533333333333335,28.5,0,58
libstudy,OP3,BIM,0.5,MIM,0.5,28.533333333333335,28.5,0,58
libstudy,OP3,BIM,0.5,MIM,0.6,28.533333333333335,28.5,0,58
libstudy,OP3,BIM,0.5,MIM,0.7,28.533333333333335,28.5,0,58
libstudy,OP3,BIM,0.5,MIM,0.8,28.533333333333335,28.5,0,58
libstudy,OP3,BIM,0.5,MIM,0.9,28.533333333333335,28.5,0,58
libstudy,OP3,BIM,0.5,MIM,1.0,28.533333333333335,28.5,0,58
libstudy,S7,BIM,0.5,MIM,0.1,28.533333333333335,28.5,0,58
libstudy,S7,BIM,0.5,MIM,0.2,28.533333333333335,28.5,0,58
libstudy,S7,BIM,0.5,MIM,0.3,28.533333333333335,28.5,0,58
libstudy,S7,BIM,0.5,MIM,0.4,28.533333333333335,28.5,0,58
libstudy,S7,BIM,0.5,MIM,0.5,28.533333333333335,28.5,0,58
libstudy,S7,BIM,0.5,MIM,0.6,28.533333333333335,28.5,0,58
libstudy,S7,BIM,0.5,MIM,0.7,28.533333333333335,28.5,0,58
libstudy,S7,BIM,0.5,MIM,0.8,28.533333333333335,28.5,0,58
libstudy,S7,BIM,0.5,MIM,0.9,28.533333333333335,28.5,0,58
libstudy,S7,BIM,0.5,MIM,1.0,28.533333333333335,28.5,0,58
libstudy,BLU,BIM,0.6,MIM,0.1,15.7,15.0,0,36
libstudy,BLU,BIM,0.6,MIM,0.2,15.7,15.0,0,36
libstudy,BLU,BIM,0.6,MIM,0.3,15.7,15.0,0,36
libstudy,BLU,BIM,0.6,MIM,0.4,15.7,15.0,0,36
libstudy,BLU,BIM,0.6,MIM,0.5,15.7,15.0,0,36
libstudy,BLU,BIM,0.6,MIM,0.6,15.7,15.0,0,36
libstudy,BLU,BIM,0.6,MIM,0.7,15.7,15.0,0,36
libstudy,BLU,BIM,0.6,MIM,0.8,15.7,15.0,0,36
libstudy,BLU,BIM,0.6,MIM,0.9,15.7,15.0,0,36
libstudy,BLU,BIM,0.6,MIM,1.0,15.7,15.0,0,36
libstudy,HTC,BIM,0.6,MIM,0.1,15.7,15.0,0,36
libstudy,HTC,BIM,0.6,MIM,0.2,15.7,15.0,0,36
libstudy,HTC,BIM,0.6,MIM,0.3,15.7,15.0,0,36
libstudy,HTC,BIM,0.6,MIM,0.4,15.7,15.0,0,36
libstudy,HTC,BIM,0.6,MIM,0.5,15.7,15.0,0,36
libstudy,HTC,BIM,0.6,MIM,0.6,15.7,15.0,0,36
libstudy,HTC,BIM,0.6,MIM,0.7,15.7,15.0,0,36
libstudy,HTC,BIM,0.6,MIM,0.8,15.7,15.0,0,36
libstudy,HTC,BIM,0.6,MIM,0.9,15.7,15.0,0,36
libstudy,HTC,BIM,0.6,MIM,1.0,15.7,15.0,0,36
libstudy,LG,BIM,0.6,MIM,0.1,15.7,15.0,0,36
libstudy,LG,BIM,0.6,MIM,0.2,15.7,15.0,0,36
libstudy,LG,BIM,0.6,MIM,0.3,15.7,15.0,0,36
libstudy,LG,BIM,0.6,MIM,0.4,15.7,15.0,0,36
libstudy,LG,BIM,0.6,MIM,0.5,15.7,15.0,0,36
libstudy,LG,BIM,0.6,MIM,0.6,15.7,15.0,0,36
libstudy,LG,BIM,0.6,MIM,0.7,15.7,15.0,0,36
libstudy,LG,BIM,0.6,MIM,0.8,15.7,15.0,0,36
libstudy,LG,BIM,0.6,MIM,0.9,15.7,15.0,0,36
libstudy,LG,BIM,0.6,MIM,1.0,15.7,15.0,0,36
libstudy,MOTO,BIM,0.6,MIM,0.1,15.7,15.0,0,36
libstudy,MOTO,BIM,0.6,MIM,0.2,15.7,15.0,0,36
libstudy,MOTO,BIM,0.6,MIM,0.3,15.7,15.0,0,36
libstudy,MOTO,BIM,0.6,MIM,0.4,15.7,15.0,0,36
libstudy,MOTO,BIM,0.6,MIM,0.5,15.7,15.0,0,36
libstudy,MOTO,BIM,0.6,MIM,0.6,15.7,15.0,0,36
libstudy,MOTO,BIM,0.6,MIM,0.7,15.7,15.0,0,36
libstudy,MOTO,BIM,0.6,MIM,0.8,15.7,15.0,0,36
libstudy,MOTO,BIM,0.6,MIM,0.9,15.7,15.0,0,36
libstudy,MOTO,BIM,0.6,MIM,1.0,15.7,15.0,0,36
libstudy,OP3,BIM,0.6,MIM,0.1,15.7,15.0,0,36
libstudy,OP3,BIM,0.6,MIM,0.2,15.7,15.0,0,36
libstudy,OP3,BIM,0.6,MIM,0.3,15.7,15.0,0,36
libstudy,OP3,BIM,0.6,MIM,0.4,15.7,15.0,0,36
libstudy,OP3,BIM,0.6,MIM,0.5,15.7,15.0,0,36
libstudy,OP3,BIM,0.6,MIM,0.6,15.7,15.0,0,36
libstudy,OP3,BIM,0.6,MIM,0.7,15.7,15.0,0,36
libstudy,OP3,BIM,0.6,MIM,0.8,15.7,15.0,0,36
libstudy,OP3,BIM,0.6,MIM,0.9,15.7,15.0,0,36
libstudy,OP3,BIM,0.6,MIM,1.0,15.7,15.0,0,36
libstudy,S7,BIM,0.6,MIM,0.1,15.7,15.0,0,36
libstudy,S7,BIM,0.6,MIM,0.2,15.7,15.0,0,36
libstudy,S7,BIM,0.6,MIM,0.3,15.7,15.0,0,36
libstudy,S7,BIM,0.6,MIM,0.4,15.7,15.0,0,36
libstudy,S7,BIM,0.6,MIM,0.5,15.7,15.0,0,36
libstudy,S7,BIM,0.6,MIM,0.6,15.7,15.0,0,36
libstudy,S7,BIM,0.6,MIM,0.7,15.7,15.0,0,36
libstudy,S7,BIM,0.6,MIM,0.8,15.7,15.0,0,36
libstudy,S7,BIM,0.6,MIM,0.9,15.7,15.0,0,36
libstudy,S7,BIM,0.6,MIM,1.0,15.7,15.0,0,36
libstudy,BLU,BIM,0.7,MIM,0.1,19.533333333333335,16.5,0,46
libstudy,BLU,BIM,0.7,MIM,0.2,19.533333333333335,16.5,0,46
libstudy,BLU,BIM,0.7,MIM,0.3,19.533333333333335,16.5,0,46
libstudy,BLU,BIM,0.7,MIM,0.4,19.533333333333335,16.5,0,46
libstudy,BLU,BIM,0.7,MIM,0.5,19.533333333333335,16.5,0,46
libstudy,BLU,BIM,0.7,MIM,0.6,19.533333333333335,16.5,0,46
libstudy,BLU,BIM,0.7,MIM,0.7,19.533333333333335,16.5,0,46
libstudy,BLU,BIM,0.7,MIM,0.8,19.533333333333335,16.5,0,46
libstudy,BLU,BIM,0.7,MIM,0.9,19.533333333333335,16.5,0,46
libstudy,BLU,BIM,0.7,MIM,1.0,19.533333333333335,16.5,0,46
libstudy,HTC,BIM,0.7,MIM,0.1,19.533333333333335,16.5,0,46
libstudy,HTC,BIM,0.7,MIM,0.2,19.533333333333335,16.5,0,46
libstudy,HTC,BIM,0.7,MIM,0.3,19.533333333333335,16.5,0,46
libstudy,HTC,BIM,0.7,MIM,0.4,19.533333333333335,16.5,0,46
libstudy,HTC,BIM,0.7,MIM,0.5,19.533333333333335,16.5,0,46
libstudy,HTC,BIM,0.7,MIM,0.6,19.533333333333335,16.5,0,46
libstudy,HTC,BIM,0.7,MIM,0.7,19.533333333333335,16.5,0,46
libstudy,HTC,BIM,0.7,MIM,0.8,19.533333333333335,16.5,0,46
libstudy,HTC,BIM,0.7,MIM,0.9,19.533333333333335,16.5,0,46
libstudy,HTC,BIM,0.7,MIM,1.0,19.533333333333335,16.5,0,46
libstudy,LG,BIM,0.7,MIM,0.1,19.533333333333335,16.5,0,46
libstudy,LG,BIM,0.7,MIM,0.2,19.533333333333335,16.5,0,46
libstudy,LG,BIM,0.7,MIM,0.3,19.533333333333335,16.5,0,46
libstudy,LG,BIM,0.7,MIM,0.4,19.533333333333335,16.5,0,46
libstudy,LG,BIM,0.7,MIM,0.5,19.533333333333335,16.5,0,46
libstudy,LG,BIM,0.7,MIM,0.6,19.533333333333335,16.5,0,46
libstudy,LG,BIM,0.7,MIM,0.7,19.533333333333335,16.5,0,46
libstudy,LG,BIM,0.7,MIM,0.8,19.533333333333335,16.5,0,46
libstudy,LG,BIM,0.7,MIM,0.9,19.533333333333335,16.5,0,46
libstudy,LG,BIM,0.7,MIM,1.0,19.533333333333335,16.5,0,46
libstudy,MOTO,BIM,0.7,MIM,0.1,19.533333333333335,16.5,0,46
libstudy,MOTO,BIM,0.7,MIM,0.2,19.533333333333335,16.5,0,46
libstudy,MOTO,BIM,0.7,MIM,0.3,19.533333333333335,16.5,0,46
libstudy,MOTO,BIM,0.7,MIM,0.4,19.533333333333335,16.5,0,46
libstudy,MOTO,BIM,0.7,MIM,0.5,19.533333333333335,16.5,0,46
libstudy,MOTO,BIM,0.7,MIM,0.6,19.533333333333335,16.5,0,46
libstudy,MOTO,BIM,0.7,MIM,0.7,19.533333333333335,16.5,0,46
libstudy,MOTO,BIM,0.7,MIM,0.8,19.533333333333335,16.5,0,46
libstudy,MOTO,BIM,0.7,MIM,0.9,19.533333333333335,16.5,0,46
libstudy,MOTO,BIM,0.7,MIM,1.0,19.533333333333335,16.5,0,46
libstudy,OP3,BIM,0.7,MIM,0.1,19.533333333333335,16.5,0,46
libstudy,OP3,BIM,0.7,MIM,0.2,19.533333333333335,16.5,0,46
libstudy,OP3,BIM,0.7,MIM,0.3,19.533333333333335,16.5,0,46
libstudy,OP3,BIM,0.7,MIM,0.4,19.533333333333335,16.5,0,46
libstudy,OP3,BIM,0.7,MIM,0.5,19.533333333333335,16.5,0,46
libstudy,OP3,BIM,0.7,MIM,0.6,19.533333333333335,16.5,0,46
libstudy,OP3,BIM,0.7,MIM,0.7,19.533333333333335,16.5,0,46
libstudy,OP3,BIM,0.7,MIM,0.8,19.533333333333335,16.5,0,46
libstudy,OP3,BIM,0.7,MIM,0.9,19.533333333333335,16.5,0,46
libstudy,OP3,BIM,0.7,MIM,1.0,19.533333333333335,16.5,0,46
libstudy,S7,BIM,0.7,MIM,0.1,19.533333333333335,16.5,0,46
libstudy,S7,BIM,0.7,MIM,0.2,19.533333333333335,16.5,0,46
libstudy,S7,BIM,0.7,MIM,0.3,19.533333333333335,16.5,0,46
libstudy,S7,BIM,0.7,MIM,0.4,19.533333333333335,16.5,0,46
libstudy,S7,BIM,0.7,MIM,0.5,19.533333333333335,16.5,0,46
libstudy,S7,BIM,0.7,MIM,0.6,19.533333333333335,16.5,0,46
libstudy,S7,BIM,0.7,MIM,0.7,19.533333333333335,16.5,0,46
libstudy,S7,BIM,0.7,MIM,0.8,19.533333333333335,16.5,0,46
libstudy,S7,BIM,0.7,MIM,0.9,19.533333333333335,16.5,0,46
libstudy,S7,BIM,0.7,MIM,1.0,19.533333333333335,16.5,0,46
libstudy,BLU,BIM,0.8,MIM,0.1,21.333333333333332,19.5,0,49
libstudy,BLU,BIM,0.8,MIM,0.2,21.333333333333332,19.5,0,49
libstudy,BLU,BIM,0.8,MIM,0.3,21.333333333333332,19.5,0,49
libstudy,BLU,BIM,0.8,MIM,0.4,21.333333333333332,19.5,0,49
libstudy,BLU,BIM,0.8,MIM,0.5,21.333333333333332,19.5,0,49
libstudy,BLU,BIM,0.8,MIM,0.6,21.333333333333332,19.5,0,49
libstudy,BLU,BIM,0.8,MIM,0.7,21.333333333333332,19.5,0,49
libstudy,BLU,BIM,0.8,MIM,0.8,21.333333333333332,19.5,0,49
libstudy,BLU,BIM,0.8,MIM,0.9,21.333333333333332,19.5,0,49
libstudy,BLU,BIM,0.8,MIM,1.0,21.333333333333332,19.5,0,49
libstudy,HTC,BIM,0.8,MIM,0.1,21.333333333333332,19.5,0,49
libstudy,HTC,BIM,0.8,MIM,0.2,21.333333333333332,19.5,0,49
libstudy,HTC,BIM,0.8,MIM,0.3,21.333333333333332,19.5,0,49
libstudy,HTC,BIM,0.8,MIM,0.4,21.333333333333332,19.5,0,49
libstudy,HTC,BIM,0.8,MIM,0.5,21.333333333333332,19.5,0,49
libstudy,HTC,BIM,0.8,MIM,0.6,21.333333333333332,19.5,0,49
libstudy,HTC,BIM,0.8,MIM,0.7,21.333333333333332,19.5,0,49
libstudy,HTC,BIM,0.8,MIM,0.8,21.333333333333332,19.5,0,49
libstudy,HTC,BIM,0.8,MIM,0.9,21.333333333333332,19.5,0,49
libstudy,HTC,BIM,0.8,MIM,1.0,21.333333333333332,19.5,0,49
libstudy,LG,BIM,0.8,MIM,0.1,21.333333333333332,19.5,0,49
libstudy,LG,BIM,0.8,MIM,0.2,21.333333333333332,19.5,0,49
libstudy,LG,BIM,0.8,MIM,0.3,21.333333333333332,19.5,0,49
libstudy,LG,BIM,0.8,MIM,0.4,21.333333333333332,19.5,0,49
libstudy,LG,BIM,0.8,MIM,0.5,21.333333333333332,19.5,0,49
libstudy,LG,BIM,0.8,MIM,0.6,21.333333333333332,19.5,0,49
libstudy,LG,BIM,0.8,MIM,0.7,21.333333333333332,19.5,0,49
libstudy,LG,BIM,0.8,MIM,0.8,21.333333333333332,19.5,0,49
libstudy,LG,BIM,0.8,MIM,0.9,21.333333333333332,19.5,0,49
libstudy,LG,BIM,0.8,MIM,1.0,21.333333333333332,19.5,0,49
libstudy,MOTO,BIM,0.8,MIM,0.1,21.333333333333332,19.5,0,49
libstudy,MOTO,BIM,0.8,MIM,0.2,21.333333333333332,19.5,0,49
libstudy,MOTO,BIM,0.8,MIM,0.3,21.333333333333332,19.5,0,49
libstudy,MOTO,BIM,0.8,MIM,0.4,21.333333333333332,19.5,0,49
libstudy,MOTO,BIM,0.8,MIM,0.5,21.333333333333332,19.5,0,49
libstudy,MOTO,BIM,0.8,MIM,0.6,21.333333333333332,19.5,0,49
libstudy,MOTO,BIM,0.8,MIM,0.7,21.333333333333332,19.5,0,49
libstudy,MOTO,BIM,0.8,MIM,0.8,21.333333333333332,19.5,0,49
libstudy,MOTO,BIM,0.8,MIM,0.9,21.333333333333332,19.5,0,49
libstudy,MOTO,BIM,0.8,MIM,1.0,21.333333333333332,19.5,0,49
libstudy,OP3,BIM,0.8,MIM,0.1,21.333333333333332,19.5,0,49
libstudy,OP3,BIM,0.8,MIM,0.2,21.333333333333332,19.5,0,49
libstudy,OP3,BIM,0.8,MIM,0.3,21.333333333333332,19.5,0,49
libstudy,OP3,BIM,0.8,MIM,0.4,21.333333333333332,19.5,0,49
libstudy,OP3,BIM,0.8,MIM,0.5,21.333333333333332,19.5,0,49
libstudy,OP3,BIM,0.8,MIM,0.6,21.333333333333332,19.5,0,49
libstudy,OP3,BIM,0.8,MIM,0.7,21.333333333333332,19.5,0,49
libstudy,OP3,BIM,0.8,MIM,0.8,21.333333333333332,19.5,0,49
libstudy,OP3,BIM,0.8,MIM,0.9,21.333333333333332,19.5,0,49
libstudy,OP3,BIM,0.8,MIM,1.0,21.333333333333332,19.5,0,49
libstudy,S7,BIM,0.8,MIM,0.1,21.333333333333332,19.5,0,49
libstudy,S7,BIM,0.8,MIM,0.2,21.333333333333332,19.5,0,49
libstudy,S7,BIM,0.8,MIM,0.3,21.333333333333332,19.5,0,49
libstudy,S7,BIM,0.8,MIM,0.4,21.333333333333332,19.5,0,49
libstudy,S7,BIM,0.8,MIM,0.5,21.333333333333332,19.5,0,49
libstudy,S7,BIM,0.8,MIM,0.6,21.333333333333332,19.5,0,49
libstudy,S7,BIM,0.8,MIM,0.7,21.333333333333332,19.5,0,49
libstudy,S7,BIM,0.8,MIM,0.8,21.333333333333332,19.5,0,49
libstudy,S7,BIM,0.8,MIM,0.9,21.333333333333332,19.5,0,49
libstudy,S7,BIM,0.8,MIM,1.0,21.333333333333332,19.5,0,49
libstudy,BLU,BIM,0.9,MIM,0.1,16.2,15.0,0,38
libstudy,BLU,BIM,0.9,MIM,0.2,16.2,15.0,0,38
libstudy,BLU,BIM,0.9,MIM,0.3,16.2,15.0,0,38
libstudy,BLU,BIM,0.9,MIM,0.4,16.2,15.0,0,38
libstudy,BLU,BIM,0.9,MIM,0.5,16.2,15.0,0,38
libstudy,BLU,BIM,0.9,MIM,0.6,16.2,15.0,0,38
libstudy,BLU,BIM,0.9,MIM,0.7,16.2,15.0,0,38
libstudy,BLU,BIM,0.9,MIM,0.8,16.2,15.0,0,38
libstudy,BLU,BIM,0.9,MIM,0.9,16.2,15.0,0,38
libstudy,BLU,BIM,0.9,MIM,1.0,16.2,15.0,0,38
libstudy,HTC,BIM,0.9,MIM,0.1,16.2,15.0,0,38
libstudy,HTC,BIM,0.9,MIM,0.2,16.2,15.0,0,38
libstudy,HTC,BIM,0.9,MIM,0.3,16.2,15.0,0,38
libstudy,HTC,BIM,0.9,MIM,0.4,16.2,15.0,0,38
libstudy,HTC,BIM,0.9,MIM,0.5,16.2,15.0,0,38
libstudy,HTC,BIM,0.9,MIM,0.6,16.2,15.0,0,38
libstudy,HTC,BIM,0.9,MIM,0.7,16.2,15.0,0,38
libstudy,HTC,BIM,0.9,MIM,0.8,16.2,15.0,0,38
libstudy,HTC,BIM,0.9,MIM,0.9,16.2,15.0,0,38
libstudy,HTC,BIM,0.9,MIM,1.0,16.2,15.0,0,38
libstudy,LG,BIM,0.9,MIM,0.1,16.2,15.0,0,38
libstudy,LG,BIM,0.9,MIM,0.2,16.2,15.0,0,38
libstudy,LG,BIM,0.9,MIM,0.3,16.2,15.0,0,38
libstudy,LG,BIM,0.9,MIM,0.4,16.2,15.0,0,38
libstudy,LG,BIM,0.9,MIM,0.5,16.2,15.0,0,38
libstudy,LG,BIM,0.9,MIM,0.6,16.2,15.0,0,38
libstudy,LG,BIM,0.9,MIM,0.7,16.2,15.0,0,38
libstudy,LG,BIM,0.9,MIM,0.8,16.2,15.0,0,38
libstudy,LG,BIM,0.9,MIM,0.9,16.2,15.0,0,38
libstudy,LG,BIM,0.9,MIM,1.0,16.2,15.0,0,38
libstudy,MOTO,BIM,0.9,MIM,0.1,16.2,15.0,0,38
libstudy,MOTO,BIM,0.9,MIM,0.2,16.2,15.0,0,38
libstudy,MOTO,BIM,0.9,MIM,0.3,16.2,15.0,0,38
libstudy,MOTO,BIM,0.9,MIM,0.4,16.2,15.0,0,38
libstudy,MOTO,BIM,0.9,MIM,0.5,16.2,15.0,0,38
libstudy,MOTO,BIM,0.9,MIM,0.6,16.2,15.0,0,38
libstudy,MOTO,BIM,0.9,MIM,0.7,16.2,15.0,0,38
libstudy,MOTO,BIM,0.9,MIM,0.8,16.2,15.0,0,38
libstudy,MOTO,BIM,0.9,MIM,0.9,16.2,15.0,0,38
libstudy,MOTO,BIM,0.9,MIM,1.0,16.2,15.0,0,38
libstudy,OP3,BIM,0.9,MIM,0.1,16.2,15.0,0,38
libstudy,OP3,BIM,0.9,MIM,0.2,16.2,15.0,0,38
libstudy,OP3,BIM,0.9,MIM,0.3,16.2,15.0,0,38
libstudy,OP3,BIM,0.9,MIM,0.4,16.2,15.0,0,38
libstudy,OP3,BIM,0.9,MIM,0.5,16.2,15.0,0,38
libstudy,OP3,BIM,0.9,MIM,0.6,16.2,15.0,0,38
libstudy,OP3,BIM,0.9,MIM,0.7,16.2,15.0,0,38
libstudy,OP3,BIM,0.9,MIM,0.8,16.2,15.0,0,38
libstudy,OP3,BIM,0.9,MIM,0.9,16.2,15.0,0,38
libstudy,OP3,BIM,0.9,MIM,1.0,16.2,15.0,0,38
libstudy,S7,BIM,0.9,MIM,0.1,16.2,15.0,0,38
libstudy,S7,BIM,0.9,MIM,0.2,16.2,15.0,0,38
libstudy,S7,BIM,0.9,MIM,0.3,16.2,15.0,0,38
libstudy,S7,BIM,0.9,MIM,0.4,16.2,15.0,0,38
libstudy,S7,BIM,0.9,MIM,0.5,16.2,15.0,0,38
libstudy,S7,BIM,0.9,MIM,0.6,16.2,15.0,0,38
libstudy,S7,BIM,0.9,MIM,0.7,16.2,15.0,0,38
libstudy,S7,BIM,0.9,MIM,0.8,16.2,15.0,0,38
libstudy,S7,BIM,0.9,MIM,0.9,16.2,15.0,0,38
libstudy,S7,BIM,0.9,MIM,1.0,16.2,15.0,0,38
libstudy,BLU,BIM,1.0,MIM,0.1,15.2,15.0,0,33
libstudy,BLU,BIM,1.0,MIM,0.2,15.2,15.0,0,33
libstudy,BLU,BIM,1.0,MIM,0.3,15.2,15.0,0,33
libstudy,BLU,BIM,1.0,MIM,0.4,15.2,15.0,0,33
libstudy,BLU,BIM,1.0,MIM,0.5,15.2,15.0,0,33
libstudy,BLU,BIM,1.0,MIM,0.6,15.2,15.0,0,33
libstudy,BLU,BIM,1.0,MIM,0.7,15.2,15.0,0,33
libstudy,BLU,BIM,1.0,MIM,0.8,15.2,15.0,0,33
libstudy,BLU,BIM,1.0,MIM,0.9,15.2,15.0,0,33
libstudy,BLU,BIM,1.0,MIM,1.0,15.2,15.0,0,33
libstudy,HTC,BIM,1.0,MIM,0.1,15.2,15.0,0,33
libstudy,HTC,BIM,1.0,MIM,0.2,15.2,15.0,0,33
libstudy,HTC,BIM,1.0,MIM,0.3,15.2,15.0,0,33
libstudy,HTC,BIM,1.0,MIM,0.4,15.2,15.0,0,33
libstudy,HTC,BIM,1.0,MIM,0.5,15.2,15.0,0,33
libstudy,HTC,BIM,1.0,MIM,0.6,15.2,15.0,0,33
libstudy,HTC,BIM,1.0,MIM,0.7,15.2,15.0,0,33
libstudy,HTC,BIM,1.0,MIM,0.8,15.2,15.0,0,33
libstudy,HTC,BIM,1.0,MIM,0.9,15.2,15.0,0,33
libstudy,HTC,BIM,1.0,MIM,1.0,15.2,15.0,0,33
libstudy,LG,BIM,1.0,MIM,0.1,15.2,15.0,0,33
libstudy,LG,BIM,1.0,MIM,0.2,15.2,15.0,0,33
libstudy,LG,BIM,1.0,MIM,0.3,15.2,15.0,0,33
libstudy,LG,BIM,1.0,MIM,0.4,15.2,15.0,0,33
libstudy,LG,BIM,1.0,MIM,0.5,15.2,15.0,0,33
libstudy,LG,BIM,1.0,MIM,0.6,15.2,15.0,0,33
libstudy,LG,BIM,1.0,MIM,0.7,15.2,15.0,0,33
libstudy,LG,BIM,1.0,MIM,0.8,15.2,15.0,0,33
libstudy,LG,BIM,1.0,MIM,0.9,15.2,15.0,0,33
libstudy,LG,BIM,1.0,MIM,1.0,15.2,15.0,0,33
libstudy,MOTO,BIM,1.0,MIM,0.1,15.2,15.0,0,33
libstudy,MOTO,BIM,1.0,MIM,0.2,15.2,15.0,0,33
libstudy,MOTO,BIM,1.0,MIM,0.3,15.2,15.0,0,33
libstudy,MOTO,BIM,1.0,MIM,0.4,15.2,15.0,0,33
libstudy,MOTO,BIM,1.0,MIM,0.5,15.2,15.0,0,33
libstudy,MOTO,BIM,1.0,MIM,0.6,15.2,15.0,0,33
libstudy,MOTO,BIM,1.0,MIM,0.7,15.2,15.0,0,33
libstudy,MOTO,BIM,1.0,MIM,0.8,15.2,15.0,0,33
libstudy,MOTO,BIM,1.0,MIM,0.9,15.2,15.0,0,33
libstudy,MOTO,BIM,1.0,MIM,1.0,15.2,15.0,0,33
libstudy,OP3,BIM,1.0,MIM,0.1,15.2,15.0,0,33
libstudy,OP3,BIM,1.0,MIM,0.2,15.2,15.0,0,33
libstudy,OP3,BIM,1.0,MIM,0.3,15.2,15.0,0,33
libstudy,OP3,BIM,1.0,MIM,0.4,15.2,15.0,0,33
libstudy,OP3,BIM,1.0,MIM,0.5,15.2,15.0,0,33
libstudy,OP3,BIM,1.0,MIM,0.6,15.2,15.0,0,33
libstudy,OP3,BIM,1.0,MIM,0.7,15.2,15.0,0,33
libstudy,OP3,BIM,1.0,MIM,0.8,15.2,15.0,0,33
libstudy,OP3,BIM,1.0,MIM,0.9,15.2,15.0,0,33
libstudy,OP3,BIM,1.0,MIM,1.0,15.2,15.0,0,33
libstudy,S7,BIM,1.0,MIM,0.1,15.2,15.0,0,33
libstudy,S7,BIM,1.0,MIM,0.2,15.2,15.0,0,33
libstudy,S7,BIM,1.0,MIM,0.3,15.2,15.0,0,33
libstudy,S7,BIM,1.0,MIM,0.4,15.2,15.0,0,33
libstudy,S7,BIM,1.0,MIM,0.5,15.2,15.0,0,33
libstudy,S7,BIM,1.0,MIM,0.6,15.2,15.0,0,33
libstudy,S7,BIM,1.0,MIM,0.7,15.2,15.0,0,33
libstudy,S7,BIM,1.0,MIM,0.8,15.2,15.0,0,33
libstudy,S7,BIM,1.0,MIM,0.9,15.2,15.0,0,33
libstudy,S7,BIM,1.0,MIM,1.0,15.2,15.0,0,33
libstudy,BLU,FGSM,0.1,BIM,0.1,15.5,15.0,0,35
libstudy,BLU,FGSM,0.1,BIM,0.2,15.5,15.0,0,35
libstudy,BLU,FGSM,0.1,BIM,0.3,15.5,15.0,0,35
libstudy,BLU,FGSM,0.1,BIM,0.4,15.5,15.0,0,35
libstudy,BLU,FGSM,0.1,BIM,0.5,15.5,15.0,0,35
libstudy,BLU,FGSM,0.1,BIM,0.6,15.5,15.0,0,35
libstudy,BLU,FGSM,0.1,BIM,0.7,15.5,15.0,0,35
libstudy,BLU,FGSM,0.1,BIM,0.8,15.5,15.0,0,35
libstudy,BLU,FGSM,0.1,BIM,0.9,15.5,15.0,0,35
libstudy,BLU,FGSM,0.1,BIM,1.0,15.5,15.0,0,35
libstudy,HTC,FGSM,0.1,BIM,0.1,15.5,15.0,0,35
libstudy,HTC,FGSM,0.1,BIM,0.2,15.5,15.0,0,35
libstudy,HTC,FGSM,0.1,BIM,0.3,15.5,15.0,0,35
libstudy,HTC,FGSM,0.1,BIM,0.4,15.5,15.0,0,35
libstudy,HTC,FGSM,0.1,BIM,0.5,15.5,15.0,0,35
libstudy,HTC,FGSM,0.1,BIM,0.6,15.5,15.0,0,35
libstudy,HTC,FGSM,0.1,BIM,0.7,15.5,15.0,0,35
libstudy,HTC,FGSM,0.1,BIM,0.8,15.5,15.0,0,35
libstudy,HTC,FGSM,0.1,BIM,0.9,15.5,15.0,0,35
libstudy,HTC,FGSM,0.1,BIM,1.0,15.5,15.0,0,35
libstudy,LG,FGSM,0.1,BIM,0.1,15.5,15.0,0,35
libstudy,LG,FGSM,0.1,BIM,0.2,15.5,15.0,0,35
libstudy,LG,FGSM,0.1,BIM,0.3,15.5,15.0,0,35
libstudy,LG,FGSM,0.1,BIM,0.4,15.5,15.0,0,35
libstudy,LG,FGSM,0.1,BIM,0.5,15.5,15.0,0,35
libstudy,LG,FGSM,0.1,BIM,0.6,15.5,15.0,0,35
libstudy,LG,FGSM,0.1,BIM,0.7,15.5,15.0,0,35
libstudy,LG,FGSM,0.1,BIM,0.8,15.5,15.0,0,35
libstudy,LG,FGSM,0.1,BIM,0.9,15.5,15.0,0,35
libstudy,LG,FGSM,0.1,BIM,1.0,15.5,15.0,0,35
libstudy,MOTO,FGSM,0.1,BIM,0.1,15.5,15.0,0,35
libstudy,MOTO,FGSM,0.1,BIM,0.2,15.5,15.0,0,35
libstudy,MOTO,FGSM,0.1,BIM,0.3,15.5,15.0,0,35
libstudy,MOTO,FGSM,0.1,BIM,0.4,15.5,15.0,0,35
libstudy,MOTO,FGSM,0.1,BIM,0.5,15.5,15.0,0,35
libstudy,MOTO,FGSM,0.1,BIM,0.6,15.5,15.0,0,35
libstudy,MOTO,FGSM,0.1,BIM,0.7,15.5,15.0,0,35
libstudy,MOTO,FGSM,0.1,BIM,0.8,15.5,15.0,0,35
libstudy,MOTO,FGSM,0.1,BIM,0.9,15.5,15.0,0,35
libstudy,MOTO,FGSM,0.1,BIM,1.0,15.5,15.0,0,35
libstudy,OP3,FGSM,0.1,BIM,0.1,15.5,15.0,0,35
libstudy,OP3,FGSM,0.1,BIM,0.2,15.5,15.0,0,35
libstudy,OP3,FGSM,0.1,BIM,0.3,15.5,15.0,0,35
libstudy,OP3,FGSM,0.1,BIM,0.4,15.5,15.0,0,35
libstudy,OP3,FGSM,0.1,BIM,0.5,15.5,15.0,0,35
libstudy,OP3,FGSM,0.1,BIM,0.6,15.5,15.0,0,35
libstudy,OP3,FGSM,0.1,BIM,0.7,15.5,15.0,0,35
libstudy,OP3,FGSM,0.1,BIM,0.8,15.5,15.0,0,35
libstudy,OP3,FGSM,0.1,BIM,0.9,15.5,15.0,0,35
libstudy,OP3,FGSM,0.1,BIM,1.0,15.5,15.0,0,35
libstudy,S7,FGSM,0.1,BIM,0.1,15.5,15.0,0,35
libstudy,S7,FGSM,0.1,BIM,0.2,15.5,15.0,0,35
libstudy,S7,FGSM,0.1,BIM,0.3,15.5,15.0,0,35
libstudy,S7,FGSM,0.1,BIM,0.4,15.5,15.0,0,35
libstudy,S7,FGSM,0.1,BIM,0.5,15.5,15.0,0,35
libstudy,S7,FGSM,0.1,BIM,0.6,15.5,15.0,0,35
libstudy,S7,FGSM,0.1,BIM,0.7,15.5,15.0,0,35
libstudy,S7,FGSM,0.1,BIM,0.8,15.5,15.0,0,35
libstudy,S7,FGSM,0.1,BIM,0.9,15.5,15.0,0,35
libstudy,S7,FGSM,0.1,BIM,1.0,15.5,15.0,0,35
libstudy,BLU,FGSM,0.2,BIM,0.1,25.0,24.5,0,54
libstudy,BLU,FGSM,0.2,BIM,0.2,25.0,24.5,0,54
libstudy,BLU,FGSM,0.2,BIM,0.3,25.0,24.5,0,54
libstudy,BLU,FGSM,0.2,BIM,0.4,25.0,24.5,0,54
libstudy,BLU,FGSM,0.2,BIM,0.5,25.0,24.5,0,54
libstudy,BLU,FGSM,0.2,BIM,0.6,25.0,24.5,0,54
libstudy,BLU,FGSM,0.2,BIM,0.7,25.0,24.5,0,54
libstudy,BLU,FGSM,0.2,BIM,0.8,25.0,24.5,0,54
libstudy,BLU,FGSM,0.2,BIM,0.9,25.0,24.5,0,54
libstudy,BLU,FGSM,0.2,BIM,1.0,25.0,24.5,0,54
libstudy,HTC,FGSM,0.2,BIM,0.1,25.0,24.5,0,54
libstudy,HTC,FGSM,0.2,BIM,0.2,25.0,24.5,0,54
libstudy,HTC,FGSM,0.2,BIM,0.3,25.0,24.5,0,54
libstudy,HTC,FGSM,0.2,BIM,0.4,25.0,24.5,0,54
libstudy,HTC,FGSM,0.2,BIM,0.5,25.0,24.5,0,54
libstudy,HTC,FGSM,0.2,BIM,0.6,25.0,24.5,0,54
libstudy,HTC,FGSM,0.2,BIM,0.7,25.0,24.5,0,54
libstudy,HTC,FGSM,0.2,BIM,0.8,25.0,24.5,0,54
libstudy,HTC,FGSM,0.2,BIM,0.9,25.0,24.5,0,54
libstudy,HTC,FGSM,0.2,BIM,1.0,25.0,24.5,0,54
libstudy,LG,FGSM,0.2,BIM,0.1,25.0,24.5,0,54
libstudy,LG,FGSM,0.2,BIM,0.2,25.0,24.5,0,54
libstudy,LG,FGSM,0.2,BIM,0.3,25.0,24.5,0,54
libstudy,LG,FGSM,0.2,BIM,0.4,25.0,24.5,0,54
libstudy,LG,FGSM,0.2,BIM,0.5,25.0,24.5,0,54
libstudy,LG,FGSM,0.2,BIM,0.6,25.0,24.5,0,54
libstudy,LG,FGSM,0.2,BIM,0.7,25.0,24.5,0,54
libstudy,LG,FGSM,0.2,BIM,0.8,25.0,24.5,0,54
libstudy,LG,FGSM,0.2,BIM,0.9,25.0,24.5,0,54
libstudy,LG,FGSM,0.2,BIM,1.0,25.0,24.5,0,54
libstudy,MOTO,FGSM,0.2,BIM,0.1,25.0,24.5,0,54
libstudy,MOTO,FGSM,0.2,BIM,0.2,25.0,24.5,0,54
libstudy,MOTO,FGSM,0.2,BIM,0.3,25.0,24.5,0,54
libstudy,MOTO,FGSM,0.2,BIM,0.4,25.0,24.5,0,54
libstudy,MOTO,FGSM,0.2,BIM,0.5,25.0,24.5,0,54
libstudy,MOTO,FGSM,0.2,BIM,0.6,25.0,24.5,0,54
libstudy,MOTO,FGSM,0.2,BIM,0.7,25.0,24.5,0,54
libstudy,MOTO,FGSM,0.2,BIM,0.8,25.0,24.5,0,54
libstudy,MOTO,FGSM,0.2,BIM,0.9,25.0,24.5,0,54
libstudy,MOTO,FGSM,0.2,BIM,1.0,25.0,24.5,0,54
libstudy,OP3,FGSM,0.2,BIM,0.1,25.0,24.5,0,54
libstudy,OP3,FGSM,0.2,BIM,0.2,25.0,24.5,0,54
libstudy,OP3,FGSM,0.2,BIM,0.3,25.0,24.5,0,54
libstudy,OP3,FGSM,0.2,BIM,0.4,25.0,24.5,0,54
libstudy,OP3,FGSM,0.2,BIM,0.5,25.0,24.5,0,54
libstudy,OP3,FGSM,0.2,BIM,0.6,25.0,24.5,0,54
libstudy,OP3,FGSM,0.2,BIM,0.7,25.0,24.5,0,54
libstudy,OP3,FGSM,0.2,BIM,0.8,25.0,24.5,0,54
libstudy,OP3,FGSM,0.2,BIM,0.9,25.0,24.5,0,54
libstudy,OP3,FGSM,0.2,BIM,1.0,25.0,24.5,0,54
libstudy,S7,FGSM,0.2,BIM,0.1,25.0,24.5,0,54
libstudy,S7,FGSM,0.2,BIM,0.2,25.0,24.5,0,54
libstudy,S7,FGSM,0.2,BIM,0.3,25.0,24.5,0,54
libstudy,S7,FGSM,0.2,BIM,0.4,25.0,24.5,0,54
libstudy,S7,FGSM,0.2,BIM,0.5,25.0,24.5,0,54
libstudy,S7,FGSM,0.2,BIM,0.6,25.0,24.5,0,54
libstudy,S7,FGSM,0.2,BIM,0.7,25.0,24.5,0,54
libstudy,S7,FGSM,0.2,BIM,0.8,25.0,24.5,0,54
libstudy,S7,FGSM,0.2,BIM,0.9,25.0,24.5,0,54
libstudy,S7,FGSM,0.2,BIM,1.0,25.0,24.5,0,54
libstudy,BLU,FGSM,0.3,BIM,0.1,24.2,23.5,0,53
libstudy,BLU,FGSM,0.3,BIM,0.2,24.2,23.5,0,53
libstudy,BLU,FGSM,0.3,BIM,0.3,24.2,23.5,0,53
libstudy,BLU,FGSM,0.3,BIM,0.4,24.2,23.5,0,53
libstudy,BLU,FGSM,0.3,BIM,0.5,24.2,23.5,0,53
libstudy,BLU,FGSM,0.3,BIM,0.6,24.2,23.5,0,53
libstudy,BLU,FGSM,0.3,BIM,0.7,24.2,23.5,0,53
libstudy,BLU,FGSM,0.3,BIM,0.8,24.2,23.5,0,53
libstudy,BLU,FGSM,0.3,BIM,0.9,24.2,23.5,0,53
libstudy,BLU,FGSM,0.3,BIM,1.0,24.2,23.5,0,53
libstudy,HTC,FGSM,0.3,BIM,0.1,24.2,23.5,0,53
libstudy,HTC,FGSM,0.3,BIM,0.2,24.2,23.5,0,53
libstudy,HTC,FGSM,0.3,BIM,0.3,24.2,23.5,0,53
libstudy,HTC,FGSM,0.3,BIM,0.4,24.2,23.5,0,53
libstudy,HTC,FGSM,0.3,BIM,0.5,24.2,23.5,0,53
libstudy,HTC,FGSM,0.3,BIM,0.6,24.2,23.5,0,53
libstudy,HTC,FGSM,0.3,BIM,0.7,24.2,23.5,0,53
libstudy,HTC,FGSM,0.3,BIM,0.8,24.2,23.5,0,53
libstudy,HTC,FGSM,0.3,BIM,0.9,24.2,23.5,0,53
libstudy,HTC,FGSM,0.3,BIM,1.0,24.2,23.5,0,53
libstudy,LG,FGSM,0.3,BIM,0.1,24.2,23.5,0,53
libstudy,LG,FGSM,0.3,BIM,0.2,24.2,23.5,0,53
libstudy,LG,FGSM,0.3,BIM,0.3,24.2,23.5,0,53
libstudy,LG,FGSM,0.3,BIM,0.4,24.2,23.5,0,53
libstudy,LG,FGSM,0.3,BIM,0.5,24.2,23.5,0,53
libstudy,LG,FGSM,0.3,BIM,0.6,24.2,23.5,0,53
libstudy,LG,FGSM,0.3,BIM,0.7,24.2,23.5,0,53
libstudy,LG,FGSM,0.3,BIM,0.8,24.2,23.5,0,53
libstudy,LG,FGSM,0.3,BIM,0.9,24.2,23.5,0,53
libstudy,LG,FGSM,0.3,BIM,1.0,24.2,23.5,0,53
libstudy,MOTO,FGSM,0.3,BIM,0.1,24.2,23.5,0,53
libstudy,MOTO,FGSM,0.3,BIM,0.2,24.2,23.5,0,53
libstudy,MOTO,FGSM,0.3,BIM,0.3,24.2,23.5,0,53
libstudy,MOTO,FGSM,0.3,BIM,0.4,24.2,23.5,0,53
libstudy,MOTO,FGSM,0.3,BIM,0.5,24.2,23.5,0,53
libstudy,MOTO,FGSM,0.3,BIM,0.6,24.2,23.5,0,53
libstudy,MOTO,FGSM,0.3,BIM,0.7,24.2,23.5,0,53
libstudy,MOTO,FGSM,0.3,BIM,0.8,24.2,23.5,0,53
libstudy,MOTO,FGSM,0.3,BIM,0.9,24.2,23.5,0,53
libstudy,MOTO,FGSM,0.3,BIM,1.0,24.2,23.5,0,53
libstudy,OP3,FGSM,0.3,BIM,0.1,24.2,23.5,0,53
libstudy,OP3,FGSM,0.3,BIM,0.2,24.2,23.5,0,53
libstudy,OP3,FGSM,0.3,BIM,0.3,24.2,23.5,0,53
libstudy,OP3,FGSM,0.3,BIM,0.4,24.2,23.5,0,53
libstudy,OP3,FGSM,0.3,BIM,0.5,24.2,23.5,0,53
libstudy,OP3,FGSM,0.3,BIM,0.6,24.2,23.5,0,53
libstudy,OP3,FGSM,0.3,BIM,0.7,24.2,23.5,0,53
libstudy,OP3,FGSM,0.3,BIM,0.8,24.2,23.5,0,53
libstudy,OP3,FGSM,0.3,BIM,0.9,24.2,23.5,0,53
libstudy,OP3,FGSM,0.3,BIM,1.0,24.2,23.5,0,53
libstudy,S7,FGSM,0.3,BIM,0.1,24.2,23.5,0,53
libstudy,S7,FGSM,0.3,BIM,0.2,24.2,23.5,0,53
libstudy,S7,FGSM,0.3,BIM,0.3,24.2,23.5,0,53
libstudy,S7,FGSM,0.3,BIM,0.4,24.2,23.5,0,53
libstudy,S7,FGSM,0.3,BIM,0.5,24.2,23.5,0,53
libstudy,S7,FGSM,0.3,BIM,0.6,24.2,23.5,0,53
libstudy,S7,FGSM,0.3,BIM,0.7,24.2,23.5,0,53
libstudy,S7,FGSM,0.3,BIM,0.8,24.2,23.5,0,53
libstudy,S7,FGSM,0.3,BIM,0.9,24.2,23.5,0,53
libstudy,S7,FGSM,0.3,BIM,1.0,24.2,23.5,0,53
libstudy,BLU,FGSM,0.4,BIM,0.1,16.833333333333332,15.0,0,40
libstudy,BLU,FGSM,0.4,BIM,0.2,16.833333333333332,15.0,0,40
libstudy,BLU,FGSM,0.4,BIM,0.3,16.833333333333332,15.0,0,40
libstudy,BLU,FGSM,0.4,BIM,0.4,16.833333333333332,15.0,0,40
libstudy,BLU,FGSM,0.4,BIM,0.5,16.833333333333332,15.0,0,40
libstudy,BLU,FGSM,0.4,BIM,0.6,16.833333333333332,15.0,0,40
libstudy,BLU,FGSM,0.4,BIM,0.7,16.833333333333332,15.0,0,40
libstudy,BLU,FGSM,0.4,BIM,0.8,16.833333333333332,15.0,0,40
libstudy,BLU,FGSM,0.4,BIM,0.9,16.833333333333332,15.0,0,40
libstudy,BLU,FGSM,0.4,BIM,1.0,16.833333333333332,15.0,0,40
libstudy,HTC,FGSM,0.4,BIM,0.1,16.833333333333332,15.0,0,40
libstudy,HTC,FGSM,0.4,BIM,0.2,16.833333333333332,15.0,0,40
libstudy,HTC,FGSM,0.4,BIM,0.3,16.833333333333332,15.0,0,40
libstudy,HTC,FGSM,0.4,BIM,0.4,16.833333333333332,15.0,0,40
libstudy,HTC,FGSM,0.4,BIM,0.5,16.833333333333332,15.0,0,40
libstudy,HTC,FGSM,0.4,BIM,0.6,16.833333333333332,15.0,0,40
libstudy,HTC,FGSM,0.4,BIM,0.7,16.833333333333332,15.0,0,40
libstudy,HTC,FGSM,0.4,BIM,0.8,16.833333333333332,15.0,0,40
libstudy,HTC,FGSM,0.4,BIM,0.9,16.833333333333332,15.0,0,40
libstudy,HTC,FGSM,0.4,BIM,1.0,16.833333333333332,15.0,0,40
libstudy,LG,FGSM,0.4,BIM,0.1,16.833333333333332,15.0,0,40
libstudy,LG,FGSM,0.4,BIM,0.2,16.833333333333332,15.0,0,40
libstudy,LG,FGSM,0.4,BIM,0.3,16.833333333333332,15.0,0,40
libstudy,LG,FGSM,0.4,BIM,0.4,16.833333333333332,15.0,0,40
libstudy,LG,FGSM,0.4,BIM,0.5,16.833333333333332,15.0,0,40
libstudy,LG,FGSM,0.4,BIM,0.6,16.833333333333332,15.0,0,40
libstudy,LG,FGSM,0.4,BIM,0.7,16.833333333333332,15.0,0,40
libstudy,LG,FGSM,0.4,BIM,0.8,16.833333333333332,15.0,0,40
libstudy,LG,FGSM,0.4,BIM,0.9,16.833333333333332,15.0,0,40
libstudy,LG,FGSM,0.4,BIM,1.0,16.833333333333332,15.0,0,40
libstudy,MOTO,FGSM,0.4,BIM,0.1,16.833333333333332,15.0,0,40
libstudy,MOTO,FGSM,0.4,BIM,0.2,16.833333333333332,15.0,0,40
libstudy,MOTO,FGSM,0.4,BIM,0.3,16.833333333333332,15.0,0,40
libstudy,MOTO,FGSM,0.4,BIM,0.4,16.833333333333332,15.0,0,40
libstudy,MOTO,FGSM,0.4,BIM,0.5,16.833333333333332,15.0,0,40
libstudy,MOTO,FGSM,0.4,BIM,0.6,16.833333333333332,15.0,0,40
libstudy,MOTO,FGSM,0.4,BIM,0.7,16.833333333333332,15.0,0,40
libstudy,MOTO,FGSM,0.4,BIM,0.8,16.833333333333332,15.0,0,40
libstudy,MOTO,FGSM,0.4,BIM,0.9,16.833333333333332,15.0,0,40
libstudy,MOTO,FGSM,0.4,BIM,1.0,16.833333333333332,15.0,0,40
libstudy,OP3,FGSM,0.4,BIM,0.1,16.833333333333332,15.0,0,40
libstudy,OP3,FGSM,0.4,BIM,0.2,16.833333333333332,15.0,0,40
libstudy,OP3,FGSM,0.4,BIM,0.3,16.833333333333332,15.0,0,40
libstudy,OP3,FGSM,0.4,BIM,0.4,16.833333333333332,15.0,0,40
libstudy,OP3,FGSM,0.4,BIM,0.5,16.833333333333332,15.0,0,40
libstudy,OP3,FGSM,0.4,BIM,0.6,16.833333333333332,15.0,0,40
libstudy,OP3,FGSM,0.4,BIM,0.7,16.833333333333332,15.0,0,40
libstudy,OP3,FGSM,0.4,BIM,0.8,16.833333333333332,15.0,0,40
libstudy,OP3,FGSM,0.4,BIM,0.9,16.833333333333332,15.0,0,40
libstudy,OP3,FGSM,0.4,BIM,1.0,16.833333333333332,15.0,0,40
libstudy,S7,FGSM,0.4,BIM,0.1,16.833333333333332,15.0,0,40
libstudy,S7,FGSM,0.4,BIM,0.2,16.833333333333332,15.0,0,40
libstudy,S7,FGSM,0.4,BIM,0.3,16.833333333333332,15.0,0,40
libstudy,S7,FGSM,0.4,BIM,0.4,16.833333333333332,15.0,0,40
libstudy,S7,FGSM,0.4,BIM,0.5,16.833333333333332,15.0,0,40
libstudy,S7,FGSM,0.4,BIM,0.6,16.833333333333332,15.0,0,40
libstudy,S7,FGSM,0.4,BIM,0.7,16.833333333333332,15.0,0,40
libstudy,S7,FGSM,0.4,BIM,0.8,16.833333333333332,15.0,0,40
libstudy,S7,FGSM,0.4,BIM,0.9,16.833333333333332,15.0,0,40
libstudy,S7,FGSM,0.4,BIM,1.0,16.833333333333332,15.0,0,40
libstudy,BLU,FGSM,0.5,BIM,0.1,15.7,15.0,0,36
libstudy,BLU,FGSM,0.5,BIM,0.2,15.7,15.0,0,36
libstudy,BLU,FGSM,0.5,BIM,0.3,15.7,15.0,0,36
libstudy,BLU,FGSM,0.5,BIM,0.4,15.7,15.0,0,36
libstudy,BLU,FGSM,0.5,BIM,0.5,15.7,15.0,0,36
libstudy,BLU,FGSM,0.5,BIM,0.6,15.7,15.0,0,36
libstudy,BLU,FGSM,0.5,BIM,0.7,15.7,15.0,0,36
libstudy,BLU,FGSM,0.5,BIM,0.8,15.7,15.0,0,36
libstudy,BLU,FGSM,0.5,BIM,0.9,15.7,15.0,0,36
libstudy,BLU,FGSM,0.5,BIM,1.0,15.7,15.0,0,36
libstudy,HTC,FGSM,0.5,BIM,0.1,15.7,15.0,0,36
libstudy,HTC,FGSM,0.5,BIM,0.2,15.7,15.0,0,36
libstudy,HTC,FGSM,0.5,BIM,0.3,15.7,15.0,0,36
libstudy,HTC,FGSM,0.5,BIM,0.4,15.7,15.0,0,36
libstudy,HTC,FGSM,0.5,BIM,0.5,15.7,15.0,0,36
libstudy,HTC,FGSM,0.5,BIM,0.6,15.7,15.0,0,36
libstudy,HTC,FGSM,0.5,BIM,0.7,15.7,15.0,0,36
libstudy,HTC,FGSM,0.5,BIM,0.8,15.7,15.0,0,36
libstudy,HTC,FGSM,0.5,BIM,0.9,15.7,15.0,0,36
libstudy,HTC,FGSM,0.5,BIM,1.0,15.7,15.0,0,36
libstudy,LG,FGSM,0.5,BIM,0.1,15.7,15.0,0,36
libstudy,LG,FGSM,0.5,BIM,0.2,15.7,15.0,0,36
libstudy,LG,FGSM,0.5,BIM,0.3,15.7,15.0,0,36
libstudy,LG,FGSM,0.5,BIM,0.4,15.7,15.0,0,36
libstudy,LG,FGSM,0.5,BIM,0.5,15.7,15.0,0,36
libstudy,LG,FGSM,0.5,BIM,0.6,15.7,15.0,0,36
libstudy,LG,FGSM,0.5,BIM,0.7,15.7,15.0,0,36
libstudy,LG,FGSM,0.5,BIM,0.8,15.7,15.0,0,36
libstudy,LG,FGSM,0.5,BIM,0.9,15.7,15.0,0,36
libstudy,LG,FGSM,0.5,BIM,1.0,15.7,15.0,0,36
libstudy,MOTO,FGSM,0.5,BIM,0.1,15.7,15.0,0,36
libstudy,MOTO,FGSM,0.5,BIM,0.2,15.7,15.0,0,36
libstudy,MOTO,FGSM,0.5,BIM,0.3,15.7,15.0,0,36
libstudy,MOTO,FGSM,0.5,BIM,0.4,15.7,15.0,0,36
libstudy,MOTO,FGSM,0.5,BIM,0.5,15.7,15.0,0,36
libstudy,MOTO,FGSM,0.5,BIM,0.6,15.7,15.0,0,36
libstudy,MOTO,FGSM,0.5,BIM,0.7,15.7,15.0,0,36
libstudy,MOTO,FGSM,0.5,BIM,0.8,15.7,15.0,0,36
libstudy,MOTO,FGSM,0.5,BIM,0.9,15.7,15.0,0,36
libstudy,MOTO,FGSM,0.5,BIM,1.0,15.7,15.0,0,36
libstudy,OP3,FGSM,0.5,BIM,0.1,15.7,15.0,0,36
libstudy,OP3,FGSM,0.5,BIM,0.2,15.7,15.0,0,36
libstudy,OP3,FGSM,0.5,BIM,0.3,15.7,15.0,0,36
libstudy,OP3,FGSM,0.5,BIM,0.4,15.7,15.0,0,36
libstudy,OP3,FGSM,0.5,BIM,0.5,15.7,15.0,0,36
libstudy,OP3,FGSM,0.5,BIM,0.6,15.7,15.0,0,36
libstudy,OP3,FGSM,0.5,BIM,0.7,15.7,15.0,0,36
libstudy,OP3,FGSM,0.5,BIM,0.8,15.7,15.0,0,36
libstudy,OP3,FGSM,0.5,BIM,0.9,15.7,15.0,0,36
libstudy,OP3,FGSM,0.5,BIM,1.0,15.7,15.0,0,36
libstudy,S7,FGSM,0.5,BIM,0.1,15.7,15.0,0,36
libstudy,S7,FGSM,0.5,BIM,0.2,15.7,15.0,0,36
libstudy,S7,FGSM,0.5,BIM,0.3,15.7,15.0,0,36
libstudy,S7,FGSM,0.5,BIM,0.4,15.7,15.0,0,36
libstudy,S7,FGSM,0.5,BIM,0.5,15.7,15.0,0,36
libstudy,S7,FGSM,0.5,BIM,0.6,15.7,15.0,0,36
libstudy,S7,FGSM,0.5,BIM,0.7,15.7,15.0,0,36
libstudy,S7,FGSM,0.5,BIM,0.8,15.7,15.0,0,36
libstudy,S7,FGSM,0.5,BIM,0.9,15.7,15.0,0,36
libstudy,S7,FGSM,0.5,BIM,1.0,15.7,15.0,0,36
libstudy,BLU,FGSM,0.6,BIM,0.1,26.7,26.5,0,56
libstudy,BLU,FGSM,0.6,BIM,0.2,26.7,26.5,0,56
libstudy,BLU,FGSM,0.6,BIM,0.3,26.7,26.5,0,56
libstudy,BLU,FGSM,0.6,BIM,0.4,26.7,26.5,0,56
libstudy,BLU,FGSM,0.6,BIM,0.5,26.7,26.5,0,56
libstudy,BLU,FGSM,0.6,BIM,0.6,26.7,26.5,0,56
libstudy,BLU,FGSM,0.6,BIM,0.7,26.7,26.5,0,56
libstudy,BLU,FGSM,0.6,BIM,0.8,26.7,26.5,0,56
libstudy,BLU,FGSM,0.6,BIM,0.9,26.7,26.5,0,56
libstudy,BLU,FGSM,0.6,BIM,1.0,26.7,26.5,0,56
libstudy,HTC,FGSM,0.6,BIM,0.1,26.7,26.5,0,56
libstudy,HTC,FGSM,0.6,BIM,0.2,26.7,26.5,0,56
libstudy,HTC,FGSM,0.6,BIM,0.3,26.7,26.5,0,56
libstudy,HTC,FGSM,0.6,BIM,0.4,26.7,26.5,0,56
libstudy,HTC,FGSM,0.6,BIM,0.5,26.7,26.5,0,56
libstudy,HTC,FGSM,0.6,BIM,0.6,26.7,26.5,0,56
libstudy,HTC,FGSM,0.6,BIM,0.7,26.7,26.5,0,56
libstudy,HTC,FGSM,0.6,BIM,0.8,26.7,26.5,0,56
libstudy,HTC,FGSM,0.6,BIM,0.9,26.7,26.5,0,56
libstudy,HTC,FGSM,0.6,BIM,1.0,26.7,26.5,0,56
libstudy,LG,FGSM,0.6,BIM,0.1,26.7,26.5,0,56
libstudy,LG,FGSM,0.6,BIM,0.2,26.7,26.5,0,56
libstudy,LG,FGSM,0.6,BIM,0.3,26.7,26.5,0,56
libstudy,LG,FGSM,0.6,BIM,0.4,26.7,26.5,0,56
libstudy,LG,FGSM,0.6,BIM,0.5,26.7,26.5,0,56
libstudy,LG,FGSM,0.6,BIM,0.6,26.7,26.5,0,56
libstudy,LG,FGSM,0.6,BIM,0.7,26.7,26.5,0,56
libstudy,LG,FGSM,0.6,BIM,0.8,26.7,26.5,0,56
libstudy,LG,FGSM,0.6,BIM,0.9,26.7,26.5,0,56
libstudy,LG,FGSM,0.6,BIM,1.0,26.7,26.5,0,56
libstudy,MOTO,FGSM,0.6,BIM,0.1,26.7,26.5,0,56
libstudy,MOTO,FGSM,0.6,BIM,0.2,26.7,26.5,0,56
libstudy,MOTO,FGSM,0.6,BIM,0.3,26.7,26.5,0,56
libstudy,MOTO,FGSM,0.6,BIM,0.4,26.7,26.5,0,56
libstudy,MOTO,FGSM,0.6,BIM,0.5,26.7,26.5,0,56
libstudy,MOTO,FGSM,0.6,BIM,0.6,26.7,26.5,0,56
libstudy,MOTO,FGSM,0.6,BIM,0.7,26.7,26.5,0,56
libstudy,MOTO,FGSM,0.6,BIM,0.8,26.7,26.5,0,56
libstudy,MOTO,FGSM,0.6,BIM,0.9,26.7,26.5,0,56
libstudy,MOTO,FGSM,0.6,BIM,1.0,26.7,26.5,0,56
libstudy,OP3,FGSM,0.6,BIM,0.1,26.7,26.5,0,56
libstudy,OP3,FGSM,0.6,BIM,0.2,26.7,26.5,0,56
libstudy,OP3,FGSM,0.6,BIM,0.3,26.7,26.5,0,56
libstudy,OP3,FGSM,0.6,BIM,0.4,26.7,26.5,0,56
libstudy,OP3,FGSM,0.6,BIM,0.5,26.7,26.5,0,56
libstudy,OP3,FGSM,0.6,BIM,0.6,26.7,26.5,0,56
libstudy,OP3,FGSM,0.6,BIM,0.7,26.7,26.5,0,56
libstudy,OP3,FGSM,0.6,BIM,0.8,26.7,26.5,0,56
libstudy,OP3,FGSM,0.6,BIM,0.9,26.7,26.5,0,56
libstudy,OP3,FGSM,0.6,BIM,1.0,26.7,26.5,0,56
libstudy,S7,FGSM,0.6,BIM,0.1,26.7,26.5,0,56
libstudy,S7,FGSM,0.6,BIM,0.2,26.7,26.5,0,56
libstudy,S7,FGSM,0.6,BIM,0.3,26.7,26.5,0,56
libstudy,S7,FGSM,0.6,BIM,0.4,26.7,26.5,0,56
libstudy,S7,FGSM,0.6,BIM,0.5,26.7,26.5,0,56
libstudy,S7,FGSM,0.6,BIM,0.6,26.7,26.5,0,56
libstudy,S7,FGSM,0.6,BIM,0.7,26.7,26.5,0,56
libstudy,S7,FGSM,0.6,BIM,0.8,26.7,26.5,0,56
libstudy,S7,FGSM,0.6,BIM,0.9,26.7,26.5,0,56
libstudy,S7,FGSM,0.6,BIM,1.0,26.7,26.5,0,56
libstudy,BLU,FGSM,0.7,BIM,0.1,15.933333333333334,15.0,0,37
libstudy,BLU,FGSM,0.7,BIM,0.2,15.933333333333334,15.0,0,37
libstudy,BLU,FGSM,0.7,BIM,0.3,15.933333333333334,15.0,0,37
libstudy,BLU,FGSM,0.7,BIM,0.4,15.933333333333334,15.0,0,37
libstudy,BLU,FGSM,0.7,BIM,0.5,15.933333333333334,15.0,0,37
libstudy,BLU,FGSM,0.7,BIM,0.6,15.933333333333334,15.0,0,37
libstudy,BLU,FGSM,0.7,BIM,0.7,15.933333333333334,15.0,0,37
libstudy,BLU,FGSM,0.7,BIM,0.8,15.933333333333334,15.0,0,37
libstudy,BLU,FGSM,0.7,BIM,0.9,15.933333333333334,15.0,0,37
libstudy,BLU,FGSM,0.7,BIM,1.0,15.933333333333334,15.0,0,37
libstudy,HTC,FGSM,0.7,BIM,0.1,15.933333333333334,15.0,0,37
libstudy,HTC,FGSM,0.7,BIM,0.2,15.933333333333334,15.0,0,37
libstudy,HTC,FGSM,0.7,BIM,0.3,15.933333333333334,15.0,0,37
libstudy,HTC,FGSM,0.7,BIM,0.4,15.933333333333334,15.0,0,37
libstudy,HTC,FGSM,0.7,BIM,0.5,15.933333333333334,15.0,0,37
libstudy,HTC,FGSM,0.7,BIM,0.6,15.933333333333334,15.0,0,37
libstudy,HTC,FGSM,0.7,BIM,0.7,15.933333333333334,15.0,0,37
libstudy,HTC,FGSM,0.7,BIM,0.8,15.933333333333334,15.0,0,37
libstudy,HTC,FGSM,0.7,BIM,0.9,15.933333333333334,15.0,0,37
libstudy,HTC,FGSM,0.7,BIM,1.0,15.933333333333334,15.0,0,37
libstudy,LG,FGSM,0.7,BIM,0.1,15.933333333333334,15.0,0,37
libstudy,LG,FGSM,0.7,BIM,0.2,15.933333333333334,15.0,0,37
libstudy,LG,FGSM,0.7,BIM,0.3,15.933333333333334,15.0,0,37
libstudy,LG,FGSM,0.7,BIM,0.4,15.933333333333334,15.0,0,37
libstudy,LG,FGSM,0.7,BIM,0.5,15.933333333333334,15.0,0,37
libstudy,LG,FGSM,0.7,BIM,0.6,15.933333333333334,15.0,0,37
libstudy,LG,FGSM,0.7,BIM,0.7,15.933333333333334,15.0,0,37
libstudy,LG,FGSM,0.7,BIM,0.8,15.933333333333334,15.0,0,37
libstudy,LG,FGSM,0.7,BIM,0.9,15.933333333333334,15.0,0,37
libstudy,LG,FGSM,0.7,BIM,1.0,15.933333333333334,15.0,0,37
libstudy,MOTO,FGSM,0.7,BIM,0.1,15.933333333333334,15.0,0,37
libstudy,MOTO,FGSM,0.7,BIM,0.2,15.933333333333334,15.0,0,37
libstudy,MOTO,FGSM,0.7,BIM,0.3,15.933333333333334,15.0,0,37
libstudy,MOTO,FGSM,0.7,BIM,0.4,15.933333333333334,15.0,0,37
libstudy,MOTO,FGSM,0.7,BIM,0.5,15.933333333333334,15.0,0,37
libstudy,MOTO,FGSM,0.7,BIM,0.6,15.933333333333334,15.0,0,37
libstudy,MOTO,FGSM,0.7,BIM,0.7,15.933333333333334,15.0,0,37
libstudy,MOTO,FGSM,0.7,BIM,0.8,15.933333333333334,15.0,0,37
libstudy,MOTO,FGSM,0.7,BIM,0.9,15.933333333333334,15.0,0,37
libstudy,MOTO,FGSM,0.7,BIM,1.0,15.933333333333334,15.0,0,37
libstudy,OP3,FGSM,0.7,BIM,0.1,15.933333333333334,15.0,0,37
libstudy,OP3,FGSM,0.7,BIM,0.2,15.933333333333334,15.0,0,37
libstudy,OP3,FGSM,0.7,BIM,0.3,15.933333333333334,15.0,0,37
libstudy,OP3,FGSM,0.7,BIM,0.4,15.933333333333334,15.0,0,37
libstudy,OP3,FGSM,0.7,BIM,0.5,15.933333333333334,15.0,0,37
libstudy,OP3,FGSM,0.7,BIM,0.6,15.933333333333334,15.0,0,37
libstudy,OP3,FGSM,0.7,BIM,0.7,15.933333333333334,15.0,0,37
libstudy,OP3,FGSM,0.7,BIM,0.8,15.933333333333334,15.0,0,37
libstudy,OP3,FGSM,0.7,BIM,0.9,15.933333333333334,15.0,0,37
libstudy,OP3,FGSM,0.7,BIM,1.0,15.933333333333334,15.0,0,37
libstudy,S7,FGSM,0.7,BIM,0.1,15.933333333333334,15.0,0,37
libstudy,S7,FGSM,0.7,BIM,0.2,15.933333333333334,15.0,0,37
libstudy,S7,FGSM,0.7,BIM,0.3,15.933333333333334,15.0,0,37
libstudy,S7,FGSM,0.7,BIM,0.4,15.933333333333334,15.0,0,37
libstudy,S7,FGSM,0.7,BIM,0.5,15.933333333333334,15.0,0,37
libstudy,S7,FGSM,0.7,BIM,0.6,15.933333333333334,15.0,0,37
libstudy,S7,FGSM,0.7,BIM,0.7,15.933333333333334,15.0,0,37
libstudy,S7,FGSM,0.7,BIM,0.8,15.933333333333334,15.0,0,37
libstudy,S7,FGSM,0.7,BIM,0.9,15.933333333333334,15.0,0,37
libstudy,S7,FGSM,0.7,BIM,1.0,15.933333333333334,15.0,0,37
libstudy,BLU,FGSM,0.8,BIM,0.1,24.2,23.5,0,53
libstudy,BLU,FGSM,0.8,BIM,0.2,24.2,23.5,0,53
libstudy,BLU,FGSM,0.8,BIM,0.3,24.2,23.5,0,53
libstudy,BLU,FGSM,0.8,BIM,0.4,24.2,23.5,0,53
libstudy,BLU,FGSM,0.8,BIM,0.5,24.2,23.5,0,53
libstudy,BLU,FGSM,0.8,BIM,0.6,24.2,23.5,0,53
libstudy,BLU,FGSM,0.8,BIM,0.7,24.2,23.5,0,53
libstudy,BLU,FGSM,0.8,BIM,0.8,24.2,23.5,0,53
libstudy,BLU,FGSM,0.8,BIM,0.9,24.2,23.5,0,53
libstudy,BLU,FGSM,0.8,BIM,1.0,24.2,23.5,0,53
libstudy,HTC,FGSM,0.8,BIM,0.1,24.2,23.5,0,53
libstudy,HTC,FGSM,0.8,BIM,0.2,24.2,23.5,0,53
libstudy,HTC,FGSM,0.8,BIM,0.3,24.2,23.5,0,53
libstudy,HTC,FGSM,0.8,BIM,0.4,24.2,23.5,0,53
libstudy,HTC,FGSM,0.8,BIM,0.5,24.2,23.5,0,53
libstudy,HTC,FGSM,0.8,BIM,0.6,24.2,23.5,0,53
libstudy,HTC,FGSM,0.8,BIM,0.7,24.2,23.5,0,53
libstudy,HTC,FGSM,0.8,BIM,0.8,24.2,23.5,0,53
libstudy,HTC,FGSM,0.8,BIM,0.9,24.2,23.5,0,53
libstudy,HTC,FGSM,0.8,BIM,1.0,24.2,23.5,0,53
libstudy,LG,FGSM,0.8,BIM,0.1,24.2,23.5,0,53
libstudy,LG,FGSM,0.8,BIM,0.2,24.2,23.5,0,53
libstudy,LG,FGSM,0.8,BIM,0.3,24.2,23.5,0,53
libstudy,LG,FGSM,0.8,BIM,0.4,24.2,23.5,0,53
libstudy,LG,FGSM,0.8,BIM,0.5,24.2,23.5,0,53
libstudy,LG,FGSM,0.8,BIM,0.6,24.2,23.5,0,53
libstudy,LG,FGSM,0.8,BIM,0.7,24.2,23.5,0,53
libstudy,LG,FGSM,0.8,BIM,0.8,24.2,23.5,0,53
libstudy,LG,FGSM,0.8,BIM,0.9,24.2,23.5,0,53
libstudy,LG,FGSM,0.8,BIM,1.0,24.2,23.5,0,53
libstudy,MOTO,FGSM,0.8,BIM,0.1,24.2,23.5,0,53
libstudy,MOTO,FGSM,0.8,BIM,0.2,24.2,23.5,0,53
libstudy,MOTO,FGSM,0.8,BIM,0.3,24.2,23.5,0,53
libstudy,MOTO,FGSM,0.8,BIM,0.4,24.2,23.5,0,53
libstudy,MOTO,FGSM,0.8,BIM,0.5,24.2,23.5,0,53
libstudy,MOTO,FGSM,0.8,BIM,0.6,24.2,23.5,0,53
libstudy,MOTO,FGSM,0.8,BIM,0.7,24.2,23.5,0,53
libstudy,MOTO,FGSM,0.8,BIM,0.8,24.2,23.5,0,53
libstudy,MOTO,FGSM,0.8,BIM,0.9,24.2,23.5,0,53
libstudy,MOTO,FGSM,0.8,BIM,1.0,24.2,23.5,0,53
libstudy,OP3,FGSM,0.8,BIM,0.1,24.2,23.5,0,53
libstudy,OP3,FGSM,0.8,BIM,0.2,24.2,23.5,0,53
libstudy,OP3,FGSM,0.8,BIM,0.3,24.2,23.5,0,53
libstudy,OP3,FGSM,0.8,BIM,0.4,24.2,23.5,0,53
libstudy,OP3,FGSM,0.8,BIM,0.5,24.2,23.5,0,53
libstudy,OP3,FGSM,0.8,BIM,0.6,24.2,23.5,0,53
libstudy,OP3,FGSM,0.8,BIM,0.7,24.2,23.5,0,53
libstudy,OP3,FGSM,0.8,BIM,0.8,24.2,23.5,0,53
libstudy,OP3,FGSM,0.8,BIM,0.9,24.2,23.5,0,53
libstudy,OP3,FGSM,0.8,BIM,1.0,24.2,23.5,0,53
libstudy,S7,FGSM,0.8,BIM,0.1,24.2,23.5,0,53
libstudy,S7,FGSM,0.8,BIM,0.2,24.2,23.5,0,53
libstudy,S7,FGSM,0.8,BIM,0.3,24.2,23.5,0,53
libstudy,S7,FGSM,0.8,BIM,0.4,24.2,23.5,0,53
libstudy,S7,FGSM,0.8,BIM,0.5,24.2,23.5,0,53
libstudy,S7,FGSM,0.8,BIM,0.6,24.2,23.5,0,53
libstudy,S7,FGSM,0.8,BIM,0.7,24.2,23.5,0,53
libstudy,S7,FGSM,0.8,BIM,0.8,24.2,23.5,0,53
libstudy,S7,FGSM,0.8,BIM,0.9,24.2,23.5,0,53
libstudy,S7,FGSM,0.8,BIM,1.0,24.2,23.5,0,53
libstudy,BLU,FGSM,0.9,BIM,0.1,25.0,24.5,0,54
libstudy,BLU,FGSM,0.9,BIM,0.2,25.0,24.5,0,54
libstudy,BLU,FGSM,0.9,BIM,0.3,25.0,24.5,0,54
libstudy,BLU,FGSM,0.9,BIM,0.4,25.0,24.5,0,54
libstudy,BLU,FGSM,0.9,BIM,0.5,25.0,24.5,0,54
libstudy,BLU,FGSM,0.9,BIM,0.6,25.0,24.5,0,54
libstudy,BLU,FGSM,0.9,BIM,0.7,25.0,24.5,0,54
libstudy,BLU,FGSM,0.9,BIM,0.8,25.0,24.5,0,54
libstudy,BLU,FGSM,0.9,BIM,0.9,25.0,24.5,0,54
libstudy,BLU,FGSM,0.9,BIM,1.0,25.0,24.5,0,54
libstudy,HTC,FGSM,0.9,BIM,0.1,25.0,24.5,0,54
libstudy,HTC,FGSM,0.9,BIM,0.2,25.0,24.5,0,54
libstudy,HTC,FGSM,0.9,BIM,0.3,25.0,24.5,0,54
libstudy,HTC,FGSM,0.9,BIM,0.4,25.0,24.5,0,54
libstudy,HTC,FGSM,0.9,BIM,0.5,25.0,24.5,0,54
libstudy,HTC,FGSM,0.9,BIM,0.6,25.0,24.5,0,54
libstudy,HTC,FGSM,0.9,BIM,0.7,25.0,24.5,0,54
libstudy,HTC,FGSM,0.9,BIM,0.8,25.0,24.5,0,54
libstudy,HTC,FGSM,0.9,BIM,0.9,25.0,24.5,0,54
libstudy,HTC,FGSM,0.9,BIM,1.0,25.0,24.5,0,54
libstudy,LG,FGSM,0.9,BIM,0.1,25.0,24.5,0,54
libstudy,LG,FGSM,0.9,BIM,0.2,25.0,24.5,0,54
libstudy,LG,FGSM,0.9,BIM,0.3,25.0,24.5,0,54
libstudy,LG,FGSM,0.9,BIM,0.4,25.0,24.5,0,54
libstudy,LG,FGSM,0.9,BIM,0.5,25.0,24.5,0,54
libstudy,LG,FGSM,0.9,BIM,0.6,25.0,24.5,0,54
libstudy,LG,FGSM,0.9,BIM,0.7,25.0,24.5,0,54
libstudy,LG,FGSM,0.9,BIM,0.8,25.0,24.5,0,54
libstudy,LG,FGSM,0.9,BIM,0.9,25.0,24.5,0,54
libstudy,LG,FGSM,0.9,BIM,1.0,25.0,24.5,0,54
libstudy,MOTO,FGSM,0.9,BIM,0.1,25.0,24.5,0,54
libstudy,MOTO,FGSM,0.9,BIM,0.2,25.0,24.5,0,54
libstudy,MOTO,FGSM,0.9,BIM,0.3,25.0,24.5,0,54
libstudy,MOTO,FGSM,0.9,BIM,0.4,25.0,24.5,0,54
libstudy,MOTO,FGSM,0.9,BIM,0.5,25.0,24.5,0,54
libstudy,MOTO,FGSM,0.9,BIM,0.6,25.0,24.5,0,54
libstudy,MOTO,FGSM,0.9,BIM,0.7,25.0,24.5,0,54
libstudy,MOTO,FGSM,0.9,BIM,0.8,25.0,24.5,0,54
libstudy,MOTO,FGSM,0.9,BIM,0.9,25.0,24.5,0,54
libstudy,MOTO,FGSM,0.9,BIM,1.0,25.0,24.5,0,54
libstudy,OP3,FGSM,0.9,BIM,0.1,25.0,24.5,0,54
libstudy,OP3,FGSM,0.9,BIM,0.2,25.0,24.5,0,54
libstudy,OP3,FGSM,0.9,BIM,0.3,25.0,24.5,0,54
libstudy,OP3,FGSM,0.9,BIM,0.4,25.0,24.5,0,54
libstudy,OP3,FGSM,0.9,BIM,0.5,25.0,24.5,0,54
libstudy,OP3,FGSM,0.9,BIM,0.6,25.0,24.5,0,54
libstudy,OP3,FGSM,0.9,BIM,0.7,25.0,24.5,0,54
libstudy,OP3,FGSM,0.9,BIM,0.8,25.0,24.5,0,54
libstudy,OP3,FGSM,0.9,BIM,0.9,25.0,24.5,0,54
libstudy,OP3,FGSM,0.9,BIM,1.0,25.0,24.5,0,54
libstudy,S7,FGSM,0.9,BIM,0.1,25.0,24.5,0,54
libstudy,S7,FGSM,0.9,BIM,0.2,25.0,24.5,0,54
libstudy,S7,FGSM,0.9,BIM,0.3,25.0,24.5,0,54
libstudy,S7,FGSM,0.9,BIM,0.4,25.0,24.5,0,54
libstudy,S7,FGSM,0.9,BIM,0.5,25.0,24.5,0,54
libstudy,S7,FGSM,0.9,BIM,0.6,25.0,24.5,0,54
libstudy,S7,FGSM,0.9,BIM,0.7,25.0,24.5,0,54
libstudy,S7,FGSM,0.9,BIM,0.8,25.0,24.5,0,54
libstudy,S7,FGSM,0.9,BIM,0.9,25.0,24.5,0,54
libstudy,S7,FGSM,0.9,BIM,1.0,25.0,24.5,0,54
libstudy,BLU,FGSM,1.0,BIM,0.1,29.5,29.5,0,59
libstudy,BLU,FGSM,1.0,BIM,0.2,29.5,29.5,0,59
libstudy,BLU,FGSM,1.0,BIM,0.3,29.5,29.5,0,59
libstudy,BLU,FGSM,1.0,BIM,0.4,29.5,29.5,0,59
libstudy,BLU,FGSM,1.0,BIM,0.5,29.5,29.5,0,59
libstudy,BLU,FGSM,1.0,BIM,0.6,29.5,29.5,0,59
libstudy,BLU,FGSM,1.0,BIM,0.7,29.5,29.5,0,59
libstudy,BLU,FGSM,1.0,BIM,0.8,29.5,29.5,0,59
libstudy,BLU,FGSM,1.0,BIM,0.9,29.5,29.5,0,59
libstudy,BLU,FGSM,1.0,BIM,1.0,29.5,29.5,0,59
libstudy,HTC,FGSM,1.0,BIM,0.1,29.5,29.5,0,59
libstudy,HTC,FGSM,1.0,BIM,0.2,29.5,29.5,0,59
libstudy,HTC,FGSM,1.0,BIM,0.3,29.5,29.5,0,59
libstudy,HTC,FGSM,1.0,BIM,0.4,29.5,29.5,0,59
libstudy,HTC,FGSM,1.0,BIM,0.5,29.5,29.5,0,59
libstudy,HTC,FGSM,1.0,BIM,0.6,29.5,29.5,0,59
libstudy,HTC,FGSM,1.0,BIM,0.7,29.5,29.5,0,59
libstudy,HTC,FGSM,1.0,BIM,0.8,29.5,29.5,0,59
libstudy,HTC,FGSM,1.0,BIM,0.9,29.5,29.5,0,59
libstudy,HTC,FGSM,1.0,BIM,1.0,29.5,29.5,0,59
libstudy,LG,FGSM,1.0,BIM,0.1,29.5,29.5,0,59
libstudy,LG,FGSM,1.0,BIM,0.2,29.5,29.5,0,59
libstudy,LG,FGSM,1.0,BIM,0.3,29.5,29.5,0,59
libstudy,LG,FGSM,1.0,BIM,0.4,29.5,29.5,0,59
libstudy,LG,FGSM,1.0,BIM,0.5,29.5,29.5,0,59
libstudy,LG,FGSM,1.0,BIM,0.6,29.5,29.5,0,59
libstudy,LG,FGSM,1.0,BIM,0.7,29.5,29.5,0,59
libstudy,LG,FGSM,1.0,BIM,0.8,29.5,29.5,0,59
libstudy,LG,FGSM,1.0,BIM,0.9,29.5,29.5,0,59
libstudy,LG,FGSM,1.0,BIM,1.0,29.5,29.5,0,59
libstudy,MOTO,FGSM,1.0,BIM,0.1,29.5,29.5,0,59
libstudy,MOTO,FGSM,1.0,BIM,0.2,29.5,29.5,0,59
libstudy,MOTO,FGSM,1.0,BIM,0.3,29.5,29.5,0,59
libstudy,MOTO,FGSM,1.0,BIM,0.4,29.5,29.5,0,59
libstudy,MOTO,FGSM,1.0,BIM,0.5,29.5,29.5,0,59
libstudy,MOTO,FGSM,1.0,BIM,0.6,29.5,29.5,0,59
libstudy,MOTO,FGSM,1.0,BIM,0.7,29.5,29.5,0,59
libstudy,MOTO,FGSM,1.0,BIM,0.8,29.5,29.5,0,59
libstudy,MOTO,FGSM,1.0,BIM,0.9,29.5,29.5,0,59
libstudy,MOTO,FGSM,1.0,BIM,1.0,29.5,29.5,0,59
libstudy,OP3,FGSM,1.0,BIM,0.1,29.5,29.5,0,59
libstudy,OP3,FGSM,1.0,BIM,0.2,29.5,29.5,0,59
libstudy,OP3,FGSM,1.0,BIM,0.3,29.5,29.5,0,59
libstudy,OP3,FGSM,1.0,BIM,0.4,29.5,29.5,0,59
libstudy,OP3,FGSM,1.0,BIM,0.5,29.5,29.5,0,59
libstudy,OP3,FGSM,1.0,BIM,0.6,29.5,29.5,0,59
libstudy,OP3,FGSM,1.0,BIM,0.7,29.5,29.5,0,59
libstudy,OP3,FGSM,1.0,BIM,0.8,29.5,29.5,0,59
libstudy,OP3,FGSM,1.0,BIM,0.9,29.5,29.5,0,59
libstudy,OP3,FGSM,1.0,BIM,1.0,29.5,29.5,0,59
libstudy,S7,FGSM,1.0,BIM,0.1,29.5,29.5,0,59
libstudy,S7,FGSM,1.0,BIM,0.2,29.5,29.5,0,59
libstudy,S7,FGSM,1.0,BIM,0.3,29.5,29.5,0,59
libstudy,S7,FGSM,1.0,BIM,0.4,29.5,29.5,0,59
libstudy,S7,FGSM,1.0,BIM,0.5,29.5,29.5,0,59
libstudy,S7,FGSM,1.0,BIM,0.6,29.5,29.5,0,59
libstudy,S7,FGSM,1.0,BIM,0.7,29.5,29.5,0,59
libstudy,S7,FGSM,1.0,BIM,0.8,29.5,29.5,0,59
libstudy,S7,FGSM,1.0,BIM,0.9,29.5,29.5,0,59
libstudy,S7,FGSM,1.0,BIM,1.0,29.5,29.5,0,59
libstudy,BLU,PGD,0.1,BIM,0.1,15.333333333333334,15.0,0,34
libstudy,BLU,PGD,0.1,BIM,0.2,15.333333333333334,15.0,0,34
libstudy,BLU,PGD,0.1,BIM,0.3,15.333333333333334,15.0,0,34
libstudy,BLU,PGD,0.1,BIM,0.4,15.333333333333334,15.0,0,34
libstudy,BLU,PGD,0.1,BIM,0.5,15.333333333333334,15.0,0,34
libstudy,BLU,PGD,0.1,BIM,0.6,15.333333333333334,15.0,0,34
libstudy,BLU,PGD,0.1,BIM,0.7,15.333333333333334,15.0,0,34
libstudy,BLU,PGD,0.1,BIM,0.8,15.333333333333334,15.0,0,34
libstudy,BLU,PGD,0.1,BIM,0.9,15.333333333333334,15.0,0,34
libstudy,BLU,PGD,0.1,BIM,1.0,15.333333333333334,15.0,0,34
libstudy,HTC,PGD,0.1,BIM,0.1,15.333333333333334,15.0,0,34
libstudy,HTC,PGD,0.1,BIM,0.2,15.333333333333334,15.0,0,34
libstudy,HTC,PGD,0.1,BIM,0.3,15.333333333333334,15.0,0,34
libstudy,HTC,PGD,0.1,BIM,0.4,15.333333333333334,15.0,0,34
libstudy,HTC,PGD,0.1,BIM,0.5,15.333333333333334,15.0,0,34
libstudy,HTC,PGD,0.1,BIM,0.6,15.333333333333334,15.0,0,34
libstudy,HTC,PGD,0.1,BIM,0.7,15.333333333333334,15.0,0,34
libstudy,HTC,PGD,0.1,BIM,0.8,15.333333333333334,15.0,0,34
libstudy,HTC,PGD,0.1,BIM,0.9,15.333333333333334,15.0,0,34
libstudy,HTC,PGD,0.1,BIM,1.0,15.333333333333334,15.0,0,34
libstudy,LG,PGD,0.1,BIM,0.1,15.333333333333334,15.0,0,34
libstudy,LG,PGD,0.1,BIM,0.2,15.333333333333334,15.0,0,34
libstudy,LG,PGD,0.1,BIM,0.3,15.333333333333334,15.0,0,34
libstudy,LG,PGD,0.1,BIM,0.4,15.333333333333334,15.0,0,34
libstudy,LG,PGD,0.1,BIM,0.5,15.333333333333334,15.0,0,34
libstudy,LG,PGD,0.1,BIM,0.6,15.333333333333334,15.0,0,34
libstudy,LG,PGD,0.1,BIM,0.7,15.333333333333334,15.0,0,34
libstudy,LG,PGD,0.1,BIM,0.8,15.333333333333334,15.0,0,34
libstudy,LG,PGD,0.1,BIM,0.9,15.333333333333334,15.0,0,34
libstudy,LG,PGD,0.1,BIM,1.0,15.333333333333334,15.0,0,34
libstudy,MOTO,PGD,0.1,BIM,0.1,15.333333333333334,15.0,0,34
libstudy,MOTO,PGD,0.1,BIM,0.2,15.333333333333334,15.0,0,34
libstudy,MOTO,PGD,0.1,BIM,0.3,15.333333333333334,15.0,0,34
libstudy,MOTO,PGD,0.1,BIM,0.4,15.333333333333334,15.0,0,34
libstudy,MOTO,PGD,0.1,BIM,0.5,15.333333333333334,15.0,0,34
libstudy,MOTO,PGD,0.1,BIM,0.6,15.333333333333334,15.0,0,34
libstudy,MOTO,PGD,0.1,BIM,0.7,15.333333333333334,15.0,0,34
libstudy,MOTO,PGD,0.1,BIM,0.8,15.333333333333334,15.0,0,34
libstudy,MOTO,PGD,0.1,BIM,0.9,15.333333333333334,15.0,0,34
libstudy,MOTO,PGD,0.1,BIM,1.0,15.333333333333334,15.0,0,34
libstudy,OP3,PGD,0.1,BIM,0.1,15.333333333333334,15.0,0,34
libstudy,OP3,PGD,0.1,BIM,0.2,15.333333333333334,15.0,0,34
libstudy,OP3,PGD,0.1,BIM,0.3,15.333333333333334,15.0,0,34
libstudy,OP3,PGD,0.1,BIM,0.4,15.333333333333334,15.0,0,34
libstudy,OP3,PGD,0.1,BIM,0.5,15.333333333333334,15.0,0,34
libstudy,OP3,PGD,0.1,BIM,0.6,15.333333333333334,15.0,0,34
libstudy,OP3,PGD,0.1,BIM,0.7,15.333333333333334,15.0,0,34
libstudy,OP3,PGD,0.1,BIM,0.8,15.333333333333334,15.0,0,34
libstudy,OP3,PGD,0.1,BIM,0.9,15.333333333333334,15.0,0,34
libstudy,OP3,PGD,0.1,BIM,1.0,15.333333333333334,15.0,0,34
libstudy,S7,PGD,0.1,BIM,0.1,15.333333333333334,15.0,0,34
libstudy,S7,PGD,0.1,BIM,0.2,15.333333333333334,15.0,0,34
libstudy,S7,PGD,0.1,BIM,0.3,15.333333333333334,15.0,0,34
libstudy,S7,PGD,0.1,BIM,0.4,15.333333333333334,15.0,0,34
libstudy,S7,PGD,0.1,BIM,0.5,15.333333333333334,15.0,0,34
libstudy,S7,PGD,0.1,BIM,0.6,15.333333333333334,15.0,0,34
libstudy,S7,PGD,0.1,BIM,0.7,15.333333333333334,15.0,0,34
libstudy,S7,PGD,0.1,BIM,0.8,15.333333333333334,15.0,0,34
libstudy,S7,PGD,0.1,BIM,0.9,15.333333333333334,15.0,0,34
libstudy,S7,PGD,0.1,BIM,1.0,15.333333333333334,15.0,0,34
libstudy,BLU,PGD,0.2,BIM,0.1,25.833333333333332,25.5,0,55
libstudy,BLU,PGD,0.2,BIM,0.2,27.6,27.5,0,57
libstudy,BLU,PGD,0.2,BIM,0.3,20.7,18.5,0,48
libstudy,BLU,PGD,0.2,BIM,0.4,20.7,18.5,0,48
libstudy,BLU,PGD,0.2,BIM,0.5,20.7,18.5,0,48
libstudy,BLU,PGD,0.2,BIM,0.6,20.7,18.5,0,48
libstudy,BLU,PGD,0.2,BIM,0.7,20.7,18.5,0,48
libstudy,BLU,PGD,0.2,BIM,0.8,20.7,18.5,0,48
libstudy,BLU,PGD,0.2,BIM,0.9,20.7,18.5,0,48
libstudy,BLU,PGD,0.2,BIM,1.0,20.7,18.5,0,48
libstudy,HTC,PGD,0.2,BIM,0.1,25.833333333333332,25.5,0,55
libstudy,HTC,PGD,0.2,BIM,0.2,25.833333333333332,25.5,0,55
libstudy,HTC,PGD,0.2,BIM,0.3,25.833333333333332,25.5,0,55
libstudy,HTC,PGD,0.2,BIM,0.4,25.833333333333332,25.5,0,55
libstudy,HTC,PGD,0.2,BIM,0.5,25.833333333333332,25.5,0,55
libstudy,HTC,PGD,0.2,BIM,0.6,25.833333333333332,25.5,0,55
libstudy,HTC,PGD,0.2,BIM,0.7,25.833333333333332,25.5,0,55
libstudy,HTC,PGD,0.2,BIM,0.8,25.833333333333332,25.5,0,55
libstudy,HTC,PGD,0.2,BIM,0.9,25.833333333333332,25.5,0,55
libstudy,HTC,PGD,0.2,BIM,1.0,25.833333333333332,25.5,0,55
libstudy,LG,PGD,0.2,BIM,0.1,16.833333333333332,15.0,0,40
libstudy,LG,PGD,0.2,BIM,0.2,16.833333333333332,15.0,0,40
libstudy,LG,PGD,0.2,BIM,0.3,16.833333333333332,15.0,0,40
libstudy,LG,PGD,0.2,BIM,0.4,16.833333333333332,15.0,0,40
libstudy,LG,PGD,0.2,BIM,0.5,16.833333333333332,15.0,0,40
libstudy,LG,PGD,0.2,BIM,0.6,16.833333333333332,15.0,0,40
libstudy,LG,PGD,0.2,BIM,0.7,16.833333333333332,15.0,0,40
libstudy,LG,PGD,0.2,BIM,0.8,16.833333333333332,15.0,0,40
libstudy,LG,PGD,0.2,BIM,0.9,16.833333333333332,15.0,0,40
libstudy,LG,PGD,0.2,BIM,1.0,16.833333333333332,15.0,0,40
libstudy,MOTO,PGD,0.2,BIM,0.1,17.4,16.5,0,40
libstudy,MOTO,PGD,0.2,BIM,0.2,20.7,18.5,0,48
libstudy,MOTO,PGD,0.2,BIM,0.3,20.7,18.5,0,48
libstudy,MOTO,PGD,0.2,BIM,0.4,20.7,18.5,0,48
libstudy,MOTO,PGD,0.2,BIM,0.5,20.7,18.5,0,48
libstudy,MOTO,PGD,0.2,BIM,0.6,20.7,18.5,0,48
libstudy,MOTO,PGD,0.2,BIM,0.7,20.7,18.5,0,48
libstudy,MOTO,PGD,0.2,BIM,0.8,20.7,18.5,0,48
libstudy,MOTO,PGD,0.2,BIM,0.9,20.7,18.5,0,48
libstudy,MOTO,PGD,0.2,BIM,1.0,20.7,18.5,0,48
libstudy,OP3,PGD,0.2,BIM,0.1,27.6,27.5,0,57
libstudy,OP3,PGD,0.2,BIM,0.2,27.6,27.5,0,57
libstudy,OP3,PGD,0.2,BIM,0.3,27.6,27.5,0,57
libstudy,OP3,PGD,0.2,BIM,0.4,27.6,27.5,0,57
libstudy,OP3,PGD,0.2,BIM,0.5,27.6,27.5,0,57
libstudy,OP3,PGD,0.2,BIM,0.6,27.6,27.5,0,57
libstudy,OP3,PGD,0.2,BIM,0.7,27.6,27.5,0,57
libstudy,OP3,PGD,0.2,BIM,0.8,27.6,27.5,0,57
libstudy,OP3,PGD,0.2,BIM,0.9,27.6,27.5,0,57
libstudy,OP3,PGD,0.2,BIM,1.0,27.6,27.5,0,57
libstudy,S7,PGD,0.2,BIM,0.1,25.833333333333332,25.5,0,55
libstudy,S7,PGD,0.2,BIM,0.2,25.833333333333332,25.5,0,55
libstudy,S7,PGD,0.2,BIM,0.3,25.833333333333332,25.5,0,55
libstudy,S7,PGD,0.2,BIM,0.4,25.833333333333332,25.5,0,55
libstudy,S7,PGD,0.2,BIM,0.5,25.833333333333332,25.5,0,55
libstudy,S7,PGD,0.2,BIM,0.6,25.833333333333332,25.5,0,55
libstudy,S7,PGD,0.2,BIM,0.7,25.833333333333332,25.5,0,55
libstudy,S7,PGD,0.2,BIM,0.8,25.833333333333332,25.5,0,55
libstudy,S7,PGD,0.2,BIM,0.9,25.833333333333332,25.5,0,55
libstudy,S7,PGD,0.2,BIM,1.0,25.833333333333332,25.5,0,55
libstudy,BLU,PGD,0.3,BIM,0.1,15.2,15.0,0,33
libstudy,BLU,PGD,0.3,BIM,0.2,15.2,15.0,0,33
libstudy,BLU,PGD,0.3,BIM,0.3,15.2,15.0,0,33
libstudy,BLU,PGD,0.3,BIM,0.4,15.2,15.0,0,33
libstudy,BLU,PGD,0.3,BIM,0.5,15.2,15.0,0,33
libstudy,BLU,PGD,0.3,BIM,0.6,15.2,15.0,0,33
libstudy,BLU,PGD,0.3,BIM,0.7,15.2,15.0,0,33
libstudy,BLU,PGD,0.3,BIM,0.8,15.2,15.0,0,33
libstudy,BLU,PGD,0.3,BIM,0.9,15.2,15.0,0,33
libstudy,BLU,PGD,0.3,BIM,1.0,15.2,15.0,0,33
libstudy,HTC,PGD,0.3,BIM,0.1,15.2,15.0,0,33
libstudy,HTC,PGD,0.3,BIM,0.2,15.2,15.0,0,33
libstudy,HTC,PGD,0.3,BIM,0.3,15.2,15.0,0,33
libstudy,HTC,PGD,0.3,BIM,0.4,15.2,15.0,0,33
libstudy,HTC,PGD,0.3,BIM,0.5,15.2,15.0,0,33
libstudy,HTC,PGD,0.3,BIM,0.6,15.2,15.0,0,33
libstudy,HTC,PGD,0.3,BIM,0.7,15.2,15.0,0,33
libstudy,HTC,PGD,0.3,BIM,0.8,15.2,15.0,0,33
libstudy,HTC,PGD,0.3,BIM,0.9,15.2,15.0,0,33
libstudy,HTC,PGD,0.3,BIM,1.0,15.2,15.0,0,33
libstudy,LG,PGD,0.3,BIM,0.1,15.2,15.0,0,33
libstudy,LG,PGD,0.3,BIM,0.2,15.2,15.0,0,33
libstudy,LG,PGD,0.3,BIM,0.3,15.2,15.0,0,33
libstudy,LG,PGD,0.3,BIM,0.4,15.2,15.0,0,33
libstudy,LG,PGD,0.3,BIM,0.5,15.2,15.0,0,33
libstudy,LG,PGD,0.3,BIM,0.6,15.2,15.0,0,33
libstudy,LG,PGD,0.3,BIM,0.7,15.2,15.0,0,33
libstudy,LG,PGD,0.3,BIM,0.8,15.2,15.0,0,33
libstudy,LG,PGD,0.3,BIM,0.9,15.2,15.0,0,33
libstudy,LG,PGD,0.3,BIM,1.0,15.2,15.0,0,33
libstudy,MOTO,PGD,0.3,BIM,0.1,15.2,15.0,0,33
libstudy,MOTO,PGD,0.3,BIM,0.2,15.2,15.0,0,33
libstudy,MOTO,PGD,0.3,BIM,0.3,15.2,15.0,0,33
libstudy,MOTO,PGD,0.3,BIM,0.4,15.2,15.0,0,33
libstudy,MOTO,PGD,0.3,BIM,0.5,15.2,15.0,0,33
libstudy,MOTO,PGD,0.3,BIM,0.6,15.2,15.0,0,33
libstudy,MOTO,PGD,0.3,BIM,0.7,15.2,15.0,0,33
libstudy,MOTO,PGD,0.3,BIM,0.8,15.2,15.0,0,33
libstudy,MOTO,PGD,0.3,BIM,0.9,15.2,15.0,0,33
libstudy,MOTO,PGD,0.3,BIM,1.0,15.2,15.0,0,33
libstudy,OP3,PGD,0.3,BIM,0.1,15.2,15.0,0,33
libstudy,OP3,PGD,0.3,BIM,0.2,15.2,15.0,0,33
libstudy,OP3,PGD,0.3,BIM,0.3,15.2,15.0,0,33
libstudy,OP3,PGD,0.3,BIM,0.4,15.2,15.0,0,33
libstudy,OP3,PGD,0.3,BIM,0.5,15.2,15.0,0,33
libstudy,OP3,PGD,0.3,BIM,0.6,15.2,15.0,0,33
libstudy,OP3,PGD,0.3,BIM,0.7,15.2,15.0,0,33
libstudy,OP3,PGD,0.3,BIM,0.8,15.2,15.0,0,33
libstudy,OP3,PGD,0.3,BIM,0.9,15.2,15.0,0,33
libstudy,OP3,PGD,0.3,BIM,1.0,15.2,15.0,0,33
libstudy,S7,PGD,0.3,BIM,0.1,15.2,15.0,0,33
libstudy,S7,PGD,0.3,BIM,0.2,15.2,15.0,0,33
libstudy,S7,PGD,0.3,BIM,0.3,15.2,15.0,0,33
libstudy,S7,PGD,0.3,BIM,0.4,15.2,15.0,0,33
libstudy,S7,PGD,0.3,BIM,0.5,15.2,15.0,0,33
libstudy,S7,PGD,0.3,BIM,0.6,15.2,15.0,0,33
libstudy,S7,PGD,0.3,BIM,0.7,15.2,15.0,0,33
libstudy,S7,PGD,0.3,BIM,0.8,15.2,15.0,0,33
libstudy,S7,PGD,0.3,BIM,0.9,15.2,15.0,0,33
libstudy,S7,PGD,0.3,BIM,1.0,15.2,15.0,0,33
libstudy,BLU,PGD,0.4,BIM,0.1,16.833333333333332,15.0,0,40
libstudy,BLU,PGD,0.4,BIM,0.2,16.833333333333332,15.0,0,40
libstudy,BLU,PGD,0.4,BIM,0.3,16.833333333333332,15.0,0,40
libstudy,BLU,PGD,0.4,BIM,0.4,16.833333333333332,15.0,0,40
libstudy,BLU,PGD,0.4,BIM,0.5,16.833333333333332,15.0,0,40
libstudy,BLU,PGD,0.4,BIM,0.6,16.833333333333332,15.0,0,40
libstudy,BLU,PGD,0.4,BIM,0.7,16.833333333333332,15.0,0,40
libstudy,BLU,PGD,0.4,BIM,0.8,16.833333333333332,15.0,0,40
libstudy,BLU,PGD,0.4,BIM,0.9,16.833333333333332,15.0,0,40
libstudy,BLU,PGD,0.4,BIM,1.0,16.833333333333332,15.0,0,40
libstudy,HTC,PGD,0.4,BIM,0.1,16.833333333333332,15.0,0,40
libstudy,HTC,PGD,0.4,BIM,0.2,16.833333333333332,15.0,0,40
libstudy,HTC,PGD,0.4,BIM,0.3,16.833333333333332,15.0,0,40
libstudy,HTC,PGD,0.4,BIM,0.4,16.833333333333332,15.0,0,40
libstudy,HTC,PGD,0.4,BIM,0.5,16.833333333333332,15.0,0,40
libstudy,HTC,PGD,0.4,BIM,0.6,16.833333333333332,15.0,0,40
libstudy,HTC,PGD,0.4,BIM,0.7,16.833333333333332,15.0,0,40
libstudy,HTC,PGD,0.4,BIM,0.8,16.833333333333332,15.0,0,40
libstudy,HTC,PGD,0.4,BIM,0.9,16.833333333333332,15.0,0,40
libstudy,HTC,PGD,0.4,BIM,1.0,16.833333333333332,15.0,0,40
libstudy,LG,PGD,0.4,BIM,0.1,16.833333333333332,15.0,0,40
libstudy,LG,PGD,0.4,BIM,0.2,16.833333333333332,15.0,0,40
libstudy,LG,PGD,0.4,BIM,0.3,16.833333333333332,15.0,0,40
libstudy,LG,PGD,0.4,BIM,0.4,16.833333333333332,15.0,0,40
libstudy,LG,PGD,0.4,BIM,0.5,16.833333333333332,15.0,0,40
libstudy,LG,PGD,0.4,BIM,0.6,16.833333333333332,15.0,0,40
libstudy,LG,PGD,0.4,BIM,0.7,16.833333333333332,15.0,0,40
libstudy,LG,PGD,0.4,BIM,0.8,16.833333333333332,15.0,0,40
libstudy,LG,PGD,0.4,BIM,0.9,16.833333333333332,15.0,0,40
libstudy,LG,PGD,0.4,BIM,1.0,16.833333333333332,15.0,0,40
libstudy,MOTO,PGD,0.4,BIM,0.1,16.833333333333332,15.0,0,40
libstudy,MOTO,PGD,0.4,BIM,0.2,16.833333333333332,15.0,0,40
libstudy,MOTO,PGD,0.4,BIM,0.3,16.833333333333332,15.0,0,40
libstudy,MOTO,PGD,0.4,BIM,0.4,16.833333333333332,15.0,0,40
libstudy,MOTO,PGD,0.4,BIM,0.5,16.833333333333332,15.0,0,40
libstudy,MOTO,PGD,0.4,BIM,0.6,16.833333333333332,15.0,0,40
libstudy,MOTO,PGD,0.4,BIM,0.7,16.833333333333332,15.0,0,40
libstudy,MOTO,PGD,0.4,BIM,0.8,16.833333333333332,15.0,0,40
libstudy,MOTO,PGD,0.4,BIM,0.9,16.833333333333332,15.0,0,40
libstudy,MOTO,PGD,0.4,BIM,1.0,16.833333333333332,15.0,0,40
libstudy,OP3,PGD,0.4,BIM,0.1,16.833333333333332,15.0,0,40
libstudy,OP3,PGD,0.4,BIM,0.2,16.833333333333332,15.0,0,40
libstudy,OP3,PGD,0.4,BIM,0.3,16.833333333333332,15.0,0,40
libstudy,OP3,PGD,0.4,BIM,0.4,16.833333333333332,15.0,0,40
libstudy,OP3,PGD,0.4,BIM,0.5,16.833333333333332,15.0,0,40
libstudy,OP3,PGD,0.4,BIM,0.6,16.833333333333332,15.0,0,40
libstudy,OP3,PGD,0.4,BIM,0.7,16.833333333333332,15.0,0,40
libstudy,OP3,PGD,0.4,BIM,0.8,16.833333333333332,15.0,0,40
libstudy,OP3,PGD,0.4,BIM,0.9,16.833333333333332,15.0,0,40
libstudy,OP3,PGD,0.4,BIM,1.0,16.833333333333332,15.0,0,40
libstudy,S7,PGD,0.4,BIM,0.1,16.833333333333332,15.0,0,40
libstudy,S7,PGD,0.4,BIM,0.2,16.833333333333332,15.0,0,40
libstudy,S7,PGD,0.4,BIM,0.3,16.833333333333332,15.0,0,40
libstudy,S7,PGD,0.4,BIM,0.4,16.833333333333332,15.0,0,40
libstudy,S7,PGD,0.4,BIM,0.5,16.833333333333332,15.0,0,40
libstudy,S7,PGD,0.4,BIM,0.6,16.833333333333332,15.0,0,40
libstudy,S7,PGD,0.4,BIM,0.7,16.833333333333332,15.0,0,40
libstudy,S7,PGD,0.4,BIM,0.8,16.833333333333332,15.0,0,40
libstudy,S7,PGD,0.4,BIM,0.9,16.833333333333332,15.0,0,40
libstudy,S7,PGD,0.4,BIM,1.0,16.833333333333332,15.0,0,40
libstudy,BLU,PGD,0.5,BIM,0.1,15.0,15.0,0,30
libstudy,BLU,PGD,0.5,BIM,0.2,15.0,15.0,0,30
libstudy,BLU,PGD,0.5,BIM,0.3,15.0,15.0,0,30
libstudy,BLU,PGD,0.5,BIM,0.4,15.0,15.0,0,30
libstudy,BLU,PGD,0.5,BIM,0.5,15.0,15.0,0,30
libstudy,BLU,PGD,0.5,BIM,0.6,15.0,15.0,0,30
libstudy,BLU,PGD,0.5,BIM,0.7,15.0,15.0,0,30
libstudy,BLU,PGD,0.5,BIM,0.8,15.0,15.0,0,30
libstudy,BLU,PGD,0.5,BIM,0.9,15.0,15.0,0,30
libstudy,BLU,PGD,0.5,BIM,1.0,15.0,15.0,0,30
libstudy,HTC,PGD,0.5,BIM,0.1,15.0,15.0,0,30
libstudy,HTC,PGD,0.5,BIM,0.2,15.0,15.0,0,30
libstudy,HTC,PGD,0.5,BIM,0.3,15.0,15.0,0,30
libstudy,HTC,PGD,0.5,BIM,0.4,15.0,15.0,0,30
libstudy,HTC,PGD,0.5,BIM,0.5,15.0,15.0,0,30
libstudy,HTC,PGD,0.5,BIM,0.6,15.0,15.0,0,30
libstudy,HTC,PGD,0.5,BIM,0.7,15.0,15.0,0,30
libstudy,HTC,PGD,0.5,BIM,0.8,15.0,15.0,0,30
libstudy,HTC,PGD,0.5,BIM,0.9,15.0,15.0,0,30
libstudy,HTC,PGD,0.5,BIM,1.0,15.0,15.0,0,30
libstudy,LG,PGD,0.5,BIM,0.1,15.0,15.0,0,30
libstudy,LG,PGD,0.5,BIM,0.2,15.0,15.0,0,30
libstudy,LG,PGD,0.5,BIM,0.3,15.0,15.0,0,30
libstudy,LG,PGD,0.5,BIM,0.4,15.0,15.0,0,30
libstudy,LG,PGD,0.5,BIM,0.5,15.0,15.0,0,30
libstudy,LG,PGD,0.5,BIM,0.6,15.0,15.0,0,30
libstudy,LG,PGD,0.5,BIM,0.7,15.0,15.0,0,30
libstudy,LG,PGD,0.5,BIM,0.8,15.0,15.0,0,30
libstudy,LG,PGD,0.5,BIM,0.9,15.0,15.0,0,30
libstudy,LG,PGD,0.5,BIM,1.0,15.0,15.0,0,30
libstudy,MOTO,PGD,0.5,BIM,0.1,15.0,15.0,0,30
libstudy,MOTO,PGD,0.5,BIM,0.2,15.0,15.0,0,30
libstudy,MOTO,PGD,0.5,BIM,0.3,15.0,15.0,0,30
libstudy,MOTO,PGD,0.5,BIM,0.4,15.0,15.0,0,30
libstudy,MOTO,PGD,0.5,BIM,0.5,15.0,15.0,0,30
libstudy,MOTO,PGD,0.5,BIM,0.6,15.0,15.0,0,30
libstudy,MOTO,PGD,0.5,BIM,0.7,15.0,15.0,0,30
libstudy,MOTO,PGD,0.5,BIM,0.8,15.0,15.0,0,30
libstudy,MOTO,PGD,0.5,BIM,0.9,15.0,15.0,0,30
libstudy,MOTO,PGD,0.5,BIM,1.0,15.0,15.0,0,30
libstudy,OP3,PGD,0.5,BIM,0.1,15.0,15.0,0,30
libstudy,OP3,PGD,0.5,BIM,0.2,15.0,15.0,0,30
libstudy,OP3,PGD,0.5,BIM,0.3,15.0,15.0,0,30
libstudy,OP3,PGD,0.5,BIM,0.4,15.0,15.0,0,30
libstudy,OP3,PGD,0.5,BIM,0.5,15.0,15.0,0,30
libstudy,OP3,PGD,0.5,BIM,0.6,15.0,15.0,0,30
libstudy,OP3,PGD,0.5,BIM,0.7,15.0,15.0,0,30
libstudy,OP3,PGD,0.5,BIM,0.8,15.0,15.0,0,30
libstudy,OP3,PGD,0.5,BIM,0.9,15.0,15.0,0,30
libstudy,OP3,PGD,0.5,BIM,1.0,15.0,15.0,0,30
libstudy,S7,PGD,0.5,BIM,0.1,15.0,15.0,0,30
libstudy,S7,PGD,0.5,BIM,0.2,15.0,15.0,0,30
libstudy,S7,PGD,0.5,BIM,0.3,15.0,15.0,0,30
libstudy,S7,PGD,0.5,BIM,0.4,15.0,15.0,0,30
libstudy,S7,PGD,0.5,BIM,0.5,15.0,15.0,0,30
libstudy,S7,PGD,0.5,BIM,0.6,15.0,15.0,0,30
libstudy,S7,PGD,0.5,BIM,0.7,15.0,15.0,0,30
libstudy,S7,PGD,0.5,BIM,0.8,15.0,15.0,0,30
libstudy,S7,PGD,0.5,BIM,0.9,15.0,15.0,0,30
libstudy,S7,PGD,0.5,BIM,1.0,15.0,15.0,0,30
libstudy,BLU,PGD,0.6,BIM,0.1,15.2,15.0,0,33
libstudy,BLU,PGD,0.6,BIM,0.2,15.2,15.0,0,33
libstudy,BLU,PGD,0.6,BIM,0.3,15.2,15.0,0,33
libstudy,BLU,PGD,0.6,BIM,0.4,15.2,15.0,0,33
libstudy,BLU,PGD,0.6,BIM,0.5,15.2,15.0,0,33
libstudy,BLU,PGD,0.6,BIM,0.6,15.2,15.0,0,33
libstudy,BLU,PGD,0.6,BIM,0.7,15.2,15.0,0,33
libstudy,BLU,PGD,0.6,BIM,0.8,15.2,15.0,0,33
libstudy,BLU,PGD,0.6,BIM,0.9,15.2,15.0,0,33
libstudy,BLU,PGD,0.6,BIM,1.0,15.2,15.0,0,33
libstudy,HTC,PGD,0.6,BIM,0.1,15.2,15.0,0,33
libstudy,HTC,PGD,0.6,BIM,0.2,15.2,15.0,0,33
libstudy,HTC,PGD,0.6,BIM,0.3,15.2,15.0,0,33
libstudy,HTC,PGD,0.6,BIM,0.4,15.2,15.0,0,33
libstudy,HTC,PGD,0.6,BIM,0.5,15.2,15.0,0,33
libstudy,HTC,PGD,0.6,BIM,0.6,15.2,15.0,0,33
libstudy,HTC,PGD,0.6,BIM,0.7,15.2,15.0,0,33
libstudy,HTC,PGD,0.6,BIM,0.8,15.2,15.0,0,33
libstudy,HTC,PGD,0.6,BIM,0.9,15.2,15.0,0,33
libstudy,HTC,PGD,0.6,BIM,1.0,15.2,15.0,0,33
libstudy,LG,PGD,0.6,BIM,0.1,15.2,15.0,0,33
libstudy,LG,PGD,0.6,BIM,0.2,15.2,15.0,0,33
libstudy,LG,PGD,0.6,BIM,0.3,15.2,15.0,0,33
libstudy,LG,PGD,0.6,BIM,0.4,15.2,15.0,0,33
libstudy,LG,PGD,0.6,BIM,0.5,15.2,15.0,0,33
libstudy,LG,PGD,0.6,BIM,0.6,15.2,15.0,0,33
libstudy,LG,PGD,0.6,BIM,0.7,15.2,15.0,0,33
libstudy,LG,PGD,0.6,BIM,0.8,15.2,15.0,0,33
libstudy,LG,PGD,0.6,BIM,0.9,15.2,15.0,0,33
libstudy,LG,PGD,0.6,BIM,1.0,15.2,15.0,0,33
libstudy,MOTO,PGD,0.6,BIM,0.1,15.2,15.0,0,33
libstudy,MOTO,PGD,0.6,BIM,0.2,15.2,15.0,0,33
libstudy,MOTO,PGD,0.6,BIM,0.3,15.2,15.0,0,33
libstudy,MOTO,PGD,0.6,BIM,0.4,15.2,15.0,0,33
libstudy,MOTO,PGD,0.6,BIM,0.5,15.2,15.0,0,33
libstudy,MOTO,PGD,0.6,BIM,0.6,15.2,15.0,0,33
libstudy,MOTO,PGD,0.6,BIM,0.7,15.2,15.0,0,33
libstudy,MOTO,PGD,0.6,BIM,0.8,15.2,15.0,0,33
libstudy,MOTO,PGD,0.6,BIM,0.9,15.2,15.0,0,33
libstudy,MOTO,PGD,0.6,BIM,1.0,15.2,15.0,0,33
libstudy,OP3,PGD,0.6,BIM,0.1,15.2,15.0,0,33
libstudy,OP3,PGD,0.6,BIM,0.2,15.2,15.0,0,33
libstudy,OP3,PGD,0.6,BIM,0.3,15.2,15.0,0,33
libstudy,OP3,PGD,0.6,BIM,0.4,15.2,15.0,0,33
libstudy,OP3,PGD,0.6,BIM,0.5,15.2,15.0,0,33
libstudy,OP3,PGD,0.6,BIM,0.6,15.2,15.0,0,33
libstudy,OP3,PGD,0.6,BIM,0.7,15.2,15.0,0,33
libstudy,OP3,PGD,0.6,BIM,0.8,15.2,15.0,0,33
libstudy,OP3,PGD,0.6,BIM,0.9,15.2,15.0,0,33
libstudy,OP3,PGD,0.6,BIM,1.0,15.2,15.0,0,33
libstudy,S7,PGD,0.6,BIM,0.1,15.2,15.0,0,33
libstudy,S7,PGD,0.6,BIM,0.2,15.2,15.0,0,33
libstudy,S7,PGD,0.6,BIM,0.3,15.2,15.0,0,33
libstudy,S7,PGD,0.6,BIM,0.4,15.2,15.0,0,33
libstudy,S7,PGD,0.6,BIM,0.5,15.2,15.0,0,33
libstudy,S7,PGD,0.6,BIM,0.6,15.2,15.0,0,33
libstudy,S7,PGD,0.6,BIM,0.7,15.2,15.0,0,33
libstudy,S7,PGD,0.6,BIM,0.8,15.2,15.0,0,33
libstudy,S7,PGD,0.6,BIM,0.9,15.2,15.0,0,33
libstudy,S7,PGD,0.6,BIM,1.0,15.2,15.0,0,33
libstudy,BLU,PGD,0.7,BIM,0.1,19.0,15.5,0,45
libstudy,BLU,PGD,0.7,BIM,0.2,19.0,15.5,0,45
libstudy,BLU,PGD,0.7,BIM,0.3,19.0,15.5,0,45
libstudy,BLU,PGD,0.7,BIM,0.4,19.0,15.5,0,45
libstudy,BLU,PGD,0.7,BIM,0.5,19.0,15.5,0,45
libstudy,BLU,PGD,0.7,BIM,0.6,19.0,15.5,0,45
libstudy,BLU,PGD,0.7,BIM,0.7,19.0,15.5,0,45
libstudy,BLU,PGD,0.7,BIM,0.8,19.0,15.5,0,45
libstudy,BLU,PGD,0.7,BIM,0.9,19.0,15.5,0,45
libstudy,BLU,PGD,0.7,BIM,1.0,19.0,15.5,0,45
libstudy,HTC,PGD,0.7,BIM,0.1,19.0,15.5,0,45
libstudy,HTC,PGD,0.7,BIM,0.2,19.0,15.5,0,45
libstudy,HTC,PGD,0.7,BIM,0.3,19.0,15.5,0,45
libstudy,HTC,PGD,0.7,BIM,0.4,19.0,15.5,0,45
libstudy,HTC,PGD,0.7,BIM,0.5,19.0,15.5,0,45
libstudy,HTC,PGD,0.7,BIM,0.6,19.0,15.5,0,45
libstudy,HTC,PGD,0.7,BIM,0.7,19.0,15.5,0,45
libstudy,HTC,PGD,0.7,BIM,0.8,19.0,15.5,0,45
libstudy,HTC,PGD,0.7,BIM,0.9,19.0,15.5,0,45
libstudy,HTC,PGD,0.7,BIM,1.0,19.0,15.5,0,45
libstudy,LG,PGD,0.7,BIM,0.1,19.0,15.5,0,45
libstudy,LG,PGD,0.7,BIM,0.2,19.0,15.5,0,45
libstudy,LG,PGD,0.7,BIM,0.3,19.0,15.5,0,45
libstudy,LG,PGD,0.7,BIM,0.4,19.0,15.5,0,45
libstudy,LG,PGD,0.7,BIM,0.5,19.0,15.5,0,45
libstudy,LG,PGD,0.7,BIM,0.6,19.0,15.5,0,45
libstudy,LG,PGD,0.7,BIM,0.7,19.0,15.5,0,45
libstudy,LG,PGD,0.7,BIM,0.8,19.0,15.5,0,45
libstudy,LG,PGD,0.7,BIM,0.9,19.0,15.5,0,45
libstudy,LG,PGD,0.7,BIM,1.0,19.0,15.5,0,45
libstudy,MOTO,PGD,0.7,BIM,0.1,19.0,15.5,0,45
libstudy,MOTO,PGD,0.7,BIM,0.2,19.0,15.5,0,45
libstudy,MOTO,PGD,0.7,BIM,0.3,19.0,15.5,0,45
libstudy,MOTO,PGD,0.7,BIM,0.4,19.0,15.5,0,45
libstudy,MOTO,PGD,0.7,BIM,0.5,19.0,15.5,0,45
libstudy,MOTO,PGD,0.7,BIM,0.6,19.0,15.5,0,45
libstudy,MOTO,PGD,0.7,BIM,0.7,19.0,15.5,0,45
libstudy,MOTO,PGD,0.7,BIM,0.8,19.0,15.5,0,45
libstudy,MOTO,PGD,0.7,BIM,0.9,19.0,15.5,0,45
libstudy,MOTO,PGD,0.7,BIM,1.0,19.0,15.5,0,45
libstudy,OP3,PGD,0.7,BIM,0.1,19.0,15.5,0,45
libstudy,OP3,PGD,0.7,BIM,0.2,19.0,15.5,0,45
libstudy,OP3,PGD,0.7,BIM,0.3,19.0,15.5,0,45
libstudy,OP3,PGD,0.7,BIM,0.4,19.0,15.5,0,45
libstudy,OP3,PGD,0.7,BIM,0.5,19.0,15.5,0,45
libstudy,OP3,PGD,0.7,BIM,0.6,19.0,15.5,0,45
libstudy,OP3,PGD,0.7,BIM,0.7,19.0,15.5,0,45
libstudy,OP3,PGD,0.7,BIM,0.8,19.0,15.5,0,45
libstudy,OP3,PGD,0.7,BIM,0.9,19.0,15.5,0,45
libstudy,OP3,PGD,0.7,BIM,1.0,19.0,15.5,0,45
libstudy,S7,PGD,0.7,BIM,0.1,19.0,15.5,0,45
libstudy,S7,PGD,0.7,BIM,0.2,19.0,15.5,0,45
libstudy,S7,PGD,0.7,BIM,0.3,19.0,15.5,0,45
libstudy,S7,PGD,0.7,BIM,0.4,19.0,15.5,0,45
libstudy,S7,PGD,0.7,BIM,0.5,19.0,15.5,0,45
libstudy,S7,PGD,0.7,BIM,0.6,19.0,15.5,0,45
libstudy,S7,PGD,0.7,BIM,0.7,19.0,15.5,0,45
libstudy,S7,PGD,0.7,BIM,0.8,19.0,15.5,0,45
libstudy,S7,PGD,0.7,BIM,0.9,19.0,15.5,0,45
libstudy,S7,PGD,0.7,BIM,1.0,19.0,15.5,0,45
libstudy,BLU,PGD,0.8,BIM,0.1,19.0,15.5,0,45
libstudy,BLU,PGD,0.8,BIM,0.2,19.0,15.5,0,45
libstudy,BLU,PGD,0.8,BIM,0.3,19.0,15.5,0,45
libstudy,BLU,PGD,0.8,BIM,0.4,19.0,15.5,0,45
libstudy,BLU,PGD,0.8,BIM,0.5,19.0,15.5,0,45
libstudy,BLU,PGD,0.8,BIM,0.6,19.0,15.5,0,45
libstudy,BLU,PGD,0.8,BIM,0.7,19.0,15.5,0,45
libstudy,BLU,PGD,0.8,BIM,0.8,19.0,15.5,0,45
libstudy,BLU,PGD,0.8,BIM,0.9,19.0,15.5,0,45
libstudy,BLU,PGD,0.8,BIM,1.0,19.0,15.5,0,45
libstudy,HTC,PGD,0.8,BIM,0.1,19.0,15.5,0,45
libstudy,HTC,PGD,0.8,BIM,0.2,19.0,15.5,0,45
libstudy,HTC,PGD,0.8,BIM,0.3,19.0,15.5,0,45
libstudy,HTC,PGD,0.8,BIM,0.4,19.0,15.5,0,45
libstudy,HTC,PGD,0.8,BIM,0.5,19.0,15.5,0,45
libstudy,HTC,PGD,0.8,BIM,0.6,19.0,15.5,0,45
libstudy,HTC,PGD,0.8,BIM,0.7,19.0,15.5,0,45
libstudy,HTC,PGD,0.8,BIM,0.8,19.0,15.5,0,45
libstudy,HTC,PGD,0.8,BIM,0.9,19.0,15.5,0,45
libstudy,HTC,PGD,0.8,BIM,1.0,19.0,15.5,0,45
libstudy,LG,PGD,0.8,BIM,0.1,19.0,15.5,0,45
libstudy,LG,PGD,0.8,BIM,0.2,19.0,15.5,0,45
libstudy,LG,PGD,0.8,BIM,0.3,19.0,15.5,0,45
libstudy,LG,PGD,0.8,BIM,0.4,19.0,15.5,0,45
libstudy,LG,PGD,0.8,BIM,0.5,19.0,15.5,0,45
libstudy,LG,PGD,0.8,BIM,0.6,19.0,15.5,0,45
libstudy,LG,PGD,0.8,BIM,0.7,19.0,15.5,0,45
libstudy,LG,PGD,0.8,BIM,0.8,19.0,15.5,0,45
libstudy,LG,PGD,0.8,BIM,0.9,19.0,15.5,0,45
libstudy,LG,PGD,0.8,BIM,1.0,19.0,15.5,0,45
libstudy,MOTO,PGD,0.8,BIM,0.1,19.0,15.5,0,45
libstudy,MOTO,PGD,0.8,BIM,0.2,19.0,15.5,0,45
libstudy,MOTO,PGD,0.8,BIM,0.3,19.0,15.5,0,45
libstudy,MOTO,PGD,0.8,BIM,0.4,19.0,15.5,0,45
libstudy,MOTO,PGD,0.8,BIM,0.5,19.0,15.5,0,45
libstudy,MOTO,PGD,0.8,BIM,0.6,19.0,15.5,0,45
libstudy,MOTO,PGD,0.8,BIM,0.7,19.0,15.5,0,45
libstudy,MOTO,PGD,0.8,BIM,0.8,19.0,15.5,0,45
libstudy,MOTO,PGD,0.8,BIM,0.9,19.0,15.5,0,45
libstudy,MOTO,PGD,0.8,BIM,1.0,19.0,15.5,0,45
libstudy,OP3,PGD,0.8,BIM,0.1,19.0,15.5,0,45
libstudy,OP3,PGD,0.8,BIM,0.2,19.0,15.5,0,45
libstudy,OP3,PGD,0.8,BIM,0.3,19.0,15.5,0,45
libstudy,OP3,PGD,0.8,BIM,0.4,19.0,15.5,0,45
libstudy,OP3,PGD,0.8,BIM,0.5,19.0,15.5,0,45
libstudy,OP3,PGD,0.8,BIM,0.6,19.0,15.5,0,45
libstudy,OP3,PGD,0.8,BIM,0.7,19.0,15.5,0,45
libstudy,OP3,PGD,0.8,BIM,0.8,19.0,15.5,0,45
libstudy,OP3,PGD,0.8,BIM,0.9,19.0,15.5,0,45
libstudy,OP3,PGD,0.8,BIM,1.0,19.0,15.5,0,45
libstudy,S7,PGD,0.8,BIM,0.1,19.0,15.5,0,45
libstudy,S7,PGD,0.8,BIM,0.2,19.0,15.5,0,45
libstudy,S7,PGD,0.8,BIM,0.3,19.0,15.5,0,45
libstudy,S7,PGD,0.8,BIM,0.4,19.0,15.5,0,45
libstudy,S7,PGD,0.8,BIM,0.5,19.0,15.5,0,45
libstudy,S7,PGD,0.8,BIM,0.6,19.0,15.5,0,45
libstudy,S7,PGD,0.8,BIM,0.7,19.0,15.5,0,45
libstudy,S7,PGD,0.8,BIM,0.8,19.0,15.5,0,45
libstudy,S7,PGD,0.8,BIM,0.9,19.0,15.5,0,45
libstudy,S7,PGD,0.8,BIM,1.0,19.0,15.5,0,45
libstudy,BLU,PGD,0.9,BIM,0.1,25.0,24.5,0,54
libstudy,BLU,PGD,0.9,BIM,0.2,25.0,24.5,0,54
libstudy,BLU,PGD,0.9,BIM,0.3,25.0,24.5,0,54
libstudy,BLU,PGD,0.9,BIM,0.4,25.0,24.5,0,54
libstudy,BLU,PGD,0.9,BIM,0.5,25.0,24.5,0,54
libstudy,BLU,PGD,0.9,BIM,0.6,25.0,24.5,0,54
libstudy,BLU,PGD,0.9,BIM,0.7,25.0,24.5,0,54
libstudy,BLU,PGD,0.9,BIM,0.8,25.0,24.5,0,54
libstudy,BLU,PGD,0.9,BIM,0.9,25.0,24.5,0,54
libstudy,BLU,PGD,0.9,BIM,1.0,25.0,24.5,0,54
libstudy,HTC,PGD,0.9,BIM,0.1,25.0,24.5,0,54
libstudy,HTC,PGD,0.9,BIM,0.2,25.0,24.5,0,54
libstudy,HTC,PGD,0.9,BIM,0.3,25.0,24.5,0,54
libstudy,HTC,PGD,0.9,BIM,0.4,25.0,24.5,0,54
libstudy,HTC,PGD,0.9,BIM,0.5,25.0,24.5,0,54
libstudy,HTC,PGD,0.9,BIM,0.6,25.0,24.5,0,54
libstudy,HTC,PGD,0.9,BIM,0.7,25.0,24.5,0,54
libstudy,HTC,PGD,0.9,BIM,0.8,25.0,24.5,0,54
libstudy,HTC,PGD,0.9,BIM,0.9,25.0,24.5,0,54
libstudy,HTC,PGD,0.9,BIM,1.0,25.0,24.5,0,54
libstudy,LG,PGD,0.9,BIM,0.1,25.0,24.5,0,54
libstudy,LG,PGD,0.9,BIM,0.2,25.0,24.5,0,54
libstudy,LG,PGD,0.9,BIM,0.3,25.0,24.5,0,54
libstudy,LG,PGD,0.9,BIM,0.4,25.0,24.5,0,54
libstudy,LG,PGD,0.9,BIM,0.5,25.0,24.5,0,54
libstudy,LG,PGD,0.9,BIM,0.6,25.0,24.5,0,54
libstudy,LG,PGD,0.9,BIM,0.7,25.0,24.5,0,54
libstudy,LG,PGD,0.9,BIM,0.8,25.0,24.5,0,54
libstudy,LG,PGD,0.9,BIM,0.9,25.0,24.5,0,54
libstudy,LG,PGD,0.9,BIM,1.0,25.0,24.5,0,54
libstudy,MOTO,PGD,0.9,BIM,0.1,25.0,24.5,0,54
libstudy,MOTO,PGD,0.9,BIM,0.2,25.0,24.5,0,54
libstudy,MOTO,PGD,0.9,BIM,0.3,25.0,24.5,0,54
libstudy,MOTO,PGD,0.9,BIM,0.4,25.0,24.5,0,54
libstudy,MOTO,PGD,0.9,BIM,0.5,25.0,24.5,0,54
libstudy,MOTO,PGD,0.9,BIM,0.6,25.0,24.5,0,54
libstudy,MOTO,PGD,0.9,BIM,0.7,25.0,24.5,0,54
libstudy,MOTO,PGD,0.9,BIM,0.8,25.0,24.5,0,54
libstudy,MOTO,PGD,0.9,BIM,0.9,25.0,24.5,0,54
libstudy,MOTO,PGD,0.9,BIM,1.0,25.0,24.5,0,54
libstudy,OP3,PGD,0.9,BIM,0.1,25.0,24.5,0,54
libstudy,OP3,PGD,0.9,BIM,0.2,25.0,24.5,0,54
libstudy,OP3,PGD,0.9,BIM,0.3,25.0,24.5,0,54
libstudy,OP3,PGD,0.9,BIM,0.4,25.0,24.5,0,54
libstudy,OP3,PGD,0.9,BIM,0.5,25.0,24.5,0,54
libstudy,OP3,PGD,0.9,BIM,0.6,25.0,24.5,0,54
libstudy,OP3,PGD,0.9,BIM,0.7,25.0,24.5,0,54
libstudy,OP3,PGD,0.9,BIM,0.8,25.0,24.5,0,54
libstudy,OP3,PGD,0.9,BIM,0.9,25.0,24.5,0,54
libstudy,OP3,PGD,0.9,BIM,1.0,25.0,24.5,0,54
libstudy,S7,PGD,0.9,BIM,0.1,25.0,24.5,0,54
libstudy,S7,PGD,0.9,BIM,0.2,25.0,24.5,0,54
libstudy,S7,PGD,0.9,BIM,0.3,25.0,24.5,0,54
libstudy,S7,PGD,0.9,BIM,0.4,25.0,24.5,0,54
libstudy,S7,PGD,0.9,BIM,0.5,25.0,24.5,0,54
libstudy,S7,PGD,0.9,BIM,0.6,25.0,24.5,0,54
libstudy,S7,PGD,0.9,BIM,0.7,25.0,24.5,0,54
libstudy,S7,PGD,0.9,BIM,0.8,25.0,24.5,0,54
libstudy,S7,PGD,0.9,BIM,0.9,25.0,24.5,0,54
libstudy,S7,PGD,0.9,BIM,1.0,25.0,24.5,0,54
libstudy,BLU,PGD,1.0,BIM,0.1,22.7,21.5,0,51
libstudy,BLU,PGD,1.0,BIM,0.2,22.7,21.5,0,51
libstudy,BLU,PGD,1.0,BIM,0.3,22.7,21.5,0,51
libstudy,BLU,PGD,1.0,BIM,0.4,22.7,21.5,0,51
libstudy,BLU,PGD,1.0,BIM,0.5,22.7,21.5,0,51
libstudy,BLU,PGD,1.0,BIM,0.6,22.7,21.5,0,51
libstudy,BLU,PGD,1.0,BIM,0.7,22.7,21.5,0,51
libstudy,BLU,PGD,1.0,BIM,0.8,22.7,21.5,0,51
libstudy,BLU,PGD,1.0,BIM,0.9,22.7,21.5,0,51
libstudy,BLU,PGD,1.0,BIM,1.0,22.7,21.5,0,51
libstudy,HTC,PGD,1.0,BIM,0.1,22.7,21.5,0,51
libstudy,HTC,PGD,1.0,BIM,0.2,22.7,21.5,0,51
libstudy,HTC,PGD,1.0,BIM,0.3,22.7,21.5,0,51
libstudy,HTC,PGD,1.0,BIM,0.4,22.7,21.5,0,51
libstudy,HTC,PGD,1.0,BIM,0.5,22.7,21.5,0,51
libstudy,HTC,PGD,1.0,BIM,0.6,22.7,21.5,0,51
libstudy,HTC,PGD,1.0,BIM,0.7,22.7,21.5,0,51
libstudy,HTC,PGD,1.0,BIM,0.8,22.7,21.5,0,51
libstudy,HTC,PGD,1.0,BIM,0.9,22.7,21.5,0,51
libstudy,HTC,PGD,1.0,BIM,1.0,22.7,21.5,0,51
libstudy,LG,PGD,1.0,BIM,0.1,22.7,21.5,0,51
libstudy,LG,PGD,1.0,BIM,0.2,22.7,21.5,0,51
libstudy,LG,PGD,1.0,BIM,0.3,22.7,21.5,0,51
libstudy,LG,PGD,1.0,BIM,0.4,22.7,21.5,0,51
libstudy,LG,PGD,1.0,BIM,0.5,22.7,21.5,0,51
libstudy,LG,PGD,1.0,BIM,0.6,22.7,21.5,0,51
libstudy,LG,PGD,1.0,BIM,0.7,22.7,21.5,0,51
libstudy,LG,PGD,1.0,BIM,0.8,22.7,21.5,0,51
libstudy,LG,PGD,1.0,BIM,0.9,22.7,21.5,0,51
libstudy,LG,PGD,1.0,BIM,1.0,22.7,21.5,0,51
libstudy,MOTO,PGD,1.0,BIM,0.1,22.7,21.5,0,51
libstudy,MOTO,PGD,1.0,BIM,0.2,22.7,21.5,0,51
libstudy,MOTO,PGD,1.0,BIM,0.3,22.7,21.5,0,51
libstudy,MOTO,PGD,1.0,BIM,0.4,22.7,21.5,0,51
libstudy,MOTO,PGD,1.0,BIM,0.5,22.7,21.5,0,51
libstudy,MOTO,PGD,1.0,BIM,0.6,22.7,21.5,0,51
libstudy,MOTO,PGD,1.0,BIM,0.7,22.7,21.5,0,51
libstudy,MOTO,PGD,1.0,BIM,0.8,22.7,21.5,0,51
libstudy,MOTO,PGD,1.0,BIM,0.9,22.7,21.5,0,51
libstudy,MOTO,PGD,1.0,BIM,1.0,22.7,21.5,0,51
libstudy,OP3,PGD,1.0,BIM,0.1,22.7,21.5,0,51
libstudy,OP3,PGD,1.0,BIM,0.2,22.7,21.5,0,51
libstudy,OP3,PGD,1.0,BIM,0.3,22.7,21.5,0,51
libstudy,OP3,PGD,1.0,BIM,0.4,22.7,21.5,0,51
libstudy,OP3,PGD,1.0,BIM,0.5,22.7,21.5,0,51
libstudy,OP3,PGD,1.0,BIM,0.6,22.7,21.5,0,51
libstudy,OP3,PGD,1.0,BIM,0.7,22.7,21.5,0,51
libstudy,OP3,PGD,1.0,BIM,0.8,22.7,21.5,0,51
libstudy,OP3,PGD,1.0,BIM,0.9,22.7,21.5,0,51
libstudy,OP3,PGD,1.0,BIM,1.0,22.7,21.5,0,51
libstudy,S7,PGD,1.0,BIM,0.1,22.7,21.5,0,51
libstudy,S7,PGD,1.0,BIM,0.2,22.7,21.5,0,51
libstudy,S7,PGD,1.0,BIM,0.3,22.7,21.5,0,51
libstudy,S7,PGD,1.0,BIM,0.4,22.7,21.5,0,51
libstudy,S7,PGD,1.0,BIM,0.5,22.7,21.5,0,51
libstudy,S7,PGD,1.0,BIM,0.6,22.7,21.5,0,51
libstudy,S7,PGD,1.0,BIM,0.7,22.7,21.5,0,51
libstudy,S7,PGD,1.0,BIM,0.8,22.7,21.5,0,51
libstudy,S7,PGD,1.0,BIM,0.9,22.7,21.5,0,51
libstudy,S7,PGD,1.0,BIM,1.0,22.7,21.5,0,51
libstudy,BLU,MIM,0.1,BIM,0.1,21.333333333333332,19.5,0,49
libstudy,BLU,MIM,0.1,BIM,0.2,21.333333333333332,19.5,0,49
libstudy,BLU,MIM,0.1,BIM,0.3,21.333333333333332,19.5,0,49
libstudy,BLU,MIM,0.1,BIM,0.4,21.333333333333332,19.5,0,49
libstudy,BLU,MIM,0.1,BIM,0.5,21.333333333333332,19.5,0,49
libstudy,BLU,MIM,0.1,BIM,0.6,21.333333333333332,19.5,0,49
libstudy,BLU,MIM,0.1,BIM,0.7,21.333333333333332,19.5,0,49
libstudy,BLU,MIM,0.1,BIM,0.8,21.333333333333332,19.5,0,49
libstudy,BLU,MIM,0.1,BIM,0.9,21.333333333333332,19.5,0,49
libstudy,BLU,MIM,0.1,BIM,1.0,21.333333333333332,19.5,0,49
libstudy,HTC,MIM,0.1,BIM,0.1,21.333333333333332,19.5,0,49
libstudy,HTC,MIM,0.1,BIM,0.2,21.333333333333332,19.5,0,49
libstudy,HTC,MIM,0.1,BIM,0.3,21.333333333333332,19.5,0,49
libstudy,HTC,MIM,0.1,BIM,0.4,21.333333333333332,19.5,0,49
libstudy,HTC,MIM,0.1,BIM,0.5,21.333333333333332,19.5,0,49
libstudy,HTC,MIM,0.1,BIM,0.6,21.333333333333332,19.5,0,49
libstudy,HTC,MIM,0.1,BIM,0.7,21.333333333333332,19.5,0,49
libstudy,HTC,MIM,0.1,BIM,0.8,21.333333333333332,19.5,0,49
libstudy,HTC,MIM,0.1,BIM,0.9,21.333333333333332,19.5,0,49
libstudy,HTC,MIM,0.1,BIM,1.0,21.333333333333332,19.5,0,49
libstudy,LG,MIM,0.1,BIM,0.1,21.333333333333332,19.5,0,49
libstudy,LG,MIM,0.1,BIM,0.2,21.333333333333332,19.5,0,49
libstudy,LG,MIM,0.1,BIM,0.3,21.333333333333332,19.5,0,49
libstudy,LG,MIM,0.1,BIM,0.4,21.333333333333332,19.5,0,49
libstudy,LG,MIM,0.1,BIM,0.5,21.333333333333332,19.5,0,49
libstudy,LG,MIM,0.1,BIM,0.6,21.333333333333332,19.5,0,49
libstudy,LG,MIM,0.1,BIM,0.7,21.333333333333332,19.5,0,49
libstudy,LG,MIM,0.1,BIM,0.8,21.333333333333332,19.5,0,49
libstudy,LG,MIM,0.1,BIM,0.9,21.333333333333332,19.5,0,49
libstudy,LG,MIM,0.1,BIM,1.0,21.333333333333332,19.5,0,49
libstudy,MOTO,MIM,0.1,BIM,0.1,21.333333333333332,19.5,0,49
libstudy,MOTO,MIM,0.1,BIM,0.2,21.333333333333332,19.5,0,49
libstudy,MOTO,MIM,0.1,BIM,0.3,21.333333333333332,19.5,0,49
libstudy,MOTO,MIM,0.1,BIM,0.4,21.333333333333332,19.5,0,49
libstudy,MOTO,MIM,0.1,BIM,0.5,21.333333333333332,19.5,0,49
libstudy,MOTO,MIM,0.1,BIM,0.6,21.333333333333332,19.5,0,49
libstudy,MOTO,MIM,0.1,BIM,0.7,21.333333333333332,19.5,0,49
libstudy,MOTO,MIM,0.1,BIM,0.8,21.333333333333332,19.5,0,49
libstudy,MOTO,MIM,0.1,BIM,0.9,21.333333333333332,19.5,0,49
libstudy,MOTO,MIM,0.1,BIM,1.0,21.333333333333332,19.5,0,49
libstudy,OP3,MIM,0.1,BIM,0.1,21.333333333333332,19.5,0,49
libstudy,OP3,MIM,0.1,BIM,0.2,21.333333333333332,19.5,0,49
libstudy,OP3,MIM,0.1,BIM,0.3,21.333333333333332,19.5,0,49
libstudy,OP3,MIM,0.1,BIM,0.4,21.333333333333332,19.5,0,49
libstudy,OP3,MIM,0.1,BIM,0.5,21.333333333333332,19.5,0,49
libstudy,OP3,MIM,0.1,BIM,0.6,21.333333333333332,19.5,0,49
libstudy,OP3,MIM,0.1,BIM,0.7,21.333333333333332,19.5,0,49
libstudy,OP3,MIM,0.1,BIM,0.8,21.333333333333332,19.5,0,49
libstudy,OP3,MIM,0.1,BIM,0.9,21.333333333333332,19.5,0,49
libstudy,OP3,MIM,0.1,BIM,1.0,21.333333333333332,19.5,0,49
libstudy,S7,MIM,0.1,BIM,0.1,21.333333333333332,19.5,0,49
libstudy,S7,MIM,0.1,BIM,0.2,21.333333333333332,19.5,0,49
libstudy,S7,MIM,0.1,BIM,0.3,21.333333333333332,19.5,0,49
libstudy,S7,MIM,0.1,BIM,0.4,21.333333333333332,19.5,0,49
libstudy,S7,MIM,0.1,BIM,0.5,21.333333333333332,19.5,0,49
libstudy,S7,MIM,0.1,BIM,0.6,21.333333333333332,19.5,0,49
libstudy,S7,MIM,0.1,BIM,0.7,21.333333333333332,19.5,0,49
libstudy,S7,MIM,0.1,BIM,0.8,21.333333333333332,19.5,0,49
libstudy,S7,MIM,0.1,BIM,0.9,21.333333333333332,19.5,0,49
libstudy,S7,MIM,0.1,BIM,1.0,21.333333333333332,19.5,0,49
libstudy,BLU,MIM,0.2,BIM,0.1,25.833333333333332,25.5,0,55
libstudy,BLU,MIM,0.2,BIM,0.2,25.833333333333332,25.5,0,55
libstudy,BLU,MIM,0.2,BIM,0.3,25.833333333333332,25.5,0,55
libstudy,BLU,MIM,0.2,BIM,0.4,25.833333333333332,25.5,0,55
libstudy,BLU,MIM,0.2,BIM,0.5,25.833333333333332,25.5,0,55
libstudy,BLU,MIM,0.2,BIM,0.6,25.833333333333332,25.5,0,55
libstudy,BLU,MIM,0.2,BIM,0.7,25.833333333333332,25.5,0,55
libstudy,BLU,MIM,0.2,BIM,0.8,25.833333333333332,25.5,0,55
libstudy,BLU,MIM,0.2,BIM,0.9,25.833333333333332,25.5,0,55
libstudy,BLU,MIM,0.2,BIM,1.0,25.833333333333332,25.5,0,55
libstudy,HTC,MIM,0.2,BIM,0.1,25.833333333333332,25.5,0,55
libstudy,HTC,MIM,0.2,BIM,0.2,25.833333333333332,25.5,0,55
libstudy,HTC,MIM,0.2,BIM,0.3,25.833333333333332,25.5,0,55
libstudy,HTC,MIM,0.2,BIM,0.4,25.833333333333332,25.5,0,55
libstudy,HTC,MIM,0.2,BIM,0.5,25.833333333333332,25.5,0,55
libstudy,HTC,MIM,0.2,BIM,0.6,25.833333333333332,25.5,0,55
libstudy,HTC,MIM,0.2,BIM,0.7,25.833333333333332,25.5,0,55
libstudy,HTC,MIM,0.2,BIM,0.8,25.833333333333332,25.5,0,55
libstudy,HTC,MIM,0.2,BIM,0.9,25.833333333333332,25.5,0,55
libstudy,HTC,MIM,0.2,BIM,1.0,25.833333333333332,25.5,0,55
libstudy,LG,MIM,0.2,BIM,0.1,25.833333333333332,25.5,0,55
libstudy,LG,MIM,0.2,BIM,0.2,25.833333333333332,25.5,0,55
libstudy,LG,MIM,0.2,BIM,0.3,25.833333333333332,25.5,0,55
libstudy,LG,MIM,0.2,BIM,0.4,25.833333333333332,25.5,0,55
libstudy,LG,MIM,0.2,BIM,0.5,25.833333333333332,25.5,0,55
libstudy,LG,MIM,0.2,BIM,0.6,25.833333333333332,25.5,0,55
libstudy,LG,MIM,0.2,BIM,0.7,25.833333333333332,25.5,0,55
libstudy,LG,MIM,0.2,BIM,0.8,25.833333333333332,25.5,0,55
libstudy,LG,MIM,0.2,BIM,0.9,25.833333333333332,25.5,0,55
libstudy,LG,MIM,0.2,BIM,1.0,25.833333333333332,25.5,0,55
libstudy,MOTO,MIM,0.2,BIM,0.1,25.833333333333332,25.5,0,55
libstudy,MOTO,MIM,0.2,BIM,0.2,25.833333333333332,25.5,0,55
libstudy,MOTO,MIM,0.2,BIM,0.3,25.833333333333332,25.5,0,55
libstudy,MOTO,MIM,0.2,BIM,0.4,25.833333333333332,25.5,0,55
libstudy,MOTO,MIM,0.2,BIM,0.5,25.833333333333332,25.5,0,55
libstudy,MOTO,MIM,0.2,BIM,0.6,25.833333333333332,25.5,0,55
libstudy,MOTO,MIM,0.2,BIM,0.7,25.833333333333332,25.5,0,55
libstudy,MOTO,MIM,0.2,BIM,0.8,25.833333333333332,25.5,0,55
libstudy,MOTO,MIM,0.2,BIM,0.9,25.833333333333332,25.5,0,55
libstudy,MOTO,MIM,0.2,BIM,1.0,25.833333333333332,25.5,0,55
libstudy,OP3,MIM,0.2,BIM,0.1,25.833333333333332,25.5,0,55
libstudy,OP3,MIM,0.2,BIM,0.2,25.833333333333332,25.5,0,55
libstudy,OP3,MIM,0.2,BIM,0.3,25.833333333333332,25.5,0,55
libstudy,OP3,MIM,0.2,BIM,0.4,25.833333333333332,25.5,0,55
libstudy,OP3,MIM,0.2,BIM,0.5,25.833333333333332,25.5,0,55
libstudy,OP3,MIM,0.2,BIM,0.6,25.833333333333332,25.5,0,55
libstudy,OP3,MIM,0.2,BIM,0.7,25.833333333333332,25.5,0,55
libstudy,OP3,MIM,0.2,BIM,0.8,25.833333333333332,25.5,0,55
libstudy,OP3,MIM,0.2,BIM,0.9,25.833333333333332,25.5,0,55
libstudy,OP3,MIM,0.2,BIM,1.0,25.833333333333332,25.5,0,55
libstudy,S7,MIM,0.2,BIM,0.1,25.833333333333332,25.5,0,55
libstudy,S7,MIM,0.2,BIM,0.2,25.833333333333332,25.5,0,55
libstudy,S7,MIM,0.2,BIM,0.3,25.833333333333332,25.5,0,55
libstudy,S7,MIM,0.2,BIM,0.4,25.833333333333332,25.5,0,55
libstudy,S7,MIM,0.2,BIM,0.5,25.833333333333332,25.5,0,55
libstudy,S7,MIM,0.2,BIM,0.6,25.833333333333332,25.5,0,55
libstudy,S7,MIM,0.2,BIM,0.7,25.833333333333332,25.5,0,55
libstudy,S7,MIM,0.2,BIM,0.8,25.833333333333332,25.5,0,55
libstudy,S7,MIM,0.2,BIM,0.9,25.833333333333332,25.5,0,55
libstudy,S7,MIM,0.2,BIM,1.0,25.833333333333332,25.5,0,55
libstudy,BLU,MIM,0.3,BIM,0.1,15.2,15.0,0,33
libstudy,BLU,MIM,0.3,BIM,0.2,15.2,15.0,0,33
libstudy,BLU,MIM,0.3,BIM,0.3,15.2,15.0,0,33
libstudy,BLU,MIM,0.3,BIM,0.4,15.2,15.0,0,33
libstudy,BLU,MIM,0.3,BIM,0.5,15.2,15.0,0,33
libstudy,BLU,MIM,0.3,BIM,0.6,15.2,15.0,0,33
libstudy,BLU,MIM,0.3,BIM,0.7,15.2,15.0,0,33
libstudy,BLU,MIM,0.3,BIM,0.8,15.2,15.0,0,33
libstudy,BLU,MIM,0.3,BIM,0.9,15.2,15.0,0,33
libstudy,BLU,MIM,0.3,BIM,1.0,15.2,15.0,0,33
libstudy,HTC,MIM,0.3,BIM,0.1,15.2,15.0,0,33
libstudy,HTC,MIM,0.3,BIM,0.2,15.2,15.0,0,33
libstudy,HTC,MIM,0.3,BIM,0.3,15.2,15.0,0,33
libstudy,HTC,MIM,0.3,BIM,0.4,15.2,15.0,0,33
libstudy,HTC,MIM,0.3,BIM,0.5,15.2,15.0,0,33
libstudy,HTC,MIM,0.3,BIM,0.6,15.2,15.0,0,33
libstudy,HTC,MIM,0.3,BIM,0.7,15.2,15.0,0,33
libstudy,HTC,MIM,0.3,BIM,0.8,15.2,15.0,0,33
libstudy,HTC,MIM,0.3,BIM,0.9,15.2,15.0,0,33
libstudy,HTC,MIM,0.3,BIM,1.0,15.2,15.0,0,33
libstudy,LG,MIM,0.3,BIM,0.1,15.2,15.0,0,33
libstudy,LG,MIM,0.3,BIM,0.2,15.2,15.0,0,33
libstudy,LG,MIM,0.3,BIM,0.3,15.2,15.0,0,33
libstudy,LG,MIM,0.3,BIM,0.4,15.2,15.0,0,33
libstudy,LG,MIM,0.3,BIM,0.5,15.2,15.0,0,33
libstudy,LG,MIM,0.3,BIM,0.6,15.2,15.0,0,33
libstudy,LG,MIM,0.3,BIM,0.7,15.2,15.0,0,33
libstudy,LG,MIM,0.3,BIM,0.8,15.2,15.0,0,33
libstudy,LG,MIM,0.3,BIM,0.9,15.2,15.0,0,33
libstudy,LG,MIM,0.3,BIM,1.0,15.2,15.0,0,33
libstudy,MOTO,MIM,0.3,BIM,0.1,15.2,15.0,0,33
libstudy,MOTO,MIM,0.3,BIM,0.2,15.2,15.0,0,33
libstudy,MOTO,MIM,0.3,BIM,0.3,15.2,15.0,0,33
libstudy,MOTO,MIM,0.3,BIM,0.4,15.2,15.0,0,33
libstudy,MOTO,MIM,0.3,BIM,0.5,15.2,15.0,0,33
libstudy,MOTO,MIM,0.3,BIM,0.6,15.2,15.0,0,33
libstudy,MOTO,MIM,0.3,BIM,0.7,15.2,15.0,0,33
libstudy,MOTO,MIM,0.3,BIM,0.8,15.2,15.0,0,33
libstudy,MOTO,MIM,0.3,BIM,0.9,15.2,15.0,0,33
libstudy,MOTO,MIM,0.3,BIM,1.0,15.2,15.0,0,33
libstudy,OP3,MIM,0.3,BIM,0.1,15.2,15.0,0,33
libstudy,OP3,MIM,0.3,BIM,0.2,15.2,15.0,0,33
libstudy,OP3,MIM,0.3,BIM,0.3,15.2,15.0,0,33
libstudy,OP3,MIM,0.3,BIM,0.4,15.2,15.0,0,33
libstudy,OP3,MIM,0.3,BIM,0.5,15.2,15.0,0,33
libstudy,OP3,MIM,0.3,BIM,0.6,15.2,15.0,0,33
libstudy,OP3,MIM,0.3,BIM,0.7,15.2,15.0,0,33
libstudy,OP3,MIM,0.3,BIM,0.8,15.2,15.0,0,33
libstudy,OP3,MIM,0.3,BIM,0.9,15.2,15.0,0,33
libstudy,OP3,MIM,0.3,BIM,1.0,15.2,15.0,0,33
libstudy,S7,MIM,0.3,BIM,0.1,15.2,15.0,0,33
libstudy,S7,MIM,0.3,BIM,0.2,15.2,15.0,0,33
libstudy,S7,MIM,0.3,BIM,0.3,15.2,15.0,0,33
libstudy,S7,MIM,0.3,BIM,0.4,15.2,15.0,0,33
libstudy,S7,MIM,0.3,BIM,0.5,15.2,15.0,0,33
libstudy,S7,MIM,0.3,BIM,0.6,15.2,15.0,0,33
libstudy,S7,MIM,0.3,BIM,0.7,15.2,15.0,0,33
libstudy,S7,MIM,0.3,BIM,0.8,15.2,15.0,0,33
libstudy,S7,MIM,0.3,BIM,0.9,15.2,15.0,0,33
libstudy,S7,MIM,0.3,BIM,1.0,15.2,15.0,0,33
libstudy,BLU,MIM,0.4,BIM,0.1,15.0,15.0,0,30
libstudy,BLU,MIM,0.4,BIM,0.2,15.0,15.0,0,30
libstudy,BLU,MIM,0.4,BIM,0.3,15.0,15.0,0,30
libstudy,BLU,MIM,0.4,BIM,0.4,15.0,15.0,0,30
libstudy,BLU,MIM,0.4,BIM,0.5,15.0,15.0,0,30
libstudy,BLU,MIM,0.4,BIM,0.6,15.0,15.0,0,30
libstudy,BLU,MIM,0.4,BIM,0.7,15.0,15.0,0,30
libstudy,BLU,MIM,0.4,BIM,0.8,15.0,15.0,0,30
libstudy,BLU,MIM,0.4,BIM,0.9,15.0,15.0,0,30
libstudy,BLU,MIM,0.4,BIM,1.0,15.0,15.0,0,30
libstudy,HTC,MIM,0.4,BIM,0.1,15.0,15.0,0,30
libstudy,HTC,MIM,0.4,BIM,0.2,15.0,15.0,0,30
libstudy,HTC,MIM,0.4,BIM,0.3,15.0,15.0,0,30
libstudy,HTC,MIM,0.4,BIM,0.4,15.0,15.0,0,30
libstudy,HTC,MIM,0.4,BIM,0.5,15.0,15.0,0,30
libstudy,HTC,MIM,0.4,BIM,0.6,15.0,15.0,0,30
libstudy,HTC,MIM,0.4,BIM,0.7,15.0,15.0,0,30
libstudy,HTC,MIM,0.4,BIM,0.8,15.0,15.0,0,30
libstudy,HTC,MIM,0.4,BIM,0.9,15.0,15.0,0,30
libstudy,HTC,MIM,0.4,BIM,1.0,15.0,15.0,0,30
libstudy,LG,MIM,0.4,BIM,0.1,15.0,15.0,0,30
libstudy,LG,MIM,0.4,BIM,0.2,15.0,15.0,0,30
libstudy,LG,MIM,0.4,BIM,0.3,15.0,15.0,0,30
libstudy,LG,MIM,0.4,BIM,0.4,15.0,15.0,0,30
libstudy,LG,MIM,0.4,BIM,0.5,15.0,15.0,0,30
libstudy,LG,MIM,0.4,BIM,0.6,15.0,15.0,0,30
libstudy,LG,MIM,0.4,BIM,0.7,15.0,15.0,0,30
libstudy,LG,MIM,0.4,BIM,0.8,15.0,15.0,0,30
libstudy,LG,MIM,0.4,BIM,0.9,15.0,15.0,0,30
libstudy,LG,MIM,0.4,BIM,1.0,15.0,15.0,0,30
libstudy,MOTO,MIM,0.4,BIM,0.1,15.0,15.0,0,30
libstudy,MOTO,MIM,0.4,BIM,0.2,15.0,15.0,0,30
libstudy,MOTO,MIM,0.4,BIM,0.3,15.0,15.0,0,30
libstudy,MOTO,MIM,0.4,BIM,0.4,15.0,15.0,0,30
libstudy,MOTO,MIM,0.4,BIM,0.5,15.0,15.0,0,30
libstudy,MOTO,MIM,0.4,BIM,0.6,15.0,15.0,0,30
libstudy,MOTO,MIM,0.4,BIM,0.7,15.0,15.0,0,30
libstudy,MOTO,MIM,0.4,BIM,0.8,15.0,15.0,0,30
libstudy,MOTO,MIM,0.4,BIM,0.9,15.0,15.0,0,30
libstudy,MOTO,MIM,0.4,BIM,1.0,15.0,15.0,0,30
libstudy,OP3,MIM,0.4,BIM,0.1,15.0,15.0,0,30
libstudy,OP3,MIM,0.4,BIM,0.2,15.0,15.0,0,30
libstudy,OP3,MIM,0.4,BIM,0.3,15.0,15.0,0,30
libstudy,OP3,MIM,0.4,BIM,0.4,15.0,15.0,0,30
libstudy,OP3,MIM,0.4,BIM,0.5,15.0,15.0,0,30
libstudy,OP3,MIM,0.4,BIM,0.6,15.0,15.0,0,30
libstudy,OP3,MIM,0.4,BIM,0.7,15.0,15.0,0,30
libstudy,OP3,MIM,0.4,BIM,0.8,15.0,15.0,0,30
libstudy,OP3,MIM,0.4,BIM,0.9,15.0,15.0,0,30
libstudy,OP3,MIM,0.4,BIM,1.0,15.0,15.0,0,30
libstudy,S7,MIM,0.4,BIM,0.1,15.0,15.0,0,30
libstudy,S7,MIM,0.4,BIM,0.2,15.0,15.0,0,30
libstudy,S7,MIM,0.4,BIM,0.3,15.0,15.0,0,30
libstudy,S7,MIM,0.4,BIM,0.4,15.0,15.0,0,30
libstudy,S7,MIM,0.4,BIM,0.5,15.0,15.0,0,30
libstudy,S7,MIM,0.4,BIM,0.6,15.0,15.0,0,30
libstudy,S7,MIM,0.4,BIM,0.7,15.0,15.0,0,30
libstudy,S7,MIM,0.4,BIM,0.8,15.0,15.0,0,30
libstudy,S7,MIM,0.4,BIM,0.9,15.0,15.0,0,30
libstudy,S7,MIM,0.4,BIM,1.0,15.0,15.0,0,30
libstudy,BLU,MIM,0.5,BIM,0.1,18.5,15.0,0,44
libstudy,BLU,MIM,0.5,BIM,0.2,18.5,15.0,0,44
libstudy,BLU,MIM,0.5,BIM,0.3,18.5,15.0,0,44
libstudy,BLU,MIM,0.5,BIM,0.4,18.5,15.0,0,44
libstudy,BLU,MIM,0.5,BIM,0.5,18.5,15.0,0,44
libstudy,BLU,MIM,0.5,BIM,0.6,18.5,15.0,0,44
libstudy,BLU,MIM,0.5,BIM,0.7,18.5,15.0,0,44
libstudy,BLU,MIM,0.5,BIM,0.8,18.5,15.0,0,44
libstudy,BLU,MIM,0.5,BIM,0.9,18.5,15.0,0,44
libstudy,BLU,MIM,0.5,BIM,1.0,18.5,15.0,0,44
libstudy,HTC,MIM,0.5,BIM,0.1,18.5,15.0,0,44
libstudy,HTC,MIM,0.5,BIM,0.2,18.5,15.0,0,44
libstudy,HTC,MIM,0.5,BIM,0.3,18.5,15.0,0,44
libstudy,HTC,MIM,0.5,BIM,0.4,18.5,15.0,0,44
libstudy,HTC,MIM,0.5,BIM,0.5,18.5,15.0,0,44
libstudy,HTC,MIM,0.5,BIM,0.6,18.5,15.0,0,44
libstudy,HTC,MIM,0.5,BIM,0.7,18.5,15.0,0,44
libstudy,HTC,MIM,0.5,BIM,0.8,18.5,15.0,0,44
libstudy,HTC,MIM,0.5,BIM,0.9,18.5,15.0,0,44
libstudy,HTC,MIM,0.5,BIM,1.0,18.5,15.0,0,44
libstudy,LG,MIM,0.5,BIM,0.1,18.5,15.0,0,44
libstudy,LG,MIM,0.5,BIM,0.2,18.5,15.0,0,44
libstudy,LG,MIM,0.5,BIM,0.3,18.5,15.0,0,44
libstudy,LG,MIM,0.5,BIM,0.4,18.5,15.0,0,44
libstudy,LG,MIM,0.5,BIM,0.5,18.5,15.0,0,44
libstudy,LG,MIM,0.5,BIM,0.6,18.5,15.0,0,44
libstudy,LG,MIM,0.5,BIM,0.7,18.5,15.0,0,44
libstudy,LG,MIM,0.5,BIM,0.8,18.5,15.0,0,44
libstudy,LG,MIM,0.5,BIM,0.9,18.5,15.0,0,44
libstudy,LG,MIM,0.5,BIM,1.0,18.5,15.0,0,44
libstudy,MOTO,MIM,0.5,BIM,0.1,18.5,15.0,0,44
libstudy,MOTO,MIM,0.5,BIM,0.2,18.5,15.0,0,44
libstudy,MOTO,MIM,0.5,BIM,0.3,18.5,15.0,0,44
libstudy,MOTO,MIM,0.5,BIM,0.4,18.5,15.0,0,44
libstudy,MOTO,MIM,0.5,BIM,0.5,18.5,15.0,0,44
libstudy,MOTO,MIM,0.5,BIM,0.6,18.5,15.0,0,44
libstudy,MOTO,MIM,0.5,BIM,0.7,18.5,15.0,0,44
libstudy,MOTO,MIM,0.5,BIM,0.8,18.5,15.0,0,44
libstudy,MOTO,MIM,0.5,BIM,0.9,18.5,15.0,0,44
libstudy,MOTO,MIM,0.5,BIM,1.0,18.5,15.0,0,44
libstudy,OP3,MIM,0.5,BIM,0.1,18.5,15.0,0,44
libstudy,OP3,MIM,0.5,BIM,0.2,18.5,15.0,0,44
libstudy,OP3,MIM,0.5,BIM,0.3,18.5,15.0,0,44
libstudy,OP3,MIM,0.5,BIM,0.4,18.5,15.0,0,44
libstudy,OP3,MIM,0.5,BIM,0.5,18.5,15.0,0,44
libstudy,OP3,MIM,0.5,BIM,0.6,18.5,15.0,0,44
libstudy,OP3,MIM,0.5,BIM,0.7,18.5,15.0,0,44
libstudy,OP3,MIM,0.5,BIM,0.8,18.5,15.0,0,44
libstudy,OP3,MIM,0.5,BIM,0.9,18.5,15.0,0,44
libstudy,OP3,MIM,0.5,BIM,1.0,18.5,15.0,0,44
libstudy,S7,MIM,0.5,BIM,0.1,18.5,15.0,0,44
libstudy,S7,MIM,0.5,BIM,0.2,18.5,15.0,0,44
libstudy,S7,MIM,0.5,BIM,0.3,18.5,15.0,0,44
libstudy,S7,MIM,0.5,BIM,0.4,18.5,15.0,0,44
libstudy,S7,MIM,0.5,BIM,0.5,18.5,15.0,0,44
libstudy,S7,MIM,0.5,BIM,0.6,18.5,15.0,0,44
libstudy,S7,MIM,0.5,BIM,0.7,18.5,15.0,0,44
libstudy,S7,MIM,0.5,BIM,0.8,18.5,15.0,0,44
libstudy,S7,MIM,0.5,BIM,0.9,18.5,15.0,0,44
libstudy,S7,MIM,0.5,BIM,1.0,18.5,15.0,0,44
libstudy,BLU,MIM,0.6,BIM,0.1,22.0,20.5,0,50
libstudy,BLU,MIM,0.6,BIM,0.2,22.0,20.5,0,50
libstudy,BLU,MIM,0.6,BIM,0.3,22.0,20.5,0,50
libstudy,BLU,MIM,0.6,BIM,0.4,22.0,20.5,0,50
libstudy,BLU,MIM,0.6,BIM,0.5,22.0,20.5,0,50
libstudy,BLU,MIM,0.6,BIM,0.6,22.0,20.5,0,50
libstudy,BLU,MIM,0.6,BIM,0.7,22.0,20.5,0,50
libstudy,BLU,MIM,0.6,BIM,0.8,22.0,20.5,0,50
libstudy,BLU,MIM,0.6,BIM,0.9,22.0,20.5,0,50
libstudy,BLU,MIM,0.6,BIM,1.0,22.0,20.5,0,50
libstudy,HTC,MIM,0.6,BIM,0.1,22.0,20.5,0,50
libstudy,HTC,MIM,0.6,BIM,0.2,22.0,20.5,0,50
libstudy,HTC,MIM,0.6,BIM,0.3,22.0,20.5,0,50
libstudy,HTC,MIM,0.6,BIM,0.4,22.0,20.5,0,50
libstudy,HTC,MIM,0.6,BIM,0.5,22.0,20.5,0,50
libstudy,HTC,MIM,0.6,BIM,0.6,22.0,20.5,0,50
libstudy,HTC,MIM,0.6,BIM,0.7,22.0,20.5,0,50
libstudy,HTC,MIM,0.6,BIM,0.8,22.0,20.5,0,50
libstudy,HTC,MIM,0.6,BIM,0.9,22.0,20.5,0,50
libstudy,HTC,MIM,0.6,BIM,1.0,22.0,20.5,0,50
libstudy,LG,MIM,0.6,BIM,0.1,22.0,20.5,0,50
libstudy,LG,MIM,0.6,BIM,0.2,22.0,20.5,0,50
libstudy,LG,MIM,0.6,BIM,0.3,22.0,20.5,0,50
libstudy,LG,MIM,0.6,BIM,0.4,22.0,20.5,0,50
libstudy,LG,MIM,0.6,BIM,0.5,22.0,20.5,0,50
libstudy,LG,MIM,0.6,BIM,0.6,22.0,20.5,0,50
libstudy,LG,MIM,0.6,BIM,0.7,22.0,20.5,0,50
libstudy,LG,MIM,0.6,BIM,0.8,22.0,20.5,0,50
libstudy,LG,MIM,0.6,BIM,0.9,22.0,20.5,0,50
libstudy,LG,MIM,0.6,BIM,1.0,22.0,20.5,0,50
libstudy,MOTO,MIM,0.6,BIM,0.1,22.0,20.5,0,50
libstudy,MOTO,MIM,0.6,BIM,0.2,22.0,20.5,0,50
libstudy,MOTO,MIM,0.6,BIM,0.3,22.0,20.5,0,50
libstudy,MOTO,MIM,0.6,BIM,0.4,22.0,20.5,0,50
libstudy,MOTO,MIM,0.6,BIM,0.5,22.0,20.5,0,50
libstudy,MOTO,MIM,0.6,BIM,0.6,22.0,20.5,0,50
libstudy,MOTO,MIM,0.6,BIM,0.7,22.0,20.5,0,50
libstudy,MOTO,MIM,0.6,BIM,0.8,22.0,20.5,0,50
libstudy,MOTO,MIM,0.6,BIM,0.9,22.0,20.5,0,50
libstudy,MOTO,MIM,0.6,BIM,1.0,22.0,20.5,0,50
libstudy,OP3,MIM,0.6,BIM,0.1,22.0,20.5,0,50
libstudy,OP3,MIM,0.6,BIM,0.2,22.0,20.5,0,50
libstudy,OP3,MIM,0.6,BIM,0.3,22.0,20.5,0,50
libstudy,OP3,MIM,0.6,BIM,0.4,22.0,20.5,0,50
libstudy,OP3,MIM,0.6,BIM,0.5,22.0,20.5,0,50
libstudy,OP3,MIM,0.6,BIM,0.6,22.0,20.5,0,50
libstudy,OP3,MIM,0.6,BIM,0.7,22.0,20.5,0,50
libstudy,OP3,MIM,0.6,BIM,0.8,22.0,20.5,0,50
libstudy,OP3,MIM,0.6,BIM,0.9,22.0,20.5,0,50
libstudy,OP3,MIM,0.6,BIM,1.0,22.0,20.5,0,50
libstudy,S7,MIM,0.6,BIM,0.1,22.0,20.5,0,50
libstudy,S7,MIM,0.6,BIM,0.2,22.0,20.5,0,50
libstudy,S7,MIM,0.6,BIM,0.3,22.0,20.5,0,50
libstudy,S7,MIM,0.6,BIM,0.4,22.0,20.5,0,50
libstudy,S7,MIM,0.6,BIM,0.5,22.0,20.5,0,50
libstudy,S7,MIM,0.6,BIM,0.6,22.0,20.5,0,50
libstudy,S7,MIM,0.6,BIM,0.7,22.0,20.5,0,50
libstudy,S7,MIM,0.6,BIM,0.8,22.0,20.5,0,50
libstudy,S7,MIM,0.6,BIM,0.9,22.0,20.5,0,50
libstudy,S7,MIM,0.6,BIM,1.0,22.0,20.5,0,50
libstudy,BLU,MIM,0.7,BIM,0.1,18.5,15.0,0,44
libstudy,BLU,MIM,0.7,BIM,0.2,18.5,15.0,0,44
libstudy,BLU,MIM,0.7,BIM,0.3,18.5,15.0,0,44
libstudy,BLU,MIM,0.7,BIM,0.4,18.5,15.0,0,44
libstudy,BLU,MIM,0.7,BIM,0.5,18.5,15.0,0,44
libstudy,BLU,MIM,0.7,BIM,0.6,18.5,15.0,0,44
libstudy,BLU,MIM,0.7,BIM,0.7,18.5,15.0,0,44
libstudy,BLU,MIM,0.7,BIM,0.8,18.5,15.0,0,44
libstudy,BLU,MIM,0.7,BIM,0.9,18.5,15.0,0,44
libstudy,BLU,MIM,0.7,BIM,1.0,18.5,15.0,0,44
libstudy,HTC,MIM,0.7,BIM,0.1,18.5,15.0,0,44
libstudy,HTC,MIM,0.7,BIM,0.2,18.5,15.0,0,44
libstudy,HTC,MIM,0.7,BIM,0.3,18.5,15.0,0,44
libstudy,HTC,MIM,0.7,BIM,0.4,18.5,15.0,0,44
libstudy,HTC,MIM,0.7,BIM,0.5,18.5,15.0,0,44
libstudy,HTC,MIM,0.7,BIM,0.6,18.5,15.0,0,44
libstudy,HTC,MIM,0.7,BIM,0.7,18.5,15.0,0,44
libstudy,HTC,MIM,0.7,BIM,0.8,18.5,15.0,0,44
libstudy,HTC,MIM,0.7,BIM,0.9,18.5,15.0,0,44
libstudy,HTC,MIM,0.7,BIM,1.0,18.5,15.0,0,44
libstudy,LG,MIM,0.7,BIM,0.1,18.5,15.0,0,44
libstudy,LG,MIM,0.7,BIM,0.2,18.5,15.0,0,44
libstudy,LG,MIM,0.7,BIM,0.3,18.5,15.0,0,44
libstudy,LG,MIM,0.7,BIM,0.4,18.5,15.0,0,44
libstudy,LG,MIM,0.7,BIM,0.5,18.5,15.0,0,44
libstudy,LG,MIM,0.7,BIM,0.6,18.5,15.0,0,44
libstudy,LG,MIM,0.7,BIM,0.7,18.5,15.0,0,44
libstudy,LG,MIM,0.7,BIM,0.8,18.5,15.0,0,44
libstudy,LG,MIM,0.7,BIM,0.9,18.5,15.0,0,44
libstudy,LG,MIM,0.7,BIM,1.0,18.5,15.0,0,44
libstudy,MOTO,MIM,0.7,BIM,0.1,18.5,15.0,0,44
libstudy,MOTO,MIM,0.7,BIM,0.2,18.5,15.0,0,44
libstudy,MOTO,MIM,0.7,BIM,0.3,18.5,15.0,0,44
libstudy,MOTO,MIM,0.7,BIM,0.4,18.5,15.0,0,44
libstudy,MOTO,MIM,0.7,BIM,0.5,18.5,15.0,0,44
libstudy,MOTO,MIM,0.7,BIM,0.6,18.5,15.0,0,44
libstudy,MOTO,MIM,0.7,BIM,0.7,18.5,15.0,0,44
libstudy,MOTO,MIM,0.7,BIM,0.8,18.5,15.0,0,44
libstudy,MOTO,MIM,0.7,BIM,0.9,18.5,15.0,0,44
libstudy,MOTO,MIM,0.7,BIM,1.0,18.5,15.0,0,44
libstudy,OP3,MIM,0.7,BIM,0.1,18.5,15.0,0,44
libstudy,OP3,MIM,0.7,BIM,0.2,18.5,15.0,0,44
libstudy,OP3,MIM,0.7,BIM,0.3,18.5,15.0,0,44
libstudy,OP3,MIM,0.7,BIM,0.4,18.5,15.0,0,44
libstudy,OP3,MIM,0.7,BIM,0.5,18.5,15.0,0,44
libstudy,OP3,MIM,0.7,BIM,0.6,18.5,15.0,0,44
libstudy,OP3,MIM,0.7,BIM,0.7,18.5,15.0,0,44
libstudy,OP3,MIM,0.7,BIM,0.8,18.5,15.0,0,44
libstudy,OP3,MIM,0.7,BIM,0.9,18.5,15.0,0,44
libstudy,OP3,MIM,0.7,BIM,1.0,18.5,15.0,0,44
libstudy,S7,MIM,0.7,BIM,0.1,18.5,15.0,0,44
libstudy,S7,MIM,0.7,BIM,0.2,18.5,15.0,0,44
libstudy,S7,MIM,0.7,BIM,0.3,18.5,15.0,0,44
libstudy,S7,MIM,0.7,BIM,0.4,18.5,15.0,0,44
libstudy,S7,MIM,0.7,BIM,0.5,18.5,15.0,0,44
libstudy,S7,MIM,0.7,BIM,0.6,18.5,15.0,0,44
libstudy,S7,MIM,0.7,BIM,0.7,18.5,15.0,0,44
libstudy,S7,MIM,0.7,BIM,0.8,18.5,15.0,0,44
libstudy,S7,MIM,0.7,BIM,0.9,18.5,15.0,0,44
libstudy,S7,MIM,0.7,BIM,1.0,18.5,15.0,0,44
libstudy,BLU,MIM,0.8,BIM,0.1,16.2,15.0,0,38
libstudy,BLU,MIM,0.8,BIM,0.2,16.2,15.0,0,38
libstudy,BLU,MIM,0.8,BIM,0.3,16.2,15.0,0,38
libstudy,BLU,MIM,0.8,BIM,0.4,16.2,15.0,0,38
libstudy,BLU,MIM,0.8,BIM,0.5,16.2,15.0,0,38
libstudy,BLU,MIM,0.8,BIM,0.6,16.2,15.0,0,38
libstudy,BLU,MIM,0.8,BIM,0.7,16.2,15.0,0,38
libstudy,BLU,MIM,0.8,BIM,0.8,16.2,15.0,0,38
libstudy,BLU,MIM,0.8,BIM,0.9,16.2,15.0,0,38
libstudy,BLU,MIM,0.8,BIM,1.0,16.2,15.0,0,38
libstudy,HTC,MIM,0.8,BIM,0.1,16.2,15.0,0,38
libstudy,HTC,MIM,0.8,BIM,0.2,16.2,15.0,0,38
libstudy,HTC,MIM,0.8,BIM,0.3,16.2,15.0,0,38
libstudy,HTC,MIM,0.8,BIM,0.4,16.2,15.0,0,38
libstudy,HTC,MIM,0.8,BIM,0.5,16.2,15.0,0,38
libstudy,HTC,MIM,0.8,BIM,0.6,16.2,15.0,0,38
libstudy,HTC,MIM,0.8,BIM,0.7,16.2,15.0,0,38
libstudy,HTC,MIM,0.8,BIM,0.8,16.2,15.0,0,38
libstudy,HTC,MIM,0.8,BIM,0.9,16.2,15.0,0,38
libstudy,HTC,MIM,0.8,BIM,1.0,16.2,15.0,0,38
libstudy,LG,MIM,0.8,BIM,0.1,16.2,15.0,0,38
libstudy,LG,MIM,0.8,BIM,0.2,16.2,15.0,0,38
libstudy,LG,MIM,0.8,BIM,0.3,16.2,15.0,0,38
libstudy,LG,MIM,0.8,BIM,0.4,16.2,15.0,0,38
libstudy,LG,MIM,0.8,BIM,0.5,16.2,15.0,0,38
libstudy,LG,MIM,0.8,BIM,0.6,16.2,15.0,0,38
libstudy,LG,MIM,0.8,BIM,0.7,16.2,15.0,0,38
libstudy,LG,MIM,0.8,BIM,0.8,16.2,15.0,0,38
libstudy,LG,MIM,0.8,BIM,0.9,16.2,15.0,0,38
libstudy,LG,MIM,0.8,BIM,1.0,16.2,15.0,0,38
libstudy,MOTO,MIM,0.8,BIM,0.1,16.2,15.0,0,38
libstudy,MOTO,MIM,0.8,BIM,0.2,16.2,15.0,0,38
libstudy,MOTO,MIM,0.8,BIM,0.3,16.2,15.0,0,38
libstudy,MOTO,MIM,0.8,BIM,0.4,16.2,15.0,0,38
libstudy,MOTO,MIM,0.8,BIM,0.5,16.2,15.0,0,38
libstudy,MOTO,MIM,0.8,BIM,0.6,16.2,15.0,0,38
libstudy,MOTO,MIM,0.8,BIM,0.7,16.2,15.0,0,38
libstudy,MOTO,MIM,0.8,BIM,0.8,16.2,15.0,0,38
libstudy,MOTO,MIM,0.8,BIM,0.9,16.2,15.0,0,38
libstudy,MOTO,MIM,0.8,BIM,1.0,16.2,15.0,0,38
libstudy,OP3,MIM,0.8,BIM,0.1,16.2,15.0,0,38
libstudy,OP3,MIM,0.8,BIM,0.2,16.2,15.0,0,38
libstudy,OP3,MIM,0.8,BIM,0.3,16.2,15.0,0,38
libstudy,OP3,MIM,0.8,BIM,0.4,16.2,15.0,0,38
libstudy,OP3,MIM,0.8,BIM,0.5,16.2,15.0,0,38
libstudy,OP3,MIM,0.8,BIM,0.6,16.2,15.0,0,38
libstudy,OP3,MIM,0.8,BIM,0.7,16.2,15.0,0,38
libstudy,OP3,MIM,0.8,BIM,0.8,16.2,15.0,0,38
libstudy,OP3,MIM,0.8,BIM,0.9,16.2,15.0,0,38
libstudy,OP3,MIM,0.8,BIM,1.0,16.2,15.0,0,38
libstudy,S7,MIM,0.8,BIM,0.1,16.2,15.0,0,38
libstudy,S7,MIM,0.8,BIM,0.2,16.2,15.0,0,38
libstudy,S7,MIM,0.8,BIM,0.3,16.2,15.0,0,38
libstudy,S7,MIM,0.8,BIM,0.4,16.2,15.0,0,38
libstudy,S7,MIM,0.8,BIM,0.5,16.2,15.0,0,38
libstudy,S7,MIM,0.8,BIM,0.6,16.2,15.0,0,38
libstudy,S7,MIM,0.8,BIM,0.7,16.2,15.0,0,38
libstudy,S7,MIM,0.8,BIM,0.8,16.2,15.0,0,38
libstudy,S7,MIM,0.8,BIM,0.9,16.2,15.0,0,38
libstudy,S7,MIM,0.8,BIM,1.0,16.2,15.0,0,38
libstudy,BLU,MIM,0.9,BIM,0.1,20.7,18.5,0,48
libstudy,BLU,MIM,0.9,BIM,0.2,20.7,18.5,0,48
libstudy,BLU,MIM,0.9,BIM,0.3,20.7,18.5,0,48
libstudy,BLU,MIM,0.9,BIM,0.4,20.7,18.5,0,48
libstudy,BLU,MIM,0.9,BIM,0.5,20.7,18.5,0,48
libstudy,BLU,MIM,0.9,BIM,0.6,20.7,18.5,0,48
libstudy,BLU,MIM,0.9,BIM,0.7,20.7,18.5,0,48
libstudy,BLU,MIM,0.9,BIM,0.8,20.7,18.5,0,48
libstudy,BLU,MIM,0.9,BIM,0.9,20.7,18.5,0,48
libstudy,BLU,MIM,0.9,BIM,1.0,20.7,18.5,0,48
libstudy,HTC,MIM,0.9,BIM,0.1,20.7,18.5,0,48
libstudy,HTC,MIM,0.9,BIM,0.2,20.7,18.5,0,48
libstudy,HTC,MIM,0.9,BIM,0.3,20.7,18.5,0,48
libstudy,HTC,MIM,0.9,BIM,0.4,20.7,18.5,0,48
libstudy,HTC,MIM,0.9,BIM,0.5,20.7,18.5,0,48
libstudy,HTC,MIM,0.9,BIM,0.6,20.7,18.5,0,48
libstudy,HTC,MIM,0.9,BIM,0.7,20.7,18.5,0,48
libstudy,HTC,MIM,0.9,BIM,0.8,20.7,18.5,0,48
libstudy,HTC,MIM,0.9,BIM,0.9,20.7,18.5,0,48
libstudy,HTC,MIM,0.9,BIM,1.0,20.7,18.5,0,48
libstudy,LG,MIM,0.9,BIM,0.1,20.7,18.5,0,48
libstudy,LG,MIM,0.9,BIM,0.2,20.7,18.5,0,48
libstudy,LG,MIM,0.9,BIM,0.3,20.7,18.5,0,48
libstudy,LG,MIM,0.9,BIM,0.4,20.7,18.5,0,48
libstudy,LG,MIM,0.9,BIM,0.5,20.7,18.5,0,48
libstudy,LG,MIM,0.9,BIM,0.6,20.7,18.5,0,48
libstudy,LG,MIM,0.9,BIM,0.7,20.7,18.5,0,48
libstudy,LG,MIM,0.9,BIM,0.8,20.7,18.5,0,48
libstudy,LG,MIM,0.9,BIM,0.9,20.7,18.5,0,48
libstudy,LG,MIM,0.9,BIM,1.0,20.7,18.5,0,48
libstudy,MOTO,MIM,0.9,BIM,0.1,20.7,18.5,0,48
libstudy,MOTO,MIM,0.9,BIM,0.2,20.7,18.5,0,48
libstudy,MOTO,MIM,0.9,BIM,0.3,20.7,18.5,0,48
libstudy,MOTO,MIM,0.9,BIM,0.4,20.7,18.5,0,48
libstudy,MOTO,MIM,0.9,BIM,0.5,20.7,18.5,0,48
libstudy,MOTO,MIM,0.9,BIM,0.6,20.7,18.5,0,48
libstudy,MOTO,MIM,0.9,BIM,0.7,20.7,18.5,0,48
libstudy,MOTO,MIM,0.9,BIM,0.8,20.7,18.5,0,48
libstudy,MOTO,MIM,0.9,BIM,0.9,20.7,18.5,0,48
libstudy,MOTO,MIM,0.9,BIM,1.0,20.7,18.5,0,48
libstudy,OP3,MIM,0.9,BIM,0.1,20.7,18.5,0,48
libstudy,OP3,MIM,0.9,BIM,0.2,20.7,18.5,0,48
libstudy,OP3,MIM,0.9,BIM,0.3,20.7,18.5,0,48
libstudy,OP3,MIM,0.9,BIM,0.4,20.7,18.5,0,48
libstudy,OP3,MIM,0.9,BIM,0.5,20.7,18.5,0,48
libstudy,OP3,MIM,0.9,BIM,0.6,20.7,18.5,0,48
libstudy,OP3,MIM,0.9,BIM,0.7,20.7,18.5,0,48
libstudy,OP3,MIM,0.9,BIM,0.8,20.7,18.5,0,48
libstudy,OP3,MIM,0.9,BIM,0.9,20.7,18.5,0,48
libstudy,OP3,MIM,0.9,BIM,1.0,20.7,18.5,0,48
libstudy,S7,MIM,0.9,BIM,0.1,20.7,18.5,0,48
libstudy,S7,MIM,0.9,BIM,0.2,20.7,18.5,0,48
libstudy,S7,MIM,0.9,BIM,0.3,20.7,18.5,0,48
libstudy,S7,MIM,0.9,BIM,0.4,20.7,18.5,0,48
libstudy,S7,MIM,0.9,BIM,0.5,20.7,18.5,0,48
libstudy,S7,MIM,0.9,BIM,0.6,20.7,18.5,0,48
libstudy,S7,MIM,0.9,BIM,0.7,20.7,18.5,0,48
libstudy,S7,MIM,0.9,BIM,0.8,20.7,18.5,0,48
libstudy,S7,MIM,0.9,BIM,0.9,20.7,18.5,0,48
libstudy,S7,MIM,0.9,BIM,1.0,20.7,18.5,0,48
libstudy,BLU,MIM,1.0,BIM,0.1,16.5,15.0,0,39
libstudy,BLU,MIM,1.0,BIM,0.2,16.5,15.0,0,39
libstudy,BLU,MIM,1.0,BIM,0.3,16.5,15.0,0,39
libstudy,BLU,MIM,1.0,BIM,0.4,16.5,15.0,0,39
libstudy,BLU,MIM,1.0,BIM,0.5,16.5,15.0,0,39
libstudy,BLU,MIM,1.0,BIM,0.6,16.5,15.0,0,39
libstudy,BLU,MIM,1.0,BIM,0.7,16.5,15.0,0,39
libstudy,BLU,MIM,1.0,BIM,0.8,16.5,15.0,0,39
libstudy,BLU,MIM,1.0,BIM,0.9,16.5,15.0,0,39
libstudy,BLU,MIM,1.0,BIM,1.0,16.5,15.0,0,39
libstudy,HTC,MIM,1.0,BIM,0.1,16.5,15.0,0,39
libstudy,HTC,MIM,1.0,BIM,0.2,16.5,15.0,0,39
libstudy,HTC,MIM,1.0,BIM,0.3,16.5,15.0,0,39
libstudy,HTC,MIM,1.0,BIM,0.4,16.5,15.0,0,39
libstudy,HTC,MIM,1.0,BIM,0.5,16.5,15.0,0,39
libstudy,HTC,MIM,1.0,BIM,0.6,16.5,15.0,0,39
libstudy,HTC,MIM,1.0,BIM,0.7,16.5,15.0,0,39
libstudy,HTC,MIM,1.0,BIM,0.8,16.5,15.0,0,39
libstudy,HTC,MIM,1.0,BIM,0.9,16.5,15.0,0,39
libstudy,HTC,MIM,1.0,BIM,1.0,16.5,15.0,0,39
libstudy,LG,MIM,1.0,BIM,0.1,16.5,15.0,0,39
libstudy,LG,MIM,1.0,BIM,0.2,16.5,15.0,0,39
libstudy,LG,MIM,1.0,BIM,0.3,16.5,15.0,0,39
libstudy,LG,MIM,1.0,BIM,0.4,16.5,15.0,0,39
libstudy,LG,MIM,1.0,BIM,0.5,16.5,15.0,0,39
libstudy,LG,MIM,1.0,BIM,0.6,16.5,15.0,0,39
libstudy,LG,MIM,1.0,BIM,0.7,16.5,15.0,0,39
libstudy,LG,MIM,1.0,BIM,0.8,16.5,15.0,0,39
libstudy,LG,MIM,1.0,BIM,0.9,16.5,15.0,0,39
libstudy,LG,MIM,1.0,BIM,1.0,16.5,15.0,0,39
libstudy,MOTO,MIM,1.0,BIM,0.1,16.5,15.0,0,39
libstudy,MOTO,MIM,1.0,BIM,0.2,16.5,15.0,0,39
libstudy,MOTO,MIM,1.0,BIM,0.3,16.5,15.0,0,39
libstudy,MOTO,MIM,1.0,BIM,0.4,16.5,15.0,0,39
libstudy,MOTO,MIM,1.0,BIM,0.5,16.5,15.0,0,39
libstudy,MOTO,MIM,1.0,BIM,0.6,16.5,15.0,0,39
libstudy,MOTO,MIM,1.0,BIM,0.7,16.5,15.0,0,39
libstudy,MOTO,MIM,1.0,BIM,0.8,16.5,15.0,0,39
libstudy,MOTO,MIM,1.0,BIM,0.9,16.5,15.0,0,39
libstudy,MOTO,MIM,1.0,BIM,1.0,16.5,15.0,0,39
libstudy,OP3,MIM,1.0,BIM,0.1,16.5,15.0,0,39
libstudy,OP3,MIM,1.0,BIM,0.2,16.5,15.0,0,39
libstudy,OP3,MIM,1.0,BIM,0.3,16.5,15.0,0,39
libstudy,OP3,MIM,1.0,BIM,0.4,16.5,15.0,0,39
libstudy,OP3,MIM,1.0,BIM,0.5,16.5,15.0,0,39
libstudy,OP3,MIM,1.0,BIM,0.6,16.5,15.0,0,39
libstudy,OP3,MIM,1.0,BIM,0.7,16.5,15.0,0,39
libstudy,OP3,MIM,1.0,BIM,0.8,16.5,15.0,0,39
libstudy,OP3,MIM,1.0,BIM,0.9,16.5,15.0,0,39
libstudy,OP3,MIM,1.0,BIM,1.0,16.5,15.0,0,39
libstudy,S7,MIM,1.0,BIM,0.1,16.5,15.0,0,39
libstudy,S7,MIM,1.0,BIM,0.2,16.5,15.0,0,39
libstudy,S7,MIM,1.0,BIM,0.3,16.5,15.0,0,39
libstudy,S7,MIM,1.0,BIM,0.4,16.5,15.0,0,39
libstudy,S7,MIM,1.0,BIM,0.5,16.5,15.0,0,39
libstudy,S7,MIM,1.0,BIM,0.6,16.5,15.0,0,39
libstudy,S7,MIM,1.0,BIM,0.7,16.5,15.0,0,39
libstudy,S7,MIM,1.0,BIM,0.8,16.5,15.0,0,39
libstudy,S7,MIM,1.0,BIM,0.9,16.5,15.0,0,39
libstudy,S7,MIM,1.0,BIM,1.0,16.5,15.0,0,39
libstudy,BLU,BIM,0.1,BIM,0.1,15.7,15.0,0,36
libstudy,BLU,BIM,0.1,BIM,0.2,15.7,15.0,0,36
libstudy,BLU,BIM,0.1,BIM,0.3,15.7,15.0,0,36
libstudy,BLU,BIM,0.1,BIM,0.4,15.7,15.0,0,36
libstudy,BLU,BIM,0.1,BIM,0.5,15.7,15.0,0,36
libstudy,BLU,BIM,0.1,BIM,0.6,15.7,15.0,0,36
libstudy,BLU,BIM,0.1,BIM,0.7,15.7,15.0,0,36
libstudy,BLU,BIM,0.1,BIM,0.8,15.7,15.0,0,36
libstudy,BLU,BIM,0.1,BIM,0.9,15.7,15.0,0,36
libstudy,BLU,BIM,0.1,BIM,1.0,15.7,15.0,0,36
libstudy,HTC,BIM,0.1,BIM,0.1,15.7,15.0,0,36
libstudy,HTC,BIM,0.1,BIM,0.2,15.7,15.0,0,36
libstudy,HTC,BIM,0.1,BIM,0.3,15.7,15.0,0,36
libstudy,HTC,BIM,0.1,BIM,0.4,15.7,15.0,0,36
libstudy,HTC,BIM,0.1,BIM,0.5,15.7,15.0,0,36
libstudy,HTC,BIM,0.1,BIM,0.6,15.7,15.0,0,36
libstudy,HTC,BIM,0.1,BIM,0.7,15.7,15.0,0,36
libstudy,HTC,BIM,0.1,BIM,0.8,15.7,15.0,0,36
libstudy,HTC,BIM,0.1,BIM,0.9,15.7,15.0,0,36
libstudy,HTC,BIM,0.1,BIM,1.0,15.7,15.0,0,36
libstudy,LG,BIM,0.1,BIM,0.1,15.7,15.0,0,36
libstudy,LG,BIM,0.1,BIM,0.2,15.7,15.0,0,36
libstudy,LG,BIM,0.1,BIM,0.3,15.7,15.0,0,36
libstudy,LG,BIM,0.1,BIM,0.4,15.7,15.0,0,36
libstudy,LG,BIM,0.1,BIM,0.5,15.7,15.0,0,36
libstudy,LG,BIM,0.1,BIM,0.6,15.7,15.0,0,36
libstudy,LG,BIM,0.1,BIM,0.7,15.7,15.0,0,36
libstudy,LG,BIM,0.1,BIM,0.8,15.7,15.0,0,36
libstudy,LG,BIM,0.1,BIM,0.9,15.7,15.0,0,36
libstudy,LG,BIM,0.1,BIM,1.0,15.7,15.0,0,36
libstudy,MOTO,BIM,0.1,BIM,0.1,15.7,15.0,0,36
libstudy,MOTO,BIM,0.1,BIM,0.2,15.7,15.0,0,36
libstudy,MOTO,BIM,0.1,BIM,0.3,15.7,15.0,0,36
libstudy,MOTO,BIM,0.1,BIM,0.4,15.7,15.0,0,36
libstudy,MOTO,BIM,0.1,BIM,0.5,15.7,15.0,0,36
libstudy,MOTO,BIM,0.1,BIM,0.6,15.7,15.0,0,36
libstudy,MOTO,BIM,0.1,BIM,0.7,15.7,15.0,0,36
libstudy,MOTO,BIM,0.1,BIM,0.8,15.7,15.0,0,36
libstudy,MOTO,BIM,0.1,BIM,0.9,15.7,15.0,0,36
libstudy,MOTO,BIM,0.1,BIM,1.0,15.7,15.0,0,36
libstudy,OP3,BIM,0.1,BIM,0.1,18.5,15.0,0,44
libstudy,OP3,BIM,0.1,BIM,0.2,18.5,15.0,0,44
libstudy,OP3,BIM,0.1,BIM,0.3,18.5,15.0,0,44
libstudy,OP3,BIM,0.1,BIM,0.4,18.5,15.0,0,44
libstudy,OP3,BIM,0.1,BIM,0.5,18.5,15.0,0,44
libstudy,OP3,BIM,0.1,BIM,0.6,18.5,15.0,0,44
libstudy,OP3,BIM,0.1,BIM,0.7,18.5,15.0,0,44
libstudy,OP3,BIM,0.1,BIM,0.8,18.5,15.0,0,44
libstudy,OP3,BIM,0.1,BIM,0.9,18.5,15.0,0,44
libstudy,OP3,BIM,0.1,BIM,1.0,18.5,15.0,0,44
libstudy,S7,BIM,0.1,BIM,0.1,18.5,15.0,0,44
libstudy,S7,BIM,0.1,BIM,0.2,18.5,15.0,0,44
libstudy,S7,BIM,0.1,BIM,0.3,18.5,15.0,0,44
libstudy,S7,BIM,0.1,BIM,0.4,18.5,15.0,0,44
libstudy,S7,BIM,0.1,BIM,0.5,18.5,15.0,0,44
libstudy,S7,BIM,0.1,BIM,0.6,18.5,15.0,0,44
libstudy,S7,BIM,0.1,BIM,0.7,18.5,15.0,0,44
libstudy,S7,BIM,0.1,BIM,0.8,18.5,15.0,0,44
libstudy,S7,BIM,0.1,BIM,0.9,18.5,15.0,0,44
libstudy,S7,BIM,0.1,BIM,1.0,18.5,15.0,0,44
libstudy,BLU,BIM,0.2,BIM,0.1,28.533333333333335,28.5,0,58
libstudy,BLU,BIM,0.2,BIM,0.2,28.533333333333335,28.5,0,58
libstudy,BLU,BIM,0.2,BIM,0.3,28.533333333333335,28.5,0,58
libstudy,BLU,BIM,0.2,BIM,0.4,28.533333333333335,28.5,0,58
libstudy,BLU,BIM,0.2,BIM,0.5,28.533333333333335,28.5,0,58
libstudy,BLU,BIM,0.2,BIM,0.6,28.533333333333335,28.5,0,58
libstudy,BLU,BIM,0.2,BIM,0.7,28.533333333333335,28.5,0,58
libstudy,BLU,BIM,0.2,BIM,0.8,28.533333333333335,28.5,0,58
libstudy,BLU,BIM,0.2,BIM,0.9,28.533333333333335,28.5,0,58
libstudy,BLU,BIM,0.2,BIM,1.0,28.533333333333335,28.5,0,58
libstudy,HTC,BIM,0.2,BIM,0.1,28.533333333333335,28.5,0,58
libstudy,HTC,BIM,0.2,BIM,0.2,28.533333333333335,28.5,0,58
libstudy,HTC,BIM,0.2,BIM,0.3,28.533333333333335,28.5,0,58
libstudy,HTC,BIM,0.2,BIM,0.4,28.533333333333335,28.5,0,58
libstudy,HTC,BIM,0.2,BIM,0.5,28.533333333333335,28.5,0,58
libstudy,HTC,BIM,0.2,BIM,0.6,28.533333333333335,28.5,0,58
libstudy,HTC,BIM,0.2,BIM,0.7,28.533333333333335,28.5,0,58
libstudy,HTC,BIM,0.2,BIM,0.8,28.533333333333335,28.5,0,58
libstudy,HTC,BIM,0.2,BIM,0.9,28.533333333333335,28.5,0,58
libstudy,HTC,BIM,0.2,BIM,1.0,28.533333333333335,28.5,0,58
libstudy,LG,BIM,0.2,BIM,0.1,28.533333333333335,28.5,0,58
libstudy,LG,BIM,0.2,BIM,0.2,28.533333333333335,28.5,0,58
libstudy,LG,BIM,0.2,BIM,0.3,28.533333333333335,28.5,0,58
libstudy,LG,BIM,0.2,BIM,0.4,28.533333333333335,28.5,0,58
libstudy,LG,BIM,0.2,BIM,0.5,28.533333333333335,28.5,0,58
libstudy,LG,BIM,0.2,BIM,0.6,28.533333333333335,28.5,0,58
libstudy,LG,BIM,0.2,BIM,0.7,28.533333333333335,28.5,0,58
libstudy,LG,BIM,0.2,BIM,0.8,28.533333333333335,28.5,0,58
libstudy,LG,BIM,0.2,BIM,0.9,28.533333333333335,28.5,0,58
libstudy,LG,BIM,0.2,BIM,1.0,28.533333333333335,28.5,0,58
libstudy,MOTO,BIM,0.2,BIM,0.1,28.533333333333335,28.5,0,58
libstudy,MOTO,BIM,0.2,BIM,0.2,28.533333333333335,28.5,0,58
libstudy,MOTO,BIM,0.2,BIM,0.3,28.533333333333335,28.5,0,58
libstudy,MOTO,BIM,0.2,BIM,0.4,28.533333333333335,28.5,0,58
libstudy,MOTO,BIM,0.2,BIM,0.5,28.533333333333335,28.5,0,58
libstudy,MOTO,BIM,0.2,BIM,0.6,28.533333333333335,28.5,0,58
libstudy,MOTO,BIM,0.2,BIM,0.7,28.533333333333335,28.5,0,58
libstudy,MOTO,BIM,0.2,BIM,0.8,28.533333333333335,28.5,0,58
libstudy,MOTO,BIM,0.2,BIM,0.9,28.533333333333335,28.5,0,58
libstudy,MOTO,BIM,0.2,BIM,1.0,28.533333333333335,28.5,0,58
libstudy,OP3,BIM,0.2,BIM,0.1,28.533333333333335,28.5,0,58
libstudy,OP3,BIM,0.2,BIM,0.2,28.533333333333335,28.5,0,58
libstudy,OP3,BIM,0.2,BIM,0.3,28.533333333333335,28.5,0,58
libstudy,OP3,BIM,0.2,BIM,0.4,28.533333333333335,28.5,0,58
libstudy,OP3,BIM,0.2,BIM,0.5,28.533333333333335,28.5,0,58
libstudy,OP3,BIM,0.2,BIM,0.6,28.533333333333335,28.5,0,58
libstudy,OP3,BIM,0.2,BIM,0.7,28.533333333333335,28.5,0,58
libstudy,OP3,BIM,0.2,BIM,0.8,28.533333333333335,28.5,0,58
libstudy,OP3,BIM,0.2,BIM,0.9,28.533333333333335,28.5,0,58
libstudy,OP3,BIM,0.2,BIM,1.0,28.533333333333335,28.5,0,58
libstudy,S7,BIM,0.2,BIM,0.1,28.533333333333335,28.5,0,58
libstudy,S7,BIM,0.2,BIM,0.2,28.533333333333335,28.5,0,58
libstudy,S7,BIM,0.2,BIM,0.3,28.533333333333335,28.5,0,58
libstudy,S7,BIM,0.2,BIM,0.4,28.533333333333335,28.5,0,58
libstudy,S7,BIM,0.2,BIM,0.5,28.533333333333335,28.5,0,58
libstudy,S7,BIM,0.2,BIM,0.6,28.533333333333335,28.5,0,58
libstudy,S7,BIM,0.2,BIM,0.7,28.533333333333335,28.5,0,58
libstudy,S7,BIM,0.2,BIM,0.8,28.533333333333335,28.5,0,58
libstudy,S7,BIM,0.2,BIM,0.9,28.533333333333335,28.5,0,58
libstudy,S7,BIM,0.2,BIM,1.0,28.533333333333335,28.5,0,58
libstudy,BLU,BIM,0.3,BIM,0.1,24.2,23.5,0,53
libstudy,BLU,BIM,0.3,BIM,0.2,24.2,23.5,0,53
libstudy,BLU,BIM,0.3,BIM,0.3,24.2,23.5,0,53
libstudy,BLU,BIM,0.3,BIM,0.4,24.2,23.5,0,53
libstudy,BLU,BIM,0.3,BIM,0.5,24.2,23.5,0,53
libstudy,BLU,BIM,0.3,BIM,0.6,24.2,23.5,0,53
libstudy,BLU,BIM,0.3,BIM,0.7,24.2,23.5,0,53
libstudy,BLU,BIM,0.3,BIM,0.8,24.2,23.5,0,53
libstudy,BLU,BIM,0.3,BIM,0.9,24.2,23.5,0,53
libstudy,BLU,BIM,0.3,BIM,1.0,24.2,23.5,0,53
libstudy,HTC,BIM,0.3,BIM,0.1,24.2,23.5,0,53
libstudy,HTC,BIM,0.3,BIM,0.2,24.2,23.5,0,53
libstudy,HTC,BIM,0.3,BIM,0.3,24.2,23.5,0,53
libstudy,HTC,BIM,0.3,BIM,0.4,24.2,23.5,0,53
libstudy,HTC,BIM,0.3,BIM,0.5,24.2,23.5,0,53
libstudy,HTC,BIM,0.3,BIM,0.6,24.2,23.5,0,53
libstudy,HTC,BIM,0.3,BIM,0.7,24.2,23.5,0,53
libstudy,HTC,BIM,0.3,BIM,0.8,24.2,23.5,0,53
libstudy,HTC,BIM,0.3,BIM,0.9,24.2,23.5,0,53
libstudy,HTC,BIM,0.3,BIM,1.0,24.2,23.5,0,53
libstudy,LG,BIM,0.3,BIM,0.1,24.2,23.5,0,53
libstudy,LG,BIM,0.3,BIM,0.2,24.2,23.5,0,53
libstudy,LG,BIM,0.3,BIM,0.3,24.2,23.5,0,53
libstudy,LG,BIM,0.3,BIM,0.4,24.2,23.5,0,53
libstudy,LG,BIM,0.3,BIM,0.5,24.2,23.5,0,53
libstudy,LG,BIM,0.3,BIM,0.6,24.2,23.5,0,53
libstudy,LG,BIM,0.3,BIM,0.7,24.2,23.5,0,53
libstudy,LG,BIM,0.3,BIM,0.8,24.2,23.5,0,53
libstudy,LG,BIM,0.3,BIM,0.9,24.2,23.5,0,53
libstudy,LG,BIM,0.3,BIM,1.0,24.2,23.5,0,53
libstudy,MOTO,BIM,0.3,BIM,0.1,24.2,23.5,0,53
libstudy,MOTO,BIM,0.3,BIM,0.2,24.2,23.5,0,53
libstudy,MOTO,BIM,0.3,BIM,0.3,24.2,23.5,0,53
libstudy,MOTO,BIM,0.3,BIM,0.4,24.2,23.5,0,53
libstudy,MOTO,BIM,0.3,BIM,0.5,24.2,23.5,0,53
libstudy,MOTO,BIM,0.3,BIM,0.6,24.2,23.5,0,53
libstudy,MOTO,BIM,0.3,BIM,0.7,24.2,23.5,0,53
libstudy,MOTO,BIM,0.3,BIM,0.8,24.2,23.5,0,53
libstudy,MOTO,BIM,0.3,BIM,0.9,24.2,23.5,0,53
libstudy,MOTO,BIM,0.3,BIM,1.0,24.2,23.5,0,53
libstudy,OP3,BIM,0.3,BIM,0.1,24.2,23.5,0,53
libstudy,OP3,BIM,0.3,BIM,0.2,24.2,23.5,0,53
libstudy,OP3,BIM,0.3,BIM,0.3,24.2,23.5,0,53
libstudy,OP3,BIM,0.3,BIM,0.4,24.2,23.5,0,53
libstudy,OP3,BIM,0.3,BIM,0.5,24.2,23.5,0,53
libstudy,OP3,BIM,0.3,BIM,0.6,24.2,23.5,0,53
libstudy,OP3,BIM,0.3,BIM,0.7,24.2,23.5,0,53
libstudy,OP3,BIM,0.3,BIM,0.8,24.2,23.5,0,53
libstudy,OP3,BIM,0.3,BIM,0.9,24.2,23.5,0,53
libstudy,OP3,BIM,0.3,BIM,1.0,24.2,23.5,0,53
libstudy,S7,BIM,0.3,BIM,0.1,24.2,23.5,0,53
libstudy,S7,BIM,0.3,BIM,0.2,24.2,23.5,0,53
libstudy,S7,BIM,0.3,BIM,0.3,24.2,23.5,0,53
libstudy,S7,BIM,0.3,BIM,0.4,24.2,23.5,0,53
libstudy,S7,BIM,0.3,BIM,0.5,24.2,23.5,0,53
libstudy,S7,BIM,0.3,BIM,0.6,24.2,23.5,0,53
libstudy,S7,BIM,0.3,BIM,0.7,24.2,23.5,0,53
libstudy,S7,BIM,0.3,BIM,0.8,24.2,23.5,0,53
libstudy,S7,BIM,0.3,BIM,0.9,24.2,23.5,0,53
libstudy,S7,BIM,0.3,BIM,1.0,24.2,23.5,0,53
libstudy,BLU,BIM,0.4,BIM,0.1,23.433333333333334,22.5,0,52
libstudy,BLU,BIM,0.4,BIM,0.2,23.433333333333334,22.5,0,52
libstudy,BLU,BIM,0.4,BIM,0.3,23.433333333333334,22.5,0,52
libstudy,BLU,BIM,0.4,BIM,0.4,23.433333333333334,22.5,0,52
libstudy,BLU,BIM,0.4,BIM,0.5,23.433333333333334,22.5,0,52
libstudy,BLU,BIM,0.4,BIM,0.6,23.433333333333334,22.5,0,52
libstudy,BLU,BIM,0.4,BIM,0.7,23.433333333333334,22.5,0,52
libstudy,BLU,BIM,0.4,BIM,0.8,23.433333333333334,22.5,0,52
libstudy,BLU,BIM,0.4,BIM,0.9,23.433333333333334,22.5,0,52
libstudy,BLU,BIM,0.4,BIM,1.0,23.433333333333334,22.5,0,52
libstudy,HTC,BIM,0.4,BIM,0.1,23.433333333333334,22.5,0,52
libstudy,HTC,BIM,0.4,BIM,0.2,23.433333333333334,22.5,0,52
libstudy,HTC,BIM,0.4,BIM,0.3,23.433333333333334,22.5,0,52
libstudy,HTC,BIM,0.4,BIM,0.4,23.433333333333334,22.5,0,52
libstudy,HTC,BIM,0.4,BIM,0.5,23.433333333333334,22.5,0,52
libstudy,HTC,BIM,0.4,BIM,0.6,23.433333333333334,22.5,0,52
libstudy,HTC,BIM,0.4,BIM,0.7,23.433333333333334,22.5,0,52
libstudy,HTC,BIM,0.4,BIM,0.8,23.433333333333334,22.5,0,52
libstudy,HTC,BIM,0.4,BIM,0.9,23.433333333333334,22.5,0,52
libstudy,HTC,BIM,0.4,BIM,1.0,23.433333333333334,22.5,0,52
libstudy,LG,BIM,0.4,BIM,0.1,23.433333333333334,22.5,0,52
libstudy,LG,BIM,0.4,BIM,0.2,23.433333333333334,22.5,0,52
libstudy,LG,BIM,0.4,BIM,0.3,23.433333333333334,22.5,0,52
libstudy,LG,BIM,0.4,BIM,0.4,23.433333333333334,22.5,0,52
libstudy,LG,BIM,0.4,BIM,0.5,23.433333333333334,22.5,0,52
libstudy,LG,BIM,0.4,BIM,0.6,23.433333333333334,22.5,0,52
libstudy,LG,BIM,0.4,BIM,0.7,23.433333333333334,22.5,0,52
libstudy,LG,BIM,0.4,BIM,0.8,23.433333333333334,22.5,0,52
libstudy,LG,BIM,0.4,BIM,0.9,23.433333333333334,22.5,0,52
libstudy,LG,BIM,0.4,BIM,1.0,23.433333333333334,22.5,0,52
libstudy,MOTO,BIM,0.4,BIM,0.1,23.433333333333334,22.5,0,52
libstudy,MOTO,BIM,0.4,BIM,0.2,23.433333333333334,22.5,0,52
libstudy,MOTO,BIM,0.4,BIM,0.3,23.433333333333334,22.5,0,52
libstudy,MOTO,BIM,0.4,BIM,0.4,23.433333333333334,22.5,0,52
libstudy,MOTO,BIM,0.4,BIM,0.5,23.433333333333334,22.5,0,52
libstudy,MOTO,BIM,0.4,BIM,0.6,23.433333333333334,22.5,0,52
libstudy,MOTO,BIM,0.4,BIM,0.7,23.433333333333334,22.5,0,52
libstudy,MOTO,BIM,0.4,BIM,0.8,23.433333333333334,22.5,0,52
libstudy,MOTO,BIM,0.4,BIM,0.9,23.433333333333334,22.5,0,52
libstudy,MOTO,BIM,0.4,BIM,1.0,23.433333333333334,22.5,0,52
libstudy,OP3,BIM,0.4,BIM,0.1,23.433333333333334,22.5,0,52
libstudy,OP3,BIM,0.4,BIM,0.2,23.433333333333334,22.5,0,52
libstudy,OP3,BIM,0.4,BIM,0.3,23.433333333333334,22.5,0,52
libstudy,OP3,BIM,0.4,BIM,0.4,23.433333333333334,22.5,0,52
libstudy,OP3,BIM,0.4,BIM,0.5,23.433333333333334,22.5,0,52
libstudy,OP3,BIM,0.4,BIM,0.6,23.433333333333334,22.5,0,52
libstudy,OP3,BIM,0.4,BIM,0.7,23.433333333333334,22.5,0,52
libstudy,OP3,BIM,0.4,BIM,0.8,23.433333333333334,22.5,0,52
libstudy,OP3,BIM,0.4,BIM,0.9,23.433333333333334,22.5,0,52
libstudy,OP3,BIM,0.4,BIM,1.0,23.433333333333334,22.5,0,52
libstudy,S7,BIM,0.4,BIM,0.1,23.433333333333334,22.5,0,52
libstudy,S7,BIM,0.4,BIM,0.2,23.433333333333334,22.5,0,52
libstudy,S7,BIM,0.4,BIM,0.3,23.433333333333334,22.5,0,52
libstudy,S7,BIM,0.4,BIM,0.4,23.433333333333334,22.5,0,52
libstudy,S7,BIM,0.4,BIM,0.5,23.433333333333334,22.5,0,52
libstudy,S7,BIM,0.4,BIM,0.6,23.433333333333334,22.5,0,52
libstudy,S7,BIM,0.4,BIM,0.7,23.433333333333334,22.5,0,52
libstudy,S7,BIM,0.4,BIM,0.8,23.433333333333334,22.5,0,52
libstudy,S7,BIM,0.4,BIM,0.9,23.433333333333334,22.5,0,52
libstudy,S7,BIM,0.4,BIM,1.0,23.433333333333334,22.5,0,52
libstudy,BLU,BIM,0.5,BIM,0.1,28.533333333333335,28.5,0,58
libstudy,BLU,BIM,0.5,BIM,0.2,28.533333333333335,28.5,0,58
libstudy,BLU,BIM,0.5,BIM,0.3,28.533333333333335,28.5,0,58
libstudy,BLU,BIM,0.5,BIM,0.4,28.533333333333335,28.5,0,58
libstudy,BLU,BIM,0.5,BIM,0.5,28.533333333333335,28.5,0,58
libstudy,BLU,BIM,0.5,BIM,0.6,28.533333333333335,28.5,0,58
libstudy,BLU,BIM,0.5,BIM,0.7,28.533333333333335,28.5,0,58
libstudy,BLU,BIM,0.5,BIM,0.8,28.533333333333335,28.5,0,58
libstudy,BLU,BIM,0.5,BIM,0.9,28.533333333333335,28.5,0,58
libstudy,BLU,BIM,0.5,BIM,1.0,28.533333333333335,28.5,0,58
libstudy,HTC,BIM,0.5,BIM,0.1,28.533333333333335,28.5,0,58
libstudy,HTC,BIM,0.5,BIM,0.2,28.533333333333335,28.5,0,58
libstudy,HTC,BIM,0.5,BIM,0.3,28.533333333333335,28.5,0,58
libstudy,HTC,BIM,0.5,BIM,0.4,28.533333333333335,28.5,0,58
libstudy,HTC,BIM,0.5,BIM,0.5,28.533333333333335,28.5,0,58
libstudy,HTC,BIM,0.5,BIM,0.6,28.533333333333335,28.5,0,58
libstudy,HTC,BIM,0.5,BIM,0.7,28.533333333333335,28.5,0,58
libstudy,HTC,BIM,0.5,BIM,0.8,28.533333333333335,28.5,0,58
libstudy,HTC,BIM,0.5,BIM,0.9,28.533333333333335,28.5,0,58
libstudy,HTC,BIM,0.5,BIM,1.0,28.533333333333335,28.5,0,58
libstudy,LG,BIM,0.5,BIM,0.1,28.533333333333335,28.5,0,58
libstudy,LG,BIM,0.5,BIM,0.2,28.533333333333335,28.5,0,58
libstudy,LG,BIM,0.5,BIM,0.3,28.533333333333335,28.5,0,58
libstudy,LG,BIM,0.5,BIM,0.4,28.533333333333335,28.5,0,58
libstudy,LG,BIM,0.5,BIM,0.5,28.533333333333335,28.5,0,58
libstudy,LG,BIM,0.5,BIM,0.6,28.533333333333335,28.5,0,58
libstudy,LG,BIM,0.5,BIM,0.7,28.533333333333335,28.5,0,58
libstudy,LG,BIM,0.5,BIM,0.8,28.533333333333335,28.5,0,58
libstudy,LG,BIM,0.5,BIM,0.9,28.533333333333335,28.5,0,58
libstudy,LG,BIM,0.5,BIM,1.0,28.533333333333335,28.5,0,58
libstudy,MOTO,BIM,0.5,BIM,0.1,28.533333333333335,28.5,0,58
libstudy,MOTO,BIM,0.5,BIM,0.2,28.533333333333335,28.5,0,58
libstudy,MOTO,BIM,0.5,BIM,0.3,28.533333333333335,28.5,0,58
libstudy,MOTO,BIM,0.5,BIM,0.4,28.533333333333335,28.5,0,58
libstudy,MOTO,BIM,0.5,BIM,0.5,28.533333333333335,28.5,0,58
libstudy,MOTO,BIM,0.5,BIM,0.6,28.533333333333335,28.5,0,58
libstudy,MOTO,BIM,0.5,BIM,0.7,28.533333333333335,28.5,0,58
libstudy,MOTO,BIM,0.5,BIM,0.8,28.533333333333335,28.5,0,58
libstudy,MOTO,BIM,0.5,BIM,0.9,28.533333333333335,28.5,0,58
libstudy,MOTO,BIM,0.5,BIM,1.0,28.533333333333335,28.5,0,58
libstudy,OP3,BIM,0.5,BIM,0.1,28.533333333333335,28.5,0,58
libstudy,OP3,BIM,0.5,BIM,0.2,28.533333333333335,28.5,0,58
libstudy,OP3,BIM,0.5,BIM,0.3,28.533333333333335,28.5,0,58
libstudy,OP3,BIM,0.5,BIM,0.4,28.533333333333335,28.5,0,58
libstudy,OP3,BIM,0.5,BIM,0.5,28.533333333333335,28.5,0,58
libstudy,OP3,BIM,0.5,BIM,0.6,28.533333333333335,28.5,0,58
libstudy,OP3,BIM,0.5,BIM,0.7,28.533333333333335,28.5,0,58
libstudy,OP3,BIM,0.5,BIM,0.8,28.533333333333335,28.5,0,58
libstudy,OP3,BIM,0.5,BIM,0.9,28.533333333333335,28.5,0,58
libstudy,OP3,BIM,0.5,BIM,1.0,28.533333333333335,28.5,0,58
libstudy,S7,BIM,0.5,BIM,0.1,28.533333333333335,28.5,0,58
libstudy,S7,BIM,0.5,BIM,0.2,28.533333333333335,28.5,0,58
libstudy,S7,BIM,0.5,BIM,0.3,28.533333333333335,28.5,0,58
libstudy,S7,BIM,0.5,BIM,0.4,28.533333333333335,28.5,0,58
libstudy,S7,BIM,0.5,BIM,0.5,28.533333333333335,28.5,0,58
libstudy,S7,BIM,0.5,BIM,0.6,28.533333333333335,28.5,0,58
libstudy,S7,BIM,0.5,BIM,0.7,28.533333333333335,28.5,0,58
libstudy,S7,BIM,0.5,BIM,0.8,28.533333333333335,28.5,0,58
libstudy,S7,BIM,0.5,BIM,0.9,28.533333333333335,28.5,0,58
libstudy,S7,BIM,0.5,BIM,1.0,28.533333333333335,28.5,0,58
libstudy,BLU,BIM,0.6,BIM,0.1,15.7,15.0,0,36
libstudy,BLU,BIM,0.6,BIM,0.2,15.7,15.0,0,36
libstudy,BLU,BIM,0.6,BIM,0.3,15.7,15.0,0,36
libstudy,BLU,BIM,0.6,BIM,0.4,15.7,15.0,0,36
libstudy,BLU,BIM,0.6,BIM,0.5,15.7,15.0,0,36
libstudy,BLU,BIM,0.6,BIM,0.6,15.7,15.0,0,36
libstudy,BLU,BIM,0.6,BIM,0.7,15.7,15.0,0,36
libstudy,BLU,BIM,0.6,BIM,0.8,15.7,15.0,0,36
libstudy,BLU,BIM,0.6,BIM,0.9,15.7,15.0,0,36
libstudy,BLU,BIM,0.6,BIM,1.0,15.7,15.0,0,36
libstudy,HTC,BIM,0.6,BIM,0.1,15.7,15.0,0,36
libstudy,HTC,BIM,0.6,BIM,0.2,15.7,15.0,0,36
libstudy,HTC,BIM,0.6,BIM,0.3,15.7,15.0,0,36
libstudy,HTC,BIM,0.6,BIM,0.4,15.7,15.0,0,36
libstudy,HTC,BIM,0.6,BIM,0.5,15.7,15.0,0,36
libstudy,HTC,BIM,0.6,BIM,0.6,15.7,15.0,0,36
libstudy,HTC,BIM,0.6,BIM,0.7,15.7,15.0,0,36
libstudy,HTC,BIM,0.6,BIM,0.8,15.7,15.0,0,36
libstudy,HTC,BIM,0.6,BIM,0.9,15.7,15.0,0,36
libstudy,HTC,BIM,0.6,BIM,1.0,15.7,15.0,0,36
libstudy,LG,BIM,0.6,BIM,0.1,15.7,15.0,0,36
libstudy,LG,BIM,0.6,BIM,0.2,15.7,15.0,0,36
libstudy,LG,BIM,0.6,BIM,0.3,15.7,15.0,0,36
libstudy,LG,BIM,0.6,BIM,0.4,15.7,15.0,0,36
libstudy,LG,BIM,0.6,BIM,0.5,15.7,15.0,0,36
libstudy,LG,BIM,0.6,BIM,0.6,15.7,15.0,0,36
libstudy,LG,BIM,0.6,BIM,0.7,15.7,15.0,0,36
libstudy,LG,BIM,0.6,BIM,0.8,15.7,15.0,0,36
libstudy,LG,BIM,0.6,BIM,0.9,15.7,15.0,0,36
libstudy,LG,BIM,0.6,BIM,1.0,15.7,15.0,0,36
libstudy,MOTO,BIM,0.6,BIM,0.1,15.7,15.0,0,36
libstudy,MOTO,BIM,0.6,BIM,0.2,15.7,15.0,0,36
libstudy,MOTO,BIM,0.6,BIM,0.3,15.7,15.0,0,36
libstudy,MOTO,BIM,0.6,BIM,0.4,15.7,15.0,0,36
libstudy,MOTO,BIM,0.6,BIM,0.5,15.7,15.0,0,36
libstudy,MOTO,BIM,0.6,BIM,0.6,15.7,15.0,0,36
libstudy,MOTO,BIM,0.6,BIM,0.7,15.7,15.0,0,36
libstudy,MOTO,BIM,0.6,BIM,0.8,15.7,15.0,0,36
libstudy,MOTO,BIM,0.6,BIM,0.9,15.7,15.0,0,36
libstudy,MOTO,BIM,0.6,BIM,1.0,15.7,15.0,0,36
libstudy,OP3,BIM,0.6,BIM,0.1,15.7,15.0,0,36
libstudy,OP3,BIM,0.6,BIM,0.2,15.7,15.0,0,36
libstudy,OP3,BIM,0.6,BIM,0.3,15.7,15.0,0,36
libstudy,OP3,BIM,0.6,BIM,0.4,15.7,15.0,0,36
libstudy,OP3,BIM,0.6,BIM,0.5,15.7,15.0,0,36
libstudy,OP3,BIM,0.6,BIM,0.6,15.7,15.0,0,36
libstudy,OP3,BIM,0.6,BIM,0.7,15.7,15.0,0,36
libstudy,OP3,BIM,0.6,BIM,0.8,15.7,15.0,0,36
libstudy,OP3,BIM,0.6,BIM,0.9,15.7,15.0,0,36
libstudy,OP3,BIM,0.6,BIM,1.0,15.7,15.0,0,36
libstudy,S7,BIM,0.6,BIM,0.1,15.7,15.0,0,36
libstudy,S7,BIM,0.6,BIM,0.2,15.7,15.0,0,36
libstudy,S7,BIM,0.6,BIM,0.3,15.7,15.0,0,36
libstudy,S7,BIM,0.6,BIM,0.4,15.7,15.0,0,36
libstudy,S7,BIM,0.6,BIM,0.5,15.7,15.0,0,36
libstudy,S7,BIM,0.6,BIM,0.6,15.7,15.0,0,36
libstudy,S7,BIM,0.6,BIM,0.7,15.7,15.0,0,36
libstudy,S7,BIM,0.6,BIM,0.8,15.7,15.0,0,36
libstudy,S7,BIM,0.6,BIM,0.9,15.7,15.0,0,36
libstudy,S7,BIM,0.6,BIM,1.0,15.7,15.0,0,36
libstudy,BLU,BIM,0.7,BIM,0.1,19.533333333333335,16.5,0,46
libstudy,BLU,BIM,0.7,BIM,0.2,19.533333333333335,16.5,0,46
libstudy,BLU,BIM,0.7,BIM,0.3,19.533333333333335,16.5,0,46
libstudy,BLU,BIM,0.7,BIM,0.4,19.533333333333335,16.5,0,46
libstudy,BLU,BIM,0.7,BIM,0.5,19.533333333333335,16.5,0,46
libstudy,BLU,BIM,0.7,BIM,0.6,19.533333333333335,16.5,0,46
libstudy,BLU,BIM,0.7,BIM,0.7,19.533333333333335,16.5,0,46
libstudy,BLU,BIM,0.7,BIM,0.8,19.533333333333335,16.5,0,46
libstudy,BLU,BIM,0.7,BIM,0.9,19.533333333333335,16.5,0,46
libstudy,BLU,BIM,0.7,BIM,1.0,19.533333333333335,16.5,0,46
libstudy,HTC,BIM,0.7,BIM,0.1,19.533333333333335,16.5,0,46
libstudy,HTC,BIM,0.7,BIM,0.2,19.533333333333335,16.5,0,46
libstudy,HTC,BIM,0.7,BIM,0.3,19.533333333333335,16.5,0,46
libstudy,HTC,BIM,0.7,BIM,0.4,19.533333333333335,16.5,0,46
libstudy,HTC,BIM,0.7,BIM,0.5,19.533333333333335,16.5,0,46
libstudy,HTC,BIM,0.7,BIM,0.6,19.533333333333335,16.5,0,46
libstudy,HTC,BIM,0.7,BIM,0.7,19.533333333333335,16.5,0,46
libstudy,HTC,BIM,0.7,BIM,0.8,19.533333333333335,16.5,0,46
libstudy,HTC,BIM,0.7,BIM,0.9,19.533333333333335,16.5,0,46
libstudy,HTC,BIM,0.7,BIM,1.0,19.533333333333335,16.5,0,46
libstudy,LG,BIM,0.7,BIM,0.1,19.533333333333335,16.5,0,46
libstudy,LG,BIM,0.7,BIM,0.2,19.533333333333335,16.5,0,46
libstudy,LG,BIM,0.7,BIM,0.3,19.533333333333335,16.5,0,46
libstudy,LG,BIM,0.7,BIM,0.4,19.533333333333335,16.5,0,46
libstudy,LG,BIM,0.7,BIM,0.5,19.533333333333335,16.5,0,46
libstudy,LG,BIM,0.7,BIM,0.6,19.533333333333335,16.5,0,46
libstudy,LG,BIM,0.7,BIM,0.7,19.533333333333335,16.5,0,46
libstudy,LG,BIM,0.7,BIM,0.8,19.533333333333335,16.5,0,46
libstudy,LG,BIM,0.7,BIM,0.9,19.533333333333335,16.5,0,46
libstudy,LG,BIM,0.7,BIM,1.0,19.533333333333335,16.5,0,46
libstudy,MOTO,BIM,0.7,BIM,0.1,19.533333333333335,16.5,0,46
libstudy,MOTO,BIM,0.7,BIM,0.2,19.533333333333335,16.5,0,46
libstudy,MOTO,BIM,0.7,BIM,0.3,19.533333333333335,16.5,0,46
libstudy,MOTO,BIM,0.7,BIM,0.4,19.533333333333335,16.5,0,46
libstudy,MOTO,BIM,0.7,BIM,0.5,19.533333333333335,16.5,0,46
libstudy,MOTO,BIM,0.7,BIM,0.6,19.533333333333335,16.5,0,46
libstudy,MOTO,BIM,0.7,BIM,0.7,19.533333333333335,16.5,0,46
libstudy,MOTO,BIM,0.7,BIM,0.8,19.533333333333335,16.5,0,46
libstudy,MOTO,BIM,0.7,BIM,0.9,19.533333333333335,16.5,0,46
libstudy,MOTO,BIM,0.7,BIM,1.0,19.533333333333335,16.5,0,46
libstudy,OP3,BIM,0.7,BIM,0.1,19.533333333333335,16.5,0,46
libstudy,OP3,BIM,0.7,BIM,0.2,19.533333333333335,16.5,0,46
libstudy,OP3,BIM,0.7,BIM,0.3,19.533333333333335,16.5,0,46
libstudy,OP3,BIM,0.7,BIM,0.4,19.533333333333335,16.5,0,46
libstudy,OP3,BIM,0.7,BIM,0.5,19.533333333333335,16.5,0,46
libstudy,OP3,BIM,0.7,BIM,0.6,19.533333333333335,16.5,0,46
libstudy,OP3,BIM,0.7,BIM,0.7,19.533333333333335,16.5,0,46
libstudy,OP3,BIM,0.7,BIM,0.8,19.533333333333335,16.5,0,46
libstudy,OP3,BIM,0.7,BIM,0.9,19.533333333333335,16.5,0,46
libstudy,OP3,BIM,0.7,BIM,1.0,19.533333333333335,16.5,0,46
libstudy,S7,BIM,0.7,BIM,0.1,19.533333333333335,16.5,0,46
libstudy,S7,BIM,0.7,BIM,0.2,19.533333333333335,16.5,0,46
libstudy,S7,BIM,0.7,BIM,0.3,19.533333333333335,16.5,0,46
libstudy,S7,BIM,0.7,BIM,0.4,19.533333333333335,16.5,0,46
libstudy,S7,BIM,0.7,BIM,0.5,19.533333333333335,16.5,0,46
libstudy,S7,BIM,0.7,BIM,0.6,19.533333333333335,16.5,0,46
libstudy,S7,BIM,0.7,BIM,0.7,19.533333333333335,16.5,0,46
libstudy,S7,BIM,0.7,BIM,0.8,19.533333333333335,16.5,0,46
libstudy,S7,BIM,0.7,BIM,0.9,19.533333333333335,16.5,0,46
libstudy,S7,BIM,0.7,BIM,1.0,19.533333333333335,16.5,0,46
libstudy,BLU,BIM,0.8,BIM,0.1,21.333333333333332,19.5,0,49
libstudy,BLU,BIM,0.8,BIM,0.2,21.333333333333332,19.5,0,49
libstudy,BLU,BIM,0.8,BIM,0.3,21.333333333333332,19.5,0,49
libstudy,BLU,BIM,0.8,BIM,0.4,21.333333333333332,19.5,0,49
libstudy,BLU,BIM,0.8,BIM,0.5,21.333333333333332,19.5,0,49
libstudy,BLU,BIM,0.8,BIM,0.6,21.333333333333332,19.5,0,49
libstudy,BLU,BIM,0.8,BIM,0.7,21.333333333333332,19.5,0,49
libstudy,BLU,BIM,0.8,BIM,0.8,21.333333333333332,19.5,0,49
libstudy,BLU,BIM,0.8,BIM,0.9,21.333333333333332,19.5,0,49
libstudy,BLU,BIM,0.8,BIM,1.0,21.333333333333332,19.5,0,49
libstudy,HTC,BIM,0.8,BIM,0.1,21.333333333333332,19.5,0,49
libstudy,HTC,BIM,0.8,BIM,0.2,21.333333333333332,19.5,0,49
libstudy,HTC,BIM,0.8,BIM,0.3,21.333333333333332,19.5,0,49
libstudy,HTC,BIM,0.8,BIM,0.4,21.333333333333332,19.5,0,49
libstudy,HTC,BIM,0.8,BIM,0.5,21.333333333333332,19.5,0,49
libstudy,HTC,BIM,0.8,BIM,0.6,21.333333333333332,19.5,0,49
libstudy,HTC,BIM,0.8,BIM,0.7,21.333333333333332,19.5,0,49
libstudy,HTC,BIM,0.8,BIM,0.8,21.333333333333332,19.5,0,49
libstudy,HTC,BIM,0.8,BIM,0.9,21.333333333333332,19.5,0,49
libstudy,HTC,BIM,0.8,BIM,1.0,21.333333333333332,19.5,0,49
libstudy,LG,BIM,0.8,BIM,0.1,21.333333333333332,19.5,0,49
libstudy,LG,BIM,0.8,BIM,0.2,21.333333333333332,19.5,0,49
libstudy,LG,BIM,0.8,BIM,0.3,21.333333333333332,19.5,0,49
libstudy,LG,BIM,0.8,BIM,0.4,21.333333333333332,19.5,0,49
libstudy,LG,BIM,0.8,BIM,0.5,21.333333333333332,19.5,0,49
libstudy,LG,BIM,0.8,BIM,0.6,21.333333333333332,19.5,0,49
libstudy,LG,BIM,0.8,BIM,0.7,21.333333333333332,19.5,0,49
libstudy,LG,BIM,0.8,BIM,0.8,21.333333333333332,19.5,0,49
libstudy,LG,BIM,0.8,BIM,0.9,21.333333333333332,19.5,0,49
libstudy,LG,BIM,0.8,BIM,1.0,21.333333333333332,19.5,0,49
libstudy,MOTO,BIM,0.8,BIM,0.1,21.333333333333332,19.5,0,49
libstudy,MOTO,BIM,0.8,BIM,0.2,21.333333333333332,19.5,0,49
libstudy,MOTO,BIM,0.8,BIM,0.3,21.333333333333332,19.5,0,49
libstudy,MOTO,BIM,0.8,BIM,0.4,21.333333333333332,19.5,0,49
libstudy,MOTO,BIM,0.8,BIM,0.5,21.333333333333332,19.5,0,49
libstudy,MOTO,BIM,0.8,BIM,0.6,21.333333333333332,19.5,0,49
libstudy,MOTO,BIM,0.8,BIM,0.7,21.333333333333332,19.5,0,49
libstudy,MOTO,BIM,0.8,BIM,0.8,21.333333333333332,19.5,0,49
libstudy,MOTO,BIM,0.8,BIM,0.9,21.333333333333332,19.5,0,49
libstudy,MOTO,BIM,0.8,BIM,1.0,21.333333333333332,19.5,0,49
libstudy,OP3,BIM,0.8,BIM,0.1,21.333333333333332,19.5,0,49
libstudy,OP3,BIM,0.8,BIM,0.2,21.333333333333332,19.5,0,49
libstudy,OP3,BIM,0.8,BIM,0.3,21.333333333333332,19.5,0,49
libstudy,OP3,BIM,0.8,BIM,0.4,21.333333333333332,19.5,0,49
libstudy,OP3,BIM,0.8,BIM,0.5,21.333333333333332,19.5,0,49
libstudy,OP3,BIM,0.8,BIM,0.6,21.333333333333332,19.5,0,49
libstudy,OP3,BIM,0.8,BIM,0.7,21.333333333333332,19.5,0,49
libstudy,OP3,BIM,0.8,BIM,0.8,21.333333333333332,19.5,0,49
libstudy,OP3,BIM,0.8,BIM,0.9,21.333333333333332,19.5,0,49
libstudy,OP3,BIM,0.8,BIM,1.0,21.333333333333332,19.5,0,49
libstudy,S7,BIM,0.8,BIM,0.1,21.333333333333332,19.5,0,49
libstudy,S7,BIM,0.8,BIM,0.2,21.333333333333332,19.5,0,49
libstudy,S7,BIM,0.8,BIM,0.3,21.333333333333332,19.5,0,49
libstudy,S7,BIM,0.8,BIM,0.4,21.333333333333332,19.5,0,49
libstudy,S7,BIM,0.8,BIM,0.5,21.333333333333332,19.5,0,49
libstudy,S7,BIM,0.8,BIM,0.6,21.333333333333332,19.5,0,49
libstudy,S7,BIM,0.8,BIM,0.7,21.333333333333332,19.5,0,49
libstudy,S7,BIM,0.8,BIM,0.8,21.333333333333332,19.5,0,49
libstudy,S7,BIM,0.8,BIM,0.9,21.333333333333332,19.5,0,49
libstudy,S7,BIM,0.8,BIM,1.0,21.333333333333332,19.5,0,49
libstudy,BLU,BIM,0.9,BIM,0.1,16.2,15.0,0,38
libstudy,BLU,BIM,0.9,BIM,0.2,16.2,15.0,0,38
libstudy,BLU,BIM,0.9,BIM,0.3,16.2,15.0,0,38
libstudy,BLU,BIM,0.9,BIM,0.4,16.2,15.0,0,38
libstudy,BLU,BIM,0.9,BIM,0.5,16.2,15.0,0,38
libstudy,BLU,BIM,0.9,BIM,0.6,16.2,15.0,0,38
libstudy,BLU,BIM,0.9,BIM,0.7,16.2,15.0,0,38
libstudy,BLU,BIM,0.9,BIM,0.8,16.2,15.0,0,38
libstudy,BLU,BIM,0.9,BIM,0.9,16.2,15.0,0,38
libstudy,BLU,BIM,0.9,BIM,1.0,16.2,15.0,0,38
libstudy,HTC,BIM,0.9,BIM,0.1,16.2,15.0,0,38
libstudy,HTC,BIM,0.9,BIM,0.2,16.2,15.0,0,38
libstudy,HTC,BIM,0.9,BIM,0.3,16.2,15.0,0,38
libstudy,HTC,BIM,0.9,BIM,0.4,16.2,15.0,0,38
libstudy,HTC,BIM,0.9,BIM,0.5,16.2,15.0,0,38
libstudy,HTC,BIM,0.9,BIM,0.6,16.2,15.0,0,38
libstudy,HTC,BIM,0.9,BIM,0.7,16.2,15.0,0,38
libstudy,HTC,BIM,0.9,BIM,0.8,16.2,15.0,0,38
libstudy,HTC,BIM,0.9,BIM,0.9,16.2,15.0,0,38
libstudy,HTC,BIM,0.9,BIM,1.0,16.2,15.0,0,38
libstudy,LG,BIM,0.9,BIM,0.1,16.2,15.0,0,38
libstudy,LG,BIM,0.9,BIM,0.2,16.2,15.0,0,38
libstudy,LG,BIM,0.9,BIM,0.3,16.2,15.0,0,38
libstudy,LG,BIM,0.9,BIM,0.4,16.2,15.0,0,38
libstudy,LG,BIM,0.9,BIM,0.5,16.2,15.0,0,38
libstudy,LG,BIM,0.9,BIM,0.6,16.2,15.0,0,38
libstudy,LG,BIM,0.9,BIM,0.7,16.2,15.0,0,38
libstudy,LG,BIM,0.9,BIM,0.8,16.2,15.0,0,38
libstudy,LG,BIM,0.9,BIM,0.9,16.2,15.0,0,38
libstudy,LG,BIM,0.9,BIM,1.0,16.2,15.0,0,38
libstudy,MOTO,BIM,0.9,BIM,0.1,16.2,15.0,0,38
libstudy,MOTO,BIM,0.9,BIM,0.2,16.2,15.0,0,38
libstudy,MOTO,BIM,0.9,BIM,0.3,16.2,15.0,0,38
libstudy,MOTO,BIM,0.9,BIM,0.4,16.2,15.0,0,38
libstudy,MOTO,BIM,0.9,BIM,0.5,16.2,15.0,0,38
libstudy,MOTO,BIM,0.9,BIM,0.6,16.2,15.0,0,38
libstudy,MOTO,BIM,0.9,BIM,0.7,16.2,15.0,0,38
libstudy,MOTO,BIM,0.9,BIM,0.8,16.2,15.0,0,38
libstudy,MOTO,BIM,0.9,BIM,0.9,16.2,15.0,0,38
libstudy,MOTO,BIM,0.9,BIM,1.0,16.2,15.0,0,38
libstudy,OP3,BIM,0.9,BIM,0.1,16.2,15.0,0,38
libstudy,OP3,BIM,0.9,BIM,0.2,16.2,15.0,0,38
libstudy,OP3,BIM,0.9,BIM,0.3,16.2,15.0,0,38
libstudy,OP3,BIM,0.9,BIM,0.4,16.2,15.0,0,38
libstudy,OP3,BIM,0.9,BIM,0.5,16.2,15.0,0,38
libstudy,OP3,BIM,0.9,BIM,0.6,16.2,15.0,0,38
libstudy,OP3,BIM,0.9,BIM,0.7,16.2,15.0,0,38
libstudy,OP3,BIM,0.9,BIM,0.8,16.2,15.0,0,38
libstudy,OP3,BIM,0.9,BIM,0.9,16.2,15.0,0,38
libstudy,OP3,BIM,0.9,BIM,1.0,16.2,15.0,0,38
libstudy,S7,BIM,0.9,BIM,0.1,16.2,15.0,0,38
libstudy,S7,BIM,0.9,BIM,0.2,16.2,15.0,0,38
libstudy,S7,BIM,0.9,BIM,0.3,16.2,15.0,0,38
libstudy,S7,BIM,0.9,BIM,0.4,16.2,15.0,0,38
libstudy,S7,BIM,0.9,BIM,0.5,16.2,15.0,0,38
libstudy,S7,BIM,0.9,BIM,0.6,16.2,15.0,0,38
libstudy,S7,BIM,0.9,BIM,0.7,16.2,15.0,0,38
libstudy,S7,BIM,0.9,BIM,0.8,16.2,15.0,0,38
libstudy,S7,BIM,0.9,BIM,0.9,16.2,15.0,0,38
libstudy,S7,BIM,0.9,BIM,1.0,16.2,15.0,0,38
libstudy,BLU,BIM,1.0,BIM,0.1,15.2,15.0,0,33
libstudy,BLU,BIM,1.0,BIM,0.2,15.2,15.0,0,33
libstudy,BLU,BIM,1.0,BIM,0.3,15.2,15.0,0,33
libstudy,BLU,BIM,1.0,BIM,0.4,15.2,15.0,0,33
libstudy,BLU,BIM,1.0,BIM,0.5,15.2,15.0,0,33
libstudy,BLU,BIM,1.0,BIM,0.6,15.2,15.0,0,33
libstudy,BLU,BIM,1.0,BIM,0.7,15.2,15.0,0,33
libstudy,BLU,BIM,1.0,BIM,0.8,15.2,15.0,0,33
libstudy,BLU,BIM,1.0,BIM,0.9,15.2,15.0,0,33
libstudy,BLU,BIM,1.0,BIM,1.0,15.2,15.0,0,33
libstudy,HTC,BIM,1.0,BIM,0.1,15.2,15.0,0,33
libstudy,HTC,BIM,1.0,BIM,0.2,15.2,15.0,0,33
libstudy,HTC,BIM,1.0,BIM,0.3,15.2,15.0,0,33
libstudy,HTC,BIM,1.0,BIM,0.4,15.2,15.0,0,33
libstudy,HTC,BIM,1.0,BIM,0.5,15.2,15.0,0,33
libstudy,HTC,BIM,1.0,BIM,0.6,15.2,15.0,0,33
libstudy,HTC,BIM,1.0,BIM,0.7,15.2,15.0,0,33
libstudy,HTC,BIM,1.0,BIM,0.8,15.2,15.0,0,33
libstudy,HTC,BIM,1.0,BIM,0.9,15.2,15.0,0,33
libstudy,HTC,BIM,1.0,BIM,1.0,15.2,15.0,0,33
libstudy,LG,BIM,1.0,BIM,0.1,15.2,15.0,0,33
libstudy,LG,BIM,1.0,BIM,0.2,15.2,15.0,0,33
libstudy,LG,BIM,1.0,BIM,0.3,15.2,15.0,0,33
libstudy,LG,BIM,1.0,BIM,0.4,15.2,15.0,0,33
libstudy,LG,BIM,1.0,BIM,0.5,15.2,15.0,0,33
libstudy,LG,BIM,1.0,BIM,0.6,15.2,15.0,0,33
libstudy,LG,BIM,1.0,BIM,0.7,15.2,15.0,0,33
libstudy,LG,BIM,1.0,BIM,0.8,15.2,15.0,0,33
libstudy,LG,BIM,1.0,BIM,0.9,15.2,15.0,0,33
libstudy,LG,BIM,1.0,BIM,1.0,15.2,15.0,0,33
libstudy,MOTO,BIM,1.0,BIM,0.1,15.2,15.0,0,33
libstudy,MOTO,BIM,1.0,BIM,0.2,15.2,15.0,0,33
libstudy,MOTO,BIM,1.0,BIM,0.3,15.2,15.0,0,33
libstudy,MOTO,BIM,1.0,BIM,0.4,15.2,15.0,0,33
libstudy,MOTO,BIM,1.0,BIM,0.5,15.2,15.0,0,33
libstudy,MOTO,BIM,1.0,BIM,0.6,15.2,15.0,0,33
libstudy,MOTO,BIM,1.0,BIM,0.7,15.2,15.0,0,33
libstudy,MOTO,BIM,1.0,BIM,0.8,15.2,15.0,0,33
libstudy,MOTO,BIM,1.0,BIM,0.9,15.2,15.0,0,33
libstudy,MOTO,BIM,1.0,BIM,1.0,15.2,15.0,0,33
libstudy,OP3,BIM,1.0,BIM,0.1,15.2,15.0,0,33
libstudy,OP3,BIM,1.0,BIM,0.2,15.2,15.0,0,33
libstudy,OP3,BIM,1.0,BIM,0.3,15.2,15.0,0,33
libstudy,OP3,BIM,1.0,BIM,0.4,15.2,15.0,0,33
libstudy,OP3,BIM,1.0,BIM,0.5,15.2,15.0,0,33
libstudy,OP3,BIM,1.0,BIM,0.6,15.2,15.0,0,33
libstudy,OP3,BIM,1.0,BIM,0.7,15.2,15.0,0,33
libstudy,OP3,BIM,1.0,BIM,0.8,15.2,15.0,0,33
libstudy,OP3,BIM,1.0,BIM,0.9,15.2,15.0,0,33
libstudy,OP3,BIM,1.0,BIM,1.0,15.2,15.0,0,33
libstudy,S7,BIM,1.0,BIM,0.1,15.2,15.0,0,33
libstudy,S7,BIM,1.0,BIM,0.2,15.2,15.0,0,33
libstudy,S7,BIM,1.0,BIM,0.3,15.2,15.0,0,33
libstudy,S7,BIM,1.0,BIM,0.4,15.2,15.0,0,33
libstudy,S7,BIM,1.0,BIM,0.5,15.2,15.0,0,33
libstudy,S7,BIM,1.0,BIM,0.6,15.2,15.0,0,33
libstudy,S7,BIM,1.0,BIM,0.7,15.2,15.0,0,33
libstudy,S7,BIM,1.0,BIM,0.8,15.2,15.0,0,33
libstudy,S7,BIM,1.0,BIM,0.9,15.2,15.0,0,33
libstudy,S7,BIM,1.0,BIM,1.0,15.2,15.0,0,33
