Floorplan,Device,Training Data,Training Epsilon,Attack,Inference Epsilon,Mean Error,Median Error,Min Error,Max Error
sciences,BLU,ORIGINAL,0.0,ORIGINAL,0.1,7.625,4.0,0,53
sciences,HTC,ORIGINAL,0.0,ORIGINAL,0.1,5.669117647058823,3.0,0,65
sciences,LG,ORIGINAL,0.0,ORIGINAL,0.1,5.661764705882353,2.0,0,66
sciences,MOTO,ORIGINAL,0.0,ORIGINAL,0.1,2.3676470588235294,1.0,0,63
sciences,OP3,ORIGINAL,0.0,ORIGINAL,0.1,1.0661764705882353,1.0,0,19
sciences,S7,ORIGINAL,0.0,ORIGINAL,0.1,2.0955882352941178,1.5,0,10
sciences,BLU,SAE,0.0,ORIGINAL,0.1,4.926470588235294,3.0,0,52
sciences,HTC,SAE,0.0,ORIGINAL,0.1,5.198529411764706,2.0,0,65
sciences,LG,SAE,0.0,ORIGINAL,0.1,5.0588235294117645,2.0,0,65
sciences,MOTO,SAE,0.0,ORIGINAL,0.1,2.8088235294117645,1.0,0,55
sciences,OP3,SAE,0.0,ORIGINAL,0.1,0.9191176470588235,0.0,0,18
sciences,S7,SAE,0.0,ORIGINAL,0.1,3.1544117647058822,2.0,0,66
sciences,BLU,STACKED_SAE,0.0,ORIGINAL,0.1,11.867647058823529,7.0,0,57
sciences,HTC,STACKED_SAE,0.0,ORIGINAL,0.1,2.9411764705882355,2.0,0,61
sciences,LG,STACKED_SAE,0.0,ORIGINAL,0.1,4.382352941176471,2.0,0,63
sciences,MOTO,STACKED_SAE,0.0,ORIGINAL,0.1,2.301470588235294,2.0,0,29
sciences,OP3,STACKED_SAE,0.0,ORIGINAL,0.1,1.0588235294117647,0.0,0,19
sciences,S7,STACKED_SAE,0.0,ORIGINAL,0.1,2.1323529411764706,2.0,0,10
sciences,BLU,GAN,0.0,ORIGINAL,0.1,24.441176470588236,22.5,0,56
sciences,HTC,GAN,0.0,ORIGINAL,0.1,24.441176470588236,22.5,0,56
sciences,LG,GAN,0.0,ORIGINAL,0.1,24.441176470588236,22.5,0,56
sciences,MOTO,GAN,0.0,ORIGINAL,0.1,24.441176470588236,22.5,0,56
sciences,OP3,GAN,0.0,ORIGINAL,0.1,24.441176470588236,22.5,0,56
sciences,S7,GAN,0.0,ORIGINAL,0.1,24.441176470588236,22.5,0,56
sciences,BLU,FGSM,0.1,FGSM,0.1,19.794117647058822,15.0,0,66
sciences,BLU,FGSM,0.1,FGSM,0.2,21.720588235294116,16.5,0,66
sciences,BLU,FGSM,0.1,FGSM,0.3,22.529411764705884,19.0,0,66
sciences,BLU,FGSM,0.1,FGSM,0.4,23.36764705882353,20.0,0,66
sciences,BLU,FGSM,0.1,FGSM,0.5,23.522058823529413,20.0,0,66
sciences,BLU,FGSM,0.1,FGSM,0.6,23.46323529411765,20.0,0,66
sciences,BLU,FGSM,0.1,FGSM,0.7,23.46323529411765,20.0,0,66
sciences,BLU,FGSM,0.1,FGSM,0.8,23.477941176470587,20.0,0,66
sciences,BLU,FGSM,0.1,FGSM,0.9,23.573529411764707,20.0,0,66
sciences,BLU,FGSM,0.1,FGSM,1.0,23.544117647058822,20.0,0,66
sciences,HTC,FGSM,0.1,FGSM,0.1,20.529411764705884,15.0,0,67
sciences,HTC,FGSM,0.1,FGSM,0.2,22.25,17.5,0,67
sciences,HTC,FGSM,0.1,FGSM,0.3,22.595588235294116,18.0,0,67
sciences,HTC,FGSM,0.1,FGSM,0.4,22.904411764705884,18.5,0,67
sciences,HTC,FGSM,0.1,FGSM,0.5,22.852941176470587,18.0,0,67
sciences,HTC,FGSM,0.1,FGSM,0.6,22.772058823529413,18.0,0,67
sciences,HTC,FGSM,0.1,FGSM,0.7,22.772058823529413,18.0,0,67
sciences,HTC,FGSM,0.1,FGSM,0.8,22.772058823529413,18.0,0,67
sciences,HTC,FGSM,0.1,FGSM,0.9,23.13235294117647,18.5,0,67
sciences,HTC,FGSM,0.1,FGSM,1.0,23.147058823529413,18.5,0,67
sciences,LG,FGSM,0.1,FGSM,0.1,20.816176470588236,17.0,0,66
sciences,LG,FGSM,0.1,FGSM,0.2,22.78676470588235,19.0,1,67
sciences,LG,FGSM,0.1,FGSM,0.3,22.595588235294116,19.0,1,67
sciences,LG,FGSM,0.1,FGSM,0.4,22.610294117647058,19.5,1,67
sciences,LG,FGSM,0.1,FGSM,0.5,22.49264705882353,19.5,1,67
sciences,LG,FGSM,0.1,FGSM,0.6,22.977941176470587,20.5,1,67
sciences,LG,FGSM,0.1,FGSM,0.7,23.147058823529413,20.5,1,67
sciences,LG,FGSM,0.1,FGSM,0.8,23.198529411764707,20.5,1,67
sciences,LG,FGSM,0.1,FGSM,0.9,23.176470588235293,20.5,0,67
sciences,LG,FGSM,0.1,FGSM,1.0,23.176470588235293,20.5,0,67
sciences,MOTO,FGSM,0.1,FGSM,0.1,22.926470588235293,18.0,1,66
sciences,MOTO,FGSM,0.1,FGSM,0.2,25.272058823529413,22.0,1,66
sciences,MOTO,FGSM,0.1,FGSM,0.3,25.433823529411764,22.0,1,66
sciences,MOTO,FGSM,0.1,FGSM,0.4,25.441176470588236,22.0,1,66
sciences,MOTO,FGSM,0.1,FGSM,0.5,24.875,21.5,1,66
sciences,MOTO,FGSM,0.1,FGSM,0.6,24.823529411764707,21.0,1,66
sciences,MOTO,FGSM,0.1,FGSM,0.7,24.74264705882353,21.0,1,66
sciences,MOTO,FGSM,0.1,FGSM,0.8,24.948529411764707,21.0,1,66
sciences,MOTO,FGSM,0.1,FGSM,0.9,25.110294117647058,21.0,1,66
sciences,MOTO,FGSM,0.1,FGSM,1.0,25.24264705882353,21.0,1,66
sciences,OP3,FGSM,0.1,FGSM,0.1,16.522058823529413,13.0,0,63
sciences,OP3,FGSM,0.1,FGSM,0.2,18.029411764705884,14.0,0,66
sciences,OP3,FGSM,0.1,FGSM,0.3,18.676470588235293,15.0,0,66
sciences,OP3,FGSM,0.1,FGSM,0.4,19.38235294117647,16.0,0,66
sciences,OP3,FGSM,0.1,FGSM,0.5,19.5,16.5,0,66
sciences,OP3,FGSM,0.1,FGSM,0.6,19.323529411764707,16.5,0,66
sciences,OP3,FGSM,0.1,FGSM,0.7,19.36764705882353,17.0,0,66
sciences,OP3,FGSM,0.1,FGSM,0.8,19.49264705882353,17.0,0,66
sciences,OP3,FGSM,0.1,FGSM,0.9,19.625,17.0,0,66
sciences,OP3,FGSM,0.1,FGSM,1.0,19.801470588235293,17.0,0,66
sciences,S7,FGSM,0.1,FGSM,0.1,21.5,17.0,0,62
sciences,S7,FGSM,0.1,FGSM,0.2,22.970588235294116,19.5,0,65
sciences,S7,FGSM,0.1,FGSM,0.3,23.860294117647058,20.0,0,65
sciences,S7,FGSM,0.1,FGSM,0.4,24.044117647058822,20.0,1,65
sciences,S7,FGSM,0.1,FGSM,0.5,24.00735294117647,20.0,1,65
sciences,S7,FGSM,0.1,FGSM,0.6,23.86764705882353,20.0,1,65
sciences,S7,FGSM,0.1,FGSM,0.7,23.772058823529413,20.0,1,65
sciences,S7,FGSM,0.1,FGSM,0.8,24.058823529411764,20.5,1,65
sciences,S7,FGSM,0.1,FGSM,0.9,23.955882352941178,20.5,1,65
sciences,S7,FGSM,0.1,FGSM,1.0,24.0,20.5,1,65
sciences,BLU,FGSM,0.2,FGSM,0.1,19.794117647058822,12.5,0,64
sciences,BLU,FGSM,0.2,FGSM,0.2,22.00735294117647,15.5,0,64
sciences,BLU,FGSM,0.2,FGSM,0.3,22.75735294117647,17.0,0,64
sciences,BLU,FGSM,0.2,FGSM,0.4,23.235294117647058,17.5,0,64
sciences,BLU,FGSM,0.2,FGSM,0.5,23.735294117647058,18.0,0,64
sciences,BLU,FGSM,0.2,FGSM,0.6,23.919117647058822,18.0,0,64
sciences,BLU,FGSM,0.2,FGSM,0.7,23.852941176470587,18.0,0,64
sciences,BLU,FGSM,0.2,FGSM,0.8,23.926470588235293,18.0,0,64
sciences,BLU,FGSM,0.2,FGSM,0.9,24.352941176470587,18.5,0,64
sciences,BLU,FGSM,0.2,FGSM,1.0,24.86764705882353,19.5,0,64
sciences,HTC,FGSM,0.2,FGSM,0.1,22.602941176470587,17.0,0,66
sciences,HTC,FGSM,0.2,FGSM,0.2,23.419117647058822,19.5,0,66
sciences,HTC,FGSM,0.2,FGSM,0.3,24.426470588235293,21.5,0,66
sciences,HTC,FGSM,0.2,FGSM,0.4,24.683823529411764,22.0,0,66
sciences,HTC,FGSM,0.2,FGSM,0.5,25.330882352941178,23.0,0,66
sciences,HTC,FGSM,0.2,FGSM,0.6,25.330882352941178,23.0,0,66
sciences,HTC,FGSM,0.2,FGSM,0.7,24.977941176470587,22.5,0,66
sciences,HTC,FGSM,0.2,FGSM,0.8,25.183823529411764,23.0,0,66
sciences,HTC,FGSM,0.2,FGSM,0.9,25.352941176470587,23.0,0,66
sciences,HTC,FGSM,0.2,FGSM,1.0,25.63235294117647,23.5,0,66
sciences,LG,FGSM,0.2,FGSM,0.1,19.74264705882353,15.0,0,67
sciences,LG,FGSM,0.2,FGSM,0.2,21.5,17.0,0,67
sciences,LG,FGSM,0.2,FGSM,0.3,21.816176470588236,17.5,0,67
sciences,LG,FGSM,0.2,FGSM,0.4,22.544117647058822,19.5,0,67
sciences,LG,FGSM,0.2,FGSM,0.5,22.61764705882353,20.0,0,67
sciences,LG,FGSM,0.2,FGSM,0.6,22.735294117647058,20.0,0,66
sciences,LG,FGSM,0.2,FGSM,0.7,22.602941176470587,20.0,0,66
sciences,LG,FGSM,0.2,FGSM,0.8,22.720588235294116,20.0,0,66
sciences,LG,FGSM,0.2,FGSM,0.9,22.772058823529413,20.0,0,66
sciences,LG,FGSM,0.2,FGSM,1.0,22.889705882352942,20.0,0,66
sciences,MOTO,FGSM,0.2,FGSM,0.1,17.830882352941178,12.0,0,65
sciences,MOTO,FGSM,0.2,FGSM,0.2,20.28676470588235,15.5,0,65
sciences,MOTO,FGSM,0.2,FGSM,0.3,21.014705882352942,16.0,0,65
sciences,MOTO,FGSM,0.2,FGSM,0.4,21.573529411764707,16.0,0,65
sciences,MOTO,FGSM,0.2,FGSM,0.5,21.470588235294116,17.0,0,65
sciences,MOTO,FGSM,0.2,FGSM,0.6,21.352941176470587,17.0,0,65
sciences,MOTO,FGSM,0.2,FGSM,0.7,21.595588235294116,18.0,0,65
sciences,MOTO,FGSM,0.2,FGSM,0.8,22.125,19.0,0,65
sciences,MOTO,FGSM,0.2,FGSM,0.9,22.301470588235293,19.0,0,65
sciences,MOTO,FGSM,0.2,FGSM,1.0,22.330882352941178,19.0,0,65
sciences,OP3,FGSM,0.2,FGSM,0.1,20.691176470588236,15.0,0,67
sciences,OP3,FGSM,0.2,FGSM,0.2,21.419117647058822,16.0,0,67
sciences,OP3,FGSM,0.2,FGSM,0.3,22.235294117647058,17.0,1,67
sciences,OP3,FGSM,0.2,FGSM,0.4,23.294117647058822,18.0,1,67
sciences,OP3,FGSM,0.2,FGSM,0.5,23.595588235294116,18.0,1,67
sciences,OP3,FGSM,0.2,FGSM,0.6,23.470588235294116,18.0,1,67
sciences,OP3,FGSM,0.2,FGSM,0.7,23.441176470588236,18.0,1,67
sciences,OP3,FGSM,0.2,FGSM,0.8,23.41176470588235,18.0,1,67
sciences,OP3,FGSM,0.2,FGSM,0.9,23.41176470588235,18.0,1,67
sciences,OP3,FGSM,0.2,FGSM,1.0,23.455882352941178,18.0,1,67
sciences,S7,FGSM,0.2,FGSM,0.1,19.691176470588236,15.0,0,64
sciences,S7,FGSM,0.2,FGSM,0.2,22.654411764705884,18.0,0,64
sciences,S7,FGSM,0.2,FGSM,0.3,23.683823529411764,19.0,0,64
sciences,S7,FGSM,0.2,FGSM,0.4,24.63235294117647,20.0,0,64
sciences,S7,FGSM,0.2,FGSM,0.5,24.88235294117647,20.0,0,64
sciences,S7,FGSM,0.2,FGSM,0.6,24.860294117647058,20.0,0,64
sciences,S7,FGSM,0.2,FGSM,0.7,24.970588235294116,20.0,0,64
sciences,S7,FGSM,0.2,FGSM,0.8,24.970588235294116,20.0,0,64
sciences,S7,FGSM,0.2,FGSM,0.9,24.96323529411765,20.0,0,64
sciences,S7,FGSM,0.2,FGSM,1.0,25.014705882352942,20.0,0,64
sciences,BLU,FGSM,0.3,FGSM,0.1,17.852941176470587,15.0,0,67
sciences,BLU,FGSM,0.3,FGSM,0.2,18.74264705882353,17.0,0,67
sciences,BLU,FGSM,0.3,FGSM,0.3,19.727941176470587,18.0,0,67
sciences,BLU,FGSM,0.3,FGSM,0.4,19.529411764705884,18.0,0,67
sciences,BLU,FGSM,0.3,FGSM,0.5,19.794117647058822,18.0,0,67
sciences,BLU,FGSM,0.3,FGSM,0.6,20.110294117647058,18.0,0,67
sciences,BLU,FGSM,0.3,FGSM,0.7,20.147058823529413,18.0,0,67
sciences,BLU,FGSM,0.3,FGSM,0.8,20.139705882352942,18.0,0,67
sciences,BLU,FGSM,0.3,FGSM,0.9,20.029411764705884,18.0,0,67
sciences,BLU,FGSM,0.3,FGSM,1.0,19.926470588235293,18.0,0,67
sciences,HTC,FGSM,0.3,FGSM,0.1,16.889705882352942,11.0,1,65
sciences,HTC,FGSM,0.3,FGSM,0.2,20.24264705882353,14.0,1,65
sciences,HTC,FGSM,0.3,FGSM,0.3,20.110294117647058,14.0,1,65
sciences,HTC,FGSM,0.3,FGSM,0.4,19.904411764705884,14.0,1,65
sciences,HTC,FGSM,0.3,FGSM,0.5,19.823529411764707,14.0,1,65
sciences,HTC,FGSM,0.3,FGSM,0.6,19.78676470588235,14.0,1,65
sciences,HTC,FGSM,0.3,FGSM,0.7,20.095588235294116,14.0,1,65
sciences,HTC,FGSM,0.3,FGSM,0.8,20.125,14.0,1,65
sciences,HTC,FGSM,0.3,FGSM,0.9,20.16176470588235,14.5,1,65
sciences,HTC,FGSM,0.3,FGSM,1.0,20.125,14.5,1,65
sciences,LG,FGSM,0.3,FGSM,0.1,16.272058823529413,11.0,0,62
sciences,LG,FGSM,0.3,FGSM,0.2,18.698529411764707,14.5,0,62
sciences,LG,FGSM,0.3,FGSM,0.3,18.985294117647058,16.5,1,62
sciences,LG,FGSM,0.3,FGSM,0.4,19.404411764705884,17.0,1,62
sciences,LG,FGSM,0.3,FGSM,0.5,19.933823529411764,17.0,1,62
sciences,LG,FGSM,0.3,FGSM,0.6,20.580882352941178,17.5,1,62
sciences,LG,FGSM,0.3,FGSM,0.7,20.735294117647058,18.5,1,62
sciences,LG,FGSM,0.3,FGSM,0.8,20.794117647058822,19.5,1,62
sciences,LG,FGSM,0.3,FGSM,0.9,21.0,20.5,1,62
sciences,LG,FGSM,0.3,FGSM,1.0,20.904411764705884,19.5,1,62
sciences,MOTO,FGSM,0.3,FGSM,0.1,16.389705882352942,13.0,0,67
sciences,MOTO,FGSM,0.3,FGSM,0.2,18.522058823529413,14.5,0,67
sciences,MOTO,FGSM,0.3,FGSM,0.3,18.897058823529413,15.0,0,67
sciences,MOTO,FGSM,0.3,FGSM,0.4,19.647058823529413,15.5,0,67
sciences,MOTO,FGSM,0.3,FGSM,0.5,19.580882352941178,15.0,0,67
sciences,MOTO,FGSM,0.3,FGSM,0.6,19.654411764705884,15.0,0,67
sciences,MOTO,FGSM,0.3,FGSM,0.7,19.71323529411765,15.0,0,67
sciences,MOTO,FGSM,0.3,FGSM,0.8,20.058823529411764,15.0,0,67
sciences,MOTO,FGSM,0.3,FGSM,0.9,20.073529411764707,15.0,0,67
sciences,MOTO,FGSM,0.3,FGSM,1.0,20.345588235294116,15.5,0,67
sciences,OP3,FGSM,0.3,FGSM,0.1,20.49264705882353,15.0,1,66
sciences,OP3,FGSM,0.3,FGSM,0.2,21.360294117647058,17.0,0,66
sciences,OP3,FGSM,0.3,FGSM,0.3,21.345588235294116,17.0,1,66
sciences,OP3,FGSM,0.3,FGSM,0.4,21.514705882352942,17.0,0,66
sciences,OP3,FGSM,0.3,FGSM,0.5,21.441176470588236,17.0,0,66
sciences,OP3,FGSM,0.3,FGSM,0.6,21.595588235294116,17.0,0,66
sciences,OP3,FGSM,0.3,FGSM,0.7,21.816176470588236,17.5,2,66
sciences,OP3,FGSM,0.3,FGSM,0.8,21.948529411764707,18.0,2,66
sciences,OP3,FGSM,0.3,FGSM,0.9,21.926470588235293,18.0,2,66
sciences,OP3,FGSM,0.3,FGSM,1.0,22.022058823529413,18.0,2,66
sciences,S7,FGSM,0.3,FGSM,0.1,18.13235294117647,14.5,0,67
sciences,S7,FGSM,0.3,FGSM,0.2,21.816176470588236,20.0,0,67
sciences,S7,FGSM,0.3,FGSM,0.3,21.852941176470587,20.0,0,67
sciences,S7,FGSM,0.3,FGSM,0.4,22.308823529411764,20.0,0,67
sciences,S7,FGSM,0.3,FGSM,0.5,22.647058823529413,20.0,0,67
sciences,S7,FGSM,0.3,FGSM,0.6,22.75735294117647,20.5,0,67
sciences,S7,FGSM,0.3,FGSM,0.7,22.985294117647058,20.5,0,67
sciences,S7,FGSM,0.3,FGSM,0.8,23.698529411764707,21.0,1,67
sciences,S7,FGSM,0.3,FGSM,0.9,23.889705882352942,22.0,1,67
sciences,S7,FGSM,0.3,FGSM,1.0,23.83823529411765,22.0,1,67
sciences,BLU,FGSM,0.4,FGSM,0.1,19.46323529411765,15.0,0,67
sciences,BLU,FGSM,0.4,FGSM,0.2,21.375,18.0,1,67
sciences,BLU,FGSM,0.4,FGSM,0.3,21.941176470588236,18.0,1,67
sciences,BLU,FGSM,0.4,FGSM,0.4,22.86764705882353,19.0,1,67
sciences,BLU,FGSM,0.4,FGSM,0.5,23.441176470588236,20.0,1,67
sciences,BLU,FGSM,0.4,FGSM,0.6,23.595588235294116,20.5,1,67
sciences,BLU,FGSM,0.4,FGSM,0.7,23.58823529411765,21.0,1,67
sciences,BLU,FGSM,0.4,FGSM,0.8,23.63235294117647,21.0,1,67
sciences,BLU,FGSM,0.4,FGSM,0.9,23.647058823529413,21.0,1,67
sciences,BLU,FGSM,0.4,FGSM,1.0,23.683823529411764,21.0,1,67
sciences,HTC,FGSM,0.4,FGSM,0.1,17.441176470588236,12.0,0,66
sciences,HTC,FGSM,0.4,FGSM,0.2,21.205882352941178,16.5,0,66
sciences,HTC,FGSM,0.4,FGSM,0.3,21.602941176470587,16.0,0,66
sciences,HTC,FGSM,0.4,FGSM,0.4,21.970588235294116,16.5,0,66
sciences,HTC,FGSM,0.4,FGSM,0.5,22.38235294117647,17.0,0,66
sciences,HTC,FGSM,0.4,FGSM,0.6,22.676470588235293,17.5,0,66
sciences,HTC,FGSM,0.4,FGSM,0.7,22.735294117647058,17.5,0,66
sciences,HTC,FGSM,0.4,FGSM,0.8,22.720588235294116,17.5,0,66
sciences,HTC,FGSM,0.4,FGSM,0.9,23.110294117647058,18.0,0,66
sciences,HTC,FGSM,0.4,FGSM,1.0,23.183823529411764,18.0,0,66
sciences,LG,FGSM,0.4,FGSM,0.1,17.794117647058822,12.0,1,65
sciences,LG,FGSM,0.4,FGSM,0.2,22.683823529411764,15.0,0,66
sciences,LG,FGSM,0.4,FGSM,0.3,23.544117647058822,17.0,0,66
sciences,LG,FGSM,0.4,FGSM,0.4,24.698529411764707,21.0,0,66
sciences,LG,FGSM,0.4,FGSM,0.5,25.044117647058822,21.0,0,66
sciences,LG,FGSM,0.4,FGSM,0.6,25.022058823529413,21.0,0,66
sciences,LG,FGSM,0.4,FGSM,0.7,25.24264705882353,22.0,0,66
sciences,LG,FGSM,0.4,FGSM,0.8,25.36764705882353,22.5,0,66
sciences,LG,FGSM,0.4,FGSM,0.9,25.573529411764707,22.5,0,66
sciences,LG,FGSM,0.4,FGSM,1.0,25.558823529411764,23.0,0,66
sciences,MOTO,FGSM,0.4,FGSM,0.1,19.110294117647058,14.0,0,64
sciences,MOTO,FGSM,0.4,FGSM,0.2,22.772058823529413,19.0,1,61
sciences,MOTO,FGSM,0.4,FGSM,0.3,23.514705882352942,20.0,1,61
sciences,MOTO,FGSM,0.4,FGSM,0.4,24.330882352941178,20.0,1,62
sciences,MOTO,FGSM,0.4,FGSM,0.5,24.669117647058822,21.0,1,62
sciences,MOTO,FGSM,0.4,FGSM,0.6,24.801470588235293,21.0,1,62
sciences,MOTO,FGSM,0.4,FGSM,0.7,24.779411764705884,21.0,1,63
sciences,MOTO,FGSM,0.4,FGSM,0.8,24.904411764705884,21.5,1,63
sciences,MOTO,FGSM,0.4,FGSM,0.9,24.977941176470587,21.5,1,63
sciences,MOTO,FGSM,0.4,FGSM,1.0,25.602941176470587,22.0,1,63
sciences,OP3,FGSM,0.4,FGSM,0.1,18.477941176470587,13.0,0,66
sciences,OP3,FGSM,0.4,FGSM,0.2,22.125,18.5,1,66
sciences,OP3,FGSM,0.4,FGSM,0.3,23.625,20.0,1,66
sciences,OP3,FGSM,0.4,FGSM,0.4,24.00735294117647,20.5,1,66
sciences,OP3,FGSM,0.4,FGSM,0.5,24.051470588235293,20.5,1,66
sciences,OP3,FGSM,0.4,FGSM,0.6,24.485294117647058,21.0,1,66
sciences,OP3,FGSM,0.4,FGSM,0.7,24.977941176470587,21.5,1,66
sciences,OP3,FGSM,0.4,FGSM,0.8,25.029411764705884,21.5,1,66
sciences,OP3,FGSM,0.4,FGSM,0.9,25.272058823529413,22.0,1,66
sciences,OP3,FGSM,0.4,FGSM,1.0,25.301470588235293,22.0,1,66
sciences,S7,FGSM,0.4,FGSM,0.1,16.96323529411765,12.0,0,65
sciences,S7,FGSM,0.4,FGSM,0.2,22.301470588235293,17.0,0,65
sciences,S7,FGSM,0.4,FGSM,0.3,23.99264705882353,19.0,0,65
sciences,S7,FGSM,0.4,FGSM,0.4,24.514705882352942,20.0,0,65
sciences,S7,FGSM,0.4,FGSM,0.5,24.705882352941178,20.0,0,65
sciences,S7,FGSM,0.4,FGSM,0.6,24.948529411764707,20.5,0,65
sciences,S7,FGSM,0.4,FGSM,0.7,25.669117647058822,22.0,0,65
sciences,S7,FGSM,0.4,FGSM,0.8,25.566176470588236,22.0,0,65
sciences,S7,FGSM,0.4,FGSM,0.9,25.53676470588235,22.0,0,65
sciences,S7,FGSM,0.4,FGSM,1.0,25.78676470588235,22.0,0,65
sciences,BLU,FGSM,0.5,FGSM,0.1,19.720588235294116,15.0,0,66
sciences,BLU,FGSM,0.5,FGSM,0.2,23.220588235294116,18.0,0,66
sciences,BLU,FGSM,0.5,FGSM,0.3,24.183823529411764,20.0,0,66
sciences,BLU,FGSM,0.5,FGSM,0.4,23.941176470588236,20.0,0,66
sciences,BLU,FGSM,0.5,FGSM,0.5,23.91176470588235,20.0,0,66
sciences,BLU,FGSM,0.5,FGSM,0.6,24.154411764705884,20.5,0,66
sciences,BLU,FGSM,0.5,FGSM,0.7,24.03676470588235,20.0,0,66
sciences,BLU,FGSM,0.5,FGSM,0.8,24.220588235294116,20.0,0,66
sciences,BLU,FGSM,0.5,FGSM,0.9,24.544117647058822,20.0,0,66
sciences,BLU,FGSM,0.5,FGSM,1.0,24.91176470588235,20.0,0,66
sciences,HTC,FGSM,0.5,FGSM,0.1,17.705882352941178,11.0,1,66
sciences,HTC,FGSM,0.5,FGSM,0.2,21.08823529411765,16.5,1,66
sciences,HTC,FGSM,0.5,FGSM,0.3,22.03676470588235,18.0,1,65
sciences,HTC,FGSM,0.5,FGSM,0.4,22.926470588235293,18.0,1,65
sciences,HTC,FGSM,0.5,FGSM,0.5,23.014705882352942,18.5,1,65
sciences,HTC,FGSM,0.5,FGSM,0.6,23.198529411764707,18.5,1,65
sciences,HTC,FGSM,0.5,FGSM,0.7,23.110294117647058,18.5,1,65
sciences,HTC,FGSM,0.5,FGSM,0.8,23.676470588235293,19.0,1,65
sciences,HTC,FGSM,0.5,FGSM,0.9,23.78676470588235,19.0,1,65
sciences,HTC,FGSM,0.5,FGSM,1.0,23.816176470588236,19.0,1,65
sciences,LG,FGSM,0.5,FGSM,0.1,17.176470588235293,12.5,0,67
sciences,LG,FGSM,0.5,FGSM,0.2,20.191176470588236,17.0,1,67
sciences,LG,FGSM,0.5,FGSM,0.3,21.08823529411765,18.0,1,67
sciences,LG,FGSM,0.5,FGSM,0.4,21.580882352941178,18.0,1,67
sciences,LG,FGSM,0.5,FGSM,0.5,21.941176470588236,18.0,1,67
sciences,LG,FGSM,0.5,FGSM,0.6,22.448529411764707,19.0,1,65
sciences,LG,FGSM,0.5,FGSM,0.7,22.375,19.0,1,65
sciences,LG,FGSM,0.5,FGSM,0.8,22.764705882352942,19.0,1,65
sciences,LG,FGSM,0.5,FGSM,0.9,22.875,19.0,1,65
sciences,LG,FGSM,0.5,FGSM,1.0,22.86764705882353,19.0,1,65
sciences,MOTO,FGSM,0.5,FGSM,0.1,17.294117647058822,13.0,1,67
sciences,MOTO,FGSM,0.5,FGSM,0.2,20.669117647058822,17.5,1,67
sciences,MOTO,FGSM,0.5,FGSM,0.3,21.88235294117647,18.5,1,67
sciences,MOTO,FGSM,0.5,FGSM,0.4,23.014705882352942,20.0,1,67
sciences,MOTO,FGSM,0.5,FGSM,0.5,23.220588235294116,20.0,1,67
sciences,MOTO,FGSM,0.5,FGSM,0.6,23.647058823529413,20.5,1,67
sciences,MOTO,FGSM,0.5,FGSM,0.7,23.735294117647058,22.0,1,67
sciences,MOTO,FGSM,0.5,FGSM,0.8,24.022058823529413,22.0,1,67
sciences,MOTO,FGSM,0.5,FGSM,0.9,24.16176470588235,22.0,1,67
sciences,MOTO,FGSM,0.5,FGSM,1.0,24.154411764705884,22.0,1,67
sciences,OP3,FGSM,0.5,FGSM,0.1,17.573529411764707,12.5,0,66
sciences,OP3,FGSM,0.5,FGSM,0.2,20.50735294117647,16.0,0,66
sciences,OP3,FGSM,0.5,FGSM,0.3,20.941176470588236,16.5,0,66
sciences,OP3,FGSM,0.5,FGSM,0.4,21.691176470588236,18.0,0,66
sciences,OP3,FGSM,0.5,FGSM,0.5,21.801470588235293,18.0,0,66
sciences,OP3,FGSM,0.5,FGSM,0.6,21.823529411764707,18.0,0,66
sciences,OP3,FGSM,0.5,FGSM,0.7,21.897058823529413,18.0,0,66
sciences,OP3,FGSM,0.5,FGSM,0.8,21.889705882352942,18.0,0,66
sciences,OP3,FGSM,0.5,FGSM,0.9,22.0,18.0,0,66
sciences,OP3,FGSM,0.5,FGSM,1.0,21.977941176470587,18.0,0,66
sciences,S7,FGSM,0.5,FGSM,0.1,17.397058823529413,13.0,0,67
sciences,S7,FGSM,0.5,FGSM,0.2,19.970588235294116,16.0,0,67
sciences,S7,FGSM,0.5,FGSM,0.3,20.389705882352942,16.5,0,67
sciences,S7,FGSM,0.5,FGSM,0.4,20.683823529411764,17.0,0,67
sciences,S7,FGSM,0.5,FGSM,0.5,21.470588235294116,19.0,0,67
sciences,S7,FGSM,0.5,FGSM,0.6,21.50735294117647,19.0,0,67
sciences,S7,FGSM,0.5,FGSM,0.7,21.441176470588236,19.0,0,67
sciences,S7,FGSM,0.5,FGSM,0.8,21.573529411764707,19.0,0,67
sciences,S7,FGSM,0.5,FGSM,0.9,22.264705882352942,20.5,0,67
sciences,S7,FGSM,0.5,FGSM,1.0,22.264705882352942,20.5,0,67
sciences,BLU,FGSM,0.6,FGSM,0.1,18.845588235294116,13.0,0,67
sciences,BLU,FGSM,0.6,FGSM,0.2,19.654411764705884,14.0,0,62
sciences,BLU,FGSM,0.6,FGSM,0.3,19.705882352941178,14.0,0,62
sciences,BLU,FGSM,0.6,FGSM,0.4,19.470588235294116,14.0,0,62
sciences,BLU,FGSM,0.6,FGSM,0.5,19.448529411764707,14.5,0,62
sciences,BLU,FGSM,0.6,FGSM,0.6,19.397058823529413,15.0,0,62
sciences,BLU,FGSM,0.6,FGSM,0.7,19.41176470588235,15.0,0,62
sciences,BLU,FGSM,0.6,FGSM,0.8,19.375,15.0,0,62
sciences,BLU,FGSM,0.6,FGSM,0.9,19.375,15.0,0,62
sciences,BLU,FGSM,0.6,FGSM,1.0,19.25,15.0,0,59
sciences,HTC,FGSM,0.6,FGSM,0.1,18.419117647058822,14.0,0,51
sciences,HTC,FGSM,0.6,FGSM,0.2,20.75735294117647,17.0,0,57
sciences,HTC,FGSM,0.6,FGSM,0.3,20.441176470588236,18.5,0,58
sciences,HTC,FGSM,0.6,FGSM,0.4,20.294117647058822,17.5,0,58
sciences,HTC,FGSM,0.6,FGSM,0.5,19.96323529411765,18.0,0,47
sciences,HTC,FGSM,0.6,FGSM,0.6,20.448529411764707,19.0,0,47
sciences,HTC,FGSM,0.6,FGSM,0.7,20.419117647058822,19.0,0,47
sciences,HTC,FGSM,0.6,FGSM,0.8,20.441176470588236,19.0,0,47
sciences,HTC,FGSM,0.6,FGSM,0.9,20.529411764705884,19.0,0,47
sciences,HTC,FGSM,0.6,FGSM,1.0,20.529411764705884,19.0,0,47
sciences,LG,FGSM,0.6,FGSM,0.1,19.551470588235293,14.0,0,67
sciences,LG,FGSM,0.6,FGSM,0.2,20.33823529411765,15.0,0,62
sciences,LG,FGSM,0.6,FGSM,0.3,20.53676470588235,15.0,0,62
sciences,LG,FGSM,0.6,FGSM,0.4,21.073529411764707,16.0,0,62
sciences,LG,FGSM,0.6,FGSM,0.5,21.220588235294116,16.0,0,62
sciences,LG,FGSM,0.6,FGSM,0.6,20.801470588235293,16.0,0,62
sciences,LG,FGSM,0.6,FGSM,0.7,20.941176470588236,16.0,0,62
sciences,LG,FGSM,0.6,FGSM,0.8,21.044117647058822,16.5,0,62
sciences,LG,FGSM,0.6,FGSM,0.9,21.044117647058822,16.5,0,62
sciences,LG,FGSM,0.6,FGSM,1.0,20.941176470588236,16.5,0,62
sciences,MOTO,FGSM,0.6,FGSM,0.1,17.264705882352942,13.0,0,60
sciences,MOTO,FGSM,0.6,FGSM,0.2,19.933823529411764,16.0,0,61
sciences,MOTO,FGSM,0.6,FGSM,0.3,19.933823529411764,17.0,0,61
sciences,MOTO,FGSM,0.6,FGSM,0.4,20.426470588235293,17.0,0,61
sciences,MOTO,FGSM,0.6,FGSM,0.5,20.544117647058822,18.0,0,61
sciences,MOTO,FGSM,0.6,FGSM,0.6,20.676470588235293,18.0,0,61
sciences,MOTO,FGSM,0.6,FGSM,0.7,20.816176470588236,18.5,0,61
sciences,MOTO,FGSM,0.6,FGSM,0.8,20.772058823529413,18.5,0,61
sciences,MOTO,FGSM,0.6,FGSM,0.9,20.779411764705884,18.5,0,61
sciences,MOTO,FGSM,0.6,FGSM,1.0,20.779411764705884,18.5,0,61
sciences,OP3,FGSM,0.6,FGSM,0.1,19.58823529411765,12.5,0,66
sciences,OP3,FGSM,0.6,FGSM,0.2,21.53676470588235,15.0,0,66
sciences,OP3,FGSM,0.6,FGSM,0.3,20.845588235294116,15.0,0,66
sciences,OP3,FGSM,0.6,FGSM,0.4,20.96323529411765,15.5,0,66
sciences,OP3,FGSM,0.6,FGSM,0.5,21.03676470588235,16.0,0,66
sciences,OP3,FGSM,0.6,FGSM,0.6,21.154411764705884,16.0,0,66
sciences,OP3,FGSM,0.6,FGSM,0.7,21.080882352941178,16.0,0,66
sciences,OP3,FGSM,0.6,FGSM,0.8,21.029411764705884,16.0,0,66
sciences,OP3,FGSM,0.6,FGSM,0.9,21.029411764705884,16.0,0,66
sciences,OP3,FGSM,0.6,FGSM,1.0,21.308823529411764,16.0,0,66
sciences,S7,FGSM,0.6,FGSM,0.1,18.477941176470587,12.5,0,64
sciences,S7,FGSM,0.6,FGSM,0.2,21.301470588235293,17.0,0,64
sciences,S7,FGSM,0.6,FGSM,0.3,20.227941176470587,17.0,0,56
sciences,S7,FGSM,0.6,FGSM,0.4,19.91176470588235,17.0,0,56
sciences,S7,FGSM,0.6,FGSM,0.5,20.316176470588236,17.0,0,57
sciences,S7,FGSM,0.6,FGSM,0.6,20.110294117647058,17.0,0,57
sciences,S7,FGSM,0.6,FGSM,0.7,20.029411764705884,17.0,0,57
sciences,S7,FGSM,0.6,FGSM,0.8,20.044117647058822,17.0,0,57
sciences,S7,FGSM,0.6,FGSM,0.9,20.051470588235293,17.0,0,57
sciences,S7,FGSM,0.6,FGSM,1.0,20.154411764705884,17.0,0,57
sciences,BLU,FGSM,0.7,FGSM,0.1,18.71323529411765,13.0,0,65
sciences,BLU,FGSM,0.7,FGSM,0.2,20.933823529411764,17.5,0,65
sciences,BLU,FGSM,0.7,FGSM,0.3,21.558823529411764,18.0,0,65
sciences,BLU,FGSM,0.7,FGSM,0.4,21.654411764705884,18.0,0,65
sciences,BLU,FGSM,0.7,FGSM,0.5,22.308823529411764,19.0,0,63
sciences,BLU,FGSM,0.7,FGSM,0.6,22.46323529411765,19.0,0,63
sciences,BLU,FGSM,0.7,FGSM,0.7,22.683823529411764,20.5,0,63
sciences,BLU,FGSM,0.7,FGSM,0.8,22.683823529411764,20.5,0,63
sciences,BLU,FGSM,0.7,FGSM,0.9,22.735294117647058,20.5,0,63
sciences,BLU,FGSM,0.7,FGSM,1.0,22.735294117647058,20.5,0,63
sciences,HTC,FGSM,0.7,FGSM,0.1,14.676470588235293,9.5,0,63
sciences,HTC,FGSM,0.7,FGSM,0.2,16.419117647058822,10.0,0,63
sciences,HTC,FGSM,0.7,FGSM,0.3,17.397058823529413,13.0,0,63
sciences,HTC,FGSM,0.7,FGSM,0.4,17.91176470588235,14.0,0,62
sciences,HTC,FGSM,0.7,FGSM,0.5,17.330882352941178,14.0,0,62
sciences,HTC,FGSM,0.7,FGSM,0.6,17.272058823529413,14.0,0,62
sciences,HTC,FGSM,0.7,FGSM,0.7,17.36764705882353,14.0,0,62
sciences,HTC,FGSM,0.7,FGSM,0.8,18.308823529411764,14.5,0,67
sciences,HTC,FGSM,0.7,FGSM,0.9,19.13235294117647,15.0,0,67
sciences,HTC,FGSM,0.7,FGSM,1.0,19.625,15.5,0,67
sciences,LG,FGSM,0.7,FGSM,0.1,16.852941176470587,11.0,0,64
sciences,LG,FGSM,0.7,FGSM,0.2,19.11764705882353,14.0,1,62
sciences,LG,FGSM,0.7,FGSM,0.3,20.227941176470587,14.0,1,62
sciences,LG,FGSM,0.7,FGSM,0.4,20.198529411764707,14.5,0,62
sciences,LG,FGSM,0.7,FGSM,0.5,20.720588235294116,15.5,0,62
sciences,LG,FGSM,0.7,FGSM,0.6,20.845588235294116,15.0,0,62
sciences,LG,FGSM,0.7,FGSM,0.7,20.808823529411764,15.0,0,62
sciences,LG,FGSM,0.7,FGSM,0.8,20.823529411764707,15.5,0,62
sciences,LG,FGSM,0.7,FGSM,0.9,21.33823529411765,16.0,0,62
sciences,LG,FGSM,0.7,FGSM,1.0,21.808823529411764,17.0,0,62
sciences,MOTO,FGSM,0.7,FGSM,0.1,16.154411764705884,12.0,0,63
sciences,MOTO,FGSM,0.7,FGSM,0.2,17.58823529411765,14.0,0,62
sciences,MOTO,FGSM,0.7,FGSM,0.3,17.595588235294116,15.0,0,62
sciences,MOTO,FGSM,0.7,FGSM,0.4,18.308823529411764,16.0,0,64
sciences,MOTO,FGSM,0.7,FGSM,0.5,19.198529411764707,16.0,0,64
sciences,MOTO,FGSM,0.7,FGSM,0.6,19.316176470588236,16.0,0,64
sciences,MOTO,FGSM,0.7,FGSM,0.7,18.91176470588235,16.0,0,64
sciences,MOTO,FGSM,0.7,FGSM,0.8,18.625,15.5,0,64
sciences,MOTO,FGSM,0.7,FGSM,0.9,18.602941176470587,15.5,0,64
sciences,MOTO,FGSM,0.7,FGSM,1.0,18.58823529411765,15.5,0,64
sciences,OP3,FGSM,0.7,FGSM,0.1,15.772058823529411,12.0,1,66
sciences,OP3,FGSM,0.7,FGSM,0.2,17.698529411764707,14.0,1,64
sciences,OP3,FGSM,0.7,FGSM,0.3,18.779411764705884,15.0,0,64
sciences,OP3,FGSM,0.7,FGSM,0.4,19.169117647058822,15.5,0,64
sciences,OP3,FGSM,0.7,FGSM,0.5,20.16176470588235,16.5,0,64
sciences,OP3,FGSM,0.7,FGSM,0.6,20.404411764705884,17.0,0,64
sciences,OP3,FGSM,0.7,FGSM,0.7,20.419117647058822,17.0,0,64
sciences,OP3,FGSM,0.7,FGSM,0.8,20.470588235294116,17.0,0,64
sciences,OP3,FGSM,0.7,FGSM,0.9,20.477941176470587,17.0,0,64
sciences,OP3,FGSM,0.7,FGSM,1.0,20.61764705882353,17.0,0,64
sciences,S7,FGSM,0.7,FGSM,0.1,17.58823529411765,12.0,0,65
sciences,S7,FGSM,0.7,FGSM,0.2,20.029411764705884,17.0,0,63
sciences,S7,FGSM,0.7,FGSM,0.3,21.345588235294116,19.0,0,63
sciences,S7,FGSM,0.7,FGSM,0.4,21.74264705882353,19.0,0,63
sciences,S7,FGSM,0.7,FGSM,0.5,21.691176470588236,19.0,0,63
sciences,S7,FGSM,0.7,FGSM,0.6,21.764705882352942,19.0,0,63
sciences,S7,FGSM,0.7,FGSM,0.7,21.772058823529413,19.0,0,63
sciences,S7,FGSM,0.7,FGSM,0.8,21.897058823529413,19.0,0,63
sciences,S7,FGSM,0.7,FGSM,0.9,21.816176470588236,19.0,0,63
sciences,S7,FGSM,0.7,FGSM,1.0,21.860294117647058,20.0,0,63
sciences,BLU,FGSM,0.8,FGSM,0.1,18.74264705882353,14.0,0,64
sciences,BLU,FGSM,0.8,FGSM,0.2,21.183823529411764,17.0,0,64
sciences,BLU,FGSM,0.8,FGSM,0.3,22.852941176470587,18.0,0,64
sciences,BLU,FGSM,0.8,FGSM,0.4,22.948529411764707,18.0,0,63
sciences,BLU,FGSM,0.8,FGSM,0.5,22.99264705882353,18.5,0,63
sciences,BLU,FGSM,0.8,FGSM,0.6,23.110294117647058,18.5,0,63
sciences,BLU,FGSM,0.8,FGSM,0.7,23.25735294117647,18.5,0,63
sciences,BLU,FGSM,0.8,FGSM,0.8,23.330882352941178,18.5,0,63
sciences,BLU,FGSM,0.8,FGSM,0.9,23.36764705882353,18.5,0,63
sciences,BLU,FGSM,0.8,FGSM,1.0,23.433823529411764,18.5,0,63
sciences,HTC,FGSM,0.8,FGSM,0.1,19.669117647058822,16.0,0,67
sciences,HTC,FGSM,0.8,FGSM,0.2,21.389705882352942,17.0,0,67
sciences,HTC,FGSM,0.8,FGSM,0.3,22.294117647058822,18.0,0,66
sciences,HTC,FGSM,0.8,FGSM,0.4,23.470588235294116,19.0,0,66
sciences,HTC,FGSM,0.8,FGSM,0.5,23.433823529411764,20.5,0,66
sciences,HTC,FGSM,0.8,FGSM,0.6,24.029411764705884,21.0,0,66
sciences,HTC,FGSM,0.8,FGSM,0.7,24.169117647058822,21.0,0,66
sciences,HTC,FGSM,0.8,FGSM,0.8,24.03676470588235,21.0,0,66
sciences,HTC,FGSM,0.8,FGSM,0.9,24.147058823529413,21.0,0,66
sciences,HTC,FGSM,0.8,FGSM,1.0,24.154411764705884,21.0,0,66
sciences,LG,FGSM,0.8,FGSM,0.1,18.897058823529413,15.0,0,62
sciences,LG,FGSM,0.8,FGSM,0.2,21.977941176470587,18.0,0,66
sciences,LG,FGSM,0.8,FGSM,0.3,23.154411764705884,19.0,0,62
sciences,LG,FGSM,0.8,FGSM,0.4,23.764705882352942,19.5,0,62
sciences,LG,FGSM,0.8,FGSM,0.5,24.13235294117647,20.5,0,62
sciences,LG,FGSM,0.8,FGSM,0.6,24.426470588235293,21.0,0,61
sciences,LG,FGSM,0.8,FGSM,0.7,24.448529411764707,21.0,0,61
sciences,LG,FGSM,0.8,FGSM,0.8,24.477941176470587,21.5,0,61
sciences,LG,FGSM,0.8,FGSM,0.9,24.639705882352942,22.0,0,61
sciences,LG,FGSM,0.8,FGSM,1.0,24.610294117647058,21.5,0,61
sciences,MOTO,FGSM,0.8,FGSM,0.1,18.830882352941178,15.0,0,64
sciences,MOTO,FGSM,0.8,FGSM,0.2,22.205882352941178,19.0,0,65
sciences,MOTO,FGSM,0.8,FGSM,0.3,22.794117647058822,19.0,0,65
sciences,MOTO,FGSM,0.8,FGSM,0.4,23.852941176470587,20.5,0,65
sciences,MOTO,FGSM,0.8,FGSM,0.5,23.926470588235293,20.5,0,65
sciences,MOTO,FGSM,0.8,FGSM,0.6,23.86764705882353,20.5,0,65
sciences,MOTO,FGSM,0.8,FGSM,0.7,23.691176470588236,20.5,0,65
sciences,MOTO,FGSM,0.8,FGSM,0.8,23.676470588235293,20.5,0,65
sciences,MOTO,FGSM,0.8,FGSM,0.9,23.794117647058822,20.5,0,65
sciences,MOTO,FGSM,0.8,FGSM,1.0,23.794117647058822,20.5,0,65
sciences,OP3,FGSM,0.8,FGSM,0.1,19.426470588235293,16.0,0,64
sciences,OP3,FGSM,0.8,FGSM,0.2,21.50735294117647,17.0,0,64
sciences,OP3,FGSM,0.8,FGSM,0.3,21.75735294117647,17.0,0,64
sciences,OP3,FGSM,0.8,FGSM,0.4,21.654411764705884,17.0,0,64
sciences,OP3,FGSM,0.8,FGSM,0.5,21.926470588235293,17.0,0,64
sciences,OP3,FGSM,0.8,FGSM,0.6,23.0,19.0,0,64
sciences,OP3,FGSM,0.8,FGSM,0.7,23.308823529411764,20.0,0,64
sciences,OP3,FGSM,0.8,FGSM,0.8,23.375,20.0,0,64
sciences,OP3,FGSM,0.8,FGSM,0.9,23.375,20.0,0,64
sciences,OP3,FGSM,0.8,FGSM,1.0,23.397058823529413,20.0,0,64
sciences,S7,FGSM,0.8,FGSM,0.1,17.558823529411764,14.0,0,63
sciences,S7,FGSM,0.8,FGSM,0.2,19.852941176470587,14.5,0,63
sciences,S7,FGSM,0.8,FGSM,0.3,20.602941176470587,17.0,0,63
sciences,S7,FGSM,0.8,FGSM,0.4,22.125,19.0,0,64
sciences,S7,FGSM,0.8,FGSM,0.5,23.21323529411765,19.5,0,65
sciences,S7,FGSM,0.8,FGSM,0.6,23.03676470588235,19.5,0,65
sciences,S7,FGSM,0.8,FGSM,0.7,23.485294117647058,20.0,0,65
sciences,S7,FGSM,0.8,FGSM,0.8,23.610294117647058,20.0,0,65
sciences,S7,FGSM,0.8,FGSM,0.9,23.875,20.0,0,65
sciences,S7,FGSM,0.8,FGSM,1.0,24.16176470588235,20.5,0,65
sciences,BLU,FGSM,0.9,FGSM,0.1,18.735294117647058,11.0,0,67
sciences,BLU,FGSM,0.9,FGSM,0.2,21.816176470588236,16.0,0,67
sciences,BLU,FGSM,0.9,FGSM,0.3,23.477941176470587,17.5,0,64
sciences,BLU,FGSM,0.9,FGSM,0.4,24.235294117647058,18.0,0,64
sciences,BLU,FGSM,0.9,FGSM,0.5,24.095588235294116,18.0,0,64
sciences,BLU,FGSM,0.9,FGSM,0.6,24.154411764705884,18.0,0,64
sciences,BLU,FGSM,0.9,FGSM,0.7,24.154411764705884,18.0,0,64
sciences,BLU,FGSM,0.9,FGSM,0.8,24.183823529411764,18.0,0,64
sciences,BLU,FGSM,0.9,FGSM,0.9,24.044117647058822,18.0,0,64
sciences,BLU,FGSM,0.9,FGSM,1.0,23.99264705882353,17.5,0,64
sciences,HTC,FGSM,0.9,FGSM,0.1,17.308823529411764,12.5,0,66
sciences,HTC,FGSM,0.9,FGSM,0.2,18.595588235294116,14.0,1,66
sciences,HTC,FGSM,0.9,FGSM,0.3,19.470588235294116,17.0,1,64
sciences,HTC,FGSM,0.9,FGSM,0.4,21.279411764705884,19.0,1,66
sciences,HTC,FGSM,0.9,FGSM,0.5,23.41176470588235,21.0,1,67
sciences,HTC,FGSM,0.9,FGSM,0.6,23.580882352941178,21.0,1,67
sciences,HTC,FGSM,0.9,FGSM,0.7,24.00735294117647,21.0,1,67
sciences,HTC,FGSM,0.9,FGSM,0.8,24.16176470588235,21.0,1,67
sciences,HTC,FGSM,0.9,FGSM,0.9,24.176470588235293,21.0,1,67
sciences,HTC,FGSM,0.9,FGSM,1.0,24.63235294117647,21.5,1,67
sciences,LG,FGSM,0.9,FGSM,0.1,14.610294117647058,10.0,0,66
sciences,LG,FGSM,0.9,FGSM,0.2,17.654411764705884,13.0,0,66
sciences,LG,FGSM,0.9,FGSM,0.3,20.073529411764707,16.0,0,66
sciences,LG,FGSM,0.9,FGSM,0.4,20.727941176470587,17.0,0,66
sciences,LG,FGSM,0.9,FGSM,0.5,20.801470588235293,17.0,0,66
sciences,LG,FGSM,0.9,FGSM,0.6,21.779411764705884,17.0,0,66
sciences,LG,FGSM,0.9,FGSM,0.7,22.022058823529413,17.0,0,66
sciences,LG,FGSM,0.9,FGSM,0.8,22.485294117647058,17.5,0,66
sciences,LG,FGSM,0.9,FGSM,0.9,22.985294117647058,18.0,0,66
sciences,LG,FGSM,0.9,FGSM,1.0,22.889705882352942,18.0,0,66
sciences,MOTO,FGSM,0.9,FGSM,0.1,13.602941176470589,9.5,0,64
sciences,MOTO,FGSM,0.9,FGSM,0.2,18.514705882352942,13.5,1,64
sciences,MOTO,FGSM,0.9,FGSM,0.3,19.58823529411765,15.0,1,65
sciences,MOTO,FGSM,0.9,FGSM,0.4,19.823529411764707,15.0,0,65
sciences,MOTO,FGSM,0.9,FGSM,0.5,20.022058823529413,15.0,0,65
sciences,MOTO,FGSM,0.9,FGSM,0.6,20.13235294117647,16.0,0,65
sciences,MOTO,FGSM,0.9,FGSM,0.7,20.58823529411765,17.0,0,65
sciences,MOTO,FGSM,0.9,FGSM,0.8,20.74264705882353,17.0,0,65
sciences,MOTO,FGSM,0.9,FGSM,0.9,20.691176470588236,17.0,0,65
sciences,MOTO,FGSM,0.9,FGSM,1.0,20.764705882352942,17.0,0,65
sciences,OP3,FGSM,0.9,FGSM,0.1,16.933823529411764,12.0,0,67
sciences,OP3,FGSM,0.9,FGSM,0.2,19.78676470588235,15.0,0,67
sciences,OP3,FGSM,0.9,FGSM,0.3,20.801470588235293,16.0,0,67
sciences,OP3,FGSM,0.9,FGSM,0.4,22.095588235294116,17.0,0,67
sciences,OP3,FGSM,0.9,FGSM,0.5,21.889705882352942,16.5,0,67
sciences,OP3,FGSM,0.9,FGSM,0.6,22.33823529411765,17.0,0,67
sciences,OP3,FGSM,0.9,FGSM,0.7,22.66176470588235,18.0,0,67
sciences,OP3,FGSM,0.9,FGSM,0.8,22.669117647058822,18.0,0,67
sciences,OP3,FGSM,0.9,FGSM,0.9,22.375,17.5,0,67
sciences,OP3,FGSM,0.9,FGSM,1.0,22.580882352941178,18.0,0,67
sciences,S7,FGSM,0.9,FGSM,0.1,16.66176470588235,12.5,0,67
sciences,S7,FGSM,0.9,FGSM,0.2,20.71323529411765,17.0,1,67
sciences,S7,FGSM,0.9,FGSM,0.3,21.522058823529413,18.0,1,67
sciences,S7,FGSM,0.9,FGSM,0.4,22.110294117647058,18.0,1,67
sciences,S7,FGSM,0.9,FGSM,0.5,22.71323529411765,19.0,1,67
sciences,S7,FGSM,0.9,FGSM,0.6,23.16176470588235,19.0,1,67
sciences,S7,FGSM,0.9,FGSM,0.7,23.485294117647058,19.0,1,67
sciences,S7,FGSM,0.9,FGSM,0.8,23.522058823529413,19.0,1,67
sciences,S7,FGSM,0.9,FGSM,0.9,24.0,19.5,1,67
sciences,S7,FGSM,0.9,FGSM,1.0,23.78676470588235,19.5,1,67
sciences,BLU,FGSM,1.0,FGSM,0.1,20.25,15.0,1,65
sciences,BLU,FGSM,1.0,FGSM,0.2,21.86764705882353,16.0,0,63
sciences,BLU,FGSM,1.0,FGSM,0.3,22.897058823529413,17.5,0,63
sciences,BLU,FGSM,1.0,FGSM,0.4,22.985294117647058,18.0,0,64
sciences,BLU,FGSM,1.0,FGSM,0.5,23.779411764705884,19.0,0,64
sciences,BLU,FGSM,1.0,FGSM,0.6,23.654411764705884,19.0,0,64
sciences,BLU,FGSM,1.0,FGSM,0.7,23.75,19.0,0,64
sciences,BLU,FGSM,1.0,FGSM,0.8,23.86764705882353,19.0,0,64
sciences,BLU,FGSM,1.0,FGSM,0.9,23.889705882352942,19.0,0,64
sciences,BLU,FGSM,1.0,FGSM,1.0,23.985294117647058,19.0,0,64
sciences,HTC,FGSM,1.0,FGSM,0.1,16.801470588235293,13.5,0,61
sciences,HTC,FGSM,1.0,FGSM,0.2,17.316176470588236,14.0,0,61
sciences,HTC,FGSM,1.0,FGSM,0.3,18.441176470588236,15.0,0,61
sciences,HTC,FGSM,1.0,FGSM,0.4,18.977941176470587,16.0,0,61
sciences,HTC,FGSM,1.0,FGSM,0.5,19.610294117647058,16.0,0,62
sciences,HTC,FGSM,1.0,FGSM,0.6,19.772058823529413,16.0,0,62
sciences,HTC,FGSM,1.0,FGSM,0.7,19.772058823529413,16.0,0,62
sciences,HTC,FGSM,1.0,FGSM,0.8,19.823529411764707,16.0,0,62
sciences,HTC,FGSM,1.0,FGSM,0.9,20.051470588235293,17.0,0,62
sciences,HTC,FGSM,1.0,FGSM,1.0,19.96323529411765,17.0,0,62
sciences,LG,FGSM,1.0,FGSM,0.1,18.99264705882353,13.0,0,64
sciences,LG,FGSM,1.0,FGSM,0.2,20.301470588235293,14.0,0,61
sciences,LG,FGSM,1.0,FGSM,0.3,21.330882352941178,15.5,0,65
sciences,LG,FGSM,1.0,FGSM,0.4,22.875,16.5,0,66
sciences,LG,FGSM,1.0,FGSM,0.5,22.889705882352942,16.5,0,66
sciences,LG,FGSM,1.0,FGSM,0.6,22.955882352941178,16.5,0,66
sciences,LG,FGSM,1.0,FGSM,0.7,23.426470588235293,17.5,0,66
sciences,LG,FGSM,1.0,FGSM,0.8,23.74264705882353,18.5,0,66
sciences,LG,FGSM,1.0,FGSM,0.9,23.74264705882353,18.5,0,66
sciences,LG,FGSM,1.0,FGSM,1.0,23.75735294117647,18.5,0,66
sciences,MOTO,FGSM,1.0,FGSM,0.1,18.095588235294116,13.0,0,65
sciences,MOTO,FGSM,1.0,FGSM,0.2,21.191176470588236,16.0,0,66
sciences,MOTO,FGSM,1.0,FGSM,0.3,21.727941176470587,18.5,0,66
sciences,MOTO,FGSM,1.0,FGSM,0.4,22.16176470588235,19.0,0,66
sciences,MOTO,FGSM,1.0,FGSM,0.5,22.102941176470587,19.0,0,66
sciences,MOTO,FGSM,1.0,FGSM,0.6,22.176470588235293,19.0,0,66
sciences,MOTO,FGSM,1.0,FGSM,0.7,22.198529411764707,19.0,0,66
sciences,MOTO,FGSM,1.0,FGSM,0.8,22.191176470588236,19.0,0,66
sciences,MOTO,FGSM,1.0,FGSM,0.9,22.25,19.0,0,66
sciences,MOTO,FGSM,1.0,FGSM,1.0,22.38235294117647,19.0,0,66
sciences,OP3,FGSM,1.0,FGSM,0.1,17.169117647058822,11.0,0,66
sciences,OP3,FGSM,1.0,FGSM,0.2,18.970588235294116,15.0,0,66
sciences,OP3,FGSM,1.0,FGSM,0.3,19.38235294117647,16.0,0,63
sciences,OP3,FGSM,1.0,FGSM,0.4,19.647058823529413,16.0,0,63
sciences,OP3,FGSM,1.0,FGSM,0.5,20.21323529411765,17.0,0,63
sciences,OP3,FGSM,1.0,FGSM,0.6,20.308823529411764,17.0,0,63
sciences,OP3,FGSM,1.0,FGSM,0.7,19.977941176470587,17.0,0,63
sciences,OP3,FGSM,1.0,FGSM,0.8,19.985294117647058,17.0,0,63
sciences,OP3,FGSM,1.0,FGSM,0.9,20.014705882352942,17.0,0,63
sciences,OP3,FGSM,1.0,FGSM,1.0,20.029411764705884,17.0,0,63
sciences,S7,FGSM,1.0,FGSM,0.1,16.78676470588235,12.0,0,60
sciences,S7,FGSM,1.0,FGSM,0.2,18.933823529411764,15.0,0,62
sciences,S7,FGSM,1.0,FGSM,0.3,19.21323529411765,15.0,0,62
sciences,S7,FGSM,1.0,FGSM,0.4,19.75735294117647,16.5,0,62
sciences,S7,FGSM,1.0,FGSM,0.5,19.654411764705884,16.5,0,62
sciences,S7,FGSM,1.0,FGSM,0.6,19.573529411764707,16.5,0,62
sciences,S7,FGSM,1.0,FGSM,0.7,19.669117647058822,17.5,0,62
sciences,S7,FGSM,1.0,FGSM,0.8,19.698529411764707,17.5,0,62
sciences,S7,FGSM,1.0,FGSM,0.9,19.735294117647058,17.5,0,62
sciences,S7,FGSM,1.0,FGSM,1.0,19.875,18.0,0,62
sciences,BLU,PGD,0.1,FGSM,0.1,22.573529411764707,17.5,0,66
sciences,BLU,PGD,0.1,FGSM,0.2,23.272058823529413,18.5,0,66
sciences,BLU,PGD,0.1,FGSM,0.3,23.955882352941178,19.0,0,66
sciences,BLU,PGD,0.1,FGSM,0.4,23.764705882352942,19.0,0,66
sciences,BLU,PGD,0.1,FGSM,0.5,23.75735294117647,19.0,0,66
sciences,BLU,PGD,0.1,FGSM,0.6,23.801470588235293,19.0,0,66
sciences,BLU,PGD,0.1,FGSM,0.7,23.897058823529413,19.0,0,66
sciences,BLU,PGD,0.1,FGSM,0.8,23.904411764705884,19.0,0,66
sciences,BLU,PGD,0.1,FGSM,0.9,23.852941176470587,19.0,0,66
sciences,BLU,PGD,0.1,FGSM,1.0,23.852941176470587,19.0,0,66
sciences,HTC,PGD,0.1,FGSM,0.1,21.272058823529413,16.0,0,66
sciences,HTC,PGD,0.1,FGSM,0.2,21.46323529411765,17.0,0,66
sciences,HTC,PGD,0.1,FGSM,0.3,22.014705882352942,18.0,0,66
sciences,HTC,PGD,0.1,FGSM,0.4,21.970588235294116,18.5,0,66
sciences,HTC,PGD,0.1,FGSM,0.5,22.198529411764707,19.0,0,66
sciences,HTC,PGD,0.1,FGSM,0.6,22.11764705882353,19.0,0,66
sciences,HTC,PGD,0.1,FGSM,0.7,22.25,19.0,0,66
sciences,HTC,PGD,0.1,FGSM,0.8,22.279411764705884,19.0,0,66
sciences,HTC,PGD,0.1,FGSM,0.9,22.375,19.0,0,66
sciences,HTC,PGD,0.1,FGSM,1.0,22.41176470588235,19.0,0,66
sciences,LG,PGD,0.1,FGSM,0.1,20.529411764705884,14.0,0,66
sciences,LG,PGD,0.1,FGSM,0.2,22.96323529411765,16.0,0,66
sciences,LG,PGD,0.1,FGSM,0.3,23.235294117647058,16.5,0,66
sciences,LG,PGD,0.1,FGSM,0.4,23.279411764705884,17.0,0,66
sciences,LG,PGD,0.1,FGSM,0.5,23.25,17.0,0,66
sciences,LG,PGD,0.1,FGSM,0.6,23.647058823529413,17.0,0,66
sciences,LG,PGD,0.1,FGSM,0.7,23.705882352941178,17.0,0,66
sciences,LG,PGD,0.1,FGSM,0.8,23.669117647058822,17.0,0,66
sciences,LG,PGD,0.1,FGSM,0.9,23.647058823529413,17.0,0,66
sciences,LG,PGD,0.1,FGSM,1.0,23.830882352941178,17.5,0,66
sciences,MOTO,PGD,0.1,FGSM,0.1,20.580882352941178,15.0,0,65
sciences,MOTO,PGD,0.1,FGSM,0.2,21.573529411764707,16.0,0,65
sciences,MOTO,PGD,0.1,FGSM,0.3,21.897058823529413,16.0,0,65
sciences,MOTO,PGD,0.1,FGSM,0.4,22.24264705882353,16.0,0,65
sciences,MOTO,PGD,0.1,FGSM,0.5,22.735294117647058,18.5,0,65
sciences,MOTO,PGD,0.1,FGSM,0.6,22.794117647058822,18.5,0,64
sciences,MOTO,PGD,0.1,FGSM,0.7,23.147058823529413,20.0,0,64
sciences,MOTO,PGD,0.1,FGSM,0.8,23.279411764705884,20.0,0,64
sciences,MOTO,PGD,0.1,FGSM,0.9,23.308823529411764,20.0,0,64
sciences,MOTO,PGD,0.1,FGSM,1.0,23.308823529411764,20.0,0,64
sciences,OP3,PGD,0.1,FGSM,0.1,20.264705882352942,15.0,1,66
sciences,OP3,PGD,0.1,FGSM,0.2,21.448529411764707,16.0,1,66
sciences,OP3,PGD,0.1,FGSM,0.3,21.03676470588235,16.5,1,66
sciences,OP3,PGD,0.1,FGSM,0.4,21.485294117647058,17.0,1,66
sciences,OP3,PGD,0.1,FGSM,0.5,21.74264705882353,17.5,1,66
sciences,OP3,PGD,0.1,FGSM,0.6,21.698529411764707,17.5,1,66
sciences,OP3,PGD,0.1,FGSM,0.7,21.845588235294116,18.5,1,66
sciences,OP3,PGD,0.1,FGSM,0.8,21.904411764705884,18.5,1,66
sciences,OP3,PGD,0.1,FGSM,0.9,21.91176470588235,18.5,1,66
sciences,OP3,PGD,0.1,FGSM,1.0,21.91176470588235,18.5,1,66
sciences,S7,PGD,0.1,FGSM,0.1,21.551470588235293,17.0,0,62
sciences,S7,PGD,0.1,FGSM,0.2,23.830882352941178,19.5,0,62
sciences,S7,PGD,0.1,FGSM,0.3,24.639705882352942,20.0,0,62
sciences,S7,PGD,0.1,FGSM,0.4,25.235294117647058,20.5,1,62
sciences,S7,PGD,0.1,FGSM,0.5,25.36764705882353,22.0,1,62
sciences,S7,PGD,0.1,FGSM,0.6,25.323529411764707,22.0,1,62
sciences,S7,PGD,0.1,FGSM,0.7,25.38235294117647,22.0,1,62
sciences,S7,PGD,0.1,FGSM,0.8,25.404411764705884,22.0,1,62
sciences,S7,PGD,0.1,FGSM,0.9,25.404411764705884,22.0,1,62
sciences,S7,PGD,0.1,FGSM,1.0,25.53676470588235,22.5,1,62
sciences,BLU,PGD,0.2,FGSM,0.1,21.21323529411765,16.0,0,66
sciences,BLU,PGD,0.2,FGSM,0.2,23.426470588235293,19.0,0,66
sciences,BLU,PGD,0.2,FGSM,0.3,24.875,22.0,0,66
sciences,BLU,PGD,0.2,FGSM,0.4,24.933823529411764,21.5,0,66
sciences,BLU,PGD,0.2,FGSM,0.5,24.970588235294116,21.5,0,66
sciences,BLU,PGD,0.2,FGSM,0.6,24.845588235294116,21.0,0,66
sciences,BLU,PGD,0.2,FGSM,0.7,25.176470588235293,21.5,0,66
sciences,BLU,PGD,0.2,FGSM,0.8,25.08823529411765,21.0,0,66
sciences,BLU,PGD,0.2,FGSM,0.9,25.066176470588236,21.0,0,66
sciences,BLU,PGD,0.2,FGSM,1.0,25.00735294117647,21.0,0,66
sciences,HTC,PGD,0.2,FGSM,0.1,22.448529411764707,15.5,0,67
sciences,HTC,PGD,0.2,FGSM,0.2,24.00735294117647,17.5,0,67
sciences,HTC,PGD,0.2,FGSM,0.3,24.183823529411764,17.5,0,67
sciences,HTC,PGD,0.2,FGSM,0.4,24.720588235294116,18.0,0,67
sciences,HTC,PGD,0.2,FGSM,0.5,24.889705882352942,18.0,0,67
sciences,HTC,PGD,0.2,FGSM,0.6,24.676470588235293,18.0,0,67
sciences,HTC,PGD,0.2,FGSM,0.7,24.691176470588236,18.0,0,67
sciences,HTC,PGD,0.2,FGSM,0.8,24.823529411764707,18.0,0,67
sciences,HTC,PGD,0.2,FGSM,0.9,24.779411764705884,18.0,0,67
sciences,HTC,PGD,0.2,FGSM,1.0,24.764705882352942,18.0,0,67
sciences,LG,PGD,0.2,FGSM,0.1,21.301470588235293,16.0,0,66
sciences,LG,PGD,0.2,FGSM,0.2,22.941176470588236,17.5,0,66
sciences,LG,PGD,0.2,FGSM,0.3,23.676470588235293,18.0,0,66
sciences,LG,PGD,0.2,FGSM,0.4,25.110294117647058,21.0,0,66
sciences,LG,PGD,0.2,FGSM,0.5,24.970588235294116,21.0,0,66
sciences,LG,PGD,0.2,FGSM,0.6,25.514705882352942,21.0,0,66
sciences,LG,PGD,0.2,FGSM,0.7,25.595588235294116,21.0,0,66
sciences,LG,PGD,0.2,FGSM,0.8,26.08823529411765,22.0,0,66
sciences,LG,PGD,0.2,FGSM,0.9,26.0,22.0,0,66
sciences,LG,PGD,0.2,FGSM,1.0,25.86764705882353,22.0,0,66
sciences,MOTO,PGD,0.2,FGSM,0.1,18.875,15.0,0,65
sciences,MOTO,PGD,0.2,FGSM,0.2,21.330882352941178,16.5,0,66
sciences,MOTO,PGD,0.2,FGSM,0.3,22.91176470588235,18.0,0,66
sciences,MOTO,PGD,0.2,FGSM,0.4,22.889705882352942,18.0,0,66
sciences,MOTO,PGD,0.2,FGSM,0.5,22.985294117647058,19.0,0,66
sciences,MOTO,PGD,0.2,FGSM,0.6,23.125,19.0,0,66
sciences,MOTO,PGD,0.2,FGSM,0.7,23.073529411764707,18.5,0,66
sciences,MOTO,PGD,0.2,FGSM,0.8,22.941176470588236,18.0,0,66
sciences,MOTO,PGD,0.2,FGSM,0.9,22.83823529411765,18.0,0,66
sciences,MOTO,PGD,0.2,FGSM,1.0,22.83823529411765,18.0,0,66
sciences,OP3,PGD,0.2,FGSM,0.1,19.53676470588235,13.0,1,66
sciences,OP3,PGD,0.2,FGSM,0.2,21.808823529411764,16.0,1,66
sciences,OP3,PGD,0.2,FGSM,0.3,22.139705882352942,16.0,1,66
sciences,OP3,PGD,0.2,FGSM,0.4,22.323529411764707,17.5,1,66
sciences,OP3,PGD,0.2,FGSM,0.5,22.654411764705884,19.0,1,66
sciences,OP3,PGD,0.2,FGSM,0.6,22.625,19.0,1,66
sciences,OP3,PGD,0.2,FGSM,0.7,22.647058823529413,19.0,1,66
sciences,OP3,PGD,0.2,FGSM,0.8,22.75735294117647,19.5,1,66
sciences,OP3,PGD,0.2,FGSM,0.9,22.75735294117647,19.5,1,66
sciences,OP3,PGD,0.2,FGSM,1.0,22.764705882352942,19.5,1,66
sciences,S7,PGD,0.2,FGSM,0.1,19.419117647058822,13.0,0,67
sciences,S7,PGD,0.2,FGSM,0.2,22.073529411764707,20.0,0,67
sciences,S7,PGD,0.2,FGSM,0.3,23.316176470588236,20.0,0,67
sciences,S7,PGD,0.2,FGSM,0.4,24.029411764705884,20.0,0,67
sciences,S7,PGD,0.2,FGSM,0.5,24.125,20.0,0,67
sciences,S7,PGD,0.2,FGSM,0.6,23.985294117647058,20.0,0,67
sciences,S7,PGD,0.2,FGSM,0.7,24.352941176470587,20.0,0,67
sciences,S7,PGD,0.2,FGSM,0.8,24.316176470588236,20.0,0,67
sciences,S7,PGD,0.2,FGSM,0.9,24.176470588235293,20.0,0,67
sciences,S7,PGD,0.2,FGSM,1.0,24.044117647058822,20.0,0,67
sciences,BLU,PGD,0.3,FGSM,0.1,24.147058823529413,20.5,0,67
sciences,BLU,PGD,0.3,FGSM,0.2,26.24264705882353,23.0,0,67
sciences,BLU,PGD,0.3,FGSM,0.3,26.683823529411764,24.0,0,67
sciences,BLU,PGD,0.3,FGSM,0.4,27.102941176470587,24.5,0,67
sciences,BLU,PGD,0.3,FGSM,0.5,27.61764705882353,26.0,0,67
sciences,BLU,PGD,0.3,FGSM,0.6,28.110294117647058,27.5,0,67
sciences,BLU,PGD,0.3,FGSM,0.7,28.110294117647058,27.5,0,67
sciences,BLU,PGD,0.3,FGSM,0.8,28.110294117647058,27.5,0,67
sciences,BLU,PGD,0.3,FGSM,0.9,28.11764705882353,27.5,0,67
sciences,BLU,PGD,0.3,FGSM,1.0,28.11764705882353,27.5,0,67
sciences,HTC,PGD,0.3,FGSM,0.1,24.772058823529413,21.0,0,67
sciences,HTC,PGD,0.3,FGSM,0.2,27.051470588235293,25.5,0,67
sciences,HTC,PGD,0.3,FGSM,0.3,28.86764705882353,27.0,0,67
sciences,HTC,PGD,0.3,FGSM,0.4,29.470588235294116,27.5,0,67
sciences,HTC,PGD,0.3,FGSM,0.5,29.625,27.0,0,67
sciences,HTC,PGD,0.3,FGSM,0.6,29.897058823529413,27.0,0,67
sciences,HTC,PGD,0.3,FGSM,0.7,30.345588235294116,28.0,0,67
sciences,HTC,PGD,0.3,FGSM,0.8,30.029411764705884,27.0,0,67
sciences,HTC,PGD,0.3,FGSM,0.9,30.08823529411765,27.0,0,67
sciences,HTC,PGD,0.3,FGSM,1.0,30.08823529411765,27.0,0,67
sciences,LG,PGD,0.3,FGSM,0.1,24.941176470588236,19.0,0,67
sciences,LG,PGD,0.3,FGSM,0.2,27.176470588235293,23.0,0,67
sciences,LG,PGD,0.3,FGSM,0.3,28.11764705882353,26.5,0,67
sciences,LG,PGD,0.3,FGSM,0.4,28.61764705882353,27.0,0,67
sciences,LG,PGD,0.3,FGSM,0.5,28.558823529411764,27.0,0,67
sciences,LG,PGD,0.3,FGSM,0.6,28.5,27.0,0,67
sciences,LG,PGD,0.3,FGSM,0.7,28.5,27.0,0,67
sciences,LG,PGD,0.3,FGSM,0.8,28.49264705882353,27.0,0,67
sciences,LG,PGD,0.3,FGSM,0.9,28.49264705882353,27.0,0,67
sciences,LG,PGD,0.3,FGSM,1.0,28.61764705882353,27.0,0,67
sciences,MOTO,PGD,0.3,FGSM,0.1,23.529411764705884,18.5,0,67
sciences,MOTO,PGD,0.3,FGSM,0.2,25.544117647058822,20.5,0,67
sciences,MOTO,PGD,0.3,FGSM,0.3,26.426470588235293,21.5,0,67
sciences,MOTO,PGD,0.3,FGSM,0.4,26.639705882352942,22.0,0,67
sciences,MOTO,PGD,0.3,FGSM,0.5,26.91176470588235,22.5,0,67
sciences,MOTO,PGD,0.3,FGSM,0.6,26.96323529411765,22.0,0,67
sciences,MOTO,PGD,0.3,FGSM,0.7,27.080882352941178,22.0,0,67
sciences,MOTO,PGD,0.3,FGSM,0.8,27.08823529411765,22.0,0,67
sciences,MOTO,PGD,0.3,FGSM,0.9,27.08823529411765,22.0,0,67
sciences,MOTO,PGD,0.3,FGSM,1.0,27.08823529411765,22.0,0,67
sciences,OP3,PGD,0.3,FGSM,0.1,21.955882352941178,16.5,0,67
sciences,OP3,PGD,0.3,FGSM,0.2,25.014705882352942,20.0,1,67
sciences,OP3,PGD,0.3,FGSM,0.3,25.71323529411765,22.0,1,67
sciences,OP3,PGD,0.3,FGSM,0.4,26.022058823529413,22.5,1,67
sciences,OP3,PGD,0.3,FGSM,0.5,26.235294117647058,22.5,1,67
sciences,OP3,PGD,0.3,FGSM,0.6,26.169117647058822,22.5,1,67
sciences,OP3,PGD,0.3,FGSM,0.7,25.977941176470587,22.5,1,67
sciences,OP3,PGD,0.3,FGSM,0.8,25.99264705882353,22.5,1,67
sciences,OP3,PGD,0.3,FGSM,0.9,26.014705882352942,22.5,1,67
sciences,OP3,PGD,0.3,FGSM,1.0,26.183823529411764,23.0,1,67
sciences,S7,PGD,0.3,FGSM,0.1,24.080882352941178,20.0,1,66
sciences,S7,PGD,0.3,FGSM,0.2,27.029411764705884,23.0,1,67
sciences,S7,PGD,0.3,FGSM,0.3,27.88235294117647,25.0,1,67
sciences,S7,PGD,0.3,FGSM,0.4,28.25735294117647,25.5,1,67
sciences,S7,PGD,0.3,FGSM,0.5,28.235294117647058,25.5,1,67
sciences,S7,PGD,0.3,FGSM,0.6,28.36764705882353,26.0,1,67
sciences,S7,PGD,0.3,FGSM,0.7,28.36764705882353,26.0,1,67
sciences,S7,PGD,0.3,FGSM,0.8,28.36764705882353,26.0,1,67
sciences,S7,PGD,0.3,FGSM,0.9,28.595588235294116,26.5,1,67
sciences,S7,PGD,0.3,FGSM,1.0,28.580882352941178,26.5,1,67
sciences,BLU,PGD,0.4,FGSM,0.1,20.75,17.0,0,66
sciences,BLU,PGD,0.4,FGSM,0.2,22.205882352941178,18.0,0,66
sciences,BLU,PGD,0.4,FGSM,0.3,22.735294117647058,19.5,0,66
sciences,BLU,PGD,0.4,FGSM,0.4,22.705882352941178,19.0,0,66
sciences,BLU,PGD,0.4,FGSM,0.5,22.96323529411765,19.5,0,66
sciences,BLU,PGD,0.4,FGSM,0.6,22.764705882352942,19.0,0,66
sciences,BLU,PGD,0.4,FGSM,0.7,22.735294117647058,19.0,0,66
sciences,BLU,PGD,0.4,FGSM,0.8,22.845588235294116,19.5,0,66
sciences,BLU,PGD,0.4,FGSM,0.9,22.83823529411765,19.5,0,66
sciences,BLU,PGD,0.4,FGSM,1.0,22.875,20.0,0,66
sciences,HTC,PGD,0.4,FGSM,0.1,23.595588235294116,18.0,2,66
sciences,HTC,PGD,0.4,FGSM,0.2,24.330882352941178,19.0,2,66
sciences,HTC,PGD,0.4,FGSM,0.3,24.169117647058822,20.0,1,66
sciences,HTC,PGD,0.4,FGSM,0.4,24.272058823529413,20.0,1,66
sciences,HTC,PGD,0.4,FGSM,0.5,24.066176470588236,20.0,1,66
sciences,HTC,PGD,0.4,FGSM,0.6,24.139705882352942,20.0,1,66
sciences,HTC,PGD,0.4,FGSM,0.7,24.073529411764707,20.0,1,66
sciences,HTC,PGD,0.4,FGSM,0.8,23.948529411764707,19.5,1,66
sciences,HTC,PGD,0.4,FGSM,0.9,23.948529411764707,19.5,1,66
sciences,HTC,PGD,0.4,FGSM,1.0,24.044117647058822,19.5,1,66
sciences,LG,PGD,0.4,FGSM,0.1,22.698529411764707,16.0,0,66
sciences,LG,PGD,0.4,FGSM,0.2,25.375,21.5,0,66
sciences,LG,PGD,0.4,FGSM,0.3,26.433823529411764,22.0,0,66
sciences,LG,PGD,0.4,FGSM,0.4,26.08823529411765,21.5,0,66
sciences,LG,PGD,0.4,FGSM,0.5,26.058823529411764,21.0,0,66
sciences,LG,PGD,0.4,FGSM,0.6,26.279411764705884,21.5,0,66
sciences,LG,PGD,0.4,FGSM,0.7,26.38235294117647,22.0,0,66
sciences,LG,PGD,0.4,FGSM,0.8,26.389705882352942,22.0,0,66
sciences,LG,PGD,0.4,FGSM,0.9,26.375,22.0,0,66
sciences,LG,PGD,0.4,FGSM,1.0,26.375,22.0,0,66
sciences,MOTO,PGD,0.4,FGSM,0.1,21.279411764705884,16.0,1,65
sciences,MOTO,PGD,0.4,FGSM,0.2,22.823529411764707,17.5,1,65
sciences,MOTO,PGD,0.4,FGSM,0.3,22.183823529411764,17.0,0,65
sciences,MOTO,PGD,0.4,FGSM,0.4,23.25735294117647,17.5,0,65
sciences,MOTO,PGD,0.4,FGSM,0.5,23.21323529411765,17.5,0,65
sciences,MOTO,PGD,0.4,FGSM,0.6,23.352941176470587,18.0,0,65
sciences,MOTO,PGD,0.4,FGSM,0.7,23.352941176470587,17.5,0,65
sciences,MOTO,PGD,0.4,FGSM,0.8,23.360294117647058,17.5,0,65
sciences,MOTO,PGD,0.4,FGSM,0.9,23.345588235294116,17.5,0,65
sciences,MOTO,PGD,0.4,FGSM,1.0,23.294117647058822,17.5,0,65
sciences,OP3,PGD,0.4,FGSM,0.1,19.71323529411765,14.5,0,66
sciences,OP3,PGD,0.4,FGSM,0.2,22.014705882352942,18.0,0,66
sciences,OP3,PGD,0.4,FGSM,0.3,23.051470588235293,19.0,0,66
sciences,OP3,PGD,0.4,FGSM,0.4,22.99264705882353,19.0,0,66
sciences,OP3,PGD,0.4,FGSM,0.5,23.16176470588235,19.5,0,66
sciences,OP3,PGD,0.4,FGSM,0.6,23.169117647058822,19.5,0,66
sciences,OP3,PGD,0.4,FGSM,0.7,23.198529411764707,19.5,0,66
sciences,OP3,PGD,0.4,FGSM,0.8,23.198529411764707,19.5,0,66
sciences,OP3,PGD,0.4,FGSM,0.9,23.360294117647058,19.5,0,66
sciences,OP3,PGD,0.4,FGSM,1.0,23.691176470588236,20.0,0,66
sciences,S7,PGD,0.4,FGSM,0.1,22.955882352941178,16.0,1,65
sciences,S7,PGD,0.4,FGSM,0.2,25.470588235294116,22.0,1,65
sciences,S7,PGD,0.4,FGSM,0.3,26.264705882352942,23.0,0,65
sciences,S7,PGD,0.4,FGSM,0.4,26.551470588235293,24.0,0,65
sciences,S7,PGD,0.4,FGSM,0.5,26.529411764705884,24.0,0,65
sciences,S7,PGD,0.4,FGSM,0.6,26.544117647058822,24.0,0,65
sciences,S7,PGD,0.4,FGSM,0.7,26.389705882352942,24.0,0,65
sciences,S7,PGD,0.4,FGSM,0.8,26.580882352941178,24.0,0,65
sciences,S7,PGD,0.4,FGSM,0.9,26.573529411764707,24.0,0,65
sciences,S7,PGD,0.4,FGSM,1.0,26.573529411764707,24.0,0,65
sciences,BLU,PGD,0.5,FGSM,0.1,17.49264705882353,15.0,0,64
sciences,BLU,PGD,0.5,FGSM,0.2,19.102941176470587,17.0,0,63
sciences,BLU,PGD,0.5,FGSM,0.3,20.198529411764707,17.5,0,63
sciences,BLU,PGD,0.5,FGSM,0.4,20.235294117647058,17.5,0,63
sciences,BLU,PGD,0.5,FGSM,0.5,20.455882352941178,18.0,0,63
sciences,BLU,PGD,0.5,FGSM,0.6,20.433823529411764,18.0,0,63
sciences,BLU,PGD,0.5,FGSM,0.7,20.477941176470587,18.0,0,63
sciences,BLU,PGD,0.5,FGSM,0.8,20.74264705882353,18.0,0,63
sciences,BLU,PGD,0.5,FGSM,0.9,20.74264705882353,18.0,0,63
sciences,BLU,PGD,0.5,FGSM,1.0,20.78676470588235,18.0,0,63
sciences,HTC,PGD,0.5,FGSM,0.1,19.654411764705884,13.0,0,65
sciences,HTC,PGD,0.5,FGSM,0.2,21.558823529411764,18.0,0,65
sciences,HTC,PGD,0.5,FGSM,0.3,22.080882352941178,18.0,0,65
sciences,HTC,PGD,0.5,FGSM,0.4,22.33823529411765,18.0,0,65
sciences,HTC,PGD,0.5,FGSM,0.5,22.669117647058822,18.0,0,65
sciences,HTC,PGD,0.5,FGSM,0.6,22.669117647058822,18.0,0,65
sciences,HTC,PGD,0.5,FGSM,0.7,22.78676470588235,18.5,0,65
sciences,HTC,PGD,0.5,FGSM,0.8,23.08823529411765,19.0,0,65
sciences,HTC,PGD,0.5,FGSM,0.9,23.41176470588235,19.5,0,65
sciences,HTC,PGD,0.5,FGSM,1.0,23.41176470588235,19.5,0,65
sciences,LG,PGD,0.5,FGSM,0.1,18.66176470588235,13.0,0,65
sciences,LG,PGD,0.5,FGSM,0.2,19.86764705882353,16.0,0,65
sciences,LG,PGD,0.5,FGSM,0.3,21.24264705882353,18.0,0,65
sciences,LG,PGD,0.5,FGSM,0.4,22.764705882352942,21.0,0,65
sciences,LG,PGD,0.5,FGSM,0.5,23.227941176470587,22.0,0,65
sciences,LG,PGD,0.5,FGSM,0.6,23.227941176470587,22.0,0,65
sciences,LG,PGD,0.5,FGSM,0.7,23.227941176470587,22.0,0,65
sciences,LG,PGD,0.5,FGSM,0.8,23.272058823529413,22.0,0,65
sciences,LG,PGD,0.5,FGSM,0.9,23.919117647058822,22.0,0,65
sciences,LG,PGD,0.5,FGSM,1.0,24.25735294117647,22.5,0,65
sciences,MOTO,PGD,0.5,FGSM,0.1,16.816176470588236,11.5,0,61
sciences,MOTO,PGD,0.5,FGSM,0.2,18.595588235294116,13.0,0,63
sciences,MOTO,PGD,0.5,FGSM,0.3,19.11764705882353,13.5,0,63
sciences,MOTO,PGD,0.5,FGSM,0.4,19.25,14.0,0,63
sciences,MOTO,PGD,0.5,FGSM,0.5,19.580882352941178,14.5,0,63
sciences,MOTO,PGD,0.5,FGSM,0.6,19.941176470588236,16.0,0,63
sciences,MOTO,PGD,0.5,FGSM,0.7,19.941176470588236,16.0,0,63
sciences,MOTO,PGD,0.5,FGSM,0.8,19.941176470588236,16.0,0,63
sciences,MOTO,PGD,0.5,FGSM,0.9,19.941176470588236,16.0,0,63
sciences,MOTO,PGD,0.5,FGSM,1.0,19.941176470588236,16.0,0,63
sciences,OP3,PGD,0.5,FGSM,0.1,18.955882352941178,12.5,0,64
sciences,OP3,PGD,0.5,FGSM,0.2,20.345588235294116,13.0,1,63
sciences,OP3,PGD,0.5,FGSM,0.3,21.397058823529413,16.5,1,63
sciences,OP3,PGD,0.5,FGSM,0.4,21.83823529411765,17.0,1,63
sciences,OP3,PGD,0.5,FGSM,0.5,22.080882352941178,17.0,1,63
sciences,OP3,PGD,0.5,FGSM,0.6,22.16176470588235,18.0,1,63
sciences,OP3,PGD,0.5,FGSM,0.7,22.205882352941178,18.0,1,63
sciences,OP3,PGD,0.5,FGSM,0.8,22.205882352941178,18.0,1,63
sciences,OP3,PGD,0.5,FGSM,0.9,22.522058823529413,18.0,1,63
sciences,OP3,PGD,0.5,FGSM,1.0,22.566176470588236,18.0,1,63
sciences,S7,PGD,0.5,FGSM,0.1,16.830882352941178,11.0,0,65
sciences,S7,PGD,0.5,FGSM,0.2,18.279411764705884,12.5,0,62
sciences,S7,PGD,0.5,FGSM,0.3,18.74264705882353,13.5,0,62
sciences,S7,PGD,0.5,FGSM,0.4,19.095588235294116,14.0,0,62
sciences,S7,PGD,0.5,FGSM,0.5,19.779411764705884,15.0,0,62
sciences,S7,PGD,0.5,FGSM,0.6,19.823529411764707,15.0,0,62
sciences,S7,PGD,0.5,FGSM,0.7,19.830882352941178,15.0,0,62
sciences,S7,PGD,0.5,FGSM,0.8,19.875,15.0,0,62
sciences,S7,PGD,0.5,FGSM,0.9,19.875,15.0,0,62
sciences,S7,PGD,0.5,FGSM,1.0,19.875,15.0,0,62
sciences,BLU,PGD,0.6,FGSM,0.1,21.852941176470587,16.0,0,67
sciences,BLU,PGD,0.6,FGSM,0.2,24.330882352941178,19.0,0,67
sciences,BLU,PGD,0.6,FGSM,0.3,25.61764705882353,20.0,0,67
sciences,BLU,PGD,0.6,FGSM,0.4,25.441176470588236,20.0,0,67
sciences,BLU,PGD,0.6,FGSM,0.5,25.727941176470587,20.5,0,67
sciences,BLU,PGD,0.6,FGSM,0.6,25.852941176470587,21.0,0,67
sciences,BLU,PGD,0.6,FGSM,0.7,26.073529411764707,21.0,0,67
sciences,BLU,PGD,0.6,FGSM,0.8,26.058823529411764,21.0,0,67
sciences,BLU,PGD,0.6,FGSM,0.9,26.183823529411764,21.0,0,67
sciences,BLU,PGD,0.6,FGSM,1.0,26.25,21.0,0,67
sciences,HTC,PGD,0.6,FGSM,0.1,19.772058823529413,14.0,0,66
sciences,HTC,PGD,0.6,FGSM,0.2,21.294117647058822,17.5,0,67
sciences,HTC,PGD,0.6,FGSM,0.3,22.58823529411765,19.5,0,67
sciences,HTC,PGD,0.6,FGSM,0.4,22.88235294117647,19.5,0,67
sciences,HTC,PGD,0.6,FGSM,0.5,23.264705882352942,20.0,0,67
sciences,HTC,PGD,0.6,FGSM,0.6,23.25,20.0,0,67
sciences,HTC,PGD,0.6,FGSM,0.7,23.014705882352942,19.5,0,67
sciences,HTC,PGD,0.6,FGSM,0.8,23.573529411764707,20.0,0,67
sciences,HTC,PGD,0.6,FGSM,0.9,23.580882352941178,20.0,0,67
sciences,HTC,PGD,0.6,FGSM,1.0,23.279411764705884,19.5,0,67
sciences,LG,PGD,0.6,FGSM,0.1,21.49264705882353,15.0,0,67
sciences,LG,PGD,0.6,FGSM,0.2,24.477941176470587,20.0,0,67
sciences,LG,PGD,0.6,FGSM,0.3,24.919117647058822,20.0,0,67
sciences,LG,PGD,0.6,FGSM,0.4,25.566176470588236,21.0,0,67
sciences,LG,PGD,0.6,FGSM,0.5,26.154411764705884,21.0,0,67
sciences,LG,PGD,0.6,FGSM,0.6,26.125,21.0,0,67
sciences,LG,PGD,0.6,FGSM,0.7,26.220588235294116,22.0,0,67
sciences,LG,PGD,0.6,FGSM,0.8,25.860294117647058,21.5,0,67
sciences,LG,PGD,0.6,FGSM,0.9,25.860294117647058,21.5,0,67
sciences,LG,PGD,0.6,FGSM,1.0,25.86764705882353,21.5,0,67
sciences,MOTO,PGD,0.6,FGSM,0.1,18.551470588235293,14.0,0,67
sciences,MOTO,PGD,0.6,FGSM,0.2,20.764705882352942,18.0,0,67
sciences,MOTO,PGD,0.6,FGSM,0.3,21.13235294117647,18.0,0,67
sciences,MOTO,PGD,0.6,FGSM,0.4,21.727941176470587,19.0,0,66
sciences,MOTO,PGD,0.6,FGSM,0.5,21.75,19.0,0,66
sciences,MOTO,PGD,0.6,FGSM,0.6,21.691176470588236,19.0,0,66
sciences,MOTO,PGD,0.6,FGSM,0.7,21.41176470588235,19.0,0,66
sciences,MOTO,PGD,0.6,FGSM,0.8,21.41176470588235,19.0,0,66
sciences,MOTO,PGD,0.6,FGSM,0.9,21.720588235294116,19.0,1,66
sciences,MOTO,PGD,0.6,FGSM,1.0,21.852941176470587,19.0,1,66
sciences,OP3,PGD,0.6,FGSM,0.1,19.78676470588235,15.0,0,66
sciences,OP3,PGD,0.6,FGSM,0.2,21.720588235294116,18.0,0,65
sciences,OP3,PGD,0.6,FGSM,0.3,22.125,18.0,0,65
sciences,OP3,PGD,0.6,FGSM,0.4,22.5,20.0,0,65
sciences,OP3,PGD,0.6,FGSM,0.5,23.139705882352942,20.0,0,65
sciences,OP3,PGD,0.6,FGSM,0.6,23.308823529411764,20.0,0,65
sciences,OP3,PGD,0.6,FGSM,0.7,23.323529411764707,20.0,0,65
sciences,OP3,PGD,0.6,FGSM,0.8,23.220588235294116,20.0,0,65
sciences,OP3,PGD,0.6,FGSM,0.9,23.227941176470587,20.0,0,65
sciences,OP3,PGD,0.6,FGSM,1.0,23.24264705882353,20.0,0,65
sciences,S7,PGD,0.6,FGSM,0.1,18.816176470588236,13.0,1,66
sciences,S7,PGD,0.6,FGSM,0.2,21.404411764705884,15.5,1,65
sciences,S7,PGD,0.6,FGSM,0.3,21.441176470588236,16.0,1,65
sciences,S7,PGD,0.6,FGSM,0.4,21.49264705882353,17.5,1,65
sciences,S7,PGD,0.6,FGSM,0.5,21.941176470588236,19.0,1,65
sciences,S7,PGD,0.6,FGSM,0.6,22.433823529411764,19.0,1,65
sciences,S7,PGD,0.6,FGSM,0.7,22.227941176470587,19.0,1,65
sciences,S7,PGD,0.6,FGSM,0.8,22.301470588235293,19.0,1,65
sciences,S7,PGD,0.6,FGSM,0.9,22.301470588235293,19.0,1,65
sciences,S7,PGD,0.6,FGSM,1.0,22.455882352941178,19.0,1,65
sciences,BLU,PGD,0.7,FGSM,0.1,19.823529411764707,16.0,0,65
sciences,BLU,PGD,0.7,FGSM,0.2,21.316176470588236,19.0,0,66
sciences,BLU,PGD,0.7,FGSM,0.3,21.933823529411764,20.5,0,66
sciences,BLU,PGD,0.7,FGSM,0.4,22.066176470588236,21.0,0,66
sciences,BLU,PGD,0.7,FGSM,0.5,22.360294117647058,21.0,0,66
sciences,BLU,PGD,0.7,FGSM,0.6,22.404411764705884,21.0,0,66
sciences,BLU,PGD,0.7,FGSM,0.7,22.404411764705884,21.0,0,66
sciences,BLU,PGD,0.7,FGSM,0.8,22.279411764705884,20.5,0,66
sciences,BLU,PGD,0.7,FGSM,0.9,22.272058823529413,20.5,0,66
sciences,BLU,PGD,0.7,FGSM,1.0,22.404411764705884,21.0,0,66
sciences,HTC,PGD,0.7,FGSM,0.1,21.147058823529413,17.0,0,65
sciences,HTC,PGD,0.7,FGSM,0.2,21.83823529411765,19.0,0,65
sciences,HTC,PGD,0.7,FGSM,0.3,21.727941176470587,19.0,0,65
sciences,HTC,PGD,0.7,FGSM,0.4,22.441176470588236,19.5,0,65
sciences,HTC,PGD,0.7,FGSM,0.5,22.735294117647058,20.0,0,65
sciences,HTC,PGD,0.7,FGSM,0.6,22.75,20.0,0,65
sciences,HTC,PGD,0.7,FGSM,0.7,22.75,20.0,0,65
sciences,HTC,PGD,0.7,FGSM,0.8,23.022058823529413,20.0,0,65
sciences,HTC,PGD,0.7,FGSM,0.9,23.00735294117647,20.0,0,65
sciences,HTC,PGD,0.7,FGSM,1.0,23.0,20.0,0,65
sciences,LG,PGD,0.7,FGSM,0.1,19.073529411764707,14.5,0,66
sciences,LG,PGD,0.7,FGSM,0.2,20.823529411764707,18.0,0,66
sciences,LG,PGD,0.7,FGSM,0.3,21.022058823529413,18.0,0,66
sciences,LG,PGD,0.7,FGSM,0.4,21.272058823529413,18.0,0,66
sciences,LG,PGD,0.7,FGSM,0.5,21.03676470588235,18.0,0,66
sciences,LG,PGD,0.7,FGSM,0.6,21.125,18.0,0,66
sciences,LG,PGD,0.7,FGSM,0.7,21.448529411764707,19.0,0,66
sciences,LG,PGD,0.7,FGSM,0.8,21.441176470588236,19.5,0,66
sciences,LG,PGD,0.7,FGSM,0.9,21.441176470588236,19.5,0,66
sciences,LG,PGD,0.7,FGSM,1.0,21.455882352941178,19.5,0,66
sciences,MOTO,PGD,0.7,FGSM,0.1,20.198529411764707,16.0,0,56
sciences,MOTO,PGD,0.7,FGSM,0.2,21.058823529411764,18.5,0,58
sciences,MOTO,PGD,0.7,FGSM,0.3,21.264705882352942,19.5,1,63
sciences,MOTO,PGD,0.7,FGSM,0.4,21.46323529411765,19.5,1,63
sciences,MOTO,PGD,0.7,FGSM,0.5,21.558823529411764,20.0,1,63
sciences,MOTO,PGD,0.7,FGSM,0.6,21.735294117647058,20.0,1,63
sciences,MOTO,PGD,0.7,FGSM,0.7,21.71323529411765,20.0,1,63
sciences,MOTO,PGD,0.7,FGSM,0.8,21.926470588235293,20.5,1,63
sciences,MOTO,PGD,0.7,FGSM,0.9,21.970588235294116,21.0,1,63
sciences,MOTO,PGD,0.7,FGSM,1.0,21.970588235294116,21.0,1,63
sciences,OP3,PGD,0.7,FGSM,0.1,19.169117647058822,15.0,1,65
sciences,OP3,PGD,0.7,FGSM,0.2,20.595588235294116,18.0,1,65
sciences,OP3,PGD,0.7,FGSM,0.3,20.360294117647058,17.5,1,65
sciences,OP3,PGD,0.7,FGSM,0.4,20.573529411764707,18.0,0,65
sciences,OP3,PGD,0.7,FGSM,0.5,20.691176470588236,18.0,0,65
sciences,OP3,PGD,0.7,FGSM,0.6,20.808823529411764,18.0,0,65
sciences,OP3,PGD,0.7,FGSM,0.7,20.676470588235293,18.0,0,65
sciences,OP3,PGD,0.7,FGSM,0.8,20.845588235294116,18.5,0,65
sciences,OP3,PGD,0.7,FGSM,0.9,20.779411764705884,18.5,0,65
sciences,OP3,PGD,0.7,FGSM,1.0,20.889705882352942,19.0,0,65
sciences,S7,PGD,0.7,FGSM,0.1,19.610294117647058,16.0,0,66
sciences,S7,PGD,0.7,FGSM,0.2,21.0,17.0,0,65
sciences,S7,PGD,0.7,FGSM,0.3,21.49264705882353,17.0,0,65
sciences,S7,PGD,0.7,FGSM,0.4,22.0,18.5,0,65
sciences,S7,PGD,0.7,FGSM,0.5,22.0,19.0,0,65
sciences,S7,PGD,0.7,FGSM,0.6,22.102941176470587,19.0,0,65
sciences,S7,PGD,0.7,FGSM,0.7,22.110294117647058,19.0,0,65
sciences,S7,PGD,0.7,FGSM,0.8,22.227941176470587,19.0,0,65
sciences,S7,PGD,0.7,FGSM,0.9,22.227941176470587,19.0,0,65
sciences,S7,PGD,0.7,FGSM,1.0,22.13235294117647,19.0,0,65
sciences,BLU,PGD,0.8,FGSM,0.1,20.919117647058822,16.0,0,67
sciences,BLU,PGD,0.8,FGSM,0.2,23.654411764705884,20.0,0,67
sciences,BLU,PGD,0.8,FGSM,0.3,24.272058823529413,20.5,0,67
sciences,BLU,PGD,0.8,FGSM,0.4,24.654411764705884,20.5,0,67
sciences,BLU,PGD,0.8,FGSM,0.5,25.816176470588236,22.0,0,67
sciences,BLU,PGD,0.8,FGSM,0.6,25.926470588235293,22.0,0,66
sciences,BLU,PGD,0.8,FGSM,0.7,25.926470588235293,22.0,0,66
sciences,BLU,PGD,0.8,FGSM,0.8,26.014705882352942,22.0,0,66
sciences,BLU,PGD,0.8,FGSM,0.9,25.897058823529413,22.0,0,66
sciences,BLU,PGD,0.8,FGSM,1.0,25.955882352941178,22.0,0,66
sciences,HTC,PGD,0.8,FGSM,0.1,20.279411764705884,17.5,1,67
sciences,HTC,PGD,0.8,FGSM,0.2,23.647058823529413,21.0,1,67
sciences,HTC,PGD,0.8,FGSM,0.3,24.191176470588236,22.0,1,67
sciences,HTC,PGD,0.8,FGSM,0.4,24.125,22.0,1,67
sciences,HTC,PGD,0.8,FGSM,0.5,24.375,22.0,1,67
sciences,HTC,PGD,0.8,FGSM,0.6,24.919117647058822,23.0,1,67
sciences,HTC,PGD,0.8,FGSM,0.7,25.11764705882353,23.0,1,67
sciences,HTC,PGD,0.8,FGSM,0.8,25.11764705882353,23.0,1,67
sciences,HTC,PGD,0.8,FGSM,0.9,25.11764705882353,23.0,1,67
sciences,HTC,PGD,0.8,FGSM,1.0,24.889705882352942,23.0,1,67
sciences,LG,PGD,0.8,FGSM,0.1,21.220588235294116,16.0,0,66
sciences,LG,PGD,0.8,FGSM,0.2,24.50735294117647,19.0,0,66
sciences,LG,PGD,0.8,FGSM,0.3,24.933823529411764,19.5,0,66
sciences,LG,PGD,0.8,FGSM,0.4,26.13235294117647,21.0,0,66
sciences,LG,PGD,0.8,FGSM,0.5,26.404411764705884,22.0,0,66
sciences,LG,PGD,0.8,FGSM,0.6,26.345588235294116,22.0,0,66
sciences,LG,PGD,0.8,FGSM,0.7,26.801470588235293,23.5,0,66
sciences,LG,PGD,0.8,FGSM,0.8,26.83823529411765,23.5,0,66
sciences,LG,PGD,0.8,FGSM,0.9,26.83823529411765,23.5,0,66
sciences,LG,PGD,0.8,FGSM,1.0,26.830882352941178,23.5,0,66
sciences,MOTO,PGD,0.8,FGSM,0.1,17.970588235294116,16.0,0,65
sciences,MOTO,PGD,0.8,FGSM,0.2,20.96323529411765,19.0,0,65
sciences,MOTO,PGD,0.8,FGSM,0.3,20.845588235294116,19.0,0,65
sciences,MOTO,PGD,0.8,FGSM,0.4,21.448529411764707,19.0,0,65
sciences,MOTO,PGD,0.8,FGSM,0.5,22.095588235294116,19.0,0,65
sciences,MOTO,PGD,0.8,FGSM,0.6,22.147058823529413,18.5,0,65
sciences,MOTO,PGD,0.8,FGSM,0.7,22.16176470588235,18.5,0,65
sciences,MOTO,PGD,0.8,FGSM,0.8,22.147058823529413,18.5,0,65
sciences,MOTO,PGD,0.8,FGSM,0.9,22.25735294117647,18.5,0,65
sciences,MOTO,PGD,0.8,FGSM,1.0,21.875,18.0,0,65
sciences,OP3,PGD,0.8,FGSM,0.1,20.75,17.5,0,65
sciences,OP3,PGD,0.8,FGSM,0.2,23.727941176470587,22.0,0,65
sciences,OP3,PGD,0.8,FGSM,0.3,24.073529411764707,23.0,0,65
sciences,OP3,PGD,0.8,FGSM,0.4,24.941176470588236,23.0,0,65
sciences,OP3,PGD,0.8,FGSM,0.5,25.485294117647058,23.0,0,65
sciences,OP3,PGD,0.8,FGSM,0.6,25.448529411764707,23.0,0,65
sciences,OP3,PGD,0.8,FGSM,0.7,25.727941176470587,23.0,0,65
sciences,OP3,PGD,0.8,FGSM,0.8,25.941176470588236,25.5,0,65
sciences,OP3,PGD,0.8,FGSM,0.9,26.00735294117647,25.5,0,65
sciences,OP3,PGD,0.8,FGSM,1.0,25.823529411764707,24.0,0,65
sciences,S7,PGD,0.8,FGSM,0.1,22.28676470588235,18.0,1,66
sciences,S7,PGD,0.8,FGSM,0.2,23.720588235294116,19.0,0,66
sciences,S7,PGD,0.8,FGSM,0.3,24.529411764705884,20.0,0,66
sciences,S7,PGD,0.8,FGSM,0.4,25.316176470588236,20.0,1,66
sciences,S7,PGD,0.8,FGSM,0.5,25.926470588235293,21.5,1,66
sciences,S7,PGD,0.8,FGSM,0.6,25.830882352941178,21.5,1,66
sciences,S7,PGD,0.8,FGSM,0.7,26.36764705882353,21.5,1,66
sciences,S7,PGD,0.8,FGSM,0.8,26.308823529411764,21.5,1,66
sciences,S7,PGD,0.8,FGSM,0.9,26.308823529411764,21.5,1,66
sciences,S7,PGD,0.8,FGSM,1.0,26.397058823529413,22.0,1,66
sciences,BLU,PGD,0.9,FGSM,0.1,22.080882352941178,19.0,0,66
sciences,BLU,PGD,0.9,FGSM,0.2,23.63235294117647,21.5,0,67
sciences,BLU,PGD,0.9,FGSM,0.3,23.897058823529413,23.0,0,67
sciences,BLU,PGD,0.9,FGSM,0.4,24.21323529411765,23.0,0,67
sciences,BLU,PGD,0.9,FGSM,0.5,24.926470588235293,24.0,0,67
sciences,BLU,PGD,0.9,FGSM,0.6,25.139705882352942,23.5,0,67
sciences,BLU,PGD,0.9,FGSM,0.7,25.191176470588236,23.5,0,67
sciences,BLU,PGD,0.9,FGSM,0.8,25.08823529411765,23.0,0,67
sciences,BLU,PGD,0.9,FGSM,0.9,25.11764705882353,23.0,0,67
sciences,BLU,PGD,0.9,FGSM,1.0,25.16176470588235,23.0,0,67
sciences,HTC,PGD,0.9,FGSM,0.1,16.955882352941178,11.0,0,66
sciences,HTC,PGD,0.9,FGSM,0.2,20.279411764705884,14.0,0,66
sciences,HTC,PGD,0.9,FGSM,0.3,20.985294117647058,15.0,0,66
sciences,HTC,PGD,0.9,FGSM,0.4,22.352941176470587,16.5,0,66
sciences,HTC,PGD,0.9,FGSM,0.5,22.46323529411765,17.0,0,66
sciences,HTC,PGD,0.9,FGSM,0.6,22.698529411764707,18.0,0,66
sciences,HTC,PGD,0.9,FGSM,0.7,22.698529411764707,18.0,0,66
sciences,HTC,PGD,0.9,FGSM,0.8,22.78676470588235,18.0,0,66
sciences,HTC,PGD,0.9,FGSM,0.9,22.985294117647058,18.5,0,66
sciences,HTC,PGD,0.9,FGSM,1.0,22.985294117647058,18.5,0,66
sciences,LG,PGD,0.9,FGSM,0.1,22.147058823529413,14.0,0,66
sciences,LG,PGD,0.9,FGSM,0.2,24.330882352941178,21.0,0,67
sciences,LG,PGD,0.9,FGSM,0.3,24.455882352941178,21.0,0,67
sciences,LG,PGD,0.9,FGSM,0.4,24.669117647058822,22.0,0,67
sciences,LG,PGD,0.9,FGSM,0.5,24.823529411764707,22.0,0,67
sciences,LG,PGD,0.9,FGSM,0.6,25.051470588235293,22.0,0,67
sciences,LG,PGD,0.9,FGSM,0.7,25.323529411764707,22.5,0,67
sciences,LG,PGD,0.9,FGSM,0.8,25.448529411764707,23.0,0,67
sciences,LG,PGD,0.9,FGSM,0.9,25.448529411764707,23.0,0,67
sciences,LG,PGD,0.9,FGSM,1.0,25.433823529411764,23.0,0,67
sciences,MOTO,PGD,0.9,FGSM,0.1,20.691176470588236,15.5,0,66
sciences,MOTO,PGD,0.9,FGSM,0.2,22.654411764705884,18.5,0,66
sciences,MOTO,PGD,0.9,FGSM,0.3,22.50735294117647,19.0,0,66
sciences,MOTO,PGD,0.9,FGSM,0.4,22.433823529411764,19.0,0,66
sciences,MOTO,PGD,0.9,FGSM,0.5,22.455882352941178,19.0,0,66
sciences,MOTO,PGD,0.9,FGSM,0.6,22.051470588235293,19.0,0,66
sciences,MOTO,PGD,0.9,FGSM,0.7,22.294117647058822,19.0,0,66
sciences,MOTO,PGD,0.9,FGSM,0.8,22.88235294117647,19.0,0,66
sciences,MOTO,PGD,0.9,FGSM,0.9,22.845588235294116,19.0,0,66
sciences,MOTO,PGD,0.9,FGSM,1.0,22.852941176470587,19.0,0,66
sciences,OP3,PGD,0.9,FGSM,0.1,23.36764705882353,16.0,0,67
sciences,OP3,PGD,0.9,FGSM,0.2,25.08823529411765,19.0,0,67
sciences,OP3,PGD,0.9,FGSM,0.3,25.272058823529413,20.0,0,67
sciences,OP3,PGD,0.9,FGSM,0.4,25.58823529411765,20.0,0,67
sciences,OP3,PGD,0.9,FGSM,0.5,25.691176470588236,20.0,0,67
sciences,OP3,PGD,0.9,FGSM,0.6,25.83823529411765,20.5,0,67
sciences,OP3,PGD,0.9,FGSM,0.7,25.926470588235293,20.5,0,67
sciences,OP3,PGD,0.9,FGSM,0.8,25.926470588235293,20.5,0,67
sciences,OP3,PGD,0.9,FGSM,0.9,25.926470588235293,20.5,0,67
sciences,OP3,PGD,0.9,FGSM,1.0,25.941176470588236,20.5,0,67
sciences,S7,PGD,0.9,FGSM,0.1,20.889705882352942,14.0,1,67
sciences,S7,PGD,0.9,FGSM,0.2,23.352941176470587,16.0,1,67
sciences,S7,PGD,0.9,FGSM,0.3,23.941176470588236,18.5,1,67
sciences,S7,PGD,0.9,FGSM,0.4,24.279411764705884,19.0,1,67
sciences,S7,PGD,0.9,FGSM,0.5,24.639705882352942,20.5,1,67
sciences,S7,PGD,0.9,FGSM,0.6,25.051470588235293,21.5,1,67
sciences,S7,PGD,0.9,FGSM,0.7,25.051470588235293,21.5,1,67
sciences,S7,PGD,0.9,FGSM,0.8,25.051470588235293,21.5,1,67
sciences,S7,PGD,0.9,FGSM,0.9,25.051470588235293,21.5,1,67
sciences,S7,PGD,0.9,FGSM,1.0,25.051470588235293,21.5,1,67
sciences,BLU,PGD,1.0,FGSM,0.1,27.235294117647058,23.5,0,66
sciences,BLU,PGD,1.0,FGSM,0.2,28.051470588235293,24.0,0,66
sciences,BLU,PGD,1.0,FGSM,0.3,28.53676470588235,26.0,0,67
sciences,BLU,PGD,1.0,FGSM,0.4,29.49264705882353,27.0,0,67
sciences,BLU,PGD,1.0,FGSM,0.5,29.53676470588235,27.0,0,67
sciences,BLU,PGD,1.0,FGSM,0.6,29.139705882352942,27.0,0,67
sciences,BLU,PGD,1.0,FGSM,0.7,29.735294117647058,27.0,0,67
sciences,BLU,PGD,1.0,FGSM,0.8,29.389705882352942,27.0,0,67
sciences,BLU,PGD,1.0,FGSM,0.9,29.21323529411765,27.0,0,67
sciences,BLU,PGD,1.0,FGSM,1.0,28.676470588235293,27.0,0,67
sciences,HTC,PGD,1.0,FGSM,0.1,25.720588235294116,17.5,0,67
sciences,HTC,PGD,1.0,FGSM,0.2,28.191176470588236,22.0,1,67
sciences,HTC,PGD,1.0,FGSM,0.3,26.352941176470587,19.5,1,67
sciences,HTC,PGD,1.0,FGSM,0.4,27.0,21.0,1,67
sciences,HTC,PGD,1.0,FGSM,0.5,26.71323529411765,21.0,0,67
sciences,HTC,PGD,1.0,FGSM,0.6,26.279411764705884,21.0,0,67
sciences,HTC,PGD,1.0,FGSM,0.7,25.779411764705884,20.5,0,67
sciences,HTC,PGD,1.0,FGSM,0.8,26.860294117647058,22.0,0,67
sciences,HTC,PGD,1.0,FGSM,0.9,28.0,24.0,0,67
sciences,HTC,PGD,1.0,FGSM,1.0,28.0,24.0,0,67
sciences,LG,PGD,1.0,FGSM,0.1,24.63235294117647,18.0,1,67
sciences,LG,PGD,1.0,FGSM,0.2,26.852941176470587,23.0,2,67
sciences,LG,PGD,1.0,FGSM,0.3,27.014705882352942,23.0,2,67
sciences,LG,PGD,1.0,FGSM,0.4,26.933823529411764,23.0,2,67
sciences,LG,PGD,1.0,FGSM,0.5,27.53676470588235,23.5,2,67
sciences,LG,PGD,1.0,FGSM,0.6,28.264705882352942,24.5,2,67
sciences,LG,PGD,1.0,FGSM,0.7,28.5,24.5,2,67
sciences,LG,PGD,1.0,FGSM,0.8,28.639705882352942,24.5,2,67
sciences,LG,PGD,1.0,FGSM,0.9,28.058823529411764,24.5,2,67
sciences,LG,PGD,1.0,FGSM,1.0,28.41176470588235,25.0,2,67
sciences,MOTO,PGD,1.0,FGSM,0.1,24.205882352941178,19.0,0,67
sciences,MOTO,PGD,1.0,FGSM,0.2,23.683823529411764,19.5,0,67
sciences,MOTO,PGD,1.0,FGSM,0.3,22.49264705882353,19.0,0,66
sciences,MOTO,PGD,1.0,FGSM,0.4,22.227941176470587,19.0,0,66
sciences,MOTO,PGD,1.0,FGSM,0.5,22.11764705882353,19.0,0,66
sciences,MOTO,PGD,1.0,FGSM,0.6,22.13235294117647,19.0,0,66
sciences,MOTO,PGD,1.0,FGSM,0.7,22.375,19.5,0,66
sciences,MOTO,PGD,1.0,FGSM,0.8,22.38235294117647,19.5,0,66
sciences,MOTO,PGD,1.0,FGSM,0.9,22.38235294117647,19.5,0,66
sciences,MOTO,PGD,1.0,FGSM,1.0,22.404411764705884,19.5,0,66
sciences,OP3,PGD,1.0,FGSM,0.1,23.566176470588236,18.5,0,67
sciences,OP3,PGD,1.0,FGSM,0.2,26.86764705882353,24.0,0,67
sciences,OP3,PGD,1.0,FGSM,0.3,26.875,23.5,0,65
sciences,OP3,PGD,1.0,FGSM,0.4,27.198529411764707,24.0,0,65
sciences,OP3,PGD,1.0,FGSM,0.5,26.955882352941178,24.0,0,65
sciences,OP3,PGD,1.0,FGSM,0.6,26.955882352941178,24.0,0,65
sciences,OP3,PGD,1.0,FGSM,0.7,27.852941176470587,24.5,0,66
sciences,OP3,PGD,1.0,FGSM,0.8,28.808823529411764,25.5,0,67
sciences,OP3,PGD,1.0,FGSM,0.9,28.683823529411764,25.0,0,67
sciences,OP3,PGD,1.0,FGSM,1.0,28.683823529411764,25.0,0,67
sciences,S7,PGD,1.0,FGSM,0.1,22.727941176470587,18.5,0,67
sciences,S7,PGD,1.0,FGSM,0.2,23.66176470588235,19.5,0,67
sciences,S7,PGD,1.0,FGSM,0.3,23.71323529411765,19.5,0,67
sciences,S7,PGD,1.0,FGSM,0.4,25.205882352941178,21.0,1,67
sciences,S7,PGD,1.0,FGSM,0.5,26.139705882352942,22.0,0,67
sciences,S7,PGD,1.0,FGSM,0.6,26.602941176470587,22.0,0,67
sciences,S7,PGD,1.0,FGSM,0.7,27.308823529411764,23.5,0,67
sciences,S7,PGD,1.0,FGSM,0.8,27.080882352941178,23.5,0,67
sciences,S7,PGD,1.0,FGSM,0.9,26.926470588235293,23.5,0,67
sciences,S7,PGD,1.0,FGSM,1.0,27.154411764705884,24.0,0,67
sciences,BLU,MIM,0.1,FGSM,0.1,23.044117647058822,18.0,0,67
sciences,BLU,MIM,0.1,FGSM,0.2,25.080882352941178,22.0,1,67
sciences,BLU,MIM,0.1,FGSM,0.3,25.573529411764707,23.5,1,67
sciences,BLU,MIM,0.1,FGSM,0.4,25.566176470588236,23.5,1,67
sciences,BLU,MIM,0.1,FGSM,0.5,25.852941176470587,24.5,1,67
sciences,BLU,MIM,0.1,FGSM,0.6,25.801470588235293,24.5,1,67
sciences,BLU,MIM,0.1,FGSM,0.7,25.764705882352942,24.5,1,67
sciences,BLU,MIM,0.1,FGSM,0.8,25.794117647058822,24.5,1,67
sciences,BLU,MIM,0.1,FGSM,0.9,25.830882352941178,24.5,1,67
sciences,BLU,MIM,0.1,FGSM,1.0,25.801470588235293,24.5,1,67
sciences,HTC,MIM,0.1,FGSM,0.1,19.205882352941178,13.0,0,67
sciences,HTC,MIM,0.1,FGSM,0.2,22.110294117647058,16.5,0,67
sciences,HTC,MIM,0.1,FGSM,0.3,23.014705882352942,18.0,0,67
sciences,HTC,MIM,0.1,FGSM,0.4,23.095588235294116,19.0,2,67
sciences,HTC,MIM,0.1,FGSM,0.5,23.683823529411764,19.0,2,67
sciences,HTC,MIM,0.1,FGSM,0.6,23.955882352941178,19.5,2,67
sciences,HTC,MIM,0.1,FGSM,0.7,23.977941176470587,19.5,2,67
sciences,HTC,MIM,0.1,FGSM,0.8,24.272058823529413,22.0,2,67
sciences,HTC,MIM,0.1,FGSM,0.9,24.308823529411764,22.0,2,67
sciences,HTC,MIM,0.1,FGSM,1.0,24.63235294117647,22.0,2,67
sciences,LG,MIM,0.1,FGSM,0.1,20.147058823529413,12.5,0,66
sciences,LG,MIM,0.1,FGSM,0.2,23.389705882352942,19.5,1,66
sciences,LG,MIM,0.1,FGSM,0.3,24.125,20.5,1,66
sciences,LG,MIM,0.1,FGSM,0.4,24.904411764705884,21.5,1,66
sciences,LG,MIM,0.1,FGSM,0.5,24.889705882352942,22.0,1,66
sciences,LG,MIM,0.1,FGSM,0.6,25.073529411764707,22.0,0,66
sciences,LG,MIM,0.1,FGSM,0.7,25.029411764705884,22.0,0,66
sciences,LG,MIM,0.1,FGSM,0.8,25.044117647058822,23.0,0,66
sciences,LG,MIM,0.1,FGSM,0.9,25.066176470588236,23.0,0,66
sciences,LG,MIM,0.1,FGSM,1.0,25.176470588235293,23.0,0,66
sciences,MOTO,MIM,0.1,FGSM,0.1,22.389705882352942,15.5,0,67
sciences,MOTO,MIM,0.1,FGSM,0.2,24.125,20.0,0,67
sciences,MOTO,MIM,0.1,FGSM,0.3,24.71323529411765,20.5,0,67
sciences,MOTO,MIM,0.1,FGSM,0.4,24.889705882352942,22.0,0,67
sciences,MOTO,MIM,0.1,FGSM,0.5,24.66176470588235,22.0,0,67
sciences,MOTO,MIM,0.1,FGSM,0.6,24.58823529411765,22.0,0,67
sciences,MOTO,MIM,0.1,FGSM,0.7,24.705882352941178,22.0,0,67
sciences,MOTO,MIM,0.1,FGSM,0.8,24.71323529411765,22.0,0,67
sciences,MOTO,MIM,0.1,FGSM,0.9,24.720588235294116,22.0,0,67
sciences,MOTO,MIM,0.1,FGSM,1.0,24.735294117647058,22.0,0,67
sciences,OP3,MIM,0.1,FGSM,0.1,22.46323529411765,17.0,1,66
sciences,OP3,MIM,0.1,FGSM,0.2,23.61764705882353,20.5,1,66
sciences,OP3,MIM,0.1,FGSM,0.3,23.544117647058822,20.0,1,66
sciences,OP3,MIM,0.1,FGSM,0.4,24.352941176470587,21.0,1,66
sciences,OP3,MIM,0.1,FGSM,0.5,24.235294117647058,21.0,1,66
sciences,OP3,MIM,0.1,FGSM,0.6,23.970588235294116,21.0,1,66
sciences,OP3,MIM,0.1,FGSM,0.7,23.96323529411765,21.0,1,66
sciences,OP3,MIM,0.1,FGSM,0.8,23.970588235294116,21.0,1,66
sciences,OP3,MIM,0.1,FGSM,0.9,24.183823529411764,21.0,1,66
sciences,OP3,MIM,0.1,FGSM,1.0,24.24264705882353,21.0,1,66
sciences,S7,MIM,0.1,FGSM,0.1,22.029411764705884,17.0,0,67
sciences,S7,MIM,0.1,FGSM,0.2,24.139705882352942,20.0,2,67
sciences,S7,MIM,0.1,FGSM,0.3,24.88235294117647,20.5,2,67
sciences,S7,MIM,0.1,FGSM,0.4,24.86764705882353,20.5,2,67
sciences,S7,MIM,0.1,FGSM,0.5,24.53676470588235,19.5,2,67
sciences,S7,MIM,0.1,FGSM,0.6,24.514705882352942,19.5,2,67
sciences,S7,MIM,0.1,FGSM,0.7,24.823529411764707,22.0,2,67
sciences,S7,MIM,0.1,FGSM,0.8,24.941176470588236,22.0,2,67
sciences,S7,MIM,0.1,FGSM,0.9,24.860294117647058,22.0,2,67
sciences,S7,MIM,0.1,FGSM,1.0,25.073529411764707,22.0,2,67
sciences,BLU,MIM,0.2,FGSM,0.1,20.205882352941178,15.0,0,66
sciences,BLU,MIM,0.2,FGSM,0.2,23.25735294117647,19.0,0,66
sciences,BLU,MIM,0.2,FGSM,0.3,23.852941176470587,19.0,0,66
sciences,BLU,MIM,0.2,FGSM,0.4,24.36764705882353,19.5,0,66
sciences,BLU,MIM,0.2,FGSM,0.5,24.720588235294116,20.0,0,66
sciences,BLU,MIM,0.2,FGSM,0.6,24.595588235294116,19.5,0,66
sciences,BLU,MIM,0.2,FGSM,0.7,24.654411764705884,20.0,0,66
sciences,BLU,MIM,0.2,FGSM,0.8,24.823529411764707,20.5,0,66
sciences,BLU,MIM,0.2,FGSM,0.9,24.933823529411764,21.0,0,66
sciences,BLU,MIM,0.2,FGSM,1.0,24.955882352941178,21.0,0,66
sciences,HTC,MIM,0.2,FGSM,0.1,21.448529411764707,16.5,0,65
sciences,HTC,MIM,0.2,FGSM,0.2,23.727941176470587,20.5,0,65
sciences,HTC,MIM,0.2,FGSM,0.3,24.03676470588235,21.0,0,65
sciences,HTC,MIM,0.2,FGSM,0.4,25.00735294117647,21.5,0,65
sciences,HTC,MIM,0.2,FGSM,0.5,25.316176470588236,22.0,0,65
sciences,HTC,MIM,0.2,FGSM,0.6,25.24264705882353,22.0,0,65
sciences,HTC,MIM,0.2,FGSM,0.7,25.227941176470587,22.0,0,65
sciences,HTC,MIM,0.2,FGSM,0.8,25.080882352941178,21.5,0,65
sciences,HTC,MIM,0.2,FGSM,0.9,25.080882352941178,21.5,0,65
sciences,HTC,MIM,0.2,FGSM,1.0,25.073529411764707,21.5,0,65
sciences,LG,MIM,0.2,FGSM,0.1,16.573529411764707,12.0,0,66
sciences,LG,MIM,0.2,FGSM,0.2,20.904411764705884,17.0,0,66
sciences,LG,MIM,0.2,FGSM,0.3,23.0,19.0,0,66
sciences,LG,MIM,0.2,FGSM,0.4,23.830882352941178,20.5,0,66
sciences,LG,MIM,0.2,FGSM,0.5,24.073529411764707,20.5,0,66
sciences,LG,MIM,0.2,FGSM,0.6,24.11764705882353,20.0,0,66
sciences,LG,MIM,0.2,FGSM,0.7,24.110294117647058,20.0,0,66
sciences,LG,MIM,0.2,FGSM,0.8,24.102941176470587,20.0,0,66
sciences,LG,MIM,0.2,FGSM,0.9,24.095588235294116,20.0,0,66
sciences,LG,MIM,0.2,FGSM,1.0,24.21323529411765,20.0,0,66
sciences,MOTO,MIM,0.2,FGSM,0.1,22.691176470588236,16.0,1,66
sciences,MOTO,MIM,0.2,FGSM,0.2,27.205882352941178,23.0,1,66
sciences,MOTO,MIM,0.2,FGSM,0.3,28.205882352941178,25.0,1,66
sciences,MOTO,MIM,0.2,FGSM,0.4,29.00735294117647,27.0,1,66
sciences,MOTO,MIM,0.2,FGSM,0.5,29.36764705882353,27.0,1,66
sciences,MOTO,MIM,0.2,FGSM,0.6,29.38235294117647,27.0,1,66
sciences,MOTO,MIM,0.2,FGSM,0.7,29.345588235294116,27.0,1,66
sciences,MOTO,MIM,0.2,FGSM,0.8,29.272058823529413,27.0,1,66
sciences,MOTO,MIM,0.2,FGSM,0.9,29.897058823529413,27.5,1,66
sciences,MOTO,MIM,0.2,FGSM,1.0,30.11764705882353,27.5,1,66
sciences,OP3,MIM,0.2,FGSM,0.1,21.095588235294116,15.0,1,65
sciences,OP3,MIM,0.2,FGSM,0.2,24.352941176470587,19.5,1,65
sciences,OP3,MIM,0.2,FGSM,0.3,24.11764705882353,19.0,1,65
sciences,OP3,MIM,0.2,FGSM,0.4,25.08823529411765,20.0,2,65
sciences,OP3,MIM,0.2,FGSM,0.5,25.46323529411765,20.5,2,65
sciences,OP3,MIM,0.2,FGSM,0.6,25.448529411764707,20.5,2,65
sciences,OP3,MIM,0.2,FGSM,0.7,25.46323529411765,20.0,2,65
sciences,OP3,MIM,0.2,FGSM,0.8,25.558823529411764,20.0,2,65
sciences,OP3,MIM,0.2,FGSM,0.9,25.558823529411764,20.0,2,65
sciences,OP3,MIM,0.2,FGSM,1.0,25.66176470588235,20.0,2,65
sciences,S7,MIM,0.2,FGSM,0.1,20.352941176470587,15.0,0,66
sciences,S7,MIM,0.2,FGSM,0.2,22.360294117647058,18.0,0,66
sciences,S7,MIM,0.2,FGSM,0.3,23.41176470588235,18.0,0,67
sciences,S7,MIM,0.2,FGSM,0.4,23.801470588235293,19.0,0,66
sciences,S7,MIM,0.2,FGSM,0.5,23.779411764705884,19.0,0,66
sciences,S7,MIM,0.2,FGSM,0.6,24.095588235294116,19.5,0,66
sciences,S7,MIM,0.2,FGSM,0.7,24.051470588235293,19.5,0,66
sciences,S7,MIM,0.2,FGSM,0.8,24.25735294117647,20.0,0,66
sciences,S7,MIM,0.2,FGSM,0.9,24.25735294117647,20.0,0,66
sciences,S7,MIM,0.2,FGSM,1.0,24.264705882352942,20.0,0,66
sciences,BLU,MIM,0.3,FGSM,0.1,17.941176470588236,13.0,0,66
sciences,BLU,MIM,0.3,FGSM,0.2,18.58823529411765,14.0,0,63
sciences,BLU,MIM,0.3,FGSM,0.3,18.63235294117647,14.0,0,54
sciences,BLU,MIM,0.3,FGSM,0.4,19.455882352941178,15.0,0,62
sciences,BLU,MIM,0.3,FGSM,0.5,19.816176470588236,15.0,0,62
sciences,BLU,MIM,0.3,FGSM,0.6,19.75,15.0,0,62
sciences,BLU,MIM,0.3,FGSM,0.7,19.75,15.0,0,62
sciences,BLU,MIM,0.3,FGSM,0.8,19.897058823529413,15.0,0,62
sciences,BLU,MIM,0.3,FGSM,0.9,19.875,15.0,0,62
sciences,BLU,MIM,0.3,FGSM,1.0,19.875,15.0,0,62
sciences,HTC,MIM,0.3,FGSM,0.1,24.227941176470587,19.0,0,66
sciences,HTC,MIM,0.3,FGSM,0.2,25.470588235294116,21.0,0,66
sciences,HTC,MIM,0.3,FGSM,0.3,26.602941176470587,22.0,0,66
sciences,HTC,MIM,0.3,FGSM,0.4,27.41176470588235,24.0,0,66
sciences,HTC,MIM,0.3,FGSM,0.5,27.21323529411765,22.0,0,66
sciences,HTC,MIM,0.3,FGSM,0.6,27.191176470588236,22.0,0,66
sciences,HTC,MIM,0.3,FGSM,0.7,27.139705882352942,22.0,0,66
sciences,HTC,MIM,0.3,FGSM,0.8,27.125,22.0,0,66
sciences,HTC,MIM,0.3,FGSM,0.9,27.139705882352942,22.0,0,66
sciences,HTC,MIM,0.3,FGSM,1.0,27.139705882352942,22.0,0,66
sciences,LG,MIM,0.3,FGSM,0.1,20.720588235294116,12.0,0,67
sciences,LG,MIM,0.3,FGSM,0.2,22.477941176470587,17.0,0,65
sciences,LG,MIM,0.3,FGSM,0.3,23.441176470588236,21.0,0,65
sciences,LG,MIM,0.3,FGSM,0.4,23.919117647058822,21.0,0,65
sciences,LG,MIM,0.3,FGSM,0.5,24.33823529411765,21.5,0,65
sciences,LG,MIM,0.3,FGSM,0.6,24.669117647058822,22.0,0,65
sciences,LG,MIM,0.3,FGSM,0.7,25.066176470588236,22.5,0,65
sciences,LG,MIM,0.3,FGSM,0.8,25.066176470588236,22.5,0,65
sciences,LG,MIM,0.3,FGSM,0.9,25.073529411764707,22.5,0,65
sciences,LG,MIM,0.3,FGSM,1.0,25.073529411764707,22.5,0,65
sciences,MOTO,MIM,0.3,FGSM,0.1,23.279411764705884,20.0,0,66
sciences,MOTO,MIM,0.3,FGSM,0.2,25.044117647058822,21.5,0,65
sciences,MOTO,MIM,0.3,FGSM,0.3,25.485294117647058,21.0,0,65
sciences,MOTO,MIM,0.3,FGSM,0.4,26.49264705882353,21.5,0,65
sciences,MOTO,MIM,0.3,FGSM,0.5,26.669117647058822,22.0,0,65
sciences,MOTO,MIM,0.3,FGSM,0.6,26.720588235294116,22.0,0,65
sciences,MOTO,MIM,0.3,FGSM,0.7,26.830882352941178,22.5,0,65
sciences,MOTO,MIM,0.3,FGSM,0.8,26.96323529411765,23.0,0,66
sciences,MOTO,MIM,0.3,FGSM,0.9,27.08823529411765,23.0,0,66
sciences,MOTO,MIM,0.3,FGSM,1.0,27.21323529411765,23.5,0,66
sciences,OP3,MIM,0.3,FGSM,0.1,21.977941176470587,15.5,0,63
sciences,OP3,MIM,0.3,FGSM,0.2,23.330882352941178,21.5,0,63
sciences,OP3,MIM,0.3,FGSM,0.3,24.529411764705884,23.0,1,63
sciences,OP3,MIM,0.3,FGSM,0.4,25.323529411764707,24.5,1,63
sciences,OP3,MIM,0.3,FGSM,0.5,25.272058823529413,24.0,1,63
sciences,OP3,MIM,0.3,FGSM,0.6,25.227941176470587,24.0,1,63
sciences,OP3,MIM,0.3,FGSM,0.7,25.264705882352942,23.5,1,63
sciences,OP3,MIM,0.3,FGSM,0.8,25.397058823529413,24.0,1,63
sciences,OP3,MIM,0.3,FGSM,0.9,25.397058823529413,24.0,1,63
sciences,OP3,MIM,0.3,FGSM,1.0,25.433823529411764,24.5,1,63
sciences,S7,MIM,0.3,FGSM,0.1,19.625,13.0,0,65
sciences,S7,MIM,0.3,FGSM,0.2,21.066176470588236,16.0,0,64
sciences,S7,MIM,0.3,FGSM,0.3,22.16176470588235,18.5,0,64
sciences,S7,MIM,0.3,FGSM,0.4,22.625,18.0,0,64
sciences,S7,MIM,0.3,FGSM,0.5,22.801470588235293,18.5,0,64
sciences,S7,MIM,0.3,FGSM,0.6,22.772058823529413,18.0,0,64
sciences,S7,MIM,0.3,FGSM,0.7,22.88235294117647,18.5,0,64
sciences,S7,MIM,0.3,FGSM,0.8,23.029411764705884,17.5,0,64
sciences,S7,MIM,0.3,FGSM,0.9,23.03676470588235,17.5,0,64
sciences,S7,MIM,0.3,FGSM,1.0,22.860294117647058,17.0,0,64
sciences,BLU,MIM,0.4,FGSM,0.1,22.33823529411765,16.0,0,66
sciences,BLU,MIM,0.4,FGSM,0.2,23.801470588235293,18.5,0,66
sciences,BLU,MIM,0.4,FGSM,0.3,24.073529411764707,20.0,0,66
sciences,BLU,MIM,0.4,FGSM,0.4,24.25,20.0,0,66
sciences,BLU,MIM,0.4,FGSM,0.5,24.272058823529413,20.0,0,66
sciences,BLU,MIM,0.4,FGSM,0.6,24.46323529411765,20.5,0,66
sciences,BLU,MIM,0.4,FGSM,0.7,24.470588235294116,20.5,0,66
sciences,BLU,MIM,0.4,FGSM,0.8,24.53676470588235,21.0,0,66
sciences,BLU,MIM,0.4,FGSM,0.9,24.529411764705884,21.0,0,66
sciences,BLU,MIM,0.4,FGSM,1.0,24.529411764705884,21.0,0,66
sciences,HTC,MIM,0.4,FGSM,0.1,21.889705882352942,15.0,1,67
sciences,HTC,MIM,0.4,FGSM,0.2,23.595588235294116,18.5,1,66
sciences,HTC,MIM,0.4,FGSM,0.3,23.33823529411765,20.0,1,66
sciences,HTC,MIM,0.4,FGSM,0.4,23.28676470588235,20.0,1,66
sciences,HTC,MIM,0.4,FGSM,0.5,23.485294117647058,20.5,1,66
sciences,HTC,MIM,0.4,FGSM,0.6,23.566176470588236,20.5,1,66
sciences,HTC,MIM,0.4,FGSM,0.7,23.477941176470587,20.5,1,66
sciences,HTC,MIM,0.4,FGSM,0.8,23.50735294117647,20.5,1,66
sciences,HTC,MIM,0.4,FGSM,0.9,23.477941176470587,20.5,1,66
sciences,HTC,MIM,0.4,FGSM,1.0,23.477941176470587,20.5,1,66
sciences,LG,MIM,0.4,FGSM,0.1,22.845588235294116,16.0,0,67
sciences,LG,MIM,0.4,FGSM,0.2,23.308823529411764,18.0,0,66
sciences,LG,MIM,0.4,FGSM,0.3,23.948529411764707,21.0,0,66
sciences,LG,MIM,0.4,FGSM,0.4,24.404411764705884,22.0,0,66
sciences,LG,MIM,0.4,FGSM,0.5,24.580882352941178,22.0,0,66
sciences,LG,MIM,0.4,FGSM,0.6,24.683823529411764,22.0,0,66
sciences,LG,MIM,0.4,FGSM,0.7,24.735294117647058,22.0,0,66
sciences,LG,MIM,0.4,FGSM,0.8,25.139705882352942,22.0,0,66
sciences,LG,MIM,0.4,FGSM,0.9,25.183823529411764,22.0,0,66
sciences,LG,MIM,0.4,FGSM,1.0,25.139705882352942,22.0,0,66
sciences,MOTO,MIM,0.4,FGSM,0.1,18.580882352941178,13.0,0,66
sciences,MOTO,MIM,0.4,FGSM,0.2,21.419117647058822,17.0,0,66
sciences,MOTO,MIM,0.4,FGSM,0.3,21.705882352941178,17.0,0,66
sciences,MOTO,MIM,0.4,FGSM,0.4,21.83823529411765,18.0,0,66
sciences,MOTO,MIM,0.4,FGSM,0.5,22.330882352941178,18.5,0,66
sciences,MOTO,MIM,0.4,FGSM,0.6,22.573529411764707,19.0,0,66
sciences,MOTO,MIM,0.4,FGSM,0.7,22.669117647058822,19.0,0,66
sciences,MOTO,MIM,0.4,FGSM,0.8,22.669117647058822,19.0,0,66
sciences,MOTO,MIM,0.4,FGSM,0.9,22.669117647058822,19.0,0,66
sciences,MOTO,MIM,0.4,FGSM,1.0,22.779411764705884,19.0,0,66
sciences,OP3,MIM,0.4,FGSM,0.1,20.801470588235293,15.0,1,66
sciences,OP3,MIM,0.4,FGSM,0.2,23.272058823529413,19.0,1,66
sciences,OP3,MIM,0.4,FGSM,0.3,23.639705882352942,19.5,1,66
sciences,OP3,MIM,0.4,FGSM,0.4,24.044117647058822,20.0,1,66
sciences,OP3,MIM,0.4,FGSM,0.5,24.102941176470587,20.0,1,66
sciences,OP3,MIM,0.4,FGSM,0.6,24.845588235294116,21.0,1,66
sciences,OP3,MIM,0.4,FGSM,0.7,25.00735294117647,21.0,1,66
sciences,OP3,MIM,0.4,FGSM,0.8,25.014705882352942,21.0,1,66
sciences,OP3,MIM,0.4,FGSM,0.9,25.022058823529413,21.0,1,66
sciences,OP3,MIM,0.4,FGSM,1.0,24.977941176470587,21.0,1,66
sciences,S7,MIM,0.4,FGSM,0.1,21.33823529411765,14.0,0,65
sciences,S7,MIM,0.4,FGSM,0.2,22.955882352941178,17.0,1,65
sciences,S7,MIM,0.4,FGSM,0.3,22.49264705882353,18.0,0,65
sciences,S7,MIM,0.4,FGSM,0.4,22.639705882352942,18.5,0,65
sciences,S7,MIM,0.4,FGSM,0.5,23.308823529411764,19.0,1,65
sciences,S7,MIM,0.4,FGSM,0.6,23.36764705882353,19.0,1,65
sciences,S7,MIM,0.4,FGSM,0.7,23.53676470588235,19.0,1,65
sciences,S7,MIM,0.4,FGSM,0.8,23.610294117647058,19.0,1,65
sciences,S7,MIM,0.4,FGSM,0.9,23.610294117647058,19.0,1,65
sciences,S7,MIM,0.4,FGSM,1.0,23.610294117647058,19.0,1,65
sciences,BLU,MIM,0.5,FGSM,0.1,19.816176470588236,15.5,0,65
sciences,BLU,MIM,0.5,FGSM,0.2,21.397058823529413,17.0,0,65
sciences,BLU,MIM,0.5,FGSM,0.3,21.323529411764707,17.0,0,65
sciences,BLU,MIM,0.5,FGSM,0.4,22.272058823529413,18.0,0,65
sciences,BLU,MIM,0.5,FGSM,0.5,22.110294117647058,18.0,0,65
sciences,BLU,MIM,0.5,FGSM,0.6,22.227941176470587,18.0,0,65
sciences,BLU,MIM,0.5,FGSM,0.7,22.21323529411765,18.0,0,65
sciences,BLU,MIM,0.5,FGSM,0.8,22.389705882352942,18.0,0,65
sciences,BLU,MIM,0.5,FGSM,0.9,22.49264705882353,18.5,0,65
sciences,BLU,MIM,0.5,FGSM,1.0,22.58823529411765,19.0,0,65
sciences,HTC,MIM,0.5,FGSM,0.1,20.889705882352942,15.5,0,65
sciences,HTC,MIM,0.5,FGSM,0.2,23.316176470588236,19.0,0,65
sciences,HTC,MIM,0.5,FGSM,0.3,23.830882352941178,19.0,0,65
sciences,HTC,MIM,0.5,FGSM,0.4,24.00735294117647,19.0,0,65
sciences,HTC,MIM,0.5,FGSM,0.5,24.823529411764707,19.5,0,65
sciences,HTC,MIM,0.5,FGSM,0.6,24.985294117647058,20.0,0,65
sciences,HTC,MIM,0.5,FGSM,0.7,25.28676470588235,20.5,0,65
sciences,HTC,MIM,0.5,FGSM,0.8,24.96323529411765,20.0,0,65
sciences,HTC,MIM,0.5,FGSM,0.9,25.066176470588236,20.0,0,65
sciences,HTC,MIM,0.5,FGSM,1.0,25.03676470588235,20.0,0,65
sciences,LG,MIM,0.5,FGSM,0.1,20.183823529411764,13.5,0,67
sciences,LG,MIM,0.5,FGSM,0.2,22.147058823529413,15.0,0,67
sciences,LG,MIM,0.5,FGSM,0.3,23.558823529411764,19.5,0,67
sciences,LG,MIM,0.5,FGSM,0.4,23.566176470588236,19.5,0,66
sciences,LG,MIM,0.5,FGSM,0.5,23.75,20.0,0,66
sciences,LG,MIM,0.5,FGSM,0.6,24.058823529411764,20.0,0,66
sciences,LG,MIM,0.5,FGSM,0.7,24.50735294117647,21.0,0,66
sciences,LG,MIM,0.5,FGSM,0.8,23.78676470588235,20.0,0,66
sciences,LG,MIM,0.5,FGSM,0.9,23.551470588235293,20.0,0,66
sciences,LG,MIM,0.5,FGSM,1.0,23.551470588235293,20.0,0,66
sciences,MOTO,MIM,0.5,FGSM,0.1,21.110294117647058,16.5,0,66
sciences,MOTO,MIM,0.5,FGSM,0.2,23.03676470588235,19.0,1,66
sciences,MOTO,MIM,0.5,FGSM,0.3,24.022058823529413,20.0,1,66
sciences,MOTO,MIM,0.5,FGSM,0.4,24.38235294117647,20.0,1,66
sciences,MOTO,MIM,0.5,FGSM,0.5,24.941176470588236,20.0,1,66
sciences,MOTO,MIM,0.5,FGSM,0.6,24.823529411764707,20.0,1,66
sciences,MOTO,MIM,0.5,FGSM,0.7,24.514705882352942,20.0,1,66
sciences,MOTO,MIM,0.5,FGSM,0.8,24.529411764705884,20.0,1,66
sciences,MOTO,MIM,0.5,FGSM,0.9,24.352941176470587,20.0,1,66
sciences,MOTO,MIM,0.5,FGSM,1.0,24.316176470588236,20.0,1,66
sciences,OP3,MIM,0.5,FGSM,0.1,20.433823529411764,16.0,0,66
sciences,OP3,MIM,0.5,FGSM,0.2,22.080882352941178,18.5,0,66
sciences,OP3,MIM,0.5,FGSM,0.3,23.691176470588236,20.0,0,67
sciences,OP3,MIM,0.5,FGSM,0.4,23.71323529411765,19.5,0,67
sciences,OP3,MIM,0.5,FGSM,0.5,24.022058823529413,20.0,0,67
sciences,OP3,MIM,0.5,FGSM,0.6,24.066176470588236,20.0,0,67
sciences,OP3,MIM,0.5,FGSM,0.7,23.74264705882353,20.0,0,67
sciences,OP3,MIM,0.5,FGSM,0.8,23.566176470588236,19.5,0,67
sciences,OP3,MIM,0.5,FGSM,0.9,22.977941176470587,19.0,0,67
sciences,OP3,MIM,0.5,FGSM,1.0,22.772058823529413,19.0,0,67
sciences,S7,MIM,0.5,FGSM,0.1,20.794117647058822,15.5,0,67
sciences,S7,MIM,0.5,FGSM,0.2,23.139705882352942,19.0,0,67
sciences,S7,MIM,0.5,FGSM,0.3,24.470588235294116,21.5,0,67
sciences,S7,MIM,0.5,FGSM,0.4,24.49264705882353,21.0,0,67
sciences,S7,MIM,0.5,FGSM,0.5,24.63235294117647,22.0,0,67
sciences,S7,MIM,0.5,FGSM,0.6,24.779411764705884,22.5,0,67
sciences,S7,MIM,0.5,FGSM,0.7,24.933823529411764,22.5,0,66
sciences,S7,MIM,0.5,FGSM,0.8,24.816176470588236,22.0,0,66
sciences,S7,MIM,0.5,FGSM,0.9,24.904411764705884,22.5,0,66
sciences,S7,MIM,0.5,FGSM,1.0,24.904411764705884,22.5,0,66
sciences,BLU,MIM,0.6,FGSM,0.1,22.477941176470587,18.0,0,67
sciences,BLU,MIM,0.6,FGSM,0.2,22.485294117647058,18.0,0,67
sciences,BLU,MIM,0.6,FGSM,0.3,22.676470588235293,18.0,0,67
sciences,BLU,MIM,0.6,FGSM,0.4,22.683823529411764,18.5,0,67
sciences,BLU,MIM,0.6,FGSM,0.5,22.904411764705884,18.5,0,67
sciences,BLU,MIM,0.6,FGSM,0.6,23.183823529411764,19.0,0,67
sciences,BLU,MIM,0.6,FGSM,0.7,23.227941176470587,19.0,0,67
sciences,BLU,MIM,0.6,FGSM,0.8,23.191176470588236,19.0,0,67
sciences,BLU,MIM,0.6,FGSM,0.9,23.198529411764707,19.0,0,67
sciences,BLU,MIM,0.6,FGSM,1.0,23.264705882352942,19.0,0,67
sciences,HTC,MIM,0.6,FGSM,0.1,20.514705882352942,16.0,0,67
sciences,HTC,MIM,0.6,FGSM,0.2,24.235294117647058,21.0,0,67
sciences,HTC,MIM,0.6,FGSM,0.3,24.977941176470587,21.0,0,67
sciences,HTC,MIM,0.6,FGSM,0.4,25.522058823529413,22.0,0,67
sciences,HTC,MIM,0.6,FGSM,0.5,25.669117647058822,22.0,0,67
sciences,HTC,MIM,0.6,FGSM,0.6,25.720588235294116,22.0,0,67
sciences,HTC,MIM,0.6,FGSM,0.7,25.727941176470587,22.0,0,67
sciences,HTC,MIM,0.6,FGSM,0.8,25.669117647058822,22.0,0,67
sciences,HTC,MIM,0.6,FGSM,0.9,25.669117647058822,22.0,0,67
sciences,HTC,MIM,0.6,FGSM,1.0,25.669117647058822,22.0,0,67
sciences,LG,MIM,0.6,FGSM,0.1,19.610294117647058,15.0,0,67
sciences,LG,MIM,0.6,FGSM,0.2,24.970588235294116,21.0,0,67
sciences,LG,MIM,0.6,FGSM,0.3,26.147058823529413,23.0,0,67
sciences,LG,MIM,0.6,FGSM,0.4,26.61764705882353,24.5,0,67
sciences,LG,MIM,0.6,FGSM,0.5,27.058823529411764,25.5,0,67
sciences,LG,MIM,0.6,FGSM,0.6,27.330882352941178,25.5,0,67
sciences,LG,MIM,0.6,FGSM,0.7,27.323529411764707,25.5,0,67
sciences,LG,MIM,0.6,FGSM,0.8,27.316176470588236,25.5,0,67
sciences,LG,MIM,0.6,FGSM,0.9,27.345588235294116,25.5,0,67
sciences,LG,MIM,0.6,FGSM,1.0,27.345588235294116,25.5,0,67
sciences,MOTO,MIM,0.6,FGSM,0.1,21.330882352941178,17.0,0,67
sciences,MOTO,MIM,0.6,FGSM,0.2,21.75735294117647,18.0,0,67
sciences,MOTO,MIM,0.6,FGSM,0.3,22.404411764705884,18.0,0,64
sciences,MOTO,MIM,0.6,FGSM,0.4,23.220588235294116,19.5,0,57
sciences,MOTO,MIM,0.6,FGSM,0.5,24.485294117647058,20.5,1,56
sciences,MOTO,MIM,0.6,FGSM,0.6,24.448529411764707,20.0,1,63
sciences,MOTO,MIM,0.6,FGSM,0.7,24.455882352941178,20.0,1,63
sciences,MOTO,MIM,0.6,FGSM,0.8,24.455882352941178,20.0,1,63
sciences,MOTO,MIM,0.6,FGSM,0.9,25.294117647058822,21.5,1,63
sciences,MOTO,MIM,0.6,FGSM,1.0,25.264705882352942,21.5,1,63
sciences,OP3,MIM,0.6,FGSM,0.1,22.08823529411765,18.5,0,66
sciences,OP3,MIM,0.6,FGSM,0.2,24.110294117647058,21.5,2,65
sciences,OP3,MIM,0.6,FGSM,0.3,25.264705882352942,23.0,2,65
sciences,OP3,MIM,0.6,FGSM,0.4,25.772058823529413,23.0,2,65
sciences,OP3,MIM,0.6,FGSM,0.5,26.919117647058822,25.0,2,65
sciences,OP3,MIM,0.6,FGSM,0.6,27.183823529411764,25.0,2,65
sciences,OP3,MIM,0.6,FGSM,0.7,27.823529411764707,25.5,2,65
sciences,OP3,MIM,0.6,FGSM,0.8,28.49264705882353,26.5,2,65
sciences,OP3,MIM,0.6,FGSM,0.9,28.375,26.5,2,65
sciences,OP3,MIM,0.6,FGSM,1.0,28.58823529411765,26.5,2,65
sciences,S7,MIM,0.6,FGSM,0.1,20.11764705882353,15.5,0,65
sciences,S7,MIM,0.6,FGSM,0.2,24.051470588235293,21.0,0,65
sciences,S7,MIM,0.6,FGSM,0.3,25.029411764705884,22.5,0,65
sciences,S7,MIM,0.6,FGSM,0.4,25.13235294117647,24.0,0,65
sciences,S7,MIM,0.6,FGSM,0.5,25.772058823529413,24.0,0,65
sciences,S7,MIM,0.6,FGSM,0.6,25.683823529411764,24.0,0,66
sciences,S7,MIM,0.6,FGSM,0.7,25.779411764705884,24.5,0,66
sciences,S7,MIM,0.6,FGSM,0.8,25.779411764705884,24.5,0,66
sciences,S7,MIM,0.6,FGSM,0.9,25.735294117647058,24.5,0,66
sciences,S7,MIM,0.6,FGSM,1.0,25.330882352941178,24.0,0,66
sciences,BLU,MIM,0.7,FGSM,0.1,20.852941176470587,16.0,0,66
sciences,BLU,MIM,0.7,FGSM,0.2,22.316176470588236,18.0,0,66
sciences,BLU,MIM,0.7,FGSM,0.3,22.845588235294116,18.5,0,66
sciences,BLU,MIM,0.7,FGSM,0.4,23.58823529411765,19.5,0,65
sciences,BLU,MIM,0.7,FGSM,0.5,23.419117647058822,19.5,0,65
sciences,BLU,MIM,0.7,FGSM,0.6,23.610294117647058,20.0,0,65
sciences,BLU,MIM,0.7,FGSM,0.7,23.544117647058822,20.0,0,65
sciences,BLU,MIM,0.7,FGSM,0.8,23.514705882352942,20.0,0,65
sciences,BLU,MIM,0.7,FGSM,0.9,23.514705882352942,20.0,0,65
sciences,BLU,MIM,0.7,FGSM,1.0,23.772058823529413,20.0,0,65
sciences,HTC,MIM,0.7,FGSM,0.1,20.16176470588235,15.5,1,67
sciences,HTC,MIM,0.7,FGSM,0.2,22.13235294117647,17.5,1,67
sciences,HTC,MIM,0.7,FGSM,0.3,23.316176470588236,19.0,1,67
sciences,HTC,MIM,0.7,FGSM,0.4,23.926470588235293,20.0,2,67
sciences,HTC,MIM,0.7,FGSM,0.5,24.139705882352942,20.0,2,66
sciences,HTC,MIM,0.7,FGSM,0.6,24.16176470588235,20.0,2,66
sciences,HTC,MIM,0.7,FGSM,0.7,24.16176470588235,20.0,2,66
sciences,HTC,MIM,0.7,FGSM,0.8,24.154411764705884,20.0,2,66
sciences,HTC,MIM,0.7,FGSM,0.9,24.38235294117647,20.5,2,66
sciences,HTC,MIM,0.7,FGSM,1.0,24.71323529411765,21.0,2,66
sciences,LG,MIM,0.7,FGSM,0.1,22.470588235294116,16.0,0,66
sciences,LG,MIM,0.7,FGSM,0.2,24.455882352941178,17.5,0,67
sciences,LG,MIM,0.7,FGSM,0.3,25.845588235294116,19.5,1,67
sciences,LG,MIM,0.7,FGSM,0.4,26.691176470588236,20.5,1,67
sciences,LG,MIM,0.7,FGSM,0.5,26.558823529411764,20.5,1,67
sciences,LG,MIM,0.7,FGSM,0.6,26.83823529411765,21.5,1,67
sciences,LG,MIM,0.7,FGSM,0.7,27.044117647058822,22.0,2,67
sciences,LG,MIM,0.7,FGSM,0.8,27.11764705882353,22.0,2,67
sciences,LG,MIM,0.7,FGSM,0.9,27.058823529411764,22.0,2,66
sciences,LG,MIM,0.7,FGSM,1.0,27.139705882352942,22.0,2,66
sciences,MOTO,MIM,0.7,FGSM,0.1,22.610294117647058,17.5,0,67
sciences,MOTO,MIM,0.7,FGSM,0.2,26.044117647058822,22.0,0,67
sciences,MOTO,MIM,0.7,FGSM,0.3,27.16176470588235,23.5,0,67
sciences,MOTO,MIM,0.7,FGSM,0.4,27.551470588235293,24.5,0,67
sciences,MOTO,MIM,0.7,FGSM,0.5,27.448529411764707,25.0,0,66
sciences,MOTO,MIM,0.7,FGSM,0.6,27.455882352941178,25.0,0,66
sciences,MOTO,MIM,0.7,FGSM,0.7,27.477941176470587,25.0,0,66
sciences,MOTO,MIM,0.7,FGSM,0.8,27.772058823529413,26.0,0,66
sciences,MOTO,MIM,0.7,FGSM,0.9,28.345588235294116,27.5,0,66
sciences,MOTO,MIM,0.7,FGSM,1.0,28.433823529411764,27.5,0,66
sciences,OP3,MIM,0.7,FGSM,0.1,22.235294117647058,16.5,0,66
sciences,OP3,MIM,0.7,FGSM,0.2,24.294117647058822,20.0,1,66
sciences,OP3,MIM,0.7,FGSM,0.3,24.720588235294116,21.5,1,66
sciences,OP3,MIM,0.7,FGSM,0.4,25.03676470588235,23.0,1,65
sciences,OP3,MIM,0.7,FGSM,0.5,24.985294117647058,23.5,1,65
sciences,OP3,MIM,0.7,FGSM,0.6,25.125,23.5,1,65
sciences,OP3,MIM,0.7,FGSM,0.7,25.073529411764707,24.0,1,65
sciences,OP3,MIM,0.7,FGSM,0.8,25.345588235294116,24.5,1,65
sciences,OP3,MIM,0.7,FGSM,0.9,25.345588235294116,24.5,1,65
sciences,OP3,MIM,0.7,FGSM,1.0,25.294117647058822,24.5,1,65
sciences,S7,MIM,0.7,FGSM,0.1,22.904411764705884,18.0,0,67
sciences,S7,MIM,0.7,FGSM,0.2,24.977941176470587,23.0,0,67
sciences,S7,MIM,0.7,FGSM,0.3,27.985294117647058,25.0,0,67
sciences,S7,MIM,0.7,FGSM,0.4,28.139705882352942,25.5,0,67
sciences,S7,MIM,0.7,FGSM,0.5,27.764705882352942,25.5,0,67
sciences,S7,MIM,0.7,FGSM,0.6,27.683823529411764,25.0,0,67
sciences,S7,MIM,0.7,FGSM,0.7,27.705882352941178,25.0,0,67
sciences,S7,MIM,0.7,FGSM,0.8,27.698529411764707,25.0,0,67
sciences,S7,MIM,0.7,FGSM,0.9,28.11764705882353,25.5,0,67
sciences,S7,MIM,0.7,FGSM,1.0,28.110294117647058,25.0,0,67
sciences,BLU,MIM,0.8,FGSM,0.1,18.985294117647058,12.0,0,67
sciences,BLU,MIM,0.8,FGSM,0.2,21.544117647058822,16.0,0,67
sciences,BLU,MIM,0.8,FGSM,0.3,22.073529411764707,18.0,0,67
sciences,BLU,MIM,0.8,FGSM,0.4,23.183823529411764,19.0,0,67
sciences,BLU,MIM,0.8,FGSM,0.5,24.169117647058822,20.0,0,67
sciences,BLU,MIM,0.8,FGSM,0.6,24.41176470588235,20.0,0,67
sciences,BLU,MIM,0.8,FGSM,0.7,24.279411764705884,20.0,0,67
sciences,BLU,MIM,0.8,FGSM,0.8,23.86764705882353,20.0,0,67
sciences,BLU,MIM,0.8,FGSM,0.9,23.360294117647058,19.5,0,67
sciences,BLU,MIM,0.8,FGSM,1.0,23.360294117647058,19.5,0,67
sciences,HTC,MIM,0.8,FGSM,0.1,20.330882352941178,15.0,0,67
sciences,HTC,MIM,0.8,FGSM,0.2,23.25735294117647,17.0,0,67
sciences,HTC,MIM,0.8,FGSM,0.3,23.830882352941178,19.0,0,65
sciences,HTC,MIM,0.8,FGSM,0.4,24.08823529411765,20.0,0,65
sciences,HTC,MIM,0.8,FGSM,0.5,24.816176470588236,20.5,0,65
sciences,HTC,MIM,0.8,FGSM,0.6,24.96323529411765,21.0,0,65
sciences,HTC,MIM,0.8,FGSM,0.7,25.00735294117647,21.0,0,67
sciences,HTC,MIM,0.8,FGSM,0.8,25.066176470588236,21.0,0,67
sciences,HTC,MIM,0.8,FGSM,0.9,25.00735294117647,21.0,0,67
sciences,HTC,MIM,0.8,FGSM,1.0,25.00735294117647,21.0,0,67
sciences,LG,MIM,0.8,FGSM,0.1,19.735294117647058,14.5,0,67
sciences,LG,MIM,0.8,FGSM,0.2,24.441176470588236,18.0,1,67
sciences,LG,MIM,0.8,FGSM,0.3,25.279411764705884,20.0,1,67
sciences,LG,MIM,0.8,FGSM,0.4,26.919117647058822,21.0,1,67
sciences,LG,MIM,0.8,FGSM,0.5,27.33823529411765,21.0,1,67
sciences,LG,MIM,0.8,FGSM,0.6,26.610294117647058,20.0,1,67
sciences,LG,MIM,0.8,FGSM,0.7,26.904411764705884,20.5,1,67
sciences,LG,MIM,0.8,FGSM,0.8,27.095588235294116,21.0,1,67
sciences,LG,MIM,0.8,FGSM,0.9,27.095588235294116,21.0,1,67
sciences,LG,MIM,0.8,FGSM,1.0,27.183823529411764,21.0,1,67
sciences,MOTO,MIM,0.8,FGSM,0.1,20.08823529411765,12.5,1,64
sciences,MOTO,MIM,0.8,FGSM,0.2,23.235294117647058,19.0,0,64
sciences,MOTO,MIM,0.8,FGSM,0.3,23.875,20.0,0,67
sciences,MOTO,MIM,0.8,FGSM,0.4,24.61764705882353,22.0,0,67
sciences,MOTO,MIM,0.8,FGSM,0.5,24.801470588235293,22.0,0,67
sciences,MOTO,MIM,0.8,FGSM,0.6,25.294117647058822,22.0,1,67
sciences,MOTO,MIM,0.8,FGSM,0.7,25.176470588235293,22.0,0,67
sciences,MOTO,MIM,0.8,FGSM,0.8,25.176470588235293,21.5,0,67
sciences,MOTO,MIM,0.8,FGSM,0.9,25.176470588235293,21.5,0,67
sciences,MOTO,MIM,0.8,FGSM,1.0,25.294117647058822,22.0,0,67
sciences,OP3,MIM,0.8,FGSM,0.1,25.426470588235293,22.0,1,66
sciences,OP3,MIM,0.8,FGSM,0.2,27.095588235294116,24.5,1,67
sciences,OP3,MIM,0.8,FGSM,0.3,27.948529411764707,25.0,1,67
sciences,OP3,MIM,0.8,FGSM,0.4,28.74264705882353,26.5,1,67
sciences,OP3,MIM,0.8,FGSM,0.5,28.830882352941178,27.0,1,67
sciences,OP3,MIM,0.8,FGSM,0.6,29.00735294117647,27.0,1,67
sciences,OP3,MIM,0.8,FGSM,0.7,28.933823529411764,27.0,1,67
sciences,OP3,MIM,0.8,FGSM,0.8,28.764705882352942,26.5,1,67
sciences,OP3,MIM,0.8,FGSM,0.9,28.860294117647058,26.5,1,67
sciences,OP3,MIM,0.8,FGSM,1.0,28.860294117647058,26.5,1,67
sciences,S7,MIM,0.8,FGSM,0.1,21.639705882352942,15.5,0,65
sciences,S7,MIM,0.8,FGSM,0.2,24.705882352941178,19.0,0,66
sciences,S7,MIM,0.8,FGSM,0.3,25.441176470588236,21.0,0,66
sciences,S7,MIM,0.8,FGSM,0.4,25.860294117647058,22.0,0,66
sciences,S7,MIM,0.8,FGSM,0.5,26.63235294117647,24.0,0,66
sciences,S7,MIM,0.8,FGSM,0.6,26.647058823529413,24.0,0,66
sciences,S7,MIM,0.8,FGSM,0.7,26.897058823529413,24.0,0,66
sciences,S7,MIM,0.8,FGSM,0.8,27.03676470588235,24.0,0,66
sciences,S7,MIM,0.8,FGSM,0.9,27.264705882352942,24.5,0,66
sciences,S7,MIM,0.8,FGSM,1.0,27.88235294117647,25.0,0,66
sciences,BLU,MIM,0.9,FGSM,0.1,20.78676470588235,16.0,0,67
sciences,BLU,MIM,0.9,FGSM,0.2,23.191176470588236,18.0,0,67
sciences,BLU,MIM,0.9,FGSM,0.3,23.955882352941178,19.0,0,67
sciences,BLU,MIM,0.9,FGSM,0.4,24.24264705882353,19.0,0,67
sciences,BLU,MIM,0.9,FGSM,0.5,24.529411764705884,19.0,0,67
sciences,BLU,MIM,0.9,FGSM,0.6,24.58823529411765,19.0,0,67
sciences,BLU,MIM,0.9,FGSM,0.7,24.647058823529413,19.0,0,67
sciences,BLU,MIM,0.9,FGSM,0.8,24.75,19.0,0,67
sciences,BLU,MIM,0.9,FGSM,0.9,24.75,19.0,0,67
sciences,BLU,MIM,0.9,FGSM,1.0,24.75,19.0,0,67
sciences,HTC,MIM,0.9,FGSM,0.1,20.99264705882353,15.0,0,67
sciences,HTC,MIM,0.9,FGSM,0.2,22.058823529411764,18.0,0,67
sciences,HTC,MIM,0.9,FGSM,0.3,22.514705882352942,18.0,0,67
sciences,HTC,MIM,0.9,FGSM,0.4,25.316176470588236,20.5,0,67
sciences,HTC,MIM,0.9,FGSM,0.5,25.08823529411765,20.0,0,67
sciences,HTC,MIM,0.9,FGSM,0.6,25.044117647058822,20.0,0,67
sciences,HTC,MIM,0.9,FGSM,0.7,25.080882352941178,19.5,0,67
sciences,HTC,MIM,0.9,FGSM,0.8,25.5,20.5,0,67
sciences,HTC,MIM,0.9,FGSM,0.9,25.301470588235293,20.0,0,67
sciences,HTC,MIM,0.9,FGSM,1.0,25.294117647058822,20.0,0,67
sciences,LG,MIM,0.9,FGSM,0.1,20.022058823529413,13.5,0,67
sciences,LG,MIM,0.9,FGSM,0.2,22.205882352941178,17.5,0,67
sciences,LG,MIM,0.9,FGSM,0.3,23.852941176470587,20.0,0,67
sciences,LG,MIM,0.9,FGSM,0.4,25.66176470588235,21.5,2,67
sciences,LG,MIM,0.9,FGSM,0.5,26.58823529411765,22.5,2,67
sciences,LG,MIM,0.9,FGSM,0.6,26.875,23.0,2,67
sciences,LG,MIM,0.9,FGSM,0.7,26.875,23.0,2,67
sciences,LG,MIM,0.9,FGSM,0.8,26.889705882352942,23.0,2,67
sciences,LG,MIM,0.9,FGSM,0.9,26.955882352941178,23.0,2,67
sciences,LG,MIM,0.9,FGSM,1.0,26.985294117647058,23.0,2,67
sciences,MOTO,MIM,0.9,FGSM,0.1,20.625,17.0,0,65
sciences,MOTO,MIM,0.9,FGSM,0.2,22.610294117647058,19.0,0,65
sciences,MOTO,MIM,0.9,FGSM,0.3,23.404411764705884,19.5,0,65
sciences,MOTO,MIM,0.9,FGSM,0.4,23.308823529411764,20.0,0,65
sciences,MOTO,MIM,0.9,FGSM,0.5,23.71323529411765,20.0,0,65
sciences,MOTO,MIM,0.9,FGSM,0.6,23.74264705882353,20.0,0,65
sciences,MOTO,MIM,0.9,FGSM,0.7,24.41176470588235,20.0,1,65
sciences,MOTO,MIM,0.9,FGSM,0.8,24.41176470588235,20.0,1,65
sciences,MOTO,MIM,0.9,FGSM,0.9,24.720588235294116,20.5,1,65
sciences,MOTO,MIM,0.9,FGSM,1.0,24.823529411764707,20.0,1,65
sciences,OP3,MIM,0.9,FGSM,0.1,20.330882352941178,15.5,0,65
sciences,OP3,MIM,0.9,FGSM,0.2,25.051470588235293,20.0,0,65
sciences,OP3,MIM,0.9,FGSM,0.3,25.816176470588236,22.5,0,65
sciences,OP3,MIM,0.9,FGSM,0.4,25.720588235294116,21.5,0,65
sciences,OP3,MIM,0.9,FGSM,0.5,27.044117647058822,24.5,1,65
sciences,OP3,MIM,0.9,FGSM,0.6,27.448529411764707,24.5,1,65
sciences,OP3,MIM,0.9,FGSM,0.7,27.485294117647058,24.5,1,65
sciences,OP3,MIM,0.9,FGSM,0.8,27.470588235294116,24.5,1,65
sciences,OP3,MIM,0.9,FGSM,0.9,27.904411764705884,25.5,1,65
sciences,OP3,MIM,0.9,FGSM,1.0,27.96323529411765,25.5,1,65
sciences,S7,MIM,0.9,FGSM,0.1,21.125,16.5,0,65
sciences,S7,MIM,0.9,FGSM,0.2,24.169117647058822,19.5,1,65
sciences,S7,MIM,0.9,FGSM,0.3,25.86764705882353,21.0,1,65
sciences,S7,MIM,0.9,FGSM,0.4,26.323529411764707,21.5,1,65
sciences,S7,MIM,0.9,FGSM,0.5,26.448529411764707,22.0,1,65
sciences,S7,MIM,0.9,FGSM,0.6,26.551470588235293,22.0,1,65
sciences,S7,MIM,0.9,FGSM,0.7,26.955882352941178,22.0,1,65
sciences,S7,MIM,0.9,FGSM,0.8,27.044117647058822,22.5,1,65
sciences,S7,MIM,0.9,FGSM,0.9,27.044117647058822,22.5,1,65
sciences,S7,MIM,0.9,FGSM,1.0,26.96323529411765,22.0,1,65
sciences,BLU,MIM,1.0,FGSM,0.1,22.330882352941178,16.0,0,67
sciences,BLU,MIM,1.0,FGSM,0.2,24.823529411764707,21.0,0,67
sciences,BLU,MIM,1.0,FGSM,0.3,25.941176470588236,23.0,0,67
sciences,BLU,MIM,1.0,FGSM,0.4,26.691176470588236,25.0,0,67
sciences,BLU,MIM,1.0,FGSM,0.5,26.955882352941178,25.0,0,67
sciences,BLU,MIM,1.0,FGSM,0.6,27.169117647058822,25.0,0,67
sciences,BLU,MIM,1.0,FGSM,0.7,27.404411764705884,25.0,0,67
sciences,BLU,MIM,1.0,FGSM,0.8,27.389705882352942,25.0,0,67
sciences,BLU,MIM,1.0,FGSM,0.9,27.558823529411764,25.0,0,67
sciences,BLU,MIM,1.0,FGSM,1.0,27.470588235294116,25.0,0,67
sciences,HTC,MIM,1.0,FGSM,0.1,22.88235294117647,17.0,1,67
sciences,HTC,MIM,1.0,FGSM,0.2,26.61764705882353,21.0,3,67
sciences,HTC,MIM,1.0,FGSM,0.3,28.11764705882353,23.0,3,67
sciences,HTC,MIM,1.0,FGSM,0.4,29.095588235294116,24.5,3,67
sciences,HTC,MIM,1.0,FGSM,0.5,29.625,25.0,3,67
sciences,HTC,MIM,1.0,FGSM,0.6,29.58823529411765,25.0,3,67
sciences,HTC,MIM,1.0,FGSM,0.7,29.544117647058822,25.0,3,67
sciences,HTC,MIM,1.0,FGSM,0.8,29.529411764705884,25.0,3,67
sciences,HTC,MIM,1.0,FGSM,0.9,29.522058823529413,25.0,3,67
sciences,HTC,MIM,1.0,FGSM,1.0,29.522058823529413,25.0,3,67
sciences,LG,MIM,1.0,FGSM,0.1,23.25,16.5,1,67
sciences,LG,MIM,1.0,FGSM,0.2,27.53676470588235,21.0,3,67
sciences,LG,MIM,1.0,FGSM,0.3,28.419117647058822,24.5,3,67
sciences,LG,MIM,1.0,FGSM,0.4,28.705882352941178,25.0,3,67
sciences,LG,MIM,1.0,FGSM,0.5,28.816176470588236,24.5,3,67
sciences,LG,MIM,1.0,FGSM,0.6,29.198529411764707,25.0,3,67
sciences,LG,MIM,1.0,FGSM,0.7,29.264705882352942,25.5,3,67
sciences,LG,MIM,1.0,FGSM,0.8,29.264705882352942,25.5,3,67
sciences,LG,MIM,1.0,FGSM,0.9,29.397058823529413,25.5,3,67
sciences,LG,MIM,1.0,FGSM,1.0,29.397058823529413,25.5,3,67
sciences,MOTO,MIM,1.0,FGSM,0.1,20.095588235294116,17.0,0,62
sciences,MOTO,MIM,1.0,FGSM,0.2,22.610294117647058,21.0,0,64
sciences,MOTO,MIM,1.0,FGSM,0.3,24.110294117647058,22.0,0,64
sciences,MOTO,MIM,1.0,FGSM,0.4,24.41176470588235,22.0,0,64
sciences,MOTO,MIM,1.0,FGSM,0.5,24.580882352941178,22.0,0,64
sciences,MOTO,MIM,1.0,FGSM,0.6,25.294117647058822,23.0,0,64
sciences,MOTO,MIM,1.0,FGSM,0.7,26.198529411764707,24.0,0,64
sciences,MOTO,MIM,1.0,FGSM,0.8,26.25,24.0,0,64
sciences,MOTO,MIM,1.0,FGSM,0.9,26.11764705882353,24.0,0,64
sciences,MOTO,MIM,1.0,FGSM,1.0,26.220588235294116,24.0,0,64
sciences,OP3,MIM,1.0,FGSM,0.1,20.41176470588235,16.0,1,66
sciences,OP3,MIM,1.0,FGSM,0.2,22.691176470588236,19.0,1,67
sciences,OP3,MIM,1.0,FGSM,0.3,23.191176470588236,19.5,0,67
sciences,OP3,MIM,1.0,FGSM,0.4,23.485294117647058,20.0,0,67
sciences,OP3,MIM,1.0,FGSM,0.5,24.044117647058822,21.0,1,67
sciences,OP3,MIM,1.0,FGSM,0.6,24.139705882352942,21.0,1,67
sciences,OP3,MIM,1.0,FGSM,0.7,24.176470588235293,21.0,1,67
sciences,OP3,MIM,1.0,FGSM,0.8,24.198529411764707,21.0,1,67
sciences,OP3,MIM,1.0,FGSM,0.9,24.13235294117647,21.0,1,67
sciences,OP3,MIM,1.0,FGSM,1.0,24.154411764705884,21.0,1,67
sciences,S7,MIM,1.0,FGSM,0.1,20.477941176470587,16.0,0,63
sciences,S7,MIM,1.0,FGSM,0.2,24.49264705882353,20.0,1,67
sciences,S7,MIM,1.0,FGSM,0.3,25.441176470588236,21.0,1,67
sciences,S7,MIM,1.0,FGSM,0.4,25.676470588235293,21.5,1,67
sciences,S7,MIM,1.0,FGSM,0.5,25.794117647058822,21.5,1,67
sciences,S7,MIM,1.0,FGSM,0.6,26.125,22.0,1,67
sciences,S7,MIM,1.0,FGSM,0.7,26.24264705882353,22.0,1,67
sciences,S7,MIM,1.0,FGSM,0.8,26.323529411764707,22.0,1,67
sciences,S7,MIM,1.0,FGSM,0.9,26.323529411764707,22.0,1,67
sciences,S7,MIM,1.0,FGSM,1.0,26.433823529411764,22.0,1,67
sciences,BLU,BIM,0.1,FGSM,0.1,21.602941176470587,18.0,0,66
sciences,BLU,BIM,0.1,FGSM,0.2,24.522058823529413,20.0,0,66
sciences,BLU,BIM,0.1,FGSM,0.3,25.33823529411765,20.0,0,66
sciences,BLU,BIM,0.1,FGSM,0.4,26.147058823529413,21.5,0,66
sciences,BLU,BIM,0.1,FGSM,0.5,26.823529411764707,23.0,0,66
sciences,BLU,BIM,0.1,FGSM,0.6,27.360294117647058,24.0,0,66
sciences,BLU,BIM,0.1,FGSM,0.7,27.96323529411765,24.5,0,66
sciences,BLU,BIM,0.1,FGSM,0.8,28.514705882352942,25.5,0,66
sciences,BLU,BIM,0.1,FGSM,0.9,28.602941176470587,25.5,0,66
sciences,BLU,BIM,0.1,FGSM,1.0,28.573529411764707,25.5,0,66
sciences,HTC,BIM,0.1,FGSM,0.1,23.580882352941178,19.5,0,65
sciences,HTC,BIM,0.1,FGSM,0.2,25.139705882352942,20.5,0,66
sciences,HTC,BIM,0.1,FGSM,0.3,26.558823529411764,22.0,0,66
sciences,HTC,BIM,0.1,FGSM,0.4,28.095588235294116,25.5,0,66
sciences,HTC,BIM,0.1,FGSM,0.5,28.573529411764707,26.0,0,66
sciences,HTC,BIM,0.1,FGSM,0.6,28.808823529411764,26.0,0,66
sciences,HTC,BIM,0.1,FGSM,0.7,29.102941176470587,26.0,0,66
sciences,HTC,BIM,0.1,FGSM,0.8,29.08823529411765,26.0,0,66
sciences,HTC,BIM,0.1,FGSM,0.9,29.235294117647058,26.0,0,66
sciences,HTC,BIM,0.1,FGSM,1.0,29.38235294117647,26.0,0,66
sciences,LG,BIM,0.1,FGSM,0.1,24.139705882352942,18.5,0,66
sciences,LG,BIM,0.1,FGSM,0.2,27.683823529411764,26.0,0,66
sciences,LG,BIM,0.1,FGSM,0.3,29.0,27.0,0,66
sciences,LG,BIM,0.1,FGSM,0.4,30.044117647058822,27.5,0,66
sciences,LG,BIM,0.1,FGSM,0.5,30.360294117647058,28.0,0,66
sciences,LG,BIM,0.1,FGSM,0.6,30.602941176470587,28.0,0,66
sciences,LG,BIM,0.1,FGSM,0.7,30.705882352941178,28.0,0,66
sciences,LG,BIM,0.1,FGSM,0.8,30.904411764705884,28.5,0,66
sciences,LG,BIM,0.1,FGSM,0.9,31.198529411764707,29.5,0,66
sciences,LG,BIM,0.1,FGSM,1.0,31.323529411764707,30.0,0,66
sciences,MOTO,BIM,0.1,FGSM,0.1,18.573529411764707,15.0,0,59
sciences,MOTO,BIM,0.1,FGSM,0.2,20.029411764705884,17.0,0,60
sciences,MOTO,BIM,0.1,FGSM,0.3,20.99264705882353,18.0,0,60
sciences,MOTO,BIM,0.1,FGSM,0.4,21.477941176470587,18.0,0,61
sciences,MOTO,BIM,0.1,FGSM,0.5,21.78676470588235,18.0,0,61
sciences,MOTO,BIM,0.1,FGSM,0.6,22.00735294117647,18.0,0,61
sciences,MOTO,BIM,0.1,FGSM,0.7,21.977941176470587,18.0,0,61
sciences,MOTO,BIM,0.1,FGSM,0.8,22.022058823529413,18.0,0,61
sciences,MOTO,BIM,0.1,FGSM,0.9,22.191176470588236,18.0,0,61
sciences,MOTO,BIM,0.1,FGSM,1.0,22.220588235294116,18.0,0,61
sciences,OP3,BIM,0.1,FGSM,0.1,16.926470588235293,13.0,0,65
sciences,OP3,BIM,0.1,FGSM,0.2,19.566176470588236,14.0,0,66
sciences,OP3,BIM,0.1,FGSM,0.3,21.50735294117647,16.5,0,66
sciences,OP3,BIM,0.1,FGSM,0.4,22.389705882352942,17.0,1,66
sciences,OP3,BIM,0.1,FGSM,0.5,22.654411764705884,17.0,1,66
sciences,OP3,BIM,0.1,FGSM,0.6,22.764705882352942,17.0,1,66
sciences,OP3,BIM,0.1,FGSM,0.7,22.801470588235293,17.0,1,66
sciences,OP3,BIM,0.1,FGSM,0.8,22.823529411764707,17.0,1,66
sciences,OP3,BIM,0.1,FGSM,0.9,22.83823529411765,17.0,1,66
sciences,OP3,BIM,0.1,FGSM,1.0,22.88235294117647,17.0,1,66
sciences,S7,BIM,0.1,FGSM,0.1,22.191176470588236,19.0,1,66
sciences,S7,BIM,0.1,FGSM,0.2,24.5,21.0,0,67
sciences,S7,BIM,0.1,FGSM,0.3,24.71323529411765,21.0,0,67
sciences,S7,BIM,0.1,FGSM,0.4,26.022058823529413,22.0,1,66
sciences,S7,BIM,0.1,FGSM,0.5,26.352941176470587,22.5,1,66
sciences,S7,BIM,0.1,FGSM,0.6,26.485294117647058,22.5,1,66
sciences,S7,BIM,0.1,FGSM,0.7,26.720588235294116,22.5,1,66
sciences,S7,BIM,0.1,FGSM,0.8,26.889705882352942,22.5,1,66
sciences,S7,BIM,0.1,FGSM,0.9,27.169117647058822,23.0,1,66
sciences,S7,BIM,0.1,FGSM,1.0,27.176470588235293,23.0,1,66
sciences,BLU,BIM,0.2,FGSM,0.1,22.095588235294116,17.0,0,66
sciences,BLU,BIM,0.2,FGSM,0.2,23.74264705882353,19.0,0,66
sciences,BLU,BIM,0.2,FGSM,0.3,24.61764705882353,19.0,0,66
sciences,BLU,BIM,0.2,FGSM,0.4,24.727941176470587,19.0,0,66
sciences,BLU,BIM,0.2,FGSM,0.5,25.235294117647058,20.0,0,66
sciences,BLU,BIM,0.2,FGSM,0.6,25.75735294117647,21.0,0,66
sciences,BLU,BIM,0.2,FGSM,0.7,26.0,21.5,0,66
sciences,BLU,BIM,0.2,FGSM,0.8,25.977941176470587,21.5,0,66
sciences,BLU,BIM,0.2,FGSM,0.9,26.389705882352942,22.0,0,66
sciences,BLU,BIM,0.2,FGSM,1.0,26.522058823529413,22.5,0,66
sciences,HTC,BIM,0.2,FGSM,0.1,23.183823529411764,16.0,0,67
sciences,HTC,BIM,0.2,FGSM,0.2,25.198529411764707,19.0,0,67
sciences,HTC,BIM,0.2,FGSM,0.3,26.455882352941178,19.0,0,67
sciences,HTC,BIM,0.2,FGSM,0.4,27.022058823529413,20.0,0,67
sciences,HTC,BIM,0.2,FGSM,0.5,27.36764705882353,20.0,0,67
sciences,HTC,BIM,0.2,FGSM,0.6,27.5,20.0,0,67
sciences,HTC,BIM,0.2,FGSM,0.7,27.360294117647058,20.0,0,67
sciences,HTC,BIM,0.2,FGSM,0.8,27.294117647058822,20.0,0,67
sciences,HTC,BIM,0.2,FGSM,0.9,27.602941176470587,21.0,0,67
sciences,HTC,BIM,0.2,FGSM,1.0,27.970588235294116,23.0,0,67
sciences,LG,BIM,0.2,FGSM,0.1,22.13235294117647,16.0,0,66
sciences,LG,BIM,0.2,FGSM,0.2,25.11764705882353,19.0,0,67
sciences,LG,BIM,0.2,FGSM,0.3,26.5,23.0,0,67
sciences,LG,BIM,0.2,FGSM,0.4,26.602941176470587,23.0,0,67
sciences,LG,BIM,0.2,FGSM,0.5,26.595588235294116,23.0,0,67
sciences,LG,BIM,0.2,FGSM,0.6,26.625,23.0,0,67
sciences,LG,BIM,0.2,FGSM,0.7,26.647058823529413,23.0,0,67
sciences,LG,BIM,0.2,FGSM,0.8,26.53676470588235,23.0,0,67
sciences,LG,BIM,0.2,FGSM,0.9,26.514705882352942,23.0,0,67
sciences,LG,BIM,0.2,FGSM,1.0,26.514705882352942,23.0,0,67
sciences,MOTO,BIM,0.2,FGSM,0.1,21.433823529411764,17.5,0,64
sciences,MOTO,BIM,0.2,FGSM,0.2,25.330882352941178,22.0,0,64
sciences,MOTO,BIM,0.2,FGSM,0.3,27.205882352941178,24.5,0,66
sciences,MOTO,BIM,0.2,FGSM,0.4,27.227941176470587,24.5,0,66
sciences,MOTO,BIM,0.2,FGSM,0.5,27.875,25.5,0,66
sciences,MOTO,BIM,0.2,FGSM,0.6,28.11764705882353,26.0,0,66
sciences,MOTO,BIM,0.2,FGSM,0.7,28.110294117647058,26.0,0,66
sciences,MOTO,BIM,0.2,FGSM,0.8,28.11764705882353,26.0,0,66
sciences,MOTO,BIM,0.2,FGSM,0.9,28.11764705882353,26.0,0,66
sciences,MOTO,BIM,0.2,FGSM,1.0,28.125,26.0,0,66
sciences,OP3,BIM,0.2,FGSM,0.1,19.801470588235293,14.0,0,66
sciences,OP3,BIM,0.2,FGSM,0.2,23.580882352941178,20.0,0,67
sciences,OP3,BIM,0.2,FGSM,0.3,24.808823529411764,21.0,0,67
sciences,OP3,BIM,0.2,FGSM,0.4,25.029411764705884,22.0,0,67
sciences,OP3,BIM,0.2,FGSM,0.5,25.058823529411764,22.0,0,67
sciences,OP3,BIM,0.2,FGSM,0.6,25.602941176470587,23.0,0,67
sciences,OP3,BIM,0.2,FGSM,0.7,25.580882352941178,23.0,0,67
sciences,OP3,BIM,0.2,FGSM,0.8,25.602941176470587,23.0,0,67
sciences,OP3,BIM,0.2,FGSM,0.9,25.602941176470587,23.0,0,67
sciences,OP3,BIM,0.2,FGSM,1.0,25.625,23.0,0,67
sciences,S7,BIM,0.2,FGSM,0.1,20.698529411764707,16.0,0,66
sciences,S7,BIM,0.2,FGSM,0.2,24.639705882352942,19.0,0,67
sciences,S7,BIM,0.2,FGSM,0.3,25.176470588235293,19.5,0,67
sciences,S7,BIM,0.2,FGSM,0.4,25.50735294117647,20.0,0,67
sciences,S7,BIM,0.2,FGSM,0.5,25.735294117647058,20.0,0,67
sciences,S7,BIM,0.2,FGSM,0.6,26.073529411764707,21.0,0,67
sciences,S7,BIM,0.2,FGSM,0.7,26.147058823529413,21.0,0,67
sciences,S7,BIM,0.2,FGSM,0.8,26.154411764705884,21.0,0,67
sciences,S7,BIM,0.2,FGSM,0.9,26.49264705882353,21.5,0,67
sciences,S7,BIM,0.2,FGSM,1.0,26.470588235294116,21.5,0,67
sciences,BLU,BIM,0.3,FGSM,0.1,19.433823529411764,16.5,0,66
sciences,BLU,BIM,0.3,FGSM,0.2,21.044117647058822,19.5,0,66
sciences,BLU,BIM,0.3,FGSM,0.3,21.426470588235293,20.0,0,63
sciences,BLU,BIM,0.3,FGSM,0.4,21.279411764705884,19.5,0,63
sciences,BLU,BIM,0.3,FGSM,0.5,21.220588235294116,19.0,0,63
sciences,BLU,BIM,0.3,FGSM,0.6,21.823529411764707,20.0,0,63
sciences,BLU,BIM,0.3,FGSM,0.7,21.772058823529413,20.0,0,63
sciences,BLU,BIM,0.3,FGSM,0.8,22.051470588235293,20.0,0,63
sciences,BLU,BIM,0.3,FGSM,0.9,21.875,20.0,0,63
sciences,BLU,BIM,0.3,FGSM,1.0,21.88235294117647,20.0,0,63
sciences,HTC,BIM,0.3,FGSM,0.1,17.669117647058822,12.0,0,66
sciences,HTC,BIM,0.3,FGSM,0.2,19.808823529411764,17.0,0,66
sciences,HTC,BIM,0.3,FGSM,0.3,20.66176470588235,17.0,0,66
sciences,HTC,BIM,0.3,FGSM,0.4,20.74264705882353,18.0,0,66
sciences,HTC,BIM,0.3,FGSM,0.5,20.941176470588236,17.0,0,66
sciences,HTC,BIM,0.3,FGSM,0.6,21.720588235294116,18.0,2,66
sciences,HTC,BIM,0.3,FGSM,0.7,21.74264705882353,18.0,2,66
sciences,HTC,BIM,0.3,FGSM,0.8,21.808823529411764,18.0,2,66
sciences,HTC,BIM,0.3,FGSM,0.9,21.977941176470587,19.0,2,66
sciences,HTC,BIM,0.3,FGSM,1.0,21.889705882352942,19.0,2,66
sciences,LG,BIM,0.3,FGSM,0.1,16.08823529411765,12.0,0,65
sciences,LG,BIM,0.3,FGSM,0.2,19.727941176470587,15.0,0,65
sciences,LG,BIM,0.3,FGSM,0.3,20.154411764705884,17.0,0,65
sciences,LG,BIM,0.3,FGSM,0.4,20.227941176470587,17.0,0,65
sciences,LG,BIM,0.3,FGSM,0.5,20.419117647058822,17.5,0,65
sciences,LG,BIM,0.3,FGSM,0.6,20.698529411764707,17.5,0,65
sciences,LG,BIM,0.3,FGSM,0.7,20.573529411764707,17.5,0,65
sciences,LG,BIM,0.3,FGSM,0.8,20.330882352941178,17.5,0,65
sciences,LG,BIM,0.3,FGSM,0.9,20.397058823529413,18.0,0,65
sciences,LG,BIM,0.3,FGSM,1.0,20.49264705882353,18.0,0,65
sciences,MOTO,BIM,0.3,FGSM,0.1,18.24264705882353,14.0,0,62
sciences,MOTO,BIM,0.3,FGSM,0.2,18.926470588235293,15.5,0,62
sciences,MOTO,BIM,0.3,FGSM,0.3,19.573529411764707,16.0,0,62
sciences,MOTO,BIM,0.3,FGSM,0.4,19.147058823529413,16.0,0,62
sciences,MOTO,BIM,0.3,FGSM,0.5,18.375,15.5,0,56
sciences,MOTO,BIM,0.3,FGSM,0.6,18.13235294117647,15.0,0,56
sciences,MOTO,BIM,0.3,FGSM,0.7,18.279411764705884,15.0,0,56
sciences,MOTO,BIM,0.3,FGSM,0.8,18.316176470588236,15.0,0,57
sciences,MOTO,BIM,0.3,FGSM,0.9,18.308823529411764,15.0,0,57
sciences,MOTO,BIM,0.3,FGSM,1.0,18.301470588235293,15.0,0,57
sciences,OP3,BIM,0.3,FGSM,0.1,17.051470588235293,14.0,0,64
sciences,OP3,BIM,0.3,FGSM,0.2,20.0,16.0,1,64
sciences,OP3,BIM,0.3,FGSM,0.3,20.316176470588236,16.0,1,64
sciences,OP3,BIM,0.3,FGSM,0.4,20.125,16.0,1,64
sciences,OP3,BIM,0.3,FGSM,0.5,20.448529411764707,17.0,1,64
sciences,OP3,BIM,0.3,FGSM,0.6,20.279411764705884,17.0,1,64
sciences,OP3,BIM,0.3,FGSM,0.7,20.25735294117647,17.0,1,64
sciences,OP3,BIM,0.3,FGSM,0.8,20.38235294117647,17.0,1,64
sciences,OP3,BIM,0.3,FGSM,0.9,20.419117647058822,17.0,1,64
sciences,OP3,BIM,0.3,FGSM,1.0,20.46323529411765,17.0,1,64
sciences,S7,BIM,0.3,FGSM,0.1,19.705882352941178,16.0,1,65
sciences,S7,BIM,0.3,FGSM,0.2,21.323529411764707,18.0,0,65
sciences,S7,BIM,0.3,FGSM,0.3,21.595588235294116,18.5,1,65
sciences,S7,BIM,0.3,FGSM,0.4,21.441176470588236,19.0,1,65
sciences,S7,BIM,0.3,FGSM,0.5,20.985294117647058,18.0,1,65
sciences,S7,BIM,0.3,FGSM,0.6,20.816176470588236,18.0,1,65
sciences,S7,BIM,0.3,FGSM,0.7,20.816176470588236,18.0,1,65
sciences,S7,BIM,0.3,FGSM,0.8,20.970588235294116,18.5,1,65
sciences,S7,BIM,0.3,FGSM,0.9,21.25735294117647,19.0,1,65
sciences,S7,BIM,0.3,FGSM,1.0,21.24264705882353,19.0,1,65
sciences,BLU,BIM,0.4,FGSM,0.1,21.705882352941178,17.0,0,67
sciences,BLU,BIM,0.4,FGSM,0.2,23.889705882352942,19.0,0,67
sciences,BLU,BIM,0.4,FGSM,0.3,25.720588235294116,21.0,0,67
sciences,BLU,BIM,0.4,FGSM,0.4,25.573529411764707,21.0,0,67
sciences,BLU,BIM,0.4,FGSM,0.5,25.647058823529413,21.0,0,67
sciences,BLU,BIM,0.4,FGSM,0.6,25.808823529411764,21.0,0,67
sciences,BLU,BIM,0.4,FGSM,0.7,25.99264705882353,21.5,0,67
sciences,BLU,BIM,0.4,FGSM,0.8,25.977941176470587,21.5,0,67
sciences,BLU,BIM,0.4,FGSM,0.9,26.080882352941178,22.0,0,67
sciences,BLU,BIM,0.4,FGSM,1.0,26.066176470588236,22.0,0,67
sciences,HTC,BIM,0.4,FGSM,0.1,20.102941176470587,16.0,0,67
sciences,HTC,BIM,0.4,FGSM,0.2,22.691176470588236,21.0,0,67
sciences,HTC,BIM,0.4,FGSM,0.3,23.63235294117647,23.0,0,67
sciences,HTC,BIM,0.4,FGSM,0.4,24.38235294117647,23.5,0,67
sciences,HTC,BIM,0.4,FGSM,0.5,24.389705882352942,23.5,0,67
sciences,HTC,BIM,0.4,FGSM,0.6,24.139705882352942,23.5,0,67
sciences,HTC,BIM,0.4,FGSM,0.7,24.227941176470587,24.0,0,67
sciences,HTC,BIM,0.4,FGSM,0.8,24.514705882352942,24.0,0,67
sciences,HTC,BIM,0.4,FGSM,0.9,24.698529411764707,24.0,0,67
sciences,HTC,BIM,0.4,FGSM,1.0,24.698529411764707,24.0,0,67
sciences,LG,BIM,0.4,FGSM,0.1,17.073529411764707,12.0,0,67
sciences,LG,BIM,0.4,FGSM,0.2,22.25,19.0,0,67
sciences,LG,BIM,0.4,FGSM,0.3,24.419117647058822,21.0,0,67
sciences,LG,BIM,0.4,FGSM,0.4,25.073529411764707,22.0,0,67
sciences,LG,BIM,0.4,FGSM,0.5,24.919117647058822,22.0,0,67
sciences,LG,BIM,0.4,FGSM,0.6,25.691176470588236,22.0,0,67
sciences,LG,BIM,0.4,FGSM,0.7,25.485294117647058,22.0,0,67
sciences,LG,BIM,0.4,FGSM,0.8,26.080882352941178,22.5,0,67
sciences,LG,BIM,0.4,FGSM,0.9,26.205882352941178,22.5,0,67
sciences,LG,BIM,0.4,FGSM,1.0,26.360294117647058,22.5,0,67
sciences,MOTO,BIM,0.4,FGSM,0.1,21.11764705882353,18.5,0,67
sciences,MOTO,BIM,0.4,FGSM,0.2,27.014705882352942,24.0,1,67
sciences,MOTO,BIM,0.4,FGSM,0.3,27.102941176470587,25.5,0,67
sciences,MOTO,BIM,0.4,FGSM,0.4,27.448529411764707,26.0,0,67
sciences,MOTO,BIM,0.4,FGSM,0.5,27.50735294117647,26.0,0,67
sciences,MOTO,BIM,0.4,FGSM,0.6,27.522058823529413,26.0,1,67
sciences,MOTO,BIM,0.4,FGSM,0.7,27.720588235294116,26.0,1,67
sciences,MOTO,BIM,0.4,FGSM,0.8,27.46323529411765,26.0,1,67
sciences,MOTO,BIM,0.4,FGSM,0.9,27.46323529411765,26.0,1,67
sciences,MOTO,BIM,0.4,FGSM,1.0,27.544117647058822,26.0,1,67
sciences,OP3,BIM,0.4,FGSM,0.1,22.066176470588236,17.0,0,66
sciences,OP3,BIM,0.4,FGSM,0.2,25.375,22.5,1,66
sciences,OP3,BIM,0.4,FGSM,0.3,27.03676470588235,24.0,1,66
sciences,OP3,BIM,0.4,FGSM,0.4,27.323529411764707,25.0,1,66
sciences,OP3,BIM,0.4,FGSM,0.5,27.33823529411765,25.5,0,66
sciences,OP3,BIM,0.4,FGSM,0.6,27.433823529411764,26.0,0,66
sciences,OP3,BIM,0.4,FGSM,0.7,27.441176470588236,26.0,0,66
sciences,OP3,BIM,0.4,FGSM,0.8,27.441176470588236,26.0,0,66
sciences,OP3,BIM,0.4,FGSM,0.9,27.448529411764707,26.0,0,66
sciences,OP3,BIM,0.4,FGSM,1.0,27.448529411764707,26.0,0,66
sciences,S7,BIM,0.4,FGSM,0.1,21.28676470588235,18.0,0,67
sciences,S7,BIM,0.4,FGSM,0.2,25.99264705882353,23.5,0,67
sciences,S7,BIM,0.4,FGSM,0.3,26.816176470588236,24.0,0,67
sciences,S7,BIM,0.4,FGSM,0.4,26.91176470588235,24.0,0,67
sciences,S7,BIM,0.4,FGSM,0.5,27.74264705882353,25.0,0,67
sciences,S7,BIM,0.4,FGSM,0.6,28.28676470588235,25.5,0,67
sciences,S7,BIM,0.4,FGSM,0.7,28.301470588235293,25.5,0,67
sciences,S7,BIM,0.4,FGSM,0.8,28.279411764705884,25.5,0,67
sciences,S7,BIM,0.4,FGSM,0.9,28.522058823529413,26.5,0,67
sciences,S7,BIM,0.4,FGSM,1.0,28.522058823529413,26.5,0,67
sciences,BLU,BIM,0.5,FGSM,0.1,19.50735294117647,15.5,1,63
sciences,BLU,BIM,0.5,FGSM,0.2,21.33823529411765,16.5,1,64
sciences,BLU,BIM,0.5,FGSM,0.3,21.25,17.5,1,65
sciences,BLU,BIM,0.5,FGSM,0.4,22.470588235294116,18.5,1,65
sciences,BLU,BIM,0.5,FGSM,0.5,23.073529411764707,19.5,1,65
sciences,BLU,BIM,0.5,FGSM,0.6,23.316176470588236,20.0,1,65
sciences,BLU,BIM,0.5,FGSM,0.7,23.455882352941178,20.0,1,65
sciences,BLU,BIM,0.5,FGSM,0.8,23.455882352941178,20.0,1,65
sciences,BLU,BIM,0.5,FGSM,0.9,23.470588235294116,20.0,1,65
sciences,BLU,BIM,0.5,FGSM,1.0,23.602941176470587,20.0,1,65
sciences,HTC,BIM,0.5,FGSM,0.1,19.25,13.5,0,65
sciences,HTC,BIM,0.5,FGSM,0.2,21.41176470588235,16.5,1,65
sciences,HTC,BIM,0.5,FGSM,0.3,22.279411764705884,18.0,1,65
sciences,HTC,BIM,0.5,FGSM,0.4,22.647058823529413,18.5,1,65
sciences,HTC,BIM,0.5,FGSM,0.5,23.051470588235293,18.0,1,65
sciences,HTC,BIM,0.5,FGSM,0.6,22.38235294117647,17.0,1,65
sciences,HTC,BIM,0.5,FGSM,0.7,22.580882352941178,17.5,1,65
sciences,HTC,BIM,0.5,FGSM,0.8,22.926470588235293,18.0,1,65
sciences,HTC,BIM,0.5,FGSM,0.9,22.926470588235293,18.0,1,65
sciences,HTC,BIM,0.5,FGSM,1.0,22.926470588235293,18.0,1,65
sciences,LG,BIM,0.5,FGSM,0.1,19.61764705882353,15.5,0,65
sciences,LG,BIM,0.5,FGSM,0.2,20.88235294117647,18.0,0,65
sciences,LG,BIM,0.5,FGSM,0.3,22.102941176470587,19.0,0,65
sciences,LG,BIM,0.5,FGSM,0.4,22.28676470588235,19.5,0,65
sciences,LG,BIM,0.5,FGSM,0.5,22.154411764705884,19.0,0,65
sciences,LG,BIM,0.5,FGSM,0.6,22.16176470588235,19.0,0,65
sciences,LG,BIM,0.5,FGSM,0.7,22.095588235294116,19.0,0,65
sciences,LG,BIM,0.5,FGSM,0.8,22.264705882352942,19.0,0,65
sciences,LG,BIM,0.5,FGSM,0.9,22.220588235294116,19.0,0,65
sciences,LG,BIM,0.5,FGSM,1.0,22.220588235294116,19.0,0,65
sciences,MOTO,BIM,0.5,FGSM,0.1,16.345588235294116,13.5,0,62
sciences,MOTO,BIM,0.5,FGSM,0.2,17.654411764705884,14.0,0,64
sciences,MOTO,BIM,0.5,FGSM,0.3,17.96323529411765,14.0,0,64
sciences,MOTO,BIM,0.5,FGSM,0.4,17.83823529411765,13.0,0,64
sciences,MOTO,BIM,0.5,FGSM,0.5,18.375,14.0,0,64
sciences,MOTO,BIM,0.5,FGSM,0.6,19.455882352941178,14.5,0,64
sciences,MOTO,BIM,0.5,FGSM,0.7,19.352941176470587,14.5,0,64
sciences,MOTO,BIM,0.5,FGSM,0.8,19.691176470588236,15.0,0,64
sciences,MOTO,BIM,0.5,FGSM,0.9,20.029411764705884,15.0,0,64
sciences,MOTO,BIM,0.5,FGSM,1.0,20.36764705882353,15.5,0,64
sciences,OP3,BIM,0.5,FGSM,0.1,19.11764705882353,13.0,0,65
sciences,OP3,BIM,0.5,FGSM,0.2,21.102941176470587,15.5,0,65
sciences,OP3,BIM,0.5,FGSM,0.3,22.294117647058822,19.0,0,65
sciences,OP3,BIM,0.5,FGSM,0.4,23.073529411764707,20.0,0,65
sciences,OP3,BIM,0.5,FGSM,0.5,23.13235294117647,20.0,0,65
sciences,OP3,BIM,0.5,FGSM,0.6,23.25,20.0,0,65
sciences,OP3,BIM,0.5,FGSM,0.7,23.404411764705884,20.0,0,65
sciences,OP3,BIM,0.5,FGSM,0.8,23.404411764705884,20.0,0,65
sciences,OP3,BIM,0.5,FGSM,0.9,23.389705882352942,20.0,0,65
sciences,OP3,BIM,0.5,FGSM,1.0,23.75735294117647,20.5,0,65
sciences,S7,BIM,0.5,FGSM,0.1,18.073529411764707,12.0,0,66
sciences,S7,BIM,0.5,FGSM,0.2,19.948529411764707,15.0,0,66
sciences,S7,BIM,0.5,FGSM,0.3,21.0,16.5,0,66
sciences,S7,BIM,0.5,FGSM,0.4,21.220588235294116,16.5,0,66
sciences,S7,BIM,0.5,FGSM,0.5,21.220588235294116,16.5,0,66
sciences,S7,BIM,0.5,FGSM,0.6,21.404411764705884,16.5,0,66
sciences,S7,BIM,0.5,FGSM,0.7,21.830882352941178,17.0,0,66
sciences,S7,BIM,0.5,FGSM,0.8,22.014705882352942,17.5,0,66
sciences,S7,BIM,0.5,FGSM,0.9,22.014705882352942,17.5,0,66
sciences,S7,BIM,0.5,FGSM,1.0,22.014705882352942,17.5,0,66
sciences,BLU,BIM,0.6,FGSM,0.1,22.860294117647058,18.0,0,66
sciences,BLU,BIM,0.6,FGSM,0.2,23.816176470588236,20.0,0,67
sciences,BLU,BIM,0.6,FGSM,0.3,24.345588235294116,20.5,0,67
sciences,BLU,BIM,0.6,FGSM,0.4,24.61764705882353,21.0,0,67
sciences,BLU,BIM,0.6,FGSM,0.5,24.860294117647058,21.0,0,67
sciences,BLU,BIM,0.6,FGSM,0.6,24.852941176470587,21.0,0,67
sciences,BLU,BIM,0.6,FGSM,0.7,24.83823529411765,21.0,0,67
sciences,BLU,BIM,0.6,FGSM,0.8,24.830882352941178,21.0,0,67
sciences,BLU,BIM,0.6,FGSM,0.9,24.830882352941178,21.0,0,67
sciences,BLU,BIM,0.6,FGSM,1.0,24.955882352941178,21.0,0,67
sciences,HTC,BIM,0.6,FGSM,0.1,27.095588235294116,22.0,1,66
sciences,HTC,BIM,0.6,FGSM,0.2,27.933823529411764,23.5,1,67
sciences,HTC,BIM,0.6,FGSM,0.3,27.919117647058822,24.0,1,67
sciences,HTC,BIM,0.6,FGSM,0.4,28.073529411764707,24.0,1,67
sciences,HTC,BIM,0.6,FGSM,0.5,28.102941176470587,24.0,1,67
sciences,HTC,BIM,0.6,FGSM,0.6,28.264705882352942,24.0,1,67
sciences,HTC,BIM,0.6,FGSM,0.7,28.397058823529413,24.0,1,67
sciences,HTC,BIM,0.6,FGSM,0.8,28.573529411764707,24.0,1,67
sciences,HTC,BIM,0.6,FGSM,0.9,28.573529411764707,24.0,1,67
sciences,HTC,BIM,0.6,FGSM,1.0,28.544117647058822,23.5,1,67
sciences,LG,BIM,0.6,FGSM,0.1,28.029411764705884,24.0,1,66
sciences,LG,BIM,0.6,FGSM,0.2,30.955882352941178,27.0,1,66
sciences,LG,BIM,0.6,FGSM,0.3,31.279411764705884,27.5,1,66
sciences,LG,BIM,0.6,FGSM,0.4,32.38970588235294,29.0,1,67
sciences,LG,BIM,0.6,FGSM,0.5,32.654411764705884,29.0,1,67
sciences,LG,BIM,0.6,FGSM,0.6,32.654411764705884,29.0,1,67
sciences,LG,BIM,0.6,FGSM,0.7,32.75735294117647,29.0,1,67
sciences,LG,BIM,0.6,FGSM,0.8,32.963235294117645,29.0,1,67
sciences,LG,BIM,0.6,FGSM,0.9,33.11029411764706,29.5,1,67
sciences,LG,BIM,0.6,FGSM,1.0,33.11029411764706,29.5,1,67
sciences,MOTO,BIM,0.6,FGSM,0.1,23.397058823529413,18.0,0,67
sciences,MOTO,BIM,0.6,FGSM,0.2,25.154411764705884,20.0,0,67
sciences,MOTO,BIM,0.6,FGSM,0.3,25.46323529411765,20.5,0,67
sciences,MOTO,BIM,0.6,FGSM,0.4,25.875,21.0,0,67
sciences,MOTO,BIM,0.6,FGSM,0.5,25.91176470588235,21.0,0,67
sciences,MOTO,BIM,0.6,FGSM,0.6,25.904411764705884,21.0,0,67
sciences,MOTO,BIM,0.6,FGSM,0.7,26.602941176470587,22.0,0,67
sciences,MOTO,BIM,0.6,FGSM,0.8,26.595588235294116,22.0,0,67
sciences,MOTO,BIM,0.6,FGSM,0.9,26.426470588235293,22.0,0,67
sciences,MOTO,BIM,0.6,FGSM,1.0,26.433823529411764,22.0,0,67
sciences,OP3,BIM,0.6,FGSM,0.1,23.845588235294116,18.0,1,67
sciences,OP3,BIM,0.6,FGSM,0.2,27.0,23.0,1,67
sciences,OP3,BIM,0.6,FGSM,0.3,26.808823529411764,23.0,1,67
sciences,OP3,BIM,0.6,FGSM,0.4,27.36764705882353,23.5,1,67
sciences,OP3,BIM,0.6,FGSM,0.5,27.926470588235293,24.5,1,67
sciences,OP3,BIM,0.6,FGSM,0.6,27.985294117647058,24.5,1,67
sciences,OP3,BIM,0.6,FGSM,0.7,28.066176470588236,25.0,1,67
sciences,OP3,BIM,0.6,FGSM,0.8,28.058823529411764,25.0,1,67
sciences,OP3,BIM,0.6,FGSM,0.9,28.058823529411764,25.0,1,67
sciences,OP3,BIM,0.6,FGSM,1.0,28.058823529411764,25.0,1,67
sciences,S7,BIM,0.6,FGSM,0.1,24.176470588235293,18.5,0,66
sciences,S7,BIM,0.6,FGSM,0.2,26.74264705882353,24.0,0,67
sciences,S7,BIM,0.6,FGSM,0.3,27.50735294117647,24.0,0,67
sciences,S7,BIM,0.6,FGSM,0.4,27.727941176470587,24.0,0,67
sciences,S7,BIM,0.6,FGSM,0.5,27.88235294117647,24.5,0,67
sciences,S7,BIM,0.6,FGSM,0.6,28.00735294117647,24.5,0,67
sciences,S7,BIM,0.6,FGSM,0.7,28.147058823529413,25.0,0,67
sciences,S7,BIM,0.6,FGSM,0.8,28.485294117647058,25.0,0,67
sciences,S7,BIM,0.6,FGSM,0.9,28.485294117647058,25.0,0,67
sciences,S7,BIM,0.6,FGSM,1.0,28.485294117647058,25.0,0,67
sciences,BLU,BIM,0.7,FGSM,0.1,20.63235294117647,16.0,0,63
sciences,BLU,BIM,0.7,FGSM,0.2,21.50735294117647,17.0,0,63
sciences,BLU,BIM,0.7,FGSM,0.3,23.955882352941178,19.5,0,65
sciences,BLU,BIM,0.7,FGSM,0.4,24.933823529411764,21.5,0,65
sciences,BLU,BIM,0.7,FGSM,0.5,25.24264705882353,22.0,0,65
sciences,BLU,BIM,0.7,FGSM,0.6,25.71323529411765,22.0,0,65
sciences,BLU,BIM,0.7,FGSM,0.7,25.735294117647058,22.0,0,65
sciences,BLU,BIM,0.7,FGSM,0.8,25.558823529411764,22.0,0,65
sciences,BLU,BIM,0.7,FGSM,0.9,25.551470588235293,22.0,0,65
sciences,BLU,BIM,0.7,FGSM,1.0,26.029411764705884,22.0,0,66
sciences,HTC,BIM,0.7,FGSM,0.1,24.602941176470587,18.5,0,67
sciences,HTC,BIM,0.7,FGSM,0.2,27.53676470588235,26.0,0,67
sciences,HTC,BIM,0.7,FGSM,0.3,27.919117647058822,25.0,0,67
sciences,HTC,BIM,0.7,FGSM,0.4,28.323529411764707,25.5,0,67
sciences,HTC,BIM,0.7,FGSM,0.5,28.625,25.5,0,67
sciences,HTC,BIM,0.7,FGSM,0.6,28.779411764705884,25.5,0,67
sciences,HTC,BIM,0.7,FGSM,0.7,28.75,25.5,0,67
sciences,HTC,BIM,0.7,FGSM,0.8,28.595588235294116,25.0,0,67
sciences,HTC,BIM,0.7,FGSM,0.9,29.073529411764707,26.0,0,67
sciences,HTC,BIM,0.7,FGSM,1.0,29.264705882352942,26.0,0,67
sciences,LG,BIM,0.7,FGSM,0.1,19.308823529411764,13.0,0,67
sciences,LG,BIM,0.7,FGSM,0.2,23.514705882352942,16.0,0,67
sciences,LG,BIM,0.7,FGSM,0.3,24.529411764705884,18.0,0,67
sciences,LG,BIM,0.7,FGSM,0.4,25.698529411764707,20.0,0,67
sciences,LG,BIM,0.7,FGSM,0.5,26.21323529411765,21.0,0,67
sciences,LG,BIM,0.7,FGSM,0.6,26.522058823529413,22.0,0,67
sciences,LG,BIM,0.7,FGSM,0.7,27.051470588235293,23.0,0,67
sciences,LG,BIM,0.7,FGSM,0.8,27.264705882352942,23.0,0,67
sciences,LG,BIM,0.7,FGSM,0.9,27.264705882352942,23.0,0,67
sciences,LG,BIM,0.7,FGSM,1.0,27.264705882352942,23.0,0,67
sciences,MOTO,BIM,0.7,FGSM,0.1,22.080882352941178,15.5,0,67
sciences,MOTO,BIM,0.7,FGSM,0.2,23.933823529411764,19.0,0,67
sciences,MOTO,BIM,0.7,FGSM,0.3,25.014705882352942,21.0,0,67
sciences,MOTO,BIM,0.7,FGSM,0.4,25.63235294117647,21.5,0,67
sciences,MOTO,BIM,0.7,FGSM,0.5,25.61764705882353,21.5,0,67
sciences,MOTO,BIM,0.7,FGSM,0.6,25.823529411764707,21.5,0,67
sciences,MOTO,BIM,0.7,FGSM,0.7,25.830882352941178,21.5,0,67
sciences,MOTO,BIM,0.7,FGSM,0.8,25.933823529411764,21.0,0,67
sciences,MOTO,BIM,0.7,FGSM,0.9,25.933823529411764,21.5,0,67
sciences,MOTO,BIM,0.7,FGSM,1.0,25.933823529411764,21.5,0,67
sciences,OP3,BIM,0.7,FGSM,0.1,21.764705882352942,16.0,0,67
sciences,OP3,BIM,0.7,FGSM,0.2,22.852941176470587,17.0,0,67
sciences,OP3,BIM,0.7,FGSM,0.3,23.61764705882353,17.5,0,67
sciences,OP3,BIM,0.7,FGSM,0.4,24.154411764705884,19.0,0,67
sciences,OP3,BIM,0.7,FGSM,0.5,24.551470588235293,19.5,0,67
sciences,OP3,BIM,0.7,FGSM,0.6,24.897058823529413,20.5,1,67
sciences,OP3,BIM,0.7,FGSM,0.7,24.875,20.5,1,67
sciences,OP3,BIM,0.7,FGSM,0.8,25.029411764705884,20.5,1,67
sciences,OP3,BIM,0.7,FGSM,0.9,25.102941176470587,20.5,1,67
sciences,OP3,BIM,0.7,FGSM,1.0,25.308823529411764,21.0,1,67
sciences,S7,BIM,0.7,FGSM,0.1,21.058823529411764,14.0,1,67
sciences,S7,BIM,0.7,FGSM,0.2,23.573529411764707,18.0,1,67
sciences,S7,BIM,0.7,FGSM,0.3,25.03676470588235,20.5,1,67
sciences,S7,BIM,0.7,FGSM,0.4,25.691176470588236,21.0,1,67
sciences,S7,BIM,0.7,FGSM,0.5,26.28676470588235,22.0,1,67
sciences,S7,BIM,0.7,FGSM,0.6,26.5,23.5,1,67
sciences,S7,BIM,0.7,FGSM,0.7,26.61764705882353,23.5,1,67
sciences,S7,BIM,0.7,FGSM,0.8,26.61764705882353,23.5,1,67
sciences,S7,BIM,0.7,FGSM,0.9,26.71323529411765,23.5,1,67
sciences,S7,BIM,0.7,FGSM,1.0,26.83823529411765,23.5,1,67
sciences,BLU,BIM,0.8,FGSM,0.1,22.095588235294116,17.0,1,66
sciences,BLU,BIM,0.8,FGSM,0.2,23.522058823529413,21.0,1,66
sciences,BLU,BIM,0.8,FGSM,0.3,23.941176470588236,20.0,1,66
sciences,BLU,BIM,0.8,FGSM,0.4,24.227941176470587,21.0,1,66
sciences,BLU,BIM,0.8,FGSM,0.5,24.294117647058822,21.0,1,66
sciences,BLU,BIM,0.8,FGSM,0.6,24.28676470588235,21.0,1,66
sciences,BLU,BIM,0.8,FGSM,0.7,24.455882352941178,21.0,1,66
sciences,BLU,BIM,0.8,FGSM,0.8,24.455882352941178,21.0,1,66
sciences,BLU,BIM,0.8,FGSM,0.9,24.455882352941178,21.0,1,66
sciences,BLU,BIM,0.8,FGSM,1.0,24.477941176470587,21.0,1,66
sciences,HTC,BIM,0.8,FGSM,0.1,21.198529411764707,15.5,0,67
sciences,HTC,BIM,0.8,FGSM,0.2,22.529411764705884,18.0,0,66
sciences,HTC,BIM,0.8,FGSM,0.3,23.13235294117647,18.0,0,66
sciences,HTC,BIM,0.8,FGSM,0.4,23.183823529411764,18.5,0,66
sciences,HTC,BIM,0.8,FGSM,0.5,23.522058823529413,18.5,0,66
sciences,HTC,BIM,0.8,FGSM,0.6,23.772058823529413,20.0,0,66
sciences,HTC,BIM,0.8,FGSM,0.7,23.96323529411765,20.0,0,66
sciences,HTC,BIM,0.8,FGSM,0.8,24.139705882352942,20.0,0,66
sciences,HTC,BIM,0.8,FGSM,0.9,24.154411764705884,20.0,0,66
sciences,HTC,BIM,0.8,FGSM,1.0,24.154411764705884,20.0,0,66
sciences,LG,BIM,0.8,FGSM,0.1,19.13235294117647,13.0,0,67
sciences,LG,BIM,0.8,FGSM,0.2,21.78676470588235,15.0,0,66
sciences,LG,BIM,0.8,FGSM,0.3,22.029411764705884,15.5,0,66
sciences,LG,BIM,0.8,FGSM,0.4,22.066176470588236,16.0,0,66
sciences,LG,BIM,0.8,FGSM,0.5,22.397058823529413,16.0,0,66
sciences,LG,BIM,0.8,FGSM,0.6,22.448529411764707,16.5,0,66
sciences,LG,BIM,0.8,FGSM,0.7,22.5,17.0,0,66
sciences,LG,BIM,0.8,FGSM,0.8,22.53676470588235,17.0,0,66
sciences,LG,BIM,0.8,FGSM,0.9,22.53676470588235,17.0,0,66
sciences,LG,BIM,0.8,FGSM,1.0,22.66176470588235,17.0,0,66
sciences,MOTO,BIM,0.8,FGSM,0.1,23.022058823529413,16.5,0,63
sciences,MOTO,BIM,0.8,FGSM,0.2,23.977941176470587,19.5,0,63
sciences,MOTO,BIM,0.8,FGSM,0.3,24.13235294117647,21.0,0,63
sciences,MOTO,BIM,0.8,FGSM,0.4,24.779411764705884,21.0,0,66
sciences,MOTO,BIM,0.8,FGSM,0.5,24.91176470588235,21.0,0,66
sciences,MOTO,BIM,0.8,FGSM,0.6,24.91176470588235,21.0,0,66
sciences,MOTO,BIM,0.8,FGSM,0.7,24.91176470588235,21.0,0,66
sciences,MOTO,BIM,0.8,FGSM,0.8,24.83823529411765,21.0,0,66
sciences,MOTO,BIM,0.8,FGSM,0.9,24.558823529411764,21.0,0,66
sciences,MOTO,BIM,0.8,FGSM,1.0,24.558823529411764,21.0,0,66
sciences,OP3,BIM,0.8,FGSM,0.1,22.08823529411765,16.5,1,66
sciences,OP3,BIM,0.8,FGSM,0.2,22.919117647058822,17.5,1,66
sciences,OP3,BIM,0.8,FGSM,0.3,22.948529411764707,18.0,0,66
sciences,OP3,BIM,0.8,FGSM,0.4,23.78676470588235,18.5,0,66
sciences,OP3,BIM,0.8,FGSM,0.5,23.897058823529413,19.0,0,66
sciences,OP3,BIM,0.8,FGSM,0.6,23.985294117647058,19.0,0,66
sciences,OP3,BIM,0.8,FGSM,0.7,24.352941176470587,19.0,0,66
sciences,OP3,BIM,0.8,FGSM,0.8,24.345588235294116,19.0,0,66
sciences,OP3,BIM,0.8,FGSM,0.9,24.345588235294116,19.0,0,66
sciences,OP3,BIM,0.8,FGSM,1.0,24.345588235294116,19.0,0,66
sciences,S7,BIM,0.8,FGSM,0.1,20.580882352941178,14.0,0,66
sciences,S7,BIM,0.8,FGSM,0.2,22.154411764705884,17.0,0,67
sciences,S7,BIM,0.8,FGSM,0.3,22.573529411764707,18.0,1,67
sciences,S7,BIM,0.8,FGSM,0.4,22.647058823529413,18.5,0,67
sciences,S7,BIM,0.8,FGSM,0.5,24.139705882352942,19.5,0,67
sciences,S7,BIM,0.8,FGSM,0.6,24.33823529411765,20.0,0,67
sciences,S7,BIM,0.8,FGSM,0.7,24.264705882352942,20.0,0,67
sciences,S7,BIM,0.8,FGSM,0.8,24.279411764705884,20.0,0,67
sciences,S7,BIM,0.8,FGSM,0.9,24.272058823529413,20.0,0,67
sciences,S7,BIM,0.8,FGSM,1.0,24.28676470588235,20.0,0,67
sciences,BLU,BIM,0.9,FGSM,0.1,22.727941176470587,18.0,0,66
sciences,BLU,BIM,0.9,FGSM,0.2,24.477941176470587,21.5,1,66
sciences,BLU,BIM,0.9,FGSM,0.3,25.764705882352942,25.0,1,66
sciences,BLU,BIM,0.9,FGSM,0.4,26.566176470588236,25.0,1,66
sciences,BLU,BIM,0.9,FGSM,0.5,27.96323529411765,26.5,1,66
sciences,BLU,BIM,0.9,FGSM,0.6,27.683823529411764,25.5,1,66
sciences,BLU,BIM,0.9,FGSM,0.7,27.683823529411764,25.5,1,66
sciences,BLU,BIM,0.9,FGSM,0.8,28.24264705882353,27.5,1,66
sciences,BLU,BIM,0.9,FGSM,0.9,28.639705882352942,28.5,1,66
sciences,BLU,BIM,0.9,FGSM,1.0,28.683823529411764,28.5,1,66
sciences,HTC,BIM,0.9,FGSM,0.1,21.360294117647058,17.5,0,67
sciences,HTC,BIM,0.9,FGSM,0.2,27.669117647058822,24.5,0,67
sciences,HTC,BIM,0.9,FGSM,0.3,29.051470588235293,26.5,0,67
sciences,HTC,BIM,0.9,FGSM,0.4,29.169117647058822,26.5,0,67
sciences,HTC,BIM,0.9,FGSM,0.5,30.198529411764707,28.0,0,67
sciences,HTC,BIM,0.9,FGSM,0.6,30.36764705882353,28.0,0,67
sciences,HTC,BIM,0.9,FGSM,0.7,30.852941176470587,29.0,0,67
sciences,HTC,BIM,0.9,FGSM,0.8,31.066176470588236,29.0,0,67
sciences,HTC,BIM,0.9,FGSM,0.9,31.066176470588236,29.0,0,67
sciences,HTC,BIM,0.9,FGSM,1.0,31.066176470588236,29.0,0,67
sciences,LG,BIM,0.9,FGSM,0.1,22.00735294117647,15.0,0,65
sciences,LG,BIM,0.9,FGSM,0.2,26.191176470588236,23.0,0,65
sciences,LG,BIM,0.9,FGSM,0.3,27.801470588235293,24.5,0,65
sciences,LG,BIM,0.9,FGSM,0.4,28.13235294117647,25.5,0,65
sciences,LG,BIM,0.9,FGSM,0.5,28.095588235294116,25.0,0,65
sciences,LG,BIM,0.9,FGSM,0.6,28.169117647058822,25.0,0,65
sciences,LG,BIM,0.9,FGSM,0.7,28.470588235294116,26.0,0,65
sciences,LG,BIM,0.9,FGSM,0.8,28.470588235294116,26.0,0,65
sciences,LG,BIM,0.9,FGSM,0.9,28.470588235294116,26.0,0,65
sciences,LG,BIM,0.9,FGSM,1.0,28.470588235294116,26.0,0,65
sciences,MOTO,BIM,0.9,FGSM,0.1,22.845588235294116,17.5,0,67
sciences,MOTO,BIM,0.9,FGSM,0.2,26.727941176470587,24.0,0,67
sciences,MOTO,BIM,0.9,FGSM,0.3,27.610294117647058,26.5,0,67
sciences,MOTO,BIM,0.9,FGSM,0.4,27.705882352941178,26.5,0,67
sciences,MOTO,BIM,0.9,FGSM,0.5,27.808823529411764,27.0,0,67
sciences,MOTO,BIM,0.9,FGSM,0.6,28.25,27.0,0,67
sciences,MOTO,BIM,0.9,FGSM,0.7,28.235294117647058,27.0,0,67
sciences,MOTO,BIM,0.9,FGSM,0.8,28.294117647058822,27.0,0,67
sciences,MOTO,BIM,0.9,FGSM,0.9,28.294117647058822,27.0,0,67
sciences,MOTO,BIM,0.9,FGSM,1.0,28.294117647058822,27.0,0,67
sciences,OP3,BIM,0.9,FGSM,0.1,23.53676470588235,20.0,0,66
sciences,OP3,BIM,0.9,FGSM,0.2,27.21323529411765,26.0,1,66
sciences,OP3,BIM,0.9,FGSM,0.3,28.448529411764707,27.5,0,66
sciences,OP3,BIM,0.9,FGSM,0.4,28.426470588235293,28.0,0,66
sciences,OP3,BIM,0.9,FGSM,0.5,28.88235294117647,28.5,0,66
sciences,OP3,BIM,0.9,FGSM,0.6,29.455882352941178,29.5,0,66
sciences,OP3,BIM,0.9,FGSM,0.7,29.272058823529413,29.0,0,66
sciences,OP3,BIM,0.9,FGSM,0.8,29.25735294117647,29.0,0,66
sciences,OP3,BIM,0.9,FGSM,0.9,29.16176470588235,28.5,0,66
sciences,OP3,BIM,0.9,FGSM,1.0,29.46323529411765,29.0,0,66
sciences,S7,BIM,0.9,FGSM,0.1,20.96323529411765,16.5,0,66
sciences,S7,BIM,0.9,FGSM,0.2,26.419117647058822,23.0,0,67
sciences,S7,BIM,0.9,FGSM,0.3,26.941176470588236,24.5,0,67
sciences,S7,BIM,0.9,FGSM,0.4,27.169117647058822,25.0,0,67
sciences,S7,BIM,0.9,FGSM,0.5,28.308823529411764,25.5,0,67
sciences,S7,BIM,0.9,FGSM,0.6,28.345588235294116,25.5,0,67
sciences,S7,BIM,0.9,FGSM,0.7,28.389705882352942,25.5,0,67
sciences,S7,BIM,0.9,FGSM,0.8,28.176470588235293,25.0,0,67
sciences,S7,BIM,0.9,FGSM,0.9,28.573529411764707,25.5,0,67
sciences,S7,BIM,0.9,FGSM,1.0,28.63235294117647,26.0,0,67
sciences,BLU,BIM,1.0,FGSM,0.1,23.455882352941178,18.0,0,66
sciences,BLU,BIM,1.0,FGSM,0.2,25.808823529411764,21.0,0,66
sciences,BLU,BIM,1.0,FGSM,0.3,25.86764705882353,21.0,0,66
sciences,BLU,BIM,1.0,FGSM,0.4,26.397058823529413,22.5,0,66
sciences,BLU,BIM,1.0,FGSM,0.5,26.272058823529413,23.0,0,66
sciences,BLU,BIM,1.0,FGSM,0.6,26.24264705882353,23.0,0,66
sciences,BLU,BIM,1.0,FGSM,0.7,26.24264705882353,23.0,0,66
sciences,BLU,BIM,1.0,FGSM,0.8,26.5,23.0,0,66
sciences,BLU,BIM,1.0,FGSM,0.9,26.11764705882353,23.0,0,66
sciences,BLU,BIM,1.0,FGSM,1.0,26.205882352941178,23.0,0,66
sciences,HTC,BIM,1.0,FGSM,0.1,21.33823529411765,16.0,0,64
sciences,HTC,BIM,1.0,FGSM,0.2,23.852941176470587,20.0,0,64
sciences,HTC,BIM,1.0,FGSM,0.3,24.529411764705884,20.0,0,64
sciences,HTC,BIM,1.0,FGSM,0.4,24.941176470588236,22.0,0,64
sciences,HTC,BIM,1.0,FGSM,0.5,25.169117647058822,22.5,0,64
sciences,HTC,BIM,1.0,FGSM,0.6,25.220588235294116,22.5,0,64
sciences,HTC,BIM,1.0,FGSM,0.7,25.46323529411765,23.0,0,64
sciences,HTC,BIM,1.0,FGSM,0.8,25.419117647058822,22.5,0,64
sciences,HTC,BIM,1.0,FGSM,0.9,25.49264705882353,22.5,0,64
sciences,HTC,BIM,1.0,FGSM,1.0,25.49264705882353,22.5,0,64
sciences,LG,BIM,1.0,FGSM,0.1,19.426470588235293,12.0,0,66
sciences,LG,BIM,1.0,FGSM,0.2,21.764705882352942,16.0,0,66
sciences,LG,BIM,1.0,FGSM,0.3,22.78676470588235,19.0,0,66
sciences,LG,BIM,1.0,FGSM,0.4,23.808823529411764,20.0,0,66
sciences,LG,BIM,1.0,FGSM,0.5,24.24264705882353,20.5,0,66
sciences,LG,BIM,1.0,FGSM,0.6,24.529411764705884,21.0,0,66
sciences,LG,BIM,1.0,FGSM,0.7,24.71323529411765,21.5,0,66
sciences,LG,BIM,1.0,FGSM,0.8,24.941176470588236,22.0,0,66
sciences,LG,BIM,1.0,FGSM,0.9,25.11764705882353,22.0,0,66
sciences,LG,BIM,1.0,FGSM,1.0,25.095588235294116,22.0,0,66
sciences,MOTO,BIM,1.0,FGSM,0.1,17.5,13.0,0,67
sciences,MOTO,BIM,1.0,FGSM,0.2,20.625,16.0,0,67
sciences,MOTO,BIM,1.0,FGSM,0.3,22.154411764705884,17.5,0,67
sciences,MOTO,BIM,1.0,FGSM,0.4,22.25,17.5,0,67
sciences,MOTO,BIM,1.0,FGSM,0.5,22.227941176470587,17.5,0,67
sciences,MOTO,BIM,1.0,FGSM,0.6,22.46323529411765,18.5,0,66
sciences,MOTO,BIM,1.0,FGSM,0.7,21.772058823529413,18.0,0,66
sciences,MOTO,BIM,1.0,FGSM,0.8,21.779411764705884,18.0,0,66
sciences,MOTO,BIM,1.0,FGSM,0.9,21.86764705882353,18.0,0,66
sciences,MOTO,BIM,1.0,FGSM,1.0,21.86764705882353,18.0,0,66
sciences,OP3,BIM,1.0,FGSM,0.1,22.772058823529413,16.5,1,67
sciences,OP3,BIM,1.0,FGSM,0.2,23.227941176470587,19.0,1,66
sciences,OP3,BIM,1.0,FGSM,0.3,23.610294117647058,21.0,1,66
sciences,OP3,BIM,1.0,FGSM,0.4,24.08823529411765,21.5,1,66
sciences,OP3,BIM,1.0,FGSM,0.5,24.595588235294116,21.5,1,66
sciences,OP3,BIM,1.0,FGSM,0.6,24.816176470588236,22.5,0,66
sciences,OP3,BIM,1.0,FGSM,0.7,24.99264705882353,23.0,0,66
sciences,OP3,BIM,1.0,FGSM,0.8,24.941176470588236,23.0,0,66
sciences,OP3,BIM,1.0,FGSM,0.9,25.080882352941178,23.0,0,66
sciences,OP3,BIM,1.0,FGSM,1.0,25.154411764705884,23.0,0,66
sciences,S7,BIM,1.0,FGSM,0.1,22.014705882352942,19.0,0,66
sciences,S7,BIM,1.0,FGSM,0.2,22.50735294117647,20.0,1,65
sciences,S7,BIM,1.0,FGSM,0.3,22.970588235294116,20.0,1,65
sciences,S7,BIM,1.0,FGSM,0.4,23.227941176470587,20.5,1,65
sciences,S7,BIM,1.0,FGSM,0.5,23.389705882352942,21.0,1,65
sciences,S7,BIM,1.0,FGSM,0.6,23.53676470588235,21.0,1,65
sciences,S7,BIM,1.0,FGSM,0.7,23.698529411764707,21.0,1,65
sciences,S7,BIM,1.0,FGSM,0.8,23.816176470588236,21.0,1,65
sciences,S7,BIM,1.0,FGSM,0.9,23.845588235294116,21.0,1,65
sciences,S7,BIM,1.0,FGSM,1.0,23.183823529411764,21.0,0,65
sciences,BLU,FGSM,0.1,PGD,0.1,14.389705882352942,9.0,0,64
sciences,BLU,FGSM,0.1,PGD,0.2,14.382352941176471,9.0,0,64
sciences,BLU,FGSM,0.1,PGD,0.3,14.404411764705882,9.0,0,64
sciences,BLU,FGSM,0.1,PGD,0.4,14.352941176470589,9.0,0,64
sciences,BLU,FGSM,0.1,PGD,0.5,14.352941176470589,9.0,0,64
sciences,BLU,FGSM,0.1,PGD,0.6,14.352941176470589,9.0,0,64
sciences,BLU,FGSM,0.1,PGD,0.7,14.352941176470589,9.0,0,64
sciences,BLU,FGSM,0.1,PGD,0.8,14.352941176470589,9.0,0,64
sciences,BLU,FGSM,0.1,PGD,0.9,14.352941176470589,9.0,0,64
sciences,BLU,FGSM,0.1,PGD,1.0,14.352941176470589,9.0,0,64
sciences,HTC,FGSM,0.1,PGD,0.1,10.830882352941176,5.0,0,65
sciences,HTC,FGSM,0.1,PGD,0.2,10.845588235294118,6.0,0,65
sciences,HTC,FGSM,0.1,PGD,0.3,10.852941176470589,6.0,0,65
sciences,HTC,FGSM,0.1,PGD,0.4,10.852941176470589,6.0,0,65
sciences,HTC,FGSM,0.1,PGD,0.5,10.852941176470589,6.0,0,65
sciences,HTC,FGSM,0.1,PGD,0.6,10.852941176470589,6.0,0,65
sciences,HTC,FGSM,0.1,PGD,0.7,10.852941176470589,6.0,0,65
sciences,HTC,FGSM,0.1,PGD,0.8,10.852941176470589,6.0,0,65
sciences,HTC,FGSM,0.1,PGD,0.9,10.852941176470589,6.0,0,65
sciences,HTC,FGSM,0.1,PGD,1.0,10.852941176470589,6.0,0,65
sciences,LG,FGSM,0.1,PGD,0.1,8.610294117647058,4.0,0,63
sciences,LG,FGSM,0.1,PGD,0.2,8.639705882352942,4.0,0,63
sciences,LG,FGSM,0.1,PGD,0.3,8.639705882352942,4.0,0,63
sciences,LG,FGSM,0.1,PGD,0.4,8.639705882352942,4.0,0,63
sciences,LG,FGSM,0.1,PGD,0.5,8.639705882352942,4.0,0,63
sciences,LG,FGSM,0.1,PGD,0.6,8.639705882352942,4.0,0,63
sciences,LG,FGSM,0.1,PGD,0.7,8.639705882352942,4.0,0,63
sciences,LG,FGSM,0.1,PGD,0.8,8.639705882352942,4.0,0,63
sciences,LG,FGSM,0.1,PGD,0.9,8.639705882352942,4.0,0,63
sciences,LG,FGSM,0.1,PGD,1.0,8.639705882352942,4.0,0,63
sciences,MOTO,FGSM,0.1,PGD,0.1,10.588235294117647,5.0,0,54
sciences,MOTO,FGSM,0.1,PGD,0.2,10.470588235294118,5.0,0,54
sciences,MOTO,FGSM,0.1,PGD,0.3,10.470588235294118,5.0,0,54
sciences,MOTO,FGSM,0.1,PGD,0.4,10.485294117647058,5.0,0,54
sciences,MOTO,FGSM,0.1,PGD,0.5,10.485294117647058,5.0,0,54
sciences,MOTO,FGSM,0.1,PGD,0.6,10.485294117647058,5.0,0,54
sciences,MOTO,FGSM,0.1,PGD,0.7,10.485294117647058,5.0,0,54
sciences,MOTO,FGSM,0.1,PGD,0.8,10.485294117647058,5.0,0,54
sciences,MOTO,FGSM,0.1,PGD,0.9,10.485294117647058,5.0,0,54
sciences,MOTO,FGSM,0.1,PGD,1.0,10.485294117647058,5.0,0,54
sciences,OP3,FGSM,0.1,PGD,0.1,11.933823529411764,5.5,0,63
sciences,OP3,FGSM,0.1,PGD,0.2,11.919117647058824,5.5,0,63
sciences,OP3,FGSM,0.1,PGD,0.3,11.933823529411764,5.5,0,63
sciences,OP3,FGSM,0.1,PGD,0.4,11.933823529411764,5.5,0,63
sciences,OP3,FGSM,0.1,PGD,0.5,11.933823529411764,5.5,0,63
sciences,OP3,FGSM,0.1,PGD,0.6,11.933823529411764,5.5,0,63
sciences,OP3,FGSM,0.1,PGD,0.7,11.933823529411764,5.5,0,63
sciences,OP3,FGSM,0.1,PGD,0.8,11.933823529411764,5.5,0,63
sciences,OP3,FGSM,0.1,PGD,0.9,11.933823529411764,5.5,0,63
sciences,OP3,FGSM,0.1,PGD,1.0,11.933823529411764,5.5,0,63
sciences,S7,FGSM,0.1,PGD,0.1,9.926470588235293,6.0,0,62
sciences,S7,FGSM,0.1,PGD,0.2,9.948529411764707,6.0,0,62
sciences,S7,FGSM,0.1,PGD,0.3,9.992647058823529,6.0,0,62
sciences,S7,FGSM,0.1,PGD,0.4,9.992647058823529,6.0,0,62
sciences,S7,FGSM,0.1,PGD,0.5,9.992647058823529,6.0,0,62
sciences,S7,FGSM,0.1,PGD,0.6,9.992647058823529,6.0,0,62
sciences,S7,FGSM,0.1,PGD,0.7,9.992647058823529,6.0,0,62
sciences,S7,FGSM,0.1,PGD,0.8,9.992647058823529,6.0,0,62
sciences,S7,FGSM,0.1,PGD,0.9,9.992647058823529,6.0,0,62
sciences,S7,FGSM,0.1,PGD,1.0,9.992647058823529,6.0,0,62
sciences,BLU,FGSM,0.2,PGD,0.1,12.316176470588236,5.0,0,62
sciences,BLU,FGSM,0.2,PGD,0.2,12.492647058823529,5.5,0,62
sciences,BLU,FGSM,0.2,PGD,0.3,12.492647058823529,5.5,0,62
sciences,BLU,FGSM,0.2,PGD,0.4,12.492647058823529,5.5,0,62
sciences,BLU,FGSM,0.2,PGD,0.5,12.492647058823529,5.5,0,62
sciences,BLU,FGSM,0.2,PGD,0.6,12.492647058823529,5.5,0,62
sciences,BLU,FGSM,0.2,PGD,0.7,12.492647058823529,5.5,0,62
sciences,BLU,FGSM,0.2,PGD,0.8,12.492647058823529,5.5,0,62
sciences,BLU,FGSM,0.2,PGD,0.9,12.492647058823529,5.5,0,62
sciences,BLU,FGSM,0.2,PGD,1.0,12.492647058823529,5.5,0,62
sciences,HTC,FGSM,0.2,PGD,0.1,8.279411764705882,4.0,0,67
sciences,HTC,FGSM,0.2,PGD,0.2,8.25,4.0,0,67
sciences,HTC,FGSM,0.2,PGD,0.3,8.25,4.0,0,67
sciences,HTC,FGSM,0.2,PGD,0.4,8.25,4.0,0,67
sciences,HTC,FGSM,0.2,PGD,0.5,8.25,4.0,0,67
sciences,HTC,FGSM,0.2,PGD,0.6,8.25,4.0,0,67
sciences,HTC,FGSM,0.2,PGD,0.7,8.25,4.0,0,67
sciences,HTC,FGSM,0.2,PGD,0.8,8.25,4.0,0,67
sciences,HTC,FGSM,0.2,PGD,0.9,8.25,4.0,0,67
sciences,HTC,FGSM,0.2,PGD,1.0,8.25,4.0,0,67
sciences,LG,FGSM,0.2,PGD,0.1,5.264705882352941,3.0,0,67
sciences,LG,FGSM,0.2,PGD,0.2,5.338235294117647,3.0,0,67
sciences,LG,FGSM,0.2,PGD,0.3,5.338235294117647,3.0,0,67
sciences,LG,FGSM,0.2,PGD,0.4,5.338235294117647,3.0,0,67
sciences,LG,FGSM,0.2,PGD,0.5,5.338235294117647,3.0,0,67
sciences,LG,FGSM,0.2,PGD,0.6,5.338235294117647,3.0,0,67
sciences,LG,FGSM,0.2,PGD,0.7,5.338235294117647,3.0,0,67
sciences,LG,FGSM,0.2,PGD,0.8,5.338235294117647,3.0,0,67
sciences,LG,FGSM,0.2,PGD,0.9,5.338235294117647,3.0,0,67
sciences,LG,FGSM,0.2,PGD,1.0,5.338235294117647,3.0,0,67
sciences,MOTO,FGSM,0.2,PGD,0.1,8.617647058823529,5.0,0,58
sciences,MOTO,FGSM,0.2,PGD,0.2,8.632352941176471,5.0,0,58
sciences,MOTO,FGSM,0.2,PGD,0.3,8.632352941176471,5.0,0,58
sciences,MOTO,FGSM,0.2,PGD,0.4,8.617647058823529,5.0,0,58
sciences,MOTO,FGSM,0.2,PGD,0.5,8.617647058823529,5.0,0,58
sciences,MOTO,FGSM,0.2,PGD,0.6,8.617647058823529,5.0,0,58
sciences,MOTO,FGSM,0.2,PGD,0.7,8.617647058823529,5.0,0,58
sciences,MOTO,FGSM,0.2,PGD,0.8,8.617647058823529,5.0,0,58
sciences,MOTO,FGSM,0.2,PGD,0.9,8.617647058823529,5.0,0,58
sciences,MOTO,FGSM,0.2,PGD,1.0,8.617647058823529,5.0,0,58
sciences,OP3,FGSM,0.2,PGD,0.1,9.360294117647058,5.0,0,61
sciences,OP3,FGSM,0.2,PGD,0.2,9.647058823529411,5.0,0,61
sciences,OP3,FGSM,0.2,PGD,0.3,9.647058823529411,5.0,0,61
sciences,OP3,FGSM,0.2,PGD,0.4,9.647058823529411,5.0,0,61
sciences,OP3,FGSM,0.2,PGD,0.5,9.647058823529411,5.0,0,61
sciences,OP3,FGSM,0.2,PGD,0.6,9.647058823529411,5.0,0,61
sciences,OP3,FGSM,0.2,PGD,0.7,9.647058823529411,5.0,0,61
sciences,OP3,FGSM,0.2,PGD,0.8,9.647058823529411,5.0,0,61
sciences,OP3,FGSM,0.2,PGD,0.9,9.647058823529411,5.0,0,61
sciences,OP3,FGSM,0.2,PGD,1.0,9.647058823529411,5.0,0,61
sciences,S7,FGSM,0.2,PGD,0.1,6.632352941176471,4.0,0,59
sciences,S7,FGSM,0.2,PGD,0.2,6.676470588235294,4.0,0,59
sciences,S7,FGSM,0.2,PGD,0.3,6.676470588235294,4.0,0,59
sciences,S7,FGSM,0.2,PGD,0.4,6.676470588235294,4.0,0,59
sciences,S7,FGSM,0.2,PGD,0.5,6.676470588235294,4.0,0,59
sciences,S7,FGSM,0.2,PGD,0.6,6.676470588235294,4.0,0,59
sciences,S7,FGSM,0.2,PGD,0.7,6.676470588235294,4.0,0,59
sciences,S7,FGSM,0.2,PGD,0.8,6.676470588235294,4.0,0,59
sciences,S7,FGSM,0.2,PGD,0.9,6.676470588235294,4.0,0,59
sciences,S7,FGSM,0.2,PGD,1.0,6.676470588235294,4.0,0,59
sciences,BLU,FGSM,0.3,PGD,0.1,13.286764705882353,6.0,0,65
sciences,BLU,FGSM,0.3,PGD,0.2,12.845588235294118,6.0,0,64
sciences,BLU,FGSM,0.3,PGD,0.3,12.845588235294118,6.0,0,64
sciences,BLU,FGSM,0.3,PGD,0.4,12.845588235294118,6.0,0,64
sciences,BLU,FGSM,0.3,PGD,0.5,12.845588235294118,6.0,0,64
sciences,BLU,FGSM,0.3,PGD,0.6,12.845588235294118,6.0,0,64
sciences,BLU,FGSM,0.3,PGD,0.7,12.845588235294118,6.0,0,64
sciences,BLU,FGSM,0.3,PGD,0.8,12.845588235294118,6.0,0,64
sciences,BLU,FGSM,0.3,PGD,0.9,12.845588235294118,6.0,0,64
sciences,BLU,FGSM,0.3,PGD,1.0,12.845588235294118,6.0,0,64
sciences,HTC,FGSM,0.3,PGD,0.1,5.617647058823529,4.5,0,55
sciences,HTC,FGSM,0.3,PGD,0.2,5.595588235294118,4.0,0,55
sciences,HTC,FGSM,0.3,PGD,0.3,5.595588235294118,4.0,0,55
sciences,HTC,FGSM,0.3,PGD,0.4,5.595588235294118,4.0,0,55
sciences,HTC,FGSM,0.3,PGD,0.5,5.595588235294118,4.0,0,55
sciences,HTC,FGSM,0.3,PGD,0.6,5.595588235294118,4.0,0,55
sciences,HTC,FGSM,0.3,PGD,0.7,5.595588235294118,4.0,0,55
sciences,HTC,FGSM,0.3,PGD,0.8,5.595588235294118,4.0,0,55
sciences,HTC,FGSM,0.3,PGD,0.9,5.595588235294118,4.0,0,55
sciences,HTC,FGSM,0.3,PGD,1.0,5.595588235294118,4.0,0,55
sciences,LG,FGSM,0.3,PGD,0.1,5.654411764705882,4.0,0,59
sciences,LG,FGSM,0.3,PGD,0.2,5.661764705882353,4.0,0,59
sciences,LG,FGSM,0.3,PGD,0.3,5.661764705882353,4.0,0,59
sciences,LG,FGSM,0.3,PGD,0.4,5.661764705882353,4.0,0,59
sciences,LG,FGSM,0.3,PGD,0.5,5.661764705882353,4.0,0,59
sciences,LG,FGSM,0.3,PGD,0.6,5.661764705882353,4.0,0,59
sciences,LG,FGSM,0.3,PGD,0.7,5.661764705882353,4.0,0,59
sciences,LG,FGSM,0.3,PGD,0.8,5.661764705882353,4.0,0,59
sciences,LG,FGSM,0.3,PGD,0.9,5.661764705882353,4.0,0,59
sciences,LG,FGSM,0.3,PGD,1.0,5.661764705882353,4.0,0,59
sciences,MOTO,FGSM,0.3,PGD,0.1,5.897058823529412,4.0,0,45
sciences,MOTO,FGSM,0.3,PGD,0.2,5.9338235294117645,4.0,0,45
sciences,MOTO,FGSM,0.3,PGD,0.3,5.9338235294117645,4.0,0,45
sciences,MOTO,FGSM,0.3,PGD,0.4,5.9338235294117645,4.0,0,45
sciences,MOTO,FGSM,0.3,PGD,0.5,5.9338235294117645,4.0,0,45
sciences,MOTO,FGSM,0.3,PGD,0.6,5.9338235294117645,4.0,0,45
sciences,MOTO,FGSM,0.3,PGD,0.7,5.9338235294117645,4.0,0,45
sciences,MOTO,FGSM,0.3,PGD,0.8,5.9338235294117645,4.0,0,45
sciences,MOTO,FGSM,0.3,PGD,0.9,5.9338235294117645,4.0,0,45
sciences,MOTO,FGSM,0.3,PGD,1.0,5.9338235294117645,4.0,0,45
sciences,OP3,FGSM,0.3,PGD,0.1,8.029411764705882,4.0,0,63
sciences,OP3,FGSM,0.3,PGD,0.2,8.0,4.0,0,63
sciences,OP3,FGSM,0.3,PGD,0.3,8.0,4.0,0,63
sciences,OP3,FGSM,0.3,PGD,0.4,8.0,4.0,0,63
sciences,OP3,FGSM,0.3,PGD,0.5,8.0,4.0,0,63
sciences,OP3,FGSM,0.3,PGD,0.6,8.0,4.0,0,63
sciences,OP3,FGSM,0.3,PGD,0.7,8.0,4.0,0,63
sciences,OP3,FGSM,0.3,PGD,0.8,8.0,4.0,0,63
sciences,OP3,FGSM,0.3,PGD,0.9,8.0,4.0,0,63
sciences,OP3,FGSM,0.3,PGD,1.0,8.0,4.0,0,63
sciences,S7,FGSM,0.3,PGD,0.1,7.485294117647059,3.0,0,61
sciences,S7,FGSM,0.3,PGD,0.2,7.5588235294117645,3.0,0,61
sciences,S7,FGSM,0.3,PGD,0.3,7.588235294117647,3.5,0,61
sciences,S7,FGSM,0.3,PGD,0.4,7.588235294117647,3.5,0,61
sciences,S7,FGSM,0.3,PGD,0.5,7.588235294117647,3.5,0,61
sciences,S7,FGSM,0.3,PGD,0.6,7.588235294117647,3.5,0,61
sciences,S7,FGSM,0.3,PGD,0.7,7.588235294117647,3.5,0,61
sciences,S7,FGSM,0.3,PGD,0.8,7.588235294117647,3.5,0,61
sciences,S7,FGSM,0.3,PGD,0.9,7.588235294117647,3.5,0,61
sciences,S7,FGSM,0.3,PGD,1.0,7.588235294117647,3.5,0,61
sciences,BLU,FGSM,0.4,PGD,0.1,11.801470588235293,6.0,0,63
sciences,BLU,FGSM,0.4,PGD,0.2,11.801470588235293,6.0,0,63
sciences,BLU,FGSM,0.4,PGD,0.3,11.801470588235293,6.0,0,63
sciences,BLU,FGSM,0.4,PGD,0.4,11.801470588235293,6.0,0,63
sciences,BLU,FGSM,0.4,PGD,0.5,11.801470588235293,6.0,0,63
sciences,BLU,FGSM,0.4,PGD,0.6,11.801470588235293,6.0,0,63
sciences,BLU,FGSM,0.4,PGD,0.7,11.801470588235293,6.0,0,63
sciences,BLU,FGSM,0.4,PGD,0.8,11.801470588235293,6.0,0,63
sciences,BLU,FGSM,0.4,PGD,0.9,11.801470588235293,6.0,0,63
sciences,BLU,FGSM,0.4,PGD,1.0,11.801470588235293,6.0,0,63
sciences,HTC,FGSM,0.4,PGD,0.1,6.735294117647059,3.0,0,63
sciences,HTC,FGSM,0.4,PGD,0.2,6.8088235294117645,3.0,0,63
sciences,HTC,FGSM,0.4,PGD,0.3,6.8088235294117645,3.0,0,63
sciences,HTC,FGSM,0.4,PGD,0.4,6.8088235294117645,3.0,0,63
sciences,HTC,FGSM,0.4,PGD,0.5,6.8088235294117645,3.0,0,63
sciences,HTC,FGSM,0.4,PGD,0.6,6.8088235294117645,3.0,0,63
sciences,HTC,FGSM,0.4,PGD,0.7,6.8088235294117645,3.0,0,63
sciences,HTC,FGSM,0.4,PGD,0.8,6.8088235294117645,3.0,0,63
sciences,HTC,FGSM,0.4,PGD,0.9,6.8088235294117645,3.0,0,63
sciences,HTC,FGSM,0.4,PGD,1.0,6.8088235294117645,3.0,0,63
sciences,LG,FGSM,0.4,PGD,0.1,5.551470588235294,3.0,0,62
sciences,LG,FGSM,0.4,PGD,0.2,5.551470588235294,3.0,0,62
sciences,LG,FGSM,0.4,PGD,0.3,5.544117647058823,3.0,0,62
sciences,LG,FGSM,0.4,PGD,0.4,5.544117647058823,3.0,0,62
sciences,LG,FGSM,0.4,PGD,0.5,5.544117647058823,3.0,0,62
sciences,LG,FGSM,0.4,PGD,0.6,5.544117647058823,3.0,0,62
sciences,LG,FGSM,0.4,PGD,0.7,5.544117647058823,3.0,0,62
sciences,LG,FGSM,0.4,PGD,0.8,5.544117647058823,3.0,0,62
sciences,LG,FGSM,0.4,PGD,0.9,5.544117647058823,3.0,0,62
sciences,LG,FGSM,0.4,PGD,1.0,5.544117647058823,3.0,0,62
sciences,MOTO,FGSM,0.4,PGD,0.1,5.580882352941177,4.0,0,60
sciences,MOTO,FGSM,0.4,PGD,0.2,5.5588235294117645,4.0,0,60
sciences,MOTO,FGSM,0.4,PGD,0.3,5.5588235294117645,4.0,0,60
sciences,MOTO,FGSM,0.4,PGD,0.4,5.5588235294117645,4.0,0,60
sciences,MOTO,FGSM,0.4,PGD,0.5,5.5588235294117645,4.0,0,60
sciences,MOTO,FGSM,0.4,PGD,0.6,5.5588235294117645,4.0,0,60
sciences,MOTO,FGSM,0.4,PGD,0.7,5.5588235294117645,4.0,0,60
sciences,MOTO,FGSM,0.4,PGD,0.8,5.5588235294117645,4.0,0,60
sciences,MOTO,FGSM,0.4,PGD,0.9,5.5588235294117645,4.0,0,60
sciences,MOTO,FGSM,0.4,PGD,1.0,5.5588235294117645,4.0,0,60
sciences,OP3,FGSM,0.4,PGD,0.1,6.382352941176471,3.0,0,60
sciences,OP3,FGSM,0.4,PGD,0.2,6.367647058823529,3.5,0,60
sciences,OP3,FGSM,0.4,PGD,0.3,6.367647058823529,3.5,0,60
sciences,OP3,FGSM,0.4,PGD,0.4,6.367647058823529,3.5,0,60
sciences,OP3,FGSM,0.4,PGD,0.5,6.367647058823529,3.5,0,60
sciences,OP3,FGSM,0.4,PGD,0.6,6.367647058823529,3.5,0,60
sciences,OP3,FGSM,0.4,PGD,0.7,6.367647058823529,3.5,0,60
sciences,OP3,FGSM,0.4,PGD,0.8,6.367647058823529,3.5,0,60
sciences,OP3,FGSM,0.4,PGD,0.9,6.367647058823529,3.5,0,60
sciences,OP3,FGSM,0.4,PGD,1.0,6.367647058823529,3.5,0,60
sciences,S7,FGSM,0.4,PGD,0.1,5.823529411764706,4.0,0,56
sciences,S7,FGSM,0.4,PGD,0.2,5.823529411764706,4.0,0,56
sciences,S7,FGSM,0.4,PGD,0.3,5.823529411764706,4.0,0,56
sciences,S7,FGSM,0.4,PGD,0.4,5.823529411764706,4.0,0,56
sciences,S7,FGSM,0.4,PGD,0.5,5.823529411764706,4.0,0,56
sciences,S7,FGSM,0.4,PGD,0.6,5.823529411764706,4.0,0,56
sciences,S7,FGSM,0.4,PGD,0.7,5.823529411764706,4.0,0,56
sciences,S7,FGSM,0.4,PGD,0.8,5.823529411764706,4.0,0,56
sciences,S7,FGSM,0.4,PGD,0.9,5.823529411764706,4.0,0,56
sciences,S7,FGSM,0.4,PGD,1.0,5.823529411764706,4.0,0,56
sciences,BLU,FGSM,0.5,PGD,0.1,12.875,6.0,0,62
sciences,BLU,FGSM,0.5,PGD,0.2,12.933823529411764,6.0,0,62
sciences,BLU,FGSM,0.5,PGD,0.3,12.882352941176471,6.0,0,62
sciences,BLU,FGSM,0.5,PGD,0.4,12.882352941176471,6.0,0,62
sciences,BLU,FGSM,0.5,PGD,0.5,12.882352941176471,6.0,0,62
sciences,BLU,FGSM,0.5,PGD,0.6,12.882352941176471,6.0,0,62
sciences,BLU,FGSM,0.5,PGD,0.7,12.882352941176471,6.0,0,62
sciences,BLU,FGSM,0.5,PGD,0.8,12.882352941176471,6.0,0,62
sciences,BLU,FGSM,0.5,PGD,0.9,12.882352941176471,6.0,0,62
sciences,BLU,FGSM,0.5,PGD,1.0,12.882352941176471,6.0,0,62
sciences,HTC,FGSM,0.5,PGD,0.1,6.654411764705882,4.0,0,65
sciences,HTC,FGSM,0.5,PGD,0.2,6.654411764705882,4.0,0,65
sciences,HTC,FGSM,0.5,PGD,0.3,6.654411764705882,4.0,0,65
sciences,HTC,FGSM,0.5,PGD,0.4,6.654411764705882,4.0,0,65
sciences,HTC,FGSM,0.5,PGD,0.5,6.654411764705882,4.0,0,65
sciences,HTC,FGSM,0.5,PGD,0.6,6.654411764705882,4.0,0,65
sciences,HTC,FGSM,0.5,PGD,0.7,6.654411764705882,4.0,0,65
sciences,HTC,FGSM,0.5,PGD,0.8,6.654411764705882,4.0,0,65
sciences,HTC,FGSM,0.5,PGD,0.9,6.654411764705882,4.0,0,65
sciences,HTC,FGSM,0.5,PGD,1.0,6.654411764705882,4.0,0,65
sciences,LG,FGSM,0.5,PGD,0.1,6.882352941176471,4.0,0,67
sciences,LG,FGSM,0.5,PGD,0.2,6.5661764705882355,4.0,0,67
sciences,LG,FGSM,0.5,PGD,0.3,6.5661764705882355,4.0,0,67
sciences,LG,FGSM,0.5,PGD,0.4,6.5661764705882355,4.0,0,67
sciences,LG,FGSM,0.5,PGD,0.5,6.5661764705882355,4.0,0,67
sciences,LG,FGSM,0.5,PGD,0.6,6.5661764705882355,4.0,0,67
sciences,LG,FGSM,0.5,PGD,0.7,6.5661764705882355,4.0,0,67
sciences,LG,FGSM,0.5,PGD,0.8,6.5661764705882355,4.0,0,67
sciences,LG,FGSM,0.5,PGD,0.9,6.5661764705882355,4.0,0,67
sciences,LG,FGSM,0.5,PGD,1.0,6.5661764705882355,4.0,0,67
sciences,MOTO,FGSM,0.5,PGD,0.1,6.514705882352941,4.0,0,67
sciences,MOTO,FGSM,0.5,PGD,0.2,6.5661764705882355,4.0,0,67
sciences,MOTO,FGSM,0.5,PGD,0.3,6.5661764705882355,4.0,0,67
sciences,MOTO,FGSM,0.5,PGD,0.4,6.5661764705882355,4.0,0,67
sciences,MOTO,FGSM,0.5,PGD,0.5,6.5661764705882355,4.0,0,67
sciences,MOTO,FGSM,0.5,PGD,0.6,6.5661764705882355,4.0,0,67
sciences,MOTO,FGSM,0.5,PGD,0.7,6.5661764705882355,4.0,0,67
sciences,MOTO,FGSM,0.5,PGD,0.8,6.5661764705882355,4.0,0,67
sciences,MOTO,FGSM,0.5,PGD,0.9,6.5661764705882355,4.0,0,67
sciences,MOTO,FGSM,0.5,PGD,1.0,6.5661764705882355,4.0,0,67
sciences,OP3,FGSM,0.5,PGD,0.1,7.088235294117647,4.0,0,66
sciences,OP3,FGSM,0.5,PGD,0.2,7.242647058823529,4.0,0,66
sciences,OP3,FGSM,0.5,PGD,0.3,7.242647058823529,4.0,0,66
sciences,OP3,FGSM,0.5,PGD,0.4,7.242647058823529,4.0,0,66
sciences,OP3,FGSM,0.5,PGD,0.5,7.242647058823529,4.0,0,66
sciences,OP3,FGSM,0.5,PGD,0.6,7.242647058823529,4.0,0,66
sciences,OP3,FGSM,0.5,PGD,0.7,7.242647058823529,4.0,0,66
sciences,OP3,FGSM,0.5,PGD,0.8,7.242647058823529,4.0,0,66
sciences,OP3,FGSM,0.5,PGD,0.9,7.242647058823529,4.0,0,66
sciences,OP3,FGSM,0.5,PGD,1.0,7.242647058823529,4.0,0,66
sciences,S7,FGSM,0.5,PGD,0.1,6.698529411764706,4.0,0,67
sciences,S7,FGSM,0.5,PGD,0.2,6.720588235294118,4.0,0,67
sciences,S7,FGSM,0.5,PGD,0.3,6.698529411764706,4.0,0,67
sciences,S7,FGSM,0.5,PGD,0.4,6.698529411764706,4.0,0,67
sciences,S7,FGSM,0.5,PGD,0.5,6.698529411764706,4.0,0,67
sciences,S7,FGSM,0.5,PGD,0.6,6.698529411764706,4.0,0,67
sciences,S7,FGSM,0.5,PGD,0.7,6.698529411764706,4.0,0,67
sciences,S7,FGSM,0.5,PGD,0.8,6.698529411764706,4.0,0,67
sciences,S7,FGSM,0.5,PGD,0.9,6.698529411764706,4.0,0,67
sciences,S7,FGSM,0.5,PGD,1.0,6.698529411764706,4.0,0,67
sciences,BLU,FGSM,0.6,PGD,0.1,11.911764705882353,6.0,0,66
sciences,BLU,FGSM,0.6,PGD,0.2,11.911764705882353,6.0,0,66
sciences,BLU,FGSM,0.6,PGD,0.3,11.911764705882353,6.0,0,66
sciences,BLU,FGSM,0.6,PGD,0.4,11.911764705882353,6.0,0,66
sciences,BLU,FGSM,0.6,PGD,0.5,11.911764705882353,6.0,0,66
sciences,BLU,FGSM,0.6,PGD,0.6,11.911764705882353,6.0,0,66
sciences,BLU,FGSM,0.6,PGD,0.7,11.911764705882353,6.0,0,66
sciences,BLU,FGSM,0.6,PGD,0.8,11.911764705882353,6.0,0,66
sciences,BLU,FGSM,0.6,PGD,0.9,11.911764705882353,6.0,0,66
sciences,BLU,FGSM,0.6,PGD,1.0,11.911764705882353,6.0,0,66
sciences,HTC,FGSM,0.6,PGD,0.1,6.360294117647059,4.0,0,66
sciences,HTC,FGSM,0.6,PGD,0.2,6.397058823529412,4.0,0,66
sciences,HTC,FGSM,0.6,PGD,0.3,6.397058823529412,4.0,0,66
sciences,HTC,FGSM,0.6,PGD,0.4,6.397058823529412,4.0,0,66
sciences,HTC,FGSM,0.6,PGD,0.5,6.397058823529412,4.0,0,66
sciences,HTC,FGSM,0.6,PGD,0.6,6.397058823529412,4.0,0,66
sciences,HTC,FGSM,0.6,PGD,0.7,6.397058823529412,4.0,0,66
sciences,HTC,FGSM,0.6,PGD,0.8,6.397058823529412,4.0,0,66
sciences,HTC,FGSM,0.6,PGD,0.9,6.397058823529412,4.0,0,66
sciences,HTC,FGSM,0.6,PGD,1.0,6.397058823529412,4.0,0,66
sciences,LG,FGSM,0.6,PGD,0.1,6.786764705882353,4.0,0,66
sciences,LG,FGSM,0.6,PGD,0.2,6.772058823529412,4.0,0,66
sciences,LG,FGSM,0.6,PGD,0.3,6.772058823529412,4.0,0,66
sciences,LG,FGSM,0.6,PGD,0.4,6.772058823529412,4.0,0,66
sciences,LG,FGSM,0.6,PGD,0.5,6.772058823529412,4.0,0,66
sciences,LG,FGSM,0.6,PGD,0.6,6.772058823529412,4.0,0,66
sciences,LG,FGSM,0.6,PGD,0.7,6.772058823529412,4.0,0,66
sciences,LG,FGSM,0.6,PGD,0.8,6.772058823529412,4.0,0,66
sciences,LG,FGSM,0.6,PGD,0.9,6.772058823529412,4.0,0,66
sciences,LG,FGSM,0.6,PGD,1.0,6.772058823529412,4.0,0,66
sciences,MOTO,FGSM,0.6,PGD,0.1,6.8088235294117645,5.0,0,58
sciences,MOTO,FGSM,0.6,PGD,0.2,6.823529411764706,5.0,0,58
sciences,MOTO,FGSM,0.6,PGD,0.3,6.823529411764706,5.0,0,58
sciences,MOTO,FGSM,0.6,PGD,0.4,6.823529411764706,5.0,0,58
sciences,MOTO,FGSM,0.6,PGD,0.5,6.823529411764706,5.0,0,58
sciences,MOTO,FGSM,0.6,PGD,0.6,6.823529411764706,5.0,0,58
sciences,MOTO,FGSM,0.6,PGD,0.7,6.823529411764706,5.0,0,58
sciences,MOTO,FGSM,0.6,PGD,0.8,6.823529411764706,5.0,0,58
sciences,MOTO,FGSM,0.6,PGD,0.9,6.823529411764706,5.0,0,58
sciences,MOTO,FGSM,0.6,PGD,1.0,6.823529411764706,5.0,0,58
sciences,OP3,FGSM,0.6,PGD,0.1,7.419117647058823,4.0,0,64
sciences,OP3,FGSM,0.6,PGD,0.2,7.419117647058823,4.0,0,64
sciences,OP3,FGSM,0.6,PGD,0.3,7.419117647058823,4.0,0,64
sciences,OP3,FGSM,0.6,PGD,0.4,7.419117647058823,4.0,0,64
sciences,OP3,FGSM,0.6,PGD,0.5,7.419117647058823,4.0,0,64
sciences,OP3,FGSM,0.6,PGD,0.6,7.419117647058823,4.0,0,64
sciences,OP3,FGSM,0.6,PGD,0.7,7.419117647058823,4.0,0,64
sciences,OP3,FGSM,0.6,PGD,0.8,7.419117647058823,4.0,0,64
sciences,OP3,FGSM,0.6,PGD,0.9,7.419117647058823,4.0,0,64
sciences,OP3,FGSM,0.6,PGD,1.0,7.419117647058823,4.0,0,64
sciences,S7,FGSM,0.6,PGD,0.1,5.397058823529412,4.0,0,46
sciences,S7,FGSM,0.6,PGD,0.2,5.397058823529412,4.0,0,46
sciences,S7,FGSM,0.6,PGD,0.3,5.397058823529412,4.0,0,46
sciences,S7,FGSM,0.6,PGD,0.4,5.397058823529412,4.0,0,46
sciences,S7,FGSM,0.6,PGD,0.5,5.397058823529412,4.0,0,46
sciences,S7,FGSM,0.6,PGD,0.6,5.397058823529412,4.0,0,46
sciences,S7,FGSM,0.6,PGD,0.7,5.397058823529412,4.0,0,46
sciences,S7,FGSM,0.6,PGD,0.8,5.397058823529412,4.0,0,46
sciences,S7,FGSM,0.6,PGD,0.9,5.397058823529412,4.0,0,46
sciences,S7,FGSM,0.6,PGD,1.0,5.397058823529412,4.0,0,46
sciences,BLU,FGSM,0.7,PGD,0.1,11.529411764705882,5.0,0,60
sciences,BLU,FGSM,0.7,PGD,0.2,11.529411764705882,5.0,0,60
sciences,BLU,FGSM,0.7,PGD,0.3,11.529411764705882,5.0,0,60
sciences,BLU,FGSM,0.7,PGD,0.4,11.529411764705882,5.0,0,60
sciences,BLU,FGSM,0.7,PGD,0.5,11.529411764705882,5.0,0,60
sciences,BLU,FGSM,0.7,PGD,0.6,11.529411764705882,5.0,0,60
sciences,BLU,FGSM,0.7,PGD,0.7,11.529411764705882,5.0,0,60
sciences,BLU,FGSM,0.7,PGD,0.8,11.529411764705882,5.0,0,60
sciences,BLU,FGSM,0.7,PGD,0.9,11.529411764705882,5.0,0,60
sciences,BLU,FGSM,0.7,PGD,1.0,11.529411764705882,5.0,0,60
sciences,HTC,FGSM,0.7,PGD,0.1,6.117647058823529,3.0,0,64
sciences,HTC,FGSM,0.7,PGD,0.2,6.117647058823529,3.0,0,64
sciences,HTC,FGSM,0.7,PGD,0.3,6.117647058823529,3.0,0,64
sciences,HTC,FGSM,0.7,PGD,0.4,6.117647058823529,3.0,0,64
sciences,HTC,FGSM,0.7,PGD,0.5,6.117647058823529,3.0,0,64
sciences,HTC,FGSM,0.7,PGD,0.6,6.117647058823529,3.0,0,64
sciences,HTC,FGSM,0.7,PGD,0.7,6.117647058823529,3.0,0,64
sciences,HTC,FGSM,0.7,PGD,0.8,6.117647058823529,3.0,0,64
sciences,HTC,FGSM,0.7,PGD,0.9,6.117647058823529,3.0,0,64
sciences,HTC,FGSM,0.7,PGD,1.0,6.117647058823529,3.0,0,64
sciences,LG,FGSM,0.7,PGD,0.1,6.176470588235294,3.0,0,65
sciences,LG,FGSM,0.7,PGD,0.2,6.580882352941177,3.0,0,65
sciences,LG,FGSM,0.7,PGD,0.3,6.580882352941177,3.0,0,65
sciences,LG,FGSM,0.7,PGD,0.4,6.580882352941177,3.0,0,65
sciences,LG,FGSM,0.7,PGD,0.5,6.580882352941177,3.0,0,65
sciences,LG,FGSM,0.7,PGD,0.6,6.580882352941177,3.0,0,65
sciences,LG,FGSM,0.7,PGD,0.7,6.580882352941177,3.0,0,65
sciences,LG,FGSM,0.7,PGD,0.8,6.580882352941177,3.0,0,65
sciences,LG,FGSM,0.7,PGD,0.9,6.580882352941177,3.0,0,65
sciences,LG,FGSM,0.7,PGD,1.0,6.580882352941177,3.0,0,65
sciences,MOTO,FGSM,0.7,PGD,0.1,7.595588235294118,4.0,0,66
sciences,MOTO,FGSM,0.7,PGD,0.2,7.595588235294118,4.0,0,66
sciences,MOTO,FGSM,0.7,PGD,0.3,7.595588235294118,4.0,0,66
sciences,MOTO,FGSM,0.7,PGD,0.4,7.595588235294118,4.0,0,66
sciences,MOTO,FGSM,0.7,PGD,0.5,7.595588235294118,4.0,0,66
sciences,MOTO,FGSM,0.7,PGD,0.6,7.595588235294118,4.0,0,66
sciences,MOTO,FGSM,0.7,PGD,0.7,7.595588235294118,4.0,0,66
sciences,MOTO,FGSM,0.7,PGD,0.8,7.595588235294118,4.0,0,66
sciences,MOTO,FGSM,0.7,PGD,0.9,7.595588235294118,4.0,0,66
sciences,MOTO,FGSM,0.7,PGD,1.0,7.595588235294118,4.0,0,66
sciences,OP3,FGSM,0.7,PGD,0.1,7.022058823529412,4.0,0,60
sciences,OP3,FGSM,0.7,PGD,0.2,6.602941176470588,4.0,0,60
sciences,OP3,FGSM,0.7,PGD,0.3,6.602941176470588,4.0,0,60
sciences,OP3,FGSM,0.7,PGD,0.4,6.602941176470588,4.0,0,60
sciences,OP3,FGSM,0.7,PGD,0.5,6.602941176470588,4.0,0,60
sciences,OP3,FGSM,0.7,PGD,0.6,6.602941176470588,4.0,0,60
sciences,OP3,FGSM,0.7,PGD,0.7,6.602941176470588,4.0,0,60
sciences,OP3,FGSM,0.7,PGD,0.8,6.602941176470588,4.0,0,60
sciences,OP3,FGSM,0.7,PGD,0.9,6.602941176470588,4.0,0,60
sciences,OP3,FGSM,0.7,PGD,1.0,6.602941176470588,4.0,0,60
sciences,S7,FGSM,0.7,PGD,0.1,4.580882352941177,4.0,0,54
sciences,S7,FGSM,0.7,PGD,0.2,4.573529411764706,3.5,0,54
sciences,S7,FGSM,0.7,PGD,0.3,4.573529411764706,3.5,0,54
sciences,S7,FGSM,0.7,PGD,0.4,4.573529411764706,3.5,0,54
sciences,S7,FGSM,0.7,PGD,0.5,4.573529411764706,3.5,0,54
sciences,S7,FGSM,0.7,PGD,0.6,4.573529411764706,3.5,0,54
sciences,S7,FGSM,0.7,PGD,0.7,4.573529411764706,3.5,0,54
sciences,S7,FGSM,0.7,PGD,0.8,4.573529411764706,3.5,0,54
sciences,S7,FGSM,0.7,PGD,0.9,4.573529411764706,3.5,0,54
sciences,S7,FGSM,0.7,PGD,1.0,4.573529411764706,3.5,0,54
sciences,BLU,FGSM,0.8,PGD,0.1,13.213235294117647,6.0,0,62
sciences,BLU,FGSM,0.8,PGD,0.2,13.213235294117647,6.0,0,62
sciences,BLU,FGSM,0.8,PGD,0.3,13.213235294117647,6.0,0,62
sciences,BLU,FGSM,0.8,PGD,0.4,13.213235294117647,6.0,0,62
sciences,BLU,FGSM,0.8,PGD,0.5,13.213235294117647,6.0,0,62
sciences,BLU,FGSM,0.8,PGD,0.6,13.213235294117647,6.0,0,62
sciences,BLU,FGSM,0.8,PGD,0.7,13.213235294117647,6.0,0,62
sciences,BLU,FGSM,0.8,PGD,0.8,13.213235294117647,6.0,0,62
sciences,BLU,FGSM,0.8,PGD,0.9,13.213235294117647,6.0,0,62
sciences,BLU,FGSM,0.8,PGD,1.0,13.213235294117647,6.0,0,62
sciences,HTC,FGSM,0.8,PGD,0.1,8.992647058823529,5.0,0,60
sciences,HTC,FGSM,0.8,PGD,0.2,9.029411764705882,5.0,0,60
sciences,HTC,FGSM,0.8,PGD,0.3,8.992647058823529,5.0,0,60
sciences,HTC,FGSM,0.8,PGD,0.4,8.992647058823529,5.0,0,60
sciences,HTC,FGSM,0.8,PGD,0.5,8.992647058823529,5.0,0,60
sciences,HTC,FGSM,0.8,PGD,0.6,8.992647058823529,5.0,0,60
sciences,HTC,FGSM,0.8,PGD,0.7,8.992647058823529,5.0,0,60
sciences,HTC,FGSM,0.8,PGD,0.8,8.992647058823529,5.0,0,60
sciences,HTC,FGSM,0.8,PGD,0.9,8.992647058823529,5.0,0,60
sciences,HTC,FGSM,0.8,PGD,1.0,8.992647058823529,5.0,0,60
sciences,LG,FGSM,0.8,PGD,0.1,8.257352941176471,5.0,0,62
sciences,LG,FGSM,0.8,PGD,0.2,8.257352941176471,5.0,0,62
sciences,LG,FGSM,0.8,PGD,0.3,8.257352941176471,5.0,0,62
sciences,LG,FGSM,0.8,PGD,0.4,8.257352941176471,5.0,0,62
sciences,LG,FGSM,0.8,PGD,0.5,8.257352941176471,5.0,0,62
sciences,LG,FGSM,0.8,PGD,0.6,8.257352941176471,5.0,0,62
sciences,LG,FGSM,0.8,PGD,0.7,8.257352941176471,5.0,0,62
sciences,LG,FGSM,0.8,PGD,0.8,8.257352941176471,5.0,0,62
sciences,LG,FGSM,0.8,PGD,0.9,8.257352941176471,5.0,0,62
sciences,LG,FGSM,0.8,PGD,1.0,8.257352941176471,5.0,0,62
sciences,MOTO,FGSM,0.8,PGD,0.1,9.080882352941176,5.0,0,63
sciences,MOTO,FGSM,0.8,PGD,0.2,9.080882352941176,5.0,0,63
sciences,MOTO,FGSM,0.8,PGD,0.3,9.073529411764707,5.0,0,63
sciences,MOTO,FGSM,0.8,PGD,0.4,9.073529411764707,5.0,0,63
sciences,MOTO,FGSM,0.8,PGD,0.5,9.073529411764707,5.0,0,63
sciences,MOTO,FGSM,0.8,PGD,0.6,9.073529411764707,5.0,0,63
sciences,MOTO,FGSM,0.8,PGD,0.7,9.073529411764707,5.0,0,63
sciences,MOTO,FGSM,0.8,PGD,0.8,9.073529411764707,5.0,0,63
sciences,MOTO,FGSM,0.8,PGD,0.9,9.073529411764707,5.0,0,63
sciences,MOTO,FGSM,0.8,PGD,1.0,9.073529411764707,5.0,0,63
sciences,OP3,FGSM,0.8,PGD,0.1,11.080882352941176,5.0,0,62
sciences,OP3,FGSM,0.8,PGD,0.2,11.102941176470589,5.0,0,62
sciences,OP3,FGSM,0.8,PGD,0.3,11.102941176470589,5.0,0,62
sciences,OP3,FGSM,0.8,PGD,0.4,11.102941176470589,5.0,0,62
sciences,OP3,FGSM,0.8,PGD,0.5,11.102941176470589,5.0,0,62
sciences,OP3,FGSM,0.8,PGD,0.6,11.102941176470589,5.0,0,62
sciences,OP3,FGSM,0.8,PGD,0.7,11.102941176470589,5.0,0,62
sciences,OP3,FGSM,0.8,PGD,0.8,11.102941176470589,5.0,0,62
sciences,OP3,FGSM,0.8,PGD,0.9,11.102941176470589,5.0,0,62
sciences,OP3,FGSM,0.8,PGD,1.0,11.102941176470589,5.0,0,62
sciences,S7,FGSM,0.8,PGD,0.1,7.5,5.0,0,62
sciences,S7,FGSM,0.8,PGD,0.2,7.492647058823529,5.0,0,62
sciences,S7,FGSM,0.8,PGD,0.3,7.492647058823529,5.0,0,62
sciences,S7,FGSM,0.8,PGD,0.4,7.492647058823529,5.0,0,62
sciences,S7,FGSM,0.8,PGD,0.5,7.492647058823529,5.0,0,62
sciences,S7,FGSM,0.8,PGD,0.6,7.492647058823529,5.0,0,62
sciences,S7,FGSM,0.8,PGD,0.7,7.492647058823529,5.0,0,62
sciences,S7,FGSM,0.8,PGD,0.8,7.492647058823529,5.0,0,62
sciences,S7,FGSM,0.8,PGD,0.9,7.492647058823529,5.0,0,62
sciences,S7,FGSM,0.8,PGD,1.0,7.492647058823529,5.0,0,62
sciences,BLU,FGSM,0.9,PGD,0.1,12.147058823529411,5.0,0,65
sciences,BLU,FGSM,0.9,PGD,0.2,12.147058823529411,5.0,0,65
sciences,BLU,FGSM,0.9,PGD,0.3,12.147058823529411,5.0,0,65
sciences,BLU,FGSM,0.9,PGD,0.4,12.147058823529411,5.0,0,65
sciences,BLU,FGSM,0.9,PGD,0.5,12.147058823529411,5.0,0,65
sciences,BLU,FGSM,0.9,PGD,0.6,12.147058823529411,5.0,0,65
sciences,BLU,FGSM,0.9,PGD,0.7,12.147058823529411,5.0,0,65
sciences,BLU,FGSM,0.9,PGD,0.8,12.147058823529411,5.0,0,65
sciences,BLU,FGSM,0.9,PGD,0.9,12.147058823529411,5.0,0,65
sciences,BLU,FGSM,0.9,PGD,1.0,12.147058823529411,5.0,0,65
sciences,HTC,FGSM,0.9,PGD,0.1,6.301470588235294,3.0,0,66
sciences,HTC,FGSM,0.9,PGD,0.2,6.301470588235294,3.0,0,66
sciences,HTC,FGSM,0.9,PGD,0.3,6.301470588235294,3.0,0,66
sciences,HTC,FGSM,0.9,PGD,0.4,6.301470588235294,3.0,0,66
sciences,HTC,FGSM,0.9,PGD,0.5,6.301470588235294,3.0,0,66
sciences,HTC,FGSM,0.9,PGD,0.6,6.301470588235294,3.0,0,66
sciences,HTC,FGSM,0.9,PGD,0.7,6.301470588235294,3.0,0,66
sciences,HTC,FGSM,0.9,PGD,0.8,6.301470588235294,3.0,0,66
sciences,HTC,FGSM,0.9,PGD,0.9,6.301470588235294,3.0,0,66
sciences,HTC,FGSM,0.9,PGD,1.0,6.301470588235294,3.0,0,66
sciences,LG,FGSM,0.9,PGD,0.1,4.9338235294117645,3.0,0,64
sciences,LG,FGSM,0.9,PGD,0.2,4.9338235294117645,3.0,0,64
sciences,LG,FGSM,0.9,PGD,0.3,4.9338235294117645,3.0,0,64
sciences,LG,FGSM,0.9,PGD,0.4,4.9338235294117645,3.0,0,64
sciences,LG,FGSM,0.9,PGD,0.5,4.9338235294117645,3.0,0,64
sciences,LG,FGSM,0.9,PGD,0.6,4.9338235294117645,3.0,0,64
sciences,LG,FGSM,0.9,PGD,0.7,4.9338235294117645,3.0,0,64
sciences,LG,FGSM,0.9,PGD,0.8,4.9338235294117645,3.0,0,64
sciences,LG,FGSM,0.9,PGD,0.9,4.9338235294117645,3.0,0,64
sciences,LG,FGSM,0.9,PGD,1.0,4.9338235294117645,3.0,0,64
sciences,MOTO,FGSM,0.9,PGD,0.1,4.669117647058823,3.0,0,60
sciences,MOTO,FGSM,0.9,PGD,0.2,4.669117647058823,3.0,0,60
sciences,MOTO,FGSM,0.9,PGD,0.3,4.669117647058823,3.0,0,60
sciences,MOTO,FGSM,0.9,PGD,0.4,4.669117647058823,3.0,0,60
sciences,MOTO,FGSM,0.9,PGD,0.5,4.669117647058823,3.0,0,60
sciences,MOTO,FGSM,0.9,PGD,0.6,4.669117647058823,3.0,0,60
sciences,MOTO,FGSM,0.9,PGD,0.7,4.669117647058823,3.0,0,60
sciences,MOTO,FGSM,0.9,PGD,0.8,4.669117647058823,3.0,0,60
sciences,MOTO,FGSM,0.9,PGD,0.9,4.669117647058823,3.0,0,60
sciences,MOTO,FGSM,0.9,PGD,1.0,4.669117647058823,3.0,0,60
sciences,OP3,FGSM,0.9,PGD,0.1,4.544117647058823,3.0,0,45
sciences,OP3,FGSM,0.9,PGD,0.2,4.544117647058823,3.0,0,45
sciences,OP3,FGSM,0.9,PGD,0.3,4.544117647058823,3.0,0,45
sciences,OP3,FGSM,0.9,PGD,0.4,4.544117647058823,3.0,0,45
sciences,OP3,FGSM,0.9,PGD,0.5,4.544117647058823,3.0,0,45
sciences,OP3,FGSM,0.9,PGD,0.6,4.544117647058823,3.0,0,45
sciences,OP3,FGSM,0.9,PGD,0.7,4.544117647058823,3.0,0,45
sciences,OP3,FGSM,0.9,PGD,0.8,4.544117647058823,3.0,0,45
sciences,OP3,FGSM,0.9,PGD,0.9,4.544117647058823,3.0,0,45
sciences,OP3,FGSM,0.9,PGD,1.0,4.544117647058823,3.0,0,45
sciences,S7,FGSM,0.9,PGD,0.1,5.235294117647059,3.0,0,57
sciences,S7,FGSM,0.9,PGD,0.2,5.235294117647059,3.0,0,57
sciences,S7,FGSM,0.9,PGD,0.3,5.235294117647059,3.0,0,57
sciences,S7,FGSM,0.9,PGD,0.4,5.235294117647059,3.0,0,57
sciences,S7,FGSM,0.9,PGD,0.5,5.235294117647059,3.0,0,57
sciences,S7,FGSM,0.9,PGD,0.6,5.235294117647059,3.0,0,57
sciences,S7,FGSM,0.9,PGD,0.7,5.235294117647059,3.0,0,57
sciences,S7,FGSM,0.9,PGD,0.8,5.235294117647059,3.0,0,57
sciences,S7,FGSM,0.9,PGD,0.9,5.235294117647059,3.0,0,57
sciences,S7,FGSM,0.9,PGD,1.0,5.235294117647059,3.0,0,57
sciences,BLU,FGSM,1.0,PGD,0.1,10.676470588235293,6.0,0,61
sciences,BLU,FGSM,1.0,PGD,0.2,10.529411764705882,6.0,0,61
sciences,BLU,FGSM,1.0,PGD,0.3,10.683823529411764,6.0,0,61
sciences,BLU,FGSM,1.0,PGD,0.4,10.683823529411764,6.0,0,61
sciences,BLU,FGSM,1.0,PGD,0.5,10.683823529411764,6.0,0,61
sciences,BLU,FGSM,1.0,PGD,0.6,10.683823529411764,6.0,0,61
sciences,BLU,FGSM,1.0,PGD,0.7,10.683823529411764,6.0,0,61
sciences,BLU,FGSM,1.0,PGD,0.8,10.683823529411764,6.0,0,61
sciences,BLU,FGSM,1.0,PGD,0.9,10.683823529411764,6.0,0,61
sciences,BLU,FGSM,1.0,PGD,1.0,10.683823529411764,6.0,0,61
sciences,HTC,FGSM,1.0,PGD,0.1,6.264705882352941,4.0,0,66
sciences,HTC,FGSM,1.0,PGD,0.2,6.264705882352941,4.0,0,66
sciences,HTC,FGSM,1.0,PGD,0.3,6.264705882352941,4.0,0,66
sciences,HTC,FGSM,1.0,PGD,0.4,6.264705882352941,4.0,0,66
sciences,HTC,FGSM,1.0,PGD,0.5,6.264705882352941,4.0,0,66
sciences,HTC,FGSM,1.0,PGD,0.6,6.264705882352941,4.0,0,66
sciences,HTC,FGSM,1.0,PGD,0.7,6.264705882352941,4.0,0,66
sciences,HTC,FGSM,1.0,PGD,0.8,6.264705882352941,4.0,0,66
sciences,HTC,FGSM,1.0,PGD,0.9,6.264705882352941,4.0,0,66
sciences,HTC,FGSM,1.0,PGD,1.0,6.264705882352941,4.0,0,66
sciences,LG,FGSM,1.0,PGD,0.1,5.198529411764706,4.0,0,64
sciences,LG,FGSM,1.0,PGD,0.2,5.1838235294117645,4.0,0,64
sciences,LG,FGSM,1.0,PGD,0.3,5.1838235294117645,4.0,0,64
sciences,LG,FGSM,1.0,PGD,0.4,5.1838235294117645,4.0,0,64
sciences,LG,FGSM,1.0,PGD,0.5,5.1838235294117645,4.0,0,64
sciences,LG,FGSM,1.0,PGD,0.6,5.1838235294117645,4.0,0,64
sciences,LG,FGSM,1.0,PGD,0.7,5.1838235294117645,4.0,0,64
sciences,LG,FGSM,1.0,PGD,0.8,5.1838235294117645,4.0,0,64
sciences,LG,FGSM,1.0,PGD,0.9,5.1838235294117645,4.0,0,64
sciences,LG,FGSM,1.0,PGD,1.0,5.1838235294117645,4.0,0,64
sciences,MOTO,FGSM,1.0,PGD,0.1,6.5,4.0,0,52
sciences,MOTO,FGSM,1.0,PGD,0.2,6.477941176470588,4.0,0,52
sciences,MOTO,FGSM,1.0,PGD,0.3,6.448529411764706,4.0,0,52
sciences,MOTO,FGSM,1.0,PGD,0.4,6.448529411764706,4.0,0,52
sciences,MOTO,FGSM,1.0,PGD,0.5,6.448529411764706,4.0,0,52
sciences,MOTO,FGSM,1.0,PGD,0.6,6.448529411764706,4.0,0,52
sciences,MOTO,FGSM,1.0,PGD,0.7,6.448529411764706,4.0,0,52
sciences,MOTO,FGSM,1.0,PGD,0.8,6.448529411764706,4.0,0,52
sciences,MOTO,FGSM,1.0,PGD,0.9,6.448529411764706,4.0,0,52
sciences,MOTO,FGSM,1.0,PGD,1.0,6.448529411764706,4.0,0,52
sciences,OP3,FGSM,1.0,PGD,0.1,6.301470588235294,4.0,0,64
sciences,OP3,FGSM,1.0,PGD,0.2,6.301470588235294,4.0,0,64
sciences,OP3,FGSM,1.0,PGD,0.3,6.301470588235294,4.0,0,64
sciences,OP3,FGSM,1.0,PGD,0.4,6.301470588235294,4.0,0,64
sciences,OP3,FGSM,1.0,PGD,0.5,6.301470588235294,4.0,0,64
sciences,OP3,FGSM,1.0,PGD,0.6,6.301470588235294,4.0,0,64
sciences,OP3,FGSM,1.0,PGD,0.7,6.301470588235294,4.0,0,64
sciences,OP3,FGSM,1.0,PGD,0.8,6.301470588235294,4.0,0,64
sciences,OP3,FGSM,1.0,PGD,0.9,6.301470588235294,4.0,0,64
sciences,OP3,FGSM,1.0,PGD,1.0,6.301470588235294,4.0,0,64
sciences,S7,FGSM,1.0,PGD,0.1,5.411764705882353,4.0,0,43
sciences,S7,FGSM,1.0,PGD,0.2,5.411764705882353,4.0,0,43
sciences,S7,FGSM,1.0,PGD,0.3,5.411764705882353,4.0,0,43
sciences,S7,FGSM,1.0,PGD,0.4,5.411764705882353,4.0,0,43
sciences,S7,FGSM,1.0,PGD,0.5,5.411764705882353,4.0,0,43
sciences,S7,FGSM,1.0,PGD,0.6,5.411764705882353,4.0,0,43
sciences,S7,FGSM,1.0,PGD,0.7,5.411764705882353,4.0,0,43
sciences,S7,FGSM,1.0,PGD,0.8,5.411764705882353,4.0,0,43
sciences,S7,FGSM,1.0,PGD,0.9,5.411764705882353,4.0,0,43
sciences,S7,FGSM,1.0,PGD,1.0,5.411764705882353,4.0,0,43
sciences,BLU,PGD,0.1,PGD,0.1,13.742647058823529,9.0,0,64
sciences,BLU,PGD,0.1,PGD,0.2,13.698529411764707,9.0,0,64
sciences,BLU,PGD,0.1,PGD,0.3,13.595588235294118,9.0,0,64
sciences,BLU,PGD,0.1,PGD,0.4,13.595588235294118,9.0,0,64
sciences,BLU,PGD,0.1,PGD,0.5,13.595588235294118,9.0,0,64
sciences,BLU,PGD,0.1,PGD,0.6,13.595588235294118,9.0,0,64
sciences,BLU,PGD,0.1,PGD,0.7,13.595588235294118,9.0,0,64
sciences,BLU,PGD,0.1,PGD,0.8,13.595588235294118,9.0,0,64
sciences,BLU,PGD,0.1,PGD,0.9,13.595588235294118,9.0,0,64
sciences,BLU,PGD,0.1,PGD,1.0,13.595588235294118,9.0,0,64
sciences,HTC,PGD,0.1,PGD,0.1,10.757352941176471,5.0,0,64
sciences,HTC,PGD,0.1,PGD,0.2,10.764705882352942,5.0,0,64
sciences,HTC,PGD,0.1,PGD,0.3,10.764705882352942,5.0,0,64
sciences,HTC,PGD,0.1,PGD,0.4,10.764705882352942,5.0,0,64
sciences,HTC,PGD,0.1,PGD,0.5,10.764705882352942,5.0,0,64
sciences,HTC,PGD,0.1,PGD,0.6,10.764705882352942,5.0,0,64
sciences,HTC,PGD,0.1,PGD,0.7,10.764705882352942,5.0,0,64
sciences,HTC,PGD,0.1,PGD,0.8,10.764705882352942,5.0,0,64
sciences,HTC,PGD,0.1,PGD,0.9,10.764705882352942,5.0,0,64
sciences,HTC,PGD,0.1,PGD,1.0,10.764705882352942,5.0,0,64
sciences,LG,PGD,0.1,PGD,0.1,12.132352941176471,6.0,0,65
sciences,LG,PGD,0.1,PGD,0.2,12.117647058823529,6.0,0,65
sciences,LG,PGD,0.1,PGD,0.3,12.102941176470589,6.0,0,65
sciences,LG,PGD,0.1,PGD,0.4,12.102941176470589,6.0,0,65
sciences,LG,PGD,0.1,PGD,0.5,12.102941176470589,6.0,0,65
sciences,LG,PGD,0.1,PGD,0.6,12.102941176470589,6.0,0,65
sciences,LG,PGD,0.1,PGD,0.7,12.102941176470589,6.0,0,65
sciences,LG,PGD,0.1,PGD,0.8,12.102941176470589,6.0,0,65
sciences,LG,PGD,0.1,PGD,0.9,12.102941176470589,6.0,0,65
sciences,LG,PGD,0.1,PGD,1.0,12.102941176470589,6.0,0,65
sciences,MOTO,PGD,0.1,PGD,0.1,11.955882352941176,6.5,0,66
sciences,MOTO,PGD,0.1,PGD,0.2,11.845588235294118,6.0,0,66
sciences,MOTO,PGD,0.1,PGD,0.3,11.977941176470589,6.0,0,66
sciences,MOTO,PGD,0.1,PGD,0.4,11.977941176470589,6.0,0,66
sciences,MOTO,PGD,0.1,PGD,0.5,11.977941176470589,6.0,0,66
sciences,MOTO,PGD,0.1,PGD,0.6,11.977941176470589,6.0,0,66
sciences,MOTO,PGD,0.1,PGD,0.7,11.977941176470589,6.0,0,66
sciences,MOTO,PGD,0.1,PGD,0.8,11.977941176470589,6.0,0,66
sciences,MOTO,PGD,0.1,PGD,0.9,11.977941176470589,6.0,0,66
sciences,MOTO,PGD,0.1,PGD,1.0,11.977941176470589,6.0,0,66
sciences,OP3,PGD,0.1,PGD,0.1,12.948529411764707,6.5,0,63
sciences,OP3,PGD,0.1,PGD,0.2,13.654411764705882,7.0,0,63
sciences,OP3,PGD,0.1,PGD,0.3,13.308823529411764,7.0,0,63
sciences,OP3,PGD,0.1,PGD,0.4,13.308823529411764,7.0,0,63
sciences,OP3,PGD,0.1,PGD,0.5,13.308823529411764,7.0,0,63
sciences,OP3,PGD,0.1,PGD,0.6,13.308823529411764,7.0,0,63
sciences,OP3,PGD,0.1,PGD,0.7,13.308823529411764,7.0,0,63
sciences,OP3,PGD,0.1,PGD,0.8,13.308823529411764,7.0,0,63
sciences,OP3,PGD,0.1,PGD,0.9,13.308823529411764,7.0,0,63
sciences,OP3,PGD,0.1,PGD,1.0,13.308823529411764,7.0,0,63
sciences,S7,PGD,0.1,PGD,0.1,11.470588235294118,6.0,0,56
sciences,S7,PGD,0.1,PGD,0.2,11.566176470588236,6.0,0,56
sciences,S7,PGD,0.1,PGD,0.3,11.477941176470589,6.0,0,56
sciences,S7,PGD,0.1,PGD,0.4,11.477941176470589,6.0,0,56
sciences,S7,PGD,0.1,PGD,0.5,11.477941176470589,6.0,0,56
sciences,S7,PGD,0.1,PGD,0.6,11.477941176470589,6.0,0,56
sciences,S7,PGD,0.1,PGD,0.7,11.477941176470589,6.0,0,56
sciences,S7,PGD,0.1,PGD,0.8,11.477941176470589,6.0,0,56
sciences,S7,PGD,0.1,PGD,0.9,11.477941176470589,6.0,0,56
sciences,S7,PGD,0.1,PGD,1.0,11.477941176470589,6.0,0,56
sciences,BLU,PGD,0.2,PGD,0.1,19.566176470588236,12.0,0,67
sciences,BLU,PGD,0.2,PGD,0.2,19.75735294117647,12.0,0,67
sciences,BLU,PGD,0.2,PGD,0.3,19.735294117647058,12.0,0,67
sciences,BLU,PGD,0.2,PGD,0.4,19.75735294117647,12.0,0,67
sciences,BLU,PGD,0.2,PGD,0.5,19.75735294117647,12.0,0,67
sciences,BLU,PGD,0.2,PGD,0.6,19.75735294117647,12.0,0,67
sciences,BLU,PGD,0.2,PGD,0.7,19.75735294117647,12.0,0,67
sciences,BLU,PGD,0.2,PGD,0.8,19.75735294117647,12.0,0,67
sciences,BLU,PGD,0.2,PGD,0.9,19.75735294117647,12.0,0,67
sciences,BLU,PGD,0.2,PGD,1.0,19.75735294117647,12.0,0,67
sciences,HTC,PGD,0.2,PGD,0.1,10.169117647058824,5.0,0,67
sciences,HTC,PGD,0.2,PGD,0.2,9.794117647058824,5.0,0,67
sciences,HTC,PGD,0.2,PGD,0.3,9.977941176470589,5.0,0,67
sciences,HTC,PGD,0.2,PGD,0.4,9.977941176470589,5.0,0,67
sciences,HTC,PGD,0.2,PGD,0.5,9.977941176470589,5.0,0,67
sciences,HTC,PGD,0.2,PGD,0.6,9.977941176470589,5.0,0,67
sciences,HTC,PGD,0.2,PGD,0.7,9.977941176470589,5.0,0,67
sciences,HTC,PGD,0.2,PGD,0.8,9.977941176470589,5.0,0,67
sciences,HTC,PGD,0.2,PGD,0.9,9.977941176470589,5.0,0,67
sciences,HTC,PGD,0.2,PGD,1.0,9.977941176470589,5.0,0,67
sciences,LG,PGD,0.2,PGD,0.1,10.632352941176471,5.0,0,67
sciences,LG,PGD,0.2,PGD,0.2,10.529411764705882,5.0,0,67
sciences,LG,PGD,0.2,PGD,0.3,10.470588235294118,5.0,0,67
sciences,LG,PGD,0.2,PGD,0.4,10.470588235294118,5.0,0,67
sciences,LG,PGD,0.2,PGD,0.5,10.470588235294118,5.0,0,67
sciences,LG,PGD,0.2,PGD,0.6,10.470588235294118,5.0,0,67
sciences,LG,PGD,0.2,PGD,0.7,10.470588235294118,5.0,0,67
sciences,LG,PGD,0.2,PGD,0.8,10.470588235294118,5.0,0,67
sciences,LG,PGD,0.2,PGD,0.9,10.470588235294118,5.0,0,67
sciences,LG,PGD,0.2,PGD,1.0,10.470588235294118,5.0,0,67
sciences,MOTO,PGD,0.2,PGD,0.1,12.647058823529411,7.0,0,64
sciences,MOTO,PGD,0.2,PGD,0.2,13.220588235294118,7.0,0,64
sciences,MOTO,PGD,0.2,PGD,0.3,13.411764705882353,7.0,0,64
sciences,MOTO,PGD,0.2,PGD,0.4,13.411764705882353,7.0,0,64
sciences,MOTO,PGD,0.2,PGD,0.5,13.411764705882353,7.0,0,64
sciences,MOTO,PGD,0.2,PGD,0.6,13.411764705882353,7.0,0,64
sciences,MOTO,PGD,0.2,PGD,0.7,13.411764705882353,7.0,0,64
sciences,MOTO,PGD,0.2,PGD,0.8,13.411764705882353,7.0,0,64
sciences,MOTO,PGD,0.2,PGD,0.9,13.411764705882353,7.0,0,64
sciences,MOTO,PGD,0.2,PGD,1.0,13.411764705882353,7.0,0,64
sciences,OP3,PGD,0.2,PGD,0.1,13.816176470588236,6.0,0,65
sciences,OP3,PGD,0.2,PGD,0.2,13.816176470588236,7.0,0,65
sciences,OP3,PGD,0.2,PGD,0.3,13.941176470588236,7.0,0,65
sciences,OP3,PGD,0.2,PGD,0.4,13.808823529411764,6.5,0,65
sciences,OP3,PGD,0.2,PGD,0.5,13.808823529411764,6.5,0,65
sciences,OP3,PGD,0.2,PGD,0.6,13.808823529411764,6.5,0,65
sciences,OP3,PGD,0.2,PGD,0.7,13.808823529411764,6.5,0,65
sciences,OP3,PGD,0.2,PGD,0.8,13.808823529411764,6.5,0,65
sciences,OP3,PGD,0.2,PGD,0.9,13.808823529411764,6.5,0,65
sciences,OP3,PGD,0.2,PGD,1.0,13.808823529411764,6.5,0,65
sciences,S7,PGD,0.2,PGD,0.1,12.926470588235293,7.0,0,62
sciences,S7,PGD,0.2,PGD,0.2,12.948529411764707,7.0,0,62
sciences,S7,PGD,0.2,PGD,0.3,12.941176470588236,7.0,0,62
sciences,S7,PGD,0.2,PGD,0.4,12.955882352941176,7.0,0,62
sciences,S7,PGD,0.2,PGD,0.5,12.955882352941176,7.0,0,62
sciences,S7,PGD,0.2,PGD,0.6,12.955882352941176,7.0,0,62
sciences,S7,PGD,0.2,PGD,0.7,12.955882352941176,7.0,0,62
sciences,S7,PGD,0.2,PGD,0.8,12.955882352941176,7.0,0,62
sciences,S7,PGD,0.2,PGD,0.9,12.955882352941176,7.0,0,62
sciences,S7,PGD,0.2,PGD,1.0,12.955882352941176,7.0,0,62
sciences,BLU,PGD,0.3,PGD,0.1,18.522058823529413,12.0,0,66
sciences,BLU,PGD,0.3,PGD,0.2,18.75,12.0,0,66
sciences,BLU,PGD,0.3,PGD,0.3,18.75,12.0,0,66
sciences,BLU,PGD,0.3,PGD,0.4,18.75,12.0,0,66
sciences,BLU,PGD,0.3,PGD,0.5,18.75,12.0,0,66
sciences,BLU,PGD,0.3,PGD,0.6,18.75,12.0,0,66
sciences,BLU,PGD,0.3,PGD,0.7,18.75,12.0,0,66
sciences,BLU,PGD,0.3,PGD,0.8,18.75,12.0,0,66
sciences,BLU,PGD,0.3,PGD,0.9,18.75,12.0,0,66
sciences,BLU,PGD,0.3,PGD,1.0,18.75,12.0,0,66
sciences,HTC,PGD,0.3,PGD,0.1,11.992647058823529,5.5,0,66
sciences,HTC,PGD,0.3,PGD,0.2,12.404411764705882,5.5,0,66
sciences,HTC,PGD,0.3,PGD,0.3,12.058823529411764,5.0,0,66
sciences,HTC,PGD,0.3,PGD,0.4,12.058823529411764,5.0,0,66
sciences,HTC,PGD,0.3,PGD,0.5,12.058823529411764,5.0,0,66
sciences,HTC,PGD,0.3,PGD,0.6,12.058823529411764,5.0,0,66
sciences,HTC,PGD,0.3,PGD,0.7,12.058823529411764,5.0,0,66
sciences,HTC,PGD,0.3,PGD,0.8,12.058823529411764,5.0,0,66
sciences,HTC,PGD,0.3,PGD,0.9,12.058823529411764,5.0,0,66
sciences,HTC,PGD,0.3,PGD,1.0,12.058823529411764,5.0,0,66
sciences,LG,PGD,0.3,PGD,0.1,12.117647058823529,6.0,0,66
sciences,LG,PGD,0.3,PGD,0.2,12.169117647058824,6.0,0,66
sciences,LG,PGD,0.3,PGD,0.3,12.316176470588236,6.0,0,66
sciences,LG,PGD,0.3,PGD,0.4,12.169117647058824,6.0,0,66
sciences,LG,PGD,0.3,PGD,0.5,12.169117647058824,6.0,0,66
sciences,LG,PGD,0.3,PGD,0.6,12.169117647058824,6.0,0,66
sciences,LG,PGD,0.3,PGD,0.7,12.169117647058824,6.0,0,66
sciences,LG,PGD,0.3,PGD,0.8,12.169117647058824,6.0,0,66
sciences,LG,PGD,0.3,PGD,0.9,12.169117647058824,6.0,0,66
sciences,LG,PGD,0.3,PGD,1.0,12.169117647058824,6.0,0,66
sciences,MOTO,PGD,0.3,PGD,0.1,14.889705882352942,7.0,0,66
sciences,MOTO,PGD,0.3,PGD,0.2,15.051470588235293,7.0,0,66
sciences,MOTO,PGD,0.3,PGD,0.3,15.161764705882353,7.0,0,66
sciences,MOTO,PGD,0.3,PGD,0.4,15.161764705882353,7.0,0,66
sciences,MOTO,PGD,0.3,PGD,0.5,15.161764705882353,7.0,0,66
sciences,MOTO,PGD,0.3,PGD,0.6,15.161764705882353,7.0,0,66
sciences,MOTO,PGD,0.3,PGD,0.7,15.161764705882353,7.0,0,66
sciences,MOTO,PGD,0.3,PGD,0.8,15.161764705882353,7.0,0,66
sciences,MOTO,PGD,0.3,PGD,0.9,15.161764705882353,7.0,0,66
sciences,MOTO,PGD,0.3,PGD,1.0,15.161764705882353,7.0,0,66
sciences,OP3,PGD,0.3,PGD,0.1,11.860294117647058,6.0,0,66
sciences,OP3,PGD,0.3,PGD,0.2,11.330882352941176,6.0,0,66
sciences,OP3,PGD,0.3,PGD,0.3,11.455882352941176,6.0,0,66
sciences,OP3,PGD,0.3,PGD,0.4,11.455882352941176,6.0,0,66
sciences,OP3,PGD,0.3,PGD,0.5,11.455882352941176,6.0,0,66
sciences,OP3,PGD,0.3,PGD,0.6,11.455882352941176,6.0,0,66
sciences,OP3,PGD,0.3,PGD,0.7,11.455882352941176,6.0,0,66
sciences,OP3,PGD,0.3,PGD,0.8,11.455882352941176,6.0,0,66
sciences,OP3,PGD,0.3,PGD,0.9,11.455882352941176,6.0,0,66
sciences,OP3,PGD,0.3,PGD,1.0,11.455882352941176,6.0,0,66
sciences,S7,PGD,0.3,PGD,0.1,11.632352941176471,7.0,0,66
sciences,S7,PGD,0.3,PGD,0.2,12.029411764705882,7.0,0,66
sciences,S7,PGD,0.3,PGD,0.3,12.014705882352942,7.0,0,66
sciences,S7,PGD,0.3,PGD,0.4,12.014705882352942,7.0,0,66
sciences,S7,PGD,0.3,PGD,0.5,12.014705882352942,7.0,0,66
sciences,S7,PGD,0.3,PGD,0.6,12.014705882352942,7.0,0,66
sciences,S7,PGD,0.3,PGD,0.7,12.014705882352942,7.0,0,66
sciences,S7,PGD,0.3,PGD,0.8,12.014705882352942,7.0,0,66
sciences,S7,PGD,0.3,PGD,0.9,12.014705882352942,7.0,0,66
sciences,S7,PGD,0.3,PGD,1.0,12.014705882352942,7.0,0,66
sciences,BLU,PGD,0.4,PGD,0.1,13.889705882352942,7.0,0,63
sciences,BLU,PGD,0.4,PGD,0.2,13.948529411764707,7.0,0,63
sciences,BLU,PGD,0.4,PGD,0.3,13.948529411764707,7.0,0,63
sciences,BLU,PGD,0.4,PGD,0.4,13.948529411764707,7.0,0,63
sciences,BLU,PGD,0.4,PGD,0.5,13.948529411764707,7.0,0,63
sciences,BLU,PGD,0.4,PGD,0.6,13.948529411764707,7.0,0,63
sciences,BLU,PGD,0.4,PGD,0.7,13.948529411764707,7.0,0,63
sciences,BLU,PGD,0.4,PGD,0.8,13.948529411764707,7.0,0,63
sciences,BLU,PGD,0.4,PGD,0.9,13.948529411764707,7.0,0,63
sciences,BLU,PGD,0.4,PGD,1.0,13.948529411764707,7.0,0,63
sciences,HTC,PGD,0.4,PGD,0.1,10.264705882352942,4.0,0,64
sciences,HTC,PGD,0.4,PGD,0.2,10.411764705882353,4.0,0,64
sciences,HTC,PGD,0.4,PGD,0.3,10.419117647058824,4.0,0,64
sciences,HTC,PGD,0.4,PGD,0.4,10.419117647058824,4.0,0,64
sciences,HTC,PGD,0.4,PGD,0.5,10.419117647058824,4.0,0,64
sciences,HTC,PGD,0.4,PGD,0.6,10.419117647058824,4.0,0,64
sciences,HTC,PGD,0.4,PGD,0.7,10.419117647058824,4.0,0,64
sciences,HTC,PGD,0.4,PGD,0.8,10.419117647058824,4.0,0,64
sciences,HTC,PGD,0.4,PGD,0.9,10.419117647058824,4.0,0,64
sciences,HTC,PGD,0.4,PGD,1.0,10.419117647058824,4.0,0,64
sciences,LG,PGD,0.4,PGD,0.1,8.595588235294118,5.0,0,67
sciences,LG,PGD,0.4,PGD,0.2,8.529411764705882,5.0,0,67
sciences,LG,PGD,0.4,PGD,0.3,8.529411764705882,5.0,0,67
sciences,LG,PGD,0.4,PGD,0.4,8.529411764705882,5.0,0,67
sciences,LG,PGD,0.4,PGD,0.5,8.529411764705882,5.0,0,67
sciences,LG,PGD,0.4,PGD,0.6,8.529411764705882,5.0,0,67
sciences,LG,PGD,0.4,PGD,0.7,8.529411764705882,5.0,0,67
sciences,LG,PGD,0.4,PGD,0.8,8.529411764705882,5.0,0,67
sciences,LG,PGD,0.4,PGD,0.9,8.529411764705882,5.0,0,67
sciences,LG,PGD,0.4,PGD,1.0,8.529411764705882,5.0,0,67
sciences,MOTO,PGD,0.4,PGD,0.1,8.948529411764707,4.5,0,60
sciences,MOTO,PGD,0.4,PGD,0.2,9.404411764705882,5.0,0,60
sciences,MOTO,PGD,0.4,PGD,0.3,9.404411764705882,5.0,0,60
sciences,MOTO,PGD,0.4,PGD,0.4,9.404411764705882,5.0,0,60
sciences,MOTO,PGD,0.4,PGD,0.5,9.404411764705882,5.0,0,60
sciences,MOTO,PGD,0.4,PGD,0.6,9.404411764705882,5.0,0,60
sciences,MOTO,PGD,0.4,PGD,0.7,9.404411764705882,5.0,0,60
sciences,MOTO,PGD,0.4,PGD,0.8,9.404411764705882,5.0,0,60
sciences,MOTO,PGD,0.4,PGD,0.9,9.404411764705882,5.0,0,60
sciences,MOTO,PGD,0.4,PGD,1.0,9.404411764705882,5.0,0,60
sciences,OP3,PGD,0.4,PGD,0.1,11.301470588235293,6.0,0,63
sciences,OP3,PGD,0.4,PGD,0.2,11.286764705882353,6.0,0,63
sciences,OP3,PGD,0.4,PGD,0.3,11.286764705882353,6.0,0,63
sciences,OP3,PGD,0.4,PGD,0.4,11.286764705882353,6.0,0,63
sciences,OP3,PGD,0.4,PGD,0.5,11.286764705882353,6.0,0,63
sciences,OP3,PGD,0.4,PGD,0.6,11.286764705882353,6.0,0,63
sciences,OP3,PGD,0.4,PGD,0.7,11.286764705882353,6.0,0,63
sciences,OP3,PGD,0.4,PGD,0.8,11.286764705882353,6.0,0,63
sciences,OP3,PGD,0.4,PGD,0.9,11.286764705882353,6.0,0,63
sciences,OP3,PGD,0.4,PGD,1.0,11.286764705882353,6.0,0,63
sciences,S7,PGD,0.4,PGD,0.1,8.727941176470589,6.0,0,60
sciences,S7,PGD,0.4,PGD,0.2,8.963235294117647,6.0,0,60
sciences,S7,PGD,0.4,PGD,0.3,9.294117647058824,6.0,0,60
sciences,S7,PGD,0.4,PGD,0.4,9.294117647058824,6.0,0,60
sciences,S7,PGD,0.4,PGD,0.5,9.294117647058824,6.0,0,60
sciences,S7,PGD,0.4,PGD,0.6,9.294117647058824,6.0,0,60
sciences,S7,PGD,0.4,PGD,0.7,9.294117647058824,6.0,0,60
sciences,S7,PGD,0.4,PGD,0.8,9.294117647058824,6.0,0,60
sciences,S7,PGD,0.4,PGD,0.9,9.294117647058824,6.0,0,60
sciences,S7,PGD,0.4,PGD,1.0,9.294117647058824,6.0,0,60
sciences,BLU,PGD,0.5,PGD,0.1,13.007352941176471,8.0,0,61
sciences,BLU,PGD,0.5,PGD,0.2,13.477941176470589,8.0,0,63
sciences,BLU,PGD,0.5,PGD,0.3,13.492647058823529,8.0,0,63
sciences,BLU,PGD,0.5,PGD,0.4,13.477941176470589,8.0,0,63
sciences,BLU,PGD,0.5,PGD,0.5,13.477941176470589,8.0,0,63
sciences,BLU,PGD,0.5,PGD,0.6,13.477941176470589,8.0,0,63
sciences,BLU,PGD,0.5,PGD,0.7,13.477941176470589,8.0,0,63
sciences,BLU,PGD,0.5,PGD,0.8,13.477941176470589,8.0,0,63
sciences,BLU,PGD,0.5,PGD,0.9,13.477941176470589,8.0,0,63
sciences,BLU,PGD,0.5,PGD,1.0,13.477941176470589,8.0,0,63
sciences,HTC,PGD,0.5,PGD,0.1,10.808823529411764,5.0,0,66
sciences,HTC,PGD,0.5,PGD,0.2,11.0,5.0,0,66
sciences,HTC,PGD,0.5,PGD,0.3,10.808823529411764,5.0,0,66
sciences,HTC,PGD,0.5,PGD,0.4,10.808823529411764,5.0,0,66
sciences,HTC,PGD,0.5,PGD,0.5,10.808823529411764,5.0,0,66
sciences,HTC,PGD,0.5,PGD,0.6,10.808823529411764,5.0,0,66
sciences,HTC,PGD,0.5,PGD,0.7,10.808823529411764,5.0,0,66
sciences,HTC,PGD,0.5,PGD,0.8,10.808823529411764,5.0,0,66
sciences,HTC,PGD,0.5,PGD,0.9,10.808823529411764,5.0,0,66
sciences,HTC,PGD,0.5,PGD,1.0,10.808823529411764,5.0,0,66
sciences,LG,PGD,0.5,PGD,0.1,9.183823529411764,5.0,0,64
sciences,LG,PGD,0.5,PGD,0.2,9.360294117647058,5.0,0,64
sciences,LG,PGD,0.5,PGD,0.3,9.352941176470589,5.0,0,64
sciences,LG,PGD,0.5,PGD,0.4,9.352941176470589,5.0,0,64
sciences,LG,PGD,0.5,PGD,0.5,9.352941176470589,5.0,0,64
sciences,LG,PGD,0.5,PGD,0.6,9.352941176470589,5.0,0,64
sciences,LG,PGD,0.5,PGD,0.7,9.352941176470589,5.0,0,64
sciences,LG,PGD,0.5,PGD,0.8,9.352941176470589,5.0,0,64
sciences,LG,PGD,0.5,PGD,0.9,9.352941176470589,5.0,0,64
sciences,LG,PGD,0.5,PGD,1.0,9.352941176470589,5.0,0,64
sciences,MOTO,PGD,0.5,PGD,0.1,9.977941176470589,5.0,0,60
sciences,MOTO,PGD,0.5,PGD,0.2,9.875,5.5,0,60
sciences,MOTO,PGD,0.5,PGD,0.3,9.875,5.5,0,60
sciences,MOTO,PGD,0.5,PGD,0.4,9.875,5.5,0,60
sciences,MOTO,PGD,0.5,PGD,0.5,9.875,5.5,0,60
sciences,MOTO,PGD,0.5,PGD,0.6,9.875,5.5,0,60
sciences,MOTO,PGD,0.5,PGD,0.7,9.875,5.5,0,60
sciences,MOTO,PGD,0.5,PGD,0.8,9.875,5.5,0,60
sciences,MOTO,PGD,0.5,PGD,0.9,9.875,5.5,0,60
sciences,MOTO,PGD,0.5,PGD,1.0,9.875,5.5,0,60
sciences,OP3,PGD,0.5,PGD,0.1,10.492647058823529,5.0,0,64
sciences,OP3,PGD,0.5,PGD,0.2,10.617647058823529,5.0,0,64
sciences,OP3,PGD,0.5,PGD,0.3,10.617647058823529,5.0,0,64
sciences,OP3,PGD,0.5,PGD,0.4,10.617647058823529,5.0,0,64
sciences,OP3,PGD,0.5,PGD,0.5,10.617647058823529,5.0,0,64
sciences,OP3,PGD,0.5,PGD,0.6,10.617647058823529,5.0,0,64
sciences,OP3,PGD,0.5,PGD,0.7,10.617647058823529,5.0,0,64
sciences,OP3,PGD,0.5,PGD,0.8,10.617647058823529,5.0,0,64
sciences,OP3,PGD,0.5,PGD,0.9,10.617647058823529,5.0,0,64
sciences,OP3,PGD,0.5,PGD,1.0,10.617647058823529,5.0,0,64
sciences,S7,PGD,0.5,PGD,0.1,11.602941176470589,6.0,0,63
sciences,S7,PGD,0.5,PGD,0.2,11.308823529411764,5.0,0,63
sciences,S7,PGD,0.5,PGD,0.3,11.294117647058824,5.0,0,63
sciences,S7,PGD,0.5,PGD,0.4,11.294117647058824,5.0,0,63
sciences,S7,PGD,0.5,PGD,0.5,11.294117647058824,5.0,0,63
sciences,S7,PGD,0.5,PGD,0.6,11.294117647058824,5.0,0,63
sciences,S7,PGD,0.5,PGD,0.7,11.294117647058824,5.0,0,63
sciences,S7,PGD,0.5,PGD,0.8,11.294117647058824,5.0,0,63
sciences,S7,PGD,0.5,PGD,0.9,11.294117647058824,5.0,0,63
sciences,S7,PGD,0.5,PGD,1.0,11.294117647058824,5.0,0,63
sciences,BLU,PGD,0.6,PGD,0.1,13.176470588235293,9.0,0,63
sciences,BLU,PGD,0.6,PGD,0.2,13.213235294117647,9.0,0,63
sciences,BLU,PGD,0.6,PGD,0.3,13.213235294117647,9.0,0,63
sciences,BLU,PGD,0.6,PGD,0.4,13.213235294117647,9.0,0,63
sciences,BLU,PGD,0.6,PGD,0.5,13.213235294117647,9.0,0,63
sciences,BLU,PGD,0.6,PGD,0.6,13.213235294117647,9.0,0,63
sciences,BLU,PGD,0.6,PGD,0.7,13.213235294117647,9.0,0,63
sciences,BLU,PGD,0.6,PGD,0.8,13.213235294117647,9.0,0,63
sciences,BLU,PGD,0.6,PGD,0.9,13.213235294117647,9.0,0,63
sciences,BLU,PGD,0.6,PGD,1.0,13.213235294117647,9.0,0,63
sciences,HTC,PGD,0.6,PGD,0.1,11.007352941176471,6.0,0,67
sciences,HTC,PGD,0.6,PGD,0.2,10.691176470588236,6.0,0,67
sciences,HTC,PGD,0.6,PGD,0.3,10.676470588235293,6.0,0,67
sciences,HTC,PGD,0.6,PGD,0.4,10.676470588235293,6.0,0,67
sciences,HTC,PGD,0.6,PGD,0.5,10.676470588235293,6.0,0,67
sciences,HTC,PGD,0.6,PGD,0.6,10.676470588235293,6.0,0,67
sciences,HTC,PGD,0.6,PGD,0.7,10.676470588235293,6.0,0,67
sciences,HTC,PGD,0.6,PGD,0.8,10.676470588235293,6.0,0,67
sciences,HTC,PGD,0.6,PGD,0.9,10.676470588235293,6.0,0,67
sciences,HTC,PGD,0.6,PGD,1.0,10.676470588235293,6.0,0,67
sciences,LG,PGD,0.6,PGD,0.1,11.448529411764707,4.0,0,67
sciences,LG,PGD,0.6,PGD,0.2,11.823529411764707,4.0,0,67
sciences,LG,PGD,0.6,PGD,0.3,11.823529411764707,4.0,0,67
sciences,LG,PGD,0.6,PGD,0.4,11.823529411764707,4.0,0,67
sciences,LG,PGD,0.6,PGD,0.5,11.823529411764707,4.0,0,67
sciences,LG,PGD,0.6,PGD,0.6,11.823529411764707,4.0,0,67
sciences,LG,PGD,0.6,PGD,0.7,11.823529411764707,4.0,0,67
sciences,LG,PGD,0.6,PGD,0.8,11.823529411764707,4.0,0,67
sciences,LG,PGD,0.6,PGD,0.9,11.823529411764707,4.0,0,67
sciences,LG,PGD,0.6,PGD,1.0,11.823529411764707,4.0,0,67
sciences,MOTO,PGD,0.6,PGD,0.1,12.889705882352942,6.5,0,66
sciences,MOTO,PGD,0.6,PGD,0.2,12.823529411764707,6.5,0,66
sciences,MOTO,PGD,0.6,PGD,0.3,12.823529411764707,6.5,0,66
sciences,MOTO,PGD,0.6,PGD,0.4,12.823529411764707,6.5,0,66
sciences,MOTO,PGD,0.6,PGD,0.5,12.823529411764707,6.5,0,66
sciences,MOTO,PGD,0.6,PGD,0.6,12.823529411764707,6.5,0,66
sciences,MOTO,PGD,0.6,PGD,0.7,12.823529411764707,6.5,0,66
sciences,MOTO,PGD,0.6,PGD,0.8,12.823529411764707,6.5,0,66
sciences,MOTO,PGD,0.6,PGD,0.9,12.823529411764707,6.5,0,66
sciences,MOTO,PGD,0.6,PGD,1.0,12.823529411764707,6.5,0,66
sciences,OP3,PGD,0.6,PGD,0.1,11.588235294117647,5.0,0,67
sciences,OP3,PGD,0.6,PGD,0.2,11.338235294117647,5.0,0,67
sciences,OP3,PGD,0.6,PGD,0.3,11.338235294117647,5.0,0,67
sciences,OP3,PGD,0.6,PGD,0.4,11.338235294117647,5.0,0,67
sciences,OP3,PGD,0.6,PGD,0.5,11.338235294117647,5.0,0,67
sciences,OP3,PGD,0.6,PGD,0.6,11.338235294117647,5.0,0,67
sciences,OP3,PGD,0.6,PGD,0.7,11.338235294117647,5.0,0,67
sciences,OP3,PGD,0.6,PGD,0.8,11.338235294117647,5.0,0,67
sciences,OP3,PGD,0.6,PGD,0.9,11.338235294117647,5.0,0,67
sciences,OP3,PGD,0.6,PGD,1.0,11.338235294117647,5.0,0,67
sciences,S7,PGD,0.6,PGD,0.1,12.095588235294118,6.0,0,60
sciences,S7,PGD,0.6,PGD,0.2,12.345588235294118,6.0,0,60
sciences,S7,PGD,0.6,PGD,0.3,12.345588235294118,6.0,0,60
sciences,S7,PGD,0.6,PGD,0.4,12.345588235294118,6.0,0,60
sciences,S7,PGD,0.6,PGD,0.5,12.345588235294118,6.0,0,60
sciences,S7,PGD,0.6,PGD,0.6,12.345588235294118,6.0,0,60
sciences,S7,PGD,0.6,PGD,0.7,12.345588235294118,6.0,0,60
sciences,S7,PGD,0.6,PGD,0.8,12.345588235294118,6.0,0,60
sciences,S7,PGD,0.6,PGD,0.9,12.345588235294118,6.0,0,60
sciences,S7,PGD,0.6,PGD,1.0,12.345588235294118,6.0,0,60
sciences,BLU,PGD,0.7,PGD,0.1,12.742647058823529,7.0,0,64
sciences,BLU,PGD,0.7,PGD,0.2,12.419117647058824,7.0,0,64
sciences,BLU,PGD,0.7,PGD,0.3,12.477941176470589,7.0,0,64
sciences,BLU,PGD,0.7,PGD,0.4,12.477941176470589,7.0,0,64
sciences,BLU,PGD,0.7,PGD,0.5,12.477941176470589,7.0,0,64
sciences,BLU,PGD,0.7,PGD,0.6,12.477941176470589,7.0,0,64
sciences,BLU,PGD,0.7,PGD,0.7,12.477941176470589,7.0,0,64
sciences,BLU,PGD,0.7,PGD,0.8,12.477941176470589,7.0,0,64
sciences,BLU,PGD,0.7,PGD,0.9,12.477941176470589,7.0,0,64
sciences,BLU,PGD,0.7,PGD,1.0,12.477941176470589,7.0,0,64
sciences,HTC,PGD,0.7,PGD,0.1,10.147058823529411,5.0,0,66
sciences,HTC,PGD,0.7,PGD,0.2,10.051470588235293,5.0,0,66
sciences,HTC,PGD,0.7,PGD,0.3,10.191176470588236,5.0,0,66
sciences,HTC,PGD,0.7,PGD,0.4,10.191176470588236,5.0,0,66
sciences,HTC,PGD,0.7,PGD,0.5,10.191176470588236,5.0,0,66
sciences,HTC,PGD,0.7,PGD,0.6,10.191176470588236,5.0,0,66
sciences,HTC,PGD,0.7,PGD,0.7,10.191176470588236,5.0,0,66
sciences,HTC,PGD,0.7,PGD,0.8,10.191176470588236,5.0,0,66
sciences,HTC,PGD,0.7,PGD,0.9,10.191176470588236,5.0,0,66
sciences,HTC,PGD,0.7,PGD,1.0,10.191176470588236,5.0,0,66
sciences,LG,PGD,0.7,PGD,0.1,10.830882352941176,5.0,0,65
sciences,LG,PGD,0.7,PGD,0.2,10.485294117647058,5.0,0,65
sciences,LG,PGD,0.7,PGD,0.3,10.485294117647058,5.0,0,65
sciences,LG,PGD,0.7,PGD,0.4,10.485294117647058,5.0,0,65
sciences,LG,PGD,0.7,PGD,0.5,10.485294117647058,5.0,0,65
sciences,LG,PGD,0.7,PGD,0.6,10.485294117647058,5.0,0,65
sciences,LG,PGD,0.7,PGD,0.7,10.485294117647058,5.0,0,65
sciences,LG,PGD,0.7,PGD,0.8,10.485294117647058,5.0,0,65
sciences,LG,PGD,0.7,PGD,0.9,10.485294117647058,5.0,0,65
sciences,LG,PGD,0.7,PGD,1.0,10.485294117647058,5.0,0,65
sciences,MOTO,PGD,0.7,PGD,0.1,10.382352941176471,5.0,0,61
sciences,MOTO,PGD,0.7,PGD,0.2,10.375,5.0,0,61
sciences,MOTO,PGD,0.7,PGD,0.3,10.411764705882353,5.0,0,61
sciences,MOTO,PGD,0.7,PGD,0.4,10.411764705882353,5.0,0,61
sciences,MOTO,PGD,0.7,PGD,0.5,10.411764705882353,5.0,0,61
sciences,MOTO,PGD,0.7,PGD,0.6,10.411764705882353,5.0,0,61
sciences,MOTO,PGD,0.7,PGD,0.7,10.411764705882353,5.0,0,61
sciences,MOTO,PGD,0.7,PGD,0.8,10.411764705882353,5.0,0,61
sciences,MOTO,PGD,0.7,PGD,0.9,10.411764705882353,5.0,0,61
sciences,MOTO,PGD,0.7,PGD,1.0,10.411764705882353,5.0,0,61
sciences,OP3,PGD,0.7,PGD,0.1,10.0,6.0,0,60
sciences,OP3,PGD,0.7,PGD,0.2,9.757352941176471,6.0,0,60
sciences,OP3,PGD,0.7,PGD,0.3,9.713235294117647,6.0,0,60
sciences,OP3,PGD,0.7,PGD,0.4,9.713235294117647,6.0,0,60
sciences,OP3,PGD,0.7,PGD,0.5,9.713235294117647,6.0,0,60
sciences,OP3,PGD,0.7,PGD,0.6,9.713235294117647,6.0,0,60
sciences,OP3,PGD,0.7,PGD,0.7,9.713235294117647,6.0,0,60
sciences,OP3,PGD,0.7,PGD,0.8,9.713235294117647,6.0,0,60
sciences,OP3,PGD,0.7,PGD,0.9,9.713235294117647,6.0,0,60
sciences,OP3,PGD,0.7,PGD,1.0,9.713235294117647,6.0,0,60
sciences,S7,PGD,0.7,PGD,0.1,8.316176470588236,6.0,0,63
sciences,S7,PGD,0.7,PGD,0.2,8.602941176470589,6.0,0,63
sciences,S7,PGD,0.7,PGD,0.3,8.345588235294118,6.0,0,63
sciences,S7,PGD,0.7,PGD,0.4,8.316176470588236,6.0,0,63
sciences,S7,PGD,0.7,PGD,0.5,8.316176470588236,6.0,0,63
sciences,S7,PGD,0.7,PGD,0.6,8.316176470588236,6.0,0,63
sciences,S7,PGD,0.7,PGD,0.7,8.316176470588236,6.0,0,63
sciences,S7,PGD,0.7,PGD,0.8,8.316176470588236,6.0,0,63
sciences,S7,PGD,0.7,PGD,0.9,8.316176470588236,6.0,0,63
sciences,S7,PGD,0.7,PGD,1.0,8.316176470588236,6.0,0,63
sciences,BLU,PGD,0.8,PGD,0.1,12.801470588235293,7.0,0,65
sciences,BLU,PGD,0.8,PGD,0.2,12.757352941176471,7.0,0,65
sciences,BLU,PGD,0.8,PGD,0.3,12.757352941176471,7.0,0,65
sciences,BLU,PGD,0.8,PGD,0.4,12.757352941176471,7.0,0,65
sciences,BLU,PGD,0.8,PGD,0.5,12.757352941176471,7.0,0,65
sciences,BLU,PGD,0.8,PGD,0.6,12.757352941176471,7.0,0,65
sciences,BLU,PGD,0.8,PGD,0.7,12.757352941176471,7.0,0,65
sciences,BLU,PGD,0.8,PGD,0.8,12.757352941176471,7.0,0,65
sciences,BLU,PGD,0.8,PGD,0.9,12.757352941176471,7.0,0,65
sciences,BLU,PGD,0.8,PGD,1.0,12.757352941176471,7.0,0,65
sciences,HTC,PGD,0.8,PGD,0.1,10.375,4.0,0,64
sciences,HTC,PGD,0.8,PGD,0.2,10.330882352941176,4.0,0,64
sciences,HTC,PGD,0.8,PGD,0.3,10.330882352941176,4.0,0,64
sciences,HTC,PGD,0.8,PGD,0.4,10.330882352941176,4.0,0,64
sciences,HTC,PGD,0.8,PGD,0.5,10.330882352941176,4.0,0,64
sciences,HTC,PGD,0.8,PGD,0.6,10.330882352941176,4.0,0,64
sciences,HTC,PGD,0.8,PGD,0.7,10.330882352941176,4.0,0,64
sciences,HTC,PGD,0.8,PGD,0.8,10.330882352941176,4.0,0,64
sciences,HTC,PGD,0.8,PGD,0.9,10.330882352941176,4.0,0,64
sciences,HTC,PGD,0.8,PGD,1.0,10.330882352941176,4.0,0,64
sciences,LG,PGD,0.8,PGD,0.1,9.889705882352942,5.0,0,65
sciences,LG,PGD,0.8,PGD,0.2,10.0,5.0,0,65
sciences,LG,PGD,0.8,PGD,0.3,10.220588235294118,5.0,0,65
sciences,LG,PGD,0.8,PGD,0.4,10.220588235294118,5.0,0,65
sciences,LG,PGD,0.8,PGD,0.5,10.220588235294118,5.0,0,65
sciences,LG,PGD,0.8,PGD,0.6,10.220588235294118,5.0,0,65
sciences,LG,PGD,0.8,PGD,0.7,10.220588235294118,5.0,0,65
sciences,LG,PGD,0.8,PGD,0.8,10.220588235294118,5.0,0,65
sciences,LG,PGD,0.8,PGD,0.9,10.220588235294118,5.0,0,65
sciences,LG,PGD,0.8,PGD,1.0,10.220588235294118,5.0,0,65
sciences,MOTO,PGD,0.8,PGD,0.1,11.257352941176471,6.0,0,62
sciences,MOTO,PGD,0.8,PGD,0.2,11.014705882352942,6.0,0,62
sciences,MOTO,PGD,0.8,PGD,0.3,11.029411764705882,6.0,0,62
sciences,MOTO,PGD,0.8,PGD,0.4,11.029411764705882,6.0,0,62
sciences,MOTO,PGD,0.8,PGD,0.5,11.029411764705882,6.0,0,62
sciences,MOTO,PGD,0.8,PGD,0.6,11.029411764705882,6.0,0,62
sciences,MOTO,PGD,0.8,PGD,0.7,11.029411764705882,6.0,0,62
sciences,MOTO,PGD,0.8,PGD,0.8,11.029411764705882,6.0,0,62
sciences,MOTO,PGD,0.8,PGD,0.9,11.029411764705882,6.0,0,62
sciences,MOTO,PGD,0.8,PGD,1.0,11.029411764705882,6.0,0,62
sciences,OP3,PGD,0.8,PGD,0.1,8.911764705882353,5.0,0,60
sciences,OP3,PGD,0.8,PGD,0.2,9.058823529411764,5.0,0,60
sciences,OP3,PGD,0.8,PGD,0.3,9.029411764705882,5.0,0,60
sciences,OP3,PGD,0.8,PGD,0.4,9.029411764705882,5.0,0,60
sciences,OP3,PGD,0.8,PGD,0.5,9.029411764705882,5.0,0,60
sciences,OP3,PGD,0.8,PGD,0.6,9.029411764705882,5.0,0,60
sciences,OP3,PGD,0.8,PGD,0.7,9.029411764705882,5.0,0,60
sciences,OP3,PGD,0.8,PGD,0.8,9.029411764705882,5.0,0,60
sciences,OP3,PGD,0.8,PGD,0.9,9.029411764705882,5.0,0,60
sciences,OP3,PGD,0.8,PGD,1.0,9.029411764705882,5.0,0,60
sciences,S7,PGD,0.8,PGD,0.1,9.345588235294118,6.0,0,63
sciences,S7,PGD,0.8,PGD,0.2,9.345588235294118,6.0,0,63
sciences,S7,PGD,0.8,PGD,0.3,9.345588235294118,6.0,0,63
sciences,S7,PGD,0.8,PGD,0.4,9.345588235294118,6.0,0,63
sciences,S7,PGD,0.8,PGD,0.5,9.345588235294118,6.0,0,63
sciences,S7,PGD,0.8,PGD,0.6,9.345588235294118,6.0,0,63
sciences,S7,PGD,0.8,PGD,0.7,9.345588235294118,6.0,0,63
sciences,S7,PGD,0.8,PGD,0.8,9.345588235294118,6.0,0,63
sciences,S7,PGD,0.8,PGD,0.9,9.345588235294118,6.0,0,63
sciences,S7,PGD,0.8,PGD,1.0,9.345588235294118,6.0,0,63
sciences,BLU,PGD,0.9,PGD,0.1,16.0,9.0,0,60
sciences,BLU,PGD,0.9,PGD,0.2,15.977941176470589,9.0,0,60
sciences,BLU,PGD,0.9,PGD,0.3,15.977941176470589,9.0,0,60
sciences,BLU,PGD,0.9,PGD,0.4,15.977941176470589,9.0,0,60
sciences,BLU,PGD,0.9,PGD,0.5,15.977941176470589,9.0,0,60
sciences,BLU,PGD,0.9,PGD,0.6,15.977941176470589,9.0,0,60
sciences,BLU,PGD,0.9,PGD,0.7,15.977941176470589,9.0,0,60
sciences,BLU,PGD,0.9,PGD,0.8,15.977941176470589,9.0,0,60
sciences,BLU,PGD,0.9,PGD,0.9,15.977941176470589,9.0,0,60
sciences,BLU,PGD,0.9,PGD,1.0,15.977941176470589,9.0,0,60
sciences,HTC,PGD,0.9,PGD,0.1,8.867647058823529,4.5,0,62
sciences,HTC,PGD,0.9,PGD,0.2,8.852941176470589,4.5,0,62
sciences,HTC,PGD,0.9,PGD,0.3,8.852941176470589,4.5,0,62
sciences,HTC,PGD,0.9,PGD,0.4,8.852941176470589,4.5,0,62
sciences,HTC,PGD,0.9,PGD,0.5,8.852941176470589,4.5,0,62
sciences,HTC,PGD,0.9,PGD,0.6,8.852941176470589,4.5,0,62
sciences,HTC,PGD,0.9,PGD,0.7,8.852941176470589,4.5,0,62
sciences,HTC,PGD,0.9,PGD,0.8,8.852941176470589,4.5,0,62
sciences,HTC,PGD,0.9,PGD,0.9,8.852941176470589,4.5,0,62
sciences,HTC,PGD,0.9,PGD,1.0,8.852941176470589,4.5,0,62
sciences,LG,PGD,0.9,PGD,0.1,10.308823529411764,5.0,0,63
sciences,LG,PGD,0.9,PGD,0.2,10.735294117647058,5.0,0,63
sciences,LG,PGD,0.9,PGD,0.3,10.735294117647058,5.0,0,63
sciences,LG,PGD,0.9,PGD,0.4,10.735294117647058,5.0,0,63
sciences,LG,PGD,0.9,PGD,0.5,10.735294117647058,5.0,0,63
sciences,LG,PGD,0.9,PGD,0.6,10.735294117647058,5.0,0,63
sciences,LG,PGD,0.9,PGD,0.7,10.735294117647058,5.0,0,63
sciences,LG,PGD,0.9,PGD,0.8,10.735294117647058,5.0,0,63
sciences,LG,PGD,0.9,PGD,0.9,10.735294117647058,5.0,0,63
sciences,LG,PGD,0.9,PGD,1.0,10.735294117647058,5.0,0,63
sciences,MOTO,PGD,0.9,PGD,0.1,13.941176470588236,6.5,0,63
sciences,MOTO,PGD,0.9,PGD,0.2,14.272058823529411,7.0,0,63
sciences,MOTO,PGD,0.9,PGD,0.3,14.257352941176471,7.0,0,63
sciences,MOTO,PGD,0.9,PGD,0.4,14.257352941176471,7.0,0,63
sciences,MOTO,PGD,0.9,PGD,0.5,14.257352941176471,7.0,0,63
sciences,MOTO,PGD,0.9,PGD,0.6,14.257352941176471,7.0,0,63
sciences,MOTO,PGD,0.9,PGD,0.7,14.257352941176471,7.0,0,63
sciences,MOTO,PGD,0.9,PGD,0.8,14.257352941176471,7.0,0,63
sciences,MOTO,PGD,0.9,PGD,0.9,14.257352941176471,7.0,0,63
sciences,MOTO,PGD,0.9,PGD,1.0,14.257352941176471,7.0,0,63
sciences,OP3,PGD,0.9,PGD,0.1,13.485294117647058,6.0,0,66
sciences,OP3,PGD,0.9,PGD,0.2,13.470588235294118,6.0,0,66
sciences,OP3,PGD,0.9,PGD,0.3,13.764705882352942,6.0,0,66
sciences,OP3,PGD,0.9,PGD,0.4,13.764705882352942,6.0,0,66
sciences,OP3,PGD,0.9,PGD,0.5,13.764705882352942,6.0,0,66
sciences,OP3,PGD,0.9,PGD,0.6,13.764705882352942,6.0,0,66
sciences,OP3,PGD,0.9,PGD,0.7,13.764705882352942,6.0,0,66
sciences,OP3,PGD,0.9,PGD,0.8,13.764705882352942,6.0,0,66
sciences,OP3,PGD,0.9,PGD,0.9,13.764705882352942,6.0,0,66
sciences,OP3,PGD,0.9,PGD,1.0,13.764705882352942,6.0,0,66
sciences,S7,PGD,0.9,PGD,0.1,9.904411764705882,5.0,0,64
sciences,S7,PGD,0.9,PGD,0.2,10.213235294117647,5.0,0,64
sciences,S7,PGD,0.9,PGD,0.3,10.213235294117647,5.0,0,64
sciences,S7,PGD,0.9,PGD,0.4,10.213235294117647,5.0,0,64
sciences,S7,PGD,0.9,PGD,0.5,10.213235294117647,5.0,0,64
sciences,S7,PGD,0.9,PGD,0.6,10.213235294117647,5.0,0,64
sciences,S7,PGD,0.9,PGD,0.7,10.213235294117647,5.0,0,64
sciences,S7,PGD,0.9,PGD,0.8,10.213235294117647,5.0,0,64
sciences,S7,PGD,0.9,PGD,0.9,10.213235294117647,5.0,0,64
sciences,S7,PGD,0.9,PGD,1.0,10.213235294117647,5.0,0,64
sciences,BLU,PGD,1.0,PGD,0.1,19.470588235294116,12.0,0,66
sciences,BLU,PGD,1.0,PGD,0.2,19.25735294117647,12.0,0,66
sciences,BLU,PGD,1.0,PGD,0.3,19.272058823529413,12.0,0,66
sciences,BLU,PGD,1.0,PGD,0.4,19.272058823529413,12.0,0,66
sciences,BLU,PGD,1.0,PGD,0.5,19.272058823529413,12.0,0,66
sciences,BLU,PGD,1.0,PGD,0.6,19.272058823529413,12.0,0,66
sciences,BLU,PGD,1.0,PGD,0.7,19.272058823529413,12.0,0,66
sciences,BLU,PGD,1.0,PGD,0.8,19.272058823529413,12.0,0,66
sciences,BLU,PGD,1.0,PGD,0.9,19.272058823529413,12.0,0,66
sciences,BLU,PGD,1.0,PGD,1.0,19.272058823529413,12.0,0,66
sciences,HTC,PGD,1.0,PGD,0.1,11.441176470588236,5.0,0,63
sciences,HTC,PGD,1.0,PGD,0.2,11.977941176470589,5.0,0,63
sciences,HTC,PGD,1.0,PGD,0.3,12.477941176470589,5.0,0,63
sciences,HTC,PGD,1.0,PGD,0.4,12.477941176470589,5.0,0,63
sciences,HTC,PGD,1.0,PGD,0.5,12.477941176470589,5.0,0,63
sciences,HTC,PGD,1.0,PGD,0.6,12.477941176470589,5.0,0,63
sciences,HTC,PGD,1.0,PGD,0.7,12.477941176470589,5.0,0,63
sciences,HTC,PGD,1.0,PGD,0.8,12.477941176470589,5.0,0,63
sciences,HTC,PGD,1.0,PGD,0.9,12.477941176470589,5.0,0,63
sciences,HTC,PGD,1.0,PGD,1.0,12.477941176470589,5.0,0,63
sciences,LG,PGD,1.0,PGD,0.1,13.007352941176471,6.0,0,67
sciences,LG,PGD,1.0,PGD,0.2,13.404411764705882,6.0,0,67
sciences,LG,PGD,1.0,PGD,0.3,13.404411764705882,6.0,0,67
sciences,LG,PGD,1.0,PGD,0.4,13.404411764705882,6.0,0,67
sciences,LG,PGD,1.0,PGD,0.5,13.404411764705882,6.0,0,67
sciences,LG,PGD,1.0,PGD,0.6,13.404411764705882,6.0,0,67
sciences,LG,PGD,1.0,PGD,0.7,13.404411764705882,6.0,0,67
sciences,LG,PGD,1.0,PGD,0.8,13.404411764705882,6.0,0,67
sciences,LG,PGD,1.0,PGD,0.9,13.404411764705882,6.0,0,67
sciences,LG,PGD,1.0,PGD,1.0,13.404411764705882,6.0,0,67
sciences,MOTO,PGD,1.0,PGD,0.1,14.801470588235293,5.0,0,67
sciences,MOTO,PGD,1.0,PGD,0.2,14.904411764705882,5.0,0,67
sciences,MOTO,PGD,1.0,PGD,0.3,14.845588235294118,5.0,0,67
sciences,MOTO,PGD,1.0,PGD,0.4,14.580882352941176,5.0,0,67
sciences,MOTO,PGD,1.0,PGD,0.5,14.580882352941176,5.0,0,67
sciences,MOTO,PGD,1.0,PGD,0.6,14.580882352941176,5.0,0,67
sciences,MOTO,PGD,1.0,PGD,0.7,14.580882352941176,5.0,0,67
sciences,MOTO,PGD,1.0,PGD,0.8,14.580882352941176,5.0,0,67
sciences,MOTO,PGD,1.0,PGD,0.9,14.580882352941176,5.0,0,67
sciences,MOTO,PGD,1.0,PGD,1.0,14.580882352941176,5.0,0,67
sciences,OP3,PGD,1.0,PGD,0.1,12.257352941176471,6.0,0,66
sciences,OP3,PGD,1.0,PGD,0.2,12.169117647058824,5.5,0,66
sciences,OP3,PGD,1.0,PGD,0.3,12.213235294117647,5.5,0,66
sciences,OP3,PGD,1.0,PGD,0.4,12.213235294117647,5.5,0,66
sciences,OP3,PGD,1.0,PGD,0.5,12.213235294117647,5.5,0,66
sciences,OP3,PGD,1.0,PGD,0.6,12.213235294117647,5.5,0,66
sciences,OP3,PGD,1.0,PGD,0.7,12.213235294117647,5.5,0,66
sciences,OP3,PGD,1.0,PGD,0.8,12.213235294117647,5.5,0,66
sciences,OP3,PGD,1.0,PGD,0.9,12.213235294117647,5.5,0,66
sciences,OP3,PGD,1.0,PGD,1.0,12.213235294117647,5.5,0,66
sciences,S7,PGD,1.0,PGD,0.1,13.110294117647058,6.0,0,60
sciences,S7,PGD,1.0,PGD,0.2,13.316176470588236,6.0,0,60
sciences,S7,PGD,1.0,PGD,0.3,13.338235294117647,6.5,0,60
sciences,S7,PGD,1.0,PGD,0.4,13.323529411764707,6.0,0,60
sciences,S7,PGD,1.0,PGD,0.5,13.323529411764707,6.0,0,60
sciences,S7,PGD,1.0,PGD,0.6,13.323529411764707,6.0,0,60
sciences,S7,PGD,1.0,PGD,0.7,13.323529411764707,6.0,0,60
sciences,S7,PGD,1.0,PGD,0.8,13.323529411764707,6.0,0,60
sciences,S7,PGD,1.0,PGD,0.9,13.323529411764707,6.0,0,60
sciences,S7,PGD,1.0,PGD,1.0,13.323529411764707,6.0,0,60
sciences,BLU,MIM,0.1,PGD,0.1,11.941176470588236,7.0,0,66
sciences,BLU,MIM,0.1,PGD,0.2,12.426470588235293,7.0,0,66
sciences,BLU,MIM,0.1,PGD,0.3,12.448529411764707,7.0,0,66
sciences,BLU,MIM,0.1,PGD,0.4,12.448529411764707,7.0,0,66
sciences,BLU,MIM,0.1,PGD,0.5,12.448529411764707,7.0,0,66
sciences,BLU,MIM,0.1,PGD,0.6,12.448529411764707,7.0,0,66
sciences,BLU,MIM,0.1,PGD,0.7,12.448529411764707,7.0,0,66
sciences,BLU,MIM,0.1,PGD,0.8,12.448529411764707,7.0,0,66
sciences,BLU,MIM,0.1,PGD,0.9,12.448529411764707,7.0,0,66
sciences,BLU,MIM,0.1,PGD,1.0,12.448529411764707,7.0,0,66
sciences,HTC,MIM,0.1,PGD,0.1,13.338235294117647,6.0,0,67
sciences,HTC,MIM,0.1,PGD,0.2,13.580882352941176,6.0,0,67
sciences,HTC,MIM,0.1,PGD,0.3,13.617647058823529,6.0,0,67
sciences,HTC,MIM,0.1,PGD,0.4,13.580882352941176,6.0,0,67
sciences,HTC,MIM,0.1,PGD,0.5,13.580882352941176,6.0,0,67
sciences,HTC,MIM,0.1,PGD,0.6,13.580882352941176,6.0,0,67
sciences,HTC,MIM,0.1,PGD,0.7,13.580882352941176,6.0,0,67
sciences,HTC,MIM,0.1,PGD,0.8,13.580882352941176,6.0,0,67
sciences,HTC,MIM,0.1,PGD,0.9,13.580882352941176,6.0,0,67
sciences,HTC,MIM,0.1,PGD,1.0,13.580882352941176,6.0,0,67
sciences,LG,MIM,0.1,PGD,0.1,9.375,5.0,0,66
sciences,LG,MIM,0.1,PGD,0.2,9.323529411764707,5.0,0,66
sciences,LG,MIM,0.1,PGD,0.3,9.264705882352942,5.0,0,66
sciences,LG,MIM,0.1,PGD,0.4,9.301470588235293,5.0,0,66
sciences,LG,MIM,0.1,PGD,0.5,9.301470588235293,5.0,0,66
sciences,LG,MIM,0.1,PGD,0.6,9.301470588235293,5.0,0,66
sciences,LG,MIM,0.1,PGD,0.7,9.301470588235293,5.0,0,66
sciences,LG,MIM,0.1,PGD,0.8,9.301470588235293,5.0,0,66
sciences,LG,MIM,0.1,PGD,0.9,9.301470588235293,5.0,0,66
sciences,LG,MIM,0.1,PGD,1.0,9.301470588235293,5.0,0,66
sciences,MOTO,MIM,0.1,PGD,0.1,10.727941176470589,6.0,0,67
sciences,MOTO,MIM,0.1,PGD,0.2,10.705882352941176,6.0,0,67
sciences,MOTO,MIM,0.1,PGD,0.3,10.764705882352942,6.0,0,67
sciences,MOTO,MIM,0.1,PGD,0.4,10.764705882352942,6.0,0,67
sciences,MOTO,MIM,0.1,PGD,0.5,10.764705882352942,6.0,0,67
sciences,MOTO,MIM,0.1,PGD,0.6,10.764705882352942,6.0,0,67
sciences,MOTO,MIM,0.1,PGD,0.7,10.764705882352942,6.0,0,67
sciences,MOTO,MIM,0.1,PGD,0.8,10.764705882352942,6.0,0,67
sciences,MOTO,MIM,0.1,PGD,0.9,10.764705882352942,6.0,0,67
sciences,MOTO,MIM,0.1,PGD,1.0,10.764705882352942,6.0,0,67
sciences,OP3,MIM,0.1,PGD,0.1,13.529411764705882,6.0,0,62
sciences,OP3,MIM,0.1,PGD,0.2,13.794117647058824,6.0,0,62
sciences,OP3,MIM,0.1,PGD,0.3,14.102941176470589,6.0,0,62
sciences,OP3,MIM,0.1,PGD,0.4,13.948529411764707,6.0,0,62
sciences,OP3,MIM,0.1,PGD,0.5,13.948529411764707,6.0,0,62
sciences,OP3,MIM,0.1,PGD,0.6,13.948529411764707,6.0,0,62
sciences,OP3,MIM,0.1,PGD,0.7,13.948529411764707,6.0,0,62
sciences,OP3,MIM,0.1,PGD,0.8,13.948529411764707,6.0,0,62
sciences,OP3,MIM,0.1,PGD,0.9,13.948529411764707,6.0,0,62
sciences,OP3,MIM,0.1,PGD,1.0,13.948529411764707,6.0,0,62
sciences,S7,MIM,0.1,PGD,0.1,10.838235294117647,6.0,0,63
sciences,S7,MIM,0.1,PGD,0.2,10.911764705882353,6.0,0,63
sciences,S7,MIM,0.1,PGD,0.3,10.801470588235293,6.0,0,63
sciences,S7,MIM,0.1,PGD,0.4,10.801470588235293,6.0,0,63
sciences,S7,MIM,0.1,PGD,0.5,10.801470588235293,6.0,0,63
sciences,S7,MIM,0.1,PGD,0.6,10.801470588235293,6.0,0,63
sciences,S7,MIM,0.1,PGD,0.7,10.801470588235293,6.0,0,63
sciences,S7,MIM,0.1,PGD,0.8,10.801470588235293,6.0,0,63
sciences,S7,MIM,0.1,PGD,0.9,10.801470588235293,6.0,0,63
sciences,S7,MIM,0.1,PGD,1.0,10.801470588235293,6.0,0,63
sciences,BLU,MIM,0.2,PGD,0.1,12.433823529411764,7.0,0,66
sciences,BLU,MIM,0.2,PGD,0.2,12.455882352941176,7.0,0,66
sciences,BLU,MIM,0.2,PGD,0.3,12.404411764705882,7.0,0,66
sciences,BLU,MIM,0.2,PGD,0.4,12.404411764705882,7.0,0,66
sciences,BLU,MIM,0.2,PGD,0.5,12.404411764705882,7.0,0,66
sciences,BLU,MIM,0.2,PGD,0.6,12.404411764705882,7.0,0,66
sciences,BLU,MIM,0.2,PGD,0.7,12.404411764705882,7.0,0,66
sciences,BLU,MIM,0.2,PGD,0.8,12.404411764705882,7.0,0,66
sciences,BLU,MIM,0.2,PGD,0.9,12.404411764705882,7.0,0,66
sciences,BLU,MIM,0.2,PGD,1.0,12.404411764705882,7.0,0,66
sciences,HTC,MIM,0.2,PGD,0.1,12.683823529411764,8.0,0,62
sciences,HTC,MIM,0.2,PGD,0.2,13.051470588235293,8.0,0,62
sciences,HTC,MIM,0.2,PGD,0.3,13.014705882352942,8.0,0,62
sciences,HTC,MIM,0.2,PGD,0.4,13.014705882352942,8.0,0,62
sciences,HTC,MIM,0.2,PGD,0.5,13.014705882352942,8.0,0,62
sciences,HTC,MIM,0.2,PGD,0.6,13.014705882352942,8.0,0,62
sciences,HTC,MIM,0.2,PGD,0.7,13.014705882352942,8.0,0,62
sciences,HTC,MIM,0.2,PGD,0.8,13.014705882352942,8.0,0,62
sciences,HTC,MIM,0.2,PGD,0.9,13.014705882352942,8.0,0,62
sciences,HTC,MIM,0.2,PGD,1.0,13.014705882352942,8.0,0,62
sciences,LG,MIM,0.2,PGD,0.1,8.022058823529411,6.0,0,54
sciences,LG,MIM,0.2,PGD,0.2,7.897058823529412,6.0,0,48
sciences,LG,MIM,0.2,PGD,0.3,7.926470588235294,6.0,0,48
sciences,LG,MIM,0.2,PGD,0.4,7.926470588235294,6.0,0,48
sciences,LG,MIM,0.2,PGD,0.5,7.926470588235294,6.0,0,48
sciences,LG,MIM,0.2,PGD,0.6,7.926470588235294,6.0,0,48
sciences,LG,MIM,0.2,PGD,0.7,7.926470588235294,6.0,0,48
sciences,LG,MIM,0.2,PGD,0.8,7.926470588235294,6.0,0,48
sciences,LG,MIM,0.2,PGD,0.9,7.926470588235294,6.0,0,48
sciences,LG,MIM,0.2,PGD,1.0,7.926470588235294,6.0,0,48
sciences,MOTO,MIM,0.2,PGD,0.1,9.426470588235293,5.0,0,63
sciences,MOTO,MIM,0.2,PGD,0.2,9.573529411764707,5.0,0,63
sciences,MOTO,MIM,0.2,PGD,0.3,9.602941176470589,5.0,0,63
sciences,MOTO,MIM,0.2,PGD,0.4,9.566176470588236,5.0,0,63
sciences,MOTO,MIM,0.2,PGD,0.5,9.566176470588236,5.0,0,63
sciences,MOTO,MIM,0.2,PGD,0.6,9.566176470588236,5.0,0,63
sciences,MOTO,MIM,0.2,PGD,0.7,9.566176470588236,5.0,0,63
sciences,MOTO,MIM,0.2,PGD,0.8,9.566176470588236,5.0,0,63
sciences,MOTO,MIM,0.2,PGD,0.9,9.566176470588236,5.0,0,63
sciences,MOTO,MIM,0.2,PGD,1.0,9.566176470588236,5.0,0,63
sciences,OP3,MIM,0.2,PGD,0.1,10.683823529411764,6.0,0,65
sciences,OP3,MIM,0.2,PGD,0.2,10.742647058823529,6.0,0,65
sciences,OP3,MIM,0.2,PGD,0.3,10.845588235294118,6.0,0,65
sciences,OP3,MIM,0.2,PGD,0.4,10.852941176470589,6.0,0,65
sciences,OP3,MIM,0.2,PGD,0.5,10.852941176470589,6.0,0,65
sciences,OP3,MIM,0.2,PGD,0.6,10.852941176470589,6.0,0,65
sciences,OP3,MIM,0.2,PGD,0.7,10.852941176470589,6.0,0,65
sciences,OP3,MIM,0.2,PGD,0.8,10.852941176470589,6.0,0,65
sciences,OP3,MIM,0.2,PGD,0.9,10.852941176470589,6.0,0,65
sciences,OP3,MIM,0.2,PGD,1.0,10.852941176470589,6.0,0,65
sciences,S7,MIM,0.2,PGD,0.1,8.875,6.0,0,63
sciences,S7,MIM,0.2,PGD,0.2,9.066176470588236,6.0,0,63
sciences,S7,MIM,0.2,PGD,0.3,8.911764705882353,6.0,0,63
sciences,S7,MIM,0.2,PGD,0.4,8.933823529411764,6.0,0,63
sciences,S7,MIM,0.2,PGD,0.5,8.933823529411764,6.0,0,63
sciences,S7,MIM,0.2,PGD,0.6,8.933823529411764,6.0,0,63
sciences,S7,MIM,0.2,PGD,0.7,8.933823529411764,6.0,0,63
sciences,S7,MIM,0.2,PGD,0.8,8.933823529411764,6.0,0,63
sciences,S7,MIM,0.2,PGD,0.9,8.933823529411764,6.0,0,63
sciences,S7,MIM,0.2,PGD,1.0,8.933823529411764,6.0,0,63
sciences,BLU,MIM,0.3,PGD,0.1,14.007352941176471,8.0,0,64
sciences,BLU,MIM,0.3,PGD,0.2,14.073529411764707,8.0,0,64
sciences,BLU,MIM,0.3,PGD,0.3,14.073529411764707,8.0,0,64
sciences,BLU,MIM,0.3,PGD,0.4,14.073529411764707,8.0,0,64
sciences,BLU,MIM,0.3,PGD,0.5,14.073529411764707,8.0,0,64
sciences,BLU,MIM,0.3,PGD,0.6,14.073529411764707,8.0,0,64
sciences,BLU,MIM,0.3,PGD,0.7,14.073529411764707,8.0,0,64
sciences,BLU,MIM,0.3,PGD,0.8,14.073529411764707,8.0,0,64
sciences,BLU,MIM,0.3,PGD,0.9,14.073529411764707,8.0,0,64
sciences,BLU,MIM,0.3,PGD,1.0,14.073529411764707,8.0,0,64
sciences,HTC,MIM,0.3,PGD,0.1,11.404411764705882,5.0,0,63
sciences,HTC,MIM,0.3,PGD,0.2,11.669117647058824,6.0,0,63
sciences,HTC,MIM,0.3,PGD,0.3,11.727941176470589,6.0,0,63
sciences,HTC,MIM,0.3,PGD,0.4,11.727941176470589,6.0,0,63
sciences,HTC,MIM,0.3,PGD,0.5,11.727941176470589,6.0,0,63
sciences,HTC,MIM,0.3,PGD,0.6,11.727941176470589,6.0,0,63
sciences,HTC,MIM,0.3,PGD,0.7,11.727941176470589,6.0,0,63
sciences,HTC,MIM,0.3,PGD,0.8,11.727941176470589,6.0,0,63
sciences,HTC,MIM,0.3,PGD,0.9,11.727941176470589,6.0,0,63
sciences,HTC,MIM,0.3,PGD,1.0,11.727941176470589,6.0,0,63
sciences,LG,MIM,0.3,PGD,0.1,7.669117647058823,4.0,0,61
sciences,LG,MIM,0.3,PGD,0.2,8.602941176470589,4.0,0,61
sciences,LG,MIM,0.3,PGD,0.3,8.404411764705882,4.0,0,61
sciences,LG,MIM,0.3,PGD,0.4,8.404411764705882,4.0,0,61
sciences,LG,MIM,0.3,PGD,0.5,8.404411764705882,4.0,0,61
sciences,LG,MIM,0.3,PGD,0.6,8.404411764705882,4.0,0,61
sciences,LG,MIM,0.3,PGD,0.7,8.404411764705882,4.0,0,61
sciences,LG,MIM,0.3,PGD,0.8,8.404411764705882,4.0,0,61
sciences,LG,MIM,0.3,PGD,0.9,8.404411764705882,4.0,0,61
sciences,LG,MIM,0.3,PGD,1.0,8.404411764705882,4.0,0,61
sciences,MOTO,MIM,0.3,PGD,0.1,10.948529411764707,5.5,0,64
sciences,MOTO,MIM,0.3,PGD,0.2,10.632352941176471,6.0,0,64
sciences,MOTO,MIM,0.3,PGD,0.3,10.779411764705882,6.0,0,64
sciences,MOTO,MIM,0.3,PGD,0.4,10.830882352941176,6.0,0,64
sciences,MOTO,MIM,0.3,PGD,0.5,10.830882352941176,6.0,0,64
sciences,MOTO,MIM,0.3,PGD,0.6,10.830882352941176,6.0,0,64
sciences,MOTO,MIM,0.3,PGD,0.7,10.830882352941176,6.0,0,64
sciences,MOTO,MIM,0.3,PGD,0.8,10.830882352941176,6.0,0,64
sciences,MOTO,MIM,0.3,PGD,0.9,10.830882352941176,6.0,0,64
sciences,MOTO,MIM,0.3,PGD,1.0,10.830882352941176,6.0,0,64
sciences,OP3,MIM,0.3,PGD,0.1,12.073529411764707,6.0,0,66
sciences,OP3,MIM,0.3,PGD,0.2,12.029411764705882,6.0,0,66
sciences,OP3,MIM,0.3,PGD,0.3,11.852941176470589,6.0,0,66
sciences,OP3,MIM,0.3,PGD,0.4,12.051470588235293,6.0,0,66
sciences,OP3,MIM,0.3,PGD,0.5,12.051470588235293,6.0,0,66
sciences,OP3,MIM,0.3,PGD,0.6,12.051470588235293,6.0,0,66
sciences,OP3,MIM,0.3,PGD,0.7,12.051470588235293,6.0,0,66
sciences,OP3,MIM,0.3,PGD,0.8,12.051470588235293,6.0,0,66
sciences,OP3,MIM,0.3,PGD,0.9,12.051470588235293,6.0,0,66
sciences,OP3,MIM,0.3,PGD,1.0,12.051470588235293,6.0,0,66
sciences,S7,MIM,0.3,PGD,0.1,9.308823529411764,6.0,0,60
sciences,S7,MIM,0.3,PGD,0.2,9.301470588235293,6.0,0,60
sciences,S7,MIM,0.3,PGD,0.3,9.323529411764707,6.0,0,60
sciences,S7,MIM,0.3,PGD,0.4,9.323529411764707,6.0,0,60
sciences,S7,MIM,0.3,PGD,0.5,9.323529411764707,6.0,0,60
sciences,S7,MIM,0.3,PGD,0.6,9.323529411764707,6.0,0,60
sciences,S7,MIM,0.3,PGD,0.7,9.323529411764707,6.0,0,60
sciences,S7,MIM,0.3,PGD,0.8,9.323529411764707,6.0,0,60
sciences,S7,MIM,0.3,PGD,0.9,9.323529411764707,6.0,0,60
sciences,S7,MIM,0.3,PGD,1.0,9.323529411764707,6.0,0,60
sciences,BLU,MIM,0.4,PGD,0.1,12.448529411764707,7.0,0,67
sciences,BLU,MIM,0.4,PGD,0.2,12.441176470588236,7.0,0,67
sciences,BLU,MIM,0.4,PGD,0.3,12.448529411764707,7.0,0,67
sciences,BLU,MIM,0.4,PGD,0.4,12.463235294117647,7.0,0,67
sciences,BLU,MIM,0.4,PGD,0.5,12.463235294117647,7.0,0,67
sciences,BLU,MIM,0.4,PGD,0.6,12.463235294117647,7.0,0,67
sciences,BLU,MIM,0.4,PGD,0.7,12.463235294117647,7.0,0,67
sciences,BLU,MIM,0.4,PGD,0.8,12.463235294117647,7.0,0,67
sciences,BLU,MIM,0.4,PGD,0.9,12.463235294117647,7.0,0,67
sciences,BLU,MIM,0.4,PGD,1.0,12.463235294117647,7.0,0,67
sciences,HTC,MIM,0.4,PGD,0.1,12.536764705882353,6.0,0,67
sciences,HTC,MIM,0.4,PGD,0.2,12.588235294117647,6.0,0,67
sciences,HTC,MIM,0.4,PGD,0.3,12.595588235294118,6.0,0,67
sciences,HTC,MIM,0.4,PGD,0.4,12.595588235294118,6.0,0,67
sciences,HTC,MIM,0.4,PGD,0.5,12.595588235294118,6.0,0,67
sciences,HTC,MIM,0.4,PGD,0.6,12.595588235294118,6.0,0,67
sciences,HTC,MIM,0.4,PGD,0.7,12.595588235294118,6.0,0,67
sciences,HTC,MIM,0.4,PGD,0.8,12.595588235294118,6.0,0,67
sciences,HTC,MIM,0.4,PGD,0.9,12.595588235294118,6.0,0,67
sciences,HTC,MIM,0.4,PGD,1.0,12.595588235294118,6.0,0,67
sciences,LG,MIM,0.4,PGD,0.1,12.529411764705882,6.0,0,67
sciences,LG,MIM,0.4,PGD,0.2,12.639705882352942,6.0,0,67
sciences,LG,MIM,0.4,PGD,0.3,12.617647058823529,6.0,0,67
sciences,LG,MIM,0.4,PGD,0.4,12.639705882352942,6.0,0,67
sciences,LG,MIM,0.4,PGD,0.5,12.639705882352942,6.0,0,67
sciences,LG,MIM,0.4,PGD,0.6,12.639705882352942,6.0,0,67
sciences,LG,MIM,0.4,PGD,0.7,12.639705882352942,6.0,0,67
sciences,LG,MIM,0.4,PGD,0.8,12.639705882352942,6.0,0,67
sciences,LG,MIM,0.4,PGD,0.9,12.639705882352942,6.0,0,67
sciences,LG,MIM,0.4,PGD,1.0,12.639705882352942,6.0,0,67
sciences,MOTO,MIM,0.4,PGD,0.1,9.926470588235293,5.0,0,65
sciences,MOTO,MIM,0.4,PGD,0.2,9.919117647058824,5.0,0,65
sciences,MOTO,MIM,0.4,PGD,0.3,9.911764705882353,5.0,0,65
sciences,MOTO,MIM,0.4,PGD,0.4,9.911764705882353,5.0,0,65
sciences,MOTO,MIM,0.4,PGD,0.5,9.911764705882353,5.0,0,65
sciences,MOTO,MIM,0.4,PGD,0.6,9.911764705882353,5.0,0,65
sciences,MOTO,MIM,0.4,PGD,0.7,9.911764705882353,5.0,0,65
sciences,MOTO,MIM,0.4,PGD,0.8,9.911764705882353,5.0,0,65
sciences,MOTO,MIM,0.4,PGD,0.9,9.911764705882353,5.0,0,65
sciences,MOTO,MIM,0.4,PGD,1.0,9.911764705882353,5.0,0,65
sciences,OP3,MIM,0.4,PGD,0.1,11.036764705882353,7.0,0,67
sciences,OP3,MIM,0.4,PGD,0.2,11.044117647058824,7.0,0,67
sciences,OP3,MIM,0.4,PGD,0.3,11.051470588235293,7.0,0,67
sciences,OP3,MIM,0.4,PGD,0.4,11.051470588235293,7.0,0,67
sciences,OP3,MIM,0.4,PGD,0.5,11.051470588235293,7.0,0,67
sciences,OP3,MIM,0.4,PGD,0.6,11.051470588235293,7.0,0,67
sciences,OP3,MIM,0.4,PGD,0.7,11.051470588235293,7.0,0,67
sciences,OP3,MIM,0.4,PGD,0.8,11.051470588235293,7.0,0,67
sciences,OP3,MIM,0.4,PGD,0.9,11.051470588235293,7.0,0,67
sciences,OP3,MIM,0.4,PGD,1.0,11.051470588235293,7.0,0,67
sciences,S7,MIM,0.4,PGD,0.1,8.455882352941176,4.5,0,66
sciences,S7,MIM,0.4,PGD,0.2,8.316176470588236,4.0,0,66
sciences,S7,MIM,0.4,PGD,0.3,8.338235294117647,4.0,0,66
sciences,S7,MIM,0.4,PGD,0.4,8.338235294117647,4.0,0,66
sciences,S7,MIM,0.4,PGD,0.5,8.338235294117647,4.0,0,66
sciences,S7,MIM,0.4,PGD,0.6,8.338235294117647,4.0,0,66
sciences,S7,MIM,0.4,PGD,0.7,8.338235294117647,4.0,0,66
sciences,S7,MIM,0.4,PGD,0.8,8.338235294117647,4.0,0,66
sciences,S7,MIM,0.4,PGD,0.9,8.338235294117647,4.0,0,66
sciences,S7,MIM,0.4,PGD,1.0,8.338235294117647,4.0,0,66
sciences,BLU,MIM,0.5,PGD,0.1,16.301470588235293,8.0,0,65
sciences,BLU,MIM,0.5,PGD,0.2,16.279411764705884,8.0,0,65
sciences,BLU,MIM,0.5,PGD,0.3,16.28676470588235,8.0,0,65
sciences,BLU,MIM,0.5,PGD,0.4,16.301470588235293,8.0,0,65
sciences,BLU,MIM,0.5,PGD,0.5,16.301470588235293,8.0,0,65
sciences,BLU,MIM,0.5,PGD,0.6,16.301470588235293,8.0,0,65
sciences,BLU,MIM,0.5,PGD,0.7,16.301470588235293,8.0,0,65
sciences,BLU,MIM,0.5,PGD,0.8,16.301470588235293,8.0,0,65
sciences,BLU,MIM,0.5,PGD,0.9,16.301470588235293,8.0,0,65
sciences,BLU,MIM,0.5,PGD,1.0,16.301470588235293,8.0,0,65
sciences,HTC,MIM,0.5,PGD,0.1,7.647058823529412,4.5,0,62
sciences,HTC,MIM,0.5,PGD,0.2,7.8161764705882355,5.0,0,62
sciences,HTC,MIM,0.5,PGD,0.3,7.647058823529412,5.0,0,62
sciences,HTC,MIM,0.5,PGD,0.4,7.698529411764706,5.0,0,62
sciences,HTC,MIM,0.5,PGD,0.5,7.698529411764706,5.0,0,62
sciences,HTC,MIM,0.5,PGD,0.6,7.698529411764706,5.0,0,62
sciences,HTC,MIM,0.5,PGD,0.7,7.698529411764706,5.0,0,62
sciences,HTC,MIM,0.5,PGD,0.8,7.698529411764706,5.0,0,62
sciences,HTC,MIM,0.5,PGD,0.9,7.698529411764706,5.0,0,62
sciences,HTC,MIM,0.5,PGD,1.0,7.698529411764706,5.0,0,62
sciences,LG,MIM,0.5,PGD,0.1,10.389705882352942,4.0,0,64
sciences,LG,MIM,0.5,PGD,0.2,9.882352941176471,4.0,0,64
sciences,LG,MIM,0.5,PGD,0.3,9.875,4.0,0,64
sciences,LG,MIM,0.5,PGD,0.4,9.875,4.0,0,64
sciences,LG,MIM,0.5,PGD,0.5,9.875,4.0,0,64
sciences,LG,MIM,0.5,PGD,0.6,9.875,4.0,0,64
sciences,LG,MIM,0.5,PGD,0.7,9.875,4.0,0,64
sciences,LG,MIM,0.5,PGD,0.8,9.875,4.0,0,64
sciences,LG,MIM,0.5,PGD,0.9,9.875,4.0,0,64
sciences,LG,MIM,0.5,PGD,1.0,9.875,4.0,0,64
sciences,MOTO,MIM,0.5,PGD,0.1,8.551470588235293,5.0,0,63
sciences,MOTO,MIM,0.5,PGD,0.2,8.367647058823529,5.0,0,63
sciences,MOTO,MIM,0.5,PGD,0.3,8.301470588235293,5.0,0,63
sciences,MOTO,MIM,0.5,PGD,0.4,8.301470588235293,5.0,0,63
sciences,MOTO,MIM,0.5,PGD,0.5,8.301470588235293,5.0,0,63
sciences,MOTO,MIM,0.5,PGD,0.6,8.301470588235293,5.0,0,63
sciences,MOTO,MIM,0.5,PGD,0.7,8.301470588235293,5.0,0,63
sciences,MOTO,MIM,0.5,PGD,0.8,8.301470588235293,5.0,0,63
sciences,MOTO,MIM,0.5,PGD,0.9,8.301470588235293,5.0,0,63
sciences,MOTO,MIM,0.5,PGD,1.0,8.301470588235293,5.0,0,63
sciences,OP3,MIM,0.5,PGD,0.1,8.727941176470589,5.0,0,59
sciences,OP3,MIM,0.5,PGD,0.2,8.742647058823529,5.0,0,59
sciences,OP3,MIM,0.5,PGD,0.3,8.742647058823529,5.0,0,59
sciences,OP3,MIM,0.5,PGD,0.4,8.742647058823529,5.0,0,59
sciences,OP3,MIM,0.5,PGD,0.5,8.742647058823529,5.0,0,59
sciences,OP3,MIM,0.5,PGD,0.6,8.742647058823529,5.0,0,59
sciences,OP3,MIM,0.5,PGD,0.7,8.742647058823529,5.0,0,59
sciences,OP3,MIM,0.5,PGD,0.8,8.742647058823529,5.0,0,59
sciences,OP3,MIM,0.5,PGD,0.9,8.742647058823529,5.0,0,59
sciences,OP3,MIM,0.5,PGD,1.0,8.742647058823529,5.0,0,59
sciences,S7,MIM,0.5,PGD,0.1,9.198529411764707,5.0,0,63
sciences,S7,MIM,0.5,PGD,0.2,9.117647058823529,5.0,0,63
sciences,S7,MIM,0.5,PGD,0.3,9.110294117647058,5.0,0,63
sciences,S7,MIM,0.5,PGD,0.4,9.080882352941176,5.0,0,63
sciences,S7,MIM,0.5,PGD,0.5,9.080882352941176,5.0,0,63
sciences,S7,MIM,0.5,PGD,0.6,9.080882352941176,5.0,0,63
sciences,S7,MIM,0.5,PGD,0.7,9.080882352941176,5.0,0,63
sciences,S7,MIM,0.5,PGD,0.8,9.080882352941176,5.0,0,63
sciences,S7,MIM,0.5,PGD,0.9,9.080882352941176,5.0,0,63
sciences,S7,MIM,0.5,PGD,1.0,9.080882352941176,5.0,0,63
sciences,BLU,MIM,0.6,PGD,0.1,14.397058823529411,9.0,0,65
sciences,BLU,MIM,0.6,PGD,0.2,15.110294117647058,9.0,0,65
sciences,BLU,MIM,0.6,PGD,0.3,15.139705882352942,9.0,0,65
sciences,BLU,MIM,0.6,PGD,0.4,15.139705882352942,9.0,0,65
sciences,BLU,MIM,0.6,PGD,0.5,15.139705882352942,9.0,0,65
sciences,BLU,MIM,0.6,PGD,0.6,15.139705882352942,9.0,0,65
sciences,BLU,MIM,0.6,PGD,0.7,15.139705882352942,9.0,0,65
sciences,BLU,MIM,0.6,PGD,0.8,15.139705882352942,9.0,0,65
sciences,BLU,MIM,0.6,PGD,0.9,15.139705882352942,9.0,0,65
sciences,BLU,MIM,0.6,PGD,1.0,15.139705882352942,9.0,0,65
sciences,HTC,MIM,0.6,PGD,0.1,9.904411764705882,6.0,0,67
sciences,HTC,MIM,0.6,PGD,0.2,9.948529411764707,6.0,0,67
sciences,HTC,MIM,0.6,PGD,0.3,9.933823529411764,6.0,0,67
sciences,HTC,MIM,0.6,PGD,0.4,9.919117647058824,6.0,0,67
sciences,HTC,MIM,0.6,PGD,0.5,9.919117647058824,6.0,0,67
sciences,HTC,MIM,0.6,PGD,0.6,9.919117647058824,6.0,0,67
sciences,HTC,MIM,0.6,PGD,0.7,9.919117647058824,6.0,0,67
sciences,HTC,MIM,0.6,PGD,0.8,9.919117647058824,6.0,0,67
sciences,HTC,MIM,0.6,PGD,0.9,9.919117647058824,6.0,0,67
sciences,HTC,MIM,0.6,PGD,1.0,9.919117647058824,6.0,0,67
sciences,LG,MIM,0.6,PGD,0.1,8.448529411764707,5.0,0,66
sciences,LG,MIM,0.6,PGD,0.2,8.463235294117647,5.5,0,66
sciences,LG,MIM,0.6,PGD,0.3,8.661764705882353,6.0,0,66
sciences,LG,MIM,0.6,PGD,0.4,8.661764705882353,6.0,0,66
sciences,LG,MIM,0.6,PGD,0.5,8.661764705882353,6.0,0,66
sciences,LG,MIM,0.6,PGD,0.6,8.661764705882353,6.0,0,66
sciences,LG,MIM,0.6,PGD,0.7,8.661764705882353,6.0,0,66
sciences,LG,MIM,0.6,PGD,0.8,8.661764705882353,6.0,0,66
sciences,LG,MIM,0.6,PGD,0.9,8.661764705882353,6.0,0,66
sciences,LG,MIM,0.6,PGD,1.0,8.661764705882353,6.0,0,66
sciences,MOTO,MIM,0.6,PGD,0.1,10.772058823529411,6.0,0,63
sciences,MOTO,MIM,0.6,PGD,0.2,10.683823529411764,6.0,0,63
sciences,MOTO,MIM,0.6,PGD,0.3,10.845588235294118,6.0,0,63
sciences,MOTO,MIM,0.6,PGD,0.4,10.786764705882353,6.0,0,63
sciences,MOTO,MIM,0.6,PGD,0.5,10.786764705882353,6.0,0,63
sciences,MOTO,MIM,0.6,PGD,0.6,10.786764705882353,6.0,0,63
sciences,MOTO,MIM,0.6,PGD,0.7,10.786764705882353,6.0,0,63
sciences,MOTO,MIM,0.6,PGD,0.8,10.786764705882353,6.0,0,63
sciences,MOTO,MIM,0.6,PGD,0.9,10.786764705882353,6.0,0,63
sciences,MOTO,MIM,0.6,PGD,1.0,10.786764705882353,6.0,0,63
sciences,OP3,MIM,0.6,PGD,0.1,12.507352941176471,6.0,0,66
sciences,OP3,MIM,0.6,PGD,0.2,12.470588235294118,6.0,0,66
sciences,OP3,MIM,0.6,PGD,0.3,12.397058823529411,6.0,0,66
sciences,OP3,MIM,0.6,PGD,0.4,12.397058823529411,6.0,0,66
sciences,OP3,MIM,0.6,PGD,0.5,12.397058823529411,6.0,0,66
sciences,OP3,MIM,0.6,PGD,0.6,12.397058823529411,6.0,0,66
sciences,OP3,MIM,0.6,PGD,0.7,12.397058823529411,6.0,0,66
sciences,OP3,MIM,0.6,PGD,0.8,12.397058823529411,6.0,0,66
sciences,OP3,MIM,0.6,PGD,0.9,12.397058823529411,6.0,0,66
sciences,OP3,MIM,0.6,PGD,1.0,12.397058823529411,6.0,0,66
sciences,S7,MIM,0.6,PGD,0.1,8.345588235294118,5.0,0,64
sciences,S7,MIM,0.6,PGD,0.2,8.433823529411764,5.0,0,64
sciences,S7,MIM,0.6,PGD,0.3,8.448529411764707,5.0,0,64
sciences,S7,MIM,0.6,PGD,0.4,8.448529411764707,5.0,0,64
sciences,S7,MIM,0.6,PGD,0.5,8.448529411764707,5.0,0,64
sciences,S7,MIM,0.6,PGD,0.6,8.448529411764707,5.0,0,64
sciences,S7,MIM,0.6,PGD,0.7,8.448529411764707,5.0,0,64
sciences,S7,MIM,0.6,PGD,0.8,8.448529411764707,5.0,0,64
sciences,S7,MIM,0.6,PGD,0.9,8.448529411764707,5.0,0,64
sciences,S7,MIM,0.6,PGD,1.0,8.448529411764707,5.0,0,64
sciences,BLU,MIM,0.7,PGD,0.1,11.485294117647058,6.0,0,64
sciences,BLU,MIM,0.7,PGD,0.2,10.889705882352942,5.0,0,64
sciences,BLU,MIM,0.7,PGD,0.3,10.573529411764707,5.0,0,64
sciences,BLU,MIM,0.7,PGD,0.4,10.610294117647058,5.0,0,64
sciences,BLU,MIM,0.7,PGD,0.5,10.610294117647058,5.0,0,64
sciences,BLU,MIM,0.7,PGD,0.6,10.610294117647058,5.0,0,64
sciences,BLU,MIM,0.7,PGD,0.7,10.610294117647058,5.0,0,64
sciences,BLU,MIM,0.7,PGD,0.8,10.610294117647058,5.0,0,64
sciences,BLU,MIM,0.7,PGD,0.9,10.610294117647058,5.0,0,64
sciences,BLU,MIM,0.7,PGD,1.0,10.610294117647058,5.0,0,64
sciences,HTC,MIM,0.7,PGD,0.1,10.382352941176471,5.5,0,65
sciences,HTC,MIM,0.7,PGD,0.2,10.323529411764707,5.5,0,65
sciences,HTC,MIM,0.7,PGD,0.3,10.242647058823529,5.5,0,65
sciences,HTC,MIM,0.7,PGD,0.4,10.25,5.5,0,65
sciences,HTC,MIM,0.7,PGD,0.5,10.25,5.5,0,65
sciences,HTC,MIM,0.7,PGD,0.6,10.25,5.5,0,65
sciences,HTC,MIM,0.7,PGD,0.7,10.25,5.5,0,65
sciences,HTC,MIM,0.7,PGD,0.8,10.25,5.5,0,65
sciences,HTC,MIM,0.7,PGD,0.9,10.25,5.5,0,65
sciences,HTC,MIM,0.7,PGD,1.0,10.25,5.5,0,65
sciences,LG,MIM,0.7,PGD,0.1,11.463235294117647,6.0,0,66
sciences,LG,MIM,0.7,PGD,0.2,10.823529411764707,6.0,0,66
sciences,LG,MIM,0.7,PGD,0.3,10.867647058823529,6.0,0,66
sciences,LG,MIM,0.7,PGD,0.4,10.867647058823529,6.0,0,66
sciences,LG,MIM,0.7,PGD,0.5,10.867647058823529,6.0,0,66
sciences,LG,MIM,0.7,PGD,0.6,10.867647058823529,6.0,0,66
sciences,LG,MIM,0.7,PGD,0.7,10.867647058823529,6.0,0,66
sciences,LG,MIM,0.7,PGD,0.8,10.867647058823529,6.0,0,66
sciences,LG,MIM,0.7,PGD,0.9,10.867647058823529,6.0,0,66
sciences,LG,MIM,0.7,PGD,1.0,10.867647058823529,6.0,0,66
sciences,MOTO,MIM,0.7,PGD,0.1,8.669117647058824,5.0,0,63
sciences,MOTO,MIM,0.7,PGD,0.2,9.080882352941176,5.0,0,63
sciences,MOTO,MIM,0.7,PGD,0.3,9.036764705882353,5.0,0,63
sciences,MOTO,MIM,0.7,PGD,0.4,9.345588235294118,5.0,0,63
sciences,MOTO,MIM,0.7,PGD,0.5,9.345588235294118,5.0,0,63
sciences,MOTO,MIM,0.7,PGD,0.6,9.345588235294118,5.0,0,63
sciences,MOTO,MIM,0.7,PGD,0.7,9.345588235294118,5.0,0,63
sciences,MOTO,MIM,0.7,PGD,0.8,9.345588235294118,5.0,0,63
sciences,MOTO,MIM,0.7,PGD,0.9,9.345588235294118,5.0,0,63
sciences,MOTO,MIM,0.7,PGD,1.0,9.345588235294118,5.0,0,63
sciences,OP3,MIM,0.7,PGD,0.1,12.375,6.5,0,61
sciences,OP3,MIM,0.7,PGD,0.2,12.345588235294118,6.5,0,61
sciences,OP3,MIM,0.7,PGD,0.3,12.345588235294118,6.5,0,61
sciences,OP3,MIM,0.7,PGD,0.4,12.345588235294118,6.5,0,61
sciences,OP3,MIM,0.7,PGD,0.5,12.345588235294118,6.5,0,61
sciences,OP3,MIM,0.7,PGD,0.6,12.345588235294118,6.5,0,61
sciences,OP3,MIM,0.7,PGD,0.7,12.345588235294118,6.5,0,61
sciences,OP3,MIM,0.7,PGD,0.8,12.345588235294118,6.5,0,61
sciences,OP3,MIM,0.7,PGD,0.9,12.345588235294118,6.5,0,61
sciences,OP3,MIM,0.7,PGD,1.0,12.345588235294118,6.5,0,61
sciences,S7,MIM,0.7,PGD,0.1,7.169117647058823,5.0,0,44
sciences,S7,MIM,0.7,PGD,0.2,7.073529411764706,5.0,0,44
sciences,S7,MIM,0.7,PGD,0.3,7.102941176470588,5.0,0,44
sciences,S7,MIM,0.7,PGD,0.4,7.095588235294118,5.0,0,44
sciences,S7,MIM,0.7,PGD,0.5,7.095588235294118,5.0,0,44
sciences,S7,MIM,0.7,PGD,0.6,7.095588235294118,5.0,0,44
sciences,S7,MIM,0.7,PGD,0.7,7.095588235294118,5.0,0,44
sciences,S7,MIM,0.7,PGD,0.8,7.095588235294118,5.0,0,44
sciences,S7,MIM,0.7,PGD,0.9,7.095588235294118,5.0,0,44
sciences,S7,MIM,0.7,PGD,1.0,7.095588235294118,5.0,0,44
sciences,BLU,MIM,0.8,PGD,0.1,13.948529411764707,7.0,0,65
sciences,BLU,MIM,0.8,PGD,0.2,13.911764705882353,7.0,0,65
sciences,BLU,MIM,0.8,PGD,0.3,14.080882352941176,7.0,0,65
sciences,BLU,MIM,0.8,PGD,0.4,14.080882352941176,7.0,0,65
sciences,BLU,MIM,0.8,PGD,0.5,14.080882352941176,7.0,0,65
sciences,BLU,MIM,0.8,PGD,0.6,14.080882352941176,7.0,0,65
sciences,BLU,MIM,0.8,PGD,0.7,14.080882352941176,7.0,0,65
sciences,BLU,MIM,0.8,PGD,0.8,14.080882352941176,7.0,0,65
sciences,BLU,MIM,0.8,PGD,0.9,14.080882352941176,7.0,0,65
sciences,BLU,MIM,0.8,PGD,1.0,14.080882352941176,7.0,0,65
sciences,HTC,MIM,0.8,PGD,0.1,14.823529411764707,8.0,0,66
sciences,HTC,MIM,0.8,PGD,0.2,15.007352941176471,8.0,0,66
sciences,HTC,MIM,0.8,PGD,0.3,15.036764705882353,8.0,0,66
sciences,HTC,MIM,0.8,PGD,0.4,15.036764705882353,8.0,0,66
sciences,HTC,MIM,0.8,PGD,0.5,15.036764705882353,8.0,0,66
sciences,HTC,MIM,0.8,PGD,0.6,15.036764705882353,8.0,0,66
sciences,HTC,MIM,0.8,PGD,0.7,15.036764705882353,8.0,0,66
sciences,HTC,MIM,0.8,PGD,0.8,15.036764705882353,8.0,0,66
sciences,HTC,MIM,0.8,PGD,0.9,15.036764705882353,8.0,0,66
sciences,HTC,MIM,0.8,PGD,1.0,15.036764705882353,8.0,0,66
sciences,LG,MIM,0.8,PGD,0.1,13.720588235294118,6.0,0,66
sciences,LG,MIM,0.8,PGD,0.2,13.786764705882353,6.0,0,66
sciences,LG,MIM,0.8,PGD,0.3,13.889705882352942,6.0,0,66
sciences,LG,MIM,0.8,PGD,0.4,13.889705882352942,6.0,0,66
sciences,LG,MIM,0.8,PGD,0.5,13.889705882352942,6.0,0,66
sciences,LG,MIM,0.8,PGD,0.6,13.889705882352942,6.0,0,66
sciences,LG,MIM,0.8,PGD,0.7,13.889705882352942,6.0,0,66
sciences,LG,MIM,0.8,PGD,0.8,13.889705882352942,6.0,0,66
sciences,LG,MIM,0.8,PGD,0.9,13.889705882352942,6.0,0,66
sciences,LG,MIM,0.8,PGD,1.0,13.889705882352942,6.0,0,66
sciences,MOTO,MIM,0.8,PGD,0.1,12.625,7.0,0,66
sciences,MOTO,MIM,0.8,PGD,0.2,12.014705882352942,7.0,0,66
sciences,MOTO,MIM,0.8,PGD,0.3,12.058823529411764,7.0,0,66
sciences,MOTO,MIM,0.8,PGD,0.4,12.058823529411764,7.0,0,66
sciences,MOTO,MIM,0.8,PGD,0.5,12.058823529411764,7.0,0,66
sciences,MOTO,MIM,0.8,PGD,0.6,12.058823529411764,7.0,0,66
sciences,MOTO,MIM,0.8,PGD,0.7,12.058823529411764,7.0,0,66
sciences,MOTO,MIM,0.8,PGD,0.8,12.058823529411764,7.0,0,66
sciences,MOTO,MIM,0.8,PGD,0.9,12.058823529411764,7.0,0,66
sciences,MOTO,MIM,0.8,PGD,1.0,12.058823529411764,7.0,0,66
sciences,OP3,MIM,0.8,PGD,0.1,12.772058823529411,6.0,0,66
sciences,OP3,MIM,0.8,PGD,0.2,13.125,6.0,0,66
sciences,OP3,MIM,0.8,PGD,0.3,13.147058823529411,6.0,0,66
sciences,OP3,MIM,0.8,PGD,0.4,13.147058823529411,6.0,0,66
sciences,OP3,MIM,0.8,PGD,0.5,13.147058823529411,6.0,0,66
sciences,OP3,MIM,0.8,PGD,0.6,13.147058823529411,6.0,0,66
sciences,OP3,MIM,0.8,PGD,0.7,13.147058823529411,6.0,0,66
sciences,OP3,MIM,0.8,PGD,0.8,13.147058823529411,6.0,0,66
sciences,OP3,MIM,0.8,PGD,0.9,13.147058823529411,6.0,0,66
sciences,OP3,MIM,0.8,PGD,1.0,13.147058823529411,6.0,0,66
sciences,S7,MIM,0.8,PGD,0.1,12.441176470588236,6.5,0,66
sciences,S7,MIM,0.8,PGD,0.2,12.617647058823529,7.0,0,66
sciences,S7,MIM,0.8,PGD,0.3,12.654411764705882,7.0,0,66
sciences,S7,MIM,0.8,PGD,0.4,12.654411764705882,7.0,0,66
sciences,S7,MIM,0.8,PGD,0.5,12.654411764705882,7.0,0,66
sciences,S7,MIM,0.8,PGD,0.6,12.654411764705882,7.0,0,66
sciences,S7,MIM,0.8,PGD,0.7,12.654411764705882,7.0,0,66
sciences,S7,MIM,0.8,PGD,0.8,12.654411764705882,7.0,0,66
sciences,S7,MIM,0.8,PGD,0.9,12.654411764705882,7.0,0,66
sciences,S7,MIM,0.8,PGD,1.0,12.654411764705882,7.0,0,66
sciences,BLU,MIM,0.9,PGD,0.1,12.522058823529411,7.0,0,66
sciences,BLU,MIM,0.9,PGD,0.2,12.558823529411764,7.0,0,66
sciences,BLU,MIM,0.9,PGD,0.3,12.558823529411764,7.0,0,66
sciences,BLU,MIM,0.9,PGD,0.4,12.558823529411764,7.0,0,66
sciences,BLU,MIM,0.9,PGD,0.5,12.558823529411764,7.0,0,66
sciences,BLU,MIM,0.9,PGD,0.6,12.558823529411764,7.0,0,66
sciences,BLU,MIM,0.9,PGD,0.7,12.558823529411764,7.0,0,66
sciences,BLU,MIM,0.9,PGD,0.8,12.558823529411764,7.0,0,66
sciences,BLU,MIM,0.9,PGD,0.9,12.558823529411764,7.0,0,66
sciences,BLU,MIM,0.9,PGD,1.0,12.558823529411764,7.0,0,66
sciences,HTC,MIM,0.9,PGD,0.1,8.191176470588236,5.0,0,63
sciences,HTC,MIM,0.9,PGD,0.2,8.102941176470589,5.0,0,63
sciences,HTC,MIM,0.9,PGD,0.3,8.125,5.0,0,63
sciences,HTC,MIM,0.9,PGD,0.4,8.110294117647058,5.0,0,63
sciences,HTC,MIM,0.9,PGD,0.5,8.110294117647058,5.0,0,63
sciences,HTC,MIM,0.9,PGD,0.6,8.110294117647058,5.0,0,63
sciences,HTC,MIM,0.9,PGD,0.7,8.110294117647058,5.0,0,63
sciences,HTC,MIM,0.9,PGD,0.8,8.110294117647058,5.0,0,63
sciences,HTC,MIM,0.9,PGD,0.9,8.110294117647058,5.0,0,63
sciences,HTC,MIM,0.9,PGD,1.0,8.110294117647058,5.0,0,63
sciences,LG,MIM,0.9,PGD,0.1,8.286764705882353,5.0,0,64
sciences,LG,MIM,0.9,PGD,0.2,8.213235294117647,4.0,0,64
sciences,LG,MIM,0.9,PGD,0.3,8.242647058823529,4.5,0,64
sciences,LG,MIM,0.9,PGD,0.4,8.242647058823529,4.5,0,64
sciences,LG,MIM,0.9,PGD,0.5,8.242647058823529,4.5,0,64
sciences,LG,MIM,0.9,PGD,0.6,8.242647058823529,4.5,0,64
sciences,LG,MIM,0.9,PGD,0.7,8.242647058823529,4.5,0,64
sciences,LG,MIM,0.9,PGD,0.8,8.242647058823529,4.5,0,64
sciences,LG,MIM,0.9,PGD,0.9,8.242647058823529,4.5,0,64
sciences,LG,MIM,0.9,PGD,1.0,8.242647058823529,4.5,0,64
sciences,MOTO,MIM,0.9,PGD,0.1,8.647058823529411,5.0,0,64
sciences,MOTO,MIM,0.9,PGD,0.2,8.463235294117647,5.0,0,64
sciences,MOTO,MIM,0.9,PGD,0.3,8.463235294117647,5.0,0,64
sciences,MOTO,MIM,0.9,PGD,0.4,8.463235294117647,5.0,0,64
sciences,MOTO,MIM,0.9,PGD,0.5,8.463235294117647,5.0,0,64
sciences,MOTO,MIM,0.9,PGD,0.6,8.463235294117647,5.0,0,64
sciences,MOTO,MIM,0.9,PGD,0.7,8.463235294117647,5.0,0,64
sciences,MOTO,MIM,0.9,PGD,0.8,8.463235294117647,5.0,0,64
sciences,MOTO,MIM,0.9,PGD,0.9,8.463235294117647,5.0,0,64
sciences,MOTO,MIM,0.9,PGD,1.0,8.463235294117647,5.0,0,64
sciences,OP3,MIM,0.9,PGD,0.1,8.779411764705882,5.0,0,62
sciences,OP3,MIM,0.9,PGD,0.2,8.691176470588236,5.0,0,62
sciences,OP3,MIM,0.9,PGD,0.3,8.691176470588236,5.0,0,62
sciences,OP3,MIM,0.9,PGD,0.4,8.691176470588236,5.0,0,62
sciences,OP3,MIM,0.9,PGD,0.5,8.691176470588236,5.0,0,62
sciences,OP3,MIM,0.9,PGD,0.6,8.691176470588236,5.0,0,62
sciences,OP3,MIM,0.9,PGD,0.7,8.691176470588236,5.0,0,62
sciences,OP3,MIM,0.9,PGD,0.8,8.691176470588236,5.0,0,62
sciences,OP3,MIM,0.9,PGD,0.9,8.691176470588236,5.0,0,62
sciences,OP3,MIM,0.9,PGD,1.0,8.691176470588236,5.0,0,62
sciences,S7,MIM,0.9,PGD,0.1,8.294117647058824,5.0,0,64
sciences,S7,MIM,0.9,PGD,0.2,8.272058823529411,5.0,0,64
sciences,S7,MIM,0.9,PGD,0.3,8.272058823529411,5.0,0,64
sciences,S7,MIM,0.9,PGD,0.4,8.272058823529411,5.0,0,64
sciences,S7,MIM,0.9,PGD,0.5,8.272058823529411,5.0,0,64
sciences,S7,MIM,0.9,PGD,0.6,8.272058823529411,5.0,0,64
sciences,S7,MIM,0.9,PGD,0.7,8.272058823529411,5.0,0,64
sciences,S7,MIM,0.9,PGD,0.8,8.272058823529411,5.0,0,64
sciences,S7,MIM,0.9,PGD,0.9,8.272058823529411,5.0,0,64
sciences,S7,MIM,0.9,PGD,1.0,8.272058823529411,5.0,0,64
sciences,BLU,MIM,1.0,PGD,0.1,13.360294117647058,8.0,0,66
sciences,BLU,MIM,1.0,PGD,0.2,13.022058823529411,7.5,0,66
sciences,BLU,MIM,1.0,PGD,0.3,12.948529411764707,7.0,0,66
sciences,BLU,MIM,1.0,PGD,0.4,12.919117647058824,7.0,0,66
sciences,BLU,MIM,1.0,PGD,0.5,12.919117647058824,7.0,0,66
sciences,BLU,MIM,1.0,PGD,0.6,12.919117647058824,7.0,0,66
sciences,BLU,MIM,1.0,PGD,0.7,12.919117647058824,7.0,0,66
sciences,BLU,MIM,1.0,PGD,0.8,12.919117647058824,7.0,0,66
sciences,BLU,MIM,1.0,PGD,0.9,12.919117647058824,7.0,0,66
sciences,BLU,MIM,1.0,PGD,1.0,12.919117647058824,7.0,0,66
sciences,HTC,MIM,1.0,PGD,0.1,10.632352941176471,6.0,0,63
sciences,HTC,MIM,1.0,PGD,0.2,10.683823529411764,6.0,0,63
sciences,HTC,MIM,1.0,PGD,0.3,10.676470588235293,6.0,0,63
sciences,HTC,MIM,1.0,PGD,0.4,10.676470588235293,6.0,0,63
sciences,HTC,MIM,1.0,PGD,0.5,10.676470588235293,6.0,0,63
sciences,HTC,MIM,1.0,PGD,0.6,10.676470588235293,6.0,0,63
sciences,HTC,MIM,1.0,PGD,0.7,10.676470588235293,6.0,0,63
sciences,HTC,MIM,1.0,PGD,0.8,10.676470588235293,6.0,0,63
sciences,HTC,MIM,1.0,PGD,0.9,10.676470588235293,6.0,0,63
sciences,HTC,MIM,1.0,PGD,1.0,10.676470588235293,6.0,0,63
sciences,LG,MIM,1.0,PGD,0.1,9.338235294117647,4.5,0,64
sciences,LG,MIM,1.0,PGD,0.2,9.338235294117647,4.5,0,64
sciences,LG,MIM,1.0,PGD,0.3,9.264705882352942,4.0,0,64
sciences,LG,MIM,1.0,PGD,0.4,9.264705882352942,4.0,0,64
sciences,LG,MIM,1.0,PGD,0.5,9.264705882352942,4.0,0,64
sciences,LG,MIM,1.0,PGD,0.6,9.264705882352942,4.0,0,64
sciences,LG,MIM,1.0,PGD,0.7,9.264705882352942,4.0,0,64
sciences,LG,MIM,1.0,PGD,0.8,9.264705882352942,4.0,0,64
sciences,LG,MIM,1.0,PGD,0.9,9.264705882352942,4.0,0,64
sciences,LG,MIM,1.0,PGD,1.0,9.264705882352942,4.0,0,64
sciences,MOTO,MIM,1.0,PGD,0.1,7.926470588235294,5.0,0,52
sciences,MOTO,MIM,1.0,PGD,0.2,7.9338235294117645,5.0,0,52
sciences,MOTO,MIM,1.0,PGD,0.3,8.007352941176471,5.0,0,52
sciences,MOTO,MIM,1.0,PGD,0.4,7.985294117647059,5.0,0,52
sciences,MOTO,MIM,1.0,PGD,0.5,7.985294117647059,5.0,0,52
sciences,MOTO,MIM,1.0,PGD,0.6,7.985294117647059,5.0,0,52
sciences,MOTO,MIM,1.0,PGD,0.7,7.985294117647059,5.0,0,52
sciences,MOTO,MIM,1.0,PGD,0.8,7.985294117647059,5.0,0,52
sciences,MOTO,MIM,1.0,PGD,0.9,7.985294117647059,5.0,0,52
sciences,MOTO,MIM,1.0,PGD,1.0,7.985294117647059,5.0,0,52
sciences,OP3,MIM,1.0,PGD,0.1,9.492647058823529,5.0,0,60
sciences,OP3,MIM,1.0,PGD,0.2,9.654411764705882,5.0,0,60
sciences,OP3,MIM,1.0,PGD,0.3,9.661764705882353,5.0,0,60
sciences,OP3,MIM,1.0,PGD,0.4,9.661764705882353,5.0,0,60
sciences,OP3,MIM,1.0,PGD,0.5,9.661764705882353,5.0,0,60
sciences,OP3,MIM,1.0,PGD,0.6,9.661764705882353,5.0,0,60
sciences,OP3,MIM,1.0,PGD,0.7,9.661764705882353,5.0,0,60
sciences,OP3,MIM,1.0,PGD,0.8,9.661764705882353,5.0,0,60
sciences,OP3,MIM,1.0,PGD,0.9,9.661764705882353,5.0,0,60
sciences,OP3,MIM,1.0,PGD,1.0,9.661764705882353,5.0,0,60
sciences,S7,MIM,1.0,PGD,0.1,8.044117647058824,5.0,0,52
sciences,S7,MIM,1.0,PGD,0.2,8.198529411764707,5.0,0,52
sciences,S7,MIM,1.0,PGD,0.3,8.323529411764707,5.0,0,52
sciences,S7,MIM,1.0,PGD,0.4,8.323529411764707,5.0,0,52
sciences,S7,MIM,1.0,PGD,0.5,8.323529411764707,5.0,0,52
sciences,S7,MIM,1.0,PGD,0.6,8.323529411764707,5.0,0,52
sciences,S7,MIM,1.0,PGD,0.7,8.323529411764707,5.0,0,52
sciences,S7,MIM,1.0,PGD,0.8,8.323529411764707,5.0,0,52
sciences,S7,MIM,1.0,PGD,0.9,8.323529411764707,5.0,0,52
sciences,S7,MIM,1.0,PGD,1.0,8.323529411764707,5.0,0,52
sciences,BLU,BIM,0.1,PGD,0.1,15.411764705882353,8.0,0,66
sciences,BLU,BIM,0.1,PGD,0.2,15.235294117647058,8.0,0,66
sciences,BLU,BIM,0.1,PGD,0.3,15.235294117647058,8.0,0,66
sciences,BLU,BIM,0.1,PGD,0.4,15.235294117647058,8.0,0,66
sciences,BLU,BIM,0.1,PGD,0.5,15.235294117647058,8.0,0,66
sciences,BLU,BIM,0.1,PGD,0.6,15.235294117647058,8.0,0,66
sciences,BLU,BIM,0.1,PGD,0.7,15.235294117647058,8.0,0,66
sciences,BLU,BIM,0.1,PGD,0.8,15.235294117647058,8.0,0,66
sciences,BLU,BIM,0.1,PGD,0.9,15.235294117647058,8.0,0,66
sciences,BLU,BIM,0.1,PGD,1.0,15.235294117647058,8.0,0,66
sciences,HTC,BIM,0.1,PGD,0.1,10.029411764705882,6.0,0,62
sciences,HTC,BIM,0.1,PGD,0.2,9.919117647058824,6.0,0,62
sciences,HTC,BIM,0.1,PGD,0.3,9.919117647058824,6.0,0,62
sciences,HTC,BIM,0.1,PGD,0.4,9.919117647058824,6.0,0,62
sciences,HTC,BIM,0.1,PGD,0.5,9.919117647058824,6.0,0,62
sciences,HTC,BIM,0.1,PGD,0.6,9.919117647058824,6.0,0,62
sciences,HTC,BIM,0.1,PGD,0.7,9.919117647058824,6.0,0,62
sciences,HTC,BIM,0.1,PGD,0.8,9.919117647058824,6.0,0,62
sciences,HTC,BIM,0.1,PGD,0.9,9.919117647058824,6.0,0,62
sciences,HTC,BIM,0.1,PGD,1.0,9.919117647058824,6.0,0,62
sciences,LG,BIM,0.1,PGD,0.1,12.110294117647058,5.5,0,62
sciences,LG,BIM,0.1,PGD,0.2,12.022058823529411,5.0,0,62
sciences,LG,BIM,0.1,PGD,0.3,12.0,5.0,0,62
sciences,LG,BIM,0.1,PGD,0.4,12.0,5.0,0,62
sciences,LG,BIM,0.1,PGD,0.5,12.0,5.0,0,62
sciences,LG,BIM,0.1,PGD,0.6,12.0,5.0,0,62
sciences,LG,BIM,0.1,PGD,0.7,12.0,5.0,0,62
sciences,LG,BIM,0.1,PGD,0.8,12.0,5.0,0,62
sciences,LG,BIM,0.1,PGD,0.9,12.0,5.0,0,62
sciences,LG,BIM,0.1,PGD,1.0,12.0,5.0,0,62
sciences,MOTO,BIM,0.1,PGD,0.1,11.102941176470589,6.0,0,60
sciences,MOTO,BIM,0.1,PGD,0.2,10.889705882352942,6.0,0,60
sciences,MOTO,BIM,0.1,PGD,0.3,10.808823529411764,6.0,0,60
sciences,MOTO,BIM,0.1,PGD,0.4,10.808823529411764,6.0,0,60
sciences,MOTO,BIM,0.1,PGD,0.5,10.808823529411764,6.0,0,60
sciences,MOTO,BIM,0.1,PGD,0.6,10.808823529411764,6.0,0,60
sciences,MOTO,BIM,0.1,PGD,0.7,10.808823529411764,6.0,0,60
sciences,MOTO,BIM,0.1,PGD,0.8,10.808823529411764,6.0,0,60
sciences,MOTO,BIM,0.1,PGD,0.9,10.808823529411764,6.0,0,60
sciences,MOTO,BIM,0.1,PGD,1.0,10.808823529411764,6.0,0,60
sciences,OP3,BIM,0.1,PGD,0.1,11.786764705882353,6.0,0,62
sciences,OP3,BIM,0.1,PGD,0.2,11.977941176470589,6.0,0,62
sciences,OP3,BIM,0.1,PGD,0.3,11.977941176470589,6.0,0,62
sciences,OP3,BIM,0.1,PGD,0.4,11.977941176470589,6.0,0,62
sciences,OP3,BIM,0.1,PGD,0.5,11.977941176470589,6.0,0,62
sciences,OP3,BIM,0.1,PGD,0.6,11.977941176470589,6.0,0,62
sciences,OP3,BIM,0.1,PGD,0.7,11.977941176470589,6.0,0,62
sciences,OP3,BIM,0.1,PGD,0.8,11.977941176470589,6.0,0,62
sciences,OP3,BIM,0.1,PGD,0.9,11.977941176470589,6.0,0,62
sciences,OP3,BIM,0.1,PGD,1.0,11.977941176470589,6.0,0,62
sciences,S7,BIM,0.1,PGD,0.1,12.941176470588236,7.0,0,66
sciences,S7,BIM,0.1,PGD,0.2,13.198529411764707,7.0,0,66
sciences,S7,BIM,0.1,PGD,0.3,12.919117647058824,7.0,0,66
sciences,S7,BIM,0.1,PGD,0.4,12.919117647058824,7.0,0,66
sciences,S7,BIM,0.1,PGD,0.5,12.919117647058824,7.0,0,66
sciences,S7,BIM,0.1,PGD,0.6,12.919117647058824,7.0,0,66
sciences,S7,BIM,0.1,PGD,0.7,12.919117647058824,7.0,0,66
sciences,S7,BIM,0.1,PGD,0.8,12.919117647058824,7.0,0,66
sciences,S7,BIM,0.1,PGD,0.9,12.919117647058824,7.0,0,66
sciences,S7,BIM,0.1,PGD,1.0,12.919117647058824,7.0,0,66
sciences,BLU,BIM,0.2,PGD,0.1,17.08823529411765,12.0,0,66
sciences,BLU,BIM,0.2,PGD,0.2,17.823529411764707,12.0,0,66
sciences,BLU,BIM,0.2,PGD,0.3,17.794117647058822,12.0,0,66
sciences,BLU,BIM,0.2,PGD,0.4,17.794117647058822,12.0,0,66
sciences,BLU,BIM,0.2,PGD,0.5,17.794117647058822,12.0,0,66
sciences,BLU,BIM,0.2,PGD,0.6,17.794117647058822,12.0,0,66
sciences,BLU,BIM,0.2,PGD,0.7,17.794117647058822,12.0,0,66
sciences,BLU,BIM,0.2,PGD,0.8,17.794117647058822,12.0,0,66
sciences,BLU,BIM,0.2,PGD,0.9,17.794117647058822,12.0,0,66
sciences,BLU,BIM,0.2,PGD,1.0,17.794117647058822,12.0,0,66
sciences,HTC,BIM,0.2,PGD,0.1,10.257352941176471,6.0,0,66
sciences,HTC,BIM,0.2,PGD,0.2,10.558823529411764,6.0,0,66
sciences,HTC,BIM,0.2,PGD,0.3,10.661764705882353,6.0,0,66
sciences,HTC,BIM,0.2,PGD,0.4,10.661764705882353,6.0,0,66
sciences,HTC,BIM,0.2,PGD,0.5,10.661764705882353,6.0,0,66
sciences,HTC,BIM,0.2,PGD,0.6,10.661764705882353,6.0,0,66
sciences,HTC,BIM,0.2,PGD,0.7,10.661764705882353,6.0,0,66
sciences,HTC,BIM,0.2,PGD,0.8,10.661764705882353,6.0,0,66
sciences,HTC,BIM,0.2,PGD,0.9,10.661764705882353,6.0,0,66
sciences,HTC,BIM,0.2,PGD,1.0,10.661764705882353,6.0,0,66
sciences,LG,BIM,0.2,PGD,0.1,9.610294117647058,5.0,0,65
sciences,LG,BIM,0.2,PGD,0.2,10.198529411764707,5.0,0,65
sciences,LG,BIM,0.2,PGD,0.3,10.198529411764707,5.0,0,65
sciences,LG,BIM,0.2,PGD,0.4,10.198529411764707,5.0,0,65
sciences,LG,BIM,0.2,PGD,0.5,10.198529411764707,5.0,0,65
sciences,LG,BIM,0.2,PGD,0.6,10.198529411764707,5.0,0,65
sciences,LG,BIM,0.2,PGD,0.7,10.198529411764707,5.0,0,65
sciences,LG,BIM,0.2,PGD,0.8,10.198529411764707,5.0,0,65
sciences,LG,BIM,0.2,PGD,0.9,10.198529411764707,5.0,0,65
sciences,LG,BIM,0.2,PGD,1.0,10.198529411764707,5.0,0,65
sciences,MOTO,BIM,0.2,PGD,0.1,10.558823529411764,6.0,0,65
sciences,MOTO,BIM,0.2,PGD,0.2,10.919117647058824,6.0,0,65
sciences,MOTO,BIM,0.2,PGD,0.3,11.066176470588236,6.0,0,65
sciences,MOTO,BIM,0.2,PGD,0.4,11.066176470588236,6.0,0,65
sciences,MOTO,BIM,0.2,PGD,0.5,11.066176470588236,6.0,0,65
sciences,MOTO,BIM,0.2,PGD,0.6,11.066176470588236,6.0,0,65
sciences,MOTO,BIM,0.2,PGD,0.7,11.066176470588236,6.0,0,65
sciences,MOTO,BIM,0.2,PGD,0.8,11.066176470588236,6.0,0,65
sciences,MOTO,BIM,0.2,PGD,0.9,11.066176470588236,6.0,0,65
sciences,MOTO,BIM,0.2,PGD,1.0,11.066176470588236,6.0,0,65
sciences,OP3,BIM,0.2,PGD,0.1,13.220588235294118,7.5,0,63
sciences,OP3,BIM,0.2,PGD,0.2,13.735294117647058,7.5,0,63
sciences,OP3,BIM,0.2,PGD,0.3,13.735294117647058,8.0,0,63
sciences,OP3,BIM,0.2,PGD,0.4,13.735294117647058,8.0,0,63
sciences,OP3,BIM,0.2,PGD,0.5,13.735294117647058,8.0,0,63
sciences,OP3,BIM,0.2,PGD,0.6,13.735294117647058,8.0,0,63
sciences,OP3,BIM,0.2,PGD,0.7,13.735294117647058,8.0,0,63
sciences,OP3,BIM,0.2,PGD,0.8,13.735294117647058,8.0,0,63
sciences,OP3,BIM,0.2,PGD,0.9,13.735294117647058,8.0,0,63
sciences,OP3,BIM,0.2,PGD,1.0,13.735294117647058,8.0,0,63
sciences,S7,BIM,0.2,PGD,0.1,10.985294117647058,6.0,0,63
sciences,S7,BIM,0.2,PGD,0.2,11.220588235294118,6.0,0,63
sciences,S7,BIM,0.2,PGD,0.3,11.198529411764707,6.0,0,63
sciences,S7,BIM,0.2,PGD,0.4,11.198529411764707,6.0,0,63
sciences,S7,BIM,0.2,PGD,0.5,11.198529411764707,6.0,0,63
sciences,S7,BIM,0.2,PGD,0.6,11.198529411764707,6.0,0,63
sciences,S7,BIM,0.2,PGD,0.7,11.198529411764707,6.0,0,63
sciences,S7,BIM,0.2,PGD,0.8,11.198529411764707,6.0,0,63
sciences,S7,BIM,0.2,PGD,0.9,11.198529411764707,6.0,0,63
sciences,S7,BIM,0.2,PGD,1.0,11.198529411764707,6.0,0,63
sciences,BLU,BIM,0.3,PGD,0.1,12.536764705882353,9.0,0,66
sciences,BLU,BIM,0.3,PGD,0.2,12.433823529411764,9.0,0,66
sciences,BLU,BIM,0.3,PGD,0.3,12.397058823529411,9.0,0,66
sciences,BLU,BIM,0.3,PGD,0.4,12.397058823529411,9.0,0,66
sciences,BLU,BIM,0.3,PGD,0.5,12.397058823529411,9.0,0,66
sciences,BLU,BIM,0.3,PGD,0.6,12.397058823529411,9.0,0,66
sciences,BLU,BIM,0.3,PGD,0.7,12.397058823529411,9.0,0,66
sciences,BLU,BIM,0.3,PGD,0.8,12.397058823529411,9.0,0,66
sciences,BLU,BIM,0.3,PGD,0.9,12.397058823529411,9.0,0,66
sciences,BLU,BIM,0.3,PGD,1.0,12.397058823529411,9.0,0,66
sciences,HTC,BIM,0.3,PGD,0.1,10.0,5.0,0,63
sciences,HTC,BIM,0.3,PGD,0.2,9.588235294117647,5.0,0,63
sciences,HTC,BIM,0.3,PGD,0.3,9.588235294117647,5.0,0,63
sciences,HTC,BIM,0.3,PGD,0.4,9.588235294117647,5.0,0,63
sciences,HTC,BIM,0.3,PGD,0.5,9.588235294117647,5.0,0,63
sciences,HTC,BIM,0.3,PGD,0.6,9.588235294117647,5.0,0,63
sciences,HTC,BIM,0.3,PGD,0.7,9.588235294117647,5.0,0,63
sciences,HTC,BIM,0.3,PGD,0.8,9.588235294117647,5.0,0,63
sciences,HTC,BIM,0.3,PGD,0.9,9.588235294117647,5.0,0,63
sciences,HTC,BIM,0.3,PGD,1.0,9.588235294117647,5.0,0,63
sciences,LG,BIM,0.3,PGD,0.1,9.095588235294118,4.0,0,65
sciences,LG,BIM,0.3,PGD,0.2,9.0,4.0,0,65
sciences,LG,BIM,0.3,PGD,0.3,8.992647058823529,4.0,0,65
sciences,LG,BIM,0.3,PGD,0.4,8.992647058823529,4.0,0,65
sciences,LG,BIM,0.3,PGD,0.5,8.992647058823529,4.0,0,65
sciences,LG,BIM,0.3,PGD,0.6,8.992647058823529,4.0,0,65
sciences,LG,BIM,0.3,PGD,0.7,8.992647058823529,4.0,0,65
sciences,LG,BIM,0.3,PGD,0.8,8.992647058823529,4.0,0,65
sciences,LG,BIM,0.3,PGD,0.9,8.992647058823529,4.0,0,65
sciences,LG,BIM,0.3,PGD,1.0,8.992647058823529,4.0,0,65
sciences,MOTO,BIM,0.3,PGD,0.1,12.169117647058824,6.0,0,60
sciences,MOTO,BIM,0.3,PGD,0.2,12.264705882352942,6.0,0,60
sciences,MOTO,BIM,0.3,PGD,0.3,12.264705882352942,6.0,0,60
sciences,MOTO,BIM,0.3,PGD,0.4,12.264705882352942,6.0,0,60
sciences,MOTO,BIM,0.3,PGD,0.5,12.264705882352942,6.0,0,60
sciences,MOTO,BIM,0.3,PGD,0.6,12.264705882352942,6.0,0,60
sciences,MOTO,BIM,0.3,PGD,0.7,12.264705882352942,6.0,0,60
sciences,MOTO,BIM,0.3,PGD,0.8,12.264705882352942,6.0,0,60
sciences,MOTO,BIM,0.3,PGD,0.9,12.264705882352942,6.0,0,60
sciences,MOTO,BIM,0.3,PGD,1.0,12.264705882352942,6.0,0,60
sciences,OP3,BIM,0.3,PGD,0.1,10.882352941176471,6.0,0,61
sciences,OP3,BIM,0.3,PGD,0.2,10.845588235294118,6.0,0,63
sciences,OP3,BIM,0.3,PGD,0.3,10.845588235294118,6.0,0,63
sciences,OP3,BIM,0.3,PGD,0.4,10.845588235294118,6.0,0,63
sciences,OP3,BIM,0.3,PGD,0.5,10.845588235294118,6.0,0,63
sciences,OP3,BIM,0.3,PGD,0.6,10.845588235294118,6.0,0,63
sciences,OP3,BIM,0.3,PGD,0.7,10.845588235294118,6.0,0,63
sciences,OP3,BIM,0.3,PGD,0.8,10.845588235294118,6.0,0,63
sciences,OP3,BIM,0.3,PGD,0.9,10.845588235294118,6.0,0,63
sciences,OP3,BIM,0.3,PGD,1.0,10.845588235294118,6.0,0,63
sciences,S7,BIM,0.3,PGD,0.1,9.514705882352942,5.0,0,62
sciences,S7,BIM,0.3,PGD,0.2,9.397058823529411,5.0,0,62
sciences,S7,BIM,0.3,PGD,0.3,9.375,5.0,0,62
sciences,S7,BIM,0.3,PGD,0.4,9.264705882352942,5.0,0,62
sciences,S7,BIM,0.3,PGD,0.5,9.264705882352942,5.0,0,62
sciences,S7,BIM,0.3,PGD,0.6,9.264705882352942,5.0,0,62
sciences,S7,BIM,0.3,PGD,0.7,9.264705882352942,5.0,0,62
sciences,S7,BIM,0.3,PGD,0.8,9.264705882352942,5.0,0,62
sciences,S7,BIM,0.3,PGD,0.9,9.264705882352942,5.0,0,62
sciences,S7,BIM,0.3,PGD,1.0,9.264705882352942,5.0,0,62
sciences,BLU,BIM,0.4,PGD,0.1,17.058823529411764,10.0,0,66
sciences,BLU,BIM,0.4,PGD,0.2,16.78676470588235,9.5,0,66
sciences,BLU,BIM,0.4,PGD,0.3,16.823529411764707,9.5,0,66
sciences,BLU,BIM,0.4,PGD,0.4,16.78676470588235,9.5,0,66
sciences,BLU,BIM,0.4,PGD,0.5,16.78676470588235,9.5,0,66
sciences,BLU,BIM,0.4,PGD,0.6,16.78676470588235,9.5,0,66
sciences,BLU,BIM,0.4,PGD,0.7,16.78676470588235,9.5,0,66
sciences,BLU,BIM,0.4,PGD,0.8,16.78676470588235,9.5,0,66
sciences,BLU,BIM,0.4,PGD,0.9,16.78676470588235,9.5,0,66
sciences,BLU,BIM,0.4,PGD,1.0,16.78676470588235,9.5,0,66
sciences,HTC,BIM,0.4,PGD,0.1,11.816176470588236,5.0,0,67
sciences,HTC,BIM,0.4,PGD,0.2,11.772058823529411,5.0,0,67
sciences,HTC,BIM,0.4,PGD,0.3,11.772058823529411,5.0,0,67
sciences,HTC,BIM,0.4,PGD,0.4,11.772058823529411,5.0,0,67
sciences,HTC,BIM,0.4,PGD,0.5,11.772058823529411,5.0,0,67
sciences,HTC,BIM,0.4,PGD,0.6,11.772058823529411,5.0,0,67
sciences,HTC,BIM,0.4,PGD,0.7,11.772058823529411,5.0,0,67
sciences,HTC,BIM,0.4,PGD,0.8,11.772058823529411,5.0,0,67
sciences,HTC,BIM,0.4,PGD,0.9,11.772058823529411,5.0,0,67
sciences,HTC,BIM,0.4,PGD,1.0,11.772058823529411,5.0,0,67
sciences,LG,BIM,0.4,PGD,0.1,8.066176470588236,5.0,0,66
sciences,LG,BIM,0.4,PGD,0.2,8.345588235294118,5.0,0,66
sciences,LG,BIM,0.4,PGD,0.3,8.316176470588236,5.0,0,66
sciences,LG,BIM,0.4,PGD,0.4,8.316176470588236,5.0,0,66
sciences,LG,BIM,0.4,PGD,0.5,8.316176470588236,5.0,0,66
sciences,LG,BIM,0.4,PGD,0.6,8.316176470588236,5.0,0,66
sciences,LG,BIM,0.4,PGD,0.7,8.316176470588236,5.0,0,66
sciences,LG,BIM,0.4,PGD,0.8,8.316176470588236,5.0,0,66
sciences,LG,BIM,0.4,PGD,0.9,8.316176470588236,5.0,0,66
sciences,LG,BIM,0.4,PGD,1.0,8.316176470588236,5.0,0,66
sciences,MOTO,BIM,0.4,PGD,0.1,13.772058823529411,5.0,0,67
sciences,MOTO,BIM,0.4,PGD,0.2,13.720588235294118,5.0,0,67
sciences,MOTO,BIM,0.4,PGD,0.3,13.786764705882353,5.0,0,67
sciences,MOTO,BIM,0.4,PGD,0.4,13.786764705882353,5.0,0,67
sciences,MOTO,BIM,0.4,PGD,0.5,13.786764705882353,5.0,0,67
sciences,MOTO,BIM,0.4,PGD,0.6,13.786764705882353,5.0,0,67
sciences,MOTO,BIM,0.4,PGD,0.7,13.786764705882353,5.0,0,67
sciences,MOTO,BIM,0.4,PGD,0.8,13.786764705882353,5.0,0,67
sciences,MOTO,BIM,0.4,PGD,0.9,13.786764705882353,5.0,0,67
sciences,MOTO,BIM,0.4,PGD,1.0,13.786764705882353,5.0,0,67
sciences,OP3,BIM,0.4,PGD,0.1,11.852941176470589,6.0,0,63
sciences,OP3,BIM,0.4,PGD,0.2,12.257352941176471,6.0,0,63
sciences,OP3,BIM,0.4,PGD,0.3,12.301470588235293,6.0,0,63
sciences,OP3,BIM,0.4,PGD,0.4,12.242647058823529,6.0,0,63
sciences,OP3,BIM,0.4,PGD,0.5,12.242647058823529,6.0,0,63
sciences,OP3,BIM,0.4,PGD,0.6,12.242647058823529,6.0,0,63
sciences,OP3,BIM,0.4,PGD,0.7,12.242647058823529,6.0,0,63
sciences,OP3,BIM,0.4,PGD,0.8,12.242647058823529,6.0,0,63
sciences,OP3,BIM,0.4,PGD,0.9,12.242647058823529,6.0,0,63
sciences,OP3,BIM,0.4,PGD,1.0,12.242647058823529,6.0,0,63
sciences,S7,BIM,0.4,PGD,0.1,10.882352941176471,6.0,0,67
sciences,S7,BIM,0.4,PGD,0.2,10.514705882352942,6.0,0,67
sciences,S7,BIM,0.4,PGD,0.3,10.5,6.0,0,67
sciences,S7,BIM,0.4,PGD,0.4,10.5,6.0,0,67
sciences,S7,BIM,0.4,PGD,0.5,10.5,6.0,0,67
sciences,S7,BIM,0.4,PGD,0.6,10.5,6.0,0,67
sciences,S7,BIM,0.4,PGD,0.7,10.5,6.0,0,67
sciences,S7,BIM,0.4,PGD,0.8,10.5,6.0,0,67
sciences,S7,BIM,0.4,PGD,0.9,10.5,6.0,0,67
sciences,S7,BIM,0.4,PGD,1.0,10.5,6.0,0,67
sciences,BLU,BIM,0.5,PGD,0.1,13.352941176470589,9.0,0,62
sciences,BLU,BIM,0.5,PGD,0.2,13.25,8.5,0,62
sciences,BLU,BIM,0.5,PGD,0.3,13.330882352941176,8.5,0,62
sciences,BLU,BIM,0.5,PGD,0.4,13.330882352941176,8.5,0,62
sciences,BLU,BIM,0.5,PGD,0.5,13.330882352941176,8.5,0,62
sciences,BLU,BIM,0.5,PGD,0.6,13.330882352941176,8.5,0,62
sciences,BLU,BIM,0.5,PGD,0.7,13.330882352941176,8.5,0,62
sciences,BLU,BIM,0.5,PGD,0.8,13.330882352941176,8.5,0,62
sciences,BLU,BIM,0.5,PGD,0.9,13.330882352941176,8.5,0,62
sciences,BLU,BIM,0.5,PGD,1.0,13.330882352941176,8.5,0,62
sciences,HTC,BIM,0.5,PGD,0.1,12.470588235294118,6.0,0,56
sciences,HTC,BIM,0.5,PGD,0.2,12.691176470588236,6.0,0,62
sciences,HTC,BIM,0.5,PGD,0.3,12.779411764705882,6.0,0,62
sciences,HTC,BIM,0.5,PGD,0.4,12.779411764705882,6.0,0,62
sciences,HTC,BIM,0.5,PGD,0.5,12.779411764705882,6.0,0,62
sciences,HTC,BIM,0.5,PGD,0.6,12.779411764705882,6.0,0,62
sciences,HTC,BIM,0.5,PGD,0.7,12.779411764705882,6.0,0,62
sciences,HTC,BIM,0.5,PGD,0.8,12.779411764705882,6.0,0,62
sciences,HTC,BIM,0.5,PGD,0.9,12.779411764705882,6.0,0,62
sciences,HTC,BIM,0.5,PGD,1.0,12.779411764705882,6.0,0,62
sciences,LG,BIM,0.5,PGD,0.1,10.977941176470589,6.5,0,65
sciences,LG,BIM,0.5,PGD,0.2,11.558823529411764,7.0,0,65
sciences,LG,BIM,0.5,PGD,0.3,11.558823529411764,7.0,0,65
sciences,LG,BIM,0.5,PGD,0.4,11.558823529411764,7.0,0,65
sciences,LG,BIM,0.5,PGD,0.5,11.558823529411764,7.0,0,65
sciences,LG,BIM,0.5,PGD,0.6,11.558823529411764,7.0,0,65
sciences,LG,BIM,0.5,PGD,0.7,11.558823529411764,7.0,0,65
sciences,LG,BIM,0.5,PGD,0.8,11.558823529411764,7.0,0,65
sciences,LG,BIM,0.5,PGD,0.9,11.558823529411764,7.0,0,65
sciences,LG,BIM,0.5,PGD,1.0,11.558823529411764,7.0,0,65
sciences,MOTO,BIM,0.5,PGD,0.1,13.477941176470589,8.0,0,60
sciences,MOTO,BIM,0.5,PGD,0.2,14.066176470588236,8.0,0,61
sciences,MOTO,BIM,0.5,PGD,0.3,14.066176470588236,8.0,0,61
sciences,MOTO,BIM,0.5,PGD,0.4,14.066176470588236,8.0,0,61
sciences,MOTO,BIM,0.5,PGD,0.5,14.066176470588236,8.0,0,61
sciences,MOTO,BIM,0.5,PGD,0.6,14.066176470588236,8.0,0,61
sciences,MOTO,BIM,0.5,PGD,0.7,14.066176470588236,8.0,0,61
sciences,MOTO,BIM,0.5,PGD,0.8,14.066176470588236,8.0,0,61
sciences,MOTO,BIM,0.5,PGD,0.9,14.066176470588236,8.0,0,61
sciences,MOTO,BIM,0.5,PGD,1.0,14.066176470588236,8.0,0,61
sciences,OP3,BIM,0.5,PGD,0.1,12.507352941176471,6.0,0,61
sciences,OP3,BIM,0.5,PGD,0.2,12.764705882352942,6.0,0,61
sciences,OP3,BIM,0.5,PGD,0.3,13.029411764705882,6.0,0,61
sciences,OP3,BIM,0.5,PGD,0.4,13.051470588235293,6.0,0,61
sciences,OP3,BIM,0.5,PGD,0.5,13.051470588235293,6.0,0,61
sciences,OP3,BIM,0.5,PGD,0.6,13.051470588235293,6.0,0,61
sciences,OP3,BIM,0.5,PGD,0.7,13.051470588235293,6.0,0,61
sciences,OP3,BIM,0.5,PGD,0.8,13.051470588235293,6.0,0,61
sciences,OP3,BIM,0.5,PGD,0.9,13.051470588235293,6.0,0,61
sciences,OP3,BIM,0.5,PGD,1.0,13.051470588235293,6.0,0,61
sciences,S7,BIM,0.5,PGD,0.1,11.169117647058824,5.0,0,61
sciences,S7,BIM,0.5,PGD,0.2,11.411764705882353,5.0,0,61
sciences,S7,BIM,0.5,PGD,0.3,11.492647058823529,5.0,0,61
sciences,S7,BIM,0.5,PGD,0.4,11.492647058823529,5.0,0,61
sciences,S7,BIM,0.5,PGD,0.5,11.492647058823529,5.0,0,61
sciences,S7,BIM,0.5,PGD,0.6,11.492647058823529,5.0,0,61
sciences,S7,BIM,0.5,PGD,0.7,11.492647058823529,5.0,0,61
sciences,S7,BIM,0.5,PGD,0.8,11.492647058823529,5.0,0,61
sciences,S7,BIM,0.5,PGD,0.9,11.492647058823529,5.0,0,61
sciences,S7,BIM,0.5,PGD,1.0,11.492647058823529,5.0,0,61
sciences,BLU,BIM,0.6,PGD,0.1,16.71323529411765,9.0,0,66
sciences,BLU,BIM,0.6,PGD,0.2,16.602941176470587,9.0,0,66
sciences,BLU,BIM,0.6,PGD,0.3,16.602941176470587,9.0,0,66
sciences,BLU,BIM,0.6,PGD,0.4,16.602941176470587,9.0,0,66
sciences,BLU,BIM,0.6,PGD,0.5,16.602941176470587,9.0,0,66
sciences,BLU,BIM,0.6,PGD,0.6,16.602941176470587,9.0,0,66
sciences,BLU,BIM,0.6,PGD,0.7,16.602941176470587,9.0,0,66
sciences,BLU,BIM,0.6,PGD,0.8,16.602941176470587,9.0,0,66
sciences,BLU,BIM,0.6,PGD,0.9,16.602941176470587,9.0,0,66
sciences,BLU,BIM,0.6,PGD,1.0,16.602941176470587,9.0,0,66
sciences,HTC,BIM,0.6,PGD,0.1,10.933823529411764,6.0,0,64
sciences,HTC,BIM,0.6,PGD,0.2,11.639705882352942,7.0,0,64
sciences,HTC,BIM,0.6,PGD,0.3,11.625,7.0,0,64
sciences,HTC,BIM,0.6,PGD,0.4,11.625,7.0,0,64
sciences,HTC,BIM,0.6,PGD,0.5,11.625,7.0,0,64
sciences,HTC,BIM,0.6,PGD,0.6,11.625,7.0,0,64
sciences,HTC,BIM,0.6,PGD,0.7,11.625,7.0,0,64
sciences,HTC,BIM,0.6,PGD,0.8,11.625,7.0,0,64
sciences,HTC,BIM,0.6,PGD,0.9,11.625,7.0,0,64
sciences,HTC,BIM,0.6,PGD,1.0,11.625,7.0,0,64
sciences,LG,BIM,0.6,PGD,0.1,10.227941176470589,5.0,0,64
sciences,LG,BIM,0.6,PGD,0.2,10.639705882352942,5.0,0,64
sciences,LG,BIM,0.6,PGD,0.3,10.632352941176471,5.0,0,64
sciences,LG,BIM,0.6,PGD,0.4,10.632352941176471,5.0,0,64
sciences,LG,BIM,0.6,PGD,0.5,10.632352941176471,5.0,0,64
sciences,LG,BIM,0.6,PGD,0.6,10.632352941176471,5.0,0,64
sciences,LG,BIM,0.6,PGD,0.7,10.632352941176471,5.0,0,64
sciences,LG,BIM,0.6,PGD,0.8,10.632352941176471,5.0,0,64
sciences,LG,BIM,0.6,PGD,0.9,10.632352941176471,5.0,0,64
sciences,LG,BIM,0.6,PGD,1.0,10.632352941176471,5.0,0,64
sciences,MOTO,BIM,0.6,PGD,0.1,12.360294117647058,9.0,0,60
sciences,MOTO,BIM,0.6,PGD,0.2,12.205882352941176,9.0,0,60
sciences,MOTO,BIM,0.6,PGD,0.3,12.25,9.0,0,60
sciences,MOTO,BIM,0.6,PGD,0.4,12.25,9.0,0,60
sciences,MOTO,BIM,0.6,PGD,0.5,12.25,9.0,0,60
sciences,MOTO,BIM,0.6,PGD,0.6,12.25,9.0,0,60
sciences,MOTO,BIM,0.6,PGD,0.7,12.25,9.0,0,60
sciences,MOTO,BIM,0.6,PGD,0.8,12.25,9.0,0,60
sciences,MOTO,BIM,0.6,PGD,0.9,12.25,9.0,0,60
sciences,MOTO,BIM,0.6,PGD,1.0,12.25,9.0,0,60
sciences,OP3,BIM,0.6,PGD,0.1,12.272058823529411,6.0,0,64
sciences,OP3,BIM,0.6,PGD,0.2,12.485294117647058,6.0,0,64
sciences,OP3,BIM,0.6,PGD,0.3,12.485294117647058,6.0,0,64
sciences,OP3,BIM,0.6,PGD,0.4,12.477941176470589,6.0,0,64
sciences,OP3,BIM,0.6,PGD,0.5,12.477941176470589,6.0,0,64
sciences,OP3,BIM,0.6,PGD,0.6,12.477941176470589,6.0,0,64
sciences,OP3,BIM,0.6,PGD,0.7,12.477941176470589,6.0,0,64
sciences,OP3,BIM,0.6,PGD,0.8,12.477941176470589,6.0,0,64
sciences,OP3,BIM,0.6,PGD,0.9,12.477941176470589,6.0,0,64
sciences,OP3,BIM,0.6,PGD,1.0,12.477941176470589,6.0,0,64
sciences,S7,BIM,0.6,PGD,0.1,10.426470588235293,6.0,0,64
sciences,S7,BIM,0.6,PGD,0.2,11.102941176470589,6.0,0,64
sciences,S7,BIM,0.6,PGD,0.3,11.088235294117647,6.0,0,64
sciences,S7,BIM,0.6,PGD,0.4,11.088235294117647,6.0,0,64
sciences,S7,BIM,0.6,PGD,0.5,11.088235294117647,6.0,0,64
sciences,S7,BIM,0.6,PGD,0.6,11.088235294117647,6.0,0,64
sciences,S7,BIM,0.6,PGD,0.7,11.088235294117647,6.0,0,64
sciences,S7,BIM,0.6,PGD,0.8,11.088235294117647,6.0,0,64
sciences,S7,BIM,0.6,PGD,0.9,11.088235294117647,6.0,0,64
sciences,S7,BIM,0.6,PGD,1.0,11.088235294117647,6.0,0,64
sciences,BLU,BIM,0.7,PGD,0.1,15.213235294117647,8.0,0,64
sciences,BLU,BIM,0.7,PGD,0.2,15.191176470588236,8.5,0,64
sciences,BLU,BIM,0.7,PGD,0.3,15.235294117647058,8.5,0,64
sciences,BLU,BIM,0.7,PGD,0.4,15.235294117647058,8.5,0,64
sciences,BLU,BIM,0.7,PGD,0.5,15.235294117647058,8.5,0,64
sciences,BLU,BIM,0.7,PGD,0.6,15.235294117647058,8.5,0,64
sciences,BLU,BIM,0.7,PGD,0.7,15.235294117647058,8.5,0,64
sciences,BLU,BIM,0.7,PGD,0.8,15.235294117647058,8.5,0,64
sciences,BLU,BIM,0.7,PGD,0.9,15.235294117647058,8.5,0,64
sciences,BLU,BIM,0.7,PGD,1.0,15.235294117647058,8.5,0,64
sciences,HTC,BIM,0.7,PGD,0.1,10.0,6.0,0,63
sciences,HTC,BIM,0.7,PGD,0.2,10.404411764705882,6.5,0,63
sciences,HTC,BIM,0.7,PGD,0.3,10.404411764705882,6.5,0,63
sciences,HTC,BIM,0.7,PGD,0.4,10.404411764705882,6.5,0,63
sciences,HTC,BIM,0.7,PGD,0.5,10.404411764705882,6.5,0,63
sciences,HTC,BIM,0.7,PGD,0.6,10.404411764705882,6.5,0,63
sciences,HTC,BIM,0.7,PGD,0.7,10.404411764705882,6.5,0,63
sciences,HTC,BIM,0.7,PGD,0.8,10.404411764705882,6.5,0,63
sciences,HTC,BIM,0.7,PGD,0.9,10.404411764705882,6.5,0,63
sciences,HTC,BIM,0.7,PGD,1.0,10.404411764705882,6.5,0,63
sciences,LG,BIM,0.7,PGD,0.1,10.125,4.5,0,63
sciences,LG,BIM,0.7,PGD,0.2,10.198529411764707,4.5,0,63
sciences,LG,BIM,0.7,PGD,0.3,10.198529411764707,4.5,0,63
sciences,LG,BIM,0.7,PGD,0.4,10.198529411764707,4.5,0,63
sciences,LG,BIM,0.7,PGD,0.5,10.198529411764707,4.5,0,63
sciences,LG,BIM,0.7,PGD,0.6,10.198529411764707,4.5,0,63
sciences,LG,BIM,0.7,PGD,0.7,10.198529411764707,4.5,0,63
sciences,LG,BIM,0.7,PGD,0.8,10.198529411764707,4.5,0,63
sciences,LG,BIM,0.7,PGD,0.9,10.198529411764707,4.5,0,63
sciences,LG,BIM,0.7,PGD,1.0,10.198529411764707,4.5,0,63
sciences,MOTO,BIM,0.7,PGD,0.1,8.985294117647058,5.0,0,62
sciences,MOTO,BIM,0.7,PGD,0.2,9.507352941176471,5.0,0,62
sciences,MOTO,BIM,0.7,PGD,0.3,9.507352941176471,5.0,0,62
sciences,MOTO,BIM,0.7,PGD,0.4,9.507352941176471,5.0,0,62
sciences,MOTO,BIM,0.7,PGD,0.5,9.507352941176471,5.0,0,62
sciences,MOTO,BIM,0.7,PGD,0.6,9.507352941176471,5.0,0,62
sciences,MOTO,BIM,0.7,PGD,0.7,9.507352941176471,5.0,0,62
sciences,MOTO,BIM,0.7,PGD,0.8,9.507352941176471,5.0,0,62
sciences,MOTO,BIM,0.7,PGD,0.9,9.507352941176471,5.0,0,62
sciences,MOTO,BIM,0.7,PGD,1.0,9.507352941176471,5.0,0,62
sciences,OP3,BIM,0.7,PGD,0.1,9.625,5.0,0,63
sciences,OP3,BIM,0.7,PGD,0.2,9.794117647058824,5.0,0,63
sciences,OP3,BIM,0.7,PGD,0.3,9.742647058823529,5.0,0,63
sciences,OP3,BIM,0.7,PGD,0.4,9.742647058823529,5.0,0,63
sciences,OP3,BIM,0.7,PGD,0.5,9.742647058823529,5.0,0,63
sciences,OP3,BIM,0.7,PGD,0.6,9.742647058823529,5.0,0,63
sciences,OP3,BIM,0.7,PGD,0.7,9.742647058823529,5.0,0,63
sciences,OP3,BIM,0.7,PGD,0.8,9.742647058823529,5.0,0,63
sciences,OP3,BIM,0.7,PGD,0.9,9.742647058823529,5.0,0,63
sciences,OP3,BIM,0.7,PGD,1.0,9.742647058823529,5.0,0,63
sciences,S7,BIM,0.7,PGD,0.1,8.448529411764707,5.0,0,63
sciences,S7,BIM,0.7,PGD,0.2,8.485294117647058,5.0,0,63
sciences,S7,BIM,0.7,PGD,0.3,8.507352941176471,5.0,0,63
sciences,S7,BIM,0.7,PGD,0.4,8.507352941176471,5.0,0,63
sciences,S7,BIM,0.7,PGD,0.5,8.507352941176471,5.0,0,63
sciences,S7,BIM,0.7,PGD,0.6,8.507352941176471,5.0,0,63
sciences,S7,BIM,0.7,PGD,0.7,8.507352941176471,5.0,0,63
sciences,S7,BIM,0.7,PGD,0.8,8.507352941176471,5.0,0,63
sciences,S7,BIM,0.7,PGD,0.9,8.507352941176471,5.0,0,63
sciences,S7,BIM,0.7,PGD,1.0,8.507352941176471,5.0,0,63
sciences,BLU,BIM,0.8,PGD,0.1,17.330882352941178,9.0,0,66
sciences,BLU,BIM,0.8,PGD,0.2,17.28676470588235,8.5,0,66
sciences,BLU,BIM,0.8,PGD,0.3,17.28676470588235,8.5,0,66
sciences,BLU,BIM,0.8,PGD,0.4,17.28676470588235,8.5,0,66
sciences,BLU,BIM,0.8,PGD,0.5,17.28676470588235,8.5,0,66
sciences,BLU,BIM,0.8,PGD,0.6,17.28676470588235,8.5,0,66
sciences,BLU,BIM,0.8,PGD,0.7,17.28676470588235,8.5,0,66
sciences,BLU,BIM,0.8,PGD,0.8,17.28676470588235,8.5,0,66
sciences,BLU,BIM,0.8,PGD,0.9,17.28676470588235,8.5,0,66
sciences,BLU,BIM,0.8,PGD,1.0,17.28676470588235,8.5,0,66
sciences,HTC,BIM,0.8,PGD,0.1,13.941176470588236,9.0,0,63
sciences,HTC,BIM,0.8,PGD,0.2,14.213235294117647,9.0,0,63
sciences,HTC,BIM,0.8,PGD,0.3,14.213235294117647,9.0,0,63
sciences,HTC,BIM,0.8,PGD,0.4,14.213235294117647,9.0,0,63
sciences,HTC,BIM,0.8,PGD,0.5,14.213235294117647,9.0,0,63
sciences,HTC,BIM,0.8,PGD,0.6,14.213235294117647,9.0,0,63
sciences,HTC,BIM,0.8,PGD,0.7,14.213235294117647,9.0,0,63
sciences,HTC,BIM,0.8,PGD,0.8,14.213235294117647,9.0,0,63
sciences,HTC,BIM,0.8,PGD,0.9,14.213235294117647,9.0,0,63
sciences,HTC,BIM,0.8,PGD,1.0,14.213235294117647,9.0,0,63
sciences,LG,BIM,0.8,PGD,0.1,9.889705882352942,5.0,0,65
sciences,LG,BIM,0.8,PGD,0.2,10.058823529411764,5.0,0,65
sciences,LG,BIM,0.8,PGD,0.3,10.073529411764707,5.0,0,65
sciences,LG,BIM,0.8,PGD,0.4,10.073529411764707,5.0,0,65
sciences,LG,BIM,0.8,PGD,0.5,10.073529411764707,5.0,0,65
sciences,LG,BIM,0.8,PGD,0.6,10.073529411764707,5.0,0,65
sciences,LG,BIM,0.8,PGD,0.7,10.073529411764707,5.0,0,65
sciences,LG,BIM,0.8,PGD,0.8,10.073529411764707,5.0,0,65
sciences,LG,BIM,0.8,PGD,0.9,10.073529411764707,5.0,0,65
sciences,LG,BIM,0.8,PGD,1.0,10.073529411764707,5.0,0,65
sciences,MOTO,BIM,0.8,PGD,0.1,15.029411764705882,7.0,0,65
sciences,MOTO,BIM,0.8,PGD,0.2,15.382352941176471,7.5,0,65
sciences,MOTO,BIM,0.8,PGD,0.3,15.382352941176471,7.5,0,65
sciences,MOTO,BIM,0.8,PGD,0.4,15.382352941176471,7.5,0,65
sciences,MOTO,BIM,0.8,PGD,0.5,15.382352941176471,7.5,0,65
sciences,MOTO,BIM,0.8,PGD,0.6,15.382352941176471,7.5,0,65
sciences,MOTO,BIM,0.8,PGD,0.7,15.382352941176471,7.5,0,65
sciences,MOTO,BIM,0.8,PGD,0.8,15.382352941176471,7.5,0,65
sciences,MOTO,BIM,0.8,PGD,0.9,15.382352941176471,7.5,0,65
sciences,MOTO,BIM,0.8,PGD,1.0,15.382352941176471,7.5,0,65
sciences,OP3,BIM,0.8,PGD,0.1,14.698529411764707,6.0,0,64
sciences,OP3,BIM,0.8,PGD,0.2,14.382352941176471,6.0,0,64
sciences,OP3,BIM,0.8,PGD,0.3,14.382352941176471,6.0,0,64
sciences,OP3,BIM,0.8,PGD,0.4,14.382352941176471,6.0,0,64
sciences,OP3,BIM,0.8,PGD,0.5,14.382352941176471,6.0,0,64
sciences,OP3,BIM,0.8,PGD,0.6,14.382352941176471,6.0,0,64
sciences,OP3,BIM,0.8,PGD,0.7,14.382352941176471,6.0,0,64
sciences,OP3,BIM,0.8,PGD,0.8,14.382352941176471,6.0,0,64
sciences,OP3,BIM,0.8,PGD,0.9,14.382352941176471,6.0,0,64
sciences,OP3,BIM,0.8,PGD,1.0,14.382352941176471,6.0,0,64
sciences,S7,BIM,0.8,PGD,0.1,12.308823529411764,6.0,0,63
sciences,S7,BIM,0.8,PGD,0.2,13.161764705882353,7.0,0,63
sciences,S7,BIM,0.8,PGD,0.3,12.338235294117647,6.0,0,63
sciences,S7,BIM,0.8,PGD,0.4,12.338235294117647,6.0,0,63
sciences,S7,BIM,0.8,PGD,0.5,12.338235294117647,6.0,0,63
sciences,S7,BIM,0.8,PGD,0.6,12.338235294117647,6.0,0,63
sciences,S7,BIM,0.8,PGD,0.7,12.338235294117647,6.0,0,63
sciences,S7,BIM,0.8,PGD,0.8,12.338235294117647,6.0,0,63
sciences,S7,BIM,0.8,PGD,0.9,12.338235294117647,6.0,0,63
sciences,S7,BIM,0.8,PGD,1.0,12.338235294117647,6.0,0,63
sciences,BLU,BIM,0.9,PGD,0.1,13.830882352941176,9.0,0,64
sciences,BLU,BIM,0.9,PGD,0.2,14.169117647058824,9.0,0,64
sciences,BLU,BIM,0.9,PGD,0.3,14.169117647058824,9.0,0,64
sciences,BLU,BIM,0.9,PGD,0.4,14.169117647058824,9.0,0,64
sciences,BLU,BIM,0.9,PGD,0.5,14.169117647058824,9.0,0,64
sciences,BLU,BIM,0.9,PGD,0.6,14.169117647058824,9.0,0,64
sciences,BLU,BIM,0.9,PGD,0.7,14.169117647058824,9.0,0,64
sciences,BLU,BIM,0.9,PGD,0.8,14.169117647058824,9.0,0,64
sciences,BLU,BIM,0.9,PGD,0.9,14.169117647058824,9.0,0,64
sciences,BLU,BIM,0.9,PGD,1.0,14.169117647058824,9.0,0,64
sciences,HTC,BIM,0.9,PGD,0.1,11.705882352941176,5.0,0,60
sciences,HTC,BIM,0.9,PGD,0.2,11.860294117647058,5.0,0,60
sciences,HTC,BIM,0.9,PGD,0.3,11.889705882352942,5.5,0,60
sciences,HTC,BIM,0.9,PGD,0.4,11.889705882352942,5.5,0,60
sciences,HTC,BIM,0.9,PGD,0.5,11.889705882352942,5.5,0,60
sciences,HTC,BIM,0.9,PGD,0.6,11.889705882352942,5.5,0,60
sciences,HTC,BIM,0.9,PGD,0.7,11.889705882352942,5.5,0,60
sciences,HTC,BIM,0.9,PGD,0.8,11.889705882352942,5.5,0,60
sciences,HTC,BIM,0.9,PGD,0.9,11.889705882352942,5.5,0,60
sciences,HTC,BIM,0.9,PGD,1.0,11.889705882352942,5.5,0,60
sciences,LG,BIM,0.9,PGD,0.1,9.816176470588236,5.5,0,64
sciences,LG,BIM,0.9,PGD,0.2,10.242647058823529,6.0,0,64
sciences,LG,BIM,0.9,PGD,0.3,10.139705882352942,5.5,0,64
sciences,LG,BIM,0.9,PGD,0.4,10.139705882352942,5.5,0,64
sciences,LG,BIM,0.9,PGD,0.5,10.139705882352942,5.5,0,64
sciences,LG,BIM,0.9,PGD,0.6,10.139705882352942,5.5,0,64
sciences,LG,BIM,0.9,PGD,0.7,10.139705882352942,5.5,0,64
sciences,LG,BIM,0.9,PGD,0.8,10.139705882352942,5.5,0,64
sciences,LG,BIM,0.9,PGD,0.9,10.139705882352942,5.5,0,64
sciences,LG,BIM,0.9,PGD,1.0,10.139705882352942,5.5,0,64
sciences,MOTO,BIM,0.9,PGD,0.1,11.654411764705882,6.0,0,63
sciences,MOTO,BIM,0.9,PGD,0.2,11.816176470588236,6.0,0,63
sciences,MOTO,BIM,0.9,PGD,0.3,11.794117647058824,6.0,0,63
sciences,MOTO,BIM,0.9,PGD,0.4,11.794117647058824,6.0,0,63
sciences,MOTO,BIM,0.9,PGD,0.5,11.794117647058824,6.0,0,63
sciences,MOTO,BIM,0.9,PGD,0.6,11.794117647058824,6.0,0,63
sciences,MOTO,BIM,0.9,PGD,0.7,11.794117647058824,6.0,0,63
sciences,MOTO,BIM,0.9,PGD,0.8,11.794117647058824,6.0,0,63
sciences,MOTO,BIM,0.9,PGD,0.9,11.794117647058824,6.0,0,63
sciences,MOTO,BIM,0.9,PGD,1.0,11.794117647058824,6.0,0,63
sciences,OP3,BIM,0.9,PGD,0.1,11.544117647058824,7.0,0,62
sciences,OP3,BIM,0.9,PGD,0.2,11.654411764705882,7.0,0,62
sciences,OP3,BIM,0.9,PGD,0.3,11.654411764705882,7.0,0,62
sciences,OP3,BIM,0.9,PGD,0.4,11.654411764705882,7.0,0,62
sciences,OP3,BIM,0.9,PGD,0.5,11.654411764705882,7.0,0,62
sciences,OP3,BIM,0.9,PGD,0.6,11.654411764705882,7.0,0,62
sciences,OP3,BIM,0.9,PGD,0.7,11.654411764705882,7.0,0,62
sciences,OP3,BIM,0.9,PGD,0.8,11.654411764705882,7.0,0,62
sciences,OP3,BIM,0.9,PGD,0.9,11.654411764705882,7.0,0,62
sciences,OP3,BIM,0.9,PGD,1.0,11.654411764705882,7.0,0,62
sciences,S7,BIM,0.9,PGD,0.1,10.25,6.0,0,59
sciences,S7,BIM,0.9,PGD,0.2,10.058823529411764,6.0,0,59
sciences,S7,BIM,0.9,PGD,0.3,10.257352941176471,6.0,0,59
sciences,S7,BIM,0.9,PGD,0.4,10.257352941176471,6.0,0,59
sciences,S7,BIM,0.9,PGD,0.5,10.257352941176471,6.0,0,59
sciences,S7,BIM,0.9,PGD,0.6,10.257352941176471,6.0,0,59
sciences,S7,BIM,0.9,PGD,0.7,10.257352941176471,6.0,0,59
sciences,S7,BIM,0.9,PGD,0.8,10.257352941176471,6.0,0,59
sciences,S7,BIM,0.9,PGD,0.9,10.257352941176471,6.0,0,59
sciences,S7,BIM,0.9,PGD,1.0,10.257352941176471,6.0,0,59
sciences,BLU,BIM,1.0,PGD,0.1,14.573529411764707,9.0,0,64
sciences,BLU,BIM,1.0,PGD,0.2,14.661764705882353,9.0,0,64
sciences,BLU,BIM,1.0,PGD,0.3,14.720588235294118,9.0,0,64
sciences,BLU,BIM,1.0,PGD,0.4,14.720588235294118,9.0,0,64
sciences,BLU,BIM,1.0,PGD,0.5,14.720588235294118,9.0,0,64
sciences,BLU,BIM,1.0,PGD,0.6,14.720588235294118,9.0,0,64
sciences,BLU,BIM,1.0,PGD,0.7,14.720588235294118,9.0,0,64
sciences,BLU,BIM,1.0,PGD,0.8,14.720588235294118,9.0,0,64
sciences,BLU,BIM,1.0,PGD,0.9,14.720588235294118,9.0,0,64
sciences,BLU,BIM,1.0,PGD,1.0,14.720588235294118,9.0,0,64
sciences,HTC,BIM,1.0,PGD,0.1,10.551470588235293,6.0,0,63
sciences,HTC,BIM,1.0,PGD,0.2,10.669117647058824,6.0,0,63
sciences,HTC,BIM,1.0,PGD,0.3,10.720588235294118,6.0,0,63
sciences,HTC,BIM,1.0,PGD,0.4,10.720588235294118,6.0,0,63
sciences,HTC,BIM,1.0,PGD,0.5,10.720588235294118,6.0,0,63
sciences,HTC,BIM,1.0,PGD,0.6,10.720588235294118,6.0,0,63
sciences,HTC,BIM,1.0,PGD,0.7,10.720588235294118,6.0,0,63
sciences,HTC,BIM,1.0,PGD,0.8,10.720588235294118,6.0,0,63
sciences,HTC,BIM,1.0,PGD,0.9,10.720588235294118,6.0,0,63
sciences,HTC,BIM,1.0,PGD,1.0,10.720588235294118,6.0,0,63
sciences,LG,BIM,1.0,PGD,0.1,11.492647058823529,6.0,0,67
sciences,LG,BIM,1.0,PGD,0.2,11.713235294117647,6.0,0,67
sciences,LG,BIM,1.0,PGD,0.3,11.683823529411764,6.0,0,67
sciences,LG,BIM,1.0,PGD,0.4,11.683823529411764,6.0,0,67
sciences,LG,BIM,1.0,PGD,0.5,11.683823529411764,6.0,0,67
sciences,LG,BIM,1.0,PGD,0.6,11.683823529411764,6.0,0,67
sciences,LG,BIM,1.0,PGD,0.7,11.683823529411764,6.0,0,67
sciences,LG,BIM,1.0,PGD,0.8,11.683823529411764,6.0,0,67
sciences,LG,BIM,1.0,PGD,0.9,11.683823529411764,6.0,0,67
sciences,LG,BIM,1.0,PGD,1.0,11.683823529411764,6.0,0,67
sciences,MOTO,BIM,1.0,PGD,0.1,9.830882352941176,6.0,0,65
sciences,MOTO,BIM,1.0,PGD,0.2,10.051470588235293,6.0,0,65
sciences,MOTO,BIM,1.0,PGD,0.3,10.066176470588236,6.0,0,65
sciences,MOTO,BIM,1.0,PGD,0.4,10.066176470588236,6.0,0,65
sciences,MOTO,BIM,1.0,PGD,0.5,10.066176470588236,6.0,0,65
sciences,MOTO,BIM,1.0,PGD,0.6,10.066176470588236,6.0,0,65
sciences,MOTO,BIM,1.0,PGD,0.7,10.066176470588236,6.0,0,65
sciences,MOTO,BIM,1.0,PGD,0.8,10.066176470588236,6.0,0,65
sciences,MOTO,BIM,1.0,PGD,0.9,10.066176470588236,6.0,0,65
sciences,MOTO,BIM,1.0,PGD,1.0,10.066176470588236,6.0,0,65
sciences,OP3,BIM,1.0,PGD,0.1,11.433823529411764,6.0,0,67
sciences,OP3,BIM,1.0,PGD,0.2,11.205882352941176,6.0,0,67
sciences,OP3,BIM,1.0,PGD,0.3,11.161764705882353,5.5,0,67
sciences,OP3,BIM,1.0,PGD,0.4,11.161764705882353,5.5,0,67
sciences,OP3,BIM,1.0,PGD,0.5,11.161764705882353,5.5,0,67
sciences,OP3,BIM,1.0,PGD,0.6,11.161764705882353,5.5,0,67
sciences,OP3,BIM,1.0,PGD,0.7,11.161764705882353,5.5,0,67
sciences,OP3,BIM,1.0,PGD,0.8,11.161764705882353,5.5,0,67
sciences,OP3,BIM,1.0,PGD,0.9,11.161764705882353,5.5,0,67
sciences,OP3,BIM,1.0,PGD,1.0,11.161764705882353,5.5,0,67
sciences,S7,BIM,1.0,PGD,0.1,9.522058823529411,5.5,0,62
sciences,S7,BIM,1.0,PGD,0.2,9.536764705882353,5.0,0,61
sciences,S7,BIM,1.0,PGD,0.3,9.632352941176471,5.5,0,61
sciences,S7,BIM,1.0,PGD,0.4,9.632352941176471,5.5,0,61
sciences,S7,BIM,1.0,PGD,0.5,9.632352941176471,5.5,0,61
sciences,S7,BIM,1.0,PGD,0.6,9.632352941176471,5.5,0,61
sciences,S7,BIM,1.0,PGD,0.7,9.632352941176471,5.5,0,61
sciences,S7,BIM,1.0,PGD,0.8,9.632352941176471,5.5,0,61
sciences,S7,BIM,1.0,PGD,0.9,9.632352941176471,5.5,0,61
sciences,S7,BIM,1.0,PGD,1.0,9.632352941176471,5.5,0,61
sciences,BLU,FGSM,0.1,MIM,0.1,15.566176470588236,11.0,0,61
sciences,BLU,FGSM,0.1,MIM,0.2,15.610294117647058,11.0,1,61
sciences,BLU,FGSM,0.1,MIM,0.3,15.022058823529411,10.5,0,61
sciences,BLU,FGSM,0.1,MIM,0.4,15.014705882352942,11.0,1,61
sciences,BLU,FGSM,0.1,MIM,0.5,15.014705882352942,11.0,1,61
sciences,BLU,FGSM,0.1,MIM,0.6,15.014705882352942,11.0,1,61
sciences,BLU,FGSM,0.1,MIM,0.7,15.014705882352942,11.0,1,61
sciences,BLU,FGSM,0.1,MIM,0.8,15.014705882352942,11.0,1,61
sciences,BLU,FGSM,0.1,MIM,0.9,15.014705882352942,11.0,1,61
sciences,BLU,FGSM,0.1,MIM,1.0,15.014705882352942,11.0,1,61
sciences,HTC,FGSM,0.1,MIM,0.1,14.647058823529411,7.0,0,67
sciences,HTC,FGSM,0.1,MIM,0.2,14.926470588235293,8.0,1,67
sciences,HTC,FGSM,0.1,MIM,0.3,14.404411764705882,7.0,1,67
sciences,HTC,FGSM,0.1,MIM,0.4,14.404411764705882,7.0,1,67
sciences,HTC,FGSM,0.1,MIM,0.5,14.404411764705882,7.0,1,67
sciences,HTC,FGSM,0.1,MIM,0.6,14.404411764705882,7.0,1,67
sciences,HTC,FGSM,0.1,MIM,0.7,14.404411764705882,7.0,1,67
sciences,HTC,FGSM,0.1,MIM,0.8,14.404411764705882,7.0,1,67
sciences,HTC,FGSM,0.1,MIM,0.9,14.404411764705882,7.0,1,67
sciences,HTC,FGSM,0.1,MIM,1.0,14.404411764705882,7.0,1,67
sciences,LG,FGSM,0.1,MIM,0.1,14.558823529411764,7.0,0,63
sciences,LG,FGSM,0.1,MIM,0.2,14.661764705882353,7.0,0,63
sciences,LG,FGSM,0.1,MIM,0.3,14.75,7.0,0,63
sciences,LG,FGSM,0.1,MIM,0.4,14.816176470588236,7.0,0,63
sciences,LG,FGSM,0.1,MIM,0.5,14.816176470588236,7.0,0,63
sciences,LG,FGSM,0.1,MIM,0.6,14.816176470588236,7.0,0,63
sciences,LG,FGSM,0.1,MIM,0.7,14.816176470588236,7.0,0,63
sciences,LG,FGSM,0.1,MIM,0.8,14.816176470588236,7.0,0,63
sciences,LG,FGSM,0.1,MIM,0.9,14.816176470588236,7.0,0,63
sciences,LG,FGSM,0.1,MIM,1.0,14.816176470588236,7.0,0,63
sciences,MOTO,FGSM,0.1,MIM,0.1,17.0,11.5,0,66
sciences,MOTO,FGSM,0.1,MIM,0.2,17.24264705882353,12.0,0,66
sciences,MOTO,FGSM,0.1,MIM,0.3,16.764705882352942,11.0,0,66
sciences,MOTO,FGSM,0.1,MIM,0.4,16.808823529411764,11.0,0,66
sciences,MOTO,FGSM,0.1,MIM,0.5,16.808823529411764,11.0,0,66
sciences,MOTO,FGSM,0.1,MIM,0.6,16.808823529411764,11.0,0,66
sciences,MOTO,FGSM,0.1,MIM,0.7,16.808823529411764,11.0,0,66
sciences,MOTO,FGSM,0.1,MIM,0.8,16.808823529411764,11.0,0,66
sciences,MOTO,FGSM,0.1,MIM,0.9,16.808823529411764,11.0,0,66
sciences,MOTO,FGSM,0.1,MIM,1.0,16.808823529411764,11.0,0,66
sciences,OP3,FGSM,0.1,MIM,0.1,12.419117647058824,8.0,0,63
sciences,OP3,FGSM,0.1,MIM,0.2,12.286764705882353,8.0,0,63
sciences,OP3,FGSM,0.1,MIM,0.3,12.308823529411764,8.0,0,63
sciences,OP3,FGSM,0.1,MIM,0.4,12.433823529411764,8.0,0,63
sciences,OP3,FGSM,0.1,MIM,0.5,12.433823529411764,8.0,0,63
sciences,OP3,FGSM,0.1,MIM,0.6,12.433823529411764,8.0,0,63
sciences,OP3,FGSM,0.1,MIM,0.7,12.433823529411764,8.0,0,63
sciences,OP3,FGSM,0.1,MIM,0.8,12.433823529411764,8.0,0,63
sciences,OP3,FGSM,0.1,MIM,0.9,12.433823529411764,8.0,0,63
sciences,OP3,FGSM,0.1,MIM,1.0,12.433823529411764,8.0,0,63
sciences,S7,FGSM,0.1,MIM,0.1,14.080882352941176,8.0,0,62
sciences,S7,FGSM,0.1,MIM,0.2,14.375,8.0,0,62
sciences,S7,FGSM,0.1,MIM,0.3,14.338235294117647,8.0,0,62
sciences,S7,FGSM,0.1,MIM,0.4,14.595588235294118,8.0,0,62
sciences,S7,FGSM,0.1,MIM,0.5,14.595588235294118,8.0,0,62
sciences,S7,FGSM,0.1,MIM,0.6,14.595588235294118,8.0,0,62
sciences,S7,FGSM,0.1,MIM,0.7,14.595588235294118,8.0,0,62
sciences,S7,FGSM,0.1,MIM,0.8,14.595588235294118,8.0,0,62
sciences,S7,FGSM,0.1,MIM,0.9,14.595588235294118,8.0,0,62
sciences,S7,FGSM,0.1,MIM,1.0,14.595588235294118,8.0,0,62
sciences,BLU,FGSM,0.2,MIM,0.1,15.308823529411764,9.0,0,63
sciences,BLU,FGSM,0.2,MIM,0.2,15.691176470588236,9.0,0,63
sciences,BLU,FGSM,0.2,MIM,0.3,15.985294117647058,9.0,0,63
sciences,BLU,FGSM,0.2,MIM,0.4,16.764705882352942,10.0,0,63
sciences,BLU,FGSM,0.2,MIM,0.5,16.764705882352942,10.0,0,63
sciences,BLU,FGSM,0.2,MIM,0.6,16.764705882352942,10.0,0,63
sciences,BLU,FGSM,0.2,MIM,0.7,16.764705882352942,10.0,0,63
sciences,BLU,FGSM,0.2,MIM,0.8,16.764705882352942,10.0,0,63
sciences,BLU,FGSM,0.2,MIM,0.9,16.764705882352942,10.0,0,63
sciences,BLU,FGSM,0.2,MIM,1.0,16.764705882352942,10.0,0,63
sciences,HTC,FGSM,0.2,MIM,0.1,16.46323529411765,8.0,0,67
sciences,HTC,FGSM,0.2,MIM,0.2,17.235294117647058,9.5,0,67
sciences,HTC,FGSM,0.2,MIM,0.3,17.977941176470587,10.5,0,67
sciences,HTC,FGSM,0.2,MIM,0.4,18.03676470588235,11.0,0,67
sciences,HTC,FGSM,0.2,MIM,0.5,18.03676470588235,11.0,0,67
sciences,HTC,FGSM,0.2,MIM,0.6,18.03676470588235,11.0,0,67
sciences,HTC,FGSM,0.2,MIM,0.7,18.03676470588235,11.0,0,67
sciences,HTC,FGSM,0.2,MIM,0.8,18.03676470588235,11.0,0,67
sciences,HTC,FGSM,0.2,MIM,0.9,18.03676470588235,11.0,0,67
sciences,HTC,FGSM,0.2,MIM,1.0,18.03676470588235,11.0,0,67
sciences,LG,FGSM,0.2,MIM,0.1,14.5,6.5,0,67
sciences,LG,FGSM,0.2,MIM,0.2,14.264705882352942,7.0,0,67
sciences,LG,FGSM,0.2,MIM,0.3,15.345588235294118,7.0,0,67
sciences,LG,FGSM,0.2,MIM,0.4,15.397058823529411,7.0,0,67
sciences,LG,FGSM,0.2,MIM,0.5,15.397058823529411,7.0,0,67
sciences,LG,FGSM,0.2,MIM,0.6,15.397058823529411,7.0,0,67
sciences,LG,FGSM,0.2,MIM,0.7,15.397058823529411,7.0,0,67
sciences,LG,FGSM,0.2,MIM,0.8,15.397058823529411,7.0,0,67
sciences,LG,FGSM,0.2,MIM,0.9,15.397058823529411,7.0,0,67
sciences,LG,FGSM,0.2,MIM,1.0,15.397058823529411,7.0,0,67
sciences,MOTO,FGSM,0.2,MIM,0.1,13.522058823529411,8.0,0,65
sciences,MOTO,FGSM,0.2,MIM,0.2,13.551470588235293,9.0,0,61
sciences,MOTO,FGSM,0.2,MIM,0.3,13.889705882352942,9.0,0,61
sciences,MOTO,FGSM,0.2,MIM,0.4,14.066176470588236,9.0,0,61
sciences,MOTO,FGSM,0.2,MIM,0.5,14.066176470588236,9.0,0,61
sciences,MOTO,FGSM,0.2,MIM,0.6,14.066176470588236,9.0,0,61
sciences,MOTO,FGSM,0.2,MIM,0.7,14.066176470588236,9.0,0,61
sciences,MOTO,FGSM,0.2,MIM,0.8,14.066176470588236,9.0,0,61
sciences,MOTO,FGSM,0.2,MIM,0.9,14.066176470588236,9.0,0,61
sciences,MOTO,FGSM,0.2,MIM,1.0,14.066176470588236,9.0,0,61
sciences,OP3,FGSM,0.2,MIM,0.1,14.764705882352942,9.0,0,65
sciences,OP3,FGSM,0.2,MIM,0.2,15.823529411764707,10.0,0,65
sciences,OP3,FGSM,0.2,MIM,0.3,15.757352941176471,10.0,0,64
sciences,OP3,FGSM,0.2,MIM,0.4,15.933823529411764,10.5,0,64
sciences,OP3,FGSM,0.2,MIM,0.5,15.933823529411764,10.5,0,64
sciences,OP3,FGSM,0.2,MIM,0.6,15.933823529411764,10.5,0,64
sciences,OP3,FGSM,0.2,MIM,0.7,15.933823529411764,10.5,0,64
sciences,OP3,FGSM,0.2,MIM,0.8,15.933823529411764,10.5,0,64
sciences,OP3,FGSM,0.2,MIM,0.9,15.933823529411764,10.5,0,64
sciences,OP3,FGSM,0.2,MIM,1.0,15.933823529411764,10.5,0,64
sciences,S7,FGSM,0.2,MIM,0.1,12.301470588235293,6.5,0,64
sciences,S7,FGSM,0.2,MIM,0.2,12.75,7.0,0,64
sciences,S7,FGSM,0.2,MIM,0.3,13.845588235294118,7.0,0,64
sciences,S7,FGSM,0.2,MIM,0.4,13.794117647058824,7.0,0,64
sciences,S7,FGSM,0.2,MIM,0.5,13.794117647058824,7.0,0,64
sciences,S7,FGSM,0.2,MIM,0.6,13.794117647058824,7.0,0,64
sciences,S7,FGSM,0.2,MIM,0.7,13.794117647058824,7.0,0,64
sciences,S7,FGSM,0.2,MIM,0.8,13.794117647058824,7.0,0,64
sciences,S7,FGSM,0.2,MIM,0.9,13.794117647058824,7.0,0,64
sciences,S7,FGSM,0.2,MIM,1.0,13.794117647058824,7.0,0,64
sciences,BLU,FGSM,0.3,MIM,0.1,13.272058823529411,7.5,0,58
sciences,BLU,FGSM,0.3,MIM,0.2,13.330882352941176,8.0,0,58
sciences,BLU,FGSM,0.3,MIM,0.3,13.330882352941176,8.0,0,58
sciences,BLU,FGSM,0.3,MIM,0.4,13.536764705882353,8.0,0,58
sciences,BLU,FGSM,0.3,MIM,0.5,13.536764705882353,8.0,0,58
sciences,BLU,FGSM,0.3,MIM,0.6,13.536764705882353,8.0,0,58
sciences,BLU,FGSM,0.3,MIM,0.7,13.536764705882353,8.0,0,58
sciences,BLU,FGSM,0.3,MIM,0.8,13.536764705882353,8.0,0,58
sciences,BLU,FGSM,0.3,MIM,0.9,13.536764705882353,8.0,0,58
sciences,BLU,FGSM,0.3,MIM,1.0,13.536764705882353,8.0,0,58
sciences,HTC,FGSM,0.3,MIM,0.1,14.647058823529411,8.0,0,67
sciences,HTC,FGSM,0.3,MIM,0.2,14.463235294117647,8.0,0,67
sciences,HTC,FGSM,0.3,MIM,0.3,14.419117647058824,8.0,0,67
sciences,HTC,FGSM,0.3,MIM,0.4,14.485294117647058,8.0,0,67
sciences,HTC,FGSM,0.3,MIM,0.5,14.485294117647058,8.0,0,67
sciences,HTC,FGSM,0.3,MIM,0.6,14.485294117647058,8.0,0,67
sciences,HTC,FGSM,0.3,MIM,0.7,14.485294117647058,8.0,0,67
sciences,HTC,FGSM,0.3,MIM,0.8,14.485294117647058,8.0,0,67
sciences,HTC,FGSM,0.3,MIM,0.9,14.485294117647058,8.0,0,67
sciences,HTC,FGSM,0.3,MIM,1.0,14.485294117647058,8.0,0,67
sciences,LG,FGSM,0.3,MIM,0.1,11.897058823529411,6.0,0,64
sciences,LG,FGSM,0.3,MIM,0.2,11.308823529411764,6.0,0,63
sciences,LG,FGSM,0.3,MIM,0.3,11.242647058823529,6.0,0,63
sciences,LG,FGSM,0.3,MIM,0.4,11.117647058823529,6.0,0,63
sciences,LG,FGSM,0.3,MIM,0.5,11.117647058823529,6.0,0,63
sciences,LG,FGSM,0.3,MIM,0.6,11.117647058823529,6.0,0,63
sciences,LG,FGSM,0.3,MIM,0.7,11.117647058823529,6.0,0,63
sciences,LG,FGSM,0.3,MIM,0.8,11.117647058823529,6.0,0,63
sciences,LG,FGSM,0.3,MIM,0.9,11.117647058823529,6.0,0,63
sciences,LG,FGSM,0.3,MIM,1.0,11.117647058823529,6.0,0,63
sciences,MOTO,FGSM,0.3,MIM,0.1,9.691176470588236,5.0,0,64
sciences,MOTO,FGSM,0.3,MIM,0.2,9.580882352941176,5.0,0,64
sciences,MOTO,FGSM,0.3,MIM,0.3,9.558823529411764,5.0,0,64
sciences,MOTO,FGSM,0.3,MIM,0.4,9.698529411764707,5.5,0,64
sciences,MOTO,FGSM,0.3,MIM,0.5,9.698529411764707,5.5,0,64
sciences,MOTO,FGSM,0.3,MIM,0.6,9.698529411764707,5.5,0,64
sciences,MOTO,FGSM,0.3,MIM,0.7,9.698529411764707,5.5,0,64
sciences,MOTO,FGSM,0.3,MIM,0.8,9.698529411764707,5.5,0,64
sciences,MOTO,FGSM,0.3,MIM,0.9,9.698529411764707,5.5,0,64
sciences,MOTO,FGSM,0.3,MIM,1.0,9.698529411764707,5.5,0,64
sciences,OP3,FGSM,0.3,MIM,0.1,13.985294117647058,6.5,0,64
sciences,OP3,FGSM,0.3,MIM,0.2,13.485294117647058,6.0,0,64
sciences,OP3,FGSM,0.3,MIM,0.3,13.992647058823529,7.0,0,64
sciences,OP3,FGSM,0.3,MIM,0.4,14.198529411764707,7.0,0,64
sciences,OP3,FGSM,0.3,MIM,0.5,14.198529411764707,7.0,0,64
sciences,OP3,FGSM,0.3,MIM,0.6,14.198529411764707,7.0,0,64
sciences,OP3,FGSM,0.3,MIM,0.7,14.198529411764707,7.0,0,64
sciences,OP3,FGSM,0.3,MIM,0.8,14.198529411764707,7.0,0,64
sciences,OP3,FGSM,0.3,MIM,0.9,14.198529411764707,7.0,0,64
sciences,OP3,FGSM,0.3,MIM,1.0,14.198529411764707,7.0,0,64
sciences,S7,FGSM,0.3,MIM,0.1,13.426470588235293,7.0,0,64
sciences,S7,FGSM,0.3,MIM,0.2,13.860294117647058,7.0,0,64
sciences,S7,FGSM,0.3,MIM,0.3,13.860294117647058,7.0,0,64
sciences,S7,FGSM,0.3,MIM,0.4,14.227941176470589,7.0,0,64
sciences,S7,FGSM,0.3,MIM,0.5,14.227941176470589,7.0,0,64
sciences,S7,FGSM,0.3,MIM,0.6,14.227941176470589,7.0,0,64
sciences,S7,FGSM,0.3,MIM,0.7,14.227941176470589,7.0,0,64
sciences,S7,FGSM,0.3,MIM,0.8,14.227941176470589,7.0,0,64
sciences,S7,FGSM,0.3,MIM,0.9,14.227941176470589,7.0,0,64
sciences,S7,FGSM,0.3,MIM,1.0,14.227941176470589,7.0,0,64
sciences,BLU,FGSM,0.4,MIM,0.1,16.183823529411764,9.0,0,65
sciences,BLU,FGSM,0.4,MIM,0.2,16.75,10.0,0,61
sciences,BLU,FGSM,0.4,MIM,0.3,16.470588235294116,9.5,0,61
sciences,BLU,FGSM,0.4,MIM,0.4,16.470588235294116,9.5,0,61
sciences,BLU,FGSM,0.4,MIM,0.5,16.470588235294116,9.5,0,61
sciences,BLU,FGSM,0.4,MIM,0.6,16.470588235294116,9.5,0,61
sciences,BLU,FGSM,0.4,MIM,0.7,16.470588235294116,9.5,0,61
sciences,BLU,FGSM,0.4,MIM,0.8,16.470588235294116,9.5,0,61
sciences,BLU,FGSM,0.4,MIM,0.9,16.470588235294116,9.5,0,61
sciences,BLU,FGSM,0.4,MIM,1.0,16.470588235294116,9.5,0,61
sciences,HTC,FGSM,0.4,MIM,0.1,13.227941176470589,8.0,0,66
sciences,HTC,FGSM,0.4,MIM,0.2,13.433823529411764,9.0,0,66
sciences,HTC,FGSM,0.4,MIM,0.3,13.617647058823529,9.0,0,66
sciences,HTC,FGSM,0.4,MIM,0.4,13.617647058823529,9.0,0,66
sciences,HTC,FGSM,0.4,MIM,0.5,13.617647058823529,9.0,0,66
sciences,HTC,FGSM,0.4,MIM,0.6,13.617647058823529,9.0,0,66
sciences,HTC,FGSM,0.4,MIM,0.7,13.617647058823529,9.0,0,66
sciences,HTC,FGSM,0.4,MIM,0.8,13.617647058823529,9.0,0,66
sciences,HTC,FGSM,0.4,MIM,0.9,13.617647058823529,9.0,0,66
sciences,HTC,FGSM,0.4,MIM,1.0,13.617647058823529,9.0,0,66
sciences,LG,FGSM,0.4,MIM,0.1,12.580882352941176,7.0,0,65
sciences,LG,FGSM,0.4,MIM,0.2,13.242647058823529,7.0,0,65
sciences,LG,FGSM,0.4,MIM,0.3,13.235294117647058,7.0,0,65
sciences,LG,FGSM,0.4,MIM,0.4,13.220588235294118,7.0,0,65
sciences,LG,FGSM,0.4,MIM,0.5,13.220588235294118,7.0,0,65
sciences,LG,FGSM,0.4,MIM,0.6,13.220588235294118,7.0,0,65
sciences,LG,FGSM,0.4,MIM,0.7,13.220588235294118,7.0,0,65
sciences,LG,FGSM,0.4,MIM,0.8,13.220588235294118,7.0,0,65
sciences,LG,FGSM,0.4,MIM,0.9,13.220588235294118,7.0,0,65
sciences,LG,FGSM,0.4,MIM,1.0,13.220588235294118,7.0,0,65
sciences,MOTO,FGSM,0.4,MIM,0.1,11.595588235294118,6.0,0,63
sciences,MOTO,FGSM,0.4,MIM,0.2,12.036764705882353,6.0,0,63
sciences,MOTO,FGSM,0.4,MIM,0.3,12.154411764705882,6.0,0,63
sciences,MOTO,FGSM,0.4,MIM,0.4,11.889705882352942,6.0,0,63
sciences,MOTO,FGSM,0.4,MIM,0.5,11.889705882352942,6.0,0,63
sciences,MOTO,FGSM,0.4,MIM,0.6,11.889705882352942,6.0,0,63
sciences,MOTO,FGSM,0.4,MIM,0.7,11.889705882352942,6.0,0,63
sciences,MOTO,FGSM,0.4,MIM,0.8,11.889705882352942,6.0,0,63
sciences,MOTO,FGSM,0.4,MIM,0.9,11.889705882352942,6.0,0,63
sciences,MOTO,FGSM,0.4,MIM,1.0,11.889705882352942,6.0,0,63
sciences,OP3,FGSM,0.4,MIM,0.1,13.735294117647058,9.0,0,63
sciences,OP3,FGSM,0.4,MIM,0.2,13.441176470588236,9.0,0,63
sciences,OP3,FGSM,0.4,MIM,0.3,13.433823529411764,9.0,0,63
sciences,OP3,FGSM,0.4,MIM,0.4,13.433823529411764,9.0,0,63
sciences,OP3,FGSM,0.4,MIM,0.5,13.433823529411764,9.0,0,63
sciences,OP3,FGSM,0.4,MIM,0.6,13.433823529411764,9.0,0,63
sciences,OP3,FGSM,0.4,MIM,0.7,13.433823529411764,9.0,0,63
sciences,OP3,FGSM,0.4,MIM,0.8,13.433823529411764,9.0,0,63
sciences,OP3,FGSM,0.4,MIM,0.9,13.433823529411764,9.0,0,63
sciences,OP3,FGSM,0.4,MIM,1.0,13.433823529411764,9.0,0,63
sciences,S7,FGSM,0.4,MIM,0.1,11.492647058823529,7.5,0,65
sciences,S7,FGSM,0.4,MIM,0.2,11.507352941176471,7.5,0,65
sciences,S7,FGSM,0.4,MIM,0.3,11.992647058823529,8.0,0,65
sciences,S7,FGSM,0.4,MIM,0.4,11.992647058823529,8.0,0,65
sciences,S7,FGSM,0.4,MIM,0.5,11.992647058823529,8.0,0,65
sciences,S7,FGSM,0.4,MIM,0.6,11.992647058823529,8.0,0,65
sciences,S7,FGSM,0.4,MIM,0.7,11.992647058823529,8.0,0,65
sciences,S7,FGSM,0.4,MIM,0.8,11.992647058823529,8.0,0,65
sciences,S7,FGSM,0.4,MIM,0.9,11.992647058823529,8.0,0,65
sciences,S7,FGSM,0.4,MIM,1.0,11.992647058823529,8.0,0,65
sciences,BLU,FGSM,0.5,MIM,0.1,16.044117647058822,8.0,0,66
sciences,BLU,FGSM,0.5,MIM,0.2,16.477941176470587,8.5,0,66
sciences,BLU,FGSM,0.5,MIM,0.3,16.698529411764707,9.5,0,66
sciences,BLU,FGSM,0.5,MIM,0.4,16.75,9.5,0,66
sciences,BLU,FGSM,0.5,MIM,0.5,16.75,9.5,0,66
sciences,BLU,FGSM,0.5,MIM,0.6,16.75,9.5,0,66
sciences,BLU,FGSM,0.5,MIM,0.7,16.75,9.5,0,66
sciences,BLU,FGSM,0.5,MIM,0.8,16.75,9.5,0,66
sciences,BLU,FGSM,0.5,MIM,0.9,16.75,9.5,0,66
sciences,BLU,FGSM,0.5,MIM,1.0,16.75,9.5,0,66
sciences,HTC,FGSM,0.5,MIM,0.1,12.102941176470589,7.0,0,66
sciences,HTC,FGSM,0.5,MIM,0.2,12.022058823529411,7.0,0,66
sciences,HTC,FGSM,0.5,MIM,0.3,12.058823529411764,7.0,0,66
sciences,HTC,FGSM,0.5,MIM,0.4,12.066176470588236,7.0,0,66
sciences,HTC,FGSM,0.5,MIM,0.5,12.066176470588236,7.0,0,66
sciences,HTC,FGSM,0.5,MIM,0.6,12.066176470588236,7.0,0,66
sciences,HTC,FGSM,0.5,MIM,0.7,12.066176470588236,7.0,0,66
sciences,HTC,FGSM,0.5,MIM,0.8,12.066176470588236,7.0,0,66
sciences,HTC,FGSM,0.5,MIM,0.9,12.066176470588236,7.0,0,66
sciences,HTC,FGSM,0.5,MIM,1.0,12.066176470588236,7.0,0,66
sciences,LG,FGSM,0.5,MIM,0.1,13.536764705882353,8.0,0,67
sciences,LG,FGSM,0.5,MIM,0.2,14.867647058823529,8.0,0,67
sciences,LG,FGSM,0.5,MIM,0.3,15.080882352941176,8.0,0,67
sciences,LG,FGSM,0.5,MIM,0.4,15.080882352941176,8.0,0,67
sciences,LG,FGSM,0.5,MIM,0.5,15.080882352941176,8.0,0,67
sciences,LG,FGSM,0.5,MIM,0.6,15.080882352941176,8.0,0,67
sciences,LG,FGSM,0.5,MIM,0.7,15.080882352941176,8.0,0,67
sciences,LG,FGSM,0.5,MIM,0.8,15.080882352941176,8.0,0,67
sciences,LG,FGSM,0.5,MIM,0.9,15.080882352941176,8.0,0,67
sciences,LG,FGSM,0.5,MIM,1.0,15.080882352941176,8.0,0,67
sciences,MOTO,FGSM,0.5,MIM,0.1,13.279411764705882,8.0,0,67
sciences,MOTO,FGSM,0.5,MIM,0.2,13.705882352941176,9.0,0,67
sciences,MOTO,FGSM,0.5,MIM,0.3,13.727941176470589,9.0,0,67
sciences,MOTO,FGSM,0.5,MIM,0.4,13.727941176470589,9.0,0,67
sciences,MOTO,FGSM,0.5,MIM,0.5,13.727941176470589,9.0,0,67
sciences,MOTO,FGSM,0.5,MIM,0.6,13.727941176470589,9.0,0,67
sciences,MOTO,FGSM,0.5,MIM,0.7,13.727941176470589,9.0,0,67
sciences,MOTO,FGSM,0.5,MIM,0.8,13.727941176470589,9.0,0,67
sciences,MOTO,FGSM,0.5,MIM,0.9,13.727941176470589,9.0,0,67
sciences,MOTO,FGSM,0.5,MIM,1.0,13.727941176470589,9.0,0,67
sciences,OP3,FGSM,0.5,MIM,0.1,13.992647058823529,8.0,0,66
sciences,OP3,FGSM,0.5,MIM,0.2,14.419117647058824,8.0,0,66
sciences,OP3,FGSM,0.5,MIM,0.3,14.367647058823529,8.0,0,66
sciences,OP3,FGSM,0.5,MIM,0.4,14.5,8.0,0,66
sciences,OP3,FGSM,0.5,MIM,0.5,14.5,8.0,0,66
sciences,OP3,FGSM,0.5,MIM,0.6,14.5,8.0,0,66
sciences,OP3,FGSM,0.5,MIM,0.7,14.5,8.0,0,66
sciences,OP3,FGSM,0.5,MIM,0.8,14.5,8.0,0,66
sciences,OP3,FGSM,0.5,MIM,0.9,14.5,8.0,0,66
sciences,OP3,FGSM,0.5,MIM,1.0,14.5,8.0,0,66
sciences,S7,FGSM,0.5,MIM,0.1,12.375,7.0,0,67
sciences,S7,FGSM,0.5,MIM,0.2,12.389705882352942,7.0,0,67
sciences,S7,FGSM,0.5,MIM,0.3,12.397058823529411,7.0,0,67
sciences,S7,FGSM,0.5,MIM,0.4,12.551470588235293,7.0,0,67
sciences,S7,FGSM,0.5,MIM,0.5,12.551470588235293,7.0,0,67
sciences,S7,FGSM,0.5,MIM,0.6,12.551470588235293,7.0,0,67
sciences,S7,FGSM,0.5,MIM,0.7,12.551470588235293,7.0,0,67
sciences,S7,FGSM,0.5,MIM,0.8,12.551470588235293,7.0,0,67
sciences,S7,FGSM,0.5,MIM,0.9,12.551470588235293,7.0,0,67
sciences,S7,FGSM,0.5,MIM,1.0,12.551470588235293,7.0,0,67
sciences,BLU,FGSM,0.6,MIM,0.1,16.102941176470587,9.0,0,66
sciences,BLU,FGSM,0.6,MIM,0.2,16.389705882352942,9.0,0,66
sciences,BLU,FGSM,0.6,MIM,0.3,16.073529411764707,9.0,0,66
sciences,BLU,FGSM,0.6,MIM,0.4,16.095588235294116,9.0,0,66
sciences,BLU,FGSM,0.6,MIM,0.5,16.095588235294116,9.0,0,66
sciences,BLU,FGSM,0.6,MIM,0.6,16.095588235294116,9.0,0,66
sciences,BLU,FGSM,0.6,MIM,0.7,16.095588235294116,9.0,0,66
sciences,BLU,FGSM,0.6,MIM,0.8,16.095588235294116,9.0,0,66
sciences,BLU,FGSM,0.6,MIM,0.9,16.095588235294116,9.0,0,66
sciences,BLU,FGSM,0.6,MIM,1.0,16.095588235294116,9.0,0,66
sciences,HTC,FGSM,0.6,MIM,0.1,11.330882352941176,6.0,0,67
sciences,HTC,FGSM,0.6,MIM,0.2,12.852941176470589,7.0,0,67
sciences,HTC,FGSM,0.6,MIM,0.3,12.669117647058824,7.0,0,67
sciences,HTC,FGSM,0.6,MIM,0.4,12.713235294117647,7.0,0,67
sciences,HTC,FGSM,0.6,MIM,0.5,12.713235294117647,7.0,0,67
sciences,HTC,FGSM,0.6,MIM,0.6,12.713235294117647,7.0,0,67
sciences,HTC,FGSM,0.6,MIM,0.7,12.713235294117647,7.0,0,67
sciences,HTC,FGSM,0.6,MIM,0.8,12.713235294117647,7.0,0,67
sciences,HTC,FGSM,0.6,MIM,0.9,12.713235294117647,7.0,0,67
sciences,HTC,FGSM,0.6,MIM,1.0,12.713235294117647,7.0,0,67
sciences,LG,FGSM,0.6,MIM,0.1,15.5,8.0,0,67
sciences,LG,FGSM,0.6,MIM,0.2,16.566176470588236,9.5,0,66
sciences,LG,FGSM,0.6,MIM,0.3,16.875,9.5,0,66
sciences,LG,FGSM,0.6,MIM,0.4,16.875,9.5,0,66
sciences,LG,FGSM,0.6,MIM,0.5,16.875,9.5,0,66
sciences,LG,FGSM,0.6,MIM,0.6,16.875,9.5,0,66
sciences,LG,FGSM,0.6,MIM,0.7,16.875,9.5,0,66
sciences,LG,FGSM,0.6,MIM,0.8,16.875,9.5,0,66
sciences,LG,FGSM,0.6,MIM,0.9,16.875,9.5,0,66
sciences,LG,FGSM,0.6,MIM,1.0,16.875,9.5,0,66
sciences,MOTO,FGSM,0.6,MIM,0.1,11.352941176470589,8.0,0,55
sciences,MOTO,FGSM,0.6,MIM,0.2,11.088235294117647,7.5,0,55
sciences,MOTO,FGSM,0.6,MIM,0.3,11.154411764705882,8.0,0,55
sciences,MOTO,FGSM,0.6,MIM,0.4,11.154411764705882,8.0,0,55
sciences,MOTO,FGSM,0.6,MIM,0.5,11.154411764705882,8.0,0,55
sciences,MOTO,FGSM,0.6,MIM,0.6,11.154411764705882,8.0,0,55
sciences,MOTO,FGSM,0.6,MIM,0.7,11.154411764705882,8.0,0,55
sciences,MOTO,FGSM,0.6,MIM,0.8,11.154411764705882,8.0,0,55
sciences,MOTO,FGSM,0.6,MIM,0.9,11.154411764705882,8.0,0,55
sciences,MOTO,FGSM,0.6,MIM,1.0,11.154411764705882,8.0,0,55
sciences,OP3,FGSM,0.6,MIM,0.1,15.279411764705882,8.0,0,66
sciences,OP3,FGSM,0.6,MIM,0.2,17.058823529411764,8.5,0,66
sciences,OP3,FGSM,0.6,MIM,0.3,17.21323529411765,8.5,0,66
sciences,OP3,FGSM,0.6,MIM,0.4,17.21323529411765,8.5,0,66
sciences,OP3,FGSM,0.6,MIM,0.5,17.21323529411765,8.5,0,66
sciences,OP3,FGSM,0.6,MIM,0.6,17.21323529411765,8.5,0,66
sciences,OP3,FGSM,0.6,MIM,0.7,17.21323529411765,8.5,0,66
sciences,OP3,FGSM,0.6,MIM,0.8,17.21323529411765,8.5,0,66
sciences,OP3,FGSM,0.6,MIM,0.9,17.21323529411765,8.5,0,66
sciences,OP3,FGSM,0.6,MIM,1.0,17.21323529411765,8.5,0,66
sciences,S7,FGSM,0.6,MIM,0.1,11.882352941176471,6.0,0,64
sciences,S7,FGSM,0.6,MIM,0.2,13.433823529411764,7.5,0,64
sciences,S7,FGSM,0.6,MIM,0.3,13.544117647058824,7.5,0,64
sciences,S7,FGSM,0.6,MIM,0.4,13.573529411764707,8.0,0,64
sciences,S7,FGSM,0.6,MIM,0.5,13.573529411764707,8.0,0,64
sciences,S7,FGSM,0.6,MIM,0.6,13.573529411764707,8.0,0,64
sciences,S7,FGSM,0.6,MIM,0.7,13.573529411764707,8.0,0,64
sciences,S7,FGSM,0.6,MIM,0.8,13.573529411764707,8.0,0,64
sciences,S7,FGSM,0.6,MIM,0.9,13.573529411764707,8.0,0,64
sciences,S7,FGSM,0.6,MIM,1.0,13.573529411764707,8.0,0,64
sciences,BLU,FGSM,0.7,MIM,0.1,14.279411764705882,8.0,0,65
sciences,BLU,FGSM,0.7,MIM,0.2,14.25,8.0,0,65
sciences,BLU,FGSM,0.7,MIM,0.3,14.25,8.0,0,65
sciences,BLU,FGSM,0.7,MIM,0.4,14.25,8.0,0,65
sciences,BLU,FGSM,0.7,MIM,0.5,14.25,8.0,0,65
sciences,BLU,FGSM,0.7,MIM,0.6,14.25,8.0,0,65
sciences,BLU,FGSM,0.7,MIM,0.7,14.25,8.0,0,65
sciences,BLU,FGSM,0.7,MIM,0.8,14.25,8.0,0,65
sciences,BLU,FGSM,0.7,MIM,0.9,14.25,8.0,0,65
sciences,BLU,FGSM,0.7,MIM,1.0,14.25,8.0,0,65
sciences,HTC,FGSM,0.7,MIM,0.1,11.647058823529411,6.5,0,64
sciences,HTC,FGSM,0.7,MIM,0.2,11.786764705882353,6.0,0,64
sciences,HTC,FGSM,0.7,MIM,0.3,11.786764705882353,6.0,0,64
sciences,HTC,FGSM,0.7,MIM,0.4,11.786764705882353,6.0,0,64
sciences,HTC,FGSM,0.7,MIM,0.5,11.786764705882353,6.0,0,64
sciences,HTC,FGSM,0.7,MIM,0.6,11.786764705882353,6.0,0,64
sciences,HTC,FGSM,0.7,MIM,0.7,11.786764705882353,6.0,0,64
sciences,HTC,FGSM,0.7,MIM,0.8,11.786764705882353,6.0,0,64
sciences,HTC,FGSM,0.7,MIM,0.9,11.786764705882353,6.0,0,64
sciences,HTC,FGSM,0.7,MIM,1.0,11.786764705882353,6.0,0,64
sciences,LG,FGSM,0.7,MIM,0.1,11.5,6.0,0,65
sciences,LG,FGSM,0.7,MIM,0.2,11.514705882352942,6.0,0,65
sciences,LG,FGSM,0.7,MIM,0.3,11.411764705882353,6.0,0,65
sciences,LG,FGSM,0.7,MIM,0.4,11.639705882352942,6.0,0,65
sciences,LG,FGSM,0.7,MIM,0.5,11.639705882352942,6.0,0,65
sciences,LG,FGSM,0.7,MIM,0.6,11.639705882352942,6.0,0,65
sciences,LG,FGSM,0.7,MIM,0.7,11.639705882352942,6.0,0,65
sciences,LG,FGSM,0.7,MIM,0.8,11.639705882352942,6.0,0,65
sciences,LG,FGSM,0.7,MIM,0.9,11.639705882352942,6.0,0,65
sciences,LG,FGSM,0.7,MIM,1.0,11.639705882352942,6.0,0,65
sciences,MOTO,FGSM,0.7,MIM,0.1,15.205882352941176,7.5,0,66
sciences,MOTO,FGSM,0.7,MIM,0.2,14.963235294117647,8.0,0,66
sciences,MOTO,FGSM,0.7,MIM,0.3,15.088235294117647,8.0,0,66
sciences,MOTO,FGSM,0.7,MIM,0.4,15.088235294117647,8.0,0,66
sciences,MOTO,FGSM,0.7,MIM,0.5,15.088235294117647,8.0,0,66
sciences,MOTO,FGSM,0.7,MIM,0.6,15.088235294117647,8.0,0,66
sciences,MOTO,FGSM,0.7,MIM,0.7,15.088235294117647,8.0,0,66
sciences,MOTO,FGSM,0.7,MIM,0.8,15.088235294117647,8.0,0,66
sciences,MOTO,FGSM,0.7,MIM,0.9,15.088235294117647,8.0,0,66
sciences,MOTO,FGSM,0.7,MIM,1.0,15.088235294117647,8.0,0,66
sciences,OP3,FGSM,0.7,MIM,0.1,11.0,7.0,0,66
sciences,OP3,FGSM,0.7,MIM,0.2,11.102941176470589,7.0,0,66
sciences,OP3,FGSM,0.7,MIM,0.3,11.102941176470589,7.0,0,66
sciences,OP3,FGSM,0.7,MIM,0.4,11.073529411764707,7.0,0,66
sciences,OP3,FGSM,0.7,MIM,0.5,11.073529411764707,7.0,0,66
sciences,OP3,FGSM,0.7,MIM,0.6,11.073529411764707,7.0,0,66
sciences,OP3,FGSM,0.7,MIM,0.7,11.073529411764707,7.0,0,66
sciences,OP3,FGSM,0.7,MIM,0.8,11.073529411764707,7.0,0,66
sciences,OP3,FGSM,0.7,MIM,0.9,11.073529411764707,7.0,0,66
sciences,OP3,FGSM,0.7,MIM,1.0,11.073529411764707,7.0,0,66
sciences,S7,FGSM,0.7,MIM,0.1,12.661764705882353,7.0,0,65
sciences,S7,FGSM,0.7,MIM,0.2,12.838235294117647,7.0,0,65
sciences,S7,FGSM,0.7,MIM,0.3,12.801470588235293,7.0,0,65
sciences,S7,FGSM,0.7,MIM,0.4,12.801470588235293,7.0,0,65
sciences,S7,FGSM,0.7,MIM,0.5,12.801470588235293,7.0,0,65
sciences,S7,FGSM,0.7,MIM,0.6,12.801470588235293,7.0,0,65
sciences,S7,FGSM,0.7,MIM,0.7,12.801470588235293,7.0,0,65
sciences,S7,FGSM,0.7,MIM,0.8,12.801470588235293,7.0,0,65
sciences,S7,FGSM,0.7,MIM,0.9,12.801470588235293,7.0,0,65
sciences,S7,FGSM,0.7,MIM,1.0,12.801470588235293,7.0,0,65
sciences,BLU,FGSM,0.8,MIM,0.1,17.58823529411765,11.5,0,65
sciences,BLU,FGSM,0.8,MIM,0.2,18.235294117647058,11.5,0,65
sciences,BLU,FGSM,0.8,MIM,0.3,18.095588235294116,10.5,0,65
sciences,BLU,FGSM,0.8,MIM,0.4,18.154411764705884,11.5,0,65
sciences,BLU,FGSM,0.8,MIM,0.5,18.154411764705884,11.5,0,65
sciences,BLU,FGSM,0.8,MIM,0.6,18.154411764705884,11.5,0,65
sciences,BLU,FGSM,0.8,MIM,0.7,18.154411764705884,11.5,0,65
sciences,BLU,FGSM,0.8,MIM,0.8,18.154411764705884,11.5,0,65
sciences,BLU,FGSM,0.8,MIM,0.9,18.154411764705884,11.5,0,65
sciences,BLU,FGSM,0.8,MIM,1.0,18.154411764705884,11.5,0,65
sciences,HTC,FGSM,0.8,MIM,0.1,16.110294117647058,13.0,0,61
sciences,HTC,FGSM,0.8,MIM,0.2,18.029411764705884,14.0,0,61
sciences,HTC,FGSM,0.8,MIM,0.3,18.154411764705884,14.0,0,61
sciences,HTC,FGSM,0.8,MIM,0.4,18.029411764705884,14.0,0,61
sciences,HTC,FGSM,0.8,MIM,0.5,18.029411764705884,14.0,0,61
sciences,HTC,FGSM,0.8,MIM,0.6,18.029411764705884,14.0,0,61
sciences,HTC,FGSM,0.8,MIM,0.7,18.029411764705884,14.0,0,61
sciences,HTC,FGSM,0.8,MIM,0.8,18.029411764705884,14.0,0,61
sciences,HTC,FGSM,0.8,MIM,0.9,18.029411764705884,14.0,0,61
sciences,HTC,FGSM,0.8,MIM,1.0,18.029411764705884,14.0,0,61
sciences,LG,FGSM,0.8,MIM,0.1,14.044117647058824,9.0,0,61
sciences,LG,FGSM,0.8,MIM,0.2,13.470588235294118,9.0,0,57
sciences,LG,FGSM,0.8,MIM,0.3,14.301470588235293,9.5,0,57
sciences,LG,FGSM,0.8,MIM,0.4,14.301470588235293,9.5,0,57
sciences,LG,FGSM,0.8,MIM,0.5,14.301470588235293,9.5,0,57
sciences,LG,FGSM,0.8,MIM,0.6,14.301470588235293,9.5,0,57
sciences,LG,FGSM,0.8,MIM,0.7,14.301470588235293,9.5,0,57
sciences,LG,FGSM,0.8,MIM,0.8,14.301470588235293,9.5,0,57
sciences,LG,FGSM,0.8,MIM,0.9,14.301470588235293,9.5,0,57
sciences,LG,FGSM,0.8,MIM,1.0,14.301470588235293,9.5,0,57
sciences,MOTO,FGSM,0.8,MIM,0.1,15.654411764705882,10.0,0,66
sciences,MOTO,FGSM,0.8,MIM,0.2,15.970588235294118,10.0,0,65
sciences,MOTO,FGSM,0.8,MIM,0.3,16.139705882352942,10.0,0,65
sciences,MOTO,FGSM,0.8,MIM,0.4,15.852941176470589,10.0,0,65
sciences,MOTO,FGSM,0.8,MIM,0.5,15.852941176470589,10.0,0,65
sciences,MOTO,FGSM,0.8,MIM,0.6,15.852941176470589,10.0,0,65
sciences,MOTO,FGSM,0.8,MIM,0.7,15.852941176470589,10.0,0,65
sciences,MOTO,FGSM,0.8,MIM,0.8,15.852941176470589,10.0,0,65
sciences,MOTO,FGSM,0.8,MIM,0.9,15.852941176470589,10.0,0,65
sciences,MOTO,FGSM,0.8,MIM,1.0,15.852941176470589,10.0,0,65
sciences,OP3,FGSM,0.8,MIM,0.1,16.36764705882353,10.0,0,66
sciences,OP3,FGSM,0.8,MIM,0.2,16.625,9.5,0,67
sciences,OP3,FGSM,0.8,MIM,0.3,16.433823529411764,9.5,0,67
sciences,OP3,FGSM,0.8,MIM,0.4,16.433823529411764,9.5,0,67
sciences,OP3,FGSM,0.8,MIM,0.5,16.433823529411764,9.5,0,67
sciences,OP3,FGSM,0.8,MIM,0.6,16.433823529411764,9.5,0,67
sciences,OP3,FGSM,0.8,MIM,0.7,16.433823529411764,9.5,0,67
sciences,OP3,FGSM,0.8,MIM,0.8,16.433823529411764,9.5,0,67
sciences,OP3,FGSM,0.8,MIM,0.9,16.433823529411764,9.5,0,67
sciences,OP3,FGSM,0.8,MIM,1.0,16.433823529411764,9.5,0,67
sciences,S7,FGSM,0.8,MIM,0.1,14.713235294117647,9.0,0,64
sciences,S7,FGSM,0.8,MIM,0.2,15.352941176470589,9.0,0,67
sciences,S7,FGSM,0.8,MIM,0.3,15.558823529411764,9.0,0,67
sciences,S7,FGSM,0.8,MIM,0.4,15.301470588235293,9.0,0,67
sciences,S7,FGSM,0.8,MIM,0.5,15.301470588235293,9.0,0,67
sciences,S7,FGSM,0.8,MIM,0.6,15.301470588235293,9.0,0,67
sciences,S7,FGSM,0.8,MIM,0.7,15.301470588235293,9.0,0,67
sciences,S7,FGSM,0.8,MIM,0.8,15.301470588235293,9.0,0,67
sciences,S7,FGSM,0.8,MIM,0.9,15.301470588235293,9.0,0,67
sciences,S7,FGSM,0.8,MIM,1.0,15.301470588235293,9.0,0,67
sciences,BLU,FGSM,0.9,MIM,0.1,14.779411764705882,8.0,0,67
sciences,BLU,FGSM,0.9,MIM,0.2,15.132352941176471,8.0,0,67
sciences,BLU,FGSM,0.9,MIM,0.3,15.132352941176471,8.0,0,67
sciences,BLU,FGSM,0.9,MIM,0.4,15.132352941176471,8.0,0,67
sciences,BLU,FGSM,0.9,MIM,0.5,15.132352941176471,8.0,0,67
sciences,BLU,FGSM,0.9,MIM,0.6,15.132352941176471,8.0,0,67
sciences,BLU,FGSM,0.9,MIM,0.7,15.132352941176471,8.0,0,67
sciences,BLU,FGSM,0.9,MIM,0.8,15.132352941176471,8.0,0,67
sciences,BLU,FGSM,0.9,MIM,0.9,15.132352941176471,8.0,0,67
sciences,BLU,FGSM,0.9,MIM,1.0,15.132352941176471,8.0,0,67
sciences,HTC,FGSM,0.9,MIM,0.1,9.897058823529411,5.5,0,67
sciences,HTC,FGSM,0.9,MIM,0.2,9.727941176470589,5.0,0,67
sciences,HTC,FGSM,0.9,MIM,0.3,9.727941176470589,5.0,0,67
sciences,HTC,FGSM,0.9,MIM,0.4,9.727941176470589,5.0,0,67
sciences,HTC,FGSM,0.9,MIM,0.5,9.727941176470589,5.0,0,67
sciences,HTC,FGSM,0.9,MIM,0.6,9.727941176470589,5.0,0,67
sciences,HTC,FGSM,0.9,MIM,0.7,9.727941176470589,5.0,0,67
sciences,HTC,FGSM,0.9,MIM,0.8,9.727941176470589,5.0,0,67
sciences,HTC,FGSM,0.9,MIM,0.9,9.727941176470589,5.0,0,67
sciences,HTC,FGSM,0.9,MIM,1.0,9.727941176470589,5.0,0,67
sciences,LG,FGSM,0.9,MIM,0.1,10.316176470588236,5.0,0,65
sciences,LG,FGSM,0.9,MIM,0.2,10.713235294117647,5.0,0,65
sciences,LG,FGSM,0.9,MIM,0.3,10.713235294117647,5.0,0,65
sciences,LG,FGSM,0.9,MIM,0.4,10.713235294117647,5.0,0,65
sciences,LG,FGSM,0.9,MIM,0.5,10.713235294117647,5.0,0,65
sciences,LG,FGSM,0.9,MIM,0.6,10.713235294117647,5.0,0,65
sciences,LG,FGSM,0.9,MIM,0.7,10.713235294117647,5.0,0,65
sciences,LG,FGSM,0.9,MIM,0.8,10.713235294117647,5.0,0,65
sciences,LG,FGSM,0.9,MIM,0.9,10.713235294117647,5.0,0,65
sciences,LG,FGSM,0.9,MIM,1.0,10.713235294117647,5.0,0,65
sciences,MOTO,FGSM,0.9,MIM,0.1,9.051470588235293,5.0,0,64
sciences,MOTO,FGSM,0.9,MIM,0.2,9.926470588235293,5.0,0,64
sciences,MOTO,FGSM,0.9,MIM,0.3,9.926470588235293,5.0,0,64
sciences,MOTO,FGSM,0.9,MIM,0.4,9.926470588235293,5.0,0,64
sciences,MOTO,FGSM,0.9,MIM,0.5,9.926470588235293,5.0,0,64
sciences,MOTO,FGSM,0.9,MIM,0.6,9.926470588235293,5.0,0,64
sciences,MOTO,FGSM,0.9,MIM,0.7,9.926470588235293,5.0,0,64
sciences,MOTO,FGSM,0.9,MIM,0.8,9.926470588235293,5.0,0,64
sciences,MOTO,FGSM,0.9,MIM,0.9,9.926470588235293,5.0,0,64
sciences,MOTO,FGSM,0.9,MIM,1.0,9.926470588235293,5.0,0,64
sciences,OP3,FGSM,0.9,MIM,0.1,10.669117647058824,5.0,0,64
sciences,OP3,FGSM,0.9,MIM,0.2,12.25,6.0,0,64
sciences,OP3,FGSM,0.9,MIM,0.3,12.25,6.0,0,64
sciences,OP3,FGSM,0.9,MIM,0.4,12.117647058823529,6.0,0,64
sciences,OP3,FGSM,0.9,MIM,0.5,12.117647058823529,6.0,0,64
sciences,OP3,FGSM,0.9,MIM,0.6,12.117647058823529,6.0,0,64
sciences,OP3,FGSM,0.9,MIM,0.7,12.117647058823529,6.0,0,64
sciences,OP3,FGSM,0.9,MIM,0.8,12.117647058823529,6.0,0,64
sciences,OP3,FGSM,0.9,MIM,0.9,12.117647058823529,6.0,0,64
sciences,OP3,FGSM,0.9,MIM,1.0,12.117647058823529,6.0,0,64
sciences,S7,FGSM,0.9,MIM,0.1,10.022058823529411,6.0,0,60
sciences,S7,FGSM,0.9,MIM,0.2,10.941176470588236,6.0,0,60
sciences,S7,FGSM,0.9,MIM,0.3,10.941176470588236,6.0,0,60
sciences,S7,FGSM,0.9,MIM,0.4,10.941176470588236,6.0,0,60
sciences,S7,FGSM,0.9,MIM,0.5,10.941176470588236,6.0,0,60
sciences,S7,FGSM,0.9,MIM,0.6,10.941176470588236,6.0,0,60
sciences,S7,FGSM,0.9,MIM,0.7,10.941176470588236,6.0,0,60
sciences,S7,FGSM,0.9,MIM,0.8,10.941176470588236,6.0,0,60
sciences,S7,FGSM,0.9,MIM,0.9,10.941176470588236,6.0,0,60
sciences,S7,FGSM,0.9,MIM,1.0,10.941176470588236,6.0,0,60
sciences,BLU,FGSM,1.0,MIM,0.1,13.477941176470589,7.0,0,61
sciences,BLU,FGSM,1.0,MIM,0.2,13.448529411764707,7.0,0,61
sciences,BLU,FGSM,1.0,MIM,0.3,13.397058823529411,7.0,0,61
sciences,BLU,FGSM,1.0,MIM,0.4,13.433823529411764,7.0,0,61
sciences,BLU,FGSM,1.0,MIM,0.5,13.433823529411764,7.0,0,61
sciences,BLU,FGSM,1.0,MIM,0.6,13.433823529411764,7.0,0,61
sciences,BLU,FGSM,1.0,MIM,0.7,13.433823529411764,7.0,0,61
sciences,BLU,FGSM,1.0,MIM,0.8,13.433823529411764,7.0,0,61
sciences,BLU,FGSM,1.0,MIM,0.9,13.433823529411764,7.0,0,61
sciences,BLU,FGSM,1.0,MIM,1.0,13.433823529411764,7.0,0,61
sciences,HTC,FGSM,1.0,MIM,0.1,9.970588235294118,6.0,0,66
sciences,HTC,FGSM,1.0,MIM,0.2,9.764705882352942,6.0,0,63
sciences,HTC,FGSM,1.0,MIM,0.3,10.220588235294118,6.0,0,66
sciences,HTC,FGSM,1.0,MIM,0.4,10.227941176470589,6.0,0,66
sciences,HTC,FGSM,1.0,MIM,0.5,10.227941176470589,6.0,0,66
sciences,HTC,FGSM,1.0,MIM,0.6,10.227941176470589,6.0,0,66
sciences,HTC,FGSM,1.0,MIM,0.7,10.227941176470589,6.0,0,66
sciences,HTC,FGSM,1.0,MIM,0.8,10.227941176470589,6.0,0,66
sciences,HTC,FGSM,1.0,MIM,0.9,10.227941176470589,6.0,0,66
sciences,HTC,FGSM,1.0,MIM,1.0,10.227941176470589,6.0,0,66
sciences,LG,FGSM,1.0,MIM,0.1,10.573529411764707,5.5,0,63
sciences,LG,FGSM,1.0,MIM,0.2,10.470588235294118,5.0,0,64
sciences,LG,FGSM,1.0,MIM,0.3,10.514705882352942,5.0,0,64
sciences,LG,FGSM,1.0,MIM,0.4,10.514705882352942,5.0,0,64
sciences,LG,FGSM,1.0,MIM,0.5,10.514705882352942,5.0,0,64
sciences,LG,FGSM,1.0,MIM,0.6,10.514705882352942,5.0,0,64
sciences,LG,FGSM,1.0,MIM,0.7,10.514705882352942,5.0,0,64
sciences,LG,FGSM,1.0,MIM,0.8,10.514705882352942,5.0,0,64
sciences,LG,FGSM,1.0,MIM,0.9,10.514705882352942,5.0,0,64
sciences,LG,FGSM,1.0,MIM,1.0,10.514705882352942,5.0,0,64
sciences,MOTO,FGSM,1.0,MIM,0.1,10.5,7.0,0,49
sciences,MOTO,FGSM,1.0,MIM,0.2,10.551470588235293,7.0,0,49
sciences,MOTO,FGSM,1.0,MIM,0.3,10.426470588235293,7.0,0,49
sciences,MOTO,FGSM,1.0,MIM,0.4,10.426470588235293,7.0,0,49
sciences,MOTO,FGSM,1.0,MIM,0.5,10.426470588235293,7.0,0,49
sciences,MOTO,FGSM,1.0,MIM,0.6,10.426470588235293,7.0,0,49
sciences,MOTO,FGSM,1.0,MIM,0.7,10.426470588235293,7.0,0,49
sciences,MOTO,FGSM,1.0,MIM,0.8,10.426470588235293,7.0,0,49
sciences,MOTO,FGSM,1.0,MIM,0.9,10.426470588235293,7.0,0,49
sciences,MOTO,FGSM,1.0,MIM,1.0,10.426470588235293,7.0,0,49
sciences,OP3,FGSM,1.0,MIM,0.1,12.727941176470589,8.0,0,64
sciences,OP3,FGSM,1.0,MIM,0.2,12.977941176470589,8.0,0,64
sciences,OP3,FGSM,1.0,MIM,0.3,12.875,8.0,0,64
sciences,OP3,FGSM,1.0,MIM,0.4,12.875,8.0,0,64
sciences,OP3,FGSM,1.0,MIM,0.5,12.875,8.0,0,64
sciences,OP3,FGSM,1.0,MIM,0.6,12.875,8.0,0,64
sciences,OP3,FGSM,1.0,MIM,0.7,12.875,8.0,0,64
sciences,OP3,FGSM,1.0,MIM,0.8,12.875,8.0,0,64
sciences,OP3,FGSM,1.0,MIM,0.9,12.875,8.0,0,64
sciences,OP3,FGSM,1.0,MIM,1.0,12.875,8.0,0,64
sciences,S7,FGSM,1.0,MIM,0.1,9.558823529411764,6.0,0,64
sciences,S7,FGSM,1.0,MIM,0.2,9.470588235294118,6.0,0,64
sciences,S7,FGSM,1.0,MIM,0.3,9.654411764705882,6.0,0,64
sciences,S7,FGSM,1.0,MIM,0.4,9.654411764705882,6.0,0,64
sciences,S7,FGSM,1.0,MIM,0.5,9.654411764705882,6.0,0,64
sciences,S7,FGSM,1.0,MIM,0.6,9.654411764705882,6.0,0,64
sciences,S7,FGSM,1.0,MIM,0.7,9.654411764705882,6.0,0,64
sciences,S7,FGSM,1.0,MIM,0.8,9.654411764705882,6.0,0,64
sciences,S7,FGSM,1.0,MIM,0.9,9.654411764705882,6.0,0,64
sciences,S7,FGSM,1.0,MIM,1.0,9.654411764705882,6.0,0,64
sciences,BLU,PGD,0.1,MIM,0.1,17.308823529411764,12.0,0,66
sciences,BLU,PGD,0.1,MIM,0.2,16.485294117647058,12.0,0,66
sciences,BLU,PGD,0.1,MIM,0.3,16.529411764705884,12.0,0,66
sciences,BLU,PGD,0.1,MIM,0.4,16.647058823529413,12.0,0,66
sciences,BLU,PGD,0.1,MIM,0.5,16.647058823529413,12.0,0,66
sciences,BLU,PGD,0.1,MIM,0.6,16.647058823529413,12.0,0,66
sciences,BLU,PGD,0.1,MIM,0.7,16.647058823529413,12.0,0,66
sciences,BLU,PGD,0.1,MIM,0.8,16.647058823529413,12.0,0,66
sciences,BLU,PGD,0.1,MIM,0.9,16.647058823529413,12.0,0,66
sciences,BLU,PGD,0.1,MIM,1.0,16.647058823529413,12.0,0,66
sciences,HTC,PGD,0.1,MIM,0.1,15.823529411764707,8.5,0,66
sciences,HTC,PGD,0.1,MIM,0.2,15.323529411764707,9.0,0,66
sciences,HTC,PGD,0.1,MIM,0.3,15.455882352941176,9.0,0,66
sciences,HTC,PGD,0.1,MIM,0.4,15.632352941176471,9.0,0,66
sciences,HTC,PGD,0.1,MIM,0.5,15.632352941176471,9.0,0,66
sciences,HTC,PGD,0.1,MIM,0.6,15.632352941176471,9.0,0,66
sciences,HTC,PGD,0.1,MIM,0.7,15.632352941176471,9.0,0,66
sciences,HTC,PGD,0.1,MIM,0.8,15.632352941176471,9.0,0,66
sciences,HTC,PGD,0.1,MIM,0.9,15.632352941176471,9.0,0,66
sciences,HTC,PGD,0.1,MIM,1.0,15.632352941176471,9.0,0,66
sciences,LG,PGD,0.1,MIM,0.1,13.992647058823529,7.0,0,66
sciences,LG,PGD,0.1,MIM,0.2,14.419117647058824,7.0,0,66
sciences,LG,PGD,0.1,MIM,0.3,14.375,7.0,0,66
sciences,LG,PGD,0.1,MIM,0.4,14.470588235294118,7.0,0,66
sciences,LG,PGD,0.1,MIM,0.5,14.470588235294118,7.0,0,66
sciences,LG,PGD,0.1,MIM,0.6,14.470588235294118,7.0,0,66
sciences,LG,PGD,0.1,MIM,0.7,14.470588235294118,7.0,0,66
sciences,LG,PGD,0.1,MIM,0.8,14.470588235294118,7.0,0,66
sciences,LG,PGD,0.1,MIM,0.9,14.470588235294118,7.0,0,66
sciences,LG,PGD,0.1,MIM,1.0,14.470588235294118,7.0,0,66
sciences,MOTO,PGD,0.1,MIM,0.1,16.551470588235293,11.0,0,66
sciences,MOTO,PGD,0.1,MIM,0.2,16.50735294117647,10.5,0,66
sciences,MOTO,PGD,0.1,MIM,0.3,16.183823529411764,10.0,0,66
sciences,MOTO,PGD,0.1,MIM,0.4,16.610294117647058,10.5,0,66
sciences,MOTO,PGD,0.1,MIM,0.5,16.610294117647058,10.5,0,66
sciences,MOTO,PGD,0.1,MIM,0.6,16.610294117647058,10.5,0,66
sciences,MOTO,PGD,0.1,MIM,0.7,16.610294117647058,10.5,0,66
sciences,MOTO,PGD,0.1,MIM,0.8,16.610294117647058,10.5,0,66
sciences,MOTO,PGD,0.1,MIM,0.9,16.610294117647058,10.5,0,66
sciences,MOTO,PGD,0.1,MIM,1.0,16.610294117647058,10.5,0,66
sciences,OP3,PGD,0.1,MIM,0.1,15.441176470588236,10.0,0,57
sciences,OP3,PGD,0.1,MIM,0.2,15.970588235294118,11.0,0,58
sciences,OP3,PGD,0.1,MIM,0.3,15.705882352941176,11.0,0,58
sciences,OP3,PGD,0.1,MIM,0.4,15.852941176470589,11.0,0,58
sciences,OP3,PGD,0.1,MIM,0.5,15.852941176470589,11.0,0,58
sciences,OP3,PGD,0.1,MIM,0.6,15.852941176470589,11.0,0,58
sciences,OP3,PGD,0.1,MIM,0.7,15.852941176470589,11.0,0,58
sciences,OP3,PGD,0.1,MIM,0.8,15.852941176470589,11.0,0,58
sciences,OP3,PGD,0.1,MIM,0.9,15.852941176470589,11.0,0,58
sciences,OP3,PGD,0.1,MIM,1.0,15.852941176470589,11.0,0,58
sciences,S7,PGD,0.1,MIM,0.1,17.014705882352942,10.5,0,61
sciences,S7,PGD,0.1,MIM,0.2,16.058823529411764,10.0,0,61
sciences,S7,PGD,0.1,MIM,0.3,16.573529411764707,10.5,0,61
sciences,S7,PGD,0.1,MIM,0.4,16.551470588235293,10.5,0,61
sciences,S7,PGD,0.1,MIM,0.5,16.551470588235293,10.5,0,61
sciences,S7,PGD,0.1,MIM,0.6,16.551470588235293,10.5,0,61
sciences,S7,PGD,0.1,MIM,0.7,16.551470588235293,10.5,0,61
sciences,S7,PGD,0.1,MIM,0.8,16.551470588235293,10.5,0,61
sciences,S7,PGD,0.1,MIM,0.9,16.551470588235293,10.5,0,61
sciences,S7,PGD,0.1,MIM,1.0,16.551470588235293,10.5,0,61
sciences,BLU,PGD,0.2,MIM,0.1,21.610294117647058,13.0,0,66
sciences,BLU,PGD,0.2,MIM,0.2,21.485294117647058,13.0,0,66
sciences,BLU,PGD,0.2,MIM,0.3,21.095588235294116,13.0,0,66
sciences,BLU,PGD,0.2,MIM,0.4,20.897058823529413,13.0,0,66
sciences,BLU,PGD,0.2,MIM,0.5,20.897058823529413,13.0,0,66
sciences,BLU,PGD,0.2,MIM,0.6,20.897058823529413,13.0,0,66
sciences,BLU,PGD,0.2,MIM,0.7,20.897058823529413,13.0,0,66
sciences,BLU,PGD,0.2,MIM,0.8,20.897058823529413,13.0,0,66
sciences,BLU,PGD,0.2,MIM,0.9,20.897058823529413,13.0,0,66
sciences,BLU,PGD,0.2,MIM,1.0,20.897058823529413,13.0,0,66
sciences,HTC,PGD,0.2,MIM,0.1,15.625,10.5,0,66
sciences,HTC,PGD,0.2,MIM,0.2,16.66176470588235,12.0,0,67
sciences,HTC,PGD,0.2,MIM,0.3,17.022058823529413,12.0,0,67
sciences,HTC,PGD,0.2,MIM,0.4,16.99264705882353,12.0,0,67
sciences,HTC,PGD,0.2,MIM,0.5,16.99264705882353,12.0,0,67
sciences,HTC,PGD,0.2,MIM,0.6,16.99264705882353,12.0,0,67
sciences,HTC,PGD,0.2,MIM,0.7,16.99264705882353,12.0,0,67
sciences,HTC,PGD,0.2,MIM,0.8,16.99264705882353,12.0,0,67
sciences,HTC,PGD,0.2,MIM,0.9,16.99264705882353,12.0,0,67
sciences,HTC,PGD,0.2,MIM,1.0,16.99264705882353,12.0,0,67
sciences,LG,PGD,0.2,MIM,0.1,14.617647058823529,9.5,0,66
sciences,LG,PGD,0.2,MIM,0.2,16.169117647058822,10.5,0,66
sciences,LG,PGD,0.2,MIM,0.3,16.389705882352942,10.0,0,66
sciences,LG,PGD,0.2,MIM,0.4,16.419117647058822,10.0,0,66
sciences,LG,PGD,0.2,MIM,0.5,16.419117647058822,10.0,0,66
sciences,LG,PGD,0.2,MIM,0.6,16.419117647058822,10.0,0,66
sciences,LG,PGD,0.2,MIM,0.7,16.419117647058822,10.0,0,66
sciences,LG,PGD,0.2,MIM,0.8,16.419117647058822,10.0,0,66
sciences,LG,PGD,0.2,MIM,0.9,16.419117647058822,10.0,0,66
sciences,LG,PGD,0.2,MIM,1.0,16.419117647058822,10.0,0,66
sciences,MOTO,PGD,0.2,MIM,0.1,19.419117647058822,13.0,0,65
sciences,MOTO,PGD,0.2,MIM,0.2,18.205882352941178,13.0,0,62
sciences,MOTO,PGD,0.2,MIM,0.3,18.110294117647058,13.0,0,62
sciences,MOTO,PGD,0.2,MIM,0.4,18.147058823529413,13.0,0,62
sciences,MOTO,PGD,0.2,MIM,0.5,18.147058823529413,13.0,0,62
sciences,MOTO,PGD,0.2,MIM,0.6,18.147058823529413,13.0,0,62
sciences,MOTO,PGD,0.2,MIM,0.7,18.147058823529413,13.0,0,62
sciences,MOTO,PGD,0.2,MIM,0.8,18.147058823529413,13.0,0,62
sciences,MOTO,PGD,0.2,MIM,0.9,18.147058823529413,13.0,0,62
sciences,MOTO,PGD,0.2,MIM,1.0,18.147058823529413,13.0,0,62
sciences,OP3,PGD,0.2,MIM,0.1,15.286764705882353,10.0,0,67
sciences,OP3,PGD,0.2,MIM,0.2,16.647058823529413,11.0,0,67
sciences,OP3,PGD,0.2,MIM,0.3,16.11764705882353,10.0,0,67
sciences,OP3,PGD,0.2,MIM,0.4,16.11764705882353,10.0,0,67
sciences,OP3,PGD,0.2,MIM,0.5,16.11764705882353,10.0,0,67
sciences,OP3,PGD,0.2,MIM,0.6,16.11764705882353,10.0,0,67
sciences,OP3,PGD,0.2,MIM,0.7,16.11764705882353,10.0,0,67
sciences,OP3,PGD,0.2,MIM,0.8,16.11764705882353,10.0,0,67
sciences,OP3,PGD,0.2,MIM,0.9,16.11764705882353,10.0,0,67
sciences,OP3,PGD,0.2,MIM,1.0,16.11764705882353,10.0,0,67
sciences,S7,PGD,0.2,MIM,0.1,16.61764705882353,12.0,0,67
sciences,S7,PGD,0.2,MIM,0.2,15.897058823529411,12.0,0,64
sciences,S7,PGD,0.2,MIM,0.3,16.63235294117647,12.0,0,64
sciences,S7,PGD,0.2,MIM,0.4,16.485294117647058,12.0,0,64
sciences,S7,PGD,0.2,MIM,0.5,16.485294117647058,12.0,0,64
sciences,S7,PGD,0.2,MIM,0.6,16.485294117647058,12.0,0,64
sciences,S7,PGD,0.2,MIM,0.7,16.485294117647058,12.0,0,64
sciences,S7,PGD,0.2,MIM,0.8,16.485294117647058,12.0,0,64
sciences,S7,PGD,0.2,MIM,0.9,16.485294117647058,12.0,0,64
sciences,S7,PGD,0.2,MIM,1.0,16.485294117647058,12.0,0,64
sciences,BLU,PGD,0.3,MIM,0.1,20.080882352941178,14.0,0,66
sciences,BLU,PGD,0.3,MIM,0.2,20.058823529411764,13.0,0,66
sciences,BLU,PGD,0.3,MIM,0.3,20.227941176470587,13.0,0,66
sciences,BLU,PGD,0.3,MIM,0.4,20.470588235294116,13.5,0,66
sciences,BLU,PGD,0.3,MIM,0.5,20.470588235294116,13.5,0,66
sciences,BLU,PGD,0.3,MIM,0.6,20.470588235294116,13.5,0,66
sciences,BLU,PGD,0.3,MIM,0.7,20.470588235294116,13.5,0,66
sciences,BLU,PGD,0.3,MIM,0.8,20.470588235294116,13.5,0,66
sciences,BLU,PGD,0.3,MIM,0.9,20.470588235294116,13.5,0,66
sciences,BLU,PGD,0.3,MIM,1.0,20.470588235294116,13.5,0,66
sciences,HTC,PGD,0.3,MIM,0.1,16.33823529411765,9.5,0,66
sciences,HTC,PGD,0.3,MIM,0.2,16.28676470588235,10.5,0,66
sciences,HTC,PGD,0.3,MIM,0.3,16.25735294117647,10.0,0,66
sciences,HTC,PGD,0.3,MIM,0.4,16.235294117647058,10.0,0,66
sciences,HTC,PGD,0.3,MIM,0.5,16.235294117647058,10.0,0,66
sciences,HTC,PGD,0.3,MIM,0.6,16.235294117647058,10.0,0,66
sciences,HTC,PGD,0.3,MIM,0.7,16.235294117647058,10.0,0,66
sciences,HTC,PGD,0.3,MIM,0.8,16.235294117647058,10.0,0,66
sciences,HTC,PGD,0.3,MIM,0.9,16.235294117647058,10.0,0,66
sciences,HTC,PGD,0.3,MIM,1.0,16.235294117647058,10.0,0,66
sciences,LG,PGD,0.3,MIM,0.1,16.49264705882353,9.0,0,67
sciences,LG,PGD,0.3,MIM,0.2,17.36764705882353,9.0,0,67
sciences,LG,PGD,0.3,MIM,0.3,17.169117647058822,9.0,0,67
sciences,LG,PGD,0.3,MIM,0.4,17.183823529411764,9.0,0,67
sciences,LG,PGD,0.3,MIM,0.5,17.183823529411764,9.0,0,67
sciences,LG,PGD,0.3,MIM,0.6,17.183823529411764,9.0,0,67
sciences,LG,PGD,0.3,MIM,0.7,17.183823529411764,9.0,0,67
sciences,LG,PGD,0.3,MIM,0.8,17.183823529411764,9.0,0,67
sciences,LG,PGD,0.3,MIM,0.9,17.183823529411764,9.0,0,67
sciences,LG,PGD,0.3,MIM,1.0,17.183823529411764,9.0,0,67
sciences,MOTO,PGD,0.3,MIM,0.1,19.573529411764707,12.0,0,66
sciences,MOTO,PGD,0.3,MIM,0.2,18.691176470588236,11.0,0,66
sciences,MOTO,PGD,0.3,MIM,0.3,18.852941176470587,11.0,0,66
sciences,MOTO,PGD,0.3,MIM,0.4,19.08823529411765,11.0,0,66
sciences,MOTO,PGD,0.3,MIM,0.5,19.08823529411765,11.0,0,66
sciences,MOTO,PGD,0.3,MIM,0.6,19.08823529411765,11.0,0,66
sciences,MOTO,PGD,0.3,MIM,0.7,19.08823529411765,11.0,0,66
sciences,MOTO,PGD,0.3,MIM,0.8,19.08823529411765,11.0,0,66
sciences,MOTO,PGD,0.3,MIM,0.9,19.08823529411765,11.0,0,66
sciences,MOTO,PGD,0.3,MIM,1.0,19.08823529411765,11.0,0,66
sciences,OP3,PGD,0.3,MIM,0.1,14.955882352941176,9.0,0,60
sciences,OP3,PGD,0.3,MIM,0.2,15.352941176470589,9.0,0,60
sciences,OP3,PGD,0.3,MIM,0.3,15.264705882352942,9.0,0,60
sciences,OP3,PGD,0.3,MIM,0.4,15.647058823529411,9.5,0,60
sciences,OP3,PGD,0.3,MIM,0.5,15.647058823529411,9.5,0,60
sciences,OP3,PGD,0.3,MIM,0.6,15.647058823529411,9.5,0,60
sciences,OP3,PGD,0.3,MIM,0.7,15.647058823529411,9.5,0,60
sciences,OP3,PGD,0.3,MIM,0.8,15.647058823529411,9.5,0,60
sciences,OP3,PGD,0.3,MIM,0.9,15.647058823529411,9.5,0,60
sciences,OP3,PGD,0.3,MIM,1.0,15.647058823529411,9.5,0,60
sciences,S7,PGD,0.3,MIM,0.1,17.404411764705884,11.0,0,66
sciences,S7,PGD,0.3,MIM,0.2,17.073529411764707,11.0,0,66
sciences,S7,PGD,0.3,MIM,0.3,17.360294117647058,12.0,0,66
sciences,S7,PGD,0.3,MIM,0.4,17.83823529411765,12.0,0,66
sciences,S7,PGD,0.3,MIM,0.5,17.83823529411765,12.0,0,66
sciences,S7,PGD,0.3,MIM,0.6,17.83823529411765,12.0,0,66
sciences,S7,PGD,0.3,MIM,0.7,17.83823529411765,12.0,0,66
sciences,S7,PGD,0.3,MIM,0.8,17.83823529411765,12.0,0,66
sciences,S7,PGD,0.3,MIM,0.9,17.83823529411765,12.0,0,66
sciences,S7,PGD,0.3,MIM,1.0,17.83823529411765,12.0,0,66
sciences,BLU,PGD,0.4,MIM,0.1,15.588235294117647,12.0,0,61
sciences,BLU,PGD,0.4,MIM,0.2,15.661764705882353,12.5,0,61
sciences,BLU,PGD,0.4,MIM,0.3,15.463235294117647,12.0,0,61
sciences,BLU,PGD,0.4,MIM,0.4,15.536764705882353,12.5,0,61
sciences,BLU,PGD,0.4,MIM,0.5,15.536764705882353,12.5,0,61
sciences,BLU,PGD,0.4,MIM,0.6,15.536764705882353,12.5,0,61
sciences,BLU,PGD,0.4,MIM,0.7,15.536764705882353,12.5,0,61
sciences,BLU,PGD,0.4,MIM,0.8,15.536764705882353,12.5,0,61
sciences,BLU,PGD,0.4,MIM,0.9,15.536764705882353,12.5,0,61
sciences,BLU,PGD,0.4,MIM,1.0,15.536764705882353,12.5,0,61
sciences,HTC,PGD,0.4,MIM,0.1,15.169117647058824,9.0,0,64
sciences,HTC,PGD,0.4,MIM,0.2,15.551470588235293,9.0,0,64
sciences,HTC,PGD,0.4,MIM,0.3,15.691176470588236,9.0,0,64
sciences,HTC,PGD,0.4,MIM,0.4,15.691176470588236,9.0,0,64
sciences,HTC,PGD,0.4,MIM,0.5,15.691176470588236,9.0,0,64
sciences,HTC,PGD,0.4,MIM,0.6,15.691176470588236,9.0,0,64
sciences,HTC,PGD,0.4,MIM,0.7,15.691176470588236,9.0,0,64
sciences,HTC,PGD,0.4,MIM,0.8,15.691176470588236,9.0,0,64
sciences,HTC,PGD,0.4,MIM,0.9,15.691176470588236,9.0,0,64
sciences,HTC,PGD,0.4,MIM,1.0,15.691176470588236,9.0,0,64
sciences,LG,PGD,0.4,MIM,0.1,12.875,8.5,0,67
sciences,LG,PGD,0.4,MIM,0.2,12.933823529411764,8.5,0,67
sciences,LG,PGD,0.4,MIM,0.3,12.970588235294118,8.5,0,67
sciences,LG,PGD,0.4,MIM,0.4,13.066176470588236,9.0,0,67
sciences,LG,PGD,0.4,MIM,0.5,13.066176470588236,9.0,0,67
sciences,LG,PGD,0.4,MIM,0.6,13.066176470588236,9.0,0,67
sciences,LG,PGD,0.4,MIM,0.7,13.066176470588236,9.0,0,67
sciences,LG,PGD,0.4,MIM,0.8,13.066176470588236,9.0,0,67
sciences,LG,PGD,0.4,MIM,0.9,13.066176470588236,9.0,0,67
sciences,LG,PGD,0.4,MIM,1.0,13.066176470588236,9.0,0,67
sciences,MOTO,PGD,0.4,MIM,0.1,14.272058823529411,8.5,0,61
sciences,MOTO,PGD,0.4,MIM,0.2,15.161764705882353,9.0,0,61
sciences,MOTO,PGD,0.4,MIM,0.3,15.308823529411764,9.0,0,61
sciences,MOTO,PGD,0.4,MIM,0.4,15.308823529411764,9.0,0,61
sciences,MOTO,PGD,0.4,MIM,0.5,15.308823529411764,9.0,0,61
sciences,MOTO,PGD,0.4,MIM,0.6,15.308823529411764,9.0,0,61
sciences,MOTO,PGD,0.4,MIM,0.7,15.308823529411764,9.0,0,61
sciences,MOTO,PGD,0.4,MIM,0.8,15.308823529411764,9.0,0,61
sciences,MOTO,PGD,0.4,MIM,0.9,15.308823529411764,9.0,0,61
sciences,MOTO,PGD,0.4,MIM,1.0,15.308823529411764,9.0,0,61
sciences,OP3,PGD,0.4,MIM,0.1,13.176470588235293,9.0,0,56
sciences,OP3,PGD,0.4,MIM,0.2,13.779411764705882,10.0,0,56
sciences,OP3,PGD,0.4,MIM,0.3,13.588235294117647,10.0,0,56
sciences,OP3,PGD,0.4,MIM,0.4,13.580882352941176,10.0,0,56
sciences,OP3,PGD,0.4,MIM,0.5,13.580882352941176,10.0,0,56
sciences,OP3,PGD,0.4,MIM,0.6,13.580882352941176,10.0,0,56
sciences,OP3,PGD,0.4,MIM,0.7,13.580882352941176,10.0,0,56
sciences,OP3,PGD,0.4,MIM,0.8,13.580882352941176,10.0,0,56
sciences,OP3,PGD,0.4,MIM,0.9,13.580882352941176,10.0,0,56
sciences,OP3,PGD,0.4,MIM,1.0,13.580882352941176,10.0,0,56
sciences,S7,PGD,0.4,MIM,0.1,16.191176470588236,10.0,0,67
sciences,S7,PGD,0.4,MIM,0.2,16.139705882352942,10.5,0,67
sciences,S7,PGD,0.4,MIM,0.3,15.977941176470589,10.0,0,67
sciences,S7,PGD,0.4,MIM,0.4,15.955882352941176,10.0,0,67
sciences,S7,PGD,0.4,MIM,0.5,15.955882352941176,10.0,0,67
sciences,S7,PGD,0.4,MIM,0.6,15.955882352941176,10.0,0,67
sciences,S7,PGD,0.4,MIM,0.7,15.955882352941176,10.0,0,67
sciences,S7,PGD,0.4,MIM,0.8,15.955882352941176,10.0,0,67
sciences,S7,PGD,0.4,MIM,0.9,15.955882352941176,10.0,0,67
sciences,S7,PGD,0.4,MIM,1.0,15.955882352941176,10.0,0,67
sciences,BLU,PGD,0.5,MIM,0.1,14.691176470588236,11.0,0,62
sciences,BLU,PGD,0.5,MIM,0.2,14.404411764705882,11.0,0,62
sciences,BLU,PGD,0.5,MIM,0.3,14.816176470588236,11.0,0,62
sciences,BLU,PGD,0.5,MIM,0.4,14.823529411764707,11.0,0,62
sciences,BLU,PGD,0.5,MIM,0.5,14.823529411764707,11.0,0,62
sciences,BLU,PGD,0.5,MIM,0.6,14.823529411764707,11.0,0,62
sciences,BLU,PGD,0.5,MIM,0.7,14.823529411764707,11.0,0,62
sciences,BLU,PGD,0.5,MIM,0.8,14.823529411764707,11.0,0,62
sciences,BLU,PGD,0.5,MIM,0.9,14.823529411764707,11.0,0,62
sciences,BLU,PGD,0.5,MIM,1.0,14.823529411764707,11.0,0,62
sciences,HTC,PGD,0.5,MIM,0.1,16.794117647058822,8.0,0,65
sciences,HTC,PGD,0.5,MIM,0.2,17.477941176470587,9.0,0,65
sciences,HTC,PGD,0.5,MIM,0.3,16.977941176470587,8.0,0,65
sciences,HTC,PGD,0.5,MIM,0.4,17.066176470588236,8.0,0,65
sciences,HTC,PGD,0.5,MIM,0.5,17.066176470588236,8.0,0,65
sciences,HTC,PGD,0.5,MIM,0.6,17.066176470588236,8.0,0,65
sciences,HTC,PGD,0.5,MIM,0.7,17.066176470588236,8.0,0,65
sciences,HTC,PGD,0.5,MIM,0.8,17.066176470588236,8.0,0,65
sciences,HTC,PGD,0.5,MIM,0.9,17.066176470588236,8.0,0,65
sciences,HTC,PGD,0.5,MIM,1.0,17.066176470588236,8.0,0,65
sciences,LG,PGD,0.5,MIM,0.1,11.448529411764707,7.0,0,63
sciences,LG,PGD,0.5,MIM,0.2,12.117647058823529,8.0,0,63
sciences,LG,PGD,0.5,MIM,0.3,12.169117647058824,7.5,0,63
sciences,LG,PGD,0.5,MIM,0.4,12.007352941176471,7.0,0,63
sciences,LG,PGD,0.5,MIM,0.5,12.007352941176471,7.0,0,63
sciences,LG,PGD,0.5,MIM,0.6,12.007352941176471,7.0,0,63
sciences,LG,PGD,0.5,MIM,0.7,12.007352941176471,7.0,0,63
sciences,LG,PGD,0.5,MIM,0.8,12.007352941176471,7.0,0,63
sciences,LG,PGD,0.5,MIM,0.9,12.007352941176471,7.0,0,63
sciences,LG,PGD,0.5,MIM,1.0,12.007352941176471,7.0,0,63
sciences,MOTO,PGD,0.5,MIM,0.1,12.632352941176471,7.5,0,57
sciences,MOTO,PGD,0.5,MIM,0.2,13.308823529411764,8.0,0,62
sciences,MOTO,PGD,0.5,MIM,0.3,13.154411764705882,8.0,0,63
sciences,MOTO,PGD,0.5,MIM,0.4,13.823529411764707,8.0,0,63
sciences,MOTO,PGD,0.5,MIM,0.5,13.823529411764707,8.0,0,63
sciences,MOTO,PGD,0.5,MIM,0.6,13.823529411764707,8.0,0,63
sciences,MOTO,PGD,0.5,MIM,0.7,13.823529411764707,8.0,0,63
sciences,MOTO,PGD,0.5,MIM,0.8,13.823529411764707,8.0,0,63
sciences,MOTO,PGD,0.5,MIM,0.9,13.823529411764707,8.0,0,63
sciences,MOTO,PGD,0.5,MIM,1.0,13.823529411764707,8.0,0,63
sciences,OP3,PGD,0.5,MIM,0.1,14.625,8.5,0,65
sciences,OP3,PGD,0.5,MIM,0.2,14.308823529411764,8.0,0,65
sciences,OP3,PGD,0.5,MIM,0.3,14.639705882352942,8.5,0,65
sciences,OP3,PGD,0.5,MIM,0.4,14.897058823529411,9.0,0,65
sciences,OP3,PGD,0.5,MIM,0.5,14.897058823529411,9.0,0,65
sciences,OP3,PGD,0.5,MIM,0.6,14.897058823529411,9.0,0,65
sciences,OP3,PGD,0.5,MIM,0.7,14.897058823529411,9.0,0,65
sciences,OP3,PGD,0.5,MIM,0.8,14.897058823529411,9.0,0,65
sciences,OP3,PGD,0.5,MIM,0.9,14.897058823529411,9.0,0,65
sciences,OP3,PGD,0.5,MIM,1.0,14.897058823529411,9.0,0,65
sciences,S7,PGD,0.5,MIM,0.1,13.433823529411764,8.0,0,65
sciences,S7,PGD,0.5,MIM,0.2,12.588235294117647,7.5,0,65
sciences,S7,PGD,0.5,MIM,0.3,13.044117647058824,7.5,0,65
sciences,S7,PGD,0.5,MIM,0.4,13.161764705882353,8.0,0,65
sciences,S7,PGD,0.5,MIM,0.5,13.161764705882353,8.0,0,65
sciences,S7,PGD,0.5,MIM,0.6,13.161764705882353,8.0,0,65
sciences,S7,PGD,0.5,MIM,0.7,13.161764705882353,8.0,0,65
sciences,S7,PGD,0.5,MIM,0.8,13.161764705882353,8.0,0,65
sciences,S7,PGD,0.5,MIM,0.9,13.161764705882353,8.0,0,65
sciences,S7,PGD,0.5,MIM,1.0,13.161764705882353,8.0,0,65
sciences,BLU,PGD,0.6,MIM,0.1,16.404411764705884,13.0,0,67
sciences,BLU,PGD,0.6,MIM,0.2,16.514705882352942,12.5,0,67
sciences,BLU,PGD,0.6,MIM,0.3,17.46323529411765,13.0,0,67
sciences,BLU,PGD,0.6,MIM,0.4,16.330882352941178,12.0,0,67
sciences,BLU,PGD,0.6,MIM,0.5,16.330882352941178,12.0,0,67
sciences,BLU,PGD,0.6,MIM,0.6,16.330882352941178,12.0,0,67
sciences,BLU,PGD,0.6,MIM,0.7,16.330882352941178,12.0,0,67
sciences,BLU,PGD,0.6,MIM,0.8,16.330882352941178,12.0,0,67
sciences,BLU,PGD,0.6,MIM,0.9,16.330882352941178,12.0,0,67
sciences,BLU,PGD,0.6,MIM,1.0,16.330882352941178,12.0,0,67
sciences,HTC,PGD,0.6,MIM,0.1,13.757352941176471,8.0,0,67
sciences,HTC,PGD,0.6,MIM,0.2,13.661764705882353,8.0,0,67
sciences,HTC,PGD,0.6,MIM,0.3,13.639705882352942,8.0,0,67
sciences,HTC,PGD,0.6,MIM,0.4,13.676470588235293,8.0,0,67
sciences,HTC,PGD,0.6,MIM,0.5,13.676470588235293,8.0,0,67
sciences,HTC,PGD,0.6,MIM,0.6,13.676470588235293,8.0,0,67
sciences,HTC,PGD,0.6,MIM,0.7,13.676470588235293,8.0,0,67
sciences,HTC,PGD,0.6,MIM,0.8,13.676470588235293,8.0,0,67
sciences,HTC,PGD,0.6,MIM,0.9,13.676470588235293,8.0,0,67
sciences,HTC,PGD,0.6,MIM,1.0,13.676470588235293,8.0,0,67
sciences,LG,PGD,0.6,MIM,0.1,15.779411764705882,8.0,0,67
sciences,LG,PGD,0.6,MIM,0.2,15.455882352941176,8.0,0,67
sciences,LG,PGD,0.6,MIM,0.3,15.757352941176471,8.0,0,67
sciences,LG,PGD,0.6,MIM,0.4,15.772058823529411,8.0,0,67
sciences,LG,PGD,0.6,MIM,0.5,15.772058823529411,8.0,0,67
sciences,LG,PGD,0.6,MIM,0.6,15.772058823529411,8.0,0,67
sciences,LG,PGD,0.6,MIM,0.7,15.772058823529411,8.0,0,67
sciences,LG,PGD,0.6,MIM,0.8,15.772058823529411,8.0,0,67
sciences,LG,PGD,0.6,MIM,0.9,15.772058823529411,8.0,0,67
sciences,LG,PGD,0.6,MIM,1.0,15.772058823529411,8.0,0,67
sciences,MOTO,PGD,0.6,MIM,0.1,15.801470588235293,11.0,0,67
sciences,MOTO,PGD,0.6,MIM,0.2,15.801470588235293,11.5,0,67
sciences,MOTO,PGD,0.6,MIM,0.3,16.808823529411764,12.0,0,67
sciences,MOTO,PGD,0.6,MIM,0.4,16.198529411764707,11.5,0,67
sciences,MOTO,PGD,0.6,MIM,0.5,16.198529411764707,11.5,0,67
sciences,MOTO,PGD,0.6,MIM,0.6,16.198529411764707,11.5,0,67
sciences,MOTO,PGD,0.6,MIM,0.7,16.198529411764707,11.5,0,67
sciences,MOTO,PGD,0.6,MIM,0.8,16.198529411764707,11.5,0,67
sciences,MOTO,PGD,0.6,MIM,0.9,16.198529411764707,11.5,0,67
sciences,MOTO,PGD,0.6,MIM,1.0,16.198529411764707,11.5,0,67
sciences,OP3,PGD,0.6,MIM,0.1,16.75735294117647,10.0,0,67
sciences,OP3,PGD,0.6,MIM,0.2,15.242647058823529,9.0,0,67
sciences,OP3,PGD,0.6,MIM,0.3,15.808823529411764,10.0,0,67
sciences,OP3,PGD,0.6,MIM,0.4,15.838235294117647,10.0,0,67
sciences,OP3,PGD,0.6,MIM,0.5,15.838235294117647,10.0,0,67
sciences,OP3,PGD,0.6,MIM,0.6,15.838235294117647,10.0,0,67
sciences,OP3,PGD,0.6,MIM,0.7,15.838235294117647,10.0,0,67
sciences,OP3,PGD,0.6,MIM,0.8,15.838235294117647,10.0,0,67
sciences,OP3,PGD,0.6,MIM,0.9,15.838235294117647,10.0,0,67
sciences,OP3,PGD,0.6,MIM,1.0,15.838235294117647,10.0,0,67
sciences,S7,PGD,0.6,MIM,0.1,14.992647058823529,9.0,0,66
sciences,S7,PGD,0.6,MIM,0.2,14.647058823529411,9.0,0,66
sciences,S7,PGD,0.6,MIM,0.3,16.860294117647058,11.0,0,66
sciences,S7,PGD,0.6,MIM,0.4,15.985294117647058,10.5,0,66
sciences,S7,PGD,0.6,MIM,0.5,15.985294117647058,10.5,0,66
sciences,S7,PGD,0.6,MIM,0.6,15.985294117647058,10.5,0,66
sciences,S7,PGD,0.6,MIM,0.7,15.985294117647058,10.5,0,66
sciences,S7,PGD,0.6,MIM,0.8,15.985294117647058,10.5,0,66
sciences,S7,PGD,0.6,MIM,0.9,15.985294117647058,10.5,0,66
sciences,S7,PGD,0.6,MIM,1.0,15.985294117647058,10.5,0,66
sciences,BLU,PGD,0.7,MIM,0.1,14.764705882352942,9.0,0,65
sciences,BLU,PGD,0.7,MIM,0.2,14.889705882352942,9.0,0,65
sciences,BLU,PGD,0.7,MIM,0.3,15.316176470588236,9.0,0,65
sciences,BLU,PGD,0.7,MIM,0.4,15.242647058823529,9.0,0,65
sciences,BLU,PGD,0.7,MIM,0.5,15.242647058823529,9.0,0,65
sciences,BLU,PGD,0.7,MIM,0.6,15.242647058823529,9.0,0,65
sciences,BLU,PGD,0.7,MIM,0.7,15.242647058823529,9.0,0,65
sciences,BLU,PGD,0.7,MIM,0.8,15.242647058823529,9.0,0,65
sciences,BLU,PGD,0.7,MIM,0.9,15.242647058823529,9.0,0,65
sciences,BLU,PGD,0.7,MIM,1.0,15.242647058823529,9.0,0,65
sciences,HTC,PGD,0.7,MIM,0.1,17.389705882352942,9.5,0,66
sciences,HTC,PGD,0.7,MIM,0.2,17.13235294117647,9.0,0,66
sciences,HTC,PGD,0.7,MIM,0.3,17.183823529411764,9.0,0,66
sciences,HTC,PGD,0.7,MIM,0.4,17.308823529411764,9.5,0,66
sciences,HTC,PGD,0.7,MIM,0.5,17.308823529411764,9.5,0,66
sciences,HTC,PGD,0.7,MIM,0.6,17.308823529411764,9.5,0,66
sciences,HTC,PGD,0.7,MIM,0.7,17.308823529411764,9.5,0,66
sciences,HTC,PGD,0.7,MIM,0.8,17.308823529411764,9.5,0,66
sciences,HTC,PGD,0.7,MIM,0.9,17.308823529411764,9.5,0,66
sciences,HTC,PGD,0.7,MIM,1.0,17.308823529411764,9.5,0,66
sciences,LG,PGD,0.7,MIM,0.1,14.720588235294118,8.0,0,65
sciences,LG,PGD,0.7,MIM,0.2,15.455882352941176,8.0,0,65
sciences,LG,PGD,0.7,MIM,0.3,15.323529411764707,8.0,0,65
sciences,LG,PGD,0.7,MIM,0.4,15.323529411764707,8.0,0,65
sciences,LG,PGD,0.7,MIM,0.5,15.323529411764707,8.0,0,65
sciences,LG,PGD,0.7,MIM,0.6,15.323529411764707,8.0,0,65
sciences,LG,PGD,0.7,MIM,0.7,15.323529411764707,8.0,0,65
sciences,LG,PGD,0.7,MIM,0.8,15.323529411764707,8.0,0,65
sciences,LG,PGD,0.7,MIM,0.9,15.323529411764707,8.0,0,65
sciences,LG,PGD,0.7,MIM,1.0,15.323529411764707,8.0,0,65
sciences,MOTO,PGD,0.7,MIM,0.1,15.330882352941176,8.5,0,64
sciences,MOTO,PGD,0.7,MIM,0.2,15.102941176470589,9.0,0,64
sciences,MOTO,PGD,0.7,MIM,0.3,15.183823529411764,9.0,0,64
sciences,MOTO,PGD,0.7,MIM,0.4,15.264705882352942,9.0,0,64
sciences,MOTO,PGD,0.7,MIM,0.5,15.264705882352942,9.0,0,64
sciences,MOTO,PGD,0.7,MIM,0.6,15.264705882352942,9.0,0,64
sciences,MOTO,PGD,0.7,MIM,0.7,15.264705882352942,9.0,0,64
sciences,MOTO,PGD,0.7,MIM,0.8,15.264705882352942,9.0,0,64
sciences,MOTO,PGD,0.7,MIM,0.9,15.264705882352942,9.0,0,64
sciences,MOTO,PGD,0.7,MIM,1.0,15.264705882352942,9.0,0,64
sciences,OP3,PGD,0.7,MIM,0.1,13.963235294117647,10.0,0,60
sciences,OP3,PGD,0.7,MIM,0.2,14.477941176470589,10.0,0,61
sciences,OP3,PGD,0.7,MIM,0.3,14.279411764705882,10.0,0,61
sciences,OP3,PGD,0.7,MIM,0.4,14.323529411764707,10.0,0,61
sciences,OP3,PGD,0.7,MIM,0.5,14.323529411764707,10.0,0,61
sciences,OP3,PGD,0.7,MIM,0.6,14.323529411764707,10.0,0,61
sciences,OP3,PGD,0.7,MIM,0.7,14.323529411764707,10.0,0,61
sciences,OP3,PGD,0.7,MIM,0.8,14.323529411764707,10.0,0,61
sciences,OP3,PGD,0.7,MIM,0.9,14.323529411764707,10.0,0,61
sciences,OP3,PGD,0.7,MIM,1.0,14.323529411764707,10.0,0,61
sciences,S7,PGD,0.7,MIM,0.1,14.75,9.0,0,65
sciences,S7,PGD,0.7,MIM,0.2,14.955882352941176,9.0,0,65
sciences,S7,PGD,0.7,MIM,0.3,14.977941176470589,9.0,0,65
sciences,S7,PGD,0.7,MIM,0.4,14.955882352941176,9.0,0,65
sciences,S7,PGD,0.7,MIM,0.5,14.955882352941176,9.0,0,65
sciences,S7,PGD,0.7,MIM,0.6,14.955882352941176,9.0,0,65
sciences,S7,PGD,0.7,MIM,0.7,14.955882352941176,9.0,0,65
sciences,S7,PGD,0.7,MIM,0.8,14.955882352941176,9.0,0,65
sciences,S7,PGD,0.7,MIM,0.9,14.955882352941176,9.0,0,65
sciences,S7,PGD,0.7,MIM,1.0,14.955882352941176,9.0,0,65
sciences,BLU,PGD,0.8,MIM,0.1,16.13235294117647,10.5,0,67
sciences,BLU,PGD,0.8,MIM,0.2,15.720588235294118,10.5,0,67
sciences,BLU,PGD,0.8,MIM,0.3,15.235294117647058,10.5,0,67
sciences,BLU,PGD,0.8,MIM,0.4,15.235294117647058,10.5,0,67
sciences,BLU,PGD,0.8,MIM,0.5,15.235294117647058,10.5,0,67
sciences,BLU,PGD,0.8,MIM,0.6,15.235294117647058,10.5,0,67
sciences,BLU,PGD,0.8,MIM,0.7,15.235294117647058,10.5,0,67
sciences,BLU,PGD,0.8,MIM,0.8,15.235294117647058,10.5,0,67
sciences,BLU,PGD,0.8,MIM,0.9,15.235294117647058,10.5,0,67
sciences,BLU,PGD,0.8,MIM,1.0,15.235294117647058,10.5,0,67
sciences,HTC,PGD,0.8,MIM,0.1,13.860294117647058,9.0,0,67
sciences,HTC,PGD,0.8,MIM,0.2,14.573529411764707,9.0,0,67
sciences,HTC,PGD,0.8,MIM,0.3,14.588235294117647,9.5,0,67
sciences,HTC,PGD,0.8,MIM,0.4,14.367647058823529,9.0,0,67
sciences,HTC,PGD,0.8,MIM,0.5,14.367647058823529,9.0,0,67
sciences,HTC,PGD,0.8,MIM,0.6,14.367647058823529,9.0,0,67
sciences,HTC,PGD,0.8,MIM,0.7,14.367647058823529,9.0,0,67
sciences,HTC,PGD,0.8,MIM,0.8,14.367647058823529,9.0,0,67
sciences,HTC,PGD,0.8,MIM,0.9,14.367647058823529,9.0,0,67
sciences,HTC,PGD,0.8,MIM,1.0,14.367647058823529,9.0,0,67
sciences,LG,PGD,0.8,MIM,0.1,14.705882352941176,9.0,0,67
sciences,LG,PGD,0.8,MIM,0.2,14.683823529411764,9.0,0,67
sciences,LG,PGD,0.8,MIM,0.3,14.764705882352942,9.0,0,67
sciences,LG,PGD,0.8,MIM,0.4,14.411764705882353,9.0,0,67
sciences,LG,PGD,0.8,MIM,0.5,14.411764705882353,9.0,0,67
sciences,LG,PGD,0.8,MIM,0.6,14.411764705882353,9.0,0,67
sciences,LG,PGD,0.8,MIM,0.7,14.411764705882353,9.0,0,67
sciences,LG,PGD,0.8,MIM,0.8,14.411764705882353,9.0,0,67
sciences,LG,PGD,0.8,MIM,0.9,14.411764705882353,9.0,0,67
sciences,LG,PGD,0.8,MIM,1.0,14.411764705882353,9.0,0,67
sciences,MOTO,PGD,0.8,MIM,0.1,13.433823529411764,9.0,0,62
sciences,MOTO,PGD,0.8,MIM,0.2,13.183823529411764,8.0,0,61
sciences,MOTO,PGD,0.8,MIM,0.3,13.411764705882353,8.0,0,61
sciences,MOTO,PGD,0.8,MIM,0.4,13.617647058823529,8.0,0,61
sciences,MOTO,PGD,0.8,MIM,0.5,13.617647058823529,8.0,0,61
sciences,MOTO,PGD,0.8,MIM,0.6,13.617647058823529,8.0,0,61
sciences,MOTO,PGD,0.8,MIM,0.7,13.617647058823529,8.0,0,61
sciences,MOTO,PGD,0.8,MIM,0.8,13.617647058823529,8.0,0,61
sciences,MOTO,PGD,0.8,MIM,0.9,13.617647058823529,8.0,0,61
sciences,MOTO,PGD,0.8,MIM,1.0,13.617647058823529,8.0,0,61
sciences,OP3,PGD,0.8,MIM,0.1,12.308823529411764,8.0,0,65
sciences,OP3,PGD,0.8,MIM,0.2,12.338235294117647,8.5,0,60
sciences,OP3,PGD,0.8,MIM,0.3,12.477941176470589,8.5,0,57
sciences,OP3,PGD,0.8,MIM,0.4,12.367647058823529,8.0,0,57
sciences,OP3,PGD,0.8,MIM,0.5,12.367647058823529,8.0,0,57
sciences,OP3,PGD,0.8,MIM,0.6,12.367647058823529,8.0,0,57
sciences,OP3,PGD,0.8,MIM,0.7,12.367647058823529,8.0,0,57
sciences,OP3,PGD,0.8,MIM,0.8,12.367647058823529,8.0,0,57
sciences,OP3,PGD,0.8,MIM,0.9,12.367647058823529,8.0,0,57
sciences,OP3,PGD,0.8,MIM,1.0,12.367647058823529,8.0,0,57
sciences,S7,PGD,0.8,MIM,0.1,11.691176470588236,8.0,0,66
sciences,S7,PGD,0.8,MIM,0.2,12.5,9.0,0,66
sciences,S7,PGD,0.8,MIM,0.3,13.139705882352942,9.0,0,66
sciences,S7,PGD,0.8,MIM,0.4,13.213235294117647,9.0,0,66
sciences,S7,PGD,0.8,MIM,0.5,13.213235294117647,9.0,0,66
sciences,S7,PGD,0.8,MIM,0.6,13.213235294117647,9.0,0,66
sciences,S7,PGD,0.8,MIM,0.7,13.213235294117647,9.0,0,66
sciences,S7,PGD,0.8,MIM,0.8,13.213235294117647,9.0,0,66
sciences,S7,PGD,0.8,MIM,0.9,13.213235294117647,9.0,0,66
sciences,S7,PGD,0.8,MIM,1.0,13.213235294117647,9.0,0,66
sciences,BLU,PGD,0.9,MIM,0.1,16.21323529411765,10.0,0,61
sciences,BLU,PGD,0.9,MIM,0.2,16.698529411764707,10.0,0,61
sciences,BLU,PGD,0.9,MIM,0.3,16.647058823529413,10.0,0,64
sciences,BLU,PGD,0.9,MIM,0.4,16.522058823529413,10.0,0,61
sciences,BLU,PGD,0.9,MIM,0.5,16.522058823529413,10.0,0,61
sciences,BLU,PGD,0.9,MIM,0.6,16.522058823529413,10.0,0,61
sciences,BLU,PGD,0.9,MIM,0.7,16.522058823529413,10.0,0,61
sciences,BLU,PGD,0.9,MIM,0.8,16.522058823529413,10.0,0,61
sciences,BLU,PGD,0.9,MIM,0.9,16.522058823529413,10.0,0,61
sciences,BLU,PGD,0.9,MIM,1.0,16.522058823529413,10.0,0,61
sciences,HTC,PGD,0.9,MIM,0.1,11.330882352941176,7.0,0,63
sciences,HTC,PGD,0.9,MIM,0.2,11.308823529411764,6.5,0,63
sciences,HTC,PGD,0.9,MIM,0.3,11.845588235294118,7.0,0,63
sciences,HTC,PGD,0.9,MIM,0.4,11.286764705882353,7.0,0,63
sciences,HTC,PGD,0.9,MIM,0.5,11.286764705882353,7.0,0,63
sciences,HTC,PGD,0.9,MIM,0.6,11.286764705882353,7.0,0,63
sciences,HTC,PGD,0.9,MIM,0.7,11.286764705882353,7.0,0,63
sciences,HTC,PGD,0.9,MIM,0.8,11.286764705882353,7.0,0,63
sciences,HTC,PGD,0.9,MIM,0.9,11.286764705882353,7.0,0,63
sciences,HTC,PGD,0.9,MIM,1.0,11.286764705882353,7.0,0,63
sciences,LG,PGD,0.9,MIM,0.1,13.639705882352942,8.0,0,65
sciences,LG,PGD,0.9,MIM,0.2,13.477941176470589,7.0,0,65
sciences,LG,PGD,0.9,MIM,0.3,13.786764705882353,8.0,0,65
sciences,LG,PGD,0.9,MIM,0.4,13.367647058823529,8.0,0,65
sciences,LG,PGD,0.9,MIM,0.5,13.367647058823529,8.0,0,65
sciences,LG,PGD,0.9,MIM,0.6,13.367647058823529,8.0,0,65
sciences,LG,PGD,0.9,MIM,0.7,13.367647058823529,8.0,0,65
sciences,LG,PGD,0.9,MIM,0.8,13.367647058823529,8.0,0,65
sciences,LG,PGD,0.9,MIM,0.9,13.367647058823529,8.0,0,65
sciences,LG,PGD,0.9,MIM,1.0,13.367647058823529,8.0,0,65
sciences,MOTO,PGD,0.9,MIM,0.1,15.470588235294118,10.0,0,66
sciences,MOTO,PGD,0.9,MIM,0.2,15.345588235294118,10.0,0,65
sciences,MOTO,PGD,0.9,MIM,0.3,15.235294117647058,10.0,0,65
sciences,MOTO,PGD,0.9,MIM,0.4,15.227941176470589,10.0,0,65
sciences,MOTO,PGD,0.9,MIM,0.5,15.227941176470589,10.0,0,65
sciences,MOTO,PGD,0.9,MIM,0.6,15.227941176470589,10.0,0,65
sciences,MOTO,PGD,0.9,MIM,0.7,15.227941176470589,10.0,0,65
sciences,MOTO,PGD,0.9,MIM,0.8,15.227941176470589,10.0,0,65
sciences,MOTO,PGD,0.9,MIM,0.9,15.227941176470589,10.0,0,65
sciences,MOTO,PGD,0.9,MIM,1.0,15.227941176470589,10.0,0,65
sciences,OP3,PGD,0.9,MIM,0.1,16.53676470588235,10.0,0,65
sciences,OP3,PGD,0.9,MIM,0.2,16.41176470588235,10.0,0,65
sciences,OP3,PGD,0.9,MIM,0.3,16.426470588235293,10.0,0,65
sciences,OP3,PGD,0.9,MIM,0.4,16.764705882352942,10.0,0,65
sciences,OP3,PGD,0.9,MIM,0.5,16.764705882352942,10.0,0,65
sciences,OP3,PGD,0.9,MIM,0.6,16.764705882352942,10.0,0,65
sciences,OP3,PGD,0.9,MIM,0.7,16.764705882352942,10.0,0,65
sciences,OP3,PGD,0.9,MIM,0.8,16.764705882352942,10.0,0,65
sciences,OP3,PGD,0.9,MIM,0.9,16.764705882352942,10.0,0,65
sciences,OP3,PGD,0.9,MIM,1.0,16.764705882352942,10.0,0,65
sciences,S7,PGD,0.9,MIM,0.1,17.823529411764707,10.0,0,67
sciences,S7,PGD,0.9,MIM,0.2,18.176470588235293,10.0,0,67
sciences,S7,PGD,0.9,MIM,0.3,18.13235294117647,10.0,0,67
sciences,S7,PGD,0.9,MIM,0.4,18.066176470588236,10.0,0,67
sciences,S7,PGD,0.9,MIM,0.5,18.066176470588236,10.0,0,67
sciences,S7,PGD,0.9,MIM,0.6,18.066176470588236,10.0,0,67
sciences,S7,PGD,0.9,MIM,0.7,18.066176470588236,10.0,0,67
sciences,S7,PGD,0.9,MIM,0.8,18.066176470588236,10.0,0,67
sciences,S7,PGD,0.9,MIM,0.9,18.066176470588236,10.0,0,67
sciences,S7,PGD,0.9,MIM,1.0,18.066176470588236,10.0,0,67
sciences,BLU,PGD,1.0,MIM,0.1,24.647058823529413,19.5,0,66
sciences,BLU,PGD,1.0,MIM,0.2,24.485294117647058,18.5,0,66
sciences,BLU,PGD,1.0,MIM,0.3,24.823529411764707,20.0,0,67
sciences,BLU,PGD,1.0,MIM,0.4,25.21323529411765,20.5,0,67
sciences,BLU,PGD,1.0,MIM,0.5,25.21323529411765,20.5,0,67
sciences,BLU,PGD,1.0,MIM,0.6,25.21323529411765,20.5,0,67
sciences,BLU,PGD,1.0,MIM,0.7,25.21323529411765,20.5,0,67
sciences,BLU,PGD,1.0,MIM,0.8,25.21323529411765,20.5,0,67
sciences,BLU,PGD,1.0,MIM,0.9,25.21323529411765,20.5,0,67
sciences,BLU,PGD,1.0,MIM,1.0,25.21323529411765,20.5,0,67
sciences,HTC,PGD,1.0,MIM,0.1,17.558823529411764,9.0,0,67
sciences,HTC,PGD,1.0,MIM,0.2,20.029411764705884,11.0,0,67
sciences,HTC,PGD,1.0,MIM,0.3,20.639705882352942,11.0,0,67
sciences,HTC,PGD,1.0,MIM,0.4,20.16176470588235,11.0,0,67
sciences,HTC,PGD,1.0,MIM,0.5,20.16176470588235,11.0,0,67
sciences,HTC,PGD,1.0,MIM,0.6,20.16176470588235,11.0,0,67
sciences,HTC,PGD,1.0,MIM,0.7,20.16176470588235,11.0,0,67
sciences,HTC,PGD,1.0,MIM,0.8,20.16176470588235,11.0,0,67
sciences,HTC,PGD,1.0,MIM,0.9,20.16176470588235,11.0,0,67
sciences,HTC,PGD,1.0,MIM,1.0,20.16176470588235,11.0,0,67
sciences,LG,PGD,1.0,MIM,0.1,22.74264705882353,13.0,0,67
sciences,LG,PGD,1.0,MIM,0.2,22.735294117647058,14.0,0,67
sciences,LG,PGD,1.0,MIM,0.3,22.294117647058822,12.0,0,67
sciences,LG,PGD,1.0,MIM,0.4,22.102941176470587,12.0,0,67
sciences,LG,PGD,1.0,MIM,0.5,22.102941176470587,12.0,0,67
sciences,LG,PGD,1.0,MIM,0.6,22.102941176470587,12.0,0,67
sciences,LG,PGD,1.0,MIM,0.7,22.102941176470587,12.0,0,67
sciences,LG,PGD,1.0,MIM,0.8,22.102941176470587,12.0,0,67
sciences,LG,PGD,1.0,MIM,0.9,22.102941176470587,12.0,0,67
sciences,LG,PGD,1.0,MIM,1.0,22.102941176470587,12.0,0,67
sciences,MOTO,PGD,1.0,MIM,0.1,21.397058823529413,13.5,0,67
sciences,MOTO,PGD,1.0,MIM,0.2,21.147058823529413,13.5,0,67
sciences,MOTO,PGD,1.0,MIM,0.3,21.36764705882353,14.0,0,67
sciences,MOTO,PGD,1.0,MIM,0.4,21.38235294117647,14.0,0,67
sciences,MOTO,PGD,1.0,MIM,0.5,21.38235294117647,14.0,0,67
sciences,MOTO,PGD,1.0,MIM,0.6,21.38235294117647,14.0,0,67
sciences,MOTO,PGD,1.0,MIM,0.7,21.38235294117647,14.0,0,67
sciences,MOTO,PGD,1.0,MIM,0.8,21.38235294117647,14.0,0,67
sciences,MOTO,PGD,1.0,MIM,0.9,21.38235294117647,14.0,0,67
sciences,MOTO,PGD,1.0,MIM,1.0,21.38235294117647,14.0,0,67
sciences,OP3,PGD,1.0,MIM,0.1,18.24264705882353,8.0,0,67
sciences,OP3,PGD,1.0,MIM,0.2,18.044117647058822,9.5,0,67
sciences,OP3,PGD,1.0,MIM,0.3,18.477941176470587,9.5,0,67
sciences,OP3,PGD,1.0,MIM,0.4,18.345588235294116,9.0,0,67
sciences,OP3,PGD,1.0,MIM,0.5,18.345588235294116,9.0,0,67
sciences,OP3,PGD,1.0,MIM,0.6,18.345588235294116,9.0,0,67
sciences,OP3,PGD,1.0,MIM,0.7,18.345588235294116,9.0,0,67
sciences,OP3,PGD,1.0,MIM,0.8,18.345588235294116,9.0,0,67
sciences,OP3,PGD,1.0,MIM,0.9,18.345588235294116,9.0,0,67
sciences,OP3,PGD,1.0,MIM,1.0,18.345588235294116,9.0,0,67
sciences,S7,PGD,1.0,MIM,0.1,19.764705882352942,11.0,0,67
sciences,S7,PGD,1.0,MIM,0.2,22.595588235294116,14.5,0,67
sciences,S7,PGD,1.0,MIM,0.3,22.220588235294116,14.0,0,67
sciences,S7,PGD,1.0,MIM,0.4,23.154411764705884,15.5,0,67
sciences,S7,PGD,1.0,MIM,0.5,23.154411764705884,15.5,0,67
sciences,S7,PGD,1.0,MIM,0.6,23.154411764705884,15.5,0,67
sciences,S7,PGD,1.0,MIM,0.7,23.154411764705884,15.5,0,67
sciences,S7,PGD,1.0,MIM,0.8,23.154411764705884,15.5,0,67
sciences,S7,PGD,1.0,MIM,0.9,23.154411764705884,15.5,0,67
sciences,S7,PGD,1.0,MIM,1.0,23.154411764705884,15.5,0,67
sciences,BLU,MIM,0.1,MIM,0.1,16.00735294117647,11.0,0,64
sciences,BLU,MIM,0.1,MIM,0.2,16.095588235294116,10.0,0,64
sciences,BLU,MIM,0.1,MIM,0.3,16.044117647058822,10.5,0,64
sciences,BLU,MIM,0.1,MIM,0.4,16.044117647058822,10.5,0,64
sciences,BLU,MIM,0.1,MIM,0.5,16.044117647058822,10.5,0,64
sciences,BLU,MIM,0.1,MIM,0.6,16.044117647058822,10.5,0,64
sciences,BLU,MIM,0.1,MIM,0.7,16.044117647058822,10.5,0,64
sciences,BLU,MIM,0.1,MIM,0.8,16.044117647058822,10.5,0,64
sciences,BLU,MIM,0.1,MIM,0.9,16.044117647058822,10.5,0,64
sciences,BLU,MIM,0.1,MIM,1.0,16.044117647058822,10.5,0,64
sciences,HTC,MIM,0.1,MIM,0.1,16.323529411764707,10.0,0,67
sciences,HTC,MIM,0.1,MIM,0.2,16.647058823529413,10.0,1,67
sciences,HTC,MIM,0.1,MIM,0.3,17.13235294117647,10.0,1,67
sciences,HTC,MIM,0.1,MIM,0.4,17.147058823529413,10.0,1,67
sciences,HTC,MIM,0.1,MIM,0.5,17.147058823529413,10.0,1,67
sciences,HTC,MIM,0.1,MIM,0.6,17.147058823529413,10.0,1,67
sciences,HTC,MIM,0.1,MIM,0.7,17.147058823529413,10.0,1,67
sciences,HTC,MIM,0.1,MIM,0.8,17.147058823529413,10.0,1,67
sciences,HTC,MIM,0.1,MIM,0.9,17.147058823529413,10.0,1,67
sciences,HTC,MIM,0.1,MIM,1.0,17.147058823529413,10.0,1,67
sciences,LG,MIM,0.1,MIM,0.1,13.176470588235293,7.0,0,66
sciences,LG,MIM,0.1,MIM,0.2,13.352941176470589,8.0,0,66
sciences,LG,MIM,0.1,MIM,0.3,13.066176470588236,7.5,0,66
sciences,LG,MIM,0.1,MIM,0.4,13.102941176470589,8.0,0,66
sciences,LG,MIM,0.1,MIM,0.5,13.102941176470589,8.0,0,66
sciences,LG,MIM,0.1,MIM,0.6,13.102941176470589,8.0,0,66
sciences,LG,MIM,0.1,MIM,0.7,13.102941176470589,8.0,0,66
sciences,LG,MIM,0.1,MIM,0.8,13.102941176470589,8.0,0,66
sciences,LG,MIM,0.1,MIM,0.9,13.102941176470589,8.0,0,66
sciences,LG,MIM,0.1,MIM,1.0,13.102941176470589,8.0,0,66
sciences,MOTO,MIM,0.1,MIM,0.1,14.191176470588236,7.0,0,67
sciences,MOTO,MIM,0.1,MIM,0.2,14.889705882352942,7.0,0,67
sciences,MOTO,MIM,0.1,MIM,0.3,15.014705882352942,7.0,0,67
sciences,MOTO,MIM,0.1,MIM,0.4,15.014705882352942,7.0,0,67
sciences,MOTO,MIM,0.1,MIM,0.5,15.014705882352942,7.0,0,67
sciences,MOTO,MIM,0.1,MIM,0.6,15.014705882352942,7.0,0,67
sciences,MOTO,MIM,0.1,MIM,0.7,15.014705882352942,7.0,0,67
sciences,MOTO,MIM,0.1,MIM,0.8,15.014705882352942,7.0,0,67
sciences,MOTO,MIM,0.1,MIM,0.9,15.014705882352942,7.0,0,67
sciences,MOTO,MIM,0.1,MIM,1.0,15.014705882352942,7.0,0,67
sciences,OP3,MIM,0.1,MIM,0.1,16.176470588235293,10.0,0,61
sciences,OP3,MIM,0.1,MIM,0.2,14.382352941176471,9.0,0,61
sciences,OP3,MIM,0.1,MIM,0.3,14.830882352941176,9.0,0,61
sciences,OP3,MIM,0.1,MIM,0.4,14.977941176470589,9.0,0,61
sciences,OP3,MIM,0.1,MIM,0.5,14.977941176470589,9.0,0,61
sciences,OP3,MIM,0.1,MIM,0.6,14.977941176470589,9.0,0,61
sciences,OP3,MIM,0.1,MIM,0.7,14.977941176470589,9.0,0,61
sciences,OP3,MIM,0.1,MIM,0.8,14.977941176470589,9.0,0,61
sciences,OP3,MIM,0.1,MIM,0.9,14.977941176470589,9.0,0,61
sciences,OP3,MIM,0.1,MIM,1.0,14.977941176470589,9.0,0,61
sciences,S7,MIM,0.1,MIM,0.1,14.235294117647058,9.0,0,65
sciences,S7,MIM,0.1,MIM,0.2,13.698529411764707,9.0,0,65
sciences,S7,MIM,0.1,MIM,0.3,14.426470588235293,10.0,0,65
sciences,S7,MIM,0.1,MIM,0.4,14.382352941176471,10.0,0,65
sciences,S7,MIM,0.1,MIM,0.5,14.382352941176471,10.0,0,65
sciences,S7,MIM,0.1,MIM,0.6,14.382352941176471,10.0,0,65
sciences,S7,MIM,0.1,MIM,0.7,14.382352941176471,10.0,0,65
sciences,S7,MIM,0.1,MIM,0.8,14.382352941176471,10.0,0,65
sciences,S7,MIM,0.1,MIM,0.9,14.382352941176471,10.0,0,65
sciences,S7,MIM,0.1,MIM,1.0,14.382352941176471,10.0,0,65
sciences,BLU,MIM,0.2,MIM,0.1,16.794117647058822,12.0,0,67
sciences,BLU,MIM,0.2,MIM,0.2,16.926470588235293,12.0,0,67
sciences,BLU,MIM,0.2,MIM,0.3,16.845588235294116,12.0,0,67
sciences,BLU,MIM,0.2,MIM,0.4,17.24264705882353,12.0,0,67
sciences,BLU,MIM,0.2,MIM,0.5,17.24264705882353,12.0,0,67
sciences,BLU,MIM,0.2,MIM,0.6,17.24264705882353,12.0,0,67
sciences,BLU,MIM,0.2,MIM,0.7,17.24264705882353,12.0,0,67
sciences,BLU,MIM,0.2,MIM,0.8,17.24264705882353,12.0,0,67
sciences,BLU,MIM,0.2,MIM,0.9,17.24264705882353,12.0,0,67
sciences,BLU,MIM,0.2,MIM,1.0,17.24264705882353,12.0,0,67
sciences,HTC,MIM,0.2,MIM,0.1,15.926470588235293,9.0,0,65
sciences,HTC,MIM,0.2,MIM,0.2,16.24264705882353,9.0,0,65
sciences,HTC,MIM,0.2,MIM,0.3,16.360294117647058,9.0,0,65
sciences,HTC,MIM,0.2,MIM,0.4,16.816176470588236,9.5,0,65
sciences,HTC,MIM,0.2,MIM,0.5,16.816176470588236,9.5,0,65
sciences,HTC,MIM,0.2,MIM,0.6,16.816176470588236,9.5,0,65
sciences,HTC,MIM,0.2,MIM,0.7,16.816176470588236,9.5,0,65
sciences,HTC,MIM,0.2,MIM,0.8,16.816176470588236,9.5,0,65
sciences,HTC,MIM,0.2,MIM,0.9,16.816176470588236,9.5,0,65
sciences,HTC,MIM,0.2,MIM,1.0,16.816176470588236,9.5,0,65
sciences,LG,MIM,0.2,MIM,0.1,12.029411764705882,9.5,0,53
sciences,LG,MIM,0.2,MIM,0.2,12.235294117647058,9.5,0,67
sciences,LG,MIM,0.2,MIM,0.3,12.794117647058824,10.0,0,67
sciences,LG,MIM,0.2,MIM,0.4,12.838235294117647,10.0,0,67
sciences,LG,MIM,0.2,MIM,0.5,12.838235294117647,10.0,0,67
sciences,LG,MIM,0.2,MIM,0.6,12.838235294117647,10.0,0,67
sciences,LG,MIM,0.2,MIM,0.7,12.838235294117647,10.0,0,67
sciences,LG,MIM,0.2,MIM,0.8,12.838235294117647,10.0,0,67
sciences,LG,MIM,0.2,MIM,0.9,12.838235294117647,10.0,0,67
sciences,LG,MIM,0.2,MIM,1.0,12.838235294117647,10.0,0,67
sciences,MOTO,MIM,0.2,MIM,0.1,14.948529411764707,9.0,0,66
sciences,MOTO,MIM,0.2,MIM,0.2,15.992647058823529,9.5,0,66
sciences,MOTO,MIM,0.2,MIM,0.3,15.992647058823529,9.5,0,66
sciences,MOTO,MIM,0.2,MIM,0.4,15.955882352941176,9.0,0,66
sciences,MOTO,MIM,0.2,MIM,0.5,15.955882352941176,9.0,0,66
sciences,MOTO,MIM,0.2,MIM,0.6,15.955882352941176,9.0,0,66
sciences,MOTO,MIM,0.2,MIM,0.7,15.955882352941176,9.0,0,66
sciences,MOTO,MIM,0.2,MIM,0.8,15.955882352941176,9.0,0,66
sciences,MOTO,MIM,0.2,MIM,0.9,15.955882352941176,9.0,0,66
sciences,MOTO,MIM,0.2,MIM,1.0,15.955882352941176,9.0,0,66
sciences,OP3,MIM,0.2,MIM,0.1,14.448529411764707,8.5,0,65
sciences,OP3,MIM,0.2,MIM,0.2,14.698529411764707,9.0,0,65
sciences,OP3,MIM,0.2,MIM,0.3,14.676470588235293,9.0,0,65
sciences,OP3,MIM,0.2,MIM,0.4,14.889705882352942,9.0,0,65
sciences,OP3,MIM,0.2,MIM,0.5,14.889705882352942,9.0,0,65
sciences,OP3,MIM,0.2,MIM,0.6,14.889705882352942,9.0,0,65
sciences,OP3,MIM,0.2,MIM,0.7,14.889705882352942,9.0,0,65
sciences,OP3,MIM,0.2,MIM,0.8,14.889705882352942,9.0,0,65
sciences,OP3,MIM,0.2,MIM,0.9,14.889705882352942,9.0,0,65
sciences,OP3,MIM,0.2,MIM,1.0,14.889705882352942,9.0,0,65
sciences,S7,MIM,0.2,MIM,0.1,13.117647058823529,8.0,0,67
sciences,S7,MIM,0.2,MIM,0.2,13.830882352941176,8.5,0,67
sciences,S7,MIM,0.2,MIM,0.3,13.794117647058824,9.0,0,67
sciences,S7,MIM,0.2,MIM,0.4,14.073529411764707,9.0,0,67
sciences,S7,MIM,0.2,MIM,0.5,14.073529411764707,9.0,0,67
sciences,S7,MIM,0.2,MIM,0.6,14.073529411764707,9.0,0,67
sciences,S7,MIM,0.2,MIM,0.7,14.073529411764707,9.0,0,67
sciences,S7,MIM,0.2,MIM,0.8,14.073529411764707,9.0,0,67
sciences,S7,MIM,0.2,MIM,0.9,14.073529411764707,9.0,0,67
sciences,S7,MIM,0.2,MIM,1.0,14.073529411764707,9.0,0,67
sciences,BLU,MIM,0.3,MIM,0.1,16.00735294117647,10.0,0,61
sciences,BLU,MIM,0.3,MIM,0.2,16.323529411764707,10.0,0,67
sciences,BLU,MIM,0.3,MIM,0.3,16.91176470588235,10.5,0,67
sciences,BLU,MIM,0.3,MIM,0.4,16.919117647058822,10.5,0,67
sciences,BLU,MIM,0.3,MIM,0.5,16.919117647058822,10.5,0,67
sciences,BLU,MIM,0.3,MIM,0.6,16.919117647058822,10.5,0,67
sciences,BLU,MIM,0.3,MIM,0.7,16.919117647058822,10.5,0,67
sciences,BLU,MIM,0.3,MIM,0.8,16.919117647058822,10.5,0,67
sciences,BLU,MIM,0.3,MIM,0.9,16.919117647058822,10.5,0,67
sciences,BLU,MIM,0.3,MIM,1.0,16.919117647058822,10.5,0,67
sciences,HTC,MIM,0.3,MIM,0.1,19.433823529411764,11.0,0,66
sciences,HTC,MIM,0.3,MIM,0.2,19.53676470588235,10.5,0,66
sciences,HTC,MIM,0.3,MIM,0.3,19.845588235294116,11.5,0,66
sciences,HTC,MIM,0.3,MIM,0.4,20.058823529411764,11.5,0,66
sciences,HTC,MIM,0.3,MIM,0.5,20.058823529411764,11.5,0,66
sciences,HTC,MIM,0.3,MIM,0.6,20.058823529411764,11.5,0,66
sciences,HTC,MIM,0.3,MIM,0.7,20.058823529411764,11.5,0,66
sciences,HTC,MIM,0.3,MIM,0.8,20.058823529411764,11.5,0,66
sciences,HTC,MIM,0.3,MIM,0.9,20.058823529411764,11.5,0,66
sciences,HTC,MIM,0.3,MIM,1.0,20.058823529411764,11.5,0,66
sciences,LG,MIM,0.3,MIM,0.1,15.470588235294118,8.5,0,67
sciences,LG,MIM,0.3,MIM,0.2,15.639705882352942,9.0,0,67
sciences,LG,MIM,0.3,MIM,0.3,15.852941176470589,8.5,0,67
sciences,LG,MIM,0.3,MIM,0.4,15.808823529411764,8.5,0,67
sciences,LG,MIM,0.3,MIM,0.5,15.808823529411764,8.5,0,67
sciences,LG,MIM,0.3,MIM,0.6,15.808823529411764,8.5,0,67
sciences,LG,MIM,0.3,MIM,0.7,15.808823529411764,8.5,0,67
sciences,LG,MIM,0.3,MIM,0.8,15.808823529411764,8.5,0,67
sciences,LG,MIM,0.3,MIM,0.9,15.808823529411764,8.5,0,67
sciences,LG,MIM,0.3,MIM,1.0,15.808823529411764,8.5,0,67
sciences,MOTO,MIM,0.3,MIM,0.1,17.720588235294116,12.0,0,67
sciences,MOTO,MIM,0.3,MIM,0.2,18.610294117647058,12.5,0,67
sciences,MOTO,MIM,0.3,MIM,0.3,18.352941176470587,12.0,0,67
sciences,MOTO,MIM,0.3,MIM,0.4,18.470588235294116,12.5,0,67
sciences,MOTO,MIM,0.3,MIM,0.5,18.470588235294116,12.5,0,67
sciences,MOTO,MIM,0.3,MIM,0.6,18.470588235294116,12.5,0,67
sciences,MOTO,MIM,0.3,MIM,0.7,18.470588235294116,12.5,0,67
sciences,MOTO,MIM,0.3,MIM,0.8,18.470588235294116,12.5,0,67
sciences,MOTO,MIM,0.3,MIM,0.9,18.470588235294116,12.5,0,67
sciences,MOTO,MIM,0.3,MIM,1.0,18.470588235294116,12.5,0,67
sciences,OP3,MIM,0.3,MIM,0.1,17.75,9.0,0,67
sciences,OP3,MIM,0.3,MIM,0.2,18.448529411764707,9.5,0,66
sciences,OP3,MIM,0.3,MIM,0.3,18.808823529411764,10.0,0,67
sciences,OP3,MIM,0.3,MIM,0.4,18.691176470588236,9.5,0,67
sciences,OP3,MIM,0.3,MIM,0.5,18.691176470588236,9.5,0,67
sciences,OP3,MIM,0.3,MIM,0.6,18.691176470588236,9.5,0,67
sciences,OP3,MIM,0.3,MIM,0.7,18.691176470588236,9.5,0,67
sciences,OP3,MIM,0.3,MIM,0.8,18.691176470588236,9.5,0,67
sciences,OP3,MIM,0.3,MIM,0.9,18.691176470588236,9.5,0,67
sciences,OP3,MIM,0.3,MIM,1.0,18.691176470588236,9.5,0,67
sciences,S7,MIM,0.3,MIM,0.1,13.198529411764707,7.5,0,65
sciences,S7,MIM,0.3,MIM,0.2,12.595588235294118,7.0,0,65
sciences,S7,MIM,0.3,MIM,0.3,13.022058823529411,7.5,0,65
sciences,S7,MIM,0.3,MIM,0.4,13.154411764705882,8.0,0,65
sciences,S7,MIM,0.3,MIM,0.5,13.154411764705882,8.0,0,65
sciences,S7,MIM,0.3,MIM,0.6,13.154411764705882,8.0,0,65
sciences,S7,MIM,0.3,MIM,0.7,13.154411764705882,8.0,0,65
sciences,S7,MIM,0.3,MIM,0.8,13.154411764705882,8.0,0,65
sciences,S7,MIM,0.3,MIM,0.9,13.154411764705882,8.0,0,65
sciences,S7,MIM,0.3,MIM,1.0,13.154411764705882,8.0,0,65
sciences,BLU,MIM,0.4,MIM,0.1,19.183823529411764,11.0,0,66
sciences,BLU,MIM,0.4,MIM,0.2,18.823529411764707,11.0,0,66
sciences,BLU,MIM,0.4,MIM,0.3,18.397058823529413,11.0,0,66
sciences,BLU,MIM,0.4,MIM,0.4,19.125,11.0,0,66
sciences,BLU,MIM,0.4,MIM,0.5,19.125,11.0,0,66
sciences,BLU,MIM,0.4,MIM,0.6,19.125,11.0,0,66
sciences,BLU,MIM,0.4,MIM,0.7,19.125,11.0,0,66
sciences,BLU,MIM,0.4,MIM,0.8,19.125,11.0,0,66
sciences,BLU,MIM,0.4,MIM,0.9,19.125,11.0,0,66
sciences,BLU,MIM,0.4,MIM,1.0,19.125,11.0,0,66
sciences,HTC,MIM,0.4,MIM,0.1,17.88235294117647,10.0,0,66
sciences,HTC,MIM,0.4,MIM,0.2,19.044117647058822,11.0,0,67
sciences,HTC,MIM,0.4,MIM,0.3,18.573529411764707,11.0,0,67
sciences,HTC,MIM,0.4,MIM,0.4,18.49264705882353,11.0,0,67
sciences,HTC,MIM,0.4,MIM,0.5,18.49264705882353,11.0,0,67
sciences,HTC,MIM,0.4,MIM,0.6,18.49264705882353,11.0,0,67
sciences,HTC,MIM,0.4,MIM,0.7,18.49264705882353,11.0,0,67
sciences,HTC,MIM,0.4,MIM,0.8,18.49264705882353,11.0,0,67
sciences,HTC,MIM,0.4,MIM,0.9,18.49264705882353,11.0,0,67
sciences,HTC,MIM,0.4,MIM,1.0,18.49264705882353,11.0,0,67
sciences,LG,MIM,0.4,MIM,0.1,18.985294117647058,10.0,0,66
sciences,LG,MIM,0.4,MIM,0.2,18.11764705882353,11.0,0,66
sciences,LG,MIM,0.4,MIM,0.3,18.75735294117647,11.0,0,67
sciences,LG,MIM,0.4,MIM,0.4,19.205882352941178,11.5,0,67
sciences,LG,MIM,0.4,MIM,0.5,19.205882352941178,11.5,0,67
sciences,LG,MIM,0.4,MIM,0.6,19.205882352941178,11.5,0,67
sciences,LG,MIM,0.4,MIM,0.7,19.205882352941178,11.5,0,67
sciences,LG,MIM,0.4,MIM,0.8,19.205882352941178,11.5,0,67
sciences,LG,MIM,0.4,MIM,0.9,19.205882352941178,11.5,0,67
sciences,LG,MIM,0.4,MIM,1.0,19.205882352941178,11.5,0,67
sciences,MOTO,MIM,0.4,MIM,0.1,16.919117647058822,11.0,0,65
sciences,MOTO,MIM,0.4,MIM,0.2,16.448529411764707,11.0,0,65
sciences,MOTO,MIM,0.4,MIM,0.3,16.948529411764707,11.0,0,66
sciences,MOTO,MIM,0.4,MIM,0.4,16.919117647058822,11.0,0,66
sciences,MOTO,MIM,0.4,MIM,0.5,16.919117647058822,11.0,0,66
sciences,MOTO,MIM,0.4,MIM,0.6,16.919117647058822,11.0,0,66
sciences,MOTO,MIM,0.4,MIM,0.7,16.919117647058822,11.0,0,66
sciences,MOTO,MIM,0.4,MIM,0.8,16.919117647058822,11.0,0,66
sciences,MOTO,MIM,0.4,MIM,0.9,16.919117647058822,11.0,0,66
sciences,MOTO,MIM,0.4,MIM,1.0,16.919117647058822,11.0,0,66
sciences,OP3,MIM,0.4,MIM,0.1,16.941176470588236,11.0,1,66
sciences,OP3,MIM,0.4,MIM,0.2,16.301470588235293,11.0,1,66
sciences,OP3,MIM,0.4,MIM,0.3,16.33823529411765,11.0,1,66
sciences,OP3,MIM,0.4,MIM,0.4,16.698529411764707,11.0,1,66
sciences,OP3,MIM,0.4,MIM,0.5,16.698529411764707,11.0,1,66
sciences,OP3,MIM,0.4,MIM,0.6,16.698529411764707,11.0,1,66
sciences,OP3,MIM,0.4,MIM,0.7,16.698529411764707,11.0,1,66
sciences,OP3,MIM,0.4,MIM,0.8,16.698529411764707,11.0,1,66
sciences,OP3,MIM,0.4,MIM,0.9,16.698529411764707,11.0,1,66
sciences,OP3,MIM,0.4,MIM,1.0,16.698529411764707,11.0,1,66
sciences,S7,MIM,0.4,MIM,0.1,19.029411764705884,11.0,0,66
sciences,S7,MIM,0.4,MIM,0.2,19.46323529411765,11.0,0,65
sciences,S7,MIM,0.4,MIM,0.3,19.169117647058822,12.0,0,65
sciences,S7,MIM,0.4,MIM,0.4,19.301470588235293,12.5,0,65
sciences,S7,MIM,0.4,MIM,0.5,19.301470588235293,12.5,0,65
sciences,S7,MIM,0.4,MIM,0.6,19.301470588235293,12.5,0,65
sciences,S7,MIM,0.4,MIM,0.7,19.301470588235293,12.5,0,65
sciences,S7,MIM,0.4,MIM,0.8,19.301470588235293,12.5,0,65
sciences,S7,MIM,0.4,MIM,0.9,19.301470588235293,12.5,0,65
sciences,S7,MIM,0.4,MIM,1.0,19.301470588235293,12.5,0,65
sciences,BLU,MIM,0.5,MIM,0.1,16.970588235294116,10.0,0,65
sciences,BLU,MIM,0.5,MIM,0.2,17.53676470588235,10.5,0,65
sciences,BLU,MIM,0.5,MIM,0.3,17.110294117647058,10.0,0,65
sciences,BLU,MIM,0.5,MIM,0.4,17.441176470588236,10.0,0,65
sciences,BLU,MIM,0.5,MIM,0.5,17.441176470588236,10.0,0,65
sciences,BLU,MIM,0.5,MIM,0.6,17.441176470588236,10.0,0,65
sciences,BLU,MIM,0.5,MIM,0.7,17.441176470588236,10.0,0,65
sciences,BLU,MIM,0.5,MIM,0.8,17.441176470588236,10.0,0,65
sciences,BLU,MIM,0.5,MIM,0.9,17.441176470588236,10.0,0,65
sciences,BLU,MIM,0.5,MIM,1.0,17.441176470588236,10.0,0,65
sciences,HTC,MIM,0.5,MIM,0.1,12.801470588235293,7.0,0,64
sciences,HTC,MIM,0.5,MIM,0.2,13.139705882352942,8.0,0,64
sciences,HTC,MIM,0.5,MIM,0.3,12.933823529411764,8.0,0,64
sciences,HTC,MIM,0.5,MIM,0.4,12.963235294117647,8.0,0,64
sciences,HTC,MIM,0.5,MIM,0.5,12.963235294117647,8.0,0,64
sciences,HTC,MIM,0.5,MIM,0.6,12.963235294117647,8.0,0,64
sciences,HTC,MIM,0.5,MIM,0.7,12.963235294117647,8.0,0,64
sciences,HTC,MIM,0.5,MIM,0.8,12.963235294117647,8.0,0,64
sciences,HTC,MIM,0.5,MIM,0.9,12.963235294117647,8.0,0,64
sciences,HTC,MIM,0.5,MIM,1.0,12.963235294117647,8.0,0,64
sciences,LG,MIM,0.5,MIM,0.1,16.389705882352942,10.0,0,67
sciences,LG,MIM,0.5,MIM,0.2,16.985294117647058,10.0,0,67
sciences,LG,MIM,0.5,MIM,0.3,17.279411764705884,10.0,0,67
sciences,LG,MIM,0.5,MIM,0.4,17.28676470588235,10.0,0,67
sciences,LG,MIM,0.5,MIM,0.5,17.28676470588235,10.0,0,67
sciences,LG,MIM,0.5,MIM,0.6,17.28676470588235,10.0,0,67
sciences,LG,MIM,0.5,MIM,0.7,17.28676470588235,10.0,0,67
sciences,LG,MIM,0.5,MIM,0.8,17.28676470588235,10.0,0,67
sciences,LG,MIM,0.5,MIM,0.9,17.28676470588235,10.0,0,67
sciences,LG,MIM,0.5,MIM,1.0,17.28676470588235,10.0,0,67
sciences,MOTO,MIM,0.5,MIM,0.1,15.286764705882353,9.0,0,66
sciences,MOTO,MIM,0.5,MIM,0.2,16.676470588235293,9.0,0,66
sciences,MOTO,MIM,0.5,MIM,0.3,16.5,9.5,0,66
sciences,MOTO,MIM,0.5,MIM,0.4,16.764705882352942,10.0,0,66
sciences,MOTO,MIM,0.5,MIM,0.5,16.764705882352942,10.0,0,66
sciences,MOTO,MIM,0.5,MIM,0.6,16.764705882352942,10.0,0,66
sciences,MOTO,MIM,0.5,MIM,0.7,16.764705882352942,10.0,0,66
sciences,MOTO,MIM,0.5,MIM,0.8,16.764705882352942,10.0,0,66
sciences,MOTO,MIM,0.5,MIM,0.9,16.764705882352942,10.0,0,66
sciences,MOTO,MIM,0.5,MIM,1.0,16.764705882352942,10.0,0,66
sciences,OP3,MIM,0.5,MIM,0.1,15.919117647058824,10.0,0,65
sciences,OP3,MIM,0.5,MIM,0.2,15.742647058823529,10.0,0,65
sciences,OP3,MIM,0.5,MIM,0.3,16.41176470588235,10.5,0,65
sciences,OP3,MIM,0.5,MIM,0.4,16.470588235294116,11.0,0,65
sciences,OP3,MIM,0.5,MIM,0.5,16.470588235294116,11.0,0,65
sciences,OP3,MIM,0.5,MIM,0.6,16.470588235294116,11.0,0,65
sciences,OP3,MIM,0.5,MIM,0.7,16.470588235294116,11.0,0,65
sciences,OP3,MIM,0.5,MIM,0.8,16.470588235294116,11.0,0,65
sciences,OP3,MIM,0.5,MIM,0.9,16.470588235294116,11.0,0,65
sciences,OP3,MIM,0.5,MIM,1.0,16.470588235294116,11.0,0,65
sciences,S7,MIM,0.5,MIM,0.1,13.147058823529411,8.0,0,67
sciences,S7,MIM,0.5,MIM,0.2,13.882352941176471,8.5,0,67
sciences,S7,MIM,0.5,MIM,0.3,13.713235294117647,8.5,0,67
sciences,S7,MIM,0.5,MIM,0.4,13.713235294117647,8.5,0,67
sciences,S7,MIM,0.5,MIM,0.5,13.713235294117647,8.5,0,67
sciences,S7,MIM,0.5,MIM,0.6,13.713235294117647,8.5,0,67
sciences,S7,MIM,0.5,MIM,0.7,13.713235294117647,8.5,0,67
sciences,S7,MIM,0.5,MIM,0.8,13.713235294117647,8.5,0,67
sciences,S7,MIM,0.5,MIM,0.9,13.713235294117647,8.5,0,67
sciences,S7,MIM,0.5,MIM,1.0,13.713235294117647,8.5,0,67
sciences,BLU,MIM,0.6,MIM,0.1,17.375,12.0,0,66
sciences,BLU,MIM,0.6,MIM,0.2,17.419117647058822,12.0,0,66
sciences,BLU,MIM,0.6,MIM,0.3,17.595588235294116,12.0,0,66
sciences,BLU,MIM,0.6,MIM,0.4,17.595588235294116,12.0,0,66
sciences,BLU,MIM,0.6,MIM,0.5,17.595588235294116,12.0,0,66
sciences,BLU,MIM,0.6,MIM,0.6,17.595588235294116,12.0,0,66
sciences,BLU,MIM,0.6,MIM,0.7,17.595588235294116,12.0,0,66
sciences,BLU,MIM,0.6,MIM,0.8,17.595588235294116,12.0,0,66
sciences,BLU,MIM,0.6,MIM,0.9,17.595588235294116,12.0,0,66
sciences,BLU,MIM,0.6,MIM,1.0,17.595588235294116,12.0,0,66
sciences,HTC,MIM,0.6,MIM,0.1,15.191176470588236,10.0,0,67
sciences,HTC,MIM,0.6,MIM,0.2,15.330882352941176,11.0,0,67
sciences,HTC,MIM,0.6,MIM,0.3,15.647058823529411,10.5,0,67
sciences,HTC,MIM,0.6,MIM,0.4,15.647058823529411,10.5,0,67
sciences,HTC,MIM,0.6,MIM,0.5,15.647058823529411,10.5,0,67
sciences,HTC,MIM,0.6,MIM,0.6,15.647058823529411,10.5,0,67
sciences,HTC,MIM,0.6,MIM,0.7,15.647058823529411,10.5,0,67
sciences,HTC,MIM,0.6,MIM,0.8,15.647058823529411,10.5,0,67
sciences,HTC,MIM,0.6,MIM,0.9,15.647058823529411,10.5,0,67
sciences,HTC,MIM,0.6,MIM,1.0,15.647058823529411,10.5,0,67
sciences,LG,MIM,0.6,MIM,0.1,13.441176470588236,7.0,0,66
sciences,LG,MIM,0.6,MIM,0.2,14.161764705882353,8.0,0,66
sciences,LG,MIM,0.6,MIM,0.3,14.330882352941176,9.0,0,66
sciences,LG,MIM,0.6,MIM,0.4,14.330882352941176,9.0,0,66
sciences,LG,MIM,0.6,MIM,0.5,14.330882352941176,9.0,0,66
sciences,LG,MIM,0.6,MIM,0.6,14.330882352941176,9.0,0,66
sciences,LG,MIM,0.6,MIM,0.7,14.330882352941176,9.0,0,66
sciences,LG,MIM,0.6,MIM,0.8,14.330882352941176,9.0,0,66
sciences,LG,MIM,0.6,MIM,0.9,14.330882352941176,9.0,0,66
sciences,LG,MIM,0.6,MIM,1.0,14.330882352941176,9.0,0,66
sciences,MOTO,MIM,0.6,MIM,0.1,18.610294117647058,12.0,0,67
sciences,MOTO,MIM,0.6,MIM,0.2,18.433823529411764,12.0,0,67
sciences,MOTO,MIM,0.6,MIM,0.3,18.169117647058822,11.5,0,67
sciences,MOTO,MIM,0.6,MIM,0.4,18.441176470588236,12.0,0,67
sciences,MOTO,MIM,0.6,MIM,0.5,18.441176470588236,12.0,0,67
sciences,MOTO,MIM,0.6,MIM,0.6,18.441176470588236,12.0,0,67
sciences,MOTO,MIM,0.6,MIM,0.7,18.441176470588236,12.0,0,67
sciences,MOTO,MIM,0.6,MIM,0.8,18.441176470588236,12.0,0,67
sciences,MOTO,MIM,0.6,MIM,0.9,18.441176470588236,12.0,0,67
sciences,MOTO,MIM,0.6,MIM,1.0,18.441176470588236,12.0,0,67
sciences,OP3,MIM,0.6,MIM,0.1,18.24264705882353,11.0,0,66
sciences,OP3,MIM,0.6,MIM,0.2,19.11764705882353,12.0,0,66
sciences,OP3,MIM,0.6,MIM,0.3,20.00735294117647,12.0,0,66
sciences,OP3,MIM,0.6,MIM,0.4,19.830882352941178,12.0,0,66
sciences,OP3,MIM,0.6,MIM,0.5,19.830882352941178,12.0,0,66
sciences,OP3,MIM,0.6,MIM,0.6,19.830882352941178,12.0,0,66
sciences,OP3,MIM,0.6,MIM,0.7,19.830882352941178,12.0,0,66
sciences,OP3,MIM,0.6,MIM,0.8,19.830882352941178,12.0,0,66
sciences,OP3,MIM,0.6,MIM,0.9,19.830882352941178,12.0,0,66
sciences,OP3,MIM,0.6,MIM,1.0,19.830882352941178,12.0,0,66
sciences,S7,MIM,0.6,MIM,0.1,13.713235294117647,8.0,0,65
sciences,S7,MIM,0.6,MIM,0.2,13.919117647058824,8.0,0,65
sciences,S7,MIM,0.6,MIM,0.3,14.588235294117647,8.0,0,65
sciences,S7,MIM,0.6,MIM,0.4,14.639705882352942,8.5,0,65
sciences,S7,MIM,0.6,MIM,0.5,14.639705882352942,8.5,0,65
sciences,S7,MIM,0.6,MIM,0.6,14.639705882352942,8.5,0,65
sciences,S7,MIM,0.6,MIM,0.7,14.639705882352942,8.5,0,65
sciences,S7,MIM,0.6,MIM,0.8,14.639705882352942,8.5,0,65
sciences,S7,MIM,0.6,MIM,0.9,14.639705882352942,8.5,0,65
sciences,S7,MIM,0.6,MIM,1.0,14.639705882352942,8.5,0,65
sciences,BLU,MIM,0.7,MIM,0.1,17.235294117647058,10.5,0,67
sciences,BLU,MIM,0.7,MIM,0.2,17.316176470588236,10.0,0,67
sciences,BLU,MIM,0.7,MIM,0.3,17.49264705882353,10.5,0,67
sciences,BLU,MIM,0.7,MIM,0.4,17.426470588235293,10.5,0,67
sciences,BLU,MIM,0.7,MIM,0.5,17.426470588235293,10.5,0,67
sciences,BLU,MIM,0.7,MIM,0.6,17.426470588235293,10.5,0,67
sciences,BLU,MIM,0.7,MIM,0.7,17.426470588235293,10.5,0,67
sciences,BLU,MIM,0.7,MIM,0.8,17.426470588235293,10.5,0,67
sciences,BLU,MIM,0.7,MIM,0.9,17.426470588235293,10.5,0,67
sciences,BLU,MIM,0.7,MIM,1.0,17.426470588235293,10.5,0,67
sciences,HTC,MIM,0.7,MIM,0.1,16.573529411764707,11.0,0,67
sciences,HTC,MIM,0.7,MIM,0.2,16.33823529411765,10.0,0,67
sciences,HTC,MIM,0.7,MIM,0.3,16.801470588235293,10.0,0,67
sciences,HTC,MIM,0.7,MIM,0.4,16.816176470588236,10.0,0,67
sciences,HTC,MIM,0.7,MIM,0.5,16.816176470588236,10.0,0,67
sciences,HTC,MIM,0.7,MIM,0.6,16.816176470588236,10.0,0,67
sciences,HTC,MIM,0.7,MIM,0.7,16.816176470588236,10.0,0,67
sciences,HTC,MIM,0.7,MIM,0.8,16.816176470588236,10.0,0,67
sciences,HTC,MIM,0.7,MIM,0.9,16.816176470588236,10.0,0,67
sciences,HTC,MIM,0.7,MIM,1.0,16.816176470588236,10.0,0,67
sciences,LG,MIM,0.7,MIM,0.1,17.919117647058822,11.5,0,67
sciences,LG,MIM,0.7,MIM,0.2,18.13235294117647,11.0,0,67
sciences,LG,MIM,0.7,MIM,0.3,18.78676470588235,12.0,0,67
sciences,LG,MIM,0.7,MIM,0.4,18.78676470588235,12.0,0,67
sciences,LG,MIM,0.7,MIM,0.5,18.78676470588235,12.0,0,67
sciences,LG,MIM,0.7,MIM,0.6,18.78676470588235,12.0,0,67
sciences,LG,MIM,0.7,MIM,0.7,18.78676470588235,12.0,0,67
sciences,LG,MIM,0.7,MIM,0.8,18.78676470588235,12.0,0,67
sciences,LG,MIM,0.7,MIM,0.9,18.78676470588235,12.0,0,67
sciences,LG,MIM,0.7,MIM,1.0,18.78676470588235,12.0,0,67
sciences,MOTO,MIM,0.7,MIM,0.1,16.75,9.0,0,67
sciences,MOTO,MIM,0.7,MIM,0.2,17.102941176470587,10.5,0,67
sciences,MOTO,MIM,0.7,MIM,0.3,17.125,10.5,0,67
sciences,MOTO,MIM,0.7,MIM,0.4,17.125,10.5,0,67
sciences,MOTO,MIM,0.7,MIM,0.5,17.125,10.5,0,67
sciences,MOTO,MIM,0.7,MIM,0.6,17.125,10.5,0,67
sciences,MOTO,MIM,0.7,MIM,0.7,17.125,10.5,0,67
sciences,MOTO,MIM,0.7,MIM,0.8,17.125,10.5,0,67
sciences,MOTO,MIM,0.7,MIM,0.9,17.125,10.5,0,67
sciences,MOTO,MIM,0.7,MIM,1.0,17.125,10.5,0,67
sciences,OP3,MIM,0.7,MIM,0.1,17.926470588235293,12.0,0,66
sciences,OP3,MIM,0.7,MIM,0.2,18.448529411764707,12.0,0,66
sciences,OP3,MIM,0.7,MIM,0.3,18.647058823529413,12.5,0,66
sciences,OP3,MIM,0.7,MIM,0.4,18.683823529411764,12.5,0,66
sciences,OP3,MIM,0.7,MIM,0.5,18.683823529411764,12.5,0,66
sciences,OP3,MIM,0.7,MIM,0.6,18.683823529411764,12.5,0,66
sciences,OP3,MIM,0.7,MIM,0.7,18.683823529411764,12.5,0,66
sciences,OP3,MIM,0.7,MIM,0.8,18.683823529411764,12.5,0,66
sciences,OP3,MIM,0.7,MIM,0.9,18.683823529411764,12.5,0,66
sciences,OP3,MIM,0.7,MIM,1.0,18.683823529411764,12.5,0,66
sciences,S7,MIM,0.7,MIM,0.1,16.279411764705884,10.0,0,65
sciences,S7,MIM,0.7,MIM,0.2,16.66176470588235,10.0,0,67
sciences,S7,MIM,0.7,MIM,0.3,17.176470588235293,10.5,0,67
sciences,S7,MIM,0.7,MIM,0.4,16.764705882352942,10.0,0,67
sciences,S7,MIM,0.7,MIM,0.5,16.764705882352942,10.0,0,67
sciences,S7,MIM,0.7,MIM,0.6,16.764705882352942,10.0,0,67
sciences,S7,MIM,0.7,MIM,0.7,16.764705882352942,10.0,0,67
sciences,S7,MIM,0.7,MIM,0.8,16.764705882352942,10.0,0,67
sciences,S7,MIM,0.7,MIM,0.9,16.764705882352942,10.0,0,67
sciences,S7,MIM,0.7,MIM,1.0,16.764705882352942,10.0,0,67
sciences,BLU,MIM,0.8,MIM,0.1,14.801470588235293,7.5,0,66
sciences,BLU,MIM,0.8,MIM,0.2,15.441176470588236,10.0,0,66
sciences,BLU,MIM,0.8,MIM,0.3,15.441176470588236,10.0,0,66
sciences,BLU,MIM,0.8,MIM,0.4,15.117647058823529,9.5,0,66
sciences,BLU,MIM,0.8,MIM,0.5,15.117647058823529,9.5,0,66
sciences,BLU,MIM,0.8,MIM,0.6,15.117647058823529,9.5,0,66
sciences,BLU,MIM,0.8,MIM,0.7,15.117647058823529,9.5,0,66
sciences,BLU,MIM,0.8,MIM,0.8,15.117647058823529,9.5,0,66
sciences,BLU,MIM,0.8,MIM,0.9,15.117647058823529,9.5,0,66
sciences,BLU,MIM,0.8,MIM,1.0,15.117647058823529,9.5,0,66
sciences,HTC,MIM,0.8,MIM,0.1,20.88235294117647,13.5,0,67
sciences,HTC,MIM,0.8,MIM,0.2,20.610294117647058,13.0,0,67
sciences,HTC,MIM,0.8,MIM,0.3,20.08823529411765,12.5,0,67
sciences,HTC,MIM,0.8,MIM,0.4,20.28676470588235,13.0,0,67
sciences,HTC,MIM,0.8,MIM,0.5,20.28676470588235,13.0,0,67
sciences,HTC,MIM,0.8,MIM,0.6,20.28676470588235,13.0,0,67
sciences,HTC,MIM,0.8,MIM,0.7,20.28676470588235,13.0,0,67
sciences,HTC,MIM,0.8,MIM,0.8,20.28676470588235,13.0,0,67
sciences,HTC,MIM,0.8,MIM,0.9,20.28676470588235,13.0,0,67
sciences,HTC,MIM,0.8,MIM,1.0,20.28676470588235,13.0,0,67
sciences,LG,MIM,0.8,MIM,0.1,19.78676470588235,11.0,1,66
sciences,LG,MIM,0.8,MIM,0.2,20.71323529411765,12.0,0,66
sciences,LG,MIM,0.8,MIM,0.3,20.904411764705884,12.0,1,66
sciences,LG,MIM,0.8,MIM,0.4,20.720588235294116,12.0,1,66
sciences,LG,MIM,0.8,MIM,0.5,20.720588235294116,12.0,1,66
sciences,LG,MIM,0.8,MIM,0.6,20.720588235294116,12.0,1,66
sciences,LG,MIM,0.8,MIM,0.7,20.720588235294116,12.0,1,66
sciences,LG,MIM,0.8,MIM,0.8,20.720588235294116,12.0,1,66
sciences,LG,MIM,0.8,MIM,0.9,20.720588235294116,12.0,1,66
sciences,LG,MIM,0.8,MIM,1.0,20.720588235294116,12.0,1,66
sciences,MOTO,MIM,0.8,MIM,0.1,16.75,9.0,0,67
sciences,MOTO,MIM,0.8,MIM,0.2,17.845588235294116,10.5,0,67
sciences,MOTO,MIM,0.8,MIM,0.3,17.83823529411765,10.0,0,67
sciences,MOTO,MIM,0.8,MIM,0.4,17.78676470588235,10.5,0,67
sciences,MOTO,MIM,0.8,MIM,0.5,17.78676470588235,10.5,0,67
sciences,MOTO,MIM,0.8,MIM,0.6,17.78676470588235,10.5,0,67
sciences,MOTO,MIM,0.8,MIM,0.7,17.78676470588235,10.5,0,67
sciences,MOTO,MIM,0.8,MIM,0.8,17.78676470588235,10.5,0,67
sciences,MOTO,MIM,0.8,MIM,0.9,17.78676470588235,10.5,0,67
sciences,MOTO,MIM,0.8,MIM,1.0,17.78676470588235,10.5,0,67
sciences,OP3,MIM,0.8,MIM,0.1,23.066176470588236,15.0,1,66
sciences,OP3,MIM,0.8,MIM,0.2,23.21323529411765,16.5,1,66
sciences,OP3,MIM,0.8,MIM,0.3,22.86764705882353,15.5,1,66
sciences,OP3,MIM,0.8,MIM,0.4,22.977941176470587,16.0,1,66
sciences,OP3,MIM,0.8,MIM,0.5,22.977941176470587,16.0,1,66
sciences,OP3,MIM,0.8,MIM,0.6,22.977941176470587,16.0,1,66
sciences,OP3,MIM,0.8,MIM,0.7,22.977941176470587,16.0,1,66
sciences,OP3,MIM,0.8,MIM,0.8,22.977941176470587,16.0,1,66
sciences,OP3,MIM,0.8,MIM,0.9,22.977941176470587,16.0,1,66
sciences,OP3,MIM,0.8,MIM,1.0,22.977941176470587,16.0,1,66
sciences,S7,MIM,0.8,MIM,0.1,18.801470588235293,11.0,0,66
sciences,S7,MIM,0.8,MIM,0.2,19.5,11.0,0,66
sciences,S7,MIM,0.8,MIM,0.3,20.058823529411764,11.0,0,66
sciences,S7,MIM,0.8,MIM,0.4,20.03676470588235,11.0,0,66
sciences,S7,MIM,0.8,MIM,0.5,20.03676470588235,11.0,0,66
sciences,S7,MIM,0.8,MIM,0.6,20.03676470588235,11.0,0,66
sciences,S7,MIM,0.8,MIM,0.7,20.03676470588235,11.0,0,66
sciences,S7,MIM,0.8,MIM,0.8,20.03676470588235,11.0,0,66
sciences,S7,MIM,0.8,MIM,0.9,20.03676470588235,11.0,0,66
sciences,S7,MIM,0.8,MIM,1.0,20.03676470588235,11.0,0,66
sciences,BLU,MIM,0.9,MIM,0.1,15.235294117647058,9.0,0,66
sciences,BLU,MIM,0.9,MIM,0.2,16.21323529411765,11.0,0,66
sciences,BLU,MIM,0.9,MIM,0.3,15.779411764705882,11.0,0,66
sciences,BLU,MIM,0.9,MIM,0.4,15.558823529411764,11.0,0,66
sciences,BLU,MIM,0.9,MIM,0.5,15.558823529411764,11.0,0,66
sciences,BLU,MIM,0.9,MIM,0.6,15.558823529411764,11.0,0,66
sciences,BLU,MIM,0.9,MIM,0.7,15.558823529411764,11.0,0,66
sciences,BLU,MIM,0.9,MIM,0.8,15.558823529411764,11.0,0,66
sciences,BLU,MIM,0.9,MIM,0.9,15.558823529411764,11.0,0,66
sciences,BLU,MIM,0.9,MIM,1.0,15.558823529411764,11.0,0,66
sciences,HTC,MIM,0.9,MIM,0.1,12.808823529411764,7.0,0,66
sciences,HTC,MIM,0.9,MIM,0.2,13.522058823529411,8.0,0,66
sciences,HTC,MIM,0.9,MIM,0.3,13.625,8.0,0,66
sciences,HTC,MIM,0.9,MIM,0.4,13.485294117647058,8.0,0,66
sciences,HTC,MIM,0.9,MIM,0.5,13.485294117647058,8.0,0,66
sciences,HTC,MIM,0.9,MIM,0.6,13.485294117647058,8.0,0,66
sciences,HTC,MIM,0.9,MIM,0.7,13.485294117647058,8.0,0,66
sciences,HTC,MIM,0.9,MIM,0.8,13.485294117647058,8.0,0,66
sciences,HTC,MIM,0.9,MIM,0.9,13.485294117647058,8.0,0,66
sciences,HTC,MIM,0.9,MIM,1.0,13.485294117647058,8.0,0,66
sciences,LG,MIM,0.9,MIM,0.1,15.683823529411764,9.0,0,67
sciences,LG,MIM,0.9,MIM,0.2,15.463235294117647,9.0,0,67
sciences,LG,MIM,0.9,MIM,0.3,15.397058823529411,9.0,0,67
sciences,LG,MIM,0.9,MIM,0.4,15.397058823529411,9.0,0,67
sciences,LG,MIM,0.9,MIM,0.5,15.397058823529411,9.0,0,67
sciences,LG,MIM,0.9,MIM,0.6,15.397058823529411,9.0,0,67
sciences,LG,MIM,0.9,MIM,0.7,15.397058823529411,9.0,0,67
sciences,LG,MIM,0.9,MIM,0.8,15.397058823529411,9.0,0,67
sciences,LG,MIM,0.9,MIM,0.9,15.397058823529411,9.0,0,67
sciences,LG,MIM,0.9,MIM,1.0,15.397058823529411,9.0,0,67
sciences,MOTO,MIM,0.9,MIM,0.1,15.602941176470589,8.0,0,67
sciences,MOTO,MIM,0.9,MIM,0.2,16.28676470588235,9.0,0,67
sciences,MOTO,MIM,0.9,MIM,0.3,16.301470588235293,9.5,0,67
sciences,MOTO,MIM,0.9,MIM,0.4,16.448529411764707,10.0,0,67
sciences,MOTO,MIM,0.9,MIM,0.5,16.448529411764707,10.0,0,67
sciences,MOTO,MIM,0.9,MIM,0.6,16.448529411764707,10.0,0,67
sciences,MOTO,MIM,0.9,MIM,0.7,16.448529411764707,10.0,0,67
sciences,MOTO,MIM,0.9,MIM,0.8,16.448529411764707,10.0,0,67
sciences,MOTO,MIM,0.9,MIM,0.9,16.448529411764707,10.0,0,67
sciences,MOTO,MIM,0.9,MIM,1.0,16.448529411764707,10.0,0,67
sciences,OP3,MIM,0.9,MIM,0.1,15.882352941176471,9.5,0,64
sciences,OP3,MIM,0.9,MIM,0.2,15.882352941176471,10.0,0,64
sciences,OP3,MIM,0.9,MIM,0.3,15.948529411764707,10.0,0,64
sciences,OP3,MIM,0.9,MIM,0.4,15.948529411764707,10.0,0,64
sciences,OP3,MIM,0.9,MIM,0.5,15.948529411764707,10.0,0,64
sciences,OP3,MIM,0.9,MIM,0.6,15.948529411764707,10.0,0,64
sciences,OP3,MIM,0.9,MIM,0.7,15.948529411764707,10.0,0,64
sciences,OP3,MIM,0.9,MIM,0.8,15.948529411764707,10.0,0,64
sciences,OP3,MIM,0.9,MIM,0.9,15.948529411764707,10.0,0,64
sciences,OP3,MIM,0.9,MIM,1.0,15.948529411764707,10.0,0,64
sciences,S7,MIM,0.9,MIM,0.1,14.301470588235293,8.0,0,65
sciences,S7,MIM,0.9,MIM,0.2,14.992647058823529,8.0,0,65
sciences,S7,MIM,0.9,MIM,0.3,14.911764705882353,8.0,0,65
sciences,S7,MIM,0.9,MIM,0.4,14.816176470588236,8.0,0,65
sciences,S7,MIM,0.9,MIM,0.5,14.816176470588236,8.0,0,65
sciences,S7,MIM,0.9,MIM,0.6,14.816176470588236,8.0,0,65
sciences,S7,MIM,0.9,MIM,0.7,14.816176470588236,8.0,0,65
sciences,S7,MIM,0.9,MIM,0.8,14.816176470588236,8.0,0,65
sciences,S7,MIM,0.9,MIM,0.9,14.816176470588236,8.0,0,65
sciences,S7,MIM,0.9,MIM,1.0,14.816176470588236,8.0,0,65
sciences,BLU,MIM,1.0,MIM,0.1,19.198529411764707,12.0,0,67
sciences,BLU,MIM,1.0,MIM,0.2,19.485294117647058,12.5,0,67
sciences,BLU,MIM,1.0,MIM,0.3,19.50735294117647,12.5,0,67
sciences,BLU,MIM,1.0,MIM,0.4,19.50735294117647,12.5,0,67
sciences,BLU,MIM,1.0,MIM,0.5,19.50735294117647,12.5,0,67
sciences,BLU,MIM,1.0,MIM,0.6,19.50735294117647,12.5,0,67
sciences,BLU,MIM,1.0,MIM,0.7,19.50735294117647,12.5,0,67
sciences,BLU,MIM,1.0,MIM,0.8,19.50735294117647,12.5,0,67
sciences,BLU,MIM,1.0,MIM,0.9,19.50735294117647,12.5,0,67
sciences,BLU,MIM,1.0,MIM,1.0,19.50735294117647,12.5,0,67
sciences,HTC,MIM,1.0,MIM,0.1,18.21323529411765,9.0,0,67
sciences,HTC,MIM,1.0,MIM,0.2,17.63235294117647,9.0,0,67
sciences,HTC,MIM,1.0,MIM,0.3,17.977941176470587,9.0,0,67
sciences,HTC,MIM,1.0,MIM,0.4,17.96323529411765,9.0,0,67
sciences,HTC,MIM,1.0,MIM,0.5,17.96323529411765,9.0,0,67
sciences,HTC,MIM,1.0,MIM,0.6,17.96323529411765,9.0,0,67
sciences,HTC,MIM,1.0,MIM,0.7,17.96323529411765,9.0,0,67
sciences,HTC,MIM,1.0,MIM,0.8,17.96323529411765,9.0,0,67
sciences,HTC,MIM,1.0,MIM,0.9,17.96323529411765,9.0,0,67
sciences,HTC,MIM,1.0,MIM,1.0,17.96323529411765,9.0,0,67
sciences,LG,MIM,1.0,MIM,0.1,18.051470588235293,10.5,0,67
sciences,LG,MIM,1.0,MIM,0.2,18.125,10.0,0,67
sciences,LG,MIM,1.0,MIM,0.3,18.198529411764707,10.0,0,67
sciences,LG,MIM,1.0,MIM,0.4,18.198529411764707,10.0,0,67
sciences,LG,MIM,1.0,MIM,0.5,18.198529411764707,10.0,0,67
sciences,LG,MIM,1.0,MIM,0.6,18.198529411764707,10.0,0,67
sciences,LG,MIM,1.0,MIM,0.7,18.198529411764707,10.0,0,67
sciences,LG,MIM,1.0,MIM,0.8,18.198529411764707,10.0,0,67
sciences,LG,MIM,1.0,MIM,0.9,18.198529411764707,10.0,0,67
sciences,LG,MIM,1.0,MIM,1.0,18.198529411764707,10.0,0,67
sciences,MOTO,MIM,1.0,MIM,0.1,15.647058823529411,10.0,0,62
sciences,MOTO,MIM,1.0,MIM,0.2,16.264705882352942,11.0,0,62
sciences,MOTO,MIM,1.0,MIM,0.3,15.830882352941176,11.0,0,62
sciences,MOTO,MIM,1.0,MIM,0.4,15.816176470588236,11.0,0,62
sciences,MOTO,MIM,1.0,MIM,0.5,15.816176470588236,11.0,0,62
sciences,MOTO,MIM,1.0,MIM,0.6,15.816176470588236,11.0,0,62
sciences,MOTO,MIM,1.0,MIM,0.7,15.816176470588236,11.0,0,62
sciences,MOTO,MIM,1.0,MIM,0.8,15.816176470588236,11.0,0,62
sciences,MOTO,MIM,1.0,MIM,0.9,15.816176470588236,11.0,0,62
sciences,MOTO,MIM,1.0,MIM,1.0,15.816176470588236,11.0,0,62
sciences,OP3,MIM,1.0,MIM,0.1,14.588235294117647,9.0,0,66
sciences,OP3,MIM,1.0,MIM,0.2,15.382352941176471,9.5,0,66
sciences,OP3,MIM,1.0,MIM,0.3,15.088235294117647,9.5,0,66
sciences,OP3,MIM,1.0,MIM,0.4,15.073529411764707,9.5,0,66
sciences,OP3,MIM,1.0,MIM,0.5,15.073529411764707,9.5,0,66
sciences,OP3,MIM,1.0,MIM,0.6,15.073529411764707,9.5,0,66
sciences,OP3,MIM,1.0,MIM,0.7,15.073529411764707,9.5,0,66
sciences,OP3,MIM,1.0,MIM,0.8,15.073529411764707,9.5,0,66
sciences,OP3,MIM,1.0,MIM,0.9,15.073529411764707,9.5,0,66
sciences,OP3,MIM,1.0,MIM,1.0,15.073529411764707,9.5,0,66
sciences,S7,MIM,1.0,MIM,0.1,16.794117647058822,11.0,0,63
sciences,S7,MIM,1.0,MIM,0.2,18.0,11.0,0,63
sciences,S7,MIM,1.0,MIM,0.3,18.227941176470587,11.0,0,63
sciences,S7,MIM,1.0,MIM,0.4,18.639705882352942,11.0,0,63
sciences,S7,MIM,1.0,MIM,0.5,18.639705882352942,11.0,0,63
sciences,S7,MIM,1.0,MIM,0.6,18.639705882352942,11.0,0,63
sciences,S7,MIM,1.0,MIM,0.7,18.639705882352942,11.0,0,63
sciences,S7,MIM,1.0,MIM,0.8,18.639705882352942,11.0,0,63
sciences,S7,MIM,1.0,MIM,0.9,18.639705882352942,11.0,0,63
sciences,S7,MIM,1.0,MIM,1.0,18.639705882352942,11.0,0,63
sciences,BLU,BIM,0.1,MIM,0.1,18.573529411764707,11.5,0,67
sciences,BLU,BIM,0.1,MIM,0.2,18.816176470588236,12.5,0,67
sciences,BLU,BIM,0.1,MIM,0.3,18.96323529411765,13.0,0,67
sciences,BLU,BIM,0.1,MIM,0.4,18.83823529411765,12.5,0,67
sciences,BLU,BIM,0.1,MIM,0.5,18.83823529411765,12.5,0,67
sciences,BLU,BIM,0.1,MIM,0.6,18.83823529411765,12.5,0,67
sciences,BLU,BIM,0.1,MIM,0.7,18.83823529411765,12.5,0,67
sciences,BLU,BIM,0.1,MIM,0.8,18.83823529411765,12.5,0,67
sciences,BLU,BIM,0.1,MIM,0.9,18.83823529411765,12.5,0,67
sciences,BLU,BIM,0.1,MIM,1.0,18.83823529411765,12.5,0,67
sciences,HTC,BIM,0.1,MIM,0.1,15.375,8.0,0,64
sciences,HTC,BIM,0.1,MIM,0.2,14.926470588235293,8.0,0,64
sciences,HTC,BIM,0.1,MIM,0.3,15.382352941176471,8.0,0,64
sciences,HTC,BIM,0.1,MIM,0.4,15.125,8.0,0,64
sciences,HTC,BIM,0.1,MIM,0.5,15.125,8.0,0,64
sciences,HTC,BIM,0.1,MIM,0.6,15.125,8.0,0,64
sciences,HTC,BIM,0.1,MIM,0.7,15.125,8.0,0,64
sciences,HTC,BIM,0.1,MIM,0.8,15.125,8.0,0,64
sciences,HTC,BIM,0.1,MIM,0.9,15.125,8.0,0,64
sciences,HTC,BIM,0.1,MIM,1.0,15.125,8.0,0,64
sciences,LG,BIM,0.1,MIM,0.1,16.022058823529413,8.5,0,65
sciences,LG,BIM,0.1,MIM,0.2,16.154411764705884,8.0,0,65
sciences,LG,BIM,0.1,MIM,0.3,16.61764705882353,9.0,0,65
sciences,LG,BIM,0.1,MIM,0.4,16.61764705882353,9.0,0,65
sciences,LG,BIM,0.1,MIM,0.5,16.61764705882353,9.0,0,65
sciences,LG,BIM,0.1,MIM,0.6,16.61764705882353,9.0,0,65
sciences,LG,BIM,0.1,MIM,0.7,16.61764705882353,9.0,0,65
sciences,LG,BIM,0.1,MIM,0.8,16.61764705882353,9.0,0,65
sciences,LG,BIM,0.1,MIM,0.9,16.61764705882353,9.0,0,65
sciences,LG,BIM,0.1,MIM,1.0,16.61764705882353,9.0,0,65
sciences,MOTO,BIM,0.1,MIM,0.1,12.139705882352942,9.0,0,60
sciences,MOTO,BIM,0.1,MIM,0.2,12.264705882352942,9.0,0,60
sciences,MOTO,BIM,0.1,MIM,0.3,12.029411764705882,9.0,0,60
sciences,MOTO,BIM,0.1,MIM,0.4,11.970588235294118,9.0,0,60
sciences,MOTO,BIM,0.1,MIM,0.5,11.970588235294118,9.0,0,60
sciences,MOTO,BIM,0.1,MIM,0.6,11.970588235294118,9.0,0,60
sciences,MOTO,BIM,0.1,MIM,0.7,11.970588235294118,9.0,0,60
sciences,MOTO,BIM,0.1,MIM,0.8,11.970588235294118,9.0,0,60
sciences,MOTO,BIM,0.1,MIM,0.9,11.970588235294118,9.0,0,60
sciences,MOTO,BIM,0.1,MIM,1.0,11.970588235294118,9.0,0,60
sciences,OP3,BIM,0.1,MIM,0.1,13.713235294117647,8.0,0,64
sciences,OP3,BIM,0.1,MIM,0.2,13.639705882352942,8.0,0,64
sciences,OP3,BIM,0.1,MIM,0.3,13.897058823529411,8.0,0,64
sciences,OP3,BIM,0.1,MIM,0.4,13.882352941176471,8.0,0,64
sciences,OP3,BIM,0.1,MIM,0.5,13.882352941176471,8.0,0,64
sciences,OP3,BIM,0.1,MIM,0.6,13.882352941176471,8.0,0,64
sciences,OP3,BIM,0.1,MIM,0.7,13.882352941176471,8.0,0,64
sciences,OP3,BIM,0.1,MIM,0.8,13.882352941176471,8.0,0,64
sciences,OP3,BIM,0.1,MIM,0.9,13.882352941176471,8.0,0,64
sciences,OP3,BIM,0.1,MIM,1.0,13.882352941176471,8.0,0,64
sciences,S7,BIM,0.1,MIM,0.1,14.558823529411764,10.0,0,66
sciences,S7,BIM,0.1,MIM,0.2,15.102941176470589,10.0,0,66
sciences,S7,BIM,0.1,MIM,0.3,15.375,10.0,0,66
sciences,S7,BIM,0.1,MIM,0.4,15.735294117647058,10.5,0,66
sciences,S7,BIM,0.1,MIM,0.5,15.735294117647058,10.5,0,66
sciences,S7,BIM,0.1,MIM,0.6,15.735294117647058,10.5,0,66
sciences,S7,BIM,0.1,MIM,0.7,15.735294117647058,10.5,0,66
sciences,S7,BIM,0.1,MIM,0.8,15.735294117647058,10.5,0,66
sciences,S7,BIM,0.1,MIM,0.9,15.735294117647058,10.5,0,66
sciences,S7,BIM,0.1,MIM,1.0,15.735294117647058,10.5,0,66
sciences,BLU,BIM,0.2,MIM,0.1,17.375,13.0,0,66
sciences,BLU,BIM,0.2,MIM,0.2,17.74264705882353,14.0,0,66
sciences,BLU,BIM,0.2,MIM,0.3,17.830882352941178,14.0,0,66
sciences,BLU,BIM,0.2,MIM,0.4,17.852941176470587,14.0,0,66
sciences,BLU,BIM,0.2,MIM,0.5,17.852941176470587,14.0,0,66
sciences,BLU,BIM,0.2,MIM,0.6,17.852941176470587,14.0,0,66
sciences,BLU,BIM,0.2,MIM,0.7,17.852941176470587,14.0,0,66
sciences,BLU,BIM,0.2,MIM,0.8,17.852941176470587,14.0,0,66
sciences,BLU,BIM,0.2,MIM,0.9,17.852941176470587,14.0,0,66
sciences,BLU,BIM,0.2,MIM,1.0,17.852941176470587,14.0,0,66
sciences,HTC,BIM,0.2,MIM,0.1,18.125,11.0,0,66
sciences,HTC,BIM,0.2,MIM,0.2,18.83823529411765,11.0,0,67
sciences,HTC,BIM,0.2,MIM,0.3,18.88235294117647,11.0,0,67
sciences,HTC,BIM,0.2,MIM,0.4,18.88235294117647,11.0,0,67
sciences,HTC,BIM,0.2,MIM,0.5,18.88235294117647,11.0,0,67
sciences,HTC,BIM,0.2,MIM,0.6,18.88235294117647,11.0,0,67
sciences,HTC,BIM,0.2,MIM,0.7,18.88235294117647,11.0,0,67
sciences,HTC,BIM,0.2,MIM,0.8,18.88235294117647,11.0,0,67
sciences,HTC,BIM,0.2,MIM,0.9,18.88235294117647,11.0,0,67
sciences,HTC,BIM,0.2,MIM,1.0,18.88235294117647,11.0,0,67
sciences,LG,BIM,0.2,MIM,0.1,14.507352941176471,10.5,0,66
sciences,LG,BIM,0.2,MIM,0.2,14.772058823529411,10.0,0,66
sciences,LG,BIM,0.2,MIM,0.3,15.308823529411764,10.0,0,66
sciences,LG,BIM,0.2,MIM,0.4,15.125,10.0,0,66
sciences,LG,BIM,0.2,MIM,0.5,15.125,10.0,0,66
sciences,LG,BIM,0.2,MIM,0.6,15.125,10.0,0,66
sciences,LG,BIM,0.2,MIM,0.7,15.125,10.0,0,66
sciences,LG,BIM,0.2,MIM,0.8,15.125,10.0,0,66
sciences,LG,BIM,0.2,MIM,0.9,15.125,10.0,0,66
sciences,LG,BIM,0.2,MIM,1.0,15.125,10.0,0,66
sciences,MOTO,BIM,0.2,MIM,0.1,16.0,10.0,0,66
sciences,MOTO,BIM,0.2,MIM,0.2,16.455882352941178,11.0,0,66
sciences,MOTO,BIM,0.2,MIM,0.3,17.080882352941178,11.0,0,66
sciences,MOTO,BIM,0.2,MIM,0.4,17.080882352941178,11.0,0,66
sciences,MOTO,BIM,0.2,MIM,0.5,17.080882352941178,11.0,0,66
sciences,MOTO,BIM,0.2,MIM,0.6,17.080882352941178,11.0,0,66
sciences,MOTO,BIM,0.2,MIM,0.7,17.080882352941178,11.0,0,66
sciences,MOTO,BIM,0.2,MIM,0.8,17.080882352941178,11.0,0,66
sciences,MOTO,BIM,0.2,MIM,0.9,17.080882352941178,11.0,0,66
sciences,MOTO,BIM,0.2,MIM,1.0,17.080882352941178,11.0,0,66
sciences,OP3,BIM,0.2,MIM,0.1,15.227941176470589,8.0,0,66
sciences,OP3,BIM,0.2,MIM,0.2,15.720588235294118,9.0,0,66
sciences,OP3,BIM,0.2,MIM,0.3,15.727941176470589,9.0,0,66
sciences,OP3,BIM,0.2,MIM,0.4,15.727941176470589,9.0,0,66
sciences,OP3,BIM,0.2,MIM,0.5,15.727941176470589,9.0,0,66
sciences,OP3,BIM,0.2,MIM,0.6,15.727941176470589,9.0,0,66
sciences,OP3,BIM,0.2,MIM,0.7,15.727941176470589,9.0,0,66
sciences,OP3,BIM,0.2,MIM,0.8,15.727941176470589,9.0,0,66
sciences,OP3,BIM,0.2,MIM,0.9,15.727941176470589,9.0,0,66
sciences,OP3,BIM,0.2,MIM,1.0,15.727941176470589,9.0,0,66
sciences,S7,BIM,0.2,MIM,0.1,15.779411764705882,9.0,0,66
sciences,S7,BIM,0.2,MIM,0.2,15.904411764705882,9.0,0,66
sciences,S7,BIM,0.2,MIM,0.3,16.205882352941178,9.0,0,66
sciences,S7,BIM,0.2,MIM,0.4,16.147058823529413,9.0,0,66
sciences,S7,BIM,0.2,MIM,0.5,16.147058823529413,9.0,0,66
sciences,S7,BIM,0.2,MIM,0.6,16.147058823529413,9.0,0,66
sciences,S7,BIM,0.2,MIM,0.7,16.147058823529413,9.0,0,66
sciences,S7,BIM,0.2,MIM,0.8,16.147058823529413,9.0,0,66
sciences,S7,BIM,0.2,MIM,0.9,16.147058823529413,9.0,0,66
sciences,S7,BIM,0.2,MIM,1.0,16.147058823529413,9.0,0,66
sciences,BLU,BIM,0.3,MIM,0.1,15.308823529411764,10.0,0,64
sciences,BLU,BIM,0.3,MIM,0.2,14.551470588235293,10.0,0,64
sciences,BLU,BIM,0.3,MIM,0.3,14.911764705882353,10.0,0,64
sciences,BLU,BIM,0.3,MIM,0.4,14.838235294117647,10.0,0,64
sciences,BLU,BIM,0.3,MIM,0.5,14.838235294117647,10.0,0,64
sciences,BLU,BIM,0.3,MIM,0.6,14.838235294117647,10.0,0,64
sciences,BLU,BIM,0.3,MIM,0.7,14.838235294117647,10.0,0,64
sciences,BLU,BIM,0.3,MIM,0.8,14.838235294117647,10.0,0,64
sciences,BLU,BIM,0.3,MIM,0.9,14.838235294117647,10.0,0,64
sciences,BLU,BIM,0.3,MIM,1.0,14.838235294117647,10.0,0,64
sciences,HTC,BIM,0.3,MIM,0.1,10.808823529411764,7.0,0,66
sciences,HTC,BIM,0.3,MIM,0.2,10.919117647058824,7.0,0,66
sciences,HTC,BIM,0.3,MIM,0.3,10.904411764705882,7.0,0,66
sciences,HTC,BIM,0.3,MIM,0.4,10.897058823529411,7.0,0,66
sciences,HTC,BIM,0.3,MIM,0.5,10.897058823529411,7.0,0,66
sciences,HTC,BIM,0.3,MIM,0.6,10.897058823529411,7.0,0,66
sciences,HTC,BIM,0.3,MIM,0.7,10.897058823529411,7.0,0,66
sciences,HTC,BIM,0.3,MIM,0.8,10.897058823529411,7.0,0,66
sciences,HTC,BIM,0.3,MIM,0.9,10.897058823529411,7.0,0,66
sciences,HTC,BIM,0.3,MIM,1.0,10.897058823529411,7.0,0,66
sciences,LG,BIM,0.3,MIM,0.1,12.367647058823529,7.0,0,64
sciences,LG,BIM,0.3,MIM,0.2,12.926470588235293,7.0,0,64
sciences,LG,BIM,0.3,MIM,0.3,13.264705882352942,7.0,0,64
sciences,LG,BIM,0.3,MIM,0.4,13.286764705882353,7.0,0,64
sciences,LG,BIM,0.3,MIM,0.5,13.286764705882353,7.0,0,64
sciences,LG,BIM,0.3,MIM,0.6,13.286764705882353,7.0,0,64
sciences,LG,BIM,0.3,MIM,0.7,13.286764705882353,7.0,0,64
sciences,LG,BIM,0.3,MIM,0.8,13.286764705882353,7.0,0,64
sciences,LG,BIM,0.3,MIM,0.9,13.286764705882353,7.0,0,64
sciences,LG,BIM,0.3,MIM,1.0,13.286764705882353,7.0,0,64
sciences,MOTO,BIM,0.3,MIM,0.1,16.11764705882353,10.0,0,62
sciences,MOTO,BIM,0.3,MIM,0.2,16.441176470588236,10.0,0,62
sciences,MOTO,BIM,0.3,MIM,0.3,16.83823529411765,10.0,0,64
sciences,MOTO,BIM,0.3,MIM,0.4,16.83823529411765,10.0,0,64
sciences,MOTO,BIM,0.3,MIM,0.5,16.83823529411765,10.0,0,64
sciences,MOTO,BIM,0.3,MIM,0.6,16.83823529411765,10.0,0,64
sciences,MOTO,BIM,0.3,MIM,0.7,16.83823529411765,10.0,0,64
sciences,MOTO,BIM,0.3,MIM,0.8,16.83823529411765,10.0,0,64
sciences,MOTO,BIM,0.3,MIM,0.9,16.83823529411765,10.0,0,64
sciences,MOTO,BIM,0.3,MIM,1.0,16.83823529411765,10.0,0,64
sciences,OP3,BIM,0.3,MIM,0.1,14.375,9.5,0,63
sciences,OP3,BIM,0.3,MIM,0.2,14.360294117647058,10.0,0,63
sciences,OP3,BIM,0.3,MIM,0.3,14.875,10.0,0,64
sciences,OP3,BIM,0.3,MIM,0.4,14.933823529411764,10.5,0,64
sciences,OP3,BIM,0.3,MIM,0.5,14.933823529411764,10.5,0,64
sciences,OP3,BIM,0.3,MIM,0.6,14.933823529411764,10.5,0,64
sciences,OP3,BIM,0.3,MIM,0.7,14.933823529411764,10.5,0,64
sciences,OP3,BIM,0.3,MIM,0.8,14.933823529411764,10.5,0,64
sciences,OP3,BIM,0.3,MIM,0.9,14.933823529411764,10.5,0,64
sciences,OP3,BIM,0.3,MIM,1.0,14.933823529411764,10.5,0,64
sciences,S7,BIM,0.3,MIM,0.1,13.573529411764707,9.0,0,66
sciences,S7,BIM,0.3,MIM,0.2,13.397058823529411,9.0,0,66
sciences,S7,BIM,0.3,MIM,0.3,13.830882352941176,9.0,0,66
sciences,S7,BIM,0.3,MIM,0.4,13.514705882352942,9.0,0,66
sciences,S7,BIM,0.3,MIM,0.5,13.514705882352942,9.0,0,66
sciences,S7,BIM,0.3,MIM,0.6,13.514705882352942,9.0,0,66
sciences,S7,BIM,0.3,MIM,0.7,13.514705882352942,9.0,0,66
sciences,S7,BIM,0.3,MIM,0.8,13.514705882352942,9.0,0,66
sciences,S7,BIM,0.3,MIM,0.9,13.514705882352942,9.0,0,66
sciences,S7,BIM,0.3,MIM,1.0,13.514705882352942,9.0,0,66
sciences,BLU,BIM,0.4,MIM,0.1,18.764705882352942,12.5,0,67
sciences,BLU,BIM,0.4,MIM,0.2,18.941176470588236,12.5,0,66
sciences,BLU,BIM,0.4,MIM,0.3,19.066176470588236,13.0,0,66
sciences,BLU,BIM,0.4,MIM,0.4,19.147058823529413,12.5,0,66
sciences,BLU,BIM,0.4,MIM,0.5,19.147058823529413,12.5,0,66
sciences,BLU,BIM,0.4,MIM,0.6,19.147058823529413,12.5,0,66
sciences,BLU,BIM,0.4,MIM,0.7,19.147058823529413,12.5,0,66
sciences,BLU,BIM,0.4,MIM,0.8,19.147058823529413,12.5,0,66
sciences,BLU,BIM,0.4,MIM,0.9,19.147058823529413,12.5,0,66
sciences,BLU,BIM,0.4,MIM,1.0,19.147058823529413,12.5,0,66
sciences,HTC,BIM,0.4,MIM,0.1,13.419117647058824,8.0,0,67
sciences,HTC,BIM,0.4,MIM,0.2,15.147058823529411,9.0,0,67
sciences,HTC,BIM,0.4,MIM,0.3,14.794117647058824,9.0,0,67
sciences,HTC,BIM,0.4,MIM,0.4,14.794117647058824,9.0,0,67
sciences,HTC,BIM,0.4,MIM,0.5,14.794117647058824,9.0,0,67
sciences,HTC,BIM,0.4,MIM,0.6,14.794117647058824,9.0,0,67
sciences,HTC,BIM,0.4,MIM,0.7,14.794117647058824,9.0,0,67
sciences,HTC,BIM,0.4,MIM,0.8,14.794117647058824,9.0,0,67
sciences,HTC,BIM,0.4,MIM,0.9,14.794117647058824,9.0,0,67
sciences,HTC,BIM,0.4,MIM,1.0,14.794117647058824,9.0,0,67
sciences,LG,BIM,0.4,MIM,0.1,13.830882352941176,9.0,0,66
sciences,LG,BIM,0.4,MIM,0.2,15.676470588235293,10.0,0,66
sciences,LG,BIM,0.4,MIM,0.3,16.11764705882353,11.0,0,66
sciences,LG,BIM,0.4,MIM,0.4,16.073529411764707,11.0,0,66
sciences,LG,BIM,0.4,MIM,0.5,16.073529411764707,11.0,0,66
sciences,LG,BIM,0.4,MIM,0.6,16.073529411764707,11.0,0,66
sciences,LG,BIM,0.4,MIM,0.7,16.073529411764707,11.0,0,66
sciences,LG,BIM,0.4,MIM,0.8,16.073529411764707,11.0,0,66
sciences,LG,BIM,0.4,MIM,0.9,16.073529411764707,11.0,0,66
sciences,LG,BIM,0.4,MIM,1.0,16.073529411764707,11.0,0,66
sciences,MOTO,BIM,0.4,MIM,0.1,17.86764705882353,10.5,0,67
sciences,MOTO,BIM,0.4,MIM,0.2,19.21323529411765,11.0,0,67
sciences,MOTO,BIM,0.4,MIM,0.3,19.897058823529413,12.0,0,67
sciences,MOTO,BIM,0.4,MIM,0.4,19.433823529411764,11.5,0,67
sciences,MOTO,BIM,0.4,MIM,0.5,19.433823529411764,11.5,0,67
sciences,MOTO,BIM,0.4,MIM,0.6,19.433823529411764,11.5,0,67
sciences,MOTO,BIM,0.4,MIM,0.7,19.433823529411764,11.5,0,67
sciences,MOTO,BIM,0.4,MIM,0.8,19.433823529411764,11.5,0,67
sciences,MOTO,BIM,0.4,MIM,0.9,19.433823529411764,11.5,0,67
sciences,MOTO,BIM,0.4,MIM,1.0,19.433823529411764,11.5,0,67
sciences,OP3,BIM,0.4,MIM,0.1,16.625,11.5,1,64
sciences,OP3,BIM,0.4,MIM,0.2,16.801470588235293,11.0,1,64
sciences,OP3,BIM,0.4,MIM,0.3,16.919117647058822,11.0,1,64
sciences,OP3,BIM,0.4,MIM,0.4,16.727941176470587,11.0,1,64
sciences,OP3,BIM,0.4,MIM,0.5,16.727941176470587,11.0,1,64
sciences,OP3,BIM,0.4,MIM,0.6,16.727941176470587,11.0,1,64
sciences,OP3,BIM,0.4,MIM,0.7,16.727941176470587,11.0,1,64
sciences,OP3,BIM,0.4,MIM,0.8,16.727941176470587,11.0,1,64
sciences,OP3,BIM,0.4,MIM,0.9,16.727941176470587,11.0,1,64
sciences,OP3,BIM,0.4,MIM,1.0,16.727941176470587,11.0,1,64
sciences,S7,BIM,0.4,MIM,0.1,15.25,10.0,0,66
sciences,S7,BIM,0.4,MIM,0.2,15.345588235294118,10.0,0,66
sciences,S7,BIM,0.4,MIM,0.3,15.044117647058824,10.0,0,66
sciences,S7,BIM,0.4,MIM,0.4,14.963235294117647,10.0,0,66
sciences,S7,BIM,0.4,MIM,0.5,14.963235294117647,10.0,0,66
sciences,S7,BIM,0.4,MIM,0.6,14.963235294117647,10.0,0,66
sciences,S7,BIM,0.4,MIM,0.7,14.963235294117647,10.0,0,66
sciences,S7,BIM,0.4,MIM,0.8,14.963235294117647,10.0,0,66
sciences,S7,BIM,0.4,MIM,0.9,14.963235294117647,10.0,0,66
sciences,S7,BIM,0.4,MIM,1.0,14.963235294117647,10.0,0,66
sciences,BLU,BIM,0.5,MIM,0.1,16.25735294117647,13.0,0,62
sciences,BLU,BIM,0.5,MIM,0.2,16.66176470588235,13.0,0,65
sciences,BLU,BIM,0.5,MIM,0.3,15.426470588235293,11.5,0,62
sciences,BLU,BIM,0.5,MIM,0.4,15.977941176470589,13.0,0,62
sciences,BLU,BIM,0.5,MIM,0.5,15.977941176470589,13.0,0,62
sciences,BLU,BIM,0.5,MIM,0.6,15.977941176470589,13.0,0,62
sciences,BLU,BIM,0.5,MIM,0.7,15.977941176470589,13.0,0,62
sciences,BLU,BIM,0.5,MIM,0.8,15.977941176470589,13.0,0,62
sciences,BLU,BIM,0.5,MIM,0.9,15.977941176470589,13.0,0,62
sciences,BLU,BIM,0.5,MIM,1.0,15.977941176470589,13.0,0,62
sciences,HTC,BIM,0.5,MIM,0.1,18.198529411764707,12.5,0,64
sciences,HTC,BIM,0.5,MIM,0.2,16.691176470588236,10.0,0,64
sciences,HTC,BIM,0.5,MIM,0.3,18.022058823529413,13.0,0,64
sciences,HTC,BIM,0.5,MIM,0.4,18.198529411764707,13.0,0,64
sciences,HTC,BIM,0.5,MIM,0.5,18.198529411764707,13.0,0,64
sciences,HTC,BIM,0.5,MIM,0.6,18.198529411764707,13.0,0,64
sciences,HTC,BIM,0.5,MIM,0.7,18.198529411764707,13.0,0,64
sciences,HTC,BIM,0.5,MIM,0.8,18.198529411764707,13.0,0,64
sciences,HTC,BIM,0.5,MIM,0.9,18.198529411764707,13.0,0,64
sciences,HTC,BIM,0.5,MIM,1.0,18.198529411764707,13.0,0,64
sciences,LG,BIM,0.5,MIM,0.1,16.5,9.0,0,65
sciences,LG,BIM,0.5,MIM,0.2,16.16176470588235,9.0,0,65
sciences,LG,BIM,0.5,MIM,0.3,16.529411764705884,9.0,0,65
sciences,LG,BIM,0.5,MIM,0.4,17.176470588235293,9.0,0,65
sciences,LG,BIM,0.5,MIM,0.5,17.176470588235293,9.0,0,65
sciences,LG,BIM,0.5,MIM,0.6,17.176470588235293,9.0,0,65
sciences,LG,BIM,0.5,MIM,0.7,17.176470588235293,9.0,0,65
sciences,LG,BIM,0.5,MIM,0.8,17.176470588235293,9.0,0,65
sciences,LG,BIM,0.5,MIM,0.9,17.176470588235293,9.0,0,65
sciences,LG,BIM,0.5,MIM,1.0,17.176470588235293,9.0,0,65
sciences,MOTO,BIM,0.5,MIM,0.1,14.433823529411764,9.0,0,64
sciences,MOTO,BIM,0.5,MIM,0.2,15.286764705882353,10.0,0,64
sciences,MOTO,BIM,0.5,MIM,0.3,14.720588235294118,9.0,0,64
sciences,MOTO,BIM,0.5,MIM,0.4,14.852941176470589,9.0,0,64
sciences,MOTO,BIM,0.5,MIM,0.5,14.852941176470589,9.0,0,64
sciences,MOTO,BIM,0.5,MIM,0.6,14.852941176470589,9.0,0,64
sciences,MOTO,BIM,0.5,MIM,0.7,14.852941176470589,9.0,0,64
sciences,MOTO,BIM,0.5,MIM,0.8,14.852941176470589,9.0,0,64
sciences,MOTO,BIM,0.5,MIM,0.9,14.852941176470589,9.0,0,64
sciences,MOTO,BIM,0.5,MIM,1.0,14.852941176470589,9.0,0,64
sciences,OP3,BIM,0.5,MIM,0.1,17.051470588235293,10.0,0,65
sciences,OP3,BIM,0.5,MIM,0.2,15.75,9.0,0,65
sciences,OP3,BIM,0.5,MIM,0.3,15.911764705882353,9.0,0,65
sciences,OP3,BIM,0.5,MIM,0.4,16.25735294117647,9.0,0,65
sciences,OP3,BIM,0.5,MIM,0.5,16.25735294117647,9.0,0,65
sciences,OP3,BIM,0.5,MIM,0.6,16.25735294117647,9.0,0,65
sciences,OP3,BIM,0.5,MIM,0.7,16.25735294117647,9.0,0,65
sciences,OP3,BIM,0.5,MIM,0.8,16.25735294117647,9.0,0,65
sciences,OP3,BIM,0.5,MIM,0.9,16.25735294117647,9.0,0,65
sciences,OP3,BIM,0.5,MIM,1.0,16.25735294117647,9.0,0,65
sciences,S7,BIM,0.5,MIM,0.1,15.316176470588236,9.0,0,67
sciences,S7,BIM,0.5,MIM,0.2,15.948529411764707,9.0,0,67
sciences,S7,BIM,0.5,MIM,0.3,16.46323529411765,9.0,0,67
sciences,S7,BIM,0.5,MIM,0.4,16.639705882352942,9.0,0,67
sciences,S7,BIM,0.5,MIM,0.5,16.639705882352942,9.0,0,67
sciences,S7,BIM,0.5,MIM,0.6,16.639705882352942,9.0,0,67
sciences,S7,BIM,0.5,MIM,0.7,16.639705882352942,9.0,0,67
sciences,S7,BIM,0.5,MIM,0.8,16.639705882352942,9.0,0,67
sciences,S7,BIM,0.5,MIM,0.9,16.639705882352942,9.0,0,67
sciences,S7,BIM,0.5,MIM,1.0,16.639705882352942,9.0,0,67
sciences,BLU,BIM,0.6,MIM,0.1,17.441176470588236,11.0,0,66
sciences,BLU,BIM,0.6,MIM,0.2,18.080882352941178,12.5,0,66
sciences,BLU,BIM,0.6,MIM,0.3,17.801470588235293,13.0,0,64
sciences,BLU,BIM,0.6,MIM,0.4,17.691176470588236,13.0,0,66
sciences,BLU,BIM,0.6,MIM,0.5,17.691176470588236,13.0,0,66
sciences,BLU,BIM,0.6,MIM,0.6,17.691176470588236,13.0,0,66
sciences,BLU,BIM,0.6,MIM,0.7,17.691176470588236,13.0,0,66
sciences,BLU,BIM,0.6,MIM,0.8,17.691176470588236,13.0,0,66
sciences,BLU,BIM,0.6,MIM,0.9,17.691176470588236,13.0,0,66
sciences,BLU,BIM,0.6,MIM,1.0,17.691176470588236,13.0,0,66
sciences,HTC,BIM,0.6,MIM,0.1,16.33823529411765,10.5,0,65
sciences,HTC,BIM,0.6,MIM,0.2,17.28676470588235,12.0,0,65
sciences,HTC,BIM,0.6,MIM,0.3,17.03676470588235,11.0,0,65
sciences,HTC,BIM,0.6,MIM,0.4,16.794117647058822,10.5,0,65
sciences,HTC,BIM,0.6,MIM,0.5,16.794117647058822,10.5,0,65
sciences,HTC,BIM,0.6,MIM,0.6,16.794117647058822,10.5,0,65
sciences,HTC,BIM,0.6,MIM,0.7,16.794117647058822,10.5,0,65
sciences,HTC,BIM,0.6,MIM,0.8,16.794117647058822,10.5,0,65
sciences,HTC,BIM,0.6,MIM,0.9,16.794117647058822,10.5,0,65
sciences,HTC,BIM,0.6,MIM,1.0,16.794117647058822,10.5,0,65
sciences,LG,BIM,0.6,MIM,0.1,18.28676470588235,10.0,0,66
sciences,LG,BIM,0.6,MIM,0.2,17.889705882352942,10.0,0,66
sciences,LG,BIM,0.6,MIM,0.3,18.044117647058822,10.0,0,66
sciences,LG,BIM,0.6,MIM,0.4,17.970588235294116,10.0,0,66
sciences,LG,BIM,0.6,MIM,0.5,17.970588235294116,10.0,0,66
sciences,LG,BIM,0.6,MIM,0.6,17.970588235294116,10.0,0,66
sciences,LG,BIM,0.6,MIM,0.7,17.970588235294116,10.0,0,66
sciences,LG,BIM,0.6,MIM,0.8,17.970588235294116,10.0,0,66
sciences,LG,BIM,0.6,MIM,0.9,17.970588235294116,10.0,0,66
sciences,LG,BIM,0.6,MIM,1.0,17.970588235294116,10.0,0,66
sciences,MOTO,BIM,0.6,MIM,0.1,17.139705882352942,12.5,0,65
sciences,MOTO,BIM,0.6,MIM,0.2,18.683823529411764,15.0,0,61
sciences,MOTO,BIM,0.6,MIM,0.3,18.426470588235293,15.0,0,61
sciences,MOTO,BIM,0.6,MIM,0.4,18.647058823529413,15.0,0,61
sciences,MOTO,BIM,0.6,MIM,0.5,18.647058823529413,15.0,0,61
sciences,MOTO,BIM,0.6,MIM,0.6,18.647058823529413,15.0,0,61
sciences,MOTO,BIM,0.6,MIM,0.7,18.647058823529413,15.0,0,61
sciences,MOTO,BIM,0.6,MIM,0.8,18.647058823529413,15.0,0,61
sciences,MOTO,BIM,0.6,MIM,0.9,18.647058823529413,15.0,0,61
sciences,MOTO,BIM,0.6,MIM,1.0,18.647058823529413,15.0,0,61
sciences,OP3,BIM,0.6,MIM,0.1,17.110294117647058,11.0,0,63
sciences,OP3,BIM,0.6,MIM,0.2,17.801470588235293,12.0,0,63
sciences,OP3,BIM,0.6,MIM,0.3,17.96323529411765,12.5,0,63
sciences,OP3,BIM,0.6,MIM,0.4,18.066176470588236,13.0,0,63
sciences,OP3,BIM,0.6,MIM,0.5,18.066176470588236,13.0,0,63
sciences,OP3,BIM,0.6,MIM,0.6,18.066176470588236,13.0,0,63
sciences,OP3,BIM,0.6,MIM,0.7,18.066176470588236,13.0,0,63
sciences,OP3,BIM,0.6,MIM,0.8,18.066176470588236,13.0,0,63
sciences,OP3,BIM,0.6,MIM,0.9,18.066176470588236,13.0,0,63
sciences,OP3,BIM,0.6,MIM,1.0,18.066176470588236,13.0,0,63
sciences,S7,BIM,0.6,MIM,0.1,16.676470588235293,10.0,0,62
sciences,S7,BIM,0.6,MIM,0.2,15.713235294117647,10.0,0,62
sciences,S7,BIM,0.6,MIM,0.3,15.970588235294118,10.0,0,62
sciences,S7,BIM,0.6,MIM,0.4,16.154411764705884,10.5,0,62
sciences,S7,BIM,0.6,MIM,0.5,16.154411764705884,10.5,0,62
sciences,S7,BIM,0.6,MIM,0.6,16.154411764705884,10.5,0,62
sciences,S7,BIM,0.6,MIM,0.7,16.154411764705884,10.5,0,62
sciences,S7,BIM,0.6,MIM,0.8,16.154411764705884,10.5,0,62
sciences,S7,BIM,0.6,MIM,0.9,16.154411764705884,10.5,0,62
sciences,S7,BIM,0.6,MIM,1.0,16.154411764705884,10.5,0,62
sciences,BLU,BIM,0.7,MIM,0.1,15.485294117647058,9.0,0,64
sciences,BLU,BIM,0.7,MIM,0.2,15.786764705882353,10.0,0,64
sciences,BLU,BIM,0.7,MIM,0.3,15.139705882352942,9.5,0,64
sciences,BLU,BIM,0.7,MIM,0.4,15.536764705882353,10.0,0,64
sciences,BLU,BIM,0.7,MIM,0.5,15.536764705882353,10.0,0,64
sciences,BLU,BIM,0.7,MIM,0.6,15.536764705882353,10.0,0,64
sciences,BLU,BIM,0.7,MIM,0.7,15.536764705882353,10.0,0,64
sciences,BLU,BIM,0.7,MIM,0.8,15.536764705882353,10.0,0,64
sciences,BLU,BIM,0.7,MIM,0.9,15.536764705882353,10.0,0,64
sciences,BLU,BIM,0.7,MIM,1.0,15.536764705882353,10.0,0,64
sciences,HTC,BIM,0.7,MIM,0.1,15.080882352941176,9.0,0,65
sciences,HTC,BIM,0.7,MIM,0.2,15.779411764705882,9.0,0,64
sciences,HTC,BIM,0.7,MIM,0.3,15.772058823529411,9.0,0,64
sciences,HTC,BIM,0.7,MIM,0.4,16.044117647058822,9.0,0,64
sciences,HTC,BIM,0.7,MIM,0.5,16.044117647058822,9.0,0,64
sciences,HTC,BIM,0.7,MIM,0.6,16.044117647058822,9.0,0,64
sciences,HTC,BIM,0.7,MIM,0.7,16.044117647058822,9.0,0,64
sciences,HTC,BIM,0.7,MIM,0.8,16.044117647058822,9.0,0,64
sciences,HTC,BIM,0.7,MIM,0.9,16.044117647058822,9.0,0,64
sciences,HTC,BIM,0.7,MIM,1.0,16.044117647058822,9.0,0,64
sciences,LG,BIM,0.7,MIM,0.1,15.169117647058824,7.0,0,65
sciences,LG,BIM,0.7,MIM,0.2,15.352941176470589,8.0,0,65
sciences,LG,BIM,0.7,MIM,0.3,15.823529411764707,8.5,0,65
sciences,LG,BIM,0.7,MIM,0.4,15.941176470588236,9.0,0,65
sciences,LG,BIM,0.7,MIM,0.5,15.941176470588236,9.0,0,65
sciences,LG,BIM,0.7,MIM,0.6,15.941176470588236,9.0,0,65
sciences,LG,BIM,0.7,MIM,0.7,15.941176470588236,9.0,0,65
sciences,LG,BIM,0.7,MIM,0.8,15.941176470588236,9.0,0,65
sciences,LG,BIM,0.7,MIM,0.9,15.941176470588236,9.0,0,65
sciences,LG,BIM,0.7,MIM,1.0,15.941176470588236,9.0,0,65
sciences,MOTO,BIM,0.7,MIM,0.1,13.022058823529411,7.0,0,63
sciences,MOTO,BIM,0.7,MIM,0.2,13.830882352941176,8.0,0,63
sciences,MOTO,BIM,0.7,MIM,0.3,13.816176470588236,8.0,0,63
sciences,MOTO,BIM,0.7,MIM,0.4,13.889705882352942,8.0,0,63
sciences,MOTO,BIM,0.7,MIM,0.5,13.889705882352942,8.0,0,63
sciences,MOTO,BIM,0.7,MIM,0.6,13.889705882352942,8.0,0,63
sciences,MOTO,BIM,0.7,MIM,0.7,13.889705882352942,8.0,0,63
sciences,MOTO,BIM,0.7,MIM,0.8,13.889705882352942,8.0,0,63
sciences,MOTO,BIM,0.7,MIM,0.9,13.889705882352942,8.0,0,63
sciences,MOTO,BIM,0.7,MIM,1.0,13.889705882352942,8.0,0,63
sciences,OP3,BIM,0.7,MIM,0.1,13.75,8.0,0,66
sciences,OP3,BIM,0.7,MIM,0.2,14.191176470588236,8.0,0,66
sciences,OP3,BIM,0.7,MIM,0.3,14.985294117647058,9.0,0,66
sciences,OP3,BIM,0.7,MIM,0.4,14.955882352941176,9.0,0,66
sciences,OP3,BIM,0.7,MIM,0.5,14.955882352941176,9.0,0,66
sciences,OP3,BIM,0.7,MIM,0.6,14.955882352941176,9.0,0,66
sciences,OP3,BIM,0.7,MIM,0.7,14.955882352941176,9.0,0,66
sciences,OP3,BIM,0.7,MIM,0.8,14.955882352941176,9.0,0,66
sciences,OP3,BIM,0.7,MIM,0.9,14.955882352941176,9.0,0,66
sciences,OP3,BIM,0.7,MIM,1.0,14.955882352941176,9.0,0,66
sciences,S7,BIM,0.7,MIM,0.1,14.5,10.0,0,64
sciences,S7,BIM,0.7,MIM,0.2,13.610294117647058,9.0,0,64
sciences,S7,BIM,0.7,MIM,0.3,13.992647058823529,9.0,0,64
sciences,S7,BIM,0.7,MIM,0.4,13.794117647058824,9.0,0,64
sciences,S7,BIM,0.7,MIM,0.5,13.794117647058824,9.0,0,64
sciences,S7,BIM,0.7,MIM,0.6,13.794117647058824,9.0,0,64
sciences,S7,BIM,0.7,MIM,0.7,13.794117647058824,9.0,0,64
sciences,S7,BIM,0.7,MIM,0.8,13.794117647058824,9.0,0,64
sciences,S7,BIM,0.7,MIM,0.9,13.794117647058824,9.0,0,64
sciences,S7,BIM,0.7,MIM,1.0,13.794117647058824,9.0,0,64
sciences,BLU,BIM,0.8,MIM,0.1,18.573529411764707,12.0,0,66
sciences,BLU,BIM,0.8,MIM,0.2,18.080882352941178,12.0,0,66
sciences,BLU,BIM,0.8,MIM,0.3,18.433823529411764,12.0,0,66
sciences,BLU,BIM,0.8,MIM,0.4,18.904411764705884,12.0,0,66
sciences,BLU,BIM,0.8,MIM,0.5,18.904411764705884,12.0,0,66
sciences,BLU,BIM,0.8,MIM,0.6,18.904411764705884,12.0,0,66
sciences,BLU,BIM,0.8,MIM,0.7,18.904411764705884,12.0,0,66
sciences,BLU,BIM,0.8,MIM,0.8,18.904411764705884,12.0,0,66
sciences,BLU,BIM,0.8,MIM,0.9,18.904411764705884,12.0,0,66
sciences,BLU,BIM,0.8,MIM,1.0,18.904411764705884,12.0,0,66
sciences,HTC,BIM,0.8,MIM,0.1,13.191176470588236,8.5,0,67
sciences,HTC,BIM,0.8,MIM,0.2,14.448529411764707,9.0,0,67
sciences,HTC,BIM,0.8,MIM,0.3,13.948529411764707,9.0,0,67
sciences,HTC,BIM,0.8,MIM,0.4,14.544117647058824,9.0,0,67
sciences,HTC,BIM,0.8,MIM,0.5,14.544117647058824,9.0,0,67
sciences,HTC,BIM,0.8,MIM,0.6,14.544117647058824,9.0,0,67
sciences,HTC,BIM,0.8,MIM,0.7,14.544117647058824,9.0,0,67
sciences,HTC,BIM,0.8,MIM,0.8,14.544117647058824,9.0,0,67
sciences,HTC,BIM,0.8,MIM,0.9,14.544117647058824,9.0,0,67
sciences,HTC,BIM,0.8,MIM,1.0,14.544117647058824,9.0,0,67
sciences,LG,BIM,0.8,MIM,0.1,13.941176470588236,9.0,0,67
sciences,LG,BIM,0.8,MIM,0.2,14.639705882352942,10.0,0,67
sciences,LG,BIM,0.8,MIM,0.3,14.897058823529411,9.5,0,67
sciences,LG,BIM,0.8,MIM,0.4,15.220588235294118,10.0,0,67
sciences,LG,BIM,0.8,MIM,0.5,15.220588235294118,10.0,0,67
sciences,LG,BIM,0.8,MIM,0.6,15.220588235294118,10.0,0,67
sciences,LG,BIM,0.8,MIM,0.7,15.220588235294118,10.0,0,67
sciences,LG,BIM,0.8,MIM,0.8,15.220588235294118,10.0,0,67
sciences,LG,BIM,0.8,MIM,0.9,15.220588235294118,10.0,0,67
sciences,LG,BIM,0.8,MIM,1.0,15.220588235294118,10.0,0,67
sciences,MOTO,BIM,0.8,MIM,0.1,14.992647058823529,11.0,0,61
sciences,MOTO,BIM,0.8,MIM,0.2,16.573529411764707,11.0,0,61
sciences,MOTO,BIM,0.8,MIM,0.3,17.426470588235293,13.0,0,66
sciences,MOTO,BIM,0.8,MIM,0.4,17.764705882352942,13.0,0,66
sciences,MOTO,BIM,0.8,MIM,0.5,17.764705882352942,13.0,0,66
sciences,MOTO,BIM,0.8,MIM,0.6,17.764705882352942,13.0,0,66
sciences,MOTO,BIM,0.8,MIM,0.7,17.764705882352942,13.0,0,66
sciences,MOTO,BIM,0.8,MIM,0.8,17.764705882352942,13.0,0,66
sciences,MOTO,BIM,0.8,MIM,0.9,17.764705882352942,13.0,0,66
sciences,MOTO,BIM,0.8,MIM,1.0,17.764705882352942,13.0,0,66
sciences,OP3,BIM,0.8,MIM,0.1,17.073529411764707,11.0,0,65
sciences,OP3,BIM,0.8,MIM,0.2,18.147058823529413,12.0,0,65
sciences,OP3,BIM,0.8,MIM,0.3,17.625,11.0,0,65
sciences,OP3,BIM,0.8,MIM,0.4,17.66176470588235,11.0,0,65
sciences,OP3,BIM,0.8,MIM,0.5,17.66176470588235,11.0,0,65
sciences,OP3,BIM,0.8,MIM,0.6,17.66176470588235,11.0,0,65
sciences,OP3,BIM,0.8,MIM,0.7,17.66176470588235,11.0,0,65
sciences,OP3,BIM,0.8,MIM,0.8,17.66176470588235,11.0,0,65
sciences,OP3,BIM,0.8,MIM,0.9,17.66176470588235,11.0,0,65
sciences,OP3,BIM,0.8,MIM,1.0,17.66176470588235,11.0,0,65
sciences,S7,BIM,0.8,MIM,0.1,14.742647058823529,8.5,0,67
sciences,S7,BIM,0.8,MIM,0.2,15.735294117647058,9.0,0,67
sciences,S7,BIM,0.8,MIM,0.3,15.683823529411764,9.0,0,67
sciences,S7,BIM,0.8,MIM,0.4,15.794117647058824,9.0,0,67
sciences,S7,BIM,0.8,MIM,0.5,15.794117647058824,9.0,0,67
sciences,S7,BIM,0.8,MIM,0.6,15.794117647058824,9.0,0,67
sciences,S7,BIM,0.8,MIM,0.7,15.794117647058824,9.0,0,67
sciences,S7,BIM,0.8,MIM,0.8,15.794117647058824,9.0,0,67
sciences,S7,BIM,0.8,MIM,0.9,15.794117647058824,9.0,0,67
sciences,S7,BIM,0.8,MIM,1.0,15.794117647058824,9.0,0,67
sciences,BLU,BIM,0.9,MIM,0.1,17.455882352941178,13.5,0,67
sciences,BLU,BIM,0.9,MIM,0.2,17.61764705882353,14.0,0,67
sciences,BLU,BIM,0.9,MIM,0.3,17.58823529411765,14.0,0,67
sciences,BLU,BIM,0.9,MIM,0.4,17.860294117647058,14.5,0,67
sciences,BLU,BIM,0.9,MIM,0.5,17.860294117647058,14.5,0,67
sciences,BLU,BIM,0.9,MIM,0.6,17.860294117647058,14.5,0,67
sciences,BLU,BIM,0.9,MIM,0.7,17.860294117647058,14.5,0,67
sciences,BLU,BIM,0.9,MIM,0.8,17.860294117647058,14.5,0,67
sciences,BLU,BIM,0.9,MIM,0.9,17.860294117647058,14.5,0,67
sciences,BLU,BIM,0.9,MIM,1.0,17.860294117647058,14.5,0,67
sciences,HTC,BIM,0.9,MIM,0.1,14.485294117647058,9.0,0,64
sciences,HTC,BIM,0.9,MIM,0.2,14.647058823529411,9.5,0,64
sciences,HTC,BIM,0.9,MIM,0.3,15.029411764705882,10.0,0,64
sciences,HTC,BIM,0.9,MIM,0.4,14.779411764705882,9.5,0,64
sciences,HTC,BIM,0.9,MIM,0.5,14.779411764705882,9.5,0,64
sciences,HTC,BIM,0.9,MIM,0.6,14.779411764705882,9.5,0,64
sciences,HTC,BIM,0.9,MIM,0.7,14.779411764705882,9.5,0,64
sciences,HTC,BIM,0.9,MIM,0.8,14.779411764705882,9.5,0,64
sciences,HTC,BIM,0.9,MIM,0.9,14.779411764705882,9.5,0,64
sciences,HTC,BIM,0.9,MIM,1.0,14.779411764705882,9.5,0,64
sciences,LG,BIM,0.9,MIM,0.1,14.286764705882353,7.0,0,63
sciences,LG,BIM,0.9,MIM,0.2,14.661764705882353,8.0,0,63
sciences,LG,BIM,0.9,MIM,0.3,15.022058823529411,7.0,0,63
sciences,LG,BIM,0.9,MIM,0.4,14.845588235294118,7.0,0,63
sciences,LG,BIM,0.9,MIM,0.5,14.845588235294118,7.0,0,63
sciences,LG,BIM,0.9,MIM,0.6,14.845588235294118,7.0,0,63
sciences,LG,BIM,0.9,MIM,0.7,14.845588235294118,7.0,0,63
sciences,LG,BIM,0.9,MIM,0.8,14.845588235294118,7.0,0,63
sciences,LG,BIM,0.9,MIM,0.9,14.845588235294118,7.0,0,63
sciences,LG,BIM,0.9,MIM,1.0,14.845588235294118,7.0,0,63
sciences,MOTO,BIM,0.9,MIM,0.1,18.11764705882353,12.0,0,67
sciences,MOTO,BIM,0.9,MIM,0.2,18.110294117647058,11.0,0,67
sciences,MOTO,BIM,0.9,MIM,0.3,17.433823529411764,11.0,0,67
sciences,MOTO,BIM,0.9,MIM,0.4,17.308823529411764,11.0,0,67
sciences,MOTO,BIM,0.9,MIM,0.5,17.308823529411764,11.0,0,67
sciences,MOTO,BIM,0.9,MIM,0.6,17.308823529411764,11.0,0,67
sciences,MOTO,BIM,0.9,MIM,0.7,17.308823529411764,11.0,0,67
sciences,MOTO,BIM,0.9,MIM,0.8,17.308823529411764,11.0,0,67
sciences,MOTO,BIM,0.9,MIM,0.9,17.308823529411764,11.0,0,67
sciences,MOTO,BIM,0.9,MIM,1.0,17.308823529411764,11.0,0,67
sciences,OP3,BIM,0.9,MIM,0.1,16.455882352941178,10.0,0,63
sciences,OP3,BIM,0.9,MIM,0.2,18.580882352941178,11.0,0,63
sciences,OP3,BIM,0.9,MIM,0.3,17.676470588235293,10.0,0,63
sciences,OP3,BIM,0.9,MIM,0.4,17.779411764705884,10.0,0,63
sciences,OP3,BIM,0.9,MIM,0.5,17.779411764705884,10.0,0,63
sciences,OP3,BIM,0.9,MIM,0.6,17.779411764705884,10.0,0,63
sciences,OP3,BIM,0.9,MIM,0.7,17.779411764705884,10.0,0,63
sciences,OP3,BIM,0.9,MIM,0.8,17.779411764705884,10.0,0,63
sciences,OP3,BIM,0.9,MIM,0.9,17.779411764705884,10.0,0,63
sciences,OP3,BIM,0.9,MIM,1.0,17.779411764705884,10.0,0,63
sciences,S7,BIM,0.9,MIM,0.1,12.294117647058824,8.0,0,58
sciences,S7,BIM,0.9,MIM,0.2,13.764705882352942,8.5,0,60
sciences,S7,BIM,0.9,MIM,0.3,13.816176470588236,9.0,0,60
sciences,S7,BIM,0.9,MIM,0.4,13.933823529411764,9.0,0,60
sciences,S7,BIM,0.9,MIM,0.5,13.933823529411764,9.0,0,60
sciences,S7,BIM,0.9,MIM,0.6,13.933823529411764,9.0,0,60
sciences,S7,BIM,0.9,MIM,0.7,13.933823529411764,9.0,0,60
sciences,S7,BIM,0.9,MIM,0.8,13.933823529411764,9.0,0,60
sciences,S7,BIM,0.9,MIM,0.9,13.933823529411764,9.0,0,60
sciences,S7,BIM,0.9,MIM,1.0,13.933823529411764,9.0,0,60
sciences,BLU,BIM,1.0,MIM,0.1,18.529411764705884,12.0,0,66
sciences,BLU,BIM,1.0,MIM,0.2,18.470588235294116,12.0,0,66
sciences,BLU,BIM,1.0,MIM,0.3,18.095588235294116,12.0,0,66
sciences,BLU,BIM,1.0,MIM,0.4,18.066176470588236,12.0,0,66
sciences,BLU,BIM,1.0,MIM,0.5,18.066176470588236,12.0,0,66
sciences,BLU,BIM,1.0,MIM,0.6,18.066176470588236,12.0,0,66
sciences,BLU,BIM,1.0,MIM,0.7,18.066176470588236,12.0,0,66
sciences,BLU,BIM,1.0,MIM,0.8,18.066176470588236,12.0,0,66
sciences,BLU,BIM,1.0,MIM,0.9,18.066176470588236,12.0,0,66
sciences,BLU,BIM,1.0,MIM,1.0,18.066176470588236,12.0,0,66
sciences,HTC,BIM,1.0,MIM,0.1,16.301470588235293,9.0,0,66
sciences,HTC,BIM,1.0,MIM,0.2,16.625,10.0,0,66
sciences,HTC,BIM,1.0,MIM,0.3,16.33823529411765,9.0,0,66
sciences,HTC,BIM,1.0,MIM,0.4,16.33823529411765,9.0,0,66
sciences,HTC,BIM,1.0,MIM,0.5,16.33823529411765,9.0,0,66
sciences,HTC,BIM,1.0,MIM,0.6,16.33823529411765,9.0,0,66
sciences,HTC,BIM,1.0,MIM,0.7,16.33823529411765,9.0,0,66
sciences,HTC,BIM,1.0,MIM,0.8,16.33823529411765,9.0,0,66
sciences,HTC,BIM,1.0,MIM,0.9,16.33823529411765,9.0,0,66
sciences,HTC,BIM,1.0,MIM,1.0,16.33823529411765,9.0,0,66
sciences,LG,BIM,1.0,MIM,0.1,15.404411764705882,9.0,0,67
sciences,LG,BIM,1.0,MIM,0.2,16.647058823529413,10.0,0,67
sciences,LG,BIM,1.0,MIM,0.3,16.029411764705884,9.5,0,67
sciences,LG,BIM,1.0,MIM,0.4,15.955882352941176,9.0,0,67
sciences,LG,BIM,1.0,MIM,0.5,15.955882352941176,9.0,0,67
sciences,LG,BIM,1.0,MIM,0.6,15.955882352941176,9.0,0,67
sciences,LG,BIM,1.0,MIM,0.7,15.955882352941176,9.0,0,67
sciences,LG,BIM,1.0,MIM,0.8,15.955882352941176,9.0,0,67
sciences,LG,BIM,1.0,MIM,0.9,15.955882352941176,9.0,0,67
sciences,LG,BIM,1.0,MIM,1.0,15.955882352941176,9.0,0,67
sciences,MOTO,BIM,1.0,MIM,0.1,12.625,7.5,0,67
sciences,MOTO,BIM,1.0,MIM,0.2,14.889705882352942,8.0,0,67
sciences,MOTO,BIM,1.0,MIM,0.3,14.897058823529411,8.0,0,67
sciences,MOTO,BIM,1.0,MIM,0.4,15.301470588235293,8.0,0,67
sciences,MOTO,BIM,1.0,MIM,0.5,15.301470588235293,8.0,0,67
sciences,MOTO,BIM,1.0,MIM,0.6,15.301470588235293,8.0,0,67
sciences,MOTO,BIM,1.0,MIM,0.7,15.301470588235293,8.0,0,67
sciences,MOTO,BIM,1.0,MIM,0.8,15.301470588235293,8.0,0,67
sciences,MOTO,BIM,1.0,MIM,0.9,15.301470588235293,8.0,0,67
sciences,MOTO,BIM,1.0,MIM,1.0,15.301470588235293,8.0,0,67
sciences,OP3,BIM,1.0,MIM,0.1,16.74264705882353,9.0,0,66
sciences,OP3,BIM,1.0,MIM,0.2,16.419117647058822,9.0,0,66
sciences,OP3,BIM,1.0,MIM,0.3,16.897058823529413,9.5,0,66
sciences,OP3,BIM,1.0,MIM,0.4,17.13235294117647,9.5,0,66
sciences,OP3,BIM,1.0,MIM,0.5,17.13235294117647,9.5,0,66
sciences,OP3,BIM,1.0,MIM,0.6,17.13235294117647,9.5,0,66
sciences,OP3,BIM,1.0,MIM,0.7,17.13235294117647,9.5,0,66
sciences,OP3,BIM,1.0,MIM,0.8,17.13235294117647,9.5,0,66
sciences,OP3,BIM,1.0,MIM,0.9,17.13235294117647,9.5,0,66
sciences,OP3,BIM,1.0,MIM,1.0,17.13235294117647,9.5,0,66
sciences,S7,BIM,1.0,MIM,0.1,16.279411764705884,9.0,0,66
sciences,S7,BIM,1.0,MIM,0.2,16.235294117647058,9.5,0,66
sciences,S7,BIM,1.0,MIM,0.3,16.316176470588236,9.0,0,66
sciences,S7,BIM,1.0,MIM,0.4,16.345588235294116,9.0,0,66
sciences,S7,BIM,1.0,MIM,0.5,16.345588235294116,9.0,0,66
sciences,S7,BIM,1.0,MIM,0.6,16.345588235294116,9.0,0,66
sciences,S7,BIM,1.0,MIM,0.7,16.345588235294116,9.0,0,66
sciences,S7,BIM,1.0,MIM,0.8,16.345588235294116,9.0,0,66
sciences,S7,BIM,1.0,MIM,0.9,16.345588235294116,9.0,0,66
sciences,S7,BIM,1.0,MIM,1.0,16.345588235294116,9.0,0,66
sciences,BLU,FGSM,0.1,BIM,0.1,14.389705882352942,9.0,0,64
sciences,BLU,FGSM,0.1,BIM,0.2,14.382352941176471,9.0,0,64
sciences,BLU,FGSM,0.1,BIM,0.3,14.404411764705882,9.0,0,64
sciences,BLU,FGSM,0.1,BIM,0.4,14.352941176470589,9.0,0,64
sciences,BLU,FGSM,0.1,BIM,0.5,14.352941176470589,9.0,0,64
sciences,BLU,FGSM,0.1,BIM,0.6,14.352941176470589,9.0,0,64
sciences,BLU,FGSM,0.1,BIM,0.7,14.352941176470589,9.0,0,64
sciences,BLU,FGSM,0.1,BIM,0.8,14.352941176470589,9.0,0,64
sciences,BLU,FGSM,0.1,BIM,0.9,14.352941176470589,9.0,0,64
sciences,BLU,FGSM,0.1,BIM,1.0,14.352941176470589,9.0,0,64
sciences,HTC,FGSM,0.1,BIM,0.1,10.830882352941176,5.0,0,65
sciences,HTC,FGSM,0.1,BIM,0.2,10.845588235294118,6.0,0,65
sciences,HTC,FGSM,0.1,BIM,0.3,10.852941176470589,6.0,0,65
sciences,HTC,FGSM,0.1,BIM,0.4,10.852941176470589,6.0,0,65
sciences,HTC,FGSM,0.1,BIM,0.5,10.852941176470589,6.0,0,65
sciences,HTC,FGSM,0.1,BIM,0.6,10.852941176470589,6.0,0,65
sciences,HTC,FGSM,0.1,BIM,0.7,10.852941176470589,6.0,0,65
sciences,HTC,FGSM,0.1,BIM,0.8,10.852941176470589,6.0,0,65
sciences,HTC,FGSM,0.1,BIM,0.9,10.852941176470589,6.0,0,65
sciences,HTC,FGSM,0.1,BIM,1.0,10.852941176470589,6.0,0,65
sciences,LG,FGSM,0.1,BIM,0.1,8.610294117647058,4.0,0,63
sciences,LG,FGSM,0.1,BIM,0.2,8.639705882352942,4.0,0,63
sciences,LG,FGSM,0.1,BIM,0.3,8.639705882352942,4.0,0,63
sciences,LG,FGSM,0.1,BIM,0.4,8.639705882352942,4.0,0,63
sciences,LG,FGSM,0.1,BIM,0.5,8.639705882352942,4.0,0,63
sciences,LG,FGSM,0.1,BIM,0.6,8.639705882352942,4.0,0,63
sciences,LG,FGSM,0.1,BIM,0.7,8.639705882352942,4.0,0,63
sciences,LG,FGSM,0.1,BIM,0.8,8.639705882352942,4.0,0,63
sciences,LG,FGSM,0.1,BIM,0.9,8.639705882352942,4.0,0,63
sciences,LG,FGSM,0.1,BIM,1.0,8.639705882352942,4.0,0,63
sciences,MOTO,FGSM,0.1,BIM,0.1,10.588235294117647,5.0,0,54
sciences,MOTO,FGSM,0.1,BIM,0.2,10.470588235294118,5.0,0,54
sciences,MOTO,FGSM,0.1,BIM,0.3,10.470588235294118,5.0,0,54
sciences,MOTO,FGSM,0.1,BIM,0.4,10.485294117647058,5.0,0,54
sciences,MOTO,FGSM,0.1,BIM,0.5,10.485294117647058,5.0,0,54
sciences,MOTO,FGSM,0.1,BIM,0.6,10.485294117647058,5.0,0,54
sciences,MOTO,FGSM,0.1,BIM,0.7,10.485294117647058,5.0,0,54
sciences,MOTO,FGSM,0.1,BIM,0.8,10.485294117647058,5.0,0,54
sciences,MOTO,FGSM,0.1,BIM,0.9,10.485294117647058,5.0,0,54
sciences,MOTO,FGSM,0.1,BIM,1.0,10.485294117647058,5.0,0,54
sciences,OP3,FGSM,0.1,BIM,0.1,11.933823529411764,5.5,0,63
sciences,OP3,FGSM,0.1,BIM,0.2,11.919117647058824,5.5,0,63
sciences,OP3,FGSM,0.1,BIM,0.3,11.933823529411764,5.5,0,63
sciences,OP3,FGSM,0.1,BIM,0.4,11.933823529411764,5.5,0,63
sciences,OP3,FGSM,0.1,BIM,0.5,11.933823529411764,5.5,0,63
sciences,OP3,FGSM,0.1,BIM,0.6,11.933823529411764,5.5,0,63
sciences,OP3,FGSM,0.1,BIM,0.7,11.933823529411764,5.5,0,63
sciences,OP3,FGSM,0.1,BIM,0.8,11.933823529411764,5.5,0,63
sciences,OP3,FGSM,0.1,BIM,0.9,11.933823529411764,5.5,0,63
sciences,OP3,FGSM,0.1,BIM,1.0,11.933823529411764,5.5,0,63
sciences,S7,FGSM,0.1,BIM,0.1,9.926470588235293,6.0,0,62
sciences,S7,FGSM,0.1,BIM,0.2,9.948529411764707,6.0,0,62
sciences,S7,FGSM,0.1,BIM,0.3,9.992647058823529,6.0,0,62
sciences,S7,FGSM,0.1,BIM,0.4,9.992647058823529,6.0,0,62
sciences,S7,FGSM,0.1,BIM,0.5,9.992647058823529,6.0,0,62
sciences,S7,FGSM,0.1,BIM,0.6,9.992647058823529,6.0,0,62
sciences,S7,FGSM,0.1,BIM,0.7,9.992647058823529,6.0,0,62
sciences,S7,FGSM,0.1,BIM,0.8,9.992647058823529,6.0,0,62
sciences,S7,FGSM,0.1,BIM,0.9,9.992647058823529,6.0,0,62
sciences,S7,FGSM,0.1,BIM,1.0,9.992647058823529,6.0,0,62
sciences,BLU,FGSM,0.2,BIM,0.1,12.316176470588236,5.0,0,62
sciences,BLU,FGSM,0.2,BIM,0.2,12.492647058823529,5.5,0,62
sciences,BLU,FGSM,0.2,BIM,0.3,12.492647058823529,5.5,0,62
sciences,BLU,FGSM,0.2,BIM,0.4,12.492647058823529,5.5,0,62
sciences,BLU,FGSM,0.2,BIM,0.5,12.492647058823529,5.5,0,62
sciences,BLU,FGSM,0.2,BIM,0.6,12.492647058823529,5.5,0,62
sciences,BLU,FGSM,0.2,BIM,0.7,12.492647058823529,5.5,0,62
sciences,BLU,FGSM,0.2,BIM,0.8,12.492647058823529,5.5,0,62
sciences,BLU,FGSM,0.2,BIM,0.9,12.492647058823529,5.5,0,62
sciences,BLU,FGSM,0.2,BIM,1.0,12.492647058823529,5.5,0,62
sciences,HTC,FGSM,0.2,BIM,0.1,8.279411764705882,4.0,0,67
sciences,HTC,FGSM,0.2,BIM,0.2,8.25,4.0,0,67
sciences,HTC,FGSM,0.2,BIM,0.3,8.25,4.0,0,67
sciences,HTC,FGSM,0.2,BIM,0.4,8.25,4.0,0,67
sciences,HTC,FGSM,0.2,BIM,0.5,8.25,4.0,0,67
sciences,HTC,FGSM,0.2,BIM,0.6,8.25,4.0,0,67
sciences,HTC,FGSM,0.2,BIM,0.7,8.25,4.0,0,67
sciences,HTC,FGSM,0.2,BIM,0.8,8.25,4.0,0,67
sciences,HTC,FGSM,0.2,BIM,0.9,8.25,4.0,0,67
sciences,HTC,FGSM,0.2,BIM,1.0,8.25,4.0,0,67
sciences,LG,FGSM,0.2,BIM,0.1,5.264705882352941,3.0,0,67
sciences,LG,FGSM,0.2,BIM,0.2,5.338235294117647,3.0,0,67
sciences,LG,FGSM,0.2,BIM,0.3,5.338235294117647,3.0,0,67
sciences,LG,FGSM,0.2,BIM,0.4,5.338235294117647,3.0,0,67
sciences,LG,FGSM,0.2,BIM,0.5,5.338235294117647,3.0,0,67
sciences,LG,FGSM,0.2,BIM,0.6,5.338235294117647,3.0,0,67
sciences,LG,FGSM,0.2,BIM,0.7,5.338235294117647,3.0,0,67
sciences,LG,FGSM,0.2,BIM,0.8,5.338235294117647,3.0,0,67
sciences,LG,FGSM,0.2,BIM,0.9,5.338235294117647,3.0,0,67
sciences,LG,FGSM,0.2,BIM,1.0,5.338235294117647,3.0,0,67
sciences,MOTO,FGSM,0.2,BIM,0.1,8.617647058823529,5.0,0,58
sciences,MOTO,FGSM,0.2,BIM,0.2,8.632352941176471,5.0,0,58
sciences,MOTO,FGSM,0.2,BIM,0.3,8.632352941176471,5.0,0,58
sciences,MOTO,FGSM,0.2,BIM,0.4,8.617647058823529,5.0,0,58
sciences,MOTO,FGSM,0.2,BIM,0.5,8.617647058823529,5.0,0,58
sciences,MOTO,FGSM,0.2,BIM,0.6,8.617647058823529,5.0,0,58
sciences,MOTO,FGSM,0.2,BIM,0.7,8.617647058823529,5.0,0,58
sciences,MOTO,FGSM,0.2,BIM,0.8,8.617647058823529,5.0,0,58
sciences,MOTO,FGSM,0.2,BIM,0.9,8.617647058823529,5.0,0,58
sciences,MOTO,FGSM,0.2,BIM,1.0,8.617647058823529,5.0,0,58
sciences,OP3,FGSM,0.2,BIM,0.1,9.360294117647058,5.0,0,61
sciences,OP3,FGSM,0.2,BIM,0.2,9.647058823529411,5.0,0,61
sciences,OP3,FGSM,0.2,BIM,0.3,9.647058823529411,5.0,0,61
sciences,OP3,FGSM,0.2,BIM,0.4,9.647058823529411,5.0,0,61
sciences,OP3,FGSM,0.2,BIM,0.5,9.647058823529411,5.0,0,61
sciences,OP3,FGSM,0.2,BIM,0.6,9.647058823529411,5.0,0,61
sciences,OP3,FGSM,0.2,BIM,0.7,9.647058823529411,5.0,0,61
sciences,OP3,FGSM,0.2,BIM,0.8,9.647058823529411,5.0,0,61
sciences,OP3,FGSM,0.2,BIM,0.9,9.647058823529411,5.0,0,61
sciences,OP3,FGSM,0.2,BIM,1.0,9.647058823529411,5.0,0,61
sciences,S7,FGSM,0.2,BIM,0.1,6.632352941176471,4.0,0,59
sciences,S7,FGSM,0.2,BIM,0.2,6.676470588235294,4.0,0,59
sciences,S7,FGSM,0.2,BIM,0.3,6.676470588235294,4.0,0,59
sciences,S7,FGSM,0.2,BIM,0.4,6.676470588235294,4.0,0,59
sciences,S7,FGSM,0.2,BIM,0.5,6.676470588235294,4.0,0,59
sciences,S7,FGSM,0.2,BIM,0.6,6.676470588235294,4.0,0,59
sciences,S7,FGSM,0.2,BIM,0.7,6.676470588235294,4.0,0,59
sciences,S7,FGSM,0.2,BIM,0.8,6.676470588235294,4.0,0,59
sciences,S7,FGSM,0.2,BIM,0.9,6.676470588235294,4.0,0,59
sciences,S7,FGSM,0.2,BIM,1.0,6.676470588235294,4.0,0,59
sciences,BLU,FGSM,0.3,BIM,0.1,13.286764705882353,6.0,0,65
sciences,BLU,FGSM,0.3,BIM,0.2,12.845588235294118,6.0,0,64
sciences,BLU,FGSM,0.3,BIM,0.3,12.845588235294118,6.0,0,64
sciences,BLU,FGSM,0.3,BIM,0.4,12.845588235294118,6.0,0,64
sciences,BLU,FGSM,0.3,BIM,0.5,12.845588235294118,6.0,0,64
sciences,BLU,FGSM,0.3,BIM,0.6,12.845588235294118,6.0,0,64
sciences,BLU,FGSM,0.3,BIM,0.7,12.845588235294118,6.0,0,64
sciences,BLU,FGSM,0.3,BIM,0.8,12.845588235294118,6.0,0,64
sciences,BLU,FGSM,0.3,BIM,0.9,12.845588235294118,6.0,0,64
sciences,BLU,FGSM,0.3,BIM,1.0,12.845588235294118,6.0,0,64
sciences,HTC,FGSM,0.3,BIM,0.1,5.617647058823529,4.5,0,55
sciences,HTC,FGSM,0.3,BIM,0.2,5.595588235294118,4.0,0,55
sciences,HTC,FGSM,0.3,BIM,0.3,5.595588235294118,4.0,0,55
sciences,HTC,FGSM,0.3,BIM,0.4,5.595588235294118,4.0,0,55
sciences,HTC,FGSM,0.3,BIM,0.5,5.595588235294118,4.0,0,55
sciences,HTC,FGSM,0.3,BIM,0.6,5.595588235294118,4.0,0,55
sciences,HTC,FGSM,0.3,BIM,0.7,5.595588235294118,4.0,0,55
sciences,HTC,FGSM,0.3,BIM,0.8,5.595588235294118,4.0,0,55
sciences,HTC,FGSM,0.3,BIM,0.9,5.595588235294118,4.0,0,55
sciences,HTC,FGSM,0.3,BIM,1.0,5.595588235294118,4.0,0,55
sciences,LG,FGSM,0.3,BIM,0.1,5.654411764705882,4.0,0,59
sciences,LG,FGSM,0.3,BIM,0.2,5.661764705882353,4.0,0,59
sciences,LG,FGSM,0.3,BIM,0.3,5.661764705882353,4.0,0,59
sciences,LG,FGSM,0.3,BIM,0.4,5.661764705882353,4.0,0,59
sciences,LG,FGSM,0.3,BIM,0.5,5.661764705882353,4.0,0,59
sciences,LG,FGSM,0.3,BIM,0.6,5.661764705882353,4.0,0,59
sciences,LG,FGSM,0.3,BIM,0.7,5.661764705882353,4.0,0,59
sciences,LG,FGSM,0.3,BIM,0.8,5.661764705882353,4.0,0,59
sciences,LG,FGSM,0.3,BIM,0.9,5.661764705882353,4.0,0,59
sciences,LG,FGSM,0.3,BIM,1.0,5.661764705882353,4.0,0,59
sciences,MOTO,FGSM,0.3,BIM,0.1,5.897058823529412,4.0,0,45
sciences,MOTO,FGSM,0.3,BIM,0.2,5.9338235294117645,4.0,0,45
sciences,MOTO,FGSM,0.3,BIM,0.3,5.9338235294117645,4.0,0,45
sciences,MOTO,FGSM,0.3,BIM,0.4,5.9338235294117645,4.0,0,45
sciences,MOTO,FGSM,0.3,BIM,0.5,5.9338235294117645,4.0,0,45
sciences,MOTO,FGSM,0.3,BIM,0.6,5.9338235294117645,4.0,0,45
sciences,MOTO,FGSM,0.3,BIM,0.7,5.9338235294117645,4.0,0,45
sciences,MOTO,FGSM,0.3,BIM,0.8,5.9338235294117645,4.0,0,45
sciences,MOTO,FGSM,0.3,BIM,0.9,5.9338235294117645,4.0,0,45
sciences,MOTO,FGSM,0.3,BIM,1.0,5.9338235294117645,4.0,0,45
sciences,OP3,FGSM,0.3,BIM,0.1,8.029411764705882,4.0,0,63
sciences,OP3,FGSM,0.3,BIM,0.2,8.0,4.0,0,63
sciences,OP3,FGSM,0.3,BIM,0.3,8.0,4.0,0,63
sciences,OP3,FGSM,0.3,BIM,0.4,8.0,4.0,0,63
sciences,OP3,FGSM,0.3,BIM,0.5,8.0,4.0,0,63
sciences,OP3,FGSM,0.3,BIM,0.6,8.0,4.0,0,63
sciences,OP3,FGSM,0.3,BIM,0.7,8.0,4.0,0,63
sciences,OP3,FGSM,0.3,BIM,0.8,8.0,4.0,0,63
sciences,OP3,FGSM,0.3,BIM,0.9,8.0,4.0,0,63
sciences,OP3,FGSM,0.3,BIM,1.0,8.0,4.0,0,63
sciences,S7,FGSM,0.3,BIM,0.1,7.485294117647059,3.0,0,61
sciences,S7,FGSM,0.3,BIM,0.2,7.5588235294117645,3.0,0,61
sciences,S7,FGSM,0.3,BIM,0.3,7.588235294117647,3.5,0,61
sciences,S7,FGSM,0.3,BIM,0.4,7.588235294117647,3.5,0,61
sciences,S7,FGSM,0.3,BIM,0.5,7.588235294117647,3.5,0,61
sciences,S7,FGSM,0.3,BIM,0.6,7.588235294117647,3.5,0,61
sciences,S7,FGSM,0.3,BIM,0.7,7.588235294117647,3.5,0,61
sciences,S7,FGSM,0.3,BIM,0.8,7.588235294117647,3.5,0,61
sciences,S7,FGSM,0.3,BIM,0.9,7.588235294117647,3.5,0,61
sciences,S7,FGSM,0.3,BIM,1.0,7.588235294117647,3.5,0,61
sciences,BLU,FGSM,0.4,BIM,0.1,11.801470588235293,6.0,0,63
sciences,BLU,FGSM,0.4,BIM,0.2,11.801470588235293,6.0,0,63
sciences,BLU,FGSM,0.4,BIM,0.3,11.801470588235293,6.0,0,63
sciences,BLU,FGSM,0.4,BIM,0.4,11.801470588235293,6.0,0,63
sciences,BLU,FGSM,0.4,BIM,0.5,11.801470588235293,6.0,0,63
sciences,BLU,FGSM,0.4,BIM,0.6,11.801470588235293,6.0,0,63
sciences,BLU,FGSM,0.4,BIM,0.7,11.801470588235293,6.0,0,63
sciences,BLU,FGSM,0.4,BIM,0.8,11.801470588235293,6.0,0,63
sciences,BLU,FGSM,0.4,BIM,0.9,11.801470588235293,6.0,0,63
sciences,BLU,FGSM,0.4,BIM,1.0,11.801470588235293,6.0,0,63
sciences,HTC,FGSM,0.4,BIM,0.1,6.735294117647059,3.0,0,63
sciences,HTC,FGSM,0.4,BIM,0.2,6.8088235294117645,3.0,0,63
sciences,HTC,FGSM,0.4,BIM,0.3,6.8088235294117645,3.0,0,63
sciences,HTC,FGSM,0.4,BIM,0.4,6.8088235294117645,3.0,0,63
sciences,HTC,FGSM,0.4,BIM,0.5,6.8088235294117645,3.0,0,63
sciences,HTC,FGSM,0.4,BIM,0.6,6.8088235294117645,3.0,0,63
sciences,HTC,FGSM,0.4,BIM,0.7,6.8088235294117645,3.0,0,63
sciences,HTC,FGSM,0.4,BIM,0.8,6.8088235294117645,3.0,0,63
sciences,HTC,FGSM,0.4,BIM,0.9,6.8088235294117645,3.0,0,63
sciences,HTC,FGSM,0.4,BIM,1.0,6.8088235294117645,3.0,0,63
sciences,LG,FGSM,0.4,BIM,0.1,5.551470588235294,3.0,0,62
sciences,LG,FGSM,0.4,BIM,0.2,5.551470588235294,3.0,0,62
sciences,LG,FGSM,0.4,BIM,0.3,5.544117647058823,3.0,0,62
sciences,LG,FGSM,0.4,BIM,0.4,5.544117647058823,3.0,0,62
sciences,LG,FGSM,0.4,BIM,0.5,5.544117647058823,3.0,0,62
sciences,LG,FGSM,0.4,BIM,0.6,5.544117647058823,3.0,0,62
sciences,LG,FGSM,0.4,BIM,0.7,5.544117647058823,3.0,0,62
sciences,LG,FGSM,0.4,BIM,0.8,5.544117647058823,3.0,0,62
sciences,LG,FGSM,0.4,BIM,0.9,5.544117647058823,3.0,0,62
sciences,LG,FGSM,0.4,BIM,1.0,5.544117647058823,3.0,0,62
sciences,MOTO,FGSM,0.4,BIM,0.1,5.580882352941177,4.0,0,60
sciences,MOTO,FGSM,0.4,BIM,0.2,5.5588235294117645,4.0,0,60
sciences,MOTO,FGSM,0.4,BIM,0.3,5.5588235294117645,4.0,0,60
sciences,MOTO,FGSM,0.4,BIM,0.4,5.5588235294117645,4.0,0,60
sciences,MOTO,FGSM,0.4,BIM,0.5,5.5588235294117645,4.0,0,60
sciences,MOTO,FGSM,0.4,BIM,0.6,5.5588235294117645,4.0,0,60
sciences,MOTO,FGSM,0.4,BIM,0.7,5.5588235294117645,4.0,0,60
sciences,MOTO,FGSM,0.4,BIM,0.8,5.5588235294117645,4.0,0,60
sciences,MOTO,FGSM,0.4,BIM,0.9,5.5588235294117645,4.0,0,60
sciences,MOTO,FGSM,0.4,BIM,1.0,5.5588235294117645,4.0,0,60
sciences,OP3,FGSM,0.4,BIM,0.1,6.382352941176471,3.0,0,60
sciences,OP3,FGSM,0.4,BIM,0.2,6.367647058823529,3.5,0,60
sciences,OP3,FGSM,0.4,BIM,0.3,6.367647058823529,3.5,0,60
sciences,OP3,FGSM,0.4,BIM,0.4,6.367647058823529,3.5,0,60
sciences,OP3,FGSM,0.4,BIM,0.5,6.367647058823529,3.5,0,60
sciences,OP3,FGSM,0.4,BIM,0.6,6.367647058823529,3.5,0,60
sciences,OP3,FGSM,0.4,BIM,0.7,6.367647058823529,3.5,0,60
sciences,OP3,FGSM,0.4,BIM,0.8,6.367647058823529,3.5,0,60
sciences,OP3,FGSM,0.4,BIM,0.9,6.367647058823529,3.5,0,60
sciences,OP3,FGSM,0.4,BIM,1.0,6.367647058823529,3.5,0,60
sciences,S7,FGSM,0.4,BIM,0.1,5.823529411764706,4.0,0,56
sciences,S7,FGSM,0.4,BIM,0.2,5.823529411764706,4.0,0,56
sciences,S7,FGSM,0.4,BIM,0.3,5.823529411764706,4.0,0,56
sciences,S7,FGSM,0.4,BIM,0.4,5.823529411764706,4.0,0,56
sciences,S7,FGSM,0.4,BIM,0.5,5.823529411764706,4.0,0,56
sciences,S7,FGSM,0.4,BIM,0.6,5.823529411764706,4.0,0,56
sciences,S7,FGSM,0.4,BIM,0.7,5.823529411764706,4.0,0,56
sciences,S7,FGSM,0.4,BIM,0.8,5.823529411764706,4.0,0,56
sciences,S7,FGSM,0.4,BIM,0.9,5.823529411764706,4.0,0,56
sciences,S7,FGSM,0.4,BIM,1.0,5.823529411764706,4.0,0,56
sciences,BLU,FGSM,0.5,BIM,0.1,12.875,6.0,0,62
sciences,BLU,FGSM,0.5,BIM,0.2,12.933823529411764,6.0,0,62
sciences,BLU,FGSM,0.5,BIM,0.3,12.882352941176471,6.0,0,62
sciences,BLU,FGSM,0.5,BIM,0.4,12.882352941176471,6.0,0,62
sciences,BLU,FGSM,0.5,BIM,0.5,12.882352941176471,6.0,0,62
sciences,BLU,FGSM,0.5,BIM,0.6,12.882352941176471,6.0,0,62
sciences,BLU,FGSM,0.5,BIM,0.7,12.882352941176471,6.0,0,62
sciences,BLU,FGSM,0.5,BIM,0.8,12.882352941176471,6.0,0,62
sciences,BLU,FGSM,0.5,BIM,0.9,12.882352941176471,6.0,0,62
sciences,BLU,FGSM,0.5,BIM,1.0,12.882352941176471,6.0,0,62
sciences,HTC,FGSM,0.5,BIM,0.1,6.654411764705882,4.0,0,65
sciences,HTC,FGSM,0.5,BIM,0.2,6.654411764705882,4.0,0,65
sciences,HTC,FGSM,0.5,BIM,0.3,6.654411764705882,4.0,0,65
sciences,HTC,FGSM,0.5,BIM,0.4,6.654411764705882,4.0,0,65
sciences,HTC,FGSM,0.5,BIM,0.5,6.654411764705882,4.0,0,65
sciences,HTC,FGSM,0.5,BIM,0.6,6.654411764705882,4.0,0,65
sciences,HTC,FGSM,0.5,BIM,0.7,6.654411764705882,4.0,0,65
sciences,HTC,FGSM,0.5,BIM,0.8,6.654411764705882,4.0,0,65
sciences,HTC,FGSM,0.5,BIM,0.9,6.654411764705882,4.0,0,65
sciences,HTC,FGSM,0.5,BIM,1.0,6.654411764705882,4.0,0,65
sciences,LG,FGSM,0.5,BIM,0.1,6.882352941176471,4.0,0,67
sciences,LG,FGSM,0.5,BIM,0.2,6.5661764705882355,4.0,0,67
sciences,LG,FGSM,0.5,BIM,0.3,6.5661764705882355,4.0,0,67
sciences,LG,FGSM,0.5,BIM,0.4,6.5661764705882355,4.0,0,67
sciences,LG,FGSM,0.5,BIM,0.5,6.5661764705882355,4.0,0,67
sciences,LG,FGSM,0.5,BIM,0.6,6.5661764705882355,4.0,0,67
sciences,LG,FGSM,0.5,BIM,0.7,6.5661764705882355,4.0,0,67
sciences,LG,FGSM,0.5,BIM,0.8,6.5661764705882355,4.0,0,67
sciences,LG,FGSM,0.5,BIM,0.9,6.5661764705882355,4.0,0,67
sciences,LG,FGSM,0.5,BIM,1.0,6.5661764705882355,4.0,0,67
sciences,MOTO,FGSM,0.5,BIM,0.1,6.514705882352941,4.0,0,67
sciences,MOTO,FGSM,0.5,BIM,0.2,6.5661764705882355,4.0,0,67
sciences,MOTO,FGSM,0.5,BIM,0.3,6.5661764705882355,4.0,0,67
sciences,MOTO,FGSM,0.5,BIM,0.4,6.5661764705882355,4.0,0,67
sciences,MOTO,FGSM,0.5,BIM,0.5,6.5661764705882355,4.0,0,67
sciences,MOTO,FGSM,0.5,BIM,0.6,6.5661764705882355,4.0,0,67
sciences,MOTO,FGSM,0.5,BIM,0.7,6.5661764705882355,4.0,0,67
sciences,MOTO,FGSM,0.5,BIM,0.8,6.5661764705882355,4.0,0,67
sciences,MOTO,FGSM,0.5,BIM,0.9,6.5661764705882355,4.0,0,67
sciences,MOTO,FGSM,0.5,BIM,1.0,6.5661764705882355,4.0,0,67
sciences,OP3,FGSM,0.5,BIM,0.1,7.088235294117647,4.0,0,66
sciences,OP3,FGSM,0.5,BIM,0.2,7.242647058823529,4.0,0,66
sciences,OP3,FGSM,0.5,BIM,0.3,7.242647058823529,4.0,0,66
sciences,OP3,FGSM,0.5,BIM,0.4,7.242647058823529,4.0,0,66
sciences,OP3,FGSM,0.5,BIM,0.5,7.242647058823529,4.0,0,66
sciences,OP3,FGSM,0.5,BIM,0.6,7.242647058823529,4.0,0,66
sciences,OP3,FGSM,0.5,BIM,0.7,7.242647058823529,4.0,0,66
sciences,OP3,FGSM,0.5,BIM,0.8,7.242647058823529,4.0,0,66
sciences,OP3,FGSM,0.5,BIM,0.9,7.242647058823529,4.0,0,66
sciences,OP3,FGSM,0.5,BIM,1.0,7.242647058823529,4.0,0,66
sciences,S7,FGSM,0.5,BIM,0.1,6.698529411764706,4.0,0,67
sciences,S7,FGSM,0.5,BIM,0.2,6.720588235294118,4.0,0,67
sciences,S7,FGSM,0.5,BIM,0.3,6.698529411764706,4.0,0,67
sciences,S7,FGSM,0.5,BIM,0.4,6.698529411764706,4.0,0,67
sciences,S7,FGSM,0.5,BIM,0.5,6.698529411764706,4.0,0,67
sciences,S7,FGSM,0.5,BIM,0.6,6.698529411764706,4.0,0,67
sciences,S7,FGSM,0.5,BIM,0.7,6.698529411764706,4.0,0,67
sciences,S7,FGSM,0.5,BIM,0.8,6.698529411764706,4.0,0,67
sciences,S7,FGSM,0.5,BIM,0.9,6.698529411764706,4.0,0,67
sciences,S7,FGSM,0.5,BIM,1.0,6.698529411764706,4.0,0,67
sciences,BLU,FGSM,0.6,BIM,0.1,11.911764705882353,6.0,0,66
sciences,BLU,FGSM,0.6,BIM,0.2,11.911764705882353,6.0,0,66
sciences,BLU,FGSM,0.6,BIM,0.3,11.911764705882353,6.0,0,66
sciences,BLU,FGSM,0.6,BIM,0.4,11.911764705882353,6.0,0,66
sciences,BLU,FGSM,0.6,BIM,0.5,11.911764705882353,6.0,0,66
sciences,BLU,FGSM,0.6,BIM,0.6,11.911764705882353,6.0,0,66
sciences,BLU,FGSM,0.6,BIM,0.7,11.911764705882353,6.0,0,66
sciences,BLU,FGSM,0.6,BIM,0.8,11.911764705882353,6.0,0,66
sciences,BLU,FGSM,0.6,BIM,0.9,11.911764705882353,6.0,0,66
sciences,BLU,FGSM,0.6,BIM,1.0,11.911764705882353,6.0,0,66
sciences,HTC,FGSM,0.6,BIM,0.1,6.360294117647059,4.0,0,66
sciences,HTC,FGSM,0.6,BIM,0.2,6.397058823529412,4.0,0,66
sciences,HTC,FGSM,0.6,BIM,0.3,6.397058823529412,4.0,0,66
sciences,HTC,FGSM,0.6,BIM,0.4,6.397058823529412,4.0,0,66
sciences,HTC,FGSM,0.6,BIM,0.5,6.397058823529412,4.0,0,66
sciences,HTC,FGSM,0.6,BIM,0.6,6.397058823529412,4.0,0,66
sciences,HTC,FGSM,0.6,BIM,0.7,6.397058823529412,4.0,0,66
sciences,HTC,FGSM,0.6,BIM,0.8,6.397058823529412,4.0,0,66
sciences,HTC,FGSM,0.6,BIM,0.9,6.397058823529412,4.0,0,66
sciences,HTC,FGSM,0.6,BIM,1.0,6.397058823529412,4.0,0,66
sciences,LG,FGSM,0.6,BIM,0.1,6.786764705882353,4.0,0,66
sciences,LG,FGSM,0.6,BIM,0.2,6.772058823529412,4.0,0,66
sciences,LG,FGSM,0.6,BIM,0.3,6.772058823529412,4.0,0,66
sciences,LG,FGSM,0.6,BIM,0.4,6.772058823529412,4.0,0,66
sciences,LG,FGSM,0.6,BIM,0.5,6.772058823529412,4.0,0,66
sciences,LG,FGSM,0.6,BIM,0.6,6.772058823529412,4.0,0,66
sciences,LG,FGSM,0.6,BIM,0.7,6.772058823529412,4.0,0,66
sciences,LG,FGSM,0.6,BIM,0.8,6.772058823529412,4.0,0,66
sciences,LG,FGSM,0.6,BIM,0.9,6.772058823529412,4.0,0,66
sciences,LG,FGSM,0.6,BIM,1.0,6.772058823529412,4.0,0,66
sciences,MOTO,FGSM,0.6,BIM,0.1,6.8088235294117645,5.0,0,58
sciences,MOTO,FGSM,0.6,BIM,0.2,6.823529411764706,5.0,0,58
sciences,MOTO,FGSM,0.6,BIM,0.3,6.823529411764706,5.0,0,58
sciences,MOTO,FGSM,0.6,BIM,0.4,6.823529411764706,5.0,0,58
sciences,MOTO,FGSM,0.6,BIM,0.5,6.823529411764706,5.0,0,58
sciences,MOTO,FGSM,0.6,BIM,0.6,6.823529411764706,5.0,0,58
sciences,MOTO,FGSM,0.6,BIM,0.7,6.823529411764706,5.0,0,58
sciences,MOTO,FGSM,0.6,BIM,0.8,6.823529411764706,5.0,0,58
sciences,MOTO,FGSM,0.6,BIM,0.9,6.823529411764706,5.0,0,58
sciences,MOTO,FGSM,0.6,BIM,1.0,6.823529411764706,5.0,0,58
sciences,OP3,FGSM,0.6,BIM,0.1,7.419117647058823,4.0,0,64
sciences,OP3,FGSM,0.6,BIM,0.2,7.419117647058823,4.0,0,64
sciences,OP3,FGSM,0.6,BIM,0.3,7.419117647058823,4.0,0,64
sciences,OP3,FGSM,0.6,BIM,0.4,7.419117647058823,4.0,0,64
sciences,OP3,FGSM,0.6,BIM,0.5,7.419117647058823,4.0,0,64
sciences,OP3,FGSM,0.6,BIM,0.6,7.419117647058823,4.0,0,64
sciences,OP3,FGSM,0.6,BIM,0.7,7.419117647058823,4.0,0,64
sciences,OP3,FGSM,0.6,BIM,0.8,7.419117647058823,4.0,0,64
sciences,OP3,FGSM,0.6,BIM,0.9,7.419117647058823,4.0,0,64
sciences,OP3,FGSM,0.6,BIM,1.0,7.419117647058823,4.0,0,64
sciences,S7,FGSM,0.6,BIM,0.1,5.397058823529412,4.0,0,46
sciences,S7,FGSM,0.6,BIM,0.2,5.397058823529412,4.0,0,46
sciences,S7,FGSM,0.6,BIM,0.3,5.397058823529412,4.0,0,46
sciences,S7,FGSM,0.6,BIM,0.4,5.397058823529412,4.0,0,46
sciences,S7,FGSM,0.6,BIM,0.5,5.397058823529412,4.0,0,46
sciences,S7,FGSM,0.6,BIM,0.6,5.397058823529412,4.0,0,46
sciences,S7,FGSM,0.6,BIM,0.7,5.397058823529412,4.0,0,46
sciences,S7,FGSM,0.6,BIM,0.8,5.397058823529412,4.0,0,46
sciences,S7,FGSM,0.6,BIM,0.9,5.397058823529412,4.0,0,46
sciences,S7,FGSM,0.6,BIM,1.0,5.397058823529412,4.0,0,46
sciences,BLU,FGSM,0.7,BIM,0.1,11.529411764705882,5.0,0,60
sciences,BLU,FGSM,0.7,BIM,0.2,11.529411764705882,5.0,0,60
sciences,BLU,FGSM,0.7,BIM,0.3,11.529411764705882,5.0,0,60
sciences,BLU,FGSM,0.7,BIM,0.4,11.529411764705882,5.0,0,60
sciences,BLU,FGSM,0.7,BIM,0.5,11.529411764705882,5.0,0,60
sciences,BLU,FGSM,0.7,BIM,0.6,11.529411764705882,5.0,0,60
sciences,BLU,FGSM,0.7,BIM,0.7,11.529411764705882,5.0,0,60
sciences,BLU,FGSM,0.7,BIM,0.8,11.529411764705882,5.0,0,60
sciences,BLU,FGSM,0.7,BIM,0.9,11.529411764705882,5.0,0,60
sciences,BLU,FGSM,0.7,BIM,1.0,11.529411764705882,5.0,0,60
sciences,HTC,FGSM,0.7,BIM,0.1,6.117647058823529,3.0,0,64
sciences,HTC,FGSM,0.7,BIM,0.2,6.117647058823529,3.0,0,64
sciences,HTC,FGSM,0.7,BIM,0.3,6.117647058823529,3.0,0,64
sciences,HTC,FGSM,0.7,BIM,0.4,6.117647058823529,3.0,0,64
sciences,HTC,FGSM,0.7,BIM,0.5,6.117647058823529,3.0,0,64
sciences,HTC,FGSM,0.7,BIM,0.6,6.117647058823529,3.0,0,64
sciences,HTC,FGSM,0.7,BIM,0.7,6.117647058823529,3.0,0,64
sciences,HTC,FGSM,0.7,BIM,0.8,6.117647058823529,3.0,0,64
sciences,HTC,FGSM,0.7,BIM,0.9,6.117647058823529,3.0,0,64
sciences,HTC,FGSM,0.7,BIM,1.0,6.117647058823529,3.0,0,64
sciences,LG,FGSM,0.7,BIM,0.1,6.176470588235294,3.0,0,65
sciences,LG,FGSM,0.7,BIM,0.2,6.580882352941177,3.0,0,65
sciences,LG,FGSM,0.7,BIM,0.3,6.580882352941177,3.0,0,65
sciences,LG,FGSM,0.7,BIM,0.4,6.580882352941177,3.0,0,65
sciences,LG,FGSM,0.7,BIM,0.5,6.580882352941177,3.0,0,65
sciences,LG,FGSM,0.7,BIM,0.6,6.580882352941177,3.0,0,65
sciences,LG,FGSM,0.7,BIM,0.7,6.580882352941177,3.0,0,65
sciences,LG,FGSM,0.7,BIM,0.8,6.580882352941177,3.0,0,65
sciences,LG,FGSM,0.7,BIM,0.9,6.580882352941177,3.0,0,65
sciences,LG,FGSM,0.7,BIM,1.0,6.580882352941177,3.0,0,65
sciences,MOTO,FGSM,0.7,BIM,0.1,7.595588235294118,4.0,0,66
sciences,MOTO,FGSM,0.7,BIM,0.2,7.595588235294118,4.0,0,66
sciences,MOTO,FGSM,0.7,BIM,0.3,7.595588235294118,4.0,0,66
sciences,MOTO,FGSM,0.7,BIM,0.4,7.595588235294118,4.0,0,66
sciences,MOTO,FGSM,0.7,BIM,0.5,7.595588235294118,4.0,0,66
sciences,MOTO,FGSM,0.7,BIM,0.6,7.595588235294118,4.0,0,66
sciences,MOTO,FGSM,0.7,BIM,0.7,7.595588235294118,4.0,0,66
sciences,MOTO,FGSM,0.7,BIM,0.8,7.595588235294118,4.0,0,66
sciences,MOTO,FGSM,0.7,BIM,0.9,7.595588235294118,4.0,0,66
sciences,MOTO,FGSM,0.7,BIM,1.0,7.595588235294118,4.0,0,66
sciences,OP3,FGSM,0.7,BIM,0.1,7.022058823529412,4.0,0,60
sciences,OP3,FGSM,0.7,BIM,0.2,6.602941176470588,4.0,0,60
sciences,OP3,FGSM,0.7,BIM,0.3,6.602941176470588,4.0,0,60
sciences,OP3,FGSM,0.7,BIM,0.4,6.602941176470588,4.0,0,60
sciences,OP3,FGSM,0.7,BIM,0.5,6.602941176470588,4.0,0,60
sciences,OP3,FGSM,0.7,BIM,0.6,6.602941176470588,4.0,0,60
sciences,OP3,FGSM,0.7,BIM,0.7,6.602941176470588,4.0,0,60
sciences,OP3,FGSM,0.7,BIM,0.8,6.602941176470588,4.0,0,60
sciences,OP3,FGSM,0.7,BIM,0.9,6.602941176470588,4.0,0,60
sciences,OP3,FGSM,0.7,BIM,1.0,6.602941176470588,4.0,0,60
sciences,S7,FGSM,0.7,BIM,0.1,4.580882352941177,4.0,0,54
sciences,S7,FGSM,0.7,BIM,0.2,4.573529411764706,3.5,0,54
sciences,S7,FGSM,0.7,BIM,0.3,4.573529411764706,3.5,0,54
sciences,S7,FGSM,0.7,BIM,0.4,4.573529411764706,3.5,0,54
sciences,S7,FGSM,0.7,BIM,0.5,4.573529411764706,3.5,0,54
sciences,S7,FGSM,0.7,BIM,0.6,4.573529411764706,3.5,0,54
sciences,S7,FGSM,0.7,BIM,0.7,4.573529411764706,3.5,0,54
sciences,S7,FGSM,0.7,BIM,0.8,4.573529411764706,3.5,0,54
sciences,S7,FGSM,0.7,BIM,0.9,4.573529411764706,3.5,0,54
sciences,S7,FGSM,0.7,BIM,1.0,4.573529411764706,3.5,0,54
sciences,BLU,FGSM,0.8,BIM,0.1,13.213235294117647,6.0,0,62
sciences,BLU,FGSM,0.8,BIM,0.2,13.213235294117647,6.0,0,62
sciences,BLU,FGSM,0.8,BIM,0.3,13.213235294117647,6.0,0,62
sciences,BLU,FGSM,0.8,BIM,0.4,13.213235294117647,6.0,0,62
sciences,BLU,FGSM,0.8,BIM,0.5,13.213235294117647,6.0,0,62
sciences,BLU,FGSM,0.8,BIM,0.6,13.213235294117647,6.0,0,62
sciences,BLU,FGSM,0.8,BIM,0.7,13.213235294117647,6.0,0,62
sciences,BLU,FGSM,0.8,BIM,0.8,13.213235294117647,6.0,0,62
sciences,BLU,FGSM,0.8,BIM,0.9,13.213235294117647,6.0,0,62
sciences,BLU,FGSM,0.8,BIM,1.0,13.213235294117647,6.0,0,62
sciences,HTC,FGSM,0.8,BIM,0.1,8.992647058823529,5.0,0,60
sciences,HTC,FGSM,0.8,BIM,0.2,9.029411764705882,5.0,0,60
sciences,HTC,FGSM,0.8,BIM,0.3,8.992647058823529,5.0,0,60
sciences,HTC,FGSM,0.8,BIM,0.4,8.992647058823529,5.0,0,60
sciences,HTC,FGSM,0.8,BIM,0.5,8.992647058823529,5.0,0,60
sciences,HTC,FGSM,0.8,BIM,0.6,8.992647058823529,5.0,0,60
sciences,HTC,FGSM,0.8,BIM,0.7,8.992647058823529,5.0,0,60
sciences,HTC,FGSM,0.8,BIM,0.8,8.992647058823529,5.0,0,60
sciences,HTC,FGSM,0.8,BIM,0.9,8.992647058823529,5.0,0,60
sciences,HTC,FGSM,0.8,BIM,1.0,8.992647058823529,5.0,0,60
sciences,LG,FGSM,0.8,BIM,0.1,8.257352941176471,5.0,0,62
sciences,LG,FGSM,0.8,BIM,0.2,8.257352941176471,5.0,0,62
sciences,LG,FGSM,0.8,BIM,0.3,8.257352941176471,5.0,0,62
sciences,LG,FGSM,0.8,BIM,0.4,8.257352941176471,5.0,0,62
sciences,LG,FGSM,0.8,BIM,0.5,8.257352941176471,5.0,0,62
sciences,LG,FGSM,0.8,BIM,0.6,8.257352941176471,5.0,0,62
sciences,LG,FGSM,0.8,BIM,0.7,8.257352941176471,5.0,0,62
sciences,LG,FGSM,0.8,BIM,0.8,8.257352941176471,5.0,0,62
sciences,LG,FGSM,0.8,BIM,0.9,8.257352941176471,5.0,0,62
sciences,LG,FGSM,0.8,BIM,1.0,8.257352941176471,5.0,0,62
sciences,MOTO,FGSM,0.8,BIM,0.1,9.080882352941176,5.0,0,63
sciences,MOTO,FGSM,0.8,BIM,0.2,9.080882352941176,5.0,0,63
sciences,MOTO,FGSM,0.8,BIM,0.3,9.073529411764707,5.0,0,63
sciences,MOTO,FGSM,0.8,BIM,0.4,9.073529411764707,5.0,0,63
sciences,MOTO,FGSM,0.8,BIM,0.5,9.073529411764707,5.0,0,63
sciences,MOTO,FGSM,0.8,BIM,0.6,9.073529411764707,5.0,0,63
sciences,MOTO,FGSM,0.8,BIM,0.7,9.073529411764707,5.0,0,63
sciences,MOTO,FGSM,0.8,BIM,0.8,9.073529411764707,5.0,0,63
sciences,MOTO,FGSM,0.8,BIM,0.9,9.073529411764707,5.0,0,63
sciences,MOTO,FGSM,0.8,BIM,1.0,9.073529411764707,5.0,0,63
sciences,OP3,FGSM,0.8,BIM,0.1,11.080882352941176,5.0,0,62
sciences,OP3,FGSM,0.8,BIM,0.2,11.102941176470589,5.0,0,62
sciences,OP3,FGSM,0.8,BIM,0.3,11.102941176470589,5.0,0,62
sciences,OP3,FGSM,0.8,BIM,0.4,11.102941176470589,5.0,0,62
sciences,OP3,FGSM,0.8,BIM,0.5,11.102941176470589,5.0,0,62
sciences,OP3,FGSM,0.8,BIM,0.6,11.102941176470589,5.0,0,62
sciences,OP3,FGSM,0.8,BIM,0.7,11.102941176470589,5.0,0,62
sciences,OP3,FGSM,0.8,BIM,0.8,11.102941176470589,5.0,0,62
sciences,OP3,FGSM,0.8,BIM,0.9,11.102941176470589,5.0,0,62
sciences,OP3,FGSM,0.8,BIM,1.0,11.102941176470589,5.0,0,62
sciences,S7,FGSM,0.8,BIM,0.1,7.5,5.0,0,62
sciences,S7,FGSM,0.8,BIM,0.2,7.492647058823529,5.0,0,62
sciences,S7,FGSM,0.8,BIM,0.3,7.492647058823529,5.0,0,62
sciences,S7,FGSM,0.8,BIM,0.4,7.492647058823529,5.0,0,62
sciences,S7,FGSM,0.8,BIM,0.5,7.492647058823529,5.0,0,62
sciences,S7,FGSM,0.8,BIM,0.6,7.492647058823529,5.0,0,62
sciences,S7,FGSM,0.8,BIM,0.7,7.492647058823529,5.0,0,62
sciences,S7,FGSM,0.8,BIM,0.8,7.492647058823529,5.0,0,62
sciences,S7,FGSM,0.8,BIM,0.9,7.492647058823529,5.0,0,62
sciences,S7,FGSM,0.8,BIM,1.0,7.492647058823529,5.0,0,62
sciences,BLU,FGSM,0.9,BIM,0.1,12.147058823529411,5.0,0,65
sciences,BLU,FGSM,0.9,BIM,0.2,12.147058823529411,5.0,0,65
sciences,BLU,FGSM,0.9,BIM,0.3,12.147058823529411,5.0,0,65
sciences,BLU,FGSM,0.9,BIM,0.4,12.147058823529411,5.0,0,65
sciences,BLU,FGSM,0.9,BIM,0.5,12.147058823529411,5.0,0,65
sciences,BLU,FGSM,0.9,BIM,0.6,12.147058823529411,5.0,0,65
sciences,BLU,FGSM,0.9,BIM,0.7,12.147058823529411,5.0,0,65
sciences,BLU,FGSM,0.9,BIM,0.8,12.147058823529411,5.0,0,65
sciences,BLU,FGSM,0.9,BIM,0.9,12.147058823529411,5.0,0,65
sciences,BLU,FGSM,0.9,BIM,1.0,12.147058823529411,5.0,0,65
sciences,HTC,FGSM,0.9,BIM,0.1,6.301470588235294,3.0,0,66
sciences,HTC,FGSM,0.9,BIM,0.2,6.301470588235294,3.0,0,66
sciences,HTC,FGSM,0.9,BIM,0.3,6.301470588235294,3.0,0,66
sciences,HTC,FGSM,0.9,BIM,0.4,6.301470588235294,3.0,0,66
sciences,HTC,FGSM,0.9,BIM,0.5,6.301470588235294,3.0,0,66
sciences,HTC,FGSM,0.9,BIM,0.6,6.301470588235294,3.0,0,66
sciences,HTC,FGSM,0.9,BIM,0.7,6.301470588235294,3.0,0,66
sciences,HTC,FGSM,0.9,BIM,0.8,6.301470588235294,3.0,0,66
sciences,HTC,FGSM,0.9,BIM,0.9,6.301470588235294,3.0,0,66
sciences,HTC,FGSM,0.9,BIM,1.0,6.301470588235294,3.0,0,66
sciences,LG,FGSM,0.9,BIM,0.1,4.9338235294117645,3.0,0,64
sciences,LG,FGSM,0.9,BIM,0.2,4.9338235294117645,3.0,0,64
sciences,LG,FGSM,0.9,BIM,0.3,4.9338235294117645,3.0,0,64
sciences,LG,FGSM,0.9,BIM,0.4,4.9338235294117645,3.0,0,64
sciences,LG,FGSM,0.9,BIM,0.5,4.9338235294117645,3.0,0,64
sciences,LG,FGSM,0.9,BIM,0.6,4.9338235294117645,3.0,0,64
sciences,LG,FGSM,0.9,BIM,0.7,4.9338235294117645,3.0,0,64
sciences,LG,FGSM,0.9,BIM,0.8,4.9338235294117645,3.0,0,64
sciences,LG,FGSM,0.9,BIM,0.9,4.9338235294117645,3.0,0,64
sciences,LG,FGSM,0.9,BIM,1.0,4.9338235294117645,3.0,0,64
sciences,MOTO,FGSM,0.9,BIM,0.1,4.669117647058823,3.0,0,60
sciences,MOTO,FGSM,0.9,BIM,0.2,4.669117647058823,3.0,0,60
sciences,MOTO,FGSM,0.9,BIM,0.3,4.669117647058823,3.0,0,60
sciences,MOTO,FGSM,0.9,BIM,0.4,4.669117647058823,3.0,0,60
sciences,MOTO,FGSM,0.9,BIM,0.5,4.669117647058823,3.0,0,60
sciences,MOTO,FGSM,0.9,BIM,0.6,4.669117647058823,3.0,0,60
sciences,MOTO,FGSM,0.9,BIM,0.7,4.669117647058823,3.0,0,60
sciences,MOTO,FGSM,0.9,BIM,0.8,4.669117647058823,3.0,0,60
sciences,MOTO,FGSM,0.9,BIM,0.9,4.669117647058823,3.0,0,60
sciences,MOTO,FGSM,0.9,BIM,1.0,4.669117647058823,3.0,0,60
sciences,OP3,FGSM,0.9,BIM,0.1,4.544117647058823,3.0,0,45
sciences,OP3,FGSM,0.9,BIM,0.2,4.544117647058823,3.0,0,45
sciences,OP3,FGSM,0.9,BIM,0.3,4.544117647058823,3.0,0,45
sciences,OP3,FGSM,0.9,BIM,0.4,4.544117647058823,3.0,0,45
sciences,OP3,FGSM,0.9,BIM,0.5,4.544117647058823,3.0,0,45
sciences,OP3,FGSM,0.9,BIM,0.6,4.544117647058823,3.0,0,45
sciences,OP3,FGSM,0.9,BIM,0.7,4.544117647058823,3.0,0,45
sciences,OP3,FGSM,0.9,BIM,0.8,4.544117647058823,3.0,0,45
sciences,OP3,FGSM,0.9,BIM,0.9,4.544117647058823,3.0,0,45
sciences,OP3,FGSM,0.9,BIM,1.0,4.544117647058823,3.0,0,45
sciences,S7,FGSM,0.9,BIM,0.1,5.235294117647059,3.0,0,57
sciences,S7,FGSM,0.9,BIM,0.2,5.235294117647059,3.0,0,57
sciences,S7,FGSM,0.9,BIM,0.3,5.235294117647059,3.0,0,57
sciences,S7,FGSM,0.9,BIM,0.4,5.235294117647059,3.0,0,57
sciences,S7,FGSM,0.9,BIM,0.5,5.235294117647059,3.0,0,57
sciences,S7,FGSM,0.9,BIM,0.6,5.235294117647059,3.0,0,57
sciences,S7,FGSM,0.9,BIM,0.7,5.235294117647059,3.0,0,57
sciences,S7,FGSM,0.9,BIM,0.8,5.235294117647059,3.0,0,57
sciences,S7,FGSM,0.9,BIM,0.9,5.235294117647059,3.0,0,57
sciences,S7,FGSM,0.9,BIM,1.0,5.235294117647059,3.0,0,57
sciences,BLU,FGSM,1.0,BIM,0.1,10.676470588235293,6.0,0,61
sciences,BLU,FGSM,1.0,BIM,0.2,10.529411764705882,6.0,0,61
sciences,BLU,FGSM,1.0,BIM,0.3,10.683823529411764,6.0,0,61
sciences,BLU,FGSM,1.0,BIM,0.4,10.683823529411764,6.0,0,61
sciences,BLU,FGSM,1.0,BIM,0.5,10.683823529411764,6.0,0,61
sciences,BLU,FGSM,1.0,BIM,0.6,10.683823529411764,6.0,0,61
sciences,BLU,FGSM,1.0,BIM,0.7,10.683823529411764,6.0,0,61
sciences,BLU,FGSM,1.0,BIM,0.8,10.683823529411764,6.0,0,61
sciences,BLU,FGSM,1.0,BIM,0.9,10.683823529411764,6.0,0,61
sciences,BLU,FGSM,1.0,BIM,1.0,10.683823529411764,6.0,0,61
sciences,HTC,FGSM,1.0,BIM,0.1,6.264705882352941,4.0,0,66
sciences,HTC,FGSM,1.0,BIM,0.2,6.264705882352941,4.0,0,66
sciences,HTC,FGSM,1.0,BIM,0.3,6.264705882352941,4.0,0,66
sciences,HTC,FGSM,1.0,BIM,0.4,6.264705882352941,4.0,0,66
sciences,HTC,FGSM,1.0,BIM,0.5,6.264705882352941,4.0,0,66
sciences,HTC,FGSM,1.0,BIM,0.6,6.264705882352941,4.0,0,66
sciences,HTC,FGSM,1.0,BIM,0.7,6.264705882352941,4.0,0,66
sciences,HTC,FGSM,1.0,BIM,0.8,6.264705882352941,4.0,0,66
sciences,HTC,FGSM,1.0,BIM,0.9,6.264705882352941,4.0,0,66
sciences,HTC,FGSM,1.0,BIM,1.0,6.264705882352941,4.0,0,66
sciences,LG,FGSM,1.0,BIM,0.1,5.198529411764706,4.0,0,64
sciences,LG,FGSM,1.0,BIM,0.2,5.1838235294117645,4.0,0,64
sciences,LG,FGSM,1.0,BIM,0.3,5.1838235294117645,4.0,0,64
sciences,LG,FGSM,1.0,BIM,0.4,5.1838235294117645,4.0,0,64
sciences,LG,FGSM,1.0,BIM,0.5,5.1838235294117645,4.0,0,64
sciences,LG,FGSM,1.0,BIM,0.6,5.1838235294117645,4.0,0,64
sciences,LG,FGSM,1.0,BIM,0.7,5.1838235294117645,4.0,0,64
sciences,LG,FGSM,1.0,BIM,0.8,5.1838235294117645,4.0,0,64
sciences,LG,FGSM,1.0,BIM,0.9,5.1838235294117645,4.0,0,64
sciences,LG,FGSM,1.0,BIM,1.0,5.1838235294117645,4.0,0,64
sciences,MOTO,FGSM,1.0,BIM,0.1,6.5,4.0,0,52
sciences,MOTO,FGSM,1.0,BIM,0.2,6.477941176470588,4.0,0,52
sciences,MOTO,FGSM,1.0,BIM,0.3,6.448529411764706,4.0,0,52
sciences,MOTO,FGSM,1.0,BIM,0.4,6.448529411764706,4.0,0,52
sciences,MOTO,FGSM,1.0,BIM,0.5,6.448529411764706,4.0,0,52
sciences,MOTO,FGSM,1.0,BIM,0.6,6.448529411764706,4.0,0,52
sciences,MOTO,FGSM,1.0,BIM,0.7,6.448529411764706,4.0,0,52
sciences,MOTO,FGSM,1.0,BIM,0.8,6.448529411764706,4.0,0,52
sciences,MOTO,FGSM,1.0,BIM,0.9,6.448529411764706,4.0,0,52
sciences,MOTO,FGSM,1.0,BIM,1.0,6.448529411764706,4.0,0,52
sciences,OP3,FGSM,1.0,BIM,0.1,6.301470588235294,4.0,0,64
sciences,OP3,FGSM,1.0,BIM,0.2,6.301470588235294,4.0,0,64
sciences,OP3,FGSM,1.0,BIM,0.3,6.301470588235294,4.0,0,64
sciences,OP3,FGSM,1.0,BIM,0.4,6.301470588235294,4.0,0,64
sciences,OP3,FGSM,1.0,BIM,0.5,6.301470588235294,4.0,0,64
sciences,OP3,FGSM,1.0,BIM,0.6,6.301470588235294,4.0,0,64
sciences,OP3,FGSM,1.0,BIM,0.7,6.301470588235294,4.0,0,64
sciences,OP3,FGSM,1.0,BIM,0.8,6.301470588235294,4.0,0,64
sciences,OP3,FGSM,1.0,BIM,0.9,6.301470588235294,4.0,0,64
sciences,OP3,FGSM,1.0,BIM,1.0,6.301470588235294,4.0,0,64
sciences,S7,FGSM,1.0,BIM,0.1,5.411764705882353,4.0,0,43
sciences,S7,FGSM,1.0,BIM,0.2,5.411764705882353,4.0,0,43
sciences,S7,FGSM,1.0,BIM,0.3,5.411764705882353,4.0,0,43
sciences,S7,FGSM,1.0,BIM,0.4,5.411764705882353,4.0,0,43
sciences,S7,FGSM,1.0,BIM,0.5,5.411764705882353,4.0,0,43
sciences,S7,FGSM,1.0,BIM,0.6,5.411764705882353,4.0,0,43
sciences,S7,FGSM,1.0,BIM,0.7,5.411764705882353,4.0,0,43
sciences,S7,FGSM,1.0,BIM,0.8,5.411764705882353,4.0,0,43
sciences,S7,FGSM,1.0,BIM,0.9,5.411764705882353,4.0,0,43
sciences,S7,FGSM,1.0,BIM,1.0,5.411764705882353,4.0,0,43
sciences,BLU,PGD,0.1,BIM,0.1,13.742647058823529,9.0,0,64
sciences,BLU,PGD,0.1,BIM,0.2,13.698529411764707,9.0,0,64
sciences,BLU,PGD,0.1,BIM,0.3,13.595588235294118,9.0,0,64
sciences,BLU,PGD,0.1,BIM,0.4,13.595588235294118,9.0,0,64
sciences,BLU,PGD,0.1,BIM,0.5,13.595588235294118,9.0,0,64
sciences,BLU,PGD,0.1,BIM,0.6,13.595588235294118,9.0,0,64
sciences,BLU,PGD,0.1,BIM,0.7,13.595588235294118,9.0,0,64
sciences,BLU,PGD,0.1,BIM,0.8,13.595588235294118,9.0,0,64
sciences,BLU,PGD,0.1,BIM,0.9,13.595588235294118,9.0,0,64
sciences,BLU,PGD,0.1,BIM,1.0,13.595588235294118,9.0,0,64
sciences,HTC,PGD,0.1,BIM,0.1,10.757352941176471,5.0,0,64
sciences,HTC,PGD,0.1,BIM,0.2,10.764705882352942,5.0,0,64
sciences,HTC,PGD,0.1,BIM,0.3,10.764705882352942,5.0,0,64
sciences,HTC,PGD,0.1,BIM,0.4,10.764705882352942,5.0,0,64
sciences,HTC,PGD,0.1,BIM,0.5,10.764705882352942,5.0,0,64
sciences,HTC,PGD,0.1,BIM,0.6,10.764705882352942,5.0,0,64
sciences,HTC,PGD,0.1,BIM,0.7,10.764705882352942,5.0,0,64
sciences,HTC,PGD,0.1,BIM,0.8,10.764705882352942,5.0,0,64
sciences,HTC,PGD,0.1,BIM,0.9,10.764705882352942,5.0,0,64
sciences,HTC,PGD,0.1,BIM,1.0,10.764705882352942,5.0,0,64
sciences,LG,PGD,0.1,BIM,0.1,12.132352941176471,6.0,0,65
sciences,LG,PGD,0.1,BIM,0.2,12.117647058823529,6.0,0,65
sciences,LG,PGD,0.1,BIM,0.3,12.102941176470589,6.0,0,65
sciences,LG,PGD,0.1,BIM,0.4,12.102941176470589,6.0,0,65
sciences,LG,PGD,0.1,BIM,0.5,12.102941176470589,6.0,0,65
sciences,LG,PGD,0.1,BIM,0.6,12.102941176470589,6.0,0,65
sciences,LG,PGD,0.1,BIM,0.7,12.102941176470589,6.0,0,65
sciences,LG,PGD,0.1,BIM,0.8,12.102941176470589,6.0,0,65
sciences,LG,PGD,0.1,BIM,0.9,12.102941176470589,6.0,0,65
sciences,LG,PGD,0.1,BIM,1.0,12.102941176470589,6.0,0,65
sciences,MOTO,PGD,0.1,BIM,0.1,11.955882352941176,6.5,0,66
sciences,MOTO,PGD,0.1,BIM,0.2,11.845588235294118,6.0,0,66
sciences,MOTO,PGD,0.1,BIM,0.3,11.977941176470589,6.0,0,66
sciences,MOTO,PGD,0.1,BIM,0.4,11.977941176470589,6.0,0,66
sciences,MOTO,PGD,0.1,BIM,0.5,11.977941176470589,6.0,0,66
sciences,MOTO,PGD,0.1,BIM,0.6,11.977941176470589,6.0,0,66
sciences,MOTO,PGD,0.1,BIM,0.7,11.977941176470589,6.0,0,66
sciences,MOTO,PGD,0.1,BIM,0.8,11.977941176470589,6.0,0,66
sciences,MOTO,PGD,0.1,BIM,0.9,11.977941176470589,6.0,0,66
sciences,MOTO,PGD,0.1,BIM,1.0,11.977941176470589,6.0,0,66
sciences,OP3,PGD,0.1,BIM,0.1,12.948529411764707,6.5,0,63
sciences,OP3,PGD,0.1,BIM,0.2,13.654411764705882,7.0,0,63
sciences,OP3,PGD,0.1,BIM,0.3,13.308823529411764,7.0,0,63
sciences,OP3,PGD,0.1,BIM,0.4,13.308823529411764,7.0,0,63
sciences,OP3,PGD,0.1,BIM,0.5,13.308823529411764,7.0,0,63
sciences,OP3,PGD,0.1,BIM,0.6,13.308823529411764,7.0,0,63
sciences,OP3,PGD,0.1,BIM,0.7,13.308823529411764,7.0,0,63
sciences,OP3,PGD,0.1,BIM,0.8,13.308823529411764,7.0,0,63
sciences,OP3,PGD,0.1,BIM,0.9,13.308823529411764,7.0,0,63
sciences,OP3,PGD,0.1,BIM,1.0,13.308823529411764,7.0,0,63
sciences,S7,PGD,0.1,BIM,0.1,11.470588235294118,6.0,0,56
sciences,S7,PGD,0.1,BIM,0.2,11.566176470588236,6.0,0,56
sciences,S7,PGD,0.1,BIM,0.3,11.477941176470589,6.0,0,56
sciences,S7,PGD,0.1,BIM,0.4,11.477941176470589,6.0,0,56
sciences,S7,PGD,0.1,BIM,0.5,11.477941176470589,6.0,0,56
sciences,S7,PGD,0.1,BIM,0.6,11.477941176470589,6.0,0,56
sciences,S7,PGD,0.1,BIM,0.7,11.477941176470589,6.0,0,56
sciences,S7,PGD,0.1,BIM,0.8,11.477941176470589,6.0,0,56
sciences,S7,PGD,0.1,BIM,0.9,11.477941176470589,6.0,0,56
sciences,S7,PGD,0.1,BIM,1.0,11.477941176470589,6.0,0,56
sciences,BLU,PGD,0.2,BIM,0.1,19.566176470588236,12.0,0,67
sciences,BLU,PGD,0.2,BIM,0.2,19.75735294117647,12.0,0,67
sciences,BLU,PGD,0.2,BIM,0.3,19.735294117647058,12.0,0,67
sciences,BLU,PGD,0.2,BIM,0.4,19.75735294117647,12.0,0,67
sciences,BLU,PGD,0.2,BIM,0.5,19.75735294117647,12.0,0,67
sciences,BLU,PGD,0.2,BIM,0.6,19.75735294117647,12.0,0,67
sciences,BLU,PGD,0.2,BIM,0.7,19.75735294117647,12.0,0,67
sciences,BLU,PGD,0.2,BIM,0.8,19.75735294117647,12.0,0,67
sciences,BLU,PGD,0.2,BIM,0.9,19.75735294117647,12.0,0,67
sciences,BLU,PGD,0.2,BIM,1.0,19.75735294117647,12.0,0,67
sciences,HTC,PGD,0.2,BIM,0.1,10.169117647058824,5.0,0,67
sciences,HTC,PGD,0.2,BIM,0.2,9.794117647058824,5.0,0,67
sciences,HTC,PGD,0.2,BIM,0.3,9.977941176470589,5.0,0,67
sciences,HTC,PGD,0.2,BIM,0.4,9.977941176470589,5.0,0,67
sciences,HTC,PGD,0.2,BIM,0.5,9.977941176470589,5.0,0,67
sciences,HTC,PGD,0.2,BIM,0.6,9.977941176470589,5.0,0,67
sciences,HTC,PGD,0.2,BIM,0.7,9.977941176470589,5.0,0,67
sciences,HTC,PGD,0.2,BIM,0.8,9.977941176470589,5.0,0,67
sciences,HTC,PGD,0.2,BIM,0.9,9.977941176470589,5.0,0,67
sciences,HTC,PGD,0.2,BIM,1.0,9.977941176470589,5.0,0,67
sciences,LG,PGD,0.2,BIM,0.1,10.632352941176471,5.0,0,67
sciences,LG,PGD,0.2,BIM,0.2,10.529411764705882,5.0,0,67
sciences,LG,PGD,0.2,BIM,0.3,10.470588235294118,5.0,0,67
sciences,LG,PGD,0.2,BIM,0.4,10.470588235294118,5.0,0,67
sciences,LG,PGD,0.2,BIM,0.5,10.470588235294118,5.0,0,67
sciences,LG,PGD,0.2,BIM,0.6,10.470588235294118,5.0,0,67
sciences,LG,PGD,0.2,BIM,0.7,10.470588235294118,5.0,0,67
sciences,LG,PGD,0.2,BIM,0.8,10.470588235294118,5.0,0,67
sciences,LG,PGD,0.2,BIM,0.9,10.470588235294118,5.0,0,67
sciences,LG,PGD,0.2,BIM,1.0,10.470588235294118,5.0,0,67
sciences,MOTO,PGD,0.2,BIM,0.1,12.647058823529411,7.0,0,64
sciences,MOTO,PGD,0.2,BIM,0.2,13.220588235294118,7.0,0,64
sciences,MOTO,PGD,0.2,BIM,0.3,13.411764705882353,7.0,0,64
sciences,MOTO,PGD,0.2,BIM,0.4,13.411764705882353,7.0,0,64
sciences,MOTO,PGD,0.2,BIM,0.5,13.411764705882353,7.0,0,64
sciences,MOTO,PGD,0.2,BIM,0.6,13.411764705882353,7.0,0,64
sciences,MOTO,PGD,0.2,BIM,0.7,13.411764705882353,7.0,0,64
sciences,MOTO,PGD,0.2,BIM,0.8,13.411764705882353,7.0,0,64
sciences,MOTO,PGD,0.2,BIM,0.9,13.411764705882353,7.0,0,64
sciences,MOTO,PGD,0.2,BIM,1.0,13.411764705882353,7.0,0,64
sciences,OP3,PGD,0.2,BIM,0.1,13.816176470588236,6.0,0,65
sciences,OP3,PGD,0.2,BIM,0.2,13.816176470588236,7.0,0,65
sciences,OP3,PGD,0.2,BIM,0.3,13.941176470588236,7.0,0,65
sciences,OP3,PGD,0.2,BIM,0.4,13.808823529411764,6.5,0,65
sciences,OP3,PGD,0.2,BIM,0.5,13.808823529411764,6.5,0,65
sciences,OP3,PGD,0.2,BIM,0.6,13.808823529411764,6.5,0,65
sciences,OP3,PGD,0.2,BIM,0.7,13.808823529411764,6.5,0,65
sciences,OP3,PGD,0.2,BIM,0.8,13.808823529411764,6.5,0,65
sciences,OP3,PGD,0.2,BIM,0.9,13.808823529411764,6.5,0,65
sciences,OP3,PGD,0.2,BIM,1.0,13.808823529411764,6.5,0,65
sciences,S7,PGD,0.2,BIM,0.1,12.926470588235293,7.0,0,62
sciences,S7,PGD,0.2,BIM,0.2,12.948529411764707,7.0,0,62
sciences,S7,PGD,0.2,BIM,0.3,12.941176470588236,7.0,0,62
sciences,S7,PGD,0.2,BIM,0.4,12.955882352941176,7.0,0,62
sciences,S7,PGD,0.2,BIM,0.5,12.955882352941176,7.0,0,62
sciences,S7,PGD,0.2,BIM,0.6,12.955882352941176,7.0,0,62
sciences,S7,PGD,0.2,BIM,0.7,12.955882352941176,7.0,0,62
sciences,S7,PGD,0.2,BIM,0.8,12.955882352941176,7.0,0,62
sciences,S7,PGD,0.2,BIM,0.9,12.955882352941176,7.0,0,62
sciences,S7,PGD,0.2,BIM,1.0,12.955882352941176,7.0,0,62
sciences,BLU,PGD,0.3,BIM,0.1,18.522058823529413,12.0,0,66
sciences,BLU,PGD,0.3,BIM,0.2,18.75,12.0,0,66
sciences,BLU,PGD,0.3,BIM,0.3,18.75,12.0,0,66
sciences,BLU,PGD,0.3,BIM,0.4,18.75,12.0,0,66
sciences,BLU,PGD,0.3,BIM,0.5,18.75,12.0,0,66
sciences,BLU,PGD,0.3,BIM,0.6,18.75,12.0,0,66
sciences,BLU,PGD,0.3,BIM,0.7,18.75,12.0,0,66
sciences,BLU,PGD,0.3,BIM,0.8,18.75,12.0,0,66
sciences,BLU,PGD,0.3,BIM,0.9,18.75,12.0,0,66
sciences,BLU,PGD,0.3,BIM,1.0,18.75,12.0,0,66
sciences,HTC,PGD,0.3,BIM,0.1,11.992647058823529,5.5,0,66
sciences,HTC,PGD,0.3,BIM,0.2,12.404411764705882,5.5,0,66
sciences,HTC,PGD,0.3,BIM,0.3,12.058823529411764,5.0,0,66
sciences,HTC,PGD,0.3,BIM,0.4,12.058823529411764,5.0,0,66
sciences,HTC,PGD,0.3,BIM,0.5,12.058823529411764,5.0,0,66
sciences,HTC,PGD,0.3,BIM,0.6,12.058823529411764,5.0,0,66
sciences,HTC,PGD,0.3,BIM,0.7,12.058823529411764,5.0,0,66
sciences,HTC,PGD,0.3,BIM,0.8,12.058823529411764,5.0,0,66
sciences,HTC,PGD,0.3,BIM,0.9,12.058823529411764,5.0,0,66
sciences,HTC,PGD,0.3,BIM,1.0,12.058823529411764,5.0,0,66
sciences,LG,PGD,0.3,BIM,0.1,12.117647058823529,6.0,0,66
sciences,LG,PGD,0.3,BIM,0.2,12.169117647058824,6.0,0,66
sciences,LG,PGD,0.3,BIM,0.3,12.316176470588236,6.0,0,66
sciences,LG,PGD,0.3,BIM,0.4,12.169117647058824,6.0,0,66
sciences,LG,PGD,0.3,BIM,0.5,12.169117647058824,6.0,0,66
sciences,LG,PGD,0.3,BIM,0.6,12.169117647058824,6.0,0,66
sciences,LG,PGD,0.3,BIM,0.7,12.169117647058824,6.0,0,66
sciences,LG,PGD,0.3,BIM,0.8,12.169117647058824,6.0,0,66
sciences,LG,PGD,0.3,BIM,0.9,12.169117647058824,6.0,0,66
sciences,LG,PGD,0.3,BIM,1.0,12.169117647058824,6.0,0,66
sciences,MOTO,PGD,0.3,BIM,0.1,14.889705882352942,7.0,0,66
sciences,MOTO,PGD,0.3,BIM,0.2,15.051470588235293,7.0,0,66
sciences,MOTO,PGD,0.3,BIM,0.3,15.161764705882353,7.0,0,66
sciences,MOTO,PGD,0.3,BIM,0.4,15.161764705882353,7.0,0,66
sciences,MOTO,PGD,0.3,BIM,0.5,15.161764705882353,7.0,0,66
sciences,MOTO,PGD,0.3,BIM,0.6,15.161764705882353,7.0,0,66
sciences,MOTO,PGD,0.3,BIM,0.7,15.161764705882353,7.0,0,66
sciences,MOTO,PGD,0.3,BIM,0.8,15.161764705882353,7.0,0,66
sciences,MOTO,PGD,0.3,BIM,0.9,15.161764705882353,7.0,0,66
sciences,MOTO,PGD,0.3,BIM,1.0,15.161764705882353,7.0,0,66
sciences,OP3,PGD,0.3,BIM,0.1,11.860294117647058,6.0,0,66
sciences,OP3,PGD,0.3,BIM,0.2,11.330882352941176,6.0,0,66
sciences,OP3,PGD,0.3,BIM,0.3,11.455882352941176,6.0,0,66
sciences,OP3,PGD,0.3,BIM,0.4,11.455882352941176,6.0,0,66
sciences,OP3,PGD,0.3,BIM,0.5,11.455882352941176,6.0,0,66
sciences,OP3,PGD,0.3,BIM,0.6,11.455882352941176,6.0,0,66
sciences,OP3,PGD,0.3,BIM,0.7,11.455882352941176,6.0,0,66
sciences,OP3,PGD,0.3,BIM,0.8,11.455882352941176,6.0,0,66
sciences,OP3,PGD,0.3,BIM,0.9,11.455882352941176,6.0,0,66
sciences,OP3,PGD,0.3,BIM,1.0,11.455882352941176,6.0,0,66
sciences,S7,PGD,0.3,BIM,0.1,11.632352941176471,7.0,0,66
sciences,S7,PGD,0.3,BIM,0.2,12.029411764705882,7.0,0,66
sciences,S7,PGD,0.3,BIM,0.3,12.014705882352942,7.0,0,66
sciences,S7,PGD,0.3,BIM,0.4,12.014705882352942,7.0,0,66
sciences,S7,PGD,0.3,BIM,0.5,12.014705882352942,7.0,0,66
sciences,S7,PGD,0.3,BIM,0.6,12.014705882352942,7.0,0,66
sciences,S7,PGD,0.3,BIM,0.7,12.014705882352942,7.0,0,66
sciences,S7,PGD,0.3,BIM,0.8,12.014705882352942,7.0,0,66
sciences,S7,PGD,0.3,BIM,0.9,12.014705882352942,7.0,0,66
sciences,S7,PGD,0.3,BIM,1.0,12.014705882352942,7.0,0,66
sciences,BLU,PGD,0.4,BIM,0.1,13.889705882352942,7.0,0,63
sciences,BLU,PGD,0.4,BIM,0.2,13.948529411764707,7.0,0,63
sciences,BLU,PGD,0.4,BIM,0.3,13.948529411764707,7.0,0,63
sciences,BLU,PGD,0.4,BIM,0.4,13.948529411764707,7.0,0,63
sciences,BLU,PGD,0.4,BIM,0.5,13.948529411764707,7.0,0,63
sciences,BLU,PGD,0.4,BIM,0.6,13.948529411764707,7.0,0,63
sciences,BLU,PGD,0.4,BIM,0.7,13.948529411764707,7.0,0,63
sciences,BLU,PGD,0.4,BIM,0.8,13.948529411764707,7.0,0,63
sciences,BLU,PGD,0.4,BIM,0.9,13.948529411764707,7.0,0,63
sciences,BLU,PGD,0.4,BIM,1.0,13.948529411764707,7.0,0,63
sciences,HTC,PGD,0.4,BIM,0.1,10.264705882352942,4.0,0,64
sciences,HTC,PGD,0.4,BIM,0.2,10.411764705882353,4.0,0,64
sciences,HTC,PGD,0.4,BIM,0.3,10.419117647058824,4.0,0,64
sciences,HTC,PGD,0.4,BIM,0.4,10.419117647058824,4.0,0,64
sciences,HTC,PGD,0.4,BIM,0.5,10.419117647058824,4.0,0,64
sciences,HTC,PGD,0.4,BIM,0.6,10.419117647058824,4.0,0,64
sciences,HTC,PGD,0.4,BIM,0.7,10.419117647058824,4.0,0,64
sciences,HTC,PGD,0.4,BIM,0.8,10.419117647058824,4.0,0,64
sciences,HTC,PGD,0.4,BIM,0.9,10.419117647058824,4.0,0,64
sciences,HTC,PGD,0.4,BIM,1.0,10.419117647058824,4.0,0,64
sciences,LG,PGD,0.4,BIM,0.1,8.595588235294118,5.0,0,67
sciences,LG,PGD,0.4,BIM,0.2,8.529411764705882,5.0,0,67
sciences,LG,PGD,0.4,BIM,0.3,8.529411764705882,5.0,0,67
sciences,LG,PGD,0.4,BIM,0.4,8.529411764705882,5.0,0,67
sciences,LG,PGD,0.4,BIM,0.5,8.529411764705882,5.0,0,67
sciences,LG,PGD,0.4,BIM,0.6,8.529411764705882,5.0,0,67
sciences,LG,PGD,0.4,BIM,0.7,8.529411764705882,5.0,0,67
sciences,LG,PGD,0.4,BIM,0.8,8.529411764705882,5.0,0,67
sciences,LG,PGD,0.4,BIM,0.9,8.529411764705882,5.0,0,67
sciences,LG,PGD,0.4,BIM,1.0,8.529411764705882,5.0,0,67
sciences,MOTO,PGD,0.4,BIM,0.1,8.948529411764707,4.5,0,60
sciences,MOTO,PGD,0.4,BIM,0.2,9.404411764705882,5.0,0,60
sciences,MOTO,PGD,0.4,BIM,0.3,9.404411764705882,5.0,0,60
sciences,MOTO,PGD,0.4,BIM,0.4,9.404411764705882,5.0,0,60
sciences,MOTO,PGD,0.4,BIM,0.5,9.404411764705882,5.0,0,60
sciences,MOTO,PGD,0.4,BIM,0.6,9.404411764705882,5.0,0,60
sciences,MOTO,PGD,0.4,BIM,0.7,9.404411764705882,5.0,0,60
sciences,MOTO,PGD,0.4,BIM,0.8,9.404411764705882,5.0,0,60
sciences,MOTO,PGD,0.4,BIM,0.9,9.404411764705882,5.0,0,60
sciences,MOTO,PGD,0.4,BIM,1.0,9.404411764705882,5.0,0,60
sciences,OP3,PGD,0.4,BIM,0.1,11.301470588235293,6.0,0,63
sciences,OP3,PGD,0.4,BIM,0.2,11.286764705882353,6.0,0,63
sciences,OP3,PGD,0.4,BIM,0.3,11.286764705882353,6.0,0,63
sciences,OP3,PGD,0.4,BIM,0.4,11.286764705882353,6.0,0,63
sciences,OP3,PGD,0.4,BIM,0.5,11.286764705882353,6.0,0,63
sciences,OP3,PGD,0.4,BIM,0.6,11.286764705882353,6.0,0,63
sciences,OP3,PGD,0.4,BIM,0.7,11.286764705882353,6.0,0,63
sciences,OP3,PGD,0.4,BIM,0.8,11.286764705882353,6.0,0,63
sciences,OP3,PGD,0.4,BIM,0.9,11.286764705882353,6.0,0,63
sciences,OP3,PGD,0.4,BIM,1.0,11.286764705882353,6.0,0,63
sciences,S7,PGD,0.4,BIM,0.1,8.727941176470589,6.0,0,60
sciences,S7,PGD,0.4,BIM,0.2,8.963235294117647,6.0,0,60
sciences,S7,PGD,0.4,BIM,0.3,9.294117647058824,6.0,0,60
sciences,S7,PGD,0.4,BIM,0.4,9.294117647058824,6.0,0,60
sciences,S7,PGD,0.4,BIM,0.5,9.294117647058824,6.0,0,60
sciences,S7,PGD,0.4,BIM,0.6,9.294117647058824,6.0,0,60
sciences,S7,PGD,0.4,BIM,0.7,9.294117647058824,6.0,0,60
sciences,S7,PGD,0.4,BIM,0.8,9.294117647058824,6.0,0,60
sciences,S7,PGD,0.4,BIM,0.9,9.294117647058824,6.0,0,60
sciences,S7,PGD,0.4,BIM,1.0,9.294117647058824,6.0,0,60
sciences,BLU,PGD,0.5,BIM,0.1,13.007352941176471,8.0,0,61
sciences,BLU,PGD,0.5,BIM,0.2,13.477941176470589,8.0,0,63
sciences,BLU,PGD,0.5,BIM,0.3,13.492647058823529,8.0,0,63
sciences,BLU,PGD,0.5,BIM,0.4,13.477941176470589,8.0,0,63
sciences,BLU,PGD,0.5,BIM,0.5,13.477941176470589,8.0,0,63
sciences,BLU,PGD,0.5,BIM,0.6,13.477941176470589,8.0,0,63
sciences,BLU,PGD,0.5,BIM,0.7,13.477941176470589,8.0,0,63
sciences,BLU,PGD,0.5,BIM,0.8,13.477941176470589,8.0,0,63
sciences,BLU,PGD,0.5,BIM,0.9,13.477941176470589,8.0,0,63
sciences,BLU,PGD,0.5,BIM,1.0,13.477941176470589,8.0,0,63
sciences,HTC,PGD,0.5,BIM,0.1,10.808823529411764,5.0,0,66
sciences,HTC,PGD,0.5,BIM,0.2,11.0,5.0,0,66
sciences,HTC,PGD,0.5,BIM,0.3,10.808823529411764,5.0,0,66
sciences,HTC,PGD,0.5,BIM,0.4,10.808823529411764,5.0,0,66
sciences,HTC,PGD,0.5,BIM,0.5,10.808823529411764,5.0,0,66
sciences,HTC,PGD,0.5,BIM,0.6,10.808823529411764,5.0,0,66
sciences,HTC,PGD,0.5,BIM,0.7,10.808823529411764,5.0,0,66
sciences,HTC,PGD,0.5,BIM,0.8,10.808823529411764,5.0,0,66
sciences,HTC,PGD,0.5,BIM,0.9,10.808823529411764,5.0,0,66
sciences,HTC,PGD,0.5,BIM,1.0,10.808823529411764,5.0,0,66
sciences,LG,PGD,0.5,BIM,0.1,9.183823529411764,5.0,0,64
sciences,LG,PGD,0.5,BIM,0.2,9.360294117647058,5.0,0,64
sciences,LG,PGD,0.5,BIM,0.3,9.352941176470589,5.0,0,64
sciences,LG,PGD,0.5,BIM,0.4,9.352941176470589,5.0,0,64
sciences,LG,PGD,0.5,BIM,0.5,9.352941176470589,5.0,0,64
sciences,LG,PGD,0.5,BIM,0.6,9.352941176470589,5.0,0,64
sciences,LG,PGD,0.5,BIM,0.7,9.352941176470589,5.0,0,64
sciences,LG,PGD,0.5,BIM,0.8,9.352941176470589,5.0,0,64
sciences,LG,PGD,0.5,BIM,0.9,9.352941176470589,5.0,0,64
sciences,LG,PGD,0.5,BIM,1.0,9.352941176470589,5.0,0,64
sciences,MOTO,PGD,0.5,BIM,0.1,9.977941176470589,5.0,0,60
sciences,MOTO,PGD,0.5,BIM,0.2,9.875,5.5,0,60
sciences,MOTO,PGD,0.5,BIM,0.3,9.875,5.5,0,60
sciences,MOTO,PGD,0.5,BIM,0.4,9.875,5.5,0,60
sciences,MOTO,PGD,0.5,BIM,0.5,9.875,5.5,0,60
sciences,MOTO,PGD,0.5,BIM,0.6,9.875,5.5,0,60
sciences,MOTO,PGD,0.5,BIM,0.7,9.875,5.5,0,60
sciences,MOTO,PGD,0.5,BIM,0.8,9.875,5.5,0,60
sciences,MOTO,PGD,0.5,BIM,0.9,9.875,5.5,0,60
sciences,MOTO,PGD,0.5,BIM,1.0,9.875,5.5,0,60
sciences,OP3,PGD,0.5,BIM,0.1,10.492647058823529,5.0,0,64
sciences,OP3,PGD,0.5,BIM,0.2,10.617647058823529,5.0,0,64
sciences,OP3,PGD,0.5,BIM,0.3,10.617647058823529,5.0,0,64
sciences,OP3,PGD,0.5,BIM,0.4,10.617647058823529,5.0,0,64
sciences,OP3,PGD,0.5,BIM,0.5,10.617647058823529,5.0,0,64
sciences,OP3,PGD,0.5,BIM,0.6,10.617647058823529,5.0,0,64
sciences,OP3,PGD,0.5,BIM,0.7,10.617647058823529,5.0,0,64
sciences,OP3,PGD,0.5,BIM,0.8,10.617647058823529,5.0,0,64
sciences,OP3,PGD,0.5,BIM,0.9,10.617647058823529,5.0,0,64
sciences,OP3,PGD,0.5,BIM,1.0,10.617647058823529,5.0,0,64
sciences,S7,PGD,0.5,BIM,0.1,11.602941176470589,6.0,0,63
sciences,S7,PGD,0.5,BIM,0.2,11.308823529411764,5.0,0,63
sciences,S7,PGD,0.5,BIM,0.3,11.294117647058824,5.0,0,63
sciences,S7,PGD,0.5,BIM,0.4,11.294117647058824,5.0,0,63
sciences,S7,PGD,0.5,BIM,0.5,11.294117647058824,5.0,0,63
sciences,S7,PGD,0.5,BIM,0.6,11.294117647058824,5.0,0,63
sciences,S7,PGD,0.5,BIM,0.7,11.294117647058824,5.0,0,63
sciences,S7,PGD,0.5,BIM,0.8,11.294117647058824,5.0,0,63
sciences,S7,PGD,0.5,BIM,0.9,11.294117647058824,5.0,0,63
sciences,S7,PGD,0.5,BIM,1.0,11.294117647058824,5.0,0,63
sciences,BLU,PGD,0.6,BIM,0.1,13.176470588235293,9.0,0,63
sciences,BLU,PGD,0.6,BIM,0.2,13.213235294117647,9.0,0,63
sciences,BLU,PGD,0.6,BIM,0.3,13.213235294117647,9.0,0,63
sciences,BLU,PGD,0.6,BIM,0.4,13.213235294117647,9.0,0,63
sciences,BLU,PGD,0.6,BIM,0.5,13.213235294117647,9.0,0,63
sciences,BLU,PGD,0.6,BIM,0.6,13.213235294117647,9.0,0,63
sciences,BLU,PGD,0.6,BIM,0.7,13.213235294117647,9.0,0,63
sciences,BLU,PGD,0.6,BIM,0.8,13.213235294117647,9.0,0,63
sciences,BLU,PGD,0.6,BIM,0.9,13.213235294117647,9.0,0,63
sciences,BLU,PGD,0.6,BIM,1.0,13.213235294117647,9.0,0,63
sciences,HTC,PGD,0.6,BIM,0.1,11.007352941176471,6.0,0,67
sciences,HTC,PGD,0.6,BIM,0.2,10.691176470588236,6.0,0,67
sciences,HTC,PGD,0.6,BIM,0.3,10.676470588235293,6.0,0,67
sciences,HTC,PGD,0.6,BIM,0.4,10.676470588235293,6.0,0,67
sciences,HTC,PGD,0.6,BIM,0.5,10.676470588235293,6.0,0,67
sciences,HTC,PGD,0.6,BIM,0.6,10.676470588235293,6.0,0,67
sciences,HTC,PGD,0.6,BIM,0.7,10.676470588235293,6.0,0,67
sciences,HTC,PGD,0.6,BIM,0.8,10.676470588235293,6.0,0,67
sciences,HTC,PGD,0.6,BIM,0.9,10.676470588235293,6.0,0,67
sciences,HTC,PGD,0.6,BIM,1.0,10.676470588235293,6.0,0,67
sciences,LG,PGD,0.6,BIM,0.1,11.448529411764707,4.0,0,67
sciences,LG,PGD,0.6,BIM,0.2,11.823529411764707,4.0,0,67
sciences,LG,PGD,0.6,BIM,0.3,11.823529411764707,4.0,0,67
sciences,LG,PGD,0.6,BIM,0.4,11.823529411764707,4.0,0,67
sciences,LG,PGD,0.6,BIM,0.5,11.823529411764707,4.0,0,67
sciences,LG,PGD,0.6,BIM,0.6,11.823529411764707,4.0,0,67
sciences,LG,PGD,0.6,BIM,0.7,11.823529411764707,4.0,0,67
sciences,LG,PGD,0.6,BIM,0.8,11.823529411764707,4.0,0,67
sciences,LG,PGD,0.6,BIM,0.9,11.823529411764707,4.0,0,67
sciences,LG,PGD,0.6,BIM,1.0,11.823529411764707,4.0,0,67
sciences,MOTO,PGD,0.6,BIM,0.1,12.889705882352942,6.5,0,66
sciences,MOTO,PGD,0.6,BIM,0.2,12.823529411764707,6.5,0,66
sciences,MOTO,PGD,0.6,BIM,0.3,12.823529411764707,6.5,0,66
sciences,MOTO,PGD,0.6,BIM,0.4,12.823529411764707,6.5,0,66
sciences,MOTO,PGD,0.6,BIM,0.5,12.823529411764707,6.5,0,66
sciences,MOTO,PGD,0.6,BIM,0.6,12.823529411764707,6.5,0,66
sciences,MOTO,PGD,0.6,BIM,0.7,12.823529411764707,6.5,0,66
sciences,MOTO,PGD,0.6,BIM,0.8,12.823529411764707,6.5,0,66
sciences,MOTO,PGD,0.6,BIM,0.9,12.823529411764707,6.5,0,66
sciences,MOTO,PGD,0.6,BIM,1.0,12.823529411764707,6.5,0,66
sciences,OP3,PGD,0.6,BIM,0.1,11.588235294117647,5.0,0,67
sciences,OP3,PGD,0.6,BIM,0.2,11.338235294117647,5.0,0,67
sciences,OP3,PGD,0.6,BIM,0.3,11.338235294117647,5.0,0,67
sciences,OP3,PGD,0.6,BIM,0.4,11.338235294117647,5.0,0,67
sciences,OP3,PGD,0.6,BIM,0.5,11.338235294117647,5.0,0,67
sciences,OP3,PGD,0.6,BIM,0.6,11.338235294117647,5.0,0,67
sciences,OP3,PGD,0.6,BIM,0.7,11.338235294117647,5.0,0,67
sciences,OP3,PGD,0.6,BIM,0.8,11.338235294117647,5.0,0,67
sciences,OP3,PGD,0.6,BIM,0.9,11.338235294117647,5.0,0,67
sciences,OP3,PGD,0.6,BIM,1.0,11.338235294117647,5.0,0,67
sciences,S7,PGD,0.6,BIM,0.1,12.095588235294118,6.0,0,60
sciences,S7,PGD,0.6,BIM,0.2,12.345588235294118,6.0,0,60
sciences,S7,PGD,0.6,BIM,0.3,12.345588235294118,6.0,0,60
sciences,S7,PGD,0.6,BIM,0.4,12.345588235294118,6.0,0,60
sciences,S7,PGD,0.6,BIM,0.5,12.345588235294118,6.0,0,60
sciences,S7,PGD,0.6,BIM,0.6,12.345588235294118,6.0,0,60
sciences,S7,PGD,0.6,BIM,0.7,12.345588235294118,6.0,0,60
sciences,S7,PGD,0.6,BIM,0.8,12.345588235294118,6.0,0,60
sciences,S7,PGD,0.6,BIM,0.9,12.345588235294118,6.0,0,60
sciences,S7,PGD,0.6,BIM,1.0,12.345588235294118,6.0,0,60
sciences,BLU,PGD,0.7,BIM,0.1,12.742647058823529,7.0,0,64
sciences,BLU,PGD,0.7,BIM,0.2,12.419117647058824,7.0,0,64
sciences,BLU,PGD,0.7,BIM,0.3,12.477941176470589,7.0,0,64
sciences,BLU,PGD,0.7,BIM,0.4,12.477941176470589,7.0,0,64
sciences,BLU,PGD,0.7,BIM,0.5,12.477941176470589,7.0,0,64
sciences,BLU,PGD,0.7,BIM,0.6,12.477941176470589,7.0,0,64
sciences,BLU,PGD,0.7,BIM,0.7,12.477941176470589,7.0,0,64
sciences,BLU,PGD,0.7,BIM,0.8,12.477941176470589,7.0,0,64
sciences,BLU,PGD,0.7,BIM,0.9,12.477941176470589,7.0,0,64
sciences,BLU,PGD,0.7,BIM,1.0,12.477941176470589,7.0,0,64
sciences,HTC,PGD,0.7,BIM,0.1,10.147058823529411,5.0,0,66
sciences,HTC,PGD,0.7,BIM,0.2,10.051470588235293,5.0,0,66
sciences,HTC,PGD,0.7,BIM,0.3,10.191176470588236,5.0,0,66
sciences,HTC,PGD,0.7,BIM,0.4,10.191176470588236,5.0,0,66
sciences,HTC,PGD,0.7,BIM,0.5,10.191176470588236,5.0,0,66
sciences,HTC,PGD,0.7,BIM,0.6,10.191176470588236,5.0,0,66
sciences,HTC,PGD,0.7,BIM,0.7,10.191176470588236,5.0,0,66
sciences,HTC,PGD,0.7,BIM,0.8,10.191176470588236,5.0,0,66
sciences,HTC,PGD,0.7,BIM,0.9,10.191176470588236,5.0,0,66
sciences,HTC,PGD,0.7,BIM,1.0,10.191176470588236,5.0,0,66
sciences,LG,PGD,0.7,BIM,0.1,10.830882352941176,5.0,0,65
sciences,LG,PGD,0.7,BIM,0.2,10.485294117647058,5.0,0,65
sciences,LG,PGD,0.7,BIM,0.3,10.485294117647058,5.0,0,65
sciences,LG,PGD,0.7,BIM,0.4,10.485294117647058,5.0,0,65
sciences,LG,PGD,0.7,BIM,0.5,10.485294117647058,5.0,0,65
sciences,LG,PGD,0.7,BIM,0.6,10.485294117647058,5.0,0,65
sciences,LG,PGD,0.7,BIM,0.7,10.485294117647058,5.0,0,65
sciences,LG,PGD,0.7,BIM,0.8,10.485294117647058,5.0,0,65
sciences,LG,PGD,0.7,BIM,0.9,10.485294117647058,5.0,0,65
sciences,LG,PGD,0.7,BIM,1.0,10.485294117647058,5.0,0,65
sciences,MOTO,PGD,0.7,BIM,0.1,10.382352941176471,5.0,0,61
sciences,MOTO,PGD,0.7,BIM,0.2,10.375,5.0,0,61
sciences,MOTO,PGD,0.7,BIM,0.3,10.411764705882353,5.0,0,61
sciences,MOTO,PGD,0.7,BIM,0.4,10.411764705882353,5.0,0,61
sciences,MOTO,PGD,0.7,BIM,0.5,10.411764705882353,5.0,0,61
sciences,MOTO,PGD,0.7,BIM,0.6,10.411764705882353,5.0,0,61
sciences,MOTO,PGD,0.7,BIM,0.7,10.411764705882353,5.0,0,61
sciences,MOTO,PGD,0.7,BIM,0.8,10.411764705882353,5.0,0,61
sciences,MOTO,PGD,0.7,BIM,0.9,10.411764705882353,5.0,0,61
sciences,MOTO,PGD,0.7,BIM,1.0,10.411764705882353,5.0,0,61
sciences,OP3,PGD,0.7,BIM,0.1,10.0,6.0,0,60
sciences,OP3,PGD,0.7,BIM,0.2,9.757352941176471,6.0,0,60
sciences,OP3,PGD,0.7,BIM,0.3,9.713235294117647,6.0,0,60
sciences,OP3,PGD,0.7,BIM,0.4,9.713235294117647,6.0,0,60
sciences,OP3,PGD,0.7,BIM,0.5,9.713235294117647,6.0,0,60
sciences,OP3,PGD,0.7,BIM,0.6,9.713235294117647,6.0,0,60
sciences,OP3,PGD,0.7,BIM,0.7,9.713235294117647,6.0,0,60
sciences,OP3,PGD,0.7,BIM,0.8,9.713235294117647,6.0,0,60
sciences,OP3,PGD,0.7,BIM,0.9,9.713235294117647,6.0,0,60
sciences,OP3,PGD,0.7,BIM,1.0,9.713235294117647,6.0,0,60
sciences,S7,PGD,0.7,BIM,0.1,8.316176470588236,6.0,0,63
sciences,S7,PGD,0.7,BIM,0.2,8.602941176470589,6.0,0,63
sciences,S7,PGD,0.7,BIM,0.3,8.345588235294118,6.0,0,63
sciences,S7,PGD,0.7,BIM,0.4,8.316176470588236,6.0,0,63
sciences,S7,PGD,0.7,BIM,0.5,8.316176470588236,6.0,0,63
sciences,S7,PGD,0.7,BIM,0.6,8.316176470588236,6.0,0,63
sciences,S7,PGD,0.7,BIM,0.7,8.316176470588236,6.0,0,63
sciences,S7,PGD,0.7,BIM,0.8,8.316176470588236,6.0,0,63
sciences,S7,PGD,0.7,BIM,0.9,8.316176470588236,6.0,0,63
sciences,S7,PGD,0.7,BIM,1.0,8.316176470588236,6.0,0,63
sciences,BLU,PGD,0.8,BIM,0.1,12.801470588235293,7.0,0,65
sciences,BLU,PGD,0.8,BIM,0.2,12.757352941176471,7.0,0,65
sciences,BLU,PGD,0.8,BIM,0.3,12.757352941176471,7.0,0,65
sciences,BLU,PGD,0.8,BIM,0.4,12.757352941176471,7.0,0,65
sciences,BLU,PGD,0.8,BIM,0.5,12.757352941176471,7.0,0,65
sciences,BLU,PGD,0.8,BIM,0.6,12.757352941176471,7.0,0,65
sciences,BLU,PGD,0.8,BIM,0.7,12.757352941176471,7.0,0,65
sciences,BLU,PGD,0.8,BIM,0.8,12.757352941176471,7.0,0,65
sciences,BLU,PGD,0.8,BIM,0.9,12.757352941176471,7.0,0,65
sciences,BLU,PGD,0.8,BIM,1.0,12.757352941176471,7.0,0,65
sciences,HTC,PGD,0.8,BIM,0.1,10.375,4.0,0,64
sciences,HTC,PGD,0.8,BIM,0.2,10.330882352941176,4.0,0,64
sciences,HTC,PGD,0.8,BIM,0.3,10.330882352941176,4.0,0,64
sciences,HTC,PGD,0.8,BIM,0.4,10.330882352941176,4.0,0,64
sciences,HTC,PGD,0.8,BIM,0.5,10.330882352941176,4.0,0,64
sciences,HTC,PGD,0.8,BIM,0.6,10.330882352941176,4.0,0,64
sciences,HTC,PGD,0.8,BIM,0.7,10.330882352941176,4.0,0,64
sciences,HTC,PGD,0.8,BIM,0.8,10.330882352941176,4.0,0,64
sciences,HTC,PGD,0.8,BIM,0.9,10.330882352941176,4.0,0,64
sciences,HTC,PGD,0.8,BIM,1.0,10.330882352941176,4.0,0,64
sciences,LG,PGD,0.8,BIM,0.1,9.889705882352942,5.0,0,65
sciences,LG,PGD,0.8,BIM,0.2,10.0,5.0,0,65
sciences,LG,PGD,0.8,BIM,0.3,10.220588235294118,5.0,0,65
sciences,LG,PGD,0.8,BIM,0.4,10.220588235294118,5.0,0,65
sciences,LG,PGD,0.8,BIM,0.5,10.220588235294118,5.0,0,65
sciences,LG,PGD,0.8,BIM,0.6,10.220588235294118,5.0,0,65
sciences,LG,PGD,0.8,BIM,0.7,10.220588235294118,5.0,0,65
sciences,LG,PGD,0.8,BIM,0.8,10.220588235294118,5.0,0,65
sciences,LG,PGD,0.8,BIM,0.9,10.220588235294118,5.0,0,65
sciences,LG,PGD,0.8,BIM,1.0,10.220588235294118,5.0,0,65
sciences,MOTO,PGD,0.8,BIM,0.1,11.257352941176471,6.0,0,62
sciences,MOTO,PGD,0.8,BIM,0.2,11.014705882352942,6.0,0,62
sciences,MOTO,PGD,0.8,BIM,0.3,11.029411764705882,6.0,0,62
sciences,MOTO,PGD,0.8,BIM,0.4,11.029411764705882,6.0,0,62
sciences,MOTO,PGD,0.8,BIM,0.5,11.029411764705882,6.0,0,62
sciences,MOTO,PGD,0.8,BIM,0.6,11.029411764705882,6.0,0,62
sciences,MOTO,PGD,0.8,BIM,0.7,11.029411764705882,6.0,0,62
sciences,MOTO,PGD,0.8,BIM,0.8,11.029411764705882,6.0,0,62
sciences,MOTO,PGD,0.8,BIM,0.9,11.029411764705882,6.0,0,62
sciences,MOTO,PGD,0.8,BIM,1.0,11.029411764705882,6.0,0,62
sciences,OP3,PGD,0.8,BIM,0.1,8.911764705882353,5.0,0,60
sciences,OP3,PGD,0.8,BIM,0.2,9.058823529411764,5.0,0,60
sciences,OP3,PGD,0.8,BIM,0.3,9.029411764705882,5.0,0,60
sciences,OP3,PGD,0.8,BIM,0.4,9.029411764705882,5.0,0,60
sciences,OP3,PGD,0.8,BIM,0.5,9.029411764705882,5.0,0,60
sciences,OP3,PGD,0.8,BIM,0.6,9.029411764705882,5.0,0,60
sciences,OP3,PGD,0.8,BIM,0.7,9.029411764705882,5.0,0,60
sciences,OP3,PGD,0.8,BIM,0.8,9.029411764705882,5.0,0,60
sciences,OP3,PGD,0.8,BIM,0.9,9.029411764705882,5.0,0,60
sciences,OP3,PGD,0.8,BIM,1.0,9.029411764705882,5.0,0,60
sciences,S7,PGD,0.8,BIM,0.1,9.345588235294118,6.0,0,63
sciences,S7,PGD,0.8,BIM,0.2,9.345588235294118,6.0,0,63
sciences,S7,PGD,0.8,BIM,0.3,9.345588235294118,6.0,0,63
sciences,S7,PGD,0.8,BIM,0.4,9.345588235294118,6.0,0,63
sciences,S7,PGD,0.8,BIM,0.5,9.345588235294118,6.0,0,63
sciences,S7,PGD,0.8,BIM,0.6,9.345588235294118,6.0,0,63
sciences,S7,PGD,0.8,BIM,0.7,9.345588235294118,6.0,0,63
sciences,S7,PGD,0.8,BIM,0.8,9.345588235294118,6.0,0,63
sciences,S7,PGD,0.8,BIM,0.9,9.345588235294118,6.0,0,63
sciences,S7,PGD,0.8,BIM,1.0,9.345588235294118,6.0,0,63
sciences,BLU,PGD,0.9,BIM,0.1,16.0,9.0,0,60
sciences,BLU,PGD,0.9,BIM,0.2,15.977941176470589,9.0,0,60
sciences,BLU,PGD,0.9,BIM,0.3,15.977941176470589,9.0,0,60
sciences,BLU,PGD,0.9,BIM,0.4,15.977941176470589,9.0,0,60
sciences,BLU,PGD,0.9,BIM,0.5,15.977941176470589,9.0,0,60
sciences,BLU,PGD,0.9,BIM,0.6,15.977941176470589,9.0,0,60
sciences,BLU,PGD,0.9,BIM,0.7,15.977941176470589,9.0,0,60
sciences,BLU,PGD,0.9,BIM,0.8,15.977941176470589,9.0,0,60
sciences,BLU,PGD,0.9,BIM,0.9,15.977941176470589,9.0,0,60
sciences,BLU,PGD,0.9,BIM,1.0,15.977941176470589,9.0,0,60
sciences,HTC,PGD,0.9,BIM,0.1,8.867647058823529,4.5,0,62
sciences,HTC,PGD,0.9,BIM,0.2,8.852941176470589,4.5,0,62
sciences,HTC,PGD,0.9,BIM,0.3,8.852941176470589,4.5,0,62
sciences,HTC,PGD,0.9,BIM,0.4,8.852941176470589,4.5,0,62
sciences,HTC,PGD,0.9,BIM,0.5,8.852941176470589,4.5,0,62
sciences,HTC,PGD,0.9,BIM,0.6,8.852941176470589,4.5,0,62
sciences,HTC,PGD,0.9,BIM,0.7,8.852941176470589,4.5,0,62
sciences,HTC,PGD,0.9,BIM,0.8,8.852941176470589,4.5,0,62
sciences,HTC,PGD,0.9,BIM,0.9,8.852941176470589,4.5,0,62
sciences,HTC,PGD,0.9,BIM,1.0,8.852941176470589,4.5,0,62
sciences,LG,PGD,0.9,BIM,0.1,10.308823529411764,5.0,0,63
sciences,LG,PGD,0.9,BIM,0.2,10.735294117647058,5.0,0,63
sciences,LG,PGD,0.9,BIM,0.3,10.735294117647058,5.0,0,63
sciences,LG,PGD,0.9,BIM,0.4,10.735294117647058,5.0,0,63
sciences,LG,PGD,0.9,BIM,0.5,10.735294117647058,5.0,0,63
sciences,LG,PGD,0.9,BIM,0.6,10.735294117647058,5.0,0,63
sciences,LG,PGD,0.9,BIM,0.7,10.735294117647058,5.0,0,63
sciences,LG,PGD,0.9,BIM,0.8,10.735294117647058,5.0,0,63
sciences,LG,PGD,0.9,BIM,0.9,10.735294117647058,5.0,0,63
sciences,LG,PGD,0.9,BIM,1.0,10.735294117647058,5.0,0,63
sciences,MOTO,PGD,0.9,BIM,0.1,13.941176470588236,6.5,0,63
sciences,MOTO,PGD,0.9,BIM,0.2,14.272058823529411,7.0,0,63
sciences,MOTO,PGD,0.9,BIM,0.3,14.257352941176471,7.0,0,63
sciences,MOTO,PGD,0.9,BIM,0.4,14.257352941176471,7.0,0,63
sciences,MOTO,PGD,0.9,BIM,0.5,14.257352941176471,7.0,0,63
sciences,MOTO,PGD,0.9,BIM,0.6,14.257352941176471,7.0,0,63
sciences,MOTO,PGD,0.9,BIM,0.7,14.257352941176471,7.0,0,63
sciences,MOTO,PGD,0.9,BIM,0.8,14.257352941176471,7.0,0,63
sciences,MOTO,PGD,0.9,BIM,0.9,14.257352941176471,7.0,0,63
sciences,MOTO,PGD,0.9,BIM,1.0,14.257352941176471,7.0,0,63
sciences,OP3,PGD,0.9,BIM,0.1,13.485294117647058,6.0,0,66
sciences,OP3,PGD,0.9,BIM,0.2,13.470588235294118,6.0,0,66
sciences,OP3,PGD,0.9,BIM,0.3,13.764705882352942,6.0,0,66
sciences,OP3,PGD,0.9,BIM,0.4,13.764705882352942,6.0,0,66
sciences,OP3,PGD,0.9,BIM,0.5,13.764705882352942,6.0,0,66
sciences,OP3,PGD,0.9,BIM,0.6,13.764705882352942,6.0,0,66
sciences,OP3,PGD,0.9,BIM,0.7,13.764705882352942,6.0,0,66
sciences,OP3,PGD,0.9,BIM,0.8,13.764705882352942,6.0,0,66
sciences,OP3,PGD,0.9,BIM,0.9,13.764705882352942,6.0,0,66
sciences,OP3,PGD,0.9,BIM,1.0,13.764705882352942,6.0,0,66
sciences,S7,PGD,0.9,BIM,0.1,9.904411764705882,5.0,0,64
sciences,S7,PGD,0.9,BIM,0.2,10.213235294117647,5.0,0,64
sciences,S7,PGD,0.9,BIM,0.3,10.213235294117647,5.0,0,64
sciences,S7,PGD,0.9,BIM,0.4,10.213235294117647,5.0,0,64
sciences,S7,PGD,0.9,BIM,0.5,10.213235294117647,5.0,0,64
sciences,S7,PGD,0.9,BIM,0.6,10.213235294117647,5.0,0,64
sciences,S7,PGD,0.9,BIM,0.7,10.213235294117647,5.0,0,64
sciences,S7,PGD,0.9,BIM,0.8,10.213235294117647,5.0,0,64
sciences,S7,PGD,0.9,BIM,0.9,10.213235294117647,5.0,0,64
sciences,S7,PGD,0.9,BIM,1.0,10.213235294117647,5.0,0,64
sciences,BLU,PGD,1.0,BIM,0.1,19.470588235294116,12.0,0,66
sciences,BLU,PGD,1.0,BIM,0.2,19.25735294117647,12.0,0,66
sciences,BLU,PGD,1.0,BIM,0.3,19.272058823529413,12.0,0,66
sciences,BLU,PGD,1.0,BIM,0.4,19.272058823529413,12.0,0,66
sciences,BLU,PGD,1.0,BIM,0.5,19.272058823529413,12.0,0,66
sciences,BLU,PGD,1.0,BIM,0.6,19.272058823529413,12.0,0,66
sciences,BLU,PGD,1.0,BIM,0.7,19.272058823529413,12.0,0,66
sciences,BLU,PGD,1.0,BIM,0.8,19.272058823529413,12.0,0,66
sciences,BLU,PGD,1.0,BIM,0.9,19.272058823529413,12.0,0,66
sciences,BLU,PGD,1.0,BIM,1.0,19.272058823529413,12.0,0,66
sciences,HTC,PGD,1.0,BIM,0.1,11.441176470588236,5.0,0,63
sciences,HTC,PGD,1.0,BIM,0.2,11.977941176470589,5.0,0,63
sciences,HTC,PGD,1.0,BIM,0.3,12.477941176470589,5.0,0,63
sciences,HTC,PGD,1.0,BIM,0.4,12.477941176470589,5.0,0,63
sciences,HTC,PGD,1.0,BIM,0.5,12.477941176470589,5.0,0,63
sciences,HTC,PGD,1.0,BIM,0.6,12.477941176470589,5.0,0,63
sciences,HTC,PGD,1.0,BIM,0.7,12.477941176470589,5.0,0,63
sciences,HTC,PGD,1.0,BIM,0.8,12.477941176470589,5.0,0,63
sciences,HTC,PGD,1.0,BIM,0.9,12.477941176470589,5.0,0,63
sciences,HTC,PGD,1.0,BIM,1.0,12.477941176470589,5.0,0,63
sciences,LG,PGD,1.0,BIM,0.1,13.007352941176471,6.0,0,67
sciences,LG,PGD,1.0,BIM,0.2,13.404411764705882,6.0,0,67
sciences,LG,PGD,1.0,BIM,0.3,13.404411764705882,6.0,0,67
sciences,LG,PGD,1.0,BIM,0.4,13.404411764705882,6.0,0,67
sciences,LG,PGD,1.0,BIM,0.5,13.404411764705882,6.0,0,67
sciences,LG,PGD,1.0,BIM,0.6,13.404411764705882,6.0,0,67
sciences,LG,PGD,1.0,BIM,0.7,13.404411764705882,6.0,0,67
sciences,LG,PGD,1.0,BIM,0.8,13.404411764705882,6.0,0,67
sciences,LG,PGD,1.0,BIM,0.9,13.404411764705882,6.0,0,67
sciences,LG,PGD,1.0,BIM,1.0,13.404411764705882,6.0,0,67
sciences,MOTO,PGD,1.0,BIM,0.1,14.801470588235293,5.0,0,67
sciences,MOTO,PGD,1.0,BIM,0.2,14.904411764705882,5.0,0,67
sciences,MOTO,PGD,1.0,BIM,0.3,14.845588235294118,5.0,0,67
sciences,MOTO,PGD,1.0,BIM,0.4,14.580882352941176,5.0,0,67
sciences,MOTO,PGD,1.0,BIM,0.5,14.580882352941176,5.0,0,67
sciences,MOTO,PGD,1.0,BIM,0.6,14.580882352941176,5.0,0,67
sciences,MOTO,PGD,1.0,BIM,0.7,14.580882352941176,5.0,0,67
sciences,MOTO,PGD,1.0,BIM,0.8,14.580882352941176,5.0,0,67
sciences,MOTO,PGD,1.0,BIM,0.9,14.580882352941176,5.0,0,67
sciences,MOTO,PGD,1.0,BIM,1.0,14.580882352941176,5.0,0,67
sciences,OP3,PGD,1.0,BIM,0.1,12.257352941176471,6.0,0,66
sciences,OP3,PGD,1.0,BIM,0.2,12.169117647058824,5.5,0,66
sciences,OP3,PGD,1.0,BIM,0.3,12.213235294117647,5.5,0,66
sciences,OP3,PGD,1.0,BIM,0.4,12.213235294117647,5.5,0,66
sciences,OP3,PGD,1.0,BIM,0.5,12.213235294117647,5.5,0,66
sciences,OP3,PGD,1.0,BIM,0.6,12.213235294117647,5.5,0,66
sciences,OP3,PGD,1.0,BIM,0.7,12.213235294117647,5.5,0,66
sciences,OP3,PGD,1.0,BIM,0.8,12.213235294117647,5.5,0,66
sciences,OP3,PGD,1.0,BIM,0.9,12.213235294117647,5.5,0,66
sciences,OP3,PGD,1.0,BIM,1.0,12.213235294117647,5.5,0,66
sciences,S7,PGD,1.0,BIM,0.1,13.110294117647058,6.0,0,60
sciences,S7,PGD,1.0,BIM,0.2,13.316176470588236,6.0,0,60
sciences,S7,PGD,1.0,BIM,0.3,13.338235294117647,6.5,0,60
sciences,S7,PGD,1.0,BIM,0.4,13.323529411764707,6.0,0,60
sciences,S7,PGD,1.0,BIM,0.5,13.323529411764707,6.0,0,60
sciences,S7,PGD,1.0,BIM,0.6,13.323529411764707,6.0,0,60
sciences,S7,PGD,1.0,BIM,0.7,13.323529411764707,6.0,0,60
sciences,S7,PGD,1.0,BIM,0.8,13.323529411764707,6.0,0,60
sciences,S7,PGD,1.0,BIM,0.9,13.323529411764707,6.0,0,60
sciences,S7,PGD,1.0,BIM,1.0,13.323529411764707,6.0,0,60
sciences,BLU,MIM,0.1,BIM,0.1,11.941176470588236,7.0,0,66
sciences,BLU,MIM,0.1,BIM,0.2,12.426470588235293,7.0,0,66
sciences,BLU,MIM,0.1,BIM,0.3,12.448529411764707,7.0,0,66
sciences,BLU,MIM,0.1,BIM,0.4,12.448529411764707,7.0,0,66
sciences,BLU,MIM,0.1,BIM,0.5,12.448529411764707,7.0,0,66
sciences,BLU,MIM,0.1,BIM,0.6,12.448529411764707,7.0,0,66
sciences,BLU,MIM,0.1,BIM,0.7,12.448529411764707,7.0,0,66
sciences,BLU,MIM,0.1,BIM,0.8,12.448529411764707,7.0,0,66
sciences,BLU,MIM,0.1,BIM,0.9,12.448529411764707,7.0,0,66
sciences,BLU,MIM,0.1,BIM,1.0,12.448529411764707,7.0,0,66
sciences,HTC,MIM,0.1,BIM,0.1,13.338235294117647,6.0,0,67
sciences,HTC,MIM,0.1,BIM,0.2,13.580882352941176,6.0,0,67
sciences,HTC,MIM,0.1,BIM,0.3,13.617647058823529,6.0,0,67
sciences,HTC,MIM,0.1,BIM,0.4,13.580882352941176,6.0,0,67
sciences,HTC,MIM,0.1,BIM,0.5,13.580882352941176,6.0,0,67
sciences,HTC,MIM,0.1,BIM,0.6,13.580882352941176,6.0,0,67
sciences,HTC,MIM,0.1,BIM,0.7,13.580882352941176,6.0,0,67
sciences,HTC,MIM,0.1,BIM,0.8,13.580882352941176,6.0,0,67
sciences,HTC,MIM,0.1,BIM,0.9,13.580882352941176,6.0,0,67
sciences,HTC,MIM,0.1,BIM,1.0,13.580882352941176,6.0,0,67
sciences,LG,MIM,0.1,BIM,0.1,9.375,5.0,0,66
sciences,LG,MIM,0.1,BIM,0.2,9.323529411764707,5.0,0,66
sciences,LG,MIM,0.1,BIM,0.3,9.264705882352942,5.0,0,66
sciences,LG,MIM,0.1,BIM,0.4,9.301470588235293,5.0,0,66
sciences,LG,MIM,0.1,BIM,0.5,9.301470588235293,5.0,0,66
sciences,LG,MIM,0.1,BIM,0.6,9.301470588235293,5.0,0,66
sciences,LG,MIM,0.1,BIM,0.7,9.301470588235293,5.0,0,66
sciences,LG,MIM,0.1,BIM,0.8,9.301470588235293,5.0,0,66
sciences,LG,MIM,0.1,BIM,0.9,9.301470588235293,5.0,0,66
sciences,LG,MIM,0.1,BIM,1.0,9.301470588235293,5.0,0,66
sciences,MOTO,MIM,0.1,BIM,0.1,10.727941176470589,6.0,0,67
sciences,MOTO,MIM,0.1,BIM,0.2,10.705882352941176,6.0,0,67
sciences,MOTO,MIM,0.1,BIM,0.3,10.764705882352942,6.0,0,67
sciences,MOTO,MIM,0.1,BIM,0.4,10.764705882352942,6.0,0,67
sciences,MOTO,MIM,0.1,BIM,0.5,10.764705882352942,6.0,0,67
sciences,MOTO,MIM,0.1,BIM,0.6,10.764705882352942,6.0,0,67
sciences,MOTO,MIM,0.1,BIM,0.7,10.764705882352942,6.0,0,67
sciences,MOTO,MIM,0.1,BIM,0.8,10.764705882352942,6.0,0,67
sciences,MOTO,MIM,0.1,BIM,0.9,10.764705882352942,6.0,0,67
sciences,MOTO,MIM,0.1,BIM,1.0,10.764705882352942,6.0,0,67
sciences,OP3,MIM,0.1,BIM,0.1,13.529411764705882,6.0,0,62
sciences,OP3,MIM,0.1,BIM,0.2,13.794117647058824,6.0,0,62
sciences,OP3,MIM,0.1,BIM,0.3,14.102941176470589,6.0,0,62
sciences,OP3,MIM,0.1,BIM,0.4,13.948529411764707,6.0,0,62
sciences,OP3,MIM,0.1,BIM,0.5,13.948529411764707,6.0,0,62
sciences,OP3,MIM,0.1,BIM,0.6,13.948529411764707,6.0,0,62
sciences,OP3,MIM,0.1,BIM,0.7,13.948529411764707,6.0,0,62
sciences,OP3,MIM,0.1,BIM,0.8,13.948529411764707,6.0,0,62
sciences,OP3,MIM,0.1,BIM,0.9,13.948529411764707,6.0,0,62
sciences,OP3,MIM,0.1,BIM,1.0,13.948529411764707,6.0,0,62
sciences,S7,MIM,0.1,BIM,0.1,10.838235294117647,6.0,0,63
sciences,S7,MIM,0.1,BIM,0.2,10.911764705882353,6.0,0,63
sciences,S7,MIM,0.1,BIM,0.3,10.801470588235293,6.0,0,63
sciences,S7,MIM,0.1,BIM,0.4,10.801470588235293,6.0,0,63
sciences,S7,MIM,0.1,BIM,0.5,10.801470588235293,6.0,0,63
sciences,S7,MIM,0.1,BIM,0.6,10.801470588235293,6.0,0,63
sciences,S7,MIM,0.1,BIM,0.7,10.801470588235293,6.0,0,63
sciences,S7,MIM,0.1,BIM,0.8,10.801470588235293,6.0,0,63
sciences,S7,MIM,0.1,BIM,0.9,10.801470588235293,6.0,0,63
sciences,S7,MIM,0.1,BIM,1.0,10.801470588235293,6.0,0,63
sciences,BLU,MIM,0.2,BIM,0.1,12.433823529411764,7.0,0,66
sciences,BLU,MIM,0.2,BIM,0.2,12.455882352941176,7.0,0,66
sciences,BLU,MIM,0.2,BIM,0.3,12.404411764705882,7.0,0,66
sciences,BLU,MIM,0.2,BIM,0.4,12.404411764705882,7.0,0,66
sciences,BLU,MIM,0.2,BIM,0.5,12.404411764705882,7.0,0,66
sciences,BLU,MIM,0.2,BIM,0.6,12.404411764705882,7.0,0,66
sciences,BLU,MIM,0.2,BIM,0.7,12.404411764705882,7.0,0,66
sciences,BLU,MIM,0.2,BIM,0.8,12.404411764705882,7.0,0,66
sciences,BLU,MIM,0.2,BIM,0.9,12.404411764705882,7.0,0,66
sciences,BLU,MIM,0.2,BIM,1.0,12.404411764705882,7.0,0,66
sciences,HTC,MIM,0.2,BIM,0.1,12.683823529411764,8.0,0,62
sciences,HTC,MIM,0.2,BIM,0.2,13.051470588235293,8.0,0,62
sciences,HTC,MIM,0.2,BIM,0.3,13.014705882352942,8.0,0,62
sciences,HTC,MIM,0.2,BIM,0.4,13.014705882352942,8.0,0,62
sciences,HTC,MIM,0.2,BIM,0.5,13.014705882352942,8.0,0,62
sciences,HTC,MIM,0.2,BIM,0.6,13.014705882352942,8.0,0,62
sciences,HTC,MIM,0.2,BIM,0.7,13.014705882352942,8.0,0,62
sciences,HTC,MIM,0.2,BIM,0.8,13.014705882352942,8.0,0,62
sciences,HTC,MIM,0.2,BIM,0.9,13.014705882352942,8.0,0,62
sciences,HTC,MIM,0.2,BIM,1.0,13.014705882352942,8.0,0,62
sciences,LG,MIM,0.2,BIM,0.1,8.022058823529411,6.0,0,54
sciences,LG,MIM,0.2,BIM,0.2,7.897058823529412,6.0,0,48
sciences,LG,MIM,0.2,BIM,0.3,7.926470588235294,6.0,0,48
sciences,LG,MIM,0.2,BIM,0.4,7.926470588235294,6.0,0,48
sciences,LG,MIM,0.2,BIM,0.5,7.926470588235294,6.0,0,48
sciences,LG,MIM,0.2,BIM,0.6,7.926470588235294,6.0,0,48
sciences,LG,MIM,0.2,BIM,0.7,7.926470588235294,6.0,0,48
sciences,LG,MIM,0.2,BIM,0.8,7.926470588235294,6.0,0,48
sciences,LG,MIM,0.2,BIM,0.9,7.926470588235294,6.0,0,48
sciences,LG,MIM,0.2,BIM,1.0,7.926470588235294,6.0,0,48
sciences,MOTO,MIM,0.2,BIM,0.1,9.426470588235293,5.0,0,63
sciences,MOTO,MIM,0.2,BIM,0.2,9.573529411764707,5.0,0,63
sciences,MOTO,MIM,0.2,BIM,0.3,9.602941176470589,5.0,0,63
sciences,MOTO,MIM,0.2,BIM,0.4,9.566176470588236,5.0,0,63
sciences,MOTO,MIM,0.2,BIM,0.5,9.566176470588236,5.0,0,63
sciences,MOTO,MIM,0.2,BIM,0.6,9.566176470588236,5.0,0,63
sciences,MOTO,MIM,0.2,BIM,0.7,9.566176470588236,5.0,0,63
sciences,MOTO,MIM,0.2,BIM,0.8,9.566176470588236,5.0,0,63
sciences,MOTO,MIM,0.2,BIM,0.9,9.566176470588236,5.0,0,63
sciences,MOTO,MIM,0.2,BIM,1.0,9.566176470588236,5.0,0,63
sciences,OP3,MIM,0.2,BIM,0.1,10.683823529411764,6.0,0,65
sciences,OP3,MIM,0.2,BIM,0.2,10.742647058823529,6.0,0,65
sciences,OP3,MIM,0.2,BIM,0.3,10.845588235294118,6.0,0,65
sciences,OP3,MIM,0.2,BIM,0.4,10.852941176470589,6.0,0,65
sciences,OP3,MIM,0.2,BIM,0.5,10.852941176470589,6.0,0,65
sciences,OP3,MIM,0.2,BIM,0.6,10.852941176470589,6.0,0,65
sciences,OP3,MIM,0.2,BIM,0.7,10.852941176470589,6.0,0,65
sciences,OP3,MIM,0.2,BIM,0.8,10.852941176470589,6.0,0,65
sciences,OP3,MIM,0.2,BIM,0.9,10.852941176470589,6.0,0,65
sciences,OP3,MIM,0.2,BIM,1.0,10.852941176470589,6.0,0,65
sciences,S7,MIM,0.2,BIM,0.1,8.875,6.0,0,63
sciences,S7,MIM,0.2,BIM,0.2,9.066176470588236,6.0,0,63
sciences,S7,MIM,0.2,BIM,0.3,8.911764705882353,6.0,0,63
sciences,S7,MIM,0.2,BIM,0.4,8.933823529411764,6.0,0,63
sciences,S7,MIM,0.2,BIM,0.5,8.933823529411764,6.0,0,63
sciences,S7,MIM,0.2,BIM,0.6,8.933823529411764,6.0,0,63
sciences,S7,MIM,0.2,BIM,0.7,8.933823529411764,6.0,0,63
sciences,S7,MIM,0.2,BIM,0.8,8.933823529411764,6.0,0,63
sciences,S7,MIM,0.2,BIM,0.9,8.933823529411764,6.0,0,63
sciences,S7,MIM,0.2,BIM,1.0,8.933823529411764,6.0,0,63
sciences,BLU,MIM,0.3,BIM,0.1,14.007352941176471,8.0,0,64
sciences,BLU,MIM,0.3,BIM,0.2,14.073529411764707,8.0,0,64
sciences,BLU,MIM,0.3,BIM,0.3,14.073529411764707,8.0,0,64
sciences,BLU,MIM,0.3,BIM,0.4,14.073529411764707,8.0,0,64
sciences,BLU,MIM,0.3,BIM,0.5,14.073529411764707,8.0,0,64
sciences,BLU,MIM,0.3,BIM,0.6,14.073529411764707,8.0,0,64
sciences,BLU,MIM,0.3,BIM,0.7,14.073529411764707,8.0,0,64
sciences,BLU,MIM,0.3,BIM,0.8,14.073529411764707,8.0,0,64
sciences,BLU,MIM,0.3,BIM,0.9,14.073529411764707,8.0,0,64
sciences,BLU,MIM,0.3,BIM,1.0,14.073529411764707,8.0,0,64
sciences,HTC,MIM,0.3,BIM,0.1,11.404411764705882,5.0,0,63
sciences,HTC,MIM,0.3,BIM,0.2,11.669117647058824,6.0,0,63
sciences,HTC,MIM,0.3,BIM,0.3,11.727941176470589,6.0,0,63
sciences,HTC,MIM,0.3,BIM,0.4,11.727941176470589,6.0,0,63
sciences,HTC,MIM,0.3,BIM,0.5,11.727941176470589,6.0,0,63
sciences,HTC,MIM,0.3,BIM,0.6,11.727941176470589,6.0,0,63
sciences,HTC,MIM,0.3,BIM,0.7,11.727941176470589,6.0,0,63
sciences,HTC,MIM,0.3,BIM,0.8,11.727941176470589,6.0,0,63
sciences,HTC,MIM,0.3,BIM,0.9,11.727941176470589,6.0,0,63
sciences,HTC,MIM,0.3,BIM,1.0,11.727941176470589,6.0,0,63
sciences,LG,MIM,0.3,BIM,0.1,7.669117647058823,4.0,0,61
sciences,LG,MIM,0.3,BIM,0.2,8.602941176470589,4.0,0,61
sciences,LG,MIM,0.3,BIM,0.3,8.404411764705882,4.0,0,61
sciences,LG,MIM,0.3,BIM,0.4,8.404411764705882,4.0,0,61
sciences,LG,MIM,0.3,BIM,0.5,8.404411764705882,4.0,0,61
sciences,LG,MIM,0.3,BIM,0.6,8.404411764705882,4.0,0,61
sciences,LG,MIM,0.3,BIM,0.7,8.404411764705882,4.0,0,61
sciences,LG,MIM,0.3,BIM,0.8,8.404411764705882,4.0,0,61
sciences,LG,MIM,0.3,BIM,0.9,8.404411764705882,4.0,0,61
sciences,LG,MIM,0.3,BIM,1.0,8.404411764705882,4.0,0,61
sciences,MOTO,MIM,0.3,BIM,0.1,10.948529411764707,5.5,0,64
sciences,MOTO,MIM,0.3,BIM,0.2,10.632352941176471,6.0,0,64
sciences,MOTO,MIM,0.3,BIM,0.3,10.779411764705882,6.0,0,64
sciences,MOTO,MIM,0.3,BIM,0.4,10.830882352941176,6.0,0,64
sciences,MOTO,MIM,0.3,BIM,0.5,10.830882352941176,6.0,0,64
sciences,MOTO,MIM,0.3,BIM,0.6,10.830882352941176,6.0,0,64
sciences,MOTO,MIM,0.3,BIM,0.7,10.830882352941176,6.0,0,64
sciences,MOTO,MIM,0.3,BIM,0.8,10.830882352941176,6.0,0,64
sciences,MOTO,MIM,0.3,BIM,0.9,10.830882352941176,6.0,0,64
sciences,MOTO,MIM,0.3,BIM,1.0,10.830882352941176,6.0,0,64
sciences,OP3,MIM,0.3,BIM,0.1,12.073529411764707,6.0,0,66
sciences,OP3,MIM,0.3,BIM,0.2,12.029411764705882,6.0,0,66
sciences,OP3,MIM,0.3,BIM,0.3,11.852941176470589,6.0,0,66
sciences,OP3,MIM,0.3,BIM,0.4,12.051470588235293,6.0,0,66
sciences,OP3,MIM,0.3,BIM,0.5,12.051470588235293,6.0,0,66
sciences,OP3,MIM,0.3,BIM,0.6,12.051470588235293,6.0,0,66
sciences,OP3,MIM,0.3,BIM,0.7,12.051470588235293,6.0,0,66
sciences,OP3,MIM,0.3,BIM,0.8,12.051470588235293,6.0,0,66
sciences,OP3,MIM,0.3,BIM,0.9,12.051470588235293,6.0,0,66
sciences,OP3,MIM,0.3,BIM,1.0,12.051470588235293,6.0,0,66
sciences,S7,MIM,0.3,BIM,0.1,9.308823529411764,6.0,0,60
sciences,S7,MIM,0.3,BIM,0.2,9.301470588235293,6.0,0,60
sciences,S7,MIM,0.3,BIM,0.3,9.323529411764707,6.0,0,60
sciences,S7,MIM,0.3,BIM,0.4,9.323529411764707,6.0,0,60
sciences,S7,MIM,0.3,BIM,0.5,9.323529411764707,6.0,0,60
sciences,S7,MIM,0.3,BIM,0.6,9.323529411764707,6.0,0,60
sciences,S7,MIM,0.3,BIM,0.7,9.323529411764707,6.0,0,60
sciences,S7,MIM,0.3,BIM,0.8,9.323529411764707,6.0,0,60
sciences,S7,MIM,0.3,BIM,0.9,9.323529411764707,6.0,0,60
sciences,S7,MIM,0.3,BIM,1.0,9.323529411764707,6.0,0,60
sciences,BLU,MIM,0.4,BIM,0.1,12.448529411764707,7.0,0,67
sciences,BLU,MIM,0.4,BIM,0.2,12.441176470588236,7.0,0,67
sciences,BLU,MIM,0.4,BIM,0.3,12.448529411764707,7.0,0,67
sciences,BLU,MIM,0.4,BIM,0.4,12.463235294117647,7.0,0,67
sciences,BLU,MIM,0.4,BIM,0.5,12.463235294117647,7.0,0,67
sciences,BLU,MIM,0.4,BIM,0.6,12.463235294117647,7.0,0,67
sciences,BLU,MIM,0.4,BIM,0.7,12.463235294117647,7.0,0,67
sciences,BLU,MIM,0.4,BIM,0.8,12.463235294117647,7.0,0,67
sciences,BLU,MIM,0.4,BIM,0.9,12.463235294117647,7.0,0,67
sciences,BLU,MIM,0.4,BIM,1.0,12.463235294117647,7.0,0,67
sciences,HTC,MIM,0.4,BIM,0.1,12.536764705882353,6.0,0,67
sciences,HTC,MIM,0.4,BIM,0.2,12.588235294117647,6.0,0,67
sciences,HTC,MIM,0.4,BIM,0.3,12.595588235294118,6.0,0,67
sciences,HTC,MIM,0.4,BIM,0.4,12.595588235294118,6.0,0,67
sciences,HTC,MIM,0.4,BIM,0.5,12.595588235294118,6.0,0,67
sciences,HTC,MIM,0.4,BIM,0.6,12.595588235294118,6.0,0,67
sciences,HTC,MIM,0.4,BIM,0.7,12.595588235294118,6.0,0,67
sciences,HTC,MIM,0.4,BIM,0.8,12.595588235294118,6.0,0,67
sciences,HTC,MIM,0.4,BIM,0.9,12.595588235294118,6.0,0,67
sciences,HTC,MIM,0.4,BIM,1.0,12.595588235294118,6.0,0,67
sciences,LG,MIM,0.4,BIM,0.1,12.529411764705882,6.0,0,67
sciences,LG,MIM,0.4,BIM,0.2,12.639705882352942,6.0,0,67
sciences,LG,MIM,0.4,BIM,0.3,12.617647058823529,6.0,0,67
sciences,LG,MIM,0.4,BIM,0.4,12.639705882352942,6.0,0,67
sciences,LG,MIM,0.4,BIM,0.5,12.639705882352942,6.0,0,67
sciences,LG,MIM,0.4,BIM,0.6,12.639705882352942,6.0,0,67
sciences,LG,MIM,0.4,BIM,0.7,12.639705882352942,6.0,0,67
sciences,LG,MIM,0.4,BIM,0.8,12.639705882352942,6.0,0,67
sciences,LG,MIM,0.4,BIM,0.9,12.639705882352942,6.0,0,67
sciences,LG,MIM,0.4,BIM,1.0,12.639705882352942,6.0,0,67
sciences,MOTO,MIM,0.4,BIM,0.1,9.926470588235293,5.0,0,65
sciences,MOTO,MIM,0.4,BIM,0.2,9.919117647058824,5.0,0,65
sciences,MOTO,MIM,0.4,BIM,0.3,9.911764705882353,5.0,0,65
sciences,MOTO,MIM,0.4,BIM,0.4,9.911764705882353,5.0,0,65
sciences,MOTO,MIM,0.4,BIM,0.5,9.911764705882353,5.0,0,65
sciences,MOTO,MIM,0.4,BIM,0.6,9.911764705882353,5.0,0,65
sciences,MOTO,MIM,0.4,BIM,0.7,9.911764705882353,5.0,0,65
sciences,MOTO,MIM,0.4,BIM,0.8,9.911764705882353,5.0,0,65
sciences,MOTO,MIM,0.4,BIM,0.9,9.911764705882353,5.0,0,65
sciences,MOTO,MIM,0.4,BIM,1.0,9.911764705882353,5.0,0,65
sciences,OP3,MIM,0.4,BIM,0.1,11.036764705882353,7.0,0,67
sciences,OP3,MIM,0.4,BIM,0.2,11.044117647058824,7.0,0,67
sciences,OP3,MIM,0.4,BIM,0.3,11.051470588235293,7.0,0,67
sciences,OP3,MIM,0.4,BIM,0.4,11.051470588235293,7.0,0,67
sciences,OP3,MIM,0.4,BIM,0.5,11.051470588235293,7.0,0,67
sciences,OP3,MIM,0.4,BIM,0.6,11.051470588235293,7.0,0,67
sciences,OP3,MIM,0.4,BIM,0.7,11.051470588235293,7.0,0,67
sciences,OP3,MIM,0.4,BIM,0.8,11.051470588235293,7.0,0,67
sciences,OP3,MIM,0.4,BIM,0.9,11.051470588235293,7.0,0,67
sciences,OP3,MIM,0.4,BIM,1.0,11.051470588235293,7.0,0,67
sciences,S7,MIM,0.4,BIM,0.1,8.455882352941176,4.5,0,66
sciences,S7,MIM,0.4,BIM,0.2,8.316176470588236,4.0,0,66
sciences,S7,MIM,0.4,BIM,0.3,8.338235294117647,4.0,0,66
sciences,S7,MIM,0.4,BIM,0.4,8.338235294117647,4.0,0,66
sciences,S7,MIM,0.4,BIM,0.5,8.338235294117647,4.0,0,66
sciences,S7,MIM,0.4,BIM,0.6,8.338235294117647,4.0,0,66
sciences,S7,MIM,0.4,BIM,0.7,8.338235294117647,4.0,0,66
sciences,S7,MIM,0.4,BIM,0.8,8.338235294117647,4.0,0,66
sciences,S7,MIM,0.4,BIM,0.9,8.338235294117647,4.0,0,66
sciences,S7,MIM,0.4,BIM,1.0,8.338235294117647,4.0,0,66
sciences,BLU,MIM,0.5,BIM,0.1,16.301470588235293,8.0,0,65
sciences,BLU,MIM,0.5,BIM,0.2,16.279411764705884,8.0,0,65
sciences,BLU,MIM,0.5,BIM,0.3,16.28676470588235,8.0,0,65
sciences,BLU,MIM,0.5,BIM,0.4,16.301470588235293,8.0,0,65
sciences,BLU,MIM,0.5,BIM,0.5,16.301470588235293,8.0,0,65
sciences,BLU,MIM,0.5,BIM,0.6,16.301470588235293,8.0,0,65
sciences,BLU,MIM,0.5,BIM,0.7,16.301470588235293,8.0,0,65
sciences,BLU,MIM,0.5,BIM,0.8,16.301470588235293,8.0,0,65
sciences,BLU,MIM,0.5,BIM,0.9,16.301470588235293,8.0,0,65
sciences,BLU,MIM,0.5,BIM,1.0,16.301470588235293,8.0,0,65
sciences,HTC,MIM,0.5,BIM,0.1,7.647058823529412,4.5,0,62
sciences,HTC,MIM,0.5,BIM,0.2,7.8161764705882355,5.0,0,62
sciences,HTC,MIM,0.5,BIM,0.3,7.647058823529412,5.0,0,62
sciences,HTC,MIM,0.5,BIM,0.4,7.698529411764706,5.0,0,62
sciences,HTC,MIM,0.5,BIM,0.5,7.698529411764706,5.0,0,62
sciences,HTC,MIM,0.5,BIM,0.6,7.698529411764706,5.0,0,62
sciences,HTC,MIM,0.5,BIM,0.7,7.698529411764706,5.0,0,62
sciences,HTC,MIM,0.5,BIM,0.8,7.698529411764706,5.0,0,62
sciences,HTC,MIM,0.5,BIM,0.9,7.698529411764706,5.0,0,62
sciences,HTC,MIM,0.5,BIM,1.0,7.698529411764706,5.0,0,62
sciences,LG,MIM,0.5,BIM,0.1,10.389705882352942,4.0,0,64
sciences,LG,MIM,0.5,BIM,0.2,9.882352941176471,4.0,0,64
sciences,LG,MIM,0.5,BIM,0.3,9.875,4.0,0,64
sciences,LG,MIM,0.5,BIM,0.4,9.875,4.0,0,64
sciences,LG,MIM,0.5,BIM,0.5,9.875,4.0,0,64
sciences,LG,MIM,0.5,BIM,0.6,9.875,4.0,0,64
sciences,LG,MIM,0.5,BIM,0.7,9.875,4.0,0,64
sciences,LG,MIM,0.5,BIM,0.8,9.875,4.0,0,64
sciences,LG,MIM,0.5,BIM,0.9,9.875,4.0,0,64
sciences,LG,MIM,0.5,BIM,1.0,9.875,4.0,0,64
sciences,MOTO,MIM,0.5,BIM,0.1,8.551470588235293,5.0,0,63
sciences,MOTO,MIM,0.5,BIM,0.2,8.367647058823529,5.0,0,63
sciences,MOTO,MIM,0.5,BIM,0.3,8.301470588235293,5.0,0,63
sciences,MOTO,MIM,0.5,BIM,0.4,8.301470588235293,5.0,0,63
sciences,MOTO,MIM,0.5,BIM,0.5,8.301470588235293,5.0,0,63
sciences,MOTO,MIM,0.5,BIM,0.6,8.301470588235293,5.0,0,63
sciences,MOTO,MIM,0.5,BIM,0.7,8.301470588235293,5.0,0,63
sciences,MOTO,MIM,0.5,BIM,0.8,8.301470588235293,5.0,0,63
sciences,MOTO,MIM,0.5,BIM,0.9,8.301470588235293,5.0,0,63
sciences,MOTO,MIM,0.5,BIM,1.0,8.301470588235293,5.0,0,63
sciences,OP3,MIM,0.5,BIM,0.1,8.727941176470589,5.0,0,59
sciences,OP3,MIM,0.5,BIM,0.2,8.742647058823529,5.0,0,59
sciences,OP3,MIM,0.5,BIM,0.3,8.742647058823529,5.0,0,59
sciences,OP3,MIM,0.5,BIM,0.4,8.742647058823529,5.0,0,59
sciences,OP3,MIM,0.5,BIM,0.5,8.742647058823529,5.0,0,59
sciences,OP3,MIM,0.5,BIM,0.6,8.742647058823529,5.0,0,59
sciences,OP3,MIM,0.5,BIM,0.7,8.742647058823529,5.0,0,59
sciences,OP3,MIM,0.5,BIM,0.8,8.742647058823529,5.0,0,59
sciences,OP3,MIM,0.5,BIM,0.9,8.742647058823529,5.0,0,59
sciences,OP3,MIM,0.5,BIM,1.0,8.742647058823529,5.0,0,59
sciences,S7,MIM,0.5,BIM,0.1,9.198529411764707,5.0,0,63
sciences,S7,MIM,0.5,BIM,0.2,9.117647058823529,5.0,0,63
sciences,S7,MIM,0.5,BIM,0.3,9.110294117647058,5.0,0,63
sciences,S7,MIM,0.5,BIM,0.4,9.080882352941176,5.0,0,63
sciences,S7,MIM,0.5,BIM,0.5,9.080882352941176,5.0,0,63
sciences,S7,MIM,0.5,BIM,0.6,9.080882352941176,5.0,0,63
sciences,S7,MIM,0.5,BIM,0.7,9.080882352941176,5.0,0,63
sciences,S7,MIM,0.5,BIM,0.8,9.080882352941176,5.0,0,63
sciences,S7,MIM,0.5,BIM,0.9,9.080882352941176,5.0,0,63
sciences,S7,MIM,0.5,BIM,1.0,9.080882352941176,5.0,0,63
sciences,BLU,MIM,0.6,BIM,0.1,14.397058823529411,9.0,0,65
sciences,BLU,MIM,0.6,BIM,0.2,15.110294117647058,9.0,0,65
sciences,BLU,MIM,0.6,BIM,0.3,15.139705882352942,9.0,0,65
sciences,BLU,MIM,0.6,BIM,0.4,15.139705882352942,9.0,0,65
sciences,BLU,MIM,0.6,BIM,0.5,15.139705882352942,9.0,0,65
sciences,BLU,MIM,0.6,BIM,0.6,15.139705882352942,9.0,0,65
sciences,BLU,MIM,0.6,BIM,0.7,15.139705882352942,9.0,0,65
sciences,BLU,MIM,0.6,BIM,0.8,15.139705882352942,9.0,0,65
sciences,BLU,MIM,0.6,BIM,0.9,15.139705882352942,9.0,0,65
sciences,BLU,MIM,0.6,BIM,1.0,15.139705882352942,9.0,0,65
sciences,HTC,MIM,0.6,BIM,0.1,9.904411764705882,6.0,0,67
sciences,HTC,MIM,0.6,BIM,0.2,9.948529411764707,6.0,0,67
sciences,HTC,MIM,0.6,BIM,0.3,9.933823529411764,6.0,0,67
sciences,HTC,MIM,0.6,BIM,0.4,9.919117647058824,6.0,0,67
sciences,HTC,MIM,0.6,BIM,0.5,9.919117647058824,6.0,0,67
sciences,HTC,MIM,0.6,BIM,0.6,9.919117647058824,6.0,0,67
sciences,HTC,MIM,0.6,BIM,0.7,9.919117647058824,6.0,0,67
sciences,HTC,MIM,0.6,BIM,0.8,9.919117647058824,6.0,0,67
sciences,HTC,MIM,0.6,BIM,0.9,9.919117647058824,6.0,0,67
sciences,HTC,MIM,0.6,BIM,1.0,9.919117647058824,6.0,0,67
sciences,LG,MIM,0.6,BIM,0.1,8.448529411764707,5.0,0,66
sciences,LG,MIM,0.6,BIM,0.2,8.463235294117647,5.5,0,66
sciences,LG,MIM,0.6,BIM,0.3,8.661764705882353,6.0,0,66
sciences,LG,MIM,0.6,BIM,0.4,8.661764705882353,6.0,0,66
sciences,LG,MIM,0.6,BIM,0.5,8.661764705882353,6.0,0,66
sciences,LG,MIM,0.6,BIM,0.6,8.661764705882353,6.0,0,66
sciences,LG,MIM,0.6,BIM,0.7,8.661764705882353,6.0,0,66
sciences,LG,MIM,0.6,BIM,0.8,8.661764705882353,6.0,0,66
sciences,LG,MIM,0.6,BIM,0.9,8.661764705882353,6.0,0,66
sciences,LG,MIM,0.6,BIM,1.0,8.661764705882353,6.0,0,66
sciences,MOTO,MIM,0.6,BIM,0.1,10.772058823529411,6.0,0,63
sciences,MOTO,MIM,0.6,BIM,0.2,10.683823529411764,6.0,0,63
sciences,MOTO,MIM,0.6,BIM,0.3,10.845588235294118,6.0,0,63
sciences,MOTO,MIM,0.6,BIM,0.4,10.786764705882353,6.0,0,63
sciences,MOTO,MIM,0.6,BIM,0.5,10.786764705882353,6.0,0,63
sciences,MOTO,MIM,0.6,BIM,0.6,10.786764705882353,6.0,0,63
sciences,MOTO,MIM,0.6,BIM,0.7,10.786764705882353,6.0,0,63
sciences,MOTO,MIM,0.6,BIM,0.8,10.786764705882353,6.0,0,63
sciences,MOTO,MIM,0.6,BIM,0.9,10.786764705882353,6.0,0,63
sciences,MOTO,MIM,0.6,BIM,1.0,10.786764705882353,6.0,0,63
sciences,OP3,MIM,0.6,BIM,0.1,12.507352941176471,6.0,0,66
sciences,OP3,MIM,0.6,BIM,0.2,12.470588235294118,6.0,0,66
sciences,OP3,MIM,0.6,BIM,0.3,12.397058823529411,6.0,0,66
sciences,OP3,MIM,0.6,BIM,0.4,12.397058823529411,6.0,0,66
sciences,OP3,MIM,0.6,BIM,0.5,12.397058823529411,6.0,0,66
sciences,OP3,MIM,0.6,BIM,0.6,12.397058823529411,6.0,0,66
sciences,OP3,MIM,0.6,BIM,0.7,12.397058823529411,6.0,0,66
sciences,OP3,MIM,0.6,BIM,0.8,12.397058823529411,6.0,0,66
sciences,OP3,MIM,0.6,BIM,0.9,12.397058823529411,6.0,0,66
sciences,OP3,MIM,0.6,BIM,1.0,12.397058823529411,6.0,0,66
sciences,S7,MIM,0.6,BIM,0.1,8.345588235294118,5.0,0,64
sciences,S7,MIM,0.6,BIM,0.2,8.433823529411764,5.0,0,64
sciences,S7,MIM,0.6,BIM,0.3,8.448529411764707,5.0,0,64
sciences,S7,MIM,0.6,BIM,0.4,8.448529411764707,5.0,0,64
sciences,S7,MIM,0.6,BIM,0.5,8.448529411764707,5.0,0,64
sciences,S7,MIM,0.6,BIM,0.6,8.448529411764707,5.0,0,64
sciences,S7,MIM,0.6,BIM,0.7,8.448529411764707,5.0,0,64
sciences,S7,MIM,0.6,BIM,0.8,8.448529411764707,5.0,0,64
sciences,S7,MIM,0.6,BIM,0.9,8.448529411764707,5.0,0,64
sciences,S7,MIM,0.6,BIM,1.0,8.448529411764707,5.0,0,64
sciences,BLU,MIM,0.7,BIM,0.1,11.485294117647058,6.0,0,64
sciences,BLU,MIM,0.7,BIM,0.2,10.889705882352942,5.0,0,64
sciences,BLU,MIM,0.7,BIM,0.3,10.573529411764707,5.0,0,64
sciences,BLU,MIM,0.7,BIM,0.4,10.610294117647058,5.0,0,64
sciences,BLU,MIM,0.7,BIM,0.5,10.610294117647058,5.0,0,64
sciences,BLU,MIM,0.7,BIM,0.6,10.610294117647058,5.0,0,64
sciences,BLU,MIM,0.7,BIM,0.7,10.610294117647058,5.0,0,64
sciences,BLU,MIM,0.7,BIM,0.8,10.610294117647058,5.0,0,64
sciences,BLU,MIM,0.7,BIM,0.9,10.610294117647058,5.0,0,64
sciences,BLU,MIM,0.7,BIM,1.0,10.610294117647058,5.0,0,64
sciences,HTC,MIM,0.7,BIM,0.1,10.382352941176471,5.5,0,65
sciences,HTC,MIM,0.7,BIM,0.2,10.323529411764707,5.5,0,65
sciences,HTC,MIM,0.7,BIM,0.3,10.242647058823529,5.5,0,65
sciences,HTC,MIM,0.7,BIM,0.4,10.25,5.5,0,65
sciences,HTC,MIM,0.7,BIM,0.5,10.25,5.5,0,65
sciences,HTC,MIM,0.7,BIM,0.6,10.25,5.5,0,65
sciences,HTC,MIM,0.7,BIM,0.7,10.25,5.5,0,65
sciences,HTC,MIM,0.7,BIM,0.8,10.25,5.5,0,65
sciences,HTC,MIM,0.7,BIM,0.9,10.25,5.5,0,65
sciences,HTC,MIM,0.7,BIM,1.0,10.25,5.5,0,65
sciences,LG,MIM,0.7,BIM,0.1,11.463235294117647,6.0,0,66
sciences,LG,MIM,0.7,BIM,0.2,10.823529411764707,6.0,0,66
sciences,LG,MIM,0.7,BIM,0.3,10.867647058823529,6.0,0,66
sciences,LG,MIM,0.7,BIM,0.4,10.867647058823529,6.0,0,66
sciences,LG,MIM,0.7,BIM,0.5,10.867647058823529,6.0,0,66
sciences,LG,MIM,0.7,BIM,0.6,10.867647058823529,6.0,0,66
sciences,LG,MIM,0.7,BIM,0.7,10.867647058823529,6.0,0,66
sciences,LG,MIM,0.7,BIM,0.8,10.867647058823529,6.0,0,66
sciences,LG,MIM,0.7,BIM,0.9,10.867647058823529,6.0,0,66
sciences,LG,MIM,0.7,BIM,1.0,10.867647058823529,6.0,0,66
sciences,MOTO,MIM,0.7,BIM,0.1,8.669117647058824,5.0,0,63
sciences,MOTO,MIM,0.7,BIM,0.2,9.080882352941176,5.0,0,63
sciences,MOTO,MIM,0.7,BIM,0.3,9.036764705882353,5.0,0,63
sciences,MOTO,MIM,0.7,BIM,0.4,9.345588235294118,5.0,0,63
sciences,MOTO,MIM,0.7,BIM,0.5,9.345588235294118,5.0,0,63
sciences,MOTO,MIM,0.7,BIM,0.6,9.345588235294118,5.0,0,63
sciences,MOTO,MIM,0.7,BIM,0.7,9.345588235294118,5.0,0,63
sciences,MOTO,MIM,0.7,BIM,0.8,9.345588235294118,5.0,0,63
sciences,MOTO,MIM,0.7,BIM,0.9,9.345588235294118,5.0,0,63
sciences,MOTO,MIM,0.7,BIM,1.0,9.345588235294118,5.0,0,63
sciences,OP3,MIM,0.7,BIM,0.1,12.375,6.5,0,61
sciences,OP3,MIM,0.7,BIM,0.2,12.345588235294118,6.5,0,61
sciences,OP3,MIM,0.7,BIM,0.3,12.345588235294118,6.5,0,61
sciences,OP3,MIM,0.7,BIM,0.4,12.345588235294118,6.5,0,61
sciences,OP3,MIM,0.7,BIM,0.5,12.345588235294118,6.5,0,61
sciences,OP3,MIM,0.7,BIM,0.6,12.345588235294118,6.5,0,61
sciences,OP3,MIM,0.7,BIM,0.7,12.345588235294118,6.5,0,61
sciences,OP3,MIM,0.7,BIM,0.8,12.345588235294118,6.5,0,61
sciences,OP3,MIM,0.7,BIM,0.9,12.345588235294118,6.5,0,61
sciences,OP3,MIM,0.7,BIM,1.0,12.345588235294118,6.5,0,61
sciences,S7,MIM,0.7,BIM,0.1,7.169117647058823,5.0,0,44
sciences,S7,MIM,0.7,BIM,0.2,7.073529411764706,5.0,0,44
sciences,S7,MIM,0.7,BIM,0.3,7.102941176470588,5.0,0,44
sciences,S7,MIM,0.7,BIM,0.4,7.095588235294118,5.0,0,44
sciences,S7,MIM,0.7,BIM,0.5,7.095588235294118,5.0,0,44
sciences,S7,MIM,0.7,BIM,0.6,7.095588235294118,5.0,0,44
sciences,S7,MIM,0.7,BIM,0.7,7.095588235294118,5.0,0,44
sciences,S7,MIM,0.7,BIM,0.8,7.095588235294118,5.0,0,44
sciences,S7,MIM,0.7,BIM,0.9,7.095588235294118,5.0,0,44
sciences,S7,MIM,0.7,BIM,1.0,7.095588235294118,5.0,0,44
sciences,BLU,MIM,0.8,BIM,0.1,13.948529411764707,7.0,0,65
sciences,BLU,MIM,0.8,BIM,0.2,13.911764705882353,7.0,0,65
sciences,BLU,MIM,0.8,BIM,0.3,14.080882352941176,7.0,0,65
sciences,BLU,MIM,0.8,BIM,0.4,14.080882352941176,7.0,0,65
sciences,BLU,MIM,0.8,BIM,0.5,14.080882352941176,7.0,0,65
sciences,BLU,MIM,0.8,BIM,0.6,14.080882352941176,7.0,0,65
sciences,BLU,MIM,0.8,BIM,0.7,14.080882352941176,7.0,0,65
sciences,BLU,MIM,0.8,BIM,0.8,14.080882352941176,7.0,0,65
sciences,BLU,MIM,0.8,BIM,0.9,14.080882352941176,7.0,0,65
sciences,BLU,MIM,0.8,BIM,1.0,14.080882352941176,7.0,0,65
sciences,HTC,MIM,0.8,BIM,0.1,14.823529411764707,8.0,0,66
sciences,HTC,MIM,0.8,BIM,0.2,15.007352941176471,8.0,0,66
sciences,HTC,MIM,0.8,BIM,0.3,15.036764705882353,8.0,0,66
sciences,HTC,MIM,0.8,BIM,0.4,15.036764705882353,8.0,0,66
sciences,HTC,MIM,0.8,BIM,0.5,15.036764705882353,8.0,0,66
sciences,HTC,MIM,0.8,BIM,0.6,15.036764705882353,8.0,0,66
sciences,HTC,MIM,0.8,BIM,0.7,15.036764705882353,8.0,0,66
sciences,HTC,MIM,0.8,BIM,0.8,15.036764705882353,8.0,0,66
sciences,HTC,MIM,0.8,BIM,0.9,15.036764705882353,8.0,0,66
sciences,HTC,MIM,0.8,BIM,1.0,15.036764705882353,8.0,0,66
sciences,LG,MIM,0.8,BIM,0.1,13.720588235294118,6.0,0,66
sciences,LG,MIM,0.8,BIM,0.2,13.786764705882353,6.0,0,66
sciences,LG,MIM,0.8,BIM,0.3,13.889705882352942,6.0,0,66
sciences,LG,MIM,0.8,BIM,0.4,13.889705882352942,6.0,0,66
sciences,LG,MIM,0.8,BIM,0.5,13.889705882352942,6.0,0,66
sciences,LG,MIM,0.8,BIM,0.6,13.889705882352942,6.0,0,66
sciences,LG,MIM,0.8,BIM,0.7,13.889705882352942,6.0,0,66
sciences,LG,MIM,0.8,BIM,0.8,13.889705882352942,6.0,0,66
sciences,LG,MIM,0.8,BIM,0.9,13.889705882352942,6.0,0,66
sciences,LG,MIM,0.8,BIM,1.0,13.889705882352942,6.0,0,66
sciences,MOTO,MIM,0.8,BIM,0.1,12.625,7.0,0,66
sciences,MOTO,MIM,0.8,BIM,0.2,12.014705882352942,7.0,0,66
sciences,MOTO,MIM,0.8,BIM,0.3,12.058823529411764,7.0,0,66
sciences,MOTO,MIM,0.8,BIM,0.4,12.058823529411764,7.0,0,66
sciences,MOTO,MIM,0.8,BIM,0.5,12.058823529411764,7.0,0,66
sciences,MOTO,MIM,0.8,BIM,0.6,12.058823529411764,7.0,0,66
sciences,MOTO,MIM,0.8,BIM,0.7,12.058823529411764,7.0,0,66
sciences,MOTO,MIM,0.8,BIM,0.8,12.058823529411764,7.0,0,66
sciences,MOTO,MIM,0.8,BIM,0.9,12.058823529411764,7.0,0,66
sciences,MOTO,MIM,0.8,BIM,1.0,12.058823529411764,7.0,0,66
sciences,OP3,MIM,0.8,BIM,0.1,12.772058823529411,6.0,0,66
sciences,OP3,MIM,0.8,BIM,0.2,13.125,6.0,0,66
sciences,OP3,MIM,0.8,BIM,0.3,13.147058823529411,6.0,0,66
sciences,OP3,MIM,0.8,BIM,0.4,13.147058823529411,6.0,0,66
sciences,OP3,MIM,0.8,BIM,0.5,13.147058823529411,6.0,0,66
sciences,OP3,MIM,0.8,BIM,0.6,13.147058823529411,6.0,0,66
sciences,OP3,MIM,0.8,BIM,0.7,13.147058823529411,6.0,0,66
sciences,OP3,MIM,0.8,BIM,0.8,13.147058823529411,6.0,0,66
sciences,OP3,MIM,0.8,BIM,0.9,13.147058823529411,6.0,0,66
sciences,OP3,MIM,0.8,BIM,1.0,13.147058823529411,6.0,0,66
sciences,S7,MIM,0.8,BIM,0.1,12.441176470588236,6.5,0,66
sciences,S7,MIM,0.8,BIM,0.2,12.617647058823529,7.0,0,66
sciences,S7,MIM,0.8,BIM,0.3,12.654411764705882,7.0,0,66
sciences,S7,MIM,0.8,BIM,0.4,12.654411764705882,7.0,0,66
sciences,S7,MIM,0.8,BIM,0.5,12.654411764705882,7.0,0,66
sciences,S7,MIM,0.8,BIM,0.6,12.654411764705882,7.0,0,66
sciences,S7,MIM,0.8,BIM,0.7,12.654411764705882,7.0,0,66
sciences,S7,MIM,0.8,BIM,0.8,12.654411764705882,7.0,0,66
sciences,S7,MIM,0.8,BIM,0.9,12.654411764705882,7.0,0,66
sciences,S7,MIM,0.8,BIM,1.0,12.654411764705882,7.0,0,66
sciences,BLU,MIM,0.9,BIM,0.1,12.522058823529411,7.0,0,66
sciences,BLU,MIM,0.9,BIM,0.2,12.558823529411764,7.0,0,66
sciences,BLU,MIM,0.9,BIM,0.3,12.558823529411764,7.0,0,66
sciences,BLU,MIM,0.9,BIM,0.4,12.558823529411764,7.0,0,66
sciences,BLU,MIM,0.9,BIM,0.5,12.558823529411764,7.0,0,66
sciences,BLU,MIM,0.9,BIM,0.6,12.558823529411764,7.0,0,66
sciences,BLU,MIM,0.9,BIM,0.7,12.558823529411764,7.0,0,66
sciences,BLU,MIM,0.9,BIM,0.8,12.558823529411764,7.0,0,66
sciences,BLU,MIM,0.9,BIM,0.9,12.558823529411764,7.0,0,66
sciences,BLU,MIM,0.9,BIM,1.0,12.558823529411764,7.0,0,66
sciences,HTC,MIM,0.9,BIM,0.1,8.191176470588236,5.0,0,63
sciences,HTC,MIM,0.9,BIM,0.2,8.102941176470589,5.0,0,63
sciences,HTC,MIM,0.9,BIM,0.3,8.125,5.0,0,63
sciences,HTC,MIM,0.9,BIM,0.4,8.110294117647058,5.0,0,63
sciences,HTC,MIM,0.9,BIM,0.5,8.110294117647058,5.0,0,63
sciences,HTC,MIM,0.9,BIM,0.6,8.110294117647058,5.0,0,63
sciences,HTC,MIM,0.9,BIM,0.7,8.110294117647058,5.0,0,63
sciences,HTC,MIM,0.9,BIM,0.8,8.110294117647058,5.0,0,63
sciences,HTC,MIM,0.9,BIM,0.9,8.110294117647058,5.0,0,63
sciences,HTC,MIM,0.9,BIM,1.0,8.110294117647058,5.0,0,63
sciences,LG,MIM,0.9,BIM,0.1,8.286764705882353,5.0,0,64
sciences,LG,MIM,0.9,BIM,0.2,8.213235294117647,4.0,0,64
sciences,LG,MIM,0.9,BIM,0.3,8.242647058823529,4.5,0,64
sciences,LG,MIM,0.9,BIM,0.4,8.242647058823529,4.5,0,64
sciences,LG,MIM,0.9,BIM,0.5,8.242647058823529,4.5,0,64
sciences,LG,MIM,0.9,BIM,0.6,8.242647058823529,4.5,0,64
sciences,LG,MIM,0.9,BIM,0.7,8.242647058823529,4.5,0,64
sciences,LG,MIM,0.9,BIM,0.8,8.242647058823529,4.5,0,64
sciences,LG,MIM,0.9,BIM,0.9,8.242647058823529,4.5,0,64
sciences,LG,MIM,0.9,BIM,1.0,8.242647058823529,4.5,0,64
sciences,MOTO,MIM,0.9,BIM,0.1,8.647058823529411,5.0,0,64
sciences,MOTO,MIM,0.9,BIM,0.2,8.463235294117647,5.0,0,64
sciences,MOTO,MIM,0.9,BIM,0.3,8.463235294117647,5.0,0,64
sciences,MOTO,MIM,0.9,BIM,0.4,8.463235294117647,5.0,0,64
sciences,MOTO,MIM,0.9,BIM,0.5,8.463235294117647,5.0,0,64
sciences,MOTO,MIM,0.9,BIM,0.6,8.463235294117647,5.0,0,64
sciences,MOTO,MIM,0.9,BIM,0.7,8.463235294117647,5.0,0,64
sciences,MOTO,MIM,0.9,BIM,0.8,8.463235294117647,5.0,0,64
sciences,MOTO,MIM,0.9,BIM,0.9,8.463235294117647,5.0,0,64
sciences,MOTO,MIM,0.9,BIM,1.0,8.463235294117647,5.0,0,64
sciences,OP3,MIM,0.9,BIM,0.1,8.779411764705882,5.0,0,62
sciences,OP3,MIM,0.9,BIM,0.2,8.691176470588236,5.0,0,62
sciences,OP3,MIM,0.9,BIM,0.3,8.691176470588236,5.0,0,62
sciences,OP3,MIM,0.9,BIM,0.4,8.691176470588236,5.0,0,62
sciences,OP3,MIM,0.9,BIM,0.5,8.691176470588236,5.0,0,62
sciences,OP3,MIM,0.9,BIM,0.6,8.691176470588236,5.0,0,62
sciences,OP3,MIM,0.9,BIM,0.7,8.691176470588236,5.0,0,62
sciences,OP3,MIM,0.9,BIM,0.8,8.691176470588236,5.0,0,62
sciences,OP3,MIM,0.9,BIM,0.9,8.691176470588236,5.0,0,62
sciences,OP3,MIM,0.9,BIM,1.0,8.691176470588236,5.0,0,62
sciences,S7,MIM,0.9,BIM,0.1,8.294117647058824,5.0,0,64
sciences,S7,MIM,0.9,BIM,0.2,8.272058823529411,5.0,0,64
sciences,S7,MIM,0.9,BIM,0.3,8.272058823529411,5.0,0,64
sciences,S7,MIM,0.9,BIM,0.4,8.272058823529411,5.0,0,64
sciences,S7,MIM,0.9,BIM,0.5,8.272058823529411,5.0,0,64
sciences,S7,MIM,0.9,BIM,0.6,8.272058823529411,5.0,0,64
sciences,S7,MIM,0.9,BIM,0.7,8.272058823529411,5.0,0,64
sciences,S7,MIM,0.9,BIM,0.8,8.272058823529411,5.0,0,64
sciences,S7,MIM,0.9,BIM,0.9,8.272058823529411,5.0,0,64
sciences,S7,MIM,0.9,BIM,1.0,8.272058823529411,5.0,0,64
sciences,BLU,MIM,1.0,BIM,0.1,13.360294117647058,8.0,0,66
sciences,BLU,MIM,1.0,BIM,0.2,13.022058823529411,7.5,0,66
sciences,BLU,MIM,1.0,BIM,0.3,12.948529411764707,7.0,0,66
sciences,BLU,MIM,1.0,BIM,0.4,12.919117647058824,7.0,0,66
sciences,BLU,MIM,1.0,BIM,0.5,12.919117647058824,7.0,0,66
sciences,BLU,MIM,1.0,BIM,0.6,12.919117647058824,7.0,0,66
sciences,BLU,MIM,1.0,BIM,0.7,12.919117647058824,7.0,0,66
sciences,BLU,MIM,1.0,BIM,0.8,12.919117647058824,7.0,0,66
sciences,BLU,MIM,1.0,BIM,0.9,12.919117647058824,7.0,0,66
sciences,BLU,MIM,1.0,BIM,1.0,12.919117647058824,7.0,0,66
sciences,HTC,MIM,1.0,BIM,0.1,10.632352941176471,6.0,0,63
sciences,HTC,MIM,1.0,BIM,0.2,10.683823529411764,6.0,0,63
sciences,HTC,MIM,1.0,BIM,0.3,10.676470588235293,6.0,0,63
sciences,HTC,MIM,1.0,BIM,0.4,10.676470588235293,6.0,0,63
sciences,HTC,MIM,1.0,BIM,0.5,10.676470588235293,6.0,0,63
sciences,HTC,MIM,1.0,BIM,0.6,10.676470588235293,6.0,0,63
sciences,HTC,MIM,1.0,BIM,0.7,10.676470588235293,6.0,0,63
sciences,HTC,MIM,1.0,BIM,0.8,10.676470588235293,6.0,0,63
sciences,HTC,MIM,1.0,BIM,0.9,10.676470588235293,6.0,0,63
sciences,HTC,MIM,1.0,BIM,1.0,10.676470588235293,6.0,0,63
sciences,LG,MIM,1.0,BIM,0.1,9.338235294117647,4.5,0,64
sciences,LG,MIM,1.0,BIM,0.2,9.338235294117647,4.5,0,64
sciences,LG,MIM,1.0,BIM,0.3,9.264705882352942,4.0,0,64
sciences,LG,MIM,1.0,BIM,0.4,9.264705882352942,4.0,0,64
sciences,LG,MIM,1.0,BIM,0.5,9.264705882352942,4.0,0,64
sciences,LG,MIM,1.0,BIM,0.6,9.264705882352942,4.0,0,64
sciences,LG,MIM,1.0,BIM,0.7,9.264705882352942,4.0,0,64
sciences,LG,MIM,1.0,BIM,0.8,9.264705882352942,4.0,0,64
sciences,LG,MIM,1.0,BIM,0.9,9.264705882352942,4.0,0,64
sciences,LG,MIM,1.0,BIM,1.0,9.264705882352942,4.0,0,64
sciences,MOTO,MIM,1.0,BIM,0.1,7.926470588235294,5.0,0,52
sciences,MOTO,MIM,1.0,BIM,0.2,7.9338235294117645,5.0,0,52
sciences,MOTO,MIM,1.0,BIM,0.3,8.007352941176471,5.0,0,52
sciences,MOTO,MIM,1.0,BIM,0.4,7.985294117647059,5.0,0,52
sciences,MOTO,MIM,1.0,BIM,0.5,7.985294117647059,5.0,0,52
sciences,MOTO,MIM,1.0,BIM,0.6,7.985294117647059,5.0,0,52
sciences,MOTO,MIM,1.0,BIM,0.7,7.985294117647059,5.0,0,52
sciences,MOTO,MIM,1.0,BIM,0.8,7.985294117647059,5.0,0,52
sciences,MOTO,MIM,1.0,BIM,0.9,7.985294117647059,5.0,0,52
sciences,MOTO,MIM,1.0,BIM,1.0,7.985294117647059,5.0,0,52
sciences,OP3,MIM,1.0,BIM,0.1,9.492647058823529,5.0,0,60
sciences,OP3,MIM,1.0,BIM,0.2,9.654411764705882,5.0,0,60
sciences,OP3,MIM,1.0,BIM,0.3,9.661764705882353,5.0,0,60
sciences,OP3,MIM,1.0,BIM,0.4,9.661764705882353,5.0,0,60
sciences,OP3,MIM,1.0,BIM,0.5,9.661764705882353,5.0,0,60
sciences,OP3,MIM,1.0,BIM,0.6,9.661764705882353,5.0,0,60
sciences,OP3,MIM,1.0,BIM,0.7,9.661764705882353,5.0,0,60
sciences,OP3,MIM,1.0,BIM,0.8,9.661764705882353,5.0,0,60
sciences,OP3,MIM,1.0,BIM,0.9,9.661764705882353,5.0,0,60
sciences,OP3,MIM,1.0,BIM,1.0,9.661764705882353,5.0,0,60
sciences,S7,MIM,1.0,BIM,0.1,8.044117647058824,5.0,0,52
sciences,S7,MIM,1.0,BIM,0.2,8.198529411764707,5.0,0,52
sciences,S7,MIM,1.0,BIM,0.3,8.323529411764707,5.0,0,52
sciences,S7,MIM,1.0,BIM,0.4,8.323529411764707,5.0,0,52
sciences,S7,MIM,1.0,BIM,0.5,8.323529411764707,5.0,0,52
sciences,S7,MIM,1.0,BIM,0.6,8.323529411764707,5.0,0,52
sciences,S7,MIM,1.0,BIM,0.7,8.323529411764707,5.0,0,52
sciences,S7,MIM,1.0,BIM,0.8,8.323529411764707,5.0,0,52
sciences,S7,MIM,1.0,BIM,0.9,8.323529411764707,5.0,0,52
sciences,S7,MIM,1.0,BIM,1.0,8.323529411764707,5.0,0,52
sciences,BLU,BIM,0.1,BIM,0.1,15.411764705882353,8.0,0,66
sciences,BLU,BIM,0.1,BIM,0.2,15.235294117647058,8.0,0,66
sciences,BLU,BIM,0.1,BIM,0.3,15.235294117647058,8.0,0,66
sciences,BLU,BIM,0.1,BIM,0.4,15.235294117647058,8.0,0,66
sciences,BLU,BIM,0.1,BIM,0.5,15.235294117647058,8.0,0,66
sciences,BLU,BIM,0.1,BIM,0.6,15.235294117647058,8.0,0,66
sciences,BLU,BIM,0.1,BIM,0.7,15.235294117647058,8.0,0,66
sciences,BLU,BIM,0.1,BIM,0.8,15.235294117647058,8.0,0,66
sciences,BLU,BIM,0.1,BIM,0.9,15.235294117647058,8.0,0,66
sciences,BLU,BIM,0.1,BIM,1.0,15.235294117647058,8.0,0,66
sciences,HTC,BIM,0.1,BIM,0.1,10.029411764705882,6.0,0,62
sciences,HTC,BIM,0.1,BIM,0.2,9.919117647058824,6.0,0,62
sciences,HTC,BIM,0.1,BIM,0.3,9.919117647058824,6.0,0,62
sciences,HTC,BIM,0.1,BIM,0.4,9.919117647058824,6.0,0,62
sciences,HTC,BIM,0.1,BIM,0.5,9.919117647058824,6.0,0,62
sciences,HTC,BIM,0.1,BIM,0.6,9.919117647058824,6.0,0,62
sciences,HTC,BIM,0.1,BIM,0.7,9.919117647058824,6.0,0,62
sciences,HTC,BIM,0.1,BIM,0.8,9.919117647058824,6.0,0,62
sciences,HTC,BIM,0.1,BIM,0.9,9.919117647058824,6.0,0,62
sciences,HTC,BIM,0.1,BIM,1.0,9.919117647058824,6.0,0,62
sciences,LG,BIM,0.1,BIM,0.1,12.110294117647058,5.5,0,62
sciences,LG,BIM,0.1,BIM,0.2,12.022058823529411,5.0,0,62
sciences,LG,BIM,0.1,BIM,0.3,12.0,5.0,0,62
sciences,LG,BIM,0.1,BIM,0.4,12.0,5.0,0,62
sciences,LG,BIM,0.1,BIM,0.5,12.0,5.0,0,62
sciences,LG,BIM,0.1,BIM,0.6,12.0,5.0,0,62
sciences,LG,BIM,0.1,BIM,0.7,12.0,5.0,0,62
sciences,LG,BIM,0.1,BIM,0.8,12.0,5.0,0,62
sciences,LG,BIM,0.1,BIM,0.9,12.0,5.0,0,62
sciences,LG,BIM,0.1,BIM,1.0,12.0,5.0,0,62
sciences,MOTO,BIM,0.1,BIM,0.1,11.102941176470589,6.0,0,60
sciences,MOTO,BIM,0.1,BIM,0.2,10.889705882352942,6.0,0,60
sciences,MOTO,BIM,0.1,BIM,0.3,10.808823529411764,6.0,0,60
sciences,MOTO,BIM,0.1,BIM,0.4,10.808823529411764,6.0,0,60
sciences,MOTO,BIM,0.1,BIM,0.5,10.808823529411764,6.0,0,60
sciences,MOTO,BIM,0.1,BIM,0.6,10.808823529411764,6.0,0,60
sciences,MOTO,BIM,0.1,BIM,0.7,10.808823529411764,6.0,0,60
sciences,MOTO,BIM,0.1,BIM,0.8,10.808823529411764,6.0,0,60
sciences,MOTO,BIM,0.1,BIM,0.9,10.808823529411764,6.0,0,60
sciences,MOTO,BIM,0.1,BIM,1.0,10.808823529411764,6.0,0,60
sciences,OP3,BIM,0.1,BIM,0.1,11.786764705882353,6.0,0,62
sciences,OP3,BIM,0.1,BIM,0.2,11.977941176470589,6.0,0,62
sciences,OP3,BIM,0.1,BIM,0.3,11.977941176470589,6.0,0,62
sciences,OP3,BIM,0.1,BIM,0.4,11.977941176470589,6.0,0,62
sciences,OP3,BIM,0.1,BIM,0.5,11.977941176470589,6.0,0,62
sciences,OP3,BIM,0.1,BIM,0.6,11.977941176470589,6.0,0,62
sciences,OP3,BIM,0.1,BIM,0.7,11.977941176470589,6.0,0,62
sciences,OP3,BIM,0.1,BIM,0.8,11.977941176470589,6.0,0,62
sciences,OP3,BIM,0.1,BIM,0.9,11.977941176470589,6.0,0,62
sciences,OP3,BIM,0.1,BIM,1.0,11.977941176470589,6.0,0,62
sciences,S7,BIM,0.1,BIM,0.1,12.941176470588236,7.0,0,66
sciences,S7,BIM,0.1,BIM,0.2,13.198529411764707,7.0,0,66
sciences,S7,BIM,0.1,BIM,0.3,12.919117647058824,7.0,0,66
sciences,S7,BIM,0.1,BIM,0.4,12.919117647058824,7.0,0,66
sciences,S7,BIM,0.1,BIM,0.5,12.919117647058824,7.0,0,66
sciences,S7,BIM,0.1,BIM,0.6,12.919117647058824,7.0,0,66
sciences,S7,BIM,0.1,BIM,0.7,12.919117647058824,7.0,0,66
sciences,S7,BIM,0.1,BIM,0.8,12.919117647058824,7.0,0,66
sciences,S7,BIM,0.1,BIM,0.9,12.919117647058824,7.0,0,66
sciences,S7,BIM,0.1,BIM,1.0,12.919117647058824,7.0,0,66
sciences,BLU,BIM,0.2,BIM,0.1,17.08823529411765,12.0,0,66
sciences,BLU,BIM,0.2,BIM,0.2,17.823529411764707,12.0,0,66
sciences,BLU,BIM,0.2,BIM,0.3,17.794117647058822,12.0,0,66
sciences,BLU,BIM,0.2,BIM,0.4,17.794117647058822,12.0,0,66
sciences,BLU,BIM,0.2,BIM,0.5,17.794117647058822,12.0,0,66
sciences,BLU,BIM,0.2,BIM,0.6,17.794117647058822,12.0,0,66
sciences,BLU,BIM,0.2,BIM,0.7,17.794117647058822,12.0,0,66
sciences,BLU,BIM,0.2,BIM,0.8,17.794117647058822,12.0,0,66
sciences,BLU,BIM,0.2,BIM,0.9,17.794117647058822,12.0,0,66
sciences,BLU,BIM,0.2,BIM,1.0,17.794117647058822,12.0,0,66
sciences,HTC,BIM,0.2,BIM,0.1,10.257352941176471,6.0,0,66
sciences,HTC,BIM,0.2,BIM,0.2,10.558823529411764,6.0,0,66
sciences,HTC,BIM,0.2,BIM,0.3,10.661764705882353,6.0,0,66
sciences,HTC,BIM,0.2,BIM,0.4,10.661764705882353,6.0,0,66
sciences,HTC,BIM,0.2,BIM,0.5,10.661764705882353,6.0,0,66
sciences,HTC,BIM,0.2,BIM,0.6,10.661764705882353,6.0,0,66
sciences,HTC,BIM,0.2,BIM,0.7,10.661764705882353,6.0,0,66
sciences,HTC,BIM,0.2,BIM,0.8,10.661764705882353,6.0,0,66
sciences,HTC,BIM,0.2,BIM,0.9,10.661764705882353,6.0,0,66
sciences,HTC,BIM,0.2,BIM,1.0,10.661764705882353,6.0,0,66
sciences,LG,BIM,0.2,BIM,0.1,9.610294117647058,5.0,0,65
sciences,LG,BIM,0.2,BIM,0.2,10.198529411764707,5.0,0,65
sciences,LG,BIM,0.2,BIM,0.3,10.198529411764707,5.0,0,65
sciences,LG,BIM,0.2,BIM,0.4,10.198529411764707,5.0,0,65
sciences,LG,BIM,0.2,BIM,0.5,10.198529411764707,5.0,0,65
sciences,LG,BIM,0.2,BIM,0.6,10.198529411764707,5.0,0,65
sciences,LG,BIM,0.2,BIM,0.7,10.198529411764707,5.0,0,65
sciences,LG,BIM,0.2,BIM,0.8,10.198529411764707,5.0,0,65
sciences,LG,BIM,0.2,BIM,0.9,10.198529411764707,5.0,0,65
sciences,LG,BIM,0.2,BIM,1.0,10.198529411764707,5.0,0,65
sciences,MOTO,BIM,0.2,BIM,0.1,10.558823529411764,6.0,0,65
sciences,MOTO,BIM,0.2,BIM,0.2,10.919117647058824,6.0,0,65
sciences,MOTO,BIM,0.2,BIM,0.3,11.066176470588236,6.0,0,65
sciences,MOTO,BIM,0.2,BIM,0.4,11.066176470588236,6.0,0,65
sciences,MOTO,BIM,0.2,BIM,0.5,11.066176470588236,6.0,0,65
sciences,MOTO,BIM,0.2,BIM,0.6,11.066176470588236,6.0,0,65
sciences,MOTO,BIM,0.2,BIM,0.7,11.066176470588236,6.0,0,65
sciences,MOTO,BIM,0.2,BIM,0.8,11.066176470588236,6.0,0,65
sciences,MOTO,BIM,0.2,BIM,0.9,11.066176470588236,6.0,0,65
sciences,MOTO,BIM,0.2,BIM,1.0,11.066176470588236,6.0,0,65
sciences,OP3,BIM,0.2,BIM,0.1,13.220588235294118,7.5,0,63
sciences,OP3,BIM,0.2,BIM,0.2,13.735294117647058,7.5,0,63
sciences,OP3,BIM,0.2,BIM,0.3,13.735294117647058,8.0,0,63
sciences,OP3,BIM,0.2,BIM,0.4,13.735294117647058,8.0,0,63
sciences,OP3,BIM,0.2,BIM,0.5,13.735294117647058,8.0,0,63
sciences,OP3,BIM,0.2,BIM,0.6,13.735294117647058,8.0,0,63
sciences,OP3,BIM,0.2,BIM,0.7,13.735294117647058,8.0,0,63
sciences,OP3,BIM,0.2,BIM,0.8,13.735294117647058,8.0,0,63
sciences,OP3,BIM,0.2,BIM,0.9,13.735294117647058,8.0,0,63
sciences,OP3,BIM,0.2,BIM,1.0,13.735294117647058,8.0,0,63
sciences,S7,BIM,0.2,BIM,0.1,10.985294117647058,6.0,0,63
sciences,S7,BIM,0.2,BIM,0.2,11.220588235294118,6.0,0,63
sciences,S7,BIM,0.2,BIM,0.3,11.198529411764707,6.0,0,63
sciences,S7,BIM,0.2,BIM,0.4,11.198529411764707,6.0,0,63
sciences,S7,BIM,0.2,BIM,0.5,11.198529411764707,6.0,0,63
sciences,S7,BIM,0.2,BIM,0.6,11.198529411764707,6.0,0,63
sciences,S7,BIM,0.2,BIM,0.7,11.198529411764707,6.0,0,63
sciences,S7,BIM,0.2,BIM,0.8,11.198529411764707,6.0,0,63
sciences,S7,BIM,0.2,BIM,0.9,11.198529411764707,6.0,0,63
sciences,S7,BIM,0.2,BIM,1.0,11.198529411764707,6.0,0,63
sciences,BLU,BIM,0.3,BIM,0.1,12.536764705882353,9.0,0,66
sciences,BLU,BIM,0.3,BIM,0.2,12.433823529411764,9.0,0,66
sciences,BLU,BIM,0.3,BIM,0.3,12.397058823529411,9.0,0,66
sciences,BLU,BIM,0.3,BIM,0.4,12.397058823529411,9.0,0,66
sciences,BLU,BIM,0.3,BIM,0.5,12.397058823529411,9.0,0,66
sciences,BLU,BIM,0.3,BIM,0.6,12.397058823529411,9.0,0,66
sciences,BLU,BIM,0.3,BIM,0.7,12.397058823529411,9.0,0,66
sciences,BLU,BIM,0.3,BIM,0.8,12.397058823529411,9.0,0,66
sciences,BLU,BIM,0.3,BIM,0.9,12.397058823529411,9.0,0,66
sciences,BLU,BIM,0.3,BIM,1.0,12.397058823529411,9.0,0,66
sciences,HTC,BIM,0.3,BIM,0.1,10.0,5.0,0,63
sciences,HTC,BIM,0.3,BIM,0.2,9.588235294117647,5.0,0,63
sciences,HTC,BIM,0.3,BIM,0.3,9.588235294117647,5.0,0,63
sciences,HTC,BIM,0.3,BIM,0.4,9.588235294117647,5.0,0,63
sciences,HTC,BIM,0.3,BIM,0.5,9.588235294117647,5.0,0,63
sciences,HTC,BIM,0.3,BIM,0.6,9.588235294117647,5.0,0,63
sciences,HTC,BIM,0.3,BIM,0.7,9.588235294117647,5.0,0,63
sciences,HTC,BIM,0.3,BIM,0.8,9.588235294117647,5.0,0,63
sciences,HTC,BIM,0.3,BIM,0.9,9.588235294117647,5.0,0,63
sciences,HTC,BIM,0.3,BIM,1.0,9.588235294117647,5.0,0,63
sciences,LG,BIM,0.3,BIM,0.1,9.095588235294118,4.0,0,65
sciences,LG,BIM,0.3,BIM,0.2,9.0,4.0,0,65
sciences,LG,BIM,0.3,BIM,0.3,8.992647058823529,4.0,0,65
sciences,LG,BIM,0.3,BIM,0.4,8.992647058823529,4.0,0,65
sciences,LG,BIM,0.3,BIM,0.5,8.992647058823529,4.0,0,65
sciences,LG,BIM,0.3,BIM,0.6,8.992647058823529,4.0,0,65
sciences,LG,BIM,0.3,BIM,0.7,8.992647058823529,4.0,0,65
sciences,LG,BIM,0.3,BIM,0.8,8.992647058823529,4.0,0,65
sciences,LG,BIM,0.3,BIM,0.9,8.992647058823529,4.0,0,65
sciences,LG,BIM,0.3,BIM,1.0,8.992647058823529,4.0,0,65
sciences,MOTO,BIM,0.3,BIM,0.1,12.169117647058824,6.0,0,60
sciences,MOTO,BIM,0.3,BIM,0.2,12.264705882352942,6.0,0,60
sciences,MOTO,BIM,0.3,BIM,0.3,12.264705882352942,6.0,0,60
sciences,MOTO,BIM,0.3,BIM,0.4,12.264705882352942,6.0,0,60
sciences,MOTO,BIM,0.3,BIM,0.5,12.264705882352942,6.0,0,60
sciences,MOTO,BIM,0.3,BIM,0.6,12.264705882352942,6.0,0,60
sciences,MOTO,BIM,0.3,BIM,0.7,12.264705882352942,6.0,0,60
sciences,MOTO,BIM,0.3,BIM,0.8,12.264705882352942,6.0,0,60
sciences,MOTO,BIM,0.3,BIM,0.9,12.264705882352942,6.0,0,60
sciences,MOTO,BIM,0.3,BIM,1.0,12.264705882352942,6.0,0,60
sciences,OP3,BIM,0.3,BIM,0.1,10.882352941176471,6.0,0,61
sciences,OP3,BIM,0.3,BIM,0.2,10.845588235294118,6.0,0,63
sciences,OP3,BIM,0.3,BIM,0.3,10.845588235294118,6.0,0,63
sciences,OP3,BIM,0.3,BIM,0.4,10.845588235294118,6.0,0,63
sciences,OP3,BIM,0.3,BIM,0.5,10.845588235294118,6.0,0,63
sciences,OP3,BIM,0.3,BIM,0.6,10.845588235294118,6.0,0,63
sciences,OP3,BIM,0.3,BIM,0.7,10.845588235294118,6.0,0,63
sciences,OP3,BIM,0.3,BIM,0.8,10.845588235294118,6.0,0,63
sciences,OP3,BIM,0.3,BIM,0.9,10.845588235294118,6.0,0,63
sciences,OP3,BIM,0.3,BIM,1.0,10.845588235294118,6.0,0,63
sciences,S7,BIM,0.3,BIM,0.1,9.514705882352942,5.0,0,62
sciences,S7,BIM,0.3,BIM,0.2,9.397058823529411,5.0,0,62
sciences,S7,BIM,0.3,BIM,0.3,9.375,5.0,0,62
sciences,S7,BIM,0.3,BIM,0.4,9.264705882352942,5.0,0,62
sciences,S7,BIM,0.3,BIM,0.5,9.264705882352942,5.0,0,62
sciences,S7,BIM,0.3,BIM,0.6,9.264705882352942,5.0,0,62
sciences,S7,BIM,0.3,BIM,0.7,9.264705882352942,5.0,0,62
sciences,S7,BIM,0.3,BIM,0.8,9.264705882352942,5.0,0,62
sciences,S7,BIM,0.3,BIM,0.9,9.264705882352942,5.0,0,62
sciences,S7,BIM,0.3,BIM,1.0,9.264705882352942,5.0,0,62
sciences,BLU,BIM,0.4,BIM,0.1,17.058823529411764,10.0,0,66
sciences,BLU,BIM,0.4,BIM,0.2,16.78676470588235,9.5,0,66
sciences,BLU,BIM,0.4,BIM,0.3,16.823529411764707,9.5,0,66
sciences,BLU,BIM,0.4,BIM,0.4,16.78676470588235,9.5,0,66
sciences,BLU,BIM,0.4,BIM,0.5,16.78676470588235,9.5,0,66
sciences,BLU,BIM,0.4,BIM,0.6,16.78676470588235,9.5,0,66
sciences,BLU,BIM,0.4,BIM,0.7,16.78676470588235,9.5,0,66
sciences,BLU,BIM,0.4,BIM,0.8,16.78676470588235,9.5,0,66
sciences,BLU,BIM,0.4,BIM,0.9,16.78676470588235,9.5,0,66
sciences,BLU,BIM,0.4,BIM,1.0,16.78676470588235,9.5,0,66
sciences,HTC,BIM,0.4,BIM,0.1,11.816176470588236,5.0,0,67
sciences,HTC,BIM,0.4,BIM,0.2,11.772058823529411,5.0,0,67
sciences,HTC,BIM,0.4,BIM,0.3,11.772058823529411,5.0,0,67
sciences,HTC,BIM,0.4,BIM,0.4,11.772058823529411,5.0,0,67
sciences,HTC,BIM,0.4,BIM,0.5,11.772058823529411,5.0,0,67
sciences,HTC,BIM,0.4,BIM,0.6,11.772058823529411,5.0,0,67
sciences,HTC,BIM,0.4,BIM,0.7,11.772058823529411,5.0,0,67
sciences,HTC,BIM,0.4,BIM,0.8,11.772058823529411,5.0,0,67
sciences,HTC,BIM,0.4,BIM,0.9,11.772058823529411,5.0,0,67
sciences,HTC,BIM,0.4,BIM,1.0,11.772058823529411,5.0,0,67
sciences,LG,BIM,0.4,BIM,0.1,8.066176470588236,5.0,0,66
sciences,LG,BIM,0.4,BIM,0.2,8.345588235294118,5.0,0,66
sciences,LG,BIM,0.4,BIM,0.3,8.316176470588236,5.0,0,66
sciences,LG,BIM,0.4,BIM,0.4,8.316176470588236,5.0,0,66
sciences,LG,BIM,0.4,BIM,0.5,8.316176470588236,5.0,0,66
sciences,LG,BIM,0.4,BIM,0.6,8.316176470588236,5.0,0,66
sciences,LG,BIM,0.4,BIM,0.7,8.316176470588236,5.0,0,66
sciences,LG,BIM,0.4,BIM,0.8,8.316176470588236,5.0,0,66
sciences,LG,BIM,0.4,BIM,0.9,8.316176470588236,5.0,0,66
sciences,LG,BIM,0.4,BIM,1.0,8.316176470588236,5.0,0,66
sciences,MOTO,BIM,0.4,BIM,0.1,13.772058823529411,5.0,0,67
sciences,MOTO,BIM,0.4,BIM,0.2,13.720588235294118,5.0,0,67
sciences,MOTO,BIM,0.4,BIM,0.3,13.786764705882353,5.0,0,67
sciences,MOTO,BIM,0.4,BIM,0.4,13.786764705882353,5.0,0,67
sciences,MOTO,BIM,0.4,BIM,0.5,13.786764705882353,5.0,0,67
sciences,MOTO,BIM,0.4,BIM,0.6,13.786764705882353,5.0,0,67
sciences,MOTO,BIM,0.4,BIM,0.7,13.786764705882353,5.0,0,67
sciences,MOTO,BIM,0.4,BIM,0.8,13.786764705882353,5.0,0,67
sciences,MOTO,BIM,0.4,BIM,0.9,13.786764705882353,5.0,0,67
sciences,MOTO,BIM,0.4,BIM,1.0,13.786764705882353,5.0,0,67
sciences,OP3,BIM,0.4,BIM,0.1,11.852941176470589,6.0,0,63
sciences,OP3,BIM,0.4,BIM,0.2,12.257352941176471,6.0,0,63
sciences,OP3,BIM,0.4,BIM,0.3,12.301470588235293,6.0,0,63
sciences,OP3,BIM,0.4,BIM,0.4,12.242647058823529,6.0,0,63
sciences,OP3,BIM,0.4,BIM,0.5,12.242647058823529,6.0,0,63
sciences,OP3,BIM,0.4,BIM,0.6,12.242647058823529,6.0,0,63
sciences,OP3,BIM,0.4,BIM,0.7,12.242647058823529,6.0,0,63
sciences,OP3,BIM,0.4,BIM,0.8,12.242647058823529,6.0,0,63
sciences,OP3,BIM,0.4,BIM,0.9,12.242647058823529,6.0,0,63
sciences,OP3,BIM,0.4,BIM,1.0,12.242647058823529,6.0,0,63
sciences,S7,BIM,0.4,BIM,0.1,10.882352941176471,6.0,0,67
sciences,S7,BIM,0.4,BIM,0.2,10.514705882352942,6.0,0,67
sciences,S7,BIM,0.4,BIM,0.3,10.5,6.0,0,67
sciences,S7,BIM,0.4,BIM,0.4,10.5,6.0,0,67
sciences,S7,BIM,0.4,BIM,0.5,10.5,6.0,0,67
sciences,S7,BIM,0.4,BIM,0.6,10.5,6.0,0,67
sciences,S7,BIM,0.4,BIM,0.7,10.5,6.0,0,67
sciences,S7,BIM,0.4,BIM,0.8,10.5,6.0,0,67
sciences,S7,BIM,0.4,BIM,0.9,10.5,6.0,0,67
sciences,S7,BIM,0.4,BIM,1.0,10.5,6.0,0,67
sciences,BLU,BIM,0.5,BIM,0.1,13.352941176470589,9.0,0,62
sciences,BLU,BIM,0.5,BIM,0.2,13.25,8.5,0,62
sciences,BLU,BIM,0.5,BIM,0.3,13.330882352941176,8.5,0,62
sciences,BLU,BIM,0.5,BIM,0.4,13.330882352941176,8.5,0,62
sciences,BLU,BIM,0.5,BIM,0.5,13.330882352941176,8.5,0,62
sciences,BLU,BIM,0.5,BIM,0.6,13.330882352941176,8.5,0,62
sciences,BLU,BIM,0.5,BIM,0.7,13.330882352941176,8.5,0,62
sciences,BLU,BIM,0.5,BIM,0.8,13.330882352941176,8.5,0,62
sciences,BLU,BIM,0.5,BIM,0.9,13.330882352941176,8.5,0,62
sciences,BLU,BIM,0.5,BIM,1.0,13.330882352941176,8.5,0,62
sciences,HTC,BIM,0.5,BIM,0.1,12.470588235294118,6.0,0,56
sciences,HTC,BIM,0.5,BIM,0.2,12.691176470588236,6.0,0,62
sciences,HTC,BIM,0.5,BIM,0.3,12.779411764705882,6.0,0,62
sciences,HTC,BIM,0.5,BIM,0.4,12.779411764705882,6.0,0,62
sciences,HTC,BIM,0.5,BIM,0.5,12.779411764705882,6.0,0,62
sciences,HTC,BIM,0.5,BIM,0.6,12.779411764705882,6.0,0,62
sciences,HTC,BIM,0.5,BIM,0.7,12.779411764705882,6.0,0,62
sciences,HTC,BIM,0.5,BIM,0.8,12.779411764705882,6.0,0,62
sciences,HTC,BIM,0.5,BIM,0.9,12.779411764705882,6.0,0,62
sciences,HTC,BIM,0.5,BIM,1.0,12.779411764705882,6.0,0,62
sciences,LG,BIM,0.5,BIM,0.1,10.977941176470589,6.5,0,65
sciences,LG,BIM,0.5,BIM,0.2,11.558823529411764,7.0,0,65
sciences,LG,BIM,0.5,BIM,0.3,11.558823529411764,7.0,0,65
sciences,LG,BIM,0.5,BIM,0.4,11.558823529411764,7.0,0,65
sciences,LG,BIM,0.5,BIM,0.5,11.558823529411764,7.0,0,65
sciences,LG,BIM,0.5,BIM,0.6,11.558823529411764,7.0,0,65
sciences,LG,BIM,0.5,BIM,0.7,11.558823529411764,7.0,0,65
sciences,LG,BIM,0.5,BIM,0.8,11.558823529411764,7.0,0,65
sciences,LG,BIM,0.5,BIM,0.9,11.558823529411764,7.0,0,65
sciences,LG,BIM,0.5,BIM,1.0,11.558823529411764,7.0,0,65
sciences,MOTO,BIM,0.5,BIM,0.1,13.477941176470589,8.0,0,60
sciences,MOTO,BIM,0.5,BIM,0.2,14.066176470588236,8.0,0,61
sciences,MOTO,BIM,0.5,BIM,0.3,14.066176470588236,8.0,0,61
sciences,MOTO,BIM,0.5,BIM,0.4,14.066176470588236,8.0,0,61
sciences,MOTO,BIM,0.5,BIM,0.5,14.066176470588236,8.0,0,61
sciences,MOTO,BIM,0.5,BIM,0.6,14.066176470588236,8.0,0,61
sciences,MOTO,BIM,0.5,BIM,0.7,14.066176470588236,8.0,0,61
sciences,MOTO,BIM,0.5,BIM,0.8,14.066176470588236,8.0,0,61
sciences,MOTO,BIM,0.5,BIM,0.9,14.066176470588236,8.0,0,61
sciences,MOTO,BIM,0.5,BIM,1.0,14.066176470588236,8.0,0,61
sciences,OP3,BIM,0.5,BIM,0.1,12.507352941176471,6.0,0,61
sciences,OP3,BIM,0.5,BIM,0.2,12.764705882352942,6.0,0,61
sciences,OP3,BIM,0.5,BIM,0.3,13.029411764705882,6.0,0,61
sciences,OP3,BIM,0.5,BIM,0.4,13.051470588235293,6.0,0,61
sciences,OP3,BIM,0.5,BIM,0.5,13.051470588235293,6.0,0,61
sciences,OP3,BIM,0.5,BIM,0.6,13.051470588235293,6.0,0,61
sciences,OP3,BIM,0.5,BIM,0.7,13.051470588235293,6.0,0,61
sciences,OP3,BIM,0.5,BIM,0.8,13.051470588235293,6.0,0,61
sciences,OP3,BIM,0.5,BIM,0.9,13.051470588235293,6.0,0,61
sciences,OP3,BIM,0.5,BIM,1.0,13.051470588235293,6.0,0,61
sciences,S7,BIM,0.5,BIM,0.1,11.169117647058824,5.0,0,61
sciences,S7,BIM,0.5,BIM,0.2,11.411764705882353,5.0,0,61
sciences,S7,BIM,0.5,BIM,0.3,11.492647058823529,5.0,0,61
sciences,S7,BIM,0.5,BIM,0.4,11.492647058823529,5.0,0,61
sciences,S7,BIM,0.5,BIM,0.5,11.492647058823529,5.0,0,61
sciences,S7,BIM,0.5,BIM,0.6,11.492647058823529,5.0,0,61
sciences,S7,BIM,0.5,BIM,0.7,11.492647058823529,5.0,0,61
sciences,S7,BIM,0.5,BIM,0.8,11.492647058823529,5.0,0,61
sciences,S7,BIM,0.5,BIM,0.9,11.492647058823529,5.0,0,61
sciences,S7,BIM,0.5,BIM,1.0,11.492647058823529,5.0,0,61
sciences,BLU,BIM,0.6,BIM,0.1,16.71323529411765,9.0,0,66
sciences,BLU,BIM,0.6,BIM,0.2,16.602941176470587,9.0,0,66
sciences,BLU,BIM,0.6,BIM,0.3,16.602941176470587,9.0,0,66
sciences,BLU,BIM,0.6,BIM,0.4,16.602941176470587,9.0,0,66
sciences,BLU,BIM,0.6,BIM,0.5,16.602941176470587,9.0,0,66
sciences,BLU,BIM,0.6,BIM,0.6,16.602941176470587,9.0,0,66
sciences,BLU,BIM,0.6,BIM,0.7,16.602941176470587,9.0,0,66
sciences,BLU,BIM,0.6,BIM,0.8,16.602941176470587,9.0,0,66
sciences,BLU,BIM,0.6,BIM,0.9,16.602941176470587,9.0,0,66
sciences,BLU,BIM,0.6,BIM,1.0,16.602941176470587,9.0,0,66
sciences,HTC,BIM,0.6,BIM,0.1,10.933823529411764,6.0,0,64
sciences,HTC,BIM,0.6,BIM,0.2,11.639705882352942,7.0,0,64
sciences,HTC,BIM,0.6,BIM,0.3,11.625,7.0,0,64
sciences,HTC,BIM,0.6,BIM,0.4,11.625,7.0,0,64
sciences,HTC,BIM,0.6,BIM,0.5,11.625,7.0,0,64
sciences,HTC,BIM,0.6,BIM,0.6,11.625,7.0,0,64
sciences,HTC,BIM,0.6,BIM,0.7,11.625,7.0,0,64
sciences,HTC,BIM,0.6,BIM,0.8,11.625,7.0,0,64
sciences,HTC,BIM,0.6,BIM,0.9,11.625,7.0,0,64
sciences,HTC,BIM,0.6,BIM,1.0,11.625,7.0,0,64
sciences,LG,BIM,0.6,BIM,0.1,10.227941176470589,5.0,0,64
sciences,LG,BIM,0.6,BIM,0.2,10.639705882352942,5.0,0,64
sciences,LG,BIM,0.6,BIM,0.3,10.632352941176471,5.0,0,64
sciences,LG,BIM,0.6,BIM,0.4,10.632352941176471,5.0,0,64
sciences,LG,BIM,0.6,BIM,0.5,10.632352941176471,5.0,0,64
sciences,LG,BIM,0.6,BIM,0.6,10.632352941176471,5.0,0,64
sciences,LG,BIM,0.6,BIM,0.7,10.632352941176471,5.0,0,64
sciences,LG,BIM,0.6,BIM,0.8,10.632352941176471,5.0,0,64
sciences,LG,BIM,0.6,BIM,0.9,10.632352941176471,5.0,0,64
sciences,LG,BIM,0.6,BIM,1.0,10.632352941176471,5.0,0,64
sciences,MOTO,BIM,0.6,BIM,0.1,12.360294117647058,9.0,0,60
sciences,MOTO,BIM,0.6,BIM,0.2,12.205882352941176,9.0,0,60
sciences,MOTO,BIM,0.6,BIM,0.3,12.25,9.0,0,60
sciences,MOTO,BIM,0.6,BIM,0.4,12.25,9.0,0,60
sciences,MOTO,BIM,0.6,BIM,0.5,12.25,9.0,0,60
sciences,MOTO,BIM,0.6,BIM,0.6,12.25,9.0,0,60
sciences,MOTO,BIM,0.6,BIM,0.7,12.25,9.0,0,60
sciences,MOTO,BIM,0.6,BIM,0.8,12.25,9.0,0,60
sciences,MOTO,BIM,0.6,BIM,0.9,12.25,9.0,0,60
sciences,MOTO,BIM,0.6,BIM,1.0,12.25,9.0,0,60
sciences,OP3,BIM,0.6,BIM,0.1,12.272058823529411,6.0,0,64
sciences,OP3,BIM,0.6,BIM,0.2,12.485294117647058,6.0,0,64
sciences,OP3,BIM,0.6,BIM,0.3,12.485294117647058,6.0,0,64
sciences,OP3,BIM,0.6,BIM,0.4,12.477941176470589,6.0,0,64
sciences,OP3,BIM,0.6,BIM,0.5,12.477941176470589,6.0,0,64
sciences,OP3,BIM,0.6,BIM,0.6,12.477941176470589,6.0,0,64
sciences,OP3,BIM,0.6,BIM,0.7,12.477941176470589,6.0,0,64
sciences,OP3,BIM,0.6,BIM,0.8,12.477941176470589,6.0,0,64
sciences,OP3,BIM,0.6,BIM,0.9,12.477941176470589,6.0,0,64
sciences,OP3,BIM,0.6,BIM,1.0,12.477941176470589,6.0,0,64
sciences,S7,BIM,0.6,BIM,0.1,10.426470588235293,6.0,0,64
sciences,S7,BIM,0.6,BIM,0.2,11.102941176470589,6.0,0,64
sciences,S7,BIM,0.6,BIM,0.3,11.088235294117647,6.0,0,64
sciences,S7,BIM,0.6,BIM,0.4,11.088235294117647,6.0,0,64
sciences,S7,BIM,0.6,BIM,0.5,11.088235294117647,6.0,0,64
sciences,S7,BIM,0.6,BIM,0.6,11.088235294117647,6.0,0,64
sciences,S7,BIM,0.6,BIM,0.7,11.088235294117647,6.0,0,64
sciences,S7,BIM,0.6,BIM,0.8,11.088235294117647,6.0,0,64
sciences,S7,BIM,0.6,BIM,0.9,11.088235294117647,6.0,0,64
sciences,S7,BIM,0.6,BIM,1.0,11.088235294117647,6.0,0,64
sciences,BLU,BIM,0.7,BIM,0.1,15.213235294117647,8.0,0,64
sciences,BLU,BIM,0.7,BIM,0.2,15.191176470588236,8.5,0,64
sciences,BLU,BIM,0.7,BIM,0.3,15.235294117647058,8.5,0,64
sciences,BLU,BIM,0.7,BIM,0.4,15.235294117647058,8.5,0,64
sciences,BLU,BIM,0.7,BIM,0.5,15.235294117647058,8.5,0,64
sciences,BLU,BIM,0.7,BIM,0.6,15.235294117647058,8.5,0,64
sciences,BLU,BIM,0.7,BIM,0.7,15.235294117647058,8.5,0,64
sciences,BLU,BIM,0.7,BIM,0.8,15.235294117647058,8.5,0,64
sciences,BLU,BIM,0.7,BIM,0.9,15.235294117647058,8.5,0,64
sciences,BLU,BIM,0.7,BIM,1.0,15.235294117647058,8.5,0,64
sciences,HTC,BIM,0.7,BIM,0.1,10.0,6.0,0,63
sciences,HTC,BIM,0.7,BIM,0.2,10.404411764705882,6.5,0,63
sciences,HTC,BIM,0.7,BIM,0.3,10.404411764705882,6.5,0,63
sciences,HTC,BIM,0.7,BIM,0.4,10.404411764705882,6.5,0,63
sciences,HTC,BIM,0.7,BIM,0.5,10.404411764705882,6.5,0,63
sciences,HTC,BIM,0.7,BIM,0.6,10.404411764705882,6.5,0,63
sciences,HTC,BIM,0.7,BIM,0.7,10.404411764705882,6.5,0,63
sciences,HTC,BIM,0.7,BIM,0.8,10.404411764705882,6.5,0,63
sciences,HTC,BIM,0.7,BIM,0.9,10.404411764705882,6.5,0,63
sciences,HTC,BIM,0.7,BIM,1.0,10.404411764705882,6.5,0,63
sciences,LG,BIM,0.7,BIM,0.1,10.125,4.5,0,63
sciences,LG,BIM,0.7,BIM,0.2,10.198529411764707,4.5,0,63
sciences,LG,BIM,0.7,BIM,0.3,10.198529411764707,4.5,0,63
sciences,LG,BIM,0.7,BIM,0.4,10.198529411764707,4.5,0,63
sciences,LG,BIM,0.7,BIM,0.5,10.198529411764707,4.5,0,63
sciences,LG,BIM,0.7,BIM,0.6,10.198529411764707,4.5,0,63
sciences,LG,BIM,0.7,BIM,0.7,10.198529411764707,4.5,0,63
sciences,LG,BIM,0.7,BIM,0.8,10.198529411764707,4.5,0,63
sciences,LG,BIM,0.7,BIM,0.9,10.198529411764707,4.5,0,63
sciences,LG,BIM,0.7,BIM,1.0,10.198529411764707,4.5,0,63
sciences,MOTO,BIM,0.7,BIM,0.1,8.985294117647058,5.0,0,62
sciences,MOTO,BIM,0.7,BIM,0.2,9.507352941176471,5.0,0,62
sciences,MOTO,BIM,0.7,BIM,0.3,9.507352941176471,5.0,0,62
sciences,MOTO,BIM,0.7,BIM,0.4,9.507352941176471,5.0,0,62
sciences,MOTO,BIM,0.7,BIM,0.5,9.507352941176471,5.0,0,62
sciences,MOTO,BIM,0.7,BIM,0.6,9.507352941176471,5.0,0,62
sciences,MOTO,BIM,0.7,BIM,0.7,9.507352941176471,5.0,0,62
sciences,MOTO,BIM,0.7,BIM,0.8,9.507352941176471,5.0,0,62
sciences,MOTO,BIM,0.7,BIM,0.9,9.507352941176471,5.0,0,62
sciences,MOTO,BIM,0.7,BIM,1.0,9.507352941176471,5.0,0,62
sciences,OP3,BIM,0.7,BIM,0.1,9.625,5.0,0,63
sciences,OP3,BIM,0.7,BIM,0.2,9.794117647058824,5.0,0,63
sciences,OP3,BIM,0.7,BIM,0.3,9.742647058823529,5.0,0,63
sciences,OP3,BIM,0.7,BIM,0.4,9.742647058823529,5.0,0,63
sciences,OP3,BIM,0.7,BIM,0.5,9.742647058823529,5.0,0,63
sciences,OP3,BIM,0.7,BIM,0.6,9.742647058823529,5.0,0,63
sciences,OP3,BIM,0.7,BIM,0.7,9.742647058823529,5.0,0,63
sciences,OP3,BIM,0.7,BIM,0.8,9.742647058823529,5.0,0,63
sciences,OP3,BIM,0.7,BIM,0.9,9.742647058823529,5.0,0,63
sciences,OP3,BIM,0.7,BIM,1.0,9.742647058823529,5.0,0,63
sciences,S7,BIM,0.7,BIM,0.1,8.448529411764707,5.0,0,63
sciences,S7,BIM,0.7,BIM,0.2,8.485294117647058,5.0,0,63
sciences,S7,BIM,0.7,BIM,0.3,8.507352941176471,5.0,0,63
sciences,S7,BIM,0.7,BIM,0.4,8.507352941176471,5.0,0,63
sciences,S7,BIM,0.7,BIM,0.5,8.507352941176471,5.0,0,63
sciences,S7,BIM,0.7,BIM,0.6,8.507352941176471,5.0,0,63
sciences,S7,BIM,0.7,BIM,0.7,8.507352941176471,5.0,0,63
sciences,S7,BIM,0.7,BIM,0.8,8.507352941176471,5.0,0,63
sciences,S7,BIM,0.7,BIM,0.9,8.507352941176471,5.0,0,63
sciences,S7,BIM,0.7,BIM,1.0,8.507352941176471,5.0,0,63
sciences,BLU,BIM,0.8,BIM,0.1,17.330882352941178,9.0,0,66
sciences,BLU,BIM,0.8,BIM,0.2,17.28676470588235,8.5,0,66
sciences,BLU,BIM,0.8,BIM,0.3,17.28676470588235,8.5,0,66
sciences,BLU,BIM,0.8,BIM,0.4,17.28676470588235,8.5,0,66
sciences,BLU,BIM,0.8,BIM,0.5,17.28676470588235,8.5,0,66
sciences,BLU,BIM,0.8,BIM,0.6,17.28676470588235,8.5,0,66
sciences,BLU,BIM,0.8,BIM,0.7,17.28676470588235,8.5,0,66
sciences,BLU,BIM,0.8,BIM,0.8,17.28676470588235,8.5,0,66
sciences,BLU,BIM,0.8,BIM,0.9,17.28676470588235,8.5,0,66
sciences,BLU,BIM,0.8,BIM,1.0,17.28676470588235,8.5,0,66
sciences,HTC,BIM,0.8,BIM,0.1,13.941176470588236,9.0,0,63
sciences,HTC,BIM,0.8,BIM,0.2,14.213235294117647,9.0,0,63
sciences,HTC,BIM,0.8,BIM,0.3,14.213235294117647,9.0,0,63
sciences,HTC,BIM,0.8,BIM,0.4,14.213235294117647,9.0,0,63
sciences,HTC,BIM,0.8,BIM,0.5,14.213235294117647,9.0,0,63
sciences,HTC,BIM,0.8,BIM,0.6,14.213235294117647,9.0,0,63
sciences,HTC,BIM,0.8,BIM,0.7,14.213235294117647,9.0,0,63
sciences,HTC,BIM,0.8,BIM,0.8,14.213235294117647,9.0,0,63
sciences,HTC,BIM,0.8,BIM,0.9,14.213235294117647,9.0,0,63
sciences,HTC,BIM,0.8,BIM,1.0,14.213235294117647,9.0,0,63
sciences,LG,BIM,0.8,BIM,0.1,9.889705882352942,5.0,0,65
sciences,LG,BIM,0.8,BIM,0.2,10.058823529411764,5.0,0,65
sciences,LG,BIM,0.8,BIM,0.3,10.073529411764707,5.0,0,65
sciences,LG,BIM,0.8,BIM,0.4,10.073529411764707,5.0,0,65
sciences,LG,BIM,0.8,BIM,0.5,10.073529411764707,5.0,0,65
sciences,LG,BIM,0.8,BIM,0.6,10.073529411764707,5.0,0,65
sciences,LG,BIM,0.8,BIM,0.7,10.073529411764707,5.0,0,65
sciences,LG,BIM,0.8,BIM,0.8,10.073529411764707,5.0,0,65
sciences,LG,BIM,0.8,BIM,0.9,10.073529411764707,5.0,0,65
sciences,LG,BIM,0.8,BIM,1.0,10.073529411764707,5.0,0,65
sciences,MOTO,BIM,0.8,BIM,0.1,15.029411764705882,7.0,0,65
sciences,MOTO,BIM,0.8,BIM,0.2,15.382352941176471,7.5,0,65
sciences,MOTO,BIM,0.8,BIM,0.3,15.382352941176471,7.5,0,65
sciences,MOTO,BIM,0.8,BIM,0.4,15.382352941176471,7.5,0,65
sciences,MOTO,BIM,0.8,BIM,0.5,15.382352941176471,7.5,0,65
sciences,MOTO,BIM,0.8,BIM,0.6,15.382352941176471,7.5,0,65
sciences,MOTO,BIM,0.8,BIM,0.7,15.382352941176471,7.5,0,65
sciences,MOTO,BIM,0.8,BIM,0.8,15.382352941176471,7.5,0,65
sciences,MOTO,BIM,0.8,BIM,0.9,15.382352941176471,7.5,0,65
sciences,MOTO,BIM,0.8,BIM,1.0,15.382352941176471,7.5,0,65
sciences,OP3,BIM,0.8,BIM,0.1,14.698529411764707,6.0,0,64
sciences,OP3,BIM,0.8,BIM,0.2,14.382352941176471,6.0,0,64
sciences,OP3,BIM,0.8,BIM,0.3,14.382352941176471,6.0,0,64
sciences,OP3,BIM,0.8,BIM,0.4,14.382352941176471,6.0,0,64
sciences,OP3,BIM,0.8,BIM,0.5,14.382352941176471,6.0,0,64
sciences,OP3,BIM,0.8,BIM,0.6,14.382352941176471,6.0,0,64
sciences,OP3,BIM,0.8,BIM,0.7,14.382352941176471,6.0,0,64
sciences,OP3,BIM,0.8,BIM,0.8,14.382352941176471,6.0,0,64
sciences,OP3,BIM,0.8,BIM,0.9,14.382352941176471,6.0,0,64
sciences,OP3,BIM,0.8,BIM,1.0,14.382352941176471,6.0,0,64
sciences,S7,BIM,0.8,BIM,0.1,12.308823529411764,6.0,0,63
sciences,S7,BIM,0.8,BIM,0.2,13.161764705882353,7.0,0,63
sciences,S7,BIM,0.8,BIM,0.3,12.338235294117647,6.0,0,63
sciences,S7,BIM,0.8,BIM,0.4,12.338235294117647,6.0,0,63
sciences,S7,BIM,0.8,BIM,0.5,12.338235294117647,6.0,0,63
sciences,S7,BIM,0.8,BIM,0.6,12.338235294117647,6.0,0,63
sciences,S7,BIM,0.8,BIM,0.7,12.338235294117647,6.0,0,63
sciences,S7,BIM,0.8,BIM,0.8,12.338235294117647,6.0,0,63
sciences,S7,BIM,0.8,BIM,0.9,12.338235294117647,6.0,0,63
sciences,S7,BIM,0.8,BIM,1.0,12.338235294117647,6.0,0,63
sciences,BLU,BIM,0.9,BIM,0.1,13.830882352941176,9.0,0,64
sciences,BLU,BIM,0.9,BIM,0.2,14.169117647058824,9.0,0,64
sciences,BLU,BIM,0.9,BIM,0.3,14.169117647058824,9.0,0,64
sciences,BLU,BIM,0.9,BIM,0.4,14.169117647058824,9.0,0,64
sciences,BLU,BIM,0.9,BIM,0.5,14.169117647058824,9.0,0,64
sciences,BLU,BIM,0.9,BIM,0.6,14.169117647058824,9.0,0,64
sciences,BLU,BIM,0.9,BIM,0.7,14.169117647058824,9.0,0,64
sciences,BLU,BIM,0.9,BIM,0.8,14.169117647058824,9.0,0,64
sciences,BLU,BIM,0.9,BIM,0.9,14.169117647058824,9.0,0,64
sciences,BLU,BIM,0.9,BIM,1.0,14.169117647058824,9.0,0,64
sciences,HTC,BIM,0.9,BIM,0.1,11.705882352941176,5.0,0,60
sciences,HTC,BIM,0.9,BIM,0.2,11.860294117647058,5.0,0,60
sciences,HTC,BIM,0.9,BIM,0.3,11.889705882352942,5.5,0,60
sciences,HTC,BIM,0.9,BIM,0.4,11.889705882352942,5.5,0,60
sciences,HTC,BIM,0.9,BIM,0.5,11.889705882352942,5.5,0,60
sciences,HTC,BIM,0.9,BIM,0.6,11.889705882352942,5.5,0,60
sciences,HTC,BIM,0.9,BIM,0.7,11.889705882352942,5.5,0,60
sciences,HTC,BIM,0.9,BIM,0.8,11.889705882352942,5.5,0,60
sciences,HTC,BIM,0.9,BIM,0.9,11.889705882352942,5.5,0,60
sciences,HTC,BIM,0.9,BIM,1.0,11.889705882352942,5.5,0,60
sciences,LG,BIM,0.9,BIM,0.1,9.816176470588236,5.5,0,64
sciences,LG,BIM,0.9,BIM,0.2,10.242647058823529,6.0,0,64
sciences,LG,BIM,0.9,BIM,0.3,10.139705882352942,5.5,0,64
sciences,LG,BIM,0.9,BIM,0.4,10.139705882352942,5.5,0,64
sciences,LG,BIM,0.9,BIM,0.5,10.139705882352942,5.5,0,64
sciences,LG,BIM,0.9,BIM,0.6,10.139705882352942,5.5,0,64
sciences,LG,BIM,0.9,BIM,0.7,10.139705882352942,5.5,0,64
sciences,LG,BIM,0.9,BIM,0.8,10.139705882352942,5.5,0,64
sciences,LG,BIM,0.9,BIM,0.9,10.139705882352942,5.5,0,64
sciences,LG,BIM,0.9,BIM,1.0,10.139705882352942,5.5,0,64
sciences,MOTO,BIM,0.9,BIM,0.1,11.654411764705882,6.0,0,63
sciences,MOTO,BIM,0.9,BIM,0.2,11.816176470588236,6.0,0,63
sciences,MOTO,BIM,0.9,BIM,0.3,11.794117647058824,6.0,0,63
sciences,MOTO,BIM,0.9,BIM,0.4,11.794117647058824,6.0,0,63
sciences,MOTO,BIM,0.9,BIM,0.5,11.794117647058824,6.0,0,63
sciences,MOTO,BIM,0.9,BIM,0.6,11.794117647058824,6.0,0,63
sciences,MOTO,BIM,0.9,BIM,0.7,11.794117647058824,6.0,0,63
sciences,MOTO,BIM,0.9,BIM,0.8,11.794117647058824,6.0,0,63
sciences,MOTO,BIM,0.9,BIM,0.9,11.794117647058824,6.0,0,63
sciences,MOTO,BIM,0.9,BIM,1.0,11.794117647058824,6.0,0,63
sciences,OP3,BIM,0.9,BIM,0.1,11.544117647058824,7.0,0,62
sciences,OP3,BIM,0.9,BIM,0.2,11.654411764705882,7.0,0,62
sciences,OP3,BIM,0.9,BIM,0.3,11.654411764705882,7.0,0,62
sciences,OP3,BIM,0.9,BIM,0.4,11.654411764705882,7.0,0,62
sciences,OP3,BIM,0.9,BIM,0.5,11.654411764705882,7.0,0,62
sciences,OP3,BIM,0.9,BIM,0.6,11.654411764705882,7.0,0,62
sciences,OP3,BIM,0.9,BIM,0.7,11.654411764705882,7.0,0,62
sciences,OP3,BIM,0.9,BIM,0.8,11.654411764705882,7.0,0,62
sciences,OP3,BIM,0.9,BIM,0.9,11.654411764705882,7.0,0,62
sciences,OP3,BIM,0.9,BIM,1.0,11.654411764705882,7.0,0,62
sciences,S7,BIM,0.9,BIM,0.1,10.25,6.0,0,59
sciences,S7,BIM,0.9,BIM,0.2,10.058823529411764,6.0,0,59
sciences,S7,BIM,0.9,BIM,0.3,10.257352941176471,6.0,0,59
sciences,S7,BIM,0.9,BIM,0.4,10.257352941176471,6.0,0,59
sciences,S7,BIM,0.9,BIM,0.5,10.257352941176471,6.0,0,59
sciences,S7,BIM,0.9,BIM,0.6,10.257352941176471,6.0,0,59
sciences,S7,BIM,0.9,BIM,0.7,10.257352941176471,6.0,0,59
sciences,S7,BIM,0.9,BIM,0.8,10.257352941176471,6.0,0,59
sciences,S7,BIM,0.9,BIM,0.9,10.257352941176471,6.0,0,59
sciences,S7,BIM,0.9,BIM,1.0,10.257352941176471,6.0,0,59
sciences,BLU,BIM,1.0,BIM,0.1,14.573529411764707,9.0,0,64
sciences,BLU,BIM,1.0,BIM,0.2,14.661764705882353,9.0,0,64
sciences,BLU,BIM,1.0,BIM,0.3,14.720588235294118,9.0,0,64
sciences,BLU,BIM,1.0,BIM,0.4,14.720588235294118,9.0,0,64
sciences,BLU,BIM,1.0,BIM,0.5,14.720588235294118,9.0,0,64
sciences,BLU,BIM,1.0,BIM,0.6,14.720588235294118,9.0,0,64
sciences,BLU,BIM,1.0,BIM,0.7,14.720588235294118,9.0,0,64
sciences,BLU,BIM,1.0,BIM,0.8,14.720588235294118,9.0,0,64
sciences,BLU,BIM,1.0,BIM,0.9,14.720588235294118,9.0,0,64
sciences,BLU,BIM,1.0,BIM,1.0,14.720588235294118,9.0,0,64
sciences,HTC,BIM,1.0,BIM,0.1,10.551470588235293,6.0,0,63
sciences,HTC,BIM,1.0,BIM,0.2,10.669117647058824,6.0,0,63
sciences,HTC,BIM,1.0,BIM,0.3,10.720588235294118,6.0,0,63
sciences,HTC,BIM,1.0,BIM,0.4,10.720588235294118,6.0,0,63
sciences,HTC,BIM,1.0,BIM,0.5,10.720588235294118,6.0,0,63
sciences,HTC,BIM,1.0,BIM,0.6,10.720588235294118,6.0,0,63
sciences,HTC,BIM,1.0,BIM,0.7,10.720588235294118,6.0,0,63
sciences,HTC,BIM,1.0,BIM,0.8,10.720588235294118,6.0,0,63
sciences,HTC,BIM,1.0,BIM,0.9,10.720588235294118,6.0,0,63
sciences,HTC,BIM,1.0,BIM,1.0,10.720588235294118,6.0,0,63
sciences,LG,BIM,1.0,BIM,0.1,11.492647058823529,6.0,0,67
sciences,LG,BIM,1.0,BIM,0.2,11.713235294117647,6.0,0,67
sciences,LG,BIM,1.0,BIM,0.3,11.683823529411764,6.0,0,67
sciences,LG,BIM,1.0,BIM,0.4,11.683823529411764,6.0,0,67
sciences,LG,BIM,1.0,BIM,0.5,11.683823529411764,6.0,0,67
sciences,LG,BIM,1.0,BIM,0.6,11.683823529411764,6.0,0,67
sciences,LG,BIM,1.0,BIM,0.7,11.683823529411764,6.0,0,67
sciences,LG,BIM,1.0,BIM,0.8,11.683823529411764,6.0,0,67
sciences,LG,BIM,1.0,BIM,0.9,11.683823529411764,6.0,0,67
sciences,LG,BIM,1.0,BIM,1.0,11.683823529411764,6.0,0,67
sciences,MOTO,BIM,1.0,BIM,0.1,9.830882352941176,6.0,0,65
sciences,MOTO,BIM,1.0,BIM,0.2,10.051470588235293,6.0,0,65
sciences,MOTO,BIM,1.0,BIM,0.3,10.066176470588236,6.0,0,65
sciences,MOTO,BIM,1.0,BIM,0.4,10.066176470588236,6.0,0,65
sciences,MOTO,BIM,1.0,BIM,0.5,10.066176470588236,6.0,0,65
sciences,MOTO,BIM,1.0,BIM,0.6,10.066176470588236,6.0,0,65
sciences,MOTO,BIM,1.0,BIM,0.7,10.066176470588236,6.0,0,65
sciences,MOTO,BIM,1.0,BIM,0.8,10.066176470588236,6.0,0,65
sciences,MOTO,BIM,1.0,BIM,0.9,10.066176470588236,6.0,0,65
sciences,MOTO,BIM,1.0,BIM,1.0,10.066176470588236,6.0,0,65
sciences,OP3,BIM,1.0,BIM,0.1,11.433823529411764,6.0,0,67
sciences,OP3,BIM,1.0,BIM,0.2,11.205882352941176,6.0,0,67
sciences,OP3,BIM,1.0,BIM,0.3,11.161764705882353,5.5,0,67
sciences,OP3,BIM,1.0,BIM,0.4,11.161764705882353,5.5,0,67
sciences,OP3,BIM,1.0,BIM,0.5,11.161764705882353,5.5,0,67
sciences,OP3,BIM,1.0,BIM,0.6,11.161764705882353,5.5,0,67
sciences,OP3,BIM,1.0,BIM,0.7,11.161764705882353,5.5,0,67
sciences,OP3,BIM,1.0,BIM,0.8,11.161764705882353,5.5,0,67
sciences,OP3,BIM,1.0,BIM,0.9,11.161764705882353,5.5,0,67
sciences,OP3,BIM,1.0,BIM,1.0,11.161764705882353,5.5,0,67
sciences,S7,BIM,1.0,BIM,0.1,9.522058823529411,5.5,0,62
sciences,S7,BIM,1.0,BIM,0.2,9.536764705882353,5.0,0,61
sciences,S7,BIM,1.0,BIM,0.3,9.632352941176471,5.5,0,61
sciences,S7,BIM,1.0,BIM,0.4,9.632352941176471,5.5,0,61
sciences,S7,BIM,1.0,BIM,0.5,9.632352941176471,5.5,0,61
sciences,S7,BIM,1.0,BIM,0.6,9.632352941176471,5.5,0,61
sciences,S7,BIM,1.0,BIM,0.7,9.632352941176471,5.5,0,61
sciences,S7,BIM,1.0,BIM,0.8,9.632352941176471,5.5,0,61
sciences,S7,BIM,1.0,BIM,0.9,9.632352941176471,5.5,0,61
sciences,S7,BIM,1.0,BIM,1.0,9.632352941176471,5.5,0,61
