Floorplan,Device,Training Data,Training Epsilon,Attack,Inference Epsilon,Mean Error,Median Error,Min Error,Max Error
engr0,BLU,ORIGINAL,0.0,ORIGINAL,0.0,1.901639344262295,1.0,0,8
engr0,BLU,ORIGINAL,0.0,ORIGINAL,0.0,1.901639344262295,1.0,0,8
engr0,BLU,ORIGINAL,0.0,ORIGINAL,0.0,1.901639344262295,1.0,0,8
engr0,BLU,ORIGINAL,0.0,ORIGINAL,0.0,1.901639344262295,1.0,0,8
engr0,BLU,ORIGINAL,0.0,ORIGINAL,0.0,1.901639344262295,1.0,0,8
engr0,BLU,ORIGINAL,0.0,ORIGINAL,0.0,1.901639344262295,1.0,0,8
engr0,BLU,ORIGINAL,0.0,ORIGINAL,0.0,1.901639344262295,1.0,0,8
engr0,BLU,ORIGINAL,0.0,ORIGINAL,0.0,1.901639344262295,1.0,0,8
engr0,BLU,ORIGINAL,0.0,ORIGINAL,0.0,1.901639344262295,1.0,0,8
engr0,BLU,ORIGINAL,0.0,ORIGINAL,0.0,1.901639344262295,1.0,0,8
engr0,HTC,ORIGINAL,0.0,ORIGINAL,0.0,1.6885245901639345,1.0,0,6
engr0,HTC,ORIGINAL,0.0,ORIGINAL,0.0,1.6885245901639345,1.0,0,6
engr0,HTC,ORIGINAL,0.0,ORIGINAL,0.0,1.6885245901639345,1.0,0,6
engr0,HTC,ORIGINAL,0.0,ORIGINAL,0.0,1.6885245901639345,1.0,0,6
engr0,HTC,ORIGINAL,0.0,ORIGINAL,0.0,1.6885245901639345,1.0,0,6
engr0,HTC,ORIGINAL,0.0,ORIGINAL,0.0,1.6885245901639345,1.0,0,6
engr0,HTC,ORIGINAL,0.0,ORIGINAL,0.0,1.6885245901639345,1.0,0,6
engr0,HTC,ORIGINAL,0.0,ORIGINAL,0.0,1.6885245901639345,1.0,0,6
engr0,HTC,ORIGINAL,0.0,ORIGINAL,0.0,1.6885245901639345,1.0,0,6
engr0,HTC,ORIGINAL,0.0,ORIGINAL,0.0,1.6885245901639345,1.0,0,6
engr0,LG,ORIGINAL,0.0,ORIGINAL,0.0,1.6229508196721312,1.0,0,7
engr0,LG,ORIGINAL,0.0,ORIGINAL,0.0,1.6229508196721312,1.0,0,7
engr0,LG,ORIGINAL,0.0,ORIGINAL,0.0,1.6229508196721312,1.0,0,7
engr0,LG,ORIGINAL,0.0,ORIGINAL,0.0,1.6229508196721312,1.0,0,7
engr0,LG,ORIGINAL,0.0,ORIGINAL,0.0,1.6229508196721312,1.0,0,7
engr0,LG,ORIGINAL,0.0,ORIGINAL,0.0,1.6229508196721312,1.0,0,7
engr0,LG,ORIGINAL,0.0,ORIGINAL,0.0,1.6229508196721312,1.0,0,7
engr0,LG,ORIGINAL,0.0,ORIGINAL,0.0,1.6229508196721312,1.0,0,7
engr0,LG,ORIGINAL,0.0,ORIGINAL,0.0,1.6229508196721312,1.0,0,7
engr0,LG,ORIGINAL,0.0,ORIGINAL,0.0,1.6229508196721312,1.0,0,7
engr0,MOTO,ORIGINAL,0.0,ORIGINAL,0.0,2.0327868852459017,1.0,0,8
engr0,MOTO,ORIGINAL,0.0,ORIGINAL,0.0,2.0327868852459017,1.0,0,8
engr0,MOTO,ORIGINAL,0.0,ORIGINAL,0.0,2.0327868852459017,1.0,0,8
engr0,MOTO,ORIGINAL,0.0,ORIGINAL,0.0,2.0327868852459017,1.0,0,8
engr0,MOTO,ORIGINAL,0.0,ORIGINAL,0.0,2.0327868852459017,1.0,0,8
engr0,MOTO,ORIGINAL,0.0,ORIGINAL,0.0,2.0327868852459017,1.0,0,8
engr0,MOTO,ORIGINAL,0.0,ORIGINAL,0.0,2.0327868852459017,1.0,0,8
engr0,MOTO,ORIGINAL,0.0,ORIGINAL,0.0,2.0327868852459017,1.0,0,8
engr0,MOTO,ORIGINAL,0.0,ORIGINAL,0.0,2.0327868852459017,1.0,0,8
engr0,MOTO,ORIGINAL,0.0,ORIGINAL,0.0,2.0327868852459017,1.0,0,8
engr0,OP3,ORIGINAL,0.0,ORIGINAL,0.0,0.36065573770491804,0.0,0,4
engr0,OP3,ORIGINAL,0.0,ORIGINAL,0.0,0.36065573770491804,0.0,0,4
engr0,OP3,ORIGINAL,0.0,ORIGINAL,0.0,0.36065573770491804,0.0,0,4
engr0,OP3,ORIGINAL,0.0,ORIGINAL,0.0,0.36065573770491804,0.0,0,4
engr0,OP3,ORIGINAL,0.0,ORIGINAL,0.0,0.36065573770491804,0.0,0,4
engr0,OP3,ORIGINAL,0.0,ORIGINAL,0.0,0.36065573770491804,0.0,0,4
engr0,OP3,ORIGINAL,0.0,ORIGINAL,0.0,0.36065573770491804,0.0,0,4
engr0,OP3,ORIGINAL,0.0,ORIGINAL,0.0,0.36065573770491804,0.0,0,4
engr0,OP3,ORIGINAL,0.0,ORIGINAL,0.0,0.36065573770491804,0.0,0,4
engr0,OP3,ORIGINAL,0.0,ORIGINAL,0.0,0.36065573770491804,0.0,0,4
engr0,S7,ORIGINAL,0.0,ORIGINAL,0.0,1.3278688524590163,1.0,0,9
engr0,S7,ORIGINAL,0.0,ORIGINAL,0.0,1.3278688524590163,1.0,0,9
engr0,S7,ORIGINAL,0.0,ORIGINAL,0.0,1.3278688524590163,1.0,0,9
engr0,S7,ORIGINAL,0.0,ORIGINAL,0.0,1.3278688524590163,1.0,0,9
engr0,S7,ORIGINAL,0.0,ORIGINAL,0.0,1.3278688524590163,1.0,0,9
engr0,S7,ORIGINAL,0.0,ORIGINAL,0.0,1.3278688524590163,1.0,0,9
engr0,S7,ORIGINAL,0.0,ORIGINAL,0.0,1.3278688524590163,1.0,0,9
engr0,S7,ORIGINAL,0.0,ORIGINAL,0.0,1.3278688524590163,1.0,0,9
engr0,S7,ORIGINAL,0.0,ORIGINAL,0.0,1.3278688524590163,1.0,0,9
engr0,S7,ORIGINAL,0.0,ORIGINAL,0.0,1.3278688524590163,1.0,0,9
engr0,BLU,SAE,0.0,ORIGINAL,0.0,1.901639344262295,1.0,0,8
engr0,BLU,SAE,0.0,ORIGINAL,0.0,1.901639344262295,1.0,0,8
engr0,BLU,SAE,0.0,ORIGINAL,0.0,1.901639344262295,1.0,0,8
engr0,BLU,SAE,0.0,ORIGINAL,0.0,1.901639344262295,1.0,0,8
engr0,BLU,SAE,0.0,ORIGINAL,0.0,1.901639344262295,1.0,0,8
engr0,BLU,SAE,0.0,ORIGINAL,0.0,1.901639344262295,1.0,0,8
engr0,BLU,SAE,0.0,ORIGINAL,0.0,1.901639344262295,1.0,0,8
engr0,BLU,SAE,0.0,ORIGINAL,0.0,1.901639344262295,1.0,0,8
engr0,BLU,SAE,0.0,ORIGINAL,0.0,1.901639344262295,1.0,0,8
engr0,BLU,SAE,0.0,ORIGINAL,0.0,1.901639344262295,1.0,0,8
engr0,HTC,SAE,0.0,ORIGINAL,0.0,1.6885245901639345,1.0,0,6
engr0,HTC,SAE,0.0,ORIGINAL,0.0,1.6885245901639345,1.0,0,6
engr0,HTC,SAE,0.0,ORIGINAL,0.0,1.6885245901639345,1.0,0,6
engr0,HTC,SAE,0.0,ORIGINAL,0.0,1.6885245901639345,1.0,0,6
engr0,HTC,SAE,0.0,ORIGINAL,0.0,1.6885245901639345,1.0,0,6
engr0,HTC,SAE,0.0,ORIGINAL,0.0,1.6885245901639345,1.0,0,6
engr0,HTC,SAE,0.0,ORIGINAL,0.0,1.6885245901639345,1.0,0,6
engr0,HTC,SAE,0.0,ORIGINAL,0.0,1.6885245901639345,1.0,0,6
engr0,HTC,SAE,0.0,ORIGINAL,0.0,1.6885245901639345,1.0,0,6
engr0,HTC,SAE,0.0,ORIGINAL,0.0,1.6885245901639345,1.0,0,6
engr0,LG,SAE,0.0,ORIGINAL,0.0,1.6229508196721312,1.0,0,7
engr0,LG,SAE,0.0,ORIGINAL,0.0,1.6229508196721312,1.0,0,7
engr0,LG,SAE,0.0,ORIGINAL,0.0,1.6229508196721312,1.0,0,7
engr0,LG,SAE,0.0,ORIGINAL,0.0,1.6229508196721312,1.0,0,7
engr0,LG,SAE,0.0,ORIGINAL,0.0,1.6229508196721312,1.0,0,7
engr0,LG,SAE,0.0,ORIGINAL,0.0,1.6229508196721312,1.0,0,7
engr0,LG,SAE,0.0,ORIGINAL,0.0,1.6229508196721312,1.0,0,7
engr0,LG,SAE,0.0,ORIGINAL,0.0,1.6229508196721312,1.0,0,7
engr0,LG,SAE,0.0,ORIGINAL,0.0,1.6229508196721312,1.0,0,7
engr0,LG,SAE,0.0,ORIGINAL,0.0,1.6229508196721312,1.0,0,7
engr0,MOTO,SAE,0.0,ORIGINAL,0.0,2.0327868852459017,1.0,0,8
engr0,MOTO,SAE,0.0,ORIGINAL,0.0,2.0327868852459017,1.0,0,8
engr0,MOTO,SAE,0.0,ORIGINAL,0.0,2.0327868852459017,1.0,0,8
engr0,MOTO,SAE,0.0,ORIGINAL,0.0,2.0327868852459017,1.0,0,8
engr0,MOTO,SAE,0.0,ORIGINAL,0.0,2.0327868852459017,1.0,0,8
engr0,MOTO,SAE,0.0,ORIGINAL,0.0,2.0327868852459017,1.0,0,8
engr0,MOTO,SAE,0.0,ORIGINAL,0.0,2.0327868852459017,1.0,0,8
engr0,MOTO,SAE,0.0,ORIGINAL,0.0,2.0327868852459017,1.0,0,8
engr0,MOTO,SAE,0.0,ORIGINAL,0.0,2.0327868852459017,1.0,0,8
engr0,MOTO,SAE,0.0,ORIGINAL,0.0,2.0327868852459017,1.0,0,8
engr0,OP3,SAE,0.0,ORIGINAL,0.0,0.36065573770491804,0.0,0,4
engr0,OP3,SAE,0.0,ORIGINAL,0.0,0.36065573770491804,0.0,0,4
engr0,OP3,SAE,0.0,ORIGINAL,0.0,0.36065573770491804,0.0,0,4
engr0,OP3,SAE,0.0,ORIGINAL,0.0,0.36065573770491804,0.0,0,4
engr0,OP3,SAE,0.0,ORIGINAL,0.0,0.36065573770491804,0.0,0,4
engr0,OP3,SAE,0.0,ORIGINAL,0.0,0.36065573770491804,0.0,0,4
engr0,OP3,SAE,0.0,ORIGINAL,0.0,0.36065573770491804,0.0,0,4
engr0,OP3,SAE,0.0,ORIGINAL,0.0,0.36065573770491804,0.0,0,4
engr0,OP3,SAE,0.0,ORIGINAL,0.0,0.36065573770491804,0.0,0,4
engr0,OP3,SAE,0.0,ORIGINAL,0.0,0.36065573770491804,0.0,0,4
engr0,S7,SAE,0.0,ORIGINAL,0.0,1.3278688524590163,1.0,0,9
engr0,S7,SAE,0.0,ORIGINAL,0.0,1.3278688524590163,1.0,0,9
engr0,S7,SAE,0.0,ORIGINAL,0.0,1.3278688524590163,1.0,0,9
engr0,S7,SAE,0.0,ORIGINAL,0.0,1.3278688524590163,1.0,0,9
engr0,S7,SAE,0.0,ORIGINAL,0.0,1.3278688524590163,1.0,0,9
engr0,S7,SAE,0.0,ORIGINAL,0.0,1.3278688524590163,1.0,0,9
engr0,S7,SAE,0.0,ORIGINAL,0.0,1.3278688524590163,1.0,0,9
engr0,S7,SAE,0.0,ORIGINAL,0.0,1.3278688524590163,1.0,0,9
engr0,S7,SAE,0.0,ORIGINAL,0.0,1.3278688524590163,1.0,0,9
engr0,S7,SAE,0.0,ORIGINAL,0.0,1.3278688524590163,1.0,0,9
engr0,BLU,STACKED_SAE,0.0,ORIGINAL,0.0,1.901639344262295,1.0,0,8
engr0,BLU,STACKED_SAE,0.0,ORIGINAL,0.0,1.901639344262295,1.0,0,8
engr0,BLU,STACKED_SAE,0.0,ORIGINAL,0.0,1.901639344262295,1.0,0,8
engr0,BLU,STACKED_SAE,0.0,ORIGINAL,0.0,1.901639344262295,1.0,0,8
engr0,BLU,STACKED_SAE,0.0,ORIGINAL,0.0,1.901639344262295,1.0,0,8
engr0,BLU,STACKED_SAE,0.0,ORIGINAL,0.0,1.901639344262295,1.0,0,8
engr0,BLU,STACKED_SAE,0.0,ORIGINAL,0.0,1.901639344262295,1.0,0,8
engr0,BLU,STACKED_SAE,0.0,ORIGINAL,0.0,1.901639344262295,1.0,0,8
engr0,BLU,STACKED_SAE,0.0,ORIGINAL,0.0,1.901639344262295,1.0,0,8
engr0,BLU,STACKED_SAE,0.0,ORIGINAL,0.0,1.901639344262295,1.0,0,8
engr0,HTC,STACKED_SAE,0.0,ORIGINAL,0.0,1.6885245901639345,1.0,0,6
engr0,HTC,STACKED_SAE,0.0,ORIGINAL,0.0,1.6885245901639345,1.0,0,6
engr0,HTC,STACKED_SAE,0.0,ORIGINAL,0.0,1.6885245901639345,1.0,0,6
engr0,HTC,STACKED_SAE,0.0,ORIGINAL,0.0,1.6885245901639345,1.0,0,6
engr0,HTC,STACKED_SAE,0.0,ORIGINAL,0.0,1.6885245901639345,1.0,0,6
engr0,HTC,STACKED_SAE,0.0,ORIGINAL,0.0,1.6885245901639345,1.0,0,6
engr0,HTC,STACKED_SAE,0.0,ORIGINAL,0.0,1.6885245901639345,1.0,0,6
engr0,HTC,STACKED_SAE,0.0,ORIGINAL,0.0,1.6885245901639345,1.0,0,6
engr0,HTC,STACKED_SAE,0.0,ORIGINAL,0.0,1.6885245901639345,1.0,0,6
engr0,HTC,STACKED_SAE,0.0,ORIGINAL,0.0,1.6885245901639345,1.0,0,6
engr0,LG,STACKED_SAE,0.0,ORIGINAL,0.0,1.6229508196721312,1.0,0,7
engr0,LG,STACKED_SAE,0.0,ORIGINAL,0.0,1.6229508196721312,1.0,0,7
engr0,LG,STACKED_SAE,0.0,ORIGINAL,0.0,1.6229508196721312,1.0,0,7
engr0,LG,STACKED_SAE,0.0,ORIGINAL,0.0,1.6229508196721312,1.0,0,7
engr0,LG,STACKED_SAE,0.0,ORIGINAL,0.0,1.6229508196721312,1.0,0,7
engr0,LG,STACKED_SAE,0.0,ORIGINAL,0.0,1.6229508196721312,1.0,0,7
engr0,LG,STACKED_SAE,0.0,ORIGINAL,0.0,1.6229508196721312,1.0,0,7
engr0,LG,STACKED_SAE,0.0,ORIGINAL,0.0,1.6229508196721312,1.0,0,7
engr0,LG,STACKED_SAE,0.0,ORIGINAL,0.0,1.6229508196721312,1.0,0,7
engr0,LG,STACKED_SAE,0.0,ORIGINAL,0.0,1.6229508196721312,1.0,0,7
engr0,MOTO,STACKED_SAE,0.0,ORIGINAL,0.0,2.0327868852459017,1.0,0,8
engr0,MOTO,STACKED_SAE,0.0,ORIGINAL,0.0,2.0327868852459017,1.0,0,8
engr0,MOTO,STACKED_SAE,0.0,ORIGINAL,0.0,2.0327868852459017,1.0,0,8
engr0,MOTO,STACKED_SAE,0.0,ORIGINAL,0.0,2.0327868852459017,1.0,0,8
engr0,MOTO,STACKED_SAE,0.0,ORIGINAL,0.0,2.0327868852459017,1.0,0,8
engr0,MOTO,STACKED_SAE,0.0,ORIGINAL,0.0,2.0327868852459017,1.0,0,8
engr0,MOTO,STACKED_SAE,0.0,ORIGINAL,0.0,2.0327868852459017,1.0,0,8
engr0,MOTO,STACKED_SAE,0.0,ORIGINAL,0.0,2.0327868852459017,1.0,0,8
engr0,MOTO,STACKED_SAE,0.0,ORIGINAL,0.0,2.0327868852459017,1.0,0,8
engr0,MOTO,STACKED_SAE,0.0,ORIGINAL,0.0,2.0327868852459017,1.0,0,8
engr0,OP3,STACKED_SAE,0.0,ORIGINAL,0.0,0.36065573770491804,0.0,0,4
engr0,OP3,STACKED_SAE,0.0,ORIGINAL,0.0,0.36065573770491804,0.0,0,4
engr0,OP3,STACKED_SAE,0.0,ORIGINAL,0.0,0.36065573770491804,0.0,0,4
engr0,OP3,STACKED_SAE,0.0,ORIGINAL,0.0,0.36065573770491804,0.0,0,4
engr0,OP3,STACKED_SAE,0.0,ORIGINAL,0.0,0.36065573770491804,0.0,0,4
engr0,OP3,STACKED_SAE,0.0,ORIGINAL,0.0,0.36065573770491804,0.0,0,4
engr0,OP3,STACKED_SAE,0.0,ORIGINAL,0.0,0.36065573770491804,0.0,0,4
engr0,OP3,STACKED_SAE,0.0,ORIGINAL,0.0,0.36065573770491804,0.0,0,4
engr0,OP3,STACKED_SAE,0.0,ORIGINAL,0.0,0.36065573770491804,0.0,0,4
engr0,OP3,STACKED_SAE,0.0,ORIGINAL,0.0,0.36065573770491804,0.0,0,4
engr0,S7,STACKED_SAE,0.0,ORIGINAL,0.0,1.3278688524590163,1.0,0,9
engr0,S7,STACKED_SAE,0.0,ORIGINAL,0.0,1.3278688524590163,1.0,0,9
engr0,S7,STACKED_SAE,0.0,ORIGINAL,0.0,1.3278688524590163,1.0,0,9
engr0,S7,STACKED_SAE,0.0,ORIGINAL,0.0,1.3278688524590163,1.0,0,9
engr0,S7,STACKED_SAE,0.0,ORIGINAL,0.0,1.3278688524590163,1.0,0,9
engr0,S7,STACKED_SAE,0.0,ORIGINAL,0.0,1.3278688524590163,1.0,0,9
engr0,S7,STACKED_SAE,0.0,ORIGINAL,0.0,1.3278688524590163,1.0,0,9
engr0,S7,STACKED_SAE,0.0,ORIGINAL,0.0,1.3278688524590163,1.0,0,9
engr0,S7,STACKED_SAE,0.0,ORIGINAL,0.0,1.3278688524590163,1.0,0,9
engr0,S7,STACKED_SAE,0.0,ORIGINAL,0.0,1.3278688524590163,1.0,0,9
engr0,BLU,GAN,0.0,ORIGINAL,0.0,1.901639344262295,1.0,0,8
engr0,BLU,GAN,0.0,ORIGINAL,0.0,1.901639344262295,1.0,0,8
engr0,BLU,GAN,0.0,ORIGINAL,0.0,1.901639344262295,1.0,0,8
engr0,BLU,GAN,0.0,ORIGINAL,0.0,1.901639344262295,1.0,0,8
engr0,BLU,GAN,0.0,ORIGINAL,0.0,1.901639344262295,1.0,0,8
engr0,BLU,GAN,0.0,ORIGINAL,0.0,1.901639344262295,1.0,0,8
engr0,BLU,GAN,0.0,ORIGINAL,0.0,1.901639344262295,1.0,0,8
engr0,BLU,GAN,0.0,ORIGINAL,0.0,1.901639344262295,1.0,0,8
engr0,BLU,GAN,0.0,ORIGINAL,0.0,1.901639344262295,1.0,0,8
engr0,BLU,GAN,0.0,ORIGINAL,0.0,1.901639344262295,1.0,0,8
engr0,HTC,GAN,0.0,ORIGINAL,0.0,1.6885245901639345,1.0,0,6
engr0,HTC,GAN,0.0,ORIGINAL,0.0,1.6885245901639345,1.0,0,6
engr0,HTC,GAN,0.0,ORIGINAL,0.0,1.6885245901639345,1.0,0,6
engr0,HTC,GAN,0.0,ORIGINAL,0.0,1.6885245901639345,1.0,0,6
engr0,HTC,GAN,0.0,ORIGINAL,0.0,1.6885245901639345,1.0,0,6
engr0,HTC,GAN,0.0,ORIGINAL,0.0,1.6885245901639345,1.0,0,6
engr0,HTC,GAN,0.0,ORIGINAL,0.0,1.6885245901639345,1.0,0,6
engr0,HTC,GAN,0.0,ORIGINAL,0.0,1.6885245901639345,1.0,0,6
engr0,HTC,GAN,0.0,ORIGINAL,0.0,1.6885245901639345,1.0,0,6
engr0,HTC,GAN,0.0,ORIGINAL,0.0,1.6885245901639345,1.0,0,6
engr0,LG,GAN,0.0,ORIGINAL,0.0,1.6229508196721312,1.0,0,7
engr0,LG,GAN,0.0,ORIGINAL,0.0,1.6229508196721312,1.0,0,7
engr0,LG,GAN,0.0,ORIGINAL,0.0,1.6229508196721312,1.0,0,7
engr0,LG,GAN,0.0,ORIGINAL,0.0,1.6229508196721312,1.0,0,7
engr0,LG,GAN,0.0,ORIGINAL,0.0,1.6229508196721312,1.0,0,7
engr0,LG,GAN,0.0,ORIGINAL,0.0,1.6229508196721312,1.0,0,7
engr0,LG,GAN,0.0,ORIGINAL,0.0,1.6229508196721312,1.0,0,7
engr0,LG,GAN,0.0,ORIGINAL,0.0,1.6229508196721312,1.0,0,7
engr0,LG,GAN,0.0,ORIGINAL,0.0,1.6229508196721312,1.0,0,7
engr0,LG,GAN,0.0,ORIGINAL,0.0,1.6229508196721312,1.0,0,7
engr0,MOTO,GAN,0.0,ORIGINAL,0.0,2.0327868852459017,1.0,0,8
engr0,MOTO,GAN,0.0,ORIGINAL,0.0,2.0327868852459017,1.0,0,8
engr0,MOTO,GAN,0.0,ORIGINAL,0.0,2.0327868852459017,1.0,0,8
engr0,MOTO,GAN,0.0,ORIGINAL,0.0,2.0327868852459017,1.0,0,8
engr0,MOTO,GAN,0.0,ORIGINAL,0.0,2.0327868852459017,1.0,0,8
engr0,MOTO,GAN,0.0,ORIGINAL,0.0,2.0327868852459017,1.0,0,8
engr0,MOTO,GAN,0.0,ORIGINAL,0.0,2.0327868852459017,1.0,0,8
engr0,MOTO,GAN,0.0,ORIGINAL,0.0,2.0327868852459017,1.0,0,8
engr0,MOTO,GAN,0.0,ORIGINAL,0.0,2.0327868852459017,1.0,0,8
engr0,MOTO,GAN,0.0,ORIGINAL,0.0,2.0327868852459017,1.0,0,8
engr0,OP3,GAN,0.0,ORIGINAL,0.0,0.36065573770491804,0.0,0,4
engr0,OP3,GAN,0.0,ORIGINAL,0.0,0.36065573770491804,0.0,0,4
engr0,OP3,GAN,0.0,ORIGINAL,0.0,0.36065573770491804,0.0,0,4
engr0,OP3,GAN,0.0,ORIGINAL,0.0,0.36065573770491804,0.0,0,4
engr0,OP3,GAN,0.0,ORIGINAL,0.0,0.36065573770491804,0.0,0,4
engr0,OP3,GAN,0.0,ORIGINAL,0.0,0.36065573770491804,0.0,0,4
engr0,OP3,GAN,0.0,ORIGINAL,0.0,0.36065573770491804,0.0,0,4
engr0,OP3,GAN,0.0,ORIGINAL,0.0,0.36065573770491804,0.0,0,4
engr0,OP3,GAN,0.0,ORIGINAL,0.0,0.36065573770491804,0.0,0,4
engr0,OP3,GAN,0.0,ORIGINAL,0.0,0.36065573770491804,0.0,0,4
engr0,S7,GAN,0.0,ORIGINAL,0.0,1.3278688524590163,1.0,0,9
engr0,S7,GAN,0.0,ORIGINAL,0.0,1.3278688524590163,1.0,0,9
engr0,S7,GAN,0.0,ORIGINAL,0.0,1.3278688524590163,1.0,0,9
engr0,S7,GAN,0.0,ORIGINAL,0.0,1.3278688524590163,1.0,0,9
engr0,S7,GAN,0.0,ORIGINAL,0.0,1.3278688524590163,1.0,0,9
engr0,S7,GAN,0.0,ORIGINAL,0.0,1.3278688524590163,1.0,0,9
engr0,S7,GAN,0.0,ORIGINAL,0.0,1.3278688524590163,1.0,0,9
engr0,S7,GAN,0.0,ORIGINAL,0.0,1.3278688524590163,1.0,0,9
engr0,S7,GAN,0.0,ORIGINAL,0.0,1.3278688524590163,1.0,0,9
engr0,S7,GAN,0.0,ORIGINAL,0.0,1.3278688524590163,1.0,0,9
engr0,BLU,ORIGINAL,0.0,FGSM,0.1,2.3934426229508197,2.0,0,11
engr0,BLU,ORIGINAL,0.0,FGSM,0.2,13.918032786885245,7.0,0,55
engr0,BLU,ORIGINAL,0.0,FGSM,0.3,29.19672131147541,33.0,0,56
engr0,BLU,ORIGINAL,0.0,FGSM,0.4,31.049180327868854,35.0,0,56
engr0,BLU,ORIGINAL,0.0,FGSM,0.5,30.80327868852459,34.0,0,56
engr0,BLU,ORIGINAL,0.0,FGSM,0.6,31.098360655737704,34.0,0,56
engr0,BLU,ORIGINAL,0.0,FGSM,0.7,31.65573770491803,35.0,0,56
engr0,BLU,ORIGINAL,0.0,FGSM,0.8,31.704918032786885,35.0,0,56
engr0,BLU,ORIGINAL,0.0,FGSM,0.9,31.721311475409838,35.0,0,56
engr0,BLU,ORIGINAL,0.0,FGSM,1.0,31.737704918032787,35.0,0,56
engr0,HTC,ORIGINAL,0.0,FGSM,0.1,2.8852459016393444,2.0,0,20
engr0,HTC,ORIGINAL,0.0,FGSM,0.2,8.721311475409836,5.0,0,52
engr0,HTC,ORIGINAL,0.0,FGSM,0.3,27.37704918032787,32.0,0,57
engr0,HTC,ORIGINAL,0.0,FGSM,0.4,29.9672131147541,35.0,0,56
engr0,HTC,ORIGINAL,0.0,FGSM,0.5,29.80327868852459,34.0,0,56
engr0,HTC,ORIGINAL,0.0,FGSM,0.6,29.688524590163933,34.0,0,56
engr0,HTC,ORIGINAL,0.0,FGSM,0.7,29.639344262295083,34.0,0,56
engr0,HTC,ORIGINAL,0.0,FGSM,0.8,29.557377049180328,34.0,0,56
engr0,HTC,ORIGINAL,0.0,FGSM,0.9,29.688524590163933,34.0,0,56
engr0,HTC,ORIGINAL,0.0,FGSM,1.0,29.721311475409838,34.0,0,56
engr0,LG,ORIGINAL,0.0,FGSM,0.1,1.8360655737704918,1.0,0,8
engr0,LG,ORIGINAL,0.0,FGSM,0.2,8.98360655737705,3.0,0,46
engr0,LG,ORIGINAL,0.0,FGSM,0.3,22.508196721311474,15.0,0,56
engr0,LG,ORIGINAL,0.0,FGSM,0.4,26.262295081967213,30.0,0,56
engr0,LG,ORIGINAL,0.0,FGSM,0.5,26.672131147540984,28.0,0,58
engr0,LG,ORIGINAL,0.0,FGSM,0.6,26.540983606557376,28.0,0,57
engr0,LG,ORIGINAL,0.0,FGSM,0.7,26.311475409836067,28.0,0,57
engr0,LG,ORIGINAL,0.0,FGSM,0.8,26.42622950819672,27.0,0,57
engr0,LG,ORIGINAL,0.0,FGSM,0.9,26.557377049180328,28.0,0,57
engr0,LG,ORIGINAL,0.0,FGSM,1.0,26.704918032786885,27.0,0,57
engr0,MOTO,ORIGINAL,0.0,FGSM,0.1,3.3278688524590163,1.0,0,34
engr0,MOTO,ORIGINAL,0.0,FGSM,0.2,22.262295081967213,22.0,0,55
engr0,MOTO,ORIGINAL,0.0,FGSM,0.3,30.262295081967213,34.0,0,57
engr0,MOTO,ORIGINAL,0.0,FGSM,0.4,30.540983606557376,35.0,0,56
engr0,MOTO,ORIGINAL,0.0,FGSM,0.5,30.704918032786885,35.0,0,56
engr0,MOTO,ORIGINAL,0.0,FGSM,0.6,30.885245901639344,35.0,0,56
engr0,MOTO,ORIGINAL,0.0,FGSM,0.7,30.934426229508198,34.0,0,56
engr0,MOTO,ORIGINAL,0.0,FGSM,0.8,31.18032786885246,34.0,0,56
engr0,MOTO,ORIGINAL,0.0,FGSM,0.9,31.229508196721312,34.0,0,56
engr0,MOTO,ORIGINAL,0.0,FGSM,1.0,31.278688524590162,34.0,0,56
engr0,OP3,ORIGINAL,0.0,FGSM,0.1,1.1311475409836065,1.0,0,7
engr0,OP3,ORIGINAL,0.0,FGSM,0.2,21.016393442622952,15.0,0,56
engr0,OP3,ORIGINAL,0.0,FGSM,0.3,31.21311475409836,33.0,0,56
engr0,OP3,ORIGINAL,0.0,FGSM,0.4,33.21311475409836,37.0,1,56
engr0,OP3,ORIGINAL,0.0,FGSM,0.5,33.0655737704918,37.0,1,56
engr0,OP3,ORIGINAL,0.0,FGSM,0.6,33.32786885245902,37.0,1,57
engr0,OP3,ORIGINAL,0.0,FGSM,0.7,33.49180327868852,37.0,1,57
engr0,OP3,ORIGINAL,0.0,FGSM,0.8,33.50819672131148,37.0,1,57
engr0,OP3,ORIGINAL,0.0,FGSM,0.9,33.540983606557376,37.0,1,57
engr0,OP3,ORIGINAL,0.0,FGSM,1.0,33.57377049180328,37.0,1,57
engr0,S7,ORIGINAL,0.0,FGSM,0.1,1.9672131147540983,1.0,0,10
engr0,S7,ORIGINAL,0.0,FGSM,0.2,17.62295081967213,11.0,0,57
engr0,S7,ORIGINAL,0.0,FGSM,0.3,28.737704918032787,31.0,0,56
engr0,S7,ORIGINAL,0.0,FGSM,0.4,30.147540983606557,34.0,0,56
engr0,S7,ORIGINAL,0.0,FGSM,0.5,30.18032786885246,34.0,0,56
engr0,S7,ORIGINAL,0.0,FGSM,0.6,30.081967213114755,34.0,0,56
engr0,S7,ORIGINAL,0.0,FGSM,0.7,30.114754098360656,34.0,0,56
engr0,S7,ORIGINAL,0.0,FGSM,0.8,30.081967213114755,34.0,0,56
engr0,S7,ORIGINAL,0.0,FGSM,0.9,30.016393442622952,33.0,0,56
engr0,S7,ORIGINAL,0.0,FGSM,1.0,30.21311475409836,33.0,0,56
engr0,BLU,ORIGINAL,0.0,FGSM,0.1,2.3934426229508197,2.0,0,11
engr0,BLU,ORIGINAL,0.0,FGSM,0.2,13.918032786885245,7.0,0,55
engr0,BLU,ORIGINAL,0.0,FGSM,0.3,29.19672131147541,33.0,0,56
engr0,BLU,ORIGINAL,0.0,FGSM,0.4,31.049180327868854,35.0,0,56
engr0,BLU,ORIGINAL,0.0,FGSM,0.5,30.80327868852459,34.0,0,56
engr0,BLU,ORIGINAL,0.0,FGSM,0.6,31.098360655737704,34.0,0,56
engr0,BLU,ORIGINAL,0.0,FGSM,0.7,31.65573770491803,35.0,0,56
engr0,BLU,ORIGINAL,0.0,FGSM,0.8,31.704918032786885,35.0,0,56
engr0,BLU,ORIGINAL,0.0,FGSM,0.9,31.721311475409838,35.0,0,56
engr0,BLU,ORIGINAL,0.0,FGSM,1.0,31.737704918032787,35.0,0,56
engr0,HTC,ORIGINAL,0.0,FGSM,0.1,2.8852459016393444,2.0,0,20
engr0,HTC,ORIGINAL,0.0,FGSM,0.2,8.721311475409836,5.0,0,52
engr0,HTC,ORIGINAL,0.0,FGSM,0.3,27.37704918032787,32.0,0,57
engr0,HTC,ORIGINAL,0.0,FGSM,0.4,29.9672131147541,35.0,0,56
engr0,HTC,ORIGINAL,0.0,FGSM,0.5,29.80327868852459,34.0,0,56
engr0,HTC,ORIGINAL,0.0,FGSM,0.6,29.688524590163933,34.0,0,56
engr0,HTC,ORIGINAL,0.0,FGSM,0.7,29.639344262295083,34.0,0,56
engr0,HTC,ORIGINAL,0.0,FGSM,0.8,29.557377049180328,34.0,0,56
engr0,HTC,ORIGINAL,0.0,FGSM,0.9,29.688524590163933,34.0,0,56
engr0,HTC,ORIGINAL,0.0,FGSM,1.0,29.721311475409838,34.0,0,56
engr0,LG,ORIGINAL,0.0,FGSM,0.1,1.8360655737704918,1.0,0,8
engr0,LG,ORIGINAL,0.0,FGSM,0.2,8.98360655737705,3.0,0,46
engr0,LG,ORIGINAL,0.0,FGSM,0.3,22.508196721311474,15.0,0,56
engr0,LG,ORIGINAL,0.0,FGSM,0.4,26.262295081967213,30.0,0,56
engr0,LG,ORIGINAL,0.0,FGSM,0.5,26.672131147540984,28.0,0,58
engr0,LG,ORIGINAL,0.0,FGSM,0.6,26.540983606557376,28.0,0,57
engr0,LG,ORIGINAL,0.0,FGSM,0.7,26.311475409836067,28.0,0,57
engr0,LG,ORIGINAL,0.0,FGSM,0.8,26.42622950819672,27.0,0,57
engr0,LG,ORIGINAL,0.0,FGSM,0.9,26.557377049180328,28.0,0,57
engr0,LG,ORIGINAL,0.0,FGSM,1.0,26.704918032786885,27.0,0,57
engr0,MOTO,ORIGINAL,0.0,FGSM,0.1,3.3278688524590163,1.0,0,34
engr0,MOTO,ORIGINAL,0.0,FGSM,0.2,22.262295081967213,22.0,0,55
engr0,MOTO,ORIGINAL,0.0,FGSM,0.3,30.262295081967213,34.0,0,57
engr0,MOTO,ORIGINAL,0.0,FGSM,0.4,30.540983606557376,35.0,0,56
engr0,MOTO,ORIGINAL,0.0,FGSM,0.5,30.704918032786885,35.0,0,56
engr0,MOTO,ORIGINAL,0.0,FGSM,0.6,30.885245901639344,35.0,0,56
engr0,MOTO,ORIGINAL,0.0,FGSM,0.7,30.934426229508198,34.0,0,56
engr0,MOTO,ORIGINAL,0.0,FGSM,0.8,31.18032786885246,34.0,0,56
engr0,MOTO,ORIGINAL,0.0,FGSM,0.9,31.229508196721312,34.0,0,56
engr0,MOTO,ORIGINAL,0.0,FGSM,1.0,31.278688524590162,34.0,0,56
engr0,OP3,ORIGINAL,0.0,FGSM,0.1,1.1311475409836065,1.0,0,7
engr0,OP3,ORIGINAL,0.0,FGSM,0.2,21.016393442622952,15.0,0,56
engr0,OP3,ORIGINAL,0.0,FGSM,0.3,31.21311475409836,33.0,0,56
engr0,OP3,ORIGINAL,0.0,FGSM,0.4,33.21311475409836,37.0,1,56
engr0,OP3,ORIGINAL,0.0,FGSM,0.5,33.0655737704918,37.0,1,56
engr0,OP3,ORIGINAL,0.0,FGSM,0.6,33.32786885245902,37.0,1,57
engr0,OP3,ORIGINAL,0.0,FGSM,0.7,33.49180327868852,37.0,1,57
engr0,OP3,ORIGINAL,0.0,FGSM,0.8,33.50819672131148,37.0,1,57
engr0,OP3,ORIGINAL,0.0,FGSM,0.9,33.540983606557376,37.0,1,57
engr0,OP3,ORIGINAL,0.0,FGSM,1.0,33.57377049180328,37.0,1,57
engr0,S7,ORIGINAL,0.0,FGSM,0.1,1.9672131147540983,1.0,0,10
engr0,S7,ORIGINAL,0.0,FGSM,0.2,17.62295081967213,11.0,0,57
engr0,S7,ORIGINAL,0.0,FGSM,0.3,28.737704918032787,31.0,0,56
engr0,S7,ORIGINAL,0.0,FGSM,0.4,30.147540983606557,34.0,0,56
engr0,S7,ORIGINAL,0.0,FGSM,0.5,30.18032786885246,34.0,0,56
engr0,S7,ORIGINAL,0.0,FGSM,0.6,30.081967213114755,34.0,0,56
engr0,S7,ORIGINAL,0.0,FGSM,0.7,30.114754098360656,34.0,0,56
engr0,S7,ORIGINAL,0.0,FGSM,0.8,30.081967213114755,34.0,0,56
engr0,S7,ORIGINAL,0.0,FGSM,0.9,30.016393442622952,33.0,0,56
engr0,S7,ORIGINAL,0.0,FGSM,1.0,30.21311475409836,33.0,0,56
engr0,BLU,ORIGINAL,0.0,FGSM,0.1,2.3934426229508197,2.0,0,11
engr0,BLU,ORIGINAL,0.0,FGSM,0.2,13.918032786885245,7.0,0,55
engr0,BLU,ORIGINAL,0.0,FGSM,0.3,29.19672131147541,33.0,0,56
engr0,BLU,ORIGINAL,0.0,FGSM,0.4,31.049180327868854,35.0,0,56
engr0,BLU,ORIGINAL,0.0,FGSM,0.5,30.80327868852459,34.0,0,56
engr0,BLU,ORIGINAL,0.0,FGSM,0.6,31.098360655737704,34.0,0,56
engr0,BLU,ORIGINAL,0.0,FGSM,0.7,31.65573770491803,35.0,0,56
engr0,BLU,ORIGINAL,0.0,FGSM,0.8,31.704918032786885,35.0,0,56
engr0,BLU,ORIGINAL,0.0,FGSM,0.9,31.721311475409838,35.0,0,56
engr0,BLU,ORIGINAL,0.0,FGSM,1.0,31.737704918032787,35.0,0,56
engr0,HTC,ORIGINAL,0.0,FGSM,0.1,2.8852459016393444,2.0,0,20
engr0,HTC,ORIGINAL,0.0,FGSM,0.2,8.721311475409836,5.0,0,52
engr0,HTC,ORIGINAL,0.0,FGSM,0.3,27.37704918032787,32.0,0,57
engr0,HTC,ORIGINAL,0.0,FGSM,0.4,29.9672131147541,35.0,0,56
engr0,HTC,ORIGINAL,0.0,FGSM,0.5,29.80327868852459,34.0,0,56
engr0,HTC,ORIGINAL,0.0,FGSM,0.6,29.688524590163933,34.0,0,56
engr0,HTC,ORIGINAL,0.0,FGSM,0.7,29.639344262295083,34.0,0,56
engr0,HTC,ORIGINAL,0.0,FGSM,0.8,29.557377049180328,34.0,0,56
engr0,HTC,ORIGINAL,0.0,FGSM,0.9,29.688524590163933,34.0,0,56
engr0,HTC,ORIGINAL,0.0,FGSM,1.0,29.721311475409838,34.0,0,56
engr0,LG,ORIGINAL,0.0,FGSM,0.1,1.8360655737704918,1.0,0,8
engr0,LG,ORIGINAL,0.0,FGSM,0.2,8.98360655737705,3.0,0,46
engr0,LG,ORIGINAL,0.0,FGSM,0.3,22.508196721311474,15.0,0,56
engr0,LG,ORIGINAL,0.0,FGSM,0.4,26.262295081967213,30.0,0,56
engr0,LG,ORIGINAL,0.0,FGSM,0.5,26.672131147540984,28.0,0,58
engr0,LG,ORIGINAL,0.0,FGSM,0.6,26.540983606557376,28.0,0,57
engr0,LG,ORIGINAL,0.0,FGSM,0.7,26.311475409836067,28.0,0,57
engr0,LG,ORIGINAL,0.0,FGSM,0.8,26.42622950819672,27.0,0,57
engr0,LG,ORIGINAL,0.0,FGSM,0.9,26.557377049180328,28.0,0,57
engr0,LG,ORIGINAL,0.0,FGSM,1.0,26.704918032786885,27.0,0,57
engr0,MOTO,ORIGINAL,0.0,FGSM,0.1,3.3278688524590163,1.0,0,34
engr0,MOTO,ORIGINAL,0.0,FGSM,0.2,22.262295081967213,22.0,0,55
engr0,MOTO,ORIGINAL,0.0,FGSM,0.3,30.262295081967213,34.0,0,57
engr0,MOTO,ORIGINAL,0.0,FGSM,0.4,30.540983606557376,35.0,0,56
engr0,MOTO,ORIGINAL,0.0,FGSM,0.5,30.704918032786885,35.0,0,56
engr0,MOTO,ORIGINAL,0.0,FGSM,0.6,30.885245901639344,35.0,0,56
engr0,MOTO,ORIGINAL,0.0,FGSM,0.7,30.934426229508198,34.0,0,56
engr0,MOTO,ORIGINAL,0.0,FGSM,0.8,31.18032786885246,34.0,0,56
engr0,MOTO,ORIGINAL,0.0,FGSM,0.9,31.229508196721312,34.0,0,56
engr0,MOTO,ORIGINAL,0.0,FGSM,1.0,31.278688524590162,34.0,0,56
engr0,OP3,ORIGINAL,0.0,FGSM,0.1,1.1311475409836065,1.0,0,7
engr0,OP3,ORIGINAL,0.0,FGSM,0.2,21.016393442622952,15.0,0,56
engr0,OP3,ORIGINAL,0.0,FGSM,0.3,31.21311475409836,33.0,0,56
engr0,OP3,ORIGINAL,0.0,FGSM,0.4,33.21311475409836,37.0,1,56
engr0,OP3,ORIGINAL,0.0,FGSM,0.5,33.0655737704918,37.0,1,56
engr0,OP3,ORIGINAL,0.0,FGSM,0.6,33.32786885245902,37.0,1,57
engr0,OP3,ORIGINAL,0.0,FGSM,0.7,33.49180327868852,37.0,1,57
engr0,OP3,ORIGINAL,0.0,FGSM,0.8,33.50819672131148,37.0,1,57
engr0,OP3,ORIGINAL,0.0,FGSM,0.9,33.540983606557376,37.0,1,57
engr0,OP3,ORIGINAL,0.0,FGSM,1.0,33.57377049180328,37.0,1,57
engr0,S7,ORIGINAL,0.0,FGSM,0.1,1.9672131147540983,1.0,0,10
engr0,S7,ORIGINAL,0.0,FGSM,0.2,17.62295081967213,11.0,0,57
engr0,S7,ORIGINAL,0.0,FGSM,0.3,28.737704918032787,31.0,0,56
engr0,S7,ORIGINAL,0.0,FGSM,0.4,30.147540983606557,34.0,0,56
engr0,S7,ORIGINAL,0.0,FGSM,0.5,30.18032786885246,34.0,0,56
engr0,S7,ORIGINAL,0.0,FGSM,0.6,30.081967213114755,34.0,0,56
engr0,S7,ORIGINAL,0.0,FGSM,0.7,30.114754098360656,34.0,0,56
engr0,S7,ORIGINAL,0.0,FGSM,0.8,30.081967213114755,34.0,0,56
engr0,S7,ORIGINAL,0.0,FGSM,0.9,30.016393442622952,33.0,0,56
engr0,S7,ORIGINAL,0.0,FGSM,1.0,30.21311475409836,33.0,0,56
engr0,BLU,ORIGINAL,0.0,FGSM,0.1,2.3934426229508197,2.0,0,11
engr0,BLU,ORIGINAL,0.0,FGSM,0.2,13.918032786885245,7.0,0,55
engr0,BLU,ORIGINAL,0.0,FGSM,0.3,29.19672131147541,33.0,0,56
engr0,BLU,ORIGINAL,0.0,FGSM,0.4,31.049180327868854,35.0,0,56
engr0,BLU,ORIGINAL,0.0,FGSM,0.5,30.80327868852459,34.0,0,56
engr0,BLU,ORIGINAL,0.0,FGSM,0.6,31.098360655737704,34.0,0,56
engr0,BLU,ORIGINAL,0.0,FGSM,0.7,31.65573770491803,35.0,0,56
engr0,BLU,ORIGINAL,0.0,FGSM,0.8,31.704918032786885,35.0,0,56
engr0,BLU,ORIGINAL,0.0,FGSM,0.9,31.721311475409838,35.0,0,56
engr0,BLU,ORIGINAL,0.0,FGSM,1.0,31.737704918032787,35.0,0,56
engr0,HTC,ORIGINAL,0.0,FGSM,0.1,2.8852459016393444,2.0,0,20
engr0,HTC,ORIGINAL,0.0,FGSM,0.2,8.721311475409836,5.0,0,52
engr0,HTC,ORIGINAL,0.0,FGSM,0.3,27.37704918032787,32.0,0,57
engr0,HTC,ORIGINAL,0.0,FGSM,0.4,29.9672131147541,35.0,0,56
engr0,HTC,ORIGINAL,0.0,FGSM,0.5,29.80327868852459,34.0,0,56
engr0,HTC,ORIGINAL,0.0,FGSM,0.6,29.688524590163933,34.0,0,56
engr0,HTC,ORIGINAL,0.0,FGSM,0.7,29.639344262295083,34.0,0,56
engr0,HTC,ORIGINAL,0.0,FGSM,0.8,29.557377049180328,34.0,0,56
engr0,HTC,ORIGINAL,0.0,FGSM,0.9,29.688524590163933,34.0,0,56
engr0,HTC,ORIGINAL,0.0,FGSM,1.0,29.721311475409838,34.0,0,56
engr0,LG,ORIGINAL,0.0,FGSM,0.1,1.8360655737704918,1.0,0,8
engr0,LG,ORIGINAL,0.0,FGSM,0.2,8.98360655737705,3.0,0,46
engr0,LG,ORIGINAL,0.0,FGSM,0.3,22.508196721311474,15.0,0,56
engr0,LG,ORIGINAL,0.0,FGSM,0.4,26.262295081967213,30.0,0,56
engr0,LG,ORIGINAL,0.0,FGSM,0.5,26.672131147540984,28.0,0,58
engr0,LG,ORIGINAL,0.0,FGSM,0.6,26.540983606557376,28.0,0,57
engr0,LG,ORIGINAL,0.0,FGSM,0.7,26.311475409836067,28.0,0,57
engr0,LG,ORIGINAL,0.0,FGSM,0.8,26.42622950819672,27.0,0,57
engr0,LG,ORIGINAL,0.0,FGSM,0.9,26.557377049180328,28.0,0,57
engr0,LG,ORIGINAL,0.0,FGSM,1.0,26.704918032786885,27.0,0,57
engr0,MOTO,ORIGINAL,0.0,FGSM,0.1,3.3278688524590163,1.0,0,34
engr0,MOTO,ORIGINAL,0.0,FGSM,0.2,22.262295081967213,22.0,0,55
engr0,MOTO,ORIGINAL,0.0,FGSM,0.3,30.262295081967213,34.0,0,57
engr0,MOTO,ORIGINAL,0.0,FGSM,0.4,30.540983606557376,35.0,0,56
engr0,MOTO,ORIGINAL,0.0,FGSM,0.5,30.704918032786885,35.0,0,56
engr0,MOTO,ORIGINAL,0.0,FGSM,0.6,30.885245901639344,35.0,0,56
engr0,MOTO,ORIGINAL,0.0,FGSM,0.7,30.934426229508198,34.0,0,56
engr0,MOTO,ORIGINAL,0.0,FGSM,0.8,31.18032786885246,34.0,0,56
engr0,MOTO,ORIGINAL,0.0,FGSM,0.9,31.229508196721312,34.0,0,56
engr0,MOTO,ORIGINAL,0.0,FGSM,1.0,31.278688524590162,34.0,0,56
engr0,OP3,ORIGINAL,0.0,FGSM,0.1,1.1311475409836065,1.0,0,7
engr0,OP3,ORIGINAL,0.0,FGSM,0.2,21.016393442622952,15.0,0,56
engr0,OP3,ORIGINAL,0.0,FGSM,0.3,31.21311475409836,33.0,0,56
engr0,OP3,ORIGINAL,0.0,FGSM,0.4,33.21311475409836,37.0,1,56
engr0,OP3,ORIGINAL,0.0,FGSM,0.5,33.0655737704918,37.0,1,56
engr0,OP3,ORIGINAL,0.0,FGSM,0.6,33.32786885245902,37.0,1,57
engr0,OP3,ORIGINAL,0.0,FGSM,0.7,33.49180327868852,37.0,1,57
engr0,OP3,ORIGINAL,0.0,FGSM,0.8,33.50819672131148,37.0,1,57
engr0,OP3,ORIGINAL,0.0,FGSM,0.9,33.540983606557376,37.0,1,57
engr0,OP3,ORIGINAL,0.0,FGSM,1.0,33.57377049180328,37.0,1,57
engr0,S7,ORIGINAL,0.0,FGSM,0.1,1.9672131147540983,1.0,0,10
engr0,S7,ORIGINAL,0.0,FGSM,0.2,17.62295081967213,11.0,0,57
engr0,S7,ORIGINAL,0.0,FGSM,0.3,28.737704918032787,31.0,0,56
engr0,S7,ORIGINAL,0.0,FGSM,0.4,30.147540983606557,34.0,0,56
engr0,S7,ORIGINAL,0.0,FGSM,0.5,30.18032786885246,34.0,0,56
engr0,S7,ORIGINAL,0.0,FGSM,0.6,30.081967213114755,34.0,0,56
engr0,S7,ORIGINAL,0.0,FGSM,0.7,30.114754098360656,34.0,0,56
engr0,S7,ORIGINAL,0.0,FGSM,0.8,30.081967213114755,34.0,0,56
engr0,S7,ORIGINAL,0.0,FGSM,0.9,30.016393442622952,33.0,0,56
engr0,S7,ORIGINAL,0.0,FGSM,1.0,30.21311475409836,33.0,0,56
engr0,BLU,ORIGINAL,0.0,FGSM,0.1,2.3934426229508197,2.0,0,11
engr0,BLU,ORIGINAL,0.0,FGSM,0.2,13.918032786885245,7.0,0,55
engr0,BLU,ORIGINAL,0.0,FGSM,0.3,29.19672131147541,33.0,0,56
engr0,BLU,ORIGINAL,0.0,FGSM,0.4,31.049180327868854,35.0,0,56
engr0,BLU,ORIGINAL,0.0,FGSM,0.5,30.80327868852459,34.0,0,56
engr0,BLU,ORIGINAL,0.0,FGSM,0.6,31.098360655737704,34.0,0,56
engr0,BLU,ORIGINAL,0.0,FGSM,0.7,31.65573770491803,35.0,0,56
engr0,BLU,ORIGINAL,0.0,FGSM,0.8,31.704918032786885,35.0,0,56
engr0,BLU,ORIGINAL,0.0,FGSM,0.9,31.721311475409838,35.0,0,56
engr0,BLU,ORIGINAL,0.0,FGSM,1.0,31.737704918032787,35.0,0,56
engr0,HTC,ORIGINAL,0.0,FGSM,0.1,2.8852459016393444,2.0,0,20
engr0,HTC,ORIGINAL,0.0,FGSM,0.2,8.721311475409836,5.0,0,52
engr0,HTC,ORIGINAL,0.0,FGSM,0.3,27.37704918032787,32.0,0,57
engr0,HTC,ORIGINAL,0.0,FGSM,0.4,29.9672131147541,35.0,0,56
engr0,HTC,ORIGINAL,0.0,FGSM,0.5,29.80327868852459,34.0,0,56
engr0,HTC,ORIGINAL,0.0,FGSM,0.6,29.688524590163933,34.0,0,56
engr0,HTC,ORIGINAL,0.0,FGSM,0.7,29.639344262295083,34.0,0,56
engr0,HTC,ORIGINAL,0.0,FGSM,0.8,29.557377049180328,34.0,0,56
engr0,HTC,ORIGINAL,0.0,FGSM,0.9,29.688524590163933,34.0,0,56
engr0,HTC,ORIGINAL,0.0,FGSM,1.0,29.721311475409838,34.0,0,56
engr0,LG,ORIGINAL,0.0,FGSM,0.1,1.8360655737704918,1.0,0,8
engr0,LG,ORIGINAL,0.0,FGSM,0.2,8.98360655737705,3.0,0,46
engr0,LG,ORIGINAL,0.0,FGSM,0.3,22.508196721311474,15.0,0,56
engr0,LG,ORIGINAL,0.0,FGSM,0.4,26.262295081967213,30.0,0,56
engr0,LG,ORIGINAL,0.0,FGSM,0.5,26.672131147540984,28.0,0,58
engr0,LG,ORIGINAL,0.0,FGSM,0.6,26.540983606557376,28.0,0,57
engr0,LG,ORIGINAL,0.0,FGSM,0.7,26.311475409836067,28.0,0,57
engr0,LG,ORIGINAL,0.0,FGSM,0.8,26.42622950819672,27.0,0,57
engr0,LG,ORIGINAL,0.0,FGSM,0.9,26.557377049180328,28.0,0,57
engr0,LG,ORIGINAL,0.0,FGSM,1.0,26.704918032786885,27.0,0,57
engr0,MOTO,ORIGINAL,0.0,FGSM,0.1,3.3278688524590163,1.0,0,34
engr0,MOTO,ORIGINAL,0.0,FGSM,0.2,22.262295081967213,22.0,0,55
engr0,MOTO,ORIGINAL,0.0,FGSM,0.3,30.262295081967213,34.0,0,57
engr0,MOTO,ORIGINAL,0.0,FGSM,0.4,30.540983606557376,35.0,0,56
engr0,MOTO,ORIGINAL,0.0,FGSM,0.5,30.704918032786885,35.0,0,56
engr0,MOTO,ORIGINAL,0.0,FGSM,0.6,30.885245901639344,35.0,0,56
engr0,MOTO,ORIGINAL,0.0,FGSM,0.7,30.934426229508198,34.0,0,56
engr0,MOTO,ORIGINAL,0.0,FGSM,0.8,31.18032786885246,34.0,0,56
engr0,MOTO,ORIGINAL,0.0,FGSM,0.9,31.229508196721312,34.0,0,56
engr0,MOTO,ORIGINAL,0.0,FGSM,1.0,31.278688524590162,34.0,0,56
engr0,OP3,ORIGINAL,0.0,FGSM,0.1,1.1311475409836065,1.0,0,7
engr0,OP3,ORIGINAL,0.0,FGSM,0.2,21.016393442622952,15.0,0,56
engr0,OP3,ORIGINAL,0.0,FGSM,0.3,31.21311475409836,33.0,0,56
engr0,OP3,ORIGINAL,0.0,FGSM,0.4,33.21311475409836,37.0,1,56
engr0,OP3,ORIGINAL,0.0,FGSM,0.5,33.0655737704918,37.0,1,56
engr0,OP3,ORIGINAL,0.0,FGSM,0.6,33.32786885245902,37.0,1,57
engr0,OP3,ORIGINAL,0.0,FGSM,0.7,33.49180327868852,37.0,1,57
engr0,OP3,ORIGINAL,0.0,FGSM,0.8,33.50819672131148,37.0,1,57
engr0,OP3,ORIGINAL,0.0,FGSM,0.9,33.540983606557376,37.0,1,57
engr0,OP3,ORIGINAL,0.0,FGSM,1.0,33.57377049180328,37.0,1,57
engr0,S7,ORIGINAL,0.0,FGSM,0.1,1.9672131147540983,1.0,0,10
engr0,S7,ORIGINAL,0.0,FGSM,0.2,17.62295081967213,11.0,0,57
engr0,S7,ORIGINAL,0.0,FGSM,0.3,28.737704918032787,31.0,0,56
engr0,S7,ORIGINAL,0.0,FGSM,0.4,30.147540983606557,34.0,0,56
engr0,S7,ORIGINAL,0.0,FGSM,0.5,30.18032786885246,34.0,0,56
engr0,S7,ORIGINAL,0.0,FGSM,0.6,30.081967213114755,34.0,0,56
engr0,S7,ORIGINAL,0.0,FGSM,0.7,30.114754098360656,34.0,0,56
engr0,S7,ORIGINAL,0.0,FGSM,0.8,30.081967213114755,34.0,0,56
engr0,S7,ORIGINAL,0.0,FGSM,0.9,30.016393442622952,33.0,0,56
engr0,S7,ORIGINAL,0.0,FGSM,1.0,30.21311475409836,33.0,0,56
engr0,BLU,ORIGINAL,0.0,FGSM,0.1,2.3934426229508197,2.0,0,11
engr0,BLU,ORIGINAL,0.0,FGSM,0.2,13.918032786885245,7.0,0,55
engr0,BLU,ORIGINAL,0.0,FGSM,0.3,29.19672131147541,33.0,0,56
engr0,BLU,ORIGINAL,0.0,FGSM,0.4,31.049180327868854,35.0,0,56
engr0,BLU,ORIGINAL,0.0,FGSM,0.5,30.80327868852459,34.0,0,56
engr0,BLU,ORIGINAL,0.0,FGSM,0.6,31.098360655737704,34.0,0,56
engr0,BLU,ORIGINAL,0.0,FGSM,0.7,31.65573770491803,35.0,0,56
engr0,BLU,ORIGINAL,0.0,FGSM,0.8,31.704918032786885,35.0,0,56
engr0,BLU,ORIGINAL,0.0,FGSM,0.9,31.721311475409838,35.0,0,56
engr0,BLU,ORIGINAL,0.0,FGSM,1.0,31.737704918032787,35.0,0,56
engr0,HTC,ORIGINAL,0.0,FGSM,0.1,2.8852459016393444,2.0,0,20
engr0,HTC,ORIGINAL,0.0,FGSM,0.2,8.721311475409836,5.0,0,52
engr0,HTC,ORIGINAL,0.0,FGSM,0.3,27.37704918032787,32.0,0,57
engr0,HTC,ORIGINAL,0.0,FGSM,0.4,29.9672131147541,35.0,0,56
engr0,HTC,ORIGINAL,0.0,FGSM,0.5,29.80327868852459,34.0,0,56
engr0,HTC,ORIGINAL,0.0,FGSM,0.6,29.688524590163933,34.0,0,56
engr0,HTC,ORIGINAL,0.0,FGSM,0.7,29.639344262295083,34.0,0,56
engr0,HTC,ORIGINAL,0.0,FGSM,0.8,29.557377049180328,34.0,0,56
engr0,HTC,ORIGINAL,0.0,FGSM,0.9,29.688524590163933,34.0,0,56
engr0,HTC,ORIGINAL,0.0,FGSM,1.0,29.721311475409838,34.0,0,56
engr0,LG,ORIGINAL,0.0,FGSM,0.1,1.8360655737704918,1.0,0,8
engr0,LG,ORIGINAL,0.0,FGSM,0.2,8.98360655737705,3.0,0,46
engr0,LG,ORIGINAL,0.0,FGSM,0.3,22.508196721311474,15.0,0,56
engr0,LG,ORIGINAL,0.0,FGSM,0.4,26.262295081967213,30.0,0,56
engr0,LG,ORIGINAL,0.0,FGSM,0.5,26.672131147540984,28.0,0,58
engr0,LG,ORIGINAL,0.0,FGSM,0.6,26.540983606557376,28.0,0,57
engr0,LG,ORIGINAL,0.0,FGSM,0.7,26.311475409836067,28.0,0,57
engr0,LG,ORIGINAL,0.0,FGSM,0.8,26.42622950819672,27.0,0,57
engr0,LG,ORIGINAL,0.0,FGSM,0.9,26.557377049180328,28.0,0,57
engr0,LG,ORIGINAL,0.0,FGSM,1.0,26.704918032786885,27.0,0,57
engr0,MOTO,ORIGINAL,0.0,FGSM,0.1,3.3278688524590163,1.0,0,34
engr0,MOTO,ORIGINAL,0.0,FGSM,0.2,22.262295081967213,22.0,0,55
engr0,MOTO,ORIGINAL,0.0,FGSM,0.3,30.262295081967213,34.0,0,57
engr0,MOTO,ORIGINAL,0.0,FGSM,0.4,30.540983606557376,35.0,0,56
engr0,MOTO,ORIGINAL,0.0,FGSM,0.5,30.704918032786885,35.0,0,56
engr0,MOTO,ORIGINAL,0.0,FGSM,0.6,30.885245901639344,35.0,0,56
engr0,MOTO,ORIGINAL,0.0,FGSM,0.7,30.934426229508198,34.0,0,56
engr0,MOTO,ORIGINAL,0.0,FGSM,0.8,31.18032786885246,34.0,0,56
engr0,MOTO,ORIGINAL,0.0,FGSM,0.9,31.229508196721312,34.0,0,56
engr0,MOTO,ORIGINAL,0.0,FGSM,1.0,31.278688524590162,34.0,0,56
engr0,OP3,ORIGINAL,0.0,FGSM,0.1,1.1311475409836065,1.0,0,7
engr0,OP3,ORIGINAL,0.0,FGSM,0.2,21.016393442622952,15.0,0,56
engr0,OP3,ORIGINAL,0.0,FGSM,0.3,31.21311475409836,33.0,0,56
engr0,OP3,ORIGINAL,0.0,FGSM,0.4,33.21311475409836,37.0,1,56
engr0,OP3,ORIGINAL,0.0,FGSM,0.5,33.0655737704918,37.0,1,56
engr0,OP3,ORIGINAL,0.0,FGSM,0.6,33.32786885245902,37.0,1,57
engr0,OP3,ORIGINAL,0.0,FGSM,0.7,33.49180327868852,37.0,1,57
engr0,OP3,ORIGINAL,0.0,FGSM,0.8,33.50819672131148,37.0,1,57
engr0,OP3,ORIGINAL,0.0,FGSM,0.9,33.540983606557376,37.0,1,57
engr0,OP3,ORIGINAL,0.0,FGSM,1.0,33.57377049180328,37.0,1,57
engr0,S7,ORIGINAL,0.0,FGSM,0.1,1.9672131147540983,1.0,0,10
engr0,S7,ORIGINAL,0.0,FGSM,0.2,17.62295081967213,11.0,0,57
engr0,S7,ORIGINAL,0.0,FGSM,0.3,28.737704918032787,31.0,0,56
engr0,S7,ORIGINAL,0.0,FGSM,0.4,30.147540983606557,34.0,0,56
engr0,S7,ORIGINAL,0.0,FGSM,0.5,30.18032786885246,34.0,0,56
engr0,S7,ORIGINAL,0.0,FGSM,0.6,30.081967213114755,34.0,0,56
engr0,S7,ORIGINAL,0.0,FGSM,0.7,30.114754098360656,34.0,0,56
engr0,S7,ORIGINAL,0.0,FGSM,0.8,30.081967213114755,34.0,0,56
engr0,S7,ORIGINAL,0.0,FGSM,0.9,30.016393442622952,33.0,0,56
engr0,S7,ORIGINAL,0.0,FGSM,1.0,30.21311475409836,33.0,0,56
engr0,BLU,ORIGINAL,0.0,FGSM,0.1,2.3934426229508197,2.0,0,11
engr0,BLU,ORIGINAL,0.0,FGSM,0.2,13.918032786885245,7.0,0,55
engr0,BLU,ORIGINAL,0.0,FGSM,0.3,29.19672131147541,33.0,0,56
engr0,BLU,ORIGINAL,0.0,FGSM,0.4,31.049180327868854,35.0,0,56
engr0,BLU,ORIGINAL,0.0,FGSM,0.5,30.80327868852459,34.0,0,56
engr0,BLU,ORIGINAL,0.0,FGSM,0.6,31.098360655737704,34.0,0,56
engr0,BLU,ORIGINAL,0.0,FGSM,0.7,31.65573770491803,35.0,0,56
engr0,BLU,ORIGINAL,0.0,FGSM,0.8,31.704918032786885,35.0,0,56
engr0,BLU,ORIGINAL,0.0,FGSM,0.9,31.721311475409838,35.0,0,56
engr0,BLU,ORIGINAL,0.0,FGSM,1.0,31.737704918032787,35.0,0,56
engr0,HTC,ORIGINAL,0.0,FGSM,0.1,2.8852459016393444,2.0,0,20
engr0,HTC,ORIGINAL,0.0,FGSM,0.2,8.721311475409836,5.0,0,52
engr0,HTC,ORIGINAL,0.0,FGSM,0.3,27.37704918032787,32.0,0,57
engr0,HTC,ORIGINAL,0.0,FGSM,0.4,29.9672131147541,35.0,0,56
engr0,HTC,ORIGINAL,0.0,FGSM,0.5,29.80327868852459,34.0,0,56
engr0,HTC,ORIGINAL,0.0,FGSM,0.6,29.688524590163933,34.0,0,56
engr0,HTC,ORIGINAL,0.0,FGSM,0.7,29.639344262295083,34.0,0,56
engr0,HTC,ORIGINAL,0.0,FGSM,0.8,29.557377049180328,34.0,0,56
engr0,HTC,ORIGINAL,0.0,FGSM,0.9,29.688524590163933,34.0,0,56
engr0,HTC,ORIGINAL,0.0,FGSM,1.0,29.721311475409838,34.0,0,56
engr0,LG,ORIGINAL,0.0,FGSM,0.1,1.8360655737704918,1.0,0,8
engr0,LG,ORIGINAL,0.0,FGSM,0.2,8.98360655737705,3.0,0,46
engr0,LG,ORIGINAL,0.0,FGSM,0.3,22.508196721311474,15.0,0,56
engr0,LG,ORIGINAL,0.0,FGSM,0.4,26.262295081967213,30.0,0,56
engr0,LG,ORIGINAL,0.0,FGSM,0.5,26.672131147540984,28.0,0,58
engr0,LG,ORIGINAL,0.0,FGSM,0.6,26.540983606557376,28.0,0,57
engr0,LG,ORIGINAL,0.0,FGSM,0.7,26.311475409836067,28.0,0,57
engr0,LG,ORIGINAL,0.0,FGSM,0.8,26.42622950819672,27.0,0,57
engr0,LG,ORIGINAL,0.0,FGSM,0.9,26.557377049180328,28.0,0,57
engr0,LG,ORIGINAL,0.0,FGSM,1.0,26.704918032786885,27.0,0,57
engr0,MOTO,ORIGINAL,0.0,FGSM,0.1,3.3278688524590163,1.0,0,34
engr0,MOTO,ORIGINAL,0.0,FGSM,0.2,22.262295081967213,22.0,0,55
engr0,MOTO,ORIGINAL,0.0,FGSM,0.3,30.262295081967213,34.0,0,57
engr0,MOTO,ORIGINAL,0.0,FGSM,0.4,30.540983606557376,35.0,0,56
engr0,MOTO,ORIGINAL,0.0,FGSM,0.5,30.704918032786885,35.0,0,56
engr0,MOTO,ORIGINAL,0.0,FGSM,0.6,30.885245901639344,35.0,0,56
engr0,MOTO,ORIGINAL,0.0,FGSM,0.7,30.934426229508198,34.0,0,56
engr0,MOTO,ORIGINAL,0.0,FGSM,0.8,31.18032786885246,34.0,0,56
engr0,MOTO,ORIGINAL,0.0,FGSM,0.9,31.229508196721312,34.0,0,56
engr0,MOTO,ORIGINAL,0.0,FGSM,1.0,31.278688524590162,34.0,0,56
engr0,OP3,ORIGINAL,0.0,FGSM,0.1,1.1311475409836065,1.0,0,7
engr0,OP3,ORIGINAL,0.0,FGSM,0.2,21.016393442622952,15.0,0,56
engr0,OP3,ORIGINAL,0.0,FGSM,0.3,31.21311475409836,33.0,0,56
engr0,OP3,ORIGINAL,0.0,FGSM,0.4,33.21311475409836,37.0,1,56
engr0,OP3,ORIGINAL,0.0,FGSM,0.5,33.0655737704918,37.0,1,56
engr0,OP3,ORIGINAL,0.0,FGSM,0.6,33.32786885245902,37.0,1,57
engr0,OP3,ORIGINAL,0.0,FGSM,0.7,33.49180327868852,37.0,1,57
engr0,OP3,ORIGINAL,0.0,FGSM,0.8,33.50819672131148,37.0,1,57
engr0,OP3,ORIGINAL,0.0,FGSM,0.9,33.540983606557376,37.0,1,57
engr0,OP3,ORIGINAL,0.0,FGSM,1.0,33.57377049180328,37.0,1,57
engr0,S7,ORIGINAL,0.0,FGSM,0.1,1.9672131147540983,1.0,0,10
engr0,S7,ORIGINAL,0.0,FGSM,0.2,17.62295081967213,11.0,0,57
engr0,S7,ORIGINAL,0.0,FGSM,0.3,28.737704918032787,31.0,0,56
engr0,S7,ORIGINAL,0.0,FGSM,0.4,30.147540983606557,34.0,0,56
engr0,S7,ORIGINAL,0.0,FGSM,0.5,30.18032786885246,34.0,0,56
engr0,S7,ORIGINAL,0.0,FGSM,0.6,30.081967213114755,34.0,0,56
engr0,S7,ORIGINAL,0.0,FGSM,0.7,30.114754098360656,34.0,0,56
engr0,S7,ORIGINAL,0.0,FGSM,0.8,30.081967213114755,34.0,0,56
engr0,S7,ORIGINAL,0.0,FGSM,0.9,30.016393442622952,33.0,0,56
engr0,S7,ORIGINAL,0.0,FGSM,1.0,30.21311475409836,33.0,0,56
engr0,BLU,ORIGINAL,0.0,FGSM,0.1,2.3934426229508197,2.0,0,11
engr0,BLU,ORIGINAL,0.0,FGSM,0.2,13.918032786885245,7.0,0,55
engr0,BLU,ORIGINAL,0.0,FGSM,0.3,29.19672131147541,33.0,0,56
engr0,BLU,ORIGINAL,0.0,FGSM,0.4,31.049180327868854,35.0,0,56
engr0,BLU,ORIGINAL,0.0,FGSM,0.5,30.80327868852459,34.0,0,56
engr0,BLU,ORIGINAL,0.0,FGSM,0.6,31.098360655737704,34.0,0,56
engr0,BLU,ORIGINAL,0.0,FGSM,0.7,31.65573770491803,35.0,0,56
engr0,BLU,ORIGINAL,0.0,FGSM,0.8,31.704918032786885,35.0,0,56
engr0,BLU,ORIGINAL,0.0,FGSM,0.9,31.721311475409838,35.0,0,56
engr0,BLU,ORIGINAL,0.0,FGSM,1.0,31.737704918032787,35.0,0,56
engr0,HTC,ORIGINAL,0.0,FGSM,0.1,2.8852459016393444,2.0,0,20
engr0,HTC,ORIGINAL,0.0,FGSM,0.2,8.721311475409836,5.0,0,52
engr0,HTC,ORIGINAL,0.0,FGSM,0.3,27.37704918032787,32.0,0,57
engr0,HTC,ORIGINAL,0.0,FGSM,0.4,29.9672131147541,35.0,0,56
engr0,HTC,ORIGINAL,0.0,FGSM,0.5,29.80327868852459,34.0,0,56
engr0,HTC,ORIGINAL,0.0,FGSM,0.6,29.688524590163933,34.0,0,56
engr0,HTC,ORIGINAL,0.0,FGSM,0.7,29.639344262295083,34.0,0,56
engr0,HTC,ORIGINAL,0.0,FGSM,0.8,29.557377049180328,34.0,0,56
engr0,HTC,ORIGINAL,0.0,FGSM,0.9,29.688524590163933,34.0,0,56
engr0,HTC,ORIGINAL,0.0,FGSM,1.0,29.721311475409838,34.0,0,56
engr0,LG,ORIGINAL,0.0,FGSM,0.1,1.8360655737704918,1.0,0,8
engr0,LG,ORIGINAL,0.0,FGSM,0.2,8.98360655737705,3.0,0,46
engr0,LG,ORIGINAL,0.0,FGSM,0.3,22.508196721311474,15.0,0,56
engr0,LG,ORIGINAL,0.0,FGSM,0.4,26.262295081967213,30.0,0,56
engr0,LG,ORIGINAL,0.0,FGSM,0.5,26.672131147540984,28.0,0,58
engr0,LG,ORIGINAL,0.0,FGSM,0.6,26.540983606557376,28.0,0,57
engr0,LG,ORIGINAL,0.0,FGSM,0.7,26.311475409836067,28.0,0,57
engr0,LG,ORIGINAL,0.0,FGSM,0.8,26.42622950819672,27.0,0,57
engr0,LG,ORIGINAL,0.0,FGSM,0.9,26.557377049180328,28.0,0,57
engr0,LG,ORIGINAL,0.0,FGSM,1.0,26.704918032786885,27.0,0,57
engr0,MOTO,ORIGINAL,0.0,FGSM,0.1,3.3278688524590163,1.0,0,34
engr0,MOTO,ORIGINAL,0.0,FGSM,0.2,22.262295081967213,22.0,0,55
engr0,MOTO,ORIGINAL,0.0,FGSM,0.3,30.262295081967213,34.0,0,57
engr0,MOTO,ORIGINAL,0.0,FGSM,0.4,30.540983606557376,35.0,0,56
engr0,MOTO,ORIGINAL,0.0,FGSM,0.5,30.704918032786885,35.0,0,56
engr0,MOTO,ORIGINAL,0.0,FGSM,0.6,30.885245901639344,35.0,0,56
engr0,MOTO,ORIGINAL,0.0,FGSM,0.7,30.934426229508198,34.0,0,56
engr0,MOTO,ORIGINAL,0.0,FGSM,0.8,31.18032786885246,34.0,0,56
engr0,MOTO,ORIGINAL,0.0,FGSM,0.9,31.229508196721312,34.0,0,56
engr0,MOTO,ORIGINAL,0.0,FGSM,1.0,31.278688524590162,34.0,0,56
engr0,OP3,ORIGINAL,0.0,FGSM,0.1,1.1311475409836065,1.0,0,7
engr0,OP3,ORIGINAL,0.0,FGSM,0.2,21.016393442622952,15.0,0,56
engr0,OP3,ORIGINAL,0.0,FGSM,0.3,31.21311475409836,33.0,0,56
engr0,OP3,ORIGINAL,0.0,FGSM,0.4,33.21311475409836,37.0,1,56
engr0,OP3,ORIGINAL,0.0,FGSM,0.5,33.0655737704918,37.0,1,56
engr0,OP3,ORIGINAL,0.0,FGSM,0.6,33.32786885245902,37.0,1,57
engr0,OP3,ORIGINAL,0.0,FGSM,0.7,33.49180327868852,37.0,1,57
engr0,OP3,ORIGINAL,0.0,FGSM,0.8,33.50819672131148,37.0,1,57
engr0,OP3,ORIGINAL,0.0,FGSM,0.9,33.540983606557376,37.0,1,57
engr0,OP3,ORIGINAL,0.0,FGSM,1.0,33.57377049180328,37.0,1,57
engr0,S7,ORIGINAL,0.0,FGSM,0.1,1.9672131147540983,1.0,0,10
engr0,S7,ORIGINAL,0.0,FGSM,0.2,17.62295081967213,11.0,0,57
engr0,S7,ORIGINAL,0.0,FGSM,0.3,28.737704918032787,31.0,0,56
engr0,S7,ORIGINAL,0.0,FGSM,0.4,30.147540983606557,34.0,0,56
engr0,S7,ORIGINAL,0.0,FGSM,0.5,30.18032786885246,34.0,0,56
engr0,S7,ORIGINAL,0.0,FGSM,0.6,30.081967213114755,34.0,0,56
engr0,S7,ORIGINAL,0.0,FGSM,0.7,30.114754098360656,34.0,0,56
engr0,S7,ORIGINAL,0.0,FGSM,0.8,30.081967213114755,34.0,0,56
engr0,S7,ORIGINAL,0.0,FGSM,0.9,30.016393442622952,33.0,0,56
engr0,S7,ORIGINAL,0.0,FGSM,1.0,30.21311475409836,33.0,0,56
engr0,BLU,ORIGINAL,0.0,FGSM,0.1,2.3934426229508197,2.0,0,11
engr0,BLU,ORIGINAL,0.0,FGSM,0.2,13.918032786885245,7.0,0,55
engr0,BLU,ORIGINAL,0.0,FGSM,0.3,29.19672131147541,33.0,0,56
engr0,BLU,ORIGINAL,0.0,FGSM,0.4,31.049180327868854,35.0,0,56
engr0,BLU,ORIGINAL,0.0,FGSM,0.5,30.80327868852459,34.0,0,56
engr0,BLU,ORIGINAL,0.0,FGSM,0.6,31.098360655737704,34.0,0,56
engr0,BLU,ORIGINAL,0.0,FGSM,0.7,31.65573770491803,35.0,0,56
engr0,BLU,ORIGINAL,0.0,FGSM,0.8,31.704918032786885,35.0,0,56
engr0,BLU,ORIGINAL,0.0,FGSM,0.9,31.721311475409838,35.0,0,56
engr0,BLU,ORIGINAL,0.0,FGSM,1.0,31.737704918032787,35.0,0,56
engr0,HTC,ORIGINAL,0.0,FGSM,0.1,2.8852459016393444,2.0,0,20
engr0,HTC,ORIGINAL,0.0,FGSM,0.2,8.721311475409836,5.0,0,52
engr0,HTC,ORIGINAL,0.0,FGSM,0.3,27.37704918032787,32.0,0,57
engr0,HTC,ORIGINAL,0.0,FGSM,0.4,29.9672131147541,35.0,0,56
engr0,HTC,ORIGINAL,0.0,FGSM,0.5,29.80327868852459,34.0,0,56
engr0,HTC,ORIGINAL,0.0,FGSM,0.6,29.688524590163933,34.0,0,56
engr0,HTC,ORIGINAL,0.0,FGSM,0.7,29.639344262295083,34.0,0,56
engr0,HTC,ORIGINAL,0.0,FGSM,0.8,29.557377049180328,34.0,0,56
engr0,HTC,ORIGINAL,0.0,FGSM,0.9,29.688524590163933,34.0,0,56
engr0,HTC,ORIGINAL,0.0,FGSM,1.0,29.721311475409838,34.0,0,56
engr0,LG,ORIGINAL,0.0,FGSM,0.1,1.8360655737704918,1.0,0,8
engr0,LG,ORIGINAL,0.0,FGSM,0.2,8.98360655737705,3.0,0,46
engr0,LG,ORIGINAL,0.0,FGSM,0.3,22.508196721311474,15.0,0,56
engr0,LG,ORIGINAL,0.0,FGSM,0.4,26.262295081967213,30.0,0,56
engr0,LG,ORIGINAL,0.0,FGSM,0.5,26.672131147540984,28.0,0,58
engr0,LG,ORIGINAL,0.0,FGSM,0.6,26.540983606557376,28.0,0,57
engr0,LG,ORIGINAL,0.0,FGSM,0.7,26.311475409836067,28.0,0,57
engr0,LG,ORIGINAL,0.0,FGSM,0.8,26.42622950819672,27.0,0,57
engr0,LG,ORIGINAL,0.0,FGSM,0.9,26.557377049180328,28.0,0,57
engr0,LG,ORIGINAL,0.0,FGSM,1.0,26.704918032786885,27.0,0,57
engr0,MOTO,ORIGINAL,0.0,FGSM,0.1,3.3278688524590163,1.0,0,34
engr0,MOTO,ORIGINAL,0.0,FGSM,0.2,22.262295081967213,22.0,0,55
engr0,MOTO,ORIGINAL,0.0,FGSM,0.3,30.262295081967213,34.0,0,57
engr0,MOTO,ORIGINAL,0.0,FGSM,0.4,30.540983606557376,35.0,0,56
engr0,MOTO,ORIGINAL,0.0,FGSM,0.5,30.704918032786885,35.0,0,56
engr0,MOTO,ORIGINAL,0.0,FGSM,0.6,30.885245901639344,35.0,0,56
engr0,MOTO,ORIGINAL,0.0,FGSM,0.7,30.934426229508198,34.0,0,56
engr0,MOTO,ORIGINAL,0.0,FGSM,0.8,31.18032786885246,34.0,0,56
engr0,MOTO,ORIGINAL,0.0,FGSM,0.9,31.229508196721312,34.0,0,56
engr0,MOTO,ORIGINAL,0.0,FGSM,1.0,31.278688524590162,34.0,0,56
engr0,OP3,ORIGINAL,0.0,FGSM,0.1,1.1311475409836065,1.0,0,7
engr0,OP3,ORIGINAL,0.0,FGSM,0.2,21.016393442622952,15.0,0,56
engr0,OP3,ORIGINAL,0.0,FGSM,0.3,31.21311475409836,33.0,0,56
engr0,OP3,ORIGINAL,0.0,FGSM,0.4,33.21311475409836,37.0,1,56
engr0,OP3,ORIGINAL,0.0,FGSM,0.5,33.0655737704918,37.0,1,56
engr0,OP3,ORIGINAL,0.0,FGSM,0.6,33.32786885245902,37.0,1,57
engr0,OP3,ORIGINAL,0.0,FGSM,0.7,33.49180327868852,37.0,1,57
engr0,OP3,ORIGINAL,0.0,FGSM,0.8,33.50819672131148,37.0,1,57
engr0,OP3,ORIGINAL,0.0,FGSM,0.9,33.540983606557376,37.0,1,57
engr0,OP3,ORIGINAL,0.0,FGSM,1.0,33.57377049180328,37.0,1,57
engr0,S7,ORIGINAL,0.0,FGSM,0.1,1.9672131147540983,1.0,0,10
engr0,S7,ORIGINAL,0.0,FGSM,0.2,17.62295081967213,11.0,0,57
engr0,S7,ORIGINAL,0.0,FGSM,0.3,28.737704918032787,31.0,0,56
engr0,S7,ORIGINAL,0.0,FGSM,0.4,30.147540983606557,34.0,0,56
engr0,S7,ORIGINAL,0.0,FGSM,0.5,30.18032786885246,34.0,0,56
engr0,S7,ORIGINAL,0.0,FGSM,0.6,30.081967213114755,34.0,0,56
engr0,S7,ORIGINAL,0.0,FGSM,0.7,30.114754098360656,34.0,0,56
engr0,S7,ORIGINAL,0.0,FGSM,0.8,30.081967213114755,34.0,0,56
engr0,S7,ORIGINAL,0.0,FGSM,0.9,30.016393442622952,33.0,0,56
engr0,S7,ORIGINAL,0.0,FGSM,1.0,30.21311475409836,33.0,0,56
engr0,BLU,ORIGINAL,0.0,FGSM,0.1,2.3934426229508197,2.0,0,11
engr0,BLU,ORIGINAL,0.0,FGSM,0.2,13.918032786885245,7.0,0,55
engr0,BLU,ORIGINAL,0.0,FGSM,0.3,29.19672131147541,33.0,0,56
engr0,BLU,ORIGINAL,0.0,FGSM,0.4,31.049180327868854,35.0,0,56
engr0,BLU,ORIGINAL,0.0,FGSM,0.5,30.80327868852459,34.0,0,56
engr0,BLU,ORIGINAL,0.0,FGSM,0.6,31.098360655737704,34.0,0,56
engr0,BLU,ORIGINAL,0.0,FGSM,0.7,31.65573770491803,35.0,0,56
engr0,BLU,ORIGINAL,0.0,FGSM,0.8,31.704918032786885,35.0,0,56
engr0,BLU,ORIGINAL,0.0,FGSM,0.9,31.721311475409838,35.0,0,56
engr0,BLU,ORIGINAL,0.0,FGSM,1.0,31.737704918032787,35.0,0,56
engr0,HTC,ORIGINAL,0.0,FGSM,0.1,2.8852459016393444,2.0,0,20
engr0,HTC,ORIGINAL,0.0,FGSM,0.2,8.721311475409836,5.0,0,52
engr0,HTC,ORIGINAL,0.0,FGSM,0.3,27.37704918032787,32.0,0,57
engr0,HTC,ORIGINAL,0.0,FGSM,0.4,29.9672131147541,35.0,0,56
engr0,HTC,ORIGINAL,0.0,FGSM,0.5,29.80327868852459,34.0,0,56
engr0,HTC,ORIGINAL,0.0,FGSM,0.6,29.688524590163933,34.0,0,56
engr0,HTC,ORIGINAL,0.0,FGSM,0.7,29.639344262295083,34.0,0,56
engr0,HTC,ORIGINAL,0.0,FGSM,0.8,29.557377049180328,34.0,0,56
engr0,HTC,ORIGINAL,0.0,FGSM,0.9,29.688524590163933,34.0,0,56
engr0,HTC,ORIGINAL,0.0,FGSM,1.0,29.721311475409838,34.0,0,56
engr0,LG,ORIGINAL,0.0,FGSM,0.1,1.8360655737704918,1.0,0,8
engr0,LG,ORIGINAL,0.0,FGSM,0.2,8.98360655737705,3.0,0,46
engr0,LG,ORIGINAL,0.0,FGSM,0.3,22.508196721311474,15.0,0,56
engr0,LG,ORIGINAL,0.0,FGSM,0.4,26.262295081967213,30.0,0,56
engr0,LG,ORIGINAL,0.0,FGSM,0.5,26.672131147540984,28.0,0,58
engr0,LG,ORIGINAL,0.0,FGSM,0.6,26.540983606557376,28.0,0,57
engr0,LG,ORIGINAL,0.0,FGSM,0.7,26.311475409836067,28.0,0,57
engr0,LG,ORIGINAL,0.0,FGSM,0.8,26.42622950819672,27.0,0,57
engr0,LG,ORIGINAL,0.0,FGSM,0.9,26.557377049180328,28.0,0,57
engr0,LG,ORIGINAL,0.0,FGSM,1.0,26.704918032786885,27.0,0,57
engr0,MOTO,ORIGINAL,0.0,FGSM,0.1,3.3278688524590163,1.0,0,34
engr0,MOTO,ORIGINAL,0.0,FGSM,0.2,22.262295081967213,22.0,0,55
engr0,MOTO,ORIGINAL,0.0,FGSM,0.3,30.262295081967213,34.0,0,57
engr0,MOTO,ORIGINAL,0.0,FGSM,0.4,30.540983606557376,35.0,0,56
engr0,MOTO,ORIGINAL,0.0,FGSM,0.5,30.704918032786885,35.0,0,56
engr0,MOTO,ORIGINAL,0.0,FGSM,0.6,30.885245901639344,35.0,0,56
engr0,MOTO,ORIGINAL,0.0,FGSM,0.7,30.934426229508198,34.0,0,56
engr0,MOTO,ORIGINAL,0.0,FGSM,0.8,31.18032786885246,34.0,0,56
engr0,MOTO,ORIGINAL,0.0,FGSM,0.9,31.229508196721312,34.0,0,56
engr0,MOTO,ORIGINAL,0.0,FGSM,1.0,31.278688524590162,34.0,0,56
engr0,OP3,ORIGINAL,0.0,FGSM,0.1,1.1311475409836065,1.0,0,7
engr0,OP3,ORIGINAL,0.0,FGSM,0.2,21.016393442622952,15.0,0,56
engr0,OP3,ORIGINAL,0.0,FGSM,0.3,31.21311475409836,33.0,0,56
engr0,OP3,ORIGINAL,0.0,FGSM,0.4,33.21311475409836,37.0,1,56
engr0,OP3,ORIGINAL,0.0,FGSM,0.5,33.0655737704918,37.0,1,56
engr0,OP3,ORIGINAL,0.0,FGSM,0.6,33.32786885245902,37.0,1,57
engr0,OP3,ORIGINAL,0.0,FGSM,0.7,33.49180327868852,37.0,1,57
engr0,OP3,ORIGINAL,0.0,FGSM,0.8,33.50819672131148,37.0,1,57
engr0,OP3,ORIGINAL,0.0,FGSM,0.9,33.540983606557376,37.0,1,57
engr0,OP3,ORIGINAL,0.0,FGSM,1.0,33.57377049180328,37.0,1,57
engr0,S7,ORIGINAL,0.0,FGSM,0.1,1.9672131147540983,1.0,0,10
engr0,S7,ORIGINAL,0.0,FGSM,0.2,17.62295081967213,11.0,0,57
engr0,S7,ORIGINAL,0.0,FGSM,0.3,28.737704918032787,31.0,0,56
engr0,S7,ORIGINAL,0.0,FGSM,0.4,30.147540983606557,34.0,0,56
engr0,S7,ORIGINAL,0.0,FGSM,0.5,30.18032786885246,34.0,0,56
engr0,S7,ORIGINAL,0.0,FGSM,0.6,30.081967213114755,34.0,0,56
engr0,S7,ORIGINAL,0.0,FGSM,0.7,30.114754098360656,34.0,0,56
engr0,S7,ORIGINAL,0.0,FGSM,0.8,30.081967213114755,34.0,0,56
engr0,S7,ORIGINAL,0.0,FGSM,0.9,30.016393442622952,33.0,0,56
engr0,S7,ORIGINAL,0.0,FGSM,1.0,30.21311475409836,33.0,0,56
engr0,BLU,SAE,0.0,FGSM,0.1,2.622950819672131,2.0,0,11
engr0,BLU,SAE,0.0,FGSM,0.2,13.770491803278688,7.0,0,55
engr0,BLU,SAE,0.0,FGSM,0.3,29.098360655737704,30.0,0,56
engr0,BLU,SAE,0.0,FGSM,0.4,31.508196721311474,34.0,0,56
engr0,BLU,SAE,0.0,FGSM,0.5,31.262295081967213,34.0,0,56
engr0,BLU,SAE,0.0,FGSM,0.6,31.442622950819672,34.0,0,56
engr0,BLU,SAE,0.0,FGSM,0.7,32.01639344262295,35.0,0,56
engr0,BLU,SAE,0.0,FGSM,0.8,32.0,35.0,0,56
engr0,BLU,SAE,0.0,FGSM,0.9,31.983606557377048,35.0,0,56
engr0,BLU,SAE,0.0,FGSM,1.0,31.983606557377048,35.0,0,56
engr0,HTC,SAE,0.0,FGSM,0.1,2.5081967213114753,1.0,0,16
engr0,HTC,SAE,0.0,FGSM,0.2,6.409836065573771,5.0,0,23
engr0,HTC,SAE,0.0,FGSM,0.3,26.442622950819672,26.0,0,57
engr0,HTC,SAE,0.0,FGSM,0.4,30.131147540983605,35.0,0,56
engr0,HTC,SAE,0.0,FGSM,0.5,29.672131147540984,34.0,0,56
engr0,HTC,SAE,0.0,FGSM,0.6,29.639344262295083,34.0,0,56
engr0,HTC,SAE,0.0,FGSM,0.7,29.688524590163933,34.0,0,56
engr0,HTC,SAE,0.0,FGSM,0.8,29.65573770491803,34.0,0,56
engr0,HTC,SAE,0.0,FGSM,0.9,29.78688524590164,34.0,0,56
engr0,HTC,SAE,0.0,FGSM,1.0,29.81967213114754,34.0,0,56
engr0,LG,SAE,0.0,FGSM,0.1,2.3934426229508197,2.0,0,12
engr0,LG,SAE,0.0,FGSM,0.2,7.704918032786885,3.0,0,46
engr0,LG,SAE,0.0,FGSM,0.3,22.918032786885245,19.0,0,59
engr0,LG,SAE,0.0,FGSM,0.4,26.262295081967213,30.0,0,56
engr0,LG,SAE,0.0,FGSM,0.5,26.57377049180328,28.0,0,58
engr0,LG,SAE,0.0,FGSM,0.6,26.540983606557376,28.0,0,57
engr0,LG,SAE,0.0,FGSM,0.7,26.40983606557377,28.0,0,57
engr0,LG,SAE,0.0,FGSM,0.8,26.57377049180328,27.0,0,57
engr0,LG,SAE,0.0,FGSM,0.9,26.721311475409838,28.0,0,57
engr0,LG,SAE,0.0,FGSM,1.0,26.868852459016395,27.0,0,57
engr0,MOTO,SAE,0.0,FGSM,0.1,3.6885245901639343,2.0,0,34
engr0,MOTO,SAE,0.0,FGSM,0.2,20.262295081967213,19.0,0,55
engr0,MOTO,SAE,0.0,FGSM,0.3,29.983606557377048,34.0,0,57
engr0,MOTO,SAE,0.0,FGSM,0.4,30.62295081967213,35.0,0,57
engr0,MOTO,SAE,0.0,FGSM,0.5,30.57377049180328,35.0,0,56
engr0,MOTO,SAE,0.0,FGSM,0.6,31.016393442622952,35.0,0,56
engr0,MOTO,SAE,0.0,FGSM,0.7,31.049180327868854,34.0,0,56
engr0,MOTO,SAE,0.0,FGSM,0.8,31.360655737704917,34.0,0,56
engr0,MOTO,SAE,0.0,FGSM,0.9,31.40983606557377,34.0,0,56
engr0,MOTO,SAE,0.0,FGSM,1.0,31.40983606557377,34.0,0,56
engr0,OP3,SAE,0.0,FGSM,0.1,1.7540983606557377,1.0,0,11
engr0,OP3,SAE,0.0,FGSM,0.2,23.42622950819672,20.0,0,56
engr0,OP3,SAE,0.0,FGSM,0.3,30.327868852459016,29.0,1,57
engr0,OP3,SAE,0.0,FGSM,0.4,33.21311475409836,37.0,1,56
engr0,OP3,SAE,0.0,FGSM,0.5,33.18032786885246,37.0,1,56
engr0,OP3,SAE,0.0,FGSM,0.6,33.459016393442624,37.0,2,57
engr0,OP3,SAE,0.0,FGSM,0.7,33.68852459016394,37.0,2,57
engr0,OP3,SAE,0.0,FGSM,0.8,33.77049180327869,37.0,2,57
engr0,OP3,SAE,0.0,FGSM,0.9,33.78688524590164,37.0,2,57
engr0,OP3,SAE,0.0,FGSM,1.0,33.81967213114754,37.0,2,57
engr0,S7,SAE,0.0,FGSM,0.1,2.1147540983606556,1.0,0,10
engr0,S7,SAE,0.0,FGSM,0.2,15.475409836065573,10.0,0,57
engr0,S7,SAE,0.0,FGSM,0.3,28.147540983606557,29.0,0,57
engr0,S7,SAE,0.0,FGSM,0.4,30.459016393442624,34.0,0,56
engr0,S7,SAE,0.0,FGSM,0.5,30.147540983606557,34.0,0,56
engr0,S7,SAE,0.0,FGSM,0.6,30.114754098360656,34.0,0,56
engr0,S7,SAE,0.0,FGSM,0.7,30.40983606557377,34.0,0,56
engr0,S7,SAE,0.0,FGSM,0.8,30.360655737704917,34.0,0,56
engr0,S7,SAE,0.0,FGSM,0.9,30.39344262295082,33.0,0,56
engr0,S7,SAE,0.0,FGSM,1.0,30.59016393442623,33.0,0,56
engr0,BLU,SAE,0.0,FGSM,0.1,2.622950819672131,2.0,0,11
engr0,BLU,SAE,0.0,FGSM,0.2,13.770491803278688,7.0,0,55
engr0,BLU,SAE,0.0,FGSM,0.3,29.098360655737704,30.0,0,56
engr0,BLU,SAE,0.0,FGSM,0.4,31.508196721311474,34.0,0,56
engr0,BLU,SAE,0.0,FGSM,0.5,31.262295081967213,34.0,0,56
engr0,BLU,SAE,0.0,FGSM,0.6,31.442622950819672,34.0,0,56
engr0,BLU,SAE,0.0,FGSM,0.7,32.01639344262295,35.0,0,56
engr0,BLU,SAE,0.0,FGSM,0.8,32.0,35.0,0,56
engr0,BLU,SAE,0.0,FGSM,0.9,31.983606557377048,35.0,0,56
engr0,BLU,SAE,0.0,FGSM,1.0,31.983606557377048,35.0,0,56
engr0,HTC,SAE,0.0,FGSM,0.1,2.5081967213114753,1.0,0,16
engr0,HTC,SAE,0.0,FGSM,0.2,6.409836065573771,5.0,0,23
engr0,HTC,SAE,0.0,FGSM,0.3,26.442622950819672,26.0,0,57
engr0,HTC,SAE,0.0,FGSM,0.4,30.131147540983605,35.0,0,56
engr0,HTC,SAE,0.0,FGSM,0.5,29.672131147540984,34.0,0,56
engr0,HTC,SAE,0.0,FGSM,0.6,29.639344262295083,34.0,0,56
engr0,HTC,SAE,0.0,FGSM,0.7,29.688524590163933,34.0,0,56
engr0,HTC,SAE,0.0,FGSM,0.8,29.65573770491803,34.0,0,56
engr0,HTC,SAE,0.0,FGSM,0.9,29.78688524590164,34.0,0,56
engr0,HTC,SAE,0.0,FGSM,1.0,29.81967213114754,34.0,0,56
engr0,LG,SAE,0.0,FGSM,0.1,2.3934426229508197,2.0,0,12
engr0,LG,SAE,0.0,FGSM,0.2,7.704918032786885,3.0,0,46
engr0,LG,SAE,0.0,FGSM,0.3,22.918032786885245,19.0,0,59
engr0,LG,SAE,0.0,FGSM,0.4,26.262295081967213,30.0,0,56
engr0,LG,SAE,0.0,FGSM,0.5,26.57377049180328,28.0,0,58
engr0,LG,SAE,0.0,FGSM,0.6,26.540983606557376,28.0,0,57
engr0,LG,SAE,0.0,FGSM,0.7,26.40983606557377,28.0,0,57
engr0,LG,SAE,0.0,FGSM,0.8,26.57377049180328,27.0,0,57
engr0,LG,SAE,0.0,FGSM,0.9,26.721311475409838,28.0,0,57
engr0,LG,SAE,0.0,FGSM,1.0,26.868852459016395,27.0,0,57
engr0,MOTO,SAE,0.0,FGSM,0.1,3.6885245901639343,2.0,0,34
engr0,MOTO,SAE,0.0,FGSM,0.2,20.262295081967213,19.0,0,55
engr0,MOTO,SAE,0.0,FGSM,0.3,29.983606557377048,34.0,0,57
engr0,MOTO,SAE,0.0,FGSM,0.4,30.62295081967213,35.0,0,57
engr0,MOTO,SAE,0.0,FGSM,0.5,30.57377049180328,35.0,0,56
engr0,MOTO,SAE,0.0,FGSM,0.6,31.016393442622952,35.0,0,56
engr0,MOTO,SAE,0.0,FGSM,0.7,31.049180327868854,34.0,0,56
engr0,MOTO,SAE,0.0,FGSM,0.8,31.360655737704917,34.0,0,56
engr0,MOTO,SAE,0.0,FGSM,0.9,31.40983606557377,34.0,0,56
engr0,MOTO,SAE,0.0,FGSM,1.0,31.40983606557377,34.0,0,56
engr0,OP3,SAE,0.0,FGSM,0.1,1.7540983606557377,1.0,0,11
engr0,OP3,SAE,0.0,FGSM,0.2,23.42622950819672,20.0,0,56
engr0,OP3,SAE,0.0,FGSM,0.3,30.327868852459016,29.0,1,57
engr0,OP3,SAE,0.0,FGSM,0.4,33.21311475409836,37.0,1,56
engr0,OP3,SAE,0.0,FGSM,0.5,33.18032786885246,37.0,1,56
engr0,OP3,SAE,0.0,FGSM,0.6,33.459016393442624,37.0,2,57
engr0,OP3,SAE,0.0,FGSM,0.7,33.68852459016394,37.0,2,57
engr0,OP3,SAE,0.0,FGSM,0.8,33.77049180327869,37.0,2,57
engr0,OP3,SAE,0.0,FGSM,0.9,33.78688524590164,37.0,2,57
engr0,OP3,SAE,0.0,FGSM,1.0,33.81967213114754,37.0,2,57
engr0,S7,SAE,0.0,FGSM,0.1,2.1147540983606556,1.0,0,10
engr0,S7,SAE,0.0,FGSM,0.2,15.475409836065573,10.0,0,57
engr0,S7,SAE,0.0,FGSM,0.3,28.147540983606557,29.0,0,57
engr0,S7,SAE,0.0,FGSM,0.4,30.459016393442624,34.0,0,56
engr0,S7,SAE,0.0,FGSM,0.5,30.147540983606557,34.0,0,56
engr0,S7,SAE,0.0,FGSM,0.6,30.114754098360656,34.0,0,56
engr0,S7,SAE,0.0,FGSM,0.7,30.40983606557377,34.0,0,56
engr0,S7,SAE,0.0,FGSM,0.8,30.360655737704917,34.0,0,56
engr0,S7,SAE,0.0,FGSM,0.9,30.39344262295082,33.0,0,56
engr0,S7,SAE,0.0,FGSM,1.0,30.59016393442623,33.0,0,56
engr0,BLU,SAE,0.0,FGSM,0.1,2.622950819672131,2.0,0,11
engr0,BLU,SAE,0.0,FGSM,0.2,13.770491803278688,7.0,0,55
engr0,BLU,SAE,0.0,FGSM,0.3,29.098360655737704,30.0,0,56
engr0,BLU,SAE,0.0,FGSM,0.4,31.508196721311474,34.0,0,56
engr0,BLU,SAE,0.0,FGSM,0.5,31.262295081967213,34.0,0,56
engr0,BLU,SAE,0.0,FGSM,0.6,31.442622950819672,34.0,0,56
engr0,BLU,SAE,0.0,FGSM,0.7,32.01639344262295,35.0,0,56
engr0,BLU,SAE,0.0,FGSM,0.8,32.0,35.0,0,56
engr0,BLU,SAE,0.0,FGSM,0.9,31.983606557377048,35.0,0,56
engr0,BLU,SAE,0.0,FGSM,1.0,31.983606557377048,35.0,0,56
engr0,HTC,SAE,0.0,FGSM,0.1,2.5081967213114753,1.0,0,16
engr0,HTC,SAE,0.0,FGSM,0.2,6.409836065573771,5.0,0,23
engr0,HTC,SAE,0.0,FGSM,0.3,26.442622950819672,26.0,0,57
engr0,HTC,SAE,0.0,FGSM,0.4,30.131147540983605,35.0,0,56
engr0,HTC,SAE,0.0,FGSM,0.5,29.672131147540984,34.0,0,56
engr0,HTC,SAE,0.0,FGSM,0.6,29.639344262295083,34.0,0,56
engr0,HTC,SAE,0.0,FGSM,0.7,29.688524590163933,34.0,0,56
engr0,HTC,SAE,0.0,FGSM,0.8,29.65573770491803,34.0,0,56
engr0,HTC,SAE,0.0,FGSM,0.9,29.78688524590164,34.0,0,56
engr0,HTC,SAE,0.0,FGSM,1.0,29.81967213114754,34.0,0,56
engr0,LG,SAE,0.0,FGSM,0.1,2.3934426229508197,2.0,0,12
engr0,LG,SAE,0.0,FGSM,0.2,7.704918032786885,3.0,0,46
engr0,LG,SAE,0.0,FGSM,0.3,22.918032786885245,19.0,0,59
engr0,LG,SAE,0.0,FGSM,0.4,26.262295081967213,30.0,0,56
engr0,LG,SAE,0.0,FGSM,0.5,26.57377049180328,28.0,0,58
engr0,LG,SAE,0.0,FGSM,0.6,26.540983606557376,28.0,0,57
engr0,LG,SAE,0.0,FGSM,0.7,26.40983606557377,28.0,0,57
engr0,LG,SAE,0.0,FGSM,0.8,26.57377049180328,27.0,0,57
engr0,LG,SAE,0.0,FGSM,0.9,26.721311475409838,28.0,0,57
engr0,LG,SAE,0.0,FGSM,1.0,26.868852459016395,27.0,0,57
engr0,MOTO,SAE,0.0,FGSM,0.1,3.6885245901639343,2.0,0,34
engr0,MOTO,SAE,0.0,FGSM,0.2,20.262295081967213,19.0,0,55
engr0,MOTO,SAE,0.0,FGSM,0.3,29.983606557377048,34.0,0,57
engr0,MOTO,SAE,0.0,FGSM,0.4,30.62295081967213,35.0,0,57
engr0,MOTO,SAE,0.0,FGSM,0.5,30.57377049180328,35.0,0,56
engr0,MOTO,SAE,0.0,FGSM,0.6,31.016393442622952,35.0,0,56
engr0,MOTO,SAE,0.0,FGSM,0.7,31.049180327868854,34.0,0,56
engr0,MOTO,SAE,0.0,FGSM,0.8,31.360655737704917,34.0,0,56
engr0,MOTO,SAE,0.0,FGSM,0.9,31.40983606557377,34.0,0,56
engr0,MOTO,SAE,0.0,FGSM,1.0,31.40983606557377,34.0,0,56
engr0,OP3,SAE,0.0,FGSM,0.1,1.7540983606557377,1.0,0,11
engr0,OP3,SAE,0.0,FGSM,0.2,23.42622950819672,20.0,0,56
engr0,OP3,SAE,0.0,FGSM,0.3,30.327868852459016,29.0,1,57
engr0,OP3,SAE,0.0,FGSM,0.4,33.21311475409836,37.0,1,56
engr0,OP3,SAE,0.0,FGSM,0.5,33.18032786885246,37.0,1,56
engr0,OP3,SAE,0.0,FGSM,0.6,33.459016393442624,37.0,2,57
engr0,OP3,SAE,0.0,FGSM,0.7,33.68852459016394,37.0,2,57
engr0,OP3,SAE,0.0,FGSM,0.8,33.77049180327869,37.0,2,57
engr0,OP3,SAE,0.0,FGSM,0.9,33.78688524590164,37.0,2,57
engr0,OP3,SAE,0.0,FGSM,1.0,33.81967213114754,37.0,2,57
engr0,S7,SAE,0.0,FGSM,0.1,2.1147540983606556,1.0,0,10
engr0,S7,SAE,0.0,FGSM,0.2,15.475409836065573,10.0,0,57
engr0,S7,SAE,0.0,FGSM,0.3,28.147540983606557,29.0,0,57
engr0,S7,SAE,0.0,FGSM,0.4,30.459016393442624,34.0,0,56
engr0,S7,SAE,0.0,FGSM,0.5,30.147540983606557,34.0,0,56
engr0,S7,SAE,0.0,FGSM,0.6,30.114754098360656,34.0,0,56
engr0,S7,SAE,0.0,FGSM,0.7,30.40983606557377,34.0,0,56
engr0,S7,SAE,0.0,FGSM,0.8,30.360655737704917,34.0,0,56
engr0,S7,SAE,0.0,FGSM,0.9,30.39344262295082,33.0,0,56
engr0,S7,SAE,0.0,FGSM,1.0,30.59016393442623,33.0,0,56
engr0,BLU,SAE,0.0,FGSM,0.1,2.622950819672131,2.0,0,11
engr0,BLU,SAE,0.0,FGSM,0.2,13.770491803278688,7.0,0,55
engr0,BLU,SAE,0.0,FGSM,0.3,29.098360655737704,30.0,0,56
engr0,BLU,SAE,0.0,FGSM,0.4,31.508196721311474,34.0,0,56
engr0,BLU,SAE,0.0,FGSM,0.5,31.262295081967213,34.0,0,56
engr0,BLU,SAE,0.0,FGSM,0.6,31.442622950819672,34.0,0,56
engr0,BLU,SAE,0.0,FGSM,0.7,32.01639344262295,35.0,0,56
engr0,BLU,SAE,0.0,FGSM,0.8,32.0,35.0,0,56
engr0,BLU,SAE,0.0,FGSM,0.9,31.983606557377048,35.0,0,56
engr0,BLU,SAE,0.0,FGSM,1.0,31.983606557377048,35.0,0,56
engr0,HTC,SAE,0.0,FGSM,0.1,2.5081967213114753,1.0,0,16
engr0,HTC,SAE,0.0,FGSM,0.2,6.409836065573771,5.0,0,23
engr0,HTC,SAE,0.0,FGSM,0.3,26.442622950819672,26.0,0,57
engr0,HTC,SAE,0.0,FGSM,0.4,30.131147540983605,35.0,0,56
engr0,HTC,SAE,0.0,FGSM,0.5,29.672131147540984,34.0,0,56
engr0,HTC,SAE,0.0,FGSM,0.6,29.639344262295083,34.0,0,56
engr0,HTC,SAE,0.0,FGSM,0.7,29.688524590163933,34.0,0,56
engr0,HTC,SAE,0.0,FGSM,0.8,29.65573770491803,34.0,0,56
engr0,HTC,SAE,0.0,FGSM,0.9,29.78688524590164,34.0,0,56
engr0,HTC,SAE,0.0,FGSM,1.0,29.81967213114754,34.0,0,56
engr0,LG,SAE,0.0,FGSM,0.1,2.3934426229508197,2.0,0,12
engr0,LG,SAE,0.0,FGSM,0.2,7.704918032786885,3.0,0,46
engr0,LG,SAE,0.0,FGSM,0.3,22.918032786885245,19.0,0,59
engr0,LG,SAE,0.0,FGSM,0.4,26.262295081967213,30.0,0,56
engr0,LG,SAE,0.0,FGSM,0.5,26.57377049180328,28.0,0,58
engr0,LG,SAE,0.0,FGSM,0.6,26.540983606557376,28.0,0,57
engr0,LG,SAE,0.0,FGSM,0.7,26.40983606557377,28.0,0,57
engr0,LG,SAE,0.0,FGSM,0.8,26.57377049180328,27.0,0,57
engr0,LG,SAE,0.0,FGSM,0.9,26.721311475409838,28.0,0,57
engr0,LG,SAE,0.0,FGSM,1.0,26.868852459016395,27.0,0,57
engr0,MOTO,SAE,0.0,FGSM,0.1,3.6885245901639343,2.0,0,34
engr0,MOTO,SAE,0.0,FGSM,0.2,20.262295081967213,19.0,0,55
engr0,MOTO,SAE,0.0,FGSM,0.3,29.983606557377048,34.0,0,57
engr0,MOTO,SAE,0.0,FGSM,0.4,30.62295081967213,35.0,0,57
engr0,MOTO,SAE,0.0,FGSM,0.5,30.57377049180328,35.0,0,56
engr0,MOTO,SAE,0.0,FGSM,0.6,31.016393442622952,35.0,0,56
engr0,MOTO,SAE,0.0,FGSM,0.7,31.049180327868854,34.0,0,56
engr0,MOTO,SAE,0.0,FGSM,0.8,31.360655737704917,34.0,0,56
engr0,MOTO,SAE,0.0,FGSM,0.9,31.40983606557377,34.0,0,56
engr0,MOTO,SAE,0.0,FGSM,1.0,31.40983606557377,34.0,0,56
engr0,OP3,SAE,0.0,FGSM,0.1,1.7540983606557377,1.0,0,11
engr0,OP3,SAE,0.0,FGSM,0.2,23.42622950819672,20.0,0,56
engr0,OP3,SAE,0.0,FGSM,0.3,30.327868852459016,29.0,1,57
engr0,OP3,SAE,0.0,FGSM,0.4,33.21311475409836,37.0,1,56
engr0,OP3,SAE,0.0,FGSM,0.5,33.18032786885246,37.0,1,56
engr0,OP3,SAE,0.0,FGSM,0.6,33.459016393442624,37.0,2,57
engr0,OP3,SAE,0.0,FGSM,0.7,33.68852459016394,37.0,2,57
engr0,OP3,SAE,0.0,FGSM,0.8,33.77049180327869,37.0,2,57
engr0,OP3,SAE,0.0,FGSM,0.9,33.78688524590164,37.0,2,57
engr0,OP3,SAE,0.0,FGSM,1.0,33.81967213114754,37.0,2,57
engr0,S7,SAE,0.0,FGSM,0.1,2.1147540983606556,1.0,0,10
engr0,S7,SAE,0.0,FGSM,0.2,15.475409836065573,10.0,0,57
engr0,S7,SAE,0.0,FGSM,0.3,28.147540983606557,29.0,0,57
engr0,S7,SAE,0.0,FGSM,0.4,30.459016393442624,34.0,0,56
engr0,S7,SAE,0.0,FGSM,0.5,30.147540983606557,34.0,0,56
engr0,S7,SAE,0.0,FGSM,0.6,30.114754098360656,34.0,0,56
engr0,S7,SAE,0.0,FGSM,0.7,30.40983606557377,34.0,0,56
engr0,S7,SAE,0.0,FGSM,0.8,30.360655737704917,34.0,0,56
engr0,S7,SAE,0.0,FGSM,0.9,30.39344262295082,33.0,0,56
engr0,S7,SAE,0.0,FGSM,1.0,30.59016393442623,33.0,0,56
engr0,BLU,SAE,0.0,FGSM,0.1,2.622950819672131,2.0,0,11
engr0,BLU,SAE,0.0,FGSM,0.2,13.770491803278688,7.0,0,55
engr0,BLU,SAE,0.0,FGSM,0.3,29.098360655737704,30.0,0,56
engr0,BLU,SAE,0.0,FGSM,0.4,31.508196721311474,34.0,0,56
engr0,BLU,SAE,0.0,FGSM,0.5,31.262295081967213,34.0,0,56
engr0,BLU,SAE,0.0,FGSM,0.6,31.442622950819672,34.0,0,56
engr0,BLU,SAE,0.0,FGSM,0.7,32.01639344262295,35.0,0,56
engr0,BLU,SAE,0.0,FGSM,0.8,32.0,35.0,0,56
engr0,BLU,SAE,0.0,FGSM,0.9,31.983606557377048,35.0,0,56
engr0,BLU,SAE,0.0,FGSM,1.0,31.983606557377048,35.0,0,56
engr0,HTC,SAE,0.0,FGSM,0.1,2.5081967213114753,1.0,0,16
engr0,HTC,SAE,0.0,FGSM,0.2,6.409836065573771,5.0,0,23
engr0,HTC,SAE,0.0,FGSM,0.3,26.442622950819672,26.0,0,57
engr0,HTC,SAE,0.0,FGSM,0.4,30.131147540983605,35.0,0,56
engr0,HTC,SAE,0.0,FGSM,0.5,29.672131147540984,34.0,0,56
engr0,HTC,SAE,0.0,FGSM,0.6,29.639344262295083,34.0,0,56
engr0,HTC,SAE,0.0,FGSM,0.7,29.688524590163933,34.0,0,56
engr0,HTC,SAE,0.0,FGSM,0.8,29.65573770491803,34.0,0,56
engr0,HTC,SAE,0.0,FGSM,0.9,29.78688524590164,34.0,0,56
engr0,HTC,SAE,0.0,FGSM,1.0,29.81967213114754,34.0,0,56
engr0,LG,SAE,0.0,FGSM,0.1,2.3934426229508197,2.0,0,12
engr0,LG,SAE,0.0,FGSM,0.2,7.704918032786885,3.0,0,46
engr0,LG,SAE,0.0,FGSM,0.3,22.918032786885245,19.0,0,59
engr0,LG,SAE,0.0,FGSM,0.4,26.262295081967213,30.0,0,56
engr0,LG,SAE,0.0,FGSM,0.5,26.57377049180328,28.0,0,58
engr0,LG,SAE,0.0,FGSM,0.6,26.540983606557376,28.0,0,57
engr0,LG,SAE,0.0,FGSM,0.7,26.40983606557377,28.0,0,57
engr0,LG,SAE,0.0,FGSM,0.8,26.57377049180328,27.0,0,57
engr0,LG,SAE,0.0,FGSM,0.9,26.721311475409838,28.0,0,57
engr0,LG,SAE,0.0,FGSM,1.0,26.868852459016395,27.0,0,57
engr0,MOTO,SAE,0.0,FGSM,0.1,3.6885245901639343,2.0,0,34
engr0,MOTO,SAE,0.0,FGSM,0.2,20.262295081967213,19.0,0,55
engr0,MOTO,SAE,0.0,FGSM,0.3,29.983606557377048,34.0,0,57
engr0,MOTO,SAE,0.0,FGSM,0.4,30.62295081967213,35.0,0,57
engr0,MOTO,SAE,0.0,FGSM,0.5,30.57377049180328,35.0,0,56
engr0,MOTO,SAE,0.0,FGSM,0.6,31.016393442622952,35.0,0,56
engr0,MOTO,SAE,0.0,FGSM,0.7,31.049180327868854,34.0,0,56
engr0,MOTO,SAE,0.0,FGSM,0.8,31.360655737704917,34.0,0,56
engr0,MOTO,SAE,0.0,FGSM,0.9,31.40983606557377,34.0,0,56
engr0,MOTO,SAE,0.0,FGSM,1.0,31.40983606557377,34.0,0,56
engr0,OP3,SAE,0.0,FGSM,0.1,1.7540983606557377,1.0,0,11
engr0,OP3,SAE,0.0,FGSM,0.2,23.42622950819672,20.0,0,56
engr0,OP3,SAE,0.0,FGSM,0.3,30.327868852459016,29.0,1,57
engr0,OP3,SAE,0.0,FGSM,0.4,33.21311475409836,37.0,1,56
engr0,OP3,SAE,0.0,FGSM,0.5,33.18032786885246,37.0,1,56
engr0,OP3,SAE,0.0,FGSM,0.6,33.459016393442624,37.0,2,57
engr0,OP3,SAE,0.0,FGSM,0.7,33.68852459016394,37.0,2,57
engr0,OP3,SAE,0.0,FGSM,0.8,33.77049180327869,37.0,2,57
engr0,OP3,SAE,0.0,FGSM,0.9,33.78688524590164,37.0,2,57
engr0,OP3,SAE,0.0,FGSM,1.0,33.81967213114754,37.0,2,57
engr0,S7,SAE,0.0,FGSM,0.1,2.1147540983606556,1.0,0,10
engr0,S7,SAE,0.0,FGSM,0.2,15.475409836065573,10.0,0,57
engr0,S7,SAE,0.0,FGSM,0.3,28.147540983606557,29.0,0,57
engr0,S7,SAE,0.0,FGSM,0.4,30.459016393442624,34.0,0,56
engr0,S7,SAE,0.0,FGSM,0.5,30.147540983606557,34.0,0,56
engr0,S7,SAE,0.0,FGSM,0.6,30.114754098360656,34.0,0,56
engr0,S7,SAE,0.0,FGSM,0.7,30.40983606557377,34.0,0,56
engr0,S7,SAE,0.0,FGSM,0.8,30.360655737704917,34.0,0,56
engr0,S7,SAE,0.0,FGSM,0.9,30.39344262295082,33.0,0,56
engr0,S7,SAE,0.0,FGSM,1.0,30.59016393442623,33.0,0,56
engr0,BLU,SAE,0.0,FGSM,0.1,2.622950819672131,2.0,0,11
engr0,BLU,SAE,0.0,FGSM,0.2,13.770491803278688,7.0,0,55
engr0,BLU,SAE,0.0,FGSM,0.3,29.098360655737704,30.0,0,56
engr0,BLU,SAE,0.0,FGSM,0.4,31.508196721311474,34.0,0,56
engr0,BLU,SAE,0.0,FGSM,0.5,31.262295081967213,34.0,0,56
engr0,BLU,SAE,0.0,FGSM,0.6,31.442622950819672,34.0,0,56
engr0,BLU,SAE,0.0,FGSM,0.7,32.01639344262295,35.0,0,56
engr0,BLU,SAE,0.0,FGSM,0.8,32.0,35.0,0,56
engr0,BLU,SAE,0.0,FGSM,0.9,31.983606557377048,35.0,0,56
engr0,BLU,SAE,0.0,FGSM,1.0,31.983606557377048,35.0,0,56
engr0,HTC,SAE,0.0,FGSM,0.1,2.5081967213114753,1.0,0,16
engr0,HTC,SAE,0.0,FGSM,0.2,6.409836065573771,5.0,0,23
engr0,HTC,SAE,0.0,FGSM,0.3,26.442622950819672,26.0,0,57
engr0,HTC,SAE,0.0,FGSM,0.4,30.131147540983605,35.0,0,56
engr0,HTC,SAE,0.0,FGSM,0.5,29.672131147540984,34.0,0,56
engr0,HTC,SAE,0.0,FGSM,0.6,29.639344262295083,34.0,0,56
engr0,HTC,SAE,0.0,FGSM,0.7,29.688524590163933,34.0,0,56
engr0,HTC,SAE,0.0,FGSM,0.8,29.65573770491803,34.0,0,56
engr0,HTC,SAE,0.0,FGSM,0.9,29.78688524590164,34.0,0,56
engr0,HTC,SAE,0.0,FGSM,1.0,29.81967213114754,34.0,0,56
engr0,LG,SAE,0.0,FGSM,0.1,2.3934426229508197,2.0,0,12
engr0,LG,SAE,0.0,FGSM,0.2,7.704918032786885,3.0,0,46
engr0,LG,SAE,0.0,FGSM,0.3,22.918032786885245,19.0,0,59
engr0,LG,SAE,0.0,FGSM,0.4,26.262295081967213,30.0,0,56
engr0,LG,SAE,0.0,FGSM,0.5,26.57377049180328,28.0,0,58
engr0,LG,SAE,0.0,FGSM,0.6,26.540983606557376,28.0,0,57
engr0,LG,SAE,0.0,FGSM,0.7,26.40983606557377,28.0,0,57
engr0,LG,SAE,0.0,FGSM,0.8,26.57377049180328,27.0,0,57
engr0,LG,SAE,0.0,FGSM,0.9,26.721311475409838,28.0,0,57
engr0,LG,SAE,0.0,FGSM,1.0,26.868852459016395,27.0,0,57
engr0,MOTO,SAE,0.0,FGSM,0.1,3.6885245901639343,2.0,0,34
engr0,MOTO,SAE,0.0,FGSM,0.2,20.262295081967213,19.0,0,55
engr0,MOTO,SAE,0.0,FGSM,0.3,29.983606557377048,34.0,0,57
engr0,MOTO,SAE,0.0,FGSM,0.4,30.62295081967213,35.0,0,57
engr0,MOTO,SAE,0.0,FGSM,0.5,30.57377049180328,35.0,0,56
engr0,MOTO,SAE,0.0,FGSM,0.6,31.016393442622952,35.0,0,56
engr0,MOTO,SAE,0.0,FGSM,0.7,31.049180327868854,34.0,0,56
engr0,MOTO,SAE,0.0,FGSM,0.8,31.360655737704917,34.0,0,56
engr0,MOTO,SAE,0.0,FGSM,0.9,31.40983606557377,34.0,0,56
engr0,MOTO,SAE,0.0,FGSM,1.0,31.40983606557377,34.0,0,56
engr0,OP3,SAE,0.0,FGSM,0.1,1.7540983606557377,1.0,0,11
engr0,OP3,SAE,0.0,FGSM,0.2,23.42622950819672,20.0,0,56
engr0,OP3,SAE,0.0,FGSM,0.3,30.327868852459016,29.0,1,57
engr0,OP3,SAE,0.0,FGSM,0.4,33.21311475409836,37.0,1,56
engr0,OP3,SAE,0.0,FGSM,0.5,33.18032786885246,37.0,1,56
engr0,OP3,SAE,0.0,FGSM,0.6,33.459016393442624,37.0,2,57
engr0,OP3,SAE,0.0,FGSM,0.7,33.68852459016394,37.0,2,57
engr0,OP3,SAE,0.0,FGSM,0.8,33.77049180327869,37.0,2,57
engr0,OP3,SAE,0.0,FGSM,0.9,33.78688524590164,37.0,2,57
engr0,OP3,SAE,0.0,FGSM,1.0,33.81967213114754,37.0,2,57
engr0,S7,SAE,0.0,FGSM,0.1,2.1147540983606556,1.0,0,10
engr0,S7,SAE,0.0,FGSM,0.2,15.475409836065573,10.0,0,57
engr0,S7,SAE,0.0,FGSM,0.3,28.147540983606557,29.0,0,57
engr0,S7,SAE,0.0,FGSM,0.4,30.459016393442624,34.0,0,56
engr0,S7,SAE,0.0,FGSM,0.5,30.147540983606557,34.0,0,56
engr0,S7,SAE,0.0,FGSM,0.6,30.114754098360656,34.0,0,56
engr0,S7,SAE,0.0,FGSM,0.7,30.40983606557377,34.0,0,56
engr0,S7,SAE,0.0,FGSM,0.8,30.360655737704917,34.0,0,56
engr0,S7,SAE,0.0,FGSM,0.9,30.39344262295082,33.0,0,56
engr0,S7,SAE,0.0,FGSM,1.0,30.59016393442623,33.0,0,56
engr0,BLU,SAE,0.0,FGSM,0.1,2.622950819672131,2.0,0,11
engr0,BLU,SAE,0.0,FGSM,0.2,13.770491803278688,7.0,0,55
engr0,BLU,SAE,0.0,FGSM,0.3,29.098360655737704,30.0,0,56
engr0,BLU,SAE,0.0,FGSM,0.4,31.508196721311474,34.0,0,56
engr0,BLU,SAE,0.0,FGSM,0.5,31.262295081967213,34.0,0,56
engr0,BLU,SAE,0.0,FGSM,0.6,31.442622950819672,34.0,0,56
engr0,BLU,SAE,0.0,FGSM,0.7,32.01639344262295,35.0,0,56
engr0,BLU,SAE,0.0,FGSM,0.8,32.0,35.0,0,56
engr0,BLU,SAE,0.0,FGSM,0.9,31.983606557377048,35.0,0,56
engr0,BLU,SAE,0.0,FGSM,1.0,31.983606557377048,35.0,0,56
engr0,HTC,SAE,0.0,FGSM,0.1,2.5081967213114753,1.0,0,16
engr0,HTC,SAE,0.0,FGSM,0.2,6.409836065573771,5.0,0,23
engr0,HTC,SAE,0.0,FGSM,0.3,26.442622950819672,26.0,0,57
engr0,HTC,SAE,0.0,FGSM,0.4,30.131147540983605,35.0,0,56
engr0,HTC,SAE,0.0,FGSM,0.5,29.672131147540984,34.0,0,56
engr0,HTC,SAE,0.0,FGSM,0.6,29.639344262295083,34.0,0,56
engr0,HTC,SAE,0.0,FGSM,0.7,29.688524590163933,34.0,0,56
engr0,HTC,SAE,0.0,FGSM,0.8,29.65573770491803,34.0,0,56
engr0,HTC,SAE,0.0,FGSM,0.9,29.78688524590164,34.0,0,56
engr0,HTC,SAE,0.0,FGSM,1.0,29.81967213114754,34.0,0,56
engr0,LG,SAE,0.0,FGSM,0.1,2.3934426229508197,2.0,0,12
engr0,LG,SAE,0.0,FGSM,0.2,7.704918032786885,3.0,0,46
engr0,LG,SAE,0.0,FGSM,0.3,22.918032786885245,19.0,0,59
engr0,LG,SAE,0.0,FGSM,0.4,26.262295081967213,30.0,0,56
engr0,LG,SAE,0.0,FGSM,0.5,26.57377049180328,28.0,0,58
engr0,LG,SAE,0.0,FGSM,0.6,26.540983606557376,28.0,0,57
engr0,LG,SAE,0.0,FGSM,0.7,26.40983606557377,28.0,0,57
engr0,LG,SAE,0.0,FGSM,0.8,26.57377049180328,27.0,0,57
engr0,LG,SAE,0.0,FGSM,0.9,26.721311475409838,28.0,0,57
engr0,LG,SAE,0.0,FGSM,1.0,26.868852459016395,27.0,0,57
engr0,MOTO,SAE,0.0,FGSM,0.1,3.6885245901639343,2.0,0,34
engr0,MOTO,SAE,0.0,FGSM,0.2,20.262295081967213,19.0,0,55
engr0,MOTO,SAE,0.0,FGSM,0.3,29.983606557377048,34.0,0,57
engr0,MOTO,SAE,0.0,FGSM,0.4,30.62295081967213,35.0,0,57
engr0,MOTO,SAE,0.0,FGSM,0.5,30.57377049180328,35.0,0,56
engr0,MOTO,SAE,0.0,FGSM,0.6,31.016393442622952,35.0,0,56
engr0,MOTO,SAE,0.0,FGSM,0.7,31.049180327868854,34.0,0,56
engr0,MOTO,SAE,0.0,FGSM,0.8,31.360655737704917,34.0,0,56
engr0,MOTO,SAE,0.0,FGSM,0.9,31.40983606557377,34.0,0,56
engr0,MOTO,SAE,0.0,FGSM,1.0,31.40983606557377,34.0,0,56
engr0,OP3,SAE,0.0,FGSM,0.1,1.7540983606557377,1.0,0,11
engr0,OP3,SAE,0.0,FGSM,0.2,23.42622950819672,20.0,0,56
engr0,OP3,SAE,0.0,FGSM,0.3,30.327868852459016,29.0,1,57
engr0,OP3,SAE,0.0,FGSM,0.4,33.21311475409836,37.0,1,56
engr0,OP3,SAE,0.0,FGSM,0.5,33.18032786885246,37.0,1,56
engr0,OP3,SAE,0.0,FGSM,0.6,33.459016393442624,37.0,2,57
engr0,OP3,SAE,0.0,FGSM,0.7,33.68852459016394,37.0,2,57
engr0,OP3,SAE,0.0,FGSM,0.8,33.77049180327869,37.0,2,57
engr0,OP3,SAE,0.0,FGSM,0.9,33.78688524590164,37.0,2,57
engr0,OP3,SAE,0.0,FGSM,1.0,33.81967213114754,37.0,2,57
engr0,S7,SAE,0.0,FGSM,0.1,2.1147540983606556,1.0,0,10
engr0,S7,SAE,0.0,FGSM,0.2,15.475409836065573,10.0,0,57
engr0,S7,SAE,0.0,FGSM,0.3,28.147540983606557,29.0,0,57
engr0,S7,SAE,0.0,FGSM,0.4,30.459016393442624,34.0,0,56
engr0,S7,SAE,0.0,FGSM,0.5,30.147540983606557,34.0,0,56
engr0,S7,SAE,0.0,FGSM,0.6,30.114754098360656,34.0,0,56
engr0,S7,SAE,0.0,FGSM,0.7,30.40983606557377,34.0,0,56
engr0,S7,SAE,0.0,FGSM,0.8,30.360655737704917,34.0,0,56
engr0,S7,SAE,0.0,FGSM,0.9,30.39344262295082,33.0,0,56
engr0,S7,SAE,0.0,FGSM,1.0,30.59016393442623,33.0,0,56
engr0,BLU,SAE,0.0,FGSM,0.1,2.622950819672131,2.0,0,11
engr0,BLU,SAE,0.0,FGSM,0.2,13.770491803278688,7.0,0,55
engr0,BLU,SAE,0.0,FGSM,0.3,29.098360655737704,30.0,0,56
engr0,BLU,SAE,0.0,FGSM,0.4,31.508196721311474,34.0,0,56
engr0,BLU,SAE,0.0,FGSM,0.5,31.262295081967213,34.0,0,56
engr0,BLU,SAE,0.0,FGSM,0.6,31.442622950819672,34.0,0,56
engr0,BLU,SAE,0.0,FGSM,0.7,32.01639344262295,35.0,0,56
engr0,BLU,SAE,0.0,FGSM,0.8,32.0,35.0,0,56
engr0,BLU,SAE,0.0,FGSM,0.9,31.983606557377048,35.0,0,56
engr0,BLU,SAE,0.0,FGSM,1.0,31.983606557377048,35.0,0,56
engr0,HTC,SAE,0.0,FGSM,0.1,2.5081967213114753,1.0,0,16
engr0,HTC,SAE,0.0,FGSM,0.2,6.409836065573771,5.0,0,23
engr0,HTC,SAE,0.0,FGSM,0.3,26.442622950819672,26.0,0,57
engr0,HTC,SAE,0.0,FGSM,0.4,30.131147540983605,35.0,0,56
engr0,HTC,SAE,0.0,FGSM,0.5,29.672131147540984,34.0,0,56
engr0,HTC,SAE,0.0,FGSM,0.6,29.639344262295083,34.0,0,56
engr0,HTC,SAE,0.0,FGSM,0.7,29.688524590163933,34.0,0,56
engr0,HTC,SAE,0.0,FGSM,0.8,29.65573770491803,34.0,0,56
engr0,HTC,SAE,0.0,FGSM,0.9,29.78688524590164,34.0,0,56
engr0,HTC,SAE,0.0,FGSM,1.0,29.81967213114754,34.0,0,56
engr0,LG,SAE,0.0,FGSM,0.1,2.3934426229508197,2.0,0,12
engr0,LG,SAE,0.0,FGSM,0.2,7.704918032786885,3.0,0,46
engr0,LG,SAE,0.0,FGSM,0.3,22.918032786885245,19.0,0,59
engr0,LG,SAE,0.0,FGSM,0.4,26.262295081967213,30.0,0,56
engr0,LG,SAE,0.0,FGSM,0.5,26.57377049180328,28.0,0,58
engr0,LG,SAE,0.0,FGSM,0.6,26.540983606557376,28.0,0,57
engr0,LG,SAE,0.0,FGSM,0.7,26.40983606557377,28.0,0,57
engr0,LG,SAE,0.0,FGSM,0.8,26.57377049180328,27.0,0,57
engr0,LG,SAE,0.0,FGSM,0.9,26.721311475409838,28.0,0,57
engr0,LG,SAE,0.0,FGSM,1.0,26.868852459016395,27.0,0,57
engr0,MOTO,SAE,0.0,FGSM,0.1,3.6885245901639343,2.0,0,34
engr0,MOTO,SAE,0.0,FGSM,0.2,20.262295081967213,19.0,0,55
engr0,MOTO,SAE,0.0,FGSM,0.3,29.983606557377048,34.0,0,57
engr0,MOTO,SAE,0.0,FGSM,0.4,30.62295081967213,35.0,0,57
engr0,MOTO,SAE,0.0,FGSM,0.5,30.57377049180328,35.0,0,56
engr0,MOTO,SAE,0.0,FGSM,0.6,31.016393442622952,35.0,0,56
engr0,MOTO,SAE,0.0,FGSM,0.7,31.049180327868854,34.0,0,56
engr0,MOTO,SAE,0.0,FGSM,0.8,31.360655737704917,34.0,0,56
engr0,MOTO,SAE,0.0,FGSM,0.9,31.40983606557377,34.0,0,56
engr0,MOTO,SAE,0.0,FGSM,1.0,31.40983606557377,34.0,0,56
engr0,OP3,SAE,0.0,FGSM,0.1,1.7540983606557377,1.0,0,11
engr0,OP3,SAE,0.0,FGSM,0.2,23.42622950819672,20.0,0,56
engr0,OP3,SAE,0.0,FGSM,0.3,30.327868852459016,29.0,1,57
engr0,OP3,SAE,0.0,FGSM,0.4,33.21311475409836,37.0,1,56
engr0,OP3,SAE,0.0,FGSM,0.5,33.18032786885246,37.0,1,56
engr0,OP3,SAE,0.0,FGSM,0.6,33.459016393442624,37.0,2,57
engr0,OP3,SAE,0.0,FGSM,0.7,33.68852459016394,37.0,2,57
engr0,OP3,SAE,0.0,FGSM,0.8,33.77049180327869,37.0,2,57
engr0,OP3,SAE,0.0,FGSM,0.9,33.78688524590164,37.0,2,57
engr0,OP3,SAE,0.0,FGSM,1.0,33.81967213114754,37.0,2,57
engr0,S7,SAE,0.0,FGSM,0.1,2.1147540983606556,1.0,0,10
engr0,S7,SAE,0.0,FGSM,0.2,15.475409836065573,10.0,0,57
engr0,S7,SAE,0.0,FGSM,0.3,28.147540983606557,29.0,0,57
engr0,S7,SAE,0.0,FGSM,0.4,30.459016393442624,34.0,0,56
engr0,S7,SAE,0.0,FGSM,0.5,30.147540983606557,34.0,0,56
engr0,S7,SAE,0.0,FGSM,0.6,30.114754098360656,34.0,0,56
engr0,S7,SAE,0.0,FGSM,0.7,30.40983606557377,34.0,0,56
engr0,S7,SAE,0.0,FGSM,0.8,30.360655737704917,34.0,0,56
engr0,S7,SAE,0.0,FGSM,0.9,30.39344262295082,33.0,0,56
engr0,S7,SAE,0.0,FGSM,1.0,30.59016393442623,33.0,0,56
engr0,BLU,SAE,0.0,FGSM,0.1,2.622950819672131,2.0,0,11
engr0,BLU,SAE,0.0,FGSM,0.2,13.770491803278688,7.0,0,55
engr0,BLU,SAE,0.0,FGSM,0.3,29.098360655737704,30.0,0,56
engr0,BLU,SAE,0.0,FGSM,0.4,31.508196721311474,34.0,0,56
engr0,BLU,SAE,0.0,FGSM,0.5,31.262295081967213,34.0,0,56
engr0,BLU,SAE,0.0,FGSM,0.6,31.442622950819672,34.0,0,56
engr0,BLU,SAE,0.0,FGSM,0.7,32.01639344262295,35.0,0,56
engr0,BLU,SAE,0.0,FGSM,0.8,32.0,35.0,0,56
engr0,BLU,SAE,0.0,FGSM,0.9,31.983606557377048,35.0,0,56
engr0,BLU,SAE,0.0,FGSM,1.0,31.983606557377048,35.0,0,56
engr0,HTC,SAE,0.0,FGSM,0.1,2.5081967213114753,1.0,0,16
engr0,HTC,SAE,0.0,FGSM,0.2,6.409836065573771,5.0,0,23
engr0,HTC,SAE,0.0,FGSM,0.3,26.442622950819672,26.0,0,57
engr0,HTC,SAE,0.0,FGSM,0.4,30.131147540983605,35.0,0,56
engr0,HTC,SAE,0.0,FGSM,0.5,29.672131147540984,34.0,0,56
engr0,HTC,SAE,0.0,FGSM,0.6,29.639344262295083,34.0,0,56
engr0,HTC,SAE,0.0,FGSM,0.7,29.688524590163933,34.0,0,56
engr0,HTC,SAE,0.0,FGSM,0.8,29.65573770491803,34.0,0,56
engr0,HTC,SAE,0.0,FGSM,0.9,29.78688524590164,34.0,0,56
engr0,HTC,SAE,0.0,FGSM,1.0,29.81967213114754,34.0,0,56
engr0,LG,SAE,0.0,FGSM,0.1,2.3934426229508197,2.0,0,12
engr0,LG,SAE,0.0,FGSM,0.2,7.704918032786885,3.0,0,46
engr0,LG,SAE,0.0,FGSM,0.3,22.918032786885245,19.0,0,59
engr0,LG,SAE,0.0,FGSM,0.4,26.262295081967213,30.0,0,56
engr0,LG,SAE,0.0,FGSM,0.5,26.57377049180328,28.0,0,58
engr0,LG,SAE,0.0,FGSM,0.6,26.540983606557376,28.0,0,57
engr0,LG,SAE,0.0,FGSM,0.7,26.40983606557377,28.0,0,57
engr0,LG,SAE,0.0,FGSM,0.8,26.57377049180328,27.0,0,57
engr0,LG,SAE,0.0,FGSM,0.9,26.721311475409838,28.0,0,57
engr0,LG,SAE,0.0,FGSM,1.0,26.868852459016395,27.0,0,57
engr0,MOTO,SAE,0.0,FGSM,0.1,3.6885245901639343,2.0,0,34
engr0,MOTO,SAE,0.0,FGSM,0.2,20.262295081967213,19.0,0,55
engr0,MOTO,SAE,0.0,FGSM,0.3,29.983606557377048,34.0,0,57
engr0,MOTO,SAE,0.0,FGSM,0.4,30.62295081967213,35.0,0,57
engr0,MOTO,SAE,0.0,FGSM,0.5,30.57377049180328,35.0,0,56
engr0,MOTO,SAE,0.0,FGSM,0.6,31.016393442622952,35.0,0,56
engr0,MOTO,SAE,0.0,FGSM,0.7,31.049180327868854,34.0,0,56
engr0,MOTO,SAE,0.0,FGSM,0.8,31.360655737704917,34.0,0,56
engr0,MOTO,SAE,0.0,FGSM,0.9,31.40983606557377,34.0,0,56
engr0,MOTO,SAE,0.0,FGSM,1.0,31.40983606557377,34.0,0,56
engr0,OP3,SAE,0.0,FGSM,0.1,1.7540983606557377,1.0,0,11
engr0,OP3,SAE,0.0,FGSM,0.2,23.42622950819672,20.0,0,56
engr0,OP3,SAE,0.0,FGSM,0.3,30.327868852459016,29.0,1,57
engr0,OP3,SAE,0.0,FGSM,0.4,33.21311475409836,37.0,1,56
engr0,OP3,SAE,0.0,FGSM,0.5,33.18032786885246,37.0,1,56
engr0,OP3,SAE,0.0,FGSM,0.6,33.459016393442624,37.0,2,57
engr0,OP3,SAE,0.0,FGSM,0.7,33.68852459016394,37.0,2,57
engr0,OP3,SAE,0.0,FGSM,0.8,33.77049180327869,37.0,2,57
engr0,OP3,SAE,0.0,FGSM,0.9,33.78688524590164,37.0,2,57
engr0,OP3,SAE,0.0,FGSM,1.0,33.81967213114754,37.0,2,57
engr0,S7,SAE,0.0,FGSM,0.1,2.1147540983606556,1.0,0,10
engr0,S7,SAE,0.0,FGSM,0.2,15.475409836065573,10.0,0,57
engr0,S7,SAE,0.0,FGSM,0.3,28.147540983606557,29.0,0,57
engr0,S7,SAE,0.0,FGSM,0.4,30.459016393442624,34.0,0,56
engr0,S7,SAE,0.0,FGSM,0.5,30.147540983606557,34.0,0,56
engr0,S7,SAE,0.0,FGSM,0.6,30.114754098360656,34.0,0,56
engr0,S7,SAE,0.0,FGSM,0.7,30.40983606557377,34.0,0,56
engr0,S7,SAE,0.0,FGSM,0.8,30.360655737704917,34.0,0,56
engr0,S7,SAE,0.0,FGSM,0.9,30.39344262295082,33.0,0,56
engr0,S7,SAE,0.0,FGSM,1.0,30.59016393442623,33.0,0,56
engr0,BLU,SAE,0.0,FGSM,0.1,2.622950819672131,2.0,0,11
engr0,BLU,SAE,0.0,FGSM,0.2,13.770491803278688,7.0,0,55
engr0,BLU,SAE,0.0,FGSM,0.3,29.098360655737704,30.0,0,56
engr0,BLU,SAE,0.0,FGSM,0.4,31.508196721311474,34.0,0,56
engr0,BLU,SAE,0.0,FGSM,0.5,31.262295081967213,34.0,0,56
engr0,BLU,SAE,0.0,FGSM,0.6,31.442622950819672,34.0,0,56
engr0,BLU,SAE,0.0,FGSM,0.7,32.01639344262295,35.0,0,56
engr0,BLU,SAE,0.0,FGSM,0.8,32.0,35.0,0,56
engr0,BLU,SAE,0.0,FGSM,0.9,31.983606557377048,35.0,0,56
engr0,BLU,SAE,0.0,FGSM,1.0,31.983606557377048,35.0,0,56
engr0,HTC,SAE,0.0,FGSM,0.1,2.5081967213114753,1.0,0,16
engr0,HTC,SAE,0.0,FGSM,0.2,6.409836065573771,5.0,0,23
engr0,HTC,SAE,0.0,FGSM,0.3,26.442622950819672,26.0,0,57
engr0,HTC,SAE,0.0,FGSM,0.4,30.131147540983605,35.0,0,56
engr0,HTC,SAE,0.0,FGSM,0.5,29.672131147540984,34.0,0,56
engr0,HTC,SAE,0.0,FGSM,0.6,29.639344262295083,34.0,0,56
engr0,HTC,SAE,0.0,FGSM,0.7,29.688524590163933,34.0,0,56
engr0,HTC,SAE,0.0,FGSM,0.8,29.65573770491803,34.0,0,56
engr0,HTC,SAE,0.0,FGSM,0.9,29.78688524590164,34.0,0,56
engr0,HTC,SAE,0.0,FGSM,1.0,29.81967213114754,34.0,0,56
engr0,LG,SAE,0.0,FGSM,0.1,2.3934426229508197,2.0,0,12
engr0,LG,SAE,0.0,FGSM,0.2,7.704918032786885,3.0,0,46
engr0,LG,SAE,0.0,FGSM,0.3,22.918032786885245,19.0,0,59
engr0,LG,SAE,0.0,FGSM,0.4,26.262295081967213,30.0,0,56
engr0,LG,SAE,0.0,FGSM,0.5,26.57377049180328,28.0,0,58
engr0,LG,SAE,0.0,FGSM,0.6,26.540983606557376,28.0,0,57
engr0,LG,SAE,0.0,FGSM,0.7,26.40983606557377,28.0,0,57
engr0,LG,SAE,0.0,FGSM,0.8,26.57377049180328,27.0,0,57
engr0,LG,SAE,0.0,FGSM,0.9,26.721311475409838,28.0,0,57
engr0,LG,SAE,0.0,FGSM,1.0,26.868852459016395,27.0,0,57
engr0,MOTO,SAE,0.0,FGSM,0.1,3.6885245901639343,2.0,0,34
engr0,MOTO,SAE,0.0,FGSM,0.2,20.262295081967213,19.0,0,55
engr0,MOTO,SAE,0.0,FGSM,0.3,29.983606557377048,34.0,0,57
engr0,MOTO,SAE,0.0,FGSM,0.4,30.62295081967213,35.0,0,57
engr0,MOTO,SAE,0.0,FGSM,0.5,30.57377049180328,35.0,0,56
engr0,MOTO,SAE,0.0,FGSM,0.6,31.016393442622952,35.0,0,56
engr0,MOTO,SAE,0.0,FGSM,0.7,31.049180327868854,34.0,0,56
engr0,MOTO,SAE,0.0,FGSM,0.8,31.360655737704917,34.0,0,56
engr0,MOTO,SAE,0.0,FGSM,0.9,31.40983606557377,34.0,0,56
engr0,MOTO,SAE,0.0,FGSM,1.0,31.40983606557377,34.0,0,56
engr0,OP3,SAE,0.0,FGSM,0.1,1.7540983606557377,1.0,0,11
engr0,OP3,SAE,0.0,FGSM,0.2,23.42622950819672,20.0,0,56
engr0,OP3,SAE,0.0,FGSM,0.3,30.327868852459016,29.0,1,57
engr0,OP3,SAE,0.0,FGSM,0.4,33.21311475409836,37.0,1,56
engr0,OP3,SAE,0.0,FGSM,0.5,33.18032786885246,37.0,1,56
engr0,OP3,SAE,0.0,FGSM,0.6,33.459016393442624,37.0,2,57
engr0,OP3,SAE,0.0,FGSM,0.7,33.68852459016394,37.0,2,57
engr0,OP3,SAE,0.0,FGSM,0.8,33.77049180327869,37.0,2,57
engr0,OP3,SAE,0.0,FGSM,0.9,33.78688524590164,37.0,2,57
engr0,OP3,SAE,0.0,FGSM,1.0,33.81967213114754,37.0,2,57
engr0,S7,SAE,0.0,FGSM,0.1,2.1147540983606556,1.0,0,10
engr0,S7,SAE,0.0,FGSM,0.2,15.475409836065573,10.0,0,57
engr0,S7,SAE,0.0,FGSM,0.3,28.147540983606557,29.0,0,57
engr0,S7,SAE,0.0,FGSM,0.4,30.459016393442624,34.0,0,56
engr0,S7,SAE,0.0,FGSM,0.5,30.147540983606557,34.0,0,56
engr0,S7,SAE,0.0,FGSM,0.6,30.114754098360656,34.0,0,56
engr0,S7,SAE,0.0,FGSM,0.7,30.40983606557377,34.0,0,56
engr0,S7,SAE,0.0,FGSM,0.8,30.360655737704917,34.0,0,56
engr0,S7,SAE,0.0,FGSM,0.9,30.39344262295082,33.0,0,56
engr0,S7,SAE,0.0,FGSM,1.0,30.59016393442623,33.0,0,56
engr0,BLU,STACKED_SAE,0.0,FGSM,0.1,2.80327868852459,2.0,0,25
engr0,BLU,STACKED_SAE,0.0,FGSM,0.2,12.934426229508198,7.0,0,55
engr0,BLU,STACKED_SAE,0.0,FGSM,0.3,28.9672131147541,33.0,0,56
engr0,BLU,STACKED_SAE,0.0,FGSM,0.4,31.049180327868854,35.0,0,56
engr0,BLU,STACKED_SAE,0.0,FGSM,0.5,30.80327868852459,34.0,0,56
engr0,BLU,STACKED_SAE,0.0,FGSM,0.6,31.098360655737704,34.0,0,56
engr0,BLU,STACKED_SAE,0.0,FGSM,0.7,31.65573770491803,35.0,0,56
engr0,BLU,STACKED_SAE,0.0,FGSM,0.8,31.704918032786885,35.0,0,56
engr0,BLU,STACKED_SAE,0.0,FGSM,0.9,31.721311475409838,35.0,0,56
engr0,BLU,STACKED_SAE,0.0,FGSM,1.0,31.737704918032787,35.0,0,56
engr0,HTC,STACKED_SAE,0.0,FGSM,0.1,3.5901639344262297,2.0,0,18
engr0,HTC,STACKED_SAE,0.0,FGSM,0.2,8.19672131147541,6.0,0,46
engr0,HTC,STACKED_SAE,0.0,FGSM,0.3,25.524590163934427,22.0,0,57
engr0,HTC,STACKED_SAE,0.0,FGSM,0.4,29.9672131147541,35.0,0,56
engr0,HTC,STACKED_SAE,0.0,FGSM,0.5,29.80327868852459,34.0,0,56
engr0,HTC,STACKED_SAE,0.0,FGSM,0.6,29.688524590163933,34.0,0,56
engr0,HTC,STACKED_SAE,0.0,FGSM,0.7,29.639344262295083,34.0,0,56
engr0,HTC,STACKED_SAE,0.0,FGSM,0.8,29.557377049180328,34.0,0,56
engr0,HTC,STACKED_SAE,0.0,FGSM,0.9,29.688524590163933,34.0,0,56
engr0,HTC,STACKED_SAE,0.0,FGSM,1.0,29.721311475409838,34.0,0,56
engr0,LG,STACKED_SAE,0.0,FGSM,0.1,2.1475409836065573,1.0,0,14
engr0,LG,STACKED_SAE,0.0,FGSM,0.2,7.901639344262295,5.0,0,46
engr0,LG,STACKED_SAE,0.0,FGSM,0.3,22.459016393442624,15.0,0,56
engr0,LG,STACKED_SAE,0.0,FGSM,0.4,26.262295081967213,30.0,0,56
engr0,LG,STACKED_SAE,0.0,FGSM,0.5,26.672131147540984,28.0,0,58
engr0,LG,STACKED_SAE,0.0,FGSM,0.6,26.540983606557376,28.0,0,57
engr0,LG,STACKED_SAE,0.0,FGSM,0.7,26.311475409836067,28.0,0,57
engr0,LG,STACKED_SAE,0.0,FGSM,0.8,26.42622950819672,27.0,0,57
engr0,LG,STACKED_SAE,0.0,FGSM,0.9,26.557377049180328,28.0,0,57
engr0,LG,STACKED_SAE,0.0,FGSM,1.0,26.704918032786885,27.0,0,57
engr0,MOTO,STACKED_SAE,0.0,FGSM,0.1,3.9836065573770494,3.0,0,22
engr0,MOTO,STACKED_SAE,0.0,FGSM,0.2,19.704918032786885,14.0,0,55
engr0,MOTO,STACKED_SAE,0.0,FGSM,0.3,30.262295081967213,34.0,0,57
engr0,MOTO,STACKED_SAE,0.0,FGSM,0.4,30.540983606557376,35.0,0,56
engr0,MOTO,STACKED_SAE,0.0,FGSM,0.5,30.704918032786885,35.0,0,56
engr0,MOTO,STACKED_SAE,0.0,FGSM,0.6,30.885245901639344,35.0,0,56
engr0,MOTO,STACKED_SAE,0.0,FGSM,0.7,30.934426229508198,34.0,0,56
engr0,MOTO,STACKED_SAE,0.0,FGSM,0.8,31.18032786885246,34.0,0,56
engr0,MOTO,STACKED_SAE,0.0,FGSM,0.9,31.229508196721312,34.0,0,56
engr0,MOTO,STACKED_SAE,0.0,FGSM,1.0,31.278688524590162,34.0,0,56
engr0,OP3,STACKED_SAE,0.0,FGSM,0.1,2.6065573770491803,1.0,0,24
engr0,OP3,STACKED_SAE,0.0,FGSM,0.2,20.524590163934427,13.0,0,56
engr0,OP3,STACKED_SAE,0.0,FGSM,0.3,31.147540983606557,33.0,0,56
engr0,OP3,STACKED_SAE,0.0,FGSM,0.4,33.21311475409836,37.0,1,56
engr0,OP3,STACKED_SAE,0.0,FGSM,0.5,33.0655737704918,37.0,1,56
engr0,OP3,STACKED_SAE,0.0,FGSM,0.6,33.32786885245902,37.0,1,57
engr0,OP3,STACKED_SAE,0.0,FGSM,0.7,33.49180327868852,37.0,1,57
engr0,OP3,STACKED_SAE,0.0,FGSM,0.8,33.50819672131148,37.0,1,57
engr0,OP3,STACKED_SAE,0.0,FGSM,0.9,33.540983606557376,37.0,1,57
engr0,OP3,STACKED_SAE,0.0,FGSM,1.0,33.57377049180328,37.0,1,57
engr0,S7,STACKED_SAE,0.0,FGSM,0.1,3.081967213114754,2.0,0,16
engr0,S7,STACKED_SAE,0.0,FGSM,0.2,15.967213114754099,9.0,0,57
engr0,S7,STACKED_SAE,0.0,FGSM,0.3,28.770491803278688,31.0,0,56
engr0,S7,STACKED_SAE,0.0,FGSM,0.4,30.147540983606557,34.0,0,56
engr0,S7,STACKED_SAE,0.0,FGSM,0.5,30.18032786885246,34.0,0,56
engr0,S7,STACKED_SAE,0.0,FGSM,0.6,30.081967213114755,34.0,0,56
engr0,S7,STACKED_SAE,0.0,FGSM,0.7,30.114754098360656,34.0,0,56
engr0,S7,STACKED_SAE,0.0,FGSM,0.8,30.081967213114755,34.0,0,56
engr0,S7,STACKED_SAE,0.0,FGSM,0.9,30.016393442622952,33.0,0,56
engr0,S7,STACKED_SAE,0.0,FGSM,1.0,30.21311475409836,33.0,0,56
engr0,BLU,STACKED_SAE,0.0,FGSM,0.1,2.80327868852459,2.0,0,25
engr0,BLU,STACKED_SAE,0.0,FGSM,0.2,12.934426229508198,7.0,0,55
engr0,BLU,STACKED_SAE,0.0,FGSM,0.3,28.9672131147541,33.0,0,56
engr0,BLU,STACKED_SAE,0.0,FGSM,0.4,31.049180327868854,35.0,0,56
engr0,BLU,STACKED_SAE,0.0,FGSM,0.5,30.80327868852459,34.0,0,56
engr0,BLU,STACKED_SAE,0.0,FGSM,0.6,31.098360655737704,34.0,0,56
engr0,BLU,STACKED_SAE,0.0,FGSM,0.7,31.65573770491803,35.0,0,56
engr0,BLU,STACKED_SAE,0.0,FGSM,0.8,31.704918032786885,35.0,0,56
engr0,BLU,STACKED_SAE,0.0,FGSM,0.9,31.721311475409838,35.0,0,56
engr0,BLU,STACKED_SAE,0.0,FGSM,1.0,31.737704918032787,35.0,0,56
engr0,HTC,STACKED_SAE,0.0,FGSM,0.1,3.5901639344262297,2.0,0,18
engr0,HTC,STACKED_SAE,0.0,FGSM,0.2,8.19672131147541,6.0,0,46
engr0,HTC,STACKED_SAE,0.0,FGSM,0.3,25.524590163934427,22.0,0,57
engr0,HTC,STACKED_SAE,0.0,FGSM,0.4,29.9672131147541,35.0,0,56
engr0,HTC,STACKED_SAE,0.0,FGSM,0.5,29.80327868852459,34.0,0,56
engr0,HTC,STACKED_SAE,0.0,FGSM,0.6,29.688524590163933,34.0,0,56
engr0,HTC,STACKED_SAE,0.0,FGSM,0.7,29.639344262295083,34.0,0,56
engr0,HTC,STACKED_SAE,0.0,FGSM,0.8,29.557377049180328,34.0,0,56
engr0,HTC,STACKED_SAE,0.0,FGSM,0.9,29.688524590163933,34.0,0,56
engr0,HTC,STACKED_SAE,0.0,FGSM,1.0,29.721311475409838,34.0,0,56
engr0,LG,STACKED_SAE,0.0,FGSM,0.1,2.1475409836065573,1.0,0,14
engr0,LG,STACKED_SAE,0.0,FGSM,0.2,7.901639344262295,5.0,0,46
engr0,LG,STACKED_SAE,0.0,FGSM,0.3,22.459016393442624,15.0,0,56
engr0,LG,STACKED_SAE,0.0,FGSM,0.4,26.262295081967213,30.0,0,56
engr0,LG,STACKED_SAE,0.0,FGSM,0.5,26.672131147540984,28.0,0,58
engr0,LG,STACKED_SAE,0.0,FGSM,0.6,26.540983606557376,28.0,0,57
engr0,LG,STACKED_SAE,0.0,FGSM,0.7,26.311475409836067,28.0,0,57
engr0,LG,STACKED_SAE,0.0,FGSM,0.8,26.42622950819672,27.0,0,57
engr0,LG,STACKED_SAE,0.0,FGSM,0.9,26.557377049180328,28.0,0,57
engr0,LG,STACKED_SAE,0.0,FGSM,1.0,26.704918032786885,27.0,0,57
engr0,MOTO,STACKED_SAE,0.0,FGSM,0.1,3.9836065573770494,3.0,0,22
engr0,MOTO,STACKED_SAE,0.0,FGSM,0.2,19.704918032786885,14.0,0,55
engr0,MOTO,STACKED_SAE,0.0,FGSM,0.3,30.262295081967213,34.0,0,57
engr0,MOTO,STACKED_SAE,0.0,FGSM,0.4,30.540983606557376,35.0,0,56
engr0,MOTO,STACKED_SAE,0.0,FGSM,0.5,30.704918032786885,35.0,0,56
engr0,MOTO,STACKED_SAE,0.0,FGSM,0.6,30.885245901639344,35.0,0,56
engr0,MOTO,STACKED_SAE,0.0,FGSM,0.7,30.934426229508198,34.0,0,56
engr0,MOTO,STACKED_SAE,0.0,FGSM,0.8,31.18032786885246,34.0,0,56
engr0,MOTO,STACKED_SAE,0.0,FGSM,0.9,31.229508196721312,34.0,0,56
engr0,MOTO,STACKED_SAE,0.0,FGSM,1.0,31.278688524590162,34.0,0,56
engr0,OP3,STACKED_SAE,0.0,FGSM,0.1,2.6065573770491803,1.0,0,24
engr0,OP3,STACKED_SAE,0.0,FGSM,0.2,20.524590163934427,13.0,0,56
engr0,OP3,STACKED_SAE,0.0,FGSM,0.3,31.147540983606557,33.0,0,56
engr0,OP3,STACKED_SAE,0.0,FGSM,0.4,33.21311475409836,37.0,1,56
engr0,OP3,STACKED_SAE,0.0,FGSM,0.5,33.0655737704918,37.0,1,56
engr0,OP3,STACKED_SAE,0.0,FGSM,0.6,33.32786885245902,37.0,1,57
engr0,OP3,STACKED_SAE,0.0,FGSM,0.7,33.49180327868852,37.0,1,57
engr0,OP3,STACKED_SAE,0.0,FGSM,0.8,33.50819672131148,37.0,1,57
engr0,OP3,STACKED_SAE,0.0,FGSM,0.9,33.540983606557376,37.0,1,57
engr0,OP3,STACKED_SAE,0.0,FGSM,1.0,33.57377049180328,37.0,1,57
engr0,S7,STACKED_SAE,0.0,FGSM,0.1,3.081967213114754,2.0,0,16
engr0,S7,STACKED_SAE,0.0,FGSM,0.2,15.967213114754099,9.0,0,57
engr0,S7,STACKED_SAE,0.0,FGSM,0.3,28.770491803278688,31.0,0,56
engr0,S7,STACKED_SAE,0.0,FGSM,0.4,30.147540983606557,34.0,0,56
engr0,S7,STACKED_SAE,0.0,FGSM,0.5,30.18032786885246,34.0,0,56
engr0,S7,STACKED_SAE,0.0,FGSM,0.6,30.081967213114755,34.0,0,56
engr0,S7,STACKED_SAE,0.0,FGSM,0.7,30.114754098360656,34.0,0,56
engr0,S7,STACKED_SAE,0.0,FGSM,0.8,30.081967213114755,34.0,0,56
engr0,S7,STACKED_SAE,0.0,FGSM,0.9,30.016393442622952,33.0,0,56
engr0,S7,STACKED_SAE,0.0,FGSM,1.0,30.21311475409836,33.0,0,56
engr0,BLU,STACKED_SAE,0.0,FGSM,0.1,2.80327868852459,2.0,0,25
engr0,BLU,STACKED_SAE,0.0,FGSM,0.2,12.934426229508198,7.0,0,55
engr0,BLU,STACKED_SAE,0.0,FGSM,0.3,28.9672131147541,33.0,0,56
engr0,BLU,STACKED_SAE,0.0,FGSM,0.4,31.049180327868854,35.0,0,56
engr0,BLU,STACKED_SAE,0.0,FGSM,0.5,30.80327868852459,34.0,0,56
engr0,BLU,STACKED_SAE,0.0,FGSM,0.6,31.098360655737704,34.0,0,56
engr0,BLU,STACKED_SAE,0.0,FGSM,0.7,31.65573770491803,35.0,0,56
engr0,BLU,STACKED_SAE,0.0,FGSM,0.8,31.704918032786885,35.0,0,56
engr0,BLU,STACKED_SAE,0.0,FGSM,0.9,31.721311475409838,35.0,0,56
engr0,BLU,STACKED_SAE,0.0,FGSM,1.0,31.737704918032787,35.0,0,56
engr0,HTC,STACKED_SAE,0.0,FGSM,0.1,3.5901639344262297,2.0,0,18
engr0,HTC,STACKED_SAE,0.0,FGSM,0.2,8.19672131147541,6.0,0,46
engr0,HTC,STACKED_SAE,0.0,FGSM,0.3,25.524590163934427,22.0,0,57
engr0,HTC,STACKED_SAE,0.0,FGSM,0.4,29.9672131147541,35.0,0,56
engr0,HTC,STACKED_SAE,0.0,FGSM,0.5,29.80327868852459,34.0,0,56
engr0,HTC,STACKED_SAE,0.0,FGSM,0.6,29.688524590163933,34.0,0,56
engr0,HTC,STACKED_SAE,0.0,FGSM,0.7,29.639344262295083,34.0,0,56
engr0,HTC,STACKED_SAE,0.0,FGSM,0.8,29.557377049180328,34.0,0,56
engr0,HTC,STACKED_SAE,0.0,FGSM,0.9,29.688524590163933,34.0,0,56
engr0,HTC,STACKED_SAE,0.0,FGSM,1.0,29.721311475409838,34.0,0,56
engr0,LG,STACKED_SAE,0.0,FGSM,0.1,2.1475409836065573,1.0,0,14
engr0,LG,STACKED_SAE,0.0,FGSM,0.2,7.901639344262295,5.0,0,46
engr0,LG,STACKED_SAE,0.0,FGSM,0.3,22.459016393442624,15.0,0,56
engr0,LG,STACKED_SAE,0.0,FGSM,0.4,26.262295081967213,30.0,0,56
engr0,LG,STACKED_SAE,0.0,FGSM,0.5,26.672131147540984,28.0,0,58
engr0,LG,STACKED_SAE,0.0,FGSM,0.6,26.540983606557376,28.0,0,57
engr0,LG,STACKED_SAE,0.0,FGSM,0.7,26.311475409836067,28.0,0,57
engr0,LG,STACKED_SAE,0.0,FGSM,0.8,26.42622950819672,27.0,0,57
engr0,LG,STACKED_SAE,0.0,FGSM,0.9,26.557377049180328,28.0,0,57
engr0,LG,STACKED_SAE,0.0,FGSM,1.0,26.704918032786885,27.0,0,57
engr0,MOTO,STACKED_SAE,0.0,FGSM,0.1,3.9836065573770494,3.0,0,22
engr0,MOTO,STACKED_SAE,0.0,FGSM,0.2,19.704918032786885,14.0,0,55
engr0,MOTO,STACKED_SAE,0.0,FGSM,0.3,30.262295081967213,34.0,0,57
engr0,MOTO,STACKED_SAE,0.0,FGSM,0.4,30.540983606557376,35.0,0,56
engr0,MOTO,STACKED_SAE,0.0,FGSM,0.5,30.704918032786885,35.0,0,56
engr0,MOTO,STACKED_SAE,0.0,FGSM,0.6,30.885245901639344,35.0,0,56
engr0,MOTO,STACKED_SAE,0.0,FGSM,0.7,30.934426229508198,34.0,0,56
engr0,MOTO,STACKED_SAE,0.0,FGSM,0.8,31.18032786885246,34.0,0,56
engr0,MOTO,STACKED_SAE,0.0,FGSM,0.9,31.229508196721312,34.0,0,56
engr0,MOTO,STACKED_SAE,0.0,FGSM,1.0,31.278688524590162,34.0,0,56
engr0,OP3,STACKED_SAE,0.0,FGSM,0.1,2.6065573770491803,1.0,0,24
engr0,OP3,STACKED_SAE,0.0,FGSM,0.2,20.524590163934427,13.0,0,56
engr0,OP3,STACKED_SAE,0.0,FGSM,0.3,31.147540983606557,33.0,0,56
engr0,OP3,STACKED_SAE,0.0,FGSM,0.4,33.21311475409836,37.0,1,56
engr0,OP3,STACKED_SAE,0.0,FGSM,0.5,33.0655737704918,37.0,1,56
engr0,OP3,STACKED_SAE,0.0,FGSM,0.6,33.32786885245902,37.0,1,57
engr0,OP3,STACKED_SAE,0.0,FGSM,0.7,33.49180327868852,37.0,1,57
engr0,OP3,STACKED_SAE,0.0,FGSM,0.8,33.50819672131148,37.0,1,57
engr0,OP3,STACKED_SAE,0.0,FGSM,0.9,33.540983606557376,37.0,1,57
engr0,OP3,STACKED_SAE,0.0,FGSM,1.0,33.57377049180328,37.0,1,57
engr0,S7,STACKED_SAE,0.0,FGSM,0.1,3.081967213114754,2.0,0,16
engr0,S7,STACKED_SAE,0.0,FGSM,0.2,15.967213114754099,9.0,0,57
engr0,S7,STACKED_SAE,0.0,FGSM,0.3,28.770491803278688,31.0,0,56
engr0,S7,STACKED_SAE,0.0,FGSM,0.4,30.147540983606557,34.0,0,56
engr0,S7,STACKED_SAE,0.0,FGSM,0.5,30.18032786885246,34.0,0,56
engr0,S7,STACKED_SAE,0.0,FGSM,0.6,30.081967213114755,34.0,0,56
engr0,S7,STACKED_SAE,0.0,FGSM,0.7,30.114754098360656,34.0,0,56
engr0,S7,STACKED_SAE,0.0,FGSM,0.8,30.081967213114755,34.0,0,56
engr0,S7,STACKED_SAE,0.0,FGSM,0.9,30.016393442622952,33.0,0,56
engr0,S7,STACKED_SAE,0.0,FGSM,1.0,30.21311475409836,33.0,0,56
engr0,BLU,STACKED_SAE,0.0,FGSM,0.1,2.80327868852459,2.0,0,25
engr0,BLU,STACKED_SAE,0.0,FGSM,0.2,12.934426229508198,7.0,0,55
engr0,BLU,STACKED_SAE,0.0,FGSM,0.3,28.9672131147541,33.0,0,56
engr0,BLU,STACKED_SAE,0.0,FGSM,0.4,31.049180327868854,35.0,0,56
engr0,BLU,STACKED_SAE,0.0,FGSM,0.5,30.80327868852459,34.0,0,56
engr0,BLU,STACKED_SAE,0.0,FGSM,0.6,31.098360655737704,34.0,0,56
engr0,BLU,STACKED_SAE,0.0,FGSM,0.7,31.65573770491803,35.0,0,56
engr0,BLU,STACKED_SAE,0.0,FGSM,0.8,31.704918032786885,35.0,0,56
engr0,BLU,STACKED_SAE,0.0,FGSM,0.9,31.721311475409838,35.0,0,56
engr0,BLU,STACKED_SAE,0.0,FGSM,1.0,31.737704918032787,35.0,0,56
engr0,HTC,STACKED_SAE,0.0,FGSM,0.1,3.5901639344262297,2.0,0,18
engr0,HTC,STACKED_SAE,0.0,FGSM,0.2,8.19672131147541,6.0,0,46
engr0,HTC,STACKED_SAE,0.0,FGSM,0.3,25.524590163934427,22.0,0,57
engr0,HTC,STACKED_SAE,0.0,FGSM,0.4,29.9672131147541,35.0,0,56
engr0,HTC,STACKED_SAE,0.0,FGSM,0.5,29.80327868852459,34.0,0,56
engr0,HTC,STACKED_SAE,0.0,FGSM,0.6,29.688524590163933,34.0,0,56
engr0,HTC,STACKED_SAE,0.0,FGSM,0.7,29.639344262295083,34.0,0,56
engr0,HTC,STACKED_SAE,0.0,FGSM,0.8,29.557377049180328,34.0,0,56
engr0,HTC,STACKED_SAE,0.0,FGSM,0.9,29.688524590163933,34.0,0,56
engr0,HTC,STACKED_SAE,0.0,FGSM,1.0,29.721311475409838,34.0,0,56
engr0,LG,STACKED_SAE,0.0,FGSM,0.1,2.1475409836065573,1.0,0,14
engr0,LG,STACKED_SAE,0.0,FGSM,0.2,7.901639344262295,5.0,0,46
engr0,LG,STACKED_SAE,0.0,FGSM,0.3,22.459016393442624,15.0,0,56
engr0,LG,STACKED_SAE,0.0,FGSM,0.4,26.262295081967213,30.0,0,56
engr0,LG,STACKED_SAE,0.0,FGSM,0.5,26.672131147540984,28.0,0,58
engr0,LG,STACKED_SAE,0.0,FGSM,0.6,26.540983606557376,28.0,0,57
engr0,LG,STACKED_SAE,0.0,FGSM,0.7,26.311475409836067,28.0,0,57
engr0,LG,STACKED_SAE,0.0,FGSM,0.8,26.42622950819672,27.0,0,57
engr0,LG,STACKED_SAE,0.0,FGSM,0.9,26.557377049180328,28.0,0,57
engr0,LG,STACKED_SAE,0.0,FGSM,1.0,26.704918032786885,27.0,0,57
engr0,MOTO,STACKED_SAE,0.0,FGSM,0.1,3.9836065573770494,3.0,0,22
engr0,MOTO,STACKED_SAE,0.0,FGSM,0.2,19.704918032786885,14.0,0,55
engr0,MOTO,STACKED_SAE,0.0,FGSM,0.3,30.262295081967213,34.0,0,57
engr0,MOTO,STACKED_SAE,0.0,FGSM,0.4,30.540983606557376,35.0,0,56
engr0,MOTO,STACKED_SAE,0.0,FGSM,0.5,30.704918032786885,35.0,0,56
engr0,MOTO,STACKED_SAE,0.0,FGSM,0.6,30.885245901639344,35.0,0,56
engr0,MOTO,STACKED_SAE,0.0,FGSM,0.7,30.934426229508198,34.0,0,56
engr0,MOTO,STACKED_SAE,0.0,FGSM,0.8,31.18032786885246,34.0,0,56
engr0,MOTO,STACKED_SAE,0.0,FGSM,0.9,31.229508196721312,34.0,0,56
engr0,MOTO,STACKED_SAE,0.0,FGSM,1.0,31.278688524590162,34.0,0,56
engr0,OP3,STACKED_SAE,0.0,FGSM,0.1,2.6065573770491803,1.0,0,24
engr0,OP3,STACKED_SAE,0.0,FGSM,0.2,20.524590163934427,13.0,0,56
engr0,OP3,STACKED_SAE,0.0,FGSM,0.3,31.147540983606557,33.0,0,56
engr0,OP3,STACKED_SAE,0.0,FGSM,0.4,33.21311475409836,37.0,1,56
engr0,OP3,STACKED_SAE,0.0,FGSM,0.5,33.0655737704918,37.0,1,56
engr0,OP3,STACKED_SAE,0.0,FGSM,0.6,33.32786885245902,37.0,1,57
engr0,OP3,STACKED_SAE,0.0,FGSM,0.7,33.49180327868852,37.0,1,57
engr0,OP3,STACKED_SAE,0.0,FGSM,0.8,33.50819672131148,37.0,1,57
engr0,OP3,STACKED_SAE,0.0,FGSM,0.9,33.540983606557376,37.0,1,57
engr0,OP3,STACKED_SAE,0.0,FGSM,1.0,33.57377049180328,37.0,1,57
engr0,S7,STACKED_SAE,0.0,FGSM,0.1,3.081967213114754,2.0,0,16
engr0,S7,STACKED_SAE,0.0,FGSM,0.2,15.967213114754099,9.0,0,57
engr0,S7,STACKED_SAE,0.0,FGSM,0.3,28.770491803278688,31.0,0,56
engr0,S7,STACKED_SAE,0.0,FGSM,0.4,30.147540983606557,34.0,0,56
engr0,S7,STACKED_SAE,0.0,FGSM,0.5,30.18032786885246,34.0,0,56
engr0,S7,STACKED_SAE,0.0,FGSM,0.6,30.081967213114755,34.0,0,56
engr0,S7,STACKED_SAE,0.0,FGSM,0.7,30.114754098360656,34.0,0,56
engr0,S7,STACKED_SAE,0.0,FGSM,0.8,30.081967213114755,34.0,0,56
engr0,S7,STACKED_SAE,0.0,FGSM,0.9,30.016393442622952,33.0,0,56
engr0,S7,STACKED_SAE,0.0,FGSM,1.0,30.21311475409836,33.0,0,56
engr0,BLU,STACKED_SAE,0.0,FGSM,0.1,2.80327868852459,2.0,0,25
engr0,BLU,STACKED_SAE,0.0,FGSM,0.2,12.934426229508198,7.0,0,55
engr0,BLU,STACKED_SAE,0.0,FGSM,0.3,28.9672131147541,33.0,0,56
engr0,BLU,STACKED_SAE,0.0,FGSM,0.4,31.049180327868854,35.0,0,56
engr0,BLU,STACKED_SAE,0.0,FGSM,0.5,30.80327868852459,34.0,0,56
engr0,BLU,STACKED_SAE,0.0,FGSM,0.6,31.098360655737704,34.0,0,56
engr0,BLU,STACKED_SAE,0.0,FGSM,0.7,31.65573770491803,35.0,0,56
engr0,BLU,STACKED_SAE,0.0,FGSM,0.8,31.704918032786885,35.0,0,56
engr0,BLU,STACKED_SAE,0.0,FGSM,0.9,31.721311475409838,35.0,0,56
engr0,BLU,STACKED_SAE,0.0,FGSM,1.0,31.737704918032787,35.0,0,56
engr0,HTC,STACKED_SAE,0.0,FGSM,0.1,3.5901639344262297,2.0,0,18
engr0,HTC,STACKED_SAE,0.0,FGSM,0.2,8.19672131147541,6.0,0,46
engr0,HTC,STACKED_SAE,0.0,FGSM,0.3,25.524590163934427,22.0,0,57
engr0,HTC,STACKED_SAE,0.0,FGSM,0.4,29.9672131147541,35.0,0,56
engr0,HTC,STACKED_SAE,0.0,FGSM,0.5,29.80327868852459,34.0,0,56
engr0,HTC,STACKED_SAE,0.0,FGSM,0.6,29.688524590163933,34.0,0,56
engr0,HTC,STACKED_SAE,0.0,FGSM,0.7,29.639344262295083,34.0,0,56
engr0,HTC,STACKED_SAE,0.0,FGSM,0.8,29.557377049180328,34.0,0,56
engr0,HTC,STACKED_SAE,0.0,FGSM,0.9,29.688524590163933,34.0,0,56
engr0,HTC,STACKED_SAE,0.0,FGSM,1.0,29.721311475409838,34.0,0,56
engr0,LG,STACKED_SAE,0.0,FGSM,0.1,2.1475409836065573,1.0,0,14
engr0,LG,STACKED_SAE,0.0,FGSM,0.2,7.901639344262295,5.0,0,46
engr0,LG,STACKED_SAE,0.0,FGSM,0.3,22.459016393442624,15.0,0,56
engr0,LG,STACKED_SAE,0.0,FGSM,0.4,26.262295081967213,30.0,0,56
engr0,LG,STACKED_SAE,0.0,FGSM,0.5,26.672131147540984,28.0,0,58
engr0,LG,STACKED_SAE,0.0,FGSM,0.6,26.540983606557376,28.0,0,57
engr0,LG,STACKED_SAE,0.0,FGSM,0.7,26.311475409836067,28.0,0,57
engr0,LG,STACKED_SAE,0.0,FGSM,0.8,26.42622950819672,27.0,0,57
engr0,LG,STACKED_SAE,0.0,FGSM,0.9,26.557377049180328,28.0,0,57
engr0,LG,STACKED_SAE,0.0,FGSM,1.0,26.704918032786885,27.0,0,57
engr0,MOTO,STACKED_SAE,0.0,FGSM,0.1,3.9836065573770494,3.0,0,22
engr0,MOTO,STACKED_SAE,0.0,FGSM,0.2,19.704918032786885,14.0,0,55
engr0,MOTO,STACKED_SAE,0.0,FGSM,0.3,30.262295081967213,34.0,0,57
engr0,MOTO,STACKED_SAE,0.0,FGSM,0.4,30.540983606557376,35.0,0,56
engr0,MOTO,STACKED_SAE,0.0,FGSM,0.5,30.704918032786885,35.0,0,56
engr0,MOTO,STACKED_SAE,0.0,FGSM,0.6,30.885245901639344,35.0,0,56
engr0,MOTO,STACKED_SAE,0.0,FGSM,0.7,30.934426229508198,34.0,0,56
engr0,MOTO,STACKED_SAE,0.0,FGSM,0.8,31.18032786885246,34.0,0,56
engr0,MOTO,STACKED_SAE,0.0,FGSM,0.9,31.229508196721312,34.0,0,56
engr0,MOTO,STACKED_SAE,0.0,FGSM,1.0,31.278688524590162,34.0,0,56
engr0,OP3,STACKED_SAE,0.0,FGSM,0.1,2.6065573770491803,1.0,0,24
engr0,OP3,STACKED_SAE,0.0,FGSM,0.2,20.524590163934427,13.0,0,56
engr0,OP3,STACKED_SAE,0.0,FGSM,0.3,31.147540983606557,33.0,0,56
engr0,OP3,STACKED_SAE,0.0,FGSM,0.4,33.21311475409836,37.0,1,56
engr0,OP3,STACKED_SAE,0.0,FGSM,0.5,33.0655737704918,37.0,1,56
engr0,OP3,STACKED_SAE,0.0,FGSM,0.6,33.32786885245902,37.0,1,57
engr0,OP3,STACKED_SAE,0.0,FGSM,0.7,33.49180327868852,37.0,1,57
engr0,OP3,STACKED_SAE,0.0,FGSM,0.8,33.50819672131148,37.0,1,57
engr0,OP3,STACKED_SAE,0.0,FGSM,0.9,33.540983606557376,37.0,1,57
engr0,OP3,STACKED_SAE,0.0,FGSM,1.0,33.57377049180328,37.0,1,57
engr0,S7,STACKED_SAE,0.0,FGSM,0.1,3.081967213114754,2.0,0,16
engr0,S7,STACKED_SAE,0.0,FGSM,0.2,15.967213114754099,9.0,0,57
engr0,S7,STACKED_SAE,0.0,FGSM,0.3,28.770491803278688,31.0,0,56
engr0,S7,STACKED_SAE,0.0,FGSM,0.4,30.147540983606557,34.0,0,56
engr0,S7,STACKED_SAE,0.0,FGSM,0.5,30.18032786885246,34.0,0,56
engr0,S7,STACKED_SAE,0.0,FGSM,0.6,30.081967213114755,34.0,0,56
engr0,S7,STACKED_SAE,0.0,FGSM,0.7,30.114754098360656,34.0,0,56
engr0,S7,STACKED_SAE,0.0,FGSM,0.8,30.081967213114755,34.0,0,56
engr0,S7,STACKED_SAE,0.0,FGSM,0.9,30.016393442622952,33.0,0,56
engr0,S7,STACKED_SAE,0.0,FGSM,1.0,30.21311475409836,33.0,0,56
engr0,BLU,STACKED_SAE,0.0,FGSM,0.1,2.80327868852459,2.0,0,25
engr0,BLU,STACKED_SAE,0.0,FGSM,0.2,12.934426229508198,7.0,0,55
engr0,BLU,STACKED_SAE,0.0,FGSM,0.3,28.9672131147541,33.0,0,56
engr0,BLU,STACKED_SAE,0.0,FGSM,0.4,31.049180327868854,35.0,0,56
engr0,BLU,STACKED_SAE,0.0,FGSM,0.5,30.80327868852459,34.0,0,56
engr0,BLU,STACKED_SAE,0.0,FGSM,0.6,31.098360655737704,34.0,0,56
engr0,BLU,STACKED_SAE,0.0,FGSM,0.7,31.65573770491803,35.0,0,56
engr0,BLU,STACKED_SAE,0.0,FGSM,0.8,31.704918032786885,35.0,0,56
engr0,BLU,STACKED_SAE,0.0,FGSM,0.9,31.721311475409838,35.0,0,56
engr0,BLU,STACKED_SAE,0.0,FGSM,1.0,31.737704918032787,35.0,0,56
engr0,HTC,STACKED_SAE,0.0,FGSM,0.1,3.5901639344262297,2.0,0,18
engr0,HTC,STACKED_SAE,0.0,FGSM,0.2,8.19672131147541,6.0,0,46
engr0,HTC,STACKED_SAE,0.0,FGSM,0.3,25.524590163934427,22.0,0,57
engr0,HTC,STACKED_SAE,0.0,FGSM,0.4,29.9672131147541,35.0,0,56
engr0,HTC,STACKED_SAE,0.0,FGSM,0.5,29.80327868852459,34.0,0,56
engr0,HTC,STACKED_SAE,0.0,FGSM,0.6,29.688524590163933,34.0,0,56
engr0,HTC,STACKED_SAE,0.0,FGSM,0.7,29.639344262295083,34.0,0,56
engr0,HTC,STACKED_SAE,0.0,FGSM,0.8,29.557377049180328,34.0,0,56
engr0,HTC,STACKED_SAE,0.0,FGSM,0.9,29.688524590163933,34.0,0,56
engr0,HTC,STACKED_SAE,0.0,FGSM,1.0,29.721311475409838,34.0,0,56
engr0,LG,STACKED_SAE,0.0,FGSM,0.1,2.1475409836065573,1.0,0,14
engr0,LG,STACKED_SAE,0.0,FGSM,0.2,7.901639344262295,5.0,0,46
engr0,LG,STACKED_SAE,0.0,FGSM,0.3,22.459016393442624,15.0,0,56
engr0,LG,STACKED_SAE,0.0,FGSM,0.4,26.262295081967213,30.0,0,56
engr0,LG,STACKED_SAE,0.0,FGSM,0.5,26.672131147540984,28.0,0,58
engr0,LG,STACKED_SAE,0.0,FGSM,0.6,26.540983606557376,28.0,0,57
engr0,LG,STACKED_SAE,0.0,FGSM,0.7,26.311475409836067,28.0,0,57
engr0,LG,STACKED_SAE,0.0,FGSM,0.8,26.42622950819672,27.0,0,57
engr0,LG,STACKED_SAE,0.0,FGSM,0.9,26.557377049180328,28.0,0,57
engr0,LG,STACKED_SAE,0.0,FGSM,1.0,26.704918032786885,27.0,0,57
engr0,MOTO,STACKED_SAE,0.0,FGSM,0.1,3.9836065573770494,3.0,0,22
engr0,MOTO,STACKED_SAE,0.0,FGSM,0.2,19.704918032786885,14.0,0,55
engr0,MOTO,STACKED_SAE,0.0,FGSM,0.3,30.262295081967213,34.0,0,57
engr0,MOTO,STACKED_SAE,0.0,FGSM,0.4,30.540983606557376,35.0,0,56
engr0,MOTO,STACKED_SAE,0.0,FGSM,0.5,30.704918032786885,35.0,0,56
engr0,MOTO,STACKED_SAE,0.0,FGSM,0.6,30.885245901639344,35.0,0,56
engr0,MOTO,STACKED_SAE,0.0,FGSM,0.7,30.934426229508198,34.0,0,56
engr0,MOTO,STACKED_SAE,0.0,FGSM,0.8,31.18032786885246,34.0,0,56
engr0,MOTO,STACKED_SAE,0.0,FGSM,0.9,31.229508196721312,34.0,0,56
engr0,MOTO,STACKED_SAE,0.0,FGSM,1.0,31.278688524590162,34.0,0,56
engr0,OP3,STACKED_SAE,0.0,FGSM,0.1,2.6065573770491803,1.0,0,24
engr0,OP3,STACKED_SAE,0.0,FGSM,0.2,20.524590163934427,13.0,0,56
engr0,OP3,STACKED_SAE,0.0,FGSM,0.3,31.147540983606557,33.0,0,56
engr0,OP3,STACKED_SAE,0.0,FGSM,0.4,33.21311475409836,37.0,1,56
engr0,OP3,STACKED_SAE,0.0,FGSM,0.5,33.0655737704918,37.0,1,56
engr0,OP3,STACKED_SAE,0.0,FGSM,0.6,33.32786885245902,37.0,1,57
engr0,OP3,STACKED_SAE,0.0,FGSM,0.7,33.49180327868852,37.0,1,57
engr0,OP3,STACKED_SAE,0.0,FGSM,0.8,33.50819672131148,37.0,1,57
engr0,OP3,STACKED_SAE,0.0,FGSM,0.9,33.540983606557376,37.0,1,57
engr0,OP3,STACKED_SAE,0.0,FGSM,1.0,33.57377049180328,37.0,1,57
engr0,S7,STACKED_SAE,0.0,FGSM,0.1,3.081967213114754,2.0,0,16
engr0,S7,STACKED_SAE,0.0,FGSM,0.2,15.967213114754099,9.0,0,57
engr0,S7,STACKED_SAE,0.0,FGSM,0.3,28.770491803278688,31.0,0,56
engr0,S7,STACKED_SAE,0.0,FGSM,0.4,30.147540983606557,34.0,0,56
engr0,S7,STACKED_SAE,0.0,FGSM,0.5,30.18032786885246,34.0,0,56
engr0,S7,STACKED_SAE,0.0,FGSM,0.6,30.081967213114755,34.0,0,56
engr0,S7,STACKED_SAE,0.0,FGSM,0.7,30.114754098360656,34.0,0,56
engr0,S7,STACKED_SAE,0.0,FGSM,0.8,30.081967213114755,34.0,0,56
engr0,S7,STACKED_SAE,0.0,FGSM,0.9,30.016393442622952,33.0,0,56
engr0,S7,STACKED_SAE,0.0,FGSM,1.0,30.21311475409836,33.0,0,56
engr0,BLU,STACKED_SAE,0.0,FGSM,0.1,2.80327868852459,2.0,0,25
engr0,BLU,STACKED_SAE,0.0,FGSM,0.2,12.934426229508198,7.0,0,55
engr0,BLU,STACKED_SAE,0.0,FGSM,0.3,28.9672131147541,33.0,0,56
engr0,BLU,STACKED_SAE,0.0,FGSM,0.4,31.049180327868854,35.0,0,56
engr0,BLU,STACKED_SAE,0.0,FGSM,0.5,30.80327868852459,34.0,0,56
engr0,BLU,STACKED_SAE,0.0,FGSM,0.6,31.098360655737704,34.0,0,56
engr0,BLU,STACKED_SAE,0.0,FGSM,0.7,31.65573770491803,35.0,0,56
engr0,BLU,STACKED_SAE,0.0,FGSM,0.8,31.704918032786885,35.0,0,56
engr0,BLU,STACKED_SAE,0.0,FGSM,0.9,31.721311475409838,35.0,0,56
engr0,BLU,STACKED_SAE,0.0,FGSM,1.0,31.737704918032787,35.0,0,56
engr0,HTC,STACKED_SAE,0.0,FGSM,0.1,3.5901639344262297,2.0,0,18
engr0,HTC,STACKED_SAE,0.0,FGSM,0.2,8.19672131147541,6.0,0,46
engr0,HTC,STACKED_SAE,0.0,FGSM,0.3,25.524590163934427,22.0,0,57
engr0,HTC,STACKED_SAE,0.0,FGSM,0.4,29.9672131147541,35.0,0,56
engr0,HTC,STACKED_SAE,0.0,FGSM,0.5,29.80327868852459,34.0,0,56
engr0,HTC,STACKED_SAE,0.0,FGSM,0.6,29.688524590163933,34.0,0,56
engr0,HTC,STACKED_SAE,0.0,FGSM,0.7,29.639344262295083,34.0,0,56
engr0,HTC,STACKED_SAE,0.0,FGSM,0.8,29.557377049180328,34.0,0,56
engr0,HTC,STACKED_SAE,0.0,FGSM,0.9,29.688524590163933,34.0,0,56
engr0,HTC,STACKED_SAE,0.0,FGSM,1.0,29.721311475409838,34.0,0,56
engr0,LG,STACKED_SAE,0.0,FGSM,0.1,2.1475409836065573,1.0,0,14
engr0,LG,STACKED_SAE,0.0,FGSM,0.2,7.901639344262295,5.0,0,46
engr0,LG,STACKED_SAE,0.0,FGSM,0.3,22.459016393442624,15.0,0,56
engr0,LG,STACKED_SAE,0.0,FGSM,0.4,26.262295081967213,30.0,0,56
engr0,LG,STACKED_SAE,0.0,FGSM,0.5,26.672131147540984,28.0,0,58
engr0,LG,STACKED_SAE,0.0,FGSM,0.6,26.540983606557376,28.0,0,57
engr0,LG,STACKED_SAE,0.0,FGSM,0.7,26.311475409836067,28.0,0,57
engr0,LG,STACKED_SAE,0.0,FGSM,0.8,26.42622950819672,27.0,0,57
engr0,LG,STACKED_SAE,0.0,FGSM,0.9,26.557377049180328,28.0,0,57
engr0,LG,STACKED_SAE,0.0,FGSM,1.0,26.704918032786885,27.0,0,57
engr0,MOTO,STACKED_SAE,0.0,FGSM,0.1,3.9836065573770494,3.0,0,22
engr0,MOTO,STACKED_SAE,0.0,FGSM,0.2,19.704918032786885,14.0,0,55
engr0,MOTO,STACKED_SAE,0.0,FGSM,0.3,30.262295081967213,34.0,0,57
engr0,MOTO,STACKED_SAE,0.0,FGSM,0.4,30.540983606557376,35.0,0,56
engr0,MOTO,STACKED_SAE,0.0,FGSM,0.5,30.704918032786885,35.0,0,56
engr0,MOTO,STACKED_SAE,0.0,FGSM,0.6,30.885245901639344,35.0,0,56
engr0,MOTO,STACKED_SAE,0.0,FGSM,0.7,30.934426229508198,34.0,0,56
engr0,MOTO,STACKED_SAE,0.0,FGSM,0.8,31.18032786885246,34.0,0,56
engr0,MOTO,STACKED_SAE,0.0,FGSM,0.9,31.229508196721312,34.0,0,56
engr0,MOTO,STACKED_SAE,0.0,FGSM,1.0,31.278688524590162,34.0,0,56
engr0,OP3,STACKED_SAE,0.0,FGSM,0.1,2.6065573770491803,1.0,0,24
engr0,OP3,STACKED_SAE,0.0,FGSM,0.2,20.524590163934427,13.0,0,56
engr0,OP3,STACKED_SAE,0.0,FGSM,0.3,31.147540983606557,33.0,0,56
engr0,OP3,STACKED_SAE,0.0,FGSM,0.4,33.21311475409836,37.0,1,56
engr0,OP3,STACKED_SAE,0.0,FGSM,0.5,33.0655737704918,37.0,1,56
engr0,OP3,STACKED_SAE,0.0,FGSM,0.6,33.32786885245902,37.0,1,57
engr0,OP3,STACKED_SAE,0.0,FGSM,0.7,33.49180327868852,37.0,1,57
engr0,OP3,STACKED_SAE,0.0,FGSM,0.8,33.50819672131148,37.0,1,57
engr0,OP3,STACKED_SAE,0.0,FGSM,0.9,33.540983606557376,37.0,1,57
engr0,OP3,STACKED_SAE,0.0,FGSM,1.0,33.57377049180328,37.0,1,57
engr0,S7,STACKED_SAE,0.0,FGSM,0.1,3.081967213114754,2.0,0,16
engr0,S7,STACKED_SAE,0.0,FGSM,0.2,15.967213114754099,9.0,0,57
engr0,S7,STACKED_SAE,0.0,FGSM,0.3,28.770491803278688,31.0,0,56
engr0,S7,STACKED_SAE,0.0,FGSM,0.4,30.147540983606557,34.0,0,56
engr0,S7,STACKED_SAE,0.0,FGSM,0.5,30.18032786885246,34.0,0,56
engr0,S7,STACKED_SAE,0.0,FGSM,0.6,30.081967213114755,34.0,0,56
engr0,S7,STACKED_SAE,0.0,FGSM,0.7,30.114754098360656,34.0,0,56
engr0,S7,STACKED_SAE,0.0,FGSM,0.8,30.081967213114755,34.0,0,56
engr0,S7,STACKED_SAE,0.0,FGSM,0.9,30.016393442622952,33.0,0,56
engr0,S7,STACKED_SAE,0.0,FGSM,1.0,30.21311475409836,33.0,0,56
engr0,BLU,STACKED_SAE,0.0,FGSM,0.1,2.80327868852459,2.0,0,25
engr0,BLU,STACKED_SAE,0.0,FGSM,0.2,12.934426229508198,7.0,0,55
engr0,BLU,STACKED_SAE,0.0,FGSM,0.3,28.9672131147541,33.0,0,56
engr0,BLU,STACKED_SAE,0.0,FGSM,0.4,31.049180327868854,35.0,0,56
engr0,BLU,STACKED_SAE,0.0,FGSM,0.5,30.80327868852459,34.0,0,56
engr0,BLU,STACKED_SAE,0.0,FGSM,0.6,31.098360655737704,34.0,0,56
engr0,BLU,STACKED_SAE,0.0,FGSM,0.7,31.65573770491803,35.0,0,56
engr0,BLU,STACKED_SAE,0.0,FGSM,0.8,31.704918032786885,35.0,0,56
engr0,BLU,STACKED_SAE,0.0,FGSM,0.9,31.721311475409838,35.0,0,56
engr0,BLU,STACKED_SAE,0.0,FGSM,1.0,31.737704918032787,35.0,0,56
engr0,HTC,STACKED_SAE,0.0,FGSM,0.1,3.5901639344262297,2.0,0,18
engr0,HTC,STACKED_SAE,0.0,FGSM,0.2,8.19672131147541,6.0,0,46
engr0,HTC,STACKED_SAE,0.0,FGSM,0.3,25.524590163934427,22.0,0,57
engr0,HTC,STACKED_SAE,0.0,FGSM,0.4,29.9672131147541,35.0,0,56
engr0,HTC,STACKED_SAE,0.0,FGSM,0.5,29.80327868852459,34.0,0,56
engr0,HTC,STACKED_SAE,0.0,FGSM,0.6,29.688524590163933,34.0,0,56
engr0,HTC,STACKED_SAE,0.0,FGSM,0.7,29.639344262295083,34.0,0,56
engr0,HTC,STACKED_SAE,0.0,FGSM,0.8,29.557377049180328,34.0,0,56
engr0,HTC,STACKED_SAE,0.0,FGSM,0.9,29.688524590163933,34.0,0,56
engr0,HTC,STACKED_SAE,0.0,FGSM,1.0,29.721311475409838,34.0,0,56
engr0,LG,STACKED_SAE,0.0,FGSM,0.1,2.1475409836065573,1.0,0,14
engr0,LG,STACKED_SAE,0.0,FGSM,0.2,7.901639344262295,5.0,0,46
engr0,LG,STACKED_SAE,0.0,FGSM,0.3,22.459016393442624,15.0,0,56
engr0,LG,STACKED_SAE,0.0,FGSM,0.4,26.262295081967213,30.0,0,56
engr0,LG,STACKED_SAE,0.0,FGSM,0.5,26.672131147540984,28.0,0,58
engr0,LG,STACKED_SAE,0.0,FGSM,0.6,26.540983606557376,28.0,0,57
engr0,LG,STACKED_SAE,0.0,FGSM,0.7,26.311475409836067,28.0,0,57
engr0,LG,STACKED_SAE,0.0,FGSM,0.8,26.42622950819672,27.0,0,57
engr0,LG,STACKED_SAE,0.0,FGSM,0.9,26.557377049180328,28.0,0,57
engr0,LG,STACKED_SAE,0.0,FGSM,1.0,26.704918032786885,27.0,0,57
engr0,MOTO,STACKED_SAE,0.0,FGSM,0.1,3.9836065573770494,3.0,0,22
engr0,MOTO,STACKED_SAE,0.0,FGSM,0.2,19.704918032786885,14.0,0,55
engr0,MOTO,STACKED_SAE,0.0,FGSM,0.3,30.262295081967213,34.0,0,57
engr0,MOTO,STACKED_SAE,0.0,FGSM,0.4,30.540983606557376,35.0,0,56
engr0,MOTO,STACKED_SAE,0.0,FGSM,0.5,30.704918032786885,35.0,0,56
engr0,MOTO,STACKED_SAE,0.0,FGSM,0.6,30.885245901639344,35.0,0,56
engr0,MOTO,STACKED_SAE,0.0,FGSM,0.7,30.934426229508198,34.0,0,56
engr0,MOTO,STACKED_SAE,0.0,FGSM,0.8,31.18032786885246,34.0,0,56
engr0,MOTO,STACKED_SAE,0.0,FGSM,0.9,31.229508196721312,34.0,0,56
engr0,MOTO,STACKED_SAE,0.0,FGSM,1.0,31.278688524590162,34.0,0,56
engr0,OP3,STACKED_SAE,0.0,FGSM,0.1,2.6065573770491803,1.0,0,24
engr0,OP3,STACKED_SAE,0.0,FGSM,0.2,20.524590163934427,13.0,0,56
engr0,OP3,STACKED_SAE,0.0,FGSM,0.3,31.147540983606557,33.0,0,56
engr0,OP3,STACKED_SAE,0.0,FGSM,0.4,33.21311475409836,37.0,1,56
engr0,OP3,STACKED_SAE,0.0,FGSM,0.5,33.0655737704918,37.0,1,56
engr0,OP3,STACKED_SAE,0.0,FGSM,0.6,33.32786885245902,37.0,1,57
engr0,OP3,STACKED_SAE,0.0,FGSM,0.7,33.49180327868852,37.0,1,57
engr0,OP3,STACKED_SAE,0.0,FGSM,0.8,33.50819672131148,37.0,1,57
engr0,OP3,STACKED_SAE,0.0,FGSM,0.9,33.540983606557376,37.0,1,57
engr0,OP3,STACKED_SAE,0.0,FGSM,1.0,33.57377049180328,37.0,1,57
engr0,S7,STACKED_SAE,0.0,FGSM,0.1,3.081967213114754,2.0,0,16
engr0,S7,STACKED_SAE,0.0,FGSM,0.2,15.967213114754099,9.0,0,57
engr0,S7,STACKED_SAE,0.0,FGSM,0.3,28.770491803278688,31.0,0,56
engr0,S7,STACKED_SAE,0.0,FGSM,0.4,30.147540983606557,34.0,0,56
engr0,S7,STACKED_SAE,0.0,FGSM,0.5,30.18032786885246,34.0,0,56
engr0,S7,STACKED_SAE,0.0,FGSM,0.6,30.081967213114755,34.0,0,56
engr0,S7,STACKED_SAE,0.0,FGSM,0.7,30.114754098360656,34.0,0,56
engr0,S7,STACKED_SAE,0.0,FGSM,0.8,30.081967213114755,34.0,0,56
engr0,S7,STACKED_SAE,0.0,FGSM,0.9,30.016393442622952,33.0,0,56
engr0,S7,STACKED_SAE,0.0,FGSM,1.0,30.21311475409836,33.0,0,56
engr0,BLU,STACKED_SAE,0.0,FGSM,0.1,2.80327868852459,2.0,0,25
engr0,BLU,STACKED_SAE,0.0,FGSM,0.2,12.934426229508198,7.0,0,55
engr0,BLU,STACKED_SAE,0.0,FGSM,0.3,28.9672131147541,33.0,0,56
engr0,BLU,STACKED_SAE,0.0,FGSM,0.4,31.049180327868854,35.0,0,56
engr0,BLU,STACKED_SAE,0.0,FGSM,0.5,30.80327868852459,34.0,0,56
engr0,BLU,STACKED_SAE,0.0,FGSM,0.6,31.098360655737704,34.0,0,56
engr0,BLU,STACKED_SAE,0.0,FGSM,0.7,31.65573770491803,35.0,0,56
engr0,BLU,STACKED_SAE,0.0,FGSM,0.8,31.704918032786885,35.0,0,56
engr0,BLU,STACKED_SAE,0.0,FGSM,0.9,31.721311475409838,35.0,0,56
engr0,BLU,STACKED_SAE,0.0,FGSM,1.0,31.737704918032787,35.0,0,56
engr0,HTC,STACKED_SAE,0.0,FGSM,0.1,3.5901639344262297,2.0,0,18
engr0,HTC,STACKED_SAE,0.0,FGSM,0.2,8.19672131147541,6.0,0,46
engr0,HTC,STACKED_SAE,0.0,FGSM,0.3,25.524590163934427,22.0,0,57
engr0,HTC,STACKED_SAE,0.0,FGSM,0.4,29.9672131147541,35.0,0,56
engr0,HTC,STACKED_SAE,0.0,FGSM,0.5,29.80327868852459,34.0,0,56
engr0,HTC,STACKED_SAE,0.0,FGSM,0.6,29.688524590163933,34.0,0,56
engr0,HTC,STACKED_SAE,0.0,FGSM,0.7,29.639344262295083,34.0,0,56
engr0,HTC,STACKED_SAE,0.0,FGSM,0.8,29.557377049180328,34.0,0,56
engr0,HTC,STACKED_SAE,0.0,FGSM,0.9,29.688524590163933,34.0,0,56
engr0,HTC,STACKED_SAE,0.0,FGSM,1.0,29.721311475409838,34.0,0,56
engr0,LG,STACKED_SAE,0.0,FGSM,0.1,2.1475409836065573,1.0,0,14
engr0,LG,STACKED_SAE,0.0,FGSM,0.2,7.901639344262295,5.0,0,46
engr0,LG,STACKED_SAE,0.0,FGSM,0.3,22.459016393442624,15.0,0,56
engr0,LG,STACKED_SAE,0.0,FGSM,0.4,26.262295081967213,30.0,0,56
engr0,LG,STACKED_SAE,0.0,FGSM,0.5,26.672131147540984,28.0,0,58
engr0,LG,STACKED_SAE,0.0,FGSM,0.6,26.540983606557376,28.0,0,57
engr0,LG,STACKED_SAE,0.0,FGSM,0.7,26.311475409836067,28.0,0,57
engr0,LG,STACKED_SAE,0.0,FGSM,0.8,26.42622950819672,27.0,0,57
engr0,LG,STACKED_SAE,0.0,FGSM,0.9,26.557377049180328,28.0,0,57
engr0,LG,STACKED_SAE,0.0,FGSM,1.0,26.704918032786885,27.0,0,57
engr0,MOTO,STACKED_SAE,0.0,FGSM,0.1,3.9836065573770494,3.0,0,22
engr0,MOTO,STACKED_SAE,0.0,FGSM,0.2,19.704918032786885,14.0,0,55
engr0,MOTO,STACKED_SAE,0.0,FGSM,0.3,30.262295081967213,34.0,0,57
engr0,MOTO,STACKED_SAE,0.0,FGSM,0.4,30.540983606557376,35.0,0,56
engr0,MOTO,STACKED_SAE,0.0,FGSM,0.5,30.704918032786885,35.0,0,56
engr0,MOTO,STACKED_SAE,0.0,FGSM,0.6,30.885245901639344,35.0,0,56
engr0,MOTO,STACKED_SAE,0.0,FGSM,0.7,30.934426229508198,34.0,0,56
engr0,MOTO,STACKED_SAE,0.0,FGSM,0.8,31.18032786885246,34.0,0,56
engr0,MOTO,STACKED_SAE,0.0,FGSM,0.9,31.229508196721312,34.0,0,56
engr0,MOTO,STACKED_SAE,0.0,FGSM,1.0,31.278688524590162,34.0,0,56
engr0,OP3,STACKED_SAE,0.0,FGSM,0.1,2.6065573770491803,1.0,0,24
engr0,OP3,STACKED_SAE,0.0,FGSM,0.2,20.524590163934427,13.0,0,56
engr0,OP3,STACKED_SAE,0.0,FGSM,0.3,31.147540983606557,33.0,0,56
engr0,OP3,STACKED_SAE,0.0,FGSM,0.4,33.21311475409836,37.0,1,56
engr0,OP3,STACKED_SAE,0.0,FGSM,0.5,33.0655737704918,37.0,1,56
engr0,OP3,STACKED_SAE,0.0,FGSM,0.6,33.32786885245902,37.0,1,57
engr0,OP3,STACKED_SAE,0.0,FGSM,0.7,33.49180327868852,37.0,1,57
engr0,OP3,STACKED_SAE,0.0,FGSM,0.8,33.50819672131148,37.0,1,57
engr0,OP3,STACKED_SAE,0.0,FGSM,0.9,33.540983606557376,37.0,1,57
engr0,OP3,STACKED_SAE,0.0,FGSM,1.0,33.57377049180328,37.0,1,57
engr0,S7,STACKED_SAE,0.0,FGSM,0.1,3.081967213114754,2.0,0,16
engr0,S7,STACKED_SAE,0.0,FGSM,0.2,15.967213114754099,9.0,0,57
engr0,S7,STACKED_SAE,0.0,FGSM,0.3,28.770491803278688,31.0,0,56
engr0,S7,STACKED_SAE,0.0,FGSM,0.4,30.147540983606557,34.0,0,56
engr0,S7,STACKED_SAE,0.0,FGSM,0.5,30.18032786885246,34.0,0,56
engr0,S7,STACKED_SAE,0.0,FGSM,0.6,30.081967213114755,34.0,0,56
engr0,S7,STACKED_SAE,0.0,FGSM,0.7,30.114754098360656,34.0,0,56
engr0,S7,STACKED_SAE,0.0,FGSM,0.8,30.081967213114755,34.0,0,56
engr0,S7,STACKED_SAE,0.0,FGSM,0.9,30.016393442622952,33.0,0,56
engr0,S7,STACKED_SAE,0.0,FGSM,1.0,30.21311475409836,33.0,0,56
engr0,BLU,STACKED_SAE,0.0,FGSM,0.1,2.80327868852459,2.0,0,25
engr0,BLU,STACKED_SAE,0.0,FGSM,0.2,12.934426229508198,7.0,0,55
engr0,BLU,STACKED_SAE,0.0,FGSM,0.3,28.9672131147541,33.0,0,56
engr0,BLU,STACKED_SAE,0.0,FGSM,0.4,31.049180327868854,35.0,0,56
engr0,BLU,STACKED_SAE,0.0,FGSM,0.5,30.80327868852459,34.0,0,56
engr0,BLU,STACKED_SAE,0.0,FGSM,0.6,31.098360655737704,34.0,0,56
engr0,BLU,STACKED_SAE,0.0,FGSM,0.7,31.65573770491803,35.0,0,56
engr0,BLU,STACKED_SAE,0.0,FGSM,0.8,31.704918032786885,35.0,0,56
engr0,BLU,STACKED_SAE,0.0,FGSM,0.9,31.721311475409838,35.0,0,56
engr0,BLU,STACKED_SAE,0.0,FGSM,1.0,31.737704918032787,35.0,0,56
engr0,HTC,STACKED_SAE,0.0,FGSM,0.1,3.5901639344262297,2.0,0,18
engr0,HTC,STACKED_SAE,0.0,FGSM,0.2,8.19672131147541,6.0,0,46
engr0,HTC,STACKED_SAE,0.0,FGSM,0.3,25.524590163934427,22.0,0,57
engr0,HTC,STACKED_SAE,0.0,FGSM,0.4,29.9672131147541,35.0,0,56
engr0,HTC,STACKED_SAE,0.0,FGSM,0.5,29.80327868852459,34.0,0,56
engr0,HTC,STACKED_SAE,0.0,FGSM,0.6,29.688524590163933,34.0,0,56
engr0,HTC,STACKED_SAE,0.0,FGSM,0.7,29.639344262295083,34.0,0,56
engr0,HTC,STACKED_SAE,0.0,FGSM,0.8,29.557377049180328,34.0,0,56
engr0,HTC,STACKED_SAE,0.0,FGSM,0.9,29.688524590163933,34.0,0,56
engr0,HTC,STACKED_SAE,0.0,FGSM,1.0,29.721311475409838,34.0,0,56
engr0,LG,STACKED_SAE,0.0,FGSM,0.1,2.1475409836065573,1.0,0,14
engr0,LG,STACKED_SAE,0.0,FGSM,0.2,7.901639344262295,5.0,0,46
engr0,LG,STACKED_SAE,0.0,FGSM,0.3,22.459016393442624,15.0,0,56
engr0,LG,STACKED_SAE,0.0,FGSM,0.4,26.262295081967213,30.0,0,56
engr0,LG,STACKED_SAE,0.0,FGSM,0.5,26.672131147540984,28.0,0,58
engr0,LG,STACKED_SAE,0.0,FGSM,0.6,26.540983606557376,28.0,0,57
engr0,LG,STACKED_SAE,0.0,FGSM,0.7,26.311475409836067,28.0,0,57
engr0,LG,STACKED_SAE,0.0,FGSM,0.8,26.42622950819672,27.0,0,57
engr0,LG,STACKED_SAE,0.0,FGSM,0.9,26.557377049180328,28.0,0,57
engr0,LG,STACKED_SAE,0.0,FGSM,1.0,26.704918032786885,27.0,0,57
engr0,MOTO,STACKED_SAE,0.0,FGSM,0.1,3.9836065573770494,3.0,0,22
engr0,MOTO,STACKED_SAE,0.0,FGSM,0.2,19.704918032786885,14.0,0,55
engr0,MOTO,STACKED_SAE,0.0,FGSM,0.3,30.262295081967213,34.0,0,57
engr0,MOTO,STACKED_SAE,0.0,FGSM,0.4,30.540983606557376,35.0,0,56
engr0,MOTO,STACKED_SAE,0.0,FGSM,0.5,30.704918032786885,35.0,0,56
engr0,MOTO,STACKED_SAE,0.0,FGSM,0.6,30.885245901639344,35.0,0,56
engr0,MOTO,STACKED_SAE,0.0,FGSM,0.7,30.934426229508198,34.0,0,56
engr0,MOTO,STACKED_SAE,0.0,FGSM,0.8,31.18032786885246,34.0,0,56
engr0,MOTO,STACKED_SAE,0.0,FGSM,0.9,31.229508196721312,34.0,0,56
engr0,MOTO,STACKED_SAE,0.0,FGSM,1.0,31.278688524590162,34.0,0,56
engr0,OP3,STACKED_SAE,0.0,FGSM,0.1,2.6065573770491803,1.0,0,24
engr0,OP3,STACKED_SAE,0.0,FGSM,0.2,20.524590163934427,13.0,0,56
engr0,OP3,STACKED_SAE,0.0,FGSM,0.3,31.147540983606557,33.0,0,56
engr0,OP3,STACKED_SAE,0.0,FGSM,0.4,33.21311475409836,37.0,1,56
engr0,OP3,STACKED_SAE,0.0,FGSM,0.5,33.0655737704918,37.0,1,56
engr0,OP3,STACKED_SAE,0.0,FGSM,0.6,33.32786885245902,37.0,1,57
engr0,OP3,STACKED_SAE,0.0,FGSM,0.7,33.49180327868852,37.0,1,57
engr0,OP3,STACKED_SAE,0.0,FGSM,0.8,33.50819672131148,37.0,1,57
engr0,OP3,STACKED_SAE,0.0,FGSM,0.9,33.540983606557376,37.0,1,57
engr0,OP3,STACKED_SAE,0.0,FGSM,1.0,33.57377049180328,37.0,1,57
engr0,S7,STACKED_SAE,0.0,FGSM,0.1,3.081967213114754,2.0,0,16
engr0,S7,STACKED_SAE,0.0,FGSM,0.2,15.967213114754099,9.0,0,57
engr0,S7,STACKED_SAE,0.0,FGSM,0.3,28.770491803278688,31.0,0,56
engr0,S7,STACKED_SAE,0.0,FGSM,0.4,30.147540983606557,34.0,0,56
engr0,S7,STACKED_SAE,0.0,FGSM,0.5,30.18032786885246,34.0,0,56
engr0,S7,STACKED_SAE,0.0,FGSM,0.6,30.081967213114755,34.0,0,56
engr0,S7,STACKED_SAE,0.0,FGSM,0.7,30.114754098360656,34.0,0,56
engr0,S7,STACKED_SAE,0.0,FGSM,0.8,30.081967213114755,34.0,0,56
engr0,S7,STACKED_SAE,0.0,FGSM,0.9,30.016393442622952,33.0,0,56
engr0,S7,STACKED_SAE,0.0,FGSM,1.0,30.21311475409836,33.0,0,56
engr0,BLU,GAN,0.0,FGSM,0.1,2.3934426229508197,2.0,0,11
engr0,BLU,GAN,0.0,FGSM,0.2,13.918032786885245,7.0,0,55
engr0,BLU,GAN,0.0,FGSM,0.3,29.19672131147541,33.0,0,56
engr0,BLU,GAN,0.0,FGSM,0.4,31.049180327868854,35.0,0,56
engr0,BLU,GAN,0.0,FGSM,0.5,30.80327868852459,34.0,0,56
engr0,BLU,GAN,0.0,FGSM,0.6,31.098360655737704,34.0,0,56
engr0,BLU,GAN,0.0,FGSM,0.7,31.65573770491803,35.0,0,56
engr0,BLU,GAN,0.0,FGSM,0.8,31.704918032786885,35.0,0,56
engr0,BLU,GAN,0.0,FGSM,0.9,31.721311475409838,35.0,0,56
engr0,BLU,GAN,0.0,FGSM,1.0,31.737704918032787,35.0,0,56
engr0,HTC,GAN,0.0,FGSM,0.1,2.8852459016393444,2.0,0,20
engr0,HTC,GAN,0.0,FGSM,0.2,8.721311475409836,5.0,0,52
engr0,HTC,GAN,0.0,FGSM,0.3,27.37704918032787,32.0,0,57
engr0,HTC,GAN,0.0,FGSM,0.4,29.9672131147541,35.0,0,56
engr0,HTC,GAN,0.0,FGSM,0.5,29.80327868852459,34.0,0,56
engr0,HTC,GAN,0.0,FGSM,0.6,29.688524590163933,34.0,0,56
engr0,HTC,GAN,0.0,FGSM,0.7,29.639344262295083,34.0,0,56
engr0,HTC,GAN,0.0,FGSM,0.8,29.557377049180328,34.0,0,56
engr0,HTC,GAN,0.0,FGSM,0.9,29.688524590163933,34.0,0,56
engr0,HTC,GAN,0.0,FGSM,1.0,29.721311475409838,34.0,0,56
engr0,LG,GAN,0.0,FGSM,0.1,1.8360655737704918,1.0,0,8
engr0,LG,GAN,0.0,FGSM,0.2,8.98360655737705,3.0,0,46
engr0,LG,GAN,0.0,FGSM,0.3,22.508196721311474,15.0,0,56
engr0,LG,GAN,0.0,FGSM,0.4,26.262295081967213,30.0,0,56
engr0,LG,GAN,0.0,FGSM,0.5,26.672131147540984,28.0,0,58
engr0,LG,GAN,0.0,FGSM,0.6,26.540983606557376,28.0,0,57
engr0,LG,GAN,0.0,FGSM,0.7,26.311475409836067,28.0,0,57
engr0,LG,GAN,0.0,FGSM,0.8,26.42622950819672,27.0,0,57
engr0,LG,GAN,0.0,FGSM,0.9,26.557377049180328,28.0,0,57
engr0,LG,GAN,0.0,FGSM,1.0,26.704918032786885,27.0,0,57
engr0,MOTO,GAN,0.0,FGSM,0.1,3.3278688524590163,1.0,0,34
engr0,MOTO,GAN,0.0,FGSM,0.2,22.262295081967213,22.0,0,55
engr0,MOTO,GAN,0.0,FGSM,0.3,30.262295081967213,34.0,0,57
engr0,MOTO,GAN,0.0,FGSM,0.4,30.540983606557376,35.0,0,56
engr0,MOTO,GAN,0.0,FGSM,0.5,30.704918032786885,35.0,0,56
engr0,MOTO,GAN,0.0,FGSM,0.6,30.885245901639344,35.0,0,56
engr0,MOTO,GAN,0.0,FGSM,0.7,30.934426229508198,34.0,0,56
engr0,MOTO,GAN,0.0,FGSM,0.8,31.18032786885246,34.0,0,56
engr0,MOTO,GAN,0.0,FGSM,0.9,31.229508196721312,34.0,0,56
engr0,MOTO,GAN,0.0,FGSM,1.0,31.278688524590162,34.0,0,56
engr0,OP3,GAN,0.0,FGSM,0.1,1.1311475409836065,1.0,0,7
engr0,OP3,GAN,0.0,FGSM,0.2,21.016393442622952,15.0,0,56
engr0,OP3,GAN,0.0,FGSM,0.3,31.21311475409836,33.0,0,56
engr0,OP3,GAN,0.0,FGSM,0.4,33.21311475409836,37.0,1,56
engr0,OP3,GAN,0.0,FGSM,0.5,33.0655737704918,37.0,1,56
engr0,OP3,GAN,0.0,FGSM,0.6,33.32786885245902,37.0,1,57
engr0,OP3,GAN,0.0,FGSM,0.7,33.49180327868852,37.0,1,57
engr0,OP3,GAN,0.0,FGSM,0.8,33.50819672131148,37.0,1,57
engr0,OP3,GAN,0.0,FGSM,0.9,33.540983606557376,37.0,1,57
engr0,OP3,GAN,0.0,FGSM,1.0,33.57377049180328,37.0,1,57
engr0,S7,GAN,0.0,FGSM,0.1,1.9672131147540983,1.0,0,10
engr0,S7,GAN,0.0,FGSM,0.2,17.62295081967213,11.0,0,57
engr0,S7,GAN,0.0,FGSM,0.3,28.737704918032787,31.0,0,56
engr0,S7,GAN,0.0,FGSM,0.4,30.147540983606557,34.0,0,56
engr0,S7,GAN,0.0,FGSM,0.5,30.18032786885246,34.0,0,56
engr0,S7,GAN,0.0,FGSM,0.6,30.081967213114755,34.0,0,56
engr0,S7,GAN,0.0,FGSM,0.7,30.114754098360656,34.0,0,56
engr0,S7,GAN,0.0,FGSM,0.8,30.081967213114755,34.0,0,56
engr0,S7,GAN,0.0,FGSM,0.9,30.016393442622952,33.0,0,56
engr0,S7,GAN,0.0,FGSM,1.0,30.21311475409836,33.0,0,56
engr0,BLU,GAN,0.0,FGSM,0.1,2.3934426229508197,2.0,0,11
engr0,BLU,GAN,0.0,FGSM,0.2,13.918032786885245,7.0,0,55
engr0,BLU,GAN,0.0,FGSM,0.3,29.19672131147541,33.0,0,56
engr0,BLU,GAN,0.0,FGSM,0.4,31.049180327868854,35.0,0,56
engr0,BLU,GAN,0.0,FGSM,0.5,30.80327868852459,34.0,0,56
engr0,BLU,GAN,0.0,FGSM,0.6,31.098360655737704,34.0,0,56
engr0,BLU,GAN,0.0,FGSM,0.7,31.65573770491803,35.0,0,56
engr0,BLU,GAN,0.0,FGSM,0.8,31.704918032786885,35.0,0,56
engr0,BLU,GAN,0.0,FGSM,0.9,31.721311475409838,35.0,0,56
engr0,BLU,GAN,0.0,FGSM,1.0,31.737704918032787,35.0,0,56
engr0,HTC,GAN,0.0,FGSM,0.1,2.8852459016393444,2.0,0,20
engr0,HTC,GAN,0.0,FGSM,0.2,8.721311475409836,5.0,0,52
engr0,HTC,GAN,0.0,FGSM,0.3,27.37704918032787,32.0,0,57
engr0,HTC,GAN,0.0,FGSM,0.4,29.9672131147541,35.0,0,56
engr0,HTC,GAN,0.0,FGSM,0.5,29.80327868852459,34.0,0,56
engr0,HTC,GAN,0.0,FGSM,0.6,29.688524590163933,34.0,0,56
engr0,HTC,GAN,0.0,FGSM,0.7,29.639344262295083,34.0,0,56
engr0,HTC,GAN,0.0,FGSM,0.8,29.557377049180328,34.0,0,56
engr0,HTC,GAN,0.0,FGSM,0.9,29.688524590163933,34.0,0,56
engr0,HTC,GAN,0.0,FGSM,1.0,29.721311475409838,34.0,0,56
engr0,LG,GAN,0.0,FGSM,0.1,1.8360655737704918,1.0,0,8
engr0,LG,GAN,0.0,FGSM,0.2,8.98360655737705,3.0,0,46
engr0,LG,GAN,0.0,FGSM,0.3,22.508196721311474,15.0,0,56
engr0,LG,GAN,0.0,FGSM,0.4,26.262295081967213,30.0,0,56
engr0,LG,GAN,0.0,FGSM,0.5,26.672131147540984,28.0,0,58
engr0,LG,GAN,0.0,FGSM,0.6,26.540983606557376,28.0,0,57
engr0,LG,GAN,0.0,FGSM,0.7,26.311475409836067,28.0,0,57
engr0,LG,GAN,0.0,FGSM,0.8,26.42622950819672,27.0,0,57
engr0,LG,GAN,0.0,FGSM,0.9,26.557377049180328,28.0,0,57
engr0,LG,GAN,0.0,FGSM,1.0,26.704918032786885,27.0,0,57
engr0,MOTO,GAN,0.0,FGSM,0.1,3.3278688524590163,1.0,0,34
engr0,MOTO,GAN,0.0,FGSM,0.2,22.262295081967213,22.0,0,55
engr0,MOTO,GAN,0.0,FGSM,0.3,30.262295081967213,34.0,0,57
engr0,MOTO,GAN,0.0,FGSM,0.4,30.540983606557376,35.0,0,56
engr0,MOTO,GAN,0.0,FGSM,0.5,30.704918032786885,35.0,0,56
engr0,MOTO,GAN,0.0,FGSM,0.6,30.885245901639344,35.0,0,56
engr0,MOTO,GAN,0.0,FGSM,0.7,30.934426229508198,34.0,0,56
engr0,MOTO,GAN,0.0,FGSM,0.8,31.18032786885246,34.0,0,56
engr0,MOTO,GAN,0.0,FGSM,0.9,31.229508196721312,34.0,0,56
engr0,MOTO,GAN,0.0,FGSM,1.0,31.278688524590162,34.0,0,56
engr0,OP3,GAN,0.0,FGSM,0.1,1.1311475409836065,1.0,0,7
engr0,OP3,GAN,0.0,FGSM,0.2,21.016393442622952,15.0,0,56
engr0,OP3,GAN,0.0,FGSM,0.3,31.21311475409836,33.0,0,56
engr0,OP3,GAN,0.0,FGSM,0.4,33.21311475409836,37.0,1,56
engr0,OP3,GAN,0.0,FGSM,0.5,33.0655737704918,37.0,1,56
engr0,OP3,GAN,0.0,FGSM,0.6,33.32786885245902,37.0,1,57
engr0,OP3,GAN,0.0,FGSM,0.7,33.49180327868852,37.0,1,57
engr0,OP3,GAN,0.0,FGSM,0.8,33.50819672131148,37.0,1,57
engr0,OP3,GAN,0.0,FGSM,0.9,33.540983606557376,37.0,1,57
engr0,OP3,GAN,0.0,FGSM,1.0,33.57377049180328,37.0,1,57
engr0,S7,GAN,0.0,FGSM,0.1,1.9672131147540983,1.0,0,10
engr0,S7,GAN,0.0,FGSM,0.2,17.62295081967213,11.0,0,57
engr0,S7,GAN,0.0,FGSM,0.3,28.737704918032787,31.0,0,56
engr0,S7,GAN,0.0,FGSM,0.4,30.147540983606557,34.0,0,56
engr0,S7,GAN,0.0,FGSM,0.5,30.18032786885246,34.0,0,56
engr0,S7,GAN,0.0,FGSM,0.6,30.081967213114755,34.0,0,56
engr0,S7,GAN,0.0,FGSM,0.7,30.114754098360656,34.0,0,56
engr0,S7,GAN,0.0,FGSM,0.8,30.081967213114755,34.0,0,56
engr0,S7,GAN,0.0,FGSM,0.9,30.016393442622952,33.0,0,56
engr0,S7,GAN,0.0,FGSM,1.0,30.21311475409836,33.0,0,56
engr0,BLU,GAN,0.0,FGSM,0.1,2.3934426229508197,2.0,0,11
engr0,BLU,GAN,0.0,FGSM,0.2,13.918032786885245,7.0,0,55
engr0,BLU,GAN,0.0,FGSM,0.3,29.19672131147541,33.0,0,56
engr0,BLU,GAN,0.0,FGSM,0.4,31.049180327868854,35.0,0,56
engr0,BLU,GAN,0.0,FGSM,0.5,30.80327868852459,34.0,0,56
engr0,BLU,GAN,0.0,FGSM,0.6,31.098360655737704,34.0,0,56
engr0,BLU,GAN,0.0,FGSM,0.7,31.65573770491803,35.0,0,56
engr0,BLU,GAN,0.0,FGSM,0.8,31.704918032786885,35.0,0,56
engr0,BLU,GAN,0.0,FGSM,0.9,31.721311475409838,35.0,0,56
engr0,BLU,GAN,0.0,FGSM,1.0,31.737704918032787,35.0,0,56
engr0,HTC,GAN,0.0,FGSM,0.1,2.8852459016393444,2.0,0,20
engr0,HTC,GAN,0.0,FGSM,0.2,8.721311475409836,5.0,0,52
engr0,HTC,GAN,0.0,FGSM,0.3,27.37704918032787,32.0,0,57
engr0,HTC,GAN,0.0,FGSM,0.4,29.9672131147541,35.0,0,56
engr0,HTC,GAN,0.0,FGSM,0.5,29.80327868852459,34.0,0,56
engr0,HTC,GAN,0.0,FGSM,0.6,29.688524590163933,34.0,0,56
engr0,HTC,GAN,0.0,FGSM,0.7,29.639344262295083,34.0,0,56
engr0,HTC,GAN,0.0,FGSM,0.8,29.557377049180328,34.0,0,56
engr0,HTC,GAN,0.0,FGSM,0.9,29.688524590163933,34.0,0,56
engr0,HTC,GAN,0.0,FGSM,1.0,29.721311475409838,34.0,0,56
engr0,LG,GAN,0.0,FGSM,0.1,1.8360655737704918,1.0,0,8
engr0,LG,GAN,0.0,FGSM,0.2,8.98360655737705,3.0,0,46
engr0,LG,GAN,0.0,FGSM,0.3,22.508196721311474,15.0,0,56
engr0,LG,GAN,0.0,FGSM,0.4,26.262295081967213,30.0,0,56
engr0,LG,GAN,0.0,FGSM,0.5,26.672131147540984,28.0,0,58
engr0,LG,GAN,0.0,FGSM,0.6,26.540983606557376,28.0,0,57
engr0,LG,GAN,0.0,FGSM,0.7,26.311475409836067,28.0,0,57
engr0,LG,GAN,0.0,FGSM,0.8,26.42622950819672,27.0,0,57
engr0,LG,GAN,0.0,FGSM,0.9,26.557377049180328,28.0,0,57
engr0,LG,GAN,0.0,FGSM,1.0,26.704918032786885,27.0,0,57
engr0,MOTO,GAN,0.0,FGSM,0.1,3.3278688524590163,1.0,0,34
engr0,MOTO,GAN,0.0,FGSM,0.2,22.262295081967213,22.0,0,55
engr0,MOTO,GAN,0.0,FGSM,0.3,30.262295081967213,34.0,0,57
engr0,MOTO,GAN,0.0,FGSM,0.4,30.540983606557376,35.0,0,56
engr0,MOTO,GAN,0.0,FGSM,0.5,30.704918032786885,35.0,0,56
engr0,MOTO,GAN,0.0,FGSM,0.6,30.885245901639344,35.0,0,56
engr0,MOTO,GAN,0.0,FGSM,0.7,30.934426229508198,34.0,0,56
engr0,MOTO,GAN,0.0,FGSM,0.8,31.18032786885246,34.0,0,56
engr0,MOTO,GAN,0.0,FGSM,0.9,31.229508196721312,34.0,0,56
engr0,MOTO,GAN,0.0,FGSM,1.0,31.278688524590162,34.0,0,56
engr0,OP3,GAN,0.0,FGSM,0.1,1.1311475409836065,1.0,0,7
engr0,OP3,GAN,0.0,FGSM,0.2,21.016393442622952,15.0,0,56
engr0,OP3,GAN,0.0,FGSM,0.3,31.21311475409836,33.0,0,56
engr0,OP3,GAN,0.0,FGSM,0.4,33.21311475409836,37.0,1,56
engr0,OP3,GAN,0.0,FGSM,0.5,33.0655737704918,37.0,1,56
engr0,OP3,GAN,0.0,FGSM,0.6,33.32786885245902,37.0,1,57
engr0,OP3,GAN,0.0,FGSM,0.7,33.49180327868852,37.0,1,57
engr0,OP3,GAN,0.0,FGSM,0.8,33.50819672131148,37.0,1,57
engr0,OP3,GAN,0.0,FGSM,0.9,33.540983606557376,37.0,1,57
engr0,OP3,GAN,0.0,FGSM,1.0,33.57377049180328,37.0,1,57
engr0,S7,GAN,0.0,FGSM,0.1,1.9672131147540983,1.0,0,10
engr0,S7,GAN,0.0,FGSM,0.2,17.62295081967213,11.0,0,57
engr0,S7,GAN,0.0,FGSM,0.3,28.737704918032787,31.0,0,56
engr0,S7,GAN,0.0,FGSM,0.4,30.147540983606557,34.0,0,56
engr0,S7,GAN,0.0,FGSM,0.5,30.18032786885246,34.0,0,56
engr0,S7,GAN,0.0,FGSM,0.6,30.081967213114755,34.0,0,56
engr0,S7,GAN,0.0,FGSM,0.7,30.114754098360656,34.0,0,56
engr0,S7,GAN,0.0,FGSM,0.8,30.081967213114755,34.0,0,56
engr0,S7,GAN,0.0,FGSM,0.9,30.016393442622952,33.0,0,56
engr0,S7,GAN,0.0,FGSM,1.0,30.21311475409836,33.0,0,56
engr0,BLU,GAN,0.0,FGSM,0.1,2.3934426229508197,2.0,0,11
engr0,BLU,GAN,0.0,FGSM,0.2,13.918032786885245,7.0,0,55
engr0,BLU,GAN,0.0,FGSM,0.3,29.19672131147541,33.0,0,56
engr0,BLU,GAN,0.0,FGSM,0.4,31.049180327868854,35.0,0,56
engr0,BLU,GAN,0.0,FGSM,0.5,30.80327868852459,34.0,0,56
engr0,BLU,GAN,0.0,FGSM,0.6,31.098360655737704,34.0,0,56
engr0,BLU,GAN,0.0,FGSM,0.7,31.65573770491803,35.0,0,56
engr0,BLU,GAN,0.0,FGSM,0.8,31.704918032786885,35.0,0,56
engr0,BLU,GAN,0.0,FGSM,0.9,31.721311475409838,35.0,0,56
engr0,BLU,GAN,0.0,FGSM,1.0,31.737704918032787,35.0,0,56
engr0,HTC,GAN,0.0,FGSM,0.1,2.8852459016393444,2.0,0,20
engr0,HTC,GAN,0.0,FGSM,0.2,8.721311475409836,5.0,0,52
engr0,HTC,GAN,0.0,FGSM,0.3,27.37704918032787,32.0,0,57
engr0,HTC,GAN,0.0,FGSM,0.4,29.9672131147541,35.0,0,56
engr0,HTC,GAN,0.0,FGSM,0.5,29.80327868852459,34.0,0,56
engr0,HTC,GAN,0.0,FGSM,0.6,29.688524590163933,34.0,0,56
engr0,HTC,GAN,0.0,FGSM,0.7,29.639344262295083,34.0,0,56
engr0,HTC,GAN,0.0,FGSM,0.8,29.557377049180328,34.0,0,56
engr0,HTC,GAN,0.0,FGSM,0.9,29.688524590163933,34.0,0,56
engr0,HTC,GAN,0.0,FGSM,1.0,29.721311475409838,34.0,0,56
engr0,LG,GAN,0.0,FGSM,0.1,1.8360655737704918,1.0,0,8
engr0,LG,GAN,0.0,FGSM,0.2,8.98360655737705,3.0,0,46
engr0,LG,GAN,0.0,FGSM,0.3,22.508196721311474,15.0,0,56
engr0,LG,GAN,0.0,FGSM,0.4,26.262295081967213,30.0,0,56
engr0,LG,GAN,0.0,FGSM,0.5,26.672131147540984,28.0,0,58
engr0,LG,GAN,0.0,FGSM,0.6,26.540983606557376,28.0,0,57
engr0,LG,GAN,0.0,FGSM,0.7,26.311475409836067,28.0,0,57
engr0,LG,GAN,0.0,FGSM,0.8,26.42622950819672,27.0,0,57
engr0,LG,GAN,0.0,FGSM,0.9,26.557377049180328,28.0,0,57
engr0,LG,GAN,0.0,FGSM,1.0,26.704918032786885,27.0,0,57
engr0,MOTO,GAN,0.0,FGSM,0.1,3.3278688524590163,1.0,0,34
engr0,MOTO,GAN,0.0,FGSM,0.2,22.262295081967213,22.0,0,55
engr0,MOTO,GAN,0.0,FGSM,0.3,30.262295081967213,34.0,0,57
engr0,MOTO,GAN,0.0,FGSM,0.4,30.540983606557376,35.0,0,56
engr0,MOTO,GAN,0.0,FGSM,0.5,30.704918032786885,35.0,0,56
engr0,MOTO,GAN,0.0,FGSM,0.6,30.885245901639344,35.0,0,56
engr0,MOTO,GAN,0.0,FGSM,0.7,30.934426229508198,34.0,0,56
engr0,MOTO,GAN,0.0,FGSM,0.8,31.18032786885246,34.0,0,56
engr0,MOTO,GAN,0.0,FGSM,0.9,31.229508196721312,34.0,0,56
engr0,MOTO,GAN,0.0,FGSM,1.0,31.278688524590162,34.0,0,56
engr0,OP3,GAN,0.0,FGSM,0.1,1.1311475409836065,1.0,0,7
engr0,OP3,GAN,0.0,FGSM,0.2,21.016393442622952,15.0,0,56
engr0,OP3,GAN,0.0,FGSM,0.3,31.21311475409836,33.0,0,56
engr0,OP3,GAN,0.0,FGSM,0.4,33.21311475409836,37.0,1,56
engr0,OP3,GAN,0.0,FGSM,0.5,33.0655737704918,37.0,1,56
engr0,OP3,GAN,0.0,FGSM,0.6,33.32786885245902,37.0,1,57
engr0,OP3,GAN,0.0,FGSM,0.7,33.49180327868852,37.0,1,57
engr0,OP3,GAN,0.0,FGSM,0.8,33.50819672131148,37.0,1,57
engr0,OP3,GAN,0.0,FGSM,0.9,33.540983606557376,37.0,1,57
engr0,OP3,GAN,0.0,FGSM,1.0,33.57377049180328,37.0,1,57
engr0,S7,GAN,0.0,FGSM,0.1,1.9672131147540983,1.0,0,10
engr0,S7,GAN,0.0,FGSM,0.2,17.62295081967213,11.0,0,57
engr0,S7,GAN,0.0,FGSM,0.3,28.737704918032787,31.0,0,56
engr0,S7,GAN,0.0,FGSM,0.4,30.147540983606557,34.0,0,56
engr0,S7,GAN,0.0,FGSM,0.5,30.18032786885246,34.0,0,56
engr0,S7,GAN,0.0,FGSM,0.6,30.081967213114755,34.0,0,56
engr0,S7,GAN,0.0,FGSM,0.7,30.114754098360656,34.0,0,56
engr0,S7,GAN,0.0,FGSM,0.8,30.081967213114755,34.0,0,56
engr0,S7,GAN,0.0,FGSM,0.9,30.016393442622952,33.0,0,56
engr0,S7,GAN,0.0,FGSM,1.0,30.21311475409836,33.0,0,56
engr0,BLU,GAN,0.0,FGSM,0.1,2.3934426229508197,2.0,0,11
engr0,BLU,GAN,0.0,FGSM,0.2,13.918032786885245,7.0,0,55
engr0,BLU,GAN,0.0,FGSM,0.3,29.19672131147541,33.0,0,56
engr0,BLU,GAN,0.0,FGSM,0.4,31.049180327868854,35.0,0,56
engr0,BLU,GAN,0.0,FGSM,0.5,30.80327868852459,34.0,0,56
engr0,BLU,GAN,0.0,FGSM,0.6,31.098360655737704,34.0,0,56
engr0,BLU,GAN,0.0,FGSM,0.7,31.65573770491803,35.0,0,56
engr0,BLU,GAN,0.0,FGSM,0.8,31.704918032786885,35.0,0,56
engr0,BLU,GAN,0.0,FGSM,0.9,31.721311475409838,35.0,0,56
engr0,BLU,GAN,0.0,FGSM,1.0,31.737704918032787,35.0,0,56
engr0,HTC,GAN,0.0,FGSM,0.1,2.8852459016393444,2.0,0,20
engr0,HTC,GAN,0.0,FGSM,0.2,8.721311475409836,5.0,0,52
engr0,HTC,GAN,0.0,FGSM,0.3,27.37704918032787,32.0,0,57
engr0,HTC,GAN,0.0,FGSM,0.4,29.9672131147541,35.0,0,56
engr0,HTC,GAN,0.0,FGSM,0.5,29.80327868852459,34.0,0,56
engr0,HTC,GAN,0.0,FGSM,0.6,29.688524590163933,34.0,0,56
engr0,HTC,GAN,0.0,FGSM,0.7,29.639344262295083,34.0,0,56
engr0,HTC,GAN,0.0,FGSM,0.8,29.557377049180328,34.0,0,56
engr0,HTC,GAN,0.0,FGSM,0.9,29.688524590163933,34.0,0,56
engr0,HTC,GAN,0.0,FGSM,1.0,29.721311475409838,34.0,0,56
engr0,LG,GAN,0.0,FGSM,0.1,1.8360655737704918,1.0,0,8
engr0,LG,GAN,0.0,FGSM,0.2,8.98360655737705,3.0,0,46
engr0,LG,GAN,0.0,FGSM,0.3,22.508196721311474,15.0,0,56
engr0,LG,GAN,0.0,FGSM,0.4,26.262295081967213,30.0,0,56
engr0,LG,GAN,0.0,FGSM,0.5,26.672131147540984,28.0,0,58
engr0,LG,GAN,0.0,FGSM,0.6,26.540983606557376,28.0,0,57
engr0,LG,GAN,0.0,FGSM,0.7,26.311475409836067,28.0,0,57
engr0,LG,GAN,0.0,FGSM,0.8,26.42622950819672,27.0,0,57
engr0,LG,GAN,0.0,FGSM,0.9,26.557377049180328,28.0,0,57
engr0,LG,GAN,0.0,FGSM,1.0,26.704918032786885,27.0,0,57
engr0,MOTO,GAN,0.0,FGSM,0.1,3.3278688524590163,1.0,0,34
engr0,MOTO,GAN,0.0,FGSM,0.2,22.262295081967213,22.0,0,55
engr0,MOTO,GAN,0.0,FGSM,0.3,30.262295081967213,34.0,0,57
engr0,MOTO,GAN,0.0,FGSM,0.4,30.540983606557376,35.0,0,56
engr0,MOTO,GAN,0.0,FGSM,0.5,30.704918032786885,35.0,0,56
engr0,MOTO,GAN,0.0,FGSM,0.6,30.885245901639344,35.0,0,56
engr0,MOTO,GAN,0.0,FGSM,0.7,30.934426229508198,34.0,0,56
engr0,MOTO,GAN,0.0,FGSM,0.8,31.18032786885246,34.0,0,56
engr0,MOTO,GAN,0.0,FGSM,0.9,31.229508196721312,34.0,0,56
engr0,MOTO,GAN,0.0,FGSM,1.0,31.278688524590162,34.0,0,56
engr0,OP3,GAN,0.0,FGSM,0.1,1.1311475409836065,1.0,0,7
engr0,OP3,GAN,0.0,FGSM,0.2,21.016393442622952,15.0,0,56
engr0,OP3,GAN,0.0,FGSM,0.3,31.21311475409836,33.0,0,56
engr0,OP3,GAN,0.0,FGSM,0.4,33.21311475409836,37.0,1,56
engr0,OP3,GAN,0.0,FGSM,0.5,33.0655737704918,37.0,1,56
engr0,OP3,GAN,0.0,FGSM,0.6,33.32786885245902,37.0,1,57
engr0,OP3,GAN,0.0,FGSM,0.7,33.49180327868852,37.0,1,57
engr0,OP3,GAN,0.0,FGSM,0.8,33.50819672131148,37.0,1,57
engr0,OP3,GAN,0.0,FGSM,0.9,33.540983606557376,37.0,1,57
engr0,OP3,GAN,0.0,FGSM,1.0,33.57377049180328,37.0,1,57
engr0,S7,GAN,0.0,FGSM,0.1,1.9672131147540983,1.0,0,10
engr0,S7,GAN,0.0,FGSM,0.2,17.62295081967213,11.0,0,57
engr0,S7,GAN,0.0,FGSM,0.3,28.737704918032787,31.0,0,56
engr0,S7,GAN,0.0,FGSM,0.4,30.147540983606557,34.0,0,56
engr0,S7,GAN,0.0,FGSM,0.5,30.18032786885246,34.0,0,56
engr0,S7,GAN,0.0,FGSM,0.6,30.081967213114755,34.0,0,56
engr0,S7,GAN,0.0,FGSM,0.7,30.114754098360656,34.0,0,56
engr0,S7,GAN,0.0,FGSM,0.8,30.081967213114755,34.0,0,56
engr0,S7,GAN,0.0,FGSM,0.9,30.016393442622952,33.0,0,56
engr0,S7,GAN,0.0,FGSM,1.0,30.21311475409836,33.0,0,56
engr0,BLU,GAN,0.0,FGSM,0.1,2.3934426229508197,2.0,0,11
engr0,BLU,GAN,0.0,FGSM,0.2,13.918032786885245,7.0,0,55
engr0,BLU,GAN,0.0,FGSM,0.3,29.19672131147541,33.0,0,56
engr0,BLU,GAN,0.0,FGSM,0.4,31.049180327868854,35.0,0,56
engr0,BLU,GAN,0.0,FGSM,0.5,30.80327868852459,34.0,0,56
engr0,BLU,GAN,0.0,FGSM,0.6,31.098360655737704,34.0,0,56
engr0,BLU,GAN,0.0,FGSM,0.7,31.65573770491803,35.0,0,56
engr0,BLU,GAN,0.0,FGSM,0.8,31.704918032786885,35.0,0,56
engr0,BLU,GAN,0.0,FGSM,0.9,31.721311475409838,35.0,0,56
engr0,BLU,GAN,0.0,FGSM,1.0,31.737704918032787,35.0,0,56
engr0,HTC,GAN,0.0,FGSM,0.1,2.8852459016393444,2.0,0,20
engr0,HTC,GAN,0.0,FGSM,0.2,8.721311475409836,5.0,0,52
engr0,HTC,GAN,0.0,FGSM,0.3,27.37704918032787,32.0,0,57
engr0,HTC,GAN,0.0,FGSM,0.4,29.9672131147541,35.0,0,56
engr0,HTC,GAN,0.0,FGSM,0.5,29.80327868852459,34.0,0,56
engr0,HTC,GAN,0.0,FGSM,0.6,29.688524590163933,34.0,0,56
engr0,HTC,GAN,0.0,FGSM,0.7,29.639344262295083,34.0,0,56
engr0,HTC,GAN,0.0,FGSM,0.8,29.557377049180328,34.0,0,56
engr0,HTC,GAN,0.0,FGSM,0.9,29.688524590163933,34.0,0,56
engr0,HTC,GAN,0.0,FGSM,1.0,29.721311475409838,34.0,0,56
engr0,LG,GAN,0.0,FGSM,0.1,1.8360655737704918,1.0,0,8
engr0,LG,GAN,0.0,FGSM,0.2,8.98360655737705,3.0,0,46
engr0,LG,GAN,0.0,FGSM,0.3,22.508196721311474,15.0,0,56
engr0,LG,GAN,0.0,FGSM,0.4,26.262295081967213,30.0,0,56
engr0,LG,GAN,0.0,FGSM,0.5,26.672131147540984,28.0,0,58
engr0,LG,GAN,0.0,FGSM,0.6,26.540983606557376,28.0,0,57
engr0,LG,GAN,0.0,FGSM,0.7,26.311475409836067,28.0,0,57
engr0,LG,GAN,0.0,FGSM,0.8,26.42622950819672,27.0,0,57
engr0,LG,GAN,0.0,FGSM,0.9,26.557377049180328,28.0,0,57
engr0,LG,GAN,0.0,FGSM,1.0,26.704918032786885,27.0,0,57
engr0,MOTO,GAN,0.0,FGSM,0.1,3.3278688524590163,1.0,0,34
engr0,MOTO,GAN,0.0,FGSM,0.2,22.262295081967213,22.0,0,55
engr0,MOTO,GAN,0.0,FGSM,0.3,30.262295081967213,34.0,0,57
engr0,MOTO,GAN,0.0,FGSM,0.4,30.540983606557376,35.0,0,56
engr0,MOTO,GAN,0.0,FGSM,0.5,30.704918032786885,35.0,0,56
engr0,MOTO,GAN,0.0,FGSM,0.6,30.885245901639344,35.0,0,56
engr0,MOTO,GAN,0.0,FGSM,0.7,30.934426229508198,34.0,0,56
engr0,MOTO,GAN,0.0,FGSM,0.8,31.18032786885246,34.0,0,56
engr0,MOTO,GAN,0.0,FGSM,0.9,31.229508196721312,34.0,0,56
engr0,MOTO,GAN,0.0,FGSM,1.0,31.278688524590162,34.0,0,56
engr0,OP3,GAN,0.0,FGSM,0.1,1.1311475409836065,1.0,0,7
engr0,OP3,GAN,0.0,FGSM,0.2,21.016393442622952,15.0,0,56
engr0,OP3,GAN,0.0,FGSM,0.3,31.21311475409836,33.0,0,56
engr0,OP3,GAN,0.0,FGSM,0.4,33.21311475409836,37.0,1,56
engr0,OP3,GAN,0.0,FGSM,0.5,33.0655737704918,37.0,1,56
engr0,OP3,GAN,0.0,FGSM,0.6,33.32786885245902,37.0,1,57
engr0,OP3,GAN,0.0,FGSM,0.7,33.49180327868852,37.0,1,57
engr0,OP3,GAN,0.0,FGSM,0.8,33.50819672131148,37.0,1,57
engr0,OP3,GAN,0.0,FGSM,0.9,33.540983606557376,37.0,1,57
engr0,OP3,GAN,0.0,FGSM,1.0,33.57377049180328,37.0,1,57
engr0,S7,GAN,0.0,FGSM,0.1,1.9672131147540983,1.0,0,10
engr0,S7,GAN,0.0,FGSM,0.2,17.62295081967213,11.0,0,57
engr0,S7,GAN,0.0,FGSM,0.3,28.737704918032787,31.0,0,56
engr0,S7,GAN,0.0,FGSM,0.4,30.147540983606557,34.0,0,56
engr0,S7,GAN,0.0,FGSM,0.5,30.18032786885246,34.0,0,56
engr0,S7,GAN,0.0,FGSM,0.6,30.081967213114755,34.0,0,56
engr0,S7,GAN,0.0,FGSM,0.7,30.114754098360656,34.0,0,56
engr0,S7,GAN,0.0,FGSM,0.8,30.081967213114755,34.0,0,56
engr0,S7,GAN,0.0,FGSM,0.9,30.016393442622952,33.0,0,56
engr0,S7,GAN,0.0,FGSM,1.0,30.21311475409836,33.0,0,56
engr0,BLU,GAN,0.0,FGSM,0.1,2.3934426229508197,2.0,0,11
engr0,BLU,GAN,0.0,FGSM,0.2,13.918032786885245,7.0,0,55
engr0,BLU,GAN,0.0,FGSM,0.3,29.19672131147541,33.0,0,56
engr0,BLU,GAN,0.0,FGSM,0.4,31.049180327868854,35.0,0,56
engr0,BLU,GAN,0.0,FGSM,0.5,30.80327868852459,34.0,0,56
engr0,BLU,GAN,0.0,FGSM,0.6,31.098360655737704,34.0,0,56
engr0,BLU,GAN,0.0,FGSM,0.7,31.65573770491803,35.0,0,56
engr0,BLU,GAN,0.0,FGSM,0.8,31.704918032786885,35.0,0,56
engr0,BLU,GAN,0.0,FGSM,0.9,31.721311475409838,35.0,0,56
engr0,BLU,GAN,0.0,FGSM,1.0,31.737704918032787,35.0,0,56
engr0,HTC,GAN,0.0,FGSM,0.1,2.8852459016393444,2.0,0,20
engr0,HTC,GAN,0.0,FGSM,0.2,8.721311475409836,5.0,0,52
engr0,HTC,GAN,0.0,FGSM,0.3,27.37704918032787,32.0,0,57
engr0,HTC,GAN,0.0,FGSM,0.4,29.9672131147541,35.0,0,56
engr0,HTC,GAN,0.0,FGSM,0.5,29.80327868852459,34.0,0,56
engr0,HTC,GAN,0.0,FGSM,0.6,29.688524590163933,34.0,0,56
engr0,HTC,GAN,0.0,FGSM,0.7,29.639344262295083,34.0,0,56
engr0,HTC,GAN,0.0,FGSM,0.8,29.557377049180328,34.0,0,56
engr0,HTC,GAN,0.0,FGSM,0.9,29.688524590163933,34.0,0,56
engr0,HTC,GAN,0.0,FGSM,1.0,29.721311475409838,34.0,0,56
engr0,LG,GAN,0.0,FGSM,0.1,1.8360655737704918,1.0,0,8
engr0,LG,GAN,0.0,FGSM,0.2,8.98360655737705,3.0,0,46
engr0,LG,GAN,0.0,FGSM,0.3,22.508196721311474,15.0,0,56
engr0,LG,GAN,0.0,FGSM,0.4,26.262295081967213,30.0,0,56
engr0,LG,GAN,0.0,FGSM,0.5,26.672131147540984,28.0,0,58
engr0,LG,GAN,0.0,FGSM,0.6,26.540983606557376,28.0,0,57
engr0,LG,GAN,0.0,FGSM,0.7,26.311475409836067,28.0,0,57
engr0,LG,GAN,0.0,FGSM,0.8,26.42622950819672,27.0,0,57
engr0,LG,GAN,0.0,FGSM,0.9,26.557377049180328,28.0,0,57
engr0,LG,GAN,0.0,FGSM,1.0,26.704918032786885,27.0,0,57
engr0,MOTO,GAN,0.0,FGSM,0.1,3.3278688524590163,1.0,0,34
engr0,MOTO,GAN,0.0,FGSM,0.2,22.262295081967213,22.0,0,55
engr0,MOTO,GAN,0.0,FGSM,0.3,30.262295081967213,34.0,0,57
engr0,MOTO,GAN,0.0,FGSM,0.4,30.540983606557376,35.0,0,56
engr0,MOTO,GAN,0.0,FGSM,0.5,30.704918032786885,35.0,0,56
engr0,MOTO,GAN,0.0,FGSM,0.6,30.885245901639344,35.0,0,56
engr0,MOTO,GAN,0.0,FGSM,0.7,30.934426229508198,34.0,0,56
engr0,MOTO,GAN,0.0,FGSM,0.8,31.18032786885246,34.0,0,56
engr0,MOTO,GAN,0.0,FGSM,0.9,31.229508196721312,34.0,0,56
engr0,MOTO,GAN,0.0,FGSM,1.0,31.278688524590162,34.0,0,56
engr0,OP3,GAN,0.0,FGSM,0.1,1.1311475409836065,1.0,0,7
engr0,OP3,GAN,0.0,FGSM,0.2,21.016393442622952,15.0,0,56
engr0,OP3,GAN,0.0,FGSM,0.3,31.21311475409836,33.0,0,56
engr0,OP3,GAN,0.0,FGSM,0.4,33.21311475409836,37.0,1,56
engr0,OP3,GAN,0.0,FGSM,0.5,33.0655737704918,37.0,1,56
engr0,OP3,GAN,0.0,FGSM,0.6,33.32786885245902,37.0,1,57
engr0,OP3,GAN,0.0,FGSM,0.7,33.49180327868852,37.0,1,57
engr0,OP3,GAN,0.0,FGSM,0.8,33.50819672131148,37.0,1,57
engr0,OP3,GAN,0.0,FGSM,0.9,33.540983606557376,37.0,1,57
engr0,OP3,GAN,0.0,FGSM,1.0,33.57377049180328,37.0,1,57
engr0,S7,GAN,0.0,FGSM,0.1,1.9672131147540983,1.0,0,10
engr0,S7,GAN,0.0,FGSM,0.2,17.62295081967213,11.0,0,57
engr0,S7,GAN,0.0,FGSM,0.3,28.737704918032787,31.0,0,56
engr0,S7,GAN,0.0,FGSM,0.4,30.147540983606557,34.0,0,56
engr0,S7,GAN,0.0,FGSM,0.5,30.18032786885246,34.0,0,56
engr0,S7,GAN,0.0,FGSM,0.6,30.081967213114755,34.0,0,56
engr0,S7,GAN,0.0,FGSM,0.7,30.114754098360656,34.0,0,56
engr0,S7,GAN,0.0,FGSM,0.8,30.081967213114755,34.0,0,56
engr0,S7,GAN,0.0,FGSM,0.9,30.016393442622952,33.0,0,56
engr0,S7,GAN,0.0,FGSM,1.0,30.21311475409836,33.0,0,56
engr0,BLU,GAN,0.0,FGSM,0.1,2.3934426229508197,2.0,0,11
engr0,BLU,GAN,0.0,FGSM,0.2,13.918032786885245,7.0,0,55
engr0,BLU,GAN,0.0,FGSM,0.3,29.19672131147541,33.0,0,56
engr0,BLU,GAN,0.0,FGSM,0.4,31.049180327868854,35.0,0,56
engr0,BLU,GAN,0.0,FGSM,0.5,30.80327868852459,34.0,0,56
engr0,BLU,GAN,0.0,FGSM,0.6,31.098360655737704,34.0,0,56
engr0,BLU,GAN,0.0,FGSM,0.7,31.65573770491803,35.0,0,56
engr0,BLU,GAN,0.0,FGSM,0.8,31.704918032786885,35.0,0,56
engr0,BLU,GAN,0.0,FGSM,0.9,31.721311475409838,35.0,0,56
engr0,BLU,GAN,0.0,FGSM,1.0,31.737704918032787,35.0,0,56
engr0,HTC,GAN,0.0,FGSM,0.1,2.8852459016393444,2.0,0,20
engr0,HTC,GAN,0.0,FGSM,0.2,8.721311475409836,5.0,0,52
engr0,HTC,GAN,0.0,FGSM,0.3,27.37704918032787,32.0,0,57
engr0,HTC,GAN,0.0,FGSM,0.4,29.9672131147541,35.0,0,56
engr0,HTC,GAN,0.0,FGSM,0.5,29.80327868852459,34.0,0,56
engr0,HTC,GAN,0.0,FGSM,0.6,29.688524590163933,34.0,0,56
engr0,HTC,GAN,0.0,FGSM,0.7,29.639344262295083,34.0,0,56
engr0,HTC,GAN,0.0,FGSM,0.8,29.557377049180328,34.0,0,56
engr0,HTC,GAN,0.0,FGSM,0.9,29.688524590163933,34.0,0,56
engr0,HTC,GAN,0.0,FGSM,1.0,29.721311475409838,34.0,0,56
engr0,LG,GAN,0.0,FGSM,0.1,1.8360655737704918,1.0,0,8
engr0,LG,GAN,0.0,FGSM,0.2,8.98360655737705,3.0,0,46
engr0,LG,GAN,0.0,FGSM,0.3,22.508196721311474,15.0,0,56
engr0,LG,GAN,0.0,FGSM,0.4,26.262295081967213,30.0,0,56
engr0,LG,GAN,0.0,FGSM,0.5,26.672131147540984,28.0,0,58
engr0,LG,GAN,0.0,FGSM,0.6,26.540983606557376,28.0,0,57
engr0,LG,GAN,0.0,FGSM,0.7,26.311475409836067,28.0,0,57
engr0,LG,GAN,0.0,FGSM,0.8,26.42622950819672,27.0,0,57
engr0,LG,GAN,0.0,FGSM,0.9,26.557377049180328,28.0,0,57
engr0,LG,GAN,0.0,FGSM,1.0,26.704918032786885,27.0,0,57
engr0,MOTO,GAN,0.0,FGSM,0.1,3.3278688524590163,1.0,0,34
engr0,MOTO,GAN,0.0,FGSM,0.2,22.262295081967213,22.0,0,55
engr0,MOTO,GAN,0.0,FGSM,0.3,30.262295081967213,34.0,0,57
engr0,MOTO,GAN,0.0,FGSM,0.4,30.540983606557376,35.0,0,56
engr0,MOTO,GAN,0.0,FGSM,0.5,30.704918032786885,35.0,0,56
engr0,MOTO,GAN,0.0,FGSM,0.6,30.885245901639344,35.0,0,56
engr0,MOTO,GAN,0.0,FGSM,0.7,30.934426229508198,34.0,0,56
engr0,MOTO,GAN,0.0,FGSM,0.8,31.18032786885246,34.0,0,56
engr0,MOTO,GAN,0.0,FGSM,0.9,31.229508196721312,34.0,0,56
engr0,MOTO,GAN,0.0,FGSM,1.0,31.278688524590162,34.0,0,56
engr0,OP3,GAN,0.0,FGSM,0.1,1.1311475409836065,1.0,0,7
engr0,OP3,GAN,0.0,FGSM,0.2,21.016393442622952,15.0,0,56
engr0,OP3,GAN,0.0,FGSM,0.3,31.21311475409836,33.0,0,56
engr0,OP3,GAN,0.0,FGSM,0.4,33.21311475409836,37.0,1,56
engr0,OP3,GAN,0.0,FGSM,0.5,33.0655737704918,37.0,1,56
engr0,OP3,GAN,0.0,FGSM,0.6,33.32786885245902,37.0,1,57
engr0,OP3,GAN,0.0,FGSM,0.7,33.49180327868852,37.0,1,57
engr0,OP3,GAN,0.0,FGSM,0.8,33.50819672131148,37.0,1,57
engr0,OP3,GAN,0.0,FGSM,0.9,33.540983606557376,37.0,1,57
engr0,OP3,GAN,0.0,FGSM,1.0,33.57377049180328,37.0,1,57
engr0,S7,GAN,0.0,FGSM,0.1,1.9672131147540983,1.0,0,10
engr0,S7,GAN,0.0,FGSM,0.2,17.62295081967213,11.0,0,57
engr0,S7,GAN,0.0,FGSM,0.3,28.737704918032787,31.0,0,56
engr0,S7,GAN,0.0,FGSM,0.4,30.147540983606557,34.0,0,56
engr0,S7,GAN,0.0,FGSM,0.5,30.18032786885246,34.0,0,56
engr0,S7,GAN,0.0,FGSM,0.6,30.081967213114755,34.0,0,56
engr0,S7,GAN,0.0,FGSM,0.7,30.114754098360656,34.0,0,56
engr0,S7,GAN,0.0,FGSM,0.8,30.081967213114755,34.0,0,56
engr0,S7,GAN,0.0,FGSM,0.9,30.016393442622952,33.0,0,56
engr0,S7,GAN,0.0,FGSM,1.0,30.21311475409836,33.0,0,56
engr0,BLU,GAN,0.0,FGSM,0.1,2.3934426229508197,2.0,0,11
engr0,BLU,GAN,0.0,FGSM,0.2,13.918032786885245,7.0,0,55
engr0,BLU,GAN,0.0,FGSM,0.3,29.19672131147541,33.0,0,56
engr0,BLU,GAN,0.0,FGSM,0.4,31.049180327868854,35.0,0,56
engr0,BLU,GAN,0.0,FGSM,0.5,30.80327868852459,34.0,0,56
engr0,BLU,GAN,0.0,FGSM,0.6,31.098360655737704,34.0,0,56
engr0,BLU,GAN,0.0,FGSM,0.7,31.65573770491803,35.0,0,56
engr0,BLU,GAN,0.0,FGSM,0.8,31.704918032786885,35.0,0,56
engr0,BLU,GAN,0.0,FGSM,0.9,31.721311475409838,35.0,0,56
engr0,BLU,GAN,0.0,FGSM,1.0,31.737704918032787,35.0,0,56
engr0,HTC,GAN,0.0,FGSM,0.1,2.8852459016393444,2.0,0,20
engr0,HTC,GAN,0.0,FGSM,0.2,8.721311475409836,5.0,0,52
engr0,HTC,GAN,0.0,FGSM,0.3,27.37704918032787,32.0,0,57
engr0,HTC,GAN,0.0,FGSM,0.4,29.9672131147541,35.0,0,56
engr0,HTC,GAN,0.0,FGSM,0.5,29.80327868852459,34.0,0,56
engr0,HTC,GAN,0.0,FGSM,0.6,29.688524590163933,34.0,0,56
engr0,HTC,GAN,0.0,FGSM,0.7,29.639344262295083,34.0,0,56
engr0,HTC,GAN,0.0,FGSM,0.8,29.557377049180328,34.0,0,56
engr0,HTC,GAN,0.0,FGSM,0.9,29.688524590163933,34.0,0,56
engr0,HTC,GAN,0.0,FGSM,1.0,29.721311475409838,34.0,0,56
engr0,LG,GAN,0.0,FGSM,0.1,1.8360655737704918,1.0,0,8
engr0,LG,GAN,0.0,FGSM,0.2,8.98360655737705,3.0,0,46
engr0,LG,GAN,0.0,FGSM,0.3,22.508196721311474,15.0,0,56
engr0,LG,GAN,0.0,FGSM,0.4,26.262295081967213,30.0,0,56
engr0,LG,GAN,0.0,FGSM,0.5,26.672131147540984,28.0,0,58
engr0,LG,GAN,0.0,FGSM,0.6,26.540983606557376,28.0,0,57
engr0,LG,GAN,0.0,FGSM,0.7,26.311475409836067,28.0,0,57
engr0,LG,GAN,0.0,FGSM,0.8,26.42622950819672,27.0,0,57
engr0,LG,GAN,0.0,FGSM,0.9,26.557377049180328,28.0,0,57
engr0,LG,GAN,0.0,FGSM,1.0,26.704918032786885,27.0,0,57
engr0,MOTO,GAN,0.0,FGSM,0.1,3.3278688524590163,1.0,0,34
engr0,MOTO,GAN,0.0,FGSM,0.2,22.262295081967213,22.0,0,55
engr0,MOTO,GAN,0.0,FGSM,0.3,30.262295081967213,34.0,0,57
engr0,MOTO,GAN,0.0,FGSM,0.4,30.540983606557376,35.0,0,56
engr0,MOTO,GAN,0.0,FGSM,0.5,30.704918032786885,35.0,0,56
engr0,MOTO,GAN,0.0,FGSM,0.6,30.885245901639344,35.0,0,56
engr0,MOTO,GAN,0.0,FGSM,0.7,30.934426229508198,34.0,0,56
engr0,MOTO,GAN,0.0,FGSM,0.8,31.18032786885246,34.0,0,56
engr0,MOTO,GAN,0.0,FGSM,0.9,31.229508196721312,34.0,0,56
engr0,MOTO,GAN,0.0,FGSM,1.0,31.278688524590162,34.0,0,56
engr0,OP3,GAN,0.0,FGSM,0.1,1.1311475409836065,1.0,0,7
engr0,OP3,GAN,0.0,FGSM,0.2,21.016393442622952,15.0,0,56
engr0,OP3,GAN,0.0,FGSM,0.3,31.21311475409836,33.0,0,56
engr0,OP3,GAN,0.0,FGSM,0.4,33.21311475409836,37.0,1,56
engr0,OP3,GAN,0.0,FGSM,0.5,33.0655737704918,37.0,1,56
engr0,OP3,GAN,0.0,FGSM,0.6,33.32786885245902,37.0,1,57
engr0,OP3,GAN,0.0,FGSM,0.7,33.49180327868852,37.0,1,57
engr0,OP3,GAN,0.0,FGSM,0.8,33.50819672131148,37.0,1,57
engr0,OP3,GAN,0.0,FGSM,0.9,33.540983606557376,37.0,1,57
engr0,OP3,GAN,0.0,FGSM,1.0,33.57377049180328,37.0,1,57
engr0,S7,GAN,0.0,FGSM,0.1,1.9672131147540983,1.0,0,10
engr0,S7,GAN,0.0,FGSM,0.2,17.62295081967213,11.0,0,57
engr0,S7,GAN,0.0,FGSM,0.3,28.737704918032787,31.0,0,56
engr0,S7,GAN,0.0,FGSM,0.4,30.147540983606557,34.0,0,56
engr0,S7,GAN,0.0,FGSM,0.5,30.18032786885246,34.0,0,56
engr0,S7,GAN,0.0,FGSM,0.6,30.081967213114755,34.0,0,56
engr0,S7,GAN,0.0,FGSM,0.7,30.114754098360656,34.0,0,56
engr0,S7,GAN,0.0,FGSM,0.8,30.081967213114755,34.0,0,56
engr0,S7,GAN,0.0,FGSM,0.9,30.016393442622952,33.0,0,56
engr0,S7,GAN,0.0,FGSM,1.0,30.21311475409836,33.0,0,56
engr0,BLU,GAN,0.0,FGSM,0.1,2.3934426229508197,2.0,0,11
engr0,BLU,GAN,0.0,FGSM,0.2,13.918032786885245,7.0,0,55
engr0,BLU,GAN,0.0,FGSM,0.3,29.19672131147541,33.0,0,56
engr0,BLU,GAN,0.0,FGSM,0.4,31.049180327868854,35.0,0,56
engr0,BLU,GAN,0.0,FGSM,0.5,30.80327868852459,34.0,0,56
engr0,BLU,GAN,0.0,FGSM,0.6,31.098360655737704,34.0,0,56
engr0,BLU,GAN,0.0,FGSM,0.7,31.65573770491803,35.0,0,56
engr0,BLU,GAN,0.0,FGSM,0.8,31.704918032786885,35.0,0,56
engr0,BLU,GAN,0.0,FGSM,0.9,31.721311475409838,35.0,0,56
engr0,BLU,GAN,0.0,FGSM,1.0,31.737704918032787,35.0,0,56
engr0,HTC,GAN,0.0,FGSM,0.1,2.8852459016393444,2.0,0,20
engr0,HTC,GAN,0.0,FGSM,0.2,8.721311475409836,5.0,0,52
engr0,HTC,GAN,0.0,FGSM,0.3,27.37704918032787,32.0,0,57
engr0,HTC,GAN,0.0,FGSM,0.4,29.9672131147541,35.0,0,56
engr0,HTC,GAN,0.0,FGSM,0.5,29.80327868852459,34.0,0,56
engr0,HTC,GAN,0.0,FGSM,0.6,29.688524590163933,34.0,0,56
engr0,HTC,GAN,0.0,FGSM,0.7,29.639344262295083,34.0,0,56
engr0,HTC,GAN,0.0,FGSM,0.8,29.557377049180328,34.0,0,56
engr0,HTC,GAN,0.0,FGSM,0.9,29.688524590163933,34.0,0,56
engr0,HTC,GAN,0.0,FGSM,1.0,29.721311475409838,34.0,0,56
engr0,LG,GAN,0.0,FGSM,0.1,1.8360655737704918,1.0,0,8
engr0,LG,GAN,0.0,FGSM,0.2,8.98360655737705,3.0,0,46
engr0,LG,GAN,0.0,FGSM,0.3,22.508196721311474,15.0,0,56
engr0,LG,GAN,0.0,FGSM,0.4,26.262295081967213,30.0,0,56
engr0,LG,GAN,0.0,FGSM,0.5,26.672131147540984,28.0,0,58
engr0,LG,GAN,0.0,FGSM,0.6,26.540983606557376,28.0,0,57
engr0,LG,GAN,0.0,FGSM,0.7,26.311475409836067,28.0,0,57
engr0,LG,GAN,0.0,FGSM,0.8,26.42622950819672,27.0,0,57
engr0,LG,GAN,0.0,FGSM,0.9,26.557377049180328,28.0,0,57
engr0,LG,GAN,0.0,FGSM,1.0,26.704918032786885,27.0,0,57
engr0,MOTO,GAN,0.0,FGSM,0.1,3.3278688524590163,1.0,0,34
engr0,MOTO,GAN,0.0,FGSM,0.2,22.262295081967213,22.0,0,55
engr0,MOTO,GAN,0.0,FGSM,0.3,30.262295081967213,34.0,0,57
engr0,MOTO,GAN,0.0,FGSM,0.4,30.540983606557376,35.0,0,56
engr0,MOTO,GAN,0.0,FGSM,0.5,30.704918032786885,35.0,0,56
engr0,MOTO,GAN,0.0,FGSM,0.6,30.885245901639344,35.0,0,56
engr0,MOTO,GAN,0.0,FGSM,0.7,30.934426229508198,34.0,0,56
engr0,MOTO,GAN,0.0,FGSM,0.8,31.18032786885246,34.0,0,56
engr0,MOTO,GAN,0.0,FGSM,0.9,31.229508196721312,34.0,0,56
engr0,MOTO,GAN,0.0,FGSM,1.0,31.278688524590162,34.0,0,56
engr0,OP3,GAN,0.0,FGSM,0.1,1.1311475409836065,1.0,0,7
engr0,OP3,GAN,0.0,FGSM,0.2,21.016393442622952,15.0,0,56
engr0,OP3,GAN,0.0,FGSM,0.3,31.21311475409836,33.0,0,56
engr0,OP3,GAN,0.0,FGSM,0.4,33.21311475409836,37.0,1,56
engr0,OP3,GAN,0.0,FGSM,0.5,33.0655737704918,37.0,1,56
engr0,OP3,GAN,0.0,FGSM,0.6,33.32786885245902,37.0,1,57
engr0,OP3,GAN,0.0,FGSM,0.7,33.49180327868852,37.0,1,57
engr0,OP3,GAN,0.0,FGSM,0.8,33.50819672131148,37.0,1,57
engr0,OP3,GAN,0.0,FGSM,0.9,33.540983606557376,37.0,1,57
engr0,OP3,GAN,0.0,FGSM,1.0,33.57377049180328,37.0,1,57
engr0,S7,GAN,0.0,FGSM,0.1,1.9672131147540983,1.0,0,10
engr0,S7,GAN,0.0,FGSM,0.2,17.62295081967213,11.0,0,57
engr0,S7,GAN,0.0,FGSM,0.3,28.737704918032787,31.0,0,56
engr0,S7,GAN,0.0,FGSM,0.4,30.147540983606557,34.0,0,56
engr0,S7,GAN,0.0,FGSM,0.5,30.18032786885246,34.0,0,56
engr0,S7,GAN,0.0,FGSM,0.6,30.081967213114755,34.0,0,56
engr0,S7,GAN,0.0,FGSM,0.7,30.114754098360656,34.0,0,56
engr0,S7,GAN,0.0,FGSM,0.8,30.081967213114755,34.0,0,56
engr0,S7,GAN,0.0,FGSM,0.9,30.016393442622952,33.0,0,56
engr0,S7,GAN,0.0,FGSM,1.0,30.21311475409836,33.0,0,56
engr0,BLU,FGSM,0.1,FGSM,0.1,2.0491803278688523,1.0,0,10
engr0,BLU,FGSM,0.1,FGSM,0.2,1.4098360655737705,1.0,0,6
engr0,BLU,FGSM,0.1,FGSM,0.3,2.639344262295082,2.0,0,12
engr0,BLU,FGSM,0.1,FGSM,0.4,11.032786885245901,5.0,0,47
engr0,BLU,FGSM,0.1,FGSM,0.5,17.639344262295083,8.0,0,53
engr0,BLU,FGSM,0.1,FGSM,0.6,18.16393442622951,12.0,0,53
engr0,BLU,FGSM,0.1,FGSM,0.7,18.0327868852459,12.0,0,53
engr0,BLU,FGSM,0.1,FGSM,0.8,18.42622950819672,13.0,0,53
engr0,BLU,FGSM,0.1,FGSM,0.9,18.57377049180328,13.0,0,53
engr0,BLU,FGSM,0.1,FGSM,1.0,18.0327868852459,14.0,0,53
engr0,HTC,FGSM,0.1,FGSM,0.1,2.3442622950819674,2.0,0,9
engr0,HTC,FGSM,0.1,FGSM,0.2,2.2459016393442623,2.0,0,9
engr0,HTC,FGSM,0.1,FGSM,0.3,3.1147540983606556,3.0,0,11
engr0,HTC,FGSM,0.1,FGSM,0.4,5.262295081967213,3.0,0,37
engr0,HTC,FGSM,0.1,FGSM,0.5,8.672131147540984,4.0,0,50
engr0,HTC,FGSM,0.1,FGSM,0.6,9.540983606557377,5.0,0,50
engr0,HTC,FGSM,0.1,FGSM,0.7,11.78688524590164,6.0,0,51
engr0,HTC,FGSM,0.1,FGSM,0.8,12.37704918032787,6.0,0,51
engr0,HTC,FGSM,0.1,FGSM,0.9,13.39344262295082,7.0,0,56
engr0,HTC,FGSM,0.1,FGSM,1.0,13.573770491803279,7.0,0,56
engr0,LG,FGSM,0.1,FGSM,0.1,2.4918032786885247,2.0,0,9
engr0,LG,FGSM,0.1,FGSM,0.2,2.2950819672131146,2.0,0,10
engr0,LG,FGSM,0.1,FGSM,0.3,2.180327868852459,2.0,0,8
engr0,LG,FGSM,0.1,FGSM,0.4,7.622950819672131,3.0,0,46
engr0,LG,FGSM,0.1,FGSM,0.5,12.0,4.0,0,48
engr0,LG,FGSM,0.1,FGSM,0.6,13.442622950819672,5.0,0,48
engr0,LG,FGSM,0.1,FGSM,0.7,15.180327868852459,7.0,0,58
engr0,LG,FGSM,0.1,FGSM,0.8,15.426229508196721,7.0,0,58
engr0,LG,FGSM,0.1,FGSM,0.9,16.24590163934426,8.0,0,58
engr0,LG,FGSM,0.1,FGSM,1.0,17.131147540983605,11.0,0,58
engr0,MOTO,FGSM,0.1,FGSM,0.1,2.8360655737704916,2.0,0,22
engr0,MOTO,FGSM,0.1,FGSM,0.2,3.1147540983606556,2.0,0,22
engr0,MOTO,FGSM,0.1,FGSM,0.3,5.442622950819672,3.0,0,44
engr0,MOTO,FGSM,0.1,FGSM,0.4,8.967213114754099,5.0,0,44
engr0,MOTO,FGSM,0.1,FGSM,0.5,10.737704918032787,5.0,0,55
engr0,MOTO,FGSM,0.1,FGSM,0.6,13.655737704918034,8.0,0,48
engr0,MOTO,FGSM,0.1,FGSM,0.7,13.901639344262295,9.0,0,44
engr0,MOTO,FGSM,0.1,FGSM,0.8,14.032786885245901,9.0,0,44
engr0,MOTO,FGSM,0.1,FGSM,0.9,14.459016393442623,10.0,0,44
engr0,MOTO,FGSM,0.1,FGSM,1.0,14.491803278688524,10.0,0,44
engr0,OP3,FGSM,0.1,FGSM,0.1,0.7868852459016393,0.0,0,4
engr0,OP3,FGSM,0.1,FGSM,0.2,1.0655737704918034,0.0,0,6
engr0,OP3,FGSM,0.1,FGSM,0.3,4.229508196721311,2.0,0,37
engr0,OP3,FGSM,0.1,FGSM,0.4,11.540983606557377,4.0,0,47
engr0,OP3,FGSM,0.1,FGSM,0.5,12.311475409836065,5.0,0,47
engr0,OP3,FGSM,0.1,FGSM,0.6,15.37704918032787,8.0,0,47
engr0,OP3,FGSM,0.1,FGSM,0.7,15.770491803278688,9.0,0,47
engr0,OP3,FGSM,0.1,FGSM,0.8,16.868852459016395,11.0,0,47
engr0,OP3,FGSM,0.1,FGSM,0.9,16.81967213114754,11.0,0,47
engr0,OP3,FGSM,0.1,FGSM,1.0,16.60655737704918,11.0,0,47
engr0,S7,FGSM,0.1,FGSM,0.1,1.7049180327868851,1.0,0,9
engr0,S7,FGSM,0.1,FGSM,0.2,1.7049180327868851,1.0,0,9
engr0,S7,FGSM,0.1,FGSM,0.3,3.2295081967213113,2.0,0,45
engr0,S7,FGSM,0.1,FGSM,0.4,12.131147540983607,4.0,0,52
engr0,S7,FGSM,0.1,FGSM,0.5,16.049180327868854,4.0,0,52
engr0,S7,FGSM,0.1,FGSM,0.6,17.475409836065573,6.0,0,53
engr0,S7,FGSM,0.1,FGSM,0.7,18.0,6.0,0,53
engr0,S7,FGSM,0.1,FGSM,0.8,17.852459016393443,7.0,0,53
engr0,S7,FGSM,0.1,FGSM,0.9,18.0,8.0,0,53
engr0,S7,FGSM,0.1,FGSM,1.0,17.65573770491803,8.0,0,53
engr0,BLU,FGSM,0.2,FGSM,0.1,2.4918032786885247,2.0,0,11
engr0,BLU,FGSM,0.2,FGSM,0.2,2.0327868852459017,1.0,0,10
engr0,BLU,FGSM,0.2,FGSM,0.3,1.8852459016393444,1.0,0,10
engr0,BLU,FGSM,0.2,FGSM,0.4,2.0,1.0,0,10
engr0,BLU,FGSM,0.2,FGSM,0.5,2.721311475409836,2.0,0,15
engr0,BLU,FGSM,0.2,FGSM,0.6,4.360655737704918,2.0,0,35
engr0,BLU,FGSM,0.2,FGSM,0.7,8.524590163934427,4.0,0,47
engr0,BLU,FGSM,0.2,FGSM,0.8,11.721311475409836,6.0,0,47
engr0,BLU,FGSM,0.2,FGSM,0.9,12.98360655737705,6.0,0,47
engr0,BLU,FGSM,0.2,FGSM,1.0,13.704918032786885,7.0,0,47
engr0,HTC,FGSM,0.2,FGSM,0.1,3.4262295081967213,2.0,0,16
engr0,HTC,FGSM,0.2,FGSM,0.2,2.901639344262295,2.0,0,11
engr0,HTC,FGSM,0.2,FGSM,0.3,2.8360655737704916,2.0,0,13
engr0,HTC,FGSM,0.2,FGSM,0.4,3.0327868852459017,3.0,0,13
engr0,HTC,FGSM,0.2,FGSM,0.5,3.1639344262295084,3.0,0,13
engr0,HTC,FGSM,0.2,FGSM,0.6,4.032786885245901,3.0,0,16
engr0,HTC,FGSM,0.2,FGSM,0.7,6.459016393442623,4.0,0,35
engr0,HTC,FGSM,0.2,FGSM,0.8,7.540983606557377,4.0,0,35
engr0,HTC,FGSM,0.2,FGSM,0.9,7.868852459016393,4.0,0,35
engr0,HTC,FGSM,0.2,FGSM,1.0,8.540983606557377,4.0,0,50
engr0,LG,FGSM,0.2,FGSM,0.1,1.8032786885245902,1.0,0,5
engr0,LG,FGSM,0.2,FGSM,0.2,2.540983606557377,2.0,0,9
engr0,LG,FGSM,0.2,FGSM,0.3,2.5081967213114753,2.0,0,9
engr0,LG,FGSM,0.2,FGSM,0.4,2.5245901639344264,2.0,0,10
engr0,LG,FGSM,0.2,FGSM,0.5,2.7049180327868854,2.0,0,10
engr0,LG,FGSM,0.2,FGSM,0.6,4.655737704918033,3.0,0,46
engr0,LG,FGSM,0.2,FGSM,0.7,5.901639344262295,3.0,0,46
engr0,LG,FGSM,0.2,FGSM,0.8,9.508196721311476,3.0,0,48
engr0,LG,FGSM,0.2,FGSM,0.9,9.852459016393443,4.0,0,48
engr0,LG,FGSM,0.2,FGSM,1.0,10.37704918032787,5.0,0,48
engr0,MOTO,FGSM,0.2,FGSM,0.1,2.7868852459016393,2.0,0,20
engr0,MOTO,FGSM,0.2,FGSM,0.2,3.4754098360655736,2.0,0,22
engr0,MOTO,FGSM,0.2,FGSM,0.3,3.8524590163934427,3.0,0,22
engr0,MOTO,FGSM,0.2,FGSM,0.4,4.049180327868853,3.0,0,22
engr0,MOTO,FGSM,0.2,FGSM,0.5,5.409836065573771,4.0,0,34
engr0,MOTO,FGSM,0.2,FGSM,0.6,6.639344262295082,4.0,0,44
engr0,MOTO,FGSM,0.2,FGSM,0.7,7.688524590163935,5.0,0,44
engr0,MOTO,FGSM,0.2,FGSM,0.8,8.540983606557377,5.0,0,44
engr0,MOTO,FGSM,0.2,FGSM,0.9,9.80327868852459,6.0,0,44
engr0,MOTO,FGSM,0.2,FGSM,1.0,9.770491803278688,6.0,0,44
engr0,OP3,FGSM,0.2,FGSM,0.1,1.1639344262295082,1.0,0,7
engr0,OP3,FGSM,0.2,FGSM,0.2,1.0819672131147542,0.0,0,5
engr0,OP3,FGSM,0.2,FGSM,0.3,1.360655737704918,1.0,0,8
engr0,OP3,FGSM,0.2,FGSM,0.4,1.819672131147541,1.0,0,10
engr0,OP3,FGSM,0.2,FGSM,0.5,3.6885245901639343,2.0,0,36
engr0,OP3,FGSM,0.2,FGSM,0.6,6.918032786885246,3.0,0,47
engr0,OP3,FGSM,0.2,FGSM,0.7,8.163934426229508,3.0,0,47
engr0,OP3,FGSM,0.2,FGSM,0.8,9.967213114754099,4.0,0,47
engr0,OP3,FGSM,0.2,FGSM,0.9,10.540983606557377,4.0,0,47
engr0,OP3,FGSM,0.2,FGSM,1.0,10.704918032786885,4.0,0,47
engr0,S7,FGSM,0.2,FGSM,0.1,1.9672131147540983,1.0,0,10
engr0,S7,FGSM,0.2,FGSM,0.2,2.1147540983606556,2.0,0,9
engr0,S7,FGSM,0.2,FGSM,0.3,2.4918032786885247,2.0,0,13
engr0,S7,FGSM,0.2,FGSM,0.4,2.3934426229508197,1.0,0,13
engr0,S7,FGSM,0.2,FGSM,0.5,3.098360655737705,2.0,0,23
engr0,S7,FGSM,0.2,FGSM,0.6,4.672131147540983,2.0,0,36
engr0,S7,FGSM,0.2,FGSM,0.7,8.114754098360656,4.0,0,46
engr0,S7,FGSM,0.2,FGSM,0.8,11.459016393442623,4.0,0,46
engr0,S7,FGSM,0.2,FGSM,0.9,13.147540983606557,4.0,0,46
engr0,S7,FGSM,0.2,FGSM,1.0,14.081967213114755,5.0,0,46
engr0,BLU,FGSM,0.3,FGSM,0.1,2.3934426229508197,2.0,0,11
engr0,BLU,FGSM,0.3,FGSM,0.2,3.3442622950819674,2.0,0,13
engr0,BLU,FGSM,0.3,FGSM,0.3,2.4098360655737703,1.0,0,12
engr0,BLU,FGSM,0.3,FGSM,0.4,2.098360655737705,1.0,0,10
engr0,BLU,FGSM,0.3,FGSM,0.5,2.1639344262295084,1.0,0,10
engr0,BLU,FGSM,0.3,FGSM,0.6,2.2950819672131146,1.0,0,10
engr0,BLU,FGSM,0.3,FGSM,0.7,2.6721311475409837,2.0,0,14
engr0,BLU,FGSM,0.3,FGSM,0.8,2.901639344262295,2.0,0,15
engr0,BLU,FGSM,0.3,FGSM,0.9,3.9344262295081966,2.0,0,35
engr0,BLU,FGSM,0.3,FGSM,1.0,5.0,3.0,0,35
engr0,HTC,FGSM,0.3,FGSM,0.1,2.8852459016393444,2.0,0,20
engr0,HTC,FGSM,0.3,FGSM,0.2,4.836065573770492,3.0,0,21
engr0,HTC,FGSM,0.3,FGSM,0.3,4.229508196721311,3.0,0,20
engr0,HTC,FGSM,0.3,FGSM,0.4,4.098360655737705,3.0,0,20
engr0,HTC,FGSM,0.3,FGSM,0.5,3.901639344262295,3.0,0,13
engr0,HTC,FGSM,0.3,FGSM,0.6,3.9836065573770494,3.0,0,13
engr0,HTC,FGSM,0.3,FGSM,0.7,3.918032786885246,3.0,0,13
engr0,HTC,FGSM,0.3,FGSM,0.8,4.065573770491803,3.0,0,13
engr0,HTC,FGSM,0.3,FGSM,0.9,3.918032786885246,3.0,0,13
engr0,HTC,FGSM,0.3,FGSM,1.0,4.557377049180328,3.0,0,27
engr0,LG,FGSM,0.3,FGSM,0.1,1.8360655737704918,1.0,0,8
engr0,LG,FGSM,0.3,FGSM,0.2,4.442622950819672,3.0,0,22
engr0,LG,FGSM,0.3,FGSM,0.3,3.262295081967213,3.0,0,13
engr0,LG,FGSM,0.3,FGSM,0.4,3.19672131147541,2.0,0,13
engr0,LG,FGSM,0.3,FGSM,0.5,3.3442622950819674,3.0,0,13
engr0,LG,FGSM,0.3,FGSM,0.6,3.639344262295082,3.0,0,12
engr0,LG,FGSM,0.3,FGSM,0.7,3.377049180327869,3.0,0,12
engr0,LG,FGSM,0.3,FGSM,0.8,3.557377049180328,3.0,0,18
engr0,LG,FGSM,0.3,FGSM,0.9,3.737704918032787,3.0,0,18
engr0,LG,FGSM,0.3,FGSM,1.0,4.065573770491803,3.0,0,18
engr0,MOTO,FGSM,0.3,FGSM,0.1,3.3278688524590163,1.0,0,34
engr0,MOTO,FGSM,0.3,FGSM,0.2,4.327868852459017,3.0,0,22
engr0,MOTO,FGSM,0.3,FGSM,0.3,4.245901639344262,2.0,0,22
engr0,MOTO,FGSM,0.3,FGSM,0.4,4.377049180327869,3.0,0,22
engr0,MOTO,FGSM,0.3,FGSM,0.5,4.60655737704918,4.0,0,22
engr0,MOTO,FGSM,0.3,FGSM,0.6,4.688524590163935,4.0,0,22
engr0,MOTO,FGSM,0.3,FGSM,0.7,5.409836065573771,4.0,0,22
engr0,MOTO,FGSM,0.3,FGSM,0.8,5.672131147540983,4.0,0,29
engr0,MOTO,FGSM,0.3,FGSM,0.9,6.19672131147541,4.0,0,29
engr0,MOTO,FGSM,0.3,FGSM,1.0,6.409836065573771,5.0,0,29
engr0,OP3,FGSM,0.3,FGSM,0.1,1.1311475409836065,1.0,0,7
engr0,OP3,FGSM,0.3,FGSM,0.2,1.9672131147540983,1.0,0,9
engr0,OP3,FGSM,0.3,FGSM,0.3,1.6229508196721312,1.0,0,6
engr0,OP3,FGSM,0.3,FGSM,0.4,1.6885245901639345,1.0,0,8
engr0,OP3,FGSM,0.3,FGSM,0.5,2.0,1.0,0,8
engr0,OP3,FGSM,0.3,FGSM,0.6,2.180327868852459,2.0,0,13
engr0,OP3,FGSM,0.3,FGSM,0.7,3.0163934426229506,2.0,0,21
engr0,OP3,FGSM,0.3,FGSM,0.8,3.7540983606557377,2.0,0,31
engr0,OP3,FGSM,0.3,FGSM,0.9,4.901639344262295,2.0,0,31
engr0,OP3,FGSM,0.3,FGSM,1.0,5.80327868852459,3.0,0,31
engr0,S7,FGSM,0.3,FGSM,0.1,1.9672131147540983,1.0,0,10
engr0,S7,FGSM,0.3,FGSM,0.2,2.9344262295081966,2.0,0,13
engr0,S7,FGSM,0.3,FGSM,0.3,2.80327868852459,2.0,0,13
engr0,S7,FGSM,0.3,FGSM,0.4,2.9836065573770494,2.0,0,13
engr0,S7,FGSM,0.3,FGSM,0.5,2.7704918032786887,2.0,0,13
engr0,S7,FGSM,0.3,FGSM,0.6,2.9344262295081966,2.0,0,13
engr0,S7,FGSM,0.3,FGSM,0.7,3.3278688524590163,2.0,0,14
engr0,S7,FGSM,0.3,FGSM,0.8,3.5737704918032787,2.0,0,15
engr0,S7,FGSM,0.3,FGSM,0.9,3.9672131147540983,2.0,0,23
engr0,S7,FGSM,0.3,FGSM,1.0,4.278688524590164,3.0,0,23
engr0,BLU,FGSM,0.4,FGSM,0.1,2.3934426229508197,2.0,0,11
engr0,BLU,FGSM,0.4,FGSM,0.2,13.950819672131148,7.0,0,55
engr0,BLU,FGSM,0.4,FGSM,0.3,3.19672131147541,2.0,0,13
engr0,BLU,FGSM,0.4,FGSM,0.4,2.7540983606557377,2.0,0,12
engr0,BLU,FGSM,0.4,FGSM,0.5,2.442622950819672,1.0,0,10
engr0,BLU,FGSM,0.4,FGSM,0.6,2.459016393442623,1.0,0,10
engr0,BLU,FGSM,0.4,FGSM,0.7,2.622950819672131,2.0,0,11
engr0,BLU,FGSM,0.4,FGSM,0.8,2.557377049180328,2.0,0,10
engr0,BLU,FGSM,0.4,FGSM,0.9,2.901639344262295,2.0,0,14
engr0,BLU,FGSM,0.4,FGSM,1.0,2.9344262295081966,2.0,0,14
engr0,HTC,FGSM,0.4,FGSM,0.1,2.8852459016393444,2.0,0,20
engr0,HTC,FGSM,0.4,FGSM,0.2,8.491803278688524,6.0,0,52
engr0,HTC,FGSM,0.4,FGSM,0.3,5.508196721311475,3.0,0,24
engr0,HTC,FGSM,0.4,FGSM,0.4,4.901639344262295,3.0,0,24
engr0,HTC,FGSM,0.4,FGSM,0.5,4.819672131147541,3.0,0,24
engr0,HTC,FGSM,0.4,FGSM,0.6,4.934426229508197,3.0,0,20
engr0,HTC,FGSM,0.4,FGSM,0.7,4.901639344262295,3.0,0,20
engr0,HTC,FGSM,0.4,FGSM,0.8,4.639344262295082,3.0,0,20
engr0,HTC,FGSM,0.4,FGSM,0.9,4.770491803278689,4.0,0,20
engr0,HTC,FGSM,0.4,FGSM,1.0,4.540983606557377,4.0,0,17
engr0,LG,FGSM,0.4,FGSM,0.1,1.8360655737704918,1.0,0,8
engr0,LG,FGSM,0.4,FGSM,0.2,9.147540983606557,3.0,0,46
engr0,LG,FGSM,0.4,FGSM,0.3,5.016393442622951,3.0,0,22
engr0,LG,FGSM,0.4,FGSM,0.4,4.229508196721311,3.0,0,14
engr0,LG,FGSM,0.4,FGSM,0.5,3.7868852459016393,3.0,0,13
engr0,LG,FGSM,0.4,FGSM,0.6,4.049180327868853,3.0,0,17
engr0,LG,FGSM,0.4,FGSM,0.7,4.180327868852459,3.0,0,17
engr0,LG,FGSM,0.4,FGSM,0.8,4.311475409836065,3.0,0,17
engr0,LG,FGSM,0.4,FGSM,0.9,4.295081967213115,3.0,0,17
engr0,LG,FGSM,0.4,FGSM,1.0,4.39344262295082,3.0,0,17
engr0,MOTO,FGSM,0.4,FGSM,0.1,3.3278688524590163,1.0,0,34
engr0,MOTO,FGSM,0.4,FGSM,0.2,22.262295081967213,22.0,0,55
engr0,MOTO,FGSM,0.4,FGSM,0.3,4.770491803278689,3.0,0,22
engr0,MOTO,FGSM,0.4,FGSM,0.4,4.704918032786885,3.0,0,22
engr0,MOTO,FGSM,0.4,FGSM,0.5,5.049180327868853,4.0,0,22
engr0,MOTO,FGSM,0.4,FGSM,0.6,5.213114754098361,4.0,0,22
engr0,MOTO,FGSM,0.4,FGSM,0.7,5.278688524590164,4.0,0,22
engr0,MOTO,FGSM,0.4,FGSM,0.8,5.065573770491803,4.0,0,22
engr0,MOTO,FGSM,0.4,FGSM,0.9,4.885245901639344,4.0,0,22
engr0,MOTO,FGSM,0.4,FGSM,1.0,5.344262295081967,4.0,0,20
engr0,OP3,FGSM,0.4,FGSM,0.1,1.1311475409836065,1.0,0,7
engr0,OP3,FGSM,0.4,FGSM,0.2,21.0327868852459,15.0,0,56
engr0,OP3,FGSM,0.4,FGSM,0.3,2.2295081967213113,2.0,0,9
engr0,OP3,FGSM,0.4,FGSM,0.4,1.7540983606557377,1.0,0,8
engr0,OP3,FGSM,0.4,FGSM,0.5,1.9508196721311475,1.0,0,8
engr0,OP3,FGSM,0.4,FGSM,0.6,2.081967213114754,2.0,0,8
engr0,OP3,FGSM,0.4,FGSM,0.7,2.1639344262295084,2.0,0,8
engr0,OP3,FGSM,0.4,FGSM,0.8,2.5245901639344264,2.0,0,13
engr0,OP3,FGSM,0.4,FGSM,0.9,2.8360655737704916,2.0,0,17
engr0,OP3,FGSM,0.4,FGSM,1.0,2.8524590163934427,2.0,0,17
engr0,S7,FGSM,0.4,FGSM,0.1,1.9672131147540983,1.0,0,10
engr0,S7,FGSM,0.4,FGSM,0.2,17.62295081967213,11.0,0,57
engr0,S7,FGSM,0.4,FGSM,0.3,3.7704918032786887,3.0,0,24
engr0,S7,FGSM,0.4,FGSM,0.4,3.081967213114754,2.0,0,13
engr0,S7,FGSM,0.4,FGSM,0.5,3.0163934426229506,2.0,0,13
engr0,S7,FGSM,0.4,FGSM,0.6,3.0163934426229506,2.0,0,13
engr0,S7,FGSM,0.4,FGSM,0.7,3.0491803278688523,2.0,0,13
engr0,S7,FGSM,0.4,FGSM,0.8,3.0327868852459017,2.0,0,13
engr0,S7,FGSM,0.4,FGSM,0.9,3.0491803278688523,2.0,0,13
engr0,S7,FGSM,0.4,FGSM,1.0,3.557377049180328,2.0,0,14
engr0,BLU,FGSM,0.5,FGSM,0.1,2.3934426229508197,2.0,0,11
engr0,BLU,FGSM,0.5,FGSM,0.2,13.918032786885245,7.0,0,55
engr0,BLU,FGSM,0.5,FGSM,0.3,4.573770491803279,3.0,0,22
engr0,BLU,FGSM,0.5,FGSM,0.4,3.459016393442623,2.0,0,22
engr0,BLU,FGSM,0.5,FGSM,0.5,3.1311475409836067,2.0,0,22
engr0,BLU,FGSM,0.5,FGSM,0.6,2.9344262295081966,2.0,0,11
engr0,BLU,FGSM,0.5,FGSM,0.7,2.8688524590163933,2.0,0,11
engr0,BLU,FGSM,0.5,FGSM,0.8,2.7704918032786887,2.0,0,11
engr0,BLU,FGSM,0.5,FGSM,0.9,2.8852459016393444,2.0,0,11
engr0,BLU,FGSM,0.5,FGSM,1.0,2.80327868852459,2.0,0,11
engr0,HTC,FGSM,0.5,FGSM,0.1,2.8852459016393444,2.0,0,20
engr0,HTC,FGSM,0.5,FGSM,0.2,8.721311475409836,5.0,0,52
engr0,HTC,FGSM,0.5,FGSM,0.3,6.901639344262295,5.0,0,44
engr0,HTC,FGSM,0.5,FGSM,0.4,6.032786885245901,4.0,0,24
engr0,HTC,FGSM,0.5,FGSM,0.5,5.081967213114754,3.0,0,24
engr0,HTC,FGSM,0.5,FGSM,0.6,5.147540983606557,3.0,0,24
engr0,HTC,FGSM,0.5,FGSM,0.7,5.262295081967213,3.0,0,24
engr0,HTC,FGSM,0.5,FGSM,0.8,5.229508196721311,4.0,0,24
engr0,HTC,FGSM,0.5,FGSM,0.9,5.262295081967213,4.0,0,24
engr0,HTC,FGSM,0.5,FGSM,1.0,5.344262295081967,4.0,0,24
engr0,LG,FGSM,0.5,FGSM,0.1,1.8360655737704918,1.0,0,8
engr0,LG,FGSM,0.5,FGSM,0.2,8.98360655737705,3.0,0,46
engr0,LG,FGSM,0.5,FGSM,0.3,7.80327868852459,5.0,0,56
engr0,LG,FGSM,0.5,FGSM,0.4,5.049180327868853,3.0,0,20
engr0,LG,FGSM,0.5,FGSM,0.5,5.049180327868853,3.0,0,20
engr0,LG,FGSM,0.5,FGSM,0.6,4.60655737704918,3.0,0,17
engr0,LG,FGSM,0.5,FGSM,0.7,4.655737704918033,3.0,0,17
engr0,LG,FGSM,0.5,FGSM,0.8,4.721311475409836,3.0,0,17
engr0,LG,FGSM,0.5,FGSM,0.9,4.819672131147541,3.0,0,17
engr0,LG,FGSM,0.5,FGSM,1.0,4.918032786885246,4.0,0,17
engr0,MOTO,FGSM,0.5,FGSM,0.1,3.3278688524590163,1.0,0,34
engr0,MOTO,FGSM,0.5,FGSM,0.2,22.262295081967213,22.0,0,55
engr0,MOTO,FGSM,0.5,FGSM,0.3,6.295081967213115,4.0,0,43
engr0,MOTO,FGSM,0.5,FGSM,0.4,4.770491803278689,3.0,0,22
engr0,MOTO,FGSM,0.5,FGSM,0.5,4.967213114754099,4.0,0,22
engr0,MOTO,FGSM,0.5,FGSM,0.6,5.19672131147541,4.0,0,22
engr0,MOTO,FGSM,0.5,FGSM,0.7,5.163934426229508,4.0,0,22
engr0,MOTO,FGSM,0.5,FGSM,0.8,5.245901639344262,4.0,0,22
engr0,MOTO,FGSM,0.5,FGSM,0.9,5.377049180327869,4.0,0,22
engr0,MOTO,FGSM,0.5,FGSM,1.0,5.295081967213115,4.0,0,22
engr0,OP3,FGSM,0.5,FGSM,0.1,1.1311475409836065,1.0,0,7
engr0,OP3,FGSM,0.5,FGSM,0.2,21.016393442622952,15.0,0,56
engr0,OP3,FGSM,0.5,FGSM,0.3,2.7704918032786887,2.0,0,12
engr0,OP3,FGSM,0.5,FGSM,0.4,2.4262295081967213,2.0,0,9
engr0,OP3,FGSM,0.5,FGSM,0.5,1.8852459016393444,1.0,0,8
engr0,OP3,FGSM,0.5,FGSM,0.6,1.9672131147540983,1.0,0,8
engr0,OP3,FGSM,0.5,FGSM,0.7,2.1475409836065573,2.0,0,8
engr0,OP3,FGSM,0.5,FGSM,0.8,2.1147540983606556,1.0,0,8
engr0,OP3,FGSM,0.5,FGSM,0.9,2.4098360655737703,2.0,0,9
engr0,OP3,FGSM,0.5,FGSM,1.0,2.540983606557377,2.0,0,13
engr0,S7,FGSM,0.5,FGSM,0.1,1.9672131147540983,1.0,0,10
engr0,S7,FGSM,0.5,FGSM,0.2,17.62295081967213,11.0,0,57
engr0,S7,FGSM,0.5,FGSM,0.3,5.131147540983607,3.0,0,43
engr0,S7,FGSM,0.5,FGSM,0.4,3.4918032786885247,3.0,0,23
engr0,S7,FGSM,0.5,FGSM,0.5,3.622950819672131,2.0,0,22
engr0,S7,FGSM,0.5,FGSM,0.6,3.360655737704918,2.0,0,17
engr0,S7,FGSM,0.5,FGSM,0.7,3.1147540983606556,2.0,0,17
engr0,S7,FGSM,0.5,FGSM,0.8,3.081967213114754,2.0,0,17
engr0,S7,FGSM,0.5,FGSM,0.9,3.2131147540983607,2.0,0,17
engr0,S7,FGSM,0.5,FGSM,1.0,3.1311475409836067,2.0,0,17
engr0,BLU,FGSM,0.6,FGSM,0.1,2.3934426229508197,2.0,0,11
engr0,BLU,FGSM,0.6,FGSM,0.2,13.918032786885245,7.0,0,55
engr0,BLU,FGSM,0.6,FGSM,0.3,29.19672131147541,33.0,0,56
engr0,BLU,FGSM,0.6,FGSM,0.4,4.754098360655738,3.0,0,23
engr0,BLU,FGSM,0.6,FGSM,0.5,3.9836065573770494,2.0,0,22
engr0,BLU,FGSM,0.6,FGSM,0.6,3.819672131147541,2.0,0,22
engr0,BLU,FGSM,0.6,FGSM,0.7,3.262295081967213,2.0,0,22
engr0,BLU,FGSM,0.6,FGSM,0.8,3.3114754098360657,2.0,0,22
engr0,BLU,FGSM,0.6,FGSM,0.9,3.9508196721311477,3.0,0,22
engr0,BLU,FGSM,0.6,FGSM,1.0,3.1475409836065573,2.0,0,19
engr0,HTC,FGSM,0.6,FGSM,0.1,2.8852459016393444,2.0,0,20
engr0,HTC,FGSM,0.6,FGSM,0.2,8.721311475409836,5.0,0,52
engr0,HTC,FGSM,0.6,FGSM,0.3,27.37704918032787,32.0,0,57
engr0,HTC,FGSM,0.6,FGSM,0.4,6.622950819672131,5.0,0,24
engr0,HTC,FGSM,0.6,FGSM,0.5,6.065573770491803,4.0,0,24
engr0,HTC,FGSM,0.6,FGSM,0.6,5.39344262295082,3.0,0,24
engr0,HTC,FGSM,0.6,FGSM,0.7,5.442622950819672,3.0,0,24
engr0,HTC,FGSM,0.6,FGSM,0.8,5.557377049180328,4.0,0,24
engr0,HTC,FGSM,0.6,FGSM,0.9,5.327868852459017,4.0,0,24
engr0,HTC,FGSM,0.6,FGSM,1.0,5.475409836065574,4.0,0,24
engr0,LG,FGSM,0.6,FGSM,0.1,1.8360655737704918,1.0,0,8
engr0,LG,FGSM,0.6,FGSM,0.2,8.98360655737705,3.0,0,46
engr0,LG,FGSM,0.6,FGSM,0.3,22.508196721311474,15.0,0,56
engr0,LG,FGSM,0.6,FGSM,0.4,6.032786885245901,4.0,0,23
engr0,LG,FGSM,0.6,FGSM,0.5,5.655737704918033,4.0,0,23
engr0,LG,FGSM,0.6,FGSM,0.6,5.704918032786885,4.0,0,23
engr0,LG,FGSM,0.6,FGSM,0.7,5.377049180327869,4.0,0,20
engr0,LG,FGSM,0.6,FGSM,0.8,5.377049180327869,4.0,0,20
engr0,LG,FGSM,0.6,FGSM,0.9,5.147540983606557,4.0,0,17
engr0,LG,FGSM,0.6,FGSM,1.0,5.163934426229508,4.0,0,17
engr0,MOTO,FGSM,0.6,FGSM,0.1,3.3278688524590163,1.0,0,34
engr0,MOTO,FGSM,0.6,FGSM,0.2,22.262295081967213,22.0,0,55
engr0,MOTO,FGSM,0.6,FGSM,0.3,30.262295081967213,34.0,0,57
engr0,MOTO,FGSM,0.6,FGSM,0.4,6.032786885245901,4.0,0,25
engr0,MOTO,FGSM,0.6,FGSM,0.5,4.885245901639344,3.0,0,22
engr0,MOTO,FGSM,0.6,FGSM,0.6,5.098360655737705,4.0,0,22
engr0,MOTO,FGSM,0.6,FGSM,0.7,5.163934426229508,4.0,0,22
engr0,MOTO,FGSM,0.6,FGSM,0.8,5.19672131147541,4.0,0,22
engr0,MOTO,FGSM,0.6,FGSM,0.9,5.278688524590164,4.0,0,22
engr0,MOTO,FGSM,0.6,FGSM,1.0,5.377049180327869,4.0,0,22
engr0,OP3,FGSM,0.6,FGSM,0.1,1.1311475409836065,1.0,0,7
engr0,OP3,FGSM,0.6,FGSM,0.2,21.016393442622952,15.0,0,56
engr0,OP3,FGSM,0.6,FGSM,0.3,30.983606557377048,33.0,0,56
engr0,OP3,FGSM,0.6,FGSM,0.4,2.8688524590163933,2.0,0,12
engr0,OP3,FGSM,0.6,FGSM,0.5,2.377049180327869,2.0,0,8
engr0,OP3,FGSM,0.6,FGSM,0.6,1.9344262295081966,1.0,0,8
engr0,OP3,FGSM,0.6,FGSM,0.7,1.9508196721311475,1.0,0,8
engr0,OP3,FGSM,0.6,FGSM,0.8,2.180327868852459,2.0,0,8
engr0,OP3,FGSM,0.6,FGSM,0.9,2.1147540983606556,1.0,0,8
engr0,OP3,FGSM,0.6,FGSM,1.0,2.3934426229508197,2.0,0,9
engr0,S7,FGSM,0.6,FGSM,0.1,1.9672131147540983,1.0,0,10
engr0,S7,FGSM,0.6,FGSM,0.2,17.62295081967213,11.0,0,57
engr0,S7,FGSM,0.6,FGSM,0.3,28.737704918032787,31.0,0,56
engr0,S7,FGSM,0.6,FGSM,0.4,4.770491803278689,3.0,0,43
engr0,S7,FGSM,0.6,FGSM,0.5,3.9836065573770494,3.0,0,24
engr0,S7,FGSM,0.6,FGSM,0.6,3.622950819672131,2.0,0,22
engr0,S7,FGSM,0.6,FGSM,0.7,3.6721311475409837,2.0,0,22
engr0,S7,FGSM,0.6,FGSM,0.8,3.5737704918032787,2.0,0,22
engr0,S7,FGSM,0.6,FGSM,0.9,3.2459016393442623,2.0,0,17
engr0,S7,FGSM,0.6,FGSM,1.0,3.278688524590164,2.0,0,17
engr0,BLU,FGSM,0.7,FGSM,0.1,2.3934426229508197,2.0,0,11
engr0,BLU,FGSM,0.7,FGSM,0.2,13.918032786885245,7.0,0,55
engr0,BLU,FGSM,0.7,FGSM,0.3,29.19672131147541,33.0,0,56
engr0,BLU,FGSM,0.7,FGSM,0.4,6.049180327868853,3.0,0,36
engr0,BLU,FGSM,0.7,FGSM,0.5,4.442622950819672,3.0,0,23
engr0,BLU,FGSM,0.7,FGSM,0.6,4.098360655737705,2.0,0,22
engr0,BLU,FGSM,0.7,FGSM,0.7,4.147540983606557,2.0,0,22
engr0,BLU,FGSM,0.7,FGSM,0.8,4.081967213114754,2.0,0,22
engr0,BLU,FGSM,0.7,FGSM,0.9,4.065573770491803,2.0,0,22
engr0,BLU,FGSM,0.7,FGSM,1.0,4.229508196721311,3.0,0,22
engr0,HTC,FGSM,0.7,FGSM,0.1,2.8852459016393444,2.0,0,20
engr0,HTC,FGSM,0.7,FGSM,0.2,8.721311475409836,5.0,0,52
engr0,HTC,FGSM,0.7,FGSM,0.3,27.37704918032787,32.0,0,57
engr0,HTC,FGSM,0.7,FGSM,0.4,11.39344262295082,6.0,0,55
engr0,HTC,FGSM,0.7,FGSM,0.5,6.622950819672131,5.0,0,24
engr0,HTC,FGSM,0.7,FGSM,0.6,6.049180327868853,4.0,0,24
engr0,HTC,FGSM,0.7,FGSM,0.7,5.672131147540983,4.0,0,24
engr0,HTC,FGSM,0.7,FGSM,0.8,5.721311475409836,4.0,0,24
engr0,HTC,FGSM,0.7,FGSM,0.9,5.836065573770492,4.0,0,24
engr0,HTC,FGSM,0.7,FGSM,1.0,5.540983606557377,4.0,0,24
engr0,LG,FGSM,0.7,FGSM,0.1,1.8360655737704918,1.0,0,8
engr0,LG,FGSM,0.7,FGSM,0.2,8.98360655737705,3.0,0,46
engr0,LG,FGSM,0.7,FGSM,0.3,22.508196721311474,15.0,0,56
engr0,LG,FGSM,0.7,FGSM,0.4,15.180327868852459,9.0,0,56
engr0,LG,FGSM,0.7,FGSM,0.5,6.426229508196721,5.0,0,23
engr0,LG,FGSM,0.7,FGSM,0.6,6.180327868852459,5.0,0,23
engr0,LG,FGSM,0.7,FGSM,0.7,6.0,4.0,0,23
engr0,LG,FGSM,0.7,FGSM,0.8,5.918032786885246,4.0,0,23
engr0,LG,FGSM,0.7,FGSM,0.9,5.786885245901639,4.0,0,23
engr0,LG,FGSM,0.7,FGSM,1.0,5.39344262295082,4.0,0,20
engr0,MOTO,FGSM,0.7,FGSM,0.1,3.3278688524590163,1.0,0,34
engr0,MOTO,FGSM,0.7,FGSM,0.2,22.262295081967213,22.0,0,55
engr0,MOTO,FGSM,0.7,FGSM,0.3,30.262295081967213,34.0,0,57
engr0,MOTO,FGSM,0.7,FGSM,0.4,7.295081967213115,5.0,0,43
engr0,MOTO,FGSM,0.7,FGSM,0.5,5.852459016393443,4.0,0,25
engr0,MOTO,FGSM,0.7,FGSM,0.6,5.442622950819672,4.0,0,25
engr0,MOTO,FGSM,0.7,FGSM,0.7,5.131147540983607,4.0,0,22
engr0,MOTO,FGSM,0.7,FGSM,0.8,5.229508196721311,4.0,0,22
engr0,MOTO,FGSM,0.7,FGSM,0.9,5.229508196721311,4.0,0,22
engr0,MOTO,FGSM,0.7,FGSM,1.0,5.278688524590164,4.0,0,22
engr0,OP3,FGSM,0.7,FGSM,0.1,1.1311475409836065,1.0,0,7
engr0,OP3,FGSM,0.7,FGSM,0.2,21.016393442622952,15.0,0,56
engr0,OP3,FGSM,0.7,FGSM,0.3,31.21311475409836,33.0,0,56
engr0,OP3,FGSM,0.7,FGSM,0.4,4.278688524590164,2.0,0,56
engr0,OP3,FGSM,0.7,FGSM,0.5,2.918032786885246,2.0,0,12
engr0,OP3,FGSM,0.7,FGSM,0.6,2.3934426229508197,2.0,0,8
engr0,OP3,FGSM,0.7,FGSM,0.7,1.9344262295081966,1.0,0,8
engr0,OP3,FGSM,0.7,FGSM,0.8,1.9180327868852458,1.0,0,8
engr0,OP3,FGSM,0.7,FGSM,0.9,2.19672131147541,2.0,0,8
engr0,OP3,FGSM,0.7,FGSM,1.0,2.1639344262295084,2.0,0,8
engr0,S7,FGSM,0.7,FGSM,0.1,1.9672131147540983,1.0,0,10
engr0,S7,FGSM,0.7,FGSM,0.2,17.62295081967213,11.0,0,57
engr0,S7,FGSM,0.7,FGSM,0.3,28.737704918032787,31.0,0,56
engr0,S7,FGSM,0.7,FGSM,0.4,6.60655737704918,4.0,0,43
engr0,S7,FGSM,0.7,FGSM,0.5,4.60655737704918,3.0,0,43
engr0,S7,FGSM,0.7,FGSM,0.6,3.9836065573770494,3.0,0,24
engr0,S7,FGSM,0.7,FGSM,0.7,3.9836065573770494,3.0,0,24
engr0,S7,FGSM,0.7,FGSM,0.8,3.6721311475409837,2.0,0,22
engr0,S7,FGSM,0.7,FGSM,0.9,3.639344262295082,2.0,0,22
engr0,S7,FGSM,0.7,FGSM,1.0,3.639344262295082,3.0,0,22
engr0,BLU,FGSM,0.8,FGSM,0.1,2.3934426229508197,2.0,0,11
engr0,BLU,FGSM,0.8,FGSM,0.2,13.918032786885245,7.0,0,55
engr0,BLU,FGSM,0.8,FGSM,0.3,29.19672131147541,33.0,0,56
engr0,BLU,FGSM,0.8,FGSM,0.4,31.049180327868854,35.0,0,56
engr0,BLU,FGSM,0.8,FGSM,0.5,5.131147540983607,3.0,0,23
engr0,BLU,FGSM,0.8,FGSM,0.6,4.622950819672131,3.0,0,23
engr0,BLU,FGSM,0.8,FGSM,0.7,4.081967213114754,2.0,0,22
engr0,BLU,FGSM,0.8,FGSM,0.8,4.147540983606557,2.0,0,22
engr0,BLU,FGSM,0.8,FGSM,0.9,4.081967213114754,2.0,0,22
engr0,BLU,FGSM,0.8,FGSM,1.0,4.163934426229508,2.0,0,22
engr0,HTC,FGSM,0.8,FGSM,0.1,2.8852459016393444,2.0,0,20
engr0,HTC,FGSM,0.8,FGSM,0.2,8.721311475409836,5.0,0,52
engr0,HTC,FGSM,0.8,FGSM,0.3,27.37704918032787,32.0,0,57
engr0,HTC,FGSM,0.8,FGSM,0.4,29.9672131147541,35.0,0,56
engr0,HTC,FGSM,0.8,FGSM,0.5,7.163934426229508,5.0,0,24
engr0,HTC,FGSM,0.8,FGSM,0.6,6.573770491803279,5.0,0,24
engr0,HTC,FGSM,0.8,FGSM,0.7,6.131147540983607,4.0,0,24
engr0,HTC,FGSM,0.8,FGSM,0.8,5.672131147540983,4.0,0,24
engr0,HTC,FGSM,0.8,FGSM,0.9,5.721311475409836,4.0,0,24
engr0,HTC,FGSM,0.8,FGSM,1.0,5.819672131147541,4.0,0,24
engr0,LG,FGSM,0.8,FGSM,0.1,1.8360655737704918,1.0,0,8
engr0,LG,FGSM,0.8,FGSM,0.2,8.98360655737705,3.0,0,46
engr0,LG,FGSM,0.8,FGSM,0.3,22.508196721311474,15.0,0,56
engr0,LG,FGSM,0.8,FGSM,0.4,26.262295081967213,30.0,0,56
engr0,LG,FGSM,0.8,FGSM,0.5,8.131147540983607,5.0,0,51
engr0,LG,FGSM,0.8,FGSM,0.6,6.426229508196721,5.0,0,23
engr0,LG,FGSM,0.8,FGSM,0.7,6.229508196721311,5.0,0,23
engr0,LG,FGSM,0.8,FGSM,0.8,6.098360655737705,5.0,0,23
engr0,LG,FGSM,0.8,FGSM,0.9,6.016393442622951,4.0,0,23
engr0,LG,FGSM,0.8,FGSM,1.0,5.786885245901639,4.0,0,23
engr0,MOTO,FGSM,0.8,FGSM,0.1,3.3278688524590163,1.0,0,34
engr0,MOTO,FGSM,0.8,FGSM,0.2,22.262295081967213,22.0,0,55
engr0,MOTO,FGSM,0.8,FGSM,0.3,30.262295081967213,34.0,0,57
engr0,MOTO,FGSM,0.8,FGSM,0.4,30.540983606557376,35.0,0,56
engr0,MOTO,FGSM,0.8,FGSM,0.5,6.672131147540983,5.0,0,25
engr0,MOTO,FGSM,0.8,FGSM,0.6,5.721311475409836,4.0,0,25
engr0,MOTO,FGSM,0.8,FGSM,0.7,5.459016393442623,4.0,0,25
engr0,MOTO,FGSM,0.8,FGSM,0.8,5.180327868852459,4.0,0,22
engr0,MOTO,FGSM,0.8,FGSM,0.9,5.311475409836065,4.0,0,22
engr0,MOTO,FGSM,0.8,FGSM,1.0,5.229508196721311,4.0,0,22
engr0,OP3,FGSM,0.8,FGSM,0.1,1.1311475409836065,1.0,0,7
engr0,OP3,FGSM,0.8,FGSM,0.2,21.016393442622952,15.0,0,56
engr0,OP3,FGSM,0.8,FGSM,0.3,31.21311475409836,33.0,0,56
engr0,OP3,FGSM,0.8,FGSM,0.4,32.98360655737705,37.0,1,56
engr0,OP3,FGSM,0.8,FGSM,0.5,2.918032786885246,2.0,0,12
engr0,OP3,FGSM,0.8,FGSM,0.6,2.918032786885246,2.0,0,12
engr0,OP3,FGSM,0.8,FGSM,0.7,2.3934426229508197,2.0,0,8
engr0,OP3,FGSM,0.8,FGSM,0.8,1.9344262295081966,1.0,0,8
engr0,OP3,FGSM,0.8,FGSM,0.9,1.9180327868852458,1.0,0,8
engr0,OP3,FGSM,0.8,FGSM,1.0,2.19672131147541,2.0,0,8
engr0,S7,FGSM,0.8,FGSM,0.1,1.9672131147540983,1.0,0,10
engr0,S7,FGSM,0.8,FGSM,0.2,17.62295081967213,11.0,0,57
engr0,S7,FGSM,0.8,FGSM,0.3,28.737704918032787,31.0,0,56
engr0,S7,FGSM,0.8,FGSM,0.4,30.147540983606557,34.0,0,56
engr0,S7,FGSM,0.8,FGSM,0.5,5.459016393442623,3.0,0,43
engr0,S7,FGSM,0.8,FGSM,0.6,4.295081967213115,3.0,0,24
engr0,S7,FGSM,0.8,FGSM,0.7,3.9836065573770494,3.0,0,24
engr0,S7,FGSM,0.8,FGSM,0.8,4.0,3.0,0,24
engr0,S7,FGSM,0.8,FGSM,0.9,3.6557377049180326,2.0,0,22
engr0,S7,FGSM,0.8,FGSM,1.0,3.639344262295082,2.0,0,22
engr0,BLU,FGSM,0.9,FGSM,0.1,2.3934426229508197,2.0,0,11
engr0,BLU,FGSM,0.9,FGSM,0.2,13.918032786885245,7.0,0,55
engr0,BLU,FGSM,0.9,FGSM,0.3,29.19672131147541,33.0,0,56
engr0,BLU,FGSM,0.9,FGSM,0.4,31.049180327868854,35.0,0,56
engr0,BLU,FGSM,0.9,FGSM,0.5,8.934426229508198,4.0,0,51
engr0,BLU,FGSM,0.9,FGSM,0.6,5.180327868852459,3.0,0,23
engr0,BLU,FGSM,0.9,FGSM,0.7,4.540983606557377,3.0,0,23
engr0,BLU,FGSM,0.9,FGSM,0.8,4.180327868852459,2.0,0,22
engr0,BLU,FGSM,0.9,FGSM,0.9,4.114754098360656,2.0,0,22
engr0,BLU,FGSM,0.9,FGSM,1.0,4.081967213114754,2.0,0,22
engr0,HTC,FGSM,0.9,FGSM,0.1,2.8852459016393444,2.0,0,20
engr0,HTC,FGSM,0.9,FGSM,0.2,8.721311475409836,5.0,0,52
engr0,HTC,FGSM,0.9,FGSM,0.3,27.37704918032787,32.0,0,57
engr0,HTC,FGSM,0.9,FGSM,0.4,29.9672131147541,35.0,0,56
engr0,HTC,FGSM,0.9,FGSM,0.5,15.065573770491802,8.0,0,56
engr0,HTC,FGSM,0.9,FGSM,0.6,7.032786885245901,5.0,0,24
engr0,HTC,FGSM,0.9,FGSM,0.7,6.60655737704918,5.0,0,24
engr0,HTC,FGSM,0.9,FGSM,0.8,6.409836065573771,5.0,0,24
engr0,HTC,FGSM,0.9,FGSM,0.9,5.672131147540983,4.0,0,24
engr0,HTC,FGSM,0.9,FGSM,1.0,5.704918032786885,4.0,0,24
engr0,LG,FGSM,0.9,FGSM,0.1,1.8360655737704918,1.0,0,8
engr0,LG,FGSM,0.9,FGSM,0.2,8.98360655737705,3.0,0,46
engr0,LG,FGSM,0.9,FGSM,0.3,22.508196721311474,15.0,0,56
engr0,LG,FGSM,0.9,FGSM,0.4,26.262295081967213,30.0,0,56
engr0,LG,FGSM,0.9,FGSM,0.5,16.016393442622952,9.0,0,58
engr0,LG,FGSM,0.9,FGSM,0.6,7.098360655737705,5.0,0,43
engr0,LG,FGSM,0.9,FGSM,0.7,6.344262295081967,5.0,0,23
engr0,LG,FGSM,0.9,FGSM,0.8,6.327868852459017,5.0,0,23
engr0,LG,FGSM,0.9,FGSM,0.9,6.098360655737705,5.0,0,23
engr0,LG,FGSM,0.9,FGSM,1.0,6.065573770491803,4.0,0,23
engr0,MOTO,FGSM,0.9,FGSM,0.1,3.3278688524590163,1.0,0,34
engr0,MOTO,FGSM,0.9,FGSM,0.2,22.262295081967213,22.0,0,55
engr0,MOTO,FGSM,0.9,FGSM,0.3,30.262295081967213,34.0,0,57
engr0,MOTO,FGSM,0.9,FGSM,0.4,30.540983606557376,35.0,0,56
engr0,MOTO,FGSM,0.9,FGSM,0.5,9.065573770491802,5.0,0,53
engr0,MOTO,FGSM,0.9,FGSM,0.6,6.540983606557377,5.0,0,25
engr0,MOTO,FGSM,0.9,FGSM,0.7,5.672131147540983,4.0,0,25
engr0,MOTO,FGSM,0.9,FGSM,0.8,5.442622950819672,4.0,0,25
engr0,MOTO,FGSM,0.9,FGSM,0.9,5.573770491803279,4.0,0,25
engr0,MOTO,FGSM,0.9,FGSM,1.0,5.311475409836065,4.0,0,22
engr0,OP3,FGSM,0.9,FGSM,0.1,1.1311475409836065,1.0,0,7
engr0,OP3,FGSM,0.9,FGSM,0.2,21.016393442622952,15.0,0,56
engr0,OP3,FGSM,0.9,FGSM,0.3,31.21311475409836,33.0,0,56
engr0,OP3,FGSM,0.9,FGSM,0.4,33.21311475409836,37.0,1,56
engr0,OP3,FGSM,0.9,FGSM,0.5,4.868852459016393,3.0,0,56
engr0,OP3,FGSM,0.9,FGSM,0.6,2.8852459016393444,2.0,0,12
engr0,OP3,FGSM,0.9,FGSM,0.7,2.8688524590163933,2.0,0,12
engr0,OP3,FGSM,0.9,FGSM,0.8,2.4098360655737703,2.0,0,8
engr0,OP3,FGSM,0.9,FGSM,0.9,1.9672131147540983,1.0,0,8
engr0,OP3,FGSM,0.9,FGSM,1.0,1.9180327868852458,1.0,0,8
engr0,S7,FGSM,0.9,FGSM,0.1,1.9672131147540983,1.0,0,10
engr0,S7,FGSM,0.9,FGSM,0.2,17.62295081967213,11.0,0,57
engr0,S7,FGSM,0.9,FGSM,0.3,28.737704918032787,31.0,0,56
engr0,S7,FGSM,0.9,FGSM,0.4,30.147540983606557,34.0,0,56
engr0,S7,FGSM,0.9,FGSM,0.5,9.163934426229508,4.0,0,54
engr0,S7,FGSM,0.9,FGSM,0.6,5.590163934426229,3.0,0,43
engr0,S7,FGSM,0.9,FGSM,0.7,4.426229508196721,3.0,0,24
engr0,S7,FGSM,0.9,FGSM,0.8,3.9672131147540983,3.0,0,24
engr0,S7,FGSM,0.9,FGSM,0.9,4.0,3.0,0,24
engr0,S7,FGSM,0.9,FGSM,1.0,3.8524590163934427,2.0,0,23
engr0,BLU,FGSM,1.0,FGSM,0.1,2.3934426229508197,2.0,0,11
engr0,BLU,FGSM,1.0,FGSM,0.2,13.918032786885245,7.0,0,55
engr0,BLU,FGSM,1.0,FGSM,0.3,29.19672131147541,33.0,0,56
engr0,BLU,FGSM,1.0,FGSM,0.4,31.049180327868854,35.0,0,56
engr0,BLU,FGSM,1.0,FGSM,0.5,30.80327868852459,34.0,0,56
engr0,BLU,FGSM,1.0,FGSM,0.6,5.0,3.0,0,23
engr0,BLU,FGSM,1.0,FGSM,0.7,5.163934426229508,3.0,0,23
engr0,BLU,FGSM,1.0,FGSM,0.8,4.672131147540983,3.0,0,23
engr0,BLU,FGSM,1.0,FGSM,0.9,4.180327868852459,2.0,0,22
engr0,BLU,FGSM,1.0,FGSM,1.0,4.098360655737705,2.0,0,22
engr0,HTC,FGSM,1.0,FGSM,0.1,2.8852459016393444,2.0,0,20
engr0,HTC,FGSM,1.0,FGSM,0.2,8.721311475409836,5.0,0,52
engr0,HTC,FGSM,1.0,FGSM,0.3,27.37704918032787,32.0,0,57
engr0,HTC,FGSM,1.0,FGSM,0.4,29.9672131147541,35.0,0,56
engr0,HTC,FGSM,1.0,FGSM,0.5,29.80327868852459,34.0,0,56
engr0,HTC,FGSM,1.0,FGSM,0.6,7.311475409836065,5.0,0,24
engr0,HTC,FGSM,1.0,FGSM,0.7,7.049180327868853,5.0,0,24
engr0,HTC,FGSM,1.0,FGSM,0.8,6.639344262295082,5.0,0,24
engr0,HTC,FGSM,1.0,FGSM,0.9,6.655737704918033,5.0,0,24
engr0,HTC,FGSM,1.0,FGSM,1.0,5.672131147540983,4.0,0,24
engr0,LG,FGSM,1.0,FGSM,0.1,1.8360655737704918,1.0,0,8
engr0,LG,FGSM,1.0,FGSM,0.2,8.98360655737705,3.0,0,46
engr0,LG,FGSM,1.0,FGSM,0.3,22.508196721311474,15.0,0,56
engr0,LG,FGSM,1.0,FGSM,0.4,26.262295081967213,30.0,0,56
engr0,LG,FGSM,1.0,FGSM,0.5,26.672131147540984,28.0,0,58
engr0,LG,FGSM,1.0,FGSM,0.6,10.098360655737705,7.0,0,54
engr0,LG,FGSM,1.0,FGSM,0.7,7.081967213114754,5.0,0,43
engr0,LG,FGSM,1.0,FGSM,0.8,6.327868852459017,5.0,0,23
engr0,LG,FGSM,1.0,FGSM,0.9,6.327868852459017,5.0,0,23
engr0,LG,FGSM,1.0,FGSM,1.0,6.098360655737705,5.0,0,23
engr0,MOTO,FGSM,1.0,FGSM,0.1,3.3278688524590163,1.0,0,34
engr0,MOTO,FGSM,1.0,FGSM,0.2,22.262295081967213,22.0,0,55
engr0,MOTO,FGSM,1.0,FGSM,0.3,30.262295081967213,34.0,0,57
engr0,MOTO,FGSM,1.0,FGSM,0.4,30.540983606557376,35.0,0,56
engr0,MOTO,FGSM,1.0,FGSM,0.5,30.704918032786885,35.0,0,56
engr0,MOTO,FGSM,1.0,FGSM,0.6,6.770491803278689,5.0,0,25
engr0,MOTO,FGSM,1.0,FGSM,0.7,6.622950819672131,5.0,0,25
engr0,MOTO,FGSM,1.0,FGSM,0.8,5.852459016393443,4.0,0,25
engr0,MOTO,FGSM,1.0,FGSM,0.9,5.475409836065574,4.0,0,25
engr0,MOTO,FGSM,1.0,FGSM,1.0,5.573770491803279,4.0,0,25
engr0,OP3,FGSM,1.0,FGSM,0.1,1.1311475409836065,1.0,0,7
engr0,OP3,FGSM,1.0,FGSM,0.2,21.016393442622952,15.0,0,56
engr0,OP3,FGSM,1.0,FGSM,0.3,31.21311475409836,33.0,0,56
engr0,OP3,FGSM,1.0,FGSM,0.4,33.21311475409836,37.0,1,56
engr0,OP3,FGSM,1.0,FGSM,0.5,32.83606557377049,37.0,1,56
engr0,OP3,FGSM,1.0,FGSM,0.6,3.7704918032786887,2.0,0,24
engr0,OP3,FGSM,1.0,FGSM,0.7,2.901639344262295,2.0,0,12
engr0,OP3,FGSM,1.0,FGSM,0.8,2.819672131147541,2.0,0,12
engr0,OP3,FGSM,1.0,FGSM,0.9,2.4098360655737703,2.0,0,8
engr0,OP3,FGSM,1.0,FGSM,1.0,1.9180327868852458,1.0,0,8
engr0,S7,FGSM,1.0,FGSM,0.1,1.9672131147540983,1.0,0,10
engr0,S7,FGSM,1.0,FGSM,0.2,17.62295081967213,11.0,0,57
engr0,S7,FGSM,1.0,FGSM,0.3,28.737704918032787,31.0,0,56
engr0,S7,FGSM,1.0,FGSM,0.4,30.147540983606557,34.0,0,56
engr0,S7,FGSM,1.0,FGSM,0.5,30.18032786885246,34.0,0,56
engr0,S7,FGSM,1.0,FGSM,0.6,6.016393442622951,3.0,0,43
engr0,S7,FGSM,1.0,FGSM,0.7,5.081967213114754,3.0,0,24
engr0,S7,FGSM,1.0,FGSM,0.8,4.426229508196721,3.0,0,24
engr0,S7,FGSM,1.0,FGSM,0.9,4.032786885245901,3.0,0,24
engr0,S7,FGSM,1.0,FGSM,1.0,4.081967213114754,3.0,0,24
engr0,BLU,PGD,0.1,FGSM,0.1,2.1311475409836067,2.0,0,8
engr0,BLU,PGD,0.1,FGSM,0.2,2.1475409836065573,1.0,0,8
engr0,BLU,PGD,0.1,FGSM,0.3,4.639344262295082,2.0,0,43
engr0,BLU,PGD,0.1,FGSM,0.4,14.475409836065573,6.0,0,60
engr0,BLU,PGD,0.1,FGSM,0.5,20.114754098360656,8.0,0,60
engr0,BLU,PGD,0.1,FGSM,0.6,19.918032786885245,10.0,0,60
engr0,BLU,PGD,0.1,FGSM,0.7,20.24590163934426,11.0,0,60
engr0,BLU,PGD,0.1,FGSM,0.8,20.770491803278688,13.0,0,60
engr0,BLU,PGD,0.1,FGSM,0.9,21.065573770491802,13.0,0,60
engr0,BLU,PGD,0.1,FGSM,1.0,20.475409836065573,14.0,0,53
engr0,HTC,PGD,0.1,FGSM,0.1,2.5737704918032787,2.0,0,13
engr0,HTC,PGD,0.1,FGSM,0.2,2.540983606557377,2.0,0,18
engr0,HTC,PGD,0.1,FGSM,0.3,2.901639344262295,2.0,0,10
engr0,HTC,PGD,0.1,FGSM,0.4,5.80327868852459,3.0,0,50
engr0,HTC,PGD,0.1,FGSM,0.5,9.557377049180328,4.0,0,55
engr0,HTC,PGD,0.1,FGSM,0.6,10.442622950819672,4.0,0,56
engr0,HTC,PGD,0.1,FGSM,0.7,11.754098360655737,5.0,0,56
engr0,HTC,PGD,0.1,FGSM,0.8,13.426229508196721,7.0,0,56
engr0,HTC,PGD,0.1,FGSM,0.9,14.295081967213115,8.0,0,56
engr0,HTC,PGD,0.1,FGSM,1.0,15.180327868852459,9.0,0,56
engr0,LG,PGD,0.1,FGSM,0.1,2.5901639344262297,2.0,0,8
engr0,LG,PGD,0.1,FGSM,0.2,2.278688524590164,2.0,0,9
engr0,LG,PGD,0.1,FGSM,0.3,2.721311475409836,2.0,0,12
engr0,LG,PGD,0.1,FGSM,0.4,7.065573770491803,3.0,0,46
engr0,LG,PGD,0.1,FGSM,0.5,12.360655737704919,5.0,0,48
engr0,LG,PGD,0.1,FGSM,0.6,15.278688524590164,5.0,0,58
engr0,LG,PGD,0.1,FGSM,0.7,16.19672131147541,6.0,0,58
engr0,LG,PGD,0.1,FGSM,0.8,18.540983606557376,11.0,0,58
engr0,LG,PGD,0.1,FGSM,0.9,18.24590163934426,12.0,0,53
engr0,LG,PGD,0.1,FGSM,1.0,19.18032786885246,12.0,0,53
engr0,MOTO,PGD,0.1,FGSM,0.1,3.278688524590164,2.0,0,22
engr0,MOTO,PGD,0.1,FGSM,0.2,3.3442622950819674,2.0,0,22
engr0,MOTO,PGD,0.1,FGSM,0.3,4.262295081967213,3.0,0,28
engr0,MOTO,PGD,0.1,FGSM,0.4,8.114754098360656,3.0,0,57
engr0,MOTO,PGD,0.1,FGSM,0.5,9.229508196721312,4.0,0,55
engr0,MOTO,PGD,0.1,FGSM,0.6,10.639344262295081,5.0,0,55
engr0,MOTO,PGD,0.1,FGSM,0.7,13.147540983606557,8.0,0,55
engr0,MOTO,PGD,0.1,FGSM,0.8,15.540983606557377,11.0,0,55
engr0,MOTO,PGD,0.1,FGSM,0.9,15.557377049180328,12.0,0,55
engr0,MOTO,PGD,0.1,FGSM,1.0,16.0,12.0,0,58
engr0,OP3,PGD,0.1,FGSM,0.1,1.1475409836065573,0.0,0,9
engr0,OP3,PGD,0.1,FGSM,0.2,1.360655737704918,0.0,0,9
engr0,OP3,PGD,0.1,FGSM,0.3,4.622950819672131,2.0,0,45
engr0,OP3,PGD,0.1,FGSM,0.4,12.737704918032787,4.0,0,54
engr0,OP3,PGD,0.1,FGSM,0.5,14.721311475409836,5.0,0,54
engr0,OP3,PGD,0.1,FGSM,0.6,15.901639344262295,6.0,0,54
engr0,OP3,PGD,0.1,FGSM,0.7,17.016393442622952,10.0,0,54
engr0,OP3,PGD,0.1,FGSM,0.8,18.688524590163933,14.0,0,54
engr0,OP3,PGD,0.1,FGSM,0.9,18.475409836065573,15.0,0,52
engr0,OP3,PGD,0.1,FGSM,1.0,18.442622950819672,15.0,0,52
engr0,S7,PGD,0.1,FGSM,0.1,1.6065573770491803,1.0,0,7
engr0,S7,PGD,0.1,FGSM,0.2,1.9180327868852458,1.0,0,9
engr0,S7,PGD,0.1,FGSM,0.3,3.360655737704918,2.0,0,45
engr0,S7,PGD,0.1,FGSM,0.4,15.639344262295081,5.0,0,58
engr0,S7,PGD,0.1,FGSM,0.5,19.508196721311474,5.0,0,60
engr0,S7,PGD,0.1,FGSM,0.6,18.83606557377049,5.0,0,60
engr0,S7,PGD,0.1,FGSM,0.7,19.262295081967213,6.0,0,58
engr0,S7,PGD,0.1,FGSM,0.8,18.885245901639344,7.0,0,53
engr0,S7,PGD,0.1,FGSM,0.9,19.721311475409838,11.0,0,53
engr0,S7,PGD,0.1,FGSM,1.0,20.75409836065574,16.0,0,53
engr0,BLU,PGD,0.2,FGSM,0.1,2.3934426229508197,2.0,0,11
engr0,BLU,PGD,0.2,FGSM,0.2,3.4262295081967213,2.0,0,16
engr0,BLU,PGD,0.2,FGSM,0.3,3.3278688524590163,2.0,0,12
engr0,BLU,PGD,0.2,FGSM,0.4,3.557377049180328,3.0,0,14
engr0,BLU,PGD,0.2,FGSM,0.5,4.065573770491803,4.0,0,14
engr0,BLU,PGD,0.2,FGSM,0.6,8.098360655737705,3.0,0,59
engr0,BLU,PGD,0.2,FGSM,0.7,13.459016393442623,8.0,0,59
engr0,BLU,PGD,0.2,FGSM,0.8,18.59016393442623,12.0,0,60
engr0,BLU,PGD,0.2,FGSM,0.9,21.688524590163933,18.0,0,60
engr0,BLU,PGD,0.2,FGSM,1.0,22.868852459016395,22.0,0,60
engr0,HTC,PGD,0.2,FGSM,0.1,2.8852459016393444,2.0,0,20
engr0,HTC,PGD,0.2,FGSM,0.2,3.737704918032787,3.0,0,18
engr0,HTC,PGD,0.2,FGSM,0.3,3.1475409836065573,3.0,0,11
engr0,HTC,PGD,0.2,FGSM,0.4,3.0655737704918034,2.0,0,11
engr0,HTC,PGD,0.2,FGSM,0.5,3.721311475409836,3.0,0,18
engr0,HTC,PGD,0.2,FGSM,0.6,5.60655737704918,4.0,0,26
engr0,HTC,PGD,0.2,FGSM,0.7,6.622950819672131,4.0,0,27
engr0,HTC,PGD,0.2,FGSM,0.8,9.98360655737705,6.0,0,31
engr0,HTC,PGD,0.2,FGSM,0.9,10.688524590163935,6.0,0,50
engr0,HTC,PGD,0.2,FGSM,1.0,13.01639344262295,8.0,0,51
engr0,LG,PGD,0.2,FGSM,0.1,1.8360655737704918,1.0,0,8
engr0,LG,PGD,0.2,FGSM,0.2,3.19672131147541,3.0,0,12
engr0,LG,PGD,0.2,FGSM,0.3,3.180327868852459,3.0,0,9
engr0,LG,PGD,0.2,FGSM,0.4,3.2295081967213113,2.0,0,15
engr0,LG,PGD,0.2,FGSM,0.5,3.3442622950819674,3.0,0,15
engr0,LG,PGD,0.2,FGSM,0.6,7.065573770491803,4.0,0,45
engr0,LG,PGD,0.2,FGSM,0.7,8.459016393442623,4.0,0,46
engr0,LG,PGD,0.2,FGSM,0.8,10.163934426229508,5.0,0,46
engr0,LG,PGD,0.2,FGSM,0.9,13.01639344262295,7.0,0,58
engr0,LG,PGD,0.2,FGSM,1.0,13.147540983606557,7.0,0,58
engr0,MOTO,PGD,0.2,FGSM,0.1,3.3278688524590163,1.0,0,34
engr0,MOTO,PGD,0.2,FGSM,0.2,4.852459016393443,3.0,0,43
engr0,MOTO,PGD,0.2,FGSM,0.3,4.770491803278689,4.0,0,43
engr0,MOTO,PGD,0.2,FGSM,0.4,4.885245901639344,4.0,0,43
engr0,MOTO,PGD,0.2,FGSM,0.5,6.065573770491803,4.0,0,38
engr0,MOTO,PGD,0.2,FGSM,0.6,8.065573770491802,4.0,0,57
engr0,MOTO,PGD,0.2,FGSM,0.7,10.180327868852459,5.0,0,57
engr0,MOTO,PGD,0.2,FGSM,0.8,12.754098360655737,8.0,0,57
engr0,MOTO,PGD,0.2,FGSM,0.9,12.60655737704918,7.0,0,58
engr0,MOTO,PGD,0.2,FGSM,1.0,13.59016393442623,8.0,0,58
engr0,OP3,PGD,0.2,FGSM,0.1,1.1311475409836065,1.0,0,7
engr0,OP3,PGD,0.2,FGSM,0.2,2.098360655737705,1.0,0,17
engr0,OP3,PGD,0.2,FGSM,0.3,1.8360655737704918,1.0,0,12
engr0,OP3,PGD,0.2,FGSM,0.4,1.7868852459016393,1.0,0,11
engr0,OP3,PGD,0.2,FGSM,0.5,4.213114754098361,2.0,0,45
engr0,OP3,PGD,0.2,FGSM,0.6,10.39344262295082,3.0,0,59
engr0,OP3,PGD,0.2,FGSM,0.7,13.60655737704918,4.0,0,59
engr0,OP3,PGD,0.2,FGSM,0.8,16.37704918032787,8.0,0,59
engr0,OP3,PGD,0.2,FGSM,0.9,17.65573770491803,12.0,0,59
engr0,OP3,PGD,0.2,FGSM,1.0,18.39344262295082,15.0,0,59
engr0,S7,PGD,0.2,FGSM,0.1,1.9672131147540983,1.0,0,10
engr0,S7,PGD,0.2,FGSM,0.2,3.098360655737705,2.0,0,15
engr0,S7,PGD,0.2,FGSM,0.3,3.180327868852459,2.0,0,13
engr0,S7,PGD,0.2,FGSM,0.4,3.622950819672131,3.0,0,12
engr0,S7,PGD,0.2,FGSM,0.5,4.081967213114754,3.0,0,14
engr0,S7,PGD,0.2,FGSM,0.6,8.78688524590164,5.0,0,52
engr0,S7,PGD,0.2,FGSM,0.7,11.62295081967213,6.0,0,52
engr0,S7,PGD,0.2,FGSM,0.8,17.59016393442623,11.0,0,60
engr0,S7,PGD,0.2,FGSM,0.9,20.950819672131146,16.0,0,60
engr0,S7,PGD,0.2,FGSM,1.0,22.114754098360656,17.0,0,60
engr0,BLU,PGD,0.3,FGSM,0.1,2.3934426229508197,2.0,0,11
engr0,BLU,PGD,0.3,FGSM,0.2,10.360655737704919,7.0,0,48
engr0,BLU,PGD,0.3,FGSM,0.3,4.950819672131147,3.0,0,20
engr0,BLU,PGD,0.3,FGSM,0.4,4.590163934426229,2.0,0,19
engr0,BLU,PGD,0.3,FGSM,0.5,4.901639344262295,3.0,0,19
engr0,BLU,PGD,0.3,FGSM,0.6,4.737704918032787,3.0,0,19
engr0,BLU,PGD,0.3,FGSM,0.7,4.459016393442623,3.0,0,17
engr0,BLU,PGD,0.3,FGSM,0.8,4.278688524590164,3.0,0,15
engr0,BLU,PGD,0.3,FGSM,0.9,4.967213114754099,3.0,0,30
engr0,BLU,PGD,0.3,FGSM,1.0,7.098360655737705,4.0,0,39
engr0,HTC,PGD,0.3,FGSM,0.1,2.8852459016393444,2.0,0,20
engr0,HTC,PGD,0.3,FGSM,0.2,8.098360655737705,4.0,0,49
engr0,HTC,PGD,0.3,FGSM,0.3,6.672131147540983,4.0,0,45
engr0,HTC,PGD,0.3,FGSM,0.4,6.540983606557377,4.0,0,45
engr0,HTC,PGD,0.3,FGSM,0.5,6.213114754098361,4.0,0,38
engr0,HTC,PGD,0.3,FGSM,0.6,6.704918032786885,4.0,0,38
engr0,HTC,PGD,0.3,FGSM,0.7,7.295081967213115,4.0,0,43
engr0,HTC,PGD,0.3,FGSM,0.8,7.770491803278689,5.0,0,43
engr0,HTC,PGD,0.3,FGSM,0.9,9.098360655737705,5.0,0,43
engr0,HTC,PGD,0.3,FGSM,1.0,9.491803278688524,5.0,0,43
engr0,LG,PGD,0.3,FGSM,0.1,1.8360655737704918,1.0,0,8
engr0,LG,PGD,0.3,FGSM,0.2,9.081967213114755,4.0,0,45
engr0,LG,PGD,0.3,FGSM,0.3,5.360655737704918,3.0,0,44
engr0,LG,PGD,0.3,FGSM,0.4,5.114754098360656,3.0,0,44
engr0,LG,PGD,0.3,FGSM,0.5,4.868852459016393,3.0,0,32
engr0,LG,PGD,0.3,FGSM,0.6,5.295081967213115,3.0,0,32
engr0,LG,PGD,0.3,FGSM,0.7,5.409836065573771,3.0,0,32
engr0,LG,PGD,0.3,FGSM,0.8,6.295081967213115,3.0,0,32
engr0,LG,PGD,0.3,FGSM,0.9,6.147540983606557,3.0,0,32
engr0,LG,PGD,0.3,FGSM,1.0,6.901639344262295,3.0,0,38
engr0,MOTO,PGD,0.3,FGSM,0.1,3.3278688524590163,1.0,0,34
engr0,MOTO,PGD,0.3,FGSM,0.2,10.311475409836065,6.0,0,51
engr0,MOTO,PGD,0.3,FGSM,0.3,8.459016393442623,4.0,0,43
engr0,MOTO,PGD,0.3,FGSM,0.4,8.557377049180328,4.0,0,43
engr0,MOTO,PGD,0.3,FGSM,0.5,9.114754098360656,6.0,0,43
engr0,MOTO,PGD,0.3,FGSM,0.6,9.01639344262295,6.0,0,43
engr0,MOTO,PGD,0.3,FGSM,0.7,10.245901639344263,7.0,0,43
engr0,MOTO,PGD,0.3,FGSM,0.8,12.19672131147541,8.0,0,43
engr0,MOTO,PGD,0.3,FGSM,0.9,12.163934426229508,8.0,0,43
engr0,MOTO,PGD,0.3,FGSM,1.0,12.524590163934427,8.0,0,43
engr0,OP3,PGD,0.3,FGSM,0.1,1.1311475409836065,1.0,0,7
engr0,OP3,PGD,0.3,FGSM,0.2,7.327868852459017,3.0,0,44
engr0,OP3,PGD,0.3,FGSM,0.3,3.9672131147540983,3.0,0,17
engr0,OP3,PGD,0.3,FGSM,0.4,3.6557377049180326,2.0,0,18
engr0,OP3,PGD,0.3,FGSM,0.5,3.8524590163934427,2.0,0,20
engr0,OP3,PGD,0.3,FGSM,0.6,3.9508196721311477,3.0,0,18
engr0,OP3,PGD,0.3,FGSM,0.7,4.065573770491803,3.0,0,18
engr0,OP3,PGD,0.3,FGSM,0.8,4.967213114754099,3.0,0,26
engr0,OP3,PGD,0.3,FGSM,0.9,6.885245901639344,4.0,0,45
engr0,OP3,PGD,0.3,FGSM,1.0,7.491803278688525,4.0,0,45
engr0,S7,PGD,0.3,FGSM,0.1,1.9672131147540983,1.0,0,10
engr0,S7,PGD,0.3,FGSM,0.2,10.442622950819672,4.0,0,51
engr0,S7,PGD,0.3,FGSM,0.3,5.180327868852459,3.0,0,45
engr0,S7,PGD,0.3,FGSM,0.4,5.049180327868853,3.0,0,45
engr0,S7,PGD,0.3,FGSM,0.5,4.573770491803279,3.0,0,19
engr0,S7,PGD,0.3,FGSM,0.6,4.672131147540983,3.0,0,19
engr0,S7,PGD,0.3,FGSM,0.7,4.622950819672131,3.0,0,16
engr0,S7,PGD,0.3,FGSM,0.8,5.114754098360656,3.0,0,31
engr0,S7,PGD,0.3,FGSM,0.9,5.770491803278689,3.0,0,31
engr0,S7,PGD,0.3,FGSM,1.0,7.19672131147541,4.0,0,31
engr0,BLU,PGD,0.4,FGSM,0.1,2.3934426229508197,2.0,0,11
engr0,BLU,PGD,0.4,FGSM,0.2,14.245901639344263,8.0,0,55
engr0,BLU,PGD,0.4,FGSM,0.3,7.098360655737705,4.0,0,45
engr0,BLU,PGD,0.4,FGSM,0.4,7.049180327868853,4.0,0,45
engr0,BLU,PGD,0.4,FGSM,0.5,5.295081967213115,4.0,0,20
engr0,BLU,PGD,0.4,FGSM,0.6,5.39344262295082,4.0,0,20
engr0,BLU,PGD,0.4,FGSM,0.7,5.885245901639344,4.0,0,20
engr0,BLU,PGD,0.4,FGSM,0.8,5.918032786885246,4.0,0,20
engr0,BLU,PGD,0.4,FGSM,0.9,6.049180327868853,4.0,0,19
engr0,BLU,PGD,0.4,FGSM,1.0,6.032786885245901,4.0,0,19
engr0,HTC,PGD,0.4,FGSM,0.1,2.8852459016393444,2.0,0,20
engr0,HTC,PGD,0.4,FGSM,0.2,8.721311475409836,5.0,0,52
engr0,HTC,PGD,0.4,FGSM,0.3,13.475409836065573,8.0,0,52
engr0,HTC,PGD,0.4,FGSM,0.4,13.163934426229508,9.0,0,49
engr0,HTC,PGD,0.4,FGSM,0.5,12.934426229508198,9.0,0,48
engr0,HTC,PGD,0.4,FGSM,0.6,11.868852459016393,7.0,0,45
engr0,HTC,PGD,0.4,FGSM,0.7,11.60655737704918,7.0,0,45
engr0,HTC,PGD,0.4,FGSM,0.8,12.065573770491802,8.0,0,45
engr0,HTC,PGD,0.4,FGSM,0.9,10.918032786885245,7.0,0,45
engr0,HTC,PGD,0.4,FGSM,1.0,11.245901639344263,8.0,0,45
engr0,LG,PGD,0.4,FGSM,0.1,1.8360655737704918,1.0,0,8
engr0,LG,PGD,0.4,FGSM,0.2,9.901639344262295,4.0,0,46
engr0,LG,PGD,0.4,FGSM,0.3,11.836065573770492,7.0,0,47
engr0,LG,PGD,0.4,FGSM,0.4,11.639344262295081,7.0,0,45
engr0,LG,PGD,0.4,FGSM,0.5,11.442622950819672,7.0,0,45
engr0,LG,PGD,0.4,FGSM,0.6,10.639344262295081,7.0,0,45
engr0,LG,PGD,0.4,FGSM,0.7,10.459016393442623,7.0,0,45
engr0,LG,PGD,0.4,FGSM,0.8,9.721311475409836,6.0,0,44
engr0,LG,PGD,0.4,FGSM,0.9,9.60655737704918,6.0,0,44
engr0,LG,PGD,0.4,FGSM,1.0,9.819672131147541,6.0,0,44
engr0,MOTO,PGD,0.4,FGSM,0.1,3.3278688524590163,1.0,0,34
engr0,MOTO,PGD,0.4,FGSM,0.2,21.147540983606557,18.0,0,55
engr0,MOTO,PGD,0.4,FGSM,0.3,13.754098360655737,7.0,0,57
engr0,MOTO,PGD,0.4,FGSM,0.4,12.901639344262295,8.0,0,57
engr0,MOTO,PGD,0.4,FGSM,0.5,13.278688524590164,10.0,0,57
engr0,MOTO,PGD,0.4,FGSM,0.6,12.655737704918034,8.0,0,57
engr0,MOTO,PGD,0.4,FGSM,0.7,12.229508196721312,8.0,0,57
engr0,MOTO,PGD,0.4,FGSM,0.8,11.819672131147541,7.0,0,57
engr0,MOTO,PGD,0.4,FGSM,0.9,13.032786885245901,10.0,0,57
engr0,MOTO,PGD,0.4,FGSM,1.0,13.065573770491802,10.0,0,57
engr0,OP3,PGD,0.4,FGSM,0.1,1.1311475409836065,1.0,0,7
engr0,OP3,PGD,0.4,FGSM,0.2,22.065573770491802,18.0,0,56
engr0,OP3,PGD,0.4,FGSM,0.3,6.163934426229508,4.0,0,40
engr0,OP3,PGD,0.4,FGSM,0.4,6.180327868852459,3.0,0,45
engr0,OP3,PGD,0.4,FGSM,0.5,4.918032786885246,3.0,0,29
engr0,OP3,PGD,0.4,FGSM,0.6,5.19672131147541,4.0,0,29
engr0,OP3,PGD,0.4,FGSM,0.7,5.262295081967213,4.0,0,29
engr0,OP3,PGD,0.4,FGSM,0.8,5.327868852459017,3.0,0,29
engr0,OP3,PGD,0.4,FGSM,0.9,5.245901639344262,3.0,0,29
engr0,OP3,PGD,0.4,FGSM,1.0,5.229508196721311,3.0,0,29
engr0,S7,PGD,0.4,FGSM,0.1,1.9672131147540983,1.0,0,10
engr0,S7,PGD,0.4,FGSM,0.2,18.18032786885246,12.0,0,57
engr0,S7,PGD,0.4,FGSM,0.3,8.721311475409836,4.0,0,50
engr0,S7,PGD,0.4,FGSM,0.4,8.721311475409836,4.0,0,45
engr0,S7,PGD,0.4,FGSM,0.5,8.950819672131148,4.0,0,46
engr0,S7,PGD,0.4,FGSM,0.6,8.62295081967213,4.0,0,45
engr0,S7,PGD,0.4,FGSM,0.7,7.590163934426229,5.0,0,45
engr0,S7,PGD,0.4,FGSM,0.8,7.081967213114754,4.0,0,45
engr0,S7,PGD,0.4,FGSM,0.9,6.377049180327869,4.0,0,27
engr0,S7,PGD,0.4,FGSM,1.0,6.213114754098361,4.0,0,27
engr0,BLU,PGD,0.5,FGSM,0.1,2.3934426229508197,2.0,0,11
engr0,BLU,PGD,0.5,FGSM,0.2,14.245901639344263,8.0,0,55
engr0,BLU,PGD,0.5,FGSM,0.3,7.098360655737705,4.0,0,45
engr0,BLU,PGD,0.5,FGSM,0.4,7.049180327868853,4.0,0,45
engr0,BLU,PGD,0.5,FGSM,0.5,5.295081967213115,4.0,0,20
engr0,BLU,PGD,0.5,FGSM,0.6,5.39344262295082,4.0,0,20
engr0,BLU,PGD,0.5,FGSM,0.7,5.885245901639344,4.0,0,20
engr0,BLU,PGD,0.5,FGSM,0.8,5.918032786885246,4.0,0,20
engr0,BLU,PGD,0.5,FGSM,0.9,6.049180327868853,4.0,0,19
engr0,BLU,PGD,0.5,FGSM,1.0,6.032786885245901,4.0,0,19
engr0,HTC,PGD,0.5,FGSM,0.1,2.8852459016393444,2.0,0,20
engr0,HTC,PGD,0.5,FGSM,0.2,8.721311475409836,5.0,0,52
engr0,HTC,PGD,0.5,FGSM,0.3,13.475409836065573,8.0,0,52
engr0,HTC,PGD,0.5,FGSM,0.4,13.163934426229508,9.0,0,49
engr0,HTC,PGD,0.5,FGSM,0.5,12.934426229508198,9.0,0,48
engr0,HTC,PGD,0.5,FGSM,0.6,11.868852459016393,7.0,0,45
engr0,HTC,PGD,0.5,FGSM,0.7,11.60655737704918,7.0,0,45
engr0,HTC,PGD,0.5,FGSM,0.8,12.065573770491802,8.0,0,45
engr0,HTC,PGD,0.5,FGSM,0.9,10.918032786885245,7.0,0,45
engr0,HTC,PGD,0.5,FGSM,1.0,11.245901639344263,8.0,0,45
engr0,LG,PGD,0.5,FGSM,0.1,1.8360655737704918,1.0,0,8
engr0,LG,PGD,0.5,FGSM,0.2,9.901639344262295,4.0,0,46
engr0,LG,PGD,0.5,FGSM,0.3,11.836065573770492,7.0,0,47
engr0,LG,PGD,0.5,FGSM,0.4,11.639344262295081,7.0,0,45
engr0,LG,PGD,0.5,FGSM,0.5,11.442622950819672,7.0,0,45
engr0,LG,PGD,0.5,FGSM,0.6,10.639344262295081,7.0,0,45
engr0,LG,PGD,0.5,FGSM,0.7,10.459016393442623,7.0,0,45
engr0,LG,PGD,0.5,FGSM,0.8,9.721311475409836,6.0,0,44
engr0,LG,PGD,0.5,FGSM,0.9,9.60655737704918,6.0,0,44
engr0,LG,PGD,0.5,FGSM,1.0,9.819672131147541,6.0,0,44
engr0,MOTO,PGD,0.5,FGSM,0.1,3.3278688524590163,1.0,0,34
engr0,MOTO,PGD,0.5,FGSM,0.2,21.147540983606557,18.0,0,55
engr0,MOTO,PGD,0.5,FGSM,0.3,13.754098360655737,7.0,0,57
engr0,MOTO,PGD,0.5,FGSM,0.4,12.901639344262295,8.0,0,57
engr0,MOTO,PGD,0.5,FGSM,0.5,13.278688524590164,10.0,0,57
engr0,MOTO,PGD,0.5,FGSM,0.6,12.655737704918034,8.0,0,57
engr0,MOTO,PGD,0.5,FGSM,0.7,12.229508196721312,8.0,0,57
engr0,MOTO,PGD,0.5,FGSM,0.8,11.819672131147541,7.0,0,57
engr0,MOTO,PGD,0.5,FGSM,0.9,13.032786885245901,10.0,0,57
engr0,MOTO,PGD,0.5,FGSM,1.0,13.065573770491802,10.0,0,57
engr0,OP3,PGD,0.5,FGSM,0.1,1.1311475409836065,1.0,0,7
engr0,OP3,PGD,0.5,FGSM,0.2,22.065573770491802,18.0,0,56
engr0,OP3,PGD,0.5,FGSM,0.3,6.163934426229508,4.0,0,40
engr0,OP3,PGD,0.5,FGSM,0.4,6.180327868852459,3.0,0,45
engr0,OP3,PGD,0.5,FGSM,0.5,4.918032786885246,3.0,0,29
engr0,OP3,PGD,0.5,FGSM,0.6,5.19672131147541,4.0,0,29
engr0,OP3,PGD,0.5,FGSM,0.7,5.262295081967213,4.0,0,29
engr0,OP3,PGD,0.5,FGSM,0.8,5.327868852459017,3.0,0,29
engr0,OP3,PGD,0.5,FGSM,0.9,5.245901639344262,3.0,0,29
engr0,OP3,PGD,0.5,FGSM,1.0,5.229508196721311,3.0,0,29
engr0,S7,PGD,0.5,FGSM,0.1,1.9672131147540983,1.0,0,10
engr0,S7,PGD,0.5,FGSM,0.2,18.18032786885246,12.0,0,57
engr0,S7,PGD,0.5,FGSM,0.3,8.721311475409836,4.0,0,50
engr0,S7,PGD,0.5,FGSM,0.4,8.721311475409836,4.0,0,45
engr0,S7,PGD,0.5,FGSM,0.5,8.950819672131148,4.0,0,46
engr0,S7,PGD,0.5,FGSM,0.6,8.62295081967213,4.0,0,45
engr0,S7,PGD,0.5,FGSM,0.7,7.590163934426229,5.0,0,45
engr0,S7,PGD,0.5,FGSM,0.8,7.081967213114754,4.0,0,45
engr0,S7,PGD,0.5,FGSM,0.9,6.377049180327869,4.0,0,27
engr0,S7,PGD,0.5,FGSM,1.0,6.213114754098361,4.0,0,27
engr0,BLU,PGD,0.6,FGSM,0.1,2.3934426229508197,2.0,0,11
engr0,BLU,PGD,0.6,FGSM,0.2,14.245901639344263,8.0,0,55
engr0,BLU,PGD,0.6,FGSM,0.3,7.098360655737705,4.0,0,45
engr0,BLU,PGD,0.6,FGSM,0.4,7.049180327868853,4.0,0,45
engr0,BLU,PGD,0.6,FGSM,0.5,5.295081967213115,4.0,0,20
engr0,BLU,PGD,0.6,FGSM,0.6,5.39344262295082,4.0,0,20
engr0,BLU,PGD,0.6,FGSM,0.7,5.885245901639344,4.0,0,20
engr0,BLU,PGD,0.6,FGSM,0.8,5.918032786885246,4.0,0,20
engr0,BLU,PGD,0.6,FGSM,0.9,6.049180327868853,4.0,0,19
engr0,BLU,PGD,0.6,FGSM,1.0,6.032786885245901,4.0,0,19
engr0,HTC,PGD,0.6,FGSM,0.1,2.8852459016393444,2.0,0,20
engr0,HTC,PGD,0.6,FGSM,0.2,8.721311475409836,5.0,0,52
engr0,HTC,PGD,0.6,FGSM,0.3,13.475409836065573,8.0,0,52
engr0,HTC,PGD,0.6,FGSM,0.4,13.163934426229508,9.0,0,49
engr0,HTC,PGD,0.6,FGSM,0.5,12.934426229508198,9.0,0,48
engr0,HTC,PGD,0.6,FGSM,0.6,11.868852459016393,7.0,0,45
engr0,HTC,PGD,0.6,FGSM,0.7,11.60655737704918,7.0,0,45
engr0,HTC,PGD,0.6,FGSM,0.8,12.065573770491802,8.0,0,45
engr0,HTC,PGD,0.6,FGSM,0.9,10.918032786885245,7.0,0,45
engr0,HTC,PGD,0.6,FGSM,1.0,11.245901639344263,8.0,0,45
engr0,LG,PGD,0.6,FGSM,0.1,1.8360655737704918,1.0,0,8
engr0,LG,PGD,0.6,FGSM,0.2,9.901639344262295,4.0,0,46
engr0,LG,PGD,0.6,FGSM,0.3,11.836065573770492,7.0,0,47
engr0,LG,PGD,0.6,FGSM,0.4,11.639344262295081,7.0,0,45
engr0,LG,PGD,0.6,FGSM,0.5,11.442622950819672,7.0,0,45
engr0,LG,PGD,0.6,FGSM,0.6,10.639344262295081,7.0,0,45
engr0,LG,PGD,0.6,FGSM,0.7,10.459016393442623,7.0,0,45
engr0,LG,PGD,0.6,FGSM,0.8,9.721311475409836,6.0,0,44
engr0,LG,PGD,0.6,FGSM,0.9,9.60655737704918,6.0,0,44
engr0,LG,PGD,0.6,FGSM,1.0,9.819672131147541,6.0,0,44
engr0,MOTO,PGD,0.6,FGSM,0.1,3.3278688524590163,1.0,0,34
engr0,MOTO,PGD,0.6,FGSM,0.2,21.147540983606557,18.0,0,55
engr0,MOTO,PGD,0.6,FGSM,0.3,13.754098360655737,7.0,0,57
engr0,MOTO,PGD,0.6,FGSM,0.4,12.901639344262295,8.0,0,57
engr0,MOTO,PGD,0.6,FGSM,0.5,13.278688524590164,10.0,0,57
engr0,MOTO,PGD,0.6,FGSM,0.6,12.655737704918034,8.0,0,57
engr0,MOTO,PGD,0.6,FGSM,0.7,12.229508196721312,8.0,0,57
engr0,MOTO,PGD,0.6,FGSM,0.8,11.819672131147541,7.0,0,57
engr0,MOTO,PGD,0.6,FGSM,0.9,13.032786885245901,10.0,0,57
engr0,MOTO,PGD,0.6,FGSM,1.0,13.065573770491802,10.0,0,57
engr0,OP3,PGD,0.6,FGSM,0.1,1.1311475409836065,1.0,0,7
engr0,OP3,PGD,0.6,FGSM,0.2,22.065573770491802,18.0,0,56
engr0,OP3,PGD,0.6,FGSM,0.3,6.163934426229508,4.0,0,40
engr0,OP3,PGD,0.6,FGSM,0.4,6.180327868852459,3.0,0,45
engr0,OP3,PGD,0.6,FGSM,0.5,4.918032786885246,3.0,0,29
engr0,OP3,PGD,0.6,FGSM,0.6,5.19672131147541,4.0,0,29
engr0,OP3,PGD,0.6,FGSM,0.7,5.262295081967213,4.0,0,29
engr0,OP3,PGD,0.6,FGSM,0.8,5.327868852459017,3.0,0,29
engr0,OP3,PGD,0.6,FGSM,0.9,5.245901639344262,3.0,0,29
engr0,OP3,PGD,0.6,FGSM,1.0,5.229508196721311,3.0,0,29
engr0,S7,PGD,0.6,FGSM,0.1,1.9672131147540983,1.0,0,10
engr0,S7,PGD,0.6,FGSM,0.2,18.18032786885246,12.0,0,57
engr0,S7,PGD,0.6,FGSM,0.3,8.721311475409836,4.0,0,50
engr0,S7,PGD,0.6,FGSM,0.4,8.721311475409836,4.0,0,45
engr0,S7,PGD,0.6,FGSM,0.5,8.950819672131148,4.0,0,46
engr0,S7,PGD,0.6,FGSM,0.6,8.62295081967213,4.0,0,45
engr0,S7,PGD,0.6,FGSM,0.7,7.590163934426229,5.0,0,45
engr0,S7,PGD,0.6,FGSM,0.8,7.081967213114754,4.0,0,45
engr0,S7,PGD,0.6,FGSM,0.9,6.377049180327869,4.0,0,27
engr0,S7,PGD,0.6,FGSM,1.0,6.213114754098361,4.0,0,27
engr0,BLU,PGD,0.7,FGSM,0.1,2.3934426229508197,2.0,0,11
engr0,BLU,PGD,0.7,FGSM,0.2,14.245901639344263,8.0,0,55
engr0,BLU,PGD,0.7,FGSM,0.3,7.098360655737705,4.0,0,45
engr0,BLU,PGD,0.7,FGSM,0.4,7.049180327868853,4.0,0,45
engr0,BLU,PGD,0.7,FGSM,0.5,5.295081967213115,4.0,0,20
engr0,BLU,PGD,0.7,FGSM,0.6,5.39344262295082,4.0,0,20
engr0,BLU,PGD,0.7,FGSM,0.7,5.885245901639344,4.0,0,20
engr0,BLU,PGD,0.7,FGSM,0.8,5.918032786885246,4.0,0,20
engr0,BLU,PGD,0.7,FGSM,0.9,6.049180327868853,4.0,0,19
engr0,BLU,PGD,0.7,FGSM,1.0,6.032786885245901,4.0,0,19
engr0,HTC,PGD,0.7,FGSM,0.1,2.8852459016393444,2.0,0,20
engr0,HTC,PGD,0.7,FGSM,0.2,8.721311475409836,5.0,0,52
engr0,HTC,PGD,0.7,FGSM,0.3,13.475409836065573,8.0,0,52
engr0,HTC,PGD,0.7,FGSM,0.4,13.163934426229508,9.0,0,49
engr0,HTC,PGD,0.7,FGSM,0.5,12.934426229508198,9.0,0,48
engr0,HTC,PGD,0.7,FGSM,0.6,11.868852459016393,7.0,0,45
engr0,HTC,PGD,0.7,FGSM,0.7,11.60655737704918,7.0,0,45
engr0,HTC,PGD,0.7,FGSM,0.8,12.065573770491802,8.0,0,45
engr0,HTC,PGD,0.7,FGSM,0.9,10.918032786885245,7.0,0,45
engr0,HTC,PGD,0.7,FGSM,1.0,11.245901639344263,8.0,0,45
engr0,LG,PGD,0.7,FGSM,0.1,1.8360655737704918,1.0,0,8
engr0,LG,PGD,0.7,FGSM,0.2,9.901639344262295,4.0,0,46
engr0,LG,PGD,0.7,FGSM,0.3,11.836065573770492,7.0,0,47
engr0,LG,PGD,0.7,FGSM,0.4,11.639344262295081,7.0,0,45
engr0,LG,PGD,0.7,FGSM,0.5,11.442622950819672,7.0,0,45
engr0,LG,PGD,0.7,FGSM,0.6,10.639344262295081,7.0,0,45
engr0,LG,PGD,0.7,FGSM,0.7,10.459016393442623,7.0,0,45
engr0,LG,PGD,0.7,FGSM,0.8,9.721311475409836,6.0,0,44
engr0,LG,PGD,0.7,FGSM,0.9,9.60655737704918,6.0,0,44
engr0,LG,PGD,0.7,FGSM,1.0,9.819672131147541,6.0,0,44
engr0,MOTO,PGD,0.7,FGSM,0.1,3.3278688524590163,1.0,0,34
engr0,MOTO,PGD,0.7,FGSM,0.2,21.147540983606557,18.0,0,55
engr0,MOTO,PGD,0.7,FGSM,0.3,13.754098360655737,7.0,0,57
engr0,MOTO,PGD,0.7,FGSM,0.4,12.901639344262295,8.0,0,57
engr0,MOTO,PGD,0.7,FGSM,0.5,13.278688524590164,10.0,0,57
engr0,MOTO,PGD,0.7,FGSM,0.6,12.655737704918034,8.0,0,57
engr0,MOTO,PGD,0.7,FGSM,0.7,12.229508196721312,8.0,0,57
engr0,MOTO,PGD,0.7,FGSM,0.8,11.819672131147541,7.0,0,57
engr0,MOTO,PGD,0.7,FGSM,0.9,13.032786885245901,10.0,0,57
engr0,MOTO,PGD,0.7,FGSM,1.0,13.065573770491802,10.0,0,57
engr0,OP3,PGD,0.7,FGSM,0.1,1.1311475409836065,1.0,0,7
engr0,OP3,PGD,0.7,FGSM,0.2,22.065573770491802,18.0,0,56
engr0,OP3,PGD,0.7,FGSM,0.3,6.163934426229508,4.0,0,40
engr0,OP3,PGD,0.7,FGSM,0.4,6.180327868852459,3.0,0,45
engr0,OP3,PGD,0.7,FGSM,0.5,4.918032786885246,3.0,0,29
engr0,OP3,PGD,0.7,FGSM,0.6,5.19672131147541,4.0,0,29
engr0,OP3,PGD,0.7,FGSM,0.7,5.262295081967213,4.0,0,29
engr0,OP3,PGD,0.7,FGSM,0.8,5.327868852459017,3.0,0,29
engr0,OP3,PGD,0.7,FGSM,0.9,5.245901639344262,3.0,0,29
engr0,OP3,PGD,0.7,FGSM,1.0,5.229508196721311,3.0,0,29
engr0,S7,PGD,0.7,FGSM,0.1,1.9672131147540983,1.0,0,10
engr0,S7,PGD,0.7,FGSM,0.2,18.18032786885246,12.0,0,57
engr0,S7,PGD,0.7,FGSM,0.3,8.721311475409836,4.0,0,50
engr0,S7,PGD,0.7,FGSM,0.4,8.721311475409836,4.0,0,45
engr0,S7,PGD,0.7,FGSM,0.5,8.950819672131148,4.0,0,46
engr0,S7,PGD,0.7,FGSM,0.6,8.62295081967213,4.0,0,45
engr0,S7,PGD,0.7,FGSM,0.7,7.590163934426229,5.0,0,45
engr0,S7,PGD,0.7,FGSM,0.8,7.081967213114754,4.0,0,45
engr0,S7,PGD,0.7,FGSM,0.9,6.377049180327869,4.0,0,27
engr0,S7,PGD,0.7,FGSM,1.0,6.213114754098361,4.0,0,27
engr0,BLU,PGD,0.8,FGSM,0.1,2.3934426229508197,2.0,0,11
engr0,BLU,PGD,0.8,FGSM,0.2,14.245901639344263,8.0,0,55
engr0,BLU,PGD,0.8,FGSM,0.3,7.098360655737705,4.0,0,45
engr0,BLU,PGD,0.8,FGSM,0.4,7.049180327868853,4.0,0,45
engr0,BLU,PGD,0.8,FGSM,0.5,5.295081967213115,4.0,0,20
engr0,BLU,PGD,0.8,FGSM,0.6,5.39344262295082,4.0,0,20
engr0,BLU,PGD,0.8,FGSM,0.7,5.885245901639344,4.0,0,20
engr0,BLU,PGD,0.8,FGSM,0.8,5.918032786885246,4.0,0,20
engr0,BLU,PGD,0.8,FGSM,0.9,6.049180327868853,4.0,0,19
engr0,BLU,PGD,0.8,FGSM,1.0,6.032786885245901,4.0,0,19
engr0,HTC,PGD,0.8,FGSM,0.1,2.8852459016393444,2.0,0,20
engr0,HTC,PGD,0.8,FGSM,0.2,8.721311475409836,5.0,0,52
engr0,HTC,PGD,0.8,FGSM,0.3,13.475409836065573,8.0,0,52
engr0,HTC,PGD,0.8,FGSM,0.4,13.163934426229508,9.0,0,49
engr0,HTC,PGD,0.8,FGSM,0.5,12.934426229508198,9.0,0,48
engr0,HTC,PGD,0.8,FGSM,0.6,11.868852459016393,7.0,0,45
engr0,HTC,PGD,0.8,FGSM,0.7,11.60655737704918,7.0,0,45
engr0,HTC,PGD,0.8,FGSM,0.8,12.065573770491802,8.0,0,45
engr0,HTC,PGD,0.8,FGSM,0.9,10.918032786885245,7.0,0,45
engr0,HTC,PGD,0.8,FGSM,1.0,11.245901639344263,8.0,0,45
engr0,LG,PGD,0.8,FGSM,0.1,1.8360655737704918,1.0,0,8
engr0,LG,PGD,0.8,FGSM,0.2,9.901639344262295,4.0,0,46
engr0,LG,PGD,0.8,FGSM,0.3,11.836065573770492,7.0,0,47
engr0,LG,PGD,0.8,FGSM,0.4,11.639344262295081,7.0,0,45
engr0,LG,PGD,0.8,FGSM,0.5,11.442622950819672,7.0,0,45
engr0,LG,PGD,0.8,FGSM,0.6,10.639344262295081,7.0,0,45
engr0,LG,PGD,0.8,FGSM,0.7,10.459016393442623,7.0,0,45
engr0,LG,PGD,0.8,FGSM,0.8,9.721311475409836,6.0,0,44
engr0,LG,PGD,0.8,FGSM,0.9,9.60655737704918,6.0,0,44
engr0,LG,PGD,0.8,FGSM,1.0,9.819672131147541,6.0,0,44
engr0,MOTO,PGD,0.8,FGSM,0.1,3.3278688524590163,1.0,0,34
engr0,MOTO,PGD,0.8,FGSM,0.2,21.147540983606557,18.0,0,55
engr0,MOTO,PGD,0.8,FGSM,0.3,13.754098360655737,7.0,0,57
engr0,MOTO,PGD,0.8,FGSM,0.4,12.901639344262295,8.0,0,57
engr0,MOTO,PGD,0.8,FGSM,0.5,13.278688524590164,10.0,0,57
engr0,MOTO,PGD,0.8,FGSM,0.6,12.655737704918034,8.0,0,57
engr0,MOTO,PGD,0.8,FGSM,0.7,12.229508196721312,8.0,0,57
engr0,MOTO,PGD,0.8,FGSM,0.8,11.819672131147541,7.0,0,57
engr0,MOTO,PGD,0.8,FGSM,0.9,13.032786885245901,10.0,0,57
engr0,MOTO,PGD,0.8,FGSM,1.0,13.065573770491802,10.0,0,57
engr0,OP3,PGD,0.8,FGSM,0.1,1.1311475409836065,1.0,0,7
engr0,OP3,PGD,0.8,FGSM,0.2,22.065573770491802,18.0,0,56
engr0,OP3,PGD,0.8,FGSM,0.3,6.163934426229508,4.0,0,40
engr0,OP3,PGD,0.8,FGSM,0.4,6.180327868852459,3.0,0,45
engr0,OP3,PGD,0.8,FGSM,0.5,4.918032786885246,3.0,0,29
engr0,OP3,PGD,0.8,FGSM,0.6,5.19672131147541,4.0,0,29
engr0,OP3,PGD,0.8,FGSM,0.7,5.262295081967213,4.0,0,29
engr0,OP3,PGD,0.8,FGSM,0.8,5.327868852459017,3.0,0,29
engr0,OP3,PGD,0.8,FGSM,0.9,5.245901639344262,3.0,0,29
engr0,OP3,PGD,0.8,FGSM,1.0,5.229508196721311,3.0,0,29
engr0,S7,PGD,0.8,FGSM,0.1,1.9672131147540983,1.0,0,10
engr0,S7,PGD,0.8,FGSM,0.2,18.18032786885246,12.0,0,57
engr0,S7,PGD,0.8,FGSM,0.3,8.721311475409836,4.0,0,50
engr0,S7,PGD,0.8,FGSM,0.4,8.721311475409836,4.0,0,45
engr0,S7,PGD,0.8,FGSM,0.5,8.950819672131148,4.0,0,46
engr0,S7,PGD,0.8,FGSM,0.6,8.62295081967213,4.0,0,45
engr0,S7,PGD,0.8,FGSM,0.7,7.590163934426229,5.0,0,45
engr0,S7,PGD,0.8,FGSM,0.8,7.081967213114754,4.0,0,45
engr0,S7,PGD,0.8,FGSM,0.9,6.377049180327869,4.0,0,27
engr0,S7,PGD,0.8,FGSM,1.0,6.213114754098361,4.0,0,27
engr0,BLU,PGD,0.9,FGSM,0.1,2.3934426229508197,2.0,0,11
engr0,BLU,PGD,0.9,FGSM,0.2,14.245901639344263,8.0,0,55
engr0,BLU,PGD,0.9,FGSM,0.3,7.098360655737705,4.0,0,45
engr0,BLU,PGD,0.9,FGSM,0.4,7.049180327868853,4.0,0,45
engr0,BLU,PGD,0.9,FGSM,0.5,5.295081967213115,4.0,0,20
engr0,BLU,PGD,0.9,FGSM,0.6,5.39344262295082,4.0,0,20
engr0,BLU,PGD,0.9,FGSM,0.7,5.885245901639344,4.0,0,20
engr0,BLU,PGD,0.9,FGSM,0.8,5.918032786885246,4.0,0,20
engr0,BLU,PGD,0.9,FGSM,0.9,6.049180327868853,4.0,0,19
engr0,BLU,PGD,0.9,FGSM,1.0,6.032786885245901,4.0,0,19
engr0,HTC,PGD,0.9,FGSM,0.1,2.8852459016393444,2.0,0,20
engr0,HTC,PGD,0.9,FGSM,0.2,8.721311475409836,5.0,0,52
engr0,HTC,PGD,0.9,FGSM,0.3,13.475409836065573,8.0,0,52
engr0,HTC,PGD,0.9,FGSM,0.4,13.163934426229508,9.0,0,49
engr0,HTC,PGD,0.9,FGSM,0.5,12.934426229508198,9.0,0,48
engr0,HTC,PGD,0.9,FGSM,0.6,11.868852459016393,7.0,0,45
engr0,HTC,PGD,0.9,FGSM,0.7,11.60655737704918,7.0,0,45
engr0,HTC,PGD,0.9,FGSM,0.8,12.065573770491802,8.0,0,45
engr0,HTC,PGD,0.9,FGSM,0.9,10.918032786885245,7.0,0,45
engr0,HTC,PGD,0.9,FGSM,1.0,11.245901639344263,8.0,0,45
engr0,LG,PGD,0.9,FGSM,0.1,1.8360655737704918,1.0,0,8
engr0,LG,PGD,0.9,FGSM,0.2,9.901639344262295,4.0,0,46
engr0,LG,PGD,0.9,FGSM,0.3,11.836065573770492,7.0,0,47
engr0,LG,PGD,0.9,FGSM,0.4,11.639344262295081,7.0,0,45
engr0,LG,PGD,0.9,FGSM,0.5,11.442622950819672,7.0,0,45
engr0,LG,PGD,0.9,FGSM,0.6,10.639344262295081,7.0,0,45
engr0,LG,PGD,0.9,FGSM,0.7,10.459016393442623,7.0,0,45
engr0,LG,PGD,0.9,FGSM,0.8,9.721311475409836,6.0,0,44
engr0,LG,PGD,0.9,FGSM,0.9,9.60655737704918,6.0,0,44
engr0,LG,PGD,0.9,FGSM,1.0,9.819672131147541,6.0,0,44
engr0,MOTO,PGD,0.9,FGSM,0.1,3.3278688524590163,1.0,0,34
engr0,MOTO,PGD,0.9,FGSM,0.2,21.147540983606557,18.0,0,55
engr0,MOTO,PGD,0.9,FGSM,0.3,13.754098360655737,7.0,0,57
engr0,MOTO,PGD,0.9,FGSM,0.4,12.901639344262295,8.0,0,57
engr0,MOTO,PGD,0.9,FGSM,0.5,13.278688524590164,10.0,0,57
engr0,MOTO,PGD,0.9,FGSM,0.6,12.655737704918034,8.0,0,57
engr0,MOTO,PGD,0.9,FGSM,0.7,12.229508196721312,8.0,0,57
engr0,MOTO,PGD,0.9,FGSM,0.8,11.819672131147541,7.0,0,57
engr0,MOTO,PGD,0.9,FGSM,0.9,13.032786885245901,10.0,0,57
engr0,MOTO,PGD,0.9,FGSM,1.0,13.065573770491802,10.0,0,57
engr0,OP3,PGD,0.9,FGSM,0.1,1.1311475409836065,1.0,0,7
engr0,OP3,PGD,0.9,FGSM,0.2,22.065573770491802,18.0,0,56
engr0,OP3,PGD,0.9,FGSM,0.3,6.163934426229508,4.0,0,40
engr0,OP3,PGD,0.9,FGSM,0.4,6.180327868852459,3.0,0,45
engr0,OP3,PGD,0.9,FGSM,0.5,4.918032786885246,3.0,0,29
engr0,OP3,PGD,0.9,FGSM,0.6,5.19672131147541,4.0,0,29
engr0,OP3,PGD,0.9,FGSM,0.7,5.262295081967213,4.0,0,29
engr0,OP3,PGD,0.9,FGSM,0.8,5.327868852459017,3.0,0,29
engr0,OP3,PGD,0.9,FGSM,0.9,5.245901639344262,3.0,0,29
engr0,OP3,PGD,0.9,FGSM,1.0,5.229508196721311,3.0,0,29
engr0,S7,PGD,0.9,FGSM,0.1,1.9672131147540983,1.0,0,10
engr0,S7,PGD,0.9,FGSM,0.2,18.18032786885246,12.0,0,57
engr0,S7,PGD,0.9,FGSM,0.3,8.721311475409836,4.0,0,50
engr0,S7,PGD,0.9,FGSM,0.4,8.721311475409836,4.0,0,45
engr0,S7,PGD,0.9,FGSM,0.5,8.950819672131148,4.0,0,46
engr0,S7,PGD,0.9,FGSM,0.6,8.62295081967213,4.0,0,45
engr0,S7,PGD,0.9,FGSM,0.7,7.590163934426229,5.0,0,45
engr0,S7,PGD,0.9,FGSM,0.8,7.081967213114754,4.0,0,45
engr0,S7,PGD,0.9,FGSM,0.9,6.377049180327869,4.0,0,27
engr0,S7,PGD,0.9,FGSM,1.0,6.213114754098361,4.0,0,27
engr0,BLU,PGD,1.0,FGSM,0.1,2.3934426229508197,2.0,0,11
engr0,BLU,PGD,1.0,FGSM,0.2,14.245901639344263,8.0,0,55
engr0,BLU,PGD,1.0,FGSM,0.3,7.098360655737705,4.0,0,45
engr0,BLU,PGD,1.0,FGSM,0.4,7.049180327868853,4.0,0,45
engr0,BLU,PGD,1.0,FGSM,0.5,5.295081967213115,4.0,0,20
engr0,BLU,PGD,1.0,FGSM,0.6,5.39344262295082,4.0,0,20
engr0,BLU,PGD,1.0,FGSM,0.7,5.885245901639344,4.0,0,20
engr0,BLU,PGD,1.0,FGSM,0.8,5.918032786885246,4.0,0,20
engr0,BLU,PGD,1.0,FGSM,0.9,6.049180327868853,4.0,0,19
engr0,BLU,PGD,1.0,FGSM,1.0,6.032786885245901,4.0,0,19
engr0,HTC,PGD,1.0,FGSM,0.1,2.8852459016393444,2.0,0,20
engr0,HTC,PGD,1.0,FGSM,0.2,8.721311475409836,5.0,0,52
engr0,HTC,PGD,1.0,FGSM,0.3,13.475409836065573,8.0,0,52
engr0,HTC,PGD,1.0,FGSM,0.4,13.163934426229508,9.0,0,49
engr0,HTC,PGD,1.0,FGSM,0.5,12.934426229508198,9.0,0,48
engr0,HTC,PGD,1.0,FGSM,0.6,11.868852459016393,7.0,0,45
engr0,HTC,PGD,1.0,FGSM,0.7,11.60655737704918,7.0,0,45
engr0,HTC,PGD,1.0,FGSM,0.8,12.065573770491802,8.0,0,45
engr0,HTC,PGD,1.0,FGSM,0.9,10.918032786885245,7.0,0,45
engr0,HTC,PGD,1.0,FGSM,1.0,11.245901639344263,8.0,0,45
engr0,LG,PGD,1.0,FGSM,0.1,1.8360655737704918,1.0,0,8
engr0,LG,PGD,1.0,FGSM,0.2,9.901639344262295,4.0,0,46
engr0,LG,PGD,1.0,FGSM,0.3,11.836065573770492,7.0,0,47
engr0,LG,PGD,1.0,FGSM,0.4,11.639344262295081,7.0,0,45
engr0,LG,PGD,1.0,FGSM,0.5,11.442622950819672,7.0,0,45
engr0,LG,PGD,1.0,FGSM,0.6,10.639344262295081,7.0,0,45
engr0,LG,PGD,1.0,FGSM,0.7,10.459016393442623,7.0,0,45
engr0,LG,PGD,1.0,FGSM,0.8,9.721311475409836,6.0,0,44
engr0,LG,PGD,1.0,FGSM,0.9,9.60655737704918,6.0,0,44
engr0,LG,PGD,1.0,FGSM,1.0,9.819672131147541,6.0,0,44
engr0,MOTO,PGD,1.0,FGSM,0.1,3.3278688524590163,1.0,0,34
engr0,MOTO,PGD,1.0,FGSM,0.2,21.147540983606557,18.0,0,55
engr0,MOTO,PGD,1.0,FGSM,0.3,13.754098360655737,7.0,0,57
engr0,MOTO,PGD,1.0,FGSM,0.4,12.901639344262295,8.0,0,57
engr0,MOTO,PGD,1.0,FGSM,0.5,13.278688524590164,10.0,0,57
engr0,MOTO,PGD,1.0,FGSM,0.6,12.655737704918034,8.0,0,57
engr0,MOTO,PGD,1.0,FGSM,0.7,12.229508196721312,8.0,0,57
engr0,MOTO,PGD,1.0,FGSM,0.8,11.819672131147541,7.0,0,57
engr0,MOTO,PGD,1.0,FGSM,0.9,13.032786885245901,10.0,0,57
engr0,MOTO,PGD,1.0,FGSM,1.0,13.065573770491802,10.0,0,57
engr0,OP3,PGD,1.0,FGSM,0.1,1.1311475409836065,1.0,0,7
engr0,OP3,PGD,1.0,FGSM,0.2,22.065573770491802,18.0,0,56
engr0,OP3,PGD,1.0,FGSM,0.3,6.163934426229508,4.0,0,40
engr0,OP3,PGD,1.0,FGSM,0.4,6.180327868852459,3.0,0,45
engr0,OP3,PGD,1.0,FGSM,0.5,4.918032786885246,3.0,0,29
engr0,OP3,PGD,1.0,FGSM,0.6,5.19672131147541,4.0,0,29
engr0,OP3,PGD,1.0,FGSM,0.7,5.262295081967213,4.0,0,29
engr0,OP3,PGD,1.0,FGSM,0.8,5.327868852459017,3.0,0,29
engr0,OP3,PGD,1.0,FGSM,0.9,5.245901639344262,3.0,0,29
engr0,OP3,PGD,1.0,FGSM,1.0,5.229508196721311,3.0,0,29
engr0,S7,PGD,1.0,FGSM,0.1,1.9672131147540983,1.0,0,10
engr0,S7,PGD,1.0,FGSM,0.2,18.18032786885246,12.0,0,57
engr0,S7,PGD,1.0,FGSM,0.3,8.721311475409836,4.0,0,50
engr0,S7,PGD,1.0,FGSM,0.4,8.721311475409836,4.0,0,45
engr0,S7,PGD,1.0,FGSM,0.5,8.950819672131148,4.0,0,46
engr0,S7,PGD,1.0,FGSM,0.6,8.62295081967213,4.0,0,45
engr0,S7,PGD,1.0,FGSM,0.7,7.590163934426229,5.0,0,45
engr0,S7,PGD,1.0,FGSM,0.8,7.081967213114754,4.0,0,45
engr0,S7,PGD,1.0,FGSM,0.9,6.377049180327869,4.0,0,27
engr0,S7,PGD,1.0,FGSM,1.0,6.213114754098361,4.0,0,27
engr0,BLU,MIM,0.1,FGSM,0.1,1.9180327868852458,1.0,0,7
engr0,BLU,MIM,0.1,FGSM,0.2,1.7704918032786885,1.0,0,7
engr0,BLU,MIM,0.1,FGSM,0.3,4.622950819672131,3.0,0,43
engr0,BLU,MIM,0.1,FGSM,0.4,11.836065573770492,6.0,0,50
engr0,BLU,MIM,0.1,FGSM,0.5,16.721311475409838,8.0,0,54
engr0,BLU,MIM,0.1,FGSM,0.6,16.34426229508197,8.0,0,52
engr0,BLU,MIM,0.1,FGSM,0.7,16.918032786885245,10.0,0,52
engr0,BLU,MIM,0.1,FGSM,0.8,17.098360655737704,11.0,0,50
engr0,BLU,MIM,0.1,FGSM,0.9,16.868852459016395,11.0,0,50
engr0,BLU,MIM,0.1,FGSM,1.0,17.131147540983605,12.0,0,50
engr0,HTC,MIM,0.1,FGSM,0.1,2.442622950819672,2.0,0,7
engr0,HTC,MIM,0.1,FGSM,0.2,2.081967213114754,2.0,0,9
engr0,HTC,MIM,0.1,FGSM,0.3,2.7868852459016393,2.0,0,9
engr0,HTC,MIM,0.1,FGSM,0.4,5.311475409836065,4.0,0,36
engr0,HTC,MIM,0.1,FGSM,0.5,9.442622950819672,4.0,0,51
engr0,HTC,MIM,0.1,FGSM,0.6,9.344262295081966,4.0,0,51
engr0,HTC,MIM,0.1,FGSM,0.7,9.819672131147541,5.0,0,51
engr0,HTC,MIM,0.1,FGSM,0.8,10.655737704918034,5.0,0,51
engr0,HTC,MIM,0.1,FGSM,0.9,12.262295081967213,9.0,0,51
engr0,HTC,MIM,0.1,FGSM,1.0,12.885245901639344,9.0,0,50
engr0,LG,MIM,0.1,FGSM,0.1,2.4262295081967213,2.0,0,9
engr0,LG,MIM,0.1,FGSM,0.2,2.3278688524590163,2.0,0,10
engr0,LG,MIM,0.1,FGSM,0.3,2.7868852459016393,2.0,0,9
engr0,LG,MIM,0.1,FGSM,0.4,7.081967213114754,3.0,0,46
engr0,LG,MIM,0.1,FGSM,0.5,10.885245901639344,4.0,0,46
engr0,LG,MIM,0.1,FGSM,0.6,12.60655737704918,5.0,0,48
engr0,LG,MIM,0.1,FGSM,0.7,13.262295081967213,6.0,0,48
engr0,LG,MIM,0.1,FGSM,0.8,14.163934426229508,8.0,0,43
engr0,LG,MIM,0.1,FGSM,0.9,15.491803278688524,11.0,0,43
engr0,LG,MIM,0.1,FGSM,1.0,16.147540983606557,12.0,0,43
engr0,MOTO,MIM,0.1,FGSM,0.1,3.3442622950819674,2.0,0,22
engr0,MOTO,MIM,0.1,FGSM,0.2,3.3442622950819674,2.0,0,22
engr0,MOTO,MIM,0.1,FGSM,0.3,5.852459016393443,3.0,0,55
engr0,MOTO,MIM,0.1,FGSM,0.4,7.836065573770492,4.0,0,55
engr0,MOTO,MIM,0.1,FGSM,0.5,8.770491803278688,4.0,0,55
engr0,MOTO,MIM,0.1,FGSM,0.6,10.0,4.0,0,55
engr0,MOTO,MIM,0.1,FGSM,0.7,11.491803278688524,9.0,0,55
engr0,MOTO,MIM,0.1,FGSM,0.8,13.59016393442623,10.0,0,55
engr0,MOTO,MIM,0.1,FGSM,0.9,14.262295081967213,10.0,0,55
engr0,MOTO,MIM,0.1,FGSM,1.0,14.721311475409836,11.0,0,55
engr0,OP3,MIM,0.1,FGSM,0.1,0.7540983606557377,0.0,0,4
engr0,OP3,MIM,0.1,FGSM,0.2,1.0491803278688525,0.0,0,8
engr0,OP3,MIM,0.1,FGSM,0.3,4.704918032786885,2.0,0,55
engr0,OP3,MIM,0.1,FGSM,0.4,10.475409836065573,3.0,0,56
engr0,OP3,MIM,0.1,FGSM,0.5,11.344262295081966,3.0,0,56
engr0,OP3,MIM,0.1,FGSM,0.6,12.360655737704919,6.0,0,55
engr0,OP3,MIM,0.1,FGSM,0.7,13.934426229508198,12.0,0,55
engr0,OP3,MIM,0.1,FGSM,0.8,15.491803278688524,14.0,0,55
engr0,OP3,MIM,0.1,FGSM,0.9,15.278688524590164,14.0,0,55
engr0,OP3,MIM,0.1,FGSM,1.0,15.491803278688524,14.0,0,55
engr0,S7,MIM,0.1,FGSM,0.1,1.540983606557377,1.0,0,7
engr0,S7,MIM,0.1,FGSM,0.2,1.721311475409836,1.0,0,9
engr0,S7,MIM,0.1,FGSM,0.3,3.4262295081967213,2.0,0,45
engr0,S7,MIM,0.1,FGSM,0.4,12.836065573770492,4.0,0,52
engr0,S7,MIM,0.1,FGSM,0.5,16.918032786885245,5.0,0,57
engr0,S7,MIM,0.1,FGSM,0.6,16.360655737704917,5.0,0,53
engr0,S7,MIM,0.1,FGSM,0.7,16.311475409836067,6.0,0,53
engr0,S7,MIM,0.1,FGSM,0.8,16.852459016393443,8.0,0,53
engr0,S7,MIM,0.1,FGSM,0.9,18.147540983606557,14.0,0,53
engr0,S7,MIM,0.1,FGSM,1.0,18.18032786885246,15.0,0,53
engr0,BLU,MIM,0.2,FGSM,0.1,2.3934426229508197,2.0,0,11
engr0,BLU,MIM,0.2,FGSM,0.2,3.0655737704918034,3.0,0,10
engr0,BLU,MIM,0.2,FGSM,0.3,2.7704918032786887,2.0,0,10
engr0,BLU,MIM,0.2,FGSM,0.4,3.1311475409836067,2.0,0,16
engr0,BLU,MIM,0.2,FGSM,0.5,3.5737704918032787,2.0,0,17
engr0,BLU,MIM,0.2,FGSM,0.6,7.262295081967213,4.0,0,43
engr0,BLU,MIM,0.2,FGSM,0.7,10.950819672131148,7.0,0,43
engr0,BLU,MIM,0.2,FGSM,0.8,14.524590163934427,9.0,0,53
engr0,BLU,MIM,0.2,FGSM,0.9,16.327868852459016,12.0,0,50
engr0,BLU,MIM,0.2,FGSM,1.0,18.540983606557376,14.0,0,50
engr0,HTC,MIM,0.2,FGSM,0.1,2.8852459016393444,2.0,0,20
engr0,HTC,MIM,0.2,FGSM,0.2,5.114754098360656,3.0,0,25
engr0,HTC,MIM,0.2,FGSM,0.3,4.016393442622951,3.0,0,25
engr0,HTC,MIM,0.2,FGSM,0.4,3.540983606557377,3.0,0,23
engr0,HTC,MIM,0.2,FGSM,0.5,3.278688524590164,3.0,0,23
engr0,HTC,MIM,0.2,FGSM,0.6,3.721311475409836,3.0,0,15
engr0,HTC,MIM,0.2,FGSM,0.7,6.688524590163935,5.0,0,35
engr0,HTC,MIM,0.2,FGSM,0.8,7.475409836065574,5.0,0,35
engr0,HTC,MIM,0.2,FGSM,0.9,8.01639344262295,5.0,0,35
engr0,HTC,MIM,0.2,FGSM,1.0,9.852459016393443,5.0,0,50
engr0,LG,MIM,0.2,FGSM,0.1,1.8360655737704918,1.0,0,8
engr0,LG,MIM,0.2,FGSM,0.2,3.622950819672131,3.0,0,18
engr0,LG,MIM,0.2,FGSM,0.3,3.1475409836065573,2.0,0,18
engr0,LG,MIM,0.2,FGSM,0.4,2.7540983606557377,2.0,0,18
engr0,LG,MIM,0.2,FGSM,0.5,3.1475409836065573,2.0,0,12
engr0,LG,MIM,0.2,FGSM,0.6,4.377049180327869,3.0,0,22
engr0,LG,MIM,0.2,FGSM,0.7,7.163934426229508,4.0,0,45
engr0,LG,MIM,0.2,FGSM,0.8,8.967213114754099,5.0,0,46
engr0,LG,MIM,0.2,FGSM,0.9,10.311475409836065,5.0,0,46
engr0,LG,MIM,0.2,FGSM,1.0,11.885245901639344,7.0,0,46
engr0,MOTO,MIM,0.2,FGSM,0.1,3.5245901639344264,2.0,0,34
engr0,MOTO,MIM,0.2,FGSM,0.2,5.39344262295082,4.0,0,43
engr0,MOTO,MIM,0.2,FGSM,0.3,5.262295081967213,3.0,0,43
engr0,MOTO,MIM,0.2,FGSM,0.4,5.590163934426229,4.0,0,43
engr0,MOTO,MIM,0.2,FGSM,0.5,6.655737704918033,4.0,0,43
engr0,MOTO,MIM,0.2,FGSM,0.6,9.459016393442623,6.0,0,43
engr0,MOTO,MIM,0.2,FGSM,0.7,11.114754098360656,7.0,0,54
engr0,MOTO,MIM,0.2,FGSM,0.8,11.508196721311476,7.0,0,54
engr0,MOTO,MIM,0.2,FGSM,0.9,12.327868852459016,8.0,0,55
engr0,MOTO,MIM,0.2,FGSM,1.0,12.62295081967213,8.0,0,55
engr0,OP3,MIM,0.2,FGSM,0.1,1.180327868852459,1.0,0,7
engr0,OP3,MIM,0.2,FGSM,0.2,1.6885245901639345,1.0,0,9
engr0,OP3,MIM,0.2,FGSM,0.3,1.3934426229508197,1.0,0,8
engr0,OP3,MIM,0.2,FGSM,0.4,2.0491803278688523,2.0,0,10
engr0,OP3,MIM,0.2,FGSM,0.5,3.3278688524590163,2.0,0,29
engr0,OP3,MIM,0.2,FGSM,0.6,8.163934426229508,3.0,0,55
engr0,OP3,MIM,0.2,FGSM,0.7,10.442622950819672,5.0,0,55
engr0,OP3,MIM,0.2,FGSM,0.8,13.327868852459016,7.0,0,56
engr0,OP3,MIM,0.2,FGSM,0.9,13.704918032786885,7.0,0,56
engr0,OP3,MIM,0.2,FGSM,1.0,13.918032786885245,8.0,0,56
engr0,S7,MIM,0.2,FGSM,0.1,1.9672131147540983,1.0,0,10
engr0,S7,MIM,0.2,FGSM,0.2,3.557377049180328,2.0,0,19
engr0,S7,MIM,0.2,FGSM,0.3,3.0327868852459017,2.0,0,18
engr0,S7,MIM,0.2,FGSM,0.4,3.1311475409836067,2.0,0,16
engr0,S7,MIM,0.2,FGSM,0.5,3.3934426229508197,2.0,0,22
engr0,S7,MIM,0.2,FGSM,0.6,5.901639344262295,4.0,0,42
engr0,S7,MIM,0.2,FGSM,0.7,10.147540983606557,7.0,0,46
engr0,S7,MIM,0.2,FGSM,0.8,12.950819672131148,8.0,0,52
engr0,S7,MIM,0.2,FGSM,0.9,15.688524590163935,11.0,0,52
engr0,S7,MIM,0.2,FGSM,1.0,18.24590163934426,15.0,0,52
engr0,BLU,MIM,0.3,FGSM,0.1,2.3934426229508197,2.0,0,11
engr0,BLU,MIM,0.3,FGSM,0.2,6.245901639344262,5.0,0,16
engr0,BLU,MIM,0.3,FGSM,0.3,5.180327868852459,4.0,0,15
engr0,BLU,MIM,0.3,FGSM,0.4,4.131147540983607,4.0,0,14
engr0,BLU,MIM,0.3,FGSM,0.5,3.622950819672131,3.0,0,11
engr0,BLU,MIM,0.3,FGSM,0.6,3.540983606557377,3.0,0,12
engr0,BLU,MIM,0.3,FGSM,0.7,3.2295081967213113,3.0,0,12
engr0,BLU,MIM,0.3,FGSM,0.8,3.2459016393442623,2.0,0,16
engr0,BLU,MIM,0.3,FGSM,0.9,3.2950819672131146,2.0,0,16
engr0,BLU,MIM,0.3,FGSM,1.0,4.213114754098361,2.0,0,21
engr0,HTC,MIM,0.3,FGSM,0.1,2.8852459016393444,2.0,0,20
engr0,HTC,MIM,0.3,FGSM,0.2,11.344262295081966,6.0,0,49
engr0,HTC,MIM,0.3,FGSM,0.3,7.60655737704918,5.0,0,45
engr0,HTC,MIM,0.3,FGSM,0.4,6.721311475409836,5.0,0,37
engr0,HTC,MIM,0.3,FGSM,0.5,6.409836065573771,4.0,0,25
engr0,HTC,MIM,0.3,FGSM,0.6,6.60655737704918,4.0,0,25
engr0,HTC,MIM,0.3,FGSM,0.7,6.655737704918033,3.0,0,24
engr0,HTC,MIM,0.3,FGSM,0.8,6.885245901639344,4.0,0,24
engr0,HTC,MIM,0.3,FGSM,0.9,7.147540983606557,4.0,0,24
engr0,HTC,MIM,0.3,FGSM,1.0,7.049180327868853,4.0,0,24
engr0,LG,MIM,0.3,FGSM,0.1,1.8360655737704918,1.0,0,8
engr0,LG,MIM,0.3,FGSM,0.2,8.295081967213115,5.0,0,45
engr0,LG,MIM,0.3,FGSM,0.3,5.131147540983607,4.0,0,26
engr0,LG,MIM,0.3,FGSM,0.4,4.557377049180328,3.0,0,20
engr0,LG,MIM,0.3,FGSM,0.5,3.9836065573770494,3.0,0,20
engr0,LG,MIM,0.3,FGSM,0.6,3.918032786885246,3.0,0,20
engr0,LG,MIM,0.3,FGSM,0.7,4.049180327868853,3.0,0,20
engr0,LG,MIM,0.3,FGSM,0.8,5.229508196721311,3.0,0,21
engr0,LG,MIM,0.3,FGSM,0.9,5.655737704918033,3.0,0,23
engr0,LG,MIM,0.3,FGSM,1.0,6.475409836065574,4.0,0,23
engr0,MOTO,MIM,0.3,FGSM,0.1,3.3278688524590163,1.0,0,34
engr0,MOTO,MIM,0.3,FGSM,0.2,10.639344262295081,6.0,0,52
engr0,MOTO,MIM,0.3,FGSM,0.3,9.147540983606557,5.0,0,52
engr0,MOTO,MIM,0.3,FGSM,0.4,8.655737704918034,5.0,0,44
engr0,MOTO,MIM,0.3,FGSM,0.5,8.426229508196721,4.0,0,44
engr0,MOTO,MIM,0.3,FGSM,0.6,8.639344262295081,4.0,0,44
engr0,MOTO,MIM,0.3,FGSM,0.7,9.098360655737705,5.0,0,44
engr0,MOTO,MIM,0.3,FGSM,0.8,9.540983606557377,5.0,0,44
engr0,MOTO,MIM,0.3,FGSM,0.9,9.60655737704918,6.0,0,44
engr0,MOTO,MIM,0.3,FGSM,1.0,10.770491803278688,8.0,0,44
engr0,OP3,MIM,0.3,FGSM,0.1,1.1311475409836065,1.0,0,7
engr0,OP3,MIM,0.3,FGSM,0.2,4.065573770491803,3.0,0,17
engr0,OP3,MIM,0.3,FGSM,0.3,3.4754098360655736,3.0,0,17
engr0,OP3,MIM,0.3,FGSM,0.4,2.737704918032787,2.0,0,13
engr0,OP3,MIM,0.3,FGSM,0.5,3.1639344262295084,2.0,0,14
engr0,OP3,MIM,0.3,FGSM,0.6,3.0,2.0,0,14
engr0,OP3,MIM,0.3,FGSM,0.7,2.4918032786885247,2.0,0,15
engr0,OP3,MIM,0.3,FGSM,0.8,2.8688524590163933,2.0,0,17
engr0,OP3,MIM,0.3,FGSM,0.9,4.147540983606557,3.0,0,20
engr0,OP3,MIM,0.3,FGSM,1.0,5.786885245901639,3.0,0,28
engr0,S7,MIM,0.3,FGSM,0.1,1.9672131147540983,1.0,0,10
engr0,S7,MIM,0.3,FGSM,0.2,8.0,5.0,0,45
engr0,S7,MIM,0.3,FGSM,0.3,5.016393442622951,3.0,0,45
engr0,S7,MIM,0.3,FGSM,0.4,3.901639344262295,2.0,0,19
engr0,S7,MIM,0.3,FGSM,0.5,3.9672131147540983,3.0,0,19
engr0,S7,MIM,0.3,FGSM,0.6,4.081967213114754,3.0,0,19
engr0,S7,MIM,0.3,FGSM,0.7,4.262295081967213,3.0,0,19
engr0,S7,MIM,0.3,FGSM,0.8,4.180327868852459,3.0,0,19
engr0,S7,MIM,0.3,FGSM,0.9,4.770491803278689,3.0,0,22
engr0,S7,MIM,0.3,FGSM,1.0,5.0,3.0,0,22
engr0,BLU,MIM,0.4,FGSM,0.1,2.3934426229508197,2.0,0,11
engr0,BLU,MIM,0.4,FGSM,0.2,15.114754098360656,9.0,0,55
engr0,BLU,MIM,0.4,FGSM,0.3,9.180327868852459,7.0,0,45
engr0,BLU,MIM,0.4,FGSM,0.4,6.524590163934426,5.0,0,18
engr0,BLU,MIM,0.4,FGSM,0.5,5.836065573770492,4.0,0,18
engr0,BLU,MIM,0.4,FGSM,0.6,4.983606557377049,4.0,0,15
engr0,BLU,MIM,0.4,FGSM,0.7,4.065573770491803,3.0,0,15
engr0,BLU,MIM,0.4,FGSM,0.8,4.0,3.0,0,15
engr0,BLU,MIM,0.4,FGSM,0.9,4.311475409836065,4.0,0,13
engr0,BLU,MIM,0.4,FGSM,1.0,3.901639344262295,3.0,0,13
engr0,HTC,MIM,0.4,FGSM,0.1,2.8852459016393444,2.0,0,20
engr0,HTC,MIM,0.4,FGSM,0.2,11.163934426229508,6.0,0,54
engr0,HTC,MIM,0.4,FGSM,0.3,13.557377049180328,7.0,0,52
engr0,HTC,MIM,0.4,FGSM,0.4,10.37704918032787,6.0,0,45
engr0,HTC,MIM,0.4,FGSM,0.5,9.327868852459016,6.0,0,45
engr0,HTC,MIM,0.4,FGSM,0.6,9.01639344262295,5.0,0,45
engr0,HTC,MIM,0.4,FGSM,0.7,9.704918032786885,6.0,0,45
engr0,HTC,MIM,0.4,FGSM,0.8,8.59016393442623,5.0,0,39
engr0,HTC,MIM,0.4,FGSM,0.9,8.672131147540984,5.0,0,39
engr0,HTC,MIM,0.4,FGSM,1.0,8.262295081967213,5.0,0,39
engr0,LG,MIM,0.4,FGSM,0.1,1.8360655737704918,1.0,0,8
engr0,LG,MIM,0.4,FGSM,0.2,9.98360655737705,4.0,0,46
engr0,LG,MIM,0.4,FGSM,0.3,12.60655737704918,7.0,0,47
engr0,LG,MIM,0.4,FGSM,0.4,10.262295081967213,6.0,0,45
engr0,LG,MIM,0.4,FGSM,0.5,7.295081967213115,5.0,0,45
engr0,LG,MIM,0.4,FGSM,0.6,5.557377049180328,4.0,0,44
engr0,LG,MIM,0.4,FGSM,0.7,5.459016393442623,4.0,0,44
engr0,LG,MIM,0.4,FGSM,0.8,4.950819672131147,4.0,0,20
engr0,LG,MIM,0.4,FGSM,0.9,5.245901639344262,4.0,0,22
engr0,LG,MIM,0.4,FGSM,1.0,5.278688524590164,4.0,0,22
engr0,MOTO,MIM,0.4,FGSM,0.1,3.3278688524590163,1.0,0,34
engr0,MOTO,MIM,0.4,FGSM,0.2,21.688524590163933,20.0,0,55
engr0,MOTO,MIM,0.4,FGSM,0.3,13.0,7.0,0,52
engr0,MOTO,MIM,0.4,FGSM,0.4,11.934426229508198,7.0,0,52
engr0,MOTO,MIM,0.4,FGSM,0.5,11.360655737704919,7.0,0,52
engr0,MOTO,MIM,0.4,FGSM,0.6,10.934426229508198,7.0,0,44
engr0,MOTO,MIM,0.4,FGSM,0.7,11.098360655737705,7.0,0,44
engr0,MOTO,MIM,0.4,FGSM,0.8,11.245901639344263,6.0,0,44
engr0,MOTO,MIM,0.4,FGSM,0.9,10.819672131147541,5.0,0,44
engr0,MOTO,MIM,0.4,FGSM,1.0,10.688524590163935,5.0,0,44
engr0,OP3,MIM,0.4,FGSM,0.1,1.1311475409836065,1.0,0,7
engr0,OP3,MIM,0.4,FGSM,0.2,23.16393442622951,18.0,0,56
engr0,OP3,MIM,0.4,FGSM,0.3,6.049180327868853,4.0,0,45
engr0,OP3,MIM,0.4,FGSM,0.4,4.295081967213115,4.0,0,17
engr0,OP3,MIM,0.4,FGSM,0.5,4.213114754098361,4.0,0,18
engr0,OP3,MIM,0.4,FGSM,0.6,3.9344262295081966,3.0,0,17
engr0,OP3,MIM,0.4,FGSM,0.7,3.5245901639344264,3.0,0,14
engr0,OP3,MIM,0.4,FGSM,0.8,3.7049180327868854,3.0,0,15
engr0,OP3,MIM,0.4,FGSM,0.9,3.6721311475409837,3.0,0,14
engr0,OP3,MIM,0.4,FGSM,1.0,3.5245901639344264,3.0,0,14
engr0,S7,MIM,0.4,FGSM,0.1,1.9672131147540983,1.0,0,10
engr0,S7,MIM,0.4,FGSM,0.2,18.983606557377048,11.0,0,57
engr0,S7,MIM,0.4,FGSM,0.3,9.475409836065573,5.0,0,48
engr0,S7,MIM,0.4,FGSM,0.4,7.868852459016393,4.0,0,45
engr0,S7,MIM,0.4,FGSM,0.5,7.049180327868853,4.0,0,45
engr0,S7,MIM,0.4,FGSM,0.6,6.39344262295082,3.0,0,45
engr0,S7,MIM,0.4,FGSM,0.7,5.524590163934426,3.0,0,45
engr0,S7,MIM,0.4,FGSM,0.8,4.852459016393443,3.0,0,24
engr0,S7,MIM,0.4,FGSM,0.9,4.934426229508197,4.0,0,24
engr0,S7,MIM,0.4,FGSM,1.0,5.098360655737705,4.0,0,24
engr0,BLU,MIM,0.5,FGSM,0.1,2.3934426229508197,2.0,0,11
engr0,BLU,MIM,0.5,FGSM,0.2,15.114754098360656,9.0,0,55
engr0,BLU,MIM,0.5,FGSM,0.3,9.180327868852459,7.0,0,45
engr0,BLU,MIM,0.5,FGSM,0.4,6.524590163934426,5.0,0,18
engr0,BLU,MIM,0.5,FGSM,0.5,5.836065573770492,4.0,0,18
engr0,BLU,MIM,0.5,FGSM,0.6,4.983606557377049,4.0,0,15
engr0,BLU,MIM,0.5,FGSM,0.7,4.065573770491803,3.0,0,15
engr0,BLU,MIM,0.5,FGSM,0.8,4.0,3.0,0,15
engr0,BLU,MIM,0.5,FGSM,0.9,4.311475409836065,4.0,0,13
engr0,BLU,MIM,0.5,FGSM,1.0,3.901639344262295,3.0,0,13
engr0,HTC,MIM,0.5,FGSM,0.1,2.8852459016393444,2.0,0,20
engr0,HTC,MIM,0.5,FGSM,0.2,11.163934426229508,6.0,0,54
engr0,HTC,MIM,0.5,FGSM,0.3,13.557377049180328,7.0,0,52
engr0,HTC,MIM,0.5,FGSM,0.4,10.37704918032787,6.0,0,45
engr0,HTC,MIM,0.5,FGSM,0.5,9.327868852459016,6.0,0,45
engr0,HTC,MIM,0.5,FGSM,0.6,9.01639344262295,5.0,0,45
engr0,HTC,MIM,0.5,FGSM,0.7,9.704918032786885,6.0,0,45
engr0,HTC,MIM,0.5,FGSM,0.8,8.59016393442623,5.0,0,39
engr0,HTC,MIM,0.5,FGSM,0.9,8.672131147540984,5.0,0,39
engr0,HTC,MIM,0.5,FGSM,1.0,8.262295081967213,5.0,0,39
engr0,LG,MIM,0.5,FGSM,0.1,1.8360655737704918,1.0,0,8
engr0,LG,MIM,0.5,FGSM,0.2,9.98360655737705,4.0,0,46
engr0,LG,MIM,0.5,FGSM,0.3,12.60655737704918,7.0,0,47
engr0,LG,MIM,0.5,FGSM,0.4,10.262295081967213,6.0,0,45
engr0,LG,MIM,0.5,FGSM,0.5,7.295081967213115,5.0,0,45
engr0,LG,MIM,0.5,FGSM,0.6,5.557377049180328,4.0,0,44
engr0,LG,MIM,0.5,FGSM,0.7,5.459016393442623,4.0,0,44
engr0,LG,MIM,0.5,FGSM,0.8,4.950819672131147,4.0,0,20
engr0,LG,MIM,0.5,FGSM,0.9,5.245901639344262,4.0,0,22
engr0,LG,MIM,0.5,FGSM,1.0,5.278688524590164,4.0,0,22
engr0,MOTO,MIM,0.5,FGSM,0.1,3.3278688524590163,1.0,0,34
engr0,MOTO,MIM,0.5,FGSM,0.2,21.688524590163933,20.0,0,55
engr0,MOTO,MIM,0.5,FGSM,0.3,13.0,7.0,0,52
engr0,MOTO,MIM,0.5,FGSM,0.4,11.934426229508198,7.0,0,52
engr0,MOTO,MIM,0.5,FGSM,0.5,11.360655737704919,7.0,0,52
engr0,MOTO,MIM,0.5,FGSM,0.6,10.934426229508198,7.0,0,44
engr0,MOTO,MIM,0.5,FGSM,0.7,11.098360655737705,7.0,0,44
engr0,MOTO,MIM,0.5,FGSM,0.8,11.245901639344263,6.0,0,44
engr0,MOTO,MIM,0.5,FGSM,0.9,10.819672131147541,5.0,0,44
engr0,MOTO,MIM,0.5,FGSM,1.0,10.688524590163935,5.0,0,44
engr0,OP3,MIM,0.5,FGSM,0.1,1.1311475409836065,1.0,0,7
engr0,OP3,MIM,0.5,FGSM,0.2,23.16393442622951,18.0,0,56
engr0,OP3,MIM,0.5,FGSM,0.3,6.049180327868853,4.0,0,45
engr0,OP3,MIM,0.5,FGSM,0.4,4.295081967213115,4.0,0,17
engr0,OP3,MIM,0.5,FGSM,0.5,4.213114754098361,4.0,0,18
engr0,OP3,MIM,0.5,FGSM,0.6,3.9344262295081966,3.0,0,17
engr0,OP3,MIM,0.5,FGSM,0.7,3.5245901639344264,3.0,0,14
engr0,OP3,MIM,0.5,FGSM,0.8,3.7049180327868854,3.0,0,15
engr0,OP3,MIM,0.5,FGSM,0.9,3.6721311475409837,3.0,0,14
engr0,OP3,MIM,0.5,FGSM,1.0,3.5245901639344264,3.0,0,14
engr0,S7,MIM,0.5,FGSM,0.1,1.9672131147540983,1.0,0,10
engr0,S7,MIM,0.5,FGSM,0.2,18.983606557377048,11.0,0,57
engr0,S7,MIM,0.5,FGSM,0.3,9.475409836065573,5.0,0,48
engr0,S7,MIM,0.5,FGSM,0.4,7.868852459016393,4.0,0,45
engr0,S7,MIM,0.5,FGSM,0.5,7.049180327868853,4.0,0,45
engr0,S7,MIM,0.5,FGSM,0.6,6.39344262295082,3.0,0,45
engr0,S7,MIM,0.5,FGSM,0.7,5.524590163934426,3.0,0,45
engr0,S7,MIM,0.5,FGSM,0.8,4.852459016393443,3.0,0,24
engr0,S7,MIM,0.5,FGSM,0.9,4.934426229508197,4.0,0,24
engr0,S7,MIM,0.5,FGSM,1.0,5.098360655737705,4.0,0,24
engr0,BLU,MIM,0.6,FGSM,0.1,2.3934426229508197,2.0,0,11
engr0,BLU,MIM,0.6,FGSM,0.2,15.114754098360656,9.0,0,55
engr0,BLU,MIM,0.6,FGSM,0.3,9.180327868852459,7.0,0,45
engr0,BLU,MIM,0.6,FGSM,0.4,6.524590163934426,5.0,0,18
engr0,BLU,MIM,0.6,FGSM,0.5,5.836065573770492,4.0,0,18
engr0,BLU,MIM,0.6,FGSM,0.6,4.983606557377049,4.0,0,15
engr0,BLU,MIM,0.6,FGSM,0.7,4.065573770491803,3.0,0,15
engr0,BLU,MIM,0.6,FGSM,0.8,4.0,3.0,0,15
engr0,BLU,MIM,0.6,FGSM,0.9,4.311475409836065,4.0,0,13
engr0,BLU,MIM,0.6,FGSM,1.0,3.901639344262295,3.0,0,13
engr0,HTC,MIM,0.6,FGSM,0.1,2.8852459016393444,2.0,0,20
engr0,HTC,MIM,0.6,FGSM,0.2,11.163934426229508,6.0,0,54
engr0,HTC,MIM,0.6,FGSM,0.3,13.557377049180328,7.0,0,52
engr0,HTC,MIM,0.6,FGSM,0.4,10.37704918032787,6.0,0,45
engr0,HTC,MIM,0.6,FGSM,0.5,9.327868852459016,6.0,0,45
engr0,HTC,MIM,0.6,FGSM,0.6,9.01639344262295,5.0,0,45
engr0,HTC,MIM,0.6,FGSM,0.7,9.704918032786885,6.0,0,45
engr0,HTC,MIM,0.6,FGSM,0.8,8.59016393442623,5.0,0,39
engr0,HTC,MIM,0.6,FGSM,0.9,8.672131147540984,5.0,0,39
engr0,HTC,MIM,0.6,FGSM,1.0,8.262295081967213,5.0,0,39
engr0,LG,MIM,0.6,FGSM,0.1,1.8360655737704918,1.0,0,8
engr0,LG,MIM,0.6,FGSM,0.2,9.98360655737705,4.0,0,46
engr0,LG,MIM,0.6,FGSM,0.3,12.60655737704918,7.0,0,47
engr0,LG,MIM,0.6,FGSM,0.4,10.262295081967213,6.0,0,45
engr0,LG,MIM,0.6,FGSM,0.5,7.295081967213115,5.0,0,45
engr0,LG,MIM,0.6,FGSM,0.6,5.557377049180328,4.0,0,44
engr0,LG,MIM,0.6,FGSM,0.7,5.459016393442623,4.0,0,44
engr0,LG,MIM,0.6,FGSM,0.8,4.950819672131147,4.0,0,20
engr0,LG,MIM,0.6,FGSM,0.9,5.245901639344262,4.0,0,22
engr0,LG,MIM,0.6,FGSM,1.0,5.278688524590164,4.0,0,22
engr0,MOTO,MIM,0.6,FGSM,0.1,3.3278688524590163,1.0,0,34
engr0,MOTO,MIM,0.6,FGSM,0.2,21.688524590163933,20.0,0,55
engr0,MOTO,MIM,0.6,FGSM,0.3,13.0,7.0,0,52
engr0,MOTO,MIM,0.6,FGSM,0.4,11.934426229508198,7.0,0,52
engr0,MOTO,MIM,0.6,FGSM,0.5,11.360655737704919,7.0,0,52
engr0,MOTO,MIM,0.6,FGSM,0.6,10.934426229508198,7.0,0,44
engr0,MOTO,MIM,0.6,FGSM,0.7,11.098360655737705,7.0,0,44
engr0,MOTO,MIM,0.6,FGSM,0.8,11.245901639344263,6.0,0,44
engr0,MOTO,MIM,0.6,FGSM,0.9,10.819672131147541,5.0,0,44
engr0,MOTO,MIM,0.6,FGSM,1.0,10.688524590163935,5.0,0,44
engr0,OP3,MIM,0.6,FGSM,0.1,1.1311475409836065,1.0,0,7
engr0,OP3,MIM,0.6,FGSM,0.2,23.16393442622951,18.0,0,56
engr0,OP3,MIM,0.6,FGSM,0.3,6.049180327868853,4.0,0,45
engr0,OP3,MIM,0.6,FGSM,0.4,4.295081967213115,4.0,0,17
engr0,OP3,MIM,0.6,FGSM,0.5,4.213114754098361,4.0,0,18
engr0,OP3,MIM,0.6,FGSM,0.6,3.9344262295081966,3.0,0,17
engr0,OP3,MIM,0.6,FGSM,0.7,3.5245901639344264,3.0,0,14
engr0,OP3,MIM,0.6,FGSM,0.8,3.7049180327868854,3.0,0,15
engr0,OP3,MIM,0.6,FGSM,0.9,3.6721311475409837,3.0,0,14
engr0,OP3,MIM,0.6,FGSM,1.0,3.5245901639344264,3.0,0,14
engr0,S7,MIM,0.6,FGSM,0.1,1.9672131147540983,1.0,0,10
engr0,S7,MIM,0.6,FGSM,0.2,18.983606557377048,11.0,0,57
engr0,S7,MIM,0.6,FGSM,0.3,9.475409836065573,5.0,0,48
engr0,S7,MIM,0.6,FGSM,0.4,7.868852459016393,4.0,0,45
engr0,S7,MIM,0.6,FGSM,0.5,7.049180327868853,4.0,0,45
engr0,S7,MIM,0.6,FGSM,0.6,6.39344262295082,3.0,0,45
engr0,S7,MIM,0.6,FGSM,0.7,5.524590163934426,3.0,0,45
engr0,S7,MIM,0.6,FGSM,0.8,4.852459016393443,3.0,0,24
engr0,S7,MIM,0.6,FGSM,0.9,4.934426229508197,4.0,0,24
engr0,S7,MIM,0.6,FGSM,1.0,5.098360655737705,4.0,0,24
engr0,BLU,MIM,0.7,FGSM,0.1,2.3934426229508197,2.0,0,11
engr0,BLU,MIM,0.7,FGSM,0.2,15.114754098360656,9.0,0,55
engr0,BLU,MIM,0.7,FGSM,0.3,9.180327868852459,7.0,0,45
engr0,BLU,MIM,0.7,FGSM,0.4,6.524590163934426,5.0,0,18
engr0,BLU,MIM,0.7,FGSM,0.5,5.836065573770492,4.0,0,18
engr0,BLU,MIM,0.7,FGSM,0.6,4.983606557377049,4.0,0,15
engr0,BLU,MIM,0.7,FGSM,0.7,4.065573770491803,3.0,0,15
engr0,BLU,MIM,0.7,FGSM,0.8,4.0,3.0,0,15
engr0,BLU,MIM,0.7,FGSM,0.9,4.311475409836065,4.0,0,13
engr0,BLU,MIM,0.7,FGSM,1.0,3.901639344262295,3.0,0,13
engr0,HTC,MIM,0.7,FGSM,0.1,2.8852459016393444,2.0,0,20
engr0,HTC,MIM,0.7,FGSM,0.2,11.163934426229508,6.0,0,54
engr0,HTC,MIM,0.7,FGSM,0.3,13.557377049180328,7.0,0,52
engr0,HTC,MIM,0.7,FGSM,0.4,10.37704918032787,6.0,0,45
engr0,HTC,MIM,0.7,FGSM,0.5,9.327868852459016,6.0,0,45
engr0,HTC,MIM,0.7,FGSM,0.6,9.01639344262295,5.0,0,45
engr0,HTC,MIM,0.7,FGSM,0.7,9.704918032786885,6.0,0,45
engr0,HTC,MIM,0.7,FGSM,0.8,8.59016393442623,5.0,0,39
engr0,HTC,MIM,0.7,FGSM,0.9,8.672131147540984,5.0,0,39
engr0,HTC,MIM,0.7,FGSM,1.0,8.262295081967213,5.0,0,39
engr0,LG,MIM,0.7,FGSM,0.1,1.8360655737704918,1.0,0,8
engr0,LG,MIM,0.7,FGSM,0.2,9.98360655737705,4.0,0,46
engr0,LG,MIM,0.7,FGSM,0.3,12.60655737704918,7.0,0,47
engr0,LG,MIM,0.7,FGSM,0.4,10.262295081967213,6.0,0,45
engr0,LG,MIM,0.7,FGSM,0.5,7.295081967213115,5.0,0,45
engr0,LG,MIM,0.7,FGSM,0.6,5.557377049180328,4.0,0,44
engr0,LG,MIM,0.7,FGSM,0.7,5.459016393442623,4.0,0,44
engr0,LG,MIM,0.7,FGSM,0.8,4.950819672131147,4.0,0,20
engr0,LG,MIM,0.7,FGSM,0.9,5.245901639344262,4.0,0,22
engr0,LG,MIM,0.7,FGSM,1.0,5.278688524590164,4.0,0,22
engr0,MOTO,MIM,0.7,FGSM,0.1,3.3278688524590163,1.0,0,34
engr0,MOTO,MIM,0.7,FGSM,0.2,21.688524590163933,20.0,0,55
engr0,MOTO,MIM,0.7,FGSM,0.3,13.0,7.0,0,52
engr0,MOTO,MIM,0.7,FGSM,0.4,11.934426229508198,7.0,0,52
engr0,MOTO,MIM,0.7,FGSM,0.5,11.360655737704919,7.0,0,52
engr0,MOTO,MIM,0.7,FGSM,0.6,10.934426229508198,7.0,0,44
engr0,MOTO,MIM,0.7,FGSM,0.7,11.098360655737705,7.0,0,44
engr0,MOTO,MIM,0.7,FGSM,0.8,11.245901639344263,6.0,0,44
engr0,MOTO,MIM,0.7,FGSM,0.9,10.819672131147541,5.0,0,44
engr0,MOTO,MIM,0.7,FGSM,1.0,10.688524590163935,5.0,0,44
engr0,OP3,MIM,0.7,FGSM,0.1,1.1311475409836065,1.0,0,7
engr0,OP3,MIM,0.7,FGSM,0.2,23.16393442622951,18.0,0,56
engr0,OP3,MIM,0.7,FGSM,0.3,6.049180327868853,4.0,0,45
engr0,OP3,MIM,0.7,FGSM,0.4,4.295081967213115,4.0,0,17
engr0,OP3,MIM,0.7,FGSM,0.5,4.213114754098361,4.0,0,18
engr0,OP3,MIM,0.7,FGSM,0.6,3.9344262295081966,3.0,0,17
engr0,OP3,MIM,0.7,FGSM,0.7,3.5245901639344264,3.0,0,14
engr0,OP3,MIM,0.7,FGSM,0.8,3.7049180327868854,3.0,0,15
engr0,OP3,MIM,0.7,FGSM,0.9,3.6721311475409837,3.0,0,14
engr0,OP3,MIM,0.7,FGSM,1.0,3.5245901639344264,3.0,0,14
engr0,S7,MIM,0.7,FGSM,0.1,1.9672131147540983,1.0,0,10
engr0,S7,MIM,0.7,FGSM,0.2,18.983606557377048,11.0,0,57
engr0,S7,MIM,0.7,FGSM,0.3,9.475409836065573,5.0,0,48
engr0,S7,MIM,0.7,FGSM,0.4,7.868852459016393,4.0,0,45
engr0,S7,MIM,0.7,FGSM,0.5,7.049180327868853,4.0,0,45
engr0,S7,MIM,0.7,FGSM,0.6,6.39344262295082,3.0,0,45
engr0,S7,MIM,0.7,FGSM,0.7,5.524590163934426,3.0,0,45
engr0,S7,MIM,0.7,FGSM,0.8,4.852459016393443,3.0,0,24
engr0,S7,MIM,0.7,FGSM,0.9,4.934426229508197,4.0,0,24
engr0,S7,MIM,0.7,FGSM,1.0,5.098360655737705,4.0,0,24
engr0,BLU,MIM,0.8,FGSM,0.1,2.3934426229508197,2.0,0,11
engr0,BLU,MIM,0.8,FGSM,0.2,15.114754098360656,9.0,0,55
engr0,BLU,MIM,0.8,FGSM,0.3,9.180327868852459,7.0,0,45
engr0,BLU,MIM,0.8,FGSM,0.4,6.524590163934426,5.0,0,18
engr0,BLU,MIM,0.8,FGSM,0.5,5.836065573770492,4.0,0,18
engr0,BLU,MIM,0.8,FGSM,0.6,4.983606557377049,4.0,0,15
engr0,BLU,MIM,0.8,FGSM,0.7,4.065573770491803,3.0,0,15
engr0,BLU,MIM,0.8,FGSM,0.8,4.0,3.0,0,15
engr0,BLU,MIM,0.8,FGSM,0.9,4.311475409836065,4.0,0,13
engr0,BLU,MIM,0.8,FGSM,1.0,3.901639344262295,3.0,0,13
engr0,HTC,MIM,0.8,FGSM,0.1,2.8852459016393444,2.0,0,20
engr0,HTC,MIM,0.8,FGSM,0.2,11.163934426229508,6.0,0,54
engr0,HTC,MIM,0.8,FGSM,0.3,13.557377049180328,7.0,0,52
engr0,HTC,MIM,0.8,FGSM,0.4,10.37704918032787,6.0,0,45
engr0,HTC,MIM,0.8,FGSM,0.5,9.327868852459016,6.0,0,45
engr0,HTC,MIM,0.8,FGSM,0.6,9.01639344262295,5.0,0,45
engr0,HTC,MIM,0.8,FGSM,0.7,9.704918032786885,6.0,0,45
engr0,HTC,MIM,0.8,FGSM,0.8,8.59016393442623,5.0,0,39
engr0,HTC,MIM,0.8,FGSM,0.9,8.672131147540984,5.0,0,39
engr0,HTC,MIM,0.8,FGSM,1.0,8.262295081967213,5.0,0,39
engr0,LG,MIM,0.8,FGSM,0.1,1.8360655737704918,1.0,0,8
engr0,LG,MIM,0.8,FGSM,0.2,9.98360655737705,4.0,0,46
engr0,LG,MIM,0.8,FGSM,0.3,12.60655737704918,7.0,0,47
engr0,LG,MIM,0.8,FGSM,0.4,10.262295081967213,6.0,0,45
engr0,LG,MIM,0.8,FGSM,0.5,7.295081967213115,5.0,0,45
engr0,LG,MIM,0.8,FGSM,0.6,5.557377049180328,4.0,0,44
engr0,LG,MIM,0.8,FGSM,0.7,5.459016393442623,4.0,0,44
engr0,LG,MIM,0.8,FGSM,0.8,4.950819672131147,4.0,0,20
engr0,LG,MIM,0.8,FGSM,0.9,5.245901639344262,4.0,0,22
engr0,LG,MIM,0.8,FGSM,1.0,5.278688524590164,4.0,0,22
engr0,MOTO,MIM,0.8,FGSM,0.1,3.3278688524590163,1.0,0,34
engr0,MOTO,MIM,0.8,FGSM,0.2,21.688524590163933,20.0,0,55
engr0,MOTO,MIM,0.8,FGSM,0.3,13.0,7.0,0,52
engr0,MOTO,MIM,0.8,FGSM,0.4,11.934426229508198,7.0,0,52
engr0,MOTO,MIM,0.8,FGSM,0.5,11.360655737704919,7.0,0,52
engr0,MOTO,MIM,0.8,FGSM,0.6,10.934426229508198,7.0,0,44
engr0,MOTO,MIM,0.8,FGSM,0.7,11.098360655737705,7.0,0,44
engr0,MOTO,MIM,0.8,FGSM,0.8,11.245901639344263,6.0,0,44
engr0,MOTO,MIM,0.8,FGSM,0.9,10.819672131147541,5.0,0,44
engr0,MOTO,MIM,0.8,FGSM,1.0,10.688524590163935,5.0,0,44
engr0,OP3,MIM,0.8,FGSM,0.1,1.1311475409836065,1.0,0,7
engr0,OP3,MIM,0.8,FGSM,0.2,23.16393442622951,18.0,0,56
engr0,OP3,MIM,0.8,FGSM,0.3,6.049180327868853,4.0,0,45
engr0,OP3,MIM,0.8,FGSM,0.4,4.295081967213115,4.0,0,17
engr0,OP3,MIM,0.8,FGSM,0.5,4.213114754098361,4.0,0,18
engr0,OP3,MIM,0.8,FGSM,0.6,3.9344262295081966,3.0,0,17
engr0,OP3,MIM,0.8,FGSM,0.7,3.5245901639344264,3.0,0,14
engr0,OP3,MIM,0.8,FGSM,0.8,3.7049180327868854,3.0,0,15
engr0,OP3,MIM,0.8,FGSM,0.9,3.6721311475409837,3.0,0,14
engr0,OP3,MIM,0.8,FGSM,1.0,3.5245901639344264,3.0,0,14
engr0,S7,MIM,0.8,FGSM,0.1,1.9672131147540983,1.0,0,10
engr0,S7,MIM,0.8,FGSM,0.2,18.983606557377048,11.0,0,57
engr0,S7,MIM,0.8,FGSM,0.3,9.475409836065573,5.0,0,48
engr0,S7,MIM,0.8,FGSM,0.4,7.868852459016393,4.0,0,45
engr0,S7,MIM,0.8,FGSM,0.5,7.049180327868853,4.0,0,45
engr0,S7,MIM,0.8,FGSM,0.6,6.39344262295082,3.0,0,45
engr0,S7,MIM,0.8,FGSM,0.7,5.524590163934426,3.0,0,45
engr0,S7,MIM,0.8,FGSM,0.8,4.852459016393443,3.0,0,24
engr0,S7,MIM,0.8,FGSM,0.9,4.934426229508197,4.0,0,24
engr0,S7,MIM,0.8,FGSM,1.0,5.098360655737705,4.0,0,24
engr0,BLU,MIM,0.9,FGSM,0.1,2.3934426229508197,2.0,0,11
engr0,BLU,MIM,0.9,FGSM,0.2,15.114754098360656,9.0,0,55
engr0,BLU,MIM,0.9,FGSM,0.3,9.180327868852459,7.0,0,45
engr0,BLU,MIM,0.9,FGSM,0.4,6.524590163934426,5.0,0,18
engr0,BLU,MIM,0.9,FGSM,0.5,5.836065573770492,4.0,0,18
engr0,BLU,MIM,0.9,FGSM,0.6,4.983606557377049,4.0,0,15
engr0,BLU,MIM,0.9,FGSM,0.7,4.065573770491803,3.0,0,15
engr0,BLU,MIM,0.9,FGSM,0.8,4.0,3.0,0,15
engr0,BLU,MIM,0.9,FGSM,0.9,4.311475409836065,4.0,0,13
engr0,BLU,MIM,0.9,FGSM,1.0,3.901639344262295,3.0,0,13
engr0,HTC,MIM,0.9,FGSM,0.1,2.8852459016393444,2.0,0,20
engr0,HTC,MIM,0.9,FGSM,0.2,11.163934426229508,6.0,0,54
engr0,HTC,MIM,0.9,FGSM,0.3,13.557377049180328,7.0,0,52
engr0,HTC,MIM,0.9,FGSM,0.4,10.37704918032787,6.0,0,45
engr0,HTC,MIM,0.9,FGSM,0.5,9.327868852459016,6.0,0,45
engr0,HTC,MIM,0.9,FGSM,0.6,9.01639344262295,5.0,0,45
engr0,HTC,MIM,0.9,FGSM,0.7,9.704918032786885,6.0,0,45
engr0,HTC,MIM,0.9,FGSM,0.8,8.59016393442623,5.0,0,39
engr0,HTC,MIM,0.9,FGSM,0.9,8.672131147540984,5.0,0,39
engr0,HTC,MIM,0.9,FGSM,1.0,8.262295081967213,5.0,0,39
engr0,LG,MIM,0.9,FGSM,0.1,1.8360655737704918,1.0,0,8
engr0,LG,MIM,0.9,FGSM,0.2,9.98360655737705,4.0,0,46
engr0,LG,MIM,0.9,FGSM,0.3,12.60655737704918,7.0,0,47
engr0,LG,MIM,0.9,FGSM,0.4,10.262295081967213,6.0,0,45
engr0,LG,MIM,0.9,FGSM,0.5,7.295081967213115,5.0,0,45
engr0,LG,MIM,0.9,FGSM,0.6,5.557377049180328,4.0,0,44
engr0,LG,MIM,0.9,FGSM,0.7,5.459016393442623,4.0,0,44
engr0,LG,MIM,0.9,FGSM,0.8,4.950819672131147,4.0,0,20
engr0,LG,MIM,0.9,FGSM,0.9,5.245901639344262,4.0,0,22
engr0,LG,MIM,0.9,FGSM,1.0,5.278688524590164,4.0,0,22
engr0,MOTO,MIM,0.9,FGSM,0.1,3.3278688524590163,1.0,0,34
engr0,MOTO,MIM,0.9,FGSM,0.2,21.688524590163933,20.0,0,55
engr0,MOTO,MIM,0.9,FGSM,0.3,13.0,7.0,0,52
engr0,MOTO,MIM,0.9,FGSM,0.4,11.934426229508198,7.0,0,52
engr0,MOTO,MIM,0.9,FGSM,0.5,11.360655737704919,7.0,0,52
engr0,MOTO,MIM,0.9,FGSM,0.6,10.934426229508198,7.0,0,44
engr0,MOTO,MIM,0.9,FGSM,0.7,11.098360655737705,7.0,0,44
engr0,MOTO,MIM,0.9,FGSM,0.8,11.245901639344263,6.0,0,44
engr0,MOTO,MIM,0.9,FGSM,0.9,10.819672131147541,5.0,0,44
engr0,MOTO,MIM,0.9,FGSM,1.0,10.688524590163935,5.0,0,44
engr0,OP3,MIM,0.9,FGSM,0.1,1.1311475409836065,1.0,0,7
engr0,OP3,MIM,0.9,FGSM,0.2,23.16393442622951,18.0,0,56
engr0,OP3,MIM,0.9,FGSM,0.3,6.049180327868853,4.0,0,45
engr0,OP3,MIM,0.9,FGSM,0.4,4.295081967213115,4.0,0,17
engr0,OP3,MIM,0.9,FGSM,0.5,4.213114754098361,4.0,0,18
engr0,OP3,MIM,0.9,FGSM,0.6,3.9344262295081966,3.0,0,17
engr0,OP3,MIM,0.9,FGSM,0.7,3.5245901639344264,3.0,0,14
engr0,OP3,MIM,0.9,FGSM,0.8,3.7049180327868854,3.0,0,15
engr0,OP3,MIM,0.9,FGSM,0.9,3.6721311475409837,3.0,0,14
engr0,OP3,MIM,0.9,FGSM,1.0,3.5245901639344264,3.0,0,14
engr0,S7,MIM,0.9,FGSM,0.1,1.9672131147540983,1.0,0,10
engr0,S7,MIM,0.9,FGSM,0.2,18.983606557377048,11.0,0,57
engr0,S7,MIM,0.9,FGSM,0.3,9.475409836065573,5.0,0,48
engr0,S7,MIM,0.9,FGSM,0.4,7.868852459016393,4.0,0,45
engr0,S7,MIM,0.9,FGSM,0.5,7.049180327868853,4.0,0,45
engr0,S7,MIM,0.9,FGSM,0.6,6.39344262295082,3.0,0,45
engr0,S7,MIM,0.9,FGSM,0.7,5.524590163934426,3.0,0,45
engr0,S7,MIM,0.9,FGSM,0.8,4.852459016393443,3.0,0,24
engr0,S7,MIM,0.9,FGSM,0.9,4.934426229508197,4.0,0,24
engr0,S7,MIM,0.9,FGSM,1.0,5.098360655737705,4.0,0,24
engr0,BLU,MIM,1.0,FGSM,0.1,2.3934426229508197,2.0,0,11
engr0,BLU,MIM,1.0,FGSM,0.2,15.114754098360656,9.0,0,55
engr0,BLU,MIM,1.0,FGSM,0.3,9.180327868852459,7.0,0,45
engr0,BLU,MIM,1.0,FGSM,0.4,6.524590163934426,5.0,0,18
engr0,BLU,MIM,1.0,FGSM,0.5,5.836065573770492,4.0,0,18
engr0,BLU,MIM,1.0,FGSM,0.6,4.983606557377049,4.0,0,15
engr0,BLU,MIM,1.0,FGSM,0.7,4.065573770491803,3.0,0,15
engr0,BLU,MIM,1.0,FGSM,0.8,4.0,3.0,0,15
engr0,BLU,MIM,1.0,FGSM,0.9,4.311475409836065,4.0,0,13
engr0,BLU,MIM,1.0,FGSM,1.0,3.901639344262295,3.0,0,13
engr0,HTC,MIM,1.0,FGSM,0.1,2.8852459016393444,2.0,0,20
engr0,HTC,MIM,1.0,FGSM,0.2,11.163934426229508,6.0,0,54
engr0,HTC,MIM,1.0,FGSM,0.3,13.557377049180328,7.0,0,52
engr0,HTC,MIM,1.0,FGSM,0.4,10.37704918032787,6.0,0,45
engr0,HTC,MIM,1.0,FGSM,0.5,9.327868852459016,6.0,0,45
engr0,HTC,MIM,1.0,FGSM,0.6,9.01639344262295,5.0,0,45
engr0,HTC,MIM,1.0,FGSM,0.7,9.704918032786885,6.0,0,45
engr0,HTC,MIM,1.0,FGSM,0.8,8.59016393442623,5.0,0,39
engr0,HTC,MIM,1.0,FGSM,0.9,8.672131147540984,5.0,0,39
engr0,HTC,MIM,1.0,FGSM,1.0,8.262295081967213,5.0,0,39
engr0,LG,MIM,1.0,FGSM,0.1,1.8360655737704918,1.0,0,8
engr0,LG,MIM,1.0,FGSM,0.2,9.98360655737705,4.0,0,46
engr0,LG,MIM,1.0,FGSM,0.3,12.60655737704918,7.0,0,47
engr0,LG,MIM,1.0,FGSM,0.4,10.262295081967213,6.0,0,45
engr0,LG,MIM,1.0,FGSM,0.5,7.295081967213115,5.0,0,45
engr0,LG,MIM,1.0,FGSM,0.6,5.557377049180328,4.0,0,44
engr0,LG,MIM,1.0,FGSM,0.7,5.459016393442623,4.0,0,44
engr0,LG,MIM,1.0,FGSM,0.8,4.950819672131147,4.0,0,20
engr0,LG,MIM,1.0,FGSM,0.9,5.245901639344262,4.0,0,22
engr0,LG,MIM,1.0,FGSM,1.0,5.278688524590164,4.0,0,22
engr0,MOTO,MIM,1.0,FGSM,0.1,3.3278688524590163,1.0,0,34
engr0,MOTO,MIM,1.0,FGSM,0.2,21.688524590163933,20.0,0,55
engr0,MOTO,MIM,1.0,FGSM,0.3,13.0,7.0,0,52
engr0,MOTO,MIM,1.0,FGSM,0.4,11.934426229508198,7.0,0,52
engr0,MOTO,MIM,1.0,FGSM,0.5,11.360655737704919,7.0,0,52
engr0,MOTO,MIM,1.0,FGSM,0.6,10.934426229508198,7.0,0,44
engr0,MOTO,MIM,1.0,FGSM,0.7,11.098360655737705,7.0,0,44
engr0,MOTO,MIM,1.0,FGSM,0.8,11.245901639344263,6.0,0,44
engr0,MOTO,MIM,1.0,FGSM,0.9,10.819672131147541,5.0,0,44
engr0,MOTO,MIM,1.0,FGSM,1.0,10.688524590163935,5.0,0,44
engr0,OP3,MIM,1.0,FGSM,0.1,1.1311475409836065,1.0,0,7
engr0,OP3,MIM,1.0,FGSM,0.2,23.16393442622951,18.0,0,56
engr0,OP3,MIM,1.0,FGSM,0.3,6.049180327868853,4.0,0,45
engr0,OP3,MIM,1.0,FGSM,0.4,4.295081967213115,4.0,0,17
engr0,OP3,MIM,1.0,FGSM,0.5,4.213114754098361,4.0,0,18
engr0,OP3,MIM,1.0,FGSM,0.6,3.9344262295081966,3.0,0,17
engr0,OP3,MIM,1.0,FGSM,0.7,3.5245901639344264,3.0,0,14
engr0,OP3,MIM,1.0,FGSM,0.8,3.7049180327868854,3.0,0,15
engr0,OP3,MIM,1.0,FGSM,0.9,3.6721311475409837,3.0,0,14
engr0,OP3,MIM,1.0,FGSM,1.0,3.5245901639344264,3.0,0,14
engr0,S7,MIM,1.0,FGSM,0.1,1.9672131147540983,1.0,0,10
engr0,S7,MIM,1.0,FGSM,0.2,18.983606557377048,11.0,0,57
engr0,S7,MIM,1.0,FGSM,0.3,9.475409836065573,5.0,0,48
engr0,S7,MIM,1.0,FGSM,0.4,7.868852459016393,4.0,0,45
engr0,S7,MIM,1.0,FGSM,0.5,7.049180327868853,4.0,0,45
engr0,S7,MIM,1.0,FGSM,0.6,6.39344262295082,3.0,0,45
engr0,S7,MIM,1.0,FGSM,0.7,5.524590163934426,3.0,0,45
engr0,S7,MIM,1.0,FGSM,0.8,4.852459016393443,3.0,0,24
engr0,S7,MIM,1.0,FGSM,0.9,4.934426229508197,4.0,0,24
engr0,S7,MIM,1.0,FGSM,1.0,5.098360655737705,4.0,0,24
engr0,BLU,BIM,0.1,FGSM,0.1,2.1311475409836067,2.0,0,8
engr0,BLU,BIM,0.1,FGSM,0.2,2.1475409836065573,1.0,0,8
engr0,BLU,BIM,0.1,FGSM,0.3,4.639344262295082,2.0,0,43
engr0,BLU,BIM,0.1,FGSM,0.4,14.475409836065573,6.0,0,60
engr0,BLU,BIM,0.1,FGSM,0.5,20.114754098360656,8.0,0,60
engr0,BLU,BIM,0.1,FGSM,0.6,19.918032786885245,10.0,0,60
engr0,BLU,BIM,0.1,FGSM,0.7,20.24590163934426,11.0,0,60
engr0,BLU,BIM,0.1,FGSM,0.8,20.770491803278688,13.0,0,60
engr0,BLU,BIM,0.1,FGSM,0.9,21.065573770491802,13.0,0,60
engr0,BLU,BIM,0.1,FGSM,1.0,20.475409836065573,14.0,0,53
engr0,HTC,BIM,0.1,FGSM,0.1,2.5737704918032787,2.0,0,13
engr0,HTC,BIM,0.1,FGSM,0.2,2.540983606557377,2.0,0,18
engr0,HTC,BIM,0.1,FGSM,0.3,2.901639344262295,2.0,0,10
engr0,HTC,BIM,0.1,FGSM,0.4,5.80327868852459,3.0,0,50
engr0,HTC,BIM,0.1,FGSM,0.5,9.557377049180328,4.0,0,55
engr0,HTC,BIM,0.1,FGSM,0.6,10.442622950819672,4.0,0,56
engr0,HTC,BIM,0.1,FGSM,0.7,11.754098360655737,5.0,0,56
engr0,HTC,BIM,0.1,FGSM,0.8,13.426229508196721,7.0,0,56
engr0,HTC,BIM,0.1,FGSM,0.9,14.295081967213115,8.0,0,56
engr0,HTC,BIM,0.1,FGSM,1.0,15.180327868852459,9.0,0,56
engr0,LG,BIM,0.1,FGSM,0.1,2.5901639344262297,2.0,0,8
engr0,LG,BIM,0.1,FGSM,0.2,2.278688524590164,2.0,0,9
engr0,LG,BIM,0.1,FGSM,0.3,2.721311475409836,2.0,0,12
engr0,LG,BIM,0.1,FGSM,0.4,7.065573770491803,3.0,0,46
engr0,LG,BIM,0.1,FGSM,0.5,12.360655737704919,5.0,0,48
engr0,LG,BIM,0.1,FGSM,0.6,15.278688524590164,5.0,0,58
engr0,LG,BIM,0.1,FGSM,0.7,16.19672131147541,6.0,0,58
engr0,LG,BIM,0.1,FGSM,0.8,18.540983606557376,11.0,0,58
engr0,LG,BIM,0.1,FGSM,0.9,18.24590163934426,12.0,0,53
engr0,LG,BIM,0.1,FGSM,1.0,19.18032786885246,12.0,0,53
engr0,MOTO,BIM,0.1,FGSM,0.1,3.278688524590164,2.0,0,22
engr0,MOTO,BIM,0.1,FGSM,0.2,3.3442622950819674,2.0,0,22
engr0,MOTO,BIM,0.1,FGSM,0.3,4.262295081967213,3.0,0,28
engr0,MOTO,BIM,0.1,FGSM,0.4,8.114754098360656,3.0,0,57
engr0,MOTO,BIM,0.1,FGSM,0.5,9.229508196721312,4.0,0,55
engr0,MOTO,BIM,0.1,FGSM,0.6,10.639344262295081,5.0,0,55
engr0,MOTO,BIM,0.1,FGSM,0.7,13.147540983606557,8.0,0,55
engr0,MOTO,BIM,0.1,FGSM,0.8,15.540983606557377,11.0,0,55
engr0,MOTO,BIM,0.1,FGSM,0.9,15.557377049180328,12.0,0,55
engr0,MOTO,BIM,0.1,FGSM,1.0,16.0,12.0,0,58
engr0,OP3,BIM,0.1,FGSM,0.1,1.1475409836065573,0.0,0,9
engr0,OP3,BIM,0.1,FGSM,0.2,1.360655737704918,0.0,0,9
engr0,OP3,BIM,0.1,FGSM,0.3,4.622950819672131,2.0,0,45
engr0,OP3,BIM,0.1,FGSM,0.4,12.737704918032787,4.0,0,54
engr0,OP3,BIM,0.1,FGSM,0.5,14.721311475409836,5.0,0,54
engr0,OP3,BIM,0.1,FGSM,0.6,15.901639344262295,6.0,0,54
engr0,OP3,BIM,0.1,FGSM,0.7,17.016393442622952,10.0,0,54
engr0,OP3,BIM,0.1,FGSM,0.8,18.688524590163933,14.0,0,54
engr0,OP3,BIM,0.1,FGSM,0.9,18.475409836065573,15.0,0,52
engr0,OP3,BIM,0.1,FGSM,1.0,18.442622950819672,15.0,0,52
engr0,S7,BIM,0.1,FGSM,0.1,1.6065573770491803,1.0,0,7
engr0,S7,BIM,0.1,FGSM,0.2,1.9180327868852458,1.0,0,9
engr0,S7,BIM,0.1,FGSM,0.3,3.360655737704918,2.0,0,45
engr0,S7,BIM,0.1,FGSM,0.4,15.639344262295081,5.0,0,58
engr0,S7,BIM,0.1,FGSM,0.5,19.508196721311474,5.0,0,60
engr0,S7,BIM,0.1,FGSM,0.6,18.83606557377049,5.0,0,60
engr0,S7,BIM,0.1,FGSM,0.7,19.262295081967213,6.0,0,58
engr0,S7,BIM,0.1,FGSM,0.8,18.885245901639344,7.0,0,53
engr0,S7,BIM,0.1,FGSM,0.9,19.721311475409838,11.0,0,53
engr0,S7,BIM,0.1,FGSM,1.0,20.75409836065574,16.0,0,53
engr0,BLU,BIM,0.2,FGSM,0.1,2.3934426229508197,2.0,0,11
engr0,BLU,BIM,0.2,FGSM,0.2,3.4262295081967213,2.0,0,16
engr0,BLU,BIM,0.2,FGSM,0.3,3.3278688524590163,2.0,0,12
engr0,BLU,BIM,0.2,FGSM,0.4,3.557377049180328,3.0,0,14
engr0,BLU,BIM,0.2,FGSM,0.5,4.065573770491803,4.0,0,14
engr0,BLU,BIM,0.2,FGSM,0.6,8.098360655737705,3.0,0,59
engr0,BLU,BIM,0.2,FGSM,0.7,13.459016393442623,8.0,0,59
engr0,BLU,BIM,0.2,FGSM,0.8,18.59016393442623,12.0,0,60
engr0,BLU,BIM,0.2,FGSM,0.9,21.688524590163933,18.0,0,60
engr0,BLU,BIM,0.2,FGSM,1.0,22.868852459016395,22.0,0,60
engr0,HTC,BIM,0.2,FGSM,0.1,2.8852459016393444,2.0,0,20
engr0,HTC,BIM,0.2,FGSM,0.2,3.737704918032787,3.0,0,18
engr0,HTC,BIM,0.2,FGSM,0.3,3.1475409836065573,3.0,0,11
engr0,HTC,BIM,0.2,FGSM,0.4,3.0655737704918034,2.0,0,11
engr0,HTC,BIM,0.2,FGSM,0.5,3.721311475409836,3.0,0,18
engr0,HTC,BIM,0.2,FGSM,0.6,5.60655737704918,4.0,0,26
engr0,HTC,BIM,0.2,FGSM,0.7,6.622950819672131,4.0,0,27
engr0,HTC,BIM,0.2,FGSM,0.8,9.98360655737705,6.0,0,31
engr0,HTC,BIM,0.2,FGSM,0.9,10.688524590163935,6.0,0,50
engr0,HTC,BIM,0.2,FGSM,1.0,13.01639344262295,8.0,0,51
engr0,LG,BIM,0.2,FGSM,0.1,1.8360655737704918,1.0,0,8
engr0,LG,BIM,0.2,FGSM,0.2,3.19672131147541,3.0,0,12
engr0,LG,BIM,0.2,FGSM,0.3,3.180327868852459,3.0,0,9
engr0,LG,BIM,0.2,FGSM,0.4,3.2295081967213113,2.0,0,15
engr0,LG,BIM,0.2,FGSM,0.5,3.3442622950819674,3.0,0,15
engr0,LG,BIM,0.2,FGSM,0.6,7.065573770491803,4.0,0,45
engr0,LG,BIM,0.2,FGSM,0.7,8.459016393442623,4.0,0,46
engr0,LG,BIM,0.2,FGSM,0.8,10.163934426229508,5.0,0,46
engr0,LG,BIM,0.2,FGSM,0.9,13.01639344262295,7.0,0,58
engr0,LG,BIM,0.2,FGSM,1.0,13.147540983606557,7.0,0,58
engr0,MOTO,BIM,0.2,FGSM,0.1,3.3278688524590163,1.0,0,34
engr0,MOTO,BIM,0.2,FGSM,0.2,4.852459016393443,3.0,0,43
engr0,MOTO,BIM,0.2,FGSM,0.3,4.770491803278689,4.0,0,43
engr0,MOTO,BIM,0.2,FGSM,0.4,4.885245901639344,4.0,0,43
engr0,MOTO,BIM,0.2,FGSM,0.5,6.065573770491803,4.0,0,38
engr0,MOTO,BIM,0.2,FGSM,0.6,8.065573770491802,4.0,0,57
engr0,MOTO,BIM,0.2,FGSM,0.7,10.180327868852459,5.0,0,57
engr0,MOTO,BIM,0.2,FGSM,0.8,12.754098360655737,8.0,0,57
engr0,MOTO,BIM,0.2,FGSM,0.9,12.60655737704918,7.0,0,58
engr0,MOTO,BIM,0.2,FGSM,1.0,13.59016393442623,8.0,0,58
engr0,OP3,BIM,0.2,FGSM,0.1,1.1311475409836065,1.0,0,7
engr0,OP3,BIM,0.2,FGSM,0.2,2.098360655737705,1.0,0,17
engr0,OP3,BIM,0.2,FGSM,0.3,1.8360655737704918,1.0,0,12
engr0,OP3,BIM,0.2,FGSM,0.4,1.7868852459016393,1.0,0,11
engr0,OP3,BIM,0.2,FGSM,0.5,4.213114754098361,2.0,0,45
engr0,OP3,BIM,0.2,FGSM,0.6,10.39344262295082,3.0,0,59
engr0,OP3,BIM,0.2,FGSM,0.7,13.60655737704918,4.0,0,59
engr0,OP3,BIM,0.2,FGSM,0.8,16.37704918032787,8.0,0,59
engr0,OP3,BIM,0.2,FGSM,0.9,17.65573770491803,12.0,0,59
engr0,OP3,BIM,0.2,FGSM,1.0,18.39344262295082,15.0,0,59
engr0,S7,BIM,0.2,FGSM,0.1,1.9672131147540983,1.0,0,10
engr0,S7,BIM,0.2,FGSM,0.2,3.098360655737705,2.0,0,15
engr0,S7,BIM,0.2,FGSM,0.3,3.180327868852459,2.0,0,13
engr0,S7,BIM,0.2,FGSM,0.4,3.622950819672131,3.0,0,12
engr0,S7,BIM,0.2,FGSM,0.5,4.081967213114754,3.0,0,14
engr0,S7,BIM,0.2,FGSM,0.6,8.78688524590164,5.0,0,52
engr0,S7,BIM,0.2,FGSM,0.7,11.62295081967213,6.0,0,52
engr0,S7,BIM,0.2,FGSM,0.8,17.59016393442623,11.0,0,60
engr0,S7,BIM,0.2,FGSM,0.9,20.950819672131146,16.0,0,60
engr0,S7,BIM,0.2,FGSM,1.0,22.114754098360656,17.0,0,60
engr0,BLU,BIM,0.3,FGSM,0.1,2.3934426229508197,2.0,0,11
engr0,BLU,BIM,0.3,FGSM,0.2,10.360655737704919,7.0,0,48
engr0,BLU,BIM,0.3,FGSM,0.3,4.950819672131147,3.0,0,20
engr0,BLU,BIM,0.3,FGSM,0.4,4.590163934426229,2.0,0,19
engr0,BLU,BIM,0.3,FGSM,0.5,4.901639344262295,3.0,0,19
engr0,BLU,BIM,0.3,FGSM,0.6,4.737704918032787,3.0,0,19
engr0,BLU,BIM,0.3,FGSM,0.7,4.459016393442623,3.0,0,17
engr0,BLU,BIM,0.3,FGSM,0.8,4.278688524590164,3.0,0,15
engr0,BLU,BIM,0.3,FGSM,0.9,4.967213114754099,3.0,0,30
engr0,BLU,BIM,0.3,FGSM,1.0,7.098360655737705,4.0,0,39
engr0,HTC,BIM,0.3,FGSM,0.1,2.8852459016393444,2.0,0,20
engr0,HTC,BIM,0.3,FGSM,0.2,8.098360655737705,4.0,0,49
engr0,HTC,BIM,0.3,FGSM,0.3,6.672131147540983,4.0,0,45
engr0,HTC,BIM,0.3,FGSM,0.4,6.540983606557377,4.0,0,45
engr0,HTC,BIM,0.3,FGSM,0.5,6.213114754098361,4.0,0,38
engr0,HTC,BIM,0.3,FGSM,0.6,6.704918032786885,4.0,0,38
engr0,HTC,BIM,0.3,FGSM,0.7,7.295081967213115,4.0,0,43
engr0,HTC,BIM,0.3,FGSM,0.8,7.770491803278689,5.0,0,43
engr0,HTC,BIM,0.3,FGSM,0.9,9.098360655737705,5.0,0,43
engr0,HTC,BIM,0.3,FGSM,1.0,9.491803278688524,5.0,0,43
engr0,LG,BIM,0.3,FGSM,0.1,1.8360655737704918,1.0,0,8
engr0,LG,BIM,0.3,FGSM,0.2,9.081967213114755,4.0,0,45
engr0,LG,BIM,0.3,FGSM,0.3,5.360655737704918,3.0,0,44
engr0,LG,BIM,0.3,FGSM,0.4,5.114754098360656,3.0,0,44
engr0,LG,BIM,0.3,FGSM,0.5,4.868852459016393,3.0,0,32
engr0,LG,BIM,0.3,FGSM,0.6,5.295081967213115,3.0,0,32
engr0,LG,BIM,0.3,FGSM,0.7,5.409836065573771,3.0,0,32
engr0,LG,BIM,0.3,FGSM,0.8,6.295081967213115,3.0,0,32
engr0,LG,BIM,0.3,FGSM,0.9,6.147540983606557,3.0,0,32
engr0,LG,BIM,0.3,FGSM,1.0,6.901639344262295,3.0,0,38
engr0,MOTO,BIM,0.3,FGSM,0.1,3.3278688524590163,1.0,0,34
engr0,MOTO,BIM,0.3,FGSM,0.2,10.311475409836065,6.0,0,51
engr0,MOTO,BIM,0.3,FGSM,0.3,8.459016393442623,4.0,0,43
engr0,MOTO,BIM,0.3,FGSM,0.4,8.557377049180328,4.0,0,43
engr0,MOTO,BIM,0.3,FGSM,0.5,9.114754098360656,6.0,0,43
engr0,MOTO,BIM,0.3,FGSM,0.6,9.01639344262295,6.0,0,43
engr0,MOTO,BIM,0.3,FGSM,0.7,10.245901639344263,7.0,0,43
engr0,MOTO,BIM,0.3,FGSM,0.8,12.19672131147541,8.0,0,43
engr0,MOTO,BIM,0.3,FGSM,0.9,12.163934426229508,8.0,0,43
engr0,MOTO,BIM,0.3,FGSM,1.0,12.524590163934427,8.0,0,43
engr0,OP3,BIM,0.3,FGSM,0.1,1.1311475409836065,1.0,0,7
engr0,OP3,BIM,0.3,FGSM,0.2,7.327868852459017,3.0,0,44
engr0,OP3,BIM,0.3,FGSM,0.3,3.9672131147540983,3.0,0,17
engr0,OP3,BIM,0.3,FGSM,0.4,3.6557377049180326,2.0,0,18
engr0,OP3,BIM,0.3,FGSM,0.5,3.8524590163934427,2.0,0,20
engr0,OP3,BIM,0.3,FGSM,0.6,3.9508196721311477,3.0,0,18
engr0,OP3,BIM,0.3,FGSM,0.7,4.065573770491803,3.0,0,18
engr0,OP3,BIM,0.3,FGSM,0.8,4.967213114754099,3.0,0,26
engr0,OP3,BIM,0.3,FGSM,0.9,6.885245901639344,4.0,0,45
engr0,OP3,BIM,0.3,FGSM,1.0,7.491803278688525,4.0,0,45
engr0,S7,BIM,0.3,FGSM,0.1,1.9672131147540983,1.0,0,10
engr0,S7,BIM,0.3,FGSM,0.2,10.442622950819672,4.0,0,51
engr0,S7,BIM,0.3,FGSM,0.3,5.180327868852459,3.0,0,45
engr0,S7,BIM,0.3,FGSM,0.4,5.049180327868853,3.0,0,45
engr0,S7,BIM,0.3,FGSM,0.5,4.573770491803279,3.0,0,19
engr0,S7,BIM,0.3,FGSM,0.6,4.672131147540983,3.0,0,19
engr0,S7,BIM,0.3,FGSM,0.7,4.622950819672131,3.0,0,16
engr0,S7,BIM,0.3,FGSM,0.8,5.114754098360656,3.0,0,31
engr0,S7,BIM,0.3,FGSM,0.9,5.770491803278689,3.0,0,31
engr0,S7,BIM,0.3,FGSM,1.0,7.19672131147541,4.0,0,31
engr0,BLU,BIM,0.4,FGSM,0.1,2.3934426229508197,2.0,0,11
engr0,BLU,BIM,0.4,FGSM,0.2,14.245901639344263,8.0,0,55
engr0,BLU,BIM,0.4,FGSM,0.3,7.098360655737705,4.0,0,45
engr0,BLU,BIM,0.4,FGSM,0.4,7.049180327868853,4.0,0,45
engr0,BLU,BIM,0.4,FGSM,0.5,5.295081967213115,4.0,0,20
engr0,BLU,BIM,0.4,FGSM,0.6,5.39344262295082,4.0,0,20
engr0,BLU,BIM,0.4,FGSM,0.7,5.885245901639344,4.0,0,20
engr0,BLU,BIM,0.4,FGSM,0.8,5.918032786885246,4.0,0,20
engr0,BLU,BIM,0.4,FGSM,0.9,6.049180327868853,4.0,0,19
engr0,BLU,BIM,0.4,FGSM,1.0,6.032786885245901,4.0,0,19
engr0,HTC,BIM,0.4,FGSM,0.1,2.8852459016393444,2.0,0,20
engr0,HTC,BIM,0.4,FGSM,0.2,8.721311475409836,5.0,0,52
engr0,HTC,BIM,0.4,FGSM,0.3,13.475409836065573,8.0,0,52
engr0,HTC,BIM,0.4,FGSM,0.4,13.163934426229508,9.0,0,49
engr0,HTC,BIM,0.4,FGSM,0.5,12.934426229508198,9.0,0,48
engr0,HTC,BIM,0.4,FGSM,0.6,11.868852459016393,7.0,0,45
engr0,HTC,BIM,0.4,FGSM,0.7,11.60655737704918,7.0,0,45
engr0,HTC,BIM,0.4,FGSM,0.8,12.065573770491802,8.0,0,45
engr0,HTC,BIM,0.4,FGSM,0.9,10.918032786885245,7.0,0,45
engr0,HTC,BIM,0.4,FGSM,1.0,11.245901639344263,8.0,0,45
engr0,LG,BIM,0.4,FGSM,0.1,1.8360655737704918,1.0,0,8
engr0,LG,BIM,0.4,FGSM,0.2,9.901639344262295,4.0,0,46
engr0,LG,BIM,0.4,FGSM,0.3,11.836065573770492,7.0,0,47
engr0,LG,BIM,0.4,FGSM,0.4,11.639344262295081,7.0,0,45
engr0,LG,BIM,0.4,FGSM,0.5,11.442622950819672,7.0,0,45
engr0,LG,BIM,0.4,FGSM,0.6,10.639344262295081,7.0,0,45
engr0,LG,BIM,0.4,FGSM,0.7,10.459016393442623,7.0,0,45
engr0,LG,BIM,0.4,FGSM,0.8,9.721311475409836,6.0,0,44
engr0,LG,BIM,0.4,FGSM,0.9,9.60655737704918,6.0,0,44
engr0,LG,BIM,0.4,FGSM,1.0,9.819672131147541,6.0,0,44
engr0,MOTO,BIM,0.4,FGSM,0.1,3.3278688524590163,1.0,0,34
engr0,MOTO,BIM,0.4,FGSM,0.2,21.147540983606557,18.0,0,55
engr0,MOTO,BIM,0.4,FGSM,0.3,13.754098360655737,7.0,0,57
engr0,MOTO,BIM,0.4,FGSM,0.4,12.901639344262295,8.0,0,57
engr0,MOTO,BIM,0.4,FGSM,0.5,13.278688524590164,10.0,0,57
engr0,MOTO,BIM,0.4,FGSM,0.6,12.655737704918034,8.0,0,57
engr0,MOTO,BIM,0.4,FGSM,0.7,12.229508196721312,8.0,0,57
engr0,MOTO,BIM,0.4,FGSM,0.8,11.819672131147541,7.0,0,57
engr0,MOTO,BIM,0.4,FGSM,0.9,13.032786885245901,10.0,0,57
engr0,MOTO,BIM,0.4,FGSM,1.0,13.065573770491802,10.0,0,57
engr0,OP3,BIM,0.4,FGSM,0.1,1.1311475409836065,1.0,0,7
engr0,OP3,BIM,0.4,FGSM,0.2,22.065573770491802,18.0,0,56
engr0,OP3,BIM,0.4,FGSM,0.3,6.163934426229508,4.0,0,40
engr0,OP3,BIM,0.4,FGSM,0.4,6.180327868852459,3.0,0,45
engr0,OP3,BIM,0.4,FGSM,0.5,4.918032786885246,3.0,0,29
engr0,OP3,BIM,0.4,FGSM,0.6,5.19672131147541,4.0,0,29
engr0,OP3,BIM,0.4,FGSM,0.7,5.262295081967213,4.0,0,29
engr0,OP3,BIM,0.4,FGSM,0.8,5.327868852459017,3.0,0,29
engr0,OP3,BIM,0.4,FGSM,0.9,5.245901639344262,3.0,0,29
engr0,OP3,BIM,0.4,FGSM,1.0,5.229508196721311,3.0,0,29
engr0,S7,BIM,0.4,FGSM,0.1,1.9672131147540983,1.0,0,10
engr0,S7,BIM,0.4,FGSM,0.2,18.18032786885246,12.0,0,57
engr0,S7,BIM,0.4,FGSM,0.3,8.721311475409836,4.0,0,50
engr0,S7,BIM,0.4,FGSM,0.4,8.721311475409836,4.0,0,45
engr0,S7,BIM,0.4,FGSM,0.5,8.950819672131148,4.0,0,46
engr0,S7,BIM,0.4,FGSM,0.6,8.62295081967213,4.0,0,45
engr0,S7,BIM,0.4,FGSM,0.7,7.590163934426229,5.0,0,45
engr0,S7,BIM,0.4,FGSM,0.8,7.081967213114754,4.0,0,45
engr0,S7,BIM,0.4,FGSM,0.9,6.377049180327869,4.0,0,27
engr0,S7,BIM,0.4,FGSM,1.0,6.213114754098361,4.0,0,27
engr0,BLU,BIM,0.5,FGSM,0.1,2.3934426229508197,2.0,0,11
engr0,BLU,BIM,0.5,FGSM,0.2,14.245901639344263,8.0,0,55
engr0,BLU,BIM,0.5,FGSM,0.3,7.098360655737705,4.0,0,45
engr0,BLU,BIM,0.5,FGSM,0.4,7.049180327868853,4.0,0,45
engr0,BLU,BIM,0.5,FGSM,0.5,5.295081967213115,4.0,0,20
engr0,BLU,BIM,0.5,FGSM,0.6,5.39344262295082,4.0,0,20
engr0,BLU,BIM,0.5,FGSM,0.7,5.885245901639344,4.0,0,20
engr0,BLU,BIM,0.5,FGSM,0.8,5.918032786885246,4.0,0,20
engr0,BLU,BIM,0.5,FGSM,0.9,6.049180327868853,4.0,0,19
engr0,BLU,BIM,0.5,FGSM,1.0,6.032786885245901,4.0,0,19
engr0,HTC,BIM,0.5,FGSM,0.1,2.8852459016393444,2.0,0,20
engr0,HTC,BIM,0.5,FGSM,0.2,8.721311475409836,5.0,0,52
engr0,HTC,BIM,0.5,FGSM,0.3,13.475409836065573,8.0,0,52
engr0,HTC,BIM,0.5,FGSM,0.4,13.163934426229508,9.0,0,49
engr0,HTC,BIM,0.5,FGSM,0.5,12.934426229508198,9.0,0,48
engr0,HTC,BIM,0.5,FGSM,0.6,11.868852459016393,7.0,0,45
engr0,HTC,BIM,0.5,FGSM,0.7,11.60655737704918,7.0,0,45
engr0,HTC,BIM,0.5,FGSM,0.8,12.065573770491802,8.0,0,45
engr0,HTC,BIM,0.5,FGSM,0.9,10.918032786885245,7.0,0,45
engr0,HTC,BIM,0.5,FGSM,1.0,11.245901639344263,8.0,0,45
engr0,LG,BIM,0.5,FGSM,0.1,1.8360655737704918,1.0,0,8
engr0,LG,BIM,0.5,FGSM,0.2,9.901639344262295,4.0,0,46
engr0,LG,BIM,0.5,FGSM,0.3,11.836065573770492,7.0,0,47
engr0,LG,BIM,0.5,FGSM,0.4,11.639344262295081,7.0,0,45
engr0,LG,BIM,0.5,FGSM,0.5,11.442622950819672,7.0,0,45
engr0,LG,BIM,0.5,FGSM,0.6,10.639344262295081,7.0,0,45
engr0,LG,BIM,0.5,FGSM,0.7,10.459016393442623,7.0,0,45
engr0,LG,BIM,0.5,FGSM,0.8,9.721311475409836,6.0,0,44
engr0,LG,BIM,0.5,FGSM,0.9,9.60655737704918,6.0,0,44
engr0,LG,BIM,0.5,FGSM,1.0,9.819672131147541,6.0,0,44
engr0,MOTO,BIM,0.5,FGSM,0.1,3.3278688524590163,1.0,0,34
engr0,MOTO,BIM,0.5,FGSM,0.2,21.147540983606557,18.0,0,55
engr0,MOTO,BIM,0.5,FGSM,0.3,13.754098360655737,7.0,0,57
engr0,MOTO,BIM,0.5,FGSM,0.4,12.901639344262295,8.0,0,57
engr0,MOTO,BIM,0.5,FGSM,0.5,13.278688524590164,10.0,0,57
engr0,MOTO,BIM,0.5,FGSM,0.6,12.655737704918034,8.0,0,57
engr0,MOTO,BIM,0.5,FGSM,0.7,12.229508196721312,8.0,0,57
engr0,MOTO,BIM,0.5,FGSM,0.8,11.819672131147541,7.0,0,57
engr0,MOTO,BIM,0.5,FGSM,0.9,13.032786885245901,10.0,0,57
engr0,MOTO,BIM,0.5,FGSM,1.0,13.065573770491802,10.0,0,57
engr0,OP3,BIM,0.5,FGSM,0.1,1.1311475409836065,1.0,0,7
engr0,OP3,BIM,0.5,FGSM,0.2,22.065573770491802,18.0,0,56
engr0,OP3,BIM,0.5,FGSM,0.3,6.163934426229508,4.0,0,40
engr0,OP3,BIM,0.5,FGSM,0.4,6.180327868852459,3.0,0,45
engr0,OP3,BIM,0.5,FGSM,0.5,4.918032786885246,3.0,0,29
engr0,OP3,BIM,0.5,FGSM,0.6,5.19672131147541,4.0,0,29
engr0,OP3,BIM,0.5,FGSM,0.7,5.262295081967213,4.0,0,29
engr0,OP3,BIM,0.5,FGSM,0.8,5.327868852459017,3.0,0,29
engr0,OP3,BIM,0.5,FGSM,0.9,5.245901639344262,3.0,0,29
engr0,OP3,BIM,0.5,FGSM,1.0,5.229508196721311,3.0,0,29
engr0,S7,BIM,0.5,FGSM,0.1,1.9672131147540983,1.0,0,10
engr0,S7,BIM,0.5,FGSM,0.2,18.18032786885246,12.0,0,57
engr0,S7,BIM,0.5,FGSM,0.3,8.721311475409836,4.0,0,50
engr0,S7,BIM,0.5,FGSM,0.4,8.721311475409836,4.0,0,45
engr0,S7,BIM,0.5,FGSM,0.5,8.950819672131148,4.0,0,46
engr0,S7,BIM,0.5,FGSM,0.6,8.62295081967213,4.0,0,45
engr0,S7,BIM,0.5,FGSM,0.7,7.590163934426229,5.0,0,45
engr0,S7,BIM,0.5,FGSM,0.8,7.081967213114754,4.0,0,45
engr0,S7,BIM,0.5,FGSM,0.9,6.377049180327869,4.0,0,27
engr0,S7,BIM,0.5,FGSM,1.0,6.213114754098361,4.0,0,27
engr0,BLU,BIM,0.6,FGSM,0.1,2.3934426229508197,2.0,0,11
engr0,BLU,BIM,0.6,FGSM,0.2,14.245901639344263,8.0,0,55
engr0,BLU,BIM,0.6,FGSM,0.3,7.098360655737705,4.0,0,45
engr0,BLU,BIM,0.6,FGSM,0.4,7.049180327868853,4.0,0,45
engr0,BLU,BIM,0.6,FGSM,0.5,5.295081967213115,4.0,0,20
engr0,BLU,BIM,0.6,FGSM,0.6,5.39344262295082,4.0,0,20
engr0,BLU,BIM,0.6,FGSM,0.7,5.885245901639344,4.0,0,20
engr0,BLU,BIM,0.6,FGSM,0.8,5.918032786885246,4.0,0,20
engr0,BLU,BIM,0.6,FGSM,0.9,6.049180327868853,4.0,0,19
engr0,BLU,BIM,0.6,FGSM,1.0,6.032786885245901,4.0,0,19
engr0,HTC,BIM,0.6,FGSM,0.1,2.8852459016393444,2.0,0,20
engr0,HTC,BIM,0.6,FGSM,0.2,8.721311475409836,5.0,0,52
engr0,HTC,BIM,0.6,FGSM,0.3,13.475409836065573,8.0,0,52
engr0,HTC,BIM,0.6,FGSM,0.4,13.163934426229508,9.0,0,49
engr0,HTC,BIM,0.6,FGSM,0.5,12.934426229508198,9.0,0,48
engr0,HTC,BIM,0.6,FGSM,0.6,11.868852459016393,7.0,0,45
engr0,HTC,BIM,0.6,FGSM,0.7,11.60655737704918,7.0,0,45
engr0,HTC,BIM,0.6,FGSM,0.8,12.065573770491802,8.0,0,45
engr0,HTC,BIM,0.6,FGSM,0.9,10.918032786885245,7.0,0,45
engr0,HTC,BIM,0.6,FGSM,1.0,11.245901639344263,8.0,0,45
engr0,LG,BIM,0.6,FGSM,0.1,1.8360655737704918,1.0,0,8
engr0,LG,BIM,0.6,FGSM,0.2,9.901639344262295,4.0,0,46
engr0,LG,BIM,0.6,FGSM,0.3,11.836065573770492,7.0,0,47
engr0,LG,BIM,0.6,FGSM,0.4,11.639344262295081,7.0,0,45
engr0,LG,BIM,0.6,FGSM,0.5,11.442622950819672,7.0,0,45
engr0,LG,BIM,0.6,FGSM,0.6,10.639344262295081,7.0,0,45
engr0,LG,BIM,0.6,FGSM,0.7,10.459016393442623,7.0,0,45
engr0,LG,BIM,0.6,FGSM,0.8,9.721311475409836,6.0,0,44
engr0,LG,BIM,0.6,FGSM,0.9,9.60655737704918,6.0,0,44
engr0,LG,BIM,0.6,FGSM,1.0,9.819672131147541,6.0,0,44
engr0,MOTO,BIM,0.6,FGSM,0.1,3.3278688524590163,1.0,0,34
engr0,MOTO,BIM,0.6,FGSM,0.2,21.147540983606557,18.0,0,55
engr0,MOTO,BIM,0.6,FGSM,0.3,13.754098360655737,7.0,0,57
engr0,MOTO,BIM,0.6,FGSM,0.4,12.901639344262295,8.0,0,57
engr0,MOTO,BIM,0.6,FGSM,0.5,13.278688524590164,10.0,0,57
engr0,MOTO,BIM,0.6,FGSM,0.6,12.655737704918034,8.0,0,57
engr0,MOTO,BIM,0.6,FGSM,0.7,12.229508196721312,8.0,0,57
engr0,MOTO,BIM,0.6,FGSM,0.8,11.819672131147541,7.0,0,57
engr0,MOTO,BIM,0.6,FGSM,0.9,13.032786885245901,10.0,0,57
engr0,MOTO,BIM,0.6,FGSM,1.0,13.065573770491802,10.0,0,57
engr0,OP3,BIM,0.6,FGSM,0.1,1.1311475409836065,1.0,0,7
engr0,OP3,BIM,0.6,FGSM,0.2,22.065573770491802,18.0,0,56
engr0,OP3,BIM,0.6,FGSM,0.3,6.163934426229508,4.0,0,40
engr0,OP3,BIM,0.6,FGSM,0.4,6.180327868852459,3.0,0,45
engr0,OP3,BIM,0.6,FGSM,0.5,4.918032786885246,3.0,0,29
engr0,OP3,BIM,0.6,FGSM,0.6,5.19672131147541,4.0,0,29
engr0,OP3,BIM,0.6,FGSM,0.7,5.262295081967213,4.0,0,29
engr0,OP3,BIM,0.6,FGSM,0.8,5.327868852459017,3.0,0,29
engr0,OP3,BIM,0.6,FGSM,0.9,5.245901639344262,3.0,0,29
engr0,OP3,BIM,0.6,FGSM,1.0,5.229508196721311,3.0,0,29
engr0,S7,BIM,0.6,FGSM,0.1,1.9672131147540983,1.0,0,10
engr0,S7,BIM,0.6,FGSM,0.2,18.18032786885246,12.0,0,57
engr0,S7,BIM,0.6,FGSM,0.3,8.721311475409836,4.0,0,50
engr0,S7,BIM,0.6,FGSM,0.4,8.721311475409836,4.0,0,45
engr0,S7,BIM,0.6,FGSM,0.5,8.950819672131148,4.0,0,46
engr0,S7,BIM,0.6,FGSM,0.6,8.62295081967213,4.0,0,45
engr0,S7,BIM,0.6,FGSM,0.7,7.590163934426229,5.0,0,45
engr0,S7,BIM,0.6,FGSM,0.8,7.081967213114754,4.0,0,45
engr0,S7,BIM,0.6,FGSM,0.9,6.377049180327869,4.0,0,27
engr0,S7,BIM,0.6,FGSM,1.0,6.213114754098361,4.0,0,27
engr0,BLU,BIM,0.7,FGSM,0.1,2.3934426229508197,2.0,0,11
engr0,BLU,BIM,0.7,FGSM,0.2,14.245901639344263,8.0,0,55
engr0,BLU,BIM,0.7,FGSM,0.3,7.098360655737705,4.0,0,45
engr0,BLU,BIM,0.7,FGSM,0.4,7.049180327868853,4.0,0,45
engr0,BLU,BIM,0.7,FGSM,0.5,5.295081967213115,4.0,0,20
engr0,BLU,BIM,0.7,FGSM,0.6,5.39344262295082,4.0,0,20
engr0,BLU,BIM,0.7,FGSM,0.7,5.885245901639344,4.0,0,20
engr0,BLU,BIM,0.7,FGSM,0.8,5.918032786885246,4.0,0,20
engr0,BLU,BIM,0.7,FGSM,0.9,6.049180327868853,4.0,0,19
engr0,BLU,BIM,0.7,FGSM,1.0,6.032786885245901,4.0,0,19
engr0,HTC,BIM,0.7,FGSM,0.1,2.8852459016393444,2.0,0,20
engr0,HTC,BIM,0.7,FGSM,0.2,8.721311475409836,5.0,0,52
engr0,HTC,BIM,0.7,FGSM,0.3,13.475409836065573,8.0,0,52
engr0,HTC,BIM,0.7,FGSM,0.4,13.163934426229508,9.0,0,49
engr0,HTC,BIM,0.7,FGSM,0.5,12.934426229508198,9.0,0,48
engr0,HTC,BIM,0.7,FGSM,0.6,11.868852459016393,7.0,0,45
engr0,HTC,BIM,0.7,FGSM,0.7,11.60655737704918,7.0,0,45
engr0,HTC,BIM,0.7,FGSM,0.8,12.065573770491802,8.0,0,45
engr0,HTC,BIM,0.7,FGSM,0.9,10.918032786885245,7.0,0,45
engr0,HTC,BIM,0.7,FGSM,1.0,11.245901639344263,8.0,0,45
engr0,LG,BIM,0.7,FGSM,0.1,1.8360655737704918,1.0,0,8
engr0,LG,BIM,0.7,FGSM,0.2,9.901639344262295,4.0,0,46
engr0,LG,BIM,0.7,FGSM,0.3,11.836065573770492,7.0,0,47
engr0,LG,BIM,0.7,FGSM,0.4,11.639344262295081,7.0,0,45
engr0,LG,BIM,0.7,FGSM,0.5,11.442622950819672,7.0,0,45
engr0,LG,BIM,0.7,FGSM,0.6,10.639344262295081,7.0,0,45
engr0,LG,BIM,0.7,FGSM,0.7,10.459016393442623,7.0,0,45
engr0,LG,BIM,0.7,FGSM,0.8,9.721311475409836,6.0,0,44
engr0,LG,BIM,0.7,FGSM,0.9,9.60655737704918,6.0,0,44
engr0,LG,BIM,0.7,FGSM,1.0,9.819672131147541,6.0,0,44
engr0,MOTO,BIM,0.7,FGSM,0.1,3.3278688524590163,1.0,0,34
engr0,MOTO,BIM,0.7,FGSM,0.2,21.147540983606557,18.0,0,55
engr0,MOTO,BIM,0.7,FGSM,0.3,13.754098360655737,7.0,0,57
engr0,MOTO,BIM,0.7,FGSM,0.4,12.901639344262295,8.0,0,57
engr0,MOTO,BIM,0.7,FGSM,0.5,13.278688524590164,10.0,0,57
engr0,MOTO,BIM,0.7,FGSM,0.6,12.655737704918034,8.0,0,57
engr0,MOTO,BIM,0.7,FGSM,0.7,12.229508196721312,8.0,0,57
engr0,MOTO,BIM,0.7,FGSM,0.8,11.819672131147541,7.0,0,57
engr0,MOTO,BIM,0.7,FGSM,0.9,13.032786885245901,10.0,0,57
engr0,MOTO,BIM,0.7,FGSM,1.0,13.065573770491802,10.0,0,57
engr0,OP3,BIM,0.7,FGSM,0.1,1.1311475409836065,1.0,0,7
engr0,OP3,BIM,0.7,FGSM,0.2,22.065573770491802,18.0,0,56
engr0,OP3,BIM,0.7,FGSM,0.3,6.163934426229508,4.0,0,40
engr0,OP3,BIM,0.7,FGSM,0.4,6.180327868852459,3.0,0,45
engr0,OP3,BIM,0.7,FGSM,0.5,4.918032786885246,3.0,0,29
engr0,OP3,BIM,0.7,FGSM,0.6,5.19672131147541,4.0,0,29
engr0,OP3,BIM,0.7,FGSM,0.7,5.262295081967213,4.0,0,29
engr0,OP3,BIM,0.7,FGSM,0.8,5.327868852459017,3.0,0,29
engr0,OP3,BIM,0.7,FGSM,0.9,5.245901639344262,3.0,0,29
engr0,OP3,BIM,0.7,FGSM,1.0,5.229508196721311,3.0,0,29
engr0,S7,BIM,0.7,FGSM,0.1,1.9672131147540983,1.0,0,10
engr0,S7,BIM,0.7,FGSM,0.2,18.18032786885246,12.0,0,57
engr0,S7,BIM,0.7,FGSM,0.3,8.721311475409836,4.0,0,50
engr0,S7,BIM,0.7,FGSM,0.4,8.721311475409836,4.0,0,45
engr0,S7,BIM,0.7,FGSM,0.5,8.950819672131148,4.0,0,46
engr0,S7,BIM,0.7,FGSM,0.6,8.62295081967213,4.0,0,45
engr0,S7,BIM,0.7,FGSM,0.7,7.590163934426229,5.0,0,45
engr0,S7,BIM,0.7,FGSM,0.8,7.081967213114754,4.0,0,45
engr0,S7,BIM,0.7,FGSM,0.9,6.377049180327869,4.0,0,27
engr0,S7,BIM,0.7,FGSM,1.0,6.213114754098361,4.0,0,27
engr0,BLU,BIM,0.8,FGSM,0.1,2.3934426229508197,2.0,0,11
engr0,BLU,BIM,0.8,FGSM,0.2,14.245901639344263,8.0,0,55
engr0,BLU,BIM,0.8,FGSM,0.3,7.098360655737705,4.0,0,45
engr0,BLU,BIM,0.8,FGSM,0.4,7.049180327868853,4.0,0,45
engr0,BLU,BIM,0.8,FGSM,0.5,5.295081967213115,4.0,0,20
engr0,BLU,BIM,0.8,FGSM,0.6,5.39344262295082,4.0,0,20
engr0,BLU,BIM,0.8,FGSM,0.7,5.885245901639344,4.0,0,20
engr0,BLU,BIM,0.8,FGSM,0.8,5.918032786885246,4.0,0,20
engr0,BLU,BIM,0.8,FGSM,0.9,6.049180327868853,4.0,0,19
engr0,BLU,BIM,0.8,FGSM,1.0,6.032786885245901,4.0,0,19
engr0,HTC,BIM,0.8,FGSM,0.1,2.8852459016393444,2.0,0,20
engr0,HTC,BIM,0.8,FGSM,0.2,8.721311475409836,5.0,0,52
engr0,HTC,BIM,0.8,FGSM,0.3,13.475409836065573,8.0,0,52
engr0,HTC,BIM,0.8,FGSM,0.4,13.163934426229508,9.0,0,49
engr0,HTC,BIM,0.8,FGSM,0.5,12.934426229508198,9.0,0,48
engr0,HTC,BIM,0.8,FGSM,0.6,11.868852459016393,7.0,0,45
engr0,HTC,BIM,0.8,FGSM,0.7,11.60655737704918,7.0,0,45
engr0,HTC,BIM,0.8,FGSM,0.8,12.065573770491802,8.0,0,45
engr0,HTC,BIM,0.8,FGSM,0.9,10.918032786885245,7.0,0,45
engr0,HTC,BIM,0.8,FGSM,1.0,11.245901639344263,8.0,0,45
engr0,LG,BIM,0.8,FGSM,0.1,1.8360655737704918,1.0,0,8
engr0,LG,BIM,0.8,FGSM,0.2,9.901639344262295,4.0,0,46
engr0,LG,BIM,0.8,FGSM,0.3,11.836065573770492,7.0,0,47
engr0,LG,BIM,0.8,FGSM,0.4,11.639344262295081,7.0,0,45
engr0,LG,BIM,0.8,FGSM,0.5,11.442622950819672,7.0,0,45
engr0,LG,BIM,0.8,FGSM,0.6,10.639344262295081,7.0,0,45
engr0,LG,BIM,0.8,FGSM,0.7,10.459016393442623,7.0,0,45
engr0,LG,BIM,0.8,FGSM,0.8,9.721311475409836,6.0,0,44
engr0,LG,BIM,0.8,FGSM,0.9,9.60655737704918,6.0,0,44
engr0,LG,BIM,0.8,FGSM,1.0,9.819672131147541,6.0,0,44
engr0,MOTO,BIM,0.8,FGSM,0.1,3.3278688524590163,1.0,0,34
engr0,MOTO,BIM,0.8,FGSM,0.2,21.147540983606557,18.0,0,55
engr0,MOTO,BIM,0.8,FGSM,0.3,13.754098360655737,7.0,0,57
engr0,MOTO,BIM,0.8,FGSM,0.4,12.901639344262295,8.0,0,57
engr0,MOTO,BIM,0.8,FGSM,0.5,13.278688524590164,10.0,0,57
engr0,MOTO,BIM,0.8,FGSM,0.6,12.655737704918034,8.0,0,57
engr0,MOTO,BIM,0.8,FGSM,0.7,12.229508196721312,8.0,0,57
engr0,MOTO,BIM,0.8,FGSM,0.8,11.819672131147541,7.0,0,57
engr0,MOTO,BIM,0.8,FGSM,0.9,13.032786885245901,10.0,0,57
engr0,MOTO,BIM,0.8,FGSM,1.0,13.065573770491802,10.0,0,57
engr0,OP3,BIM,0.8,FGSM,0.1,1.1311475409836065,1.0,0,7
engr0,OP3,BIM,0.8,FGSM,0.2,22.065573770491802,18.0,0,56
engr0,OP3,BIM,0.8,FGSM,0.3,6.163934426229508,4.0,0,40
engr0,OP3,BIM,0.8,FGSM,0.4,6.180327868852459,3.0,0,45
engr0,OP3,BIM,0.8,FGSM,0.5,4.918032786885246,3.0,0,29
engr0,OP3,BIM,0.8,FGSM,0.6,5.19672131147541,4.0,0,29
engr0,OP3,BIM,0.8,FGSM,0.7,5.262295081967213,4.0,0,29
engr0,OP3,BIM,0.8,FGSM,0.8,5.327868852459017,3.0,0,29
engr0,OP3,BIM,0.8,FGSM,0.9,5.245901639344262,3.0,0,29
engr0,OP3,BIM,0.8,FGSM,1.0,5.229508196721311,3.0,0,29
engr0,S7,BIM,0.8,FGSM,0.1,1.9672131147540983,1.0,0,10
engr0,S7,BIM,0.8,FGSM,0.2,18.18032786885246,12.0,0,57
engr0,S7,BIM,0.8,FGSM,0.3,8.721311475409836,4.0,0,50
engr0,S7,BIM,0.8,FGSM,0.4,8.721311475409836,4.0,0,45
engr0,S7,BIM,0.8,FGSM,0.5,8.950819672131148,4.0,0,46
engr0,S7,BIM,0.8,FGSM,0.6,8.62295081967213,4.0,0,45
engr0,S7,BIM,0.8,FGSM,0.7,7.590163934426229,5.0,0,45
engr0,S7,BIM,0.8,FGSM,0.8,7.081967213114754,4.0,0,45
engr0,S7,BIM,0.8,FGSM,0.9,6.377049180327869,4.0,0,27
engr0,S7,BIM,0.8,FGSM,1.0,6.213114754098361,4.0,0,27
engr0,BLU,BIM,0.9,FGSM,0.1,2.3934426229508197,2.0,0,11
engr0,BLU,BIM,0.9,FGSM,0.2,14.245901639344263,8.0,0,55
engr0,BLU,BIM,0.9,FGSM,0.3,7.098360655737705,4.0,0,45
engr0,BLU,BIM,0.9,FGSM,0.4,7.049180327868853,4.0,0,45
engr0,BLU,BIM,0.9,FGSM,0.5,5.295081967213115,4.0,0,20
engr0,BLU,BIM,0.9,FGSM,0.6,5.39344262295082,4.0,0,20
engr0,BLU,BIM,0.9,FGSM,0.7,5.885245901639344,4.0,0,20
engr0,BLU,BIM,0.9,FGSM,0.8,5.918032786885246,4.0,0,20
engr0,BLU,BIM,0.9,FGSM,0.9,6.049180327868853,4.0,0,19
engr0,BLU,BIM,0.9,FGSM,1.0,6.032786885245901,4.0,0,19
engr0,HTC,BIM,0.9,FGSM,0.1,2.8852459016393444,2.0,0,20
engr0,HTC,BIM,0.9,FGSM,0.2,8.721311475409836,5.0,0,52
engr0,HTC,BIM,0.9,FGSM,0.3,13.475409836065573,8.0,0,52
engr0,HTC,BIM,0.9,FGSM,0.4,13.163934426229508,9.0,0,49
engr0,HTC,BIM,0.9,FGSM,0.5,12.934426229508198,9.0,0,48
engr0,HTC,BIM,0.9,FGSM,0.6,11.868852459016393,7.0,0,45
engr0,HTC,BIM,0.9,FGSM,0.7,11.60655737704918,7.0,0,45
engr0,HTC,BIM,0.9,FGSM,0.8,12.065573770491802,8.0,0,45
engr0,HTC,BIM,0.9,FGSM,0.9,10.918032786885245,7.0,0,45
engr0,HTC,BIM,0.9,FGSM,1.0,11.245901639344263,8.0,0,45
engr0,LG,BIM,0.9,FGSM,0.1,1.8360655737704918,1.0,0,8
engr0,LG,BIM,0.9,FGSM,0.2,9.901639344262295,4.0,0,46
engr0,LG,BIM,0.9,FGSM,0.3,11.836065573770492,7.0,0,47
engr0,LG,BIM,0.9,FGSM,0.4,11.639344262295081,7.0,0,45
engr0,LG,BIM,0.9,FGSM,0.5,11.442622950819672,7.0,0,45
engr0,LG,BIM,0.9,FGSM,0.6,10.639344262295081,7.0,0,45
engr0,LG,BIM,0.9,FGSM,0.7,10.459016393442623,7.0,0,45
engr0,LG,BIM,0.9,FGSM,0.8,9.721311475409836,6.0,0,44
engr0,LG,BIM,0.9,FGSM,0.9,9.60655737704918,6.0,0,44
engr0,LG,BIM,0.9,FGSM,1.0,9.819672131147541,6.0,0,44
engr0,MOTO,BIM,0.9,FGSM,0.1,3.3278688524590163,1.0,0,34
engr0,MOTO,BIM,0.9,FGSM,0.2,21.147540983606557,18.0,0,55
engr0,MOTO,BIM,0.9,FGSM,0.3,13.754098360655737,7.0,0,57
engr0,MOTO,BIM,0.9,FGSM,0.4,12.901639344262295,8.0,0,57
engr0,MOTO,BIM,0.9,FGSM,0.5,13.278688524590164,10.0,0,57
engr0,MOTO,BIM,0.9,FGSM,0.6,12.655737704918034,8.0,0,57
engr0,MOTO,BIM,0.9,FGSM,0.7,12.229508196721312,8.0,0,57
engr0,MOTO,BIM,0.9,FGSM,0.8,11.819672131147541,7.0,0,57
engr0,MOTO,BIM,0.9,FGSM,0.9,13.032786885245901,10.0,0,57
engr0,MOTO,BIM,0.9,FGSM,1.0,13.065573770491802,10.0,0,57
engr0,OP3,BIM,0.9,FGSM,0.1,1.1311475409836065,1.0,0,7
engr0,OP3,BIM,0.9,FGSM,0.2,22.065573770491802,18.0,0,56
engr0,OP3,BIM,0.9,FGSM,0.3,6.163934426229508,4.0,0,40
engr0,OP3,BIM,0.9,FGSM,0.4,6.180327868852459,3.0,0,45
engr0,OP3,BIM,0.9,FGSM,0.5,4.918032786885246,3.0,0,29
engr0,OP3,BIM,0.9,FGSM,0.6,5.19672131147541,4.0,0,29
engr0,OP3,BIM,0.9,FGSM,0.7,5.262295081967213,4.0,0,29
engr0,OP3,BIM,0.9,FGSM,0.8,5.327868852459017,3.0,0,29
engr0,OP3,BIM,0.9,FGSM,0.9,5.245901639344262,3.0,0,29
engr0,OP3,BIM,0.9,FGSM,1.0,5.229508196721311,3.0,0,29
engr0,S7,BIM,0.9,FGSM,0.1,1.9672131147540983,1.0,0,10
engr0,S7,BIM,0.9,FGSM,0.2,18.18032786885246,12.0,0,57
engr0,S7,BIM,0.9,FGSM,0.3,8.721311475409836,4.0,0,50
engr0,S7,BIM,0.9,FGSM,0.4,8.721311475409836,4.0,0,45
engr0,S7,BIM,0.9,FGSM,0.5,8.950819672131148,4.0,0,46
engr0,S7,BIM,0.9,FGSM,0.6,8.62295081967213,4.0,0,45
engr0,S7,BIM,0.9,FGSM,0.7,7.590163934426229,5.0,0,45
engr0,S7,BIM,0.9,FGSM,0.8,7.081967213114754,4.0,0,45
engr0,S7,BIM,0.9,FGSM,0.9,6.377049180327869,4.0,0,27
engr0,S7,BIM,0.9,FGSM,1.0,6.213114754098361,4.0,0,27
engr0,BLU,BIM,1.0,FGSM,0.1,2.3934426229508197,2.0,0,11
engr0,BLU,BIM,1.0,FGSM,0.2,14.245901639344263,8.0,0,55
engr0,BLU,BIM,1.0,FGSM,0.3,7.098360655737705,4.0,0,45
engr0,BLU,BIM,1.0,FGSM,0.4,7.049180327868853,4.0,0,45
engr0,BLU,BIM,1.0,FGSM,0.5,5.295081967213115,4.0,0,20
engr0,BLU,BIM,1.0,FGSM,0.6,5.39344262295082,4.0,0,20
engr0,BLU,BIM,1.0,FGSM,0.7,5.885245901639344,4.0,0,20
engr0,BLU,BIM,1.0,FGSM,0.8,5.918032786885246,4.0,0,20
engr0,BLU,BIM,1.0,FGSM,0.9,6.049180327868853,4.0,0,19
engr0,BLU,BIM,1.0,FGSM,1.0,6.032786885245901,4.0,0,19
engr0,HTC,BIM,1.0,FGSM,0.1,2.8852459016393444,2.0,0,20
engr0,HTC,BIM,1.0,FGSM,0.2,8.721311475409836,5.0,0,52
engr0,HTC,BIM,1.0,FGSM,0.3,13.475409836065573,8.0,0,52
engr0,HTC,BIM,1.0,FGSM,0.4,13.163934426229508,9.0,0,49
engr0,HTC,BIM,1.0,FGSM,0.5,12.934426229508198,9.0,0,48
engr0,HTC,BIM,1.0,FGSM,0.6,11.868852459016393,7.0,0,45
engr0,HTC,BIM,1.0,FGSM,0.7,11.60655737704918,7.0,0,45
engr0,HTC,BIM,1.0,FGSM,0.8,12.065573770491802,8.0,0,45
engr0,HTC,BIM,1.0,FGSM,0.9,10.918032786885245,7.0,0,45
engr0,HTC,BIM,1.0,FGSM,1.0,11.245901639344263,8.0,0,45
engr0,LG,BIM,1.0,FGSM,0.1,1.8360655737704918,1.0,0,8
engr0,LG,BIM,1.0,FGSM,0.2,9.901639344262295,4.0,0,46
engr0,LG,BIM,1.0,FGSM,0.3,11.836065573770492,7.0,0,47
engr0,LG,BIM,1.0,FGSM,0.4,11.639344262295081,7.0,0,45
engr0,LG,BIM,1.0,FGSM,0.5,11.442622950819672,7.0,0,45
engr0,LG,BIM,1.0,FGSM,0.6,10.639344262295081,7.0,0,45
engr0,LG,BIM,1.0,FGSM,0.7,10.459016393442623,7.0,0,45
engr0,LG,BIM,1.0,FGSM,0.8,9.721311475409836,6.0,0,44
engr0,LG,BIM,1.0,FGSM,0.9,9.60655737704918,6.0,0,44
engr0,LG,BIM,1.0,FGSM,1.0,9.819672131147541,6.0,0,44
engr0,MOTO,BIM,1.0,FGSM,0.1,3.3278688524590163,1.0,0,34
engr0,MOTO,BIM,1.0,FGSM,0.2,21.147540983606557,18.0,0,55
engr0,MOTO,BIM,1.0,FGSM,0.3,13.754098360655737,7.0,0,57
engr0,MOTO,BIM,1.0,FGSM,0.4,12.901639344262295,8.0,0,57
engr0,MOTO,BIM,1.0,FGSM,0.5,13.278688524590164,10.0,0,57
engr0,MOTO,BIM,1.0,FGSM,0.6,12.655737704918034,8.0,0,57
engr0,MOTO,BIM,1.0,FGSM,0.7,12.229508196721312,8.0,0,57
engr0,MOTO,BIM,1.0,FGSM,0.8,11.819672131147541,7.0,0,57
engr0,MOTO,BIM,1.0,FGSM,0.9,13.032786885245901,10.0,0,57
engr0,MOTO,BIM,1.0,FGSM,1.0,13.065573770491802,10.0,0,57
engr0,OP3,BIM,1.0,FGSM,0.1,1.1311475409836065,1.0,0,7
engr0,OP3,BIM,1.0,FGSM,0.2,22.065573770491802,18.0,0,56
engr0,OP3,BIM,1.0,FGSM,0.3,6.163934426229508,4.0,0,40
engr0,OP3,BIM,1.0,FGSM,0.4,6.180327868852459,3.0,0,45
engr0,OP3,BIM,1.0,FGSM,0.5,4.918032786885246,3.0,0,29
engr0,OP3,BIM,1.0,FGSM,0.6,5.19672131147541,4.0,0,29
engr0,OP3,BIM,1.0,FGSM,0.7,5.262295081967213,4.0,0,29
engr0,OP3,BIM,1.0,FGSM,0.8,5.327868852459017,3.0,0,29
engr0,OP3,BIM,1.0,FGSM,0.9,5.245901639344262,3.0,0,29
engr0,OP3,BIM,1.0,FGSM,1.0,5.229508196721311,3.0,0,29
engr0,S7,BIM,1.0,FGSM,0.1,1.9672131147540983,1.0,0,10
engr0,S7,BIM,1.0,FGSM,0.2,18.18032786885246,12.0,0,57
engr0,S7,BIM,1.0,FGSM,0.3,8.721311475409836,4.0,0,50
engr0,S7,BIM,1.0,FGSM,0.4,8.721311475409836,4.0,0,45
engr0,S7,BIM,1.0,FGSM,0.5,8.950819672131148,4.0,0,46
engr0,S7,BIM,1.0,FGSM,0.6,8.62295081967213,4.0,0,45
engr0,S7,BIM,1.0,FGSM,0.7,7.590163934426229,5.0,0,45
engr0,S7,BIM,1.0,FGSM,0.8,7.081967213114754,4.0,0,45
engr0,S7,BIM,1.0,FGSM,0.9,6.377049180327869,4.0,0,27
engr0,S7,BIM,1.0,FGSM,1.0,6.213114754098361,4.0,0,27
engr0,BLU,CW,0.1,FGSM,0.1,2.6721311475409837,2.0,0,11
engr0,BLU,CW,0.1,FGSM,0.2,14.540983606557377,7.0,0,56
engr0,BLU,CW,0.1,FGSM,0.3,28.83606557377049,30.0,0,56
engr0,BLU,CW,0.1,FGSM,0.4,31.40983606557377,34.0,0,56
engr0,BLU,CW,0.1,FGSM,0.5,31.770491803278688,34.0,0,56
engr0,BLU,CW,0.1,FGSM,0.6,31.57377049180328,33.0,0,56
engr0,BLU,CW,0.1,FGSM,0.7,31.901639344262296,34.0,0,56
engr0,BLU,CW,0.1,FGSM,0.8,31.901639344262296,34.0,0,56
engr0,BLU,CW,0.1,FGSM,0.9,31.918032786885245,34.0,0,56
engr0,BLU,CW,0.1,FGSM,1.0,31.737704918032787,34.0,0,56
engr0,HTC,CW,0.1,FGSM,0.1,2.9672131147540983,2.0,0,16
engr0,HTC,CW,0.1,FGSM,0.2,11.540983606557377,8.0,0,56
engr0,HTC,CW,0.1,FGSM,0.3,25.0327868852459,21.0,0,57
engr0,HTC,CW,0.1,FGSM,0.4,30.147540983606557,34.0,0,57
engr0,HTC,CW,0.1,FGSM,0.5,30.34426229508197,35.0,0,57
engr0,HTC,CW,0.1,FGSM,0.6,30.19672131147541,34.0,0,57
engr0,HTC,CW,0.1,FGSM,0.7,30.147540983606557,34.0,0,57
engr0,HTC,CW,0.1,FGSM,0.8,29.950819672131146,34.0,0,57
engr0,HTC,CW,0.1,FGSM,0.9,30.049180327868854,34.0,0,57
engr0,HTC,CW,0.1,FGSM,1.0,29.983606557377048,34.0,0,57
engr0,LG,CW,0.1,FGSM,0.1,2.0491803278688523,2.0,0,9
engr0,LG,CW,0.1,FGSM,0.2,9.0,4.0,0,46
engr0,LG,CW,0.1,FGSM,0.3,24.9672131147541,27.0,0,59
engr0,LG,CW,0.1,FGSM,0.4,27.327868852459016,30.0,0,59
engr0,LG,CW,0.1,FGSM,0.5,27.770491803278688,30.0,0,59
engr0,LG,CW,0.1,FGSM,0.6,27.491803278688526,30.0,0,58
engr0,LG,CW,0.1,FGSM,0.7,27.475409836065573,30.0,0,57
engr0,LG,CW,0.1,FGSM,0.8,27.59016393442623,28.0,0,57
engr0,LG,CW,0.1,FGSM,0.9,27.442622950819672,26.0,0,57
engr0,LG,CW,0.1,FGSM,1.0,27.131147540983605,26.0,0,56
engr0,MOTO,CW,0.1,FGSM,0.1,3.721311475409836,1.0,0,34
engr0,MOTO,CW,0.1,FGSM,0.2,23.34426229508197,21.0,0,55
engr0,MOTO,CW,0.1,FGSM,0.3,30.59016393442623,34.0,0,57
engr0,MOTO,CW,0.1,FGSM,0.4,31.262295081967213,35.0,0,57
engr0,MOTO,CW,0.1,FGSM,0.5,31.39344262295082,35.0,0,57
engr0,MOTO,CW,0.1,FGSM,0.6,31.360655737704917,35.0,0,57
engr0,MOTO,CW,0.1,FGSM,0.7,31.60655737704918,35.0,0,56
engr0,MOTO,CW,0.1,FGSM,0.8,31.491803278688526,35.0,0,56
engr0,MOTO,CW,0.1,FGSM,0.9,31.540983606557376,35.0,0,56
engr0,MOTO,CW,0.1,FGSM,1.0,31.60655737704918,35.0,0,56
engr0,OP3,CW,0.1,FGSM,0.1,1.0655737704918034,0.0,0,9
engr0,OP3,CW,0.1,FGSM,0.2,22.37704918032787,17.0,0,56
engr0,OP3,CW,0.1,FGSM,0.3,30.39344262295082,29.0,0,59
engr0,OP3,CW,0.1,FGSM,0.4,33.278688524590166,37.0,0,59
engr0,OP3,CW,0.1,FGSM,0.5,33.24590163934426,35.0,1,59
engr0,OP3,CW,0.1,FGSM,0.6,33.21311475409836,35.0,1,59
engr0,OP3,CW,0.1,FGSM,0.7,33.09836065573771,35.0,1,59
engr0,OP3,CW,0.1,FGSM,0.8,33.032786885245905,35.0,2,59
engr0,OP3,CW,0.1,FGSM,0.9,33.0,35.0,2,59
engr0,OP3,CW,0.1,FGSM,1.0,32.98360655737705,35.0,2,59
engr0,S7,CW,0.1,FGSM,0.1,2.4098360655737703,2.0,0,11
engr0,S7,CW,0.1,FGSM,0.2,19.721311475409838,11.0,0,57
engr0,S7,CW,0.1,FGSM,0.3,27.9672131147541,28.0,0,56
engr0,S7,CW,0.1,FGSM,0.4,30.098360655737704,33.0,0,57
engr0,S7,CW,0.1,FGSM,0.5,30.57377049180328,35.0,0,56
engr0,S7,CW,0.1,FGSM,0.6,30.65573770491803,35.0,0,56
engr0,S7,CW,0.1,FGSM,0.7,30.60655737704918,34.0,0,56
engr0,S7,CW,0.1,FGSM,0.8,30.81967213114754,33.0,0,56
engr0,S7,CW,0.1,FGSM,0.9,30.80327868852459,33.0,0,56
engr0,S7,CW,0.1,FGSM,1.0,30.81967213114754,33.0,1,56
engr0,BLU,CW,0.2,FGSM,0.1,2.6721311475409837,2.0,0,11
engr0,BLU,CW,0.2,FGSM,0.2,14.540983606557377,7.0,0,56
engr0,BLU,CW,0.2,FGSM,0.3,28.83606557377049,30.0,0,56
engr0,BLU,CW,0.2,FGSM,0.4,31.40983606557377,34.0,0,56
engr0,BLU,CW,0.2,FGSM,0.5,31.770491803278688,34.0,0,56
engr0,BLU,CW,0.2,FGSM,0.6,31.57377049180328,33.0,0,56
engr0,BLU,CW,0.2,FGSM,0.7,31.901639344262296,34.0,0,56
engr0,BLU,CW,0.2,FGSM,0.8,31.901639344262296,34.0,0,56
engr0,BLU,CW,0.2,FGSM,0.9,31.918032786885245,34.0,0,56
engr0,BLU,CW,0.2,FGSM,1.0,31.737704918032787,34.0,0,56
engr0,HTC,CW,0.2,FGSM,0.1,2.9672131147540983,2.0,0,16
engr0,HTC,CW,0.2,FGSM,0.2,11.540983606557377,8.0,0,56
engr0,HTC,CW,0.2,FGSM,0.3,25.0327868852459,21.0,0,57
engr0,HTC,CW,0.2,FGSM,0.4,30.147540983606557,34.0,0,57
engr0,HTC,CW,0.2,FGSM,0.5,30.34426229508197,35.0,0,57
engr0,HTC,CW,0.2,FGSM,0.6,30.19672131147541,34.0,0,57
engr0,HTC,CW,0.2,FGSM,0.7,30.147540983606557,34.0,0,57
engr0,HTC,CW,0.2,FGSM,0.8,29.950819672131146,34.0,0,57
engr0,HTC,CW,0.2,FGSM,0.9,30.049180327868854,34.0,0,57
engr0,HTC,CW,0.2,FGSM,1.0,29.983606557377048,34.0,0,57
engr0,LG,CW,0.2,FGSM,0.1,2.0491803278688523,2.0,0,9
engr0,LG,CW,0.2,FGSM,0.2,9.0,4.0,0,46
engr0,LG,CW,0.2,FGSM,0.3,24.9672131147541,27.0,0,59
engr0,LG,CW,0.2,FGSM,0.4,27.327868852459016,30.0,0,59
engr0,LG,CW,0.2,FGSM,0.5,27.770491803278688,30.0,0,59
engr0,LG,CW,0.2,FGSM,0.6,27.491803278688526,30.0,0,58
engr0,LG,CW,0.2,FGSM,0.7,27.475409836065573,30.0,0,57
engr0,LG,CW,0.2,FGSM,0.8,27.59016393442623,28.0,0,57
engr0,LG,CW,0.2,FGSM,0.9,27.442622950819672,26.0,0,57
engr0,LG,CW,0.2,FGSM,1.0,27.131147540983605,26.0,0,56
engr0,MOTO,CW,0.2,FGSM,0.1,3.721311475409836,1.0,0,34
engr0,MOTO,CW,0.2,FGSM,0.2,23.34426229508197,21.0,0,55
engr0,MOTO,CW,0.2,FGSM,0.3,30.59016393442623,34.0,0,57
engr0,MOTO,CW,0.2,FGSM,0.4,31.262295081967213,35.0,0,57
engr0,MOTO,CW,0.2,FGSM,0.5,31.39344262295082,35.0,0,57
engr0,MOTO,CW,0.2,FGSM,0.6,31.360655737704917,35.0,0,57
engr0,MOTO,CW,0.2,FGSM,0.7,31.60655737704918,35.0,0,56
engr0,MOTO,CW,0.2,FGSM,0.8,31.491803278688526,35.0,0,56
engr0,MOTO,CW,0.2,FGSM,0.9,31.540983606557376,35.0,0,56
engr0,MOTO,CW,0.2,FGSM,1.0,31.60655737704918,35.0,0,56
engr0,OP3,CW,0.2,FGSM,0.1,1.0655737704918034,0.0,0,9
engr0,OP3,CW,0.2,FGSM,0.2,22.37704918032787,17.0,0,56
engr0,OP3,CW,0.2,FGSM,0.3,30.39344262295082,29.0,0,59
engr0,OP3,CW,0.2,FGSM,0.4,33.278688524590166,37.0,0,59
engr0,OP3,CW,0.2,FGSM,0.5,33.24590163934426,35.0,1,59
engr0,OP3,CW,0.2,FGSM,0.6,33.21311475409836,35.0,1,59
engr0,OP3,CW,0.2,FGSM,0.7,33.09836065573771,35.0,1,59
engr0,OP3,CW,0.2,FGSM,0.8,33.032786885245905,35.0,2,59
engr0,OP3,CW,0.2,FGSM,0.9,33.0,35.0,2,59
engr0,OP3,CW,0.2,FGSM,1.0,32.98360655737705,35.0,2,59
engr0,S7,CW,0.2,FGSM,0.1,2.4098360655737703,2.0,0,11
engr0,S7,CW,0.2,FGSM,0.2,19.721311475409838,11.0,0,57
engr0,S7,CW,0.2,FGSM,0.3,27.9672131147541,28.0,0,56
engr0,S7,CW,0.2,FGSM,0.4,30.098360655737704,33.0,0,57
engr0,S7,CW,0.2,FGSM,0.5,30.57377049180328,35.0,0,56
engr0,S7,CW,0.2,FGSM,0.6,30.65573770491803,35.0,0,56
engr0,S7,CW,0.2,FGSM,0.7,30.60655737704918,34.0,0,56
engr0,S7,CW,0.2,FGSM,0.8,30.81967213114754,33.0,0,56
engr0,S7,CW,0.2,FGSM,0.9,30.80327868852459,33.0,0,56
engr0,S7,CW,0.2,FGSM,1.0,30.81967213114754,33.0,1,56
engr0,BLU,CW,0.3,FGSM,0.1,2.6721311475409837,2.0,0,11
engr0,BLU,CW,0.3,FGSM,0.2,14.540983606557377,7.0,0,56
engr0,BLU,CW,0.3,FGSM,0.3,28.83606557377049,30.0,0,56
engr0,BLU,CW,0.3,FGSM,0.4,31.40983606557377,34.0,0,56
engr0,BLU,CW,0.3,FGSM,0.5,31.770491803278688,34.0,0,56
engr0,BLU,CW,0.3,FGSM,0.6,31.57377049180328,33.0,0,56
engr0,BLU,CW,0.3,FGSM,0.7,31.901639344262296,34.0,0,56
engr0,BLU,CW,0.3,FGSM,0.8,31.901639344262296,34.0,0,56
engr0,BLU,CW,0.3,FGSM,0.9,31.918032786885245,34.0,0,56
engr0,BLU,CW,0.3,FGSM,1.0,31.737704918032787,34.0,0,56
engr0,HTC,CW,0.3,FGSM,0.1,2.9672131147540983,2.0,0,16
engr0,HTC,CW,0.3,FGSM,0.2,11.540983606557377,8.0,0,56
engr0,HTC,CW,0.3,FGSM,0.3,25.0327868852459,21.0,0,57
engr0,HTC,CW,0.3,FGSM,0.4,30.147540983606557,34.0,0,57
engr0,HTC,CW,0.3,FGSM,0.5,30.34426229508197,35.0,0,57
engr0,HTC,CW,0.3,FGSM,0.6,30.19672131147541,34.0,0,57
engr0,HTC,CW,0.3,FGSM,0.7,30.147540983606557,34.0,0,57
engr0,HTC,CW,0.3,FGSM,0.8,29.950819672131146,34.0,0,57
engr0,HTC,CW,0.3,FGSM,0.9,30.049180327868854,34.0,0,57
engr0,HTC,CW,0.3,FGSM,1.0,29.983606557377048,34.0,0,57
engr0,LG,CW,0.3,FGSM,0.1,2.0491803278688523,2.0,0,9
engr0,LG,CW,0.3,FGSM,0.2,9.0,4.0,0,46
engr0,LG,CW,0.3,FGSM,0.3,24.9672131147541,27.0,0,59
engr0,LG,CW,0.3,FGSM,0.4,27.327868852459016,30.0,0,59
engr0,LG,CW,0.3,FGSM,0.5,27.770491803278688,30.0,0,59
engr0,LG,CW,0.3,FGSM,0.6,27.491803278688526,30.0,0,58
engr0,LG,CW,0.3,FGSM,0.7,27.475409836065573,30.0,0,57
engr0,LG,CW,0.3,FGSM,0.8,27.59016393442623,28.0,0,57
engr0,LG,CW,0.3,FGSM,0.9,27.442622950819672,26.0,0,57
engr0,LG,CW,0.3,FGSM,1.0,27.131147540983605,26.0,0,56
engr0,MOTO,CW,0.3,FGSM,0.1,3.721311475409836,1.0,0,34
engr0,MOTO,CW,0.3,FGSM,0.2,23.34426229508197,21.0,0,55
engr0,MOTO,CW,0.3,FGSM,0.3,30.59016393442623,34.0,0,57
engr0,MOTO,CW,0.3,FGSM,0.4,31.262295081967213,35.0,0,57
engr0,MOTO,CW,0.3,FGSM,0.5,31.39344262295082,35.0,0,57
engr0,MOTO,CW,0.3,FGSM,0.6,31.360655737704917,35.0,0,57
engr0,MOTO,CW,0.3,FGSM,0.7,31.60655737704918,35.0,0,56
engr0,MOTO,CW,0.3,FGSM,0.8,31.491803278688526,35.0,0,56
engr0,MOTO,CW,0.3,FGSM,0.9,31.540983606557376,35.0,0,56
engr0,MOTO,CW,0.3,FGSM,1.0,31.60655737704918,35.0,0,56
engr0,OP3,CW,0.3,FGSM,0.1,1.0655737704918034,0.0,0,9
engr0,OP3,CW,0.3,FGSM,0.2,22.37704918032787,17.0,0,56
engr0,OP3,CW,0.3,FGSM,0.3,30.39344262295082,29.0,0,59
engr0,OP3,CW,0.3,FGSM,0.4,33.278688524590166,37.0,0,59
engr0,OP3,CW,0.3,FGSM,0.5,33.24590163934426,35.0,1,59
engr0,OP3,CW,0.3,FGSM,0.6,33.21311475409836,35.0,1,59
engr0,OP3,CW,0.3,FGSM,0.7,33.09836065573771,35.0,1,59
engr0,OP3,CW,0.3,FGSM,0.8,33.032786885245905,35.0,2,59
engr0,OP3,CW,0.3,FGSM,0.9,33.0,35.0,2,59
engr0,OP3,CW,0.3,FGSM,1.0,32.98360655737705,35.0,2,59
engr0,S7,CW,0.3,FGSM,0.1,2.4098360655737703,2.0,0,11
engr0,S7,CW,0.3,FGSM,0.2,19.721311475409838,11.0,0,57
engr0,S7,CW,0.3,FGSM,0.3,27.9672131147541,28.0,0,56
engr0,S7,CW,0.3,FGSM,0.4,30.098360655737704,33.0,0,57
engr0,S7,CW,0.3,FGSM,0.5,30.57377049180328,35.0,0,56
engr0,S7,CW,0.3,FGSM,0.6,30.65573770491803,35.0,0,56
engr0,S7,CW,0.3,FGSM,0.7,30.60655737704918,34.0,0,56
engr0,S7,CW,0.3,FGSM,0.8,30.81967213114754,33.0,0,56
engr0,S7,CW,0.3,FGSM,0.9,30.80327868852459,33.0,0,56
engr0,S7,CW,0.3,FGSM,1.0,30.81967213114754,33.0,1,56
engr0,BLU,CW,0.4,FGSM,0.1,2.6721311475409837,2.0,0,11
engr0,BLU,CW,0.4,FGSM,0.2,14.540983606557377,7.0,0,56
engr0,BLU,CW,0.4,FGSM,0.3,28.83606557377049,30.0,0,56
engr0,BLU,CW,0.4,FGSM,0.4,31.40983606557377,34.0,0,56
engr0,BLU,CW,0.4,FGSM,0.5,31.770491803278688,34.0,0,56
engr0,BLU,CW,0.4,FGSM,0.6,31.57377049180328,33.0,0,56
engr0,BLU,CW,0.4,FGSM,0.7,31.901639344262296,34.0,0,56
engr0,BLU,CW,0.4,FGSM,0.8,31.901639344262296,34.0,0,56
engr0,BLU,CW,0.4,FGSM,0.9,31.918032786885245,34.0,0,56
engr0,BLU,CW,0.4,FGSM,1.0,31.737704918032787,34.0,0,56
engr0,HTC,CW,0.4,FGSM,0.1,2.9672131147540983,2.0,0,16
engr0,HTC,CW,0.4,FGSM,0.2,11.540983606557377,8.0,0,56
engr0,HTC,CW,0.4,FGSM,0.3,25.0327868852459,21.0,0,57
engr0,HTC,CW,0.4,FGSM,0.4,30.147540983606557,34.0,0,57
engr0,HTC,CW,0.4,FGSM,0.5,30.34426229508197,35.0,0,57
engr0,HTC,CW,0.4,FGSM,0.6,30.19672131147541,34.0,0,57
engr0,HTC,CW,0.4,FGSM,0.7,30.147540983606557,34.0,0,57
engr0,HTC,CW,0.4,FGSM,0.8,29.950819672131146,34.0,0,57
engr0,HTC,CW,0.4,FGSM,0.9,30.049180327868854,34.0,0,57
engr0,HTC,CW,0.4,FGSM,1.0,29.983606557377048,34.0,0,57
engr0,LG,CW,0.4,FGSM,0.1,2.0491803278688523,2.0,0,9
engr0,LG,CW,0.4,FGSM,0.2,9.0,4.0,0,46
engr0,LG,CW,0.4,FGSM,0.3,24.9672131147541,27.0,0,59
engr0,LG,CW,0.4,FGSM,0.4,27.327868852459016,30.0,0,59
engr0,LG,CW,0.4,FGSM,0.5,27.770491803278688,30.0,0,59
engr0,LG,CW,0.4,FGSM,0.6,27.491803278688526,30.0,0,58
engr0,LG,CW,0.4,FGSM,0.7,27.475409836065573,30.0,0,57
engr0,LG,CW,0.4,FGSM,0.8,27.59016393442623,28.0,0,57
engr0,LG,CW,0.4,FGSM,0.9,27.442622950819672,26.0,0,57
engr0,LG,CW,0.4,FGSM,1.0,27.131147540983605,26.0,0,56
engr0,MOTO,CW,0.4,FGSM,0.1,3.721311475409836,1.0,0,34
engr0,MOTO,CW,0.4,FGSM,0.2,23.34426229508197,21.0,0,55
engr0,MOTO,CW,0.4,FGSM,0.3,30.59016393442623,34.0,0,57
engr0,MOTO,CW,0.4,FGSM,0.4,31.262295081967213,35.0,0,57
engr0,MOTO,CW,0.4,FGSM,0.5,31.39344262295082,35.0,0,57
engr0,MOTO,CW,0.4,FGSM,0.6,31.360655737704917,35.0,0,57
engr0,MOTO,CW,0.4,FGSM,0.7,31.60655737704918,35.0,0,56
engr0,MOTO,CW,0.4,FGSM,0.8,31.491803278688526,35.0,0,56
engr0,MOTO,CW,0.4,FGSM,0.9,31.540983606557376,35.0,0,56
engr0,MOTO,CW,0.4,FGSM,1.0,31.60655737704918,35.0,0,56
engr0,OP3,CW,0.4,FGSM,0.1,1.0655737704918034,0.0,0,9
engr0,OP3,CW,0.4,FGSM,0.2,22.37704918032787,17.0,0,56
engr0,OP3,CW,0.4,FGSM,0.3,30.39344262295082,29.0,0,59
engr0,OP3,CW,0.4,FGSM,0.4,33.278688524590166,37.0,0,59
engr0,OP3,CW,0.4,FGSM,0.5,33.24590163934426,35.0,1,59
engr0,OP3,CW,0.4,FGSM,0.6,33.21311475409836,35.0,1,59
engr0,OP3,CW,0.4,FGSM,0.7,33.09836065573771,35.0,1,59
engr0,OP3,CW,0.4,FGSM,0.8,33.032786885245905,35.0,2,59
engr0,OP3,CW,0.4,FGSM,0.9,33.0,35.0,2,59
engr0,OP3,CW,0.4,FGSM,1.0,32.98360655737705,35.0,2,59
engr0,S7,CW,0.4,FGSM,0.1,2.4098360655737703,2.0,0,11
engr0,S7,CW,0.4,FGSM,0.2,19.721311475409838,11.0,0,57
engr0,S7,CW,0.4,FGSM,0.3,27.9672131147541,28.0,0,56
engr0,S7,CW,0.4,FGSM,0.4,30.098360655737704,33.0,0,57
engr0,S7,CW,0.4,FGSM,0.5,30.57377049180328,35.0,0,56
engr0,S7,CW,0.4,FGSM,0.6,30.65573770491803,35.0,0,56
engr0,S7,CW,0.4,FGSM,0.7,30.60655737704918,34.0,0,56
engr0,S7,CW,0.4,FGSM,0.8,30.81967213114754,33.0,0,56
engr0,S7,CW,0.4,FGSM,0.9,30.80327868852459,33.0,0,56
engr0,S7,CW,0.4,FGSM,1.0,30.81967213114754,33.0,1,56
engr0,BLU,CW,0.5,FGSM,0.1,2.6721311475409837,2.0,0,11
engr0,BLU,CW,0.5,FGSM,0.2,14.540983606557377,7.0,0,56
engr0,BLU,CW,0.5,FGSM,0.3,28.83606557377049,30.0,0,56
engr0,BLU,CW,0.5,FGSM,0.4,31.40983606557377,34.0,0,56
engr0,BLU,CW,0.5,FGSM,0.5,31.770491803278688,34.0,0,56
engr0,BLU,CW,0.5,FGSM,0.6,31.57377049180328,33.0,0,56
engr0,BLU,CW,0.5,FGSM,0.7,31.901639344262296,34.0,0,56
engr0,BLU,CW,0.5,FGSM,0.8,31.901639344262296,34.0,0,56
engr0,BLU,CW,0.5,FGSM,0.9,31.918032786885245,34.0,0,56
engr0,BLU,CW,0.5,FGSM,1.0,31.737704918032787,34.0,0,56
engr0,HTC,CW,0.5,FGSM,0.1,2.9672131147540983,2.0,0,16
engr0,HTC,CW,0.5,FGSM,0.2,11.540983606557377,8.0,0,56
engr0,HTC,CW,0.5,FGSM,0.3,25.0327868852459,21.0,0,57
engr0,HTC,CW,0.5,FGSM,0.4,30.147540983606557,34.0,0,57
engr0,HTC,CW,0.5,FGSM,0.5,30.34426229508197,35.0,0,57
engr0,HTC,CW,0.5,FGSM,0.6,30.19672131147541,34.0,0,57
engr0,HTC,CW,0.5,FGSM,0.7,30.147540983606557,34.0,0,57
engr0,HTC,CW,0.5,FGSM,0.8,29.950819672131146,34.0,0,57
engr0,HTC,CW,0.5,FGSM,0.9,30.049180327868854,34.0,0,57
engr0,HTC,CW,0.5,FGSM,1.0,29.983606557377048,34.0,0,57
engr0,LG,CW,0.5,FGSM,0.1,2.0491803278688523,2.0,0,9
engr0,LG,CW,0.5,FGSM,0.2,9.0,4.0,0,46
engr0,LG,CW,0.5,FGSM,0.3,24.9672131147541,27.0,0,59
engr0,LG,CW,0.5,FGSM,0.4,27.327868852459016,30.0,0,59
engr0,LG,CW,0.5,FGSM,0.5,27.770491803278688,30.0,0,59
engr0,LG,CW,0.5,FGSM,0.6,27.491803278688526,30.0,0,58
engr0,LG,CW,0.5,FGSM,0.7,27.475409836065573,30.0,0,57
engr0,LG,CW,0.5,FGSM,0.8,27.59016393442623,28.0,0,57
engr0,LG,CW,0.5,FGSM,0.9,27.442622950819672,26.0,0,57
engr0,LG,CW,0.5,FGSM,1.0,27.131147540983605,26.0,0,56
engr0,MOTO,CW,0.5,FGSM,0.1,3.721311475409836,1.0,0,34
engr0,MOTO,CW,0.5,FGSM,0.2,23.34426229508197,21.0,0,55
engr0,MOTO,CW,0.5,FGSM,0.3,30.59016393442623,34.0,0,57
engr0,MOTO,CW,0.5,FGSM,0.4,31.262295081967213,35.0,0,57
engr0,MOTO,CW,0.5,FGSM,0.5,31.39344262295082,35.0,0,57
engr0,MOTO,CW,0.5,FGSM,0.6,31.360655737704917,35.0,0,57
engr0,MOTO,CW,0.5,FGSM,0.7,31.60655737704918,35.0,0,56
engr0,MOTO,CW,0.5,FGSM,0.8,31.491803278688526,35.0,0,56
engr0,MOTO,CW,0.5,FGSM,0.9,31.540983606557376,35.0,0,56
engr0,MOTO,CW,0.5,FGSM,1.0,31.60655737704918,35.0,0,56
engr0,OP3,CW,0.5,FGSM,0.1,1.0655737704918034,0.0,0,9
engr0,OP3,CW,0.5,FGSM,0.2,22.37704918032787,17.0,0,56
engr0,OP3,CW,0.5,FGSM,0.3,30.39344262295082,29.0,0,59
engr0,OP3,CW,0.5,FGSM,0.4,33.278688524590166,37.0,0,59
engr0,OP3,CW,0.5,FGSM,0.5,33.24590163934426,35.0,1,59
engr0,OP3,CW,0.5,FGSM,0.6,33.21311475409836,35.0,1,59
engr0,OP3,CW,0.5,FGSM,0.7,33.09836065573771,35.0,1,59
engr0,OP3,CW,0.5,FGSM,0.8,33.032786885245905,35.0,2,59
engr0,OP3,CW,0.5,FGSM,0.9,33.0,35.0,2,59
engr0,OP3,CW,0.5,FGSM,1.0,32.98360655737705,35.0,2,59
engr0,S7,CW,0.5,FGSM,0.1,2.4098360655737703,2.0,0,11
engr0,S7,CW,0.5,FGSM,0.2,19.721311475409838,11.0,0,57
engr0,S7,CW,0.5,FGSM,0.3,27.9672131147541,28.0,0,56
engr0,S7,CW,0.5,FGSM,0.4,30.098360655737704,33.0,0,57
engr0,S7,CW,0.5,FGSM,0.5,30.57377049180328,35.0,0,56
engr0,S7,CW,0.5,FGSM,0.6,30.65573770491803,35.0,0,56
engr0,S7,CW,0.5,FGSM,0.7,30.60655737704918,34.0,0,56
engr0,S7,CW,0.5,FGSM,0.8,30.81967213114754,33.0,0,56
engr0,S7,CW,0.5,FGSM,0.9,30.80327868852459,33.0,0,56
engr0,S7,CW,0.5,FGSM,1.0,30.81967213114754,33.0,1,56
engr0,BLU,CW,0.6,FGSM,0.1,2.6721311475409837,2.0,0,11
engr0,BLU,CW,0.6,FGSM,0.2,14.540983606557377,7.0,0,56
engr0,BLU,CW,0.6,FGSM,0.3,28.83606557377049,30.0,0,56
engr0,BLU,CW,0.6,FGSM,0.4,31.40983606557377,34.0,0,56
engr0,BLU,CW,0.6,FGSM,0.5,31.770491803278688,34.0,0,56
engr0,BLU,CW,0.6,FGSM,0.6,31.57377049180328,33.0,0,56
engr0,BLU,CW,0.6,FGSM,0.7,31.901639344262296,34.0,0,56
engr0,BLU,CW,0.6,FGSM,0.8,31.901639344262296,34.0,0,56
engr0,BLU,CW,0.6,FGSM,0.9,31.918032786885245,34.0,0,56
engr0,BLU,CW,0.6,FGSM,1.0,31.737704918032787,34.0,0,56
engr0,HTC,CW,0.6,FGSM,0.1,2.9672131147540983,2.0,0,16
engr0,HTC,CW,0.6,FGSM,0.2,11.540983606557377,8.0,0,56
engr0,HTC,CW,0.6,FGSM,0.3,25.0327868852459,21.0,0,57
engr0,HTC,CW,0.6,FGSM,0.4,30.147540983606557,34.0,0,57
engr0,HTC,CW,0.6,FGSM,0.5,30.34426229508197,35.0,0,57
engr0,HTC,CW,0.6,FGSM,0.6,30.19672131147541,34.0,0,57
engr0,HTC,CW,0.6,FGSM,0.7,30.147540983606557,34.0,0,57
engr0,HTC,CW,0.6,FGSM,0.8,29.950819672131146,34.0,0,57
engr0,HTC,CW,0.6,FGSM,0.9,30.049180327868854,34.0,0,57
engr0,HTC,CW,0.6,FGSM,1.0,29.983606557377048,34.0,0,57
engr0,LG,CW,0.6,FGSM,0.1,2.0491803278688523,2.0,0,9
engr0,LG,CW,0.6,FGSM,0.2,9.0,4.0,0,46
engr0,LG,CW,0.6,FGSM,0.3,24.9672131147541,27.0,0,59
engr0,LG,CW,0.6,FGSM,0.4,27.327868852459016,30.0,0,59
engr0,LG,CW,0.6,FGSM,0.5,27.770491803278688,30.0,0,59
engr0,LG,CW,0.6,FGSM,0.6,27.491803278688526,30.0,0,58
engr0,LG,CW,0.6,FGSM,0.7,27.475409836065573,30.0,0,57
engr0,LG,CW,0.6,FGSM,0.8,27.59016393442623,28.0,0,57
engr0,LG,CW,0.6,FGSM,0.9,27.442622950819672,26.0,0,57
engr0,LG,CW,0.6,FGSM,1.0,27.131147540983605,26.0,0,56
engr0,MOTO,CW,0.6,FGSM,0.1,3.721311475409836,1.0,0,34
engr0,MOTO,CW,0.6,FGSM,0.2,23.34426229508197,21.0,0,55
engr0,MOTO,CW,0.6,FGSM,0.3,30.59016393442623,34.0,0,57
engr0,MOTO,CW,0.6,FGSM,0.4,31.262295081967213,35.0,0,57
engr0,MOTO,CW,0.6,FGSM,0.5,31.39344262295082,35.0,0,57
engr0,MOTO,CW,0.6,FGSM,0.6,31.360655737704917,35.0,0,57
engr0,MOTO,CW,0.6,FGSM,0.7,31.60655737704918,35.0,0,56
engr0,MOTO,CW,0.6,FGSM,0.8,31.491803278688526,35.0,0,56
engr0,MOTO,CW,0.6,FGSM,0.9,31.540983606557376,35.0,0,56
engr0,MOTO,CW,0.6,FGSM,1.0,31.60655737704918,35.0,0,56
engr0,OP3,CW,0.6,FGSM,0.1,1.0655737704918034,0.0,0,9
engr0,OP3,CW,0.6,FGSM,0.2,22.37704918032787,17.0,0,56
engr0,OP3,CW,0.6,FGSM,0.3,30.39344262295082,29.0,0,59
engr0,OP3,CW,0.6,FGSM,0.4,33.278688524590166,37.0,0,59
engr0,OP3,CW,0.6,FGSM,0.5,33.24590163934426,35.0,1,59
engr0,OP3,CW,0.6,FGSM,0.6,33.21311475409836,35.0,1,59
engr0,OP3,CW,0.6,FGSM,0.7,33.09836065573771,35.0,1,59
engr0,OP3,CW,0.6,FGSM,0.8,33.032786885245905,35.0,2,59
engr0,OP3,CW,0.6,FGSM,0.9,33.0,35.0,2,59
engr0,OP3,CW,0.6,FGSM,1.0,32.98360655737705,35.0,2,59
engr0,S7,CW,0.6,FGSM,0.1,2.4098360655737703,2.0,0,11
engr0,S7,CW,0.6,FGSM,0.2,19.721311475409838,11.0,0,57
engr0,S7,CW,0.6,FGSM,0.3,27.9672131147541,28.0,0,56
engr0,S7,CW,0.6,FGSM,0.4,30.098360655737704,33.0,0,57
engr0,S7,CW,0.6,FGSM,0.5,30.57377049180328,35.0,0,56
engr0,S7,CW,0.6,FGSM,0.6,30.65573770491803,35.0,0,56
engr0,S7,CW,0.6,FGSM,0.7,30.60655737704918,34.0,0,56
engr0,S7,CW,0.6,FGSM,0.8,30.81967213114754,33.0,0,56
engr0,S7,CW,0.6,FGSM,0.9,30.80327868852459,33.0,0,56
engr0,S7,CW,0.6,FGSM,1.0,30.81967213114754,33.0,1,56
engr0,BLU,CW,0.7,FGSM,0.1,2.6721311475409837,2.0,0,11
engr0,BLU,CW,0.7,FGSM,0.2,14.540983606557377,7.0,0,56
engr0,BLU,CW,0.7,FGSM,0.3,28.83606557377049,30.0,0,56
engr0,BLU,CW,0.7,FGSM,0.4,31.40983606557377,34.0,0,56
engr0,BLU,CW,0.7,FGSM,0.5,31.770491803278688,34.0,0,56
engr0,BLU,CW,0.7,FGSM,0.6,31.57377049180328,33.0,0,56
engr0,BLU,CW,0.7,FGSM,0.7,31.901639344262296,34.0,0,56
engr0,BLU,CW,0.7,FGSM,0.8,31.901639344262296,34.0,0,56
engr0,BLU,CW,0.7,FGSM,0.9,31.918032786885245,34.0,0,56
engr0,BLU,CW,0.7,FGSM,1.0,31.737704918032787,34.0,0,56
engr0,HTC,CW,0.7,FGSM,0.1,2.9672131147540983,2.0,0,16
engr0,HTC,CW,0.7,FGSM,0.2,11.540983606557377,8.0,0,56
engr0,HTC,CW,0.7,FGSM,0.3,25.0327868852459,21.0,0,57
engr0,HTC,CW,0.7,FGSM,0.4,30.147540983606557,34.0,0,57
engr0,HTC,CW,0.7,FGSM,0.5,30.34426229508197,35.0,0,57
engr0,HTC,CW,0.7,FGSM,0.6,30.19672131147541,34.0,0,57
engr0,HTC,CW,0.7,FGSM,0.7,30.147540983606557,34.0,0,57
engr0,HTC,CW,0.7,FGSM,0.8,29.950819672131146,34.0,0,57
engr0,HTC,CW,0.7,FGSM,0.9,30.049180327868854,34.0,0,57
engr0,HTC,CW,0.7,FGSM,1.0,29.983606557377048,34.0,0,57
engr0,LG,CW,0.7,FGSM,0.1,2.0491803278688523,2.0,0,9
engr0,LG,CW,0.7,FGSM,0.2,9.0,4.0,0,46
engr0,LG,CW,0.7,FGSM,0.3,24.9672131147541,27.0,0,59
engr0,LG,CW,0.7,FGSM,0.4,27.327868852459016,30.0,0,59
engr0,LG,CW,0.7,FGSM,0.5,27.770491803278688,30.0,0,59
engr0,LG,CW,0.7,FGSM,0.6,27.491803278688526,30.0,0,58
engr0,LG,CW,0.7,FGSM,0.7,27.475409836065573,30.0,0,57
engr0,LG,CW,0.7,FGSM,0.8,27.59016393442623,28.0,0,57
engr0,LG,CW,0.7,FGSM,0.9,27.442622950819672,26.0,0,57
engr0,LG,CW,0.7,FGSM,1.0,27.131147540983605,26.0,0,56
engr0,MOTO,CW,0.7,FGSM,0.1,3.721311475409836,1.0,0,34
engr0,MOTO,CW,0.7,FGSM,0.2,23.34426229508197,21.0,0,55
engr0,MOTO,CW,0.7,FGSM,0.3,30.59016393442623,34.0,0,57
engr0,MOTO,CW,0.7,FGSM,0.4,31.262295081967213,35.0,0,57
engr0,MOTO,CW,0.7,FGSM,0.5,31.39344262295082,35.0,0,57
engr0,MOTO,CW,0.7,FGSM,0.6,31.360655737704917,35.0,0,57
engr0,MOTO,CW,0.7,FGSM,0.7,31.60655737704918,35.0,0,56
engr0,MOTO,CW,0.7,FGSM,0.8,31.491803278688526,35.0,0,56
engr0,MOTO,CW,0.7,FGSM,0.9,31.540983606557376,35.0,0,56
engr0,MOTO,CW,0.7,FGSM,1.0,31.60655737704918,35.0,0,56
engr0,OP3,CW,0.7,FGSM,0.1,1.0655737704918034,0.0,0,9
engr0,OP3,CW,0.7,FGSM,0.2,22.37704918032787,17.0,0,56
engr0,OP3,CW,0.7,FGSM,0.3,30.39344262295082,29.0,0,59
engr0,OP3,CW,0.7,FGSM,0.4,33.278688524590166,37.0,0,59
engr0,OP3,CW,0.7,FGSM,0.5,33.24590163934426,35.0,1,59
engr0,OP3,CW,0.7,FGSM,0.6,33.21311475409836,35.0,1,59
engr0,OP3,CW,0.7,FGSM,0.7,33.09836065573771,35.0,1,59
engr0,OP3,CW,0.7,FGSM,0.8,33.032786885245905,35.0,2,59
engr0,OP3,CW,0.7,FGSM,0.9,33.0,35.0,2,59
engr0,OP3,CW,0.7,FGSM,1.0,32.98360655737705,35.0,2,59
engr0,S7,CW,0.7,FGSM,0.1,2.4098360655737703,2.0,0,11
engr0,S7,CW,0.7,FGSM,0.2,19.721311475409838,11.0,0,57
engr0,S7,CW,0.7,FGSM,0.3,27.9672131147541,28.0,0,56
engr0,S7,CW,0.7,FGSM,0.4,30.098360655737704,33.0,0,57
engr0,S7,CW,0.7,FGSM,0.5,30.57377049180328,35.0,0,56
engr0,S7,CW,0.7,FGSM,0.6,30.65573770491803,35.0,0,56
engr0,S7,CW,0.7,FGSM,0.7,30.60655737704918,34.0,0,56
engr0,S7,CW,0.7,FGSM,0.8,30.81967213114754,33.0,0,56
engr0,S7,CW,0.7,FGSM,0.9,30.80327868852459,33.0,0,56
engr0,S7,CW,0.7,FGSM,1.0,30.81967213114754,33.0,1,56
engr0,BLU,CW,0.8,FGSM,0.1,2.6721311475409837,2.0,0,11
engr0,BLU,CW,0.8,FGSM,0.2,14.540983606557377,7.0,0,56
engr0,BLU,CW,0.8,FGSM,0.3,28.83606557377049,30.0,0,56
engr0,BLU,CW,0.8,FGSM,0.4,31.40983606557377,34.0,0,56
engr0,BLU,CW,0.8,FGSM,0.5,31.770491803278688,34.0,0,56
engr0,BLU,CW,0.8,FGSM,0.6,31.57377049180328,33.0,0,56
engr0,BLU,CW,0.8,FGSM,0.7,31.901639344262296,34.0,0,56
engr0,BLU,CW,0.8,FGSM,0.8,31.901639344262296,34.0,0,56
engr0,BLU,CW,0.8,FGSM,0.9,31.918032786885245,34.0,0,56
engr0,BLU,CW,0.8,FGSM,1.0,31.737704918032787,34.0,0,56
engr0,HTC,CW,0.8,FGSM,0.1,2.9672131147540983,2.0,0,16
engr0,HTC,CW,0.8,FGSM,0.2,11.540983606557377,8.0,0,56
engr0,HTC,CW,0.8,FGSM,0.3,25.0327868852459,21.0,0,57
engr0,HTC,CW,0.8,FGSM,0.4,30.147540983606557,34.0,0,57
engr0,HTC,CW,0.8,FGSM,0.5,30.34426229508197,35.0,0,57
engr0,HTC,CW,0.8,FGSM,0.6,30.19672131147541,34.0,0,57
engr0,HTC,CW,0.8,FGSM,0.7,30.147540983606557,34.0,0,57
engr0,HTC,CW,0.8,FGSM,0.8,29.950819672131146,34.0,0,57
engr0,HTC,CW,0.8,FGSM,0.9,30.049180327868854,34.0,0,57
engr0,HTC,CW,0.8,FGSM,1.0,29.983606557377048,34.0,0,57
engr0,LG,CW,0.8,FGSM,0.1,2.0491803278688523,2.0,0,9
engr0,LG,CW,0.8,FGSM,0.2,9.0,4.0,0,46
engr0,LG,CW,0.8,FGSM,0.3,24.9672131147541,27.0,0,59
engr0,LG,CW,0.8,FGSM,0.4,27.327868852459016,30.0,0,59
engr0,LG,CW,0.8,FGSM,0.5,27.770491803278688,30.0,0,59
engr0,LG,CW,0.8,FGSM,0.6,27.491803278688526,30.0,0,58
engr0,LG,CW,0.8,FGSM,0.7,27.475409836065573,30.0,0,57
engr0,LG,CW,0.8,FGSM,0.8,27.59016393442623,28.0,0,57
engr0,LG,CW,0.8,FGSM,0.9,27.442622950819672,26.0,0,57
engr0,LG,CW,0.8,FGSM,1.0,27.131147540983605,26.0,0,56
engr0,MOTO,CW,0.8,FGSM,0.1,3.721311475409836,1.0,0,34
engr0,MOTO,CW,0.8,FGSM,0.2,23.34426229508197,21.0,0,55
engr0,MOTO,CW,0.8,FGSM,0.3,30.59016393442623,34.0,0,57
engr0,MOTO,CW,0.8,FGSM,0.4,31.262295081967213,35.0,0,57
engr0,MOTO,CW,0.8,FGSM,0.5,31.39344262295082,35.0,0,57
engr0,MOTO,CW,0.8,FGSM,0.6,31.360655737704917,35.0,0,57
engr0,MOTO,CW,0.8,FGSM,0.7,31.60655737704918,35.0,0,56
engr0,MOTO,CW,0.8,FGSM,0.8,31.491803278688526,35.0,0,56
engr0,MOTO,CW,0.8,FGSM,0.9,31.540983606557376,35.0,0,56
engr0,MOTO,CW,0.8,FGSM,1.0,31.60655737704918,35.0,0,56
engr0,OP3,CW,0.8,FGSM,0.1,1.0655737704918034,0.0,0,9
engr0,OP3,CW,0.8,FGSM,0.2,22.37704918032787,17.0,0,56
engr0,OP3,CW,0.8,FGSM,0.3,30.39344262295082,29.0,0,59
engr0,OP3,CW,0.8,FGSM,0.4,33.278688524590166,37.0,0,59
engr0,OP3,CW,0.8,FGSM,0.5,33.24590163934426,35.0,1,59
engr0,OP3,CW,0.8,FGSM,0.6,33.21311475409836,35.0,1,59
engr0,OP3,CW,0.8,FGSM,0.7,33.09836065573771,35.0,1,59
engr0,OP3,CW,0.8,FGSM,0.8,33.032786885245905,35.0,2,59
engr0,OP3,CW,0.8,FGSM,0.9,33.0,35.0,2,59
engr0,OP3,CW,0.8,FGSM,1.0,32.98360655737705,35.0,2,59
engr0,S7,CW,0.8,FGSM,0.1,2.4098360655737703,2.0,0,11
engr0,S7,CW,0.8,FGSM,0.2,19.721311475409838,11.0,0,57
engr0,S7,CW,0.8,FGSM,0.3,27.9672131147541,28.0,0,56
engr0,S7,CW,0.8,FGSM,0.4,30.098360655737704,33.0,0,57
engr0,S7,CW,0.8,FGSM,0.5,30.57377049180328,35.0,0,56
engr0,S7,CW,0.8,FGSM,0.6,30.65573770491803,35.0,0,56
engr0,S7,CW,0.8,FGSM,0.7,30.60655737704918,34.0,0,56
engr0,S7,CW,0.8,FGSM,0.8,30.81967213114754,33.0,0,56
engr0,S7,CW,0.8,FGSM,0.9,30.80327868852459,33.0,0,56
engr0,S7,CW,0.8,FGSM,1.0,30.81967213114754,33.0,1,56
engr0,BLU,CW,0.9,FGSM,0.1,2.6721311475409837,2.0,0,11
engr0,BLU,CW,0.9,FGSM,0.2,14.540983606557377,7.0,0,56
engr0,BLU,CW,0.9,FGSM,0.3,28.83606557377049,30.0,0,56
engr0,BLU,CW,0.9,FGSM,0.4,31.40983606557377,34.0,0,56
engr0,BLU,CW,0.9,FGSM,0.5,31.770491803278688,34.0,0,56
engr0,BLU,CW,0.9,FGSM,0.6,31.57377049180328,33.0,0,56
engr0,BLU,CW,0.9,FGSM,0.7,31.901639344262296,34.0,0,56
engr0,BLU,CW,0.9,FGSM,0.8,31.901639344262296,34.0,0,56
engr0,BLU,CW,0.9,FGSM,0.9,31.918032786885245,34.0,0,56
engr0,BLU,CW,0.9,FGSM,1.0,31.737704918032787,34.0,0,56
engr0,HTC,CW,0.9,FGSM,0.1,2.9672131147540983,2.0,0,16
engr0,HTC,CW,0.9,FGSM,0.2,11.540983606557377,8.0,0,56
engr0,HTC,CW,0.9,FGSM,0.3,25.0327868852459,21.0,0,57
engr0,HTC,CW,0.9,FGSM,0.4,30.147540983606557,34.0,0,57
engr0,HTC,CW,0.9,FGSM,0.5,30.34426229508197,35.0,0,57
engr0,HTC,CW,0.9,FGSM,0.6,30.19672131147541,34.0,0,57
engr0,HTC,CW,0.9,FGSM,0.7,30.147540983606557,34.0,0,57
engr0,HTC,CW,0.9,FGSM,0.8,29.950819672131146,34.0,0,57
engr0,HTC,CW,0.9,FGSM,0.9,30.049180327868854,34.0,0,57
engr0,HTC,CW,0.9,FGSM,1.0,29.983606557377048,34.0,0,57
engr0,LG,CW,0.9,FGSM,0.1,2.0491803278688523,2.0,0,9
engr0,LG,CW,0.9,FGSM,0.2,9.0,4.0,0,46
engr0,LG,CW,0.9,FGSM,0.3,24.9672131147541,27.0,0,59
engr0,LG,CW,0.9,FGSM,0.4,27.327868852459016,30.0,0,59
engr0,LG,CW,0.9,FGSM,0.5,27.770491803278688,30.0,0,59
engr0,LG,CW,0.9,FGSM,0.6,27.491803278688526,30.0,0,58
engr0,LG,CW,0.9,FGSM,0.7,27.475409836065573,30.0,0,57
engr0,LG,CW,0.9,FGSM,0.8,27.59016393442623,28.0,0,57
engr0,LG,CW,0.9,FGSM,0.9,27.442622950819672,26.0,0,57
engr0,LG,CW,0.9,FGSM,1.0,27.131147540983605,26.0,0,56
engr0,MOTO,CW,0.9,FGSM,0.1,3.721311475409836,1.0,0,34
engr0,MOTO,CW,0.9,FGSM,0.2,23.34426229508197,21.0,0,55
engr0,MOTO,CW,0.9,FGSM,0.3,30.59016393442623,34.0,0,57
engr0,MOTO,CW,0.9,FGSM,0.4,31.262295081967213,35.0,0,57
engr0,MOTO,CW,0.9,FGSM,0.5,31.39344262295082,35.0,0,57
engr0,MOTO,CW,0.9,FGSM,0.6,31.360655737704917,35.0,0,57
engr0,MOTO,CW,0.9,FGSM,0.7,31.60655737704918,35.0,0,56
engr0,MOTO,CW,0.9,FGSM,0.8,31.491803278688526,35.0,0,56
engr0,MOTO,CW,0.9,FGSM,0.9,31.540983606557376,35.0,0,56
engr0,MOTO,CW,0.9,FGSM,1.0,31.60655737704918,35.0,0,56
engr0,OP3,CW,0.9,FGSM,0.1,1.0655737704918034,0.0,0,9
engr0,OP3,CW,0.9,FGSM,0.2,22.37704918032787,17.0,0,56
engr0,OP3,CW,0.9,FGSM,0.3,30.39344262295082,29.0,0,59
engr0,OP3,CW,0.9,FGSM,0.4,33.278688524590166,37.0,0,59
engr0,OP3,CW,0.9,FGSM,0.5,33.24590163934426,35.0,1,59
engr0,OP3,CW,0.9,FGSM,0.6,33.21311475409836,35.0,1,59
engr0,OP3,CW,0.9,FGSM,0.7,33.09836065573771,35.0,1,59
engr0,OP3,CW,0.9,FGSM,0.8,33.032786885245905,35.0,2,59
engr0,OP3,CW,0.9,FGSM,0.9,33.0,35.0,2,59
engr0,OP3,CW,0.9,FGSM,1.0,32.98360655737705,35.0,2,59
engr0,S7,CW,0.9,FGSM,0.1,2.4098360655737703,2.0,0,11
engr0,S7,CW,0.9,FGSM,0.2,19.721311475409838,11.0,0,57
engr0,S7,CW,0.9,FGSM,0.3,27.9672131147541,28.0,0,56
engr0,S7,CW,0.9,FGSM,0.4,30.098360655737704,33.0,0,57
engr0,S7,CW,0.9,FGSM,0.5,30.57377049180328,35.0,0,56
engr0,S7,CW,0.9,FGSM,0.6,30.65573770491803,35.0,0,56
engr0,S7,CW,0.9,FGSM,0.7,30.60655737704918,34.0,0,56
engr0,S7,CW,0.9,FGSM,0.8,30.81967213114754,33.0,0,56
engr0,S7,CW,0.9,FGSM,0.9,30.80327868852459,33.0,0,56
engr0,S7,CW,0.9,FGSM,1.0,30.81967213114754,33.0,1,56
engr0,BLU,CW,1.0,FGSM,0.1,2.6721311475409837,2.0,0,11
engr0,BLU,CW,1.0,FGSM,0.2,14.540983606557377,7.0,0,56
engr0,BLU,CW,1.0,FGSM,0.3,28.83606557377049,30.0,0,56
engr0,BLU,CW,1.0,FGSM,0.4,31.40983606557377,34.0,0,56
engr0,BLU,CW,1.0,FGSM,0.5,31.770491803278688,34.0,0,56
engr0,BLU,CW,1.0,FGSM,0.6,31.57377049180328,33.0,0,56
engr0,BLU,CW,1.0,FGSM,0.7,31.901639344262296,34.0,0,56
engr0,BLU,CW,1.0,FGSM,0.8,31.901639344262296,34.0,0,56
engr0,BLU,CW,1.0,FGSM,0.9,31.918032786885245,34.0,0,56
engr0,BLU,CW,1.0,FGSM,1.0,31.737704918032787,34.0,0,56
engr0,HTC,CW,1.0,FGSM,0.1,2.9672131147540983,2.0,0,16
engr0,HTC,CW,1.0,FGSM,0.2,11.540983606557377,8.0,0,56
engr0,HTC,CW,1.0,FGSM,0.3,25.0327868852459,21.0,0,57
engr0,HTC,CW,1.0,FGSM,0.4,30.147540983606557,34.0,0,57
engr0,HTC,CW,1.0,FGSM,0.5,30.34426229508197,35.0,0,57
engr0,HTC,CW,1.0,FGSM,0.6,30.19672131147541,34.0,0,57
engr0,HTC,CW,1.0,FGSM,0.7,30.147540983606557,34.0,0,57
engr0,HTC,CW,1.0,FGSM,0.8,29.950819672131146,34.0,0,57
engr0,HTC,CW,1.0,FGSM,0.9,30.049180327868854,34.0,0,57
engr0,HTC,CW,1.0,FGSM,1.0,29.983606557377048,34.0,0,57
engr0,LG,CW,1.0,FGSM,0.1,2.0491803278688523,2.0,0,9
engr0,LG,CW,1.0,FGSM,0.2,9.0,4.0,0,46
engr0,LG,CW,1.0,FGSM,0.3,24.9672131147541,27.0,0,59
engr0,LG,CW,1.0,FGSM,0.4,27.327868852459016,30.0,0,59
engr0,LG,CW,1.0,FGSM,0.5,27.770491803278688,30.0,0,59
engr0,LG,CW,1.0,FGSM,0.6,27.491803278688526,30.0,0,58
engr0,LG,CW,1.0,FGSM,0.7,27.475409836065573,30.0,0,57
engr0,LG,CW,1.0,FGSM,0.8,27.59016393442623,28.0,0,57
engr0,LG,CW,1.0,FGSM,0.9,27.442622950819672,26.0,0,57
engr0,LG,CW,1.0,FGSM,1.0,27.131147540983605,26.0,0,56
engr0,MOTO,CW,1.0,FGSM,0.1,3.721311475409836,1.0,0,34
engr0,MOTO,CW,1.0,FGSM,0.2,23.34426229508197,21.0,0,55
engr0,MOTO,CW,1.0,FGSM,0.3,30.59016393442623,34.0,0,57
engr0,MOTO,CW,1.0,FGSM,0.4,31.262295081967213,35.0,0,57
engr0,MOTO,CW,1.0,FGSM,0.5,31.39344262295082,35.0,0,57
engr0,MOTO,CW,1.0,FGSM,0.6,31.360655737704917,35.0,0,57
engr0,MOTO,CW,1.0,FGSM,0.7,31.60655737704918,35.0,0,56
engr0,MOTO,CW,1.0,FGSM,0.8,31.491803278688526,35.0,0,56
engr0,MOTO,CW,1.0,FGSM,0.9,31.540983606557376,35.0,0,56
engr0,MOTO,CW,1.0,FGSM,1.0,31.60655737704918,35.0,0,56
engr0,OP3,CW,1.0,FGSM,0.1,1.0655737704918034,0.0,0,9
engr0,OP3,CW,1.0,FGSM,0.2,22.37704918032787,17.0,0,56
engr0,OP3,CW,1.0,FGSM,0.3,30.39344262295082,29.0,0,59
engr0,OP3,CW,1.0,FGSM,0.4,33.278688524590166,37.0,0,59
engr0,OP3,CW,1.0,FGSM,0.5,33.24590163934426,35.0,1,59
engr0,OP3,CW,1.0,FGSM,0.6,33.21311475409836,35.0,1,59
engr0,OP3,CW,1.0,FGSM,0.7,33.09836065573771,35.0,1,59
engr0,OP3,CW,1.0,FGSM,0.8,33.032786885245905,35.0,2,59
engr0,OP3,CW,1.0,FGSM,0.9,33.0,35.0,2,59
engr0,OP3,CW,1.0,FGSM,1.0,32.98360655737705,35.0,2,59
engr0,S7,CW,1.0,FGSM,0.1,2.4098360655737703,2.0,0,11
engr0,S7,CW,1.0,FGSM,0.2,19.721311475409838,11.0,0,57
engr0,S7,CW,1.0,FGSM,0.3,27.9672131147541,28.0,0,56
engr0,S7,CW,1.0,FGSM,0.4,30.098360655737704,33.0,0,57
engr0,S7,CW,1.0,FGSM,0.5,30.57377049180328,35.0,0,56
engr0,S7,CW,1.0,FGSM,0.6,30.65573770491803,35.0,0,56
engr0,S7,CW,1.0,FGSM,0.7,30.60655737704918,34.0,0,56
engr0,S7,CW,1.0,FGSM,0.8,30.81967213114754,33.0,0,56
engr0,S7,CW,1.0,FGSM,0.9,30.80327868852459,33.0,0,56
engr0,S7,CW,1.0,FGSM,1.0,30.81967213114754,33.0,1,56
engr0,BLU,ORIGINAL,0.0,PGD,0.1,2.7049180327868854,1.0,0,17
engr0,BLU,ORIGINAL,0.0,PGD,0.2,12.688524590163935,6.0,0,48
engr0,BLU,ORIGINAL,0.0,PGD,0.3,31.049180327868854,36.0,0,57
engr0,BLU,ORIGINAL,0.0,PGD,0.4,32.34426229508197,36.0,0,57
engr0,BLU,ORIGINAL,0.0,PGD,0.5,32.34426229508197,36.0,0,57
engr0,BLU,ORIGINAL,0.0,PGD,0.6,32.34426229508197,36.0,0,57
engr0,BLU,ORIGINAL,0.0,PGD,0.7,32.34426229508197,36.0,0,57
engr0,BLU,ORIGINAL,0.0,PGD,0.8,32.34426229508197,36.0,0,57
engr0,BLU,ORIGINAL,0.0,PGD,0.9,32.34426229508197,36.0,0,57
engr0,BLU,ORIGINAL,0.0,PGD,1.0,32.34426229508197,36.0,0,57
engr0,HTC,ORIGINAL,0.0,PGD,0.1,2.5245901639344264,2.0,0,15
engr0,HTC,ORIGINAL,0.0,PGD,0.2,7.819672131147541,5.0,0,46
engr0,HTC,ORIGINAL,0.0,PGD,0.3,28.459016393442624,32.0,0,57
engr0,HTC,ORIGINAL,0.0,PGD,0.4,29.918032786885245,34.0,0,57
engr0,HTC,ORIGINAL,0.0,PGD,0.5,29.918032786885245,34.0,0,57
engr0,HTC,ORIGINAL,0.0,PGD,0.6,29.918032786885245,34.0,0,57
engr0,HTC,ORIGINAL,0.0,PGD,0.7,29.918032786885245,34.0,0,57
engr0,HTC,ORIGINAL,0.0,PGD,0.8,29.918032786885245,34.0,0,57
engr0,HTC,ORIGINAL,0.0,PGD,0.9,29.918032786885245,34.0,0,57
engr0,HTC,ORIGINAL,0.0,PGD,1.0,29.918032786885245,34.0,0,57
engr0,LG,ORIGINAL,0.0,PGD,0.1,1.8032786885245902,2.0,0,6
engr0,LG,ORIGINAL,0.0,PGD,0.2,6.557377049180328,3.0,0,45
engr0,LG,ORIGINAL,0.0,PGD,0.3,23.62295081967213,19.0,0,59
engr0,LG,ORIGINAL,0.0,PGD,0.4,26.40983606557377,27.0,0,57
engr0,LG,ORIGINAL,0.0,PGD,0.5,26.40983606557377,27.0,0,57
engr0,LG,ORIGINAL,0.0,PGD,0.6,26.40983606557377,27.0,0,57
engr0,LG,ORIGINAL,0.0,PGD,0.7,26.40983606557377,27.0,0,57
engr0,LG,ORIGINAL,0.0,PGD,0.8,26.40983606557377,27.0,0,57
engr0,LG,ORIGINAL,0.0,PGD,0.9,26.40983606557377,27.0,0,57
engr0,LG,ORIGINAL,0.0,PGD,1.0,26.40983606557377,27.0,0,57
engr0,MOTO,ORIGINAL,0.0,PGD,0.1,3.901639344262295,2.0,0,34
engr0,MOTO,ORIGINAL,0.0,PGD,0.2,17.278688524590162,8.0,0,55
engr0,MOTO,ORIGINAL,0.0,PGD,0.3,29.295081967213115,34.0,0,57
engr0,MOTO,ORIGINAL,0.0,PGD,0.4,30.901639344262296,35.0,0,57
engr0,MOTO,ORIGINAL,0.0,PGD,0.5,30.901639344262296,35.0,0,57
engr0,MOTO,ORIGINAL,0.0,PGD,0.6,30.901639344262296,35.0,0,57
engr0,MOTO,ORIGINAL,0.0,PGD,0.7,30.901639344262296,35.0,0,57
engr0,MOTO,ORIGINAL,0.0,PGD,0.8,30.901639344262296,35.0,0,57
engr0,MOTO,ORIGINAL,0.0,PGD,0.9,30.901639344262296,35.0,0,57
engr0,MOTO,ORIGINAL,0.0,PGD,1.0,30.901639344262296,35.0,0,57
engr0,OP3,ORIGINAL,0.0,PGD,0.1,1.540983606557377,1.0,0,9
engr0,OP3,ORIGINAL,0.0,PGD,0.2,20.147540983606557,17.0,0,55
engr0,OP3,ORIGINAL,0.0,PGD,0.3,32.08196721311475,36.0,0,57
engr0,OP3,ORIGINAL,0.0,PGD,0.4,33.09836065573771,37.0,0,57
engr0,OP3,ORIGINAL,0.0,PGD,0.5,33.09836065573771,37.0,0,57
engr0,OP3,ORIGINAL,0.0,PGD,0.6,33.09836065573771,37.0,0,57
engr0,OP3,ORIGINAL,0.0,PGD,0.7,33.09836065573771,37.0,0,57
engr0,OP3,ORIGINAL,0.0,PGD,0.8,33.09836065573771,37.0,0,57
engr0,OP3,ORIGINAL,0.0,PGD,0.9,33.09836065573771,37.0,0,57
engr0,OP3,ORIGINAL,0.0,PGD,1.0,33.09836065573771,37.0,0,57
engr0,S7,ORIGINAL,0.0,PGD,0.1,2.2295081967213113,1.0,0,16
engr0,S7,ORIGINAL,0.0,PGD,0.2,14.672131147540984,7.0,0,54
engr0,S7,ORIGINAL,0.0,PGD,0.3,28.75409836065574,33.0,0,58
engr0,S7,ORIGINAL,0.0,PGD,0.4,30.672131147540984,35.0,0,57
engr0,S7,ORIGINAL,0.0,PGD,0.5,30.672131147540984,35.0,0,57
engr0,S7,ORIGINAL,0.0,PGD,0.6,30.672131147540984,35.0,0,57
engr0,S7,ORIGINAL,0.0,PGD,0.7,30.672131147540984,35.0,0,57
engr0,S7,ORIGINAL,0.0,PGD,0.8,30.672131147540984,35.0,0,57
engr0,S7,ORIGINAL,0.0,PGD,0.9,30.672131147540984,35.0,0,57
engr0,S7,ORIGINAL,0.0,PGD,1.0,30.672131147540984,35.0,0,57
engr0,BLU,ORIGINAL,0.0,PGD,0.1,2.7049180327868854,1.0,0,17
engr0,BLU,ORIGINAL,0.0,PGD,0.2,12.688524590163935,6.0,0,48
engr0,BLU,ORIGINAL,0.0,PGD,0.3,31.049180327868854,36.0,0,57
engr0,BLU,ORIGINAL,0.0,PGD,0.4,32.34426229508197,36.0,0,57
engr0,BLU,ORIGINAL,0.0,PGD,0.5,32.34426229508197,36.0,0,57
engr0,BLU,ORIGINAL,0.0,PGD,0.6,32.34426229508197,36.0,0,57
engr0,BLU,ORIGINAL,0.0,PGD,0.7,32.34426229508197,36.0,0,57
engr0,BLU,ORIGINAL,0.0,PGD,0.8,32.34426229508197,36.0,0,57
engr0,BLU,ORIGINAL,0.0,PGD,0.9,32.34426229508197,36.0,0,57
engr0,BLU,ORIGINAL,0.0,PGD,1.0,32.34426229508197,36.0,0,57
engr0,HTC,ORIGINAL,0.0,PGD,0.1,2.5245901639344264,2.0,0,15
engr0,HTC,ORIGINAL,0.0,PGD,0.2,7.819672131147541,5.0,0,46
engr0,HTC,ORIGINAL,0.0,PGD,0.3,28.459016393442624,32.0,0,57
engr0,HTC,ORIGINAL,0.0,PGD,0.4,29.918032786885245,34.0,0,57
engr0,HTC,ORIGINAL,0.0,PGD,0.5,29.918032786885245,34.0,0,57
engr0,HTC,ORIGINAL,0.0,PGD,0.6,29.918032786885245,34.0,0,57
engr0,HTC,ORIGINAL,0.0,PGD,0.7,29.918032786885245,34.0,0,57
engr0,HTC,ORIGINAL,0.0,PGD,0.8,29.918032786885245,34.0,0,57
engr0,HTC,ORIGINAL,0.0,PGD,0.9,29.918032786885245,34.0,0,57
engr0,HTC,ORIGINAL,0.0,PGD,1.0,29.918032786885245,34.0,0,57
engr0,LG,ORIGINAL,0.0,PGD,0.1,1.8032786885245902,2.0,0,6
engr0,LG,ORIGINAL,0.0,PGD,0.2,6.557377049180328,3.0,0,45
engr0,LG,ORIGINAL,0.0,PGD,0.3,23.62295081967213,19.0,0,59
engr0,LG,ORIGINAL,0.0,PGD,0.4,26.40983606557377,27.0,0,57
engr0,LG,ORIGINAL,0.0,PGD,0.5,26.40983606557377,27.0,0,57
engr0,LG,ORIGINAL,0.0,PGD,0.6,26.40983606557377,27.0,0,57
engr0,LG,ORIGINAL,0.0,PGD,0.7,26.40983606557377,27.0,0,57
engr0,LG,ORIGINAL,0.0,PGD,0.8,26.40983606557377,27.0,0,57
engr0,LG,ORIGINAL,0.0,PGD,0.9,26.40983606557377,27.0,0,57
engr0,LG,ORIGINAL,0.0,PGD,1.0,26.40983606557377,27.0,0,57
engr0,MOTO,ORIGINAL,0.0,PGD,0.1,3.901639344262295,2.0,0,34
engr0,MOTO,ORIGINAL,0.0,PGD,0.2,17.278688524590162,8.0,0,55
engr0,MOTO,ORIGINAL,0.0,PGD,0.3,29.295081967213115,34.0,0,57
engr0,MOTO,ORIGINAL,0.0,PGD,0.4,30.901639344262296,35.0,0,57
engr0,MOTO,ORIGINAL,0.0,PGD,0.5,30.901639344262296,35.0,0,57
engr0,MOTO,ORIGINAL,0.0,PGD,0.6,30.901639344262296,35.0,0,57
engr0,MOTO,ORIGINAL,0.0,PGD,0.7,30.901639344262296,35.0,0,57
engr0,MOTO,ORIGINAL,0.0,PGD,0.8,30.901639344262296,35.0,0,57
engr0,MOTO,ORIGINAL,0.0,PGD,0.9,30.901639344262296,35.0,0,57
engr0,MOTO,ORIGINAL,0.0,PGD,1.0,30.901639344262296,35.0,0,57
engr0,OP3,ORIGINAL,0.0,PGD,0.1,1.540983606557377,1.0,0,9
engr0,OP3,ORIGINAL,0.0,PGD,0.2,20.147540983606557,17.0,0,55
engr0,OP3,ORIGINAL,0.0,PGD,0.3,32.08196721311475,36.0,0,57
engr0,OP3,ORIGINAL,0.0,PGD,0.4,33.09836065573771,37.0,0,57
engr0,OP3,ORIGINAL,0.0,PGD,0.5,33.09836065573771,37.0,0,57
engr0,OP3,ORIGINAL,0.0,PGD,0.6,33.09836065573771,37.0,0,57
engr0,OP3,ORIGINAL,0.0,PGD,0.7,33.09836065573771,37.0,0,57
engr0,OP3,ORIGINAL,0.0,PGD,0.8,33.09836065573771,37.0,0,57
engr0,OP3,ORIGINAL,0.0,PGD,0.9,33.09836065573771,37.0,0,57
engr0,OP3,ORIGINAL,0.0,PGD,1.0,33.09836065573771,37.0,0,57
engr0,S7,ORIGINAL,0.0,PGD,0.1,2.2295081967213113,1.0,0,16
engr0,S7,ORIGINAL,0.0,PGD,0.2,14.672131147540984,7.0,0,54
engr0,S7,ORIGINAL,0.0,PGD,0.3,28.75409836065574,33.0,0,58
engr0,S7,ORIGINAL,0.0,PGD,0.4,30.672131147540984,35.0,0,57
engr0,S7,ORIGINAL,0.0,PGD,0.5,30.672131147540984,35.0,0,57
engr0,S7,ORIGINAL,0.0,PGD,0.6,30.672131147540984,35.0,0,57
engr0,S7,ORIGINAL,0.0,PGD,0.7,30.672131147540984,35.0,0,57
engr0,S7,ORIGINAL,0.0,PGD,0.8,30.672131147540984,35.0,0,57
engr0,S7,ORIGINAL,0.0,PGD,0.9,30.672131147540984,35.0,0,57
engr0,S7,ORIGINAL,0.0,PGD,1.0,30.672131147540984,35.0,0,57
engr0,BLU,ORIGINAL,0.0,PGD,0.1,2.7049180327868854,1.0,0,17
engr0,BLU,ORIGINAL,0.0,PGD,0.2,12.688524590163935,6.0,0,48
engr0,BLU,ORIGINAL,0.0,PGD,0.3,31.049180327868854,36.0,0,57
engr0,BLU,ORIGINAL,0.0,PGD,0.4,32.34426229508197,36.0,0,57
engr0,BLU,ORIGINAL,0.0,PGD,0.5,32.34426229508197,36.0,0,57
engr0,BLU,ORIGINAL,0.0,PGD,0.6,32.34426229508197,36.0,0,57
engr0,BLU,ORIGINAL,0.0,PGD,0.7,32.34426229508197,36.0,0,57
engr0,BLU,ORIGINAL,0.0,PGD,0.8,32.34426229508197,36.0,0,57
engr0,BLU,ORIGINAL,0.0,PGD,0.9,32.34426229508197,36.0,0,57
engr0,BLU,ORIGINAL,0.0,PGD,1.0,32.34426229508197,36.0,0,57
engr0,HTC,ORIGINAL,0.0,PGD,0.1,2.5245901639344264,2.0,0,15
engr0,HTC,ORIGINAL,0.0,PGD,0.2,7.819672131147541,5.0,0,46
engr0,HTC,ORIGINAL,0.0,PGD,0.3,28.459016393442624,32.0,0,57
engr0,HTC,ORIGINAL,0.0,PGD,0.4,29.918032786885245,34.0,0,57
engr0,HTC,ORIGINAL,0.0,PGD,0.5,29.918032786885245,34.0,0,57
engr0,HTC,ORIGINAL,0.0,PGD,0.6,29.918032786885245,34.0,0,57
engr0,HTC,ORIGINAL,0.0,PGD,0.7,29.918032786885245,34.0,0,57
engr0,HTC,ORIGINAL,0.0,PGD,0.8,29.918032786885245,34.0,0,57
engr0,HTC,ORIGINAL,0.0,PGD,0.9,29.918032786885245,34.0,0,57
engr0,HTC,ORIGINAL,0.0,PGD,1.0,29.918032786885245,34.0,0,57
engr0,LG,ORIGINAL,0.0,PGD,0.1,1.8032786885245902,2.0,0,6
engr0,LG,ORIGINAL,0.0,PGD,0.2,6.557377049180328,3.0,0,45
engr0,LG,ORIGINAL,0.0,PGD,0.3,23.62295081967213,19.0,0,59
engr0,LG,ORIGINAL,0.0,PGD,0.4,26.40983606557377,27.0,0,57
engr0,LG,ORIGINAL,0.0,PGD,0.5,26.40983606557377,27.0,0,57
engr0,LG,ORIGINAL,0.0,PGD,0.6,26.40983606557377,27.0,0,57
engr0,LG,ORIGINAL,0.0,PGD,0.7,26.40983606557377,27.0,0,57
engr0,LG,ORIGINAL,0.0,PGD,0.8,26.40983606557377,27.0,0,57
engr0,LG,ORIGINAL,0.0,PGD,0.9,26.40983606557377,27.0,0,57
engr0,LG,ORIGINAL,0.0,PGD,1.0,26.40983606557377,27.0,0,57
engr0,MOTO,ORIGINAL,0.0,PGD,0.1,3.901639344262295,2.0,0,34
engr0,MOTO,ORIGINAL,0.0,PGD,0.2,17.278688524590162,8.0,0,55
engr0,MOTO,ORIGINAL,0.0,PGD,0.3,29.295081967213115,34.0,0,57
engr0,MOTO,ORIGINAL,0.0,PGD,0.4,30.901639344262296,35.0,0,57
engr0,MOTO,ORIGINAL,0.0,PGD,0.5,30.901639344262296,35.0,0,57
engr0,MOTO,ORIGINAL,0.0,PGD,0.6,30.901639344262296,35.0,0,57
engr0,MOTO,ORIGINAL,0.0,PGD,0.7,30.901639344262296,35.0,0,57
engr0,MOTO,ORIGINAL,0.0,PGD,0.8,30.901639344262296,35.0,0,57
engr0,MOTO,ORIGINAL,0.0,PGD,0.9,30.901639344262296,35.0,0,57
engr0,MOTO,ORIGINAL,0.0,PGD,1.0,30.901639344262296,35.0,0,57
engr0,OP3,ORIGINAL,0.0,PGD,0.1,1.540983606557377,1.0,0,9
engr0,OP3,ORIGINAL,0.0,PGD,0.2,20.147540983606557,17.0,0,55
engr0,OP3,ORIGINAL,0.0,PGD,0.3,32.08196721311475,36.0,0,57
engr0,OP3,ORIGINAL,0.0,PGD,0.4,33.09836065573771,37.0,0,57
engr0,OP3,ORIGINAL,0.0,PGD,0.5,33.09836065573771,37.0,0,57
engr0,OP3,ORIGINAL,0.0,PGD,0.6,33.09836065573771,37.0,0,57
engr0,OP3,ORIGINAL,0.0,PGD,0.7,33.09836065573771,37.0,0,57
engr0,OP3,ORIGINAL,0.0,PGD,0.8,33.09836065573771,37.0,0,57
engr0,OP3,ORIGINAL,0.0,PGD,0.9,33.09836065573771,37.0,0,57
engr0,OP3,ORIGINAL,0.0,PGD,1.0,33.09836065573771,37.0,0,57
engr0,S7,ORIGINAL,0.0,PGD,0.1,2.2295081967213113,1.0,0,16
engr0,S7,ORIGINAL,0.0,PGD,0.2,14.672131147540984,7.0,0,54
engr0,S7,ORIGINAL,0.0,PGD,0.3,28.75409836065574,33.0,0,58
engr0,S7,ORIGINAL,0.0,PGD,0.4,30.672131147540984,35.0,0,57
engr0,S7,ORIGINAL,0.0,PGD,0.5,30.672131147540984,35.0,0,57
engr0,S7,ORIGINAL,0.0,PGD,0.6,30.672131147540984,35.0,0,57
engr0,S7,ORIGINAL,0.0,PGD,0.7,30.672131147540984,35.0,0,57
engr0,S7,ORIGINAL,0.0,PGD,0.8,30.672131147540984,35.0,0,57
engr0,S7,ORIGINAL,0.0,PGD,0.9,30.672131147540984,35.0,0,57
engr0,S7,ORIGINAL,0.0,PGD,1.0,30.672131147540984,35.0,0,57
engr0,BLU,ORIGINAL,0.0,PGD,0.1,2.7049180327868854,1.0,0,17
engr0,BLU,ORIGINAL,0.0,PGD,0.2,12.688524590163935,6.0,0,48
engr0,BLU,ORIGINAL,0.0,PGD,0.3,31.049180327868854,36.0,0,57
engr0,BLU,ORIGINAL,0.0,PGD,0.4,32.34426229508197,36.0,0,57
engr0,BLU,ORIGINAL,0.0,PGD,0.5,32.34426229508197,36.0,0,57
engr0,BLU,ORIGINAL,0.0,PGD,0.6,32.34426229508197,36.0,0,57
engr0,BLU,ORIGINAL,0.0,PGD,0.7,32.34426229508197,36.0,0,57
engr0,BLU,ORIGINAL,0.0,PGD,0.8,32.34426229508197,36.0,0,57
engr0,BLU,ORIGINAL,0.0,PGD,0.9,32.34426229508197,36.0,0,57
engr0,BLU,ORIGINAL,0.0,PGD,1.0,32.34426229508197,36.0,0,57
engr0,HTC,ORIGINAL,0.0,PGD,0.1,2.5245901639344264,2.0,0,15
engr0,HTC,ORIGINAL,0.0,PGD,0.2,7.819672131147541,5.0,0,46
engr0,HTC,ORIGINAL,0.0,PGD,0.3,28.459016393442624,32.0,0,57
engr0,HTC,ORIGINAL,0.0,PGD,0.4,29.918032786885245,34.0,0,57
engr0,HTC,ORIGINAL,0.0,PGD,0.5,29.918032786885245,34.0,0,57
engr0,HTC,ORIGINAL,0.0,PGD,0.6,29.918032786885245,34.0,0,57
engr0,HTC,ORIGINAL,0.0,PGD,0.7,29.918032786885245,34.0,0,57
engr0,HTC,ORIGINAL,0.0,PGD,0.8,29.918032786885245,34.0,0,57
engr0,HTC,ORIGINAL,0.0,PGD,0.9,29.918032786885245,34.0,0,57
engr0,HTC,ORIGINAL,0.0,PGD,1.0,29.918032786885245,34.0,0,57
engr0,LG,ORIGINAL,0.0,PGD,0.1,1.8032786885245902,2.0,0,6
engr0,LG,ORIGINAL,0.0,PGD,0.2,6.557377049180328,3.0,0,45
engr0,LG,ORIGINAL,0.0,PGD,0.3,23.62295081967213,19.0,0,59
engr0,LG,ORIGINAL,0.0,PGD,0.4,26.40983606557377,27.0,0,57
engr0,LG,ORIGINAL,0.0,PGD,0.5,26.40983606557377,27.0,0,57
engr0,LG,ORIGINAL,0.0,PGD,0.6,26.40983606557377,27.0,0,57
engr0,LG,ORIGINAL,0.0,PGD,0.7,26.40983606557377,27.0,0,57
engr0,LG,ORIGINAL,0.0,PGD,0.8,26.40983606557377,27.0,0,57
engr0,LG,ORIGINAL,0.0,PGD,0.9,26.40983606557377,27.0,0,57
engr0,LG,ORIGINAL,0.0,PGD,1.0,26.40983606557377,27.0,0,57
engr0,MOTO,ORIGINAL,0.0,PGD,0.1,3.901639344262295,2.0,0,34
engr0,MOTO,ORIGINAL,0.0,PGD,0.2,17.278688524590162,8.0,0,55
engr0,MOTO,ORIGINAL,0.0,PGD,0.3,29.295081967213115,34.0,0,57
engr0,MOTO,ORIGINAL,0.0,PGD,0.4,30.901639344262296,35.0,0,57
engr0,MOTO,ORIGINAL,0.0,PGD,0.5,30.901639344262296,35.0,0,57
engr0,MOTO,ORIGINAL,0.0,PGD,0.6,30.901639344262296,35.0,0,57
engr0,MOTO,ORIGINAL,0.0,PGD,0.7,30.901639344262296,35.0,0,57
engr0,MOTO,ORIGINAL,0.0,PGD,0.8,30.901639344262296,35.0,0,57
engr0,MOTO,ORIGINAL,0.0,PGD,0.9,30.901639344262296,35.0,0,57
engr0,MOTO,ORIGINAL,0.0,PGD,1.0,30.901639344262296,35.0,0,57
engr0,OP3,ORIGINAL,0.0,PGD,0.1,1.540983606557377,1.0,0,9
engr0,OP3,ORIGINAL,0.0,PGD,0.2,20.147540983606557,17.0,0,55
engr0,OP3,ORIGINAL,0.0,PGD,0.3,32.08196721311475,36.0,0,57
engr0,OP3,ORIGINAL,0.0,PGD,0.4,33.09836065573771,37.0,0,57
engr0,OP3,ORIGINAL,0.0,PGD,0.5,33.09836065573771,37.0,0,57
engr0,OP3,ORIGINAL,0.0,PGD,0.6,33.09836065573771,37.0,0,57
engr0,OP3,ORIGINAL,0.0,PGD,0.7,33.09836065573771,37.0,0,57
engr0,OP3,ORIGINAL,0.0,PGD,0.8,33.09836065573771,37.0,0,57
engr0,OP3,ORIGINAL,0.0,PGD,0.9,33.09836065573771,37.0,0,57
engr0,OP3,ORIGINAL,0.0,PGD,1.0,33.09836065573771,37.0,0,57
engr0,S7,ORIGINAL,0.0,PGD,0.1,2.2295081967213113,1.0,0,16
engr0,S7,ORIGINAL,0.0,PGD,0.2,14.672131147540984,7.0,0,54
engr0,S7,ORIGINAL,0.0,PGD,0.3,28.75409836065574,33.0,0,58
engr0,S7,ORIGINAL,0.0,PGD,0.4,30.672131147540984,35.0,0,57
engr0,S7,ORIGINAL,0.0,PGD,0.5,30.672131147540984,35.0,0,57
engr0,S7,ORIGINAL,0.0,PGD,0.6,30.672131147540984,35.0,0,57
engr0,S7,ORIGINAL,0.0,PGD,0.7,30.672131147540984,35.0,0,57
engr0,S7,ORIGINAL,0.0,PGD,0.8,30.672131147540984,35.0,0,57
engr0,S7,ORIGINAL,0.0,PGD,0.9,30.672131147540984,35.0,0,57
engr0,S7,ORIGINAL,0.0,PGD,1.0,30.672131147540984,35.0,0,57
engr0,BLU,ORIGINAL,0.0,PGD,0.1,2.7049180327868854,1.0,0,17
engr0,BLU,ORIGINAL,0.0,PGD,0.2,12.688524590163935,6.0,0,48
engr0,BLU,ORIGINAL,0.0,PGD,0.3,31.049180327868854,36.0,0,57
engr0,BLU,ORIGINAL,0.0,PGD,0.4,32.34426229508197,36.0,0,57
engr0,BLU,ORIGINAL,0.0,PGD,0.5,32.34426229508197,36.0,0,57
engr0,BLU,ORIGINAL,0.0,PGD,0.6,32.34426229508197,36.0,0,57
engr0,BLU,ORIGINAL,0.0,PGD,0.7,32.34426229508197,36.0,0,57
engr0,BLU,ORIGINAL,0.0,PGD,0.8,32.34426229508197,36.0,0,57
engr0,BLU,ORIGINAL,0.0,PGD,0.9,32.34426229508197,36.0,0,57
engr0,BLU,ORIGINAL,0.0,PGD,1.0,32.34426229508197,36.0,0,57
engr0,HTC,ORIGINAL,0.0,PGD,0.1,2.5245901639344264,2.0,0,15
engr0,HTC,ORIGINAL,0.0,PGD,0.2,7.819672131147541,5.0,0,46
engr0,HTC,ORIGINAL,0.0,PGD,0.3,28.459016393442624,32.0,0,57
engr0,HTC,ORIGINAL,0.0,PGD,0.4,29.918032786885245,34.0,0,57
engr0,HTC,ORIGINAL,0.0,PGD,0.5,29.918032786885245,34.0,0,57
engr0,HTC,ORIGINAL,0.0,PGD,0.6,29.918032786885245,34.0,0,57
engr0,HTC,ORIGINAL,0.0,PGD,0.7,29.918032786885245,34.0,0,57
engr0,HTC,ORIGINAL,0.0,PGD,0.8,29.918032786885245,34.0,0,57
engr0,HTC,ORIGINAL,0.0,PGD,0.9,29.918032786885245,34.0,0,57
engr0,HTC,ORIGINAL,0.0,PGD,1.0,29.918032786885245,34.0,0,57
engr0,LG,ORIGINAL,0.0,PGD,0.1,1.8032786885245902,2.0,0,6
engr0,LG,ORIGINAL,0.0,PGD,0.2,6.557377049180328,3.0,0,45
engr0,LG,ORIGINAL,0.0,PGD,0.3,23.62295081967213,19.0,0,59
engr0,LG,ORIGINAL,0.0,PGD,0.4,26.40983606557377,27.0,0,57
engr0,LG,ORIGINAL,0.0,PGD,0.5,26.40983606557377,27.0,0,57
engr0,LG,ORIGINAL,0.0,PGD,0.6,26.40983606557377,27.0,0,57
engr0,LG,ORIGINAL,0.0,PGD,0.7,26.40983606557377,27.0,0,57
engr0,LG,ORIGINAL,0.0,PGD,0.8,26.40983606557377,27.0,0,57
engr0,LG,ORIGINAL,0.0,PGD,0.9,26.40983606557377,27.0,0,57
engr0,LG,ORIGINAL,0.0,PGD,1.0,26.40983606557377,27.0,0,57
engr0,MOTO,ORIGINAL,0.0,PGD,0.1,3.901639344262295,2.0,0,34
engr0,MOTO,ORIGINAL,0.0,PGD,0.2,17.278688524590162,8.0,0,55
engr0,MOTO,ORIGINAL,0.0,PGD,0.3,29.295081967213115,34.0,0,57
engr0,MOTO,ORIGINAL,0.0,PGD,0.4,30.901639344262296,35.0,0,57
engr0,MOTO,ORIGINAL,0.0,PGD,0.5,30.901639344262296,35.0,0,57
engr0,MOTO,ORIGINAL,0.0,PGD,0.6,30.901639344262296,35.0,0,57
engr0,MOTO,ORIGINAL,0.0,PGD,0.7,30.901639344262296,35.0,0,57
engr0,MOTO,ORIGINAL,0.0,PGD,0.8,30.901639344262296,35.0,0,57
engr0,MOTO,ORIGINAL,0.0,PGD,0.9,30.901639344262296,35.0,0,57
engr0,MOTO,ORIGINAL,0.0,PGD,1.0,30.901639344262296,35.0,0,57
engr0,OP3,ORIGINAL,0.0,PGD,0.1,1.540983606557377,1.0,0,9
engr0,OP3,ORIGINAL,0.0,PGD,0.2,20.147540983606557,17.0,0,55
engr0,OP3,ORIGINAL,0.0,PGD,0.3,32.08196721311475,36.0,0,57
engr0,OP3,ORIGINAL,0.0,PGD,0.4,33.09836065573771,37.0,0,57
engr0,OP3,ORIGINAL,0.0,PGD,0.5,33.09836065573771,37.0,0,57
engr0,OP3,ORIGINAL,0.0,PGD,0.6,33.09836065573771,37.0,0,57
engr0,OP3,ORIGINAL,0.0,PGD,0.7,33.09836065573771,37.0,0,57
engr0,OP3,ORIGINAL,0.0,PGD,0.8,33.09836065573771,37.0,0,57
engr0,OP3,ORIGINAL,0.0,PGD,0.9,33.09836065573771,37.0,0,57
engr0,OP3,ORIGINAL,0.0,PGD,1.0,33.09836065573771,37.0,0,57
engr0,S7,ORIGINAL,0.0,PGD,0.1,2.2295081967213113,1.0,0,16
engr0,S7,ORIGINAL,0.0,PGD,0.2,14.672131147540984,7.0,0,54
engr0,S7,ORIGINAL,0.0,PGD,0.3,28.75409836065574,33.0,0,58
engr0,S7,ORIGINAL,0.0,PGD,0.4,30.672131147540984,35.0,0,57
engr0,S7,ORIGINAL,0.0,PGD,0.5,30.672131147540984,35.0,0,57
engr0,S7,ORIGINAL,0.0,PGD,0.6,30.672131147540984,35.0,0,57
engr0,S7,ORIGINAL,0.0,PGD,0.7,30.672131147540984,35.0,0,57
engr0,S7,ORIGINAL,0.0,PGD,0.8,30.672131147540984,35.0,0,57
engr0,S7,ORIGINAL,0.0,PGD,0.9,30.672131147540984,35.0,0,57
engr0,S7,ORIGINAL,0.0,PGD,1.0,30.672131147540984,35.0,0,57
engr0,BLU,ORIGINAL,0.0,PGD,0.1,2.7049180327868854,1.0,0,17
engr0,BLU,ORIGINAL,0.0,PGD,0.2,12.688524590163935,6.0,0,48
engr0,BLU,ORIGINAL,0.0,PGD,0.3,31.049180327868854,36.0,0,57
engr0,BLU,ORIGINAL,0.0,PGD,0.4,32.34426229508197,36.0,0,57
engr0,BLU,ORIGINAL,0.0,PGD,0.5,32.34426229508197,36.0,0,57
engr0,BLU,ORIGINAL,0.0,PGD,0.6,32.34426229508197,36.0,0,57
engr0,BLU,ORIGINAL,0.0,PGD,0.7,32.34426229508197,36.0,0,57
engr0,BLU,ORIGINAL,0.0,PGD,0.8,32.34426229508197,36.0,0,57
engr0,BLU,ORIGINAL,0.0,PGD,0.9,32.34426229508197,36.0,0,57
engr0,BLU,ORIGINAL,0.0,PGD,1.0,32.34426229508197,36.0,0,57
engr0,HTC,ORIGINAL,0.0,PGD,0.1,2.5245901639344264,2.0,0,15
engr0,HTC,ORIGINAL,0.0,PGD,0.2,7.819672131147541,5.0,0,46
engr0,HTC,ORIGINAL,0.0,PGD,0.3,28.459016393442624,32.0,0,57
engr0,HTC,ORIGINAL,0.0,PGD,0.4,29.918032786885245,34.0,0,57
engr0,HTC,ORIGINAL,0.0,PGD,0.5,29.918032786885245,34.0,0,57
engr0,HTC,ORIGINAL,0.0,PGD,0.6,29.918032786885245,34.0,0,57
engr0,HTC,ORIGINAL,0.0,PGD,0.7,29.918032786885245,34.0,0,57
engr0,HTC,ORIGINAL,0.0,PGD,0.8,29.918032786885245,34.0,0,57
engr0,HTC,ORIGINAL,0.0,PGD,0.9,29.918032786885245,34.0,0,57
engr0,HTC,ORIGINAL,0.0,PGD,1.0,29.918032786885245,34.0,0,57
engr0,LG,ORIGINAL,0.0,PGD,0.1,1.8032786885245902,2.0,0,6
engr0,LG,ORIGINAL,0.0,PGD,0.2,6.557377049180328,3.0,0,45
engr0,LG,ORIGINAL,0.0,PGD,0.3,23.62295081967213,19.0,0,59
engr0,LG,ORIGINAL,0.0,PGD,0.4,26.40983606557377,27.0,0,57
engr0,LG,ORIGINAL,0.0,PGD,0.5,26.40983606557377,27.0,0,57
engr0,LG,ORIGINAL,0.0,PGD,0.6,26.40983606557377,27.0,0,57
engr0,LG,ORIGINAL,0.0,PGD,0.7,26.40983606557377,27.0,0,57
engr0,LG,ORIGINAL,0.0,PGD,0.8,26.40983606557377,27.0,0,57
engr0,LG,ORIGINAL,0.0,PGD,0.9,26.40983606557377,27.0,0,57
engr0,LG,ORIGINAL,0.0,PGD,1.0,26.40983606557377,27.0,0,57
engr0,MOTO,ORIGINAL,0.0,PGD,0.1,3.901639344262295,2.0,0,34
engr0,MOTO,ORIGINAL,0.0,PGD,0.2,17.278688524590162,8.0,0,55
engr0,MOTO,ORIGINAL,0.0,PGD,0.3,29.295081967213115,34.0,0,57
engr0,MOTO,ORIGINAL,0.0,PGD,0.4,30.901639344262296,35.0,0,57
engr0,MOTO,ORIGINAL,0.0,PGD,0.5,30.901639344262296,35.0,0,57
engr0,MOTO,ORIGINAL,0.0,PGD,0.6,30.901639344262296,35.0,0,57
engr0,MOTO,ORIGINAL,0.0,PGD,0.7,30.901639344262296,35.0,0,57
engr0,MOTO,ORIGINAL,0.0,PGD,0.8,30.901639344262296,35.0,0,57
engr0,MOTO,ORIGINAL,0.0,PGD,0.9,30.901639344262296,35.0,0,57
engr0,MOTO,ORIGINAL,0.0,PGD,1.0,30.901639344262296,35.0,0,57
engr0,OP3,ORIGINAL,0.0,PGD,0.1,1.540983606557377,1.0,0,9
engr0,OP3,ORIGINAL,0.0,PGD,0.2,20.147540983606557,17.0,0,55
engr0,OP3,ORIGINAL,0.0,PGD,0.3,32.08196721311475,36.0,0,57
engr0,OP3,ORIGINAL,0.0,PGD,0.4,33.09836065573771,37.0,0,57
engr0,OP3,ORIGINAL,0.0,PGD,0.5,33.09836065573771,37.0,0,57
engr0,OP3,ORIGINAL,0.0,PGD,0.6,33.09836065573771,37.0,0,57
engr0,OP3,ORIGINAL,0.0,PGD,0.7,33.09836065573771,37.0,0,57
engr0,OP3,ORIGINAL,0.0,PGD,0.8,33.09836065573771,37.0,0,57
engr0,OP3,ORIGINAL,0.0,PGD,0.9,33.09836065573771,37.0,0,57
engr0,OP3,ORIGINAL,0.0,PGD,1.0,33.09836065573771,37.0,0,57
engr0,S7,ORIGINAL,0.0,PGD,0.1,2.2295081967213113,1.0,0,16
engr0,S7,ORIGINAL,0.0,PGD,0.2,14.672131147540984,7.0,0,54
engr0,S7,ORIGINAL,0.0,PGD,0.3,28.75409836065574,33.0,0,58
engr0,S7,ORIGINAL,0.0,PGD,0.4,30.672131147540984,35.0,0,57
engr0,S7,ORIGINAL,0.0,PGD,0.5,30.672131147540984,35.0,0,57
engr0,S7,ORIGINAL,0.0,PGD,0.6,30.672131147540984,35.0,0,57
engr0,S7,ORIGINAL,0.0,PGD,0.7,30.672131147540984,35.0,0,57
engr0,S7,ORIGINAL,0.0,PGD,0.8,30.672131147540984,35.0,0,57
engr0,S7,ORIGINAL,0.0,PGD,0.9,30.672131147540984,35.0,0,57
engr0,S7,ORIGINAL,0.0,PGD,1.0,30.672131147540984,35.0,0,57
engr0,BLU,ORIGINAL,0.0,PGD,0.1,2.7049180327868854,1.0,0,17
engr0,BLU,ORIGINAL,0.0,PGD,0.2,12.688524590163935,6.0,0,48
engr0,BLU,ORIGINAL,0.0,PGD,0.3,31.049180327868854,36.0,0,57
engr0,BLU,ORIGINAL,0.0,PGD,0.4,32.34426229508197,36.0,0,57
engr0,BLU,ORIGINAL,0.0,PGD,0.5,32.34426229508197,36.0,0,57
engr0,BLU,ORIGINAL,0.0,PGD,0.6,32.34426229508197,36.0,0,57
engr0,BLU,ORIGINAL,0.0,PGD,0.7,32.34426229508197,36.0,0,57
engr0,BLU,ORIGINAL,0.0,PGD,0.8,32.34426229508197,36.0,0,57
engr0,BLU,ORIGINAL,0.0,PGD,0.9,32.34426229508197,36.0,0,57
engr0,BLU,ORIGINAL,0.0,PGD,1.0,32.34426229508197,36.0,0,57
engr0,HTC,ORIGINAL,0.0,PGD,0.1,2.5245901639344264,2.0,0,15
engr0,HTC,ORIGINAL,0.0,PGD,0.2,7.819672131147541,5.0,0,46
engr0,HTC,ORIGINAL,0.0,PGD,0.3,28.459016393442624,32.0,0,57
engr0,HTC,ORIGINAL,0.0,PGD,0.4,29.918032786885245,34.0,0,57
engr0,HTC,ORIGINAL,0.0,PGD,0.5,29.918032786885245,34.0,0,57
engr0,HTC,ORIGINAL,0.0,PGD,0.6,29.918032786885245,34.0,0,57
engr0,HTC,ORIGINAL,0.0,PGD,0.7,29.918032786885245,34.0,0,57
engr0,HTC,ORIGINAL,0.0,PGD,0.8,29.918032786885245,34.0,0,57
engr0,HTC,ORIGINAL,0.0,PGD,0.9,29.918032786885245,34.0,0,57
engr0,HTC,ORIGINAL,0.0,PGD,1.0,29.918032786885245,34.0,0,57
engr0,LG,ORIGINAL,0.0,PGD,0.1,1.8032786885245902,2.0,0,6
engr0,LG,ORIGINAL,0.0,PGD,0.2,6.557377049180328,3.0,0,45
engr0,LG,ORIGINAL,0.0,PGD,0.3,23.62295081967213,19.0,0,59
engr0,LG,ORIGINAL,0.0,PGD,0.4,26.40983606557377,27.0,0,57
engr0,LG,ORIGINAL,0.0,PGD,0.5,26.40983606557377,27.0,0,57
engr0,LG,ORIGINAL,0.0,PGD,0.6,26.40983606557377,27.0,0,57
engr0,LG,ORIGINAL,0.0,PGD,0.7,26.40983606557377,27.0,0,57
engr0,LG,ORIGINAL,0.0,PGD,0.8,26.40983606557377,27.0,0,57
engr0,LG,ORIGINAL,0.0,PGD,0.9,26.40983606557377,27.0,0,57
engr0,LG,ORIGINAL,0.0,PGD,1.0,26.40983606557377,27.0,0,57
engr0,MOTO,ORIGINAL,0.0,PGD,0.1,3.901639344262295,2.0,0,34
engr0,MOTO,ORIGINAL,0.0,PGD,0.2,17.278688524590162,8.0,0,55
engr0,MOTO,ORIGINAL,0.0,PGD,0.3,29.295081967213115,34.0,0,57
engr0,MOTO,ORIGINAL,0.0,PGD,0.4,30.901639344262296,35.0,0,57
engr0,MOTO,ORIGINAL,0.0,PGD,0.5,30.901639344262296,35.0,0,57
engr0,MOTO,ORIGINAL,0.0,PGD,0.6,30.901639344262296,35.0,0,57
engr0,MOTO,ORIGINAL,0.0,PGD,0.7,30.901639344262296,35.0,0,57
engr0,MOTO,ORIGINAL,0.0,PGD,0.8,30.901639344262296,35.0,0,57
engr0,MOTO,ORIGINAL,0.0,PGD,0.9,30.901639344262296,35.0,0,57
engr0,MOTO,ORIGINAL,0.0,PGD,1.0,30.901639344262296,35.0,0,57
engr0,OP3,ORIGINAL,0.0,PGD,0.1,1.540983606557377,1.0,0,9
engr0,OP3,ORIGINAL,0.0,PGD,0.2,20.147540983606557,17.0,0,55
engr0,OP3,ORIGINAL,0.0,PGD,0.3,32.08196721311475,36.0,0,57
engr0,OP3,ORIGINAL,0.0,PGD,0.4,33.09836065573771,37.0,0,57
engr0,OP3,ORIGINAL,0.0,PGD,0.5,33.09836065573771,37.0,0,57
engr0,OP3,ORIGINAL,0.0,PGD,0.6,33.09836065573771,37.0,0,57
engr0,OP3,ORIGINAL,0.0,PGD,0.7,33.09836065573771,37.0,0,57
engr0,OP3,ORIGINAL,0.0,PGD,0.8,33.09836065573771,37.0,0,57
engr0,OP3,ORIGINAL,0.0,PGD,0.9,33.09836065573771,37.0,0,57
engr0,OP3,ORIGINAL,0.0,PGD,1.0,33.09836065573771,37.0,0,57
engr0,S7,ORIGINAL,0.0,PGD,0.1,2.2295081967213113,1.0,0,16
engr0,S7,ORIGINAL,0.0,PGD,0.2,14.672131147540984,7.0,0,54
engr0,S7,ORIGINAL,0.0,PGD,0.3,28.75409836065574,33.0,0,58
engr0,S7,ORIGINAL,0.0,PGD,0.4,30.672131147540984,35.0,0,57
engr0,S7,ORIGINAL,0.0,PGD,0.5,30.672131147540984,35.0,0,57
engr0,S7,ORIGINAL,0.0,PGD,0.6,30.672131147540984,35.0,0,57
engr0,S7,ORIGINAL,0.0,PGD,0.7,30.672131147540984,35.0,0,57
engr0,S7,ORIGINAL,0.0,PGD,0.8,30.672131147540984,35.0,0,57
engr0,S7,ORIGINAL,0.0,PGD,0.9,30.672131147540984,35.0,0,57
engr0,S7,ORIGINAL,0.0,PGD,1.0,30.672131147540984,35.0,0,57
engr0,BLU,ORIGINAL,0.0,PGD,0.1,2.7049180327868854,1.0,0,17
engr0,BLU,ORIGINAL,0.0,PGD,0.2,12.688524590163935,6.0,0,48
engr0,BLU,ORIGINAL,0.0,PGD,0.3,31.049180327868854,36.0,0,57
engr0,BLU,ORIGINAL,0.0,PGD,0.4,32.34426229508197,36.0,0,57
engr0,BLU,ORIGINAL,0.0,PGD,0.5,32.34426229508197,36.0,0,57
engr0,BLU,ORIGINAL,0.0,PGD,0.6,32.34426229508197,36.0,0,57
engr0,BLU,ORIGINAL,0.0,PGD,0.7,32.34426229508197,36.0,0,57
engr0,BLU,ORIGINAL,0.0,PGD,0.8,32.34426229508197,36.0,0,57
engr0,BLU,ORIGINAL,0.0,PGD,0.9,32.34426229508197,36.0,0,57
engr0,BLU,ORIGINAL,0.0,PGD,1.0,32.34426229508197,36.0,0,57
engr0,HTC,ORIGINAL,0.0,PGD,0.1,2.5245901639344264,2.0,0,15
engr0,HTC,ORIGINAL,0.0,PGD,0.2,7.819672131147541,5.0,0,46
engr0,HTC,ORIGINAL,0.0,PGD,0.3,28.459016393442624,32.0,0,57
engr0,HTC,ORIGINAL,0.0,PGD,0.4,29.918032786885245,34.0,0,57
engr0,HTC,ORIGINAL,0.0,PGD,0.5,29.918032786885245,34.0,0,57
engr0,HTC,ORIGINAL,0.0,PGD,0.6,29.918032786885245,34.0,0,57
engr0,HTC,ORIGINAL,0.0,PGD,0.7,29.918032786885245,34.0,0,57
engr0,HTC,ORIGINAL,0.0,PGD,0.8,29.918032786885245,34.0,0,57
engr0,HTC,ORIGINAL,0.0,PGD,0.9,29.918032786885245,34.0,0,57
engr0,HTC,ORIGINAL,0.0,PGD,1.0,29.918032786885245,34.0,0,57
engr0,LG,ORIGINAL,0.0,PGD,0.1,1.8032786885245902,2.0,0,6
engr0,LG,ORIGINAL,0.0,PGD,0.2,6.557377049180328,3.0,0,45
engr0,LG,ORIGINAL,0.0,PGD,0.3,23.62295081967213,19.0,0,59
engr0,LG,ORIGINAL,0.0,PGD,0.4,26.40983606557377,27.0,0,57
engr0,LG,ORIGINAL,0.0,PGD,0.5,26.40983606557377,27.0,0,57
engr0,LG,ORIGINAL,0.0,PGD,0.6,26.40983606557377,27.0,0,57
engr0,LG,ORIGINAL,0.0,PGD,0.7,26.40983606557377,27.0,0,57
engr0,LG,ORIGINAL,0.0,PGD,0.8,26.40983606557377,27.0,0,57
engr0,LG,ORIGINAL,0.0,PGD,0.9,26.40983606557377,27.0,0,57
engr0,LG,ORIGINAL,0.0,PGD,1.0,26.40983606557377,27.0,0,57
engr0,MOTO,ORIGINAL,0.0,PGD,0.1,3.901639344262295,2.0,0,34
engr0,MOTO,ORIGINAL,0.0,PGD,0.2,17.278688524590162,8.0,0,55
engr0,MOTO,ORIGINAL,0.0,PGD,0.3,29.295081967213115,34.0,0,57
engr0,MOTO,ORIGINAL,0.0,PGD,0.4,30.901639344262296,35.0,0,57
engr0,MOTO,ORIGINAL,0.0,PGD,0.5,30.901639344262296,35.0,0,57
engr0,MOTO,ORIGINAL,0.0,PGD,0.6,30.901639344262296,35.0,0,57
engr0,MOTO,ORIGINAL,0.0,PGD,0.7,30.901639344262296,35.0,0,57
engr0,MOTO,ORIGINAL,0.0,PGD,0.8,30.901639344262296,35.0,0,57
engr0,MOTO,ORIGINAL,0.0,PGD,0.9,30.901639344262296,35.0,0,57
engr0,MOTO,ORIGINAL,0.0,PGD,1.0,30.901639344262296,35.0,0,57
engr0,OP3,ORIGINAL,0.0,PGD,0.1,1.540983606557377,1.0,0,9
engr0,OP3,ORIGINAL,0.0,PGD,0.2,20.147540983606557,17.0,0,55
engr0,OP3,ORIGINAL,0.0,PGD,0.3,32.08196721311475,36.0,0,57
engr0,OP3,ORIGINAL,0.0,PGD,0.4,33.09836065573771,37.0,0,57
engr0,OP3,ORIGINAL,0.0,PGD,0.5,33.09836065573771,37.0,0,57
engr0,OP3,ORIGINAL,0.0,PGD,0.6,33.09836065573771,37.0,0,57
engr0,OP3,ORIGINAL,0.0,PGD,0.7,33.09836065573771,37.0,0,57
engr0,OP3,ORIGINAL,0.0,PGD,0.8,33.09836065573771,37.0,0,57
engr0,OP3,ORIGINAL,0.0,PGD,0.9,33.09836065573771,37.0,0,57
engr0,OP3,ORIGINAL,0.0,PGD,1.0,33.09836065573771,37.0,0,57
engr0,S7,ORIGINAL,0.0,PGD,0.1,2.2295081967213113,1.0,0,16
engr0,S7,ORIGINAL,0.0,PGD,0.2,14.672131147540984,7.0,0,54
engr0,S7,ORIGINAL,0.0,PGD,0.3,28.75409836065574,33.0,0,58
engr0,S7,ORIGINAL,0.0,PGD,0.4,30.672131147540984,35.0,0,57
engr0,S7,ORIGINAL,0.0,PGD,0.5,30.672131147540984,35.0,0,57
engr0,S7,ORIGINAL,0.0,PGD,0.6,30.672131147540984,35.0,0,57
engr0,S7,ORIGINAL,0.0,PGD,0.7,30.672131147540984,35.0,0,57
engr0,S7,ORIGINAL,0.0,PGD,0.8,30.672131147540984,35.0,0,57
engr0,S7,ORIGINAL,0.0,PGD,0.9,30.672131147540984,35.0,0,57
engr0,S7,ORIGINAL,0.0,PGD,1.0,30.672131147540984,35.0,0,57
engr0,BLU,ORIGINAL,0.0,PGD,0.1,2.7049180327868854,1.0,0,17
engr0,BLU,ORIGINAL,0.0,PGD,0.2,12.688524590163935,6.0,0,48
engr0,BLU,ORIGINAL,0.0,PGD,0.3,31.049180327868854,36.0,0,57
engr0,BLU,ORIGINAL,0.0,PGD,0.4,32.34426229508197,36.0,0,57
engr0,BLU,ORIGINAL,0.0,PGD,0.5,32.34426229508197,36.0,0,57
engr0,BLU,ORIGINAL,0.0,PGD,0.6,32.34426229508197,36.0,0,57
engr0,BLU,ORIGINAL,0.0,PGD,0.7,32.34426229508197,36.0,0,57
engr0,BLU,ORIGINAL,0.0,PGD,0.8,32.34426229508197,36.0,0,57
engr0,BLU,ORIGINAL,0.0,PGD,0.9,32.34426229508197,36.0,0,57
engr0,BLU,ORIGINAL,0.0,PGD,1.0,32.34426229508197,36.0,0,57
engr0,HTC,ORIGINAL,0.0,PGD,0.1,2.5245901639344264,2.0,0,15
engr0,HTC,ORIGINAL,0.0,PGD,0.2,7.819672131147541,5.0,0,46
engr0,HTC,ORIGINAL,0.0,PGD,0.3,28.459016393442624,32.0,0,57
engr0,HTC,ORIGINAL,0.0,PGD,0.4,29.918032786885245,34.0,0,57
engr0,HTC,ORIGINAL,0.0,PGD,0.5,29.918032786885245,34.0,0,57
engr0,HTC,ORIGINAL,0.0,PGD,0.6,29.918032786885245,34.0,0,57
engr0,HTC,ORIGINAL,0.0,PGD,0.7,29.918032786885245,34.0,0,57
engr0,HTC,ORIGINAL,0.0,PGD,0.8,29.918032786885245,34.0,0,57
engr0,HTC,ORIGINAL,0.0,PGD,0.9,29.918032786885245,34.0,0,57
engr0,HTC,ORIGINAL,0.0,PGD,1.0,29.918032786885245,34.0,0,57
engr0,LG,ORIGINAL,0.0,PGD,0.1,1.8032786885245902,2.0,0,6
engr0,LG,ORIGINAL,0.0,PGD,0.2,6.557377049180328,3.0,0,45
engr0,LG,ORIGINAL,0.0,PGD,0.3,23.62295081967213,19.0,0,59
engr0,LG,ORIGINAL,0.0,PGD,0.4,26.40983606557377,27.0,0,57
engr0,LG,ORIGINAL,0.0,PGD,0.5,26.40983606557377,27.0,0,57
engr0,LG,ORIGINAL,0.0,PGD,0.6,26.40983606557377,27.0,0,57
engr0,LG,ORIGINAL,0.0,PGD,0.7,26.40983606557377,27.0,0,57
engr0,LG,ORIGINAL,0.0,PGD,0.8,26.40983606557377,27.0,0,57
engr0,LG,ORIGINAL,0.0,PGD,0.9,26.40983606557377,27.0,0,57
engr0,LG,ORIGINAL,0.0,PGD,1.0,26.40983606557377,27.0,0,57
engr0,MOTO,ORIGINAL,0.0,PGD,0.1,3.901639344262295,2.0,0,34
engr0,MOTO,ORIGINAL,0.0,PGD,0.2,17.278688524590162,8.0,0,55
engr0,MOTO,ORIGINAL,0.0,PGD,0.3,29.295081967213115,34.0,0,57
engr0,MOTO,ORIGINAL,0.0,PGD,0.4,30.901639344262296,35.0,0,57
engr0,MOTO,ORIGINAL,0.0,PGD,0.5,30.901639344262296,35.0,0,57
engr0,MOTO,ORIGINAL,0.0,PGD,0.6,30.901639344262296,35.0,0,57
engr0,MOTO,ORIGINAL,0.0,PGD,0.7,30.901639344262296,35.0,0,57
engr0,MOTO,ORIGINAL,0.0,PGD,0.8,30.901639344262296,35.0,0,57
engr0,MOTO,ORIGINAL,0.0,PGD,0.9,30.901639344262296,35.0,0,57
engr0,MOTO,ORIGINAL,0.0,PGD,1.0,30.901639344262296,35.0,0,57
engr0,OP3,ORIGINAL,0.0,PGD,0.1,1.540983606557377,1.0,0,9
engr0,OP3,ORIGINAL,0.0,PGD,0.2,20.147540983606557,17.0,0,55
engr0,OP3,ORIGINAL,0.0,PGD,0.3,32.08196721311475,36.0,0,57
engr0,OP3,ORIGINAL,0.0,PGD,0.4,33.09836065573771,37.0,0,57
engr0,OP3,ORIGINAL,0.0,PGD,0.5,33.09836065573771,37.0,0,57
engr0,OP3,ORIGINAL,0.0,PGD,0.6,33.09836065573771,37.0,0,57
engr0,OP3,ORIGINAL,0.0,PGD,0.7,33.09836065573771,37.0,0,57
engr0,OP3,ORIGINAL,0.0,PGD,0.8,33.09836065573771,37.0,0,57
engr0,OP3,ORIGINAL,0.0,PGD,0.9,33.09836065573771,37.0,0,57
engr0,OP3,ORIGINAL,0.0,PGD,1.0,33.09836065573771,37.0,0,57
engr0,S7,ORIGINAL,0.0,PGD,0.1,2.2295081967213113,1.0,0,16
engr0,S7,ORIGINAL,0.0,PGD,0.2,14.672131147540984,7.0,0,54
engr0,S7,ORIGINAL,0.0,PGD,0.3,28.75409836065574,33.0,0,58
engr0,S7,ORIGINAL,0.0,PGD,0.4,30.672131147540984,35.0,0,57
engr0,S7,ORIGINAL,0.0,PGD,0.5,30.672131147540984,35.0,0,57
engr0,S7,ORIGINAL,0.0,PGD,0.6,30.672131147540984,35.0,0,57
engr0,S7,ORIGINAL,0.0,PGD,0.7,30.672131147540984,35.0,0,57
engr0,S7,ORIGINAL,0.0,PGD,0.8,30.672131147540984,35.0,0,57
engr0,S7,ORIGINAL,0.0,PGD,0.9,30.672131147540984,35.0,0,57
engr0,S7,ORIGINAL,0.0,PGD,1.0,30.672131147540984,35.0,0,57
